ITI.started,ITI.stopped,ITI_length,ITI_prc.started,ITI_prc.stopped,block,break_3.started,break_3.stopped,breaks_instruction.started,breaks_instruction.stopped,concept,concept_num,concept_num_word,continue_button.duration,continue_button.keys,continue_button.rt,continue_button.started,continue_button_3.duration,continue_button_3.keys,continue_button_3.rt,continue_button_3.started,continue_button_4.duration,continue_button_4.keys,continue_button_4.rt,continue_button_4.started,continue_button_6.duration,continue_button_6.keys,continue_button_6.rt,continue_button_6.started,continue_button_7.duration,continue_button_7.keys,continue_button_7.rt,continue_button_7.started,continue_button_8.duration,continue_button_8.keys,continue_button_8.rt,continue_button_8.started,continue_button_9.duration,continue_button_9.keys,continue_button_9.rt,continue_button_9.started,continue_button_break.duration,continue_button_break.keys,continue_button_break.rt,continue_button_break.started,correct_response,date,exemplar_num,expName,expStart,expVersion,fix_cross.started,fix_cross_2.started,fix_cross_2.stopped,fix_cross_2_prc.started,fix_cross_2_prc.stopped,fix_cross_prc.started,frameRate,image.started,image.stopped,image_prc.started,image_prc.stopped,image_pres.started,image_pres.stopped,image_pres_prc.started,image_pres_prc.stopped,image_shown,instruction_continuebreak.started,instruction_end.started,instruction_part1.started,instruction_part2.started,instruction_part3.started,instruction_part4.started,instruction_startexp.started,instruction_startexp_2.started,instructions.started,instructions.stopped,instructions_02.started,instructions_02.stopped,instructions_03.started,instructions_03.stopped,instructions_04.started,instructions_04.stopped,instructions_end.started,instructions_end.stopped,instructions_startexp.started,instructions_startexp.stopped,instructions_startexp_02.started,instructions_startexp_02.stopped,is_buffer,is_mismatch,is_prompt,key_resp.duration,key_resp.keys,key_resp.rt,key_resp.started,key_resp_prc.keys,key_resp_prc.started,key_resp_prc.stopped,match_idx,nonmatch_pres_side,notes,participant,progress_bar_breaks.started,progress_bar_breaks.stopped,psychopyVersion,settings.started,settings.stopped,show_word,sound_pres.started,sound_pres.stopped,sound_pres_prc.started,sound_pres_prc.stopped,source_sequence,source_sequence_position,spoken_word.started,spoken_word.stopped,spoken_word_prc.started,spoken_word_prc.stopped,thisN,thisRepN,thisRow.t,thisTrialN,trial_in_block,trial_type,trials.continue_button_break.duration,trials.continue_button_break.keys,trials.continue_button_break.rt,trials.key_resp.duration,trials.key_resp.keys,trials.key_resp.rt,trials.thisIndex,trials.thisN,trials.thisRepN,trials.thisTrialN,trials_practice.key_resp_prc.keys,trials_practice.thisIndex,trials_practice.thisN,trials_practice.thisRepN,trials_practice.thisTrialN,word_shown_english,word_shown_french,word_shown_german,
,,,,,,,,,,,,,,,,,,,,,,,,,,,,,,,,,,,,,,,,,,,,,,2026-08-24_21h21.25.115,,TSRlearn_localizer-concepts,2026-08-24 21h21.26.458819 +0200,,,,,,,,60.01601227522506,,,,,,,,,,,,,,,,,,,,,,,,,,,,,,,,,,,,,,,,,,,,,0,,,2025.2.4,0.02598610002314672,0.026288900000508875,,,,,,,,,,,,,,,,,,,,,,,,,,,,,,,,,,,,
,,,,,,,,,,,,,0.10785070003475994,r,0.6961764000006951,0.5379362000385299,,,,,,,,,,,,,,,,,,,,,,,,,,,,,,2026-08-24_21h21.25.115,,TSRlearn_localizer-concepts,2026-08-24 21h21.26.458819 +0200,,,,,,,,60.01601227522506,,,,,,,,,,,,0.055220400041434914,,,,,,0.04843830002937466,1.3567152000032365,,,,,,,,,,,,,,,,,,,,,,,,,,0,,,2025.2.4,,,,,,,,,,,,,,,,,,,,,,,,,,,,,,,,,,,,,,
,,,,,,,,,,,,,,,,,0.13970589998643845,r,0.07220990001223981,1.8711624000570737,,,,,,,,,,,,,,,,,,,,,,,,,,2026-08-24_21h21.25.115,,TSRlearn_localizer-concepts,2026-08-24 21h21.26.458819 +0200,,,,,,,,60.01601227522506,,,,,,,,,,,,,1.371297100035008,,,,,,,1.360988800006453,2.090040700044483,,,,,,,,,,,,,,,,,,,,,,,,0,,,2025.2.4,,,,,,,,,,,,,,,,,,,,,,,,,,,,,,,,,,,,,,
,,,,,,,,,,,,,,,,,,,,,0.1509640000294894,r,0.15376800001831725,2.60414450004464,,,,,,,,,,,,,,,,,,,,,,2026-08-24_21h21.25.115,,TSRlearn_localizer-concepts,2026-08-24 21h21.26.458819 +0200,,,,,,,,60.01601227522506,,,,,,,,,,,,,,2.1031560000265017,,,,,,,,2.0991994000505656,2.921848200028762,,,,,,,,,,,,,,,,,,,,,,0,,,2025.2.4,,,,,,,,,,,,,,,,,,,,,,,,,,,,,,,,,,,,,,
,,,,,,,,,,,,,,,,,,,,,,,,,,,,,,,,,,,,,0.3630657999892719,r,0.746440100017935,3.4199268000083975,,,,,,2026-08-24_21h21.25.115,,TSRlearn_localizer-concepts,2026-08-24 21h21.26.458819 +0200,,,,,,,,60.01601227522506,,,,,,,,,,,,,,,2.9365896000526845,,,,,,,,,2.928142100048717,3.7223685000208206,,,,,,,,,,,,,,,,,,,,0,,,2025.2.4,,,,,,,,,,,,,,,,,,,,,,,,,,,,,,,,,,,,,,
,,0.75,6.122081200010143,6.870945400034543,,,,,,,,,,,,,,,,,,,,,,,,,,,,,,,,,,,,,,,,,y,2026-08-24_21h21.25.115,,TSRlearn_localizer-concepts,2026-08-24 21h21.26.458819 +0200,,,,,6.136448200035375,6.904169700050261,4.653156900021713,60.01601227522506,,,3.8623615000396967,4.653156900021713,,,3.827743300003931,4.605664000031538,anchor.jpg,,,,,,,,,,,,,,,,,,,,,,,,,,,,,,None,4.653156900021713,,1,right,,0,,,2025.2.4,,,,,,4.636935900023673,6.122042900009546,,,,,4.653473700000904,5.219968700024765,0,0,2026-08-24_21:21:30.296561,0,,,,,,,,,,,,,None,0,0,0,0,anchor,ancre,Anker,
,,0.89,9.170304300030693,10.069839800009504,,,,,,,,,,,,,,,,,,,,,,,,,,,,,,,,,,,,,,,,,r,2026-08-24_21h21.25.115,,TSRlearn_localizer-concepts,2026-08-24 21h21.26.458819 +0200,,,,,9.18586080003297,10.103137300000526,7.670503800036386,60.01601227522506,,,6.904169700050261,7.670503800036386,,,6.897089700039942,7.6546866000280716,ant.jpg,,,,,,,,,,,,,,,,,,,,,,,,,,,,,,None,7.670503800036386,9.18586080003297,1,left,,0,,,2025.2.4,,,,,,7.663750500010792,9.170268800051417,,,,,7.669267766705404,8.402338000014424,1,0,2026-08-24_21:21:33.338369,1,,,,,,,,,,,,,None,1,1,0,1,ant,fourmi,Ameise,
,,0.85,12.569401000044309,13.419629200012423,,,,,,,,,,,,,,,,,,,,,,,,,,,,,,,,,,,,,,,,,y,2026-08-24_21h21.25.115,,TSRlearn_localizer-concepts,2026-08-24 21h21.26.458819 +0200,,,,,12.583994800050277,13.468875000020489,10.86791670002276,60.01601227522506,,,10.103137300000526,10.86791670002276,,,10.094452700053807,10.853519700001925,axe.jpg,,,,,,,,,,,,,,,,,,,,,,,,,,,,,,None,10.86791670002276,12.367391400039196,0,left,,0,,,2025.2.4,,,,,,10.862086500041187,12.56936260004295,,,,,10.868407266684033,11.817647900024895,2,0,2026-08-24_21:21:36.537336,2,,,,,,,,,,,,,None,2,2,0,2,horse,cheval,Pferd,
,,1.01,15.73666570003843,16.75243680004496,,,,,,,,,,,,,,,,,,,,,,,,,,,,,,,,,,,,,,,,,y,2026-08-24_21h21.25.115,,TSRlearn_localizer-concepts,2026-08-24 21h21.26.458819 +0200,,,,,15.750414700014517,16.80104560003383,14.233718700008467,60.01601227522506,,,13.468875000020489,14.233718700008467,,,13.449343400017824,14.219291500048712,bus.jpg,,,,,,,,,,,,,,,,,,,,,,,,,,,,,,None,14.233718700008467,15.734242300037295,1,right,,0,,,2025.2.4,,,,,,14.223113000043668,15.73662790004164,,,,,14.233807066692195,15.08314280002378,3,0,2026-08-24_21:21:39.903074,3,,,,,,,,,,,,,None,3,3,0,3,bus,bus,Bus,
,,1.04,19.267324300017208,20.316699200018775,,,,,,,,,,,,,,,,,,,,,,,,,,,,,,,,,,,,,,,,,r,2026-08-24_21h21.25.115,,TSRlearn_localizer-concepts,2026-08-24 21h21.26.458819 +0200,,,,,19.28172500000801,20.368153000017628,17.566279500024393,60.01601227522506,,,16.80104560003383,17.566279500024393,,,16.78669690003153,17.537150100048166,ball.jpg,,,,,,,,,,,,,,,,,,,,,,,,,,,,,,None,17.566279500024393,19.082576900022104,0,right,,0,,,2025.2.4,,,,,,17.547800200001802,19.267268300056458,,,,,17.55181466672026,18.201231500017457,4,0,2026-08-24_21:21:43.235245,4,,,,,,,,,,,,,None,4,4,0,4,face,visage,Gesicht,
,,0.99,22.632743900001515,23.632395200023893,,,,,,,,,,,,,,,,,,,,,,,,,,,,,,,,,,,,,,,,,y,2026-08-24_21h21.25.115,,TSRlearn_localizer-concepts,2026-08-24 21h21.26.458819 +0200,,,,,22.647148800024297,23.682040200044867,21.13117480004439,60.01601227522506,,,20.368153000017628,21.13117480004439,,,20.350762200017925,21.116430000052787,banana.jpg,,,,,,,,,,,,,,,,,,,,,,,,,,,,,,None,21.13117480004439,22.630466300004628,1,right,,0,,,2025.2.4,,,,,,21.123030800023116,22.632698700006586,,,,,21.131050666681645,21.797674000030383,5,0,2026-08-24_21:21:46.802352,5,,,,,,,,,,,,,None,5,5,0,5,banana,banane,Banane,
,,0.79,25.94861530000344,26.74801620002836,,,,,,,,,,,,,,,,,,,,,,,,,,,,,,,,,,,,,,,,,r,2026-08-24_21h21.25.115,,TSRlearn_localizer-concepts,2026-08-24 21h21.26.458819 +0200,,,,,25.962532100034878,26.797743200033437,24.447568400006276,60.01601227522506,,,23.682040200044867,24.447568400006276,,,23.662037100002635,24.434286700037774,glasses.jpg,,,,,,,,,,,,,,,,,,,,,,,,,,,,,,None,24.447568400006276,25.962532100034878,1,left,,0,,,2025.2.4,,,,,,24.43830010003876,25.948571200016886,,,,,24.44898306671918,25.329477000050247,6,0,2026-08-24_21:21:50.116239,6,,,,,,,,,,,,,None,6,6,0,6,glasses,lunettes,Brille,
,,0.77,29.065716700046323,29.84788340004161,,,,,,,,,,,,,,,,,,,,,,,,,,,,,,,,,,,,,,,,,y,2026-08-24_21h21.25.115,,TSRlearn_localizer-concepts,2026-08-24 21h21.26.458819 +0200,,,,,29.079849700035993,29.897645100019872,27.56303320004372,60.01601227522506,,,26.797743200033437,27.56303320004372,,,26.778464300034102,27.54916640004376,basket.jpg,,,,,,,,,,,,,,,,,,,,,,,,,,,,,,None,27.56303320004372,29.06349130003946,1,right,,0,,,2025.2.4,,,,,,27.554064900032245,29.06567720003659,,,,,27.563656166723618,28.045935600006487,7,0,2026-08-24_21:21:53.231942,7,,,,,,,,,,,,,None,7,7,0,7,basket,panier,Korb,
,,1.23,32.36511470004916,33.599220300035086,,,,,,,,,,,,,,,,,,,,,,,,,,,,,,,,,,,,,,,,,r,2026-08-24_21h21.25.115,,TSRlearn_localizer-concepts,2026-08-24 21h21.26.458819 +0200,,,,,32.37979270005599,33.64614680001978,30.661849800031632,60.01601227522506,,,29.897645100019872,30.661849800031632,,,29.876768800022546,30.647069600003306,bear.jpg,,,,,,,,,,,,,,,,,,,,,,,,,,,,,,None,30.661849800031632,32.16230520000681,0,right,,0,,,2025.2.4,,,,,,30.651245300017763,32.36507270002039,,,,,30.66168686672269,31.227860500046518,8,0,2026-08-24_21:21:56.331844,8,,,,,,,,,,,,,None,8,8,0,8,milk,lait,Milch,
,,1.1,35.91265100002056,37.02911690005567,,,,,,,,,,,,,,,,,,,,,,,,,,,,,,,,,,,,,,,,,y,2026-08-24_21h21.25.115,,TSRlearn_localizer-concepts,2026-08-24 21h21.26.458819 +0200,,,,,35.92925420001848,37.07817290001549,34.41202810005052,60.01601227522506,,,33.64614680001978,34.41202810005052,,,33.624625400057994,34.397867600026075,belt.jpg,,,,,,,,,,,,,,,,,,,,,,,,,,,,,,None,34.41202810005052,35.910552700050175,1,left,,0,,,2025.2.4,,,,,,34.400571100006346,35.91261110000778,,,,,34.41227346670736,34.99350400001276,9,0,2026-08-24_21:22:00.080346,9,,,,,,,,,,,,,None,9,9,0,9,belt,ceinture,Gürtel,
,,1.25,39.346399200032465,40.610918700054754,,,,,,,,,,,,,,,,,,,,,,,,,,,,,,,,,,,,,,,,,y,2026-08-24_21h21.25.115,,TSRlearn_localizer-concepts,2026-08-24 21h21.26.458819 +0200,,,,,39.360333500022534,40.74327950004954,37.84305970004061,60.01601227522506,,,37.07817290001549,37.84305970004061,,,37.05904770002235,37.82853020000039,bike.jpg,,,,,,,,,,,,,,,,,,,,,,,,,,,,,,None,37.84305970004061,39.34435890003806,1,left,,0,,,2025.2.4,,,,,,37.83129540004302,39.346358000009786,,,,,37.84311476670361,38.54480400000466,10,0,2026-08-24_21:22:03.512372,10,,,,,,,,,,,,,None,10,10,0,10,bicycle,vélo,Fahrrad,
,,,,,,,,,,,,,,,,,,,,,,,,,38.53031890001148,r,0.4580432000220753,41.11060300003737,,,,,,,,,,,,,,,,,,2026-08-24_21h21.25.115,,TSRlearn_localizer-concepts,2026-08-24 21h21.26.458819 +0200,,,,,,,,60.01601227522506,,,,,,,,,,,,,,,,40.74327950004954,,,,,,,,,,,,40.70858300005784,42.41236950003076,,,,,,,,,,,,,,,,0,,,2025.2.4,,,,,,,,,,,,,,,,,,,,,,,,,,,,,,,,,,,,,,
,,,,,,,,,,,,,,,,,,,,,,,,,,,,,,,,,0.5880740000284277,r,1.6672266999958083,42.91059960005805,,,,,,,,,,2026-08-24_21h21.25.115,,TSRlearn_localizer-concepts,2026-08-24 21h21.26.458819 +0200,,,,,,,,60.01601227522506,,,,,,,,,,,,,,,,,42.44238880003104,,,,,,,,,,,,,42.42330410005525,43.378398600034416,,,,,,,,,,,,,,0,,,2025.2.4,,,,,,,,,,,,,,,,,,,,,,,,,,,,,,,,,,,,,,
45.94437400001334,47.09434490004787,1.14,,,1,47.10373900004197,47.103824600053485,,,hammer,7,7,,,,,,,,,,,,,,,,,,,,,,,,,,,,,,None,,,None,2026-08-24_21h21.25.115,46,TSRlearn_localizer-concepts,2026-08-24 21h21.26.458819 +0200,,44.45854370004963,45.958987200050615,47.17878490005387,,,,60.01601227522506,43.68842660001246,44.45854370004963,,,43.6606582000386,44.428320300008636,,,hammer\hammer_46.jpg,,,,,,,,,,,,,,,,,,,,,,,0,0,1,,None,,44.45854370004963,,,,,None,,0,,,2025.2.4,,,1,44.45035820000339,45.94431530003203,,,None,None,44.45961523336203,44.97384780005086,,,0,0,2026-08-24_21:22:10.122626,0,1,localizer,,None,,,None,,0,0,0,0,,,,,,hammer,Marteau,Hammer,
49.65990440000314,50.79330410005059,1.12,,,1,50.79336550005246,50.79339650005568,,,hand,8,2,,,,,,,,,,,,,,,,,,,,,,,,,,,,,,None,,,r,2026-08-24_21h21.25.115,46,TSRlearn_localizer-concepts,2026-08-24 21h21.26.458819 +0200,,47.93974870000966,49.67434260004666,50.865852000017185,,,,60.01601227522506,47.17878490005387,47.93974870000966,,,47.15649990004022,47.926980200049,,,hand\hand_46.jpg,,,,,,,,,,,,,,,,,,,,,,,0,1,1,,None,,47.93974870000966,,,,,left,,0,,,2025.2.4,,,1,47.928910200018436,49.65984610002488,,,None,None,47.941691866672286,48.658068200049456,,,1,0,2026-08-24_21:22:13.612984,1,2,localizer,,None,,,None,,1,1,0,1,,,,,,bicycle,Vélo,Fahrrad,
53.11066650005523,54.12598850001814,1.01,,,1,54.12606280000182,54.12609530001646,,,jacket,10,10,,,,,,,,,,,,,,,,,,,,,,,,,,,,,,None,,,None,2026-08-24_21h21.25.115,10,TSRlearn_localizer-concepts,2026-08-24 21h21.26.458819 +0200,,51.63980890001403,53.125402400037274,54.20942660002038,,,,60.01601227522506,50.865852000017185,51.63980890001403,,,50.84601660002954,51.60975730000064,,,jacket\jacket_10.jpg,,,,,,,,,,,,,,,,,,,,,,,0,0,1,,None,,51.63980890001403,,,,,None,,0,,,2025.2.4,,,1,51.63097320002271,53.11058800003957,,,None,None,51.64089153335274,52.17377570003737,,,2,0,2026-08-24_21:22:17.300051,2,3,localizer,,None,,,None,,2,2,0,2,,,,,,jacket,Veste,Jacke,
56.47154780005803,57.58776510000462,1.11,,,1,57.58781670004828,57.587844800029416,,,flower,6,6,,,,,,,,,,,,,,,,,,,,,,,,,,,,,,None,,,None,2026-08-24_21h21.25.115,1,TSRlearn_localizer-concepts,2026-08-24 21h21.26.458819 +0200,,55.00543960003415,56.48842710000463,57.621089500025846,,,,60.01601227522506,54.20942660002038,55.00543960003415,,,54.189671400003135,54.961397300008684,,,flower\flower_01.jpg,,,,,,,,,,,,,,,,,,,,,,,0,0,1,,None,,55.00543960003415,,,,,None,,0,,,2025.2.4,,,1,54.983222700015176,56.47148350003408,,,None,None,54.990831733339775,55.90541080001276,,,3,0,2026-08-24_21:22:20.643626,3,4,localizer,,None,,,None,,3,3,0,3,,,,,,flower,Fleur,Blume,
59.8877358000027,61.053506200027186,1.16,,,1,61.05356720002601,61.053600800049026,,,house,9,9,,,,,,,,,,,,,,,,,,,,,,,,,,,,,,None,,,None,2026-08-24_21h21.25.115,1,TSRlearn_localizer-concepts,2026-08-24 21h21.26.458819 +0200,,58.40227160003269,59.90249860001495,61.08639160002349,,,,60.01601227522506,57.621089500025846,58.40227160003269,,,57.61090910003986,58.37149230000796,,,house\house_01.jpg,,,,,,,,,,,,,,,,,,,,,,,0,0,1,,None,,58.40227160003269,,,,,None,,0,,,2025.2.4,,,1,58.38907250005286,59.88767390005523,,,None,None,58.40263073333384,58.93572640005732,,,4,0,2026-08-24_21:22:24.055289,4,5,localizer,,None,,,None,,4,4,0,4,,,,,,house,Maison,Haus,
63.35496560001047,64.46913310000673,1.11,,,1,64.46918800001731,64.4692183000152,,,ball,1,1,,,,,,,,,,,,,,,,,,,,,,,,,,,,,,None,,,None,2026-08-24_21h21.25.115,1,TSRlearn_localizer-concepts,2026-08-24 21h21.26.458819 +0200,,61.85104710003361,63.36801070004003,64.56858910003211,,,,60.01601227522506,61.08639160002349,61.85104710003361,,,61.077436900057364,61.836858900031075,,,ball\ball_01.jpg,,,,,,,,,,,,,,,,,,,,,,,0,0,1,,None,,61.85104710003361,,,,,None,,0,,,2025.2.4,,,1,61.844548500026576,63.35490920004668,,,None,None,61.851530466698264,62.63463930005673,,,5,0,2026-08-24_21:22:27.520591,5,6,localizer,,None,,,None,,5,5,0,5,,,,,,ball,Ballon,Ball,
66.83493990002898,67.81842120003421,0.98,,,1,67.81847600004403,67.8185048000305,,,bread,3,3,,,,,,,,,,,,,,,,,,,,,,,,,,,,,,None,,,None,2026-08-24_21h21.25.115,15,TSRlearn_localizer-concepts,2026-08-24 21h21.26.458819 +0200,,65.3498702000361,66.84965610003565,67.85335170000326,,,,60.01601227522506,64.56858910003211,65.3498702000361,,,64.530217200052,65.32095590000972,,,bread\bread_15.jpg,,,,,,,,,,,,,,,,,,,,,,,0,0,1,,None,,65.3498702000361,,,,,None,,0,,,2025.2.4,,,1,65.34049850003794,66.83488000003854,,,None,None,65.35232283338749,66.2666612000321,,,6,0,2026-08-24_21:22:31.002788,6,7,localizer,,None,,,None,,6,6,0,6,,,,,,bread,Pain,Brot,
70.10336980002467,70.91759110003477,0.81,,,1,70.91764460003469,70.91767270001583,,,bicycle,2,2,,,,,,,,,,,,,,,,,,,,,,,,,,,,,,None,,,None,2026-08-24_21h21.25.115,23,TSRlearn_localizer-concepts,2026-08-24 21h21.26.458819 +0200,,68.61613700003363,70.1175003000535,70.9691681000404,,,,60.01601227522506,67.85335170000326,68.61613700003363,,,67.84270570002263,68.60152840003138,,,bicycle\bicycle_23.jpg,,,,,,,,,,,,,,,,,,,,,,,0,0,1,,None,,68.61613700003363,,,,,None,,0,,,2025.2.4,,,1,68.60471780004445,70.10327210003743,,,None,None,68.61600926670168,69.33266780001577,,,7,0,2026-08-24_21:22:34.287551,7,8,localizer,,None,,,None,,7,7,0,7,,,,,,bicycle,Vélo,Fahrrad,
72.66705940000247,74.51656390004791,0.84,,,1,74.51661880000029,74.51664590003202,,,hand,8,8,,,,,,,,,,,,,,,,,,,,,,,,,,,,,,None,,,None,2026-08-24_21h21.25.115,12,TSRlearn_localizer-concepts,2026-08-24 21h21.26.458819 +0200,,71.74917160003679,72.68131170002744,74.54912640003022,,,,60.01601227522506,70.9691681000404,71.74917160003679,,,70.95388910005568,71.7181596000446,,,hand\hand_12.jpg,,,,,,,,,,,,,,,,,,,,,,,0,0,1,28.693039800040424,r,0.8561594999628142,71.74917160003679,,,,,None,,0,,,2025.2.4,,,1,71.73388100002194,72.66700310003944,,,None,None,71.7494537333337,72.23122900002636,,,8,0,2026-08-24_21:22:37.403367,8,9,localizer,,None,,28.693039800040424,r,0.8561594999628142,8,8,0,8,,,,,,hand,Main,Hand,
76.81726580002578,77.59914390003541,0.78,,,1,77.59924160002265,77.59927720000269,,,chair,4,4,,,,,,,,,,,,,,,,,,,,,,,,,,,,,,None,,,None,2026-08-24_21h21.25.115,14,TSRlearn_localizer-concepts,2026-08-24 21h21.26.458819 +0200,,75.33007940003881,76.83180690003792,77.65014090004843,,,,60.01601227522506,74.54912640003022,75.33007940003881,,,74.53940780000994,75.29952950001461,,,chair\chair_14.jpg,,,,,,,,,,,,,,,,,,,,,,,0,0,1,,None,,75.33007940003881,,,,,None,,0,,,2025.2.4,,,1,75.31640130002052,76.81720040005166,,,None,None,75.33056903334412,76.24859610002022,,,9,0,2026-08-24_21:22:40.983325,9,10,localizer,,None,,,None,,9,9,0,9,,,,,,chair,Chaise,Stuhl,
79.84972740005469,81.66415190004045,0.8,,,1,81.66424770001322,81.664308300009,,,hammer,7,3,,,,,,,,,,,,,,,,,,,,,,,,,,,,,,None,,,r,2026-08-24_21h21.25.115,40,TSRlearn_localizer-concepts,2026-08-24 21h21.26.458819 +0200,,78.41355920000933,79.86393890000181,81.71345900004962,,,,60.01601227522506,77.65014090004843,78.41355920000933,,,77.64154720003717,78.39179900003364,,,hammer\hammer_40.jpg,,,,,,,,,,,,,,,,,,,,,,,0,1,1,7.292607299983501,r,0.578583599999547,78.41355920000933,,,,,right,,0,,,2025.2.4,,,1,78.39500270003919,79.8496368000051,,,None,None,78.40635646670513,79.33129680005368,,,10,0,2026-08-24_21:22:44.084340,10,11,localizer,,None,,7.292607299983501,r,0.578583599999547,10,10,0,10,,,,,,bread,Pain,Brot,
83.97968990000663,84.76282420003554,0.78,,,1,84.76287850004155,84.76290770003106,,,chair,4,4,,,,,,,,,,,,,,,,,,,,,,,,,,,,,,None,,,None,2026-08-24_21h21.25.115,7,TSRlearn_localizer-concepts,2026-08-24 21h21.26.458819 +0200,,82.47824600001331,83.99478800001089,84.7956202000496,,,,60.01601227522506,81.71345900004962,82.47824600001331,,,81.70511970005464,82.4640306000365,,,chair\chair_07.jpg,,,,,,,,,,,,,,,,,,,,,,,0,0,1,,None,,82.47824600001331,,,,,None,,0,,,2025.2.4,,,1,82.46739780000644,83.97963170002913,,,None,None,82.47829386667969,83.39463840000099,,,11,0,2026-08-24_21:22:48.147658,11,12,localizer,,None,,,None,,11,11,0,11,,,,,,chair,Chaise,Stuhl,
87.06329000002006,88.09503450000193,1.03,,,1,88.09508790000109,88.09511630004272,,,ball,1,1,,,,,,,,,,,,,,,,,,,,,,,,,,,,,,None,,,None,2026-08-24_21h21.25.115,24,TSRlearn_localizer-concepts,2026-08-24 21h21.26.458819 +0200,,85.56174010003451,87.07678820000729,88.12960600003134,,,,60.01601227522506,84.7956202000496,85.56174010003451,,,84.78556360001676,85.54778200003784,,,ball\ball_24.jpg,,,,,,,,,,,,,,,,,,,,,,,0,0,1,,None,,85.56174010003451,,,,,None,,0,,,2025.2.4,,,1,85.55073870002525,87.06322170002386,,,None,None,85.56239286670849,86.34366740001133,,,12,0,2026-08-24_21:22:51.229819,12,13,localizer,,None,,,None,,12,12,0,12,,,,,,ball,Ballon,Ball,
90.37978910002857,91.59417970001232,1.2,,,1,91.59424040000886,91.59427320002578,,,dog,5,5,,,,,,,,,,,,,,,,,,,,,,,,,,,,,,None,,,None,2026-08-24_21h21.25.115,34,TSRlearn_localizer-concepts,2026-08-24 21h21.26.458819 +0200,,88.9091185000143,90.39463740005158,91.6438777000294,,,,60.01601227522506,88.12960600003134,88.9091185000143,,,88.1180162000237,88.87842410005396,,,dog\dog_34.jpg,,,,,,,,,,,,,,,,,,,,,,,0,0,1,,None,,88.9091185000143,,,,,None,,0,,,2025.2.4,,,1,88.89775280002505,90.37972010002704,,,None,None,88.90973343334238,89.39266960002715,,,13,0,2026-08-24_21:22:54.563805,13,14,localizer,,None,,,None,,13,13,0,13,,,,,,dog,Chien,Hund,
93.89387730002636,95.14323230000446,1.25,,,1,95.14328330004355,95.14331050001783,,,bicycle,2,2,,,,,,,,,,,,,,,,,,,,,,,,,,,,,,None,,,None,2026-08-24_21h21.25.115,13,TSRlearn_localizer-concepts,2026-08-24 21h21.26.458819 +0200,,92.4082396000158,93.90829460002715,95.21081920003053,,,,60.01601227522506,91.6438777000294,92.4082396000158,,,91.63004690001253,92.39325920003466,,,bicycle\bicycle_13.jpg,,,,,,,,,,,,,,,,,,,,,,,0,0,1,,None,,92.4082396000158,,,,,None,,0,,,2025.2.4,,,1,92.39547260000836,93.89381890004734,,,None,None,92.40817656671085,93.10827270004665,,,14,0,2026-08-24_21:22:58.078077,14,15,localizer,,None,,,None,,14,14,0,14,,,,,,bicycle,Vélo,Fahrrad,
97.45942380005727,98.54218980000587,1.08,,,1,98.54225670004962,98.54229440004565,,,bread,3,3,,,,,,,,,,,,,,,,,,,,,,,,,,,,,,None,,,None,2026-08-24_21h21.25.115,27,TSRlearn_localizer-concepts,2026-08-24 21h21.26.458819 +0200,,95.9742006000015,97.47385170002235,98.59173260000534,,,,60.01601227522506,95.21081920003053,95.9742006000015,,,95.18802950001555,95.95919350004988,,,bread\bread_27.jpg,,,,,,,,,,,,,,,,,,,,,,,0,0,1,,None,,95.9742006000015,,,,,None,,0,,,2025.2.4,,,1,95.9624689000193,97.4593572000158,,,None,None,95.97405146668122,96.88991080003325,,,15,0,2026-08-24_21:23:01.645018,15,16,localizer,,None,,,None,,15,15,0,15,,,,,,bread,Pain,Brot,
100.85818570002448,101.89090230001602,1.02,,,1,101.89095500000985,101.89098290004767,,,flower,6,6,,,,,,,,,,,,,,,,,,,,,,,,,,,,,,None,,,None,2026-08-24_21h21.25.115,5,TSRlearn_localizer-concepts,2026-08-24 21h21.26.458819 +0200,,99.35665650002193,100.87436740001431,101.9403284,,,,60.01601227522506,98.59173260000534,99.35665650002193,,,98.5695899000275,99.3419340000255,,,flower\flower_05.jpg,,,,,,,,,,,,,,,,,,,,,,,0,0,1,,None,,99.35665650002193,,,,,None,,0,,,2025.2.4,,,1,99.34454800002277,100.85812590003479,,,None,None,99.35644706670816,100.25618380005471,,,16,0,2026-08-24_21:23:05.025932,16,17,localizer,,None,,,None,,16,16,0,16,,,,,,flower,Fleur,Blume,
104.20648540003458,105.12310710002203,0.91,,,1,105.12317500001518,105.12321020005038,,,house,9,9,,,,,,,,,,,,,,,,,,,,,,,,,,,,,,None,,,None,2026-08-24_21h21.25.115,19,TSRlearn_localizer-concepts,2026-08-24 21h21.26.458819 +0200,,102.70527990005212,104.22125030000461,105.17283930000849,,,,60.01601227522506,101.9403284,102.70527990005212,,,101.92826060001971,102.69158940005582,,,house\house_19.jpg,,,,,,,,,,,,,,,,,,,,,,,0,0,1,,None,,102.70527990005212,,,,,None,,0,,,2025.2.4,,,1,102.6963495000382,104.20641790004447,,,None,None,102.70608076668965,103.25512390001677,,,17,0,2026-08-24_21:23:08.374527,17,18,localizer,,None,,,None,,17,17,0,17,,,,,,house,Maison,Haus,
107.42578690004302,108.33940860000439,0.91,,,1,108.33946390001802,108.33949330000905,,,jacket,10,10,,,,,,,,,,,,,,,,,,,,,,,,,,,,,,None,,,None,2026-08-24_21h21.25.115,5,TSRlearn_localizer-concepts,2026-08-24 21h21.26.458819 +0200,,105.95376280002529,107.43910110002616,108.4075633000466,,,,60.01601227522506,105.17283930000849,105.95376280002529,,,105.16369170002872,105.92435410001781,,,jacket\jacket_05.jpg,,,,,,,,,,,,,,,,,,,,,,,0,0,1,,None,,105.95376280002529,,,,,None,,0,,,2025.2.4,,,1,105.94575290003559,107.42571430001408,,,None,None,105.95561353333372,106.48732380004367,,,18,0,2026-08-24_21:23:11.607038,18,19,localizer,,None,,,None,,18,18,0,18,,,,,,jacket,Veste,Jacke,
110.67179060005583,111.80404710001312,1.12,,,1,111.80410130001837,111.80413090001093,,,hammer,7,7,,,,,,,,,,,,,,,,,,,,,,,,,,,,,,None,,,None,2026-08-24_21h21.25.115,22,TSRlearn_localizer-concepts,2026-08-24 21h21.26.458819 +0200,,109.18614390003495,110.68595860002097,111.88573510001879,,,,60.01601227522506,108.4075633000466,109.18614390003495,,,108.39053060003789,109.15501740004402,,,hammer\hammer_22.jpg,,,,,,,,,,,,,,,,,,,,,,,0,0,1,,None,,109.18614390003495,,,,,None,,0,,,2025.2.4,,,1,109.17401620000601,110.67172790004406,,,None,None,109.18637683336468,109.70292500004871,,,19,0,2026-08-24_21:23:14.841762,19,20,localizer,,None,,,None,,19,19,0,19,,,,,,hammer,Marteau,Hammer,
114.13795500004198,115.37054290005472,1.22,,,1,115.37060560000828,115.37063760001911,,,bread,3,3,,,,,,,,,,,,,,,,,,,,,,,,,,,,,,None,,,None,2026-08-24_21h21.25.115,49,TSRlearn_localizer-concepts,2026-08-24 21h21.26.458819 +0200,,112.63586740003666,114.15241710003465,115.42225180001697,,,,60.01601227522506,111.88573510001879,112.63586740003666,,,111.85243140003877,112.62143490003655,,,bread\bread_49.jpg,,,,,,,,,,,,,,,,,,,,,,,0,0,1,,None,,112.63586740003666,,,,,None,,0,,,2025.2.4,,,1,112.6251573000336,114.13788110000314,,,None,None,112.63588906667816,113.55393790005473,,,20,0,2026-08-24_21:23:18.319934,20,21,localizer,,None,,,None,,20,20,0,20,,,,,,bread,Pain,Brot,
117.68626740004402,118.60285090003163,0.91,,,1,118.6029102000175,118.60293940000702,,,dog,5,5,,,,,,,,,,,,,,,,,,,,,,,,,,,,,,None,,,None,2026-08-24_21h21.25.115,38,TSRlearn_localizer-concepts,2026-08-24 21h21.26.458819 +0200,,116.20095660001971,117.70074130001012,118.63803250005003,,,,60.01601227522506,115.42225180001697,116.20095660001971,,,115.39741400000639,116.17005680000875,,,dog\dog_38.jpg,,,,,,,,,,,,,,,,,,,,,,,0,0,1,,None,,116.20095660001971,,,,,None,,0,,,2025.2.4,,,1,116.18465200002538,117.68620780005585,,,None,None,116.1847015667047,116.68603310000617,,,21,0,2026-08-24_21:23:21.856451,21,22,localizer,,None,,,None,,21,21,0,21,,,,,,dog,Chien,Hund,
120.90169630001765,121.66836620005779,0.76,,,1,121.6684285000083,121.66846350004198,,,chair,4,4,,,,,,,,,,,,,,,,,,,,,,,,,,,,,,None,,,None,2026-08-24_21h21.25.115,25,TSRlearn_localizer-concepts,2026-08-24 21h21.26.458819 +0200,,119.39980090002064,120.91624910000246,121.7180988000473,,,,60.01601227522506,118.63803250005003,119.39980090002064,,,118.62869370001135,119.38626270001987,,,chair\chair_25.jpg,,,,,,,,,,,,,,,,,,,,,,,0,0,1,,None,,119.39980090002064,,,,,None,,0,,,2025.2.4,,,1,119.38959530001739,120.90164010005537,,,None,None,119.40082996670778,120.33325990004232,,,22,0,2026-08-24_21:23:25.072232,22,23,localizer,,None,,,None,,22,22,0,22,,,,,,chair,Chaise,Stuhl,
123.98365190002369,125.23329480004031,1.25,,,1,125.23335360002238,125.2333828000119,,,bread,3,3,,,,,,,,,,,,,,,,,,,,,,,,,,,,,,None,,,None,2026-08-24_21h21.25.115,30,TSRlearn_localizer-concepts,2026-08-24 21h21.26.458819 +0200,,122.48261530004675,123.99861010001041,125.26643220003461,,,,60.01601227522506,121.7180988000473,122.48261530004675,,,121.70251930004451,122.4679058000329,,,bread\bread_30.jpg,,,,,,,,,,,,,,,,,,,,,,,0,0,1,,None,,122.48261530004675,,,,,None,,0,,,2025.2.4,,,1,122.4713427000097,123.98359460005304,,,None,None,122.48255536670719,123.39836590003688,,,23,0,2026-08-24_21:23:28.152298,23,24,localizer,,None,,,None,,23,23,0,23,,,,,,bread,Pain,Brot,
127.51649860001635,128.66571400000248,1.14,,,1,128.66578050004318,128.66581290005706,,,chair,4,4,,,,,,,,,,,,,,,,,,,,,,,,,,,,,,None,,,None,2026-08-24_21h21.25.115,10,TSRlearn_localizer-concepts,2026-08-24 21h21.26.458819 +0200,,126.0314029000001,127.53043360001175,128.69869370001834,,,,60.01601227522506,125.26643220003461,126.0314029000001,,,125.25230770005146,126.01625310000964,,,chair\chair_10.jpg,,,,,,,,,,,,,,,,,,,,,,,0,0,1,,None,,126.0314029000001,,,,,None,,0,,,2025.2.4,,,1,126.01976110000396,127.51644300000044,,,None,None,126.03116356669149,126.94712420005817,,,24,0,2026-08-24_21:23:31.700631,24,25,localizer,,None,,,None,,24,24,0,24,,,,,,chair,Chaise,Stuhl,
130.96486880001612,131.83141660003457,0.86,,,1,131.83147750003263,131.8315068000229,,,house,9,9,,,,,,,,,,,,,,,,,,,,,,,,,,,,,,None,,,None,2026-08-24_21h21.25.115,25,TSRlearn_localizer-concepts,2026-08-24 21h21.26.458819 +0200,,129.46506350004347,130.97918120003305,131.88178040005732,,,,60.01601227522506,128.69869370001834,129.46506350004347,,,128.68800030002603,129.4484501000261,,,house\house_25.jpg,,,,,,,,,,,,,,,,,,,,,,,0,0,1,,None,,129.46506350004347,,,,,None,,0,,,2025.2.4,,,1,129.45310030004475,130.96481110004243,,,None,None,129.46307166672003,129.99838690005708,,,25,0,2026-08-24_21:23:35.132893,25,26,localizer,,None,,,None,,25,25,0,25,,,,,,house,Maison,Haus,
134.14919000002556,134.94772550003836,0.8,,,1,134.94777980004437,134.94780880003236,,,jacket,10,10,,,,,,,,,,,,,,,,,,,,,,,,,,,,,,None,,,None,2026-08-24_21h21.25.115,13,TSRlearn_localizer-concepts,2026-08-24 21h21.26.458819 +0200,,132.64608720003162,134.16213230002904,135.01495300000533,,,,60.01601227522506,131.88178040005732,132.64608720003162,,,131.86956770002143,132.63145660003647,,,jacket\jacket_13.jpg,,,,,,,,,,,,,,,,,,,,,,,0,0,1,,None,,132.64608720003162,,,,,None,,0,,,2025.2.4,,,1,132.63576050003758,134.14913060003892,,,None,None,132.64621286670834,133.17858340003295,,,26,0,2026-08-24_21:23:38.315979,26,27,localizer,,None,,,None,,26,26,0,26,,,,,,jacket,Veste,Jacke,
137.04606940003578,139.0285792000359,0.97,,,1,139.02863450004952,139.02866110001924,,,ball,1,4,,,,,,,,,,,,,,,,,,,,,,,,,,,,,,None,,,r,2026-08-24_21h21.25.115,31,TSRlearn_localizer-concepts,2026-08-24 21h21.26.458819 +0200,,135.7781867000158,137.06090540002333,139.08255170000484,,,,60.01601227522506,135.01495300000533,135.7781867000158,,,134.99428870005067,135.7640165000339,,,ball\ball_31.jpg,,,,,,,,,,,,,,,,,,,,,,,0,1,1,57.343594099977054,r,1.0629318000283092,135.7781867000158,,,,,left,,0,,,2025.2.4,,,1,135.76680410001427,137.04601170000387,,,None,None,135.77864686667843,136.69416340003954,,,27,0,2026-08-24_21:23:41.449152,27,28,localizer,,None,,57.343594099977054,r,1.0629318000283092,27,27,0,27,,,,,,chair,Chaise,Stuhl,
141.33203400002094,142.21340070001315,0.87,,,1,142.21345690003363,142.21348580002086,,,hammer,7,7,,,,,,,,,,,,,,,,,,,,,,,,,,,,,,None,,,None,2026-08-24_21h21.25.115,48,TSRlearn_localizer-concepts,2026-08-24 21h21.26.458819 +0200,,139.8597458000295,141.34591000003275,142.26651880005375,,,,60.01601227522506,139.08255170000484,139.8597458000295,,,139.07112870004494,139.83042390004266,,,hammer\hammer_48.jpg,,,,,,,,,,,,,,,,,,,,,,,0,0,1,,None,,139.8597458000295,,,,,None,,0,,,2025.2.4,,,1,139.84687870001653,141.3319617000525,,,None,None,139.8614295333469,140.37777970003663,,,28,0,2026-08-24_21:23:45.516751,28,29,localizer,,None,,,None,,28,28,0,28,,,,,,hammer,Marteau,Hammer,
144.52724510000553,145.5937050000066,1.06,,,1,145.59376510005677,145.59379510005238,,,flower,6,6,,,,,,,,,,,,,,,,,,,,,,,,,,,,,,None,,,None,2026-08-24_21h21.25.115,35,TSRlearn_localizer-concepts,2026-08-24 21h21.26.458819 +0200,,143.0256690000533,144.54162820003694,145.6793457000167,,,,60.01601227522506,142.26651880005375,143.0256690000533,,,142.25019730004715,143.01129150000634,,,flower\flower_35.jpg,,,,,,,,,,,,,,,,,,,,,,,0,0,1,,None,,143.0256690000533,,,,,None,,0,,,2025.2.4,,,1,143.01419980003266,144.52718650002498,,,None,None,143.02555056667578,143.92607850005152,,,29,0,2026-08-24_21:23:48.700718,29,30,localizer,,None,,,None,,29,29,0,29,,,,,,flower,Fleur,Blume,
148.1276804000372,149.15913570002886,1.03,,,1,149.15919320000103,149.15922390000196,,,jacket,10,1,,,,,,,,,,,,,,,,,,,,,,,,,,,,,,None,,,r,2026-08-24_21h21.25.115,24,TSRlearn_localizer-concepts,2026-08-24 21h21.26.458819 +0200,,146.4420086000464,148.1421404000139,149.20935240003746,,,,60.01601227522506,145.6793457000167,146.4420086000464,,,145.65329760004533,146.4268397000269,,,jacket\jacket_24.jpg,,,,,,,,,,,,,,,,,,,,,,,0,1,1,,None,,146.4420086000464,,,,,left,,0,,,2025.2.4,,,1,146.42972550005652,148.12762180005666,,,None,None,146.4412727666825,147.224554800021,,,30,0,2026-08-24_21:23:52.113545,30,31,localizer,,None,,,None,,30,30,0,30,,,,,,ball,Ballon,Ball,
151.4748285000096,152.2579882000573,0.78,,,1,152.25804450002033,152.2580754000228,,,hammer,7,7,,,,,,,,,,,,,,,,,,,,,,,,,,,,,,None,,,None,2026-08-24_21h21.25.115,16,TSRlearn_localizer-concepts,2026-08-24 21h21.26.458819 +0200,,149.9734198000515,151.4901358000352,152.2919882000424,,,,60.01601227522506,149.20935240003746,149.9734198000515,,,149.19398770004045,149.9586418000399,,,hammer\hammer_16.jpg,,,,,,,,,,,,,,,,,,,,,,,0,0,1,,None,,149.9734198000515,,,,,None,,0,,,2025.2.4,,,1,149.96218290005345,151.47477270005038,,,None,None,149.9733589667051,150.49019650003174,,,31,0,2026-08-24_21:23:55.643552,31,32,localizer,,None,,,None,,31,31,0,31,,,,,,hammer,Marteau,Hammer,
154.55796110001393,155.65689860004932,1.09,,,1,155.6569504000363,155.6569783000159,,,bicycle,2,2,,,,,,,,,,,,,,,,,,,,,,,,,,,,,,None,,,None,2026-08-24_21h21.25.115,7,TSRlearn_localizer-concepts,2026-08-24 21h21.26.458819 +0200,,153.05565200001,154.57210580003448,155.69062300003134,,,,60.01601227522506,152.2919882000424,153.05565200001,,,152.2781073000515,153.04074070003117,,,bicycle\bicycle_07.jpg,,,,,,,,,,,,,,,,,,,,,,,0,0,1,,None,,153.05565200001,,,,,None,,0,,,2025.2.4,,,1,153.04337640001904,154.55790390004404,,,None,None,153.0555063667164,153.77209690003656,,,32,0,2026-08-24_21:23:58.726187,32,33,localizer,,None,,,None,,32,32,0,32,,,,,,bicycle,Vélo,Fahrrad,
157.95649940002477,159.02254690002883,1.06,,,1,159.0226109000505,159.0226461000275,,,dog,5,5,,,,,,,,,,,,,,,,,,,,,,,,,,,,,,None,,,None,2026-08-24_21h21.25.115,7,TSRlearn_localizer-concepts,2026-08-24 21h21.26.458819 +0200,,156.47170480003115,157.97136500000488,159.05510780005716,,,,60.01601227522506,155.69062300003134,156.47170480003115,,,155.6797390000429,156.44112470000982,,,dog\dog_07.jpg,,,,,,,,,,,,,,,,,,,,,,,0,0,1,,None,,156.47170480003115,,,,,None,,0,,,2025.2.4,,,1,156.4597637000261,157.9564432000043,,,None,None,156.47199473338748,156.9725279000122,,,33,0,2026-08-24_21:24:02.124822,33,34,localizer,,None,,,None,,33,33,0,33,,,,,,dog,Chien,Hund,
161.3070996000315,162.43867240002146,1.12,,,1,162.4387264000252,162.43875390000176,,,hand,8,8,,,,,,,,,,,,,,,,,,,,,,,,,,,,,,None,,,None,2026-08-24_21h21.25.115,32,TSRlearn_localizer-concepts,2026-08-24 21h21.26.458819 +0200,,159.8204476000392,161.3210248000105,162.52606040000683,,,,60.01601227522506,159.05510780005716,159.8204476000392,,,159.0479112000321,159.8059912000317,,,hand\hand_32.jpg,,,,,,,,,,,,,,,,,,,,,,,0,0,1,,None,,159.8204476000392,,,,,None,,0,,,2025.2.4,,,1,159.8094993000268,161.3070329000475,,,None,None,159.82072976668522,160.32076410000445,,,34,0,2026-08-24_21:24:05.489307,34,35,localizer,,None,,,None,,34,34,0,34,,,,,,hand,Main,Hand,
164.78877640003338,165.83851560001494,1.04,,,1,165.83857130003162,165.8386073000147,,,ball,1,1,,,,,,,,,,,,,,,,,,,,,,,,,,,,,,None,,,None,2026-08-24_21h21.25.115,36,TSRlearn_localizer-concepts,2026-08-24 21h21.26.458819 +0200,,163.28620610001963,164.8027222000528,165.8896703000064,,,,60.01601227522506,162.52606040000683,163.28620610001963,,,162.49189390003448,163.27200360002462,,,ball\ball_36.jpg,,,,,,,,,,,,,,,,,,,,,,,0,0,1,,None,,163.28620610001963,,,,,None,,0,,,2025.2.4,,,1,163.2745927000069,164.78871540003456,,,None,None,163.2865132666814,164.06985440000426,,,35,0,2026-08-24_21:24:08.960259,35,36,localizer,,None,,,None,,35,35,0,35,,,,,,ball,Ballon,Ball,
168.15371040004538,169.23640400002478,1.07,,,1,169.2364655000274,169.23650160001125,,,dog,5,5,,,,,,,,,,,,,,,,,,,,,,,,,,,,,,None,,,None,2026-08-24_21h21.25.115,39,TSRlearn_localizer-concepts,2026-08-24 21h21.26.458819 +0200,,166.653122000047,168.168213500001,169.2860931000323,,,,60.01601227522506,165.8896703000064,166.653122000047,,,165.8777676000027,166.63853820000077,,,dog\dog_39.jpg,,,,,,,,,,,,,,,,,,,,,,,0,0,1,,None,,166.653122000047,,,,,None,,0,,,2025.2.4,,,1,166.6422066000523,168.15365050005494,,,None,None,166.65298156667657,167.13526100001764,,,36,0,2026-08-24_21:24:12.323869,36,37,localizer,,None,,,None,,36,36,0,36,,,,,,dog,Chien,Hund,
171.5526296000462,172.53551750001498,0.97,,,1,172.53557990002446,172.5356152000022,,,bread,3,3,,,,,,,,,,,,,,,,,,,,,,,,,,,,,,None,,,None,2026-08-24_21h21.25.115,9,TSRlearn_localizer-concepts,2026-08-24 21h21.26.458819 +0200,,170.05028280004626,171.56684520002455,172.56910650001373,,,,60.01601227522506,169.2860931000323,170.05028280004626,,,169.2703382000327,170.0364535000408,,,bread\bread_09.jpg,,,,,,,,,,,,,,,,,,,,,,,0,0,1,,None,,170.05028280004626,,,,,None,,0,,,2025.2.4,,,1,170.03923720004968,171.55256290000398,,,None,None,170.05079646670882,170.96694000001298,,,37,0,2026-08-24_21:24:15.720292,37,38,localizer,,None,,,None,,37,37,0,37,,,,,,bread,Pain,Brot,
174.81991680001374,175.73586050001904,0.9,,,1,175.7359160000342,175.735945500026,,,bicycle,2,2,,,,,,,,,,,,,,,,,,,,,,,,,,,,,,None,,,None,2026-08-24_21h21.25.115,42,TSRlearn_localizer-concepts,2026-08-24 21h21.26.458819 +0200,,173.3340682000271,174.83341530000325,175.76973160001216,,,,60.01601227522506,172.56910650001373,173.3340682000271,,,172.55934550001984,173.31953240005532,,,bicycle\bicycle_42.jpg,,,,,,,,,,,,,,,,,,,,,,,0,0,1,,None,,173.3340682000271,,,,,None,,0,,,2025.2.4,,,1,173.32258330000332,174.8198145000497,,,None,None,173.33405406668706,174.05030790000455,,,38,0,2026-08-24_21:24:19.003306,38,39,localizer,,None,,,None,,38,38,0,38,,,,,,bicycle,Vélo,Fahrrad,
178.0344794000266,178.8500280000153,0.8,,,1,178.85008120001294,178.85011010000017,,,chair,4,4,,,,,,,,,,,,,,,,,,,,,,,,,,,,,,None,,,None,2026-08-24_21h21.25.115,13,TSRlearn_localizer-concepts,2026-08-24 21h21.26.458819 +0200,,176.53310060000513,178.05007630004548,178.88293070002692,,,,60.01601227522506,175.76973160001216,176.53310060000513,,,175.76026530005038,176.518609700026,,,chair\chair_13.jpg,,,,,,,,,,,,,,,,,,,,,,,0,0,1,,None,,176.53310060000513,,,,,None,,0,,,2025.2.4,,,1,176.52182520000497,178.03441430005478,,,None,None,176.5333342666893,177.4490974000073,,,39,0,2026-08-24_21:24:22.203931,39,40,localizer,,None,,,None,,39,39,0,39,,,,,,chair,Chaise,Stuhl,
181.33362820005277,182.31703410000773,0.98,,,1,182.3170937000541,182.31712410005275,,,house,9,5,,,,,,,,,,,,,,,,,,,,,,,,,,,,,,None,,,r,2026-08-24_21h21.25.115,10,TSRlearn_localizer-concepts,2026-08-24 21h21.26.458819 +0200,,179.64814960001968,181.34796340001049,182.36758890002966,,,,60.01601227522506,178.88293070002692,179.64814960001968,,,178.87664660002338,179.61748340004124,,,house\house_10.jpg,,,,,,,,,,,,,,,,,,,,,,,0,1,1,,None,,179.64814960001968,,,,,right,,0,,,2025.2.4,,,1,179.63209860003553,181.33356820000336,,,None,None,179.64875453338806,180.13222360005602,,,40,0,2026-08-24_21:24:25.317130,40,41,localizer,,None,,,None,,40,40,0,40,,,,,,dog,Chien,Hund,
184.63318150001578,185.4989105000277,0.86,,,1,185.49897070002044,185.49900200002594,,,ball,1,1,,,,,,,,,,,,,,,,,,,,,,,,,,,,,,None,,,None,2026-08-24_21h21.25.115,27,TSRlearn_localizer-concepts,2026-08-24 21h21.26.458819 +0200,,183.1308723000111,184.64721470000222,185.54983320005704,,,,60.01601227522506,182.36758890002966,183.1308723000111,,,182.34319620003225,183.116487900028,,,ball\ball_27.jpg,,,,,,,,,,,,,,,,,,,,,,,0,0,1,,None,,183.1308723000111,,,,,None,,0,,,2025.2.4,,,1,183.11932980001438,184.63310910004657,,,None,None,183.1309276666764,183.91387220000615,,,41,0,2026-08-24_21:24:28.801788,41,42,localizer,,None,,,None,,41,41,0,41,,,,,,ball,Ballon,Ball,
187.8148738000309,188.8142423000536,0.99,,,1,188.81429730000673,188.8143264000537,,,flower,6,6,,,,,,,,,,,,,,,,,,,,,,,,,,,,,,None,,,None,2026-08-24_21h21.25.115,7,TSRlearn_localizer-concepts,2026-08-24 21h21.26.458819 +0200,,186.31341840000823,187.82945940003265,188.89891750004608,,,,60.01601227522506,185.54983320005704,186.31341840000823,,,185.53258780000033,186.29898970003705,,,flower\flower_07.jpg,,,,,,,,,,,,,,,,,,,,,,,0,0,1,,None,,186.31341840000823,,,,,None,,0,,,2025.2.4,,,1,186.30235210002866,187.81481410004199,,,None,None,186.31343026669154,187.21309310005745,,,42,0,2026-08-24_21:24:31.984032,42,43,localizer,,None,,,None,,42,42,0,42,,,,,,flower,Fleur,Blume,
191.14981880004052,191.90433020005003,0.75,,,1,191.90439490001881,191.90442790003726,,,jacket,10,10,,,,,,,,,,,,,,,,,,,,,,,,,,,,,,None,,,None,2026-08-24_21h21.25.115,6,TSRlearn_localizer-concepts,2026-08-24 21h21.26.458819 +0200,,189.6786223000381,191.1617777000065,191.96516790002352,,,,60.01601227522506,188.89891750004608,189.6786223000381,,,188.86451040004613,189.6476789000444,,,jacket\jacket_06.jpg,,,,,,,,,,,,,,,,,,,,,,,0,0,1,,None,,189.6786223000381,,,,,None,,0,,,2025.2.4,,,1,189.66756640002131,191.14973070000997,,,None,None,189.67886363337362,190.21191400004318,,,43,0,2026-08-24_21:24:35.333117,43,44,localizer,,None,,,None,,43,43,0,43,,,,,,jacket,Veste,Jacke,
194.22912200004794,195.1126171000069,0.88,,,1,195.11268260004,195.1127149000531,,,house,9,9,,,,,,,,,,,,,,,,,,,,,,,,,,,,,,None,,,None,2026-08-24_21h21.25.115,31,TSRlearn_localizer-concepts,2026-08-24 21h21.26.458819 +0200,,192.72794110001996,194.24386310001137,195.2133263000287,,,,60.01601227522506,191.96516790002352,192.72794110001996,,,191.94508050003788,192.71392000000924,,,house\house_31.jpg,,,,,,,,,,,,,,,,,,,,,,,0,0,1,,None,,192.72794110001996,,,,,None,,0,,,2025.2.4,,,1,192.71881710004527,194.22906240000157,,,None,None,192.72820246668223,193.2775836000219,,,44,0,2026-08-24_21:24:38.399367,44,45,localizer,,None,,,None,,44,44,0,44,,,,,,house,Maison,Haus,
197.47867510002106,198.2279969000374,0.75,,,1,198.22805170004722,198.22808030003216,,,hand,8,8,,,,,,,,,,,,,,,,,,,,,,,,,,,,,,None,,,None,2026-08-24_21h21.25.115,48,TSRlearn_localizer-concepts,2026-08-24 21h21.26.458819 +0200,,195.97666890005348,197.49309210001957,198.28083740000147,,,,60.01601227522506,195.2133263000287,195.97666890005348,,,195.1666159000015,195.96219120000023,,,hand\hand_48.jpg,,,,,,,,,,,,,,,,,,,,,,,0,0,1,,None,,195.97666890005348,,,,,None,,0,,,2025.2.4,,,1,195.96594380005263,197.4786067000241,,,None,None,195.97685996670432,196.45994070003508,,,45,0,2026-08-24_21:24:41.647525,45,46,localizer,,None,,,None,,45,45,0,45,,,,,,hand,Main,Hand,
200.54544690001057,201.79417790001025,1.24,,,1,201.79424390004715,201.79427640000358,,,flower,6,6,,,,,,,,,,,,,,,,,,,,,,,,,,,,,,None,,,None,2026-08-24_21h21.25.115,32,TSRlearn_localizer-concepts,2026-08-24 21h21.26.458819 +0200,,199.04233120003482,200.55893290002132,201.82805240002926,,,,60.01601227522506,198.28083740000147,199.04233120003482,,,198.26549260003958,199.02780590002658,,,flower\flower_32.jpg,,,,,,,,,,,,,,,,,,,,,,,0,0,1,,None,,199.04233120003482,,,,,None,,0,,,2025.2.4,,,1,199.03046990005532,200.54537190002156,,,None,None,199.04249626672052,199.94233100005658,,,46,0,2026-08-24_21:24:44.715036,46,47,localizer,,None,,,None,,46,46,0,46,,,,,,flower,Fleur,Blume,
204.09343390003778,205.14166140003363,1.04,,,1,205.14171720005106,205.14174570003524,,,dog,5,5,,,,,,,,,,,,,,,,,,,,,,,,,,,,,,None,,,None,2026-08-24_21h21.25.115,35,TSRlearn_localizer-concepts,2026-08-24 21h21.26.458819 +0200,,202.60805840004468,204.10766220005462,205.17504670005292,,,,60.01601227522506,201.82805240002926,202.60805840004468,,,201.81911730003776,202.57804390002275,,,dog\dog_35.jpg,,,,,,,,,,,,,,,,,,,,,,,0,0,1,,None,,202.60805840004468,,,,,None,,0,,,2025.2.4,,,1,202.5950294000213,204.09337030001916,,,None,None,202.60907673335947,203.10788170003798,,,47,0,2026-08-24_21:24:48.262251,47,48,localizer,,None,,,None,,47,47,0,47,,,,,,dog,Chien,Hund,
207.4405082000303,208.47348890005378,1.02,,,1,208.4735424000537,208.47357120004017,,,hand,8,8,,,,,,,,,,,,,,,,,,,,,,,,,,,,,,None,,,None,2026-08-24_21h21.25.115,14,TSRlearn_localizer-concepts,2026-08-24 21h21.26.458819 +0200,,205.9391297000111,207.45503270003246,208.50700510002207,,,,60.01601227522506,205.17504670005292,205.9391297000111,,,205.16326650005067,205.92461790004745,,,hand\hand_14.jpg,,,,,,,,,,,,,,,,,,,,,,,0,0,1,,None,,205.9391297000111,,,,,None,,0,,,2025.2.4,,,1,205.92832810000982,207.44044920004671,,,None,None,205.93911166669957,206.42286970000714,,,48,0,2026-08-24_21:24:51.609246,48,49,localizer,,None,,,None,,48,48,0,48,,,,,,hand,Main,Hand,
210.7727894000127,211.57303080003476,0.79,,,1,211.57310680003138,286.71530940005323,211.58727160003036,226.59932750003645,bicycle,2,2,,,,,,,,,,,,,,,,,,,,,,,,,,,,,150.0898004999617,r,0.8354518000269309,226.58291110000573,None,2026-08-24_21h21.25.115,35,TSRlearn_localizer-concepts,2026-08-24 21h21.26.458819 +0200,,209.27127000002656,210.78749060002156,211.58727160003036,,,,60.01601227522506,208.50700510002207,209.27127000002656,,,208.49958920001518,209.2566133000073,,,bicycle\bicycle_35.jpg,226.58291110000573,,,,,,,,,,,,,,,,,,,,,,0,0,1,,None,,209.27127000002656,,,,,None,,0,211.58727160003036,226.59932750003645,2025.2.4,,,1,209.26356080005644,210.77273030002834,,,None,None,209.27128836670116,209.98791530000744,,,49,0,2026-08-24_21:24:54.941204,49,50,localizer,150.0898004999617,r,0.8354518000269309,,None,,49,49,0,49,,,,,,bicycle,Vélo,Fahrrad,
289.06453500001226,289.9140534000471,0.85,,,2,289.9172933000373,289.917328200012,,,jacket,10,10,,,,,,,,,,,,,,,,,,,,,,,,,,,,,,None,,,None,2026-08-24_21h21.25.115,42,TSRlearn_localizer-concepts,2026-08-24 21h21.26.458819 +0200,,287.56368540000403,289.07949670002563,289.96582370001124,,,,60.01601227522506,286.8075979000423,287.56368540000403,,,286.777763900056,287.5499479000573,,,jacket\jacket_42.jpg,,,,,,,,,,,,,,,,,,,,,,,0,0,1,,None,,287.56368540000403,,,,,None,,0,,,2025.2.4,,,1,287.5591847000178,289.06447370001115,,,None,None,287.5644700666928,288.11292690003756,,,50,0,2026-08-24_21:26:13.241797,50,1,localizer,,None,,,None,,50,50,0,50,,,,,,jacket,Veste,Jacke,
292.23068720003357,293.08161120000295,0.84,,,2,293.0816696000402,293.0817003000411,,,bread,3,3,,,,,,,,,,,,,,,,,,,,,,,,,,,,,,None,,,None,2026-08-24_21h21.25.115,24,TSRlearn_localizer-concepts,2026-08-24 21h21.26.458819 +0200,,290.72886740003014,292.24495140003273,293.11284160002833,,,,60.01601227522506,289.96582370001124,290.72886740003014,,,289.9562140000053,290.7142860000022,,,bread\bread_24.jpg,,,,,,,,,,,,,,,,,,,,,,,0,0,1,,None,,290.72886740003014,,,,,None,,0,,,2025.2.4,,,1,290.7221481000306,292.2306312000146,,,None,None,290.72911096667326,291.66211620002287,,,51,0,2026-08-24_21:26:16.400023,51,2,localizer,,None,,,None,,51,51,0,51,,,,,,bread,Pain,Brot,
295.3797111000167,296.3286067000008,0.95,,,2,296.32866100000683,296.32868940004846,,,hammer,7,7,,,,,,,,,,,,,,,,,,,,,,,,,,,,,,None,,,None,2026-08-24_21h21.25.115,9,TSRlearn_localizer-concepts,2026-08-24 21h21.26.458819 +0200,,293.8941765000345,295.39380690001417,296.3621017000405,,,,60.01601227522506,293.11284160002833,293.8941765000345,,,293.10758420004277,293.86398950003786,,,hammer\hammer_09.jpg,,,,,,,,,,,,,,,,,,,,,,,0,0,1,,None,,293.8941765000345,,,,,None,,0,,,2025.2.4,,,1,293.8837178000249,295.37965360004455,,,None,None,293.8950692333824,294.4110087000299,,,52,0,2026-08-24_21:26:19.547041,52,3,localizer,,None,,,None,,52,52,0,52,,,,,,hammer,Marteau,Hammer,
298.61419340001885,299.84480190003524,1.23,,,2,299.8448561000405,299.8448842000216,,,bicycle,2,2,,,,,,,,,,,,,,,,,,,,,,,,,,,,,,None,,,None,2026-08-24_21h21.25.115,25,TSRlearn_localizer-concepts,2026-08-24 21h21.26.458819 +0200,,297.1269213000196,298.6266093000304,299.93127440003445,,,,60.01601227522506,296.3621017000405,297.1269213000196,,,296.3509271000512,297.11209250002867,,,bicycle\bicycle_25.jpg,,,,,,,,,,,,,,,,,,,,,,,0,0,1,,None,,297.1269213000196,,,,,None,,0,,,2025.2.4,,,1,297.1144727000501,298.61413540004287,,,None,None,297.12681446667216,297.84297420002986,,,53,0,2026-08-24_21:26:22.796301,53,4,localizer,,None,,,None,,53,53,0,53,,,,,,bicycle,Vélo,Fahrrad,
302.19362570001977,303.1766571000335,0.97,,,2,303.17671130003873,303.17674020002596,,,chair,4,4,,,,,,,,,,,,,,,,,,,,,,,,,,,,,,None,,,None,2026-08-24_21h21.25.115,45,TSRlearn_localizer-concepts,2026-08-24 21h21.26.458819 +0200,,300.69243510003434,302.20817420003004,303.2287175000529,,,,60.01601227522506,299.93127440003445,300.69243510003434,,,299.90359240002,300.6773768000421,,,chair\chair_45.jpg,,,,,,,,,,,,,,,,,,,,,,,0,0,1,,None,,300.69243510003434,,,,,None,,0,,,2025.2.4,,,1,300.68117120000534,302.19356060004793,,,None,None,300.6920413667142,301.60896530002356,,,54,0,2026-08-24_21:26:26.365474,54,5,localizer,,None,,,None,,54,54,0,54,,,,,,chair,Chaise,Stuhl,
305.6925662000431,306.725650700042,1.02,,,2,306.7257224000059,306.72575960005634,,,jacket,10,3,,,,,,,,,,,,,,,,,,,,,,,,,,,,,,None,,,r,2026-08-24_21h21.25.115,26,TSRlearn_localizer-concepts,2026-08-24 21h21.26.458819 +0200,,303.99156000005314,305.7074864000315,306.79883530002553,,,,60.01601227522506,303.2287175000529,303.99156000005314,,,303.2107903000433,303.977574700024,,,jacket\jacket_26.jpg,,,,,,,,,,,,,,,,,,,,,,,0,1,1,,None,,303.99156000005314,,,,,left,,0,,,2025.2.4,,,1,303.9812741000205,305.6925081000081,,,None,None,303.9920497667083,304.9074570000521,,,55,0,2026-08-24_21:26:29.662917,55,6,localizer,,None,,,None,,55,55,0,55,,,,,,bread,Pain,Brot,
309.05870900000446,310.11079860001337,1.05,,,2,310.11085950001143,310.1108898000093,,,chair,4,4,,,,,,,,,,,,,,,,,,,,,,,,,,,,,,None,,,None,2026-08-24_21h21.25.115,50,TSRlearn_localizer-concepts,2026-08-24 21h21.26.458819 +0200,,307.55664670001715,309.07314030005364,310.16222880000714,,,,60.01601227522506,306.79883530002553,307.55664670001715,,,306.77384570002323,307.5427589000319,,,chair\chair_50.jpg,,,,,,,,,,,,,,,,,,,,,,,0,0,1,,None,,307.55664670001715,,,,,None,,0,,,2025.2.4,,,1,307.54603090003366,309.05864740000106,,,None,None,307.55739976669815,308.4738402000512,,,56,0,2026-08-24_21:26:33.233034,56,7,localizer,,None,,,None,,56,56,0,56,,,,,,chair,Chaise,Stuhl,
312.4258001000271,313.6264492000337,1.19,,,2,313.6265030000359,313.6265330000315,,,ball,1,1,,,,,,,,,,,,,,,,,,,,,,,,,,,,,,None,,,None,2026-08-24_21h21.25.115,26,TSRlearn_localizer-concepts,2026-08-24 21h21.26.458819 +0200,,310.9242400000221,312.4405564000481,313.6760211000219,,,,60.01601227522506,310.16222880000714,310.9242400000221,,,310.1433812000323,310.91050440003164,,,ball\ball_26.jpg,,,,,,,,,,,,,,,,,,,,,,,0,0,1,,None,,310.9242400000221,,,,,None,,0,,,2025.2.4,,,1,310.91438630002085,312.42574080004124,,,None,None,310.92466096667727,311.6885386000504,,,57,0,2026-08-24_21:26:36.596428,57,8,localizer,,None,,,None,,57,57,0,57,,,,,,ball,Ballon,Ball,
315.94188090000534,316.9065348000149,0.95,,,2,316.90658880001865,316.9066181000089,,,bread,3,3,,,,,,,,,,,,,,,,,,,,,,,,,,,,,,None,,,None,2026-08-24_21h21.25.115,28,TSRlearn_localizer-concepts,2026-08-24 21h21.26.458819 +0200,,314.4412668000441,315.9563562000403,316.9957862000447,,,,60.01601227522506,313.6760211000219,314.4412668000441,,,313.6613185000024,314.424405800004,,,bread\bread_28.jpg,,,,,,,,,,,,,,,,,,,,,,,0,0,1,,None,,314.4412668000441,,,,,None,,0,,,2025.2.4,,,1,314.4276927000028,315.9418213000172,,,None,None,314.43884386669765,315.3564159000525,,,58,0,2026-08-24_21:26:40.110220,58,9,localizer,,None,,,None,,58,58,0,58,,,,,,bread,Pain,Brot,
319.2414465000038,320.2236682000221,0.98,,,2,320.2237245000433,320.2237546000397,,,flower,6,6,,,,,,,,,,,,,,,,,,,,,,,,,,,,,,None,,,None,2026-08-24_21h21.25.115,41,TSRlearn_localizer-concepts,2026-08-24 21h21.26.458819 +0200,,317.75549060001504,319.2551288000541,320.29232670000056,,,,60.01601227522506,316.9957862000447,317.75549060001504,,,316.9755582000362,317.7408196000033,,,flower\flower_41.jpg,,,,,,,,,,,,,,,,,,,,,,,0,0,1,,None,,317.75549060001504,,,,,None,,0,,,2025.2.4,,,1,317.74464010004885,319.2413826000411,,,None,None,317.7557428667244,318.65435730002355,,,59,0,2026-08-24_21:26:43.429985,59,10,localizer,,None,,,None,,59,59,0,59,,,,,,flower,Fleur,Blume,
322.5563151000533,323.6575181000517,1.1,,,2,323.65757870004745,323.6576111000031,,,hammer,7,7,,,,,,,,,,,,,,,,,,,,,,,,,,,,,,None,,,None,2026-08-24_21h21.25.115,42,TSRlearn_localizer-concepts,2026-08-24 21h21.26.458819 +0200,,321.07042180001736,322.5706595000229,323.709823400015,,,,60.01601227522506,320.29232670000056,321.07042180001736,,,320.2726675000158,321.0399057000177,,,hammer\hammer_42.jpg,,,,,,,,,,,,,,,,,,,,,,,0,0,1,,None,,321.07042180001736,,,,,None,,0,,,2025.2.4,,,1,321.0545413000509,322.55625450005755,,,None,None,321.0546085666904,321.5877199000097,,,60,0,2026-08-24_21:26:46.726526,60,11,localizer,,None,,,None,,60,60,0,60,,,,,,hammer,Marteau,Hammer,
325.97159460000694,327.05440150003415,1.07,,,2,327.0544586000033,327.05449770000996,,,dog,5,5,,,,,,,,,,,,,,,,,,,,,,,,,,,,,,None,,,None,2026-08-24_21h21.25.115,22,TSRlearn_localizer-concepts,2026-08-24 21h21.26.458819 +0200,,324.48697250004625,325.98603690002346,327.1050602000323,,,,60.01601227522506,323.709823400015,324.48697250004625,,,323.68366710003465,324.45597760000965,,,dog\dog_22.jpg,,,,,,,,,,,,,,,,,,,,,,,0,0,1,,None,,324.48697250004625,,,,,None,,0,,,2025.2.4,,,1,324.4712136000162,325.9715360000264,,,None,None,324.4868987333689,324.9866296000546,,,61,0,2026-08-24_21:26:50.144022,61,12,localizer,,None,,,None,,61,61,0,61,,,,,,dog,Chien,Hund,
329.370793100039,330.46994160005124,1.1,,,2,330.47000080003636,330.4700320000411,,,flower,6,6,,,,,,,,,,,,,,,,,,,,,,,,,,,,,,None,,,None,2026-08-24_21h21.25.115,33,TSRlearn_localizer-concepts,2026-08-24 21h21.26.458819 +0200,,327.8688625000068,329.38515230000485,330.52079320000485,,,,60.01601227522506,327.1050602000323,327.8688625000068,,,327.0913584000082,327.8544090000214,,,flower\flower_33.jpg,,,,,,,,,,,,,,,,,,,,,,,0,0,1,,None,,327.8688625000068,,,,,None,,0,,,2025.2.4,,,1,327.8571063000127,329.37073270004475,,,None,None,327.8690271666894,328.7686303000082,,,62,0,2026-08-24_21:26:53.539259,62,13,localizer,,None,,,None,,62,62,0,62,,,,,,flower,Fleur,Blume,
332.7843544000061,334.0007058000192,1.21,,,2,334.00076050002826,334.00078920001397,,,house,9,9,,,,,,,,,,,,,,,,,,,,,,,,,,,,,,None,,,None,2026-08-24_21h21.25.115,7,TSRlearn_localizer-concepts,2026-08-24 21h21.26.458819 +0200,,331.2827591000241,332.79827250004746,334.0719112000079,,,,60.01601227522506,330.52079320000485,331.2827591000241,,,330.5075845000101,331.2684862000169,,,house\house_07.jpg,,,,,,,,,,,,,,,,,,,,,,,0,0,1,,None,,331.2827591000241,,,,,None,,0,,,2025.2.4,,,1,331.2738941000425,332.7842967000324,,,None,None,331.2832229667149,331.81647210003575,,,63,0,2026-08-24_21:26:56.954992,63,14,localizer,,None,,,None,,63,63,0,63,,,,,,house,Maison,Haus,
336.3334874000284,337.46624750003684,1.13,,,2,337.4663829000201,337.4664429000113,,,chair,4,4,,,,,,,,,,,,,,,,,,,,,,,,,,,,,,None,,,None,2026-08-24_21h21.25.115,41,TSRlearn_localizer-concepts,2026-08-24 21h21.26.458819 +0200,,334.8316750000231,336.3479080000543,337.51827890001005,,,,60.01601227522506,334.0719112000079,334.8316750000231,,,334.05057830002625,334.8176249000244,,,chair\chair_41.jpg,,,,,,,,,,,,,,,,,,,,,,,0,0,1,,None,,334.8316750000231,,,,,None,,0,,,2025.2.4,,,1,334.8210695000016,336.3334287000471,,,None,None,334.83230346668665,335.7650708000292,,,64,0,2026-08-24_21:27:00.506110,64,15,localizer,,None,,,None,,64,64,0,64,,,,,,chair,Chaise,Stuhl,
339.76675940002315,340.8322261000285,1.06,,,2,340.83228810003493,340.83231930003967,,,flower,6,6,,,,,,,,,,,,,,,,,,,,,,,,,,,,,,None,,,None,2026-08-24_21h21.25.115,37,TSRlearn_localizer-concepts,2026-08-24 21h21.26.458819 +0200,,338.28070140001364,339.7800395000377,340.86745670001255,,,,60.01601227522506,337.51827890001005,338.28070140001364,,,337.49806950002676,338.26611230004346,,,flower\flower_37.jpg,,,,,,,,,,,,,,,,,,,,,,,0,0,1,,None,,338.28070140001364,,,,,None,,0,,,2025.2.4,,,1,338.26905610004906,339.76670140004717,,,None,None,338.2806783667222,339.18068530003075,,,65,0,2026-08-24_21:27:03.952478,65,16,localizer,,None,,,None,,65,65,0,65,,,,,,flower,Fleur,Blume,
343.1329620000324,344.0992601000471,0.96,,,2,344.0993163000094,344.0993458000012,,,bicycle,2,2,,,,,,,,,,,,,,,,,,,,,,,,,,,,,,None,,,None,2026-08-24_21h21.25.115,28,TSRlearn_localizer-concepts,2026-08-24 21h21.26.458819 +0200,,341.6314185000374,343.1475374000147,344.1495945000206,,,,60.01601227522506,340.86745670001255,341.6314185000374,,,340.8559533000225,341.6172230000375,,,bicycle\bicycle_28.jpg,,,,,,,,,,,,,,,,,,,,,,,0,0,1,,None,,341.6314185000374,,,,,None,,0,,,2025.2.4,,,1,341.62028360000113,343.13290270004654,,,None,None,341.63149996666857,342.3308895000373,,,66,0,2026-08-24_21:27:07.301656,66,17,localizer,,None,,,None,,66,66,0,66,,,,,,bicycle,Vélo,Fahrrad,
346.6154316000175,347.41492340003606,0.8,,,2,347.4150337000028,347.41509210004006,,,hand,8,10,,,,,,,,,,,,,,,,,,,,,,,,,,,,,,None,,,r,2026-08-24_21h21.25.115,8,TSRlearn_localizer-concepts,2026-08-24 21h21.26.458819 +0200,,344.9294619000284,346.6296604000381,347.5104958000011,,,,60.01601227522506,344.1495945000206,344.9294619000284,,,344.13284700002987,344.8993984000408,,,hand\hand_08.jpg,,,,,,,,,,,,,,,,,,,,,,,0,1,1,,None,,344.9294619000284,,,,,left,,0,,,2025.2.4,,,1,344.9156969000469,346.61536700004945,,,None,None,344.9305129333593,345.4632564000203,,,67,0,2026-08-24_21:27:10.583794,67,18,localizer,,None,,,None,,67,67,0,67,,,,,,jacket,Veste,Jacke,
349.76425080001354,350.73003910004627,0.96,,,2,350.73009270004695,350.73012170003494,,,house,9,9,,,,,,,,,,,,,,,,,,,,,,,,,,,,,,None,,,None,2026-08-24_21h21.25.115,43,TSRlearn_localizer-concepts,2026-08-24 21h21.26.458819 +0200,,348.2624830000568,349.77879590005614,350.815934400016,,,,60.01601227522506,347.5104958000011,348.2624830000568,,,347.48696830001427,348.2482247000444,,,house\house_43.jpg,,,,,,,,,,,,,,,,,,,,,,,0,0,1,,None,,348.2624830000568,,,,,None,,0,,,2025.2.4,,,1,348.2526776000159,349.7641903000185,,,None,None,348.2626948666914,348.7955959000392,,,68,0,2026-08-24_21:27:13.944695,68,19,localizer,,None,,,None,,68,68,0,68,,,,,,house,Maison,Haus,
353.07967310003005,353.9959996000398,0.91,,,2,353.99605720001273,353.996088600019,,,bread,3,3,,,,,,,,,,,,,,,,,,,,,,,,,,,,,,None,,,None,2026-08-24_21h21.25.115,23,TSRlearn_localizer-concepts,2026-08-24 21h21.26.458819 +0200,,351.5783519000397,353.09421900002053,354.03047780005727,,,,60.01601227522506,350.815934400016,351.5783519000397,,,350.7916166000068,351.5639538000105,,,bread\bread_23.jpg,,,,,,,,,,,,,,,,,,,,,,,0,0,1,,None,,351.5783519000397,,,,,None,,0,,,2025.2.4,,,1,351.56708940002136,353.07961440004874,,,None,None,351.5784239667157,352.51280010002665,,,69,0,2026-08-24_21:27:17.250134,69,20,localizer,,None,,,None,,69,69,0,69,,,,,,bread,Pain,Brot,
356.2952841000515,357.46157230000244,1.16,,,2,357.46163230005186,357.4616630000528,,,jacket,10,10,,,,,,,,,,,,,,,,,,,,,,,,,,,,,,None,,,None,2026-08-24_21h21.25.115,1,TSRlearn_localizer-concepts,2026-08-24 21h21.26.458819 +0200,,354.8095132000162,356.30981140001677,357.5144755000365,,,,60.01601227522506,354.03047780005727,354.8095132000162,,,354.0208776000072,354.7799018000369,,,jacket\jacket_01.jpg,,,,,,,,,,,,,,,,,,,,,,,0,0,1,,None,,354.8095132000162,,,,,None,,0,,,2025.2.4,,,1,354.80126190005103,356.29522370005725,,,None,None,354.8109089333525,355.3601607000455,,,70,0,2026-08-24_21:27:20.464677,70,21,localizer,,None,,,None,,70,70,0,70,,,,,,jacket,Veste,Jacke,
359.77744500001427,360.9769253000268,1.19,,,2,360.9769801000366,360.9770090000238,,,house,9,9,,,,,,,,,,,,,,,,,,,,,,,,,,,,,,None,,,None,2026-08-24_21h21.25.115,21,TSRlearn_localizer-concepts,2026-08-24 21h21.26.458819 +0200,,358.27604660001816,359.7921390000265,361.0272274000454,,,,60.01601227522506,357.5144755000365,358.27604660001816,,,357.48885960003827,358.2619703000528,,,house\house_21.jpg,,,,,,,,,,,,,,,,,,,,,,,0,0,1,,None,,358.27604660001816,,,,,None,,0,,,2025.2.4,,,1,358.26623160002055,359.7773854000261,,,None,None,358.2761664667089,358.8256017000531,,,71,0,2026-08-24_21:27:23.948675,71,22,localizer,,None,,,None,,71,71,0,71,,,,,,house,Maison,Haus,
363.50932820001617,364.6070869000396,1.09,,,2,364.6071415000479,364.60717030003434,,,ball,1,2,,,,,,,,,,,,,,,,,,,,,,,,,,,,,,None,,,r,2026-08-24_21h21.25.115,37,TSRlearn_localizer-concepts,2026-08-24 21h21.26.458819 +0200,,361.79177380003966,363.52394660003483,364.65704240003834,,,,60.01601227522506,361.0272274000454,361.79177380003966,,,361.01587350002956,361.7768255000119,,,ball\ball_37.jpg,,,,,,,,,,,,,,,,,,,,,,,0,1,1,,None,,361.79177380003966,,,,,right,,0,,,2025.2.4,,,1,361.779155300057,363.5092652000021,,,None,None,361.79153466667435,362.49130900000455,,,72,0,2026-08-24_21:27:27.461426,72,23,localizer,,None,,,None,,72,72,0,72,,,,,,bicycle,Vélo,Fahrrad,
366.90645270003006,367.7073079000111,0.79,,,2,367.70739180000965,367.7074294000049,,,jacket,10,10,,,,,,,,,,,,,,,,,,,,,,,,,,,,,,None,,,None,2026-08-24_21h21.25.115,7,TSRlearn_localizer-concepts,2026-08-24 21h21.26.458819 +0200,,365.4053157000453,366.9212362000253,367.7401200000313,,,,60.01601227522506,364.65704240003834,365.4053157000453,,,364.64205560000846,365.39130560000194,,,jacket\jacket_07.jpg,,,,,,,,,,,,,,,,,,,,,,,0,0,1,,None,,365.4053157000453,,,,,None,,0,,,2025.2.4,,,1,365.39545450004516,366.90639530000044,,,None,None,365.4060465666737,365.93797210004414,,,73,0,2026-08-24_21:27:31.091242,73,24,localizer,,None,,,None,,73,73,0,73,,,,,,jacket,Veste,Jacke,
370.00555470003746,371.0725828000577,1.06,,,2,371.0726367000025,371.07266550004715,,,chair,4,4,,,,,,,,,,,,,,,,,,,,,,,,,,,,,,None,,,None,2026-08-24_21h21.25.115,20,TSRlearn_localizer-concepts,2026-08-24 21h21.26.458819 +0200,,368.5045225000358,370.02027080004336,371.12355080002453,,,,60.01601227522506,367.7401200000313,368.5045225000358,,,367.7314985000412,368.49021460005315,,,chair\chair_20.jpg,,,,,,,,,,,,,,,,,,,,,,,0,0,1,,None,,368.5045225000358,,,,,None,,0,,,2025.2.4,,,1,368.49329290003516,370.00548930000514,,,None,None,368.50484626670755,369.4212240000488,,,74,0,2026-08-24_21:27:34.174319,74,25,localizer,,None,,,None,,74,74,0,74,,,,,,chair,Chaise,Stuhl,
373.387984400033,374.52115310000954,1.12,,,2,374.52120950003155,374.5212388000218,,,hand,8,8,,,,,,,,,,,,,,,,,,,,,,,,,,,,,,None,,,None,2026-08-24_21h21.25.115,16,TSRlearn_localizer-concepts,2026-08-24 21h21.26.458819 +0200,,371.8877658000565,373.4027106000576,374.5717055000132,,,,60.01601227522506,371.12355080002453,371.8877658000565,,,371.1030981000513,371.8717602000106,,,hand\hand_16.jpg,,,,,,,,,,,,,,,,,,,,,,,0,0,1,,None,,371.8877658000565,,,,,None,,0,,,2025.2.4,,,1,371.87549280002713,373.3879270000034,,,None,None,371.8865034666999,372.3862595000537,,,75,0,2026-08-24_21:27:37.557750,75,26,localizer,,None,,,None,,75,75,0,75,,,,,,hand,Main,Hand,
376.83759530005045,377.7375701000565,0.89,,,2,377.73762350005563,377.73765240004286,,,jacket,10,10,,,,,,,,,,,,,,,,,,,,,,,,,,,,,,None,,,None,2026-08-24_21h21.25.115,8,TSRlearn_localizer-concepts,2026-08-24 21h21.26.458819 +0200,,375.3358046000358,376.85176370001864,377.78747280000243,,,,60.01601227522506,374.5717055000132,375.3358046000358,,,374.56197850004537,375.32074450002983,,,jacket\jacket_08.jpg,,,,,,,,,,,,,,,,,,,,,,,0,0,1,,None,,375.3358046000358,,,,,None,,0,,,2025.2.4,,,1,375.3255890000146,376.8375401000376,,,None,None,375.3353552666997,375.88487750000786,,,76,0,2026-08-24_21:27:41.005905,76,27,localizer,,None,,,None,,76,76,0,76,,,,,,jacket,Veste,Jacke,
380.0524330000044,380.8521868000389,0.79,,,2,380.8522471000324,380.8522844000254,,,dog,5,5,,,,,,,,,,,,,,,,,,,,,,,,,,,,,,None,,,None,2026-08-24_21h21.25.115,25,TSRlearn_localizer-concepts,2026-08-24 21h21.26.458819 +0200,,378.5674393000081,380.06694300001254,380.88575230003335,,,,60.01601227522506,377.78747280000243,378.5674393000081,,,377.76800720003666,378.53657730005216,,,dog\dog_25.jpg,,,,,,,,,,,,,,,,,,,,,,,0,0,1,,None,,378.5674393000081,,,,,None,,0,,,2025.2.4,,,1,378.5543302000151,380.05237670004135,,,None,None,378.5677858333879,379.0508982000174,,,77,0,2026-08-24_21:27:44.221672,77,28,localizer,,None,,,None,,77,77,0,77,,,,,,dog,Chien,Hund,
383.15211080003064,384.3843620000407,1.22,,,2,384.3844161000452,384.3844451000332,,,ball,1,1,,,,,,,,,,,,,,,,,,,,,,,,,,,,,,None,,,None,2026-08-24_21h21.25.115,23,TSRlearn_localizer-concepts,2026-08-24 21h21.26.458819 +0200,,381.65040270000463,383.1675111000077,384.41771840001456,,,,60.01601227522506,380.88575230003335,381.65040270000463,,,380.87191150005674,381.6364323000307,,,ball\ball_23.jpg,,,,,,,,,,,,,,,,,,,,,,,0,0,1,,None,,381.65040270000463,,,,,None,,0,,,2025.2.4,,,1,381.63951990002533,383.15205180004705,,,None,None,381.65091066668197,382.43331990001025,,,78,0,2026-08-24_21:27:47.319951,78,29,localizer,,None,,,None,,78,78,0,78,,,,,,ball,Ballon,Ball,
386.68389530002605,387.51740390004124,0.82,,,2,387.51745870005107,387.5174883000436,,,hammer,7,7,,,,,,,,,,,,,,,,,,,,,,,,,,,,,,None,,,None,2026-08-24_21h21.25.115,39,TSRlearn_localizer-concepts,2026-08-24 21h21.26.458819 +0200,,385.19905610004207,386.6989831000101,387.59289500000887,,,,60.01601227522506,384.41771840001456,385.19905610004207,,,384.4060803000466,385.1687602000311,,,hammer\hammer_39.jpg,,,,,,,,,,,,,,,,,,,,,,,0,0,1,,None,,385.19905610004207,,,,,None,,0,,,2025.2.4,,,1,385.19081680005183,386.6838375000516,,,None,None,385.1995349333815,385.7156125000329,,,79,0,2026-08-24_21:27:50.851918,79,30,localizer,,None,,,None,,79,79,0,79,,,,,,hammer,Marteau,Hammer,
389.8500854000449,390.6663696000469,0.81,,,2,390.6664257000084,390.66645560000325,,,bread,3,3,,,,,,,,,,,,,,,,,,,,,,,,,,,,,,None,,,None,2026-08-24_21h21.25.115,46,TSRlearn_localizer-concepts,2026-08-24 21h21.26.458819 +0200,,388.3480214000447,389.86436550004873,390.7203862000024,,,,60.01601227522506,387.59289500000887,388.3480214000447,,,387.5678109000437,388.3335525000002,,,bread\bread_46.jpg,,,,,,,,,,,,,,,,,,,,,,,0,0,1,,None,,388.3480214000447,,,,,None,,0,,,2025.2.4,,,1,388.33662920002826,389.8500055000186,,,None,None,388.34800506668785,389.26445830002194,,,80,0,2026-08-24_21:27:54.027094,80,31,localizer,,None,,,None,,80,80,0,80,,,,,,bread,Pain,Brot,
392.98211650003213,393.8315136000165,0.85,,,2,393.83156910003163,393.8315976000158,,,dog,5,5,,,,,,,,,,,,,,,,,,,,,,,,,,,,,,None,,,None,2026-08-24_21h21.25.115,14,TSRlearn_localizer-concepts,2026-08-24 21h21.26.458819 +0200,,391.4808592000045,392.9965783000225,393.88181030005217,,,,60.01601227522506,390.7203862000024,391.4808592000045,,,390.6998296000529,391.4661522000097,,,dog\dog_14.jpg,,,,,,,,,,,,,,,,,,,,,,,0,0,1,,None,,391.4808592000045,,,,,None,,0,,,2025.2.4,,,1,391.46928340004524,392.9820568000432,,,None,None,391.48068976670424,391.9809249000391,,,81,0,2026-08-24_21:27:57.154585,81,32,localizer,,None,,,None,,81,81,0,81,,,,,,dog,Chien,Hund,
396.13230060000205,397.1471508000395,1.01,,,2,397.14720920001855,397.1472396000172,,,hand,8,8,,,,,,,,,,,,,,,,,,,,,,,,,,,,,,None,,,None,2026-08-24_21h21.25.115,22,TSRlearn_localizer-concepts,2026-08-24 21h21.26.458819 +0200,,394.6462575000478,396.14576630003285,397.1801744000404,,,,60.01601227522506,393.88181030005217,394.6462575000478,,,393.8707435000106,394.6320327000576,,,hand\hand_22.jpg,,,,,,,,,,,,,,,,,,,,,,,0,0,1,,None,,394.6462575000478,,,,,None,,0,,,2025.2.4,,,1,394.635391000018,396.13224210002227,,,None,None,394.646201766682,395.12920310004847,,,82,0,2026-08-24_21:28:00.316009,82,33,localizer,,None,,,None,,82,82,0,82,,,,,,hand,Main,Hand,
399.4478905000142,400.54817500000354,1.09,,,2,400.5482289000065,400.5482577000512,,,bicycle,2,2,,,,,,,,,,,,,,,,,,,,,,,,,,,,,,None,,,None,2026-08-24_21h21.25.115,12,TSRlearn_localizer-concepts,2026-08-24 21h21.26.458819 +0200,,397.9451200000476,399.46147190005286,400.5964402000536,,,,60.01601227522506,397.1801744000404,397.9451200000476,,,397.16842810000526,397.9305069000111,,,bicycle\bicycle_12.jpg,,,,,,,,,,,,,,,,,,,,,,,0,0,1,,None,,397.9451200000476,,,,,None,,0,,,2025.2.4,,,1,397.93298690003576,399.44783190003363,,,None,None,397.94520806667083,398.66161120001925,,,83,0,2026-08-24_21:28:03.614373,83,34,localizer,,None,,,None,,83,83,0,83,,,,,,bicycle,Vélo,Fahrrad,
402.8467106000171,403.84502330003306,0.99,,,2,403.8450770000345,403.8451060000225,,,bread,3,3,,,,,,,,,,,,,,,,,,,,,,,,,,,,,,None,,,None,2026-08-24_21h21.25.115,18,TSRlearn_localizer-concepts,2026-08-24 21h21.26.458819 +0200,,401.3604337000288,402.860476700007,403.9173320000409,,,,60.01601227522506,400.5964402000536,401.3604337000288,,,400.58360600000015,401.3461849000305,,,bread\bread_18.jpg,,,,,,,,,,,,,,,,,,,,,,,0,0,1,,None,,401.3604337000288,,,,,None,,0,,,2025.2.4,,,1,401.3493677000515,402.8466500000213,,,None,None,401.3607383666715,402.2937933000503,,,84,0,2026-08-24_21:28:07.030639,84,35,localizer,,None,,,None,,84,84,0,84,,,,,,bread,Pain,Brot,
406.1777144000516,407.02743860002374,0.85,,,2,407.02750510000624,407.02754160005134,,,flower,6,6,,,,,,,,,,,,,,,,,,,,,,,,,,,,,,None,,,None,2026-08-24_21h21.25.115,42,TSRlearn_localizer-concepts,2026-08-24 21h21.26.458819 +0200,,404.6766653000377,406.1924932000111,407.0642444000114,,,,60.01601227522506,403.9173320000409,404.6766653000377,,,403.8942656000145,404.66173380002147,,,flower\flower_42.jpg,,,,,,,,,,,,,,,,,,,,,,,0,0,1,,None,,404.6766653000377,,,,,None,,0,,,2025.2.4,,,1,404.66973520000465,406.17765740002505,,,None,None,404.67639136669845,405.57612570002675,,,85,0,2026-08-24_21:28:10.351531,85,36,localizer,,None,,,None,,85,85,0,85,,,,,,flower,Fleur,Blume,
409.3269579000189,410.25970700004837,0.93,,,2,410.2597711000126,410.2598065000493,,,hammer,7,7,,,,,,,,,,,,,,,,,,,,,,,,,,,,,,None,,,None,2026-08-24_21h21.25.115,29,TSRlearn_localizer-concepts,2026-08-24 21h21.26.458819 +0200,,407.82575730001554,409.3419030000223,410.3108351000119,,,,60.01601227522506,407.0642444000114,407.82575730001554,,,407.05218600004446,407.8108675000258,,,hammer\hammer_29.jpg,,,,,,,,,,,,,,,,,,,,,,,0,0,1,,None,,407.82575730001554,,,,,None,,0,,,2025.2.4,,,1,407.8143628000398,409.3268984000315,,,None,None,407.82551426667874,408.341798700043,,,86,0,2026-08-24_21:28:13.498444,86,37,localizer,,None,,,None,,86,86,0,86,,,,,,hammer,Marteau,Hammer,
412.575854900002,413.35924760001944,0.77,,,2,413.35931230004644,413.3593439000542,,,hand,8,8,,,,,,,,,,,,,,,,,,,,,,,,,,,,,,None,,,None,2026-08-24_21h21.25.115,15,TSRlearn_localizer-concepts,2026-08-24 21h21.26.458819 +0200,,411.0763620000216,412.5907557000173,413.5280773000559,,,,60.01601227522506,410.3108351000119,411.0763620000216,,,410.2903996000532,411.0598168000579,,,hand\hand_15.jpg,,,,,,,,,,,,,,,,,,,,,,,0,0,1,,None,,411.0763620000216,,,,,None,,0,,,2025.2.4,,,1,411.06410890002735,412.5757952000131,,,None,None,411.07435356668816,411.5751124000526,,,87,0,2026-08-24_21:28:16.745034,87,38,localizer,,None,,,None,,87,87,0,87,,,,,,hand,Main,Hand,
415.7914314000518,416.6237853000057,0.83,,,2,416.62384650000604,416.62388120003743,,,ball,1,1,,,,,,,,,,,,,,,,,,,,,,,,,,,,,,None,,,None,2026-08-24_21h21.25.115,15,TSRlearn_localizer-concepts,2026-08-24 21h21.26.458819 +0200,,414.29050270002335,415.8061899000313,416.70430000004126,,,,60.01601227522506,413.5280773000559,414.29050270002335,,,413.45405470003607,414.2758855000138,,,ball\ball_15.jpg,,,,,,,,,,,,,,,,,,,,,,,0,0,1,,None,,414.29050270002335,,,,,None,,0,,,2025.2.4,,,1,414.2791799000115,415.7913729000138,,,None,None,414.2905576666856,415.07289010001114,,,88,0,2026-08-24_21:28:19.962276,88,39,localizer,,None,,,None,,88,88,0,88,,,,,,ball,Ballon,Ball,
419.1567320000031,420.25558090000413,1.09,,,2,420.25563830003375,420.2556713000522,,,bicycle,2,8,,,,,,,,,,,,,,,,,,,,,,,,,,,,,,None,,,r,2026-08-24_21h21.25.115,45,TSRlearn_localizer-concepts,2026-08-24 21h21.26.458819 +0200,,417.45529070001794,419.1715677000466,420.29614550003316,,,,60.01601227522506,416.70430000004126,417.45529070001794,,,416.68146560003515,417.44046980002895,,,bicycle\bicycle_45.jpg,,,,,,,,,,,,,,,,,,,,,,,0,1,1,,None,,417.45529070001794,,,,,right,,0,,,2025.2.4,,,1,417.4438686000067,419.15666690003127,,,None,None,417.4552348667096,417.93832910002675,,,89,0,2026-08-24_21:28:23.138499,89,40,localizer,,None,,,None,,89,89,0,89,,,,,,hand,Main,Hand,
422.5563524000463,423.40602350002155,0.85,,,2,423.406079300039,423.4061090000323,,,house,9,9,,,,,,,,,,,,,,,,,,,,,,,,,,,,,,None,,,None,2026-08-24_21h21.25.115,15,TSRlearn_localizer-concepts,2026-08-24 21h21.26.458819 +0200,,421.0544495000504,422.5710302000516,423.43867190001765,,,,60.01601227522506,420.29614550003316,421.0544495000504,,,420.2774180000415,421.0395983000053,,,house\house_15.jpg,,,,,,,,,,,,,,,,,,,,,,,0,0,1,,None,,421.0544495000504,,,,,None,,0,,,2025.2.4,,,1,421.04881010000827,422.5562921000528,,,None,None,421.05437556672064,421.60424250003416,,,90,0,2026-08-24_21:28:26.730345,90,41,localizer,,None,,,None,,90,90,0,90,,,,,,house,Maison,Haus,
425.70456620003097,426.65406260004966,0.95,,,2,426.65411820000736,426.6541471000528,,,hammer,7,7,,,,,,,,,,,,,,,,,,,,,,,,,,,,,,None,,,None,2026-08-24_21h21.25.115,27,TSRlearn_localizer-concepts,2026-08-24 21h21.26.458819 +0200,,424.20355830003973,425.7193029000191,426.7039581000572,,,,60.01601227522506,423.43867190001765,424.20355830003973,,,423.4312350000255,424.1889466000139,,,hammer\hammer_27.jpg,,,,,,,,,,,,,,,,,,,,,,,0,0,1,,None,,424.20355830003973,,,,,None,,0,,,2025.2.4,,,1,424.1925335000269,425.70450410002377,,,None,None,424.2035355666924,424.7207213000511,,,91,0,2026-08-24_21:28:29.872871,91,42,localizer,,None,,,None,,91,91,0,91,,,,,,hammer,Marteau,Hammer,
428.9714416000061,429.8865738000022,0.91,,,2,429.8866300000227,429.88666020001983,,,ball,1,1,,,,,,,,,,,,,,,,,,,,,,,,,,,,,,None,,,None,2026-08-24_21h21.25.115,40,TSRlearn_localizer-concepts,2026-08-24 21h21.26.458819 +0200,,427.46880830003647,428.98606980004115,429.95775740005774,,,,60.01601227522506,426.7039581000572,427.46880830003647,,,426.6905864000437,427.45443430001615,,,ball\ball_40.jpg,,,,,,,,,,,,,,,,,,,,,,,0,0,1,,None,,427.46880830003647,,,,,None,,0,,,2025.2.4,,,1,427.45705290004844,428.9713719000574,,,None,None,427.469030166689,428.2537430000375,,,92,0,2026-08-24_21:28:33.138157,92,43,localizer,,None,,,None,,92,92,0,92,,,,,,ball,Ballon,Ball,
432.219181100023,433.3189312000177,1.1,,,2,433.3189878000412,433.3190179000376,,,flower,6,6,,,,,,,,,,,,,,,,,,,,,,,,,,,,,,None,,,None,2026-08-24_21h21.25.115,40,TSRlearn_localizer-concepts,2026-08-24 21h21.26.458819 +0200,,430.71782340004575,432.23395500000333,433.3866937000421,,,,60.01601227522506,429.95775740005774,430.71782340004575,,,429.9386242000037,430.7029219000251,,,flower\flower_40.jpg,,,,,,,,,,,,,,,,,,,,,,,0,0,1,,None,,430.71782340004575,,,,,None,,0,,,2025.2.4,,,1,430.70602570002666,432.21912380005233,,,None,None,430.7177975666748,431.6175611000508,,,93,0,2026-08-24_21:28:36.391957,93,44,localizer,,None,,,None,,93,93,0,93,,,,,,flower,Fleur,Blume,
435.6515549000469,436.43562570004724,0.78,,,2,436.435680100054,436.4357088000397,,,chair,4,4,,,,,,,,,,,,,,,,,,,,,,,,,,,,,,None,,,None,2026-08-24_21h21.25.115,42,TSRlearn_localizer-concepts,2026-08-24 21h21.26.458819 +0200,,434.1499692000216,435.66626520000864,436.48702220001724,,,,60.01601227522506,433.3866937000421,434.1499692000216,,,433.3653959000367,434.1358168000006,,,chair\chair_42.jpg,,,,,,,,,,,,,,,,,,,,,,,0,0,1,,None,,434.1499692000216,,,,,None,,0,,,2025.2.4,,,1,434.13861330004875,435.651497200015,,,None,None,434.1503136666763,435.06669870001497,,,94,0,2026-08-24_21:28:39.820893,94,45,localizer,,None,,,None,,94,94,0,94,,,,,,chair,Chaise,Stuhl,
438.7513584000408,439.91912200005027,1.16,,,2,439.91919790004613,439.91923090000637,,,dog,5,5,,,,,,,,,,,,,,,,,,,,,,,,,,,,,,None,,,None,2026-08-24_21h21.25.115,23,TSRlearn_localizer-concepts,2026-08-24 21h21.26.458819 +0200,,437.2488515000441,438.76557310001226,439.98749750002753,,,,60.01601227522506,436.48702220001724,437.2488515000441,,,436.4752979000332,437.2346728000557,,,dog\dog_23.jpg,,,,,,,,,,,,,,,,,,,,,,,0,0,1,,None,,437.2488515000441,,,,,None,,0,,,2025.2.4,,,1,437.23779090004973,438.75129920005566,,,None,None,437.2494042667133,437.73190790001536,,,95,0,2026-08-24_21:28:42.921221,95,46,localizer,,None,,,None,,95,95,0,95,,,,,,dog,Chien,Hund,
442.24930750002386,443.20119060005527,0.94,,,2,443.2012728000409,443.20130940002855,,,bicycle,2,2,,,,,,,,,,,,,,,,,,,,,,,,,,,,,,None,,,None,2026-08-24_21h21.25.115,49,TSRlearn_localizer-concepts,2026-08-24 21h21.26.458819 +0200,,440.74823150003795,442.26418330002343,443.26635710004484,,,,60.01601227522506,439.98749750002753,440.74823150003795,,,439.97439300001133,440.73406800004886,,,bicycle\bicycle_49.jpg,,,,,,,,,,,,,,,,,,,,,,,0,0,1,,None,,440.74823150003795,,,,,None,,0,,,2025.2.4,,,1,440.7363877000171,442.24924830003874,,,None,None,440.74846316670687,441.4477316000266,,,96,0,2026-08-24_21:28:46.421697,96,47,localizer,,None,,,None,,96,96,0,96,,,,,,bicycle,Vélo,Fahrrad,
445.5163518000045,446.46693390002474,0.95,,,2,446.46698800002923,446.46701590000885,,,dog,5,5,,,,,,,,,,,,,,,,,,,,,,,,,,,,,,None,,,None,2026-08-24_21h21.25.115,41,TSRlearn_localizer-concepts,2026-08-24 21h21.26.458819 +0200,,444.0321530000074,445.53007040004013,446.5161376000033,,,,60.01601227522506,443.26635710004484,444.0321530000074,,,443.2520419000066,444.01608520001173,,,dog\dog_41.jpg,,,,,,,,,,,,,,,,,,,,,,,0,0,1,,None,,444.0321530000074,,,,,None,,0,,,2025.2.4,,,1,444.0197046000394,445.51628280000295,,,None,None,444.03065806668405,444.51360940001905,,,97,0,2026-08-24_21:28:49.700556,97,48,localizer,,None,,,None,,97,97,0,97,,,,,,dog,Chien,Hund,
448.997453100048,450.24865420005517,1.24,,,2,450.2487129000365,450.24874120001914,,,house,9,10,,,,,,,,,,,,,,,,,,,,,,,,,,,,,,None,,,r,2026-08-24_21h21.25.115,24,TSRlearn_localizer-concepts,2026-08-24 21h21.26.458819 +0200,,447.2804029000108,449.0121664000326,450.2972109000548,,,,60.01601227522506,446.5161376000033,447.2804029000108,,,446.49999680003384,447.265464600001,,,house\house_24.jpg,,,,,,,,,,,,,,,,,,,,,,,0,1,1,,None,,447.2804029000108,,,,,right,,0,,,2025.2.4,,,1,447.26993650000077,448.99739420000697,,,None,None,447.2796949666847,447.82938490004744,,,98,0,2026-08-24_21:28:52.950337,98,49,localizer,,None,,,None,,98,98,0,98,,,,,,jacket,Veste,Jacke,
452.56245510000736,453.64579600002617,1.08,,,2,453.6458507000352,471.57348640001146,453.66057890001684,468.6728476000135,hand,8,8,,,,,,,,,,,,,,,,,,,,,,,,,,,,,184.99450909998268,r,59.9866412000265,468.6558474000194,None,2026-08-24_21h21.25.115,17,TSRlearn_localizer-concepts,2026-08-24 21h21.26.458819 +0200,,451.0614366000518,452.57747260003816,453.66057890001684,,,,60.01601227522506,450.2972109000548,451.0614366000518,,,450.2828135000309,451.0466192000313,,,hand\hand_17.jpg,468.6558474000194,,,,,,,,,,,,,,,,,,,,,,0,0,1,,None,,451.0614366000518,,,,,None,,0,453.66057890001684,468.6728476000135,2025.2.4,,,1,451.049828600022,452.56239610002376,,,None,None,451.06138746667807,451.5446158000268,,,99,0,2026-08-24_21:28:56.731410,99,50,localizer,184.99450909998268,r,59.9866412000265,,None,,99,99,0,99,,,,,,hand,Main,Hand,
473.8902159000281,474.8560538000311,0.96,,,3,474.8595797000453,474.859619200055,,,bread,3,3,,,,,,,,,,,,,,,,,,,,,,,,,,,,,,None,,,None,2026-08-24_21h21.25.115,28,TSRlearn_localizer-concepts,2026-08-24 21h21.26.458819 +0200,,472.38808160001645,473.90508850000333,474.9056407000171,,,,60.01601227522506,471.6229899000027,472.38808160001645,,,471.61545030004345,472.3739211000502,,,bread\bread_28.jpg,,,,,,,,,,,,,,,,,,,,,,,0,0,1,,None,,472.38808160001645,,,,,None,,0,,,2025.2.4,,,1,472.37714680004865,473.89013850002084,,,None,None,472.38857156667314,473.30453840002883,,,100,0,2026-08-24_21:29:18.057189,100,1,localizer,,None,,,None,,100,100,0,100,,,,,,bread,Pain,Brot,
477.17217420000816,478.42150460003177,1.25,,,3,478.4215658000321,478.42159990000073,,,ball,1,1,,,,,,,,,,,,,,,,,,,,,,,,,,,,,,None,,,None,2026-08-24_21h21.25.115,37,TSRlearn_localizer-concepts,2026-08-24 21h21.26.458819 +0200,,475.67046820005635,477.1864679000573,478.47091100004036,,,,60.01601227522506,474.9056407000171,475.67046820005635,,,474.8846891000285,475.6562518000137,,,ball\ball_37.jpg,,,,,,,,,,,,,,,,,,,,,,,0,0,1,,None,,475.67046820005635,,,,,None,,0,,,2025.2.4,,,1,475.65921510005137,477.17211570002837,,,None,None,475.6708682666688,476.4540753000183,,,101,0,2026-08-24_21:29:21.339840,101,2,localizer,,None,,,None,,101,101,0,101,,,,,,ball,Ballon,Ball,
480.737647300004,481.7701912000193,1.03,,,3,481.77024680003524,481.7702753000194,,,flower,6,6,,,,,,,,,,,,,,,,,,,,,,,,,,,,,,None,,,None,2026-08-24_21h21.25.115,35,TSRlearn_localizer-concepts,2026-08-24 21h21.26.458819 +0200,,479.2366257000249,480.75281020003604,481.80358440004056,,,,60.01601227522506,478.47091100004036,479.2366257000249,,,478.4565423000022,479.22193010000046,,,flower\flower_35.jpg,,,,,,,,,,,,,,,,,,,,,,,0,0,1,,None,,479.2366257000249,,,,,None,,0,,,2025.2.4,,,1,479.22505560005084,480.7375891000265,,,None,None,479.2362793667164,480.13524490001146,,,102,0,2026-08-24_21:29:24.905110,102,3,localizer,,None,,,None,,102,102,0,102,,,,,,flower,Fleur,Blume,
484.06985110003734,485.2028290000162,1.13,,,3,485.20288940001046,485.20292390004033,,,ball,1,1,,,,,,,,,,,,,,,,,,,,,,,,,,,,,,None,,,None,2026-08-24_21h21.25.115,24,TSRlearn_localizer-concepts,2026-08-24 21h21.26.458819 +0200,,482.5679105000454,484.0845021000132,485.23527660005493,,,,60.01601227522506,481.80358440004056,482.5679105000454,,,481.78956380003365,482.553718900017,,,ball\ball_24.jpg,,,,,,,,,,,,,,,,,,,,,,,0,0,1,,None,,482.5679105000454,,,,,None,,0,,,2025.2.4,,,1,482.5568147000158,484.0697858000058,,,None,None,482.568507866705,483.35126920003677,,,103,0,2026-08-24_21:29:28.237783,103,4,localizer,,None,,,None,,103,103,0,103,,,,,,ball,Ballon,Ball,
487.50237960001687,488.41794170002686,0.91,,,3,488.41799400001764,488.4180218000547,,,hammer,7,7,,,,,,,,,,,,,,,,,,,,,,,,,,,,,,None,,,None,2026-08-24_21h21.25.115,27,TSRlearn_localizer-concepts,2026-08-24 21h21.26.458819 +0200,,486.00038000004133,487.5164941000403,488.47715670004254,,,,60.01601227522506,485.23527660005493,486.00038000004133,,,485.2172453000094,485.9859931000392,,,hammer\hammer_27.jpg,,,,,,,,,,,,,,,,,,,,,,,0,0,1,,None,,486.00038000004133,,,,,None,,0,,,2025.2.4,,,1,485.9896771000349,487.5022908000392,,,None,None,486.0004123667061,486.5171256000176,,,104,0,2026-08-24_21:29:31.669476,104,5,localizer,,None,,,None,,104,104,0,104,,,,,,hammer,Marteau,Hammer,
490.7344971000566,491.96685010002693,1.22,,,3,491.96690360002685,491.96693100000266,,,chair,4,4,,,,,,,,,,,,,,,,,,,,,,,,,,,,,,None,,,None,2026-08-24_21h21.25.115,41,TSRlearn_localizer-concepts,2026-08-24 21h21.26.458819 +0200,,489.2326824000338,490.7489959000377,492.0014928000164,,,,60.01601227522506,488.47715670004254,489.2326824000338,,,488.45430860004853,489.2188507000101,,,chair\chair_41.jpg,,,,,,,,,,,,,,,,,,,,,,,0,0,1,,None,,489.2326824000338,,,,,None,,0,,,2025.2.4,,,1,489.22209340002155,490.7344407000346,,,None,None,489.23318306671376,490.16591200005496,,,105,0,2026-08-24_21:29:34.911356,105,6,localizer,,None,,,None,,105,105,0,105,,,,,,chair,Chaise,Stuhl,
494.2663639000384,495.24941270001,0.98,,,3,495.24946820002515,495.2494971000124,,,bicycle,2,2,,,,,,,,,,,,,,,,,,,,,,,,,,,,,,None,,,None,2026-08-24_21h21.25.115,7,TSRlearn_localizer-concepts,2026-08-24 21h21.26.458819 +0200,,492.7664092000341,494.28117200004635,495.2987930000527,,,,60.01601227522506,492.0014928000164,492.7664092000341,,,491.9879576000385,492.751083500043,,,bicycle\bicycle_07.jpg,,,,,,,,,,,,,,,,,,,,,,,0,0,1,,None,,492.7664092000341,,,,,None,,0,,,2025.2.4,,,1,492.75329350004904,494.26630790001946,,,None,None,492.7656495667218,493.464788900048,,,106,0,2026-08-24_21:29:38.435692,106,7,localizer,,None,,,None,,106,106,0,106,,,,,,bicycle,Vélo,Fahrrad,
497.56571460003033,498.38214670005254,0.81,,,3,498.3822003000532,498.38222900003893,,,hand,8,8,,,,,,,,,,,,,,,,,,,,,,,,,,,,,,None,,,None,2026-08-24_21h21.25.115,16,TSRlearn_localizer-concepts,2026-08-24 21h21.26.458819 +0200,,496.06385590002174,497.58048450003844,498.43187280005077,,,,60.01601227522506,495.2987930000527,496.06385590002174,,,495.27736690000165,496.0494310000213,,,hand\hand_16.jpg,,,,,,,,,,,,,,,,,,,,,,,0,0,1,,None,,496.06385590002174,,,,,None,,0,,,2025.2.4,,,1,496.05307810002705,497.56564520002576,,,None,None,496.06410276669,496.5637385000009,,,107,0,2026-08-24_21:29:41.732992,107,8,localizer,,None,,,None,,107,107,0,107,,,,,,hand,Main,Hand,
500.6978796000476,501.56462380004814,0.86,,,3,501.56467860005796,501.56470680003986,,,jacket,10,10,,,,,,,,,,,,,,,,,,,,,,,,,,,,,,None,,,None,2026-08-24_21h21.25.115,6,TSRlearn_localizer-concepts,2026-08-24 21h21.26.458819 +0200,,499.1962012000149,500.7126270000008,501.5968816000386,,,,60.01601227522506,498.43187280005077,499.1962012000149,,,498.4157898000558,499.18211710004834,,,jacket\jacket_06.jpg,,,,,,,,,,,,,,,,,,,,,,,0,0,1,,None,,499.1962012000149,,,,,None,,0,,,2025.2.4,,,1,499.186591900012,500.6978230000241,,,None,None,499.1966797667012,499.7460808000178,,,108,0,2026-08-24_21:29:44.866072,108,9,localizer,,None,,,None,,108,108,0,108,,,,,,jacket,Veste,Jacke,
504.0803653000039,505.213249500026,1.12,,,3,505.2133031000267,505.21333080000477,,,bicycle,2,1,,,,,,,,,,,,,,,,,,,,,,,,,,,,,,None,,,r,2026-08-24_21h21.25.115,12,TSRlearn_localizer-concepts,2026-08-24 21h21.26.458819 +0200,,502.36220300005516,504.09449270000914,505.28421510005137,,,,60.01601227522506,501.5968816000386,502.36220300005516,,,501.5802724000532,502.3475730000064,,,bicycle\bicycle_12.jpg,,,,,,,,,,,,,,,,,,,,,,,0,1,1,,None,,502.36220300005516,,,,,right,,0,,,2025.2.4,,,1,502.3505248000147,504.08030830003554,,,None,None,502.3620583667109,503.14544110000134,,,109,0,2026-08-24_21:29:48.031081,109,10,localizer,,None,,,None,,109,109,0,109,,,,,,ball,Ballon,Ball,
507.5457989000133,508.67859040002804,1.13,,,3,508.6786446000333,508.67867290001595,,,bread,3,3,,,,,,,,,,,,,,,,,,,,,,,,,,,,,,None,,,None,2026-08-24_21h21.25.115,49,TSRlearn_localizer-concepts,2026-08-24 21h21.26.458819 +0200,,506.0440437000361,507.5602152000065,508.72861070005456,,,,60.01601227522506,505.28421510005137,506.0440437000361,,,505.2618725000066,506.03008770005545,,,bread\bread_49.jpg,,,,,,,,,,,,,,,,,,,,,,,0,0,1,,None,,506.0440437000361,,,,,None,,0,,,2025.2.4,,,1,506.0331648000283,507.54574110003887,,,None,None,506.0447947667019,506.9770973000559,,,110,0,2026-08-24_21:29:51.718414,110,11,localizer,,None,,,None,,110,110,0,110,,,,,,bread,Pain,Brot,
510.9945751000196,511.8787246000138,0.88,,,3,511.87877960002515,511.8788092000177,,,chair,4,4,,,,,,,,,,,,,,,,,,,,,,,,,,,,,,None,,,None,2026-08-24_21h21.25.115,50,TSRlearn_localizer-concepts,2026-08-24 21h21.26.458819 +0200,,509.4928716000286,511.00972050003475,512.0044125000131,,,,60.01601227522506,508.72861070005456,509.4928716000286,,,508.7210490000434,509.4783596000052,,,chair\chair_50.jpg,,,,,,,,,,,,,,,,,,,,,,,0,0,1,,None,,509.4928716000286,,,,,None,,0,,,2025.2.4,,,1,509.4817720000283,510.9945184000535,,,None,None,509.4929772666694,510.4094331000233,,,111,0,2026-08-24_21:29:55.162810,111,12,localizer,,None,,,None,,111,111,0,111,,,,,,chair,Chaise,Stuhl,
514.4605275000213,515.5602450000006,1.09,,,3,515.5603018000256,515.5603313000174,,,bread,3,9,,,,,,,,,,,,,,,,,,,,,,,,,,,,,,None,,,r,2026-08-24_21h21.25.115,15,TSRlearn_localizer-concepts,2026-08-24 21h21.26.458819 +0200,,512.7589332000352,514.474669600022,515.6117241000175,,,,60.01601227522506,512.0044125000131,512.7589332000352,,,511.95689500001026,512.7442042000475,,,bread\bread_15.jpg,,,,,,,,,,,,,,,,,,,,,,,0,1,1,,None,,512.7589332000352,,,,,right,,0,,,2025.2.4,,,1,512.7495285000186,514.4604624000494,,,None,None,512.7588159666668,513.2918850000133,,,112,0,2026-08-24_21:29:58.438612,112,13,localizer,,None,,,None,,112,112,0,112,,,,,,house,Maison,Haus,
517.8762494000257,519.025745400053,1.15,,,3,519.0258128000423,519.0258423000341,,,jacket,10,10,,,,,,,,,,,,,,,,,,,,,,,,,,,,,,None,,,None,2026-08-24_21h21.25.115,7,TSRlearn_localizer-concepts,2026-08-24 21h21.26.458819 +0200,,516.3745419000043,517.8903729000012,519.0588801000267,,,,60.01601227522506,515.6117241000175,516.3745419000043,,,515.5937077000272,516.3601323000039,,,jacket\jacket_07.jpg,,,,,,,,,,,,,,,,,,,,,,,0,0,1,,None,,516.3745419000043,,,,,None,,0,,,2025.2.4,,,1,516.3645243000356,517.8761926000006,,,None,None,516.3747693666994,516.9073833000148,,,113,0,2026-08-24_21:30:02.045923,113,14,localizer,,None,,,None,,113,113,0,113,,,,,,jacket,Veste,Jacke,
521.30997630005,522.3406608000514,1.03,,,3,522.3407152000582,522.3407436000416,,,hammer,7,7,,,,,,,,,,,,,,,,,,,,,,,,,,,,,,None,,,None,2026-08-24_21h21.25.115,39,TSRlearn_localizer-concepts,2026-08-24 21h21.26.458819 +0200,,519.8230011000414,521.3234836000483,522.3907632000046,,,,60.01601227522506,519.0588801000267,519.8230011000414,,,519.0417730000336,519.8084333000006,,,hammer\hammer_39.jpg,,,,,,,,,,,,,,,,,,,,,,,0,0,1,,None,,519.8230011000414,,,,,None,,0,,,2025.2.4,,,1,519.8120235000388,521.3099090000032,,,None,None,519.823065066714,520.3396385000087,,,114,0,2026-08-24_21:30:05.493079,114,15,localizer,,None,,,None,,114,114,0,114,,,,,,hammer,Marteau,Hammer,
524.6573608000181,525.7905374000547,1.13,,,3,525.7906007000129,525.7906356000458,,,house,9,9,,,,,,,,,,,,,,,,,,,,,,,,,,,,,,None,,,None,2026-08-24_21h21.25.115,31,TSRlearn_localizer-concepts,2026-08-24 21h21.26.458819 +0200,,523.155373000016,524.6712908000336,525.840842900041,,,,60.01601227522506,522.3907632000046,523.155373000016,,,522.373409300053,523.1408455000492,,,house\house_31.jpg,,,,,,,,,,,,,,,,,,,,,,,0,0,1,,None,,523.155373000016,,,,,None,,0,,,2025.2.4,,,1,523.1454523000284,524.6572939000325,,,None,None,523.155376266692,523.6892817000044,,,115,0,2026-08-24_21:30:08.824962,115,16,localizer,,None,,,None,,115,115,0,115,,,,,,house,Maison,Haus,
528.1058651000494,529.305362300016,1.2,,,3,529.3054156000144,529.305444000056,,,dog,5,5,,,,,,,,,,,,,,,,,,,,,,,,,,,,,,None,,,None,2026-08-24_21h21.25.115,25,TSRlearn_localizer-concepts,2026-08-24 21h21.26.458819 +0200,,526.6041309000575,528.1204732000479,529.3758933000499,,,,60.01601227522506,525.840842900041,526.6041309000575,,,525.817779700039,526.5898168000276,,,dog\dog_25.jpg,,,,,,,,,,,,,,,,,,,,,,,0,0,1,,None,,526.6041309000575,,,,,None,,0,,,2025.2.4,,,1,526.5932544000098,528.1058059000061,,,None,None,526.6044931666731,527.104099200049,,,116,0,2026-08-24_21:30:12.275042,116,17,localizer,,None,,,None,,116,116,0,116,,,,,,dog,Chien,Hund,
531.6381015000516,532.5712420000345,0.93,,,3,532.5713137000566,532.5713907000027,,,hand,8,8,,,,,,,,,,,,,,,,,,,,,,,,,,,,,,None,,,None,2026-08-24_21h21.25.115,46,TSRlearn_localizer-concepts,2026-08-24 21h21.26.458819 +0200,,530.1361188000301,531.6535503000487,532.605253900052,,,,60.01601227522506,529.3758933000499,530.1361188000301,,,529.3513966000173,530.122153400036,,,hand\hand_46.jpg,,,,,,,,,,,,,,,,,,,,,,,0,0,1,,None,,530.1361188000301,,,,,None,,0,,,2025.2.4,,,1,530.1253703000257,531.6380430000136,,,None,None,530.1368905666789,530.6196481000516,,,117,0,2026-08-24_21:30:15.810092,117,18,localizer,,None,,,None,,117,117,0,117,,,,,,hand,Main,Hand,
534.8703137000557,536.002940800041,1.13,,,3,536.0029943000409,536.0030233000289,,,house,9,9,,,,,,,,,,,,,,,,,,,,,,,,,,,,,,None,,,None,2026-08-24_21h21.25.115,10,TSRlearn_localizer-concepts,2026-08-24 21h21.26.458819 +0200,,533.3702627000166,534.8849262000294,536.0356964000384,,,,60.01601227522506,532.605253900052,533.3702627000166,,,532.5910591000575,533.3545300000114,,,house\house_10.jpg,,,,,,,,,,,,,,,,,,,,,,,0,0,1,,None,,533.3702627000166,,,,,None,,0,,,2025.2.4,,,1,533.3586372000282,534.8702484000241,,,None,None,533.36904886668,533.9024915000191,,,118,0,2026-08-24_21:30:19.039453,118,19,localizer,,None,,,None,,118,118,0,118,,,,,,house,Maison,Haus,
538.3024849000503,539.1191914000083,0.81,,,3,539.1192463000189,539.119274800003,,,dog,5,5,,,,,,,,,,,,,,,,,,,,,,,,,,,,,,None,,,None,2026-08-24_21h21.25.115,34,TSRlearn_localizer-concepts,2026-08-24 21h21.26.458819 +0200,,536.8008067000192,538.316778300039,539.1528224000358,,,,60.01601227522506,536.0356964000384,536.8008067000192,,,536.0189352000016,536.7866923000547,,,dog\dog_34.jpg,,,,,,,,,,,,,,,,,,,,,,,0,0,1,,None,,536.8008067000192,,,,,None,,0,,,2025.2.4,,,1,536.7899695000378,538.3024249000009,,,None,None,536.8012390667029,537.3007418000489,,,119,0,2026-08-24_21:30:22.469896,119,20,localizer,,None,,,None,,119,119,0,119,,,,,,dog,Chien,Hund,
541.4037520000129,542.5678088000277,1.16,,,3,542.567865500052,542.5678956000484,,,ball,1,1,,,,,,,,,,,,,,,,,,,,,,,,,,,,,,None,,,None,2026-08-24_21h21.25.115,27,TSRlearn_localizer-concepts,2026-08-24 21h21.26.458819 +0200,,539.9168818000471,541.4181711000274,542.6007925000158,,,,60.01601227522506,539.1528224000358,539.9168818000471,,,539.1388140000054,539.9022181000328,,,ball\ball_27.jpg,,,,,,,,,,,,,,,,,,,,,,,0,0,1,,None,,539.9168818000471,,,,,None,,0,,,2025.2.4,,,1,539.905227900017,541.4036893000011,,,None,None,539.9170201667041,540.7002684000181,,,120,0,2026-08-24_21:30:25.587022,120,21,localizer,,None,,,None,,120,120,0,120,,,,,,ball,Ballon,Ball,
544.8666019000229,545.7999834000366,0.92,,,3,545.800041200011,545.8000727000181,,,bicycle,2,2,,,,,,,,,,,,,,,,,,,,,,,,,,,,,,None,,,None,2026-08-24_21h21.25.115,13,TSRlearn_localizer-concepts,2026-08-24 21h21.26.458819 +0200,,543.3653036000323,544.8815311000217,545.83317420003,,,,60.01601227522506,542.6007925000158,543.3653036000323,,,542.5826862000395,543.3503106000135,,,bicycle\bicycle_13.jpg,,,,,,,,,,,,,,,,,,,,,,,0,0,1,,None,,543.3653036000323,,,,,None,,0,,,2025.2.4,,,1,543.3524076000322,544.8665445000515,,,None,None,543.3652640666735,544.0648385000532,,,121,0,2026-08-24_21:30:29.034992,121,22,localizer,,None,,,None,,121,121,0,121,,,,,,bicycle,Vélo,Fahrrad,
548.0840594000183,549.166599600052,1.07,,,3,549.1666578000295,549.1666885000304,,,hammer,7,7,,,,,,,,,,,,,,,,,,,,,,,,,,,,,,None,,,None,2026-08-24_21h21.25.115,40,TSRlearn_localizer-concepts,2026-08-24 21h21.26.458819 +0200,,546.5984406000352,548.0975566000561,549.1988682000083,,,,60.01601227522506,545.83317420003,546.5984406000352,,,545.8181380000315,546.5827470000368,,,hammer\hammer_40.jpg,,,,,,,,,,,,,,,,,,,,,,,0,0,1,,None,,546.5984406000352,,,,,None,,0,,,2025.2.4,,,1,546.5863704000367,548.084002800053,,,None,None,546.5974928666876,547.1147348000086,,,122,0,2026-08-24_21:30:32.267373,122,23,localizer,,None,,,None,,122,122,0,122,,,,,,hammer,Marteau,Hammer,
551.4651522000204,552.5817444000277,1.11,,,3,552.5818002000451,552.5818293000339,,,jacket,10,10,,,,,,,,,,,,,,,,,,,,,,,,,,,,,,None,,,None,2026-08-24_21h21.25.115,1,TSRlearn_localizer-concepts,2026-08-24 21h21.26.458819 +0200,,549.963982300018,551.4792079000035,552.6134398000431,,,,60.01601227522506,549.1988682000083,549.963982300018,,,549.1851051000413,549.9497273000306,,,jacket\jacket_01.jpg,,,,,,,,,,,,,,,,,,,,,,,0,0,1,,None,,549.963982300018,,,,,None,,0,,,2025.2.4,,,1,549.954021100013,551.4650924000307,,,None,None,549.9645970666936,550.4963537000003,,,123,0,2026-08-24_21:30:35.633067,123,24,localizer,,None,,,None,,123,123,0,123,,,,,,jacket,Veste,Jacke,
554.880330200016,555.646769300045,0.75,,,3,555.646827700024,555.6468606000417,,,hand,8,8,,,,,,,,,,,,,,,,,,,,,,,,,,,,,,None,,,None,2026-08-24_21h21.25.115,17,TSRlearn_localizer-concepts,2026-08-24 21h21.26.458819 +0200,,553.3790789000341,554.8958206000389,555.679542100057,,,,60.01601227522506,552.6134398000431,553.3790789000341,,,552.6076101000072,553.3646983000217,,,hand\hand_17.jpg,,,,,,,,,,,,,,,,,,,,,,,0,0,1,,None,,553.3790789000341,,,,,None,,0,,,2025.2.4,,,1,553.3680411000387,554.880267600005,,,None,None,553.3793621666885,553.8618087000214,,,124,0,2026-08-24_21:30:39.047639,124,25,localizer,,None,,,None,,124,124,0,124,,,,,,hand,Main,Hand,
558.1631355000427,559.2961064000265,1.13,,,3,559.2961612000363,559.2961886000121,,,ball,1,5,,,,,,,,,,,,,,,,,,,,,,,,,,,,,,None,,,r,2026-08-24_21h21.25.115,1,TSRlearn_localizer-concepts,2026-08-24 21h21.26.458819 +0200,,556.4446706000017,558.177342800016,559.3282773000537,,,,60.01601227522506,555.679542100057,556.4446706000017,,,555.6648541000322,556.4303712000255,,,ball\ball_01.jpg,,,,,,,,,,,,,,,,,,,,,,,0,1,1,,None,,556.4446706000017,,,,,left,,0,,,2025.2.4,,,1,556.4337666000356,558.1630775000085,,,None,None,556.4451441667081,556.9447295000427,,,125,0,2026-08-24_21:30:42.113741,125,26,localizer,,None,,,None,,125,125,0,125,,,,,,dog,Chien,Hund,
561.5789344000514,562.478097400046,0.9,,,3,562.4781510000466,562.4781795000308,,,flower,6,6,,,,,,,,,,,,,,,,,,,,,,,,,,,,,,None,,,None,2026-08-24_21h21.25.115,33,TSRlearn_localizer-concepts,2026-08-24 21h21.26.458819 +0200,,560.0770041000214,561.5928645000095,562.5109480000101,,,,60.01601227522506,559.3282773000537,560.0770041000214,,,559.3223716000211,560.062902500038,,,flower\flower_33.jpg,,,,,,,,,,,,,,,,,,,,,,,0,0,1,,None,,560.0770041000214,,,,,None,,0,,,2025.2.4,,,1,560.0658106000046,561.5788743000012,,,None,None,560.0774957666911,560.9766714000143,,,126,0,2026-08-24_21:30:45.762476,126,27,localizer,,None,,,None,,126,126,0,126,,,,,,flower,Fleur,Blume,
564.7781035000226,565.6936622000067,0.9,,,3,565.6937200000393,565.6937509000418,,,hand,8,8,,,,,,,,,,,,,,,,,,,,,,,,,,,,,,None,,,None,2026-08-24_21h21.25.115,15,TSRlearn_localizer-concepts,2026-08-24 21h21.26.458819 +0200,,563.2761530000134,564.7930156000075,565.7263755000313,,,,60.01601227522506,562.5109480000101,563.2761530000134,,,562.5006678000209,563.2618590000202,,,hand\hand_15.jpg,,,,,,,,,,,,,,,,,,,,,,,0,0,1,,None,,563.2761530000134,,,,,None,,0,,,2025.2.4,,,1,563.2654399000457,564.7780333000119,,,None,None,563.276525366706,563.7592400000431,,,127,0,2026-08-24_21:30:48.945147,127,28,localizer,,None,,,None,,127,127,0,127,,,,,,hand,Main,Hand,
567.9929921000148,569.0261611000169,1.03,,,3,569.0262135000085,569.0262403000379,,,dog,5,5,,,,,,,,,,,,,,,,,,,,,,,,,,,,,,None,,,None,2026-08-24_21h21.25.115,38,TSRlearn_localizer-concepts,2026-08-24 21h21.26.458819 +0200,,566.4913638000144,568.0073723000241,569.0589884000365,,,,60.01601227522506,565.7263755000313,566.4913638000144,,,565.7121537000057,566.4769839000073,,,dog\dog_38.jpg,,,,,,,,,,,,,,,,,,,,,,,0,0,1,,None,,566.4913638000144,,,,,None,,0,,,2025.2.4,,,1,566.4802719000145,567.9929333000327,,,None,None,566.4916727666898,566.9745129000512,,,128,0,2026-08-24_21:30:52.160575,128,29,localizer,,None,,,None,,128,128,0,128,,,,,,dog,Chien,Hund,
571.3256226000376,572.4750358000165,1.15,,,3,572.4750993000343,572.4751269000117,,,house,9,9,,,,,,,,,,,,,,,,,,,,,,,,,,,,,,None,,,None,2026-08-24_21h21.25.115,25,TSRlearn_localizer-concepts,2026-08-24 21h21.26.458819 +0200,,569.8239667000016,571.3399594000075,572.5080116000026,,,,60.01601227522506,569.0589884000365,569.8239667000016,,,569.0505830000038,569.8090569000342,,,house\house_25.jpg,,,,,,,,,,,,,,,,,,,,,,,0,0,1,,None,,569.8239667000016,,,,,None,,0,,,2025.2.4,,,1,569.8133152000373,571.3255650000065,,,None,None,569.823775866713,570.3730131000048,,,129,0,2026-08-24_21:30:55.493187,129,30,localizer,,None,,,None,,129,129,0,129,,,,,,house,Maison,Haus,
574.7742029000074,575.924618500052,1.14,,,3,575.9246714000474,575.9246978000156,,,ball,1,1,,,,,,,,,,,,,,,,,,,,,,,,,,,,,,None,,,None,2026-08-24_21h21.25.115,40,TSRlearn_localizer-concepts,2026-08-24 21h21.26.458819 +0200,,573.2727548000403,574.7885092000361,575.9578204000136,,,,60.01601227522506,572.5080116000026,573.2727548000403,,,572.498525700008,573.2575897000497,,,ball\ball_40.jpg,,,,,,,,,,,,,,,,,,,,,,,0,0,1,,None,,573.2727548000403,,,,,None,,0,,,2025.2.4,,,1,573.2607887000195,574.7741410000017,,,None,None,573.2722854666683,574.0559686000342,,,130,0,2026-08-24_21:30:58.942211,130,31,localizer,,None,,,None,,130,130,0,130,,,,,,ball,Ballon,Ball,
578.2068592000287,579.2893091000151,1.08,,,3,579.2893812000402,579.2894091000198,,,chair,4,4,,,,,,,,,,,,,,,,,,,,,,,,,,,,,,None,,,None,2026-08-24_21h21.25.115,14,TSRlearn_localizer-concepts,2026-08-24 21h21.26.458819 +0200,,576.7218465000042,578.2211749000126,579.3399130000034,,,,60.01601227522506,575.9578204000136,576.7218465000042,,,575.9422869000118,576.7061383000109,,,chair\chair_14.jpg,,,,,,,,,,,,,,,,,,,,,,,0,0,1,,None,,576.7218465000042,,,,,None,,0,,,2025.2.4,,,1,576.7090516000171,578.2068017000565,,,None,None,576.7210223667246,577.6386604000581,,,131,0,2026-08-24_21:31:02.392020,131,32,localizer,,None,,,None,,131,131,0,131,,,,,,chair,Chaise,Stuhl,
581.6055703000166,582.5543048000545,0.94,,,3,582.5543622000259,582.5543936000322,,,bread,3,3,,,,,,,,,,,,,,,,,,,,,,,,,,,,,,None,,,None,2026-08-24_21h21.25.115,23,TSRlearn_localizer-concepts,2026-08-24 21h21.26.458819 +0200,,580.1043339000316,581.6197309000418,582.6087435000227,,,,60.01601227522506,579.3399130000034,580.1043339000316,,,579.3243080000393,580.0895809000358,,,bread\bread_23.jpg,,,,,,,,,,,,,,,,,,,,,,,0,0,1,,None,,580.1043339000316,,,,,None,,0,,,2025.2.4,,,1,580.092940100003,581.6055087000132,,,None,None,580.1043803666873,581.0204444000265,,,132,0,2026-08-24_21:31:05.774112,132,33,localizer,,None,,,None,,132,132,0,132,,,,,,bread,Pain,Brot,
585.0875643000472,586.0872541000135,0.99,,,3,586.0873088000226,586.087337200006,,,house,9,6,,,,,,,,,,,,,,,,,,,,,,,,,,,,,,None,,,r,2026-08-24_21h21.25.115,43,TSRlearn_localizer-concepts,2026-08-24 21h21.26.458819 +0200,,583.3694025000441,585.1024072000291,586.1219894000096,,,,60.01601227522506,582.6087435000227,583.3694025000441,,,582.5915530000348,583.3553124000318,,,house\house_43.jpg,,,,,,,,,,,,,,,,,,,,,,,0,1,1,,None,,583.3694025000441,,,,,right,,0,,,2025.2.4,,,1,583.3579976000474,585.0874991000164,,,None,None,583.3697527666848,584.2697274000384,,,133,0,2026-08-24_21:31:09.042943,133,34,localizer,,None,,,None,,133,133,0,133,,,,,,flower,Fleur,Blume,
588.3866153000272,589.3382627000101,0.95,,,3,589.3383240000112,589.3383547000121,,,hammer,7,7,,,,,,,,,,,,,,,,,,,,,,,,,,,,,,None,,,None,2026-08-24_21h21.25.115,16,TSRlearn_localizer-concepts,2026-08-24 21h21.26.458819 +0200,,586.8851088000229,588.4013073000242,589.3713936000131,,,,60.01601227522506,586.1219894000096,586.8851088000229,,,586.1044877000386,586.8707999000326,,,hammer\hammer_16.jpg,,,,,,,,,,,,,,,,,,,,,,,0,0,1,,None,,586.8851088000229,,,,,None,,0,,,2025.2.4,,,1,586.8740095000248,588.3865554000367,,,None,None,586.8853982667245,587.4015961000114,,,134,0,2026-08-24_21:31:12.556189,134,35,localizer,,None,,,None,,134,134,0,134,,,,,,hammer,Marteau,Hammer,
591.6214217000525,592.418829900038,0.79,,,3,592.4188843000447,592.4189124000259,,,bicycle,2,2,,,,,,,,,,,,,,,,,,,,,,,,,,,,,,None,,,None,2026-08-24_21h21.25.115,25,TSRlearn_localizer-concepts,2026-08-24 21h21.26.458819 +0200,,590.1344381000381,591.6337405000231,592.4886474000523,,,,60.01601227522506,589.3713936000131,590.1344381000381,,,589.3532709000283,590.119787100004,,,bicycle\bicycle_25.jpg,,,,,,,,,,,,,,,,,,,,,,,0,0,1,,None,,590.1344381000381,,,,,None,,0,,,2025.2.4,,,1,590.1220037000021,591.6213603000506,,,None,None,590.1340832667231,590.8344139000401,,,135,0,2026-08-24_21:31:15.805593,135,36,localizer,,None,,,None,,135,135,0,135,,,,,,bicycle,Vélo,Fahrrad,
594.7363466000534,595.7010221000528,0.96,,,3,595.7010760000558,595.7011046000407,,,flower,6,6,,,,,,,,,,,,,,,,,,,,,,,,,,,,,,None,,,None,2026-08-24_21h21.25.115,41,TSRlearn_localizer-concepts,2026-08-24 21h21.26.458819 +0200,,593.2499659000314,594.7509972000262,595.7378042000346,,,,60.01601227522506,592.4886474000523,593.2499659000314,,,592.4788278000196,593.2354467000114,,,flower\flower_41.jpg,,,,,,,,,,,,,,,,,,,,,,,0,0,1,,None,,593.2499659000314,,,,,None,,0,,,2025.2.4,,,1,593.2385678000282,594.7362879000138,,,None,None,593.2499413666703,594.1508923000074,,,136,0,2026-08-24_21:31:18.922847,136,37,localizer,,None,,,None,,136,136,0,136,,,,,,flower,Fleur,Blume,
598.0011866000132,599.2331373000052,1.23,,,3,599.2331957000424,599.233225300035,,,dog,5,5,,,,,,,,,,,,,,,,,,,,,,,,,,,,,,None,,,None,2026-08-24_21h21.25.115,35,TSRlearn_localizer-concepts,2026-08-24 21h21.26.458819 +0200,,596.499350500002,598.0145867000101,599.2842374000465,,,,60.01601227522506,595.7378042000346,596.499350500002,,,595.7156544000027,596.4836966000148,,,dog\dog_35.jpg,,,,,,,,,,,,,,,,,,,,,,,0,0,1,,None,,596.499350500002,,,,,None,,0,,,2025.2.4,,,1,596.4868335000356,598.0011263000197,,,None,None,596.4986008667076,596.9817556000198,,,137,0,2026-08-24_21:31:22.172003,137,38,localizer,,None,,,None,,137,137,0,137,,,,,,dog,Chien,Hund,
601.5501051000319,602.3995145000517,0.84,,,3,602.3995800000266,602.3996153000044,,,bread,3,3,,,,,,,,,,,,,,,,,,,,,,,,,,,,,,None,,,None,2026-08-24_21h21.25.115,30,TSRlearn_localizer-concepts,2026-08-24 21h21.26.458819 +0200,,600.0490464000031,601.5640964000486,602.4544064000365,,,,60.01601227522506,599.2842374000465,600.0490464000031,,,599.2628847000306,600.0341318000574,,,bread\bread_30.jpg,,,,,,,,,,,,,,,,,,,,,,,0,0,1,,None,,600.0490464000031,,,,,None,,0,,,2025.2.4,,,1,600.0373783000396,601.5500434000278,,,None,None,600.0487974666796,600.9641404000577,,,138,0,2026-08-24_21:31:25.718436,138,39,localizer,,None,,,None,,138,138,0,138,,,,,,bread,Pain,Brot,
604.7000540000154,605.5311002000235,0.82,,,3,605.5311562000425,605.5311855000327,,,chair,4,4,,,,,,,,,,,,,,,,,,,,,,,,,,,,,,None,,,None,2026-08-24_21h21.25.115,42,TSRlearn_localizer-concepts,2026-08-24 21h21.26.458819 +0200,,603.2134819000494,604.7128349000122,605.5819990000455,,,,60.01601227522506,602.4544064000365,603.2134819000494,,,602.4371738000191,603.1994980000309,,,chair\chair_42.jpg,,,,,,,,,,,,,,,,,,,,,,,0,0,1,,None,,603.2134819000494,,,,,None,,0,,,2025.2.4,,,1,603.2025635000318,604.6999939000234,,,None,None,603.214165066722,604.1294854000444,,,139,0,2026-08-24_21:31:28.888606,139,40,localizer,,None,,,None,,139,139,0,139,,,,,,chair,Chaise,Stuhl,
607.8475235000369,608.7138891000068,0.86,,,3,608.7139408000512,608.7139686000301,,,jacket,10,10,,,,,,,,,,,,,,,,,,,,,,,,,,,,,,None,,,None,2026-08-24_21h21.25.115,26,TSRlearn_localizer-concepts,2026-08-24 21h21.26.458819 +0200,,606.3624031000072,607.8614497000235,608.7462463000556,,,,60.01601227522506,605.5819990000455,606.3624031000072,,,605.5695291000302,606.3307210000348,,,jacket\jacket_26.jpg,,,,,,,,,,,,,,,,,,,,,,,0,0,1,,None,,606.3624031000072,,,,,None,,0,,,2025.2.4,,,1,606.3475566000561,607.8474271000014,,,None,None,606.3621454333847,606.8955949000083,,,140,0,2026-08-24_21:31:32.016198,140,41,localizer,,None,,,None,,140,140,0,140,,,,,,jacket,Veste,Jacke,
611.0130819000187,612.2457994000288,1.23,,,3,612.245853600034,612.245882600022,,,hammer,7,7,,,,,,,,,,,,,,,,,,,,,,,,,,,,,,None,,,None,2026-08-24_21h21.25.115,9,TSRlearn_localizer-concepts,2026-08-24 21h21.26.458819 +0200,,609.5277148000314,611.0276393000386,612.316580600047,,,,60.01601227522506,608.7462463000556,609.5277148000314,,,608.7325996000436,609.4967914000154,,,hammer\hammer_09.jpg,,,,,,,,,,,,,,,,,,,,,,,0,0,1,,None,,609.5277148000314,,,,,None,,0,,,2025.2.4,,,1,609.516343700001,611.0130229000351,,,None,None,609.5282569333872,610.0447452000226,,,141,0,2026-08-24_21:31:35.180445,141,42,localizer,,None,,,None,,141,141,0,141,,,,,,hammer,Marteau,Hammer,
614.5787130000535,615.3448992000194,0.76,,,3,615.3449568000506,615.3449882000568,,,bicycle,2,2,,,,,,,,,,,,,,,,,,,,,,,,,,,,,,None,,,None,2026-08-24_21h21.25.115,45,TSRlearn_localizer-concepts,2026-08-24 21h21.26.458819 +0200,,613.076850900019,614.5933354000445,615.379800900002,,,,60.01601227522506,612.316580600047,613.076850900019,,,612.2909895000048,613.063210500055,,,bicycle\bicycle_45.jpg,,,,,,,,,,,,,,,,,,,,,,,0,0,1,,None,,613.076850900019,,,,,None,,0,,,2025.2.4,,,1,613.0657977000228,614.5786544000148,,,None,None,613.0775241666745,613.7931018000236,,,142,0,2026-08-24_21:31:38.750780,142,43,localizer,,None,,,None,,142,142,0,142,,,,,,bicycle,Vélo,Fahrrad,
617.6443638000055,618.6773336000042,1.02,,,3,618.6773948000045,618.6774298000382,,,house,9,9,,,,,,,,,,,,,,,,,,,,,,,,,,,,,,None,,,None,2026-08-24_21h21.25.115,21,TSRlearn_localizer-concepts,2026-08-24 21h21.26.458819 +0200,,616.1423189000343,617.6586309000268,618.7272778000333,,,,60.01601227522506,615.379800900002,616.1423189000343,,,615.3635626000469,616.1276389000122,,,house\house_21.jpg,,,,,,,,,,,,,,,,,,,,,,,0,0,1,,None,,616.1423189000343,,,,,None,,0,,,2025.2.4,,,1,616.1321788000059,617.6443025000044,,,None,None,616.1424189666907,616.6756536000175,,,143,0,2026-08-24_21:31:41.814000,143,44,localizer,,None,,,None,,143,143,0,143,,,,,,house,Maison,Haus,
620.9758446000051,622.0591115000425,1.07,,,3,622.0591732000466,622.0592066000099,,,hand,8,8,,,,,,,,,,,,,,,,,,,,,,,,,,,,,,None,,,None,2026-08-24_21h21.25.115,8,TSRlearn_localizer-concepts,2026-08-24 21h21.26.458819 +0200,,619.4751821000245,620.9907187000499,622.0920014000149,,,,60.01601227522506,618.7272778000333,619.4751821000245,,,618.7068292000331,619.4617481000023,,,hand\hand_08.jpg,,,,,,,,,,,,,,,,,,,,,,,0,0,1,,None,,619.4751821000245,,,,,None,,0,,,2025.2.4,,,1,619.4646895000478,620.9757868000306,,,None,None,619.4765481667166,619.9581280000275,,,144,0,2026-08-24_21:31:45.161477,144,45,localizer,,None,,,None,,144,144,0,144,,,,,,hand,Main,Hand,
624.3583632000373,625.5086407000199,1.15,,,3,625.5086985000526,625.5087299000006,,,chair,4,4,,,,,,,,,,,,,,,,,,,,,,,,,,,,,,None,,,None,2026-08-24_21h21.25.115,13,TSRlearn_localizer-concepts,2026-08-24 21h21.26.458819 +0200,,622.8567350000376,624.3734167000512,625.5622644000105,,,,60.01601227522506,622.0920014000149,622.8567350000376,,,622.0762357000494,622.8426342000021,,,chair\chair_13.jpg,,,,,,,,,,,,,,,,,,,,,,,0,0,1,,None,,622.8567350000376,,,,,None,,0,,,2025.2.4,,,1,622.8459616000182,624.3583029000438,,,None,None,622.8573366666717,623.7736431000521,,,145,0,2026-08-24_21:31:48.526201,145,46,localizer,,None,,,None,,145,145,0,145,,,,,,chair,Chaise,Stuhl,
627.8086120000225,628.7735355000477,0.96,,,3,628.7735899000545,628.7736181000364,,,flower,6,6,,,,,,,,,,,,,,,,,,,,,,,,,,,,,,None,,,None,2026-08-24_21h21.25.115,40,TSRlearn_localizer-concepts,2026-08-24 21h21.26.458819 +0200,,626.3224371000542,627.8221338000149,628.8417915000464,,,,60.01601227522506,625.5622644000105,626.3224371000542,,,625.5500639000093,626.3083003000356,,,flower\flower_40.jpg,,,,,,,,,,,,,,,,,,,,,,,0,0,1,,None,,626.3224371000542,,,,,None,,0,,,2025.2.4,,,1,626.3115136000561,627.8085548000527,,,None,None,626.323002466703,627.2219587000436,,,146,0,2026-08-24_21:31:51.996464,146,47,localizer,,None,,,None,,146,146,0,146,,,,,,flower,Fleur,Blume,
631.3066098000272,632.4571565000224,1.15,,,3,632.4572085000109,632.4572360000457,,,jacket,10,5,,,,,,,,,,,,,,,,,,,,,,,,,,,,,,None,,,r,2026-08-24_21h21.25.115,42,TSRlearn_localizer-concepts,2026-08-24 21h21.26.458819 +0200,,629.6215876000351,631.3210945000174,632.5074606000562,,,,60.01601227522506,628.8417915000464,629.6215876000351,,,628.8191063000122,629.5897395000211,,,jacket\jacket_42.jpg,,,,,,,,,,,,,,,,,,,,,,,0,1,1,,None,,629.6215876000351,,,,,right,,0,,,2025.2.4,,,1,629.604393400019,631.3065447000554,,,None,None,629.6045604667199,630.1047157000285,,,147,0,2026-08-24_21:31:55.275990,147,48,localizer,,None,,,None,,147,147,0,147,,,,,,dog,Chien,Hund,
634.7718524000375,635.6052920000511,0.82,,,3,635.6053506000317,635.6053813000326,,,flower,6,6,,,,,,,,,,,,,,,,,,,,,,,,,,,,,,None,,,None,2026-08-24_21h21.25.115,37,TSRlearn_localizer-concepts,2026-08-24 21h21.26.458819 +0200,,633.2707995000528,634.7868059000466,635.6381549000507,,,,60.01601227522506,632.5074606000562,633.2707995000528,,,632.4885565000004,633.2562655000365,,,flower\flower_37.jpg,,,,,,,,,,,,,,,,,,,,,,,0,0,1,,None,,633.2707995000528,,,,,None,,0,,,2025.2.4,,,1,633.2597264000215,634.7717937000562,,,None,None,633.2706810666753,634.1698135000188,,,148,0,2026-08-24_21:31:58.941660,148,49,localizer,,None,,,None,,148,148,0,148,,,,,,flower,Fleur,Blume,
637.8889584000572,639.1040868000127,1.21,,,3,639.1041419000248,661.6477515000151,639.118073300051,654.1322722000186,dog,5,5,,,,,,,,,,,,,,,,,,,,,,,,,,,,,190.17235300003085,r,2.8025105000124313,654.1156752000097,None,2026-08-24_21h21.25.115,39,TSRlearn_localizer-concepts,2026-08-24 21h21.26.458819 +0200,,636.4030150000472,637.9018313000561,639.118073300051,,,,60.01601227522506,635.6381549000507,636.4030150000472,,,635.6202690000064,636.388228100026,,,dog\dog_39.jpg,654.1156752000097,,,,,,,,,,,,,,,,,,,,,,0,0,1,,None,,636.4030150000472,,,,,None,,0,639.118073300051,654.1322722000186,2025.2.4,,,1,636.3914115000516,637.8888970000553,,,None,None,636.402842166721,636.8857569000102,,,149,0,2026-08-24_21:32:02.072354,149,50,localizer,190.17235300003085,r,2.8025105000124313,,None,,149,149,0,149,,,,,,dog,Chien,Hund,
663.9962776000029,664.9813051000237,0.98,,,4,664.9851958000218,664.9852488000179,,,ball,1,1,,,,,,,,,,,,,,,,,,,,,,,,,,,,,,None,,,None,2026-08-24_21h21.25.115,36,TSRlearn_localizer-concepts,2026-08-24 21h21.26.458819 +0200,,662.4945305000292,664.0104588000104,665.032614100026,,,,60.01601227522506,661.7428147000028,662.4945305000292,,,661.7200031000539,662.4799776000436,,,ball\ball_36.jpg,,,,,,,,,,,,,,,,,,,,,,,0,0,1,,None,,662.4945305000292,,,,,None,,0,,,2025.2.4,,,1,662.4829192000325,663.9962165000034,,,None,None,662.4944647667037,663.2775716000469,,,150,0,2026-08-24_21:32:28.177014,150,1,localizer,,None,,,None,,150,150,0,150,,,,,,ball,Ballon,Ball,
667.2950092000538,668.2444325000397,0.94,,,4,668.2444945000461,668.2445286000147,,,hand,8,8,,,,,,,,,,,,,,,,,,,,,,,,,,,,,,None,,,None,2026-08-24_21h21.25.115,12,TSRlearn_localizer-concepts,2026-08-24 21h21.26.458819 +0200,,665.793363600038,667.3098500000197,668.3173596000415,,,,60.01601227522506,665.032614100026,665.793363600038,,,665.0166141000227,665.7796875000349,,,hand\hand_12.jpg,,,,,,,,,,,,,,,,,,,,,,,0,0,1,,None,,665.793363600038,,,,,None,,0,,,2025.2.4,,,1,665.7836230000248,667.2949369000271,,,None,None,665.7938862667108,666.2929964000359,,,151,0,2026-08-24_21:32:31.466813,151,2,localizer,,None,,,None,,151,151,0,151,,,,,,hand,Main,Hand,
670.5771944000153,671.4112402000464,0.82,,,4,671.4112925000372,671.4113200000138,,,dog,5,5,,,,,,,,,,,,,,,,,,,,,,,,,,,,,,None,,,None,2026-08-24_21h21.25.115,41,TSRlearn_localizer-concepts,2026-08-24 21h21.26.458819 +0200,,669.0925054000109,670.5919577000313,671.4608307000017,,,,60.01601227522506,668.3173596000415,669.0925054000109,,,668.2940215000417,669.0612090000068,,,dog\dog_41.jpg,,,,,,,,,,,,,,,,,,,,,,,0,0,1,,None,,669.0925054000109,,,,,None,,0,,,2025.2.4,,,1,669.0757009000517,670.5771298000473,,,None,None,669.0758976666878,669.5758547000005,,,152,0,2026-08-24_21:32:34.751559,152,3,localizer,,None,,,None,,152,152,0,152,,,,,,dog,Chien,Hund,
673.7125859000371,674.9427367000026,1.22,,,4,674.9427937000291,674.9428220000118,,,hammer,7,7,,,,,,,,,,,,,,,,,,,,,,,,,,,,,,None,,,None,2026-08-24_21h21.25.115,42,TSRlearn_localizer-concepts,2026-08-24 21h21.26.458819 +0200,,672.2414687000564,673.7245992000098,674.9956764000235,,,,60.01601227522506,671.4608307000017,672.2414687000564,,,671.4491640000488,672.2105681000394,,,hammer\hammer_42.jpg,,,,,,,,,,,,,,,,,,,,,,,0,0,1,,None,,672.2414687000564,,,,,None,,0,,,2025.2.4,,,1,672.229087100015,673.7125232000253,,,None,None,672.241879433343,672.7575517000514,,,153,0,2026-08-24_21:32:37.895030,153,4,localizer,,None,,,None,,153,153,0,153,,,,,,hammer,Marteau,Hammer,
677.4584968000418,678.6415417000535,1.18,,,4,678.641597400012,678.6416266000015,,,chair,4,8,,,,,,,,,,,,,,,,,,,,,,,,,,,,,,None,,,r,2026-08-24_21h21.25.115,45,TSRlearn_localizer-concepts,2026-08-24 21h21.26.458819 +0200,,675.7590243000304,677.4731342000305,678.6929628000362,,,,60.01601227522506,674.9956764000235,675.7590243000304,,,674.985508200014,675.7442097000312,,,chair\chair_45.jpg,,,,,,,,,,,,,,,,,,,,,,,0,1,1,,None,,675.7590243000304,,,,,left,,0,,,2025.2.4,,,1,675.7473515000311,677.4584376000566,,,None,None,675.7588981667107,676.2570603000349,,,154,0,2026-08-24_21:32:41.429876,154,5,localizer,,None,,,None,,154,154,0,154,,,,,,hand,Main,Hand,
680.9579543000436,681.724049100012,0.76,,,4,681.7241214000387,681.7241566000157,,,bread,3,3,,,,,,,,,,,,,,,,,,,,,,,,,,,,,,None,,,None,2026-08-24_21h21.25.115,18,TSRlearn_localizer-concepts,2026-08-24 21h21.26.458819 +0200,,679.4565516000148,680.9719322000165,681.775831100007,,,,60.01601227522506,678.6929628000362,679.4565516000148,,,678.674164200027,679.4419251000509,,,bread\bread_18.jpg,,,,,,,,,,,,,,,,,,,,,,,0,0,1,,None,,679.4565516000148,,,,,None,,0,,,2025.2.4,,,1,679.4449715000228,680.9578955000034,,,None,None,679.4562781666793,680.3724147000466,,,155,0,2026-08-24_21:32:45.127162,155,6,localizer,,None,,,None,,155,155,0,155,,,,,,bread,Pain,Brot,
684.0248513000552,684.8416779000545,0.81,,,4,684.8417369000381,684.8417684000451,,,bicycle,2,2,,,,,,,,,,,,,,,,,,,,,,,,,,,,,,None,,,None,2026-08-24_21h21.25.115,28,TSRlearn_localizer-concepts,2026-08-24 21h21.26.458819 +0200,,682.5392401000136,684.0378808000241,684.87230680004,,,,60.01601227522506,681.775831100007,682.5392401000136,,,681.7579165000352,682.5244834000478,,,bicycle\bicycle_28.jpg,,,,,,,,,,,,,,,,,,,,,,,0,0,1,,None,,682.5392401000136,,,,,None,,0,,,2025.2.4,,,1,682.5265836000326,684.0247929000179,,,None,None,682.5388217666807,683.2385935000493,,,156,0,2026-08-24_21:32:48.210030,156,7,localizer,,None,,,None,,156,156,0,156,,,,,,bicycle,Vélo,Fahrrad,
687.1390364000108,687.9388536000042,0.79,,,4,687.9389106000308,687.9389398000203,,,dog,5,5,,,,,,,,,,,,,,,,,,,,,,,,,,,,,,None,,,None,2026-08-24_21h21.25.115,22,TSRlearn_localizer-concepts,2026-08-24 21h21.26.458819 +0200,,685.637603500043,687.1532514000428,687.9740014000563,,,,60.01601227522506,684.87230680004,685.637603500043,,,684.8650621000561,685.622900300019,,,dog\dog_22.jpg,,,,,,,,,,,,,,,,,,,,,,,0,0,1,,None,,685.637603500043,,,,,None,,0,,,2025.2.4,,,1,685.6267316000303,687.1389643000439,,,None,None,685.6372819666906,686.1370372000383,,,157,0,2026-08-24_21:32:51.306506,157,8,localizer,,None,,,None,,157,157,0,157,,,,,,dog,Chien,Hund,
690.2377421000274,691.1050152000389,0.86,,,4,691.1050977000268,691.1051359000267,,,house,9,9,,,,,,,,,,,,,,,,,,,,,,,,,,,,,,None,,,None,2026-08-24_21h21.25.115,7,TSRlearn_localizer-concepts,2026-08-24 21h21.26.458819 +0200,,688.7366017000168,690.2522651000181,691.1380508000148,,,,60.01601227522506,687.9740014000563,688.7366017000168,,,687.9600935000344,688.7231790000224,,,house\house_07.jpg,,,,,,,,,,,,,,,,,,,,,,,0,0,1,,None,,688.7366017000168,,,,,None,,0,,,2025.2.4,,,1,688.7277387000504,690.2376738000312,,,None,None,688.7379136667043,689.286096900003,,,158,0,2026-08-24_21:32:54.408201,158,9,localizer,,None,,,None,,158,158,0,158,,,,,,house,Maison,Haus,
693.4032880000304,694.2704124000156,0.86,,,4,694.2704777000472,694.270513400028,,,bicycle,2,2,,,,,,,,,,,,,,,,,,,,,,,,,,,,,,None,,,None,2026-08-24_21h21.25.115,42,TSRlearn_localizer-concepts,2026-08-24 21h21.26.458819 +0200,,691.9021278000437,693.4181575000403,694.3021367000183,,,,60.01601227522506,691.1380508000148,691.9021278000437,,,691.1241183000384,691.8878060000134,,,bicycle\bicycle_42.jpg,,,,,,,,,,,,,,,,,,,,,,,0,0,1,,None,,691.9021278000437,,,,,None,,0,,,2025.2.4,,,1,691.8899945000303,693.403232200013,,,None,None,691.9024465666773,692.6179763000109,,,159,0,2026-08-24_21:32:57.572250,159,10,localizer,,None,,,None,,159,159,0,159,,,,,,bicycle,Vélo,Fahrrad,
696.5522298000287,697.3521819000016,0.8,,,4,697.3522355000023,697.3522636000416,,,chair,4,4,,,,,,,,,,,,,,,,,,,,,,,,,,,,,,None,,,None,2026-08-24_21h21.25.115,25,TSRlearn_localizer-concepts,2026-08-24 21h21.26.458819 +0200,,695.0512683000416,696.5666474000318,697.385310200043,,,,60.01601227522506,694.3021367000183,695.0512683000416,,,694.2858603000059,695.0375458000344,,,chair\chair_25.jpg,,,,,,,,,,,,,,,,,,,,,,,0,0,1,,None,,695.0512683000416,,,,,None,,0,,,2025.2.4,,,1,695.040604000038,696.5521683000261,,,None,None,695.0520051667156,695.9842340000323,,,160,0,2026-08-24_21:33:00.736336,160,11,localizer,,None,,,None,,160,160,0,160,,,,,,chair,Chaise,Stuhl,
699.6515957000083,700.8339808000019,1.18,,,4,700.834036300017,700.834064900002,,,hammer,7,7,,,,,,,,,,,,,,,,,,,,,,,,,,,,,,None,,,None,2026-08-24_21h21.25.115,29,TSRlearn_localizer-concepts,2026-08-24 21h21.26.458819 +0200,,698.166893400019,699.6662954000058,700.8685956000118,,,,60.01601227522506,697.385310200043,698.166893400019,,,697.3723128000274,698.1354655000032,,,hammer\hammer_29.jpg,,,,,,,,,,,,,,,,,,,,,,,0,0,1,,None,,698.166893400019,,,,,None,,0,,,2025.2.4,,,1,698.1499647000455,699.6515282000182,,,None,None,698.1501012666888,698.6835421000142,,,161,0,2026-08-24_21:33:03.819509,161,12,localizer,,None,,,None,,161,161,0,161,,,,,,hammer,Marteau,Hammer,
703.1344940000563,704.3332639000146,1.19,,,4,704.333319700032,704.3333482000162,,,hand,8,8,,,,,,,,,,,,,,,,,,,,,,,,,,,,,,None,,,None,2026-08-24_21h21.25.115,14,TSRlearn_localizer-concepts,2026-08-24 21h21.26.458819 +0200,,701.6342580000055,703.1488778000348,704.3828641000437,,,,60.01601227522506,700.8685956000118,701.6342580000055,,,700.8535986000206,701.6193994000205,,,hand\hand_14.jpg,,,,,,,,,,,,,,,,,,,,,,,0,0,1,,None,,701.6342580000055,,,,,None,,0,,,2025.2.4,,,1,701.6226406000205,703.1344363000244,,,None,None,701.6340542666769,702.132033700007,,,162,0,2026-08-24_21:33:07.302795,162,13,localizer,,None,,,None,,162,162,0,162,,,,,,hand,Main,Hand,
706.8512215000228,707.8985778000206,1.04,,,4,707.8986432000529,707.8986786000314,,,jacket,10,9,,,,,,,,,,,,,,,,,,,,,,,,,,,,,,None,,,r,2026-08-24_21h21.25.115,5,TSRlearn_localizer-concepts,2026-08-24 21h21.26.458819 +0200,,705.1473278000485,706.865469100012,707.9661775000277,,,,60.01601227522506,704.3828641000437,705.1473278000485,,,704.3740155000123,705.1347591000376,,,jacket\jacket_05.jpg,,,,,,,,,,,,,,,,,,,,,,,0,1,1,,None,,705.1473278000485,,,,,left,,0,,,2025.2.4,,,1,705.139290000021,706.8511581000057,,,None,None,705.149421866696,705.6808926000376,,,163,0,2026-08-24_21:33:10.817063,163,14,localizer,,None,,,None,,163,163,0,163,,,,,,house,Maison,Haus,
710.2309293000144,711.3472632000339,1.11,,,4,711.3473171000369,711.3473454000195,,,dog,5,5,,,,,,,,,,,,,,,,,,,,,,,,,,,,,,None,,,None,2026-08-24_21h21.25.115,14,TSRlearn_localizer-concepts,2026-08-24 21h21.26.458819 +0200,,708.7460719000082,710.2461190000176,711.3804102000431,,,,60.01601227522506,707.9661775000277,708.7460719000082,,,707.946462700027,708.7155913000461,,,dog\dog_14.jpg,,,,,,,,,,,,,,,,,,,,,,,0,0,1,,None,,708.7460719000082,,,,,None,,0,,,2025.2.4,,,1,708.7302613000502,710.23087020003,,,None,None,708.7466742333568,709.2297820000094,,,164,0,2026-08-24_21:33:14.400377,164,15,localizer,,None,,,None,,164,164,0,164,,,,,,dog,Chien,Hund,
713.6477183000534,714.8320500000264,1.17,,,4,714.8321108000237,714.8321427000337,,,hand,8,8,,,,,,,,,,,,,,,,,,,,,,,,,,,,,,None,,,None,2026-08-24_21h21.25.115,32,TSRlearn_localizer-concepts,2026-08-24 21h21.26.458819 +0200,,712.1454980000271,713.6623941000435,714.9801883000182,,,,60.01601227522506,711.3804102000431,712.1454980000271,,,711.3628954000305,712.1316500000539,,,hand\hand_32.jpg,,,,,,,,,,,,,,,,,,,,,,,0,0,1,,None,,712.1454980000271,,,,,None,,0,,,2025.2.4,,,1,712.1352277000551,713.6476568000508,,,None,None,712.1454877667168,712.6293767000316,,,165,0,2026-08-24_21:33:17.814609,165,16,localizer,,None,,,None,,165,165,0,165,,,,,,hand,Main,Hand,
717.2295512000564,718.4120579000446,1.17,,,4,718.4121151000145,718.4121451000101,,,ball,1,1,,,,,,,,,,,,,,,,,,,,,,,,,,,,,,None,,,None,2026-08-24_21h21.25.115,15,TSRlearn_localizer-concepts,2026-08-24 21h21.26.458819 +0200,,715.729530600016,717.2439345000312,718.4807896000566,,,,60.01601227522506,714.9801883000182,715.729530600016,,,714.913693700044,715.7151561000501,,,ball\ball_15.jpg,,,,,,,,,,,,,,,,,,,,,,,0,0,1,,None,,715.729530600016,,,,,None,,0,,,2025.2.4,,,1,715.7185089000268,717.2294847000157,,,None,None,715.7297412666996,716.5102943000384,,,166,0,2026-08-24_21:33:21.414387,166,17,localizer,,None,,,None,,166,166,0,166,,,,,,ball,Ballon,Ball,
720.7447665000218,721.993825100013,1.24,,,4,721.9938781000092,721.99390640005,,,flower,6,6,,,,,,,,,,,,,,,,,,,,,,,,,,,,,,None,,,None,2026-08-24_21h21.25.115,1,TSRlearn_localizer-concepts,2026-08-24 21h21.26.458819 +0200,,719.2436945000081,720.7590996000217,722.0270291000488,,,,60.01601227522506,718.4807896000566,719.2436945000081,,,718.457818200055,719.2292034000275,,,flower\flower_01.jpg,,,,,,,,,,,,,,,,,,,,,,,0,0,1,,None,,719.2436945000081,,,,,None,,0,,,2025.2.4,,,1,719.2324946000008,720.7447094000527,,,None,None,719.2435748666796,720.1433024000144,,,167,0,2026-08-24_21:33:24.914989,167,18,localizer,,None,,,None,,167,167,0,167,,,,,,flower,Fleur,Blume,
724.293313800008,725.1098239000421,0.81,,,4,725.1098788000527,725.1099067000323,,,house,9,9,,,,,,,,,,,,,,,,,,,,,,,,,,,,,,None,,,None,2026-08-24_21h21.25.115,1,TSRlearn_localizer-concepts,2026-08-24 21h21.26.458819 +0200,,722.7924528000294,724.3086187000154,725.1595734000439,,,,60.01601227522506,722.0270291000488,722.7924528000294,,,722.01429250004,722.777613800019,,,house\house_01.jpg,,,,,,,,,,,,,,,,,,,,,,,0,0,1,,None,,722.7924528000294,,,,,None,,0,,,2025.2.4,,,1,722.7818408000167,724.2932551000267,,,None,None,722.7922324666908,723.3254346000031,,,168,0,2026-08-24_21:33:28.461228,168,19,localizer,,None,,,None,,168,168,0,168,,,,,,house,Maison,Haus,
727.4267620000173,728.3089613000047,0.87,,,4,728.3090145000024,728.3090427000425,,,hammer,7,7,,,,,,,,,,,,,,,,,,,,,,,,,,,,,,None,,,None,2026-08-24_21h21.25.115,22,TSRlearn_localizer-concepts,2026-08-24 21h21.26.458819 +0200,,725.9407418000046,727.4402701000217,728.3591253000195,,,,60.01601227522506,725.1595734000439,725.9407418000046,,,725.1401404000353,725.9096290000016,,,hammer\hammer_22.jpg,,,,,,,,,,,,,,,,,,,,,,,0,0,1,,None,,725.9407418000046,,,,,None,,0,,,2025.2.4,,,1,725.9243587000528,727.4267005000147,,,None,None,725.940897433386,726.4580672000302,,,169,0,2026-08-24_21:33:31.593772,169,20,localizer,,None,,,None,,169,169,0,169,,,,,,hammer,Marteau,Hammer,
730.6082826000056,731.8579271000344,1.24,,,4,731.8579821000458,731.8580118000391,,,jacket,10,10,,,,,,,,,,,,,,,,,,,,,,,,,,,,,,None,,,None,2026-08-24_21h21.25.115,13,TSRlearn_localizer-concepts,2026-08-24 21h21.26.458819 +0200,,729.1249556000112,730.6226927000098,731.9084841000149,,,,60.01601227522506,728.3591253000195,729.1249556000112,,,728.338241200021,729.0947115000454,,,jacket\jacket_13.jpg,,,,,,,,,,,,,,,,,,,,,,,0,0,1,,None,,729.1249556000112,,,,,None,,0,,,2025.2.4,,,1,729.1167051000521,730.6082227000152,,,None,None,729.1253925333808,729.6734350000042,,,170,0,2026-08-24_21:33:34.793324,170,21,localizer,,None,,,None,,170,170,0,170,,,,,,jacket,Veste,Jacke,
734.1746980000171,735.3567072000005,1.18,,,4,735.356771700026,735.3568068000022,,,dog,5,5,,,,,,,,,,,,,,,,,,,,,,,,,,,,,,None,,,None,2026-08-24_21h21.25.115,23,TSRlearn_localizer-concepts,2026-08-24 21h21.26.458819 +0200,,732.6883568000048,734.1882977000205,735.4060305000166,,,,60.01601227522506,731.9084841000149,732.6883568000048,,,731.8939864000422,732.6584400000283,,,dog\dog_23.jpg,,,,,,,,,,,,,,,,,,,,,,,0,0,1,,None,,732.6883568000048,,,,,None,,0,,,2025.2.4,,,1,732.6767220000038,734.1746345000574,,,None,None,732.6897984333414,733.1721480000415,,,171,0,2026-08-24_21:33:38.342683,171,22,localizer,,None,,,None,,171,171,0,171,,,,,,dog,Chien,Hund,
737.6559492000379,738.8723951000138,1.21,,,4,738.8724520000396,738.8724833000451,,,flower,6,6,,,,,,,,,,,,,,,,,,,,,,,,,,,,,,None,,,None,2026-08-24_21h21.25.115,5,TSRlearn_localizer-concepts,2026-08-24 21h21.26.458819 +0200,,736.1550072000246,737.6702123000287,738.9223322000471,,,,60.01601227522506,735.4060305000166,736.1550072000246,,,735.3851154000149,736.1404245000449,,,flower\flower_05.jpg,,,,,,,,,,,,,,,,,,,,,,,0,0,1,,None,,736.1550072000246,,,,,None,,0,,,2025.2.4,,,1,736.1433363000397,737.6558912000037,,,None,None,736.1550750666686,737.0539563000202,,,172,0,2026-08-24_21:33:41.840230,172,23,localizer,,None,,,None,,172,172,0,172,,,,,,flower,Fleur,Blume,
741.188156600052,742.4371898000245,1.24,,,4,742.4372462000465,742.4372778000543,,,bread,3,3,,,,,,,,,,,,,,,,,,,,,,,,,,,,,,None,,,None,2026-08-24_21h21.25.115,24,TSRlearn_localizer-concepts,2026-08-24 21h21.26.458819 +0200,,739.6867249000352,741.2026989000151,742.4706236000056,,,,60.01601227522506,738.9223322000471,739.6867249000352,,,738.9047413000371,739.672237700026,,,bread\bread_24.jpg,,,,,,,,,,,,,,,,,,,,,,,0,0,1,,None,,739.6867249000352,,,,,None,,0,,,2025.2.4,,,1,739.6755608000094,741.1880972000072,,,None,None,739.6868968667152,740.6029372000485,,,173,0,2026-08-24_21:33:45.356531,173,24,localizer,,None,,,None,,173,173,0,173,,,,,,bread,Pain,Brot,
744.7367204000475,745.9209018000402,1.18,,,4,745.9209641000489,745.9209921000293,,,house,9,9,,,,,,,,,,,,,,,,,,,,,,,,,,,,,,None,,,None,2026-08-24_21h21.25.115,15,TSRlearn_localizer-concepts,2026-08-24 21h21.26.458819 +0200,,743.2358055000077,744.7516267000465,745.9524722000351,,,,60.01601227522506,742.4706236000056,743.2358055000077,,,742.4571644000243,743.2215628000558,,,house\house_15.jpg,,,,,,,,,,,,,,,,,,,,,,,0,0,1,,None,,743.2358055000077,,,,,None,,0,,,2025.2.4,,,1,743.225523000001,744.7366620000103,,,None,None,743.2361429666673,743.7686689000111,,,174,0,2026-08-24_21:33:48.904823,174,25,localizer,,None,,,None,,174,174,0,174,,,,,,house,Maison,Haus,
748.2034886000329,749.0854546000483,0.87,,,4,749.0855089000543,749.0855370000354,,,ball,1,1,,,,,,,,,,,,,,,,,,,,,,,,,,,,,,None,,,None,2026-08-24_21h21.25.115,26,TSRlearn_localizer-concepts,2026-08-24 21h21.26.458819 +0200,,746.7175742000109,748.2173124000547,749.1664773000521,,,,60.01601227522506,745.9524722000351,746.7175742000109,,,745.9471409000107,746.7026257000398,,,ball\ball_26.jpg,,,,,,,,,,,,,,,,,,,,,,,0,0,1,,None,,746.7175742000109,,,,,None,,0,,,2025.2.4,,,1,746.7055239000474,748.2034308000002,,,None,None,746.717493266686,747.4852809000295,,,175,0,2026-08-24_21:33:52.386671,175,26,localizer,,None,,,None,,175,175,0,175,,,,,,ball,Ballon,Ball,
751.618312000006,752.5349865000462,0.91,,,4,752.5350386000355,752.535066100012,,,bread,3,7,,,,,,,,,,,,,,,,,,,,,,,,,,,,,,None,,,r,2026-08-24_21h21.25.115,46,TSRlearn_localizer-concepts,2026-08-24 21h21.26.458819 +0200,,749.9169352000463,751.6331718000001,752.569514700037,,,,60.01601227522506,749.1664773000521,749.9169352000463,,,749.13244450005,749.9019097000128,,,bread\bread_46.jpg,,,,,,,,,,,,,,,,,,,,,,,0,1,1,,None,,749.9169352000463,,,,,left,,0,,,2025.2.4,,,1,749.9050801000558,751.6182554000407,,,None,None,749.9167932667226,750.4333846000372,,,176,0,2026-08-24_21:33:55.600676,176,27,localizer,,None,,,None,,176,176,0,176,,,,,,hammer,Marteau,Hammer,
754.8177918000147,755.7671737000346,0.94,,,4,755.7672344000312,755.7672667000443,,,chair,4,4,,,,,,,,,,,,,,,,,,,,,,,,,,,,,,None,,,None,2026-08-24_21h21.25.115,7,TSRlearn_localizer-concepts,2026-08-24 21h21.26.458819 +0200,,753.3324853000231,754.8321209000424,755.8196317000547,,,,60.01601227522506,752.569514700037,753.3324853000231,,,752.5606556000421,753.3175645000301,,,chair\chair_07.jpg,,,,,,,,,,,,,,,,,,,,,,,0,0,1,,None,,753.3324853000231,,,,,None,,0,,,2025.2.4,,,1,753.3204127000063,754.8177228000131,,,None,None,753.332301666673,754.249642300012,,,177,0,2026-08-24_21:33:59.003714,177,28,localizer,,None,,,None,,177,177,0,177,,,,,,chair,Chaise,Stuhl,
758.0826494000503,759.165716700023,1.08,,,4,759.1657831000048,759.1658176000346,,,bicycle,2,2,,,,,,,,,,,,,,,,,,,,,,,,,,,,,,None,,,None,2026-08-24_21h21.25.115,49,TSRlearn_localizer-concepts,2026-08-24 21h21.26.458819 +0200,,756.5816000000341,758.096953100001,759.2177100000554,,,,60.01601227522506,755.8196317000547,756.5816000000341,,,755.8067857000278,756.5674030000228,,,bicycle\bicycle_49.jpg,,,,,,,,,,,,,,,,,,,,,,,0,0,1,,None,,756.5816000000341,,,,,None,,0,,,2025.2.4,,,1,756.5698561000172,758.082584400021,,,None,None,756.5818663666762,757.2973319000448,,,178,0,2026-08-24_21:34:02.253831,178,29,localizer,,None,,,None,,178,178,0,178,,,,,,bicycle,Vélo,Fahrrad,
761.466635800025,762.4146112000453,0.95,,,4,762.4146637000376,762.414691300015,,,bread,3,3,,,,,,,,,,,,,,,,,,,,,,,,,,,,,,None,,,None,2026-08-24_21h21.25.115,27,TSRlearn_localizer-concepts,2026-08-24 21h21.26.458819 +0200,,759.9803416000213,761.4800677000312,762.4686776000308,,,,60.01601227522506,759.2177100000554,759.9803416000213,,,759.2038245000294,759.9662297000177,,,bread\bread_27.jpg,,,,,,,,,,,,,,,,,,,,,,,0,0,1,,None,,759.9803416000213,,,,,None,,0,,,2025.2.4,,,1,759.9698255000403,761.4665754000307,,,None,None,759.9808222667236,760.8960661000456,,,179,0,2026-08-24_21:34:05.651909,179,30,localizer,,None,,,None,,179,179,0,179,,,,,,bread,Pain,Brot,
764.7308247000328,765.9641951000085,1.22,,,4,765.9642487000092,765.9642761000432,,,hammer,7,7,,,,,,,,,,,,,,,,,,,,,,,,,,,,,,None,,,None,2026-08-24_21h21.25.115,48,TSRlearn_localizer-concepts,2026-08-24 21h21.26.458819 +0200,,763.2298879000009,764.7463552000117,765.9985942000058,,,,60.01601227522506,762.4686776000308,763.2298879000009,,,762.4515979000134,763.215578400006,,,hammer\hammer_48.jpg,,,,,,,,,,,,,,,,,,,,,,,0,0,1,,None,,763.2298879000009,,,,,None,,0,,,2025.2.4,,,1,763.21888520004,764.7307593000005,,,None,None,763.2302962666765,763.7472263000091,,,180,0,2026-08-24_21:34:08.902877,180,31,localizer,,None,,,None,,180,180,0,180,,,,,,hammer,Marteau,Hammer,
768.2468669000082,769.1294696000405,0.87,,,4,769.1295254000579,769.1295539000421,,,chair,4,4,,,,,,,,,,,,,,,,,,,,,,,,,,,,,,None,,,None,2026-08-24_21h21.25.115,20,TSRlearn_localizer-concepts,2026-08-24 21h21.26.458819 +0200,,766.7612884000409,768.2608706000028,769.1819747000118,,,,60.01601227522506,765.9985942000058,766.7612884000409,,,765.9846726000542,766.7462985000457,,,chair\chair_20.jpg,,,,,,,,,,,,,,,,,,,,,,,0,0,1,,None,,766.7612884000409,,,,,None,,0,,,2025.2.4,,,1,766.7491161000216,768.2468074000208,,,None,None,766.7611795666783,767.6785344000091,,,181,0,2026-08-24_21:34:12.432793,181,32,localizer,,None,,,None,,181,181,0,181,,,,,,chair,Chaise,Stuhl,
771.4453310000245,772.5447264000541,1.09,,,4,772.5447852000361,772.5448162000393,,,hand,8,8,,,,,,,,,,,,,,,,,,,,,,,,,,,,,,None,,,None,2026-08-24_21h21.25.115,48,TSRlearn_localizer-concepts,2026-08-24 21h21.26.458819 +0200,,769.943771500024,771.4594563000137,772.5965122000198,,,,60.01601227522506,769.1819747000118,769.943771500024,,,769.1710134000168,769.9299258000101,,,hand\hand_48.jpg,,,,,,,,,,,,,,,,,,,,,,,0,0,1,,None,,769.943771500024,,,,,None,,0,,,2025.2.4,,,1,769.933705100033,771.4452708000317,,,None,None,769.9445370666838,770.4436156000011,,,182,0,2026-08-24_21:34:15.616174,182,33,localizer,,None,,,None,,182,182,0,182,,,,,,hand,Main,Hand,
774.86151040002,775.8604464000091,0.99,,,4,775.8605007000151,775.8605292000575,,,flower,6,6,,,,,,,,,,,,,,,,,,,,,,,,,,,,,,None,,,None,2026-08-24_21h21.25.115,32,TSRlearn_localizer-concepts,2026-08-24 21h21.26.458819 +0200,,773.3612402000581,774.875397900003,775.9104488000157,,,,60.01601227522506,772.5965122000198,773.3612402000581,,,772.5745159000508,773.3469906000537,,,flower\flower_32.jpg,,,,,,,,,,,,,,,,,,,,,,,0,0,1,,None,,773.3612402000581,,,,,None,,0,,,2025.2.4,,,1,773.3499307000311,774.8614507000311,,,None,None,773.3613509666795,774.2592332000495,,,183,0,2026-08-24_21:34:19.030711,183,34,localizer,,None,,,None,,183,183,0,183,,,,,,flower,Fleur,Blume,
778.1787177000078,779.1759482000489,0.99,,,4,779.1760021000518,779.1760310000391,,,jacket,10,10,,,,,,,,,,,,,,,,,,,,,,,,,,,,,,None,,,None,2026-08-24_21h21.25.115,8,TSRlearn_localizer-concepts,2026-08-24 21h21.26.458819 +0200,,776.6752422000282,778.1909811000223,779.2284332000418,,,,60.01601227522506,775.9104488000157,776.6752422000282,,,775.9000547000323,776.6610974000068,,,jacket\jacket_08.jpg,,,,,,,,,,,,,,,,,,,,,,,0,0,1,,None,,776.6752422000282,,,,,None,,0,,,2025.2.4,,,1,776.6658878000453,778.1786544000497,,,None,None,776.6755657666984,777.2249774000375,,,184,0,2026-08-24_21:34:22.344648,184,35,localizer,,None,,,None,,184,184,0,184,,,,,,jacket,Veste,Jacke,
781.4942136000027,782.3919719000114,0.9,,,4,782.3920267000212,782.3920554000069,,,house,9,9,,,,,,,,,,,,,,,,,,,,,,,,,,,,,,None,,,None,2026-08-24_21h21.25.115,24,TSRlearn_localizer-concepts,2026-08-24 21h21.26.458819 +0200,,779.9918326000334,781.5070407000021,782.4246306000277,,,,60.01601227522506,779.2284332000418,779.9918326000334,,,779.2118785000057,779.97638800001,,,house\house_24.jpg,,,,,,,,,,,,,,,,,,,,,,,0,0,1,,None,,779.9918326000334,,,,,None,,0,,,2025.2.4,,,1,779.9807166000246,781.4941531000077,,,None,None,779.9909198667194,780.5250056000077,,,185,0,2026-08-24_21:34:25.662632,185,36,localizer,,None,,,None,,185,185,0,185,,,,,,house,Maison,Haus,
784.6911665000371,785.9238066000398,1.22,,,4,785.9238602000405,785.9238886000239,,,dog,5,5,,,,,,,,,,,,,,,,,,,,,,,,,,,,,,None,,,None,2026-08-24_21h21.25.115,7,TSRlearn_localizer-concepts,2026-08-24 21h21.26.458819 +0200,,783.189578700054,784.7060553000192,785.95644920005,,,,60.01601227522506,782.4246306000277,783.189578700054,,,782.4112286000163,783.1750218000379,,,dog\dog_07.jpg,,,,,,,,,,,,,,,,,,,,,,,0,0,1,,None,,783.189578700054,,,,,None,,0,,,2025.2.4,,,1,783.1781454000156,784.6911087000044,,,None,None,783.1896463666965,783.6725528000388,,,186,0,2026-08-24_21:34:28.858830,186,37,localizer,,None,,,None,,186,186,0,186,,,,,,dog,Chien,Hund,
788.4235992000322,789.3064384000027,0.88,,,4,789.3065045000403,789.3065412000287,,,bicycle,2,6,,,,,,,,,,,,,,,,,,,,,,,,,,,,,,None,,,r,2026-08-24_21h21.25.115,35,TSRlearn_localizer-concepts,2026-08-24 21h21.26.458819 +0200,,786.7221645000391,788.4380002000253,789.3562600000296,,,,60.01601227522506,785.95644920005,786.7221645000391,,,785.9430369000183,786.7074542000191,,,bicycle\bicycle_35.jpg,,,,,,,,,,,,,,,,,,,,,,,0,1,1,,None,,786.7221645000391,,,,,right,,0,,,2025.2.4,,,1,786.710698400042,788.4235410000547,,,None,None,786.7220104666815,787.6215481000254,,,187,0,2026-08-24_21:34:32.390648,187,38,localizer,,None,,,None,,187,187,0,187,,,,,,flower,Fleur,Blume,
791.6222580000176,792.4057600000524,0.77,,,4,792.4058340000338,792.4058715000283,,,ball,1,1,,,,,,,,,,,,,,,,,,,,,,,,,,,,,,None,,,None,2026-08-24_21h21.25.115,31,TSRlearn_localizer-concepts,2026-08-24 21h21.26.458819 +0200,,790.1207205000101,791.6369572000112,792.4385975000332,,,,60.01601227522506,789.3562600000296,790.1207205000101,,,789.3349244000274,790.1063179000048,,,ball\ball_31.jpg,,,,,,,,,,,,,,,,,,,,,,,0,0,1,,None,,790.1207205000101,,,,,None,,0,,,2025.2.4,,,1,790.1092617000104,791.6221996000386,,,None,None,790.120746566685,790.9036390000256,,,188,0,2026-08-24_21:34:35.790459,188,39,localizer,,None,,,None,,188,188,0,188,,,,,,ball,Ballon,Ball,
794.7048802000354,795.77156990004,1.06,,,4,795.7716236000415,795.7716520000249,,,bicycle,2,2,,,,,,,,,,,,,,,,,,,,,,,,,,,,,,None,,,None,2026-08-24_21h21.25.115,23,TSRlearn_localizer-concepts,2026-08-24 21h21.26.458819 +0200,,793.2029511000146,794.719564900035,795.8430982000427,,,,60.01601227522506,792.4385975000332,793.2029511000146,,,792.4225976000307,793.1886890000314,,,bicycle\bicycle_23.jpg,,,,,,,,,,,,,,,,,,,,,,,0,0,1,,None,,793.2029511000146,,,,,None,,0,,,2025.2.4,,,1,793.1909537000465,794.7048167000175,,,None,None,793.2033983666954,793.9029563000076,,,189,0,2026-08-24_21:34:38.872797,189,40,localizer,,None,,,None,,189,189,0,189,,,,,,bicycle,Vélo,Fahrrad,
798.10409540002,798.9868705000263,0.87,,,4,798.9869282000582,798.9869570000446,,,flower,6,6,,,,,,,,,,,,,,,,,,,,,,,,,,,,,,None,,,None,2026-08-24_21h21.25.115,42,TSRlearn_localizer-concepts,2026-08-24 21h21.26.458819 +0200,,796.6025438000215,798.1182138000149,799.0387147000292,,,,60.01601227522506,795.8430982000427,796.6025438000215,,,795.8184385000495,796.5875813000021,,,flower\flower_42.jpg,,,,,,,,,,,,,,,,,,,,,,,0,0,1,,None,,796.6025438000215,,,,,None,,0,,,2025.2.4,,,1,796.5902135000215,798.1040362000349,,,None,None,796.6023000666794,797.5013261000277,,,190,0,2026-08-24_21:34:42.277297,190,41,localizer,,None,,,None,,190,190,0,190,,,,,,flower,Fleur,Blume,
801.3028188000317,802.1853647000389,0.88,,,4,802.1854287000024,802.185463300033,,,jacket,10,10,,,,,,,,,,,,,,,,,,,,,,,,,,,,,,None,,,None,2026-08-24_21h21.25.115,24,TSRlearn_localizer-concepts,2026-08-24 21h21.26.458819 +0200,,799.8010960000101,801.3172650000197,802.2183362000505,,,,60.01601227522506,799.0387147000292,799.8010960000101,,,799.0234304000041,799.7865184000111,,,jacket\jacket_24.jpg,,,,,,,,,,,,,,,,,,,,,,,0,0,1,,None,,799.8010960000101,,,,,None,,0,,,2025.2.4,,,1,799.7910257000476,801.3027601000504,,,None,None,799.8012125666758,800.352723100048,,,191,0,2026-08-24_21:34:45.472914,191,42,localizer,,None,,,None,,191,191,0,191,,,,,,jacket,Veste,Jacke,
804.4682515000459,805.5677666000556,1.1,,,4,805.5678204000578,805.5678488000412,,,chair,4,4,,,,,,,,,,,,,,,,,,,,,,,,,,,,,,None,,,None,2026-08-24_21h21.25.115,10,TSRlearn_localizer-concepts,2026-08-24 21h21.26.458819 +0200,,802.966821900045,804.4829025000217,805.6173056000262,,,,60.01601227522506,802.2183362000505,802.966821900045,,,802.2057269000215,802.9533230000525,,,chair\chair_10.jpg,,,,,,,,,,,,,,,,,,,,,,,0,0,1,,None,,802.966821900045,,,,,None,,0,,,2025.2.4,,,1,802.9562417000416,804.4681929000071,,,None,None,802.9679150666964,803.8834261000156,,,192,0,2026-08-24_21:34:48.652535,192,43,localizer,,None,,,None,,192,192,0,192,,,,,,chair,Chaise,Stuhl,
807.8840528000146,808.7000232000137,0.81,,,4,808.7000772000174,808.7001064000069,,,jacket,10,10,,,,,,,,,,,,,,,,,,,,,,,,,,,,,,None,,,None,2026-08-24_21h21.25.115,10,TSRlearn_localizer-concepts,2026-08-24 21h21.26.458819 +0200,,806.3822755000438,807.8981888000271,808.7496988000348,,,,60.01601227522506,805.6173056000262,806.3822755000438,,,805.5995462000137,806.3679507000488,,,jacket\jacket_10.jpg,,,,,,,,,,,,,,,,,,,,,,,0,0,1,,None,,806.3822755000438,,,,,None,,0,,,2025.2.4,,,1,806.3725624000072,807.8839943000348,,,None,None,806.3823457667061,806.9328064000001,,,193,0,2026-08-24_21:34:52.051505,193,44,localizer,,None,,,None,,193,193,0,193,,,,,,jacket,Veste,Jacke,
811.0168055000249,812.2672890000395,1.25,,,4,812.2673508000444,812.2673799000331,,,flower,6,6,,,,,,,,,,,,,,,,,,,,,,,,,,,,,,None,,,None,2026-08-24_21h21.25.115,7,TSRlearn_localizer-concepts,2026-08-24 21h21.26.458819 +0200,,809.5144740000251,811.0309863000293,812.3160095000057,,,,60.01601227522506,808.7496988000348,809.5144740000251,,,808.7334257000475,809.4997513000271,,,flower\flower_07.jpg,,,,,,,,,,,,,,,,,,,,,,,0,0,1,,None,,809.5144740000251,,,,,None,,0,,,2025.2.4,,,1,809.502653500007,811.016747500049,,,None,None,809.5143251667071,810.4141759000486,,,194,0,2026-08-24_21:34:55.183898,194,45,localizer,,None,,,None,,194,194,0,194,,,,,,flower,Fleur,Blume,
814.5670899000252,815.4149264000007,0.85,,,4,815.4149808000075,815.4150095000514,,,hand,8,8,,,,,,,,,,,,,,,,,,,,,,,,,,,,,,None,,,None,2026-08-24_21h21.25.115,22,TSRlearn_localizer-concepts,2026-08-24 21h21.26.458819 +0200,,813.0800914000138,814.5793217000319,815.4642316000536,,,,60.01601227522506,812.3160095000057,813.0800914000138,,,812.2996114000562,813.0651808000403,,,hand\hand_22.jpg,,,,,,,,,,,,,,,,,,,,,,,0,0,1,,None,,813.0800914000138,,,,,None,,0,,,2025.2.4,,,1,813.0684674000368,814.5670297000324,,,None,None,813.0800814667057,813.5813919000211,,,195,0,2026-08-24_21:34:58.750209,195,46,localizer,,None,,,None,,195,195,0,195,,,,,,hand,Main,Hand,
817.7305112000322,818.6467917000409,0.91,,,4,818.6468542000512,818.6468893000274,,,house,9,9,,,,,,,,,,,,,,,,,,,,,,,,,,,,,,None,,,None,2026-08-24_21h21.25.115,19,TSRlearn_localizer-concepts,2026-08-24 21h21.26.458819 +0200,,816.2294630000251,817.7450728000258,818.6793705000309,,,,60.01601227522506,815.4642316000536,816.2294630000251,,,815.4464790000347,816.2142985000391,,,house\house_19.jpg,,,,,,,,,,,,,,,,,,,,,,,0,0,1,,None,,816.2294630000251,,,,,None,,0,,,2025.2.4,,,1,816.2186370000127,817.730453600001,,,None,None,816.229037766698,816.76396750001,,,196,0,2026-08-24_21:35:01.898431,196,47,localizer,,None,,,None,,196,196,0,196,,,,,,house,Maison,Haus,
821.1626740000211,822.14584870002,0.97,,,4,822.1459031000268,822.1459323000163,,,ball,1,8,,,,,,,,,,,,,,,,,,,,,,,,,,,,,,None,,,r,2026-08-24_21h21.25.115,23,TSRlearn_localizer-concepts,2026-08-24 21h21.26.458819 +0200,,819.444677200052,821.1771002000314,822.1963612000109,,,,60.01601227522506,818.6793705000309,819.444677200052,,,818.666938600014,819.4302808000357,,,ball\ball_23.jpg,,,,,,,,,,,,,,,,,,,,,,,0,1,1,,None,,819.444677200052,,,,,left,,0,,,2025.2.4,,,1,819.4340388000128,821.1626155000413,,,None,None,819.4446557667145,819.9276077000541,,,197,0,2026-08-24_21:35:05.113569,197,48,localizer,,None,,,None,,197,197,0,197,,,,,,hand,Main,Hand,
824.4620965000358,825.461570500047,1,,,4,825.4616294000298,825.4616591000231,,,bread,3,3,,,,,,,,,,,,,,,,,,,,,,,,,,,,,,None,,,None,2026-08-24_21h21.25.115,9,TSRlearn_localizer-concepts,2026-08-24 21h21.26.458819 +0200,,822.9605544000515,824.4764048000216,825.5255042000208,,,,60.01601227522506,822.1963612000109,822.9605544000515,,,822.1826467000064,822.9471570000169,,,bread\bread_09.jpg,,,,,,,,,,,,,,,,,,,,,,,0,0,1,,None,,822.9605544000515,,,,,None,,0,,,2025.2.4,,,1,822.9509541000007,824.4620310000028,,,None,None,822.9614838666787,823.8934945000219,,,198,0,2026-08-24_21:35:08.630560,198,49,localizer,,None,,,None,,198,198,0,198,,,,,,bread,Pain,Brot,
827.7778936000541,828.7766787,1,,,4,828.7767312000506,888.058763900015,828.7917400000151,843.80303000001,hammer,7,7,,,,,,,,,,,,,,,,,,,,,,,,,,,,,226.5713137999992,r,7.358995700022206,843.7868131000432,None,2026-08-24_21h21.25.115,46,TSRlearn_localizer-concepts,2026-08-24 21h21.26.458819 +0200,,826.2759892000468,827.7919952000375,828.7917400000151,,,,60.01601227522506,825.5255042000208,826.2759892000468,,,825.4997368000331,826.2612351000425,,,hammer\hammer_46.jpg,843.7868131000432,,,,,,,,,,,,,,,,,,,,,,0,0,1,,None,,826.2759892000468,,,,,None,,0,828.7917400000151,843.80303000001,2025.2.4,,,1,826.2646762000513,827.7778362000245,,,None,None,826.2758492666801,826.7926802000147,,,199,0,2026-08-24_21:35:11.959703,199,50,localizer,226.5713137999992,r,7.358995700022206,,None,,199,199,0,199,,,,,,hammer,Marteau,Hammer,
890.391245900013,891.4751274000155,1.07,,,5,891.4784401000361,891.4784802000504,,,jacket,10,10,,,,,,,,,,,,,,,,,,,,,,,,,,,,,,None,,,None,2026-08-24_21h21.25.115,7,TSRlearn_localizer-concepts,2026-08-24 21h21.26.458819 +0200,,888.9057967000408,890.4053799000103,891.5236804000451,,,,60.01601227522506,888.1263401000178,888.9057967000408,,,888.1149374000379,888.8748013000004,,,jacket\jacket_07.jpg,,,,,,,,,,,,,,,,,,,,,,,0,0,1,,None,,888.9057967000408,,,,,None,,0,,,2025.2.4,,,1,888.8962982000085,890.3911778000183,,,None,None,888.9060516333634,889.4393262000522,,,200,0,2026-08-24_21:36:14.560539,200,1,localizer,,None,,,None,,200,200,0,200,,,,,,jacket,Veste,Jacke,
893.7901773000485,894.8400299000205,1.04,,,5,894.8400974000106,894.8401273000054,,,flower,6,6,,,,,,,,,,,,,,,,,,,,,,,,,,,,,,None,,,None,2026-08-24_21h21.25.115,33,TSRlearn_localizer-concepts,2026-08-24 21h21.26.458819 +0200,,892.2882770000142,893.8047889000154,894.8907071000431,,,,60.01601227522506,891.5236804000451,892.2882770000142,,,891.5127144000144,892.2740847000387,,,flower\flower_33.jpg,,,,,,,,,,,,,,,,,,,,,,,0,0,1,,None,,892.2882770000142,,,,,None,,0,,,2025.2.4,,,1,892.2816265000147,893.790118200006,,,None,None,892.288536966724,893.1894775000401,,,201,0,2026-08-24_21:36:17.957880,201,2,localizer,,None,,,None,,201,201,0,201,,,,,,flower,Fleur,Blume,
897.1556107000215,897.9390247000265,0.77,,,5,897.9390909000067,897.9391216000076,,,jacket,10,10,,,,,,,,,,,,,,,,,,,,,,,,,,,,,,None,,,None,2026-08-24_21h21.25.115,24,TSRlearn_localizer-concepts,2026-08-24 21h21.26.458819 +0200,,895.6537286000093,897.1702554000076,897.9886358000222,,,,60.01601227522506,894.8907071000431,895.6537286000093,,,894.8755639000447,895.6404935000464,,,jacket\jacket_24.jpg,,,,,,,,,,,,,,,,,,,,,,,0,0,1,,None,,895.6537286000093,,,,,None,,0,,,2025.2.4,,,1,895.6448335000314,897.1555509000318,,,None,None,895.6550263667052,896.1872196000186,,,202,0,2026-08-24_21:36:21.324906,202,3,localizer,,None,,,None,,202,202,0,202,,,,,,jacket,Veste,Jacke,
900.4549012000207,901.2543628000421,0.79,,,5,901.254425900057,901.2544604000286,,,dog,5,6,,,,,,,,,,,,,,,,,,,,,,,,,,,,,,None,,,r,2026-08-24_21h21.25.115,23,TSRlearn_localizer-concepts,2026-08-24 21h21.26.458819 +0200,,898.7534591000294,900.4689517000224,901.3041760000051,,,,60.01601227522506,897.9886358000222,898.7534591000294,,,897.970297300024,898.7386545000481,,,dog\dog_23.jpg,,,,,,,,,,,,,,,,,,,,,,,0,1,1,,None,,898.7534591000294,,,,,left,,0,,,2025.2.4,,,1,898.7416371000581,900.4548424000386,,,None,None,898.7531137666704,899.6524641000433,,,203,0,2026-08-24_21:36:24.422835,203,4,localizer,,None,,,None,,203,203,0,203,,,,,,flower,Fleur,Blume,
903.5546134000178,904.7863773000427,1.23,,,5,904.7864510000218,904.7864900000277,,,bread,3,3,,,,,,,,,,,,,,,,,,,,,,,,,,,,,,None,,,None,2026-08-24_21h21.25.115,24,TSRlearn_localizer-concepts,2026-08-24 21h21.26.458819 +0200,,902.068658800039,903.5688775000162,904.8370007000049,,,,60.01601227522506,901.3041760000051,902.068658800039,,,901.2926694000489,902.0543477000319,,,bread\bread_24.jpg,,,,,,,,,,,,,,,,,,,,,,,0,0,1,,None,,902.068658800039,,,,,None,,0,,,2025.2.4,,,1,902.0621926000458,903.5545540000312,,,None,None,902.0686937667235,902.9848304000334,,,204,0,2026-08-24_21:36:27.738375,204,5,localizer,,None,,,None,,204,204,0,204,,,,,,bread,Pain,Brot,
907.1023128000088,907.9525618000189,0.85,,,5,907.9526175000356,907.9526472000289,,,house,9,9,,,,,,,,,,,,,,,,,,,,,,,,,,,,,,None,,,None,2026-08-24_21h21.25.115,24,TSRlearn_localizer-concepts,2026-08-24 21h21.26.458819 +0200,,905.6007437000517,907.1168541000225,908.025588700024,,,,60.01601227522506,904.8370007000049,905.6007437000517,,,904.8166553000337,905.5862847000244,,,house\house_24.jpg,,,,,,,,,,,,,,,,,,,,,,,0,0,1,,None,,905.6007437000517,,,,,None,,0,,,2025.2.4,,,1,905.5921570000355,907.1022540000267,,,None,None,905.6007382667196,906.133856200031,,,205,0,2026-08-24_21:36:31.271200,205,6,localizer,,None,,,None,,205,205,0,205,,,,,,house,Maison,Haus,
910.2847982000094,911.0846773000085,0.79,,,5,911.0847331000259,911.0847617000109,,,bread,3,3,,,,,,,,,,,,,,,,,,,,,,,,,,,,,,None,,,None,2026-08-24_21h21.25.115,49,TSRlearn_localizer-concepts,2026-08-24 21h21.26.458819 +0200,,908.7831788000185,910.2994766000193,911.1192254000343,,,,60.01601227522506,908.025588700024,908.7831788000185,,,907.9969889000058,908.7689059000113,,,bread\bread_49.jpg,,,,,,,,,,,,,,,,,,,,,,,0,0,1,,None,,908.7831788000185,,,,,None,,0,,,2025.2.4,,,1,908.7720658000326,910.2847334000398,,,None,None,908.7835063667192,909.6996590000344,,,206,0,2026-08-24_21:36:34.459788,206,7,localizer,,None,,,None,,206,206,0,206,,,,,,bread,Pain,Brot,
913.3839202000527,914.2165205000201,0.82,,,5,914.2165754000307,914.2166043000179,,,ball,1,1,,,,,,,,,,,,,,,,,,,,,,,,,,,,,,None,,,None,2026-08-24_21h21.25.115,1,TSRlearn_localizer-concepts,2026-08-24 21h21.26.458819 +0200,,911.8819827000261,913.3979900000268,914.2670802000212,,,,60.01601227522506,911.1192254000343,911.8819827000261,,,911.100569000002,911.8681922000251,,,ball\ball_01.jpg,,,,,,,,,,,,,,,,,,,,,,,0,0,1,,None,,911.8819827000261,,,,,None,,0,,,2025.2.4,,,1,911.8755672000116,913.3838586000493,,,None,None,911.8828351667073,912.6653315000003,,,207,0,2026-08-24_21:36:37.553425,207,8,localizer,,None,,,None,,207,207,0,207,,,,,,ball,Ballon,Ball,
916.5339290000265,917.382335500035,0.84,,,5,917.3823899000417,917.3824187000282,,,dog,5,5,,,,,,,,,,,,,,,,,,,,,,,,,,,,,,None,,,None,2026-08-24_21h21.25.115,14,TSRlearn_localizer-concepts,2026-08-24 21h21.26.458819 +0200,,915.0475630000001,916.5474312000442,917.4552221000195,,,,60.01601227522506,914.2670802000212,915.0475630000001,,,914.2490299000056,915.0165975000127,,,dog\dog_14.jpg,,,,,,,,,,,,,,,,,,,,,,,0,0,1,,None,,915.0475630000001,,,,,None,,0,,,2025.2.4,,,1,915.0354328000103,916.5338697000407,,,None,None,915.0477897333408,915.5479728000355,,,208,0,2026-08-24_21:36:40.701279,208,9,localizer,,None,,,None,,208,208,0,208,,,,,,dog,Chien,Hund,
919.714778100024,920.5145144000417,0.8,,,5,920.5145675000385,920.5145970000303,,,hand,8,8,,,,,,,,,,,,,,,,,,,,,,,,,,,,,,None,,,None,2026-08-24_21h21.25.115,46,TSRlearn_localizer-concepts,2026-08-24 21h21.26.458819 +0200,,918.2156580000301,919.7297484000446,920.549272400036,,,,60.01601227522506,917.4552221000195,918.2156580000301,,,917.4325037000235,918.2014859000337,,,hand\hand_46.jpg,,,,,,,,,,,,,,,,,,,,,,,0,0,1,,None,,918.2156580000301,,,,,None,,0,,,2025.2.4,,,1,918.2056522000348,919.7147204000503,,,None,None,918.2157225667072,918.7131307000527,,,209,0,2026-08-24_21:36:43.889421,209,10,localizer,,None,,,None,,209,209,0,209,,,,,,hand,Main,Hand,
922.813958600047,923.9131080000079,1.1,,,5,923.9131647000322,923.9131941000232,,,ball,1,1,,,,,,,,,,,,,,,,,,,,,,,,,,,,,,None,,,None,2026-08-24_21h21.25.115,37,TSRlearn_localizer-concepts,2026-08-24 21h21.26.458819 +0200,,921.3129200000549,922.8286847000127,923.9468460000353,,,,60.01601227522506,920.549272400036,921.3129200000549,,,920.5390603000415,921.2980217000004,,,ball\ball_37.jpg,,,,,,,,,,,,,,,,,,,,,,,0,0,1,,None,,921.3129200000549,,,,,None,,0,,,2025.2.4,,,1,921.3007361000055,922.8138999000075,,,None,None,921.3126843667162,922.0954884000239,,,210,0,2026-08-24_21:36:46.983471,210,11,localizer,,None,,,None,,210,210,0,210,,,,,,ball,Ballon,Ball,
926.197301600012,927.3291860000463,1.13,,,5,927.3292472000467,927.329279000056,,,bicycle,2,2,,,,,,,,,,,,,,,,,,,,,,,,,,,,,,None,,,None,2026-08-24_21h21.25.115,35,TSRlearn_localizer-concepts,2026-08-24 21h21.26.458819 +0200,,924.7113547000336,926.2109636000241,927.3783458000398,,,,60.01601227522506,923.9468460000353,924.7113547000336,,,923.9344577000011,924.6965094000334,,,bicycle\bicycle_35.jpg,,,,,,,,,,,,,,,,,,,,,,,0,0,1,,None,,924.7113547000336,,,,,None,,0,,,2025.2.4,,,1,924.6991753000184,926.1972442000406,,,None,None,924.7112592667147,925.4117231000564,,,211,0,2026-08-24_21:36:50.381045,211,12,localizer,,None,,,None,,211,211,0,211,,,,,,bicycle,Vélo,Fahrrad,
929.6282386000385,930.6614793000044,1.02,,,5,930.6615334000089,930.6615622000536,,,hand,8,8,,,,,,,,,,,,,,,,,,,,,,,,,,,,,,None,,,None,2026-08-24_21h21.25.115,17,TSRlearn_localizer-concepts,2026-08-24 21h21.26.458819 +0200,,928.1280124000041,929.64331210003,930.6941782000358,,,,60.01601227522506,927.3783458000398,928.1280124000041,,,927.3567103000241,928.1133030000492,,,hand\hand_17.jpg,,,,,,,,,,,,,,,,,,,,,,,0,0,1,,None,,928.1280124000041,,,,,None,,0,,,2025.2.4,,,1,928.1164309000014,929.6281812000088,,,None,None,928.1279446667215,928.6281373000238,,,212,0,2026-08-24_21:36:53.812545,212,13,localizer,,None,,,None,,212,212,0,212,,,,,,hand,Main,Hand,
932.9446446000366,933.8101050000405,0.86,,,5,933.8101760000573,933.8102132000495,,,hammer,7,7,,,,,,,,,,,,,,,,,,,,,,,,,,,,,,None,,,None,2026-08-24_21h21.25.115,27,TSRlearn_localizer-concepts,2026-08-24 21h21.26.458819 +0200,,931.4587807000498,932.958807100018,933.8431051000371,,,,60.01601227522506,930.6941782000358,931.4587807000498,,,930.6771500000032,931.4284951000009,,,hammer\hammer_27.jpg,,,,,,,,,,,,,,,,,,,,,,,0,0,1,,None,,931.4587807000498,,,,,None,,0,,,2025.2.4,,,1,931.4463959000423,932.944577300048,,,None,None,931.459881333351,931.9758520000032,,,213,0,2026-08-24_21:36:57.128377,213,14,localizer,,None,,,None,,213,213,0,213,,,,,,hammer,Marteau,Hammer,
936.0931407000171,937.1266199000529,1.02,,,5,937.1266785000334,937.126710200042,,,ball,1,1,,,,,,,,,,,,,,,,,,,,,,,,,,,,,,None,,,None,2026-08-24_21h21.25.115,23,TSRlearn_localizer-concepts,2026-08-24 21h21.26.458819 +0200,,934.5927439000225,936.1078946000198,937.1792870000354,,,,60.01601227522506,933.8431051000371,934.5927439000225,,,933.8252478000359,934.5780744000222,,,ball\ball_23.jpg,,,,,,,,,,,,,,,,,,,,,,,0,0,1,,None,,934.5927439000225,,,,,None,,0,,,2025.2.4,,,1,934.5809259000234,936.0930826000404,,,None,None,934.5927391666958,935.374568600033,,,214,0,2026-08-24_21:37:00.277304,214,15,localizer,,None,,,None,,214,214,0,214,,,,,,ball,Ballon,Ball,
939.4422035000171,940.6748391000438,1.23,,,5,940.6748938000528,940.6749222000362,,,chair,4,4,,,,,,,,,,,,,,,,,,,,,,,,,,,,,,None,,,None,2026-08-24_21h21.25.115,41,TSRlearn_localizer-concepts,2026-08-24 21h21.26.458819 +0200,,937.940284500015,939.4565574000007,940.7093152000452,,,,60.01601227522506,937.1792870000354,937.940284500015,,,937.1618514000438,937.9261790000019,,,chair\chair_41.jpg,,,,,,,,,,,,,,,,,,,,,,,0,0,1,,None,,937.940284500015,,,,,None,,0,,,2025.2.4,,,1,937.9341924000182,939.442140500003,,,None,None,937.9407870667094,938.8732508000103,,,215,0,2026-08-24_21:37:03.613486,215,16,localizer,,None,,,None,,215,215,0,215,,,,,,chair,Chaise,Stuhl,
942.9748426000006,944.1577470000484,1.18,,,5,944.1578066000366,944.1578360000276,,,hand,8,8,,,,,,,,,,,,,,,,,,,,,,,,,,,,,,None,,,None,2026-08-24_21h21.25.115,14,TSRlearn_localizer-concepts,2026-08-24 21h21.26.458819 +0200,,941.4728910000413,942.9892288000556,944.2308109000442,,,,60.01601227522506,940.7093152000452,941.4728910000413,,,940.6914196000434,941.4581277000252,,,hand\hand_14.jpg,,,,,,,,,,,,,,,,,,,,,,,0,0,1,,None,,941.4728910000413,,,,,None,,0,,,2025.2.4,,,1,941.4619831000455,942.9747846000246,,,None,None,941.4728675666886,941.9729476000066,,,216,0,2026-08-24_21:37:07.143514,216,17,localizer,,None,,,None,,216,216,0,216,,,,,,hand,Main,Hand,
946.4770906000049,947.3224898000481,0.84,,,5,947.3225446000579,947.3225724000367,,,house,9,9,,,,,,,,,,,,,,,,,,,,,,,,,,,,,,None,,,None,2026-08-24_21h21.25.115,43,TSRlearn_localizer-concepts,2026-08-24 21h21.26.458819 +0200,,944.9889015000081,946.4923027000041,947.3572261000518,,,,60.01601227522506,944.2308109000442,944.9889015000081,,,944.2014566000435,944.9735359000042,,,house\house_43.jpg,,,,,,,,,,,,,,,,,,,,,,,0,0,1,,None,,944.9889015000081,,,,,None,,0,,,2025.2.4,,,1,944.977670900058,946.4769026000286,,,None,None,944.9880707666782,945.521261100017,,,217,0,2026-08-24_21:37:10.665010,217,18,localizer,,None,,,None,,217,217,0,217,,,,,,house,Maison,Haus,
949.8383679000544,950.8553609000519,1.01,,,5,950.8554166000104,950.8554456000566,,,ball,1,7,,,,,,,,,,,,,,,,,,,,,,,,,,,,,,None,,,r,2026-08-24_21h21.25.115,27,TSRlearn_localizer-concepts,2026-08-24 21h21.26.458819 +0200,,948.1209420000087,949.8534021000378,950.9091789000086,,,,60.01601227522506,947.3572261000518,948.1209420000087,,,947.336281200056,948.1066178000183,,,ball\ball_27.jpg,,,,,,,,,,,,,,,,,,,,,,,0,1,1,,None,,948.1209420000087,,,,,left,,0,,,2025.2.4,,,1,948.11016630003,949.8382986000506,,,None,None,948.1210789667132,948.636901800055,,,218,0,2026-08-24_21:37:13.791425,218,19,localizer,,None,,,None,,218,218,0,218,,,,,,hammer,Marteau,Hammer,
953.1710364000173,953.9226694000536,0.75,,,5,953.9227280000341,953.9227568000206,,,flower,6,6,,,,,,,,,,,,,,,,,,,,,,,,,,,,,,None,,,None,2026-08-24_21h21.25.115,42,TSRlearn_localizer-concepts,2026-08-24 21h21.26.458819 +0200,,951.6694485000335,953.1861992000486,953.9567546000471,,,,60.01601227522506,950.9091789000086,951.6694485000335,,,950.8970767000574,951.6551936000469,,,flower\flower_42.jpg,,,,,,,,,,,,,,,,,,,,,,,0,0,1,,None,,951.6694485000335,,,,,None,,0,,,2025.2.4,,,1,951.6578596000327,953.1709713000455,,,None,None,951.6697316666871,952.5697170000058,,,219,0,2026-08-24_21:37:17.343378,219,20,localizer,,None,,,None,,219,219,0,219,,,,,,flower,Fleur,Blume,
956.4368047000025,957.2368517000577,0.8,,,5,957.2369072000147,957.2369355000556,,,chair,4,1,,,,,,,,,,,,,,,,,,,,,,,,,,,,,,None,,,r,2026-08-24_21h21.25.115,7,TSRlearn_localizer-concepts,2026-08-24 21h21.26.458819 +0200,,954.720366500027,956.4512455000076,957.2692342000082,,,,60.01601227522506,953.9567546000471,954.720366500027,,,953.9475957000395,954.7043817000231,,,chair\chair_07.jpg,,,,,,,,,,,,,,,,,,,,,,,0,1,1,,None,,954.720366500027,,,,,left,,0,,,2025.2.4,,,1,954.7074013000238,956.436740300036,,,None,None,954.7191049666765,955.5015831000055,,,220,0,2026-08-24_21:37:20.390954,220,21,localizer,,None,,,None,,220,220,0,220,,,,,,ball,Ballon,Ball,
959.5367331000161,960.7530564000481,1.21,,,5,960.7531216000207,960.7531556000467,,,house,9,9,,,,,,,,,,,,,,,,,,,,,,,,,,,,,,None,,,None,2026-08-24_21h21.25.115,15,TSRlearn_localizer-concepts,2026-08-24 21h21.26.458819 +0200,,958.034455200017,959.5502751000458,960.8023105000029,,,,60.01601227522506,957.2692342000082,958.034455200017,,,957.2527697000187,958.0199137000018,,,house\house_15.jpg,,,,,,,,,,,,,,,,,,,,,,,0,0,1,,None,,958.034455200017,,,,,None,,0,,,2025.2.4,,,1,958.0244877000223,959.5366755000432,,,None,None,958.0343856667207,958.5842041000142,,,221,0,2026-08-24_21:37:23.703433,221,22,localizer,,None,,,None,,221,221,0,221,,,,,,house,Maison,Haus,
963.0679050000035,964.2842997000553,1.21,,,5,964.2843530000537,964.2843812000356,,,flower,6,6,,,,,,,,,,,,,,,,,,,,,,,,,,,,,,None,,,None,2026-08-24_21h21.25.115,37,TSRlearn_localizer-concepts,2026-08-24 21h21.26.458819 +0200,,961.566986800055,963.0828180000535,964.3166636000387,,,,60.01601227522506,960.8023105000029,961.566986800055,,,960.7849688000279,961.5520248000394,,,flower\flower_37.jpg,,,,,,,,,,,,,,,,,,,,,,,0,0,1,,None,,961.566986800055,,,,,None,,0,,,2025.2.4,,,1,961.5551199000329,963.0678461000207,,,None,None,961.566666766714,962.4668043000274,,,222,0,2026-08-24_21:37:27.236510,222,23,localizer,,None,,,None,,222,222,0,222,,,,,,flower,Fleur,Blume,
966.5834281000425,967.7503423000453,1.16,,,5,967.750397900003,967.7504268000484,,,bicycle,2,2,,,,,,,,,,,,,,,,,,,,,,,,,,,,,,None,,,None,2026-08-24_21h21.25.115,25,TSRlearn_localizer-concepts,2026-08-24 21h21.26.458819 +0200,,965.0822424000362,966.5979445000412,967.8005453000078,,,,60.01601227522506,964.3166636000387,965.0822424000362,,,964.3010719000013,965.067155100056,,,bicycle\bicycle_25.jpg,,,,,,,,,,,,,,,,,,,,,,,0,0,1,,None,,965.0822424000362,,,,,None,,0,,,2025.2.4,,,1,965.0693198000081,966.5833696000045,,,None,None,965.0818599666857,965.7817132000346,,,223,0,2026-08-24_21:37:30.750863,223,24,localizer,,None,,,None,,223,223,0,223,,,,,,bicycle,Vélo,Fahrrad,
970.0658738000202,971.131652400014,1.06,,,5,971.1317060000147,971.1317349000019,,,jacket,10,10,,,,,,,,,,,,,,,,,,,,,,,,,,,,,,None,,,None,2026-08-24_21h21.25.115,8,TSRlearn_localizer-concepts,2026-08-24 21h21.26.458819 +0200,,968.5642031000461,970.0804552000482,971.1884073000401,,,,60.01601227522506,967.8005453000078,968.5642031000461,,,967.786484100041,968.549449400045,,,jacket\jacket_08.jpg,,,,,,,,,,,,,,,,,,,,,,,0,0,1,,None,,968.5642031000461,,,,,None,,0,,,2025.2.4,,,1,968.5541116000386,970.0658053000225,,,None,None,968.5642737667115,969.0968957000296,,,224,0,2026-08-24_21:37:34.234744,224,25,localizer,,None,,,None,,224,224,0,224,,,,,,jacket,Veste,Jacke,
973.4486293000518,974.6812947000144,1.23,,,5,974.6813553000102,974.6813881000271,,,hammer,7,7,,,,,,,,,,,,,,,,,,,,,,,,,,,,,,None,,,None,2026-08-24_21h21.25.115,46,TSRlearn_localizer-concepts,2026-08-24 21h21.26.458819 +0200,,971.9463324000244,973.4631318000029,974.715402700007,,,,60.01601227522506,971.1884073000401,971.9463324000244,,,971.1678618000005,971.932440900011,,,hammer\hammer_46.jpg,,,,,,,,,,,,,,,,,,,,,,,0,0,1,,None,,971.9463324000244,,,,,None,,0,,,2025.2.4,,,1,971.9361159000546,973.4485693000024,,,None,None,971.9470249667104,972.4630310000503,,,225,0,2026-08-24_21:37:37.622606,225,26,localizer,,None,,,None,,225,225,0,225,,,,,,hammer,Marteau,Hammer,
976.980313600041,978.0136615000083,1.02,,,5,978.0137227000087,978.0137523000012,,,chair,4,4,,,,,,,,,,,,,,,,,,,,,,,,,,,,,,None,,,None,2026-08-24_21h21.25.115,20,TSRlearn_localizer-concepts,2026-08-24 21h21.26.458819 +0200,,975.4788627000526,976.9948867000057,978.0457699000253,,,,60.01601227522506,974.715402700007,975.4788627000526,,,974.697125000006,975.4643087000004,,,chair\chair_20.jpg,,,,,,,,,,,,,,,,,,,,,,,0,0,1,,None,,975.4788627000526,,,,,None,,0,,,2025.2.4,,,1,975.4672520000022,976.9802571000182,,,None,None,975.4790632667175,976.3956765000476,,,226,0,2026-08-24_21:37:41.149602,226,27,localizer,,None,,,None,,226,226,0,226,,,,,,chair,Chaise,Stuhl,
980.3129213000066,981.1790384000051,0.86,,,5,981.1790927000111,981.1791216000565,,,ball,1,1,,,,,,,,,,,,,,,,,,,,,,,,,,,,,,None,,,None,2026-08-24_21h21.25.115,31,TSRlearn_localizer-concepts,2026-08-24 21h21.26.458819 +0200,,978.8108296000282,980.3272379000555,981.25905350002,,,,60.01601227522506,978.0457699000253,978.8108296000282,,,978.0393329000217,978.7966191000305,,,ball\ball_31.jpg,,,,,,,,,,,,,,,,,,,,,,,0,0,1,,None,,978.8108296000282,,,,,None,,0,,,2025.2.4,,,1,978.7997959000058,980.3128613000154,,,None,None,978.8112359666886,979.5772072000545,,,227,0,2026-08-24_21:37:44.479969,227,28,localizer,,None,,,None,,227,227,0,227,,,,,,ball,Ballon,Ball,
983.5118254000554,984.5950674000196,1.07,,,5,984.5951213000226,984.5951496000052,,,jacket,10,10,,,,,,,,,,,,,,,,,,,,,,,,,,,,,,None,,,None,2026-08-24_21h21.25.115,42,TSRlearn_localizer-concepts,2026-08-24 21h21.26.458819 +0200,,982.0098720000242,983.5265260000015,984.6456440000329,,,,60.01601227522506,981.25905350002,982.0098720000242,,,981.227506300027,981.9962132000364,,,jacket\jacket_42.jpg,,,,,,,,,,,,,,,,,,,,,,,0,0,1,,None,,982.0098720000242,,,,,None,,0,,,2025.2.4,,,1,982.0004606000148,983.5117667000159,,,None,None,982.0108579666742,982.5607678000233,,,228,0,2026-08-24_21:37:47.693253,228,29,localizer,,None,,,None,,228,228,0,228,,,,,,jacket,Veste,Jacke,
986.9107665000483,987.9934025000548,1.07,,,5,987.993456300057,987.9934852000442,,,bread,3,3,,,,,,,,,,,,,,,,,,,,,,,,,,,,,,None,,,None,2026-08-24_21h21.25.115,30,TSRlearn_localizer-concepts,2026-08-24 21h21.26.458819 +0200,,985.4091467000544,986.9250949000125,988.0258463000064,,,,60.01601227522506,984.6456440000329,985.4091467000544,,,984.6268258000491,985.3942980000284,,,bread\bread_30.jpg,,,,,,,,,,,,,,,,,,,,,,,0,0,1,,None,,985.4091467000544,,,,,None,,0,,,2025.2.4,,,1,985.3977540000342,986.9107086000149,,,None,None,985.4089747666769,986.3252085000277,,,229,0,2026-08-24_21:37:51.079843,229,30,localizer,,None,,,None,,229,229,0,229,,,,,,bread,Pain,Brot,
990.2926981000346,991.2087209000019,0.91,,,5,991.2087747000041,991.2088065000135,,,dog,5,5,,,,,,,,,,,,,,,,,,,,,,,,,,,,,,None,,,None,2026-08-24_21h21.25.115,22,TSRlearn_localizer-concepts,2026-08-24 21h21.26.458819 +0200,,988.7910078000277,990.307074500015,991.2589149000123,,,,60.01601227522506,988.0258463000064,988.7910078000277,,,988.0151072000153,988.7767623000545,,,dog\dog_22.jpg,,,,,,,,,,,,,,,,,,,,,,,0,0,1,,None,,988.7910078000277,,,,,None,,0,,,2025.2.4,,,1,988.7800281000091,990.2926385000465,,,None,None,988.7915005667057,989.291002300044,,,230,0,2026-08-24_21:37:54.460045,230,31,localizer,,None,,,None,,230,230,0,230,,,,,,dog,Chien,Hund,
993.5252133000176,994.7243501000339,1.19,,,5,994.7244044000399,994.7244332000264,,,flower,6,6,,,,,,,,,,,,,,,,,,,,,,,,,,,,,,None,,,None,2026-08-24_21h21.25.115,7,TSRlearn_localizer-concepts,2026-08-24 21h21.26.458819 +0200,,992.0233927000081,993.5400468000444,994.7573778000078,,,,60.01601227522506,991.2589149000123,992.0233927000081,,,991.2431018000352,992.0090965000563,,,flower\flower_07.jpg,,,,,,,,,,,,,,,,,,,,,,,0,0,1,,None,,992.0233927000081,,,,,None,,0,,,2025.2.4,,,1,992.0122824000427,993.5251544000348,,,None,None,992.0238354667129,992.9230569000356,,,231,0,2026-08-24_21:37:57.693114,231,32,localizer,,None,,,None,,231,231,0,231,,,,,,flower,Fleur,Blume,
997.2404104000307,998.2234391000238,0.97,,,5,998.2234935000306,998.2235226000194,,,bicycle,2,10,,,,,,,,,,,,,,,,,,,,,,,,,,,,,,None,,,r,2026-08-24_21h21.25.115,28,TSRlearn_localizer-concepts,2026-08-24 21h21.26.458819 +0200,,995.5230072000413,997.2552003000164,998.2789216000238,,,,60.01601227522506,994.7573778000078,995.5230072000413,,,994.7409684000304,995.508195500006,,,bicycle\bicycle_28.jpg,,,,,,,,,,,,,,,,,,,,,,,0,1,1,,None,,995.5230072000413,,,,,left,,0,,,2025.2.4,,,1,995.5126956000458,997.2403517000494,,,None,None,995.5227337667059,996.0555549000273,,,232,0,2026-08-24_21:38:01.191577,232,33,localizer,,None,,,None,,232,232,0,232,,,,,,jacket,Veste,Jacke,
1000.5245643000235,1001.7391157000093,1.21,,,5,1001.7391775000142,1001.7392117000418,,,hammer,7,7,,,,,,,,,,,,,,,,,,,,,,,,,,,,,,None,,,None,2026-08-24_21h21.25.115,42,TSRlearn_localizer-concepts,2026-08-24 21h21.26.458819 +0200,,999.0379549000063,1000.5368846000056,1001.7736578000477,,,,60.01601227522506,998.2789216000238,999.0379549000063,,,998.2638332000352,999.024256500008,,,hammer\hammer_42.jpg,,,,,,,,,,,,,,,,,,,,,,,0,0,1,,None,,999.0379549000063,,,,,None,,0,,,2025.2.4,,,1,999.027923900052,1000.5245078000007,,,None,None,999.038416266678,999.5541919000098,,,233,0,2026-08-24_21:38:04.713121,233,34,localizer,,None,,,None,,233,233,0,233,,,,,,hammer,Marteau,Hammer,
1004.0384905000101,1005.0880898000323,1.05,,,5,1005.0881427000277,1005.0881708000088,,,dog,5,5,,,,,,,,,,,,,,,,,,,,,,,,,,,,,,None,,,None,2026-08-24_21h21.25.115,39,TSRlearn_localizer-concepts,2026-08-24 21h21.26.458819 +0200,,1002.5367884000298,1004.0529728000402,1005.1374774000142,,,,60.01601227522506,1001.7736578000477,1002.5367884000298,,,1001.7544572000043,1002.5226595000131,,,dog\dog_39.jpg,,,,,,,,,,,,,,,,,,,,,,,0,0,1,,None,,1002.5367884000298,,,,,None,,0,,,2025.2.4,,,1,1002.5263739000075,1004.038433400041,,,None,None,1002.537316666687,1003.0365853000549,,,234,0,2026-08-24_21:38:08.207857,234,35,localizer,,None,,,None,,234,234,0,234,,,,,,dog,Chien,Hund,
1007.4043089000043,1008.4373747000354,1.02,,,5,1008.4374305000529,1008.4374592000386,,,hand,8,8,,,,,,,,,,,,,,,,,,,,,,,,,,,,,,None,,,None,2026-08-24_21h21.25.115,22,TSRlearn_localizer-concepts,2026-08-24 21h21.26.458819 +0200,,1005.9022398000234,1007.4188227000413,1008.4715866000042,,,,60.01601227522506,1005.1374774000142,1005.9022398000234,,,1005.1170480000437,1005.8878765000263,,,hand\hand_22.jpg,,,,,,,,,,,,,,,,,,,,,,,0,0,1,,None,,1005.9022398000234,,,,,None,,0,,,2025.2.4,,,1,1005.8910341000301,1007.4042487000115,,,None,None,1005.9024895667137,1006.3854962000041,,,235,0,2026-08-24_21:38:11.571676,235,36,localizer,,None,,,None,,235,235,0,235,,,,,,hand,Main,Hand,
1010.7366239000112,1011.9368017000379,1.2,,,5,1011.9368552000378,1011.9368830000167,,,chair,4,4,,,,,,,,,,,,,,,,,,,,,,,,,,,,,,None,,,None,2026-08-24_21h21.25.115,13,TSRlearn_localizer-concepts,2026-08-24 21h21.26.458819 +0200,,1009.2346895000082,1010.7508737000171,1011.9862076000427,,,,60.01601227522506,1008.4715866000042,1009.2346895000082,,,1008.4542985000298,1009.2207103000255,,,chair\chair_13.jpg,,,,,,,,,,,,,,,,,,,,,,,0,0,1,,None,,1009.2346895000082,,,,,None,,0,,,2025.2.4,,,1,1009.2244134000503,1010.7365658000344,,,None,None,1009.2352369666953,1010.1674888000125,,,236,0,2026-08-24_21:38:14.905786,236,37,localizer,,None,,,None,,236,236,0,236,,,,,,chair,Chaise,Stuhl,
1014.2537547000102,1015.4352970000473,1.17,,,5,1015.4353493000381,1015.4353771000169,,,jacket,10,10,,,,,,,,,,,,,,,,,,,,,,,,,,,,,,None,,,None,2026-08-24_21h21.25.115,13,TSRlearn_localizer-concepts,2026-08-24 21h21.26.458819 +0200,,1012.7504251000355,1014.2664734000573,1015.4841936000157,,,,60.01601227522506,1011.9862076000427,1012.7504251000355,,,1011.9681904000463,1012.7356647000415,,,jacket\jacket_13.jpg,,,,,,,,,,,,,,,,,,,,,,,0,0,1,,None,,1012.7504251000355,,,,,None,,0,,,2025.2.4,,,1,1012.7399059000309,1014.2536936000106,,,None,None,1012.7503223667193,1013.283501500031,,,237,0,2026-08-24_21:38:18.420407,237,38,localizer,,None,,,None,,237,237,0,237,,,,,,jacket,Veste,Jacke,
1017.7505909000174,1018.767001500004,1.01,,,5,1018.7670570000191,1018.7670854000025,,,house,9,9,,,,,,,,,,,,,,,,,,,,,,,,,,,,,,None,,,None,2026-08-24_21h21.25.115,31,TSRlearn_localizer-concepts,2026-08-24 21h21.26.458819 +0200,,1016.2499742000364,1017.7652662000037,1018.799605600012,,,,60.01601227522506,1015.4841936000157,1016.2499742000364,,,1015.4671699000173,1016.2343056000536,,,house\house_31.jpg,,,,,,,,,,,,,,,,,,,,,,,0,0,1,,None,,1016.2499742000364,,,,,None,,0,,,2025.2.4,,,1,1016.2390283000423,1017.7505329000414,,,None,None,1016.2491211667113,1016.7822951000417,,,238,0,2026-08-24_21:38:21.918393,238,39,localizer,,None,,,None,,238,238,0,238,,,,,,house,Maison,Haus,
1021.0493796000374,1021.8158865000005,0.76,,,5,1021.8159395000548,1021.8159683000413,,,hand,8,8,,,,,,,,,,,,,,,,,,,,,,,,,,,,,,None,,,None,2026-08-24_21h21.25.115,16,TSRlearn_localizer-concepts,2026-08-24 21h21.26.458819 +0200,,1019.5498957000091,1021.0642616000259,1021.8905352000147,,,,60.01601227522506,1018.799605600012,1019.5498957000091,,,1018.7932538000168,1019.5356189000304,,,hand\hand_16.jpg,,,,,,,,,,,,,,,,,,,,,,,0,0,1,,None,,1019.5498957000091,,,,,None,,0,,,2025.2.4,,,1,1019.5389322000556,1021.0493220000062,,,None,None,1019.5502598666974,1020.0318696000031,,,239,0,2026-08-24_21:38:25.233805,239,40,localizer,,None,,,None,,239,239,0,239,,,,,,hand,Main,Hand,
1024.1486935000285,1025.2315477000084,1.07,,,5,1025.2316015000106,1025.2316299000522,,,flower,6,6,,,,,,,,,,,,,,,,,,,,,,,,,,,,,,None,,,None,2026-08-24_21h21.25.115,40,TSRlearn_localizer-concepts,2026-08-24 21h21.26.458819 +0200,,1022.6470073000528,1024.1634476000327,1025.2831576000317,,,,60.01601227522506,1021.8905352000147,1022.6470073000528,,,1021.862518000009,1022.6332826000289,,,flower\flower_40.jpg,,,,,,,,,,,,,,,,,,,,,,,0,0,1,,None,,1022.6470073000528,,,,,None,,0,,,2025.2.4,,,1,1022.6359550000052,1024.1486363000004,,,None,None,1022.6475443667189,1023.5471207000082,,,240,0,2026-08-24_21:38:28.324734,240,41,localizer,,None,,,None,,240,240,0,240,,,,,,flower,Fleur,Blume,
1027.5477038000245,1028.3805585000082,0.83,,,5,1028.3806118000066,1028.3806401000475,,,bread,3,3,,,,,,,,,,,,,,,,,,,,,,,,,,,,,,None,,,None,2026-08-24_21h21.25.115,23,TSRlearn_localizer-concepts,2026-08-24 21h21.26.458819 +0200,,1026.0460057000164,1027.5621669000247,1028.4148109000525,,,,60.01601227522506,1025.2831576000317,1026.0460057000164,,,1025.2631915000384,1026.0313531000284,,,bread\bread_23.jpg,,,,,,,,,,,,,,,,,,,,,,,0,0,1,,None,,1026.0460057000164,,,,,None,,0,,,2025.2.4,,,1,1026.034657100041,1027.5476469000569,,,None,None,1026.0460750666718,1026.9621083000093,,,241,0,2026-08-24_21:38:31.717357,241,42,localizer,,None,,,None,,241,241,0,241,,,,,,bread,Pain,Brot,
1030.664225000015,1031.5299803000526,0.86,,,5,1031.5300357000087,1031.5300650000572,,,hammer,7,7,,,,,,,,,,,,,,,,,,,,,,,,,,,,,,None,,,None,2026-08-24_21h21.25.115,40,TSRlearn_localizer-concepts,2026-08-24 21h21.26.458819 +0200,,1029.1633824000019,1030.6781520000077,1031.5802242000354,,,,60.01601227522506,1028.4148109000525,1029.1633824000019,,,1028.4003747000243,1029.1500177000416,,,hammer\hammer_40.jpg,,,,,,,,,,,,,,,,,,,,,,,0,0,1,,None,,1029.1633824000019,,,,,None,,0,,,2025.2.4,,,1,1029.153638800024,1030.6641671000398,,,None,None,1029.1639891666748,1029.678281200002,,,242,0,2026-08-24_21:38:34.849010,242,43,localizer,,None,,,None,,242,242,0,242,,,,,,hammer,Marteau,Hammer,
1034.0475889000227,1035.179160700005,1.13,,,5,1035.179220500053,1035.1792513000546,,,bread,3,6,,,,,,,,,,,,,,,,,,,,,,,,,,,,,,None,,,r,2026-08-24_21h21.25.115,27,TSRlearn_localizer-concepts,2026-08-24 21h21.26.458819 +0200,,1032.344171100005,1034.059866000025,1035.2109486000263,,,,60.01601227522506,1031.5802242000354,1032.344171100005,,,1031.5697167000035,1032.3295598000404,,,bread\bread_27.jpg,,,,,,,,,,,,,,,,,,,,,,,0,1,1,,None,,1032.344171100005,,,,,left,,0,,,2025.2.4,,,1,1032.332264900033,1034.0475311000482,,,None,None,1032.3441972666808,1033.2436940000043,,,243,0,2026-08-24_21:38:38.014423,243,44,localizer,,None,,,None,,243,243,0,243,,,,,,flower,Fleur,Blume,
1037.4612259000423,1038.2776783000445,0.81,,,5,1038.2777327000513,1038.2777612000355,,,dog,5,5,,,,,,,,,,,,,,,,,,,,,,,,,,,,,,None,,,None,2026-08-24_21h21.25.115,35,TSRlearn_localizer-concepts,2026-08-24 21h21.26.458819 +0200,,1035.9595251000137,1037.4754361000378,1038.3108163000434,,,,60.01601227522506,1035.2109486000263,1035.9595251000137,,,1035.1973713000189,1035.9455049000098,,,dog\dog_35.jpg,,,,,,,,,,,,,,,,,,,,,,,0,0,1,,None,,1035.9595251000137,,,,,None,,0,,,2025.2.4,,,1,1035.9492166000418,1037.4611687000142,,,None,None,1035.960006166719,1036.4593607000425,,,244,0,2026-08-24_21:38:41.645148,244,45,localizer,,None,,,None,,244,244,0,244,,,,,,dog,Chien,Hund,
1040.5771956000244,1041.3430258000153,0.76,,,5,1041.3430817000335,1041.3431108000223,,,chair,4,4,,,,,,,,,,,,,,,,,,,,,,,,,,,,,,None,,,None,2026-08-24_21h21.25.115,25,TSRlearn_localizer-concepts,2026-08-24 21h21.26.458819 +0200,,1039.0756049000192,1040.5918303000508,1041.3757835000288,,,,60.01601227522506,1038.3108163000434,1039.0756049000192,,,1038.2978285000427,1039.0623870000127,,,chair\chair_25.jpg,,,,,,,,,,,,,,,,,,,,,,,0,0,1,,None,,1039.0756049000192,,,,,None,,0,,,2025.2.4,,,1,1039.0656449000235,1040.5771372000454,,,None,None,1039.077133966672,1039.991291000042,,,245,0,2026-08-24_21:38:44.745015,245,46,localizer,,None,,,None,,245,245,0,245,,,,,,chair,Chaise,Stuhl,
1043.6261957000243,1044.6588549000444,1.02,,,5,1044.6589071000344,1044.6589352000155,,,hammer,7,7,,,,,,,,,,,,,,,,,,,,,,,,,,,,,,None,,,None,2026-08-24_21h21.25.115,39,TSRlearn_localizer-concepts,2026-08-24 21h21.26.458819 +0200,,1042.1243208000087,1043.6407297000405,1044.691543700057,,,,60.01601227522506,1041.3757835000288,1042.1243208000087,,,1041.3589015000034,1042.1102084000013,,,hammer\hammer_39.jpg,,,,,,,,,,,,,,,,,,,,,,,0,0,1,,None,,1042.1243208000087,,,,,None,,0,,,2025.2.4,,,1,1042.1141406000243,1043.6261346000247,,,None,None,1042.124872666671,1042.6412311000167,,,246,0,2026-08-24_21:38:47.809983,246,47,localizer,,None,,,None,,246,246,0,246,,,,,,hammer,Marteau,Hammer,
1046.9421603000374,1047.990902300051,1.04,,,5,1047.9909570000018,1047.9909849000396,,,bicycle,2,2,,,,,,,,,,,,,,,,,,,,,,,,,,,,,,None,,,None,2026-08-24_21h21.25.115,42,TSRlearn_localizer-concepts,2026-08-24 21h21.26.458819 +0200,,1045.4566401000484,1046.955871400016,1048.0237059000065,,,,60.01601227522506,1044.691543700057,1045.4566401000484,,,1044.6749528000364,1045.4417875000509,,,bicycle\bicycle_42.jpg,,,,,,,,,,,,,,,,,,,,,,,0,0,1,,None,,1045.4566401000484,,,,,None,,0,,,2025.2.4,,,1,1045.4441601000144,1046.942101600056,,,None,None,1045.456619466717,1046.1561970000039,,,247,0,2026-08-24_21:38:51.125743,247,48,localizer,,None,,,None,,247,247,0,247,,,,,,bicycle,Vélo,Fahrrad,
1050.290410400019,1051.373792600003,1.08,,,5,1051.373849000025,1051.3738782000146,,,house,9,9,,,,,,,,,,,,,,,,,,,,,,,,,,,,,,None,,,None,2026-08-24_21h21.25.115,21,TSRlearn_localizer-concepts,2026-08-24 21h21.26.458819 +0200,,1048.788615700032,1050.305090000038,1051.406269900035,,,,60.01601227522506,1048.0237059000065,1048.788615700032,,,1048.0069220000296,1048.7742500000168,,,house\house_21.jpg,,,,,,,,,,,,,,,,,,,,,,,0,0,1,,None,,1048.788615700032,,,,,None,,0,,,2025.2.4,,,1,1048.7790790000581,1050.2903522000415,,,None,None,1048.788925766716,1049.338567800005,,,248,0,2026-08-24_21:38:54.457905,248,49,localizer,,None,,,None,,248,248,0,248,,,,,,house,Maison,Haus,
1053.6729049000423,1054.489126600034,0.81,,,5,1054.4891803000355,1083.8476554000517,1054.5035767000518,1069.5156233000453,bicycle,2,2,,,,,,,,,,,,,,,,,,,,,,,,,,,,,195.69804220000515,r,44.348696999950334,1069.4986546,None,2026-08-24_21h21.25.115,23,TSRlearn_localizer-concepts,2026-08-24 21h21.26.458819 +0200,,1052.1713106000097,1053.6869676000206,1054.5035767000518,,,,60.01601227522506,1051.406269900035,1052.1713106000097,,,1051.3904612000333,1052.1575210000155,,,bicycle\bicycle_23.jpg,1069.4986546,,,,,,,,,,,,,,,,,,,,,,0,0,1,,None,,1052.1713106000097,,,,,None,,0,1054.5035767000518,1069.5156233000453,2025.2.4,,,1,1052.1600434000138,1053.6728404000169,,,None,None,1052.171753166713,1052.8882703000563,,,249,0,2026-08-24_21:38:57.840469,249,50,localizer,195.69804220000515,r,44.348696999950334,,None,,249,249,0,249,,,,,,bicycle,Vélo,Fahrrad,
1086.1788255000138,1087.4120160000166,1.23,,,6,1087.4154074000544,1087.4154471000074,,,flower,6,6,,,,,,,,,,,,,,,,,,,,,,,,,,,,,,None,,,None,2026-08-24_21h21.25.115,35,TSRlearn_localizer-concepts,2026-08-24 21h21.26.458819 +0200,,1084.677374300023,1086.195213400002,1087.4440992000164,,,,60.01601227522506,1083.913151100045,1084.677374300023,,,1083.901958500035,1084.6627795000095,,,flower\flower_35.jpg,,,,,,,,,,,,,,,,,,,,,,,0,0,1,,None,,1084.677374300023,,,,,None,,0,,,2025.2.4,,,1,1084.665471300017,1086.1787675000378,,,None,None,1084.6774947667184,1085.5772280000383,,,250,0,2026-08-24_21:39:30.347350,250,1,localizer,,None,,,None,,250,250,0,250,,,,,,flower,Fleur,Blume,
1089.6948042000295,1090.4941993000102,0.8,,,6,1090.4942542000208,1090.4942832000088,,,house,9,9,,,,,,,,,,,,,,,,,,,,,,,,,,,,,,None,,,None,2026-08-24_21h21.25.115,10,TSRlearn_localizer-concepts,2026-08-24 21h21.26.458819 +0200,,1088.1947006000555,1089.7091793000582,1090.544033800019,,,,60.01601227522506,1087.4440992000164,1088.1947006000555,,,1087.4311865000054,1088.1790586000425,,,house\house_10.jpg,,,,,,,,,,,,,,,,,,,,,,,0,0,1,,None,,1088.1947006000555,,,,,None,,0,,,2025.2.4,,,1,1088.1833891000133,1089.694734300021,,,None,None,1088.1934817666809,1088.7265116000199,,,251,0,2026-08-24_21:39:33.878298,251,2,localizer,,None,,,None,,251,251,0,251,,,,,,house,Maison,Haus,
1092.8104108000407,1093.6111334000016,0.79,,,6,1093.6111881000106,1093.6112179000047,,,dog,5,5,,,,,,,,,,,,,,,,,,,,,,,,,,,,,,None,,,None,2026-08-24_21h21.25.115,25,TSRlearn_localizer-concepts,2026-08-24 21h21.26.458819 +0200,,1091.3247673000442,1092.8247901000432,1093.6617986000492,,,,60.01601227522506,1090.544033800019,1091.3247673000442,,,1090.5222175000235,1091.294136200042,,,dog\dog_25.jpg,,,,,,,,,,,,,,,,,,,,,,,0,0,1,,None,,1091.3247673000442,,,,,None,,0,,,2025.2.4,,,1,1091.3142261000467,1092.8103504000464,,,None,None,1091.3253896333704,1091.808613900037,,,252,0,2026-08-24_21:39:36.978233,252,3,localizer,,None,,,None,,252,252,0,252,,,,,,dog,Chien,Hund,
1095.9277773000067,1096.9113704000483,0.98,,,6,1096.9114349000156,1096.9114689000417,,,ball,1,1,,,,,,,,,,,,,,,,,,,,,,,,,,,,,,None,,,None,2026-08-24_21h21.25.115,40,TSRlearn_localizer-concepts,2026-08-24 21h21.26.458819 +0200,,1094.4266816000454,1095.9420677000307,1096.9955579000525,,,,60.01601227522506,1093.6617986000492,1094.4266816000454,,,1093.6378619000316,1094.413416400028,,,ball\ball_40.jpg,,,,,,,,,,,,,,,,,,,,,,,0,0,1,,None,,1094.4266816000454,,,,,None,,0,,,2025.2.4,,,1,1094.4164662000258,1095.9276820000377,,,None,None,1094.4279445667091,1095.2088485000422,,,253,0,2026-08-24_21:39:40.095998,253,4,localizer,,None,,,None,,253,253,0,253,,,,,,ball,Ballon,Ball,
1099.2587390000117,1100.2280307000037,0.96,,,6,1100.228093600017,1100.228123000008,,,jacket,10,10,,,,,,,,,,,,,,,,,,,,,,,,,,,,,,None,,,None,2026-08-24_21h21.25.115,26,TSRlearn_localizer-concepts,2026-08-24 21h21.26.458819 +0200,,1097.77415870002,1099.2728832000284,1100.2590666000033,,,,60.01601227522506,1096.9955579000525,1097.77415870002,,,1096.9709890000522,1097.7423997000442,,,jacket\jacket_26.jpg,,,,,,,,,,,,,,,,,,,,,,,0,0,1,,None,,1097.77415870002,,,,,None,,0,,,2025.2.4,,,1,1097.76267320005,1099.2586812000372,,,None,None,1097.7738724333544,1098.3068380000186,,,254,0,2026-08-24_21:39:43.429757,254,5,localizer,,None,,,None,,254,254,0,254,,,,,,jacket,Veste,Jacke,
1102.508485600003,1103.4902253000182,0.98,,,6,1103.4902792000212,1103.4903078000061,,,hand,8,8,,,,,,,,,,,,,,,,,,,,,,,,,,,,,,None,,,None,2026-08-24_21h21.25.115,32,TSRlearn_localizer-concepts,2026-08-24 21h21.26.458819 +0200,,1101.0227882000036,1102.5213665000047,1103.5235497000394,,,,60.01601227522506,1100.2590666000033,1101.0227882000036,,,1100.2474374000449,1101.0076603000052,,,hand\hand_32.jpg,,,,,,,,,,,,,,,,,,,,,,,0,0,1,,None,,1101.0227882000036,,,,,None,,0,,,2025.2.4,,,1,1101.0163949000416,1102.5084282000316,,,None,None,1101.0223058667073,1101.5221322000143,,,255,0,2026-08-24_21:39:46.693266,255,6,localizer,,None,,,None,,255,255,0,255,,,,,,hand,Main,Hand,
1106.0062422000337,1106.972209300031,0.96,,,6,1106.9722631000332,1106.9722912000143,,,dog,5,1,,,,,,,,,,,,,,,,,,,,,,,,,,,,,,None,,,r,2026-08-24_21h21.25.115,38,TSRlearn_localizer-concepts,2026-08-24 21h21.26.458819 +0200,,1104.287656600005,1106.0211433000513,1107.0055384000298,,,,60.01601227522506,1103.5235497000394,1104.287656600005,,,1103.5064499000437,1104.273602900037,,,dog\dog_38.jpg,,,,,,,,,,,,,,,,,,,,,,,0,1,1,,None,,1104.287656600005,,,,,right,,0,,,2025.2.4,,,1,1104.2764435000136,1106.0061779000098,,,None,None,1104.2884848666765,1105.070625900058,,,256,0,2026-08-24_21:39:49.957749,256,7,localizer,,None,,,None,,256,256,0,256,,,,,,ball,Ballon,Ball,
1109.2708962000324,1110.437569600006,1.16,,,6,1110.4376266000327,1110.4376560000237,,,chair,4,4,,,,,,,,,,,,,,,,,,,,,,,,,,,,,,None,,,None,2026-08-24_21h21.25.115,10,TSRlearn_localizer-concepts,2026-08-24 21h21.26.458819 +0200,,1107.7695772000006,1109.2858989000088,1110.5110678000492,,,,60.01601227522506,1107.0055384000298,1107.7695772000006,,,1106.9921658000094,1107.7551489000325,,,chair\chair_10.jpg,,,,,,,,,,,,,,,,,,,,,,,0,0,1,,None,,1107.7695772000006,,,,,None,,0,,,2025.2.4,,,1,1107.763241800014,1109.2708397000097,,,None,None,1107.769781366693,1108.7027617000276,,,257,0,2026-08-24_21:39:53.439738,257,8,localizer,,None,,,None,,257,257,0,257,,,,,,chair,Chaise,Stuhl,
1112.7702354000066,1113.903292700008,1.12,,,6,1113.903347000014,1113.903375700058,,,bicycle,2,2,,,,,,,,,,,,,,,,,,,,,,,,,,,,,,None,,,None,2026-08-24_21h21.25.115,45,TSRlearn_localizer-concepts,2026-08-24 21h21.26.458819 +0200,,1111.269167600025,1112.7852421000134,1113.9537889000494,,,,60.01601227522506,1110.5110678000492,1111.269167600025,,,1110.4831470000208,1111.2541848000255,,,bicycle\bicycle_45.jpg,,,,,,,,,,,,,,,,,,,,,,,0,0,1,,None,,1111.269167600025,,,,,None,,0,,,2025.2.4,,,1,1111.2571437000297,1112.7701790000428,,,None,None,1111.268786566685,1111.9849639000022,,,258,0,2026-08-24_21:39:56.945267,258,9,localizer,,None,,,None,,258,258,0,258,,,,,,bicycle,Vélo,Fahrrad,
1116.2193224000512,1117.1526547000394,0.93,,,6,1117.1527098000515,1117.1527396000456,,,bread,3,3,,,,,,,,,,,,,,,,,,,,,,,,,,,,,,None,,,None,2026-08-24_21h21.25.115,46,TSRlearn_localizer-concepts,2026-08-24 21h21.26.458819 +0200,,1114.7176067000255,1116.2337650000118,1117.1895610000356,,,,60.01601227522506,1113.9537889000494,1114.7176067000255,,,1113.9460365000414,1114.7026881000493,,,bread\bread_46.jpg,,,,,,,,,,,,,,,,,,,,,,,0,0,1,,None,,1114.7176067000255,,,,,None,,0,,,2025.2.4,,,1,1114.706361700024,1116.2192663000314,,,None,None,1114.7176203667225,1115.6341137000127,,,259,0,2026-08-24_21:40:00.387988,259,10,localizer,,None,,,None,,259,259,0,259,,,,,,bread,Pain,Brot,
1119.4514086000272,1120.3365101000527,0.87,,,6,1120.3365627000458,1120.3365897000185,,,hammer,7,7,,,,,,,,,,,,,,,,,,,,,,,,,,,,,,None,,,None,2026-08-24_21h21.25.115,9,TSRlearn_localizer-concepts,2026-08-24 21h21.26.458819 +0200,,1117.9670969000435,1119.466247400036,1120.3679745000554,,,,60.01601227522506,1117.1895610000356,1117.9670969000435,,,1117.1715216000448,1117.9352322000195,,,hammer\hammer_09.jpg,,,,,,,,,,,,,,,,,,,,,,,0,0,1,,None,,1117.9670969000435,,,,,None,,0,,,2025.2.4,,,1,1117.951006700052,1119.4513517000014,,,None,None,1117.9666271333776,1118.4828279000358,,,260,0,2026-08-24_21:40:03.623760,260,11,localizer,,None,,,None,,260,260,0,260,,,,,,hammer,Marteau,Hammer,
1122.6343869000557,1123.6334519000375,0.99,,,6,1123.6335041000275,1123.6335310000577,,,dog,5,5,,,,,,,,,,,,,,,,,,,,,,,,,,,,,,None,,,None,2026-08-24_21h21.25.115,34,TSRlearn_localizer-concepts,2026-08-24 21h21.26.458819 +0200,,1121.1322890000301,1122.6481602000422,1123.6838739000377,,,,60.01601227522506,1120.3679745000554,1121.1322890000301,,,1120.356889900053,1121.1176569000236,,,dog\dog_34.jpg,,,,,,,,,,,,,,,,,,,,,,,0,0,1,,None,,1121.1322890000301,,,,,None,,0,,,2025.2.4,,,1,1121.120650100056,1122.6343272000086,,,None,None,1121.132263766722,1121.6166858000215,,,261,0,2026-08-24_21:40:06.802174,261,12,localizer,,None,,,None,,261,261,0,261,,,,,,dog,Chien,Hund,
1125.9496536000515,1126.7819908000529,0.82,,,6,1126.782044200052,1126.7820734000416,,,house,9,9,,,,,,,,,,,,,,,,,,,,,,,,,,,,,,None,,,None,2026-08-24_21h21.25.115,19,TSRlearn_localizer-concepts,2026-08-24 21h21.26.458819 +0200,,1124.448302600009,1125.9645359000424,1126.849188800028,,,,60.01601227522506,1123.6838739000377,1124.448302600009,,,1123.670396600035,1124.4333077000338,,,house\house_19.jpg,,,,,,,,,,,,,,,,,,,,,,,0,0,1,,None,,1124.448302600009,,,,,None,,0,,,2025.2.4,,,1,1124.4373493000166,1125.9495979000349,,,None,None,1124.4479618666849,1124.9812530000345,,,262,0,2026-08-24_21:40:10.118073,262,13,localizer,,None,,,None,,262,262,0,262,,,,,,house,Maison,Haus,
1129.1150272000232,1130.347994300013,1.23,,,6,1130.3480683000525,1130.3481097000185,,,hand,8,8,,,,,,,,,,,,,,,,,,,,,,,,,,,,,,None,,,None,2026-08-24_21h21.25.115,15,TSRlearn_localizer-concepts,2026-08-24 21h21.26.458819 +0200,,1127.6144862000365,1129.1299758000532,1130.4020086000091,,,,60.01601227522506,1126.849188800028,1127.6144862000365,,,1126.8324846000178,1127.5995487000328,,,hand\hand_15.jpg,,,,,,,,,,,,,,,,,,,,,,,0,0,1,,None,,1127.6144862000365,,,,,None,,0,,,2025.2.4,,,1,1127.6036770000355,1129.1149722000118,,,None,None,1127.6142095666767,1128.0969840000034,,,263,0,2026-08-24_21:40:13.283388,263,14,localizer,,None,,,None,,263,263,0,263,,,,,,hand,Main,Hand,
1132.8642079000128,1133.6476000000257,0.77,,,6,1133.6476553000393,1133.6476862000418,,,chair,4,10,,,,,,,,,,,,,,,,,,,,,,,,,,,,,,None,,,r,2026-08-24_21h21.25.115,50,TSRlearn_localizer-concepts,2026-08-24 21h21.26.458819 +0200,,1131.1627910000389,1132.8792873000493,1133.7172472000238,,,,60.01601227522506,1130.4020086000091,1131.1627910000389,,,1130.3859384000534,1131.1482469000039,,,chair\chair_50.jpg,,,,,,,,,,,,,,,,,,,,,,,0,1,1,,None,,1131.1627910000389,,,,,right,,0,,,2025.2.4,,,1,1131.1521290000528,1132.8641518000513,,,None,None,1131.1632072667164,1131.6953989000176,,,264,0,2026-08-24_21:40:16.836208,264,15,localizer,,None,,,None,,264,264,0,264,,,,,,jacket,Veste,Jacke,
1135.9799420000054,1136.9966819000547,1.01,,,6,1136.996734000044,1136.996762100025,,,bread,3,3,,,,,,,,,,,,,,,,,,,,,,,,,,,,,,None,,,None,2026-08-24_21h21.25.115,18,TSRlearn_localizer-concepts,2026-08-24 21h21.26.458819 +0200,,1134.4798777000397,1135.9944441000116,1137.0292393000564,,,,60.01601227522506,1133.7172472000238,1134.4798777000397,,,1133.6791299000033,1134.4648285000003,,,bread\bread_18.jpg,,,,,,,,,,,,,,,,,,,,,,,0,0,1,,None,,1134.4798777000397,,,,,None,,0,,,2025.2.4,,,1,1134.4679034000146,1135.9798787000473,,,None,None,1134.4793413666814,1135.411827700038,,,265,0,2026-08-24_21:40:20.151446,265,16,localizer,,None,,,None,,265,265,0,265,,,,,,bread,Pain,Brot,
1139.279570100014,1140.2792496000184,1,,,6,1140.2793525000452,1140.2794016000116,,,ball,1,1,,,,,,,,,,,,,,,,,,,,,,,,,,,,,,None,,,None,2026-08-24_21h21.25.115,24,TSRlearn_localizer-concepts,2026-08-24 21h21.26.458819 +0200,,1137.7934902000125,1139.2936465000384,1140.3118635000428,,,,60.01601227522506,1137.0292393000564,1137.7934902000125,,,1137.0214818000095,1137.7792944000103,,,ball\ball_24.jpg,,,,,,,,,,,,,,,,,,,,,,,0,0,1,,None,,1137.7934902000125,,,,,None,,0,,,2025.2.4,,,1,1137.7822011000244,1139.2795107000275,,,None,None,1137.7942831667062,1138.577514100005,,,266,0,2026-08-24_21:40:23.463439,266,17,localizer,,None,,,None,,266,266,0,266,,,,,,ball,Ballon,Ball,
1142.578330200049,1143.5611116000218,0.98,,,6,1143.5611699,1143.5612020000117,,,bicycle,2,2,,,,,,,,,,,,,,,,,,,,,,,,,,,,,,None,,,None,2026-08-24_21h21.25.115,7,TSRlearn_localizer-concepts,2026-08-24 21h21.26.458819 +0200,,1141.0766497000004,1142.5932172000175,1143.6113789000083,,,,60.01601227522506,1140.3118635000428,1141.0766497000004,,,1140.2990741000394,1141.0617824000074,,,bicycle\bicycle_07.jpg,,,,,,,,,,,,,,,,,,,,,,,0,0,1,,None,,1141.0766497000004,,,,,None,,0,,,2025.2.4,,,1,1141.0637726000277,1142.5782690000487,,,None,None,1141.0763517667112,1141.7944689000142,,,267,0,2026-08-24_21:40:26.746063,267,18,localizer,,None,,,None,,267,267,0,267,,,,,,bicycle,Vélo,Fahrrad,
1145.8760635000071,1146.6435715000262,0.76,,,6,1146.643631200015,1146.643664800038,,,bread,3,3,,,,,,,,,,,,,,,,,,,,,,,,,,,,,,None,,,None,2026-08-24_21h21.25.115,28,TSRlearn_localizer-concepts,2026-08-24 21h21.26.458819 +0200,,1144.3757994000334,1145.8915917000268,1146.6769550000317,,,,60.01601227522506,1143.6113789000083,1144.3757994000334,,,1143.5926413000561,1144.3607419000473,,,bread\bread_28.jpg,,,,,,,,,,,,,,,,,,,,,,,0,0,1,,None,,1144.3757994000334,,,,,None,,0,,,2025.2.4,,,1,1144.3636999000446,1145.8760076000472,,,None,None,1144.375442266701,1145.2916187000228,,,268,0,2026-08-24_21:40:30.045578,268,19,localizer,,None,,,None,,268,268,0,268,,,,,,bread,Pain,Brot,
1148.9431599000236,1149.9921991000301,1.05,,,6,1149.992253500037,1149.9922835000325,,,house,9,9,,,,,,,,,,,,,,,,,,,,,,,,,,,,,,None,,,None,2026-08-24_21h21.25.115,7,TSRlearn_localizer-concepts,2026-08-24 21h21.26.458819 +0200,,1147.440820800024,1148.9576202000026,1150.0251426000032,,,,60.01601227522506,1146.6769550000317,1147.440820800024,,,1146.6610909000156,1147.4267002000124,,,house\house_07.jpg,,,,,,,,,,,,,,,,,,,,,,,0,0,1,,None,,1147.440820800024,,,,,None,,0,,,2025.2.4,,,1,1147.430867100018,1148.943095500057,,,None,None,1147.4412525667033,1147.9739697000477,,,269,0,2026-08-24_21:40:33.111154,269,20,localizer,,None,,,None,,269,269,0,269,,,,,,house,Maison,Haus,
1152.2920830000076,1153.442079600005,1.15,,,6,1153.4421327000018,1153.4421602000366,,,chair,4,4,,,,,,,,,,,,,,,,,,,,,,,,,,,,,,None,,,None,2026-08-24_21h21.25.115,14,TSRlearn_localizer-concepts,2026-08-24 21h21.26.458819 +0200,,1150.7901574000134,1152.306285000057,1153.4740249000024,,,,60.01601227522506,1150.0251426000032,1150.7901574000134,,,1150.0102993000182,1150.7752702000435,,,chair\chair_14.jpg,,,,,,,,,,,,,,,,,,,,,,,0,0,1,,None,,1150.7901574000134,,,,,None,,0,,,2025.2.4,,,1,1150.7785226000124,1152.2920259000384,,,None,None,1150.7900606666847,1151.7229792000144,,,270,0,2026-08-24_21:40:36.459342,270,21,localizer,,None,,,None,,270,270,0,270,,,,,,chair,Chaise,Stuhl,
1155.7406234000227,1156.9240302000544,1.18,,,6,1156.9240843000007,1156.9241133000469,,,flower,6,6,,,,,,,,,,,,,,,,,,,,,,,,,,,,,,None,,,None,2026-08-24_21h21.25.115,32,TSRlearn_localizer-concepts,2026-08-24 21h21.26.458819 +0200,,1154.239108400012,1155.7551415000344,1156.9563308000215,,,,60.01601227522506,1153.4740249000024,1154.239108400012,,,1153.4677896000212,1154.2251120000146,,,flower\flower_32.jpg,,,,,,,,,,,,,,,,,,,,,,,0,0,1,,None,,1154.239108400012,,,,,None,,0,,,2025.2.4,,,1,1154.2279373000492,1155.7405621000216,,,None,None,1154.2396882667128,1155.1382322000572,,,271,0,2026-08-24_21:40:39.908224,271,22,localizer,,None,,,None,,271,271,0,271,,,,,,flower,Fleur,Blume,
1159.207060500048,1160.0392730000312,0.83,,,6,1160.0393272000365,1160.03935560002,,,hand,8,8,,,,,,,,,,,,,,,,,,,,,,,,,,,,,,None,,,None,2026-08-24_21h21.25.115,8,TSRlearn_localizer-concepts,2026-08-24 21h21.26.458819 +0200,,1157.721432200051,1159.2208476000233,1160.1124889000203,,,,60.01601227522506,1156.9563308000215,1157.721432200051,,,1156.9493324000505,1157.7066358000156,,,hand\hand_08.jpg,,,,,,,,,,,,,,,,,,,,,,,0,0,1,,None,,1157.721432200051,,,,,None,,0,,,2025.2.4,,,1,1157.7102978000185,1159.2069919000496,,,None,None,1157.7213140666756,1158.2044416000135,,,272,0,2026-08-24_21:40:43.390530,272,23,localizer,,None,,,None,,272,272,0,272,,,,,,hand,Main,Hand,
1162.3723878000164,1163.3716197000467,1,,,6,1163.371674300055,1163.371703700046,,,dog,5,5,,,,,,,,,,,,,,,,,,,,,,,,,,,,,,None,,,None,2026-08-24_21h21.25.115,41,TSRlearn_localizer-concepts,2026-08-24 21h21.26.458819 +0200,,1160.8737973000389,1162.3863930000225,1163.4381826000172,,,,60.01601227522506,1160.1124889000203,1160.8737973000389,,,1160.0929340000148,1160.858071100025,,,dog\dog_41.jpg,,,,,,,,,,,,,,,,,,,,,,,0,0,1,,None,,1160.8737973000389,,,,,None,,0,,,2025.2.4,,,1,1160.8618547000224,1162.3723282000283,,,None,None,1160.8725912667035,1161.3759867000044,,,273,0,2026-08-24_21:40:46.546688,273,24,localizer,,None,,,None,,273,273,0,273,,,,,,dog,Chien,Hund,
1165.687791400007,1166.5037434000405,0.81,,,6,1166.5038071000017,1166.5038416000316,,,ball,1,1,,,,,,,,,,,,,,,,,,,,,,,,,,,,,,None,,,None,2026-08-24_21h21.25.115,36,TSRlearn_localizer-concepts,2026-08-24 21h21.26.458819 +0200,,1164.1855993000208,1165.7041461000335,1166.558473800018,,,,60.01601227522506,1163.4381826000172,1164.1855993000208,,,1163.4295070000226,1164.173031400016,,,ball\ball_36.jpg,,,,,,,,,,,,,,,,,,,,,,,0,0,1,,None,,1164.1855993000208,,,,,None,,0,,,2025.2.4,,,1,1164.1755491000367,1165.687731300015,,,None,None,1164.1876759667105,1164.9692017000052,,,274,0,2026-08-24_21:40:49.872382,274,25,localizer,,None,,,None,,274,274,0,274,,,,,,ball,Ballon,Ball,
1168.8190905000083,1169.9201526000397,1.09,,,6,1169.920212600031,1169.9202427000273,,,flower,6,6,,,,,,,,,,,,,,,,,,,,,,,,,,,,,,None,,,None,2026-08-24_21h21.25.115,1,TSRlearn_localizer-concepts,2026-08-24 21h21.26.458819 +0200,,1167.3195536000421,1168.8342215000303,1169.9542415000033,,,,60.01601227522506,1166.558473800018,1167.3195536000421,,,1166.5442455000011,1167.304975200037,,,flower\flower_01.jpg,,,,,,,,,,,,,,,,,,,,,,,0,0,1,,None,,1167.3195536000421,,,,,None,,0,,,2025.2.4,,,1,1167.3076497000293,1168.819023100019,,,None,None,1167.3197351666788,1168.217929400038,,,275,0,2026-08-24_21:40:52.992673,275,26,localizer,,None,,,None,,275,275,0,275,,,,,,flower,Fleur,Blume,
1172.2187453000224,1173.1689166000579,0.94,,,6,1173.168971600011,1173.169000700058,,,bicycle,2,2,,,,,,,,,,,,,,,,,,,,,,,,,,,,,,None,,,None,2026-08-24_21h21.25.115,13,TSRlearn_localizer-concepts,2026-08-24 21h21.26.458819 +0200,,1170.7190412000054,1172.2328552000108,1173.2194762000581,,,,60.01601227522506,1169.9542415000033,1170.7190412000054,,,1169.936502400029,1170.7057613000507,,,bicycle\bicycle_13.jpg,,,,,,,,,,,,,,,,,,,,,,,0,0,1,,None,,1170.7190412000054,,,,,None,,0,,,2025.2.4,,,1,1170.7079820000217,1172.2186873000464,,,None,None,1170.720540866667,1171.4337329000118,,,276,0,2026-08-24_21:40:56.388441,276,27,localizer,,None,,,None,,276,276,0,276,,,,,,bicycle,Vélo,Fahrrad,
1175.4842166000162,1176.2742948000086,0.78,,,6,1176.2743624000577,1176.2743948000134,,,jacket,10,10,,,,,,,,,,,,,,,,,,,,,,,,,,,,,,None,,,None,2026-08-24_21h21.25.115,5,TSRlearn_localizer-concepts,2026-08-24 21h21.26.458819 +0200,,1173.999269300024,1175.4995729000075,1176.3498340000515,,,,60.01601227522506,1173.2194762000581,1173.999269300024,,,1173.2068261000095,1173.9692278000293,,,jacket\jacket_05.jpg,,,,,,,,,,,,,,,,,,,,,,,0,0,1,,None,,1173.999269300024,,,,,None,,0,,,2025.2.4,,,1,1173.9852467000019,1175.4841536000022,,,None,None,1174.0004552333344,1174.5325542000355,,,277,0,2026-08-24_21:40:59.653675,277,28,localizer,,None,,,None,,277,277,0,277,,,,,,jacket,Veste,Jacke,
1178.8164938000264,1179.6496319000144,0.83,,,6,1179.6496865000227,1179.649714900006,,,flower,6,8,,,,,,,,,,,,,,,,,,,,,,,,,,,,,,None,,,r,2026-08-24_21h21.25.115,41,TSRlearn_localizer-concepts,2026-08-24 21h21.26.458819 +0200,,1177.0983008000185,1178.8310145000578,1179.7009003000567,,,,60.01601227522506,1176.3498340000515,1177.0983008000185,,,1176.3276030000416,1177.0867577000172,,,flower\flower_41.jpg,,,,,,,,,,,,,,,,,,,,,,,0,1,1,,None,,1177.0983008000185,,,,,left,,0,,,2025.2.4,,,1,1177.0898510000552,1178.8164361000527,,,None,None,1177.1013103667103,1177.5984172000317,,,278,0,2026-08-24_21:41:02.784033,278,29,localizer,,None,,,None,,278,278,0,278,,,,,,hand,Main,Hand,
1181.9650926000322,1182.7980579000432,0.82,,,6,1182.7981221000082,1182.7981580000487,,,jacket,10,10,,,,,,,,,,,,,,,,,,,,,,,,,,,,,,None,,,None,2026-08-24_21h21.25.115,6,TSRlearn_localizer-concepts,2026-08-24 21h21.26.458819 +0200,,1180.4639581000083,1181.9801815000246,1182.831530000025,,,,60.01601227522506,1179.7009003000567,1180.4639581000083,,,1179.6848493000143,1180.4493882000097,,,jacket\jacket_06.jpg,,,,,,,,,,,,,,,,,,,,,,,0,0,1,,None,,1180.4639581000083,,,,,None,,0,,,2025.2.4,,,1,1180.453508800012,1181.9650328000425,,,None,None,1180.4640115667173,1180.9967096000328,,,279,0,2026-08-24_21:41:06.135099,279,30,localizer,,None,,,None,,279,279,0,279,,,,,,jacket,Veste,Jacke,
1185.097662700049,1186.2977284000372,1.19,,,6,1186.2977870000177,1186.2978153000004,,,hammer,7,7,,,,,,,,,,,,,,,,,,,,,,,,,,,,,,None,,,None,2026-08-24_21h21.25.115,16,TSRlearn_localizer-concepts,2026-08-24 21h21.26.458819 +0200,,1183.612329900032,1185.1124124000198,1186.3321504000342,,,,60.01601227522506,1182.831530000025,1183.612329900032,,,1182.8172270000214,1183.5823014000198,,,hammer\hammer_16.jpg,,,,,,,,,,,,,,,,,,,,,,,0,0,1,,None,,1183.612329900032,,,,,None,,0,,,2025.2.4,,,1,1183.600306700042,1185.0976025000564,,,None,None,1183.613698333335,1184.1288397000171,,,280,0,2026-08-24_21:41:09.265729,280,31,localizer,,None,,,None,,280,280,0,280,,,,,,hammer,Marteau,Hammer,
1188.596606200037,1189.5630775000318,0.96,,,6,1189.563131700037,1189.5631605000235,,,dog,5,5,,,,,,,,,,,,,,,,,,,,,,,,,,,,,,None,,,None,2026-08-24_21h21.25.115,7,TSRlearn_localizer-concepts,2026-08-24 21h21.26.458819 +0200,,1187.1113651000196,1188.611439500004,1189.595520300034,,,,60.01601227522506,1186.3321504000342,1187.1113651000196,,,1186.3161821000394,1187.0828282000148,,,dog\dog_07.jpg,,,,,,,,,,,,,,,,,,,,,,,0,0,1,,None,,1187.1113651000196,,,,,None,,0,,,2025.2.4,,,1,1187.0984073000145,1188.5965433000238,,,None,None,1187.112288333367,1187.594498600054,,,281,0,2026-08-24_21:41:12.766350,281,32,localizer,,None,,,None,,281,281,0,281,,,,,,dog,Chien,Hund,
1191.8656145000132,1192.7451961000334,0.88,,,6,1192.7452517000493,1192.745280400035,,,hammer,7,7,,,,,,,,,,,,,,,,,,,,,,,,,,,,,,None,,,None,2026-08-24_21h21.25.115,29,TSRlearn_localizer-concepts,2026-08-24 21h21.26.458819 +0200,,1190.3612639000057,1191.8768302000244,1192.8124207000365,,,,60.01601227522506,1189.595520300034,1190.3612639000057,,,1189.5847087000147,1190.346840000013,,,hammer\hammer_29.jpg,,,,,,,,,,,,,,,,,,,,,,,0,0,1,,None,,1190.3612639000057,,,,,None,,0,,,2025.2.4,,,1,1190.3504751000437,1191.865554500022,,,None,None,1190.3612291666834,1190.8774382000556,,,282,0,2026-08-24_21:41:16.029719,282,33,localizer,,None,,,None,,282,282,0,282,,,,,,hammer,Marteau,Hammer,
1195.0610565000097,1196.0437771000434,0.97,,,6,1196.0438326000003,1196.043861400045,,,jacket,10,10,,,,,,,,,,,,,,,,,,,,,,,,,,,,,,None,,,None,2026-08-24_21h21.25.115,10,TSRlearn_localizer-concepts,2026-08-24 21h21.26.458819 +0200,,1193.5773424000363,1195.0759219000465,1196.103128100047,,,,60.01601227522506,1192.8124207000365,1193.5773424000363,,,1192.791507200047,1193.5470565000433,,,jacket\jacket_10.jpg,,,,,,,,,,,,,,,,,,,,,,,0,0,1,,None,,1193.5773424000363,,,,,None,,0,,,2025.2.4,,,1,1193.5685107000172,1195.0609972000238,,,None,None,1193.578231033353,1194.1263460000046,,,283,0,2026-08-24_21:41:19.246620,283,34,localizer,,None,,,None,,283,283,0,283,,,,,,jacket,Veste,Jacke,
1198.5598135000328,1199.3931729000178,0.82,,,6,1199.3932257000124,1199.3932546000578,,,bicycle,2,3,,,,,,,,,,,,,,,,,,,,,,,,,,,,,,None,,,r,2026-08-24_21h21.25.115,49,TSRlearn_localizer-concepts,2026-08-24 21h21.26.458819 +0200,,1196.8593623000197,1198.5746793000144,1199.4280519000022,,,,60.01601227522506,1196.103128100047,1196.8593623000197,,,1196.0824648000416,1196.8444790000212,,,bicycle\bicycle_49.jpg,,,,,,,,,,,,,,,,,,,,,,,0,1,1,,None,,1196.8593623000197,,,,,right,,0,,,2025.2.4,,,1,1196.8473835000186,1198.5597469000495,,,None,None,1196.8591658666885,1197.7915416000178,,,284,0,2026-08-24_21:41:22.537327,284,35,localizer,,None,,,None,,284,284,0,284,,,,,,bread,Pain,Brot,
1201.69284600002,1202.877568900003,1.17,,,6,1202.8776275000419,1202.8776575000375,,,house,9,9,,,,,,,,,,,,,,,,,,,,,,,,,,,,,,None,,,None,2026-08-24_21h21.25.115,25,TSRlearn_localizer-concepts,2026-08-24 21h21.26.458819 +0200,,1200.1909594000317,1201.7067635000567,1202.9756161000114,,,,60.01601227522506,1199.4280519000022,1200.1909594000317,,,1199.4199678000296,1200.1764787000138,,,house\house_25.jpg,,,,,,,,,,,,,,,,,,,,,,,0,0,1,,None,,1200.1909594000317,,,,,None,,0,,,2025.2.4,,,1,1200.180402500031,1201.6927861000295,,,None,None,1200.191158166683,1200.7408080000314,,,285,0,2026-08-24_21:41:25.862251,285,36,localizer,,None,,,None,,285,285,0,285,,,,,,house,Maison,Haus,
1205.2134275000426,1206.290794200031,1.08,,,6,1206.290849400044,1206.2909047000576,,,hammer,7,7,,,,,,,,,,,,,,,,,,,,,,,,,,,,,,None,,,None,2026-08-24_21h21.25.115,48,TSRlearn_localizer-concepts,2026-08-24 21h21.26.458819 +0200,,1203.7406488000415,1205.224982500018,1206.3433656000416,,,,60.01601227522506,1202.9756161000114,1203.7406488000415,,,1202.9404332000413,1203.7105120000197,,,hammer\hammer_48.jpg,,,,,,,,,,,,,,,,,,,,,,,0,0,1,,None,,1203.7406488000415,,,,,None,,0,,,2025.2.4,,,1,1203.728757600009,1205.2133354000398,,,None,None,1203.7418652333513,1204.256557100045,,,286,0,2026-08-24_21:41:29.409815,286,37,localizer,,None,,,None,,286,286,0,286,,,,,,hammer,Marteau,Hammer,
1208.6072448000195,1209.6058724000468,0.99,,,6,1209.6059263000498,1209.6059537000256,,,flower,6,6,,,,,,,,,,,,,,,,,,,,,,,,,,,,,,None,,,None,2026-08-24_21h21.25.115,5,TSRlearn_localizer-concepts,2026-08-24 21h21.26.458819 +0200,,1207.1051563000074,1208.6211952000158,1209.6559978000005,,,,60.01601227522506,1206.3433656000416,1207.1051563000074,,,1206.3321680000518,1207.0905550000025,,,flower\flower_05.jpg,,,,,,,,,,,,,,,,,,,,,,,0,0,1,,None,,1207.1051563000074,,,,,None,,0,,,2025.2.4,,,1,1207.0935052000568,1208.6071863000398,,,None,None,1207.10513486667,1208.0048699000035,,,287,0,2026-08-24_21:41:32.777565,287,38,localizer,,None,,,None,,287,287,0,287,,,,,,flower,Fleur,Blume,
1211.9223490000004,1213.1216588000534,1.19,,,6,1213.1217158000218,1213.1217457000166,,,ball,1,1,,,,,,,,,,,,,,,,,,,,,,,,,,,,,,None,,,None,2026-08-24_21h21.25.115,26,TSRlearn_localizer-concepts,2026-08-24 21h21.26.458819 +0200,,1210.4214341000188,1211.9365113000385,1213.2559419000172,,,,60.01601227522506,1209.6559978000005,1210.4214341000188,,,1209.635664100002,1210.4065252,,,ball\ball_26.jpg,,,,,,,,,,,,,,,,,,,,,,,0,0,1,,None,,1210.4214341000188,,,,,None,,0,,,2025.2.4,,,1,1210.4093414000235,1211.922280800005,,,None,None,1210.4212546667006,1211.204112300009,,,288,0,2026-08-24_21:41:36.090197,288,39,localizer,,None,,,None,,288,288,0,288,,,,,,ball,Ballon,Ball,
1215.5211984000052,1216.4878570000292,0.96,,,6,1216.4879103000276,1216.487937900005,,,bread,3,3,,,,,,,,,,,,,,,,,,,,,,,,,,,,,,None,,,None,2026-08-24_21h21.25.115,15,TSRlearn_localizer-concepts,2026-08-24 21h21.26.458819 +0200,,1214.019626400026,1215.5354215000407,1216.5754241000395,,,,60.01601227522506,1213.2559419000172,1214.019626400026,,,1213.1982957000146,1214.0052931000246,,,bread\bread_15.jpg,,,,,,,,,,,,,,,,,,,,,,,0,0,1,,None,,1214.019626400026,,,,,None,,0,,,2025.2.4,,,1,1214.0087947000284,1215.5211383000133,,,None,None,1214.0199345666954,1214.935537500016,,,289,0,2026-08-24_21:41:39.690141,289,40,localizer,,None,,,None,,289,289,0,289,,,,,,bread,Pain,Brot,
1218.8366813000175,1219.886022700055,1.05,,,6,1219.8860756000504,1219.88610350003,,,ball,1,1,,,,,,,,,,,,,,,,,,,,,,,,,,,,,,None,,,None,2026-08-24_21h21.25.115,15,TSRlearn_localizer-concepts,2026-08-24 21h21.26.458819 +0200,,1217.3349833000102,1218.8509816000005,1219.9405240000342,,,,60.01601227522506,1216.5754241000395,1217.3349833000102,,,1216.5554067000048,1217.320788800018,,,ball\ball_15.jpg,,,,,,,,,,,,,,,,,,,,,,,0,0,1,,None,,1217.3349833000102,,,,,None,,0,,,2025.2.4,,,1,1217.3235858000116,1218.8366215000278,,,None,None,1217.3357274666816,1218.101471300004,,,290,0,2026-08-24_21:41:43.009623,290,41,localizer,,None,,,None,,290,290,0,290,,,,,,ball,Ballon,Ball,
1222.203460800054,1223.119782200025,0.91,,,6,1223.1198671000311,1223.1199091000017,,,chair,4,4,,,,,,,,,,,,,,,,,,,,,,,,,,,,,,None,,,None,2026-08-24_21h21.25.115,42,TSRlearn_localizer-concepts,2026-08-24 21h21.26.458819 +0200,,1220.7010867000208,1222.2177934000501,1223.1732383000199,,,,60.01601227522506,1219.9405240000342,1220.7010867000208,,,1219.92791030003,1220.687436600041,,,chair\chair_42.jpg,,,,,,,,,,,,,,,,,,,,,,,0,0,1,,None,,1220.7010867000208,,,,,None,,0,,,2025.2.4,,,1,1220.6904280000017,1222.2034033000236,,,None,None,1220.702134366675,1221.6176023000153,,,291,0,2026-08-24_21:41:46.374723,291,42,localizer,,None,,,None,,291,291,0,291,,,,,,chair,Chaise,Stuhl,
1225.419103800028,1226.3172125000274,0.89,,,6,1226.3172706000041,1226.317301700008,,,hand,8,8,,,,,,,,,,,,,,,,,,,,,,,,,,,,,,None,,,None,2026-08-24_21h21.25.115,12,TSRlearn_localizer-concepts,2026-08-24 21h21.26.458819 +0200,,1223.9334048000164,1225.4329066000064,1226.350653100002,,,,60.01601227522506,1223.1732383000199,1223.9334048000164,,,1223.148189700034,1223.9184501000564,,,hand\hand_12.jpg,,,,,,,,,,,,,,,,,,,,,,,0,0,1,,None,,1223.9334048000164,,,,,None,,0,,,2025.2.4,,,1,1223.9221152000246,1225.4190378000494,,,None,None,1223.9332596666684,1224.4342595000053,,,292,0,2026-08-24_21:41:49.607437,292,43,localizer,,None,,,None,,292,292,0,292,,,,,,hand,Main,Hand,
1228.6173804000136,1229.4013470000355,0.78,,,6,1229.4014003000339,1229.4014285000158,,,hammer,7,7,,,,,,,,,,,,,,,,,,,,,,,,,,,,,,None,,,None,2026-08-24_21h21.25.115,22,TSRlearn_localizer-concepts,2026-08-24 21h21.26.458819 +0200,,1227.1156376000145,1228.6315661000554,1229.487951200048,,,,60.01601227522506,1226.350653100002,1227.1156376000145,,,1226.3421055000508,1227.1014947000076,,,hammer\hammer_22.jpg,,,,,,,,,,,,,,,,,,,,,,,0,0,1,,None,,1227.1156376000145,,,,,None,,0,,,2025.2.4,,,1,1227.1044927000185,1228.6173236000468,,,None,None,1227.1161327667107,1227.6318946000538,,,293,0,2026-08-24_21:41:52.784852,293,44,localizer,,None,,,None,,293,293,0,293,,,,,,hammer,Marteau,Hammer,
1231.750644100015,1232.7832106000278,1.03,,,6,1232.783264000027,1232.7832919000066,,,chair,4,4,,,,,,,,,,,,,,,,,,,,,,,,,,,,,,None,,,None,2026-08-24_21h21.25.115,45,TSRlearn_localizer-concepts,2026-08-24 21h21.26.458819 +0200,,1230.2485189000145,1231.764989700052,1232.834124600049,,,,60.01601227522506,1229.487951200048,1230.2485189000145,,,1229.4669524000492,1230.2336784000508,,,chair\chair_45.jpg,,,,,,,,,,,,,,,,,,,,,,,0,0,1,,None,,1230.2485189000145,,,,,None,,0,,,2025.2.4,,,1,1230.2369768000208,1231.7505851000315,,,None,None,1230.2484160666975,1231.1815186000313,,,294,0,2026-08-24_21:41:55.922150,294,45,localizer,,None,,,None,,294,294,0,294,,,,,,chair,Chaise,Stuhl,
1235.0986800000537,1236.2320696000243,1.13,,,6,1236.2321330000414,1236.23216210003,,,bicycle,2,2,,,,,,,,,,,,,,,,,,,,,,,,,,,,,,None,,,None,2026-08-24_21h21.25.115,12,TSRlearn_localizer-concepts,2026-08-24 21h21.26.458819 +0200,,1233.597371800046,1235.1136728000129,1236.2875289000222,,,,60.01601227522506,1232.834124600049,1233.597371800046,,,1232.8105850000284,1233.583354100003,,,bicycle\bicycle_12.jpg,,,,,,,,,,,,,,,,,,,,,,,0,0,1,,None,,1233.597371800046,,,,,None,,0,,,2025.2.4,,,1,1233.585877400008,1235.0986133000115,,,None,None,1233.5977395667035,1234.3135289000347,,,295,0,2026-08-24_21:41:59.268324,295,46,localizer,,None,,,None,,295,295,0,295,,,,,,bicycle,Vélo,Fahrrad,
1238.546742400038,1239.6133417000528,1.06,,,6,1239.6133940000436,1239.6134217000217,,,hand,8,8,,,,,,,,,,,,,,,,,,,,,,,,,,,,,,None,,,None,2026-08-24_21h21.25.115,48,TSRlearn_localizer-concepts,2026-08-24 21h21.26.458819 +0200,,1237.0461335,1238.562364100013,1239.6480554000009,,,,60.01601227522506,1236.2875289000222,1237.0461335,,,1236.2708672000444,1237.0312013000366,,,hand\hand_48.jpg,,,,,,,,,,,,,,,,,,,,,,,0,0,1,,None,,1237.0461335,,,,,None,,0,,,2025.2.4,,,1,1237.034433200024,1238.5466797000263,,,None,None,1237.0460425667154,1237.5462737000198,,,296,0,2026-08-24_21:42:02.721728,296,47,localizer,,None,,,None,,296,296,0,296,,,,,,hand,Main,Hand,
1241.9123595000128,1242.929526800057,1.01,,,6,1242.9295799000538,1242.9296079000342,,,jacket,10,10,,,,,,,,,,,,,,,,,,,,,,,,,,,,,,None,,,None,2026-08-24_21h21.25.115,1,TSRlearn_localizer-concepts,2026-08-24 21h21.26.458819 +0200,,1240.4113383000367,1241.9272522000247,1242.9790444000391,,,,60.01601227522506,1239.6480554000009,1240.4113383000367,,,1239.6278879000456,1240.3965454000281,,,jacket\jacket_01.jpg,,,,,,,,,,,,,,,,,,,,,,,0,0,1,,None,,1240.4113383000367,,,,,None,,0,,,2025.2.4,,,1,1240.4011554000317,1241.9122994000209,,,None,None,1240.4114039667222,1240.9449790000217,,,297,0,2026-08-24_21:42:06.082254,297,48,localizer,,None,,,None,,297,297,0,297,,,,,,jacket,Veste,Jacke,
1245.4618665000307,1246.5776454000152,1.11,,,6,1246.5776980000082,1246.5777252000407,,,bread,3,8,,,,,,,,,,,,,,,,,,,,,,,,,,,,,,None,,,r,2026-08-24_21h21.25.115,9,TSRlearn_localizer-concepts,2026-08-24 21h21.26.458819 +0200,,1243.7437470000004,1245.4772064000135,1246.6116340000299,,,,60.01601227522506,1242.9790444000391,1243.7437470000004,,,1242.9606830000412,1243.72982160002,,,bread\bread_09.jpg,,,,,,,,,,,,,,,,,,,,,,,0,1,1,,None,,1243.7437470000004,,,,,left,,0,,,2025.2.4,,,1,1243.733324800036,1245.4618103000103,,,None,None,1243.7443113666998,1244.2268905000528,,,298,0,2026-08-24_21:42:09.413244,298,49,localizer,,None,,,None,,298,298,0,298,,,,,,hand,Main,Hand,
1248.8775322000147,1250.0264340000576,1.15,,,6,1250.0264849000378,1459.8440461000428,1250.0419105000328,1265.0536541000474,house,9,9,,,,,,,,,,,,,,,,,,,,,,,,,,,,,375.7345470999717,r,14.608924500003923,1265.0376045000157,None,2026-08-24_21h21.25.115,1,TSRlearn_localizer-concepts,2026-08-24 21h21.26.458819 +0200,,1247.3764338000328,1248.8917898000218,1250.0419105000328,,,,60.01601227522506,1246.6116340000299,1247.3764338000328,,,1246.5970861000242,1247.3627878000261,,,house\house_01.jpg,1265.0376045000157,,,,,,,,,,,,,,,,,,,,,,0,0,1,,None,,1247.3764338000328,,,,,None,,0,1250.0419105000328,1265.0536541000474,2025.2.4,,,1,1247.366974500008,1248.877474900044,,,None,None,1247.3776666667002,1247.909108700056,,,299,0,2026-08-24_21:42:13.045833,299,50,localizer,375.7345470999717,r,14.608924500003923,,None,,299,299,0,299,,,,,,house,Maison,Haus,
1462.1929251000402,1462.9430976000149,0.75,,,7,1462.9466423000558,1462.9466826000134,,,chair,4,4,,,,,,,,,,,,,,,,,,,,,,,,,,,,,,None,,,None,2026-08-24_21h21.25.115,41,TSRlearn_localizer-concepts,2026-08-24 21h21.26.458819 +0200,,1460.6917492000503,1462.2076783000375,1463.0646082000458,,,,60.01601227522506,1459.936941400054,1460.6917492000503,,,1459.9074802000541,1460.6773100000573,,,chair\chair_41.jpg,,,,,,,,,,,,,,,,,,,,,,,0,0,1,,None,,1460.6917492000503,,,,,None,,0,,,2025.2.4,,,1,1460.6852137000533,1462.19285760005,,,None,None,1460.6920046666676,1461.625162900018,,,300,0,2026-08-24_21:45:46.371140,300,1,localizer,,None,,,None,,300,300,0,300,,,,,,chair,Chaise,Stuhl,
1465.3277092000353,1466.5101447000052,1.17,,,7,1466.5102028000401,1466.5102351000533,,,ball,1,1,,,,,,,,,,,,,,,,,,,,,,,,,,,,,,None,,,None,2026-08-24_21h21.25.115,15,TSRlearn_localizer-concepts,2026-08-24 21h21.26.458819 +0200,,1463.825057500042,1465.3405962000252,1466.5626832000562,,,,60.01601227522506,1463.0646082000458,1463.825057500042,,,1463.0174307000125,1463.8094012000365,,,ball\ball_15.jpg,,,,,,,,,,,,,,,,,,,,,,,0,0,1,,None,,1463.825057500042,,,,,None,,0,,,2025.2.4,,,1,1463.812559800048,1465.3276504000532,,,None,None,1463.82395366667,1464.6072140000178,,,301,0,2026-08-24_21:45:49.498807,301,2,localizer,,None,,,None,,301,301,0,301,,,,,,ball,Ballon,Ball,
1469.0240962000098,1469.8075306000537,0.77,,,7,1469.8075949000195,1469.8076255000196,,,hammer,7,6,,,,,,,,,,,,,,,,,,,,,,,,,,,,,,None,,,r,2026-08-24_21h21.25.115,48,TSRlearn_localizer-concepts,2026-08-24 21h21.26.458819 +0200,,1467.3226869000355,1469.039154200058,1469.8760514000314,,,,60.01601227522506,1466.5626832000562,1467.3226869000355,,,1466.5509003000334,1467.3080437000026,,,hammer\hammer_48.jpg,,,,,,,,,,,,,,,,,,,,,,,0,1,1,,None,,1467.3226869000355,,,,,left,,0,,,2025.2.4,,,1,1467.3112603000482,1469.024038500036,,,None,None,1467.3226192666955,1468.2224755000207,,,302,0,2026-08-24_21:45:52.996882,302,3,localizer,,None,,,None,,302,302,0,302,,,,,,flower,Fleur,Blume,
1472.1420787000097,1473.3413442000165,1.19,,,7,1473.3414048000122,1473.3414354000124,,,hand,8,8,,,,,,,,,,,,,,,,,,,,,,,,,,,,,,None,,,None,2026-08-24_21h21.25.115,46,TSRlearn_localizer-concepts,2026-08-24 21h21.26.458819 +0200,,1470.6405501000118,1472.1565679000341,1473.4269875000464,,,,60.01601227522506,1469.8760514000314,1470.6405501000118,,,1469.8528190000216,1470.6260750000365,,,hand\hand_46.jpg,,,,,,,,,,,,,,,,,,,,,,,0,0,1,,None,,1470.6405501000118,,,,,None,,0,,,2025.2.4,,,1,1470.6318498000037,1472.1420171000063,,,None,None,1470.640705366681,1471.1403398000402,,,303,0,2026-08-24_21:45:56.310251,303,4,localizer,,None,,,None,,303,303,0,303,,,,,,hand,Main,Hand,
1475.6912290000473,1476.5245601000497,0.83,,,7,1476.5246179000242,1476.5246493000304,,,flower,6,6,,,,,,,,,,,,,,,,,,,,,,,,,,,,,,None,,,None,2026-08-24_21h21.25.115,40,TSRlearn_localizer-concepts,2026-08-24 21h21.26.458819 +0200,,1474.1895464000409,1475.7056357000256,1476.5531366000068,,,,60.01601227522506,1473.4269875000464,1474.1895464000409,,,1473.4018945000134,1474.1750364000327,,,flower\flower_40.jpg,,,,,,,,,,,,,,,,,,,,,,,0,0,1,,None,,1474.1895464000409,,,,,None,,0,,,2025.2.4,,,1,1474.1780024000327,1475.6911671000416,,,None,None,1474.1897165667071,1475.0891240000492,,,304,0,2026-08-24_21:45:59.861187,304,5,localizer,,None,,,None,,304,304,0,304,,,,,,flower,Fleur,Blume,
1478.80606240005,1479.589373600029,0.77,,,7,1479.5894303000532,1479.5894605000503,,,bicycle,2,2,,,,,,,,,,,,,,,,,,,,,,,,,,,,,,None,,,None,2026-08-24_21h21.25.115,35,TSRlearn_localizer-concepts,2026-08-24 21h21.26.458819 +0200,,1477.305361000006,1478.820910200011,1479.6397379000555,,,,60.01601227522506,1476.5531366000068,1477.305361000006,,,1476.540486700018,1477.2904118000297,,,bicycle\bicycle_35.jpg,,,,,,,,,,,,,,,,,,,,,,,0,0,1,,None,,1477.305361000006,,,,,None,,0,,,2025.2.4,,,1,1477.2929038000293,1478.8060051000211,,,None,None,1477.3050685667006,1478.0214946000488,,,305,0,2026-08-24_21:46:02.987336,305,6,localizer,,None,,,None,,305,305,0,305,,,,,,bicycle,Vélo,Fahrrad,
1481.9055576000246,1483.1548478000332,1.25,,,7,1483.1549048000015,1483.1549343000515,,,bread,3,3,,,,,,,,,,,,,,,,,,,,,,,,,,,,,,None,,,None,2026-08-24_21h21.25.115,23,TSRlearn_localizer-concepts,2026-08-24 21h21.26.458819 +0200,,1480.4038471000385,1481.919944800029,1483.1885488000116,,,,60.01601227522506,1479.6397379000555,1480.4038471000385,,,1479.6211063000374,1480.389052500017,,,bread\bread_23.jpg,,,,,,,,,,,,,,,,,,,,,,,0,0,1,,None,,1480.4038471000385,,,,,None,,0,,,2025.2.4,,,1,1480.3927062000148,1481.9054987000418,,,None,None,1480.403733666699,1481.336944300041,,,306,0,2026-08-24_21:46:06.073937,306,7,localizer,,None,,,None,,306,306,0,306,,,,,,bread,Pain,Brot,
1485.4544792000088,1486.5691672000103,1.1,,,7,1486.5692306000274,1486.5692594000138,,,hammer,7,7,,,,,,,,,,,,,,,,,,,,,,,,,,,,,,None,,,None,2026-08-24_21h21.25.115,40,TSRlearn_localizer-concepts,2026-08-24 21h21.26.458819 +0200,,1483.9685663000564,1485.4688646000577,1486.6186692000483,,,,60.01601227522506,1483.1885488000116,1483.9685663000564,,,1483.1697531000245,1483.9381801000563,,,hammer\hammer_40.jpg,,,,,,,,,,,,,,,,,,,,,,,0,0,1,,None,,1483.9685663000564,,,,,None,,0,,,2025.2.4,,,1,1483.9622923000134,1485.4544197000214,,,None,None,1483.9694391333692,1484.4858101000427,,,307,0,2026-08-24_21:46:09.622748,307,8,localizer,,None,,,None,,307,307,0,307,,,,,,hammer,Marteau,Hammer,
1488.884453500039,1489.834462800005,0.94,,,7,1489.8345159000019,1489.8345442000427,,,bicycle,2,2,,,,,,,,,,,,,,,,,,,,,,,,,,,,,,None,,,None,2026-08-24_21h21.25.115,23,TSRlearn_localizer-concepts,2026-08-24 21h21.26.458819 +0200,,1487.3835973000387,1488.899204300018,1489.8691749000573,,,,60.01601227522506,1486.6186692000483,1487.3835973000387,,,1486.6032041000435,1487.368979700026,,,bicycle\bicycle_23.jpg,,,,,,,,,,,,,,,,,,,,,,,0,0,1,,None,,1487.3835973000387,,,,,None,,0,,,2025.2.4,,,1,1487.3714153000037,1488.8843953000032,,,None,None,1487.3835152667054,1488.0828752000234,,,308,0,2026-08-24_21:46:13.052868,308,9,localizer,,None,,,None,,308,308,0,308,,,,,,bicycle,Vélo,Fahrrad,
1492.1337604,1492.9337661000318,0.8,,,7,1492.9338177000172,1492.9338445000467,,,dog,5,5,,,,,,,,,,,,,,,,,,,,,,,,,,,,,,None,,,None,2026-08-24_21h21.25.115,7,TSRlearn_localizer-concepts,2026-08-24 21h21.26.458819 +0200,,1490.6489139000187,1492.1492092000553,1492.9831988000078,,,,60.01601227522506,1489.8691749000573,1490.6489139000187,,,1489.8549164000433,1490.61827060004,,,dog\dog_07.jpg,,,,,,,,,,,,,,,,,,,,,,,0,0,1,,None,,1490.6489139000187,,,,,None,,0,,,2025.2.4,,,1,1490.63472620002,1492.133700700011,,,None,None,1490.6494619333612,1491.1319520000252,,,309,0,2026-08-24_21:46:16.303374,309,10,localizer,,None,,,None,,309,309,0,309,,,,,,dog,Chien,Hund,
1495.2501945000258,1496.3334165000124,1.08,,,7,1496.333472200029,1496.3335102000274,,,jacket,10,10,,,,,,,,,,,,,,,,,,,,,,,,,,,,,,None,,,None,2026-08-24_21h21.25.115,24,TSRlearn_localizer-concepts,2026-08-24 21h21.26.458819 +0200,,1493.7651416000444,1495.2638765000156,1496.3834474000032,,,,60.01601227522506,1492.9831988000078,1493.7651416000444,,,1492.963418600033,1493.733814300038,,,jacket\jacket_24.jpg,,,,,,,,,,,,,,,,,,,,,,,0,0,1,,None,,1493.7651416000444,,,,,None,,0,,,2025.2.4,,,1,1493.749871100008,1495.250129000051,,,None,None,1493.76501973335,1494.2999147000373,,,310,0,2026-08-24_21:46:19.417398,310,11,localizer,,None,,,None,,310,310,0,310,,,,,,jacket,Veste,Jacke,
1498.6485502000432,1499.4315832000575,0.78,,,7,1499.4316381000099,1499.4316672000568,,,bread,3,3,,,,,,,,,,,,,,,,,,,,,,,,,,,,,,None,,,None,2026-08-24_21h21.25.115,28,TSRlearn_localizer-concepts,2026-08-24 21h21.26.458819 +0200,,1497.1467006000457,1498.6630737000378,1499.4650742000085,,,,60.01601227522506,1496.3834474000032,1497.1467006000457,,,1496.3652915000566,1497.1325045000413,,,bread\bread_28.jpg,,,,,,,,,,,,,,,,,,,,,,,0,0,1,,None,,1497.1467006000457,,,,,None,,0,,,2025.2.4,,,1,1497.136189300043,1498.6484923000098,,,None,None,1497.1471802666822,1498.0804205000168,,,311,0,2026-08-24_21:46:22.817647,311,12,localizer,,None,,,None,,311,311,0,311,,,,,,bread,Pain,Brot,
1501.7308572000475,1502.5808050000342,0.84,,,7,1502.5808596000425,1502.5808889000327,,,dog,5,5,,,,,,,,,,,,,,,,,,,,,,,,,,,,,,None,,,None,2026-08-24_21h21.25.115,22,TSRlearn_localizer-concepts,2026-08-24 21h21.26.458819 +0200,,1500.230939900037,1501.7455138000078,1502.6624264000566,,,,60.01601227522506,1499.4650742000085,1500.230939900037,,,1499.456201700028,1500.2169000000576,,,dog\dog_22.jpg,,,,,,,,,,,,,,,,,,,,,,,0,0,1,,None,,1500.230939900037,,,,,None,,0,,,2025.2.4,,,1,1500.2205264000222,1501.730793500028,,,None,None,1500.2314708667147,1500.7123827000032,,,312,0,2026-08-24_21:46:25.899273,312,13,localizer,,None,,,None,,312,312,0,312,,,,,,dog,Chien,Hund,
1504.9136528000236,1506.131029500044,1.21,,,7,1506.1310869000154,1506.1311171000125,,,house,9,9,,,,,,,,,,,,,,,,,,,,,,,,,,,,,,None,,,None,2026-08-24_21h21.25.115,43,TSRlearn_localizer-concepts,2026-08-24 21h21.26.458819 +0200,,1503.4122012000298,1504.928367000015,1506.1825527000474,,,,60.01601227522506,1502.6624264000566,1503.4122012000298,,,1502.6261820000364,1503.39762480004,,,house\house_43.jpg,,,,,,,,,,,,,,,,,,,,,,,0,0,1,,None,,1503.4122012000298,,,,,None,,0,,,2025.2.4,,,1,1503.4068039000267,1504.913590000011,,,None,None,1503.4121924666726,1503.961671500001,,,313,0,2026-08-24_21:46:29.096626,313,14,localizer,,None,,,None,,313,313,0,313,,,,,,house,Maison,Haus,
1508.4465631000348,1509.528489200049,1.07,,,7,1509.5285445000045,1509.528573800053,,,jacket,10,10,,,,,,,,,,,,,,,,,,,,,,,,,,,,,,None,,,None,2026-08-24_21h21.25.115,7,TSRlearn_localizer-concepts,2026-08-24 21h21.26.458819 +0200,,1506.9435193000245,1508.4605636000051,1509.560945300036,,,,60.01601227522506,1506.1825527000474,1506.9435193000245,,,1506.1663114000112,1506.9300785000087,,,jacket\jacket_07.jpg,,,,,,,,,,,,,,,,,,,,,,,0,0,1,,None,,1506.9435193000245,,,,,None,,0,,,2025.2.4,,,1,1506.9351146000554,1508.4464973000577,,,None,None,1506.944602066713,1507.4771500000497,,,314,0,2026-08-24_21:46:32.616752,314,15,localizer,,None,,,None,,314,314,0,314,,,,,,jacket,Veste,Jacke,
1511.8271920000552,1512.9438513000496,1.11,,,7,1512.943912000046,1512.9439405000303,,,bicycle,2,2,,,,,,,,,,,,,,,,,,,,,,,,,,,,,,None,,,None,2026-08-24_21h21.25.115,25,TSRlearn_localizer-concepts,2026-08-24 21h21.26.458819 +0200,,1510.3258456000476,1511.8419724000269,1512.976583300042,,,,60.01601227522506,1509.560945300036,1510.3258456000476,,,1509.5498786000535,1510.3115387000144,,,bicycle\bicycle_25.jpg,,,,,,,,,,,,,,,,,,,,,,,0,0,1,,None,,1510.3258456000476,,,,,None,,0,,,2025.2.4,,,1,1510.3141085000243,1511.827133600018,,,None,None,1510.3260458667103,1511.0425004000426,,,315,0,2026-08-24_21:46:35.995144,315,16,localizer,,None,,,None,,315,315,0,315,,,,,,bicycle,Vélo,Fahrrad,
1515.442929700017,1516.6262387000024,1.18,,,7,1516.6262931000092,1516.6263221000554,,,chair,4,7,,,,,,,,,,,,,,,,,,,,,,,,,,,,,,None,,,r,2026-08-24_21h21.25.115,13,TSRlearn_localizer-concepts,2026-08-24 21h21.26.458819 +0200,,1513.7415800000308,1515.4582442000392,1516.658570700034,,,,60.01601227522506,1512.976583300042,1513.7415800000308,,,1512.9637920000241,1513.7276420000126,,,chair\chair_13.jpg,,,,,,,,,,,,,,,,,,,,,,,0,1,1,,None,,1513.7415800000308,,,,,left,,0,,,2025.2.4,,,1,1513.7307925000205,1515.4428706000326,,,None,None,1513.7423650667226,1514.2577895000577,,,316,0,2026-08-24_21:46:39.410782,316,17,localizer,,None,,,None,,316,316,0,316,,,,,,hammer,Marteau,Hammer,
1518.909527800046,1520.158727800008,1.24,,,7,1520.1587826000177,1520.1588114000042,,,ball,1,1,,,,,,,,,,,,,,,,,,,,,,,,,,,,,,None,,,None,2026-08-24_21h21.25.115,1,TSRlearn_localizer-concepts,2026-08-24 21h21.26.458819 +0200,,1517.4237625000533,1518.9231593000004,1520.1912542000064,,,,60.01601227522506,1516.658570700034,1517.4237625000533,,,1516.6461477000266,1517.4090255000046,,,ball\ball_01.jpg,,,,,,,,,,,,,,,,,,,,,,,0,0,1,,None,,1517.4237625000533,,,,,None,,0,,,2025.2.4,,,1,1517.4119535000063,1518.9094694000087,,,None,None,1517.4236179667098,1518.1904376000166,,,317,0,2026-08-24_21:46:43.092770,317,18,localizer,,None,,,None,,317,317,0,317,,,,,,ball,Ballon,Ball,
1522.451050600037,1523.5406216000556,1.08,,,7,1523.540681100043,1523.5407102000318,,,house,9,9,,,,,,,,,,,,,,,,,,,,,,,,,,,,,,None,,,None,2026-08-24_21h21.25.115,15,TSRlearn_localizer-concepts,2026-08-24 21h21.26.458819 +0200,,1520.955858100031,1522.460615500051,1523.610859700013,,,,60.01601227522506,1520.1912542000064,1520.955858100031,,,1520.1753744000453,1520.941355500021,,,house\house_15.jpg,,,,,,,,,,,,,,,,,,,,,,,0,0,1,,None,,1520.955858100031,,,,,None,,0,,,2025.2.4,,,1,1520.9455360000138,1522.4509829000453,,,None,None,1520.9561503666957,1521.4897974000196,,,318,0,2026-08-24_21:46:46.625453,318,19,localizer,,None,,,None,,318,318,0,318,,,,,,house,Maison,Haus,
1525.8737784000114,1526.7735315000173,0.9,,,7,1526.7736015000264,1526.7736325000296,,,bicycle,2,2,,,,,,,,,,,,,,,,,,,,,,,,,,,,,,None,,,None,2026-08-24_21h21.25.115,45,TSRlearn_localizer-concepts,2026-08-24 21h21.26.458819 +0200,,1524.3720170000452,1525.8878922000295,1526.807048400049,,,,60.01601227522506,1523.610859700013,1524.3720170000452,,,1523.5904490000103,1524.3582529000123,,,bicycle\bicycle_45.jpg,,,,,,,,,,,,,,,,,,,,,,,0,0,1,,None,,1524.3720170000452,,,,,None,,0,,,2025.2.4,,,1,1524.3603419000283,1525.8737181000179,,,None,None,1524.3728068667153,1525.07136370003,,,319,0,2026-08-24_21:46:50.045059,319,20,localizer,,None,,,None,,319,319,0,319,,,,,,bicycle,Vélo,Fahrrad,
1529.0723150000558,1530.0551246000105,0.98,,,7,1530.0551801000256,1530.0552095000166,,,house,9,9,,,,,,,,,,,,,,,,,,,,,,,,,,,,,,None,,,None,2026-08-24_21h21.25.115,1,TSRlearn_localizer-concepts,2026-08-24 21h21.26.458819 +0200,,1527.5712338000303,1529.0865187000018,1530.1376560000353,,,,60.01601227522506,1526.807048400049,1527.5712338000303,,,1526.7915833000443,1527.556955600041,,,house\house_01.jpg,,,,,,,,,,,,,,,,,,,,,,,0,0,1,,None,,1527.5712338000303,,,,,None,,0,,,2025.2.4,,,1,1527.561588600045,1529.0722542000003,,,None,None,1527.5714063667149,1528.1204950000392,,,320,0,2026-08-24_21:46:53.241247,320,21,localizer,,None,,,None,,320,320,0,320,,,,,,house,Maison,Haus,
1532.3881787000573,1533.4375296000508,1.05,,,7,1533.4375845000031,1533.4376138000516,,,jacket,10,10,,,,,,,,,,,,,,,,,,,,,,,,,,,,,,None,,,None,2026-08-24_21h21.25.115,42,TSRlearn_localizer-concepts,2026-08-24 21h21.26.458819 +0200,,1530.8861032000277,1532.4023421000456,1533.4891520000529,,,,60.01601227522506,1530.1376560000353,1530.8861032000277,,,1530.1042337000254,1530.8723754000384,,,jacket\jacket_42.jpg,,,,,,,,,,,,,,,,,,,,,,,0,0,1,,None,,1530.8861032000277,,,,,None,,0,,,2025.2.4,,,1,1530.8766073000152,1532.3881185000064,,,None,None,1530.8868445666778,1531.4198800000013,,,321,0,2026-08-24_21:46:56.571855,321,22,localizer,,None,,,None,,321,321,0,321,,,,,,jacket,Veste,Jacke,
1535.7370340000489,1536.5195089000044,0.78,,,7,1536.5195636000135,1536.5195930000045,,,hand,8,8,,,,,,,,,,,,,,,,,,,,,,,,,,,,,,None,,,None,2026-08-24_21h21.25.115,15,TSRlearn_localizer-concepts,2026-08-24 21h21.26.458819 +0200,,1534.2513816000428,1535.7514348000404,1536.5692305000266,,,,60.01601227522506,1533.4891520000529,1534.2513816000428,,,1533.470445700048,1534.2366134000476,,,hand\hand_15.jpg,,,,,,,,,,,,,,,,,,,,,,,0,0,1,,None,,1534.2513816000428,,,,,None,,0,,,2025.2.4,,,1,1534.2397300000302,1535.736975000007,,,None,None,1534.2513547667224,1534.752050400013,,,322,0,2026-08-24_21:46:59.923351,322,23,localizer,,None,,,None,,322,322,0,322,,,,,,hand,Main,Hand,
1539.0354366000392,1540.285123800044,1.25,,,7,1540.2851858000504,1540.2852200000198,,,bread,3,2,,,,,,,,,,,,,,,,,,,,,,,,,,,,,,None,,,r,2026-08-24_21h21.25.115,18,TSRlearn_localizer-concepts,2026-08-24 21h21.26.458819 +0200,,1537.3341174000525,1539.049626800057,1540.3180116000003,,,,60.01601227522506,1536.5692305000266,1537.3341174000525,,,1536.5477292000432,1537.3195515000261,,,bread\bread_18.jpg,,,,,,,,,,,,,,,,,,,,,,,0,1,1,,None,,1537.3341174000525,,,,,left,,0,,,2025.2.4,,,1,1537.3218510000152,1539.0353772000526,,,None,None,1537.334142866723,1538.0503697000095,,,323,0,2026-08-24_21:47:03.003430,323,24,localizer,,None,,,None,,323,323,0,323,,,,,,bicycle,Vélo,Fahrrad,
1542.584319800022,1543.5184880000306,0.93,,,7,1543.5185427000397,1543.518571600027,,,dog,5,5,,,,,,,,,,,,,,,,,,,,,,,,,,,,,,None,,,None,2026-08-24_21h21.25.115,35,TSRlearn_localizer-concepts,2026-08-24 21h21.26.458819 +0200,,1541.0827226000256,1542.598801700049,1543.5685081000556,,,,60.01601227522506,1540.3180116000003,1541.0827226000256,,,1540.3038435000344,1541.0684136000345,,,dog\dog_35.jpg,,,,,,,,,,,,,,,,,,,,,,,0,0,1,,None,,1541.0827226000256,,,,,None,,0,,,2025.2.4,,,1,1541.0722227000515,1542.5842599000316,,,None,None,1541.0830632667096,1541.5663537000073,,,324,0,2026-08-24_21:47:06.752211,324,25,localizer,,None,,,None,,324,324,0,324,,,,,,dog,Chien,Hund,
1545.833650900051,1546.7328985000495,0.89,,,7,1546.7329532000003,1546.7329867000226,,,hammer,7,7,,,,,,,,,,,,,,,,,,,,,,,,,,,,,,None,,,None,2026-08-24_21h21.25.115,22,TSRlearn_localizer-concepts,2026-08-24 21h21.26.458819 +0200,,1544.3319816000294,1545.8477123000193,1546.7832696000114,,,,60.01601227522506,1543.5685081000556,1544.3319816000294,,,1543.5470345000504,1544.3170540000428,,,hammer\hammer_22.jpg,,,,,,,,,,,,,,,,,,,,,,,0,0,1,,None,,1544.3319816000294,,,,,None,,0,,,2025.2.4,,,1,1544.320581500011,1545.8335884000408,,,None,None,1544.3317700666996,1544.8478390000528,,,325,0,2026-08-24_21:47:10.002707,325,26,localizer,,None,,,None,,325,325,0,325,,,,,,hammer,Marteau,Hammer,
1549.0489697000012,1549.8987207000027,0.85,,,7,1549.8987764000194,1549.8988065000158,,,house,9,9,,,,,,,,,,,,,,,,,,,,,,,,,,,,,,None,,,None,2026-08-24_21h21.25.115,24,TSRlearn_localizer-concepts,2026-08-24 21h21.26.458819 +0200,,1547.5471782000386,1549.0633565000026,1549.9484405000112,,,,60.01601227522506,1546.7832696000114,1547.5471782000386,,,1546.7626989000128,1547.5333738000481,,,house\house_24.jpg,,,,,,,,,,,,,,,,,,,,,,,0,0,1,,None,,1547.5471782000386,,,,,None,,0,,,2025.2.4,,,1,1547.5377036000136,1549.0489113000222,,,None,None,1547.547659566688,1548.0823153000092,,,326,0,2026-08-24_21:47:13.217469,326,27,localizer,,None,,,None,,326,326,0,326,,,,,,house,Maison,Haus,
1552.2141964000184,1553.0640378000098,0.84,,,7,1553.0640951000387,1553.0641251000343,,,flower,6,6,,,,,,,,,,,,,,,,,,,,,,,,,,,,,,None,,,None,2026-08-24_21h21.25.115,35,TSRlearn_localizer-concepts,2026-08-24 21h21.26.458819 +0200,,1550.7131472000037,1552.2291561000166,1553.0990486000082,,,,60.01601227522506,1549.9484405000112,1550.7131472000037,,,1549.9332593000145,1550.699379800004,,,flower\flower_35.jpg,,,,,,,,,,,,,,,,,,,,,,,0,0,1,,None,,1550.7131472000037,,,,,None,,0,,,2025.2.4,,,1,1550.7021637000144,1552.2141367000295,,,None,None,1550.7141697666996,1551.613134400046,,,327,0,2026-08-24_21:47:16.382640,327,28,localizer,,None,,,None,,327,327,0,327,,,,,,flower,Fleur,Blume,
1555.3660062000272,1556.1817120000487,0.81,,,7,1556.181767400005,1556.1817966000526,,,ball,1,1,,,,,,,,,,,,,,,,,,,,,,,,,,,,,,None,,,None,2026-08-24_21h21.25.115,27,TSRlearn_localizer-concepts,2026-08-24 21h21.26.458819 +0200,,1553.8642439000541,1555.3802006000187,1556.2316778000095,,,,60.01601227522506,1553.0990486000082,1553.8642439000541,,,1553.0836574000423,1553.8497313000262,,,ball\ball_27.jpg,,,,,,,,,,,,,,,,,,,,,,,0,0,1,,None,,1553.8642439000541,,,,,None,,0,,,2025.2.4,,,1,1553.852787700016,1555.3659353000112,,,None,None,1553.8643444667143,1554.6307593000238,,,328,0,2026-08-24_21:47:19.533248,328,29,localizer,,None,,,None,,328,328,0,328,,,,,,ball,Ballon,Ball,
1558.4979170000297,1559.3972213000525,0.89,,,7,1559.3972751000547,1559.3973042000434,,,hand,8,8,,,,,,,,,,,,,,,,,,,,,,,,,,,,,,None,,,None,2026-08-24_21h21.25.115,32,TSRlearn_localizer-concepts,2026-08-24 21h21.26.458819 +0200,,1556.9961336000124,1558.512230900058,1559.447265600029,,,,60.01601227522506,1556.2316778000095,1556.9961336000124,,,1556.2200045000063,1556.9814415000146,,,hand\hand_32.jpg,,,,,,,,,,,,,,,,,,,,,,,0,0,1,,None,,1556.9961336000124,,,,,None,,0,,,2025.2.4,,,1,1556.9852684000507,1558.497852600005,,,None,None,1556.9963307667097,1557.4945080000325,,,329,0,2026-08-24_21:47:22.665877,329,30,localizer,,None,,,None,,329,329,0,329,,,,,,hand,Main,Hand,
1561.7137654000544,1562.7135228000116,0.99,,,7,1562.7135804000427,1562.713610500039,,,jacket,10,10,,,,,,,,,,,,,,,,,,,,,,,,,,,,,,None,,,None,2026-08-24_21h21.25.115,6,TSRlearn_localizer-concepts,2026-08-24 21h21.26.458819 +0200,,1560.2275860000518,1561.7285248000408,1562.7895178000326,,,,60.01601227522506,1559.447265600029,1560.2275860000518,,,1559.4308339000563,1560.1985356000368,,,jacket\jacket_06.jpg,,,,,,,,,,,,,,,,,,,,,,,0,0,1,,None,,1560.2275860000518,,,,,None,,0,,,2025.2.4,,,1,1560.2193946000189,1561.713703000045,,,None,None,1560.2295266333463,1560.7787736000028,,,330,0,2026-08-24_21:47:25.881465,330,31,localizer,,None,,,None,,330,330,0,330,,,,,,jacket,Veste,Jacke,
1565.046442300023,1565.9955335000413,0.95,,,7,1565.9955901000067,1565.995619500056,,,chair,4,4,,,,,,,,,,,,,,,,,,,,,,,,,,,,,,None,,,None,2026-08-24_21h21.25.115,45,TSRlearn_localizer-concepts,2026-08-24 21h21.26.458819 +0200,,1563.5446388000273,1565.0607250000467,1566.0466735000373,,,,60.01601227522506,1562.7895178000326,1563.5446388000273,,,1562.7617744000163,1563.5305340000195,,,chair\chair_45.jpg,,,,,,,,,,,,,,,,,,,,,,,0,0,1,,None,,1563.5446388000273,,,,,None,,0,,,2025.2.4,,,1,1563.5338319000439,1565.0463791000075,,,None,None,1563.5449027667094,1564.4773588000098,,,331,0,2026-08-24_21:47:29.223717,331,32,localizer,,None,,,None,,331,331,0,331,,,,,,chair,Chaise,Stuhl,
1568.3118150000228,1569.1779586000484,0.86,,,7,1569.1780153000145,1569.178044100001,,,bicycle,2,2,,,,,,,,,,,,,,,,,,,,,,,,,,,,,,None,,,None,2026-08-24_21h21.25.115,13,TSRlearn_localizer-concepts,2026-08-24 21h21.26.458819 +0200,,1566.8100586000364,1568.3260181000223,1569.227913300041,,,,60.01601227522506,1566.0466735000373,1566.8100586000364,,,1566.0320642000297,1566.7958134000073,,,bicycle\bicycle_13.jpg,,,,,,,,,,,,,,,,,,,,,,,0,0,1,,None,,1566.8100586000364,,,,,None,,0,,,2025.2.4,,,1,1566.7980361000518,1568.3117545000277,,,None,None,1566.8103487666851,1567.5262132000062,,,332,0,2026-08-24_21:47:32.480873,332,33,localizer,,None,,,None,,332,332,0,332,,,,,,bicycle,Vélo,Fahrrad,
1571.4921368000214,1572.6913060000516,1.2,,,7,1572.6913598000538,1572.691388300038,,,chair,4,4,,,,,,,,,,,,,,,,,,,,,,,,,,,,,,None,,,None,2026-08-24_21h21.25.115,7,TSRlearn_localizer-concepts,2026-08-24 21h21.26.458819 +0200,,1569.9920499000582,1571.5068071000278,1572.7241601000424,,,,60.01601227522506,1569.227913300041,1569.9920499000582,,,1569.2163020000444,1569.977578900056,,,chair\chair_07.jpg,,,,,,,,,,,,,,,,,,,,,,,0,0,1,,None,,1569.9920499000582,,,,,None,,0,,,2025.2.4,,,1,1569.9807962000486,1571.4920787000447,,,None,None,1569.9921809667178,1570.906451900024,,,333,0,2026-08-24_21:47:35.662112,333,34,localizer,,None,,,None,,333,333,0,333,,,,,,chair,Chaise,Stuhl,
1574.9902212000452,1576.023586300027,1.03,,,7,1576.0236409000354,1576.023669600021,,,dog,5,5,,,,,,,,,,,,,,,,,,,,,,,,,,,,,,None,,,None,2026-08-24_21h21.25.115,39,TSRlearn_localizer-concepts,2026-08-24 21h21.26.458819 +0200,,1573.5053645000444,1575.0052607000107,1576.056724700029,,,,60.01601227522506,1572.7241601000424,1573.5053645000444,,,1572.7108147000545,1573.4749362000148,,,dog\dog_39.jpg,,,,,,,,,,,,,,,,,,,,,,,0,0,1,,None,,1573.5053645000444,,,,,None,,0,,,2025.2.4,,,1,1573.4913365000393,1574.9901630000095,,,None,None,1573.5060846333586,1574.0054162000306,,,334,0,2026-08-24_21:47:39.158359,334,35,localizer,,None,,,None,,334,334,0,334,,,,,,dog,Chien,Hund,
1578.3230470000417,1579.3229603000218,0.99,,,7,1579.3230156000354,1579.3230446000234,,,hammer,7,7,,,,,,,,,,,,,,,,,,,,,,,,,,,,,,None,,,None,2026-08-24_21h21.25.115,16,TSRlearn_localizer-concepts,2026-08-24 21h21.26.458819 +0200,,1576.8378022000543,1578.337670500041,1579.373920800048,,,,60.01601227522506,1576.056724700029,1576.8378022000543,,,1576.0443023000262,1576.8073565000086,,,hammer\hammer_16.jpg,,,,,,,,,,,,,,,,,,,,,,,0,0,1,,None,,1576.8378022000543,,,,,None,,0,,,2025.2.4,,,1,1576.8231419000076,1578.322986800049,,,None,None,1576.8384820333526,1577.354778100038,,,335,0,2026-08-24_21:47:42.490924,335,36,localizer,,None,,,None,,335,335,0,335,,,,,,hammer,Marteau,Hammer,
1581.639654700004,1582.604783000017,0.95,,,7,1582.6048375000246,1582.6048662000103,,,flower,6,6,,,,,,,,,,,,,,,,,,,,,,,,,,,,,,None,,,None,2026-08-24_21h21.25.115,5,TSRlearn_localizer-concepts,2026-08-24 21h21.26.458819 +0200,,1580.1371283000335,1581.6552399000502,1582.758342200017,,,,60.01601227522506,1579.373920800048,1580.1371283000335,,,1579.3548208000138,1580.1227076000068,,,flower\flower_05.jpg,,,,,,,,,,,,,,,,,,,,,,,0,0,1,,None,,1580.1371283000335,,,,,None,,0,,,2025.2.4,,,1,1580.1257748000207,1581.6395821000333,,,None,None,1580.1371634667196,1581.0368473000126,,,336,0,2026-08-24_21:47:45.808120,336,37,localizer,,None,,,None,,336,336,0,336,,,,,,flower,Fleur,Blume,
1585.0209615000058,1586.003809100017,0.97,,,7,1586.0038720000302,1586.003906100057,,,bread,3,3,,,,,,,,,,,,,,,,,,,,,,,,,,,,,,None,,,None,2026-08-24_21h21.25.115,15,TSRlearn_localizer-concepts,2026-08-24 21h21.26.458819 +0200,,1583.519410900015,1585.0354952000198,1586.0739387000212,,,,60.01601227522506,1582.758342200017,1583.519410900015,,,1582.6877569000353,1583.5049479000154,,,bread\bread_15.jpg,,,,,,,,,,,,,,,,,,,,,,,0,0,1,,None,,1583.519410900015,,,,,None,,0,,,2025.2.4,,,1,1583.513790500001,1585.020902600023,,,None,None,1583.519558366683,1584.435589300003,,,337,0,2026-08-24_21:47:49.192541,337,38,localizer,,None,,,None,,337,337,0,337,,,,,,bread,Pain,Brot,
1588.3362557000364,1589.2028919000295,0.86,,,7,1589.202956400055,1589.2029910000274,,,flower,6,6,,,,,,,,,,,,,,,,,,,,,,,,,,,,,,None,,,None,2026-08-24_21h21.25.115,41,TSRlearn_localizer-concepts,2026-08-24 21h21.26.458819 +0200,,1586.8353269000072,1588.3511246000417,1589.2372538000345,,,,60.01601227522506,1586.0739387000212,1586.8353269000072,,,1586.0510191000067,1586.8204189000535,,,flower\flower_41.jpg,,,,,,,,,,,,,,,,,,,,,,,0,0,1,,None,,1586.8353269000072,,,,,None,,0,,,2025.2.4,,,1,1586.82363540004,1588.3361907000071,,,None,None,1586.835082466718,1587.734868700034,,,338,0,2026-08-24_21:47:52.508138,338,39,localizer,,None,,,None,,338,338,0,338,,,,,,flower,Fleur,Blume,
1591.5025724000297,1592.6692511000438,1.15,,,7,1592.6693062000559,1592.6693370000576,,,ball,1,1,,,,,,,,,,,,,,,,,,,,,,,,,,,,,,None,,,None,2026-08-24_21h21.25.115,23,TSRlearn_localizer-concepts,2026-08-24 21h21.26.458819 +0200,,1590.000611400057,1591.5174744000542,1592.7014059000066,,,,60.01601227522506,1589.2372538000345,1590.000611400057,,,1589.2227484000032,1589.9864369000425,,,ball\ball_23.jpg,,,,,,,,,,,,,,,,,,,,,,,0,0,1,,None,,1590.000611400057,,,,,None,,0,,,2025.2.4,,,1,1589.9896644000546,1591.5025144000538,,,None,None,1590.000976066691,1590.784411700035,,,339,0,2026-08-24_21:47:55.671453,339,40,localizer,,None,,,None,,339,339,0,339,,,,,,ball,Ballon,Ball,
1594.9683218000573,1595.9348110000137,0.96,,,7,1595.9348679000395,1595.9348969000275,,,chair,4,4,,,,,,,,,,,,,,,,,,,,,,,,,,,,,,None,,,None,2026-08-24_21h21.25.115,14,TSRlearn_localizer-concepts,2026-08-24 21h21.26.458819 +0200,,1593.4662601000164,1594.9828010000056,1595.9839483000105,,,,60.01601227522506,1592.7014059000066,1593.4662601000164,,,1592.6849747000379,1593.4517928000423,,,chair\chair_14.jpg,,,,,,,,,,,,,,,,,,,,,,,0,0,1,,None,,1593.4662601000164,,,,,None,,0,,,2025.2.4,,,1,1593.4553361000144,1594.968256400025,,,None,None,1593.466308666688,1594.3833860000013,,,340,0,2026-08-24_21:47:59.135605,340,41,localizer,,None,,,None,,340,340,0,340,,,,,,chair,Chaise,Stuhl,
1598.4667441000347,1599.3495857000235,0.87,,,7,1599.3496391000226,1599.3496674000053,,,dog,5,7,,,,,,,,,,,,,,,,,,,,,,,,,,,,,,None,,,r,2026-08-24_21h21.25.115,14,TSRlearn_localizer-concepts,2026-08-24 21h21.26.458819 +0200,,1596.7487337000202,1598.4813273000182,1599.3995067000506,,,,60.01601227522506,1595.9839483000105,1596.7487337000202,,,1595.9712766000303,1596.734021900047,,,dog\dog_14.jpg,,,,,,,,,,,,,,,,,,,,,,,0,1,1,,None,,1596.7487337000202,,,,,left,,0,,,2025.2.4,,,1,1596.7375115000177,1598.4666866000043,,,None,None,1596.748672766673,1597.2485919000464,,,341,0,2026-08-24_21:48:02.418147,341,42,localizer,,None,,,None,,341,341,0,341,,,,,,hammer,Marteau,Hammer,
1601.6658591000014,1602.4495167000568,0.78,,,7,1602.4495710000047,1602.4495988000417,,,bread,3,3,,,,,,,,,,,,,,,,,,,,,,,,,,,,,,None,,,None,2026-08-24_21h21.25.115,9,TSRlearn_localizer-concepts,2026-08-24 21h21.26.458819 +0200,,1600.1645323000266,1601.6800898000365,1602.4817897000466,,,,60.01601227522506,1599.3995067000506,1600.1645323000266,,,1599.3847367000417,1600.149874900002,,,bread\bread_09.jpg,,,,,,,,,,,,,,,,,,,,,,,0,0,1,,None,,1600.1645323000266,,,,,None,,0,,,2025.2.4,,,1,1600.1529181000078,1601.6657981000026,,,None,None,1600.1646751667179,1601.0806674000341,,,342,0,2026-08-24_21:48:05.833706,342,43,localizer,,None,,,None,,342,342,0,342,,,,,,bread,Pain,Brot,
1604.7492243000306,1605.5477389000007,0.8,,,7,1605.5477940000128,1605.5478228000575,,,jacket,10,10,,,,,,,,,,,,,,,,,,,,,,,,,,,,,,None,,,None,2026-08-24_21h21.25.115,1,TSRlearn_localizer-concepts,2026-08-24 21h21.26.458819 +0200,,1603.2471200000145,1604.7627840000205,1605.6206544000306,,,,60.01601227522506,1602.4817897000466,1603.2471200000145,,,1602.466819000023,1603.2328434000374,,,jacket\jacket_01.jpg,,,,,,,,,,,,,,,,,,,,,,,0,0,1,,None,,1603.2471200000145,,,,,None,,0,,,2025.2.4,,,1,1603.2376674000407,1604.7491644000402,,,None,None,1603.2471125666673,1603.7794449000503,,,343,0,2026-08-24_21:48:08.915989,343,44,localizer,,None,,,None,,343,343,0,343,,,,,,jacket,Veste,Jacke,
1608.081379500043,1608.8310531000025,0.75,,,7,1608.8311075000092,1608.8311361000524,,,flower,6,2,,,,,,,,,,,,,,,,,,,,,,,,,,,,,,None,,,r,2026-08-24_21h21.25.115,42,TSRlearn_localizer-concepts,2026-08-24 21h21.26.458819 +0200,,1606.379039500025,1608.094851700007,1608.881792500033,,,,60.01601227522506,1605.6206544000306,1606.379039500025,,,1605.5972139000078,1606.3649139000336,,,flower\flower_42.jpg,,,,,,,,,,,,,,,,,,,,,,,0,1,1,,None,,1606.379039500025,,,,,left,,0,,,2025.2.4,,,1,1606.3670514000114,1608.0813198000542,,,None,None,1606.379549366717,1607.0793207000243,,,344,0,2026-08-24_21:48:12.054853,344,45,localizer,,None,,,None,,344,344,0,344,,,,,,bicycle,Vélo,Fahrrad,
1611.1463285000063,1612.1459680000553,0.99,,,7,1612.1460226000054,1612.1460522000561,,,house,9,9,,,,,,,,,,,,,,,,,,,,,,,,,,,,,,None,,,None,2026-08-24_21h21.25.115,19,TSRlearn_localizer-concepts,2026-08-24 21h21.26.458819 +0200,,1609.6446875000256,1611.1606362000457,1612.1963883000426,,,,60.01601227522506,1608.881792500033,1609.6446875000256,,,1608.8683669000166,1609.6295598000288,,,house\house_19.jpg,,,,,,,,,,,,,,,,,,,,,,,0,0,1,,None,,1609.6446875000256,,,,,None,,0,,,2025.2.4,,,1,1609.634160800022,1611.1462660000543,,,None,None,1609.6443716667166,1610.1944445000263,,,345,0,2026-08-24_21:48:15.315992,345,46,localizer,,None,,,None,,345,345,0,345,,,,,,house,Maison,Haus,
1614.4617617000476,1615.46219510003,1,,,7,1615.4622505000443,1615.4622793000308,,,hand,8,8,,,,,,,,,,,,,,,,,,,,,,,,,,,,,,None,,,None,2026-08-24_21h21.25.115,22,TSRlearn_localizer-concepts,2026-08-24 21h21.26.458819 +0200,,1612.9599702000269,1614.476083400019,1615.4946949000005,,,,60.01601227522506,1612.1963883000426,1612.9599702000269,,,1612.179144200054,1612.945918500016,,,hand\hand_22.jpg,,,,,,,,,,,,,,,,,,,,,,,0,0,1,,None,,1612.9599702000269,,,,,None,,0,,,2025.2.4,,,1,1612.9492856000434,1614.4617024000036,,,None,None,1612.9602533666805,1613.460756400018,,,346,0,2026-08-24_21:48:18.630587,346,47,localizer,,None,,,None,,346,346,0,346,,,,,,hand,Main,Hand,
1617.7601963000488,1618.6277355000493,0.85,,,7,1618.627788300044,1618.6278169000288,,,ball,1,1,,,,,,,,,,,,,,,,,,,,,,,,,,,,,,None,,,None,2026-08-24_21h21.25.115,24,TSRlearn_localizer-concepts,2026-08-24 21h21.26.458819 +0200,,1616.2591461000266,1617.7759626000188,1618.6601647000061,,,,60.01601227522506,1615.4946949000005,1616.2591461000266,,,1615.4821902000112,1616.2450364000397,,,ball\ball_24.jpg,,,,,,,,,,,,,,,,,,,,,,,0,0,1,,None,,1616.2591461000266,,,,,None,,0,,,2025.2.4,,,1,1616.2489772000117,1617.7601388000185,,,None,None,1616.259503166719,1617.0424473000458,,,347,0,2026-08-24_21:48:21.928894,347,48,localizer,,None,,,None,,347,347,0,347,,,,,,ball,Ballon,Ball,
1620.926628300047,1621.8093058000086,0.87,,,7,1621.809359900013,1621.809388900001,,,hammer,7,7,,,,,,,,,,,,,,,,,,,,,,,,,,,,,,None,,,None,2026-08-24_21h21.25.115,29,TSRlearn_localizer-concepts,2026-08-24 21h21.26.458819 +0200,,1619.4245201000012,1620.9414107000339,1621.8591275000363,,,,60.01601227522506,1618.6601647000061,1619.4245201000012,,,1618.6434276000364,1619.410484400054,,,hammer\hammer_29.jpg,,,,,,,,,,,,,,,,,,,,,,,0,0,1,,None,,1619.4245201000012,,,,,None,,0,,,2025.2.4,,,1,1619.413722700032,1620.9265662000398,,,None,None,1619.4248644667134,1619.9415966000524,,,348,0,2026-08-24_21:48:25.094364,348,49,localizer,,None,,,None,,348,348,0,348,,,,,,hammer,Marteau,Hammer,
1624.1255714000436,1625.0253059000243,0.9,,,7,1625.025366900023,1734.756812000007,1625.0396278000553,1640.051699100004,hand,8,8,,,,,,,,,,,,,,,,,,,,,,,,,,,,,274.9986274000257,r,194.71463070000755,1640.0347990000155,None,2026-08-24_21h21.25.115,17,TSRlearn_localizer-concepts,2026-08-24 21h21.26.458819 +0200,,1622.6236958000227,1624.1399721000344,1625.0396278000553,,,,60.01601227522506,1621.8591275000363,1622.6236958000227,,,1621.8402342000045,1622.6097579000052,,,hand\hand_17.jpg,1640.0347990000155,,,,,,,,,,,,,,,,,,,,,,0,0,1,,None,,1622.6236958000227,,,,,None,,0,1625.0396278000553,1640.051699100004,2025.2.4,,,1,1622.6130641000345,1624.1255132000078,,,None,None,1622.6242592667152,1623.106773000036,,,349,0,2026-08-24_21:48:28.293327,349,50,localizer,274.9986274000257,r,194.71463070000755,,None,,349,349,0,349,,,,,,hand,Main,Hand,
1737.0896736000432,1738.32206830004,1.22,,,8,1738.3257478000014,1738.3257842000457,,,bread,3,3,,,,,,,,,,,,,,,,,,,,,,,,,,,,,,None,,,None,2026-08-24_21h21.25.115,24,TSRlearn_localizer-concepts,2026-08-24 21h21.26.458819 +0200,,1735.5875936000375,1737.104347400018,1738.3723260000115,,,,60.01601227522506,1734.8235905000474,1735.5875936000375,,,1734.8135504000238,1735.5733442000346,,,bread\bread_24.jpg,,,,,,,,,,,,,,,,,,,,,,,0,0,1,,None,,1735.5875936000375,,,,,None,,0,,,2025.2.4,,,1,1735.5815550000407,1737.0896166000166,,,None,None,1735.588079166719,1736.520694900013,,,350,0,2026-08-24_21:50:21.257790,350,1,localizer,,None,,,None,,350,350,0,350,,,,,,bread,Pain,Brot,
1740.638509500015,1741.621161600051,0.97,,,8,1741.621216200001,1741.6212433000328,,,house,9,9,,,,,,,,,,,,,,,,,,,,,,,,,,,,,,None,,,None,2026-08-24_21h21.25.115,31,TSRlearn_localizer-concepts,2026-08-24 21h21.26.458819 +0200,,1739.136667200015,1740.6526676000212,1741.654059900029,,,,60.01601227522506,1738.3723260000115,1739.136667200015,,,1738.3562037000083,1739.1223969000275,,,house\house_31.jpg,,,,,,,,,,,,,,,,,,,,,,,0,0,1,,None,,1739.136667200015,,,,,None,,0,,,2025.2.4,,,1,1739.1313497000374,1740.6384488000185,,,None,None,1739.1370330667162,1739.686682200001,,,351,0,2026-08-24_21:50:24.806525,351,2,localizer,,None,,,None,,351,351,0,351,,,,,,house,Maison,Haus,
1743.920922600024,1745.1035488000489,1.17,,,8,1745.1036025000503,1745.1036306000315,,,hammer,7,7,,,,,,,,,,,,,,,,,,,,,,,,,,,,,,None,,,None,2026-08-24_21h21.25.115,9,TSRlearn_localizer-concepts,2026-08-24 21h21.26.458819 +0200,,1742.4357320000418,1743.9350512000383,1745.1365098000388,,,,60.01601227522506,1741.654059900029,1742.4357320000418,,,1741.6412342000403,1742.4052065000287,,,hammer\hammer_09.jpg,,,,,,,,,,,,,,,,,,,,,,,0,0,1,,None,,1742.4357320000418,,,,,None,,0,,,2025.2.4,,,1,1742.4207959000487,1743.9208647000487,,,None,None,1742.4364091333778,1742.9520017000032,,,352,0,2026-08-24_21:50:28.088259,352,3,localizer,,None,,,None,,352,352,0,352,,,,,,hammer,Marteau,Hammer,
1747.4025259000482,1748.5195860000094,1.11,,,8,1748.519638100057,1748.5196660000365,,,bicycle,2,2,,,,,,,,,,,,,,,,,,,,,,,,,,,,,,None,,,None,2026-08-24_21h21.25.115,7,TSRlearn_localizer-concepts,2026-08-24 21h21.26.458819 +0200,,1745.9016482000006,1747.4174912000308,1748.5688769000117,,,,60.01601227522506,1745.1365098000388,1745.9016482000006,,,1745.1236350000254,1745.8865758000175,,,bicycle\bicycle_07.jpg,,,,,,,,,,,,,,,,,,,,,,,0,0,1,,None,,1745.9016482000006,,,,,None,,0,,,2025.2.4,,,1,1745.8934679000522,1747.4024688000209,,,None,None,1745.9012872666974,1746.6179665000527,,,353,0,2026-08-24_21:50:31.570709,353,4,localizer,,None,,,None,,353,353,0,353,,,,,,bicycle,Vélo,Fahrrad,
1750.836008400016,1751.9186315000406,1.08,,,8,1751.9186851000413,1751.9187208000221,,,ball,1,1,,,,,,,,,,,,,,,,,,,,,,,,,,,,,,None,,,None,2026-08-24_21h21.25.115,37,TSRlearn_localizer-concepts,2026-08-24 21h21.26.458819 +0200,,1749.3339962000027,1750.8503710000077,1751.993399100029,,,,60.01601227522506,1748.5688769000117,1749.3339962000027,,,1748.5475447000354,1749.320056000026,,,ball\ball_37.jpg,,,,,,,,,,,,,,,,,,,,,,,0,0,1,,None,,1749.3339962000027,,,,,None,,0,,,2025.2.4,,,1,1749.3240339000477,1750.8359495000332,,,None,None,1749.3342574667224,1750.1168467000243,,,354,0,2026-08-24_21:50:35.003076,354,5,localizer,,None,,,None,,354,354,0,354,,,,,,ball,Ballon,Ball,
1754.2346848000307,1755.2165176000562,0.98,,,8,1755.216572800011,1755.2166008000495,,,hand,8,8,,,,,,,,,,,,,,,,,,,,,,,,,,,,,,None,,,None,2026-08-24_21h21.25.115,48,TSRlearn_localizer-concepts,2026-08-24 21h21.26.458819 +0200,,1752.7489320000168,1754.2485019000014,1755.2519194000051,,,,60.01601227522506,1751.993399100029,1752.7489320000168,,,1751.9625705000362,1752.7344896000577,,,hand\hand_48.jpg,,,,,,,,,,,,,,,,,,,,,,,0,0,1,,None,,1752.7489320000168,,,,,None,,0,,,2025.2.4,,,1,1752.7429256000323,1754.2346255000448,,,None,None,1752.7491373667183,1753.232767700043,,,355,0,2026-08-24_21:50:38.427598,355,6,localizer,,None,,,None,,355,355,0,355,,,,,,hand,Main,Hand,
1757.500095400028,1758.4826668000314,0.97,,,8,1758.4827205000329,1758.4827487000148,,,chair,4,4,,,,,,,,,,,,,,,,,,,,,,,,,,,,,,None,,,None,2026-08-24_21h21.25.115,25,TSRlearn_localizer-concepts,2026-08-24 21h21.26.458819 +0200,,1756.014773300034,1757.51400070003,1758.5450274000177,,,,60.01601227522506,1755.2519194000051,1756.014773300034,,,1755.2425101000117,1755.9998356000287,,,chair\chair_25.jpg,,,,,,,,,,,,,,,,,,,,,,,0,0,1,,None,,1756.014773300034,,,,,None,,0,,,2025.2.4,,,1,1756.007815400022,1757.500039000006,,,None,None,1756.0147449667022,1756.9318477000343,,,356,0,2026-08-24_21:50:41.686119,356,7,localizer,,None,,,None,,356,356,0,356,,,,,,chair,Chaise,Stuhl,
1760.9983888000133,1761.8482879000367,0.84,,,8,1761.8483479000279,1761.8483808000456,,,hammer,7,9,,,,,,,,,,,,,,,,,,,,,,,,,,,,,,None,,,r,2026-08-24_21h21.25.115,42,TSRlearn_localizer-concepts,2026-08-24 21h21.26.458819 +0200,,1759.297566800029,1761.012923900038,1761.899521400046,,,,60.01601227522506,1758.5450274000177,1759.297566800029,,,1758.5233324000146,1759.2828265000135,,,hammer\hammer_42.jpg,,,,,,,,,,,,,,,,,,,,,,,0,1,1,,None,,1759.297566800029,,,,,left,,0,,,2025.2.4,,,1,1759.287314300018,1760.9983315000427,,,None,None,1759.2974443666792,1759.8306275000214,,,357,0,2026-08-24_21:50:44.979227,357,8,localizer,,None,,,None,,357,357,0,357,,,,,,house,Maison,Haus,
1764.1638942000573,1765.0469030000386,0.87,,,8,1765.0469557000324,1765.0469830000075,,,jacket,10,10,,,,,,,,,,,,,,,,,,,,,,,,,,,,,,None,,,None,2026-08-24_21h21.25.115,13,TSRlearn_localizer-concepts,2026-08-24 21h21.26.458819 +0200,,1762.679336400004,1764.1781251000357,1765.0968986000516,,,,60.01601227522506,1761.899521400046,1762.679336400004,,,1761.8757252000505,1762.6480392000522,,,jacket\jacket_13.jpg,,,,,,,,,,,,,,,,,,,,,,,0,0,1,,None,,1762.679336400004,,,,,None,,0,,,2025.2.4,,,1,1762.667760100041,1764.1638351000147,,,None,None,1762.679551033369,1763.2292588000419,,,358,0,2026-08-24_21:50:48.333720,358,9,localizer,,None,,,None,,358,358,0,358,,,,,,jacket,Veste,Jacke,
1767.3631471000263,1768.5632650000043,1.2,,,8,1768.5633180000004,1768.5633472000482,,,flower,6,6,,,,,,,,,,,,,,,,,,,,,,,,,,,,,,None,,,None,2026-08-24_21h21.25.115,33,TSRlearn_localizer-concepts,2026-08-24 21h21.26.458819 +0200,,1765.8612930000527,1767.37775590003,1768.595182500023,,,,60.01601227522506,1765.0968986000516,1765.8612930000527,,,1765.075637800037,1765.8476746000233,,,flower\flower_33.jpg,,,,,,,,,,,,,,,,,,,,,,,0,0,1,,None,,1765.8612930000527,,,,,None,,0,,,2025.2.4,,,1,1765.8506830000551,1767.3630902000004,,,None,None,1765.8623105667104,1766.761020600039,,,359,0,2026-08-24_21:50:51.531098,359,10,localizer,,None,,,None,,359,359,0,359,,,,,,flower,Fleur,Blume,
1770.8469628000166,1771.7957674000063,0.95,,,8,1771.7958233000245,1771.7958531000186,,,bicycle,2,2,,,,,,,,,,,,,,,,,,,,,,,,,,,,,,None,,,None,2026-08-24_21h21.25.115,28,TSRlearn_localizer-concepts,2026-08-24 21h21.26.458819 +0200,,1769.3602060000412,1770.859964400006,1771.8446007000166,,,,60.01601227522506,1768.595182500023,1769.3602060000412,,,1768.578547000012,1769.3457666000468,,,bicycle\bicycle_28.jpg,,,,,,,,,,,,,,,,,,,,,,,0,0,1,,None,,1769.3602060000412,,,,,None,,0,,,2025.2.4,,,1,1769.3488257000572,1770.846905900049,,,None,None,1769.3604512666973,1770.0604537000181,,,360,0,2026-08-24_21:50:55.029382,360,11,localizer,,None,,,None,,360,360,0,360,,,,,,bicycle,Vélo,Fahrrad,
1774.3276917000185,1775.210357200005,0.87,,,8,1775.210422800039,1775.2104548000498,,,hand,8,4,,,,,,,,,,,,,,,,,,,,,,,,,,,,,,None,,,r,2026-08-24_21h21.25.115,12,TSRlearn_localizer-concepts,2026-08-24 21h21.26.458819 +0200,,1772.6104154000059,1774.3427253000555,1775.2611331000226,,,,60.01601227522506,1771.8446007000166,1772.6104154000059,,,1771.8266274000052,1772.5953324000002,,,hand\hand_12.jpg,,,,,,,,,,,,,,,,,,,,,,,0,1,1,,None,,1772.6104154000059,,,,,right,,0,,,2025.2.4,,,1,1772.5985769000254,1774.3276327000349,,,None,None,1772.6098327667025,1773.526223200024,,,361,0,2026-08-24_21:50:58.278800,361,12,localizer,,None,,,None,,361,361,0,361,,,,,,chair,Chaise,Stuhl,
1777.527558200003,1778.3098393000546,0.78,,,8,1778.309897100029,1778.3099256000132,,,flower,6,6,,,,,,,,,,,,,,,,,,,,,,,,,,,,,,None,,,None,2026-08-24_21h21.25.115,32,TSRlearn_localizer-concepts,2026-08-24 21h21.26.458819 +0200,,1776.025316800049,1777.5410805000574,1778.3425214000163,,,,60.01601227522506,1775.2611331000226,1776.025316800049,,,1775.239931600052,1776.0109851000016,,,flower\flower_32.jpg,,,,,,,,,,,,,,,,,,,,,,,0,0,1,,None,,1776.025316800049,,,,,None,,0,,,2025.2.4,,,1,1776.014022700023,1777.5275012000347,,,None,None,1776.02551816672,1776.9247859000461,,,362,0,2026-08-24_21:51:01.695332,362,13,localizer,,None,,,None,,362,362,0,362,,,,,,flower,Fleur,Blume,
1780.592876800045,1781.4925167000038,0.9,,,8,1781.492569300055,1781.492597100034,,,house,9,9,,,,,,,,,,,,,,,,,,,,,,,,,,,,,,None,,,None,2026-08-24_21h21.25.115,7,TSRlearn_localizer-concepts,2026-08-24 21h21.26.458819 +0200,,1779.091028200055,1780.607077600027,1781.5726427000482,,,,60.01601227522506,1778.3425214000163,1779.091028200055,,,1778.3296304000542,1779.0769808000186,,,house\house_07.jpg,,,,,,,,,,,,,,,,,,,,,,,0,0,1,,None,,1779.091028200055,,,,,None,,0,,,2025.2.4,,,1,1779.081389100058,1780.5928113000118,,,None,None,1779.0917249667148,1779.640235100058,,,363,0,2026-08-24_21:51:04.776721,363,14,localizer,,None,,,None,,363,363,0,363,,,,,,house,Maison,Haus,
1783.8241789000458,1785.024166600022,1.2,,,8,1785.0242298000376,1785.0242635000031,,,chair,4,4,,,,,,,,,,,,,,,,,,,,,,,,,,,,,,None,,,None,2026-08-24_21h21.25.115,50,TSRlearn_localizer-concepts,2026-08-24 21h21.26.458819 +0200,,1782.3231810000143,1783.8390483000549,1785.0589263000293,,,,60.01601227522506,1781.5726427000482,1782.3231810000143,,,1781.535905100056,1782.3088432000368,,,chair\chair_50.jpg,,,,,,,,,,,,,,,,,,,,,,,0,0,1,,None,,1782.3231810000143,,,,,None,,0,,,2025.2.4,,,1,1782.3120405000518,1783.8241181000485,,,None,None,1782.3236135666996,1783.2560765000526,,,364,0,2026-08-24_21:51:08.006842,364,15,localizer,,None,,,None,,364,364,0,364,,,,,,chair,Chaise,Stuhl,
1787.3071415000013,1788.1066505000344,0.79,,,8,1788.1067055000458,1788.1067339000292,,,dog,5,5,,,,,,,,,,,,,,,,,,,,,,,,,,,,,,None,,,None,2026-08-24_21h21.25.115,38,TSRlearn_localizer-concepts,2026-08-24 21h21.26.458819 +0200,,1785.8379725000123,1787.3212823000504,1788.1574747000122,,,,60.01601227522506,1785.0589263000293,1785.8379725000123,,,1785.0389906000346,1785.80677570001,,,dog\dog_38.jpg,,,,,,,,,,,,,,,,,,,,,,,0,0,1,,None,,1785.8379725000123,,,,,None,,0,,,2025.2.4,,,1,1785.8215652000508,1787.30707910005,,,None,None,1785.8217659667173,1786.321955600055,,,365,0,2026-08-24_21:51:11.493125,365,16,localizer,,None,,,None,,365,365,0,365,,,,,,dog,Chien,Hund,
1790.4228509000386,1791.373441200005,0.95,,,8,1791.3735200000228,1791.373553100042,,,bread,3,3,,,,,,,,,,,,,,,,,,,,,,,,,,,,,,None,,,None,2026-08-24_21h21.25.115,30,TSRlearn_localizer-concepts,2026-08-24 21h21.26.458819 +0200,,1788.9217974000494,1790.4370270000072,1791.4234697000356,,,,60.01601227522506,1788.1574747000122,1788.9217974000494,,,1788.1375868000323,1788.90674820001,,,bread\bread_30.jpg,,,,,,,,,,,,,,,,,,,,,,,0,0,1,,None,,1788.9217974000494,,,,,None,,0,,,2025.2.4,,,1,1788.9095757000032,1790.4227838000515,,,None,None,1788.9212496667208,1789.842464800051,,,366,0,2026-08-24_21:51:14.591674,366,17,localizer,,None,,,None,,366,366,0,366,,,,,,bread,Pain,Brot,
1793.6735069000279,1794.7377381000551,1.05,,,8,1794.7377946000197,1794.7378237000084,,,jacket,10,10,,,,,,,,,,,,,,,,,,,,,,,,,,,,,,None,,,None,2026-08-24_21h21.25.115,5,TSRlearn_localizer-concepts,2026-08-24 21h21.26.458819 +0200,,1792.1863799000275,1793.688235300011,1794.7896193000488,,,,60.01601227522506,1791.4234697000356,1792.1863799000275,,,1791.4124520000187,1792.1721745000104,,,jacket\jacket_05.jpg,,,,,,,,,,,,,,,,,,,,,,,0,0,1,,None,,1792.1863799000275,,,,,None,,0,,,2025.2.4,,,1,1792.176165300014,1793.6734421,,,None,None,1792.1866811667026,1792.7199451000197,,,367,0,2026-08-24_21:51:17.857669,367,18,localizer,,None,,,None,,367,367,0,367,,,,,,jacket,Veste,Jacke,
1797.0543576000491,1797.805808300036,0.75,,,8,1797.8058685000287,1797.8058998000342,,,bicycle,2,2,,,,,,,,,,,,,,,,,,,,,,,,,,,,,,None,,,None,2026-08-24_21h21.25.115,42,TSRlearn_localizer-concepts,2026-08-24 21h21.26.458819 +0200,,1795.5524848000496,1797.0686299000517,1797.8623445000267,,,,60.01601227522506,1794.7896193000488,1795.5524848000496,,,1794.776377400034,1795.5386037000571,,,bicycle\bicycle_42.jpg,,,,,,,,,,,,,,,,,,,,,,,0,0,1,,None,,1795.5524848000496,,,,,None,,0,,,2025.2.4,,,1,1795.5407931000227,1797.054297900002,,,None,None,1795.5532118667072,1796.2538916000049,,,368,0,2026-08-24_21:51:21.223818,368,19,localizer,,None,,,None,,368,368,0,368,,,,,,bicycle,Vélo,Fahrrad,
1800.1217816000571,1801.3532148000086,1.23,,,8,1801.35326850001,1801.3532964000478,,,hammer,7,7,,,,,,,,,,,,,,,,,,,,,,,,,,,,,,None,,,None,2026-08-24_21h21.25.115,46,TSRlearn_localizer-concepts,2026-08-24 21h21.26.458819 +0200,,1798.63492890005,1800.1345284000272,1801.4055843000533,,,,60.01601227522506,1797.8623445000267,1798.63492890005,,,1797.8430431000306,1798.6043116000365,,,hammer\hammer_46.jpg,,,,,,,,,,,,,,,,,,,,,,,0,0,1,,None,,1798.63492890005,,,,,None,,0,,,2025.2.4,,,1,1798.622019900009,1800.1217226000153,,,None,None,1798.6355018333493,1799.1512057000073,,,369,0,2026-08-24_21:51:24.296544,369,20,localizer,,None,,,None,,369,369,0,369,,,,,,hammer,Marteau,Hammer,
1803.6703430000343,1804.735499100003,1.05,,,8,1804.735559200053,1804.7355905000004,,,dog,5,5,,,,,,,,,,,,,,,,,,,,,,,,,,,,,,None,,,None,2026-08-24_21h21.25.115,23,TSRlearn_localizer-concepts,2026-08-24 21h21.26.458819 +0200,,1802.185590500012,1803.6851331000216,1804.7862738000113,,,,60.01601227522506,1801.4055843000533,1802.185590500012,,,1801.3860427000327,1802.1551643000566,,,dog\dog_23.jpg,,,,,,,,,,,,,,,,,,,,,,,0,0,1,,None,,1802.185590500012,,,,,None,,0,,,2025.2.4,,,1,1802.1739096000092,1803.6702827000408,,,None,None,1802.1863974333469,1802.6683804000495,,,370,0,2026-08-24_21:51:27.839783,370,21,localizer,,None,,,None,,370,370,0,370,,,,,,dog,Chien,Hund,
1807.2525113000302,1808.1517116000177,0.9,,,8,1808.1517789000063,1808.1518113000202,,,chair,4,3,,,,,,,,,,,,,,,,,,,,,,,,,,,,,,None,,,r,2026-08-24_21h21.25.115,10,TSRlearn_localizer-concepts,2026-08-24 21h21.26.458819 +0200,,1805.5498832000303,1807.2657454000437,1808.2010973000433,,,,60.01601227522506,1804.7862738000113,1805.5498832000303,,,1804.7711220000056,1805.536940800026,,,chair\chair_10.jpg,,,,,,,,,,,,,,,,,,,,,,,0,1,1,,None,,1805.5498832000303,,,,,left,,0,,,2025.2.4,,,1,1805.5404369000462,1807.2524514000397,,,None,None,1805.551536666699,1806.483380300051,,,371,0,2026-08-24_21:51:31.220473,371,22,localizer,,None,,,None,,371,371,0,371,,,,,,bread,Pain,Brot,
1810.4666263000108,1811.5162083000178,1.05,,,8,1811.5162706000265,1811.516303600045,,,flower,6,6,,,,,,,,,,,,,,,,,,,,,,,,,,,,,,None,,,None,2026-08-24_21h21.25.115,37,TSRlearn_localizer-concepts,2026-08-24 21h21.26.458819 +0200,,1808.9654391000513,1810.4812401000527,1811.5656649000011,,,,60.01601227522506,1808.2010973000433,1808.9654391000513,,,1808.1819732000004,1808.9505720000016,,,flower\flower_37.jpg,,,,,,,,,,,,,,,,,,,,,,,0,0,1,,None,,1808.9654391000513,,,,,None,,0,,,2025.2.4,,,1,1808.953357600025,1810.466567800031,,,None,None,1808.9652171667005,1809.8647662000149,,,372,0,2026-08-24_21:51:34.635296,372,23,localizer,,None,,,None,,372,372,0,372,,,,,,flower,Fleur,Blume,
1813.8317533000372,1814.7486412000144,0.91,,,8,1814.7486947000143,1814.7487228000537,,,hand,8,8,,,,,,,,,,,,,,,,,,,,,,,,,,,,,,None,,,None,2026-08-24_21h21.25.115,8,TSRlearn_localizer-concepts,2026-08-24 21h21.26.458819 +0200,,1812.3307874000166,1813.8465234000469,1814.7811905000126,,,,60.01601227522506,1811.5656649000011,1812.3307874000166,,,1811.5465179000166,1812.3156637000502,,,hand\hand_08.jpg,,,,,,,,,,,,,,,,,,,,,,,0,0,1,,None,,1812.3307874000166,,,,,None,,0,,,2025.2.4,,,1,1812.3187277000397,1813.8316886000102,,,None,None,1812.330366066719,1812.813870300015,,,373,0,2026-08-24_21:51:37.999864,373,24,localizer,,None,,,None,,373,373,0,373,,,,,,hand,Main,Hand,
1817.047946000006,1817.9822474000393,0.93,,,8,1817.9823021000484,1817.9823305000318,,,ball,1,1,,,,,,,,,,,,,,,,,,,,,,,,,,,,,,None,,,None,2026-08-24_21h21.25.115,26,TSRlearn_localizer-concepts,2026-08-24 21h21.26.458819 +0200,,1815.5477067000465,1817.062269200047,1818.030637900054,,,,60.01601227522506,1814.7811905000126,1815.5477067000465,,,1814.7738648000523,1815.5323316000286,,,ball\ball_26.jpg,,,,,,,,,,,,,,,,,,,,,,,0,0,1,,None,,1815.5477067000465,,,,,None,,0,,,2025.2.4,,,1,1815.535385700001,1817.0478863000171,,,None,None,1815.5469340666934,1816.3292875000043,,,374,0,2026-08-24_21:51:41.215389,374,25,localizer,,None,,,None,,374,374,0,374,,,,,,ball,Ballon,Ball,
1820.2821431000484,1821.2299756000284,0.94,,,8,1821.2300298000337,1821.2300586000201,,,jacket,10,10,,,,,,,,,,,,,,,,,,,,,,,,,,,,,,None,,,None,2026-08-24_21h21.25.115,10,TSRlearn_localizer-concepts,2026-08-24 21h21.26.458819 +0200,,1818.7958561000414,1820.2965146000497,1821.2632752000354,,,,60.01601227522506,1818.030637900054,1818.7958561000414,,,1818.0179857000476,1818.7650957000442,,,jacket\jacket_10.jpg,,,,,,,,,,,,,,,,,,,,,,,0,0,1,,None,,1818.7958561000414,,,,,None,,0,,,2025.2.4,,,1,1818.7843957000296,1820.2820774000138,,,None,None,1818.7965028333788,1819.345120700018,,,375,0,2026-08-24_21:51:44.464837,375,26,localizer,,None,,,None,,375,375,0,375,,,,,,jacket,Veste,Jacke,
1823.5289088000427,1824.5139184000436,0.97,,,8,1824.5139743000036,1824.5140027000452,,,house,9,9,,,,,,,,,,,,,,,,,,,,,,,,,,,,,,None,,,None,2026-08-24_21h21.25.115,21,TSRlearn_localizer-concepts,2026-08-24 21h21.26.458819 +0200,,1822.0276359000127,1823.543572100054,1824.6023077000282,,,,60.01601227522506,1821.2632752000354,1822.0276359000127,,,1821.24763290002,1822.0145510000293,,,house\house_21.jpg,,,,,,,,,,,,,,,,,,,,,,,0,0,1,,None,,1822.0276359000127,,,,,None,,0,,,2025.2.4,,,1,1822.019067300018,1823.5288488000515,,,None,None,1822.0293496666748,1822.5776788000367,,,376,0,2026-08-24_21:51:47.697474,376,27,localizer,,None,,,None,,376,376,0,376,,,,,,house,Maison,Haus,
1826.8621815000079,1827.6299757000525,0.76,,,8,1827.6300359000452,1827.63006580004,,,bread,3,3,,,,,,,,,,,,,,,,,,,,,,,,,,,,,,None,,,None,2026-08-24_21h21.25.115,46,TSRlearn_localizer-concepts,2026-08-24 21h21.26.458819 +0200,,1825.360127300024,1826.875921000028,1827.6812101000105,,,,60.01601227522506,1824.6023077000282,1825.360127300024,,,1824.5747227000538,1825.3461534000235,,,bread\bread_46.jpg,,,,,,,,,,,,,,,,,,,,,,,0,0,1,,None,,1825.360127300024,,,,,None,,0,,,2025.2.4,,,1,1825.348974500026,1826.8621225000243,,,None,None,1825.3606997666686,1826.2775626000366,,,377,0,2026-08-24_21:51:51.036507,377,28,localizer,,None,,,None,,377,377,0,377,,,,,,bread,Pain,Brot,
1829.9293471000274,1830.7449297000421,0.81,,,8,1830.7449892000295,1830.7450204000343,,,bicycle,2,2,,,,,,,,,,,,,,,,,,,,,,,,,,,,,,None,,,None,2026-08-24_21h21.25.115,49,TSRlearn_localizer-concepts,2026-08-24 21h21.26.458819 +0200,,1828.44210450002,1829.9435686000506,1830.795679300034,,,,60.01601227522506,1827.6812101000105,1828.44210450002,,,1827.6708576000528,1828.4277788000181,,,bicycle\bicycle_49.jpg,,,,,,,,,,,,,,,,,,,,,,,0,0,1,,None,,1828.44210450002,,,,,None,,0,,,2025.2.4,,,1,1828.429937900044,1829.9292866000324,,,None,None,1828.4425021666723,1829.158495300042,,,378,0,2026-08-24_21:51:54.115409,378,29,localizer,,None,,,None,,378,378,0,378,,,,,,bicycle,Vélo,Fahrrad,
1833.0596181,1834.1424274000456,1.08,,,8,1834.142483500007,1834.1425132000004,,,ball,1,1,,,,,,,,,,,,,,,,,,,,,,,,,,,,,,None,,,None,2026-08-24_21h21.25.115,31,TSRlearn_localizer-concepts,2026-08-24 21h21.26.458819 +0200,,1831.5580393000273,1833.0742274000077,1834.1916326000355,,,,60.01601227522506,1830.795679300034,1831.5580393000273,,,1830.7715130000142,1831.5440651000245,,,ball\ball_31.jpg,,,,,,,,,,,,,,,,,,,,,,,0,0,1,,None,,1831.5580393000273,,,,,None,,0,,,2025.2.4,,,1,1831.5470836000168,1833.059559300018,,,None,None,1831.5586782667126,1832.3410471000243,,,379,0,2026-08-24_21:51:57.229878,379,30,localizer,,None,,,None,,379,379,0,379,,,,,,ball,Ballon,Ball,
1836.4443531000288,1837.4083363000536,0.95,,,8,1837.4083915000083,1837.4084209000575,,,hammer,7,7,,,,,,,,,,,,,,,,,,,,,,,,,,,,,,None,,,None,2026-08-24_21h21.25.115,39,TSRlearn_localizer-concepts,2026-08-24 21h21.26.458819 +0200,,1834.973351600056,1836.46028140001,1837.4579743000213,,,,60.01601227522506,1834.1916326000355,1834.973351600056,,,1834.1724521000287,1834.942959100008,,,hammer\hammer_39.jpg,,,,,,,,,,,,,,,,,,,,,,,0,0,1,,None,,1834.973351600056,,,,,None,,0,,,2025.2.4,,,1,1834.959250600019,1836.444280500058,,,None,None,1834.9742291333464,1835.4898352000164,,,380,0,2026-08-24_21:52:00.625832,380,31,localizer,,None,,,None,,380,380,0,380,,,,,,hammer,Marteau,Hammer,
1839.7241252000094,1840.6905119000003,0.96,,,8,1840.6905747000128,1840.6906052000122,,,house,9,9,,,,,,,,,,,,,,,,,,,,,,,,,,,,,,None,,,None,2026-08-24_21h21.25.115,25,TSRlearn_localizer-concepts,2026-08-24 21h21.26.458819 +0200,,1838.2223474000348,1839.7397383000352,1840.76094800001,,,,60.01601227522506,1837.4579743000213,1838.2223474000348,,,1837.4441521000117,1838.2081784000038,,,house\house_25.jpg,,,,,,,,,,,,,,,,,,,,,,,0,0,1,,None,,1838.2223474000348,,,,,None,,0,,,2025.2.4,,,1,1838.2123863000306,1839.7240656000213,,,None,None,1838.2228184667222,1838.772002200014,,,381,0,2026-08-24_21:52:03.892173,381,32,localizer,,None,,,None,,381,381,0,381,,,,,,house,Maison,Haus,
1843.0230394000537,1844.2393444000045,1.21,,,8,1844.2393962000497,1844.2394235000247,,,chair,4,4,,,,,,,,,,,,,,,,,,,,,,,,,,,,,,None,,,None,2026-08-24_21h21.25.115,42,TSRlearn_localizer-concepts,2026-08-24 21h21.26.458819 +0200,,1841.5219614000525,1843.037287400046,1844.2731186000165,,,,60.01601227522506,1840.76094800001,1841.5219614000525,,,1840.737832600018,1841.506511500047,,,chair\chair_42.jpg,,,,,,,,,,,,,,,,,,,,,,,0,0,1,,None,,1841.5219614000525,,,,,None,,0,,,2025.2.4,,,1,1841.50960390002,1843.0229804000119,,,None,None,1841.5210654666919,1842.4375874000252,,,382,0,2026-08-24_21:52:07.195147,382,33,localizer,,None,,,None,,382,382,0,382,,,,,,chair,Chaise,Stuhl,
1846.5387111000018,1847.570803700015,1.02,,,8,1847.5708565000095,1847.5708843000466,,,hand,8,8,,,,,,,,,,,,,,,,,,,,,,,,,,,,,,None,,,None,2026-08-24_21h21.25.115,16,TSRlearn_localizer-concepts,2026-08-24 21h21.26.458819 +0200,,1845.0366090000025,1846.552746900008,1847.6036438000156,,,,60.01601227522506,1844.2731186000165,1845.0366090000025,,,1844.2658370000427,1845.0218104000087,,,hand\hand_16.jpg,,,,,,,,,,,,,,,,,,,,,,,0,0,1,,None,,1845.0366090000025,,,,,None,,0,,,2025.2.4,,,1,1845.025165100058,1846.5386492000544,,,None,None,1845.0365004667003,1845.5207943000132,,,383,0,2026-08-24_21:52:10.707318,383,34,localizer,,None,,,None,,383,383,0,383,,,,,,hand,Main,Hand,
1849.8702902000514,1850.8199601000524,0.95,,,8,1850.8200122000417,1850.8200395000167,,,bicycle,2,2,,,,,,,,,,,,,,,,,,,,,,,,,,,,,,None,,,None,2026-08-24_21h21.25.115,12,TSRlearn_localizer-concepts,2026-08-24 21h21.26.458819 +0200,,1848.3683625000413,1849.885367800016,1850.8696685000323,,,,60.01601227522506,1847.6036438000156,1848.3683625000413,,,1847.5956052000402,1848.355058700021,,,bicycle\bicycle_12.jpg,,,,,,,,,,,,,,,,,,,,,,,0,0,1,,None,,1848.3683625000413,,,,,None,,0,,,2025.2.4,,,1,1848.357327500009,1849.8702318000142,,,None,None,1848.3694711666942,1849.0858122000354,,,384,0,2026-08-24_21:52:14.037843,384,35,localizer,,None,,,None,,384,384,0,384,,,,,,bicycle,Vélo,Fahrrad,
1853.3363319000346,1854.1198042000178,0.78,,,8,1854.1198599000345,1854.11990650004,,,flower,6,5,,,,,,,,,,,,,,,,,,,,,,,,,,,,,,None,,,r,2026-08-24_21h21.25.115,1,TSRlearn_localizer-concepts,2026-08-24 21h21.26.458819 +0200,,1851.6513835000223,1853.3507051000488,1854.1698316000402,,,,60.01601227522506,1850.8696685000323,1851.6513835000223,,,1850.847662300046,1851.619887400011,,,flower\flower_01.jpg,,,,,,,,,,,,,,,,,,,,,,,0,1,1,,None,,1851.6513835000223,,,,,right,,0,,,2025.2.4,,,1,1851.6375704000238,1853.3362732000533,,,None,None,1851.651274133365,1852.1346442000358,,,385,0,2026-08-24_21:52:17.303868,385,36,localizer,,None,,,None,,385,385,0,385,,,,,,dog,Chien,Hund,
1856.4187579000136,1857.334211600013,0.91,,,8,1857.3342677000328,1857.3342982000322,,,ball,1,1,,,,,,,,,,,,,,,,,,,,,,,,,,,,,,None,,,None,2026-08-24_21h21.25.115,40,TSRlearn_localizer-concepts,2026-08-24 21h21.26.458819 +0200,,1854.9185776000377,1856.433142700058,1857.3845256000059,,,,60.01601227522506,1854.1698316000402,1854.9185776000377,,,1854.1493176000076,1854.904828300001,,,ball\ball_40.jpg,,,,,,,,,,,,,,,,,,,,,,,0,0,1,,None,,1854.9185776000377,,,,,None,,0,,,2025.2.4,,,1,1854.9074407000444,1856.4186899000197,,,None,None,1854.9194020666803,1855.7000493000378,,,386,0,2026-08-24_21:52:20.604031,386,37,localizer,,None,,,None,,386,386,0,386,,,,,,ball,Ballon,Ball,
1859.6504645000095,1860.7333058000077,1.07,,,8,1860.7333698000293,1860.7334001000272,,,bread,3,3,,,,,,,,,,,,,,,,,,,,,,,,,,,,,,None,,,None,2026-08-24_21h21.25.115,27,TSRlearn_localizer-concepts,2026-08-24 21h21.26.458819 +0200,,1858.1491412000032,1859.6651219000341,1860.7661856000195,,,,60.01601227522506,1857.3845256000059,1858.1491412000032,,,1857.3689958000323,1858.1343661000137,,,bread\bread_27.jpg,,,,,,,,,,,,,,,,,,,,,,,0,0,1,,None,,1858.1491412000032,,,,,None,,0,,,2025.2.4,,,1,1858.1375263000373,1859.6504058000282,,,None,None,1858.1490230666861,1859.0654881000519,,,387,0,2026-08-24_21:52:23.818725,387,38,localizer,,None,,,None,,387,387,0,387,,,,,,bread,Pain,Brot,
1863.032922900049,1863.965234000003,0.93,,,8,1863.9652920000372,1863.9653231000411,,,hammer,7,7,,,,,,,,,,,,,,,,,,,,,,,,,,,,,,None,,,None,2026-08-24_21h21.25.115,27,TSRlearn_localizer-concepts,2026-08-24 21h21.26.458819 +0200,,1861.531841500022,1863.0477633000119,1864.000072200026,,,,60.01601227522506,1860.7661856000195,1861.531841500022,,,1860.7524208000395,1861.5165946000488,,,hammer\hammer_27.jpg,,,,,,,,,,,,,,,,,,,,,,,0,0,1,,None,,1861.531841500022,,,,,None,,0,,,2025.2.4,,,1,1861.5195963000297,1863.0328649000148,,,None,None,1861.5313738667212,1862.0478885000339,,,388,0,2026-08-24_21:52:27.200385,388,39,localizer,,None,,,None,,388,388,0,388,,,,,,hammer,Marteau,Hammer,
1866.26475880004,1867.3661577000166,1.1,,,8,1867.366213100031,1867.3662414000137,,,chair,4,4,,,,,,,,,,,,,,,,,,,,,,,,,,,,,,None,,,None,2026-08-24_21h21.25.115,20,TSRlearn_localizer-concepts,2026-08-24 21h21.26.458819 +0200,,1864.765599400038,1866.2800892000087,1867.423017800029,,,,60.01601227522506,1864.000072200026,1864.765599400038,,,1863.9845592000056,1864.7519927000394,,,chair\chair_20.jpg,,,,,,,,,,,,,,,,,,,,,,,0,0,1,,None,,1864.765599400038,,,,,None,,0,,,2025.2.4,,,1,1864.7553563000401,1866.264697000035,,,None,None,1864.7665951667043,1865.6801896000397,,,389,0,2026-08-24_21:52:30.434271,389,40,localizer,,None,,,None,,389,389,0,389,,,,,,chair,Chaise,Stuhl,
1869.6659425000544,1870.430957500008,0.76,,,8,1870.4310107000056,1870.431038800045,,,ball,1,1,,,,,,,,,,,,,,,,,,,,,,,,,,,,,,None,,,None,2026-08-24_21h21.25.115,36,TSRlearn_localizer-concepts,2026-08-24 21h21.26.458819 +0200,,1868.1798167000525,1869.6789455000544,1870.4667190000182,,,,60.01601227522506,1867.423017800029,1868.1798167000525,,,1867.4041696000495,1868.1643988000578,,,ball\ball_36.jpg,,,,,,,,,,,,,,,,,,,,,,,0,0,1,,None,,1868.1798167000525,,,,,None,,0,,,2025.2.4,,,1,1868.1675004000426,1869.6658849000232,,,None,None,1868.1791902667067,1868.9451758000068,,,390,0,2026-08-24_21:52:33.857217,390,41,localizer,,None,,,None,,390,390,0,390,,,,,,ball,Ballon,Ball,
1872.7298281000112,1873.4972396000521,0.76,,,8,1873.4972939000581,1873.4973232000484,,,dog,5,5,,,,,,,,,,,,,,,,,,,,,,,,,,,,,,None,,,None,2026-08-24_21h21.25.115,25,TSRlearn_localizer-concepts,2026-08-24 21h21.26.458819 +0200,,1871.2283721000422,1872.7450015000068,1873.545900200028,,,,60.01601227522506,1870.4667190000182,1871.2283721000422,,,1870.4570018000086,1871.2144244000083,,,dog\dog_25.jpg,,,,,,,,,,,,,,,,,,,,,,,0,0,1,,None,,1871.2283721000422,,,,,None,,0,,,2025.2.4,,,1,1871.2181419000262,1872.7297696000314,,,None,None,1871.2280980667022,1871.7114095000434,,,391,0,2026-08-24_21:52:36.900918,391,42,localizer,,None,,,None,,391,391,0,391,,,,,,dog,Chien,Hund,
1875.8123862000066,1876.8628222000552,1.05,,,8,1876.8628838000004,1876.8629134000512,,,jacket,10,10,,,,,,,,,,,,,,,,,,,,,,,,,,,,,,None,,,None,2026-08-24_21h21.25.115,8,TSRlearn_localizer-concepts,2026-08-24 21h21.26.458819 +0200,,1874.3273477000184,1875.826611700002,1876.89520790003,,,,60.01601227522506,1873.545900200028,1874.3273477000184,,,1873.5301862000488,1874.2971161000314,,,jacket\jacket_08.jpg,,,,,,,,,,,,,,,,,,,,,,,0,0,1,,None,,1874.3273477000184,,,,,None,,0,,,2025.2.4,,,1,1874.3152833000058,1875.8123219000408,,,None,None,1874.3282868333704,1874.861105500022,,,392,0,2026-08-24_21:52:39.980099,392,43,localizer,,None,,,None,,392,392,0,392,,,,,,jacket,Veste,Jacke,
1879.1617898000404,1880.2609994000522,1.1,,,8,1880.2610547000077,1880.2610825000447,,,dog,5,5,,,,,,,,,,,,,,,,,,,,,,,,,,,,,,None,,,None,2026-08-24_21h21.25.115,34,TSRlearn_localizer-concepts,2026-08-24 21h21.26.458819 +0200,,1877.660121300025,1879.1760988000315,1880.3111537000514,,,,60.01601227522506,1876.89520790003,1877.660121300025,,,1876.885439500038,1877.645258500008,,,dog\dog_34.jpg,,,,,,,,,,,,,,,,,,,,,,,0,0,1,,None,,1877.660121300025,,,,,None,,0,,,2025.2.4,,,1,1877.6491116000107,1879.1617275000317,,,None,None,1877.659691866724,1878.1590614000452,,,393,0,2026-08-24_21:52:43.329407,393,44,localizer,,None,,,None,,393,393,0,393,,,,,,dog,Chien,Hund,
1882.5763267000439,1883.5433106000419,0.96,,,8,1883.5433654000517,1883.5433938000351,,,flower,6,6,,,,,,,,,,,,,,,,,,,,,,,,,,,,,,None,,,None,2026-08-24_21h21.25.115,7,TSRlearn_localizer-concepts,2026-08-24 21h21.26.458819 +0200,,1881.0753320000367,1882.5912568000495,1883.6157685000217,,,,60.01601227522506,1880.3111537000514,1881.0753320000367,,,1880.301902300038,1881.0605433000019,,,flower\flower_07.jpg,,,,,,,,,,,,,,,,,,,,,,,0,0,1,,None,,1881.0753320000367,,,,,None,,0,,,2025.2.4,,,1,1881.0634480000008,1882.5762633000268,,,None,None,1881.0752726667017,1881.97524900001,,,394,0,2026-08-24_21:52:46.745353,394,45,localizer,,None,,,None,,394,394,0,394,,,,,,flower,Fleur,Blume,
1885.8755822000094,1886.825376600027,0.95,,,8,1886.8254286000156,1886.8254559000488,,,bread,3,3,,,,,,,,,,,,,,,,,,,,,,,,,,,,,,None,,,None,2026-08-24_21h21.25.115,49,TSRlearn_localizer-concepts,2026-08-24 21h21.26.458819 +0200,,1884.3752374000032,1885.8899698000168,1886.8924265000387,,,,60.01601227522506,1883.6157685000217,1884.3752374000032,,,1883.5903022000566,1884.359543700004,,,bread\bread_49.jpg,,,,,,,,,,,,,,,,,,,,,,,0,0,1,,None,,1884.3752374000032,,,,,None,,0,,,2025.2.4,,,1,1884.3631518000038,1885.8755185000482,,,None,None,1884.3743274667106,1885.3072631000541,,,395,0,2026-08-24_21:52:50.049968,395,46,localizer,,None,,,None,,395,395,0,395,,,,,,bread,Pain,Brot,
1889.374798200035,1890.1751285000355,0.79,,,8,1890.1751833000453,1890.1752110000234,,,dog,5,4,,,,,,,,,,,,,,,,,,,,,,,,,,,,,,None,,,r,2026-08-24_21h21.25.115,41,TSRlearn_localizer-concepts,2026-08-24 21h21.26.458819 +0200,,1887.657570200041,1889.3888866000343,1890.2260661000037,,,,60.01601227522506,1886.8924265000387,1887.657570200041,,,1886.8764265000354,1887.6420900000376,,,dog\dog_41.jpg,,,,,,,,,,,,,,,,,,,,,,,0,1,1,,None,,1887.657570200041,,,,,left,,0,,,2025.2.4,,,1,1887.6451211000094,1889.3747420000145,,,None,None,1887.6566254667162,1888.5725501000416,,,396,0,2026-08-24_21:52:53.326626,396,47,localizer,,None,,,None,,396,396,0,396,,,,,,chair,Chaise,Stuhl,
1892.4911849000491,1893.474002300005,0.97,,,8,1893.4740561000071,1893.4740837000427,,,jacket,10,10,,,,,,,,,,,,,,,,,,,,,,,,,,,,,,None,,,None,2026-08-24_21h21.25.115,26,TSRlearn_localizer-concepts,2026-08-24 21h21.26.458819 +0200,,1890.9890440000454,1892.5052340000402,1893.5066350000561,,,,60.01601227522506,1890.2260661000037,1890.9890440000454,,,1890.2091853000456,1890.9743370000506,,,jacket\jacket_26.jpg,,,,,,,,,,,,,,,,,,,,,,,0,0,1,,None,,1890.9890440000454,,,,,None,,0,,,2025.2.4,,,1,1890.979234700033,1892.4910964000155,,,None,None,1890.9886439666773,1891.5387513000169,,,397,0,2026-08-24_21:52:56.660265,397,48,localizer,,None,,,None,,397,397,0,397,,,,,,jacket,Veste,Jacke,
1895.7729457000387,1896.97126760002,1.2,,,8,1896.971323100035,1896.971350900014,,,hand,8,8,,,,,,,,,,,,,,,,,,,,,,,,,,,,,,None,,,None,2026-08-24_21h21.25.115,14,TSRlearn_localizer-concepts,2026-08-24 21h21.26.458819 +0200,,1894.2713055000058,1895.787097500055,1897.0053965000552,,,,60.01601227522506,1893.5066350000561,1894.2713055000058,,,1893.495210300025,1894.25668770005,,,hand\hand_14.jpg,,,,,,,,,,,,,,,,,,,,,,,0,0,1,,None,,1894.2713055000058,,,,,None,,0,,,2025.2.4,,,1,1894.260293600033,1895.7728854000452,,,None,None,1894.2711576666954,1894.7544405000517,,,398,0,2026-08-24_21:52:59.940834,398,49,localizer,,None,,,None,,398,398,0,398,,,,,,hand,Main,Hand,
1899.2718744000304,1900.2540102000348,0.98,,,8,1900.2540743000573,2296.9458022000035,1900.2689355000039,1915.2813153000316,house,9,9,,,,,,,,,,,,,,,,,,,,,,,,,,,,,561.8787708999589,r,95.02360210003098,1915.264421800035,None,2026-08-24_21h21.25.115,10,TSRlearn_localizer-concepts,2026-08-24 21h21.26.458819 +0200,,1897.770015600021,1899.2857042000396,1900.2689355000039,,,,60.01601227522506,1897.0053965000552,1897.770015600021,,,1896.9906310000224,1897.7552823000005,,,house\house_10.jpg,1915.264421800035,,,,,,,,,,,,,,,,,,,,,,0,0,1,,None,,1897.770015600021,,,,,None,,0,1900.2689355000039,1915.2813153000316,2025.2.4,,,1,1897.7597347000265,1899.2718146000407,,,None,None,1897.7698316666686,1898.302824000013,,,399,0,2026-08-24_21:53:03.439596,399,50,localizer,561.8787708999589,r,95.02360210003098,,None,,399,399,0,399,,,,,,house,Maison,Haus,
2299.3446576000424,2300.294549100043,0.95,,,9,2300.297762900009,2300.2978020000155,,,flower,6,6,,,,,,,,,,,,,,,,,,,,,,,,,,,,,,None,,,None,2026-08-24_21h21.25.115,40,TSRlearn_localizer-concepts,2026-08-24 21h21.26.458819 +0200,,2297.843620700005,2299.3594680000097,2300.3445237000124,,,,60.01601227522506,2297.08715950005,2297.843620700005,,,2297.0387763000326,2297.8296770000015,,,flower\flower_40.jpg,,,,,,,,,,,,,,,,,,,,,,,0,0,1,,None,,2297.843620700005,,,,,None,,0,,,2025.2.4,,,1,2297.8375518000103,2299.344596500043,,,None,None,2297.8443055666908,2298.7425060000387,,,400,0,2026-08-24_21:59:43.521358,400,1,localizer,,None,,,None,,400,400,0,400,,,,,,flower,Fleur,Blume,
2302.610917700047,2303.5270276000374,0.91,,,9,2303.527084900008,2303.527113500051,,,ball,1,1,,,,,,,,,,,,,,,,,,,,,,,,,,,,,,None,,,None,2026-08-24_21h21.25.115,36,TSRlearn_localizer-concepts,2026-08-24 21h21.26.458819 +0200,,2301.108842400019,2302.625270600023,2303.5783980000415,,,,60.01601227522506,2300.3445237000124,2301.108842400019,,,2300.3375309000257,2301.094142900023,,,ball\ball_36.jpg,,,,,,,,,,,,,,,,,,,,,,,0,0,1,,None,,2301.108842400019,,,,,None,,0,,,2025.2.4,,,1,2301.0972381000174,2302.6108541000285,,,None,None,2301.1088472667075,2301.891943900031,,,401,0,2026-08-24_21:59:46.778723,401,2,localizer,,None,,,None,,401,401,0,401,,,,,,ball,Ballon,Ball,
2305.8275926000206,2306.7272905000136,0.9,,,9,2306.7273494000547,2306.727379600052,,,chair,4,4,,,,,,,,,,,,,,,,,,,,,,,,,,,,,,None,,,None,2026-08-24_21h21.25.115,42,TSRlearn_localizer-concepts,2026-08-24 21h21.26.458819 +0200,,2304.3410686000134,2305.842240500031,2306.7784774000174,,,,60.01601227522506,2303.5783980000415,2304.3410686000134,,,2303.569124700036,2304.326516400033,,,chair\chair_42.jpg,,,,,,,,,,,,,,,,,,,,,,,0,0,1,,None,,2304.3410686000134,,,,,None,,0,,,2025.2.4,,,1,2304.329909700027,2305.8275250000297,,,None,None,2304.3411389666767,2305.2592121000052,,,402,0,2026-08-24_21:59:50.012597,402,3,localizer,,None,,,None,,402,402,0,402,,,,,,chair,Chaise,Stuhl,
2309.0434716000455,2309.9440308000194,0.89,,,9,2309.944124700036,2309.9441635000403,,,hand,8,8,,,,,,,,,,,,,,,,,,,,,,,,,,,,,,None,,,None,2026-08-24_21h21.25.115,12,TSRlearn_localizer-concepts,2026-08-24 21h21.26.458819 +0200,,2307.5418306000065,2309.0583560000523,2310.0344384000055,,,,60.01601227522506,2306.7784774000174,2307.5418306000065,,,2306.759754000057,2307.527565800003,,,hand\hand_12.jpg,,,,,,,,,,,,,,,,,,,,,,,0,0,1,,None,,2307.5418306000065,,,,,None,,0,,,2025.2.4,,,1,2307.535691500001,2309.043408000027,,,None,None,2307.5420822667115,2308.0415131000336,,,403,0,2026-08-24_21:59:53.212677,403,4,localizer,,None,,,None,,403,403,0,403,,,,,,hand,Main,Hand,
2312.2932866000338,2313.5089796000393,1.21,,,9,2313.5090803000494,2313.509132300038,,,bicycle,2,2,,,,,,,,,,,,,,,,,,,,,,,,,,,,,,None,,,None,2026-08-24_21h21.25.115,49,TSRlearn_localizer-concepts,2026-08-24 21h21.26.458819 +0200,,2310.7916910000495,2312.307288000011,2313.578502600023,,,,60.01601227522506,2310.0344384000055,2310.7916910000495,,,2310.0105752000236,2310.7766707000555,,,bicycle\bicycle_49.jpg,,,,,,,,,,,,,,,,,,,,,,,0,0,1,,None,,2310.7916910000495,,,,,None,,0,,,2025.2.4,,,1,2310.7833189000376,2312.293219400046,,,None,None,2310.7914555667126,2311.5071254000068,,,404,0,2026-08-24_21:59:56.468637,404,5,localizer,,None,,,None,,404,404,0,404,,,,,,bicycle,Vélo,Fahrrad,
2315.840291200031,2316.740253300057,0.89,,,9,2316.7403077000054,2316.740337000054,,,hammer,7,7,,,,,,,,,,,,,,,,,,,,,,,,,,,,,,None,,,None,2026-08-24_21h21.25.115,48,TSRlearn_localizer-concepts,2026-08-24 21h21.26.458819 +0200,,2314.3562347000116,2315.854609800037,2316.790608600015,,,,60.01601227522506,2313.578502600023,2314.3562347000116,,,2313.5525858000037,2314.325416100037,,,hammer\hammer_48.jpg,,,,,,,,,,,,,,,,,,,,,,,0,0,1,,None,,2314.3562347000116,,,,,None,,0,,,2025.2.4,,,1,2314.3424869000446,2315.8402326000505,,,None,None,2314.3567376333604,2314.873205700016,,,405,0,2026-08-24_22:00:00.012702,405,6,localizer,,None,,,None,,405,405,0,405,,,,,,hammer,Marteau,Hammer,
2319.0566823000554,2320.238111600047,1.18,,,9,2320.2381693000207,2320.2381991000148,,,flower,6,6,,,,,,,,,,,,,,,,,,,,,,,,,,,,,,None,,,None,2026-08-24_21h21.25.115,33,TSRlearn_localizer-concepts,2026-08-24 21h21.26.458819 +0200,,2317.5553083000123,2319.071348800033,2320.2881381000043,,,,60.01601227522506,2316.790608600015,2317.5553083000123,,,2316.768700900022,2317.5408259000396,,,flower\flower_33.jpg,,,,,,,,,,,,,,,,,,,,,,,0,0,1,,None,,2317.5553083000123,,,,,None,,0,,,2025.2.4,,,1,2317.5434567000484,2319.0566213000566,,,None,None,2317.5555731667014,2318.4548615000094,,,406,0,2026-08-24_22:00:03.224808,406,7,localizer,,None,,,None,,406,406,0,406,,,,,,flower,Fleur,Blume,
2322.554452500015,2323.5561127000256,1,,,9,2323.55618210003,2323.5562280000304,,,bicycle,2,2,,,,,,,,,,,,,,,,,,,,,,,,,,,,,,None,,,None,2026-08-24_21h21.25.115,25,TSRlearn_localizer-concepts,2026-08-24 21h21.26.458819 +0200,,2321.052985200018,2322.5694659000146,2323.62227620004,,,,60.01601227522506,2320.2881381000043,2321.052985200018,,,2320.270274600014,2321.0386624000384,,,bicycle\bicycle_25.jpg,,,,,,,,,,,,,,,,,,,,,,,0,0,1,,None,,2321.052985200018,,,,,None,,0,,,2025.2.4,,,1,2321.040902500041,2322.554392100021,,,None,None,2321.0533208667225,2321.753835300042,,,407,0,2026-08-24_22:00:06.722337,407,8,localizer,,None,,,None,,407,407,0,407,,,,,,bicycle,Vélo,Fahrrad,
2326.1028103000135,2326.952329200052,0.85,,,9,2326.952388200036,2326.9524214000558,,,hand,8,1,,,,,,,,,,,,,,,,,,,,,,,,,,,,,,None,,,r,2026-08-24_21h21.25.115,16,TSRlearn_localizer-concepts,2026-08-24 21h21.26.458819 +0200,,2324.3854249000433,2326.1180469000246,2327.040800800023,,,,60.01601227522506,2323.62227620004,2324.3854249000433,,,2323.603993000055,2324.370744200016,,,hand\hand_16.jpg,,,,,,,,,,,,,,,,,,,,,,,0,1,1,,None,,2324.3854249000433,,,,,left,,0,,,2025.2.4,,,1,2324.37393240002,2326.102745900047,,,None,None,2324.3854430667166,2325.168041100027,,,408,0,2026-08-24_22:00:10.056475,408,9,localizer,,None,,,None,,408,408,0,408,,,,,,ball,Ballon,Ball,
2329.3024918000447,2330.5527695000055,1.24,,,9,2330.552839800017,2330.552869600011,,,jacket,10,10,,,,,,,,,,,,,,,,,,,,,,,,,,,,,,None,,,None,2026-08-24_21h21.25.115,42,TSRlearn_localizer-concepts,2026-08-24 21h21.26.458819 +0200,,2327.816664700047,2329.3174222000525,2330.5867924000486,,,,60.01601227522506,2327.040800800023,2327.816664700047,,,2327.0172206000425,2327.7859434000566,,,jacket\jacket_42.jpg,,,,,,,,,,,,,,,,,,,,,,,0,0,1,,None,,2327.816664700047,,,,,None,,0,,,2025.2.4,,,1,2327.8069503000006,2329.3024343000143,,,None,None,2327.8174065333524,2328.367216500046,,,409,0,2026-08-24_22:00:13.475000,409,10,localizer,,None,,,None,,409,409,0,409,,,,,,jacket,Veste,Jacke,
2332.851299800037,2334.0014414000325,1.15,,,9,2334.001503400039,2334.001532700029,,,house,9,9,,,,,,,,,,,,,,,,,,,,,,,,,,,,,,None,,,None,2026-08-24_21h21.25.115,10,TSRlearn_localizer-concepts,2026-08-24 21h21.26.458819 +0200,,2331.3501594000263,2332.8664986000513,2334.050564700039,,,,60.01601227522506,2330.5867924000486,2331.3501594000263,,,2330.571386400028,2331.3349107000395,,,house\house_10.jpg,,,,,,,,,,,,,,,,,,,,,,,0,0,1,,None,,2331.3501594000263,,,,,None,,0,,,2025.2.4,,,1,2331.339822000009,2332.851234300004,,,None,None,2331.3496536666685,2331.899425600015,,,410,0,2026-08-24_22:00:17.020992,410,11,localizer,,None,,,None,,410,410,0,410,,,,,,house,Maison,Haus,
2336.316815500031,2337.349298200046,1.02,,,9,2337.349349700031,2337.349377000006,,,dog,5,5,,,,,,,,,,,,,,,,,,,,,,,,,,,,,,None,,,None,2026-08-24_21h21.25.115,14,TSRlearn_localizer-concepts,2026-08-24 21h21.26.458819 +0200,,2334.831967300037,2336.3316376000294,2337.3825694000116,,,,60.01601227522506,2334.050564700039,2334.831967300037,,,2334.0317302000476,2334.800839600037,,,dog\dog_14.jpg,,,,,,,,,,,,,,,,,,,,,,,0,0,1,,None,,2334.831967300037,,,,,None,,0,,,2025.2.4,,,1,2334.816086100007,2336.316745900025,,,None,None,2334.8320704333682,2335.315079400025,,,411,0,2026-08-24_22:00:20.484764,411,12,localizer,,None,,,None,,411,411,0,411,,,,,,dog,Chien,Hund,
2339.6485133000533,2340.531993200013,0.87,,,9,2340.5320556000224,2340.5320887000416,,,chair,4,4,,,,,,,,,,,,,,,,,,,,,,,,,,,,,,None,,,None,2026-08-24_21h21.25.115,25,TSRlearn_localizer-concepts,2026-08-24 21h21.26.458819 +0200,,2338.1478914000327,2339.6632602000027,2340.564878200006,,,,60.01601227522506,2337.3825694000116,2338.1478914000327,,,2337.3718113000505,2338.1325807000394,,,chair\chair_25.jpg,,,,,,,,,,,,,,,,,,,,,,,0,0,1,,None,,2338.1478914000327,,,,,None,,0,,,2025.2.4,,,1,2338.1356852000463,2339.6484418000327,,,None,None,2338.1473923666676,2339.0634908000357,,,412,0,2026-08-24_22:00:23.816768,412,13,localizer,,None,,,None,,412,412,0,412,,,,,,chair,Chaise,Stuhl,
2342.831287500041,2343.932210100058,1.09,,,9,2343.9322638000012,2343.9322933000512,,,hammer,7,7,,,,,,,,,,,,,,,,,,,,,,,,,,,,,,None,,,None,2026-08-24_21h21.25.115,39,TSRlearn_localizer-concepts,2026-08-24 21h21.26.458819 +0200,,2341.3288679000107,2342.8460588000016,2343.964846100018,,,,60.01601227522506,2340.564878200006,2341.3288679000107,,,2340.5503879000316,2341.3152955000405,,,hammer\hammer_39.jpg,,,,,,,,,,,,,,,,,,,,,,,0,0,1,,None,,2341.3288679000107,,,,,None,,0,,,2025.2.4,,,1,2341.31922330003,2342.831229000003,,,None,None,2341.330082266712,2341.8459353000508,,,413,0,2026-08-24_22:00:26.999077,413,14,localizer,,None,,,None,,413,413,0,413,,,,,,hammer,Marteau,Hammer,
2346.2292896000436,2347.1140314000077,0.87,,,9,2347.1140838000574,2347.114111200033,,,dog,5,5,,,,,,,,,,,,,,,,,,,,,,,,,,,,,,None,,,None,2026-08-24_21h21.25.115,38,TSRlearn_localizer-concepts,2026-08-24 21h21.26.458819 +0200,,2344.728150900046,2346.2467072000145,2347.179108100012,,,,60.01601227522506,2343.964846100018,2344.728150900046,,,2343.948279300006,2344.7144662000355,,,dog\dog_38.jpg,,,,,,,,,,,,,,,,,,,,,,,0,0,1,,None,,2344.728150900046,,,,,None,,0,,,2025.2.4,,,1,2344.7183172000223,2346.2292324000155,,,None,None,2344.728524666691,2345.2118882000213,,,414,0,2026-08-24_22:00:30.399045,414,15,localizer,,None,,,None,,414,414,0,414,,,,,,dog,Chien,Hund,
2349.645179700048,2350.5274987000157,0.87,,,9,2350.52755410003,2350.527582800016,,,flower,6,10,,,,,,,,,,,,,,,,,,,,,,,,,,,,,,None,,,r,2026-08-24_21h21.25.115,35,TSRlearn_localizer-concepts,2026-08-24 21h21.26.458819 +0200,,2347.943659300043,2349.6601476000505,2350.5777132000076,,,,60.01601227522506,2347.179108100012,2347.943659300043,,,2347.1685888000065,2347.9293649000465,,,flower\flower_35.jpg,,,,,,,,,,,,,,,,,,,,,,,0,1,1,,None,,2347.943659300043,,,,,right,,0,,,2025.2.4,,,1,2347.933678900008,2349.6451207000064,,,None,None,2347.944048366688,2348.4938283000374,,,415,0,2026-08-24_22:00:33.613307,415,16,localizer,,None,,,None,,415,415,0,415,,,,,,jacket,Veste,Jacke,
2352.8444163000095,2353.660648500023,0.81,,,9,2353.660712400044,2353.660744200053,,,bread,3,3,,,,,,,,,,,,,,,,,,,,,,,,,,,,,,None,,,None,2026-08-24_21h21.25.115,30,TSRlearn_localizer-concepts,2026-08-24 21h21.26.458819 +0200,,2351.3423298000125,2352.8583062000107,2353.694062500028,,,,60.01601227522506,2350.5777132000076,2351.3423298000125,,,2350.5579169000266,2351.328057800012,,,bread\bread_30.jpg,,,,,,,,,,,,,,,,,,,,,,,0,0,1,,None,,2351.3423298000125,,,,,None,,0,,,2025.2.4,,,1,2351.3354570000083,2352.844358000031,,,None,None,2351.3426560667035,2352.2760109000374,,,416,0,2026-08-24_22:00:37.011912,416,17,localizer,,None,,,None,,416,416,0,416,,,,,,bread,Pain,Brot,
2355.9600023000385,2356.993236500013,1.02,,,9,2356.9933002000325,2356.993334800005,,,ball,1,1,,,,,,,,,,,,,,,,,,,,,,,,,,,,,,None,,,None,2026-08-24_21h21.25.115,23,TSRlearn_localizer-concepts,2026-08-24 21h21.26.458819 +0200,,2354.459304400021,2355.97450380004,2357.0260150000104,,,,60.01601227522506,2353.694062500028,2354.459304400021,,,2353.674436400004,2354.4444043000112,,,ball\ball_23.jpg,,,,,,,,,,,,,,,,,,,,,,,0,0,1,,None,,2354.459304400021,,,,,None,,0,,,2025.2.4,,,1,2354.447470700019,2355.9599430000526,,,None,None,2354.4591912666842,2355.2415528000565,,,417,0,2026-08-24_22:00:40.128262,417,18,localizer,,None,,,None,,417,417,0,417,,,,,,ball,Ballon,Ball,
2359.291961300012,2360.3916382000316,1.09,,,9,2360.3916946000536,2360.3917249000515,,,hand,8,8,,,,,,,,,,,,,,,,,,,,,,,,,,,,,,None,,,None,2026-08-24_21h21.25.115,14,TSRlearn_localizer-concepts,2026-08-24 21h21.26.458819 +0200,,2357.7908868000377,2359.3070271000033,2360.4243853000225,,,,60.01601227522506,2357.0260150000104,2357.7908868000377,,,2357.008689100039,2357.77628010005,,,hand\hand_14.jpg,,,,,,,,,,,,,,,,,,,,,,,0,0,1,,None,,2357.7908868000377,,,,,None,,0,,,2025.2.4,,,1,2357.7792239000555,2359.2918891000445,,,None,None,2357.7910178666975,2358.2904619000037,,,418,0,2026-08-24_22:00:43.460214,418,19,localizer,,None,,,None,,418,418,0,418,,,,,,hand,Main,Hand,
2362.6763010000577,2363.5909670000547,0.91,,,9,2363.5910291000037,2363.591070400027,,,chair,4,4,,,,,,,,,,,,,,,,,,,,,,,,,,,,,,None,,,None,2026-08-24_21h21.25.115,10,TSRlearn_localizer-concepts,2026-08-24 21h21.26.458819 +0200,,2361.1898832000443,2362.689823600056,2363.6235652000178,,,,60.01601227522506,2360.4243853000225,2361.1898832000443,,,2360.4109458000166,2361.1757962000556,,,chair\chair_10.jpg,,,,,,,,,,,,,,,,,,,,,,,0,0,1,,None,,2361.1898832000443,,,,,None,,0,,,2025.2.4,,,1,2361.1789080000017,2362.6762355000246,,,None,None,2361.189987266673,2362.106127600011,,,419,0,2026-08-24_22:00:46.858584,419,20,localizer,,None,,,None,,419,419,0,419,,,,,,chair,Chaise,Stuhl,
2365.891192400013,2366.7566372000147,0.86,,,9,2366.7566898000077,2366.7567181000486,,,bicycle,2,2,,,,,,,,,,,,,,,,,,,,,,,,,,,,,,None,,,None,2026-08-24_21h21.25.115,23,TSRlearn_localizer-concepts,2026-08-24 21h21.26.458819 +0200,,2364.3888139000046,2365.905900700018,2366.789322800003,,,,60.01601227522506,2363.6235652000178,2364.3888139000046,,,2363.6090043000295,2364.3735600000364,,,bicycle\bicycle_23.jpg,,,,,,,,,,,,,,,,,,,,,,,0,0,1,,None,,2364.3888139000046,,,,,None,,0,,,2025.2.4,,,1,2364.3756581000052,2365.8911007000133,,,None,None,2364.3883422666736,2365.088825700048,,,420,0,2026-08-24_22:00:50.057764,420,21,localizer,,None,,,None,,420,420,0,420,,,,,,bicycle,Vélo,Fahrrad,
2369.056282400037,2370.0556797000463,0.99,,,9,2370.0557323000394,2370.055759800016,,,jacket,10,10,,,,,,,,,,,,,,,,,,,,,,,,,,,,,,None,,,None,2026-08-24_21h21.25.115,7,TSRlearn_localizer-concepts,2026-08-24 21h21.26.458819 +0200,,2367.5546417000005,2369.070960400044,2370.1083025000407,,,,60.01601227522506,2366.789322800003,2367.5546417000005,,,2366.7820157000097,2367.5400222000317,,,jacket\jacket_07.jpg,,,,,,,,,,,,,,,,,,,,,,,0,0,1,,None,,2367.5546417000005,,,,,None,,0,,,2025.2.4,,,1,2367.5446092000348,2369.056226100016,,,None,None,2367.5547818666714,2368.0880627000006,,,421,0,2026-08-24_22:00:53.223522,421,22,localizer,,None,,,None,,421,421,0,421,,,,,,jacket,Veste,Jacke,
2372.371896800003,2373.305547200027,0.93,,,9,2373.305604400055,2373.305632900039,,,hand,8,8,,,,,,,,,,,,,,,,,,,,,,,,,,,,,,None,,,None,2026-08-24_21h21.25.115,46,TSRlearn_localizer-concepts,2026-08-24 21h21.26.458819 +0200,,2370.870103800029,2372.3861257000244,2373.3718121000566,,,,60.01601227522506,2370.1083025000407,2370.870103800029,,,2370.097108900023,2370.855720200052,,,hand\hand_46.jpg,,,,,,,,,,,,,,,,,,,,,,,0,0,1,,None,,2370.870103800029,,,,,None,,0,,,2025.2.4,,,1,2370.85938660003,2372.371830500022,,,None,None,2370.870233966682,2371.3701542000053,,,422,0,2026-08-24_22:00:56.542502,422,23,localizer,,None,,,None,,422,422,0,422,,,,,,hand,Main,Hand,
2375.621301700012,2376.7534749000333,1.13,,,9,2376.75352800003,2376.7535560000106,,,house,9,9,,,,,,,,,,,,,,,,,,,,,,,,,,,,,,None,,,None,2026-08-24_21h21.25.115,43,TSRlearn_localizer-concepts,2026-08-24 21h21.26.458819 +0200,,2374.135517000046,2375.6352271000505,2376.7879056000384,,,,60.01601227522506,2373.3718121000566,2374.135517000046,,,2373.348243000044,2374.120441300038,,,house\house_43.jpg,,,,,,,,,,,,,,,,,,,,,,,0,0,1,,None,,2374.135517000046,,,,,None,,0,,,2025.2.4,,,1,2374.125396300049,2375.6212450000457,,,None,None,2374.1353523667244,2374.6701755000395,,,423,0,2026-08-24_22:00:59.806011,423,24,localizer,,None,,,None,,423,423,0,423,,,,,,house,Maison,Haus,
2379.2694290000363,2380.4687374000205,1.19,,,9,2380.468788500002,2380.468815600034,,,hammer,7,5,,,,,,,,,,,,,,,,,,,,,,,,,,,,,,None,,,r,2026-08-24_21h21.25.115,9,TSRlearn_localizer-concepts,2026-08-24 21h21.26.458819 +0200,,2377.5513168000034,2379.2835797000444,2380.573301400058,,,,60.01601227522506,2376.7879056000384,2377.5513168000034,,,2376.771354300028,2377.53653880005,,,hammer\hammer_09.jpg,,,,,,,,,,,,,,,,,,,,,,,0,1,1,,None,,2377.5513168000034,,,,,right,,0,,,2025.2.4,,,1,2377.539684200019,2379.2693708000006,,,None,None,2377.5511137666804,2378.034538500011,,,424,0,2026-08-24_22:01:03.222105,424,25,localizer,,None,,,None,,424,424,0,424,,,,,,dog,Chien,Hund,
2382.8188468000153,2383.6196220000274,0.8,,,9,2383.6196743000182,2383.619703300006,,,bread,3,3,,,,,,,,,,,,,,,,,,,,,,,,,,,,,,None,,,None,2026-08-24_21h21.25.115,15,TSRlearn_localizer-concepts,2026-08-24 21h21.26.458819 +0200,,2381.3333826000453,2382.833237200044,2383.6891345000477,,,,60.01601227522506,2380.573301400058,2381.3333826000453,,,2380.54037100001,2381.31855560001,,,bread\bread_15.jpg,,,,,,,,,,,,,,,,,,,,,,,0,0,1,,None,,2381.3333826000453,,,,,None,,0,,,2025.2.4,,,1,2381.3217268000008,2382.8187901000492,,,None,None,2381.3333148667048,2382.2661869000294,,,425,0,2026-08-24_22:01:07.007500,425,26,localizer,,None,,,None,,425,425,0,425,,,,,,bread,Pain,Brot,
2385.9503759000218,2387.000077600009,1.04,,,9,2387.0001329000224,2387.0001624000142,,,chair,4,4,,,,,,,,,,,,,,,,,,,,,,,,,,,,,,None,,,None,2026-08-24_21h21.25.115,45,TSRlearn_localizer-concepts,2026-08-24 21h21.26.458819 +0200,,2384.450137800013,2385.9652981000254,2387.051751400053,,,,60.01601227522506,2383.6891345000477,2384.450137800013,,,2383.6679658000357,2384.4348182000103,,,chair\chair_45.jpg,,,,,,,,,,,,,,,,,,,,,,,0,0,1,,None,,2384.450137800013,,,,,None,,0,,,2025.2.4,,,1,2384.43810650002,2385.950317000039,,,None,None,2384.4494697667,2385.3652989000548,,,426,0,2026-08-24_22:01:10.123334,426,27,localizer,,None,,,None,,426,426,0,426,,,,,,chair,Chaise,Stuhl,
2389.3159695000504,2390.3326531000203,1.01,,,9,2390.3327060000156,2390.332732800045,,,flower,6,6,,,,,,,,,,,,,,,,,,,,,,,,,,,,,,None,,,None,2026-08-24_21h21.25.115,37,TSRlearn_localizer-concepts,2026-08-24 21h21.26.458819 +0200,,2387.814854700002,2389.331168100005,2390.3652650000295,,,,60.01601227522506,2387.051751400053,2387.814854700002,,,2387.0277615000377,2387.8005645000376,,,flower\flower_37.jpg,,,,,,,,,,,,,,,,,,,,,,,0,0,1,,None,,2387.814854700002,,,,,None,,0,,,2025.2.4,,,1,2387.8032375000184,2389.315909500001,,,None,None,2387.8151193666895,2388.714511100028,,,427,0,2026-08-24_22:01:13.485950,427,28,localizer,,None,,,None,,427,427,0,427,,,,,,flower,Fleur,Blume,
2392.617025500047,2393.765566600021,1.15,,,9,2393.7656231000437,2393.7656523000333,,,ball,1,1,,,,,,,,,,,,,,,,,,,,,,,,,,,,,,None,,,None,2026-08-24_21h21.25.115,31,TSRlearn_localizer-concepts,2026-08-24 21h21.26.458819 +0200,,2391.1302985000075,2392.6294712000526,2393.8442376000457,,,,60.01601227522506,2390.3652650000295,2391.1302985000075,,,2390.3561941000517,2391.1154461000115,,,ball\ball_31.jpg,,,,,,,,,,,,,,,,,,,,,,,0,0,1,,None,,2391.1302985000075,,,,,None,,0,,,2025.2.4,,,1,2391.1182082000305,2392.6169639000436,,,None,None,2391.130110966686,2391.912885400001,,,428,0,2026-08-24_22:01:16.799464,428,29,localizer,,None,,,None,,428,428,0,428,,,,,,ball,Ballon,Ball,
2396.0981363000465,2397.1806227000197,1.08,,,9,2397.1806796000456,2397.1807091000373,,,hammer,7,7,,,,,,,,,,,,,,,,,,,,,,,,,,,,,,None,,,None,2026-08-24_21h21.25.115,42,TSRlearn_localizer-concepts,2026-08-24 21h21.26.458819 +0200,,2394.595976200013,2396.1120744000073,2397.232194500044,,,,60.01601227522506,2393.8442376000457,2394.595976200013,,,2393.8086173000047,2394.582133000018,,,hammer\hammer_42.jpg,,,,,,,,,,,,,,,,,,,,,,,0,0,1,,None,,2394.595976200013,,,,,None,,0,,,2025.2.4,,,1,2394.5853219000273,2396.098042300029,,,None,None,2394.596564866723,2395.1124263000092,,,429,0,2026-08-24_22:01:20.278437,429,30,localizer,,None,,,None,,429,429,0,429,,,,,,hammer,Marteau,Hammer,
2399.495762400038,2400.7119503000285,1.21,,,9,2400.712002300017,2400.7120310000028,,,jacket,10,10,,,,,,,,,,,,,,,,,,,,,,,,,,,,,,None,,,None,2026-08-24_21h21.25.115,8,TSRlearn_localizer-concepts,2026-08-24 21h21.26.458819 +0200,,2397.9945996000315,2399.5110139000462,2400.745149400027,,,,60.01601227522506,2397.232194500044,2397.9945996000315,,,2397.2122251000255,2397.9810208000126,,,jacket\jacket_08.jpg,,,,,,,,,,,,,,,,,,,,,,,0,0,1,,None,,2397.9945996000315,,,,,None,,0,,,2025.2.4,,,1,2397.985105300031,2399.495700300031,,,None,None,2397.9958708667004,2398.545009100053,,,430,0,2026-08-24_22:01:23.666394,430,31,localizer,,None,,,None,,430,430,0,430,,,,,,jacket,Veste,Jacke,
2402.995130800002,2403.8000389000517,0.8,,,9,2403.8001056000357,2403.8001373000443,,,ball,1,1,,,,,,,,,,,,,,,,,,,,,,,,,,,,,,None,,,None,2026-08-24_21h21.25.115,1,TSRlearn_localizer-concepts,2026-08-24 21h21.26.458819 +0200,,2401.4931237000274,2403.009346100036,2403.8666915000067,,,,60.01601227522506,2400.745149400027,2401.4931237000274,,,2400.725941200042,2401.479586200032,,,ball\ball_01.jpg,,,,,,,,,,,,,,,,,,,,,,,0,0,1,,None,,2401.4931237000274,,,,,None,,0,,,2025.2.4,,,1,2401.482125700044,2402.995069800003,,,None,None,2401.4943077666726,2402.277782500023,,,431,0,2026-08-24_22:01:27.179348,431,32,localizer,,None,,,None,,431,431,0,431,,,,,,ball,Ballon,Ball,
2406.1276831000578,2406.943875600002,0.81,,,9,2406.94393150002,2406.9439611000125,,,bicycle,2,2,,,,,,,,,,,,,,,,,,,,,,,,,,,,,,None,,,None,2026-08-24_21h21.25.115,45,TSRlearn_localizer-concepts,2026-08-24 21h21.26.458819 +0200,,2404.626754100027,2406.1416643000557,2407.0116884000017,,,,60.01601227522506,2403.8666915000067,2404.626754100027,,,2403.8443633000134,2404.6133829000173,,,bicycle\bicycle_45.jpg,,,,,,,,,,,,,,,,,,,,,,,0,0,1,,None,,2404.626754100027,,,,,None,,0,,,2025.2.4,,,1,2404.615578100027,2406.127624500019,,,None,None,2404.6280935666914,2405.3258772000554,,,432,0,2026-08-24_22:01:30.300891,432,33,localizer,,None,,,None,,432,432,0,432,,,,,,bicycle,Vélo,Fahrrad,
2409.2765315000433,2410.4423385000555,1.16,,,9,2410.44239000004,2410.4424172000145,,,flower,6,6,,,,,,,,,,,,,,,,,,,,,,,,,,,,,,None,,,None,2026-08-24_21h21.25.115,41,TSRlearn_localizer-concepts,2026-08-24 21h21.26.458819 +0200,,2407.7747107000323,2409.2906510000466,2410.476880900038,,,,60.01601227522506,2407.0116884000017,2407.7747107000323,,,2406.9909601000254,2407.7608501000213,,,flower\flower_41.jpg,,,,,,,,,,,,,,,,,,,,,,,0,0,1,,None,,2407.7747107000323,,,,,None,,0,,,2025.2.4,,,1,2407.7633698000573,2409.27646990004,,,None,None,2407.7753608666867,2408.674395100039,,,433,0,2026-08-24_22:01:33.445888,433,34,localizer,,None,,,None,,433,433,0,433,,,,,,flower,Fleur,Blume,
2412.7260562000447,2413.7249679000233,0.99,,,9,2413.7250246000476,2413.725054600043,,,dog,5,5,,,,,,,,,,,,,,,,,,,,,,,,,,,,,,None,,,None,2026-08-24_21h21.25.115,35,TSRlearn_localizer-concepts,2026-08-24 21h21.26.458819 +0200,,2411.240358800045,2412.7402220000513,2413.7786722000455,,,,60.01601227522506,2410.476880900038,2411.240358800045,,,2410.4604699000483,2411.2254006000003,,,dog\dog_35.jpg,,,,,,,,,,,,,,,,,,,,,,,0,0,1,,None,,2411.240358800045,,,,,None,,0,,,2025.2.4,,,1,2411.228835100017,2412.7259867000394,,,None,None,2411.2402799666784,2411.7404702000204,,,434,0,2026-08-24_22:01:36.911080,434,35,localizer,,None,,,None,,434,434,0,434,,,,,,dog,Chien,Hund,
2416.040935500001,2417.073727400042,1.02,,,9,2417.073782600055,2417.07381250005,,,bread,3,3,,,,,,,,,,,,,,,,,,,,,,,,,,,,,,None,,,None,2026-08-24_21h21.25.115,49,TSRlearn_localizer-concepts,2026-08-24 21h21.26.458819 +0200,,2414.539755100035,2416.0554798000376,2417.1081493000383,,,,60.01601227522506,2413.7786722000455,2414.539755100035,,,2413.76430650003,2414.5249163000262,,,bread\bread_49.jpg,,,,,,,,,,,,,,,,,,,,,,,0,0,1,,None,,2414.539755100035,,,,,None,,0,,,2025.2.4,,,1,2414.5276812000084,2416.0408802000456,,,None,None,2414.5397324666887,2415.455777300056,,,435,0,2026-08-24_22:01:40.212871,435,36,localizer,,None,,,None,,435,435,0,435,,,,,,bread,Pain,Brot,
2419.3729270000476,2420.2557681000326,0.87,,,9,2420.255820600025,2420.2558485000045,,,hand,8,8,,,,,,,,,,,,,,,,,,,,,,,,,,,,,,None,,,None,2026-08-24_21h21.25.115,8,TSRlearn_localizer-concepts,2026-08-24 21h21.26.458819 +0200,,2417.8724849000573,2419.3879423000035,2420.2911650000024,,,,60.01601227522506,2417.1081493000383,2417.8724849000573,,,2417.1010678000166,2417.85742200003,,,hand\hand_08.jpg,,,,,,,,,,,,,,,,,,,,,,,0,0,1,,None,,2417.8724849000573,,,,,None,,0,,,2025.2.4,,,1,2417.8613768000505,2419.372823200014,,,None,None,2417.8719029667013,2418.355361700058,,,436,0,2026-08-24_22:01:43.542348,436,37,localizer,,None,,,None,,436,436,0,436,,,,,,hand,Main,Hand,
2422.555586500035,2423.788831200043,1.23,,,9,2423.7888859000523,2423.7889144000364,,,hammer,7,7,,,,,,,,,,,,,,,,,,,,,,,,,,,,,,None,,,None,2026-08-24_21h21.25.115,22,TSRlearn_localizer-concepts,2026-08-24 21h21.26.458819 +0200,,2421.054155700025,2422.5704383000266,2423.822543300048,,,,60.01601227522506,2420.2911650000024,2421.054155700025,,,2420.2821099000284,2421.0393575000344,,,hammer\hammer_22.jpg,,,,,,,,,,,,,,,,,,,,,,,0,0,1,,None,,2421.054155700025,,,,,None,,0,,,2025.2.4,,,1,2421.042538400041,2422.5555249000317,,,None,None,2421.054160866716,2421.554456800048,,,437,0,2026-08-24_22:01:46.725364,437,38,localizer,,None,,,None,,437,437,0,437,,,,,,hammer,Marteau,Hammer,
2426.287776100042,2427.505867900036,1.21,,,9,2427.5059223000426,2427.505952000036,,,house,9,3,,,,,,,,,,,,,,,,,,,,,,,,,,,,,,None,,,r,2026-08-24_21h21.25.115,7,TSRlearn_localizer-concepts,2026-08-24 21h21.26.458819 +0200,,2424.586254200025,2426.3024217000348,2427.5748621000093,,,,60.01601227522506,2423.822543300048,2424.586254200025,,,2423.807910900039,2424.5720325,,,house\house_07.jpg,,,,,,,,,,,,,,,,,,,,,,,0,1,1,,None,,2424.586254200025,,,,,left,,0,,,2025.2.4,,,1,2424.575043500052,2426.2877173000015,,,None,None,2424.586683966689,2425.519064000051,,,438,0,2026-08-24_22:01:50.256742,438,39,localizer,,None,,,None,,438,438,0,438,,,,,,bread,Pain,Brot,
2429.836658800021,2431.038585500035,1.2,,,9,2431.03864100005,2431.038669700036,,,dog,5,5,,,,,,,,,,,,,,,,,,,,,,,,,,,,,,None,,,None,2026-08-24_21h21.25.115,41,TSRlearn_localizer-concepts,2026-08-24 21h21.26.458819 +0200,,2428.3353027000558,2429.852898800047,2431.104263300018,,,,60.01601227522506,2427.5748621000093,2428.3353027000558,,,2427.554754200042,2428.3206535000354,,,dog\dog_41.jpg,,,,,,,,,,,,,,,,,,,,,,,0,0,1,,None,,2428.3353027000558,,,,,None,,0,,,2025.2.4,,,1,2428.32467240002,2429.836595200002,,,None,None,2428.335327466721,2428.818303900014,,,439,0,2026-08-24_22:01:54.009061,439,40,localizer,,None,,,None,,439,439,0,439,,,,,,dog,Chien,Hund,
2433.3541797000216,2434.4185723000555,1.06,,,9,2434.4186282000155,2434.418656900001,,,bread,3,3,,,,,,,,,,,,,,,,,,,,,,,,,,,,,,None,,,None,2026-08-24_21h21.25.115,46,TSRlearn_localizer-concepts,2026-08-24 21h21.26.458819 +0200,,2431.867461200047,2433.367232400051,2434.469500200008,,,,60.01601227522506,2431.104263300018,2431.867461200047,,,2431.083660000004,2431.8529443000443,,,bread\bread_46.jpg,,,,,,,,,,,,,,,,,,,,,,,0,0,1,,None,,2431.867461200047,,,,,None,,0,,,2025.2.4,,,1,2431.8563679000363,2433.3541152000544,,,None,None,2431.867332666709,2432.784083800041,,,440,0,2026-08-24_22:01:57.538462,440,41,localizer,,None,,,None,,440,440,0,440,,,,,,bread,Pain,Brot,
2436.734566500003,2437.5673317000037,0.83,,,9,2437.5673891000333,2437.567419000028,,,chair,4,4,,,,,,,,,,,,,,,,,,,,,,,,,,,,,,None,,,None,2026-08-24_21h21.25.115,7,TSRlearn_localizer-concepts,2026-08-24 21h21.26.458819 +0200,,2435.2329051000415,2436.749108900025,2437.6004727000254,,,,60.01601227522506,2434.469500200008,2435.2329051000415,,,2434.460957500036,2435.2181742000394,,,chair\chair_07.jpg,,,,,,,,,,,,,,,,,,,,,,,0,0,1,,None,,2435.2329051000415,,,,,None,,0,,,2025.2.4,,,1,2435.221476100036,2436.734505600005,,,None,None,2435.232826166674,2436.1664432000252,,,441,0,2026-08-24_22:02:00.903699,441,42,localizer,,None,,,None,,441,441,0,441,,,,,,chair,Chaise,Stuhl,
2439.850741400034,2440.71642240003,0.86,,,9,2440.716484500037,2440.716514800035,,,house,9,9,,,,,,,,,,,,,,,,,,,,,,,,,,,,,,None,,,None,2026-08-24_21h21.25.115,21,TSRlearn_localizer-concepts,2026-08-24 21h21.26.458819 +0200,,2438.3659589000163,2439.8648203000193,2440.7664143000147,,,,60.01601227522506,2437.6004727000254,2438.3659589000163,,,2437.5836031000363,2438.3503740000306,,,house\house_21.jpg,,,,,,,,,,,,,,,,,,,,,,,0,0,1,,None,,2438.3659589000163,,,,,None,,0,,,2025.2.4,,,1,2438.3551330000046,2439.8506835000007,,,None,None,2438.3649462666986,2438.91507550003,,,442,0,2026-08-24_22:02:04.034672,442,43,localizer,,None,,,None,,442,442,0,442,,,,,,house,Maison,Haus,
2443.0167368000257,2444.0489000000525,1.02,,,9,2444.048956600018,2444.0489853000036,,,bread,3,3,,,,,,,,,,,,,,,,,,,,,,,,,,,,,,None,,,None,2026-08-24_21h21.25.115,18,TSRlearn_localizer-concepts,2026-08-24 21h21.26.458819 +0200,,2441.5309650000418,2443.030150900013,2444.11670720001,,,,60.01601227522506,2440.7664143000147,2441.5309650000418,,,2440.7452052000444,2441.5163005000213,,,bread\bread_18.jpg,,,,,,,,,,,,,,,,,,,,,,,0,0,1,,None,,2441.5309650000418,,,,,None,,0,,,2025.2.4,,,1,2441.5196159000043,2443.01667620003,,,None,None,2441.5308477666736,2442.446954700048,,,443,0,2026-08-24_22:02:07.200613,443,44,localizer,,None,,,None,,443,443,0,443,,,,,,bread,Pain,Brot,
2446.381518900045,2447.3811610000557,1,,,9,2447.3812146000564,2447.381242900039,,,jacket,10,10,,,,,,,,,,,,,,,,,,,,,,,,,,,,,,None,,,None,2026-08-24_21h21.25.115,6,TSRlearn_localizer-concepts,2026-08-24 21h21.26.458819 +0200,,2444.89611890004,2446.3961042000446,2447.413630200026,,,,60.01601227522506,2444.11670720001,2444.89611890004,,,2444.0930708000087,2444.865435200045,,,jacket\jacket_06.jpg,,,,,,,,,,,,,,,,,,,,,,,0,0,1,,None,,2444.89611890004,,,,,None,,0,,,2025.2.4,,,1,2444.885312600003,2446.381458800053,,,None,None,2444.896669433344,2445.431186300004,,,444,0,2026-08-24_22:02:10.550906,444,45,localizer,,None,,,None,,444,444,0,444,,,,,,jacket,Veste,Jacke,
2449.863654600049,2450.9463373000035,1.08,,,9,2450.9463901000563,2450.9464182000374,,,dog,5,2,,,,,,,,,,,,,,,,,,,,,,,,,,,,,,None,,,r,2026-08-24_21h21.25.115,22,TSRlearn_localizer-concepts,2026-08-24 21h21.26.458819 +0200,,2448.1624794000527,2449.8778129000566,2451.072827300057,,,,60.01601227522506,2447.413630200026,2448.1624794000527,,,2447.404562300013,2448.148884400027,,,dog\dog_22.jpg,,,,,,,,,,,,,,,,,,,,,,,0,1,1,,None,,2448.1624794000527,,,,,right,,0,,,2025.2.4,,,1,2448.150873900042,2449.863595200004,,,None,None,2448.1634129667113,2448.8784679000382,,,445,0,2026-08-24_22:02:13.847829,445,46,localizer,,None,,,None,,445,445,0,445,,,,,,bicycle,Vélo,Fahrrad,
2453.3293346000137,2454.1130056000547,0.78,,,9,2454.113070500025,2454.1131035000435,,,ball,1,1,,,,,,,,,,,,,,,,,,,,,,,,,,,,,,None,,,None,2026-08-24_21h21.25.115,15,TSRlearn_localizer-concepts,2026-08-24 21h21.26.458819 +0200,,2451.827857300057,2453.3444971000426,2454.164968100027,,,,60.01601227522506,2451.072827300057,2451.827857300057,,,2451.0095348000177,2451.8133284000214,,,ball\ball_15.jpg,,,,,,,,,,,,,,,,,,,,,,,0,0,1,,None,,2451.827857300057,,,,,None,,0,,,2025.2.4,,,1,2451.816406500002,2453.3292733000126,,,None,None,2451.8280539666926,2452.5948839000193,,,446,0,2026-08-24_22:02:17.507026,446,47,localizer,,None,,,None,,446,446,0,446,,,,,,ball,Ballon,Ball,
2456.428215400025,2457.6455670000287,1.21,,,9,2457.6456206000294,2457.645648400008,,,bicycle,2,2,,,,,,,,,,,,,,,,,,,,,,,,,,,,,,None,,,None,2026-08-24_21h21.25.115,12,TSRlearn_localizer-concepts,2026-08-24 21h21.26.458819 +0200,,2454.9268909000093,2456.4437320000143,2457.7275090000476,,,,60.01601227522506,2454.164968100027,2454.9268909000093,,,2454.1417762000347,2454.912737100036,,,bicycle\bicycle_12.jpg,,,,,,,,,,,,,,,,,,,,,,,0,0,1,,None,,2454.9268909000093,,,,,None,,0,,,2025.2.4,,,1,2454.915171600005,2456.4281575000496,,,None,None,2454.927148566702,2455.626248800021,,,447,0,2026-08-24_22:02:20.599167,447,48,localizer,,None,,,None,,447,447,0,447,,,,,,bicycle,Vélo,Fahrrad,
2459.995810100052,2460.793536400015,0.79,,,9,2460.7935906000203,2460.793619300006,,,jacket,10,10,,,,,,,,,,,,,,,,,,,,,,,,,,,,,,None,,,None,2026-08-24_21h21.25.115,5,TSRlearn_localizer-concepts,2026-08-24 21h21.26.458819 +0200,,2458.4923870000057,2460.0094192000106,2460.8440963000176,,,,60.01601227522506,2457.7275090000476,2458.4923870000057,,,2457.706329400011,2458.4786713000503,,,jacket\jacket_05.jpg,,,,,,,,,,,,,,,,,,,,,,,0,0,1,,None,,2458.4923870000057,,,,,None,,0,,,2025.2.4,,,1,2458.484160000051,2459.995738000027,,,None,None,2458.493055566684,2459.0421332000406,,,448,0,2026-08-24_22:02:24.161708,448,49,localizer,,None,,,None,,448,448,0,448,,,,,,jacket,Veste,Jacke,
2463.110175800044,2463.942379200016,0.82,,,9,2463.94243320002,2582.039985700045,2463.9565654000035,2478.9708355000475,house,9,9,,,,,,,,,,,,,,,,,,,,,,,,,,,,,284.7422681999742,r,382.0312334999908,2478.954570300004,None,2026-08-24_21h21.25.115,31,TSRlearn_localizer-concepts,2026-08-24 21h21.26.458819 +0200,,2461.608978700009,2463.1239234000095,2463.9565654000035,,,,60.01601227522506,2460.8440963000176,2461.608978700009,,,2460.8289315000293,2461.593334700039,,,house\house_31.jpg,2478.954570300004,,,,,,,,,,,,,,,,,,,,,,0,0,1,,None,,2461.608978700009,,,,,None,,0,2463.9565654000035,2478.9708355000475,2025.2.4,,,1,2461.597366000002,2463.110110300011,,,None,None,2461.6080430666957,2462.1414795000455,,,449,0,2026-08-24_22:02:27.278295,449,50,localizer,284.7422681999742,r,382.0312334999908,,None,,449,449,0,449,,,,,,house,Maison,Haus,
2584.371096000017,2585.187737100001,0.81,,,10,2585.19153380004,2585.1915734000504,,,dog,5,5,,,,,,,,,,,,,,,,,,,,,,,,,,,,,,None,,,None,2026-08-24_21h21.25.115,7,TSRlearn_localizer-concepts,2026-08-24 21h21.26.458819 +0200,,2582.8857969000237,2584.385994500015,2585.2203145000385,,,,60.01601227522506,2582.1066624000086,2582.8857969000237,,,2582.0829339000047,2582.855936100008,,,dog\dog_07.jpg,,,,,,,,,,,,,,,,,,,,,,,0,0,1,,None,,2582.8857969000237,,,,,None,,0,,,2025.2.4,,,1,2582.87459380005,2584.371037200035,,,None,None,2582.8871014333645,2583.386463700037,,,450,0,2026-08-24_22:04:28.540862,450,1,localizer,,None,,,None,,450,450,0,450,,,,,,dog,Chien,Hund,
2587.703758800053,2588.6863008000073,0.97,,,10,2588.6863558000186,2588.686384700006,,,house,9,4,,,,,,,,,,,,,,,,,,,,,,,,,,,,,,None,,,r,2026-08-24_21h21.25.115,15,TSRlearn_localizer-concepts,2026-08-24 21h21.26.458819 +0200,,2585.9859179000487,2587.717674500018,2588.76279290003,,,,60.01601227522506,2585.2203145000385,2585.9859179000487,,,2585.2078333000536,2585.97114660003,,,house\house_15.jpg,,,,,,,,,,,,,,,,,,,,,,,0,1,1,,None,,2585.9859179000487,,,,,right,,0,,,2025.2.4,,,1,2585.9742864000145,2587.703700700018,,,None,None,2585.985858166711,2586.918152500002,,,451,0,2026-08-24_22:04:31.654514,451,2,localizer,,None,,,None,,451,451,0,451,,,,,,chair,Chaise,Stuhl,
2591.0188897000044,2592.119129800005,1.09,,,10,2592.119185400021,2592.1192146000103,,,hand,8,8,,,,,,,,,,,,,,,,,,,,,,,,,,,,,,None,,,None,2026-08-24_21h21.25.115,48,TSRlearn_localizer-concepts,2026-08-24 21h21.26.458819 +0200,,2589.517133300018,2591.033676300023,2592.1696508000023,,,,60.01601227522506,2588.76279290003,2589.517133300018,,,2588.726653300051,2589.5034055000287,,,hand\hand_48.jpg,,,,,,,,,,,,,,,,,,,,,,,0,0,1,,None,,2589.517133300018,,,,,None,,0,,,2025.2.4,,,1,2589.507008900051,2591.018820300058,,,None,None,2589.5179195667192,2590.000323800021,,,452,0,2026-08-24_22:04:35.196992,452,3,localizer,,None,,,None,,452,452,0,452,,,,,,hand,Main,Hand,
2594.434767000028,2595.684528300015,1.25,,,10,2595.684582900023,2595.6846113000065,,,hammer,7,7,,,,,,,,,,,,,,,,,,,,,,,,,,,,,,None,,,None,2026-08-24_21h21.25.115,46,TSRlearn_localizer-concepts,2026-08-24 21h21.26.458819 +0200,,2592.9492309000343,2594.448907200014,2595.735280600027,,,,60.01601227522506,2592.1696508000023,2592.9492309000343,,,2592.1567162000574,2592.918590700021,,,hammer\hammer_46.jpg,,,,,,,,,,,,,,,,,,,,,,,0,0,1,,None,,2592.9492309000343,,,,,None,,0,,,2025.2.4,,,1,2592.9369108000537,2594.4346764000366,,,None,None,2592.9499188333366,2593.4670989000006,,,453,0,2026-08-24_22:04:38.603850,453,4,localizer,,None,,,None,,453,453,0,453,,,,,,hammer,Marteau,Hammer,
2598.0002652000403,2598.899981800001,0.89,,,10,2598.900038700027,2598.9000684000202,,,bread,3,3,,,,,,,,,,,,,,,,,,,,,,,,,,,,,,None,,,None,2026-08-24_21h21.25.115,28,TSRlearn_localizer-concepts,2026-08-24 21h21.26.458819 +0200,,2596.498539500055,2598.014581800031,2598.932769900013,,,,60.01601227522506,2595.735280600027,2596.498539500055,,,2595.71684790001,2596.484074100037,,,bread\bread_28.jpg,,,,,,,,,,,,,,,,,,,,,,,0,0,1,,None,,2596.498539500055,,,,,None,,0,,,2025.2.4,,,1,2596.487023500027,2598.000200600014,,,None,None,2596.4984542666975,2597.4150795000023,,,454,0,2026-08-24_22:04:42.169480,454,5,localizer,,None,,,None,,454,454,0,454,,,,,,bread,Pain,Brot,
2601.198792900017,2602.049213500053,0.84,,,10,2602.0492677,2602.0492966000456,,,bicycle,2,2,,,,,,,,,,,,,,,,,,,,,,,,,,,,,,None,,,None,2026-08-24_21h21.25.115,7,TSRlearn_localizer-concepts,2026-08-24 21h21.26.458819 +0200,,2599.6992831000243,2601.2136426000507,2602.0836756000062,,,,60.01601227522506,2598.932769900013,2599.6992831000243,,,2598.918313900009,2599.6839385000058,,,bicycle\bicycle_07.jpg,,,,,,,,,,,,,,,,,,,,,,,0,0,1,,None,,2599.6992831000243,,,,,None,,0,,,2025.2.4,,,1,2599.6861408000113,2601.1987342000357,,,None,None,2599.6986628666677,2600.397154800012,,,455,0,2026-08-24_22:04:45.366969,455,6,localizer,,None,,,None,,455,455,0,455,,,,,,bicycle,Vélo,Fahrrad,
2604.347786200058,2605.473383500008,1.12,,,10,2605.473439800029,2605.4734691000194,,,flower,6,6,,,,,,,,,,,,,,,,,,,,,,,,,,,,,,None,,,None,2026-08-24_21h21.25.115,1,TSRlearn_localizer-concepts,2026-08-24 21h21.26.458819 +0200,,2602.846607500047,2604.3628822000464,2605.497292700049,,,,60.01601227522506,2602.0836756000062,2602.846607500047,,,2602.075470700045,2602.8321436000406,,,flower\flower_01.jpg,,,,,,,,,,,,,,,,,,,,,,,0,0,1,,None,,2602.846607500047,,,,,None,,0,,,2025.2.4,,,1,2602.834772000031,2604.347728200024,,,None,None,2602.8467357666855,2603.7463761000545,,,456,0,2026-08-24_22:04:48.517875,456,7,localizer,,None,,,None,,456,456,0,456,,,,,,flower,Fleur,Blume,
2607.7633348000236,2608.596729000041,0.83,,,10,2608.596785600006,2608.5968153000576,,,hammer,7,7,,,,,,,,,,,,,,,,,,,,,,,,,,,,,,None,,,None,2026-08-24_21h21.25.115,29,TSRlearn_localizer-concepts,2026-08-24 21h21.26.458819 +0200,,2606.262192400056,2607.7778371000313,2608.629238400026,,,,60.01601227522506,2605.497292700049,2606.262192400056,,,2605.4888981000404,2606.247839800024,,,hammer\hammer_29.jpg,,,,,,,,,,,,,,,,,,,,,,,0,0,1,,None,,2606.262192400056,,,,,None,,0,,,2025.2.4,,,1,2606.251148200012,2607.763276700047,,,None,None,2606.2622654666816,2606.7784397000214,,,457,0,2026-08-24_22:04:51.931492,457,8,localizer,,None,,,None,,457,457,0,457,,,,,,hammer,Marteau,Hammer,
2610.8956648000167,2611.963242800033,1.06,,,10,2611.963302600023,2611.9633409000235,,,hand,8,8,,,,,,,,,,,,,,,,,,,,,,,,,,,,,,None,,,None,2026-08-24_21h21.25.115,15,TSRlearn_localizer-concepts,2026-08-24 21h21.26.458819 +0200,,2609.394397700031,2610.91049150005,2611.995466900058,,,,60.01601227522506,2608.629238400026,2609.394397700031,,,2608.622778800025,2609.3796569000115,,,hand\hand_15.jpg,,,,,,,,,,,,,,,,,,,,,,,0,0,1,,None,,2609.394397700031,,,,,None,,0,,,2025.2.4,,,1,2609.3827917000162,2610.8956060000346,,,None,None,2609.394422866699,2609.8945479000104,,,458,0,2026-08-24_22:04:55.063437,458,9,localizer,,None,,,None,,458,458,0,458,,,,,,hand,Main,Hand,
2614.2617955000023,2615.3613428000244,1.1,,,10,2615.3613975000335,2615.3614265000215,,,house,9,9,,,,,,,,,,,,,,,,,,,,,,,,,,,,,,None,,,None,2026-08-24_21h21.25.115,1,TSRlearn_localizer-concepts,2026-08-24 21h21.26.458819 +0200,,2612.7599735000404,2614.2764158000355,2615.394202700001,,,,60.01601227522506,2611.995466900058,2612.7599735000404,,,2611.9850256000063,2612.7452848000103,,,house\house_01.jpg,,,,,,,,,,,,,,,,,,,,,,,0,0,1,,None,,2612.7599735000404,,,,,None,,0,,,2025.2.4,,,1,2612.7494560000487,2614.261735100008,,,None,None,2612.7601164666744,2613.3101826000493,,,459,0,2026-08-24_22:04:58.429666,459,10,localizer,,None,,,None,,459,459,0,459,,,,,,house,Maison,Haus,
2617.6603668000316,2618.442887000041,0.77,,,10,2618.442942900001,2618.442972000048,,,chair,4,4,,,,,,,,,,,,,,,,,,,,,,,,,,,,,,None,,,None,2026-08-24_21h21.25.115,13,TSRlearn_localizer-concepts,2026-08-24 21h21.26.458819 +0200,,2616.1590190000134,2617.674618100049,2618.4929744000547,,,,60.01601227522506,2615.394202700001,2616.1590190000134,,,2615.380939800001,2616.1450903000077,,,chair\chair_13.jpg,,,,,,,,,,,,,,,,,,,,,,,0,0,1,,None,,2616.1590190000134,,,,,None,,0,,,2025.2.4,,,1,2616.14810010005,2617.660309100058,,,None,None,2616.1595756667125,2617.0750477000256,,,460,0,2026-08-24_22:05:01.828402,460,11,localizer,,None,,,None,,460,460,0,460,,,,,,chair,Chaise,Stuhl,
2620.7593289000215,2621.609365900047,0.84,,,10,2621.609425600036,2621.6094570000423,,,jacket,10,10,,,,,,,,,,,,,,,,,,,,,,,,,,,,,,None,,,None,2026-08-24_21h21.25.115,24,TSRlearn_localizer-concepts,2026-08-24 21h21.26.458819 +0200,,2619.2742625000537,2620.773680000042,2621.658998400031,,,,60.01601227522506,2618.4929744000547,2619.2742625000537,,,2618.4782439000555,2619.2426508000353,,,jacket\jacket_24.jpg,,,,,,,,,,,,,,,,,,,,,,,0,0,1,,None,,2619.2742625000537,,,,,None,,0,,,2025.2.4,,,1,2619.2593891000142,2620.7592663000105,,,None,None,2619.274140133356,2619.8076334000216,,,461,0,2026-08-24_22:05:04.927173,461,12,localizer,,None,,,None,,461,461,0,461,,,,,,jacket,Veste,Jacke,
2623.909111500019,2625.0747921,1.15,,,10,2625.074850200035,2625.0748794000247,,,bread,3,3,,,,,,,,,,,,,,,,,,,,,,,,,,,,,,None,,,None,2026-08-24_21h21.25.115,23,TSRlearn_localizer-concepts,2026-08-24 21h21.26.458819 +0200,,2622.4236749000265,2623.924089700042,2625.1308335000067,,,,60.01601227522506,2621.658998400031,2622.4236749000265,,,2621.642240700021,2622.4087853000383,,,bread\bread_23.jpg,,,,,,,,,,,,,,,,,,,,,,,0,0,1,,None,,2622.4236749000265,,,,,None,,0,,,2025.2.4,,,1,2622.4127336000092,2623.9090491000097,,,None,None,2622.4235451666796,2623.3395782000152,,,462,0,2026-08-24_22:05:08.093198,462,13,localizer,,None,,,None,,462,462,0,462,,,,,,bread,Pain,Brot,
2627.391002300021,2628.5575966000324,1.16,,,10,2628.5576663000393,2628.557708200009,,,chair,4,4,,,,,,,,,,,,,,,,,,,,,,,,,,,,,,None,,,None,2026-08-24_21h21.25.115,50,TSRlearn_localizer-concepts,2026-08-24 21h21.26.458819 +0200,,2625.8899514000514,2627.4054109000135,2628.6084455000237,,,,60.01601227522506,2625.1308335000067,2625.8899514000514,,,2625.1128842000035,2625.8748105000122,,,chair\chair_50.jpg,,,,,,,,,,,,,,,,,,,,,,,0,0,1,,None,,2625.8899514000514,,,,,None,,0,,,2025.2.4,,,1,2625.8780127000064,2627.390938400058,,,None,None,2625.8894694667,2626.805213200045,,,463,0,2026-08-24_22:05:11.565032,463,14,localizer,,None,,,None,,463,463,0,463,,,,,,chair,Chaise,Stuhl,
2630.873566000024,2631.923059200053,1.05,,,10,2631.923126400041,2631.923162900028,,,flower,6,6,,,,,,,,,,,,,,,,,,,,,,,,,,,,,,None,,,None,2026-08-24_21h21.25.115,7,TSRlearn_localizer-concepts,2026-08-24 21h21.26.458819 +0200,,2629.3732172000455,2630.888439500006,2631.973997000023,,,,60.01601227522506,2628.6084455000237,2629.3732172000455,,,2628.5929442000343,2629.358251800004,,,flower\flower_07.jpg,,,,,,,,,,,,,,,,,,,,,,,0,0,1,,None,,2629.3732172000455,,,,,None,,0,,,2025.2.4,,,1,2629.361284200044,2630.8734998000436,,,None,None,2629.3719683666754,2630.271356000041,,,464,0,2026-08-24_22:05:15.042645,464,15,localizer,,None,,,None,,464,464,0,464,,,,,,flower,Fleur,Blume,
2634.2257508000475,2635.0732025000034,0.84,,,10,2635.073257000011,2635.073286300001,,,hand,8,8,,,,,,,,,,,,,,,,,,,,,,,,,,,,,,None,,,None,2026-08-24_21h21.25.115,17,TSRlearn_localizer-concepts,2026-08-24 21h21.26.458819 +0200,,2632.738803800021,2634.2384889000095,2635.1238228,,,,60.01601227522506,2631.973997000023,2632.738803800021,,,2631.955544800032,2632.722732000053,,,hand\hand_17.jpg,,,,,,,,,,,,,,,,,,,,,,,0,0,1,,None,,2632.738803800021,,,,,None,,0,,,2025.2.4,,,1,2632.7265491000144,2634.225651100045,,,None,None,2632.7373035667156,2633.2203593000304,,,465,0,2026-08-24_22:05:18.408196,465,16,localizer,,None,,,None,,465,465,0,465,,,,,,hand,Main,Hand,
2637.389338900044,2638.188826300029,0.8,,,10,2638.188881600043,2638.1889112000354,,,bicycle,2,2,,,,,,,,,,,,,,,,,,,,,,,,,,,,,,None,,,None,2026-08-24_21h21.25.115,42,TSRlearn_localizer-concepts,2026-08-24 21h21.26.458819 +0200,,2635.8881797000067,2637.4038953000563,2638.255539100035,,,,60.01601227522506,2635.1238228,2635.8881797000067,,,2635.1055608000024,2635.8738085000077,,,bicycle\bicycle_42.jpg,,,,,,,,,,,,,,,,,,,,,,,0,0,1,,None,,2635.8881797000067,,,,,None,,0,,,2025.2.4,,,1,2635.876098500041,2637.3892815000145,,,None,None,2635.888221466685,2636.587546900031,,,466,0,2026-08-24_22:05:21.558022,466,17,localizer,,None,,,None,,466,466,0,466,,,,,,bicycle,Vélo,Fahrrad,
2640.521918100014,2641.4059767000144,0.88,,,10,2641.406068500015,2641.4061127000023,,,dog,5,5,,,,,,,,,,,,,,,,,,,,,,,,,,,,,,None,,,None,2026-08-24_21h21.25.115,25,TSRlearn_localizer-concepts,2026-08-24 21h21.26.458819 +0200,,2639.020156600047,2640.5368945000228,2641.454941700038,,,,60.01601227522506,2638.255539100035,2639.020156600047,,,2638.237548300007,2639.0057257000008,,,dog\dog_25.jpg,,,,,,,,,,,,,,,,,,,,,,,0,0,1,,None,,2639.020156600047,,,,,None,,0,,,2025.2.4,,,1,2639.0095590000274,2640.5218544000527,,,None,None,2639.020329466676,2639.5035063000396,,,467,0,2026-08-24_22:05:24.689738,467,18,localizer,,None,,,None,,467,467,0,467,,,,,,dog,Chien,Hund,
2643.721111800056,2644.6209503000136,0.9,,,10,2644.621008200047,2644.621042600018,,,ball,1,1,,,,,,,,,,,,,,,,,,,,,,,,,,,,,,None,,,None,2026-08-24_21h21.25.115,26,TSRlearn_localizer-concepts,2026-08-24 21h21.26.458819 +0200,,2642.219050900021,2643.7356572000426,2644.6703922000015,,,,60.01601227522506,2641.454941700038,2642.219050900021,,,2641.4319901000126,2642.20513810002,,,ball\ball_26.jpg,,,,,,,,,,,,,,,,,,,,,,,0,0,1,,None,,2642.219050900021,,,,,None,,0,,,2025.2.4,,,1,2642.21235300001,2643.721048800042,,,None,None,2642.2198026666924,2643.0039423000417,,,468,0,2026-08-24_22:05:27.889141,468,19,localizer,,None,,,None,,468,468,0,468,,,,,,ball,Ballon,Ball,
2647.136655600043,2648.1693779000198,1.03,,,10,2648.1694320000242,2648.1694614000153,,,jacket,10,7,,,,,,,,,,,,,,,,,,,,,,,,,,,,,,None,,,r,2026-08-24_21h21.25.115,13,TSRlearn_localizer-concepts,2026-08-24 21h21.26.458819 +0200,,2645.4506406,2647.1508518000483,2648.2189878000063,,,,60.01601227522506,2644.6703922000015,2645.4506406,,,2644.65320120001,2645.4209253000445,,,jacket\jacket_13.jpg,,,,,,,,,,,,,,,,,,,,,,,0,1,1,,None,,2645.4506406,,,,,right,,0,,,2025.2.4,,,1,2645.4371081000427,2647.136597600009,,,None,None,2645.452028833338,2645.9683773000143,,,469,0,2026-08-24_22:05:31.104591,469,20,localizer,,None,,,None,,469,469,0,469,,,,,,hammer,Marteau,Hammer,
2650.486140700057,2651.568124200043,1.08,,,10,2651.568180100003,2651.5682094000513,,,ball,1,1,,,,,,,,,,,,,,,,,,,,,,,,,,,,,,None,,,None,2026-08-24_21h21.25.115,27,TSRlearn_localizer-concepts,2026-08-24 21h21.26.458819 +0200,,2648.9838775000535,2650.5018454000237,2651.630489000003,,,,60.01601227522506,2648.2189878000063,2648.9838775000535,,,2648.2064982000156,2648.969398800051,,,ball\ball_27.jpg,,,,,,,,,,,,,,,,,,,,,,,0,0,1,,None,,2648.9838775000535,,,,,None,,0,,,2025.2.4,,,1,2648.972065100039,2650.486079400056,,,None,None,2648.9839389667072,2649.7670249000075,,,470,0,2026-08-24_22:05:34.653187,470,21,localizer,,None,,,None,,470,470,0,470,,,,,,ball,Ballon,Ball,
2653.882945600024,2655.1151768000564,1.22,,,10,2655.115232400014,2655.1152617000043,,,bread,3,3,,,,,,,,,,,,,,,,,,,,,,,,,,,,,,None,,,None,2026-08-24_21h21.25.115,27,TSRlearn_localizer-concepts,2026-08-24 21h21.26.458819 +0200,,2652.380774600024,2653.8967648000107,2655.1478744000196,,,,60.01601227522506,2651.630489000003,2652.380774600024,,,2651.6232487000525,2652.365976500034,,,bread\bread_27.jpg,,,,,,,,,,,,,,,,,,,,,,,0,0,1,,None,,2652.380774600024,,,,,None,,0,,,2025.2.4,,,1,2652.3690405000234,2653.8828794000437,,,None,None,2652.380769666696,2653.297236400016,,,471,0,2026-08-24_22:05:38.064688,471,22,localizer,,None,,,None,,471,471,0,471,,,,,,bread,Pain,Brot,
2657.4146655000513,2658.6469767000526,1.23,,,10,2658.6470310000004,2658.647059800045,,,ball,1,1,,,,,,,,,,,,,,,,,,,,,,,,,,,,,,None,,,None,2026-08-24_21h21.25.115,40,TSRlearn_localizer-concepts,2026-08-24 21h21.26.458819 +0200,,2655.9129315000027,2657.429068300058,2658.6801520000445,,,,60.01601227522506,2655.1478744000196,2655.9129315000027,,,2655.141014200053,2655.898819400056,,,ball\ball_40.jpg,,,,,,,,,,,,,,,,,,,,,,,0,0,1,,None,,2655.9129315000027,,,,,None,,0,,,2025.2.4,,,1,2655.901384000026,2657.414607200015,,,None,None,2655.9134691666736,2656.6960751000443,,,472,0,2026-08-24_22:05:41.582073,472,23,localizer,,None,,,None,,472,472,0,472,,,,,,ball,Ballon,Ball,
2660.948928900005,2662.0470746000065,1.09,,,10,2662.0471280000056,2662.0471564000472,,,house,9,9,,,,,,,,,,,,,,,,,,,,,,,,,,,,,,None,,,None,2026-08-24_21h21.25.115,25,TSRlearn_localizer-concepts,2026-08-24 21h21.26.458819 +0200,,2659.447430400003,2660.9644989000517,2662.079575300042,,,,60.01601227522506,2658.6801520000445,2659.447430400003,,,2658.6728476000135,2659.4327910000575,,,house\house_25.jpg,,,,,,,,,,,,,,,,,,,,,,,0,0,1,,None,,2659.447430400003,,,,,None,,0,,,2025.2.4,,,1,2659.4372975000297,2660.94886210002,,,None,None,2659.447454966667,2659.978809500055,,,473,0,2026-08-24_22:05:45.114351,473,24,localizer,,None,,,None,,473,473,0,473,,,,,,house,Maison,Haus,
2664.346095100045,2665.1795365000144,0.82,,,10,2665.179592200031,2665.1796202000114,,,bicycle,2,2,,,,,,,,,,,,,,,,,,,,,,,,,,,,,,None,,,None,2026-08-24_21h21.25.115,28,TSRlearn_localizer-concepts,2026-08-24 21h21.26.458819 +0200,,2662.8445597000537,2664.360301000008,2665.2123707000283,,,,60.01601227522506,2662.079575300042,2662.8445597000537,,,2662.069091900019,2662.8297442000476,,,bicycle\bicycle_28.jpg,,,,,,,,,,,,,,,,,,,,,,,0,0,1,,None,,2662.8445597000537,,,,,None,,0,,,2025.2.4,,,1,2662.832830700034,2664.3460374000133,,,None,None,2662.844239666713,2663.560522500018,,,474,0,2026-08-24_22:05:48.513774,474,25,localizer,,None,,,None,,474,474,0,474,,,,,,bicycle,Vélo,Fahrrad,
2667.4780604000553,2668.661987600033,1.18,,,10,2668.662041500036,2668.662070200022,,,hammer,7,7,,,,,,,,,,,,,,,,,,,,,,,,,,,,,,None,,,None,2026-08-24_21h21.25.115,40,TSRlearn_localizer-concepts,2026-08-24 21h21.26.458819 +0200,,2665.9768487000256,2667.4928683000035,2668.711829600041,,,,60.01601227522506,2665.2123707000283,2665.9768487000256,,,2665.195966100029,2665.963188600028,,,hammer\hammer_40.jpg,,,,,,,,,,,,,,,,,,,,,,,0,0,1,,None,,2665.9768487000256,,,,,None,,0,,,2025.2.4,,,1,2665.9674836000195,2667.4780009000096,,,None,None,2665.9777780667105,2666.493026400043,,,475,0,2026-08-24_22:05:51.646570,475,26,localizer,,None,,,None,,475,475,0,475,,,,,,hammer,Marteau,Hammer,
2670.9778684000485,2671.859996700019,0.87,,,10,2671.860051800031,2671.860080000013,,,house,9,9,,,,,,,,,,,,,,,,,,,,,,,,,,,,,,None,,,None,2026-08-24_21h21.25.115,24,TSRlearn_localizer-concepts,2026-08-24 21h21.26.458819 +0200,,2669.4754384000553,2670.991646300012,2671.9318936000345,,,,60.01601227522506,2668.711829600041,2669.4754384000553,,,2668.6928237000247,2669.461277500028,,,house\house_24.jpg,,,,,,,,,,,,,,,,,,,,,,,0,0,1,,None,,2669.4754384000553,,,,,None,,0,,,2025.2.4,,,1,2669.465888100036,2670.9778098000097,,,None,None,2669.475520166689,2670.0254692000453,,,476,0,2026-08-24_22:05:55.146029,476,27,localizer,,None,,,None,,476,476,0,476,,,,,,house,Maison,Haus,
2674.1928396000294,2675.0758195000235,0.88,,,10,2675.0758742000326,2675.0759027000167,,,flower,6,6,,,,,,,,,,,,,,,,,,,,,,,,,,,,,,None,,,None,2026-08-24_21h21.25.115,42,TSRlearn_localizer-concepts,2026-08-24 21h21.26.458819 +0200,,2672.691248200019,2674.207270700019,2675.1109483000473,,,,60.01601227522506,2671.9318936000345,2672.691248200019,,,2671.904996600002,2672.67720570002,,,flower\flower_42.jpg,,,,,,,,,,,,,,,,,,,,,,,0,0,1,,None,,2672.691248200019,,,,,None,,0,,,2025.2.4,,,1,2672.680023300054,2674.1927803000435,,,None,None,2672.691766266715,2673.593004900031,,,477,0,2026-08-24_22:05:58.366093,477,28,localizer,,None,,,None,,477,477,0,477,,,,,,flower,Fleur,Blume,
2677.37504720001,2678.4251317000017,1.05,,,10,2678.4251874000183,2678.425216500007,,,dog,5,5,,,,,,,,,,,,,,,,,,,,,,,,,,,,,,None,,,None,2026-08-24_21h21.25.115,39,TSRlearn_localizer-concepts,2026-08-24 21h21.26.458819 +0200,,2675.8903605000232,2677.389472800016,2678.4747155000223,,,,60.01601227522506,2675.1109483000473,2675.8903605000232,,,2675.0908249000204,2675.8598034000024,,,dog\dog_39.jpg,,,,,,,,,,,,,,,,,,,,,,,0,0,1,,None,,2675.8903605000232,,,,,None,,0,,,2025.2.4,,,1,2675.8742112000473,2677.374979800021,,,None,None,2675.8743013666867,2676.374281400058,,,478,0,2026-08-24_22:06:01.545147,478,29,localizer,,None,,,None,,478,478,0,478,,,,,,dog,Chien,Hund,
2680.957448800036,2681.907563900051,0.94,,,10,2681.9076367000234,2681.907675100025,,,flower,6,9,,,,,,,,,,,,,,,,,,,,,,,,,,,,,,None,,,r,2026-08-24_21h21.25.115,5,TSRlearn_localizer-concepts,2026-08-24 21h21.26.458819 +0200,,2679.2390457,2680.9723006000277,2681.956950700027,,,,60.01601227522506,2678.4747155000223,2679.2390457,,,2678.4544002000475,2679.2243926000083,,,flower\flower_05.jpg,,,,,,,,,,,,,,,,,,,,,,,0,1,1,,None,,2679.2390457,,,,,left,,0,,,2025.2.4,,,1,2679.2285613000276,2680.9573903000564,,,None,None,2679.2389441666933,2679.7723573000403,,,479,0,2026-08-24_22:06:04.908915,479,30,localizer,,None,,,None,,479,479,0,479,,,,,,house,Maison,Haus,
2684.223432900035,2685.355716100021,1.13,,,10,2685.3557722000405,2685.3558016000316,,,bread,3,3,,,,,,,,,,,,,,,,,,,,,,,,,,,,,,None,,,None,2026-08-24_21h21.25.115,24,TSRlearn_localizer-concepts,2026-08-24 21h21.26.458819 +0200,,2682.7219690000056,2684.237462500052,2685.3883784000063,,,,60.01601227522506,2681.956950700027,2682.7219690000056,,,2681.9393145000213,2682.707385100017,,,bread\bread_24.jpg,,,,,,,,,,,,,,,,,,,,,,,0,0,1,,None,,2682.7219690000056,,,,,None,,0,,,2025.2.4,,,1,2682.710961100005,2684.2233738000505,,,None,None,2682.7218550667208,2683.6393714000005,,,480,0,2026-08-24_22:06:08.391150,480,31,localizer,,None,,,None,,480,480,0,480,,,,,,bread,Pain,Brot,
2687.6551096000476,2688.555085800006,0.89,,,10,2688.5551416000235,2688.5551705000107,,,bicycle,2,2,,,,,,,,,,,,,,,,,,,,,,,,,,,,,,None,,,None,2026-08-24_21h21.25.115,35,TSRlearn_localizer-concepts,2026-08-24 21h21.26.458819 +0200,,2686.153399600007,2687.6694402000285,2688.604918500001,,,,60.01601227522506,2685.3883784000063,2686.153399600007,,,2685.37635570002,2686.1387656000443,,,bicycle\bicycle_35.jpg,,,,,,,,,,,,,,,,,,,,,,,0,0,1,,None,,2686.153399600007,,,,,None,,0,,,2025.2.4,,,1,2686.141197900055,2687.6550499000004,,,None,None,2686.1534289667075,2686.853225400031,,,481,0,2026-08-24_22:06:11.822577,481,32,localizer,,None,,,None,,481,481,0,481,,,,,,bicycle,Vélo,Fahrrad,
2690.870566000056,2691.987183600024,1.11,,,10,2691.9872393000405,2691.9872692000354,,,jacket,10,10,,,,,,,,,,,,,,,,,,,,,,,,,,,,,,None,,,None,2026-08-24_21h21.25.115,10,TSRlearn_localizer-concepts,2026-08-24 21h21.26.458819 +0200,,2689.3853655000567,2690.8857087000506,2692.036634500022,,,,60.01601227522506,2688.604918500001,2689.3853655000567,,,2688.5915498000104,2689.3547494000522,,,jacket\jacket_10.jpg,,,,,,,,,,,,,,,,,,,,,,,0,0,1,,None,,2689.3853655000567,,,,,None,,0,,,2025.2.4,,,1,2689.3721822000225,2690.8705068000127,,,None,None,2689.3859180333757,2689.919619500055,,,482,0,2026-08-24_22:06:15.039118,482,33,localizer,,None,,,None,,482,482,0,482,,,,,,jacket,Veste,Jacke,
2694.303461100033,2695.46978460002,1.16,,,10,2695.4698404000374,2695.469869100023,,,dog,5,5,,,,,,,,,,,,,,,,,,,,,,,,,,,,,,None,,,None,2026-08-24_21h21.25.115,23,TSRlearn_localizer-concepts,2026-08-24 21h21.26.458819 +0200,,2692.802023300028,2694.31800150004,2695.502782800002,,,,60.01601227522506,2692.036634500022,2692.802023300028,,,2692.025187100051,2692.7876171000535,,,dog\dog_23.jpg,,,,,,,,,,,,,,,,,,,,,,,0,0,1,,None,,2692.802023300028,,,,,None,,0,,,2025.2.4,,,1,2692.7908268000465,2694.3033971000114,,,None,None,2692.8022037667147,2693.2849197000032,,,483,0,2026-08-24_22:06:18.470834,483,34,localizer,,None,,,None,,483,483,0,483,,,,,,dog,Chien,Hund,
2697.7680594000267,2698.6014342000126,0.83,,,10,2698.601489200024,2698.601517700008,,,hammer,7,7,,,,,,,,,,,,,,,,,,,,,,,,,,,,,,None,,,None,2026-08-24_21h21.25.115,16,TSRlearn_localizer-concepts,2026-08-24 21h21.26.458819 +0200,,2696.2670876000193,2697.782932400005,2698.634496500017,,,,60.01601227522506,2695.502782800002,2696.2670876000193,,,2695.489266800054,2696.2526172000216,,,hammer\hammer_16.jpg,,,,,,,,,,,,,,,,,,,,,,,0,0,1,,None,,2696.2670876000193,,,,,None,,0,,,2025.2.4,,,1,2696.255760400032,2697.7680011000484,,,None,None,2696.2673446667072,2696.7830275000306,,,484,0,2026-08-24_22:06:21.936982,484,35,localizer,,None,,,None,,484,484,0,484,,,,,,hammer,Marteau,Hammer,
2700.9027338000014,2702.0502019000123,1.14,,,10,2702.0502575000282,2702.0502860000124,,,flower,6,6,,,,,,,,,,,,,,,,,,,,,,,,,,,,,,None,,,None,2026-08-24_21h21.25.115,32,TSRlearn_localizer-concepts,2026-08-24 21h21.26.458819 +0200,,2699.3990979000228,2700.915737800009,2702.0997751000104,,,,60.01601227522506,2698.634496500017,2699.3990979000228,,,2698.6282398000476,2699.3846480000066,,,flower\flower_32.jpg,,,,,,,,,,,,,,,,,,,,,,,0,0,1,,None,,2699.3990979000228,,,,,None,,0,,,2025.2.4,,,1,2699.387836500013,2700.9026745000156,,,None,None,2699.3993711667176,2700.299720800016,,,485,0,2026-08-24_22:06:25.068696,485,36,localizer,,None,,,None,,485,485,0,485,,,,,,flower,Fleur,Blume,
2704.366566300043,2705.582611800055,1.21,,,10,2705.582668200019,2705.582697200007,,,chair,4,4,,,,,,,,,,,,,,,,,,,,,,,,,,,,,,None,,,None,2026-08-24_21h21.25.115,14,TSRlearn_localizer-concepts,2026-08-24 21h21.26.458819 +0200,,2702.8654876000364,2704.3828464000253,2705.615368000057,,,,60.01601227522506,2702.0997751000104,2702.8654876000364,,,2702.0902148000314,2702.84973050002,,,chair\chair_14.jpg,,,,,,,,,,,,,,,,,,,,,,,0,0,1,,None,,2702.8654876000364,,,,,None,,0,,,2025.2.4,,,1,2702.8526594000286,2704.3665076000034,,,None,None,2702.864576766679,2703.781757300021,,,486,0,2026-08-24_22:06:28.533974,486,37,localizer,,None,,,None,,486,486,0,486,,,,,,chair,Chaise,Stuhl,
2707.882111600018,2709.1156222000136,1.22,,,10,2709.1156769000227,2709.115706200013,,,dog,5,5,,,,,,,,,,,,,,,,,,,,,,,,,,,,,,None,,,None,2026-08-24_21h21.25.115,34,TSRlearn_localizer-concepts,2026-08-24 21h21.26.458819 +0200,,2706.3806959000067,2707.8964338000515,2709.1676836000406,,,,60.01601227522506,2705.615368000057,2706.3806959000067,,,2705.601810400025,2706.365701600036,,,dog\dog_34.jpg,,,,,,,,,,,,,,,,,,,,,,,0,0,1,,None,,2706.3806959000067,,,,,None,,0,,,2025.2.4,,,1,2706.3686186000123,2707.882051900029,,,None,None,2706.380389166709,2706.8635756000294,,,487,0,2026-08-24_22:06:32.049567,487,38,localizer,,None,,,None,,487,487,0,487,,,,,,dog,Chien,Hund,
2711.4151167000527,2712.2472592000267,0.83,,,10,2712.2473157000495,2712.2473456000444,,,chair,4,4,,,,,,,,,,,,,,,,,,,,,,,,,,,,,,None,,,None,2026-08-24_21h21.25.115,41,TSRlearn_localizer-concepts,2026-08-24 21h21.26.458819 +0200,,2709.9291994000087,2711.4297201000154,2712.2814260000014,,,,60.01601227522506,2709.1676836000406,2709.9291994000087,,,2709.1542491000146,2709.914708700031,,,chair\chair_41.jpg,,,,,,,,,,,,,,,,,,,,,,,0,0,1,,None,,2709.9291994000087,,,,,None,,0,,,2025.2.4,,,1,2709.918170800025,2711.415050300013,,,None,None,2709.9292725666933,2710.845332900004,,,488,0,2026-08-24_22:06:35.601883,488,39,localizer,,None,,,None,,488,488,0,488,,,,,,chair,Chaise,Stuhl,
2714.5470704000327,2715.3308260000194,0.78,,,10,2715.330880400026,2715.330909000011,,,ball,1,1,,,,,,,,,,,,,,,,,,,,,,,,,,,,,,None,,,None,2026-08-24_21h21.25.115,24,TSRlearn_localizer-concepts,2026-08-24 21h21.26.458819 +0200,,2713.044701100036,2714.5622113000136,2715.3793746000156,,,,60.01601227522506,2712.2814260000014,2713.044701100036,,,2712.265460100025,2713.0307959000347,,,ball\ball_24.jpg,,,,,,,,,,,,,,,,,,,,,,,0,0,1,,None,,2713.044701100036,,,,,None,,0,,,2025.2.4,,,1,2713.033691300021,2714.54701020004,,,None,None,2713.0453085667145,2713.8279720000573,,,489,0,2026-08-24_22:06:38.715625,489,40,localizer,,None,,,None,,489,489,0,489,,,,,,ball,Ballon,Ball,
2717.630753500038,2718.730238200049,1.1,,,10,2718.7302939000074,2718.7303328000125,,,house,9,9,,,,,,,,,,,,,,,,,,,,,,,,,,,,,,None,,,None,2026-08-24_21h21.25.115,19,TSRlearn_localizer-concepts,2026-08-24 21h21.26.458819 +0200,,2716.1441956000053,2717.6434201000375,2718.7799161000294,,,,60.01601227522506,2715.3793746000156,2716.1441956000053,,,2715.3610253000516,2716.1298124000314,,,house\house_19.jpg,,,,,,,,,,,,,,,,,,,,,,,0,0,1,,None,,2716.1441956000053,,,,,None,,0,,,2025.2.4,,,1,2716.1341341000516,2717.630689600017,,,None,None,2716.1443700667046,2716.6937945000245,,,490,0,2026-08-24_22:06:41.813574,490,41,localizer,,None,,,None,,490,490,0,490,,,,,,house,Maison,Haus,
2721.0314040000085,2721.9295088000363,0.9,,,10,2721.929569400032,2721.929600600037,,,jacket,10,10,,,,,,,,,,,,,,,,,,,,,,,,,,,,,,None,,,None,2026-08-24_21h21.25.115,1,TSRlearn_localizer-concepts,2026-08-24 21h21.26.458819 +0200,,2719.5605414000456,2721.0440320000052,2721.962775800028,,,,60.01601227522506,2718.7799161000294,2719.5605414000456,,,2718.760702700005,2719.5299645000487,,,jacket\jacket_01.jpg,,,,,,,,,,,,,,,,,,,,,,,0,0,1,,None,,2719.5605414000456,,,,,None,,0,,,2025.2.4,,,1,2719.548039300018,2721.031345400028,,,None,None,2719.5613726333913,2720.1110306000337,,,491,0,2026-08-24_22:06:45.214115,491,42,localizer,,None,,,None,,491,491,0,491,,,,,,jacket,Veste,Jacke,
2724.4459005000535,2725.4781535000075,1.03,,,10,2725.4782132000546,2725.478244100057,,,hammer,7,4,,,,,,,,,,,,,,,,,,,,,,,,,,,,,,None,,,r,2026-08-24_21h21.25.115,27,TSRlearn_localizer-concepts,2026-08-24 21h21.26.458819 +0200,,2722.7268501000362,2724.4597692000098,2725.5284687000094,,,,60.01601227522506,2721.962775800028,2722.7268501000362,,,2721.9485018000123,2722.712231200014,,,hammer\hammer_27.jpg,,,,,,,,,,,,,,,,,,,,,,,0,1,1,,None,,2722.7268501000362,,,,,right,,0,,,2025.2.4,,,1,2722.715491900046,2724.4458342000144,,,None,None,2722.726940566678,2723.6599139000173,,,492,0,2026-08-24_22:06:48.396975,492,43,localizer,,None,,,None,,492,492,0,492,,,,,,chair,Chaise,Stuhl,
2727.778276900004,2728.843448800035,1.06,,,10,2728.8435173000325,2728.843554400024,,,ball,1,1,,,,,,,,,,,,,,,,,,,,,,,,,,,,,,None,,,None,2026-08-24_21h21.25.115,37,TSRlearn_localizer-concepts,2026-08-24 21h21.26.458819 +0200,,2726.2923491000547,2727.7923690000316,2728.8938160000253,,,,60.01601227522506,2725.5284687000094,2726.2923491000547,,,2725.511487700045,2726.277776700037,,,ball\ball_37.jpg,,,,,,,,,,,,,,,,,,,,,,,0,0,1,,None,,2726.2923491000547,,,,,None,,0,,,2025.2.4,,,1,2726.280941600038,2727.7782068000524,,,None,None,2726.292477966698,2727.075528400019,,,493,0,2026-08-24_22:06:51.962668,493,44,localizer,,None,,,None,,493,493,0,493,,,,,,ball,Ballon,Ball,
2731.3595941000385,2732.393029100029,1.03,,,10,2732.393096500018,2732.3931271000183,,,hand,8,9,,,,,,,,,,,,,,,,,,,,,,,,,,,,,,None,,,r,2026-08-24_21h21.25.115,22,TSRlearn_localizer-concepts,2026-08-24 21h21.26.458819 +0200,,2729.6580611000536,2731.3742235000245,2732.426714400004,,,,60.01601227522506,2728.8938160000253,2729.6580611000536,,,2728.871424300014,2729.6437558000325,,,hand\hand_22.jpg,,,,,,,,,,,,,,,,,,,,,,,0,1,1,,None,,2729.6580611000536,,,,,right,,0,,,2025.2.4,,,1,2729.647890400025,2731.359532100032,,,None,None,2729.6585418666987,2730.1920144000323,,,494,0,2026-08-24_22:06:55.328015,494,45,localizer,,None,,,None,,494,494,0,494,,,,,,house,Maison,Haus,
2734.691074500035,2735.723024900013,1.03,,,10,2735.723080100026,2735.723109500017,,,bicycle,2,2,,,,,,,,,,,,,,,,,,,,,,,,,,,,,,None,,,None,2026-08-24_21h21.25.115,13,TSRlearn_localizer-concepts,2026-08-24 21h21.26.458819 +0200,,2733.1912169000134,2734.7057683000457,2735.7561379000545,,,,60.01601227522506,2732.426714400004,2733.1912169000134,,,2732.4111714000464,2733.175817600044,,,bicycle\bicycle_13.jpg,,,,,,,,,,,,,,,,,,,,,,,0,0,1,,None,,2733.1912169000134,,,,,None,,0,,,2025.2.4,,,1,2733.1780857000267,2734.6910055000335,,,None,None,2733.190393966685,2733.890640000056,,,495,0,2026-08-24_22:06:58.860914,495,46,localizer,,None,,,None,,495,495,0,495,,,,,,bicycle,Vélo,Fahrrad,
2738.005588800006,2739.237925000023,1.23,,,10,2739.2379812000436,2739.2380111000384,,,chair,4,4,,,,,,,,,,,,,,,,,,,,,,,,,,,,,,None,,,None,2026-08-24_21h21.25.115,20,TSRlearn_localizer-concepts,2026-08-24 21h21.26.458819 +0200,,2736.506047700008,2738.019845700008,2739.2713251000387,,,,60.01601227522506,2735.7561379000545,2736.506047700008,,,2735.7409157000366,2736.490784100024,,,chair\chair_20.jpg,,,,,,,,,,,,,,,,,,,,,,,0,0,1,,None,,2736.506047700008,,,,,None,,0,,,2025.2.4,,,1,2736.4942506000516,2738.0055128000095,,,None,None,2736.5055026667,2737.420722700015,,,496,0,2026-08-24_22:07:02.190337,496,47,localizer,,None,,,None,,496,496,0,496,,,,,,chair,Chaise,Stuhl,
2741.521637800033,2742.4874253000016,0.96,,,10,2742.4874843000434,2742.4875142000383,,,hand,8,8,,,,,,,,,,,,,,,,,,,,,,,,,,,,,,None,,,None,2026-08-24_21h21.25.115,32,TSRlearn_localizer-concepts,2026-08-24 21h21.26.458819 +0200,,2740.019776000001,2741.535613200045,2742.5383220000076,,,,60.01601227522506,2739.2713251000387,2740.019776000001,,,2739.2534710000036,2740.0068492000573,,,hand\hand_32.jpg,,,,,,,,,,,,,,,,,,,,,,,0,0,1,,None,,2740.019776000001,,,,,None,,0,,,2025.2.4,,,1,2740.0112389000133,2741.52157120005,,,None,None,2740.0215561667032,2740.519601600012,,,497,0,2026-08-24_22:07:05.705524,497,48,localizer,,None,,,None,,497,497,0,497,,,,,,hand,Main,Hand,
2744.789052600041,2745.8199527000543,1.02,,,10,2745.820007000002,2745.8200359000475,,,bread,3,3,,,,,,,,,,,,,,,,,,,,,,,,,,,,,,None,,,None,2026-08-24_21h21.25.115,9,TSRlearn_localizer-concepts,2026-08-24 21h21.26.458819 +0200,,2743.30193950003,2744.80315230001,2745.8694217000157,,,,60.01601227522506,2742.5383220000076,2743.30193950003,,,2742.5218512000283,2743.2878094000043,,,bread\bread_09.jpg,,,,,,,,,,,,,,,,,,,,,,,0,0,1,,None,,2743.30193950003,,,,,None,,0,,,2025.2.4,,,1,2743.2906652000383,2744.788988000015,,,None,None,2743.302296466722,2744.2193712000153,,,498,0,2026-08-24_22:07:08.972521,498,49,localizer,,None,,,None,,498,498,0,498,,,,,,bread,Pain,Brot,
2748.1354895000113,2748.9187580000143,0.78,,,10,2748.918817000056,2748.918849000009,,,jacket,10,10,,,,,,,,,,,,,,,,,,,,,,,,,,,,,,None,,,None,2026-08-24_21h21.25.115,26,TSRlearn_localizer-concepts,2026-08-24 21h21.26.458819 +0200,,2746.634281800012,2748.150554700056,2750.182996000047,,,,60.01601227522506,2745.8694217000157,2746.634281800012,,,2745.860995300056,2746.620499600016,,,jacket\jacket_26.jpg,,,,,,,,,,,,,,,,,,,,,,,0,0,1,,None,,2746.634281800012,,,,,None,,0,,,2025.2.4,,,1,2746.624699100037,2748.1354306000285,,,None,None,2746.6352333666914,2747.183937900001,,,499,0,2026-08-24_22:07:12.303621,499,50,localizer,,None,,,None,,499,499,0,499,,,,,,jacket,Veste,Jacke,
,,,,,,,,,,,,,,,,,,,,,,,,,,,,,665.700171500037,r,103.15474139997968,2750.182996000047,,,,,,,,,,,,,,2026-08-24_21h21.25.115,,TSRlearn_localizer-concepts,2026-08-24 21h21.26.458819 +0200,,,,,,,,60.01601227522506,,,,,,,,,,,2750.182996000047,,,,,,,,,,,,,,,2750.176414900052,3247.8114612000063,,,,,,,,,,,,,,,,,,0,,,2025.2.4,,,,,,,,,,,,,,,,,,,,,,,,,,,,,,,,,,,,,,
