19.7696 	DEBUG 	Fullscreen settings ignored as running in pilot mode.
19.7722 	INFO 	Loaded monitor calibration from ['2025_07_24 17:26']
20.2579 	INFO 	Using renderer 'AMD Radeon (TM) Graphics' for graphics
20.2580 	INFO 	OpenGL version supported by driver is 4..
20.3211 	EXP 	Created window1 = Window(allowGUI=False, allowStencil=False, autoLog=True, backendConf=UNKNOWN, backgroundFit=<method-wrapper '__getattribute__' of attributeSetter object at 0x000002B739B5FC70>, backgroundImage=<method-wrapper '__getattribute__' of attributeSetter object at 0x000002B739B5FC10>, bitsMode=UNKNOWN, blendMode='avg', bpc=(8, 8, 8), color=array([0., 0., 0.]), colorSpace='rgb', depthBits=8, fullscr=False, gamma=None, gammaErrorPolicy='raise', infoMsg=UNKNOWN, lms=UNKNOWN, monitor=<psychopy.monitors.calibTools.Monitor object at 0x000002B739BEC190>, multiSample=False, name='window1', numSamples=2, pos=[560.0, 240.0], screen=0, size=array([800, 600]), stencilBits=0, stereo=False, title='PsychoPy', units='height', useFBO=True, useRetina=False, viewOri=0.0, viewPos=None, viewScale=None, waitBlanking=True, winType='pyglet')
20.3212 	EXP 	window1: backgroundImage = ''
20.3213 	EXP 	window1: backgroundFit = 'none'
20.3885 	DEBUG 	TextBox2 loaded 1 chars with 0 blanks and 1 valid
20.4379 	DEBUG 	TextBox2 loaded 1 chars with 0 blanks and 1 valid
20.4860 	DEBUG 	TextBox2 loaded 1 chars with 0 blanks and 1 valid
20.5363 	DEBUG 	TextBox2 loaded 1 chars with 0 blanks and 1 valid
20.5858 	DEBUG 	TextBox2 loaded 1 chars with 0 blanks and 1 valid
20.6357 	DEBUG 	TextBox2 loaded 1 chars with 0 blanks and 1 valid
20.6849 	DEBUG 	TextBox2 loaded 1 chars with 0 blanks and 1 valid
20.7196 	DEBUG 	TextBox2 loaded 1 chars with 0 blanks and 1 valid
20.7523 	DEBUG 	TextBox2 loaded 1 chars with 0 blanks and 1 valid
20.7796 	DEBUG 	TextBox2 loaded 1 chars with 0 blanks and 1 valid
20.8079 	DEBUG 	TextBox2 loaded 1 chars with 0 blanks and 1 valid
20.8346 	DEBUG 	TextBox2 loaded 1 chars with 0 blanks and 1 valid
20.8699 	DEBUG 	TextBox2 loaded 1 chars with 0 blanks and 1 valid
20.8955 	DEBUG 	TextBox2 loaded 1 chars with 0 blanks and 1 valid
20.9239 	DEBUG 	TextBox2 loaded 1 chars with 0 blanks and 1 valid
20.9495 	DEBUG 	TextBox2 loaded 1 chars with 0 blanks and 1 valid
20.9804 	DEBUG 	TextBox2 loaded 1 chars with 0 blanks and 1 valid
21.0043 	DEBUG 	TextBox2 loaded 1 chars with 0 blanks and 1 valid
21.0278 	DEBUG 	TextBox2 loaded 1 chars with 0 blanks and 1 valid
21.0520 	DEBUG 	TextBox2 loaded 1 chars with 0 blanks and 1 valid
21.0762 	DEBUG 	TextBox2 loaded 1 chars with 0 blanks and 1 valid
21.0769 	DEBUG 	Uploading Texture Font fontname to graphics card
21.0790 	DEBUG 	Upload of Texture Font fontname complete
21.1144 	DEBUG 	TextBox2 loaded 1 chars with 0 blanks and 1 valid
21.1474 	DEBUG 	TextBox2 loaded 1 chars with 0 blanks and 1 valid
21.1738 	DEBUG 	TextBox2 loaded 1 chars with 0 blanks and 1 valid
21.1744 	DEBUG 	Uploading Texture Font fontname to graphics card
21.1754 	DEBUG 	Upload of Texture Font fontname complete
21.1791 	EXP 	window1: Attempting to measure frame rate of screen (0) ...
21.1792 	EXP 	window1: recordFrameIntervals = False
21.3700 	EXP 	window1: recordFrameIntervals = True
21.5536 	EXP 	Screen (0) actual frame rate measured at 59.97Hz
21.5536 	EXP 	window1: recordFrameIntervals = False
21.5887 	DEBUG 	TextBox2 loaded 1 chars with 0 blanks and 1 valid
21.6128 	DEBUG 	TextBox2 loaded 1 chars with 0 blanks and 1 valid
21.6381 	DEBUG 	TextBox2 loaded 1 chars with 0 blanks and 1 valid
21.6657 	DEBUG 	TextBox2 loaded 1 chars with 0 blanks and 1 valid
21.7097 	DEBUG 	TextBox2 loaded 1 chars with 0 blanks and 1 valid
21.7584 	DEBUG 	TextBox2 loaded 1 chars with 0 blanks and 1 valid
21.8043 	DEBUG 	TextBox2 loaded 1 chars with 0 blanks and 1 valid
21.8530 	DEBUG 	TextBox2 loaded 1 chars with 0 blanks and 1 valid
21.9010 	DEBUG 	TextBox2 loaded 1 chars with 0 blanks and 1 valid
21.9516 	DEBUG 	TextBox2 loaded 1 chars with 0 blanks and 1 valid
21.9525 	DEBUG 	Uploading Texture Font fontname to graphics card
21.9542 	DEBUG 	Upload of Texture Font fontname complete
22.3851 	INFO 	keyboard.Keyboard is using ptb backend.
22.3852 	EXP 	TSRlearn_localizer-concepts: status = STARTED
22.5374 	EXP 	Created instruction_part1 = TextStim(__class__=<class 'psychopy.visual.text.TextStim'>, alignHoriz=method-wrapper(...), alignText='center', alignVert=method-wrapper(...), anchorHoriz='center', anchorVert='center', antialias=True, autoDraw=False, autoLog=True, bold=False, color=array([1., 1., 1.]), colorSpace='rgb', contrast=1.0, depth=-1.0, draggable=False, flipHoriz=False, flipVert=False, font='Sans Sherif', fontFiles=[], height=0.025, italic=False, languageStyle='LTR', name='instruction_part1', opacity=1, ori=0.0, pos=array([0., 0.]), rgb=UNKNOWN, text='', units='height', win=Window(...), wrapWidth=1)
22.5391 	EXP 	Created instruction_part2 = TextStim(__class__=<class 'psychopy.visual.text.TextStim'>, alignHoriz=method-wrapper(...), alignText='center', alignVert=method-wrapper(...), anchorHoriz='center', anchorVert='center', antialias=True, autoDraw=False, autoLog=True, bold=False, color=array([1., 1., 1.]), colorSpace='rgb', contrast=1.0, depth=-1.0, draggable=False, flipHoriz=False, flipVert=False, font='Sans Sherif', fontFiles=[], height=0.025, italic=False, languageStyle='LTR', name='instruction_part2', opacity=1, ori=0.0, pos=array([0., 0.]), rgb=UNKNOWN, text='', units='height', win=Window(...), wrapWidth=1)
22.5409 	EXP 	Created instruction_part3 = TextStim(__class__=<class 'psychopy.visual.text.TextStim'>, alignHoriz=method-wrapper(...), alignText='center', alignVert=method-wrapper(...), anchorHoriz='center', anchorVert='center', antialias=True, autoDraw=False, autoLog=True, bold=False, color=array([1., 1., 1.]), colorSpace='rgb', contrast=1.0, depth=-1.0, draggable=False, flipHoriz=False, flipVert=False, font='Sans Sherif', fontFiles=[], height=0.025, italic=False, languageStyle='LTR', name='instruction_part3', opacity=1, ori=0.0, pos=array([0., 0.]), rgb=UNKNOWN, text='', units='height', win=Window(...), wrapWidth=1)
22.5425 	EXP 	Created instruction_part4 = TextStim(__class__=<class 'psychopy.visual.text.TextStim'>, alignHoriz=method-wrapper(...), alignText='center', alignVert=method-wrapper(...), anchorHoriz='center', anchorVert='center', antialias=True, autoDraw=False, autoLog=True, bold=False, color=array([1., 1., 1.]), colorSpace='rgb', contrast=1.0, depth=-1.0, draggable=False, flipHoriz=False, flipVert=False, font='Sans Sherif', fontFiles=[], height=0.025, italic=False, languageStyle='LTR', name='instruction_part4', opacity=1, ori=0.0, pos=array([0., 0.]), rgb=UNKNOWN, text='', units='height', win=Window(...), wrapWidth=1)
22.5518 	EXP 	Created image_prc = ImageStim(__class__=<class 'psychopy.visual.image.ImageStim'>, anchor=('center', 'center'), autoLog=True, color=array([1., 1., 1.]), colorSpace='rgb', contrast=1.0, depth=0.0, draggable=False, flipHoriz=False, flipVert=False, image='default.png', interpolate=True, mask=None, maskParams=None, name='image_prc', opacity=1, ori=0.0, pos=array([0., 0.]), size=array([0.2, 0.2]), texRes=128.0, units='height', win=Window(...))
22.7372 	INFO 	Loaded psychtoolbox audio version 3.0.19.696976569
22.9838 	WARNING 	No default speaker specified in Preferences / Hardware, using first speaker found: Lautsprecher (Realtek(R) Audio)
22.9839 	DEBUG 	Found speaker device: Lautsprecher (Realtek(R) Audio) (4.0)
23.2492 	INFO 	Created stream for speaker device: Lautsprecher (Realtek(R) Audio) (4.0)
23.2518 	EXP 	spoken_word_prc: sampleRate = 48000
23.2518 	EXP 	spoken_word_prc: channels = None
23.2672 	DEBUG 	Converted audio clip from mono to stereo
23.2766 	EXP 	Sound spoken_word_prc set volume 1.000
23.2889 	EXP 	Created fix_cross_prc = TextStim(__class__=<class 'psychopy.visual.text.TextStim'>, alignHoriz=method-wrapper(...), alignText='center', alignVert=method-wrapper(...), anchorHoriz='center', anchorVert='center', antialias=True, autoDraw=False, autoLog=True, bold=False, color=array([1., 1., 1.]), colorSpace='rgb', contrast=1.0, depth=-2.0, draggable=False, flipHoriz=False, flipVert=False, font='Sans Sherif', fontFiles=[], height=0.03, italic=False, languageStyle='LTR', name='fix_cross_prc', opacity=1, ori=0.0, pos=array([0., 0.]), rgb=UNKNOWN, text='+', units='height', win=Window(...), wrapWidth=1)
23.2922 	EXP 	Created fix_cross_2_prc = TextStim(__class__=<class 'psychopy.visual.text.TextStim'>, alignHoriz=method-wrapper(...), alignText='center', alignVert=method-wrapper(...), anchorHoriz='center', anchorVert='center', antialias=True, autoDraw=False, autoLog=True, bold=False, color=array([1., 1., 1.]), colorSpace='rgb', contrast=1.0, depth=0.0, draggable=False, flipHoriz=False, flipVert=False, font='Sans Sherif', fontFiles=[], height=0.03, italic=False, languageStyle='LTR', name='fix_cross_2_prc', opacity=1, ori=0.0, pos=array([0., 0.]), rgb=UNKNOWN, text='+', units='height', win=Window(...), wrapWidth=1)
23.2943 	EXP 	Created instruction_startexp = TextStim(__class__=<class 'psychopy.visual.text.TextStim'>, alignHoriz=method-wrapper(...), alignText='center', alignVert=method-wrapper(...), anchorHoriz='center', anchorVert='center', antialias=True, autoDraw=False, autoLog=True, bold=False, color=array([1., 1., 1.]), colorSpace='rgb', contrast=1.0, depth=-1.0, draggable=False, flipHoriz=False, flipVert=False, font='Sans Sherif', fontFiles=[], height=0.025, italic=False, languageStyle='LTR', name='instruction_startexp', opacity=1, ori=0.0, pos=array([0., 0.]), rgb=UNKNOWN, text='', units='height', win=Window(...), wrapWidth=1)
23.2965 	EXP 	Created instruction_startexp_2 = TextStim(__class__=<class 'psychopy.visual.text.TextStim'>, alignHoriz=method-wrapper(...), alignText='center', alignVert=method-wrapper(...), anchorHoriz='center', anchorVert='center', antialias=True, autoDraw=False, autoLog=True, bold=False, color=array([1., 1., 1.]), colorSpace='rgb', contrast=1.0, depth=-1.0, draggable=False, flipHoriz=False, flipVert=False, font='Sans Sherif', fontFiles=[], height=0.025, italic=False, languageStyle='LTR', name='instruction_startexp_2', opacity=1, ori=0.0, pos=array([0., 0.]), rgb=UNKNOWN, text='', units='height', win=Window(...), wrapWidth=1)
23.3040 	EXP 	Created image = ImageStim(__class__=<class 'psychopy.visual.image.ImageStim'>, anchor=('center', 'center'), autoLog=True, color=array([1., 1., 1.]), colorSpace='rgb', contrast=1.0, depth=-3.0, draggable=False, flipHoriz=False, flipVert=False, image='default.png', interpolate=True, mask=None, maskParams=None, name='image', opacity=1, ori=0.0, pos=array([0., 0.]), size=array([0.2, 0.2]), texRes=128.0, units='height', win=Window(...))
23.3691 	WARNING 	No default speaker specified in Preferences / Hardware, using first speaker found: Lautsprecher (Realtek(R) Audio)
23.3692 	DEBUG 	Found speaker device: Lautsprecher (Realtek(R) Audio) (4.0)
23.3991 	INFO 	Created stream for speaker device: Lautsprecher (Realtek(R) Audio) (4.0)
23.4015 	EXP 	spoken_word: sampleRate = 48000
23.4016 	EXP 	spoken_word: channels = None
23.4119 	DEBUG 	Converted audio clip from mono to stereo
23.4197 	EXP 	Sound spoken_word set volume 1.000
23.4230 	EXP 	Created fix_cross = TextStim(__class__=<class 'psychopy.visual.text.TextStim'>, alignHoriz=method-wrapper(...), alignText='center', alignVert=method-wrapper(...), anchorHoriz='center', anchorVert='center', antialias=True, autoDraw=False, autoLog=True, bold=False, color=array([1., 1., 1.]), colorSpace='rgb', contrast=1.0, depth=-4.0, draggable=False, flipHoriz=False, flipVert=False, font='Sans Sherif', fontFiles=[], height=0.03, italic=False, languageStyle='LTR', name='fix_cross', opacity=1, ori=0.0, pos=array([0., 0.]), rgb=UNKNOWN, text='+', units='height', win=Window(...), wrapWidth=1)
23.4256 	EXP 	Created fix_cross_2 = TextStim(__class__=<class 'psychopy.visual.text.TextStim'>, alignHoriz=method-wrapper(...), alignText='center', alignVert=method-wrapper(...), anchorHoriz='center', anchorVert='center', antialias=True, autoDraw=False, autoLog=True, bold=False, color=array([1., 1., 1.]), colorSpace='rgb', contrast=1.0, depth=-3.0, draggable=False, flipHoriz=False, flipVert=False, font='Sans Sherif', fontFiles=[], height=0.03, italic=False, languageStyle='LTR', name='fix_cross_2', opacity=1, ori=0.0, pos=array([0., 0.]), rgb=UNKNOWN, text='+', units='height', win=Window(...), wrapWidth=1)
23.4272 	EXP 	Created breaks_instruction = TextStim(__class__=<class 'psychopy.visual.text.TextStim'>, alignHoriz=method-wrapper(...), alignText='center', alignVert=method-wrapper(...), anchorHoriz='center', anchorVert='center', antialias=True, autoDraw=False, autoLog=True, bold=False, color=array([1., 1., 1.]), colorSpace='rgb', contrast=1.0, depth=-3.0, draggable=False, flipHoriz=False, flipVert=False, font='Sans Sherif', fontFiles=[], height=0.025, italic=False, languageStyle='LTR', name='breaks_instruction', opacity=1, ori=0.0, pos=array([0., 0.]), rgb=UNKNOWN, text='', units='height', win=Window(...), wrapWidth=1)
23.4379 	EXP 	Created progress_bar_breaks = Progress(__class__=<class 'psychopy.visual.progress.Progress'>, anchor=('left', 'center'), autoDraw=False, autoLog=True, closeShape=True, color=method-wrapper(...), colorSpace='rgb', contrast=None, depth=-6, draggable=False, fillColor=array([0, 0, 0]), fillColorSpace='rgb', fillRGB=array([0, 0, 0]), interpolate=True, lineColor=array([1., 1., 1.]), lineColorSpace='rgb', lineRGB=array([1, 1, 1]), lineWidth=4.0, name='progress_bar_breaks', opacity=1.0, ori=0.0, pos=array([-0.2 , -0.07]), size=array([0.4  , 0.015]), units='height', vertices=ndarray(...), win=Window(...), windingRule=None)
23.4405 	EXP 	Created progress_bar_breaksBar = ShapeStim(__class__=<class 'psychopy.visual.shape.ShapeStim'>, anchor=('left', 'center'), autoDraw=False, autoLog=True, closeShape=True, color=method-wrapper(...), colorSpace='rgb', contrast=None, depth=-6, draggable=False, fillColor=array([1, 1, 1]), fillColorSpace='rgb', fillRGB=array([1, 1, 1]), interpolate=True, lineColor=array([0., 0., 0.]), lineColorSpace='rgb', lineRGB=array([0, 0, 0]), lineWidth=1.5, name='progress_bar_breaksBar', opacity=1.0, ori=0.0, pos=array([-0.2 , -0.07]), size=array([0.4  , 0.015]), units='height', vertices=ndarray(...), win=Window(...), windingRule=None)
23.4424 	EXP 	Created instruction_continuebreak = TextStim(__class__=<class 'psychopy.visual.text.TextStim'>, alignHoriz=method-wrapper(...), alignText='center', alignVert=method-wrapper(...), anchorHoriz='center', anchorVert='center', antialias=True, autoDraw=False, autoLog=True, bold=False, color=array([1., 1., 1.]), colorSpace='rgb', contrast=1.0, depth=-8.0, draggable=False, flipHoriz=False, flipVert=False, font='Sans Sherif', fontFiles=[], height=0.025, italic=False, languageStyle='LTR', name='instruction_continuebreak', opacity=1, ori=0.0, pos=array([0., 0.]), rgb=UNKNOWN, text='', units='height', win=Window(...), wrapWidth=1)
23.4439 	EXP 	Created instruction_end = TextStim(__class__=<class 'psychopy.visual.text.TextStim'>, alignHoriz=method-wrapper(...), alignText='center', alignVert=method-wrapper(...), anchorHoriz='center', anchorVert='center', antialias=True, autoDraw=False, autoLog=True, bold=False, color=array([1., 1., 1.]), colorSpace='rgb', contrast=1.0, depth=-2.0, draggable=False, flipHoriz=False, flipVert=False, font='Sans Sherif', fontFiles=[], height=0.025, italic=False, languageStyle='LTR', name='instruction_end', opacity=1, ori=0.0, pos=array([0., 0.]), rgb=UNKNOWN, text='', units='height', win=Window(...), wrapWidth=1)
2026-08-03_16:34:18.117217 	DATA 	Mouse: Left button down, pos=(350,232)
2026-08-03_16:34:18.117759 	DATA 	Mouse:  Left button up, pos=(350,232)
2026-08-03_16:34:18.124398 	EXP 	progress_bar_breaks: direction = 'horizontal'
2026-08-03_16:34:18.124398 	EXP 	progress_bar_breaks: progress = 0.0
2026-08-03_16:34:18.190512 	EXP 	instruction_part1: height = 0.025
2026-08-03_16:34:18.190512 	EXP 	instruction_part1: height = 0.025
2026-08-03_16:34:18.190512 	EXP 	instruction_part1: height = 0.025
2026-08-03_16:34:18.190512 	EXP 	instruction_part1: text = 'Willkommen zum ersten Teil des Experiments.\nIn diesem Teil sehen Sie verschiedene Bilder\nund hören Wörter.\nIhre Aufgabe ist es zu entscheiden, ob die Wörter\ndie Dinge beschreiben, die Sie auf den Bildern sehen.\n\n[Drücken Sie eine beliebige Taste, um fortzufahren.]'
2026-08-03_16:34:18.190512 	EXP 	instruction_part1: autoDraw = True
2026-08-03_16:34:18.641834 	INFO 	Keyboard events cleared
2026-08-03_16:34:19.429436 	EXP 	Device response: <KeyPress from None: t=1.2858762000105344, value=r, duration=None>
2026-08-03_16:34:19.430584 	DATA 	Keypress: r
2026-08-03_16:34:19.511726 	EXP 	Device response: <KeyPress from None: t=1.2858762000105344, value=r, duration=0.09534130000974983>
2026-08-03_16:34:19.540607 	EXP 	instruction_part1: autoDraw = False
2026-08-03_16:34:19.540607 	EXP 	instruction_part2: height = 0.025
2026-08-03_16:34:19.540607 	EXP 	instruction_part2: height = 0.025
2026-08-03_16:34:19.540607 	EXP 	instruction_part2: height = 0.025
2026-08-03_16:34:19.540607 	EXP 	instruction_part2: text = 'Sie sehen zuerst ein Bild.\nDanach hören Sie ein gesprochenes Wort.\nEntscheiden Sie, ob das Wort zu dem Bild passt oder nicht.\n\n[Drücken Sie eine beliebige Taste, um fortzufahren.]'
2026-08-03_16:34:19.540607 	EXP 	instruction_part2: autoDraw = True
2026-08-03_16:34:20.036616 	INFO 	Keyboard events cleared
2026-08-03_16:34:20.246444 	EXP 	Device response: <KeyPress from None: t=2.1194302000221796, value=r, duration=None>
2026-08-03_16:34:20.247332 	DATA 	Keypress: r
2026-08-03_16:34:20.345229 	EXP 	Device response: <KeyPress from None: t=2.1194302000221796, value=r, duration=0.09369869995862246>
2026-08-03_16:34:20.390171 	EXP 	instruction_part2: autoDraw = False
2026-08-03_16:34:20.390171 	EXP 	instruction_part3: height = 0.025
2026-08-03_16:34:20.390171 	EXP 	instruction_part3: height = 0.025
2026-08-03_16:34:20.390171 	EXP 	instruction_part3: height = 0.025
2026-08-03_16:34:20.390171 	EXP 	instruction_part3: text = 'Wenn das Wort nicht zu dem Bild passt, reagieren Sie bitte sofort.\nDrücken Sie die obere Taste (rot), wenn das Wort\nnicht zu dem Bild passt, das Sie gerade gesehen haben.\n\nWenn das Wort zu dem Bild passt, drücken Sie keine Taste.\n\nDas Fixationskreuz verändert kurz seine Farbe,\num anzuzeigen, ob Ihre Antwort richtig war.\n\n[Drücken Sie eine beliebige Taste, um fortzufahren.]'
2026-08-03_16:34:20.390171 	EXP 	instruction_part3: autoDraw = True
2026-08-03_16:34:20.858225 	INFO 	Keyboard events cleared
2026-08-03_16:34:20.995436 	EXP 	Device response: <KeyPress from None: t=2.875039700011257, value=r, duration=None>
2026-08-03_16:34:20.996279 	DATA 	Keypress: r
2026-08-03_16:34:21.095050 	EXP 	Device response: <KeyPress from None: t=2.875039700011257, value=r, duration=0.0958348999847658>
2026-08-03_16:34:21.123773 	EXP 	instruction_part3: autoDraw = False
2026-08-03_16:34:21.123773 	EXP 	instruction_part4: height = 0.025
2026-08-03_16:34:21.123773 	EXP 	instruction_part4: height = 0.025
2026-08-03_16:34:21.123773 	EXP 	instruction_part4: height = 0.025
2026-08-03_16:34:21.123773 	EXP 	instruction_part4: text = 'Bitte antworten Sie so schnell und genau wie möglich.\nWir beginnen nun mit einigen Übungsdurchgängen.\nNutzen Sie die obere Taste (rot) für Nicht-Übereinstimmungen.\n\n[Drücken Sie eine beliebige Taste, um fortzufahren.]'
2026-08-03_16:34:21.123773 	EXP 	instruction_part4: autoDraw = True
2026-08-03_16:34:21.528737 	EXP 	Device response: <KeyPress from None: t=3.4059131999965757, value=r, duration=None>
2026-08-03_16:34:21.529558 	DATA 	Keypress: r
2026-08-03_16:34:21.607916 	INFO 	Keyboard events cleared
2026-08-03_16:34:21.611551 	EXP 	Device response: <KeyPress from None: t=3.4059131999965757, value=r, duration=0.08730519999517128>
2026-08-03_16:34:21.720256 	DEBUG 	Read excel file with openpyxl: sequences/localiser_trials_prc.xlsx
2026-08-03_16:34:21.722206 	EXP 	Imported sequences/localiser_trials_prc.xlsx as conditions, 11 conditions, 8 params
2026-08-03_16:34:21.722651 	EXP 	New trial (rep=0, index=0): <Trial 0 (0 in rep 0) data={'image_shown': 'anchor.jpg', 'word_shown_german': 'Anker', 'word_shown_french': 'ancre', 'word_shown_english': 'anchor', 'ITI_length': 0.75, 'correct_response': 'y', 'match_idx': 1, 'nonmatch_pres_side': 'right', 'thisN': 0, 'thisTrialN': 0, 'thisRepN': 0}>
2026-08-03_16:34:21.781892 	EXP 	instruction_part4: autoDraw = False
2026-08-03_16:34:21.781892 	EXP 	image_prc: image = 'stimuli\\practice_images\\anchor.jpg'
2026-08-03_16:34:21.781892 	EXP 	image_prc: autoDraw = True
2026-08-03_16:34:22.534937 	EXP 	spoken_word_prc: sampleRate = 44100
2026-08-03_16:34:22.541286 	INFO 	Resampled audio from 44100Hz to 48000Hz using method 'default'.
2026-08-03_16:34:22.541321 	DEBUG 	Converted audio clip from mono to stereo
2026-08-03_16:34:22.542357 	EXP 	Sound spoken_word_prc reached end of file
4.4415 	EXP 	Playing sound spoken_word_prc on speaker Lautsprecher (Realtek(R) Audio)
2026-08-03_16:34:22.556939 	INFO 	Keyboard events cleared
2026-08-03_16:34:22.556804 	EXP 	image_prc: autoDraw = False
2026-08-03_16:34:22.556804 	EXP 	image_prc: autoDraw = False
2026-08-03_16:34:22.556804 	EXP 	fix_cross_prc: foreColor = <psychopy.colors.Color: white, alpha=1.0>
2026-08-03_16:34:22.556804 	EXP 	fix_cross_prc: autoDraw = True
2026-08-03_16:34:23.092330 	EXP 	Sound spoken_word_prc reached end of file
2026-08-03_16:34:23.109971 	EXP 	Sound spoken_word_prc reached end of file
2026-08-03_16:34:24.056928 	EXP 	fix_cross_prc: foreColor = <psychopy.colors.Color: green, alpha=1.0>
2026-08-03_16:34:24.256909 	EXP 	fix_cross_prc: autoDraw = False
2026-08-03_16:34:24.256909 	EXP 	fix_cross_2_prc: autoDraw = True
2026-08-03_16:34:24.995256 	EXP 	New trial (rep=0, index=1): <Trial 1 (1 in rep 0) data={'image_shown': 'ant.jpg', 'word_shown_german': 'Ameise', 'word_shown_french': 'fourmi', 'word_shown_english': 'ant', 'ITI_length': 0.89, 'correct_response': 'r', 'match_idx': 1, 'nonmatch_pres_side': 'left', 'thisN': 1, 'thisTrialN': 1, 'thisRepN': 0}>
2026-08-03_16:34:25.059529 	EXP 	fix_cross_2_prc: autoDraw = False
2026-08-03_16:34:25.059529 	EXP 	fix_cross_2_prc: autoDraw = False
2026-08-03_16:34:25.059529 	EXP 	image_prc: image = 'stimuli\\practice_images\\ant.jpg'
2026-08-03_16:34:25.059529 	EXP 	image_prc: autoDraw = True
2026-08-03_16:34:25.310958 	DATA 	Mouse: Left button down, pos=(350,232)
2026-08-03_16:34:25.429780 	DATA 	Mouse:  Left button up, pos=(350,232)
2026-08-03_16:34:25.813948 	EXP 	spoken_word_prc: sampleRate = 44100
2026-08-03_16:34:25.825913 	INFO 	Resampled audio from 44100Hz to 48000Hz using method 'default'.
2026-08-03_16:34:25.825967 	DEBUG 	Converted audio clip from mono to stereo
2026-08-03_16:34:25.826898 	EXP 	Sound spoken_word_prc reached end of file
7.7241 	EXP 	Playing sound spoken_word_prc on speaker Lautsprecher (Realtek(R) Audio)
2026-08-03_16:34:25.838994 	INFO 	Keyboard events cleared
2026-08-03_16:34:25.838861 	EXP 	image_prc: autoDraw = False
2026-08-03_16:34:25.838861 	EXP 	image_prc: autoDraw = False
2026-08-03_16:34:25.838861 	EXP 	fix_cross_prc: foreColor = <psychopy.colors.Color: white, alpha=1.0>
2026-08-03_16:34:25.838861 	EXP 	fix_cross_prc: autoDraw = True
2026-08-03_16:34:26.543232 	EXP 	Sound spoken_word_prc reached end of file
2026-08-03_16:34:26.560348 	EXP 	Sound spoken_word_prc reached end of file
2026-08-03_16:34:27.339071 	EXP 	fix_cross_prc: foreColor = <psychopy.colors.Color: green, alpha=1.0>
2026-08-03_16:34:27.541317 	EXP 	fix_cross_prc: autoDraw = False
2026-08-03_16:34:27.541317 	EXP 	fix_cross_2_prc: autoDraw = True
2026-08-03_16:34:28.426730 	EXP 	New trial (rep=0, index=2): <Trial 2 (2 in rep 0) data={'image_shown': 'axe.jpg', 'word_shown_german': 'Pferd', 'word_shown_french': 'cheval', 'word_shown_english': 'horse', 'ITI_length': 0.85, 'correct_response': 'y', 'match_idx': 0, 'nonmatch_pres_side': 'left', 'thisN': 2, 'thisTrialN': 2, 'thisRepN': 0}>
2026-08-03_16:34:28.491183 	EXP 	fix_cross_2_prc: autoDraw = False
2026-08-03_16:34:28.491183 	EXP 	fix_cross_2_prc: autoDraw = False
2026-08-03_16:34:28.491183 	EXP 	image_prc: image = 'stimuli\\practice_images\\axe.jpg'
2026-08-03_16:34:28.491183 	EXP 	image_prc: autoDraw = True
2026-08-03_16:34:29.248156 	EXP 	spoken_word_prc: sampleRate = 44100
2026-08-03_16:34:29.252201 	INFO 	Resampled audio from 44100Hz to 48000Hz using method 'default'.
2026-08-03_16:34:29.252245 	DEBUG 	Converted audio clip from mono to stereo
2026-08-03_16:34:29.253112 	EXP 	Sound spoken_word_prc reached end of file
11.1393 	EXP 	Playing sound spoken_word_prc on speaker Lautsprecher (Realtek(R) Audio)
2026-08-03_16:34:29.271404 	INFO 	Keyboard events cleared
2026-08-03_16:34:29.271272 	EXP 	image_prc: autoDraw = False
2026-08-03_16:34:29.271272 	EXP 	image_prc: autoDraw = False
2026-08-03_16:34:29.271272 	EXP 	fix_cross_prc: foreColor = <psychopy.colors.Color: white, alpha=1.0>
2026-08-03_16:34:29.271272 	EXP 	fix_cross_prc: autoDraw = True
2026-08-03_16:34:29.797145 	EXP 	Sound spoken_word_prc reached end of file
2026-08-03_16:34:29.808545 	EXP 	Sound spoken_word_prc reached end of file
2026-08-03_16:34:30.754754 	EXP 	fix_cross_prc: foreColor = <psychopy.colors.Color: red, alpha=1.0>
2026-08-03_16:34:30.971745 	EXP 	fix_cross_prc: autoDraw = False
2026-08-03_16:34:30.971745 	EXP 	fix_cross_2_prc: autoDraw = True
2026-08-03_16:34:31.809548 	EXP 	New trial (rep=0, index=3): <Trial 3 (3 in rep 0) data={'image_shown': 'bus.jpg', 'word_shown_german': 'Bus', 'word_shown_french': 'bus', 'word_shown_english': 'bus', 'ITI_length': 1.01, 'correct_response': 'y', 'match_idx': 1, 'nonmatch_pres_side': 'right', 'thisN': 3, 'thisTrialN': 3, 'thisRepN': 0}>
2026-08-03_16:34:31.874220 	EXP 	fix_cross_2_prc: autoDraw = False
2026-08-03_16:34:31.874220 	EXP 	fix_cross_2_prc: autoDraw = False
2026-08-03_16:34:31.874220 	EXP 	image_prc: image = 'stimuli\\practice_images\\bus.jpg'
2026-08-03_16:34:31.874220 	EXP 	image_prc: autoDraw = True
2026-08-03_16:34:32.631394 	EXP 	spoken_word_prc: sampleRate = 44100
2026-08-03_16:34:32.637930 	INFO 	Resampled audio from 44100Hz to 48000Hz using method 'default'.
2026-08-03_16:34:32.637970 	DEBUG 	Converted audio clip from mono to stereo
2026-08-03_16:34:32.639175 	EXP 	Sound spoken_word_prc reached end of file
14.5381 	EXP 	Playing sound spoken_word_prc on speaker Lautsprecher (Realtek(R) Audio)
2026-08-03_16:34:32.654314 	INFO 	Keyboard events cleared
2026-08-03_16:34:32.654138 	EXP 	image_prc: autoDraw = False
2026-08-03_16:34:32.654138 	EXP 	image_prc: autoDraw = False
2026-08-03_16:34:32.654138 	EXP 	fix_cross_prc: foreColor = <psychopy.colors.Color: white, alpha=1.0>
2026-08-03_16:34:32.654138 	EXP 	fix_cross_prc: autoDraw = True
2026-08-03_16:34:33.109741 	EXP 	Sound spoken_word_prc reached end of file
2026-08-03_16:34:33.125216 	EXP 	Sound spoken_word_prc reached end of file
2026-08-03_16:34:34.153846 	EXP 	fix_cross_prc: foreColor = <psychopy.colors.Color: green, alpha=1.0>
2026-08-03_16:34:34.370931 	EXP 	fix_cross_prc: autoDraw = False
2026-08-03_16:34:34.370931 	EXP 	fix_cross_2_prc: autoDraw = True
2026-08-03_16:34:35.375085 	EXP 	New trial (rep=0, index=4): <Trial 4 (4 in rep 0) data={'image_shown': 'ball.jpg', 'word_shown_german': 'Gesicht', 'word_shown_french': 'visage', 'word_shown_english': 'face', 'ITI_length': 1.04, 'correct_response': 'r', 'match_idx': 0, 'nonmatch_pres_side': 'right', 'thisN': 4, 'thisTrialN': 4, 'thisRepN': 0}>
2026-08-03_16:34:35.438984 	EXP 	fix_cross_2_prc: autoDraw = False
2026-08-03_16:34:35.438984 	EXP 	fix_cross_2_prc: autoDraw = False
2026-08-03_16:34:35.438984 	EXP 	image_prc: image = 'stimuli\\practice_images\\ball.jpg'
2026-08-03_16:34:35.438984 	EXP 	image_prc: autoDraw = True
2026-08-03_16:34:36.197178 	EXP 	spoken_word_prc: sampleRate = 44100
2026-08-03_16:34:36.201322 	INFO 	Resampled audio from 44100Hz to 48000Hz using method 'default'.
2026-08-03_16:34:36.201373 	DEBUG 	Converted audio clip from mono to stereo
2026-08-03_16:34:36.202427 	EXP 	Sound spoken_word_prc reached end of file
18.0873 	EXP 	Playing sound spoken_word_prc on speaker Lautsprecher (Realtek(R) Audio)
2026-08-03_16:34:36.219203 	INFO 	Keyboard events cleared
2026-08-03_16:34:36.219030 	EXP 	image_prc: autoDraw = False
2026-08-03_16:34:36.219030 	EXP 	image_prc: autoDraw = False
2026-08-03_16:34:36.219030 	EXP 	fix_cross_prc: foreColor = <psychopy.colors.Color: white, alpha=1.0>
2026-08-03_16:34:36.219030 	EXP 	fix_cross_prc: autoDraw = True
2026-08-03_16:34:36.815604 	EXP 	Sound spoken_word_prc reached end of file
2026-08-03_16:34:36.840153 	EXP 	Sound spoken_word_prc reached end of file
2026-08-03_16:34:37.719357 	EXP 	fix_cross_prc: foreColor = <psychopy.colors.Color: red, alpha=1.0>
2026-08-03_16:34:37.936074 	EXP 	fix_cross_prc: autoDraw = False
2026-08-03_16:34:37.936074 	EXP 	fix_cross_2_prc: autoDraw = True
2026-08-03_16:34:38.973578 	EXP 	New trial (rep=0, index=5): <Trial 5 (5 in rep 0) data={'image_shown': 'banana.jpg', 'word_shown_german': 'Banane', 'word_shown_french': 'banane', 'word_shown_english': 'banana', 'ITI_length': 0.99, 'correct_response': 'y', 'match_idx': 1, 'nonmatch_pres_side': 'right', 'thisN': 5, 'thisTrialN': 5, 'thisRepN': 0}>
2026-08-03_16:34:39.038397 	EXP 	fix_cross_2_prc: autoDraw = False
2026-08-03_16:34:39.038397 	EXP 	fix_cross_2_prc: autoDraw = False
2026-08-03_16:34:39.038397 	EXP 	image_prc: image = 'stimuli\\practice_images\\banana.jpg'
2026-08-03_16:34:39.038397 	EXP 	image_prc: autoDraw = True
2026-08-03_16:34:39.792130 	EXP 	spoken_word_prc: sampleRate = 44100
2026-08-03_16:34:39.801738 	INFO 	Resampled audio from 44100Hz to 48000Hz using method 'default'.
2026-08-03_16:34:39.801775 	DEBUG 	Converted audio clip from mono to stereo
2026-08-03_16:34:39.802708 	EXP 	Sound spoken_word_prc reached end of file
21.7027 	EXP 	Playing sound spoken_word_prc on speaker Lautsprecher (Realtek(R) Audio)
2026-08-03_16:34:39.817896 	INFO 	Keyboard events cleared
2026-08-03_16:34:39.817739 	EXP 	image_prc: autoDraw = False
2026-08-03_16:34:39.817739 	EXP 	image_prc: autoDraw = False
2026-08-03_16:34:39.817739 	EXP 	fix_cross_prc: foreColor = <psychopy.colors.Color: white, alpha=1.0>
2026-08-03_16:34:39.817739 	EXP 	fix_cross_prc: autoDraw = True
2026-08-03_16:34:40.447652 	EXP 	Sound spoken_word_prc reached end of file
2026-08-03_16:34:40.472189 	EXP 	Sound spoken_word_prc reached end of file
2026-08-03_16:34:41.317980 	EXP 	fix_cross_prc: foreColor = <psychopy.colors.Color: green, alpha=1.0>
2026-08-03_16:34:41.535491 	EXP 	fix_cross_prc: autoDraw = False
2026-08-03_16:34:41.535491 	EXP 	fix_cross_2_prc: autoDraw = True
2026-08-03_16:34:42.522159 	EXP 	New trial (rep=0, index=6): <Trial 6 (6 in rep 0) data={'image_shown': 'glasses.jpg', 'word_shown_german': 'Brille', 'word_shown_french': 'lunettes', 'word_shown_english': 'glasses', 'ITI_length': 0.79, 'correct_response': 'r', 'match_idx': 1, 'nonmatch_pres_side': 'left', 'thisN': 6, 'thisTrialN': 6, 'thisRepN': 0}>
2026-08-03_16:34:42.603544 	EXP 	fix_cross_2_prc: autoDraw = False
2026-08-03_16:34:42.603544 	EXP 	fix_cross_2_prc: autoDraw = False
2026-08-03_16:34:42.603544 	EXP 	image_prc: image = 'stimuli\\practice_images\\glasses.jpg'
2026-08-03_16:34:42.603544 	EXP 	image_prc: autoDraw = True
2026-08-03_16:34:43.361013 	EXP 	spoken_word_prc: sampleRate = 44100
2026-08-03_16:34:43.367387 	INFO 	Resampled audio from 44100Hz to 48000Hz using method 'default'.
2026-08-03_16:34:43.367422 	DEBUG 	Converted audio clip from mono to stereo
2026-08-03_16:34:43.368519 	EXP 	Sound spoken_word_prc reached end of file
25.2689 	EXP 	Playing sound spoken_word_prc on speaker Lautsprecher (Realtek(R) Audio)
2026-08-03_16:34:43.383558 	INFO 	Keyboard events cleared
2026-08-03_16:34:43.383390 	EXP 	image_prc: autoDraw = False
2026-08-03_16:34:43.383390 	EXP 	image_prc: autoDraw = False
2026-08-03_16:34:43.383390 	EXP 	fix_cross_prc: foreColor = <psychopy.colors.Color: white, alpha=1.0>
2026-08-03_16:34:43.383390 	EXP 	fix_cross_prc: autoDraw = True
2026-08-03_16:34:43.862529 	EXP 	Sound spoken_word_prc reached end of file
2026-08-03_16:34:43.886751 	EXP 	Sound spoken_word_prc reached end of file
2026-08-03_16:34:44.885308 	EXP 	fix_cross_prc: foreColor = <psychopy.colors.Color: green, alpha=1.0>
2026-08-03_16:34:45.084122 	EXP 	fix_cross_prc: autoDraw = False
2026-08-03_16:34:45.084122 	EXP 	fix_cross_2_prc: autoDraw = True
2026-08-03_16:34:45.871854 	EXP 	New trial (rep=0, index=7): <Trial 7 (7 in rep 0) data={'image_shown': 'basket.jpg', 'word_shown_german': 'Korb', 'word_shown_french': 'panier', 'word_shown_english': 'basket', 'ITI_length': 0.77, 'correct_response': 'y', 'match_idx': 1, 'nonmatch_pres_side': 'right', 'thisN': 7, 'thisTrialN': 7, 'thisRepN': 0}>
2026-08-03_16:34:45.936815 	EXP 	fix_cross_2_prc: autoDraw = False
2026-08-03_16:34:45.936815 	EXP 	fix_cross_2_prc: autoDraw = False
2026-08-03_16:34:45.936815 	EXP 	image_prc: image = 'stimuli\\practice_images\\basket.jpg'
2026-08-03_16:34:45.936815 	EXP 	image_prc: autoDraw = True
2026-08-03_16:34:46.689086 	EXP 	spoken_word_prc: sampleRate = 44100
2026-08-03_16:34:46.692496 	INFO 	Resampled audio from 44100Hz to 48000Hz using method 'default'.
2026-08-03_16:34:46.692521 	DEBUG 	Converted audio clip from mono to stereo
2026-08-03_16:34:46.693232 	EXP 	Sound spoken_word_prc reached end of file
28.5839 	EXP 	Playing sound spoken_word_prc on speaker Lautsprecher (Realtek(R) Audio)
2026-08-03_16:34:46.715947 	INFO 	Keyboard events cleared
2026-08-03_16:34:46.715799 	EXP 	image_prc: autoDraw = False
2026-08-03_16:34:46.715799 	EXP 	image_prc: autoDraw = False
2026-08-03_16:34:46.715799 	EXP 	fix_cross_prc: foreColor = <psychopy.colors.Color: white, alpha=1.0>
2026-08-03_16:34:46.715799 	EXP 	fix_cross_prc: autoDraw = True
2026-08-03_16:34:47.169782 	EXP 	Sound spoken_word_prc reached end of file
2026-08-03_16:34:47.188694 	EXP 	Sound spoken_word_prc reached end of file
2026-08-03_16:34:48.199437 	EXP 	fix_cross_prc: foreColor = <psychopy.colors.Color: green, alpha=1.0>
2026-08-03_16:34:48.416981 	EXP 	fix_cross_prc: autoDraw = False
2026-08-03_16:34:48.416981 	EXP 	fix_cross_2_prc: autoDraw = True
2026-08-03_16:34:49.187058 	EXP 	New trial (rep=0, index=8): <Trial 8 (8 in rep 0) data={'image_shown': 'bear.jpg', 'word_shown_german': 'Milch', 'word_shown_french': 'lait', 'word_shown_english': 'milk', 'ITI_length': 1.23, 'correct_response': 'r', 'match_idx': 0, 'nonmatch_pres_side': 'right', 'thisN': 8, 'thisTrialN': 8, 'thisRepN': 0}>
2026-08-03_16:34:49.251498 	EXP 	fix_cross_2_prc: autoDraw = False
2026-08-03_16:34:49.251498 	EXP 	fix_cross_2_prc: autoDraw = False
2026-08-03_16:34:49.251498 	EXP 	image_prc: image = 'stimuli\\practice_images\\bear.jpg'
2026-08-03_16:34:49.251498 	EXP 	image_prc: autoDraw = True
2026-08-03_16:34:49.856552 	DATA 	Mouse: Left button down, pos=(350,232)
2026-08-03_16:34:49.988039 	DATA 	Mouse:  Left button up, pos=(350,232)
2026-08-03_16:34:50.008482 	EXP 	spoken_word_prc: sampleRate = 44100
2026-08-03_16:34:50.014421 	INFO 	Resampled audio from 44100Hz to 48000Hz using method 'default'.
2026-08-03_16:34:50.014472 	DEBUG 	Converted audio clip from mono to stereo
2026-08-03_16:34:50.015584 	EXP 	Sound spoken_word_prc reached end of file
31.8997 	EXP 	Playing sound spoken_word_prc on speaker Lautsprecher (Realtek(R) Audio)
2026-08-03_16:34:50.031209 	INFO 	Keyboard events cleared
2026-08-03_16:34:50.031096 	EXP 	image_prc: autoDraw = False
2026-08-03_16:34:50.031096 	EXP 	image_prc: autoDraw = False
2026-08-03_16:34:50.031096 	EXP 	fix_cross_prc: foreColor = <psychopy.colors.Color: white, alpha=1.0>
2026-08-03_16:34:50.031096 	EXP 	fix_cross_prc: autoDraw = True
2026-08-03_16:34:50.559741 	EXP 	Sound spoken_word_prc reached end of file
2026-08-03_16:34:50.584496 	EXP 	Sound spoken_word_prc reached end of file
2026-08-03_16:34:51.514628 	EXP 	fix_cross_prc: foreColor = <psychopy.colors.Color: red, alpha=1.0>
2026-08-03_16:34:51.723032 	EXP 	fix_cross_prc: autoDraw = False
2026-08-03_16:34:51.723032 	EXP 	fix_cross_2_prc: autoDraw = True
2026-08-03_16:34:52.954174 	EXP 	New trial (rep=0, index=9): <Trial 9 (9 in rep 0) data={'image_shown': 'belt.jpg', 'word_shown_german': 'Gürtel', 'word_shown_french': 'ceinture', 'word_shown_english': 'belt', 'ITI_length': 1.1, 'correct_response': 'y', 'match_idx': 1, 'nonmatch_pres_side': 'left', 'thisN': 9, 'thisTrialN': 9, 'thisRepN': 0}>
2026-08-03_16:34:53.017041 	EXP 	fix_cross_2_prc: autoDraw = False
2026-08-03_16:34:53.017041 	EXP 	fix_cross_2_prc: autoDraw = False
2026-08-03_16:34:53.017041 	EXP 	image_prc: image = 'stimuli\\practice_images\\belt.jpg'
2026-08-03_16:34:53.017041 	EXP 	image_prc: autoDraw = True
2026-08-03_16:34:53.775616 	EXP 	spoken_word_prc: sampleRate = 48000
2026-08-03_16:34:53.777051 	DEBUG 	Converted audio clip from mono to stereo
2026-08-03_16:34:53.778201 	EXP 	Sound spoken_word_prc reached end of file
35.6653 	EXP 	Playing sound spoken_word_prc on speaker Lautsprecher (Realtek(R) Audio)
2026-08-03_16:34:53.799109 	INFO 	Keyboard events cleared
2026-08-03_16:34:53.798966 	EXP 	image_prc: autoDraw = False
2026-08-03_16:34:53.798966 	EXP 	image_prc: autoDraw = False
2026-08-03_16:34:53.798966 	EXP 	fix_cross_prc: foreColor = <psychopy.colors.Color: white, alpha=1.0>
2026-08-03_16:34:53.798966 	EXP 	fix_cross_prc: autoDraw = True
2026-08-03_16:34:54.348865 	EXP 	Sound spoken_word_prc reached end of file
2026-08-03_16:34:54.367625 	EXP 	Sound spoken_word_prc reached end of file
2026-08-03_16:34:55.323939 	EXP 	fix_cross_prc: foreColor = <psychopy.colors.Color: green, alpha=1.0>
2026-08-03_16:34:55.481333 	EXP 	fix_cross_prc: autoDraw = False
2026-08-03_16:34:55.481333 	EXP 	fix_cross_2_prc: autoDraw = True
2026-08-03_16:34:56.583815 	EXP 	New trial (rep=0, index=10): <Trial 10 (10 in rep 0) data={'image_shown': 'bike.jpg', 'word_shown_german': 'Fahrrad', 'word_shown_french': 'vélo', 'word_shown_english': 'bicycle', 'ITI_length': 1.25, 'correct_response': 'y', 'match_idx': 1, 'nonmatch_pres_side': 'left', 'thisN': 10, 'thisTrialN': 10, 'thisRepN': 0}>
2026-08-03_16:34:56.666244 	EXP 	fix_cross_2_prc: autoDraw = False
2026-08-03_16:34:56.666244 	EXP 	fix_cross_2_prc: autoDraw = False
2026-08-03_16:34:56.666244 	EXP 	image_prc: image = 'stimuli\\practice_images\\bike.jpg'
2026-08-03_16:34:56.666244 	EXP 	image_prc: autoDraw = True
2026-08-03_16:34:57.417955 	EXP 	spoken_word_prc: sampleRate = 48000
2026-08-03_16:34:57.419532 	DEBUG 	Converted audio clip from mono to stereo
2026-08-03_16:34:57.420651 	EXP 	Sound spoken_word_prc reached end of file
39.3139 	EXP 	Playing sound spoken_word_prc on speaker Lautsprecher (Realtek(R) Audio)
2026-08-03_16:34:57.430094 	INFO 	Keyboard events cleared
2026-08-03_16:34:57.429963 	EXP 	image_prc: autoDraw = False
2026-08-03_16:34:57.429963 	EXP 	image_prc: autoDraw = False
2026-08-03_16:34:57.429963 	EXP 	fix_cross_prc: foreColor = <psychopy.colors.Color: white, alpha=1.0>
2026-08-03_16:34:57.429963 	EXP 	fix_cross_prc: autoDraw = True
2026-08-03_16:34:58.118405 	EXP 	Sound spoken_word_prc reached end of file
2026-08-03_16:34:58.134497 	EXP 	Sound spoken_word_prc reached end of file
2026-08-03_16:34:58.928967 	EXP 	fix_cross_prc: foreColor = <psychopy.colors.Color: green, alpha=1.0>
2026-08-03_16:34:59.128974 	EXP 	fix_cross_prc: autoDraw = False
2026-08-03_16:34:59.128974 	EXP 	fix_cross_2_prc: autoDraw = True
2026-08-03_16:35:00.550587 	INFO 	saved data to C:\sync_folder\TSRlearn-task\psychopy_exp_files\data\0_TSRlearn_localizer-concepts_2026-08-03_16h34.08.565_trials_practice.csv
2026-08-03_16:35:00.577374 	EXP 	fix_cross_2_prc: autoDraw = False
2026-08-03_16:35:00.577374 	EXP 	fix_cross_2_prc: autoDraw = False
2026-08-03_16:35:00.577374 	EXP 	instruction_startexp: height = 0.025
2026-08-03_16:35:00.577374 	EXP 	instruction_startexp: height = 0.025
2026-08-03_16:35:00.577374 	EXP 	instruction_startexp: height = 0.025
2026-08-03_16:35:00.577374 	EXP 	instruction_startexp: text = 'Sie haben alle Übungsdurchgänge abgeschlossen.\n\nDie Hauptaufgabe beginnt jetzt.\n\nDrücken Sie immer die obere Taste (rot), wenn das Wort\nnicht zu dem vorherigen Bild passt.\n\n[Drücken Sie eine beliebige Taste, um weiterzumachen.]'
2026-08-03_16:35:00.577374 	EXP 	instruction_startexp: autoDraw = True
2026-08-03_16:35:00.879595 	INFO 	Keyboard events cleared
2026-08-03_16:35:06.483580 	DATA 	Mouse: Left button down, pos=(238,136)
2026-08-03_16:35:06.616556 	DATA 	Mouse:  Left button up, pos=(238,136)
2026-08-03_16:35:06.732863 	EXP 	Device response: <KeyPress from None: t=48.61614489997737, value=r, duration=None>
2026-08-03_16:35:06.734327 	DATA 	Keypress: r
2026-08-03_16:35:06.934202 	EXP 	Device response: <KeyPress from None: t=48.61614489997737, value=r, duration=0.1944385000388138>
2026-08-03_16:35:06.975600 	EXP 	instruction_startexp: autoDraw = False
2026-08-03_16:35:06.975600 	EXP 	instruction_startexp_2: height = 0.025
2026-08-03_16:35:06.975600 	EXP 	instruction_startexp_2: height = 0.025
2026-08-03_16:35:06.975600 	EXP 	instruction_startexp_2: height = 0.025
2026-08-03_16:35:06.975600 	EXP 	instruction_startexp_2: text = 'Das MEG-Signal ist sehr empfindlich gegenüber\nAugen- und Körperbewegungen. Bitte bewegen und blinzeln Sie\nwährend der Aufgabenblöcke so wenig wie möglich.\n\nNach jedem Block gibt es eine kurze Pause, in der Sie sich\nbewegen und ausruhen können.\n\nSobald die Aufgabe wieder beginnt, sitzen Sie bitte wieder still.\n\n[Drücken Sie eine beliebige Taste, um die Hauptaufgabe zu starten.]'
2026-08-03_16:35:06.975600 	EXP 	instruction_startexp_2: autoDraw = True
2026-08-03_16:35:07.282230 	EXP 	Device response: <KeyPress from None: t=49.16296169999987, value=r, duration=None>
2026-08-03_16:35:07.283591 	DATA 	Keypress: r
2026-08-03_16:35:07.382517 	EXP 	Device response: <KeyPress from None: t=49.16296169999987, value=r, duration=0.09825759998057038>
2026-08-03_16:35:07.444831 	INFO 	Keyboard events cleared
2026-08-03_16:35:07.498021 	EXP 	Device response: <KeyPress from None: t=49.37248580000596, value=r, duration=None>
2026-08-03_16:35:07.499363 	DATA 	Keypress: r
2026-08-03_16:35:07.565202 	EXP 	Device response: <KeyPress from None: t=49.37248580000596, value=r, duration=0.059406999964267015>
2026-08-03_16:35:07.683959 	DEBUG 	Read excel file with openpyxl: sequences/localizer_conditions_00_old.xlsx
2026-08-03_16:35:07.876520 	EXP 	Imported sequences/localizer_conditions_00_old.xlsx as conditions, 500 conditions, 15 params
2026-08-03_16:35:07.888528 	EXP 	New trial (rep=0, index=0): <Trial 0 (0 in rep 0) data={'block': 1, 'trial_in_block': 1, 'concept': 'hammer', 'concept_num': 7, 'concept_num_word': 7, 'exemplar_num': 47, 'image_shown': 'hammer\\hammer_47.jpg', 'word_shown_english': 'hammer', 'word_shown_german': 'Hammer', 'word_shown_french': 'Marteau', 'is_prompt': 1, 'is_mismatch': 0, 'ITI_length': 0.97, 'correct_response': None, 'nonmatch_pres_side': None, 'thisN': 0, 'thisTrialN': 0, 'thisRepN': 0}>
2026-08-03_16:35:07.967343 	EXP 	Device response: <KeyPress from None: t=49.60003259999212, value=r, duration=None>
2026-08-03_16:35:07.967401 	EXP 	Device response: <KeyPress from None: t=49.60003259999212, value=r, duration=0.05128980003064498>
2026-08-03_16:35:07.967445 	EXP 	Device response: <KeyPress from None: t=49.784307299996726, value=r, duration=None>
2026-08-03_16:35:07.967536 	EXP 	Device response: <KeyPress from None: t=49.784307299996726, value=r, duration=0.05960079998476431>
2026-08-03_16:35:07.970292 	DATA 	Keypress: r
2026-08-03_16:35:07.970683 	DATA 	Keypress: r
2026-08-03_16:35:08.004425 	EXP 	instruction_startexp_2: autoDraw = False
2026-08-03_16:35:08.004425 	EXP 	image: image = 'stimuli\\hammer\\hammer_47.jpg'
2026-08-03_16:35:08.004425 	EXP 	image: autoDraw = True
2026-08-03_16:35:08.114488 	EXP 	Device response: <KeyPress from None: t=49.98475339997094, value=r, duration=None>
2026-08-03_16:35:08.115062 	DATA 	Keypress: r
2026-08-03_16:35:08.165054 	EXP 	Device response: <KeyPress from None: t=49.98475339997094, value=r, duration=0.059685900050681084>
2026-08-03_16:35:08.282006 	EXP 	Device response: <KeyPress from None: t=50.152241399977356, value=r, duration=None>
2026-08-03_16:35:08.282601 	DATA 	Keypress: r
2026-08-03_16:35:08.349055 	EXP 	Device response: <KeyPress from None: t=50.152241399977356, value=r, duration=0.06511710002087057>
2026-08-03_16:35:08.754296 	EXP 	spoken_word: sampleRate = 44100
2026-08-03_16:35:08.758886 	INFO 	Resampled audio from 44100Hz to 48000Hz using method 'default'.
2026-08-03_16:35:08.758921 	DEBUG 	Converted audio clip from mono to stereo
2026-08-03_16:35:08.760138 	EXP 	Sound spoken_word reached end of file
50.6603 	EXP 	Playing sound spoken_word on speaker Lautsprecher (Realtek(R) Audio)
2026-08-03_16:35:08.775410 	INFO 	Keyboard events cleared
2026-08-03_16:35:08.775288 	EXP 	image: autoDraw = False
2026-08-03_16:35:08.775288 	EXP 	image: autoDraw = False
2026-08-03_16:35:08.775288 	EXP 	fix_cross: foreColor = <psychopy.colors.Color: white, alpha=1.0>
2026-08-03_16:35:08.775288 	EXP 	fix_cross: autoDraw = True
2026-08-03_16:35:09.265714 	EXP 	Sound spoken_word reached end of file
2026-08-03_16:35:09.281540 	EXP 	Sound spoken_word reached end of file
2026-08-03_16:35:10.260094 	EXP 	fix_cross: foreColor = <psychopy.colors.Color: green, alpha=1.0>
2026-08-03_16:35:10.276124 	EXP 	fix_cross: autoDraw = False
2026-08-03_16:35:10.276124 	EXP 	fix_cross: autoDraw = True
2026-08-03_16:35:10.293249 	EXP 	fix_cross: autoDraw = False
2026-08-03_16:35:10.293249 	EXP 	fix_cross: autoDraw = True
2026-08-03_16:35:10.309759 	EXP 	fix_cross: autoDraw = False
2026-08-03_16:35:10.309759 	EXP 	fix_cross: autoDraw = True
2026-08-03_16:35:10.326753 	EXP 	fix_cross: autoDraw = False
2026-08-03_16:35:10.326753 	EXP 	fix_cross: autoDraw = True
2026-08-03_16:35:10.343545 	EXP 	fix_cross: autoDraw = False
2026-08-03_16:35:10.343545 	EXP 	fix_cross: autoDraw = True
2026-08-03_16:35:10.359775 	EXP 	fix_cross: autoDraw = False
2026-08-03_16:35:10.359775 	EXP 	fix_cross: autoDraw = True
2026-08-03_16:35:10.385163 	EXP 	fix_cross: autoDraw = False
2026-08-03_16:35:10.385163 	EXP 	fix_cross: autoDraw = True
2026-08-03_16:35:10.414859 	EXP 	fix_cross: autoDraw = False
2026-08-03_16:35:10.414859 	EXP 	fix_cross: autoDraw = True
2026-08-03_16:35:10.441728 	EXP 	fix_cross: autoDraw = False
2026-08-03_16:35:10.441728 	EXP 	fix_cross: autoDraw = True
2026-08-03_16:35:10.459685 	EXP 	fix_cross: autoDraw = False
2026-08-03_16:35:10.459685 	EXP 	fix_cross: autoDraw = True
2026-08-03_16:35:10.476884 	EXP 	fix_cross: autoDraw = False
2026-08-03_16:35:10.476884 	EXP 	fix_cross: autoDraw = True
2026-08-03_16:35:10.476884 	EXP 	fix_cross: autoDraw = False
2026-08-03_16:35:10.476884 	EXP 	fix_cross_2: autoDraw = True
2026-08-03_16:35:11.466982 	EXP 	New trial (rep=0, index=1): <Trial 1 (1 in rep 0) data={'block': 1, 'trial_in_block': 2, 'concept': 'hand', 'concept_num': 8, 'concept_num_word': 8, 'exemplar_num': 50, 'image_shown': 'hand\\hand_50.jpg', 'word_shown_english': 'hand', 'word_shown_german': 'Hand', 'word_shown_french': 'Main', 'is_prompt': 1, 'is_mismatch': 0, 'ITI_length': 0.77, 'correct_response': None, 'nonmatch_pres_side': None, 'thisN': 1, 'thisTrialN': 1, 'thisRepN': 0}>
2026-08-03_16:35:11.579063 	EXP 	fix_cross_2: autoDraw = False
2026-08-03_16:35:11.579063 	EXP 	fix_cross_2: autoDraw = False
2026-08-03_16:35:11.579063 	EXP 	breaks_instruction: height = 0.025
2026-08-03_16:35:11.579063 	EXP 	breaks_instruction: height = 0.025
2026-08-03_16:35:11.579063 	EXP 	breaks_instruction: height = 0.025
2026-08-03_16:35:11.579063 	EXP 	breaks_instruction: text = 'Pause, die Aufgabe geht gleich weiter.\nEs sind noch 9 Blöcke übrig.'
2026-08-03_16:35:11.579063 	EXP 	instruction_continuebreak: height = 0.025
2026-08-03_16:35:11.579063 	EXP 	instruction_continuebreak: height = 0.025
2026-08-03_16:35:11.579063 	EXP 	instruction_continuebreak: height = 0.025
2026-08-03_16:35:11.579063 	EXP 	instruction_continuebreak: text = 'Die Pause ist vorbei.\nBitte drücken Sie eine beliebige Taste,\nsobald sie bereit sind, weiterzumachen.'
2026-08-03_16:35:11.579063 	EXP 	breaks_instruction: autoDraw = False
2026-08-03_16:35:11.579063 	EXP 	progress_bar_breaks: autoDraw = False
2026-08-03_16:35:11.579063 	EXP 	instruction_continuebreak: autoDraw = False
2026-08-03_16:35:11.579063 	EXP 	image: image = 'stimuli\\hand\\hand_50.jpg'
2026-08-03_16:35:11.579063 	EXP 	image: autoDraw = True
2026-08-03_16:35:12.333902 	EXP 	spoken_word: sampleRate = 44100
2026-08-03_16:35:12.338683 	INFO 	Resampled audio from 44100Hz to 48000Hz using method 'default'.
2026-08-03_16:35:12.338735 	DEBUG 	Converted audio clip from mono to stereo
2026-08-03_16:35:12.340102 	EXP 	Sound spoken_word reached end of file
54.2269 	EXP 	Playing sound spoken_word on speaker Lautsprecher (Realtek(R) Audio)
2026-08-03_16:35:12.358314 	INFO 	Keyboard events cleared
2026-08-03_16:35:12.358175 	EXP 	image: autoDraw = False
2026-08-03_16:35:12.358175 	EXP 	image: autoDraw = False
2026-08-03_16:35:12.358175 	EXP 	fix_cross: foreColor = <psychopy.colors.Color: white, alpha=1.0>
2026-08-03_16:35:12.358175 	EXP 	fix_cross: autoDraw = True
2026-08-03_16:35:12.813548 	EXP 	Sound spoken_word reached end of file
2026-08-03_16:35:12.829419 	EXP 	Sound spoken_word reached end of file
2026-08-03_16:35:13.858422 	EXP 	fix_cross: autoDraw = False
2026-08-03_16:35:13.858422 	EXP 	fix_cross: foreColor = <psychopy.colors.Color: green, alpha=1.0>
2026-08-03_16:35:13.858422 	EXP 	fix_cross: autoDraw = True
2026-08-03_16:35:13.875215 	EXP 	fix_cross: autoDraw = False
2026-08-03_16:35:13.875215 	EXP 	fix_cross: autoDraw = True
2026-08-03_16:35:13.893206 	EXP 	fix_cross: autoDraw = False
2026-08-03_16:35:13.893206 	EXP 	fix_cross: autoDraw = True
2026-08-03_16:35:13.908675 	EXP 	fix_cross: autoDraw = False
2026-08-03_16:35:13.908675 	EXP 	fix_cross: autoDraw = True
2026-08-03_16:35:13.926846 	EXP 	fix_cross: autoDraw = False
2026-08-03_16:35:13.926846 	EXP 	fix_cross: autoDraw = True
2026-08-03_16:35:13.944062 	EXP 	fix_cross: autoDraw = False
2026-08-03_16:35:13.944062 	EXP 	fix_cross: autoDraw = True
2026-08-03_16:35:13.959899 	EXP 	fix_cross: autoDraw = False
2026-08-03_16:35:13.959899 	EXP 	fix_cross: autoDraw = True
2026-08-03_16:35:13.985021 	EXP 	fix_cross: autoDraw = False
2026-08-03_16:35:13.985021 	EXP 	fix_cross: autoDraw = True
2026-08-03_16:35:14.007679 	EXP 	fix_cross: autoDraw = False
2026-08-03_16:35:14.007679 	EXP 	fix_cross: autoDraw = True
2026-08-03_16:35:14.024984 	EXP 	fix_cross: autoDraw = False
2026-08-03_16:35:14.024984 	EXP 	fix_cross: autoDraw = True
2026-08-03_16:35:14.041982 	EXP 	fix_cross: autoDraw = False
2026-08-03_16:35:14.041982 	EXP 	fix_cross: autoDraw = True
2026-08-03_16:35:14.058224 	EXP 	fix_cross: autoDraw = False
2026-08-03_16:35:14.058224 	EXP 	fix_cross: autoDraw = True
2026-08-03_16:35:14.058224 	EXP 	fix_cross: autoDraw = False
2026-08-03_16:35:14.058224 	EXP 	fix_cross_2: autoDraw = True
2026-08-03_16:35:14.830524 	EXP 	New trial (rep=0, index=2): <Trial 2 (2 in rep 0) data={'block': 1, 'trial_in_block': 3, 'concept': 'hammer', 'concept_num': 7, 'concept_num_word': 7, 'exemplar_num': 37, 'image_shown': 'hammer\\hammer_37.jpg', 'word_shown_english': 'hammer', 'word_shown_german': 'Hammer', 'word_shown_french': 'Marteau', 'is_prompt': 1, 'is_mismatch': 0, 'ITI_length': 1.06, 'correct_response': None, 'nonmatch_pres_side': None, 'thisN': 2, 'thisTrialN': 2, 'thisRepN': 0}>
2026-08-03_16:35:14.899123 	EXP 	fix_cross_2: autoDraw = False
2026-08-03_16:35:14.899123 	EXP 	fix_cross_2: autoDraw = False
2026-08-03_16:35:14.899123 	EXP 	breaks_instruction: text = 'Pause, die Aufgabe geht gleich weiter.\nEs sind noch 9 Blöcke übrig.'
2026-08-03_16:35:14.899123 	EXP 	instruction_continuebreak: text = 'Die Pause ist vorbei.\nBitte drücken Sie eine beliebige Taste,\nsobald sie bereit sind, weiterzumachen.'
2026-08-03_16:35:14.899123 	EXP 	breaks_instruction: autoDraw = False
2026-08-03_16:35:14.899123 	EXP 	progress_bar_breaks: autoDraw = False
2026-08-03_16:35:14.899123 	EXP 	instruction_continuebreak: autoDraw = False
2026-08-03_16:35:14.899123 	EXP 	image: image = 'stimuli\\hammer\\hammer_37.jpg'
2026-08-03_16:35:14.899123 	EXP 	image: autoDraw = True
2026-08-03_16:35:15.647618 	EXP 	spoken_word: sampleRate = 44100
2026-08-03_16:35:15.652782 	INFO 	Resampled audio from 44100Hz to 48000Hz using method 'default'.
2026-08-03_16:35:15.652835 	DEBUG 	Converted audio clip from mono to stereo
2026-08-03_16:35:15.654514 	EXP 	Sound spoken_word reached end of file
57.5420 	EXP 	Playing sound spoken_word on speaker Lautsprecher (Realtek(R) Audio)
2026-08-03_16:35:15.673574 	INFO 	Keyboard events cleared
2026-08-03_16:35:15.673433 	EXP 	image: autoDraw = False
2026-08-03_16:35:15.673433 	EXP 	image: autoDraw = False
2026-08-03_16:35:15.673433 	EXP 	fix_cross: foreColor = <psychopy.colors.Color: white, alpha=1.0>
2026-08-03_16:35:15.673433 	EXP 	fix_cross: autoDraw = True
2026-08-03_16:35:16.152126 	EXP 	Sound spoken_word reached end of file
2026-08-03_16:35:16.178547 	EXP 	Sound spoken_word reached end of file
2026-08-03_16:35:17.173761 	EXP 	fix_cross: autoDraw = False
2026-08-03_16:35:17.173761 	EXP 	fix_cross: foreColor = <psychopy.colors.Color: green, alpha=1.0>
2026-08-03_16:35:17.173761 	EXP 	fix_cross: autoDraw = True
2026-08-03_16:35:17.190517 	EXP 	fix_cross: autoDraw = False
2026-08-03_16:35:17.190517 	EXP 	fix_cross: autoDraw = True
2026-08-03_16:35:17.206713 	EXP 	fix_cross: autoDraw = False
2026-08-03_16:35:17.206713 	EXP 	fix_cross: autoDraw = True
2026-08-03_16:35:17.223890 	EXP 	fix_cross: autoDraw = False
2026-08-03_16:35:17.223890 	EXP 	fix_cross: autoDraw = True
2026-08-03_16:35:17.240254 	EXP 	fix_cross: autoDraw = False
2026-08-03_16:35:17.240254 	EXP 	fix_cross: autoDraw = True
2026-08-03_16:35:17.257081 	EXP 	fix_cross: autoDraw = False
2026-08-03_16:35:17.257081 	EXP 	fix_cross: autoDraw = True
2026-08-03_16:35:17.273715 	EXP 	fix_cross: autoDraw = False
2026-08-03_16:35:17.273715 	EXP 	fix_cross: autoDraw = True
2026-08-03_16:35:17.291014 	EXP 	fix_cross: autoDraw = False
2026-08-03_16:35:17.291014 	EXP 	fix_cross: autoDraw = True
2026-08-03_16:35:17.307401 	EXP 	fix_cross: autoDraw = False
2026-08-03_16:35:17.307401 	EXP 	fix_cross: autoDraw = True
2026-08-03_16:35:17.323959 	EXP 	fix_cross: autoDraw = False
2026-08-03_16:35:17.323959 	EXP 	fix_cross: autoDraw = True
2026-08-03_16:35:17.343074 	EXP 	fix_cross: autoDraw = False
2026-08-03_16:35:17.343074 	EXP 	fix_cross: autoDraw = True
2026-08-03_16:35:17.357086 	EXP 	fix_cross: autoDraw = False
2026-08-03_16:35:17.357086 	EXP 	fix_cross: autoDraw = True
2026-08-03_16:35:17.374280 	EXP 	fix_cross: autoDraw = False
2026-08-03_16:35:17.374280 	EXP 	fix_cross: autoDraw = True
2026-08-03_16:35:17.391055 	EXP 	fix_cross: autoDraw = False
2026-08-03_16:35:17.391055 	EXP 	fix_cross: autoDraw = True
2026-08-03_16:35:17.391055 	EXP 	fix_cross: autoDraw = False
2026-08-03_16:35:17.391055 	EXP 	fix_cross_2: autoDraw = True
2026-08-03_16:35:18.444284 	EXP 	New trial (rep=0, index=3): <Trial 3 (3 in rep 0) data={'block': 1, 'trial_in_block': 4, 'concept': 'jacket', 'concept_num': 10, 'concept_num_word': 10, 'exemplar_num': 45, 'image_shown': 'jacket\\jacket_45.jpg', 'word_shown_english': 'jacket', 'word_shown_german': 'Jacke', 'word_shown_french': 'Veste', 'is_prompt': 1, 'is_mismatch': 0, 'ITI_length': 1.17, 'correct_response': None, 'nonmatch_pres_side': None, 'thisN': 3, 'thisTrialN': 3, 'thisRepN': 0}>
2026-08-03_16:35:18.565950 	EXP 	fix_cross_2: autoDraw = False
2026-08-03_16:35:18.565950 	EXP 	fix_cross_2: autoDraw = False
2026-08-03_16:35:18.565950 	EXP 	breaks_instruction: text = 'Pause, die Aufgabe geht gleich weiter.\nEs sind noch 9 Blöcke übrig.'
2026-08-03_16:35:18.565950 	EXP 	instruction_continuebreak: text = 'Die Pause ist vorbei.\nBitte drücken Sie eine beliebige Taste,\nsobald sie bereit sind, weiterzumachen.'
2026-08-03_16:35:18.565950 	EXP 	breaks_instruction: autoDraw = False
2026-08-03_16:35:18.565950 	EXP 	progress_bar_breaks: autoDraw = False
2026-08-03_16:35:18.565950 	EXP 	instruction_continuebreak: autoDraw = False
2026-08-03_16:35:18.565950 	EXP 	image: image = 'stimuli\\jacket\\jacket_45.jpg'
2026-08-03_16:35:18.565950 	EXP 	image: autoDraw = True
2026-08-03_16:35:19.313769 	EXP 	spoken_word: sampleRate = 44100
2026-08-03_16:35:19.325089 	INFO 	Resampled audio from 44100Hz to 48000Hz using method 'default'.
2026-08-03_16:35:19.325152 	DEBUG 	Converted audio clip from mono to stereo
2026-08-03_16:35:19.326471 	EXP 	Sound spoken_word reached end of file
61.2239 	EXP 	Playing sound spoken_word on speaker Lautsprecher (Realtek(R) Audio)
2026-08-03_16:35:19.339017 	INFO 	Keyboard events cleared
2026-08-03_16:35:19.338878 	EXP 	image: autoDraw = False
2026-08-03_16:35:19.338878 	EXP 	image: autoDraw = False
2026-08-03_16:35:19.338878 	EXP 	fix_cross: foreColor = <psychopy.colors.Color: white, alpha=1.0>
2026-08-03_16:35:19.338878 	EXP 	fix_cross: autoDraw = True
2026-08-03_16:35:19.445849 	WARNING 	Keypress was given unknown key code (176)
2026-08-03_16:35:19.445939 	EXP 	Device response: <KeyPress from None: t=61.317225900013, value=unknown, duration=None>
2026-08-03_16:35:19.582486 	EXP 	Device response: <KeyPress from None: t=61.317225900013, value=unknown, duration=0.13170969998463988>
2026-08-03_16:35:19.712681 	WARNING 	Keypress was given unknown key code (176)
2026-08-03_16:35:19.712751 	EXP 	Device response: <KeyPress from None: t=61.57792959996732, value=unknown, duration=None>
2026-08-03_16:35:19.795465 	EXP 	Device response: <KeyPress from None: t=61.57792959996732, value=unknown, duration=0.09155220002867281>
2026-08-03_16:35:19.845231 	EXP 	Sound spoken_word reached end of file
2026-08-03_16:35:19.860716 	EXP 	Sound spoken_word reached end of file
2026-08-03_16:35:20.123329 	WARNING 	Keypress was given unknown key code (176)
2026-08-03_16:35:20.123409 	EXP 	Device response: <KeyPress from None: t=61.99526549997972, value=unknown, duration=None>
2026-08-03_16:35:20.210402 	EXP 	Device response: <KeyPress from None: t=61.99526549997972, value=unknown, duration=0.09728039999026805>
2026-08-03_16:35:20.824248 	EXP 	fix_cross: foreColor = <psychopy.colors.Color: green, alpha=1.0>
2026-08-03_16:35:20.839875 	EXP 	fix_cross: autoDraw = False
2026-08-03_16:35:20.839875 	EXP 	fix_cross: autoDraw = True
2026-08-03_16:35:20.856050 	EXP 	fix_cross: autoDraw = False
2026-08-03_16:35:20.856050 	EXP 	fix_cross: autoDraw = True
2026-08-03_16:35:20.872693 	EXP 	fix_cross: autoDraw = False
2026-08-03_16:35:20.872693 	EXP 	fix_cross: autoDraw = True
2026-08-03_16:35:20.889719 	EXP 	fix_cross: autoDraw = False
2026-08-03_16:35:20.889719 	EXP 	fix_cross: autoDraw = True
2026-08-03_16:35:20.906471 	EXP 	fix_cross: autoDraw = False
2026-08-03_16:35:20.906471 	EXP 	fix_cross: autoDraw = True
2026-08-03_16:35:20.922935 	EXP 	fix_cross: autoDraw = False
2026-08-03_16:35:20.922935 	EXP 	fix_cross: autoDraw = True
2026-08-03_16:35:20.940062 	EXP 	fix_cross: autoDraw = False
2026-08-03_16:35:20.940062 	EXP 	fix_cross: autoDraw = True
2026-08-03_16:35:20.957158 	EXP 	fix_cross: autoDraw = False
2026-08-03_16:35:20.957158 	EXP 	fix_cross: autoDraw = True
2026-08-03_16:35:20.973696 	EXP 	fix_cross: autoDraw = False
2026-08-03_16:35:20.973696 	EXP 	fix_cross: autoDraw = True
2026-08-03_16:35:20.990868 	EXP 	fix_cross: autoDraw = False
2026-08-03_16:35:20.990868 	EXP 	fix_cross: autoDraw = True
2026-08-03_16:35:21.006419 	EXP 	fix_cross: autoDraw = False
2026-08-03_16:35:21.006419 	EXP 	fix_cross: autoDraw = True
2026-08-03_16:35:21.022766 	EXP 	fix_cross: autoDraw = False
2026-08-03_16:35:21.022766 	EXP 	fix_cross: autoDraw = True
2026-08-03_16:35:21.039781 	EXP 	fix_cross: autoDraw = False
2026-08-03_16:35:21.039781 	EXP 	fix_cross: autoDraw = True
2026-08-03_16:35:21.039781 	EXP 	fix_cross: autoDraw = False
2026-08-03_16:35:21.039781 	EXP 	fix_cross_2: autoDraw = True
2026-08-03_16:35:22.213653 	EXP 	New trial (rep=0, index=4): <Trial 4 (4 in rep 0) data={'block': 1, 'trial_in_block': 5, 'concept': 'house', 'concept_num': 9, 'concept_num_word': 9, 'exemplar_num': 24, 'image_shown': 'house\\house_24.jpg', 'word_shown_english': 'house', 'word_shown_german': 'Haus', 'word_shown_french': 'Maison', 'is_prompt': 1, 'is_mismatch': 0, 'ITI_length': 0.81, 'correct_response': None, 'nonmatch_pres_side': None, 'thisN': 4, 'thisTrialN': 4, 'thisRepN': 0}>
2026-08-03_16:35:22.297278 	EXP 	fix_cross_2: autoDraw = False
2026-08-03_16:35:22.297278 	EXP 	fix_cross_2: autoDraw = False
2026-08-03_16:35:22.297278 	EXP 	breaks_instruction: text = 'Pause, die Aufgabe geht gleich weiter.\nEs sind noch 9 Blöcke übrig.'
2026-08-03_16:35:22.297278 	EXP 	instruction_continuebreak: text = 'Die Pause ist vorbei.\nBitte drücken Sie eine beliebige Taste,\nsobald sie bereit sind, weiterzumachen.'
2026-08-03_16:35:22.297278 	EXP 	breaks_instruction: autoDraw = False
2026-08-03_16:35:22.297278 	EXP 	progress_bar_breaks: autoDraw = False
2026-08-03_16:35:22.297278 	EXP 	instruction_continuebreak: autoDraw = False
2026-08-03_16:35:22.297278 	EXP 	image: image = 'stimuli\\house\\house_24.jpg'
2026-08-03_16:35:22.297278 	EXP 	image: autoDraw = True
2026-08-03_16:35:23.045228 	EXP 	spoken_word: sampleRate = 44100
2026-08-03_16:35:23.052604 	INFO 	Resampled audio from 44100Hz to 48000Hz using method 'default'.
2026-08-03_16:35:23.052661 	DEBUG 	Converted audio clip from mono to stereo
2026-08-03_16:35:23.054202 	EXP 	Sound spoken_word reached end of file
64.9396 	EXP 	Playing sound spoken_word on speaker Lautsprecher (Realtek(R) Audio)
2026-08-03_16:35:23.071295 	INFO 	Keyboard events cleared
2026-08-03_16:35:23.071155 	EXP 	image: autoDraw = False
2026-08-03_16:35:23.071155 	EXP 	image: autoDraw = False
2026-08-03_16:35:23.071155 	EXP 	fix_cross: foreColor = <psychopy.colors.Color: white, alpha=1.0>
2026-08-03_16:35:23.071155 	EXP 	fix_cross: autoDraw = True
2026-08-03_16:35:23.569343 	EXP 	Sound spoken_word reached end of file
2026-08-03_16:35:23.592994 	EXP 	Sound spoken_word reached end of file
2026-08-03_16:35:24.571384 	EXP 	fix_cross: autoDraw = False
2026-08-03_16:35:24.571384 	EXP 	fix_cross: foreColor = <psychopy.colors.Color: green, alpha=1.0>
2026-08-03_16:35:24.571384 	EXP 	fix_cross: autoDraw = True
2026-08-03_16:35:24.587686 	EXP 	fix_cross: autoDraw = False
2026-08-03_16:35:24.587686 	EXP 	fix_cross: autoDraw = True
2026-08-03_16:35:24.604511 	EXP 	fix_cross: autoDraw = False
2026-08-03_16:35:24.604511 	EXP 	fix_cross: autoDraw = True
2026-08-03_16:35:24.621410 	EXP 	fix_cross: autoDraw = False
2026-08-03_16:35:24.621410 	EXP 	fix_cross: autoDraw = True
2026-08-03_16:35:24.637820 	EXP 	fix_cross: autoDraw = False
2026-08-03_16:35:24.637820 	EXP 	fix_cross: autoDraw = True
2026-08-03_16:35:24.654237 	EXP 	fix_cross: autoDraw = False
2026-08-03_16:35:24.654237 	EXP 	fix_cross: autoDraw = True
2026-08-03_16:35:24.671233 	EXP 	fix_cross: autoDraw = False
2026-08-03_16:35:24.671233 	EXP 	fix_cross: autoDraw = True
2026-08-03_16:35:24.688012 	EXP 	fix_cross: autoDraw = False
2026-08-03_16:35:24.688012 	EXP 	fix_cross: autoDraw = True
2026-08-03_16:35:24.704642 	EXP 	fix_cross: autoDraw = False
2026-08-03_16:35:24.704642 	EXP 	fix_cross: autoDraw = True
2026-08-03_16:35:24.721128 	EXP 	fix_cross: autoDraw = False
2026-08-03_16:35:24.721128 	EXP 	fix_cross: autoDraw = True
2026-08-03_16:35:24.737538 	EXP 	fix_cross: autoDraw = False
2026-08-03_16:35:24.737538 	EXP 	fix_cross: autoDraw = True
2026-08-03_16:35:24.754168 	EXP 	fix_cross: autoDraw = False
2026-08-03_16:35:24.754168 	EXP 	fix_cross: autoDraw = True
2026-08-03_16:35:24.771078 	EXP 	fix_cross: autoDraw = False
2026-08-03_16:35:24.771078 	EXP 	fix_cross: autoDraw = True
2026-08-03_16:35:24.788020 	EXP 	fix_cross: autoDraw = False
2026-08-03_16:35:24.788020 	EXP 	fix_cross: autoDraw = True
2026-08-03_16:35:24.788020 	EXP 	fix_cross: autoDraw = False
2026-08-03_16:35:24.788020 	EXP 	fix_cross_2: autoDraw = True
2026-08-03_16:35:25.591827 	EXP 	New trial (rep=0, index=5): <Trial 5 (5 in rep 0) data={'block': 1, 'trial_in_block': 6, 'concept': 'bread', 'concept_num': 3, 'concept_num_word': 3, 'exemplar_num': 32, 'image_shown': 'bread\\bread_32.jpg', 'word_shown_english': 'bread', 'word_shown_german': 'Brot', 'word_shown_french': 'Pain', 'is_prompt': 1, 'is_mismatch': 0, 'ITI_length': 1.18, 'correct_response': None, 'nonmatch_pres_side': None, 'thisN': 5, 'thisTrialN': 5, 'thisRepN': 0}>
2026-08-03_16:35:25.656382 	EXP 	fix_cross_2: autoDraw = False
2026-08-03_16:35:25.656382 	EXP 	fix_cross_2: autoDraw = False
2026-08-03_16:35:25.656382 	EXP 	breaks_instruction: text = 'Pause, die Aufgabe geht gleich weiter.\nEs sind noch 9 Blöcke übrig.'
2026-08-03_16:35:25.656382 	EXP 	instruction_continuebreak: text = 'Die Pause ist vorbei.\nBitte drücken Sie eine beliebige Taste,\nsobald sie bereit sind, weiterzumachen.'
2026-08-03_16:35:25.656382 	EXP 	breaks_instruction: autoDraw = False
2026-08-03_16:35:25.656382 	EXP 	progress_bar_breaks: autoDraw = False
2026-08-03_16:35:25.656382 	EXP 	instruction_continuebreak: autoDraw = False
2026-08-03_16:35:25.656382 	EXP 	image: image = 'stimuli\\bread\\bread_32.jpg'
2026-08-03_16:35:25.656382 	EXP 	image: autoDraw = True
2026-08-03_16:35:26.413562 	EXP 	spoken_word: sampleRate = 24000
2026-08-03_16:35:26.417061 	INFO 	Resampled audio from 24000Hz to 48000Hz using method 'default'.
2026-08-03_16:35:26.417114 	DEBUG 	Converted audio clip from mono to stereo
2026-08-03_16:35:26.418648 	EXP 	Sound spoken_word reached end of file
68.3073 	EXP 	Playing sound spoken_word on speaker Lautsprecher (Realtek(R) Audio)
2026-08-03_16:35:26.437055 	INFO 	Keyboard events cleared
2026-08-03_16:35:26.436908 	EXP 	image: autoDraw = False
2026-08-03_16:35:26.436908 	EXP 	image: autoDraw = False
2026-08-03_16:35:26.436908 	EXP 	fix_cross: foreColor = <psychopy.colors.Color: white, alpha=1.0>
2026-08-03_16:35:26.436908 	EXP 	fix_cross: autoDraw = True
2026-08-03_16:35:26.841988 	WARNING 	Keypress was given unknown key code (176)
2026-08-03_16:35:26.842067 	EXP 	Device response: <KeyPress from None: t=68.72263919998659, value=unknown, duration=None>
2026-08-03_16:35:26.974203 	EXP 	Device response: <KeyPress from None: t=68.72263919998659, value=unknown, duration=0.12609979999251664>
2026-08-03_16:35:27.058613 	WARNING 	Keypress was given unknown key code (176)
2026-08-03_16:35:27.058692 	EXP 	Device response: <KeyPress from None: t=68.94208080001408, value=unknown, duration=None>
2026-08-03_16:35:27.158853 	EXP 	Device response: <KeyPress from None: t=68.94208080001408, value=unknown, duration=0.08366379997460172>
2026-08-03_16:35:27.242597 	WARNING 	Keypress was given unknown key code (176)
2026-08-03_16:35:27.242728 	EXP 	Device response: <KeyPress from None: t=69.11741820001043, value=unknown, duration=None>
2026-08-03_16:35:27.307406 	EXP 	Device response: <KeyPress from None: t=69.11741820001043, value=unknown, duration=0.067843199998606>
2026-08-03_16:35:27.324955 	EXP 	Sound spoken_word reached end of file
2026-08-03_16:35:27.341108 	EXP 	Sound spoken_word reached end of file
2026-08-03_16:35:27.442177 	WARNING 	Keypress was given unknown key code (176)
2026-08-03_16:35:27.442252 	EXP 	Device response: <KeyPress from None: t=69.3098178000073, value=unknown, duration=None>
2026-08-03_16:35:27.478169 	EXP 	Device response: <KeyPress from None: t=69.3098178000073, value=unknown, duration=0.03912159998435527>
2026-08-03_16:35:27.558457 	WARNING 	Keypress was given unknown key code (176)
2026-08-03_16:35:27.558529 	EXP 	Device response: <KeyPress from None: t=69.42754020000575, value=unknown, duration=None>
2026-08-03_16:35:27.642613 	EXP 	Device response: <KeyPress from None: t=69.42754020000575, value=unknown, duration=0.08357359998626634>
2026-08-03_16:35:27.937084 	EXP 	fix_cross: autoDraw = False
2026-08-03_16:35:27.937084 	EXP 	fix_cross: foreColor = <psychopy.colors.Color: green, alpha=1.0>
2026-08-03_16:35:27.937084 	EXP 	fix_cross: autoDraw = True
2026-08-03_16:35:27.954248 	EXP 	fix_cross: autoDraw = False
2026-08-03_16:35:27.954248 	EXP 	fix_cross: autoDraw = True
2026-08-03_16:35:27.970321 	EXP 	fix_cross: autoDraw = False
2026-08-03_16:35:27.970321 	EXP 	fix_cross: autoDraw = True
2026-08-03_16:35:27.989746 	EXP 	fix_cross: autoDraw = False
2026-08-03_16:35:27.989746 	EXP 	fix_cross: autoDraw = True
2026-08-03_16:35:28.004638 	EXP 	fix_cross: autoDraw = False
2026-08-03_16:35:28.004638 	EXP 	fix_cross: autoDraw = True
2026-08-03_16:35:28.021707 	EXP 	fix_cross: autoDraw = False
2026-08-03_16:35:28.021707 	EXP 	fix_cross: autoDraw = True
2026-08-03_16:35:28.039335 	EXP 	fix_cross: autoDraw = False
2026-08-03_16:35:28.039335 	EXP 	fix_cross: autoDraw = True
2026-08-03_16:35:28.054482 	EXP 	fix_cross: autoDraw = False
2026-08-03_16:35:28.054482 	EXP 	fix_cross: autoDraw = True
2026-08-03_16:35:28.072531 	EXP 	fix_cross: autoDraw = False
2026-08-03_16:35:28.072531 	EXP 	fix_cross: autoDraw = True
2026-08-03_16:35:28.087396 	EXP 	fix_cross: autoDraw = False
2026-08-03_16:35:28.087396 	EXP 	fix_cross: autoDraw = True
2026-08-03_16:35:28.104722 	EXP 	fix_cross: autoDraw = False
2026-08-03_16:35:28.104722 	EXP 	fix_cross: autoDraw = True
2026-08-03_16:35:28.120397 	EXP 	fix_cross: autoDraw = False
2026-08-03_16:35:28.120397 	EXP 	fix_cross: autoDraw = True
2026-08-03_16:35:28.136976 	EXP 	fix_cross: autoDraw = False
2026-08-03_16:35:28.136976 	EXP 	fix_cross: autoDraw = True
2026-08-03_16:35:28.153467 	EXP 	fix_cross: autoDraw = False
2026-08-03_16:35:28.153467 	EXP 	fix_cross: autoDraw = True
2026-08-03_16:35:28.153467 	EXP 	fix_cross: autoDraw = False
2026-08-03_16:35:28.153467 	EXP 	fix_cross_2: autoDraw = True
2026-08-03_16:35:29.326249 	EXP 	New trial (rep=0, index=6): <Trial 6 (6 in rep 0) data={'block': 1, 'trial_in_block': 7, 'concept': 'jacket', 'concept_num': 10, 'concept_num_word': 10, 'exemplar_num': 19, 'image_shown': 'jacket\\jacket_19.jpg', 'word_shown_english': 'jacket', 'word_shown_german': 'Jacke', 'word_shown_french': 'Veste', 'is_prompt': 1, 'is_mismatch': 0, 'ITI_length': 1.22, 'correct_response': None, 'nonmatch_pres_side': None, 'thisN': 6, 'thisTrialN': 6, 'thisRepN': 0}>
2026-08-03_16:35:29.406420 	EXP 	fix_cross_2: autoDraw = False
2026-08-03_16:35:29.406420 	EXP 	fix_cross_2: autoDraw = False
2026-08-03_16:35:29.406420 	EXP 	breaks_instruction: text = 'Pause, die Aufgabe geht gleich weiter.\nEs sind noch 9 Blöcke übrig.'
2026-08-03_16:35:29.406420 	EXP 	instruction_continuebreak: text = 'Die Pause ist vorbei.\nBitte drücken Sie eine beliebige Taste,\nsobald sie bereit sind, weiterzumachen.'
2026-08-03_16:35:29.406420 	EXP 	breaks_instruction: autoDraw = False
2026-08-03_16:35:29.406420 	EXP 	progress_bar_breaks: autoDraw = False
2026-08-03_16:35:29.406420 	EXP 	instruction_continuebreak: autoDraw = False
2026-08-03_16:35:29.406420 	EXP 	image: image = 'stimuli\\jacket\\jacket_19.jpg'
2026-08-03_16:35:29.406420 	EXP 	image: autoDraw = True
2026-08-03_16:35:30.159262 	EXP 	spoken_word: sampleRate = 44100
2026-08-03_16:35:30.167560 	INFO 	Resampled audio from 44100Hz to 48000Hz using method 'default'.
2026-08-03_16:35:30.167618 	DEBUG 	Converted audio clip from mono to stereo
2026-08-03_16:35:30.169012 	EXP 	Sound spoken_word reached end of file
72.0537 	EXP 	Playing sound spoken_word on speaker Lautsprecher (Realtek(R) Audio)
2026-08-03_16:35:30.185529 	INFO 	Keyboard events cleared
2026-08-03_16:35:30.185403 	EXP 	image: autoDraw = False
2026-08-03_16:35:30.185403 	EXP 	image: autoDraw = False
2026-08-03_16:35:30.185403 	EXP 	fix_cross: foreColor = <psychopy.colors.Color: white, alpha=1.0>
2026-08-03_16:35:30.185403 	EXP 	fix_cross: autoDraw = True
2026-08-03_16:35:30.685529 	EXP 	Sound spoken_word reached end of file
2026-08-03_16:35:30.706588 	EXP 	Sound spoken_word reached end of file
2026-08-03_16:35:31.685653 	EXP 	fix_cross: autoDraw = False
2026-08-03_16:35:31.685653 	EXP 	fix_cross: foreColor = <psychopy.colors.Color: green, alpha=1.0>
2026-08-03_16:35:31.685653 	EXP 	fix_cross: autoDraw = True
2026-08-03_16:35:31.702167 	EXP 	fix_cross: autoDraw = False
2026-08-03_16:35:31.702167 	EXP 	fix_cross: autoDraw = True
2026-08-03_16:35:31.719102 	EXP 	fix_cross: autoDraw = False
2026-08-03_16:35:31.719102 	EXP 	fix_cross: autoDraw = True
2026-08-03_16:35:31.735404 	EXP 	fix_cross: autoDraw = False
2026-08-03_16:35:31.735404 	EXP 	fix_cross: autoDraw = True
2026-08-03_16:35:31.752131 	EXP 	fix_cross: autoDraw = False
2026-08-03_16:35:31.752131 	EXP 	fix_cross: autoDraw = True
2026-08-03_16:35:31.768683 	EXP 	fix_cross: autoDraw = False
2026-08-03_16:35:31.768683 	EXP 	fix_cross: autoDraw = True
2026-08-03_16:35:31.785840 	EXP 	fix_cross: autoDraw = False
2026-08-03_16:35:31.785840 	EXP 	fix_cross: autoDraw = True
2026-08-03_16:35:31.802642 	EXP 	fix_cross: autoDraw = False
2026-08-03_16:35:31.802642 	EXP 	fix_cross: autoDraw = True
2026-08-03_16:35:31.818679 	EXP 	fix_cross: autoDraw = False
2026-08-03_16:35:31.818679 	EXP 	fix_cross: autoDraw = True
2026-08-03_16:35:31.835516 	EXP 	fix_cross: autoDraw = False
2026-08-03_16:35:31.835516 	EXP 	fix_cross: autoDraw = True
2026-08-03_16:35:31.852434 	EXP 	fix_cross: autoDraw = False
2026-08-03_16:35:31.852434 	EXP 	fix_cross: autoDraw = True
2026-08-03_16:35:31.868838 	EXP 	fix_cross: autoDraw = False
2026-08-03_16:35:31.868838 	EXP 	fix_cross: autoDraw = True
2026-08-03_16:35:31.885556 	EXP 	fix_cross: autoDraw = False
2026-08-03_16:35:31.885556 	EXP 	fix_cross: autoDraw = True
2026-08-03_16:35:31.902210 	EXP 	fix_cross: autoDraw = False
2026-08-03_16:35:31.902210 	EXP 	fix_cross: autoDraw = True
2026-08-03_16:35:31.902210 	EXP 	fix_cross: autoDraw = False
2026-08-03_16:35:31.902210 	EXP 	fix_cross_2: autoDraw = True
2026-08-03_16:35:32.456539 	WARNING 	Keypress was given unknown key code (176)
2026-08-03_16:35:32.456616 	EXP 	Device response: <KeyPress from None: t=74.33853070001351, value=unknown, duration=None>
2026-08-03_16:35:32.588596 	EXP 	Device response: <KeyPress from None: t=74.33853070001351, value=unknown, duration=0.12565750000067055>
2026-08-03_16:35:32.674631 	WARNING 	Keypress was given unknown key code (176)
2026-08-03_16:35:32.674724 	EXP 	Device response: <KeyPress from None: t=74.54794399999082, value=unknown, duration=None>
2026-08-03_16:35:32.772541 	EXP 	Device response: <KeyPress from None: t=74.54794399999082, value=unknown, duration=0.09346920001553372>
2026-08-03_16:35:32.841551 	WARNING 	Keypress was given unknown key code (176)
2026-08-03_16:35:32.841626 	EXP 	Device response: <KeyPress from None: t=74.7109819999896, value=unknown, duration=None>
2026-08-03_16:35:32.922110 	EXP 	Device response: <KeyPress from None: t=74.7109819999896, value=unknown, duration=0.08757129998411983>
2026-08-03_16:35:32.991141 	WARNING 	Keypress was given unknown key code (176)
2026-08-03_16:35:32.991214 	EXP 	Device response: <KeyPress from None: t=74.866297999979, value=unknown, duration=None>
2026-08-03_16:35:33.106607 	EXP 	Device response: <KeyPress from None: t=74.866297999979, value=unknown, duration=0.1197756000328809>
2026-08-03_16:35:33.123341 	EXP 	New trial (rep=0, index=7): <Trial 7 (7 in rep 0) data={'block': 1, 'trial_in_block': 8, 'concept': 'bread', 'concept_num': 3, 'concept_num_word': 3, 'exemplar_num': 28, 'image_shown': 'bread\\bread_28.jpg', 'word_shown_english': 'bread', 'word_shown_german': 'Brot', 'word_shown_french': 'Pain', 'is_prompt': 1, 'is_mismatch': 0, 'ITI_length': 1.09, 'correct_response': None, 'nonmatch_pres_side': None, 'thisN': 7, 'thisTrialN': 7, 'thisRepN': 0}>
2026-08-03_16:35:33.187690 	EXP 	fix_cross_2: autoDraw = False
2026-08-03_16:35:33.187690 	EXP 	fix_cross_2: autoDraw = False
2026-08-03_16:35:33.187690 	EXP 	breaks_instruction: text = 'Pause, die Aufgabe geht gleich weiter.\nEs sind noch 9 Blöcke übrig.'
2026-08-03_16:35:33.187690 	EXP 	instruction_continuebreak: text = 'Die Pause ist vorbei.\nBitte drücken Sie eine beliebige Taste,\nsobald sie bereit sind, weiterzumachen.'
2026-08-03_16:35:33.187690 	EXP 	breaks_instruction: autoDraw = False
2026-08-03_16:35:33.187690 	EXP 	progress_bar_breaks: autoDraw = False
2026-08-03_16:35:33.187690 	EXP 	instruction_continuebreak: autoDraw = False
2026-08-03_16:35:33.187690 	EXP 	image: image = 'stimuli\\bread\\bread_28.jpg'
2026-08-03_16:35:33.187690 	EXP 	image: autoDraw = True
2026-08-03_16:35:33.257869 	WARNING 	Keypress was given unknown key code (176)
2026-08-03_16:35:33.257948 	EXP 	Device response: <KeyPress from None: t=75.12594320002245, value=unknown, duration=None>
2026-08-03_16:35:33.391328 	EXP 	Device response: <KeyPress from None: t=75.12594320002245, value=unknown, duration=0.1400469999643974>
2026-08-03_16:35:33.940434 	EXP 	spoken_word: sampleRate = 24000
2026-08-03_16:35:33.942892 	INFO 	Resampled audio from 24000Hz to 48000Hz using method 'default'.
2026-08-03_16:35:33.942917 	DEBUG 	Converted audio clip from mono to stereo
2026-08-03_16:35:33.944275 	EXP 	Sound spoken_word reached end of file
75.8361 	EXP 	Playing sound spoken_word on speaker Lautsprecher (Realtek(R) Audio)
2026-08-03_16:35:33.968274 	INFO 	Keyboard events cleared
2026-08-03_16:35:33.968110 	EXP 	image: autoDraw = False
2026-08-03_16:35:33.968110 	EXP 	image: autoDraw = False
2026-08-03_16:35:33.968110 	EXP 	fix_cross: foreColor = <psychopy.colors.Color: white, alpha=1.0>
2026-08-03_16:35:33.968110 	EXP 	fix_cross: autoDraw = True
2026-08-03_16:35:34.857212 	EXP 	Sound spoken_word reached end of file
2026-08-03_16:35:34.873691 	EXP 	Sound spoken_word reached end of file
2026-08-03_16:35:35.467472 	EXP 	fix_cross: autoDraw = False
2026-08-03_16:35:35.467472 	EXP 	fix_cross: foreColor = <psychopy.colors.Color: green, alpha=1.0>
2026-08-03_16:35:35.467472 	EXP 	fix_cross: autoDraw = True
2026-08-03_16:35:35.484088 	EXP 	fix_cross: autoDraw = False
2026-08-03_16:35:35.484088 	EXP 	fix_cross: autoDraw = True
2026-08-03_16:35:35.500834 	EXP 	fix_cross: autoDraw = False
2026-08-03_16:35:35.500834 	EXP 	fix_cross: autoDraw = True
2026-08-03_16:35:35.517898 	EXP 	fix_cross: autoDraw = False
2026-08-03_16:35:35.517898 	EXP 	fix_cross: autoDraw = True
2026-08-03_16:35:35.534442 	EXP 	fix_cross: autoDraw = False
2026-08-03_16:35:35.534442 	EXP 	fix_cross: autoDraw = True
2026-08-03_16:35:35.550852 	EXP 	fix_cross: autoDraw = False
2026-08-03_16:35:35.550852 	EXP 	fix_cross: autoDraw = True
2026-08-03_16:35:35.569296 	EXP 	fix_cross: autoDraw = False
2026-08-03_16:35:35.569296 	EXP 	fix_cross: autoDraw = True
2026-08-03_16:35:35.584261 	EXP 	fix_cross: autoDraw = False
2026-08-03_16:35:35.584261 	EXP 	fix_cross: autoDraw = True
2026-08-03_16:35:35.601211 	EXP 	fix_cross: autoDraw = False
2026-08-03_16:35:35.601211 	EXP 	fix_cross: autoDraw = True
2026-08-03_16:35:35.617569 	EXP 	fix_cross: autoDraw = False
2026-08-03_16:35:35.617569 	EXP 	fix_cross: autoDraw = True
2026-08-03_16:35:35.634278 	EXP 	fix_cross: autoDraw = False
2026-08-03_16:35:35.634278 	EXP 	fix_cross: autoDraw = True
2026-08-03_16:35:35.651005 	EXP 	fix_cross: autoDraw = False
2026-08-03_16:35:35.651005 	EXP 	fix_cross: autoDraw = True
2026-08-03_16:35:35.667959 	EXP 	fix_cross: autoDraw = False
2026-08-03_16:35:35.667959 	EXP 	fix_cross: autoDraw = True
2026-08-03_16:35:35.667959 	EXP 	fix_cross: autoDraw = False
2026-08-03_16:35:35.667959 	EXP 	fix_cross_2: autoDraw = True
2026-08-03_16:35:36.754489 	EXP 	New trial (rep=0, index=8): <Trial 8 (8 in rep 0) data={'block': 1, 'trial_in_block': 9, 'concept': 'jacket', 'concept_num': 10, 'concept_num_word': 4, 'exemplar_num': 48, 'image_shown': 'jacket\\jacket_48.jpg', 'word_shown_english': 'chair', 'word_shown_german': 'Stuhl', 'word_shown_french': 'Chaise', 'is_prompt': 1, 'is_mismatch': 1, 'ITI_length': 1.19, 'correct_response': 'r', 'nonmatch_pres_side': 'right', 'thisN': 8, 'thisTrialN': 8, 'thisRepN': 0}>
2026-08-03_16:35:36.875535 	EXP 	fix_cross_2: autoDraw = False
2026-08-03_16:35:36.875535 	EXP 	fix_cross_2: autoDraw = False
2026-08-03_16:35:36.875535 	EXP 	breaks_instruction: text = 'Pause, die Aufgabe geht gleich weiter.\nEs sind noch 9 Blöcke übrig.'
2026-08-03_16:35:36.875535 	EXP 	instruction_continuebreak: text = 'Die Pause ist vorbei.\nBitte drücken Sie eine beliebige Taste,\nsobald sie bereit sind, weiterzumachen.'
2026-08-03_16:35:36.875535 	EXP 	breaks_instruction: autoDraw = False
2026-08-03_16:35:36.875535 	EXP 	progress_bar_breaks: autoDraw = False
2026-08-03_16:35:36.875535 	EXP 	instruction_continuebreak: autoDraw = False
2026-08-03_16:35:36.875535 	EXP 	image: image = 'stimuli\\jacket\\jacket_48.jpg'
2026-08-03_16:35:36.875535 	EXP 	image: autoDraw = True
2026-08-03_16:35:37.624617 	EXP 	spoken_word: sampleRate = 44100
2026-08-03_16:35:37.630816 	INFO 	Resampled audio from 44100Hz to 48000Hz using method 'default'.
2026-08-03_16:35:37.630873 	DEBUG 	Converted audio clip from mono to stereo
2026-08-03_16:35:37.632369 	EXP 	Sound spoken_word reached end of file
79.5185 	EXP 	Playing sound spoken_word on speaker Lautsprecher (Realtek(R) Audio)
2026-08-03_16:35:37.649966 	INFO 	Keyboard events cleared
2026-08-03_16:35:37.649819 	EXP 	image: autoDraw = False
2026-08-03_16:35:37.649819 	EXP 	image: autoDraw = False
2026-08-03_16:35:37.649819 	EXP 	fix_cross: foreColor = <psychopy.colors.Color: white, alpha=1.0>
2026-08-03_16:35:37.649819 	EXP 	fix_cross: autoDraw = True
2026-08-03_16:35:38.174019 	EXP 	Sound spoken_word reached end of file
2026-08-03_16:35:38.187971 	EXP 	Sound spoken_word reached end of file
2026-08-03_16:35:39.150762 	EXP 	fix_cross: autoDraw = False
2026-08-03_16:35:39.150762 	EXP 	fix_cross: foreColor = <psychopy.colors.Color: red, alpha=1.0>
2026-08-03_16:35:39.150762 	EXP 	fix_cross: autoDraw = True
2026-08-03_16:35:39.169171 	EXP 	fix_cross: autoDraw = False
2026-08-03_16:35:39.169171 	EXP 	fix_cross: autoDraw = True
2026-08-03_16:35:39.184365 	EXP 	fix_cross: autoDraw = False
2026-08-03_16:35:39.184365 	EXP 	fix_cross: autoDraw = True
2026-08-03_16:35:39.201646 	EXP 	fix_cross: autoDraw = False
2026-08-03_16:35:39.201646 	EXP 	fix_cross: autoDraw = True
2026-08-03_16:35:39.216702 	EXP 	fix_cross: autoDraw = False
2026-08-03_16:35:39.216702 	EXP 	fix_cross: autoDraw = True
2026-08-03_16:35:39.233129 	EXP 	fix_cross: autoDraw = False
2026-08-03_16:35:39.233129 	EXP 	fix_cross: autoDraw = True
2026-08-03_16:35:39.250249 	EXP 	fix_cross: autoDraw = False
2026-08-03_16:35:39.250249 	EXP 	fix_cross: autoDraw = True
2026-08-03_16:35:39.266723 	EXP 	fix_cross: autoDraw = False
2026-08-03_16:35:39.266723 	EXP 	fix_cross: autoDraw = True
2026-08-03_16:35:39.283287 	EXP 	fix_cross: autoDraw = False
2026-08-03_16:35:39.283287 	EXP 	fix_cross: autoDraw = True
2026-08-03_16:35:39.300522 	EXP 	fix_cross: autoDraw = False
2026-08-03_16:35:39.300522 	EXP 	fix_cross: autoDraw = True
2026-08-03_16:35:39.316795 	EXP 	fix_cross: autoDraw = False
2026-08-03_16:35:39.316795 	EXP 	fix_cross: autoDraw = True
2026-08-03_16:35:39.333243 	EXP 	fix_cross: autoDraw = False
2026-08-03_16:35:39.333243 	EXP 	fix_cross: autoDraw = True
2026-08-03_16:35:39.349792 	EXP 	fix_cross: autoDraw = False
2026-08-03_16:35:39.349792 	EXP 	fix_cross: autoDraw = True
2026-08-03_16:35:39.367135 	EXP 	fix_cross: autoDraw = False
2026-08-03_16:35:39.367135 	EXP 	fix_cross: autoDraw = True
2026-08-03_16:35:39.367135 	EXP 	fix_cross: autoDraw = False
2026-08-03_16:35:39.367135 	EXP 	fix_cross_2: autoDraw = True
2026-08-03_16:35:40.557638 	EXP 	New trial (rep=0, index=9): <Trial 9 (9 in rep 0) data={'block': 1, 'trial_in_block': 10, 'concept': 'dog', 'concept_num': 5, 'concept_num_word': 5, 'exemplar_num': 10, 'image_shown': 'dog\\dog_10.jpg', 'word_shown_english': 'dog', 'word_shown_german': 'Hund', 'word_shown_french': 'Chien', 'is_prompt': 1, 'is_mismatch': 0, 'ITI_length': 1.12, 'correct_response': None, 'nonmatch_pres_side': None, 'thisN': 9, 'thisTrialN': 9, 'thisRepN': 0}>
2026-08-03_16:35:40.638156 	EXP 	fix_cross_2: autoDraw = False
2026-08-03_16:35:40.638156 	EXP 	fix_cross_2: autoDraw = False
2026-08-03_16:35:40.638156 	EXP 	breaks_instruction: text = 'Pause, die Aufgabe geht gleich weiter.\nEs sind noch 9 Blöcke übrig.'
2026-08-03_16:35:40.638156 	EXP 	instruction_continuebreak: text = 'Die Pause ist vorbei.\nBitte drücken Sie eine beliebige Taste,\nsobald sie bereit sind, weiterzumachen.'
2026-08-03_16:35:40.638156 	EXP 	breaks_instruction: autoDraw = False
2026-08-03_16:35:40.638156 	EXP 	progress_bar_breaks: autoDraw = False
2026-08-03_16:35:40.638156 	EXP 	instruction_continuebreak: autoDraw = False
2026-08-03_16:35:40.638156 	EXP 	image: image = 'stimuli\\dog\\dog_10.jpg'
2026-08-03_16:35:40.638156 	EXP 	image: autoDraw = True
2026-08-03_16:35:41.388138 	EXP 	spoken_word: sampleRate = 44100
2026-08-03_16:35:41.394140 	INFO 	Resampled audio from 44100Hz to 48000Hz using method 'default'.
2026-08-03_16:35:41.394181 	DEBUG 	Converted audio clip from mono to stereo
2026-08-03_16:35:41.395642 	EXP 	Sound spoken_word reached end of file
83.2832 	EXP 	Playing sound spoken_word on speaker Lautsprecher (Realtek(R) Audio)
2026-08-03_16:35:41.415311 	INFO 	Keyboard events cleared
2026-08-03_16:35:41.415185 	EXP 	image: autoDraw = False
2026-08-03_16:35:41.415185 	EXP 	image: autoDraw = False
2026-08-03_16:35:41.415185 	EXP 	fix_cross: foreColor = <psychopy.colors.Color: white, alpha=1.0>
2026-08-03_16:35:41.415185 	EXP 	fix_cross: autoDraw = True
2026-08-03_16:35:41.868145 	EXP 	Sound spoken_word reached end of file
2026-08-03_16:35:41.895271 	EXP 	Sound spoken_word reached end of file
2026-08-03_16:35:42.898339 	EXP 	fix_cross: foreColor = <psychopy.colors.Color: green, alpha=1.0>
2026-08-03_16:35:42.915157 	EXP 	fix_cross: autoDraw = False
2026-08-03_16:35:42.915157 	EXP 	fix_cross: autoDraw = True
2026-08-03_16:35:42.931729 	EXP 	fix_cross: autoDraw = False
2026-08-03_16:35:42.931729 	EXP 	fix_cross: autoDraw = True
2026-08-03_16:35:42.948463 	EXP 	fix_cross: autoDraw = False
2026-08-03_16:35:42.948463 	EXP 	fix_cross: autoDraw = True
2026-08-03_16:35:42.964685 	EXP 	fix_cross: autoDraw = False
2026-08-03_16:35:42.964685 	EXP 	fix_cross: autoDraw = True
2026-08-03_16:35:42.982103 	EXP 	fix_cross: autoDraw = False
2026-08-03_16:35:42.982103 	EXP 	fix_cross: autoDraw = True
2026-08-03_16:35:43.006278 	EXP 	fix_cross: autoDraw = False
2026-08-03_16:35:43.006278 	EXP 	fix_cross: autoDraw = True
2026-08-03_16:35:43.039412 	EXP 	fix_cross: autoDraw = False
2026-08-03_16:35:43.039412 	EXP 	fix_cross: autoDraw = True
2026-08-03_16:35:43.066526 	EXP 	fix_cross: autoDraw = False
2026-08-03_16:35:43.066526 	EXP 	fix_cross: autoDraw = True
2026-08-03_16:35:43.082488 	EXP 	fix_cross: autoDraw = False
2026-08-03_16:35:43.082488 	EXP 	fix_cross: autoDraw = True
2026-08-03_16:35:43.098967 	EXP 	fix_cross: autoDraw = False
2026-08-03_16:35:43.098967 	EXP 	fix_cross: autoDraw = True
2026-08-03_16:35:43.098967 	EXP 	fix_cross: autoDraw = False
2026-08-03_16:35:43.098967 	EXP 	fix_cross_2: autoDraw = True
2026-08-03_16:35:44.219481 	EXP 	New trial (rep=0, index=10): <Trial 10 (10 in rep 0) data={'block': 1, 'trial_in_block': 11, 'concept': 'flower', 'concept_num': 6, 'concept_num_word': 6, 'exemplar_num': 45, 'image_shown': 'flower\\flower_45.jpg', 'word_shown_english': 'flower', 'word_shown_german': 'Blume', 'word_shown_french': 'Fleur', 'is_prompt': 1, 'is_mismatch': 0, 'ITI_length': 1.17, 'correct_response': None, 'nonmatch_pres_side': None, 'thisN': 10, 'thisTrialN': 10, 'thisRepN': 0}>
2026-08-03_16:35:44.323597 	EXP 	fix_cross_2: autoDraw = False
2026-08-03_16:35:44.323597 	EXP 	fix_cross_2: autoDraw = False
2026-08-03_16:35:44.323597 	EXP 	breaks_instruction: text = 'Pause, die Aufgabe geht gleich weiter.\nEs sind noch 9 Blöcke übrig.'
2026-08-03_16:35:44.323597 	EXP 	instruction_continuebreak: text = 'Die Pause ist vorbei.\nBitte drücken Sie eine beliebige Taste,\nsobald sie bereit sind, weiterzumachen.'
2026-08-03_16:35:44.323597 	EXP 	breaks_instruction: autoDraw = False
2026-08-03_16:35:44.323597 	EXP 	progress_bar_breaks: autoDraw = False
2026-08-03_16:35:44.323597 	EXP 	instruction_continuebreak: autoDraw = False
2026-08-03_16:35:44.323597 	EXP 	image: image = 'stimuli\\flower\\flower_45.jpg'
2026-08-03_16:35:44.323597 	EXP 	image: autoDraw = True
2026-08-03_16:35:45.072482 	EXP 	spoken_word: sampleRate = 24000
2026-08-03_16:35:45.076518 	INFO 	Resampled audio from 24000Hz to 48000Hz using method 'default'.
2026-08-03_16:35:45.076556 	DEBUG 	Converted audio clip from mono to stereo
2026-08-03_16:35:45.078776 	EXP 	Sound spoken_word reached end of file
86.9668 	EXP 	Playing sound spoken_word on speaker Lautsprecher (Realtek(R) Audio)
2026-08-03_16:35:45.097264 	INFO 	Keyboard events cleared
2026-08-03_16:35:45.097136 	EXP 	image: autoDraw = False
2026-08-03_16:35:45.097136 	EXP 	image: autoDraw = False
2026-08-03_16:35:45.097136 	EXP 	fix_cross: foreColor = <psychopy.colors.Color: white, alpha=1.0>
2026-08-03_16:35:45.097136 	EXP 	fix_cross: autoDraw = True
2026-08-03_16:35:45.968490 	EXP 	Sound spoken_word reached end of file
2026-08-03_16:35:45.986262 	EXP 	Sound spoken_word reached end of file
2026-08-03_16:35:46.597520 	EXP 	fix_cross: autoDraw = False
2026-08-03_16:35:46.597520 	EXP 	fix_cross: foreColor = <psychopy.colors.Color: green, alpha=1.0>
2026-08-03_16:35:46.597520 	EXP 	fix_cross: autoDraw = True
2026-08-03_16:35:46.614173 	EXP 	fix_cross: autoDraw = False
2026-08-03_16:35:46.614173 	EXP 	fix_cross: autoDraw = True
2026-08-03_16:35:46.630727 	EXP 	fix_cross: autoDraw = False
2026-08-03_16:35:46.630727 	EXP 	fix_cross: autoDraw = True
2026-08-03_16:35:46.647828 	EXP 	fix_cross: autoDraw = False
2026-08-03_16:35:46.647828 	EXP 	fix_cross: autoDraw = True
2026-08-03_16:35:46.672589 	EXP 	fix_cross: autoDraw = False
2026-08-03_16:35:46.672589 	EXP 	fix_cross: autoDraw = True
2026-08-03_16:35:46.696969 	EXP 	fix_cross: autoDraw = False
2026-08-03_16:35:46.696969 	EXP 	fix_cross: autoDraw = True
2026-08-03_16:35:46.735749 	EXP 	fix_cross: autoDraw = False
2026-08-03_16:35:46.735749 	EXP 	fix_cross: autoDraw = True
2026-08-03_16:35:46.765466 	EXP 	fix_cross: autoDraw = False
2026-08-03_16:35:46.765466 	EXP 	fix_cross: autoDraw = True
2026-08-03_16:35:46.788513 	EXP 	fix_cross: autoDraw = False
2026-08-03_16:35:46.788513 	EXP 	fix_cross: autoDraw = True
2026-08-03_16:35:46.820814 	EXP 	fix_cross: autoDraw = False
2026-08-03_16:35:46.820814 	EXP 	fix_cross: autoDraw = True
2026-08-03_16:35:46.820814 	EXP 	fix_cross: autoDraw = False
2026-08-03_16:35:46.820814 	EXP 	fix_cross_2: autoDraw = True
2026-08-03_16:35:47.983768 	EXP 	New trial (rep=0, index=11): <Trial 11 (11 in rep 0) data={'block': 1, 'trial_in_block': 12, 'concept': 'house', 'concept_num': 9, 'concept_num_word': 9, 'exemplar_num': 39, 'image_shown': 'house\\house_39.jpg', 'word_shown_english': 'house', 'word_shown_german': 'Haus', 'word_shown_french': 'Maison', 'is_prompt': 1, 'is_mismatch': 0, 'ITI_length': 0.76, 'correct_response': None, 'nonmatch_pres_side': None, 'thisN': 11, 'thisTrialN': 11, 'thisRepN': 0}>
2026-08-03_16:35:48.035415 	EXP 	fix_cross_2: autoDraw = False
2026-08-03_16:35:48.035415 	EXP 	fix_cross_2: autoDraw = False
2026-08-03_16:35:48.035415 	EXP 	breaks_instruction: text = 'Pause, die Aufgabe geht gleich weiter.\nEs sind noch 9 Blöcke übrig.'
2026-08-03_16:35:48.035415 	EXP 	instruction_continuebreak: text = 'Die Pause ist vorbei.\nBitte drücken Sie eine beliebige Taste,\nsobald sie bereit sind, weiterzumachen.'
2026-08-03_16:35:48.035415 	EXP 	breaks_instruction: autoDraw = False
2026-08-03_16:35:48.035415 	EXP 	progress_bar_breaks: autoDraw = False
2026-08-03_16:35:48.035415 	EXP 	instruction_continuebreak: autoDraw = False
2026-08-03_16:35:48.035415 	EXP 	image: image = 'stimuli\\house\\house_39.jpg'
2026-08-03_16:35:48.035415 	EXP 	image: autoDraw = True
2026-08-03_16:35:48.786683 	EXP 	spoken_word: sampleRate = 44100
2026-08-03_16:35:48.795665 	INFO 	Resampled audio from 44100Hz to 48000Hz using method 'default'.
2026-08-03_16:35:48.795717 	DEBUG 	Converted audio clip from mono to stereo
2026-08-03_16:35:48.797065 	EXP 	Sound spoken_word reached end of file
90.6976 	EXP 	Playing sound spoken_word on speaker Lautsprecher (Realtek(R) Audio)
2026-08-03_16:35:48.812898 	INFO 	Keyboard events cleared
2026-08-03_16:35:48.812773 	EXP 	image: autoDraw = False
2026-08-03_16:35:48.812773 	EXP 	image: autoDraw = False
2026-08-03_16:35:48.812773 	EXP 	fix_cross: foreColor = <psychopy.colors.Color: white, alpha=1.0>
2026-08-03_16:35:48.812773 	EXP 	fix_cross: autoDraw = True
2026-08-03_16:35:49.320740 	EXP 	Sound spoken_word reached end of file
2026-08-03_16:35:49.336376 	EXP 	Sound spoken_word reached end of file
2026-08-03_16:35:50.315948 	EXP 	fix_cross: foreColor = <psychopy.colors.Color: green, alpha=1.0>
2026-08-03_16:35:50.336845 	EXP 	fix_cross: autoDraw = False
2026-08-03_16:35:50.336845 	EXP 	fix_cross: autoDraw = True
2026-08-03_16:35:50.366629 	EXP 	fix_cross: autoDraw = False
2026-08-03_16:35:50.366629 	EXP 	fix_cross: autoDraw = True
2026-08-03_16:35:50.410795 	EXP 	fix_cross: autoDraw = False
2026-08-03_16:35:50.410795 	EXP 	fix_cross: autoDraw = True
2026-08-03_16:35:50.432636 	EXP 	fix_cross: autoDraw = False
2026-08-03_16:35:50.432636 	EXP 	fix_cross: autoDraw = True
2026-08-03_16:35:50.446178 	EXP 	fix_cross: autoDraw = False
2026-08-03_16:35:50.446178 	EXP 	fix_cross: autoDraw = True
2026-08-03_16:35:50.463066 	EXP 	fix_cross: autoDraw = False
2026-08-03_16:35:50.463066 	EXP 	fix_cross: autoDraw = True
2026-08-03_16:35:50.479112 	EXP 	fix_cross: autoDraw = False
2026-08-03_16:35:50.479112 	EXP 	fix_cross: autoDraw = True
2026-08-03_16:35:50.495974 	EXP 	fix_cross: autoDraw = False
2026-08-03_16:35:50.495974 	EXP 	fix_cross: autoDraw = True
2026-08-03_16:35:50.512325 	EXP 	fix_cross: autoDraw = False
2026-08-03_16:35:50.512325 	EXP 	fix_cross: autoDraw = True
2026-08-03_16:35:50.512325 	EXP 	fix_cross: autoDraw = False
2026-08-03_16:35:50.512325 	EXP 	fix_cross_2: autoDraw = True
2026-08-03_16:35:51.266105 	EXP 	New trial (rep=0, index=12): <Trial 12 (12 in rep 0) data={'block': 1, 'trial_in_block': 13, 'concept': 'hammer', 'concept_num': 7, 'concept_num_word': 6, 'exemplar_num': 42, 'image_shown': 'hammer\\hammer_42.jpg', 'word_shown_english': 'flower', 'word_shown_german': 'Blume', 'word_shown_french': 'Fleur', 'is_prompt': 1, 'is_mismatch': 1, 'ITI_length': 1.15, 'correct_response': 'r', 'nonmatch_pres_side': 'left', 'thisN': 12, 'thisTrialN': 12, 'thisRepN': 0}>
2026-08-03_16:35:51.361000 	EXP 	fix_cross_2: autoDraw = False
2026-08-03_16:35:51.361000 	EXP 	fix_cross_2: autoDraw = False
2026-08-03_16:35:51.361000 	EXP 	breaks_instruction: text = 'Pause, die Aufgabe geht gleich weiter.\nEs sind noch 9 Blöcke übrig.'
2026-08-03_16:35:51.361000 	EXP 	instruction_continuebreak: text = 'Die Pause ist vorbei.\nBitte drücken Sie eine beliebige Taste,\nsobald sie bereit sind, weiterzumachen.'
2026-08-03_16:35:51.361000 	EXP 	breaks_instruction: autoDraw = False
2026-08-03_16:35:51.361000 	EXP 	progress_bar_breaks: autoDraw = False
2026-08-03_16:35:51.361000 	EXP 	instruction_continuebreak: autoDraw = False
2026-08-03_16:35:51.361000 	EXP 	image: image = 'stimuli\\hammer\\hammer_42.jpg'
2026-08-03_16:35:51.361000 	EXP 	image: autoDraw = True
2026-08-03_16:35:51.597656 	WARNING 	Keypress was given unknown key code (174)
2026-08-03_16:35:51.597740 	EXP 	Device response: <KeyPress from None: t=93.46004139998695, value=unknown, duration=None>
2026-08-03_16:35:51.670553 	EXP 	Device response: <KeyPress from None: t=93.46004139998695, value=unknown, duration=0.06729610002366826>
2026-08-03_16:35:51.736570 	WARNING 	Keypress was given unknown key code (174)
2026-08-03_16:35:51.736657 	EXP 	Device response: <KeyPress from None: t=93.61608469998464, value=unknown, duration=None>
2026-08-03_16:35:51.816289 	EXP 	Device response: <KeyPress from None: t=93.61608469998464, value=unknown, duration=0.07534929999383166>
2026-08-03_16:35:51.916757 	WARNING 	Keypress was given unknown key code (174)
2026-08-03_16:35:51.916834 	EXP 	Device response: <KeyPress from None: t=93.79342900001211, value=unknown, duration=None>
2026-08-03_16:35:51.983131 	EXP 	Device response: <KeyPress from None: t=93.79342900001211, value=unknown, duration=0.06728189997375011>
2026-08-03_16:35:52.100987 	EXP 	spoken_word: sampleRate = 24000
2026-08-03_16:35:52.103099 	INFO 	Resampled audio from 24000Hz to 48000Hz using method 'default'.
2026-08-03_16:35:52.103127 	DEBUG 	Converted audio clip from mono to stereo
2026-08-03_16:35:52.104097 	EXP 	Sound spoken_word reached end of file
93.9961 	EXP 	Playing sound spoken_word on speaker Lautsprecher (Realtek(R) Audio)
2026-08-03_16:35:52.112632 	INFO 	Keyboard events cleared
2026-08-03_16:35:52.112499 	EXP 	image: autoDraw = False
2026-08-03_16:35:52.112499 	EXP 	image: autoDraw = False
2026-08-03_16:35:52.112499 	EXP 	fix_cross: foreColor = <psychopy.colors.Color: white, alpha=1.0>
2026-08-03_16:35:52.112499 	EXP 	fix_cross: autoDraw = True
2026-08-03_16:35:52.135180 	WARNING 	Keypress was given unknown key code (174)
2026-08-03_16:35:52.135266 	EXP 	Device response: <KeyPress from None: t=94.0088606000063, value=unknown, duration=None>
2026-08-03_16:35:52.182766 	EXP 	Device response: <KeyPress from None: t=94.0088606000063, value=unknown, duration=0.05354379996424541>
2026-08-03_16:35:52.316934 	WARNING 	Keypress was given unknown key code (174)
2026-08-03_16:35:52.316997 	EXP 	Device response: <KeyPress from None: t=94.18500369996764, value=unknown, duration=None>
2026-08-03_16:35:52.366888 	EXP 	Device response: <KeyPress from None: t=94.18500369996764, value=unknown, duration=0.059549199999310076>
2026-08-03_16:35:52.485197 	WARNING 	Keypress was given unknown key code (174)
2026-08-03_16:35:52.485276 	EXP 	Device response: <KeyPress from None: t=94.35321309999563, value=unknown, duration=None>
2026-08-03_16:35:52.549372 	EXP 	Device response: <KeyPress from None: t=94.35321309999563, value=unknown, duration=0.06736360001377761>
2026-08-03_16:35:52.650756 	WARNING 	Keypress was given unknown key code (174)
2026-08-03_16:35:52.650830 	EXP 	Device response: <KeyPress from None: t=94.52962629997637, value=unknown, duration=None>
2026-08-03_16:35:52.700319 	EXP 	Device response: <KeyPress from None: t=94.52962629997637, value=unknown, duration=0.0495624000323005>
2026-08-03_16:35:52.812574 	WARNING 	Keypress was given unknown key code (174)
2026-08-03_16:35:52.812659 	EXP 	Device response: <KeyPress from None: t=94.69203149998793, value=unknown, duration=None>
2026-08-03_16:35:52.871260 	EXP 	Device response: <KeyPress from None: t=94.69203149998793, value=unknown, duration=0.06102429999737069>
2026-08-03_16:35:52.983742 	EXP 	Sound spoken_word reached end of file
2026-08-03_16:35:52.999690 	EXP 	Sound spoken_word reached end of file
2026-08-03_16:35:53.611612 	EXP 	fix_cross: autoDraw = False
2026-08-03_16:35:53.628435 	EXP 	fix_cross: foreColor = <psychopy.colors.Color: red, alpha=1.0>
2026-08-03_16:35:53.628435 	EXP 	fix_cross: autoDraw = True
2026-08-03_16:35:53.645108 	EXP 	fix_cross: autoDraw = False
2026-08-03_16:35:53.645108 	EXP 	fix_cross: autoDraw = True
2026-08-03_16:35:53.662940 	EXP 	fix_cross: autoDraw = False
2026-08-03_16:35:53.662940 	EXP 	fix_cross: autoDraw = True
2026-08-03_16:35:53.678444 	EXP 	fix_cross: autoDraw = False
2026-08-03_16:35:53.678444 	EXP 	fix_cross: autoDraw = True
2026-08-03_16:35:53.696181 	EXP 	fix_cross: autoDraw = False
2026-08-03_16:35:53.696181 	EXP 	fix_cross: autoDraw = True
2026-08-03_16:35:53.711499 	EXP 	fix_cross: autoDraw = False
2026-08-03_16:35:53.711499 	EXP 	fix_cross: autoDraw = True
2026-08-03_16:35:53.727971 	EXP 	fix_cross: autoDraw = False
2026-08-03_16:35:53.727971 	EXP 	fix_cross: autoDraw = True
2026-08-03_16:35:53.744717 	EXP 	fix_cross: autoDraw = False
2026-08-03_16:35:53.744717 	EXP 	fix_cross: autoDraw = True
2026-08-03_16:35:53.761379 	EXP 	fix_cross: autoDraw = False
2026-08-03_16:35:53.761379 	EXP 	fix_cross: autoDraw = True
2026-08-03_16:35:53.778135 	EXP 	fix_cross: autoDraw = False
2026-08-03_16:35:53.778135 	EXP 	fix_cross: autoDraw = True
2026-08-03_16:35:53.794793 	EXP 	fix_cross: autoDraw = False
2026-08-03_16:35:53.794793 	EXP 	fix_cross: autoDraw = True
2026-08-03_16:35:53.811545 	EXP 	fix_cross: autoDraw = False
2026-08-03_16:35:53.811545 	EXP 	fix_cross: autoDraw = True
2026-08-03_16:35:53.827987 	EXP 	fix_cross: autoDraw = False
2026-08-03_16:35:53.827987 	EXP 	fix_cross: autoDraw = True
2026-08-03_16:35:53.845029 	EXP 	fix_cross: autoDraw = False
2026-08-03_16:35:53.845029 	EXP 	fix_cross: autoDraw = True
2026-08-03_16:35:53.845029 	EXP 	fix_cross: autoDraw = False
2026-08-03_16:35:53.845029 	EXP 	fix_cross_2: autoDraw = True
2026-08-03_16:35:54.981637 	EXP 	New trial (rep=0, index=13): <Trial 13 (13 in rep 0) data={'block': 1, 'trial_in_block': 14, 'concept': 'dog', 'concept_num': 5, 'concept_num_word': 5, 'exemplar_num': 15, 'image_shown': 'dog\\dog_15.jpg', 'word_shown_english': 'dog', 'word_shown_german': 'Hund', 'word_shown_french': 'Chien', 'is_prompt': 1, 'is_mismatch': 0, 'ITI_length': 0.99, 'correct_response': None, 'nonmatch_pres_side': None, 'thisN': 13, 'thisTrialN': 13, 'thisRepN': 0}>
2026-08-03_16:35:55.015754 	EXP 	fix_cross_2: autoDraw = False
2026-08-03_16:35:55.015754 	EXP 	fix_cross_2: autoDraw = False
2026-08-03_16:35:55.015754 	EXP 	breaks_instruction: text = 'Pause, die Aufgabe geht gleich weiter.\nEs sind noch 9 Blöcke übrig.'
2026-08-03_16:35:55.015754 	EXP 	instruction_continuebreak: text = 'Die Pause ist vorbei.\nBitte drücken Sie eine beliebige Taste,\nsobald sie bereit sind, weiterzumachen.'
2026-08-03_16:35:55.015754 	EXP 	breaks_instruction: autoDraw = False
2026-08-03_16:35:55.015754 	EXP 	progress_bar_breaks: autoDraw = False
2026-08-03_16:35:55.015754 	EXP 	instruction_continuebreak: autoDraw = False
2026-08-03_16:35:55.015754 	EXP 	image: image = 'stimuli\\dog\\dog_15.jpg'
2026-08-03_16:35:55.015754 	EXP 	image: autoDraw = True
2026-08-03_16:35:55.773505 	EXP 	spoken_word: sampleRate = 44100
2026-08-03_16:35:55.778808 	INFO 	Resampled audio from 44100Hz to 48000Hz using method 'default'.
2026-08-03_16:35:55.778860 	DEBUG 	Converted audio clip from mono to stereo
2026-08-03_16:35:55.780159 	EXP 	Sound spoken_word reached end of file
97.6653 	EXP 	Playing sound spoken_word on speaker Lautsprecher (Realtek(R) Audio)
2026-08-03_16:35:55.794465 	INFO 	Keyboard events cleared
2026-08-03_16:35:55.794302 	EXP 	image: autoDraw = False
2026-08-03_16:35:55.794302 	EXP 	image: autoDraw = False
2026-08-03_16:35:55.794302 	EXP 	fix_cross: foreColor = <psychopy.colors.Color: white, alpha=1.0>
2026-08-03_16:35:55.794302 	EXP 	fix_cross: autoDraw = True
2026-08-03_16:35:56.260368 	EXP 	Sound spoken_word reached end of file
2026-08-03_16:35:56.280633 	EXP 	Sound spoken_word reached end of file
2026-08-03_16:35:57.295687 	EXP 	fix_cross: autoDraw = False
2026-08-03_16:35:57.295687 	EXP 	fix_cross: foreColor = <psychopy.colors.Color: green, alpha=1.0>
2026-08-03_16:35:57.295687 	EXP 	fix_cross: autoDraw = True
2026-08-03_16:35:57.315454 	EXP 	fix_cross: autoDraw = False
2026-08-03_16:35:57.315454 	EXP 	fix_cross: autoDraw = True
2026-08-03_16:35:57.334408 	EXP 	fix_cross: autoDraw = False
2026-08-03_16:35:57.334408 	EXP 	fix_cross: autoDraw = True
2026-08-03_16:35:57.360539 	EXP 	fix_cross: autoDraw = False
2026-08-03_16:35:57.360539 	EXP 	fix_cross: autoDraw = True
2026-08-03_16:35:57.377879 	EXP 	fix_cross: autoDraw = False
2026-08-03_16:35:57.377879 	EXP 	fix_cross: autoDraw = True
2026-08-03_16:35:57.401453 	EXP 	fix_cross: autoDraw = False
2026-08-03_16:35:57.401453 	EXP 	fix_cross: autoDraw = True
2026-08-03_16:35:57.426493 	EXP 	fix_cross: autoDraw = False
2026-08-03_16:35:57.426493 	EXP 	fix_cross: autoDraw = True
2026-08-03_16:35:57.443661 	EXP 	fix_cross: autoDraw = False
2026-08-03_16:35:57.443661 	EXP 	fix_cross: autoDraw = True
2026-08-03_16:35:57.460572 	EXP 	fix_cross: autoDraw = False
2026-08-03_16:35:57.460572 	EXP 	fix_cross: autoDraw = True
2026-08-03_16:35:57.476933 	EXP 	fix_cross: autoDraw = False
2026-08-03_16:35:57.476933 	EXP 	fix_cross: autoDraw = True
2026-08-03_16:35:57.493593 	EXP 	fix_cross: autoDraw = False
2026-08-03_16:35:57.493593 	EXP 	fix_cross: autoDraw = True
2026-08-03_16:35:57.510635 	EXP 	fix_cross: autoDraw = False
2026-08-03_16:35:57.510635 	EXP 	fix_cross: autoDraw = True
2026-08-03_16:35:57.510635 	EXP 	fix_cross: autoDraw = False
2026-08-03_16:35:57.510635 	EXP 	fix_cross_2: autoDraw = True
2026-08-03_16:35:58.499808 	EXP 	New trial (rep=0, index=14): <Trial 14 (14 in rep 0) data={'block': 1, 'trial_in_block': 15, 'concept': 'chair', 'concept_num': 4, 'concept_num_word': 4, 'exemplar_num': 40, 'image_shown': 'chair\\chair_40.jpg', 'word_shown_english': 'chair', 'word_shown_german': 'Stuhl', 'word_shown_french': 'Chaise', 'is_prompt': 1, 'is_mismatch': 0, 'ITI_length': 0.92, 'correct_response': None, 'nonmatch_pres_side': None, 'thisN': 14, 'thisTrialN': 14, 'thisRepN': 0}>
2026-08-03_16:35:58.547937 	EXP 	fix_cross_2: autoDraw = False
2026-08-03_16:35:58.547937 	EXP 	fix_cross_2: autoDraw = False
2026-08-03_16:35:58.547937 	EXP 	breaks_instruction: text = 'Pause, die Aufgabe geht gleich weiter.\nEs sind noch 9 Blöcke übrig.'
2026-08-03_16:35:58.547937 	EXP 	instruction_continuebreak: text = 'Die Pause ist vorbei.\nBitte drücken Sie eine beliebige Taste,\nsobald sie bereit sind, weiterzumachen.'
2026-08-03_16:35:58.547937 	EXP 	breaks_instruction: autoDraw = False
2026-08-03_16:35:58.547937 	EXP 	progress_bar_breaks: autoDraw = False
2026-08-03_16:35:58.547937 	EXP 	instruction_continuebreak: autoDraw = False
2026-08-03_16:35:58.547937 	EXP 	image: image = 'stimuli\\chair\\chair_40.jpg'
2026-08-03_16:35:58.547937 	EXP 	image: autoDraw = True
2026-08-03_16:35:59.299709 	EXP 	spoken_word: sampleRate = 44100
2026-08-03_16:35:59.305904 	INFO 	Resampled audio from 44100Hz to 48000Hz using method 'default'.
2026-08-03_16:35:59.305955 	DEBUG 	Converted audio clip from mono to stereo
2026-08-03_16:35:59.307280 	EXP 	Sound spoken_word reached end of file
101.1938 	EXP 	Playing sound spoken_word on speaker Lautsprecher (Realtek(R) Audio)
2026-08-03_16:35:59.326287 	INFO 	Keyboard events cleared
2026-08-03_16:35:59.326152 	EXP 	image: autoDraw = False
2026-08-03_16:35:59.326152 	EXP 	image: autoDraw = False
2026-08-03_16:35:59.326152 	EXP 	fix_cross: foreColor = <psychopy.colors.Color: white, alpha=1.0>
2026-08-03_16:35:59.326152 	EXP 	fix_cross: autoDraw = True
2026-08-03_16:35:59.850594 	EXP 	Sound spoken_word reached end of file
2026-08-03_16:35:59.865341 	EXP 	Sound spoken_word reached end of file
2026-08-03_16:36:00.809608 	EXP 	fix_cross: foreColor = <psychopy.colors.Color: green, alpha=1.0>
2026-08-03_16:36:00.826258 	EXP 	fix_cross: autoDraw = False
2026-08-03_16:36:00.826258 	EXP 	fix_cross: autoDraw = True
2026-08-03_16:36:00.846529 	EXP 	fix_cross: autoDraw = False
2026-08-03_16:36:00.846529 	EXP 	fix_cross: autoDraw = True
2026-08-03_16:36:00.859686 	EXP 	fix_cross: autoDraw = False
2026-08-03_16:36:00.859686 	EXP 	fix_cross: autoDraw = True
2026-08-03_16:36:00.877769 	EXP 	fix_cross: autoDraw = False
2026-08-03_16:36:00.877769 	EXP 	fix_cross: autoDraw = True
2026-08-03_16:36:00.893067 	EXP 	fix_cross: autoDraw = False
2026-08-03_16:36:00.893067 	EXP 	fix_cross: autoDraw = True
2026-08-03_16:36:00.909595 	EXP 	fix_cross: autoDraw = False
2026-08-03_16:36:00.909595 	EXP 	fix_cross: autoDraw = True
2026-08-03_16:36:00.927387 	EXP 	fix_cross: autoDraw = False
2026-08-03_16:36:00.927387 	EXP 	fix_cross: autoDraw = True
2026-08-03_16:36:00.942975 	EXP 	fix_cross: autoDraw = False
2026-08-03_16:36:00.942975 	EXP 	fix_cross: autoDraw = True
2026-08-03_16:36:00.959650 	EXP 	fix_cross: autoDraw = False
2026-08-03_16:36:00.959650 	EXP 	fix_cross: autoDraw = True
2026-08-03_16:36:00.975860 	EXP 	fix_cross: autoDraw = False
2026-08-03_16:36:00.975860 	EXP 	fix_cross: autoDraw = True
2026-08-03_16:36:00.992920 	EXP 	fix_cross: autoDraw = False
2026-08-03_16:36:00.992920 	EXP 	fix_cross: autoDraw = True
2026-08-03_16:36:01.009375 	EXP 	fix_cross: autoDraw = False
2026-08-03_16:36:01.009375 	EXP 	fix_cross: autoDraw = True
2026-08-03_16:36:01.025816 	EXP 	fix_cross: autoDraw = False
2026-08-03_16:36:01.025816 	EXP 	fix_cross: autoDraw = True
2026-08-03_16:36:01.025816 	EXP 	fix_cross: autoDraw = False
2026-08-03_16:36:01.025816 	EXP 	fix_cross_2: autoDraw = True
2026-08-03_16:36:01.947934 	EXP 	New trial (rep=0, index=15): <Trial 15 (15 in rep 0) data={'block': 1, 'trial_in_block': 16, 'concept': 'ball', 'concept_num': 1, 'concept_num_word': 1, 'exemplar_num': 36, 'image_shown': 'ball\\ball_36.jpg', 'word_shown_english': 'ball', 'word_shown_german': 'Ball', 'word_shown_french': 'Ballon', 'is_prompt': 1, 'is_mismatch': 0, 'ITI_length': 0.9, 'correct_response': None, 'nonmatch_pres_side': None, 'thisN': 15, 'thisTrialN': 15, 'thisRepN': 0}>
2026-08-03_16:36:02.034095 	EXP 	fix_cross_2: autoDraw = False
2026-08-03_16:36:02.034095 	EXP 	fix_cross_2: autoDraw = False
2026-08-03_16:36:02.034095 	EXP 	breaks_instruction: text = 'Pause, die Aufgabe geht gleich weiter.\nEs sind noch 9 Blöcke übrig.'
2026-08-03_16:36:02.034095 	EXP 	instruction_continuebreak: text = 'Die Pause ist vorbei.\nBitte drücken Sie eine beliebige Taste,\nsobald sie bereit sind, weiterzumachen.'
2026-08-03_16:36:02.034095 	EXP 	breaks_instruction: autoDraw = False
2026-08-03_16:36:02.034095 	EXP 	progress_bar_breaks: autoDraw = False
2026-08-03_16:36:02.034095 	EXP 	instruction_continuebreak: autoDraw = False
2026-08-03_16:36:02.034095 	EXP 	image: image = 'stimuli\\ball\\ball_36.jpg'
2026-08-03_16:36:02.034095 	EXP 	image: autoDraw = True
2026-08-03_16:36:02.784287 	EXP 	spoken_word: sampleRate = 24000
2026-08-03_16:36:02.787478 	INFO 	Resampled audio from 24000Hz to 48000Hz using method 'default'.
2026-08-03_16:36:02.787518 	DEBUG 	Converted audio clip from mono to stereo
2026-08-03_16:36:02.788966 	EXP 	Sound spoken_word reached end of file
104.6768 	EXP 	Playing sound spoken_word on speaker Lautsprecher (Realtek(R) Audio)
2026-08-03_16:36:02.808898 	INFO 	Keyboard events cleared
2026-08-03_16:36:02.808714 	EXP 	image: autoDraw = False
2026-08-03_16:36:02.808714 	EXP 	image: autoDraw = False
2026-08-03_16:36:02.808714 	EXP 	fix_cross: foreColor = <psychopy.colors.Color: white, alpha=1.0>
2026-08-03_16:36:02.808714 	EXP 	fix_cross: autoDraw = True
2026-08-03_16:36:03.544701 	EXP 	Sound spoken_word reached end of file
2026-08-03_16:36:03.564525 	EXP 	Sound spoken_word reached end of file
2026-08-03_16:36:04.316116 	EXP 	fix_cross: foreColor = <psychopy.colors.Color: green, alpha=1.0>
2026-08-03_16:36:04.341351 	EXP 	fix_cross: autoDraw = False
2026-08-03_16:36:04.341351 	EXP 	fix_cross: autoDraw = True
2026-08-03_16:36:04.357652 	EXP 	fix_cross: autoDraw = False
2026-08-03_16:36:04.357652 	EXP 	fix_cross: autoDraw = True
2026-08-03_16:36:04.375199 	EXP 	fix_cross: autoDraw = False
2026-08-03_16:36:04.375199 	EXP 	fix_cross: autoDraw = True
2026-08-03_16:36:04.400707 	EXP 	fix_cross: autoDraw = False
2026-08-03_16:36:04.400707 	EXP 	fix_cross: autoDraw = True
2026-08-03_16:36:04.424902 	EXP 	fix_cross: autoDraw = False
2026-08-03_16:36:04.424902 	EXP 	fix_cross: autoDraw = True
2026-08-03_16:36:04.442418 	EXP 	fix_cross: autoDraw = False
2026-08-03_16:36:04.442418 	EXP 	fix_cross: autoDraw = True
2026-08-03_16:36:04.458475 	EXP 	fix_cross: autoDraw = False
2026-08-03_16:36:04.458475 	EXP 	fix_cross: autoDraw = True
2026-08-03_16:36:04.475356 	EXP 	fix_cross: autoDraw = False
2026-08-03_16:36:04.475356 	EXP 	fix_cross: autoDraw = True
2026-08-03_16:36:04.491573 	EXP 	fix_cross: autoDraw = False
2026-08-03_16:36:04.491573 	EXP 	fix_cross: autoDraw = True
2026-08-03_16:36:04.508410 	EXP 	fix_cross: autoDraw = False
2026-08-03_16:36:04.508410 	EXP 	fix_cross: autoDraw = True
2026-08-03_16:36:04.508410 	EXP 	fix_cross: autoDraw = False
2026-08-03_16:36:04.508410 	EXP 	fix_cross_2: autoDraw = True
2026-08-03_16:36:05.399946 	EXP 	New trial (rep=0, index=16): <Trial 16 (16 in rep 0) data={'block': 1, 'trial_in_block': 17, 'concept': 'bicycle', 'concept_num': 2, 'concept_num_word': 2, 'exemplar_num': 10, 'image_shown': 'bicycle\\bicycle_10.jpg', 'word_shown_english': 'bicycle', 'word_shown_german': 'Fahrrad', 'word_shown_french': 'Vélo', 'is_prompt': 1, 'is_mismatch': 0, 'ITI_length': 1.01, 'correct_response': None, 'nonmatch_pres_side': None, 'thisN': 16, 'thisTrialN': 16, 'thisRepN': 0}>
2026-08-03_16:36:05.448897 	EXP 	fix_cross_2: autoDraw = False
2026-08-03_16:36:05.448897 	EXP 	fix_cross_2: autoDraw = False
2026-08-03_16:36:05.448897 	EXP 	breaks_instruction: text = 'Pause, die Aufgabe geht gleich weiter.\nEs sind noch 9 Blöcke übrig.'
2026-08-03_16:36:05.448897 	EXP 	instruction_continuebreak: text = 'Die Pause ist vorbei.\nBitte drücken Sie eine beliebige Taste,\nsobald sie bereit sind, weiterzumachen.'
2026-08-03_16:36:05.448897 	EXP 	breaks_instruction: autoDraw = False
2026-08-03_16:36:05.448897 	EXP 	progress_bar_breaks: autoDraw = False
2026-08-03_16:36:05.448897 	EXP 	instruction_continuebreak: autoDraw = False
2026-08-03_16:36:05.448897 	EXP 	image: image = 'stimuli\\bicycle\\bicycle_10.jpg'
2026-08-03_16:36:05.448897 	EXP 	image: autoDraw = True
2026-08-03_16:36:06.198202 	EXP 	spoken_word: sampleRate = 48000
2026-08-03_16:36:06.199759 	DEBUG 	Converted audio clip from mono to stereo
2026-08-03_16:36:06.201146 	EXP 	Sound spoken_word reached end of file
108.0924 	EXP 	Playing sound spoken_word on speaker Lautsprecher (Realtek(R) Audio)
2026-08-03_16:36:06.224111 	INFO 	Keyboard events cleared
2026-08-03_16:36:06.223952 	EXP 	image: autoDraw = False
2026-08-03_16:36:06.223952 	EXP 	image: autoDraw = False
2026-08-03_16:36:06.223952 	EXP 	fix_cross: foreColor = <psychopy.colors.Color: white, alpha=1.0>
2026-08-03_16:36:06.223952 	EXP 	fix_cross: autoDraw = True
2026-08-03_16:36:06.886641 	EXP 	Sound spoken_word reached end of file
2026-08-03_16:36:06.913128 	EXP 	Sound spoken_word reached end of file
2026-08-03_16:36:07.724058 	EXP 	fix_cross: autoDraw = False
2026-08-03_16:36:07.724058 	EXP 	fix_cross: foreColor = <psychopy.colors.Color: green, alpha=1.0>
2026-08-03_16:36:07.724058 	EXP 	fix_cross: autoDraw = True
2026-08-03_16:36:07.740731 	EXP 	fix_cross: autoDraw = False
2026-08-03_16:36:07.740731 	EXP 	fix_cross: autoDraw = True
2026-08-03_16:36:07.757426 	EXP 	fix_cross: autoDraw = False
2026-08-03_16:36:07.757426 	EXP 	fix_cross: autoDraw = True
2026-08-03_16:36:07.773871 	EXP 	fix_cross: autoDraw = False
2026-08-03_16:36:07.773871 	EXP 	fix_cross: autoDraw = True
2026-08-03_16:36:07.790853 	EXP 	fix_cross: autoDraw = False
2026-08-03_16:36:07.790853 	EXP 	fix_cross: autoDraw = True
2026-08-03_16:36:07.807126 	EXP 	fix_cross: autoDraw = False
2026-08-03_16:36:07.807126 	EXP 	fix_cross: autoDraw = True
2026-08-03_16:36:07.823944 	EXP 	fix_cross: autoDraw = False
2026-08-03_16:36:07.823944 	EXP 	fix_cross: autoDraw = True
2026-08-03_16:36:07.841094 	EXP 	fix_cross: autoDraw = False
2026-08-03_16:36:07.841094 	EXP 	fix_cross: autoDraw = True
2026-08-03_16:36:07.857247 	EXP 	fix_cross: autoDraw = False
2026-08-03_16:36:07.857247 	EXP 	fix_cross: autoDraw = True
2026-08-03_16:36:07.874079 	EXP 	fix_cross: autoDraw = False
2026-08-03_16:36:07.874079 	EXP 	fix_cross: autoDraw = True
2026-08-03_16:36:07.890686 	EXP 	fix_cross: autoDraw = False
2026-08-03_16:36:07.890686 	EXP 	fix_cross: autoDraw = True
2026-08-03_16:36:07.907459 	EXP 	fix_cross: autoDraw = False
2026-08-03_16:36:07.907459 	EXP 	fix_cross: autoDraw = True
2026-08-03_16:36:07.924068 	EXP 	fix_cross: autoDraw = False
2026-08-03_16:36:07.924068 	EXP 	fix_cross: autoDraw = True
2026-08-03_16:36:07.924068 	EXP 	fix_cross: autoDraw = False
2026-08-03_16:36:07.924068 	EXP 	fix_cross_2: autoDraw = True
2026-08-03_16:36:08.929460 	EXP 	New trial (rep=0, index=17): <Trial 17 (17 in rep 0) data={'block': 1, 'trial_in_block': 18, 'concept': 'hand', 'concept_num': 8, 'concept_num_word': 8, 'exemplar_num': 19, 'image_shown': 'hand\\hand_19.jpg', 'word_shown_english': 'hand', 'word_shown_german': 'Hand', 'word_shown_french': 'Main', 'is_prompt': 1, 'is_mismatch': 0, 'ITI_length': 1.1, 'correct_response': None, 'nonmatch_pres_side': None, 'thisN': 17, 'thisTrialN': 17, 'thisRepN': 0}>
2026-08-03_16:36:08.976130 	EXP 	fix_cross_2: autoDraw = False
2026-08-03_16:36:08.976130 	EXP 	fix_cross_2: autoDraw = False
2026-08-03_16:36:08.976130 	EXP 	breaks_instruction: text = 'Pause, die Aufgabe geht gleich weiter.\nEs sind noch 9 Blöcke übrig.'
2026-08-03_16:36:08.976130 	EXP 	instruction_continuebreak: text = 'Die Pause ist vorbei.\nBitte drücken Sie eine beliebige Taste,\nsobald sie bereit sind, weiterzumachen.'
2026-08-03_16:36:08.976130 	EXP 	breaks_instruction: autoDraw = False
2026-08-03_16:36:08.976130 	EXP 	progress_bar_breaks: autoDraw = False
2026-08-03_16:36:08.976130 	EXP 	instruction_continuebreak: autoDraw = False
2026-08-03_16:36:08.976130 	EXP 	image: image = 'stimuli\\hand\\hand_19.jpg'
2026-08-03_16:36:08.976130 	EXP 	image: autoDraw = True
2026-08-03_16:36:09.716002 	EXP 	spoken_word: sampleRate = 44100
2026-08-03_16:36:09.721422 	INFO 	Resampled audio from 44100Hz to 48000Hz using method 'default'.
2026-08-03_16:36:09.721475 	DEBUG 	Converted audio clip from mono to stereo
2026-08-03_16:36:09.723149 	EXP 	Sound spoken_word reached end of file
111.6098 	EXP 	Playing sound spoken_word on speaker Lautsprecher (Realtek(R) Audio)
2026-08-03_16:36:09.745373 	INFO 	Keyboard events cleared
2026-08-03_16:36:09.745228 	EXP 	image: autoDraw = False
2026-08-03_16:36:09.745228 	EXP 	image: autoDraw = False
2026-08-03_16:36:09.745228 	EXP 	fix_cross: foreColor = <psychopy.colors.Color: white, alpha=1.0>
2026-08-03_16:36:09.745228 	EXP 	fix_cross: autoDraw = True
2026-08-03_16:36:10.191702 	EXP 	Sound spoken_word reached end of file
2026-08-03_16:36:10.212719 	EXP 	Sound spoken_word reached end of file
2026-08-03_16:36:11.223235 	EXP 	fix_cross: foreColor = <psychopy.colors.Color: green, alpha=1.0>
2026-08-03_16:36:11.279874 	EXP 	fix_cross: autoDraw = False
2026-08-03_16:36:11.279874 	EXP 	fix_cross: autoDraw = True
2026-08-03_16:36:11.306943 	EXP 	fix_cross: autoDraw = False
2026-08-03_16:36:11.306943 	EXP 	fix_cross: autoDraw = True
2026-08-03_16:36:11.324130 	EXP 	fix_cross: autoDraw = False
2026-08-03_16:36:11.324130 	EXP 	fix_cross: autoDraw = True
2026-08-03_16:36:11.339694 	EXP 	fix_cross: autoDraw = False
2026-08-03_16:36:11.339694 	EXP 	fix_cross: autoDraw = True
2026-08-03_16:36:11.358411 	EXP 	fix_cross: autoDraw = False
2026-08-03_16:36:11.358411 	EXP 	fix_cross: autoDraw = True
2026-08-03_16:36:11.373094 	EXP 	fix_cross: autoDraw = False
2026-08-03_16:36:11.373094 	EXP 	fix_cross: autoDraw = True
2026-08-03_16:36:11.389542 	EXP 	fix_cross: autoDraw = False
2026-08-03_16:36:11.389542 	EXP 	fix_cross: autoDraw = True
2026-08-03_16:36:11.407458 	EXP 	fix_cross: autoDraw = False
2026-08-03_16:36:11.407458 	EXP 	fix_cross: autoDraw = True
2026-08-03_16:36:11.422925 	EXP 	fix_cross: autoDraw = False
2026-08-03_16:36:11.422925 	EXP 	fix_cross: autoDraw = True
2026-08-03_16:36:11.439643 	EXP 	fix_cross: autoDraw = False
2026-08-03_16:36:11.439643 	EXP 	fix_cross: autoDraw = True
2026-08-03_16:36:11.439643 	EXP 	fix_cross: autoDraw = False
2026-08-03_16:36:11.439643 	EXP 	fix_cross_2: autoDraw = True
2026-08-03_16:36:12.534144 	EXP 	New trial (rep=0, index=18): <Trial 18 (18 in rep 0) data={'block': 1, 'trial_in_block': 19, 'concept': 'bread', 'concept_num': 3, 'concept_num_word': 3, 'exemplar_num': 47, 'image_shown': 'bread\\bread_47.jpg', 'word_shown_english': 'bread', 'word_shown_german': 'Brot', 'word_shown_french': 'Pain', 'is_prompt': 1, 'is_mismatch': 0, 'ITI_length': 0.87, 'correct_response': None, 'nonmatch_pres_side': None, 'thisN': 18, 'thisTrialN': 18, 'thisRepN': 0}>
2026-08-03_16:36:12.648282 	EXP 	fix_cross_2: autoDraw = False
2026-08-03_16:36:12.648282 	EXP 	fix_cross_2: autoDraw = False
2026-08-03_16:36:12.648282 	EXP 	breaks_instruction: text = 'Pause, die Aufgabe geht gleich weiter.\nEs sind noch 9 Blöcke übrig.'
2026-08-03_16:36:12.648282 	EXP 	instruction_continuebreak: text = 'Die Pause ist vorbei.\nBitte drücken Sie eine beliebige Taste,\nsobald sie bereit sind, weiterzumachen.'
2026-08-03_16:36:12.648282 	EXP 	breaks_instruction: autoDraw = False
2026-08-03_16:36:12.648282 	EXP 	progress_bar_breaks: autoDraw = False
2026-08-03_16:36:12.648282 	EXP 	instruction_continuebreak: autoDraw = False
2026-08-03_16:36:12.648282 	EXP 	image: image = 'stimuli\\bread\\bread_47.jpg'
2026-08-03_16:36:12.648282 	EXP 	image: autoDraw = True
2026-08-03_16:36:13.395693 	EXP 	spoken_word: sampleRate = 24000
2026-08-03_16:36:13.399239 	INFO 	Resampled audio from 24000Hz to 48000Hz using method 'default'.
2026-08-03_16:36:13.399285 	DEBUG 	Converted audio clip from mono to stereo
2026-08-03_16:36:13.401498 	EXP 	Sound spoken_word reached end of file
115.2900 	EXP 	Playing sound spoken_word on speaker Lautsprecher (Realtek(R) Audio)
2026-08-03_16:36:13.423149 	INFO 	Keyboard events cleared
2026-08-03_16:36:13.423010 	EXP 	image: autoDraw = False
2026-08-03_16:36:13.423010 	EXP 	image: autoDraw = False
2026-08-03_16:36:13.423010 	EXP 	fix_cross: foreColor = <psychopy.colors.Color: white, alpha=1.0>
2026-08-03_16:36:13.423010 	EXP 	fix_cross: autoDraw = True
2026-08-03_16:36:14.312200 	EXP 	Sound spoken_word reached end of file
2026-08-03_16:36:14.327037 	EXP 	Sound spoken_word reached end of file
2026-08-03_16:36:14.905373 	EXP 	fix_cross: foreColor = <psychopy.colors.Color: green, alpha=1.0>
2026-08-03_16:36:14.924623 	EXP 	fix_cross: autoDraw = False
2026-08-03_16:36:14.924623 	EXP 	fix_cross: autoDraw = True
2026-08-03_16:36:14.941547 	EXP 	fix_cross: autoDraw = False
2026-08-03_16:36:14.941547 	EXP 	fix_cross: autoDraw = True
2026-08-03_16:36:14.956031 	EXP 	fix_cross: autoDraw = False
2026-08-03_16:36:14.956031 	EXP 	fix_cross: autoDraw = True
2026-08-03_16:36:14.972695 	EXP 	fix_cross: autoDraw = False
2026-08-03_16:36:14.972695 	EXP 	fix_cross: autoDraw = True
2026-08-03_16:36:14.990593 	EXP 	fix_cross: autoDraw = False
2026-08-03_16:36:14.990593 	EXP 	fix_cross: autoDraw = True
2026-08-03_16:36:15.008896 	EXP 	fix_cross: autoDraw = False
2026-08-03_16:36:15.008896 	EXP 	fix_cross: autoDraw = True
2026-08-03_16:36:15.030570 	EXP 	fix_cross: autoDraw = False
2026-08-03_16:36:15.030570 	EXP 	fix_cross: autoDraw = True
2026-08-03_16:36:15.054559 	EXP 	fix_cross: autoDraw = False
2026-08-03_16:36:15.054559 	EXP 	fix_cross: autoDraw = True
2026-08-03_16:36:15.078837 	EXP 	fix_cross: autoDraw = False
2026-08-03_16:36:15.078837 	EXP 	fix_cross: autoDraw = True
2026-08-03_16:36:15.112210 	EXP 	fix_cross: autoDraw = False
2026-08-03_16:36:15.112210 	EXP 	fix_cross: autoDraw = True
2026-08-03_16:36:15.139598 	EXP 	fix_cross: autoDraw = False
2026-08-03_16:36:15.139598 	EXP 	fix_cross: autoDraw = True
2026-08-03_16:36:15.139598 	EXP 	fix_cross: autoDraw = False
2026-08-03_16:36:15.139598 	EXP 	fix_cross_2: autoDraw = True
2026-08-03_16:36:16.015257 	EXP 	New trial (rep=0, index=19): <Trial 19 (19 in rep 0) data={'block': 1, 'trial_in_block': 20, 'concept': 'ball', 'concept_num': 1, 'concept_num_word': 1, 'exemplar_num': 4, 'image_shown': 'ball\\ball_04.jpg', 'word_shown_english': 'ball', 'word_shown_german': 'Ball', 'word_shown_french': 'Ballon', 'is_prompt': 1, 'is_mismatch': 0, 'ITI_length': 1.09, 'correct_response': None, 'nonmatch_pres_side': None, 'thisN': 19, 'thisTrialN': 19, 'thisRepN': 0}>
2026-08-03_16:36:16.065109 	EXP 	fix_cross_2: autoDraw = False
2026-08-03_16:36:16.065109 	EXP 	fix_cross_2: autoDraw = False
2026-08-03_16:36:16.065109 	EXP 	breaks_instruction: text = 'Pause, die Aufgabe geht gleich weiter.\nEs sind noch 9 Blöcke übrig.'
2026-08-03_16:36:16.065109 	EXP 	instruction_continuebreak: text = 'Die Pause ist vorbei.\nBitte drücken Sie eine beliebige Taste,\nsobald sie bereit sind, weiterzumachen.'
2026-08-03_16:36:16.065109 	EXP 	breaks_instruction: autoDraw = False
2026-08-03_16:36:16.065109 	EXP 	progress_bar_breaks: autoDraw = False
2026-08-03_16:36:16.065109 	EXP 	instruction_continuebreak: autoDraw = False
2026-08-03_16:36:16.065109 	EXP 	image: image = 'stimuli\\ball\\ball_04.jpg'
2026-08-03_16:36:16.065109 	EXP 	image: autoDraw = True
2026-08-03_16:36:16.818841 	EXP 	spoken_word: sampleRate = 24000
2026-08-03_16:36:16.821685 	INFO 	Resampled audio from 24000Hz to 48000Hz using method 'default'.
2026-08-03_16:36:16.821723 	DEBUG 	Converted audio clip from mono to stereo
2026-08-03_16:36:16.823478 	EXP 	Sound spoken_word reached end of file
118.7129 	EXP 	Playing sound spoken_word on speaker Lautsprecher (Realtek(R) Audio)
2026-08-03_16:36:16.840648 	INFO 	Keyboard events cleared
2026-08-03_16:36:16.840504 	EXP 	image: autoDraw = False
2026-08-03_16:36:16.840504 	EXP 	image: autoDraw = False
2026-08-03_16:36:16.840504 	EXP 	fix_cross: foreColor = <psychopy.colors.Color: white, alpha=1.0>
2026-08-03_16:36:16.840504 	EXP 	fix_cross: autoDraw = True
2026-08-03_16:36:17.579574 	EXP 	Sound spoken_word reached end of file
2026-08-03_16:36:17.592343 	EXP 	Sound spoken_word reached end of file
2026-08-03_16:36:18.343136 	EXP 	fix_cross: foreColor = <psychopy.colors.Color: green, alpha=1.0>
2026-08-03_16:36:18.362722 	EXP 	fix_cross: autoDraw = False
2026-08-03_16:36:18.362722 	EXP 	fix_cross: autoDraw = True
2026-08-03_16:36:18.387672 	EXP 	fix_cross: autoDraw = False
2026-08-03_16:36:18.387672 	EXP 	fix_cross: autoDraw = True
2026-08-03_16:36:18.405050 	EXP 	fix_cross: autoDraw = False
2026-08-03_16:36:18.405050 	EXP 	fix_cross: autoDraw = True
2026-08-03_16:36:18.420701 	EXP 	fix_cross: autoDraw = False
2026-08-03_16:36:18.420701 	EXP 	fix_cross: autoDraw = True
2026-08-03_16:36:18.437497 	EXP 	fix_cross: autoDraw = False
2026-08-03_16:36:18.437497 	EXP 	fix_cross: autoDraw = True
2026-08-03_16:36:18.453837 	EXP 	fix_cross: autoDraw = False
2026-08-03_16:36:18.453837 	EXP 	fix_cross: autoDraw = True
2026-08-03_16:36:18.470803 	EXP 	fix_cross: autoDraw = False
2026-08-03_16:36:18.470803 	EXP 	fix_cross: autoDraw = True
2026-08-03_16:36:18.487548 	EXP 	fix_cross: autoDraw = False
2026-08-03_16:36:18.487548 	EXP 	fix_cross: autoDraw = True
2026-08-03_16:36:18.504100 	EXP 	fix_cross: autoDraw = False
2026-08-03_16:36:18.504100 	EXP 	fix_cross: autoDraw = True
2026-08-03_16:36:18.520734 	EXP 	fix_cross: autoDraw = False
2026-08-03_16:36:18.520734 	EXP 	fix_cross: autoDraw = True
2026-08-03_16:36:18.537893 	EXP 	fix_cross: autoDraw = False
2026-08-03_16:36:18.537893 	EXP 	fix_cross: autoDraw = True
2026-08-03_16:36:18.537893 	EXP 	fix_cross: autoDraw = False
2026-08-03_16:36:18.537893 	EXP 	fix_cross_2: autoDraw = True
2026-08-03_16:36:19.626997 	EXP 	New trial (rep=0, index=20): <Trial 20 (20 in rep 0) data={'block': 1, 'trial_in_block': 21, 'concept': 'jacket', 'concept_num': 10, 'concept_num_word': 10, 'exemplar_num': 37, 'image_shown': 'jacket\\jacket_37.jpg', 'word_shown_english': 'jacket', 'word_shown_german': 'Jacke', 'word_shown_french': 'Veste', 'is_prompt': 1, 'is_mismatch': 0, 'ITI_length': 0.82, 'correct_response': None, 'nonmatch_pres_side': None, 'thisN': 20, 'thisTrialN': 20, 'thisRepN': 0}>
2026-08-03_16:36:19.674967 	EXP 	fix_cross_2: autoDraw = False
2026-08-03_16:36:19.674967 	EXP 	fix_cross_2: autoDraw = False
2026-08-03_16:36:19.674967 	EXP 	breaks_instruction: text = 'Pause, die Aufgabe geht gleich weiter.\nEs sind noch 9 Blöcke übrig.'
2026-08-03_16:36:19.674967 	EXP 	instruction_continuebreak: text = 'Die Pause ist vorbei.\nBitte drücken Sie eine beliebige Taste,\nsobald sie bereit sind, weiterzumachen.'
2026-08-03_16:36:19.674967 	EXP 	breaks_instruction: autoDraw = False
2026-08-03_16:36:19.674967 	EXP 	progress_bar_breaks: autoDraw = False
2026-08-03_16:36:19.674967 	EXP 	instruction_continuebreak: autoDraw = False
2026-08-03_16:36:19.674967 	EXP 	image: image = 'stimuli\\jacket\\jacket_37.jpg'
2026-08-03_16:36:19.674967 	EXP 	image: autoDraw = True
2026-08-03_16:36:20.425473 	EXP 	spoken_word: sampleRate = 44100
2026-08-03_16:36:20.431208 	INFO 	Resampled audio from 44100Hz to 48000Hz using method 'default'.
2026-08-03_16:36:20.431251 	DEBUG 	Converted audio clip from mono to stereo
2026-08-03_16:36:20.432632 	EXP 	Sound spoken_word reached end of file
122.3208 	EXP 	Playing sound spoken_word on speaker Lautsprecher (Realtek(R) Audio)
2026-08-03_16:36:20.453177 	INFO 	Keyboard events cleared
2026-08-03_16:36:20.453048 	EXP 	image: autoDraw = False
2026-08-03_16:36:20.453048 	EXP 	image: autoDraw = False
2026-08-03_16:36:20.453048 	EXP 	fix_cross: foreColor = <psychopy.colors.Color: white, alpha=1.0>
2026-08-03_16:36:20.453048 	EXP 	fix_cross: autoDraw = True
2026-08-03_16:36:20.965487 	EXP 	Sound spoken_word reached end of file
2026-08-03_16:36:20.991048 	EXP 	Sound spoken_word reached end of file
2026-08-03_16:36:21.936200 	EXP 	fix_cross: foreColor = <psychopy.colors.Color: green, alpha=1.0>
2026-08-03_16:36:21.952591 	EXP 	fix_cross: autoDraw = False
2026-08-03_16:36:21.952591 	EXP 	fix_cross: autoDraw = True
2026-08-03_16:36:21.969398 	EXP 	fix_cross: autoDraw = False
2026-08-03_16:36:21.969398 	EXP 	fix_cross: autoDraw = True
2026-08-03_16:36:21.985759 	EXP 	fix_cross: autoDraw = False
2026-08-03_16:36:21.985759 	EXP 	fix_cross: autoDraw = True
2026-08-03_16:36:22.002895 	EXP 	fix_cross: autoDraw = False
2026-08-03_16:36:22.002895 	EXP 	fix_cross: autoDraw = True
2026-08-03_16:36:22.019467 	EXP 	fix_cross: autoDraw = False
2026-08-03_16:36:22.019467 	EXP 	fix_cross: autoDraw = True
2026-08-03_16:36:22.035743 	EXP 	fix_cross: autoDraw = False
2026-08-03_16:36:22.035743 	EXP 	fix_cross: autoDraw = True
2026-08-03_16:36:22.052384 	EXP 	fix_cross: autoDraw = False
2026-08-03_16:36:22.052384 	EXP 	fix_cross: autoDraw = True
2026-08-03_16:36:22.069267 	EXP 	fix_cross: autoDraw = False
2026-08-03_16:36:22.069267 	EXP 	fix_cross: autoDraw = True
2026-08-03_16:36:22.085855 	EXP 	fix_cross: autoDraw = False
2026-08-03_16:36:22.085855 	EXP 	fix_cross: autoDraw = True
2026-08-03_16:36:22.102470 	EXP 	fix_cross: autoDraw = False
2026-08-03_16:36:22.102470 	EXP 	fix_cross: autoDraw = True
2026-08-03_16:36:22.119319 	EXP 	fix_cross: autoDraw = False
2026-08-03_16:36:22.119319 	EXP 	fix_cross: autoDraw = True
2026-08-03_16:36:22.136160 	EXP 	fix_cross: autoDraw = False
2026-08-03_16:36:22.136160 	EXP 	fix_cross: autoDraw = True
2026-08-03_16:36:22.152679 	EXP 	fix_cross: autoDraw = False
2026-08-03_16:36:22.152679 	EXP 	fix_cross: autoDraw = True
2026-08-03_16:36:22.152679 	EXP 	fix_cross: autoDraw = False
2026-08-03_16:36:22.152679 	EXP 	fix_cross_2: autoDraw = True
2026-08-03_16:36:22.975041 	EXP 	New trial (rep=0, index=21): <Trial 21 (21 in rep 0) data={'block': 1, 'trial_in_block': 22, 'concept': 'bicycle', 'concept_num': 2, 'concept_num_word': 2, 'exemplar_num': 9, 'image_shown': 'bicycle\\bicycle_09.jpg', 'word_shown_english': 'bicycle', 'word_shown_german': 'Fahrrad', 'word_shown_french': 'Vélo', 'is_prompt': 1, 'is_mismatch': 0, 'ITI_length': 1.17, 'correct_response': None, 'nonmatch_pres_side': None, 'thisN': 21, 'thisTrialN': 21, 'thisRepN': 0}>
2026-08-03_16:36:23.022120 	EXP 	fix_cross_2: autoDraw = False
2026-08-03_16:36:23.022120 	EXP 	fix_cross_2: autoDraw = False
2026-08-03_16:36:23.022120 	EXP 	breaks_instruction: text = 'Pause, die Aufgabe geht gleich weiter.\nEs sind noch 9 Blöcke übrig.'
2026-08-03_16:36:23.022120 	EXP 	instruction_continuebreak: text = 'Die Pause ist vorbei.\nBitte drücken Sie eine beliebige Taste,\nsobald sie bereit sind, weiterzumachen.'
2026-08-03_16:36:23.022120 	EXP 	breaks_instruction: autoDraw = False
2026-08-03_16:36:23.022120 	EXP 	progress_bar_breaks: autoDraw = False
2026-08-03_16:36:23.022120 	EXP 	instruction_continuebreak: autoDraw = False
2026-08-03_16:36:23.022120 	EXP 	image: image = 'stimuli\\bicycle\\bicycle_09.jpg'
2026-08-03_16:36:23.022120 	EXP 	image: autoDraw = True
2026-08-03_16:36:23.776904 	EXP 	spoken_word: sampleRate = 48000
2026-08-03_16:36:23.778666 	DEBUG 	Converted audio clip from mono to stereo
2026-08-03_16:36:23.780069 	EXP 	Sound spoken_word reached end of file
125.6713 	EXP 	Playing sound spoken_word on speaker Lautsprecher (Realtek(R) Audio)
2026-08-03_16:36:23.804485 	INFO 	Keyboard events cleared
2026-08-03_16:36:23.804334 	EXP 	image: autoDraw = False
2026-08-03_16:36:23.804334 	EXP 	image: autoDraw = False
2026-08-03_16:36:23.804334 	EXP 	fix_cross: foreColor = <psychopy.colors.Color: white, alpha=1.0>
2026-08-03_16:36:23.804334 	EXP 	fix_cross: autoDraw = True
2026-08-03_16:36:24.466208 	EXP 	Sound spoken_word reached end of file
2026-08-03_16:36:24.489205 	EXP 	Sound spoken_word reached end of file
2026-08-03_16:36:25.317920 	EXP 	fix_cross: autoDraw = False
2026-08-03_16:36:25.317920 	EXP 	fix_cross: foreColor = <psychopy.colors.Color: green, alpha=1.0>
2026-08-03_16:36:25.317920 	EXP 	fix_cross: autoDraw = True
2026-08-03_16:36:25.336288 	EXP 	fix_cross: autoDraw = False
2026-08-03_16:36:25.336288 	EXP 	fix_cross: autoDraw = True
2026-08-03_16:36:25.352979 	EXP 	fix_cross: autoDraw = False
2026-08-03_16:36:25.352979 	EXP 	fix_cross: autoDraw = True
2026-08-03_16:36:25.368230 	EXP 	fix_cross: autoDraw = False
2026-08-03_16:36:25.368230 	EXP 	fix_cross: autoDraw = True
2026-08-03_16:36:25.384662 	EXP 	fix_cross: autoDraw = False
2026-08-03_16:36:25.384662 	EXP 	fix_cross: autoDraw = True
2026-08-03_16:36:25.401966 	EXP 	fix_cross: autoDraw = False
2026-08-03_16:36:25.401966 	EXP 	fix_cross: autoDraw = True
2026-08-03_16:36:25.418535 	EXP 	fix_cross: autoDraw = False
2026-08-03_16:36:25.418535 	EXP 	fix_cross: autoDraw = True
2026-08-03_16:36:25.435210 	EXP 	fix_cross: autoDraw = False
2026-08-03_16:36:25.435210 	EXP 	fix_cross: autoDraw = True
2026-08-03_16:36:25.451517 	EXP 	fix_cross: autoDraw = False
2026-08-03_16:36:25.451517 	EXP 	fix_cross: autoDraw = True
2026-08-03_16:36:25.468401 	EXP 	fix_cross: autoDraw = False
2026-08-03_16:36:25.468401 	EXP 	fix_cross: autoDraw = True
2026-08-03_16:36:25.484971 	EXP 	fix_cross: autoDraw = False
2026-08-03_16:36:25.484971 	EXP 	fix_cross: autoDraw = True
2026-08-03_16:36:25.501628 	EXP 	fix_cross: autoDraw = False
2026-08-03_16:36:25.501628 	EXP 	fix_cross: autoDraw = True
2026-08-03_16:36:25.518377 	EXP 	fix_cross: autoDraw = False
2026-08-03_16:36:25.518377 	EXP 	fix_cross: autoDraw = True
2026-08-03_16:36:25.518377 	EXP 	fix_cross: autoDraw = False
2026-08-03_16:36:25.518377 	EXP 	fix_cross_2: autoDraw = True
2026-08-03_16:36:26.697375 	EXP 	New trial (rep=0, index=22): <Trial 22 (22 in rep 0) data={'block': 1, 'trial_in_block': 23, 'concept': 'ball', 'concept_num': 1, 'concept_num_word': 5, 'exemplar_num': 8, 'image_shown': 'ball\\ball_08.jpg', 'word_shown_english': 'dog', 'word_shown_german': 'Hund', 'word_shown_french': 'Chien', 'is_prompt': 1, 'is_mismatch': 1, 'ITI_length': 0.89, 'correct_response': 'r', 'nonmatch_pres_side': 'right', 'thisN': 22, 'thisTrialN': 22, 'thisRepN': 0}>
2026-08-03_16:36:26.792877 	EXP 	fix_cross_2: autoDraw = False
2026-08-03_16:36:26.792877 	EXP 	fix_cross_2: autoDraw = False
2026-08-03_16:36:26.792877 	EXP 	breaks_instruction: text = 'Pause, die Aufgabe geht gleich weiter.\nEs sind noch 9 Blöcke übrig.'
2026-08-03_16:36:26.792877 	EXP 	instruction_continuebreak: text = 'Die Pause ist vorbei.\nBitte drücken Sie eine beliebige Taste,\nsobald sie bereit sind, weiterzumachen.'
2026-08-03_16:36:26.792877 	EXP 	breaks_instruction: autoDraw = False
2026-08-03_16:36:26.792877 	EXP 	progress_bar_breaks: autoDraw = False
2026-08-03_16:36:26.792877 	EXP 	instruction_continuebreak: autoDraw = False
2026-08-03_16:36:26.792877 	EXP 	image: image = 'stimuli\\ball\\ball_08.jpg'
2026-08-03_16:36:26.792877 	EXP 	image: autoDraw = True
2026-08-03_16:36:27.540159 	EXP 	spoken_word: sampleRate = 44100
2026-08-03_16:36:27.545227 	INFO 	Resampled audio from 44100Hz to 48000Hz using method 'default'.
2026-08-03_16:36:27.545265 	DEBUG 	Converted audio clip from mono to stereo
2026-08-03_16:36:27.546810 	EXP 	Sound spoken_word reached end of file
129.4349 	EXP 	Playing sound spoken_word on speaker Lautsprecher (Realtek(R) Audio)
2026-08-03_16:36:27.567853 	INFO 	Keyboard events cleared
2026-08-03_16:36:27.567699 	EXP 	image: autoDraw = False
2026-08-03_16:36:27.567699 	EXP 	image: autoDraw = False
2026-08-03_16:36:27.567699 	EXP 	fix_cross: foreColor = <psychopy.colors.Color: white, alpha=1.0>
2026-08-03_16:36:27.567699 	EXP 	fix_cross: autoDraw = True
2026-08-03_16:36:28.028261 	EXP 	Sound spoken_word reached end of file
2026-08-03_16:36:28.056827 	EXP 	Sound spoken_word reached end of file
2026-08-03_16:36:29.051792 	EXP 	fix_cross: foreColor = <psychopy.colors.Color: red, alpha=1.0>
2026-08-03_16:36:29.067245 	EXP 	fix_cross: autoDraw = False
2026-08-03_16:36:29.067245 	EXP 	fix_cross: autoDraw = True
2026-08-03_16:36:29.083896 	EXP 	fix_cross: autoDraw = False
2026-08-03_16:36:29.083896 	EXP 	fix_cross: autoDraw = True
2026-08-03_16:36:29.100554 	EXP 	fix_cross: autoDraw = False
2026-08-03_16:36:29.100554 	EXP 	fix_cross: autoDraw = True
2026-08-03_16:36:29.117260 	EXP 	fix_cross: autoDraw = False
2026-08-03_16:36:29.117260 	EXP 	fix_cross: autoDraw = True
2026-08-03_16:36:29.134088 	EXP 	fix_cross: autoDraw = False
2026-08-03_16:36:29.134088 	EXP 	fix_cross: autoDraw = True
2026-08-03_16:36:29.151040 	EXP 	fix_cross: autoDraw = False
2026-08-03_16:36:29.151040 	EXP 	fix_cross: autoDraw = True
2026-08-03_16:36:29.171896 	EXP 	fix_cross: autoDraw = False
2026-08-03_16:36:29.171896 	EXP 	fix_cross: autoDraw = True
2026-08-03_16:36:29.184489 	EXP 	fix_cross: autoDraw = False
2026-08-03_16:36:29.184489 	EXP 	fix_cross: autoDraw = True
2026-08-03_16:36:29.201506 	EXP 	fix_cross: autoDraw = False
2026-08-03_16:36:29.201506 	EXP 	fix_cross: autoDraw = True
2026-08-03_16:36:29.220097 	EXP 	fix_cross: autoDraw = False
2026-08-03_16:36:29.220097 	EXP 	fix_cross: autoDraw = True
2026-08-03_16:36:29.237627 	EXP 	fix_cross: autoDraw = False
2026-08-03_16:36:29.237627 	EXP 	fix_cross: autoDraw = True
2026-08-03_16:36:29.252272 	EXP 	fix_cross: autoDraw = False
2026-08-03_16:36:29.252272 	EXP 	fix_cross: autoDraw = True
2026-08-03_16:36:29.252272 	EXP 	fix_cross: autoDraw = False
2026-08-03_16:36:29.252272 	EXP 	fix_cross_2: autoDraw = True
2026-08-03_16:36:30.145090 	EXP 	New trial (rep=0, index=23): <Trial 23 (23 in rep 0) data={'block': 1, 'trial_in_block': 24, 'concept': 'house', 'concept_num': 9, 'concept_num_word': 9, 'exemplar_num': 14, 'image_shown': 'house\\house_14.jpg', 'word_shown_english': 'house', 'word_shown_german': 'Haus', 'word_shown_french': 'Maison', 'is_prompt': 1, 'is_mismatch': 0, 'ITI_length': 0.97, 'correct_response': None, 'nonmatch_pres_side': None, 'thisN': 23, 'thisTrialN': 23, 'thisRepN': 0}>
2026-08-03_16:36:30.189112 	EXP 	fix_cross_2: autoDraw = False
2026-08-03_16:36:30.189112 	EXP 	fix_cross_2: autoDraw = False
2026-08-03_16:36:30.189112 	EXP 	breaks_instruction: text = 'Pause, die Aufgabe geht gleich weiter.\nEs sind noch 9 Blöcke übrig.'
2026-08-03_16:36:30.189112 	EXP 	instruction_continuebreak: text = 'Die Pause ist vorbei.\nBitte drücken Sie eine beliebige Taste,\nsobald sie bereit sind, weiterzumachen.'
2026-08-03_16:36:30.189112 	EXP 	breaks_instruction: autoDraw = False
2026-08-03_16:36:30.189112 	EXP 	progress_bar_breaks: autoDraw = False
2026-08-03_16:36:30.189112 	EXP 	instruction_continuebreak: autoDraw = False
2026-08-03_16:36:30.189112 	EXP 	image: image = 'stimuli\\house\\house_14.jpg'
2026-08-03_16:36:30.189112 	EXP 	image: autoDraw = True
2026-08-03_16:36:30.942786 	EXP 	spoken_word: sampleRate = 44100
2026-08-03_16:36:30.950772 	INFO 	Resampled audio from 44100Hz to 48000Hz using method 'default'.
2026-08-03_16:36:30.950828 	DEBUG 	Converted audio clip from mono to stereo
2026-08-03_16:36:30.952571 	EXP 	Sound spoken_word reached end of file
132.8531 	EXP 	Playing sound spoken_word on speaker Lautsprecher (Realtek(R) Audio)
2026-08-03_16:36:30.968100 	INFO 	Keyboard events cleared
2026-08-03_16:36:30.967961 	EXP 	image: autoDraw = False
2026-08-03_16:36:30.967961 	EXP 	image: autoDraw = False
2026-08-03_16:36:30.967961 	EXP 	fix_cross: foreColor = <psychopy.colors.Color: white, alpha=1.0>
2026-08-03_16:36:30.967961 	EXP 	fix_cross: autoDraw = True
2026-08-03_16:36:31.476226 	EXP 	Sound spoken_word reached end of file
2026-08-03_16:36:31.486582 	EXP 	Sound spoken_word reached end of file
2026-08-03_16:36:32.466260 	EXP 	fix_cross: foreColor = <psychopy.colors.Color: green, alpha=1.0>
2026-08-03_16:36:32.483065 	EXP 	fix_cross: autoDraw = False
2026-08-03_16:36:32.483065 	EXP 	fix_cross: autoDraw = True
2026-08-03_16:36:32.499589 	EXP 	fix_cross: autoDraw = False
2026-08-03_16:36:32.499589 	EXP 	fix_cross: autoDraw = True
2026-08-03_16:36:32.515986 	EXP 	fix_cross: autoDraw = False
2026-08-03_16:36:32.515986 	EXP 	fix_cross: autoDraw = True
2026-08-03_16:36:32.532868 	EXP 	fix_cross: autoDraw = False
2026-08-03_16:36:32.532868 	EXP 	fix_cross: autoDraw = True
2026-08-03_16:36:32.549571 	EXP 	fix_cross: autoDraw = False
2026-08-03_16:36:32.549571 	EXP 	fix_cross: autoDraw = True
2026-08-03_16:36:32.566049 	EXP 	fix_cross: autoDraw = False
2026-08-03_16:36:32.566049 	EXP 	fix_cross: autoDraw = True
2026-08-03_16:36:32.582891 	EXP 	fix_cross: autoDraw = False
2026-08-03_16:36:32.582891 	EXP 	fix_cross: autoDraw = True
2026-08-03_16:36:32.599535 	EXP 	fix_cross: autoDraw = False
2026-08-03_16:36:32.599535 	EXP 	fix_cross: autoDraw = True
2026-08-03_16:36:32.623144 	EXP 	fix_cross: autoDraw = False
2026-08-03_16:36:32.623144 	EXP 	fix_cross: autoDraw = True
2026-08-03_16:36:32.649195 	EXP 	fix_cross: autoDraw = False
2026-08-03_16:36:32.649195 	EXP 	fix_cross: autoDraw = True
2026-08-03_16:36:32.666116 	EXP 	fix_cross: autoDraw = False
2026-08-03_16:36:32.666116 	EXP 	fix_cross: autoDraw = True
2026-08-03_16:36:32.683038 	EXP 	fix_cross: autoDraw = False
2026-08-03_16:36:32.683038 	EXP 	fix_cross: autoDraw = True
2026-08-03_16:36:32.683038 	EXP 	fix_cross: autoDraw = False
2026-08-03_16:36:32.683038 	EXP 	fix_cross_2: autoDraw = True
2026-08-03_16:36:33.655409 	EXP 	New trial (rep=0, index=24): <Trial 24 (24 in rep 0) data={'block': 1, 'trial_in_block': 25, 'concept': 'bicycle', 'concept_num': 2, 'concept_num_word': 2, 'exemplar_num': 34, 'image_shown': 'bicycle\\bicycle_34.jpg', 'word_shown_english': 'bicycle', 'word_shown_german': 'Fahrrad', 'word_shown_french': 'Vélo', 'is_prompt': 1, 'is_mismatch': 0, 'ITI_length': 1.05, 'correct_response': None, 'nonmatch_pres_side': None, 'thisN': 24, 'thisTrialN': 24, 'thisRepN': 0}>
2026-08-03_16:36:33.704315 	EXP 	fix_cross_2: autoDraw = False
2026-08-03_16:36:33.704315 	EXP 	fix_cross_2: autoDraw = False
2026-08-03_16:36:33.704315 	EXP 	breaks_instruction: text = 'Pause, die Aufgabe geht gleich weiter.\nEs sind noch 9 Blöcke übrig.'
2026-08-03_16:36:33.704315 	EXP 	instruction_continuebreak: text = 'Die Pause ist vorbei.\nBitte drücken Sie eine beliebige Taste,\nsobald sie bereit sind, weiterzumachen.'
2026-08-03_16:36:33.704315 	EXP 	breaks_instruction: autoDraw = False
2026-08-03_16:36:33.704315 	EXP 	progress_bar_breaks: autoDraw = False
2026-08-03_16:36:33.704315 	EXP 	instruction_continuebreak: autoDraw = False
2026-08-03_16:36:33.704315 	EXP 	image: image = 'stimuli\\bicycle\\bicycle_34.jpg'
2026-08-03_16:36:33.704315 	EXP 	image: autoDraw = True
2026-08-03_16:36:34.455592 	EXP 	spoken_word: sampleRate = 48000
2026-08-03_16:36:34.457090 	DEBUG 	Converted audio clip from mono to stereo
2026-08-03_16:36:34.458369 	EXP 	Sound spoken_word reached end of file
136.3500 	EXP 	Playing sound spoken_word on speaker Lautsprecher (Realtek(R) Audio)
2026-08-03_16:36:34.482004 	INFO 	Keyboard events cleared
2026-08-03_16:36:34.481850 	EXP 	image: autoDraw = False
2026-08-03_16:36:34.481850 	EXP 	image: autoDraw = False
2026-08-03_16:36:34.481850 	EXP 	fix_cross: foreColor = <psychopy.colors.Color: white, alpha=1.0>
2026-08-03_16:36:34.481850 	EXP 	fix_cross: autoDraw = True
2026-08-03_16:36:35.143960 	EXP 	Sound spoken_word reached end of file
2026-08-03_16:36:35.174780 	EXP 	Sound spoken_word reached end of file
2026-08-03_16:36:35.981802 	EXP 	fix_cross: autoDraw = False
2026-08-03_16:36:35.981802 	EXP 	fix_cross: foreColor = <psychopy.colors.Color: green, alpha=1.0>
2026-08-03_16:36:35.981802 	EXP 	fix_cross: autoDraw = True
2026-08-03_16:36:35.998709 	EXP 	fix_cross: autoDraw = False
2026-08-03_16:36:35.998709 	EXP 	fix_cross: autoDraw = True
2026-08-03_16:36:36.014751 	EXP 	fix_cross: autoDraw = False
2026-08-03_16:36:36.014751 	EXP 	fix_cross: autoDraw = True
2026-08-03_16:36:36.031812 	EXP 	fix_cross: autoDraw = False
2026-08-03_16:36:36.031812 	EXP 	fix_cross: autoDraw = True
2026-08-03_16:36:36.048453 	EXP 	fix_cross: autoDraw = False
2026-08-03_16:36:36.048453 	EXP 	fix_cross: autoDraw = True
2026-08-03_16:36:36.065079 	EXP 	fix_cross: autoDraw = False
2026-08-03_16:36:36.065079 	EXP 	fix_cross: autoDraw = True
2026-08-03_16:36:36.081665 	EXP 	fix_cross: autoDraw = False
2026-08-03_16:36:36.081665 	EXP 	fix_cross: autoDraw = True
2026-08-03_16:36:36.098478 	EXP 	fix_cross: autoDraw = False
2026-08-03_16:36:36.098478 	EXP 	fix_cross: autoDraw = True
2026-08-03_16:36:36.114969 	EXP 	fix_cross: autoDraw = False
2026-08-03_16:36:36.114969 	EXP 	fix_cross: autoDraw = True
2026-08-03_16:36:36.131607 	EXP 	fix_cross: autoDraw = False
2026-08-03_16:36:36.131607 	EXP 	fix_cross: autoDraw = True
2026-08-03_16:36:36.148506 	EXP 	fix_cross: autoDraw = False
2026-08-03_16:36:36.148506 	EXP 	fix_cross: autoDraw = True
2026-08-03_16:36:36.165305 	EXP 	fix_cross: autoDraw = False
2026-08-03_16:36:36.165305 	EXP 	fix_cross: autoDraw = True
2026-08-03_16:36:36.182080 	EXP 	fix_cross: autoDraw = False
2026-08-03_16:36:36.182080 	EXP 	fix_cross: autoDraw = True
2026-08-03_16:36:36.182080 	EXP 	fix_cross: autoDraw = False
2026-08-03_16:36:36.182080 	EXP 	fix_cross_2: autoDraw = True
2026-08-03_16:36:37.220760 	EXP 	New trial (rep=0, index=25): <Trial 25 (25 in rep 0) data={'block': 1, 'trial_in_block': 26, 'concept': 'hammer', 'concept_num': 7, 'concept_num_word': 7, 'exemplar_num': 21, 'image_shown': 'hammer\\hammer_21.jpg', 'word_shown_english': 'hammer', 'word_shown_german': 'Hammer', 'word_shown_french': 'Marteau', 'is_prompt': 1, 'is_mismatch': 0, 'ITI_length': 0.84, 'correct_response': None, 'nonmatch_pres_side': None, 'thisN': 25, 'thisTrialN': 25, 'thisRepN': 0}>
2026-08-03_16:36:37.300950 	EXP 	fix_cross_2: autoDraw = False
2026-08-03_16:36:37.300950 	EXP 	fix_cross_2: autoDraw = False
2026-08-03_16:36:37.300950 	EXP 	breaks_instruction: text = 'Pause, die Aufgabe geht gleich weiter.\nEs sind noch 9 Blöcke übrig.'
2026-08-03_16:36:37.300950 	EXP 	instruction_continuebreak: text = 'Die Pause ist vorbei.\nBitte drücken Sie eine beliebige Taste,\nsobald sie bereit sind, weiterzumachen.'
2026-08-03_16:36:37.300950 	EXP 	breaks_instruction: autoDraw = False
2026-08-03_16:36:37.300950 	EXP 	progress_bar_breaks: autoDraw = False
2026-08-03_16:36:37.300950 	EXP 	instruction_continuebreak: autoDraw = False
2026-08-03_16:36:37.300950 	EXP 	image: image = 'stimuli\\hammer\\hammer_21.jpg'
2026-08-03_16:36:37.300950 	EXP 	image: autoDraw = True
2026-08-03_16:36:38.054064 	EXP 	spoken_word: sampleRate = 44100
2026-08-03_16:36:38.059176 	INFO 	Resampled audio from 44100Hz to 48000Hz using method 'default'.
2026-08-03_16:36:38.059372 	DEBUG 	Converted audio clip from mono to stereo
2026-08-03_16:36:38.060769 	EXP 	Sound spoken_word reached end of file
139.9488 	EXP 	Playing sound spoken_word on speaker Lautsprecher (Realtek(R) Audio)
2026-08-03_16:36:38.080784 	INFO 	Keyboard events cleared
2026-08-03_16:36:38.080647 	EXP 	image: autoDraw = False
2026-08-03_16:36:38.080647 	EXP 	image: autoDraw = False
2026-08-03_16:36:38.080647 	EXP 	fix_cross: foreColor = <psychopy.colors.Color: white, alpha=1.0>
2026-08-03_16:36:38.080647 	EXP 	fix_cross: autoDraw = True
2026-08-03_16:36:38.554675 	EXP 	Sound spoken_word reached end of file
2026-08-03_16:36:38.569201 	EXP 	Sound spoken_word reached end of file
2026-08-03_16:36:39.580662 	EXP 	fix_cross: autoDraw = False
2026-08-03_16:36:39.580662 	EXP 	fix_cross: foreColor = <psychopy.colors.Color: green, alpha=1.0>
2026-08-03_16:36:39.580662 	EXP 	fix_cross: autoDraw = True
2026-08-03_16:36:39.597134 	EXP 	fix_cross: autoDraw = False
2026-08-03_16:36:39.597134 	EXP 	fix_cross: autoDraw = True
2026-08-03_16:36:39.614628 	EXP 	fix_cross: autoDraw = False
2026-08-03_16:36:39.614628 	EXP 	fix_cross: autoDraw = True
2026-08-03_16:36:39.630817 	EXP 	fix_cross: autoDraw = False
2026-08-03_16:36:39.630817 	EXP 	fix_cross: autoDraw = True
2026-08-03_16:36:39.647094 	EXP 	fix_cross: autoDraw = False
2026-08-03_16:36:39.647094 	EXP 	fix_cross: autoDraw = True
2026-08-03_16:36:39.664966 	EXP 	fix_cross: autoDraw = False
2026-08-03_16:36:39.664966 	EXP 	fix_cross: autoDraw = True
2026-08-03_16:36:39.680629 	EXP 	fix_cross: autoDraw = False
2026-08-03_16:36:39.680629 	EXP 	fix_cross: autoDraw = True
2026-08-03_16:36:39.697086 	EXP 	fix_cross: autoDraw = False
2026-08-03_16:36:39.697086 	EXP 	fix_cross: autoDraw = True
2026-08-03_16:36:39.713712 	EXP 	fix_cross: autoDraw = False
2026-08-03_16:36:39.713712 	EXP 	fix_cross: autoDraw = True
2026-08-03_16:36:39.730411 	EXP 	fix_cross: autoDraw = False
2026-08-03_16:36:39.730411 	EXP 	fix_cross: autoDraw = True
2026-08-03_16:36:39.747275 	EXP 	fix_cross: autoDraw = False
2026-08-03_16:36:39.747275 	EXP 	fix_cross: autoDraw = True
2026-08-03_16:36:39.763977 	EXP 	fix_cross: autoDraw = False
2026-08-03_16:36:39.763977 	EXP 	fix_cross: autoDraw = True
2026-08-03_16:36:39.780551 	EXP 	fix_cross: autoDraw = False
2026-08-03_16:36:39.780551 	EXP 	fix_cross: autoDraw = True
2026-08-03_16:36:39.797328 	EXP 	fix_cross: autoDraw = False
2026-08-03_16:36:39.797328 	EXP 	fix_cross: autoDraw = True
2026-08-03_16:36:39.797328 	EXP 	fix_cross: autoDraw = False
2026-08-03_16:36:39.797328 	EXP 	fix_cross_2: autoDraw = True
2026-08-03_16:36:40.635861 	EXP 	New trial (rep=0, index=26): <Trial 26 (26 in rep 0) data={'block': 1, 'trial_in_block': 27, 'concept': 'ball', 'concept_num': 1, 'concept_num_word': 1, 'exemplar_num': 28, 'image_shown': 'ball\\ball_28.jpg', 'word_shown_english': 'ball', 'word_shown_german': 'Ball', 'word_shown_french': 'Ballon', 'is_prompt': 1, 'is_mismatch': 0, 'ITI_length': 0.9, 'correct_response': None, 'nonmatch_pres_side': None, 'thisN': 26, 'thisTrialN': 26, 'thisRepN': 0}>
2026-08-03_16:36:40.692266 	EXP 	fix_cross_2: autoDraw = False
2026-08-03_16:36:40.692266 	EXP 	fix_cross_2: autoDraw = False
2026-08-03_16:36:40.692266 	EXP 	breaks_instruction: text = 'Pause, die Aufgabe geht gleich weiter.\nEs sind noch 9 Blöcke übrig.'
2026-08-03_16:36:40.692266 	EXP 	instruction_continuebreak: text = 'Die Pause ist vorbei.\nBitte drücken Sie eine beliebige Taste,\nsobald sie bereit sind, weiterzumachen.'
2026-08-03_16:36:40.692266 	EXP 	breaks_instruction: autoDraw = False
2026-08-03_16:36:40.692266 	EXP 	progress_bar_breaks: autoDraw = False
2026-08-03_16:36:40.692266 	EXP 	instruction_continuebreak: autoDraw = False
2026-08-03_16:36:40.692266 	EXP 	image: image = 'stimuli\\ball\\ball_28.jpg'
2026-08-03_16:36:40.692266 	EXP 	image: autoDraw = True
2026-08-03_16:36:41.436380 	EXP 	spoken_word: sampleRate = 24000
2026-08-03_16:36:41.439060 	INFO 	Resampled audio from 24000Hz to 48000Hz using method 'default'.
2026-08-03_16:36:41.439090 	DEBUG 	Converted audio clip from mono to stereo
2026-08-03_16:36:41.440687 	EXP 	Sound spoken_word reached end of file
143.3306 	EXP 	Playing sound spoken_word on speaker Lautsprecher (Realtek(R) Audio)
2026-08-03_16:36:41.463137 	INFO 	Keyboard events cleared
2026-08-03_16:36:41.462991 	EXP 	image: autoDraw = False
2026-08-03_16:36:41.462991 	EXP 	image: autoDraw = False
2026-08-03_16:36:41.462991 	EXP 	fix_cross: foreColor = <psychopy.colors.Color: white, alpha=1.0>
2026-08-03_16:36:41.462991 	EXP 	fix_cross: autoDraw = True
2026-08-03_16:36:42.201241 	EXP 	Sound spoken_word reached end of file
2026-08-03_16:36:42.216070 	EXP 	Sound spoken_word reached end of file
2026-08-03_16:36:42.962891 	EXP 	fix_cross: autoDraw = False
2026-08-03_16:36:42.962891 	EXP 	fix_cross: foreColor = <psychopy.colors.Color: green, alpha=1.0>
2026-08-03_16:36:42.962891 	EXP 	fix_cross: autoDraw = True
2026-08-03_16:36:42.979583 	EXP 	fix_cross: autoDraw = False
2026-08-03_16:36:42.979583 	EXP 	fix_cross: autoDraw = True
2026-08-03_16:36:42.996154 	EXP 	fix_cross: autoDraw = False
2026-08-03_16:36:42.996154 	EXP 	fix_cross: autoDraw = True
2026-08-03_16:36:43.012629 	EXP 	fix_cross: autoDraw = False
2026-08-03_16:36:43.012629 	EXP 	fix_cross: autoDraw = True
2026-08-03_16:36:43.029320 	EXP 	fix_cross: autoDraw = False
2026-08-03_16:36:43.029320 	EXP 	fix_cross: autoDraw = True
2026-08-03_16:36:43.046111 	EXP 	fix_cross: autoDraw = False
2026-08-03_16:36:43.046111 	EXP 	fix_cross: autoDraw = True
2026-08-03_16:36:43.062608 	EXP 	fix_cross: autoDraw = False
2026-08-03_16:36:43.062608 	EXP 	fix_cross: autoDraw = True
2026-08-03_16:36:43.079353 	EXP 	fix_cross: autoDraw = False
2026-08-03_16:36:43.079353 	EXP 	fix_cross: autoDraw = True
2026-08-03_16:36:43.096146 	EXP 	fix_cross: autoDraw = False
2026-08-03_16:36:43.096146 	EXP 	fix_cross: autoDraw = True
2026-08-03_16:36:43.112968 	EXP 	fix_cross: autoDraw = False
2026-08-03_16:36:43.112968 	EXP 	fix_cross: autoDraw = True
2026-08-03_16:36:43.129418 	EXP 	fix_cross: autoDraw = False
2026-08-03_16:36:43.129418 	EXP 	fix_cross: autoDraw = True
2026-08-03_16:36:43.145798 	EXP 	fix_cross: autoDraw = False
2026-08-03_16:36:43.145798 	EXP 	fix_cross: autoDraw = True
2026-08-03_16:36:43.162895 	EXP 	fix_cross: autoDraw = False
2026-08-03_16:36:43.162895 	EXP 	fix_cross: autoDraw = True
2026-08-03_16:36:43.179982 	EXP 	fix_cross: autoDraw = False
2026-08-03_16:36:43.179982 	EXP 	fix_cross: autoDraw = True
2026-08-03_16:36:43.179982 	EXP 	fix_cross: autoDraw = False
2026-08-03_16:36:43.179982 	EXP 	fix_cross_2: autoDraw = True
2026-08-03_16:36:44.067518 	EXP 	New trial (rep=0, index=27): <Trial 27 (27 in rep 0) data={'block': 1, 'trial_in_block': 28, 'concept': 'hand', 'concept_num': 8, 'concept_num_word': 8, 'exemplar_num': 49, 'image_shown': 'hand\\hand_49.jpg', 'word_shown_english': 'hand', 'word_shown_german': 'Hand', 'word_shown_french': 'Main', 'is_prompt': 1, 'is_mismatch': 0, 'ITI_length': 1.24, 'correct_response': None, 'nonmatch_pres_side': None, 'thisN': 27, 'thisTrialN': 27, 'thisRepN': 0}>
2026-08-03_16:36:44.210201 	EXP 	fix_cross_2: autoDraw = False
2026-08-03_16:36:44.210201 	EXP 	fix_cross_2: autoDraw = False
2026-08-03_16:36:44.210201 	EXP 	breaks_instruction: text = 'Pause, die Aufgabe geht gleich weiter.\nEs sind noch 9 Blöcke übrig.'
2026-08-03_16:36:44.210201 	EXP 	instruction_continuebreak: text = 'Die Pause ist vorbei.\nBitte drücken Sie eine beliebige Taste,\nsobald sie bereit sind, weiterzumachen.'
2026-08-03_16:36:44.210201 	EXP 	breaks_instruction: autoDraw = False
2026-08-03_16:36:44.210201 	EXP 	progress_bar_breaks: autoDraw = False
2026-08-03_16:36:44.210201 	EXP 	instruction_continuebreak: autoDraw = False
2026-08-03_16:36:44.210201 	EXP 	image: image = 'stimuli\\hand\\hand_49.jpg'
2026-08-03_16:36:44.210201 	EXP 	image: autoDraw = True
2026-08-03_16:36:44.954110 	EXP 	spoken_word: sampleRate = 44100
2026-08-03_16:36:44.958989 	INFO 	Resampled audio from 44100Hz to 48000Hz using method 'default'.
2026-08-03_16:36:44.959142 	DEBUG 	Converted audio clip from mono to stereo
2026-08-03_16:36:44.961043 	EXP 	Sound spoken_word reached end of file
146.8469 	EXP 	Playing sound spoken_word on speaker Lautsprecher (Realtek(R) Audio)
2026-08-03_16:36:44.978606 	INFO 	Keyboard events cleared
2026-08-03_16:36:44.978456 	EXP 	image: autoDraw = False
2026-08-03_16:36:44.978456 	EXP 	image: autoDraw = False
2026-08-03_16:36:44.978456 	EXP 	fix_cross: foreColor = <psychopy.colors.Color: white, alpha=1.0>
2026-08-03_16:36:44.978456 	EXP 	fix_cross: autoDraw = True
2026-08-03_16:36:45.435144 	EXP 	Sound spoken_word reached end of file
2026-08-03_16:36:45.451083 	EXP 	Sound spoken_word reached end of file
2026-08-03_16:36:46.478756 	EXP 	fix_cross: autoDraw = False
2026-08-03_16:36:46.478756 	EXP 	fix_cross: foreColor = <psychopy.colors.Color: green, alpha=1.0>
2026-08-03_16:36:46.478756 	EXP 	fix_cross: autoDraw = True
2026-08-03_16:36:46.495246 	EXP 	fix_cross: autoDraw = False
2026-08-03_16:36:46.495246 	EXP 	fix_cross: autoDraw = True
2026-08-03_16:36:46.512794 	EXP 	fix_cross: autoDraw = False
2026-08-03_16:36:46.512794 	EXP 	fix_cross: autoDraw = True
2026-08-03_16:36:46.528406 	EXP 	fix_cross: autoDraw = False
2026-08-03_16:36:46.528406 	EXP 	fix_cross: autoDraw = True
2026-08-03_16:36:46.544981 	EXP 	fix_cross: autoDraw = False
2026-08-03_16:36:46.544981 	EXP 	fix_cross: autoDraw = True
2026-08-03_16:36:46.561830 	EXP 	fix_cross: autoDraw = False
2026-08-03_16:36:46.561830 	EXP 	fix_cross: autoDraw = True
2026-08-03_16:36:46.578370 	EXP 	fix_cross: autoDraw = False
2026-08-03_16:36:46.578370 	EXP 	fix_cross: autoDraw = True
2026-08-03_16:36:46.595034 	EXP 	fix_cross: autoDraw = False
2026-08-03_16:36:46.595034 	EXP 	fix_cross: autoDraw = True
2026-08-03_16:36:46.611931 	EXP 	fix_cross: autoDraw = False
2026-08-03_16:36:46.611931 	EXP 	fix_cross: autoDraw = True
2026-08-03_16:36:46.628563 	EXP 	fix_cross: autoDraw = False
2026-08-03_16:36:46.628563 	EXP 	fix_cross: autoDraw = True
2026-08-03_16:36:46.645264 	EXP 	fix_cross: autoDraw = False
2026-08-03_16:36:46.645264 	EXP 	fix_cross: autoDraw = True
2026-08-03_16:36:46.662077 	EXP 	fix_cross: autoDraw = False
2026-08-03_16:36:46.662077 	EXP 	fix_cross: autoDraw = True
2026-08-03_16:36:46.679164 	EXP 	fix_cross: autoDraw = False
2026-08-03_16:36:46.679164 	EXP 	fix_cross: autoDraw = True
2026-08-03_16:36:46.679164 	EXP 	fix_cross: autoDraw = False
2026-08-03_16:36:46.679164 	EXP 	fix_cross_2: autoDraw = True
2026-08-03_16:36:47.916443 	EXP 	New trial (rep=0, index=28): <Trial 28 (28 in rep 0) data={'block': 1, 'trial_in_block': 29, 'concept': 'hammer', 'concept_num': 7, 'concept_num_word': 7, 'exemplar_num': 32, 'image_shown': 'hammer\\hammer_32.jpg', 'word_shown_english': 'hammer', 'word_shown_german': 'Hammer', 'word_shown_french': 'Marteau', 'is_prompt': 1, 'is_mismatch': 0, 'ITI_length': 1.1, 'correct_response': None, 'nonmatch_pres_side': None, 'thisN': 28, 'thisTrialN': 28, 'thisRepN': 0}>
2026-08-03_16:36:47.965731 	EXP 	fix_cross_2: autoDraw = False
2026-08-03_16:36:47.965731 	EXP 	fix_cross_2: autoDraw = False
2026-08-03_16:36:47.965731 	EXP 	breaks_instruction: text = 'Pause, die Aufgabe geht gleich weiter.\nEs sind noch 9 Blöcke übrig.'
2026-08-03_16:36:47.965731 	EXP 	instruction_continuebreak: text = 'Die Pause ist vorbei.\nBitte drücken Sie eine beliebige Taste,\nsobald sie bereit sind, weiterzumachen.'
2026-08-03_16:36:47.965731 	EXP 	breaks_instruction: autoDraw = False
2026-08-03_16:36:47.965731 	EXP 	progress_bar_breaks: autoDraw = False
2026-08-03_16:36:47.965731 	EXP 	instruction_continuebreak: autoDraw = False
2026-08-03_16:36:47.965731 	EXP 	image: image = 'stimuli\\hammer\\hammer_32.jpg'
2026-08-03_16:36:47.965731 	EXP 	image: autoDraw = True
2026-08-03_16:36:48.718064 	EXP 	spoken_word: sampleRate = 44100
2026-08-03_16:36:48.722809 	INFO 	Resampled audio from 44100Hz to 48000Hz using method 'default'.
2026-08-03_16:36:48.722862 	DEBUG 	Converted audio clip from mono to stereo
2026-08-03_16:36:48.724331 	EXP 	Sound spoken_word reached end of file
150.6121 	EXP 	Playing sound spoken_word on speaker Lautsprecher (Realtek(R) Audio)
2026-08-03_16:36:48.744212 	INFO 	Keyboard events cleared
2026-08-03_16:36:48.744076 	EXP 	image: autoDraw = False
2026-08-03_16:36:48.744076 	EXP 	image: autoDraw = False
2026-08-03_16:36:48.744076 	EXP 	fix_cross: foreColor = <psychopy.colors.Color: white, alpha=1.0>
2026-08-03_16:36:48.744076 	EXP 	fix_cross: autoDraw = True
2026-08-03_16:36:49.224830 	EXP 	Sound spoken_word reached end of file
2026-08-03_16:36:49.249519 	EXP 	Sound spoken_word reached end of file
2026-08-03_16:36:50.249446 	EXP 	fix_cross: autoDraw = False
2026-08-03_16:36:50.249446 	EXP 	fix_cross: foreColor = <psychopy.colors.Color: green, alpha=1.0>
2026-08-03_16:36:50.249446 	EXP 	fix_cross: autoDraw = True
2026-08-03_16:36:50.267187 	EXP 	fix_cross: autoDraw = False
2026-08-03_16:36:50.267187 	EXP 	fix_cross: autoDraw = True
2026-08-03_16:36:50.296723 	EXP 	fix_cross: autoDraw = False
2026-08-03_16:36:50.296723 	EXP 	fix_cross: autoDraw = True
2026-08-03_16:36:50.311446 	EXP 	fix_cross: autoDraw = False
2026-08-03_16:36:50.311446 	EXP 	fix_cross: autoDraw = True
2026-08-03_16:36:50.335450 	EXP 	fix_cross: autoDraw = False
2026-08-03_16:36:50.335450 	EXP 	fix_cross: autoDraw = True
2026-08-03_16:36:50.369167 	EXP 	fix_cross: autoDraw = False
2026-08-03_16:36:50.369167 	EXP 	fix_cross: autoDraw = True
2026-08-03_16:36:50.403412 	EXP 	fix_cross: autoDraw = False
2026-08-03_16:36:50.403412 	EXP 	fix_cross: autoDraw = True
2026-08-03_16:36:50.426996 	EXP 	fix_cross: autoDraw = False
2026-08-03_16:36:50.426996 	EXP 	fix_cross: autoDraw = True
2026-08-03_16:36:50.455245 	EXP 	fix_cross: autoDraw = False
2026-08-03_16:36:50.455245 	EXP 	fix_cross: autoDraw = True
2026-08-03_16:36:50.484281 	EXP 	fix_cross: autoDraw = False
2026-08-03_16:36:50.484281 	EXP 	fix_cross: autoDraw = True
2026-08-03_16:36:50.484281 	EXP 	fix_cross: autoDraw = False
2026-08-03_16:36:50.484281 	EXP 	fix_cross_2: autoDraw = True
2026-08-03_16:36:51.590233 	EXP 	New trial (rep=0, index=29): <Trial 29 (29 in rep 0) data={'block': 1, 'trial_in_block': 30, 'concept': 'chair', 'concept_num': 4, 'concept_num_word': 4, 'exemplar_num': 26, 'image_shown': 'chair\\chair_26.jpg', 'word_shown_english': 'chair', 'word_shown_german': 'Stuhl', 'word_shown_french': 'Chaise', 'is_prompt': 1, 'is_mismatch': 0, 'ITI_length': 1, 'correct_response': None, 'nonmatch_pres_side': None, 'thisN': 29, 'thisTrialN': 29, 'thisRepN': 0}>
2026-08-03_16:36:51.683656 	EXP 	fix_cross_2: autoDraw = False
2026-08-03_16:36:51.683656 	EXP 	fix_cross_2: autoDraw = False
2026-08-03_16:36:51.683656 	EXP 	breaks_instruction: text = 'Pause, die Aufgabe geht gleich weiter.\nEs sind noch 9 Blöcke übrig.'
2026-08-03_16:36:51.683656 	EXP 	instruction_continuebreak: text = 'Die Pause ist vorbei.\nBitte drücken Sie eine beliebige Taste,\nsobald sie bereit sind, weiterzumachen.'
2026-08-03_16:36:51.683656 	EXP 	breaks_instruction: autoDraw = False
2026-08-03_16:36:51.683656 	EXP 	progress_bar_breaks: autoDraw = False
2026-08-03_16:36:51.683656 	EXP 	instruction_continuebreak: autoDraw = False
2026-08-03_16:36:51.683656 	EXP 	image: image = 'stimuli\\chair\\chair_26.jpg'
2026-08-03_16:36:51.683656 	EXP 	image: autoDraw = True
2026-08-03_16:36:52.436203 	EXP 	spoken_word: sampleRate = 44100
2026-08-03_16:36:52.441891 	INFO 	Resampled audio from 44100Hz to 48000Hz using method 'default'.
2026-08-03_16:36:52.441988 	DEBUG 	Converted audio clip from mono to stereo
2026-08-03_16:36:52.443550 	EXP 	Sound spoken_word reached end of file
154.3290 	EXP 	Playing sound spoken_word on speaker Lautsprecher (Realtek(R) Audio)
2026-08-03_16:36:52.460417 	INFO 	Keyboard events cleared
2026-08-03_16:36:52.460186 	EXP 	image: autoDraw = False
2026-08-03_16:36:52.460186 	EXP 	image: autoDraw = False
2026-08-03_16:36:52.460186 	EXP 	fix_cross: foreColor = <psychopy.colors.Color: white, alpha=1.0>
2026-08-03_16:36:52.460186 	EXP 	fix_cross: autoDraw = True
2026-08-03_16:36:52.767031 	DATA 	Mouse: Left button down, pos=(599,223)
2026-08-03_16:36:52.882843 	DATA 	Mouse:  Left button up, pos=(599,223)
2026-08-03_16:36:52.994051 	EXP 	Sound spoken_word reached end of file
2026-08-03_16:36:53.015653 	EXP 	Sound spoken_word reached end of file
2026-08-03_16:36:53.959817 	EXP 	fix_cross: autoDraw = False
2026-08-03_16:36:53.959817 	EXP 	fix_cross: foreColor = <psychopy.colors.Color: green, alpha=1.0>
2026-08-03_16:36:53.959817 	EXP 	fix_cross: autoDraw = True
2026-08-03_16:36:53.976496 	EXP 	fix_cross: autoDraw = False
2026-08-03_16:36:53.976496 	EXP 	fix_cross: autoDraw = True
2026-08-03_16:36:53.993245 	EXP 	fix_cross: autoDraw = False
2026-08-03_16:36:53.993245 	EXP 	fix_cross: autoDraw = True
2026-08-03_16:36:54.010301 	EXP 	fix_cross: autoDraw = False
2026-08-03_16:36:54.010301 	EXP 	fix_cross: autoDraw = True
2026-08-03_16:36:54.026436 	EXP 	fix_cross: autoDraw = False
2026-08-03_16:36:54.026436 	EXP 	fix_cross: autoDraw = True
2026-08-03_16:36:54.043898 	EXP 	fix_cross: autoDraw = False
2026-08-03_16:36:54.043898 	EXP 	fix_cross: autoDraw = True
2026-08-03_16:36:54.060423 	EXP 	fix_cross: autoDraw = False
2026-08-03_16:36:54.060423 	EXP 	fix_cross: autoDraw = True
2026-08-03_16:36:54.076699 	EXP 	fix_cross: autoDraw = False
2026-08-03_16:36:54.076699 	EXP 	fix_cross: autoDraw = True
2026-08-03_16:36:54.105898 	EXP 	fix_cross: autoDraw = False
2026-08-03_16:36:54.105898 	EXP 	fix_cross: autoDraw = True
2026-08-03_16:36:54.126260 	EXP 	fix_cross: autoDraw = False
2026-08-03_16:36:54.126260 	EXP 	fix_cross: autoDraw = True
2026-08-03_16:36:54.143300 	EXP 	fix_cross: autoDraw = False
2026-08-03_16:36:54.143300 	EXP 	fix_cross: autoDraw = True
2026-08-03_16:36:54.159674 	EXP 	fix_cross: autoDraw = False
2026-08-03_16:36:54.159674 	EXP 	fix_cross: autoDraw = True
2026-08-03_16:36:54.176431 	EXP 	fix_cross: autoDraw = False
2026-08-03_16:36:54.176431 	EXP 	fix_cross: autoDraw = True
2026-08-03_16:36:54.176431 	EXP 	fix_cross: autoDraw = False
2026-08-03_16:36:54.176431 	EXP 	fix_cross_2: autoDraw = True
2026-08-03_16:36:55.164596 	EXP 	New trial (rep=0, index=30): <Trial 30 (30 in rep 0) data={'block': 1, 'trial_in_block': 31, 'concept': 'dog', 'concept_num': 5, 'concept_num_word': 5, 'exemplar_num': 16, 'image_shown': 'dog\\dog_16.jpg', 'word_shown_english': 'dog', 'word_shown_german': 'Hund', 'word_shown_french': 'Chien', 'is_prompt': 1, 'is_mismatch': 0, 'ITI_length': 0.78, 'correct_response': None, 'nonmatch_pres_side': None, 'thisN': 30, 'thisTrialN': 30, 'thisRepN': 0}>
2026-08-03_16:36:55.244988 	EXP 	fix_cross_2: autoDraw = False
2026-08-03_16:36:55.244988 	EXP 	fix_cross_2: autoDraw = False
2026-08-03_16:36:55.244988 	EXP 	breaks_instruction: text = 'Pause, die Aufgabe geht gleich weiter.\nEs sind noch 9 Blöcke übrig.'
2026-08-03_16:36:55.244988 	EXP 	instruction_continuebreak: text = 'Die Pause ist vorbei.\nBitte drücken Sie eine beliebige Taste,\nsobald sie bereit sind, weiterzumachen.'
2026-08-03_16:36:55.244988 	EXP 	breaks_instruction: autoDraw = False
2026-08-03_16:36:55.244988 	EXP 	progress_bar_breaks: autoDraw = False
2026-08-03_16:36:55.244988 	EXP 	instruction_continuebreak: autoDraw = False
2026-08-03_16:36:55.244988 	EXP 	image: image = 'stimuli\\dog\\dog_16.jpg'
2026-08-03_16:36:55.244988 	EXP 	image: autoDraw = True
2026-08-03_16:36:55.999148 	EXP 	spoken_word: sampleRate = 44100
2026-08-03_16:36:56.004441 	INFO 	Resampled audio from 44100Hz to 48000Hz using method 'default'.
2026-08-03_16:36:56.004485 	DEBUG 	Converted audio clip from mono to stereo
2026-08-03_16:36:56.006164 	EXP 	Sound spoken_word reached end of file
157.8937 	EXP 	Playing sound spoken_word on speaker Lautsprecher (Realtek(R) Audio)
2026-08-03_16:36:56.026406 	INFO 	Keyboard events cleared
2026-08-03_16:36:56.026268 	EXP 	image: autoDraw = False
2026-08-03_16:36:56.026268 	EXP 	image: autoDraw = False
2026-08-03_16:36:56.026268 	EXP 	fix_cross: foreColor = <psychopy.colors.Color: white, alpha=1.0>
2026-08-03_16:36:56.026268 	EXP 	fix_cross: autoDraw = True
2026-08-03_16:36:56.474925 	EXP 	Sound spoken_word reached end of file
2026-08-03_16:36:56.496246 	EXP 	Sound spoken_word reached end of file
2026-08-03_16:36:56.496468 	EXP 	Device response: <KeyPress from None: t=158.35984449996613, value=r, duration=None>
2026-08-03_16:36:56.497345 	DATA 	Keypress: r
2026-08-03_16:36:56.680264 	EXP 	Device response: <KeyPress from None: t=158.35984449996613, value=r, duration=0.18832330004079267>
2026-08-03_16:36:56.708104 	EXP 	fix_cross: foreColor = <psychopy.colors.Color: red, alpha=1.0>
2026-08-03_16:36:56.908936 	EXP 	fix_cross: autoDraw = False
2026-08-03_16:36:56.908936 	EXP 	fix_cross_2: autoDraw = True
2026-08-03_16:36:58.681463 	EXP 	New trial (rep=0, index=31): <Trial 31 (31 in rep 0) data={'block': 1, 'trial_in_block': 32, 'concept': 'bread', 'concept_num': 3, 'concept_num_word': 3, 'exemplar_num': 3, 'image_shown': 'bread\\bread_03.jpg', 'word_shown_english': 'bread', 'word_shown_german': 'Brot', 'word_shown_french': 'Pain', 'is_prompt': 1, 'is_mismatch': 0, 'ITI_length': 1.15, 'correct_response': None, 'nonmatch_pres_side': None, 'thisN': 31, 'thisTrialN': 31, 'thisRepN': 0}>
2026-08-03_16:36:58.760854 	EXP 	fix_cross_2: autoDraw = False
2026-08-03_16:36:58.760854 	EXP 	fix_cross_2: autoDraw = False
2026-08-03_16:36:58.760854 	EXP 	breaks_instruction: text = 'Pause, die Aufgabe geht gleich weiter.\nEs sind noch 9 Blöcke übrig.'
2026-08-03_16:36:58.760854 	EXP 	instruction_continuebreak: text = 'Die Pause ist vorbei.\nBitte drücken Sie eine beliebige Taste,\nsobald sie bereit sind, weiterzumachen.'
2026-08-03_16:36:58.760854 	EXP 	breaks_instruction: autoDraw = False
2026-08-03_16:36:58.760854 	EXP 	progress_bar_breaks: autoDraw = False
2026-08-03_16:36:58.760854 	EXP 	instruction_continuebreak: autoDraw = False
2026-08-03_16:36:58.760854 	EXP 	image: image = 'stimuli\\bread\\bread_03.jpg'
2026-08-03_16:36:58.760854 	EXP 	image: autoDraw = True
2026-08-03_16:36:59.514836 	EXP 	spoken_word: sampleRate = 24000
2026-08-03_16:36:59.518105 	INFO 	Resampled audio from 24000Hz to 48000Hz using method 'default'.
2026-08-03_16:36:59.518140 	DEBUG 	Converted audio clip from mono to stereo
2026-08-03_16:36:59.519673 	EXP 	Sound spoken_word reached end of file
161.4088 	EXP 	Playing sound spoken_word on speaker Lautsprecher (Realtek(R) Audio)
2026-08-03_16:36:59.540725 	INFO 	Keyboard events cleared
2026-08-03_16:36:59.540597 	EXP 	image: autoDraw = False
2026-08-03_16:36:59.540597 	EXP 	image: autoDraw = False
2026-08-03_16:36:59.540597 	EXP 	fix_cross: foreColor = <psychopy.colors.Color: white, alpha=1.0>
2026-08-03_16:36:59.540597 	EXP 	fix_cross: autoDraw = True
2026-08-03_16:37:00.363369 	EXP 	Device response: <KeyPress from None: t=162.23864589998266, value=r, duration=None>
2026-08-03_16:37:00.364261 	DATA 	Keypress: r
2026-08-03_16:37:00.425786 	EXP 	Sound spoken_word reached end of file
2026-08-03_16:37:00.444818 	EXP 	Sound spoken_word reached end of file
2026-08-03_16:37:00.511879 	EXP 	Device response: <KeyPress from None: t=162.23864589998266, value=r, duration=0.14363990002311766>
2026-08-03_16:37:00.540356 	EXP 	fix_cross: foreColor = <psychopy.colors.Color: red, alpha=1.0>
2026-08-03_16:37:00.724533 	EXP 	fix_cross: autoDraw = False
2026-08-03_16:37:00.724533 	EXP 	fix_cross_2: autoDraw = True
2026-08-03_16:37:02.862980 	EXP 	New trial (rep=0, index=32): <Trial 32 (32 in rep 0) data={'block': 1, 'trial_in_block': 33, 'concept': 'flower', 'concept_num': 6, 'concept_num_word': 6, 'exemplar_num': 50, 'image_shown': 'flower\\flower_50.jpg', 'word_shown_english': 'flower', 'word_shown_german': 'Blume', 'word_shown_french': 'Fleur', 'is_prompt': 1, 'is_mismatch': 0, 'ITI_length': 0.79, 'correct_response': None, 'nonmatch_pres_side': None, 'thisN': 32, 'thisTrialN': 32, 'thisRepN': 0}>
2026-08-03_16:37:03.002022 	EXP 	fix_cross_2: autoDraw = False
2026-08-03_16:37:03.002022 	EXP 	fix_cross_2: autoDraw = False
2026-08-03_16:37:03.002022 	EXP 	breaks_instruction: text = 'Pause, die Aufgabe geht gleich weiter.\nEs sind noch 9 Blöcke übrig.'
2026-08-03_16:37:03.002022 	EXP 	instruction_continuebreak: text = 'Die Pause ist vorbei.\nBitte drücken Sie eine beliebige Taste,\nsobald sie bereit sind, weiterzumachen.'
2026-08-03_16:37:03.002022 	EXP 	breaks_instruction: autoDraw = False
2026-08-03_16:37:03.002022 	EXP 	progress_bar_breaks: autoDraw = False
2026-08-03_16:37:03.002022 	EXP 	instruction_continuebreak: autoDraw = False
2026-08-03_16:37:03.002022 	EXP 	image: image = 'stimuli\\flower\\flower_50.jpg'
2026-08-03_16:37:03.002022 	EXP 	image: autoDraw = True
2026-08-03_16:37:03.746687 	EXP 	spoken_word: sampleRate = 24000
2026-08-03_16:37:03.749283 	INFO 	Resampled audio from 24000Hz to 48000Hz using method 'default'.
2026-08-03_16:37:03.749315 	DEBUG 	Converted audio clip from mono to stereo
2026-08-03_16:37:03.750742 	EXP 	Sound spoken_word reached end of file
165.6410 	EXP 	Playing sound spoken_word on speaker Lautsprecher (Realtek(R) Audio)
2026-08-03_16:37:03.773802 	INFO 	Keyboard events cleared
2026-08-03_16:37:03.773659 	EXP 	image: autoDraw = False
2026-08-03_16:37:03.773659 	EXP 	image: autoDraw = False
2026-08-03_16:37:03.773659 	EXP 	fix_cross: foreColor = <psychopy.colors.Color: white, alpha=1.0>
2026-08-03_16:37:03.773659 	EXP 	fix_cross: autoDraw = True
2026-08-03_16:37:04.636560 	EXP 	Sound spoken_word reached end of file
2026-08-03_16:37:04.659889 	EXP 	Sound spoken_word reached end of file
2026-08-03_16:37:05.272400 	EXP 	fix_cross: foreColor = <psychopy.colors.Color: green, alpha=1.0>
2026-08-03_16:37:05.289243 	EXP 	fix_cross: autoDraw = False
2026-08-03_16:37:05.289243 	EXP 	fix_cross: autoDraw = True
2026-08-03_16:37:05.305680 	EXP 	fix_cross: autoDraw = False
2026-08-03_16:37:05.305680 	EXP 	fix_cross: autoDraw = True
2026-08-03_16:37:05.322440 	EXP 	fix_cross: autoDraw = False
2026-08-03_16:37:05.322440 	EXP 	fix_cross: autoDraw = True
2026-08-03_16:37:05.339015 	EXP 	fix_cross: autoDraw = False
2026-08-03_16:37:05.339015 	EXP 	fix_cross: autoDraw = True
2026-08-03_16:37:05.355648 	EXP 	fix_cross: autoDraw = False
2026-08-03_16:37:05.355648 	EXP 	fix_cross: autoDraw = True
2026-08-03_16:37:05.372533 	EXP 	fix_cross: autoDraw = False
2026-08-03_16:37:05.372533 	EXP 	fix_cross: autoDraw = True
2026-08-03_16:37:05.388707 	EXP 	fix_cross: autoDraw = False
2026-08-03_16:37:05.388707 	EXP 	fix_cross: autoDraw = True
2026-08-03_16:37:05.405451 	EXP 	fix_cross: autoDraw = False
2026-08-03_16:37:05.405451 	EXP 	fix_cross: autoDraw = True
2026-08-03_16:37:05.421956 	EXP 	fix_cross: autoDraw = False
2026-08-03_16:37:05.421956 	EXP 	fix_cross: autoDraw = True
2026-08-03_16:37:05.440037 	EXP 	fix_cross: autoDraw = False
2026-08-03_16:37:05.440037 	EXP 	fix_cross: autoDraw = True
2026-08-03_16:37:05.456020 	EXP 	fix_cross: autoDraw = False
2026-08-03_16:37:05.456020 	EXP 	fix_cross: autoDraw = True
2026-08-03_16:37:05.490760 	EXP 	fix_cross: autoDraw = False
2026-08-03_16:37:05.490760 	EXP 	fix_cross: autoDraw = True
2026-08-03_16:37:05.490760 	EXP 	fix_cross: autoDraw = False
2026-08-03_16:37:05.490760 	EXP 	fix_cross_2: autoDraw = True
2026-08-03_16:37:06.276875 	EXP 	New trial (rep=0, index=33): <Trial 33 (33 in rep 0) data={'block': 1, 'trial_in_block': 34, 'concept': 'jacket', 'concept_num': 10, 'concept_num_word': 10, 'exemplar_num': 33, 'image_shown': 'jacket\\jacket_33.jpg', 'word_shown_english': 'jacket', 'word_shown_german': 'Jacke', 'word_shown_french': 'Veste', 'is_prompt': 1, 'is_mismatch': 0, 'ITI_length': 0.91, 'correct_response': None, 'nonmatch_pres_side': None, 'thisN': 33, 'thisTrialN': 33, 'thisRepN': 0}>
2026-08-03_16:37:06.360629 	EXP 	fix_cross_2: autoDraw = False
2026-08-03_16:37:06.360629 	EXP 	fix_cross_2: autoDraw = False
2026-08-03_16:37:06.360629 	EXP 	breaks_instruction: text = 'Pause, die Aufgabe geht gleich weiter.\nEs sind noch 9 Blöcke übrig.'
2026-08-03_16:37:06.360629 	EXP 	instruction_continuebreak: text = 'Die Pause ist vorbei.\nBitte drücken Sie eine beliebige Taste,\nsobald sie bereit sind, weiterzumachen.'
2026-08-03_16:37:06.360629 	EXP 	breaks_instruction: autoDraw = False
2026-08-03_16:37:06.360629 	EXP 	progress_bar_breaks: autoDraw = False
2026-08-03_16:37:06.360629 	EXP 	instruction_continuebreak: autoDraw = False
2026-08-03_16:37:06.360629 	EXP 	image: image = 'stimuli\\jacket\\jacket_33.jpg'
2026-08-03_16:37:06.360629 	EXP 	image: autoDraw = True
2026-08-03_16:37:07.115380 	EXP 	spoken_word: sampleRate = 44100
2026-08-03_16:37:07.123228 	INFO 	Resampled audio from 44100Hz to 48000Hz using method 'default'.
2026-08-03_16:37:07.123281 	DEBUG 	Converted audio clip from mono to stereo
2026-08-03_16:37:07.124684 	EXP 	Sound spoken_word reached end of file
169.0099 	EXP 	Playing sound spoken_word on speaker Lautsprecher (Realtek(R) Audio)
2026-08-03_16:37:07.138858 	INFO 	Keyboard events cleared
2026-08-03_16:37:07.138724 	EXP 	image: autoDraw = False
2026-08-03_16:37:07.138724 	EXP 	image: autoDraw = False
2026-08-03_16:37:07.138724 	EXP 	fix_cross: foreColor = <psychopy.colors.Color: white, alpha=1.0>
2026-08-03_16:37:07.138724 	EXP 	fix_cross: autoDraw = True
2026-08-03_16:37:07.649037 	EXP 	Sound spoken_word reached end of file
2026-08-03_16:37:07.659323 	EXP 	Sound spoken_word reached end of file
2026-08-03_16:37:08.638056 	EXP 	fix_cross: autoDraw = False
2026-08-03_16:37:08.638056 	EXP 	fix_cross: foreColor = <psychopy.colors.Color: green, alpha=1.0>
2026-08-03_16:37:08.638056 	EXP 	fix_cross: autoDraw = True
2026-08-03_16:37:08.655532 	EXP 	fix_cross: autoDraw = False
2026-08-03_16:37:08.655532 	EXP 	fix_cross: autoDraw = True
2026-08-03_16:37:08.671814 	EXP 	fix_cross: autoDraw = False
2026-08-03_16:37:08.671814 	EXP 	fix_cross: autoDraw = True
2026-08-03_16:37:08.688153 	EXP 	fix_cross: autoDraw = False
2026-08-03_16:37:08.688153 	EXP 	fix_cross: autoDraw = True
2026-08-03_16:37:08.705071 	EXP 	fix_cross: autoDraw = False
2026-08-03_16:37:08.705071 	EXP 	fix_cross: autoDraw = True
2026-08-03_16:37:08.721813 	EXP 	fix_cross: autoDraw = False
2026-08-03_16:37:08.721813 	EXP 	fix_cross: autoDraw = True
2026-08-03_16:37:08.738305 	EXP 	fix_cross: autoDraw = False
2026-08-03_16:37:08.738305 	EXP 	fix_cross: autoDraw = True
2026-08-03_16:37:08.754843 	EXP 	fix_cross: autoDraw = False
2026-08-03_16:37:08.754843 	EXP 	fix_cross: autoDraw = True
2026-08-03_16:37:08.771690 	EXP 	fix_cross: autoDraw = False
2026-08-03_16:37:08.771690 	EXP 	fix_cross: autoDraw = True
2026-08-03_16:37:08.788073 	EXP 	fix_cross: autoDraw = False
2026-08-03_16:37:08.788073 	EXP 	fix_cross: autoDraw = True
2026-08-03_16:37:08.805048 	EXP 	fix_cross: autoDraw = False
2026-08-03_16:37:08.805048 	EXP 	fix_cross: autoDraw = True
2026-08-03_16:37:08.821921 	EXP 	fix_cross: autoDraw = False
2026-08-03_16:37:08.821921 	EXP 	fix_cross: autoDraw = True
2026-08-03_16:37:08.839488 	EXP 	fix_cross: autoDraw = False
2026-08-03_16:37:08.839488 	EXP 	fix_cross: autoDraw = True
2026-08-03_16:37:08.839488 	EXP 	fix_cross: autoDraw = False
2026-08-03_16:37:08.839488 	EXP 	fix_cross_2: autoDraw = True
2026-08-03_16:37:09.746032 	EXP 	New trial (rep=0, index=34): <Trial 34 (34 in rep 0) data={'block': 1, 'trial_in_block': 35, 'concept': 'hand', 'concept_num': 8, 'concept_num_word': 7, 'exemplar_num': 8, 'image_shown': 'hand\\hand_08.jpg', 'word_shown_english': 'hammer', 'word_shown_german': 'Hammer', 'word_shown_french': 'Marteau', 'is_prompt': 1, 'is_mismatch': 1, 'ITI_length': 0.84, 'correct_response': 'r', 'nonmatch_pres_side': 'right', 'thisN': 34, 'thisTrialN': 34, 'thisRepN': 0}>
2026-08-03_16:37:09.876187 	EXP 	fix_cross_2: autoDraw = False
2026-08-03_16:37:09.876187 	EXP 	fix_cross_2: autoDraw = False
2026-08-03_16:37:09.876187 	EXP 	breaks_instruction: text = 'Pause, die Aufgabe geht gleich weiter.\nEs sind noch 9 Blöcke übrig.'
2026-08-03_16:37:09.876187 	EXP 	instruction_continuebreak: text = 'Die Pause ist vorbei.\nBitte drücken Sie eine beliebige Taste,\nsobald sie bereit sind, weiterzumachen.'
2026-08-03_16:37:09.876187 	EXP 	breaks_instruction: autoDraw = False
2026-08-03_16:37:09.876187 	EXP 	progress_bar_breaks: autoDraw = False
2026-08-03_16:37:09.876187 	EXP 	instruction_continuebreak: autoDraw = False
2026-08-03_16:37:09.876187 	EXP 	image: image = 'stimuli\\hand\\hand_08.jpg'
2026-08-03_16:37:09.876187 	EXP 	image: autoDraw = True
2026-08-03_16:37:10.629696 	EXP 	spoken_word: sampleRate = 44100
2026-08-03_16:37:10.634805 	INFO 	Resampled audio from 44100Hz to 48000Hz using method 'default'.
2026-08-03_16:37:10.634848 	DEBUG 	Converted audio clip from mono to stereo
2026-08-03_16:37:10.636335 	EXP 	Sound spoken_word reached end of file
172.5224 	EXP 	Playing sound spoken_word on speaker Lautsprecher (Realtek(R) Audio)
2026-08-03_16:37:10.659453 	INFO 	Keyboard events cleared
2026-08-03_16:37:10.659290 	EXP 	image: autoDraw = False
2026-08-03_16:37:10.659290 	EXP 	image: autoDraw = False
2026-08-03_16:37:10.659290 	EXP 	fix_cross: foreColor = <psychopy.colors.Color: white, alpha=1.0>
2026-08-03_16:37:10.659290 	EXP 	fix_cross: autoDraw = True
2026-08-03_16:37:11.133915 	EXP 	Sound spoken_word reached end of file
2026-08-03_16:37:11.161769 	EXP 	Sound spoken_word reached end of file
2026-08-03_16:37:12.154243 	EXP 	fix_cross: foreColor = <psychopy.colors.Color: red, alpha=1.0>
2026-08-03_16:37:12.172289 	EXP 	fix_cross: autoDraw = False
2026-08-03_16:37:12.172289 	EXP 	fix_cross: autoDraw = True
2026-08-03_16:37:12.208562 	EXP 	fix_cross: autoDraw = False
2026-08-03_16:37:12.208562 	EXP 	fix_cross: autoDraw = True
2026-08-03_16:37:12.238586 	EXP 	fix_cross: autoDraw = False
2026-08-03_16:37:12.238586 	EXP 	fix_cross: autoDraw = True
2026-08-03_16:37:12.254588 	EXP 	fix_cross: autoDraw = False
2026-08-03_16:37:12.254588 	EXP 	fix_cross: autoDraw = True
2026-08-03_16:37:12.275171 	EXP 	fix_cross: autoDraw = False
2026-08-03_16:37:12.275171 	EXP 	fix_cross: autoDraw = True
2026-08-03_16:37:12.304085 	EXP 	fix_cross: autoDraw = False
2026-08-03_16:37:12.304085 	EXP 	fix_cross: autoDraw = True
2026-08-03_16:37:12.322423 	EXP 	fix_cross: autoDraw = False
2026-08-03_16:37:12.322423 	EXP 	fix_cross: autoDraw = True
2026-08-03_16:37:12.337906 	EXP 	fix_cross: autoDraw = False
2026-08-03_16:37:12.337906 	EXP 	fix_cross: autoDraw = True
2026-08-03_16:37:12.356437 	EXP 	fix_cross: autoDraw = False
2026-08-03_16:37:12.356437 	EXP 	fix_cross: autoDraw = True
2026-08-03_16:37:12.356437 	EXP 	fix_cross: autoDraw = False
2026-08-03_16:37:12.356437 	EXP 	fix_cross_2: autoDraw = True
2026-08-03_16:37:13.200468 	EXP 	New trial (rep=0, index=35): <Trial 35 (35 in rep 0) data={'block': 1, 'trial_in_block': 36, 'concept': 'dog', 'concept_num': 5, 'concept_num_word': 5, 'exemplar_num': 14, 'image_shown': 'dog\\dog_14.jpg', 'word_shown_english': 'dog', 'word_shown_german': 'Hund', 'word_shown_french': 'Chien', 'is_prompt': 1, 'is_mismatch': 0, 'ITI_length': 0.92, 'correct_response': None, 'nonmatch_pres_side': None, 'thisN': 35, 'thisTrialN': 35, 'thisRepN': 0}>
2026-08-03_16:37:13.276115 	EXP 	fix_cross_2: autoDraw = False
2026-08-03_16:37:13.276115 	EXP 	fix_cross_2: autoDraw = False
2026-08-03_16:37:13.276115 	EXP 	breaks_instruction: text = 'Pause, die Aufgabe geht gleich weiter.\nEs sind noch 9 Blöcke übrig.'
2026-08-03_16:37:13.276115 	EXP 	instruction_continuebreak: text = 'Die Pause ist vorbei.\nBitte drücken Sie eine beliebige Taste,\nsobald sie bereit sind, weiterzumachen.'
2026-08-03_16:37:13.276115 	EXP 	breaks_instruction: autoDraw = False
2026-08-03_16:37:13.276115 	EXP 	progress_bar_breaks: autoDraw = False
2026-08-03_16:37:13.276115 	EXP 	instruction_continuebreak: autoDraw = False
2026-08-03_16:37:13.276115 	EXP 	image: image = 'stimuli\\dog\\dog_14.jpg'
2026-08-03_16:37:13.276115 	EXP 	image: autoDraw = True
2026-08-03_16:37:14.042596 	EXP 	spoken_word: sampleRate = 44100
2026-08-03_16:37:14.047400 	INFO 	Resampled audio from 44100Hz to 48000Hz using method 'default'.
2026-08-03_16:37:14.047443 	DEBUG 	Converted audio clip from mono to stereo
2026-08-03_16:37:14.048879 	EXP 	Sound spoken_word reached end of file
175.9368 	EXP 	Playing sound spoken_word on speaker Lautsprecher (Realtek(R) Audio)
2026-08-03_16:37:14.072010 	INFO 	Keyboard events cleared
2026-08-03_16:37:14.071864 	EXP 	image: autoDraw = False
2026-08-03_16:37:14.071864 	EXP 	image: autoDraw = False
2026-08-03_16:37:14.071864 	EXP 	fix_cross: foreColor = <psychopy.colors.Color: white, alpha=1.0>
2026-08-03_16:37:14.071864 	EXP 	fix_cross: autoDraw = True
2026-08-03_16:37:14.522728 	EXP 	Sound spoken_word reached end of file
2026-08-03_16:37:14.543189 	EXP 	Sound spoken_word reached end of file
2026-08-03_16:37:14.742216 	DATA 	Mouse: Left button down, pos=(336,184)
2026-08-03_16:37:14.860327 	DATA 	Mouse:  Left button up, pos=(336,184)
2026-08-03_16:37:15.275826 	EXP 	Device response: <KeyPress from None: t=177.15707730001304, value=r, duration=None>
2026-08-03_16:37:15.276789 	DATA 	Keypress: r
2026-08-03_16:37:15.443521 	EXP 	Device response: <KeyPress from None: t=177.15707730001304, value=r, duration=0.16075119999004528>
2026-08-03_16:37:15.469033 	EXP 	fix_cross: foreColor = <psychopy.colors.Color: red, alpha=1.0>
2026-08-03_16:37:15.588127 	EXP 	fix_cross: autoDraw = False
2026-08-03_16:37:15.588127 	EXP 	fix_cross: autoDraw = True
2026-08-03_16:37:15.603058 	EXP 	fix_cross: autoDraw = False
2026-08-03_16:37:15.603058 	EXP 	fix_cross: autoDraw = True
2026-08-03_16:37:15.619622 	EXP 	fix_cross: autoDraw = False
2026-08-03_16:37:15.619622 	EXP 	fix_cross: autoDraw = True
2026-08-03_16:37:15.636831 	EXP 	fix_cross: autoDraw = False
2026-08-03_16:37:15.636831 	EXP 	fix_cross: autoDraw = True
2026-08-03_16:37:15.654782 	EXP 	fix_cross: autoDraw = False
2026-08-03_16:37:15.654782 	EXP 	fix_cross: autoDraw = True
2026-08-03_16:37:15.670332 	EXP 	fix_cross: autoDraw = False
2026-08-03_16:37:15.670332 	EXP 	fix_cross: autoDraw = True
2026-08-03_16:37:15.670332 	EXP 	fix_cross: autoDraw = False
2026-08-03_16:37:15.670332 	EXP 	fix_cross_2: autoDraw = True
2026-08-03_16:37:17.592876 	EXP 	New trial (rep=0, index=36): <Trial 36 (36 in rep 0) data={'block': 1, 'trial_in_block': 37, 'concept': 'flower', 'concept_num': 6, 'concept_num_word': 6, 'exemplar_num': 7, 'image_shown': 'flower\\flower_07.jpg', 'word_shown_english': 'flower', 'word_shown_german': 'Blume', 'word_shown_french': 'Fleur', 'is_prompt': 1, 'is_mismatch': 0, 'ITI_length': 1.15, 'correct_response': None, 'nonmatch_pres_side': None, 'thisN': 36, 'thisTrialN': 36, 'thisRepN': 0}>
2026-08-03_16:37:17.654833 	EXP 	fix_cross_2: autoDraw = False
2026-08-03_16:37:17.654833 	EXP 	fix_cross_2: autoDraw = False
2026-08-03_16:37:17.654833 	EXP 	breaks_instruction: text = 'Pause, die Aufgabe geht gleich weiter.\nEs sind noch 9 Blöcke übrig.'
2026-08-03_16:37:17.654833 	EXP 	instruction_continuebreak: text = 'Die Pause ist vorbei.\nBitte drücken Sie eine beliebige Taste,\nsobald sie bereit sind, weiterzumachen.'
2026-08-03_16:37:17.654833 	EXP 	breaks_instruction: autoDraw = False
2026-08-03_16:37:17.654833 	EXP 	progress_bar_breaks: autoDraw = False
2026-08-03_16:37:17.654833 	EXP 	instruction_continuebreak: autoDraw = False
2026-08-03_16:37:17.654833 	EXP 	image: image = 'stimuli\\flower\\flower_07.jpg'
2026-08-03_16:37:17.654833 	EXP 	image: autoDraw = True
2026-08-03_16:37:18.409420 	EXP 	spoken_word: sampleRate = 24000
2026-08-03_16:37:18.412008 	INFO 	Resampled audio from 24000Hz to 48000Hz using method 'default'.
2026-08-03_16:37:18.412041 	DEBUG 	Converted audio clip from mono to stereo
2026-08-03_16:37:18.413613 	EXP 	Sound spoken_word reached end of file
180.3035 	EXP 	Playing sound spoken_word on speaker Lautsprecher (Realtek(R) Audio)
2026-08-03_16:37:18.435252 	INFO 	Keyboard events cleared
2026-08-03_16:37:18.435107 	EXP 	image: autoDraw = False
2026-08-03_16:37:18.435107 	EXP 	image: autoDraw = False
2026-08-03_16:37:18.435107 	EXP 	fix_cross: foreColor = <psychopy.colors.Color: white, alpha=1.0>
2026-08-03_16:37:18.435107 	EXP 	fix_cross: autoDraw = True
2026-08-03_16:37:19.292830 	EXP 	Sound spoken_word reached end of file
2026-08-03_16:37:19.305691 	EXP 	Sound spoken_word reached end of file
2026-08-03_16:37:19.934973 	EXP 	fix_cross: autoDraw = False
2026-08-03_16:37:19.934973 	EXP 	fix_cross: foreColor = <psychopy.colors.Color: green, alpha=1.0>
2026-08-03_16:37:19.934973 	EXP 	fix_cross: autoDraw = True
2026-08-03_16:37:19.952756 	EXP 	fix_cross: autoDraw = False
2026-08-03_16:37:19.952756 	EXP 	fix_cross: autoDraw = True
2026-08-03_16:37:19.968725 	EXP 	fix_cross: autoDraw = False
2026-08-03_16:37:19.968725 	EXP 	fix_cross: autoDraw = True
2026-08-03_16:37:19.992006 	EXP 	fix_cross: autoDraw = False
2026-08-03_16:37:19.992006 	EXP 	fix_cross: autoDraw = True
2026-08-03_16:37:20.035169 	EXP 	fix_cross: autoDraw = False
2026-08-03_16:37:20.035169 	EXP 	fix_cross: autoDraw = True
2026-08-03_16:37:20.058785 	EXP 	fix_cross: autoDraw = False
2026-08-03_16:37:20.058785 	EXP 	fix_cross: autoDraw = True
2026-08-03_16:37:20.085451 	EXP 	fix_cross: autoDraw = False
2026-08-03_16:37:20.085451 	EXP 	fix_cross: autoDraw = True
2026-08-03_16:37:20.103358 	EXP 	fix_cross: autoDraw = False
2026-08-03_16:37:20.103358 	EXP 	fix_cross: autoDraw = True
2026-08-03_16:37:20.118672 	EXP 	fix_cross: autoDraw = False
2026-08-03_16:37:20.118672 	EXP 	fix_cross: autoDraw = True
2026-08-03_16:37:20.143490 	EXP 	fix_cross: autoDraw = False
2026-08-03_16:37:20.143490 	EXP 	fix_cross: autoDraw = True
2026-08-03_16:37:20.143490 	EXP 	fix_cross: autoDraw = False
2026-08-03_16:37:20.143490 	EXP 	fix_cross_2: autoDraw = True
2026-08-03_16:37:21.289135 	EXP 	New trial (rep=0, index=37): <Trial 37 (37 in rep 0) data={'block': 1, 'trial_in_block': 38, 'concept': 'chair', 'concept_num': 4, 'concept_num_word': 4, 'exemplar_num': 47, 'image_shown': 'chair\\chair_47.jpg', 'word_shown_english': 'chair', 'word_shown_german': 'Stuhl', 'word_shown_french': 'Chaise', 'is_prompt': 1, 'is_mismatch': 0, 'ITI_length': 0.99, 'correct_response': None, 'nonmatch_pres_side': None, 'thisN': 37, 'thisTrialN': 37, 'thisRepN': 0}>
2026-08-03_16:37:21.394791 	EXP 	fix_cross_2: autoDraw = False
2026-08-03_16:37:21.394791 	EXP 	fix_cross_2: autoDraw = False
2026-08-03_16:37:21.394791 	EXP 	breaks_instruction: text = 'Pause, die Aufgabe geht gleich weiter.\nEs sind noch 9 Blöcke übrig.'
2026-08-03_16:37:21.394791 	EXP 	instruction_continuebreak: text = 'Die Pause ist vorbei.\nBitte drücken Sie eine beliebige Taste,\nsobald sie bereit sind, weiterzumachen.'
2026-08-03_16:37:21.394791 	EXP 	breaks_instruction: autoDraw = False
2026-08-03_16:37:21.394791 	EXP 	progress_bar_breaks: autoDraw = False
2026-08-03_16:37:21.394791 	EXP 	instruction_continuebreak: autoDraw = False
2026-08-03_16:37:21.394791 	EXP 	image: image = 'stimuli\\chair\\chair_47.jpg'
2026-08-03_16:37:21.394791 	EXP 	image: autoDraw = True
2026-08-03_16:37:22.139689 	EXP 	spoken_word: sampleRate = 44100
2026-08-03_16:37:22.145117 	INFO 	Resampled audio from 44100Hz to 48000Hz using method 'default'.
2026-08-03_16:37:22.145147 	DEBUG 	Converted audio clip from mono to stereo
2026-08-03_16:37:22.146356 	EXP 	Sound spoken_word reached end of file
184.0345 	EXP 	Playing sound spoken_word on speaker Lautsprecher (Realtek(R) Audio)
2026-08-03_16:37:22.167358 	INFO 	Keyboard events cleared
2026-08-03_16:37:22.167221 	EXP 	image: autoDraw = False
2026-08-03_16:37:22.167221 	EXP 	image: autoDraw = False
2026-08-03_16:37:22.167221 	EXP 	fix_cross: foreColor = <psychopy.colors.Color: white, alpha=1.0>
2026-08-03_16:37:22.167221 	EXP 	fix_cross: autoDraw = True
2026-08-03_16:37:22.692168 	EXP 	Sound spoken_word reached end of file
2026-08-03_16:37:22.704672 	EXP 	Sound spoken_word reached end of file
2026-08-03_16:37:23.666755 	EXP 	fix_cross: autoDraw = False
2026-08-03_16:37:23.666755 	EXP 	fix_cross: foreColor = <psychopy.colors.Color: green, alpha=1.0>
2026-08-03_16:37:23.666755 	EXP 	fix_cross: autoDraw = True
2026-08-03_16:37:23.683064 	EXP 	fix_cross: autoDraw = False
2026-08-03_16:37:23.683064 	EXP 	fix_cross: autoDraw = True
2026-08-03_16:37:23.699915 	EXP 	fix_cross: autoDraw = False
2026-08-03_16:37:23.699915 	EXP 	fix_cross: autoDraw = True
2026-08-03_16:37:23.716419 	EXP 	fix_cross: autoDraw = False
2026-08-03_16:37:23.716419 	EXP 	fix_cross: autoDraw = True
2026-08-03_16:37:23.733024 	EXP 	fix_cross: autoDraw = False
2026-08-03_16:37:23.733024 	EXP 	fix_cross: autoDraw = True
2026-08-03_16:37:23.749627 	EXP 	fix_cross: autoDraw = False
2026-08-03_16:37:23.749627 	EXP 	fix_cross: autoDraw = True
2026-08-03_16:37:23.766714 	EXP 	fix_cross: autoDraw = False
2026-08-03_16:37:23.766714 	EXP 	fix_cross: autoDraw = True
2026-08-03_16:37:23.783462 	EXP 	fix_cross: autoDraw = False
2026-08-03_16:37:23.783462 	EXP 	fix_cross: autoDraw = True
2026-08-03_16:37:23.799720 	EXP 	fix_cross: autoDraw = False
2026-08-03_16:37:23.799720 	EXP 	fix_cross: autoDraw = True
2026-08-03_16:37:23.818015 	EXP 	fix_cross: autoDraw = False
2026-08-03_16:37:23.818015 	EXP 	fix_cross: autoDraw = True
2026-08-03_16:37:23.833373 	EXP 	fix_cross: autoDraw = False
2026-08-03_16:37:23.833373 	EXP 	fix_cross: autoDraw = True
2026-08-03_16:37:23.850021 	EXP 	fix_cross: autoDraw = False
2026-08-03_16:37:23.850021 	EXP 	fix_cross: autoDraw = True
2026-08-03_16:37:23.866705 	EXP 	fix_cross: autoDraw = False
2026-08-03_16:37:23.866705 	EXP 	fix_cross: autoDraw = True
2026-08-03_16:37:23.866705 	EXP 	fix_cross: autoDraw = False
2026-08-03_16:37:23.866705 	EXP 	fix_cross_2: autoDraw = True
2026-08-03_16:37:24.674255 	EXP 	Device response: <KeyPress from None: t=186.55575310002314, value=r, duration=None>
2026-08-03_16:37:24.840131 	EXP 	Device response: <KeyPress from None: t=186.55575310002314, value=r, duration=0.162783199979458>
2026-08-03_16:37:24.857794 	EXP 	New trial (rep=0, index=38): <Trial 38 (38 in rep 0) data={'block': 1, 'trial_in_block': 39, 'concept': 'bread', 'concept_num': 3, 'concept_num_word': 3, 'exemplar_num': 26, 'image_shown': 'bread\\bread_26.jpg', 'word_shown_english': 'bread', 'word_shown_german': 'Brot', 'word_shown_french': 'Pain', 'is_prompt': 1, 'is_mismatch': 0, 'ITI_length': 1.07, 'correct_response': None, 'nonmatch_pres_side': None, 'thisN': 38, 'thisTrialN': 38, 'thisRepN': 0}>
2026-08-03_16:37:24.954467 	EXP 	fix_cross_2: autoDraw = False
2026-08-03_16:37:24.954467 	EXP 	fix_cross_2: autoDraw = False
2026-08-03_16:37:24.954467 	EXP 	breaks_instruction: text = 'Pause, die Aufgabe geht gleich weiter.\nEs sind noch 9 Blöcke übrig.'
2026-08-03_16:37:24.954467 	EXP 	instruction_continuebreak: text = 'Die Pause ist vorbei.\nBitte drücken Sie eine beliebige Taste,\nsobald sie bereit sind, weiterzumachen.'
2026-08-03_16:37:24.954467 	EXP 	breaks_instruction: autoDraw = False
2026-08-03_16:37:24.954467 	EXP 	progress_bar_breaks: autoDraw = False
2026-08-03_16:37:24.954467 	EXP 	instruction_continuebreak: autoDraw = False
2026-08-03_16:37:24.954467 	EXP 	image: image = 'stimuli\\bread\\bread_26.jpg'
2026-08-03_16:37:24.954467 	EXP 	image: autoDraw = True
2026-08-03_16:37:25.702174 	EXP 	spoken_word: sampleRate = 24000
2026-08-03_16:37:25.705995 	INFO 	Resampled audio from 24000Hz to 48000Hz using method 'default'.
2026-08-03_16:37:25.706036 	DEBUG 	Converted audio clip from mono to stereo
2026-08-03_16:37:25.707754 	EXP 	Sound spoken_word reached end of file
187.5958 	EXP 	Playing sound spoken_word on speaker Lautsprecher (Realtek(R) Audio)
2026-08-03_16:37:25.717900 	INFO 	Keyboard events cleared
2026-08-03_16:37:25.717761 	EXP 	image: autoDraw = False
2026-08-03_16:37:25.717761 	EXP 	image: autoDraw = False
2026-08-03_16:37:25.717761 	EXP 	fix_cross: foreColor = <psychopy.colors.Color: white, alpha=1.0>
2026-08-03_16:37:25.717761 	EXP 	fix_cross: autoDraw = True
2026-08-03_16:37:26.610089 	EXP 	Sound spoken_word reached end of file
2026-08-03_16:37:26.635844 	EXP 	Sound spoken_word reached end of file
2026-08-03_16:37:27.219332 	EXP 	fix_cross: autoDraw = False
2026-08-03_16:37:27.219332 	EXP 	fix_cross: foreColor = <psychopy.colors.Color: green, alpha=1.0>
2026-08-03_16:37:27.219332 	EXP 	fix_cross: autoDraw = True
2026-08-03_16:37:27.234983 	EXP 	fix_cross: autoDraw = False
2026-08-03_16:37:27.234983 	EXP 	fix_cross: autoDraw = True
2026-08-03_16:37:27.251764 	EXP 	fix_cross: autoDraw = False
2026-08-03_16:37:27.251764 	EXP 	fix_cross: autoDraw = True
2026-08-03_16:37:27.271771 	EXP 	fix_cross: autoDraw = False
2026-08-03_16:37:27.271771 	EXP 	fix_cross: autoDraw = True
2026-08-03_16:37:27.301654 	EXP 	fix_cross: autoDraw = False
2026-08-03_16:37:27.301654 	EXP 	fix_cross: autoDraw = True
2026-08-03_16:37:27.318071 	EXP 	fix_cross: autoDraw = False
2026-08-03_16:37:27.318071 	EXP 	fix_cross: autoDraw = True
2026-08-03_16:37:27.338850 	EXP 	fix_cross: autoDraw = False
2026-08-03_16:37:27.338850 	EXP 	fix_cross: autoDraw = True
2026-08-03_16:37:27.374836 	EXP 	fix_cross: autoDraw = False
2026-08-03_16:37:27.374836 	EXP 	fix_cross: autoDraw = True
2026-08-03_16:37:27.412011 	EXP 	fix_cross: autoDraw = False
2026-08-03_16:37:27.412011 	EXP 	fix_cross: autoDraw = True
2026-08-03_16:37:27.456621 	EXP 	fix_cross: autoDraw = False
2026-08-03_16:37:27.456621 	EXP 	fix_cross: autoDraw = True
2026-08-03_16:37:27.456621 	EXP 	fix_cross: autoDraw = False
2026-08-03_16:37:27.456621 	EXP 	fix_cross_2: autoDraw = True
2026-08-03_16:37:28.189160 	DATA 	Mouse: Left button down, pos=(636,283)
2026-08-03_16:37:28.305376 	DATA 	Mouse:  Left button up, pos=(636,283)
2026-08-03_16:37:28.521940 	EXP 	New trial (rep=0, index=39): <Trial 39 (39 in rep 0) data={'block': 1, 'trial_in_block': 40, 'concept': 'bicycle', 'concept_num': 2, 'concept_num_word': 2, 'exemplar_num': 49, 'image_shown': 'bicycle\\bicycle_49.jpg', 'word_shown_english': 'bicycle', 'word_shown_german': 'Fahrrad', 'word_shown_french': 'Vélo', 'is_prompt': 1, 'is_mismatch': 0, 'ITI_length': 0.88, 'correct_response': None, 'nonmatch_pres_side': None, 'thisN': 39, 'thisTrialN': 39, 'thisRepN': 0}>
2026-08-03_16:37:28.626307 	EXP 	fix_cross_2: autoDraw = False
2026-08-03_16:37:28.626307 	EXP 	fix_cross_2: autoDraw = False
2026-08-03_16:37:28.626307 	EXP 	breaks_instruction: text = 'Pause, die Aufgabe geht gleich weiter.\nEs sind noch 9 Blöcke übrig.'
2026-08-03_16:37:28.626307 	EXP 	instruction_continuebreak: text = 'Die Pause ist vorbei.\nBitte drücken Sie eine beliebige Taste,\nsobald sie bereit sind, weiterzumachen.'
2026-08-03_16:37:28.626307 	EXP 	breaks_instruction: autoDraw = False
2026-08-03_16:37:28.626307 	EXP 	progress_bar_breaks: autoDraw = False
2026-08-03_16:37:28.626307 	EXP 	instruction_continuebreak: autoDraw = False
2026-08-03_16:37:28.626307 	EXP 	image: image = 'stimuli\\bicycle\\bicycle_49.jpg'
2026-08-03_16:37:28.626307 	EXP 	image: autoDraw = True
2026-08-03_16:37:29.373526 	EXP 	spoken_word: sampleRate = 48000
2026-08-03_16:37:29.375238 	DEBUG 	Converted audio clip from mono to stereo
2026-08-03_16:37:29.376681 	EXP 	Sound spoken_word reached end of file
191.2664 	EXP 	Playing sound spoken_word on speaker Lautsprecher (Realtek(R) Audio)
2026-08-03_16:37:29.403353 	INFO 	Keyboard events cleared
2026-08-03_16:37:29.403184 	EXP 	image: autoDraw = False
2026-08-03_16:37:29.403184 	EXP 	image: autoDraw = False
2026-08-03_16:37:29.403184 	EXP 	fix_cross: foreColor = <psychopy.colors.Color: white, alpha=1.0>
2026-08-03_16:37:29.403184 	EXP 	fix_cross: autoDraw = True
2026-08-03_16:37:29.889406 	EXP 	Device response: <KeyPress from None: t=191.76971760002198, value=r, duration=None>
2026-08-03_16:37:29.890478 	DATA 	Keypress: r
2026-08-03_16:37:29.988575 	EXP 	Device response: <KeyPress from None: t=191.76971760002198, value=r, duration=0.08752419997472316>
2026-08-03_16:37:30.014626 	EXP 	fix_cross: foreColor = <psychopy.colors.Color: red, alpha=1.0>
2026-08-03_16:37:30.070808 	EXP 	Sound spoken_word reached end of file
2026-08-03_16:37:30.087312 	EXP 	Sound spoken_word reached end of file
2026-08-03_16:37:30.215177 	EXP 	fix_cross: autoDraw = False
2026-08-03_16:37:30.215177 	EXP 	fix_cross_2: autoDraw = True
2026-08-03_16:37:32.085435 	EXP 	New trial (rep=0, index=40): <Trial 40 (40 in rep 0) data={'block': 1, 'trial_in_block': 41, 'concept': 'flower', 'concept_num': 6, 'concept_num_word': 6, 'exemplar_num': 38, 'image_shown': 'flower\\flower_38.jpg', 'word_shown_english': 'flower', 'word_shown_german': 'Blume', 'word_shown_french': 'Fleur', 'is_prompt': 1, 'is_mismatch': 0, 'ITI_length': 0.84, 'correct_response': None, 'nonmatch_pres_side': None, 'thisN': 40, 'thisTrialN': 40, 'thisRepN': 0}>
2026-08-03_16:37:32.168693 	EXP 	fix_cross_2: autoDraw = False
2026-08-03_16:37:32.168693 	EXP 	fix_cross_2: autoDraw = False
2026-08-03_16:37:32.168693 	EXP 	breaks_instruction: text = 'Pause, die Aufgabe geht gleich weiter.\nEs sind noch 9 Blöcke übrig.'
2026-08-03_16:37:32.168693 	EXP 	instruction_continuebreak: text = 'Die Pause ist vorbei.\nBitte drücken Sie eine beliebige Taste,\nsobald sie bereit sind, weiterzumachen.'
2026-08-03_16:37:32.168693 	EXP 	breaks_instruction: autoDraw = False
2026-08-03_16:37:32.168693 	EXP 	progress_bar_breaks: autoDraw = False
2026-08-03_16:37:32.168693 	EXP 	instruction_continuebreak: autoDraw = False
2026-08-03_16:37:32.168693 	EXP 	image: image = 'stimuli\\flower\\flower_38.jpg'
2026-08-03_16:37:32.168693 	EXP 	image: autoDraw = True
2026-08-03_16:37:32.921890 	EXP 	spoken_word: sampleRate = 24000
2026-08-03_16:37:32.924568 	INFO 	Resampled audio from 24000Hz to 48000Hz using method 'default'.
2026-08-03_16:37:32.924608 	DEBUG 	Converted audio clip from mono to stereo
2026-08-03_16:37:32.926412 	EXP 	Sound spoken_word reached end of file
194.8149 	EXP 	Playing sound spoken_word on speaker Lautsprecher (Realtek(R) Audio)
2026-08-03_16:37:32.947035 	INFO 	Keyboard events cleared
2026-08-03_16:37:32.946895 	EXP 	image: autoDraw = False
2026-08-03_16:37:32.946895 	EXP 	image: autoDraw = False
2026-08-03_16:37:32.946895 	EXP 	fix_cross: foreColor = <psychopy.colors.Color: white, alpha=1.0>
2026-08-03_16:37:32.946895 	EXP 	fix_cross: autoDraw = True
2026-08-03_16:37:33.807187 	EXP 	Sound spoken_word reached end of file
2026-08-03_16:37:33.816783 	EXP 	Sound spoken_word reached end of file
2026-08-03_16:37:34.446871 	EXP 	fix_cross: autoDraw = False
2026-08-03_16:37:34.446871 	EXP 	fix_cross: foreColor = <psychopy.colors.Color: green, alpha=1.0>
2026-08-03_16:37:34.446871 	EXP 	fix_cross: autoDraw = True
2026-08-03_16:37:34.463392 	EXP 	fix_cross: autoDraw = False
2026-08-03_16:37:34.463392 	EXP 	fix_cross: autoDraw = True
2026-08-03_16:37:34.480022 	EXP 	fix_cross: autoDraw = False
2026-08-03_16:37:34.480022 	EXP 	fix_cross: autoDraw = True
2026-08-03_16:37:34.496771 	EXP 	fix_cross: autoDraw = False
2026-08-03_16:37:34.496771 	EXP 	fix_cross: autoDraw = True
2026-08-03_16:37:34.513098 	EXP 	fix_cross: autoDraw = False
2026-08-03_16:37:34.513098 	EXP 	fix_cross: autoDraw = True
2026-08-03_16:37:34.529435 	EXP 	fix_cross: autoDraw = False
2026-08-03_16:37:34.529435 	EXP 	fix_cross: autoDraw = True
2026-08-03_16:37:34.546489 	EXP 	fix_cross: autoDraw = False
2026-08-03_16:37:34.546489 	EXP 	fix_cross: autoDraw = True
2026-08-03_16:37:34.563289 	EXP 	fix_cross: autoDraw = False
2026-08-03_16:37:34.563289 	EXP 	fix_cross: autoDraw = True
2026-08-03_16:37:34.580518 	EXP 	fix_cross: autoDraw = False
2026-08-03_16:37:34.580518 	EXP 	fix_cross: autoDraw = True
2026-08-03_16:37:34.603947 	EXP 	fix_cross: autoDraw = False
2026-08-03_16:37:34.603947 	EXP 	fix_cross: autoDraw = True
2026-08-03_16:37:34.637123 	EXP 	fix_cross: autoDraw = False
2026-08-03_16:37:34.637123 	EXP 	fix_cross: autoDraw = True
2026-08-03_16:37:34.664995 	EXP 	fix_cross: autoDraw = False
2026-08-03_16:37:34.664995 	EXP 	fix_cross: autoDraw = True
2026-08-03_16:37:34.664995 	EXP 	fix_cross: autoDraw = False
2026-08-03_16:37:34.664995 	EXP 	fix_cross_2: autoDraw = True
2026-08-03_16:37:35.501436 	EXP 	New trial (rep=0, index=41): <Trial 41 (41 in rep 0) data={'block': 1, 'trial_in_block': 42, 'concept': 'ball', 'concept_num': 1, 'concept_num_word': 1, 'exemplar_num': 18, 'image_shown': 'ball\\ball_18.jpg', 'word_shown_english': 'ball', 'word_shown_german': 'Ball', 'word_shown_french': 'Ballon', 'is_prompt': 1, 'is_mismatch': 0, 'ITI_length': 0.94, 'correct_response': None, 'nonmatch_pres_side': None, 'thisN': 41, 'thisTrialN': 41, 'thisRepN': 0}>
2026-08-03_16:37:35.563207 	EXP 	fix_cross_2: autoDraw = False
2026-08-03_16:37:35.563207 	EXP 	fix_cross_2: autoDraw = False
2026-08-03_16:37:35.563207 	EXP 	breaks_instruction: text = 'Pause, die Aufgabe geht gleich weiter.\nEs sind noch 9 Blöcke übrig.'
2026-08-03_16:37:35.563207 	EXP 	instruction_continuebreak: text = 'Die Pause ist vorbei.\nBitte drücken Sie eine beliebige Taste,\nsobald sie bereit sind, weiterzumachen.'
2026-08-03_16:37:35.563207 	EXP 	breaks_instruction: autoDraw = False
2026-08-03_16:37:35.563207 	EXP 	progress_bar_breaks: autoDraw = False
2026-08-03_16:37:35.563207 	EXP 	instruction_continuebreak: autoDraw = False
2026-08-03_16:37:35.563207 	EXP 	image: image = 'stimuli\\ball\\ball_18.jpg'
2026-08-03_16:37:35.563207 	EXP 	image: autoDraw = True
2026-08-03_16:37:36.302570 	EXP 	spoken_word: sampleRate = 24000
2026-08-03_16:37:36.305317 	INFO 	Resampled audio from 24000Hz to 48000Hz using method 'default'.
2026-08-03_16:37:36.305349 	DEBUG 	Converted audio clip from mono to stereo
2026-08-03_16:37:36.306790 	EXP 	Sound spoken_word reached end of file
198.1970 	EXP 	Playing sound spoken_word on speaker Lautsprecher (Realtek(R) Audio)
2026-08-03_16:37:36.329077 	INFO 	Keyboard events cleared
2026-08-03_16:37:36.328949 	EXP 	image: autoDraw = False
2026-08-03_16:37:36.328949 	EXP 	image: autoDraw = False
2026-08-03_16:37:36.328949 	EXP 	fix_cross: foreColor = <psychopy.colors.Color: white, alpha=1.0>
2026-08-03_16:37:36.328949 	EXP 	fix_cross: autoDraw = True
2026-08-03_16:37:37.071961 	EXP 	Sound spoken_word reached end of file
2026-08-03_16:37:37.084044 	EXP 	Sound spoken_word reached end of file
2026-08-03_16:37:37.828884 	EXP 	fix_cross: autoDraw = False
2026-08-03_16:37:37.828884 	EXP 	fix_cross: foreColor = <psychopy.colors.Color: green, alpha=1.0>
2026-08-03_16:37:37.828884 	EXP 	fix_cross: autoDraw = True
2026-08-03_16:37:37.845342 	EXP 	fix_cross: autoDraw = False
2026-08-03_16:37:37.845342 	EXP 	fix_cross: autoDraw = True
2026-08-03_16:37:37.861800 	EXP 	fix_cross: autoDraw = False
2026-08-03_16:37:37.861800 	EXP 	fix_cross: autoDraw = True
2026-08-03_16:37:37.878888 	EXP 	fix_cross: autoDraw = False
2026-08-03_16:37:37.878888 	EXP 	fix_cross: autoDraw = True
2026-08-03_16:37:37.896918 	EXP 	fix_cross: autoDraw = False
2026-08-03_16:37:37.896918 	EXP 	fix_cross: autoDraw = True
2026-08-03_16:37:37.919487 	EXP 	fix_cross: autoDraw = False
2026-08-03_16:37:37.919487 	EXP 	fix_cross: autoDraw = True
2026-08-03_16:37:37.946866 	EXP 	fix_cross: autoDraw = False
2026-08-03_16:37:37.946866 	EXP 	fix_cross: autoDraw = True
2026-08-03_16:37:37.962204 	EXP 	fix_cross: autoDraw = False
2026-08-03_16:37:37.962204 	EXP 	fix_cross: autoDraw = True
2026-08-03_16:37:37.978959 	EXP 	fix_cross: autoDraw = False
2026-08-03_16:37:37.978959 	EXP 	fix_cross: autoDraw = True
2026-08-03_16:37:37.997879 	EXP 	fix_cross: autoDraw = False
2026-08-03_16:37:37.997879 	EXP 	fix_cross: autoDraw = True
2026-08-03_16:37:38.013602 	EXP 	fix_cross: autoDraw = False
2026-08-03_16:37:38.013602 	EXP 	fix_cross: autoDraw = True
2026-08-03_16:37:38.029510 	EXP 	fix_cross: autoDraw = False
2026-08-03_16:37:38.029510 	EXP 	fix_cross: autoDraw = True
2026-08-03_16:37:38.029510 	EXP 	fix_cross: autoDraw = False
2026-08-03_16:37:38.029510 	EXP 	fix_cross_2: autoDraw = True
2026-08-03_16:37:38.965444 	EXP 	New trial (rep=0, index=42): <Trial 42 (42 in rep 0) data={'block': 1, 'trial_in_block': 43, 'concept': 'flower', 'concept_num': 6, 'concept_num_word': 6, 'exemplar_num': 49, 'image_shown': 'flower\\flower_49.jpg', 'word_shown_english': 'flower', 'word_shown_german': 'Blume', 'word_shown_french': 'Fleur', 'is_prompt': 1, 'is_mismatch': 0, 'ITI_length': 1.08, 'correct_response': None, 'nonmatch_pres_side': None, 'thisN': 42, 'thisTrialN': 42, 'thisRepN': 0}>
2026-08-03_16:37:39.069222 	EXP 	fix_cross_2: autoDraw = False
2026-08-03_16:37:39.069222 	EXP 	fix_cross_2: autoDraw = False
2026-08-03_16:37:39.069222 	EXP 	breaks_instruction: text = 'Pause, die Aufgabe geht gleich weiter.\nEs sind noch 9 Blöcke übrig.'
2026-08-03_16:37:39.069222 	EXP 	instruction_continuebreak: text = 'Die Pause ist vorbei.\nBitte drücken Sie eine beliebige Taste,\nsobald sie bereit sind, weiterzumachen.'
2026-08-03_16:37:39.069222 	EXP 	breaks_instruction: autoDraw = False
2026-08-03_16:37:39.069222 	EXP 	progress_bar_breaks: autoDraw = False
2026-08-03_16:37:39.069222 	EXP 	instruction_continuebreak: autoDraw = False
2026-08-03_16:37:39.069222 	EXP 	image: image = 'stimuli\\flower\\flower_49.jpg'
2026-08-03_16:37:39.069222 	EXP 	image: autoDraw = True
2026-08-03_16:37:39.818028 	EXP 	spoken_word: sampleRate = 24000
2026-08-03_16:37:39.820568 	INFO 	Resampled audio from 24000Hz to 48000Hz using method 'default'.
2026-08-03_16:37:39.820602 	DEBUG 	Converted audio clip from mono to stereo
2026-08-03_16:37:39.821979 	EXP 	Sound spoken_word reached end of file
201.7125 	EXP 	Playing sound spoken_word on speaker Lautsprecher (Realtek(R) Audio)
2026-08-03_16:37:39.844626 	INFO 	Keyboard events cleared
2026-08-03_16:37:39.844488 	EXP 	image: autoDraw = False
2026-08-03_16:37:39.844488 	EXP 	image: autoDraw = False
2026-08-03_16:37:39.844488 	EXP 	fix_cross: foreColor = <psychopy.colors.Color: white, alpha=1.0>
2026-08-03_16:37:39.844488 	EXP 	fix_cross: autoDraw = True
2026-08-03_16:37:40.701532 	EXP 	Sound spoken_word reached end of file
2026-08-03_16:37:40.715386 	EXP 	Sound spoken_word reached end of file
2026-08-03_16:37:41.346414 	EXP 	fix_cross: autoDraw = False
2026-08-03_16:37:41.346414 	EXP 	fix_cross: foreColor = <psychopy.colors.Color: green, alpha=1.0>
2026-08-03_16:37:41.346414 	EXP 	fix_cross: autoDraw = True
2026-08-03_16:37:41.361510 	EXP 	fix_cross: autoDraw = False
2026-08-03_16:37:41.361510 	EXP 	fix_cross: autoDraw = True
2026-08-03_16:37:41.378046 	EXP 	fix_cross: autoDraw = False
2026-08-03_16:37:41.378046 	EXP 	fix_cross: autoDraw = True
2026-08-03_16:37:41.394728 	EXP 	fix_cross: autoDraw = False
2026-08-03_16:37:41.394728 	EXP 	fix_cross: autoDraw = True
2026-08-03_16:37:41.411530 	EXP 	fix_cross: autoDraw = False
2026-08-03_16:37:41.411530 	EXP 	fix_cross: autoDraw = True
2026-08-03_16:37:41.429581 	EXP 	fix_cross: autoDraw = False
2026-08-03_16:37:41.429581 	EXP 	fix_cross: autoDraw = True
2026-08-03_16:37:41.445277 	EXP 	fix_cross: autoDraw = False
2026-08-03_16:37:41.445277 	EXP 	fix_cross: autoDraw = True
2026-08-03_16:37:41.461736 	EXP 	fix_cross: autoDraw = False
2026-08-03_16:37:41.461736 	EXP 	fix_cross: autoDraw = True
2026-08-03_16:37:41.477960 	EXP 	fix_cross: autoDraw = False
2026-08-03_16:37:41.477960 	EXP 	fix_cross: autoDraw = True
2026-08-03_16:37:41.494821 	EXP 	fix_cross: autoDraw = False
2026-08-03_16:37:41.494821 	EXP 	fix_cross: autoDraw = True
2026-08-03_16:37:41.511385 	EXP 	fix_cross: autoDraw = False
2026-08-03_16:37:41.511385 	EXP 	fix_cross: autoDraw = True
2026-08-03_16:37:41.527801 	EXP 	fix_cross: autoDraw = False
2026-08-03_16:37:41.527801 	EXP 	fix_cross: autoDraw = True
2026-08-03_16:37:41.544673 	EXP 	fix_cross: autoDraw = False
2026-08-03_16:37:41.544673 	EXP 	fix_cross: autoDraw = True
2026-08-03_16:37:41.544673 	EXP 	fix_cross: autoDraw = False
2026-08-03_16:37:41.544673 	EXP 	fix_cross_2: autoDraw = True
2026-08-03_16:37:42.615811 	EXP 	New trial (rep=0, index=43): <Trial 43 (43 in rep 0) data={'block': 1, 'trial_in_block': 44, 'concept': 'hand', 'concept_num': 8, 'concept_num_word': 8, 'exemplar_num': 3, 'image_shown': 'hand\\hand_03.jpg', 'word_shown_english': 'hand', 'word_shown_german': 'Hand', 'word_shown_french': 'Main', 'is_prompt': 1, 'is_mismatch': 0, 'ITI_length': 1.17, 'correct_response': None, 'nonmatch_pres_side': None, 'thisN': 43, 'thisTrialN': 43, 'thisRepN': 0}>
2026-08-03_16:37:42.699142 	EXP 	fix_cross_2: autoDraw = False
2026-08-03_16:37:42.699142 	EXP 	fix_cross_2: autoDraw = False
2026-08-03_16:37:42.699142 	EXP 	breaks_instruction: text = 'Pause, die Aufgabe geht gleich weiter.\nEs sind noch 9 Blöcke übrig.'
2026-08-03_16:37:42.699142 	EXP 	instruction_continuebreak: text = 'Die Pause ist vorbei.\nBitte drücken Sie eine beliebige Taste,\nsobald sie bereit sind, weiterzumachen.'
2026-08-03_16:37:42.699142 	EXP 	breaks_instruction: autoDraw = False
2026-08-03_16:37:42.699142 	EXP 	progress_bar_breaks: autoDraw = False
2026-08-03_16:37:42.699142 	EXP 	instruction_continuebreak: autoDraw = False
2026-08-03_16:37:42.699142 	EXP 	image: image = 'stimuli\\hand\\hand_03.jpg'
2026-08-03_16:37:42.699142 	EXP 	image: autoDraw = True
2026-08-03_16:37:43.450479 	EXP 	spoken_word: sampleRate = 44100
2026-08-03_16:37:43.455786 	INFO 	Resampled audio from 44100Hz to 48000Hz using method 'default'.
2026-08-03_16:37:43.455825 	DEBUG 	Converted audio clip from mono to stereo
2026-08-03_16:37:43.457207 	EXP 	Sound spoken_word reached end of file
205.3450 	EXP 	Playing sound spoken_word on speaker Lautsprecher (Realtek(R) Audio)
2026-08-03_16:37:43.476792 	INFO 	Keyboard events cleared
2026-08-03_16:37:43.476652 	EXP 	image: autoDraw = False
2026-08-03_16:37:43.476652 	EXP 	image: autoDraw = False
2026-08-03_16:37:43.476652 	EXP 	fix_cross: foreColor = <psychopy.colors.Color: white, alpha=1.0>
2026-08-03_16:37:43.476652 	EXP 	fix_cross: autoDraw = True
2026-08-03_16:37:43.930559 	EXP 	Sound spoken_word reached end of file
2026-08-03_16:37:43.947904 	EXP 	Sound spoken_word reached end of file
2026-08-03_16:37:44.977076 	EXP 	fix_cross: autoDraw = False
2026-08-03_16:37:44.977076 	EXP 	fix_cross: foreColor = <psychopy.colors.Color: green, alpha=1.0>
2026-08-03_16:37:44.977076 	EXP 	fix_cross: autoDraw = True
2026-08-03_16:37:44.993529 	EXP 	fix_cross: autoDraw = False
2026-08-03_16:37:44.993529 	EXP 	fix_cross: autoDraw = True
2026-08-03_16:37:45.010676 	EXP 	fix_cross: autoDraw = False
2026-08-03_16:37:45.010676 	EXP 	fix_cross: autoDraw = True
2026-08-03_16:37:45.026791 	EXP 	fix_cross: autoDraw = False
2026-08-03_16:37:45.026791 	EXP 	fix_cross: autoDraw = True
2026-08-03_16:37:45.043424 	EXP 	fix_cross: autoDraw = False
2026-08-03_16:37:45.043424 	EXP 	fix_cross: autoDraw = True
2026-08-03_16:37:45.061105 	EXP 	fix_cross: autoDraw = False
2026-08-03_16:37:45.061105 	EXP 	fix_cross: autoDraw = True
2026-08-03_16:37:45.078134 	EXP 	fix_cross: autoDraw = False
2026-08-03_16:37:45.078134 	EXP 	fix_cross: autoDraw = True
2026-08-03_16:37:45.100674 	EXP 	fix_cross: autoDraw = False
2026-08-03_16:37:45.100674 	EXP 	fix_cross: autoDraw = True
2026-08-03_16:37:45.134265 	EXP 	fix_cross: autoDraw = False
2026-08-03_16:37:45.134265 	EXP 	fix_cross: autoDraw = True
2026-08-03_16:37:45.160703 	EXP 	fix_cross: autoDraw = False
2026-08-03_16:37:45.160703 	EXP 	fix_cross: autoDraw = True
2026-08-03_16:37:45.181403 	EXP 	fix_cross: autoDraw = False
2026-08-03_16:37:45.181403 	EXP 	fix_cross: autoDraw = True
2026-08-03_16:37:45.181403 	EXP 	fix_cross: autoDraw = False
2026-08-03_16:37:45.181403 	EXP 	fix_cross_2: autoDraw = True
2026-08-03_16:37:46.348656 	EXP 	New trial (rep=0, index=44): <Trial 44 (44 in rep 0) data={'block': 1, 'trial_in_block': 45, 'concept': 'chair', 'concept_num': 4, 'concept_num_word': 4, 'exemplar_num': 45, 'image_shown': 'chair\\chair_45.jpg', 'word_shown_english': 'chair', 'word_shown_german': 'Stuhl', 'word_shown_french': 'Chaise', 'is_prompt': 1, 'is_mismatch': 0, 'ITI_length': 0.99, 'correct_response': None, 'nonmatch_pres_side': None, 'thisN': 44, 'thisTrialN': 44, 'thisRepN': 0}>
2026-08-03_16:37:46.468186 	EXP 	fix_cross_2: autoDraw = False
2026-08-03_16:37:46.468186 	EXP 	fix_cross_2: autoDraw = False
2026-08-03_16:37:46.468186 	EXP 	breaks_instruction: text = 'Pause, die Aufgabe geht gleich weiter.\nEs sind noch 9 Blöcke übrig.'
2026-08-03_16:37:46.468186 	EXP 	instruction_continuebreak: text = 'Die Pause ist vorbei.\nBitte drücken Sie eine beliebige Taste,\nsobald sie bereit sind, weiterzumachen.'
2026-08-03_16:37:46.468186 	EXP 	breaks_instruction: autoDraw = False
2026-08-03_16:37:46.468186 	EXP 	progress_bar_breaks: autoDraw = False
2026-08-03_16:37:46.468186 	EXP 	instruction_continuebreak: autoDraw = False
2026-08-03_16:37:46.468186 	EXP 	image: image = 'stimuli\\chair\\chair_45.jpg'
2026-08-03_16:37:46.468186 	EXP 	image: autoDraw = True
2026-08-03_16:37:47.218779 	EXP 	spoken_word: sampleRate = 44100
2026-08-03_16:37:47.224195 	INFO 	Resampled audio from 44100Hz to 48000Hz using method 'default'.
2026-08-03_16:37:47.224243 	DEBUG 	Converted audio clip from mono to stereo
2026-08-03_16:37:47.226038 	EXP 	Sound spoken_word reached end of file
209.1128 	EXP 	Playing sound spoken_word on speaker Lautsprecher (Realtek(R) Audio)
2026-08-03_16:37:47.242229 	INFO 	Keyboard events cleared
2026-08-03_16:37:47.242110 	EXP 	image: autoDraw = False
2026-08-03_16:37:47.242110 	EXP 	image: autoDraw = False
2026-08-03_16:37:47.242110 	EXP 	fix_cross: foreColor = <psychopy.colors.Color: white, alpha=1.0>
2026-08-03_16:37:47.242110 	EXP 	fix_cross: autoDraw = True
2026-08-03_16:37:47.768776 	EXP 	Sound spoken_word reached end of file
2026-08-03_16:37:47.783506 	EXP 	Sound spoken_word reached end of file
2026-08-03_16:37:48.665325 	DATA 	Mouse: Left button down, pos=(493,252)
2026-08-03_16:37:48.742551 	EXP 	fix_cross: autoDraw = False
2026-08-03_16:37:48.742551 	EXP 	fix_cross: foreColor = <psychopy.colors.Color: green, alpha=1.0>
2026-08-03_16:37:48.742551 	EXP 	fix_cross: autoDraw = True
2026-08-03_16:37:48.759248 	EXP 	fix_cross: autoDraw = False
2026-08-03_16:37:48.759248 	EXP 	fix_cross: autoDraw = True
2026-08-03_16:37:48.776000 	EXP 	fix_cross: autoDraw = False
2026-08-03_16:37:48.776000 	EXP 	fix_cross: autoDraw = True
2026-08-03_16:37:48.792510 	EXP 	fix_cross: autoDraw = False
2026-08-03_16:37:48.792510 	EXP 	fix_cross: autoDraw = True
2026-08-03_16:37:48.798307 	DATA 	Mouse:  Left button up, pos=(493,252)
2026-08-03_16:37:48.809574 	EXP 	fix_cross: autoDraw = False
2026-08-03_16:37:48.809574 	EXP 	fix_cross: autoDraw = True
2026-08-03_16:37:48.826017 	EXP 	fix_cross: autoDraw = False
2026-08-03_16:37:48.826017 	EXP 	fix_cross: autoDraw = True
2026-08-03_16:37:48.842474 	EXP 	fix_cross: autoDraw = False
2026-08-03_16:37:48.842474 	EXP 	fix_cross: autoDraw = True
2026-08-03_16:37:48.859278 	EXP 	fix_cross: autoDraw = False
2026-08-03_16:37:48.859278 	EXP 	fix_cross: autoDraw = True
2026-08-03_16:37:48.875965 	EXP 	fix_cross: autoDraw = False
2026-08-03_16:37:48.875965 	EXP 	fix_cross: autoDraw = True
2026-08-03_16:37:48.892306 	EXP 	fix_cross: autoDraw = False
2026-08-03_16:37:48.892306 	EXP 	fix_cross: autoDraw = True
2026-08-03_16:37:48.909302 	EXP 	fix_cross: autoDraw = False
2026-08-03_16:37:48.909302 	EXP 	fix_cross: autoDraw = True
2026-08-03_16:37:48.925879 	EXP 	fix_cross: autoDraw = False
2026-08-03_16:37:48.925879 	EXP 	fix_cross: autoDraw = True
2026-08-03_16:37:48.942569 	EXP 	fix_cross: autoDraw = False
2026-08-03_16:37:48.942569 	EXP 	fix_cross: autoDraw = True
2026-08-03_16:37:48.959219 	EXP 	fix_cross: autoDraw = False
2026-08-03_16:37:48.959219 	EXP 	fix_cross: autoDraw = True
2026-08-03_16:37:48.959219 	EXP 	fix_cross: autoDraw = False
2026-08-03_16:37:48.959219 	EXP 	fix_cross_2: autoDraw = True
2026-08-03_16:37:49.197073 	EXP 	Device response: <KeyPress from None: t=211.0714698000229, value=escape, duration=None>
2026-08-03_16:37:49.197936 	DATA 	Keypress: escape
2026-08-03_16:37:49.298044 	EXP 	Device response: <KeyPress from None: t=211.0714698000229, value=escape, duration=0.10783519997494295>
2026-08-03_16:37:49.298092 	EXP 	TSRlearn_localizer-concepts: status = STOPPED
2026-08-03_16:37:49.309307 	EXP 	fix_cross_2: autoDraw = False
2026-08-03_16:37:49.313655 	EXP 	TSRlearn_localizer-concepts: status = STOPPED
2026-08-03_16:37:49.459064 	INFO 	saved data to 'C:\\sync_folder\\TSRlearn-task\\psychopy_exp_files\\data\\0_TSRlearn_localizer-concepts_2026-08-03_16h34.08.565.csv'
2026-08-03_16:37:49.472854 	INFO 	saved data to C:\sync_folder\TSRlearn-task\psychopy_exp_files\data\0_TSRlearn_localizer-concepts_2026-08-03_16h34.08.565.psydat
2026-08-03_16:37:49.474136 	DATA 	Keypress: escape
2026-08-03_16:37:49.867863 	DEBUG 	Saving data for TSRlearn_localizer-concepts ExperimentHandler
2026-08-03_16:37:49.873545 	WARNING 	Stopping key buffers but this could be dangerous ifother keyboards rely on the same.
