promptFile	correctFile	dist_01File	dist_02File	correct_pos	dist01_pos	dist02_pos	correct_ans	thisN	thisTrialN	thisRepN	key_resp_2.keys	key_resp_2.rt	key_resp_2.duration	trial_type	img_first	img_second	img_third	opt_left	opt_right	correct_side	correct_key	distance_correct	image_dur_retr	fix_dur_retr	ImageExamplePath	iti_dur_retr	reflection_win_dur	condFileLearning	condFileRetrieval	n_routes_block	block	learningSeq	runIndexWithinSeq	currPosInSeq	promptConcept	correctConcept	dist01Concept	dist02Concept	dist01_diff	dist02_diff	pairTargetPosInSeq	promptTrigNumber	correctTrigNumber	dist01TrigNumber	dist02TrigNumber	key_resp.keys	key_resp.rt	key_resp.duration	miniblockWithinRun	is_yes	routeIndexWithinBlock	seqOfRoute	retrIm1Trig	retrIm2Trig	continue_button_18.keys	resp.keys	resp.rt	resp.duration	resp_4.keys	resp_4.rt	resp_4.duration	practice_learning.thisRepN	practice_learning.thisTrialN	practice_learning.thisN	practice_learning.thisIndex	retrieval_prc_loop.thisRepN	retrieval_prc_loop.thisTrialN	retrieval_prc_loop.thisN	retrieval_prc_loop.thisIndex	retry_loop.thisRepN	retry_loop.thisTrialN	retry_loop.thisN	retry_loop.thisIndex	Block.thisRepN	Block.thisTrialN	Block.thisN	Block.thisIndex	miniblocks.thisRepN	miniblocks.thisTrialN	miniblocks.thisN	miniblocks.thisIndex	learning_trials.thisRepN	learning_trials.thisTrialN	learning_trials.thisN	learning_trials.thisIndex	retrieval_trials.thisRepN	retrieval_trials.thisTrialN	retrieval_trials.thisN	retrieval_trials.thisIndex	thisRow.t	notes	startup_settings.started	startup_settings.stopped	instructions_01.started	instruction_part1.started	continue_button.started	instructions_01.stopped	continue_button.keys	continue_button.rt	continue_button.duration	instructions_02.started	instruction_part2.started	continue_button_3.started	instructions_02.stopped	continue_button_3.keys	continue_button_3.rt	continue_button_3.duration	instructions_03.started	instruction_part3.started	continue_button_4.started	instructions_03.stopped	continue_button_4.keys	continue_button_4.rt	continue_button_4.duration	instructions_04.started	instruction_part4.started	continue_button_5.started	instructions_04.stopped	continue_button_5.keys	continue_button_5.rt	continue_button_5.duration	instructions_05.started	instruction_part5.started	continue_button_6.started	instructions_05.stopped	continue_button_6.keys	continue_button_6.rt	continue_button_6.duration	instructions_06.started	instruction_part6.started	continue_button_7.started	instructions_06.stopped	continue_button_7.keys	continue_button_7.rt	continue_button_7.duration	practice_choice_display.started	polygon.started	prompt_prc.started	dist_01_prc.started	dist_02_prc.started	correct_prc.started	key_resp_2.started	instructions_choose_2.started	practice_choice_display.stopped	practice_learning.key_resp_2.keys	practice_learning.key_resp_2.rt	practice_learning.key_resp_2.duration	practice_feedback.started	polygon_7.started	prompt_prc_2.started	dist_01_prc_2.started	dist_02_prc_2.started	correct_prc_2.started	practice_feedback.stopped	instruction_retrieval_trials.started	instruction_part7.started	continue_button_8.started	instruction_retrieval_trials.stopped	continue_button_8.keys	continue_button_8.rt	continue_button_8.duration	instruction_retrievalques1.started	instruction_part10.started	continue_button_10.started	instruction_retrievalques1.stopped	continue_button_10.keys	continue_button_10.rt	continue_button_10.duration	instruction_retrievalques2.started	instruction_part11.started	continue_button_11.started	instruction_retrievalques2.stopped	continue_button_11.keys	continue_button_11.rt	continue_button_11.duration	instruction_refl_period.started	instruction_part12.started	continue_button_14.started	instruction_refl_period.stopped	continue_button_14.keys	continue_button_14.rt	continue_button_14.duration	retrieval_backg_info.started	instruction_info.started	continue_button_15.started	retrieval_backg_info.stopped	continue_button_15.keys	continue_button_15.rt	continue_button_15.duration	instruction_practice_type1.started	instruction_part8.started	continue_button_9.started	instruction_practice_type1.stopped	continue_button_9.keys	continue_button_9.rt	continue_button_9.duration	retrieval_type1_practice.started	fix_cross_retrbegin.started	fix_cross_retrbegin.stopped	retrieval_type1_practice.stopped	first_image_prc.started	image_1_prc.started	info_example_3.started	image_1_prc.stopped	info_example_3.stopped	first_image_prc.stopped	mask_retr1_prc.started	mask_img1.started	info_example_4.started	mask_img1.stopped	info_example_4.stopped	mask_retr1_prc.stopped	second_image_prc.started	image_2_prc.started	info_example_5.started	image_2_prc.stopped	info_example_5.stopped	second_image_prc.stopped	mask_retr2_prc.started	mask_img2.started	info_example_6.started	mask_img2.stopped	info_example_6.stopped	mask_retr2_prc.stopped	reflection_period.started	fix_cross_reflretr_2.started	text.started	fix_cross_reflretr_2.stopped	text.stopped	reflection_period.stopped	retr_response_order_prc.started	yes_txt_3.started	no_txt_3.started	polygon_9.started	resp_3.started	info_example_7.started	retr_response_order_prc.stopped	retry_loop.resp_3.keys	retry_loop.resp_3.rt	retry_loop.resp_3.duration	retr_response_distance_prc.started	resp_2.started	info_example.started	opt_2_prc.started	opt_3_prc.started	opt_4_prc.started	opt_5_prc.started	retr_response_distance_prc.stopped	retry_loop.resp_2.keys	retry_loop.resp_2.rt	retry_loop.resp_2.duration	retr_response_feedback.started	textbox_feedback.started	textbox_continue.started	continue_button_16.started	retr_response_feedback.stopped	retry_loop.continue_button_16.keys	retry_loop.continue_button_16.rt	retry_loop.continue_button_16.duration	info_example_2.started	instructions_07.started	instructions_part7.started	continue_button_13.started	instructions_07.stopped	continue_button_13.keys	continue_button_13.rt	continue_button_13.duration	instructions_08.started	instructions_part8.started	continue_button_17.started	instructions_08.stopped	continue_button_17.keys	continue_button_17.rt	continue_button_17.duration	reset_rows_to_select.started	reset_rows_to_select.stopped	set_learning_rows.started	set_learning_rows.stopped	choice_display.started	background_texture.started	polygon_4.started	prompt.started	dist_01.started	dist_02.started	correct.started	chooseNowText.started	key_resp.started	choice_display.stopped	learning_trials.key_resp.keys	learning_trials.key_resp.rt	learning_trials.key_resp.duration	feedback.started	background_texture_2.started	polygon_8.started	prompt_2.started	dist_01_2.started	dist_02_2.started	correct_2.started	feedback.stopped	too_slow_routine.started	too_slow_routine.stopped	tooSlowtext.started	tooSlowtext.stopped	rest_period.started	fix_cross.started	fix_cross.stopped	rest_period.stopped	instruction_retr_start.started	instruction_now_retr.started	continue_button_18.started	instruction_now_retr.stopped	continue_button_18.stopped	instruction_retr_start.stopped	miniblocks.continue_button_18.keys	set_retrieval_rows.started	set_retrieval_rows.stopped	retr_ITI.started	fix_cross_retrbegin_2.started	fix_cross_retrbegin_2.stopped	retr_ITI.stopped	first_image.started	background_texture_3.started	image_1.started	background_texture_3.stopped	image_1.stopped	first_image.stopped	mask_retr1.started	background_texture_4.started	mask_img1_2.started	mask_retr1.stopped	second_image.started	background_texture_5.started	image_2.started	background_texture_5.stopped	image_2.stopped	second_image.stopped	mask_retr2.started	background_texture_6.started	mask_img2_2.started	background_texture_6.stopped	mask_img2_2.stopped	mask_retr2.stopped	reflection_period_retr.started	background_texture_7.started	fix_cross_reflretr.started	background_texture_7.stopped	fix_cross_reflretr.stopped	reflection_period_retr.stopped	retr_response_order.started	background_texture_8.started	polygon_6.started	yes_txt.started	no_txt.started	chooseNowText_2.started	resp.started	retr_response_order.stopped	retrieval_trials.resp.keys	retrieval_trials.resp.rt	retrieval_trials.resp.duration	too_slow_routine_1.started	too_slow_routine_1.stopped	retr_response_distance.started	background_texture_9.started	chooseNowText_3.started	opt_2.started	opt_3.started	opt_4.started	opt_5.started	resp_4.started	retr_response_distance.stopped	retrieval_trials.resp_4.keys	retrieval_trials.resp_4.rt	retrieval_trials.resp_4.duration	too_slow_routine_2.started	too_slow_routine_2.stopped	background_texture_4.stopped	mask_img1_2.stopped	background_texture_8.stopped	yes_txt.stopped	no_txt.stopped	resp.stopped	tooSlowtext_4.started	tooSlowtext_4.stopped	background_texture_9.stopped	chooseNowText_3.stopped	opt_2.stopped	opt_3.stopped	opt_4.stopped	opt_5.stopped	resp_4.stopped	tooSlowtext_2.started	tooSlowtext_2.stopped	retr_task_break.started	retr_task_break.stopped	instructions_new_learn.started	instruction_text_newroute.started	instruction_text_newroute.stopped	instructions_new_learn.stopped	participant_ID	date	expName	expVersion	psychopyVersion	frameRate	expStart	
																																																																																												0.00824380002450198	0.008323799993377179																																																																																																																																																																																																																																																																																																																		0	2026-07-26_19h16.03.282	TSRlearn_main-blocks		2025.1.1	59.823138869653555	2026-07-26 19h16.12.120977 +0200	
																																																																																														0.02998340001795441	0.04000480001559481	3.022266899992246	3.072566499991808	b	0.03575819998513907	None																																																																																																																																																																																																																																																																																																											0	2026-07-26_19h16.03.282	TSRlearn_main-blocks		2025.1.1	59.823138869653555	2026-07-26 19h16.12.120977 +0200	
																																																																																																					3.084679200022947	3.0889803000027314	6.07259029999841	6.138972299988382	b	0.050296799978241324	None																																																																																																																																																																																																																																																																																																				0	2026-07-26_19h16.03.282	TSRlearn_main-blocks		2025.1.1	59.823138869653555	2026-07-26 19h16.12.120977 +0200	
																																																																																																												6.147328599996399	6.1540762999793515	9.137635299994145	9.304621900024358	b	0.1518136000377126	None																																																																																																																																																																																																																																																																																													0	2026-07-26_19h16.03.282	TSRlearn_main-blocks		2025.1.1	59.823138869653555	2026-07-26 19h16.12.120977 +0200	
																																																																																																																			9.317747999972198	9.337616399978288	12.319751099974383	12.337038800003938	b	0.00019099999917671084	None																																																																																																																																																																																																																																																																																						0	2026-07-26_19h16.03.282	TSRlearn_main-blocks		2025.1.1	59.823138869653555	2026-07-26 19h16.12.120977 +0200	
																																																																																																																										12.344589499989524	12.35225569998147	15.352058299991768	15.552191899972968	b	0.1929365000105463	None																																																																																																																																																																																																																																																																															0	2026-07-26_19h16.03.282	TSRlearn_main-blocks		2025.1.1	59.823138869653555	2026-07-26 19h16.12.120977 +0200	
																																																																																																																																	15.561311599973124	15.567920600005891	18.5509502000059	18.584592600003816	b	0.030039799981750548	None																																																																																																																																																																																																																																																																								0	2026-07-26_19h16.03.282	TSRlearn_main-blocks		2025.1.1	59.823138869653555	2026-07-26 19h16.12.120977 +0200	
stimuli/practice_images/anchor.jpg	stimuli/practice_images/cow.jpg	stimuli/practice_images/bread.jpg	stimuli/practice_images/plane.jpg	right	left	center	right	0	0	0	b	0.030039799981750548	0.5884338000323623																																																	0	0	0	0																									18.75074460002361																																														18.716210299986415	18.75074460002361	18.75074460002361	18.75074460002361	18.75074460002361	18.75074460002361	0.13163339998573065	18.75074460002361	19.185689500009175	b	0.030039799981750548	0.5884338000323623	19.2813522000215	19.29998000001069	19.29998000001069	19.29998000001069	19.29998000001069	19.29998000001069	20.25104870001087																																																																																																																																																																																																																																																					0	2026-07-26_19h16.03.282	TSRlearn_main-blocks		2025.1.1	59.823138869653555	2026-07-26 19h16.12.120977 +0200	
stimuli/practice_images/cow.jpg	stimuli/practice_images/ant.jpg	stimuli/practice_images/banana.jpg	stimuli/practice_images/glasses.jpg	left	right	center	left	1	1	0	g	0.37941049999790266	None																																																	0	1	1	1																									20.383860300004017																																														20.36162909999257	20.383860300004017	20.383860300004017	20.383860300004017	20.383860300004017	20.383860300004017	0.11062870000023395	20.383860300004017	20.867608900007326	g	0.37941049999790266	None	20.95826029998716	20.983327199995983	20.983327199995983	20.983327199995983	20.983327199995983	20.983327199995983	21.933788200025447																																																																																																																																																																																																																																																					0	2026-07-26_19h16.03.282	TSRlearn_main-blocks		2025.1.1	59.823138869653555	2026-07-26 19h16.12.120977 +0200	
stimuli/practice_images/ant.jpg	stimuli/practice_images/basket.jpg	stimuli/practice_images/axe.jpg	stimuli/practice_images/duck.jpg	center	left	right	up	2	2	0	r	0.14116540004033595	None																																																	0	2	2	2																									22.08313470002031																																														22.053047799970955	22.08313470002031	22.08313470002031	22.08313470002031	22.08313470002031	22.08313470002031	0.11932400002842769	22.08313470002031	22.317049700010102	r	0.14116540004033595	None	22.411996299983002	22.433011799992528	22.433011799992528	22.433011799992528	22.433011799992528	22.433011799992528	23.416527000023052																																																																																																																																																																																																																																																					0	2026-07-26_19h16.03.282	TSRlearn_main-blocks		2025.1.1	59.823138869653555	2026-07-26 19h16.12.120977 +0200	
stimuli/practice_images/basket.jpg	stimuli/practice_images/bed.jpg	stimuli/practice_images/belt.jpg	stimuli/practice_images/bread.jpg	center	right	left	up	3	3	0	b	0.07917809998616576	None																																																	0	3	3	3																									23.549270700023044																																														23.524979799985886	23.549270700023044	23.549270700023044	23.549270700023044	23.549270700023044	23.549270700023044	0.10854609997477382	23.549270700023044	23.733327800000552	b	0.07917809998616576	None	23.829159900022205	23.849150699970778	23.849150699970778	23.849150699970778	23.849150699970778	23.849150699970778	24.833010000002105																																																																																																																																																																																																																																																					0	2026-07-26_19h16.03.282	TSRlearn_main-blocks		2025.1.1	59.823138869653555	2026-07-26 19h16.12.120977 +0200	
stimuli/practice_images/bed.jpg	stimuli/practice_images/belt.jpg	stimuli/practice_images/anchor.jpg	stimuli/practice_images/desk.jpg	left	center	right	left	4	4	0	r	0.10510210000211373	None																																																	0	4	4	4																									24.965886800026055																																														24.938353899982758	24.965886800026055	24.965886800026055	24.965886800026055	24.965886800026055	24.965886800026055	0.10540050000417978	24.965886800026055	25.166244699968956	r	0.10510210000211373	None	25.25639749999391	25.282255499972962	25.282255499972962	25.282255499972962	25.282255499972962	25.282255499972962	26.232263599988073																																																																																																																																																																																																																																																					0	2026-07-26_19h16.03.282	TSRlearn_main-blocks		2025.1.1	59.823138869653555	2026-07-26 19h16.12.120977 +0200	
stimuli/practice_images/belt.jpg	stimuli/practice_images/bird.jpg	stimuli/practice_images/ant.jpg	stimuli/practice_images/crocodile.jpg	right	left	center	right	5	5	0	g	0.23487530002603307	None																																																	0	5	5	5																									26.347773500019684																																														26.337392800021917	26.347773500019684	26.347773500019684	26.347773500019684	26.347773500019684	26.347773500019684	0.10515349998604506	26.347773500019684	26.699061699968297	g	0.23487530002603307	None	26.793595499999356	26.814252300013322	26.814252300013322	26.814252300013322	26.814252300013322	26.814252300013322	27.764779200020712																																																																																																																																																																																																																																																					0	2026-07-26_19h16.03.282	TSRlearn_main-blocks		2025.1.1	59.823138869653555	2026-07-26 19h16.12.120977 +0200	
																																																																																																																																																											27.7723374000052	27.780758399982005	30.780436199973337	30.89739749999717	g	0.10670559998834506	None																																																																																																																																																																																																																																														0	2026-07-26_19h16.03.282	TSRlearn_main-blocks		2025.1.1	59.823138869653555	2026-07-26 19h16.12.120977 +0200	
																																																																																																																																																																		30.909248300013132	30.91352659999393	33.91282919998048	34.01299329998437	g	0.09259180002845824	None																																																																																																																																																																																																																																							0	2026-07-26_19h16.03.282	TSRlearn_main-blocks		2025.1.1	59.823138869653555	2026-07-26 19h16.12.120977 +0200	
																																																																																																																																																																									34.024986399977934	34.02865210000891	37.0283369999961	37.11192370002391	g	0.07084719999693334	None																																																																																																																																																																																																																																0	2026-07-26_19h16.03.282	TSRlearn_main-blocks		2025.1.1	59.823138869653555	2026-07-26 19h16.12.120977 +0200	
																																																																																																																																																																																37.12453149998328	37.144897899997886	40.127400500001386	40.14442219998455	g	0.0021361999679356813	None																																																																																																																																																																																																																									0	2026-07-26_19h16.03.282	TSRlearn_main-blocks		2025.1.1	59.823138869653555	2026-07-26 19h16.12.120977 +0200	
																																																																																																																																																																																							40.153171200014185	40.16012149996823	40.644098600023426	44.20960020000348	g	3.5614343999768607	None																																																																																																																																																																																																																		0	2026-07-26_19h16.03.282	TSRlearn_main-blocks		2025.1.1	59.823138869653555	2026-07-26 19h16.12.120977 +0200	
																																																																																																																																																																																														44.215237299969885	44.22545640001772	44.70911990001332	44.776365600002464	g	0.06657490000361577	None																																																																																																																																																																																																											0	2026-07-26_19h16.03.282	TSRlearn_main-blocks		2025.1.1	59.823138869653555	2026-07-26 19h16.12.120977 +0200	
								0	0	0				3	stimuli/practice_images/cow.jpg	stimuli/practice_images/basket.jpg	None	yes	no	None	left	2	2	0.5	stimuli/practice_images/practice_sequence_overview_t3_01.jpg	0.45	1.95																																							0	0	0	0	0	0	0	0																	44.79198969999561																																																																																																											44.786030400020536	44.79198969999561	45.27502589998767	45.22623809997458	45.266494899988174	45.27502589998767	45.27502589998767	46.77498559997184	46.77498559997184	46.75908809999237	46.761831299983896	46.77498559997184	46.77498559997184	47.058561699988786	47.058561699988786	47.00905110000167	47.03616860002512	47.058561699988786	47.058561699988786	48.55787770001916	48.55787770001916	48.54165229998762	48.544610299984924	48.55787770001916	48.55787770001916	48.80794999998761	48.80794999998761	48.79159719997551	48.791628399980254	48.80794999998761	48.80794999998761	52.77283269999316	52.77283269999316	52.75698050000938	52.762975300021935	52.77283269999316	52.77283269999316	52.77283269999316	0.006021399982273579	52.77283269999316	57.68900080001913	g	4.803443800017703	None	57.692078899999615	0.0030539999715983868	57.705227500002366	57.705227500002366	57.705227500002366	57.705227500002366	57.705227500002366	60.23812829999952	g	4.803443800017703	0.2504305000184104	60.27290849998826	60.28776600002311	60.28776600002311	60.737878300016746	61.42121890000999	r	0.6817577999900095	None																																																																																																																																												0	2026-07-26_19h16.03.282	TSRlearn_main-blocks		2025.1.1	59.823138869653555	2026-07-26 19h16.12.120977 +0200	
								1	1	0				3	stimuli/practice_images/cow.jpg	stimuli/practice_images/belt.jpg	None	no	yes	None	right	4	2	0.5	stimuli/practice_images/practice_sequence_overview_t3_02.jpg	0.52	1.89																																							0	1	1	1	0	0	0	0																	73.88351690000854																																																																																																											73.86970079998719	73.88351690000854	74.44994429999497	74.40021170000546	74.4307902000146	74.44994429999497	74.44994429999497	75.9493036000058	75.9493036000058	75.93290690000867	75.93552619998809	75.9493036000058	75.9493036000058	76.21528740000213	76.21528740000213	76.18286559998523	76.2084593999898	76.21528740000213	76.21528740000213	77.71556929999497	77.71556929999497	77.69916590000503	77.70144849998178	77.71556929999497	77.71556929999497	77.96553990000393	77.96553990000393	77.94914560002508	77.94917689997237	77.96553990000393	77.96553990000393	81.86372409999603	81.86372409999603	81.84799739997834	81.85086080001201	81.86372409999603	81.86372409999603	81.86372409999603	0.0028752999496646225	81.86372409999603	87.61301620001905	b	5.637214199989103	None	87.616010800004	0.002965399995446205	87.62862309999764	87.62862309999764	87.62862309999764	87.62862309999764	87.62862309999764	91.07829009997658	b	1.773904700006824	59.66604580002604	91.08248310000636	91.09420459996909	91.09420459996909	91.57811820000643	92.14496439998038	y	0.566359399992507	None	73.33318640000653																																																																																																																																											0	2026-07-26_19h16.03.282	TSRlearn_main-blocks		2025.1.1	59.823138869653555	2026-07-26 19h16.12.120977 +0200	
								2	2	0				3	stimuli/practice_images/ant.jpg	stimuli/practice_images/belt.jpg	None	yes	no	None	up	3	2	0.5	stimuli/practice_images/practice_sequence_overview_t3_03.jpg	0.61	2.15																																							0	2	2	2	0	0	0	0																	92.16058069997234																																																																																																											92.14848749997327	92.16058069997234	92.81044309999561	92.7612176000257	92.79317720001563	92.81044309999561	92.81044309999561	94.31049240002176	94.31049240002176	94.29405069997301	94.29664489999413	94.31049240002176	94.31049240002176			94.54478729999391	94.5693864999921	94.57632240001112	94.57632240001112	96.07597850001184	96.07597850001184	96.0606694999733	96.06350859999657	96.07597850001184	96.07597850001184	96.32667099998798	96.32667099998798	96.31014259997755	96.31016819999786	96.32667099998798	96.32667099998798	100.49125309998635	100.49125309998635	100.47566890000599	100.47888160002185	100.49125309998635	100.49125309998635	100.49125309998635	0.0032285000197589397	100.49125309998635	104.12497689999873	g	3.5256007999996655	None	104.12840230000438	0.0034045999636873603	104.14019519998692	104.14019519998692	104.14019519998692	104.14019519998692	104.14019519998692	108.97367169999052	g	3.5256007999996655	0.2164292000234127	108.97769979998702	108.98924819997046	108.98924819997046	109.48908710002434	109.78902530000778	b	0.29806589998770505	None																																																																																																																																												0	2026-07-26_19h16.03.282	TSRlearn_main-blocks		2025.1.1	59.823138869653555	2026-07-26 19h16.12.120977 +0200	
																																																																																																																																																																																																																																																																					109.79755919997115	109.80487990000984	110.78849599999376	111.13894899998559	b	0.34249389998149127	None																																																																																																																																				0	2026-07-26_19h16.03.282	TSRlearn_main-blocks		2025.1.1	59.823138869653555	2026-07-26 19h16.12.120977 +0200	
																																																																																																																																																																																																																																																																												111.14438660000451	111.15501809999114	112.13815349998185	112.25580169999739	b	0.10141840000869706	None																																																																																																																													0	2026-07-26_19h16.03.282	TSRlearn_main-blocks		2025.1.1	59.823138869653555	2026-07-26 19h16.12.120977 +0200	
stimuli/car/car_36.jpg	stimuli/fish/fish_19.jpg	stimuli/flower/flower_07.jpg	stimuli/hand/hand_38.jpg	right	center	left	right	0	0	0																		sequences/learning_block1_fixed-middle-10_0{participant_ID}.xlsx	sequences/retrieval_block1_fixed-middle-10_0{participant_ID}.xlsx	6	1.0	A	1	1	car	fish	flower	hand	0.58	0.31	2	11	12	6	8	b	0.3239006999647245	None																										0	0	0	0	0	0	0	0	0	0	0	0					112.50413969997317																																																																																																																																																																																									112.26042060001055	112.260466000007	112.26062810001895	112.26065790001303	112.45357349998085	112.50413969997317	112.50413969997317	112.50413969997317	112.50413969997317	112.50413969997317	112.50413969997317	112.50413969997317	0.19295160000910982	112.57245789997978	b	0.3239006999647245	None	112.63499440002488	112.65392989997054	112.65392989997054	112.65392989997054	112.65392989997054	112.65392989997054	112.65392989997054	113.60507119999966	113.60860739997588	113.60864350001793																																																																																																		0	2026-07-26_19h16.03.282	TSRlearn_main-blocks		2025.1.1	59.823138869653555	2026-07-26 19h16.12.120977 +0200	
stimuli/fish/fish_19.jpg	stimuli/ball/ball_37.jpg	stimuli/bread/bread_04.jpg	stimuli/jacket/jacket_29.jpg	right	left	center	right	1	1	0																		sequences/learning_block1_fixed-middle-10_0{participant_ID}.xlsx	sequences/retrieval_block1_fixed-middle-10_0{participant_ID}.xlsx	6	1.0	A	1	2	fish	ball	bread	jacket	0.75	0.58	3	12	1	3	10	None																												0	0	0	0	0	0	0	0	0	1	1	1					113.73693670000648																																																																																																																																																																																													113.71115019998979	113.73693670000648	113.73693670000648	113.73693670000648	113.73693670000648	113.73693670000648	113.73693670000648	113.73693670000648	0.1025361999636516	118.62167939997744	None			118.70765389996814	118.7184931000229	118.7184931000229	118.7184931000229	118.7184931000229	118.7184931000229	118.7184931000229	119.6694916000124	119.6716618000064	120.16910519998055	119.68538510001963	120.28514469997026																																																																																																0	2026-07-26_19h16.03.282	TSRlearn_main-blocks		2025.1.1	59.823138869653555	2026-07-26 19h16.12.120977 +0200	
stimuli/ball/ball_37.jpg	stimuli/house/house_30.jpg	stimuli/hammer/hammer_35.jpg	stimuli/guitar/guitar_22.jpg	center	left	right	center	2	2	0																		sequences/learning_block1_fixed-middle-10_0{participant_ID}.xlsx	sequences/retrieval_block1_fixed-middle-10_0{participant_ID}.xlsx	6	1.0	A	1	3	ball	house	hammer	guitar	0.47	0.36	4	1	9	7	13	None																												0	0	0	0	0	0	0	0	0	2	2	2					120.28514469997026																																																																																																																																																																																													120.25639280001633	120.28514469997026	120.28514469997026	120.28514469997026	120.28514469997026	120.28514469997026	120.28514469997026	120.28514469997026	0.08731190004618838	125.18558160000248	None			125.24751110002398	125.26673430000665	125.26673430000665	125.26673430000665	125.26673430000665	125.26673430000665	125.26673430000665	126.25095929997042	126.25362309999764	126.7510987999849	126.26765940000769	126.90026630001375																																																																																																0	2026-07-26_19h16.03.282	TSRlearn_main-blocks		2025.1.1	59.823138869653555	2026-07-26 19h16.12.120977 +0200	
stimuli/house/house_30.jpg	stimuli/bread/bread_04.jpg	stimuli/bicycle/bicycle_49.jpg	stimuli/chair/chair_21.jpg	center	right	left	center	3	3	0																		sequences/learning_block1_fixed-middle-10_0{participant_ID}.xlsx	sequences/retrieval_block1_fixed-middle-10_0{participant_ID}.xlsx	6	1.0	A	1	4	house	bread	bicycle	chair	0.8	0.64	5	9	3	2	4	None																												0	0	0	0	0	0	0	0	0	3	3	3					126.90026630001375																																																																																																																																																																																													126.85757160000503	126.90026630001375	126.90026630001375	126.90026630001375	126.90026630001375	126.90026630001375	126.90026630001375	126.90026630001375	0.1064963000244461	131.75443339999765	None			131.84379419998731	131.8594036999857	131.8594036999857	131.8594036999857	131.8594036999857	131.8594036999857	131.8594036999857	132.83607319998555	132.83858260000125	133.33594489999814	132.8510711999843	133.55432850000216																																																																																																0	2026-07-26_19h16.03.282	TSRlearn_main-blocks		2025.1.1	59.823138869653555	2026-07-26 19h16.12.120977 +0200	
stimuli/bread/bread_04.jpg	stimuli/bicycle/bicycle_49.jpg	stimuli/dog/dog_36.jpg	stimuli/key/key_28.jpg	left	right	center	left	4	4	0																		sequences/learning_block1_fixed-middle-10_0{participant_ID}.xlsx	sequences/retrieval_block1_fixed-middle-10_0{participant_ID}.xlsx	6	1.0	A	1	5	bread	bicycle	dog	key	0.64	0.42	6	3	2	5	15	None																												0	0	0	0	0	0	0	0	0	4	4	4					133.55432850000216																																																																																																																																																																																													133.5027094000252	133.55432850000216	133.55432850000216	133.55432850000216	133.55432850000216	133.55432850000216	133.55432850000216	133.55432850000216	0.16680950002046302	138.3559258999885	None			138.50479620002443	138.54079320002347	138.54079320002347	138.54079320002347	138.54079320002347	138.54079320002347	138.54079320002347	139.48484879999887	139.48802479996812	139.98371569998562	139.50063819997013	140.11222609999822																																																																																																0	2026-07-26_19h16.03.282	TSRlearn_main-blocks		2025.1.1	59.823138869653555	2026-07-26 19h16.12.120977 +0200	
stimuli/bicycle/bicycle_49.jpg	stimuli/flower/flower_07.jpg	stimuli/hand/hand_38.jpg	stimuli/fish/fish_19.jpg	center	left	right	center	5	5	0																		sequences/learning_block1_fixed-middle-10_0{participant_ID}.xlsx	sequences/retrieval_block1_fixed-middle-10_0{participant_ID}.xlsx	6	1.0	A	1	6	bicycle	flower	hand	fish	0.58	0.33	7	2	6	8	12	None																												0	0	0	0	0	0	0	0	0	5	5	5					140.11222609999822																																																																																																																																																																																													140.08149920002325	140.11222609999822	140.11222609999822	140.11222609999822	140.11222609999822	140.11222609999822	140.11222609999822	140.11222609999822	0.09780950000276789	145.0005003999686	None			145.10026620002463	145.12055320001673	145.12055320001673	145.12055320001673	145.12055320001673	145.12055320001673	145.12055320001673	146.09831759997178	146.1009832000127	146.5991979999817	146.1149260000093	146.7076522000134																																																																																																0	2026-07-26_19h16.03.282	TSRlearn_main-blocks		2025.1.1	59.823138869653555	2026-07-26 19h16.12.120977 +0200	
stimuli/flower/flower_07.jpg	stimuli/jacket/jacket_29.jpg	stimuli/hammer/hammer_35.jpg	stimuli/house/house_30.jpg	right	left	center	right	6	6	0																		sequences/learning_block1_fixed-middle-10_0{participant_ID}.xlsx	sequences/retrieval_block1_fixed-middle-10_0{participant_ID}.xlsx	6	1.0	A	1	7	flower	jacket	hammer	house	0.69	0.27	8	6	10	7	9	None																												0	0	0	0	0	0	0	0	0	6	6	6					146.7076522000134																																																																																																																																																																																													146.68338529998437	146.7076522000134	146.7076522000134	146.7076522000134	146.7076522000134	146.7076522000134	146.7076522000134	146.7076522000134	0.08421719999751076	151.61984190001385	None			151.71277199999895	151.73397820000537	151.73397820000537	151.73397820000537	151.73397820000537	151.73397820000537	151.73397820000537	152.68008339998778	152.68291470000986	153.181814200012	152.69533209997462	153.30401570000686																																																																																																0	2026-07-26_19h16.03.282	TSRlearn_main-blocks		2025.1.1	59.823138869653555	2026-07-26 19h16.12.120977 +0200	
stimuli/jacket/jacket_29.jpg	stimuli/chair/chair_21.jpg	stimuli/car/car_36.jpg	stimuli/bicycle/bicycle_49.jpg	center	right	left	center	7	7	0																		sequences/learning_block1_fixed-middle-10_0{participant_ID}.xlsx	sequences/retrieval_block1_fixed-middle-10_0{participant_ID}.xlsx	6	1.0	A	1	8	jacket	chair	car	bicycle	0.53	0.2	9	10	4	11	2	None																												0	0	0	0	0	0	0	0	0	7	7	7					153.30401570000686																																																																																																																																																																																													153.2765170999919	153.30401570000686	153.30401570000686	153.30401570000686	153.30401570000686	153.30401570000686	153.30401570000686	153.30401570000686	0.094742999994196	158.18723189999582	None			158.29846869996982	158.3206772999838	158.3206772999838	158.3206772999838	158.3206772999838	158.3206772999838	158.3206772999838	159.29988070001127	159.30258860002505	159.79948430001969	159.31417149998015	159.91461869998602																																																																																																0	2026-07-26_19h16.03.282	TSRlearn_main-blocks		2025.1.1	59.823138869653555	2026-07-26 19h16.12.120977 +0200	
stimuli/chair/chair_21.jpg	stimuli/dog/dog_36.jpg	stimuli/ball/ball_37.jpg	stimuli/flower/flower_07.jpg	right	center	left	right	8	8	0																		sequences/learning_block1_fixed-middle-10_0{participant_ID}.xlsx	sequences/retrieval_block1_fixed-middle-10_0{participant_ID}.xlsx	6	1.0	A	1	9	chair	dog	ball	flower	0.47	0.2	10	4	5	1	6	None																												0	0	0	0	0	0	0	0	0	8	8	8					159.91461869998602																																																																																																																																																																																													159.88336450001225	159.91461869998602	159.91461869998602	159.91461869998602	159.91461869998602	159.91461869998602	159.91461869998602	159.91461869998602	0.08391670003766194	164.80759759998182	None			164.88903289998416	164.9215996999992	164.9215996999992	164.9215996999992	164.9215996999992	164.9215996999992	164.9215996999992	165.8712477000081	165.87365419999696	166.370840699994	165.88741590001155	166.47043390001636																																																																																																0	2026-07-26_19h16.03.282	TSRlearn_main-blocks		2025.1.1	59.823138869653555	2026-07-26 19h16.12.120977 +0200	
stimuli/dog/dog_36.jpg	stimuli/hammer/hammer_35.jpg	stimuli/car/car_36.jpg	stimuli/ball/ball_37.jpg	center	left	right	center	9	9	0																		sequences/learning_block1_fixed-middle-10_0{participant_ID}.xlsx	sequences/retrieval_block1_fixed-middle-10_0{participant_ID}.xlsx	6	1.0	A	1	10	dog	hammer	car	ball	0.67	0.53	11	5	7	11	1	b	0.6694688000134192	None																										0	0	0	0	0	0	0	0	0	9	9	9					166.47043390001636																																																																																																																																																																																													166.43451459996868	166.47043390001636	166.47043390001636	166.47043390001636	166.47043390001636	166.47043390001636	166.47043390001636	166.47043390001636	0.0636973999789916	167.23776440002257	b	0.6694688000134192	None	167.30465579999145	167.33759820001433	167.33759820001433	167.33759820001433	167.33759820001433	167.33759820001433	167.33759820001433	168.3210971999797	168.3236154000042	168.32365199999185																																																																																																		0	2026-07-26_19h16.03.282	TSRlearn_main-blocks		2025.1.1	59.823138869653555	2026-07-26 19h16.12.120977 +0200	
stimuli/hammer/hammer_35.jpg	stimuli/hand/hand_38.jpg	stimuli/fish/fish_19.jpg	stimuli/jacket/jacket_29.jpg	right	center	left	right	10	10	0																		sequences/learning_block1_fixed-middle-10_0{participant_ID}.xlsx	sequences/retrieval_block1_fixed-middle-10_0{participant_ID}.xlsx	6	1.0	A	1	11	hammer	hand	fish	jacket	0.67	0.27	12	7	8	12	10	r	2.4865784000139683	None																										0	0	0	0	0	0	0	0	0	10	10	10					168.4198224999709																																																																																																																																																																																													168.39459959999658	168.4198224999709	168.4198224999709	168.4198224999709	168.4198224999709	168.4198224999709	168.4198224999709	168.4198224999709	0.07098369998857379	171.0200168999727	r	2.4865784000139683	None	171.08743780001532	171.1022911000182	171.1022911000182	171.1022911000182	171.1022911000182	171.1022911000182	171.1022911000182	172.05302559997654	172.05529579997528	172.0553257999709																																																																																																		0	2026-07-26_19h16.03.282	TSRlearn_main-blocks		2025.1.1	59.823138869653555	2026-07-26 19h16.12.120977 +0200	
stimuli/hand/hand_38.jpg	stimuli/guitar/guitar_22.jpg	stimuli/house/house_30.jpg	stimuli/flower/flower_07.jpg	right	left	center	right	11	11	0																		sequences/learning_block1_fixed-middle-10_0{participant_ID}.xlsx	sequences/retrieval_block1_fixed-middle-10_0{participant_ID}.xlsx	6	1.0	A	1	12	hand	guitar	house	flower	0.6	0.4	13	8	13	9	6	g	1.3434482999728061	None																										0	0	0	0	0	0	0	0	0	11	11	11					172.1528308999841																																																																																																																																																																																													172.12090550002176	172.1528308999841	172.1528308999841	172.1528308999841	172.1528308999841	172.1528308999841	172.1528308999841	172.1528308999841	0.06561380001949146	173.60273250000319	g	1.3434482999728061	None	173.66668409999693	173.6848591999733	173.6848591999733	173.6848591999733	173.6848591999733	173.6848591999733	173.6848591999733	174.6358356999699	174.6382481000037	174.6382780999993																																																																																																		0	2026-07-26_19h16.03.282	TSRlearn_main-blocks		2025.1.1	59.823138869653555	2026-07-26 19h16.12.120977 +0200	
stimuli/guitar/guitar_22.jpg	stimuli/key/key_28.jpg	stimuli/fish/fish_19.jpg	stimuli/car/car_36.jpg	center	left	right	center	12	12	0																		sequences/learning_block1_fixed-middle-10_0{participant_ID}.xlsx	sequences/retrieval_block1_fixed-middle-10_0{participant_ID}.xlsx	6	1.0	A	1	13	guitar	key	fish	car	0.8	0.26	14	13	15	12	11	b	0.6677627000026405	None																										0	0	0	0	0	0	0	0	0	12	12	12					174.7687415999826																																																																																																																																																																																													174.7240482000052	174.7687415999826	174.7687415999826	174.7687415999826	174.7687415999826	174.7687415999826	174.7687415999826	174.7687415999826	0.0858017000136897	175.5356516999891	b	0.6677627000026405	None	175.62898819998372	175.65079819998937	175.65079819998937	175.65079819998937	175.65079819998937	175.65079819998937	175.65079819998937	176.63597419997677	176.63840160000836	176.63843270001234																																																																																																		0	2026-07-26_19h16.03.282	TSRlearn_main-blocks		2025.1.1	59.823138869653555	2026-07-26 19h16.12.120977 +0200	
								0	0	0				1	stimuli/jacket/jacket_29.jpg	stimuli/house/house_30.jpg	None	no	yes	left	left	4	1.2	0.2		0.26	2.07	sequences/learning_block1_fixed-middle-10_0{participant_ID}.xlsx	sequences/retrieval_block1_fixed-middle-10_0{participant_ID}.xlsx	6	block1	A	1																0	0	1	A	10	9	None	g	1.6222344999550842	None	3	0.4361229999922216	None													0	0	0	0	0	0	0	0					0	0	0	0	182.81605650001438																																																																																																																																																																																																																						176.6418021999998	176.65116000000853	181.66606409999076	181.64999070001068	181.65250009996817	181.66606409999076	181.66606409999076	182.81605650001438	182.81605650001438	182.64958349999506	None	182.6496909999987	182.64974389999406	182.79638870002236	182.81605650001438	183.11571719998028	183.06622699997388	183.0908136999933	183.11571719998028	183.11571719998028	184.11549529997865	184.11549529997865	184.09921590000158	184.09925450000446	184.11549529997865	184.11549529997865	184.34948159998748	184.36325629998464	184.3819162999862	184.3819162999862	185.3820683999802	185.3820683999802	185.3654951999779	185.36552890000166	185.3820683999802	185.3820683999802	185.63162349996855	185.63162349996855	185.61496410000836	185.61498949996894	185.63162349996855	185.63162349996855	187.74777750001522	187.74777750001522	187.69803600001615	187.71703870000783	187.74777750001522	187.74777750001522	187.74777750001522	187.74777750001522	187.74777750001522	187.74777750001522	189.4971707999939	g	1.6222344999550842	None	189.49936700001126	189.4993985000183	189.50122410000768	189.5304533999879	189.5304533999879	189.5304533999879	189.5304533999879	189.5304533999879	189.5304533999879	190.0134759999928	190.58038759999909	3	0.4361229999922216	None	190.58251109998673	190.58254259999376																								0	2026-07-26_19h16.03.282	TSRlearn_main-blocks		2025.1.1	59.823138869653555	2026-07-26 19h16.12.120977 +0200	
								1	1	0				1	stimuli/ball/ball_37.jpg	stimuli/bicycle/bicycle_49.jpg	None	yes	no	left	left	3	1.2	0.2		0.73	1.77	sequences/learning_block1_fixed-middle-10_0{participant_ID}.xlsx	sequences/retrieval_block1_fixed-middle-10_0{participant_ID}.xlsx	6	block1	A	1																0	1	1	A	1	2	None	b	1.081814499979373	None	5	0.08994929998880252	None													0	0	0	0	0	0	0	0					0	1	1	1	190.59673009999096																																																																																																																																																																																																																																			190.58281280001393	190.59673009999096	191.34606269997312	191.31366859999252	191.33556019997923	191.34606269997312	191.34606269997312	192.3465069999802	192.3465069999802	192.32988169998862	192.3299207999953	192.3465069999802	192.3465069999802	192.57992749998812	192.61480069998652	192.62897959997645	192.62897959997645	193.6293550999835	193.6293550999835	193.61247589997947	193.6125148999854	193.6293550999835	193.6293550999835			193.8626356999739	193.8626945000142	193.87881510000443	193.87881510000443	195.67782370001078	195.67782370001078	195.6451147000189	195.65908810001565	195.67782370001078	195.67782370001078	195.67782370001078	195.67782370001078	195.67782370001078	195.67782370001078	196.8783567000064	b	1.081814499979373	None	196.88084679999156	196.88087579997955	196.882623100013	196.91167180001503	196.91167180001503	196.91167180001503	196.91167180001503	196.91167180001503	196.91167180001503	197.39454409998143	197.61126360000344	5	0.08994929998880252	None	197.6135908999713	197.6136194000137	192.62897959997645	192.62897959997645																						0	2026-07-26_19h16.03.282	TSRlearn_main-blocks		2025.1.1	59.823138869653555	2026-07-26 19h16.12.120977 +0200	
								2	2	0				1	stimuli/flower/flower_07.jpg	stimuli/chair/chair_21.jpg	None	no	yes	right	right	2	1.2	0.2		0.53	1.84	sequences/learning_block1_fixed-middle-10_0{participant_ID}.xlsx	sequences/retrieval_block1_fixed-middle-10_0{participant_ID}.xlsx	6	block1	A	1																0	1	1	A	6	4	None	g	0.6115557000157423	None	3	0.038471899984870106	None													0	0	0	0	0	0	0	0					0	2	2	2	197.62772529997164																																																																																																																																																																																																																																			197.61388299998362	197.62772529997164	198.1768427999923	198.14542989997426	198.1693162000156	198.1768427999923	198.1768427999923	199.17726079997374	199.17726079997374	199.16111290000845	199.16115190001437	199.17726079997374	199.17726079997374	199.4105973999831	199.42378499999177	199.4438709000242	199.4438709000242	200.44411969999783	200.44411969999783	200.42727340001147	200.4273071999778	200.44411969999783	200.44411969999783	200.69364900002256	200.69364900002256	200.67717380000977	200.67721799999708	200.69364900002256	200.69364900002256	202.55943859997205	202.55943859997205	202.52663889998803	202.53970219998155	202.55943859997205	202.55943859997205	202.55943859997205	202.55943859997205	202.55943859997205	202.55943859997205	203.29332160000922	g	0.6115557000157423	None	203.29584909998812	203.2958838000195	203.2981756000081	203.32609779998893	203.32609779998893	203.32609779998893	203.32609779998893	203.32609779998893	203.32609779998893	203.80908909998834	203.97642089996953	3	0.038471899984870106	None	203.97893300000578	203.97896259999834	199.4438709000242	199.4438709000242																						0	2026-07-26_19h16.03.282	TSRlearn_main-blocks		2025.1.1	59.823138869653555	2026-07-26 19h16.12.120977 +0200	
								3	3	0				1	stimuli/dog/dog_36.jpg	stimuli/bread/bread_04.jpg	None	yes	no	right	right	5	1.2	0.2		0.43	1.89	sequences/learning_block1_fixed-middle-10_0{participant_ID}.xlsx	sequences/retrieval_block1_fixed-middle-10_0{participant_ID}.xlsx	6	block1	A	1																0	0	1	A	5	3	None	None			3	0.8826207999954931	None													0	0	0	0	0	0	0	0					0	3	3	3	203.99233520001872																																																																																																																																																																																																																																			203.9792224999983	203.99233520001872	204.44225580000784	204.4092744999798	204.42212579998886	204.44225580000784	204.44225580000784	205.44207280001137	205.44207280001137	205.42541029996937	205.42544399999315	205.44207280001137	205.44207280001137	205.67585379997035	205.69931769999675	205.7079701999901	205.7079701999901	206.70840160001535	206.70840160001535	206.6918810000061	206.69192150002345	206.70840160001535	206.70840160001535			206.9422967999708	206.94233990000794	206.95852300000843	206.95852300000843	208.87392129999353	208.87392129999353	208.84123119997093	208.85409679997247	208.87392129999353	208.87392129999353	208.87392129999353	208.87392129999353	208.87392129999353	208.87392129999353	211.85887310002	None			211.86077379999915	212.3568438999937	212.3594264999847	212.38977499998873	212.38977499998873	212.38977499998873	212.38977499998873	212.38977499998873	212.38977499998873	212.85627549997298	213.85642349999398	3	0.8826207999954931	None	213.859060399991	213.859102300019			211.87276310002198	211.87276310002198	211.87276310002198	211.87276310002198	211.87276310002198	212.38977499998873																0	2026-07-26_19h16.03.282	TSRlearn_main-blocks		2025.1.1	59.823138869653555	2026-07-26 19h16.12.120977 +0200	
								4	4	0				1	stimuli/flower/flower_07.jpg	stimuli/hand/hand_38.jpg	None	yes	no	left	left	5	1.2	0.2		0.67	1.84	sequences/learning_block1_fixed-middle-10_0{participant_ID}.xlsx	sequences/retrieval_block1_fixed-middle-10_0{participant_ID}.xlsx	6	block1	A	1																1	1	1	A	6	8	None	g	2.088410400028806	None	3	0.6980881000054069	None													0	0	0	0	0	0	0	0					0	4	4	4	213.87279940000735																																																																																																																																																																																																																																			213.8593608000083	213.87279940000735	214.5718887000112	214.53938059997745	214.56380359997274	214.5718887000112	214.5718887000112	215.57215820002602	215.57215820002602	215.55579319997923	215.55583889997797	215.57215820002602	215.57215820002602	215.8066000000108	215.82077009999193	215.83869180001784	215.83869180001784	216.83847539999988	216.83847539999988	216.82223569997586	216.82228959997883	216.83847539999988	216.83847539999988	217.0884517999948	217.0884517999948	217.07194009999512	217.0719821000239	217.0884517999948	217.0884517999948	218.95394300000044	218.95394300000044	218.92148580000503	218.93436780001502	218.95394300000044	218.95394300000044	218.95394300000044	218.95394300000044	218.95394300000044	218.95394300000044	221.17086459998973	g	2.088410400028806	None	221.17348029999994	221.17351569997845	221.17532039998332	221.20368480001343	221.20368480001343	221.20368480001343	221.20368480001343	221.20368480001343	221.20368480001343	221.6868602000177	222.50380389997736	3	0.6980881000054069	None	222.5064494999824	222.50648879999062																								0	2026-07-26_19h16.03.282	TSRlearn_main-blocks		2025.1.1	59.823138869653555	2026-07-26 19h16.12.120977 +0200	
								5	5	0				1	stimuli/hammer/hammer_35.jpg	stimuli/jacket/jacket_29.jpg	None	no	yes	left	left	3	1.2	0.2		0.48	1.76	sequences/learning_block1_fixed-middle-10_0{participant_ID}.xlsx	sequences/retrieval_block1_fixed-middle-10_0{participant_ID}.xlsx	6	block1	A	1																1	0	1	A	7	10	None	g	1.8061481000040658	None	3	0.6471502000349574	None													0	0	0	0	0	0	0	0					0	5	5	5	222.51949560001958																																																																																																																																																																																																																																			222.5067763000261	222.51949560001958	223.01985250000143	222.98656649998156	222.99965269997483	223.01985250000143	223.01985250000143	224.02019419998396	224.02019419998396	224.0030767999706	224.00311539997347	224.02019419998396	224.02019419998396	224.25277239998104	224.27916939998977	224.28523420001147	224.28523420001147	225.28579799999716	225.28579799999716	225.26940839999588	225.2694500000216	225.28579799999716	225.28579799999716	225.53592529997695	225.53592529997695	225.5194177000085	225.51944319996983	225.53592529997695	225.53592529997695	227.31798649998382	227.31798649998382	227.28557449998334	227.2982102999813	227.31798649998382	227.31798649998382	227.31798649998382	227.31798649998382	227.31798649998382	227.31798649998382	229.25173030002043	g	1.8061481000040658	None	229.25399850000395	229.25402779999422	229.25575599999866	229.28454059996875	229.28454059996875	229.28454059996875	229.28454059996875	229.28454059996875	229.28454059996875	229.76868919999106	230.53435719996924	3	0.6471502000349574	None	230.53694909997284	230.53697580000153	224.28523420001147	224.28523420001147																						0	2026-07-26_19h16.03.282	TSRlearn_main-blocks		2025.1.1	59.823138869653555	2026-07-26 19h16.12.120977 +0200	
								6	6	0				1	stimuli/bread/bread_04.jpg	stimuli/chair/chair_21.jpg	None	no	yes	right	right	4	1.2	0.2		0.47	1.88	sequences/learning_block1_fixed-middle-10_0{participant_ID}.xlsx	sequences/retrieval_block1_fixed-middle-10_0{participant_ID}.xlsx	6	block1	A	1																1	1	1	A	3	4	None	g	1.8084405999979936	None	4	1.177388499956578	None													0	0	0	0	0	0	0	0					0	6	6	6	230.55083829996875																																																																																																																																																																																																																																			230.537248299981	230.55083829996875	231.0500020000036	231.01794980000705	231.04145630000858	231.0500020000036	231.0500020000036	232.0504690000089	232.0504690000089	232.03382680000504	232.03386809997028	232.0504690000089	232.0504690000089	232.2839595999685	232.29682490002597	232.31726929999422	232.31726929999422	233.31683319999138	233.31683319999138	233.30028199998196	233.30031690001488	233.31683319999138	233.31683319999138	233.5665923000197	233.5665923000197	233.5499211999704	233.54995890002465	233.5665923000197	233.5665923000197	235.46590379998088	235.46590379998088	235.4328784000245	235.44490459997905	235.46590379998088	235.46590379998088	235.46590379998088	235.46590379998088	235.46590379998088	235.46590379998088	237.39885080000386	g	1.8084405999979936	None	237.40125429996988	237.40128559997538	237.4030581000261	237.43215840001358	237.43215840001358	237.43215840001358	237.43215840001358	237.43215840001358	237.43215840001358	237.9149762999732	239.21479629998794	4	1.177388499956578	None	239.2171577999834	239.2171867999714	232.31726929999422	232.31726929999422																						0	2026-07-26_19h16.03.282	TSRlearn_main-blocks		2025.1.1	59.823138869653555	2026-07-26 19h16.12.120977 +0200	
								7	7	0				1	stimuli/bicycle/bicycle_49.jpg	stimuli/house/house_30.jpg	None	yes	no	right	right	2	1.2	0.2		0.32	2.23	sequences/learning_block1_fixed-middle-10_0{participant_ID}.xlsx	sequences/retrieval_block1_fixed-middle-10_0{participant_ID}.xlsx	6	block1	A	1																1	0	1	A	2	9	None	b	2.836063499969896	None	5	0.3302747000125237	None													0	0	0	0	0	0	0	0					0	7	7	7	239.23141200002283																																																																																																																																																																																																																																			239.2174538000254	239.23141200002283	239.59752010001102	239.54827979998663	239.58281589997932	239.59752010001102	239.59752010001102	240.59810060000746	240.59810060000746	240.5816159999813	240.58165190002182	240.59810060000746	240.59810060000746	240.8313939999789	240.8433619000134	240.86408550001215	240.86408550001215	241.8638289999799	241.8638289999799	241.8478123000241	241.8478570000152	241.8638289999799	241.8638289999799	242.1140334000229	242.1140334000229	242.09746850002557	242.0975044000079	242.1140334000229	242.1140334000229	244.36264810001012	244.36264810001012	244.33023149997462	244.34343030001037	244.36264810001012	244.36264810001012	244.36264810001012	244.36264810001012	244.36264810001012	244.36264810001012	247.32928549998906	b	2.836063499969896	None	247.33162020001328	247.33164980000583	247.33339649997652	247.36254559998633	247.36254559998633	247.36254559998633	247.36254559998633	247.36254559998633	247.36254559998633	247.84542869997676	248.29535309999483	5	0.3302747000125237	None	248.29766889999155	248.2976922999951	240.86408550001215	240.86408550001215																						0	2026-07-26_19h16.03.282	TSRlearn_main-blocks		2025.1.1	59.823138869653555	2026-07-26 19h16.12.120977 +0200	
								8	8	0				1	stimuli/ball/ball_37.jpg	stimuli/bread/bread_04.jpg	None	yes	no	left	left	2	1.2	0.2		0.33	2.25	sequences/learning_block1_fixed-middle-10_0{participant_ID}.xlsx	sequences/retrieval_block1_fixed-middle-10_0{participant_ID}.xlsx	6	block1	A	1																2	1	1	A	1	3	None	None			None															0	0	0	0	0	0	0	0					0	8	8	8	248.31213370000478																																																																																																																																																																																																																																			248.29794750001747	248.31213370000478	248.66109319997486	248.6288650999777	248.6488890000037	248.66109319997486	248.66109319997486	249.6625631999923	249.6625631999923	249.64503830001922	249.64507129997946	249.6625631999923	249.6625631999923	249.91148100001737	249.9347455999814	249.94408679998014	249.94408679998014	250.94462989998283	250.94462989998283	250.92881229997147	250.92885430000024	250.94462989998283	250.94462989998283	251.19420399999944	251.19420399999944	251.1777235000045	251.17775009997422	251.19420399999944	251.19420399999944	253.45972159999656	253.45972159999656	253.42720420000842	253.4411700000055	253.45972159999656	253.45972159999656	253.45972159999656	253.45972159999656	253.45972159999656	253.45972159999656	256.45569510001224	None			256.4588447000133	256.9545702000032	256.95845310000004	256.9810634999885	256.9810634999885	256.9810634999885	256.9810634999885	256.9810634999885	256.9810634999885	257.4642899999744	260.4650733000017	None			260.46754759998294	260.96161389996996			256.4675784999854	256.4675784999854	256.4675784999854	256.4675784999854	256.4675784999854	256.9810634999885	259.9948282999685	259.9948282999685	259.9948282999685	259.9948282999685	259.9948282999685	259.9948282999685	260.4780444999924	260.4780444999924	260.97874549997505							0	2026-07-26_19h16.03.282	TSRlearn_main-blocks		2025.1.1	59.823138869653555	2026-07-26 19h16.12.120977 +0200	
								9	9	0				1	stimuli/dog/dog_36.jpg	stimuli/flower/flower_07.jpg	None	yes	no	right	right	3	1.2	0.2		0.34	1.82	sequences/learning_block1_fixed-middle-10_0{participant_ID}.xlsx	sequences/retrieval_block1_fixed-middle-10_0{participant_ID}.xlsx	6	block1	A	1																2	0	1	A	5	6	None	b	1.2687186999828555	None	5	0.012279599963221699	None													0	0	0	0	0	0	0	0					0	9	9	9	260.97874549997505																																																																																																																																																																																																																																			260.96226330002537	260.97874549997505	261.3407373999944	261.30832740000915	261.324909100018	261.3407373999944	261.3407373999944	262.3406639000168	262.3406639000168	262.3243387999828	262.32437440002104	262.3406639000168	262.3406639000168	262.57476089999545	262.59918570000445	262.60676509997575	262.60676509997575	263.6078113000258	263.6078113000258	263.5910351999919	263.59107929997845	263.6078113000258	263.6078113000258	263.85657290002564	263.85657290002564	263.8405954000191	263.84062859998085	263.85657290002564	263.85657290002564	265.7057665999746	265.7057665999746	265.6733515000087	265.68639849999454	265.7057665999746	265.7057665999746	265.7057665999746	265.7057665999746	265.7057665999746	265.7057665999746	267.1056042999844	b	1.2687186999828555	None	267.1078603999922	267.1078870000201	267.1095562999835	267.13858899998013	267.13858899998013	267.13858899998013	267.13858899998013	267.13858899998013	267.13858899998013	267.62190809997264	267.7554173999815	5	0.012279599963221699	None	267.7577790999785	267.7578158000251																								0	2026-07-26_19h16.03.282	TSRlearn_main-blocks		2025.1.1	59.823138869653555	2026-07-26 19h16.12.120977 +0200	
								10	10	0				1	stimuli/chair/chair_21.jpg	stimuli/house/house_30.jpg	None	no	yes	left	left	5	1.2	0.2		0.58	2.06	sequences/learning_block1_fixed-middle-10_0{participant_ID}.xlsx	sequences/retrieval_block1_fixed-middle-10_0{participant_ID}.xlsx	6	block1	A	1																2	0	1	A	4	9	None	g	2.5564908999949694	None	3	3.080282500013709	None													0	0	0	0	0	0	0	0					0	10	10	10	267.7720527999918																																																																																																																																																																																																																																			267.75811559997965	267.7720527999918	268.37159789999714	268.33926430001156	268.35104310000315	268.37159789999714	268.37159789999714	269.37225559999933	269.37225559999933	269.3559385999688	269.35601450002287	269.37225559999933	269.37225559999933	269.6056133999955	269.61749600002076	269.6392064000247	269.6392064000247	270.6378842999693	270.6378842999693	270.6223611999885	270.6224005999975	270.6378842999693	270.6378842999693	270.8880954000051	270.8880954000051	270.8723303999868	270.87239370000316	270.8880954000051	270.8880954000051	272.9705637000152	272.9705637000152	272.9377804999822	272.95113910001237	272.9705637000152	272.9705637000152	272.9705637000152	272.9705637000152	272.9705637000152	272.9705637000152	275.6370059999754	g	2.5564908999949694	None	275.6393380999798	275.63936069997726	275.6411158000119	275.6698237999808	275.6698237999808	275.6698237999808	275.6698237999808	275.6698237999808	275.6698237999808	276.1534103999729	276.1536995000206	3	3.080282500013709	None	276.1559318000218	276.1559548000223	269.6392064000247	269.6392064000247																						0	2026-07-26_19h16.03.282	TSRlearn_main-blocks		2025.1.1	59.823138869653555	2026-07-26 19h16.12.120977 +0200	
								11	11	0				1	stimuli/jacket/jacket_29.jpg	stimuli/hand/hand_38.jpg	None	no	yes	right	right	4	1.2	0.2		0.36	2.18	sequences/learning_block1_fixed-middle-10_0{participant_ID}.xlsx	sequences/retrieval_block1_fixed-middle-10_0{participant_ID}.xlsx	6	block1	A	1																2	1	1	A	10	8	None	b	0.5471964000025764	None	5	0.036525400006212294	None													0	0	0	0	0	0	0	0					0	11	11	11	276.1700297999778																																																																																																																																																																																																																																			276.1562198000029	276.1700297999778	276.5524895999697	276.51958730001934	276.544911200006	276.5524895999697	276.5524895999697	277.5527746999869	277.5527746999869	277.5359786999761	277.53601109999	277.5527746999869	277.5527746999869	277.7857017000206	277.79866079997737	277.8187565000262	277.8187565000262	278.8182398999925	278.8182398999925	278.8019353999989	278.80198420002125	278.8182398999925	278.8182398999925	279.0681689999765	279.0681689999765	279.0519740000018	279.05200229998445	279.0681689999765	279.0681689999765	281.2675645999843	281.2675645999843	281.23473859997466	281.2471790999989	281.2675645999843	281.2675645999843	281.2675645999843	281.2675645999843	281.2675645999843	281.2675645999843	281.9342387000215	b	0.5471964000025764	None	281.93686890002573	281.93689469998935	281.93853320000926	281.9675409999909	281.9675409999909	281.9675409999909	281.9675409999909	281.9675409999909	281.9675409999909	282.4508302999893	282.61766889999853	5	0.036525400006212294	None	282.6198908999795	282.61992490000557	277.8187565000262	277.8187565000262																						0	2026-07-26_19h16.03.282	TSRlearn_main-blocks		2025.1.1	59.823138869653555	2026-07-26 19h16.12.120977 +0200	
								12	12	0				1	stimuli/flower/flower_07.jpg	stimuli/ball/ball_37.jpg	None	yes	no	right	right	4	1.2	0.2		0.39	2.1	sequences/learning_block1_fixed-middle-10_0{participant_ID}.xlsx	sequences/retrieval_block1_fixed-middle-10_0{participant_ID}.xlsx	6	block1	A	1																3	0	1	A	6	1	None	g	1.4804112000274472	None	2	0.08654160000151023	None													0	0	0	0	0	0	0	0					0	12	12	12	282.63406640000176																																																																																																																																																																																																																																			282.62020150001626	282.63406640000176	283.0503972999868	283.01715079997666	283.0390213999781	283.0503972999868	283.0503972999868	284.0501029000152	284.0501029000152	284.03359730000375	284.03363020002143	284.0501029000152	284.0501029000152	284.28359990002355	284.30514429998584	284.31659890001174	284.31659890001174	285.31638699996984	285.31638699996984	285.2999313999899	285.29996899998514	285.31638699996984	285.31638699996984	285.5661944000167	285.5661944000167	285.5498741000192	285.54990069998894	285.5661944000167	285.5661944000167	287.6821487999987	287.6821487999987	287.649189400021	287.6625238999841	287.6821487999987	287.6821487999987	287.6821487999987	287.6821487999987	287.6821487999987	287.6821487999987	289.2822606000118	g	1.4804112000274472	None	289.2846501999884	289.28469429997494	289.28667920001317	289.3150902999914	289.3150902999914	289.3150902999914	289.3150902999914	289.3150902999914	289.3150902999914	289.79817730002105	290.01493720000144	2	0.08654160000151023	None	290.01730629999656	290.0173359999899	284.31659890001174	284.31659890001174																						0	2026-07-26_19h16.03.282	TSRlearn_main-blocks		2025.1.1	59.823138869653555	2026-07-26 19h16.12.120977 +0200	
								13	13	0				1	stimuli/jacket/jacket_29.jpg	stimuli/dog/dog_36.jpg	None	no	yes	right	right	2	1.2	0.2		0.29	1.77	sequences/learning_block1_fixed-middle-10_0{participant_ID}.xlsx	sequences/retrieval_block1_fixed-middle-10_0{participant_ID}.xlsx	6	block1	A	1																3	1	1	A	10	5	None	b	0.8283965000300668	None	4	1.047022599959746	None													0	0	0	0	0	0	0	0					0	13	13	13	290.03160330001265																																																																																																																																																																																																																																			290.01759509998374	290.03160330001265	290.34810890001245	290.31495079997694	290.3382388000027	290.34810890001245	290.34810890001245	291.3477910999791	291.3477910999791	291.3314956999966	291.3315347000025	291.3477910999791	291.3477910999791	291.58139980002306	291.59469140000874	291.6145376000204	291.6145376000204	292.6140967999818	292.6140967999818	292.5976135000237	292.59765840001637	292.6140967999818	292.6140967999818	292.8640776000102	292.8640776000102	292.8476591000217	292.84768429998076	292.8640776000102	292.8640776000102	294.6633375000092	294.6633375000092	294.6303683000151	294.6436212999979	294.6633375000092	294.6633375000092	294.6633375000092	294.6633375000092	294.6633375000092	294.6633375000092	295.613342800003	b	0.8283965000300668	None	295.616016999993	295.61605289997533	295.61774979997426	295.64671320002526	295.64671320002526	295.64671320002526	295.64671320002526	295.64671320002526	295.64671320002526	296.12988979998045	297.2962941000005	4	1.047022599959746	None	297.29864069999894	297.29866470000707	291.6145376000204	291.6145376000204																						0	2026-07-26_19h16.03.282	TSRlearn_main-blocks		2025.1.1	59.823138869653555	2026-07-26 19h16.12.120977 +0200	
								14	14	0				1	stimuli/bicycle/bicycle_49.jpg	stimuli/hammer/hammer_35.jpg	None	yes	no	left	left	5	1.2	0.2		0.26	2	sequences/learning_block1_fixed-middle-10_0{participant_ID}.xlsx	sequences/retrieval_block1_fixed-middle-10_0{participant_ID}.xlsx	6	block1	A	1																3	1	1	A	2	7	None	None			None															0	0	0	0	0	0	0	0					0	14	14	14	297.3126510999864																																																																																																																																																																																																																																			297.2989327000105	297.3126510999864	297.61271139996825	297.5628234000178	297.59567740000784	297.61271139996825	297.61271139996825	298.6131650999887	298.6131650999887	298.5961818000069	298.59622020000825	298.6131650999887	298.6131650999887	298.8464477999951	298.85831739997957	298.8788763000048	298.8788763000048	299.8794041000074	299.8794041000074	299.862796899979	299.862832600018	299.8794041000074	299.8794041000074			300.1297889999696	300.12988199997926	300.14583380002296	300.14583380002296	302.1616842999938	302.1616842999938	302.1284806000185	302.1410102000227	302.1616842999938	302.1616842999938	302.1616842999938	302.1616842999938	302.1616842999938	302.1616842999938	305.14703300001565	None			305.14891759998864	305.6444538999931	305.64712669997243	305.6773932999931	305.6773932999931	305.6773932999931	305.6773932999931	305.6773932999931	305.6773932999931	306.16040220001014	309.1452768999734	None			309.14689719997114	309.6594391000108			305.1609748000046	305.1609748000046	305.1609748000046	305.1609748000046	305.1609748000046	305.6773932999931	308.6926584999892	308.6926584999892	308.6926584999892	308.6926584999892	308.6926584999892	308.6926584999892	309.160126200004	309.160126200004	309.67609339999035							0	2026-07-26_19h16.03.282	TSRlearn_main-blocks		2025.1.1	59.823138869653555	2026-07-26 19h16.12.120977 +0200	
								15	15	0				1	stimuli/hand/hand_38.jpg	stimuli/chair/chair_21.jpg	None	no	yes	left	left	3	1.2	0.2		0.48	2.12	sequences/learning_block1_fixed-middle-10_0{participant_ID}.xlsx	sequences/retrieval_block1_fixed-middle-10_0{participant_ID}.xlsx	6	block1	A	1																3	0	1	A	8	4	None	g	1.7828131000278518	None	5	0.3653296999982558	None													0	0	0	0	0	0	0	0					0	15	15	15	309.67609339999035																																																																																																																																																																																																																																			309.65986299997894	309.67609339999035	310.1752145999926	310.143619999988	310.1559067000053	310.1752145999926	310.1752145999926	311.1758499999996	311.1758499999996	311.1590562000056	311.1590925999917	311.1758499999996	311.1758499999996	311.40930050000316	311.42167100001825	311.44255659997	311.44255659997	312.4420437000226	312.4420437000226	312.42595140001504	312.42601240001386	312.4420437000226	312.4420437000226	312.6912268999731	312.6912268999731	312.6756717999815	312.6757090999745	312.6912268999731	312.6912268999731	314.8413541999762	314.8413541999762	314.8085520999739	314.82100759999594	314.8413541999762	314.8413541999762	314.8413541999762	314.8413541999762	314.8413541999762	314.8413541999762	316.75685299996985	g	1.7828131000278518	None	316.7601773000206	316.76021590002347	316.76198459998704	316.78972519998206	316.78972519998206	316.78972519998206	316.78972519998206	316.78972519998206	316.78972519998206	317.27297059999546	317.75649130000966	5	0.3653296999982558	None	317.7587493999745	317.75878719997127	311.44255659997	311.44255659997																						0	2026-07-26_19h16.03.282	TSRlearn_main-blocks		2025.1.1	59.823138869653555	2026-07-26 19h16.12.120977 +0200	
								16	16	0				1	stimuli/ball/ball_37.jpg	stimuli/jacket/jacket_29.jpg	None	yes	no	left	left	5	1.2	0.2		0.48	1.94	sequences/learning_block1_fixed-middle-10_0{participant_ID}.xlsx	sequences/retrieval_block1_fixed-middle-10_0{participant_ID}.xlsx	6	block1	A	1																4	1	1	A	1	10	None	None			5	0.8123866000096314	None													0	0	0	0	0	0	0	0					0	16	16	16	317.7728064999683																																																																																																																																																																																																																																			317.7590555999777	317.7728064999683	318.2725640999852	318.2395910000196	318.25973859999795	318.2725640999852	318.2725640999852	319.27240890002577	319.27240890002577	319.2559777999995	319.2560220999876	319.27240890002577	319.27240890002577	319.5060735999723	319.5297169999685	319.5389787000022	319.5389787000022	320.53857259999495	320.53857259999495	320.5220581999747	320.5220969999791	320.53857259999495	320.53857259999495	320.788423400023	320.788423400023	320.77213519997895	320.77219749998767	320.788423400023	320.788423400023	322.7546788000036	322.7546788000036	322.7213912999723	322.73455110000214	322.7546788000036	322.7546788000036	322.7546788000036	322.7546788000036	322.7546788000036	322.7546788000036	325.73941410001134	None			325.74123029998736	326.2368989000097	326.2390504999785	326.27010369999334	326.27010369999334	326.27010369999334	326.27010369999334	326.27010369999334	326.27010369999334	326.7366198999807	327.6700507000205	5	0.8123866000096314	None	327.6723446000251	327.6723752000253			325.7535838999902	325.7535838999902	325.7535838999902	325.7535838999902	325.7535838999902	326.27010369999334																0	2026-07-26_19h16.03.282	TSRlearn_main-blocks		2025.1.1	59.823138869653555	2026-07-26 19h16.12.120977 +0200	
								17	17	0				1	stimuli/chair/chair_21.jpg	stimuli/bicycle/bicycle_49.jpg	None	yes	no	right	right	3	1.2	0.2		0.25	1.88	sequences/learning_block1_fixed-middle-10_0{participant_ID}.xlsx	sequences/retrieval_block1_fixed-middle-10_0{participant_ID}.xlsx	6	block1	A	1																4	0	1	A	4	2	None	None			5	2.1784058999619447	None													0	0	0	0	0	0	0	0					0	17	17	17	327.68630870000925																																																																																																																																																																																																																																			327.67263599997386	327.68630870000925	327.95299030002207	327.9198197000078	327.93152430001646	327.95299030002207	327.95299030002207	328.9525254999753	328.9525254999753	328.9362858000095	328.93631959997583	328.9525254999753	328.9525254999753	329.1861056999769	329.22068999998737	329.23584989999654	329.23584989999654	330.2360738000134	330.2360738000134	330.2190521999728	330.2190841999836	330.2360738000134	330.2360738000134	330.4853451999952	330.4853451999952	330.469014399976	330.4690453999792	330.4853451999952	330.4853451999952	332.3847922999994	332.3847922999994	332.3519984000013	332.3655066000065	332.3847922999994	332.3847922999994	332.3847922999994	332.3847922999994	332.3847922999994	332.3847922999994	335.3689236000064	None			335.3706506000017	335.86722050001845	335.86966440000106	335.900516099995	335.900516099995	335.900516099995	335.900516099995	335.900516099995	335.900516099995	336.3668763000169	338.6663990999805	5	2.1784058999619447	None	338.6688329000026	338.6688621999929	329.23584989999654	329.23584989999654	335.3839366000029	335.3839366000029	335.3839366000029	335.3839366000029	335.3839366000029	335.900516099995																0	2026-07-26_19h16.03.282	TSRlearn_main-blocks		2025.1.1	59.823138869653555	2026-07-26 19h16.12.120977 +0200	
								18	18	0				1	stimuli/hand/hand_38.jpg	stimuli/dog/dog_36.jpg	None	no	yes	left	left	2	1.2	0.2		0.52	2.08	sequences/learning_block1_fixed-middle-10_0{participant_ID}.xlsx	sequences/retrieval_block1_fixed-middle-10_0{participant_ID}.xlsx	6	block1	A	1																4	0	1	A	8	5	None	b	0.49249969999073073	None	5	1.0962680000229739	None													0	0	0	0	0	0	0	0					0	18	18	18	338.6829031999805																																																																																																																																																																																																																																			338.6691203999799	338.6829031999805	339.2326746999752	339.1995496000163	339.211910300015	339.2326746999752	339.2326746999752	340.2323990999721	340.2323990999721	340.21605290001025	340.2160878999857	340.2323990999721	340.2323990999721	340.4656574000255	340.4771564999828	340.4990344999824	340.4990344999824	341.49857739999425	341.49857739999425	341.4821595000103	341.48219589999644	341.49857739999425	341.49857739999425	341.74867649999214	341.74867649999214	341.7323380999733	341.732371399994	341.74867649999214	341.74867649999214	343.84797539998544	343.84797539998544	343.8149379999959	343.8269726000144	343.84797539998544	343.84797539998544	343.84797539998544	343.84797539998544	343.84797539998544	343.84797539998544	344.4648233000189	b	0.49249969999073073	None	344.4674185999902	344.46745060000103	344.46933799999533	344.49763719999464	344.49763719999464	344.49763719999464	344.49763719999464	344.49763719999464	344.49763719999464	344.981229899975	345.06444059999194	5	1.0962680000229739	None	345.0664820999955	345.0665064000059	340.4990344999824	340.4990344999824																						0	2026-07-26_19h16.03.282	TSRlearn_main-blocks		2025.1.1	59.823138869653555	2026-07-26 19h16.12.120977 +0200	
								19	19	0				1	stimuli/flower/flower_07.jpg	stimuli/hammer/hammer_35.jpg	None	no	yes	right	right	4	1.2	0.2		0.52	2.2	sequences/learning_block1_fixed-middle-10_0{participant_ID}.xlsx	sequences/retrieval_block1_fixed-middle-10_0{participant_ID}.xlsx	6	block1	A	1																4	1	1	A	6	7	None	g	0.9377574999816716	None	5	0.2603510999470018	None													0	0	0	0	0	0	0	0					0	19	19	19	345.081067799998																																																																																																																																																																																																																																			345.06675820000237	345.081067799998	345.6306456999737	345.5973930999753	345.62049990001833	345.6306456999737	345.6306456999737	346.63039459998254	346.63039459998254	346.61412300000666	346.61416569998255	346.63039459998254	346.63039459998254	346.86389119998785	346.87589510000544	346.8969750999822	346.8969750999822	347.89713880000636	347.89713880000636	347.88045429997146	347.88050580001436	347.89713880000636	347.89713880000636	348.1464893000084	348.1464893000084	348.13005069998326	348.13007509999443	348.1464893000084	348.1464893000084	350.36262809997424	350.36262809997424	350.32963659998495	350.341969400004	350.36262809997424	350.36262809997424	350.36262809997424	350.36262809997424	350.36262809997424	350.36262809997424	351.4290647999733	g	0.9377574999816716	None	351.4313220999902	351.4313486000174	351.4330102999811	351.462087300024	351.462087300024	351.462087300024	351.462087300024	351.462087300024	351.462087300024	351.9455551999854	352.3287880999851	5	0.2603510999470018	None	352.3310704000178	352.3310961999814	346.8969750999822	346.8969750999822																						0	2026-07-26_19h16.03.282	TSRlearn_main-blocks		2025.1.1	59.823138869653555	2026-07-26 19h16.12.120977 +0200	
stimuli/car/car_36.jpg	stimuli/fish/fish_19.jpg	stimuli/ball/ball_37.jpg	stimuli/hammer/hammer_35.jpg	right	center	left	right	0	0	0																		sequences/learning_block1_fixed-middle-10_0{participant_ID}.xlsx	sequences/retrieval_block1_fixed-middle-10_0{participant_ID}.xlsx	6	1.0	A	2	1	car	fish	ball	hammer	0.8	0.36	2	11	12	1	7	g	2.0747455999953672	None																										0	0	0	0	1	0	1	0	0	0	0	0					353.4780452999985																																																																																																																																																																																											353.3455613999977	353.34560699999565	353.4431779999868	353.4780452999985	353.4780452999985	353.4780452999985	353.4780452999985	353.4780452999985	353.4780452999985	353.4780452999985	0.09760149999056011	355.66129580000415	g	2.0747455999953672	None	355.71646740002325	355.74422330001835	355.74422330001835	355.74422330001835	355.74422330001835	355.74422330001835	355.74422330001835	356.6944532999769	356.6965986000141	356.6966302000219																																																																																												352.33582819998264	352.3358517999877	352.33738129999256	352.34591129998444	353.4780452999985	353.3453610999859	0	2026-07-26_19h16.03.282	TSRlearn_main-blocks		2025.1.1	59.823138869653555	2026-07-26 19h16.12.120977 +0200	
stimuli/fish/fish_19.jpg	stimuli/ball/ball_37.jpg	stimuli/flower/flower_07.jpg	stimuli/key/key_28.jpg	left	right	center	left	1	1	0																		sequences/learning_block1_fixed-middle-10_0{participant_ID}.xlsx	sequences/retrieval_block1_fixed-middle-10_0{participant_ID}.xlsx	6	1.0	A	2	2	fish	ball	flower	key	0.64	0.25	3	12	1	6	15	g	0.3172776999999769	None																										0	0	0	0	1	0	1	0	0	1	1	1					356.8436943999841																																																																																																																																																																																													356.80974160000915	356.8436943999841	356.8436943999841	356.8436943999841	356.8436943999841	356.8436943999841	356.8436943999841	356.8436943999841	0.113141399982851	357.2607716000057	g	0.3172776999999769	None	357.3673995999852	357.3937838000129	357.3937838000129	357.3937838000129	357.3937838000129	357.3937838000129	357.3937838000129	358.34441219997825	358.3465178000042	358.34653919999255																																																																																																		0	2026-07-26_19h16.03.282	TSRlearn_main-blocks		2025.1.1	59.823138869653555	2026-07-26 19h16.12.120977 +0200	
stimuli/ball/ball_37.jpg	stimuli/house/house_30.jpg	stimuli/bicycle/bicycle_49.jpg	stimuli/hand/hand_38.jpg	center	right	left	center	2	2	0																		sequences/learning_block1_fixed-middle-10_0{participant_ID}.xlsx	sequences/retrieval_block1_fixed-middle-10_0{participant_ID}.xlsx	6	1.0	A	2	3	ball	house	bicycle	hand	0.75	0.42	4	1	9	2	8	b	0.3187793000251986	None																										0	0	0	0	1	0	1	0	0	2	2	2					358.46016590000363																																																																																																																																																																																													358.42660649999743	358.46016590000363	358.46016590000363	358.46016590000363	358.46016590000363	358.46016590000363	358.46016590000363	358.46016590000363	0.0800992000149563	358.8771450999775	b	0.3187793000251986	None	358.95899610000197	358.9764147999813	358.9764147999813	358.9764147999813	358.9764147999813	358.9764147999813	358.9764147999813	359.9600926999701	359.96227989997715	359.96230710000964																																																																																																		0	2026-07-26_19h16.03.282	TSRlearn_main-blocks		2025.1.1	59.823138869653555	2026-07-26 19h16.12.120977 +0200	
stimuli/house/house_30.jpg	stimuli/bread/bread_04.jpg	stimuli/key/key_28.jpg	stimuli/fish/fish_19.jpg	right	center	left	right	3	3	0																		sequences/learning_block1_fixed-middle-10_0{participant_ID}.xlsx	sequences/retrieval_block1_fixed-middle-10_0{participant_ID}.xlsx	6	1.0	A	2	4	house	bread	key	fish	0.36	0.2	5	9	3	15	12	r	0.23551560001214966	None																										0	0	0	0	1	0	1	0	0	3	3	3					360.09261350001907																																																																																																																																																																																													360.0597950000083	360.09261350001907	360.09261350001907	360.09261350001907	360.09261350001907	360.09261350001907	360.09261350001907	360.09261350001907	0.09751920000417158	360.427666899981	r	0.23551560001214966	None	360.52238460001536	360.54245820001233	360.54245820001233	360.54245820001233	360.54245820001233	360.54245820001233	360.54245820001233	361.49283499998273	361.49506569997175	361.4950918999966																																																																																																		0	2026-07-26_19h16.03.282	TSRlearn_main-blocks		2025.1.1	59.823138869653555	2026-07-26 19h16.12.120977 +0200	
stimuli/bread/bread_04.jpg	stimuli/bicycle/bicycle_49.jpg	stimuli/car/car_36.jpg	stimuli/ball/ball_37.jpg	left	right	center	left	4	4	0																		sequences/learning_block1_fixed-middle-10_0{participant_ID}.xlsx	sequences/retrieval_block1_fixed-middle-10_0{participant_ID}.xlsx	6	1.0	A	2	5	bread	bicycle	car	ball	0.33	0.2	6	3	2	11	1	b	0.4847542999777943	None																										0	0	0	0	1	0	1	0	0	4	4	4					361.60851930000354																																																																																																																																																																																													361.5819458999904	361.60851930000354	361.60851930000354	361.60851930000354	361.60851930000354	361.60851930000354	361.60851930000354	361.60851930000354	0.0868866000091657	362.209975500009	b	0.4847542999777943	None	362.29846089996863	362.3266898000147	362.3266898000147	362.3266898000147	362.3266898000147	362.3266898000147	362.3266898000147	363.2778137999703	363.27984889998334	363.2798689000192																																																																																																		0	2026-07-26_19h16.03.282	TSRlearn_main-blocks		2025.1.1	59.823138869653555	2026-07-26 19h16.12.120977 +0200	
stimuli/bicycle/bicycle_49.jpg	stimuli/flower/flower_07.jpg	stimuli/hammer/hammer_35.jpg	stimuli/guitar/guitar_22.jpg	right	left	center	right	5	5	0																		sequences/learning_block1_fixed-middle-10_0{participant_ID}.xlsx	sequences/retrieval_block1_fixed-middle-10_0{participant_ID}.xlsx	6	1.0	A	2	6	bicycle	flower	hammer	guitar	0.64	0.53	7	2	6	7	13	g	1.3436563999857754	None																										0	0	0	0	1	0	1	0	0	5	5	5					363.39161469996907																																																																																																																																																																																													363.36440219997894	363.39161469996907	363.39161469996907	363.39161469996907	363.39161469996907	363.39161469996907	363.39161469996907	363.39161469996907	0.08456829999340698	364.82743359997403	g	1.3436563999857754	None	364.9073262999882	364.92445569997653	364.92445569997653	364.92445569997653	364.92445569997653	364.92445569997653	364.92445569997653	365.87551859999076	365.8782053000177	365.87823319999734																																																																																																		0	2026-07-26_19h16.03.282	TSRlearn_main-blocks		2025.1.1	59.823138869653555	2026-07-26 19h16.12.120977 +0200	
stimuli/flower/flower_07.jpg	stimuli/jacket/jacket_29.jpg	stimuli/ball/ball_37.jpg	stimuli/bread/bread_04.jpg	left	center	right	left	6	6	0																		sequences/learning_block1_fixed-middle-10_0{participant_ID}.xlsx	sequences/retrieval_block1_fixed-middle-10_0{participant_ID}.xlsx	6	1.0	A	2	7	flower	jacket	ball	bread	0.33	0.2	8	6	10	1	3	b	1.4459039000212215	None																										0	0	0	0	1	0	1	0	0	6	6	6					366.00959729996976																																																																																																																																																																																													365.970290999976	366.00959729996976	366.00959729996976	366.00959729996976	366.00959729996976	366.00959729996976	366.00959729996976	366.00959729996976	0.0920880000339821	367.5602973999921	b	1.4459039000212215	None	367.64954010001384	367.6741506999824	367.6741506999824	367.6741506999824	367.6741506999824	367.6741506999824	367.6741506999824	368.62413110001944	368.6266941999784	368.6267231000238																																																																																																		0	2026-07-26_19h16.03.282	TSRlearn_main-blocks		2025.1.1	59.823138869653555	2026-07-26 19h16.12.120977 +0200	
stimuli/jacket/jacket_29.jpg	stimuli/chair/chair_21.jpg	stimuli/dog/dog_36.jpg	stimuli/key/key_28.jpg	left	center	right	left	7	7	0																		sequences/learning_block1_fixed-middle-10_0{participant_ID}.xlsx	sequences/retrieval_block1_fixed-middle-10_0{participant_ID}.xlsx	6	1.0	A	2	8	jacket	chair	dog	key	0.8	0.58	9	10	4	5	15	r	1.0736321999575011	None																										0	0	0	0	1	0	1	0	0	7	7	7					368.77424170001177																																																																																																																																																																																													368.7272140000132	368.77424170001177	368.77424170001177	368.77424170001177	368.77424170001177	368.77424170001177	368.77424170001177	368.77424170001177	0.10052849998464808	369.9409586000256	r	1.0736321999575011	None	370.04453389998525	370.0729455000255	370.0729455000255	370.0729455000255	370.0729455000255	370.0729455000255	370.0729455000255	371.02367439999944	371.02580730000045	371.02583190001315																																																																																																		0	2026-07-26_19h16.03.282	TSRlearn_main-blocks		2025.1.1	59.823138869653555	2026-07-26 19h16.12.120977 +0200	
stimuli/chair/chair_21.jpg	stimuli/dog/dog_36.jpg	stimuli/hammer/hammer_35.jpg	stimuli/house/house_30.jpg	right	left	center	right	8	8	0																		sequences/learning_block1_fixed-middle-10_0{participant_ID}.xlsx	sequences/retrieval_block1_fixed-middle-10_0{participant_ID}.xlsx	6	1.0	A	2	9	chair	dog	hammer	house	0.8	0.4	10	4	5	7	9	b	1.5164414000464603	None																										0	0	0	0	1	0	1	0	0	8	8	8					371.10591049998766																																																																																																																																																																																													371.0768444999703	371.10591049998766	371.10591049998766	371.10591049998766	371.10591049998766	371.10591049998766	371.10591049998766	371.10591049998766	0.05104260001098737	372.72357929998543	b	1.5164414000464603	None	372.77530149999075	372.7883550999686	372.7883550999686	372.7883550999686	372.7883550999686	372.7883550999686	372.7883550999686	373.73960349999834	373.7418202999979	373.74184690002585																																																																																																		0	2026-07-26_19h16.03.282	TSRlearn_main-blocks		2025.1.1	59.823138869653555	2026-07-26 19h16.12.120977 +0200	
stimuli/dog/dog_36.jpg	stimuli/hammer/hammer_35.jpg	stimuli/guitar/guitar_22.jpg	stimuli/jacket/jacket_29.jpg	right	left	center	right	9	9	0																		sequences/learning_block1_fixed-middle-10_0{participant_ID}.xlsx	sequences/retrieval_block1_fixed-middle-10_0{participant_ID}.xlsx	6	1.0	A	2	10	dog	hammer	guitar	jacket	0.75	0.2	11	5	7	13	10	r	1.532155699969735	None																										0	0	0	0	1	0	1	0	0	9	9	9					373.8390390999848																																																																																																																																																																																													373.8066080000135	373.8390390999848	373.8390390999848	373.8390390999848	373.8390390999848	373.8390390999848	373.8390390999848	373.8390390999848	0.06479460000991821	375.47369329998037	r	1.532155699969735	None	375.5345392000163	375.5554406999727	375.5554406999727	375.5554406999727	375.5554406999727	375.5554406999727	375.5554406999727	376.5061522999895	376.5086356999818	376.50868009997066																																																																																																		0	2026-07-26_19h16.03.282	TSRlearn_main-blocks		2025.1.1	59.823138869653555	2026-07-26 19h16.12.120977 +0200	
stimuli/hammer/hammer_35.jpg	stimuli/hand/hand_38.jpg	stimuli/key/key_28.jpg	stimuli/chair/chair_21.jpg	left	center	right	left	10	10	0																		sequences/learning_block1_fixed-middle-10_0{participant_ID}.xlsx	sequences/retrieval_block1_fixed-middle-10_0{participant_ID}.xlsx	6	1.0	A	2	11	hammer	hand	key	chair	0.75	0.2	12	7	8	15	4	b	1.7331306000123732	None																										0	0	0	0	1	0	1	0	0	10	10	10					376.63767849997384																																																																																																																																																																																													376.59754689998226	376.63767849997384	376.63767849997384	376.63767849997384	376.63767849997384	376.63767849997384	376.63767849997384	376.63767849997384	0.08889859996270388	378.47136690001935	b	1.7331306000123732	None	378.558640800009	378.58689879998565	378.58689879998565	378.58689879998565	378.58689879998565	378.58689879998565	378.58689879998565	379.53741320001427	379.5399400999886	379.5399823000189																																																																																																		0	2026-07-26_19h16.03.282	TSRlearn_main-blocks		2025.1.1	59.823138869653555	2026-07-26 19h16.12.120977 +0200	
stimuli/hand/hand_38.jpg	stimuli/guitar/guitar_22.jpg	stimuli/fish/fish_19.jpg	stimuli/jacket/jacket_29.jpg	left	right	center	left	11	11	0																		sequences/learning_block1_fixed-middle-10_0{participant_ID}.xlsx	sequences/retrieval_block1_fixed-middle-10_0{participant_ID}.xlsx	6	1.0	A	2	12	hand	guitar	fish	jacket	0.73	0.33	13	8	13	12	10	g	1.5327548999921419	None																										0	0	0	0	1	0	1	0	0	11	11	11					379.6539212000207																																																																																																																																																																																													379.61534830002347	379.6539212000207	379.6539212000207	379.6539212000207	379.6539212000207	379.6539212000207	379.6539212000207	379.6539212000207	0.07544230000348762	381.28740129998187	g	1.5327548999921419	None	381.3552285999758	381.36902410001494	381.36902410001494	381.36902410001494	381.36902410001494	381.36902410001494	381.36902410001494	382.32021169998916	382.32233609998366	382.3223631000146																																																																																																		0	2026-07-26_19h16.03.282	TSRlearn_main-blocks		2025.1.1	59.823138869653555	2026-07-26 19h16.12.120977 +0200	
stimuli/guitar/guitar_22.jpg	stimuli/key/key_28.jpg	stimuli/bread/bread_04.jpg	stimuli/dog/dog_36.jpg	center	left	right	center	12	12	0																		sequences/learning_block1_fixed-middle-10_0{participant_ID}.xlsx	sequences/retrieval_block1_fixed-middle-10_0{participant_ID}.xlsx	6	1.0	A	2	13	guitar	key	bread	dog	0.6	0.27	14	13	15	3	5	r	2.104391900007613	None																										0	0	0	0	1	0	1	0	0	12	12	12					382.45226539997384																																																																																																																																																																																													382.4220027999836	382.45226539997384	382.45226539997384	382.45226539997384	382.45226539997384	382.45226539997384	382.45226539997384	382.45226539997384	0.09967909997794777	384.67155269999057	r	2.104391900007613	None	384.7672502999776	384.8023252999992	384.8023252999992	384.8023252999992	384.8023252999992	384.8023252999992	384.8023252999992	385.78675249998923	385.78876839997247	385.78878920001443																																																																																																		0	2026-07-26_19h16.03.282	TSRlearn_main-blocks		2025.1.1	59.823138869653555	2026-07-26 19h16.12.120977 +0200	
								0	0	0				1	stimuli/bread/bread_04.jpg	stimuli/jacket/jacket_29.jpg	None	no	yes	right	right	3	1.2	0.2		0.45	1.84	sequences/learning_block1_fixed-middle-10_0{participant_ID}.xlsx	sequences/retrieval_block1_fixed-middle-10_0{participant_ID}.xlsx	6	block1	A	2																0	1	2	A	3	10	None	None			None															0	0	0	0	1	0	1	0					0	0	0	0	391.9003818000201																																																																																																																																																																																																																						385.7921472999733	385.8013499000226	390.8001923999982	390.7850081999786	390.78514140000334	390.8001923999982	390.8001923999982			391.7855550000095	None	391.7858946999768	391.7860783999786	391.88219580001896	391.9003818000201	392.3665134999901	392.3331928999978	392.3553114000242	392.3665134999901	392.3665134999901	393.36617699998897	393.36617699998897	393.3499649000005	393.3500366000226	393.36617699998897	393.36617699998897	393.6012878000038	393.62493109999923	393.63202429999365	393.63202429999365	394.6338839000091	394.6338839000091	394.6171383999754	394.61718840000685	394.6338839000091	394.6338839000091			394.86761760001536	394.8676868000184	394.88384229998337	394.88384229998337	396.74780820001615	396.74780820001615	396.71543119999114	396.7280639000237	396.74780820001615	396.74780820001615	396.74780820001615	396.74780820001615	396.74780820001615	396.74780820001615	399.7341862000176	None			399.73636989999795	400.23168049997184	400.2342342999764	400.26438629999757	400.26438629999757	400.26438629999757	400.26438629999757	400.26438629999757	400.26438629999757	400.7320372000104	403.7313722000108	None			403.73308229999384	404.2294671999989			399.7469107999932	399.7469107999932	399.7469107999932	399.7469107999932	399.7469107999932	400.26438629999757	403.26323859998956	403.26323859998956	403.26323859998956	403.26323859998956	403.26323859998956	403.26323859998956	403.745906999975	403.745906999975	404.245998599974							0	2026-07-26_19h16.03.282	TSRlearn_main-blocks		2025.1.1	59.823138869653555	2026-07-26 19h16.12.120977 +0200	
								1	1	0				1	stimuli/dog/dog_36.jpg	stimuli/bicycle/bicycle_49.jpg	None	yes	no	right	right	4	1.2	0.2		0.42	1.84	sequences/learning_block1_fixed-middle-10_0{participant_ID}.xlsx	sequences/retrieval_block1_fixed-middle-10_0{participant_ID}.xlsx	6	block1	A	2																0	0	2	A	5	2	None	None			None															0	0	0	0	1	0	1	0					0	1	1	1	404.245998599974																																																																																																																																																																																																																																			404.22982670000056	404.245998599974	404.69561589998193	404.6625320999883	404.6768676000065	404.69561589998193	404.69561589998193	405.69530670001404	405.69530670001404	405.67935900000157	405.679410199984	405.69530670001404	405.69530670001404	405.92929459997686	405.9623520000023	405.97851649997756	405.97851649997756	406.97967119998066	406.97967119998066	406.96241259999806	406.9624539000215	406.97967119998066	406.97967119998066			407.21263590001035	407.2127338999999	407.22863399999915	407.22863399999915	409.09385599999223	409.09385599999223	409.06098239996936	409.0738036999828	409.09385599999223	409.09385599999223	409.09385599999223	409.09385599999223	409.09385599999223	409.09385599999223	412.07940430002054	None			412.08135839999886	412.57671350002056	412.5792057000217	412.6099547999911	412.6099547999911	412.6099547999911	412.6099547999911	412.6099547999911	412.6099547999911	413.077262900013	416.0773532000021	None			416.07911920000333	416.57669509999687	405.97851649997756	405.97851649997756	412.09401629999047	412.09401629999047	412.09401629999047	412.09401629999047	412.09401629999047	412.6099547999911	415.60900589998346	415.60900589998346	415.60900589998346	415.60900589998346	415.60900589998346	415.60900589998346	416.0917593999766	416.0917593999766	416.5918848000001							0	2026-07-26_19h16.03.282	TSRlearn_main-blocks		2025.1.1	59.823138869653555	2026-07-26 19h16.12.120977 +0200	
								2	2	0				1	stimuli/hammer/hammer_35.jpg	stimuli/chair/chair_21.jpg	None	no	yes	left	left	2	1.2	0.2		0.62	1.83	sequences/learning_block1_fixed-middle-10_0{participant_ID}.xlsx	sequences/retrieval_block1_fixed-middle-10_0{participant_ID}.xlsx	6	block1	A	2																0	0	2	A	7	4	None	None			None															0	0	0	0	1	0	1	0					0	2	2	2	416.5918848000001																																																																																																																																																																																																																																			416.57709689997137	416.5918848000001	417.2420839999686	417.2086099999724	417.22044820000883	417.2420839999686	417.2420839999686	418.24157650000416	418.24157650000416	418.22493829997256	418.2249785999884	418.24157650000416	418.24157650000416	418.47576010000193	418.4869704999728	418.5090133000049	418.5090133000049	419.5079700999777	419.5079700999777	419.4923256000038	419.49241070001153	419.5079700999777	419.5079700999777	419.7583619999932	419.7583619999932	419.74214909999864	419.7422156999819	419.7583619999932	419.7583619999932	421.60715629998595	421.60715629998595	421.5741402999847	421.5870812999783	421.60715629998595	421.60715629998595	421.60715629998595	421.60715629998595	421.60715629998595	421.60715629998595	424.5916937000002	None			424.5933426999836	425.0894908999908	425.0923124999972	425.1227498999797	425.1227498999797	425.1227498999797	425.1227498999797	425.1227498999797	425.1227498999797	425.5894659999758	428.59125810000114	None			428.59298770001624	429.08875779999653			424.60604139999487	424.60604139999487	424.60604139999487	424.60604139999487	424.60604139999487	425.1227498999797	428.1389954999904	428.1389954999904	428.1389954999904	428.1389954999904	428.1389954999904	428.1389954999904	428.6048044000054	428.6048044000054	429.1048534999718							0	2026-07-26_19h16.03.282	TSRlearn_main-blocks		2025.1.1	59.823138869653555	2026-07-26 19h16.12.120977 +0200	
								3	3	0				1	stimuli/flower/flower_07.jpg	stimuli/hand/hand_38.jpg	None	yes	no	left	left	5	1.2	0.2		0.46	2.13				block1	A	2																0	1	2	A	6	8																																0	3	3	3	429.1048534999718																																																																																																																																																																																																																																			429.0893606999889	429.1048534999718	429.5871646999731	429.5546678000246	429.5810798999737	429.5871646999731	429.5871646999731	430.58755699999165	430.58755699999165	430.57109240000136	430.57113930000924	430.58755699999165	430.58755699999165	430.8208196000196	430.833252499986	430.85464869998395	430.85464869998395	431.8701736999792	431.8701736999792	431.85389379999833	431.8539372999803	431.8701736999792	431.8701736999792	432.12042220000876	432.12042220000876	432.10398999997415	432.1040191000211	432.12042220000876	432.12042220000876	434.26958989998093	434.26958989998093	434.2363777999999	434.24962239997694	434.26958989998093	434.26958989998093	434.26958989998093	434.26958989998093	434.26958989998093	434.26958989998093	437.2549356999807	None			437.2574747999897																430.85464869998395	430.85464869998395	437.26909830002114	437.26909830002114	437.26909830002114	437.26909830002114	437.26909830002114																								
