18.3907 	DEBUG 	Fullscreen settings ignored as running in pilot mode.
18.3920 	INFO 	Loaded monitor calibration from ['2025_07_24 17:26']
19.3380 	INFO 	Using renderer 'AMD Radeon (TM) Graphics' for graphics
19.3381 	INFO 	OpenGL version supported by driver is 4..
19.4105 	EXP 	Created window1 = Window(allowGUI=False, allowStencil=False, autoLog=True, backendConf=UNKNOWN, backgroundFit=<method-wrapper '__getattribute__' of attributeSetter object at 0x000001F03DD03D30>, backgroundImage=<method-wrapper '__getattribute__' of attributeSetter object at 0x000001F03DD03CD0>, bitsMode=UNKNOWN, blendMode='avg', bpc=(8, 8, 8), color=array([0., 0., 0.]), colorSpace='rgb', depthBits=8, fullscr=False, gamma=None, gammaErrorPolicy='raise', infoMsg=UNKNOWN, lms=UNKNOWN, monitor=<psychopy.monitors.calibTools.Monitor object at 0x000001F03DD9C220>, multiSample=False, name='window1', numSamples=2, pos=[560.0, 240.0], screen=0, size=array([800, 600]), stencilBits=0, stereo=False, title='PsychoPy', units='height', useFBO=True, useRetina=False, viewOri=0.0, viewPos=None, viewScale=None, waitBlanking=True, winType='pyglet')
19.4106 	EXP 	window1: backgroundImage = ''
19.4106 	EXP 	window1: backgroundFit = 'none'
19.4480 	DEBUG 	TextBox2 loaded 1 chars with 0 blanks and 1 valid
19.4659 	DEBUG 	TextBox2 loaded 1 chars with 0 blanks and 1 valid
19.4826 	DEBUG 	TextBox2 loaded 1 chars with 0 blanks and 1 valid
19.5014 	DEBUG 	TextBox2 loaded 1 chars with 0 blanks and 1 valid
19.5227 	DEBUG 	TextBox2 loaded 1 chars with 0 blanks and 1 valid
19.5442 	DEBUG 	TextBox2 loaded 1 chars with 0 blanks and 1 valid
19.5629 	DEBUG 	TextBox2 loaded 1 chars with 0 blanks and 1 valid
19.5820 	DEBUG 	TextBox2 loaded 1 chars with 0 blanks and 1 valid
19.5995 	DEBUG 	TextBox2 loaded 1 chars with 0 blanks and 1 valid
19.6173 	DEBUG 	TextBox2 loaded 1 chars with 0 blanks and 1 valid
19.6342 	DEBUG 	TextBox2 loaded 1 chars with 0 blanks and 1 valid
19.6512 	DEBUG 	TextBox2 loaded 1 chars with 0 blanks and 1 valid
19.6687 	DEBUG 	TextBox2 loaded 1 chars with 0 blanks and 1 valid
19.6860 	DEBUG 	TextBox2 loaded 1 chars with 0 blanks and 1 valid
19.7075 	DEBUG 	TextBox2 loaded 1 chars with 0 blanks and 1 valid
19.7259 	DEBUG 	TextBox2 loaded 1 chars with 0 blanks and 1 valid
19.7446 	DEBUG 	TextBox2 loaded 1 chars with 0 blanks and 1 valid
19.7616 	DEBUG 	TextBox2 loaded 1 chars with 0 blanks and 1 valid
19.7802 	DEBUG 	TextBox2 loaded 1 chars with 0 blanks and 1 valid
19.7978 	DEBUG 	TextBox2 loaded 1 chars with 0 blanks and 1 valid
19.8157 	DEBUG 	TextBox2 loaded 1 chars with 0 blanks and 1 valid
19.8165 	DEBUG 	Uploading Texture Font fontname to graphics card
19.8184 	DEBUG 	Upload of Texture Font fontname complete
19.8445 	DEBUG 	TextBox2 loaded 1 chars with 0 blanks and 1 valid
19.8633 	DEBUG 	TextBox2 loaded 1 chars with 0 blanks and 1 valid
19.8832 	DEBUG 	TextBox2 loaded 1 chars with 0 blanks and 1 valid
19.8838 	DEBUG 	Uploading Texture Font fontname to graphics card
19.8851 	DEBUG 	Upload of Texture Font fontname complete
19.8885 	EXP 	window1: Attempting to measure frame rate of screen (0) ...
19.8885 	EXP 	window1: recordFrameIntervals = False
20.0735 	EXP 	window1: recordFrameIntervals = True
20.1296 	WARNING 	t of last frame was 23.30ms (=1/42)
20.2803 	WARNING 	t of last frame was 22.93ms (=1/43)
20.3826 	WARNING 	t of last frame was 26.66ms (=1/37)
20.4058 	WARNING 	t of last frame was 23.15ms (=1/43)
20.5302 	WARNING 	Multiple dropped frames have occurred - I'll stop bothering you about them!
21.7795 	WARNING 	Couldn't measure a consistent frame rate!
  - Is your graphics card set to sync to vertical blank?
  - Are you running other processes on your computer?

21.8070 	DEBUG 	TextBox2 loaded 1 chars with 0 blanks and 1 valid
21.8296 	DEBUG 	TextBox2 loaded 1 chars with 0 blanks and 1 valid
21.8498 	DEBUG 	TextBox2 loaded 1 chars with 0 blanks and 1 valid
21.8694 	DEBUG 	TextBox2 loaded 1 chars with 0 blanks and 1 valid
21.8892 	DEBUG 	TextBox2 loaded 1 chars with 0 blanks and 1 valid
21.9082 	DEBUG 	TextBox2 loaded 1 chars with 0 blanks and 1 valid
21.9267 	DEBUG 	TextBox2 loaded 1 chars with 0 blanks and 1 valid
21.9446 	DEBUG 	TextBox2 loaded 1 chars with 0 blanks and 1 valid
21.9632 	DEBUG 	TextBox2 loaded 1 chars with 0 blanks and 1 valid
21.9807 	DEBUG 	TextBox2 loaded 1 chars with 0 blanks and 1 valid
21.9814 	DEBUG 	Uploading Texture Font fontname to graphics card
21.9829 	DEBUG 	Upload of Texture Font fontname complete
22.4245 	INFO 	keyboard.Keyboard is using ptb backend.
22.4246 	EXP 	TSRlearn_localizer-concepts: status = STARTED
22.6821 	EXP 	Created instruction_part1 = TextStim(__class__=<class 'psychopy.visual.text.TextStim'>, alignHoriz=method-wrapper(...), alignText='center', alignVert=method-wrapper(...), anchorHoriz='center', anchorVert='center', antialias=True, autoDraw=False, autoLog=True, bold=False, color=array([1., 1., 1.]), colorSpace='rgb', contrast=1.0, depth=-1.0, draggable=False, flipHoriz=False, flipVert=False, font='Sans Sherif', fontFiles=[], height=0.025, italic=False, languageStyle='LTR', name='instruction_part1', opacity=1, ori=0.0, pos=array([0., 0.]), rgb=UNKNOWN, text='', units='height', win=Window(...), wrapWidth=1)
22.6843 	EXP 	Created instruction_part2 = TextStim(__class__=<class 'psychopy.visual.text.TextStim'>, alignHoriz=method-wrapper(...), alignText='center', alignVert=method-wrapper(...), anchorHoriz='center', anchorVert='center', antialias=True, autoDraw=False, autoLog=True, bold=False, color=array([1., 1., 1.]), colorSpace='rgb', contrast=1.0, depth=-1.0, draggable=False, flipHoriz=False, flipVert=False, font='Sans Sherif', fontFiles=[], height=0.025, italic=False, languageStyle='LTR', name='instruction_part2', opacity=1, ori=0.0, pos=array([0., 0.]), rgb=UNKNOWN, text='', units='height', win=Window(...), wrapWidth=1)
22.6858 	EXP 	Created instruction_part3 = TextStim(__class__=<class 'psychopy.visual.text.TextStim'>, alignHoriz=method-wrapper(...), alignText='center', alignVert=method-wrapper(...), anchorHoriz='center', anchorVert='center', antialias=True, autoDraw=False, autoLog=True, bold=False, color=array([1., 1., 1.]), colorSpace='rgb', contrast=1.0, depth=-1.0, draggable=False, flipHoriz=False, flipVert=False, font='Sans Sherif', fontFiles=[], height=0.025, italic=False, languageStyle='LTR', name='instruction_part3', opacity=1, ori=0.0, pos=array([0., 0.]), rgb=UNKNOWN, text='', units='height', win=Window(...), wrapWidth=1)
22.6869 	EXP 	Created instruction_part4 = TextStim(__class__=<class 'psychopy.visual.text.TextStim'>, alignHoriz=method-wrapper(...), alignText='center', alignVert=method-wrapper(...), anchorHoriz='center', anchorVert='center', antialias=True, autoDraw=False, autoLog=True, bold=False, color=array([1., 1., 1.]), colorSpace='rgb', contrast=1.0, depth=-1.0, draggable=False, flipHoriz=False, flipVert=False, font='Sans Sherif', fontFiles=[], height=0.025, italic=False, languageStyle='LTR', name='instruction_part4', opacity=1, ori=0.0, pos=array([0., 0.]), rgb=UNKNOWN, text='', units='height', win=Window(...), wrapWidth=1)
22.6998 	EXP 	Created image_prc = ImageStim(__class__=<class 'psychopy.visual.image.ImageStim'>, anchor=('center', 'center'), autoLog=True, color=array([1., 1., 1.]), colorSpace='rgb', contrast=1.0, depth=0.0, draggable=False, flipHoriz=False, flipVert=False, image='default.png', interpolate=True, mask=None, maskParams=None, name='image_prc', opacity=1, ori=0.0, pos=array([0., 0.]), size=array([0.2, 0.2]), texRes=128.0, units='height', win=Window(...))
22.9011 	INFO 	Loaded psychtoolbox audio version 3.0.19.696976569
23.3038 	WARNING 	No default speaker specified in Preferences / Hardware, using first speaker found: Lautsprecher (Realtek(R) Audio)
23.3039 	DEBUG 	Found speaker device: Lautsprecher (Realtek(R) Audio) (4.0)
23.7057 	INFO 	Created stream for speaker device: Lautsprecher (Realtek(R) Audio) (4.0)
23.7092 	EXP 	spoken_word_prc: sampleRate = 48000
23.7093 	EXP 	spoken_word_prc: channels = None
23.7233 	DEBUG 	Converted audio clip from mono to stereo
23.7300 	EXP 	Sound spoken_word_prc set volume 1.000
23.7414 	EXP 	Created fix_cross_prc = TextStim(__class__=<class 'psychopy.visual.text.TextStim'>, alignHoriz=method-wrapper(...), alignText='center', alignVert=method-wrapper(...), anchorHoriz='center', anchorVert='center', antialias=True, autoDraw=False, autoLog=True, bold=False, color=array([1., 1., 1.]), colorSpace='rgb', contrast=1.0, depth=-2.0, draggable=False, flipHoriz=False, flipVert=False, font='Sans Sherif', fontFiles=[], height=0.03, italic=False, languageStyle='LTR', name='fix_cross_prc', opacity=1, ori=0.0, pos=array([0., 0.]), rgb=UNKNOWN, text='+', units='height', win=Window(...), wrapWidth=1)
23.7436 	EXP 	Created fix_cross_2_prc = TextStim(__class__=<class 'psychopy.visual.text.TextStim'>, alignHoriz=method-wrapper(...), alignText='center', alignVert=method-wrapper(...), anchorHoriz='center', anchorVert='center', antialias=True, autoDraw=False, autoLog=True, bold=False, color=array([1., 1., 1.]), colorSpace='rgb', contrast=1.0, depth=0.0, draggable=False, flipHoriz=False, flipVert=False, font='Sans Sherif', fontFiles=[], height=0.03, italic=False, languageStyle='LTR', name='fix_cross_2_prc', opacity=1, ori=0.0, pos=array([0., 0.]), rgb=UNKNOWN, text='+', units='height', win=Window(...), wrapWidth=1)
23.7448 	EXP 	Created instruction_startexp = TextStim(__class__=<class 'psychopy.visual.text.TextStim'>, alignHoriz=method-wrapper(...), alignText='center', alignVert=method-wrapper(...), anchorHoriz='center', anchorVert='center', antialias=True, autoDraw=False, autoLog=True, bold=False, color=array([1., 1., 1.]), colorSpace='rgb', contrast=1.0, depth=-1.0, draggable=False, flipHoriz=False, flipVert=False, font='Sans Sherif', fontFiles=[], height=0.025, italic=False, languageStyle='LTR', name='instruction_startexp', opacity=1, ori=0.0, pos=array([0., 0.]), rgb=UNKNOWN, text='', units='height', win=Window(...), wrapWidth=1)
23.7460 	EXP 	Created instruction_startexp_2 = TextStim(__class__=<class 'psychopy.visual.text.TextStim'>, alignHoriz=method-wrapper(...), alignText='center', alignVert=method-wrapper(...), anchorHoriz='center', anchorVert='center', antialias=True, autoDraw=False, autoLog=True, bold=False, color=array([1., 1., 1.]), colorSpace='rgb', contrast=1.0, depth=-1.0, draggable=False, flipHoriz=False, flipVert=False, font='Sans Sherif', fontFiles=[], height=0.025, italic=False, languageStyle='LTR', name='instruction_startexp_2', opacity=1, ori=0.0, pos=array([0., 0.]), rgb=UNKNOWN, text='', units='height', win=Window(...), wrapWidth=1)
23.7516 	EXP 	Created image = ImageStim(__class__=<class 'psychopy.visual.image.ImageStim'>, anchor=('center', 'center'), autoLog=True, color=array([1., 1., 1.]), colorSpace='rgb', contrast=1.0, depth=-3.0, draggable=False, flipHoriz=False, flipVert=False, image='default.png', interpolate=True, mask=None, maskParams=None, name='image', opacity=1, ori=0.0, pos=array([0., 0.]), size=array([0.2, 0.2]), texRes=128.0, units='height', win=Window(...))
23.7946 	WARNING 	No default speaker specified in Preferences / Hardware, using first speaker found: Lautsprecher (Realtek(R) Audio)
23.7947 	DEBUG 	Found speaker device: Lautsprecher (Realtek(R) Audio) (4.0)
23.8146 	INFO 	Created stream for speaker device: Lautsprecher (Realtek(R) Audio) (4.0)
23.8168 	EXP 	spoken_word: sampleRate = 48000
23.8168 	EXP 	spoken_word: channels = None
23.8259 	DEBUG 	Converted audio clip from mono to stereo
23.8325 	EXP 	Sound spoken_word set volume 1.000
23.8355 	EXP 	Created fix_cross = TextStim(__class__=<class 'psychopy.visual.text.TextStim'>, alignHoriz=method-wrapper(...), alignText='center', alignVert=method-wrapper(...), anchorHoriz='center', anchorVert='center', antialias=True, autoDraw=False, autoLog=True, bold=False, color=array([1., 1., 1.]), colorSpace='rgb', contrast=1.0, depth=-4.0, draggable=False, flipHoriz=False, flipVert=False, font='Sans Sherif', fontFiles=[], height=0.03, italic=False, languageStyle='LTR', name='fix_cross', opacity=1, ori=0.0, pos=array([0., 0.]), rgb=UNKNOWN, text='+', units='height', win=Window(...), wrapWidth=1)
23.8375 	EXP 	Created fix_cross_2 = TextStim(__class__=<class 'psychopy.visual.text.TextStim'>, alignHoriz=method-wrapper(...), alignText='center', alignVert=method-wrapper(...), anchorHoriz='center', anchorVert='center', antialias=True, autoDraw=False, autoLog=True, bold=False, color=array([1., 1., 1.]), colorSpace='rgb', contrast=1.0, depth=-3.0, draggable=False, flipHoriz=False, flipVert=False, font='Sans Sherif', fontFiles=[], height=0.03, italic=False, languageStyle='LTR', name='fix_cross_2', opacity=1, ori=0.0, pos=array([0., 0.]), rgb=UNKNOWN, text='+', units='height', win=Window(...), wrapWidth=1)
23.8395 	EXP 	Created breaks_instruction = TextStim(__class__=<class 'psychopy.visual.text.TextStim'>, alignHoriz=method-wrapper(...), alignText='center', alignVert=method-wrapper(...), anchorHoriz='center', anchorVert='center', antialias=True, autoDraw=False, autoLog=True, bold=False, color=array([1., 1., 1.]), colorSpace='rgb', contrast=1.0, depth=-3.0, draggable=False, flipHoriz=False, flipVert=False, font='Sans Sherif', fontFiles=[], height=0.025, italic=False, languageStyle='LTR', name='breaks_instruction', opacity=1, ori=0.0, pos=array([0., 0.]), rgb=UNKNOWN, text='', units='height', win=Window(...), wrapWidth=1)
23.8792 	EXP 	Created progress_bar_breaks = Progress(__class__=<class 'psychopy.visual.progress.Progress'>, anchor=('left', 'center'), autoDraw=False, autoLog=True, closeShape=True, color=method-wrapper(...), colorSpace='rgb', contrast=None, depth=-6, draggable=False, fillColor=array([0, 0, 0]), fillColorSpace='rgb', fillRGB=array([0, 0, 0]), interpolate=True, lineColor=array([1., 1., 1.]), lineColorSpace='rgb', lineRGB=array([1, 1, 1]), lineWidth=4.0, name='progress_bar_breaks', opacity=1.0, ori=0.0, pos=array([-0.2 , -0.07]), size=array([0.4  , 0.015]), units='height', vertices=ndarray(...), win=Window(...), windingRule=None)
23.8814 	EXP 	Created progress_bar_breaksBar = ShapeStim(__class__=<class 'psychopy.visual.shape.ShapeStim'>, anchor=('left', 'center'), autoDraw=False, autoLog=True, closeShape=True, color=method-wrapper(...), colorSpace='rgb', contrast=None, depth=-6, draggable=False, fillColor=array([1, 1, 1]), fillColorSpace='rgb', fillRGB=array([1, 1, 1]), interpolate=True, lineColor=array([0., 0., 0.]), lineColorSpace='rgb', lineRGB=array([0, 0, 0]), lineWidth=1.5, name='progress_bar_breaksBar', opacity=1.0, ori=0.0, pos=array([-0.2 , -0.07]), size=array([0.4  , 0.015]), units='height', vertices=ndarray(...), win=Window(...), windingRule=None)
23.8834 	EXP 	Created instruction_continuebreak = TextStim(__class__=<class 'psychopy.visual.text.TextStim'>, alignHoriz=method-wrapper(...), alignText='center', alignVert=method-wrapper(...), anchorHoriz='center', anchorVert='center', antialias=True, autoDraw=False, autoLog=True, bold=False, color=array([1., 1., 1.]), colorSpace='rgb', contrast=1.0, depth=-8.0, draggable=False, flipHoriz=False, flipVert=False, font='Sans Sherif', fontFiles=[], height=0.025, italic=False, languageStyle='LTR', name='instruction_continuebreak', opacity=1, ori=0.0, pos=array([0., 0.]), rgb=UNKNOWN, text='', units='height', win=Window(...), wrapWidth=1)
23.8846 	EXP 	Created instruction_end = TextStim(__class__=<class 'psychopy.visual.text.TextStim'>, alignHoriz=method-wrapper(...), alignText='center', alignVert=method-wrapper(...), anchorHoriz='center', anchorVert='center', antialias=True, autoDraw=False, autoLog=True, bold=False, color=array([1., 1., 1.]), colorSpace='rgb', contrast=1.0, depth=-2.0, draggable=False, flipHoriz=False, flipVert=False, font='Sans Sherif', fontFiles=[], height=0.025, italic=False, languageStyle='LTR', name='instruction_end', opacity=1, ori=0.0, pos=array([0., 0.]), rgb=UNKNOWN, text='', units='height', win=Window(...), wrapWidth=1)
2026-07-31_15:36:44.895686 	EXP 	progress_bar_breaks: direction = 'horizontal'
2026-07-31_15:36:44.895686 	EXP 	progress_bar_breaks: progress = 0.0
2026-07-31_15:36:44.943848 	EXP 	instruction_part1: height = 0.025
2026-07-31_15:36:44.943848 	EXP 	instruction_part1: height = 0.025
2026-07-31_15:36:44.943848 	EXP 	instruction_part1: height = 0.025
2026-07-31_15:36:44.943848 	EXP 	instruction_part1: text = 'Willkommen zum ersten Teil des Experiments.\nIn diesem Teil sehen Sie verschiedene Bilder\nund hören Wörter.\nIhre Aufgabe ist es zu entscheiden, ob die Wörter\ndie Dinge beschreiben, die Sie auf den Bildern sehen.\n\n[Drücken Sie eine beliebige Taste, um fortzufahren.]'
2026-07-31_15:36:44.943848 	EXP 	instruction_part1: autoDraw = True
2026-07-31_15:36:45.413161 	INFO 	Keyboard events cleared
2026-07-31_15:36:50.583051 	DATA 	Mouse: Left button down, pos=(480,350)
2026-07-31_15:36:50.683252 	DATA 	Mouse:  Left button up, pos=(480,350)
2026-07-31_15:36:51.901959 	EXP 	Device response: <KeyPress from None: t=6.936378200000036, value=r, duration=None>
2026-07-31_15:36:51.903291 	DATA 	Keypress: r
2026-07-31_15:36:51.931103 	EXP 	Device response: <KeyPress from None: t=6.936378200000036, value=r, duration=0.10813019999841345>
2026-07-31_15:36:51.961658 	EXP 	instruction_part1: autoDraw = False
2026-07-31_15:36:51.961658 	EXP 	instruction_part2: height = 0.025
2026-07-31_15:36:51.961658 	EXP 	instruction_part2: height = 0.025
2026-07-31_15:36:51.961658 	EXP 	instruction_part2: height = 0.025
2026-07-31_15:36:51.961658 	EXP 	instruction_part2: text = 'Sie sehen zuerst ein Bild.\nDanach hören Sie ein gesprochenes Wort.\nEntscheiden Sie, ob das Wort zu dem Bild passt oder nicht.\n\n[Drücken Sie eine beliebige Taste, um fortzufahren.]'
2026-07-31_15:36:51.961658 	EXP 	instruction_part2: autoDraw = True
2026-07-31_15:36:52.014189 	EXP 	Device response: <KeyPress from None: t=7.135911400000623, value=r, duration=None>
2026-07-31_15:36:52.015506 	DATA 	Keypress: r
2026-07-31_15:36:52.113548 	EXP 	Device response: <KeyPress from None: t=7.135911400000623, value=r, duration=0.0911469999991823>
2026-07-31_15:36:52.164118 	EXP 	Device response: <KeyPress from None: t=7.281450599999516, value=r, duration=None>
2026-07-31_15:36:52.164688 	DATA 	Keypress: r
2026-07-31_15:36:52.401765 	EXP 	Device response: <KeyPress from None: t=7.281450599999516, value=r, duration=0.2382294000017282>
2026-07-31_15:36:52.444262 	INFO 	Keyboard events cleared
2026-07-31_15:36:52.512931 	EXP 	Device response: <KeyPress from None: t=7.625092800000857, value=r, duration=None>
2026-07-31_15:36:52.513782 	DATA 	Keypress: r
2026-07-31_15:36:52.736347 	EXP 	Device response: <KeyPress from None: t=7.625092800000857, value=r, duration=0.22265759999936563>
2026-07-31_15:36:52.775861 	EXP 	instruction_part2: autoDraw = False
2026-07-31_15:36:52.775861 	EXP 	instruction_part3: height = 0.025
2026-07-31_15:36:52.775861 	EXP 	instruction_part3: height = 0.025
2026-07-31_15:36:52.775861 	EXP 	instruction_part3: height = 0.025
2026-07-31_15:36:52.775861 	EXP 	instruction_part3: text = 'Wenn das Wort nicht zu dem Bild passt, reagieren Sie bitte sofort.\nDrücken Sie die obere Taste (rot), wenn das Wort\nnicht zu dem Bild passt, das Sie gerade gesehen haben.\n\nWenn das Wort zu dem Bild passt, drücken Sie keine Taste.\n\nDas Fixationskreuz verändert kurz seine Farbe,\num anzuzeigen, ob Ihre Antwort richtig war.\n\n[Drücken Sie eine beliebige Taste, um fortzufahren.]'
2026-07-31_15:36:52.775861 	EXP 	instruction_part3: autoDraw = True
2026-07-31_15:36:52.779896 	EXP 	Device response: <KeyPress from None: t=7.890045399999508, value=r, duration=None>
2026-07-31_15:36:52.781136 	DATA 	Keypress: r
2026-07-31_15:36:52.980635 	EXP 	Device response: <KeyPress from None: t=7.890045399999508, value=r, duration=0.21248199999899953>
2026-07-31_15:36:53.082886 	EXP 	Device response: <KeyPress from None: t=8.18889180000042, value=r, duration=None>
2026-07-31_15:36:53.083914 	DATA 	Keypress: r
2026-07-31_15:36:53.164080 	EXP 	Device response: <KeyPress from None: t=8.18889180000042, value=r, duration=0.09612919999926817>
2026-07-31_15:36:53.245294 	INFO 	Keyboard events cleared
2026-07-31_15:36:53.248561 	DATA 	Keypress: r
2026-07-31_15:36:53.413172 	EXP 	Device response: <KeyPress from None: t=8.53750890000083, value=r, duration=None>
2026-07-31_15:36:53.413931 	DATA 	Keypress: r
2026-07-31_15:36:53.502638 	EXP 	Device response: <KeyPress from None: t=8.53750890000083, value=r, duration=0.0760865999982343>
2026-07-31_15:36:53.524618 	EXP 	instruction_part3: autoDraw = False
2026-07-31_15:36:53.524618 	EXP 	instruction_part4: height = 0.025
2026-07-31_15:36:53.524618 	EXP 	instruction_part4: height = 0.025
2026-07-31_15:36:53.524618 	EXP 	instruction_part4: height = 0.025
2026-07-31_15:36:53.524618 	EXP 	instruction_part4: text = 'Bitte antworten Sie so schnell und genau wie möglich.\nWir beginnen nun mit einigen Übungsdurchgängen.\nNutzen Sie die obere Taste (rot) für Nicht-Übereinstimmungen.\n\n[Drücken Sie eine beliebige Taste, um fortzufahren.]'
2026-07-31_15:36:53.524618 	EXP 	instruction_part4: autoDraw = True
2026-07-31_15:36:54.011341 	INFO 	Keyboard events cleared
2026-07-31_15:36:54.015617 	DATA 	Keypress: r
2026-07-31_15:36:54.213350 	EXP 	Device response: <KeyPress from None: t=9.325987899999745, value=r, duration=None>
2026-07-31_15:36:54.214165 	DATA 	Keypress: r
2026-07-31_15:36:54.267410 	EXP 	Device response: <KeyPress from None: t=9.325987899999745, value=r, duration=0.06184619999839924>
2026-07-31_15:36:54.277040 	DEBUG 	Read excel file with openpyxl: sequences/localiser_trials_prc.xlsx
2026-07-31_15:36:54.278532 	EXP 	Imported sequences/localiser_trials_prc.xlsx as conditions, 11 conditions, 8 params
2026-07-31_15:36:54.279038 	EXP 	New trial (rep=0, index=0): <Trial 0 (0 in rep 0) data={'image_shown': 'anchor.jpg', 'word_shown_german': 'Anker', 'word_shown_french': 'ancre', 'word_shown_english': 'anchor', 'ITI_length': 0.75, 'correct_response': 'y', 'match_idx': 1, 'nonmatch_pres_side': 'right', 'thisN': 0, 'thisTrialN': 0, 'thisRepN': 0}>
2026-07-31_15:36:54.349167 	EXP 	instruction_part4: autoDraw = False
2026-07-31_15:36:54.349167 	EXP 	image_prc: image = 'stimuli\\practice_images\\anchor.jpg'
2026-07-31_15:36:54.349167 	EXP 	image_prc: autoDraw = True
2026-07-31_15:36:54.368271 	EXP 	Device response: <KeyPress from None: t=9.488917800001218, value=r, duration=None>
2026-07-31_15:36:54.368876 	DATA 	Keypress: r
2026-07-31_15:36:54.430438 	EXP 	Device response: <KeyPress from None: t=9.488917800001218, value=r, duration=0.058634999997593695>
2026-07-31_15:36:54.530181 	EXP 	Device response: <KeyPress from None: t=9.647357099998771, value=r, duration=None>
2026-07-31_15:36:54.530698 	DATA 	Keypress: r
2026-07-31_15:36:54.587300 	EXP 	Device response: <KeyPress from None: t=9.647357099998771, value=r, duration=0.06367970000064815>
2026-07-31_15:36:55.125387 	EXP 	spoken_word_prc: sampleRate = 44100
2026-07-31_15:36:55.133972 	INFO 	Resampled audio from 44100Hz to 48000Hz using method 'default'.
2026-07-31_15:36:55.134051 	DEBUG 	Converted audio clip from mono to stereo
2026-07-31_15:36:55.135691 	EXP 	Sound spoken_word_prc reached end of file
10.2685 	EXP 	Playing sound spoken_word_prc on speaker Lautsprecher (Realtek(R) Audio)
2026-07-31_15:36:55.158960 	INFO 	Keyboard events cleared
2026-07-31_15:36:55.158811 	EXP 	image_prc: autoDraw = False
2026-07-31_15:36:55.158811 	EXP 	image_prc: autoDraw = False
2026-07-31_15:36:55.158811 	EXP 	fix_cross_prc: foreColor = <psychopy.colors.Color: white, alpha=1.0>
2026-07-31_15:36:55.158811 	EXP 	fix_cross_prc: autoDraw = True
2026-07-31_15:36:55.685424 	EXP 	Sound spoken_word_prc reached end of file
2026-07-31_15:36:55.695390 	EXP 	Sound spoken_word_prc reached end of file
2026-07-31_15:36:56.609758 	EXP 	fix_cross_prc: foreColor = <psychopy.colors.Color: green, alpha=1.0>
2026-07-31_15:36:56.831564 	EXP 	fix_cross_prc: autoDraw = False
2026-07-31_15:36:56.831564 	EXP 	fix_cross_2_prc: autoDraw = True
2026-07-31_15:36:57.581722 	EXP 	New trial (rep=0, index=1): <Trial 1 (1 in rep 0) data={'image_shown': 'ant.jpg', 'word_shown_german': 'Ameise', 'word_shown_french': 'fourmi', 'word_shown_english': 'ant', 'ITI_length': 0.89, 'correct_response': 'r', 'match_idx': 1, 'nonmatch_pres_side': 'left', 'thisN': 1, 'thisTrialN': 1, 'thisRepN': 0}>
2026-07-31_15:36:57.627636 	EXP 	fix_cross_2_prc: autoDraw = False
2026-07-31_15:36:57.627636 	EXP 	fix_cross_2_prc: autoDraw = False
2026-07-31_15:36:57.627636 	EXP 	image_prc: image = 'stimuli\\practice_images\\ant.jpg'
2026-07-31_15:36:57.627636 	EXP 	image_prc: autoDraw = True
2026-07-31_15:36:58.366405 	EXP 	spoken_word_prc: sampleRate = 44100
2026-07-31_15:36:58.376322 	INFO 	Resampled audio from 44100Hz to 48000Hz using method 'default'.
2026-07-31_15:36:58.376408 	DEBUG 	Converted audio clip from mono to stereo
2026-07-31_15:36:58.377611 	EXP 	Sound spoken_word_prc reached end of file
13.5030 	EXP 	Playing sound spoken_word_prc on speaker Lautsprecher (Realtek(R) Audio)
2026-07-31_15:36:58.392083 	INFO 	Keyboard events cleared
2026-07-31_15:36:58.391959 	EXP 	image_prc: autoDraw = False
2026-07-31_15:36:58.391959 	EXP 	image_prc: autoDraw = False
2026-07-31_15:36:58.391959 	EXP 	fix_cross_prc: foreColor = <psychopy.colors.Color: white, alpha=1.0>
2026-07-31_15:36:58.391959 	EXP 	fix_cross_prc: autoDraw = True
2026-07-31_15:36:59.083943 	EXP 	Sound spoken_word_prc reached end of file
2026-07-31_15:36:59.097348 	EXP 	Sound spoken_word_prc reached end of file
2026-07-31_15:36:59.891664 	EXP 	fix_cross_prc: foreColor = <psychopy.colors.Color: green, alpha=1.0>
2026-07-31_15:37:00.108456 	EXP 	fix_cross_prc: autoDraw = False
2026-07-31_15:37:00.108456 	EXP 	fix_cross_2_prc: autoDraw = True
2026-07-31_15:37:00.995610 	EXP 	New trial (rep=0, index=2): <Trial 2 (2 in rep 0) data={'image_shown': 'axe.jpg', 'word_shown_german': 'Pferd', 'word_shown_french': 'cheval', 'word_shown_english': 'horse', 'ITI_length': 0.85, 'correct_response': 'y', 'match_idx': 0, 'nonmatch_pres_side': 'left', 'thisN': 2, 'thisTrialN': 2, 'thisRepN': 0}>
2026-07-31_15:37:01.064280 	EXP 	fix_cross_2_prc: autoDraw = False
2026-07-31_15:37:01.064280 	EXP 	fix_cross_2_prc: autoDraw = False
2026-07-31_15:37:01.064280 	EXP 	image_prc: image = 'stimuli\\practice_images\\axe.jpg'
2026-07-31_15:37:01.064280 	EXP 	image_prc: autoDraw = True
2026-07-31_15:37:01.824023 	EXP 	spoken_word_prc: sampleRate = 44100
2026-07-31_15:37:01.829499 	INFO 	Resampled audio from 44100Hz to 48000Hz using method 'default'.
2026-07-31_15:37:01.829657 	DEBUG 	Converted audio clip from mono to stereo
2026-07-31_15:37:01.831296 	EXP 	Sound spoken_word_prc reached end of file
16.9565 	EXP 	Playing sound spoken_word_prc on speaker Lautsprecher (Realtek(R) Audio)
2026-07-31_15:37:01.842728 	INFO 	Keyboard events cleared
2026-07-31_15:37:01.842329 	EXP 	image_prc: autoDraw = False
2026-07-31_15:37:01.842329 	EXP 	image_prc: autoDraw = False
2026-07-31_15:37:01.842329 	EXP 	fix_cross_prc: foreColor = <psychopy.colors.Color: white, alpha=1.0>
2026-07-31_15:37:01.842329 	EXP 	fix_cross_prc: autoDraw = True
2026-07-31_15:37:02.373592 	EXP 	Sound spoken_word_prc reached end of file
2026-07-31_15:37:02.394954 	EXP 	Sound spoken_word_prc reached end of file
2026-07-31_15:37:03.356844 	EXP 	fix_cross_prc: foreColor = <psychopy.colors.Color: red, alpha=1.0>
2026-07-31_15:37:03.563377 	EXP 	fix_cross_prc: autoDraw = False
2026-07-31_15:37:03.563377 	EXP 	fix_cross_2_prc: autoDraw = True
2026-07-31_15:37:04.413473 	EXP 	New trial (rep=0, index=3): <Trial 3 (3 in rep 0) data={'image_shown': 'bus.jpg', 'word_shown_german': 'Bus', 'word_shown_french': 'bus', 'word_shown_english': 'bus', 'ITI_length': 1.01, 'correct_response': 'y', 'match_idx': 1, 'nonmatch_pres_side': 'right', 'thisN': 3, 'thisTrialN': 3, 'thisRepN': 0}>
2026-07-31_15:37:04.481749 	EXP 	fix_cross_2_prc: autoDraw = False
2026-07-31_15:37:04.481749 	EXP 	fix_cross_2_prc: autoDraw = False
2026-07-31_15:37:04.481749 	EXP 	image_prc: image = 'stimuli\\practice_images\\bus.jpg'
2026-07-31_15:37:04.481749 	EXP 	image_prc: autoDraw = True
2026-07-31_15:37:05.232005 	EXP 	spoken_word_prc: sampleRate = 44100
2026-07-31_15:37:05.237936 	INFO 	Resampled audio from 44100Hz to 48000Hz using method 'default'.
2026-07-31_15:37:05.238008 	DEBUG 	Converted audio clip from mono to stereo
2026-07-31_15:37:05.239617 	EXP 	Sound spoken_word_prc reached end of file
20.3654 	EXP 	Playing sound spoken_word_prc on speaker Lautsprecher (Realtek(R) Audio)
2026-07-31_15:37:05.277175 	INFO 	Keyboard events cleared
2026-07-31_15:37:05.276775 	EXP 	image_prc: autoDraw = False
2026-07-31_15:37:05.276775 	EXP 	image_prc: autoDraw = False
2026-07-31_15:37:05.276775 	EXP 	fix_cross_prc: foreColor = <psychopy.colors.Color: white, alpha=1.0>
2026-07-31_15:37:05.276775 	EXP 	fix_cross_prc: autoDraw = True
2026-07-31_15:37:05.715863 	EXP 	Sound spoken_word_prc reached end of file
2026-07-31_15:37:05.739113 	EXP 	Sound spoken_word_prc reached end of file
2026-07-31_15:37:06.751942 	EXP 	fix_cross_prc: foreColor = <psychopy.colors.Color: green, alpha=1.0>
2026-07-31_15:37:06.970809 	EXP 	fix_cross_prc: autoDraw = False
2026-07-31_15:37:06.970809 	EXP 	fix_cross_2_prc: autoDraw = True
2026-07-31_15:37:07.821526 	DATA 	Mouse: Left button down, pos=(474,157)
2026-07-31_15:37:07.912025 	DATA 	Mouse:  Left button up, pos=(474,157)
2026-07-31_15:37:07.994243 	EXP 	New trial (rep=0, index=4): <Trial 4 (4 in rep 0) data={'image_shown': 'ball.jpg', 'word_shown_german': 'Gesicht', 'word_shown_french': 'visage', 'word_shown_english': 'face', 'ITI_length': 1.04, 'correct_response': 'r', 'match_idx': 0, 'nonmatch_pres_side': 'right', 'thisN': 4, 'thisTrialN': 4, 'thisRepN': 0}>
2026-07-31_15:37:08.059002 	EXP 	fix_cross_2_prc: autoDraw = False
2026-07-31_15:37:08.059002 	EXP 	fix_cross_2_prc: autoDraw = False
2026-07-31_15:37:08.059002 	EXP 	image_prc: image = 'stimuli\\practice_images\\ball.jpg'
2026-07-31_15:37:08.059002 	EXP 	image_prc: autoDraw = True
2026-07-31_15:37:08.838523 	EXP 	spoken_word_prc: sampleRate = 44100
2026-07-31_15:37:08.841355 	INFO 	Resampled audio from 44100Hz to 48000Hz using method 'default'.
2026-07-31_15:37:08.841400 	DEBUG 	Converted audio clip from mono to stereo
2026-07-31_15:37:08.842552 	EXP 	Sound spoken_word_prc reached end of file
23.9777 	EXP 	Playing sound spoken_word_prc on speaker Lautsprecher (Realtek(R) Audio)
2026-07-31_15:37:08.854637 	INFO 	Keyboard events cleared
2026-07-31_15:37:08.854496 	EXP 	image_prc: autoDraw = False
2026-07-31_15:37:08.854496 	EXP 	image_prc: autoDraw = False
2026-07-31_15:37:08.854496 	EXP 	fix_cross_prc: foreColor = <psychopy.colors.Color: white, alpha=1.0>
2026-07-31_15:37:08.854496 	EXP 	fix_cross_prc: autoDraw = True
2026-07-31_15:37:09.463228 	EXP 	Sound spoken_word_prc reached end of file
2026-07-31_15:37:09.474551 	EXP 	Sound spoken_word_prc reached end of file
2026-07-31_15:37:10.325639 	EXP 	fix_cross_prc: foreColor = <psychopy.colors.Color: red, alpha=1.0>
2026-07-31_15:37:10.537709 	EXP 	fix_cross_prc: autoDraw = False
2026-07-31_15:37:10.537709 	EXP 	fix_cross_2_prc: autoDraw = True
2026-07-31_15:37:11.575545 	EXP 	New trial (rep=0, index=5): <Trial 5 (5 in rep 0) data={'image_shown': 'banana.jpg', 'word_shown_german': 'Banane', 'word_shown_french': 'banane', 'word_shown_english': 'banana', 'ITI_length': 0.99, 'correct_response': 'y', 'match_idx': 1, 'nonmatch_pres_side': 'right', 'thisN': 5, 'thisTrialN': 5, 'thisRepN': 0}>
2026-07-31_15:37:11.625284 	EXP 	fix_cross_2_prc: autoDraw = False
2026-07-31_15:37:11.625284 	EXP 	fix_cross_2_prc: autoDraw = False
2026-07-31_15:37:11.625284 	EXP 	image_prc: image = 'stimuli\\practice_images\\banana.jpg'
2026-07-31_15:37:11.625284 	EXP 	image_prc: autoDraw = True
2026-07-31_15:37:12.380791 	EXP 	spoken_word_prc: sampleRate = 44100
2026-07-31_15:37:12.387568 	INFO 	Resampled audio from 44100Hz to 48000Hz using method 'default'.
2026-07-31_15:37:12.387604 	DEBUG 	Converted audio clip from mono to stereo
2026-07-31_15:37:12.388698 	EXP 	Sound spoken_word_prc reached end of file
27.5292 	EXP 	Playing sound spoken_word_prc on speaker Lautsprecher (Realtek(R) Audio)
2026-07-31_15:37:12.403936 	INFO 	Keyboard events cleared
2026-07-31_15:37:12.403832 	EXP 	image_prc: autoDraw = False
2026-07-31_15:37:12.403832 	EXP 	image_prc: autoDraw = False
2026-07-31_15:37:12.403832 	EXP 	fix_cross_prc: foreColor = <psychopy.colors.Color: white, alpha=1.0>
2026-07-31_15:37:12.403832 	EXP 	fix_cross_prc: autoDraw = True
2026-07-31_15:37:13.031971 	EXP 	Sound spoken_word_prc reached end of file
2026-07-31_15:37:13.056164 	EXP 	Sound spoken_word_prc reached end of file
2026-07-31_15:37:13.904256 	EXP 	fix_cross_prc: foreColor = <psychopy.colors.Color: green, alpha=1.0>
2026-07-31_15:37:14.104789 	EXP 	fix_cross_prc: autoDraw = False
2026-07-31_15:37:14.104789 	EXP 	fix_cross_2_prc: autoDraw = True
2026-07-31_15:37:15.090313 	EXP 	New trial (rep=0, index=6): <Trial 6 (6 in rep 0) data={'image_shown': 'glasses.jpg', 'word_shown_german': 'Brille', 'word_shown_french': 'lunettes', 'word_shown_english': 'glasses', 'ITI_length': 0.79, 'correct_response': 'r', 'match_idx': 1, 'nonmatch_pres_side': 'left', 'thisN': 6, 'thisTrialN': 6, 'thisRepN': 0}>
2026-07-31_15:37:15.138886 	EXP 	fix_cross_2_prc: autoDraw = False
2026-07-31_15:37:15.138886 	EXP 	fix_cross_2_prc: autoDraw = False
2026-07-31_15:37:15.138886 	EXP 	image_prc: image = 'stimuli\\practice_images\\glasses.jpg'
2026-07-31_15:37:15.138886 	EXP 	image_prc: autoDraw = True
2026-07-31_15:37:15.898070 	EXP 	spoken_word_prc: sampleRate = 44100
2026-07-31_15:37:15.902551 	INFO 	Resampled audio from 44100Hz to 48000Hz using method 'default'.
2026-07-31_15:37:15.902596 	DEBUG 	Converted audio clip from mono to stereo
2026-07-31_15:37:15.903380 	EXP 	Sound spoken_word_prc reached end of file
31.0288 	EXP 	Playing sound spoken_word_prc on speaker Lautsprecher (Realtek(R) Audio)
2026-07-31_15:37:15.920715 	INFO 	Keyboard events cleared
2026-07-31_15:37:15.920483 	EXP 	image_prc: autoDraw = False
2026-07-31_15:37:15.920483 	EXP 	image_prc: autoDraw = False
2026-07-31_15:37:15.920483 	EXP 	fix_cross_prc: foreColor = <psychopy.colors.Color: white, alpha=1.0>
2026-07-31_15:37:15.920483 	EXP 	fix_cross_prc: autoDraw = True
2026-07-31_15:37:16.397278 	EXP 	Sound spoken_word_prc reached end of file
2026-07-31_15:37:16.422128 	EXP 	Sound spoken_word_prc reached end of file
2026-07-31_15:37:17.419938 	EXP 	fix_cross_prc: foreColor = <psychopy.colors.Color: green, alpha=1.0>
2026-07-31_15:37:17.637470 	EXP 	fix_cross_prc: autoDraw = False
2026-07-31_15:37:17.637470 	EXP 	fix_cross_2_prc: autoDraw = True
2026-07-31_15:37:18.423963 	EXP 	New trial (rep=0, index=7): <Trial 7 (7 in rep 0) data={'image_shown': 'basket.jpg', 'word_shown_german': 'Korb', 'word_shown_french': 'panier', 'word_shown_english': 'basket', 'ITI_length': 0.77, 'correct_response': 'y', 'match_idx': 1, 'nonmatch_pres_side': 'right', 'thisN': 7, 'thisTrialN': 7, 'thisRepN': 0}>
2026-07-31_15:37:18.488113 	EXP 	fix_cross_2_prc: autoDraw = False
2026-07-31_15:37:18.488113 	EXP 	fix_cross_2_prc: autoDraw = False
2026-07-31_15:37:18.488113 	EXP 	image_prc: image = 'stimuli\\practice_images\\basket.jpg'
2026-07-31_15:37:18.488113 	EXP 	image_prc: autoDraw = True
2026-07-31_15:37:19.240435 	EXP 	spoken_word_prc: sampleRate = 44100
2026-07-31_15:37:19.243519 	INFO 	Resampled audio from 44100Hz to 48000Hz using method 'default'.
2026-07-31_15:37:19.243556 	DEBUG 	Converted audio clip from mono to stereo
2026-07-31_15:37:19.244406 	EXP 	Sound spoken_word_prc reached end of file
34.3759 	EXP 	Playing sound spoken_word_prc on speaker Lautsprecher (Realtek(R) Audio)
2026-07-31_15:37:19.267797 	INFO 	Keyboard events cleared
2026-07-31_15:37:19.267573 	EXP 	image_prc: autoDraw = False
2026-07-31_15:37:19.267573 	EXP 	image_prc: autoDraw = False
2026-07-31_15:37:19.267573 	EXP 	fix_cross_prc: foreColor = <psychopy.colors.Color: white, alpha=1.0>
2026-07-31_15:37:19.267573 	EXP 	fix_cross_prc: autoDraw = True
2026-07-31_15:37:19.718775 	EXP 	Sound spoken_word_prc reached end of file
2026-07-31_15:37:19.740263 	EXP 	Sound spoken_word_prc reached end of file
2026-07-31_15:37:20.752696 	EXP 	fix_cross_prc: foreColor = <psychopy.colors.Color: green, alpha=1.0>
2026-07-31_15:37:20.973505 	EXP 	fix_cross_prc: autoDraw = False
2026-07-31_15:37:20.973505 	EXP 	fix_cross_2_prc: autoDraw = True
2026-07-31_15:37:21.737120 	EXP 	New trial (rep=0, index=8): <Trial 8 (8 in rep 0) data={'image_shown': 'bear.jpg', 'word_shown_german': 'Milch', 'word_shown_french': 'lait', 'word_shown_english': 'milk', 'ITI_length': 1.23, 'correct_response': 'r', 'match_idx': 0, 'nonmatch_pres_side': 'right', 'thisN': 8, 'thisTrialN': 8, 'thisRepN': 0}>
2026-07-31_15:37:21.787871 	EXP 	fix_cross_2_prc: autoDraw = False
2026-07-31_15:37:21.787871 	EXP 	fix_cross_2_prc: autoDraw = False
2026-07-31_15:37:21.787871 	EXP 	image_prc: image = 'stimuli\\practice_images\\bear.jpg'
2026-07-31_15:37:21.787871 	EXP 	image_prc: autoDraw = True
2026-07-31_15:37:22.541780 	EXP 	spoken_word_prc: sampleRate = 44100
2026-07-31_15:37:22.546194 	INFO 	Resampled audio from 44100Hz to 48000Hz using method 'default'.
2026-07-31_15:37:22.546263 	DEBUG 	Converted audio clip from mono to stereo
2026-07-31_15:37:22.547549 	EXP 	Sound spoken_word_prc reached end of file
37.6771 	EXP 	Playing sound spoken_word_prc on speaker Lautsprecher (Realtek(R) Audio)
2026-07-31_15:37:22.568247 	INFO 	Keyboard events cleared
2026-07-31_15:37:22.567995 	EXP 	image_prc: autoDraw = False
2026-07-31_15:37:22.567995 	EXP 	image_prc: autoDraw = False
2026-07-31_15:37:22.567995 	EXP 	fix_cross_prc: foreColor = <psychopy.colors.Color: white, alpha=1.0>
2026-07-31_15:37:22.567995 	EXP 	fix_cross_prc: autoDraw = True
2026-07-31_15:37:23.087831 	EXP 	Sound spoken_word_prc reached end of file
2026-07-31_15:37:23.103393 	EXP 	Sound spoken_word_prc reached end of file
2026-07-31_15:37:24.068248 	EXP 	fix_cross_prc: foreColor = <psychopy.colors.Color: red, alpha=1.0>
2026-07-31_15:37:24.284444 	EXP 	fix_cross_prc: autoDraw = False
2026-07-31_15:37:24.284444 	EXP 	fix_cross_2_prc: autoDraw = True
2026-07-31_15:37:25.502841 	EXP 	New trial (rep=0, index=9): <Trial 9 (9 in rep 0) data={'image_shown': 'belt.jpg', 'word_shown_german': 'Gürtel', 'word_shown_french': 'ceinture', 'word_shown_english': 'belt', 'ITI_length': 1.1, 'correct_response': 'y', 'match_idx': 1, 'nonmatch_pres_side': 'left', 'thisN': 9, 'thisTrialN': 9, 'thisRepN': 0}>
2026-07-31_15:37:25.554026 	EXP 	fix_cross_2_prc: autoDraw = False
2026-07-31_15:37:25.554026 	EXP 	fix_cross_2_prc: autoDraw = False
2026-07-31_15:37:25.554026 	EXP 	image_prc: image = 'stimuli\\practice_images\\belt.jpg'
2026-07-31_15:37:25.554026 	EXP 	image_prc: autoDraw = True
2026-07-31_15:37:26.309686 	EXP 	spoken_word_prc: sampleRate = 48000
2026-07-31_15:37:26.310727 	DEBUG 	Converted audio clip from mono to stereo
2026-07-31_15:37:26.311533 	EXP 	Sound spoken_word_prc reached end of file
41.4417 	EXP 	Playing sound spoken_word_prc on speaker Lautsprecher (Realtek(R) Audio)
2026-07-31_15:37:26.332771 	INFO 	Keyboard events cleared
2026-07-31_15:37:26.332487 	EXP 	image_prc: autoDraw = False
2026-07-31_15:37:26.332487 	EXP 	image_prc: autoDraw = False
2026-07-31_15:37:26.332487 	EXP 	fix_cross_prc: foreColor = <psychopy.colors.Color: white, alpha=1.0>
2026-07-31_15:37:26.332487 	EXP 	fix_cross_prc: autoDraw = True
2026-07-31_15:37:26.880022 	EXP 	Sound spoken_word_prc reached end of file
2026-07-31_15:37:26.901896 	EXP 	Sound spoken_word_prc reached end of file
2026-07-31_15:37:27.815425 	EXP 	fix_cross_prc: foreColor = <psychopy.colors.Color: green, alpha=1.0>
2026-07-31_15:37:28.033474 	EXP 	fix_cross_prc: autoDraw = False
2026-07-31_15:37:28.033474 	EXP 	fix_cross_2_prc: autoDraw = True
2026-07-31_15:37:29.121005 	EXP 	New trial (rep=0, index=10): <Trial 10 (10 in rep 0) data={'image_shown': 'bike.jpg', 'word_shown_german': 'Fahrrad', 'word_shown_french': 'vélo', 'word_shown_english': 'bicycle', 'ITI_length': 1.25, 'correct_response': 'y', 'match_idx': 1, 'nonmatch_pres_side': 'left', 'thisN': 10, 'thisTrialN': 10, 'thisRepN': 0}>
2026-07-31_15:37:29.169325 	EXP 	fix_cross_2_prc: autoDraw = False
2026-07-31_15:37:29.169325 	EXP 	fix_cross_2_prc: autoDraw = False
2026-07-31_15:37:29.169325 	EXP 	image_prc: image = 'stimuli\\practice_images\\bike.jpg'
2026-07-31_15:37:29.169325 	EXP 	image_prc: autoDraw = True
2026-07-31_15:37:29.921377 	EXP 	spoken_word_prc: sampleRate = 48000
2026-07-31_15:37:29.922417 	DEBUG 	Converted audio clip from mono to stereo
2026-07-31_15:37:29.923096 	EXP 	Sound spoken_word_prc reached end of file
45.0577 	EXP 	Playing sound spoken_word_prc on speaker Lautsprecher (Realtek(R) Audio)
2026-07-31_15:37:29.936608 	INFO 	Keyboard events cleared
2026-07-31_15:37:29.936384 	EXP 	image_prc: autoDraw = False
2026-07-31_15:37:29.936384 	EXP 	image_prc: autoDraw = False
2026-07-31_15:37:29.936384 	EXP 	fix_cross_prc: foreColor = <psychopy.colors.Color: white, alpha=1.0>
2026-07-31_15:37:29.936384 	EXP 	fix_cross_prc: autoDraw = True
2026-07-31_15:37:30.617470 	EXP 	Sound spoken_word_prc reached end of file
2026-07-31_15:37:30.635142 	EXP 	Sound spoken_word_prc reached end of file
2026-07-31_15:37:31.449269 	EXP 	fix_cross_prc: foreColor = <psychopy.colors.Color: green, alpha=1.0>
2026-07-31_15:37:31.648399 	EXP 	fix_cross_prc: autoDraw = False
2026-07-31_15:37:31.648399 	EXP 	fix_cross_2_prc: autoDraw = True
2026-07-31_15:37:33.048620 	INFO 	saved data to C:\sync_folder\TSRlearn-task\psychopy_exp_files\data\0_TSRlearn_localizer-concepts_2026-07-31_15h36.29.854_trials_practice.csv
2026-07-31_15:37:33.078651 	EXP 	fix_cross_2_prc: autoDraw = False
2026-07-31_15:37:33.078651 	EXP 	fix_cross_2_prc: autoDraw = False
2026-07-31_15:37:33.078651 	EXP 	instruction_startexp: height = 0.025
2026-07-31_15:37:33.078651 	EXP 	instruction_startexp: height = 0.025
2026-07-31_15:37:33.078651 	EXP 	instruction_startexp: height = 0.025
2026-07-31_15:37:33.078651 	EXP 	instruction_startexp: text = 'Sie haben alle Übungsdurchgänge abgeschlossen.\n\nDie Hauptaufgabe beginnt jetzt.\n\nDrücken Sie immer die obere Taste (rot), wenn das Wort\nnicht zu dem vorherigen Bild passt.\n\n[Drücken Sie eine beliebige Taste, um weiterzumachen.]'
2026-07-31_15:37:33.078651 	EXP 	instruction_startexp: autoDraw = True
2026-07-31_15:37:33.398663 	INFO 	Keyboard events cleared
2026-07-31_15:37:34.534500 	DATA 	Mouse: Left button down, pos=(474,157)
2026-07-31_15:37:34.686833 	DATA 	Mouse:  Left button up, pos=(474,157)
2026-07-31_15:37:35.218221 	DATA 	Keypress: f
2026-07-31_15:37:35.233672 	EXP 	Device response: <KeyPress from None: t=50.34182789999977, value=f, duration=None>
2026-07-31_15:37:35.384431 	EXP 	Device response: <KeyPress from None: t=50.34182789999977, value=f, duration=0.1669179999989865>
2026-07-31_15:37:35.668157 	EXP 	Device response: <KeyPress from None: t=50.77782500000103, value=f, duration=None>
2026-07-31_15:37:35.669463 	DATA 	Keypress: f
2026-07-31_15:37:35.767455 	EXP 	Device response: <KeyPress from None: t=50.77782500000103, value=f, duration=0.11208909999913885>
2026-07-31_15:37:36.899893 	EXP 	Device response: <KeyPress from None: t=52.0142706000006, value=f, duration=None>
2026-07-31_15:37:36.901207 	DATA 	Keypress: f
2026-07-31_15:37:37.000511 	EXP 	Device response: <KeyPress from None: t=52.0142706000006, value=f, duration=0.1023745999991661>
2026-07-31_15:37:37.133427 	EXP 	Device response: <KeyPress from None: t=52.243172099999356, value=f, duration=None>
2026-07-31_15:37:37.134630 	DATA 	Keypress: f
2026-07-31_15:37:37.233113 	EXP 	Device response: <KeyPress from None: t=52.243172099999356, value=f, duration=0.10991920000014943>
2026-07-31_15:37:37.349303 	EXP 	Device response: <KeyPress from None: t=52.46988870000132, value=f, duration=None>
2026-07-31_15:37:37.349996 	DATA 	Keypress: f
2026-07-31_15:37:37.470633 	EXP 	Device response: <KeyPress from None: t=52.46988870000132, value=f, duration=0.11982849999913014>
2026-07-31_15:37:37.598595 	EXP 	Device response: <KeyPress from None: t=52.71869299999889, value=f, duration=None>
2026-07-31_15:37:37.599566 	DATA 	Keypress: f
2026-07-31_15:37:37.704684 	EXP 	Device response: <KeyPress from None: t=52.71869299999889, value=f, duration=0.1038475000023027>
2026-07-31_15:37:39.032758 	EXP 	Device response: <KeyPress from None: t=54.1548761999984, value=f, duration=None>
2026-07-31_15:37:39.033600 	DATA 	Keypress: f
2026-07-31_15:37:39.165484 	EXP 	Device response: <KeyPress from None: t=54.1548761999984, value=f, duration=0.12589790000129142>
2026-07-31_15:37:39.265560 	EXP 	Device response: <KeyPress from None: t=54.3775143999992, value=f, duration=None>
2026-07-31_15:37:39.266444 	DATA 	Keypress: f
2026-07-31_15:37:39.349193 	EXP 	Device response: <KeyPress from None: t=54.3775143999992, value=f, duration=0.09122170000046026>
2026-07-31_15:37:41.914980 	EXP 	Device response: <KeyPress from None: t=57.038901399999304, value=f, duration=None>
2026-07-31_15:37:41.915800 	DATA 	Keypress: f
2026-07-31_15:37:42.048575 	EXP 	Device response: <KeyPress from None: t=57.038901399999304, value=f, duration=0.12641920000169193>
2026-07-31_15:37:45.352322 	EXP 	Device response: <KeyPress from None: t=60.458171199999924, value=f, duration=None>
2026-07-31_15:37:45.353351 	DATA 	Keypress: f
2026-07-31_15:37:45.468268 	EXP 	Device response: <KeyPress from None: t=60.458171199999924, value=f, duration=0.12844179999956395>
2026-07-31_15:37:45.596539 	EXP 	Device response: <KeyPress from None: t=60.71145780000006, value=f, duration=None>
2026-07-31_15:37:45.597353 	DATA 	Keypress: f
2026-07-31_15:37:45.663355 	EXP 	Device response: <KeyPress from None: t=60.71145780000006, value=f, duration=0.07309019999956945>
2026-07-31_15:37:45.796209 	EXP 	Device response: <KeyPress from None: t=60.91073529999994, value=f, duration=None>
2026-07-31_15:37:45.796829 	DATA 	Keypress: f
2026-07-31_15:37:45.901666 	EXP 	Device response: <KeyPress from None: t=60.91073529999994, value=f, duration=0.10980389999895124>
2026-07-31_15:37:46.334658 	EXP 	Device response: <KeyPress from None: t=61.45690530000138, value=r, duration=None>
2026-07-31_15:37:46.335469 	DATA 	Keypress: r
2026-07-31_15:37:46.429383 	EXP 	Device response: <KeyPress from None: t=61.45690530000138, value=r, duration=0.08299780000015744>
2026-07-31_15:37:46.457691 	EXP 	instruction_startexp: autoDraw = False
2026-07-31_15:37:46.457691 	EXP 	instruction_startexp_2: height = 0.025
2026-07-31_15:37:46.457691 	EXP 	instruction_startexp_2: height = 0.025
2026-07-31_15:37:46.457691 	EXP 	instruction_startexp_2: height = 0.025
2026-07-31_15:37:46.457691 	EXP 	instruction_startexp_2: text = 'Das MEG-Signal ist sehr empfindlich gegenüber\nAugen- und Körperbewegungen. Bitte bewegen und blinzeln Sie\nwährend der Aufgabenblöcke so wenig wie möglich.\n\nNach jedem Block gibt es eine kurze Pause, in der Sie sich\nbewegen und ausruhen können.\n\nSobald die Aufgabe wieder beginnt, sitzen Sie bitte wieder still.\n\n[Drücken Sie eine beliebige Taste, um die Hauptaufgabe zu starten.]'
2026-07-31_15:37:46.457691 	EXP 	instruction_startexp_2: autoDraw = True
2026-07-31_15:37:46.512690 	EXP 	Device response: <KeyPress from None: t=61.63067249999949, value=r, duration=None>
2026-07-31_15:37:46.513671 	DATA 	Keypress: r
2026-07-31_15:37:46.614293 	EXP 	Device response: <KeyPress from None: t=61.63067249999949, value=r, duration=0.10596240000086254>
2026-07-31_15:37:46.713522 	EXP 	Device response: <KeyPress from None: t=61.83629500000097, value=r, duration=None>
2026-07-31_15:37:46.714335 	DATA 	Keypress: r
2026-07-31_15:37:46.830453 	EXP 	Device response: <KeyPress from None: t=61.83629500000097, value=r, duration=0.10567489999812096>
2026-07-31_15:37:46.942981 	INFO 	Keyboard events cleared
2026-07-31_15:37:46.946783 	DATA 	Keypress: r
2026-07-31_15:37:47.396451 	EXP 	Device response: <KeyPress from None: t=62.505684499999916, value=r, duration=None>
2026-07-31_15:37:47.397509 	DATA 	Keypress: r
2026-07-31_15:37:47.495656 	EXP 	Device response: <KeyPress from None: t=62.505684499999916, value=r, duration=0.09988280000106897>
2026-07-31_15:37:47.586169 	DEBUG 	Read excel file with openpyxl: sequences/localizer_conditions_00_old.xlsx
2026-07-31_15:37:47.686045 	EXP 	Imported sequences/localizer_conditions_00_old.xlsx as conditions, 500 conditions, 15 params
2026-07-31_15:37:47.692015 	EXP 	New trial (rep=0, index=0): <Trial 0 (0 in rep 0) data={'block': 1, 'trial_in_block': 1, 'concept': 'hammer', 'concept_num': 7, 'concept_num_word': 7, 'exemplar_num': 47, 'image_shown': 'hammer\\hammer_47.jpg', 'word_shown_english': 'hammer', 'word_shown_german': 'Hammer', 'word_shown_french': 'Marteau', 'is_prompt': 1, 'is_mismatch': 0, 'ITI_length': 0.97, 'correct_response': None, 'nonmatch_pres_side': None, 'thisN': 0, 'thisTrialN': 0, 'thisRepN': 0}>
2026-07-31_15:37:47.777170 	EXP 	instruction_startexp_2: autoDraw = False
2026-07-31_15:37:47.777170 	EXP 	image: image = 'stimuli\\hammer\\hammer_47.jpg'
2026-07-31_15:37:47.777170 	EXP 	image: autoDraw = True
2026-07-31_15:37:48.540336 	EXP 	spoken_word: sampleRate = 44100
2026-07-31_15:37:48.543507 	INFO 	Resampled audio from 44100Hz to 48000Hz using method 'default'.
2026-07-31_15:37:48.543529 	DEBUG 	Converted audio clip from mono to stereo
2026-07-31_15:37:48.545193 	EXP 	spoken_word: sampleRate = 44100
2026-07-31_15:37:48.547617 	INFO 	Resampled audio from 44100Hz to 48000Hz using method 'default'.
2026-07-31_15:37:48.547644 	DEBUG 	Converted audio clip from mono to stereo
2026-07-31_15:37:48.547980 	EXP 	Sound spoken_word reached end of file
63.6890 	EXP 	Playing sound spoken_word on speaker Lautsprecher (Realtek(R) Audio)
2026-07-31_15:37:48.548278 	EXP 	Device response: <KeyPress from None: t=63.66041899999982, value=r, duration=None>
2026-07-31_15:37:48.550020 	DATA 	Keypress: r
2026-07-31_15:37:48.558457 	INFO 	Keyboard events cleared
2026-07-31_15:37:48.558245 	EXP 	image: autoDraw = False
2026-07-31_15:37:48.558245 	EXP 	image: autoDraw = False
2026-07-31_15:37:48.558245 	EXP 	fix_cross: foreColor = <psychopy.colors.Color: white, alpha=1.0>
2026-07-31_15:37:48.558245 	EXP 	fix_cross: autoDraw = True
2026-07-31_15:37:48.644848 	EXP 	Device response: <KeyPress from None: t=63.66041899999982, value=r, duration=0.1073246999985713>
2026-07-31_15:37:48.674979 	EXP 	fix_cross: foreColor = <psychopy.colors.Color: red, alpha=1.0>
2026-07-31_15:37:48.762842 	EXP 	Device response: <KeyPress from None: t=63.8753085999997, value=r, duration=None>
2026-07-31_15:37:48.763472 	DATA 	Keypress: r
2026-07-31_15:37:48.850534 	EXP 	Device response: <KeyPress from None: t=63.8753085999997, value=r, duration=0.09318709999934072>
2026-07-31_15:37:48.862624 	EXP 	Sound spoken_word stopped
2026-07-31_15:37:48.874704 	EXP 	fix_cross: autoDraw = False
2026-07-31_15:37:48.874704 	EXP 	fix_cross_2: autoDraw = True
2026-07-31_15:37:49.262882 	EXP 	Device response: <KeyPress from None: t=64.37305959999867, value=r, duration=None>
2026-07-31_15:37:49.263659 	DATA 	Keypress: r
2026-07-31_15:37:49.378577 	EXP 	Device response: <KeyPress from None: t=64.37305959999867, value=r, duration=0.12962440000046627>
2026-07-31_15:37:49.794960 	EXP 	Device response: <KeyPress from None: t=64.9130296000003, value=r, duration=None>
2026-07-31_15:37:49.795800 	DATA 	Keypress: r
2026-07-31_15:37:49.978282 	EXP 	Device response: <KeyPress from None: t=64.9130296000003, value=r, duration=0.18781740000122227>
2026-07-31_15:37:50.847324 	EXP 	New trial (rep=0, index=1): <Trial 1 (1 in rep 0) data={'block': 1, 'trial_in_block': 2, 'concept': 'hand', 'concept_num': 8, 'concept_num_word': 8, 'exemplar_num': 50, 'image_shown': 'hand\\hand_50.jpg', 'word_shown_english': 'hand', 'word_shown_german': 'Hand', 'word_shown_french': 'Main', 'is_prompt': 1, 'is_mismatch': 0, 'ITI_length': 0.77, 'correct_response': None, 'nonmatch_pres_side': None, 'thisN': 1, 'thisTrialN': 1, 'thisRepN': 0}>
2026-07-31_15:37:50.928683 	EXP 	fix_cross_2: autoDraw = False
2026-07-31_15:37:50.928683 	EXP 	fix_cross_2: autoDraw = False
2026-07-31_15:37:50.928683 	EXP 	breaks_instruction: height = 0.025
2026-07-31_15:37:50.928683 	EXP 	breaks_instruction: height = 0.025
2026-07-31_15:37:50.928683 	EXP 	breaks_instruction: height = 0.025
2026-07-31_15:37:50.928683 	EXP 	breaks_instruction: text = 'Pause, die Aufgabe geht gleich weiter.\nEs sind noch 9 Blöcke übrig.'
2026-07-31_15:37:50.928683 	EXP 	instruction_continuebreak: height = 0.025
2026-07-31_15:37:50.928683 	EXP 	instruction_continuebreak: height = 0.025
2026-07-31_15:37:50.928683 	EXP 	instruction_continuebreak: height = 0.025
2026-07-31_15:37:50.928683 	EXP 	instruction_continuebreak: text = 'Die Pause ist vorbei.\nBitte drücken Sie eine beliebige Taste,\nsobald sie bereit sind, weiterzumachen.'
2026-07-31_15:37:50.928683 	EXP 	breaks_instruction: autoDraw = False
2026-07-31_15:37:50.928683 	EXP 	progress_bar_breaks: autoDraw = False
2026-07-31_15:37:50.928683 	EXP 	instruction_continuebreak: autoDraw = False
2026-07-31_15:37:50.928683 	EXP 	image: image = 'stimuli\\hand\\hand_50.jpg'
2026-07-31_15:37:50.928683 	EXP 	image: autoDraw = True
2026-07-31_15:37:51.685584 	EXP 	spoken_word: sampleRate = 44100
2026-07-31_15:37:51.689264 	INFO 	Resampled audio from 44100Hz to 48000Hz using method 'default'.
2026-07-31_15:37:51.689323 	DEBUG 	Converted audio clip from mono to stereo
2026-07-31_15:37:51.691899 	EXP 	spoken_word: sampleRate = 44100
2026-07-31_15:37:51.694749 	INFO 	Resampled audio from 44100Hz to 48000Hz using method 'default'.
2026-07-31_15:37:51.694797 	DEBUG 	Converted audio clip from mono to stereo
2026-07-31_15:37:51.695223 	EXP 	Sound spoken_word reached end of file
66.8336 	EXP 	Playing sound spoken_word on speaker Lautsprecher (Realtek(R) Audio)
2026-07-31_15:37:51.707672 	INFO 	Keyboard events cleared
2026-07-31_15:37:51.707269 	EXP 	image: autoDraw = False
2026-07-31_15:37:51.707269 	EXP 	image: autoDraw = False
2026-07-31_15:37:51.707269 	EXP 	fix_cross: foreColor = <psychopy.colors.Color: white, alpha=1.0>
2026-07-31_15:37:51.707269 	EXP 	fix_cross: autoDraw = True
2026-07-31_15:37:52.171811 	EXP 	Sound spoken_word reached end of file
2026-07-31_15:37:52.193464 	EXP 	Sound spoken_word reached end of file
2026-07-31_15:37:53.208188 	EXP 	fix_cross: autoDraw = False
2026-07-31_15:37:53.208188 	EXP 	fix_cross: foreColor = <psychopy.colors.Color: green, alpha=1.0>
2026-07-31_15:37:53.208188 	EXP 	fix_cross: autoDraw = True
2026-07-31_15:37:53.228793 	EXP 	fix_cross: autoDraw = False
2026-07-31_15:37:53.228793 	EXP 	fix_cross: autoDraw = True
2026-07-31_15:37:53.241671 	EXP 	fix_cross: autoDraw = False
2026-07-31_15:37:53.241671 	EXP 	fix_cross: autoDraw = True
2026-07-31_15:37:53.256821 	EXP 	fix_cross: autoDraw = False
2026-07-31_15:37:53.256821 	EXP 	fix_cross: autoDraw = True
2026-07-31_15:37:53.274338 	EXP 	fix_cross: autoDraw = False
2026-07-31_15:37:53.274338 	EXP 	fix_cross: autoDraw = True
2026-07-31_15:37:53.290972 	EXP 	fix_cross: autoDraw = False
2026-07-31_15:37:53.290972 	EXP 	fix_cross: autoDraw = True
2026-07-31_15:37:53.307905 	EXP 	fix_cross: autoDraw = False
2026-07-31_15:37:53.307905 	EXP 	fix_cross: autoDraw = True
2026-07-31_15:37:53.323635 	EXP 	fix_cross: autoDraw = False
2026-07-31_15:37:53.323635 	EXP 	fix_cross: autoDraw = True
2026-07-31_15:37:53.345629 	EXP 	fix_cross: autoDraw = False
2026-07-31_15:37:53.345629 	EXP 	fix_cross: autoDraw = True
2026-07-31_15:37:53.357655 	EXP 	fix_cross: autoDraw = False
2026-07-31_15:37:53.357655 	EXP 	fix_cross: autoDraw = True
2026-07-31_15:37:53.373642 	EXP 	fix_cross: autoDraw = False
2026-07-31_15:37:53.373642 	EXP 	fix_cross: autoDraw = True
2026-07-31_15:37:53.391066 	EXP 	fix_cross: autoDraw = False
2026-07-31_15:37:53.391066 	EXP 	fix_cross: autoDraw = True
2026-07-31_15:37:53.408041 	EXP 	fix_cross: autoDraw = False
2026-07-31_15:37:53.408041 	EXP 	fix_cross: autoDraw = True
2026-07-31_15:37:53.424374 	EXP 	fix_cross: autoDraw = False
2026-07-31_15:37:53.424374 	EXP 	fix_cross: autoDraw = True
2026-07-31_15:37:53.424374 	EXP 	fix_cross: autoDraw = False
2026-07-31_15:37:53.424374 	EXP 	fix_cross_2: autoDraw = True
2026-07-31_15:37:54.195307 	EXP 	New trial (rep=0, index=2): <Trial 2 (2 in rep 0) data={'block': 1, 'trial_in_block': 3, 'concept': 'hammer', 'concept_num': 7, 'concept_num_word': 7, 'exemplar_num': 37, 'image_shown': 'hammer\\hammer_37.jpg', 'word_shown_english': 'hammer', 'word_shown_german': 'Hammer', 'word_shown_french': 'Marteau', 'is_prompt': 1, 'is_mismatch': 0, 'ITI_length': 1.06, 'correct_response': None, 'nonmatch_pres_side': None, 'thisN': 2, 'thisTrialN': 2, 'thisRepN': 0}>
2026-07-31_15:37:54.262761 	EXP 	fix_cross_2: autoDraw = False
2026-07-31_15:37:54.262761 	EXP 	fix_cross_2: autoDraw = False
2026-07-31_15:37:54.262761 	EXP 	breaks_instruction: text = 'Pause, die Aufgabe geht gleich weiter.\nEs sind noch 9 Blöcke übrig.'
2026-07-31_15:37:54.262761 	EXP 	instruction_continuebreak: text = 'Die Pause ist vorbei.\nBitte drücken Sie eine beliebige Taste,\nsobald sie bereit sind, weiterzumachen.'
2026-07-31_15:37:54.262761 	EXP 	breaks_instruction: autoDraw = False
2026-07-31_15:37:54.262761 	EXP 	progress_bar_breaks: autoDraw = False
2026-07-31_15:37:54.262761 	EXP 	instruction_continuebreak: autoDraw = False
2026-07-31_15:37:54.262761 	EXP 	image: image = 'stimuli\\hammer\\hammer_37.jpg'
2026-07-31_15:37:54.262761 	EXP 	image: autoDraw = True
2026-07-31_15:37:55.011339 	EXP 	spoken_word: sampleRate = 44100
2026-07-31_15:37:55.013929 	INFO 	Resampled audio from 44100Hz to 48000Hz using method 'default'.
2026-07-31_15:37:55.013963 	DEBUG 	Converted audio clip from mono to stereo
2026-07-31_15:37:55.015427 	EXP 	spoken_word: sampleRate = 44100
2026-07-31_15:37:55.017801 	INFO 	Resampled audio from 44100Hz to 48000Hz using method 'default'.
2026-07-31_15:37:55.017820 	DEBUG 	Converted audio clip from mono to stereo
2026-07-31_15:37:55.018071 	EXP 	Sound spoken_word reached end of file
70.1488 	EXP 	Playing sound spoken_word on speaker Lautsprecher (Realtek(R) Audio)
2026-07-31_15:37:55.039246 	INFO 	Keyboard events cleared
2026-07-31_15:37:55.039050 	EXP 	image: autoDraw = False
2026-07-31_15:37:55.039050 	EXP 	image: autoDraw = False
2026-07-31_15:37:55.039050 	EXP 	fix_cross: foreColor = <psychopy.colors.Color: white, alpha=1.0>
2026-07-31_15:37:55.039050 	EXP 	fix_cross: autoDraw = True
2026-07-31_15:37:55.533616 	EXP 	Sound spoken_word reached end of file
2026-07-31_15:37:55.543999 	EXP 	Sound spoken_word reached end of file
2026-07-31_15:37:56.523882 	EXP 	fix_cross: foreColor = <psychopy.colors.Color: green, alpha=1.0>
2026-07-31_15:37:56.539007 	EXP 	fix_cross: autoDraw = False
2026-07-31_15:37:56.539007 	EXP 	fix_cross: autoDraw = True
2026-07-31_15:37:56.556401 	EXP 	fix_cross: autoDraw = False
2026-07-31_15:37:56.556401 	EXP 	fix_cross: autoDraw = True
2026-07-31_15:37:56.573504 	EXP 	fix_cross: autoDraw = False
2026-07-31_15:37:56.573504 	EXP 	fix_cross: autoDraw = True
2026-07-31_15:37:56.589721 	EXP 	fix_cross: autoDraw = False
2026-07-31_15:37:56.589721 	EXP 	fix_cross: autoDraw = True
2026-07-31_15:37:56.610374 	EXP 	fix_cross: autoDraw = False
2026-07-31_15:37:56.610374 	EXP 	fix_cross: autoDraw = True
2026-07-31_15:37:56.622493 	EXP 	fix_cross: autoDraw = False
2026-07-31_15:37:56.622493 	EXP 	fix_cross: autoDraw = True
2026-07-31_15:37:56.639787 	EXP 	fix_cross: autoDraw = False
2026-07-31_15:37:56.639787 	EXP 	fix_cross: autoDraw = True
2026-07-31_15:37:56.657559 	EXP 	fix_cross: autoDraw = False
2026-07-31_15:37:56.657559 	EXP 	fix_cross: autoDraw = True
2026-07-31_15:37:56.673308 	EXP 	fix_cross: autoDraw = False
2026-07-31_15:37:56.673308 	EXP 	fix_cross: autoDraw = True
2026-07-31_15:37:56.690429 	EXP 	fix_cross: autoDraw = False
2026-07-31_15:37:56.690429 	EXP 	fix_cross: autoDraw = True
2026-07-31_15:37:56.707929 	EXP 	fix_cross: autoDraw = False
2026-07-31_15:37:56.707929 	EXP 	fix_cross: autoDraw = True
2026-07-31_15:37:56.729800 	EXP 	fix_cross: autoDraw = False
2026-07-31_15:37:56.729800 	EXP 	fix_cross: autoDraw = True
2026-07-31_15:37:56.755529 	EXP 	fix_cross: autoDraw = False
2026-07-31_15:37:56.755529 	EXP 	fix_cross: autoDraw = True
2026-07-31_15:37:56.755529 	EXP 	fix_cross: autoDraw = False
2026-07-31_15:37:56.755529 	EXP 	fix_cross_2: autoDraw = True
2026-07-31_15:37:57.809410 	EXP 	New trial (rep=0, index=3): <Trial 3 (3 in rep 0) data={'block': 1, 'trial_in_block': 4, 'concept': 'jacket', 'concept_num': 10, 'concept_num_word': 10, 'exemplar_num': 45, 'image_shown': 'jacket\\jacket_45.jpg', 'word_shown_english': 'jacket', 'word_shown_german': 'Jacke', 'word_shown_french': 'Veste', 'is_prompt': 1, 'is_mismatch': 0, 'ITI_length': 1.17, 'correct_response': None, 'nonmatch_pres_side': None, 'thisN': 3, 'thisTrialN': 3, 'thisRepN': 0}>
2026-07-31_15:37:57.898054 	EXP 	fix_cross_2: autoDraw = False
2026-07-31_15:37:57.898054 	EXP 	fix_cross_2: autoDraw = False
2026-07-31_15:37:57.898054 	EXP 	breaks_instruction: text = 'Pause, die Aufgabe geht gleich weiter.\nEs sind noch 9 Blöcke übrig.'
2026-07-31_15:37:57.898054 	EXP 	instruction_continuebreak: text = 'Die Pause ist vorbei.\nBitte drücken Sie eine beliebige Taste,\nsobald sie bereit sind, weiterzumachen.'
2026-07-31_15:37:57.898054 	EXP 	breaks_instruction: autoDraw = False
2026-07-31_15:37:57.898054 	EXP 	progress_bar_breaks: autoDraw = False
2026-07-31_15:37:57.898054 	EXP 	instruction_continuebreak: autoDraw = False
2026-07-31_15:37:57.898054 	EXP 	image: image = 'stimuli\\jacket\\jacket_45.jpg'
2026-07-31_15:37:57.898054 	EXP 	image: autoDraw = True
2026-07-31_15:37:58.647661 	EXP 	spoken_word: sampleRate = 44100
2026-07-31_15:37:58.653376 	INFO 	Resampled audio from 44100Hz to 48000Hz using method 'default'.
2026-07-31_15:37:58.653404 	DEBUG 	Converted audio clip from mono to stereo
2026-07-31_15:37:58.655378 	EXP 	spoken_word: sampleRate = 44100
2026-07-31_15:37:58.659114 	INFO 	Resampled audio from 44100Hz to 48000Hz using method 'default'.
2026-07-31_15:37:58.659152 	DEBUG 	Converted audio clip from mono to stereo
2026-07-31_15:37:58.659585 	EXP 	Sound spoken_word reached end of file
73.7968 	EXP 	Playing sound spoken_word on speaker Lautsprecher (Realtek(R) Audio)
2026-07-31_15:37:58.672120 	INFO 	Keyboard events cleared
2026-07-31_15:37:58.671718 	EXP 	image: autoDraw = False
2026-07-31_15:37:58.671718 	EXP 	image: autoDraw = False
2026-07-31_15:37:58.671718 	EXP 	fix_cross: foreColor = <psychopy.colors.Color: white, alpha=1.0>
2026-07-31_15:37:58.671718 	EXP 	fix_cross: autoDraw = True
2026-07-31_15:37:59.183313 	EXP 	Sound spoken_word reached end of file
2026-07-31_15:37:59.208779 	EXP 	Sound spoken_word reached end of file
2026-07-31_15:38:00.155812 	EXP 	fix_cross: foreColor = <psychopy.colors.Color: green, alpha=1.0>
2026-07-31_15:38:00.171371 	EXP 	fix_cross: autoDraw = False
2026-07-31_15:38:00.171371 	EXP 	fix_cross: autoDraw = True
2026-07-31_15:38:00.188759 	EXP 	fix_cross: autoDraw = False
2026-07-31_15:38:00.188759 	EXP 	fix_cross: autoDraw = True
2026-07-31_15:38:00.206115 	EXP 	fix_cross: autoDraw = False
2026-07-31_15:38:00.206115 	EXP 	fix_cross: autoDraw = True
2026-07-31_15:38:00.225928 	EXP 	fix_cross: autoDraw = False
2026-07-31_15:38:00.225928 	EXP 	fix_cross: autoDraw = True
2026-07-31_15:38:00.239141 	EXP 	fix_cross: autoDraw = False
2026-07-31_15:38:00.239141 	EXP 	fix_cross: autoDraw = True
2026-07-31_15:38:00.256011 	EXP 	fix_cross: autoDraw = False
2026-07-31_15:38:00.256011 	EXP 	fix_cross: autoDraw = True
2026-07-31_15:38:00.271947 	EXP 	fix_cross: autoDraw = False
2026-07-31_15:38:00.271947 	EXP 	fix_cross: autoDraw = True
2026-07-31_15:38:00.289211 	EXP 	fix_cross: autoDraw = False
2026-07-31_15:38:00.289211 	EXP 	fix_cross: autoDraw = True
2026-07-31_15:38:00.305506 	EXP 	fix_cross: autoDraw = False
2026-07-31_15:38:00.305506 	EXP 	fix_cross: autoDraw = True
2026-07-31_15:38:00.322547 	EXP 	fix_cross: autoDraw = False
2026-07-31_15:38:00.322547 	EXP 	fix_cross: autoDraw = True
2026-07-31_15:38:00.343117 	EXP 	fix_cross: autoDraw = False
2026-07-31_15:38:00.343117 	EXP 	fix_cross: autoDraw = True
2026-07-31_15:38:00.355066 	EXP 	fix_cross: autoDraw = False
2026-07-31_15:38:00.355066 	EXP 	fix_cross: autoDraw = True
2026-07-31_15:38:00.355066 	EXP 	fix_cross: autoDraw = False
2026-07-31_15:38:00.355066 	EXP 	fix_cross_2: autoDraw = True
2026-07-31_15:38:01.525773 	EXP 	New trial (rep=0, index=4): <Trial 4 (4 in rep 0) data={'block': 1, 'trial_in_block': 5, 'concept': 'house', 'concept_num': 9, 'concept_num_word': 9, 'exemplar_num': 24, 'image_shown': 'house\\house_24.jpg', 'word_shown_english': 'house', 'word_shown_german': 'Haus', 'word_shown_french': 'Maison', 'is_prompt': 1, 'is_mismatch': 0, 'ITI_length': 0.81, 'correct_response': None, 'nonmatch_pres_side': None, 'thisN': 4, 'thisTrialN': 4, 'thisRepN': 0}>
2026-07-31_15:38:01.592411 	EXP 	fix_cross_2: autoDraw = False
2026-07-31_15:38:01.592411 	EXP 	fix_cross_2: autoDraw = False
2026-07-31_15:38:01.592411 	EXP 	breaks_instruction: text = 'Pause, die Aufgabe geht gleich weiter.\nEs sind noch 9 Blöcke übrig.'
2026-07-31_15:38:01.592411 	EXP 	instruction_continuebreak: text = 'Die Pause ist vorbei.\nBitte drücken Sie eine beliebige Taste,\nsobald sie bereit sind, weiterzumachen.'
2026-07-31_15:38:01.592411 	EXP 	breaks_instruction: autoDraw = False
2026-07-31_15:38:01.592411 	EXP 	progress_bar_breaks: autoDraw = False
2026-07-31_15:38:01.592411 	EXP 	instruction_continuebreak: autoDraw = False
2026-07-31_15:38:01.592411 	EXP 	image: image = 'stimuli\\house\\house_24.jpg'
2026-07-31_15:38:01.592411 	EXP 	image: autoDraw = True
2026-07-31_15:38:02.347207 	EXP 	spoken_word: sampleRate = 44100
2026-07-31_15:38:02.351598 	INFO 	Resampled audio from 44100Hz to 48000Hz using method 'default'.
2026-07-31_15:38:02.351636 	DEBUG 	Converted audio clip from mono to stereo
2026-07-31_15:38:02.353175 	EXP 	spoken_word: sampleRate = 44100
2026-07-31_15:38:02.356866 	INFO 	Resampled audio from 44100Hz to 48000Hz using method 'default'.
2026-07-31_15:38:02.356901 	DEBUG 	Converted audio clip from mono to stereo
2026-07-31_15:38:02.357365 	EXP 	Sound spoken_word reached end of file
77.4965 	EXP 	Playing sound spoken_word on speaker Lautsprecher (Realtek(R) Audio)
2026-07-31_15:38:02.370948 	INFO 	Keyboard events cleared
2026-07-31_15:38:02.370664 	EXP 	image: autoDraw = False
2026-07-31_15:38:02.370664 	EXP 	image: autoDraw = False
2026-07-31_15:38:02.370664 	EXP 	fix_cross: foreColor = <psychopy.colors.Color: white, alpha=1.0>
2026-07-31_15:38:02.370664 	EXP 	fix_cross: autoDraw = True
2026-07-31_15:38:02.883836 	EXP 	Sound spoken_word reached end of file
2026-07-31_15:38:02.906726 	EXP 	Sound spoken_word reached end of file
2026-07-31_15:38:03.870032 	EXP 	fix_cross: autoDraw = False
2026-07-31_15:38:03.870032 	EXP 	fix_cross: foreColor = <psychopy.colors.Color: green, alpha=1.0>
2026-07-31_15:38:03.870032 	EXP 	fix_cross: autoDraw = True
2026-07-31_15:38:03.887479 	EXP 	fix_cross: autoDraw = False
2026-07-31_15:38:03.887479 	EXP 	fix_cross: autoDraw = True
2026-07-31_15:38:03.904225 	EXP 	fix_cross: autoDraw = False
2026-07-31_15:38:03.904225 	EXP 	fix_cross: autoDraw = True
2026-07-31_15:38:03.921104 	EXP 	fix_cross: autoDraw = False
2026-07-31_15:38:03.921104 	EXP 	fix_cross: autoDraw = True
2026-07-31_15:38:03.938661 	EXP 	fix_cross: autoDraw = False
2026-07-31_15:38:03.938661 	EXP 	fix_cross: autoDraw = True
2026-07-31_15:38:03.958980 	EXP 	fix_cross: autoDraw = False
2026-07-31_15:38:03.958980 	EXP 	fix_cross: autoDraw = True
2026-07-31_15:38:03.970993 	EXP 	fix_cross: autoDraw = False
2026-07-31_15:38:03.970993 	EXP 	fix_cross: autoDraw = True
2026-07-31_15:38:03.987262 	EXP 	fix_cross: autoDraw = False
2026-07-31_15:38:03.987262 	EXP 	fix_cross: autoDraw = True
2026-07-31_15:38:04.004138 	EXP 	fix_cross: autoDraw = False
2026-07-31_15:38:04.004138 	EXP 	fix_cross: autoDraw = True
2026-07-31_15:38:04.021219 	EXP 	fix_cross: autoDraw = False
2026-07-31_15:38:04.021219 	EXP 	fix_cross: autoDraw = True
2026-07-31_15:38:04.037530 	EXP 	fix_cross: autoDraw = False
2026-07-31_15:38:04.037530 	EXP 	fix_cross: autoDraw = True
2026-07-31_15:38:04.059786 	EXP 	fix_cross: autoDraw = False
2026-07-31_15:38:04.059786 	EXP 	fix_cross: autoDraw = True
2026-07-31_15:38:04.070422 	EXP 	fix_cross: autoDraw = False
2026-07-31_15:38:04.070422 	EXP 	fix_cross: autoDraw = True
2026-07-31_15:38:04.070422 	EXP 	fix_cross: autoDraw = False
2026-07-31_15:38:04.070422 	EXP 	fix_cross_2: autoDraw = True
2026-07-31_15:38:04.874948 	EXP 	New trial (rep=0, index=5): <Trial 5 (5 in rep 0) data={'block': 1, 'trial_in_block': 6, 'concept': 'bread', 'concept_num': 3, 'concept_num_word': 3, 'exemplar_num': 32, 'image_shown': 'bread\\bread_32.jpg', 'word_shown_english': 'bread', 'word_shown_german': 'Brot', 'word_shown_french': 'Pain', 'is_prompt': 1, 'is_mismatch': 0, 'ITI_length': 1.18, 'correct_response': None, 'nonmatch_pres_side': None, 'thisN': 5, 'thisTrialN': 5, 'thisRepN': 0}>
2026-07-31_15:38:04.923060 	EXP 	fix_cross_2: autoDraw = False
2026-07-31_15:38:04.923060 	EXP 	fix_cross_2: autoDraw = False
2026-07-31_15:38:04.923060 	EXP 	breaks_instruction: text = 'Pause, die Aufgabe geht gleich weiter.\nEs sind noch 9 Blöcke übrig.'
2026-07-31_15:38:04.923060 	EXP 	instruction_continuebreak: text = 'Die Pause ist vorbei.\nBitte drücken Sie eine beliebige Taste,\nsobald sie bereit sind, weiterzumachen.'
2026-07-31_15:38:04.923060 	EXP 	breaks_instruction: autoDraw = False
2026-07-31_15:38:04.923060 	EXP 	progress_bar_breaks: autoDraw = False
2026-07-31_15:38:04.923060 	EXP 	instruction_continuebreak: autoDraw = False
2026-07-31_15:38:04.923060 	EXP 	image: image = 'stimuli\\bread\\bread_32.jpg'
2026-07-31_15:38:04.923060 	EXP 	image: autoDraw = True
2026-07-31_15:38:05.676536 	EXP 	spoken_word: sampleRate = 24000
2026-07-31_15:38:05.678721 	INFO 	Resampled audio from 24000Hz to 48000Hz using method 'default'.
2026-07-31_15:38:05.678744 	DEBUG 	Converted audio clip from mono to stereo
2026-07-31_15:38:05.680499 	EXP 	spoken_word: sampleRate = 24000
2026-07-31_15:38:05.682659 	INFO 	Resampled audio from 24000Hz to 48000Hz using method 'default'.
2026-07-31_15:38:05.682696 	DEBUG 	Converted audio clip from mono to stereo
2026-07-31_15:38:05.683326 	EXP 	Sound spoken_word reached end of file
80.8126 	EXP 	Playing sound spoken_word on speaker Lautsprecher (Realtek(R) Audio)
2026-07-31_15:38:05.702476 	INFO 	Keyboard events cleared
2026-07-31_15:38:05.702245 	EXP 	image: autoDraw = False
2026-07-31_15:38:05.702245 	EXP 	image: autoDraw = False
2026-07-31_15:38:05.702245 	EXP 	fix_cross: foreColor = <psychopy.colors.Color: white, alpha=1.0>
2026-07-31_15:38:05.702245 	EXP 	fix_cross: autoDraw = True
2026-07-31_15:38:05.912158 	EXP 	Device response: <KeyPress from None: t=81.03027139999904, value=r, duration=None>
2026-07-31_15:38:05.912972 	DATA 	Keypress: r
2026-07-31_15:38:06.073736 	EXP 	Device response: <KeyPress from None: t=81.03027139999904, value=r, duration=0.16490859999976237>
2026-07-31_15:38:06.103090 	EXP 	fix_cross: foreColor = <psychopy.colors.Color: red, alpha=1.0>
2026-07-31_15:38:06.292508 	EXP 	Sound spoken_word stopped
2026-07-31_15:38:06.302016 	EXP 	fix_cross: autoDraw = False
2026-07-31_15:38:06.302016 	EXP 	fix_cross_2: autoDraw = True
2026-07-31_15:38:08.471756 	EXP 	New trial (rep=0, index=6): <Trial 6 (6 in rep 0) data={'block': 1, 'trial_in_block': 7, 'concept': 'jacket', 'concept_num': 10, 'concept_num_word': 10, 'exemplar_num': 19, 'image_shown': 'jacket\\jacket_19.jpg', 'word_shown_english': 'jacket', 'word_shown_german': 'Jacke', 'word_shown_french': 'Veste', 'is_prompt': 1, 'is_mismatch': 0, 'ITI_length': 1.22, 'correct_response': None, 'nonmatch_pres_side': None, 'thisN': 6, 'thisTrialN': 6, 'thisRepN': 0}>
2026-07-31_15:38:08.522721 	EXP 	fix_cross_2: autoDraw = False
2026-07-31_15:38:08.522721 	EXP 	fix_cross_2: autoDraw = False
2026-07-31_15:38:08.522721 	EXP 	breaks_instruction: text = 'Pause, die Aufgabe geht gleich weiter.\nEs sind noch 9 Blöcke übrig.'
2026-07-31_15:38:08.522721 	EXP 	instruction_continuebreak: text = 'Die Pause ist vorbei.\nBitte drücken Sie eine beliebige Taste,\nsobald sie bereit sind, weiterzumachen.'
2026-07-31_15:38:08.522721 	EXP 	breaks_instruction: autoDraw = False
2026-07-31_15:38:08.522721 	EXP 	progress_bar_breaks: autoDraw = False
2026-07-31_15:38:08.522721 	EXP 	instruction_continuebreak: autoDraw = False
2026-07-31_15:38:08.522721 	EXP 	image: image = 'stimuli\\jacket\\jacket_19.jpg'
2026-07-31_15:38:08.522721 	EXP 	image: autoDraw = True
2026-07-31_15:38:09.275683 	EXP 	spoken_word: sampleRate = 44100
2026-07-31_15:38:09.281124 	INFO 	Resampled audio from 44100Hz to 48000Hz using method 'default'.
2026-07-31_15:38:09.281169 	DEBUG 	Converted audio clip from mono to stereo
2026-07-31_15:38:09.283294 	EXP 	spoken_word: sampleRate = 44100
2026-07-31_15:38:09.287357 	INFO 	Resampled audio from 44100Hz to 48000Hz using method 'default'.
2026-07-31_15:38:09.287401 	DEBUG 	Converted audio clip from mono to stereo
2026-07-31_15:38:09.287848 	EXP 	Sound spoken_word reached end of file
84.4279 	EXP 	Playing sound spoken_word on speaker Lautsprecher (Realtek(R) Audio)
2026-07-31_15:38:09.303391 	INFO 	Keyboard events cleared
2026-07-31_15:38:09.303229 	EXP 	image: autoDraw = False
2026-07-31_15:38:09.303229 	EXP 	image: autoDraw = False
2026-07-31_15:38:09.303229 	EXP 	fix_cross: foreColor = <psychopy.colors.Color: white, alpha=1.0>
2026-07-31_15:38:09.303229 	EXP 	fix_cross: autoDraw = True
2026-07-31_15:38:09.806548 	EXP 	Sound spoken_word reached end of file
2026-07-31_15:38:09.822441 	EXP 	Sound spoken_word reached end of file
2026-07-31_15:38:10.802213 	EXP 	fix_cross: foreColor = <psychopy.colors.Color: green, alpha=1.0>
2026-07-31_15:38:10.820151 	EXP 	fix_cross: autoDraw = False
2026-07-31_15:38:10.820151 	EXP 	fix_cross: autoDraw = True
2026-07-31_15:38:10.840059 	EXP 	fix_cross: autoDraw = False
2026-07-31_15:38:10.840059 	EXP 	fix_cross: autoDraw = True
2026-07-31_15:38:10.852618 	EXP 	fix_cross: autoDraw = False
2026-07-31_15:38:10.852618 	EXP 	fix_cross: autoDraw = True
2026-07-31_15:38:10.868765 	EXP 	fix_cross: autoDraw = False
2026-07-31_15:38:10.868765 	EXP 	fix_cross: autoDraw = True
2026-07-31_15:38:10.885774 	EXP 	fix_cross: autoDraw = False
2026-07-31_15:38:10.885774 	EXP 	fix_cross: autoDraw = True
2026-07-31_15:38:10.902431 	EXP 	fix_cross: autoDraw = False
2026-07-31_15:38:10.902431 	EXP 	fix_cross: autoDraw = True
2026-07-31_15:38:10.918604 	EXP 	fix_cross: autoDraw = False
2026-07-31_15:38:10.918604 	EXP 	fix_cross: autoDraw = True
2026-07-31_15:38:10.940474 	EXP 	fix_cross: autoDraw = False
2026-07-31_15:38:10.940474 	EXP 	fix_cross: autoDraw = True
2026-07-31_15:38:10.951479 	EXP 	fix_cross: autoDraw = False
2026-07-31_15:38:10.951479 	EXP 	fix_cross: autoDraw = True
2026-07-31_15:38:10.969502 	EXP 	fix_cross: autoDraw = False
2026-07-31_15:38:10.969502 	EXP 	fix_cross: autoDraw = True
2026-07-31_15:38:10.985718 	EXP 	fix_cross: autoDraw = False
2026-07-31_15:38:10.985718 	EXP 	fix_cross: autoDraw = True
2026-07-31_15:38:11.001880 	EXP 	fix_cross: autoDraw = False
2026-07-31_15:38:11.001880 	EXP 	fix_cross: autoDraw = True
2026-07-31_15:38:11.018816 	EXP 	fix_cross: autoDraw = False
2026-07-31_15:38:11.018816 	EXP 	fix_cross: autoDraw = True
2026-07-31_15:38:11.018816 	EXP 	fix_cross: autoDraw = False
2026-07-31_15:38:11.018816 	EXP 	fix_cross_2: autoDraw = True
2026-07-31_15:38:12.238731 	EXP 	New trial (rep=0, index=7): <Trial 7 (7 in rep 0) data={'block': 1, 'trial_in_block': 8, 'concept': 'bread', 'concept_num': 3, 'concept_num_word': 3, 'exemplar_num': 28, 'image_shown': 'bread\\bread_28.jpg', 'word_shown_english': 'bread', 'word_shown_german': 'Brot', 'word_shown_french': 'Pain', 'is_prompt': 1, 'is_mismatch': 0, 'ITI_length': 1.09, 'correct_response': None, 'nonmatch_pres_side': None, 'thisN': 7, 'thisTrialN': 7, 'thisRepN': 0}>
2026-07-31_15:38:12.304013 	EXP 	fix_cross_2: autoDraw = False
2026-07-31_15:38:12.304013 	EXP 	fix_cross_2: autoDraw = False
2026-07-31_15:38:12.304013 	EXP 	breaks_instruction: text = 'Pause, die Aufgabe geht gleich weiter.\nEs sind noch 9 Blöcke übrig.'
2026-07-31_15:38:12.304013 	EXP 	instruction_continuebreak: text = 'Die Pause ist vorbei.\nBitte drücken Sie eine beliebige Taste,\nsobald sie bereit sind, weiterzumachen.'
2026-07-31_15:38:12.304013 	EXP 	breaks_instruction: autoDraw = False
2026-07-31_15:38:12.304013 	EXP 	progress_bar_breaks: autoDraw = False
2026-07-31_15:38:12.304013 	EXP 	instruction_continuebreak: autoDraw = False
2026-07-31_15:38:12.304013 	EXP 	image: image = 'stimuli\\bread\\bread_28.jpg'
2026-07-31_15:38:12.304013 	EXP 	image: autoDraw = True
2026-07-31_15:38:13.057359 	EXP 	spoken_word: sampleRate = 24000
2026-07-31_15:38:13.059438 	INFO 	Resampled audio from 24000Hz to 48000Hz using method 'default'.
2026-07-31_15:38:13.059471 	DEBUG 	Converted audio clip from mono to stereo
2026-07-31_15:38:13.061438 	EXP 	spoken_word: sampleRate = 24000
2026-07-31_15:38:13.063617 	INFO 	Resampled audio from 24000Hz to 48000Hz using method 'default'.
2026-07-31_15:38:13.063643 	DEBUG 	Converted audio clip from mono to stereo
2026-07-31_15:38:13.064174 	EXP 	Sound spoken_word reached end of file
88.1934 	EXP 	Playing sound spoken_word on speaker Lautsprecher (Realtek(R) Audio)
2026-07-31_15:38:13.084580 	INFO 	Keyboard events cleared
2026-07-31_15:38:13.084385 	EXP 	image: autoDraw = False
2026-07-31_15:38:13.084385 	EXP 	image: autoDraw = False
2026-07-31_15:38:13.084385 	EXP 	fix_cross: foreColor = <psychopy.colors.Color: white, alpha=1.0>
2026-07-31_15:38:13.084385 	EXP 	fix_cross: autoDraw = True
2026-07-31_15:38:13.966849 	EXP 	Sound spoken_word reached end of file
2026-07-31_15:38:13.986968 	EXP 	Sound spoken_word reached end of file
2026-07-31_15:38:14.567698 	EXP 	fix_cross: foreColor = <psychopy.colors.Color: green, alpha=1.0>
2026-07-31_15:38:14.584571 	EXP 	fix_cross: autoDraw = False
2026-07-31_15:38:14.584571 	EXP 	fix_cross: autoDraw = True
2026-07-31_15:38:14.600296 	EXP 	fix_cross: autoDraw = False
2026-07-31_15:38:14.600296 	EXP 	fix_cross: autoDraw = True
2026-07-31_15:38:14.618194 	EXP 	fix_cross: autoDraw = False
2026-07-31_15:38:14.618194 	EXP 	fix_cross: autoDraw = True
2026-07-31_15:38:14.634892 	EXP 	fix_cross: autoDraw = False
2026-07-31_15:38:14.634892 	EXP 	fix_cross: autoDraw = True
2026-07-31_15:38:14.655578 	EXP 	fix_cross: autoDraw = False
2026-07-31_15:38:14.655578 	EXP 	fix_cross: autoDraw = True
2026-07-31_15:38:14.667834 	EXP 	fix_cross: autoDraw = False
2026-07-31_15:38:14.667834 	EXP 	fix_cross: autoDraw = True
2026-07-31_15:38:14.683450 	EXP 	fix_cross: autoDraw = False
2026-07-31_15:38:14.683450 	EXP 	fix_cross: autoDraw = True
2026-07-31_15:38:14.700915 	EXP 	fix_cross: autoDraw = False
2026-07-31_15:38:14.700915 	EXP 	fix_cross: autoDraw = True
2026-07-31_15:38:14.718182 	EXP 	fix_cross: autoDraw = False
2026-07-31_15:38:14.718182 	EXP 	fix_cross: autoDraw = True
2026-07-31_15:38:14.733649 	EXP 	fix_cross: autoDraw = False
2026-07-31_15:38:14.733649 	EXP 	fix_cross: autoDraw = True
2026-07-31_15:38:14.751724 	EXP 	fix_cross: autoDraw = False
2026-07-31_15:38:14.751724 	EXP 	fix_cross: autoDraw = True
2026-07-31_15:38:14.772162 	EXP 	fix_cross: autoDraw = False
2026-07-31_15:38:14.772162 	EXP 	fix_cross: autoDraw = True
2026-07-31_15:38:14.784361 	EXP 	fix_cross: autoDraw = False
2026-07-31_15:38:14.784361 	EXP 	fix_cross: autoDraw = True
2026-07-31_15:38:14.784361 	EXP 	fix_cross: autoDraw = False
2026-07-31_15:38:14.784361 	EXP 	fix_cross_2: autoDraw = True
2026-07-31_15:38:15.875009 	EXP 	New trial (rep=0, index=8): <Trial 8 (8 in rep 0) data={'block': 1, 'trial_in_block': 9, 'concept': 'jacket', 'concept_num': 10, 'concept_num_word': 4, 'exemplar_num': 48, 'image_shown': 'jacket\\jacket_48.jpg', 'word_shown_english': 'chair', 'word_shown_german': 'Stuhl', 'word_shown_french': 'Chaise', 'is_prompt': 1, 'is_mismatch': 1, 'ITI_length': 1.19, 'correct_response': 'r', 'nonmatch_pres_side': 'right', 'thisN': 8, 'thisTrialN': 8, 'thisRepN': 0}>
2026-07-31_15:38:15.957612 	EXP 	fix_cross_2: autoDraw = False
2026-07-31_15:38:15.957612 	EXP 	fix_cross_2: autoDraw = False
2026-07-31_15:38:15.957612 	EXP 	breaks_instruction: text = 'Pause, die Aufgabe geht gleich weiter.\nEs sind noch 9 Blöcke übrig.'
2026-07-31_15:38:15.957612 	EXP 	instruction_continuebreak: text = 'Die Pause ist vorbei.\nBitte drücken Sie eine beliebige Taste,\nsobald sie bereit sind, weiterzumachen.'
2026-07-31_15:38:15.957612 	EXP 	breaks_instruction: autoDraw = False
2026-07-31_15:38:15.957612 	EXP 	progress_bar_breaks: autoDraw = False
2026-07-31_15:38:15.957612 	EXP 	instruction_continuebreak: autoDraw = False
2026-07-31_15:38:15.957612 	EXP 	image: image = 'stimuli\\jacket\\jacket_48.jpg'
2026-07-31_15:38:15.957612 	EXP 	image: autoDraw = True
2026-07-31_15:38:16.707506 	EXP 	spoken_word: sampleRate = 44100
2026-07-31_15:38:16.710715 	INFO 	Resampled audio from 44100Hz to 48000Hz using method 'default'.
2026-07-31_15:38:16.710754 	DEBUG 	Converted audio clip from mono to stereo
2026-07-31_15:38:16.713277 	EXP 	spoken_word: sampleRate = 44100
2026-07-31_15:38:16.716019 	INFO 	Resampled audio from 44100Hz to 48000Hz using method 'default'.
2026-07-31_15:38:16.716062 	DEBUG 	Converted audio clip from mono to stereo
2026-07-31_15:38:16.716553 	EXP 	Sound spoken_word reached end of file
91.8426 	EXP 	Playing sound spoken_word on speaker Lautsprecher (Realtek(R) Audio)
2026-07-31_15:38:16.735304 	INFO 	Keyboard events cleared
2026-07-31_15:38:16.735062 	EXP 	image: autoDraw = False
2026-07-31_15:38:16.735062 	EXP 	image: autoDraw = False
2026-07-31_15:38:16.735062 	EXP 	fix_cross: foreColor = <psychopy.colors.Color: white, alpha=1.0>
2026-07-31_15:38:16.735062 	EXP 	fix_cross: autoDraw = True
2026-07-31_15:38:17.263826 	EXP 	Sound spoken_word reached end of file
2026-07-31_15:38:17.287693 	EXP 	Sound spoken_word reached end of file
2026-07-31_15:38:18.233824 	EXP 	fix_cross: autoDraw = False
2026-07-31_15:38:18.233824 	EXP 	fix_cross: foreColor = <psychopy.colors.Color: red, alpha=1.0>
2026-07-31_15:38:18.233824 	EXP 	fix_cross: autoDraw = True
2026-07-31_15:38:18.250859 	EXP 	fix_cross: autoDraw = False
2026-07-31_15:38:18.250859 	EXP 	fix_cross: autoDraw = True
2026-07-31_15:38:18.272742 	EXP 	fix_cross: autoDraw = False
2026-07-31_15:38:18.272742 	EXP 	fix_cross: autoDraw = True
2026-07-31_15:38:18.284901 	EXP 	fix_cross: autoDraw = False
2026-07-31_15:38:18.284901 	EXP 	fix_cross: autoDraw = True
2026-07-31_15:38:18.300693 	EXP 	fix_cross: autoDraw = False
2026-07-31_15:38:18.300693 	EXP 	fix_cross: autoDraw = True
2026-07-31_15:38:18.318144 	EXP 	fix_cross: autoDraw = False
2026-07-31_15:38:18.318144 	EXP 	fix_cross: autoDraw = True
2026-07-31_15:38:18.332912 	EXP 	fix_cross: autoDraw = False
2026-07-31_15:38:18.332912 	EXP 	fix_cross: autoDraw = True
2026-07-31_15:38:18.349972 	EXP 	fix_cross: autoDraw = False
2026-07-31_15:38:18.349972 	EXP 	fix_cross: autoDraw = True
2026-07-31_15:38:18.367085 	EXP 	fix_cross: autoDraw = False
2026-07-31_15:38:18.367085 	EXP 	fix_cross: autoDraw = True
2026-07-31_15:38:18.387831 	EXP 	fix_cross: autoDraw = False
2026-07-31_15:38:18.387831 	EXP 	fix_cross: autoDraw = True
2026-07-31_15:38:18.399943 	EXP 	fix_cross: autoDraw = False
2026-07-31_15:38:18.399943 	EXP 	fix_cross: autoDraw = True
2026-07-31_15:38:18.416221 	EXP 	fix_cross: autoDraw = False
2026-07-31_15:38:18.416221 	EXP 	fix_cross: autoDraw = True
2026-07-31_15:38:18.432925 	EXP 	fix_cross: autoDraw = False
2026-07-31_15:38:18.432925 	EXP 	fix_cross: autoDraw = True
2026-07-31_15:38:18.450260 	EXP 	fix_cross: autoDraw = False
2026-07-31_15:38:18.450260 	EXP 	fix_cross: autoDraw = True
2026-07-31_15:38:18.450260 	EXP 	fix_cross: autoDraw = False
2026-07-31_15:38:18.450260 	EXP 	fix_cross_2: autoDraw = True
2026-07-31_15:38:19.635619 	EXP 	New trial (rep=0, index=9): <Trial 9 (9 in rep 0) data={'block': 1, 'trial_in_block': 10, 'concept': 'dog', 'concept_num': 5, 'concept_num_word': 5, 'exemplar_num': 10, 'image_shown': 'dog\\dog_10.jpg', 'word_shown_english': 'dog', 'word_shown_german': 'Hund', 'word_shown_french': 'Chien', 'is_prompt': 1, 'is_mismatch': 0, 'ITI_length': 1.12, 'correct_response': None, 'nonmatch_pres_side': None, 'thisN': 9, 'thisTrialN': 9, 'thisRepN': 0}>
2026-07-31_15:38:19.705445 	EXP 	fix_cross_2: autoDraw = False
2026-07-31_15:38:19.705445 	EXP 	fix_cross_2: autoDraw = False
2026-07-31_15:38:19.705445 	EXP 	breaks_instruction: text = 'Pause, die Aufgabe geht gleich weiter.\nEs sind noch 9 Blöcke übrig.'
2026-07-31_15:38:19.705445 	EXP 	instruction_continuebreak: text = 'Die Pause ist vorbei.\nBitte drücken Sie eine beliebige Taste,\nsobald sie bereit sind, weiterzumachen.'
2026-07-31_15:38:19.705445 	EXP 	breaks_instruction: autoDraw = False
2026-07-31_15:38:19.705445 	EXP 	progress_bar_breaks: autoDraw = False
2026-07-31_15:38:19.705445 	EXP 	instruction_continuebreak: autoDraw = False
2026-07-31_15:38:19.705445 	EXP 	image: image = 'stimuli\\dog\\dog_10.jpg'
2026-07-31_15:38:19.705445 	EXP 	image: autoDraw = True
2026-07-31_15:38:20.482466 	EXP 	spoken_word: sampleRate = 44100
2026-07-31_15:38:20.485871 	INFO 	Resampled audio from 44100Hz to 48000Hz using method 'default'.
2026-07-31_15:38:20.485905 	DEBUG 	Converted audio clip from mono to stereo
2026-07-31_15:38:20.487268 	EXP 	spoken_word: sampleRate = 44100
2026-07-31_15:38:20.489598 	INFO 	Resampled audio from 44100Hz to 48000Hz using method 'default'.
2026-07-31_15:38:20.489625 	DEBUG 	Converted audio clip from mono to stereo
2026-07-31_15:38:20.489965 	EXP 	Sound spoken_word reached end of file
95.6287 	EXP 	Playing sound spoken_word on speaker Lautsprecher (Realtek(R) Audio)
2026-07-31_15:38:20.497777 	INFO 	Keyboard events cleared
2026-07-31_15:38:20.497597 	EXP 	image: autoDraw = False
2026-07-31_15:38:20.497597 	EXP 	image: autoDraw = False
2026-07-31_15:38:20.497597 	EXP 	fix_cross: foreColor = <psychopy.colors.Color: white, alpha=1.0>
2026-07-31_15:38:20.497597 	EXP 	fix_cross: autoDraw = True
2026-07-31_15:38:20.960125 	EXP 	Sound spoken_word reached end of file
2026-07-31_15:38:20.984553 	EXP 	Sound spoken_word reached end of file
2026-07-31_15:38:21.987536 	EXP 	fix_cross: foreColor = <psychopy.colors.Color: green, alpha=1.0>
2026-07-31_15:38:21.999384 	EXP 	fix_cross: autoDraw = False
2026-07-31_15:38:21.999384 	EXP 	fix_cross: autoDraw = True
2026-07-31_15:38:22.014918 	EXP 	fix_cross: autoDraw = False
2026-07-31_15:38:22.014918 	EXP 	fix_cross: autoDraw = True
2026-07-31_15:38:22.032472 	EXP 	fix_cross: autoDraw = False
2026-07-31_15:38:22.032472 	EXP 	fix_cross: autoDraw = True
2026-07-31_15:38:22.049505 	EXP 	fix_cross: autoDraw = False
2026-07-31_15:38:22.049505 	EXP 	fix_cross: autoDraw = True
2026-07-31_15:38:22.066339 	EXP 	fix_cross: autoDraw = False
2026-07-31_15:38:22.066339 	EXP 	fix_cross: autoDraw = True
2026-07-31_15:38:22.083121 	EXP 	fix_cross: autoDraw = False
2026-07-31_15:38:22.083121 	EXP 	fix_cross: autoDraw = True
2026-07-31_15:38:22.104322 	EXP 	fix_cross: autoDraw = False
2026-07-31_15:38:22.104322 	EXP 	fix_cross: autoDraw = True
2026-07-31_15:38:22.115711 	EXP 	fix_cross: autoDraw = False
2026-07-31_15:38:22.115711 	EXP 	fix_cross: autoDraw = True
2026-07-31_15:38:22.131593 	EXP 	fix_cross: autoDraw = False
2026-07-31_15:38:22.131593 	EXP 	fix_cross: autoDraw = True
2026-07-31_15:38:22.148722 	EXP 	fix_cross: autoDraw = False
2026-07-31_15:38:22.148722 	EXP 	fix_cross: autoDraw = True
2026-07-31_15:38:22.164671 	EXP 	fix_cross: autoDraw = False
2026-07-31_15:38:22.164671 	EXP 	fix_cross: autoDraw = True
2026-07-31_15:38:22.182278 	EXP 	fix_cross: autoDraw = False
2026-07-31_15:38:22.182278 	EXP 	fix_cross: autoDraw = True
2026-07-31_15:38:22.202599 	EXP 	fix_cross: autoDraw = False
2026-07-31_15:38:22.202599 	EXP 	fix_cross: autoDraw = True
2026-07-31_15:38:22.202599 	EXP 	fix_cross: autoDraw = False
2026-07-31_15:38:22.202599 	EXP 	fix_cross_2: autoDraw = True
2026-07-31_15:38:23.319009 	EXP 	New trial (rep=0, index=10): <Trial 10 (10 in rep 0) data={'block': 1, 'trial_in_block': 11, 'concept': 'flower', 'concept_num': 6, 'concept_num_word': 6, 'exemplar_num': 45, 'image_shown': 'flower\\flower_45.jpg', 'word_shown_english': 'flower', 'word_shown_german': 'Blume', 'word_shown_french': 'Fleur', 'is_prompt': 1, 'is_mismatch': 0, 'ITI_length': 1.17, 'correct_response': None, 'nonmatch_pres_side': None, 'thisN': 10, 'thisTrialN': 10, 'thisRepN': 0}>
2026-07-31_15:38:23.421939 	EXP 	fix_cross_2: autoDraw = False
2026-07-31_15:38:23.421939 	EXP 	fix_cross_2: autoDraw = False
2026-07-31_15:38:23.421939 	EXP 	breaks_instruction: text = 'Pause, die Aufgabe geht gleich weiter.\nEs sind noch 9 Blöcke übrig.'
2026-07-31_15:38:23.421939 	EXP 	instruction_continuebreak: text = 'Die Pause ist vorbei.\nBitte drücken Sie eine beliebige Taste,\nsobald sie bereit sind, weiterzumachen.'
2026-07-31_15:38:23.421939 	EXP 	breaks_instruction: autoDraw = False
2026-07-31_15:38:23.421939 	EXP 	progress_bar_breaks: autoDraw = False
2026-07-31_15:38:23.421939 	EXP 	instruction_continuebreak: autoDraw = False
2026-07-31_15:38:23.421939 	EXP 	image: image = 'stimuli\\flower\\flower_45.jpg'
2026-07-31_15:38:23.421939 	EXP 	image: autoDraw = True
2026-07-31_15:38:24.195395 	EXP 	spoken_word: sampleRate = 24000
2026-07-31_15:38:24.198641 	INFO 	Resampled audio from 24000Hz to 48000Hz using method 'default'.
2026-07-31_15:38:24.198668 	DEBUG 	Converted audio clip from mono to stereo
2026-07-31_15:38:24.200504 	EXP 	spoken_word: sampleRate = 24000
2026-07-31_15:38:24.201890 	INFO 	Resampled audio from 24000Hz to 48000Hz using method 'default'.
2026-07-31_15:38:24.201909 	DEBUG 	Converted audio clip from mono to stereo
2026-07-31_15:38:24.202407 	EXP 	Sound spoken_word reached end of file
99.3399 	EXP 	Playing sound spoken_word on speaker Lautsprecher (Realtek(R) Audio)
2026-07-31_15:38:24.213586 	INFO 	Keyboard events cleared
2026-07-31_15:38:24.213355 	EXP 	image: autoDraw = False
2026-07-31_15:38:24.213355 	EXP 	image: autoDraw = False
2026-07-31_15:38:24.213355 	EXP 	fix_cross: foreColor = <psychopy.colors.Color: white, alpha=1.0>
2026-07-31_15:38:24.213355 	EXP 	fix_cross: autoDraw = True
2026-07-31_15:38:25.078170 	EXP 	Sound spoken_word reached end of file
2026-07-31_15:38:25.100427 	EXP 	Sound spoken_word reached end of file
2026-07-31_15:38:25.702872 	EXP 	fix_cross: foreColor = <psychopy.colors.Color: green, alpha=1.0>
2026-07-31_15:38:25.714299 	EXP 	fix_cross: autoDraw = False
2026-07-31_15:38:25.714299 	EXP 	fix_cross: autoDraw = True
2026-07-31_15:38:25.731359 	EXP 	fix_cross: autoDraw = False
2026-07-31_15:38:25.731359 	EXP 	fix_cross: autoDraw = True
2026-07-31_15:38:25.747966 	EXP 	fix_cross: autoDraw = False
2026-07-31_15:38:25.747966 	EXP 	fix_cross: autoDraw = True
2026-07-31_15:38:25.764990 	EXP 	fix_cross: autoDraw = False
2026-07-31_15:38:25.764990 	EXP 	fix_cross: autoDraw = True
2026-07-31_15:38:25.782151 	EXP 	fix_cross: autoDraw = False
2026-07-31_15:38:25.782151 	EXP 	fix_cross: autoDraw = True
2026-07-31_15:38:25.798893 	EXP 	fix_cross: autoDraw = False
2026-07-31_15:38:25.798893 	EXP 	fix_cross: autoDraw = True
2026-07-31_15:38:25.819424 	EXP 	fix_cross: autoDraw = False
2026-07-31_15:38:25.819424 	EXP 	fix_cross: autoDraw = True
2026-07-31_15:38:25.831026 	EXP 	fix_cross: autoDraw = False
2026-07-31_15:38:25.831026 	EXP 	fix_cross: autoDraw = True
2026-07-31_15:38:25.847038 	EXP 	fix_cross: autoDraw = False
2026-07-31_15:38:25.847038 	EXP 	fix_cross: autoDraw = True
2026-07-31_15:38:25.863927 	EXP 	fix_cross: autoDraw = False
2026-07-31_15:38:25.863927 	EXP 	fix_cross: autoDraw = True
2026-07-31_15:38:25.880727 	EXP 	fix_cross: autoDraw = False
2026-07-31_15:38:25.880727 	EXP 	fix_cross: autoDraw = True
2026-07-31_15:38:25.897350 	EXP 	fix_cross: autoDraw = False
2026-07-31_15:38:25.897350 	EXP 	fix_cross: autoDraw = True
2026-07-31_15:38:25.897350 	EXP 	fix_cross: autoDraw = False
2026-07-31_15:38:25.897350 	EXP 	fix_cross_2: autoDraw = True
2026-07-31_15:38:27.068539 	EXP 	New trial (rep=0, index=11): <Trial 11 (11 in rep 0) data={'block': 1, 'trial_in_block': 12, 'concept': 'house', 'concept_num': 9, 'concept_num_word': 9, 'exemplar_num': 39, 'image_shown': 'house\\house_39.jpg', 'word_shown_english': 'house', 'word_shown_german': 'Haus', 'word_shown_french': 'Maison', 'is_prompt': 1, 'is_mismatch': 0, 'ITI_length': 0.76, 'correct_response': None, 'nonmatch_pres_side': None, 'thisN': 11, 'thisTrialN': 11, 'thisRepN': 0}>
2026-07-31_15:38:27.137800 	EXP 	fix_cross_2: autoDraw = False
2026-07-31_15:38:27.137800 	EXP 	fix_cross_2: autoDraw = False
2026-07-31_15:38:27.137800 	EXP 	breaks_instruction: text = 'Pause, die Aufgabe geht gleich weiter.\nEs sind noch 9 Blöcke übrig.'
2026-07-31_15:38:27.137800 	EXP 	instruction_continuebreak: text = 'Die Pause ist vorbei.\nBitte drücken Sie eine beliebige Taste,\nsobald sie bereit sind, weiterzumachen.'
2026-07-31_15:38:27.137800 	EXP 	breaks_instruction: autoDraw = False
2026-07-31_15:38:27.137800 	EXP 	progress_bar_breaks: autoDraw = False
2026-07-31_15:38:27.137800 	EXP 	instruction_continuebreak: autoDraw = False
2026-07-31_15:38:27.137800 	EXP 	image: image = 'stimuli\\house\\house_39.jpg'
2026-07-31_15:38:27.137800 	EXP 	image: autoDraw = True
2026-07-31_15:38:27.885176 	EXP 	spoken_word: sampleRate = 44100
2026-07-31_15:38:27.889406 	INFO 	Resampled audio from 44100Hz to 48000Hz using method 'default'.
2026-07-31_15:38:27.889451 	DEBUG 	Converted audio clip from mono to stereo
2026-07-31_15:38:27.891612 	EXP 	spoken_word: sampleRate = 44100
2026-07-31_15:38:27.896026 	INFO 	Resampled audio from 44100Hz to 48000Hz using method 'default'.
2026-07-31_15:38:27.896080 	DEBUG 	Converted audio clip from mono to stereo
2026-07-31_15:38:27.896498 	EXP 	Sound spoken_word reached end of file
103.0225 	EXP 	Playing sound spoken_word on speaker Lautsprecher (Realtek(R) Audio)
2026-07-31_15:38:27.912953 	INFO 	Keyboard events cleared
2026-07-31_15:38:27.912736 	EXP 	image: autoDraw = False
2026-07-31_15:38:27.912736 	EXP 	image: autoDraw = False
2026-07-31_15:38:27.912736 	EXP 	fix_cross: foreColor = <psychopy.colors.Color: white, alpha=1.0>
2026-07-31_15:38:27.912736 	EXP 	fix_cross: autoDraw = True
2026-07-31_15:38:28.422965 	EXP 	Sound spoken_word reached end of file
2026-07-31_15:38:28.450305 	EXP 	Sound spoken_word reached end of file
2026-07-31_15:38:29.417319 	EXP 	fix_cross: autoDraw = False
2026-07-31_15:38:29.417319 	EXP 	fix_cross: foreColor = <psychopy.colors.Color: green, alpha=1.0>
2026-07-31_15:38:29.417319 	EXP 	fix_cross: autoDraw = True
2026-07-31_15:38:29.430102 	EXP 	fix_cross: autoDraw = False
2026-07-31_15:38:29.430102 	EXP 	fix_cross: autoDraw = True
2026-07-31_15:38:29.446848 	EXP 	fix_cross: autoDraw = False
2026-07-31_15:38:29.446848 	EXP 	fix_cross: autoDraw = True
2026-07-31_15:38:29.463125 	EXP 	fix_cross: autoDraw = False
2026-07-31_15:38:29.463125 	EXP 	fix_cross: autoDraw = True
2026-07-31_15:38:29.479791 	EXP 	fix_cross: autoDraw = False
2026-07-31_15:38:29.479791 	EXP 	fix_cross: autoDraw = True
2026-07-31_15:38:29.497144 	EXP 	fix_cross: autoDraw = False
2026-07-31_15:38:29.497144 	EXP 	fix_cross: autoDraw = True
2026-07-31_15:38:29.513724 	EXP 	fix_cross: autoDraw = False
2026-07-31_15:38:29.513724 	EXP 	fix_cross: autoDraw = True
2026-07-31_15:38:29.535390 	EXP 	fix_cross: autoDraw = False
2026-07-31_15:38:29.535390 	EXP 	fix_cross: autoDraw = True
2026-07-31_15:38:29.546791 	EXP 	fix_cross: autoDraw = False
2026-07-31_15:38:29.546791 	EXP 	fix_cross: autoDraw = True
2026-07-31_15:38:29.563457 	EXP 	fix_cross: autoDraw = False
2026-07-31_15:38:29.563457 	EXP 	fix_cross: autoDraw = True
2026-07-31_15:38:29.579758 	EXP 	fix_cross: autoDraw = False
2026-07-31_15:38:29.579758 	EXP 	fix_cross: autoDraw = True
2026-07-31_15:38:29.596544 	EXP 	fix_cross: autoDraw = False
2026-07-31_15:38:29.596544 	EXP 	fix_cross: autoDraw = True
2026-07-31_15:38:29.614290 	EXP 	fix_cross: autoDraw = False
2026-07-31_15:38:29.614290 	EXP 	fix_cross: autoDraw = True
2026-07-31_15:38:29.614290 	EXP 	fix_cross: autoDraw = False
2026-07-31_15:38:29.614290 	EXP 	fix_cross_2: autoDraw = True
2026-07-31_15:38:30.383591 	EXP 	New trial (rep=0, index=12): <Trial 12 (12 in rep 0) data={'block': 1, 'trial_in_block': 13, 'concept': 'hammer', 'concept_num': 7, 'concept_num_word': 6, 'exemplar_num': 42, 'image_shown': 'hammer\\hammer_42.jpg', 'word_shown_english': 'flower', 'word_shown_german': 'Blume', 'word_shown_french': 'Fleur', 'is_prompt': 1, 'is_mismatch': 1, 'ITI_length': 1.15, 'correct_response': 'r', 'nonmatch_pres_side': 'left', 'thisN': 12, 'thisTrialN': 12, 'thisRepN': 0}>
2026-07-31_15:38:30.453735 	EXP 	fix_cross_2: autoDraw = False
2026-07-31_15:38:30.453735 	EXP 	fix_cross_2: autoDraw = False
2026-07-31_15:38:30.453735 	EXP 	breaks_instruction: text = 'Pause, die Aufgabe geht gleich weiter.\nEs sind noch 9 Blöcke übrig.'
2026-07-31_15:38:30.453735 	EXP 	instruction_continuebreak: text = 'Die Pause ist vorbei.\nBitte drücken Sie eine beliebige Taste,\nsobald sie bereit sind, weiterzumachen.'
2026-07-31_15:38:30.453735 	EXP 	breaks_instruction: autoDraw = False
2026-07-31_15:38:30.453735 	EXP 	progress_bar_breaks: autoDraw = False
2026-07-31_15:38:30.453735 	EXP 	instruction_continuebreak: autoDraw = False
2026-07-31_15:38:30.453735 	EXP 	image: image = 'stimuli\\hammer\\hammer_42.jpg'
2026-07-31_15:38:30.453735 	EXP 	image: autoDraw = True
2026-07-31_15:38:31.199837 	EXP 	spoken_word: sampleRate = 24000
2026-07-31_15:38:31.202131 	INFO 	Resampled audio from 24000Hz to 48000Hz using method 'default'.
2026-07-31_15:38:31.202170 	DEBUG 	Converted audio clip from mono to stereo
2026-07-31_15:38:31.204549 	EXP 	spoken_word: sampleRate = 24000
2026-07-31_15:38:31.205951 	INFO 	Resampled audio from 24000Hz to 48000Hz using method 'default'.
2026-07-31_15:38:31.205976 	DEBUG 	Converted audio clip from mono to stereo
2026-07-31_15:38:31.206436 	EXP 	Sound spoken_word reached end of file
106.3370 	EXP 	Playing sound spoken_word on speaker Lautsprecher (Realtek(R) Audio)
2026-07-31_15:38:31.227863 	INFO 	Keyboard events cleared
2026-07-31_15:38:31.227627 	EXP 	image: autoDraw = False
2026-07-31_15:38:31.227627 	EXP 	image: autoDraw = False
2026-07-31_15:38:31.227627 	EXP 	fix_cross: foreColor = <psychopy.colors.Color: white, alpha=1.0>
2026-07-31_15:38:31.227627 	EXP 	fix_cross: autoDraw = True
2026-07-31_15:38:32.084958 	EXP 	Sound spoken_word reached end of file
2026-07-31_15:38:32.097806 	EXP 	Sound spoken_word reached end of file
2026-07-31_15:38:32.729084 	EXP 	fix_cross: autoDraw = False
2026-07-31_15:38:32.729084 	EXP 	fix_cross: foreColor = <psychopy.colors.Color: red, alpha=1.0>
2026-07-31_15:38:32.729084 	EXP 	fix_cross: autoDraw = True
2026-07-31_15:38:32.744874 	EXP 	fix_cross: autoDraw = False
2026-07-31_15:38:32.744874 	EXP 	fix_cross: autoDraw = True
2026-07-31_15:38:32.762024 	EXP 	fix_cross: autoDraw = False
2026-07-31_15:38:32.762024 	EXP 	fix_cross: autoDraw = True
2026-07-31_15:38:32.779310 	EXP 	fix_cross: autoDraw = False
2026-07-31_15:38:32.779310 	EXP 	fix_cross: autoDraw = True
2026-07-31_15:38:32.794955 	EXP 	fix_cross: autoDraw = False
2026-07-31_15:38:32.794955 	EXP 	fix_cross: autoDraw = True
2026-07-31_15:38:32.816239 	EXP 	fix_cross: autoDraw = False
2026-07-31_15:38:32.816239 	EXP 	fix_cross: autoDraw = True
2026-07-31_15:38:32.828665 	EXP 	fix_cross: autoDraw = False
2026-07-31_15:38:32.828665 	EXP 	fix_cross: autoDraw = True
2026-07-31_15:38:32.844146 	EXP 	fix_cross: autoDraw = False
2026-07-31_15:38:32.844146 	EXP 	fix_cross: autoDraw = True
2026-07-31_15:38:32.861565 	EXP 	fix_cross: autoDraw = False
2026-07-31_15:38:32.861565 	EXP 	fix_cross: autoDraw = True
2026-07-31_15:38:32.878633 	EXP 	fix_cross: autoDraw = False
2026-07-31_15:38:32.878633 	EXP 	fix_cross: autoDraw = True
2026-07-31_15:38:32.895311 	EXP 	fix_cross: autoDraw = False
2026-07-31_15:38:32.895311 	EXP 	fix_cross: autoDraw = True
2026-07-31_15:38:32.911182 	EXP 	fix_cross: autoDraw = False
2026-07-31_15:38:32.911182 	EXP 	fix_cross: autoDraw = True
2026-07-31_15:38:32.933272 	EXP 	fix_cross: autoDraw = False
2026-07-31_15:38:32.933272 	EXP 	fix_cross: autoDraw = True
2026-07-31_15:38:32.944463 	EXP 	fix_cross: autoDraw = False
2026-07-31_15:38:32.944463 	EXP 	fix_cross: autoDraw = True
2026-07-31_15:38:32.944463 	EXP 	fix_cross: autoDraw = False
2026-07-31_15:38:32.944463 	EXP 	fix_cross_2: autoDraw = True
2026-07-31_15:38:34.082224 	EXP 	New trial (rep=0, index=13): <Trial 13 (13 in rep 0) data={'block': 1, 'trial_in_block': 14, 'concept': 'dog', 'concept_num': 5, 'concept_num_word': 5, 'exemplar_num': 15, 'image_shown': 'dog\\dog_15.jpg', 'word_shown_english': 'dog', 'word_shown_german': 'Hund', 'word_shown_french': 'Chien', 'is_prompt': 1, 'is_mismatch': 0, 'ITI_length': 0.99, 'correct_response': None, 'nonmatch_pres_side': None, 'thisN': 13, 'thisTrialN': 13, 'thisRepN': 0}>
2026-07-31_15:38:34.132311 	EXP 	fix_cross_2: autoDraw = False
2026-07-31_15:38:34.132311 	EXP 	fix_cross_2: autoDraw = False
2026-07-31_15:38:34.132311 	EXP 	breaks_instruction: text = 'Pause, die Aufgabe geht gleich weiter.\nEs sind noch 9 Blöcke übrig.'
2026-07-31_15:38:34.132311 	EXP 	instruction_continuebreak: text = 'Die Pause ist vorbei.\nBitte drücken Sie eine beliebige Taste,\nsobald sie bereit sind, weiterzumachen.'
2026-07-31_15:38:34.132311 	EXP 	breaks_instruction: autoDraw = False
2026-07-31_15:38:34.132311 	EXP 	progress_bar_breaks: autoDraw = False
2026-07-31_15:38:34.132311 	EXP 	instruction_continuebreak: autoDraw = False
2026-07-31_15:38:34.132311 	EXP 	image: image = 'stimuli\\dog\\dog_15.jpg'
2026-07-31_15:38:34.132311 	EXP 	image: autoDraw = True
2026-07-31_15:38:34.881990 	EXP 	spoken_word: sampleRate = 44100
2026-07-31_15:38:34.884502 	INFO 	Resampled audio from 44100Hz to 48000Hz using method 'default'.
2026-07-31_15:38:34.884536 	DEBUG 	Converted audio clip from mono to stereo
2026-07-31_15:38:34.886447 	EXP 	spoken_word: sampleRate = 44100
2026-07-31_15:38:34.888559 	INFO 	Resampled audio from 44100Hz to 48000Hz using method 'default'.
2026-07-31_15:38:34.888577 	DEBUG 	Converted audio clip from mono to stereo
2026-07-31_15:38:34.889037 	EXP 	Sound spoken_word reached end of file
110.0194 	EXP 	Playing sound spoken_word on speaker Lautsprecher (Realtek(R) Audio)
2026-07-31_15:38:34.910007 	INFO 	Keyboard events cleared
2026-07-31_15:38:34.909705 	EXP 	image: autoDraw = False
2026-07-31_15:38:34.909705 	EXP 	image: autoDraw = False
2026-07-31_15:38:34.909705 	EXP 	fix_cross: foreColor = <psychopy.colors.Color: white, alpha=1.0>
2026-07-31_15:38:34.909705 	EXP 	fix_cross: autoDraw = True
2026-07-31_15:38:35.361545 	EXP 	Sound spoken_word reached end of file
2026-07-31_15:38:35.379704 	EXP 	Sound spoken_word reached end of file
2026-07-31_15:38:36.409967 	EXP 	fix_cross: autoDraw = False
2026-07-31_15:38:36.409967 	EXP 	fix_cross: foreColor = <psychopy.colors.Color: green, alpha=1.0>
2026-07-31_15:38:36.409967 	EXP 	fix_cross: autoDraw = True
2026-07-31_15:38:36.433178 	EXP 	fix_cross: autoDraw = False
2026-07-31_15:38:36.433178 	EXP 	fix_cross: autoDraw = True
2026-07-31_15:38:36.443933 	EXP 	fix_cross: autoDraw = False
2026-07-31_15:38:36.443933 	EXP 	fix_cross: autoDraw = True
2026-07-31_15:38:36.460687 	EXP 	fix_cross: autoDraw = False
2026-07-31_15:38:36.460687 	EXP 	fix_cross: autoDraw = True
2026-07-31_15:38:36.477334 	EXP 	fix_cross: autoDraw = False
2026-07-31_15:38:36.477334 	EXP 	fix_cross: autoDraw = True
2026-07-31_15:38:36.494683 	EXP 	fix_cross: autoDraw = False
2026-07-31_15:38:36.494683 	EXP 	fix_cross: autoDraw = True
2026-07-31_15:38:36.510045 	EXP 	fix_cross: autoDraw = False
2026-07-31_15:38:36.510045 	EXP 	fix_cross: autoDraw = True
2026-07-31_15:38:36.527624 	EXP 	fix_cross: autoDraw = False
2026-07-31_15:38:36.527624 	EXP 	fix_cross: autoDraw = True
2026-07-31_15:38:36.548614 	EXP 	fix_cross: autoDraw = False
2026-07-31_15:38:36.548614 	EXP 	fix_cross: autoDraw = True
2026-07-31_15:38:36.560276 	EXP 	fix_cross: autoDraw = False
2026-07-31_15:38:36.560276 	EXP 	fix_cross: autoDraw = True
2026-07-31_15:38:36.578245 	EXP 	fix_cross: autoDraw = False
2026-07-31_15:38:36.578245 	EXP 	fix_cross: autoDraw = True
2026-07-31_15:38:36.593382 	EXP 	fix_cross: autoDraw = False
2026-07-31_15:38:36.593382 	EXP 	fix_cross: autoDraw = True
2026-07-31_15:38:36.611536 	EXP 	fix_cross: autoDraw = False
2026-07-31_15:38:36.611536 	EXP 	fix_cross: autoDraw = True
2026-07-31_15:38:36.627507 	EXP 	fix_cross: autoDraw = False
2026-07-31_15:38:36.627507 	EXP 	fix_cross: autoDraw = True
2026-07-31_15:38:36.627507 	EXP 	fix_cross: autoDraw = False
2026-07-31_15:38:36.627507 	EXP 	fix_cross_2: autoDraw = True
2026-07-31_15:38:37.614143 	EXP 	New trial (rep=0, index=14): <Trial 14 (14 in rep 0) data={'block': 1, 'trial_in_block': 15, 'concept': 'chair', 'concept_num': 4, 'concept_num_word': 4, 'exemplar_num': 40, 'image_shown': 'chair\\chair_40.jpg', 'word_shown_english': 'chair', 'word_shown_german': 'Stuhl', 'word_shown_french': 'Chaise', 'is_prompt': 1, 'is_mismatch': 0, 'ITI_length': 0.92, 'correct_response': None, 'nonmatch_pres_side': None, 'thisN': 14, 'thisTrialN': 14, 'thisRepN': 0}>
2026-07-31_15:38:37.663396 	EXP 	fix_cross_2: autoDraw = False
2026-07-31_15:38:37.663396 	EXP 	fix_cross_2: autoDraw = False
2026-07-31_15:38:37.663396 	EXP 	breaks_instruction: text = 'Pause, die Aufgabe geht gleich weiter.\nEs sind noch 9 Blöcke übrig.'
2026-07-31_15:38:37.663396 	EXP 	instruction_continuebreak: text = 'Die Pause ist vorbei.\nBitte drücken Sie eine beliebige Taste,\nsobald sie bereit sind, weiterzumachen.'
2026-07-31_15:38:37.663396 	EXP 	breaks_instruction: autoDraw = False
2026-07-31_15:38:37.663396 	EXP 	progress_bar_breaks: autoDraw = False
2026-07-31_15:38:37.663396 	EXP 	instruction_continuebreak: autoDraw = False
2026-07-31_15:38:37.663396 	EXP 	image: image = 'stimuli\\chair\\chair_40.jpg'
2026-07-31_15:38:37.663396 	EXP 	image: autoDraw = True
2026-07-31_15:38:38.405352 	EXP 	spoken_word: sampleRate = 44100
2026-07-31_15:38:38.409179 	INFO 	Resampled audio from 44100Hz to 48000Hz using method 'default'.
2026-07-31_15:38:38.409209 	DEBUG 	Converted audio clip from mono to stereo
2026-07-31_15:38:38.411210 	EXP 	spoken_word: sampleRate = 44100
2026-07-31_15:38:38.413719 	INFO 	Resampled audio from 44100Hz to 48000Hz using method 'default'.
2026-07-31_15:38:38.413745 	DEBUG 	Converted audio clip from mono to stereo
2026-07-31_15:38:38.414057 	EXP 	Sound spoken_word reached end of file
113.5417 	EXP 	Playing sound spoken_word on speaker Lautsprecher (Realtek(R) Audio)
2026-07-31_15:38:38.426599 	INFO 	Keyboard events cleared
2026-07-31_15:38:38.426343 	EXP 	image: autoDraw = False
2026-07-31_15:38:38.426343 	EXP 	image: autoDraw = False
2026-07-31_15:38:38.426343 	EXP 	fix_cross: foreColor = <psychopy.colors.Color: white, alpha=1.0>
2026-07-31_15:38:38.426343 	EXP 	fix_cross: autoDraw = True
2026-07-31_15:38:38.952440 	EXP 	Sound spoken_word reached end of file
2026-07-31_15:38:38.962433 	EXP 	Sound spoken_word reached end of file
2026-07-31_15:38:39.930552 	EXP 	fix_cross: autoDraw = False
2026-07-31_15:38:39.930552 	EXP 	fix_cross: foreColor = <psychopy.colors.Color: green, alpha=1.0>
2026-07-31_15:38:39.930552 	EXP 	fix_cross: autoDraw = True
2026-07-31_15:38:39.942709 	EXP 	fix_cross: autoDraw = False
2026-07-31_15:38:39.942709 	EXP 	fix_cross: autoDraw = True
2026-07-31_15:38:39.959997 	EXP 	fix_cross: autoDraw = False
2026-07-31_15:38:39.959997 	EXP 	fix_cross: autoDraw = True
2026-07-31_15:38:39.976909 	EXP 	fix_cross: autoDraw = False
2026-07-31_15:38:39.976909 	EXP 	fix_cross: autoDraw = True
2026-07-31_15:38:39.992620 	EXP 	fix_cross: autoDraw = False
2026-07-31_15:38:39.992620 	EXP 	fix_cross: autoDraw = True
2026-07-31_15:38:40.010363 	EXP 	fix_cross: autoDraw = False
2026-07-31_15:38:40.010363 	EXP 	fix_cross: autoDraw = True
2026-07-31_15:38:40.026645 	EXP 	fix_cross: autoDraw = False
2026-07-31_15:38:40.026645 	EXP 	fix_cross: autoDraw = True
2026-07-31_15:38:40.047711 	EXP 	fix_cross: autoDraw = False
2026-07-31_15:38:40.047711 	EXP 	fix_cross: autoDraw = True
2026-07-31_15:38:40.059925 	EXP 	fix_cross: autoDraw = False
2026-07-31_15:38:40.059925 	EXP 	fix_cross: autoDraw = True
2026-07-31_15:38:40.076107 	EXP 	fix_cross: autoDraw = False
2026-07-31_15:38:40.076107 	EXP 	fix_cross: autoDraw = True
2026-07-31_15:38:40.092316 	EXP 	fix_cross: autoDraw = False
2026-07-31_15:38:40.092316 	EXP 	fix_cross: autoDraw = True
2026-07-31_15:38:40.108926 	EXP 	fix_cross: autoDraw = False
2026-07-31_15:38:40.108926 	EXP 	fix_cross: autoDraw = True
2026-07-31_15:38:40.126377 	EXP 	fix_cross: autoDraw = False
2026-07-31_15:38:40.126377 	EXP 	fix_cross: autoDraw = True
2026-07-31_15:38:40.147589 	EXP 	fix_cross: autoDraw = False
2026-07-31_15:38:40.147589 	EXP 	fix_cross: autoDraw = True
2026-07-31_15:38:40.147589 	EXP 	fix_cross: autoDraw = False
2026-07-31_15:38:40.147589 	EXP 	fix_cross_2: autoDraw = True
2026-07-31_15:38:41.062649 	EXP 	New trial (rep=0, index=15): <Trial 15 (15 in rep 0) data={'block': 1, 'trial_in_block': 16, 'concept': 'ball', 'concept_num': 1, 'concept_num_word': 1, 'exemplar_num': 36, 'image_shown': 'ball\\ball_36.jpg', 'word_shown_english': 'ball', 'word_shown_german': 'Ball', 'word_shown_french': 'Ballon', 'is_prompt': 1, 'is_mismatch': 0, 'ITI_length': 0.9, 'correct_response': None, 'nonmatch_pres_side': None, 'thisN': 15, 'thisTrialN': 15, 'thisRepN': 0}>
2026-07-31_15:38:41.150194 	EXP 	fix_cross_2: autoDraw = False
2026-07-31_15:38:41.150194 	EXP 	fix_cross_2: autoDraw = False
2026-07-31_15:38:41.150194 	EXP 	breaks_instruction: text = 'Pause, die Aufgabe geht gleich weiter.\nEs sind noch 9 Blöcke übrig.'
2026-07-31_15:38:41.150194 	EXP 	instruction_continuebreak: text = 'Die Pause ist vorbei.\nBitte drücken Sie eine beliebige Taste,\nsobald sie bereit sind, weiterzumachen.'
2026-07-31_15:38:41.150194 	EXP 	breaks_instruction: autoDraw = False
2026-07-31_15:38:41.150194 	EXP 	progress_bar_breaks: autoDraw = False
2026-07-31_15:38:41.150194 	EXP 	instruction_continuebreak: autoDraw = False
2026-07-31_15:38:41.150194 	EXP 	image: image = 'stimuli\\ball\\ball_36.jpg'
2026-07-31_15:38:41.150194 	EXP 	image: autoDraw = True
2026-07-31_15:38:41.906157 	EXP 	spoken_word: sampleRate = 24000
2026-07-31_15:38:41.908629 	INFO 	Resampled audio from 24000Hz to 48000Hz using method 'default'.
2026-07-31_15:38:41.908697 	DEBUG 	Converted audio clip from mono to stereo
2026-07-31_15:38:41.910454 	EXP 	spoken_word: sampleRate = 24000
2026-07-31_15:38:41.911849 	INFO 	Resampled audio from 24000Hz to 48000Hz using method 'default'.
2026-07-31_15:38:41.911870 	DEBUG 	Converted audio clip from mono to stereo
2026-07-31_15:38:41.912208 	EXP 	Sound spoken_word reached end of file
117.0387 	EXP 	Playing sound spoken_word on speaker Lautsprecher (Realtek(R) Audio)
2026-07-31_15:38:41.925142 	INFO 	Keyboard events cleared
2026-07-31_15:38:41.924909 	EXP 	image: autoDraw = False
2026-07-31_15:38:41.924909 	EXP 	image: autoDraw = False
2026-07-31_15:38:41.924909 	EXP 	fix_cross: foreColor = <psychopy.colors.Color: white, alpha=1.0>
2026-07-31_15:38:41.924909 	EXP 	fix_cross: autoDraw = True
2026-07-31_15:38:42.675727 	EXP 	Sound spoken_word reached end of file
2026-07-31_15:38:42.694011 	EXP 	Sound spoken_word reached end of file
2026-07-31_15:38:43.431035 	EXP 	fix_cross: autoDraw = False
2026-07-31_15:38:43.431035 	EXP 	fix_cross: foreColor = <psychopy.colors.Color: green, alpha=1.0>
2026-07-31_15:38:43.431035 	EXP 	fix_cross: autoDraw = True
2026-07-31_15:38:43.442550 	EXP 	fix_cross: autoDraw = False
2026-07-31_15:38:43.442550 	EXP 	fix_cross: autoDraw = True
2026-07-31_15:38:43.458594 	EXP 	fix_cross: autoDraw = False
2026-07-31_15:38:43.458594 	EXP 	fix_cross: autoDraw = True
2026-07-31_15:38:43.475315 	EXP 	fix_cross: autoDraw = False
2026-07-31_15:38:43.475315 	EXP 	fix_cross: autoDraw = True
2026-07-31_15:38:43.491633 	EXP 	fix_cross: autoDraw = False
2026-07-31_15:38:43.491633 	EXP 	fix_cross: autoDraw = True
2026-07-31_15:38:43.508410 	EXP 	fix_cross: autoDraw = False
2026-07-31_15:38:43.508410 	EXP 	fix_cross: autoDraw = True
2026-07-31_15:38:43.530302 	EXP 	fix_cross: autoDraw = False
2026-07-31_15:38:43.530302 	EXP 	fix_cross: autoDraw = True
2026-07-31_15:38:43.542457 	EXP 	fix_cross: autoDraw = False
2026-07-31_15:38:43.542457 	EXP 	fix_cross: autoDraw = True
2026-07-31_15:38:43.558626 	EXP 	fix_cross: autoDraw = False
2026-07-31_15:38:43.558626 	EXP 	fix_cross: autoDraw = True
2026-07-31_15:38:43.575329 	EXP 	fix_cross: autoDraw = False
2026-07-31_15:38:43.575329 	EXP 	fix_cross: autoDraw = True
2026-07-31_15:38:43.592152 	EXP 	fix_cross: autoDraw = False
2026-07-31_15:38:43.592152 	EXP 	fix_cross: autoDraw = True
2026-07-31_15:38:43.607750 	EXP 	fix_cross: autoDraw = False
2026-07-31_15:38:43.607750 	EXP 	fix_cross: autoDraw = True
2026-07-31_15:38:43.625598 	EXP 	fix_cross: autoDraw = False
2026-07-31_15:38:43.625598 	EXP 	fix_cross: autoDraw = True
2026-07-31_15:38:43.646494 	EXP 	fix_cross: autoDraw = False
2026-07-31_15:38:43.646494 	EXP 	fix_cross: autoDraw = True
2026-07-31_15:38:43.646494 	EXP 	fix_cross: autoDraw = False
2026-07-31_15:38:43.646494 	EXP 	fix_cross_2: autoDraw = True
2026-07-31_15:38:44.533200 	EXP 	New trial (rep=0, index=16): <Trial 16 (16 in rep 0) data={'block': 1, 'trial_in_block': 17, 'concept': 'bicycle', 'concept_num': 2, 'concept_num_word': 2, 'exemplar_num': 10, 'image_shown': 'bicycle\\bicycle_10.jpg', 'word_shown_english': 'bicycle', 'word_shown_german': 'Fahrrad', 'word_shown_french': 'Vélo', 'is_prompt': 1, 'is_mismatch': 0, 'ITI_length': 1.01, 'correct_response': None, 'nonmatch_pres_side': None, 'thisN': 16, 'thisTrialN': 16, 'thisRepN': 0}>
2026-07-31_15:38:44.582886 	EXP 	fix_cross_2: autoDraw = False
2026-07-31_15:38:44.582886 	EXP 	fix_cross_2: autoDraw = False
2026-07-31_15:38:44.582886 	EXP 	breaks_instruction: text = 'Pause, die Aufgabe geht gleich weiter.\nEs sind noch 9 Blöcke übrig.'
2026-07-31_15:38:44.582886 	EXP 	instruction_continuebreak: text = 'Die Pause ist vorbei.\nBitte drücken Sie eine beliebige Taste,\nsobald sie bereit sind, weiterzumachen.'
2026-07-31_15:38:44.582886 	EXP 	breaks_instruction: autoDraw = False
2026-07-31_15:38:44.582886 	EXP 	progress_bar_breaks: autoDraw = False
2026-07-31_15:38:44.582886 	EXP 	instruction_continuebreak: autoDraw = False
2026-07-31_15:38:44.582886 	EXP 	image: image = 'stimuli\\bicycle\\bicycle_10.jpg'
2026-07-31_15:38:44.582886 	EXP 	image: autoDraw = True
2026-07-31_15:38:45.329137 	EXP 	spoken_word: sampleRate = 48000
2026-07-31_15:38:45.330111 	DEBUG 	Converted audio clip from mono to stereo
2026-07-31_15:38:45.331557 	EXP 	spoken_word: sampleRate = 48000
2026-07-31_15:38:45.332585 	DEBUG 	Converted audio clip from mono to stereo
2026-07-31_15:38:45.333317 	EXP 	Sound spoken_word reached end of file
120.4661 	EXP 	Playing sound spoken_word on speaker Lautsprecher (Realtek(R) Audio)
2026-07-31_15:38:45.341830 	INFO 	Keyboard events cleared
2026-07-31_15:38:45.341444 	EXP 	image: autoDraw = False
2026-07-31_15:38:45.341444 	EXP 	image: autoDraw = False
2026-07-31_15:38:45.341444 	EXP 	fix_cross: foreColor = <psychopy.colors.Color: white, alpha=1.0>
2026-07-31_15:38:45.341444 	EXP 	fix_cross: autoDraw = True
2026-07-31_15:38:46.017169 	EXP 	Sound spoken_word reached end of file
2026-07-31_15:38:46.031381 	EXP 	Sound spoken_word reached end of file
2026-07-31_15:38:46.858329 	EXP 	fix_cross: autoDraw = False
2026-07-31_15:38:46.858329 	EXP 	fix_cross: foreColor = <psychopy.colors.Color: green, alpha=1.0>
2026-07-31_15:38:46.858329 	EXP 	fix_cross: autoDraw = True
2026-07-31_15:38:46.874720 	EXP 	fix_cross: autoDraw = False
2026-07-31_15:38:46.874720 	EXP 	fix_cross: autoDraw = True
2026-07-31_15:38:46.891765 	EXP 	fix_cross: autoDraw = False
2026-07-31_15:38:46.891765 	EXP 	fix_cross: autoDraw = True
2026-07-31_15:38:46.908768 	EXP 	fix_cross: autoDraw = False
2026-07-31_15:38:46.908768 	EXP 	fix_cross: autoDraw = True
2026-07-31_15:38:46.928799 	EXP 	fix_cross: autoDraw = False
2026-07-31_15:38:46.928799 	EXP 	fix_cross: autoDraw = True
2026-07-31_15:38:46.941480 	EXP 	fix_cross: autoDraw = False
2026-07-31_15:38:46.941480 	EXP 	fix_cross: autoDraw = True
2026-07-31_15:38:46.957948 	EXP 	fix_cross: autoDraw = False
2026-07-31_15:38:46.957948 	EXP 	fix_cross: autoDraw = True
2026-07-31_15:38:46.974952 	EXP 	fix_cross: autoDraw = False
2026-07-31_15:38:46.974952 	EXP 	fix_cross: autoDraw = True
2026-07-31_15:38:46.991629 	EXP 	fix_cross: autoDraw = False
2026-07-31_15:38:46.991629 	EXP 	fix_cross: autoDraw = True
2026-07-31_15:38:47.007223 	EXP 	fix_cross: autoDraw = False
2026-07-31_15:38:47.007223 	EXP 	fix_cross: autoDraw = True
2026-07-31_15:38:47.024814 	EXP 	fix_cross: autoDraw = False
2026-07-31_15:38:47.024814 	EXP 	fix_cross: autoDraw = True
2026-07-31_15:38:47.046661 	EXP 	fix_cross: autoDraw = False
2026-07-31_15:38:47.046661 	EXP 	fix_cross: autoDraw = True
2026-07-31_15:38:47.057998 	EXP 	fix_cross: autoDraw = False
2026-07-31_15:38:47.057998 	EXP 	fix_cross: autoDraw = True
2026-07-31_15:38:47.057998 	EXP 	fix_cross: autoDraw = False
2026-07-31_15:38:47.057998 	EXP 	fix_cross_2: autoDraw = True
2026-07-31_15:38:48.061155 	EXP 	New trial (rep=0, index=17): <Trial 17 (17 in rep 0) data={'block': 1, 'trial_in_block': 18, 'concept': 'hand', 'concept_num': 8, 'concept_num_word': 8, 'exemplar_num': 19, 'image_shown': 'hand\\hand_19.jpg', 'word_shown_english': 'hand', 'word_shown_german': 'Hand', 'word_shown_french': 'Main', 'is_prompt': 1, 'is_mismatch': 0, 'ITI_length': 1.1, 'correct_response': None, 'nonmatch_pres_side': None, 'thisN': 17, 'thisTrialN': 17, 'thisRepN': 0}>
2026-07-31_15:38:48.109121 	EXP 	fix_cross_2: autoDraw = False
2026-07-31_15:38:48.109121 	EXP 	fix_cross_2: autoDraw = False
2026-07-31_15:38:48.109121 	EXP 	breaks_instruction: text = 'Pause, die Aufgabe geht gleich weiter.\nEs sind noch 9 Blöcke übrig.'
2026-07-31_15:38:48.109121 	EXP 	instruction_continuebreak: text = 'Die Pause ist vorbei.\nBitte drücken Sie eine beliebige Taste,\nsobald sie bereit sind, weiterzumachen.'
2026-07-31_15:38:48.109121 	EXP 	breaks_instruction: autoDraw = False
2026-07-31_15:38:48.109121 	EXP 	progress_bar_breaks: autoDraw = False
2026-07-31_15:38:48.109121 	EXP 	instruction_continuebreak: autoDraw = False
2026-07-31_15:38:48.109121 	EXP 	image: image = 'stimuli\\hand\\hand_19.jpg'
2026-07-31_15:38:48.109121 	EXP 	image: autoDraw = True
2026-07-31_15:38:48.862209 	EXP 	spoken_word: sampleRate = 44100
2026-07-31_15:38:48.864864 	INFO 	Resampled audio from 44100Hz to 48000Hz using method 'default'.
2026-07-31_15:38:48.864905 	DEBUG 	Converted audio clip from mono to stereo
2026-07-31_15:38:48.866847 	EXP 	spoken_word: sampleRate = 44100
2026-07-31_15:38:48.870415 	INFO 	Resampled audio from 44100Hz to 48000Hz using method 'default'.
2026-07-31_15:38:48.870475 	DEBUG 	Converted audio clip from mono to stereo
2026-07-31_15:38:48.870895 	EXP 	Sound spoken_word reached end of file
123.9984 	EXP 	Playing sound spoken_word on speaker Lautsprecher (Realtek(R) Audio)
2026-07-31_15:38:48.890727 	INFO 	Keyboard events cleared
2026-07-31_15:38:48.890462 	EXP 	image: autoDraw = False
2026-07-31_15:38:48.890462 	EXP 	image: autoDraw = False
2026-07-31_15:38:48.890462 	EXP 	fix_cross: foreColor = <psychopy.colors.Color: white, alpha=1.0>
2026-07-31_15:38:48.890462 	EXP 	fix_cross: autoDraw = True
2026-07-31_15:38:49.345087 	EXP 	Sound spoken_word reached end of file
2026-07-31_15:38:49.359153 	EXP 	Sound spoken_word reached end of file
2026-07-31_15:38:50.388945 	EXP 	fix_cross: foreColor = <psychopy.colors.Color: green, alpha=1.0>
2026-07-31_15:38:50.405605 	EXP 	fix_cross: autoDraw = False
2026-07-31_15:38:50.405605 	EXP 	fix_cross: autoDraw = True
2026-07-31_15:38:50.428068 	EXP 	fix_cross: autoDraw = False
2026-07-31_15:38:50.428068 	EXP 	fix_cross: autoDraw = True
2026-07-31_15:38:50.440754 	EXP 	fix_cross: autoDraw = False
2026-07-31_15:38:50.440754 	EXP 	fix_cross: autoDraw = True
2026-07-31_15:38:50.457513 	EXP 	fix_cross: autoDraw = False
2026-07-31_15:38:50.457513 	EXP 	fix_cross: autoDraw = True
2026-07-31_15:38:50.473619 	EXP 	fix_cross: autoDraw = False
2026-07-31_15:38:50.473619 	EXP 	fix_cross: autoDraw = True
2026-07-31_15:38:50.490903 	EXP 	fix_cross: autoDraw = False
2026-07-31_15:38:50.490903 	EXP 	fix_cross: autoDraw = True
2026-07-31_15:38:50.506411 	EXP 	fix_cross: autoDraw = False
2026-07-31_15:38:50.506411 	EXP 	fix_cross: autoDraw = True
2026-07-31_15:38:50.522315 	EXP 	fix_cross: autoDraw = False
2026-07-31_15:38:50.522315 	EXP 	fix_cross: autoDraw = True
2026-07-31_15:38:50.544000 	EXP 	fix_cross: autoDraw = False
2026-07-31_15:38:50.544000 	EXP 	fix_cross: autoDraw = True
2026-07-31_15:38:50.556419 	EXP 	fix_cross: autoDraw = False
2026-07-31_15:38:50.556419 	EXP 	fix_cross: autoDraw = True
2026-07-31_15:38:50.572274 	EXP 	fix_cross: autoDraw = False
2026-07-31_15:38:50.572274 	EXP 	fix_cross: autoDraw = True
2026-07-31_15:38:50.589535 	EXP 	fix_cross: autoDraw = False
2026-07-31_15:38:50.589535 	EXP 	fix_cross: autoDraw = True
2026-07-31_15:38:50.589535 	EXP 	fix_cross: autoDraw = False
2026-07-31_15:38:50.589535 	EXP 	fix_cross_2: autoDraw = True
2026-07-31_15:38:51.676922 	EXP 	New trial (rep=0, index=18): <Trial 18 (18 in rep 0) data={'block': 1, 'trial_in_block': 19, 'concept': 'bread', 'concept_num': 3, 'concept_num_word': 3, 'exemplar_num': 47, 'image_shown': 'bread\\bread_47.jpg', 'word_shown_english': 'bread', 'word_shown_german': 'Brot', 'word_shown_french': 'Pain', 'is_prompt': 1, 'is_mismatch': 0, 'ITI_length': 0.87, 'correct_response': None, 'nonmatch_pres_side': None, 'thisN': 18, 'thisTrialN': 18, 'thisRepN': 0}>
2026-07-31_15:38:51.763850 	EXP 	fix_cross_2: autoDraw = False
2026-07-31_15:38:51.763850 	EXP 	fix_cross_2: autoDraw = False
2026-07-31_15:38:51.763850 	EXP 	breaks_instruction: text = 'Pause, die Aufgabe geht gleich weiter.\nEs sind noch 9 Blöcke übrig.'
2026-07-31_15:38:51.763850 	EXP 	instruction_continuebreak: text = 'Die Pause ist vorbei.\nBitte drücken Sie eine beliebige Taste,\nsobald sie bereit sind, weiterzumachen.'
2026-07-31_15:38:51.763850 	EXP 	breaks_instruction: autoDraw = False
2026-07-31_15:38:51.763850 	EXP 	progress_bar_breaks: autoDraw = False
2026-07-31_15:38:51.763850 	EXP 	instruction_continuebreak: autoDraw = False
2026-07-31_15:38:51.763850 	EXP 	image: image = 'stimuli\\bread\\bread_47.jpg'
2026-07-31_15:38:51.763850 	EXP 	image: autoDraw = True
2026-07-31_15:38:52.515520 	EXP 	spoken_word: sampleRate = 24000
2026-07-31_15:38:52.517896 	INFO 	Resampled audio from 24000Hz to 48000Hz using method 'default'.
2026-07-31_15:38:52.517926 	DEBUG 	Converted audio clip from mono to stereo
2026-07-31_15:38:52.519727 	EXP 	spoken_word: sampleRate = 24000
2026-07-31_15:38:52.521798 	INFO 	Resampled audio from 24000Hz to 48000Hz using method 'default'.
2026-07-31_15:38:52.521831 	DEBUG 	Converted audio clip from mono to stereo
2026-07-31_15:38:52.522407 	EXP 	Sound spoken_word reached end of file
127.6519 	EXP 	Playing sound spoken_word on speaker Lautsprecher (Realtek(R) Audio)
2026-07-31_15:38:52.538229 	INFO 	Keyboard events cleared
2026-07-31_15:38:52.537963 	EXP 	image: autoDraw = False
2026-07-31_15:38:52.537963 	EXP 	image: autoDraw = False
2026-07-31_15:38:52.537963 	EXP 	fix_cross: foreColor = <psychopy.colors.Color: white, alpha=1.0>
2026-07-31_15:38:52.537963 	EXP 	fix_cross: autoDraw = True
2026-07-31_15:38:53.425212 	EXP 	Sound spoken_word reached end of file
2026-07-31_15:38:53.441887 	EXP 	Sound spoken_word reached end of file
2026-07-31_15:38:54.038659 	EXP 	fix_cross: autoDraw = False
2026-07-31_15:38:54.038659 	EXP 	fix_cross: foreColor = <psychopy.colors.Color: green, alpha=1.0>
2026-07-31_15:38:54.038659 	EXP 	fix_cross: autoDraw = True
2026-07-31_15:38:54.058834 	EXP 	fix_cross: autoDraw = False
2026-07-31_15:38:54.058834 	EXP 	fix_cross: autoDraw = True
2026-07-31_15:38:54.071513 	EXP 	fix_cross: autoDraw = False
2026-07-31_15:38:54.071513 	EXP 	fix_cross: autoDraw = True
2026-07-31_15:38:54.089118 	EXP 	fix_cross: autoDraw = False
2026-07-31_15:38:54.089118 	EXP 	fix_cross: autoDraw = True
2026-07-31_15:38:54.105264 	EXP 	fix_cross: autoDraw = False
2026-07-31_15:38:54.105264 	EXP 	fix_cross: autoDraw = True
2026-07-31_15:38:54.122261 	EXP 	fix_cross: autoDraw = False
2026-07-31_15:38:54.122261 	EXP 	fix_cross: autoDraw = True
2026-07-31_15:38:54.138897 	EXP 	fix_cross: autoDraw = False
2026-07-31_15:38:54.138897 	EXP 	fix_cross: autoDraw = True
2026-07-31_15:38:54.159068 	EXP 	fix_cross: autoDraw = False
2026-07-31_15:38:54.159068 	EXP 	fix_cross: autoDraw = True
2026-07-31_15:38:54.171409 	EXP 	fix_cross: autoDraw = False
2026-07-31_15:38:54.171409 	EXP 	fix_cross: autoDraw = True
2026-07-31_15:38:54.188607 	EXP 	fix_cross: autoDraw = False
2026-07-31_15:38:54.188607 	EXP 	fix_cross: autoDraw = True
2026-07-31_15:38:54.204661 	EXP 	fix_cross: autoDraw = False
2026-07-31_15:38:54.204661 	EXP 	fix_cross: autoDraw = True
2026-07-31_15:38:54.222069 	EXP 	fix_cross: autoDraw = False
2026-07-31_15:38:54.222069 	EXP 	fix_cross: autoDraw = True
2026-07-31_15:38:54.238530 	EXP 	fix_cross: autoDraw = False
2026-07-31_15:38:54.238530 	EXP 	fix_cross: autoDraw = True
2026-07-31_15:38:54.255670 	EXP 	fix_cross: autoDraw = False
2026-07-31_15:38:54.255670 	EXP 	fix_cross: autoDraw = True
2026-07-31_15:38:54.255670 	EXP 	fix_cross: autoDraw = False
2026-07-31_15:38:54.255670 	EXP 	fix_cross_2: autoDraw = True
2026-07-31_15:38:55.124613 	EXP 	Device response: <KeyPress from None: t=130.2357368999983, value=e, duration=None>
2026-07-31_15:38:55.124932 	EXP 	New trial (rep=0, index=19): <Trial 19 (19 in rep 0) data={'block': 1, 'trial_in_block': 20, 'concept': 'ball', 'concept_num': 1, 'concept_num_word': 1, 'exemplar_num': 4, 'image_shown': 'ball\\ball_04.jpg', 'word_shown_english': 'ball', 'word_shown_german': 'Ball', 'word_shown_french': 'Ballon', 'is_prompt': 1, 'is_mismatch': 0, 'ITI_length': 1.09, 'correct_response': None, 'nonmatch_pres_side': None, 'thisN': 19, 'thisTrialN': 19, 'thisRepN': 0}>
2026-07-31_15:38:55.149648 	DATA 	Keypress: e
2026-07-31_15:38:55.176914 	EXP 	fix_cross_2: autoDraw = False
2026-07-31_15:38:55.176914 	EXP 	fix_cross_2: autoDraw = False
2026-07-31_15:38:55.176914 	EXP 	breaks_instruction: text = 'Pause, die Aufgabe geht gleich weiter.\nEs sind noch 9 Blöcke übrig.'
2026-07-31_15:38:55.176914 	EXP 	instruction_continuebreak: text = 'Die Pause ist vorbei.\nBitte drücken Sie eine beliebige Taste,\nsobald sie bereit sind, weiterzumachen.'
2026-07-31_15:38:55.176914 	EXP 	breaks_instruction: autoDraw = False
2026-07-31_15:38:55.176914 	EXP 	progress_bar_breaks: autoDraw = False
2026-07-31_15:38:55.176914 	EXP 	instruction_continuebreak: autoDraw = False
2026-07-31_15:38:55.176914 	EXP 	image: image = 'stimuli\\ball\\ball_04.jpg'
2026-07-31_15:38:55.176914 	EXP 	image: autoDraw = True
2026-07-31_15:38:55.307598 	EXP 	Device response: <KeyPress from None: t=130.2357368999983, value=e, duration=0.1903496000013547>
2026-07-31_15:38:55.926000 	EXP 	spoken_word: sampleRate = 24000
2026-07-31_15:38:55.927777 	INFO 	Resampled audio from 24000Hz to 48000Hz using method 'default'.
2026-07-31_15:38:55.927813 	DEBUG 	Converted audio clip from mono to stereo
2026-07-31_15:38:55.929410 	EXP 	spoken_word: sampleRate = 24000
2026-07-31_15:38:55.931014 	INFO 	Resampled audio from 24000Hz to 48000Hz using method 'default'.
2026-07-31_15:38:55.931032 	DEBUG 	Converted audio clip from mono to stereo
2026-07-31_15:38:55.931361 	EXP 	Sound spoken_word reached end of file
131.0627 	EXP 	Playing sound spoken_word on speaker Lautsprecher (Realtek(R) Audio)
2026-07-31_15:38:55.953429 	INFO 	Keyboard events cleared
2026-07-31_15:38:55.953147 	EXP 	image: autoDraw = False
2026-07-31_15:38:55.953147 	EXP 	image: autoDraw = False
2026-07-31_15:38:55.953147 	EXP 	fix_cross: foreColor = <psychopy.colors.Color: white, alpha=1.0>
2026-07-31_15:38:55.953147 	EXP 	fix_cross: autoDraw = True
2026-07-31_15:38:56.692122 	EXP 	Sound spoken_word reached end of file
2026-07-31_15:38:56.706100 	EXP 	Sound spoken_word reached end of file
2026-07-31_15:38:57.442981 	EXP 	fix_cross: foreColor = <psychopy.colors.Color: green, alpha=1.0>
2026-07-31_15:38:57.454527 	EXP 	fix_cross: autoDraw = False
2026-07-31_15:38:57.454527 	EXP 	fix_cross: autoDraw = True
2026-07-31_15:38:57.471369 	EXP 	fix_cross: autoDraw = False
2026-07-31_15:38:57.471369 	EXP 	fix_cross: autoDraw = True
2026-07-31_15:38:57.487832 	EXP 	fix_cross: autoDraw = False
2026-07-31_15:38:57.487832 	EXP 	fix_cross: autoDraw = True
2026-07-31_15:38:57.504228 	EXP 	fix_cross: autoDraw = False
2026-07-31_15:38:57.504228 	EXP 	fix_cross: autoDraw = True
2026-07-31_15:38:57.522828 	EXP 	fix_cross: autoDraw = False
2026-07-31_15:38:57.522828 	EXP 	fix_cross: autoDraw = True
2026-07-31_15:38:57.539333 	EXP 	fix_cross: autoDraw = False
2026-07-31_15:38:57.539333 	EXP 	fix_cross: autoDraw = True
2026-07-31_15:38:57.559698 	EXP 	fix_cross: autoDraw = False
2026-07-31_15:38:57.559698 	EXP 	fix_cross: autoDraw = True
2026-07-31_15:38:57.570209 	EXP 	fix_cross: autoDraw = False
2026-07-31_15:38:57.570209 	EXP 	fix_cross: autoDraw = True
2026-07-31_15:38:57.588189 	EXP 	fix_cross: autoDraw = False
2026-07-31_15:38:57.588189 	EXP 	fix_cross: autoDraw = True
2026-07-31_15:38:57.604831 	EXP 	fix_cross: autoDraw = False
2026-07-31_15:38:57.604831 	EXP 	fix_cross: autoDraw = True
2026-07-31_15:38:57.620592 	EXP 	fix_cross: autoDraw = False
2026-07-31_15:38:57.620592 	EXP 	fix_cross: autoDraw = True
2026-07-31_15:38:57.637910 	EXP 	fix_cross: autoDraw = False
2026-07-31_15:38:57.637910 	EXP 	fix_cross: autoDraw = True
2026-07-31_15:38:57.659154 	EXP 	fix_cross: autoDraw = False
2026-07-31_15:38:57.659154 	EXP 	fix_cross: autoDraw = True
2026-07-31_15:38:57.659154 	EXP 	fix_cross: autoDraw = False
2026-07-31_15:38:57.659154 	EXP 	fix_cross_2: autoDraw = True
2026-07-31_15:38:58.745863 	EXP 	New trial (rep=0, index=20): <Trial 20 (20 in rep 0) data={'block': 1, 'trial_in_block': 21, 'concept': 'jacket', 'concept_num': 10, 'concept_num_word': 10, 'exemplar_num': 37, 'image_shown': 'jacket\\jacket_37.jpg', 'word_shown_english': 'jacket', 'word_shown_german': 'Jacke', 'word_shown_french': 'Veste', 'is_prompt': 1, 'is_mismatch': 0, 'ITI_length': 0.82, 'correct_response': None, 'nonmatch_pres_side': None, 'thisN': 20, 'thisTrialN': 20, 'thisRepN': 0}>
2026-07-31_15:38:58.790413 	EXP 	fix_cross_2: autoDraw = False
2026-07-31_15:38:58.790413 	EXP 	fix_cross_2: autoDraw = False
2026-07-31_15:38:58.790413 	EXP 	breaks_instruction: text = 'Pause, die Aufgabe geht gleich weiter.\nEs sind noch 9 Blöcke übrig.'
2026-07-31_15:38:58.790413 	EXP 	instruction_continuebreak: text = 'Die Pause ist vorbei.\nBitte drücken Sie eine beliebige Taste,\nsobald sie bereit sind, weiterzumachen.'
2026-07-31_15:38:58.790413 	EXP 	breaks_instruction: autoDraw = False
2026-07-31_15:38:58.790413 	EXP 	progress_bar_breaks: autoDraw = False
2026-07-31_15:38:58.790413 	EXP 	instruction_continuebreak: autoDraw = False
2026-07-31_15:38:58.790413 	EXP 	image: image = 'stimuli\\jacket\\jacket_37.jpg'
2026-07-31_15:38:58.790413 	EXP 	image: autoDraw = True
2026-07-31_15:38:59.530603 	EXP 	spoken_word: sampleRate = 44100
2026-07-31_15:38:59.535047 	INFO 	Resampled audio from 44100Hz to 48000Hz using method 'default'.
2026-07-31_15:38:59.535107 	DEBUG 	Converted audio clip from mono to stereo
2026-07-31_15:38:59.536850 	EXP 	spoken_word: sampleRate = 44100
2026-07-31_15:38:59.540889 	INFO 	Resampled audio from 44100Hz to 48000Hz using method 'default'.
2026-07-31_15:38:59.540933 	DEBUG 	Converted audio clip from mono to stereo
2026-07-31_15:38:59.541281 	EXP 	Sound spoken_word reached end of file
134.6677 	EXP 	Playing sound spoken_word on speaker Lautsprecher (Realtek(R) Audio)
2026-07-31_15:38:59.553564 	INFO 	Keyboard events cleared
2026-07-31_15:38:59.553382 	EXP 	image: autoDraw = False
2026-07-31_15:38:59.553382 	EXP 	image: autoDraw = False
2026-07-31_15:38:59.553382 	EXP 	fix_cross: foreColor = <psychopy.colors.Color: white, alpha=1.0>
2026-07-31_15:38:59.553382 	EXP 	fix_cross: autoDraw = True
2026-07-31_15:39:00.061401 	EXP 	Sound spoken_word reached end of file
2026-07-31_15:39:00.080184 	EXP 	Sound spoken_word reached end of file
2026-07-31_15:39:01.053697 	EXP 	fix_cross: autoDraw = False
2026-07-31_15:39:01.053697 	EXP 	fix_cross: foreColor = <psychopy.colors.Color: green, alpha=1.0>
2026-07-31_15:39:01.053697 	EXP 	fix_cross: autoDraw = True
2026-07-31_15:39:01.075065 	EXP 	fix_cross: autoDraw = False
2026-07-31_15:39:01.075065 	EXP 	fix_cross: autoDraw = True
2026-07-31_15:39:01.102839 	EXP 	fix_cross: autoDraw = False
2026-07-31_15:39:01.102839 	EXP 	fix_cross: autoDraw = True
2026-07-31_15:39:01.120464 	EXP 	fix_cross: autoDraw = False
2026-07-31_15:39:01.120464 	EXP 	fix_cross: autoDraw = True
2026-07-31_15:39:01.136520 	EXP 	fix_cross: autoDraw = False
2026-07-31_15:39:01.136520 	EXP 	fix_cross: autoDraw = True
2026-07-31_15:39:01.158187 	EXP 	fix_cross: autoDraw = False
2026-07-31_15:39:01.158187 	EXP 	fix_cross: autoDraw = True
2026-07-31_15:39:01.169507 	EXP 	fix_cross: autoDraw = False
2026-07-31_15:39:01.169507 	EXP 	fix_cross: autoDraw = True
2026-07-31_15:39:01.187087 	EXP 	fix_cross: autoDraw = False
2026-07-31_15:39:01.187087 	EXP 	fix_cross: autoDraw = True
2026-07-31_15:39:01.203665 	EXP 	fix_cross: autoDraw = False
2026-07-31_15:39:01.203665 	EXP 	fix_cross: autoDraw = True
2026-07-31_15:39:01.219974 	EXP 	fix_cross: autoDraw = False
2026-07-31_15:39:01.219974 	EXP 	fix_cross: autoDraw = True
2026-07-31_15:39:01.237354 	EXP 	fix_cross: autoDraw = False
2026-07-31_15:39:01.237354 	EXP 	fix_cross: autoDraw = True
2026-07-31_15:39:01.253393 	EXP 	fix_cross: autoDraw = False
2026-07-31_15:39:01.253393 	EXP 	fix_cross: autoDraw = True
2026-07-31_15:39:01.253393 	EXP 	fix_cross: autoDraw = False
2026-07-31_15:39:01.253393 	EXP 	fix_cross_2: autoDraw = True
2026-07-31_15:39:02.073314 	EXP 	New trial (rep=0, index=21): <Trial 21 (21 in rep 0) data={'block': 1, 'trial_in_block': 22, 'concept': 'bicycle', 'concept_num': 2, 'concept_num_word': 2, 'exemplar_num': 9, 'image_shown': 'bicycle\\bicycle_09.jpg', 'word_shown_english': 'bicycle', 'word_shown_german': 'Fahrrad', 'word_shown_french': 'Vélo', 'is_prompt': 1, 'is_mismatch': 0, 'ITI_length': 1.17, 'correct_response': None, 'nonmatch_pres_side': None, 'thisN': 21, 'thisTrialN': 21, 'thisRepN': 0}>
2026-07-31_15:39:02.122460 	EXP 	fix_cross_2: autoDraw = False
2026-07-31_15:39:02.122460 	EXP 	fix_cross_2: autoDraw = False
2026-07-31_15:39:02.122460 	EXP 	breaks_instruction: text = 'Pause, die Aufgabe geht gleich weiter.\nEs sind noch 9 Blöcke übrig.'
2026-07-31_15:39:02.122460 	EXP 	instruction_continuebreak: text = 'Die Pause ist vorbei.\nBitte drücken Sie eine beliebige Taste,\nsobald sie bereit sind, weiterzumachen.'
2026-07-31_15:39:02.122460 	EXP 	breaks_instruction: autoDraw = False
2026-07-31_15:39:02.122460 	EXP 	progress_bar_breaks: autoDraw = False
2026-07-31_15:39:02.122460 	EXP 	instruction_continuebreak: autoDraw = False
2026-07-31_15:39:02.122460 	EXP 	image: image = 'stimuli\\bicycle\\bicycle_09.jpg'
2026-07-31_15:39:02.122460 	EXP 	image: autoDraw = True
2026-07-31_15:39:02.874896 	EXP 	spoken_word: sampleRate = 48000
2026-07-31_15:39:02.876448 	DEBUG 	Converted audio clip from mono to stereo
2026-07-31_15:39:02.878546 	EXP 	spoken_word: sampleRate = 48000
2026-07-31_15:39:02.880019 	DEBUG 	Converted audio clip from mono to stereo
2026-07-31_15:39:02.880698 	EXP 	Sound spoken_word reached end of file
138.0110 	EXP 	Playing sound spoken_word on speaker Lautsprecher (Realtek(R) Audio)
2026-07-31_15:39:02.902458 	INFO 	Keyboard events cleared
2026-07-31_15:39:02.902213 	EXP 	image: autoDraw = False
2026-07-31_15:39:02.902213 	EXP 	image: autoDraw = False
2026-07-31_15:39:02.902213 	EXP 	fix_cross: foreColor = <psychopy.colors.Color: white, alpha=1.0>
2026-07-31_15:39:02.902213 	EXP 	fix_cross: autoDraw = True
2026-07-31_15:39:03.565969 	EXP 	Sound spoken_word reached end of file
2026-07-31_15:39:03.587292 	EXP 	Sound spoken_word reached end of file
2026-07-31_15:39:04.401547 	EXP 	fix_cross: autoDraw = False
2026-07-31_15:39:04.401547 	EXP 	fix_cross: foreColor = <psychopy.colors.Color: green, alpha=1.0>
2026-07-31_15:39:04.401547 	EXP 	fix_cross: autoDraw = True
2026-07-31_15:39:04.418361 	EXP 	fix_cross: autoDraw = False
2026-07-31_15:39:04.418361 	EXP 	fix_cross: autoDraw = True
2026-07-31_15:39:04.439657 	EXP 	fix_cross: autoDraw = False
2026-07-31_15:39:04.439657 	EXP 	fix_cross: autoDraw = True
2026-07-31_15:39:04.452381 	EXP 	fix_cross: autoDraw = False
2026-07-31_15:39:04.452381 	EXP 	fix_cross: autoDraw = True
2026-07-31_15:39:04.468874 	EXP 	fix_cross: autoDraw = False
2026-07-31_15:39:04.468874 	EXP 	fix_cross: autoDraw = True
2026-07-31_15:39:04.485959 	EXP 	fix_cross: autoDraw = False
2026-07-31_15:39:04.485959 	EXP 	fix_cross: autoDraw = True
2026-07-31_15:39:04.501559 	EXP 	fix_cross: autoDraw = False
2026-07-31_15:39:04.501559 	EXP 	fix_cross: autoDraw = True
2026-07-31_15:39:04.518429 	EXP 	fix_cross: autoDraw = False
2026-07-31_15:39:04.518429 	EXP 	fix_cross: autoDraw = True
2026-07-31_15:39:04.535412 	EXP 	fix_cross: autoDraw = False
2026-07-31_15:39:04.535412 	EXP 	fix_cross: autoDraw = True
2026-07-31_15:39:04.556442 	EXP 	fix_cross: autoDraw = False
2026-07-31_15:39:04.556442 	EXP 	fix_cross: autoDraw = True
2026-07-31_15:39:04.569051 	EXP 	fix_cross: autoDraw = False
2026-07-31_15:39:04.569051 	EXP 	fix_cross: autoDraw = True
2026-07-31_15:39:04.585728 	EXP 	fix_cross: autoDraw = False
2026-07-31_15:39:04.585728 	EXP 	fix_cross: autoDraw = True
2026-07-31_15:39:04.602762 	EXP 	fix_cross: autoDraw = False
2026-07-31_15:39:04.602762 	EXP 	fix_cross: autoDraw = True
2026-07-31_15:39:04.619375 	EXP 	fix_cross: autoDraw = False
2026-07-31_15:39:04.619375 	EXP 	fix_cross: autoDraw = True
2026-07-31_15:39:04.619375 	EXP 	fix_cross: autoDraw = False
2026-07-31_15:39:04.619375 	EXP 	fix_cross_2: autoDraw = True
2026-07-31_15:39:05.788352 	EXP 	New trial (rep=0, index=22): <Trial 22 (22 in rep 0) data={'block': 1, 'trial_in_block': 23, 'concept': 'ball', 'concept_num': 1, 'concept_num_word': 5, 'exemplar_num': 8, 'image_shown': 'ball\\ball_08.jpg', 'word_shown_english': 'dog', 'word_shown_german': 'Hund', 'word_shown_french': 'Chien', 'is_prompt': 1, 'is_mismatch': 1, 'ITI_length': 0.89, 'correct_response': 'r', 'nonmatch_pres_side': 'right', 'thisN': 22, 'thisTrialN': 22, 'thisRepN': 0}>
2026-07-31_15:39:05.858619 	EXP 	fix_cross_2: autoDraw = False
2026-07-31_15:39:05.858619 	EXP 	fix_cross_2: autoDraw = False
2026-07-31_15:39:05.858619 	EXP 	breaks_instruction: text = 'Pause, die Aufgabe geht gleich weiter.\nEs sind noch 9 Blöcke übrig.'
2026-07-31_15:39:05.858619 	EXP 	instruction_continuebreak: text = 'Die Pause ist vorbei.\nBitte drücken Sie eine beliebige Taste,\nsobald sie bereit sind, weiterzumachen.'
2026-07-31_15:39:05.858619 	EXP 	breaks_instruction: autoDraw = False
2026-07-31_15:39:05.858619 	EXP 	progress_bar_breaks: autoDraw = False
2026-07-31_15:39:05.858619 	EXP 	instruction_continuebreak: autoDraw = False
2026-07-31_15:39:05.858619 	EXP 	image: image = 'stimuli\\ball\\ball_08.jpg'
2026-07-31_15:39:05.858619 	EXP 	image: autoDraw = True
2026-07-31_15:39:06.606832 	EXP 	spoken_word: sampleRate = 44100
2026-07-31_15:39:06.609228 	INFO 	Resampled audio from 44100Hz to 48000Hz using method 'default'.
2026-07-31_15:39:06.609255 	DEBUG 	Converted audio clip from mono to stereo
2026-07-31_15:39:06.610535 	EXP 	spoken_word: sampleRate = 44100
2026-07-31_15:39:06.613127 	INFO 	Resampled audio from 44100Hz to 48000Hz using method 'default'.
2026-07-31_15:39:06.613162 	DEBUG 	Converted audio clip from mono to stereo
2026-07-31_15:39:06.613530 	EXP 	Sound spoken_word reached end of file
141.7436 	EXP 	Playing sound spoken_word on speaker Lautsprecher (Realtek(R) Audio)
2026-07-31_15:39:06.634437 	INFO 	Keyboard events cleared
2026-07-31_15:39:06.633993 	EXP 	image: autoDraw = False
2026-07-31_15:39:06.633993 	EXP 	image: autoDraw = False
2026-07-31_15:39:06.633993 	EXP 	fix_cross: foreColor = <psychopy.colors.Color: white, alpha=1.0>
2026-07-31_15:39:06.633993 	EXP 	fix_cross: autoDraw = True
2026-07-31_15:39:07.085156 	EXP 	Sound spoken_word reached end of file
2026-07-31_15:39:07.103650 	EXP 	Sound spoken_word reached end of file
2026-07-31_15:39:08.133967 	EXP 	fix_cross: autoDraw = False
2026-07-31_15:39:08.133967 	EXP 	fix_cross: foreColor = <psychopy.colors.Color: red, alpha=1.0>
2026-07-31_15:39:08.133967 	EXP 	fix_cross: autoDraw = True
2026-07-31_15:39:08.151599 	EXP 	fix_cross: autoDraw = False
2026-07-31_15:39:08.151599 	EXP 	fix_cross: autoDraw = True
2026-07-31_15:39:08.172062 	EXP 	fix_cross: autoDraw = False
2026-07-31_15:39:08.172062 	EXP 	fix_cross: autoDraw = True
2026-07-31_15:39:08.183892 	EXP 	fix_cross: autoDraw = False
2026-07-31_15:39:08.183892 	EXP 	fix_cross: autoDraw = True
2026-07-31_15:39:08.201181 	EXP 	fix_cross: autoDraw = False
2026-07-31_15:39:08.201181 	EXP 	fix_cross: autoDraw = True
2026-07-31_15:39:08.216609 	EXP 	fix_cross: autoDraw = False
2026-07-31_15:39:08.216609 	EXP 	fix_cross: autoDraw = True
2026-07-31_15:39:08.233019 	EXP 	fix_cross: autoDraw = False
2026-07-31_15:39:08.233019 	EXP 	fix_cross: autoDraw = True
2026-07-31_15:39:08.250776 	EXP 	fix_cross: autoDraw = False
2026-07-31_15:39:08.250776 	EXP 	fix_cross: autoDraw = True
2026-07-31_15:39:08.271728 	EXP 	fix_cross: autoDraw = False
2026-07-31_15:39:08.271728 	EXP 	fix_cross: autoDraw = True
2026-07-31_15:39:08.283006 	EXP 	fix_cross: autoDraw = False
2026-07-31_15:39:08.283006 	EXP 	fix_cross: autoDraw = True
2026-07-31_15:39:08.300550 	EXP 	fix_cross: autoDraw = False
2026-07-31_15:39:08.300550 	EXP 	fix_cross: autoDraw = True
2026-07-31_15:39:08.318050 	EXP 	fix_cross: autoDraw = False
2026-07-31_15:39:08.318050 	EXP 	fix_cross: autoDraw = True
2026-07-31_15:39:08.334021 	EXP 	fix_cross: autoDraw = False
2026-07-31_15:39:08.334021 	EXP 	fix_cross: autoDraw = True
2026-07-31_15:39:08.334021 	EXP 	fix_cross: autoDraw = False
2026-07-31_15:39:08.334021 	EXP 	fix_cross_2: autoDraw = True
2026-07-31_15:39:09.220274 	EXP 	New trial (rep=0, index=23): <Trial 23 (23 in rep 0) data={'block': 1, 'trial_in_block': 24, 'concept': 'house', 'concept_num': 9, 'concept_num_word': 9, 'exemplar_num': 14, 'image_shown': 'house\\house_14.jpg', 'word_shown_english': 'house', 'word_shown_german': 'Haus', 'word_shown_french': 'Maison', 'is_prompt': 1, 'is_mismatch': 0, 'ITI_length': 0.97, 'correct_response': None, 'nonmatch_pres_side': None, 'thisN': 23, 'thisTrialN': 23, 'thisRepN': 0}>
2026-07-31_15:39:09.271326 	EXP 	fix_cross_2: autoDraw = False
2026-07-31_15:39:09.271326 	EXP 	fix_cross_2: autoDraw = False
2026-07-31_15:39:09.271326 	EXP 	breaks_instruction: text = 'Pause, die Aufgabe geht gleich weiter.\nEs sind noch 9 Blöcke übrig.'
2026-07-31_15:39:09.271326 	EXP 	instruction_continuebreak: text = 'Die Pause ist vorbei.\nBitte drücken Sie eine beliebige Taste,\nsobald sie bereit sind, weiterzumachen.'
2026-07-31_15:39:09.271326 	EXP 	breaks_instruction: autoDraw = False
2026-07-31_15:39:09.271326 	EXP 	progress_bar_breaks: autoDraw = False
2026-07-31_15:39:09.271326 	EXP 	instruction_continuebreak: autoDraw = False
2026-07-31_15:39:09.271326 	EXP 	image: image = 'stimuli\\house\\house_14.jpg'
2026-07-31_15:39:09.271326 	EXP 	image: autoDraw = True
2026-07-31_15:39:10.025981 	EXP 	spoken_word: sampleRate = 44100
2026-07-31_15:39:10.030466 	INFO 	Resampled audio from 44100Hz to 48000Hz using method 'default'.
2026-07-31_15:39:10.030509 	DEBUG 	Converted audio clip from mono to stereo
2026-07-31_15:39:10.031797 	EXP 	spoken_word: sampleRate = 44100
2026-07-31_15:39:10.035169 	INFO 	Resampled audio from 44100Hz to 48000Hz using method 'default'.
2026-07-31_15:39:10.035210 	DEBUG 	Converted audio clip from mono to stereo
2026-07-31_15:39:10.035599 	EXP 	Sound spoken_word reached end of file
145.1634 	EXP 	Playing sound spoken_word on speaker Lautsprecher (Realtek(R) Audio)
2026-07-31_15:39:10.049435 	INFO 	Keyboard events cleared
2026-07-31_15:39:10.049184 	EXP 	image: autoDraw = False
2026-07-31_15:39:10.049184 	EXP 	image: autoDraw = False
2026-07-31_15:39:10.049184 	EXP 	fix_cross: foreColor = <psychopy.colors.Color: white, alpha=1.0>
2026-07-31_15:39:10.049184 	EXP 	fix_cross: autoDraw = True
2026-07-31_15:39:10.555695 	EXP 	Sound spoken_word reached end of file
2026-07-31_15:39:10.574504 	EXP 	Sound spoken_word reached end of file
2026-07-31_15:39:11.554307 	EXP 	fix_cross: autoDraw = False
2026-07-31_15:39:11.554307 	EXP 	fix_cross: foreColor = <psychopy.colors.Color: green, alpha=1.0>
2026-07-31_15:39:11.554307 	EXP 	fix_cross: autoDraw = True
2026-07-31_15:39:11.567309 	EXP 	fix_cross: autoDraw = False
2026-07-31_15:39:11.567309 	EXP 	fix_cross: autoDraw = True
2026-07-31_15:39:11.583628 	EXP 	fix_cross: autoDraw = False
2026-07-31_15:39:11.583628 	EXP 	fix_cross: autoDraw = True
2026-07-31_15:39:11.600587 	EXP 	fix_cross: autoDraw = False
2026-07-31_15:39:11.600587 	EXP 	fix_cross: autoDraw = True
2026-07-31_15:39:11.616864 	EXP 	fix_cross: autoDraw = False
2026-07-31_15:39:11.616864 	EXP 	fix_cross: autoDraw = True
2026-07-31_15:39:11.633810 	EXP 	fix_cross: autoDraw = False
2026-07-31_15:39:11.633810 	EXP 	fix_cross: autoDraw = True
2026-07-31_15:39:11.651269 	EXP 	fix_cross: autoDraw = False
2026-07-31_15:39:11.651269 	EXP 	fix_cross: autoDraw = True
2026-07-31_15:39:11.671147 	EXP 	fix_cross: autoDraw = False
2026-07-31_15:39:11.671147 	EXP 	fix_cross: autoDraw = True
2026-07-31_15:39:11.683143 	EXP 	fix_cross: autoDraw = False
2026-07-31_15:39:11.683143 	EXP 	fix_cross: autoDraw = True
2026-07-31_15:39:11.700097 	EXP 	fix_cross: autoDraw = False
2026-07-31_15:39:11.700097 	EXP 	fix_cross: autoDraw = True
2026-07-31_15:39:11.715765 	EXP 	fix_cross: autoDraw = False
2026-07-31_15:39:11.715765 	EXP 	fix_cross: autoDraw = True
2026-07-31_15:39:11.732693 	EXP 	fix_cross: autoDraw = False
2026-07-31_15:39:11.732693 	EXP 	fix_cross: autoDraw = True
2026-07-31_15:39:11.749042 	EXP 	fix_cross: autoDraw = False
2026-07-31_15:39:11.749042 	EXP 	fix_cross: autoDraw = True
2026-07-31_15:39:11.749042 	EXP 	fix_cross: autoDraw = False
2026-07-31_15:39:11.749042 	EXP 	fix_cross_2: autoDraw = True
2026-07-31_15:39:12.719777 	EXP 	New trial (rep=0, index=24): <Trial 24 (24 in rep 0) data={'block': 1, 'trial_in_block': 25, 'concept': 'bicycle', 'concept_num': 2, 'concept_num_word': 2, 'exemplar_num': 34, 'image_shown': 'bicycle\\bicycle_34.jpg', 'word_shown_english': 'bicycle', 'word_shown_german': 'Fahrrad', 'word_shown_french': 'Vélo', 'is_prompt': 1, 'is_mismatch': 0, 'ITI_length': 1.05, 'correct_response': None, 'nonmatch_pres_side': None, 'thisN': 24, 'thisTrialN': 24, 'thisRepN': 0}>
2026-07-31_15:39:12.767907 	EXP 	fix_cross_2: autoDraw = False
2026-07-31_15:39:12.767907 	EXP 	fix_cross_2: autoDraw = False
2026-07-31_15:39:12.767907 	EXP 	breaks_instruction: text = 'Pause, die Aufgabe geht gleich weiter.\nEs sind noch 9 Blöcke übrig.'
2026-07-31_15:39:12.767907 	EXP 	instruction_continuebreak: text = 'Die Pause ist vorbei.\nBitte drücken Sie eine beliebige Taste,\nsobald sie bereit sind, weiterzumachen.'
2026-07-31_15:39:12.767907 	EXP 	breaks_instruction: autoDraw = False
2026-07-31_15:39:12.767907 	EXP 	progress_bar_breaks: autoDraw = False
2026-07-31_15:39:12.767907 	EXP 	instruction_continuebreak: autoDraw = False
2026-07-31_15:39:12.767907 	EXP 	image: image = 'stimuli\\bicycle\\bicycle_34.jpg'
2026-07-31_15:39:12.767907 	EXP 	image: autoDraw = True
2026-07-31_15:39:13.505726 	EXP 	spoken_word: sampleRate = 48000
2026-07-31_15:39:13.507162 	DEBUG 	Converted audio clip from mono to stereo
2026-07-31_15:39:13.508549 	EXP 	spoken_word: sampleRate = 48000
2026-07-31_15:39:13.509536 	DEBUG 	Converted audio clip from mono to stereo
2026-07-31_15:39:13.509956 	EXP 	Sound spoken_word reached end of file
148.6420 	EXP 	Playing sound spoken_word on speaker Lautsprecher (Realtek(R) Audio)
2026-07-31_15:39:13.532272 	INFO 	Keyboard events cleared
2026-07-31_15:39:13.532070 	EXP 	image: autoDraw = False
2026-07-31_15:39:13.532070 	EXP 	image: autoDraw = False
2026-07-31_15:39:13.532070 	EXP 	fix_cross: foreColor = <psychopy.colors.Color: white, alpha=1.0>
2026-07-31_15:39:13.532070 	EXP 	fix_cross: autoDraw = True
2026-07-31_15:39:14.203265 	EXP 	Sound spoken_word reached end of file
2026-07-31_15:39:14.219512 	EXP 	Sound spoken_word reached end of file
2026-07-31_15:39:15.032040 	EXP 	fix_cross: autoDraw = False
2026-07-31_15:39:15.032040 	EXP 	fix_cross: foreColor = <psychopy.colors.Color: green, alpha=1.0>
2026-07-31_15:39:15.032040 	EXP 	fix_cross: autoDraw = True
2026-07-31_15:39:15.052938 	EXP 	fix_cross: autoDraw = False
2026-07-31_15:39:15.052938 	EXP 	fix_cross: autoDraw = True
2026-07-31_15:39:15.065877 	EXP 	fix_cross: autoDraw = False
2026-07-31_15:39:15.065877 	EXP 	fix_cross: autoDraw = True
2026-07-31_15:39:15.082361 	EXP 	fix_cross: autoDraw = False
2026-07-31_15:39:15.082361 	EXP 	fix_cross: autoDraw = True
2026-07-31_15:39:15.098279 	EXP 	fix_cross: autoDraw = False
2026-07-31_15:39:15.098279 	EXP 	fix_cross: autoDraw = True
2026-07-31_15:39:15.115752 	EXP 	fix_cross: autoDraw = False
2026-07-31_15:39:15.115752 	EXP 	fix_cross: autoDraw = True
2026-07-31_15:39:15.132910 	EXP 	fix_cross: autoDraw = False
2026-07-31_15:39:15.132910 	EXP 	fix_cross: autoDraw = True
2026-07-31_15:39:15.148724 	EXP 	fix_cross: autoDraw = False
2026-07-31_15:39:15.148724 	EXP 	fix_cross: autoDraw = True
2026-07-31_15:39:15.170347 	EXP 	fix_cross: autoDraw = False
2026-07-31_15:39:15.170347 	EXP 	fix_cross: autoDraw = True
2026-07-31_15:39:15.181367 	EXP 	fix_cross: autoDraw = False
2026-07-31_15:39:15.181367 	EXP 	fix_cross: autoDraw = True
2026-07-31_15:39:15.198439 	EXP 	fix_cross: autoDraw = False
2026-07-31_15:39:15.198439 	EXP 	fix_cross: autoDraw = True
2026-07-31_15:39:15.215292 	EXP 	fix_cross: autoDraw = False
2026-07-31_15:39:15.215292 	EXP 	fix_cross: autoDraw = True
2026-07-31_15:39:15.231824 	EXP 	fix_cross: autoDraw = False
2026-07-31_15:39:15.231824 	EXP 	fix_cross: autoDraw = True
2026-07-31_15:39:15.231824 	EXP 	fix_cross: autoDraw = False
2026-07-31_15:39:15.231824 	EXP 	fix_cross_2: autoDraw = True
2026-07-31_15:39:16.273174 	EXP 	New trial (rep=0, index=25): <Trial 25 (25 in rep 0) data={'block': 1, 'trial_in_block': 26, 'concept': 'hammer', 'concept_num': 7, 'concept_num_word': 7, 'exemplar_num': 21, 'image_shown': 'hammer\\hammer_21.jpg', 'word_shown_english': 'hammer', 'word_shown_german': 'Hammer', 'word_shown_french': 'Marteau', 'is_prompt': 1, 'is_mismatch': 0, 'ITI_length': 0.84, 'correct_response': None, 'nonmatch_pres_side': None, 'thisN': 25, 'thisTrialN': 25, 'thisRepN': 0}>
2026-07-31_15:39:16.317439 	EXP 	fix_cross_2: autoDraw = False
2026-07-31_15:39:16.317439 	EXP 	fix_cross_2: autoDraw = False
2026-07-31_15:39:16.317439 	EXP 	breaks_instruction: text = 'Pause, die Aufgabe geht gleich weiter.\nEs sind noch 9 Blöcke übrig.'
2026-07-31_15:39:16.317439 	EXP 	instruction_continuebreak: text = 'Die Pause ist vorbei.\nBitte drücken Sie eine beliebige Taste,\nsobald sie bereit sind, weiterzumachen.'
2026-07-31_15:39:16.317439 	EXP 	breaks_instruction: autoDraw = False
2026-07-31_15:39:16.317439 	EXP 	progress_bar_breaks: autoDraw = False
2026-07-31_15:39:16.317439 	EXP 	instruction_continuebreak: autoDraw = False
2026-07-31_15:39:16.317439 	EXP 	image: image = 'stimuli\\hammer\\hammer_21.jpg'
2026-07-31_15:39:16.317439 	EXP 	image: autoDraw = True
2026-07-31_15:39:17.069666 	EXP 	spoken_word: sampleRate = 44100
2026-07-31_15:39:17.072313 	INFO 	Resampled audio from 44100Hz to 48000Hz using method 'default'.
2026-07-31_15:39:17.072341 	DEBUG 	Converted audio clip from mono to stereo
2026-07-31_15:39:17.073640 	EXP 	spoken_word: sampleRate = 44100
2026-07-31_15:39:17.076096 	INFO 	Resampled audio from 44100Hz to 48000Hz using method 'default'.
2026-07-31_15:39:17.076120 	DEBUG 	Converted audio clip from mono to stereo
2026-07-31_15:39:17.076424 	EXP 	Sound spoken_word reached end of file
152.2068 	EXP 	Playing sound spoken_word on speaker Lautsprecher (Realtek(R) Audio)
2026-07-31_15:39:17.098226 	INFO 	Keyboard events cleared
2026-07-31_15:39:17.097960 	EXP 	image: autoDraw = False
2026-07-31_15:39:17.097960 	EXP 	image: autoDraw = False
2026-07-31_15:39:17.097960 	EXP 	fix_cross: foreColor = <psychopy.colors.Color: white, alpha=1.0>
2026-07-31_15:39:17.097960 	EXP 	fix_cross: autoDraw = True
2026-07-31_15:39:17.572112 	EXP 	Sound spoken_word reached end of file
2026-07-31_15:39:17.584679 	EXP 	Sound spoken_word reached end of file
2026-07-31_15:39:18.597046 	EXP 	fix_cross: autoDraw = False
2026-07-31_15:39:18.597046 	EXP 	fix_cross: foreColor = <psychopy.colors.Color: green, alpha=1.0>
2026-07-31_15:39:18.597046 	EXP 	fix_cross: autoDraw = True
2026-07-31_15:39:18.615001 	EXP 	fix_cross: autoDraw = False
2026-07-31_15:39:18.615001 	EXP 	fix_cross: autoDraw = True
2026-07-31_15:39:18.632226 	EXP 	fix_cross: autoDraw = False
2026-07-31_15:39:18.632226 	EXP 	fix_cross: autoDraw = True
2026-07-31_15:39:18.648014 	EXP 	fix_cross: autoDraw = False
2026-07-31_15:39:18.648014 	EXP 	fix_cross: autoDraw = True
2026-07-31_15:39:18.668598 	EXP 	fix_cross: autoDraw = False
2026-07-31_15:39:18.668598 	EXP 	fix_cross: autoDraw = True
2026-07-31_15:39:18.681656 	EXP 	fix_cross: autoDraw = False
2026-07-31_15:39:18.681656 	EXP 	fix_cross: autoDraw = True
2026-07-31_15:39:18.697184 	EXP 	fix_cross: autoDraw = False
2026-07-31_15:39:18.697184 	EXP 	fix_cross: autoDraw = True
2026-07-31_15:39:18.714779 	EXP 	fix_cross: autoDraw = False
2026-07-31_15:39:18.714779 	EXP 	fix_cross: autoDraw = True
2026-07-31_15:39:18.730561 	EXP 	fix_cross: autoDraw = False
2026-07-31_15:39:18.730561 	EXP 	fix_cross: autoDraw = True
2026-07-31_15:39:18.747126 	EXP 	fix_cross: autoDraw = False
2026-07-31_15:39:18.747126 	EXP 	fix_cross: autoDraw = True
2026-07-31_15:39:18.768385 	EXP 	fix_cross: autoDraw = False
2026-07-31_15:39:18.768385 	EXP 	fix_cross: autoDraw = True
2026-07-31_15:39:18.781641 	EXP 	fix_cross: autoDraw = False
2026-07-31_15:39:18.781641 	EXP 	fix_cross: autoDraw = True
2026-07-31_15:39:18.798074 	EXP 	fix_cross: autoDraw = False
2026-07-31_15:39:18.798074 	EXP 	fix_cross: autoDraw = True
2026-07-31_15:39:18.798074 	EXP 	fix_cross: autoDraw = False
2026-07-31_15:39:18.798074 	EXP 	fix_cross_2: autoDraw = True
2026-07-31_15:39:19.634274 	EXP 	New trial (rep=0, index=26): <Trial 26 (26 in rep 0) data={'block': 1, 'trial_in_block': 27, 'concept': 'ball', 'concept_num': 1, 'concept_num_word': 1, 'exemplar_num': 28, 'image_shown': 'ball\\ball_28.jpg', 'word_shown_english': 'ball', 'word_shown_german': 'Ball', 'word_shown_french': 'Ballon', 'is_prompt': 1, 'is_mismatch': 0, 'ITI_length': 0.9, 'correct_response': None, 'nonmatch_pres_side': None, 'thisN': 26, 'thisTrialN': 26, 'thisRepN': 0}>
2026-07-31_15:39:19.684418 	EXP 	fix_cross_2: autoDraw = False
2026-07-31_15:39:19.684418 	EXP 	fix_cross_2: autoDraw = False
2026-07-31_15:39:19.684418 	EXP 	breaks_instruction: text = 'Pause, die Aufgabe geht gleich weiter.\nEs sind noch 9 Blöcke übrig.'
2026-07-31_15:39:19.684418 	EXP 	instruction_continuebreak: text = 'Die Pause ist vorbei.\nBitte drücken Sie eine beliebige Taste,\nsobald sie bereit sind, weiterzumachen.'
2026-07-31_15:39:19.684418 	EXP 	breaks_instruction: autoDraw = False
2026-07-31_15:39:19.684418 	EXP 	progress_bar_breaks: autoDraw = False
2026-07-31_15:39:19.684418 	EXP 	instruction_continuebreak: autoDraw = False
2026-07-31_15:39:19.684418 	EXP 	image: image = 'stimuli\\ball\\ball_28.jpg'
2026-07-31_15:39:19.684418 	EXP 	image: autoDraw = True
2026-07-31_15:39:20.424548 	EXP 	spoken_word: sampleRate = 24000
2026-07-31_15:39:20.426162 	INFO 	Resampled audio from 24000Hz to 48000Hz using method 'default'.
2026-07-31_15:39:20.426211 	DEBUG 	Converted audio clip from mono to stereo
2026-07-31_15:39:20.428678 	EXP 	spoken_word: sampleRate = 24000
2026-07-31_15:39:20.430411 	INFO 	Resampled audio from 24000Hz to 48000Hz using method 'default'.
2026-07-31_15:39:20.430467 	DEBUG 	Converted audio clip from mono to stereo
2026-07-31_15:39:20.431162 	EXP 	Sound spoken_word reached end of file
155.5608 	EXP 	Playing sound spoken_word on speaker Lautsprecher (Realtek(R) Audio)
2026-07-31_15:39:20.446863 	INFO 	Keyboard events cleared
2026-07-31_15:39:20.446669 	EXP 	image: autoDraw = False
2026-07-31_15:39:20.446669 	EXP 	image: autoDraw = False
2026-07-31_15:39:20.446669 	EXP 	fix_cross: foreColor = <psychopy.colors.Color: white, alpha=1.0>
2026-07-31_15:39:20.446669 	EXP 	fix_cross: autoDraw = True
2026-07-31_15:39:21.194716 	EXP 	Sound spoken_word reached end of file
2026-07-31_15:39:21.215372 	EXP 	Sound spoken_word reached end of file
2026-07-31_15:39:21.945568 	EXP 	fix_cross: autoDraw = False
2026-07-31_15:39:21.945568 	EXP 	fix_cross: foreColor = <psychopy.colors.Color: green, alpha=1.0>
2026-07-31_15:39:21.945568 	EXP 	fix_cross: autoDraw = True
2026-07-31_15:39:21.963305 	EXP 	fix_cross: autoDraw = False
2026-07-31_15:39:21.963305 	EXP 	fix_cross: autoDraw = True
2026-07-31_15:39:21.979864 	EXP 	fix_cross: autoDraw = False
2026-07-31_15:39:21.979864 	EXP 	fix_cross: autoDraw = True
2026-07-31_15:39:21.995495 	EXP 	fix_cross: autoDraw = False
2026-07-31_15:39:21.995495 	EXP 	fix_cross: autoDraw = True
2026-07-31_15:39:22.013444 	EXP 	fix_cross: autoDraw = False
2026-07-31_15:39:22.013444 	EXP 	fix_cross: autoDraw = True
2026-07-31_15:39:22.030644 	EXP 	fix_cross: autoDraw = False
2026-07-31_15:39:22.030644 	EXP 	fix_cross: autoDraw = True
2026-07-31_15:39:22.050041 	EXP 	fix_cross: autoDraw = False
2026-07-31_15:39:22.050041 	EXP 	fix_cross: autoDraw = True
2026-07-31_15:39:22.063346 	EXP 	fix_cross: autoDraw = False
2026-07-31_15:39:22.063346 	EXP 	fix_cross: autoDraw = True
2026-07-31_15:39:22.080007 	EXP 	fix_cross: autoDraw = False
2026-07-31_15:39:22.080007 	EXP 	fix_cross: autoDraw = True
2026-07-31_15:39:22.096363 	EXP 	fix_cross: autoDraw = False
2026-07-31_15:39:22.096363 	EXP 	fix_cross: autoDraw = True
2026-07-31_15:39:22.112126 	EXP 	fix_cross: autoDraw = False
2026-07-31_15:39:22.112126 	EXP 	fix_cross: autoDraw = True
2026-07-31_15:39:22.129867 	EXP 	fix_cross: autoDraw = False
2026-07-31_15:39:22.129867 	EXP 	fix_cross: autoDraw = True
2026-07-31_15:39:22.147021 	EXP 	fix_cross: autoDraw = False
2026-07-31_15:39:22.147021 	EXP 	fix_cross: autoDraw = True
2026-07-31_15:39:22.167060 	EXP 	fix_cross: autoDraw = False
2026-07-31_15:39:22.167060 	EXP 	fix_cross: autoDraw = True
2026-07-31_15:39:22.167060 	EXP 	fix_cross: autoDraw = False
2026-07-31_15:39:22.167060 	EXP 	fix_cross_2: autoDraw = True
2026-07-31_15:39:23.067427 	EXP 	New trial (rep=0, index=27): <Trial 27 (27 in rep 0) data={'block': 1, 'trial_in_block': 28, 'concept': 'hand', 'concept_num': 8, 'concept_num_word': 8, 'exemplar_num': 49, 'image_shown': 'hand\\hand_49.jpg', 'word_shown_english': 'hand', 'word_shown_german': 'Hand', 'word_shown_french': 'Main', 'is_prompt': 1, 'is_mismatch': 0, 'ITI_length': 1.24, 'correct_response': None, 'nonmatch_pres_side': None, 'thisN': 27, 'thisTrialN': 27, 'thisRepN': 0}>
2026-07-31_15:39:23.140762 	EXP 	fix_cross_2: autoDraw = False
2026-07-31_15:39:23.140762 	EXP 	fix_cross_2: autoDraw = False
2026-07-31_15:39:23.140762 	EXP 	breaks_instruction: text = 'Pause, die Aufgabe geht gleich weiter.\nEs sind noch 9 Blöcke übrig.'
2026-07-31_15:39:23.140762 	EXP 	instruction_continuebreak: text = 'Die Pause ist vorbei.\nBitte drücken Sie eine beliebige Taste,\nsobald sie bereit sind, weiterzumachen.'
2026-07-31_15:39:23.140762 	EXP 	breaks_instruction: autoDraw = False
2026-07-31_15:39:23.140762 	EXP 	progress_bar_breaks: autoDraw = False
2026-07-31_15:39:23.140762 	EXP 	instruction_continuebreak: autoDraw = False
2026-07-31_15:39:23.140762 	EXP 	image: image = 'stimuli\\hand\\hand_49.jpg'
2026-07-31_15:39:23.140762 	EXP 	image: autoDraw = True
2026-07-31_15:39:23.884458 	EXP 	spoken_word: sampleRate = 44100
2026-07-31_15:39:23.887346 	INFO 	Resampled audio from 44100Hz to 48000Hz using method 'default'.
2026-07-31_15:39:23.887397 	DEBUG 	Converted audio clip from mono to stereo
2026-07-31_15:39:23.889518 	EXP 	spoken_word: sampleRate = 44100
2026-07-31_15:39:23.891894 	INFO 	Resampled audio from 44100Hz to 48000Hz using method 'default'.
2026-07-31_15:39:23.891928 	DEBUG 	Converted audio clip from mono to stereo
2026-07-31_15:39:23.892327 	EXP 	Sound spoken_word reached end of file
159.0212 	EXP 	Playing sound spoken_word on speaker Lautsprecher (Realtek(R) Audio)
2026-07-31_15:39:23.912034 	INFO 	Keyboard events cleared
2026-07-31_15:39:23.911785 	EXP 	image: autoDraw = False
2026-07-31_15:39:23.911785 	EXP 	image: autoDraw = False
2026-07-31_15:39:23.911785 	EXP 	fix_cross: foreColor = <psychopy.colors.Color: white, alpha=1.0>
2026-07-31_15:39:23.911785 	EXP 	fix_cross: autoDraw = True
2026-07-31_15:39:24.362018 	EXP 	Sound spoken_word reached end of file
2026-07-31_15:39:24.380743 	EXP 	Sound spoken_word reached end of file
2026-07-31_15:39:25.413304 	EXP 	fix_cross: autoDraw = False
2026-07-31_15:39:25.413304 	EXP 	fix_cross: foreColor = <psychopy.colors.Color: green, alpha=1.0>
2026-07-31_15:39:25.413304 	EXP 	fix_cross: autoDraw = True
2026-07-31_15:39:25.429141 	EXP 	fix_cross: autoDraw = False
2026-07-31_15:39:25.429141 	EXP 	fix_cross: autoDraw = True
2026-07-31_15:39:25.444897 	EXP 	fix_cross: autoDraw = False
2026-07-31_15:39:25.444897 	EXP 	fix_cross: autoDraw = True
2026-07-31_15:39:25.466579 	EXP 	fix_cross: autoDraw = False
2026-07-31_15:39:25.466579 	EXP 	fix_cross: autoDraw = True
2026-07-31_15:39:25.477827 	EXP 	fix_cross: autoDraw = False
2026-07-31_15:39:25.477827 	EXP 	fix_cross: autoDraw = True
2026-07-31_15:39:25.495572 	EXP 	fix_cross: autoDraw = False
2026-07-31_15:39:25.495572 	EXP 	fix_cross: autoDraw = True
2026-07-31_15:39:25.512718 	EXP 	fix_cross: autoDraw = False
2026-07-31_15:39:25.512718 	EXP 	fix_cross: autoDraw = True
2026-07-31_15:39:25.529233 	EXP 	fix_cross: autoDraw = False
2026-07-31_15:39:25.529233 	EXP 	fix_cross: autoDraw = True
2026-07-31_15:39:25.545712 	EXP 	fix_cross: autoDraw = False
2026-07-31_15:39:25.545712 	EXP 	fix_cross: autoDraw = True
2026-07-31_15:39:25.566368 	EXP 	fix_cross: autoDraw = False
2026-07-31_15:39:25.566368 	EXP 	fix_cross: autoDraw = True
2026-07-31_15:39:25.578981 	EXP 	fix_cross: autoDraw = False
2026-07-31_15:39:25.578981 	EXP 	fix_cross: autoDraw = True
2026-07-31_15:39:25.594491 	EXP 	fix_cross: autoDraw = False
2026-07-31_15:39:25.594491 	EXP 	fix_cross: autoDraw = True
2026-07-31_15:39:25.612289 	EXP 	fix_cross: autoDraw = False
2026-07-31_15:39:25.612289 	EXP 	fix_cross: autoDraw = True
2026-07-31_15:39:25.629107 	EXP 	fix_cross: autoDraw = False
2026-07-31_15:39:25.629107 	EXP 	fix_cross: autoDraw = True
2026-07-31_15:39:25.629107 	EXP 	fix_cross: autoDraw = False
2026-07-31_15:39:25.629107 	EXP 	fix_cross_2: autoDraw = True
2026-07-31_15:39:26.864106 	EXP 	New trial (rep=0, index=28): <Trial 28 (28 in rep 0) data={'block': 1, 'trial_in_block': 29, 'concept': 'hammer', 'concept_num': 7, 'concept_num_word': 7, 'exemplar_num': 32, 'image_shown': 'hammer\\hammer_32.jpg', 'word_shown_english': 'hammer', 'word_shown_german': 'Hammer', 'word_shown_french': 'Marteau', 'is_prompt': 1, 'is_mismatch': 0, 'ITI_length': 1.1, 'correct_response': None, 'nonmatch_pres_side': None, 'thisN': 28, 'thisTrialN': 28, 'thisRepN': 0}>
2026-07-31_15:39:26.916474 	EXP 	fix_cross_2: autoDraw = False
2026-07-31_15:39:26.916474 	EXP 	fix_cross_2: autoDraw = False
2026-07-31_15:39:26.916474 	EXP 	breaks_instruction: text = 'Pause, die Aufgabe geht gleich weiter.\nEs sind noch 9 Blöcke übrig.'
2026-07-31_15:39:26.916474 	EXP 	instruction_continuebreak: text = 'Die Pause ist vorbei.\nBitte drücken Sie eine beliebige Taste,\nsobald sie bereit sind, weiterzumachen.'
2026-07-31_15:39:26.916474 	EXP 	breaks_instruction: autoDraw = False
2026-07-31_15:39:26.916474 	EXP 	progress_bar_breaks: autoDraw = False
2026-07-31_15:39:26.916474 	EXP 	instruction_continuebreak: autoDraw = False
2026-07-31_15:39:26.916474 	EXP 	image: image = 'stimuli\\hammer\\hammer_32.jpg'
2026-07-31_15:39:26.916474 	EXP 	image: autoDraw = True
2026-07-31_15:39:27.654011 	EXP 	spoken_word: sampleRate = 44100
2026-07-31_15:39:27.656181 	INFO 	Resampled audio from 44100Hz to 48000Hz using method 'default'.
2026-07-31_15:39:27.656219 	DEBUG 	Converted audio clip from mono to stereo
2026-07-31_15:39:27.658379 	EXP 	spoken_word: sampleRate = 44100
2026-07-31_15:39:27.661136 	INFO 	Resampled audio from 44100Hz to 48000Hz using method 'default'.
2026-07-31_15:39:27.661157 	DEBUG 	Converted audio clip from mono to stereo
2026-07-31_15:39:27.661492 	EXP 	Sound spoken_word reached end of file
162.7905 	EXP 	Playing sound spoken_word on speaker Lautsprecher (Realtek(R) Audio)
2026-07-31_15:39:27.676701 	INFO 	Keyboard events cleared
2026-07-31_15:39:27.676462 	EXP 	image: autoDraw = False
2026-07-31_15:39:27.676462 	EXP 	image: autoDraw = False
2026-07-31_15:39:27.676462 	EXP 	fix_cross: foreColor = <psychopy.colors.Color: white, alpha=1.0>
2026-07-31_15:39:27.676462 	EXP 	fix_cross: autoDraw = True
2026-07-31_15:39:28.150943 	EXP 	Sound spoken_word reached end of file
2026-07-31_15:39:28.164257 	EXP 	Sound spoken_word reached end of file
2026-07-31_15:39:29.182977 	EXP 	fix_cross: autoDraw = False
2026-07-31_15:39:29.182977 	EXP 	fix_cross: foreColor = <psychopy.colors.Color: green, alpha=1.0>
2026-07-31_15:39:29.182977 	EXP 	fix_cross: autoDraw = True
2026-07-31_15:39:29.193614 	EXP 	fix_cross: autoDraw = False
2026-07-31_15:39:29.193614 	EXP 	fix_cross: autoDraw = True
2026-07-31_15:39:29.211433 	EXP 	fix_cross: autoDraw = False
2026-07-31_15:39:29.211433 	EXP 	fix_cross: autoDraw = True
2026-07-31_15:39:29.228242 	EXP 	fix_cross: autoDraw = False
2026-07-31_15:39:29.228242 	EXP 	fix_cross: autoDraw = True
2026-07-31_15:39:29.244878 	EXP 	fix_cross: autoDraw = False
2026-07-31_15:39:29.244878 	EXP 	fix_cross: autoDraw = True
2026-07-31_15:39:29.261356 	EXP 	fix_cross: autoDraw = False
2026-07-31_15:39:29.261356 	EXP 	fix_cross: autoDraw = True
2026-07-31_15:39:29.281959 	EXP 	fix_cross: autoDraw = False
2026-07-31_15:39:29.281959 	EXP 	fix_cross: autoDraw = True
2026-07-31_15:39:29.293260 	EXP 	fix_cross: autoDraw = False
2026-07-31_15:39:29.293260 	EXP 	fix_cross: autoDraw = True
2026-07-31_15:39:29.310755 	EXP 	fix_cross: autoDraw = False
2026-07-31_15:39:29.310755 	EXP 	fix_cross: autoDraw = True
2026-07-31_15:39:29.327595 	EXP 	fix_cross: autoDraw = False
2026-07-31_15:39:29.327595 	EXP 	fix_cross: autoDraw = True
2026-07-31_15:39:29.343282 	EXP 	fix_cross: autoDraw = False
2026-07-31_15:39:29.343282 	EXP 	fix_cross: autoDraw = True
2026-07-31_15:39:29.360793 	EXP 	fix_cross: autoDraw = False
2026-07-31_15:39:29.360793 	EXP 	fix_cross: autoDraw = True
2026-07-31_15:39:29.378149 	EXP 	fix_cross: autoDraw = False
2026-07-31_15:39:29.378149 	EXP 	fix_cross: autoDraw = True
2026-07-31_15:39:29.398155 	EXP 	fix_cross: autoDraw = False
2026-07-31_15:39:29.398155 	EXP 	fix_cross: autoDraw = True
2026-07-31_15:39:29.398155 	EXP 	fix_cross: autoDraw = False
2026-07-31_15:39:29.398155 	EXP 	fix_cross_2: autoDraw = True
2026-07-31_15:39:30.501282 	EXP 	New trial (rep=0, index=29): <Trial 29 (29 in rep 0) data={'block': 1, 'trial_in_block': 30, 'concept': 'chair', 'concept_num': 4, 'concept_num_word': 4, 'exemplar_num': 26, 'image_shown': 'chair\\chair_26.jpg', 'word_shown_english': 'chair', 'word_shown_german': 'Stuhl', 'word_shown_french': 'Chaise', 'is_prompt': 1, 'is_mismatch': 0, 'ITI_length': 1, 'correct_response': None, 'nonmatch_pres_side': None, 'thisN': 29, 'thisTrialN': 29, 'thisRepN': 0}>
2026-07-31_15:39:30.545154 	EXP 	fix_cross_2: autoDraw = False
2026-07-31_15:39:30.545154 	EXP 	fix_cross_2: autoDraw = False
2026-07-31_15:39:30.545154 	EXP 	breaks_instruction: text = 'Pause, die Aufgabe geht gleich weiter.\nEs sind noch 9 Blöcke übrig.'
2026-07-31_15:39:30.545154 	EXP 	instruction_continuebreak: text = 'Die Pause ist vorbei.\nBitte drücken Sie eine beliebige Taste,\nsobald sie bereit sind, weiterzumachen.'
2026-07-31_15:39:30.545154 	EXP 	breaks_instruction: autoDraw = False
2026-07-31_15:39:30.545154 	EXP 	progress_bar_breaks: autoDraw = False
2026-07-31_15:39:30.545154 	EXP 	instruction_continuebreak: autoDraw = False
2026-07-31_15:39:30.545154 	EXP 	image: image = 'stimuli\\chair\\chair_26.jpg'
2026-07-31_15:39:30.545154 	EXP 	image: autoDraw = True
2026-07-31_15:39:31.297637 	EXP 	spoken_word: sampleRate = 44100
2026-07-31_15:39:31.300362 	INFO 	Resampled audio from 44100Hz to 48000Hz using method 'default'.
2026-07-31_15:39:31.300388 	DEBUG 	Converted audio clip from mono to stereo
2026-07-31_15:39:31.302132 	EXP 	spoken_word: sampleRate = 44100
2026-07-31_15:39:31.304462 	INFO 	Resampled audio from 44100Hz to 48000Hz using method 'default'.
2026-07-31_15:39:31.304497 	DEBUG 	Converted audio clip from mono to stereo
2026-07-31_15:39:31.304919 	EXP 	Sound spoken_word reached end of file
166.4346 	EXP 	Playing sound spoken_word on speaker Lautsprecher (Realtek(R) Audio)
2026-07-31_15:39:31.325919 	INFO 	Keyboard events cleared
2026-07-31_15:39:31.325652 	EXP 	image: autoDraw = False
2026-07-31_15:39:31.325652 	EXP 	image: autoDraw = False
2026-07-31_15:39:31.325652 	EXP 	fix_cross: foreColor = <psychopy.colors.Color: white, alpha=1.0>
2026-07-31_15:39:31.325652 	EXP 	fix_cross: autoDraw = True
2026-07-31_15:39:31.851733 	EXP 	Sound spoken_word reached end of file
2026-07-31_15:39:31.862049 	EXP 	Sound spoken_word reached end of file
2026-07-31_15:39:32.810330 	EXP 	fix_cross: foreColor = <psychopy.colors.Color: green, alpha=1.0>
2026-07-31_15:39:32.826620 	EXP 	fix_cross: autoDraw = False
2026-07-31_15:39:32.826620 	EXP 	fix_cross: autoDraw = True
2026-07-31_15:39:32.842174 	EXP 	fix_cross: autoDraw = False
2026-07-31_15:39:32.842174 	EXP 	fix_cross: autoDraw = True
2026-07-31_15:39:32.859876 	EXP 	fix_cross: autoDraw = False
2026-07-31_15:39:32.859876 	EXP 	fix_cross: autoDraw = True
2026-07-31_15:39:32.876165 	EXP 	fix_cross: autoDraw = False
2026-07-31_15:39:32.876165 	EXP 	fix_cross: autoDraw = True
2026-07-31_15:39:32.897393 	EXP 	fix_cross: autoDraw = False
2026-07-31_15:39:32.897393 	EXP 	fix_cross: autoDraw = True
2026-07-31_15:39:32.911261 	EXP 	fix_cross: autoDraw = False
2026-07-31_15:39:32.911261 	EXP 	fix_cross: autoDraw = True
2026-07-31_15:39:32.926654 	EXP 	fix_cross: autoDraw = False
2026-07-31_15:39:32.926654 	EXP 	fix_cross: autoDraw = True
2026-07-31_15:39:32.943241 	EXP 	fix_cross: autoDraw = False
2026-07-31_15:39:32.943241 	EXP 	fix_cross: autoDraw = True
2026-07-31_15:39:32.959171 	EXP 	fix_cross: autoDraw = False
2026-07-31_15:39:32.959171 	EXP 	fix_cross: autoDraw = True
2026-07-31_15:39:32.977266 	EXP 	fix_cross: autoDraw = False
2026-07-31_15:39:32.977266 	EXP 	fix_cross: autoDraw = True
2026-07-31_15:39:32.993882 	EXP 	fix_cross: autoDraw = False
2026-07-31_15:39:32.993882 	EXP 	fix_cross: autoDraw = True
2026-07-31_15:39:33.013230 	EXP 	fix_cross: autoDraw = False
2026-07-31_15:39:33.013230 	EXP 	fix_cross: autoDraw = True
2026-07-31_15:39:33.026356 	EXP 	fix_cross: autoDraw = False
2026-07-31_15:39:33.026356 	EXP 	fix_cross: autoDraw = True
2026-07-31_15:39:33.026356 	EXP 	fix_cross: autoDraw = False
2026-07-31_15:39:33.026356 	EXP 	fix_cross_2: autoDraw = True
2026-07-31_15:39:34.012889 	EXP 	New trial (rep=0, index=30): <Trial 30 (30 in rep 0) data={'block': 1, 'trial_in_block': 31, 'concept': 'dog', 'concept_num': 5, 'concept_num_word': 5, 'exemplar_num': 16, 'image_shown': 'dog\\dog_16.jpg', 'word_shown_english': 'dog', 'word_shown_german': 'Hund', 'word_shown_french': 'Chien', 'is_prompt': 1, 'is_mismatch': 0, 'ITI_length': 0.78, 'correct_response': None, 'nonmatch_pres_side': None, 'thisN': 30, 'thisTrialN': 30, 'thisRepN': 0}>
2026-07-31_15:39:34.078629 	EXP 	fix_cross_2: autoDraw = False
2026-07-31_15:39:34.078629 	EXP 	fix_cross_2: autoDraw = False
2026-07-31_15:39:34.078629 	EXP 	breaks_instruction: text = 'Pause, die Aufgabe geht gleich weiter.\nEs sind noch 9 Blöcke übrig.'
2026-07-31_15:39:34.078629 	EXP 	instruction_continuebreak: text = 'Die Pause ist vorbei.\nBitte drücken Sie eine beliebige Taste,\nsobald sie bereit sind, weiterzumachen.'
2026-07-31_15:39:34.078629 	EXP 	breaks_instruction: autoDraw = False
2026-07-31_15:39:34.078629 	EXP 	progress_bar_breaks: autoDraw = False
2026-07-31_15:39:34.078629 	EXP 	instruction_continuebreak: autoDraw = False
2026-07-31_15:39:34.078629 	EXP 	image: image = 'stimuli\\dog\\dog_16.jpg'
2026-07-31_15:39:34.078629 	EXP 	image: autoDraw = True
2026-07-31_15:39:34.830988 	EXP 	spoken_word: sampleRate = 44100
2026-07-31_15:39:34.833060 	INFO 	Resampled audio from 44100Hz to 48000Hz using method 'default'.
2026-07-31_15:39:34.833102 	DEBUG 	Converted audio clip from mono to stereo
2026-07-31_15:39:34.834731 	EXP 	spoken_word: sampleRate = 44100
2026-07-31_15:39:34.837002 	INFO 	Resampled audio from 44100Hz to 48000Hz using method 'default'.
2026-07-31_15:39:34.837047 	DEBUG 	Converted audio clip from mono to stereo
2026-07-31_15:39:34.837525 	EXP 	Sound spoken_word reached end of file
169.9680 	EXP 	Playing sound spoken_word on speaker Lautsprecher (Realtek(R) Audio)
2026-07-31_15:39:34.859655 	INFO 	Keyboard events cleared
2026-07-31_15:39:34.859421 	EXP 	image: autoDraw = False
2026-07-31_15:39:34.859421 	EXP 	image: autoDraw = False
2026-07-31_15:39:34.859421 	EXP 	fix_cross: foreColor = <psychopy.colors.Color: white, alpha=1.0>
2026-07-31_15:39:34.859421 	EXP 	fix_cross: autoDraw = True
2026-07-31_15:39:35.308311 	EXP 	Sound spoken_word reached end of file
2026-07-31_15:39:35.327956 	EXP 	Sound spoken_word reached end of file
2026-07-31_15:39:36.358613 	EXP 	fix_cross: foreColor = <psychopy.colors.Color: green, alpha=1.0>
2026-07-31_15:39:36.374965 	EXP 	fix_cross: autoDraw = False
2026-07-31_15:39:36.374965 	EXP 	fix_cross: autoDraw = True
2026-07-31_15:39:36.396122 	EXP 	fix_cross: autoDraw = False
2026-07-31_15:39:36.396122 	EXP 	fix_cross: autoDraw = True
2026-07-31_15:39:36.408388 	EXP 	fix_cross: autoDraw = False
2026-07-31_15:39:36.408388 	EXP 	fix_cross: autoDraw = True
2026-07-31_15:39:36.425164 	EXP 	fix_cross: autoDraw = False
2026-07-31_15:39:36.425164 	EXP 	fix_cross: autoDraw = True
2026-07-31_15:39:36.442471 	EXP 	fix_cross: autoDraw = False
2026-07-31_15:39:36.442471 	EXP 	fix_cross: autoDraw = True
2026-07-31_15:39:36.459305 	EXP 	fix_cross: autoDraw = False
2026-07-31_15:39:36.459305 	EXP 	fix_cross: autoDraw = True
2026-07-31_15:39:36.474356 	EXP 	fix_cross: autoDraw = False
2026-07-31_15:39:36.474356 	EXP 	fix_cross: autoDraw = True
2026-07-31_15:39:36.492099 	EXP 	fix_cross: autoDraw = False
2026-07-31_15:39:36.492099 	EXP 	fix_cross: autoDraw = True
2026-07-31_15:39:36.520106 	EXP 	fix_cross: autoDraw = False
2026-07-31_15:39:36.520106 	EXP 	fix_cross: autoDraw = True
2026-07-31_15:39:36.541958 	EXP 	fix_cross: autoDraw = False
2026-07-31_15:39:36.541958 	EXP 	fix_cross: autoDraw = True
2026-07-31_15:39:36.559035 	EXP 	fix_cross: autoDraw = False
2026-07-31_15:39:36.559035 	EXP 	fix_cross: autoDraw = True
2026-07-31_15:39:36.559035 	EXP 	fix_cross: autoDraw = False
2026-07-31_15:39:36.559035 	EXP 	fix_cross_2: autoDraw = True
2026-07-31_15:39:37.328433 	EXP 	New trial (rep=0, index=31): <Trial 31 (31 in rep 0) data={'block': 1, 'trial_in_block': 32, 'concept': 'bread', 'concept_num': 3, 'concept_num_word': 3, 'exemplar_num': 3, 'image_shown': 'bread\\bread_03.jpg', 'word_shown_english': 'bread', 'word_shown_german': 'Brot', 'word_shown_french': 'Pain', 'is_prompt': 1, 'is_mismatch': 0, 'ITI_length': 1.15, 'correct_response': None, 'nonmatch_pres_side': None, 'thisN': 31, 'thisTrialN': 31, 'thisRepN': 0}>
2026-07-31_15:39:37.376674 	EXP 	fix_cross_2: autoDraw = False
2026-07-31_15:39:37.376674 	EXP 	fix_cross_2: autoDraw = False
2026-07-31_15:39:37.376674 	EXP 	breaks_instruction: text = 'Pause, die Aufgabe geht gleich weiter.\nEs sind noch 9 Blöcke übrig.'
2026-07-31_15:39:37.376674 	EXP 	instruction_continuebreak: text = 'Die Pause ist vorbei.\nBitte drücken Sie eine beliebige Taste,\nsobald sie bereit sind, weiterzumachen.'
2026-07-31_15:39:37.376674 	EXP 	breaks_instruction: autoDraw = False
2026-07-31_15:39:37.376674 	EXP 	progress_bar_breaks: autoDraw = False
2026-07-31_15:39:37.376674 	EXP 	instruction_continuebreak: autoDraw = False
2026-07-31_15:39:37.376674 	EXP 	image: image = 'stimuli\\bread\\bread_03.jpg'
2026-07-31_15:39:37.376674 	EXP 	image: autoDraw = True
2026-07-31_15:39:38.129367 	EXP 	spoken_word: sampleRate = 24000
2026-07-31_15:39:38.130862 	INFO 	Resampled audio from 24000Hz to 48000Hz using method 'default'.
2026-07-31_15:39:38.130885 	DEBUG 	Converted audio clip from mono to stereo
2026-07-31_15:39:38.132728 	EXP 	spoken_word: sampleRate = 24000
2026-07-31_15:39:38.134307 	INFO 	Resampled audio from 24000Hz to 48000Hz using method 'default'.
2026-07-31_15:39:38.134335 	DEBUG 	Converted audio clip from mono to stereo
2026-07-31_15:39:38.134873 	EXP 	Sound spoken_word reached end of file
173.2667 	EXP 	Playing sound spoken_word on speaker Lautsprecher (Realtek(R) Audio)
2026-07-31_15:39:38.157628 	INFO 	Keyboard events cleared
2026-07-31_15:39:38.157333 	EXP 	image: autoDraw = False
2026-07-31_15:39:38.157333 	EXP 	image: autoDraw = False
2026-07-31_15:39:38.157333 	EXP 	fix_cross: foreColor = <psychopy.colors.Color: white, alpha=1.0>
2026-07-31_15:39:38.157333 	EXP 	fix_cross: autoDraw = True
2026-07-31_15:39:39.035187 	EXP 	Sound spoken_word reached end of file
2026-07-31_15:39:39.060794 	EXP 	Sound spoken_word reached end of file
2026-07-31_15:39:39.657573 	EXP 	fix_cross: autoDraw = False
2026-07-31_15:39:39.657573 	EXP 	fix_cross: foreColor = <psychopy.colors.Color: green, alpha=1.0>
2026-07-31_15:39:39.657573 	EXP 	fix_cross: autoDraw = True
2026-07-31_15:39:39.678952 	EXP 	fix_cross: autoDraw = False
2026-07-31_15:39:39.678952 	EXP 	fix_cross: autoDraw = True
2026-07-31_15:39:39.689806 	EXP 	fix_cross: autoDraw = False
2026-07-31_15:39:39.689806 	EXP 	fix_cross: autoDraw = True
2026-07-31_15:39:39.707779 	EXP 	fix_cross: autoDraw = False
2026-07-31_15:39:39.707779 	EXP 	fix_cross: autoDraw = True
2026-07-31_15:39:39.724530 	EXP 	fix_cross: autoDraw = False
2026-07-31_15:39:39.724530 	EXP 	fix_cross: autoDraw = True
2026-07-31_15:39:39.740773 	EXP 	fix_cross: autoDraw = False
2026-07-31_15:39:39.740773 	EXP 	fix_cross: autoDraw = True
2026-07-31_15:39:39.758103 	EXP 	fix_cross: autoDraw = False
2026-07-31_15:39:39.758103 	EXP 	fix_cross: autoDraw = True
2026-07-31_15:39:39.778720 	EXP 	fix_cross: autoDraw = False
2026-07-31_15:39:39.778720 	EXP 	fix_cross: autoDraw = True
2026-07-31_15:39:39.791918 	EXP 	fix_cross: autoDraw = False
2026-07-31_15:39:39.791918 	EXP 	fix_cross: autoDraw = True
2026-07-31_15:39:39.806616 	EXP 	fix_cross: autoDraw = False
2026-07-31_15:39:39.806616 	EXP 	fix_cross: autoDraw = True
2026-07-31_15:39:39.823805 	EXP 	fix_cross: autoDraw = False
2026-07-31_15:39:39.823805 	EXP 	fix_cross: autoDraw = True
2026-07-31_15:39:39.840651 	EXP 	fix_cross: autoDraw = False
2026-07-31_15:39:39.840651 	EXP 	fix_cross: autoDraw = True
2026-07-31_15:39:39.857764 	EXP 	fix_cross: autoDraw = False
2026-07-31_15:39:39.857764 	EXP 	fix_cross: autoDraw = True
2026-07-31_15:39:39.874180 	EXP 	fix_cross: autoDraw = False
2026-07-31_15:39:39.874180 	EXP 	fix_cross: autoDraw = True
2026-07-31_15:39:39.874180 	EXP 	fix_cross: autoDraw = False
2026-07-31_15:39:39.874180 	EXP 	fix_cross_2: autoDraw = True
2026-07-31_15:39:41.011630 	EXP 	New trial (rep=0, index=32): <Trial 32 (32 in rep 0) data={'block': 1, 'trial_in_block': 33, 'concept': 'flower', 'concept_num': 6, 'concept_num_word': 6, 'exemplar_num': 50, 'image_shown': 'flower\\flower_50.jpg', 'word_shown_english': 'flower', 'word_shown_german': 'Blume', 'word_shown_french': 'Fleur', 'is_prompt': 1, 'is_mismatch': 0, 'ITI_length': 0.79, 'correct_response': None, 'nonmatch_pres_side': None, 'thisN': 32, 'thisTrialN': 32, 'thisRepN': 0}>
2026-07-31_15:39:41.096884 	EXP 	fix_cross_2: autoDraw = False
2026-07-31_15:39:41.096884 	EXP 	fix_cross_2: autoDraw = False
2026-07-31_15:39:41.096884 	EXP 	breaks_instruction: text = 'Pause, die Aufgabe geht gleich weiter.\nEs sind noch 9 Blöcke übrig.'
2026-07-31_15:39:41.096884 	EXP 	instruction_continuebreak: text = 'Die Pause ist vorbei.\nBitte drücken Sie eine beliebige Taste,\nsobald sie bereit sind, weiterzumachen.'
2026-07-31_15:39:41.096884 	EXP 	breaks_instruction: autoDraw = False
2026-07-31_15:39:41.096884 	EXP 	progress_bar_breaks: autoDraw = False
2026-07-31_15:39:41.096884 	EXP 	instruction_continuebreak: autoDraw = False
2026-07-31_15:39:41.096884 	EXP 	image: image = 'stimuli\\flower\\flower_50.jpg'
2026-07-31_15:39:41.096884 	EXP 	image: autoDraw = True
2026-07-31_15:39:41.845669 	EXP 	spoken_word: sampleRate = 24000
2026-07-31_15:39:41.847397 	INFO 	Resampled audio from 24000Hz to 48000Hz using method 'default'.
2026-07-31_15:39:41.847435 	DEBUG 	Converted audio clip from mono to stereo
2026-07-31_15:39:41.849473 	EXP 	spoken_word: sampleRate = 24000
2026-07-31_15:39:41.851119 	INFO 	Resampled audio from 24000Hz to 48000Hz using method 'default'.
2026-07-31_15:39:41.851166 	DEBUG 	Converted audio clip from mono to stereo
2026-07-31_15:39:41.851579 	EXP 	Sound spoken_word reached end of file
176.9823 	EXP 	Playing sound spoken_word on speaker Lautsprecher (Realtek(R) Audio)
2026-07-31_15:39:41.874055 	INFO 	Keyboard events cleared
2026-07-31_15:39:41.873783 	EXP 	image: autoDraw = False
2026-07-31_15:39:41.873783 	EXP 	image: autoDraw = False
2026-07-31_15:39:41.873783 	EXP 	fix_cross: foreColor = <psychopy.colors.Color: white, alpha=1.0>
2026-07-31_15:39:41.873783 	EXP 	fix_cross: autoDraw = True
2026-07-31_15:39:42.731792 	EXP 	Sound spoken_word reached end of file
2026-07-31_15:39:42.744575 	EXP 	Sound spoken_word reached end of file
2026-07-31_15:39:43.356030 	EXP 	fix_cross: foreColor = <psychopy.colors.Color: green, alpha=1.0>
2026-07-31_15:39:43.393997 	EXP 	fix_cross: autoDraw = False
2026-07-31_15:39:43.393997 	EXP 	fix_cross: autoDraw = True
2026-07-31_15:39:43.405784 	EXP 	fix_cross: autoDraw = False
2026-07-31_15:39:43.405784 	EXP 	fix_cross: autoDraw = True
2026-07-31_15:39:43.422848 	EXP 	fix_cross: autoDraw = False
2026-07-31_15:39:43.422848 	EXP 	fix_cross: autoDraw = True
2026-07-31_15:39:43.440695 	EXP 	fix_cross: autoDraw = False
2026-07-31_15:39:43.440695 	EXP 	fix_cross: autoDraw = True
2026-07-31_15:39:43.456098 	EXP 	fix_cross: autoDraw = False
2026-07-31_15:39:43.456098 	EXP 	fix_cross: autoDraw = True
2026-07-31_15:39:43.473759 	EXP 	fix_cross: autoDraw = False
2026-07-31_15:39:43.473759 	EXP 	fix_cross: autoDraw = True
2026-07-31_15:39:43.490379 	EXP 	fix_cross: autoDraw = False
2026-07-31_15:39:43.490379 	EXP 	fix_cross: autoDraw = True
2026-07-31_15:39:43.510057 	EXP 	fix_cross: autoDraw = False
2026-07-31_15:39:43.510057 	EXP 	fix_cross: autoDraw = True
2026-07-31_15:39:43.523121 	EXP 	fix_cross: autoDraw = False
2026-07-31_15:39:43.523121 	EXP 	fix_cross: autoDraw = True
2026-07-31_15:39:43.539358 	EXP 	fix_cross: autoDraw = False
2026-07-31_15:39:43.539358 	EXP 	fix_cross: autoDraw = True
2026-07-31_15:39:43.556127 	EXP 	fix_cross: autoDraw = False
2026-07-31_15:39:43.556127 	EXP 	fix_cross: autoDraw = True
2026-07-31_15:39:43.573191 	EXP 	fix_cross: autoDraw = False
2026-07-31_15:39:43.573191 	EXP 	fix_cross: autoDraw = True
2026-07-31_15:39:43.573191 	EXP 	fix_cross: autoDraw = False
2026-07-31_15:39:43.573191 	EXP 	fix_cross_2: autoDraw = True
2026-07-31_15:39:44.359707 	EXP 	New trial (rep=0, index=33): <Trial 33 (33 in rep 0) data={'block': 1, 'trial_in_block': 34, 'concept': 'jacket', 'concept_num': 10, 'concept_num_word': 10, 'exemplar_num': 33, 'image_shown': 'jacket\\jacket_33.jpg', 'word_shown_english': 'jacket', 'word_shown_german': 'Jacke', 'word_shown_french': 'Veste', 'is_prompt': 1, 'is_mismatch': 0, 'ITI_length': 0.91, 'correct_response': None, 'nonmatch_pres_side': None, 'thisN': 33, 'thisTrialN': 33, 'thisRepN': 0}>
2026-07-31_15:39:44.408870 	EXP 	fix_cross_2: autoDraw = False
2026-07-31_15:39:44.408870 	EXP 	fix_cross_2: autoDraw = False
2026-07-31_15:39:44.408870 	EXP 	breaks_instruction: text = 'Pause, die Aufgabe geht gleich weiter.\nEs sind noch 9 Blöcke übrig.'
2026-07-31_15:39:44.408870 	EXP 	instruction_continuebreak: text = 'Die Pause ist vorbei.\nBitte drücken Sie eine beliebige Taste,\nsobald sie bereit sind, weiterzumachen.'
2026-07-31_15:39:44.408870 	EXP 	breaks_instruction: autoDraw = False
2026-07-31_15:39:44.408870 	EXP 	progress_bar_breaks: autoDraw = False
2026-07-31_15:39:44.408870 	EXP 	instruction_continuebreak: autoDraw = False
2026-07-31_15:39:44.408870 	EXP 	image: image = 'stimuli\\jacket\\jacket_33.jpg'
2026-07-31_15:39:44.408870 	EXP 	image: autoDraw = True
2026-07-31_15:39:45.148960 	EXP 	spoken_word: sampleRate = 44100
2026-07-31_15:39:45.153100 	INFO 	Resampled audio from 44100Hz to 48000Hz using method 'default'.
2026-07-31_15:39:45.153139 	DEBUG 	Converted audio clip from mono to stereo
2026-07-31_15:39:45.155013 	EXP 	spoken_word: sampleRate = 44100
2026-07-31_15:39:45.158411 	INFO 	Resampled audio from 44100Hz to 48000Hz using method 'default'.
2026-07-31_15:39:45.158436 	DEBUG 	Converted audio clip from mono to stereo
2026-07-31_15:39:45.158766 	EXP 	Sound spoken_word reached end of file
180.2855 	EXP 	Playing sound spoken_word on speaker Lautsprecher (Realtek(R) Audio)
2026-07-31_15:39:45.171415 	INFO 	Keyboard events cleared
2026-07-31_15:39:45.171180 	EXP 	image: autoDraw = False
2026-07-31_15:39:45.171180 	EXP 	image: autoDraw = False
2026-07-31_15:39:45.171180 	EXP 	fix_cross: foreColor = <psychopy.colors.Color: white, alpha=1.0>
2026-07-31_15:39:45.171180 	EXP 	fix_cross: autoDraw = True
2026-07-31_15:39:45.684659 	EXP 	Sound spoken_word reached end of file
2026-07-31_15:39:45.707338 	EXP 	Sound spoken_word reached end of file
2026-07-31_15:39:46.677478 	EXP 	fix_cross: autoDraw = False
2026-07-31_15:39:46.677478 	EXP 	fix_cross: foreColor = <psychopy.colors.Color: green, alpha=1.0>
2026-07-31_15:39:46.677478 	EXP 	fix_cross: autoDraw = True
2026-07-31_15:39:46.688079 	EXP 	fix_cross: autoDraw = False
2026-07-31_15:39:46.688079 	EXP 	fix_cross: autoDraw = True
2026-07-31_15:39:46.705838 	EXP 	fix_cross: autoDraw = False
2026-07-31_15:39:46.705838 	EXP 	fix_cross: autoDraw = True
2026-07-31_15:39:46.722502 	EXP 	fix_cross: autoDraw = False
2026-07-31_15:39:46.722502 	EXP 	fix_cross: autoDraw = True
2026-07-31_15:39:46.739176 	EXP 	fix_cross: autoDraw = False
2026-07-31_15:39:46.739176 	EXP 	fix_cross: autoDraw = True
2026-07-31_15:39:46.755990 	EXP 	fix_cross: autoDraw = False
2026-07-31_15:39:46.755990 	EXP 	fix_cross: autoDraw = True
2026-07-31_15:39:46.771651 	EXP 	fix_cross: autoDraw = False
2026-07-31_15:39:46.771651 	EXP 	fix_cross: autoDraw = True
2026-07-31_15:39:46.792660 	EXP 	fix_cross: autoDraw = False
2026-07-31_15:39:46.792660 	EXP 	fix_cross: autoDraw = True
2026-07-31_15:39:46.805428 	EXP 	fix_cross: autoDraw = False
2026-07-31_15:39:46.805428 	EXP 	fix_cross: autoDraw = True
2026-07-31_15:39:46.822347 	EXP 	fix_cross: autoDraw = False
2026-07-31_15:39:46.822347 	EXP 	fix_cross: autoDraw = True
2026-07-31_15:39:46.838876 	EXP 	fix_cross: autoDraw = False
2026-07-31_15:39:46.838876 	EXP 	fix_cross: autoDraw = True
2026-07-31_15:39:46.854578 	EXP 	fix_cross: autoDraw = False
2026-07-31_15:39:46.854578 	EXP 	fix_cross: autoDraw = True
2026-07-31_15:39:46.872271 	EXP 	fix_cross: autoDraw = False
2026-07-31_15:39:46.872271 	EXP 	fix_cross: autoDraw = True
2026-07-31_15:39:46.891941 	EXP 	fix_cross: autoDraw = False
2026-07-31_15:39:46.891941 	EXP 	fix_cross: autoDraw = True
2026-07-31_15:39:46.891941 	EXP 	fix_cross: autoDraw = False
2026-07-31_15:39:46.891941 	EXP 	fix_cross_2: autoDraw = True
2026-07-31_15:39:47.795827 	EXP 	New trial (rep=0, index=34): <Trial 34 (34 in rep 0) data={'block': 1, 'trial_in_block': 35, 'concept': 'hand', 'concept_num': 8, 'concept_num_word': 7, 'exemplar_num': 8, 'image_shown': 'hand\\hand_08.jpg', 'word_shown_english': 'hammer', 'word_shown_german': 'Hammer', 'word_shown_french': 'Marteau', 'is_prompt': 1, 'is_mismatch': 1, 'ITI_length': 0.84, 'correct_response': 'r', 'nonmatch_pres_side': 'right', 'thisN': 34, 'thisTrialN': 34, 'thisRepN': 0}>
2026-07-31_15:39:47.864258 	EXP 	fix_cross_2: autoDraw = False
2026-07-31_15:39:47.864258 	EXP 	fix_cross_2: autoDraw = False
2026-07-31_15:39:47.864258 	EXP 	breaks_instruction: text = 'Pause, die Aufgabe geht gleich weiter.\nEs sind noch 9 Blöcke übrig.'
2026-07-31_15:39:47.864258 	EXP 	instruction_continuebreak: text = 'Die Pause ist vorbei.\nBitte drücken Sie eine beliebige Taste,\nsobald sie bereit sind, weiterzumachen.'
2026-07-31_15:39:47.864258 	EXP 	breaks_instruction: autoDraw = False
2026-07-31_15:39:47.864258 	EXP 	progress_bar_breaks: autoDraw = False
2026-07-31_15:39:47.864258 	EXP 	instruction_continuebreak: autoDraw = False
2026-07-31_15:39:47.864258 	EXP 	image: image = 'stimuli\\hand\\hand_08.jpg'
2026-07-31_15:39:47.864258 	EXP 	image: autoDraw = True
2026-07-31_15:39:48.609280 	EXP 	spoken_word: sampleRate = 44100
2026-07-31_15:39:48.611682 	INFO 	Resampled audio from 44100Hz to 48000Hz using method 'default'.
2026-07-31_15:39:48.611705 	DEBUG 	Converted audio clip from mono to stereo
2026-07-31_15:39:48.612975 	EXP 	spoken_word: sampleRate = 44100
2026-07-31_15:39:48.615016 	INFO 	Resampled audio from 44100Hz to 48000Hz using method 'default'.
2026-07-31_15:39:48.615036 	DEBUG 	Converted audio clip from mono to stereo
2026-07-31_15:39:48.615296 	EXP 	Sound spoken_word reached end of file
183.7466 	EXP 	Playing sound spoken_word on speaker Lautsprecher (Realtek(R) Audio)
2026-07-31_15:39:48.638825 	INFO 	Keyboard events cleared
2026-07-31_15:39:48.638619 	EXP 	image: autoDraw = False
2026-07-31_15:39:48.638619 	EXP 	image: autoDraw = False
2026-07-31_15:39:48.638619 	EXP 	fix_cross: foreColor = <psychopy.colors.Color: white, alpha=1.0>
2026-07-31_15:39:48.638619 	EXP 	fix_cross: autoDraw = True
2026-07-31_15:39:49.114854 	EXP 	Sound spoken_word reached end of file
2026-07-31_15:39:49.140531 	EXP 	Sound spoken_word reached end of file
2026-07-31_15:39:50.136721 	EXP 	fix_cross: foreColor = <psychopy.colors.Color: red, alpha=1.0>
2026-07-31_15:39:50.154528 	EXP 	fix_cross: autoDraw = False
2026-07-31_15:39:50.154528 	EXP 	fix_cross: autoDraw = True
2026-07-31_15:39:50.174628 	EXP 	fix_cross: autoDraw = False
2026-07-31_15:39:50.174628 	EXP 	fix_cross: autoDraw = True
2026-07-31_15:39:50.187750 	EXP 	fix_cross: autoDraw = False
2026-07-31_15:39:50.187750 	EXP 	fix_cross: autoDraw = True
2026-07-31_15:39:50.204319 	EXP 	fix_cross: autoDraw = False
2026-07-31_15:39:50.204319 	EXP 	fix_cross: autoDraw = True
2026-07-31_15:39:50.220578 	EXP 	fix_cross: autoDraw = False
2026-07-31_15:39:50.220578 	EXP 	fix_cross: autoDraw = True
2026-07-31_15:39:50.237995 	EXP 	fix_cross: autoDraw = False
2026-07-31_15:39:50.237995 	EXP 	fix_cross: autoDraw = True
2026-07-31_15:39:50.254178 	EXP 	fix_cross: autoDraw = False
2026-07-31_15:39:50.254178 	EXP 	fix_cross: autoDraw = True
2026-07-31_15:39:50.271060 	EXP 	fix_cross: autoDraw = False
2026-07-31_15:39:50.271060 	EXP 	fix_cross: autoDraw = True
2026-07-31_15:39:50.293225 	EXP 	fix_cross: autoDraw = False
2026-07-31_15:39:50.293225 	EXP 	fix_cross: autoDraw = True
2026-07-31_15:39:50.303242 	EXP 	fix_cross: autoDraw = False
2026-07-31_15:39:50.303242 	EXP 	fix_cross: autoDraw = True
2026-07-31_15:39:50.321237 	EXP 	fix_cross: autoDraw = False
2026-07-31_15:39:50.321237 	EXP 	fix_cross: autoDraw = True
2026-07-31_15:39:50.338470 	EXP 	fix_cross: autoDraw = False
2026-07-31_15:39:50.338470 	EXP 	fix_cross: autoDraw = True
2026-07-31_15:39:50.338470 	EXP 	fix_cross: autoDraw = False
2026-07-31_15:39:50.338470 	EXP 	fix_cross_2: autoDraw = True
2026-07-31_15:39:51.173350 	EXP 	New trial (rep=0, index=35): <Trial 35 (35 in rep 0) data={'block': 1, 'trial_in_block': 36, 'concept': 'dog', 'concept_num': 5, 'concept_num_word': 5, 'exemplar_num': 14, 'image_shown': 'dog\\dog_14.jpg', 'word_shown_english': 'dog', 'word_shown_german': 'Hund', 'word_shown_french': 'Chien', 'is_prompt': 1, 'is_mismatch': 0, 'ITI_length': 0.92, 'correct_response': None, 'nonmatch_pres_side': None, 'thisN': 35, 'thisTrialN': 35, 'thisRepN': 0}>
2026-07-31_15:39:51.222701 	EXP 	fix_cross_2: autoDraw = False
2026-07-31_15:39:51.222701 	EXP 	fix_cross_2: autoDraw = False
2026-07-31_15:39:51.222701 	EXP 	breaks_instruction: text = 'Pause, die Aufgabe geht gleich weiter.\nEs sind noch 9 Blöcke übrig.'
2026-07-31_15:39:51.222701 	EXP 	instruction_continuebreak: text = 'Die Pause ist vorbei.\nBitte drücken Sie eine beliebige Taste,\nsobald sie bereit sind, weiterzumachen.'
2026-07-31_15:39:51.222701 	EXP 	breaks_instruction: autoDraw = False
2026-07-31_15:39:51.222701 	EXP 	progress_bar_breaks: autoDraw = False
2026-07-31_15:39:51.222701 	EXP 	instruction_continuebreak: autoDraw = False
2026-07-31_15:39:51.222701 	EXP 	image: image = 'stimuli\\dog\\dog_14.jpg'
2026-07-31_15:39:51.222701 	EXP 	image: autoDraw = True
2026-07-31_15:39:51.973639 	EXP 	spoken_word: sampleRate = 44100
2026-07-31_15:39:51.976217 	INFO 	Resampled audio from 44100Hz to 48000Hz using method 'default'.
2026-07-31_15:39:51.976263 	DEBUG 	Converted audio clip from mono to stereo
2026-07-31_15:39:51.977832 	EXP 	spoken_word: sampleRate = 44100
2026-07-31_15:39:51.979805 	INFO 	Resampled audio from 44100Hz to 48000Hz using method 'default'.
2026-07-31_15:39:51.979831 	DEBUG 	Converted audio clip from mono to stereo
2026-07-31_15:39:51.980118 	EXP 	Sound spoken_word reached end of file
187.1109 	EXP 	Playing sound spoken_word on speaker Lautsprecher (Realtek(R) Audio)
2026-07-31_15:39:52.004006 	INFO 	Keyboard events cleared
2026-07-31_15:39:52.003838 	EXP 	image: autoDraw = False
2026-07-31_15:39:52.003838 	EXP 	image: autoDraw = False
2026-07-31_15:39:52.003838 	EXP 	fix_cross: foreColor = <psychopy.colors.Color: white, alpha=1.0>
2026-07-31_15:39:52.003838 	EXP 	fix_cross: autoDraw = True
2026-07-31_15:39:52.452978 	EXP 	Sound spoken_word reached end of file
2026-07-31_15:39:52.473984 	EXP 	Sound spoken_word reached end of file
2026-07-31_15:39:53.486977 	EXP 	fix_cross: foreColor = <psychopy.colors.Color: green, alpha=1.0>
2026-07-31_15:39:53.503074 	EXP 	fix_cross: autoDraw = False
2026-07-31_15:39:53.503074 	EXP 	fix_cross: autoDraw = True
2026-07-31_15:39:53.520136 	EXP 	fix_cross: autoDraw = False
2026-07-31_15:39:53.520136 	EXP 	fix_cross: autoDraw = True
2026-07-31_15:39:53.536538 	EXP 	fix_cross: autoDraw = False
2026-07-31_15:39:53.536538 	EXP 	fix_cross: autoDraw = True
2026-07-31_15:39:53.557519 	EXP 	fix_cross: autoDraw = False
2026-07-31_15:39:53.557519 	EXP 	fix_cross: autoDraw = True
2026-07-31_15:39:53.569610 	EXP 	fix_cross: autoDraw = False
2026-07-31_15:39:53.569610 	EXP 	fix_cross: autoDraw = True
2026-07-31_15:39:53.586365 	EXP 	fix_cross: autoDraw = False
2026-07-31_15:39:53.586365 	EXP 	fix_cross: autoDraw = True
2026-07-31_15:39:53.602905 	EXP 	fix_cross: autoDraw = False
2026-07-31_15:39:53.602905 	EXP 	fix_cross: autoDraw = True
2026-07-31_15:39:53.620062 	EXP 	fix_cross: autoDraw = False
2026-07-31_15:39:53.620062 	EXP 	fix_cross: autoDraw = True
2026-07-31_15:39:53.636832 	EXP 	fix_cross: autoDraw = False
2026-07-31_15:39:53.636832 	EXP 	fix_cross: autoDraw = True
2026-07-31_15:39:53.653153 	EXP 	fix_cross: autoDraw = False
2026-07-31_15:39:53.653153 	EXP 	fix_cross: autoDraw = True
2026-07-31_15:39:53.675058 	EXP 	fix_cross: autoDraw = False
2026-07-31_15:39:53.675058 	EXP 	fix_cross: autoDraw = True
2026-07-31_15:39:53.686037 	EXP 	fix_cross: autoDraw = False
2026-07-31_15:39:53.686037 	EXP 	fix_cross: autoDraw = True
2026-07-31_15:39:53.686037 	EXP 	fix_cross: autoDraw = False
2026-07-31_15:39:53.686037 	EXP 	fix_cross_2: autoDraw = True
2026-07-31_15:39:54.606787 	EXP 	New trial (rep=0, index=36): <Trial 36 (36 in rep 0) data={'block': 1, 'trial_in_block': 37, 'concept': 'flower', 'concept_num': 6, 'concept_num_word': 6, 'exemplar_num': 7, 'image_shown': 'flower\\flower_07.jpg', 'word_shown_english': 'flower', 'word_shown_german': 'Blume', 'word_shown_french': 'Fleur', 'is_prompt': 1, 'is_mismatch': 0, 'ITI_length': 1.15, 'correct_response': None, 'nonmatch_pres_side': None, 'thisN': 36, 'thisTrialN': 36, 'thisRepN': 0}>
2026-07-31_15:39:54.672827 	EXP 	fix_cross_2: autoDraw = False
2026-07-31_15:39:54.672827 	EXP 	fix_cross_2: autoDraw = False
2026-07-31_15:39:54.672827 	EXP 	breaks_instruction: text = 'Pause, die Aufgabe geht gleich weiter.\nEs sind noch 9 Blöcke übrig.'
2026-07-31_15:39:54.672827 	EXP 	instruction_continuebreak: text = 'Die Pause ist vorbei.\nBitte drücken Sie eine beliebige Taste,\nsobald sie bereit sind, weiterzumachen.'
2026-07-31_15:39:54.672827 	EXP 	breaks_instruction: autoDraw = False
2026-07-31_15:39:54.672827 	EXP 	progress_bar_breaks: autoDraw = False
2026-07-31_15:39:54.672827 	EXP 	instruction_continuebreak: autoDraw = False
2026-07-31_15:39:54.672827 	EXP 	image: image = 'stimuli\\flower\\flower_07.jpg'
2026-07-31_15:39:54.672827 	EXP 	image: autoDraw = True
2026-07-31_15:39:55.425428 	EXP 	spoken_word: sampleRate = 24000
2026-07-31_15:39:55.426775 	INFO 	Resampled audio from 24000Hz to 48000Hz using method 'default'.
2026-07-31_15:39:55.426797 	DEBUG 	Converted audio clip from mono to stereo
2026-07-31_15:39:55.428524 	EXP 	spoken_word: sampleRate = 24000
2026-07-31_15:39:55.430080 	INFO 	Resampled audio from 24000Hz to 48000Hz using method 'default'.
2026-07-31_15:39:55.430110 	DEBUG 	Converted audio clip from mono to stereo
2026-07-31_15:39:55.430681 	EXP 	Sound spoken_word reached end of file
190.5616 	EXP 	Playing sound spoken_word on speaker Lautsprecher (Realtek(R) Audio)
2026-07-31_15:39:55.452230 	INFO 	Keyboard events cleared
2026-07-31_15:39:55.452036 	EXP 	image: autoDraw = False
2026-07-31_15:39:55.452036 	EXP 	image: autoDraw = False
2026-07-31_15:39:55.452036 	EXP 	fix_cross: foreColor = <psychopy.colors.Color: white, alpha=1.0>
2026-07-31_15:39:55.452036 	EXP 	fix_cross: autoDraw = True
2026-07-31_15:39:56.313872 	EXP 	Sound spoken_word reached end of file
2026-07-31_15:39:56.337151 	EXP 	Sound spoken_word reached end of file
2026-07-31_15:39:56.951934 	EXP 	fix_cross: autoDraw = False
2026-07-31_15:39:56.951934 	EXP 	fix_cross: foreColor = <psychopy.colors.Color: green, alpha=1.0>
2026-07-31_15:39:56.951934 	EXP 	fix_cross: autoDraw = True
2026-07-31_15:39:56.973624 	EXP 	fix_cross: autoDraw = False
2026-07-31_15:39:56.973624 	EXP 	fix_cross: autoDraw = True
2026-07-31_15:39:56.985364 	EXP 	fix_cross: autoDraw = False
2026-07-31_15:39:56.985364 	EXP 	fix_cross: autoDraw = True
2026-07-31_15:39:57.002351 	EXP 	fix_cross: autoDraw = False
2026-07-31_15:39:57.002351 	EXP 	fix_cross: autoDraw = True
2026-07-31_15:39:57.018723 	EXP 	fix_cross: autoDraw = False
2026-07-31_15:39:57.018723 	EXP 	fix_cross: autoDraw = True
2026-07-31_15:39:57.035290 	EXP 	fix_cross: autoDraw = False
2026-07-31_15:39:57.035290 	EXP 	fix_cross: autoDraw = True
2026-07-31_15:39:57.052684 	EXP 	fix_cross: autoDraw = False
2026-07-31_15:39:57.052684 	EXP 	fix_cross: autoDraw = True
2026-07-31_15:39:57.073632 	EXP 	fix_cross: autoDraw = False
2026-07-31_15:39:57.073632 	EXP 	fix_cross: autoDraw = True
2026-07-31_15:39:57.084511 	EXP 	fix_cross: autoDraw = False
2026-07-31_15:39:57.084511 	EXP 	fix_cross: autoDraw = True
2026-07-31_15:39:57.101689 	EXP 	fix_cross: autoDraw = False
2026-07-31_15:39:57.101689 	EXP 	fix_cross: autoDraw = True
2026-07-31_15:39:57.119227 	EXP 	fix_cross: autoDraw = False
2026-07-31_15:39:57.119227 	EXP 	fix_cross: autoDraw = True
2026-07-31_15:39:57.135385 	EXP 	fix_cross: autoDraw = False
2026-07-31_15:39:57.135385 	EXP 	fix_cross: autoDraw = True
2026-07-31_15:39:57.152346 	EXP 	fix_cross: autoDraw = False
2026-07-31_15:39:57.152346 	EXP 	fix_cross: autoDraw = True
2026-07-31_15:39:57.169039 	EXP 	fix_cross: autoDraw = False
2026-07-31_15:39:57.169039 	EXP 	fix_cross: autoDraw = True
2026-07-31_15:39:57.169039 	EXP 	fix_cross: autoDraw = False
2026-07-31_15:39:57.169039 	EXP 	fix_cross_2: autoDraw = True
2026-07-31_15:39:58.305274 	EXP 	New trial (rep=0, index=37): <Trial 37 (37 in rep 0) data={'block': 1, 'trial_in_block': 38, 'concept': 'chair', 'concept_num': 4, 'concept_num_word': 4, 'exemplar_num': 47, 'image_shown': 'chair\\chair_47.jpg', 'word_shown_english': 'chair', 'word_shown_german': 'Stuhl', 'word_shown_french': 'Chaise', 'is_prompt': 1, 'is_mismatch': 0, 'ITI_length': 0.99, 'correct_response': None, 'nonmatch_pres_side': None, 'thisN': 37, 'thisTrialN': 37, 'thisRepN': 0}>
2026-07-31_15:39:58.393135 	EXP 	fix_cross_2: autoDraw = False
2026-07-31_15:39:58.393135 	EXP 	fix_cross_2: autoDraw = False
2026-07-31_15:39:58.393135 	EXP 	breaks_instruction: text = 'Pause, die Aufgabe geht gleich weiter.\nEs sind noch 9 Blöcke übrig.'
2026-07-31_15:39:58.393135 	EXP 	instruction_continuebreak: text = 'Die Pause ist vorbei.\nBitte drücken Sie eine beliebige Taste,\nsobald sie bereit sind, weiterzumachen.'
2026-07-31_15:39:58.393135 	EXP 	breaks_instruction: autoDraw = False
2026-07-31_15:39:58.393135 	EXP 	progress_bar_breaks: autoDraw = False
2026-07-31_15:39:58.393135 	EXP 	instruction_continuebreak: autoDraw = False
2026-07-31_15:39:58.393135 	EXP 	image: image = 'stimuli\\chair\\chair_47.jpg'
2026-07-31_15:39:58.393135 	EXP 	image: autoDraw = True
2026-07-31_15:39:59.141913 	EXP 	spoken_word: sampleRate = 44100
2026-07-31_15:39:59.145593 	INFO 	Resampled audio from 44100Hz to 48000Hz using method 'default'.
2026-07-31_15:39:59.145640 	DEBUG 	Converted audio clip from mono to stereo
2026-07-31_15:39:59.148966 	EXP 	spoken_word: sampleRate = 44100
2026-07-31_15:39:59.152255 	INFO 	Resampled audio from 44100Hz to 48000Hz using method 'default'.
2026-07-31_15:39:59.152309 	DEBUG 	Converted audio clip from mono to stereo
2026-07-31_15:39:59.152768 	EXP 	Sound spoken_word reached end of file
194.2785 	EXP 	Playing sound spoken_word on speaker Lautsprecher (Realtek(R) Audio)
2026-07-31_15:39:59.169547 	INFO 	Keyboard events cleared
2026-07-31_15:39:59.169197 	EXP 	image: autoDraw = False
2026-07-31_15:39:59.169197 	EXP 	image: autoDraw = False
2026-07-31_15:39:59.169197 	EXP 	fix_cross: foreColor = <psychopy.colors.Color: white, alpha=1.0>
2026-07-31_15:39:59.169197 	EXP 	fix_cross: autoDraw = True
2026-07-31_15:39:59.699713 	EXP 	Sound spoken_word reached end of file
2026-07-31_15:39:59.721630 	EXP 	Sound spoken_word reached end of file
2026-07-31_15:40:00.668037 	EXP 	fix_cross: foreColor = <psychopy.colors.Color: green, alpha=1.0>
2026-07-31_15:40:00.689785 	EXP 	fix_cross: autoDraw = False
2026-07-31_15:40:00.689785 	EXP 	fix_cross: autoDraw = True
2026-07-31_15:40:00.701196 	EXP 	fix_cross: autoDraw = False
2026-07-31_15:40:00.701196 	EXP 	fix_cross: autoDraw = True
2026-07-31_15:40:00.720031 	EXP 	fix_cross: autoDraw = False
2026-07-31_15:40:00.720031 	EXP 	fix_cross: autoDraw = True
2026-07-31_15:40:00.734620 	EXP 	fix_cross: autoDraw = False
2026-07-31_15:40:00.734620 	EXP 	fix_cross: autoDraw = True
2026-07-31_15:40:00.751284 	EXP 	fix_cross: autoDraw = False
2026-07-31_15:40:00.751284 	EXP 	fix_cross: autoDraw = True
2026-07-31_15:40:00.768254 	EXP 	fix_cross: autoDraw = False
2026-07-31_15:40:00.768254 	EXP 	fix_cross: autoDraw = True
2026-07-31_15:40:00.786359 	EXP 	fix_cross: autoDraw = False
2026-07-31_15:40:00.786359 	EXP 	fix_cross: autoDraw = True
2026-07-31_15:40:00.807470 	EXP 	fix_cross: autoDraw = False
2026-07-31_15:40:00.807470 	EXP 	fix_cross: autoDraw = True
2026-07-31_15:40:00.818576 	EXP 	fix_cross: autoDraw = False
2026-07-31_15:40:00.818576 	EXP 	fix_cross: autoDraw = True
2026-07-31_15:40:00.834360 	EXP 	fix_cross: autoDraw = False
2026-07-31_15:40:00.834360 	EXP 	fix_cross: autoDraw = True
2026-07-31_15:40:00.851418 	EXP 	fix_cross: autoDraw = False
2026-07-31_15:40:00.851418 	EXP 	fix_cross: autoDraw = True
2026-07-31_15:40:00.868671 	EXP 	fix_cross: autoDraw = False
2026-07-31_15:40:00.868671 	EXP 	fix_cross: autoDraw = True
2026-07-31_15:40:00.868671 	EXP 	fix_cross: autoDraw = False
2026-07-31_15:40:00.868671 	EXP 	fix_cross_2: autoDraw = True
2026-07-31_15:40:01.856802 	EXP 	New trial (rep=0, index=38): <Trial 38 (38 in rep 0) data={'block': 1, 'trial_in_block': 39, 'concept': 'bread', 'concept_num': 3, 'concept_num_word': 3, 'exemplar_num': 26, 'image_shown': 'bread\\bread_26.jpg', 'word_shown_english': 'bread', 'word_shown_german': 'Brot', 'word_shown_french': 'Pain', 'is_prompt': 1, 'is_mismatch': 0, 'ITI_length': 1.07, 'correct_response': None, 'nonmatch_pres_side': None, 'thisN': 38, 'thisTrialN': 38, 'thisRepN': 0}>
2026-07-31_15:40:01.923256 	EXP 	fix_cross_2: autoDraw = False
2026-07-31_15:40:01.923256 	EXP 	fix_cross_2: autoDraw = False
2026-07-31_15:40:01.923256 	EXP 	breaks_instruction: text = 'Pause, die Aufgabe geht gleich weiter.\nEs sind noch 9 Blöcke übrig.'
2026-07-31_15:40:01.923256 	EXP 	instruction_continuebreak: text = 'Die Pause ist vorbei.\nBitte drücken Sie eine beliebige Taste,\nsobald sie bereit sind, weiterzumachen.'
2026-07-31_15:40:01.923256 	EXP 	breaks_instruction: autoDraw = False
2026-07-31_15:40:01.923256 	EXP 	progress_bar_breaks: autoDraw = False
2026-07-31_15:40:01.923256 	EXP 	instruction_continuebreak: autoDraw = False
2026-07-31_15:40:01.923256 	EXP 	image: image = 'stimuli\\bread\\bread_26.jpg'
2026-07-31_15:40:01.923256 	EXP 	image: autoDraw = True
2026-07-31_15:40:02.662187 	EXP 	spoken_word: sampleRate = 24000
2026-07-31_15:40:02.664640 	INFO 	Resampled audio from 24000Hz to 48000Hz using method 'default'.
2026-07-31_15:40:02.664668 	DEBUG 	Converted audio clip from mono to stereo
2026-07-31_15:40:02.666509 	EXP 	spoken_word: sampleRate = 24000
2026-07-31_15:40:02.668506 	INFO 	Resampled audio from 24000Hz to 48000Hz using method 'default'.
2026-07-31_15:40:02.668530 	DEBUG 	Converted audio clip from mono to stereo
2026-07-31_15:40:02.669040 	EXP 	Sound spoken_word reached end of file
197.7979 	EXP 	Playing sound spoken_word on speaker Lautsprecher (Realtek(R) Audio)
2026-07-31_15:40:02.684179 	INFO 	Keyboard events cleared
2026-07-31_15:40:02.683872 	EXP 	image: autoDraw = False
2026-07-31_15:40:02.683872 	EXP 	image: autoDraw = False
2026-07-31_15:40:02.683872 	EXP 	fix_cross: foreColor = <psychopy.colors.Color: white, alpha=1.0>
2026-07-31_15:40:02.683872 	EXP 	fix_cross: autoDraw = True
2026-07-31_15:40:03.570591 	EXP 	Sound spoken_word reached end of file
2026-07-31_15:40:03.587442 	EXP 	Sound spoken_word reached end of file
2026-07-31_15:40:04.185156 	EXP 	fix_cross: autoDraw = False
2026-07-31_15:40:04.185156 	EXP 	fix_cross: foreColor = <psychopy.colors.Color: green, alpha=1.0>
2026-07-31_15:40:04.185156 	EXP 	fix_cross: autoDraw = True
2026-07-31_15:40:04.207984 	EXP 	fix_cross: autoDraw = False
2026-07-31_15:40:04.207984 	EXP 	fix_cross: autoDraw = True
2026-07-31_15:40:04.233456 	EXP 	fix_cross: autoDraw = False
2026-07-31_15:40:04.233456 	EXP 	fix_cross: autoDraw = True
2026-07-31_15:40:04.251924 	EXP 	fix_cross: autoDraw = False
2026-07-31_15:40:04.251924 	EXP 	fix_cross: autoDraw = True
2026-07-31_15:40:04.267298 	EXP 	fix_cross: autoDraw = False
2026-07-31_15:40:04.267298 	EXP 	fix_cross: autoDraw = True
2026-07-31_15:40:04.285077 	EXP 	fix_cross: autoDraw = False
2026-07-31_15:40:04.285077 	EXP 	fix_cross: autoDraw = True
2026-07-31_15:40:04.305328 	EXP 	fix_cross: autoDraw = False
2026-07-31_15:40:04.305328 	EXP 	fix_cross: autoDraw = True
2026-07-31_15:40:04.318313 	EXP 	fix_cross: autoDraw = False
2026-07-31_15:40:04.318313 	EXP 	fix_cross: autoDraw = True
2026-07-31_15:40:04.334777 	EXP 	fix_cross: autoDraw = False
2026-07-31_15:40:04.334777 	EXP 	fix_cross: autoDraw = True
2026-07-31_15:40:04.351002 	EXP 	fix_cross: autoDraw = False
2026-07-31_15:40:04.351002 	EXP 	fix_cross: autoDraw = True
2026-07-31_15:40:04.368094 	EXP 	fix_cross: autoDraw = False
2026-07-31_15:40:04.368094 	EXP 	fix_cross: autoDraw = True
2026-07-31_15:40:04.384714 	EXP 	fix_cross: autoDraw = False
2026-07-31_15:40:04.384714 	EXP 	fix_cross: autoDraw = True
2026-07-31_15:40:04.384714 	EXP 	fix_cross: autoDraw = False
2026-07-31_15:40:04.384714 	EXP 	fix_cross_2: autoDraw = True
2026-07-31_15:40:05.454278 	EXP 	New trial (rep=0, index=39): <Trial 39 (39 in rep 0) data={'block': 1, 'trial_in_block': 40, 'concept': 'bicycle', 'concept_num': 2, 'concept_num_word': 2, 'exemplar_num': 49, 'image_shown': 'bicycle\\bicycle_49.jpg', 'word_shown_english': 'bicycle', 'word_shown_german': 'Fahrrad', 'word_shown_french': 'Vélo', 'is_prompt': 1, 'is_mismatch': 0, 'ITI_length': 0.88, 'correct_response': None, 'nonmatch_pres_side': None, 'thisN': 39, 'thisTrialN': 39, 'thisRepN': 0}>
2026-07-31_15:40:05.541490 	EXP 	fix_cross_2: autoDraw = False
2026-07-31_15:40:05.541490 	EXP 	fix_cross_2: autoDraw = False
2026-07-31_15:40:05.541490 	EXP 	breaks_instruction: text = 'Pause, die Aufgabe geht gleich weiter.\nEs sind noch 9 Blöcke übrig.'
2026-07-31_15:40:05.541490 	EXP 	instruction_continuebreak: text = 'Die Pause ist vorbei.\nBitte drücken Sie eine beliebige Taste,\nsobald sie bereit sind, weiterzumachen.'
2026-07-31_15:40:05.541490 	EXP 	breaks_instruction: autoDraw = False
2026-07-31_15:40:05.541490 	EXP 	progress_bar_breaks: autoDraw = False
2026-07-31_15:40:05.541490 	EXP 	instruction_continuebreak: autoDraw = False
2026-07-31_15:40:05.541490 	EXP 	image: image = 'stimuli\\bicycle\\bicycle_49.jpg'
2026-07-31_15:40:05.541490 	EXP 	image: autoDraw = True
2026-07-31_15:40:06.286203 	EXP 	spoken_word: sampleRate = 48000
2026-07-31_15:40:06.287158 	DEBUG 	Converted audio clip from mono to stereo
2026-07-31_15:40:06.288553 	EXP 	spoken_word: sampleRate = 48000
2026-07-31_15:40:06.289588 	DEBUG 	Converted audio clip from mono to stereo
2026-07-31_15:40:06.289915 	EXP 	Sound spoken_word reached end of file
201.4234 	EXP 	Playing sound spoken_word on speaker Lautsprecher (Realtek(R) Audio)
2026-07-31_15:40:06.300477 	INFO 	Keyboard events cleared
2026-07-31_15:40:06.300248 	EXP 	image: autoDraw = False
2026-07-31_15:40:06.300248 	EXP 	image: autoDraw = False
2026-07-31_15:40:06.300248 	EXP 	fix_cross: foreColor = <psychopy.colors.Color: white, alpha=1.0>
2026-07-31_15:40:06.300248 	EXP 	fix_cross: autoDraw = True
2026-07-31_15:40:06.980053 	EXP 	Sound spoken_word reached end of file
2026-07-31_15:40:07.001202 	EXP 	Sound spoken_word reached end of file
2026-07-31_15:40:07.798199 	EXP 	fix_cross: autoDraw = False
2026-07-31_15:40:07.798199 	EXP 	fix_cross: foreColor = <psychopy.colors.Color: green, alpha=1.0>
2026-07-31_15:40:07.798199 	EXP 	fix_cross: autoDraw = True
2026-07-31_15:40:07.819950 	EXP 	fix_cross: autoDraw = False
2026-07-31_15:40:07.819950 	EXP 	fix_cross: autoDraw = True
2026-07-31_15:40:07.832191 	EXP 	fix_cross: autoDraw = False
2026-07-31_15:40:07.832191 	EXP 	fix_cross: autoDraw = True
2026-07-31_15:40:07.847743 	EXP 	fix_cross: autoDraw = False
2026-07-31_15:40:07.847743 	EXP 	fix_cross: autoDraw = True
2026-07-31_15:40:07.865304 	EXP 	fix_cross: autoDraw = False
2026-07-31_15:40:07.865304 	EXP 	fix_cross: autoDraw = True
2026-07-31_15:40:07.882484 	EXP 	fix_cross: autoDraw = False
2026-07-31_15:40:07.882484 	EXP 	fix_cross: autoDraw = True
2026-07-31_15:40:07.898003 	EXP 	fix_cross: autoDraw = False
2026-07-31_15:40:07.898003 	EXP 	fix_cross: autoDraw = True
2026-07-31_15:40:07.920022 	EXP 	fix_cross: autoDraw = False
2026-07-31_15:40:07.920022 	EXP 	fix_cross: autoDraw = True
2026-07-31_15:40:07.932247 	EXP 	fix_cross: autoDraw = False
2026-07-31_15:40:07.932247 	EXP 	fix_cross: autoDraw = True
2026-07-31_15:40:07.948622 	EXP 	fix_cross: autoDraw = False
2026-07-31_15:40:07.948622 	EXP 	fix_cross: autoDraw = True
2026-07-31_15:40:07.965661 	EXP 	fix_cross: autoDraw = False
2026-07-31_15:40:07.965661 	EXP 	fix_cross: autoDraw = True
2026-07-31_15:40:07.981659 	EXP 	fix_cross: autoDraw = False
2026-07-31_15:40:07.981659 	EXP 	fix_cross: autoDraw = True
2026-07-31_15:40:07.999814 	EXP 	fix_cross: autoDraw = False
2026-07-31_15:40:07.999814 	EXP 	fix_cross: autoDraw = True
2026-07-31_15:40:08.016130 	EXP 	fix_cross: autoDraw = False
2026-07-31_15:40:08.016130 	EXP 	fix_cross: autoDraw = True
2026-07-31_15:40:08.016130 	EXP 	fix_cross: autoDraw = False
2026-07-31_15:40:08.016130 	EXP 	fix_cross_2: autoDraw = True
2026-07-31_15:40:08.885487 	EXP 	New trial (rep=0, index=40): <Trial 40 (40 in rep 0) data={'block': 1, 'trial_in_block': 41, 'concept': 'flower', 'concept_num': 6, 'concept_num_word': 6, 'exemplar_num': 38, 'image_shown': 'flower\\flower_38.jpg', 'word_shown_english': 'flower', 'word_shown_german': 'Blume', 'word_shown_french': 'Fleur', 'is_prompt': 1, 'is_mismatch': 0, 'ITI_length': 0.84, 'correct_response': None, 'nonmatch_pres_side': None, 'thisN': 40, 'thisTrialN': 40, 'thisRepN': 0}>
2026-07-31_15:40:08.935760 	EXP 	fix_cross_2: autoDraw = False
2026-07-31_15:40:08.935760 	EXP 	fix_cross_2: autoDraw = False
2026-07-31_15:40:08.935760 	EXP 	breaks_instruction: text = 'Pause, die Aufgabe geht gleich weiter.\nEs sind noch 9 Blöcke übrig.'
2026-07-31_15:40:08.935760 	EXP 	instruction_continuebreak: text = 'Die Pause ist vorbei.\nBitte drücken Sie eine beliebige Taste,\nsobald sie bereit sind, weiterzumachen.'
2026-07-31_15:40:08.935760 	EXP 	breaks_instruction: autoDraw = False
2026-07-31_15:40:08.935760 	EXP 	progress_bar_breaks: autoDraw = False
2026-07-31_15:40:08.935760 	EXP 	instruction_continuebreak: autoDraw = False
2026-07-31_15:40:08.935760 	EXP 	image: image = 'stimuli\\flower\\flower_38.jpg'
2026-07-31_15:40:08.935760 	EXP 	image: autoDraw = True
2026-07-31_15:40:09.673443 	EXP 	spoken_word: sampleRate = 24000
2026-07-31_15:40:09.674845 	INFO 	Resampled audio from 24000Hz to 48000Hz using method 'default'.
2026-07-31_15:40:09.674870 	DEBUG 	Converted audio clip from mono to stereo
2026-07-31_15:40:09.677414 	EXP 	spoken_word: sampleRate = 24000
2026-07-31_15:40:09.678874 	INFO 	Resampled audio from 24000Hz to 48000Hz using method 'default'.
2026-07-31_15:40:09.678895 	DEBUG 	Converted audio clip from mono to stereo
2026-07-31_15:40:09.679265 	EXP 	Sound spoken_word reached end of file
204.8105 	EXP 	Playing sound spoken_word on speaker Lautsprecher (Realtek(R) Audio)
2026-07-31_15:40:09.697886 	INFO 	Keyboard events cleared
2026-07-31_15:40:09.697662 	EXP 	image: autoDraw = False
2026-07-31_15:40:09.697662 	EXP 	image: autoDraw = False
2026-07-31_15:40:09.697662 	EXP 	fix_cross: foreColor = <psychopy.colors.Color: white, alpha=1.0>
2026-07-31_15:40:09.697662 	EXP 	fix_cross: autoDraw = True
2026-07-31_15:40:10.562567 	EXP 	Sound spoken_word reached end of file
2026-07-31_15:40:10.583995 	EXP 	Sound spoken_word reached end of file
2026-07-31_15:40:11.198725 	EXP 	fix_cross: autoDraw = False
2026-07-31_15:40:11.198725 	EXP 	fix_cross: foreColor = <psychopy.colors.Color: green, alpha=1.0>
2026-07-31_15:40:11.198725 	EXP 	fix_cross: autoDraw = True
2026-07-31_15:40:11.218680 	EXP 	fix_cross: autoDraw = False
2026-07-31_15:40:11.218680 	EXP 	fix_cross: autoDraw = True
2026-07-31_15:40:11.230758 	EXP 	fix_cross: autoDraw = False
2026-07-31_15:40:11.230758 	EXP 	fix_cross: autoDraw = True
2026-07-31_15:40:11.247756 	EXP 	fix_cross: autoDraw = False
2026-07-31_15:40:11.247756 	EXP 	fix_cross: autoDraw = True
2026-07-31_15:40:11.263454 	EXP 	fix_cross: autoDraw = False
2026-07-31_15:40:11.263454 	EXP 	fix_cross: autoDraw = True
2026-07-31_15:40:11.281195 	EXP 	fix_cross: autoDraw = False
2026-07-31_15:40:11.281195 	EXP 	fix_cross: autoDraw = True
2026-07-31_15:40:11.297987 	EXP 	fix_cross: autoDraw = False
2026-07-31_15:40:11.297987 	EXP 	fix_cross: autoDraw = True
2026-07-31_15:40:11.317985 	EXP 	fix_cross: autoDraw = False
2026-07-31_15:40:11.317985 	EXP 	fix_cross: autoDraw = True
2026-07-31_15:40:11.330885 	EXP 	fix_cross: autoDraw = False
2026-07-31_15:40:11.330885 	EXP 	fix_cross: autoDraw = True
2026-07-31_15:40:11.348072 	EXP 	fix_cross: autoDraw = False
2026-07-31_15:40:11.348072 	EXP 	fix_cross: autoDraw = True
2026-07-31_15:40:11.363906 	EXP 	fix_cross: autoDraw = False
2026-07-31_15:40:11.363906 	EXP 	fix_cross: autoDraw = True
2026-07-31_15:40:11.381222 	EXP 	fix_cross: autoDraw = False
2026-07-31_15:40:11.381222 	EXP 	fix_cross: autoDraw = True
2026-07-31_15:40:11.398169 	EXP 	fix_cross: autoDraw = False
2026-07-31_15:40:11.398169 	EXP 	fix_cross: autoDraw = True
2026-07-31_15:40:11.419094 	EXP 	fix_cross: autoDraw = False
2026-07-31_15:40:11.419094 	EXP 	fix_cross: autoDraw = True
2026-07-31_15:40:11.419094 	EXP 	fix_cross: autoDraw = False
2026-07-31_15:40:11.419094 	EXP 	fix_cross_2: autoDraw = True
2026-07-31_15:40:12.251943 	EXP 	New trial (rep=0, index=41): <Trial 41 (41 in rep 0) data={'block': 1, 'trial_in_block': 42, 'concept': 'ball', 'concept_num': 1, 'concept_num_word': 1, 'exemplar_num': 18, 'image_shown': 'ball\\ball_18.jpg', 'word_shown_english': 'ball', 'word_shown_german': 'Ball', 'word_shown_french': 'Ballon', 'is_prompt': 1, 'is_mismatch': 0, 'ITI_length': 0.94, 'correct_response': None, 'nonmatch_pres_side': None, 'thisN': 41, 'thisTrialN': 41, 'thisRepN': 0}>
2026-07-31_15:40:12.300142 	EXP 	fix_cross_2: autoDraw = False
2026-07-31_15:40:12.300142 	EXP 	fix_cross_2: autoDraw = False
2026-07-31_15:40:12.300142 	EXP 	breaks_instruction: text = 'Pause, die Aufgabe geht gleich weiter.\nEs sind noch 9 Blöcke übrig.'
2026-07-31_15:40:12.300142 	EXP 	instruction_continuebreak: text = 'Die Pause ist vorbei.\nBitte drücken Sie eine beliebige Taste,\nsobald sie bereit sind, weiterzumachen.'
2026-07-31_15:40:12.300142 	EXP 	breaks_instruction: autoDraw = False
2026-07-31_15:40:12.300142 	EXP 	progress_bar_breaks: autoDraw = False
2026-07-31_15:40:12.300142 	EXP 	instruction_continuebreak: autoDraw = False
2026-07-31_15:40:12.300142 	EXP 	image: image = 'stimuli\\ball\\ball_18.jpg'
2026-07-31_15:40:12.300142 	EXP 	image: autoDraw = True
2026-07-31_15:40:13.041088 	EXP 	spoken_word: sampleRate = 24000
2026-07-31_15:40:13.043710 	INFO 	Resampled audio from 24000Hz to 48000Hz using method 'default'.
2026-07-31_15:40:13.043763 	DEBUG 	Converted audio clip from mono to stereo
2026-07-31_15:40:13.047565 	EXP 	spoken_word: sampleRate = 24000
2026-07-31_15:40:13.049459 	INFO 	Resampled audio from 24000Hz to 48000Hz using method 'default'.
2026-07-31_15:40:13.049498 	DEBUG 	Converted audio clip from mono to stereo
2026-07-31_15:40:13.050026 	EXP 	Sound spoken_word reached end of file
208.1767 	EXP 	Playing sound spoken_word on speaker Lautsprecher (Realtek(R) Audio)
2026-07-31_15:40:13.065758 	INFO 	Keyboard events cleared
2026-07-31_15:40:13.065588 	EXP 	image: autoDraw = False
2026-07-31_15:40:13.065588 	EXP 	image: autoDraw = False
2026-07-31_15:40:13.065588 	EXP 	fix_cross: foreColor = <psychopy.colors.Color: white, alpha=1.0>
2026-07-31_15:40:13.065588 	EXP 	fix_cross: autoDraw = True
2026-07-31_15:40:13.804529 	EXP 	Sound spoken_word reached end of file
2026-07-31_15:40:13.816644 	EXP 	Sound spoken_word reached end of file
2026-07-31_15:40:14.563701 	EXP 	fix_cross: foreColor = <psychopy.colors.Color: green, alpha=1.0>
2026-07-31_15:40:14.580420 	EXP 	fix_cross: autoDraw = False
2026-07-31_15:40:14.580420 	EXP 	fix_cross: autoDraw = True
2026-07-31_15:40:14.610447 	EXP 	fix_cross: autoDraw = False
2026-07-31_15:40:14.610447 	EXP 	fix_cross: autoDraw = True
2026-07-31_15:40:14.637319 	EXP 	fix_cross: autoDraw = False
2026-07-31_15:40:14.637319 	EXP 	fix_cross: autoDraw = True
2026-07-31_15:40:14.646441 	EXP 	fix_cross: autoDraw = False
2026-07-31_15:40:14.646441 	EXP 	fix_cross: autoDraw = True
2026-07-31_15:40:14.663223 	EXP 	fix_cross: autoDraw = False
2026-07-31_15:40:14.663223 	EXP 	fix_cross: autoDraw = True
2026-07-31_15:40:14.678895 	EXP 	fix_cross: autoDraw = False
2026-07-31_15:40:14.678895 	EXP 	fix_cross: autoDraw = True
2026-07-31_15:40:14.700815 	EXP 	fix_cross: autoDraw = False
2026-07-31_15:40:14.700815 	EXP 	fix_cross: autoDraw = True
2026-07-31_15:40:14.712554 	EXP 	fix_cross: autoDraw = False
2026-07-31_15:40:14.712554 	EXP 	fix_cross: autoDraw = True
2026-07-31_15:40:14.729167 	EXP 	fix_cross: autoDraw = False
2026-07-31_15:40:14.729167 	EXP 	fix_cross: autoDraw = True
2026-07-31_15:40:14.747118 	EXP 	fix_cross: autoDraw = False
2026-07-31_15:40:14.747118 	EXP 	fix_cross: autoDraw = True
2026-07-31_15:40:14.764143 	EXP 	fix_cross: autoDraw = False
2026-07-31_15:40:14.764143 	EXP 	fix_cross: autoDraw = True
2026-07-31_15:40:14.778948 	EXP 	fix_cross: autoDraw = False
2026-07-31_15:40:14.778948 	EXP 	fix_cross: autoDraw = True
2026-07-31_15:40:14.778948 	EXP 	fix_cross: autoDraw = False
2026-07-31_15:40:14.778948 	EXP 	fix_cross_2: autoDraw = True
2026-07-31_15:40:15.707001 	EXP 	New trial (rep=0, index=42): <Trial 42 (42 in rep 0) data={'block': 1, 'trial_in_block': 43, 'concept': 'flower', 'concept_num': 6, 'concept_num_word': 6, 'exemplar_num': 49, 'image_shown': 'flower\\flower_49.jpg', 'word_shown_english': 'flower', 'word_shown_german': 'Blume', 'word_shown_french': 'Fleur', 'is_prompt': 1, 'is_mismatch': 0, 'ITI_length': 1.08, 'correct_response': None, 'nonmatch_pres_side': None, 'thisN': 42, 'thisTrialN': 42, 'thisRepN': 0}>
2026-07-31_15:40:15.790709 	EXP 	fix_cross_2: autoDraw = False
2026-07-31_15:40:15.790709 	EXP 	fix_cross_2: autoDraw = False
2026-07-31_15:40:15.790709 	EXP 	breaks_instruction: text = 'Pause, die Aufgabe geht gleich weiter.\nEs sind noch 9 Blöcke übrig.'
2026-07-31_15:40:15.790709 	EXP 	instruction_continuebreak: text = 'Die Pause ist vorbei.\nBitte drücken Sie eine beliebige Taste,\nsobald sie bereit sind, weiterzumachen.'
2026-07-31_15:40:15.790709 	EXP 	breaks_instruction: autoDraw = False
2026-07-31_15:40:15.790709 	EXP 	progress_bar_breaks: autoDraw = False
2026-07-31_15:40:15.790709 	EXP 	instruction_continuebreak: autoDraw = False
2026-07-31_15:40:15.790709 	EXP 	image: image = 'stimuli\\flower\\flower_49.jpg'
2026-07-31_15:40:15.790709 	EXP 	image: autoDraw = True
2026-07-31_15:40:16.533247 	EXP 	spoken_word: sampleRate = 24000
2026-07-31_15:40:16.534629 	INFO 	Resampled audio from 24000Hz to 48000Hz using method 'default'.
2026-07-31_15:40:16.534659 	DEBUG 	Converted audio clip from mono to stereo
2026-07-31_15:40:16.536284 	EXP 	spoken_word: sampleRate = 24000
2026-07-31_15:40:16.537751 	INFO 	Resampled audio from 24000Hz to 48000Hz using method 'default'.
2026-07-31_15:40:16.537773 	DEBUG 	Converted audio clip from mono to stereo
2026-07-31_15:40:16.538167 	EXP 	Sound spoken_word reached end of file
211.6704 	EXP 	Playing sound spoken_word on speaker Lautsprecher (Realtek(R) Audio)
2026-07-31_15:40:16.546552 	INFO 	Keyboard events cleared
2026-07-31_15:40:16.546277 	EXP 	image: autoDraw = False
2026-07-31_15:40:16.546277 	EXP 	image: autoDraw = False
2026-07-31_15:40:16.546277 	EXP 	fix_cross: foreColor = <psychopy.colors.Color: white, alpha=1.0>
2026-07-31_15:40:16.546277 	EXP 	fix_cross: autoDraw = True
2026-07-31_15:40:17.421924 	EXP 	Sound spoken_word reached end of file
2026-07-31_15:40:17.432417 	EXP 	Sound spoken_word reached end of file
2026-07-31_15:40:18.062330 	EXP 	fix_cross: autoDraw = False
2026-07-31_15:40:18.062330 	EXP 	fix_cross: foreColor = <psychopy.colors.Color: green, alpha=1.0>
2026-07-31_15:40:18.062330 	EXP 	fix_cross: autoDraw = True
2026-07-31_15:40:18.078254 	EXP 	fix_cross: autoDraw = False
2026-07-31_15:40:18.078254 	EXP 	fix_cross: autoDraw = True
2026-07-31_15:40:18.099436 	EXP 	fix_cross: autoDraw = False
2026-07-31_15:40:18.099436 	EXP 	fix_cross: autoDraw = True
2026-07-31_15:40:18.112089 	EXP 	fix_cross: autoDraw = False
2026-07-31_15:40:18.112089 	EXP 	fix_cross: autoDraw = True
2026-07-31_15:40:18.128973 	EXP 	fix_cross: autoDraw = False
2026-07-31_15:40:18.128973 	EXP 	fix_cross: autoDraw = True
2026-07-31_15:40:18.146593 	EXP 	fix_cross: autoDraw = False
2026-07-31_15:40:18.146593 	EXP 	fix_cross: autoDraw = True
2026-07-31_15:40:18.162154 	EXP 	fix_cross: autoDraw = False
2026-07-31_15:40:18.162154 	EXP 	fix_cross: autoDraw = True
2026-07-31_15:40:18.179083 	EXP 	fix_cross: autoDraw = False
2026-07-31_15:40:18.179083 	EXP 	fix_cross: autoDraw = True
2026-07-31_15:40:18.200300 	EXP 	fix_cross: autoDraw = False
2026-07-31_15:40:18.200300 	EXP 	fix_cross: autoDraw = True
2026-07-31_15:40:18.211754 	EXP 	fix_cross: autoDraw = False
2026-07-31_15:40:18.211754 	EXP 	fix_cross: autoDraw = True
2026-07-31_15:40:18.230484 	EXP 	fix_cross: autoDraw = False
2026-07-31_15:40:18.230484 	EXP 	fix_cross: autoDraw = True
2026-07-31_15:40:18.245327 	EXP 	fix_cross: autoDraw = False
2026-07-31_15:40:18.245327 	EXP 	fix_cross: autoDraw = True
2026-07-31_15:40:18.262348 	EXP 	fix_cross: autoDraw = False
2026-07-31_15:40:18.262348 	EXP 	fix_cross: autoDraw = True
2026-07-31_15:40:18.262348 	EXP 	fix_cross: autoDraw = False
2026-07-31_15:40:18.262348 	EXP 	fix_cross_2: autoDraw = True
2026-07-31_15:40:19.331023 	EXP 	New trial (rep=0, index=43): <Trial 43 (43 in rep 0) data={'block': 1, 'trial_in_block': 44, 'concept': 'hand', 'concept_num': 8, 'concept_num_word': 8, 'exemplar_num': 3, 'image_shown': 'hand\\hand_03.jpg', 'word_shown_english': 'hand', 'word_shown_german': 'Hand', 'word_shown_french': 'Main', 'is_prompt': 1, 'is_mismatch': 0, 'ITI_length': 1.17, 'correct_response': None, 'nonmatch_pres_side': None, 'thisN': 43, 'thisTrialN': 43, 'thisRepN': 0}>
2026-07-31_15:40:19.382127 	EXP 	fix_cross_2: autoDraw = False
2026-07-31_15:40:19.382127 	EXP 	fix_cross_2: autoDraw = False
2026-07-31_15:40:19.382127 	EXP 	breaks_instruction: text = 'Pause, die Aufgabe geht gleich weiter.\nEs sind noch 9 Blöcke übrig.'
2026-07-31_15:40:19.382127 	EXP 	instruction_continuebreak: text = 'Die Pause ist vorbei.\nBitte drücken Sie eine beliebige Taste,\nsobald sie bereit sind, weiterzumachen.'
2026-07-31_15:40:19.382127 	EXP 	breaks_instruction: autoDraw = False
2026-07-31_15:40:19.382127 	EXP 	progress_bar_breaks: autoDraw = False
2026-07-31_15:40:19.382127 	EXP 	instruction_continuebreak: autoDraw = False
2026-07-31_15:40:19.382127 	EXP 	image: image = 'stimuli\\hand\\hand_03.jpg'
2026-07-31_15:40:19.382127 	EXP 	image: autoDraw = True
2026-07-31_15:40:20.132447 	EXP 	spoken_word: sampleRate = 44100
2026-07-31_15:40:20.134699 	INFO 	Resampled audio from 44100Hz to 48000Hz using method 'default'.
2026-07-31_15:40:20.134721 	DEBUG 	Converted audio clip from mono to stereo
2026-07-31_15:40:20.135954 	EXP 	spoken_word: sampleRate = 44100
2026-07-31_15:40:20.137954 	INFO 	Resampled audio from 44100Hz to 48000Hz using method 'default'.
2026-07-31_15:40:20.137970 	DEBUG 	Converted audio clip from mono to stereo
2026-07-31_15:40:20.138192 	EXP 	Sound spoken_word reached end of file
215.2700 	EXP 	Playing sound spoken_word on speaker Lautsprecher (Realtek(R) Audio)
2026-07-31_15:40:20.145269 	INFO 	Keyboard events cleared
2026-07-31_15:40:20.145031 	EXP 	image: autoDraw = False
2026-07-31_15:40:20.145031 	EXP 	image: autoDraw = False
2026-07-31_15:40:20.145031 	EXP 	fix_cross: foreColor = <psychopy.colors.Color: white, alpha=1.0>
2026-07-31_15:40:20.145031 	EXP 	fix_cross: autoDraw = True
2026-07-31_15:40:20.609617 	EXP 	Sound spoken_word reached end of file
2026-07-31_15:40:20.630429 	EXP 	Sound spoken_word reached end of file
2026-07-31_15:40:21.643770 	EXP 	fix_cross: autoDraw = False
2026-07-31_15:40:21.660291 	EXP 	fix_cross: foreColor = <psychopy.colors.Color: green, alpha=1.0>
2026-07-31_15:40:21.660291 	EXP 	fix_cross: autoDraw = True
2026-07-31_15:40:21.677974 	EXP 	fix_cross: autoDraw = False
2026-07-31_15:40:21.677974 	EXP 	fix_cross: autoDraw = True
2026-07-31_15:40:21.694163 	EXP 	fix_cross: autoDraw = False
2026-07-31_15:40:21.694163 	EXP 	fix_cross: autoDraw = True
2026-07-31_15:40:21.710704 	EXP 	fix_cross: autoDraw = False
2026-07-31_15:40:21.710704 	EXP 	fix_cross: autoDraw = True
2026-07-31_15:40:21.739458 	EXP 	fix_cross: autoDraw = False
2026-07-31_15:40:21.739458 	EXP 	fix_cross: autoDraw = True
2026-07-31_15:40:21.759954 	EXP 	fix_cross: autoDraw = False
2026-07-31_15:40:21.759954 	EXP 	fix_cross: autoDraw = True
2026-07-31_15:40:21.777204 	EXP 	fix_cross: autoDraw = False
2026-07-31_15:40:21.777204 	EXP 	fix_cross: autoDraw = True
2026-07-31_15:40:21.793516 	EXP 	fix_cross: autoDraw = False
2026-07-31_15:40:21.793516 	EXP 	fix_cross: autoDraw = True
2026-07-31_15:40:21.810158 	EXP 	fix_cross: autoDraw = False
2026-07-31_15:40:21.810158 	EXP 	fix_cross: autoDraw = True
2026-07-31_15:40:21.832253 	EXP 	fix_cross: autoDraw = False
2026-07-31_15:40:21.832253 	EXP 	fix_cross: autoDraw = True
2026-07-31_15:40:21.844524 	EXP 	fix_cross: autoDraw = False
2026-07-31_15:40:21.844524 	EXP 	fix_cross: autoDraw = True
2026-07-31_15:40:21.860538 	EXP 	fix_cross: autoDraw = False
2026-07-31_15:40:21.860538 	EXP 	fix_cross: autoDraw = True
2026-07-31_15:40:21.860538 	EXP 	fix_cross: autoDraw = False
2026-07-31_15:40:21.860538 	EXP 	fix_cross_2: autoDraw = True
2026-07-31_15:40:23.034243 	EXP 	New trial (rep=0, index=44): <Trial 44 (44 in rep 0) data={'block': 1, 'trial_in_block': 45, 'concept': 'chair', 'concept_num': 4, 'concept_num_word': 4, 'exemplar_num': 45, 'image_shown': 'chair\\chair_45.jpg', 'word_shown_english': 'chair', 'word_shown_german': 'Stuhl', 'word_shown_french': 'Chaise', 'is_prompt': 1, 'is_mismatch': 0, 'ITI_length': 0.99, 'correct_response': None, 'nonmatch_pres_side': None, 'thisN': 44, 'thisTrialN': 44, 'thisRepN': 0}>
2026-07-31_15:40:23.118236 	EXP 	fix_cross_2: autoDraw = False
2026-07-31_15:40:23.118236 	EXP 	fix_cross_2: autoDraw = False
2026-07-31_15:40:23.118236 	EXP 	breaks_instruction: text = 'Pause, die Aufgabe geht gleich weiter.\nEs sind noch 9 Blöcke übrig.'
2026-07-31_15:40:23.118236 	EXP 	instruction_continuebreak: text = 'Die Pause ist vorbei.\nBitte drücken Sie eine beliebige Taste,\nsobald sie bereit sind, weiterzumachen.'
2026-07-31_15:40:23.118236 	EXP 	breaks_instruction: autoDraw = False
2026-07-31_15:40:23.118236 	EXP 	progress_bar_breaks: autoDraw = False
2026-07-31_15:40:23.118236 	EXP 	instruction_continuebreak: autoDraw = False
2026-07-31_15:40:23.118236 	EXP 	image: image = 'stimuli\\chair\\chair_45.jpg'
2026-07-31_15:40:23.118236 	EXP 	image: autoDraw = True
2026-07-31_15:40:23.863927 	EXP 	spoken_word: sampleRate = 44100
2026-07-31_15:40:23.866216 	INFO 	Resampled audio from 44100Hz to 48000Hz using method 'default'.
2026-07-31_15:40:23.866236 	DEBUG 	Converted audio clip from mono to stereo
2026-07-31_15:40:23.867641 	EXP 	spoken_word: sampleRate = 44100
2026-07-31_15:40:23.869881 	INFO 	Resampled audio from 44100Hz to 48000Hz using method 'default'.
2026-07-31_15:40:23.869899 	DEBUG 	Converted audio clip from mono to stereo
2026-07-31_15:40:23.870164 	EXP 	Sound spoken_word reached end of file
219.0015 	EXP 	Playing sound spoken_word on speaker Lautsprecher (Realtek(R) Audio)
2026-07-31_15:40:23.876575 	INFO 	Keyboard events cleared
2026-07-31_15:40:23.876302 	EXP 	image: autoDraw = False
2026-07-31_15:40:23.876302 	EXP 	image: autoDraw = False
2026-07-31_15:40:23.876302 	EXP 	fix_cross: foreColor = <psychopy.colors.Color: white, alpha=1.0>
2026-07-31_15:40:23.876302 	EXP 	fix_cross: autoDraw = True
2026-07-31_15:40:24.414240 	EXP 	Sound spoken_word reached end of file
2026-07-31_15:40:24.430228 	EXP 	Sound spoken_word reached end of file
2026-07-31_15:40:25.376102 	EXP 	fix_cross: autoDraw = False
2026-07-31_15:40:25.392644 	EXP 	fix_cross: foreColor = <psychopy.colors.Color: green, alpha=1.0>
2026-07-31_15:40:25.392644 	EXP 	fix_cross: autoDraw = True
2026-07-31_15:40:25.409510 	EXP 	fix_cross: autoDraw = False
2026-07-31_15:40:25.409510 	EXP 	fix_cross: autoDraw = True
2026-07-31_15:40:25.425987 	EXP 	fix_cross: autoDraw = False
2026-07-31_15:40:25.425987 	EXP 	fix_cross: autoDraw = True
2026-07-31_15:40:25.447889 	EXP 	fix_cross: autoDraw = False
2026-07-31_15:40:25.447889 	EXP 	fix_cross: autoDraw = True
2026-07-31_15:40:25.459094 	EXP 	fix_cross: autoDraw = False
2026-07-31_15:40:25.459094 	EXP 	fix_cross: autoDraw = True
2026-07-31_15:40:25.475827 	EXP 	fix_cross: autoDraw = False
2026-07-31_15:40:25.475827 	EXP 	fix_cross: autoDraw = True
2026-07-31_15:40:25.492930 	EXP 	fix_cross: autoDraw = False
2026-07-31_15:40:25.492930 	EXP 	fix_cross: autoDraw = True
2026-07-31_15:40:25.509618 	EXP 	fix_cross: autoDraw = False
2026-07-31_15:40:25.509618 	EXP 	fix_cross: autoDraw = True
2026-07-31_15:40:25.527068 	EXP 	fix_cross: autoDraw = False
2026-07-31_15:40:25.527068 	EXP 	fix_cross: autoDraw = True
2026-07-31_15:40:25.547647 	EXP 	fix_cross: autoDraw = False
2026-07-31_15:40:25.547647 	EXP 	fix_cross: autoDraw = True
2026-07-31_15:40:25.560785 	EXP 	fix_cross: autoDraw = False
2026-07-31_15:40:25.560785 	EXP 	fix_cross: autoDraw = True
2026-07-31_15:40:25.576601 	EXP 	fix_cross: autoDraw = False
2026-07-31_15:40:25.576601 	EXP 	fix_cross: autoDraw = True
2026-07-31_15:40:25.592604 	EXP 	fix_cross: autoDraw = False
2026-07-31_15:40:25.592604 	EXP 	fix_cross: autoDraw = True
2026-07-31_15:40:25.592604 	EXP 	fix_cross: autoDraw = False
2026-07-31_15:40:25.592604 	EXP 	fix_cross_2: autoDraw = True
2026-07-31_15:40:26.578850 	EXP 	New trial (rep=0, index=45): <Trial 45 (45 in rep 0) data={'block': 1, 'trial_in_block': 46, 'concept': 'bicycle', 'concept_num': 2, 'concept_num_word': 2, 'exemplar_num': 17, 'image_shown': 'bicycle\\bicycle_17.jpg', 'word_shown_english': 'bicycle', 'word_shown_german': 'Fahrrad', 'word_shown_french': 'Vélo', 'is_prompt': 1, 'is_mismatch': 0, 'ITI_length': 1.2, 'correct_response': None, 'nonmatch_pres_side': None, 'thisN': 45, 'thisTrialN': 45, 'thisRepN': 0}>
2026-07-31_15:40:26.629693 	EXP 	fix_cross_2: autoDraw = False
2026-07-31_15:40:26.629693 	EXP 	fix_cross_2: autoDraw = False
2026-07-31_15:40:26.629693 	EXP 	breaks_instruction: text = 'Pause, die Aufgabe geht gleich weiter.\nEs sind noch 9 Blöcke übrig.'
2026-07-31_15:40:26.629693 	EXP 	instruction_continuebreak: text = 'Die Pause ist vorbei.\nBitte drücken Sie eine beliebige Taste,\nsobald sie bereit sind, weiterzumachen.'
2026-07-31_15:40:26.629693 	EXP 	breaks_instruction: autoDraw = False
2026-07-31_15:40:26.629693 	EXP 	progress_bar_breaks: autoDraw = False
2026-07-31_15:40:26.629693 	EXP 	instruction_continuebreak: autoDraw = False
2026-07-31_15:40:26.629693 	EXP 	image: image = 'stimuli\\bicycle\\bicycle_17.jpg'
2026-07-31_15:40:26.629693 	EXP 	image: autoDraw = True
2026-07-31_15:40:27.379611 	EXP 	spoken_word: sampleRate = 48000
2026-07-31_15:40:27.380360 	DEBUG 	Converted audio clip from mono to stereo
2026-07-31_15:40:27.381547 	EXP 	spoken_word: sampleRate = 48000
2026-07-31_15:40:27.382275 	DEBUG 	Converted audio clip from mono to stereo
2026-07-31_15:40:27.382536 	EXP 	Sound spoken_word reached end of file
222.5172 	EXP 	Playing sound spoken_word on speaker Lautsprecher (Realtek(R) Audio)
2026-07-31_15:40:27.392205 	INFO 	Keyboard events cleared
2026-07-31_15:40:27.391960 	EXP 	image: autoDraw = False
2026-07-31_15:40:27.391960 	EXP 	image: autoDraw = False
2026-07-31_15:40:27.391960 	EXP 	fix_cross: foreColor = <psychopy.colors.Color: white, alpha=1.0>
2026-07-31_15:40:27.391960 	EXP 	fix_cross: autoDraw = True
2026-07-31_15:40:28.070569 	EXP 	Sound spoken_word reached end of file
2026-07-31_15:40:28.094394 	EXP 	Sound spoken_word reached end of file
2026-07-31_15:40:28.891564 	EXP 	fix_cross: autoDraw = False
2026-07-31_15:40:28.908524 	EXP 	fix_cross: foreColor = <psychopy.colors.Color: green, alpha=1.0>
2026-07-31_15:40:28.908524 	EXP 	fix_cross: autoDraw = True
2026-07-31_15:40:28.925297 	EXP 	fix_cross: autoDraw = False
2026-07-31_15:40:28.925297 	EXP 	fix_cross: autoDraw = True
2026-07-31_15:40:28.946039 	EXP 	fix_cross: autoDraw = False
2026-07-31_15:40:28.946039 	EXP 	fix_cross: autoDraw = True
2026-07-31_15:40:28.958839 	EXP 	fix_cross: autoDraw = False
2026-07-31_15:40:28.958839 	EXP 	fix_cross: autoDraw = True
2026-07-31_15:40:28.975290 	EXP 	fix_cross: autoDraw = False
2026-07-31_15:40:28.975290 	EXP 	fix_cross: autoDraw = True
2026-07-31_15:40:28.991799 	EXP 	fix_cross: autoDraw = False
2026-07-31_15:40:28.991799 	EXP 	fix_cross: autoDraw = True
2026-07-31_15:40:29.008571 	EXP 	fix_cross: autoDraw = False
2026-07-31_15:40:29.008571 	EXP 	fix_cross: autoDraw = True
2026-07-31_15:40:29.025505 	EXP 	fix_cross: autoDraw = False
2026-07-31_15:40:29.025505 	EXP 	fix_cross: autoDraw = True
2026-07-31_15:40:29.042671 	EXP 	fix_cross: autoDraw = False
2026-07-31_15:40:29.042671 	EXP 	fix_cross: autoDraw = True
2026-07-31_15:40:29.062705 	EXP 	fix_cross: autoDraw = False
2026-07-31_15:40:29.062705 	EXP 	fix_cross: autoDraw = True
2026-07-31_15:40:29.074960 	EXP 	fix_cross: autoDraw = False
2026-07-31_15:40:29.074960 	EXP 	fix_cross: autoDraw = True
2026-07-31_15:40:29.092015 	EXP 	fix_cross: autoDraw = False
2026-07-31_15:40:29.092015 	EXP 	fix_cross: autoDraw = True
2026-07-31_15:40:29.108794 	EXP 	fix_cross: autoDraw = False
2026-07-31_15:40:29.108794 	EXP 	fix_cross: autoDraw = True
2026-07-31_15:40:29.108794 	EXP 	fix_cross: autoDraw = False
2026-07-31_15:40:29.108794 	EXP 	fix_cross_2: autoDraw = True
2026-07-31_15:40:30.310927 	EXP 	New trial (rep=0, index=46): <Trial 46 (46 in rep 0) data={'block': 1, 'trial_in_block': 47, 'concept': 'house', 'concept_num': 9, 'concept_num_word': 9, 'exemplar_num': 28, 'image_shown': 'house\\house_28.jpg', 'word_shown_english': 'house', 'word_shown_german': 'Haus', 'word_shown_french': 'Maison', 'is_prompt': 1, 'is_mismatch': 0, 'ITI_length': 1.17, 'correct_response': None, 'nonmatch_pres_side': None, 'thisN': 46, 'thisTrialN': 46, 'thisRepN': 0}>
2026-07-31_15:40:30.377712 	EXP 	fix_cross_2: autoDraw = False
2026-07-31_15:40:30.377712 	EXP 	fix_cross_2: autoDraw = False
2026-07-31_15:40:30.377712 	EXP 	breaks_instruction: text = 'Pause, die Aufgabe geht gleich weiter.\nEs sind noch 9 Blöcke übrig.'
2026-07-31_15:40:30.377712 	EXP 	instruction_continuebreak: text = 'Die Pause ist vorbei.\nBitte drücken Sie eine beliebige Taste,\nsobald sie bereit sind, weiterzumachen.'
2026-07-31_15:40:30.377712 	EXP 	breaks_instruction: autoDraw = False
2026-07-31_15:40:30.377712 	EXP 	progress_bar_breaks: autoDraw = False
2026-07-31_15:40:30.377712 	EXP 	instruction_continuebreak: autoDraw = False
2026-07-31_15:40:30.377712 	EXP 	image: image = 'stimuli\\house\\house_28.jpg'
2026-07-31_15:40:30.377712 	EXP 	image: autoDraw = True
2026-07-31_15:40:31.133258 	EXP 	spoken_word: sampleRate = 44100
2026-07-31_15:40:31.136948 	INFO 	Resampled audio from 44100Hz to 48000Hz using method 'default'.
2026-07-31_15:40:31.136986 	DEBUG 	Converted audio clip from mono to stereo
2026-07-31_15:40:31.138744 	EXP 	spoken_word: sampleRate = 44100
2026-07-31_15:40:31.142329 	INFO 	Resampled audio from 44100Hz to 48000Hz using method 'default'.
2026-07-31_15:40:31.142356 	DEBUG 	Converted audio clip from mono to stereo
2026-07-31_15:40:31.142666 	EXP 	Sound spoken_word reached end of file
226.2703 	EXP 	Playing sound spoken_word on speaker Lautsprecher (Realtek(R) Audio)
2026-07-31_15:40:31.157185 	INFO 	Keyboard events cleared
2026-07-31_15:40:31.156947 	EXP 	image: autoDraw = False
2026-07-31_15:40:31.156947 	EXP 	image: autoDraw = False
2026-07-31_15:40:31.156947 	EXP 	fix_cross: foreColor = <psychopy.colors.Color: white, alpha=1.0>
2026-07-31_15:40:31.156947 	EXP 	fix_cross: autoDraw = True
2026-07-31_15:40:31.669063 	EXP 	Sound spoken_word reached end of file
2026-07-31_15:40:31.693287 	EXP 	Sound spoken_word reached end of file
2026-07-31_15:40:32.661932 	EXP 	fix_cross: autoDraw = False
2026-07-31_15:40:32.661932 	EXP 	fix_cross: foreColor = <psychopy.colors.Color: green, alpha=1.0>
2026-07-31_15:40:32.661932 	EXP 	fix_cross: autoDraw = True
2026-07-31_15:40:32.673693 	EXP 	fix_cross: autoDraw = False
2026-07-31_15:40:32.673693 	EXP 	fix_cross: autoDraw = True
2026-07-31_15:40:32.690911 	EXP 	fix_cross: autoDraw = False
2026-07-31_15:40:32.690911 	EXP 	fix_cross: autoDraw = True
2026-07-31_15:40:32.707267 	EXP 	fix_cross: autoDraw = False
2026-07-31_15:40:32.707267 	EXP 	fix_cross: autoDraw = True
2026-07-31_15:40:32.724307 	EXP 	fix_cross: autoDraw = False
2026-07-31_15:40:32.724307 	EXP 	fix_cross: autoDraw = True
2026-07-31_15:40:32.741174 	EXP 	fix_cross: autoDraw = False
2026-07-31_15:40:32.741174 	EXP 	fix_cross: autoDraw = True
2026-07-31_15:40:32.761554 	EXP 	fix_cross: autoDraw = False
2026-07-31_15:40:32.761554 	EXP 	fix_cross: autoDraw = True
2026-07-31_15:40:32.774062 	EXP 	fix_cross: autoDraw = False
2026-07-31_15:40:32.774062 	EXP 	fix_cross: autoDraw = True
2026-07-31_15:40:32.790923 	EXP 	fix_cross: autoDraw = False
2026-07-31_15:40:32.790923 	EXP 	fix_cross: autoDraw = True
2026-07-31_15:40:32.807105 	EXP 	fix_cross: autoDraw = False
2026-07-31_15:40:32.807105 	EXP 	fix_cross: autoDraw = True
2026-07-31_15:40:32.824426 	EXP 	fix_cross: autoDraw = False
2026-07-31_15:40:32.824426 	EXP 	fix_cross: autoDraw = True
2026-07-31_15:40:32.841287 	EXP 	fix_cross: autoDraw = False
2026-07-31_15:40:32.841287 	EXP 	fix_cross: autoDraw = True
2026-07-31_15:40:32.857905 	EXP 	fix_cross: autoDraw = False
2026-07-31_15:40:32.857905 	EXP 	fix_cross: autoDraw = True
2026-07-31_15:40:32.878976 	EXP 	fix_cross: autoDraw = False
2026-07-31_15:40:32.878976 	EXP 	fix_cross: autoDraw = True
2026-07-31_15:40:32.878976 	EXP 	fix_cross: autoDraw = False
2026-07-31_15:40:32.878976 	EXP 	fix_cross_2: autoDraw = True
2026-07-31_15:40:34.044199 	EXP 	New trial (rep=0, index=47): <Trial 47 (47 in rep 0) data={'block': 1, 'trial_in_block': 48, 'concept': 'dog', 'concept_num': 5, 'concept_num_word': 5, 'exemplar_num': 45, 'image_shown': 'dog\\dog_45.jpg', 'word_shown_english': 'dog', 'word_shown_german': 'Hund', 'word_shown_french': 'Chien', 'is_prompt': 1, 'is_mismatch': 0, 'ITI_length': 1.07, 'correct_response': None, 'nonmatch_pres_side': None, 'thisN': 47, 'thisTrialN': 47, 'thisRepN': 0}>
2026-07-31_15:40:34.129620 	EXP 	fix_cross_2: autoDraw = False
2026-07-31_15:40:34.129620 	EXP 	fix_cross_2: autoDraw = False
2026-07-31_15:40:34.129620 	EXP 	breaks_instruction: text = 'Pause, die Aufgabe geht gleich weiter.\nEs sind noch 9 Blöcke übrig.'
2026-07-31_15:40:34.129620 	EXP 	instruction_continuebreak: text = 'Die Pause ist vorbei.\nBitte drücken Sie eine beliebige Taste,\nsobald sie bereit sind, weiterzumachen.'
2026-07-31_15:40:34.129620 	EXP 	breaks_instruction: autoDraw = False
2026-07-31_15:40:34.129620 	EXP 	progress_bar_breaks: autoDraw = False
2026-07-31_15:40:34.129620 	EXP 	instruction_continuebreak: autoDraw = False
2026-07-31_15:40:34.129620 	EXP 	image: image = 'stimuli\\dog\\dog_45.jpg'
2026-07-31_15:40:34.129620 	EXP 	image: autoDraw = True
2026-07-31_15:40:34.877493 	EXP 	spoken_word: sampleRate = 44100
2026-07-31_15:40:34.879523 	INFO 	Resampled audio from 44100Hz to 48000Hz using method 'default'.
2026-07-31_15:40:34.879546 	DEBUG 	Converted audio clip from mono to stereo
2026-07-31_15:40:34.881151 	EXP 	spoken_word: sampleRate = 44100
2026-07-31_15:40:34.883280 	INFO 	Resampled audio from 44100Hz to 48000Hz using method 'default'.
2026-07-31_15:40:34.883298 	DEBUG 	Converted audio clip from mono to stereo
2026-07-31_15:40:34.883544 	EXP 	Sound spoken_word reached end of file
230.0150 	EXP 	Playing sound spoken_word on speaker Lautsprecher (Realtek(R) Audio)
2026-07-31_15:40:34.890038 	INFO 	Keyboard events cleared
2026-07-31_15:40:34.889816 	EXP 	image: autoDraw = False
2026-07-31_15:40:34.889816 	EXP 	image: autoDraw = False
2026-07-31_15:40:34.889816 	EXP 	fix_cross: foreColor = <psychopy.colors.Color: white, alpha=1.0>
2026-07-31_15:40:34.889816 	EXP 	fix_cross: autoDraw = True
2026-07-31_15:40:35.365182 	EXP 	Sound spoken_word reached end of file
2026-07-31_15:40:35.376739 	EXP 	Sound spoken_word reached end of file
2026-07-31_15:40:36.389328 	EXP 	fix_cross: autoDraw = False
2026-07-31_15:40:36.389328 	EXP 	fix_cross: foreColor = <psychopy.colors.Color: green, alpha=1.0>
2026-07-31_15:40:36.389328 	EXP 	fix_cross: autoDraw = True
2026-07-31_15:40:36.406071 	EXP 	fix_cross: autoDraw = False
2026-07-31_15:40:36.406071 	EXP 	fix_cross: autoDraw = True
2026-07-31_15:40:36.423390 	EXP 	fix_cross: autoDraw = False
2026-07-31_15:40:36.423390 	EXP 	fix_cross: autoDraw = True
2026-07-31_15:40:36.441093 	EXP 	fix_cross: autoDraw = False
2026-07-31_15:40:36.441093 	EXP 	fix_cross: autoDraw = True
2026-07-31_15:40:36.457098 	EXP 	fix_cross: autoDraw = False
2026-07-31_15:40:36.457098 	EXP 	fix_cross: autoDraw = True
2026-07-31_15:40:36.473230 	EXP 	fix_cross: autoDraw = False
2026-07-31_15:40:36.473230 	EXP 	fix_cross: autoDraw = True
2026-07-31_15:40:36.493816 	EXP 	fix_cross: autoDraw = False
2026-07-31_15:40:36.493816 	EXP 	fix_cross: autoDraw = True
2026-07-31_15:40:36.506546 	EXP 	fix_cross: autoDraw = False
2026-07-31_15:40:36.506546 	EXP 	fix_cross: autoDraw = True
2026-07-31_15:40:36.523364 	EXP 	fix_cross: autoDraw = False
2026-07-31_15:40:36.523364 	EXP 	fix_cross: autoDraw = True
2026-07-31_15:40:36.539430 	EXP 	fix_cross: autoDraw = False
2026-07-31_15:40:36.539430 	EXP 	fix_cross: autoDraw = True
2026-07-31_15:40:36.556077 	EXP 	fix_cross: autoDraw = False
2026-07-31_15:40:36.556077 	EXP 	fix_cross: autoDraw = True
2026-07-31_15:40:36.573298 	EXP 	fix_cross: autoDraw = False
2026-07-31_15:40:36.573298 	EXP 	fix_cross: autoDraw = True
2026-07-31_15:40:36.594249 	EXP 	fix_cross: autoDraw = False
2026-07-31_15:40:36.594249 	EXP 	fix_cross: autoDraw = True
2026-07-31_15:40:36.605747 	EXP 	fix_cross: autoDraw = False
2026-07-31_15:40:36.605747 	EXP 	fix_cross: autoDraw = True
2026-07-31_15:40:36.605747 	EXP 	fix_cross: autoDraw = False
2026-07-31_15:40:36.605747 	EXP 	fix_cross_2: autoDraw = True
2026-07-31_15:40:37.675059 	EXP 	New trial (rep=0, index=48): <Trial 48 (48 in rep 0) data={'block': 1, 'trial_in_block': 49, 'concept': 'house', 'concept_num': 9, 'concept_num_word': 3, 'exemplar_num': 19, 'image_shown': 'house\\house_19.jpg', 'word_shown_english': 'bread', 'word_shown_german': 'Brot', 'word_shown_french': 'Pain', 'is_prompt': 1, 'is_mismatch': 1, 'ITI_length': 0.95, 'correct_response': 'r', 'nonmatch_pres_side': 'left', 'thisN': 48, 'thisTrialN': 48, 'thisRepN': 0}>
2026-07-31_15:40:37.744131 	EXP 	fix_cross_2: autoDraw = False
2026-07-31_15:40:37.744131 	EXP 	fix_cross_2: autoDraw = False
2026-07-31_15:40:37.744131 	EXP 	breaks_instruction: text = 'Pause, die Aufgabe geht gleich weiter.\nEs sind noch 9 Blöcke übrig.'
2026-07-31_15:40:37.744131 	EXP 	instruction_continuebreak: text = 'Die Pause ist vorbei.\nBitte drücken Sie eine beliebige Taste,\nsobald sie bereit sind, weiterzumachen.'
2026-07-31_15:40:37.744131 	EXP 	breaks_instruction: autoDraw = False
2026-07-31_15:40:37.744131 	EXP 	progress_bar_breaks: autoDraw = False
2026-07-31_15:40:37.744131 	EXP 	instruction_continuebreak: autoDraw = False
2026-07-31_15:40:37.744131 	EXP 	image: image = 'stimuli\\house\\house_19.jpg'
2026-07-31_15:40:37.744131 	EXP 	image: autoDraw = True
2026-07-31_15:40:38.492926 	EXP 	spoken_word: sampleRate = 24000
2026-07-31_15:40:38.494633 	INFO 	Resampled audio from 24000Hz to 48000Hz using method 'default'.
2026-07-31_15:40:38.494655 	DEBUG 	Converted audio clip from mono to stereo
2026-07-31_15:40:38.496162 	EXP 	spoken_word: sampleRate = 24000
2026-07-31_15:40:38.497870 	INFO 	Resampled audio from 24000Hz to 48000Hz using method 'default'.
2026-07-31_15:40:38.497886 	DEBUG 	Converted audio clip from mono to stereo
2026-07-31_15:40:38.498246 	EXP 	Sound spoken_word reached end of file
233.6308 	EXP 	Playing sound spoken_word on speaker Lautsprecher (Realtek(R) Audio)
2026-07-31_15:40:38.505841 	INFO 	Keyboard events cleared
2026-07-31_15:40:38.505621 	EXP 	image: autoDraw = False
2026-07-31_15:40:38.505621 	EXP 	image: autoDraw = False
2026-07-31_15:40:38.505621 	EXP 	fix_cross: foreColor = <psychopy.colors.Color: white, alpha=1.0>
2026-07-31_15:40:38.505621 	EXP 	fix_cross: autoDraw = True
2026-07-31_15:40:39.402028 	EXP 	Sound spoken_word reached end of file
2026-07-31_15:40:39.423818 	EXP 	Sound spoken_word reached end of file
2026-07-31_15:40:40.009233 	EXP 	fix_cross: autoDraw = False
2026-07-31_15:40:40.021292 	EXP 	fix_cross: foreColor = <psychopy.colors.Color: red, alpha=1.0>
2026-07-31_15:40:40.021292 	EXP 	fix_cross: autoDraw = True
2026-07-31_15:40:40.038674 	EXP 	fix_cross: autoDraw = False
2026-07-31_15:40:40.038674 	EXP 	fix_cross: autoDraw = True
2026-07-31_15:40:40.055367 	EXP 	fix_cross: autoDraw = False
2026-07-31_15:40:40.055367 	EXP 	fix_cross: autoDraw = True
2026-07-31_15:40:40.071823 	EXP 	fix_cross: autoDraw = False
2026-07-31_15:40:40.071823 	EXP 	fix_cross: autoDraw = True
2026-07-31_15:40:40.092028 	EXP 	fix_cross: autoDraw = False
2026-07-31_15:40:40.092028 	EXP 	fix_cross: autoDraw = True
2026-07-31_15:40:40.104890 	EXP 	fix_cross: autoDraw = False
2026-07-31_15:40:40.104890 	EXP 	fix_cross: autoDraw = True
2026-07-31_15:40:40.121889 	EXP 	fix_cross: autoDraw = False
2026-07-31_15:40:40.121889 	EXP 	fix_cross: autoDraw = True
2026-07-31_15:40:40.138783 	EXP 	fix_cross: autoDraw = False
2026-07-31_15:40:40.138783 	EXP 	fix_cross: autoDraw = True
2026-07-31_15:40:40.156004 	EXP 	fix_cross: autoDraw = False
2026-07-31_15:40:40.156004 	EXP 	fix_cross: autoDraw = True
2026-07-31_15:40:40.171716 	EXP 	fix_cross: autoDraw = False
2026-07-31_15:40:40.171716 	EXP 	fix_cross: autoDraw = True
2026-07-31_15:40:40.188838 	EXP 	fix_cross: autoDraw = False
2026-07-31_15:40:40.188838 	EXP 	fix_cross: autoDraw = True
2026-07-31_15:40:40.205540 	EXP 	fix_cross: autoDraw = False
2026-07-31_15:40:40.205540 	EXP 	fix_cross: autoDraw = True
2026-07-31_15:40:40.226588 	EXP 	fix_cross: autoDraw = False
2026-07-31_15:40:40.226588 	EXP 	fix_cross: autoDraw = True
2026-07-31_15:40:40.238941 	EXP 	fix_cross: autoDraw = False
2026-07-31_15:40:40.238941 	EXP 	fix_cross: autoDraw = True
2026-07-31_15:40:40.238941 	EXP 	fix_cross: autoDraw = False
2026-07-31_15:40:40.238941 	EXP 	fix_cross_2: autoDraw = True
2026-07-31_15:40:41.174056 	EXP 	New trial (rep=0, index=49): <Trial 49 (49 in rep 0) data={'block': 1, 'trial_in_block': 50, 'concept': 'chair', 'concept_num': 4, 'concept_num_word': 4, 'exemplar_num': 28, 'image_shown': 'chair\\chair_28.jpg', 'word_shown_english': 'chair', 'word_shown_german': 'Stuhl', 'word_shown_french': 'Chaise', 'is_prompt': 1, 'is_mismatch': 0, 'ITI_length': 1.02, 'correct_response': None, 'nonmatch_pres_side': None, 'thisN': 49, 'thisTrialN': 49, 'thisRepN': 0}>
2026-07-31_15:40:41.223162 	EXP 	fix_cross_2: autoDraw = False
2026-07-31_15:40:41.223162 	EXP 	fix_cross_2: autoDraw = False
2026-07-31_15:40:41.223162 	EXP 	breaks_instruction: text = 'Pause, die Aufgabe geht gleich weiter.\nEs sind noch 9 Blöcke übrig.'
2026-07-31_15:40:41.223162 	EXP 	instruction_continuebreak: text = 'Die Pause ist vorbei.\nBitte drücken Sie eine beliebige Taste,\nsobald sie bereit sind, weiterzumachen.'
2026-07-31_15:40:41.223162 	EXP 	breaks_instruction: autoDraw = False
2026-07-31_15:40:41.223162 	EXP 	progress_bar_breaks: autoDraw = False
2026-07-31_15:40:41.223162 	EXP 	instruction_continuebreak: autoDraw = False
2026-07-31_15:40:41.223162 	EXP 	image: image = 'stimuli\\chair\\chair_28.jpg'
2026-07-31_15:40:41.223162 	EXP 	image: autoDraw = True
2026-07-31_15:40:41.962876 	EXP 	spoken_word: sampleRate = 44100
2026-07-31_15:40:41.965319 	INFO 	Resampled audio from 44100Hz to 48000Hz using method 'default'.
2026-07-31_15:40:41.965346 	DEBUG 	Converted audio clip from mono to stereo
2026-07-31_15:40:41.967120 	EXP 	spoken_word: sampleRate = 44100
2026-07-31_15:40:41.969521 	INFO 	Resampled audio from 44100Hz to 48000Hz using method 'default'.
2026-07-31_15:40:41.969536 	DEBUG 	Converted audio clip from mono to stereo
2026-07-31_15:40:41.969799 	EXP 	Sound spoken_word reached end of file
237.1003 	EXP 	Playing sound spoken_word on speaker Lautsprecher (Realtek(R) Audio)
2026-07-31_15:40:41.987387 	INFO 	Keyboard events cleared
2026-07-31_15:40:41.987139 	EXP 	image: autoDraw = False
2026-07-31_15:40:41.987139 	EXP 	image: autoDraw = False
2026-07-31_15:40:41.987139 	EXP 	fix_cross: foreColor = <psychopy.colors.Color: white, alpha=1.0>
2026-07-31_15:40:41.987139 	EXP 	fix_cross: autoDraw = True
2026-07-31_15:40:42.516070 	EXP 	Sound spoken_word reached end of file
2026-07-31_15:40:42.539618 	EXP 	Sound spoken_word reached end of file
2026-07-31_15:40:43.491356 	EXP 	fix_cross: autoDraw = False
2026-07-31_15:40:43.491356 	EXP 	fix_cross: foreColor = <psychopy.colors.Color: green, alpha=1.0>
2026-07-31_15:40:43.491356 	EXP 	fix_cross: autoDraw = True
2026-07-31_15:40:43.503665 	EXP 	fix_cross: autoDraw = False
2026-07-31_15:40:43.503665 	EXP 	fix_cross: autoDraw = True
2026-07-31_15:40:43.520404 	EXP 	fix_cross: autoDraw = False
2026-07-31_15:40:43.520404 	EXP 	fix_cross: autoDraw = True
2026-07-31_15:40:43.537675 	EXP 	fix_cross: autoDraw = False
2026-07-31_15:40:43.537675 	EXP 	fix_cross: autoDraw = True
2026-07-31_15:40:43.554136 	EXP 	fix_cross: autoDraw = False
2026-07-31_15:40:43.554136 	EXP 	fix_cross: autoDraw = True
2026-07-31_15:40:43.571021 	EXP 	fix_cross: autoDraw = False
2026-07-31_15:40:43.571021 	EXP 	fix_cross: autoDraw = True
2026-07-31_15:40:43.591501 	EXP 	fix_cross: autoDraw = False
2026-07-31_15:40:43.591501 	EXP 	fix_cross: autoDraw = True
2026-07-31_15:40:43.603459 	EXP 	fix_cross: autoDraw = False
2026-07-31_15:40:43.603459 	EXP 	fix_cross: autoDraw = True
2026-07-31_15:40:43.620669 	EXP 	fix_cross: autoDraw = False
2026-07-31_15:40:43.620669 	EXP 	fix_cross: autoDraw = True
2026-07-31_15:40:43.637272 	EXP 	fix_cross: autoDraw = False
2026-07-31_15:40:43.637272 	EXP 	fix_cross: autoDraw = True
2026-07-31_15:40:43.653727 	EXP 	fix_cross: autoDraw = False
2026-07-31_15:40:43.653727 	EXP 	fix_cross: autoDraw = True
2026-07-31_15:40:43.669819 	EXP 	fix_cross: autoDraw = False
2026-07-31_15:40:43.669819 	EXP 	fix_cross: autoDraw = True
2026-07-31_15:40:43.687341 	EXP 	fix_cross: autoDraw = False
2026-07-31_15:40:43.687341 	EXP 	fix_cross: autoDraw = True
2026-07-31_15:40:43.708435 	EXP 	fix_cross: autoDraw = False
2026-07-31_15:40:43.708435 	EXP 	fix_cross: autoDraw = True
2026-07-31_15:40:43.708435 	EXP 	fix_cross: autoDraw = False
2026-07-31_15:40:43.708435 	EXP 	fix_cross_2: autoDraw = True
2026-07-31_15:40:44.752803 	EXP 	fix_cross_2: autoDraw = False
2026-07-31_15:40:44.752803 	EXP 	fix_cross_2: autoDraw = False
2026-07-31_15:40:44.752803 	EXP 	breaks_instruction: text = 'Pause, die Aufgabe geht gleich weiter.\nEs sind noch 9 Blöcke übrig.'
2026-07-31_15:40:44.752803 	EXP 	instruction_continuebreak: text = 'Die Pause ist vorbei.\nBitte drücken Sie eine beliebige Taste,\nsobald sie bereit sind, weiterzumachen.'
2026-07-31_15:40:44.752803 	EXP 	breaks_instruction: autoDraw = True
2026-07-31_15:40:44.752803 	EXP 	progress_bar_breaks: progress = 0.06666666666666665
2026-07-31_15:40:44.752803 	EXP 	progress_bar_breaks: autoDraw = True
2026-07-31_15:40:44.770583 	EXP 	progress_bar_breaks: progress = 0.06666666666666665
2026-07-31_15:40:44.787705 	EXP 	progress_bar_breaks: progress = 0.06666666666666665
2026-07-31_15:40:44.807254 	EXP 	progress_bar_breaks: progress = 0.06666666666666665
2026-07-31_15:40:44.820267 	EXP 	progress_bar_breaks: progress = 0.06666666666666665
2026-07-31_15:40:44.836942 	EXP 	progress_bar_breaks: progress = 0.06666666666666665
2026-07-31_15:40:44.853831 	EXP 	progress_bar_breaks: progress = 0.06666666666666665
2026-07-31_15:40:44.870403 	EXP 	progress_bar_breaks: progress = 0.06666666666666665
2026-07-31_15:40:44.887437 	EXP 	progress_bar_breaks: progress = 0.06666666666666665
2026-07-31_15:40:44.907681 	EXP 	progress_bar_breaks: progress = 0.06666666666666665
2026-07-31_15:40:44.921239 	EXP 	progress_bar_breaks: progress = 0.06666666666666665
2026-07-31_15:40:44.936617 	EXP 	progress_bar_breaks: progress = 0.06666666666666665
2026-07-31_15:40:44.953692 	EXP 	progress_bar_breaks: progress = 0.06666666666666665
2026-07-31_15:40:44.970345 	EXP 	progress_bar_breaks: progress = 0.06666666666666665
2026-07-31_15:40:44.987236 	EXP 	progress_bar_breaks: progress = 0.06666666666666665
2026-07-31_15:40:45.004260 	EXP 	progress_bar_breaks: progress = 0.06666666666666665
2026-07-31_15:40:45.024310 	EXP 	progress_bar_breaks: progress = 0.06666666666666665
2026-07-31_15:40:45.036811 	EXP 	progress_bar_breaks: progress = 0.06666666666666665
2026-07-31_15:40:45.053743 	EXP 	progress_bar_breaks: progress = 0.06666666666666665
2026-07-31_15:40:45.070612 	EXP 	progress_bar_breaks: progress = 0.06666666666666665
2026-07-31_15:40:45.086661 	EXP 	progress_bar_breaks: progress = 0.06666666666666665
2026-07-31_15:40:45.104111 	EXP 	progress_bar_breaks: progress = 0.06666666666666665
2026-07-31_15:40:45.125858 	EXP 	progress_bar_breaks: progress = 0.06666666666666665
2026-07-31_15:40:45.136867 	EXP 	progress_bar_breaks: progress = 0.06666666666666665
2026-07-31_15:40:45.153273 	EXP 	progress_bar_breaks: progress = 0.06666666666666665
2026-07-31_15:40:45.169658 	EXP 	progress_bar_breaks: progress = 0.06666666666666665
2026-07-31_15:40:45.187323 	EXP 	progress_bar_breaks: progress = 0.06666666666666665
2026-07-31_15:40:45.204852 	EXP 	progress_bar_breaks: progress = 0.06666666666666665
2026-07-31_15:40:45.220093 	EXP 	progress_bar_breaks: progress = 0.06666666666666665
2026-07-31_15:40:45.241525 	EXP 	progress_bar_breaks: progress = 0.06666666666666665
2026-07-31_15:40:45.252960 	EXP 	progress_bar_breaks: progress = 0.06666666666666665
2026-07-31_15:40:45.269574 	EXP 	progress_bar_breaks: progress = 0.06666666666666665
2026-07-31_15:40:45.286485 	EXP 	progress_bar_breaks: progress = 0.06666666666666665
2026-07-31_15:40:45.303289 	EXP 	progress_bar_breaks: progress = 0.06666666666666665
2026-07-31_15:40:45.319992 	EXP 	progress_bar_breaks: progress = 0.06666666666666665
2026-07-31_15:40:45.340736 	EXP 	progress_bar_breaks: progress = 0.06666666666666665
2026-07-31_15:40:45.353171 	EXP 	progress_bar_breaks: progress = 0.06666666666666665
2026-07-31_15:40:45.370114 	EXP 	progress_bar_breaks: progress = 0.06666666666666665
2026-07-31_15:40:45.387058 	EXP 	progress_bar_breaks: progress = 0.06666666666666665
2026-07-31_15:40:45.403687 	EXP 	progress_bar_breaks: progress = 0.06666666666666665
2026-07-31_15:40:45.420113 	EXP 	progress_bar_breaks: progress = 0.06666666666666665
2026-07-31_15:40:45.437936 	EXP 	progress_bar_breaks: progress = 0.06666666666666665
2026-07-31_15:40:45.457634 	EXP 	progress_bar_breaks: progress = 0.06666666666666665
2026-07-31_15:40:45.469659 	EXP 	progress_bar_breaks: progress = 0.06666666666666665
2026-07-31_15:40:45.486947 	EXP 	progress_bar_breaks: progress = 0.06666666666666665
2026-07-31_15:40:45.503836 	EXP 	progress_bar_breaks: progress = 0.06666666666666665
2026-07-31_15:40:45.520276 	EXP 	progress_bar_breaks: progress = 0.06666666666666665
2026-07-31_15:40:45.536659 	EXP 	progress_bar_breaks: progress = 0.06666666666666665
2026-07-31_15:40:45.553441 	EXP 	progress_bar_breaks: progress = 0.06666666666666665
2026-07-31_15:40:45.574446 	EXP 	progress_bar_breaks: progress = 0.06666666666666665
2026-07-31_15:40:45.587019 	EXP 	progress_bar_breaks: progress = 0.06666666666666665
2026-07-31_15:40:45.603672 	EXP 	progress_bar_breaks: progress = 0.06666666666666665
2026-07-31_15:40:45.620144 	EXP 	progress_bar_breaks: progress = 0.06666666666666665
2026-07-31_15:40:45.636560 	EXP 	progress_bar_breaks: progress = 0.06666666666666665
2026-07-31_15:40:45.653295 	EXP 	progress_bar_breaks: progress = 0.06666666666666665
2026-07-31_15:40:45.674099 	EXP 	progress_bar_breaks: progress = 0.06666666666666665
2026-07-31_15:40:45.686608 	EXP 	progress_bar_breaks: progress = 0.06666666666666665
2026-07-31_15:40:45.703543 	EXP 	progress_bar_breaks: progress = 0.06666666666666665
2026-07-31_15:40:45.720142 	EXP 	progress_bar_breaks: progress = 0.06666666666666665
2026-07-31_15:40:45.736886 	EXP 	progress_bar_breaks: progress = 0.06666666666666665
2026-07-31_15:40:45.753616 	EXP 	progress_bar_breaks: progress = 0.1333333333333333
2026-07-31_15:40:45.770319 	EXP 	progress_bar_breaks: progress = 0.1333333333333333
2026-07-31_15:40:45.790856 	EXP 	progress_bar_breaks: progress = 0.1333333333333333
2026-07-31_15:40:45.803101 	EXP 	progress_bar_breaks: progress = 0.1333333333333333
2026-07-31_15:40:45.820257 	EXP 	progress_bar_breaks: progress = 0.1333333333333333
2026-07-31_15:40:45.836956 	EXP 	progress_bar_breaks: progress = 0.1333333333333333
2026-07-31_15:40:45.853611 	EXP 	progress_bar_breaks: progress = 0.1333333333333333
2026-07-31_15:40:45.870251 	EXP 	progress_bar_breaks: progress = 0.1333333333333333
2026-07-31_15:40:45.891003 	EXP 	progress_bar_breaks: progress = 0.1333333333333333
2026-07-31_15:40:45.903414 	EXP 	progress_bar_breaks: progress = 0.1333333333333333
2026-07-31_15:40:45.920546 	EXP 	progress_bar_breaks: progress = 0.1333333333333333
2026-07-31_15:40:45.936779 	EXP 	progress_bar_breaks: progress = 0.1333333333333333
2026-07-31_15:40:45.953330 	EXP 	progress_bar_breaks: progress = 0.1333333333333333
2026-07-31_15:40:45.970061 	EXP 	progress_bar_breaks: progress = 0.1333333333333333
2026-07-31_15:40:45.986774 	EXP 	progress_bar_breaks: progress = 0.1333333333333333
2026-07-31_15:40:46.007468 	EXP 	progress_bar_breaks: progress = 0.1333333333333333
2026-07-31_15:40:46.019654 	EXP 	progress_bar_breaks: progress = 0.1333333333333333
2026-07-31_15:40:46.036860 	EXP 	progress_bar_breaks: progress = 0.1333333333333333
2026-07-31_15:40:46.053438 	EXP 	progress_bar_breaks: progress = 0.1333333333333333
2026-07-31_15:40:46.069836 	EXP 	progress_bar_breaks: progress = 0.1333333333333333
2026-07-31_15:40:46.086695 	EXP 	progress_bar_breaks: progress = 0.1333333333333333
2026-07-31_15:40:46.107280 	EXP 	progress_bar_breaks: progress = 0.1333333333333333
2026-07-31_15:40:46.119540 	EXP 	progress_bar_breaks: progress = 0.1333333333333333
2026-07-31_15:40:46.136442 	EXP 	progress_bar_breaks: progress = 0.1333333333333333
2026-07-31_15:40:46.153771 	EXP 	progress_bar_breaks: progress = 0.1333333333333333
2026-07-31_15:40:46.170513 	EXP 	progress_bar_breaks: progress = 0.1333333333333333
2026-07-31_15:40:46.186331 	EXP 	progress_bar_breaks: progress = 0.1333333333333333
2026-07-31_15:40:46.203130 	EXP 	progress_bar_breaks: progress = 0.1333333333333333
2026-07-31_15:40:46.223716 	EXP 	progress_bar_breaks: progress = 0.1333333333333333
2026-07-31_15:40:46.236436 	EXP 	progress_bar_breaks: progress = 0.1333333333333333
2026-07-31_15:40:46.253099 	EXP 	progress_bar_breaks: progress = 0.1333333333333333
2026-07-31_15:40:46.269824 	EXP 	progress_bar_breaks: progress = 0.1333333333333333
2026-07-31_15:40:46.286984 	EXP 	progress_bar_breaks: progress = 0.1333333333333333
2026-07-31_15:40:46.303599 	EXP 	progress_bar_breaks: progress = 0.1333333333333333
2026-07-31_15:40:46.324929 	EXP 	progress_bar_breaks: progress = 0.1333333333333333
2026-07-31_15:40:46.336660 	EXP 	progress_bar_breaks: progress = 0.1333333333333333
2026-07-31_15:40:46.353333 	EXP 	progress_bar_breaks: progress = 0.1333333333333333
2026-07-31_15:40:46.369458 	EXP 	progress_bar_breaks: progress = 0.1333333333333333
2026-07-31_15:40:46.386323 	EXP 	progress_bar_breaks: progress = 0.1333333333333333
2026-07-31_15:40:46.403807 	EXP 	progress_bar_breaks: progress = 0.1333333333333333
2026-07-31_15:40:46.420203 	EXP 	progress_bar_breaks: progress = 0.1333333333333333
2026-07-31_15:40:46.441027 	EXP 	progress_bar_breaks: progress = 0.1333333333333333
2026-07-31_15:40:46.453523 	EXP 	progress_bar_breaks: progress = 0.1333333333333333
2026-07-31_15:40:46.469570 	EXP 	progress_bar_breaks: progress = 0.1333333333333333
2026-07-31_15:40:46.486893 	EXP 	progress_bar_breaks: progress = 0.1333333333333333
2026-07-31_15:40:46.503444 	EXP 	progress_bar_breaks: progress = 0.1333333333333333
2026-07-31_15:40:46.519954 	EXP 	progress_bar_breaks: progress = 0.1333333333333333
2026-07-31_15:40:46.536869 	EXP 	progress_bar_breaks: progress = 0.1333333333333333
2026-07-31_15:40:46.557503 	EXP 	progress_bar_breaks: progress = 0.1333333333333333
2026-07-31_15:40:46.569471 	EXP 	progress_bar_breaks: progress = 0.1333333333333333
2026-07-31_15:40:46.586608 	EXP 	progress_bar_breaks: progress = 0.1333333333333333
2026-07-31_15:40:46.603119 	EXP 	progress_bar_breaks: progress = 0.1333333333333333
2026-07-31_15:40:46.620186 	EXP 	progress_bar_breaks: progress = 0.1333333333333333
2026-07-31_15:40:46.636302 	EXP 	progress_bar_breaks: progress = 0.1333333333333333
2026-07-31_15:40:46.657508 	EXP 	progress_bar_breaks: progress = 0.1333333333333333
2026-07-31_15:40:46.669499 	EXP 	progress_bar_breaks: progress = 0.1333333333333333
2026-07-31_15:40:46.686049 	EXP 	progress_bar_breaks: progress = 0.1333333333333333
2026-07-31_15:40:46.703055 	EXP 	progress_bar_breaks: progress = 0.1333333333333333
2026-07-31_15:40:46.719320 	EXP 	progress_bar_breaks: progress = 0.1333333333333333
2026-07-31_15:40:46.736989 	EXP 	progress_bar_breaks: progress = 0.1333333333333333
2026-07-31_15:40:46.753139 	EXP 	progress_bar_breaks: progress = 0.19999999999999996
2026-07-31_15:40:46.773856 	EXP 	progress_bar_breaks: progress = 0.19999999999999996
2026-07-31_15:40:46.786008 	EXP 	progress_bar_breaks: progress = 0.19999999999999996
2026-07-31_15:40:46.802327 	EXP 	progress_bar_breaks: progress = 0.19999999999999996
2026-07-31_15:40:46.819346 	EXP 	progress_bar_breaks: progress = 0.19999999999999996
2026-07-31_15:40:46.835883 	EXP 	progress_bar_breaks: progress = 0.19999999999999996
2026-07-31_15:40:46.853239 	EXP 	progress_bar_breaks: progress = 0.19999999999999996
2026-07-31_15:40:46.869486 	EXP 	progress_bar_breaks: progress = 0.19999999999999996
2026-07-31_15:40:46.895303 	EXP 	progress_bar_breaks: progress = 0.19999999999999996
2026-07-31_15:40:46.918936 	EXP 	progress_bar_breaks: progress = 0.19999999999999996
2026-07-31_15:40:46.936226 	EXP 	progress_bar_breaks: progress = 0.19999999999999996
2026-07-31_15:40:46.953120 	EXP 	progress_bar_breaks: progress = 0.19999999999999996
2026-07-31_15:40:46.969904 	EXP 	progress_bar_breaks: progress = 0.19999999999999996
2026-07-31_15:40:46.990603 	EXP 	progress_bar_breaks: progress = 0.19999999999999996
2026-07-31_15:40:47.002702 	EXP 	progress_bar_breaks: progress = 0.19999999999999996
2026-07-31_15:40:47.019620 	EXP 	progress_bar_breaks: progress = 0.19999999999999996
2026-07-31_15:40:47.036711 	EXP 	progress_bar_breaks: progress = 0.19999999999999996
2026-07-31_15:40:47.053238 	EXP 	progress_bar_breaks: progress = 0.19999999999999996
2026-07-31_15:40:47.069717 	EXP 	progress_bar_breaks: progress = 0.19999999999999996
2026-07-31_15:40:47.086782 	EXP 	progress_bar_breaks: progress = 0.19999999999999996
2026-07-31_15:40:47.107387 	EXP 	progress_bar_breaks: progress = 0.19999999999999996
2026-07-31_15:40:47.119303 	EXP 	progress_bar_breaks: progress = 0.19999999999999996
2026-07-31_15:40:47.136200 	EXP 	progress_bar_breaks: progress = 0.19999999999999996
2026-07-31_15:40:47.152765 	EXP 	progress_bar_breaks: progress = 0.19999999999999996
2026-07-31_15:40:47.169678 	EXP 	progress_bar_breaks: progress = 0.19999999999999996
2026-07-31_15:40:47.186367 	EXP 	progress_bar_breaks: progress = 0.19999999999999996
2026-07-31_15:40:47.207026 	EXP 	progress_bar_breaks: progress = 0.19999999999999996
2026-07-31_15:40:47.218811 	EXP 	progress_bar_breaks: progress = 0.19999999999999996
2026-07-31_15:40:47.235909 	EXP 	progress_bar_breaks: progress = 0.19999999999999996
2026-07-31_15:40:47.252596 	EXP 	progress_bar_breaks: progress = 0.19999999999999996
2026-07-31_15:40:47.269698 	EXP 	progress_bar_breaks: progress = 0.19999999999999996
2026-07-31_15:40:47.286454 	EXP 	progress_bar_breaks: progress = 0.19999999999999996
2026-07-31_15:40:47.302578 	EXP 	progress_bar_breaks: progress = 0.19999999999999996
2026-07-31_15:40:47.323159 	EXP 	progress_bar_breaks: progress = 0.19999999999999996
2026-07-31_15:40:47.335795 	EXP 	progress_bar_breaks: progress = 0.19999999999999996
2026-07-31_15:40:47.352562 	EXP 	progress_bar_breaks: progress = 0.19999999999999996
2026-07-31_15:40:47.369257 	EXP 	progress_bar_breaks: progress = 0.19999999999999996
2026-07-31_15:40:47.385723 	EXP 	progress_bar_breaks: progress = 0.19999999999999996
2026-07-31_15:40:47.402641 	EXP 	progress_bar_breaks: progress = 0.19999999999999996
2026-07-31_15:40:47.423778 	EXP 	progress_bar_breaks: progress = 0.19999999999999996
2026-07-31_15:40:47.436227 	EXP 	progress_bar_breaks: progress = 0.19999999999999996
2026-07-31_15:40:47.453012 	EXP 	progress_bar_breaks: progress = 0.19999999999999996
2026-07-31_15:40:47.469540 	EXP 	progress_bar_breaks: progress = 0.19999999999999996
2026-07-31_15:40:47.486604 	EXP 	progress_bar_breaks: progress = 0.19999999999999996
2026-07-31_15:40:47.503256 	EXP 	progress_bar_breaks: progress = 0.19999999999999996
2026-07-31_15:40:47.520181 	EXP 	progress_bar_breaks: progress = 0.19999999999999996
2026-07-31_15:40:47.540567 	EXP 	progress_bar_breaks: progress = 0.19999999999999996
2026-07-31_15:40:47.552693 	EXP 	progress_bar_breaks: progress = 0.19999999999999996
2026-07-31_15:40:47.570000 	EXP 	progress_bar_breaks: progress = 0.19999999999999996
2026-07-31_15:40:47.586478 	EXP 	progress_bar_breaks: progress = 0.19999999999999996
2026-07-31_15:40:47.602694 	EXP 	progress_bar_breaks: progress = 0.19999999999999996
2026-07-31_15:40:47.619673 	EXP 	progress_bar_breaks: progress = 0.19999999999999996
2026-07-31_15:40:47.640550 	EXP 	progress_bar_breaks: progress = 0.19999999999999996
2026-07-31_15:40:47.652074 	EXP 	progress_bar_breaks: progress = 0.19999999999999996
2026-07-31_15:40:47.669545 	EXP 	progress_bar_breaks: progress = 0.19999999999999996
2026-07-31_15:40:47.686137 	EXP 	progress_bar_breaks: progress = 0.19999999999999996
2026-07-31_15:40:47.702734 	EXP 	progress_bar_breaks: progress = 0.19999999999999996
2026-07-31_15:40:47.719782 	EXP 	progress_bar_breaks: progress = 0.19999999999999996
2026-07-31_15:40:47.736232 	EXP 	progress_bar_breaks: progress = 0.19999999999999996
2026-07-31_15:40:47.757098 	EXP 	progress_bar_breaks: progress = 0.2666666666666667
2026-07-31_15:40:47.769333 	EXP 	progress_bar_breaks: progress = 0.2666666666666667
2026-07-31_15:40:47.786402 	EXP 	progress_bar_breaks: progress = 0.2666666666666667
2026-07-31_15:40:47.802937 	EXP 	progress_bar_breaks: progress = 0.2666666666666667
2026-07-31_15:40:47.819506 	EXP 	progress_bar_breaks: progress = 0.2666666666666667
2026-07-31_15:40:47.836491 	EXP 	progress_bar_breaks: progress = 0.2666666666666667
2026-07-31_15:40:47.856899 	EXP 	progress_bar_breaks: progress = 0.2666666666666667
2026-07-31_15:40:47.868925 	EXP 	progress_bar_breaks: progress = 0.2666666666666667
2026-07-31_15:40:47.885784 	EXP 	progress_bar_breaks: progress = 0.2666666666666667
2026-07-31_15:40:47.902605 	EXP 	progress_bar_breaks: progress = 0.2666666666666667
2026-07-31_15:40:47.919580 	EXP 	progress_bar_breaks: progress = 0.2666666666666667
2026-07-31_15:40:47.936261 	EXP 	progress_bar_breaks: progress = 0.2666666666666667
2026-07-31_15:40:47.952656 	EXP 	progress_bar_breaks: progress = 0.2666666666666667
2026-07-31_15:40:47.973526 	EXP 	progress_bar_breaks: progress = 0.2666666666666667
2026-07-31_15:40:47.985693 	EXP 	progress_bar_breaks: progress = 0.2666666666666667
2026-07-31_15:40:48.003111 	EXP 	progress_bar_breaks: progress = 0.2666666666666667
2026-07-31_15:40:48.019223 	EXP 	progress_bar_breaks: progress = 0.2666666666666667
2026-07-31_15:40:48.036289 	EXP 	progress_bar_breaks: progress = 0.2666666666666667
2026-07-31_15:40:48.052694 	EXP 	progress_bar_breaks: progress = 0.2666666666666667
2026-07-31_15:40:48.073642 	EXP 	progress_bar_breaks: progress = 0.2666666666666667
2026-07-31_15:40:48.085140 	EXP 	progress_bar_breaks: progress = 0.2666666666666667
2026-07-31_15:40:48.102462 	EXP 	progress_bar_breaks: progress = 0.2666666666666667
2026-07-31_15:40:48.118866 	EXP 	progress_bar_breaks: progress = 0.2666666666666667
2026-07-31_15:40:48.136294 	EXP 	progress_bar_breaks: progress = 0.2666666666666667
2026-07-31_15:40:48.152686 	EXP 	progress_bar_breaks: progress = 0.2666666666666667
2026-07-31_15:40:48.169332 	EXP 	progress_bar_breaks: progress = 0.2666666666666667
2026-07-31_15:40:48.190100 	EXP 	progress_bar_breaks: progress = 0.2666666666666667
2026-07-31_15:40:48.202246 	EXP 	progress_bar_breaks: progress = 0.2666666666666667
2026-07-31_15:40:48.219100 	EXP 	progress_bar_breaks: progress = 0.2666666666666667
2026-07-31_15:40:48.235851 	EXP 	progress_bar_breaks: progress = 0.2666666666666667
2026-07-31_15:40:48.252522 	EXP 	progress_bar_breaks: progress = 0.2666666666666667
2026-07-31_15:40:48.269469 	EXP 	progress_bar_breaks: progress = 0.2666666666666667
2026-07-31_15:40:48.286126 	EXP 	progress_bar_breaks: progress = 0.2666666666666667
2026-07-31_15:40:48.306569 	EXP 	progress_bar_breaks: progress = 0.2666666666666667
2026-07-31_15:40:48.318820 	EXP 	progress_bar_breaks: progress = 0.2666666666666667
2026-07-31_15:40:48.335848 	EXP 	progress_bar_breaks: progress = 0.2666666666666667
2026-07-31_15:40:48.352269 	EXP 	progress_bar_breaks: progress = 0.2666666666666667
2026-07-31_15:40:48.368809 	EXP 	progress_bar_breaks: progress = 0.2666666666666667
2026-07-31_15:40:48.385664 	EXP 	progress_bar_breaks: progress = 0.2666666666666667
2026-07-31_15:40:48.407103 	EXP 	progress_bar_breaks: progress = 0.2666666666666667
2026-07-31_15:40:48.418997 	EXP 	progress_bar_breaks: progress = 0.2666666666666667
2026-07-31_15:40:48.435989 	EXP 	progress_bar_breaks: progress = 0.2666666666666667
2026-07-31_15:40:48.452541 	EXP 	progress_bar_breaks: progress = 0.2666666666666667
2026-07-31_15:40:48.470008 	EXP 	progress_bar_breaks: progress = 0.2666666666666667
2026-07-31_15:40:48.486790 	EXP 	progress_bar_breaks: progress = 0.2666666666666667
2026-07-31_15:40:48.502739 	EXP 	progress_bar_breaks: progress = 0.2666666666666667
2026-07-31_15:40:48.523345 	EXP 	progress_bar_breaks: progress = 0.2666666666666667
2026-07-31_15:40:48.535686 	EXP 	progress_bar_breaks: progress = 0.2666666666666667
2026-07-31_15:40:48.552543 	EXP 	progress_bar_breaks: progress = 0.2666666666666667
2026-07-31_15:40:48.569294 	EXP 	progress_bar_breaks: progress = 0.2666666666666667
2026-07-31_15:40:48.585659 	EXP 	progress_bar_breaks: progress = 0.2666666666666667
2026-07-31_15:40:48.602887 	EXP 	progress_bar_breaks: progress = 0.2666666666666667
2026-07-31_15:40:48.622724 	EXP 	progress_bar_breaks: progress = 0.2666666666666667
2026-07-31_15:40:48.635750 	EXP 	progress_bar_breaks: progress = 0.2666666666666667
2026-07-31_15:40:48.651704 	EXP 	progress_bar_breaks: progress = 0.2666666666666667
2026-07-31_15:40:48.669718 	EXP 	progress_bar_breaks: progress = 0.2666666666666667
2026-07-31_15:40:48.685530 	EXP 	progress_bar_breaks: progress = 0.2666666666666667
2026-07-31_15:40:48.702769 	EXP 	progress_bar_breaks: progress = 0.2666666666666667
2026-07-31_15:40:48.719259 	EXP 	progress_bar_breaks: progress = 0.2666666666666667
2026-07-31_15:40:48.740567 	EXP 	progress_bar_breaks: progress = 0.2666666666666667
2026-07-31_15:40:48.752454 	EXP 	progress_bar_breaks: progress = 0.33333333333333337
2026-07-31_15:40:48.769611 	EXP 	progress_bar_breaks: progress = 0.33333333333333337
2026-07-31_15:40:48.785946 	EXP 	progress_bar_breaks: progress = 0.33333333333333337
2026-07-31_15:40:48.802224 	EXP 	progress_bar_breaks: progress = 0.33333333333333337
2026-07-31_15:40:48.820557 	EXP 	progress_bar_breaks: progress = 0.33333333333333337
2026-07-31_15:40:48.840033 	EXP 	progress_bar_breaks: progress = 0.33333333333333337
2026-07-31_15:40:48.852804 	EXP 	progress_bar_breaks: progress = 0.33333333333333337
2026-07-31_15:40:48.869577 	EXP 	progress_bar_breaks: progress = 0.33333333333333337
2026-07-31_15:40:48.885290 	EXP 	progress_bar_breaks: progress = 0.33333333333333337
2026-07-31_15:40:48.902858 	EXP 	progress_bar_breaks: progress = 0.33333333333333337
2026-07-31_15:40:48.918988 	EXP 	progress_bar_breaks: progress = 0.33333333333333337
2026-07-31_15:40:48.935405 	EXP 	progress_bar_breaks: progress = 0.33333333333333337
2026-07-31_15:40:48.956937 	EXP 	progress_bar_breaks: progress = 0.33333333333333337
2026-07-31_15:40:48.969027 	EXP 	progress_bar_breaks: progress = 0.33333333333333337
2026-07-31_15:40:48.985205 	EXP 	progress_bar_breaks: progress = 0.33333333333333337
2026-07-31_15:40:49.002168 	EXP 	progress_bar_breaks: progress = 0.33333333333333337
2026-07-31_15:40:49.019217 	EXP 	progress_bar_breaks: progress = 0.33333333333333337
2026-07-31_15:40:49.036442 	EXP 	progress_bar_breaks: progress = 0.33333333333333337
2026-07-31_15:40:49.052581 	EXP 	progress_bar_breaks: progress = 0.33333333333333337
2026-07-31_15:40:49.073117 	EXP 	progress_bar_breaks: progress = 0.33333333333333337
2026-07-31_15:40:49.085373 	EXP 	progress_bar_breaks: progress = 0.33333333333333337
2026-07-31_15:40:49.102144 	EXP 	progress_bar_breaks: progress = 0.33333333333333337
2026-07-31_15:40:49.118554 	EXP 	progress_bar_breaks: progress = 0.33333333333333337
2026-07-31_15:40:49.135721 	EXP 	progress_bar_breaks: progress = 0.33333333333333337
2026-07-31_15:40:49.151968 	EXP 	progress_bar_breaks: progress = 0.33333333333333337
2026-07-31_15:40:49.173098 	EXP 	progress_bar_breaks: progress = 0.33333333333333337
2026-07-31_15:40:49.185134 	EXP 	progress_bar_breaks: progress = 0.33333333333333337
2026-07-31_15:40:49.202508 	EXP 	progress_bar_breaks: progress = 0.33333333333333337
2026-07-31_15:40:49.219258 	EXP 	progress_bar_breaks: progress = 0.33333333333333337
2026-07-31_15:40:49.236142 	EXP 	progress_bar_breaks: progress = 0.33333333333333337
2026-07-31_15:40:49.252689 	EXP 	progress_bar_breaks: progress = 0.33333333333333337
2026-07-31_15:40:49.268887 	EXP 	progress_bar_breaks: progress = 0.33333333333333337
2026-07-31_15:40:49.290336 	EXP 	progress_bar_breaks: progress = 0.33333333333333337
2026-07-31_15:40:49.302085 	EXP 	progress_bar_breaks: progress = 0.33333333333333337
2026-07-31_15:40:49.319102 	EXP 	progress_bar_breaks: progress = 0.33333333333333337
2026-07-31_15:40:49.335723 	EXP 	progress_bar_breaks: progress = 0.33333333333333337
2026-07-31_15:40:49.352544 	EXP 	progress_bar_breaks: progress = 0.33333333333333337
2026-07-31_15:40:49.369210 	EXP 	progress_bar_breaks: progress = 0.33333333333333337
2026-07-31_15:40:49.389672 	EXP 	progress_bar_breaks: progress = 0.33333333333333337
2026-07-31_15:40:49.402246 	EXP 	progress_bar_breaks: progress = 0.33333333333333337
2026-07-31_15:40:49.419618 	EXP 	progress_bar_breaks: progress = 0.33333333333333337
2026-07-31_15:40:49.436265 	EXP 	progress_bar_breaks: progress = 0.33333333333333337
2026-07-31_15:40:49.452759 	EXP 	progress_bar_breaks: progress = 0.33333333333333337
2026-07-31_15:40:49.468475 	EXP 	progress_bar_breaks: progress = 0.33333333333333337
2026-07-31_15:40:49.485532 	EXP 	progress_bar_breaks: progress = 0.33333333333333337
2026-07-31_15:40:49.506616 	EXP 	progress_bar_breaks: progress = 0.33333333333333337
2026-07-31_15:40:49.519034 	EXP 	progress_bar_breaks: progress = 0.33333333333333337
2026-07-31_15:40:49.535666 	EXP 	progress_bar_breaks: progress = 0.33333333333333337
2026-07-31_15:40:49.552357 	EXP 	progress_bar_breaks: progress = 0.33333333333333337
2026-07-31_15:40:49.569021 	EXP 	progress_bar_breaks: progress = 0.33333333333333337
2026-07-31_15:40:49.585829 	EXP 	progress_bar_breaks: progress = 0.33333333333333337
2026-07-31_15:40:49.606003 	EXP 	progress_bar_breaks: progress = 0.33333333333333337
2026-07-31_15:40:49.618821 	EXP 	progress_bar_breaks: progress = 0.33333333333333337
2026-07-31_15:40:49.635790 	EXP 	progress_bar_breaks: progress = 0.33333333333333337
2026-07-31_15:40:49.652507 	EXP 	progress_bar_breaks: progress = 0.33333333333333337
2026-07-31_15:40:49.669210 	EXP 	progress_bar_breaks: progress = 0.33333333333333337
2026-07-31_15:40:49.686143 	EXP 	progress_bar_breaks: progress = 0.33333333333333337
2026-07-31_15:40:49.702151 	EXP 	progress_bar_breaks: progress = 0.33333333333333337
2026-07-31_15:40:49.723265 	EXP 	progress_bar_breaks: progress = 0.33333333333333337
2026-07-31_15:40:49.735546 	EXP 	progress_bar_breaks: progress = 0.4
2026-07-31_15:40:49.751804 	EXP 	progress_bar_breaks: progress = 0.4
2026-07-31_15:40:49.767770 	EXP 	progress_bar_breaks: progress = 0.4
2026-07-31_15:40:49.784674 	EXP 	progress_bar_breaks: progress = 0.4
2026-07-31_15:40:49.802875 	EXP 	progress_bar_breaks: progress = 0.4
2026-07-31_15:40:49.823369 	EXP 	progress_bar_breaks: progress = 0.4
2026-07-31_15:40:49.834784 	EXP 	progress_bar_breaks: progress = 0.4
2026-07-31_15:40:49.851565 	EXP 	progress_bar_breaks: progress = 0.4
2026-07-31_15:40:49.868863 	EXP 	progress_bar_breaks: progress = 0.4
2026-07-31_15:40:49.885482 	EXP 	progress_bar_breaks: progress = 0.4
2026-07-31_15:40:49.901911 	EXP 	progress_bar_breaks: progress = 0.4
2026-07-31_15:40:49.918954 	EXP 	progress_bar_breaks: progress = 0.4
2026-07-31_15:40:49.940372 	EXP 	progress_bar_breaks: progress = 0.4
2026-07-31_15:40:49.952307 	EXP 	progress_bar_breaks: progress = 0.4
2026-07-31_15:40:49.969027 	EXP 	progress_bar_breaks: progress = 0.4
2026-07-31_15:40:49.985551 	EXP 	progress_bar_breaks: progress = 0.4
2026-07-31_15:40:50.002234 	EXP 	progress_bar_breaks: progress = 0.4
2026-07-31_15:40:50.018424 	EXP 	progress_bar_breaks: progress = 0.4
2026-07-31_15:40:50.035405 	EXP 	progress_bar_breaks: progress = 0.4
2026-07-31_15:40:50.056993 	EXP 	progress_bar_breaks: progress = 0.4
2026-07-31_15:40:50.068385 	EXP 	progress_bar_breaks: progress = 0.4
2026-07-31_15:40:50.085350 	EXP 	progress_bar_breaks: progress = 0.4
2026-07-31_15:40:50.102213 	EXP 	progress_bar_breaks: progress = 0.4
2026-07-31_15:40:50.118168 	EXP 	progress_bar_breaks: progress = 0.4
2026-07-31_15:40:50.134547 	EXP 	progress_bar_breaks: progress = 0.4
2026-07-31_15:40:50.151680 	EXP 	progress_bar_breaks: progress = 0.4
2026-07-31_15:40:50.172902 	EXP 	progress_bar_breaks: progress = 0.4
2026-07-31_15:40:50.185226 	EXP 	progress_bar_breaks: progress = 0.4
2026-07-31_15:40:50.202252 	EXP 	progress_bar_breaks: progress = 0.4
2026-07-31_15:40:50.218549 	EXP 	progress_bar_breaks: progress = 0.4
2026-07-31_15:40:50.235644 	EXP 	progress_bar_breaks: progress = 0.4
2026-07-31_15:40:50.252293 	EXP 	progress_bar_breaks: progress = 0.4
2026-07-31_15:40:50.272905 	EXP 	progress_bar_breaks: progress = 0.4
2026-07-31_15:40:50.285242 	EXP 	progress_bar_breaks: progress = 0.4
2026-07-31_15:40:50.302109 	EXP 	progress_bar_breaks: progress = 0.4
2026-07-31_15:40:50.318807 	EXP 	progress_bar_breaks: progress = 0.4
2026-07-31_15:40:50.335124 	EXP 	progress_bar_breaks: progress = 0.4
2026-07-31_15:40:50.351827 	EXP 	progress_bar_breaks: progress = 0.4
2026-07-31_15:40:50.372705 	EXP 	progress_bar_breaks: progress = 0.4
2026-07-31_15:40:50.384357 	EXP 	progress_bar_breaks: progress = 0.4
2026-07-31_15:40:50.401204 	EXP 	progress_bar_breaks: progress = 0.4
2026-07-31_15:40:50.418381 	EXP 	progress_bar_breaks: progress = 0.4
2026-07-31_15:40:50.435522 	EXP 	progress_bar_breaks: progress = 0.4
2026-07-31_15:40:50.452271 	EXP 	progress_bar_breaks: progress = 0.4
2026-07-31_15:40:50.469181 	EXP 	progress_bar_breaks: progress = 0.4
2026-07-31_15:40:50.489812 	EXP 	progress_bar_breaks: progress = 0.4
2026-07-31_15:40:50.501146 	EXP 	progress_bar_breaks: progress = 0.4
2026-07-31_15:40:50.517724 	EXP 	progress_bar_breaks: progress = 0.4
2026-07-31_15:40:50.535680 	EXP 	progress_bar_breaks: progress = 0.4
2026-07-31_15:40:50.552071 	EXP 	progress_bar_breaks: progress = 0.4
2026-07-31_15:40:50.568734 	EXP 	progress_bar_breaks: progress = 0.4
2026-07-31_15:40:50.589917 	EXP 	progress_bar_breaks: progress = 0.4
2026-07-31_15:40:50.601785 	EXP 	progress_bar_breaks: progress = 0.4
2026-07-31_15:40:50.618589 	EXP 	progress_bar_breaks: progress = 0.4
2026-07-31_15:40:50.635448 	EXP 	progress_bar_breaks: progress = 0.4
2026-07-31_15:40:50.652050 	EXP 	progress_bar_breaks: progress = 0.4
2026-07-31_15:40:50.667910 	EXP 	progress_bar_breaks: progress = 0.4
2026-07-31_15:40:50.684555 	EXP 	progress_bar_breaks: progress = 0.4
2026-07-31_15:40:50.705939 	EXP 	progress_bar_breaks: progress = 0.4
2026-07-31_15:40:50.718217 	EXP 	progress_bar_breaks: progress = 0.4
2026-07-31_15:40:50.735076 	EXP 	progress_bar_breaks: progress = 0.4
2026-07-31_15:40:50.752126 	EXP 	progress_bar_breaks: progress = 0.4666666666666667
2026-07-31_15:40:50.768308 	EXP 	progress_bar_breaks: progress = 0.4666666666666667
2026-07-31_15:40:50.784971 	EXP 	progress_bar_breaks: progress = 0.4666666666666667
2026-07-31_15:40:50.802084 	EXP 	progress_bar_breaks: progress = 0.4666666666666667
2026-07-31_15:40:50.822831 	EXP 	progress_bar_breaks: progress = 0.4666666666666667
2026-07-31_15:40:50.834702 	EXP 	progress_bar_breaks: progress = 0.4666666666666667
2026-07-31_15:40:50.851842 	EXP 	progress_bar_breaks: progress = 0.4666666666666667
2026-07-31_15:40:50.868758 	EXP 	progress_bar_breaks: progress = 0.4666666666666667
2026-07-31_15:40:50.885353 	EXP 	progress_bar_breaks: progress = 0.4666666666666667
2026-07-31_15:40:50.901257 	EXP 	progress_bar_breaks: progress = 0.4666666666666667
2026-07-31_15:40:50.922997 	EXP 	progress_bar_breaks: progress = 0.4666666666666667
2026-07-31_15:40:50.934923 	EXP 	progress_bar_breaks: progress = 0.4666666666666667
2026-07-31_15:40:50.951942 	EXP 	progress_bar_breaks: progress = 0.4666666666666667
2026-07-31_15:40:50.968143 	EXP 	progress_bar_breaks: progress = 0.4666666666666667
2026-07-31_15:40:50.984818 	EXP 	progress_bar_breaks: progress = 0.4666666666666667
2026-07-31_15:40:51.002260 	EXP 	progress_bar_breaks: progress = 0.4666666666666667
2026-07-31_15:40:51.018570 	EXP 	progress_bar_breaks: progress = 0.4666666666666667
2026-07-31_15:40:51.039569 	EXP 	progress_bar_breaks: progress = 0.4666666666666667
2026-07-31_15:40:51.051593 	EXP 	progress_bar_breaks: progress = 0.4666666666666667
2026-07-31_15:40:51.068583 	EXP 	progress_bar_breaks: progress = 0.4666666666666667
2026-07-31_15:40:51.084910 	EXP 	progress_bar_breaks: progress = 0.4666666666666667
2026-07-31_15:40:51.102071 	EXP 	progress_bar_breaks: progress = 0.4666666666666667
2026-07-31_15:40:51.118832 	EXP 	progress_bar_breaks: progress = 0.4666666666666667
2026-07-31_15:40:51.134992 	EXP 	progress_bar_breaks: progress = 0.4666666666666667
2026-07-31_15:40:51.156156 	EXP 	progress_bar_breaks: progress = 0.4666666666666667
2026-07-31_15:40:51.168577 	EXP 	progress_bar_breaks: progress = 0.4666666666666667
2026-07-31_15:40:51.185541 	EXP 	progress_bar_breaks: progress = 0.4666666666666667
2026-07-31_15:40:51.201560 	EXP 	progress_bar_breaks: progress = 0.4666666666666667
2026-07-31_15:40:51.218184 	EXP 	progress_bar_breaks: progress = 0.4666666666666667
2026-07-31_15:40:51.235320 	EXP 	progress_bar_breaks: progress = 0.4666666666666667
2026-07-31_15:40:51.256320 	EXP 	progress_bar_breaks: progress = 0.4666666666666667
2026-07-31_15:40:51.268014 	EXP 	progress_bar_breaks: progress = 0.4666666666666667
2026-07-31_15:40:51.285156 	EXP 	progress_bar_breaks: progress = 0.4666666666666667
2026-07-31_15:40:51.302168 	EXP 	progress_bar_breaks: progress = 0.4666666666666667
2026-07-31_15:40:51.318038 	EXP 	progress_bar_breaks: progress = 0.4666666666666667
2026-07-31_15:40:51.335111 	EXP 	progress_bar_breaks: progress = 0.4666666666666667
2026-07-31_15:40:51.356455 	EXP 	progress_bar_breaks: progress = 0.4666666666666667
2026-07-31_15:40:51.367945 	EXP 	progress_bar_breaks: progress = 0.4666666666666667
2026-07-31_15:40:51.385883 	EXP 	progress_bar_breaks: progress = 0.4666666666666667
2026-07-31_15:40:51.401510 	EXP 	progress_bar_breaks: progress = 0.4666666666666667
2026-07-31_15:40:51.419514 	EXP 	progress_bar_breaks: progress = 0.4666666666666667
2026-07-31_15:40:51.442511 	EXP 	progress_bar_breaks: progress = 0.4666666666666667
2026-07-31_15:40:51.468180 	EXP 	progress_bar_breaks: progress = 0.4666666666666667
2026-07-31_15:40:51.485157 	EXP 	progress_bar_breaks: progress = 0.4666666666666667
2026-07-31_15:40:51.501354 	EXP 	progress_bar_breaks: progress = 0.4666666666666667
2026-07-31_15:40:51.517951 	EXP 	progress_bar_breaks: progress = 0.4666666666666667
2026-07-31_15:40:51.535143 	EXP 	progress_bar_breaks: progress = 0.4666666666666667
2026-07-31_15:40:51.551578 	EXP 	progress_bar_breaks: progress = 0.4666666666666667
2026-07-31_15:40:51.568156 	EXP 	progress_bar_breaks: progress = 0.4666666666666667
2026-07-31_15:40:51.589330 	EXP 	progress_bar_breaks: progress = 0.4666666666666667
2026-07-31_15:40:51.600892 	EXP 	progress_bar_breaks: progress = 0.4666666666666667
2026-07-31_15:40:51.618532 	EXP 	progress_bar_breaks: progress = 0.4666666666666667
2026-07-31_15:40:51.635524 	EXP 	progress_bar_breaks: progress = 0.4666666666666667
2026-07-31_15:40:51.651748 	EXP 	progress_bar_breaks: progress = 0.4666666666666667
2026-07-31_15:40:51.668272 	EXP 	progress_bar_breaks: progress = 0.4666666666666667
2026-07-31_15:40:51.689073 	EXP 	progress_bar_breaks: progress = 0.4666666666666667
2026-07-31_15:40:51.700840 	EXP 	progress_bar_breaks: progress = 0.4666666666666667
2026-07-31_15:40:51.718230 	EXP 	progress_bar_breaks: progress = 0.4666666666666667
2026-07-31_15:40:51.734987 	EXP 	progress_bar_breaks: progress = 0.4666666666666667
2026-07-31_15:40:51.751645 	EXP 	progress_bar_breaks: progress = 0.5333333333333333
2026-07-31_15:40:51.768174 	EXP 	progress_bar_breaks: progress = 0.5333333333333333
2026-07-31_15:40:51.784949 	EXP 	progress_bar_breaks: progress = 0.5333333333333333
2026-07-31_15:40:51.805632 	EXP 	progress_bar_breaks: progress = 0.5333333333333333
2026-07-31_15:40:51.818183 	EXP 	progress_bar_breaks: progress = 0.5333333333333333
2026-07-31_15:40:51.835233 	EXP 	progress_bar_breaks: progress = 0.5333333333333333
2026-07-31_15:40:51.851833 	EXP 	progress_bar_breaks: progress = 0.5333333333333333
2026-07-31_15:40:51.868470 	EXP 	progress_bar_breaks: progress = 0.5333333333333333
2026-07-31_15:40:51.884727 	EXP 	progress_bar_breaks: progress = 0.5333333333333333
2026-07-31_15:40:51.901885 	EXP 	progress_bar_breaks: progress = 0.5333333333333333
2026-07-31_15:40:51.922449 	EXP 	progress_bar_breaks: progress = 0.5333333333333333
2026-07-31_15:40:51.934113 	EXP 	progress_bar_breaks: progress = 0.5333333333333333
2026-07-31_15:40:51.951151 	EXP 	progress_bar_breaks: progress = 0.5333333333333333
2026-07-31_15:40:51.967967 	EXP 	progress_bar_breaks: progress = 0.5333333333333333
2026-07-31_15:40:51.984956 	EXP 	progress_bar_breaks: progress = 0.5333333333333333
2026-07-31_15:40:52.001549 	EXP 	progress_bar_breaks: progress = 0.5333333333333333
2026-07-31_15:40:52.022420 	EXP 	progress_bar_breaks: progress = 0.5333333333333333
2026-07-31_15:40:52.034717 	EXP 	progress_bar_breaks: progress = 0.5333333333333333
2026-07-31_15:40:52.051573 	EXP 	progress_bar_breaks: progress = 0.5333333333333333
2026-07-31_15:40:52.068193 	EXP 	progress_bar_breaks: progress = 0.5333333333333333
2026-07-31_15:40:52.085086 	EXP 	progress_bar_breaks: progress = 0.5333333333333333
2026-07-31_15:40:52.101519 	EXP 	progress_bar_breaks: progress = 0.5333333333333333
2026-07-31_15:40:52.118117 	EXP 	progress_bar_breaks: progress = 0.5333333333333333
2026-07-31_15:40:52.139007 	EXP 	progress_bar_breaks: progress = 0.5333333333333333
2026-07-31_15:40:52.150836 	EXP 	progress_bar_breaks: progress = 0.5333333333333333
2026-07-31_15:40:52.168510 	EXP 	progress_bar_breaks: progress = 0.5333333333333333
2026-07-31_15:40:52.184932 	EXP 	progress_bar_breaks: progress = 0.5333333333333333
2026-07-31_15:40:52.201361 	EXP 	progress_bar_breaks: progress = 0.5333333333333333
2026-07-31_15:40:52.218220 	EXP 	progress_bar_breaks: progress = 0.5333333333333333
2026-07-31_15:40:52.238801 	EXP 	progress_bar_breaks: progress = 0.5333333333333333
2026-07-31_15:40:52.250982 	EXP 	progress_bar_breaks: progress = 0.5333333333333333
2026-07-31_15:40:52.267882 	EXP 	progress_bar_breaks: progress = 0.5333333333333333
2026-07-31_15:40:52.284229 	EXP 	progress_bar_breaks: progress = 0.5333333333333333
2026-07-31_15:40:52.301112 	EXP 	progress_bar_breaks: progress = 0.5333333333333333
2026-07-31_15:40:52.318072 	EXP 	progress_bar_breaks: progress = 0.5333333333333333
2026-07-31_15:40:52.334778 	EXP 	progress_bar_breaks: progress = 0.5333333333333333
2026-07-31_15:40:52.355686 	EXP 	progress_bar_breaks: progress = 0.5333333333333333
2026-07-31_15:40:52.368194 	EXP 	progress_bar_breaks: progress = 0.5333333333333333
2026-07-31_15:40:52.384603 	EXP 	progress_bar_breaks: progress = 0.5333333333333333
2026-07-31_15:40:52.400998 	EXP 	progress_bar_breaks: progress = 0.5333333333333333
2026-07-31_15:40:52.417348 	EXP 	progress_bar_breaks: progress = 0.5333333333333333
2026-07-31_15:40:52.435615 	EXP 	progress_bar_breaks: progress = 0.5333333333333333
2026-07-31_15:40:52.456440 	EXP 	progress_bar_breaks: progress = 0.5333333333333333
2026-07-31_15:40:52.467604 	EXP 	progress_bar_breaks: progress = 0.5333333333333333
2026-07-31_15:40:52.484532 	EXP 	progress_bar_breaks: progress = 0.5333333333333333
2026-07-31_15:40:52.501544 	EXP 	progress_bar_breaks: progress = 0.5333333333333333
2026-07-31_15:40:52.517964 	EXP 	progress_bar_breaks: progress = 0.5333333333333333
2026-07-31_15:40:52.534459 	EXP 	progress_bar_breaks: progress = 0.5333333333333333
2026-07-31_15:40:52.551627 	EXP 	progress_bar_breaks: progress = 0.5333333333333333
2026-07-31_15:40:52.571818 	EXP 	progress_bar_breaks: progress = 0.5333333333333333
2026-07-31_15:40:52.584117 	EXP 	progress_bar_breaks: progress = 0.5333333333333333
2026-07-31_15:40:52.601864 	EXP 	progress_bar_breaks: progress = 0.5333333333333333
2026-07-31_15:40:52.617704 	EXP 	progress_bar_breaks: progress = 0.5333333333333333
2026-07-31_15:40:52.634274 	EXP 	progress_bar_breaks: progress = 0.5333333333333333
2026-07-31_15:40:52.651335 	EXP 	progress_bar_breaks: progress = 0.5333333333333333
2026-07-31_15:40:52.667625 	EXP 	progress_bar_breaks: progress = 0.5333333333333333
2026-07-31_15:40:52.688429 	EXP 	progress_bar_breaks: progress = 0.5333333333333333
2026-07-31_15:40:52.700664 	EXP 	progress_bar_breaks: progress = 0.5333333333333333
2026-07-31_15:40:52.717922 	EXP 	progress_bar_breaks: progress = 0.5333333333333333
2026-07-31_15:40:52.734706 	EXP 	progress_bar_breaks: progress = 0.5333333333333333
2026-07-31_15:40:52.751494 	EXP 	progress_bar_breaks: progress = 0.6
2026-07-31_15:40:52.768178 	EXP 	progress_bar_breaks: progress = 0.6
2026-07-31_15:40:52.788756 	EXP 	progress_bar_breaks: progress = 0.6
2026-07-31_15:40:52.800639 	EXP 	progress_bar_breaks: progress = 0.6
2026-07-31_15:40:52.818084 	EXP 	progress_bar_breaks: progress = 0.6
2026-07-31_15:40:52.834433 	EXP 	progress_bar_breaks: progress = 0.6
2026-07-31_15:40:52.850848 	EXP 	progress_bar_breaks: progress = 0.6
2026-07-31_15:40:52.868310 	EXP 	progress_bar_breaks: progress = 0.6
2026-07-31_15:40:52.884647 	EXP 	progress_bar_breaks: progress = 0.6
2026-07-31_15:40:52.905123 	EXP 	progress_bar_breaks: progress = 0.6
2026-07-31_15:40:52.917318 	EXP 	progress_bar_breaks: progress = 0.6
2026-07-31_15:40:52.934824 	EXP 	progress_bar_breaks: progress = 0.6
2026-07-31_15:40:52.951113 	EXP 	progress_bar_breaks: progress = 0.6
2026-07-31_15:40:52.967879 	EXP 	progress_bar_breaks: progress = 0.6
2026-07-31_15:40:52.984473 	EXP 	progress_bar_breaks: progress = 0.6
2026-07-31_15:40:53.005210 	EXP 	progress_bar_breaks: progress = 0.6
2026-07-31_15:40:53.017786 	EXP 	progress_bar_breaks: progress = 0.6
2026-07-31_15:40:53.033966 	EXP 	progress_bar_breaks: progress = 0.6
2026-07-31_15:40:53.050738 	EXP 	progress_bar_breaks: progress = 0.6
2026-07-31_15:40:53.067716 	EXP 	progress_bar_breaks: progress = 0.6
2026-07-31_15:40:53.084828 	EXP 	progress_bar_breaks: progress = 0.6
2026-07-31_15:40:53.101369 	EXP 	progress_bar_breaks: progress = 0.6
2026-07-31_15:40:53.121877 	EXP 	progress_bar_breaks: progress = 0.6
2026-07-31_15:40:53.133877 	EXP 	progress_bar_breaks: progress = 0.6
2026-07-31_15:40:53.150956 	EXP 	progress_bar_breaks: progress = 0.6
2026-07-31_15:40:53.167671 	EXP 	progress_bar_breaks: progress = 0.6
2026-07-31_15:40:53.184584 	EXP 	progress_bar_breaks: progress = 0.6
2026-07-31_15:40:53.201277 	EXP 	progress_bar_breaks: progress = 0.6
2026-07-31_15:40:53.221572 	EXP 	progress_bar_breaks: progress = 0.6
2026-07-31_15:40:53.233911 	EXP 	progress_bar_breaks: progress = 0.6
2026-07-31_15:40:53.251133 	EXP 	progress_bar_breaks: progress = 0.6
2026-07-31_15:40:53.267797 	EXP 	progress_bar_breaks: progress = 0.6
2026-07-31_15:40:53.284642 	EXP 	progress_bar_breaks: progress = 0.6
2026-07-31_15:40:53.301215 	EXP 	progress_bar_breaks: progress = 0.6
2026-07-31_15:40:53.317865 	EXP 	progress_bar_breaks: progress = 0.6
2026-07-31_15:40:53.338718 	EXP 	progress_bar_breaks: progress = 0.6
2026-07-31_15:40:53.350292 	EXP 	progress_bar_breaks: progress = 0.6
2026-07-31_15:40:53.367716 	EXP 	progress_bar_breaks: progress = 0.6
2026-07-31_15:40:53.384135 	EXP 	progress_bar_breaks: progress = 0.6
2026-07-31_15:40:53.401335 	EXP 	progress_bar_breaks: progress = 0.6
2026-07-31_15:40:53.417572 	EXP 	progress_bar_breaks: progress = 0.6
2026-07-31_15:40:53.438745 	EXP 	progress_bar_breaks: progress = 0.6
2026-07-31_15:40:53.451346 	EXP 	progress_bar_breaks: progress = 0.6
2026-07-31_15:40:53.467947 	EXP 	progress_bar_breaks: progress = 0.6
2026-07-31_15:40:53.484415 	EXP 	progress_bar_breaks: progress = 0.6
2026-07-31_15:40:53.501160 	EXP 	progress_bar_breaks: progress = 0.6
2026-07-31_15:40:53.517712 	EXP 	progress_bar_breaks: progress = 0.6
2026-07-31_15:40:53.534392 	EXP 	progress_bar_breaks: progress = 0.6
2026-07-31_15:40:53.555208 	EXP 	progress_bar_breaks: progress = 0.6
2026-07-31_15:40:53.567075 	EXP 	progress_bar_breaks: progress = 0.6
2026-07-31_15:40:53.583783 	EXP 	progress_bar_breaks: progress = 0.6
2026-07-31_15:40:53.601023 	EXP 	progress_bar_breaks: progress = 0.6
2026-07-31_15:40:53.617920 	EXP 	progress_bar_breaks: progress = 0.6
2026-07-31_15:40:53.634141 	EXP 	progress_bar_breaks: progress = 0.6
2026-07-31_15:40:53.656210 	EXP 	progress_bar_breaks: progress = 0.6
2026-07-31_15:40:53.666754 	EXP 	progress_bar_breaks: progress = 0.6
2026-07-31_15:40:53.684033 	EXP 	progress_bar_breaks: progress = 0.6
2026-07-31_15:40:53.701359 	EXP 	progress_bar_breaks: progress = 0.6
2026-07-31_15:40:53.718070 	EXP 	progress_bar_breaks: progress = 0.6
2026-07-31_15:40:53.734180 	EXP 	progress_bar_breaks: progress = 0.6
2026-07-31_15:40:53.751238 	EXP 	progress_bar_breaks: progress = 0.6666666666666667
2026-07-31_15:40:53.771579 	EXP 	progress_bar_breaks: progress = 0.6666666666666667
2026-07-31_15:40:53.783599 	EXP 	progress_bar_breaks: progress = 0.6666666666666667
2026-07-31_15:40:53.800956 	EXP 	progress_bar_breaks: progress = 0.6666666666666667
2026-07-31_15:40:53.817894 	EXP 	progress_bar_breaks: progress = 0.6666666666666667
2026-07-31_15:40:53.834018 	EXP 	progress_bar_breaks: progress = 0.6666666666666667
2026-07-31_15:40:53.850794 	EXP 	progress_bar_breaks: progress = 0.6666666666666667
2026-07-31_15:40:53.867740 	EXP 	progress_bar_breaks: progress = 0.6666666666666667
2026-07-31_15:40:53.888272 	EXP 	progress_bar_breaks: progress = 0.6666666666666667
2026-07-31_15:40:53.900740 	EXP 	progress_bar_breaks: progress = 0.6666666666666667
2026-07-31_15:40:53.917613 	EXP 	progress_bar_breaks: progress = 0.6666666666666667
2026-07-31_15:40:53.934233 	EXP 	progress_bar_breaks: progress = 0.6666666666666667
2026-07-31_15:40:53.950849 	EXP 	progress_bar_breaks: progress = 0.6666666666666667
2026-07-31_15:40:53.967723 	EXP 	progress_bar_breaks: progress = 0.6666666666666667
2026-07-31_15:40:53.988326 	EXP 	progress_bar_breaks: progress = 0.6666666666666667
2026-07-31_15:40:54.000868 	EXP 	progress_bar_breaks: progress = 0.6666666666666667
2026-07-31_15:40:54.017411 	EXP 	progress_bar_breaks: progress = 0.6666666666666667
2026-07-31_15:40:54.033978 	EXP 	progress_bar_breaks: progress = 0.6666666666666667
2026-07-31_15:40:54.050953 	EXP 	progress_bar_breaks: progress = 0.6666666666666667
2026-07-31_15:40:54.067682 	EXP 	progress_bar_breaks: progress = 0.6666666666666667
2026-07-31_15:40:54.084394 	EXP 	progress_bar_breaks: progress = 0.6666666666666667
2026-07-31_15:40:54.104461 	EXP 	progress_bar_breaks: progress = 0.6666666666666667
2026-07-31_15:40:54.117178 	EXP 	progress_bar_breaks: progress = 0.6666666666666667
2026-07-31_15:40:54.133601 	EXP 	progress_bar_breaks: progress = 0.6666666666666667
2026-07-31_15:40:54.150810 	EXP 	progress_bar_breaks: progress = 0.6666666666666667
2026-07-31_15:40:54.167201 	EXP 	progress_bar_breaks: progress = 0.6666666666666667
2026-07-31_15:40:54.184124 	EXP 	progress_bar_breaks: progress = 0.6666666666666667
2026-07-31_15:40:54.204594 	EXP 	progress_bar_breaks: progress = 0.6666666666666667
2026-07-31_15:40:54.216870 	EXP 	progress_bar_breaks: progress = 0.6666666666666667
2026-07-31_15:40:54.234252 	EXP 	progress_bar_breaks: progress = 0.6666666666666667
2026-07-31_15:40:54.250755 	EXP 	progress_bar_breaks: progress = 0.6666666666666667
2026-07-31_15:40:54.267662 	EXP 	progress_bar_breaks: progress = 0.6666666666666667
2026-07-31_15:40:54.284222 	EXP 	progress_bar_breaks: progress = 0.6666666666666667
2026-07-31_15:40:54.301056 	EXP 	progress_bar_breaks: progress = 0.6666666666666667
2026-07-31_15:40:54.321313 	EXP 	progress_bar_breaks: progress = 0.6666666666666667
2026-07-31_15:40:54.333856 	EXP 	progress_bar_breaks: progress = 0.6666666666666667
2026-07-31_15:40:54.350875 	EXP 	progress_bar_breaks: progress = 0.6666666666666667
2026-07-31_15:40:54.367593 	EXP 	progress_bar_breaks: progress = 0.6666666666666667
2026-07-31_15:40:54.384151 	EXP 	progress_bar_breaks: progress = 0.6666666666666667
2026-07-31_15:40:54.401142 	EXP 	progress_bar_breaks: progress = 0.6666666666666667
2026-07-31_15:40:54.417490 	EXP 	progress_bar_breaks: progress = 0.6666666666666667
2026-07-31_15:40:54.438769 	EXP 	progress_bar_breaks: progress = 0.6666666666666667
2026-07-31_15:40:54.450856 	EXP 	progress_bar_breaks: progress = 0.6666666666666667
2026-07-31_15:40:54.467239 	EXP 	progress_bar_breaks: progress = 0.6666666666666667
2026-07-31_15:40:54.483172 	EXP 	progress_bar_breaks: progress = 0.6666666666666667
2026-07-31_15:40:54.500604 	EXP 	progress_bar_breaks: progress = 0.6666666666666667
2026-07-31_15:40:54.517388 	EXP 	progress_bar_breaks: progress = 0.6666666666666667
2026-07-31_15:40:54.537867 	EXP 	progress_bar_breaks: progress = 0.6666666666666667
2026-07-31_15:40:54.550436 	EXP 	progress_bar_breaks: progress = 0.6666666666666667
2026-07-31_15:40:54.567034 	EXP 	progress_bar_breaks: progress = 0.6666666666666667
2026-07-31_15:40:54.584136 	EXP 	progress_bar_breaks: progress = 0.6666666666666667
2026-07-31_15:40:54.600797 	EXP 	progress_bar_breaks: progress = 0.6666666666666667
2026-07-31_15:40:54.617784 	EXP 	progress_bar_breaks: progress = 0.6666666666666667
2026-07-31_15:40:54.634331 	EXP 	progress_bar_breaks: progress = 0.6666666666666667
2026-07-31_15:40:54.655217 	EXP 	progress_bar_breaks: progress = 0.6666666666666667
2026-07-31_15:40:54.666632 	EXP 	progress_bar_breaks: progress = 0.6666666666666667
2026-07-31_15:40:54.683622 	EXP 	progress_bar_breaks: progress = 0.6666666666666667
2026-07-31_15:40:54.700774 	EXP 	progress_bar_breaks: progress = 0.6666666666666667
2026-07-31_15:40:54.716805 	EXP 	progress_bar_breaks: progress = 0.6666666666666667
2026-07-31_15:40:54.733780 	EXP 	progress_bar_breaks: progress = 0.6666666666666667
2026-07-31_15:40:54.754276 	EXP 	progress_bar_breaks: progress = 0.7333333333333334
2026-07-31_15:40:54.766563 	EXP 	progress_bar_breaks: progress = 0.7333333333333334
2026-07-31_15:40:54.783520 	EXP 	progress_bar_breaks: progress = 0.7333333333333334
2026-07-31_15:40:54.800889 	EXP 	progress_bar_breaks: progress = 0.7333333333333334
2026-07-31_15:40:54.817344 	EXP 	progress_bar_breaks: progress = 0.7333333333333334
2026-07-31_15:40:54.834545 	EXP 	progress_bar_breaks: progress = 0.7333333333333334
2026-07-31_15:40:54.850444 	EXP 	progress_bar_breaks: progress = 0.7333333333333334
2026-07-31_15:40:54.871731 	EXP 	progress_bar_breaks: progress = 0.7333333333333334
2026-07-31_15:40:54.884253 	EXP 	progress_bar_breaks: progress = 0.7333333333333334
2026-07-31_15:40:54.900544 	EXP 	progress_bar_breaks: progress = 0.7333333333333334
2026-07-31_15:40:54.916746 	EXP 	progress_bar_breaks: progress = 0.7333333333333334
2026-07-31_15:40:54.935470 	EXP 	progress_bar_breaks: progress = 0.7333333333333334
2026-07-31_15:40:54.950107 	EXP 	progress_bar_breaks: progress = 0.7333333333333334
2026-07-31_15:40:54.972041 	EXP 	progress_bar_breaks: progress = 0.7333333333333334
2026-07-31_15:40:54.983513 	EXP 	progress_bar_breaks: progress = 0.7333333333333334
2026-07-31_15:40:55.000760 	EXP 	progress_bar_breaks: progress = 0.7333333333333334
2026-07-31_15:40:55.016711 	EXP 	progress_bar_breaks: progress = 0.7333333333333334
2026-07-31_15:40:55.033844 	EXP 	progress_bar_breaks: progress = 0.7333333333333334
2026-07-31_15:40:55.050293 	EXP 	progress_bar_breaks: progress = 0.7333333333333334
2026-07-31_15:40:55.067346 	EXP 	progress_bar_breaks: progress = 0.7333333333333334
2026-07-31_15:40:55.088376 	EXP 	progress_bar_breaks: progress = 0.7333333333333334
2026-07-31_15:40:55.100272 	EXP 	progress_bar_breaks: progress = 0.7333333333333334
2026-07-31_15:40:55.117234 	EXP 	progress_bar_breaks: progress = 0.7333333333333334
2026-07-31_15:40:55.133910 	EXP 	progress_bar_breaks: progress = 0.7333333333333334
2026-07-31_15:40:55.150719 	EXP 	progress_bar_breaks: progress = 0.7333333333333334
2026-07-31_15:40:55.167331 	EXP 	progress_bar_breaks: progress = 0.7333333333333334
2026-07-31_15:40:55.184316 	EXP 	progress_bar_breaks: progress = 0.7333333333333334
2026-07-31_15:40:55.204298 	EXP 	progress_bar_breaks: progress = 0.7333333333333334
2026-07-31_15:40:55.216547 	EXP 	progress_bar_breaks: progress = 0.7333333333333334
2026-07-31_15:40:55.233864 	EXP 	progress_bar_breaks: progress = 0.7333333333333334
2026-07-31_15:40:55.250869 	EXP 	progress_bar_breaks: progress = 0.7333333333333334
2026-07-31_15:40:55.267386 	EXP 	progress_bar_breaks: progress = 0.7333333333333334
2026-07-31_15:40:55.283963 	EXP 	progress_bar_breaks: progress = 0.7333333333333334
2026-07-31_15:40:55.305070 	EXP 	progress_bar_breaks: progress = 0.7333333333333334
2026-07-31_15:40:55.316397 	EXP 	progress_bar_breaks: progress = 0.7333333333333334
2026-07-31_15:40:55.333845 	EXP 	progress_bar_breaks: progress = 0.7333333333333334
2026-07-31_15:40:55.350415 	EXP 	progress_bar_breaks: progress = 0.7333333333333334
2026-07-31_15:40:55.367502 	EXP 	progress_bar_breaks: progress = 0.7333333333333334
2026-07-31_15:40:55.383905 	EXP 	progress_bar_breaks: progress = 0.7333333333333334
2026-07-31_15:40:55.400781 	EXP 	progress_bar_breaks: progress = 0.7333333333333334
2026-07-31_15:40:55.416705 	EXP 	progress_bar_breaks: progress = 0.7333333333333334
2026-07-31_15:40:55.438115 	EXP 	progress_bar_breaks: progress = 0.7333333333333334
2026-07-31_15:40:55.450865 	EXP 	progress_bar_breaks: progress = 0.7333333333333334
2026-07-31_15:40:55.466388 	EXP 	progress_bar_breaks: progress = 0.7333333333333334
2026-07-31_15:40:55.483124 	EXP 	progress_bar_breaks: progress = 0.7333333333333334
2026-07-31_15:40:55.499742 	EXP 	progress_bar_breaks: progress = 0.7333333333333334
2026-07-31_15:40:55.520892 	EXP 	progress_bar_breaks: progress = 0.7333333333333334
2026-07-31_15:40:55.533067 	EXP 	progress_bar_breaks: progress = 0.7333333333333334
2026-07-31_15:40:55.550062 	EXP 	progress_bar_breaks: progress = 0.7333333333333334
2026-07-31_15:40:55.567336 	EXP 	progress_bar_breaks: progress = 0.7333333333333334
2026-07-31_15:40:55.583709 	EXP 	progress_bar_breaks: progress = 0.7333333333333334
2026-07-31_15:40:55.600901 	EXP 	progress_bar_breaks: progress = 0.7333333333333334
2026-07-31_15:40:55.617530 	EXP 	progress_bar_breaks: progress = 0.7333333333333334
2026-07-31_15:40:55.637864 	EXP 	progress_bar_breaks: progress = 0.7333333333333334
2026-07-31_15:40:55.649759 	EXP 	progress_bar_breaks: progress = 0.7333333333333334
2026-07-31_15:40:55.666893 	EXP 	progress_bar_breaks: progress = 0.7333333333333334
2026-07-31_15:40:55.683220 	EXP 	progress_bar_breaks: progress = 0.7333333333333334
2026-07-31_15:40:55.700022 	EXP 	progress_bar_breaks: progress = 0.7333333333333334
2026-07-31_15:40:55.716792 	EXP 	progress_bar_breaks: progress = 0.7333333333333334
2026-07-31_15:40:55.737292 	EXP 	progress_bar_breaks: progress = 0.7333333333333334
2026-07-31_15:40:55.750089 	EXP 	progress_bar_breaks: progress = 0.8
2026-07-31_15:40:55.766378 	EXP 	progress_bar_breaks: progress = 0.8
2026-07-31_15:40:55.783775 	EXP 	progress_bar_breaks: progress = 0.8
2026-07-31_15:40:55.800330 	EXP 	progress_bar_breaks: progress = 0.8
2026-07-31_15:40:55.816547 	EXP 	progress_bar_breaks: progress = 0.8
2026-07-31_15:40:55.833520 	EXP 	progress_bar_breaks: progress = 0.8
2026-07-31_15:40:55.854352 	EXP 	progress_bar_breaks: progress = 0.8
2026-07-31_15:40:55.866360 	EXP 	progress_bar_breaks: progress = 0.8
2026-07-31_15:40:55.883018 	EXP 	progress_bar_breaks: progress = 0.8
2026-07-31_15:40:55.900419 	EXP 	progress_bar_breaks: progress = 0.8
2026-07-31_15:40:55.917201 	EXP 	progress_bar_breaks: progress = 0.8
2026-07-31_15:40:55.934139 	EXP 	progress_bar_breaks: progress = 0.8
2026-07-31_15:40:55.949782 	EXP 	progress_bar_breaks: progress = 0.8
2026-07-31_15:40:55.971859 	EXP 	progress_bar_breaks: progress = 0.8
2026-07-31_15:40:55.983283 	EXP 	progress_bar_breaks: progress = 0.8
2026-07-31_15:40:55.999408 	EXP 	progress_bar_breaks: progress = 0.8
2026-07-31_15:40:56.017384 	EXP 	progress_bar_breaks: progress = 0.8
2026-07-31_15:40:56.033519 	EXP 	progress_bar_breaks: progress = 0.8
2026-07-31_15:40:56.050452 	EXP 	progress_bar_breaks: progress = 0.8
2026-07-31_15:40:56.070742 	EXP 	progress_bar_breaks: progress = 0.8
2026-07-31_15:40:56.082754 	EXP 	progress_bar_breaks: progress = 0.8
2026-07-31_15:40:56.100458 	EXP 	progress_bar_breaks: progress = 0.8
2026-07-31_15:40:56.116324 	EXP 	progress_bar_breaks: progress = 0.8
2026-07-31_15:40:56.134214 	EXP 	progress_bar_breaks: progress = 0.8
2026-07-31_15:40:56.150609 	EXP 	progress_bar_breaks: progress = 0.8
2026-07-31_15:40:56.166250 	EXP 	progress_bar_breaks: progress = 0.8
2026-07-31_15:40:56.184186 	EXP 	progress_bar_breaks: progress = 0.8
2026-07-31_15:40:56.204411 	EXP 	progress_bar_breaks: progress = 0.8
2026-07-31_15:40:56.216486 	EXP 	progress_bar_breaks: progress = 0.8
2026-07-31_15:40:56.233496 	EXP 	progress_bar_breaks: progress = 0.8
2026-07-31_15:40:56.250357 	EXP 	progress_bar_breaks: progress = 0.8
2026-07-31_15:40:56.266613 	EXP 	progress_bar_breaks: progress = 0.8
2026-07-31_15:40:56.287678 	EXP 	progress_bar_breaks: progress = 0.8
2026-07-31_15:40:56.299841 	EXP 	progress_bar_breaks: progress = 0.8
2026-07-31_15:40:56.316692 	EXP 	progress_bar_breaks: progress = 0.8
2026-07-31_15:40:56.333585 	EXP 	progress_bar_breaks: progress = 0.8
2026-07-31_15:40:56.350063 	EXP 	progress_bar_breaks: progress = 0.8
2026-07-31_15:40:56.367023 	EXP 	progress_bar_breaks: progress = 0.8
2026-07-31_15:40:56.383634 	EXP 	progress_bar_breaks: progress = 0.8
2026-07-31_15:40:56.404264 	EXP 	progress_bar_breaks: progress = 0.8
2026-07-31_15:40:56.416667 	EXP 	progress_bar_breaks: progress = 0.8
2026-07-31_15:40:56.433866 	EXP 	progress_bar_breaks: progress = 0.8
2026-07-31_15:40:56.450113 	EXP 	progress_bar_breaks: progress = 0.8
2026-07-31_15:40:56.466659 	EXP 	progress_bar_breaks: progress = 0.8
2026-07-31_15:40:56.483423 	EXP 	progress_bar_breaks: progress = 0.8
2026-07-31_15:40:56.503719 	EXP 	progress_bar_breaks: progress = 0.8
2026-07-31_15:40:56.516650 	EXP 	progress_bar_breaks: progress = 0.8
2026-07-31_15:40:56.533410 	EXP 	progress_bar_breaks: progress = 0.8
2026-07-31_15:40:56.550211 	EXP 	progress_bar_breaks: progress = 0.8
2026-07-31_15:40:56.566436 	EXP 	progress_bar_breaks: progress = 0.8
2026-07-31_15:40:56.582985 	EXP 	progress_bar_breaks: progress = 0.8
2026-07-31_15:40:56.599701 	EXP 	progress_bar_breaks: progress = 0.8
2026-07-31_15:40:56.620540 	EXP 	progress_bar_breaks: progress = 0.8
2026-07-31_15:40:56.632649 	EXP 	progress_bar_breaks: progress = 0.8
2026-07-31_15:40:56.649945 	EXP 	progress_bar_breaks: progress = 0.8
2026-07-31_15:40:56.666420 	EXP 	progress_bar_breaks: progress = 0.8
2026-07-31_15:40:56.682839 	EXP 	progress_bar_breaks: progress = 0.8
2026-07-31_15:40:56.699847 	EXP 	progress_bar_breaks: progress = 0.8
2026-07-31_15:40:56.720761 	EXP 	progress_bar_breaks: progress = 0.8
2026-07-31_15:40:56.732951 	EXP 	progress_bar_breaks: progress = 0.8666666666666667
2026-07-31_15:40:56.749983 	EXP 	progress_bar_breaks: progress = 0.8666666666666667
2026-07-31_15:40:56.766804 	EXP 	progress_bar_breaks: progress = 0.8666666666666667
2026-07-31_15:40:56.783329 	EXP 	progress_bar_breaks: progress = 0.8666666666666667
2026-07-31_15:40:56.800280 	EXP 	progress_bar_breaks: progress = 0.8666666666666667
2026-07-31_15:40:56.816837 	EXP 	progress_bar_breaks: progress = 0.8666666666666667
2026-07-31_15:40:56.837032 	EXP 	progress_bar_breaks: progress = 0.8666666666666667
2026-07-31_15:40:56.849808 	EXP 	progress_bar_breaks: progress = 0.8666666666666667
2026-07-31_15:40:56.866490 	EXP 	progress_bar_breaks: progress = 0.8666666666666667
2026-07-31_15:40:56.883525 	EXP 	progress_bar_breaks: progress = 0.8666666666666667
2026-07-31_15:40:56.900171 	EXP 	progress_bar_breaks: progress = 0.8666666666666667
2026-07-31_15:40:56.917370 	EXP 	progress_bar_breaks: progress = 0.8666666666666667
2026-07-31_15:40:56.933441 	EXP 	progress_bar_breaks: progress = 0.8666666666666667
2026-07-31_15:40:56.953763 	EXP 	progress_bar_breaks: progress = 0.8666666666666667
2026-07-31_15:40:56.966068 	EXP 	progress_bar_breaks: progress = 0.8666666666666667
2026-07-31_15:40:56.982768 	EXP 	progress_bar_breaks: progress = 0.8666666666666667
2026-07-31_15:40:56.999890 	EXP 	progress_bar_breaks: progress = 0.8666666666666667
2026-07-31_15:40:57.016541 	EXP 	progress_bar_breaks: progress = 0.8666666666666667
2026-07-31_15:40:57.033337 	EXP 	progress_bar_breaks: progress = 0.8666666666666667
2026-07-31_15:40:57.053955 	EXP 	progress_bar_breaks: progress = 0.8666666666666667
2026-07-31_15:40:57.066317 	EXP 	progress_bar_breaks: progress = 0.8666666666666667
2026-07-31_15:40:57.083026 	EXP 	progress_bar_breaks: progress = 0.8666666666666667
2026-07-31_15:40:57.099863 	EXP 	progress_bar_breaks: progress = 0.8666666666666667
2026-07-31_15:40:57.116672 	EXP 	progress_bar_breaks: progress = 0.8666666666666667
2026-07-31_15:40:57.133431 	EXP 	progress_bar_breaks: progress = 0.8666666666666667
2026-07-31_15:40:57.150167 	EXP 	progress_bar_breaks: progress = 0.8666666666666667
2026-07-31_15:40:57.170565 	EXP 	progress_bar_breaks: progress = 0.8666666666666667
2026-07-31_15:40:57.182726 	EXP 	progress_bar_breaks: progress = 0.8666666666666667
2026-07-31_15:40:57.199928 	EXP 	progress_bar_breaks: progress = 0.8666666666666667
2026-07-31_15:40:57.216387 	EXP 	progress_bar_breaks: progress = 0.8666666666666667
2026-07-31_15:40:57.233240 	EXP 	progress_bar_breaks: progress = 0.8666666666666667
2026-07-31_15:40:57.250161 	EXP 	progress_bar_breaks: progress = 0.8666666666666667
2026-07-31_15:40:57.270574 	EXP 	progress_bar_breaks: progress = 0.8666666666666667
2026-07-31_15:40:57.282736 	EXP 	progress_bar_breaks: progress = 0.8666666666666667
2026-07-31_15:40:57.300011 	EXP 	progress_bar_breaks: progress = 0.8666666666666667
2026-07-31_15:40:57.316620 	EXP 	progress_bar_breaks: progress = 0.8666666666666667
2026-07-31_15:40:57.332795 	EXP 	progress_bar_breaks: progress = 0.8666666666666667
2026-07-31_15:40:57.350371 	EXP 	progress_bar_breaks: progress = 0.8666666666666667
2026-07-31_15:40:57.366714 	EXP 	progress_bar_breaks: progress = 0.8666666666666667
2026-07-31_15:40:57.387927 	EXP 	progress_bar_breaks: progress = 0.8666666666666667
2026-07-31_15:40:57.399511 	EXP 	progress_bar_breaks: progress = 0.8666666666666667
2026-07-31_15:40:57.416357 	EXP 	progress_bar_breaks: progress = 0.8666666666666667
2026-07-31_15:40:57.433830 	EXP 	progress_bar_breaks: progress = 0.8666666666666667
2026-07-31_15:40:57.449550 	EXP 	progress_bar_breaks: progress = 0.8666666666666667
2026-07-31_15:40:57.466002 	EXP 	progress_bar_breaks: progress = 0.8666666666666667
2026-07-31_15:40:57.486854 	EXP 	progress_bar_breaks: progress = 0.8666666666666667
2026-07-31_15:40:57.499501 	EXP 	progress_bar_breaks: progress = 0.8666666666666667
2026-07-31_15:40:57.516308 	EXP 	progress_bar_breaks: progress = 0.8666666666666667
2026-07-31_15:40:57.533414 	EXP 	progress_bar_breaks: progress = 0.8666666666666667
2026-07-31_15:40:57.549664 	EXP 	progress_bar_breaks: progress = 0.8666666666666667
2026-07-31_15:40:57.566535 	EXP 	progress_bar_breaks: progress = 0.8666666666666667
2026-07-31_15:40:57.583334 	EXP 	progress_bar_breaks: progress = 0.8666666666666667
2026-07-31_15:40:57.604051 	EXP 	progress_bar_breaks: progress = 0.8666666666666667
2026-07-31_15:40:57.615878 	EXP 	progress_bar_breaks: progress = 0.8666666666666667
2026-07-31_15:40:57.632505 	EXP 	progress_bar_breaks: progress = 0.8666666666666667
2026-07-31_15:40:57.649987 	EXP 	progress_bar_breaks: progress = 0.8666666666666667
2026-07-31_15:40:57.666490 	EXP 	progress_bar_breaks: progress = 0.8666666666666667
2026-07-31_15:40:57.682817 	EXP 	progress_bar_breaks: progress = 0.8666666666666667
2026-07-31_15:40:57.703745 	EXP 	progress_bar_breaks: progress = 0.8666666666666667
2026-07-31_15:40:57.715813 	EXP 	progress_bar_breaks: progress = 0.8666666666666667
2026-07-31_15:40:57.732665 	EXP 	progress_bar_breaks: progress = 0.8666666666666667
2026-07-31_15:40:57.749622 	EXP 	progress_bar_breaks: progress = 0.9333333333333333
2026-07-31_15:40:57.766329 	EXP 	progress_bar_breaks: progress = 0.9333333333333333
2026-07-31_15:40:57.782911 	EXP 	progress_bar_breaks: progress = 0.9333333333333333
2026-07-31_15:40:57.799905 	EXP 	progress_bar_breaks: progress = 0.9333333333333333
2026-07-31_15:40:57.820609 	EXP 	progress_bar_breaks: progress = 0.9333333333333333
2026-07-31_15:40:57.832716 	EXP 	progress_bar_breaks: progress = 0.9333333333333333
2026-07-31_15:40:57.849955 	EXP 	progress_bar_breaks: progress = 0.9333333333333333
2026-07-31_15:40:57.866073 	EXP 	progress_bar_breaks: progress = 0.9333333333333333
2026-07-31_15:40:57.883038 	EXP 	progress_bar_breaks: progress = 0.9333333333333333
2026-07-31_15:40:57.899964 	EXP 	progress_bar_breaks: progress = 0.9333333333333333
2026-07-31_15:40:57.916631 	EXP 	progress_bar_breaks: progress = 0.9333333333333333
2026-07-31_15:40:57.937070 	EXP 	progress_bar_breaks: progress = 0.9333333333333333
2026-07-31_15:40:57.948951 	EXP 	progress_bar_breaks: progress = 0.9333333333333333
2026-07-31_15:40:57.966629 	EXP 	progress_bar_breaks: progress = 0.9333333333333333
2026-07-31_15:40:57.982673 	EXP 	progress_bar_breaks: progress = 0.9333333333333333
2026-07-31_15:40:57.999589 	EXP 	progress_bar_breaks: progress = 0.9333333333333333
2026-07-31_15:40:58.016326 	EXP 	progress_bar_breaks: progress = 0.9333333333333333
2026-07-31_15:40:58.036788 	EXP 	progress_bar_breaks: progress = 0.9333333333333333
2026-07-31_15:40:58.048907 	EXP 	progress_bar_breaks: progress = 0.9333333333333333
2026-07-31_15:40:58.066637 	EXP 	progress_bar_breaks: progress = 0.9333333333333333
2026-07-31_15:40:58.082419 	EXP 	progress_bar_breaks: progress = 0.9333333333333333
2026-07-31_15:40:58.099060 	EXP 	progress_bar_breaks: progress = 0.9333333333333333
2026-07-31_15:40:58.116497 	EXP 	progress_bar_breaks: progress = 0.9333333333333333
2026-07-31_15:40:58.132966 	EXP 	progress_bar_breaks: progress = 0.9333333333333333
2026-07-31_15:40:58.153909 	EXP 	progress_bar_breaks: progress = 0.9333333333333333
2026-07-31_15:40:58.165741 	EXP 	progress_bar_breaks: progress = 0.9333333333333333
2026-07-31_15:40:58.182963 	EXP 	progress_bar_breaks: progress = 0.9333333333333333
2026-07-31_15:40:58.199817 	EXP 	progress_bar_breaks: progress = 0.9333333333333333
2026-07-31_15:40:58.216304 	EXP 	progress_bar_breaks: progress = 0.9333333333333333
2026-07-31_15:40:58.232860 	EXP 	progress_bar_breaks: progress = 0.9333333333333333
2026-07-31_15:40:58.253839 	EXP 	progress_bar_breaks: progress = 0.9333333333333333
2026-07-31_15:40:58.265797 	EXP 	progress_bar_breaks: progress = 0.9333333333333333
2026-07-31_15:40:58.282755 	EXP 	progress_bar_breaks: progress = 0.9333333333333333
2026-07-31_15:40:58.298888 	EXP 	progress_bar_breaks: progress = 0.9333333333333333
2026-07-31_15:40:58.315395 	EXP 	progress_bar_breaks: progress = 0.9333333333333333
2026-07-31_15:40:58.332356 	EXP 	progress_bar_breaks: progress = 0.9333333333333333
2026-07-31_15:40:58.349741 	EXP 	progress_bar_breaks: progress = 0.9333333333333333
2026-07-31_15:40:58.370452 	EXP 	progress_bar_breaks: progress = 0.9333333333333333
2026-07-31_15:40:58.381981 	EXP 	progress_bar_breaks: progress = 0.9333333333333333
2026-07-31_15:40:58.398719 	EXP 	progress_bar_breaks: progress = 0.9333333333333333
2026-07-31_15:40:58.415812 	EXP 	progress_bar_breaks: progress = 0.9333333333333333
2026-07-31_15:40:58.433075 	EXP 	progress_bar_breaks: progress = 0.9333333333333333
2026-07-31_15:40:58.450691 	EXP 	progress_bar_breaks: progress = 0.9333333333333333
2026-07-31_15:40:58.466458 	EXP 	progress_bar_breaks: progress = 0.9333333333333333
2026-07-31_15:40:58.487005 	EXP 	progress_bar_breaks: progress = 0.9333333333333333
2026-07-31_15:40:58.499002 	EXP 	progress_bar_breaks: progress = 0.9333333333333333
2026-07-31_15:40:58.515733 	EXP 	progress_bar_breaks: progress = 0.9333333333333333
2026-07-31_15:40:58.532908 	EXP 	progress_bar_breaks: progress = 0.9333333333333333
2026-07-31_15:40:58.549503 	EXP 	progress_bar_breaks: progress = 0.9333333333333333
2026-07-31_15:40:58.566009 	EXP 	progress_bar_breaks: progress = 0.9333333333333333
2026-07-31_15:40:58.587318 	EXP 	progress_bar_breaks: progress = 0.9333333333333333
2026-07-31_15:40:58.599170 	EXP 	progress_bar_breaks: progress = 0.9333333333333333
2026-07-31_15:40:58.615741 	EXP 	progress_bar_breaks: progress = 0.9333333333333333
2026-07-31_15:40:58.632568 	EXP 	progress_bar_breaks: progress = 0.9333333333333333
2026-07-31_15:40:58.649654 	EXP 	progress_bar_breaks: progress = 0.9333333333333333
2026-07-31_15:40:58.666002 	EXP 	progress_bar_breaks: progress = 0.9333333333333333
2026-07-31_15:40:58.687198 	EXP 	progress_bar_breaks: progress = 0.9333333333333333
2026-07-31_15:40:58.698977 	EXP 	progress_bar_breaks: progress = 0.9333333333333333
2026-07-31_15:40:58.715961 	EXP 	progress_bar_breaks: progress = 0.9333333333333333
2026-07-31_15:40:58.732720 	EXP 	progress_bar_breaks: progress = 0.9333333333333333
2026-07-31_15:40:58.749132 	EXP 	progress_bar_breaks: progress = 1.0
2026-07-31_15:40:58.766156 	EXP 	progress_bar_breaks: progress = 1.0
2026-07-31_15:40:58.782168 	EXP 	progress_bar_breaks: progress = 1.0
2026-07-31_15:40:58.803342 	EXP 	progress_bar_breaks: progress = 1.0
2026-07-31_15:40:58.815187 	EXP 	progress_bar_breaks: progress = 1.0
2026-07-31_15:40:58.832397 	EXP 	progress_bar_breaks: progress = 1.0
2026-07-31_15:40:58.849354 	EXP 	progress_bar_breaks: progress = 1.0
2026-07-31_15:40:58.866124 	EXP 	progress_bar_breaks: progress = 1.0
2026-07-31_15:40:58.882308 	EXP 	progress_bar_breaks: progress = 1.0
2026-07-31_15:40:58.899287 	EXP 	progress_bar_breaks: progress = 1.0
2026-07-31_15:40:58.919821 	EXP 	progress_bar_breaks: progress = 1.0
2026-07-31_15:40:58.932863 	EXP 	progress_bar_breaks: progress = 1.0
2026-07-31_15:40:58.948801 	EXP 	progress_bar_breaks: progress = 1.0
2026-07-31_15:40:58.965390 	EXP 	progress_bar_breaks: progress = 1.0
2026-07-31_15:40:58.982171 	EXP 	progress_bar_breaks: progress = 1.0
2026-07-31_15:40:58.999038 	EXP 	progress_bar_breaks: progress = 1.0
2026-07-31_15:40:59.019813 	EXP 	progress_bar_breaks: progress = 1.0
2026-07-31_15:40:59.032065 	EXP 	progress_bar_breaks: progress = 1.0
2026-07-31_15:40:59.049174 	EXP 	progress_bar_breaks: progress = 1.0
2026-07-31_15:40:59.065989 	EXP 	progress_bar_breaks: progress = 1.0
2026-07-31_15:40:59.082524 	EXP 	progress_bar_breaks: progress = 1.0
2026-07-31_15:40:59.098634 	EXP 	progress_bar_breaks: progress = 1.0
2026-07-31_15:40:59.115542 	EXP 	progress_bar_breaks: progress = 1.0
2026-07-31_15:40:59.136599 	EXP 	progress_bar_breaks: progress = 1.0
2026-07-31_15:40:59.148678 	EXP 	progress_bar_breaks: progress = 1.0
2026-07-31_15:40:59.166011 	EXP 	progress_bar_breaks: progress = 1.0
2026-07-31_15:40:59.182631 	EXP 	progress_bar_breaks: progress = 1.0
2026-07-31_15:40:59.199237 	EXP 	progress_bar_breaks: progress = 1.0
2026-07-31_15:40:59.216011 	EXP 	progress_bar_breaks: progress = 1.0
2026-07-31_15:40:59.236533 	EXP 	progress_bar_breaks: progress = 1.0
2026-07-31_15:40:59.249068 	EXP 	progress_bar_breaks: progress = 1.0
2026-07-31_15:40:59.265924 	EXP 	progress_bar_breaks: progress = 1.0
2026-07-31_15:40:59.282045 	EXP 	progress_bar_breaks: progress = 1.0
2026-07-31_15:40:59.298521 	EXP 	progress_bar_breaks: progress = 1.0
2026-07-31_15:40:59.315940 	EXP 	progress_bar_breaks: progress = 1.0
2026-07-31_15:40:59.332863 	EXP 	progress_bar_breaks: progress = 1.0
2026-07-31_15:40:59.353342 	EXP 	progress_bar_breaks: progress = 1.0
2026-07-31_15:40:59.365026 	EXP 	progress_bar_breaks: progress = 1.0
2026-07-31_15:40:59.382522 	EXP 	progress_bar_breaks: progress = 1.0
2026-07-31_15:40:59.399180 	EXP 	progress_bar_breaks: progress = 1.0
2026-07-31_15:40:59.415871 	EXP 	progress_bar_breaks: progress = 1.0
2026-07-31_15:40:59.433012 	EXP 	progress_bar_breaks: progress = 1.0
2026-07-31_15:40:59.453066 	EXP 	progress_bar_breaks: progress = 1.0
2026-07-31_15:40:59.464928 	EXP 	progress_bar_breaks: progress = 1.0
2026-07-31_15:40:59.482100 	EXP 	progress_bar_breaks: progress = 1.0
2026-07-31_15:40:59.499162 	EXP 	progress_bar_breaks: progress = 1.0
2026-07-31_15:40:59.516019 	EXP 	progress_bar_breaks: progress = 1.0
2026-07-31_15:40:59.532220 	EXP 	progress_bar_breaks: progress = 1.0
2026-07-31_15:40:59.548956 	EXP 	progress_bar_breaks: progress = 1.0
2026-07-31_15:40:59.569812 	EXP 	progress_bar_breaks: progress = 1.0
2026-07-31_15:40:59.581951 	EXP 	progress_bar_breaks: progress = 1.0
2026-07-31_15:40:59.598721 	EXP 	progress_bar_breaks: progress = 1.0
2026-07-31_15:40:59.615184 	EXP 	progress_bar_breaks: progress = 1.0
2026-07-31_15:40:59.632161 	EXP 	progress_bar_breaks: progress = 1.0
2026-07-31_15:40:59.648913 	EXP 	progress_bar_breaks: progress = 1.0
2026-07-31_15:40:59.670121 	EXP 	progress_bar_breaks: progress = 1.0
2026-07-31_15:40:59.681466 	EXP 	progress_bar_breaks: progress = 1.0
2026-07-31_15:40:59.698297 	EXP 	progress_bar_breaks: progress = 1.0
2026-07-31_15:40:59.716023 	EXP 	progress_bar_breaks: progress = 1.0
2026-07-31_15:40:59.733324 	INFO 	Keyboard events cleared
2026-07-31_15:40:59.733122 	EXP 	progress_bar_breaks: progress = 1.0
2026-07-31_15:40:59.733122 	EXP 	instruction_continuebreak: autoDraw = True
2026-07-31_15:40:59.748872 	EXP 	progress_bar_breaks: progress = 1.0
2026-07-31_15:40:59.765910 	EXP 	breaks_instruction: autoDraw = False
2026-07-31_15:40:59.765910 	EXP 	progress_bar_breaks: progress = 1.0
2026-07-31_15:40:59.765910 	EXP 	progress_bar_breaks: autoDraw = False
2026-07-31_15:40:59.786554 	EXP 	progress_bar_breaks: progress = 1.0
2026-07-31_15:40:59.798454 	EXP 	progress_bar_breaks: progress = 1.0
2026-07-31_15:40:59.815934 	EXP 	progress_bar_breaks: progress = 1.0
2026-07-31_15:40:59.832085 	EXP 	progress_bar_breaks: progress = 1.0
2026-07-31_15:40:59.848929 	EXP 	progress_bar_breaks: progress = 1.0
2026-07-31_15:40:59.866198 	EXP 	progress_bar_breaks: progress = 1.0
2026-07-31_15:40:59.882562 	EXP 	progress_bar_breaks: progress = 1.0
2026-07-31_15:40:59.903326 	EXP 	progress_bar_breaks: progress = 1.0
2026-07-31_15:40:59.915400 	EXP 	progress_bar_breaks: progress = 1.0
2026-07-31_15:40:59.932080 	EXP 	progress_bar_breaks: progress = 1.0
2026-07-31_15:40:59.948977 	EXP 	progress_bar_breaks: progress = 1.0
2026-07-31_15:40:59.966059 	EXP 	progress_bar_breaks: progress = 1.0
2026-07-31_15:40:59.982374 	EXP 	progress_bar_breaks: progress = 1.0
2026-07-31_15:41:00.002827 	EXP 	progress_bar_breaks: progress = 1.0
2026-07-31_15:41:00.016529 	EXP 	progress_bar_breaks: progress = 1.0
2026-07-31_15:41:00.031634 	EXP 	progress_bar_breaks: progress = 1.0
2026-07-31_15:41:00.048751 	EXP 	progress_bar_breaks: progress = 1.0
2026-07-31_15:41:00.065120 	EXP 	progress_bar_breaks: progress = 1.0
2026-07-31_15:41:00.082023 	EXP 	progress_bar_breaks: progress = 1.0
2026-07-31_15:41:00.099091 	EXP 	progress_bar_breaks: progress = 1.0
2026-07-31_15:41:00.120251 	EXP 	progress_bar_breaks: progress = 1.0
2026-07-31_15:41:00.132012 	EXP 	progress_bar_breaks: progress = 1.0
2026-07-31_15:41:00.148773 	EXP 	progress_bar_breaks: progress = 1.0
2026-07-31_15:41:00.165706 	EXP 	progress_bar_breaks: progress = 1.0
2026-07-31_15:41:00.181967 	EXP 	progress_bar_breaks: progress = 1.0
2026-07-31_15:41:00.199461 	EXP 	progress_bar_breaks: progress = 1.0
2026-07-31_15:41:00.215584 	EXP 	progress_bar_breaks: progress = 1.0
2026-07-31_15:41:00.236402 	EXP 	progress_bar_breaks: progress = 1.0
2026-07-31_15:41:00.248739 	EXP 	progress_bar_breaks: progress = 1.0
2026-07-31_15:41:00.265569 	EXP 	progress_bar_breaks: progress = 1.0
2026-07-31_15:41:00.282416 	EXP 	progress_bar_breaks: progress = 1.0
2026-07-31_15:41:00.298334 	EXP 	progress_bar_breaks: progress = 1.0
2026-07-31_15:41:00.315418 	EXP 	progress_bar_breaks: progress = 1.0
2026-07-31_15:41:00.336171 	EXP 	progress_bar_breaks: progress = 1.0
2026-07-31_15:41:00.348982 	EXP 	progress_bar_breaks: progress = 1.0
2026-07-31_15:41:00.365379 	EXP 	progress_bar_breaks: progress = 1.0
2026-07-31_15:41:00.382323 	EXP 	progress_bar_breaks: progress = 1.0
2026-07-31_15:41:00.399299 	EXP 	progress_bar_breaks: progress = 1.0
2026-07-31_15:41:00.415834 	EXP 	progress_bar_breaks: progress = 1.0
2026-07-31_15:41:00.436111 	EXP 	progress_bar_breaks: progress = 1.0
2026-07-31_15:41:00.448725 	EXP 	progress_bar_breaks: progress = 1.0
2026-07-31_15:41:00.465382 	EXP 	progress_bar_breaks: progress = 1.0
2026-07-31_15:41:00.482069 	EXP 	progress_bar_breaks: progress = 1.0
2026-07-31_15:41:00.498282 	EXP 	progress_bar_breaks: progress = 1.0
2026-07-31_15:41:00.515194 	EXP 	progress_bar_breaks: progress = 1.0
2026-07-31_15:41:00.532089 	EXP 	progress_bar_breaks: progress = 1.0
2026-07-31_15:41:00.552382 	EXP 	progress_bar_breaks: progress = 1.0
2026-07-31_15:41:00.565089 	EXP 	progress_bar_breaks: progress = 1.0
2026-07-31_15:41:00.581863 	EXP 	progress_bar_breaks: progress = 1.0
2026-07-31_15:41:00.598176 	EXP 	progress_bar_breaks: progress = 1.0
2026-07-31_15:41:00.615335 	EXP 	progress_bar_breaks: progress = 1.0
2026-07-31_15:41:00.632483 	EXP 	progress_bar_breaks: progress = 1.0
2026-07-31_15:41:00.648758 	EXP 	progress_bar_breaks: progress = 1.0
2026-07-31_15:41:00.669494 	EXP 	progress_bar_breaks: progress = 1.0
2026-07-31_15:41:00.681558 	EXP 	progress_bar_breaks: progress = 1.0
2026-07-31_15:41:00.698765 	EXP 	progress_bar_breaks: progress = 1.0
2026-07-31_15:41:00.716491 	EXP 	progress_bar_breaks: progress = 1.0
2026-07-31_15:41:00.732107 	EXP 	progress_bar_breaks: progress = 1.0
2026-07-31_15:41:00.748927 	EXP 	progress_bar_breaks: progress = 1.0666666666666667
2026-07-31_15:41:00.768408 	EXP 	progress_bar_breaks: progress = 1.0666666666666667
2026-07-31_15:41:00.782025 	EXP 	progress_bar_breaks: progress = 1.0666666666666667
2026-07-31_15:41:00.798906 	EXP 	progress_bar_breaks: progress = 1.0666666666666667
2026-07-31_15:41:00.815582 	EXP 	progress_bar_breaks: progress = 1.0666666666666667
2026-07-31_15:41:00.832211 	EXP 	progress_bar_breaks: progress = 1.0666666666666667
2026-07-31_15:41:00.849434 	EXP 	progress_bar_breaks: progress = 1.0666666666666667
2026-07-31_15:41:00.865303 	EXP 	progress_bar_breaks: progress = 1.0666666666666667
2026-07-31_15:41:00.884806 	EXP 	progress_bar_breaks: progress = 1.0666666666666667
2026-07-31_15:41:00.898671 	EXP 	progress_bar_breaks: progress = 1.0666666666666667
2026-07-31_15:41:00.915401 	EXP 	progress_bar_breaks: progress = 1.0666666666666667
2026-07-31_15:41:00.931407 	EXP 	progress_bar_breaks: progress = 1.0666666666666667
2026-07-31_15:41:00.948780 	EXP 	progress_bar_breaks: progress = 1.0666666666666667
2026-07-31_15:41:00.965482 	EXP 	progress_bar_breaks: progress = 1.0666666666666667
2026-07-31_15:41:00.986243 	EXP 	progress_bar_breaks: progress = 1.0666666666666667
2026-07-31_15:41:00.998460 	EXP 	progress_bar_breaks: progress = 1.0666666666666667
2026-07-31_15:41:01.015510 	EXP 	progress_bar_breaks: progress = 1.0666666666666667
2026-07-31_15:41:01.032383 	EXP 	progress_bar_breaks: progress = 1.0666666666666667
2026-07-31_15:41:01.048677 	EXP 	progress_bar_breaks: progress = 1.0666666666666667
2026-07-31_15:41:01.065692 	EXP 	progress_bar_breaks: progress = 1.0666666666666667
2026-07-31_15:41:01.082262 	EXP 	progress_bar_breaks: progress = 1.0666666666666667
2026-07-31_15:41:01.102497 	EXP 	progress_bar_breaks: progress = 1.0666666666666667
2026-07-31_15:41:01.115056 	EXP 	progress_bar_breaks: progress = 1.0666666666666667
2026-07-31_15:41:01.131655 	EXP 	progress_bar_breaks: progress = 1.0666666666666667
2026-07-31_15:41:01.148920 	EXP 	progress_bar_breaks: progress = 1.0666666666666667
2026-07-31_15:41:01.165348 	EXP 	progress_bar_breaks: progress = 1.0666666666666667
2026-07-31_15:41:01.182312 	EXP 	progress_bar_breaks: progress = 1.0666666666666667
2026-07-31_15:41:01.198973 	EXP 	progress_bar_breaks: progress = 1.0666666666666667
2026-07-31_15:41:01.219241 	EXP 	progress_bar_breaks: progress = 1.0666666666666667
2026-07-31_15:41:01.231392 	EXP 	progress_bar_breaks: progress = 1.0666666666666667
2026-07-31_15:41:01.247979 	EXP 	progress_bar_breaks: progress = 1.0666666666666667
2026-07-31_15:41:01.265231 	EXP 	progress_bar_breaks: progress = 1.0666666666666667
2026-07-31_15:41:01.281944 	EXP 	progress_bar_breaks: progress = 1.0666666666666667
2026-07-31_15:41:01.298643 	EXP 	progress_bar_breaks: progress = 1.0666666666666667
2026-07-31_15:41:01.315449 	EXP 	progress_bar_breaks: progress = 1.0666666666666667
2026-07-31_15:41:01.336233 	EXP 	progress_bar_breaks: progress = 1.0666666666666667
2026-07-31_15:41:01.348238 	EXP 	progress_bar_breaks: progress = 1.0666666666666667
2026-07-31_15:41:01.365092 	EXP 	progress_bar_breaks: progress = 1.0666666666666667
2026-07-31_15:41:01.382034 	EXP 	progress_bar_breaks: progress = 1.0666666666666667
2026-07-31_15:41:01.398578 	EXP 	progress_bar_breaks: progress = 1.0666666666666667
2026-07-31_15:41:01.414853 	EXP 	progress_bar_breaks: progress = 1.0666666666666667
2026-07-31_15:41:01.436005 	EXP 	progress_bar_breaks: progress = 1.0666666666666667
2026-07-31_15:41:01.448277 	EXP 	progress_bar_breaks: progress = 1.0666666666666667
2026-07-31_15:41:01.465377 	EXP 	progress_bar_breaks: progress = 1.0666666666666667
2026-07-31_15:41:01.482055 	EXP 	progress_bar_breaks: progress = 1.0666666666666667
2026-07-31_15:41:01.498433 	EXP 	progress_bar_breaks: progress = 1.0666666666666667
2026-07-31_15:41:01.515375 	EXP 	progress_bar_breaks: progress = 1.0666666666666667
2026-07-31_15:41:01.531997 	EXP 	progress_bar_breaks: progress = 1.0666666666666667
2026-07-31_15:41:01.552459 	EXP 	progress_bar_breaks: progress = 1.0666666666666667
2026-07-31_15:41:01.565562 	EXP 	progress_bar_breaks: progress = 1.0666666666666667
2026-07-31_15:41:01.582028 	EXP 	progress_bar_breaks: progress = 1.0666666666666667
2026-07-31_15:41:01.598405 	EXP 	progress_bar_breaks: progress = 1.0666666666666667
2026-07-31_15:41:01.614609 	EXP 	progress_bar_breaks: progress = 1.0666666666666667
2026-07-31_15:41:01.631366 	EXP 	progress_bar_breaks: progress = 1.0666666666666667
2026-07-31_15:41:01.648507 	EXP 	progress_bar_breaks: progress = 1.0666666666666667
2026-07-31_15:41:01.669292 	EXP 	progress_bar_breaks: progress = 1.0666666666666667
2026-07-31_15:41:01.681419 	EXP 	progress_bar_breaks: progress = 1.0666666666666667
2026-07-31_15:41:01.698250 	EXP 	progress_bar_breaks: progress = 1.0666666666666667
2026-07-31_15:41:01.715236 	EXP 	progress_bar_breaks: progress = 1.0666666666666667
2026-07-31_15:41:01.731878 	EXP 	progress_bar_breaks: progress = 1.0666666666666667
2026-07-31_15:41:01.748587 	EXP 	progress_bar_breaks: progress = 1.1333333333333333
2026-07-31_15:41:01.769359 	EXP 	progress_bar_breaks: progress = 1.1333333333333333
2026-07-31_15:41:01.781485 	EXP 	progress_bar_breaks: progress = 1.1333333333333333
2026-07-31_15:41:01.798517 	EXP 	progress_bar_breaks: progress = 1.1333333333333333
2026-07-31_15:41:01.814894 	EXP 	progress_bar_breaks: progress = 1.1333333333333333
2026-07-31_15:41:01.831755 	EXP 	progress_bar_breaks: progress = 1.1333333333333333
2026-07-31_15:41:01.848088 	EXP 	progress_bar_breaks: progress = 1.1333333333333333
2026-07-31_15:41:01.865025 	EXP 	progress_bar_breaks: progress = 1.1333333333333333
2026-07-31_15:41:01.886081 	EXP 	progress_bar_breaks: progress = 1.1333333333333333
2026-07-31_15:41:01.898041 	EXP 	progress_bar_breaks: progress = 1.1333333333333333
2026-07-31_15:41:01.914721 	EXP 	progress_bar_breaks: progress = 1.1333333333333333
2026-07-31_15:41:01.931311 	EXP 	progress_bar_breaks: progress = 1.1333333333333333
2026-07-31_15:41:01.947894 	EXP 	progress_bar_breaks: progress = 1.1333333333333333
2026-07-31_15:41:01.965058 	EXP 	progress_bar_breaks: progress = 1.1333333333333333
2026-07-31_15:41:01.984962 	EXP 	progress_bar_breaks: progress = 1.1333333333333333
2026-07-31_15:41:01.997771 	EXP 	progress_bar_breaks: progress = 1.1333333333333333
2026-07-31_15:41:02.014742 	EXP 	progress_bar_breaks: progress = 1.1333333333333333
2026-07-31_15:41:02.031697 	EXP 	progress_bar_breaks: progress = 1.1333333333333333
2026-07-31_15:41:02.048385 	EXP 	progress_bar_breaks: progress = 1.1333333333333333
2026-07-31_15:41:02.065411 	EXP 	progress_bar_breaks: progress = 1.1333333333333333
2026-07-31_15:41:02.081977 	EXP 	progress_bar_breaks: progress = 1.1333333333333333
2026-07-31_15:41:02.102466 	EXP 	progress_bar_breaks: progress = 1.1333333333333333
2026-07-31_15:41:02.114315 	EXP 	progress_bar_breaks: progress = 1.1333333333333333
2026-07-31_15:41:02.131873 	EXP 	progress_bar_breaks: progress = 1.1333333333333333
2026-07-31_15:41:02.148439 	EXP 	progress_bar_breaks: progress = 1.1333333333333333
2026-07-31_15:41:02.164894 	EXP 	progress_bar_breaks: progress = 1.1333333333333333
2026-07-31_15:41:02.181926 	EXP 	progress_bar_breaks: progress = 1.1333333333333333
2026-07-31_15:41:02.202079 	EXP 	progress_bar_breaks: progress = 1.1333333333333333
2026-07-31_15:41:02.214975 	EXP 	progress_bar_breaks: progress = 1.1333333333333333
2026-07-31_15:41:02.231910 	EXP 	progress_bar_breaks: progress = 1.1333333333333333
2026-07-31_15:41:02.248682 	EXP 	progress_bar_breaks: progress = 1.1333333333333333
2026-07-31_15:41:02.265543 	EXP 	progress_bar_breaks: progress = 1.1333333333333333
2026-07-31_15:41:02.282128 	EXP 	progress_bar_breaks: progress = 1.1333333333333333
2026-07-31_15:41:02.298123 	EXP 	progress_bar_breaks: progress = 1.1333333333333333
2026-07-31_15:41:02.319959 	EXP 	progress_bar_breaks: progress = 1.1333333333333333
2026-07-31_15:41:02.331210 	EXP 	progress_bar_breaks: progress = 1.1333333333333333
2026-07-31_15:41:02.348711 	EXP 	progress_bar_breaks: progress = 1.1333333333333333
2026-07-31_15:41:02.363916 	EXP 	progress_bar_breaks: progress = 1.1333333333333333
2026-07-31_15:41:02.381733 	EXP 	progress_bar_breaks: progress = 1.1333333333333333
2026-07-31_15:41:02.398071 	EXP 	progress_bar_breaks: progress = 1.1333333333333333
2026-07-31_15:41:02.419234 	EXP 	progress_bar_breaks: progress = 1.1333333333333333
2026-07-31_15:41:02.430979 	EXP 	progress_bar_breaks: progress = 1.1333333333333333
2026-07-31_15:41:02.448361 	EXP 	progress_bar_breaks: progress = 1.1333333333333333
2026-07-31_15:41:02.464525 	EXP 	progress_bar_breaks: progress = 1.1333333333333333
2026-07-31_15:41:02.481252 	EXP 	progress_bar_breaks: progress = 1.1333333333333333
2026-07-31_15:41:02.498266 	EXP 	progress_bar_breaks: progress = 1.1333333333333333
2026-07-31_15:41:02.515196 	EXP 	progress_bar_breaks: progress = 1.1333333333333333
2026-07-31_15:41:02.535822 	EXP 	progress_bar_breaks: progress = 1.1333333333333333
2026-07-31_15:41:02.547923 	EXP 	progress_bar_breaks: progress = 1.1333333333333333
2026-07-31_15:41:02.565466 	EXP 	progress_bar_breaks: progress = 1.1333333333333333
2026-07-31_15:41:02.580671 	EXP 	progress_bar_breaks: progress = 1.1333333333333333
2026-07-31_15:41:02.597850 	EXP 	progress_bar_breaks: progress = 1.1333333333333333
2026-07-31_15:41:02.614872 	EXP 	progress_bar_breaks: progress = 1.1333333333333333
2026-07-31_15:41:02.630792 	EXP 	progress_bar_breaks: progress = 1.1333333333333333
2026-07-31_15:41:02.652459 	EXP 	progress_bar_breaks: progress = 1.1333333333333333
2026-07-31_15:41:02.664715 	EXP 	progress_bar_breaks: progress = 1.1333333333333333
2026-07-31_15:41:02.681520 	EXP 	progress_bar_breaks: progress = 1.1333333333333333
2026-07-31_15:41:02.698508 	EXP 	progress_bar_breaks: progress = 1.1333333333333333
2026-07-31_15:41:02.714700 	EXP 	progress_bar_breaks: progress = 1.1333333333333333
2026-07-31_15:41:02.730689 	EXP 	progress_bar_breaks: progress = 1.1333333333333333
2026-07-31_15:41:02.751642 	EXP 	progress_bar_breaks: progress = 1.2
2026-07-31_15:41:02.764225 	EXP 	progress_bar_breaks: progress = 1.2
2026-07-31_15:41:02.780610 	EXP 	progress_bar_breaks: progress = 1.2
2026-07-31_15:41:02.797545 	EXP 	progress_bar_breaks: progress = 1.2
2026-07-31_15:41:02.814364 	EXP 	progress_bar_breaks: progress = 1.2
2026-07-31_15:41:02.830655 	EXP 	progress_bar_breaks: progress = 1.2
2026-07-31_15:41:02.847692 	EXP 	progress_bar_breaks: progress = 1.2
2026-07-31_15:41:02.868277 	EXP 	progress_bar_breaks: progress = 1.2
2026-07-31_15:41:02.881245 	EXP 	progress_bar_breaks: progress = 1.2
2026-07-31_15:41:02.898190 	EXP 	progress_bar_breaks: progress = 1.2
2026-07-31_15:41:02.914838 	EXP 	progress_bar_breaks: progress = 1.2
2026-07-31_15:41:02.931504 	EXP 	progress_bar_breaks: progress = 1.2
2026-07-31_15:41:02.948213 	EXP 	progress_bar_breaks: progress = 1.2
2026-07-31_15:41:02.968344 	EXP 	progress_bar_breaks: progress = 1.2
2026-07-31_15:41:02.981107 	EXP 	progress_bar_breaks: progress = 1.2
2026-07-31_15:41:02.997987 	EXP 	progress_bar_breaks: progress = 1.2
2026-07-31_15:41:03.014798 	EXP 	progress_bar_breaks: progress = 1.2
2026-07-31_15:41:03.031058 	EXP 	progress_bar_breaks: progress = 1.2
2026-07-31_15:41:03.047897 	EXP 	progress_bar_breaks: progress = 1.2
2026-07-31_15:41:03.064899 	EXP 	progress_bar_breaks: progress = 1.2
2026-07-31_15:41:03.085320 	EXP 	progress_bar_breaks: progress = 1.2
2026-07-31_15:41:03.097402 	EXP 	progress_bar_breaks: progress = 1.2
2026-07-31_15:41:03.114176 	EXP 	progress_bar_breaks: progress = 1.2
2026-07-31_15:41:03.130898 	EXP 	progress_bar_breaks: progress = 1.2
2026-07-31_15:41:03.147251 	EXP 	progress_bar_breaks: progress = 1.2
2026-07-31_15:41:03.164106 	EXP 	progress_bar_breaks: progress = 1.2
2026-07-31_15:41:03.330856 	EXP 	progress_bar_breaks: progress = 1.2
2026-07-31_15:41:03.347363 	EXP 	progress_bar_breaks: progress = 1.2
2026-07-31_15:41:03.364735 	EXP 	progress_bar_breaks: progress = 1.2
2026-07-31_15:41:03.380969 	EXP 	progress_bar_breaks: progress = 1.2
2026-07-31_15:41:03.398792 	EXP 	progress_bar_breaks: progress = 1.2
2026-07-31_15:41:03.421290 	EXP 	progress_bar_breaks: progress = 1.2
2026-07-31_15:41:03.431071 	EXP 	progress_bar_breaks: progress = 1.2
2026-07-31_15:41:03.448386 	EXP 	progress_bar_breaks: progress = 1.2
2026-07-31_15:41:03.464772 	EXP 	progress_bar_breaks: progress = 1.2
2026-07-31_15:41:03.480894 	EXP 	progress_bar_breaks: progress = 1.2
2026-07-31_15:41:03.498219 	EXP 	progress_bar_breaks: progress = 1.2
2026-07-31_15:41:03.519258 	EXP 	progress_bar_breaks: progress = 1.2
2026-07-31_15:41:03.530686 	EXP 	progress_bar_breaks: progress = 1.2
2026-07-31_15:41:03.548431 	EXP 	progress_bar_breaks: progress = 1.2
2026-07-31_15:41:03.565353 	EXP 	progress_bar_breaks: progress = 1.2
2026-07-31_15:41:03.580593 	EXP 	progress_bar_breaks: progress = 1.2
2026-07-31_15:41:03.597923 	EXP 	progress_bar_breaks: progress = 1.2
2026-07-31_15:41:03.614021 	EXP 	progress_bar_breaks: progress = 1.2
2026-07-31_15:41:03.635133 	EXP 	progress_bar_breaks: progress = 1.2
2026-07-31_15:41:03.647448 	EXP 	progress_bar_breaks: progress = 1.2
2026-07-31_15:41:03.665092 	EXP 	progress_bar_breaks: progress = 1.2
2026-07-31_15:41:03.680574 	EXP 	progress_bar_breaks: progress = 1.2
2026-07-31_15:41:03.698092 	EXP 	progress_bar_breaks: progress = 1.2
2026-07-31_15:41:03.714621 	EXP 	progress_bar_breaks: progress = 1.2
2026-07-31_15:41:03.735551 	EXP 	progress_bar_breaks: progress = 1.2
2026-07-31_15:41:03.747401 	EXP 	progress_bar_breaks: progress = 1.2666666666666666
2026-07-31_15:41:03.764560 	EXP 	progress_bar_breaks: progress = 1.2666666666666666
2026-07-31_15:41:03.780918 	EXP 	progress_bar_breaks: progress = 1.2666666666666666
2026-07-31_15:41:03.797371 	EXP 	progress_bar_breaks: progress = 1.2666666666666666
2026-07-31_15:41:03.814427 	EXP 	progress_bar_breaks: progress = 1.2666666666666666
2026-07-31_15:41:03.831497 	EXP 	progress_bar_breaks: progress = 1.2666666666666666
2026-07-31_15:41:03.852018 	EXP 	progress_bar_breaks: progress = 1.2666666666666666
2026-07-31_15:41:03.863989 	EXP 	progress_bar_breaks: progress = 1.2666666666666666
2026-07-31_15:41:03.880604 	EXP 	progress_bar_breaks: progress = 1.2666666666666666
2026-07-31_15:41:03.897855 	EXP 	progress_bar_breaks: progress = 1.2666666666666666
2026-07-31_15:41:03.914294 	EXP 	progress_bar_breaks: progress = 1.2666666666666666
2026-07-31_15:41:03.930306 	EXP 	progress_bar_breaks: progress = 1.2666666666666666
2026-07-31_15:41:03.951854 	EXP 	progress_bar_breaks: progress = 1.2666666666666666
2026-07-31_15:41:03.964387 	EXP 	progress_bar_breaks: progress = 1.2666666666666666
2026-07-31_15:41:03.980574 	EXP 	progress_bar_breaks: progress = 1.2666666666666666
2026-07-31_15:41:03.997907 	EXP 	progress_bar_breaks: progress = 1.2666666666666666
2026-07-31_15:41:04.014178 	EXP 	progress_bar_breaks: progress = 1.2666666666666666
2026-07-31_15:41:04.030870 	EXP 	progress_bar_breaks: progress = 1.2666666666666666
2026-07-31_15:41:04.047728 	EXP 	progress_bar_breaks: progress = 1.2666666666666666
2026-07-31_15:41:04.068730 	EXP 	progress_bar_breaks: progress = 1.2666666666666666
2026-07-31_15:41:04.080121 	EXP 	progress_bar_breaks: progress = 1.2666666666666666
2026-07-31_15:41:04.097329 	EXP 	progress_bar_breaks: progress = 1.2666666666666666
2026-07-31_15:41:04.114512 	EXP 	progress_bar_breaks: progress = 1.2666666666666666
2026-07-31_15:41:04.130494 	EXP 	progress_bar_breaks: progress = 1.2666666666666666
2026-07-31_15:41:04.147054 	EXP 	progress_bar_breaks: progress = 1.2666666666666666
2026-07-31_15:41:04.164852 	EXP 	progress_bar_breaks: progress = 1.2666666666666666
2026-07-31_15:41:04.185328 	EXP 	progress_bar_breaks: progress = 1.2666666666666666
2026-07-31_15:41:04.197292 	EXP 	progress_bar_breaks: progress = 1.2666666666666666
2026-07-31_15:41:04.214616 	EXP 	progress_bar_breaks: progress = 1.2666666666666666
2026-07-31_15:41:04.230018 	EXP 	progress_bar_breaks: progress = 1.2666666666666666
2026-07-31_15:41:04.247636 	EXP 	progress_bar_breaks: progress = 1.2666666666666666
2026-07-31_15:41:04.264030 	EXP 	progress_bar_breaks: progress = 1.2666666666666666
2026-07-31_15:41:04.285593 	EXP 	progress_bar_breaks: progress = 1.2666666666666666
2026-07-31_15:41:04.296818 	EXP 	progress_bar_breaks: progress = 1.2666666666666666
2026-07-31_15:41:04.313998 	EXP 	progress_bar_breaks: progress = 1.2666666666666666
2026-07-31_15:41:04.330894 	EXP 	progress_bar_breaks: progress = 1.2666666666666666
2026-07-31_15:41:04.347780 	EXP 	progress_bar_breaks: progress = 1.2666666666666666
2026-07-31_15:41:04.363761 	EXP 	progress_bar_breaks: progress = 1.2666666666666666
2026-07-31_15:41:04.385375 	EXP 	progress_bar_breaks: progress = 1.2666666666666666
2026-07-31_15:41:04.397153 	EXP 	progress_bar_breaks: progress = 1.2666666666666666
2026-07-31_15:41:04.413903 	EXP 	progress_bar_breaks: progress = 1.2666666666666666
2026-07-31_15:41:04.430382 	EXP 	progress_bar_breaks: progress = 1.2666666666666666
2026-07-31_15:41:04.447455 	EXP 	progress_bar_breaks: progress = 1.2666666666666666
2026-07-31_15:41:04.464228 	EXP 	progress_bar_breaks: progress = 1.2666666666666666
2026-07-31_15:41:04.480454 	EXP 	progress_bar_breaks: progress = 1.2666666666666666
2026-07-31_15:41:04.501966 	EXP 	progress_bar_breaks: progress = 1.2666666666666666
2026-07-31_15:41:04.513861 	EXP 	progress_bar_breaks: progress = 1.2666666666666666
2026-07-31_15:41:04.530637 	EXP 	progress_bar_breaks: progress = 1.2666666666666666
2026-07-31_15:41:04.548285 	EXP 	progress_bar_breaks: progress = 1.2666666666666666
2026-07-31_15:41:04.564486 	EXP 	progress_bar_breaks: progress = 1.2666666666666666
2026-07-31_15:41:04.580713 	EXP 	progress_bar_breaks: progress = 1.2666666666666666
2026-07-31_15:41:04.598374 	EXP 	progress_bar_breaks: progress = 1.2666666666666666
2026-07-31_15:41:04.618107 	EXP 	progress_bar_breaks: progress = 1.2666666666666666
2026-07-31_15:41:04.630794 	EXP 	progress_bar_breaks: progress = 1.2666666666666666
2026-07-31_15:41:04.647581 	EXP 	progress_bar_breaks: progress = 1.2666666666666666
2026-07-31_15:41:04.663933 	EXP 	progress_bar_breaks: progress = 1.2666666666666666
2026-07-31_15:41:04.680616 	EXP 	progress_bar_breaks: progress = 1.2666666666666666
2026-07-31_15:41:04.698183 	EXP 	progress_bar_breaks: progress = 1.2666666666666666
2026-07-31_15:41:04.719800 	EXP 	progress_bar_breaks: progress = 1.2666666666666666
2026-07-31_15:41:04.731154 	EXP 	progress_bar_breaks: progress = 1.2666666666666666
2026-07-31_15:41:04.748215 	EXP 	progress_bar_breaks: progress = 1.3333333333333333
2026-07-31_15:41:04.764338 	EXP 	progress_bar_breaks: progress = 1.3333333333333333
2026-07-31_15:41:04.781151 	EXP 	progress_bar_breaks: progress = 1.3333333333333333
2026-07-31_15:41:04.797638 	EXP 	progress_bar_breaks: progress = 1.3333333333333333
2026-07-31_15:41:04.814598 	EXP 	progress_bar_breaks: progress = 1.3333333333333333
2026-07-31_15:41:04.834749 	EXP 	progress_bar_breaks: progress = 1.3333333333333333
2026-07-31_15:41:04.847682 	EXP 	progress_bar_breaks: progress = 1.3333333333333333
2026-07-31_15:41:04.863682 	EXP 	progress_bar_breaks: progress = 1.3333333333333333
2026-07-31_15:41:04.880781 	EXP 	progress_bar_breaks: progress = 1.3333333333333333
2026-07-31_15:41:04.897292 	EXP 	progress_bar_breaks: progress = 1.3333333333333333
2026-07-31_15:41:04.913524 	EXP 	progress_bar_breaks: progress = 1.3333333333333333
2026-07-31_15:41:04.934865 	EXP 	progress_bar_breaks: progress = 1.3333333333333333
2026-07-31_15:41:04.946891 	EXP 	progress_bar_breaks: progress = 1.3333333333333333
2026-07-31_15:41:04.963879 	EXP 	progress_bar_breaks: progress = 1.3333333333333333
2026-07-31_15:41:04.980097 	EXP 	progress_bar_breaks: progress = 1.3333333333333333
2026-07-31_15:41:04.997668 	EXP 	progress_bar_breaks: progress = 1.3333333333333333
2026-07-31_15:41:05.014670 	EXP 	progress_bar_breaks: progress = 1.3333333333333333
2026-07-31_15:41:05.031064 	EXP 	progress_bar_breaks: progress = 1.3333333333333333
2026-07-31_15:41:05.051703 	EXP 	progress_bar_breaks: progress = 1.3333333333333333
2026-07-31_15:41:05.063947 	EXP 	progress_bar_breaks: progress = 1.3333333333333333
2026-07-31_15:41:05.080542 	EXP 	progress_bar_breaks: progress = 1.3333333333333333
2026-07-31_15:41:05.096980 	EXP 	progress_bar_breaks: progress = 1.3333333333333333
2026-07-31_15:41:05.113721 	EXP 	progress_bar_breaks: progress = 1.3333333333333333
2026-07-31_15:41:05.130812 	EXP 	progress_bar_breaks: progress = 1.3333333333333333
2026-07-31_15:41:05.151723 	EXP 	progress_bar_breaks: progress = 1.3333333333333333
2026-07-31_15:41:05.163310 	EXP 	progress_bar_breaks: progress = 1.3333333333333333
2026-07-31_15:41:05.180380 	EXP 	progress_bar_breaks: progress = 1.3333333333333333
2026-07-31_15:41:05.197700 	EXP 	progress_bar_breaks: progress = 1.3333333333333333
2026-07-31_15:41:05.213697 	EXP 	progress_bar_breaks: progress = 1.3333333333333333
2026-07-31_15:41:05.229972 	EXP 	progress_bar_breaks: progress = 1.3333333333333333
2026-07-31_15:41:05.248641 	EXP 	progress_bar_breaks: progress = 1.3333333333333333
2026-07-31_15:41:05.268277 	EXP 	progress_bar_breaks: progress = 1.3333333333333333
2026-07-31_15:41:05.280380 	EXP 	progress_bar_breaks: progress = 1.3333333333333333
2026-07-31_15:41:05.297224 	EXP 	progress_bar_breaks: progress = 1.3333333333333333
2026-07-31_15:41:05.313730 	EXP 	progress_bar_breaks: progress = 1.3333333333333333
2026-07-31_15:41:05.330560 	EXP 	progress_bar_breaks: progress = 1.3333333333333333
2026-07-31_15:41:05.347883 	EXP 	progress_bar_breaks: progress = 1.3333333333333333
2026-07-31_15:41:05.364743 	EXP 	progress_bar_breaks: progress = 1.3333333333333333
2026-07-31_15:41:05.385426 	EXP 	progress_bar_breaks: progress = 1.3333333333333333
2026-07-31_15:41:05.397207 	EXP 	progress_bar_breaks: progress = 1.3333333333333333
2026-07-31_15:41:05.413486 	EXP 	progress_bar_breaks: progress = 1.3333333333333333
2026-07-31_15:41:05.430408 	EXP 	progress_bar_breaks: progress = 1.3333333333333333
2026-07-31_15:41:05.447441 	EXP 	progress_bar_breaks: progress = 1.3333333333333333
2026-07-31_15:41:05.463336 	EXP 	progress_bar_breaks: progress = 1.3333333333333333
2026-07-31_15:41:05.485150 	EXP 	progress_bar_breaks: progress = 1.3333333333333333
2026-07-31_15:41:05.496945 	EXP 	progress_bar_breaks: progress = 1.3333333333333333
2026-07-31_15:41:05.514059 	EXP 	progress_bar_breaks: progress = 1.3333333333333333
2026-07-31_15:41:05.530401 	EXP 	progress_bar_breaks: progress = 1.3333333333333333
2026-07-31_15:41:05.547354 	EXP 	progress_bar_breaks: progress = 1.3333333333333333
2026-07-31_15:41:05.564348 	EXP 	progress_bar_breaks: progress = 1.3333333333333333
2026-07-31_15:41:05.580532 	EXP 	progress_bar_breaks: progress = 1.3333333333333333
2026-07-31_15:41:05.601188 	EXP 	progress_bar_breaks: progress = 1.3333333333333333
2026-07-31_15:41:05.613247 	EXP 	progress_bar_breaks: progress = 1.3333333333333333
2026-07-31_15:41:05.630475 	EXP 	progress_bar_breaks: progress = 1.3333333333333333
2026-07-31_15:41:05.646760 	EXP 	progress_bar_breaks: progress = 1.3333333333333333
2026-07-31_15:41:05.663370 	EXP 	progress_bar_breaks: progress = 1.3333333333333333
2026-07-31_15:41:05.679859 	EXP 	progress_bar_breaks: progress = 1.3333333333333333
2026-07-31_15:41:05.701801 	EXP 	progress_bar_breaks: progress = 1.3333333333333333
2026-07-31_15:41:05.713736 	EXP 	progress_bar_breaks: progress = 1.3333333333333333
2026-07-31_15:41:05.730132 	EXP 	progress_bar_breaks: progress = 1.3333333333333333
2026-07-31_15:41:05.747412 	EXP 	progress_bar_breaks: progress = 1.4
2026-07-31_15:41:05.763258 	EXP 	progress_bar_breaks: progress = 1.4
2026-07-31_15:41:05.780159 	EXP 	progress_bar_breaks: progress = 1.4
2026-07-31_15:41:05.797024 	EXP 	progress_bar_breaks: progress = 1.4
2026-07-31_15:41:05.818663 	EXP 	progress_bar_breaks: progress = 1.4
2026-07-31_15:41:05.831187 	EXP 	progress_bar_breaks: progress = 1.4
2026-07-31_15:41:05.847209 	EXP 	progress_bar_breaks: progress = 1.4
2026-07-31_15:41:05.864372 	EXP 	progress_bar_breaks: progress = 1.4
2026-07-31_15:41:05.880058 	EXP 	progress_bar_breaks: progress = 1.4
2026-07-31_15:41:05.897426 	EXP 	progress_bar_breaks: progress = 1.4
2026-07-31_15:41:05.914676 	EXP 	progress_bar_breaks: progress = 1.4
2026-07-31_15:41:05.935413 	EXP 	progress_bar_breaks: progress = 1.4
2026-07-31_15:41:05.946575 	EXP 	progress_bar_breaks: progress = 1.4
2026-07-31_15:41:05.963982 	EXP 	progress_bar_breaks: progress = 1.4
2026-07-31_15:41:05.980679 	EXP 	progress_bar_breaks: progress = 1.4
2026-07-31_15:41:05.996990 	EXP 	progress_bar_breaks: progress = 1.4
2026-07-31_15:41:06.014141 	EXP 	progress_bar_breaks: progress = 1.4
2026-07-31_15:41:06.035196 	EXP 	progress_bar_breaks: progress = 1.4
2026-07-31_15:41:06.046920 	EXP 	progress_bar_breaks: progress = 1.4
2026-07-31_15:41:06.063716 	EXP 	progress_bar_breaks: progress = 1.4
2026-07-31_15:41:06.079972 	EXP 	progress_bar_breaks: progress = 1.4
2026-07-31_15:41:06.097313 	EXP 	progress_bar_breaks: progress = 1.4
2026-07-31_15:41:06.114118 	EXP 	progress_bar_breaks: progress = 1.4
2026-07-31_15:41:06.130258 	EXP 	progress_bar_breaks: progress = 1.4
2026-07-31_15:41:06.151323 	EXP 	progress_bar_breaks: progress = 1.4
2026-07-31_15:41:06.163386 	EXP 	progress_bar_breaks: progress = 1.4
2026-07-31_15:41:06.180223 	EXP 	progress_bar_breaks: progress = 1.4
2026-07-31_15:41:06.196686 	EXP 	progress_bar_breaks: progress = 1.4
2026-07-31_15:41:06.213185 	EXP 	progress_bar_breaks: progress = 1.4
2026-07-31_15:41:06.230216 	EXP 	progress_bar_breaks: progress = 1.4
2026-07-31_15:41:06.247455 	EXP 	progress_bar_breaks: progress = 1.4
2026-07-31_15:41:06.267470 	EXP 	progress_bar_breaks: progress = 1.4
2026-07-31_15:41:06.279503 	EXP 	progress_bar_breaks: progress = 1.4
2026-07-31_15:41:06.296865 	EXP 	progress_bar_breaks: progress = 1.4
2026-07-31_15:41:06.313551 	EXP 	progress_bar_breaks: progress = 1.4
2026-07-31_15:41:06.330450 	EXP 	progress_bar_breaks: progress = 1.4
2026-07-31_15:41:06.346967 	EXP 	progress_bar_breaks: progress = 1.4
2026-07-31_15:41:06.363928 	EXP 	progress_bar_breaks: progress = 1.4
2026-07-31_15:41:06.384476 	EXP 	progress_bar_breaks: progress = 1.4
2026-07-31_15:41:06.396522 	EXP 	progress_bar_breaks: progress = 1.4
2026-07-31_15:41:06.414012 	EXP 	progress_bar_breaks: progress = 1.4
2026-07-31_15:41:06.430258 	EXP 	progress_bar_breaks: progress = 1.4
2026-07-31_15:41:06.447243 	EXP 	progress_bar_breaks: progress = 1.4
2026-07-31_15:41:06.463724 	EXP 	progress_bar_breaks: progress = 1.4
2026-07-31_15:41:06.484650 	EXP 	progress_bar_breaks: progress = 1.4
2026-07-31_15:41:06.497048 	EXP 	progress_bar_breaks: progress = 1.4
2026-07-31_15:41:06.513883 	EXP 	progress_bar_breaks: progress = 1.4
2026-07-31_15:41:06.530126 	EXP 	progress_bar_breaks: progress = 1.4
2026-07-31_15:41:06.546713 	EXP 	progress_bar_breaks: progress = 1.4
2026-07-31_15:41:06.563764 	EXP 	progress_bar_breaks: progress = 1.4
2026-07-31_15:41:06.579556 	EXP 	progress_bar_breaks: progress = 1.4
2026-07-31_15:41:06.600485 	EXP 	progress_bar_breaks: progress = 1.4
2026-07-31_15:41:06.613326 	EXP 	progress_bar_breaks: progress = 1.4
2026-07-31_15:41:06.630438 	EXP 	progress_bar_breaks: progress = 1.4
2026-07-31_15:41:06.646165 	EXP 	progress_bar_breaks: progress = 1.4
2026-07-31_15:41:06.663849 	EXP 	progress_bar_breaks: progress = 1.4
2026-07-31_15:41:06.680280 	EXP 	progress_bar_breaks: progress = 1.4
2026-07-31_15:41:06.696866 	EXP 	progress_bar_breaks: progress = 1.4
2026-07-31_15:41:06.717605 	EXP 	progress_bar_breaks: progress = 1.4
2026-07-31_15:41:06.730098 	EXP 	progress_bar_breaks: progress = 1.4
2026-07-31_15:41:06.746309 	EXP 	progress_bar_breaks: progress = 1.4666666666666668
2026-07-31_15:41:06.763546 	EXP 	progress_bar_breaks: progress = 1.4666666666666668
2026-07-31_15:41:06.780448 	EXP 	progress_bar_breaks: progress = 1.4666666666666668
2026-07-31_15:41:06.796928 	EXP 	progress_bar_breaks: progress = 1.4666666666666668
2026-07-31_15:41:06.817557 	EXP 	progress_bar_breaks: progress = 1.4666666666666668
2026-07-31_15:41:06.829678 	EXP 	progress_bar_breaks: progress = 1.4666666666666668
2026-07-31_15:41:06.846309 	EXP 	progress_bar_breaks: progress = 1.4666666666666668
2026-07-31_15:41:06.863371 	EXP 	progress_bar_breaks: progress = 1.4666666666666668
2026-07-31_15:41:06.879624 	EXP 	progress_bar_breaks: progress = 1.4666666666666668
2026-07-31_15:41:06.896924 	EXP 	progress_bar_breaks: progress = 1.4666666666666668
2026-07-31_15:41:06.913273 	EXP 	progress_bar_breaks: progress = 1.4666666666666668
2026-07-31_15:41:06.933959 	EXP 	progress_bar_breaks: progress = 1.4666666666666668
2026-07-31_15:41:06.945873 	EXP 	progress_bar_breaks: progress = 1.4666666666666668
2026-07-31_15:41:06.962802 	EXP 	progress_bar_breaks: progress = 1.4666666666666668
2026-07-31_15:41:06.979723 	EXP 	progress_bar_breaks: progress = 1.4666666666666668
2026-07-31_15:41:06.995877 	EXP 	progress_bar_breaks: progress = 1.4666666666666668
2026-07-31_15:41:07.013206 	EXP 	progress_bar_breaks: progress = 1.4666666666666668
2026-07-31_15:41:07.034706 	EXP 	progress_bar_breaks: progress = 1.4666666666666668
2026-07-31_15:41:07.046984 	EXP 	progress_bar_breaks: progress = 1.4666666666666668
2026-07-31_15:41:07.063650 	EXP 	progress_bar_breaks: progress = 1.4666666666666668
2026-07-31_15:41:07.079892 	EXP 	progress_bar_breaks: progress = 1.4666666666666668
2026-07-31_15:41:07.096686 	EXP 	progress_bar_breaks: progress = 1.4666666666666668
2026-07-31_15:41:07.114230 	EXP 	progress_bar_breaks: progress = 1.4666666666666668
2026-07-31_15:41:07.130241 	EXP 	progress_bar_breaks: progress = 1.4666666666666668
2026-07-31_15:41:07.151218 	EXP 	progress_bar_breaks: progress = 1.4666666666666668
2026-07-31_15:41:07.163427 	EXP 	progress_bar_breaks: progress = 1.4666666666666668
2026-07-31_15:41:07.180506 	EXP 	progress_bar_breaks: progress = 1.4666666666666668
2026-07-31_15:41:07.196459 	EXP 	progress_bar_breaks: progress = 1.4666666666666668
2026-07-31_15:41:07.213778 	EXP 	progress_bar_breaks: progress = 1.4666666666666668
2026-07-31_15:41:07.229898 	EXP 	progress_bar_breaks: progress = 1.4666666666666668
2026-07-31_15:41:07.247121 	EXP 	progress_bar_breaks: progress = 1.4666666666666668
2026-07-31_15:41:07.267679 	EXP 	progress_bar_breaks: progress = 1.4666666666666668
2026-07-31_15:41:07.280144 	EXP 	progress_bar_breaks: progress = 1.4666666666666668
2026-07-31_15:41:07.296299 	EXP 	progress_bar_breaks: progress = 1.4666666666666668
2026-07-31_15:41:07.313507 	EXP 	progress_bar_breaks: progress = 1.4666666666666668
2026-07-31_15:41:07.329918 	EXP 	progress_bar_breaks: progress = 1.4666666666666668
2026-07-31_15:41:07.346345 	EXP 	progress_bar_breaks: progress = 1.4666666666666668
2026-07-31_15:41:07.367598 	EXP 	progress_bar_breaks: progress = 1.4666666666666668
2026-07-31_15:41:07.379440 	EXP 	progress_bar_breaks: progress = 1.4666666666666668
2026-07-31_15:41:07.396873 	EXP 	progress_bar_breaks: progress = 1.4666666666666668
2026-07-31_15:41:07.413158 	EXP 	progress_bar_breaks: progress = 1.4666666666666668
2026-07-31_15:41:07.429432 	EXP 	progress_bar_breaks: progress = 1.4666666666666668
2026-07-31_15:41:07.446746 	EXP 	progress_bar_breaks: progress = 1.4666666666666668
2026-07-31_15:41:07.463083 	EXP 	progress_bar_breaks: progress = 1.4666666666666668
2026-07-31_15:41:07.484170 	EXP 	progress_bar_breaks: progress = 1.4666666666666668
2026-07-31_15:41:07.496381 	EXP 	progress_bar_breaks: progress = 1.4666666666666668
2026-07-31_15:41:07.512989 	EXP 	progress_bar_breaks: progress = 1.4666666666666668
2026-07-31_15:41:07.529677 	EXP 	progress_bar_breaks: progress = 1.4666666666666668
2026-07-31_15:41:07.546403 	EXP 	progress_bar_breaks: progress = 1.4666666666666668
2026-07-31_15:41:07.563198 	EXP 	progress_bar_breaks: progress = 1.4666666666666668
2026-07-31_15:41:07.583860 	EXP 	progress_bar_breaks: progress = 1.4666666666666668
2026-07-31_15:41:07.595760 	EXP 	progress_bar_breaks: progress = 1.4666666666666668
2026-07-31_15:41:07.612836 	EXP 	progress_bar_breaks: progress = 1.4666666666666668
2026-07-31_15:41:07.629888 	EXP 	progress_bar_breaks: progress = 1.4666666666666668
2026-07-31_15:41:07.646796 	EXP 	progress_bar_breaks: progress = 1.4666666666666668
2026-07-31_15:41:07.663712 	EXP 	progress_bar_breaks: progress = 1.4666666666666668
2026-07-31_15:41:07.680122 	EXP 	progress_bar_breaks: progress = 1.4666666666666668
2026-07-31_15:41:07.701044 	EXP 	progress_bar_breaks: progress = 1.4666666666666668
2026-07-31_15:41:07.712924 	EXP 	progress_bar_breaks: progress = 1.4666666666666668
2026-07-31_15:41:07.729896 	EXP 	progress_bar_breaks: progress = 1.4666666666666668
2026-07-31_15:41:07.745849 	EXP 	progress_bar_breaks: progress = 1.5333333333333332
2026-07-31_15:41:07.762801 	EXP 	progress_bar_breaks: progress = 1.5333333333333332
2026-07-31_15:41:07.779773 	EXP 	progress_bar_breaks: progress = 1.5333333333333332
2026-07-31_15:41:07.800648 	EXP 	progress_bar_breaks: progress = 1.5333333333333332
2026-07-31_15:41:07.813074 	EXP 	progress_bar_breaks: progress = 1.5333333333333332
2026-07-31_15:41:07.829397 	EXP 	progress_bar_breaks: progress = 1.5333333333333332
2026-07-31_15:41:07.846567 	EXP 	progress_bar_breaks: progress = 1.5333333333333332
2026-07-31_15:41:07.863188 	EXP 	progress_bar_breaks: progress = 1.5333333333333332
2026-07-31_15:41:07.879496 	EXP 	progress_bar_breaks: progress = 1.5333333333333332
2026-07-31_15:41:07.896681 	EXP 	progress_bar_breaks: progress = 1.5333333333333332
2026-07-31_15:41:07.917933 	EXP 	progress_bar_breaks: progress = 1.5333333333333332
2026-07-31_15:41:07.929072 	EXP 	progress_bar_breaks: progress = 1.5333333333333332
2026-07-31_15:41:07.946440 	EXP 	progress_bar_breaks: progress = 1.5333333333333332
2026-07-31_15:41:07.962488 	EXP 	progress_bar_breaks: progress = 1.5333333333333332
2026-07-31_15:41:07.979389 	EXP 	progress_bar_breaks: progress = 1.5333333333333332
2026-07-31_15:41:07.996068 	EXP 	progress_bar_breaks: progress = 1.5333333333333332
2026-07-31_15:41:08.017050 	EXP 	progress_bar_breaks: progress = 1.5333333333333332
2026-07-31_15:41:08.029273 	EXP 	progress_bar_breaks: progress = 1.5333333333333332
2026-07-31_15:41:08.046733 	EXP 	progress_bar_breaks: progress = 1.5333333333333332
2026-07-31_15:41:08.063196 	EXP 	progress_bar_breaks: progress = 1.5333333333333332
2026-07-31_15:41:08.079914 	EXP 	progress_bar_breaks: progress = 1.5333333333333332
2026-07-31_15:41:08.096592 	EXP 	progress_bar_breaks: progress = 1.5333333333333332
2026-07-31_15:41:08.113229 	EXP 	progress_bar_breaks: progress = 1.5333333333333332
2026-07-31_15:41:08.133930 	EXP 	progress_bar_breaks: progress = 1.5333333333333332
2026-07-31_15:41:08.145987 	EXP 	progress_bar_breaks: progress = 1.5333333333333332
2026-07-31_15:41:08.162996 	EXP 	progress_bar_breaks: progress = 1.5333333333333332
2026-07-31_15:41:08.180051 	EXP 	progress_bar_breaks: progress = 1.5333333333333332
2026-07-31_15:41:08.196581 	EXP 	progress_bar_breaks: progress = 1.5333333333333332
2026-07-31_15:41:08.212509 	EXP 	progress_bar_breaks: progress = 1.5333333333333332
2026-07-31_15:41:08.229391 	EXP 	progress_bar_breaks: progress = 1.5333333333333332
2026-07-31_15:41:08.250447 	EXP 	progress_bar_breaks: progress = 1.5333333333333332
2026-07-31_15:41:08.262672 	EXP 	progress_bar_breaks: progress = 1.5333333333333332
2026-07-31_15:41:08.279905 	EXP 	progress_bar_breaks: progress = 1.5333333333333332
2026-07-31_15:41:08.296502 	EXP 	progress_bar_breaks: progress = 1.5333333333333332
2026-07-31_15:41:08.313053 	EXP 	progress_bar_breaks: progress = 1.5333333333333332
2026-07-31_15:41:08.329614 	EXP 	progress_bar_breaks: progress = 1.5333333333333332
2026-07-31_15:41:08.351862 	EXP 	progress_bar_breaks: progress = 1.5333333333333332
2026-07-31_15:41:08.362976 	EXP 	progress_bar_breaks: progress = 1.5333333333333332
2026-07-31_15:41:08.380147 	EXP 	progress_bar_breaks: progress = 1.5333333333333332
2026-07-31_15:41:08.396616 	EXP 	progress_bar_breaks: progress = 1.5333333333333332
2026-07-31_15:41:08.412601 	EXP 	progress_bar_breaks: progress = 1.5333333333333332
2026-07-31_15:41:08.430615 	EXP 	progress_bar_breaks: progress = 1.5333333333333332
2026-07-31_15:41:08.446164 	EXP 	progress_bar_breaks: progress = 1.5333333333333332
2026-07-31_15:41:08.467770 	EXP 	progress_bar_breaks: progress = 1.5333333333333332
2026-07-31_15:41:08.479079 	EXP 	progress_bar_breaks: progress = 1.5333333333333332
2026-07-31_15:41:08.496248 	EXP 	progress_bar_breaks: progress = 1.5333333333333332
2026-07-31_15:41:08.513868 	EXP 	progress_bar_breaks: progress = 1.5333333333333332
2026-07-31_15:41:08.529516 	EXP 	progress_bar_breaks: progress = 1.5333333333333332
2026-07-31_15:41:08.547088 	EXP 	progress_bar_breaks: progress = 1.5333333333333332
2026-07-31_15:41:08.567749 	EXP 	progress_bar_breaks: progress = 1.5333333333333332
2026-07-31_15:41:08.579175 	EXP 	progress_bar_breaks: progress = 1.5333333333333332
2026-07-31_15:41:08.595834 	EXP 	progress_bar_breaks: progress = 1.5333333333333332
2026-07-31_15:41:08.613175 	EXP 	progress_bar_breaks: progress = 1.5333333333333332
2026-07-31_15:41:08.629684 	EXP 	progress_bar_breaks: progress = 1.5333333333333332
2026-07-31_15:41:08.646426 	EXP 	progress_bar_breaks: progress = 1.5333333333333332
2026-07-31_15:41:08.662953 	EXP 	progress_bar_breaks: progress = 1.5333333333333332
2026-07-31_15:41:08.684217 	EXP 	progress_bar_breaks: progress = 1.5333333333333332
2026-07-31_15:41:08.695448 	EXP 	progress_bar_breaks: progress = 1.5333333333333332
2026-07-31_15:41:08.712211 	EXP 	progress_bar_breaks: progress = 1.5333333333333332
2026-07-31_15:41:08.729375 	EXP 	progress_bar_breaks: progress = 1.5333333333333332
2026-07-31_15:41:08.745966 	EXP 	progress_bar_breaks: progress = 1.6
2026-07-31_15:41:08.762597 	EXP 	progress_bar_breaks: progress = 1.6
2026-07-31_15:41:08.783363 	EXP 	progress_bar_breaks: progress = 1.6
2026-07-31_15:41:08.796297 	EXP 	progress_bar_breaks: progress = 1.6
2026-07-31_15:41:08.812496 	EXP 	progress_bar_breaks: progress = 1.6
2026-07-31_15:41:08.829252 	EXP 	progress_bar_breaks: progress = 1.6
2026-07-31_15:41:08.846000 	EXP 	progress_bar_breaks: progress = 1.6
2026-07-31_15:41:08.862375 	EXP 	progress_bar_breaks: progress = 1.6
2026-07-31_15:41:08.879876 	EXP 	progress_bar_breaks: progress = 1.6
2026-07-31_15:41:08.901678 	EXP 	progress_bar_breaks: progress = 1.6
2026-07-31_15:41:08.913079 	EXP 	progress_bar_breaks: progress = 1.6
2026-07-31_15:41:08.930128 	EXP 	progress_bar_breaks: progress = 1.6
2026-07-31_15:41:08.945725 	EXP 	progress_bar_breaks: progress = 1.6
2026-07-31_15:41:08.963123 	EXP 	progress_bar_breaks: progress = 1.6
2026-07-31_15:41:08.979256 	EXP 	progress_bar_breaks: progress = 1.6
2026-07-31_15:41:08.996048 	EXP 	progress_bar_breaks: progress = 1.6
2026-07-31_15:41:09.017203 	EXP 	progress_bar_breaks: progress = 1.6
2026-07-31_15:41:09.029171 	EXP 	progress_bar_breaks: progress = 1.6
2026-07-31_15:41:09.045972 	EXP 	progress_bar_breaks: progress = 1.6
2026-07-31_15:41:09.063004 	EXP 	progress_bar_breaks: progress = 1.6
2026-07-31_15:41:09.078940 	EXP 	progress_bar_breaks: progress = 1.6
2026-07-31_15:41:09.096554 	EXP 	progress_bar_breaks: progress = 1.6
2026-07-31_15:41:09.116907 	EXP 	progress_bar_breaks: progress = 1.6
2026-07-31_15:41:09.128984 	EXP 	progress_bar_breaks: progress = 1.6
2026-07-31_15:41:09.146333 	EXP 	progress_bar_breaks: progress = 1.6
2026-07-31_15:41:09.163057 	EXP 	progress_bar_breaks: progress = 1.6
2026-07-31_15:41:09.178581 	EXP 	progress_bar_breaks: progress = 1.6
2026-07-31_15:41:09.196231 	EXP 	progress_bar_breaks: progress = 1.6
2026-07-31_15:41:09.217161 	EXP 	progress_bar_breaks: progress = 1.6
2026-07-31_15:41:09.229146 	EXP 	progress_bar_breaks: progress = 1.6
2026-07-31_15:41:09.245589 	EXP 	progress_bar_breaks: progress = 1.6
2026-07-31_15:41:09.263072 	EXP 	progress_bar_breaks: progress = 1.6
2026-07-31_15:41:09.279619 	EXP 	progress_bar_breaks: progress = 1.6
2026-07-31_15:41:09.295623 	EXP 	progress_bar_breaks: progress = 1.6
2026-07-31_15:41:09.313165 	EXP 	progress_bar_breaks: progress = 1.6
2026-07-31_15:41:09.334412 	EXP 	progress_bar_breaks: progress = 1.6
2026-07-31_15:41:09.346261 	EXP 	progress_bar_breaks: progress = 1.6
2026-07-31_15:41:09.362625 	EXP 	progress_bar_breaks: progress = 1.6
2026-07-31_15:41:09.379316 	EXP 	progress_bar_breaks: progress = 1.6
2026-07-31_15:41:09.396697 	EXP 	progress_bar_breaks: progress = 1.6
2026-07-31_15:41:09.413883 	EXP 	progress_bar_breaks: progress = 1.6
2026-07-31_15:41:09.429952 	EXP 	progress_bar_breaks: progress = 1.6
2026-07-31_15:41:09.447283 	EXP 	progress_bar_breaks: progress = 1.6
2026-07-31_15:41:09.467550 	EXP 	progress_bar_breaks: progress = 1.6
2026-07-31_15:41:09.479731 	EXP 	progress_bar_breaks: progress = 1.6
2026-07-31_15:41:09.495770 	EXP 	progress_bar_breaks: progress = 1.6
2026-07-31_15:41:09.513758 	EXP 	progress_bar_breaks: progress = 1.6
2026-07-31_15:41:09.530155 	EXP 	progress_bar_breaks: progress = 1.6
2026-07-31_15:41:09.551177 	EXP 	progress_bar_breaks: progress = 1.6
2026-07-31_15:41:09.562358 	EXP 	progress_bar_breaks: progress = 1.6
2026-07-31_15:41:09.580881 	EXP 	progress_bar_breaks: progress = 1.6
2026-07-31_15:41:09.596856 	EXP 	progress_bar_breaks: progress = 1.6
2026-07-31_15:41:09.612484 	EXP 	progress_bar_breaks: progress = 1.6
2026-07-31_15:41:09.630410 	EXP 	progress_bar_breaks: progress = 1.6
2026-07-31_15:41:09.646796 	EXP 	progress_bar_breaks: progress = 1.6
2026-07-31_15:41:09.667495 	EXP 	progress_bar_breaks: progress = 1.6
2026-07-31_15:41:09.680210 	EXP 	progress_bar_breaks: progress = 1.6
2026-07-31_15:41:09.695704 	EXP 	progress_bar_breaks: progress = 1.6
2026-07-31_15:41:09.712484 	EXP 	progress_bar_breaks: progress = 1.6
2026-07-31_15:41:09.729690 	EXP 	progress_bar_breaks: progress = 1.6
2026-07-31_15:41:09.746751 	EXP 	progress_bar_breaks: progress = 1.6666666666666665
2026-07-31_15:41:09.768465 	EXP 	progress_bar_breaks: progress = 1.6666666666666665
2026-07-31_15:41:09.779068 	EXP 	progress_bar_breaks: progress = 1.6666666666666665
2026-07-31_15:41:09.795957 	EXP 	progress_bar_breaks: progress = 1.6666666666666665
2026-07-31_15:41:09.813330 	EXP 	progress_bar_breaks: progress = 1.6666666666666665
2026-07-31_15:41:09.830235 	EXP 	progress_bar_breaks: progress = 1.6666666666666665
2026-07-31_15:41:09.846223 	EXP 	progress_bar_breaks: progress = 1.6666666666666665
2026-07-31_15:41:09.863178 	EXP 	progress_bar_breaks: progress = 1.6666666666666665
2026-07-31_15:41:09.879657 	EXP 	progress_bar_breaks: progress = 1.6666666666666665
2026-07-31_15:41:09.901052 	EXP 	progress_bar_breaks: progress = 1.6666666666666665
2026-07-31_15:41:09.912554 	EXP 	progress_bar_breaks: progress = 1.6666666666666665
2026-07-31_15:41:09.930194 	EXP 	progress_bar_breaks: progress = 1.6666666666666665
2026-07-31_15:41:09.945829 	EXP 	progress_bar_breaks: progress = 1.6666666666666665
2026-07-31_15:41:09.963438 	EXP 	progress_bar_breaks: progress = 1.6666666666666665
2026-07-31_15:41:09.984315 	EXP 	progress_bar_breaks: progress = 1.6666666666666665
2026-07-31_15:41:09.995992 	EXP 	progress_bar_breaks: progress = 1.6666666666666665
2026-07-31_15:41:10.012356 	EXP 	progress_bar_breaks: progress = 1.6666666666666665
2026-07-31_15:41:10.028973 	EXP 	progress_bar_breaks: progress = 1.6666666666666665
2026-07-31_15:41:10.045324 	EXP 	progress_bar_breaks: progress = 1.6666666666666665
2026-07-31_15:41:10.062402 	EXP 	progress_bar_breaks: progress = 1.6666666666666665
2026-07-31_15:41:10.078563 	EXP 	progress_bar_breaks: progress = 1.6666666666666665
2026-07-31_15:41:10.100368 	EXP 	progress_bar_breaks: progress = 1.6666666666666665
2026-07-31_15:41:10.112661 	EXP 	progress_bar_breaks: progress = 1.6666666666666665
2026-07-31_15:41:10.129704 	EXP 	progress_bar_breaks: progress = 1.6666666666666665
2026-07-31_15:41:10.146159 	EXP 	progress_bar_breaks: progress = 1.6666666666666665
2026-07-31_15:41:10.162957 	EXP 	progress_bar_breaks: progress = 1.6666666666666665
2026-07-31_15:41:10.180166 	EXP 	progress_bar_breaks: progress = 1.6666666666666665
2026-07-31_15:41:10.195290 	EXP 	progress_bar_breaks: progress = 1.6666666666666665
2026-07-31_15:41:10.217765 	EXP 	progress_bar_breaks: progress = 1.6666666666666665
2026-07-31_15:41:10.228813 	EXP 	progress_bar_breaks: progress = 1.6666666666666665
2026-07-31_15:41:10.245148 	EXP 	progress_bar_breaks: progress = 1.6666666666666665
2026-07-31_15:41:10.261947 	EXP 	progress_bar_breaks: progress = 1.6666666666666665
2026-07-31_15:41:10.278584 	EXP 	progress_bar_breaks: progress = 1.6666666666666665
2026-07-31_15:41:10.295749 	EXP 	progress_bar_breaks: progress = 1.6666666666666665
2026-07-31_15:41:10.316259 	EXP 	progress_bar_breaks: progress = 1.6666666666666665
2026-07-31_15:41:10.329201 	EXP 	progress_bar_breaks: progress = 1.6666666666666665
2026-07-31_15:41:10.345396 	EXP 	progress_bar_breaks: progress = 1.6666666666666665
2026-07-31_15:41:10.362250 	EXP 	progress_bar_breaks: progress = 1.6666666666666665
2026-07-31_15:41:10.379311 	EXP 	progress_bar_breaks: progress = 1.6666666666666665
2026-07-31_15:41:10.395644 	EXP 	progress_bar_breaks: progress = 1.6666666666666665
2026-07-31_15:41:10.416867 	EXP 	progress_bar_breaks: progress = 1.6666666666666665
2026-07-31_15:41:10.429901 	EXP 	progress_bar_breaks: progress = 1.6666666666666665
2026-07-31_15:41:10.445259 	EXP 	progress_bar_breaks: progress = 1.6666666666666665
2026-07-31_15:41:10.461708 	EXP 	progress_bar_breaks: progress = 1.6666666666666665
2026-07-31_15:41:10.478592 	EXP 	progress_bar_breaks: progress = 1.6666666666666665
2026-07-31_15:41:10.495445 	EXP 	progress_bar_breaks: progress = 1.6666666666666665
2026-07-31_15:41:10.512483 	EXP 	progress_bar_breaks: progress = 1.6666666666666665
2026-07-31_15:41:10.529099 	EXP 	progress_bar_breaks: progress = 1.6666666666666665
2026-07-31_15:41:10.551246 	EXP 	progress_bar_breaks: progress = 1.6666666666666665
2026-07-31_15:41:10.561663 	EXP 	progress_bar_breaks: progress = 1.6666666666666665
2026-07-31_15:41:10.578797 	EXP 	progress_bar_breaks: progress = 1.6666666666666665
2026-07-31_15:41:10.595937 	EXP 	progress_bar_breaks: progress = 1.6666666666666665
2026-07-31_15:41:10.612678 	EXP 	progress_bar_breaks: progress = 1.6666666666666665
2026-07-31_15:41:10.629173 	EXP 	progress_bar_breaks: progress = 1.6666666666666665
2026-07-31_15:41:10.650020 	EXP 	progress_bar_breaks: progress = 1.6666666666666665
2026-07-31_15:41:10.662285 	EXP 	progress_bar_breaks: progress = 1.6666666666666665
2026-07-31_15:41:10.678520 	EXP 	progress_bar_breaks: progress = 1.6666666666666665
2026-07-31_15:41:10.695845 	EXP 	progress_bar_breaks: progress = 1.6666666666666665
2026-07-31_15:41:10.711944 	EXP 	progress_bar_breaks: progress = 1.6666666666666665
2026-07-31_15:41:10.729506 	EXP 	progress_bar_breaks: progress = 1.6666666666666665
2026-07-31_15:41:10.749488 	EXP 	progress_bar_breaks: progress = 1.7333333333333334
2026-07-31_15:41:10.762334 	EXP 	progress_bar_breaks: progress = 1.7333333333333334
2026-07-31_15:41:10.778583 	EXP 	progress_bar_breaks: progress = 1.7333333333333334
2026-07-31_15:41:10.795637 	EXP 	progress_bar_breaks: progress = 1.7333333333333334
2026-07-31_15:41:10.811803 	EXP 	progress_bar_breaks: progress = 1.7333333333333334
2026-07-31_15:41:10.829072 	EXP 	progress_bar_breaks: progress = 1.7333333333333334
2026-07-31_15:41:10.846185 	EXP 	progress_bar_breaks: progress = 1.7333333333333334
2026-07-31_15:41:10.861952 	EXP 	progress_bar_breaks: progress = 1.7333333333333334
2026-07-31_15:41:10.883286 	EXP 	progress_bar_breaks: progress = 1.7333333333333334
2026-07-31_15:41:10.896127 	EXP 	progress_bar_breaks: progress = 1.7333333333333334
2026-07-31_15:41:10.911942 	EXP 	progress_bar_breaks: progress = 1.7333333333333334
2026-07-31_15:41:10.929350 	EXP 	progress_bar_breaks: progress = 1.7333333333333334
2026-07-31_15:41:10.945847 	EXP 	progress_bar_breaks: progress = 1.7333333333333334
2026-07-31_15:41:10.967568 	EXP 	progress_bar_breaks: progress = 1.7333333333333334
2026-07-31_15:41:10.979233 	EXP 	progress_bar_breaks: progress = 1.7333333333333334
2026-07-31_15:41:10.995075 	EXP 	progress_bar_breaks: progress = 1.7333333333333334
2026-07-31_15:41:11.012393 	EXP 	progress_bar_breaks: progress = 1.7333333333333334
2026-07-31_15:41:11.029813 	EXP 	progress_bar_breaks: progress = 1.7333333333333334
2026-07-31_15:41:11.045125 	EXP 	progress_bar_breaks: progress = 1.7333333333333334
2026-07-31_15:41:11.062542 	EXP 	progress_bar_breaks: progress = 1.7333333333333334
2026-07-31_15:41:11.082709 	EXP 	progress_bar_breaks: progress = 1.7333333333333334
2026-07-31_15:41:11.094854 	EXP 	progress_bar_breaks: progress = 1.7333333333333334
2026-07-31_15:41:11.111879 	EXP 	progress_bar_breaks: progress = 1.7333333333333334
2026-07-31_15:41:11.128687 	EXP 	progress_bar_breaks: progress = 1.7333333333333334
2026-07-31_15:41:11.146260 	EXP 	progress_bar_breaks: progress = 1.7333333333333334
2026-07-31_15:41:11.162201 	EXP 	progress_bar_breaks: progress = 1.7333333333333334
2026-07-31_15:41:11.182688 	EXP 	progress_bar_breaks: progress = 1.7333333333333334
2026-07-31_15:41:11.195215 	EXP 	progress_bar_breaks: progress = 1.7333333333333334
2026-07-31_15:41:11.211274 	EXP 	progress_bar_breaks: progress = 1.7333333333333334
2026-07-31_15:41:11.228903 	EXP 	progress_bar_breaks: progress = 1.7333333333333334
2026-07-31_15:41:11.245319 	EXP 	progress_bar_breaks: progress = 1.7333333333333334
2026-07-31_15:41:11.261632 	EXP 	progress_bar_breaks: progress = 1.7333333333333334
2026-07-31_15:41:11.278879 	EXP 	progress_bar_breaks: progress = 1.7333333333333334
2026-07-31_15:41:11.299993 	EXP 	progress_bar_breaks: progress = 1.7333333333333334
2026-07-31_15:41:11.312126 	EXP 	progress_bar_breaks: progress = 1.7333333333333334
2026-07-31_15:41:11.328738 	EXP 	progress_bar_breaks: progress = 1.7333333333333334
2026-07-31_15:41:11.345451 	EXP 	progress_bar_breaks: progress = 1.7333333333333334
2026-07-31_15:41:11.361643 	EXP 	progress_bar_breaks: progress = 1.7333333333333334
2026-07-31_15:41:11.379428 	EXP 	progress_bar_breaks: progress = 1.7333333333333334
2026-07-31_15:41:11.394836 	EXP 	progress_bar_breaks: progress = 1.7333333333333334
2026-07-31_15:41:11.416748 	EXP 	progress_bar_breaks: progress = 1.7333333333333334
2026-07-31_15:41:11.427891 	EXP 	progress_bar_breaks: progress = 1.7333333333333334
2026-07-31_15:41:11.445032 	EXP 	progress_bar_breaks: progress = 1.7333333333333334
2026-07-31_15:41:11.461304 	EXP 	progress_bar_breaks: progress = 1.7333333333333334
2026-07-31_15:41:11.478867 	EXP 	progress_bar_breaks: progress = 1.7333333333333334
2026-07-31_15:41:11.494761 	EXP 	progress_bar_breaks: progress = 1.7333333333333334
2026-07-31_15:41:11.517000 	EXP 	progress_bar_breaks: progress = 1.7333333333333334
2026-07-31_15:41:11.528665 	EXP 	progress_bar_breaks: progress = 1.7333333333333334
2026-07-31_15:41:11.545775 	EXP 	progress_bar_breaks: progress = 1.7333333333333334
2026-07-31_15:41:11.561994 	EXP 	progress_bar_breaks: progress = 1.7333333333333334
2026-07-31_15:41:11.579074 	EXP 	progress_bar_breaks: progress = 1.7333333333333334
2026-07-31_15:41:11.595893 	EXP 	progress_bar_breaks: progress = 1.7333333333333334
2026-07-31_15:41:11.612736 	EXP 	progress_bar_breaks: progress = 1.7333333333333334
2026-07-31_15:41:11.633616 	EXP 	progress_bar_breaks: progress = 1.7333333333333334
2026-07-31_15:41:11.644574 	EXP 	progress_bar_breaks: progress = 1.7333333333333334
2026-07-31_15:41:11.661748 	EXP 	progress_bar_breaks: progress = 1.7333333333333334
2026-07-31_15:41:11.678436 	EXP 	progress_bar_breaks: progress = 1.7333333333333334
2026-07-31_15:41:11.694935 	EXP 	progress_bar_breaks: progress = 1.7333333333333334
2026-07-31_15:41:11.711102 	EXP 	progress_bar_breaks: progress = 1.7333333333333334
2026-07-31_15:41:11.732988 	EXP 	progress_bar_breaks: progress = 1.7333333333333334
2026-07-31_15:41:11.744269 	EXP 	progress_bar_breaks: progress = 1.8
2026-07-31_15:41:11.762112 	EXP 	progress_bar_breaks: progress = 1.8
2026-07-31_15:41:11.778112 	EXP 	progress_bar_breaks: progress = 1.8
2026-07-31_15:41:11.794976 	EXP 	progress_bar_breaks: progress = 1.8
2026-07-31_15:41:11.812119 	EXP 	progress_bar_breaks: progress = 1.8
2026-07-31_15:41:11.828136 	EXP 	progress_bar_breaks: progress = 1.8
2026-07-31_15:41:11.849444 	EXP 	progress_bar_breaks: progress = 1.8
2026-07-31_15:41:11.861050 	EXP 	progress_bar_breaks: progress = 1.8
2026-07-31_15:41:11.878903 	EXP 	progress_bar_breaks: progress = 1.8
2026-07-31_15:41:11.894750 	EXP 	progress_bar_breaks: progress = 1.8
2026-07-31_15:41:11.911713 	EXP 	progress_bar_breaks: progress = 1.8
2026-07-31_15:41:11.928940 	EXP 	progress_bar_breaks: progress = 1.8
2026-07-31_15:41:11.944483 	EXP 	progress_bar_breaks: progress = 1.8
2026-07-31_15:41:11.966104 	EXP 	progress_bar_breaks: progress = 1.8
2026-07-31_15:41:11.977947 	EXP 	progress_bar_breaks: progress = 1.8
2026-07-31_15:41:11.995678 	EXP 	progress_bar_breaks: progress = 1.8
2026-07-31_15:41:12.011273 	EXP 	progress_bar_breaks: progress = 1.8
2026-07-31_15:41:12.028491 	EXP 	progress_bar_breaks: progress = 1.8
2026-07-31_15:41:12.045738 	EXP 	progress_bar_breaks: progress = 1.8
2026-07-31_15:41:12.066180 	EXP 	progress_bar_breaks: progress = 1.8
2026-07-31_15:41:12.078002 	EXP 	progress_bar_breaks: progress = 1.8
2026-07-31_15:41:12.095044 	EXP 	progress_bar_breaks: progress = 1.8
2026-07-31_15:41:12.112221 	EXP 	progress_bar_breaks: progress = 1.8
2026-07-31_15:41:12.128653 	EXP 	progress_bar_breaks: progress = 1.8
2026-07-31_15:41:12.145336 	EXP 	progress_bar_breaks: progress = 1.8
2026-07-31_15:41:12.167176 	EXP 	progress_bar_breaks: progress = 1.8
2026-07-31_15:41:12.183430 	EXP 	progress_bar_breaks: progress = 1.8
2026-07-31_15:41:12.198795 	EXP 	progress_bar_breaks: progress = 1.8
2026-07-31_15:41:12.212944 	EXP 	progress_bar_breaks: progress = 1.8
2026-07-31_15:41:12.229741 	EXP 	progress_bar_breaks: progress = 1.8
2026-07-31_15:41:12.246355 	EXP 	progress_bar_breaks: progress = 1.8
2026-07-31_15:41:12.263069 	EXP 	progress_bar_breaks: progress = 1.8
2026-07-31_15:41:12.279850 	EXP 	progress_bar_breaks: progress = 1.8
2026-07-31_15:41:12.301216 	EXP 	progress_bar_breaks: progress = 1.8
2026-07-31_15:41:12.329036 	EXP 	progress_bar_breaks: progress = 1.8
2026-07-31_15:41:12.345744 	EXP 	progress_bar_breaks: progress = 1.8
2026-07-31_15:41:12.361035 	EXP 	progress_bar_breaks: progress = 1.8
2026-07-31_15:41:12.379198 	EXP 	progress_bar_breaks: progress = 1.8
2026-07-31_15:41:12.399640 	EXP 	progress_bar_breaks: progress = 1.8
2026-07-31_15:41:12.411706 	EXP 	progress_bar_breaks: progress = 1.8
2026-07-31_15:41:12.428456 	EXP 	progress_bar_breaks: progress = 1.8
2026-07-31_15:41:12.451847 	EXP 	progress_bar_breaks: progress = 1.8
2026-07-31_15:41:12.463899 	EXP 	progress_bar_breaks: progress = 1.8
2026-07-31_15:41:12.478280 	EXP 	progress_bar_breaks: progress = 1.8
2026-07-31_15:41:12.499354 	EXP 	progress_bar_breaks: progress = 1.8
2026-07-31_15:41:12.511477 	EXP 	progress_bar_breaks: progress = 1.8
2026-07-31_15:41:12.527750 	EXP 	progress_bar_breaks: progress = 1.8
2026-07-31_15:41:12.544333 	EXP 	progress_bar_breaks: progress = 1.8
2026-07-31_15:41:12.561609 	EXP 	progress_bar_breaks: progress = 1.8
2026-07-31_15:41:12.578133 	EXP 	progress_bar_breaks: progress = 1.8
2026-07-31_15:41:12.594900 	EXP 	progress_bar_breaks: progress = 1.8
2026-07-31_15:41:12.611306 	EXP 	progress_bar_breaks: progress = 1.8
2026-07-31_15:41:12.632014 	EXP 	progress_bar_breaks: progress = 1.8
2026-07-31_15:41:12.644547 	EXP 	progress_bar_breaks: progress = 1.8
2026-07-31_15:41:12.661509 	EXP 	progress_bar_breaks: progress = 1.8
2026-07-31_15:41:12.677403 	EXP 	progress_bar_breaks: progress = 1.8
2026-07-31_15:41:12.694845 	EXP 	progress_bar_breaks: progress = 1.8
2026-07-31_15:41:12.712059 	EXP 	progress_bar_breaks: progress = 1.8
2026-07-31_15:41:12.732657 	EXP 	progress_bar_breaks: progress = 1.8
2026-07-31_15:41:12.745083 	EXP 	progress_bar_breaks: progress = 1.8666666666666667
2026-07-31_15:41:12.760973 	EXP 	progress_bar_breaks: progress = 1.8666666666666667
2026-07-31_15:41:12.778176 	EXP 	progress_bar_breaks: progress = 1.8666666666666667
2026-07-31_15:41:12.794551 	EXP 	progress_bar_breaks: progress = 1.8666666666666667
2026-07-31_15:41:12.812199 	EXP 	progress_bar_breaks: progress = 1.8666666666666667
2026-07-31_15:41:12.828924 	EXP 	progress_bar_breaks: progress = 1.8666666666666667
2026-07-31_15:41:12.849350 	EXP 	progress_bar_breaks: progress = 1.8666666666666667
2026-07-31_15:41:12.861469 	EXP 	progress_bar_breaks: progress = 1.8666666666666667
2026-07-31_15:41:12.878228 	EXP 	progress_bar_breaks: progress = 1.8666666666666667
2026-07-31_15:41:12.894944 	EXP 	progress_bar_breaks: progress = 1.8666666666666667
2026-07-31_15:41:12.911474 	EXP 	progress_bar_breaks: progress = 1.8666666666666667
2026-07-31_15:41:12.929220 	EXP 	progress_bar_breaks: progress = 1.8666666666666667
2026-07-31_15:41:12.949521 	EXP 	progress_bar_breaks: progress = 1.8666666666666667
2026-07-31_15:41:12.960805 	EXP 	progress_bar_breaks: progress = 1.8666666666666667
2026-07-31_15:41:12.978136 	EXP 	progress_bar_breaks: progress = 1.8666666666666667
2026-07-31_15:41:12.994507 	EXP 	progress_bar_breaks: progress = 1.8666666666666667
2026-07-31_15:41:13.010856 	EXP 	progress_bar_breaks: progress = 1.8666666666666667
2026-07-31_15:41:13.028502 	EXP 	progress_bar_breaks: progress = 1.8666666666666667
2026-07-31_15:41:13.044249 	EXP 	progress_bar_breaks: progress = 1.8666666666666667
2026-07-31_15:41:13.066072 	EXP 	progress_bar_breaks: progress = 1.8666666666666667
2026-07-31_15:41:13.077849 	EXP 	progress_bar_breaks: progress = 1.8666666666666667
2026-07-31_15:41:13.094849 	EXP 	progress_bar_breaks: progress = 1.8666666666666667
2026-07-31_15:41:13.111482 	EXP 	progress_bar_breaks: progress = 1.8666666666666667
2026-07-31_15:41:13.128587 	EXP 	progress_bar_breaks: progress = 1.8666666666666667
2026-07-31_15:41:13.145035 	EXP 	progress_bar_breaks: progress = 1.8666666666666667
2026-07-31_15:41:13.165426 	EXP 	progress_bar_breaks: progress = 1.8666666666666667
2026-07-31_15:41:13.178234 	EXP 	progress_bar_breaks: progress = 1.8666666666666667
2026-07-31_15:41:13.194665 	EXP 	progress_bar_breaks: progress = 1.8666666666666667
2026-07-31_15:41:13.211444 	EXP 	progress_bar_breaks: progress = 1.8666666666666667
2026-07-31_15:41:13.228098 	EXP 	progress_bar_breaks: progress = 1.8666666666666667
2026-07-31_15:41:13.245054 	EXP 	progress_bar_breaks: progress = 1.8666666666666667
2026-07-31_15:41:13.265975 	EXP 	progress_bar_breaks: progress = 1.8666666666666667
2026-07-31_15:41:13.277558 	EXP 	progress_bar_breaks: progress = 1.8666666666666667
2026-07-31_15:41:13.295374 	EXP 	progress_bar_breaks: progress = 1.8666666666666667
2026-07-31_15:41:13.311029 	EXP 	progress_bar_breaks: progress = 1.8666666666666667
2026-07-31_15:41:13.328452 	EXP 	progress_bar_breaks: progress = 1.8666666666666667
2026-07-31_15:41:13.345187 	EXP 	progress_bar_breaks: progress = 1.8666666666666667
2026-07-31_15:41:13.362280 	EXP 	progress_bar_breaks: progress = 1.8666666666666667
2026-07-31_15:41:13.382901 	EXP 	progress_bar_breaks: progress = 1.8666666666666667
2026-07-31_15:41:13.394518 	EXP 	progress_bar_breaks: progress = 1.8666666666666667
2026-07-31_15:41:13.411829 	EXP 	progress_bar_breaks: progress = 1.8666666666666667
2026-07-31_15:41:13.428397 	EXP 	progress_bar_breaks: progress = 1.8666666666666667
2026-07-31_15:41:13.444445 	EXP 	progress_bar_breaks: progress = 1.8666666666666667
2026-07-31_15:41:13.462378 	EXP 	progress_bar_breaks: progress = 1.8666666666666667
2026-07-31_15:41:13.483003 	EXP 	progress_bar_breaks: progress = 1.8666666666666667
2026-07-31_15:41:13.493906 	EXP 	progress_bar_breaks: progress = 1.8666666666666667
2026-07-31_15:41:13.511550 	EXP 	progress_bar_breaks: progress = 1.8666666666666667
2026-07-31_15:41:13.527662 	EXP 	progress_bar_breaks: progress = 1.8666666666666667
2026-07-31_15:41:13.545568 	EXP 	progress_bar_breaks: progress = 1.8666666666666667
2026-07-31_15:41:13.561939 	EXP 	progress_bar_breaks: progress = 1.8666666666666667
2026-07-31_15:41:13.578749 	EXP 	progress_bar_breaks: progress = 1.8666666666666667
2026-07-31_15:41:13.601009 	EXP 	progress_bar_breaks: progress = 1.8666666666666667
2026-07-31_15:41:13.612098 	EXP 	progress_bar_breaks: progress = 1.8666666666666667
2026-07-31_15:41:13.627870 	EXP 	progress_bar_breaks: progress = 1.8666666666666667
2026-07-31_15:41:13.644620 	EXP 	progress_bar_breaks: progress = 1.8666666666666667
2026-07-31_15:41:13.660872 	EXP 	progress_bar_breaks: progress = 1.8666666666666667
2026-07-31_15:41:13.678149 	EXP 	progress_bar_breaks: progress = 1.8666666666666667
2026-07-31_15:41:13.699341 	EXP 	progress_bar_breaks: progress = 1.8666666666666667
2026-07-31_15:41:13.710412 	EXP 	progress_bar_breaks: progress = 1.8666666666666667
2026-07-31_15:41:13.727696 	EXP 	progress_bar_breaks: progress = 1.8666666666666667
2026-07-31_15:41:13.744043 	EXP 	progress_bar_breaks: progress = 1.9333333333333333
2026-07-31_15:41:13.761216 	EXP 	progress_bar_breaks: progress = 1.9333333333333333
2026-07-31_15:41:13.777978 	EXP 	progress_bar_breaks: progress = 1.9333333333333333
2026-07-31_15:41:13.794567 	EXP 	progress_bar_breaks: progress = 1.9333333333333333
2026-07-31_15:41:13.815782 	EXP 	progress_bar_breaks: progress = 1.9333333333333333
2026-07-31_15:41:13.827868 	EXP 	progress_bar_breaks: progress = 1.9333333333333333
2026-07-31_15:41:13.844558 	EXP 	progress_bar_breaks: progress = 1.9333333333333333
2026-07-31_15:41:13.860566 	EXP 	progress_bar_breaks: progress = 1.9333333333333333
2026-07-31_15:41:13.877863 	EXP 	progress_bar_breaks: progress = 1.9333333333333333
2026-07-31_15:41:13.895017 	EXP 	progress_bar_breaks: progress = 1.9333333333333333
2026-07-31_15:41:13.910681 	EXP 	progress_bar_breaks: progress = 1.9333333333333333
2026-07-31_15:41:13.933494 	EXP 	progress_bar_breaks: progress = 1.9333333333333333
2026-07-31_15:41:13.944589 	EXP 	progress_bar_breaks: progress = 1.9333333333333333
2026-07-31_15:41:13.961245 	EXP 	progress_bar_breaks: progress = 1.9333333333333333
2026-07-31_15:41:13.977494 	EXP 	progress_bar_breaks: progress = 1.9333333333333333
2026-07-31_15:41:13.994773 	EXP 	progress_bar_breaks: progress = 1.9333333333333333
2026-07-31_15:41:14.012035 	EXP 	progress_bar_breaks: progress = 1.9333333333333333
2026-07-31_15:41:14.032182 	EXP 	progress_bar_breaks: progress = 1.9333333333333333
2026-07-31_15:41:14.044107 	EXP 	progress_bar_breaks: progress = 1.9333333333333333
2026-07-31_15:41:14.061484 	EXP 	progress_bar_breaks: progress = 1.9333333333333333
2026-07-31_15:41:14.077681 	EXP 	progress_bar_breaks: progress = 1.9333333333333333
2026-07-31_15:41:14.094684 	EXP 	progress_bar_breaks: progress = 1.9333333333333333
2026-07-31_15:41:14.110991 	EXP 	progress_bar_breaks: progress = 1.9333333333333333
2026-07-31_15:41:14.128370 	EXP 	progress_bar_breaks: progress = 1.9333333333333333
2026-07-31_15:41:14.149462 	EXP 	progress_bar_breaks: progress = 1.9333333333333333
2026-07-31_15:41:14.160759 	EXP 	progress_bar_breaks: progress = 1.9333333333333333
2026-07-31_15:41:14.177790 	EXP 	progress_bar_breaks: progress = 1.9333333333333333
2026-07-31_15:41:14.194631 	EXP 	progress_bar_breaks: progress = 1.9333333333333333
2026-07-31_15:41:14.210519 	EXP 	progress_bar_breaks: progress = 1.9333333333333333
2026-07-31_15:41:14.227943 	EXP 	progress_bar_breaks: progress = 1.9333333333333333
2026-07-31_15:41:14.248541 	EXP 	progress_bar_breaks: progress = 1.9333333333333333
2026-07-31_15:41:14.261170 	EXP 	progress_bar_breaks: progress = 1.9333333333333333
2026-07-31_15:41:14.277786 	EXP 	progress_bar_breaks: progress = 1.9333333333333333
2026-07-31_15:41:14.294303 	EXP 	progress_bar_breaks: progress = 1.9333333333333333
2026-07-31_15:41:14.310958 	EXP 	progress_bar_breaks: progress = 1.9333333333333333
2026-07-31_15:41:14.327425 	EXP 	progress_bar_breaks: progress = 1.9333333333333333
2026-07-31_15:41:14.344836 	EXP 	progress_bar_breaks: progress = 1.9333333333333333
2026-07-31_15:41:14.365629 	EXP 	progress_bar_breaks: progress = 1.9333333333333333
2026-07-31_15:41:14.377643 	EXP 	progress_bar_breaks: progress = 1.9333333333333333
2026-07-31_15:41:14.394713 	EXP 	progress_bar_breaks: progress = 1.9333333333333333
2026-07-31_15:41:14.410594 	EXP 	progress_bar_breaks: progress = 1.9333333333333333
2026-07-31_15:41:14.428109 	EXP 	progress_bar_breaks: progress = 1.9333333333333333
2026-07-31_15:41:14.444262 	EXP 	progress_bar_breaks: progress = 1.9333333333333333
2026-07-31_15:41:14.465357 	EXP 	progress_bar_breaks: progress = 1.9333333333333333
2026-07-31_15:41:14.477108 	EXP 	progress_bar_breaks: progress = 1.9333333333333333
2026-07-31_15:41:14.494101 	EXP 	progress_bar_breaks: progress = 1.9333333333333333
2026-07-31_15:41:14.511230 	EXP 	progress_bar_breaks: progress = 1.9333333333333333
2026-07-31_15:41:14.527046 	EXP 	progress_bar_breaks: progress = 1.9333333333333333
2026-07-31_15:41:14.544619 	EXP 	progress_bar_breaks: progress = 1.9333333333333333
2026-07-31_15:41:14.560957 	EXP 	progress_bar_breaks: progress = 1.9333333333333333
2026-07-31_15:41:14.582392 	EXP 	progress_bar_breaks: progress = 1.9333333333333333
2026-07-31_15:41:14.594160 	EXP 	progress_bar_breaks: progress = 1.9333333333333333
2026-07-31_15:41:14.611634 	EXP 	progress_bar_breaks: progress = 1.9333333333333333
2026-07-31_15:41:14.627983 	EXP 	progress_bar_breaks: progress = 1.9333333333333333
2026-07-31_15:41:14.644759 	EXP 	progress_bar_breaks: progress = 1.9333333333333333
2026-07-31_15:41:14.660806 	EXP 	progress_bar_breaks: progress = 1.9333333333333333
2026-07-31_15:41:14.678551 	EXP 	progress_bar_breaks: progress = 1.9333333333333333
2026-07-31_15:41:14.698871 	EXP 	progress_bar_breaks: progress = 1.9333333333333333
2026-07-31_15:41:14.711150 	EXP 	progress_bar_breaks: progress = 1.9333333333333333
2026-07-31_15:41:14.728357 	EXP 	progress_bar_breaks: progress = 1.9333333333333333
2026-07-31_15:41:14.743904 	EXP 	progress_bar_breaks: progress = 2.0
2026-07-31_15:41:14.761363 	EXP 	progress_bar_breaks: progress = 2.0
2026-07-31_15:41:14.777387 	EXP 	progress_bar_breaks: progress = 2.0
2026-07-31_15:41:14.799594 	EXP 	progress_bar_breaks: progress = 2.0
2026-07-31_15:41:14.810793 	EXP 	progress_bar_breaks: progress = 2.0
2026-07-31_15:41:14.827323 	EXP 	progress_bar_breaks: progress = 2.0
2026-07-31_15:41:14.844936 	EXP 	progress_bar_breaks: progress = 2.0
2026-07-31_15:41:14.861097 	EXP 	progress_bar_breaks: progress = 2.0
2026-07-31_15:41:14.877861 	EXP 	progress_bar_breaks: progress = 2.0
2026-07-31_15:41:14.894538 	EXP 	progress_bar_breaks: progress = 2.0
2026-07-31_15:41:14.914326 	EXP 	progress_bar_breaks: progress = 2.0
2026-07-31_15:41:14.927768 	EXP 	progress_bar_breaks: progress = 2.0
2026-07-31_15:41:14.944247 	EXP 	progress_bar_breaks: progress = 2.0
2026-07-31_15:41:14.961019 	EXP 	progress_bar_breaks: progress = 2.0
2026-07-31_15:41:14.977391 	EXP 	progress_bar_breaks: progress = 2.0
2026-07-31_15:41:14.994370 	EXP 	progress_bar_breaks: progress = 2.0
2026-07-31_15:41:15.015579 	EXP 	progress_bar_breaks: progress = 2.0
2026-07-31_15:41:15.027845 	EXP 	progress_bar_breaks: progress = 2.0
2026-07-31_15:41:15.044338 	EXP 	progress_bar_breaks: progress = 2.0
2026-07-31_15:41:15.061082 	EXP 	progress_bar_breaks: progress = 2.0
2026-07-31_15:41:15.078008 	EXP 	progress_bar_breaks: progress = 2.0
2026-07-31_15:41:15.094004 	EXP 	progress_bar_breaks: progress = 2.0
2026-07-31_15:41:15.111322 	EXP 	progress_bar_breaks: progress = 2.0
2026-07-31_15:41:15.131746 	EXP 	progress_bar_breaks: progress = 2.0
2026-07-31_15:41:15.144378 	EXP 	progress_bar_breaks: progress = 2.0
2026-07-31_15:41:15.160897 	EXP 	progress_bar_breaks: progress = 2.0
2026-07-31_15:41:15.177789 	EXP 	progress_bar_breaks: progress = 2.0
2026-07-31_15:41:15.193758 	EXP 	progress_bar_breaks: progress = 2.0
2026-07-31_15:41:15.210827 	EXP 	progress_bar_breaks: progress = 2.0
2026-07-31_15:41:15.231946 	EXP 	progress_bar_breaks: progress = 2.0
2026-07-31_15:41:15.243736 	EXP 	progress_bar_breaks: progress = 2.0
2026-07-31_15:41:15.260297 	EXP 	progress_bar_breaks: progress = 2.0
2026-07-31_15:41:15.277305 	EXP 	progress_bar_breaks: progress = 2.0
2026-07-31_15:41:15.294588 	EXP 	progress_bar_breaks: progress = 2.0
2026-07-31_15:41:15.310850 	EXP 	progress_bar_breaks: progress = 2.0
2026-07-31_15:41:15.327742 	EXP 	progress_bar_breaks: progress = 2.0
2026-07-31_15:41:15.349060 	EXP 	progress_bar_breaks: progress = 2.0
2026-07-31_15:41:15.360857 	EXP 	progress_bar_breaks: progress = 2.0
2026-07-31_15:41:15.378688 	EXP 	progress_bar_breaks: progress = 2.0
2026-07-31_15:41:15.399258 	EXP 	progress_bar_breaks: progress = 2.0
2026-07-31_15:41:15.414243 	EXP 	progress_bar_breaks: progress = 2.0
2026-07-31_15:41:15.427742 	EXP 	progress_bar_breaks: progress = 2.0
2026-07-31_15:41:15.448881 	EXP 	progress_bar_breaks: progress = 2.0
2026-07-31_15:41:15.462955 	EXP 	progress_bar_breaks: progress = 2.0
2026-07-31_15:41:15.477228 	EXP 	progress_bar_breaks: progress = 2.0
2026-07-31_15:41:15.493749 	EXP 	progress_bar_breaks: progress = 2.0
2026-07-31_15:41:15.511046 	EXP 	progress_bar_breaks: progress = 2.0
2026-07-31_15:41:15.528074 	EXP 	progress_bar_breaks: progress = 2.0
2026-07-31_15:41:15.544960 	EXP 	progress_bar_breaks: progress = 2.0
2026-07-31_15:41:15.565399 	EXP 	progress_bar_breaks: progress = 2.0
2026-07-31_15:41:15.578053 	EXP 	progress_bar_breaks: progress = 2.0
2026-07-31_15:41:15.594158 	EXP 	progress_bar_breaks: progress = 2.0
2026-07-31_15:41:15.610980 	EXP 	progress_bar_breaks: progress = 2.0
2026-07-31_15:41:15.627478 	EXP 	progress_bar_breaks: progress = 2.0
2026-07-31_15:41:15.649451 	EXP 	progress_bar_breaks: progress = 2.0
2026-07-31_15:41:15.660850 	EXP 	progress_bar_breaks: progress = 2.0
2026-07-31_15:41:15.680520 	EXP 	progress_bar_breaks: progress = 2.0
2026-07-31_15:41:15.693727 	EXP 	progress_bar_breaks: progress = 2.0
2026-07-31_15:41:15.713709 	EXP 	progress_bar_breaks: progress = 2.0
2026-07-31_15:41:15.731189 	EXP 	progress_bar_breaks: progress = 2.0
2026-07-31_15:41:15.743362 	EXP 	progress_bar_breaks: progress = 2.0666666666666664
2026-07-31_15:41:15.760700 	EXP 	progress_bar_breaks: progress = 2.0666666666666664
2026-07-31_15:41:15.781320 	EXP 	progress_bar_breaks: progress = 2.0666666666666664
2026-07-31_15:41:15.794322 	EXP 	progress_bar_breaks: progress = 2.0666666666666664
2026-07-31_15:41:15.811476 	EXP 	progress_bar_breaks: progress = 2.0666666666666664
2026-07-31_15:41:15.827897 	EXP 	progress_bar_breaks: progress = 2.0666666666666664
2026-07-31_15:41:15.844270 	EXP 	progress_bar_breaks: progress = 2.0666666666666664
2026-07-31_15:41:15.860567 	EXP 	progress_bar_breaks: progress = 2.0666666666666664
2026-07-31_15:41:15.877095 	EXP 	progress_bar_breaks: progress = 2.0666666666666664
2026-07-31_15:41:15.898432 	EXP 	progress_bar_breaks: progress = 2.0666666666666664
2026-07-31_15:41:15.910028 	EXP 	progress_bar_breaks: progress = 2.0666666666666664
2026-07-31_15:41:15.927496 	EXP 	progress_bar_breaks: progress = 2.0666666666666664
2026-07-31_15:41:15.944329 	EXP 	progress_bar_breaks: progress = 2.0666666666666664
2026-07-31_15:41:15.960655 	EXP 	progress_bar_breaks: progress = 2.0666666666666664
2026-07-31_15:41:15.977547 	EXP 	progress_bar_breaks: progress = 2.0666666666666664
2026-07-31_15:41:15.998024 	EXP 	progress_bar_breaks: progress = 2.0666666666666664
2026-07-31_15:41:16.011248 	EXP 	progress_bar_breaks: progress = 2.0666666666666664
2026-07-31_15:41:16.027807 	EXP 	progress_bar_breaks: progress = 2.0666666666666664
2026-07-31_15:41:16.044939 	EXP 	progress_bar_breaks: progress = 2.0666666666666664
2026-07-31_15:41:16.061127 	EXP 	progress_bar_breaks: progress = 2.0666666666666664
2026-07-31_15:41:16.084050 	EXP 	progress_bar_breaks: progress = 2.0666666666666664
2026-07-31_15:41:16.093835 	EXP 	progress_bar_breaks: progress = 2.0666666666666664
2026-07-31_15:41:16.114999 	EXP 	progress_bar_breaks: progress = 2.0666666666666664
2026-07-31_15:41:16.126709 	EXP 	progress_bar_breaks: progress = 2.0666666666666664
2026-07-31_15:41:16.144068 	EXP 	progress_bar_breaks: progress = 2.0666666666666664
2026-07-31_15:41:16.160575 	EXP 	progress_bar_breaks: progress = 2.0666666666666664
2026-07-31_15:41:16.177388 	EXP 	progress_bar_breaks: progress = 2.0666666666666664
2026-07-31_15:41:16.193975 	EXP 	progress_bar_breaks: progress = 2.0666666666666664
2026-07-31_15:41:16.210418 	EXP 	progress_bar_breaks: progress = 2.0666666666666664
2026-07-31_15:41:16.231396 	EXP 	progress_bar_breaks: progress = 2.0666666666666664
2026-07-31_15:41:16.243989 	EXP 	progress_bar_breaks: progress = 2.0666666666666664
2026-07-31_15:41:16.260743 	EXP 	progress_bar_breaks: progress = 2.0666666666666664
2026-07-31_15:41:16.277538 	EXP 	progress_bar_breaks: progress = 2.0666666666666664
2026-07-31_15:41:16.294358 	EXP 	progress_bar_breaks: progress = 2.0666666666666664
2026-07-31_15:41:16.310813 	EXP 	progress_bar_breaks: progress = 2.0666666666666664
2026-07-31_15:41:16.332610 	EXP 	progress_bar_breaks: progress = 2.0666666666666664
2026-07-31_15:41:16.345951 	EXP 	progress_bar_breaks: progress = 2.0666666666666664
2026-07-31_15:41:16.360203 	EXP 	progress_bar_breaks: progress = 2.0666666666666664
2026-07-31_15:41:16.382202 	EXP 	progress_bar_breaks: progress = 2.0666666666666664
2026-07-31_15:41:16.396902 	EXP 	progress_bar_breaks: progress = 2.0666666666666664
2026-07-31_15:41:16.410426 	EXP 	progress_bar_breaks: progress = 2.0666666666666664
2026-07-31_15:41:16.426944 	EXP 	progress_bar_breaks: progress = 2.0666666666666664
2026-07-31_15:41:16.447877 	EXP 	progress_bar_breaks: progress = 2.0666666666666664
2026-07-31_15:41:16.460041 	EXP 	progress_bar_breaks: progress = 2.0666666666666664
2026-07-31_15:41:16.477229 	EXP 	progress_bar_breaks: progress = 2.0666666666666664
2026-07-31_15:41:16.493346 	EXP 	progress_bar_breaks: progress = 2.0666666666666664
2026-07-31_15:41:16.510330 	EXP 	progress_bar_breaks: progress = 2.0666666666666664
2026-07-31_15:41:16.527390 	EXP 	progress_bar_breaks: progress = 2.0666666666666664
2026-07-31_15:41:16.543643 	EXP 	progress_bar_breaks: progress = 2.0666666666666664
2026-07-31_15:41:16.563920 	EXP 	progress_bar_breaks: progress = 2.0666666666666664
2026-07-31_15:41:16.576226 	EXP 	progress_bar_breaks: progress = 2.0666666666666664
2026-07-31_15:41:16.593229 	EXP 	progress_bar_breaks: progress = 2.0666666666666664
2026-07-31_15:41:16.610392 	EXP 	progress_bar_breaks: progress = 2.0666666666666664
2026-07-31_15:41:16.626725 	EXP 	progress_bar_breaks: progress = 2.0666666666666664
2026-07-31_15:41:16.643458 	EXP 	progress_bar_breaks: progress = 2.0666666666666664
2026-07-31_15:41:16.664358 	EXP 	progress_bar_breaks: progress = 2.0666666666666664
2026-07-31_15:41:16.676816 	EXP 	progress_bar_breaks: progress = 2.0666666666666664
2026-07-31_15:41:16.693239 	EXP 	progress_bar_breaks: progress = 2.0666666666666664
2026-07-31_15:41:16.710080 	EXP 	progress_bar_breaks: progress = 2.0666666666666664
2026-07-31_15:41:16.726532 	EXP 	progress_bar_breaks: progress = 2.0666666666666664
2026-07-31_15:41:16.743321 	EXP 	progress_bar_breaks: progress = 2.1333333333333333
2026-07-31_15:41:16.764458 	EXP 	progress_bar_breaks: progress = 2.1333333333333333
2026-07-31_15:41:16.776776 	EXP 	progress_bar_breaks: progress = 2.1333333333333333
2026-07-31_15:41:16.794091 	EXP 	progress_bar_breaks: progress = 2.1333333333333333
2026-07-31_15:41:16.809986 	EXP 	progress_bar_breaks: progress = 2.1333333333333333
2026-07-31_15:41:16.826677 	EXP 	progress_bar_breaks: progress = 2.1333333333333333
2026-07-31_15:41:16.843786 	EXP 	progress_bar_breaks: progress = 2.1333333333333333
2026-07-31_15:41:16.860966 	EXP 	progress_bar_breaks: progress = 2.1333333333333333
2026-07-31_15:41:16.881221 	EXP 	progress_bar_breaks: progress = 2.1333333333333333
2026-07-31_15:41:16.893795 	EXP 	progress_bar_breaks: progress = 2.1333333333333333
2026-07-31_15:41:16.909936 	EXP 	progress_bar_breaks: progress = 2.1333333333333333
2026-07-31_15:41:16.927054 	EXP 	progress_bar_breaks: progress = 2.1333333333333333
2026-07-31_15:41:16.943928 	EXP 	progress_bar_breaks: progress = 2.1333333333333333
2026-07-31_15:41:16.959871 	EXP 	progress_bar_breaks: progress = 2.1333333333333333
2026-07-31_15:41:16.977210 	EXP 	progress_bar_breaks: progress = 2.1333333333333333
2026-07-31_15:41:16.998012 	EXP 	progress_bar_breaks: progress = 2.1333333333333333
2026-07-31_15:41:17.009956 	EXP 	progress_bar_breaks: progress = 2.1333333333333333
2026-07-31_15:41:17.026607 	EXP 	progress_bar_breaks: progress = 2.1333333333333333
2026-07-31_15:41:17.044106 	EXP 	progress_bar_breaks: progress = 2.1333333333333333
2026-07-31_15:41:17.060485 	EXP 	progress_bar_breaks: progress = 2.1333333333333333
2026-07-31_15:41:17.077043 	EXP 	progress_bar_breaks: progress = 2.1333333333333333
2026-07-31_15:41:17.097879 	EXP 	progress_bar_breaks: progress = 2.1333333333333333
2026-07-31_15:41:17.109257 	EXP 	progress_bar_breaks: progress = 2.1333333333333333
2026-07-31_15:41:17.126811 	EXP 	progress_bar_breaks: progress = 2.1333333333333333
2026-07-31_15:41:17.144374 	EXP 	progress_bar_breaks: progress = 2.1333333333333333
2026-07-31_15:41:17.160621 	EXP 	progress_bar_breaks: progress = 2.1333333333333333
2026-07-31_15:41:17.177407 	EXP 	progress_bar_breaks: progress = 2.1333333333333333
2026-07-31_15:41:17.193203 	EXP 	progress_bar_breaks: progress = 2.1333333333333333
2026-07-31_15:41:17.214374 	EXP 	progress_bar_breaks: progress = 2.1333333333333333
2026-07-31_15:41:17.226658 	EXP 	progress_bar_breaks: progress = 2.1333333333333333
2026-07-31_15:41:17.243777 	EXP 	progress_bar_breaks: progress = 2.1333333333333333
2026-07-31_15:41:17.261501 	EXP 	progress_bar_breaks: progress = 2.1333333333333333
2026-07-31_15:41:17.276918 	EXP 	progress_bar_breaks: progress = 2.1333333333333333
2026-07-31_15:41:17.294021 	EXP 	progress_bar_breaks: progress = 2.1333333333333333
2026-07-31_15:41:17.315019 	EXP 	progress_bar_breaks: progress = 2.1333333333333333
2026-07-31_15:41:17.343376 	EXP 	progress_bar_breaks: progress = 2.1333333333333333
2026-07-31_15:41:17.360872 	EXP 	progress_bar_breaks: progress = 2.1333333333333333
2026-07-31_15:41:17.377072 	EXP 	progress_bar_breaks: progress = 2.1333333333333333
2026-07-31_15:41:17.393267 	EXP 	progress_bar_breaks: progress = 2.1333333333333333
2026-07-31_15:41:17.410639 	EXP 	progress_bar_breaks: progress = 2.1333333333333333
2026-07-31_15:41:17.431346 	EXP 	progress_bar_breaks: progress = 2.1333333333333333
2026-07-31_15:41:17.444518 	EXP 	progress_bar_breaks: progress = 2.1333333333333333
2026-07-31_15:41:17.459827 	EXP 	progress_bar_breaks: progress = 2.1333333333333333
2026-07-31_15:41:17.476560 	EXP 	progress_bar_breaks: progress = 2.1333333333333333
2026-07-31_15:41:17.494053 	EXP 	progress_bar_breaks: progress = 2.1333333333333333
2026-07-31_15:41:17.497324 	EXP 	Device response: <KeyPress from None: t=272.61372800000026, value=r, duration=None>
2026-07-31_15:41:17.498352 	DATA 	Keypress: r
2026-07-31_15:41:17.510382 	EXP 	progress_bar_breaks: progress = 2.1333333333333333
2026-07-31_15:41:17.532182 	EXP 	progress_bar_breaks: progress = 2.1333333333333333
2026-07-31_15:41:17.543325 	EXP 	progress_bar_breaks: progress = 2.1333333333333333
2026-07-31_15:41:17.560131 	EXP 	progress_bar_breaks: progress = 2.1333333333333333
2026-07-31_15:41:17.563206 	EXP 	Device response: <KeyPress from None: t=272.61372800000026, value=r, duration=0.06943070000124862>
2026-07-31_15:41:17.575150 	EXP 	New trial (rep=0, index=50): <Trial 50 (50 in rep 0) data={'block': 2, 'trial_in_block': 1, 'concept': 'ball', 'concept_num': 1, 'concept_num_word': 1, 'exemplar_num': 26, 'image_shown': 'ball\\ball_26.jpg', 'word_shown_english': 'ball', 'word_shown_german': 'Ball', 'word_shown_french': 'Ballon', 'is_prompt': 1, 'is_mismatch': 0, 'ITI_length': 0.95, 'correct_response': None, 'nonmatch_pres_side': None, 'thisN': 50, 'thisTrialN': 50, 'thisRepN': 0}>
2026-07-31_15:41:17.645700 	EXP 	progress_bar_breaks: progress = 2.1333333333333333
2026-07-31_15:41:17.645700 	EXP 	breaks_instruction: autoDraw = False
2026-07-31_15:41:17.645700 	EXP 	progress_bar_breaks: autoDraw = False
2026-07-31_15:41:17.645700 	EXP 	instruction_continuebreak: autoDraw = False
2026-07-31_15:41:17.645700 	EXP 	image: image = 'stimuli\\ball\\ball_26.jpg'
2026-07-31_15:41:17.645700 	EXP 	image: autoDraw = True
2026-07-31_15:41:17.696471 	EXP 	Device response: <KeyPress from None: t=272.8097474999995, value=r, duration=None>
2026-07-31_15:41:17.697011 	DATA 	Keypress: r
2026-07-31_15:41:17.846504 	EXP 	Device response: <KeyPress from None: t=272.8097474999995, value=r, duration=0.14796769999884418>
2026-07-31_15:41:18.399020 	EXP 	spoken_word: sampleRate = 24000
2026-07-31_15:41:18.400815 	INFO 	Resampled audio from 24000Hz to 48000Hz using method 'default'.
2026-07-31_15:41:18.400845 	DEBUG 	Converted audio clip from mono to stereo
2026-07-31_15:41:18.402474 	EXP 	spoken_word: sampleRate = 24000
2026-07-31_15:41:18.403976 	INFO 	Resampled audio from 24000Hz to 48000Hz using method 'default'.
2026-07-31_15:41:18.404009 	DEBUG 	Converted audio clip from mono to stereo
2026-07-31_15:41:18.404534 	EXP 	Sound spoken_word reached end of file
273.5352 	EXP 	Playing sound spoken_word on speaker Lautsprecher (Realtek(R) Audio)
2026-07-31_15:41:18.425779 	INFO 	Keyboard events cleared
2026-07-31_15:41:18.425592 	EXP 	image: autoDraw = False
2026-07-31_15:41:18.425592 	EXP 	image: autoDraw = False
2026-07-31_15:41:18.425592 	EXP 	fix_cross: foreColor = <psychopy.colors.Color: white, alpha=1.0>
2026-07-31_15:41:18.425592 	EXP 	fix_cross: autoDraw = True
2026-07-31_15:41:18.879744 	DATA 	Mouse: Left button down, pos=(481,147)
2026-07-31_15:41:18.996287 	DATA 	Mouse:  Left button up, pos=(481,147)
2026-07-31_15:41:19.158612 	EXP 	Sound spoken_word reached end of file
2026-07-31_15:41:19.179006 	EXP 	Sound spoken_word reached end of file
2026-07-31_15:41:19.925754 	EXP 	fix_cross: autoDraw = False
2026-07-31_15:41:19.925754 	EXP 	fix_cross: foreColor = <psychopy.colors.Color: green, alpha=1.0>
2026-07-31_15:41:19.925754 	EXP 	fix_cross: autoDraw = True
2026-07-31_15:41:19.946933 	EXP 	fix_cross: autoDraw = False
2026-07-31_15:41:19.946933 	EXP 	fix_cross: autoDraw = True
2026-07-31_15:41:19.959157 	EXP 	fix_cross: autoDraw = False
2026-07-31_15:41:19.959157 	EXP 	fix_cross: autoDraw = True
2026-07-31_15:41:19.975307 	EXP 	fix_cross: autoDraw = False
2026-07-31_15:41:19.975307 	EXP 	fix_cross: autoDraw = True
2026-07-31_15:41:19.992195 	EXP 	fix_cross: autoDraw = False
2026-07-31_15:41:19.992195 	EXP 	fix_cross: autoDraw = True
2026-07-31_15:41:20.009021 	EXP 	fix_cross: autoDraw = False
2026-07-31_15:41:20.009021 	EXP 	fix_cross: autoDraw = True
2026-07-31_15:41:20.026159 	EXP 	fix_cross: autoDraw = False
2026-07-31_15:41:20.026159 	EXP 	fix_cross: autoDraw = True
2026-07-31_15:41:20.043425 	EXP 	fix_cross: autoDraw = False
2026-07-31_15:41:20.043425 	EXP 	fix_cross: autoDraw = True
2026-07-31_15:41:20.063227 	EXP 	fix_cross: autoDraw = False
2026-07-31_15:41:20.063227 	EXP 	fix_cross: autoDraw = True
2026-07-31_15:41:20.075073 	EXP 	fix_cross: autoDraw = False
2026-07-31_15:41:20.075073 	EXP 	fix_cross: autoDraw = True
2026-07-31_15:41:20.092622 	EXP 	fix_cross: autoDraw = False
2026-07-31_15:41:20.092622 	EXP 	fix_cross: autoDraw = True
2026-07-31_15:41:20.109053 	EXP 	fix_cross: autoDraw = False
2026-07-31_15:41:20.109053 	EXP 	fix_cross: autoDraw = True
2026-07-31_15:41:20.126219 	EXP 	fix_cross: autoDraw = False
2026-07-31_15:41:20.126219 	EXP 	fix_cross: autoDraw = True
2026-07-31_15:41:20.126219 	EXP 	fix_cross: autoDraw = False
2026-07-31_15:41:20.126219 	EXP 	fix_cross_2: autoDraw = True
2026-07-31_15:41:21.069329 	EXP 	New trial (rep=0, index=51): <Trial 51 (51 in rep 0) data={'block': 2, 'trial_in_block': 2, 'concept': 'bread', 'concept_num': 3, 'concept_num_word': 3, 'exemplar_num': 21, 'image_shown': 'bread\\bread_21.jpg', 'word_shown_english': 'bread', 'word_shown_german': 'Brot', 'word_shown_french': 'Pain', 'is_prompt': 1, 'is_mismatch': 0, 'ITI_length': 0.82, 'correct_response': None, 'nonmatch_pres_side': None, 'thisN': 51, 'thisTrialN': 51, 'thisRepN': 0}>
2026-07-31_15:41:21.143875 	EXP 	fix_cross_2: autoDraw = False
2026-07-31_15:41:21.143875 	EXP 	fix_cross_2: autoDraw = False
2026-07-31_15:41:21.143875 	EXP 	breaks_instruction: height = 0.025
2026-07-31_15:41:21.143875 	EXP 	breaks_instruction: height = 0.025
2026-07-31_15:41:21.143875 	EXP 	breaks_instruction: height = 0.025
2026-07-31_15:41:21.143875 	EXP 	breaks_instruction: text = 'Pause, die Aufgabe geht gleich weiter.\nEs sind noch 8 Blöcke übrig.'
2026-07-31_15:41:21.143875 	EXP 	instruction_continuebreak: text = 'Die Pause ist vorbei.\nBitte drücken Sie eine beliebige Taste,\nsobald sie bereit sind, weiterzumachen.'
2026-07-31_15:41:21.143875 	EXP 	breaks_instruction: autoDraw = False
2026-07-31_15:41:21.143875 	EXP 	progress_bar_breaks: autoDraw = False
2026-07-31_15:41:21.143875 	EXP 	instruction_continuebreak: autoDraw = False
2026-07-31_15:41:21.143875 	EXP 	image: image = 'stimuli\\bread\\bread_21.jpg'
2026-07-31_15:41:21.143875 	EXP 	image: autoDraw = True
2026-07-31_15:41:21.897885 	EXP 	spoken_word: sampleRate = 24000
2026-07-31_15:41:21.899935 	INFO 	Resampled audio from 24000Hz to 48000Hz using method 'default'.
2026-07-31_15:41:21.899970 	DEBUG 	Converted audio clip from mono to stereo
2026-07-31_15:41:21.901749 	EXP 	spoken_word: sampleRate = 24000
2026-07-31_15:41:21.904006 	INFO 	Resampled audio from 24000Hz to 48000Hz using method 'default'.
2026-07-31_15:41:21.904034 	DEBUG 	Converted audio clip from mono to stereo
2026-07-31_15:41:21.904452 	EXP 	Sound spoken_word reached end of file
277.0347 	EXP 	Playing sound spoken_word on speaker Lautsprecher (Realtek(R) Audio)
2026-07-31_15:41:21.925409 	INFO 	Keyboard events cleared
2026-07-31_15:41:21.925160 	EXP 	image: autoDraw = False
2026-07-31_15:41:21.925160 	EXP 	image: autoDraw = False
2026-07-31_15:41:21.925160 	EXP 	fix_cross: foreColor = <psychopy.colors.Color: white, alpha=1.0>
2026-07-31_15:41:21.925160 	EXP 	fix_cross: autoDraw = True
2026-07-31_15:41:22.803472 	EXP 	Sound spoken_word reached end of file
2026-07-31_15:41:22.827455 	EXP 	Sound spoken_word reached end of file
2026-07-31_15:41:23.409572 	EXP 	fix_cross: foreColor = <psychopy.colors.Color: green, alpha=1.0>
2026-07-31_15:41:23.425964 	EXP 	fix_cross: autoDraw = False
2026-07-31_15:41:23.425964 	EXP 	fix_cross: autoDraw = True
2026-07-31_15:41:23.442324 	EXP 	fix_cross: autoDraw = False
2026-07-31_15:41:23.442324 	EXP 	fix_cross: autoDraw = True
2026-07-31_15:41:23.464572 	EXP 	fix_cross: autoDraw = False
2026-07-31_15:41:23.464572 	EXP 	fix_cross: autoDraw = True
2026-07-31_15:41:23.491174 	EXP 	fix_cross: autoDraw = False
2026-07-31_15:41:23.491174 	EXP 	fix_cross: autoDraw = True
2026-07-31_15:41:23.509165 	EXP 	fix_cross: autoDraw = False
2026-07-31_15:41:23.509165 	EXP 	fix_cross: autoDraw = True
2026-07-31_15:41:23.525661 	EXP 	fix_cross: autoDraw = False
2026-07-31_15:41:23.525661 	EXP 	fix_cross: autoDraw = True
2026-07-31_15:41:23.546425 	EXP 	fix_cross: autoDraw = False
2026-07-31_15:41:23.546425 	EXP 	fix_cross: autoDraw = True
2026-07-31_15:41:23.559751 	EXP 	fix_cross: autoDraw = False
2026-07-31_15:41:23.559751 	EXP 	fix_cross: autoDraw = True
2026-07-31_15:41:23.575845 	EXP 	fix_cross: autoDraw = False
2026-07-31_15:41:23.575845 	EXP 	fix_cross: autoDraw = True
2026-07-31_15:41:23.593053 	EXP 	fix_cross: autoDraw = False
2026-07-31_15:41:23.593053 	EXP 	fix_cross: autoDraw = True
2026-07-31_15:41:23.615546 	EXP 	fix_cross: autoDraw = False
2026-07-31_15:41:23.615546 	EXP 	fix_cross: autoDraw = True
2026-07-31_15:41:23.615546 	EXP 	fix_cross: autoDraw = False
2026-07-31_15:41:23.615546 	EXP 	fix_cross_2: autoDraw = True
2026-07-31_15:41:24.434682 	EXP 	New trial (rep=0, index=52): <Trial 52 (52 in rep 0) data={'block': 2, 'trial_in_block': 3, 'concept': 'chair', 'concept_num': 4, 'concept_num_word': 4, 'exemplar_num': 18, 'image_shown': 'chair\\chair_18.jpg', 'word_shown_english': 'chair', 'word_shown_german': 'Stuhl', 'word_shown_french': 'Chaise', 'is_prompt': 1, 'is_mismatch': 0, 'ITI_length': 0.97, 'correct_response': None, 'nonmatch_pres_side': None, 'thisN': 52, 'thisTrialN': 52, 'thisRepN': 0}>
2026-07-31_15:41:24.494359 	EXP 	fix_cross_2: autoDraw = False
2026-07-31_15:41:24.494359 	EXP 	fix_cross_2: autoDraw = False
2026-07-31_15:41:24.494359 	EXP 	breaks_instruction: text = 'Pause, die Aufgabe geht gleich weiter.\nEs sind noch 8 Blöcke übrig.'
2026-07-31_15:41:24.494359 	EXP 	instruction_continuebreak: text = 'Die Pause ist vorbei.\nBitte drücken Sie eine beliebige Taste,\nsobald sie bereit sind, weiterzumachen.'
2026-07-31_15:41:24.494359 	EXP 	breaks_instruction: autoDraw = False
2026-07-31_15:41:24.494359 	EXP 	progress_bar_breaks: autoDraw = False
2026-07-31_15:41:24.494359 	EXP 	instruction_continuebreak: autoDraw = False
2026-07-31_15:41:24.494359 	EXP 	image: image = 'stimuli\\chair\\chair_18.jpg'
2026-07-31_15:41:24.494359 	EXP 	image: autoDraw = True
2026-07-31_15:41:25.245902 	EXP 	spoken_word: sampleRate = 44100
2026-07-31_15:41:25.250062 	INFO 	Resampled audio from 44100Hz to 48000Hz using method 'default'.
2026-07-31_15:41:25.250093 	DEBUG 	Converted audio clip from mono to stereo
2026-07-31_15:41:25.251775 	EXP 	spoken_word: sampleRate = 44100
2026-07-31_15:41:25.255586 	INFO 	Resampled audio from 44100Hz to 48000Hz using method 'default'.
2026-07-31_15:41:25.255654 	DEBUG 	Converted audio clip from mono to stereo
2026-07-31_15:41:25.256260 	EXP 	Sound spoken_word reached end of file
280.3819 	EXP 	Playing sound spoken_word on speaker Lautsprecher (Realtek(R) Audio)
2026-07-31_15:41:25.274355 	INFO 	Keyboard events cleared
2026-07-31_15:41:25.274080 	EXP 	image: autoDraw = False
2026-07-31_15:41:25.274080 	EXP 	image: autoDraw = False
2026-07-31_15:41:25.274080 	EXP 	fix_cross: foreColor = <psychopy.colors.Color: white, alpha=1.0>
2026-07-31_15:41:25.274080 	EXP 	fix_cross: autoDraw = True
2026-07-31_15:41:25.803574 	EXP 	Sound spoken_word reached end of file
2026-07-31_15:41:25.826673 	EXP 	Sound spoken_word reached end of file
2026-07-31_15:41:26.773529 	EXP 	fix_cross: autoDraw = False
2026-07-31_15:41:26.773529 	EXP 	fix_cross: foreColor = <psychopy.colors.Color: green, alpha=1.0>
2026-07-31_15:41:26.773529 	EXP 	fix_cross: autoDraw = True
2026-07-31_15:41:26.790269 	EXP 	fix_cross: autoDraw = False
2026-07-31_15:41:26.790269 	EXP 	fix_cross: autoDraw = True
2026-07-31_15:41:26.815230 	EXP 	fix_cross: autoDraw = False
2026-07-31_15:41:26.815230 	EXP 	fix_cross: autoDraw = True
2026-07-31_15:41:26.847269 	EXP 	fix_cross: autoDraw = False
2026-07-31_15:41:26.847269 	EXP 	fix_cross: autoDraw = True
2026-07-31_15:41:26.856893 	EXP 	fix_cross: autoDraw = False
2026-07-31_15:41:26.856893 	EXP 	fix_cross: autoDraw = True
2026-07-31_15:41:26.873315 	EXP 	fix_cross: autoDraw = False
2026-07-31_15:41:26.873315 	EXP 	fix_cross: autoDraw = True
2026-07-31_15:41:26.889814 	EXP 	fix_cross: autoDraw = False
2026-07-31_15:41:26.889814 	EXP 	fix_cross: autoDraw = True
2026-07-31_15:41:26.906858 	EXP 	fix_cross: autoDraw = False
2026-07-31_15:41:26.906858 	EXP 	fix_cross: autoDraw = True
2026-07-31_15:41:26.923193 	EXP 	fix_cross: autoDraw = False
2026-07-31_15:41:26.923193 	EXP 	fix_cross: autoDraw = True
2026-07-31_15:41:26.944514 	EXP 	fix_cross: autoDraw = False
2026-07-31_15:41:26.944514 	EXP 	fix_cross: autoDraw = True
2026-07-31_15:41:26.956378 	EXP 	fix_cross: autoDraw = False
2026-07-31_15:41:26.956378 	EXP 	fix_cross: autoDraw = True
2026-07-31_15:41:26.973288 	EXP 	fix_cross: autoDraw = False
2026-07-31_15:41:26.973288 	EXP 	fix_cross: autoDraw = True
2026-07-31_15:41:26.973288 	EXP 	fix_cross: autoDraw = False
2026-07-31_15:41:26.973288 	EXP 	fix_cross_2: autoDraw = True
2026-07-31_15:41:27.930539 	EXP 	New trial (rep=0, index=53): <Trial 53 (53 in rep 0) data={'block': 2, 'trial_in_block': 4, 'concept': 'bread', 'concept_num': 3, 'concept_num_word': 3, 'exemplar_num': 38, 'image_shown': 'bread\\bread_38.jpg', 'word_shown_english': 'bread', 'word_shown_german': 'Brot', 'word_shown_french': 'Pain', 'is_prompt': 1, 'is_mismatch': 0, 'ITI_length': 1.17, 'correct_response': None, 'nonmatch_pres_side': None, 'thisN': 53, 'thisTrialN': 53, 'thisRepN': 0}>
2026-07-31_15:41:28.025715 	EXP 	fix_cross_2: autoDraw = False
2026-07-31_15:41:28.025715 	EXP 	fix_cross_2: autoDraw = False
2026-07-31_15:41:28.025715 	EXP 	breaks_instruction: text = 'Pause, die Aufgabe geht gleich weiter.\nEs sind noch 8 Blöcke übrig.'
2026-07-31_15:41:28.025715 	EXP 	instruction_continuebreak: text = 'Die Pause ist vorbei.\nBitte drücken Sie eine beliebige Taste,\nsobald sie bereit sind, weiterzumachen.'
2026-07-31_15:41:28.025715 	EXP 	breaks_instruction: autoDraw = False
2026-07-31_15:41:28.025715 	EXP 	progress_bar_breaks: autoDraw = False
2026-07-31_15:41:28.025715 	EXP 	instruction_continuebreak: autoDraw = False
2026-07-31_15:41:28.025715 	EXP 	image: image = 'stimuli\\bread\\bread_38.jpg'
2026-07-31_15:41:28.025715 	EXP 	image: autoDraw = True
2026-07-31_15:41:28.778142 	EXP 	spoken_word: sampleRate = 24000
2026-07-31_15:41:28.780533 	INFO 	Resampled audio from 24000Hz to 48000Hz using method 'default'.
2026-07-31_15:41:28.780560 	DEBUG 	Converted audio clip from mono to stereo
2026-07-31_15:41:28.782428 	EXP 	spoken_word: sampleRate = 24000
2026-07-31_15:41:28.785201 	INFO 	Resampled audio from 24000Hz to 48000Hz using method 'default'.
2026-07-31_15:41:28.785247 	DEBUG 	Converted audio clip from mono to stereo
2026-07-31_15:41:28.786067 	EXP 	Sound spoken_word reached end of file
283.9149 	EXP 	Playing sound spoken_word on speaker Lautsprecher (Realtek(R) Audio)
2026-07-31_15:41:28.806330 	INFO 	Keyboard events cleared
2026-07-31_15:41:28.806139 	EXP 	image: autoDraw = False
2026-07-31_15:41:28.806139 	EXP 	image: autoDraw = False
2026-07-31_15:41:28.806139 	EXP 	fix_cross: foreColor = <psychopy.colors.Color: white, alpha=1.0>
2026-07-31_15:41:28.806139 	EXP 	fix_cross: autoDraw = True
2026-07-31_15:41:29.683440 	EXP 	Sound spoken_word reached end of file
2026-07-31_15:41:29.707831 	EXP 	Sound spoken_word reached end of file
2026-07-31_15:41:30.314925 	EXP 	fix_cross: autoDraw = False
2026-07-31_15:41:30.314925 	EXP 	fix_cross: foreColor = <psychopy.colors.Color: green, alpha=1.0>
2026-07-31_15:41:30.314925 	EXP 	fix_cross: autoDraw = True
2026-07-31_15:41:30.345332 	EXP 	fix_cross: autoDraw = False
2026-07-31_15:41:30.345332 	EXP 	fix_cross: autoDraw = True
2026-07-31_15:41:30.361006 	EXP 	fix_cross: autoDraw = False
2026-07-31_15:41:30.361006 	EXP 	fix_cross: autoDraw = True
2026-07-31_15:41:30.373106 	EXP 	fix_cross: autoDraw = False
2026-07-31_15:41:30.373106 	EXP 	fix_cross: autoDraw = True
2026-07-31_15:41:30.388670 	EXP 	fix_cross: autoDraw = False
2026-07-31_15:41:30.388670 	EXP 	fix_cross: autoDraw = True
2026-07-31_15:41:30.405658 	EXP 	fix_cross: autoDraw = False
2026-07-31_15:41:30.405658 	EXP 	fix_cross: autoDraw = True
2026-07-31_15:41:30.422080 	EXP 	fix_cross: autoDraw = False
2026-07-31_15:41:30.422080 	EXP 	fix_cross: autoDraw = True
2026-07-31_15:41:30.443594 	EXP 	fix_cross: autoDraw = False
2026-07-31_15:41:30.443594 	EXP 	fix_cross: autoDraw = True
2026-07-31_15:41:30.455301 	EXP 	fix_cross: autoDraw = False
2026-07-31_15:41:30.455301 	EXP 	fix_cross: autoDraw = True
2026-07-31_15:41:30.471598 	EXP 	fix_cross: autoDraw = False
2026-07-31_15:41:30.471598 	EXP 	fix_cross: autoDraw = True
2026-07-31_15:41:30.488570 	EXP 	fix_cross: autoDraw = False
2026-07-31_15:41:30.488570 	EXP 	fix_cross: autoDraw = True
2026-07-31_15:41:30.505203 	EXP 	fix_cross: autoDraw = False
2026-07-31_15:41:30.505203 	EXP 	fix_cross: autoDraw = True
2026-07-31_15:41:30.521635 	EXP 	fix_cross: autoDraw = False
2026-07-31_15:41:30.521635 	EXP 	fix_cross: autoDraw = True
2026-07-31_15:41:30.521635 	EXP 	fix_cross: autoDraw = False
2026-07-31_15:41:30.521635 	EXP 	fix_cross_2: autoDraw = True
2026-07-31_15:41:31.691256 	EXP 	New trial (rep=0, index=54): <Trial 54 (54 in rep 0) data={'block': 2, 'trial_in_block': 5, 'concept': 'bicycle', 'concept_num': 2, 'concept_num_word': 2, 'exemplar_num': 20, 'image_shown': 'bicycle\\bicycle_20.jpg', 'word_shown_english': 'bicycle', 'word_shown_german': 'Fahrrad', 'word_shown_french': 'Vélo', 'is_prompt': 1, 'is_mismatch': 0, 'ITI_length': 0.91, 'correct_response': None, 'nonmatch_pres_side': None, 'thisN': 54, 'thisTrialN': 54, 'thisRepN': 0}>
2026-07-31_15:41:31.741180 	EXP 	fix_cross_2: autoDraw = False
2026-07-31_15:41:31.741180 	EXP 	fix_cross_2: autoDraw = False
2026-07-31_15:41:31.741180 	EXP 	breaks_instruction: text = 'Pause, die Aufgabe geht gleich weiter.\nEs sind noch 8 Blöcke übrig.'
2026-07-31_15:41:31.741180 	EXP 	instruction_continuebreak: text = 'Die Pause ist vorbei.\nBitte drücken Sie eine beliebige Taste,\nsobald sie bereit sind, weiterzumachen.'
2026-07-31_15:41:31.741180 	EXP 	breaks_instruction: autoDraw = False
2026-07-31_15:41:31.741180 	EXP 	progress_bar_breaks: autoDraw = False
2026-07-31_15:41:31.741180 	EXP 	instruction_continuebreak: autoDraw = False
2026-07-31_15:41:31.741180 	EXP 	image: image = 'stimuli\\bicycle\\bicycle_20.jpg'
2026-07-31_15:41:31.741180 	EXP 	image: autoDraw = True
2026-07-31_15:41:32.492353 	EXP 	spoken_word: sampleRate = 48000
2026-07-31_15:41:32.493502 	DEBUG 	Converted audio clip from mono to stereo
2026-07-31_15:41:32.494933 	EXP 	spoken_word: sampleRate = 48000
2026-07-31_15:41:32.495783 	DEBUG 	Converted audio clip from mono to stereo
2026-07-31_15:41:32.496089 	EXP 	Sound spoken_word reached end of file
287.6301 	EXP 	Playing sound spoken_word on speaker Lautsprecher (Realtek(R) Audio)
2026-07-31_15:41:32.504689 	INFO 	Keyboard events cleared
2026-07-31_15:41:32.504473 	EXP 	image: autoDraw = False
2026-07-31_15:41:32.504473 	EXP 	image: autoDraw = False
2026-07-31_15:41:32.504473 	EXP 	fix_cross: foreColor = <psychopy.colors.Color: white, alpha=1.0>
2026-07-31_15:41:32.504473 	EXP 	fix_cross: autoDraw = True
2026-07-31_15:41:33.191963 	EXP 	Sound spoken_word reached end of file
2026-07-31_15:41:33.207186 	EXP 	Sound spoken_word reached end of file
2026-07-31_15:41:34.004187 	EXP 	fix_cross: autoDraw = False
2026-07-31_15:41:34.021159 	EXP 	fix_cross: foreColor = <psychopy.colors.Color: green, alpha=1.0>
2026-07-31_15:41:34.021159 	EXP 	fix_cross: autoDraw = True
2026-07-31_15:41:34.038014 	EXP 	fix_cross: autoDraw = False
2026-07-31_15:41:34.038014 	EXP 	fix_cross: autoDraw = True
2026-07-31_15:41:34.057412 	EXP 	fix_cross: autoDraw = False
2026-07-31_15:41:34.057412 	EXP 	fix_cross: autoDraw = True
2026-07-31_15:41:34.070693 	EXP 	fix_cross: autoDraw = False
2026-07-31_15:41:34.070693 	EXP 	fix_cross: autoDraw = True
2026-07-31_15:41:34.087033 	EXP 	fix_cross: autoDraw = False
2026-07-31_15:41:34.087033 	EXP 	fix_cross: autoDraw = True
2026-07-31_15:41:34.104143 	EXP 	fix_cross: autoDraw = False
2026-07-31_15:41:34.104143 	EXP 	fix_cross: autoDraw = True
2026-07-31_15:41:34.121103 	EXP 	fix_cross: autoDraw = False
2026-07-31_15:41:34.121103 	EXP 	fix_cross: autoDraw = True
2026-07-31_15:41:34.137639 	EXP 	fix_cross: autoDraw = False
2026-07-31_15:41:34.137639 	EXP 	fix_cross: autoDraw = True
2026-07-31_15:41:34.158148 	EXP 	fix_cross: autoDraw = False
2026-07-31_15:41:34.158148 	EXP 	fix_cross: autoDraw = True
2026-07-31_15:41:34.170766 	EXP 	fix_cross: autoDraw = False
2026-07-31_15:41:34.170766 	EXP 	fix_cross: autoDraw = True
2026-07-31_15:41:34.194823 	EXP 	fix_cross: autoDraw = False
2026-07-31_15:41:34.194823 	EXP 	fix_cross: autoDraw = True
2026-07-31_15:41:34.208561 	EXP 	fix_cross: autoDraw = False
2026-07-31_15:41:34.208561 	EXP 	fix_cross: autoDraw = True
2026-07-31_15:41:34.228030 	EXP 	fix_cross: autoDraw = False
2026-07-31_15:41:34.228030 	EXP 	fix_cross: autoDraw = True
2026-07-31_15:41:34.228030 	EXP 	fix_cross: autoDraw = False
2026-07-31_15:41:34.228030 	EXP 	fix_cross_2: autoDraw = True
2026-07-31_15:41:35.123496 	EXP 	New trial (rep=0, index=55): <Trial 55 (55 in rep 0) data={'block': 2, 'trial_in_block': 6, 'concept': 'hammer', 'concept_num': 7, 'concept_num_word': 7, 'exemplar_num': 27, 'image_shown': 'hammer\\hammer_27.jpg', 'word_shown_english': 'hammer', 'word_shown_german': 'Hammer', 'word_shown_french': 'Marteau', 'is_prompt': 1, 'is_mismatch': 0, 'ITI_length': 1.19, 'correct_response': None, 'nonmatch_pres_side': None, 'thisN': 55, 'thisTrialN': 55, 'thisRepN': 0}>
2026-07-31_15:41:35.173506 	EXP 	fix_cross_2: autoDraw = False
2026-07-31_15:41:35.173506 	EXP 	fix_cross_2: autoDraw = False
2026-07-31_15:41:35.173506 	EXP 	breaks_instruction: text = 'Pause, die Aufgabe geht gleich weiter.\nEs sind noch 8 Blöcke übrig.'
2026-07-31_15:41:35.173506 	EXP 	instruction_continuebreak: text = 'Die Pause ist vorbei.\nBitte drücken Sie eine beliebige Taste,\nsobald sie bereit sind, weiterzumachen.'
2026-07-31_15:41:35.173506 	EXP 	breaks_instruction: autoDraw = False
2026-07-31_15:41:35.173506 	EXP 	progress_bar_breaks: autoDraw = False
2026-07-31_15:41:35.173506 	EXP 	instruction_continuebreak: autoDraw = False
2026-07-31_15:41:35.173506 	EXP 	image: image = 'stimuli\\hammer\\hammer_27.jpg'
2026-07-31_15:41:35.173506 	EXP 	image: autoDraw = True
2026-07-31_15:41:35.914933 	EXP 	spoken_word: sampleRate = 44100
2026-07-31_15:41:35.917029 	INFO 	Resampled audio from 44100Hz to 48000Hz using method 'default'.
2026-07-31_15:41:35.917057 	DEBUG 	Converted audio clip from mono to stereo
2026-07-31_15:41:35.918535 	EXP 	spoken_word: sampleRate = 44100
2026-07-31_15:41:35.920593 	INFO 	Resampled audio from 44100Hz to 48000Hz using method 'default'.
2026-07-31_15:41:35.920612 	DEBUG 	Converted audio clip from mono to stereo
2026-07-31_15:41:35.920858 	EXP 	Sound spoken_word reached end of file
291.0523 	EXP 	Playing sound spoken_word on speaker Lautsprecher (Realtek(R) Audio)
2026-07-31_15:41:35.936236 	INFO 	Keyboard events cleared
2026-07-31_15:41:35.935995 	EXP 	image: autoDraw = False
2026-07-31_15:41:35.935995 	EXP 	image: autoDraw = False
2026-07-31_15:41:35.935995 	EXP 	fix_cross: foreColor = <psychopy.colors.Color: white, alpha=1.0>
2026-07-31_15:41:35.935995 	EXP 	fix_cross: autoDraw = True
2026-07-31_15:41:36.424346 	EXP 	Sound spoken_word reached end of file
2026-07-31_15:41:36.448104 	EXP 	Sound spoken_word reached end of file
2026-07-31_15:41:37.440716 	EXP 	fix_cross: autoDraw = False
2026-07-31_15:41:37.440716 	EXP 	fix_cross: foreColor = <psychopy.colors.Color: green, alpha=1.0>
2026-07-31_15:41:37.440716 	EXP 	fix_cross: autoDraw = True
2026-07-31_15:41:37.452853 	EXP 	fix_cross: autoDraw = False
2026-07-31_15:41:37.452853 	EXP 	fix_cross: autoDraw = True
2026-07-31_15:41:37.469427 	EXP 	fix_cross: autoDraw = False
2026-07-31_15:41:37.469427 	EXP 	fix_cross: autoDraw = True
2026-07-31_15:41:37.485633 	EXP 	fix_cross: autoDraw = False
2026-07-31_15:41:37.485633 	EXP 	fix_cross: autoDraw = True
2026-07-31_15:41:37.502905 	EXP 	fix_cross: autoDraw = False
2026-07-31_15:41:37.502905 	EXP 	fix_cross: autoDraw = True
2026-07-31_15:41:37.520042 	EXP 	fix_cross: autoDraw = False
2026-07-31_15:41:37.520042 	EXP 	fix_cross: autoDraw = True
2026-07-31_15:41:37.536627 	EXP 	fix_cross: autoDraw = False
2026-07-31_15:41:37.536627 	EXP 	fix_cross: autoDraw = True
2026-07-31_15:41:37.560344 	EXP 	fix_cross: autoDraw = False
2026-07-31_15:41:37.560344 	EXP 	fix_cross: autoDraw = True
2026-07-31_15:41:37.574562 	EXP 	fix_cross: autoDraw = False
2026-07-31_15:41:37.574562 	EXP 	fix_cross: autoDraw = True
2026-07-31_15:41:37.593160 	EXP 	fix_cross: autoDraw = False
2026-07-31_15:41:37.593160 	EXP 	fix_cross: autoDraw = True
2026-07-31_15:41:37.603549 	EXP 	fix_cross: autoDraw = False
2026-07-31_15:41:37.603549 	EXP 	fix_cross: autoDraw = True
2026-07-31_15:41:37.619267 	EXP 	fix_cross: autoDraw = False
2026-07-31_15:41:37.619267 	EXP 	fix_cross: autoDraw = True
2026-07-31_15:41:37.636167 	EXP 	fix_cross: autoDraw = False
2026-07-31_15:41:37.636167 	EXP 	fix_cross: autoDraw = True
2026-07-31_15:41:37.653230 	EXP 	fix_cross: autoDraw = False
2026-07-31_15:41:37.653230 	EXP 	fix_cross: autoDraw = True
2026-07-31_15:41:37.653230 	EXP 	fix_cross: autoDraw = False
2026-07-31_15:41:37.653230 	EXP 	fix_cross_2: autoDraw = True
2026-07-31_15:41:38.838909 	EXP 	New trial (rep=0, index=56): <Trial 56 (56 in rep 0) data={'block': 2, 'trial_in_block': 7, 'concept': 'house', 'concept_num': 9, 'concept_num_word': 6, 'exemplar_num': 25, 'image_shown': 'house\\house_25.jpg', 'word_shown_english': 'flower', 'word_shown_german': 'Blume', 'word_shown_french': 'Fleur', 'is_prompt': 1, 'is_mismatch': 1, 'ITI_length': 1.05, 'correct_response': 'r', 'nonmatch_pres_side': 'left', 'thisN': 56, 'thisTrialN': 56, 'thisRepN': 0}>
2026-07-31_15:41:38.888823 	EXP 	fix_cross_2: autoDraw = False
2026-07-31_15:41:38.888823 	EXP 	fix_cross_2: autoDraw = False
2026-07-31_15:41:38.888823 	EXP 	breaks_instruction: text = 'Pause, die Aufgabe geht gleich weiter.\nEs sind noch 8 Blöcke übrig.'
2026-07-31_15:41:38.888823 	EXP 	instruction_continuebreak: text = 'Die Pause ist vorbei.\nBitte drücken Sie eine beliebige Taste,\nsobald sie bereit sind, weiterzumachen.'
2026-07-31_15:41:38.888823 	EXP 	breaks_instruction: autoDraw = False
2026-07-31_15:41:38.888823 	EXP 	progress_bar_breaks: autoDraw = False
2026-07-31_15:41:38.888823 	EXP 	instruction_continuebreak: autoDraw = False
2026-07-31_15:41:38.888823 	EXP 	image: image = 'stimuli\\house\\house_25.jpg'
2026-07-31_15:41:38.888823 	EXP 	image: autoDraw = True
2026-07-31_15:41:39.643854 	EXP 	spoken_word: sampleRate = 24000
2026-07-31_15:41:39.645292 	INFO 	Resampled audio from 24000Hz to 48000Hz using method 'default'.
2026-07-31_15:41:39.645315 	DEBUG 	Converted audio clip from mono to stereo
2026-07-31_15:41:39.646599 	EXP 	spoken_word: sampleRate = 24000
2026-07-31_15:41:39.647871 	INFO 	Resampled audio from 24000Hz to 48000Hz using method 'default'.
2026-07-31_15:41:39.647892 	DEBUG 	Converted audio clip from mono to stereo
2026-07-31_15:41:39.648217 	EXP 	Sound spoken_word reached end of file
294.7809 	EXP 	Playing sound spoken_word on speaker Lautsprecher (Realtek(R) Audio)
2026-07-31_15:41:39.669198 	INFO 	Keyboard events cleared
2026-07-31_15:41:39.669035 	EXP 	image: autoDraw = False
2026-07-31_15:41:39.669035 	EXP 	image: autoDraw = False
2026-07-31_15:41:39.669035 	EXP 	fix_cross: foreColor = <psychopy.colors.Color: white, alpha=1.0>
2026-07-31_15:41:39.669035 	EXP 	fix_cross: autoDraw = True
2026-07-31_15:41:40.527202 	EXP 	Sound spoken_word reached end of file
2026-07-31_15:41:40.537463 	EXP 	Sound spoken_word reached end of file
2026-07-31_15:41:41.172704 	EXP 	fix_cross: autoDraw = False
2026-07-31_15:41:41.172704 	EXP 	fix_cross: foreColor = <psychopy.colors.Color: red, alpha=1.0>
2026-07-31_15:41:41.172704 	EXP 	fix_cross: autoDraw = True
2026-07-31_15:41:41.185152 	EXP 	fix_cross: autoDraw = False
2026-07-31_15:41:41.185152 	EXP 	fix_cross: autoDraw = True
2026-07-31_15:41:41.201931 	EXP 	fix_cross: autoDraw = False
2026-07-31_15:41:41.201931 	EXP 	fix_cross: autoDraw = True
2026-07-31_15:41:41.218513 	EXP 	fix_cross: autoDraw = False
2026-07-31_15:41:41.218513 	EXP 	fix_cross: autoDraw = True
2026-07-31_15:41:41.235481 	EXP 	fix_cross: autoDraw = False
2026-07-31_15:41:41.235481 	EXP 	fix_cross: autoDraw = True
2026-07-31_15:41:41.252163 	EXP 	fix_cross: autoDraw = False
2026-07-31_15:41:41.252163 	EXP 	fix_cross: autoDraw = True
2026-07-31_15:41:41.272044 	EXP 	fix_cross: autoDraw = False
2026-07-31_15:41:41.272044 	EXP 	fix_cross: autoDraw = True
2026-07-31_15:41:41.285231 	EXP 	fix_cross: autoDraw = False
2026-07-31_15:41:41.285231 	EXP 	fix_cross: autoDraw = True
2026-07-31_15:41:41.301865 	EXP 	fix_cross: autoDraw = False
2026-07-31_15:41:41.301865 	EXP 	fix_cross: autoDraw = True
2026-07-31_15:41:41.318803 	EXP 	fix_cross: autoDraw = False
2026-07-31_15:41:41.318803 	EXP 	fix_cross: autoDraw = True
2026-07-31_15:41:41.335406 	EXP 	fix_cross: autoDraw = False
2026-07-31_15:41:41.335406 	EXP 	fix_cross: autoDraw = True
2026-07-31_15:41:41.352068 	EXP 	fix_cross: autoDraw = False
2026-07-31_15:41:41.352068 	EXP 	fix_cross: autoDraw = True
2026-07-31_15:41:41.369566 	EXP 	fix_cross: autoDraw = False
2026-07-31_15:41:41.369566 	EXP 	fix_cross: autoDraw = True
2026-07-31_15:41:41.388788 	EXP 	fix_cross: autoDraw = False
2026-07-31_15:41:41.388788 	EXP 	fix_cross: autoDraw = True
2026-07-31_15:41:41.388788 	EXP 	fix_cross: autoDraw = False
2026-07-31_15:41:41.388788 	EXP 	fix_cross_2: autoDraw = True
2026-07-31_15:41:42.438709 	EXP 	New trial (rep=0, index=57): <Trial 57 (57 in rep 0) data={'block': 2, 'trial_in_block': 8, 'concept': 'jacket', 'concept_num': 10, 'concept_num_word': 10, 'exemplar_num': 44, 'image_shown': 'jacket\\jacket_44.jpg', 'word_shown_english': 'jacket', 'word_shown_german': 'Jacke', 'word_shown_french': 'Veste', 'is_prompt': 1, 'is_mismatch': 0, 'ITI_length': 1.18, 'correct_response': None, 'nonmatch_pres_side': None, 'thisN': 57, 'thisTrialN': 57, 'thisRepN': 0}>
2026-07-31_15:41:42.534686 	EXP 	fix_cross_2: autoDraw = False
2026-07-31_15:41:42.534686 	EXP 	fix_cross_2: autoDraw = False
2026-07-31_15:41:42.534686 	EXP 	breaks_instruction: text = 'Pause, die Aufgabe geht gleich weiter.\nEs sind noch 8 Blöcke übrig.'
2026-07-31_15:41:42.534686 	EXP 	instruction_continuebreak: text = 'Die Pause ist vorbei.\nBitte drücken Sie eine beliebige Taste,\nsobald sie bereit sind, weiterzumachen.'
2026-07-31_15:41:42.534686 	EXP 	breaks_instruction: autoDraw = False
2026-07-31_15:41:42.534686 	EXP 	progress_bar_breaks: autoDraw = False
2026-07-31_15:41:42.534686 	EXP 	instruction_continuebreak: autoDraw = False
2026-07-31_15:41:42.534686 	EXP 	image: image = 'stimuli\\jacket\\jacket_44.jpg'
2026-07-31_15:41:42.534686 	EXP 	image: autoDraw = True
2026-07-31_15:41:43.271362 	EXP 	spoken_word: sampleRate = 44100
2026-07-31_15:41:43.275016 	INFO 	Resampled audio from 44100Hz to 48000Hz using method 'default'.
2026-07-31_15:41:43.275053 	DEBUG 	Converted audio clip from mono to stereo
2026-07-31_15:41:43.276738 	EXP 	spoken_word: sampleRate = 44100
2026-07-31_15:41:43.280439 	INFO 	Resampled audio from 44100Hz to 48000Hz using method 'default'.
2026-07-31_15:41:43.280471 	DEBUG 	Converted audio clip from mono to stereo
2026-07-31_15:41:43.280828 	EXP 	Sound spoken_word reached end of file
298.4089 	EXP 	Playing sound spoken_word on speaker Lautsprecher (Realtek(R) Audio)
2026-07-31_15:41:43.301786 	INFO 	Keyboard events cleared
2026-07-31_15:41:43.301530 	EXP 	image: autoDraw = False
2026-07-31_15:41:43.301530 	EXP 	image: autoDraw = False
2026-07-31_15:41:43.301530 	EXP 	fix_cross: foreColor = <psychopy.colors.Color: white, alpha=1.0>
2026-07-31_15:41:43.301530 	EXP 	fix_cross: autoDraw = True
2026-07-31_15:41:43.808482 	EXP 	Sound spoken_word reached end of file
2026-07-31_15:41:43.820221 	EXP 	Sound spoken_word reached end of file
2026-07-31_15:41:44.793205 	EXP 	fix_cross: foreColor = <psychopy.colors.Color: green, alpha=1.0>
2026-07-31_15:41:44.817254 	EXP 	fix_cross: autoDraw = False
2026-07-31_15:41:44.817254 	EXP 	fix_cross: autoDraw = True
2026-07-31_15:41:44.834548 	EXP 	fix_cross: autoDraw = False
2026-07-31_15:41:44.834548 	EXP 	fix_cross: autoDraw = True
2026-07-31_15:41:44.851430 	EXP 	fix_cross: autoDraw = False
2026-07-31_15:41:44.851430 	EXP 	fix_cross: autoDraw = True
2026-07-31_15:41:44.867276 	EXP 	fix_cross: autoDraw = False
2026-07-31_15:41:44.867276 	EXP 	fix_cross: autoDraw = True
2026-07-31_15:41:44.888017 	EXP 	fix_cross: autoDraw = False
2026-07-31_15:41:44.888017 	EXP 	fix_cross: autoDraw = True
2026-07-31_15:41:44.900185 	EXP 	fix_cross: autoDraw = False
2026-07-31_15:41:44.900185 	EXP 	fix_cross: autoDraw = True
2026-07-31_15:41:44.917038 	EXP 	fix_cross: autoDraw = False
2026-07-31_15:41:44.917038 	EXP 	fix_cross: autoDraw = True
2026-07-31_15:41:44.934156 	EXP 	fix_cross: autoDraw = False
2026-07-31_15:41:44.934156 	EXP 	fix_cross: autoDraw = True
2026-07-31_15:41:44.950531 	EXP 	fix_cross: autoDraw = False
2026-07-31_15:41:44.950531 	EXP 	fix_cross: autoDraw = True
2026-07-31_15:41:44.967536 	EXP 	fix_cross: autoDraw = False
2026-07-31_15:41:44.967536 	EXP 	fix_cross: autoDraw = True
2026-07-31_15:41:44.987411 	EXP 	fix_cross: autoDraw = False
2026-07-31_15:41:44.987411 	EXP 	fix_cross: autoDraw = True
2026-07-31_15:41:45.000898 	EXP 	fix_cross: autoDraw = False
2026-07-31_15:41:45.000898 	EXP 	fix_cross: autoDraw = True
2026-07-31_15:41:45.000898 	EXP 	fix_cross: autoDraw = False
2026-07-31_15:41:45.000898 	EXP 	fix_cross_2: autoDraw = True
2026-07-31_15:41:46.170053 	EXP 	New trial (rep=0, index=58): <Trial 58 (58 in rep 0) data={'block': 2, 'trial_in_block': 9, 'concept': 'dog', 'concept_num': 5, 'concept_num_word': 5, 'exemplar_num': 5, 'image_shown': 'dog\\dog_05.jpg', 'word_shown_english': 'dog', 'word_shown_german': 'Hund', 'word_shown_french': 'Chien', 'is_prompt': 1, 'is_mismatch': 0, 'ITI_length': 0.91, 'correct_response': None, 'nonmatch_pres_side': None, 'thisN': 58, 'thisTrialN': 58, 'thisRepN': 0}>
2026-07-31_15:41:46.222518 	EXP 	fix_cross_2: autoDraw = False
2026-07-31_15:41:46.222518 	EXP 	fix_cross_2: autoDraw = False
2026-07-31_15:41:46.222518 	EXP 	breaks_instruction: text = 'Pause, die Aufgabe geht gleich weiter.\nEs sind noch 8 Blöcke übrig.'
2026-07-31_15:41:46.222518 	EXP 	instruction_continuebreak: text = 'Die Pause ist vorbei.\nBitte drücken Sie eine beliebige Taste,\nsobald sie bereit sind, weiterzumachen.'
2026-07-31_15:41:46.222518 	EXP 	breaks_instruction: autoDraw = False
2026-07-31_15:41:46.222518 	EXP 	progress_bar_breaks: autoDraw = False
2026-07-31_15:41:46.222518 	EXP 	instruction_continuebreak: autoDraw = False
2026-07-31_15:41:46.222518 	EXP 	image: image = 'stimuli\\dog\\dog_05.jpg'
2026-07-31_15:41:46.222518 	EXP 	image: autoDraw = True
2026-07-31_15:41:46.970643 	EXP 	spoken_word: sampleRate = 44100
2026-07-31_15:41:46.972967 	INFO 	Resampled audio from 44100Hz to 48000Hz using method 'default'.
2026-07-31_15:41:46.972992 	DEBUG 	Converted audio clip from mono to stereo
2026-07-31_15:41:46.974435 	EXP 	spoken_word: sampleRate = 44100
2026-07-31_15:41:46.976644 	INFO 	Resampled audio from 44100Hz to 48000Hz using method 'default'.
2026-07-31_15:41:46.976662 	DEBUG 	Converted audio clip from mono to stereo
2026-07-31_15:41:46.976912 	EXP 	Sound spoken_word reached end of file
302.1083 	EXP 	Playing sound spoken_word on speaker Lautsprecher (Realtek(R) Audio)
2026-07-31_15:41:46.983959 	INFO 	Keyboard events cleared
2026-07-31_15:41:46.983734 	EXP 	image: autoDraw = False
2026-07-31_15:41:46.983734 	EXP 	image: autoDraw = False
2026-07-31_15:41:46.983734 	EXP 	fix_cross: foreColor = <psychopy.colors.Color: white, alpha=1.0>
2026-07-31_15:41:46.983734 	EXP 	fix_cross: autoDraw = True
2026-07-31_15:41:47.452355 	EXP 	Sound spoken_word reached end of file
2026-07-31_15:41:47.469188 	EXP 	Sound spoken_word reached end of file
2026-07-31_15:41:48.486641 	EXP 	fix_cross: autoDraw = False
2026-07-31_15:41:48.486641 	EXP 	fix_cross: foreColor = <psychopy.colors.Color: green, alpha=1.0>
2026-07-31_15:41:48.486641 	EXP 	fix_cross: autoDraw = True
2026-07-31_15:41:48.499716 	EXP 	fix_cross: autoDraw = False
2026-07-31_15:41:48.499716 	EXP 	fix_cross: autoDraw = True
2026-07-31_15:41:48.516394 	EXP 	fix_cross: autoDraw = False
2026-07-31_15:41:48.516394 	EXP 	fix_cross: autoDraw = True
2026-07-31_15:41:48.533231 	EXP 	fix_cross: autoDraw = False
2026-07-31_15:41:48.533231 	EXP 	fix_cross: autoDraw = True
2026-07-31_15:41:48.549904 	EXP 	fix_cross: autoDraw = False
2026-07-31_15:41:48.549904 	EXP 	fix_cross: autoDraw = True
2026-07-31_15:41:48.566596 	EXP 	fix_cross: autoDraw = False
2026-07-31_15:41:48.566596 	EXP 	fix_cross: autoDraw = True
2026-07-31_15:41:48.583168 	EXP 	fix_cross: autoDraw = False
2026-07-31_15:41:48.583168 	EXP 	fix_cross: autoDraw = True
2026-07-31_15:41:48.603543 	EXP 	fix_cross: autoDraw = False
2026-07-31_15:41:48.603543 	EXP 	fix_cross: autoDraw = True
2026-07-31_15:41:48.616569 	EXP 	fix_cross: autoDraw = False
2026-07-31_15:41:48.616569 	EXP 	fix_cross: autoDraw = True
2026-07-31_15:41:48.642538 	EXP 	fix_cross: autoDraw = False
2026-07-31_15:41:48.642538 	EXP 	fix_cross: autoDraw = True
2026-07-31_15:41:48.673409 	EXP 	fix_cross: autoDraw = False
2026-07-31_15:41:48.673409 	EXP 	fix_cross: autoDraw = True
2026-07-31_15:41:48.683885 	EXP 	fix_cross: autoDraw = False
2026-07-31_15:41:48.683885 	EXP 	fix_cross: autoDraw = True
2026-07-31_15:41:48.683885 	EXP 	fix_cross: autoDraw = False
2026-07-31_15:41:48.683885 	EXP 	fix_cross_2: autoDraw = True
2026-07-31_15:41:49.588765 	EXP 	New trial (rep=0, index=59): <Trial 59 (59 in rep 0) data={'block': 2, 'trial_in_block': 10, 'concept': 'hammer', 'concept_num': 7, 'concept_num_word': 7, 'exemplar_num': 45, 'image_shown': 'hammer\\hammer_45.jpg', 'word_shown_english': 'hammer', 'word_shown_german': 'Hammer', 'word_shown_french': 'Marteau', 'is_prompt': 1, 'is_mismatch': 0, 'ITI_length': 1.24, 'correct_response': None, 'nonmatch_pres_side': None, 'thisN': 59, 'thisTrialN': 59, 'thisRepN': 0}>
2026-07-31_15:41:49.673364 	EXP 	fix_cross_2: autoDraw = False
2026-07-31_15:41:49.673364 	EXP 	fix_cross_2: autoDraw = False
2026-07-31_15:41:49.673364 	EXP 	breaks_instruction: text = 'Pause, die Aufgabe geht gleich weiter.\nEs sind noch 8 Blöcke übrig.'
2026-07-31_15:41:49.673364 	EXP 	instruction_continuebreak: text = 'Die Pause ist vorbei.\nBitte drücken Sie eine beliebige Taste,\nsobald sie bereit sind, weiterzumachen.'
2026-07-31_15:41:49.673364 	EXP 	breaks_instruction: autoDraw = False
2026-07-31_15:41:49.673364 	EXP 	progress_bar_breaks: autoDraw = False
2026-07-31_15:41:49.673364 	EXP 	instruction_continuebreak: autoDraw = False
2026-07-31_15:41:49.673364 	EXP 	image: image = 'stimuli\\hammer\\hammer_45.jpg'
2026-07-31_15:41:49.673364 	EXP 	image: autoDraw = True
2026-07-31_15:41:50.419498 	EXP 	spoken_word: sampleRate = 44100
2026-07-31_15:41:50.421896 	INFO 	Resampled audio from 44100Hz to 48000Hz using method 'default'.
2026-07-31_15:41:50.421918 	DEBUG 	Converted audio clip from mono to stereo
2026-07-31_15:41:50.423420 	EXP 	spoken_word: sampleRate = 44100
2026-07-31_15:41:50.425431 	INFO 	Resampled audio from 44100Hz to 48000Hz using method 'default'.
2026-07-31_15:41:50.425454 	DEBUG 	Converted audio clip from mono to stereo
2026-07-31_15:41:50.425766 	EXP 	Sound spoken_word reached end of file
305.5570 	EXP 	Playing sound spoken_word on speaker Lautsprecher (Realtek(R) Audio)
2026-07-31_15:41:50.432021 	INFO 	Keyboard events cleared
2026-07-31_15:41:50.431861 	EXP 	image: autoDraw = False
2026-07-31_15:41:50.431861 	EXP 	image: autoDraw = False
2026-07-31_15:41:50.431861 	EXP 	fix_cross: foreColor = <psychopy.colors.Color: white, alpha=1.0>
2026-07-31_15:41:50.431861 	EXP 	fix_cross: autoDraw = True
2026-07-31_15:41:50.924598 	EXP 	Sound spoken_word reached end of file
2026-07-31_15:41:50.936118 	EXP 	Sound spoken_word reached end of file
2026-07-31_15:41:51.932489 	EXP 	fix_cross: autoDraw = False
2026-07-31_15:41:51.948452 	EXP 	fix_cross: foreColor = <psychopy.colors.Color: green, alpha=1.0>
2026-07-31_15:41:51.948452 	EXP 	fix_cross: autoDraw = True
2026-07-31_15:41:51.973272 	EXP 	fix_cross: autoDraw = False
2026-07-31_15:41:51.973272 	EXP 	fix_cross: autoDraw = True
2026-07-31_15:41:52.006263 	EXP 	fix_cross: autoDraw = False
2026-07-31_15:41:52.006263 	EXP 	fix_cross: autoDraw = True
2026-07-31_15:41:52.020164 	EXP 	fix_cross: autoDraw = False
2026-07-31_15:41:52.020164 	EXP 	fix_cross: autoDraw = True
2026-07-31_15:41:52.033125 	EXP 	fix_cross: autoDraw = False
2026-07-31_15:41:52.033125 	EXP 	fix_cross: autoDraw = True
2026-07-31_15:41:52.048696 	EXP 	fix_cross: autoDraw = False
2026-07-31_15:41:52.048696 	EXP 	fix_cross: autoDraw = True
2026-07-31_15:41:52.065676 	EXP 	fix_cross: autoDraw = False
2026-07-31_15:41:52.065676 	EXP 	fix_cross: autoDraw = True
2026-07-31_15:41:52.082486 	EXP 	fix_cross: autoDraw = False
2026-07-31_15:41:52.082486 	EXP 	fix_cross: autoDraw = True
2026-07-31_15:41:52.102857 	EXP 	fix_cross: autoDraw = False
2026-07-31_15:41:52.102857 	EXP 	fix_cross: autoDraw = True
2026-07-31_15:41:52.115329 	EXP 	fix_cross: autoDraw = False
2026-07-31_15:41:52.115329 	EXP 	fix_cross: autoDraw = True
2026-07-31_15:41:52.132014 	EXP 	fix_cross: autoDraw = False
2026-07-31_15:41:52.132014 	EXP 	fix_cross: autoDraw = True
2026-07-31_15:41:52.148671 	EXP 	fix_cross: autoDraw = False
2026-07-31_15:41:52.148671 	EXP 	fix_cross: autoDraw = True
2026-07-31_15:41:52.165430 	EXP 	fix_cross: autoDraw = False
2026-07-31_15:41:52.165430 	EXP 	fix_cross: autoDraw = True
2026-07-31_15:41:52.165430 	EXP 	fix_cross: autoDraw = False
2026-07-31_15:41:52.165430 	EXP 	fix_cross_2: autoDraw = True
2026-07-31_15:41:53.404302 	EXP 	New trial (rep=0, index=60): <Trial 60 (60 in rep 0) data={'block': 2, 'trial_in_block': 11, 'concept': 'flower', 'concept_num': 6, 'concept_num_word': 6, 'exemplar_num': 4, 'image_shown': 'flower\\flower_04.jpg', 'word_shown_english': 'flower', 'word_shown_german': 'Blume', 'word_shown_french': 'Fleur', 'is_prompt': 1, 'is_mismatch': 0, 'ITI_length': 1.22, 'correct_response': None, 'nonmatch_pres_side': None, 'thisN': 60, 'thisTrialN': 60, 'thisRepN': 0}>
2026-07-31_15:41:53.469548 	EXP 	fix_cross_2: autoDraw = False
2026-07-31_15:41:53.469548 	EXP 	fix_cross_2: autoDraw = False
2026-07-31_15:41:53.469548 	EXP 	breaks_instruction: text = 'Pause, die Aufgabe geht gleich weiter.\nEs sind noch 8 Blöcke übrig.'
2026-07-31_15:41:53.469548 	EXP 	instruction_continuebreak: text = 'Die Pause ist vorbei.\nBitte drücken Sie eine beliebige Taste,\nsobald sie bereit sind, weiterzumachen.'
2026-07-31_15:41:53.469548 	EXP 	breaks_instruction: autoDraw = False
2026-07-31_15:41:53.469548 	EXP 	progress_bar_breaks: autoDraw = False
2026-07-31_15:41:53.469548 	EXP 	instruction_continuebreak: autoDraw = False
2026-07-31_15:41:53.469548 	EXP 	image: image = 'stimuli\\flower\\flower_04.jpg'
2026-07-31_15:41:53.469548 	EXP 	image: autoDraw = True
2026-07-31_15:41:54.209093 	EXP 	spoken_word: sampleRate = 24000
2026-07-31_15:41:54.210664 	INFO 	Resampled audio from 24000Hz to 48000Hz using method 'default'.
2026-07-31_15:41:54.210689 	DEBUG 	Converted audio clip from mono to stereo
2026-07-31_15:41:54.212496 	EXP 	spoken_word: sampleRate = 24000
2026-07-31_15:41:54.213636 	INFO 	Resampled audio from 24000Hz to 48000Hz using method 'default'.
2026-07-31_15:41:54.213652 	DEBUG 	Converted audio clip from mono to stereo
2026-07-31_15:41:54.213959 	EXP 	Sound spoken_word reached end of file
309.3460 	EXP 	Playing sound spoken_word on speaker Lautsprecher (Realtek(R) Audio)
2026-07-31_15:41:54.231083 	INFO 	Keyboard events cleared
2026-07-31_15:41:54.230880 	EXP 	image: autoDraw = False
2026-07-31_15:41:54.230880 	EXP 	image: autoDraw = False
2026-07-31_15:41:54.230880 	EXP 	fix_cross: foreColor = <psychopy.colors.Color: white, alpha=1.0>
2026-07-31_15:41:54.230880 	EXP 	fix_cross: autoDraw = True
2026-07-31_15:41:55.090229 	EXP 	Sound spoken_word reached end of file
2026-07-31_15:41:55.100421 	EXP 	Sound spoken_word reached end of file
2026-07-31_15:41:55.730640 	EXP 	fix_cross: autoDraw = False
2026-07-31_15:41:55.730640 	EXP 	fix_cross: foreColor = <psychopy.colors.Color: green, alpha=1.0>
2026-07-31_15:41:55.730640 	EXP 	fix_cross: autoDraw = True
2026-07-31_15:41:55.747619 	EXP 	fix_cross: autoDraw = False
2026-07-31_15:41:55.747619 	EXP 	fix_cross: autoDraw = True
2026-07-31_15:41:55.764178 	EXP 	fix_cross: autoDraw = False
2026-07-31_15:41:55.764178 	EXP 	fix_cross: autoDraw = True
2026-07-31_15:41:55.781055 	EXP 	fix_cross: autoDraw = False
2026-07-31_15:41:55.781055 	EXP 	fix_cross: autoDraw = True
2026-07-31_15:41:55.797807 	EXP 	fix_cross: autoDraw = False
2026-07-31_15:41:55.797807 	EXP 	fix_cross: autoDraw = True
2026-07-31_15:41:55.817527 	EXP 	fix_cross: autoDraw = False
2026-07-31_15:41:55.817527 	EXP 	fix_cross: autoDraw = True
2026-07-31_15:41:55.835497 	EXP 	fix_cross: autoDraw = False
2026-07-31_15:41:55.835497 	EXP 	fix_cross: autoDraw = True
2026-07-31_15:41:55.851012 	EXP 	fix_cross: autoDraw = False
2026-07-31_15:41:55.851012 	EXP 	fix_cross: autoDraw = True
2026-07-31_15:41:55.871634 	EXP 	fix_cross: autoDraw = False
2026-07-31_15:41:55.871634 	EXP 	fix_cross: autoDraw = True
2026-07-31_15:41:55.886365 	EXP 	fix_cross: autoDraw = False
2026-07-31_15:41:55.886365 	EXP 	fix_cross: autoDraw = True
2026-07-31_15:41:55.897978 	EXP 	fix_cross: autoDraw = False
2026-07-31_15:41:55.897978 	EXP 	fix_cross: autoDraw = True
2026-07-31_15:41:55.917680 	EXP 	fix_cross: autoDraw = False
2026-07-31_15:41:55.917680 	EXP 	fix_cross: autoDraw = True
2026-07-31_15:41:55.930634 	EXP 	fix_cross: autoDraw = False
2026-07-31_15:41:55.930634 	EXP 	fix_cross: autoDraw = True
2026-07-31_15:41:55.930634 	EXP 	fix_cross: autoDraw = False
2026-07-31_15:41:55.930634 	EXP 	fix_cross_2: autoDraw = True
2026-07-31_15:41:57.136908 	EXP 	New trial (rep=0, index=61): <Trial 61 (61 in rep 0) data={'block': 2, 'trial_in_block': 12, 'concept': 'jacket', 'concept_num': 10, 'concept_num_word': 5, 'exemplar_num': 31, 'image_shown': 'jacket\\jacket_31.jpg', 'word_shown_english': 'dog', 'word_shown_german': 'Hund', 'word_shown_french': 'Chien', 'is_prompt': 1, 'is_mismatch': 1, 'ITI_length': 1.13, 'correct_response': 'r', 'nonmatch_pres_side': 'left', 'thisN': 61, 'thisTrialN': 61, 'thisRepN': 0}>
2026-07-31_15:41:57.199483 	EXP 	fix_cross_2: autoDraw = False
2026-07-31_15:41:57.199483 	EXP 	fix_cross_2: autoDraw = False
2026-07-31_15:41:57.199483 	EXP 	breaks_instruction: text = 'Pause, die Aufgabe geht gleich weiter.\nEs sind noch 8 Blöcke übrig.'
2026-07-31_15:41:57.199483 	EXP 	instruction_continuebreak: text = 'Die Pause ist vorbei.\nBitte drücken Sie eine beliebige Taste,\nsobald sie bereit sind, weiterzumachen.'
2026-07-31_15:41:57.199483 	EXP 	breaks_instruction: autoDraw = False
2026-07-31_15:41:57.199483 	EXP 	progress_bar_breaks: autoDraw = False
2026-07-31_15:41:57.199483 	EXP 	instruction_continuebreak: autoDraw = False
2026-07-31_15:41:57.199483 	EXP 	image: image = 'stimuli\\jacket\\jacket_31.jpg'
2026-07-31_15:41:57.199483 	EXP 	image: autoDraw = True
2026-07-31_15:41:57.950851 	EXP 	spoken_word: sampleRate = 44100
2026-07-31_15:41:57.953070 	INFO 	Resampled audio from 44100Hz to 48000Hz using method 'default'.
2026-07-31_15:41:57.953097 	DEBUG 	Converted audio clip from mono to stereo
2026-07-31_15:41:57.954612 	EXP 	spoken_word: sampleRate = 44100
2026-07-31_15:41:57.957036 	INFO 	Resampled audio from 44100Hz to 48000Hz using method 'default'.
2026-07-31_15:41:57.957064 	DEBUG 	Converted audio clip from mono to stereo
2026-07-31_15:41:57.957335 	EXP 	Sound spoken_word reached end of file
313.0883 	EXP 	Playing sound spoken_word on speaker Lautsprecher (Realtek(R) Audio)
2026-07-31_15:41:57.963685 	INFO 	Keyboard events cleared
2026-07-31_15:41:57.963461 	EXP 	image: autoDraw = False
2026-07-31_15:41:57.963461 	EXP 	image: autoDraw = False
2026-07-31_15:41:57.963461 	EXP 	fix_cross: foreColor = <psychopy.colors.Color: white, alpha=1.0>
2026-07-31_15:41:57.963461 	EXP 	fix_cross: autoDraw = True
2026-07-31_15:41:58.429197 	EXP 	Sound spoken_word reached end of file
2026-07-31_15:41:58.448845 	EXP 	Sound spoken_word reached end of file
2026-07-31_15:41:59.463272 	EXP 	fix_cross: autoDraw = False
2026-07-31_15:41:59.479525 	EXP 	fix_cross: foreColor = <psychopy.colors.Color: red, alpha=1.0>
2026-07-31_15:41:59.479525 	EXP 	fix_cross: autoDraw = True
2026-07-31_15:41:59.496815 	EXP 	fix_cross: autoDraw = False
2026-07-31_15:41:59.496815 	EXP 	fix_cross: autoDraw = True
2026-07-31_15:41:59.513674 	EXP 	fix_cross: autoDraw = False
2026-07-31_15:41:59.513674 	EXP 	fix_cross: autoDraw = True
2026-07-31_15:41:59.533802 	EXP 	fix_cross: autoDraw = False
2026-07-31_15:41:59.533802 	EXP 	fix_cross: autoDraw = True
2026-07-31_15:41:59.546351 	EXP 	fix_cross: autoDraw = False
2026-07-31_15:41:59.546351 	EXP 	fix_cross: autoDraw = True
2026-07-31_15:41:59.562901 	EXP 	fix_cross: autoDraw = False
2026-07-31_15:41:59.562901 	EXP 	fix_cross: autoDraw = True
2026-07-31_15:41:59.579409 	EXP 	fix_cross: autoDraw = False
2026-07-31_15:41:59.579409 	EXP 	fix_cross: autoDraw = True
2026-07-31_15:41:59.596471 	EXP 	fix_cross: autoDraw = False
2026-07-31_15:41:59.596471 	EXP 	fix_cross: autoDraw = True
2026-07-31_15:41:59.613001 	EXP 	fix_cross: autoDraw = False
2026-07-31_15:41:59.613001 	EXP 	fix_cross: autoDraw = True
2026-07-31_15:41:59.629718 	EXP 	fix_cross: autoDraw = False
2026-07-31_15:41:59.629718 	EXP 	fix_cross: autoDraw = True
2026-07-31_15:41:59.649794 	EXP 	fix_cross: autoDraw = False
2026-07-31_15:41:59.649794 	EXP 	fix_cross: autoDraw = True
2026-07-31_15:41:59.663073 	EXP 	fix_cross: autoDraw = False
2026-07-31_15:41:59.663073 	EXP 	fix_cross: autoDraw = True
2026-07-31_15:41:59.679535 	EXP 	fix_cross: autoDraw = False
2026-07-31_15:41:59.679535 	EXP 	fix_cross: autoDraw = True
2026-07-31_15:41:59.696517 	EXP 	fix_cross: autoDraw = False
2026-07-31_15:41:59.696517 	EXP 	fix_cross: autoDraw = True
2026-07-31_15:41:59.696517 	EXP 	fix_cross: autoDraw = False
2026-07-31_15:41:59.696517 	EXP 	fix_cross_2: autoDraw = True
2026-07-31_15:42:00.815629 	EXP 	New trial (rep=0, index=62): <Trial 62 (62 in rep 0) data={'block': 2, 'trial_in_block': 13, 'concept': 'hammer', 'concept_num': 7, 'concept_num_word': 7, 'exemplar_num': 40, 'image_shown': 'hammer\\hammer_40.jpg', 'word_shown_english': 'hammer', 'word_shown_german': 'Hammer', 'word_shown_french': 'Marteau', 'is_prompt': 1, 'is_mismatch': 0, 'ITI_length': 1.06, 'correct_response': None, 'nonmatch_pres_side': None, 'thisN': 62, 'thisTrialN': 62, 'thisRepN': 0}>
2026-07-31_15:42:00.870285 	EXP 	fix_cross_2: autoDraw = False
2026-07-31_15:42:00.870285 	EXP 	fix_cross_2: autoDraw = False
2026-07-31_15:42:00.870285 	EXP 	breaks_instruction: text = 'Pause, die Aufgabe geht gleich weiter.\nEs sind noch 8 Blöcke übrig.'
2026-07-31_15:42:00.870285 	EXP 	instruction_continuebreak: text = 'Die Pause ist vorbei.\nBitte drücken Sie eine beliebige Taste,\nsobald sie bereit sind, weiterzumachen.'
2026-07-31_15:42:00.870285 	EXP 	breaks_instruction: autoDraw = False
2026-07-31_15:42:00.870285 	EXP 	progress_bar_breaks: autoDraw = False
2026-07-31_15:42:00.870285 	EXP 	instruction_continuebreak: autoDraw = False
2026-07-31_15:42:00.870285 	EXP 	image: image = 'stimuli\\hammer\\hammer_40.jpg'
2026-07-31_15:42:00.870285 	EXP 	image: autoDraw = True
2026-07-31_15:42:01.619898 	EXP 	spoken_word: sampleRate = 44100
2026-07-31_15:42:01.622375 	INFO 	Resampled audio from 44100Hz to 48000Hz using method 'default'.
2026-07-31_15:42:01.622408 	DEBUG 	Converted audio clip from mono to stereo
2026-07-31_15:42:01.623477 	EXP 	spoken_word: sampleRate = 44100
2026-07-31_15:42:01.625522 	INFO 	Resampled audio from 44100Hz to 48000Hz using method 'default'.
2026-07-31_15:42:01.625550 	DEBUG 	Converted audio clip from mono to stereo
2026-07-31_15:42:01.625865 	EXP 	Sound spoken_word reached end of file
316.7575 	EXP 	Playing sound spoken_word on speaker Lautsprecher (Realtek(R) Audio)
2026-07-31_15:42:01.645540 	INFO 	Keyboard events cleared
2026-07-31_15:42:01.645353 	EXP 	image: autoDraw = False
2026-07-31_15:42:01.645353 	EXP 	image: autoDraw = False
2026-07-31_15:42:01.645353 	EXP 	fix_cross: foreColor = <psychopy.colors.Color: white, alpha=1.0>
2026-07-31_15:42:01.645353 	EXP 	fix_cross: autoDraw = True
2026-07-31_15:42:02.122253 	EXP 	Sound spoken_word reached end of file
2026-07-31_15:42:02.131454 	EXP 	Sound spoken_word reached end of file
2026-07-31_15:42:03.145227 	EXP 	fix_cross: foreColor = <psychopy.colors.Color: green, alpha=1.0>
2026-07-31_15:42:03.162501 	EXP 	fix_cross: autoDraw = False
2026-07-31_15:42:03.162501 	EXP 	fix_cross: autoDraw = True
2026-07-31_15:42:03.178409 	EXP 	fix_cross: autoDraw = False
2026-07-31_15:42:03.178409 	EXP 	fix_cross: autoDraw = True
2026-07-31_15:42:03.195009 	EXP 	fix_cross: autoDraw = False
2026-07-31_15:42:03.195009 	EXP 	fix_cross: autoDraw = True
2026-07-31_15:42:03.211802 	EXP 	fix_cross: autoDraw = False
2026-07-31_15:42:03.211802 	EXP 	fix_cross: autoDraw = True
2026-07-31_15:42:03.229179 	EXP 	fix_cross: autoDraw = False
2026-07-31_15:42:03.229179 	EXP 	fix_cross: autoDraw = True
2026-07-31_15:42:03.244487 	EXP 	fix_cross: autoDraw = False
2026-07-31_15:42:03.244487 	EXP 	fix_cross: autoDraw = True
2026-07-31_15:42:03.266269 	EXP 	fix_cross: autoDraw = False
2026-07-31_15:42:03.266269 	EXP 	fix_cross: autoDraw = True
2026-07-31_15:42:03.278462 	EXP 	fix_cross: autoDraw = False
2026-07-31_15:42:03.278462 	EXP 	fix_cross: autoDraw = True
2026-07-31_15:42:03.295385 	EXP 	fix_cross: autoDraw = False
2026-07-31_15:42:03.295385 	EXP 	fix_cross: autoDraw = True
2026-07-31_15:42:03.311811 	EXP 	fix_cross: autoDraw = False
2026-07-31_15:42:03.311811 	EXP 	fix_cross: autoDraw = True
2026-07-31_15:42:03.328453 	EXP 	fix_cross: autoDraw = False
2026-07-31_15:42:03.328453 	EXP 	fix_cross: autoDraw = True
2026-07-31_15:42:03.344965 	EXP 	fix_cross: autoDraw = False
2026-07-31_15:42:03.344965 	EXP 	fix_cross: autoDraw = True
2026-07-31_15:42:03.344965 	EXP 	fix_cross: autoDraw = False
2026-07-31_15:42:03.344965 	EXP 	fix_cross_2: autoDraw = True
2026-07-31_15:42:04.398847 	EXP 	New trial (rep=0, index=63): <Trial 63 (63 in rep 0) data={'block': 2, 'trial_in_block': 14, 'concept': 'hand', 'concept_num': 8, 'concept_num_word': 8, 'exemplar_num': 46, 'image_shown': 'hand\\hand_46.jpg', 'word_shown_english': 'hand', 'word_shown_german': 'Hand', 'word_shown_french': 'Main', 'is_prompt': 1, 'is_mismatch': 0, 'ITI_length': 1.12, 'correct_response': None, 'nonmatch_pres_side': None, 'thisN': 63, 'thisTrialN': 63, 'thisRepN': 0}>
2026-07-31_15:42:04.502075 	EXP 	fix_cross_2: autoDraw = False
2026-07-31_15:42:04.502075 	EXP 	fix_cross_2: autoDraw = False
2026-07-31_15:42:04.502075 	EXP 	breaks_instruction: text = 'Pause, die Aufgabe geht gleich weiter.\nEs sind noch 8 Blöcke übrig.'
2026-07-31_15:42:04.502075 	EXP 	instruction_continuebreak: text = 'Die Pause ist vorbei.\nBitte drücken Sie eine beliebige Taste,\nsobald sie bereit sind, weiterzumachen.'
2026-07-31_15:42:04.502075 	EXP 	breaks_instruction: autoDraw = False
2026-07-31_15:42:04.502075 	EXP 	progress_bar_breaks: autoDraw = False
2026-07-31_15:42:04.502075 	EXP 	instruction_continuebreak: autoDraw = False
2026-07-31_15:42:04.502075 	EXP 	image: image = 'stimuli\\hand\\hand_46.jpg'
2026-07-31_15:42:04.502075 	EXP 	image: autoDraw = True
2026-07-31_15:42:05.248023 	EXP 	spoken_word: sampleRate = 44100
2026-07-31_15:42:05.250172 	INFO 	Resampled audio from 44100Hz to 48000Hz using method 'default'.
2026-07-31_15:42:05.250203 	DEBUG 	Converted audio clip from mono to stereo
2026-07-31_15:42:05.251693 	EXP 	spoken_word: sampleRate = 44100
2026-07-31_15:42:05.253702 	INFO 	Resampled audio from 44100Hz to 48000Hz using method 'default'.
2026-07-31_15:42:05.253717 	DEBUG 	Converted audio clip from mono to stereo
2026-07-31_15:42:05.253938 	EXP 	Sound spoken_word reached end of file
320.3858 	EXP 	Playing sound spoken_word on speaker Lautsprecher (Realtek(R) Audio)
2026-07-31_15:42:05.260945 	INFO 	Keyboard events cleared
2026-07-31_15:42:05.260711 	EXP 	image: autoDraw = False
2026-07-31_15:42:05.260711 	EXP 	image: autoDraw = False
2026-07-31_15:42:05.260711 	EXP 	fix_cross: foreColor = <psychopy.colors.Color: white, alpha=1.0>
2026-07-31_15:42:05.260711 	EXP 	fix_cross: autoDraw = True
2026-07-31_15:42:05.721003 	EXP 	Sound spoken_word reached end of file
2026-07-31_15:42:05.730473 	EXP 	Sound spoken_word reached end of file
2026-07-31_15:42:06.760767 	EXP 	fix_cross: autoDraw = False
2026-07-31_15:42:06.760767 	EXP 	fix_cross: foreColor = <psychopy.colors.Color: green, alpha=1.0>
2026-07-31_15:42:06.760767 	EXP 	fix_cross: autoDraw = True
2026-07-31_15:42:06.777716 	EXP 	fix_cross: autoDraw = False
2026-07-31_15:42:06.777716 	EXP 	fix_cross: autoDraw = True
2026-07-31_15:42:06.794200 	EXP 	fix_cross: autoDraw = False
2026-07-31_15:42:06.794200 	EXP 	fix_cross: autoDraw = True
2026-07-31_15:42:06.810397 	EXP 	fix_cross: autoDraw = False
2026-07-31_15:42:06.810397 	EXP 	fix_cross: autoDraw = True
2026-07-31_15:42:06.827472 	EXP 	fix_cross: autoDraw = False
2026-07-31_15:42:06.827472 	EXP 	fix_cross: autoDraw = True
2026-07-31_15:42:06.844291 	EXP 	fix_cross: autoDraw = False
2026-07-31_15:42:06.844291 	EXP 	fix_cross: autoDraw = True
2026-07-31_15:42:06.864369 	EXP 	fix_cross: autoDraw = False
2026-07-31_15:42:06.864369 	EXP 	fix_cross: autoDraw = True
2026-07-31_15:42:06.877208 	EXP 	fix_cross: autoDraw = False
2026-07-31_15:42:06.877208 	EXP 	fix_cross: autoDraw = True
2026-07-31_15:42:06.893354 	EXP 	fix_cross: autoDraw = False
2026-07-31_15:42:06.893354 	EXP 	fix_cross: autoDraw = True
2026-07-31_15:42:06.910823 	EXP 	fix_cross: autoDraw = False
2026-07-31_15:42:06.910823 	EXP 	fix_cross: autoDraw = True
2026-07-31_15:42:06.927520 	EXP 	fix_cross: autoDraw = False
2026-07-31_15:42:06.927520 	EXP 	fix_cross: autoDraw = True
2026-07-31_15:42:06.944006 	EXP 	fix_cross: autoDraw = False
2026-07-31_15:42:06.944006 	EXP 	fix_cross: autoDraw = True
2026-07-31_15:42:06.967473 	EXP 	fix_cross: autoDraw = False
2026-07-31_15:42:06.967473 	EXP 	fix_cross: autoDraw = True
2026-07-31_15:42:07.000732 	EXP 	fix_cross: autoDraw = False
2026-07-31_15:42:07.000732 	EXP 	fix_cross: autoDraw = True
2026-07-31_15:42:07.000732 	EXP 	fix_cross: autoDraw = False
2026-07-31_15:42:07.000732 	EXP 	fix_cross_2: autoDraw = True
2026-07-31_15:42:08.114302 	EXP 	New trial (rep=0, index=64): <Trial 64 (64 in rep 0) data={'block': 2, 'trial_in_block': 15, 'concept': 'ball', 'concept_num': 1, 'concept_num_word': 1, 'exemplar_num': 43, 'image_shown': 'ball\\ball_43.jpg', 'word_shown_english': 'ball', 'word_shown_german': 'Ball', 'word_shown_french': 'Ballon', 'is_prompt': 1, 'is_mismatch': 0, 'ITI_length': 0.94, 'correct_response': None, 'nonmatch_pres_side': None, 'thisN': 64, 'thisTrialN': 64, 'thisRepN': 0}>
2026-07-31_15:42:08.214598 	EXP 	fix_cross_2: autoDraw = False
2026-07-31_15:42:08.214598 	EXP 	fix_cross_2: autoDraw = False
2026-07-31_15:42:08.214598 	EXP 	breaks_instruction: text = 'Pause, die Aufgabe geht gleich weiter.\nEs sind noch 8 Blöcke übrig.'
2026-07-31_15:42:08.214598 	EXP 	instruction_continuebreak: text = 'Die Pause ist vorbei.\nBitte drücken Sie eine beliebige Taste,\nsobald sie bereit sind, weiterzumachen.'
2026-07-31_15:42:08.214598 	EXP 	breaks_instruction: autoDraw = False
2026-07-31_15:42:08.214598 	EXP 	progress_bar_breaks: autoDraw = False
2026-07-31_15:42:08.214598 	EXP 	instruction_continuebreak: autoDraw = False
2026-07-31_15:42:08.214598 	EXP 	image: image = 'stimuli\\ball\\ball_43.jpg'
2026-07-31_15:42:08.214598 	EXP 	image: autoDraw = True
2026-07-31_15:42:08.951134 	EXP 	spoken_word: sampleRate = 24000
2026-07-31_15:42:08.952699 	INFO 	Resampled audio from 24000Hz to 48000Hz using method 'default'.
2026-07-31_15:42:08.952719 	DEBUG 	Converted audio clip from mono to stereo
2026-07-31_15:42:08.953956 	EXP 	spoken_word: sampleRate = 24000
2026-07-31_15:42:08.955367 	INFO 	Resampled audio from 24000Hz to 48000Hz using method 'default'.
2026-07-31_15:42:08.955394 	DEBUG 	Converted audio clip from mono to stereo
2026-07-31_15:42:08.955840 	EXP 	Sound spoken_word reached end of file
324.0886 	EXP 	Playing sound spoken_word on speaker Lautsprecher (Realtek(R) Audio)
2026-07-31_15:42:08.976379 	INFO 	Keyboard events cleared
2026-07-31_15:42:08.976119 	EXP 	image: autoDraw = False
2026-07-31_15:42:08.976119 	EXP 	image: autoDraw = False
2026-07-31_15:42:08.976119 	EXP 	fix_cross: foreColor = <psychopy.colors.Color: white, alpha=1.0>
2026-07-31_15:42:08.976119 	EXP 	fix_cross: autoDraw = True
2026-07-31_15:42:09.721617 	EXP 	Sound spoken_word reached end of file
2026-07-31_15:42:09.744872 	EXP 	Sound spoken_word reached end of file
2026-07-31_15:42:10.479968 	EXP 	fix_cross: autoDraw = False
2026-07-31_15:42:10.479968 	EXP 	fix_cross: foreColor = <psychopy.colors.Color: green, alpha=1.0>
2026-07-31_15:42:10.479968 	EXP 	fix_cross: autoDraw = True
2026-07-31_15:42:10.492363 	EXP 	fix_cross: autoDraw = False
2026-07-31_15:42:10.492363 	EXP 	fix_cross: autoDraw = True
2026-07-31_15:42:10.509194 	EXP 	fix_cross: autoDraw = False
2026-07-31_15:42:10.509194 	EXP 	fix_cross: autoDraw = True
2026-07-31_15:42:10.526040 	EXP 	fix_cross: autoDraw = False
2026-07-31_15:42:10.526040 	EXP 	fix_cross: autoDraw = True
2026-07-31_15:42:10.542897 	EXP 	fix_cross: autoDraw = False
2026-07-31_15:42:10.542897 	EXP 	fix_cross: autoDraw = True
2026-07-31_15:42:10.559613 	EXP 	fix_cross: autoDraw = False
2026-07-31_15:42:10.559613 	EXP 	fix_cross: autoDraw = True
2026-07-31_15:42:10.579859 	EXP 	fix_cross: autoDraw = False
2026-07-31_15:42:10.579859 	EXP 	fix_cross: autoDraw = True
2026-07-31_15:42:10.591899 	EXP 	fix_cross: autoDraw = False
2026-07-31_15:42:10.591899 	EXP 	fix_cross: autoDraw = True
2026-07-31_15:42:10.609799 	EXP 	fix_cross: autoDraw = False
2026-07-31_15:42:10.609799 	EXP 	fix_cross: autoDraw = True
2026-07-31_15:42:10.626379 	EXP 	fix_cross: autoDraw = False
2026-07-31_15:42:10.626379 	EXP 	fix_cross: autoDraw = True
2026-07-31_15:42:10.643061 	EXP 	fix_cross: autoDraw = False
2026-07-31_15:42:10.643061 	EXP 	fix_cross: autoDraw = True
2026-07-31_15:42:10.659124 	EXP 	fix_cross: autoDraw = False
2026-07-31_15:42:10.659124 	EXP 	fix_cross: autoDraw = True
2026-07-31_15:42:10.676427 	EXP 	fix_cross: autoDraw = False
2026-07-31_15:42:10.676427 	EXP 	fix_cross: autoDraw = True
2026-07-31_15:42:10.676427 	EXP 	fix_cross: autoDraw = False
2026-07-31_15:42:10.676427 	EXP 	fix_cross_2: autoDraw = True
2026-07-31_15:42:11.612120 	EXP 	New trial (rep=0, index=65): <Trial 65 (65 in rep 0) data={'block': 2, 'trial_in_block': 16, 'concept': 'chair', 'concept_num': 4, 'concept_num_word': 4, 'exemplar_num': 37, 'image_shown': 'chair\\chair_37.jpg', 'word_shown_english': 'chair', 'word_shown_german': 'Stuhl', 'word_shown_french': 'Chaise', 'is_prompt': 1, 'is_mismatch': 0, 'ITI_length': 1.08, 'correct_response': None, 'nonmatch_pres_side': None, 'thisN': 65, 'thisTrialN': 65, 'thisRepN': 0}>
2026-07-31_15:42:11.663339 	EXP 	fix_cross_2: autoDraw = False
2026-07-31_15:42:11.663339 	EXP 	fix_cross_2: autoDraw = False
2026-07-31_15:42:11.663339 	EXP 	breaks_instruction: text = 'Pause, die Aufgabe geht gleich weiter.\nEs sind noch 8 Blöcke übrig.'
2026-07-31_15:42:11.663339 	EXP 	instruction_continuebreak: text = 'Die Pause ist vorbei.\nBitte drücken Sie eine beliebige Taste,\nsobald sie bereit sind, weiterzumachen.'
2026-07-31_15:42:11.663339 	EXP 	breaks_instruction: autoDraw = False
2026-07-31_15:42:11.663339 	EXP 	progress_bar_breaks: autoDraw = False
2026-07-31_15:42:11.663339 	EXP 	instruction_continuebreak: autoDraw = False
2026-07-31_15:42:11.663339 	EXP 	image: image = 'stimuli\\chair\\chair_37.jpg'
2026-07-31_15:42:11.663339 	EXP 	image: autoDraw = True
2026-07-31_15:42:12.413688 	EXP 	spoken_word: sampleRate = 44100
2026-07-31_15:42:12.416743 	INFO 	Resampled audio from 44100Hz to 48000Hz using method 'default'.
2026-07-31_15:42:12.416775 	DEBUG 	Converted audio clip from mono to stereo
2026-07-31_15:42:12.418130 	EXP 	spoken_word: sampleRate = 44100
2026-07-31_15:42:12.420572 	INFO 	Resampled audio from 44100Hz to 48000Hz using method 'default'.
2026-07-31_15:42:12.420599 	DEBUG 	Converted audio clip from mono to stereo
2026-07-31_15:42:12.421001 	EXP 	Sound spoken_word reached end of file
327.5504 	EXP 	Playing sound spoken_word on speaker Lautsprecher (Realtek(R) Audio)
2026-07-31_15:42:12.443550 	INFO 	Keyboard events cleared
2026-07-31_15:42:12.443380 	EXP 	image: autoDraw = False
2026-07-31_15:42:12.443380 	EXP 	image: autoDraw = False
2026-07-31_15:42:12.443380 	EXP 	fix_cross: foreColor = <psychopy.colors.Color: white, alpha=1.0>
2026-07-31_15:42:12.443380 	EXP 	fix_cross: autoDraw = True
2026-07-31_15:42:12.963872 	EXP 	Sound spoken_word reached end of file
2026-07-31_15:42:12.977894 	EXP 	Sound spoken_word reached end of file
2026-07-31_15:42:13.941706 	EXP 	fix_cross: foreColor = <psychopy.colors.Color: green, alpha=1.0>
2026-07-31_15:42:13.962425 	EXP 	fix_cross: autoDraw = False
2026-07-31_15:42:13.962425 	EXP 	fix_cross: autoDraw = True
2026-07-31_15:42:13.974485 	EXP 	fix_cross: autoDraw = False
2026-07-31_15:42:13.974485 	EXP 	fix_cross: autoDraw = True
2026-07-31_15:42:13.991397 	EXP 	fix_cross: autoDraw = False
2026-07-31_15:42:13.991397 	EXP 	fix_cross: autoDraw = True
2026-07-31_15:42:14.008238 	EXP 	fix_cross: autoDraw = False
2026-07-31_15:42:14.008238 	EXP 	fix_cross: autoDraw = True
2026-07-31_15:42:14.025287 	EXP 	fix_cross: autoDraw = False
2026-07-31_15:42:14.025287 	EXP 	fix_cross: autoDraw = True
2026-07-31_15:42:14.042230 	EXP 	fix_cross: autoDraw = False
2026-07-31_15:42:14.042230 	EXP 	fix_cross: autoDraw = True
2026-07-31_15:42:14.058324 	EXP 	fix_cross: autoDraw = False
2026-07-31_15:42:14.058324 	EXP 	fix_cross: autoDraw = True
2026-07-31_15:42:14.078870 	EXP 	fix_cross: autoDraw = False
2026-07-31_15:42:14.078870 	EXP 	fix_cross: autoDraw = True
2026-07-31_15:42:14.091782 	EXP 	fix_cross: autoDraw = False
2026-07-31_15:42:14.091782 	EXP 	fix_cross: autoDraw = True
2026-07-31_15:42:14.108513 	EXP 	fix_cross: autoDraw = False
2026-07-31_15:42:14.108513 	EXP 	fix_cross: autoDraw = True
2026-07-31_15:42:14.125286 	EXP 	fix_cross: autoDraw = False
2026-07-31_15:42:14.125286 	EXP 	fix_cross: autoDraw = True
2026-07-31_15:42:14.141771 	EXP 	fix_cross: autoDraw = False
2026-07-31_15:42:14.141771 	EXP 	fix_cross: autoDraw = True
2026-07-31_15:42:14.141771 	EXP 	fix_cross: autoDraw = False
2026-07-31_15:42:14.141771 	EXP 	fix_cross_2: autoDraw = True
2026-07-31_15:42:15.210744 	EXP 	New trial (rep=0, index=66): <Trial 66 (66 in rep 0) data={'block': 2, 'trial_in_block': 17, 'concept': 'hand', 'concept_num': 8, 'concept_num_word': 8, 'exemplar_num': 32, 'image_shown': 'hand\\hand_32.jpg', 'word_shown_english': 'hand', 'word_shown_german': 'Hand', 'word_shown_french': 'Main', 'is_prompt': 1, 'is_mismatch': 0, 'ITI_length': 1.13, 'correct_response': None, 'nonmatch_pres_side': None, 'thisN': 66, 'thisTrialN': 66, 'thisRepN': 0}>
2026-07-31_15:42:15.260472 	EXP 	fix_cross_2: autoDraw = False
2026-07-31_15:42:15.260472 	EXP 	fix_cross_2: autoDraw = False
2026-07-31_15:42:15.260472 	EXP 	breaks_instruction: text = 'Pause, die Aufgabe geht gleich weiter.\nEs sind noch 8 Blöcke übrig.'
2026-07-31_15:42:15.260472 	EXP 	instruction_continuebreak: text = 'Die Pause ist vorbei.\nBitte drücken Sie eine beliebige Taste,\nsobald sie bereit sind, weiterzumachen.'
2026-07-31_15:42:15.260472 	EXP 	breaks_instruction: autoDraw = False
2026-07-31_15:42:15.260472 	EXP 	progress_bar_breaks: autoDraw = False
2026-07-31_15:42:15.260472 	EXP 	instruction_continuebreak: autoDraw = False
2026-07-31_15:42:15.260472 	EXP 	image: image = 'stimuli\\hand\\hand_32.jpg'
2026-07-31_15:42:15.260472 	EXP 	image: autoDraw = True
2026-07-31_15:42:16.011866 	EXP 	spoken_word: sampleRate = 44100
2026-07-31_15:42:16.014135 	INFO 	Resampled audio from 44100Hz to 48000Hz using method 'default'.
2026-07-31_15:42:16.014165 	DEBUG 	Converted audio clip from mono to stereo
2026-07-31_15:42:16.015707 	EXP 	spoken_word: sampleRate = 44100
2026-07-31_15:42:16.017729 	INFO 	Resampled audio from 44100Hz to 48000Hz using method 'default'.
2026-07-31_15:42:16.017745 	DEBUG 	Converted audio clip from mono to stereo
2026-07-31_15:42:16.018003 	EXP 	Sound spoken_word reached end of file
331.1495 	EXP 	Playing sound spoken_word on speaker Lautsprecher (Realtek(R) Audio)
2026-07-31_15:42:16.023887 	INFO 	Keyboard events cleared
2026-07-31_15:42:16.023684 	EXP 	image: autoDraw = False
2026-07-31_15:42:16.023684 	EXP 	image: autoDraw = False
2026-07-31_15:42:16.023684 	EXP 	fix_cross: foreColor = <psychopy.colors.Color: white, alpha=1.0>
2026-07-31_15:42:16.023684 	EXP 	fix_cross: autoDraw = True
2026-07-31_15:42:16.486145 	EXP 	Sound spoken_word reached end of file
2026-07-31_15:42:16.509797 	EXP 	Sound spoken_word reached end of file
2026-07-31_15:42:17.524277 	EXP 	fix_cross: autoDraw = False
2026-07-31_15:42:17.524277 	EXP 	fix_cross: foreColor = <psychopy.colors.Color: green, alpha=1.0>
2026-07-31_15:42:17.524277 	EXP 	fix_cross: autoDraw = True
2026-07-31_15:42:17.540597 	EXP 	fix_cross: autoDraw = False
2026-07-31_15:42:17.540597 	EXP 	fix_cross: autoDraw = True
2026-07-31_15:42:17.557700 	EXP 	fix_cross: autoDraw = False
2026-07-31_15:42:17.557700 	EXP 	fix_cross: autoDraw = True
2026-07-31_15:42:17.574176 	EXP 	fix_cross: autoDraw = False
2026-07-31_15:42:17.574176 	EXP 	fix_cross: autoDraw = True
2026-07-31_15:42:17.593991 	EXP 	fix_cross: autoDraw = False
2026-07-31_15:42:17.593991 	EXP 	fix_cross: autoDraw = True
2026-07-31_15:42:17.607321 	EXP 	fix_cross: autoDraw = False
2026-07-31_15:42:17.607321 	EXP 	fix_cross: autoDraw = True
2026-07-31_15:42:17.624356 	EXP 	fix_cross: autoDraw = False
2026-07-31_15:42:17.624356 	EXP 	fix_cross: autoDraw = True
2026-07-31_15:42:17.640449 	EXP 	fix_cross: autoDraw = False
2026-07-31_15:42:17.640449 	EXP 	fix_cross: autoDraw = True
2026-07-31_15:42:17.657416 	EXP 	fix_cross: autoDraw = False
2026-07-31_15:42:17.657416 	EXP 	fix_cross: autoDraw = True
2026-07-31_15:42:17.673767 	EXP 	fix_cross: autoDraw = False
2026-07-31_15:42:17.673767 	EXP 	fix_cross: autoDraw = True
2026-07-31_15:42:17.694321 	EXP 	fix_cross: autoDraw = False
2026-07-31_15:42:17.694321 	EXP 	fix_cross: autoDraw = True
2026-07-31_15:42:17.707310 	EXP 	fix_cross: autoDraw = False
2026-07-31_15:42:17.707310 	EXP 	fix_cross: autoDraw = True
2026-07-31_15:42:17.724440 	EXP 	fix_cross: autoDraw = False
2026-07-31_15:42:17.724440 	EXP 	fix_cross: autoDraw = True
2026-07-31_15:42:17.740709 	EXP 	fix_cross: autoDraw = False
2026-07-31_15:42:17.740709 	EXP 	fix_cross: autoDraw = True
2026-07-31_15:42:17.740709 	EXP 	fix_cross: autoDraw = False
2026-07-31_15:42:17.740709 	EXP 	fix_cross_2: autoDraw = True
2026-07-31_15:42:18.859606 	EXP 	New trial (rep=0, index=67): <Trial 67 (67 in rep 0) data={'block': 2, 'trial_in_block': 18, 'concept': 'house', 'concept_num': 9, 'concept_num_word': 9, 'exemplar_num': 30, 'image_shown': 'house\\house_30.jpg', 'word_shown_english': 'house', 'word_shown_german': 'Haus', 'word_shown_french': 'Maison', 'is_prompt': 1, 'is_mismatch': 0, 'ITI_length': 1.21, 'correct_response': None, 'nonmatch_pres_side': None, 'thisN': 67, 'thisTrialN': 67, 'thisRepN': 0}>
2026-07-31_15:42:18.909270 	EXP 	fix_cross_2: autoDraw = False
2026-07-31_15:42:18.909270 	EXP 	fix_cross_2: autoDraw = False
2026-07-31_15:42:18.909270 	EXP 	breaks_instruction: text = 'Pause, die Aufgabe geht gleich weiter.\nEs sind noch 8 Blöcke übrig.'
2026-07-31_15:42:18.909270 	EXP 	instruction_continuebreak: text = 'Die Pause ist vorbei.\nBitte drücken Sie eine beliebige Taste,\nsobald sie bereit sind, weiterzumachen.'
2026-07-31_15:42:18.909270 	EXP 	breaks_instruction: autoDraw = False
2026-07-31_15:42:18.909270 	EXP 	progress_bar_breaks: autoDraw = False
2026-07-31_15:42:18.909270 	EXP 	instruction_continuebreak: autoDraw = False
2026-07-31_15:42:18.909270 	EXP 	image: image = 'stimuli\\house\\house_30.jpg'
2026-07-31_15:42:18.909270 	EXP 	image: autoDraw = True
2026-07-31_15:42:19.664080 	EXP 	spoken_word: sampleRate = 44100
2026-07-31_15:42:19.667655 	INFO 	Resampled audio from 44100Hz to 48000Hz using method 'default'.
2026-07-31_15:42:19.667689 	DEBUG 	Converted audio clip from mono to stereo
2026-07-31_15:42:19.669509 	EXP 	spoken_word: sampleRate = 44100
2026-07-31_15:42:19.672762 	INFO 	Resampled audio from 44100Hz to 48000Hz using method 'default'.
2026-07-31_15:42:19.672781 	DEBUG 	Converted audio clip from mono to stereo
2026-07-31_15:42:19.673050 	EXP 	Sound spoken_word reached end of file
334.8018 	EXP 	Playing sound spoken_word on speaker Lautsprecher (Realtek(R) Audio)
2026-07-31_15:42:19.689638 	INFO 	Keyboard events cleared
2026-07-31_15:42:19.689461 	EXP 	image: autoDraw = False
2026-07-31_15:42:19.689461 	EXP 	image: autoDraw = False
2026-07-31_15:42:19.689461 	EXP 	fix_cross: foreColor = <psychopy.colors.Color: white, alpha=1.0>
2026-07-31_15:42:19.689461 	EXP 	fix_cross: autoDraw = True
2026-07-31_15:42:20.192368 	EXP 	Sound spoken_word reached end of file
2026-07-31_15:42:20.212786 	EXP 	Sound spoken_word reached end of file
2026-07-31_15:42:21.194069 	EXP 	fix_cross: autoDraw = False
2026-07-31_15:42:21.194069 	EXP 	fix_cross: foreColor = <psychopy.colors.Color: green, alpha=1.0>
2026-07-31_15:42:21.194069 	EXP 	fix_cross: autoDraw = True
2026-07-31_15:42:21.205729 	EXP 	fix_cross: autoDraw = False
2026-07-31_15:42:21.205729 	EXP 	fix_cross: autoDraw = True
2026-07-31_15:42:21.222768 	EXP 	fix_cross: autoDraw = False
2026-07-31_15:42:21.222768 	EXP 	fix_cross: autoDraw = True
2026-07-31_15:42:21.239562 	EXP 	fix_cross: autoDraw = False
2026-07-31_15:42:21.239562 	EXP 	fix_cross: autoDraw = True
2026-07-31_15:42:21.255956 	EXP 	fix_cross: autoDraw = False
2026-07-31_15:42:21.255956 	EXP 	fix_cross: autoDraw = True
2026-07-31_15:42:21.272865 	EXP 	fix_cross: autoDraw = False
2026-07-31_15:42:21.272865 	EXP 	fix_cross: autoDraw = True
2026-07-31_15:42:21.289670 	EXP 	fix_cross: autoDraw = False
2026-07-31_15:42:21.289670 	EXP 	fix_cross: autoDraw = True
2026-07-31_15:42:21.305966 	EXP 	fix_cross: autoDraw = False
2026-07-31_15:42:21.305966 	EXP 	fix_cross: autoDraw = True
2026-07-31_15:42:21.326314 	EXP 	fix_cross: autoDraw = False
2026-07-31_15:42:21.326314 	EXP 	fix_cross: autoDraw = True
2026-07-31_15:42:21.338908 	EXP 	fix_cross: autoDraw = False
2026-07-31_15:42:21.338908 	EXP 	fix_cross: autoDraw = True
2026-07-31_15:42:21.355982 	EXP 	fix_cross: autoDraw = False
2026-07-31_15:42:21.355982 	EXP 	fix_cross: autoDraw = True
2026-07-31_15:42:21.379468 	EXP 	fix_cross: autoDraw = False
2026-07-31_15:42:21.379468 	EXP 	fix_cross: autoDraw = True
2026-07-31_15:42:21.390525 	EXP 	fix_cross: autoDraw = False
2026-07-31_15:42:21.390525 	EXP 	fix_cross: autoDraw = True
2026-07-31_15:42:21.390525 	EXP 	fix_cross: autoDraw = False
2026-07-31_15:42:21.390525 	EXP 	fix_cross_2: autoDraw = True
2026-07-31_15:42:22.591551 	EXP 	New trial (rep=0, index=68): <Trial 68 (68 in rep 0) data={'block': 2, 'trial_in_block': 19, 'concept': 'flower', 'concept_num': 6, 'concept_num_word': 6, 'exemplar_num': 29, 'image_shown': 'flower\\flower_29.jpg', 'word_shown_english': 'flower', 'word_shown_german': 'Blume', 'word_shown_french': 'Fleur', 'is_prompt': 1, 'is_mismatch': 0, 'ITI_length': 1.03, 'correct_response': None, 'nonmatch_pres_side': None, 'thisN': 68, 'thisTrialN': 68, 'thisRepN': 0}>
2026-07-31_15:42:22.736730 	EXP 	fix_cross_2: autoDraw = False
2026-07-31_15:42:22.736730 	EXP 	fix_cross_2: autoDraw = False
2026-07-31_15:42:22.736730 	EXP 	breaks_instruction: text = 'Pause, die Aufgabe geht gleich weiter.\nEs sind noch 8 Blöcke übrig.'
2026-07-31_15:42:22.736730 	EXP 	instruction_continuebreak: text = 'Die Pause ist vorbei.\nBitte drücken Sie eine beliebige Taste,\nsobald sie bereit sind, weiterzumachen.'
2026-07-31_15:42:22.736730 	EXP 	breaks_instruction: autoDraw = False
2026-07-31_15:42:22.736730 	EXP 	progress_bar_breaks: autoDraw = False
2026-07-31_15:42:22.736730 	EXP 	instruction_continuebreak: autoDraw = False
2026-07-31_15:42:22.736730 	EXP 	image: image = 'stimuli\\flower\\flower_29.jpg'
2026-07-31_15:42:22.736730 	EXP 	image: autoDraw = True
2026-07-31_15:42:23.476818 	EXP 	spoken_word: sampleRate = 24000
2026-07-31_15:42:23.478550 	INFO 	Resampled audio from 24000Hz to 48000Hz using method 'default'.
2026-07-31_15:42:23.478569 	DEBUG 	Converted audio clip from mono to stereo
2026-07-31_15:42:23.479995 	EXP 	spoken_word: sampleRate = 24000
2026-07-31_15:42:23.481355 	INFO 	Resampled audio from 24000Hz to 48000Hz using method 'default'.
2026-07-31_15:42:23.481372 	DEBUG 	Converted audio clip from mono to stereo
2026-07-31_15:42:23.481864 	EXP 	Sound spoken_word reached end of file
338.6142 	EXP 	Playing sound spoken_word on speaker Lautsprecher (Realtek(R) Audio)
2026-07-31_15:42:23.492307 	INFO 	Keyboard events cleared
2026-07-31_15:42:23.492063 	EXP 	image: autoDraw = False
2026-07-31_15:42:23.492063 	EXP 	image: autoDraw = False
2026-07-31_15:42:23.492063 	EXP 	fix_cross: foreColor = <psychopy.colors.Color: white, alpha=1.0>
2026-07-31_15:42:23.492063 	EXP 	fix_cross: autoDraw = True
2026-07-31_15:42:24.362364 	EXP 	Sound spoken_word reached end of file
2026-07-31_15:42:24.374284 	EXP 	Sound spoken_word reached end of file
2026-07-31_15:42:25.005162 	EXP 	fix_cross: autoDraw = False
2026-07-31_15:42:25.005162 	EXP 	fix_cross: foreColor = <psychopy.colors.Color: green, alpha=1.0>
2026-07-31_15:42:25.005162 	EXP 	fix_cross: autoDraw = True
2026-07-31_15:42:25.024931 	EXP 	fix_cross: autoDraw = False
2026-07-31_15:42:25.024931 	EXP 	fix_cross: autoDraw = True
2026-07-31_15:42:25.037588 	EXP 	fix_cross: autoDraw = False
2026-07-31_15:42:25.037588 	EXP 	fix_cross: autoDraw = True
2026-07-31_15:42:25.054458 	EXP 	fix_cross: autoDraw = False
2026-07-31_15:42:25.054458 	EXP 	fix_cross: autoDraw = True
2026-07-31_15:42:25.071359 	EXP 	fix_cross: autoDraw = False
2026-07-31_15:42:25.071359 	EXP 	fix_cross: autoDraw = True
2026-07-31_15:42:25.087841 	EXP 	fix_cross: autoDraw = False
2026-07-31_15:42:25.087841 	EXP 	fix_cross: autoDraw = True
2026-07-31_15:42:25.104701 	EXP 	fix_cross: autoDraw = False
2026-07-31_15:42:25.104701 	EXP 	fix_cross: autoDraw = True
2026-07-31_15:42:25.121419 	EXP 	fix_cross: autoDraw = False
2026-07-31_15:42:25.121419 	EXP 	fix_cross: autoDraw = True
2026-07-31_15:42:25.141594 	EXP 	fix_cross: autoDraw = False
2026-07-31_15:42:25.141594 	EXP 	fix_cross: autoDraw = True
2026-07-31_15:42:25.154273 	EXP 	fix_cross: autoDraw = False
2026-07-31_15:42:25.154273 	EXP 	fix_cross: autoDraw = True
2026-07-31_15:42:25.170997 	EXP 	fix_cross: autoDraw = False
2026-07-31_15:42:25.170997 	EXP 	fix_cross: autoDraw = True
2026-07-31_15:42:25.187427 	EXP 	fix_cross: autoDraw = False
2026-07-31_15:42:25.187427 	EXP 	fix_cross: autoDraw = True
2026-07-31_15:42:25.204695 	EXP 	fix_cross: autoDraw = False
2026-07-31_15:42:25.204695 	EXP 	fix_cross: autoDraw = True
2026-07-31_15:42:25.221525 	EXP 	fix_cross: autoDraw = False
2026-07-31_15:42:25.221525 	EXP 	fix_cross: autoDraw = True
2026-07-31_15:42:25.221525 	EXP 	fix_cross: autoDraw = False
2026-07-31_15:42:25.221525 	EXP 	fix_cross_2: autoDraw = True
2026-07-31_15:42:26.240463 	EXP 	New trial (rep=0, index=69): <Trial 69 (69 in rep 0) data={'block': 2, 'trial_in_block': 20, 'concept': 'hammer', 'concept_num': 7, 'concept_num_word': 7, 'exemplar_num': 49, 'image_shown': 'hammer\\hammer_49.jpg', 'word_shown_english': 'hammer', 'word_shown_german': 'Hammer', 'word_shown_french': 'Marteau', 'is_prompt': 1, 'is_mismatch': 0, 'ITI_length': 0.93, 'correct_response': None, 'nonmatch_pres_side': None, 'thisN': 69, 'thisTrialN': 69, 'thisRepN': 0}>
2026-07-31_15:42:26.327881 	EXP 	fix_cross_2: autoDraw = False
2026-07-31_15:42:26.327881 	EXP 	fix_cross_2: autoDraw = False
2026-07-31_15:42:26.327881 	EXP 	breaks_instruction: text = 'Pause, die Aufgabe geht gleich weiter.\nEs sind noch 8 Blöcke übrig.'
2026-07-31_15:42:26.327881 	EXP 	instruction_continuebreak: text = 'Die Pause ist vorbei.\nBitte drücken Sie eine beliebige Taste,\nsobald sie bereit sind, weiterzumachen.'
2026-07-31_15:42:26.327881 	EXP 	breaks_instruction: autoDraw = False
2026-07-31_15:42:26.327881 	EXP 	progress_bar_breaks: autoDraw = False
2026-07-31_15:42:26.327881 	EXP 	instruction_continuebreak: autoDraw = False
2026-07-31_15:42:26.327881 	EXP 	image: image = 'stimuli\\hammer\\hammer_49.jpg'
2026-07-31_15:42:26.327881 	EXP 	image: autoDraw = True
2026-07-31_15:42:27.074454 	EXP 	spoken_word: sampleRate = 44100
2026-07-31_15:42:27.076476 	INFO 	Resampled audio from 44100Hz to 48000Hz using method 'default'.
2026-07-31_15:42:27.076500 	DEBUG 	Converted audio clip from mono to stereo
2026-07-31_15:42:27.077915 	EXP 	spoken_word: sampleRate = 44100
2026-07-31_15:42:27.079929 	INFO 	Resampled audio from 44100Hz to 48000Hz using method 'default'.
2026-07-31_15:42:27.079946 	DEBUG 	Converted audio clip from mono to stereo
2026-07-31_15:42:27.080197 	EXP 	Sound spoken_word reached end of file
342.2125 	EXP 	Playing sound spoken_word on speaker Lautsprecher (Realtek(R) Audio)
2026-07-31_15:42:27.091746 	INFO 	Keyboard events cleared
2026-07-31_15:42:27.091572 	EXP 	image: autoDraw = False
2026-07-31_15:42:27.091572 	EXP 	image: autoDraw = False
2026-07-31_15:42:27.091572 	EXP 	fix_cross: foreColor = <psychopy.colors.Color: white, alpha=1.0>
2026-07-31_15:42:27.091572 	EXP 	fix_cross: autoDraw = True
2026-07-31_15:42:27.573560 	EXP 	Sound spoken_word reached end of file
2026-07-31_15:42:27.589890 	EXP 	Sound spoken_word reached end of file
2026-07-31_15:42:28.588224 	EXP 	fix_cross: autoDraw = False
2026-07-31_15:42:28.588224 	EXP 	fix_cross: foreColor = <psychopy.colors.Color: green, alpha=1.0>
2026-07-31_15:42:28.588224 	EXP 	fix_cross: autoDraw = True
2026-07-31_15:42:28.603571 	EXP 	fix_cross: autoDraw = False
2026-07-31_15:42:28.603571 	EXP 	fix_cross: autoDraw = True
2026-07-31_15:42:28.623761 	EXP 	fix_cross: autoDraw = False
2026-07-31_15:42:28.623761 	EXP 	fix_cross: autoDraw = True
2026-07-31_15:42:28.636723 	EXP 	fix_cross: autoDraw = False
2026-07-31_15:42:28.636723 	EXP 	fix_cross: autoDraw = True
2026-07-31_15:42:28.653739 	EXP 	fix_cross: autoDraw = False
2026-07-31_15:42:28.653739 	EXP 	fix_cross: autoDraw = True
2026-07-31_15:42:28.670809 	EXP 	fix_cross: autoDraw = False
2026-07-31_15:42:28.670809 	EXP 	fix_cross: autoDraw = True
2026-07-31_15:42:28.687551 	EXP 	fix_cross: autoDraw = False
2026-07-31_15:42:28.687551 	EXP 	fix_cross: autoDraw = True
2026-07-31_15:42:28.704101 	EXP 	fix_cross: autoDraw = False
2026-07-31_15:42:28.704101 	EXP 	fix_cross: autoDraw = True
2026-07-31_15:42:28.720547 	EXP 	fix_cross: autoDraw = False
2026-07-31_15:42:28.720547 	EXP 	fix_cross: autoDraw = True
2026-07-31_15:42:28.740593 	EXP 	fix_cross: autoDraw = False
2026-07-31_15:42:28.740593 	EXP 	fix_cross: autoDraw = True
2026-07-31_15:42:28.753436 	EXP 	fix_cross: autoDraw = False
2026-07-31_15:42:28.753436 	EXP 	fix_cross: autoDraw = True
2026-07-31_15:42:28.770295 	EXP 	fix_cross: autoDraw = False
2026-07-31_15:42:28.770295 	EXP 	fix_cross: autoDraw = True
2026-07-31_15:42:28.786919 	EXP 	fix_cross: autoDraw = False
2026-07-31_15:42:28.786919 	EXP 	fix_cross: autoDraw = True
2026-07-31_15:42:28.803857 	EXP 	fix_cross: autoDraw = False
2026-07-31_15:42:28.803857 	EXP 	fix_cross: autoDraw = True
2026-07-31_15:42:28.803857 	EXP 	fix_cross: autoDraw = False
2026-07-31_15:42:28.803857 	EXP 	fix_cross_2: autoDraw = True
2026-07-31_15:42:29.739471 	EXP 	New trial (rep=0, index=70): <Trial 70 (70 in rep 0) data={'block': 2, 'trial_in_block': 21, 'concept': 'chair', 'concept_num': 4, 'concept_num_word': 4, 'exemplar_num': 16, 'image_shown': 'chair\\chair_16.jpg', 'word_shown_english': 'chair', 'word_shown_german': 'Stuhl', 'word_shown_french': 'Chaise', 'is_prompt': 1, 'is_mismatch': 0, 'ITI_length': 1.17, 'correct_response': None, 'nonmatch_pres_side': None, 'thisN': 70, 'thisTrialN': 70, 'thisRepN': 0}>
2026-07-31_15:42:29.791258 	EXP 	fix_cross_2: autoDraw = False
2026-07-31_15:42:29.791258 	EXP 	fix_cross_2: autoDraw = False
2026-07-31_15:42:29.791258 	EXP 	breaks_instruction: text = 'Pause, die Aufgabe geht gleich weiter.\nEs sind noch 8 Blöcke übrig.'
2026-07-31_15:42:29.791258 	EXP 	instruction_continuebreak: text = 'Die Pause ist vorbei.\nBitte drücken Sie eine beliebige Taste,\nsobald sie bereit sind, weiterzumachen.'
2026-07-31_15:42:29.791258 	EXP 	breaks_instruction: autoDraw = False
2026-07-31_15:42:29.791258 	EXP 	progress_bar_breaks: autoDraw = False
2026-07-31_15:42:29.791258 	EXP 	instruction_continuebreak: autoDraw = False
2026-07-31_15:42:29.791258 	EXP 	image: image = 'stimuli\\chair\\chair_16.jpg'
2026-07-31_15:42:29.791258 	EXP 	image: autoDraw = True
2026-07-31_15:42:30.540934 	EXP 	spoken_word: sampleRate = 44100
2026-07-31_15:42:30.543357 	INFO 	Resampled audio from 44100Hz to 48000Hz using method 'default'.
2026-07-31_15:42:30.543376 	DEBUG 	Converted audio clip from mono to stereo
2026-07-31_15:42:30.544978 	EXP 	spoken_word: sampleRate = 44100
2026-07-31_15:42:30.547386 	INFO 	Resampled audio from 44100Hz to 48000Hz using method 'default'.
2026-07-31_15:42:30.547407 	DEBUG 	Converted audio clip from mono to stereo
2026-07-31_15:42:30.547701 	EXP 	Sound spoken_word reached end of file
345.6784 	EXP 	Playing sound spoken_word on speaker Lautsprecher (Realtek(R) Audio)
2026-07-31_15:42:30.569697 	INFO 	Keyboard events cleared
2026-07-31_15:42:30.569483 	EXP 	image: autoDraw = False
2026-07-31_15:42:30.569483 	EXP 	image: autoDraw = False
2026-07-31_15:42:30.569483 	EXP 	fix_cross: foreColor = <psychopy.colors.Color: white, alpha=1.0>
2026-07-31_15:42:30.569483 	EXP 	fix_cross: autoDraw = True
2026-07-31_15:42:31.095106 	EXP 	Sound spoken_word reached end of file
2026-07-31_15:42:31.105770 	EXP 	Sound spoken_word reached end of file
2026-07-31_15:42:32.069221 	EXP 	fix_cross: autoDraw = False
2026-07-31_15:42:32.069221 	EXP 	fix_cross: foreColor = <psychopy.colors.Color: green, alpha=1.0>
2026-07-31_15:42:32.069221 	EXP 	fix_cross: autoDraw = True
2026-07-31_15:42:32.085289 	EXP 	fix_cross: autoDraw = False
2026-07-31_15:42:32.085289 	EXP 	fix_cross: autoDraw = True
2026-07-31_15:42:32.102706 	EXP 	fix_cross: autoDraw = False
2026-07-31_15:42:32.102706 	EXP 	fix_cross: autoDraw = True
2026-07-31_15:42:32.118733 	EXP 	fix_cross: autoDraw = False
2026-07-31_15:42:32.118733 	EXP 	fix_cross: autoDraw = True
2026-07-31_15:42:32.140376 	EXP 	fix_cross: autoDraw = False
2026-07-31_15:42:32.140376 	EXP 	fix_cross: autoDraw = True
2026-07-31_15:42:32.152672 	EXP 	fix_cross: autoDraw = False
2026-07-31_15:42:32.152672 	EXP 	fix_cross: autoDraw = True
2026-07-31_15:42:32.169556 	EXP 	fix_cross: autoDraw = False
2026-07-31_15:42:32.169556 	EXP 	fix_cross: autoDraw = True
2026-07-31_15:42:32.186174 	EXP 	fix_cross: autoDraw = False
2026-07-31_15:42:32.186174 	EXP 	fix_cross: autoDraw = True
2026-07-31_15:42:32.202539 	EXP 	fix_cross: autoDraw = False
2026-07-31_15:42:32.202539 	EXP 	fix_cross: autoDraw = True
2026-07-31_15:42:32.218714 	EXP 	fix_cross: autoDraw = False
2026-07-31_15:42:32.218714 	EXP 	fix_cross: autoDraw = True
2026-07-31_15:42:32.240281 	EXP 	fix_cross: autoDraw = False
2026-07-31_15:42:32.240281 	EXP 	fix_cross: autoDraw = True
2026-07-31_15:42:32.252548 	EXP 	fix_cross: autoDraw = False
2026-07-31_15:42:32.252548 	EXP 	fix_cross: autoDraw = True
2026-07-31_15:42:32.269216 	EXP 	fix_cross: autoDraw = False
2026-07-31_15:42:32.269216 	EXP 	fix_cross: autoDraw = True
2026-07-31_15:42:32.285969 	EXP 	fix_cross: autoDraw = False
2026-07-31_15:42:32.285969 	EXP 	fix_cross: autoDraw = True
2026-07-31_15:42:32.285969 	EXP 	fix_cross: autoDraw = False
2026-07-31_15:42:32.285969 	EXP 	fix_cross_2: autoDraw = True
2026-07-31_15:42:33.442347 	EXP 	New trial (rep=0, index=71): <Trial 71 (71 in rep 0) data={'block': 2, 'trial_in_block': 22, 'concept': 'bicycle', 'concept_num': 2, 'concept_num_word': 2, 'exemplar_num': 22, 'image_shown': 'bicycle\\bicycle_22.jpg', 'word_shown_english': 'bicycle', 'word_shown_german': 'Fahrrad', 'word_shown_french': 'Vélo', 'is_prompt': 1, 'is_mismatch': 0, 'ITI_length': 1.02, 'correct_response': None, 'nonmatch_pres_side': None, 'thisN': 71, 'thisTrialN': 71, 'thisRepN': 0}>
2026-07-31_15:42:33.504889 	EXP 	fix_cross_2: autoDraw = False
2026-07-31_15:42:33.504889 	EXP 	fix_cross_2: autoDraw = False
2026-07-31_15:42:33.504889 	EXP 	breaks_instruction: text = 'Pause, die Aufgabe geht gleich weiter.\nEs sind noch 8 Blöcke übrig.'
2026-07-31_15:42:33.504889 	EXP 	instruction_continuebreak: text = 'Die Pause ist vorbei.\nBitte drücken Sie eine beliebige Taste,\nsobald sie bereit sind, weiterzumachen.'
2026-07-31_15:42:33.504889 	EXP 	breaks_instruction: autoDraw = False
2026-07-31_15:42:33.504889 	EXP 	progress_bar_breaks: autoDraw = False
2026-07-31_15:42:33.504889 	EXP 	instruction_continuebreak: autoDraw = False
2026-07-31_15:42:33.504889 	EXP 	image: image = 'stimuli\\bicycle\\bicycle_22.jpg'
2026-07-31_15:42:33.504889 	EXP 	image: autoDraw = True
2026-07-31_15:42:34.256538 	EXP 	spoken_word: sampleRate = 48000
2026-07-31_15:42:34.257514 	DEBUG 	Converted audio clip from mono to stereo
2026-07-31_15:42:34.258736 	EXP 	spoken_word: sampleRate = 48000
2026-07-31_15:42:34.259378 	DEBUG 	Converted audio clip from mono to stereo
2026-07-31_15:42:34.259603 	EXP 	Sound spoken_word reached end of file
349.3938 	EXP 	Playing sound spoken_word on speaker Lautsprecher (Realtek(R) Audio)
2026-07-31_15:42:34.268878 	INFO 	Keyboard events cleared
2026-07-31_15:42:34.268706 	EXP 	image: autoDraw = False
2026-07-31_15:42:34.268706 	EXP 	image: autoDraw = False
2026-07-31_15:42:34.268706 	EXP 	fix_cross: foreColor = <psychopy.colors.Color: white, alpha=1.0>
2026-07-31_15:42:34.268706 	EXP 	fix_cross: autoDraw = True
2026-07-31_15:42:34.954530 	EXP 	Sound spoken_word reached end of file
2026-07-31_15:42:34.974988 	EXP 	Sound spoken_word reached end of file
2026-07-31_15:42:35.768053 	EXP 	fix_cross: autoDraw = False
2026-07-31_15:42:35.791556 	EXP 	fix_cross: foreColor = <psychopy.colors.Color: green, alpha=1.0>
2026-07-31_15:42:35.791556 	EXP 	fix_cross: autoDraw = True
2026-07-31_15:42:35.807309 	EXP 	fix_cross: autoDraw = False
2026-07-31_15:42:35.807309 	EXP 	fix_cross: autoDraw = True
2026-07-31_15:42:35.825135 	EXP 	fix_cross: autoDraw = False
2026-07-31_15:42:35.825135 	EXP 	fix_cross: autoDraw = True
2026-07-31_15:42:35.835719 	EXP 	fix_cross: autoDraw = False
2026-07-31_15:42:35.835719 	EXP 	fix_cross: autoDraw = True
2026-07-31_15:42:35.855094 	EXP 	fix_cross: autoDraw = False
2026-07-31_15:42:35.855094 	EXP 	fix_cross: autoDraw = True
2026-07-31_15:42:35.868029 	EXP 	fix_cross: autoDraw = False
2026-07-31_15:42:35.868029 	EXP 	fix_cross: autoDraw = True
2026-07-31_15:42:35.884748 	EXP 	fix_cross: autoDraw = False
2026-07-31_15:42:35.884748 	EXP 	fix_cross: autoDraw = True
2026-07-31_15:42:35.900769 	EXP 	fix_cross: autoDraw = False
2026-07-31_15:42:35.900769 	EXP 	fix_cross: autoDraw = True
2026-07-31_15:42:35.918277 	EXP 	fix_cross: autoDraw = False
2026-07-31_15:42:35.918277 	EXP 	fix_cross: autoDraw = True
2026-07-31_15:42:35.935144 	EXP 	fix_cross: autoDraw = False
2026-07-31_15:42:35.935144 	EXP 	fix_cross: autoDraw = True
2026-07-31_15:42:35.955720 	EXP 	fix_cross: autoDraw = False
2026-07-31_15:42:35.955720 	EXP 	fix_cross: autoDraw = True
2026-07-31_15:42:35.967828 	EXP 	fix_cross: autoDraw = False
2026-07-31_15:42:35.967828 	EXP 	fix_cross: autoDraw = True
2026-07-31_15:42:35.985004 	EXP 	fix_cross: autoDraw = False
2026-07-31_15:42:35.985004 	EXP 	fix_cross: autoDraw = True
2026-07-31_15:42:36.001569 	EXP 	fix_cross: autoDraw = False
2026-07-31_15:42:36.001569 	EXP 	fix_cross: autoDraw = True
2026-07-31_15:42:36.001569 	EXP 	fix_cross: autoDraw = False
2026-07-31_15:42:36.001569 	EXP 	fix_cross_2: autoDraw = True
2026-07-31_15:42:37.020476 	EXP 	New trial (rep=0, index=72): <Trial 72 (72 in rep 0) data={'block': 2, 'trial_in_block': 23, 'concept': 'flower', 'concept_num': 6, 'concept_num_word': 6, 'exemplar_num': 37, 'image_shown': 'flower\\flower_37.jpg', 'word_shown_english': 'flower', 'word_shown_german': 'Blume', 'word_shown_french': 'Fleur', 'is_prompt': 1, 'is_mismatch': 0, 'ITI_length': 0.81, 'correct_response': None, 'nonmatch_pres_side': None, 'thisN': 72, 'thisTrialN': 72, 'thisRepN': 0}>
2026-07-31_15:42:37.086915 	EXP 	fix_cross_2: autoDraw = False
2026-07-31_15:42:37.086915 	EXP 	fix_cross_2: autoDraw = False
2026-07-31_15:42:37.086915 	EXP 	breaks_instruction: text = 'Pause, die Aufgabe geht gleich weiter.\nEs sind noch 8 Blöcke übrig.'
2026-07-31_15:42:37.086915 	EXP 	instruction_continuebreak: text = 'Die Pause ist vorbei.\nBitte drücken Sie eine beliebige Taste,\nsobald sie bereit sind, weiterzumachen.'
2026-07-31_15:42:37.086915 	EXP 	breaks_instruction: autoDraw = False
2026-07-31_15:42:37.086915 	EXP 	progress_bar_breaks: autoDraw = False
2026-07-31_15:42:37.086915 	EXP 	instruction_continuebreak: autoDraw = False
2026-07-31_15:42:37.086915 	EXP 	image: image = 'stimuli\\flower\\flower_37.jpg'
2026-07-31_15:42:37.086915 	EXP 	image: autoDraw = True
2026-07-31_15:42:37.825573 	EXP 	spoken_word: sampleRate = 24000
2026-07-31_15:42:37.827006 	INFO 	Resampled audio from 24000Hz to 48000Hz using method 'default'.
2026-07-31_15:42:37.827026 	DEBUG 	Converted audio clip from mono to stereo
2026-07-31_15:42:37.828236 	EXP 	spoken_word: sampleRate = 24000
2026-07-31_15:42:37.829364 	INFO 	Resampled audio from 24000Hz to 48000Hz using method 'default'.
2026-07-31_15:42:37.829383 	DEBUG 	Converted audio clip from mono to stereo
2026-07-31_15:42:37.829698 	EXP 	Sound spoken_word reached end of file
352.9626 	EXP 	Playing sound spoken_word on speaker Lautsprecher (Realtek(R) Audio)
2026-07-31_15:42:37.850570 	INFO 	Keyboard events cleared
2026-07-31_15:42:37.850385 	EXP 	image: autoDraw = False
2026-07-31_15:42:37.850385 	EXP 	image: autoDraw = False
2026-07-31_15:42:37.850385 	EXP 	fix_cross: foreColor = <psychopy.colors.Color: white, alpha=1.0>
2026-07-31_15:42:37.850385 	EXP 	fix_cross: autoDraw = True
2026-07-31_15:42:38.706172 	EXP 	Sound spoken_word reached end of file
2026-07-31_15:42:38.719419 	EXP 	Sound spoken_word reached end of file
2026-07-31_15:42:39.350121 	EXP 	fix_cross: autoDraw = False
2026-07-31_15:42:39.350121 	EXP 	fix_cross: foreColor = <psychopy.colors.Color: green, alpha=1.0>
2026-07-31_15:42:39.350121 	EXP 	fix_cross: autoDraw = True
2026-07-31_15:42:39.367321 	EXP 	fix_cross: autoDraw = False
2026-07-31_15:42:39.367321 	EXP 	fix_cross: autoDraw = True
2026-07-31_15:42:39.384185 	EXP 	fix_cross: autoDraw = False
2026-07-31_15:42:39.384185 	EXP 	fix_cross: autoDraw = True
2026-07-31_15:42:39.400653 	EXP 	fix_cross: autoDraw = False
2026-07-31_15:42:39.400653 	EXP 	fix_cross: autoDraw = True
2026-07-31_15:42:39.416726 	EXP 	fix_cross: autoDraw = False
2026-07-31_15:42:39.416726 	EXP 	fix_cross: autoDraw = True
2026-07-31_15:42:39.433776 	EXP 	fix_cross: autoDraw = False
2026-07-31_15:42:39.433776 	EXP 	fix_cross: autoDraw = True
2026-07-31_15:42:39.454114 	EXP 	fix_cross: autoDraw = False
2026-07-31_15:42:39.454114 	EXP 	fix_cross: autoDraw = True
2026-07-31_15:42:39.467019 	EXP 	fix_cross: autoDraw = False
2026-07-31_15:42:39.467019 	EXP 	fix_cross: autoDraw = True
2026-07-31_15:42:39.483403 	EXP 	fix_cross: autoDraw = False
2026-07-31_15:42:39.483403 	EXP 	fix_cross: autoDraw = True
2026-07-31_15:42:39.499913 	EXP 	fix_cross: autoDraw = False
2026-07-31_15:42:39.499913 	EXP 	fix_cross: autoDraw = True
2026-07-31_15:42:39.516987 	EXP 	fix_cross: autoDraw = False
2026-07-31_15:42:39.516987 	EXP 	fix_cross: autoDraw = True
2026-07-31_15:42:39.533740 	EXP 	fix_cross: autoDraw = False
2026-07-31_15:42:39.533740 	EXP 	fix_cross: autoDraw = True
2026-07-31_15:42:39.550549 	EXP 	fix_cross: autoDraw = False
2026-07-31_15:42:39.550549 	EXP 	fix_cross: autoDraw = True
2026-07-31_15:42:39.570747 	EXP 	fix_cross: autoDraw = False
2026-07-31_15:42:39.570747 	EXP 	fix_cross: autoDraw = True
2026-07-31_15:42:39.570747 	EXP 	fix_cross: autoDraw = False
2026-07-31_15:42:39.570747 	EXP 	fix_cross_2: autoDraw = True
2026-07-31_15:42:40.370038 	EXP 	New trial (rep=0, index=73): <Trial 73 (73 in rep 0) data={'block': 2, 'trial_in_block': 24, 'concept': 'jacket', 'concept_num': 10, 'concept_num_word': 10, 'exemplar_num': 23, 'image_shown': 'jacket\\jacket_23.jpg', 'word_shown_english': 'jacket', 'word_shown_german': 'Jacke', 'word_shown_french': 'Veste', 'is_prompt': 1, 'is_mismatch': 0, 'ITI_length': 1.12, 'correct_response': None, 'nonmatch_pres_side': None, 'thisN': 73, 'thisTrialN': 73, 'thisRepN': 0}>
2026-07-31_15:42:40.437680 	EXP 	fix_cross_2: autoDraw = False
2026-07-31_15:42:40.437680 	EXP 	fix_cross_2: autoDraw = False
2026-07-31_15:42:40.437680 	EXP 	breaks_instruction: text = 'Pause, die Aufgabe geht gleich weiter.\nEs sind noch 8 Blöcke übrig.'
2026-07-31_15:42:40.437680 	EXP 	instruction_continuebreak: text = 'Die Pause ist vorbei.\nBitte drücken Sie eine beliebige Taste,\nsobald sie bereit sind, weiterzumachen.'
2026-07-31_15:42:40.437680 	EXP 	breaks_instruction: autoDraw = False
2026-07-31_15:42:40.437680 	EXP 	progress_bar_breaks: autoDraw = False
2026-07-31_15:42:40.437680 	EXP 	instruction_continuebreak: autoDraw = False
2026-07-31_15:42:40.437680 	EXP 	image: image = 'stimuli\\jacket\\jacket_23.jpg'
2026-07-31_15:42:40.437680 	EXP 	image: autoDraw = True
2026-07-31_15:42:41.188262 	EXP 	spoken_word: sampleRate = 44100
2026-07-31_15:42:41.192183 	INFO 	Resampled audio from 44100Hz to 48000Hz using method 'default'.
2026-07-31_15:42:41.192217 	DEBUG 	Converted audio clip from mono to stereo
2026-07-31_15:42:41.193840 	EXP 	spoken_word: sampleRate = 44100
2026-07-31_15:42:41.197563 	INFO 	Resampled audio from 44100Hz to 48000Hz using method 'default'.
2026-07-31_15:42:41.197593 	DEBUG 	Converted audio clip from mono to stereo
2026-07-31_15:42:41.197928 	EXP 	Sound spoken_word reached end of file
356.3251 	EXP 	Playing sound spoken_word on speaker Lautsprecher (Realtek(R) Audio)
2026-07-31_15:42:41.217726 	INFO 	Keyboard events cleared
2026-07-31_15:42:41.217546 	EXP 	image: autoDraw = False
2026-07-31_15:42:41.217546 	EXP 	image: autoDraw = False
2026-07-31_15:42:41.217546 	EXP 	fix_cross: foreColor = <psychopy.colors.Color: white, alpha=1.0>
2026-07-31_15:42:41.217546 	EXP 	fix_cross: autoDraw = True
2026-07-31_15:42:41.720710 	EXP 	Sound spoken_word reached end of file
2026-07-31_15:42:41.735411 	EXP 	Sound spoken_word reached end of file
2026-07-31_15:42:42.716138 	EXP 	fix_cross: foreColor = <psychopy.colors.Color: green, alpha=1.0>
2026-07-31_15:42:42.732835 	EXP 	fix_cross: autoDraw = False
2026-07-31_15:42:42.732835 	EXP 	fix_cross: autoDraw = True
2026-07-31_15:42:42.753381 	EXP 	fix_cross: autoDraw = False
2026-07-31_15:42:42.753381 	EXP 	fix_cross: autoDraw = True
2026-07-31_15:42:42.765828 	EXP 	fix_cross: autoDraw = False
2026-07-31_15:42:42.765828 	EXP 	fix_cross: autoDraw = True
2026-07-31_15:42:42.782281 	EXP 	fix_cross: autoDraw = False
2026-07-31_15:42:42.782281 	EXP 	fix_cross: autoDraw = True
2026-07-31_15:42:42.799261 	EXP 	fix_cross: autoDraw = False
2026-07-31_15:42:42.799261 	EXP 	fix_cross: autoDraw = True
2026-07-31_15:42:42.816237 	EXP 	fix_cross: autoDraw = False
2026-07-31_15:42:42.816237 	EXP 	fix_cross: autoDraw = True
2026-07-31_15:42:42.832564 	EXP 	fix_cross: autoDraw = False
2026-07-31_15:42:42.832564 	EXP 	fix_cross: autoDraw = True
2026-07-31_15:42:42.853114 	EXP 	fix_cross: autoDraw = False
2026-07-31_15:42:42.853114 	EXP 	fix_cross: autoDraw = True
2026-07-31_15:42:42.865860 	EXP 	fix_cross: autoDraw = False
2026-07-31_15:42:42.865860 	EXP 	fix_cross: autoDraw = True
2026-07-31_15:42:42.882267 	EXP 	fix_cross: autoDraw = False
2026-07-31_15:42:42.882267 	EXP 	fix_cross: autoDraw = True
2026-07-31_15:42:42.899267 	EXP 	fix_cross: autoDraw = False
2026-07-31_15:42:42.899267 	EXP 	fix_cross: autoDraw = True
2026-07-31_15:42:42.915985 	EXP 	fix_cross: autoDraw = False
2026-07-31_15:42:42.915985 	EXP 	fix_cross: autoDraw = True
2026-07-31_15:42:42.932697 	EXP 	fix_cross: autoDraw = False
2026-07-31_15:42:42.932697 	EXP 	fix_cross: autoDraw = True
2026-07-31_15:42:42.932697 	EXP 	fix_cross: autoDraw = False
2026-07-31_15:42:42.932697 	EXP 	fix_cross_2: autoDraw = True
2026-07-31_15:42:44.051970 	EXP 	New trial (rep=0, index=74): <Trial 74 (74 in rep 0) data={'block': 2, 'trial_in_block': 25, 'concept': 'bread', 'concept_num': 3, 'concept_num_word': 3, 'exemplar_num': 25, 'image_shown': 'bread\\bread_25.jpg', 'word_shown_english': 'bread', 'word_shown_german': 'Brot', 'word_shown_french': 'Pain', 'is_prompt': 1, 'is_mismatch': 0, 'ITI_length': 1.2, 'correct_response': None, 'nonmatch_pres_side': None, 'thisN': 74, 'thisTrialN': 74, 'thisRepN': 0}>
2026-07-31_15:42:44.118681 	EXP 	fix_cross_2: autoDraw = False
2026-07-31_15:42:44.118681 	EXP 	fix_cross_2: autoDraw = False
2026-07-31_15:42:44.118681 	EXP 	breaks_instruction: text = 'Pause, die Aufgabe geht gleich weiter.\nEs sind noch 8 Blöcke übrig.'
2026-07-31_15:42:44.118681 	EXP 	instruction_continuebreak: text = 'Die Pause ist vorbei.\nBitte drücken Sie eine beliebige Taste,\nsobald sie bereit sind, weiterzumachen.'
2026-07-31_15:42:44.118681 	EXP 	breaks_instruction: autoDraw = False
2026-07-31_15:42:44.118681 	EXP 	progress_bar_breaks: autoDraw = False
2026-07-31_15:42:44.118681 	EXP 	instruction_continuebreak: autoDraw = False
2026-07-31_15:42:44.118681 	EXP 	image: image = 'stimuli\\bread\\bread_25.jpg'
2026-07-31_15:42:44.118681 	EXP 	image: autoDraw = True
2026-07-31_15:42:44.869432 	EXP 	spoken_word: sampleRate = 24000
2026-07-31_15:42:44.871262 	INFO 	Resampled audio from 24000Hz to 48000Hz using method 'default'.
2026-07-31_15:42:44.871283 	DEBUG 	Converted audio clip from mono to stereo
2026-07-31_15:42:44.872604 	EXP 	spoken_word: sampleRate = 24000
2026-07-31_15:42:44.874198 	INFO 	Resampled audio from 24000Hz to 48000Hz using method 'default'.
2026-07-31_15:42:44.874216 	DEBUG 	Converted audio clip from mono to stereo
2026-07-31_15:42:44.874555 	EXP 	Sound spoken_word reached end of file
360.0067 	EXP 	Playing sound spoken_word on speaker Lautsprecher (Realtek(R) Audio)
2026-07-31_15:42:44.882879 	INFO 	Keyboard events cleared
2026-07-31_15:42:44.882665 	EXP 	image: autoDraw = False
2026-07-31_15:42:44.882665 	EXP 	image: autoDraw = False
2026-07-31_15:42:44.882665 	EXP 	fix_cross: foreColor = <psychopy.colors.Color: white, alpha=1.0>
2026-07-31_15:42:44.882665 	EXP 	fix_cross: autoDraw = True
2026-07-31_15:42:45.784401 	EXP 	Sound spoken_word reached end of file
2026-07-31_15:42:45.810274 	EXP 	Sound spoken_word reached end of file
2026-07-31_15:42:46.381398 	EXP 	fix_cross: autoDraw = False
2026-07-31_15:42:46.398291 	EXP 	fix_cross: foreColor = <psychopy.colors.Color: green, alpha=1.0>
2026-07-31_15:42:46.398291 	EXP 	fix_cross: autoDraw = True
2026-07-31_15:42:46.414908 	EXP 	fix_cross: autoDraw = False
2026-07-31_15:42:46.414908 	EXP 	fix_cross: autoDraw = True
2026-07-31_15:42:46.431477 	EXP 	fix_cross: autoDraw = False
2026-07-31_15:42:46.431477 	EXP 	fix_cross: autoDraw = True
2026-07-31_15:42:46.448053 	EXP 	fix_cross: autoDraw = False
2026-07-31_15:42:46.448053 	EXP 	fix_cross: autoDraw = True
2026-07-31_15:42:46.468684 	EXP 	fix_cross: autoDraw = False
2026-07-31_15:42:46.468684 	EXP 	fix_cross: autoDraw = True
2026-07-31_15:42:46.481390 	EXP 	fix_cross: autoDraw = False
2026-07-31_15:42:46.481390 	EXP 	fix_cross: autoDraw = True
2026-07-31_15:42:46.498134 	EXP 	fix_cross: autoDraw = False
2026-07-31_15:42:46.498134 	EXP 	fix_cross: autoDraw = True
2026-07-31_15:42:46.514738 	EXP 	fix_cross: autoDraw = False
2026-07-31_15:42:46.514738 	EXP 	fix_cross: autoDraw = True
2026-07-31_15:42:46.531775 	EXP 	fix_cross: autoDraw = False
2026-07-31_15:42:46.531775 	EXP 	fix_cross: autoDraw = True
2026-07-31_15:42:46.548162 	EXP 	fix_cross: autoDraw = False
2026-07-31_15:42:46.548162 	EXP 	fix_cross: autoDraw = True
2026-07-31_15:42:46.564867 	EXP 	fix_cross: autoDraw = False
2026-07-31_15:42:46.564867 	EXP 	fix_cross: autoDraw = True
2026-07-31_15:42:46.585837 	EXP 	fix_cross: autoDraw = False
2026-07-31_15:42:46.585837 	EXP 	fix_cross: autoDraw = True
2026-07-31_15:42:46.597949 	EXP 	fix_cross: autoDraw = False
2026-07-31_15:42:46.597949 	EXP 	fix_cross: autoDraw = True
2026-07-31_15:42:46.597949 	EXP 	fix_cross: autoDraw = False
2026-07-31_15:42:46.597949 	EXP 	fix_cross_2: autoDraw = True
2026-07-31_15:42:47.787571 	EXP 	New trial (rep=0, index=75): <Trial 75 (75 in rep 0) data={'block': 2, 'trial_in_block': 26, 'concept': 'bicycle', 'concept_num': 2, 'concept_num_word': 9, 'exemplar_num': 48, 'image_shown': 'bicycle\\bicycle_48.jpg', 'word_shown_english': 'house', 'word_shown_german': 'Haus', 'word_shown_french': 'Maison', 'is_prompt': 1, 'is_mismatch': 1, 'ITI_length': 0.79, 'correct_response': 'r', 'nonmatch_pres_side': 'right', 'thisN': 75, 'thisTrialN': 75, 'thisRepN': 0}>
2026-07-31_15:42:47.871253 	EXP 	fix_cross_2: autoDraw = False
2026-07-31_15:42:47.871253 	EXP 	fix_cross_2: autoDraw = False
2026-07-31_15:42:47.871253 	EXP 	breaks_instruction: text = 'Pause, die Aufgabe geht gleich weiter.\nEs sind noch 8 Blöcke übrig.'
2026-07-31_15:42:47.871253 	EXP 	instruction_continuebreak: text = 'Die Pause ist vorbei.\nBitte drücken Sie eine beliebige Taste,\nsobald sie bereit sind, weiterzumachen.'
2026-07-31_15:42:47.871253 	EXP 	breaks_instruction: autoDraw = False
2026-07-31_15:42:47.871253 	EXP 	progress_bar_breaks: autoDraw = False
2026-07-31_15:42:47.871253 	EXP 	instruction_continuebreak: autoDraw = False
2026-07-31_15:42:47.871253 	EXP 	image: image = 'stimuli\\bicycle\\bicycle_48.jpg'
2026-07-31_15:42:47.871253 	EXP 	image: autoDraw = True
2026-07-31_15:42:48.618295 	EXP 	spoken_word: sampleRate = 44100
2026-07-31_15:42:48.622151 	INFO 	Resampled audio from 44100Hz to 48000Hz using method 'default'.
2026-07-31_15:42:48.622181 	DEBUG 	Converted audio clip from mono to stereo
2026-07-31_15:42:48.623932 	EXP 	spoken_word: sampleRate = 44100
2026-07-31_15:42:48.627969 	INFO 	Resampled audio from 44100Hz to 48000Hz using method 'default'.
2026-07-31_15:42:48.628024 	DEBUG 	Converted audio clip from mono to stereo
2026-07-31_15:42:48.628501 	EXP 	Sound spoken_word reached end of file
363.7554 	EXP 	Playing sound spoken_word on speaker Lautsprecher (Realtek(R) Audio)
2026-07-31_15:42:48.647704 	INFO 	Keyboard events cleared
2026-07-31_15:42:48.647461 	EXP 	image: autoDraw = False
2026-07-31_15:42:48.647461 	EXP 	image: autoDraw = False
2026-07-31_15:42:48.647461 	EXP 	fix_cross: foreColor = <psychopy.colors.Color: white, alpha=1.0>
2026-07-31_15:42:48.647461 	EXP 	fix_cross: autoDraw = True
2026-07-31_15:42:49.153790 	EXP 	Sound spoken_word reached end of file
2026-07-31_15:42:49.166559 	EXP 	Sound spoken_word reached end of file
2026-07-31_15:42:50.146932 	EXP 	fix_cross: autoDraw = False
2026-07-31_15:42:50.146932 	EXP 	fix_cross: foreColor = <psychopy.colors.Color: red, alpha=1.0>
2026-07-31_15:42:50.146932 	EXP 	fix_cross: autoDraw = True
2026-07-31_15:42:50.164215 	EXP 	fix_cross: autoDraw = False
2026-07-31_15:42:50.164215 	EXP 	fix_cross: autoDraw = True
2026-07-31_15:42:50.186904 	EXP 	fix_cross: autoDraw = False
2026-07-31_15:42:50.186904 	EXP 	fix_cross: autoDraw = True
2026-07-31_15:42:50.201483 	EXP 	fix_cross: autoDraw = False
2026-07-31_15:42:50.201483 	EXP 	fix_cross: autoDraw = True
2026-07-31_15:42:50.220273 	EXP 	fix_cross: autoDraw = False
2026-07-31_15:42:50.220273 	EXP 	fix_cross: autoDraw = True
2026-07-31_15:42:50.230971 	EXP 	fix_cross: autoDraw = False
2026-07-31_15:42:50.230971 	EXP 	fix_cross: autoDraw = True
2026-07-31_15:42:50.246943 	EXP 	fix_cross: autoDraw = False
2026-07-31_15:42:50.246943 	EXP 	fix_cross: autoDraw = True
2026-07-31_15:42:50.263480 	EXP 	fix_cross: autoDraw = False
2026-07-31_15:42:50.263480 	EXP 	fix_cross: autoDraw = True
2026-07-31_15:42:50.280344 	EXP 	fix_cross: autoDraw = False
2026-07-31_15:42:50.280344 	EXP 	fix_cross: autoDraw = True
2026-07-31_15:42:50.301205 	EXP 	fix_cross: autoDraw = False
2026-07-31_15:42:50.301205 	EXP 	fix_cross: autoDraw = True
2026-07-31_15:42:50.313412 	EXP 	fix_cross: autoDraw = False
2026-07-31_15:42:50.313412 	EXP 	fix_cross: autoDraw = True
2026-07-31_15:42:50.330161 	EXP 	fix_cross: autoDraw = False
2026-07-31_15:42:50.330161 	EXP 	fix_cross: autoDraw = True
2026-07-31_15:42:50.346794 	EXP 	fix_cross: autoDraw = False
2026-07-31_15:42:50.346794 	EXP 	fix_cross: autoDraw = True
2026-07-31_15:42:50.363682 	EXP 	fix_cross: autoDraw = False
2026-07-31_15:42:50.363682 	EXP 	fix_cross: autoDraw = True
2026-07-31_15:42:50.363682 	EXP 	fix_cross: autoDraw = False
2026-07-31_15:42:50.363682 	EXP 	fix_cross_2: autoDraw = True
2026-07-31_15:42:51.150156 	EXP 	New trial (rep=0, index=76): <Trial 76 (76 in rep 0) data={'block': 2, 'trial_in_block': 27, 'concept': 'bread', 'concept_num': 3, 'concept_num_word': 3, 'exemplar_num': 36, 'image_shown': 'bread\\bread_36.jpg', 'word_shown_english': 'bread', 'word_shown_german': 'Brot', 'word_shown_french': 'Pain', 'is_prompt': 1, 'is_mismatch': 0, 'ITI_length': 1.19, 'correct_response': None, 'nonmatch_pres_side': None, 'thisN': 76, 'thisTrialN': 76, 'thisRepN': 0}>
2026-07-31_15:42:51.319767 	EXP 	fix_cross_2: autoDraw = False
2026-07-31_15:42:51.319767 	EXP 	fix_cross_2: autoDraw = False
2026-07-31_15:42:51.319767 	EXP 	breaks_instruction: text = 'Pause, die Aufgabe geht gleich weiter.\nEs sind noch 8 Blöcke übrig.'
2026-07-31_15:42:51.319767 	EXP 	instruction_continuebreak: text = 'Die Pause ist vorbei.\nBitte drücken Sie eine beliebige Taste,\nsobald sie bereit sind, weiterzumachen.'
2026-07-31_15:42:51.319767 	EXP 	breaks_instruction: autoDraw = False
2026-07-31_15:42:51.319767 	EXP 	progress_bar_breaks: autoDraw = False
2026-07-31_15:42:51.319767 	EXP 	instruction_continuebreak: autoDraw = False
2026-07-31_15:42:51.319767 	EXP 	image: image = 'stimuli\\bread\\bread_36.jpg'
2026-07-31_15:42:51.319767 	EXP 	image: autoDraw = True
2026-07-31_15:42:52.068397 	EXP 	spoken_word: sampleRate = 24000
2026-07-31_15:42:52.070535 	INFO 	Resampled audio from 24000Hz to 48000Hz using method 'default'.
2026-07-31_15:42:52.070566 	DEBUG 	Converted audio clip from mono to stereo
2026-07-31_15:42:52.072816 	EXP 	spoken_word: sampleRate = 24000
2026-07-31_15:42:52.074662 	INFO 	Resampled audio from 24000Hz to 48000Hz using method 'default'.
2026-07-31_15:42:52.074687 	DEBUG 	Converted audio clip from mono to stereo
2026-07-31_15:42:52.075420 	EXP 	Sound spoken_word reached end of file
367.2057 	EXP 	Playing sound spoken_word on speaker Lautsprecher (Realtek(R) Audio)
2026-07-31_15:42:52.096229 	INFO 	Keyboard events cleared
2026-07-31_15:42:52.096040 	EXP 	image: autoDraw = False
2026-07-31_15:42:52.096040 	EXP 	image: autoDraw = False
2026-07-31_15:42:52.096040 	EXP 	fix_cross: foreColor = <psychopy.colors.Color: white, alpha=1.0>
2026-07-31_15:42:52.096040 	EXP 	fix_cross: autoDraw = True
2026-07-31_15:42:52.982461 	EXP 	Sound spoken_word reached end of file
2026-07-31_15:42:53.000209 	EXP 	Sound spoken_word reached end of file
2026-07-31_15:42:53.595809 	EXP 	fix_cross: autoDraw = False
2026-07-31_15:42:53.595809 	EXP 	fix_cross: foreColor = <psychopy.colors.Color: green, alpha=1.0>
2026-07-31_15:42:53.595809 	EXP 	fix_cross: autoDraw = True
2026-07-31_15:42:53.612405 	EXP 	fix_cross: autoDraw = False
2026-07-31_15:42:53.612405 	EXP 	fix_cross: autoDraw = True
2026-07-31_15:42:53.628990 	EXP 	fix_cross: autoDraw = False
2026-07-31_15:42:53.628990 	EXP 	fix_cross: autoDraw = True
2026-07-31_15:42:53.645501 	EXP 	fix_cross: autoDraw = False
2026-07-31_15:42:53.645501 	EXP 	fix_cross: autoDraw = True
2026-07-31_15:42:53.662210 	EXP 	fix_cross: autoDraw = False
2026-07-31_15:42:53.662210 	EXP 	fix_cross: autoDraw = True
2026-07-31_15:42:53.682822 	EXP 	fix_cross: autoDraw = False
2026-07-31_15:42:53.682822 	EXP 	fix_cross: autoDraw = True
2026-07-31_15:42:53.695619 	EXP 	fix_cross: autoDraw = False
2026-07-31_15:42:53.695619 	EXP 	fix_cross: autoDraw = True
2026-07-31_15:42:53.712430 	EXP 	fix_cross: autoDraw = False
2026-07-31_15:42:53.712430 	EXP 	fix_cross: autoDraw = True
2026-07-31_15:42:53.729248 	EXP 	fix_cross: autoDraw = False
2026-07-31_15:42:53.729248 	EXP 	fix_cross: autoDraw = True
2026-07-31_15:42:53.745945 	EXP 	fix_cross: autoDraw = False
2026-07-31_15:42:53.745945 	EXP 	fix_cross: autoDraw = True
2026-07-31_15:42:53.762463 	EXP 	fix_cross: autoDraw = False
2026-07-31_15:42:53.762463 	EXP 	fix_cross: autoDraw = True
2026-07-31_15:42:53.779062 	EXP 	fix_cross: autoDraw = False
2026-07-31_15:42:53.779062 	EXP 	fix_cross: autoDraw = True
2026-07-31_15:42:53.799564 	EXP 	fix_cross: autoDraw = False
2026-07-31_15:42:53.799564 	EXP 	fix_cross: autoDraw = True
2026-07-31_15:42:53.812343 	EXP 	fix_cross: autoDraw = False
2026-07-31_15:42:53.812343 	EXP 	fix_cross: autoDraw = True
2026-07-31_15:42:53.812343 	EXP 	fix_cross: autoDraw = False
2026-07-31_15:42:53.812343 	EXP 	fix_cross_2: autoDraw = True
2026-07-31_15:42:54.997446 	EXP 	New trial (rep=0, index=77): <Trial 77 (77 in rep 0) data={'block': 2, 'trial_in_block': 28, 'concept': 'dog', 'concept_num': 5, 'concept_num_word': 5, 'exemplar_num': 20, 'image_shown': 'dog\\dog_20.jpg', 'word_shown_english': 'dog', 'word_shown_german': 'Hund', 'word_shown_french': 'Chien', 'is_prompt': 1, 'is_mismatch': 0, 'ITI_length': 1.01, 'correct_response': None, 'nonmatch_pres_side': None, 'thisN': 77, 'thisTrialN': 77, 'thisRepN': 0}>
2026-07-31_15:42:55.050797 	EXP 	fix_cross_2: autoDraw = False
2026-07-31_15:42:55.050797 	EXP 	fix_cross_2: autoDraw = False
2026-07-31_15:42:55.050797 	EXP 	breaks_instruction: text = 'Pause, die Aufgabe geht gleich weiter.\nEs sind noch 8 Blöcke übrig.'
2026-07-31_15:42:55.050797 	EXP 	instruction_continuebreak: text = 'Die Pause ist vorbei.\nBitte drücken Sie eine beliebige Taste,\nsobald sie bereit sind, weiterzumachen.'
2026-07-31_15:42:55.050797 	EXP 	breaks_instruction: autoDraw = False
2026-07-31_15:42:55.050797 	EXP 	progress_bar_breaks: autoDraw = False
2026-07-31_15:42:55.050797 	EXP 	instruction_continuebreak: autoDraw = False
2026-07-31_15:42:55.050797 	EXP 	image: image = 'stimuli\\dog\\dog_20.jpg'
2026-07-31_15:42:55.050797 	EXP 	image: autoDraw = True
2026-07-31_15:42:55.799003 	EXP 	spoken_word: sampleRate = 44100
2026-07-31_15:42:55.801793 	INFO 	Resampled audio from 44100Hz to 48000Hz using method 'default'.
2026-07-31_15:42:55.801827 	DEBUG 	Converted audio clip from mono to stereo
2026-07-31_15:42:55.803516 	EXP 	spoken_word: sampleRate = 44100
2026-07-31_15:42:55.805896 	INFO 	Resampled audio from 44100Hz to 48000Hz using method 'default'.
2026-07-31_15:42:55.805917 	DEBUG 	Converted audio clip from mono to stereo
2026-07-31_15:42:55.806185 	EXP 	Sound spoken_word reached end of file
370.9366 	EXP 	Playing sound spoken_word on speaker Lautsprecher (Realtek(R) Audio)
2026-07-31_15:42:55.827868 	INFO 	Keyboard events cleared
2026-07-31_15:42:55.827647 	EXP 	image: autoDraw = False
2026-07-31_15:42:55.827647 	EXP 	image: autoDraw = False
2026-07-31_15:42:55.827647 	EXP 	fix_cross: foreColor = <psychopy.colors.Color: white, alpha=1.0>
2026-07-31_15:42:55.827647 	EXP 	fix_cross: autoDraw = True
2026-07-31_15:42:56.284952 	EXP 	Sound spoken_word reached end of file
2026-07-31_15:42:56.304654 	EXP 	Sound spoken_word reached end of file
2026-07-31_15:42:57.311612 	EXP 	fix_cross: foreColor = <psychopy.colors.Color: green, alpha=1.0>
2026-07-31_15:42:57.327974 	EXP 	fix_cross: autoDraw = False
2026-07-31_15:42:57.327974 	EXP 	fix_cross: autoDraw = True
2026-07-31_15:42:57.344436 	EXP 	fix_cross: autoDraw = False
2026-07-31_15:42:57.344436 	EXP 	fix_cross: autoDraw = True
2026-07-31_15:42:57.361393 	EXP 	fix_cross: autoDraw = False
2026-07-31_15:42:57.361393 	EXP 	fix_cross: autoDraw = True
2026-07-31_15:42:57.378436 	EXP 	fix_cross: autoDraw = False
2026-07-31_15:42:57.378436 	EXP 	fix_cross: autoDraw = True
2026-07-31_15:42:57.394802 	EXP 	fix_cross: autoDraw = False
2026-07-31_15:42:57.394802 	EXP 	fix_cross: autoDraw = True
2026-07-31_15:42:57.418500 	EXP 	fix_cross: autoDraw = False
2026-07-31_15:42:57.418500 	EXP 	fix_cross: autoDraw = True
2026-07-31_15:42:57.434458 	EXP 	fix_cross: autoDraw = False
2026-07-31_15:42:57.434458 	EXP 	fix_cross: autoDraw = True
2026-07-31_15:42:57.451406 	EXP 	fix_cross: autoDraw = False
2026-07-31_15:42:57.451406 	EXP 	fix_cross: autoDraw = True
2026-07-31_15:42:57.462159 	EXP 	fix_cross: autoDraw = False
2026-07-31_15:42:57.462159 	EXP 	fix_cross: autoDraw = True
2026-07-31_15:42:57.478021 	EXP 	fix_cross: autoDraw = False
2026-07-31_15:42:57.478021 	EXP 	fix_cross: autoDraw = True
2026-07-31_15:42:57.494725 	EXP 	fix_cross: autoDraw = False
2026-07-31_15:42:57.494725 	EXP 	fix_cross: autoDraw = True
2026-07-31_15:42:57.511012 	EXP 	fix_cross: autoDraw = False
2026-07-31_15:42:57.511012 	EXP 	fix_cross: autoDraw = True
2026-07-31_15:42:57.531700 	EXP 	fix_cross: autoDraw = False
2026-07-31_15:42:57.531700 	EXP 	fix_cross: autoDraw = True
2026-07-31_15:42:57.531700 	EXP 	fix_cross: autoDraw = False
2026-07-31_15:42:57.531700 	EXP 	fix_cross_2: autoDraw = True
2026-07-31_15:42:58.530566 	EXP 	New trial (rep=0, index=78): <Trial 78 (78 in rep 0) data={'block': 2, 'trial_in_block': 29, 'concept': 'bicycle', 'concept_num': 2, 'concept_num_word': 2, 'exemplar_num': 26, 'image_shown': 'bicycle\\bicycle_26.jpg', 'word_shown_english': 'bicycle', 'word_shown_german': 'Fahrrad', 'word_shown_french': 'Vélo', 'is_prompt': 1, 'is_mismatch': 0, 'ITI_length': 1.2, 'correct_response': None, 'nonmatch_pres_side': None, 'thisN': 78, 'thisTrialN': 78, 'thisRepN': 0}>
2026-07-31_15:42:58.604165 	EXP 	fix_cross_2: autoDraw = False
2026-07-31_15:42:58.604165 	EXP 	fix_cross_2: autoDraw = False
2026-07-31_15:42:58.604165 	EXP 	breaks_instruction: text = 'Pause, die Aufgabe geht gleich weiter.\nEs sind noch 8 Blöcke übrig.'
2026-07-31_15:42:58.604165 	EXP 	instruction_continuebreak: text = 'Die Pause ist vorbei.\nBitte drücken Sie eine beliebige Taste,\nsobald sie bereit sind, weiterzumachen.'
2026-07-31_15:42:58.604165 	EXP 	breaks_instruction: autoDraw = False
2026-07-31_15:42:58.604165 	EXP 	progress_bar_breaks: autoDraw = False
2026-07-31_15:42:58.604165 	EXP 	instruction_continuebreak: autoDraw = False
2026-07-31_15:42:58.604165 	EXP 	image: image = 'stimuli\\bicycle\\bicycle_26.jpg'
2026-07-31_15:42:58.604165 	EXP 	image: autoDraw = True
2026-07-31_15:42:59.349014 	EXP 	spoken_word: sampleRate = 48000
2026-07-31_15:42:59.350059 	DEBUG 	Converted audio clip from mono to stereo
2026-07-31_15:42:59.351442 	EXP 	spoken_word: sampleRate = 48000
2026-07-31_15:42:59.352167 	DEBUG 	Converted audio clip from mono to stereo
2026-07-31_15:42:59.352461 	EXP 	Sound spoken_word reached end of file
374.4854 	EXP 	Playing sound spoken_word on speaker Lautsprecher (Realtek(R) Audio)
2026-07-31_15:42:59.361194 	INFO 	Keyboard events cleared
2026-07-31_15:42:59.360923 	EXP 	image: autoDraw = False
2026-07-31_15:42:59.360923 	EXP 	image: autoDraw = False
2026-07-31_15:42:59.360923 	EXP 	fix_cross: foreColor = <psychopy.colors.Color: white, alpha=1.0>
2026-07-31_15:42:59.360923 	EXP 	fix_cross: autoDraw = True
2026-07-31_15:43:00.043978 	EXP 	Sound spoken_word reached end of file
2026-07-31_15:43:00.063018 	EXP 	Sound spoken_word reached end of file
2026-07-31_15:43:00.860097 	EXP 	fix_cross: autoDraw = False
2026-07-31_15:43:00.877393 	EXP 	fix_cross: foreColor = <psychopy.colors.Color: green, alpha=1.0>
2026-07-31_15:43:00.877393 	EXP 	fix_cross: autoDraw = True
2026-07-31_15:43:00.893964 	EXP 	fix_cross: autoDraw = False
2026-07-31_15:43:00.893964 	EXP 	fix_cross: autoDraw = True
2026-07-31_15:43:00.914731 	EXP 	fix_cross: autoDraw = False
2026-07-31_15:43:00.914731 	EXP 	fix_cross: autoDraw = True
2026-07-31_15:43:00.926967 	EXP 	fix_cross: autoDraw = False
2026-07-31_15:43:00.926967 	EXP 	fix_cross: autoDraw = True
2026-07-31_15:43:00.943736 	EXP 	fix_cross: autoDraw = False
2026-07-31_15:43:00.943736 	EXP 	fix_cross: autoDraw = True
2026-07-31_15:43:00.960550 	EXP 	fix_cross: autoDraw = False
2026-07-31_15:43:00.960550 	EXP 	fix_cross: autoDraw = True
2026-07-31_15:43:00.976968 	EXP 	fix_cross: autoDraw = False
2026-07-31_15:43:00.976968 	EXP 	fix_cross: autoDraw = True
2026-07-31_15:43:00.993271 	EXP 	fix_cross: autoDraw = False
2026-07-31_15:43:00.993271 	EXP 	fix_cross: autoDraw = True
2026-07-31_15:43:01.010520 	EXP 	fix_cross: autoDraw = False
2026-07-31_15:43:01.010520 	EXP 	fix_cross: autoDraw = True
2026-07-31_15:43:01.030928 	EXP 	fix_cross: autoDraw = False
2026-07-31_15:43:01.030928 	EXP 	fix_cross: autoDraw = True
2026-07-31_15:43:01.043496 	EXP 	fix_cross: autoDraw = False
2026-07-31_15:43:01.043496 	EXP 	fix_cross: autoDraw = True
2026-07-31_15:43:01.060016 	EXP 	fix_cross: autoDraw = False
2026-07-31_15:43:01.060016 	EXP 	fix_cross: autoDraw = True
2026-07-31_15:43:01.076435 	EXP 	fix_cross: autoDraw = False
2026-07-31_15:43:01.076435 	EXP 	fix_cross: autoDraw = True
2026-07-31_15:43:01.093019 	EXP 	fix_cross: autoDraw = False
2026-07-31_15:43:01.093019 	EXP 	fix_cross: autoDraw = True
2026-07-31_15:43:01.093019 	EXP 	fix_cross: autoDraw = False
2026-07-31_15:43:01.093019 	EXP 	fix_cross_2: autoDraw = True
2026-07-31_15:43:02.279547 	EXP 	New trial (rep=0, index=79): <Trial 79 (79 in rep 0) data={'block': 2, 'trial_in_block': 30, 'concept': 'house', 'concept_num': 9, 'concept_num_word': 9, 'exemplar_num': 44, 'image_shown': 'house\\house_44.jpg', 'word_shown_english': 'house', 'word_shown_german': 'Haus', 'word_shown_french': 'Maison', 'is_prompt': 1, 'is_mismatch': 0, 'ITI_length': 0.83, 'correct_response': None, 'nonmatch_pres_side': None, 'thisN': 79, 'thisTrialN': 79, 'thisRepN': 0}>
2026-07-31_15:43:02.366292 	EXP 	fix_cross_2: autoDraw = False
2026-07-31_15:43:02.366292 	EXP 	fix_cross_2: autoDraw = False
2026-07-31_15:43:02.366292 	EXP 	breaks_instruction: text = 'Pause, die Aufgabe geht gleich weiter.\nEs sind noch 8 Blöcke übrig.'
2026-07-31_15:43:02.366292 	EXP 	instruction_continuebreak: text = 'Die Pause ist vorbei.\nBitte drücken Sie eine beliebige Taste,\nsobald sie bereit sind, weiterzumachen.'
2026-07-31_15:43:02.366292 	EXP 	breaks_instruction: autoDraw = False
2026-07-31_15:43:02.366292 	EXP 	progress_bar_breaks: autoDraw = False
2026-07-31_15:43:02.366292 	EXP 	instruction_continuebreak: autoDraw = False
2026-07-31_15:43:02.366292 	EXP 	image: image = 'stimuli\\house\\house_44.jpg'
2026-07-31_15:43:02.366292 	EXP 	image: autoDraw = True
2026-07-31_15:43:03.113919 	EXP 	spoken_word: sampleRate = 44100
2026-07-31_15:43:03.117750 	INFO 	Resampled audio from 44100Hz to 48000Hz using method 'default'.
2026-07-31_15:43:03.117773 	DEBUG 	Converted audio clip from mono to stereo
2026-07-31_15:43:03.119134 	EXP 	spoken_word: sampleRate = 44100
2026-07-31_15:43:03.122720 	INFO 	Resampled audio from 44100Hz to 48000Hz using method 'default'.
2026-07-31_15:43:03.122766 	DEBUG 	Converted audio clip from mono to stereo
2026-07-31_15:43:03.123170 	EXP 	Sound spoken_word reached end of file
378.2511 	EXP 	Playing sound spoken_word on speaker Lautsprecher (Realtek(R) Audio)
2026-07-31_15:43:03.142609 	INFO 	Keyboard events cleared
2026-07-31_15:43:03.142434 	EXP 	image: autoDraw = False
2026-07-31_15:43:03.142434 	EXP 	image: autoDraw = False
2026-07-31_15:43:03.142434 	EXP 	fix_cross: foreColor = <psychopy.colors.Color: white, alpha=1.0>
2026-07-31_15:43:03.142434 	EXP 	fix_cross: autoDraw = True
2026-07-31_15:43:03.649777 	EXP 	Sound spoken_word reached end of file
2026-07-31_15:43:03.661470 	EXP 	Sound spoken_word reached end of file
2026-07-31_15:43:04.651692 	EXP 	fix_cross: autoDraw = False
2026-07-31_15:43:04.651692 	EXP 	fix_cross: foreColor = <psychopy.colors.Color: green, alpha=1.0>
2026-07-31_15:43:04.651692 	EXP 	fix_cross: autoDraw = True
2026-07-31_15:43:04.682776 	EXP 	fix_cross: autoDraw = False
2026-07-31_15:43:04.682776 	EXP 	fix_cross: autoDraw = True
2026-07-31_15:43:04.693328 	EXP 	fix_cross: autoDraw = False
2026-07-31_15:43:04.693328 	EXP 	fix_cross: autoDraw = True
2026-07-31_15:43:04.709104 	EXP 	fix_cross: autoDraw = False
2026-07-31_15:43:04.709104 	EXP 	fix_cross: autoDraw = True
2026-07-31_15:43:04.725758 	EXP 	fix_cross: autoDraw = False
2026-07-31_15:43:04.725758 	EXP 	fix_cross: autoDraw = True
2026-07-31_15:43:04.743091 	EXP 	fix_cross: autoDraw = False
2026-07-31_15:43:04.743091 	EXP 	fix_cross: autoDraw = True
2026-07-31_15:43:04.758983 	EXP 	fix_cross: autoDraw = False
2026-07-31_15:43:04.758983 	EXP 	fix_cross: autoDraw = True
2026-07-31_15:43:04.779056 	EXP 	fix_cross: autoDraw = False
2026-07-31_15:43:04.779056 	EXP 	fix_cross: autoDraw = True
2026-07-31_15:43:04.792846 	EXP 	fix_cross: autoDraw = False
2026-07-31_15:43:04.792846 	EXP 	fix_cross: autoDraw = True
2026-07-31_15:43:04.808955 	EXP 	fix_cross: autoDraw = False
2026-07-31_15:43:04.808955 	EXP 	fix_cross: autoDraw = True
2026-07-31_15:43:04.825509 	EXP 	fix_cross: autoDraw = False
2026-07-31_15:43:04.825509 	EXP 	fix_cross: autoDraw = True
2026-07-31_15:43:04.842461 	EXP 	fix_cross: autoDraw = False
2026-07-31_15:43:04.842461 	EXP 	fix_cross: autoDraw = True
2026-07-31_15:43:04.859022 	EXP 	fix_cross: autoDraw = False
2026-07-31_15:43:04.859022 	EXP 	fix_cross: autoDraw = True
2026-07-31_15:43:04.859022 	EXP 	fix_cross: autoDraw = False
2026-07-31_15:43:04.859022 	EXP 	fix_cross_2: autoDraw = True
2026-07-31_15:43:05.678226 	EXP 	New trial (rep=0, index=80): <Trial 80 (80 in rep 0) data={'block': 2, 'trial_in_block': 31, 'concept': 'chair', 'concept_num': 4, 'concept_num_word': 4, 'exemplar_num': 35, 'image_shown': 'chair\\chair_35.jpg', 'word_shown_english': 'chair', 'word_shown_german': 'Stuhl', 'word_shown_french': 'Chaise', 'is_prompt': 1, 'is_mismatch': 0, 'ITI_length': 0.98, 'correct_response': None, 'nonmatch_pres_side': None, 'thisN': 80, 'thisTrialN': 80, 'thisRepN': 0}>
2026-07-31_15:43:05.730027 	EXP 	fix_cross_2: autoDraw = False
2026-07-31_15:43:05.730027 	EXP 	fix_cross_2: autoDraw = False
2026-07-31_15:43:05.730027 	EXP 	breaks_instruction: text = 'Pause, die Aufgabe geht gleich weiter.\nEs sind noch 8 Blöcke übrig.'
2026-07-31_15:43:05.730027 	EXP 	instruction_continuebreak: text = 'Die Pause ist vorbei.\nBitte drücken Sie eine beliebige Taste,\nsobald sie bereit sind, weiterzumachen.'
2026-07-31_15:43:05.730027 	EXP 	breaks_instruction: autoDraw = False
2026-07-31_15:43:05.730027 	EXP 	progress_bar_breaks: autoDraw = False
2026-07-31_15:43:05.730027 	EXP 	instruction_continuebreak: autoDraw = False
2026-07-31_15:43:05.730027 	EXP 	image: image = 'stimuli\\chair\\chair_35.jpg'
2026-07-31_15:43:05.730027 	EXP 	image: autoDraw = True
2026-07-31_15:43:06.479030 	EXP 	spoken_word: sampleRate = 44100
2026-07-31_15:43:06.481747 	INFO 	Resampled audio from 44100Hz to 48000Hz using method 'default'.
2026-07-31_15:43:06.481783 	DEBUG 	Converted audio clip from mono to stereo
2026-07-31_15:43:06.483481 	EXP 	spoken_word: sampleRate = 44100
2026-07-31_15:43:06.485887 	INFO 	Resampled audio from 44100Hz to 48000Hz using method 'default'.
2026-07-31_15:43:06.485908 	DEBUG 	Converted audio clip from mono to stereo
2026-07-31_15:43:06.486161 	EXP 	Sound spoken_word reached end of file
381.6167 	EXP 	Playing sound spoken_word on speaker Lautsprecher (Realtek(R) Audio)
2026-07-31_15:43:06.507855 	INFO 	Keyboard events cleared
2026-07-31_15:43:06.507630 	EXP 	image: autoDraw = False
2026-07-31_15:43:06.507630 	EXP 	image: autoDraw = False
2026-07-31_15:43:06.507630 	EXP 	fix_cross: foreColor = <psychopy.colors.Color: white, alpha=1.0>
2026-07-31_15:43:06.507630 	EXP 	fix_cross: autoDraw = True
2026-07-31_15:43:07.032402 	EXP 	Sound spoken_word reached end of file
2026-07-31_15:43:07.044426 	EXP 	Sound spoken_word reached end of file
2026-07-31_15:43:08.014683 	EXP 	fix_cross: autoDraw = False
2026-07-31_15:43:08.014683 	EXP 	fix_cross: foreColor = <psychopy.colors.Color: green, alpha=1.0>
2026-07-31_15:43:08.014683 	EXP 	fix_cross: autoDraw = True
2026-07-31_15:43:08.025656 	EXP 	fix_cross: autoDraw = False
2026-07-31_15:43:08.025656 	EXP 	fix_cross: autoDraw = True
2026-07-31_15:43:08.048370 	EXP 	fix_cross: autoDraw = False
2026-07-31_15:43:08.048370 	EXP 	fix_cross: autoDraw = True
2026-07-31_15:43:08.062616 	EXP 	fix_cross: autoDraw = False
2026-07-31_15:43:08.062616 	EXP 	fix_cross: autoDraw = True
2026-07-31_15:43:08.075592 	EXP 	fix_cross: autoDraw = False
2026-07-31_15:43:08.075592 	EXP 	fix_cross: autoDraw = True
2026-07-31_15:43:08.091301 	EXP 	fix_cross: autoDraw = False
2026-07-31_15:43:08.091301 	EXP 	fix_cross: autoDraw = True
2026-07-31_15:43:08.107834 	EXP 	fix_cross: autoDraw = False
2026-07-31_15:43:08.107834 	EXP 	fix_cross: autoDraw = True
2026-07-31_15:43:08.124757 	EXP 	fix_cross: autoDraw = False
2026-07-31_15:43:08.124757 	EXP 	fix_cross: autoDraw = True
2026-07-31_15:43:08.141379 	EXP 	fix_cross: autoDraw = False
2026-07-31_15:43:08.141379 	EXP 	fix_cross: autoDraw = True
2026-07-31_15:43:08.161767 	EXP 	fix_cross: autoDraw = False
2026-07-31_15:43:08.161767 	EXP 	fix_cross: autoDraw = True
2026-07-31_15:43:08.174397 	EXP 	fix_cross: autoDraw = False
2026-07-31_15:43:08.174397 	EXP 	fix_cross: autoDraw = True
2026-07-31_15:43:08.191366 	EXP 	fix_cross: autoDraw = False
2026-07-31_15:43:08.191366 	EXP 	fix_cross: autoDraw = True
2026-07-31_15:43:08.207664 	EXP 	fix_cross: autoDraw = False
2026-07-31_15:43:08.207664 	EXP 	fix_cross: autoDraw = True
2026-07-31_15:43:08.207664 	EXP 	fix_cross: autoDraw = False
2026-07-31_15:43:08.207664 	EXP 	fix_cross_2: autoDraw = True
2026-07-31_15:43:09.179830 	EXP 	New trial (rep=0, index=81): <Trial 81 (81 in rep 0) data={'block': 2, 'trial_in_block': 32, 'concept': 'flower', 'concept_num': 6, 'concept_num_word': 6, 'exemplar_num': 2, 'image_shown': 'flower\\flower_02.jpg', 'word_shown_english': 'flower', 'word_shown_german': 'Blume', 'word_shown_french': 'Fleur', 'is_prompt': 1, 'is_mismatch': 0, 'ITI_length': 1.2, 'correct_response': None, 'nonmatch_pres_side': None, 'thisN': 81, 'thisTrialN': 81, 'thisRepN': 0}>
2026-07-31_15:43:09.243728 	EXP 	fix_cross_2: autoDraw = False
2026-07-31_15:43:09.243728 	EXP 	fix_cross_2: autoDraw = False
2026-07-31_15:43:09.243728 	EXP 	breaks_instruction: text = 'Pause, die Aufgabe geht gleich weiter.\nEs sind noch 8 Blöcke übrig.'
2026-07-31_15:43:09.243728 	EXP 	instruction_continuebreak: text = 'Die Pause ist vorbei.\nBitte drücken Sie eine beliebige Taste,\nsobald sie bereit sind, weiterzumachen.'
2026-07-31_15:43:09.243728 	EXP 	breaks_instruction: autoDraw = False
2026-07-31_15:43:09.243728 	EXP 	progress_bar_breaks: autoDraw = False
2026-07-31_15:43:09.243728 	EXP 	instruction_continuebreak: autoDraw = False
2026-07-31_15:43:09.243728 	EXP 	image: image = 'stimuli\\flower\\flower_02.jpg'
2026-07-31_15:43:09.243728 	EXP 	image: autoDraw = True
2026-07-31_15:43:09.995461 	EXP 	spoken_word: sampleRate = 24000
2026-07-31_15:43:09.996974 	INFO 	Resampled audio from 24000Hz to 48000Hz using method 'default'.
2026-07-31_15:43:09.996995 	DEBUG 	Converted audio clip from mono to stereo
2026-07-31_15:43:09.998372 	EXP 	spoken_word: sampleRate = 24000
2026-07-31_15:43:09.999485 	INFO 	Resampled audio from 24000Hz to 48000Hz using method 'default'.
2026-07-31_15:43:09.999506 	DEBUG 	Converted audio clip from mono to stereo
2026-07-31_15:43:09.999821 	EXP 	Sound spoken_word reached end of file
385.1327 	EXP 	Playing sound spoken_word on speaker Lautsprecher (Realtek(R) Audio)
2026-07-31_15:43:10.007390 	INFO 	Keyboard events cleared
2026-07-31_15:43:10.007203 	EXP 	image: autoDraw = False
2026-07-31_15:43:10.007203 	EXP 	image: autoDraw = False
2026-07-31_15:43:10.007203 	EXP 	fix_cross: foreColor = <psychopy.colors.Color: white, alpha=1.0>
2026-07-31_15:43:10.007203 	EXP 	fix_cross: autoDraw = True
2026-07-31_15:43:10.876103 	EXP 	Sound spoken_word reached end of file
2026-07-31_15:43:10.893443 	EXP 	Sound spoken_word reached end of file
2026-07-31_15:43:11.506942 	EXP 	fix_cross: autoDraw = False
2026-07-31_15:43:11.523565 	EXP 	fix_cross: foreColor = <psychopy.colors.Color: green, alpha=1.0>
2026-07-31_15:43:11.523565 	EXP 	fix_cross: autoDraw = True
2026-07-31_15:43:11.540433 	EXP 	fix_cross: autoDraw = False
2026-07-31_15:43:11.540433 	EXP 	fix_cross: autoDraw = True
2026-07-31_15:43:11.560762 	EXP 	fix_cross: autoDraw = False
2026-07-31_15:43:11.560762 	EXP 	fix_cross: autoDraw = True
2026-07-31_15:43:11.573377 	EXP 	fix_cross: autoDraw = False
2026-07-31_15:43:11.573377 	EXP 	fix_cross: autoDraw = True
2026-07-31_15:43:11.590293 	EXP 	fix_cross: autoDraw = False
2026-07-31_15:43:11.590293 	EXP 	fix_cross: autoDraw = True
2026-07-31_15:43:11.606882 	EXP 	fix_cross: autoDraw = False
2026-07-31_15:43:11.606882 	EXP 	fix_cross: autoDraw = True
2026-07-31_15:43:11.623729 	EXP 	fix_cross: autoDraw = False
2026-07-31_15:43:11.623729 	EXP 	fix_cross: autoDraw = True
2026-07-31_15:43:11.640024 	EXP 	fix_cross: autoDraw = False
2026-07-31_15:43:11.640024 	EXP 	fix_cross: autoDraw = True
2026-07-31_15:43:11.660460 	EXP 	fix_cross: autoDraw = False
2026-07-31_15:43:11.660460 	EXP 	fix_cross: autoDraw = True
2026-07-31_15:43:11.673571 	EXP 	fix_cross: autoDraw = False
2026-07-31_15:43:11.673571 	EXP 	fix_cross: autoDraw = True
2026-07-31_15:43:11.690058 	EXP 	fix_cross: autoDraw = False
2026-07-31_15:43:11.690058 	EXP 	fix_cross: autoDraw = True
2026-07-31_15:43:11.706847 	EXP 	fix_cross: autoDraw = False
2026-07-31_15:43:11.706847 	EXP 	fix_cross: autoDraw = True
2026-07-31_15:43:11.723400 	EXP 	fix_cross: autoDraw = False
2026-07-31_15:43:11.723400 	EXP 	fix_cross: autoDraw = True
2026-07-31_15:43:11.723400 	EXP 	fix_cross: autoDraw = False
2026-07-31_15:43:11.723400 	EXP 	fix_cross_2: autoDraw = True
2026-07-31_15:43:12.909289 	EXP 	New trial (rep=0, index=82): <Trial 82 (82 in rep 0) data={'block': 2, 'trial_in_block': 33, 'concept': 'dog', 'concept_num': 5, 'concept_num_word': 5, 'exemplar_num': 43, 'image_shown': 'dog\\dog_43.jpg', 'word_shown_english': 'dog', 'word_shown_german': 'Hund', 'word_shown_french': 'Chien', 'is_prompt': 1, 'is_mismatch': 0, 'ITI_length': 0.75, 'correct_response': None, 'nonmatch_pres_side': None, 'thisN': 82, 'thisTrialN': 82, 'thisRepN': 0}>
2026-07-31_15:43:12.996910 	EXP 	fix_cross_2: autoDraw = False
2026-07-31_15:43:12.996910 	EXP 	fix_cross_2: autoDraw = False
2026-07-31_15:43:12.996910 	EXP 	breaks_instruction: text = 'Pause, die Aufgabe geht gleich weiter.\nEs sind noch 8 Blöcke übrig.'
2026-07-31_15:43:12.996910 	EXP 	instruction_continuebreak: text = 'Die Pause ist vorbei.\nBitte drücken Sie eine beliebige Taste,\nsobald sie bereit sind, weiterzumachen.'
2026-07-31_15:43:12.996910 	EXP 	breaks_instruction: autoDraw = False
2026-07-31_15:43:12.996910 	EXP 	progress_bar_breaks: autoDraw = False
2026-07-31_15:43:12.996910 	EXP 	instruction_continuebreak: autoDraw = False
2026-07-31_15:43:12.996910 	EXP 	image: image = 'stimuli\\dog\\dog_43.jpg'
2026-07-31_15:43:12.996910 	EXP 	image: autoDraw = True
2026-07-31_15:43:13.747970 	EXP 	spoken_word: sampleRate = 44100
2026-07-31_15:43:13.750538 	INFO 	Resampled audio from 44100Hz to 48000Hz using method 'default'.
2026-07-31_15:43:13.750567 	DEBUG 	Converted audio clip from mono to stereo
2026-07-31_15:43:13.752128 	EXP 	spoken_word: sampleRate = 44100
2026-07-31_15:43:13.754522 	INFO 	Resampled audio from 44100Hz to 48000Hz using method 'default'.
2026-07-31_15:43:13.754538 	DEBUG 	Converted audio clip from mono to stereo
2026-07-31_15:43:13.754780 	EXP 	Sound spoken_word reached end of file
388.8850 	EXP 	Playing sound spoken_word on speaker Lautsprecher (Realtek(R) Audio)
2026-07-31_15:43:13.772671 	INFO 	Keyboard events cleared
2026-07-31_15:43:13.772488 	EXP 	image: autoDraw = False
2026-07-31_15:43:13.772488 	EXP 	image: autoDraw = False
2026-07-31_15:43:13.772488 	EXP 	fix_cross: foreColor = <psychopy.colors.Color: white, alpha=1.0>
2026-07-31_15:43:13.772488 	EXP 	fix_cross: autoDraw = True
2026-07-31_15:43:14.226362 	EXP 	Sound spoken_word reached end of file
2026-07-31_15:43:14.242443 	EXP 	Sound spoken_word reached end of file
2026-07-31_15:43:15.275868 	EXP 	fix_cross: autoDraw = False
2026-07-31_15:43:15.275868 	EXP 	fix_cross: foreColor = <psychopy.colors.Color: green, alpha=1.0>
2026-07-31_15:43:15.275868 	EXP 	fix_cross: autoDraw = True
2026-07-31_15:43:15.289013 	EXP 	fix_cross: autoDraw = False
2026-07-31_15:43:15.289013 	EXP 	fix_cross: autoDraw = True
2026-07-31_15:43:15.305843 	EXP 	fix_cross: autoDraw = False
2026-07-31_15:43:15.305843 	EXP 	fix_cross: autoDraw = True
2026-07-31_15:43:15.322466 	EXP 	fix_cross: autoDraw = False
2026-07-31_15:43:15.322466 	EXP 	fix_cross: autoDraw = True
2026-07-31_15:43:15.339463 	EXP 	fix_cross: autoDraw = False
2026-07-31_15:43:15.339463 	EXP 	fix_cross: autoDraw = True
2026-07-31_15:43:15.355866 	EXP 	fix_cross: autoDraw = False
2026-07-31_15:43:15.355866 	EXP 	fix_cross: autoDraw = True
2026-07-31_15:43:15.375901 	EXP 	fix_cross: autoDraw = False
2026-07-31_15:43:15.375901 	EXP 	fix_cross: autoDraw = True
2026-07-31_15:43:15.388622 	EXP 	fix_cross: autoDraw = False
2026-07-31_15:43:15.388622 	EXP 	fix_cross: autoDraw = True
2026-07-31_15:43:15.405359 	EXP 	fix_cross: autoDraw = False
2026-07-31_15:43:15.405359 	EXP 	fix_cross: autoDraw = True
2026-07-31_15:43:15.422297 	EXP 	fix_cross: autoDraw = False
2026-07-31_15:43:15.422297 	EXP 	fix_cross: autoDraw = True
2026-07-31_15:43:15.439706 	EXP 	fix_cross: autoDraw = False
2026-07-31_15:43:15.439706 	EXP 	fix_cross: autoDraw = True
2026-07-31_15:43:15.455768 	EXP 	fix_cross: autoDraw = False
2026-07-31_15:43:15.455768 	EXP 	fix_cross: autoDraw = True
2026-07-31_15:43:15.472077 	EXP 	fix_cross: autoDraw = False
2026-07-31_15:43:15.472077 	EXP 	fix_cross: autoDraw = True
2026-07-31_15:43:15.493022 	EXP 	fix_cross: autoDraw = False
2026-07-31_15:43:15.493022 	EXP 	fix_cross: autoDraw = True
2026-07-31_15:43:15.493022 	EXP 	fix_cross: autoDraw = False
2026-07-31_15:43:15.493022 	EXP 	fix_cross_2: autoDraw = True
2026-07-31_15:43:16.242378 	EXP 	New trial (rep=0, index=83): <Trial 83 (83 in rep 0) data={'block': 2, 'trial_in_block': 34, 'concept': 'ball', 'concept_num': 1, 'concept_num_word': 1, 'exemplar_num': 29, 'image_shown': 'ball\\ball_29.jpg', 'word_shown_english': 'ball', 'word_shown_german': 'Ball', 'word_shown_french': 'Ballon', 'is_prompt': 1, 'is_mismatch': 0, 'ITI_length': 1.19, 'correct_response': None, 'nonmatch_pres_side': None, 'thisN': 83, 'thisTrialN': 83, 'thisRepN': 0}>
2026-07-31_15:43:16.293379 	EXP 	fix_cross_2: autoDraw = False
2026-07-31_15:43:16.293379 	EXP 	fix_cross_2: autoDraw = False
2026-07-31_15:43:16.293379 	EXP 	breaks_instruction: text = 'Pause, die Aufgabe geht gleich weiter.\nEs sind noch 8 Blöcke übrig.'
2026-07-31_15:43:16.293379 	EXP 	instruction_continuebreak: text = 'Die Pause ist vorbei.\nBitte drücken Sie eine beliebige Taste,\nsobald sie bereit sind, weiterzumachen.'
2026-07-31_15:43:16.293379 	EXP 	breaks_instruction: autoDraw = False
2026-07-31_15:43:16.293379 	EXP 	progress_bar_breaks: autoDraw = False
2026-07-31_15:43:16.293379 	EXP 	instruction_continuebreak: autoDraw = False
2026-07-31_15:43:16.293379 	EXP 	image: image = 'stimuli\\ball\\ball_29.jpg'
2026-07-31_15:43:16.293379 	EXP 	image: autoDraw = True
2026-07-31_15:43:17.043402 	EXP 	spoken_word: sampleRate = 24000
2026-07-31_15:43:17.045373 	INFO 	Resampled audio from 24000Hz to 48000Hz using method 'default'.
2026-07-31_15:43:17.045407 	DEBUG 	Converted audio clip from mono to stereo
2026-07-31_15:43:17.046857 	EXP 	spoken_word: sampleRate = 24000
2026-07-31_15:43:17.048200 	INFO 	Resampled audio from 24000Hz to 48000Hz using method 'default'.
2026-07-31_15:43:17.048217 	DEBUG 	Converted audio clip from mono to stereo
2026-07-31_15:43:17.048525 	EXP 	Sound spoken_word reached end of file
392.1803 	EXP 	Playing sound spoken_word on speaker Lautsprecher (Realtek(R) Audio)
2026-07-31_15:43:17.055629 	INFO 	Keyboard events cleared
2026-07-31_15:43:17.055383 	EXP 	image: autoDraw = False
2026-07-31_15:43:17.055383 	EXP 	image: autoDraw = False
2026-07-31_15:43:17.055383 	EXP 	fix_cross: foreColor = <psychopy.colors.Color: white, alpha=1.0>
2026-07-31_15:43:17.055383 	EXP 	fix_cross: autoDraw = True
2026-07-31_15:43:17.811399 	EXP 	Sound spoken_word reached end of file
2026-07-31_15:43:17.824786 	EXP 	Sound spoken_word reached end of file
2026-07-31_15:43:18.564820 	EXP 	fix_cross: autoDraw = False
2026-07-31_15:43:18.587508 	EXP 	fix_cross: foreColor = <psychopy.colors.Color: green, alpha=1.0>
2026-07-31_15:43:18.587508 	EXP 	fix_cross: autoDraw = True
2026-07-31_15:43:18.604464 	EXP 	fix_cross: autoDraw = False
2026-07-31_15:43:18.604464 	EXP 	fix_cross: autoDraw = True
2026-07-31_15:43:18.621552 	EXP 	fix_cross: autoDraw = False
2026-07-31_15:43:18.621552 	EXP 	fix_cross: autoDraw = True
2026-07-31_15:43:18.638579 	EXP 	fix_cross: autoDraw = False
2026-07-31_15:43:18.638579 	EXP 	fix_cross: autoDraw = True
2026-07-31_15:43:18.657877 	EXP 	fix_cross: autoDraw = False
2026-07-31_15:43:18.657877 	EXP 	fix_cross: autoDraw = True
2026-07-31_15:43:18.671586 	EXP 	fix_cross: autoDraw = False
2026-07-31_15:43:18.671586 	EXP 	fix_cross: autoDraw = True
2026-07-31_15:43:18.687830 	EXP 	fix_cross: autoDraw = False
2026-07-31_15:43:18.687830 	EXP 	fix_cross: autoDraw = True
2026-07-31_15:43:18.704922 	EXP 	fix_cross: autoDraw = False
2026-07-31_15:43:18.704922 	EXP 	fix_cross: autoDraw = True
2026-07-31_15:43:18.721535 	EXP 	fix_cross: autoDraw = False
2026-07-31_15:43:18.721535 	EXP 	fix_cross: autoDraw = True
2026-07-31_15:43:18.738454 	EXP 	fix_cross: autoDraw = False
2026-07-31_15:43:18.738454 	EXP 	fix_cross: autoDraw = True
2026-07-31_15:43:18.755018 	EXP 	fix_cross: autoDraw = False
2026-07-31_15:43:18.755018 	EXP 	fix_cross: autoDraw = True
2026-07-31_15:43:18.775776 	EXP 	fix_cross: autoDraw = False
2026-07-31_15:43:18.775776 	EXP 	fix_cross: autoDraw = True
2026-07-31_15:43:18.788591 	EXP 	fix_cross: autoDraw = False
2026-07-31_15:43:18.788591 	EXP 	fix_cross: autoDraw = True
2026-07-31_15:43:18.788591 	EXP 	fix_cross: autoDraw = False
2026-07-31_15:43:18.788591 	EXP 	fix_cross_2: autoDraw = True
2026-07-31_15:43:19.978390 	EXP 	New trial (rep=0, index=84): <Trial 84 (84 in rep 0) data={'block': 2, 'trial_in_block': 35, 'concept': 'house', 'concept_num': 9, 'concept_num_word': 9, 'exemplar_num': 6, 'image_shown': 'house\\house_06.jpg', 'word_shown_english': 'house', 'word_shown_german': 'Haus', 'word_shown_french': 'Maison', 'is_prompt': 1, 'is_mismatch': 0, 'ITI_length': 1.23, 'correct_response': None, 'nonmatch_pres_side': None, 'thisN': 84, 'thisTrialN': 84, 'thisRepN': 0}>
2026-07-31_15:43:20.040486 	EXP 	fix_cross_2: autoDraw = False
2026-07-31_15:43:20.040486 	EXP 	fix_cross_2: autoDraw = False
2026-07-31_15:43:20.040486 	EXP 	breaks_instruction: text = 'Pause, die Aufgabe geht gleich weiter.\nEs sind noch 8 Blöcke übrig.'
2026-07-31_15:43:20.040486 	EXP 	instruction_continuebreak: text = 'Die Pause ist vorbei.\nBitte drücken Sie eine beliebige Taste,\nsobald sie bereit sind, weiterzumachen.'
2026-07-31_15:43:20.040486 	EXP 	breaks_instruction: autoDraw = False
2026-07-31_15:43:20.040486 	EXP 	progress_bar_breaks: autoDraw = False
2026-07-31_15:43:20.040486 	EXP 	instruction_continuebreak: autoDraw = False
2026-07-31_15:43:20.040486 	EXP 	image: image = 'stimuli\\house\\house_06.jpg'
2026-07-31_15:43:20.040486 	EXP 	image: autoDraw = True
2026-07-31_15:43:20.781874 	EXP 	spoken_word: sampleRate = 44100
2026-07-31_15:43:20.786792 	INFO 	Resampled audio from 44100Hz to 48000Hz using method 'default'.
2026-07-31_15:43:20.786853 	DEBUG 	Converted audio clip from mono to stereo
2026-07-31_15:43:20.789378 	EXP 	spoken_word: sampleRate = 44100
2026-07-31_15:43:20.794063 	INFO 	Resampled audio from 44100Hz to 48000Hz using method 'default'.
2026-07-31_15:43:20.794110 	DEBUG 	Converted audio clip from mono to stereo
2026-07-31_15:43:20.794507 	EXP 	Sound spoken_word reached end of file
395.9355 	EXP 	Playing sound spoken_word on speaker Lautsprecher (Realtek(R) Audio)
2026-07-31_15:43:20.803579 	INFO 	Keyboard events cleared
2026-07-31_15:43:20.803324 	EXP 	image: autoDraw = False
2026-07-31_15:43:20.803324 	EXP 	image: autoDraw = False
2026-07-31_15:43:20.803324 	EXP 	fix_cross: foreColor = <psychopy.colors.Color: white, alpha=1.0>
2026-07-31_15:43:20.803324 	EXP 	fix_cross: autoDraw = True
2026-07-31_15:43:21.315840 	EXP 	Sound spoken_word reached end of file
2026-07-31_15:43:21.347497 	EXP 	Sound spoken_word reached end of file
2026-07-31_15:43:22.304313 	EXP 	fix_cross: autoDraw = False
2026-07-31_15:43:22.304313 	EXP 	fix_cross: foreColor = <psychopy.colors.Color: green, alpha=1.0>
2026-07-31_15:43:22.304313 	EXP 	fix_cross: autoDraw = True
2026-07-31_15:43:22.320580 	EXP 	fix_cross: autoDraw = False
2026-07-31_15:43:22.320580 	EXP 	fix_cross: autoDraw = True
2026-07-31_15:43:22.337417 	EXP 	fix_cross: autoDraw = False
2026-07-31_15:43:22.337417 	EXP 	fix_cross: autoDraw = True
2026-07-31_15:43:22.353974 	EXP 	fix_cross: autoDraw = False
2026-07-31_15:43:22.353974 	EXP 	fix_cross: autoDraw = True
2026-07-31_15:43:22.373650 	EXP 	fix_cross: autoDraw = False
2026-07-31_15:43:22.373650 	EXP 	fix_cross: autoDraw = True
2026-07-31_15:43:22.386938 	EXP 	fix_cross: autoDraw = False
2026-07-31_15:43:22.386938 	EXP 	fix_cross: autoDraw = True
2026-07-31_15:43:22.403470 	EXP 	fix_cross: autoDraw = False
2026-07-31_15:43:22.403470 	EXP 	fix_cross: autoDraw = True
2026-07-31_15:43:22.427767 	EXP 	fix_cross: autoDraw = False
2026-07-31_15:43:22.427767 	EXP 	fix_cross: autoDraw = True
2026-07-31_15:43:22.460460 	EXP 	fix_cross: autoDraw = False
2026-07-31_15:43:22.460460 	EXP 	fix_cross: autoDraw = True
2026-07-31_15:43:22.476356 	EXP 	fix_cross: autoDraw = False
2026-07-31_15:43:22.476356 	EXP 	fix_cross: autoDraw = True
2026-07-31_15:43:22.491579 	EXP 	fix_cross: autoDraw = False
2026-07-31_15:43:22.491579 	EXP 	fix_cross: autoDraw = True
2026-07-31_15:43:22.503924 	EXP 	fix_cross: autoDraw = False
2026-07-31_15:43:22.503924 	EXP 	fix_cross: autoDraw = True
2026-07-31_15:43:22.503924 	EXP 	fix_cross: autoDraw = False
2026-07-31_15:43:22.503924 	EXP 	fix_cross_2: autoDraw = True
2026-07-31_15:43:23.724123 	EXP 	New trial (rep=0, index=85): <Trial 85 (85 in rep 0) data={'block': 2, 'trial_in_block': 36, 'concept': 'hand', 'concept_num': 8, 'concept_num_word': 8, 'exemplar_num': 9, 'image_shown': 'hand\\hand_09.jpg', 'word_shown_english': 'hand', 'word_shown_german': 'Hand', 'word_shown_french': 'Main', 'is_prompt': 1, 'is_mismatch': 0, 'ITI_length': 0.95, 'correct_response': None, 'nonmatch_pres_side': None, 'thisN': 85, 'thisTrialN': 85, 'thisRepN': 0}>
2026-07-31_15:43:23.809688 	EXP 	fix_cross_2: autoDraw = False
2026-07-31_15:43:23.809688 	EXP 	fix_cross_2: autoDraw = False
2026-07-31_15:43:23.809688 	EXP 	breaks_instruction: text = 'Pause, die Aufgabe geht gleich weiter.\nEs sind noch 8 Blöcke übrig.'
2026-07-31_15:43:23.809688 	EXP 	instruction_continuebreak: text = 'Die Pause ist vorbei.\nBitte drücken Sie eine beliebige Taste,\nsobald sie bereit sind, weiterzumachen.'
2026-07-31_15:43:23.809688 	EXP 	breaks_instruction: autoDraw = False
2026-07-31_15:43:23.809688 	EXP 	progress_bar_breaks: autoDraw = False
2026-07-31_15:43:23.809688 	EXP 	instruction_continuebreak: autoDraw = False
2026-07-31_15:43:23.809688 	EXP 	image: image = 'stimuli\\hand\\hand_09.jpg'
2026-07-31_15:43:23.809688 	EXP 	image: autoDraw = True
2026-07-31_15:43:24.560282 	EXP 	spoken_word: sampleRate = 44100
2026-07-31_15:43:24.562721 	INFO 	Resampled audio from 44100Hz to 48000Hz using method 'default'.
2026-07-31_15:43:24.562747 	DEBUG 	Converted audio clip from mono to stereo
2026-07-31_15:43:24.564246 	EXP 	spoken_word: sampleRate = 44100
2026-07-31_15:43:24.567205 	INFO 	Resampled audio from 44100Hz to 48000Hz using method 'default'.
2026-07-31_15:43:24.567239 	DEBUG 	Converted audio clip from mono to stereo
2026-07-31_15:43:24.567603 	EXP 	Sound spoken_word reached end of file
399.6977 	EXP 	Playing sound spoken_word on speaker Lautsprecher (Realtek(R) Audio)
2026-07-31_15:43:24.586302 	INFO 	Keyboard events cleared
2026-07-31_15:43:24.586044 	EXP 	image: autoDraw = False
2026-07-31_15:43:24.586044 	EXP 	image: autoDraw = False
2026-07-31_15:43:24.586044 	EXP 	fix_cross: foreColor = <psychopy.colors.Color: white, alpha=1.0>
2026-07-31_15:43:24.586044 	EXP 	fix_cross: autoDraw = True
2026-07-31_15:43:25.044698 	EXP 	Sound spoken_word reached end of file
2026-07-31_15:43:25.057786 	EXP 	Sound spoken_word reached end of file
2026-07-31_15:43:26.085455 	EXP 	fix_cross: autoDraw = False
2026-07-31_15:43:26.085455 	EXP 	fix_cross: foreColor = <psychopy.colors.Color: green, alpha=1.0>
2026-07-31_15:43:26.085455 	EXP 	fix_cross: autoDraw = True
2026-07-31_15:43:26.105856 	EXP 	fix_cross: autoDraw = False
2026-07-31_15:43:26.105856 	EXP 	fix_cross: autoDraw = True
2026-07-31_15:43:26.119488 	EXP 	fix_cross: autoDraw = False
2026-07-31_15:43:26.119488 	EXP 	fix_cross: autoDraw = True
2026-07-31_15:43:26.135774 	EXP 	fix_cross: autoDraw = False
2026-07-31_15:43:26.135774 	EXP 	fix_cross: autoDraw = True
2026-07-31_15:43:26.152278 	EXP 	fix_cross: autoDraw = False
2026-07-31_15:43:26.152278 	EXP 	fix_cross: autoDraw = True
2026-07-31_15:43:26.169052 	EXP 	fix_cross: autoDraw = False
2026-07-31_15:43:26.169052 	EXP 	fix_cross: autoDraw = True
2026-07-31_15:43:26.185497 	EXP 	fix_cross: autoDraw = False
2026-07-31_15:43:26.185497 	EXP 	fix_cross: autoDraw = True
2026-07-31_15:43:26.205666 	EXP 	fix_cross: autoDraw = False
2026-07-31_15:43:26.205666 	EXP 	fix_cross: autoDraw = True
2026-07-31_15:43:26.218821 	EXP 	fix_cross: autoDraw = False
2026-07-31_15:43:26.218821 	EXP 	fix_cross: autoDraw = True
2026-07-31_15:43:26.236075 	EXP 	fix_cross: autoDraw = False
2026-07-31_15:43:26.236075 	EXP 	fix_cross: autoDraw = True
2026-07-31_15:43:26.252401 	EXP 	fix_cross: autoDraw = False
2026-07-31_15:43:26.252401 	EXP 	fix_cross: autoDraw = True
2026-07-31_15:43:26.269203 	EXP 	fix_cross: autoDraw = False
2026-07-31_15:43:26.269203 	EXP 	fix_cross: autoDraw = True
2026-07-31_15:43:26.285917 	EXP 	fix_cross: autoDraw = False
2026-07-31_15:43:26.285917 	EXP 	fix_cross: autoDraw = True
2026-07-31_15:43:26.302219 	EXP 	fix_cross: autoDraw = False
2026-07-31_15:43:26.302219 	EXP 	fix_cross: autoDraw = True
2026-07-31_15:43:26.302219 	EXP 	fix_cross: autoDraw = False
2026-07-31_15:43:26.302219 	EXP 	fix_cross_2: autoDraw = True
2026-07-31_15:43:27.238396 	EXP 	New trial (rep=0, index=86): <Trial 86 (86 in rep 0) data={'block': 2, 'trial_in_block': 37, 'concept': 'ball', 'concept_num': 1, 'concept_num_word': 2, 'exemplar_num': 10, 'image_shown': 'ball\\ball_10.jpg', 'word_shown_english': 'bicycle', 'word_shown_german': 'Fahrrad', 'word_shown_french': 'Vélo', 'is_prompt': 1, 'is_mismatch': 1, 'ITI_length': 0.96, 'correct_response': 'r', 'nonmatch_pres_side': 'left', 'thisN': 86, 'thisTrialN': 86, 'thisRepN': 0}>
2026-07-31_15:43:27.453204 	EXP 	fix_cross_2: autoDraw = False
2026-07-31_15:43:27.453204 	EXP 	fix_cross_2: autoDraw = False
2026-07-31_15:43:27.453204 	EXP 	breaks_instruction: text = 'Pause, die Aufgabe geht gleich weiter.\nEs sind noch 8 Blöcke übrig.'
2026-07-31_15:43:27.453204 	EXP 	instruction_continuebreak: text = 'Die Pause ist vorbei.\nBitte drücken Sie eine beliebige Taste,\nsobald sie bereit sind, weiterzumachen.'
2026-07-31_15:43:27.453204 	EXP 	breaks_instruction: autoDraw = False
2026-07-31_15:43:27.453204 	EXP 	progress_bar_breaks: autoDraw = False
2026-07-31_15:43:27.453204 	EXP 	instruction_continuebreak: autoDraw = False
2026-07-31_15:43:27.453204 	EXP 	image: image = 'stimuli\\ball\\ball_10.jpg'
2026-07-31_15:43:27.453204 	EXP 	image: autoDraw = True
2026-07-31_15:43:28.205329 	EXP 	spoken_word: sampleRate = 48000
2026-07-31_15:43:28.206487 	DEBUG 	Converted audio clip from mono to stereo
2026-07-31_15:43:28.207943 	EXP 	spoken_word: sampleRate = 48000
2026-07-31_15:43:28.208723 	DEBUG 	Converted audio clip from mono to stereo
2026-07-31_15:43:28.209111 	EXP 	Sound spoken_word reached end of file
403.3426 	EXP 	Playing sound spoken_word on speaker Lautsprecher (Realtek(R) Audio)
2026-07-31_15:43:28.218144 	INFO 	Keyboard events cleared
2026-07-31_15:43:28.217918 	EXP 	image: autoDraw = False
2026-07-31_15:43:28.217918 	EXP 	image: autoDraw = False
2026-07-31_15:43:28.217918 	EXP 	fix_cross: foreColor = <psychopy.colors.Color: white, alpha=1.0>
2026-07-31_15:43:28.217918 	EXP 	fix_cross: autoDraw = True
2026-07-31_15:43:28.894466 	EXP 	Sound spoken_word reached end of file
2026-07-31_15:43:28.903727 	EXP 	Sound spoken_word reached end of file
2026-07-31_15:43:29.721672 	EXP 	fix_cross: autoDraw = False
2026-07-31_15:43:29.734483 	EXP 	fix_cross: foreColor = <psychopy.colors.Color: red, alpha=1.0>
2026-07-31_15:43:29.734483 	EXP 	fix_cross: autoDraw = True
2026-07-31_15:43:29.751186 	EXP 	fix_cross: autoDraw = False
2026-07-31_15:43:29.751186 	EXP 	fix_cross: autoDraw = True
2026-07-31_15:43:29.767784 	EXP 	fix_cross: autoDraw = False
2026-07-31_15:43:29.767784 	EXP 	fix_cross: autoDraw = True
2026-07-31_15:43:29.784567 	EXP 	fix_cross: autoDraw = False
2026-07-31_15:43:29.784567 	EXP 	fix_cross: autoDraw = True
2026-07-31_15:43:29.801403 	EXP 	fix_cross: autoDraw = False
2026-07-31_15:43:29.801403 	EXP 	fix_cross: autoDraw = True
2026-07-31_15:43:29.821561 	EXP 	fix_cross: autoDraw = False
2026-07-31_15:43:29.821561 	EXP 	fix_cross: autoDraw = True
2026-07-31_15:43:29.834374 	EXP 	fix_cross: autoDraw = False
2026-07-31_15:43:29.834374 	EXP 	fix_cross: autoDraw = True
2026-07-31_15:43:29.851301 	EXP 	fix_cross: autoDraw = False
2026-07-31_15:43:29.851301 	EXP 	fix_cross: autoDraw = True
2026-07-31_15:43:29.867655 	EXP 	fix_cross: autoDraw = False
2026-07-31_15:43:29.867655 	EXP 	fix_cross: autoDraw = True
2026-07-31_15:43:29.883676 	EXP 	fix_cross: autoDraw = False
2026-07-31_15:43:29.883676 	EXP 	fix_cross: autoDraw = True
2026-07-31_15:43:29.900722 	EXP 	fix_cross: autoDraw = False
2026-07-31_15:43:29.900722 	EXP 	fix_cross: autoDraw = True
2026-07-31_15:43:29.918287 	EXP 	fix_cross: autoDraw = False
2026-07-31_15:43:29.918287 	EXP 	fix_cross: autoDraw = True
2026-07-31_15:43:29.939196 	EXP 	fix_cross: autoDraw = False
2026-07-31_15:43:29.939196 	EXP 	fix_cross: autoDraw = True
2026-07-31_15:43:29.951227 	EXP 	fix_cross: autoDraw = False
2026-07-31_15:43:29.951227 	EXP 	fix_cross: autoDraw = True
2026-07-31_15:43:29.951227 	EXP 	fix_cross: autoDraw = False
2026-07-31_15:43:29.951227 	EXP 	fix_cross_2: autoDraw = True
2026-07-31_15:43:30.903906 	EXP 	New trial (rep=0, index=87): <Trial 87 (87 in rep 0) data={'block': 2, 'trial_in_block': 38, 'concept': 'hand', 'concept_num': 8, 'concept_num_word': 8, 'exemplar_num': 2, 'image_shown': 'hand\\hand_02.jpg', 'word_shown_english': 'hand', 'word_shown_german': 'Hand', 'word_shown_french': 'Main', 'is_prompt': 1, 'is_mismatch': 0, 'ITI_length': 1.18, 'correct_response': None, 'nonmatch_pres_side': None, 'thisN': 87, 'thisTrialN': 87, 'thisRepN': 0}>
2026-07-31_15:43:30.956619 	EXP 	fix_cross_2: autoDraw = False
2026-07-31_15:43:30.956619 	EXP 	fix_cross_2: autoDraw = False
2026-07-31_15:43:30.956619 	EXP 	breaks_instruction: text = 'Pause, die Aufgabe geht gleich weiter.\nEs sind noch 8 Blöcke übrig.'
2026-07-31_15:43:30.956619 	EXP 	instruction_continuebreak: text = 'Die Pause ist vorbei.\nBitte drücken Sie eine beliebige Taste,\nsobald sie bereit sind, weiterzumachen.'
2026-07-31_15:43:30.956619 	EXP 	breaks_instruction: autoDraw = False
2026-07-31_15:43:30.956619 	EXP 	progress_bar_breaks: autoDraw = False
2026-07-31_15:43:30.956619 	EXP 	instruction_continuebreak: autoDraw = False
2026-07-31_15:43:30.956619 	EXP 	image: image = 'stimuli\\hand\\hand_02.jpg'
2026-07-31_15:43:30.956619 	EXP 	image: autoDraw = True
2026-07-31_15:43:31.705246 	EXP 	spoken_word: sampleRate = 44100
2026-07-31_15:43:31.708093 	INFO 	Resampled audio from 44100Hz to 48000Hz using method 'default'.
2026-07-31_15:43:31.708132 	DEBUG 	Converted audio clip from mono to stereo
2026-07-31_15:43:31.709698 	EXP 	spoken_word: sampleRate = 44100
2026-07-31_15:43:31.712101 	INFO 	Resampled audio from 44100Hz to 48000Hz using method 'default'.
2026-07-31_15:43:31.712124 	DEBUG 	Converted audio clip from mono to stereo
2026-07-31_15:43:31.712409 	EXP 	Sound spoken_word reached end of file
406.8422 	EXP 	Playing sound spoken_word on speaker Lautsprecher (Realtek(R) Audio)
2026-07-31_15:43:31.733883 	INFO 	Keyboard events cleared
2026-07-31_15:43:31.733654 	EXP 	image: autoDraw = False
2026-07-31_15:43:31.733654 	EXP 	image: autoDraw = False
2026-07-31_15:43:31.733654 	EXP 	fix_cross: foreColor = <psychopy.colors.Color: white, alpha=1.0>
2026-07-31_15:43:31.733654 	EXP 	fix_cross: autoDraw = True
2026-07-31_15:43:32.191638 	EXP 	Sound spoken_word reached end of file
2026-07-31_15:43:32.204424 	EXP 	Sound spoken_word reached end of file
2026-07-31_15:43:33.216779 	EXP 	fix_cross: foreColor = <psychopy.colors.Color: green, alpha=1.0>
2026-07-31_15:43:33.233314 	EXP 	fix_cross: autoDraw = False
2026-07-31_15:43:33.233314 	EXP 	fix_cross: autoDraw = True
2026-07-31_15:43:33.250217 	EXP 	fix_cross: autoDraw = False
2026-07-31_15:43:33.250217 	EXP 	fix_cross: autoDraw = True
2026-07-31_15:43:33.266733 	EXP 	fix_cross: autoDraw = False
2026-07-31_15:43:33.266733 	EXP 	fix_cross: autoDraw = True
2026-07-31_15:43:33.284092 	EXP 	fix_cross: autoDraw = False
2026-07-31_15:43:33.284092 	EXP 	fix_cross: autoDraw = True
2026-07-31_15:43:33.299761 	EXP 	fix_cross: autoDraw = False
2026-07-31_15:43:33.299761 	EXP 	fix_cross: autoDraw = True
2026-07-31_15:43:33.317358 	EXP 	fix_cross: autoDraw = False
2026-07-31_15:43:33.317358 	EXP 	fix_cross: autoDraw = True
2026-07-31_15:43:33.337161 	EXP 	fix_cross: autoDraw = False
2026-07-31_15:43:33.337161 	EXP 	fix_cross: autoDraw = True
2026-07-31_15:43:33.350096 	EXP 	fix_cross: autoDraw = False
2026-07-31_15:43:33.350096 	EXP 	fix_cross: autoDraw = True
2026-07-31_15:43:33.366969 	EXP 	fix_cross: autoDraw = False
2026-07-31_15:43:33.366969 	EXP 	fix_cross: autoDraw = True
2026-07-31_15:43:33.383823 	EXP 	fix_cross: autoDraw = False
2026-07-31_15:43:33.383823 	EXP 	fix_cross: autoDraw = True
2026-07-31_15:43:33.400039 	EXP 	fix_cross: autoDraw = False
2026-07-31_15:43:33.400039 	EXP 	fix_cross: autoDraw = True
2026-07-31_15:43:33.421282 	EXP 	fix_cross: autoDraw = False
2026-07-31_15:43:33.421282 	EXP 	fix_cross: autoDraw = True
2026-07-31_15:43:33.433357 	EXP 	fix_cross: autoDraw = False
2026-07-31_15:43:33.433357 	EXP 	fix_cross: autoDraw = True
2026-07-31_15:43:33.433357 	EXP 	fix_cross: autoDraw = False
2026-07-31_15:43:33.433357 	EXP 	fix_cross_2: autoDraw = True
2026-07-31_15:43:34.602222 	EXP 	New trial (rep=0, index=88): <Trial 88 (88 in rep 0) data={'block': 2, 'trial_in_block': 39, 'concept': 'house', 'concept_num': 9, 'concept_num_word': 9, 'exemplar_num': 33, 'image_shown': 'house\\house_33.jpg', 'word_shown_english': 'house', 'word_shown_german': 'Haus', 'word_shown_french': 'Maison', 'is_prompt': 1, 'is_mismatch': 0, 'ITI_length': 0.8, 'correct_response': None, 'nonmatch_pres_side': None, 'thisN': 88, 'thisTrialN': 88, 'thisRepN': 0}>
2026-07-31_15:43:34.668728 	EXP 	fix_cross_2: autoDraw = False
2026-07-31_15:43:34.668728 	EXP 	fix_cross_2: autoDraw = False
2026-07-31_15:43:34.668728 	EXP 	breaks_instruction: text = 'Pause, die Aufgabe geht gleich weiter.\nEs sind noch 8 Blöcke übrig.'
2026-07-31_15:43:34.668728 	EXP 	instruction_continuebreak: text = 'Die Pause ist vorbei.\nBitte drücken Sie eine beliebige Taste,\nsobald sie bereit sind, weiterzumachen.'
2026-07-31_15:43:34.668728 	EXP 	breaks_instruction: autoDraw = False
2026-07-31_15:43:34.668728 	EXP 	progress_bar_breaks: autoDraw = False
2026-07-31_15:43:34.668728 	EXP 	instruction_continuebreak: autoDraw = False
2026-07-31_15:43:34.668728 	EXP 	image: image = 'stimuli\\house\\house_33.jpg'
2026-07-31_15:43:34.668728 	EXP 	image: autoDraw = True
2026-07-31_15:43:35.420301 	EXP 	spoken_word: sampleRate = 44100
2026-07-31_15:43:35.424879 	INFO 	Resampled audio from 44100Hz to 48000Hz using method 'default'.
2026-07-31_15:43:35.424928 	DEBUG 	Converted audio clip from mono to stereo
2026-07-31_15:43:35.426619 	EXP 	spoken_word: sampleRate = 44100
2026-07-31_15:43:35.430568 	INFO 	Resampled audio from 44100Hz to 48000Hz using method 'default'.
2026-07-31_15:43:35.430609 	DEBUG 	Converted audio clip from mono to stereo
2026-07-31_15:43:35.430964 	EXP 	Sound spoken_word reached end of file
410.5579 	EXP 	Playing sound spoken_word on speaker Lautsprecher (Realtek(R) Audio)
2026-07-31_15:43:35.449723 	INFO 	Keyboard events cleared
2026-07-31_15:43:35.449383 	EXP 	image: autoDraw = False
2026-07-31_15:43:35.449383 	EXP 	image: autoDraw = False
2026-07-31_15:43:35.449383 	EXP 	fix_cross: foreColor = <psychopy.colors.Color: white, alpha=1.0>
2026-07-31_15:43:35.449383 	EXP 	fix_cross: autoDraw = True
2026-07-31_15:43:35.949463 	EXP 	Sound spoken_word reached end of file
2026-07-31_15:43:35.968658 	EXP 	Sound spoken_word reached end of file
2026-07-31_15:43:36.936514 	EXP 	fix_cross: foreColor = <psychopy.colors.Color: green, alpha=1.0>
2026-07-31_15:43:36.956346 	EXP 	fix_cross: autoDraw = False
2026-07-31_15:43:36.956346 	EXP 	fix_cross: autoDraw = True
2026-07-31_15:43:36.971360 	EXP 	fix_cross: autoDraw = False
2026-07-31_15:43:36.971360 	EXP 	fix_cross: autoDraw = True
2026-07-31_15:43:36.983971 	EXP 	fix_cross: autoDraw = False
2026-07-31_15:43:36.983971 	EXP 	fix_cross: autoDraw = True
2026-07-31_15:43:37.006253 	EXP 	fix_cross: autoDraw = False
2026-07-31_15:43:37.006253 	EXP 	fix_cross: autoDraw = True
2026-07-31_15:43:37.017427 	EXP 	fix_cross: autoDraw = False
2026-07-31_15:43:37.017427 	EXP 	fix_cross: autoDraw = True
2026-07-31_15:43:37.035496 	EXP 	fix_cross: autoDraw = False
2026-07-31_15:43:37.035496 	EXP 	fix_cross: autoDraw = True
2026-07-31_15:43:37.048444 	EXP 	fix_cross: autoDraw = False
2026-07-31_15:43:37.048444 	EXP 	fix_cross: autoDraw = True
2026-07-31_15:43:37.065347 	EXP 	fix_cross: autoDraw = False
2026-07-31_15:43:37.065347 	EXP 	fix_cross: autoDraw = True
2026-07-31_15:43:37.082012 	EXP 	fix_cross: autoDraw = False
2026-07-31_15:43:37.082012 	EXP 	fix_cross: autoDraw = True
2026-07-31_15:43:37.099224 	EXP 	fix_cross: autoDraw = False
2026-07-31_15:43:37.099224 	EXP 	fix_cross: autoDraw = True
2026-07-31_15:43:37.115804 	EXP 	fix_cross: autoDraw = False
2026-07-31_15:43:37.115804 	EXP 	fix_cross: autoDraw = True
2026-07-31_15:43:37.135758 	EXP 	fix_cross: autoDraw = False
2026-07-31_15:43:37.135758 	EXP 	fix_cross: autoDraw = True
2026-07-31_15:43:37.149112 	EXP 	fix_cross: autoDraw = False
2026-07-31_15:43:37.149112 	EXP 	fix_cross: autoDraw = True
2026-07-31_15:43:37.149112 	EXP 	fix_cross: autoDraw = False
2026-07-31_15:43:37.149112 	EXP 	fix_cross_2: autoDraw = True
2026-07-31_15:43:37.934526 	EXP 	New trial (rep=0, index=89): <Trial 89 (89 in rep 0) data={'block': 2, 'trial_in_block': 40, 'concept': 'bread', 'concept_num': 3, 'concept_num_word': 3, 'exemplar_num': 10, 'image_shown': 'bread\\bread_10.jpg', 'word_shown_english': 'bread', 'word_shown_german': 'Brot', 'word_shown_french': 'Pain', 'is_prompt': 1, 'is_mismatch': 0, 'ITI_length': 0.87, 'correct_response': None, 'nonmatch_pres_side': None, 'thisN': 89, 'thisTrialN': 89, 'thisRepN': 0}>
2026-07-31_15:43:38.000713 	EXP 	fix_cross_2: autoDraw = False
2026-07-31_15:43:38.000713 	EXP 	fix_cross_2: autoDraw = False
2026-07-31_15:43:38.000713 	EXP 	breaks_instruction: text = 'Pause, die Aufgabe geht gleich weiter.\nEs sind noch 8 Blöcke übrig.'
2026-07-31_15:43:38.000713 	EXP 	instruction_continuebreak: text = 'Die Pause ist vorbei.\nBitte drücken Sie eine beliebige Taste,\nsobald sie bereit sind, weiterzumachen.'
2026-07-31_15:43:38.000713 	EXP 	breaks_instruction: autoDraw = False
2026-07-31_15:43:38.000713 	EXP 	progress_bar_breaks: autoDraw = False
2026-07-31_15:43:38.000713 	EXP 	instruction_continuebreak: autoDraw = False
2026-07-31_15:43:38.000713 	EXP 	image: image = 'stimuli\\bread\\bread_10.jpg'
2026-07-31_15:43:38.000713 	EXP 	image: autoDraw = True
2026-07-31_15:43:38.752471 	EXP 	spoken_word: sampleRate = 24000
2026-07-31_15:43:38.754188 	INFO 	Resampled audio from 24000Hz to 48000Hz using method 'default'.
2026-07-31_15:43:38.754219 	DEBUG 	Converted audio clip from mono to stereo
2026-07-31_15:43:38.755834 	EXP 	spoken_word: sampleRate = 24000
2026-07-31_15:43:38.757326 	INFO 	Resampled audio from 24000Hz to 48000Hz using method 'default'.
2026-07-31_15:43:38.757344 	DEBUG 	Converted audio clip from mono to stereo
2026-07-31_15:43:38.757673 	EXP 	Sound spoken_word reached end of file
413.8897 	EXP 	Playing sound spoken_word on speaker Lautsprecher (Realtek(R) Audio)
2026-07-31_15:43:38.764278 	INFO 	Keyboard events cleared
2026-07-31_15:43:38.764099 	EXP 	image: autoDraw = False
2026-07-31_15:43:38.764099 	EXP 	image: autoDraw = False
2026-07-31_15:43:38.764099 	EXP 	fix_cross: foreColor = <psychopy.colors.Color: white, alpha=1.0>
2026-07-31_15:43:38.764099 	EXP 	fix_cross: autoDraw = True
2026-07-31_15:43:39.660267 	EXP 	Sound spoken_word reached end of file
2026-07-31_15:43:39.683979 	EXP 	Sound spoken_word reached end of file
2026-07-31_15:43:40.264288 	EXP 	fix_cross: autoDraw = False
2026-07-31_15:43:40.264288 	EXP 	fix_cross: foreColor = <psychopy.colors.Color: green, alpha=1.0>
2026-07-31_15:43:40.264288 	EXP 	fix_cross: autoDraw = True
2026-07-31_15:43:40.281244 	EXP 	fix_cross: autoDraw = False
2026-07-31_15:43:40.281244 	EXP 	fix_cross: autoDraw = True
2026-07-31_15:43:40.298061 	EXP 	fix_cross: autoDraw = False
2026-07-31_15:43:40.298061 	EXP 	fix_cross: autoDraw = True
2026-07-31_15:43:40.319386 	EXP 	fix_cross: autoDraw = False
2026-07-31_15:43:40.319386 	EXP 	fix_cross: autoDraw = True
2026-07-31_15:43:40.338958 	EXP 	fix_cross: autoDraw = False
2026-07-31_15:43:40.338958 	EXP 	fix_cross: autoDraw = True
2026-07-31_15:43:40.354448 	EXP 	fix_cross: autoDraw = False
2026-07-31_15:43:40.354448 	EXP 	fix_cross: autoDraw = True
2026-07-31_15:43:40.366249 	EXP 	fix_cross: autoDraw = False
2026-07-31_15:43:40.366249 	EXP 	fix_cross: autoDraw = True
2026-07-31_15:43:40.388429 	EXP 	fix_cross: autoDraw = False
2026-07-31_15:43:40.388429 	EXP 	fix_cross: autoDraw = True
2026-07-31_15:43:40.398615 	EXP 	fix_cross: autoDraw = False
2026-07-31_15:43:40.398615 	EXP 	fix_cross: autoDraw = True
2026-07-31_15:43:40.418071 	EXP 	fix_cross: autoDraw = False
2026-07-31_15:43:40.418071 	EXP 	fix_cross: autoDraw = True
2026-07-31_15:43:40.430675 	EXP 	fix_cross: autoDraw = False
2026-07-31_15:43:40.430675 	EXP 	fix_cross: autoDraw = True
2026-07-31_15:43:40.448210 	EXP 	fix_cross: autoDraw = False
2026-07-31_15:43:40.448210 	EXP 	fix_cross: autoDraw = True
2026-07-31_15:43:40.464547 	EXP 	fix_cross: autoDraw = False
2026-07-31_15:43:40.464547 	EXP 	fix_cross: autoDraw = True
2026-07-31_15:43:40.481625 	EXP 	fix_cross: autoDraw = False
2026-07-31_15:43:40.481625 	EXP 	fix_cross: autoDraw = True
2026-07-31_15:43:40.481625 	EXP 	fix_cross: autoDraw = False
2026-07-31_15:43:40.481625 	EXP 	fix_cross_2: autoDraw = True
2026-07-31_15:43:41.350074 	EXP 	New trial (rep=0, index=90): <Trial 90 (90 in rep 0) data={'block': 2, 'trial_in_block': 41, 'concept': 'jacket', 'concept_num': 10, 'concept_num_word': 10, 'exemplar_num': 20, 'image_shown': 'jacket\\jacket_20.jpg', 'word_shown_english': 'jacket', 'word_shown_german': 'Jacke', 'word_shown_french': 'Veste', 'is_prompt': 1, 'is_mismatch': 0, 'ITI_length': 0.75, 'correct_response': None, 'nonmatch_pres_side': None, 'thisN': 90, 'thisTrialN': 90, 'thisRepN': 0}>
2026-07-31_15:43:41.417490 	EXP 	fix_cross_2: autoDraw = False
2026-07-31_15:43:41.417490 	EXP 	fix_cross_2: autoDraw = False
2026-07-31_15:43:41.417490 	EXP 	breaks_instruction: text = 'Pause, die Aufgabe geht gleich weiter.\nEs sind noch 8 Blöcke übrig.'
2026-07-31_15:43:41.417490 	EXP 	instruction_continuebreak: text = 'Die Pause ist vorbei.\nBitte drücken Sie eine beliebige Taste,\nsobald sie bereit sind, weiterzumachen.'
2026-07-31_15:43:41.417490 	EXP 	breaks_instruction: autoDraw = False
2026-07-31_15:43:41.417490 	EXP 	progress_bar_breaks: autoDraw = False
2026-07-31_15:43:41.417490 	EXP 	instruction_continuebreak: autoDraw = False
2026-07-31_15:43:41.417490 	EXP 	image: image = 'stimuli\\jacket\\jacket_20.jpg'
2026-07-31_15:43:41.417490 	EXP 	image: autoDraw = True
2026-07-31_15:43:42.167759 	EXP 	spoken_word: sampleRate = 44100
2026-07-31_15:43:42.171050 	INFO 	Resampled audio from 44100Hz to 48000Hz using method 'default'.
2026-07-31_15:43:42.171085 	DEBUG 	Converted audio clip from mono to stereo
2026-07-31_15:43:42.172716 	EXP 	spoken_word: sampleRate = 44100
2026-07-31_15:43:42.176000 	INFO 	Resampled audio from 44100Hz to 48000Hz using method 'default'.
2026-07-31_15:43:42.176017 	DEBUG 	Converted audio clip from mono to stereo
2026-07-31_15:43:42.176263 	EXP 	Sound spoken_word reached end of file
417.3059 	EXP 	Playing sound spoken_word on speaker Lautsprecher (Realtek(R) Audio)
2026-07-31_15:43:42.195972 	INFO 	Keyboard events cleared
2026-07-31_15:43:42.195773 	EXP 	image: autoDraw = False
2026-07-31_15:43:42.195773 	EXP 	image: autoDraw = False
2026-07-31_15:43:42.195773 	EXP 	fix_cross: foreColor = <psychopy.colors.Color: white, alpha=1.0>
2026-07-31_15:43:42.195773 	EXP 	fix_cross: autoDraw = True
2026-07-31_15:43:42.703819 	EXP 	Sound spoken_word reached end of file
2026-07-31_15:43:42.715834 	EXP 	Sound spoken_word reached end of file
2026-07-31_15:43:43.701511 	EXP 	fix_cross: autoDraw = False
2026-07-31_15:43:43.701511 	EXP 	fix_cross: foreColor = <psychopy.colors.Color: green, alpha=1.0>
2026-07-31_15:43:43.701511 	EXP 	fix_cross: autoDraw = True
2026-07-31_15:43:43.713087 	EXP 	fix_cross: autoDraw = False
2026-07-31_15:43:43.713087 	EXP 	fix_cross: autoDraw = True
2026-07-31_15:43:43.729768 	EXP 	fix_cross: autoDraw = False
2026-07-31_15:43:43.729768 	EXP 	fix_cross: autoDraw = True
2026-07-31_15:43:43.756380 	EXP 	fix_cross: autoDraw = False
2026-07-31_15:43:43.756380 	EXP 	fix_cross: autoDraw = True
2026-07-31_15:43:43.786197 	EXP 	fix_cross: autoDraw = False
2026-07-31_15:43:43.786197 	EXP 	fix_cross: autoDraw = True
2026-07-31_15:43:43.797420 	EXP 	fix_cross: autoDraw = False
2026-07-31_15:43:43.797420 	EXP 	fix_cross: autoDraw = True
2026-07-31_15:43:43.816661 	EXP 	fix_cross: autoDraw = False
2026-07-31_15:43:43.816661 	EXP 	fix_cross: autoDraw = True
2026-07-31_15:43:43.830276 	EXP 	fix_cross: autoDraw = False
2026-07-31_15:43:43.830276 	EXP 	fix_cross: autoDraw = True
2026-07-31_15:43:43.846741 	EXP 	fix_cross: autoDraw = False
2026-07-31_15:43:43.846741 	EXP 	fix_cross: autoDraw = True
2026-07-31_15:43:43.863320 	EXP 	fix_cross: autoDraw = False
2026-07-31_15:43:43.863320 	EXP 	fix_cross: autoDraw = True
2026-07-31_15:43:43.880065 	EXP 	fix_cross: autoDraw = False
2026-07-31_15:43:43.880065 	EXP 	fix_cross: autoDraw = True
2026-07-31_15:43:43.896008 	EXP 	fix_cross: autoDraw = False
2026-07-31_15:43:43.896008 	EXP 	fix_cross: autoDraw = True
2026-07-31_15:43:43.896008 	EXP 	fix_cross: autoDraw = False
2026-07-31_15:43:43.896008 	EXP 	fix_cross_2: autoDraw = True
2026-07-31_15:43:44.633348 	EXP 	New trial (rep=0, index=91): <Trial 91 (91 in rep 0) data={'block': 2, 'trial_in_block': 42, 'concept': 'flower', 'concept_num': 6, 'concept_num_word': 6, 'exemplar_num': 33, 'image_shown': 'flower\\flower_33.jpg', 'word_shown_english': 'flower', 'word_shown_german': 'Blume', 'word_shown_french': 'Fleur', 'is_prompt': 1, 'is_mismatch': 0, 'ITI_length': 0.91, 'correct_response': None, 'nonmatch_pres_side': None, 'thisN': 91, 'thisTrialN': 91, 'thisRepN': 0}>
2026-07-31_15:43:44.698788 	EXP 	fix_cross_2: autoDraw = False
2026-07-31_15:43:44.698788 	EXP 	fix_cross_2: autoDraw = False
2026-07-31_15:43:44.698788 	EXP 	breaks_instruction: text = 'Pause, die Aufgabe geht gleich weiter.\nEs sind noch 8 Blöcke übrig.'
2026-07-31_15:43:44.698788 	EXP 	instruction_continuebreak: text = 'Die Pause ist vorbei.\nBitte drücken Sie eine beliebige Taste,\nsobald sie bereit sind, weiterzumachen.'
2026-07-31_15:43:44.698788 	EXP 	breaks_instruction: autoDraw = False
2026-07-31_15:43:44.698788 	EXP 	progress_bar_breaks: autoDraw = False
2026-07-31_15:43:44.698788 	EXP 	instruction_continuebreak: autoDraw = False
2026-07-31_15:43:44.698788 	EXP 	image: image = 'stimuli\\flower\\flower_33.jpg'
2026-07-31_15:43:44.698788 	EXP 	image: autoDraw = True
2026-07-31_15:43:45.453266 	EXP 	spoken_word: sampleRate = 24000
2026-07-31_15:43:45.454633 	INFO 	Resampled audio from 24000Hz to 48000Hz using method 'default'.
2026-07-31_15:43:45.454694 	DEBUG 	Converted audio clip from mono to stereo
2026-07-31_15:43:45.456297 	EXP 	spoken_word: sampleRate = 24000
2026-07-31_15:43:45.457487 	INFO 	Resampled audio from 24000Hz to 48000Hz using method 'default'.
2026-07-31_15:43:45.457502 	DEBUG 	Converted audio clip from mono to stereo
2026-07-31_15:43:45.457826 	EXP 	Sound spoken_word reached end of file
420.5908 	EXP 	Playing sound spoken_word on speaker Lautsprecher (Realtek(R) Audio)
2026-07-31_15:43:45.480564 	INFO 	Keyboard events cleared
2026-07-31_15:43:45.480320 	EXP 	image: autoDraw = False
2026-07-31_15:43:45.480320 	EXP 	image: autoDraw = False
2026-07-31_15:43:45.480320 	EXP 	fix_cross: foreColor = <psychopy.colors.Color: white, alpha=1.0>
2026-07-31_15:43:45.480320 	EXP 	fix_cross: autoDraw = True
2026-07-31_15:43:46.335365 	EXP 	Sound spoken_word reached end of file
2026-07-31_15:43:46.352146 	EXP 	Sound spoken_word reached end of file
2026-07-31_15:43:46.983094 	EXP 	fix_cross: foreColor = <psychopy.colors.Color: green, alpha=1.0>
2026-07-31_15:43:46.995769 	EXP 	fix_cross: autoDraw = False
2026-07-31_15:43:46.995769 	EXP 	fix_cross: autoDraw = True
2026-07-31_15:43:47.011735 	EXP 	fix_cross: autoDraw = False
2026-07-31_15:43:47.011735 	EXP 	fix_cross: autoDraw = True
2026-07-31_15:43:47.029170 	EXP 	fix_cross: autoDraw = False
2026-07-31_15:43:47.029170 	EXP 	fix_cross: autoDraw = True
2026-07-31_15:43:47.045337 	EXP 	fix_cross: autoDraw = False
2026-07-31_15:43:47.045337 	EXP 	fix_cross: autoDraw = True
2026-07-31_15:43:47.063500 	EXP 	fix_cross: autoDraw = False
2026-07-31_15:43:47.063500 	EXP 	fix_cross: autoDraw = True
2026-07-31_15:43:47.080079 	EXP 	fix_cross: autoDraw = False
2026-07-31_15:43:47.080079 	EXP 	fix_cross: autoDraw = True
2026-07-31_15:43:47.099711 	EXP 	fix_cross: autoDraw = False
2026-07-31_15:43:47.099711 	EXP 	fix_cross: autoDraw = True
2026-07-31_15:43:47.116579 	EXP 	fix_cross: autoDraw = False
2026-07-31_15:43:47.116579 	EXP 	fix_cross: autoDraw = True
2026-07-31_15:43:47.134057 	EXP 	fix_cross: autoDraw = False
2026-07-31_15:43:47.134057 	EXP 	fix_cross: autoDraw = True
2026-07-31_15:43:47.153215 	EXP 	fix_cross: autoDraw = False
2026-07-31_15:43:47.153215 	EXP 	fix_cross: autoDraw = True
2026-07-31_15:43:47.180191 	EXP 	fix_cross: autoDraw = False
2026-07-31_15:43:47.180191 	EXP 	fix_cross: autoDraw = True
2026-07-31_15:43:47.200427 	EXP 	fix_cross: autoDraw = False
2026-07-31_15:43:47.200427 	EXP 	fix_cross: autoDraw = True
2026-07-31_15:43:47.200427 	EXP 	fix_cross: autoDraw = False
2026-07-31_15:43:47.200427 	EXP 	fix_cross_2: autoDraw = True
2026-07-31_15:43:48.104494 	EXP 	New trial (rep=0, index=92): <Trial 92 (92 in rep 0) data={'block': 2, 'trial_in_block': 43, 'concept': 'bicycle', 'concept_num': 2, 'concept_num_word': 2, 'exemplar_num': 46, 'image_shown': 'bicycle\\bicycle_46.jpg', 'word_shown_english': 'bicycle', 'word_shown_german': 'Fahrrad', 'word_shown_french': 'Vélo', 'is_prompt': 1, 'is_mismatch': 0, 'ITI_length': 0.98, 'correct_response': None, 'nonmatch_pres_side': None, 'thisN': 92, 'thisTrialN': 92, 'thisRepN': 0}>
2026-07-31_15:43:48.165215 	EXP 	fix_cross_2: autoDraw = False
2026-07-31_15:43:48.165215 	EXP 	fix_cross_2: autoDraw = False
2026-07-31_15:43:48.165215 	EXP 	breaks_instruction: text = 'Pause, die Aufgabe geht gleich weiter.\nEs sind noch 8 Blöcke übrig.'
2026-07-31_15:43:48.165215 	EXP 	instruction_continuebreak: text = 'Die Pause ist vorbei.\nBitte drücken Sie eine beliebige Taste,\nsobald sie bereit sind, weiterzumachen.'
2026-07-31_15:43:48.165215 	EXP 	breaks_instruction: autoDraw = False
2026-07-31_15:43:48.165215 	EXP 	progress_bar_breaks: autoDraw = False
2026-07-31_15:43:48.165215 	EXP 	instruction_continuebreak: autoDraw = False
2026-07-31_15:43:48.165215 	EXP 	image: image = 'stimuli\\bicycle\\bicycle_46.jpg'
2026-07-31_15:43:48.165215 	EXP 	image: autoDraw = True
2026-07-31_15:43:48.916519 	EXP 	spoken_word: sampleRate = 48000
2026-07-31_15:43:48.917529 	DEBUG 	Converted audio clip from mono to stereo
2026-07-31_15:43:48.918750 	EXP 	spoken_word: sampleRate = 48000
2026-07-31_15:43:48.919531 	DEBUG 	Converted audio clip from mono to stereo
2026-07-31_15:43:48.919835 	EXP 	Sound spoken_word reached end of file
424.0526 	EXP 	Playing sound spoken_word on speaker Lautsprecher (Realtek(R) Audio)
2026-07-31_15:43:48.928727 	INFO 	Keyboard events cleared
2026-07-31_15:43:48.928570 	EXP 	image: autoDraw = False
2026-07-31_15:43:48.928570 	EXP 	image: autoDraw = False
2026-07-31_15:43:48.928570 	EXP 	fix_cross: foreColor = <psychopy.colors.Color: white, alpha=1.0>
2026-07-31_15:43:48.928570 	EXP 	fix_cross: autoDraw = True
2026-07-31_15:43:49.609516 	EXP 	Sound spoken_word reached end of file
2026-07-31_15:43:49.630977 	EXP 	Sound spoken_word reached end of file
2026-07-31_15:43:50.428255 	EXP 	fix_cross: autoDraw = False
2026-07-31_15:43:50.444708 	EXP 	fix_cross: foreColor = <psychopy.colors.Color: green, alpha=1.0>
2026-07-31_15:43:50.444708 	EXP 	fix_cross: autoDraw = True
2026-07-31_15:43:50.461814 	EXP 	fix_cross: autoDraw = False
2026-07-31_15:43:50.461814 	EXP 	fix_cross: autoDraw = True
2026-07-31_15:43:50.477818 	EXP 	fix_cross: autoDraw = False
2026-07-31_15:43:50.477818 	EXP 	fix_cross: autoDraw = True
2026-07-31_15:43:50.499001 	EXP 	fix_cross: autoDraw = False
2026-07-31_15:43:50.499001 	EXP 	fix_cross: autoDraw = True
2026-07-31_15:43:50.516729 	EXP 	fix_cross: autoDraw = False
2026-07-31_15:43:50.516729 	EXP 	fix_cross: autoDraw = True
2026-07-31_15:43:50.534098 	EXP 	fix_cross: autoDraw = False
2026-07-31_15:43:50.534098 	EXP 	fix_cross: autoDraw = True
2026-07-31_15:43:50.563043 	EXP 	fix_cross: autoDraw = False
2026-07-31_15:43:50.563043 	EXP 	fix_cross: autoDraw = True
2026-07-31_15:43:50.585724 	EXP 	fix_cross: autoDraw = False
2026-07-31_15:43:50.585724 	EXP 	fix_cross: autoDraw = True
2026-07-31_15:43:50.610951 	EXP 	fix_cross: autoDraw = False
2026-07-31_15:43:50.610951 	EXP 	fix_cross: autoDraw = True
2026-07-31_15:43:50.628220 	EXP 	fix_cross: autoDraw = False
2026-07-31_15:43:50.628220 	EXP 	fix_cross: autoDraw = True
2026-07-31_15:43:50.644066 	EXP 	fix_cross: autoDraw = False
2026-07-31_15:43:50.644066 	EXP 	fix_cross: autoDraw = True
2026-07-31_15:43:50.661310 	EXP 	fix_cross: autoDraw = False
2026-07-31_15:43:50.661310 	EXP 	fix_cross: autoDraw = True
2026-07-31_15:43:50.661310 	EXP 	fix_cross: autoDraw = False
2026-07-31_15:43:50.661310 	EXP 	fix_cross_2: autoDraw = True
2026-07-31_15:43:51.630703 	EXP 	New trial (rep=0, index=93): <Trial 93 (93 in rep 0) data={'block': 2, 'trial_in_block': 44, 'concept': 'jacket', 'concept_num': 10, 'concept_num_word': 10, 'exemplar_num': 41, 'image_shown': 'jacket\\jacket_41.jpg', 'word_shown_english': 'jacket', 'word_shown_german': 'Jacke', 'word_shown_french': 'Veste', 'is_prompt': 1, 'is_mismatch': 0, 'ITI_length': 0.77, 'correct_response': None, 'nonmatch_pres_side': None, 'thisN': 93, 'thisTrialN': 93, 'thisRepN': 0}>
2026-07-31_15:43:51.680894 	EXP 	fix_cross_2: autoDraw = False
2026-07-31_15:43:51.680894 	EXP 	fix_cross_2: autoDraw = False
2026-07-31_15:43:51.680894 	EXP 	breaks_instruction: text = 'Pause, die Aufgabe geht gleich weiter.\nEs sind noch 8 Blöcke übrig.'
2026-07-31_15:43:51.680894 	EXP 	instruction_continuebreak: text = 'Die Pause ist vorbei.\nBitte drücken Sie eine beliebige Taste,\nsobald sie bereit sind, weiterzumachen.'
2026-07-31_15:43:51.680894 	EXP 	breaks_instruction: autoDraw = False
2026-07-31_15:43:51.680894 	EXP 	progress_bar_breaks: autoDraw = False
2026-07-31_15:43:51.680894 	EXP 	instruction_continuebreak: autoDraw = False
2026-07-31_15:43:51.680894 	EXP 	image: image = 'stimuli\\jacket\\jacket_41.jpg'
2026-07-31_15:43:51.680894 	EXP 	image: autoDraw = True
2026-07-31_15:43:52.431828 	EXP 	spoken_word: sampleRate = 44100
2026-07-31_15:43:52.436117 	INFO 	Resampled audio from 44100Hz to 48000Hz using method 'default'.
2026-07-31_15:43:52.436154 	DEBUG 	Converted audio clip from mono to stereo
2026-07-31_15:43:52.437763 	EXP 	spoken_word: sampleRate = 44100
2026-07-31_15:43:52.441601 	INFO 	Resampled audio from 44100Hz to 48000Hz using method 'default'.
2026-07-31_15:43:52.441639 	DEBUG 	Converted audio clip from mono to stereo
2026-07-31_15:43:52.441991 	EXP 	Sound spoken_word reached end of file
427.5692 	EXP 	Playing sound spoken_word on speaker Lautsprecher (Realtek(R) Audio)
2026-07-31_15:43:52.460967 	INFO 	Keyboard events cleared
2026-07-31_15:43:52.460693 	EXP 	image: autoDraw = False
2026-07-31_15:43:52.460693 	EXP 	image: autoDraw = False
2026-07-31_15:43:52.460693 	EXP 	fix_cross: foreColor = <psychopy.colors.Color: white, alpha=1.0>
2026-07-31_15:43:52.460693 	EXP 	fix_cross: autoDraw = True
2026-07-31_15:43:52.963696 	EXP 	Sound spoken_word reached end of file
2026-07-31_15:43:52.980693 	EXP 	Sound spoken_word reached end of file
2026-07-31_15:43:53.944840 	EXP 	fix_cross: foreColor = <psychopy.colors.Color: green, alpha=1.0>
2026-07-31_15:43:53.959705 	EXP 	fix_cross: autoDraw = False
2026-07-31_15:43:53.959705 	EXP 	fix_cross: autoDraw = True
2026-07-31_15:43:53.977060 	EXP 	fix_cross: autoDraw = False
2026-07-31_15:43:53.977060 	EXP 	fix_cross: autoDraw = True
2026-07-31_15:43:53.997432 	EXP 	fix_cross: autoDraw = False
2026-07-31_15:43:53.997432 	EXP 	fix_cross: autoDraw = True
2026-07-31_15:43:54.009833 	EXP 	fix_cross: autoDraw = False
2026-07-31_15:43:54.009833 	EXP 	fix_cross: autoDraw = True
2026-07-31_15:43:54.026869 	EXP 	fix_cross: autoDraw = False
2026-07-31_15:43:54.026869 	EXP 	fix_cross: autoDraw = True
2026-07-31_15:43:54.043500 	EXP 	fix_cross: autoDraw = False
2026-07-31_15:43:54.043500 	EXP 	fix_cross: autoDraw = True
2026-07-31_15:43:54.060363 	EXP 	fix_cross: autoDraw = False
2026-07-31_15:43:54.060363 	EXP 	fix_cross: autoDraw = True
2026-07-31_15:43:54.077256 	EXP 	fix_cross: autoDraw = False
2026-07-31_15:43:54.077256 	EXP 	fix_cross: autoDraw = True
2026-07-31_15:43:54.097266 	EXP 	fix_cross: autoDraw = False
2026-07-31_15:43:54.097266 	EXP 	fix_cross: autoDraw = True
2026-07-31_15:43:54.110274 	EXP 	fix_cross: autoDraw = False
2026-07-31_15:43:54.110274 	EXP 	fix_cross: autoDraw = True
2026-07-31_15:43:54.126791 	EXP 	fix_cross: autoDraw = False
2026-07-31_15:43:54.126791 	EXP 	fix_cross: autoDraw = True
2026-07-31_15:43:54.143101 	EXP 	fix_cross: autoDraw = False
2026-07-31_15:43:54.143101 	EXP 	fix_cross: autoDraw = True
2026-07-31_15:43:54.160236 	EXP 	fix_cross: autoDraw = False
2026-07-31_15:43:54.160236 	EXP 	fix_cross: autoDraw = True
2026-07-31_15:43:54.160236 	EXP 	fix_cross: autoDraw = False
2026-07-31_15:43:54.160236 	EXP 	fix_cross_2: autoDraw = True
2026-07-31_15:43:54.929327 	EXP 	New trial (rep=0, index=94): <Trial 94 (94 in rep 0) data={'block': 2, 'trial_in_block': 45, 'concept': 'hammer', 'concept_num': 7, 'concept_num_word': 7, 'exemplar_num': 7, 'image_shown': 'hammer\\hammer_07.jpg', 'word_shown_english': 'hammer', 'word_shown_german': 'Hammer', 'word_shown_french': 'Marteau', 'is_prompt': 1, 'is_mismatch': 0, 'ITI_length': 1.17, 'correct_response': None, 'nonmatch_pres_side': None, 'thisN': 94, 'thisTrialN': 94, 'thisRepN': 0}>
2026-07-31_15:43:54.978957 	EXP 	fix_cross_2: autoDraw = False
2026-07-31_15:43:54.978957 	EXP 	fix_cross_2: autoDraw = False
2026-07-31_15:43:54.978957 	EXP 	breaks_instruction: text = 'Pause, die Aufgabe geht gleich weiter.\nEs sind noch 8 Blöcke übrig.'
2026-07-31_15:43:54.978957 	EXP 	instruction_continuebreak: text = 'Die Pause ist vorbei.\nBitte drücken Sie eine beliebige Taste,\nsobald sie bereit sind, weiterzumachen.'
2026-07-31_15:43:54.978957 	EXP 	breaks_instruction: autoDraw = False
2026-07-31_15:43:54.978957 	EXP 	progress_bar_breaks: autoDraw = False
2026-07-31_15:43:54.978957 	EXP 	instruction_continuebreak: autoDraw = False
2026-07-31_15:43:54.978957 	EXP 	image: image = 'stimuli\\hammer\\hammer_07.jpg'
2026-07-31_15:43:54.978957 	EXP 	image: autoDraw = True
2026-07-31_15:43:55.730623 	EXP 	spoken_word: sampleRate = 44100
2026-07-31_15:43:55.733198 	INFO 	Resampled audio from 44100Hz to 48000Hz using method 'default'.
2026-07-31_15:43:55.733235 	DEBUG 	Converted audio clip from mono to stereo
2026-07-31_15:43:55.734642 	EXP 	spoken_word: sampleRate = 44100
2026-07-31_15:43:55.736880 	INFO 	Resampled audio from 44100Hz to 48000Hz using method 'default'.
2026-07-31_15:43:55.736903 	DEBUG 	Converted audio clip from mono to stereo
2026-07-31_15:43:55.737158 	EXP 	Sound spoken_word reached end of file
430.8683 	EXP 	Playing sound spoken_word on speaker Lautsprecher (Realtek(R) Audio)
2026-07-31_15:43:55.759549 	INFO 	Keyboard events cleared
2026-07-31_15:43:55.759310 	EXP 	image: autoDraw = False
2026-07-31_15:43:55.759310 	EXP 	image: autoDraw = False
2026-07-31_15:43:55.759310 	EXP 	fix_cross: foreColor = <psychopy.colors.Color: white, alpha=1.0>
2026-07-31_15:43:55.759310 	EXP 	fix_cross: autoDraw = True
2026-07-31_15:43:56.237118 	EXP 	Sound spoken_word reached end of file
2026-07-31_15:43:56.261984 	EXP 	Sound spoken_word reached end of file
2026-07-31_15:43:57.269107 	EXP 	fix_cross: autoDraw = False
2026-07-31_15:43:57.269107 	EXP 	fix_cross: foreColor = <psychopy.colors.Color: green, alpha=1.0>
2026-07-31_15:43:57.269107 	EXP 	fix_cross: autoDraw = True
2026-07-31_15:43:57.299384 	EXP 	fix_cross: autoDraw = False
2026-07-31_15:43:57.299384 	EXP 	fix_cross: autoDraw = True
2026-07-31_15:43:57.312774 	EXP 	fix_cross: autoDraw = False
2026-07-31_15:43:57.312774 	EXP 	fix_cross: autoDraw = True
2026-07-31_15:43:57.331014 	EXP 	fix_cross: autoDraw = False
2026-07-31_15:43:57.331014 	EXP 	fix_cross: autoDraw = True
2026-07-31_15:43:57.342507 	EXP 	fix_cross: autoDraw = False
2026-07-31_15:43:57.342507 	EXP 	fix_cross: autoDraw = True
2026-07-31_15:43:57.359437 	EXP 	fix_cross: autoDraw = False
2026-07-31_15:43:57.359437 	EXP 	fix_cross: autoDraw = True
2026-07-31_15:43:57.379485 	EXP 	fix_cross: autoDraw = False
2026-07-31_15:43:57.379485 	EXP 	fix_cross: autoDraw = True
2026-07-31_15:43:57.392576 	EXP 	fix_cross: autoDraw = False
2026-07-31_15:43:57.392576 	EXP 	fix_cross: autoDraw = True
2026-07-31_15:43:57.409695 	EXP 	fix_cross: autoDraw = False
2026-07-31_15:43:57.409695 	EXP 	fix_cross: autoDraw = True
2026-07-31_15:43:57.425562 	EXP 	fix_cross: autoDraw = False
2026-07-31_15:43:57.425562 	EXP 	fix_cross: autoDraw = True
2026-07-31_15:43:57.442806 	EXP 	fix_cross: autoDraw = False
2026-07-31_15:43:57.442806 	EXP 	fix_cross: autoDraw = True
2026-07-31_15:43:57.459306 	EXP 	fix_cross: autoDraw = False
2026-07-31_15:43:57.459306 	EXP 	fix_cross: autoDraw = True
2026-07-31_15:43:57.476284 	EXP 	fix_cross: autoDraw = False
2026-07-31_15:43:57.476284 	EXP 	fix_cross: autoDraw = True
2026-07-31_15:43:57.476284 	EXP 	fix_cross: autoDraw = False
2026-07-31_15:43:57.476284 	EXP 	fix_cross_2: autoDraw = True
2026-07-31_15:43:58.645242 	EXP 	New trial (rep=0, index=95): <Trial 95 (95 in rep 0) data={'block': 2, 'trial_in_block': 46, 'concept': 'dog', 'concept_num': 5, 'concept_num_word': 5, 'exemplar_num': 19, 'image_shown': 'dog\\dog_19.jpg', 'word_shown_english': 'dog', 'word_shown_german': 'Hund', 'word_shown_french': 'Chien', 'is_prompt': 1, 'is_mismatch': 0, 'ITI_length': 1.08, 'correct_response': None, 'nonmatch_pres_side': None, 'thisN': 95, 'thisTrialN': 95, 'thisRepN': 0}>
2026-07-31_15:43:58.695305 	EXP 	fix_cross_2: autoDraw = False
2026-07-31_15:43:58.695305 	EXP 	fix_cross_2: autoDraw = False
2026-07-31_15:43:58.695305 	EXP 	breaks_instruction: text = 'Pause, die Aufgabe geht gleich weiter.\nEs sind noch 8 Blöcke übrig.'
2026-07-31_15:43:58.695305 	EXP 	instruction_continuebreak: text = 'Die Pause ist vorbei.\nBitte drücken Sie eine beliebige Taste,\nsobald sie bereit sind, weiterzumachen.'
2026-07-31_15:43:58.695305 	EXP 	breaks_instruction: autoDraw = False
2026-07-31_15:43:58.695305 	EXP 	progress_bar_breaks: autoDraw = False
2026-07-31_15:43:58.695305 	EXP 	instruction_continuebreak: autoDraw = False
2026-07-31_15:43:58.695305 	EXP 	image: image = 'stimuli\\dog\\dog_19.jpg'
2026-07-31_15:43:58.695305 	EXP 	image: autoDraw = True
2026-07-31_15:43:59.446858 	EXP 	spoken_word: sampleRate = 44100
2026-07-31_15:43:59.449343 	INFO 	Resampled audio from 44100Hz to 48000Hz using method 'default'.
2026-07-31_15:43:59.449373 	DEBUG 	Converted audio clip from mono to stereo
2026-07-31_15:43:59.450651 	EXP 	spoken_word: sampleRate = 44100
2026-07-31_15:43:59.452954 	INFO 	Resampled audio from 44100Hz to 48000Hz using method 'default'.
2026-07-31_15:43:59.452993 	DEBUG 	Converted audio clip from mono to stereo
2026-07-31_15:43:59.453328 	EXP 	Sound spoken_word reached end of file
434.5840 	EXP 	Playing sound spoken_word on speaker Lautsprecher (Realtek(R) Audio)
2026-07-31_15:43:59.474697 	INFO 	Keyboard events cleared
2026-07-31_15:43:59.474452 	EXP 	image: autoDraw = False
2026-07-31_15:43:59.474452 	EXP 	image: autoDraw = False
2026-07-31_15:43:59.474452 	EXP 	fix_cross: foreColor = <psychopy.colors.Color: white, alpha=1.0>
2026-07-31_15:43:59.474452 	EXP 	fix_cross: autoDraw = True
2026-07-31_15:43:59.923343 	EXP 	Sound spoken_word reached end of file
2026-07-31_15:43:59.945427 	EXP 	Sound spoken_word reached end of file
2026-07-31_15:44:00.974735 	EXP 	fix_cross: autoDraw = False
2026-07-31_15:44:00.974735 	EXP 	fix_cross: foreColor = <psychopy.colors.Color: green, alpha=1.0>
2026-07-31_15:44:00.974735 	EXP 	fix_cross: autoDraw = True
2026-07-31_15:44:00.994830 	EXP 	fix_cross: autoDraw = False
2026-07-31_15:44:00.994830 	EXP 	fix_cross: autoDraw = True
2026-07-31_15:44:01.007753 	EXP 	fix_cross: autoDraw = False
2026-07-31_15:44:01.007753 	EXP 	fix_cross: autoDraw = True
2026-07-31_15:44:01.024343 	EXP 	fix_cross: autoDraw = False
2026-07-31_15:44:01.024343 	EXP 	fix_cross: autoDraw = True
2026-07-31_15:44:01.040982 	EXP 	fix_cross: autoDraw = False
2026-07-31_15:44:01.040982 	EXP 	fix_cross: autoDraw = True
2026-07-31_15:44:01.057372 	EXP 	fix_cross: autoDraw = False
2026-07-31_15:44:01.057372 	EXP 	fix_cross: autoDraw = True
2026-07-31_15:44:01.074225 	EXP 	fix_cross: autoDraw = False
2026-07-31_15:44:01.074225 	EXP 	fix_cross: autoDraw = True
2026-07-31_15:44:01.094708 	EXP 	fix_cross: autoDraw = False
2026-07-31_15:44:01.094708 	EXP 	fix_cross: autoDraw = True
2026-07-31_15:44:01.106835 	EXP 	fix_cross: autoDraw = False
2026-07-31_15:44:01.106835 	EXP 	fix_cross: autoDraw = True
2026-07-31_15:44:01.132019 	EXP 	fix_cross: autoDraw = False
2026-07-31_15:44:01.132019 	EXP 	fix_cross: autoDraw = True
2026-07-31_15:44:01.146371 	EXP 	fix_cross: autoDraw = False
2026-07-31_15:44:01.146371 	EXP 	fix_cross: autoDraw = True
2026-07-31_15:44:01.165595 	EXP 	fix_cross: autoDraw = False
2026-07-31_15:44:01.165595 	EXP 	fix_cross: autoDraw = True
2026-07-31_15:44:01.180385 	EXP 	fix_cross: autoDraw = False
2026-07-31_15:44:01.180385 	EXP 	fix_cross: autoDraw = True
2026-07-31_15:44:01.180385 	EXP 	fix_cross: autoDraw = False
2026-07-31_15:44:01.180385 	EXP 	fix_cross_2: autoDraw = True
2026-07-31_15:44:02.251116 	EXP 	New trial (rep=0, index=96): <Trial 96 (96 in rep 0) data={'block': 2, 'trial_in_block': 47, 'concept': 'hand', 'concept_num': 8, 'concept_num_word': 10, 'exemplar_num': 45, 'image_shown': 'hand\\hand_45.jpg', 'word_shown_english': 'jacket', 'word_shown_german': 'Jacke', 'word_shown_french': 'Veste', 'is_prompt': 1, 'is_mismatch': 1, 'ITI_length': 1, 'correct_response': 'r', 'nonmatch_pres_side': 'right', 'thisN': 96, 'thisTrialN': 96, 'thisRepN': 0}>
2026-07-31_15:44:02.358101 	EXP 	fix_cross_2: autoDraw = False
2026-07-31_15:44:02.358101 	EXP 	fix_cross_2: autoDraw = False
2026-07-31_15:44:02.358101 	EXP 	breaks_instruction: text = 'Pause, die Aufgabe geht gleich weiter.\nEs sind noch 8 Blöcke übrig.'
2026-07-31_15:44:02.358101 	EXP 	instruction_continuebreak: text = 'Die Pause ist vorbei.\nBitte drücken Sie eine beliebige Taste,\nsobald sie bereit sind, weiterzumachen.'
2026-07-31_15:44:02.358101 	EXP 	breaks_instruction: autoDraw = False
2026-07-31_15:44:02.358101 	EXP 	progress_bar_breaks: autoDraw = False
2026-07-31_15:44:02.358101 	EXP 	instruction_continuebreak: autoDraw = False
2026-07-31_15:44:02.358101 	EXP 	image: image = 'stimuli\\hand\\hand_45.jpg'
2026-07-31_15:44:02.358101 	EXP 	image: autoDraw = True
2026-07-31_15:44:03.094703 	EXP 	spoken_word: sampleRate = 44100
2026-07-31_15:44:03.099584 	INFO 	Resampled audio from 44100Hz to 48000Hz using method 'default'.
2026-07-31_15:44:03.099647 	DEBUG 	Converted audio clip from mono to stereo
2026-07-31_15:44:03.100959 	EXP 	spoken_word: sampleRate = 44100
2026-07-31_15:44:03.105029 	INFO 	Resampled audio from 44100Hz to 48000Hz using method 'default'.
2026-07-31_15:44:03.105066 	DEBUG 	Converted audio clip from mono to stereo
2026-07-31_15:44:03.105444 	EXP 	Sound spoken_word reached end of file
438.2321 	EXP 	Playing sound spoken_word on speaker Lautsprecher (Realtek(R) Audio)
2026-07-31_15:44:03.123990 	INFO 	Keyboard events cleared
2026-07-31_15:44:03.123678 	EXP 	image: autoDraw = False
2026-07-31_15:44:03.123678 	EXP 	image: autoDraw = False
2026-07-31_15:44:03.123678 	EXP 	fix_cross: foreColor = <psychopy.colors.Color: white, alpha=1.0>
2026-07-31_15:44:03.123678 	EXP 	fix_cross: autoDraw = True
2026-07-31_15:44:03.630725 	EXP 	Sound spoken_word reached end of file
2026-07-31_15:44:03.642729 	EXP 	Sound spoken_word reached end of file
2026-07-31_15:44:04.608340 	EXP 	fix_cross: foreColor = <psychopy.colors.Color: red, alpha=1.0>
2026-07-31_15:44:04.627644 	EXP 	fix_cross: autoDraw = False
2026-07-31_15:44:04.627644 	EXP 	fix_cross: autoDraw = True
2026-07-31_15:44:04.640162 	EXP 	fix_cross: autoDraw = False
2026-07-31_15:44:04.640162 	EXP 	fix_cross: autoDraw = True
2026-07-31_15:44:04.657526 	EXP 	fix_cross: autoDraw = False
2026-07-31_15:44:04.657526 	EXP 	fix_cross: autoDraw = True
2026-07-31_15:44:04.674688 	EXP 	fix_cross: autoDraw = False
2026-07-31_15:44:04.674688 	EXP 	fix_cross: autoDraw = True
2026-07-31_15:44:04.691458 	EXP 	fix_cross: autoDraw = False
2026-07-31_15:44:04.691458 	EXP 	fix_cross: autoDraw = True
2026-07-31_15:44:04.712196 	EXP 	fix_cross: autoDraw = False
2026-07-31_15:44:04.712196 	EXP 	fix_cross: autoDraw = True
2026-07-31_15:44:04.724413 	EXP 	fix_cross: autoDraw = False
2026-07-31_15:44:04.724413 	EXP 	fix_cross: autoDraw = True
2026-07-31_15:44:04.740232 	EXP 	fix_cross: autoDraw = False
2026-07-31_15:44:04.740232 	EXP 	fix_cross: autoDraw = True
2026-07-31_15:44:04.757912 	EXP 	fix_cross: autoDraw = False
2026-07-31_15:44:04.757912 	EXP 	fix_cross: autoDraw = True
2026-07-31_15:44:04.774169 	EXP 	fix_cross: autoDraw = False
2026-07-31_15:44:04.774169 	EXP 	fix_cross: autoDraw = True
2026-07-31_15:44:04.791855 	EXP 	fix_cross: autoDraw = False
2026-07-31_15:44:04.791855 	EXP 	fix_cross: autoDraw = True
2026-07-31_15:44:04.812224 	EXP 	fix_cross: autoDraw = False
2026-07-31_15:44:04.812224 	EXP 	fix_cross: autoDraw = True
2026-07-31_15:44:04.824437 	EXP 	fix_cross: autoDraw = False
2026-07-31_15:44:04.824437 	EXP 	fix_cross: autoDraw = True
2026-07-31_15:44:04.824437 	EXP 	fix_cross: autoDraw = False
2026-07-31_15:44:04.824437 	EXP 	fix_cross_2: autoDraw = True
2026-07-31_15:44:05.826032 	EXP 	New trial (rep=0, index=97): <Trial 97 (97 in rep 0) data={'block': 2, 'trial_in_block': 48, 'concept': 'chair', 'concept_num': 4, 'concept_num_word': 4, 'exemplar_num': 33, 'image_shown': 'chair\\chair_33.jpg', 'word_shown_english': 'chair', 'word_shown_german': 'Stuhl', 'word_shown_french': 'Chaise', 'is_prompt': 1, 'is_mismatch': 0, 'ITI_length': 1.05, 'correct_response': None, 'nonmatch_pres_side': None, 'thisN': 97, 'thisTrialN': 97, 'thisRepN': 0}>
2026-07-31_15:44:05.878320 	EXP 	fix_cross_2: autoDraw = False
2026-07-31_15:44:05.878320 	EXP 	fix_cross_2: autoDraw = False
2026-07-31_15:44:05.878320 	EXP 	breaks_instruction: text = 'Pause, die Aufgabe geht gleich weiter.\nEs sind noch 8 Blöcke übrig.'
2026-07-31_15:44:05.878320 	EXP 	instruction_continuebreak: text = 'Die Pause ist vorbei.\nBitte drücken Sie eine beliebige Taste,\nsobald sie bereit sind, weiterzumachen.'
2026-07-31_15:44:05.878320 	EXP 	breaks_instruction: autoDraw = False
2026-07-31_15:44:05.878320 	EXP 	progress_bar_breaks: autoDraw = False
2026-07-31_15:44:05.878320 	EXP 	instruction_continuebreak: autoDraw = False
2026-07-31_15:44:05.878320 	EXP 	image: image = 'stimuli\\chair\\chair_33.jpg'
2026-07-31_15:44:05.878320 	EXP 	image: autoDraw = True
2026-07-31_15:44:06.631928 	EXP 	spoken_word: sampleRate = 44100
2026-07-31_15:44:06.634960 	INFO 	Resampled audio from 44100Hz to 48000Hz using method 'default'.
2026-07-31_15:44:06.634987 	DEBUG 	Converted audio clip from mono to stereo
2026-07-31_15:44:06.636363 	EXP 	spoken_word: sampleRate = 44100
2026-07-31_15:44:06.638916 	INFO 	Resampled audio from 44100Hz to 48000Hz using method 'default'.
2026-07-31_15:44:06.638944 	DEBUG 	Converted audio clip from mono to stereo
2026-07-31_15:44:06.639265 	EXP 	Sound spoken_word reached end of file
441.7691 	EXP 	Playing sound spoken_word on speaker Lautsprecher (Realtek(R) Audio)
2026-07-31_15:44:06.656834 	INFO 	Keyboard events cleared
2026-07-31_15:44:06.656523 	EXP 	image: autoDraw = False
2026-07-31_15:44:06.656523 	EXP 	image: autoDraw = False
2026-07-31_15:44:06.656523 	EXP 	fix_cross: foreColor = <psychopy.colors.Color: white, alpha=1.0>
2026-07-31_15:44:06.656523 	EXP 	fix_cross: autoDraw = True
2026-07-31_15:44:07.186834 	EXP 	Sound spoken_word reached end of file
2026-07-31_15:44:07.208034 	EXP 	Sound spoken_word reached end of file
2026-07-31_15:44:08.159466 	EXP 	fix_cross: foreColor = <psychopy.colors.Color: green, alpha=1.0>
2026-07-31_15:44:08.172672 	EXP 	fix_cross: autoDraw = False
2026-07-31_15:44:08.172672 	EXP 	fix_cross: autoDraw = True
2026-07-31_15:44:08.189479 	EXP 	fix_cross: autoDraw = False
2026-07-31_15:44:08.189479 	EXP 	fix_cross: autoDraw = True
2026-07-31_15:44:08.212711 	EXP 	fix_cross: autoDraw = False
2026-07-31_15:44:08.212711 	EXP 	fix_cross: autoDraw = True
2026-07-31_15:44:08.227350 	EXP 	fix_cross: autoDraw = False
2026-07-31_15:44:08.227350 	EXP 	fix_cross: autoDraw = True
2026-07-31_15:44:08.240127 	EXP 	fix_cross: autoDraw = False
2026-07-31_15:44:08.240127 	EXP 	fix_cross: autoDraw = True
2026-07-31_15:44:08.261113 	EXP 	fix_cross: autoDraw = False
2026-07-31_15:44:08.261113 	EXP 	fix_cross: autoDraw = True
2026-07-31_15:44:08.274798 	EXP 	fix_cross: autoDraw = False
2026-07-31_15:44:08.274798 	EXP 	fix_cross: autoDraw = True
2026-07-31_15:44:08.292843 	EXP 	fix_cross: autoDraw = False
2026-07-31_15:44:08.292843 	EXP 	fix_cross: autoDraw = True
2026-07-31_15:44:08.305720 	EXP 	fix_cross: autoDraw = False
2026-07-31_15:44:08.305720 	EXP 	fix_cross: autoDraw = True
2026-07-31_15:44:08.322568 	EXP 	fix_cross: autoDraw = False
2026-07-31_15:44:08.322568 	EXP 	fix_cross: autoDraw = True
2026-07-31_15:44:08.338649 	EXP 	fix_cross: autoDraw = False
2026-07-31_15:44:08.338649 	EXP 	fix_cross: autoDraw = True
2026-07-31_15:44:08.356003 	EXP 	fix_cross: autoDraw = False
2026-07-31_15:44:08.356003 	EXP 	fix_cross: autoDraw = True
2026-07-31_15:44:08.378049 	EXP 	fix_cross: autoDraw = False
2026-07-31_15:44:08.378049 	EXP 	fix_cross: autoDraw = True
2026-07-31_15:44:08.378049 	EXP 	fix_cross: autoDraw = False
2026-07-31_15:44:08.378049 	EXP 	fix_cross_2: autoDraw = True
2026-07-31_15:44:09.424930 	EXP 	New trial (rep=0, index=98): <Trial 98 (98 in rep 0) data={'block': 2, 'trial_in_block': 49, 'concept': 'dog', 'concept_num': 5, 'concept_num_word': 5, 'exemplar_num': 25, 'image_shown': 'dog\\dog_25.jpg', 'word_shown_english': 'dog', 'word_shown_german': 'Hund', 'word_shown_french': 'Chien', 'is_prompt': 1, 'is_mismatch': 0, 'ITI_length': 1.18, 'correct_response': None, 'nonmatch_pres_side': None, 'thisN': 98, 'thisTrialN': 98, 'thisRepN': 0}>
2026-07-31_15:44:09.491796 	EXP 	fix_cross_2: autoDraw = False
2026-07-31_15:44:09.491796 	EXP 	fix_cross_2: autoDraw = False
2026-07-31_15:44:09.491796 	EXP 	breaks_instruction: text = 'Pause, die Aufgabe geht gleich weiter.\nEs sind noch 8 Blöcke übrig.'
2026-07-31_15:44:09.491796 	EXP 	instruction_continuebreak: text = 'Die Pause ist vorbei.\nBitte drücken Sie eine beliebige Taste,\nsobald sie bereit sind, weiterzumachen.'
2026-07-31_15:44:09.491796 	EXP 	breaks_instruction: autoDraw = False
2026-07-31_15:44:09.491796 	EXP 	progress_bar_breaks: autoDraw = False
2026-07-31_15:44:09.491796 	EXP 	instruction_continuebreak: autoDraw = False
2026-07-31_15:44:09.491796 	EXP 	image: image = 'stimuli\\dog\\dog_25.jpg'
2026-07-31_15:44:09.491796 	EXP 	image: autoDraw = True
2026-07-31_15:44:10.242941 	EXP 	spoken_word: sampleRate = 44100
2026-07-31_15:44:10.245375 	INFO 	Resampled audio from 44100Hz to 48000Hz using method 'default'.
2026-07-31_15:44:10.245405 	DEBUG 	Converted audio clip from mono to stereo
2026-07-31_15:44:10.247135 	EXP 	spoken_word: sampleRate = 44100
2026-07-31_15:44:10.249371 	INFO 	Resampled audio from 44100Hz to 48000Hz using method 'default'.
2026-07-31_15:44:10.249387 	DEBUG 	Converted audio clip from mono to stereo
2026-07-31_15:44:10.249638 	EXP 	Sound spoken_word reached end of file
445.3804 	EXP 	Playing sound spoken_word on speaker Lautsprecher (Realtek(R) Audio)
2026-07-31_15:44:10.271182 	INFO 	Keyboard events cleared
2026-07-31_15:44:10.271004 	EXP 	image: autoDraw = False
2026-07-31_15:44:10.271004 	EXP 	image: autoDraw = False
2026-07-31_15:44:10.271004 	EXP 	fix_cross: foreColor = <psychopy.colors.Color: white, alpha=1.0>
2026-07-31_15:44:10.271004 	EXP 	fix_cross: autoDraw = True
2026-07-31_15:44:10.720716 	EXP 	Sound spoken_word reached end of file
2026-07-31_15:44:10.740783 	EXP 	Sound spoken_word reached end of file
2026-07-31_15:44:11.771094 	EXP 	fix_cross: autoDraw = False
2026-07-31_15:44:11.771094 	EXP 	fix_cross: foreColor = <psychopy.colors.Color: green, alpha=1.0>
2026-07-31_15:44:11.771094 	EXP 	fix_cross: autoDraw = True
2026-07-31_15:44:11.791559 	EXP 	fix_cross: autoDraw = False
2026-07-31_15:44:11.791559 	EXP 	fix_cross: autoDraw = True
2026-07-31_15:44:11.810957 	EXP 	fix_cross: autoDraw = False
2026-07-31_15:44:11.810957 	EXP 	fix_cross: autoDraw = True
2026-07-31_15:44:11.823137 	EXP 	fix_cross: autoDraw = False
2026-07-31_15:44:11.823137 	EXP 	fix_cross: autoDraw = True
2026-07-31_15:44:11.849767 	EXP 	fix_cross: autoDraw = False
2026-07-31_15:44:11.849767 	EXP 	fix_cross: autoDraw = True
2026-07-31_15:44:11.871235 	EXP 	fix_cross: autoDraw = False
2026-07-31_15:44:11.871235 	EXP 	fix_cross: autoDraw = True
2026-07-31_15:44:11.891623 	EXP 	fix_cross: autoDraw = False
2026-07-31_15:44:11.891623 	EXP 	fix_cross: autoDraw = True
2026-07-31_15:44:11.904604 	EXP 	fix_cross: autoDraw = False
2026-07-31_15:44:11.904604 	EXP 	fix_cross: autoDraw = True
2026-07-31_15:44:11.921197 	EXP 	fix_cross: autoDraw = False
2026-07-31_15:44:11.921197 	EXP 	fix_cross: autoDraw = True
2026-07-31_15:44:11.938023 	EXP 	fix_cross: autoDraw = False
2026-07-31_15:44:11.938023 	EXP 	fix_cross: autoDraw = True
2026-07-31_15:44:11.954827 	EXP 	fix_cross: autoDraw = False
2026-07-31_15:44:11.954827 	EXP 	fix_cross: autoDraw = True
2026-07-31_15:44:11.971413 	EXP 	fix_cross: autoDraw = False
2026-07-31_15:44:11.971413 	EXP 	fix_cross: autoDraw = True
2026-07-31_15:44:11.988277 	EXP 	fix_cross: autoDraw = False
2026-07-31_15:44:11.988277 	EXP 	fix_cross: autoDraw = True
2026-07-31_15:44:11.988277 	EXP 	fix_cross: autoDraw = False
2026-07-31_15:44:11.988277 	EXP 	fix_cross_2: autoDraw = True
2026-07-31_15:44:12.824004 	EXP 	Device response: <KeyPress from None: t=447.9352934999988, value=bracketright, duration=None>
2026-07-31_15:44:13.024002 	EXP 	Device response: <KeyPress from None: t=447.9352934999988, value=bracketright, duration=0.20448989999931655>
2026-07-31_15:44:13.157219 	EXP 	New trial (rep=0, index=99): <Trial 99 (99 in rep 0) data={'block': 2, 'trial_in_block': 50, 'concept': 'ball', 'concept_num': 1, 'concept_num_word': 1, 'exemplar_num': 16, 'image_shown': 'ball\\ball_16.jpg', 'word_shown_english': 'ball', 'word_shown_german': 'Ball', 'word_shown_french': 'Ballon', 'is_prompt': 1, 'is_mismatch': 0, 'ITI_length': 1.14, 'correct_response': None, 'nonmatch_pres_side': None, 'thisN': 99, 'thisTrialN': 99, 'thisRepN': 0}>
2026-07-31_15:44:13.346730 	EXP 	fix_cross_2: autoDraw = False
2026-07-31_15:44:13.346730 	EXP 	fix_cross_2: autoDraw = False
2026-07-31_15:44:13.346730 	EXP 	breaks_instruction: text = 'Pause, die Aufgabe geht gleich weiter.\nEs sind noch 8 Blöcke übrig.'
2026-07-31_15:44:13.346730 	EXP 	instruction_continuebreak: text = 'Die Pause ist vorbei.\nBitte drücken Sie eine beliebige Taste,\nsobald sie bereit sind, weiterzumachen.'
2026-07-31_15:44:13.346730 	EXP 	breaks_instruction: autoDraw = False
2026-07-31_15:44:13.346730 	EXP 	progress_bar_breaks: autoDraw = False
2026-07-31_15:44:13.346730 	EXP 	instruction_continuebreak: autoDraw = False
2026-07-31_15:44:13.346730 	EXP 	image: image = 'stimuli\\ball\\ball_16.jpg'
2026-07-31_15:44:13.346730 	EXP 	image: autoDraw = True
2026-07-31_15:44:14.095701 	EXP 	spoken_word: sampleRate = 24000
2026-07-31_15:44:14.097517 	INFO 	Resampled audio from 24000Hz to 48000Hz using method 'default'.
2026-07-31_15:44:14.097546 	DEBUG 	Converted audio clip from mono to stereo
2026-07-31_15:44:14.099386 	EXP 	spoken_word: sampleRate = 24000
2026-07-31_15:44:14.101030 	INFO 	Resampled audio from 24000Hz to 48000Hz using method 'default'.
2026-07-31_15:44:14.101064 	DEBUG 	Converted audio clip from mono to stereo
2026-07-31_15:44:14.101533 	EXP 	Sound spoken_word reached end of file
449.2326 	EXP 	Playing sound spoken_word on speaker Lautsprecher (Realtek(R) Audio)
2026-07-31_15:44:14.119810 	INFO 	Keyboard events cleared
2026-07-31_15:44:14.119625 	EXP 	image: autoDraw = False
2026-07-31_15:44:14.119625 	EXP 	image: autoDraw = False
2026-07-31_15:44:14.119625 	EXP 	fix_cross: foreColor = <psychopy.colors.Color: white, alpha=1.0>
2026-07-31_15:44:14.119625 	EXP 	fix_cross: autoDraw = True
2026-07-31_15:44:14.374447 	EXP 	Device response: <KeyPress from None: t=449.4831806000002, value=backspace, duration=None>
2026-07-31_15:44:14.422772 	EXP 	Device response: <KeyPress from None: t=449.4831806000002, value=backspace, duration=0.05972009999823058>
2026-07-31_15:44:14.506474 	EXP 	Device response: <KeyPress from None: t=449.6212263999987, value=backspace, duration=None>
2026-07-31_15:44:14.573427 	EXP 	Device response: <KeyPress from None: t=449.6212263999987, value=backspace, duration=0.06329910000204109>
2026-07-31_15:44:14.624128 	EXP 	Device response: <KeyPress from None: t=449.74145950000093, value=backspace, duration=None>
2026-07-31_15:44:14.723854 	EXP 	Device response: <KeyPress from None: t=449.74145950000093, value=backspace, duration=0.09307260000059614>
2026-07-31_15:44:14.864754 	EXP 	Sound spoken_word reached end of file
2026-07-31_15:44:14.889059 	EXP 	Sound spoken_word reached end of file
2026-07-31_15:44:15.619496 	EXP 	fix_cross: autoDraw = False
2026-07-31_15:44:15.619496 	EXP 	fix_cross: foreColor = <psychopy.colors.Color: green, alpha=1.0>
2026-07-31_15:44:15.619496 	EXP 	fix_cross: autoDraw = True
2026-07-31_15:44:15.636306 	EXP 	fix_cross: autoDraw = False
2026-07-31_15:44:15.636306 	EXP 	fix_cross: autoDraw = True
2026-07-31_15:44:15.652940 	EXP 	fix_cross: autoDraw = False
2026-07-31_15:44:15.652940 	EXP 	fix_cross: autoDraw = True
2026-07-31_15:44:15.670353 	EXP 	fix_cross: autoDraw = False
2026-07-31_15:44:15.670353 	EXP 	fix_cross: autoDraw = True
2026-07-31_15:44:15.686517 	EXP 	fix_cross: autoDraw = False
2026-07-31_15:44:15.686517 	EXP 	fix_cross: autoDraw = True
2026-07-31_15:44:15.703342 	EXP 	fix_cross: autoDraw = False
2026-07-31_15:44:15.703342 	EXP 	fix_cross: autoDraw = True
2026-07-31_15:44:15.720241 	EXP 	fix_cross: autoDraw = False
2026-07-31_15:44:15.720241 	EXP 	fix_cross: autoDraw = True
2026-07-31_15:44:15.740530 	EXP 	fix_cross: autoDraw = False
2026-07-31_15:44:15.740530 	EXP 	fix_cross: autoDraw = True
2026-07-31_15:44:15.753443 	EXP 	fix_cross: autoDraw = False
2026-07-31_15:44:15.753443 	EXP 	fix_cross: autoDraw = True
2026-07-31_15:44:15.770150 	EXP 	fix_cross: autoDraw = False
2026-07-31_15:44:15.770150 	EXP 	fix_cross: autoDraw = True
2026-07-31_15:44:15.787149 	EXP 	fix_cross: autoDraw = False
2026-07-31_15:44:15.787149 	EXP 	fix_cross: autoDraw = True
2026-07-31_15:44:15.809085 	EXP 	fix_cross: autoDraw = False
2026-07-31_15:44:15.809085 	EXP 	fix_cross: autoDraw = True
2026-07-31_15:44:15.825892 	EXP 	fix_cross: autoDraw = False
2026-07-31_15:44:15.825892 	EXP 	fix_cross: autoDraw = True
2026-07-31_15:44:15.825892 	EXP 	fix_cross: autoDraw = False
2026-07-31_15:44:15.825892 	EXP 	fix_cross_2: autoDraw = True
2026-07-31_15:44:16.979290 	EXP 	fix_cross_2: autoDraw = False
2026-07-31_15:44:16.979290 	EXP 	fix_cross_2: autoDraw = False
2026-07-31_15:44:16.979290 	EXP 	breaks_instruction: text = 'Pause, die Aufgabe geht gleich weiter.\nEs sind noch 8 Blöcke übrig.'
2026-07-31_15:44:16.979290 	EXP 	instruction_continuebreak: text = 'Die Pause ist vorbei.\nBitte drücken Sie eine beliebige Taste,\nsobald sie bereit sind, weiterzumachen.'
2026-07-31_15:44:16.979290 	EXP 	breaks_instruction: autoDraw = True
2026-07-31_15:44:16.979290 	EXP 	progress_bar_breaks: progress = 0.06666666666666665
2026-07-31_15:44:16.979290 	EXP 	progress_bar_breaks: autoDraw = True
2026-07-31_15:44:17.003754 	EXP 	progress_bar_breaks: progress = 0.06666666666666665
2026-07-31_15:44:17.019928 	EXP 	progress_bar_breaks: progress = 0.06666666666666665
2026-07-31_15:44:17.040576 	EXP 	progress_bar_breaks: progress = 0.06666666666666665
2026-07-31_15:44:17.052464 	EXP 	progress_bar_breaks: progress = 0.06666666666666665
2026-07-31_15:44:17.077511 	EXP 	progress_bar_breaks: progress = 0.06666666666666665
2026-07-31_15:44:17.110503 	EXP 	progress_bar_breaks: progress = 0.06666666666666665
2026-07-31_15:44:17.124647 	EXP 	progress_bar_breaks: progress = 0.06666666666666665
2026-07-31_15:44:17.140350 	EXP 	progress_bar_breaks: progress = 0.06666666666666665
2026-07-31_15:44:17.152899 	EXP 	progress_bar_breaks: progress = 0.06666666666666665
2026-07-31_15:44:17.169699 	EXP 	progress_bar_breaks: progress = 0.06666666666666665
2026-07-31_15:44:17.187058 	EXP 	progress_bar_breaks: progress = 0.06666666666666665
2026-07-31_15:44:17.203098 	EXP 	progress_bar_breaks: progress = 0.06666666666666665
2026-07-31_15:44:17.219895 	EXP 	progress_bar_breaks: progress = 0.06666666666666665
2026-07-31_15:44:17.236588 	EXP 	progress_bar_breaks: progress = 0.06666666666666665
2026-07-31_15:44:17.257472 	EXP 	progress_bar_breaks: progress = 0.06666666666666665
2026-07-31_15:44:17.272808 	EXP 	progress_bar_breaks: progress = 0.06666666666666665
2026-07-31_15:44:17.291901 	EXP 	progress_bar_breaks: progress = 0.06666666666666665
2026-07-31_15:44:17.302665 	EXP 	progress_bar_breaks: progress = 0.06666666666666665
2026-07-31_15:44:17.319970 	EXP 	progress_bar_breaks: progress = 0.06666666666666665
2026-07-31_15:44:17.336013 	EXP 	progress_bar_breaks: progress = 0.06666666666666665
2026-07-31_15:44:17.358805 	EXP 	progress_bar_breaks: progress = 0.06666666666666665
2026-07-31_15:44:17.369691 	EXP 	progress_bar_breaks: progress = 0.06666666666666665
2026-07-31_15:44:17.386583 	EXP 	progress_bar_breaks: progress = 0.06666666666666665
2026-07-31_15:44:17.410476 	EXP 	progress_bar_breaks: progress = 0.06666666666666665
2026-07-31_15:44:17.425558 	EXP 	progress_bar_breaks: progress = 0.06666666666666665
2026-07-31_15:44:17.444238 	EXP 	progress_bar_breaks: progress = 0.06666666666666665
2026-07-31_15:44:17.471672 	EXP 	progress_bar_breaks: progress = 0.06666666666666665
2026-07-31_15:44:17.492833 	EXP 	progress_bar_breaks: progress = 0.06666666666666665
2026-07-31_15:44:17.508919 	EXP 	progress_bar_breaks: progress = 0.06666666666666665
2026-07-31_15:44:17.525484 	EXP 	progress_bar_breaks: progress = 0.06666666666666665
2026-07-31_15:44:17.541821 	EXP 	progress_bar_breaks: progress = 0.06666666666666665
2026-07-31_15:44:17.552583 	EXP 	progress_bar_breaks: progress = 0.06666666666666665
2026-07-31_15:44:17.576828 	EXP 	progress_bar_breaks: progress = 0.06666666666666665
2026-07-31_15:44:17.602549 	EXP 	progress_bar_breaks: progress = 0.06666666666666665
2026-07-31_15:44:17.619342 	EXP 	progress_bar_breaks: progress = 0.06666666666666665
2026-07-31_15:44:17.636263 	EXP 	progress_bar_breaks: progress = 0.06666666666666665
2026-07-31_15:44:17.662290 	EXP 	progress_bar_breaks: progress = 0.06666666666666665
2026-07-31_15:44:17.686143 	EXP 	progress_bar_breaks: progress = 0.06666666666666665
2026-07-31_15:44:17.708838 	EXP 	progress_bar_breaks: progress = 0.06666666666666665
2026-07-31_15:44:17.718953 	EXP 	progress_bar_breaks: progress = 0.06666666666666665
2026-07-31_15:44:17.735775 	EXP 	progress_bar_breaks: progress = 0.06666666666666665
2026-07-31_15:44:17.752983 	EXP 	progress_bar_breaks: progress = 0.06666666666666665
2026-07-31_15:44:17.769481 	EXP 	progress_bar_breaks: progress = 0.06666666666666665
2026-07-31_15:44:17.787266 	EXP 	progress_bar_breaks: progress = 0.06666666666666665
2026-07-31_15:44:17.809909 	EXP 	progress_bar_breaks: progress = 0.06666666666666665
2026-07-31_15:44:17.819674 	EXP 	progress_bar_breaks: progress = 0.06666666666666665
2026-07-31_15:44:17.836119 	EXP 	progress_bar_breaks: progress = 0.06666666666666665
2026-07-31_15:44:17.858004 	EXP 	progress_bar_breaks: progress = 0.06666666666666665
2026-07-31_15:44:17.869781 	EXP 	progress_bar_breaks: progress = 0.06666666666666665
2026-07-31_15:44:17.885993 	EXP 	progress_bar_breaks: progress = 0.06666666666666665
2026-07-31_15:44:17.903330 	EXP 	progress_bar_breaks: progress = 0.06666666666666665
2026-07-31_15:44:17.922938 	EXP 	progress_bar_breaks: progress = 0.06666666666666665
2026-07-31_15:44:17.939574 	EXP 	progress_bar_breaks: progress = 0.06666666666666665
2026-07-31_15:44:17.955111 	EXP 	progress_bar_breaks: progress = 0.06666666666666665
2026-07-31_15:44:17.969440 	EXP 	progress_bar_breaks: progress = 0.06666666666666665
2026-07-31_15:44:17.986062 	EXP 	progress_bar_breaks: progress = 0.1333333333333333
2026-07-31_15:44:18.002906 	EXP 	progress_bar_breaks: progress = 0.1333333333333333
2026-07-31_15:44:18.023828 	EXP 	progress_bar_breaks: progress = 0.1333333333333333
2026-07-31_15:44:18.036059 	EXP 	progress_bar_breaks: progress = 0.1333333333333333
2026-07-31_15:44:18.052746 	EXP 	progress_bar_breaks: progress = 0.1333333333333333
2026-07-31_15:44:18.069644 	EXP 	progress_bar_breaks: progress = 0.1333333333333333
2026-07-31_15:44:18.086095 	EXP 	progress_bar_breaks: progress = 0.1333333333333333
2026-07-31_15:44:18.102385 	EXP 	progress_bar_breaks: progress = 0.1333333333333333
2026-07-31_15:44:18.120043 	EXP 	progress_bar_breaks: progress = 0.1333333333333333
2026-07-31_15:44:18.140059 	EXP 	progress_bar_breaks: progress = 0.1333333333333333
2026-07-31_15:44:18.152815 	EXP 	progress_bar_breaks: progress = 0.1333333333333333
2026-07-31_15:44:18.169505 	EXP 	progress_bar_breaks: progress = 0.1333333333333333
2026-07-31_15:44:18.186079 	EXP 	progress_bar_breaks: progress = 0.1333333333333333
2026-07-31_15:44:18.202626 	EXP 	progress_bar_breaks: progress = 0.1333333333333333
2026-07-31_15:44:18.219358 	EXP 	progress_bar_breaks: progress = 0.1333333333333333
2026-07-31_15:44:18.239446 	EXP 	progress_bar_breaks: progress = 0.1333333333333333
2026-07-31_15:44:18.252030 	EXP 	progress_bar_breaks: progress = 0.1333333333333333
2026-07-31_15:44:18.268867 	EXP 	progress_bar_breaks: progress = 0.1333333333333333
2026-07-31_15:44:18.285869 	EXP 	progress_bar_breaks: progress = 0.1333333333333333
2026-07-31_15:44:18.302650 	EXP 	progress_bar_breaks: progress = 0.1333333333333333
2026-07-31_15:44:18.319629 	EXP 	progress_bar_breaks: progress = 0.1333333333333333
2026-07-31_15:44:18.337283 	EXP 	progress_bar_breaks: progress = 0.1333333333333333
2026-07-31_15:44:18.355934 	EXP 	progress_bar_breaks: progress = 0.1333333333333333
2026-07-31_15:44:18.369607 	EXP 	progress_bar_breaks: progress = 0.1333333333333333
2026-07-31_15:44:18.385505 	EXP 	progress_bar_breaks: progress = 0.1333333333333333
2026-07-31_15:44:18.408596 	EXP 	progress_bar_breaks: progress = 0.1333333333333333
2026-07-31_15:44:18.418621 	EXP 	progress_bar_breaks: progress = 0.1333333333333333
2026-07-31_15:44:18.435468 	EXP 	progress_bar_breaks: progress = 0.1333333333333333
2026-07-31_15:44:18.455581 	EXP 	progress_bar_breaks: progress = 0.1333333333333333
2026-07-31_15:44:18.469382 	EXP 	progress_bar_breaks: progress = 0.1333333333333333
2026-07-31_15:44:18.486207 	EXP 	progress_bar_breaks: progress = 0.1333333333333333
2026-07-31_15:44:18.502697 	EXP 	progress_bar_breaks: progress = 0.1333333333333333
2026-07-31_15:44:18.519549 	EXP 	progress_bar_breaks: progress = 0.1333333333333333
2026-07-31_15:44:18.535560 	EXP 	progress_bar_breaks: progress = 0.1333333333333333
2026-07-31_15:44:18.552243 	EXP 	progress_bar_breaks: progress = 0.1333333333333333
2026-07-31_15:44:18.572810 	EXP 	progress_bar_breaks: progress = 0.1333333333333333
2026-07-31_15:44:18.585670 	EXP 	progress_bar_breaks: progress = 0.1333333333333333
2026-07-31_15:44:18.604180 	EXP 	progress_bar_breaks: progress = 0.1333333333333333
2026-07-31_15:44:18.635050 	EXP 	progress_bar_breaks: progress = 0.1333333333333333
2026-07-31_15:44:18.664317 	EXP 	progress_bar_breaks: progress = 0.1333333333333333
2026-07-31_15:44:18.688630 	EXP 	progress_bar_breaks: progress = 0.1333333333333333
2026-07-31_15:44:18.702256 	EXP 	progress_bar_breaks: progress = 0.1333333333333333
2026-07-31_15:44:18.719589 	EXP 	progress_bar_breaks: progress = 0.1333333333333333
2026-07-31_15:44:18.735822 	EXP 	progress_bar_breaks: progress = 0.1333333333333333
2026-07-31_15:44:18.752774 	EXP 	progress_bar_breaks: progress = 0.1333333333333333
2026-07-31_15:44:18.769425 	EXP 	progress_bar_breaks: progress = 0.1333333333333333
2026-07-31_15:44:18.789783 	EXP 	progress_bar_breaks: progress = 0.1333333333333333
2026-07-31_15:44:18.802233 	EXP 	progress_bar_breaks: progress = 0.1333333333333333
2026-07-31_15:44:18.819671 	EXP 	progress_bar_breaks: progress = 0.1333333333333333
2026-07-31_15:44:18.835930 	EXP 	progress_bar_breaks: progress = 0.1333333333333333
2026-07-31_15:44:18.852635 	EXP 	progress_bar_breaks: progress = 0.1333333333333333
2026-07-31_15:44:18.869260 	EXP 	progress_bar_breaks: progress = 0.1333333333333333
2026-07-31_15:44:18.885322 	EXP 	progress_bar_breaks: progress = 0.1333333333333333
2026-07-31_15:44:18.906571 	EXP 	progress_bar_breaks: progress = 0.1333333333333333
2026-07-31_15:44:18.922174 	EXP 	progress_bar_breaks: progress = 0.1333333333333333
2026-07-31_15:44:18.939346 	EXP 	progress_bar_breaks: progress = 0.1333333333333333
2026-07-31_15:44:18.957572 	EXP 	progress_bar_breaks: progress = 0.1333333333333333
2026-07-31_15:44:18.969055 	EXP 	progress_bar_breaks: progress = 0.19999999999999996
2026-07-31_15:44:18.985636 	EXP 	progress_bar_breaks: progress = 0.19999999999999996
2026-07-31_15:44:19.005900 	EXP 	progress_bar_breaks: progress = 0.19999999999999996
2026-07-31_15:44:19.018878 	EXP 	progress_bar_breaks: progress = 0.19999999999999996
2026-07-31_15:44:19.035045 	EXP 	progress_bar_breaks: progress = 0.19999999999999996
2026-07-31_15:44:19.052628 	EXP 	progress_bar_breaks: progress = 0.19999999999999996
2026-07-31_15:44:19.069255 	EXP 	progress_bar_breaks: progress = 0.19999999999999996
2026-07-31_15:44:19.085530 	EXP 	progress_bar_breaks: progress = 0.19999999999999996
2026-07-31_15:44:19.101521 	EXP 	progress_bar_breaks: progress = 0.19999999999999996
2026-07-31_15:44:19.121839 	EXP 	progress_bar_breaks: progress = 0.19999999999999996
2026-07-31_15:44:19.135427 	EXP 	progress_bar_breaks: progress = 0.19999999999999996
2026-07-31_15:44:19.152189 	EXP 	progress_bar_breaks: progress = 0.19999999999999996
2026-07-31_15:44:19.168847 	EXP 	progress_bar_breaks: progress = 0.19999999999999996
2026-07-31_15:44:19.185754 	EXP 	progress_bar_breaks: progress = 0.19999999999999996
2026-07-31_15:44:19.202284 	EXP 	progress_bar_breaks: progress = 0.19999999999999996
2026-07-31_15:44:19.222879 	EXP 	progress_bar_breaks: progress = 0.19999999999999996
2026-07-31_15:44:19.234169 	EXP 	progress_bar_breaks: progress = 0.19999999999999996
2026-07-31_15:44:19.251931 	EXP 	progress_bar_breaks: progress = 0.19999999999999996
2026-07-31_15:44:19.273098 	EXP 	progress_bar_breaks: progress = 0.19999999999999996
2026-07-31_15:44:19.290873 	EXP 	progress_bar_breaks: progress = 0.19999999999999996
2026-07-31_15:44:19.302251 	EXP 	progress_bar_breaks: progress = 0.19999999999999996
2026-07-31_15:44:19.326379 	EXP 	progress_bar_breaks: progress = 0.19999999999999996
2026-07-31_15:44:19.341089 	EXP 	progress_bar_breaks: progress = 0.19999999999999996
2026-07-31_15:44:19.351570 	EXP 	progress_bar_breaks: progress = 0.19999999999999996
2026-07-31_15:44:19.373898 	EXP 	progress_bar_breaks: progress = 0.19999999999999996
2026-07-31_15:44:19.385230 	EXP 	progress_bar_breaks: progress = 0.19999999999999996
2026-07-31_15:44:19.402398 	EXP 	progress_bar_breaks: progress = 0.19999999999999996
2026-07-31_15:44:19.418533 	EXP 	progress_bar_breaks: progress = 0.19999999999999996
2026-07-31_15:44:19.439214 	EXP 	progress_bar_breaks: progress = 0.19999999999999996
2026-07-31_15:44:19.451935 	EXP 	progress_bar_breaks: progress = 0.19999999999999996
2026-07-31_15:44:19.468323 	EXP 	progress_bar_breaks: progress = 0.19999999999999996
2026-07-31_15:44:19.485255 	EXP 	progress_bar_breaks: progress = 0.19999999999999996
2026-07-31_15:44:19.502104 	EXP 	progress_bar_breaks: progress = 0.19999999999999996
2026-07-31_15:44:19.519212 	EXP 	progress_bar_breaks: progress = 0.19999999999999996
2026-07-31_15:44:19.535725 	EXP 	progress_bar_breaks: progress = 0.19999999999999996
2026-07-31_15:44:19.556997 	EXP 	progress_bar_breaks: progress = 0.19999999999999996
2026-07-31_15:44:19.568429 	EXP 	progress_bar_breaks: progress = 0.19999999999999996
2026-07-31_15:44:19.585092 	EXP 	progress_bar_breaks: progress = 0.19999999999999996
2026-07-31_15:44:19.601635 	EXP 	progress_bar_breaks: progress = 0.19999999999999996
2026-07-31_15:44:19.618443 	EXP 	progress_bar_breaks: progress = 0.19999999999999996
2026-07-31_15:44:19.641167 	EXP 	progress_bar_breaks: progress = 0.19999999999999996
2026-07-31_15:44:19.655913 	EXP 	progress_bar_breaks: progress = 0.19999999999999996
2026-07-31_15:44:19.671942 	EXP 	progress_bar_breaks: progress = 0.19999999999999996
2026-07-31_15:44:19.685237 	EXP 	progress_bar_breaks: progress = 0.19999999999999996
2026-07-31_15:44:19.702359 	EXP 	progress_bar_breaks: progress = 0.19999999999999996
2026-07-31_15:44:19.718920 	EXP 	progress_bar_breaks: progress = 0.19999999999999996
2026-07-31_15:44:19.735480 	EXP 	progress_bar_breaks: progress = 0.19999999999999996
2026-07-31_15:44:19.752785 	EXP 	progress_bar_breaks: progress = 0.19999999999999996
2026-07-31_15:44:19.772360 	EXP 	progress_bar_breaks: progress = 0.19999999999999996
2026-07-31_15:44:19.785423 	EXP 	progress_bar_breaks: progress = 0.19999999999999996
2026-07-31_15:44:19.802261 	EXP 	progress_bar_breaks: progress = 0.19999999999999996
2026-07-31_15:44:19.818985 	EXP 	progress_bar_breaks: progress = 0.19999999999999996
2026-07-31_15:44:19.840846 	EXP 	progress_bar_breaks: progress = 0.19999999999999996
2026-07-31_15:44:19.851912 	EXP 	progress_bar_breaks: progress = 0.19999999999999996
2026-07-31_15:44:19.871816 	EXP 	progress_bar_breaks: progress = 0.19999999999999996
2026-07-31_15:44:19.885180 	EXP 	progress_bar_breaks: progress = 0.19999999999999996
2026-07-31_15:44:19.902506 	EXP 	progress_bar_breaks: progress = 0.19999999999999996
2026-07-31_15:44:19.918612 	EXP 	progress_bar_breaks: progress = 0.19999999999999996
2026-07-31_15:44:19.935657 	EXP 	progress_bar_breaks: progress = 0.19999999999999996
2026-07-31_15:44:19.952020 	EXP 	progress_bar_breaks: progress = 0.19999999999999996
2026-07-31_15:44:19.969162 	EXP 	progress_bar_breaks: progress = 0.19999999999999996
2026-07-31_15:44:19.989105 	EXP 	progress_bar_breaks: progress = 0.2666666666666667
2026-07-31_15:44:20.002264 	EXP 	progress_bar_breaks: progress = 0.2666666666666667
2026-07-31_15:44:20.019071 	EXP 	progress_bar_breaks: progress = 0.2666666666666667
2026-07-31_15:44:20.035027 	EXP 	progress_bar_breaks: progress = 0.2666666666666667
2026-07-31_15:44:20.052251 	EXP 	progress_bar_breaks: progress = 0.2666666666666667
2026-07-31_15:44:20.069251 	EXP 	progress_bar_breaks: progress = 0.2666666666666667
2026-07-31_15:44:20.085359 	EXP 	progress_bar_breaks: progress = 0.2666666666666667
2026-07-31_15:44:20.105896 	EXP 	progress_bar_breaks: progress = 0.2666666666666667
2026-07-31_15:44:20.118379 	EXP 	progress_bar_breaks: progress = 0.2666666666666667
2026-07-31_15:44:20.135181 	EXP 	progress_bar_breaks: progress = 0.2666666666666667
2026-07-31_15:44:20.151646 	EXP 	progress_bar_breaks: progress = 0.2666666666666667
2026-07-31_15:44:20.168435 	EXP 	progress_bar_breaks: progress = 0.2666666666666667
2026-07-31_15:44:20.185360 	EXP 	progress_bar_breaks: progress = 0.2666666666666667
2026-07-31_15:44:20.205180 	EXP 	progress_bar_breaks: progress = 0.2666666666666667
2026-07-31_15:44:20.218974 	EXP 	progress_bar_breaks: progress = 0.2666666666666667
2026-07-31_15:44:20.235536 	EXP 	progress_bar_breaks: progress = 0.2666666666666667
2026-07-31_15:44:20.252074 	EXP 	progress_bar_breaks: progress = 0.2666666666666667
2026-07-31_15:44:20.269126 	EXP 	progress_bar_breaks: progress = 0.2666666666666667
2026-07-31_15:44:20.286547 	EXP 	progress_bar_breaks: progress = 0.2666666666666667
2026-07-31_15:44:20.303427 	EXP 	progress_bar_breaks: progress = 0.2666666666666667
2026-07-31_15:44:20.325115 	EXP 	progress_bar_breaks: progress = 0.2666666666666667
2026-07-31_15:44:20.337175 	EXP 	progress_bar_breaks: progress = 0.2666666666666667
2026-07-31_15:44:20.351963 	EXP 	progress_bar_breaks: progress = 0.2666666666666667
2026-07-31_15:44:20.368946 	EXP 	progress_bar_breaks: progress = 0.2666666666666667
2026-07-31_15:44:20.385194 	EXP 	progress_bar_breaks: progress = 0.2666666666666667
2026-07-31_15:44:20.409548 	EXP 	progress_bar_breaks: progress = 0.2666666666666667
2026-07-31_15:44:20.438297 	EXP 	progress_bar_breaks: progress = 0.2666666666666667
2026-07-31_15:44:20.451355 	EXP 	progress_bar_breaks: progress = 0.2666666666666667
2026-07-31_15:44:20.469127 	EXP 	progress_bar_breaks: progress = 0.2666666666666667
2026-07-31_15:44:20.486059 	EXP 	progress_bar_breaks: progress = 0.2666666666666667
2026-07-31_15:44:20.502551 	EXP 	progress_bar_breaks: progress = 0.2666666666666667
2026-07-31_15:44:20.518180 	EXP 	progress_bar_breaks: progress = 0.2666666666666667
2026-07-31_15:44:20.539478 	EXP 	progress_bar_breaks: progress = 0.2666666666666667
2026-07-31_15:44:20.551601 	EXP 	progress_bar_breaks: progress = 0.2666666666666667
2026-07-31_15:44:20.569022 	EXP 	progress_bar_breaks: progress = 0.2666666666666667
2026-07-31_15:44:20.585569 	EXP 	progress_bar_breaks: progress = 0.2666666666666667
2026-07-31_15:44:20.602219 	EXP 	progress_bar_breaks: progress = 0.2666666666666667
2026-07-31_15:44:20.618269 	EXP 	progress_bar_breaks: progress = 0.2666666666666667
2026-07-31_15:44:20.639152 	EXP 	progress_bar_breaks: progress = 0.2666666666666667
2026-07-31_15:44:20.651757 	EXP 	progress_bar_breaks: progress = 0.2666666666666667
2026-07-31_15:44:20.669227 	EXP 	progress_bar_breaks: progress = 0.2666666666666667
2026-07-31_15:44:20.685580 	EXP 	progress_bar_breaks: progress = 0.2666666666666667
2026-07-31_15:44:20.701977 	EXP 	progress_bar_breaks: progress = 0.2666666666666667
2026-07-31_15:44:20.719288 	EXP 	progress_bar_breaks: progress = 0.2666666666666667
2026-07-31_15:44:20.736157 	EXP 	progress_bar_breaks: progress = 0.2666666666666667
2026-07-31_15:44:20.757320 	EXP 	progress_bar_breaks: progress = 0.2666666666666667
2026-07-31_15:44:20.770227 	EXP 	progress_bar_breaks: progress = 0.2666666666666667
2026-07-31_15:44:20.785887 	EXP 	progress_bar_breaks: progress = 0.2666666666666667
2026-07-31_15:44:20.801703 	EXP 	progress_bar_breaks: progress = 0.2666666666666667
2026-07-31_15:44:20.819335 	EXP 	progress_bar_breaks: progress = 0.2666666666666667
2026-07-31_15:44:20.836171 	EXP 	progress_bar_breaks: progress = 0.2666666666666667
2026-07-31_15:44:20.856396 	EXP 	progress_bar_breaks: progress = 0.2666666666666667
2026-07-31_15:44:20.869409 	EXP 	progress_bar_breaks: progress = 0.2666666666666667
2026-07-31_15:44:20.886674 	EXP 	progress_bar_breaks: progress = 0.2666666666666667
2026-07-31_15:44:20.902416 	EXP 	progress_bar_breaks: progress = 0.2666666666666667
2026-07-31_15:44:20.918049 	EXP 	progress_bar_breaks: progress = 0.2666666666666667
2026-07-31_15:44:20.935491 	EXP 	progress_bar_breaks: progress = 0.2666666666666667
2026-07-31_15:44:20.952143 	EXP 	progress_bar_breaks: progress = 0.2666666666666667
2026-07-31_15:44:20.973084 	EXP 	progress_bar_breaks: progress = 0.2666666666666667
2026-07-31_15:44:20.985359 	EXP 	progress_bar_breaks: progress = 0.33333333333333337
2026-07-31_15:44:21.002612 	EXP 	progress_bar_breaks: progress = 0.33333333333333337
2026-07-31_15:44:21.017867 	EXP 	progress_bar_breaks: progress = 0.33333333333333337
2026-07-31_15:44:21.035906 	EXP 	progress_bar_breaks: progress = 0.33333333333333337
2026-07-31_15:44:21.052491 	EXP 	progress_bar_breaks: progress = 0.33333333333333337
2026-07-31_15:44:21.069250 	EXP 	progress_bar_breaks: progress = 0.33333333333333337
2026-07-31_15:44:21.089574 	EXP 	progress_bar_breaks: progress = 0.33333333333333337
2026-07-31_15:44:21.101631 	EXP 	progress_bar_breaks: progress = 0.33333333333333337
2026-07-31_15:44:21.119298 	EXP 	progress_bar_breaks: progress = 0.33333333333333337
2026-07-31_15:44:21.135938 	EXP 	progress_bar_breaks: progress = 0.33333333333333337
2026-07-31_15:44:21.152027 	EXP 	progress_bar_breaks: progress = 0.33333333333333337
2026-07-31_15:44:21.169233 	EXP 	progress_bar_breaks: progress = 0.33333333333333337
2026-07-31_15:44:21.190166 	EXP 	progress_bar_breaks: progress = 0.33333333333333337
2026-07-31_15:44:21.203949 	EXP 	progress_bar_breaks: progress = 0.33333333333333337
2026-07-31_15:44:21.225112 	EXP 	progress_bar_breaks: progress = 0.33333333333333337
2026-07-31_15:44:21.238776 	EXP 	progress_bar_breaks: progress = 0.33333333333333337
2026-07-31_15:44:21.251451 	EXP 	progress_bar_breaks: progress = 0.33333333333333337
2026-07-31_15:44:21.268954 	EXP 	progress_bar_breaks: progress = 0.33333333333333337
2026-07-31_15:44:21.286059 	EXP 	progress_bar_breaks: progress = 0.33333333333333337
2026-07-31_15:44:21.305714 	EXP 	progress_bar_breaks: progress = 0.33333333333333337
2026-07-31_15:44:21.318486 	EXP 	progress_bar_breaks: progress = 0.33333333333333337
2026-07-31_15:44:21.335002 	EXP 	progress_bar_breaks: progress = 0.33333333333333337
2026-07-31_15:44:21.352312 	EXP 	progress_bar_breaks: progress = 0.33333333333333337
2026-07-31_15:44:21.368347 	EXP 	progress_bar_breaks: progress = 0.33333333333333337
2026-07-31_15:44:21.384660 	EXP 	progress_bar_breaks: progress = 0.33333333333333337
2026-07-31_15:44:21.405870 	EXP 	progress_bar_breaks: progress = 0.33333333333333337
2026-07-31_15:44:21.418767 	EXP 	progress_bar_breaks: progress = 0.33333333333333337
2026-07-31_15:44:21.434395 	EXP 	progress_bar_breaks: progress = 0.33333333333333337
2026-07-31_15:44:21.452623 	EXP 	progress_bar_breaks: progress = 0.33333333333333337
2026-07-31_15:44:21.468658 	EXP 	progress_bar_breaks: progress = 0.33333333333333337
2026-07-31_15:44:21.485249 	EXP 	progress_bar_breaks: progress = 0.33333333333333337
2026-07-31_15:44:21.502367 	EXP 	progress_bar_breaks: progress = 0.33333333333333337
2026-07-31_15:44:21.521538 	EXP 	progress_bar_breaks: progress = 0.33333333333333337
2026-07-31_15:44:21.535068 	EXP 	progress_bar_breaks: progress = 0.33333333333333337
2026-07-31_15:44:21.551278 	EXP 	progress_bar_breaks: progress = 0.33333333333333337
2026-07-31_15:44:21.568409 	EXP 	progress_bar_breaks: progress = 0.33333333333333337
2026-07-31_15:44:21.585239 	EXP 	progress_bar_breaks: progress = 0.33333333333333337
2026-07-31_15:44:21.601149 	EXP 	progress_bar_breaks: progress = 0.33333333333333337
2026-07-31_15:44:21.622243 	EXP 	progress_bar_breaks: progress = 0.33333333333333337
2026-07-31_15:44:21.635150 	EXP 	progress_bar_breaks: progress = 0.33333333333333337
2026-07-31_15:44:21.650987 	EXP 	progress_bar_breaks: progress = 0.33333333333333337
2026-07-31_15:44:21.668284 	EXP 	progress_bar_breaks: progress = 0.33333333333333337
2026-07-31_15:44:21.685345 	EXP 	progress_bar_breaks: progress = 0.33333333333333337
2026-07-31_15:44:21.701270 	EXP 	progress_bar_breaks: progress = 0.33333333333333337
2026-07-31_15:44:21.718955 	EXP 	progress_bar_breaks: progress = 0.33333333333333337
2026-07-31_15:44:21.738966 	EXP 	progress_bar_breaks: progress = 0.33333333333333337
2026-07-31_15:44:21.752120 	EXP 	progress_bar_breaks: progress = 0.33333333333333337
2026-07-31_15:44:21.767633 	EXP 	progress_bar_breaks: progress = 0.33333333333333337
2026-07-31_15:44:21.784220 	EXP 	progress_bar_breaks: progress = 0.33333333333333337
2026-07-31_15:44:21.801737 	EXP 	progress_bar_breaks: progress = 0.33333333333333337
2026-07-31_15:44:21.818595 	EXP 	progress_bar_breaks: progress = 0.33333333333333337
2026-07-31_15:44:21.838672 	EXP 	progress_bar_breaks: progress = 0.33333333333333337
2026-07-31_15:44:21.851646 	EXP 	progress_bar_breaks: progress = 0.33333333333333337
2026-07-31_15:44:21.868704 	EXP 	progress_bar_breaks: progress = 0.33333333333333337
2026-07-31_15:44:21.884291 	EXP 	progress_bar_breaks: progress = 0.33333333333333337
2026-07-31_15:44:21.901781 	EXP 	progress_bar_breaks: progress = 0.33333333333333337
2026-07-31_15:44:21.918484 	EXP 	progress_bar_breaks: progress = 0.33333333333333337
2026-07-31_15:44:21.936338 	EXP 	progress_bar_breaks: progress = 0.33333333333333337
2026-07-31_15:44:21.959789 	EXP 	progress_bar_breaks: progress = 0.33333333333333337
2026-07-31_15:44:21.986177 	EXP 	progress_bar_breaks: progress = 0.4
2026-07-31_15:44:22.008465 	EXP 	progress_bar_breaks: progress = 0.4
2026-07-31_15:44:22.037950 	EXP 	progress_bar_breaks: progress = 0.4
2026-07-31_15:44:22.053811 	EXP 	progress_bar_breaks: progress = 0.4
2026-07-31_15:44:22.074985 	EXP 	progress_bar_breaks: progress = 0.4
2026-07-31_15:44:22.105319 	EXP 	progress_bar_breaks: progress = 0.4
2026-07-31_15:44:22.118296 	EXP 	progress_bar_breaks: progress = 0.4
2026-07-31_15:44:22.140746 	EXP 	progress_bar_breaks: progress = 0.4
2026-07-31_15:44:22.151072 	EXP 	progress_bar_breaks: progress = 0.4
2026-07-31_15:44:22.173373 	EXP 	progress_bar_breaks: progress = 0.4
2026-07-31_15:44:22.184662 	EXP 	progress_bar_breaks: progress = 0.4
2026-07-31_15:44:22.201281 	EXP 	progress_bar_breaks: progress = 0.4
2026-07-31_15:44:22.218483 	EXP 	progress_bar_breaks: progress = 0.4
2026-07-31_15:44:22.235028 	EXP 	progress_bar_breaks: progress = 0.4
2026-07-31_15:44:22.252423 	EXP 	progress_bar_breaks: progress = 0.4
2026-07-31_15:44:22.267384 	EXP 	progress_bar_breaks: progress = 0.4
2026-07-31_15:44:22.290292 	EXP 	progress_bar_breaks: progress = 0.4
2026-07-31_15:44:22.302631 	EXP 	progress_bar_breaks: progress = 0.4
2026-07-31_15:44:22.318718 	EXP 	progress_bar_breaks: progress = 0.4
2026-07-31_15:44:22.335282 	EXP 	progress_bar_breaks: progress = 0.4
2026-07-31_15:44:22.352671 	EXP 	progress_bar_breaks: progress = 0.4
2026-07-31_15:44:22.375911 	EXP 	progress_bar_breaks: progress = 0.4
2026-07-31_15:44:22.406366 	EXP 	progress_bar_breaks: progress = 0.4
2026-07-31_15:44:22.430132 	EXP 	progress_bar_breaks: progress = 0.4
2026-07-31_15:44:22.453002 	EXP 	progress_bar_breaks: progress = 0.4
2026-07-31_15:44:22.468817 	EXP 	progress_bar_breaks: progress = 0.4
2026-07-31_15:44:22.491752 	EXP 	progress_bar_breaks: progress = 0.4
2026-07-31_15:44:22.505242 	EXP 	progress_bar_breaks: progress = 0.4
2026-07-31_15:44:22.518310 	EXP 	progress_bar_breaks: progress = 0.4
2026-07-31_15:44:22.534889 	EXP 	progress_bar_breaks: progress = 0.4
2026-07-31_15:44:22.551014 	EXP 	progress_bar_breaks: progress = 0.4
2026-07-31_15:44:22.567841 	EXP 	progress_bar_breaks: progress = 0.4
2026-07-31_15:44:22.585654 	EXP 	progress_bar_breaks: progress = 0.4
2026-07-31_15:44:22.601845 	EXP 	progress_bar_breaks: progress = 0.4
2026-07-31_15:44:22.624082 	EXP 	progress_bar_breaks: progress = 0.4
2026-07-31_15:44:22.634281 	EXP 	progress_bar_breaks: progress = 0.4
2026-07-31_15:44:22.651045 	EXP 	progress_bar_breaks: progress = 0.4
2026-07-31_15:44:22.668260 	EXP 	progress_bar_breaks: progress = 0.4
2026-07-31_15:44:22.684740 	EXP 	progress_bar_breaks: progress = 0.4
2026-07-31_15:44:22.700917 	EXP 	progress_bar_breaks: progress = 0.4
2026-07-31_15:44:22.722464 	EXP 	progress_bar_breaks: progress = 0.4
2026-07-31_15:44:22.734674 	EXP 	progress_bar_breaks: progress = 0.4
2026-07-31_15:44:22.751800 	EXP 	progress_bar_breaks: progress = 0.4
2026-07-31_15:44:22.767833 	EXP 	progress_bar_breaks: progress = 0.4
2026-07-31_15:44:22.784780 	EXP 	progress_bar_breaks: progress = 0.4
2026-07-31_15:44:22.800825 	EXP 	progress_bar_breaks: progress = 0.4
2026-07-31_15:44:22.818949 	EXP 	progress_bar_breaks: progress = 0.4
2026-07-31_15:44:22.838637 	EXP 	progress_bar_breaks: progress = 0.4
2026-07-31_15:44:22.851148 	EXP 	progress_bar_breaks: progress = 0.4
2026-07-31_15:44:22.867999 	EXP 	progress_bar_breaks: progress = 0.4
2026-07-31_15:44:22.884648 	EXP 	progress_bar_breaks: progress = 0.4
2026-07-31_15:44:22.901369 	EXP 	progress_bar_breaks: progress = 0.4
2026-07-31_15:44:22.918714 	EXP 	progress_bar_breaks: progress = 0.4
2026-07-31_15:44:22.939631 	EXP 	progress_bar_breaks: progress = 0.4
2026-07-31_15:44:22.951469 	EXP 	progress_bar_breaks: progress = 0.4
2026-07-31_15:44:22.972098 	EXP 	progress_bar_breaks: progress = 0.4
2026-07-31_15:44:22.983807 	EXP 	progress_bar_breaks: progress = 0.4666666666666667
2026-07-31_15:44:23.001269 	EXP 	progress_bar_breaks: progress = 0.4666666666666667
2026-07-31_15:44:23.017428 	EXP 	progress_bar_breaks: progress = 0.4666666666666667
2026-07-31_15:44:23.034900 	EXP 	progress_bar_breaks: progress = 0.4666666666666667
2026-07-31_15:44:23.055585 	EXP 	progress_bar_breaks: progress = 0.4666666666666667
2026-07-31_15:44:23.067576 	EXP 	progress_bar_breaks: progress = 0.4666666666666667
2026-07-31_15:44:23.084804 	EXP 	progress_bar_breaks: progress = 0.4666666666666667
2026-07-31_15:44:23.100760 	EXP 	progress_bar_breaks: progress = 0.4666666666666667
2026-07-31_15:44:23.118100 	EXP 	progress_bar_breaks: progress = 0.4666666666666667
2026-07-31_15:44:23.134811 	EXP 	progress_bar_breaks: progress = 0.4666666666666667
2026-07-31_15:44:23.151306 	EXP 	progress_bar_breaks: progress = 0.4666666666666667
2026-07-31_15:44:23.172428 	EXP 	progress_bar_breaks: progress = 0.4666666666666667
2026-07-31_15:44:23.184163 	EXP 	progress_bar_breaks: progress = 0.4666666666666667
2026-07-31_15:44:23.201734 	EXP 	progress_bar_breaks: progress = 0.4666666666666667
2026-07-31_15:44:23.217553 	EXP 	progress_bar_breaks: progress = 0.4666666666666667
2026-07-31_15:44:23.234153 	EXP 	progress_bar_breaks: progress = 0.4666666666666667
2026-07-31_15:44:23.251311 	EXP 	progress_bar_breaks: progress = 0.4666666666666667
2026-07-31_15:44:23.270736 	EXP 	progress_bar_breaks: progress = 0.4666666666666667
2026-07-31_15:44:23.285903 	EXP 	progress_bar_breaks: progress = 0.4666666666666667
2026-07-31_15:44:23.301238 	EXP 	progress_bar_breaks: progress = 0.4666666666666667
2026-07-31_15:44:23.319396 	EXP 	progress_bar_breaks: progress = 0.4666666666666667
2026-07-31_15:44:23.340928 	EXP 	progress_bar_breaks: progress = 0.4666666666666667
2026-07-31_15:44:23.352610 	EXP 	progress_bar_breaks: progress = 0.4666666666666667
2026-07-31_15:44:23.376279 	EXP 	progress_bar_breaks: progress = 0.4666666666666667
2026-07-31_15:44:23.404579 	EXP 	progress_bar_breaks: progress = 0.4666666666666667
2026-07-31_15:44:23.419505 	EXP 	progress_bar_breaks: progress = 0.4666666666666667
2026-07-31_15:44:23.442565 	EXP 	progress_bar_breaks: progress = 0.4666666666666667
2026-07-31_15:44:23.473013 	EXP 	progress_bar_breaks: progress = 0.4666666666666667
2026-07-31_15:44:23.503764 	EXP 	progress_bar_breaks: progress = 0.4666666666666667
2026-07-31_15:44:23.519680 	EXP 	progress_bar_breaks: progress = 0.4666666666666667
2026-07-31_15:44:23.543826 	EXP 	progress_bar_breaks: progress = 0.4666666666666667
2026-07-31_15:44:23.567785 	EXP 	progress_bar_breaks: progress = 0.4666666666666667
2026-07-31_15:44:23.586058 	EXP 	progress_bar_breaks: progress = 0.4666666666666667
2026-07-31_15:44:23.608937 	EXP 	progress_bar_breaks: progress = 0.4666666666666667
2026-07-31_15:44:23.623090 	EXP 	progress_bar_breaks: progress = 0.4666666666666667
2026-07-31_15:44:23.639451 	EXP 	progress_bar_breaks: progress = 0.4666666666666667
2026-07-31_15:44:23.651490 	EXP 	progress_bar_breaks: progress = 0.4666666666666667
2026-07-31_15:44:23.667616 	EXP 	progress_bar_breaks: progress = 0.4666666666666667
2026-07-31_15:44:23.685248 	EXP 	progress_bar_breaks: progress = 0.4666666666666667
2026-07-31_15:44:23.701619 	EXP 	progress_bar_breaks: progress = 0.4666666666666667
2026-07-31_15:44:23.717347 	EXP 	progress_bar_breaks: progress = 0.4666666666666667
2026-07-31_15:44:23.740641 	EXP 	progress_bar_breaks: progress = 0.4666666666666667
2026-07-31_15:44:23.750506 	EXP 	progress_bar_breaks: progress = 0.4666666666666667
2026-07-31_15:44:23.768560 	EXP 	progress_bar_breaks: progress = 0.4666666666666667
2026-07-31_15:44:23.785467 	EXP 	progress_bar_breaks: progress = 0.4666666666666667
2026-07-31_15:44:23.801734 	EXP 	progress_bar_breaks: progress = 0.4666666666666667
2026-07-31_15:44:23.817188 	EXP 	progress_bar_breaks: progress = 0.4666666666666667
2026-07-31_15:44:23.833956 	EXP 	progress_bar_breaks: progress = 0.4666666666666667
2026-07-31_15:44:23.855844 	EXP 	progress_bar_breaks: progress = 0.4666666666666667
2026-07-31_15:44:23.867768 	EXP 	progress_bar_breaks: progress = 0.4666666666666667
2026-07-31_15:44:23.884405 	EXP 	progress_bar_breaks: progress = 0.4666666666666667
2026-07-31_15:44:23.901037 	EXP 	progress_bar_breaks: progress = 0.4666666666666667
2026-07-31_15:44:23.917920 	EXP 	progress_bar_breaks: progress = 0.4666666666666667
2026-07-31_15:44:23.934062 	EXP 	progress_bar_breaks: progress = 0.4666666666666667
2026-07-31_15:44:23.955158 	EXP 	progress_bar_breaks: progress = 0.4666666666666667
2026-07-31_15:44:23.968478 	EXP 	progress_bar_breaks: progress = 0.4666666666666667
2026-07-31_15:44:23.984876 	EXP 	progress_bar_breaks: progress = 0.5333333333333333
2026-07-31_15:44:24.000496 	EXP 	progress_bar_breaks: progress = 0.5333333333333333
2026-07-31_15:44:24.017528 	EXP 	progress_bar_breaks: progress = 0.5333333333333333
2026-07-31_15:44:24.034730 	EXP 	progress_bar_breaks: progress = 0.5333333333333333
2026-07-31_15:44:24.050828 	EXP 	progress_bar_breaks: progress = 0.5333333333333333
2026-07-31_15:44:24.072217 	EXP 	progress_bar_breaks: progress = 0.5333333333333333
2026-07-31_15:44:24.083866 	EXP 	progress_bar_breaks: progress = 0.5333333333333333
2026-07-31_15:44:24.101229 	EXP 	progress_bar_breaks: progress = 0.5333333333333333
2026-07-31_15:44:24.118121 	EXP 	progress_bar_breaks: progress = 0.5333333333333333
2026-07-31_15:44:24.134102 	EXP 	progress_bar_breaks: progress = 0.5333333333333333
2026-07-31_15:44:24.151232 	EXP 	progress_bar_breaks: progress = 0.5333333333333333
2026-07-31_15:44:24.167326 	EXP 	progress_bar_breaks: progress = 0.5333333333333333
2026-07-31_15:44:24.188549 	EXP 	progress_bar_breaks: progress = 0.5333333333333333
2026-07-31_15:44:24.200806 	EXP 	progress_bar_breaks: progress = 0.5333333333333333
2026-07-31_15:44:24.217818 	EXP 	progress_bar_breaks: progress = 0.5333333333333333
2026-07-31_15:44:24.242804 	EXP 	progress_bar_breaks: progress = 0.5333333333333333
2026-07-31_15:44:24.269137 	EXP 	progress_bar_breaks: progress = 0.5333333333333333
2026-07-31_15:44:24.292222 	EXP 	progress_bar_breaks: progress = 0.5333333333333333
2026-07-31_15:44:24.317967 	EXP 	progress_bar_breaks: progress = 0.5333333333333333
2026-07-31_15:44:24.343367 	EXP 	progress_bar_breaks: progress = 0.5333333333333333
2026-07-31_15:44:24.375310 	EXP 	progress_bar_breaks: progress = 0.5333333333333333
2026-07-31_15:44:24.408216 	EXP 	progress_bar_breaks: progress = 0.5333333333333333
2026-07-31_15:44:24.440184 	EXP 	progress_bar_breaks: progress = 0.5333333333333333
2026-07-31_15:44:24.452132 	EXP 	progress_bar_breaks: progress = 0.5333333333333333
2026-07-31_15:44:24.476222 	EXP 	progress_bar_breaks: progress = 0.5333333333333333
2026-07-31_15:44:24.508841 	EXP 	progress_bar_breaks: progress = 0.5333333333333333
2026-07-31_15:44:24.542555 	EXP 	progress_bar_breaks: progress = 0.5333333333333333
2026-07-31_15:44:24.574108 	EXP 	progress_bar_breaks: progress = 0.5333333333333333
2026-07-31_15:44:24.585353 	EXP 	progress_bar_breaks: progress = 0.5333333333333333
2026-07-31_15:44:24.609484 	EXP 	progress_bar_breaks: progress = 0.5333333333333333
2026-07-31_15:44:24.641199 	EXP 	progress_bar_breaks: progress = 0.5333333333333333
2026-07-31_15:44:24.673302 	EXP 	progress_bar_breaks: progress = 0.5333333333333333
2026-07-31_15:44:24.684075 	EXP 	progress_bar_breaks: progress = 0.5333333333333333
2026-07-31_15:44:24.706428 	EXP 	progress_bar_breaks: progress = 0.5333333333333333
2026-07-31_15:44:24.717471 	EXP 	progress_bar_breaks: progress = 0.5333333333333333
2026-07-31_15:44:24.739363 	EXP 	progress_bar_breaks: progress = 0.5333333333333333
2026-07-31_15:44:24.749826 	EXP 	progress_bar_breaks: progress = 0.5333333333333333
2026-07-31_15:44:24.767431 	EXP 	progress_bar_breaks: progress = 0.5333333333333333
2026-07-31_15:44:24.784269 	EXP 	progress_bar_breaks: progress = 0.5333333333333333
2026-07-31_15:44:24.799972 	EXP 	progress_bar_breaks: progress = 0.5333333333333333
2026-07-31_15:44:24.817620 	EXP 	progress_bar_breaks: progress = 0.5333333333333333
2026-07-31_15:44:24.839748 	EXP 	progress_bar_breaks: progress = 0.5333333333333333
2026-07-31_15:44:24.852447 	EXP 	progress_bar_breaks: progress = 0.5333333333333333
2026-07-31_15:44:24.868621 	EXP 	progress_bar_breaks: progress = 0.5333333333333333
2026-07-31_15:44:24.885489 	EXP 	progress_bar_breaks: progress = 0.5333333333333333
2026-07-31_15:44:24.907664 	EXP 	progress_bar_breaks: progress = 0.5333333333333333
2026-07-31_15:44:24.937925 	EXP 	progress_bar_breaks: progress = 0.5333333333333333
2026-07-31_15:44:24.956700 	EXP 	progress_bar_breaks: progress = 0.5333333333333333
2026-07-31_15:44:24.967815 	EXP 	progress_bar_breaks: progress = 0.6
2026-07-31_15:44:24.983481 	EXP 	progress_bar_breaks: progress = 0.6
2026-07-31_15:44:25.001868 	EXP 	progress_bar_breaks: progress = 0.6
2026-07-31_15:44:25.017730 	EXP 	progress_bar_breaks: progress = 0.6
2026-07-31_15:44:25.034857 	EXP 	progress_bar_breaks: progress = 0.6
2026-07-31_15:44:25.051208 	EXP 	progress_bar_breaks: progress = 0.6
2026-07-31_15:44:25.073768 	EXP 	progress_bar_breaks: progress = 0.6
2026-07-31_15:44:25.084230 	EXP 	progress_bar_breaks: progress = 0.6
2026-07-31_15:44:25.101465 	EXP 	progress_bar_breaks: progress = 0.6
2026-07-31_15:44:25.117586 	EXP 	progress_bar_breaks: progress = 0.6
2026-07-31_15:44:25.134458 	EXP 	progress_bar_breaks: progress = 0.6
2026-07-31_15:44:25.151736 	EXP 	progress_bar_breaks: progress = 0.6
2026-07-31_15:44:25.171561 	EXP 	progress_bar_breaks: progress = 0.6
2026-07-31_15:44:25.183788 	EXP 	progress_bar_breaks: progress = 0.6
2026-07-31_15:44:25.200689 	EXP 	progress_bar_breaks: progress = 0.6
2026-07-31_15:44:25.217872 	EXP 	progress_bar_breaks: progress = 0.6
2026-07-31_15:44:25.234216 	EXP 	progress_bar_breaks: progress = 0.6
2026-07-31_15:44:25.262855 	EXP 	progress_bar_breaks: progress = 0.6
2026-07-31_15:44:25.289567 	EXP 	progress_bar_breaks: progress = 0.6
2026-07-31_15:44:25.300817 	EXP 	progress_bar_breaks: progress = 0.6
2026-07-31_15:44:25.317516 	EXP 	progress_bar_breaks: progress = 0.6
2026-07-31_15:44:25.334179 	EXP 	progress_bar_breaks: progress = 0.6
2026-07-31_15:44:25.350564 	EXP 	progress_bar_breaks: progress = 0.6
2026-07-31_15:44:25.368155 	EXP 	progress_bar_breaks: progress = 0.6
2026-07-31_15:44:25.388619 	EXP 	progress_bar_breaks: progress = 0.6
2026-07-31_15:44:25.400277 	EXP 	progress_bar_breaks: progress = 0.6
2026-07-31_15:44:25.416601 	EXP 	progress_bar_breaks: progress = 0.6
2026-07-31_15:44:25.433645 	EXP 	progress_bar_breaks: progress = 0.6
2026-07-31_15:44:25.450024 	EXP 	progress_bar_breaks: progress = 0.6
2026-07-31_15:44:25.467324 	EXP 	progress_bar_breaks: progress = 0.6
2026-07-31_15:44:25.483082 	EXP 	progress_bar_breaks: progress = 0.6
2026-07-31_15:44:25.504926 	EXP 	progress_bar_breaks: progress = 0.6
2026-07-31_15:44:25.517121 	EXP 	progress_bar_breaks: progress = 0.6
2026-07-31_15:44:25.532288 	EXP 	progress_bar_breaks: progress = 0.6
2026-07-31_15:44:25.550388 	EXP 	progress_bar_breaks: progress = 0.6
2026-07-31_15:44:25.567353 	EXP 	progress_bar_breaks: progress = 0.6
2026-07-31_15:44:25.583029 	EXP 	progress_bar_breaks: progress = 0.6
2026-07-31_15:44:25.600790 	EXP 	progress_bar_breaks: progress = 0.6
2026-07-31_15:44:25.619999 	EXP 	progress_bar_breaks: progress = 0.6
2026-07-31_15:44:25.633681 	EXP 	progress_bar_breaks: progress = 0.6
2026-07-31_15:44:25.649794 	EXP 	progress_bar_breaks: progress = 0.6
2026-07-31_15:44:25.667243 	EXP 	progress_bar_breaks: progress = 0.6
2026-07-31_15:44:25.683083 	EXP 	progress_bar_breaks: progress = 0.6
2026-07-31_15:44:25.700565 	EXP 	progress_bar_breaks: progress = 0.6
2026-07-31_15:44:25.721598 	EXP 	progress_bar_breaks: progress = 0.6
2026-07-31_15:44:25.733847 	EXP 	progress_bar_breaks: progress = 0.6
2026-07-31_15:44:25.750199 	EXP 	progress_bar_breaks: progress = 0.6
2026-07-31_15:44:25.766954 	EXP 	progress_bar_breaks: progress = 0.6
2026-07-31_15:44:25.783643 	EXP 	progress_bar_breaks: progress = 0.6
2026-07-31_15:44:25.800482 	EXP 	progress_bar_breaks: progress = 0.6
2026-07-31_15:44:25.817510 	EXP 	progress_bar_breaks: progress = 0.6
2026-07-31_15:44:25.837979 	EXP 	progress_bar_breaks: progress = 0.6
2026-07-31_15:44:25.850122 	EXP 	progress_bar_breaks: progress = 0.6
2026-07-31_15:44:25.867043 	EXP 	progress_bar_breaks: progress = 0.6
2026-07-31_15:44:25.883939 	EXP 	progress_bar_breaks: progress = 0.6
2026-07-31_15:44:25.900135 	EXP 	progress_bar_breaks: progress = 0.6
2026-07-31_15:44:25.916839 	EXP 	progress_bar_breaks: progress = 0.6
2026-07-31_15:44:25.934021 	EXP 	progress_bar_breaks: progress = 0.6
2026-07-31_15:44:25.955725 	EXP 	progress_bar_breaks: progress = 0.6
2026-07-31_15:44:25.967145 	EXP 	progress_bar_breaks: progress = 0.6
2026-07-31_15:44:25.985492 	EXP 	progress_bar_breaks: progress = 0.6666666666666667
2026-07-31_15:44:25.999995 	EXP 	progress_bar_breaks: progress = 0.6666666666666667
2026-07-31_15:44:26.017189 	EXP 	progress_bar_breaks: progress = 0.6666666666666667
2026-07-31_15:44:26.033952 	EXP 	progress_bar_breaks: progress = 0.6666666666666667
2026-07-31_15:44:26.050090 	EXP 	progress_bar_breaks: progress = 0.6666666666666667
2026-07-31_15:44:26.071093 	EXP 	progress_bar_breaks: progress = 0.6666666666666667
2026-07-31_15:44:26.082950 	EXP 	progress_bar_breaks: progress = 0.6666666666666667
2026-07-31_15:44:26.100497 	EXP 	progress_bar_breaks: progress = 0.6666666666666667
2026-07-31_15:44:26.116506 	EXP 	progress_bar_breaks: progress = 0.6666666666666667
2026-07-31_15:44:26.133559 	EXP 	progress_bar_breaks: progress = 0.6666666666666667
2026-07-31_15:44:26.150546 	EXP 	progress_bar_breaks: progress = 0.6666666666666667
2026-07-31_15:44:26.172022 	EXP 	progress_bar_breaks: progress = 0.6666666666666667
2026-07-31_15:44:26.183604 	EXP 	progress_bar_breaks: progress = 0.6666666666666667
2026-07-31_15:44:26.204437 	EXP 	progress_bar_breaks: progress = 0.6666666666666667
2026-07-31_15:44:26.217461 	EXP 	progress_bar_breaks: progress = 0.6666666666666667
2026-07-31_15:44:26.233131 	EXP 	progress_bar_breaks: progress = 0.6666666666666667
2026-07-31_15:44:26.250606 	EXP 	progress_bar_breaks: progress = 0.6666666666666667
2026-07-31_15:44:26.267103 	EXP 	progress_bar_breaks: progress = 0.6666666666666667
2026-07-31_15:44:26.288039 	EXP 	progress_bar_breaks: progress = 0.6666666666666667
2026-07-31_15:44:26.300254 	EXP 	progress_bar_breaks: progress = 0.6666666666666667
2026-07-31_15:44:26.317644 	EXP 	progress_bar_breaks: progress = 0.6666666666666667
2026-07-31_15:44:26.333843 	EXP 	progress_bar_breaks: progress = 0.6666666666666667
2026-07-31_15:44:26.350159 	EXP 	progress_bar_breaks: progress = 0.6666666666666667
2026-07-31_15:44:26.367456 	EXP 	progress_bar_breaks: progress = 0.6666666666666667
2026-07-31_15:44:26.383681 	EXP 	progress_bar_breaks: progress = 0.6666666666666667
2026-07-31_15:44:26.404803 	EXP 	progress_bar_breaks: progress = 0.6666666666666667
2026-07-31_15:44:26.416487 	EXP 	progress_bar_breaks: progress = 0.6666666666666667
2026-07-31_15:44:26.433249 	EXP 	progress_bar_breaks: progress = 0.6666666666666667
2026-07-31_15:44:26.449594 	EXP 	progress_bar_breaks: progress = 0.6666666666666667
2026-07-31_15:44:26.467284 	EXP 	progress_bar_breaks: progress = 0.6666666666666667
2026-07-31_15:44:26.483600 	EXP 	progress_bar_breaks: progress = 0.6666666666666667
2026-07-31_15:44:26.503982 	EXP 	progress_bar_breaks: progress = 0.6666666666666667
2026-07-31_15:44:26.516704 	EXP 	progress_bar_breaks: progress = 0.6666666666666667
2026-07-31_15:44:26.533373 	EXP 	progress_bar_breaks: progress = 0.6666666666666667
2026-07-31_15:44:26.550183 	EXP 	progress_bar_breaks: progress = 0.6666666666666667
2026-07-31_15:44:26.566777 	EXP 	progress_bar_breaks: progress = 0.6666666666666667
2026-07-31_15:44:26.583893 	EXP 	progress_bar_breaks: progress = 0.6666666666666667
2026-07-31_15:44:26.604582 	EXP 	progress_bar_breaks: progress = 0.6666666666666667
2026-07-31_15:44:26.618614 	EXP 	progress_bar_breaks: progress = 0.6666666666666667
2026-07-31_15:44:26.633935 	EXP 	progress_bar_breaks: progress = 0.6666666666666667
2026-07-31_15:44:26.657239 	EXP 	progress_bar_breaks: progress = 0.6666666666666667
2026-07-31_15:44:26.667748 	EXP 	progress_bar_breaks: progress = 0.6666666666666667
2026-07-31_15:44:26.685202 	EXP 	progress_bar_breaks: progress = 0.6666666666666667
2026-07-31_15:44:26.701771 	EXP 	progress_bar_breaks: progress = 0.6666666666666667
2026-07-31_15:44:26.724410 	EXP 	progress_bar_breaks: progress = 0.6666666666666667
2026-07-31_15:44:26.734316 	EXP 	progress_bar_breaks: progress = 0.6666666666666667
2026-07-31_15:44:26.751726 	EXP 	progress_bar_breaks: progress = 0.6666666666666667
2026-07-31_15:44:26.767431 	EXP 	progress_bar_breaks: progress = 0.6666666666666667
2026-07-31_15:44:26.785588 	EXP 	progress_bar_breaks: progress = 0.6666666666666667
2026-07-31_15:44:26.801503 	EXP 	progress_bar_breaks: progress = 0.6666666666666667
2026-07-31_15:44:26.818369 	EXP 	progress_bar_breaks: progress = 0.6666666666666667
2026-07-31_15:44:26.838956 	EXP 	progress_bar_breaks: progress = 0.6666666666666667
2026-07-31_15:44:26.851224 	EXP 	progress_bar_breaks: progress = 0.6666666666666667
2026-07-31_15:44:26.867823 	EXP 	progress_bar_breaks: progress = 0.6666666666666667
2026-07-31_15:44:26.885134 	EXP 	progress_bar_breaks: progress = 0.6666666666666667
2026-07-31_15:44:26.901138 	EXP 	progress_bar_breaks: progress = 0.6666666666666667
2026-07-31_15:44:26.918946 	EXP 	progress_bar_breaks: progress = 0.6666666666666667
2026-07-31_15:44:26.940166 	EXP 	progress_bar_breaks: progress = 0.6666666666666667
2026-07-31_15:44:26.952029 	EXP 	progress_bar_breaks: progress = 0.6666666666666667
2026-07-31_15:44:26.978341 	EXP 	progress_bar_breaks: progress = 0.6666666666666667
2026-07-31_15:44:26.999702 	EXP 	progress_bar_breaks: progress = 0.7333333333333334
2026-07-31_15:44:27.019099 	EXP 	progress_bar_breaks: progress = 0.7333333333333334
2026-07-31_15:44:27.035060 	EXP 	progress_bar_breaks: progress = 0.7333333333333334
2026-07-31_15:44:27.056566 	EXP 	progress_bar_breaks: progress = 0.7333333333333334
2026-07-31_15:44:27.068089 	EXP 	progress_bar_breaks: progress = 0.7333333333333334
2026-07-31_15:44:27.084981 	EXP 	progress_bar_breaks: progress = 0.7333333333333334
2026-07-31_15:44:27.101744 	EXP 	progress_bar_breaks: progress = 0.7333333333333334
2026-07-31_15:44:27.118659 	EXP 	progress_bar_breaks: progress = 0.7333333333333334
2026-07-31_15:44:27.135258 	EXP 	progress_bar_breaks: progress = 0.7333333333333334
2026-07-31_15:44:27.157128 	EXP 	progress_bar_breaks: progress = 0.7333333333333334
2026-07-31_15:44:27.168199 	EXP 	progress_bar_breaks: progress = 0.7333333333333334
2026-07-31_15:44:27.185720 	EXP 	progress_bar_breaks: progress = 0.7333333333333334
2026-07-31_15:44:27.200751 	EXP 	progress_bar_breaks: progress = 0.7333333333333334
2026-07-31_15:44:27.219030 	EXP 	progress_bar_breaks: progress = 0.7333333333333334
2026-07-31_15:44:27.235692 	EXP 	progress_bar_breaks: progress = 0.7333333333333334
2026-07-31_15:44:27.257198 	EXP 	progress_bar_breaks: progress = 0.7333333333333334
2026-07-31_15:44:27.269223 	EXP 	progress_bar_breaks: progress = 0.7333333333333334
2026-07-31_15:44:27.288362 	EXP 	progress_bar_breaks: progress = 0.7333333333333334
2026-07-31_15:44:27.301528 	EXP 	progress_bar_breaks: progress = 0.7333333333333334
2026-07-31_15:44:27.318379 	EXP 	progress_bar_breaks: progress = 0.7333333333333334
2026-07-31_15:44:27.334914 	EXP 	progress_bar_breaks: progress = 0.7333333333333334
2026-07-31_15:44:27.352832 	EXP 	progress_bar_breaks: progress = 0.7333333333333334
2026-07-31_15:44:27.368044 	EXP 	progress_bar_breaks: progress = 0.7333333333333334
2026-07-31_15:44:27.390965 	EXP 	progress_bar_breaks: progress = 0.7333333333333334
2026-07-31_15:44:27.416220 	EXP 	progress_bar_breaks: progress = 0.7333333333333334
2026-07-31_15:44:27.435635 	EXP 	progress_bar_breaks: progress = 0.7333333333333334
2026-07-31_15:44:27.452028 	EXP 	progress_bar_breaks: progress = 0.7333333333333334
2026-07-31_15:44:27.469388 	EXP 	progress_bar_breaks: progress = 0.7333333333333334
2026-07-31_15:44:27.490038 	EXP 	progress_bar_breaks: progress = 0.7333333333333334
2026-07-31_15:44:27.502420 	EXP 	progress_bar_breaks: progress = 0.7333333333333334
2026-07-31_15:44:27.518008 	EXP 	progress_bar_breaks: progress = 0.7333333333333334
2026-07-31_15:44:27.535933 	EXP 	progress_bar_breaks: progress = 0.7333333333333334
2026-07-31_15:44:27.551625 	EXP 	progress_bar_breaks: progress = 0.7333333333333334
2026-07-31_15:44:27.569343 	EXP 	progress_bar_breaks: progress = 0.7333333333333334
2026-07-31_15:44:27.588392 	EXP 	progress_bar_breaks: progress = 0.7333333333333334
2026-07-31_15:44:27.606996 	EXP 	progress_bar_breaks: progress = 0.7333333333333334
2026-07-31_15:44:27.628878 	EXP 	progress_bar_breaks: progress = 0.7333333333333334
2026-07-31_15:44:27.649198 	EXP 	progress_bar_breaks: progress = 0.7333333333333334
2026-07-31_15:44:27.670836 	EXP 	progress_bar_breaks: progress = 0.7333333333333334
2026-07-31_15:44:27.685731 	EXP 	progress_bar_breaks: progress = 0.7333333333333334
2026-07-31_15:44:27.708385 	EXP 	progress_bar_breaks: progress = 0.7333333333333334
2026-07-31_15:44:27.744305 	EXP 	progress_bar_breaks: progress = 0.7333333333333334
2026-07-31_15:44:27.770525 	EXP 	progress_bar_breaks: progress = 0.7333333333333334
2026-07-31_15:44:27.785879 	EXP 	progress_bar_breaks: progress = 0.7333333333333334
2026-07-31_15:44:27.801478 	EXP 	progress_bar_breaks: progress = 0.7333333333333334
2026-07-31_15:44:27.823680 	EXP 	progress_bar_breaks: progress = 0.7333333333333334
2026-07-31_15:44:27.835177 	EXP 	progress_bar_breaks: progress = 0.7333333333333334
2026-07-31_15:44:27.852451 	EXP 	progress_bar_breaks: progress = 0.7333333333333334
2026-07-31_15:44:27.868459 	EXP 	progress_bar_breaks: progress = 0.7333333333333334
2026-07-31_15:44:27.886141 	EXP 	progress_bar_breaks: progress = 0.7333333333333334
2026-07-31_15:44:27.902140 	EXP 	progress_bar_breaks: progress = 0.7333333333333334
2026-07-31_15:44:27.919461 	EXP 	progress_bar_breaks: progress = 0.7333333333333334
2026-07-31_15:44:27.938660 	EXP 	progress_bar_breaks: progress = 0.7333333333333334
2026-07-31_15:44:27.986141 	EXP 	progress_bar_breaks: progress = 0.7333333333333334
2026-07-31_15:44:28.003922 	EXP 	progress_bar_breaks: progress = 0.8
2026-07-31_15:44:28.017195 	EXP 	progress_bar_breaks: progress = 0.8
2026-07-31_15:44:28.039442 	EXP 	progress_bar_breaks: progress = 0.8
2026-07-31_15:44:28.050146 	EXP 	progress_bar_breaks: progress = 0.8
2026-07-31_15:44:28.066592 	EXP 	progress_bar_breaks: progress = 0.8
2026-07-31_15:44:28.083438 	EXP 	progress_bar_breaks: progress = 0.8
2026-07-31_15:44:28.100144 	EXP 	progress_bar_breaks: progress = 0.8
2026-07-31_15:44:28.116874 	EXP 	progress_bar_breaks: progress = 0.8
2026-07-31_15:44:28.138022 	EXP 	progress_bar_breaks: progress = 0.8
2026-07-31_15:44:28.149332 	EXP 	progress_bar_breaks: progress = 0.8
2026-07-31_15:44:28.166391 	EXP 	progress_bar_breaks: progress = 0.8
2026-07-31_15:44:28.183389 	EXP 	progress_bar_breaks: progress = 0.8
2026-07-31_15:44:28.200181 	EXP 	progress_bar_breaks: progress = 0.8
2026-07-31_15:44:28.216468 	EXP 	progress_bar_breaks: progress = 0.8
2026-07-31_15:44:28.234017 	EXP 	progress_bar_breaks: progress = 0.8
2026-07-31_15:44:28.254789 	EXP 	progress_bar_breaks: progress = 0.8
2026-07-31_15:44:28.266098 	EXP 	progress_bar_breaks: progress = 0.8
2026-07-31_15:44:28.282560 	EXP 	progress_bar_breaks: progress = 0.8
2026-07-31_15:44:28.300116 	EXP 	progress_bar_breaks: progress = 0.8
2026-07-31_15:44:28.316461 	EXP 	progress_bar_breaks: progress = 0.8
2026-07-31_15:44:28.333633 	EXP 	progress_bar_breaks: progress = 0.8
2026-07-31_15:44:28.350472 	EXP 	progress_bar_breaks: progress = 0.8
2026-07-31_15:44:28.370986 	EXP 	progress_bar_breaks: progress = 0.8
2026-07-31_15:44:28.383474 	EXP 	progress_bar_breaks: progress = 0.8
2026-07-31_15:44:28.400318 	EXP 	progress_bar_breaks: progress = 0.8
2026-07-31_15:44:28.416841 	EXP 	progress_bar_breaks: progress = 0.8
2026-07-31_15:44:28.433160 	EXP 	progress_bar_breaks: progress = 0.8
2026-07-31_15:44:28.450510 	EXP 	progress_bar_breaks: progress = 0.8
2026-07-31_15:44:28.466997 	EXP 	progress_bar_breaks: progress = 0.8
2026-07-31_15:44:28.487196 	EXP 	progress_bar_breaks: progress = 0.8
2026-07-31_15:44:28.500091 	EXP 	progress_bar_breaks: progress = 0.8
2026-07-31_15:44:28.516677 	EXP 	progress_bar_breaks: progress = 0.8
2026-07-31_15:44:28.533393 	EXP 	progress_bar_breaks: progress = 0.8
2026-07-31_15:44:28.550713 	EXP 	progress_bar_breaks: progress = 0.8
2026-07-31_15:44:28.566729 	EXP 	progress_bar_breaks: progress = 0.8
2026-07-31_15:44:28.587330 	EXP 	progress_bar_breaks: progress = 0.8
2026-07-31_15:44:28.599793 	EXP 	progress_bar_breaks: progress = 0.8
2026-07-31_15:44:28.617084 	EXP 	progress_bar_breaks: progress = 0.8
2026-07-31_15:44:28.634120 	EXP 	progress_bar_breaks: progress = 0.8
2026-07-31_15:44:28.650287 	EXP 	progress_bar_breaks: progress = 0.8
2026-07-31_15:44:28.666824 	EXP 	progress_bar_breaks: progress = 0.8
2026-07-31_15:44:28.687549 	EXP 	progress_bar_breaks: progress = 0.8
2026-07-31_15:44:28.699948 	EXP 	progress_bar_breaks: progress = 0.8
2026-07-31_15:44:28.715791 	EXP 	progress_bar_breaks: progress = 0.8
2026-07-31_15:44:28.719933 	DATA 	Mouse: Left button down, pos=(233,292)
2026-07-31_15:44:28.732701 	EXP 	progress_bar_breaks: progress = 0.8
2026-07-31_15:44:28.749918 	EXP 	progress_bar_breaks: progress = 0.8
2026-07-31_15:44:28.766156 	EXP 	progress_bar_breaks: progress = 0.8
2026-07-31_15:44:28.782697 	EXP 	progress_bar_breaks: progress = 0.8
2026-07-31_15:44:28.800589 	EXP 	progress_bar_breaks: progress = 0.8
2026-07-31_15:44:28.821349 	EXP 	progress_bar_breaks: progress = 0.8
2026-07-31_15:44:28.833585 	EXP 	progress_bar_breaks: progress = 0.8
2026-07-31_15:44:28.850765 	EXP 	progress_bar_breaks: progress = 0.8
2026-07-31_15:44:28.854871 	DATA 	Mouse:  Left button up, pos=(233,292)
2026-07-31_15:44:28.866750 	EXP 	progress_bar_breaks: progress = 0.8
2026-07-31_15:44:28.884096 	EXP 	progress_bar_breaks: progress = 0.8
2026-07-31_15:44:28.899119 	EXP 	progress_bar_breaks: progress = 0.8
2026-07-31_15:44:28.919941 	EXP 	progress_bar_breaks: progress = 0.8
2026-07-31_15:44:28.934070 	EXP 	progress_bar_breaks: progress = 0.8
2026-07-31_15:44:28.949626 	EXP 	progress_bar_breaks: progress = 0.8
2026-07-31_15:44:28.966372 	EXP 	progress_bar_breaks: progress = 0.8
2026-07-31_15:44:28.983351 	EXP 	progress_bar_breaks: progress = 0.8666666666666667
2026-07-31_15:44:28.999748 	EXP 	progress_bar_breaks: progress = 0.8666666666666667
2026-07-31_15:44:29.021089 	EXP 	progress_bar_breaks: progress = 0.8666666666666667
2026-07-31_15:44:29.032507 	EXP 	progress_bar_breaks: progress = 0.8666666666666667
2026-07-31_15:44:29.049251 	EXP 	progress_bar_breaks: progress = 0.8666666666666667
2026-07-31_15:44:29.066785 	EXP 	progress_bar_breaks: progress = 0.8666666666666667
2026-07-31_15:44:29.082648 	EXP 	progress_bar_breaks: progress = 0.8666666666666667
2026-07-31_15:44:29.099776 	EXP 	progress_bar_breaks: progress = 0.8666666666666667
2026-07-31_15:44:29.116129 	EXP 	progress_bar_breaks: progress = 0.8666666666666667
2026-07-31_15:44:29.133030 	EXP 	progress_bar_breaks: progress = 0.8666666666666667
2026-07-31_15:44:29.153741 	EXP 	progress_bar_breaks: progress = 0.8666666666666667
2026-07-31_15:44:29.165954 	EXP 	progress_bar_breaks: progress = 0.8666666666666667
2026-07-31_15:44:29.183193 	EXP 	progress_bar_breaks: progress = 0.8666666666666667
2026-07-31_15:44:29.199637 	EXP 	progress_bar_breaks: progress = 0.8666666666666667
2026-07-31_15:44:29.217078 	EXP 	progress_bar_breaks: progress = 0.8666666666666667
2026-07-31_15:44:29.236977 	EXP 	progress_bar_breaks: progress = 0.8666666666666667
2026-07-31_15:44:29.249145 	EXP 	progress_bar_breaks: progress = 0.8666666666666667
2026-07-31_15:44:29.266146 	EXP 	progress_bar_breaks: progress = 0.8666666666666667
2026-07-31_15:44:29.282673 	EXP 	progress_bar_breaks: progress = 0.8666666666666667
2026-07-31_15:44:29.299202 	EXP 	progress_bar_breaks: progress = 0.8666666666666667
2026-07-31_15:44:29.316222 	EXP 	progress_bar_breaks: progress = 0.8666666666666667
2026-07-31_15:44:29.333255 	EXP 	progress_bar_breaks: progress = 0.8666666666666667
2026-07-31_15:44:29.349262 	EXP 	progress_bar_breaks: progress = 0.8666666666666667
2026-07-31_15:44:29.370240 	EXP 	progress_bar_breaks: progress = 0.8666666666666667
2026-07-31_15:44:29.382986 	EXP 	progress_bar_breaks: progress = 0.8666666666666667
2026-07-31_15:44:29.399889 	EXP 	progress_bar_breaks: progress = 0.8666666666666667
2026-07-31_15:44:29.416584 	EXP 	progress_bar_breaks: progress = 0.8666666666666667
2026-07-31_15:44:29.433093 	EXP 	progress_bar_breaks: progress = 0.8666666666666667
2026-07-31_15:44:29.454187 	EXP 	progress_bar_breaks: progress = 0.8666666666666667
2026-07-31_15:44:29.466370 	EXP 	progress_bar_breaks: progress = 0.8666666666666667
2026-07-31_15:44:29.483032 	EXP 	progress_bar_breaks: progress = 0.8666666666666667
2026-07-31_15:44:29.499777 	EXP 	progress_bar_breaks: progress = 0.8666666666666667
2026-07-31_15:44:29.515480 	EXP 	progress_bar_breaks: progress = 0.8666666666666667
2026-07-31_15:44:29.532996 	EXP 	progress_bar_breaks: progress = 0.8666666666666667
2026-07-31_15:44:29.550032 	EXP 	progress_bar_breaks: progress = 0.8666666666666667
2026-07-31_15:44:29.566973 	EXP 	progress_bar_breaks: progress = 0.8666666666666667
2026-07-31_15:44:29.587105 	EXP 	progress_bar_breaks: progress = 0.8666666666666667
2026-07-31_15:44:29.599302 	EXP 	progress_bar_breaks: progress = 0.8666666666666667
2026-07-31_15:44:29.616306 	EXP 	progress_bar_breaks: progress = 0.8666666666666667
2026-07-31_15:44:29.633086 	EXP 	progress_bar_breaks: progress = 0.8666666666666667
2026-07-31_15:44:29.649759 	EXP 	progress_bar_breaks: progress = 0.8666666666666667
2026-07-31_15:44:29.670438 	EXP 	progress_bar_breaks: progress = 0.8666666666666667
2026-07-31_15:44:29.683104 	EXP 	progress_bar_breaks: progress = 0.8666666666666667
2026-07-31_15:44:29.699497 	EXP 	progress_bar_breaks: progress = 0.8666666666666667
2026-07-31_15:44:29.702644 	EXP 	Device response: <KeyPress from None: t=464.8230981000015, value=escape, duration=None>
2026-07-31_15:44:29.703639 	DATA 	Keypress: escape
2026-07-31_15:44:29.716306 	EXP 	progress_bar_breaks: progress = 0.8666666666666667
2026-07-31_15:44:29.733154 	EXP 	progress_bar_breaks: progress = 0.8666666666666667
2026-07-31_15:44:29.749085 	EXP 	progress_bar_breaks: progress = 0.8666666666666667
2026-07-31_15:44:29.766330 	EXP 	progress_bar_breaks: progress = 0.8666666666666667
2026-07-31_15:44:29.782594 	EXP 	progress_bar_breaks: progress = 0.8666666666666667
2026-07-31_15:44:29.804077 	EXP 	progress_bar_breaks: progress = 0.8666666666666667
2026-07-31_15:44:29.816021 	EXP 	progress_bar_breaks: progress = 0.8666666666666667
2026-07-31_15:44:29.832485 	EXP 	progress_bar_breaks: progress = 0.8666666666666667
2026-07-31_15:44:29.848918 	EXP 	progress_bar_breaks: progress = 0.8666666666666667
2026-07-31_15:44:29.866086 	EXP 	progress_bar_breaks: progress = 0.8666666666666667
2026-07-31_15:44:29.882944 	EXP 	progress_bar_breaks: progress = 0.8666666666666667
2026-07-31_15:44:29.903966 	EXP 	progress_bar_breaks: progress = 0.8666666666666667
2026-07-31_15:44:29.915709 	EXP 	progress_bar_breaks: progress = 0.8666666666666667
2026-07-31_15:44:29.933401 	EXP 	progress_bar_breaks: progress = 0.8666666666666667
2026-07-31_15:44:29.936682 	EXP 	Device response: <KeyPress from None: t=464.8230981000015, value=escape, duration=0.2204433999977482>
2026-07-31_15:44:29.936736 	EXP 	TSRlearn_localizer-concepts: status = STOPPED
2026-07-31_15:44:29.949877 	EXP 	progress_bar_breaks: progress = 0.8666666666666667
2026-07-31_15:44:29.949877 	EXP 	breaks_instruction: autoDraw = False
2026-07-31_15:44:29.949877 	EXP 	progress_bar_breaks: autoDraw = False
2026-07-31_15:44:29.952481 	EXP 	TSRlearn_localizer-concepts: status = STOPPED
2026-07-31_15:44:30.137449 	INFO 	saved data to 'C:\\sync_folder\\TSRlearn-task\\psychopy_exp_files\\data\\0_TSRlearn_localizer-concepts_2026-07-31_15h36.29.854.csv'
2026-07-31_15:44:30.145806 	INFO 	saved data to C:\sync_folder\TSRlearn-task\psychopy_exp_files\data\0_TSRlearn_localizer-concepts_2026-07-31_15h36.29.854.psydat
2026-07-31_15:44:30.401541 	DEBUG 	Saving data for TSRlearn_localizer-concepts ExperimentHandler
2026-07-31_15:44:30.409090 	WARNING 	Stopping key buffers but this could be dangerous ifother keyboards rely on the same.
