promptFile	correctFile	dist_01File	dist_02File	correct_pos	dist01_pos	dist02_pos	correct_ans	thisN	thisTrialN	thisRepN	key_resp_2.keys	key_resp_2.rt	key_resp_2.duration	trial_type	img_first	img_second	img_third	opt_left	opt_right	correct_side	correct_key	distance_correct	image_dur_retr	fix_dur_retr	ImageExamplePath	iti_dur_retr	reflection_win_dur	condFileLearning	condFileRetrieval	n_routes_block	block	learningSeq	runIndexWithinSeq	currPosInSeq	promptConcept	correctConcept	dist01Concept	dist02Concept	dist01_diff	dist02_diff	pairTargetPosInSeq	promptTrigNumber	correctTrigNumber	dist01TrigNumber	dist02TrigNumber	key_resp.keys	key_resp.rt	key_resp.duration	miniblockWithinRun	is_yes	routeIndexWithinBlock	seqOfRoute	retrIm1Trig	retrIm2Trig	continue_button_18.keys	resp.keys	resp_4.keys	resp_4.rt	resp_4.duration	resp.rt	resp.duration	practice_learning.thisRepN	practice_learning.thisTrialN	practice_learning.thisN	practice_learning.thisIndex	retrieval_prc_loop.thisRepN	retrieval_prc_loop.thisTrialN	retrieval_prc_loop.thisN	retrieval_prc_loop.thisIndex	retry_loop.thisRepN	retry_loop.thisTrialN	retry_loop.thisN	retry_loop.thisIndex	Block.thisRepN	Block.thisTrialN	Block.thisN	Block.thisIndex	miniblocks.thisRepN	miniblocks.thisTrialN	miniblocks.thisN	miniblocks.thisIndex	learning_trials.thisRepN	learning_trials.thisTrialN	learning_trials.thisN	learning_trials.thisIndex	retrieval_trials.thisRepN	retrieval_trials.thisTrialN	retrieval_trials.thisN	retrieval_trials.thisIndex	thisRow.t	notes	startup_settings.started	startup_settings.stopped	instructions_01.started	instruction_part1.started	continue_button.started	instructions_01.stopped	continue_button.keys	continue_button.rt	continue_button.duration	instructions_02.started	instruction_part2.started	continue_button_3.started	instructions_02.stopped	continue_button_3.keys	continue_button_3.rt	continue_button_3.duration	instructions_03.started	instruction_part3.started	continue_button_4.started	instructions_03.stopped	continue_button_4.keys	continue_button_4.rt	continue_button_4.duration	instructions_04.started	instruction_part4.started	continue_button_5.started	instructions_04.stopped	continue_button_5.keys	continue_button_5.rt	continue_button_5.duration	instructions_05.started	instruction_part5.started	continue_button_6.started	instructions_05.stopped	continue_button_6.keys	continue_button_6.rt	continue_button_6.duration	instructions_06.started	instruction_part6.started	continue_button_7.started	instructions_06.stopped	continue_button_7.keys	continue_button_7.rt	continue_button_7.duration	practice_choice_display.started	polygon.started	prompt_prc.started	dist_01_prc.started	dist_02_prc.started	correct_prc.started	key_resp_2.started	instructions_choose_2.started	practice_choice_display.stopped	practice_learning.key_resp_2.keys	practice_learning.key_resp_2.rt	practice_learning.key_resp_2.duration	practice_feedback.started	polygon_7.started	prompt_prc_2.started	dist_01_prc_2.started	dist_02_prc_2.started	correct_prc_2.started	practice_feedback.stopped	instruction_retrieval_trials.started	instruction_part7.started	continue_button_8.started	instruction_retrieval_trials.stopped	continue_button_8.keys	continue_button_8.rt	continue_button_8.duration	instruction_retrievalques1.started	instruction_part10.started	continue_button_10.started	instruction_retrievalques1.stopped	continue_button_10.keys	continue_button_10.rt	continue_button_10.duration	instruction_retrievalques2.started	instruction_part11.started	continue_button_11.started	instruction_retrievalques2.stopped	continue_button_11.keys	continue_button_11.rt	continue_button_11.duration	instruction_refl_period.started	instruction_part12.started	continue_button_14.started	instruction_refl_period.stopped	continue_button_14.keys	continue_button_14.rt	continue_button_14.duration	retrieval_backg_info.started	instruction_info.started	continue_button_15.started	retrieval_backg_info.stopped	continue_button_15.keys	continue_button_15.rt	continue_button_15.duration	instruction_practice_type1.started	instruction_part8.started	continue_button_9.started	instruction_practice_type1.stopped	continue_button_9.keys	continue_button_9.rt	continue_button_9.duration	retrieval_type1_practice.started	fix_cross_retrbegin.started	fix_cross_retrbegin.stopped	retrieval_type1_practice.stopped	first_image_prc.started	image_1_prc.started	info_example_3.started	image_1_prc.stopped	info_example_3.stopped	first_image_prc.stopped	mask_retr1_prc.started	mask_img1.started	info_example_4.started	mask_img1.stopped	info_example_4.stopped	mask_retr1_prc.stopped	second_image_prc.started	image_2_prc.started	info_example_5.started	image_2_prc.stopped	info_example_5.stopped	second_image_prc.stopped	mask_retr2_prc.started	mask_img2.started	info_example_6.started	mask_img2.stopped	info_example_6.stopped	mask_retr2_prc.stopped	reflection_period.started	fix_cross_reflretr_2.started	text.started	fix_cross_reflretr_2.stopped	text.stopped	reflection_period.stopped	retr_response_order_prc.started	yes_txt_3.started	no_txt_3.started	polygon_9.started	resp_3.started	info_example_7.started	retr_response_order_prc.stopped	retry_loop.resp_3.keys	retry_loop.resp_3.rt	retry_loop.resp_3.duration	retr_response_distance_prc.started	resp_2.started	info_example.started	opt_2_prc.started	opt_3_prc.started	opt_4_prc.started	opt_5_prc.started	retr_response_distance_prc.stopped	retry_loop.resp_2.keys	retry_loop.resp_2.rt	retry_loop.resp_2.duration	retr_response_feedback.started	textbox_feedback.started	info_example_2.started	textbox_continue.started	continue_button_16.started	retr_response_feedback.stopped	retry_loop.continue_button_16.keys	retry_loop.continue_button_16.rt	retry_loop.continue_button_16.duration	instructions_07.started	instructions_part7.started	continue_button_13.started	instructions_07.stopped	continue_button_13.keys	continue_button_13.rt	continue_button_13.duration	instructions_08.started	instructions_part8.started	continue_button_17.started	instructions_08.stopped	continue_button_17.keys	continue_button_17.rt	continue_button_17.duration	reset_rows_to_select.started	reset_rows_to_select.stopped	set_learning_rows.started	set_learning_rows.stopped	choice_display.started	background_texture.started	polygon_4.started	prompt.started	dist_01.started	dist_02.started	correct.started	chooseNowText.started	key_resp.started	choice_display.stopped	learning_trials.key_resp.keys	learning_trials.key_resp.rt	learning_trials.key_resp.duration	feedback.started	background_texture_2.started	polygon_8.started	prompt_2.started	dist_01_2.started	dist_02_2.started	correct_2.started	feedback.stopped	too_slow_routine.started	too_slow_routine.stopped	tooSlowtext.started	tooSlowtext.stopped	rest_period.started	fix_cross.started	fix_cross.stopped	rest_period.stopped	instruction_retr_start.started	instruction_now_retr.started	continue_button_18.started	instruction_now_retr.stopped	continue_button_18.stopped	instruction_retr_start.stopped	miniblocks.continue_button_18.keys	set_retrieval_rows.started	set_retrieval_rows.stopped	retr_ITI.started	fix_cross_retrbegin_2.started	fix_cross_retrbegin_2.stopped	retr_ITI.stopped	first_image.started	background_texture_3.started	image_1.started	background_texture_3.stopped	image_1.stopped	first_image.stopped	mask_retr1.started	background_texture_4.started	mask_img1_2.started	mask_retr1.stopped	second_image.started	background_texture_5.started	image_2.started	background_texture_5.stopped	image_2.stopped	second_image.stopped	mask_retr2.started	background_texture_6.started	mask_img2_2.started	mask_retr2.stopped	reflection_period_retr.started	background_texture_7.started	fix_cross_reflretr.started	background_texture_7.stopped	fix_cross_reflretr.stopped	reflection_period_retr.stopped	retr_response_order.started	background_texture_8.started	polygon_6.started	yes_txt.started	no_txt.started	chooseNowText_2.started	resp.started	background_texture_8.stopped	yes_txt.stopped	no_txt.stopped	resp.stopped	retr_response_order.stopped	retrieval_trials.resp.keys	too_slow_routine_1.started	tooSlowtext_4.started	tooSlowtext_4.stopped	too_slow_routine_1.stopped	retr_response_distance.started	background_texture_9.started	chooseNowText_3.started	opt_2.started	opt_3.started	opt_4.started	opt_5.started	resp_4.started	retr_response_distance.stopped	retrieval_trials.resp_4.keys	retrieval_trials.resp_4.rt	retrieval_trials.resp_4.duration	too_slow_routine_2.started	too_slow_routine_2.stopped	background_texture_4.stopped	mask_img1_2.stopped	background_texture_6.stopped	mask_img2_2.stopped	retrieval_trials.resp.rt	retrieval_trials.resp.duration	background_texture_9.stopped	chooseNowText_3.stopped	opt_2.stopped	opt_3.stopped	opt_4.stopped	opt_5.stopped	resp_4.stopped	tooSlowtext_2.started	tooSlowtext_2.stopped	retr_task_break.started	retr_task_break.stopped	instructions_new_learn.started	instruction_text_newroute.started	instruction_text_newroute.stopped	instructions_new_learn.stopped	participant_ID	date	expName	expVersion	psychopyVersion	frameRate	expStart	
																																																																																												0.01129590003984049	0.011372200038749725																																																																																																																																																																																																																																																																																																																		0	2026-07-26_19h41.53.956	TSRlearn_main-blocks		2025.1.1	59.89354520399567	2026-07-26 19h42.35.221722 +0200	
																																																																																														0.021758500020951033	0.026365900004748255	3.0255460000480525	3.2426454999949783	g	0.20986909995554015	None																																																																																																																																																																																																																																																																																																											0	2026-07-26_19h41.53.956	TSRlearn_main-blocks		2025.1.1	59.89354520399567	2026-07-26 19h42.35.221722 +0200	
																																																																																																					3.252108200045768	3.258754600014072	6.257561300008092	6.441315600008238	g	0.18078400002559647	None																																																																																																																																																																																																																																																																																																				0	2026-07-26_19h41.53.956	TSRlearn_main-blocks		2025.1.1	59.89354520399567	2026-07-26 19h42.35.221722 +0200	
																																																																																																												6.449011400050949	6.45746639999561	9.45666240004357	9.906665000016801	g	0.4461812999797985	None																																																																																																																																																																																																																																																																																													0	2026-07-26_19h41.53.956	TSRlearn_main-blocks		2025.1.1	59.89354520399567	2026-07-26 19h42.35.221722 +0200	
																																																																																																																			9.914312000037171	9.922918000025675	12.922055000031833	15.339413500041701	g	2.4020099000190385	None																																																																																																																																																																																																																																																																																						0	2026-07-26_19h41.53.956	TSRlearn_main-blocks		2025.1.1	59.89354520399567	2026-07-26 19h42.35.221722 +0200	
																																																																																																																										15.40530480002053	15.421432500006631	18.354463700030465	18.537444600020535	g	0.17440149997128174	None																																																																																																																																																																																																																																																																															0	2026-07-26_19h41.53.956	TSRlearn_main-blocks		2025.1.1	59.89354520399567	2026-07-26 19h42.35.221722 +0200	
																																																																																																																																	18.546880200039595	18.55329020001227	21.553341999999247	21.736669300007634	g	0.17089649999979883	None																																																																																																																																																																																																																																																																								0	2026-07-26_19h41.53.956	TSRlearn_main-blocks		2025.1.1	59.89354520399567	2026-07-26 19h42.35.221722 +0200	
stimuli/practice_images/anchor.jpg	stimuli/practice_images/cow.jpg	stimuli/practice_images/bread.jpg	stimuli/practice_images/plane.jpg	right	left	center	right	0	0	0	g	0.17089649999979883	0.3265804999973625																																																	0	0	0	0																									21.869016300013755																																														21.840449600014836	21.869016300013755	21.869016300013755	21.869016300013755	21.869016300013755	21.869016300013755	0.10376650001853704	21.869016300013755	22.086471300048288	g	0.17089649999979883	0.3265804999973625	22.17929650004953	22.202426000032574	22.202426000032574	22.202426000032574	22.202426000032574	22.202426000032574	23.152655500045512																																																																																																																																																																																																																																																					0	2026-07-26_19h41.53.956	TSRlearn_main-blocks		2025.1.1	59.89354520399567	2026-07-26 19h42.35.221722 +0200	
stimuli/practice_images/cow.jpg	stimuli/practice_images/ant.jpg	stimuli/practice_images/banana.jpg	stimuli/practice_images/glasses.jpg	left	right	center	left	1	1	0	r	0.2301570000126958	None																																																	0	1	1	1																									23.252231699996628																																														23.23812590003945	23.252231699996628	23.252231699996628	23.252231699996628	23.252231699996628	23.252231699996628	0.08556569996289909	23.252231699996628	23.58598010003334	r	0.2301570000126958	None	23.672354500042275	23.685131400008686	23.685131400008686	23.685131400008686	23.685131400008686	23.685131400008686	24.635534700006247																																																																																																																																																																																																																																																					0	2026-07-26_19h41.53.956	TSRlearn_main-blocks		2025.1.1	59.89354520399567	2026-07-26 19h42.35.221722 +0200	
stimuli/practice_images/ant.jpg	stimuli/practice_images/basket.jpg	stimuli/practice_images/axe.jpg	stimuli/practice_images/duck.jpg	center	left	right	up	2	2	0	b	0.09741270000813529	None																																																	0	2	2	2																									24.734636100009084																																														24.724365000030957	24.734636100009084	24.734636100009084	24.734636100009084	24.734636100009084	24.734636100009084	0.08886469999561086	24.734636100009084	24.93634670000756	b	0.09741270000813529	None	25.025749700027518	25.034684400015976	25.034684400015976	25.034684400015976	25.034684400015976	25.034684400015976	26.019062100036535																																																																																																																																																																																																																																																					0	2026-07-26_19h41.53.956	TSRlearn_main-blocks		2025.1.1	59.89354520399567	2026-07-26 19h42.35.221722 +0200	
stimuli/practice_images/basket.jpg	stimuli/practice_images/bed.jpg	stimuli/practice_images/belt.jpg	stimuli/practice_images/bread.jpg	center	right	left	up	3	3	0	g	0.031786900013685226	None																																																	0	3	3	3																									26.117615700000897																																														26.106346500047948	26.117615700000897	26.117615700000897	26.117615700000897	26.117615700000897	26.117615700000897	0.08733129996107891	26.117615700000897	26.269257800013293	g	0.031786900013685226	None	26.359426700044423	26.38482210005168	26.38482210005168	26.38482210005168	26.38482210005168	26.38482210005168	27.36926400003722																																																																																																																																																																																																																																																					0	2026-07-26_19h41.53.956	TSRlearn_main-blocks		2025.1.1	59.89354520399567	2026-07-26 19h42.35.221722 +0200	
stimuli/practice_images/bed.jpg	stimuli/practice_images/belt.jpg	stimuli/practice_images/anchor.jpg	stimuli/practice_images/desk.jpg	left	center	right	left	4	4	0	r	0.5002172999666072	None																																																	0	4	4	4																									27.466879900021013																																														27.45572720002383	27.466879900021013	27.466879900021013	27.466879900021013	27.466879900021013	27.466879900021013	0.08654499996919185	27.466879900021013	28.08454420004273	r	0.5002172999666072	None	28.17304399999557	28.183660400041845	28.183660400041845	28.183660400041845	28.183660400041845	28.183660400041845	29.13446460000705																																																																																																																																																																																																																																																					0	2026-07-26_19h41.53.956	TSRlearn_main-blocks		2025.1.1	59.89354520399567	2026-07-26 19h42.35.221722 +0200	
stimuli/practice_images/belt.jpg	stimuli/practice_images/bird.jpg	stimuli/practice_images/ant.jpg	stimuli/practice_images/crocodile.jpg	right	left	center	right	5	5	0	g	0.13026239996543154	None																																																	0	5	5	5																									29.23358980001649																																														29.220663800020702	29.23358980001649	29.23358980001649	29.23358980001649	29.23358980001649	29.23358980001649	0.08626980002736673	29.23358980001649	29.467621200019494	g	0.13026239996543154	None	29.555396800045855	29.566412000043783	29.566412000043783	29.566412000043783	29.566412000043783	29.566412000043783	30.51776020001853																																																																																																																																																																																																																																																					0	2026-07-26_19h41.53.956	TSRlearn_main-blocks		2025.1.1	59.89354520399567	2026-07-26 19h42.35.221722 +0200	
																																																																																																																																																											30.52514220000012	30.533479400037322	33.532787500007544	33.548994300013874	g	0.009432200051378459	None																																																																																																																																																																																																																																														0	2026-07-26_19h41.53.956	TSRlearn_main-blocks		2025.1.1	59.89354520399567	2026-07-26 19h42.35.221722 +0200	
																																																																																																																																																																		33.55970800004434	33.56532460002927	36.564951200038195	36.61487910000142	g	0.04808500001672655	None																																																																																																																																																																																																																																							0	2026-07-26_19h41.53.956	TSRlearn_main-blocks		2025.1.1	59.89354520399567	2026-07-26 19h42.35.221722 +0200	
																																																																																																																																																																									36.62497960001929	36.63094490004005	39.630361500021536	39.81443500000751	g	0.17278190003708005	None																																																																																																																																																																																																																																0	2026-07-26_19h41.53.956	TSRlearn_main-blocks		2025.1.1	59.89354520399567	2026-07-26 19h42.35.221722 +0200	
																																																																																																																																																																																39.824692099995445	39.82997130003059	42.813821999996435	42.94600970001193	g	0.13055729999905452	None																																																																																																																																																																																																																									0	2026-07-26_19h41.53.956	TSRlearn_main-blocks		2025.1.1	59.89354520399567	2026-07-26 19h42.35.221722 +0200	
																																																																																																																																																																																							42.952932300046086	42.96236240002327	43.44583070004592	43.57961230003275	g	0.12114409997593611	None																																																																																																																																																																																																																		0	2026-07-26_19h41.53.956	TSRlearn_main-blocks		2025.1.1	59.89354520399567	2026-07-26 19h42.35.221722 +0200	
																																																																																																																																																																																														43.58533950004494	43.5958387000137	44.079020700010005	44.413312200049404	g	0.31728459999430925	None																																																																																																																																																																																																											0	2026-07-26_19h41.53.956	TSRlearn_main-blocks		2025.1.1	59.89354520399567	2026-07-26 19h42.35.221722 +0200	
								0	0	0				3	stimuli/practice_images/cow.jpg	stimuli/practice_images/basket.jpg	None	yes	no	None	left	2	2	0.5	stimuli/practice_images/practice_sequence_overview_t3_01.jpg	0.45	1.95																																							0	0	0	0	1	0	1	0																	65.15539510000963																																																																																																											65.14264940004796	65.15539510000963	65.63921010005288	65.58941390004475	65.61899410001934	65.63921010005288	65.63921010005288	67.15478810004424	67.15478810004424	67.13841930002673	67.14080950000789	67.15478810004424	67.15478810004424	67.43865120003466	67.43865120003466	67.38828050001757	67.41610220004804	67.43865120003466	67.43865120003466	68.93784060003236	68.93784060003236	68.92123580002226	68.92351140000392	68.93784060003236	68.93784060003236	48.44428570003947	48.44428570003947	69.17224660003558	69.17233490000945	69.1884529000381	69.1884529000381	73.15341880003689	73.15341880003689	73.13728750002338	73.14037670003017	73.15341880003689	73.15341880003689	73.15341880003689	0.0030989000224508345	73.15341880003689	73.93641470000148	b	0.6763192000216804	None	73.9392138000112	0.002776099951006472	73.95277830003761	73.95277830003761	73.95277830003761	73.95277830003761	73.95277830003761	74.6362955000368	b	0.6763192000216804	0.25073249998968095	74.64660170004936	74.66910700005246	64.10575149999931	74.66910700005246	75.13578559999587	75.25259380001808	g	0.11052780004683882	None																																																																																																																																											0	2026-07-26_19h41.53.956	TSRlearn_main-blocks		2025.1.1	59.89354520399567	2026-07-26 19h42.35.221722 +0200	
								1	1	0				3	stimuli/practice_images/cow.jpg	stimuli/practice_images/belt.jpg	None	no	yes	None	right	4	2	0.5	stimuli/practice_images/practice_sequence_overview_t3_02.jpg	0.52	1.89																																							0	1	1	1	0	0	0	0																	85.49972340004751																																																																																																											85.48554840002907	85.49972340004751	86.06610080000246	86.01587280002423	86.04707230004715	86.06610080000246	86.06610080000246	87.56527479999932	87.56527479999932	87.54874680005014	87.55140670004766	87.56527479999932	87.56527479999932	87.83167090005009	87.83167090005009	87.79863650002517	87.8232594000292	87.83167090005009	87.83167090005009	89.33226930000819	89.33226930000819	89.31517040001927	89.31805370002985	89.33226930000819	89.33226930000819	79.36824870004784	79.36824870004784	89.56575580005301	89.56583820004016	89.58218840003246	89.58218840003246	93.48004130000481	93.48004130000481	93.46373519999906	93.46689360000892	93.48004130000481	93.48004130000481	93.48004130000481	0.0031677999650128186	93.48004130000481	94.76363460003631	g	1.177841000026092	None	94.76683970005251	0.003147199982777238	94.7796371000004	94.7796371000004	94.7796371000004	94.7796371000004	94.7796371000004	98.6788945000153	g	1.177841000026092	0.1778305000043474	98.68267230002675	98.694971000019	84.53270620002877	98.694971000019	99.17822350002825	99.32892260001972	y	0.14217430003918707	None																																																																																																																																											0	2026-07-26_19h41.53.956	TSRlearn_main-blocks		2025.1.1	59.89354520399567	2026-07-26 19h42.35.221722 +0200	
								2	2	0				3	stimuli/practice_images/ant.jpg	stimuli/practice_images/belt.jpg	None	yes	no	None	up	3	2	0.5	stimuli/practice_images/practice_sequence_overview_t3_03.jpg	0.61	2.15																																							0	2	2	2	0	0	0	0																	99.3450672000181																																																																																																											99.33267620002152	99.3450672000181	99.9777396999998	99.94525150000118	99.96784220001427	99.9777396999998	99.9777396999998	101.47722810000414	101.47722810000414	101.4613613000256	101.46410460001789	101.47722810000414	101.47722810000414	101.74388560000807	101.74388560000807	101.7111339000403	101.7363584000268	101.74388560000807	101.74388560000807	103.24428080004873	103.24428080004873	103.22708040004363	103.2296385000227	103.24428080004873	103.24428080004873	103.49353090004297	103.49353090004297	103.47720540000591	103.47724620002555	103.49353090004297	103.49353090004297	107.65868290001526	107.65868290001526	107.64242940000258	107.64544780005235	107.65868290001526	107.65868290001526	107.65868290001526	0.0030181999900378287	107.65868290001526	109.12538310000673	g	1.3488180999993347	None	109.12866730004316	0.0032697999849915504	109.14145080000162	109.14145080000162	109.14145080000162	109.14145080000162	109.14145080000162	111.79845290002413	g	1.3488180999993347	0.23943899996811524	111.80242920003366	111.82489079999505		111.82489079999505	112.30818210000871	112.62421080004424	b	0.3019781000330113	None																																																																																																																																											0	2026-07-26_19h41.53.956	TSRlearn_main-blocks		2025.1.1	59.89354520399567	2026-07-26 19h42.35.221722 +0200	
																																																																																																																																																																																																																																																																					112.63238460000139	112.64061420003418	113.62380120001035	113.67417040001601	b	0.04744360002223402	None																																																																																																																																				0	2026-07-26_19h41.53.956	TSRlearn_main-blocks		2025.1.1	59.89354520399567	2026-07-26 19h42.35.221722 +0200	
																																																																																																																																																																																																																																																																												113.68039990001125	113.69037490000483	114.67386920005083	114.72431370004779	b	0.03715719998581335	None																																																																																																																													0	2026-07-26_19h41.53.956	TSRlearn_main-blocks		2025.1.1	59.89354520399567	2026-07-26 19h42.35.221722 +0200	
stimuli/car/car_36.jpg	stimuli/fish/fish_19.jpg	stimuli/flower/flower_07.jpg	stimuli/hand/hand_38.jpg	right	center	left	right	0	0	0																		sequences/learning_block1_fixed-middle-10_0{participant_ID}.xlsx	sequences/retrieval_block1_fixed-middle-10_0{participant_ID}.xlsx	6	1.0	A	1	1	car	fish	flower	hand	0.58	0.31	2	11	12	6	8	b	0.05768150003859773	None																										0	0	0	0	0	0	0	0	0	0	0	0					114.87344110000413																																																																																																																																																																																									114.72930000000633	114.72934050002368	114.72951910004485	114.72955290001119	114.82956900005229	114.87344110000413	114.87344110000413	114.87344110000413	114.87344110000413	114.87344110000413	114.87344110000413	114.87344110000413	0.10004670004127547	115.02410260000033	b	0.05768150003859773	None	115.08382390002953	115.10624460002873	115.10624460002873	115.10624460002873	115.10624460002873	115.10624460002873	115.10624460002873	116.05722350004362	116.06013870000606	116.06016079999972																																																																																																		0	2026-07-26_19h41.53.956	TSRlearn_main-blocks		2025.1.1	59.89354520399567	2026-07-26 19h42.35.221722 +0200	
stimuli/fish/fish_19.jpg	stimuli/ball/ball_37.jpg	stimuli/bread/bread_04.jpg	stimuli/jacket/jacket_29.jpg	right	left	center	right	1	1	0																		sequences/learning_block1_fixed-middle-10_0{participant_ID}.xlsx	sequences/retrieval_block1_fixed-middle-10_0{participant_ID}.xlsx	6	1.0	A	1	2	fish	ball	bread	jacket	0.75	0.58	3	12	1	3	10	g	0.42903780000051484	None																										0	0	0	0	0	0	0	0	0	1	1	1					116.17336490005255																																																																																																																																																																																													116.13807950000046	116.17336490005255	116.17336490005255	116.17336490005255	116.17336490005255	116.17336490005255	116.17336490005255	116.17336490005255	0.07796520000556484	116.70666520000668	g	0.42903780000051484	None	116.78687750000972	116.80592330003856	116.80592330003856	116.80592330003856	116.80592330003856	116.80592330003856	116.80592330003856	117.75623380002799	117.75864569999976	117.7586795000243																																																																																																		0	2026-07-26_19h41.53.956	TSRlearn_main-blocks		2025.1.1	59.89354520399567	2026-07-26 19h42.35.221722 +0200	
stimuli/ball/ball_37.jpg	stimuli/house/house_30.jpg	stimuli/hammer/hammer_35.jpg	stimuli/guitar/guitar_22.jpg	center	left	right	center	2	2	0																		sequences/learning_block1_fixed-middle-10_0{participant_ID}.xlsx	sequences/retrieval_block1_fixed-middle-10_0{participant_ID}.xlsx	6	1.0	A	1	3	ball	house	hammer	guitar	0.47	0.36	4	1	9	7	13	None																												0	0	0	0	0	0	0	0	0	2	2	2					117.83867920003831																																																																																																																																																																																													117.8171977000311	117.83867920003831	117.83867920003831	117.83867920003831	117.83867920003831	117.83867920003831	117.83867920003831	117.83867920003831	0.05854729999555275	122.77628280001227	None			122.8345197000308	122.84414760000072	122.84414760000072	122.84414760000072	122.84414760000072	122.84414760000072	122.84414760000072	123.82519120001234	123.82828130002599	124.32556680002017	123.84135220001917	124.44888690003427																																																																																																0	2026-07-26_19h41.53.956	TSRlearn_main-blocks		2025.1.1	59.89354520399567	2026-07-26 19h42.35.221722 +0200	
stimuli/house/house_30.jpg	stimuli/bread/bread_04.jpg	stimuli/bicycle/bicycle_49.jpg	stimuli/chair/chair_21.jpg	center	right	left	center	3	3	0																		sequences/learning_block1_fixed-middle-10_0{participant_ID}.xlsx	sequences/retrieval_block1_fixed-middle-10_0{participant_ID}.xlsx	6	1.0	A	1	4	house	bread	bicycle	chair	0.8	0.64	5	9	3	2	4	None																												0	0	0	0	0	0	0	0	0	3	3	3					124.44888690003427																																																																																																																																																																																													124.41855380003108	124.44888690003427	124.44888690003427	124.44888690003427	124.44888690003427	124.44888690003427	124.44888690003427	124.44888690003427	0.09302270004991442	129.3481781000155	None			129.44904269999824	129.4695055000484	129.4695055000484	129.4695055000484	129.4695055000484	129.4695055000484	129.4695055000484	130.55616580002243	130.55863090005005	131.05613979999907	130.57261530001415	131.22395110002253																																																																																																0	2026-07-26_19h41.53.956	TSRlearn_main-blocks		2025.1.1	59.89354520399567	2026-07-26 19h42.35.221722 +0200	
stimuli/bread/bread_04.jpg	stimuli/bicycle/bicycle_49.jpg	stimuli/dog/dog_36.jpg	stimuli/key/key_28.jpg	left	right	center	left	4	4	0																		sequences/learning_block1_fixed-middle-10_0{participant_ID}.xlsx	sequences/retrieval_block1_fixed-middle-10_0{participant_ID}.xlsx	6	1.0	A	1	5	bread	bicycle	dog	key	0.64	0.42	6	3	2	5	15	None																												0	0	0	0	0	0	0	0	0	4	4	4					131.22395110002253																																																																																																																																																																																													131.18358200002695	131.22395110002253	131.22395110002253	131.22395110002253	131.22395110002253	131.22395110002253	131.22395110002253	131.22395110002253	0.12748010002542287	136.07540290005272	None			136.2088786000386	136.2428995000082	136.2428995000082	136.2428995000082	136.2428995000082	136.2428995000082	136.2428995000082	137.25178560003405	137.25410190003458	137.7495131000178	137.26600060000783	137.88267740001902																																																																																																0	2026-07-26_19h41.53.956	TSRlearn_main-blocks		2025.1.1	59.89354520399567	2026-07-26 19h42.35.221722 +0200	
stimuli/bicycle/bicycle_49.jpg	stimuli/flower/flower_07.jpg	stimuli/hand/hand_38.jpg	stimuli/fish/fish_19.jpg	center	left	right	center	5	5	0																		sequences/learning_block1_fixed-middle-10_0{participant_ID}.xlsx	sequences/retrieval_block1_fixed-middle-10_0{participant_ID}.xlsx	6	1.0	A	1	6	bicycle	flower	hand	fish	0.58	0.33	7	2	6	8	12	g	0.6759412999963388	None																										0	0	0	0	0	0	0	0	0	5	5	5					137.88267740001902																																																																																																																																																																																													137.83789070002967	137.88267740001902	137.88267740001902	137.88267740001902	137.88267740001902	137.88267740001902	137.88267740001902	137.88267740001902	0.08839910000097007	138.63408450002316	g	0.6759412999963388	None	138.72055780002847	138.74915340001462	138.74915340001462	138.74915340001462	138.74915340001462	138.74915340001462	138.74915340001462	139.73256100004073	139.7349000000395	139.73493140004575																																																																																																		0	2026-07-26_19h41.53.956	TSRlearn_main-blocks		2025.1.1	59.89354520399567	2026-07-26 19h42.35.221722 +0200	
stimuli/flower/flower_07.jpg	stimuli/jacket/jacket_29.jpg	stimuli/hammer/hammer_35.jpg	stimuli/house/house_30.jpg	right	left	center	right	6	6	0																		sequences/learning_block1_fixed-middle-10_0{participant_ID}.xlsx	sequences/retrieval_block1_fixed-middle-10_0{participant_ID}.xlsx	6	1.0	A	1	7	flower	jacket	hammer	house	0.69	0.27	8	6	10	7	9	None																												0	0	0	0	0	0	0	0	0	6	6	6					139.84854040003847																																																																																																																																																																																													139.8111104000127	139.84854040003847	139.84854040003847	139.84854040003847	139.84854040003847	139.84854040003847	139.84854040003847	139.84854040003847	0.07623639999656007	144.7401094000088	None			144.81932720000623	144.83224750001682	144.83224750001682	144.83224750001682	144.83224750001682	144.83224750001682	144.83224750001682	145.78628180001397	145.7897238000296	146.286359300022	145.80101680004736	146.39956800005166																																																																																																0	2026-07-26_19h41.53.956	TSRlearn_main-blocks		2025.1.1	59.89354520399567	2026-07-26 19h42.35.221722 +0200	
stimuli/jacket/jacket_29.jpg	stimuli/chair/chair_21.jpg	stimuli/car/car_36.jpg	stimuli/bicycle/bicycle_49.jpg	center	right	left	center	7	7	0																		sequences/learning_block1_fixed-middle-10_0{participant_ID}.xlsx	sequences/retrieval_block1_fixed-middle-10_0{participant_ID}.xlsx	6	1.0	A	1	8	jacket	chair	car	bicycle	0.53	0.2	9	10	4	11	2	None																												0	0	0	0	0	0	0	0	0	7	7	7					146.39956800005166																																																																																																																																																																																													146.37441670004046	146.39956800005166	146.39956800005166	146.39956800005166	146.39956800005166	146.39956800005166	146.39956800005166	146.39956800005166	0.0880612000473775	151.29828230000567	None			151.3925212000031	151.41144050000003	151.41144050000003	151.41144050000003	151.41144050000003	151.41144050000003	151.41144050000003	152.39526420005132	152.3979299000348	152.89485199999763	152.41195680003148	152.99446499999613																																																																																																0	2026-07-26_19h41.53.956	TSRlearn_main-blocks		2025.1.1	59.89354520399567	2026-07-26 19h42.35.221722 +0200	
stimuli/chair/chair_21.jpg	stimuli/dog/dog_36.jpg	stimuli/ball/ball_37.jpg	stimuli/flower/flower_07.jpg	right	center	left	right	8	8	0																		sequences/learning_block1_fixed-middle-10_0{participant_ID}.xlsx	sequences/retrieval_block1_fixed-middle-10_0{participant_ID}.xlsx	6	1.0	A	1	9	chair	dog	ball	flower	0.47	0.2	10	4	5	1	6	None																												0	0	0	0	0	0	0	0	0	8	8	8					152.99446499999613																																																																																																																																																																																													152.96619880001526	152.99446499999613	152.99446499999613	152.99446499999613	152.99446499999613	152.99446499999613	152.99446499999613	152.99446499999613	0.07135509996442124	157.9003192000091	None			157.97988190001342	157.9932757000206	157.9932757000206	157.9932757000206	157.9932757000206	157.9932757000206	157.9932757000206	158.9331420000526	158.93616560002556	159.43312270002207	158.94782770000165	159.5200513000018																																																																																																0	2026-07-26_19h41.53.956	TSRlearn_main-blocks		2025.1.1	59.89354520399567	2026-07-26 19h42.35.221722 +0200	
stimuli/dog/dog_36.jpg	stimuli/hammer/hammer_35.jpg	stimuli/car/car_36.jpg	stimuli/ball/ball_37.jpg	center	left	right	center	9	9	0																		sequences/learning_block1_fixed-middle-10_0{participant_ID}.xlsx	sequences/retrieval_block1_fixed-middle-10_0{participant_ID}.xlsx	6	1.0	A	1	10	dog	hammer	car	ball	0.67	0.53	11	5	7	11	1	None																												0	0	0	0	0	0	0	0	0	9	9	9					159.5200513000018																																																																																																																																																																																													159.49844130000565	159.5200513000018	159.5200513000018	159.5200513000018	159.5200513000018	159.5200513000018	159.5200513000018	159.5200513000018	0.06535220000660047	164.4490555000375	None			164.52552760002436	164.53967250004644	164.53967250004644	164.53967250004644	164.53967250004644	164.53967250004644	164.53967250004644	165.51342520001344	165.51639410003554	166.01264080003602	165.52805340004852	166.11675610003294																																																																																																0	2026-07-26_19h41.53.956	TSRlearn_main-blocks		2025.1.1	59.89354520399567	2026-07-26 19h42.35.221722 +0200	
stimuli/hammer/hammer_35.jpg	stimuli/hand/hand_38.jpg	stimuli/fish/fish_19.jpg	stimuli/jacket/jacket_29.jpg	right	center	left	right	10	10	0																		sequences/learning_block1_fixed-middle-10_0{participant_ID}.xlsx	sequences/retrieval_block1_fixed-middle-10_0{participant_ID}.xlsx	6	1.0	A	1	11	hammer	hand	fish	jacket	0.67	0.27	12	7	8	12	10	None																												0	0	0	0	0	0	0	0	0	10	10	10					166.11675610003294																																																																																																																																																																																													166.0837350000511	166.11675610003294	166.11675610003294	166.11675610003294	166.11675610003294	166.11675610003294	166.11675610003294	166.11675610003294	0.07116739999037236	171.024682999996	None			171.09410360001493	171.12210219999542	171.12210219999542	171.12210219999542	171.12210219999542	171.12210219999542	171.12210219999542	172.07261630002176	172.0760446000495	172.57194160000654	172.08852260001004	172.67148990003625																																																																																																0	2026-07-26_19h41.53.956	TSRlearn_main-blocks		2025.1.1	59.89354520399567	2026-07-26 19h42.35.221722 +0200	
stimuli/hand/hand_38.jpg	stimuli/guitar/guitar_22.jpg	stimuli/house/house_30.jpg	stimuli/flower/flower_07.jpg	right	left	center	right	11	11	0																		sequences/learning_block1_fixed-middle-10_0{participant_ID}.xlsx	sequences/retrieval_block1_fixed-middle-10_0{participant_ID}.xlsx	6	1.0	A	1	12	hand	guitar	house	flower	0.6	0.4	13	8	13	9	6	None																												0	0	0	0	0	0	0	0	0	11	11	11					172.67148990003625																																																																																																																																																																																													172.64266360003967	172.67148990003625	172.67148990003625	172.67148990003625	172.67148990003625	172.67148990003625	172.67148990003625	172.67148990003625	0.07076420000521466	177.58923260000302	None			177.65203970001312	177.66998350003269	177.66998350003269	177.66998350003269	177.66998350003269	177.66998350003269	177.66998350003269	178.62095090001822	178.624040100025	179.1196524000261	178.63631070003612	179.2527169000241																																																																																																0	2026-07-26_19h41.53.956	TSRlearn_main-blocks		2025.1.1	59.89354520399567	2026-07-26 19h42.35.221722 +0200	
stimuli/guitar/guitar_22.jpg	stimuli/key/key_28.jpg	stimuli/fish/fish_19.jpg	stimuli/car/car_36.jpg	center	left	right	center	12	12	0																		sequences/learning_block1_fixed-middle-10_0{participant_ID}.xlsx	sequences/retrieval_block1_fixed-middle-10_0{participant_ID}.xlsx	6	1.0	A	1	13	guitar	key	fish	car	0.8	0.26	14	13	15	12	11	None																												0	0	0	0	0	0	0	0	0	12	12	12					179.2527169000241																																																																																																																																																																																													179.21619400003692	179.2527169000241	179.2527169000241	179.2527169000241	179.2527169000241	179.2527169000241	179.2527169000241	179.2527169000241	0.09657700004754588	184.12517780001508	None			184.22274040000048	184.24326700001257	184.24326700001257	184.24326700001257	184.24326700001257	184.24326700001257	184.24326700001257	185.22291260003112	185.2256958000362	185.72210430004634	185.2381625000271	185.73872000002302																																																																																																0	2026-07-26_19h41.53.956	TSRlearn_main-blocks		2025.1.1	59.89354520399567	2026-07-26 19h42.35.221722 +0200	
								0	0	0				1	stimuli/jacket/jacket_29.jpg	stimuli/house/house_30.jpg	None	no	yes	left	left	4	1.2	0.2		0.26	2.07	sequences/learning_block1_fixed-middle-10_0{participant_ID}.xlsx	sequences/retrieval_block1_fixed-middle-10_0{participant_ID}.xlsx	6	block1	A	1																0	0	1	A	10	9	None	None	2	1.0739214000059292	None															0	0	0	0	0	0	0	0					0	0	0	0	191.84711170004448																																																																																																																																																																																																																						185.7259162000264	185.73872000002302	190.75297390000196	190.73796360002598	190.74088270001812	190.75297390000196	190.75297390000196	191.84711170004448	191.84711170004448	191.73775380000006	None	191.73787880002055	191.73793090000981	191.8439939999953	191.84711170004448	192.13847430003807	192.10358740005177	192.13098010001704	192.13847430003807	192.13847430003807	193.15345979999984	193.15345979999984	193.13716939999722	193.1372074999963	193.15345979999984	193.15345979999984	193.44516160001513	193.45830800000113	193.49239720002515	193.49239720002515	194.50237190001644	194.50237190001644	194.48677170003066	194.4868272000458	194.50237190001644	194.50237190001644	194.7521040000138	194.75215800001752	194.769378099998	194.769378099998	196.8696106999996	196.8696106999996	196.83472570002778	196.8499514000141	196.8696106999996	196.8696106999996	196.8696106999996	196.8696106999996	196.8696106999996	196.8696106999996	199.8723571000155	199.8723571000155	199.8723571000155	199.8723571000155	199.86042610002914	None	199.86262060003355	199.8723571000155	200.39659400004894	200.36332400003448	200.36579910002183	200.39659400004894	200.39659400004894	200.39659400004894	200.39659400004894	200.39659400004894	200.39659400004894	200.86278700002003	202.0628871000372	2	1.0739214000059292	None	202.06498090003151	202.06500719999894																						0	2026-07-26_19h41.53.956	TSRlearn_main-blocks		2025.1.1	59.89354520399567	2026-07-26 19h42.35.221722 +0200	
								1	1	0				1	stimuli/ball/ball_37.jpg	stimuli/bicycle/bicycle_49.jpg	None	yes	no	left	left	3	1.2	0.2		0.73	1.77	sequences/learning_block1_fixed-middle-10_0{participant_ID}.xlsx	sequences/retrieval_block1_fixed-middle-10_0{participant_ID}.xlsx	6	block1	A	1																0	1	1	A	1	2	None	b	4	0.3948845000122674	None	0.4472327000112273	None													0	0	0	0	0	0	0	0					0	1	1	1	202.07905000000028																																																																																																																																																																																																																																			202.0652539000148	202.07905000000028	202.82875929999864	202.79573070001788	202.81770650000544	202.82875929999864	202.82875929999864	203.82863810000708	203.82863810000708	203.812425000011	203.8124563000165	203.82863810000708	203.82863810000708	204.06213610002305	204.0991289000376	204.11154230003012	204.11154230003012	205.11198129999684	205.11198129999684	205.09568080003373	205.09572260000277	205.11198129999684	205.11198129999684	205.34511980001116	205.34514580003452	205.3617946000304	205.3617946000304	207.16122320003342	207.16122320003342	207.12841900001513	207.14109430002281	207.16122320003342	207.16122320003342	207.16122320003342	207.16122320003342	207.16122320003342	207.16122320003342					207.72830210003303	b	207.73071850003907			207.73074490000727	207.7324559999979	207.76164850004716	207.76164850004716	207.76164850004716	207.76164850004716	207.76164850004716	207.76164850004716	208.24418140004855	208.76075490005314	4	0.3948845000122674	None	208.76283170003444	208.7628533000243	204.11154230003012	204.11154230003012	205.3617946000304	205.3617946000304	0.4472327000112273	None																0	2026-07-26_19h41.53.956	TSRlearn_main-blocks		2025.1.1	59.89354520399567	2026-07-26 19h42.35.221722 +0200	
								2	2	0				1	stimuli/flower/flower_07.jpg	stimuli/chair/chair_21.jpg	None	no	yes	right	right	2	1.2	0.2		0.53	1.84	sequences/learning_block1_fixed-middle-10_0{participant_ID}.xlsx	sequences/retrieval_block1_fixed-middle-10_0{participant_ID}.xlsx	6	block1	A	1																0	1	1	A	6	4	None	None	None																	0	0	0	0	0	0	0	0					0	2	2	2	208.77682590001496																																																																																																																																																																																																																																			208.76311340002576	208.77682590001496	209.32655390002765	209.29383979999693	209.3187519000494	209.32655390002765	209.32655390002765	210.3270464000525	210.3270464000525	210.3105751000112	210.31062460003886	210.3270464000525	210.3270464000525	210.5605153000215	210.58626730000833	210.60986020002747	210.60986020002747	211.64149050001288	211.64149050001288	211.60570760001428	211.60574810003163	211.64149050001288	211.64149050001288	211.86490620003315	211.86497610004153	211.88256990001537	211.88256990001537	213.74780840001768	213.74780840001768	213.71217900002375	213.72580010001548	213.74780840001768	213.74780840001768	213.74780840001768	213.74780840001768	213.74780840001768	213.74780840001768					216.7280851000105	None	216.73068010003772	216.74106760002906	217.25785970001016	217.22440820001066	217.22722100000829	217.25785970001016	217.25785970001016	217.25785970001016	217.25785970001016	217.25785970001016	217.25785970001016	217.72446690005017	220.71039170003496	None			220.71271590003744	221.20767900004284	210.60986020002747	210.60986020002747					220.27331160003087	220.27331160003087	220.27331160003087	220.27331160003087	220.27331160003087	220.27331160003087	220.72339759999886	220.72339759999886	221.2229326000088							0	2026-07-26_19h41.53.956	TSRlearn_main-blocks		2025.1.1	59.89354520399567	2026-07-26 19h42.35.221722 +0200	
								3	3	0				1	stimuli/dog/dog_36.jpg	stimuli/bread/bread_04.jpg	None	yes	no	right	right	5	1.2	0.2		0.43	1.89	sequences/learning_block1_fixed-middle-10_0{participant_ID}.xlsx	sequences/retrieval_block1_fixed-middle-10_0{participant_ID}.xlsx	6	block1	A	1																0	0	1	A	5	3	None	None	None																	0	0	0	0	0	0	0	0					0	3	3	3	221.2229326000088																																																																																																																																																																																																																																			221.20804060000228	221.2229326000088	221.67308890004642	221.64040050003678	221.6531523000449	221.67308890004642	221.67308890004642	222.67278550000628	222.67278550000628	222.65648330003023	222.65651430003345	222.67278550000628	222.67278550000628	222.90621180000016	222.93014900002163	222.93889550003223	222.93889550003223	223.9398310999968	223.9398310999968	223.92268100002548	223.92272630002117	223.9398310999968	223.9398310999968	224.18914670002414	224.18921630003024	224.20607250003377	224.20607250003377	226.1214534000028	226.1214534000028	226.0883333000238	226.10115170001518	226.1214534000028	226.1214534000028	226.1214534000028	226.1214534000028	226.1214534000028	226.1214534000028	229.12058810004964	229.12058810004964	229.12058810004964	229.12058810004964	229.10673850000603	None	229.1091610000003	229.12058810004964	229.63808400003472	229.60484660003567	229.6075968000223	229.63808400003472	229.63808400003472	229.63808400003472	229.63808400003472	229.63808400003472	229.63808400003472	230.12001750001218	233.10532020003302	None			233.10698710003635	233.61934960004874	222.93889550003223	222.93889550003223					232.65249599999515	232.65249599999515	232.65249599999515	232.65249599999515	232.65249599999515	232.65249599999515	233.120822100027	233.120822100027	233.635861900053							0	2026-07-26_19h41.53.956	TSRlearn_main-blocks		2025.1.1	59.89354520399567	2026-07-26 19h42.35.221722 +0200	
								4	4	0				1	stimuli/flower/flower_07.jpg	stimuli/hand/hand_38.jpg	None	yes	no	left	left	5	1.2	0.2		0.67	1.84	sequences/learning_block1_fixed-middle-10_0{participant_ID}.xlsx	sequences/retrieval_block1_fixed-middle-10_0{participant_ID}.xlsx	6	block1	A	1																1	1	1	A	6	8	None	None	5	1.4431315999827348	None															0	0	0	0	0	0	0	0					0	4	4	4	233.635861900053																																																																																																																																																																																																																																			233.6197957000113	233.635861900053	234.33550440002	234.30296510003973	234.3292647000053	234.33550440002	234.33550440002	235.33938990003662	235.33938990003662	235.3230281000142	235.32307480002055	235.33938990003662	235.33938990003662	235.57246799999848	235.58471570000984	235.59113460005028	235.59113460005028	236.60549010004615	236.60549010004615	236.58905190002406	236.58909930003574	236.60549010004615	236.60549010004615	236.83902690000832	236.8390588000184	236.85514140001033	236.85514140001033	238.7180755000445	238.7180755000445	238.68479560001288	238.69840630004182	238.7180755000445	238.7180755000445	238.7180755000445	238.7180755000445	238.7180755000445	238.7180755000445					241.7022720000241	None	241.7046823000419	241.71644770004787	242.23300900001777	242.20031720004044	242.202756600047	242.23300900001777	242.23300900001777	242.23300900001777	242.23300900001777	242.23300900001777	242.23300900001777	242.6995784000028	244.26643450005213	5	1.4431315999827348	None	244.26854220003588	244.26856710005086	235.59113460005028	235.59113460005028	236.85514140001033	236.85514140001033																		0	2026-07-26_19h41.53.956	TSRlearn_main-blocks		2025.1.1	59.89354520399567	2026-07-26 19h42.35.221722 +0200	
								5	5	0				1	stimuli/hammer/hammer_35.jpg	stimuli/jacket/jacket_29.jpg	None	no	yes	left	left	3	1.2	0.2		0.48	1.76	sequences/learning_block1_fixed-middle-10_0{participant_ID}.xlsx	sequences/retrieval_block1_fixed-middle-10_0{participant_ID}.xlsx	6	block1	A	1																1	0	1	A	7	10	None	g	5	0.8252198999980465	None	0.3188718999736011	None													0	0	0	0	0	0	0	0					0	5	5	5	244.28239960002247																																																																																																																																																																																																																																			244.26881340000546	244.28239960002247	244.78249040001538	244.7501100000227	244.76163970003836	244.78249040001538	244.78249040001538	245.78206490003504	245.78206490003504	245.76569220004603	245.7657298000413	245.78206490003504	245.78206490003504	246.0156804000144	246.03961140004685	246.0486426000134	246.0486426000134	247.04830650001531	247.04830650001531	247.03181980003137	247.0318526000483	247.04830650001531	247.04830650001531	247.28210970002692	247.2821835000068	247.29806260002078	247.29806260002078	249.08087460004026	249.08087460004026	249.0477987000486	249.06093090004288	249.08087460004026	249.08087460004026	249.08087460004026	249.08087460004026	249.08087460004026	249.08087460004026					249.5313926000381	g	249.53354010003386			249.5335842000204	249.5354028000147	249.56400559999747	249.56400559999747	249.56400559999747	249.56400559999747	249.56400559999747	249.56400559999747		250.01491030002944	5	0.8252198999980465	None	250.01777910004603	250.0178203000105	246.0486426000134	246.0486426000134			0.3188718999736011	None																0	2026-07-26_19h41.53.956	TSRlearn_main-blocks		2025.1.1	59.89354520399567	2026-07-26 19h42.35.221722 +0200	
								6	6	0				1	stimuli/bread/bread_04.jpg	stimuli/chair/chair_21.jpg	None	no	yes	right	right	4	1.2	0.2		0.47	1.88	sequences/learning_block1_fixed-middle-10_0{participant_ID}.xlsx	sequences/retrieval_block1_fixed-middle-10_0{participant_ID}.xlsx	6	block1	A	1																1	1	1	A	3	4	None	g	5	0.29983190004713833	None	0.061133300012443215	None													0	0	0	0	0	0	0	0					0	6	6	6	250.03076730004977																																																																																																																																																																																																																																			250.01813770004082	250.03076730004977	250.53025280003203	250.49738130002515	250.5199433999951	250.53025280003203	250.53025280003203	251.53026690002298	251.53026690002298	251.5134954000241	251.51354539999738	251.53026690002298	251.53026690002298	251.76347570004873	251.77436900004977	251.7798588000005	251.7798588000005	252.7796886000433	252.7796886000433	252.7629917000304	252.76303420000477	252.7796886000433	252.7796886000433	253.0133340000175	253.01338479999686	253.02956720005022	253.02956720005022	254.92901060002623	254.92901060002623	254.89582470001187	254.90973290003603	254.92901060002623	254.92901060002623	254.92901060002623	254.92901060002623	254.92901060002623	254.92901060002623					255.1123938000528	g	255.11454760003835			255.114575900021	255.1162403000053	255.14566080004442	255.14566080004442	255.14566080004442	255.14566080004442	255.14566080004442	255.14566080004442		255.36228240001947	5	0.29983190004713833	None	255.36443170002894	255.36445980001008	251.7798588000005	251.7798588000005			0.061133300012443215	None																0	2026-07-26_19h41.53.956	TSRlearn_main-blocks		2025.1.1	59.89354520399567	2026-07-26 19h42.35.221722 +0200	
								7	7	0				1	stimuli/bicycle/bicycle_49.jpg	stimuli/house/house_30.jpg	None	yes	no	right	right	2	1.2	0.2		0.32	2.23	sequences/learning_block1_fixed-middle-10_0{participant_ID}.xlsx	sequences/retrieval_block1_fixed-middle-10_0{participant_ID}.xlsx	6	block1	A	1																1	0	1	A	2	9	None	None	5	3.7610925999470055	None															0	0	0	0	0	0	0	0					0	7	7	7	255.3789953000378																																																																																																																																																																																																																																			255.36472120002145	255.3789953000378	255.74535110004945	255.69561530003557	255.72833930002525	255.74535110004945	255.74535110004945	256.74547090003034	256.74547090003034	256.7285439000116	256.728582700016	256.74547090003034	256.74547090003034	256.9785146000213	256.99173820001306	257.01193700003205	257.01193700003205	258.0114328000345	258.0114328000345	257.9949923999957	257.9950250000111	258.0114328000345	258.0114328000345	258.24503620003816	258.24506520002615	258.2614065000089	258.2614065000089	260.5105459000333	260.5105459000333	260.47754220000934	260.4905355000519	260.5105459000333	260.5105459000333	260.5105459000333	260.5105459000333	260.5105459000333	260.5105459000333	263.509683100041	263.509683100041	263.509683100041	263.509683100041	263.4949711000081	None	263.49665139999706	263.509683100041	264.02608900005	263.99301940004807	263.99527170002693	264.02608900005	264.02608900005	264.02608900005	264.02608900005	264.02608900005	264.02608900005		264.39286340004764	5	3.7610925999470055	None	264.395378300047	264.3954068000312	257.01193700003205	257.01193700003205	258.2614065000089	258.2614065000089																		0	2026-07-26_19h41.53.956	TSRlearn_main-blocks		2025.1.1	59.89354520399567	2026-07-26 19h42.35.221722 +0200	
								8	8	0				1	stimuli/ball/ball_37.jpg	stimuli/bread/bread_04.jpg	None	yes	no	left	left	2	1.2	0.2		0.33	2.25	sequences/learning_block1_fixed-middle-10_0{participant_ID}.xlsx	sequences/retrieval_block1_fixed-middle-10_0{participant_ID}.xlsx	6	block1	A	1																2	1	1	A	1	3	None	b	None			1.3395829999935813	None													0	0	0	0	0	0	0	0					0	8	8	8	264.40990180004155																																																																																																																																																																																																																																			264.39574840001296	264.40990180004155	264.7597338000196	264.72678280004766	264.74995850003324	264.7597338000196	264.7597338000196	265.7595499000163	265.7595499000163	265.74280550004914	265.7428405000246	265.7595499000163	265.7595499000163	265.9922716000001	266.0159629000118	266.0254402999999	266.0254402999999	267.02526240004227	267.02526240004227	267.00871970003936	267.00875110004563	267.02526240004227	267.02526240004227	267.25857900001574	267.25860560004367	267.2752959000063	267.2752959000063	269.54092520003906	269.54092520003906	269.5079426000011	269.5221770000062	269.54092520003906	269.54092520003906	269.54092520003906	269.54092520003906	269.54092520003906	269.54092520003906					271.0077750000055	b	271.01005370001076			271.01007800002117	271.0117216000217	271.0406314000138	271.0406314000138	271.0406314000138	271.0406314000138	271.0406314000138	271.0406314000138	271.52366710000206	274.50793220003834	None			274.50960660004057	275.0061280000373	266.0254402999999	266.0254402999999	267.2752959000063	267.2752959000063	1.3395829999935813	None	274.0396498000482	274.0396498000482	274.0396498000482	274.0396498000482	274.0396498000482	274.0396498000482	274.52301880001323	274.52301880001323	275.0228830000269							0	2026-07-26_19h41.53.956	TSRlearn_main-blocks		2025.1.1	59.89354520399567	2026-07-26 19h42.35.221722 +0200	
								9	9	0				1	stimuli/dog/dog_36.jpg	stimuli/flower/flower_07.jpg	None	yes	no	right	right	3	1.2	0.2		0.34	1.82	sequences/learning_block1_fixed-middle-10_0{participant_ID}.xlsx	sequences/retrieval_block1_fixed-middle-10_0{participant_ID}.xlsx	6	block1	A	1																2	0	1	A	5	6	None	b	None			1.5911867000395432	None													0	0	0	0	0	0	0	0					0	9	9	9	275.0228830000269																																																																																																																																																																																																																																			275.0064488000353	275.0228830000269	275.3892881000065	275.3562372000306	275.36903630004963	275.3892881000065	275.3892881000065	276.3889487000415	276.3889487000415	276.37254920002306	276.3725881000282	276.3889487000415	276.3889487000415	276.62262630002806	276.6457648000214	276.6552977000247	276.6552977000247	277.65532830002485	277.65532830002485	277.63890000001993	277.63894470001105	277.65532830002485	277.65532830002485	277.8886514000478	277.888679900032	277.90523780003423	277.90523780003423	279.75435220001964	279.75435220001964	279.7214156000409	279.7341049000388	279.75435220001964	279.75435220001964	279.75435220001964	279.75435220001964	279.75435220001964	279.75435220001964					281.4707543000113	b	281.4729903000407			281.4730203000363	281.47489670000505	281.503846800013	281.503846800013	281.503846800013	281.503846800013	281.503846800013	281.503846800013	281.9872296000249	284.97252030001255	None			284.9742431000341	285.47088960005203	276.6552977000247	276.6552977000247	277.90523780003423	277.90523780003423	1.5911867000395432	None	284.50312840001425	284.50312840001425	284.50312840001425	284.50312840001425	284.50312840001425	284.50312840001425	284.98688820004463	284.98688820004463	285.48703560000286							0	2026-07-26_19h41.53.956	TSRlearn_main-blocks		2025.1.1	59.89354520399567	2026-07-26 19h42.35.221722 +0200	
								10	10	0				1	stimuli/chair/chair_21.jpg	stimuli/house/house_30.jpg	None	no	yes	left	left	5	1.2	0.2		0.58	2.06	sequences/learning_block1_fixed-middle-10_0{participant_ID}.xlsx	sequences/retrieval_block1_fixed-middle-10_0{participant_ID}.xlsx	6	block1	A	1																2	0	1	A	4	9	None	b	3	1.2140808000112884	None	0.6667504999786615	None													0	0	0	0	0	0	0	0					0	10	10	10	285.48703560000286																																																																																																																																																																																																																																			285.471409699996	285.48703560000286	286.08596610004315	286.0528516000486	286.06526380003197	286.08596610004315	286.08596610004315	287.0859597000526	287.0859597000526	287.0693285000161	287.06936850002967	287.0859597000526	287.0859597000526	287.3200359000475	287.3321899000439	287.3524737000116	287.3524737000116	288.3518766000052	288.3518766000052	288.33546160004335	288.33550840005046	288.3518766000052	288.3518766000052	288.58554830000503	288.58558650000487	288.60204389999853	288.60204389999853	290.68430150003405	290.68430150003405	290.6513036999968	290.6641076000524	290.68430150003405	290.68430150003405	290.68430150003405	290.68430150003405	290.68430150003405	290.68430150003405					291.46781920001376	b	291.4700304000289			291.4700570999994	291.4717267000233	291.50147000001743	291.50147000001743	291.50147000001743	291.50147000001743	291.50147000001743	291.50147000001743	291.98441570001887	292.00156840001	3	1.2140808000112884	None	292.0038719000295	292.00393510004506			288.60204389999853	288.60204389999853	0.6667504999786615	None																0	2026-07-26_19h41.53.956	TSRlearn_main-blocks		2025.1.1	59.89354520399567	2026-07-26 19h42.35.221722 +0200	
								11	11	0				1	stimuli/jacket/jacket_29.jpg	stimuli/hand/hand_38.jpg	None	no	yes	right	right	4	1.2	0.2		0.36	2.18	sequences/learning_block1_fixed-middle-10_0{participant_ID}.xlsx	sequences/retrieval_block1_fixed-middle-10_0{participant_ID}.xlsx	6	block1	A	1																2	1	1	A	10	8	None	b	3	1.4365275999880396	None	0.17403589998139068	None													0	0	0	0	0	0	0	0					0	11	11	11	292.017479000031																																																																																																																																																																																																																																			292.0043130000122	292.017479000031	292.4175541000441	292.3676641000202	292.39528270001756	292.4175541000441	292.4175541000441	293.41679250000743	293.41679250000743	293.40074450004613	293.40078140003607	293.41679250000743	293.41679250000743	293.65054100001	293.66275660000974	293.6836083000526	293.6836083000526	294.6830864000367	294.6830864000367	294.6675946000032	294.66762740002014	294.6830864000367	294.6830864000367	294.9169704000233	294.9170006000204	294.93298100004904	294.93298100004904	297.13246880000224	297.13246880000224	297.0994236000115	297.11246100004064	297.13246880000224	297.13246880000224	297.13246880000224	297.13246880000224	297.13246880000224	297.13246880000224					297.4329653000459	b	297.4356045000022			297.4356351000024	297.43747940001776	297.46568920003483	297.46568920003483	297.46568920003483	297.46568920003483	297.46568920003483	297.46568920003483	297.9487440000521	299.5150944000343	3	1.4365275999880396	None	299.51781160000246	299.5178405000479	293.6836083000526	293.6836083000526	294.93298100004904	294.93298100004904	0.17403589998139068	None																0	2026-07-26_19h41.53.956	TSRlearn_main-blocks		2025.1.1	59.89354520399567	2026-07-26 19h42.35.221722 +0200	
								12	12	0				1	stimuli/flower/flower_07.jpg	stimuli/ball/ball_37.jpg	None	yes	no	right	right	4	1.2	0.2		0.39	2.1	sequences/learning_block1_fixed-middle-10_0{participant_ID}.xlsx	sequences/retrieval_block1_fixed-middle-10_0{participant_ID}.xlsx	6	block1	A	1																3	0	1	A	6	1	None	b	3	1.213560200005304	None	0.6898224000469781	None													0	0	0	0	0	0	0	0					0	12	12	12	299.5315820000251																																																																																																																																																																																																																																			299.5181775999954	299.5315820000251	299.9480235000374	299.9150935000507	299.9396192000131	299.9480235000374	299.9480235000374	300.9477456000168	300.9477456000168	300.9312784000067	300.9313169000088	300.9477456000168	300.9477456000168	301.1814065000508	301.2030518000247	301.21448560000863	301.21448560000863	302.2141511000227	302.2141511000227	302.19761970004765	302.19766679999884	302.2141511000227	302.2141511000227	302.4477857000311	302.4478170000366	302.4641338000074	302.4641338000074	304.58014710003044	304.58014710003044	304.5470347000519	304.5610276000225	304.58014710003044	304.58014710003044	304.58014710003044	304.58014710003044	304.58014710003044	304.58014710003044					305.39643200003775	b	305.3990209000185			305.3990471000434	305.40070280001964	305.429623300035	305.429623300035	305.429623300035	305.429623300035	305.429623300035	305.429623300035	305.9130638000206	305.9134674000088	3	1.213560200005304	None	305.91578189999564	305.91581190004945	301.21448560000863	301.21448560000863	302.4641338000074	302.4641338000074	0.6898224000469781	None																0	2026-07-26_19h41.53.956	TSRlearn_main-blocks		2025.1.1	59.89354520399567	2026-07-26 19h42.35.221722 +0200	
								13	13	0				1	stimuli/jacket/jacket_29.jpg	stimuli/dog/dog_36.jpg	None	no	yes	right	right	2	1.2	0.2		0.29	1.77	sequences/learning_block1_fixed-middle-10_0{participant_ID}.xlsx	sequences/retrieval_block1_fixed-middle-10_0{participant_ID}.xlsx	6	block1	A	1																3	1	1	A	10	5	None	b	3	1.2737455000169575	None	0.6990559999831021	None													0	0	0	0	0	0	0	0					0	13	13	13	305.92968120001024																																																																																																																																																																																																																																			305.91607810003916	305.92968120001024	306.24604320002254	306.2130588000291	306.23846380005125	306.24604320002254	306.24604320002254	307.245970100048	307.245970100048	307.2300659000175	307.23010119999526	307.245970100048	307.245970100048	307.47936620004475	307.4914700000081	307.5123104000231	307.5123104000231	308.51203400001395	308.51203400001395	308.4955246000318	308.49558129999787	308.51203400001395	308.51203400001395	308.7455747000058	308.7456122000003	308.76200119999703	308.76200119999703	310.5619018000434	310.5619018000434	310.52876820001984	310.54089100001147	310.5619018000434	310.5619018000434	310.5619018000434	310.5619018000434	310.5619018000434	310.5619018000434					311.37807560001966	b	311.38074670004426			311.3807766000391	311.38286280003376	311.4110656999983	311.4110656999983	311.4110656999983	311.4110656999983	311.4110656999983	311.4110656999983	311.89460739999777	311.96172420005314	3	1.2737455000169575	None	311.9639535000315	311.9639876000001	307.5123104000231	307.5123104000231	308.76200119999703	308.76200119999703	0.6990559999831021	None																0	2026-07-26_19h41.53.956	TSRlearn_main-blocks		2025.1.1	59.89354520399567	2026-07-26 19h42.35.221722 +0200	
								14	14	0				1	stimuli/bicycle/bicycle_49.jpg	stimuli/hammer/hammer_35.jpg	None	yes	no	left	left	5	1.2	0.2		0.26	2	sequences/learning_block1_fixed-middle-10_0{participant_ID}.xlsx	sequences/retrieval_block1_fixed-middle-10_0{participant_ID}.xlsx	6	block1	A	1																3	1	1	A	2	7	None	None	3	0.05841669999063015	None															0	0	0	0	0	0	0	0					0	14	14	14	311.97787070000777																																																																																																																																																																																																																																			311.96426000003703	311.97787070000777	312.2775453000213	312.227772800019	312.2611453999998	312.2775453000213	312.2775453000213	313.2785202000523	313.2785202000523	313.26117820001673	313.2612112000352	313.2785202000523	313.2785202000523	313.51123530004406	313.5281828000443	313.54433080001036	313.54433080001036	314.5435356000089	314.5435356000089	314.52711160003673	314.52715290000197	314.5435356000089	314.5435356000089	314.7773243000265	314.7773683000123	314.7933744000038	314.7933744000038	316.8097245999961	316.8097245999961	316.7774098000373	316.79103360004956	316.8097245999961	316.8097245999961	316.8097245999961	316.8097245999961	316.8097245999961	316.8097245999961	319.8086590000312	319.8086590000312	319.8086590000312	319.8086590000312	319.79399220005143	None	319.7956520000007	319.8086590000312	320.3250275000464	320.2919274000451	320.29470490000676	320.3250275000464	320.3250275000464	320.3250275000464	320.3250275000464	320.3250275000464	320.3250275000464	320.7921955000493	320.97506260004593	3	0.05841669999063015	None	320.977139500028	320.9771679000114	313.54433080001036	313.54433080001036																				0	2026-07-26_19h41.53.956	TSRlearn_main-blocks		2025.1.1	59.89354520399567	2026-07-26 19h42.35.221722 +0200	
								15	15	0				1	stimuli/hand/hand_38.jpg	stimuli/chair/chair_21.jpg	None	no	yes	left	left	3	1.2	0.2		0.48	2.12	sequences/learning_block1_fixed-middle-10_0{participant_ID}.xlsx	sequences/retrieval_block1_fixed-middle-10_0{participant_ID}.xlsx	6	block1	A	1																3	0	1	A	8	4	None	b	3	1.2919395999633707	None	0.697018200007733	None													0	0	0	0	0	0	0	0					0	15	15	15	320.991485800012																																																																																																																																																																																																																																			320.9774199000094	320.991485800012	321.49137830000836	321.458432000014	321.46952860004967	321.49137830000836	321.49137830000836	322.49128570000175	322.49128570000175	322.4745835000067	322.47461860004114	322.49128570000175	322.49128570000175	322.72461650002515	322.73557910003	322.7408037999994	322.7408037999994	323.740856700053	323.740856700053	323.7245390000171	323.7245806000428	323.740856700053	323.740856700053	323.9743529999978	323.9743834999972	323.9906804000493	323.9906804000493	326.139852399996	326.139852399996	326.10678530001314	326.1198626999976	326.139852399996	326.139852399996	326.139852399996	326.139852399996	326.139852399996	326.139852399996					326.9567961000139	b	326.9590393000399			326.95906860003015	326.9609209000482	326.98969870002475	326.98969870002475	326.98969870002475	326.98969870002475	326.98969870002475	326.98969870002475	327.47276840003906	327.5566230000113	3	1.2919395999633707	None	327.5590649000369	327.5590973000508	322.7408037999994	322.7408037999994	323.9906804000493	323.9906804000493	0.697018200007733	None																0	2026-07-26_19h41.53.956	TSRlearn_main-blocks		2025.1.1	59.89354520399567	2026-07-26 19h42.35.221722 +0200	
								16	16	0				1	stimuli/ball/ball_37.jpg	stimuli/jacket/jacket_29.jpg	None	yes	no	left	left	5	1.2	0.2		0.48	1.94	sequences/learning_block1_fixed-middle-10_0{participant_ID}.xlsx	sequences/retrieval_block1_fixed-middle-10_0{participant_ID}.xlsx	6	block1	A	1																4	1	1	A	1	10	None	g	3	0.8786813000333495	None	0.42443930002627894	None													0	0	0	0	0	0	0	0					0	16	16	16	327.572926599998																																																																																																																																																																																																																																			327.5593593000085	327.572926599998	328.0726423000451	328.0396839000168	328.0609653000138	328.0726423000451	328.0726423000451	329.07227460003924	329.07227460003924	329.05579240003135	329.0558301000274	329.07227460003924	329.07227460003924	329.3057752000168	329.3295006999979	329.33869020000566	329.33869020000566	330.3385130999959	330.3385130999959	330.3221725000185	330.32220830000006	330.3385130999959	330.3385130999959	330.5722141000442	330.57224200002383	330.5886109000421	330.5886109000421	332.55461520003155	332.55461520003155	332.52155720000155	332.53467670001555	332.55461520003155	332.55461520003155	332.55461520003155	332.55461520003155	332.55461520003155	332.55461520003155					333.10480860003736	g	333.10722490004264			333.10725440003444	333.1089965000283	333.1375860000262	333.1375860000262	333.1375860000262	333.1375860000262	333.1375860000262	333.1375860000262		333.5546466000378	3	0.8786813000333495	None	333.55692950001685	333.5569583000033	329.33869020000566	329.33869020000566	330.5886109000421	330.5886109000421	0.42443930002627894	None																0	2026-07-26_19h41.53.956	TSRlearn_main-blocks		2025.1.1	59.89354520399567	2026-07-26 19h42.35.221722 +0200	
								17	17	0				1	stimuli/chair/chair_21.jpg	stimuli/bicycle/bicycle_49.jpg	None	yes	no	right	right	3	1.2	0.2		0.25	1.88	sequences/learning_block1_fixed-middle-10_0{participant_ID}.xlsx	sequences/retrieval_block1_fixed-middle-10_0{participant_ID}.xlsx	6	block1	A	1																4	0	1	A	4	2	None	b	3	1.15283969999291	None	0.5525506000267342	None													0	0	0	0	0	0	0	0					0	17	17	17	333.5707684000372																																																																																																																																																																																																																																			333.5572445000289	333.5707684000372	333.83733609999763	333.80443180003203	333.81624650000595	333.83733609999763	333.83733609999763	334.8372259000316	334.8372259000316	334.82101270003477	334.82105930004036	334.8372259000316	334.8372259000316	335.0708465000498	335.1034551000339	335.1204519000021	335.1204519000021	336.1205575000495	336.1205575000495	336.1035677000182	336.1035981000168	336.1205575000495	336.1205575000495	336.3536528000259	336.3536796999979	336.3702726000338	336.3702726000338	338.26990470004966	338.26990470004966	338.23713340004906	338.2519376000273	338.26990470004966	338.26990470004966	338.26990470004966	338.26990470004966	338.26990470004966	338.26990470004966					338.95253579999553	b	338.9547680999967			338.9547917000018	338.956426400051	338.9858378000208	338.9858378000208	338.9858378000208	338.9858378000208	338.9858378000208	338.9858378000208	339.4692517000367	339.55337460001465	3	1.15283969999291	None	339.5565126000438	339.5565508000436	335.1204519000021	335.1204519000021	336.3702726000338	336.3702726000338	0.5525506000267342	None																0	2026-07-26_19h41.53.956	TSRlearn_main-blocks		2025.1.1	59.89354520399567	2026-07-26 19h42.35.221722 +0200	
								18	18	0				1	stimuli/hand/hand_38.jpg	stimuli/dog/dog_36.jpg	None	no	yes	left	left	2	1.2	0.2		0.52	2.08	sequences/learning_block1_fixed-middle-10_0{participant_ID}.xlsx	sequences/retrieval_block1_fixed-middle-10_0{participant_ID}.xlsx	6	block1	A	1																4	0	1	A	8	5	None	b	3	0.9665246999938972	None	0.42569130001356825	None													0	0	0	0	0	0	0	0					0	18	18	18	339.56958170002326																																																																																																																																																																																																																																			339.5568856000318	339.56958170002326	340.1187925999984	340.0857269000262	340.1046108000446	340.1187925999984	340.1187925999984	341.11862670001574	341.11862670001574	341.1022195999976	341.1022567000473	341.11862670001574	341.11862670001574	341.35208340000827	341.364415500022	341.38524960004725	341.38524960004725	342.3854179000482	342.3854179000482	342.36811700003454	342.36815370002296	342.3854179000482	342.3854179000482	342.6181904000114	342.61822380003287	342.63467860000674	342.63467860000674	344.7339779000031	344.7339779000031	344.70083200000226	344.71525500004645	344.7339779000031	344.7339779000031	344.7339779000031	344.7339779000031	344.7339779000031	344.7339779000031					345.2839477000525	b	345.2863961000112			345.2864292000304	345.2881527999998	345.31720460002543	345.31720460002543	345.31720460002543	345.31720460002543	345.31720460002543	345.31720460002543	345.8005499000428	345.8340080000344	3	0.9665246999938972	None	345.8365675000241	345.83659890003037	341.38524960004725	341.38524960004725	342.63467860000674	342.63467860000674	0.42569130001356825	None																0	2026-07-26_19h41.53.956	TSRlearn_main-blocks		2025.1.1	59.89354520399567	2026-07-26 19h42.35.221722 +0200	
								19	19	0				1	stimuli/flower/flower_07.jpg	stimuli/hammer/hammer_35.jpg	None	no	yes	right	right	4	1.2	0.2		0.52	2.2	sequences/learning_block1_fixed-middle-10_0{participant_ID}.xlsx	sequences/retrieval_block1_fixed-middle-10_0{participant_ID}.xlsx	6	block1	A	1																4	1	1	A	6	7	None	b	3	1.442188700020779	None	0.9080702000064775	None													0	0	0	0	0	0	0	0					0	19	19	19	345.8504497000249																																																																																																																																																																																																																																			345.8369111000211	345.8504497000249	346.40002310002455	346.36718890001066	346.3927799000521	346.40002310002455	346.40002310002455	347.39996640000027	347.39996640000027	347.3834489000146	347.3834819000331	347.39996640000027	347.39996640000027	347.633358400024	347.6449806000455	347.66643130005104	347.66643130005104	348.66633400000865	348.66633400000865	348.64992630004417	348.64996570005314	348.66633400000865	348.66633400000865	348.8999746000045	348.9000088000321	348.9160909000202	348.9160909000202	351.1318700000411	351.1318700000411	351.0990484000067	351.1125529000419	351.1318700000411	351.1318700000411	351.1318700000411	351.1318700000411	351.1318700000411	351.1318700000411					352.16542820003815	b	352.1678648000234			352.1678924000007	352.16963070002384	352.1983882000204	352.1983882000204	352.1983882000204	352.1983882000204	352.1983882000204	352.1983882000204	352.6814939000178	352.69875810004305	3	1.442188700020779	None	352.7009686999954	352.7009933000081	347.66643130005104	347.66643130005104	348.9160909000202	348.9160909000202	0.9080702000064775	None																0	2026-07-26_19h41.53.956	TSRlearn_main-blocks		2025.1.1	59.89354520399567	2026-07-26 19h42.35.221722 +0200	
stimuli/car/car_36.jpg	stimuli/fish/fish_19.jpg	stimuli/ball/ball_37.jpg	stimuli/hammer/hammer_35.jpg	right	center	left	right	0	0	0																		sequences/learning_block1_fixed-middle-10_0{participant_ID}.xlsx	sequences/retrieval_block1_fixed-middle-10_0{participant_ID}.xlsx	6	1.0	A	2	1	car	fish	ball	hammer	0.8	0.36	2	11	12	1	7	b	0.6412726999842562	None																										0	0	0	0	1	0	1	0	0	0	0	0					353.8312184000388																																																																																																																																																																																											353.69839740003226	353.6984544000006	353.7989865000127	353.8312184000388	353.8312184000388	353.8312184000388	353.8312184000388	353.8312184000388	353.8312184000388	353.8312184000388	0.10056619998067617	354.5816455000313	b	0.6412726999842562	None	354.64378860004945	354.6642770000035	354.6642770000035	354.6642770000035	354.6642770000035	354.6642770000035	354.6642770000035	355.6147004000377	355.6171078000334	355.61715480004204																																																																																												352.7056328000035	352.705655400001	352.7070842999965	352.71481360000325	353.8312184000388	353.698234600015	0	2026-07-26_19h41.53.956	TSRlearn_main-blocks		2025.1.1	59.89354520399567	2026-07-26 19h42.35.221722 +0200	
stimuli/fish/fish_19.jpg	stimuli/ball/ball_37.jpg	stimuli/flower/flower_07.jpg	stimuli/key/key_28.jpg	left	right	center	left	1	1	0																		sequences/learning_block1_fixed-middle-10_0{participant_ID}.xlsx	sequences/retrieval_block1_fixed-middle-10_0{participant_ID}.xlsx	6	1.0	A	2	2	fish	ball	flower	key	0.64	0.25	3	12	1	6	15	None																												0	0	0	0	1	0	1	0	0	1	1	1					355.8137952000252																																																																																																																																																																																													355.7723325000261	355.8137952000252	355.8137952000252	355.8137952000252	355.8137952000252	355.8137952000252	355.8137952000252	355.8137952000252	0.15521120000630617	360.6355040000053	None			360.77205660002073	360.79305090004345	360.79305090004345	360.79305090004345	360.79305090004345	360.79305090004345	360.79305090004345	361.7327052000328	361.73522950004553	362.2321375000174	361.74929609999526	362.35032750002574																																																																																																0	2026-07-26_19h41.53.956	TSRlearn_main-blocks		2025.1.1	59.89354520399567	2026-07-26 19h42.35.221722 +0200	
stimuli/ball/ball_37.jpg	stimuli/house/house_30.jpg	stimuli/bicycle/bicycle_49.jpg	stimuli/hand/hand_38.jpg	center	right	left	center	2	2	0																		sequences/learning_block1_fixed-middle-10_0{participant_ID}.xlsx	sequences/retrieval_block1_fixed-middle-10_0{participant_ID}.xlsx	6	1.0	A	2	3	ball	house	bicycle	hand	0.75	0.42	4	1	9	2	8	None																												0	0	0	0	1	0	1	0	0	2	2	2					362.35032750002574																																																																																																																																																																																													362.3231938999961	362.35032750002574	362.35032750002574	362.35032750002574	362.35032750002574	362.35032750002574	362.35032750002574	362.35032750002574	0.09108030004426837	367.26588850002736	None			367.3914182000444	367.41829440003494	367.41829440003494	367.41829440003494	367.41829440003494	367.41829440003494	367.41829440003494	368.39835250005126	368.4015987000312	368.89794970001094	368.4142946000211	369.0660872000153																																																																																																0	2026-07-26_19h41.53.956	TSRlearn_main-blocks		2025.1.1	59.89354520399567	2026-07-26 19h42.35.221722 +0200	
stimuli/house/house_30.jpg	stimuli/bread/bread_04.jpg	stimuli/key/key_28.jpg	stimuli/fish/fish_19.jpg	right	center	left	right	3	3	0																		sequences/learning_block1_fixed-middle-10_0{participant_ID}.xlsx	sequences/retrieval_block1_fixed-middle-10_0{participant_ID}.xlsx	6	1.0	A	2	4	house	bread	key	fish	0.36	0.2	5	9	3	15	12	None																												0	0	0	0	1	0	1	0	0	3	3	3					369.0660872000153																																																																																																																																																																																													369.02542180003366	369.0660872000153	369.0660872000153	369.0660872000153	369.0660872000153	369.0660872000153	369.0660872000153	369.0660872000153	0.12750459997914732	373.90365980000934	None			374.02455090003787	374.0538097000099	374.0538097000099	374.0538097000099	374.0538097000099	374.0538097000099	374.0538097000099	375.0990974000306	375.10248990001855	375.61163200001465	375.11473080003634	375.74498270003824																																																																																																0	2026-07-26_19h41.53.956	TSRlearn_main-blocks		2025.1.1	59.89354520399567	2026-07-26 19h42.35.221722 +0200	
stimuli/bread/bread_04.jpg	stimuli/bicycle/bicycle_49.jpg	stimuli/car/car_36.jpg	stimuli/ball/ball_37.jpg	left	right	center	left	4	4	0																		sequences/learning_block1_fixed-middle-10_0{participant_ID}.xlsx	sequences/retrieval_block1_fixed-middle-10_0{participant_ID}.xlsx	6	1.0	A	2	5	bread	bicycle	car	ball	0.33	0.2	6	3	2	11	1	None																												0	0	0	0	1	0	1	0	0	4	4	4					375.74498270003824																																																																																																																																																																																													375.7149876000476	375.74498270003824	375.74498270003824	375.74498270003824	375.74498270003824	375.74498270003824	375.74498270003824	375.74498270003824	0.1033931999700144	380.6159542000387	None			380.72083060001023	380.7418660999974	380.7418660999974	380.7418660999974	380.7418660999974	380.7418660999974	380.7418660999974	381.6951303000096	381.69778350001434	382.20588340004906	381.7108974000439	382.3388606000226																																																																																																0	2026-07-26_19h41.53.956	TSRlearn_main-blocks		2025.1.1	59.89354520399567	2026-07-26 19h42.35.221722 +0200	
stimuli/bicycle/bicycle_49.jpg	stimuli/flower/flower_07.jpg	stimuli/hammer/hammer_35.jpg	stimuli/guitar/guitar_22.jpg	right	left	center	right	5	5	0																		sequences/learning_block1_fixed-middle-10_0{participant_ID}.xlsx	sequences/retrieval_block1_fixed-middle-10_0{participant_ID}.xlsx	6	1.0	A	2	6	bicycle	flower	hammer	guitar	0.64	0.53	7	2	6	7	13	g	0.5959693000186235	None																										0	0	0	0	1	0	1	0	0	5	5	5					382.3388606000226																																																																																																																																																																																													382.30270970001584	382.3388606000226	382.3388606000226	382.3388606000226	382.3388606000226	382.3388606000226	382.3388606000226	382.3388606000226	0.09685580001678318	383.03925880003953	g	0.5959693000186235	None	383.12744330003625	383.15544210001826	383.15544210001826	383.15544210001826	383.15544210001826	383.15544210001826	383.15544210001826	384.10562570003094	384.10775710002054	384.1077854000032																																																																																																		0	2026-07-26_19h41.53.956	TSRlearn_main-blocks		2025.1.1	59.89354520399567	2026-07-26 19h42.35.221722 +0200	
stimuli/flower/flower_07.jpg	stimuli/jacket/jacket_29.jpg	stimuli/ball/ball_37.jpg	stimuli/bread/bread_04.jpg	left	center	right	left	6	6	0																		sequences/learning_block1_fixed-middle-10_0{participant_ID}.xlsx	sequences/retrieval_block1_fixed-middle-10_0{participant_ID}.xlsx	6	1.0	A	2	7	flower	jacket	ball	bread	0.33	0.2	8	6	10	1	3	g	1.798401499981992	None																										0	0	0	0	1	0	1	0	0	6	6	6					384.2550661000423																																																																																																																																																																																													384.2178442000295	384.2550661000423	384.2550661000423	384.2550661000423	384.2550661000423	384.2550661000423	384.2550661000423	384.2550661000423	0.11009269999340177	386.1554301000433	g	1.798401499981992	None	386.2671915999963	386.2879428000306	386.2879428000306	386.2879428000306	386.2879428000306	386.2879428000306	386.2879428000306	387.2387232000474	387.24077390000457	387.24079880001955																																																																																																		0	2026-07-26_19h41.53.956	TSRlearn_main-blocks		2025.1.1	59.89354520399567	2026-07-26 19h42.35.221722 +0200	
stimuli/jacket/jacket_29.jpg	stimuli/chair/chair_21.jpg	stimuli/dog/dog_36.jpg	stimuli/key/key_28.jpg	left	center	right	left	7	7	0																		sequences/learning_block1_fixed-middle-10_0{participant_ID}.xlsx	sequences/retrieval_block1_fixed-middle-10_0{participant_ID}.xlsx	6	1.0	A	2	8	jacket	chair	dog	key	0.8	0.58	9	10	4	5	15	r	1.4831990999518894	None																										0	0	0	0	1	0	1	0	0	7	7	7					387.47100930003216																																																																																																																																																																																													387.37772920000134	387.47100930003216	387.47100930003216	387.47100930003216	387.47100930003216	387.47100930003216	387.47100930003216	387.47100930003216	0.13696279999567196	389.00479900004575	r	1.4831990999518894	None	389.12102070002584	389.15378010005224	389.15378010005224	389.15378010005224	389.15378010005224	389.15378010005224	389.15378010005224	390.10467349999817	390.107057300047	390.1070819000015																																																																																																		0	2026-07-26_19h41.53.956	TSRlearn_main-blocks		2025.1.1	59.89354520399567	2026-07-26 19h42.35.221722 +0200	
stimuli/chair/chair_21.jpg	stimuli/dog/dog_36.jpg	stimuli/hammer/hammer_35.jpg	stimuli/house/house_30.jpg	right	left	center	right	8	8	0																		sequences/learning_block1_fixed-middle-10_0{participant_ID}.xlsx	sequences/retrieval_block1_fixed-middle-10_0{participant_ID}.xlsx	6	1.0	A	2	9	chair	dog	hammer	house	0.8	0.4	10	4	5	7	9	b	0.8608191999956034	None																										0	0	0	0	1	0	1	0	0	8	8	8					390.1860011999961																																																																																																																																																																																													390.16203730000416	390.1860011999961	390.1860011999961	390.1860011999961	390.1860011999961	390.1860011999961	390.1860011999961	390.1860011999961	0.0549855999997817	391.1539028999978	b	0.8608191999956034	None	391.2024286000524	391.2195436000475	391.2195436000475	391.2195436000475	391.2195436000475	391.2195436000475	391.2195436000475	392.1708964999998	392.1734522000188	392.1734775000368																																																																																																		0	2026-07-26_19h41.53.956	TSRlearn_main-blocks		2025.1.1	59.89354520399567	2026-07-26 19h42.35.221722 +0200	
stimuli/dog/dog_36.jpg	stimuli/hammer/hammer_35.jpg	stimuli/guitar/guitar_22.jpg	stimuli/jacket/jacket_29.jpg	right	left	center	right	9	9	0																		sequences/learning_block1_fixed-middle-10_0{participant_ID}.xlsx	sequences/retrieval_block1_fixed-middle-10_0{participant_ID}.xlsx	6	1.0	A	2	10	dog	hammer	guitar	jacket	0.75	0.2	11	5	7	13	10	g	1.4683788999682292	None																										0	0	0	0	1	0	1	0	0	9	9	9					392.2693277000217																																																																																																																																																																																													392.23814319999656	392.2693277000217	392.2693277000217	392.2693277000217	392.2693277000217	392.2693277000217	392.2693277000217	392.2693277000217	0.06469859997741878	393.83663570001954	g	1.4683788999682292	None	393.9008939000196	393.91858340002364	393.91858340002364	393.91858340002364	393.91858340002364	393.91858340002364	393.91858340002364	394.86955600004876	394.87199760001386	394.87202660000185																																																																																																		0	2026-07-26_19h41.53.956	TSRlearn_main-blocks		2025.1.1	59.89354520399567	2026-07-26 19h42.35.221722 +0200	
stimuli/hammer/hammer_35.jpg	stimuli/hand/hand_38.jpg	stimuli/key/key_28.jpg	stimuli/chair/chair_21.jpg	left	center	right	left	10	10	0																		sequences/learning_block1_fixed-middle-10_0{participant_ID}.xlsx	sequences/retrieval_block1_fixed-middle-10_0{participant_ID}.xlsx	6	1.0	A	2	11	hammer	hand	key	chair	0.75	0.2	12	7	8	15	4	g	2.4357283000135794	None																										0	0	0	0	1	0	1	0	0	10	10	10					395.01865090004867																																																																																																																																																																																													394.97198420000495	395.01865090004867	395.01865090004867	395.01865090004867	395.01865090004867	395.01865090004867	395.01865090004867	395.01865090004867	0.0999866999918595	397.5369223000016	g	2.4357283000135794	None	397.62953350000316	397.6502696000389	397.6502696000389	397.6502696000389	397.6502696000389	397.6502696000389	397.6502696000389	398.6017533999984	398.6038139000302	398.6038352000178																																																																																																		0	2026-07-26_19h41.53.956	TSRlearn_main-blocks		2025.1.1	59.89354520399567	2026-07-26 19h42.35.221722 +0200	
stimuli/hand/hand_38.jpg	stimuli/guitar/guitar_22.jpg	stimuli/fish/fish_19.jpg	stimuli/jacket/jacket_29.jpg	left	right	center	left	11	11	0																		sequences/learning_block1_fixed-middle-10_0{participant_ID}.xlsx	sequences/retrieval_block1_fixed-middle-10_0{participant_ID}.xlsx	6	1.0	A	2	12	hand	guitar	fish	jacket	0.73	0.33	13	8	13	12	10	b	2.421331999998074	None																										0	0	0	0	1	0	1	0	0	11	11	11					398.70039300003555																																																																																																																																																																																													398.6671390000265	398.70039300003555	398.70039300003555	398.70039300003555	398.70039300003555	398.70039300003555	398.70039300003555	398.70039300003555	0.06334059999790043	401.2341134000453	b	2.421331999998074	None	401.2955698000151	401.31612670002505	401.31612670002505	401.31612670002505	401.31612670002505	401.31612670002505	401.31612670002505	402.2668940000003	402.2694973000325	402.26952720002737																																																																																																		0	2026-07-26_19h41.53.956	TSRlearn_main-blocks		2025.1.1	59.89354520399567	2026-07-26 19h42.35.221722 +0200	
stimuli/guitar/guitar_22.jpg	stimuli/key/key_28.jpg	stimuli/bread/bread_04.jpg	stimuli/dog/dog_36.jpg	center	left	right	center	12	12	0																		sequences/learning_block1_fixed-middle-10_0{participant_ID}.xlsx	sequences/retrieval_block1_fixed-middle-10_0{participant_ID}.xlsx	6	1.0	A	2	13	guitar	key	bread	dog	0.6	0.27	14	13	15	3	5	r	1.582824699988123	None																										0	0	0	0	1	0	1	0	0	12	12	12					402.4157434000517																																																																																																																																																																																													402.3748746000347	402.4157434000517	402.4157434000517	402.4157434000517	402.4157434000517	402.4157434000517	402.4157434000517	402.4157434000517	0.10540280002169311	404.100852500007	r	1.582824699988123	None	404.21193630003836	404.24946920003276	404.24946920003276	404.24946920003276	404.24946920003276	404.24946920003276	404.24946920003276	405.23353690002114	405.23571720003383	405.23574430000735																																																																																																		0	2026-07-26_19h41.53.956	TSRlearn_main-blocks		2025.1.1	59.89354520399567	2026-07-26 19h42.35.221722 +0200	
								0	0	0				1	stimuli/bread/bread_04.jpg	stimuli/jacket/jacket_29.jpg	None	no	yes	right	right	3	1.2	0.2		0.45	1.84	sequences/learning_block1_fixed-middle-10_0{participant_ID}.xlsx	sequences/retrieval_block1_fixed-middle-10_0{participant_ID}.xlsx	6	block1	A	2																0	1	2	A	3	10	None	g	2	1.2761713999789208	None	1.742621399986092	None													0	0	0	0	1	0	1	0					0	0	0	0	411.32968290004646																																																																																																																																																																																																																						405.23940870002843	405.2484309000429	410.2475333000184	410.23127089999616	410.2313939000014	410.2475333000184	410.2475333000184	411.32968290004646	411.32968290004646	411.23046580003574	None	411.2305810000398	411.2306263000355	411.3244606000371	411.32968290004646	411.79611060000025	411.7640044	411.7904405000154	411.79611060000025	411.79611060000025	412.7968310000142	412.7968310000142	412.78075050003827	412.78078260004986	412.7968310000142	412.7968310000142	413.0311171000358	413.05523480003467	413.06249130005017	413.06249130005017	414.0641465000226	414.0641465000226	414.0467025000253	414.04674110002816	414.0641465000226	414.0641465000226	414.31280390004395	414.31285170000046	414.3295865000109	414.3295865000109	416.19496980000986	416.19496980000986	416.1622054000036	416.174447300029	416.19496980000986	416.19496980000986	416.19496980000986	416.19496980000986	416.19496980000986	416.19496980000986					418.04524980002316	g	418.0477942000143			418.04782410000917	418.0501996999956	418.07903710001847	418.07903710001847	418.07903710001847	418.07903710001847	418.07903710001847	418.07903710001847	418.56267240003217	419.9456879000063	2	1.2761713999789208	None	419.94781810004497	419.9478377000196					1.742621399986092	None																0	2026-07-26_19h41.53.956	TSRlearn_main-blocks		2025.1.1	59.89354520399567	2026-07-26 19h42.35.221722 +0200	
								1	1	0				1	stimuli/dog/dog_36.jpg	stimuli/bicycle/bicycle_49.jpg	None	yes	no	right	right	4	1.2	0.2		0.42	1.84	sequences/learning_block1_fixed-middle-10_0{participant_ID}.xlsx	sequences/retrieval_block1_fixed-middle-10_0{participant_ID}.xlsx	6	block1	A	2																0	0	2	A	5	2	None	b	4	1.7357893000007607	None	1.322074599971529	None													0	0	0	0	1	0	1	0					0	1	1	1	419.96156270004576																																																																																																																																																																																																																																			419.9480879000039	419.96156270004576	420.41106040001614	420.3785436000326	420.38987710000947	420.41106040001614	420.41106040001614	421.4105754000484	421.4105754000484	421.39509200002067	421.3952016000403	421.4105754000484	421.4105754000484	421.64511560002575	421.6789127000375	421.69338100001914	421.69338100001914	422.6944828000269	422.6944828000269	422.6780560000334	422.6781272000517	422.6944828000269	422.6944828000269	422.94341410003835	422.94346199999563	422.9598353000474	422.9598353000474	424.8255000000354	424.8255000000354	424.7931925000157	424.8058464000351	424.8255000000354	424.8255000000354	424.8255000000354	424.8255000000354	424.8255000000354	424.8255000000354					426.25991320004687	b	426.2623443000484			426.2623764000018	426.26420259999577	426.2923873999971	426.2923873999971	426.2923873999971	426.2923873999971	426.2923873999971	426.2923873999971	426.775774800044	428.64164320001146	4	1.7357893000007607	None	428.6440907000215	428.6441222000285	421.69338100001914	421.69338100001914			1.322074599971529	None																0	2026-07-26_19h41.53.956	TSRlearn_main-blocks		2025.1.1	59.89354520399567	2026-07-26 19h42.35.221722 +0200	
								2	2	0				1	stimuli/hammer/hammer_35.jpg	stimuli/chair/chair_21.jpg	None	no	yes	left	left	2	1.2	0.2		0.62	1.83	sequences/learning_block1_fixed-middle-10_0{participant_ID}.xlsx	sequences/retrieval_block1_fixed-middle-10_0{participant_ID}.xlsx	6	block1	A	2																0	0	2	A	7	4	None	b	2	1.4744347000378184	None	0.5092758000246249	None													0	0	0	0	1	0	1	0					0	2	2	2	428.65798770001857																																																																																																																																																																																																																																			428.644395100011	428.65798770001857	429.30784850002965	429.2743275000248	429.2858541000169	429.30784850002965	429.30784850002965	430.30772090004757	430.30772090004757	430.2907005000161	430.29073350003455	430.30772090004757	430.30772090004757	430.54202920000535	430.55450550001115	430.5751931000268	430.5751931000268	431.59152180003	431.59152180003	431.57517020002706	431.5752169000334	431.59152180003	431.59152180003	431.8248813000391	431.82490710000275	431.8415369000286	431.8415369000286	433.6893849000335	433.6893849000335	433.65687679999974	433.6702512000338	433.6893849000335	433.6893849000335	433.6893849000335	433.6893849000335	433.6893849000335	433.6893849000335					434.32336530002067	b	434.32630780001637			434.3263436999987	434.3283705000067	434.3565208000364	434.3565208000364	434.3565208000364	434.3565208000364	434.3565208000364	434.3565208000364	434.8395273000351	436.4390837000101	2	1.4744347000378184	None	436.4413256000262	436.4413571000332			431.8415369000286	431.8415369000286	0.5092758000246249	None																0	2026-07-26_19h41.53.956	TSRlearn_main-blocks		2025.1.1	59.89354520399567	2026-07-26 19h42.35.221722 +0200	
								3	3	0				1	stimuli/flower/flower_07.jpg	stimuli/hand/hand_38.jpg	None	yes	no	left	left	5	1.2	0.2		0.46	2.13	sequences/learning_block1_fixed-middle-10_0{participant_ID}.xlsx	sequences/retrieval_block1_fixed-middle-10_0{participant_ID}.xlsx	6	block1	A	2																0	1	2	A	6	8	None	g	2	1.282864700013306	None	1.2479273999924771	None													0	0	0	0	1	0	1	0					0	3	3	3	436.4558269000263																																																																																																																																																																																																																																			436.4416225000168	436.4558269000263	436.9383220000309	436.9060982000083	436.9290008000098	436.9383220000309	436.9383220000309	437.9397688000463	437.9397688000463	437.92284360004123	437.9228903000476	437.9397688000463	437.9397688000463	438.1731332000345	438.1850207000389	438.2053341999999	438.2053341999999	439.20589790004306	439.20589790004306	439.18930970004294	439.18934870004887	439.20589790004306	439.20589790004306	439.4390800000401	439.439108200022	439.4546732000308	439.4546732000308	441.6038921000436	441.6038921000436	441.57236069999635	441.58636010001646	441.6038921000436	441.6038921000436	441.6038921000436	441.6038921000436	441.6038921000436	441.6038921000436					442.9704591000336	g	442.9730208000401			442.9730519000441	442.97478390001925	443.00359950005077	443.00359950005077	443.00359950005077	443.00359950005077	443.00359950005077	443.00359950005077	443.4868309000158	444.9033352000406	2	1.282864700013306	None	444.9055464999983	444.90557510004146			439.4546732000308	439.4546732000308	1.2479273999924771	None																0	2026-07-26_19h41.53.956	TSRlearn_main-blocks		2025.1.1	59.89354520399567	2026-07-26 19h42.35.221722 +0200	
								4	4	0				1	stimuli/bread/bread_04.jpg	stimuli/ball/ball_37.jpg	None	yes	no	right	right	2	1.2	0.2		0.26	1.99	sequences/learning_block1_fixed-middle-10_0{participant_ID}.xlsx	sequences/retrieval_block1_fixed-middle-10_0{participant_ID}.xlsx	6	block1	A	2																1	0	2	A	3	1	None	g	5	0.6352329999790527	None	0.661115700029768	None													0	0	0	0	1	0	1	0					0	4	4	4	444.92039630003273																																																																																																																																																																																																																																			444.90583590004826	444.92039630003273	445.2026389000239	445.1700497000129	445.1942932000384	445.2026389000239	445.2026389000239	446.20294380001724	446.20294380001724	446.18696479999926	446.18702120002126	446.20294380001724	446.20294380001724	446.4361261000158	446.45821890002117	446.46881040005246	446.46881040005246	447.4688486000523	447.4688486000523	447.4518699000473	447.4519082000479	447.4688486000523	447.4688486000523	447.70247440005187	447.7025230000145	447.7185995000182	447.7185995000182	449.73425100004533	449.73425100004533	449.7026513000019	449.71590470004594	449.73425100004533	449.73425100004533	449.73425100004533	449.73425100004533	449.73425100004533	449.73425100004533					450.5180335000041	g	450.5203018000466			450.5203273000079	450.5220803000266	450.55160100001376	450.55160100001376	450.55160100001376	450.55160100001376	450.55160100001376	450.55160100001376	451.034299400053	451.8013060000376	5	0.6352329999790527	None	451.8048027000041	451.8048637000029	446.46881040005246	446.46881040005246			0.661115700029768	None																0	2026-07-26_19h41.53.956	TSRlearn_main-blocks		2025.1.1	59.89354520399567	2026-07-26 19h42.35.221722 +0200	
								5	5	0				1	stimuli/jacket/jacket_29.jpg	stimuli/hand/hand_38.jpg	None	no	yes	right	right	4	1.2	0.2		0.63	2.13	sequences/learning_block1_fixed-middle-10_0{participant_ID}.xlsx	sequences/retrieval_block1_fixed-middle-10_0{participant_ID}.xlsx	6	block1	A	2																1	1	2	A	10	8	None	None	None																	0	0	0	0	1	0	1	0					0	5	5	5	451.81727050000336																																																																																																																																																																																																																																			451.8053697000141	451.81727050000336	452.4840834000497	452.4338905000477	452.4650712000439	452.4840834000497	452.4840834000497	453.48361860000296	453.48361860000296	453.46745060000103	453.4674999000272	453.48361860000296	453.48361860000296	453.71739100001287	453.73560509999515	453.7501879000338	453.7501879000338	454.7501019000192	454.7501019000192	454.7338776999968	454.7339269000222	454.7501019000192	454.7501019000192	454.98364089999814	454.98367480002344	455.0009607000393	455.0009607000393	457.1487545000273	457.1487545000273	457.1198100000038	457.1336495000287	457.1487545000273	457.1487545000273	457.1487545000273	457.1487545000273	457.1487545000273	457.1487545000273	460.1539502000087	460.1539502000087	460.1539502000087	460.1539502000087	460.1397114000283	None	460.14223980001407	460.1539502000087	460.7315908000455	460.68668800004525	460.69047390000196	460.7315908000455	460.7315908000455	460.7315908000455	460.7315908000455	460.7315908000455	460.7315908000455	461.1985609999974	464.19892240001354	None			464.20138830004726	464.6969811000163	453.7501879000338	453.7501879000338	455.0009607000393	455.0009607000393			463.74708140001167	463.74708140001167	463.74708140001167	463.74708140001167	463.74708140001167	463.74708140001167	464.21312020003097	464.21312020003097	464.71301440004027							0	2026-07-26_19h41.53.956	TSRlearn_main-blocks		2025.1.1	59.89354520399567	2026-07-26 19h42.35.221722 +0200	
								6	6	0				1	stimuli/house/house_30.jpg	stimuli/flower/flower_07.jpg	None	yes	no	left	left	3	1.2	0.2		0.67	1.92	sequences/learning_block1_fixed-middle-10_0{participant_ID}.xlsx	sequences/retrieval_block1_fixed-middle-10_0{participant_ID}.xlsx	6	block1	A	2																1	1	2	A	9	6	None	None	None																	0	0	0	0	1	0	1	0					0	6	6	6	464.71301440004027																																																																																																																																																																																																																																			464.69796530000167	464.71301440004027	465.4131094000186	465.3796188000124	465.39157960005105	465.4131094000186	465.4131094000186	466.4125288000214	466.4125288000214	466.3961851000204	466.39623380004195	466.4125288000214	466.4125288000214	466.64600020000944	466.6706445000018	466.6788265000214	466.6788265000214	467.6788792000152	467.6788792000152	467.66284639999503	467.662890000036	467.6788792000152	467.6788792000152	467.9140216000378	467.91406730003655	467.9294019000372	467.9294019000372	469.8778946000384	469.8778946000384	469.8450700000394	469.8588760000421	469.8778946000384	469.8778946000384	469.8778946000384	469.8778946000384	469.8778946000384	469.8778946000384	472.877949500049	472.877949500049	472.877949500049	472.877949500049	472.8657946000458	None	472.8696374000283	472.877949500049	473.3935605000006	473.3608084000298	473.36446820001584	473.3935605000006	473.3935605000006	473.3935605000006	473.3935605000006	473.3935605000006	473.3935605000006	473.86059610004304	476.86196420004126	None			476.86473440000555	477.3592935000197	466.6788265000214	466.6788265000214					476.39285250002285	476.39285250002285	476.39285250002285	476.39285250002285	476.39285250002285	476.39285250002285	476.87582210003166	476.87582210003166	477.37622370000463							0	2026-07-26_19h41.53.956	TSRlearn_main-blocks		2025.1.1	59.89354520399567	2026-07-26 19h42.35.221722 +0200	
								7	7	0				1	stimuli/hammer/hammer_35.jpg	stimuli/bicycle/bicycle_49.jpg	None	no	yes	left	left	5	1.2	0.2		0.42	1.89	sequences/learning_block1_fixed-middle-10_0{participant_ID}.xlsx	sequences/retrieval_block1_fixed-middle-10_0{participant_ID}.xlsx	6	block1	A	2																1	0	2	A	7	2	None	None	None																	0	0	0	0	1	0	1	0					0	7	7	7	477.37622370000463																																																																																																																																																																																																																																			477.35978050000267	477.37622370000463	477.82579510001233	477.7931708000251	477.80532090005	477.82579510001233	477.82579510001233	478.82584860001225	478.82584860001225	478.8095146000269	478.80956210003933	478.82584860001225	478.82584860001225	479.0587172000087	479.09781420003856	479.10817340004724	479.10817340004724	480.1085493999999	480.1085493999999	480.09198810003	480.09201950003626	480.1085493999999	480.1085493999999	480.3416386000463	480.3416681000381	480.35830790002365	480.35830790002365	482.2738841000246	482.2738841000246	482.24101769999834	482.2551937000244	482.2738841000246	482.2738841000246	482.2738841000246	482.2738841000246	482.2738841000246	482.2738841000246	485.27319360000547	485.27319360000547	485.27319360000547	485.27319360000547	485.2587973000482	None	485.26069180003833	485.27319360000547	485.79032960004406	485.7564914000104	485.7598660000367	485.79032960004406	485.79032960004406	485.79032960004406	485.79032960004406	485.79032960004406	485.79032960004406	486.25676010001916	489.25750090001384	None			489.25929100002395	489.7563730000402	479.10817340004724	479.10817340004724	480.35830790002365	480.35830790002365			488.7902685000445	488.7902685000445	488.7902685000445	488.7902685000445	488.7902685000445	488.7902685000445	489.2723090000218	489.2723090000218	489.77170570002636							0	2026-07-26_19h41.53.956	TSRlearn_main-blocks		2025.1.1	59.89354520399567	2026-07-26 19h42.35.221722 +0200	
								8	8	0				1	stimuli/dog/dog_36.jpg	stimuli/hand/hand_38.jpg	None	yes	no	left	left	2	1.2	0.2		0.64	1.96	sequences/learning_block1_fixed-middle-10_0{participant_ID}.xlsx	sequences/retrieval_block1_fixed-middle-10_0{participant_ID}.xlsx	6	block1	A	2																2	1	2	A	5	8	None	b	5	0.13341890001902357	None	1.114285200019367	None													0	0	0	0	1	0	1	0					0	8	8	8	489.77170570002636																																																																																																																																																																																																																																			489.7568824000191	489.77170570002636	490.43830400001025	490.4058825999964	490.4174883000087	490.43830400001025	490.43830400001025	491.4377569000353	491.4377569000353	491.4213927999954	491.42143070005113	491.4377569000353	491.4377569000353	491.6714657000266	491.68279110000003	491.7045671000378	491.7045671000378	492.7044314000523	492.7044314000523	492.6877988000051	492.68784170004074	492.7044314000523	492.7044314000523	492.93767010001466	492.93769829999655	492.9539773000288	492.9539773000288	494.9367365000071	494.9367365000071	494.90403840004	494.9182463000179	494.9367365000071	494.9367365000071	494.9367365000071	494.9367365000071	494.9367365000071	494.9367365000071					496.17081590002635	b	496.17301970004337			496.173039300018	496.17471440002555	496.2039242000319	496.2039242000319	496.2039242000319	496.2039242000319	496.2039242000319	496.2039242000319	496.6862032000208	496.9535239000106	5	0.13341890001902357	None	496.95586040004855	496.9558804000262	491.7045671000378	491.7045671000378	492.9539773000288	492.9539773000288	1.114285200019367	None																0	2026-07-26_19h41.53.956	TSRlearn_main-blocks		2025.1.1	59.89354520399567	2026-07-26 19h42.35.221722 +0200	
								9	9	0				1	stimuli/hammer/hammer_35.jpg	stimuli/flower/flower_07.jpg	None	no	yes	left	left	4	1.2	0.2		0.33	2.15	sequences/learning_block1_fixed-middle-10_0{participant_ID}.xlsx	sequences/retrieval_block1_fixed-middle-10_0{participant_ID}.xlsx	6	block1	A	2																2	0	2	A	7	6	None	g	3	0.7736514999996871	None	0.2476903999922797	None													0	0	0	0	1	0	1	0					0	9	9	9	496.96971880004276																																																																																																																																																																																																																																			496.9561358000501	496.96971880004276	497.3193486999953	497.2862639000523	497.2977994999965	497.3193486999953	497.3193486999953	498.31911520002177	498.31911520002177	498.3027338000247	498.30277100001695	498.31911520002177	498.31911520002177	498.5525289000361	498.5777617000276	498.58561660000123	498.58561660000123	499.5857384999981	499.5857384999981	499.5689141000039	499.56896570004756	499.5857384999981	499.5857384999981	499.81893470004434	499.8189707000274	499.8358666000422	499.8358666000422	502.017787000048	502.017787000048	501.9846767000272	501.9979692000197	502.017787000048	502.017787000048	502.017787000048	502.017787000048	502.017787000048	502.017787000048					502.3846963000251	g	502.3868456000346			502.386874000018	502.3885683999979	502.4178327000118	502.4178327000118	502.4178327000118	502.4178327000118	502.4178327000118	502.4178327000118	502.9010025000316	502.91791300004115	3	0.7736514999996871	None	502.92034730000887	502.92038260004483	498.58561660000123	498.58561660000123	499.8358666000422	499.8358666000422	0.2476903999922797	None																0	2026-07-26_19h41.53.956	TSRlearn_main-blocks		2025.1.1	59.89354520399567	2026-07-26 19h42.35.221722 +0200	
								10	10	0				1	stimuli/chair/chair_21.jpg	stimuli/house/house_30.jpg	None	yes	no	right	right	5	1.2	0.2		0.54	2.23	sequences/learning_block1_fixed-middle-10_0{participant_ID}.xlsx	sequences/retrieval_block1_fixed-middle-10_0{participant_ID}.xlsx	6	block1	A	2																2	0	2	A	4	9	None	b	3	0.07174330000998452	None	0.0473852000432089	None													0	0	0	0	1	0	1	0					0	10	10	10	502.93432250001933																																																																																																																																																																																																																																			502.92066200001864	502.93432250001933	503.50077240000246	503.46760840003844	503.4790566000156	503.50077240000246	503.50077240000246	504.50037449999945	504.50037449999945	504.48403750004945	504.4840736000333	504.50037449999945	504.50037449999945	504.73386440001195	504.7489335000282	504.76699900004314	504.76699900004314	505.76674780005123	505.76674780005123	505.75029870000435	505.7503346000449	505.76674780005123	505.76674780005123	506.000404200051	506.00043010001536	506.01650090003386	506.01650090003386	508.2659489000216	508.2659489000216	508.2328793000197	508.2471532000345	508.2659489000216	508.2659489000216	508.2659489000216	508.2659489000216	508.2659489000216	508.2659489000216					508.4165020000073	b	508.41893440001877			508.418957100017	508.42078770004446	508.4498025000212	508.4498025000212	508.4498025000212	508.4498025000212	508.4498025000212	508.4498025000212	508.93246300000465	509.1325880000368	3	0.07174330000998452	None	509.1348590000416	509.1348811000353	504.76699900004314	504.76699900004314	506.01650090003386	506.01650090003386	0.0473852000432089	None																0	2026-07-26_19h41.53.956	TSRlearn_main-blocks		2025.1.1	59.89354520399567	2026-07-26 19h42.35.221722 +0200	
								11	11	0				1	stimuli/ball/ball_37.jpg	stimuli/bicycle/bicycle_49.jpg	None	no	yes	right	right	3	1.2	0.2		0.35	2.25	sequences/learning_block1_fixed-middle-10_0{participant_ID}.xlsx	sequences/retrieval_block1_fixed-middle-10_0{participant_ID}.xlsx	6	block1	A	2																2	1	2	A	1	2	None	None	3	0.3858257999527268	None															0	0	0	0	1	0	1	0					0	11	11	11	509.1488944000448																																																																																																																																																																																																																																			509.13513880001847	509.1488944000448	509.51525570004014	509.48239250003826	509.50229810003657	509.51525570004014	509.51525570004014	510.5163363000029	510.5163363000029	510.4997782999999	510.49983919999795	510.5163363000029	510.5163363000029	510.74959270004183	510.7823990000179	510.7984913000255	510.7984913000255	511.7986680000322	511.7986680000322	511.78284980001627	511.78289610001957	511.7986680000322	511.7986680000322	512.0317942000111	512.031820800039	512.0483392000315	512.0483392000315	514.3306018000003	514.3306018000003	514.29756060004	514.3100797000225	514.3306018000003	514.3306018000003	514.3306018000003	514.3306018000003	514.3306018000003	514.3306018000003	517.3296690999996	517.3296690999996	517.3296690999996	517.3296690999996	517.3149213000434	None	517.3167351000011	517.3296690999996	517.8461548000341	517.8133354000165	517.8157875000034	517.8461548000341	517.8461548000341	517.8461548000341	517.8461548000341	517.8461548000341	517.8461548000341	518.3125665000407	518.8299001000123	3	0.3858257999527268	None	518.832198899996	518.8322278000414	510.7984913000255	510.7984913000255	512.0483392000315	512.0483392000315																		0	2026-07-26_19h41.53.956	TSRlearn_main-blocks		2025.1.1	59.89354520399567	2026-07-26 19h42.35.221722 +0200	
								12	12	0				1	stimuli/chair/chair_21.jpg	stimuli/hand/hand_38.jpg	None	yes	no	left	left	3	1.2	0.2		0.47	2.08	sequences/learning_block1_fixed-middle-10_0{participant_ID}.xlsx	sequences/retrieval_block1_fixed-middle-10_0{participant_ID}.xlsx	6	block1	A	2																3	1	2	A	4	8	None	None	None																	0	0	0	0	1	0	1	0					0	12	12	12	518.8475519000203																																																																																																																																																																																																																																			518.8324786000303	518.8475519000203	519.3458694000146	519.3126737000421	519.3251241000253	519.3458694000146	519.3458694000146	520.3455900000408	520.3455900000408	520.3301068000146	520.3301830000128	520.3455900000408	520.3455900000408	520.5788936000317	520.590732600016	520.6120607000194	520.6120607000194	521.6116931000142	521.6116931000142	521.5954174000071	521.5954615000519	521.6116931000142	521.6116931000142	521.8452718000044	521.845300200046	521.8615514000412	521.8615514000412	523.9610808000434	523.9610808000434	523.9281885999953	523.9413660000428	523.9610808000434	523.9610808000434	523.9610808000434	523.9610808000434	523.9610808000434	523.9610808000434	526.9600980000105	526.9600980000105	526.9600980000105	526.9600980000105	526.945683500031	None	526.9473901000456	526.9600980000105	527.4769768000115	527.4437450999976	527.4461044000345	527.4769768000115	527.4769768000115	527.4769768000115	527.4769768000115	527.4769768000115	527.4769768000115	527.943808400014	530.9442060000147	None			530.945825200004	531.4419792999979	520.6120607000194	520.6120607000194	521.8615514000412	521.8615514000412			530.4931512000039	530.4931512000039	530.4931512000039	530.4931512000039	530.4931512000039	530.4931512000039	530.9592377000372	530.9592377000372	531.4586129999952							0	2026-07-26_19h41.53.956	TSRlearn_main-blocks		2025.1.1	59.89354520399567	2026-07-26 19h42.35.221722 +0200	
								13	13	0				1	stimuli/dog/dog_36.jpg	stimuli/bread/bread_04.jpg	None	no	yes	left	left	5	1.2	0.2		0.42	1.9	sequences/learning_block1_fixed-middle-10_0{participant_ID}.xlsx	sequences/retrieval_block1_fixed-middle-10_0{participant_ID}.xlsx	6	block1	A	2																3	0	2	A	5	3	None	g	None			1.3127975999959745	None													0	0	0	0	1	0	1	0					0	13	13	13	531.4586129999952																																																																																																																																																																																																																																			531.4423938000109	531.4586129999952	531.9086015000357	531.8756218000199	531.8888737000525	531.9086015000357	531.9086015000357	532.9083493000362	532.9083493000362	532.8915955999983	532.8916358000133	532.9083493000362	532.9083493000362	533.1416711000493	533.1649385000346	533.1746777000371	533.1746777000371	534.1745960999979	534.1745960999979	534.1579031000147	534.1579423000221	534.1745960999979	534.1745960999979	534.40783500002	534.4078697000514	534.4242762000067	534.4242762000067	536.3402711999952	536.3402711999952	536.3072836000356	536.3193997000344	536.3402711999952	536.3402711999952	536.3402711999952	536.3402711999952	536.3402711999952	536.3402711999952					537.7736823000014	g	537.7759782000212			537.7760080000153	537.7776811000076	537.8075166000053	537.8075166000053	537.8075166000053	537.8075166000053	537.8075166000053	537.8075166000053	538.2898471000372	541.2903509000316	None			541.2920367000042	541.7889906000346	533.1746777000371	533.1746777000371	534.4242762000067	534.4242762000067	1.3127975999959745	None	540.8222798000206	540.8222798000206	540.8222798000206	540.8222798000206	540.8222798000206	540.8222798000206	541.3054351000465	541.3054351000465	541.805464300036							0	2026-07-26_19h41.53.956	TSRlearn_main-blocks		2025.1.1	59.89354520399567	2026-07-26 19h42.35.221722 +0200	
								14	14	0				1	stimuli/ball/ball_37.jpg	stimuli/flower/flower_07.jpg	None	no	yes	right	right	4	1.2	0.2		0.55	1.83	sequences/learning_block1_fixed-middle-10_0{participant_ID}.xlsx	sequences/retrieval_block1_fixed-middle-10_0{participant_ID}.xlsx	6	block1	A	2																3	1	2	A	1	6	None	g	5	0.28690890001598746	None	1.4485277000349015	None													0	0	0	0	1	0	1	0					0	14	14	14	541.805464300036																																																																																																																																																																																																																																			541.7893475000164	541.805464300036	542.3719530000235	542.3385858000256	542.3579891000409	542.3719530000235	542.3719530000235	543.3714998000069	543.3714998000069	543.3552704000031	543.3553130000364	543.3714998000069	543.3714998000069	543.6047893000068	543.6285178000107	543.6379389000358	543.6379389000358	544.6377737000003	544.6377737000003	544.6212910000468	544.621345200052	544.6377737000003	544.6377737000003	544.8714546000119	544.8715405000257	544.8875885000452	544.8875885000452	546.7374254000024	546.7374254000024	546.7041199000087	546.716758900031	546.7374254000024	546.7374254000024	546.7374254000024	546.7374254000024	546.7374254000024	546.7374254000024					548.3208546999958	g	548.3235224999953			548.3235918999999	548.3255950000021	548.3533957000473	548.3533957000473	548.3533957000473	548.3533957000473	548.3533957000473	548.3533957000473	548.8363369000144	549.2378205000423	5	0.28690890001598746	None	549.2401228000526	549.2401490000193	543.6379389000358	543.6379389000358			1.4485277000349015	None																0	2026-07-26_19h41.53.956	TSRlearn_main-blocks		2025.1.1	59.89354520399567	2026-07-26 19h42.35.221722 +0200	
								15	15	0				1	stimuli/jacket/jacket_29.jpg	stimuli/bicycle/bicycle_49.jpg	None	yes	no	right	right	2	1.2	0.2		0.64	1.81	sequences/learning_block1_fixed-middle-10_0{participant_ID}.xlsx	sequences/retrieval_block1_fixed-middle-10_0{participant_ID}.xlsx	6	block1	A	2																3	0	2	A	10	2	None	g	3	1.3840990999597125	None	1.843266899988521	None													0	0	0	0	1	0	1	0					0	15	15	15	549.2529559000395																																																																																																																																																																																																																																			549.240421399998	549.2529559000395	549.9193897000514	549.8863723000395	549.9099271000014	549.9193897000514	549.9193897000514	550.919173500035	550.919173500035	550.9030405000085	550.903082200035	550.919173500035	550.919173500035	551.1528939999989	551.1865562000312	551.2023103000247	551.2023103000247	552.2026094000321	552.2026094000321	552.1858634999953	552.185896400013	552.2026094000321	552.2026094000321	552.4356723000528	552.4356974000111	552.4520848999964	552.4520848999964	554.2847336000414	554.2847336000414	554.2514895000495	554.2649049000465	554.2847336000414	554.2847336000414	554.2847336000414	554.2847336000414	554.2847336000414	554.2847336000414					556.250904400018	g	556.2535016000038			556.25353060005	556.2552450000076	556.2844661000418	556.2844661000418	556.2844661000418	556.2844661000418	556.2844661000418	556.2844661000418	556.7671164000058	558.2840188000118	3	1.3840990999597125	None	558.2863569000037	558.2863881000085	551.2023103000247	551.2023103000247	552.4520848999964	552.4520848999964	1.843266899988521	None																0	2026-07-26_19h41.53.956	TSRlearn_main-blocks		2025.1.1	59.89354520399567	2026-07-26 19h42.35.221722 +0200	
								16	16	0				1	stimuli/chair/chair_21.jpg	stimuli/bread/bread_04.jpg	None	no	yes	left	left	4	1.2	0.2		0.66	2.04	sequences/learning_block1_fixed-middle-10_0{participant_ID}.xlsx	sequences/retrieval_block1_fixed-middle-10_0{participant_ID}.xlsx	6	block1	A	2																4	0	2	A	4	3	None	g	3	0.9690752000315115	None	0.4979569000424817	None													0	0	0	0	1	0	1	0					0	16	16	16	558.3006339000422																																																																																																																																																																																																																																			558.2867004	558.3006339000422	558.9832913000137	558.9504712000489	558.9623627000256	558.9832913000137	558.9832913000137	559.983088100038	559.983088100038	559.9664624000434	559.9664984000265	559.983088100038	559.983088100038	560.2164593000198	560.238007900014	560.2494259000523	560.2494259000523	561.2496061000274	561.2496061000274	561.2328173000133	561.2328545000055	561.2496061000274	561.2496061000274	561.482737900049	561.4827621000004	561.4990300000063	561.4990300000063	563.5652374000056	563.5652374000056	563.5323042000527	563.5463719000109	563.5652374000056	563.5652374000056	563.5652374000056	563.5652374000056	563.5652374000056	563.5652374000056					564.1820456000278	g	564.1842374000116			564.1842672000057	564.1859683000366	564.21505540004	564.21505540004	564.21505540004	564.21505540004	564.21505540004	564.21505540004		564.6651903000311	3	0.9690752000315115	None	564.6676109000109	564.667647000053	560.2494259000523	560.2494259000523	561.4990300000063	561.4990300000063	0.4979569000424817	None																0	2026-07-26_19h41.53.956	TSRlearn_main-blocks		2025.1.1	59.89354520399567	2026-07-26 19h42.35.221722 +0200	
								17	17	0				1	stimuli/ball/ball_37.jpg	stimuli/jacket/jacket_29.jpg	None	no	yes	right	right	5	1.2	0.2		0.62	1.95	sequences/learning_block1_fixed-middle-10_0{participant_ID}.xlsx	sequences/retrieval_block1_fixed-middle-10_0{participant_ID}.xlsx	6	block1	A	2																4	1	2	A	1	10	None	b	5	1.4451094000251032	None	0.8746869000024162	None													0	0	0	0	1	0	1	0					0	17	17	17	564.6817058000015																																																																																																																																																																																																																																			564.6679258000222	564.6817058000015	565.3312997000176	565.2982624000288	565.3184009999968	565.3312997000176	565.3312997000176	566.3312961000483	566.3312961000483	566.3144440000178	566.3144823000184	566.3312961000483	566.3312961000483	566.564545100031	566.5882088000071	566.5974032000522	566.5974032000522	567.5973160000285	567.5973160000285	567.5809679000522	567.581003600033	567.5973160000285	567.5973160000285	567.8306317999959	567.8306573000154	567.8471488000359	567.8471488000359	569.8131083000335	569.8131083000335	569.7801749000209	569.7931392000173	569.8131083000335	569.8131083000335	569.8131083000335	569.8131083000335	569.8131083000335	569.8131083000335					570.8130452000187	b	570.8159624999971			570.8159935000003	570.8177239000215	570.8461126000038	570.8461126000038	570.8461126000038	570.8461126000038	570.8461126000038	570.8461126000038	571.3298263000324	571.3794869999983	5	1.4451094000251032	None	571.3821467000525	571.3821768000489	566.5974032000522	566.5974032000522	567.8471488000359	567.8471488000359	0.8746869000024162	None																0	2026-07-26_19h41.53.956	TSRlearn_main-blocks		2025.1.1	59.89354520399567	2026-07-26 19h42.35.221722 +0200	
								18	18	0				1	stimuli/house/house_30.jpg	stimuli/bicycle/bicycle_49.jpg	None	yes	no	left	left	2	1.2	0.2		0.57	1.78	sequences/learning_block1_fixed-middle-10_0{participant_ID}.xlsx	sequences/retrieval_block1_fixed-middle-10_0{participant_ID}.xlsx	6	block1	A	2																4	1	2	A	9	2	None	b	5	0.7370002000243403	None	0.13774020003620535	None													0	0	0	0	1	0	1	0					0	18	18	18	571.396005400049																																																																																																																																																																																																																																			571.3824498000322	571.396005400049	571.995837000024	571.9627179999952	571.9744198000408	571.995837000024	571.995837000024	572.9954550000257	572.9954550000257	572.979253700003	572.9792910999968	572.9954550000257	572.9954550000257	573.2289036000147	573.2610855000094	573.2787048000027	573.2787048000027	574.278769400029	574.278769400029	574.26248450001	574.2625236000167	574.278769400029	574.278769400029	574.5120775999967	574.5121060000383	574.5286019000341	574.5286019000341	576.3279969000141	576.3279969000141	576.2945471000276	576.3078900999972	576.3279969000141	576.3279969000141	576.3279969000141	576.3279969000141	576.3279969000141	576.3279969000141					576.5949289000127	b	576.597065900045			576.5970894000493	576.5987143000239	576.6275428000372	576.6275428000372	576.6275428000372	576.6275428000372	576.6275428000372	576.6275428000372	577.1106958000455	577.1944641000009	5	0.7370002000243403	None	577.1968973000185	577.1969325999962	573.2787048000027	573.2787048000027	574.5286019000341	574.5286019000341	0.13774020003620535	None																0	2026-07-26_19h41.53.956	TSRlearn_main-blocks		2025.1.1	59.89354520399567	2026-07-26 19h42.35.221722 +0200	
								19	19	0				1	stimuli/dog/dog_36.jpg	stimuli/flower/flower_07.jpg	None	yes	no	right	right	3	1.2	0.2		0.59	1.85	sequences/learning_block1_fixed-middle-10_0{participant_ID}.xlsx	sequences/retrieval_block1_fixed-middle-10_0{participant_ID}.xlsx	6	block1	A	2																4	0	2	A	5	6	None	b	5	0.6594416999723762	None	0.14572309999493882	None													0	0	0	0	1	0	1	0					0	19	19	19	577.2108779000118																																																																																																																																																																																																																																			577.1972251000116	577.2108779000118	577.8272815000382	577.7940613999963	577.804914300039	577.8272815000382	577.8272815000382	578.8269982000347	578.8269982000347	578.8106242000358	578.8106704000384	578.8269982000347	578.8269982000347	579.0603647000389	579.0834178000223	579.0933052000473	579.0933052000473	580.0940915000392	580.0940915000392	580.0766521000187	580.0766917000292	580.0940915000392	580.0940915000392	580.343189700041	580.3432374999975	580.3599377000355	580.3599377000355	582.2258494000416	582.2258494000416	582.1929061000119	582.2052079000277	582.2258494000416	582.2258494000416	582.2258494000416	582.2258494000416	582.2258494000416	582.2258494000416					582.4926678000484	b	582.494968300045			582.4949961000239	582.4967075000168	582.5260048000491	582.5260048000491	582.5260048000491	582.5260048000491	582.5260048000491	582.5260048000491	583.0090284000034	582.9944419000531	5	0.6594416999723762	None	582.9965733000427	582.9965959000401	579.0933052000473	579.0933052000473			0.14572309999493882	None																0	2026-07-26_19h41.53.956	TSRlearn_main-blocks		2025.1.1	59.89354520399567	2026-07-26 19h42.35.221722 +0200	
stimuli/car/car_36.jpg	stimuli/fish/fish_19.jpg	stimuli/bread/bread_04.jpg	stimuli/hand/hand_38.jpg	right	center	left	right	0	0	0																		sequences/learning_block1_fixed-middle-10_0{participant_ID}.xlsx	sequences/retrieval_block1_fixed-middle-10_0{participant_ID}.xlsx	6	1.0	A	3	1	car	fish	bread	hand	0.69	0.31	2	11	12	3	8	b	0.7007083999924362	None																										0	0	0	0	2	0	2	0	0	0	0	0					584.1252723000362																																																																																																																																																																																											583.9925344000221	583.9925669000368	584.0941854999983	584.1252723000362	584.1252723000362	584.1252723000362	584.1252723000362	584.1252723000362	584.1252723000362	584.1252723000362	0.10165309999138117	584.9255560000311	b	0.7007083999924362	None	584.9847865000484	585.0083385000471	585.0083385000471	585.0083385000471	585.0083385000471	585.0083385000471	585.0083385000471	585.9586292000022	585.9607484000153	585.9607778000063																																																																																												583.0013357000425	583.0013578000362	583.0013785000192	583.0090284000034	584.1252723000362	583.9923606000375	0	2026-07-26_19h41.53.956	TSRlearn_main-blocks		2025.1.1	59.89354520399567	2026-07-26 19h42.35.221722 +0200	
stimuli/fish/fish_19.jpg	stimuli/ball/ball_37.jpg	stimuli/chair/chair_21.jpg	stimuli/guitar/guitar_22.jpg	center	right	left	center	1	1	0																		sequences/learning_block1_fixed-middle-10_0{participant_ID}.xlsx	sequences/retrieval_block1_fixed-middle-10_0{participant_ID}.xlsx	6	1.0	A	3	2	fish	ball	chair	guitar	0.53	0.31	3	12	1	4	13	g	0.6830141000100411	None																										0	0	0	0	2	0	2	0	0	1	1	1					586.0580669000046																																																																																																																																																																																													586.0207437000354	586.0580669000046	586.0580669000046	586.0580669000046	586.0580669000046	586.0580669000046	586.0580669000046	586.0580669000046	0.06000980001408607	586.8415061000269	g	0.6830141000100411	None	586.8956207000301	586.9076073000324	586.9076073000324	586.9076073000324	586.9076073000324	586.9076073000324	586.9076073000324	587.8912402000278	587.893320800038	587.8933433000348																																																																																																		0	2026-07-26_19h41.53.956	TSRlearn_main-blocks		2025.1.1	59.89354520399567	2026-07-26 19h42.35.221722 +0200	
stimuli/ball/ball_37.jpg	stimuli/house/house_30.jpg	stimuli/jacket/jacket_29.jpg	stimuli/key/key_28.jpg	left	right	center	left	2	2	0																		sequences/learning_block1_fixed-middle-10_0{participant_ID}.xlsx	sequences/retrieval_block1_fixed-middle-10_0{participant_ID}.xlsx	6	1.0	A	3	3	ball	house	jacket	key	0.64	0.31	4	1	9	10	15	b	0.35801300004823133	None																										0	0	0	0	2	0	2	0	0	2	2	2					588.0407624000218																																																																																																																																																																																													588.0033140000305	588.0407624000218	588.0407624000218	588.0407624000218	588.0407624000218	588.0407624000218	588.0407624000218	588.0407624000218	0.11000099999364465	588.491290200036	b	0.35801300004823133	None	588.5984590000007	588.624048000027	588.624048000027	588.624048000027	588.624048000027	588.624048000027	588.624048000027	589.5739202999976	589.5760716000223	589.5760958000319																																																																																																		0	2026-07-26_19h41.53.956	TSRlearn_main-blocks		2025.1.1	59.89354520399567	2026-07-26 19h42.35.221722 +0200	
stimuli/house/house_30.jpg	stimuli/bread/bread_04.jpg	stimuli/dog/dog_36.jpg	stimuli/guitar/guitar_22.jpg	center	left	right	center	3	3	0																		sequences/learning_block1_fixed-middle-10_0{participant_ID}.xlsx	sequences/retrieval_block1_fixed-middle-10_0{participant_ID}.xlsx	6	1.0	A	3	4	house	bread	dog	guitar	0.58	0.42	5	9	3	5	13	g	1.229286800022237	None																										0	0	0	0	2	0	2	0	0	3	3	3					589.6735422000056																																																																																																																																																																																													589.6352777000284	589.6735422000056	589.6735422000056	589.6735422000056	589.6735422000056	589.6735422000056	589.6735422000056	589.6735422000056	0.05921179999131709	591.007321000041	g	1.229286800022237	None	591.0715994000202	591.0895775000099	591.0895775000099	591.0895775000099	591.0895775000099	591.0895775000099	591.0895775000099	592.0734404000104	592.0759378000512	592.0759693																																																																																																		0	2026-07-26_19h41.53.956	TSRlearn_main-blocks		2025.1.1	59.89354520399567	2026-07-26 19h42.35.221722 +0200	
stimuli/bread/bread_04.jpg	stimuli/bicycle/bicycle_49.jpg	stimuli/flower/flower_07.jpg	stimuli/hand/hand_38.jpg	right	left	center	right	4	4	0																		sequences/learning_block1_fixed-middle-10_0{participant_ID}.xlsx	sequences/retrieval_block1_fixed-middle-10_0{participant_ID}.xlsx	6	1.0	A	3	5	bread	bicycle	flower	hand	0.8	0.53	6	3	2	6	8	b	0.4982947999960743	None																										0	0	0	0	2	0	2	0	0	4	4	4					592.20605540002																																																																																																																																																																																													592.1747257999959	592.20605540002	592.20605540002	592.20605540002	592.20605540002	592.20605540002	592.20605540002	592.20605540002	0.09879049996379763	592.8064942000201	b	0.4982947999960743	None	592.9005970000289	592.9225140000344	592.9225140000344	592.9225140000344	592.9225140000344	592.9225140000344	592.9225140000344	593.8734564000042	593.8758787999977	593.8759080000455																																																																																																		0	2026-07-26_19h41.53.956	TSRlearn_main-blocks		2025.1.1	59.89354520399567	2026-07-26 19h42.35.221722 +0200	
stimuli/bicycle/bicycle_49.jpg	stimuli/flower/flower_07.jpg	stimuli/car/car_36.jpg	stimuli/house/house_30.jpg	center	right	left	center	5	5	0																		sequences/learning_block1_fixed-middle-10_0{participant_ID}.xlsx	sequences/retrieval_block1_fixed-middle-10_0{participant_ID}.xlsx	6	1.0	A	3	6	bicycle	flower	car	house	0.4	0.2	7	2	6	11	9	None																												0	0	0	0	2	0	2	0	0	5	5	5					593.9888663000311																																																																																																																																																																																													593.958469300007	593.9888663000311	593.9888663000311	593.9888663000311	593.9888663000311	593.9888663000311	593.9888663000311	593.9888663000311	0.0825916999601759	598.89386750001	None			598.9902512000408	599.0085406000144	599.0085406000144	599.0085406000144	599.0085406000144	599.0085406000144	599.0085406000144	599.9919041999965	599.9944543000311	600.4917166000232	600.0090060000075	600.603970600001																																																																																																0	2026-07-26_19h41.53.956	TSRlearn_main-blocks		2025.1.1	59.89354520399567	2026-07-26 19h42.35.221722 +0200	
stimuli/flower/flower_07.jpg	stimuli/jacket/jacket_29.jpg	stimuli/hammer/hammer_35.jpg	stimuli/guitar/guitar_22.jpg	left	right	center	left	6	6	0																		sequences/learning_block1_fixed-middle-10_0{participant_ID}.xlsx	sequences/retrieval_block1_fixed-middle-10_0{participant_ID}.xlsx	6	1.0	A	3	7	flower	jacket	hammer	guitar	0.69	0.58	8	6	10	7	13	None																												0	0	0	0	2	0	2	0	0	6	6	6					600.603970600001																																																																																																																																																																																													600.5779072000296	600.603970600001	600.603970600001	600.603970600001	600.603970600001	600.603970600001	600.603970600001	600.603970600001	0.0862208999460563	605.5049938000157	None			605.5761893000454	605.6021118000499	605.6021118000499	605.6021118000499	605.6021118000499	605.6021118000499	605.6021118000499	606.5522623000434	606.554712400015	607.0519931000308	606.5684577000211	607.1515218000277																																																																																																0	2026-07-26_19h41.53.956	TSRlearn_main-blocks		2025.1.1	59.89354520399567	2026-07-26 19h42.35.221722 +0200	
stimuli/jacket/jacket_29.jpg	stimuli/chair/chair_21.jpg	stimuli/fish/fish_19.jpg	stimuli/bread/bread_04.jpg	right	left	center	right	7	7	0																		sequences/learning_block1_fixed-middle-10_0{participant_ID}.xlsx	sequences/retrieval_block1_fixed-middle-10_0{participant_ID}.xlsx	6	1.0	A	3	8	jacket	chair	fish	bread	0.47	0.27	9	10	4	12	3	None																												0	0	0	0	2	0	2	0	0	7	7	7					607.1515218000277																																																																																																																																																																																													607.1240131000523	607.1515218000277	607.1515218000277	607.1515218000277	607.1515218000277	607.1515218000277	607.1515218000277	607.1515218000277	0.07203610002761707	612.0563808000297	None			612.1349157000077	612.1463590000058	612.1463590000058	612.1463590000058	612.1463590000058	612.1463590000058	612.1463590000058	613.0881792000146	613.0912681000191	613.5876550000394	613.1041954000248	613.683870000008																																																																																																0	2026-07-26_19h41.53.956	TSRlearn_main-blocks		2025.1.1	59.89354520399567	2026-07-26 19h42.35.221722 +0200	
stimuli/chair/chair_21.jpg	stimuli/dog/dog_36.jpg	stimuli/guitar/guitar_22.jpg	stimuli/ball/ball_37.jpg	center	left	right	center	8	8	0																		sequences/learning_block1_fixed-middle-10_0{participant_ID}.xlsx	sequences/retrieval_block1_fixed-middle-10_0{participant_ID}.xlsx	6	1.0	A	3	9	chair	dog	guitar	ball	0.69	0.47	10	4	5	13	1	None																												0	0	0	0	2	0	2	0	0	8	8	8					613.683870000008																																																																																																																																																																																													613.6598637000425	613.683870000008	613.683870000008	613.683870000008	613.683870000008	613.683870000008	613.683870000008	613.683870000008	0.07224030001088977	618.6038294000318	None			618.6637984000263	618.6761896000244	618.6761896000244	618.6761896000244	618.6761896000244	618.6761896000244	618.6761896000244	619.6523943000357	619.6550088000367	620.1522989000077	619.6686178000527	620.2727956000017																																																																																																0	2026-07-26_19h41.53.956	TSRlearn_main-blocks		2025.1.1	59.89354520399567	2026-07-26 19h42.35.221722 +0200	
stimuli/dog/dog_36.jpg	stimuli/hammer/hammer_35.jpg	stimuli/bicycle/bicycle_49.jpg	stimuli/jacket/jacket_29.jpg	center	right	left	center	9	9	0																		sequences/learning_block1_fixed-middle-10_0{participant_ID}.xlsx	sequences/retrieval_block1_fixed-middle-10_0{participant_ID}.xlsx	6	1.0	A	3	10	dog	hammer	bicycle	jacket	0.33	0.2	11	5	7	2	10	None																												0	0	0	0	2	0	2	0	0	9	9	9					620.2727956000017																																																																																																																																																																																													620.2459803000093	620.2727956000017	620.2727956000017	620.2727956000017	620.2727956000017	620.2727956000017	620.2727956000017	620.2727956000017	0.0937131000100635	625.1648733000038	None			625.2625691000139	625.2788285000133	625.2788285000133	625.2788285000133	625.2788285000133	625.2788285000133	625.2788285000133	626.2626149000134	626.2650096000289	626.7789368000231	626.2799103000434	626.8952994000283																																																																																																0	2026-07-26_19h41.53.956	TSRlearn_main-blocks		2025.1.1	59.89354520399567	2026-07-26 19h42.35.221722 +0200	
stimuli/hammer/hammer_35.jpg	stimuli/hand/hand_38.jpg	stimuli/fish/fish_19.jpg	stimuli/flower/flower_07.jpg	right	left	center	right	10	10	0																		sequences/learning_block1_fixed-middle-10_0{participant_ID}.xlsx	sequences/retrieval_block1_fixed-middle-10_0{participant_ID}.xlsx	6	1.0	A	3	11	hammer	hand	fish	flower	0.67	0.33	12	7	8	12	6	r	2.1115909999934956	None																										0	0	0	0	2	0	2	0	0	10	10	10					626.8952994000283																																																																																																																																																																																													626.8543825000525	626.8952994000283	626.8952994000283	626.8952994000283	626.8952994000283	626.8952994000283	626.8952994000283	626.8952994000283	0.07549860002472997	629.0950635000481	r	2.1115909999934956	None	629.1582445999957	629.1778063000529	629.1778063000529	629.1778063000529	629.1778063000529	629.1778063000529	629.1778063000529	630.1285556000075	630.1307325000525	630.1307575000101																																																																																																		0	2026-07-26_19h41.53.956	TSRlearn_main-blocks		2025.1.1	59.89354520399567	2026-07-26 19h42.35.221722 +0200	
stimuli/hand/hand_38.jpg	stimuli/guitar/guitar_22.jpg	stimuli/car/car_36.jpg	stimuli/bread/bread_04.jpg	center	left	right	center	11	11	0																		sequences/learning_block1_fixed-middle-10_0{participant_ID}.xlsx	sequences/retrieval_block1_fixed-middle-10_0{participant_ID}.xlsx	6	1.0	A	3	12	hand	guitar	car	bread	0.8	0.53	13	8	13	11	3	b	0.9359055999666452	None																										0	0	0	0	2	0	2	0	0	11	11	11					630.2274791000527																																																																																																																																																																																													630.1924066000502	630.2274791000527	630.2274791000527	630.2274791000527	630.2274791000527	630.2274791000527	630.2274791000527	630.2274791000527	0.06168920005438849	631.261297500052	b	0.9359055999666452	None	631.3222611999954	631.3441194000188	631.3441194000188	631.3441194000188	631.3441194000188	631.3441194000188	631.3441194000188	632.3275888000499	632.3298242000164	632.3298482000246																																																																																																		0	2026-07-26_19h41.53.956	TSRlearn_main-blocks		2025.1.1	59.89354520399567	2026-07-26 19h42.35.221722 +0200	
stimuli/guitar/guitar_22.jpg	stimuli/key/key_28.jpg	stimuli/ball/ball_37.jpg	stimuli/dog/dog_36.jpg	right	center	left	right	12	12	0																		sequences/learning_block1_fixed-middle-10_0{participant_ID}.xlsx	sequences/retrieval_block1_fixed-middle-10_0{participant_ID}.xlsx	6	1.0	A	3	13	guitar	key	ball	dog	0.73	0.27	14	13	15	1	5	None																												0	0	0	0	2	0	2	0	0	12	12	12					632.5278130000224																																																																																																																																																																																													632.4606249000062	632.5278130000224	632.5278130000224	632.5278130000224	632.5278130000224	632.5278130000224	632.5278130000224	632.5278130000224	0.1308456000406295	637.3609396000393	None			637.4856551000266	637.5082311000442	637.5082311000442	637.5082311000442	637.5082311000442	637.5082311000442	637.5082311000442	638.4594299000455	638.4621009000111	638.9581971000298	638.4750129000167	638.9748459000257																																																																																																0	2026-07-26_19h41.53.956	TSRlearn_main-blocks		2025.1.1	59.89354520399567	2026-07-26 19h42.35.221722 +0200	
								0	0	0				1	stimuli/chair/chair_21.jpg	stimuli/hand/hand_38.jpg	None	yes	no	left	left	3	1.2	0.2		0.28	1.9	sequences/learning_block1_fixed-middle-10_0{participant_ID}.xlsx	sequences/retrieval_block1_fixed-middle-10_0{participant_ID}.xlsx	6	block1	A	3																0	1	3	A	4	8	None	None	None																	0	0	0	0	2	0	2	0					0	0	0	0	645.0725558000267																																																																																																																																																																																																																						638.9622623000178	638.9748459000257	643.990363000019	643.9733616000158	643.9734807000495	643.990363000019	643.990363000019	645.0725558000267	645.0725558000267	644.9731063000509	None	644.973238800012	644.9732972000493	645.069137500017	645.0725558000267	645.3725261000218	645.3398119000485	645.3512713999953	645.3725261000218	645.3725261000218	646.3731893000077	646.3731893000077	646.3558497000486	646.3558892000001	646.3731893000077	646.3731893000077	646.6059609000222	646.6186600000365	646.639194700052	646.639194700052	647.6390493000508	647.6390493000508	647.6234680000343	647.6235022000037	647.6390493000508	647.6390493000508	647.8720787000493	647.8721105000004	647.8886474000174	647.8886474000174	649.8051362000406	649.8051362000406	649.7715247000451	649.7846663000528	649.8051362000406	649.8051362000406	649.8051362000406	649.8051362000406	649.8051362000406	649.8051362000406					652.7900487000006	None	652.7931978999986	652.8039019000134	653.3203746000072	653.2869944000267	653.2897926000296	653.3203746000072	653.3203746000072	653.3203746000072	653.3203746000072	653.3203746000072	653.3203746000072	653.7867933000089	656.7717291000299	None			656.7740615000366	657.2691648000036			647.8886474000174	647.8886474000174			656.3199469000101	656.3199469000101	656.3199469000101	656.3199469000101	656.3199469000101	656.3199469000101	656.7860311000259	656.7860311000259	657.2855617000023							0	2026-07-26_19h41.53.956	TSRlearn_main-blocks		2025.1.1	59.89354520399567	2026-07-26 19h42.35.221722 +0200	
								1	1	0				1	stimuli/jacket/jacket_29.jpg	stimuli/ball/ball_37.jpg	None	yes	no	right	right	5	1.2	0.2		0.68	1.84	sequences/learning_block1_fixed-middle-10_0{participant_ID}.xlsx	sequences/retrieval_block1_fixed-middle-10_0{participant_ID}.xlsx	6	block1	A	3																0	0	3	A	10	1	None	None	None																	0	0	0	0	2	0	2	0					0	1	1	1	657.2855617000023																																																																																																																																																																																																																																			657.269590800046	657.2855617000023	657.9852109000203	657.9522647000267	657.9768135000486	657.9852109000203	657.9852109000203	658.9857898000046	658.9857898000046	658.9685712000355	658.9686070000171	658.9857898000046	658.9857898000046	659.2190182000049	659.2407739000046	659.2514373000013	659.2514373000013	660.2514199000434	660.2514199000434	660.2348443000228	660.2348833000287	660.2514199000434	660.2514199000434	660.4849635999999	660.4849915000377	660.5022925000521	660.5022925000521	662.3678387000109	662.3678387000109	662.3344505000277	662.3486203000066	662.3678387000109	662.3678387000109	662.3678387000109	662.3678387000109	662.3678387000109	662.3678387000109					665.3525621000445	None	665.355082300026	665.3670573999989	665.8835439000395	665.8498783000396	665.8534778000321	665.8835439000395	665.8835439000395	665.8835439000395	665.8835439000395	665.8835439000395	665.8835439000395	666.3495654000435	669.3353388000396	None			669.3393159999978	669.8327932000393			660.5022925000521	660.5022925000521			668.8991437000223	668.8991437000223	668.8991437000223	668.8991437000223	668.8991437000223	668.8991437000223	669.34835320001	669.34835320001	669.8482282000477							0	2026-07-26_19h41.53.956	TSRlearn_main-blocks		2025.1.1	59.89354520399567	2026-07-26 19h42.35.221722 +0200	
								2	2	0				1	stimuli/bicycle/bicycle_49.jpg	stimuli/dog/dog_36.jpg	None	no	yes	right	right	4	1.2	0.2		0.31	2.15	sequences/learning_block1_fixed-middle-10_0{participant_ID}.xlsx	sequences/retrieval_block1_fixed-middle-10_0{participant_ID}.xlsx	6	block1	A	3																0	1	3	A	2	5	None	None	None																	0	0	0	0	2	0	2	0					0	2	2	2	669.8482282000477																																																																																																																																																																																																																																			669.83333210001	669.8482282000477	670.1982426000177	670.1495481000165	670.1828961000429	670.1982426000177	670.1982426000177	671.1985384	671.1985384	671.1826834000531	671.1827409000252	671.1985384	671.1985384	671.4314888000372	671.4434349000221	671.4644355000346	671.4644355000346	672.4646172000212	672.4646172000212	672.447993000038	672.4480442000204	672.4646172000212	672.4646172000212	672.697805200005	672.6978395000333	672.7141540000448	672.7141540000448	674.8802191000432	674.8802191000432	674.847588900011	674.8608696000301	674.8802191000432	674.8802191000432	674.8802191000432	674.8802191000432	674.8802191000432	674.8802191000432	677.8793647999992	677.8793647999992	677.8793647999992	677.8793647999992	677.8651744000381	None	677.8674830000382	677.8793647999992	678.3956164999981	678.3628236000077	678.3649724000134	678.3956164999981	678.3956164999981	678.3956164999981	678.3956164999981	678.3956164999981	678.3956164999981	678.8622119000065	681.8470495000365	None			681.8494513000478	682.3445829999982	671.4644355000346	671.4644355000346	672.7141540000448	672.7141540000448			681.3947074000025	681.3947074000025	681.3947074000025	681.3947074000025	681.3947074000025	681.3947074000025	681.861229000031	681.861229000031	682.3611746000242							0	2026-07-26_19h41.53.956	TSRlearn_main-blocks		2025.1.1	59.89354520399567	2026-07-26 19h42.35.221722 +0200	
								3	3	0				1	stimuli/flower/flower_07.jpg	stimuli/bread/bread_04.jpg	None	no	yes	left	left	2	1.2	0.2		0.49	2.15	sequences/learning_block1_fixed-middle-10_0{participant_ID}.xlsx	sequences/retrieval_block1_fixed-middle-10_0{participant_ID}.xlsx	6	block1	A	3																0	0	3	A	6	3	None	None	None																	0	0	0	0	2	0	2	0					0	3	3	3	682.3611746000242																																																																																																																																																																																																																																			682.3448696000269	682.3611746000242	682.8775043000351	682.8444438000442	682.8695187999983	682.8775043000351	682.8775043000351	683.8784175000037	683.8784175000037	683.8613736000261	683.8614196000271	683.8784175000037	683.8784175000037	684.1279125000001	684.1617268000264	684.1778324000188	684.1778324000188	685.1775481000077	685.1775481000077	685.1607797000324	685.1608153000125	685.1775481000077	685.1775481000077	685.4109181000385	685.4110069000162	685.4273603000329	685.4273603000329	687.6094386000186	687.6094386000186	687.5763615000178	687.5895615000045	687.6094386000186	687.6094386000186	687.6094386000186	687.6094386000186	687.6094386000186	687.6094386000186					690.5940535000409	None	690.5963648000034	690.6089778000023	691.1251715000253	691.0923315000255	691.0953257000074	691.1251715000253	691.1251715000253	691.1251715000253	691.1251715000253	691.1251715000253	691.1251715000253	691.5919061000459	694.5945523999981	None			694.5978433000273	695.0906044000294							694.1406143000349	694.1406143000349	694.1406143000349	694.1406143000349	694.1406143000349	694.1406143000349	694.6079050000408	694.6079050000408	695.1071931000333							0	2026-07-26_19h41.53.956	TSRlearn_main-blocks		2025.1.1	59.89354520399567	2026-07-26 19h42.35.221722 +0200	
								4	4	0				1	stimuli/dog/dog_36.jpg	stimuli/hand/hand_38.jpg	None	yes	no	left	left	2	1.2	0.2		0.34	2.16	sequences/learning_block1_fixed-middle-10_0{participant_ID}.xlsx	sequences/retrieval_block1_fixed-middle-10_0{participant_ID}.xlsx	6	block1	A	3																1	1	3	A	5	8	None	None	None																	0	0	0	0	2	0	2	0					0	4	4	4	695.1071931000333																																																																																																																																																																																																																																			695.0909891000483	695.1071931000333	695.4742058000411	695.4412450000527	695.4564486000454	695.4742058000411	695.4742058000411	696.4735135000083	696.4735135000083	696.4572481000214	696.457283900003	696.4735135000083	696.4735135000083	696.7068667000276	696.7215324999997	696.7408023000462	696.7408023000462	697.7563384000096	697.7563384000096	697.7400847999961	697.7401314000017	697.7563384000096	697.7563384000096	697.990438000008	697.9905180000351	698.0068301000283	698.0068301000283	700.1893237000331	700.1893237000331	700.1556657000328	700.1691537000006	700.1893237000331	700.1893237000331	700.1893237000331	700.1893237000331	700.1893237000331	700.1893237000331					703.1736298000324	None	703.1759786000475	703.1880677000154	703.704660300049	703.6716267000302	703.6753660000395	703.704660300049	703.704660300049	703.704660300049	703.704660300049	703.704660300049	703.704660300049	704.1709552000393	707.156551800028	None			707.1582196000381	707.6536170000327	696.7408023000462	696.7408023000462					706.7201687000343	706.7201687000343	706.7201687000343	706.7201687000343	706.7201687000343	706.7201687000343	707.1703116000281	707.1703116000281	707.6706929000211							0	2026-07-26_19h41.53.956	TSRlearn_main-blocks		2025.1.1	59.89354520399567	2026-07-26 19h42.35.221722 +0200	
								5	5	0				1	stimuli/jacket/jacket_29.jpg	stimuli/bread/bread_04.jpg	None	yes	no	right	right	3	1.2	0.2		0.26	1.98	sequences/learning_block1_fixed-middle-10_0{participant_ID}.xlsx	sequences/retrieval_block1_fixed-middle-10_0{participant_ID}.xlsx	6	block1	A	3																1	0	3	A	10	3	None	None	None																	0	0	0	0	2	0	2	0					0	5	5	5	707.6706929000211																																																																																																																																																																																																																																			707.6539633000502	707.6706929000211	707.9528997000307	707.9209336000495	707.945475000015	707.9528997000307	707.9528997000307	708.9526983000105	708.9526983000105	708.9364958000369	708.9365334000322	708.9526983000105	708.9526983000105	709.1863595000468	709.2103230000357	709.2192366000381	709.2192366000381	710.2193435000372	710.2193435000372	710.2026334000402	710.2026714000385	710.2193435000372	710.2193435000372	710.4534675000468	710.45355440001	710.4688084000372	710.4688084000372	712.4684539000154	712.4684539000154	712.435646100028	712.4495628000004	712.4684539000154	712.4684539000154	712.4684539000154	712.4684539000154	712.4684539000154	712.4684539000154	715.4674318000325	715.4674318000325	715.4674318000325	715.4674318000325	715.4536971000489	None	715.4559192000306	715.4674318000325	715.983993700007	715.9515971000073	715.9542885000119	715.983993700007	715.983993700007	715.983993700007	715.983993700007	715.983993700007	715.983993700007	716.4673038000474	719.4528217000188	None			719.4547778000124	719.9503386000288	709.2192366000381	709.2192366000381					718.9830111000338	718.9830111000338	718.9830111000338	718.9830111000338	718.9830111000338	718.9830111000338	719.467219800048	719.467219800048	719.9667992000468							0	2026-07-26_19h41.53.956	TSRlearn_main-blocks		2025.1.1	59.89354520399567	2026-07-26 19h42.35.221722 +0200	
								6	6	0				1	stimuli/hammer/hammer_35.jpg	stimuli/flower/flower_07.jpg	None	no	yes	left	left	4	1.2	0.2		0.6	1.91	sequences/learning_block1_fixed-middle-10_0{participant_ID}.xlsx	sequences/retrieval_block1_fixed-middle-10_0{participant_ID}.xlsx	6	block1	A	3																1	0	3	A	7	6	None	None	None																	0	0	0	0	2	0	2	0					0	6	6	6	719.9667992000468																																																																																																																																																																																																																																			719.9508535000496	719.9667992000468	720.5822530000005	720.5494717000402	720.5615196000435	720.5822530000005	720.5822530000005	721.5821184000233	721.5821184000233	721.5657984000281	721.5658560000011	721.5821184000233	721.5821184000233	721.8156717000529	721.8449683000217	721.865729800018	721.865729800018	722.8662368000369	722.8662368000369	722.8496884000488	722.8497432000004	722.8662368000369	722.8662368000369	723.1159136000206	723.1160315000452	723.1315002000192	723.1315002000192	725.0642613000236	725.0642613000236	725.031741600018	725.0447202000069	725.0642613000236	725.0642613000236	725.0642613000236	725.0642613000236	725.0642613000236	725.0642613000236	728.063453800045	728.063453800045	728.063453800045	728.063453800045	728.0492512000492	None	728.0517821999965	728.063453800045	728.5807119000237	728.5483573999954	728.5511701000505	728.5807119000237	728.5807119000237	728.5807119000237	728.5807119000237	728.5807119000237	728.5807119000237	729.0474972000229	732.0474750000285	None			732.0497278000112	732.5461260000011	721.865729800018	721.865729800018					731.5955736000324	731.5955736000324	731.5955736000324	731.5955736000324	731.5955736000324	731.5955736000324	732.061884100025	732.061884100025	732.5625367000466							0	2026-07-26_19h41.53.956	TSRlearn_main-blocks		2025.1.1	59.89354520399567	2026-07-26 19h42.35.221722 +0200	
								7	7	0				1	stimuli/house/house_30.jpg	stimuli/chair/chair_21.jpg	None	no	yes	right	right	5	1.2	0.2		0.47	1.96	sequences/learning_block1_fixed-middle-10_0{participant_ID}.xlsx	sequences/retrieval_block1_fixed-middle-10_0{participant_ID}.xlsx	6	block1	A	3																1	1	3	A	9	4	None	None	None																	0	0	0	0	2	0	2	0					0	7	7	7	732.5625367000466																																																																																																																																																																																																																																			732.5464574000216	732.5625367000466	733.0420574000455	733.0175294000073	733.0367188000237	733.0420574000455	733.0420574000455	734.0511613000417	734.0511613000417	734.0328564000083	734.0329016000032	734.0511613000417	734.0511613000417	734.2831739000394	734.2998920000391	734.3048755000345	734.3048755000345	735.316263900022	735.316263900022	735.3004041000386	735.3004476000206	735.316263900022	735.316263900022	735.549520600005	735.5495583000011	735.5658056000248	735.5658056000248	737.5418375000008	737.5418375000008	737.5141801999998	737.5267079000478	737.5418375000008	737.5418375000008	737.5418375000008	737.5418375000008	737.5418375000008	737.5418375000008	740.5469986000098	740.5469986000098	740.5469986000098	740.5469986000098	740.5330093000084	None	740.535257200012	740.5469986000098	741.0495598000125	741.0307757999981	741.0335773000261	741.0495598000125	741.0495598000125	741.0495598000125	741.0495598000125	741.0495598000125	741.0495598000125	741.5301156000351	744.5148427000386	None			744.5171613999992	745.0138413000386			735.5658056000248	735.5658056000248			744.0628531000111	744.0628531000111	744.0628531000111	744.0628531000111	744.0628531000111	744.0628531000111	744.5299505000003	744.5299505000003	745.0298414000426							0	2026-07-26_19h41.53.956	TSRlearn_main-blocks		2025.1.1	59.89354520399567	2026-07-26 19h42.35.221722 +0200	
								8	8	0				1	stimuli/bicycle/bicycle_49.jpg	stimuli/ball/ball_37.jpg	None	yes	no	right	right	3	1.2	0.2		0.31	1.92	sequences/learning_block1_fixed-middle-10_0{participant_ID}.xlsx	sequences/retrieval_block1_fixed-middle-10_0{participant_ID}.xlsx	6	block1	A	3																2	0	3	A	2	1	None	None	None																	0	0	0	0	2	0	2	0					0	8	8	8	745.0298414000426																																																																																																																																																																																																																																			745.0143736000173	745.0298414000426	745.3813120000414	745.3291509000119	745.3652653000318	745.3813120000414	745.3813120000414	746.3956417000154	746.3956417000154	746.3784397999989	746.3784998000483	746.3956417000154	746.3956417000154	746.6285795000149	746.6511288000038	746.6564651000081	746.6564651000081	747.6615634000045	747.6615634000045	747.6451255000429	747.645161900029	747.6615634000045	747.6615634000045	747.9016483000014	747.9017361000297	747.9188284000265	747.9188284000265	749.8576891000266	749.8576891000266	749.8281935999985	749.8414338000002	749.8576891000266	749.8576891000266	749.8576891000266	749.8576891000266	749.8576891000266	749.8576891000266	752.8604983999976	752.8604983999976	752.8604983999976	752.8604983999976	752.848742000002	None	752.8513789999997	752.8604983999976	753.3819616000401	753.3609689000295	753.3647335999995	753.3819616000401	753.3819616000401	753.3819616000401	753.3819616000401	753.3819616000401	753.3819616000401	753.8606627000263	756.8463528000284	None			756.8482726000366	757.3435274000512	746.6564651000081	746.6564651000081					756.3931860000012	756.3931860000012	756.3931860000012	756.3931860000012	756.3931860000012	756.3931860000012	756.8595314000268	756.8595314000268	757.3590630000108							0	2026-07-26_19h41.53.956	TSRlearn_main-blocks		2025.1.1	59.89354520399567	2026-07-26 19h42.35.221722 +0200	
								9	9	0				1	stimuli/house/house_30.jpg	stimuli/jacket/jacket_29.jpg	None	yes	no	left	left	4	1.2	0.2		0.73	1.97	sequences/learning_block1_fixed-middle-10_0{participant_ID}.xlsx	sequences/retrieval_block1_fixed-middle-10_0{participant_ID}.xlsx	6	block1	A	3																2	1	3	A	9	10	None	None	2	3.666902699973434	None															0	0	0	0	2	0	2	0					0	9	9	9	757.3590630000108																																																																																																																																																																																																																																			757.3443383999984	757.3590630000108	758.1054270000313	758.0759649000247	758.0931159000029	758.1054270000313	758.1054270000313	759.1084026000462	759.1084026000462	759.0931658000336	759.0932421000325	759.1084026000462	759.1084026000462	759.3419733000337	759.3735417000134	759.3786051000352	759.3786051000352	760.3867236000369	760.3867236000369	760.3702666000463	760.3703113000374	760.3867236000369	760.3867236000369	760.6201157000032	760.6201467000064	760.636450799997	760.636450799997	762.6356224000338	762.6356224000338	762.6029157000012	762.6161116000148	762.6356224000338	762.6356224000338	762.6356224000338	762.6356224000338	762.6356224000338	762.6356224000338	765.6349668000476	765.6349668000476	765.6349668000476	765.6349668000476	765.6204607000109	None	765.622169600043	765.6349668000476	766.1518736000289	766.1186242999975	766.1208869999973	766.1518736000289	766.1518736000289	766.1518736000289	766.1518736000289	766.1518736000289	766.1518736000289		766.4362668000394	2	3.666902699973434	None	766.4391938000335	766.4392212000093	759.3786051000352	759.3786051000352	760.636450799997	760.636450799997																		0	2026-07-26_19h41.53.956	TSRlearn_main-blocks		2025.1.1	59.89354520399567	2026-07-26 19h42.35.221722 +0200	
								10	10	0				1	stimuli/bread/bread_04.jpg	stimuli/dog/dog_36.jpg	None	no	yes	right	right	5	1.2	0.2		0.57	1.98	sequences/learning_block1_fixed-middle-10_0{participant_ID}.xlsx	sequences/retrieval_block1_fixed-middle-10_0{participant_ID}.xlsx	6	block1	A	3																2	1	3	A	3	5	None	b	4	1.20986390003236	None	0.5748567000264302	None													0	0	0	0	2	0	2	0					0	10	10	10	766.4513439000002																																																																																																																																																																																																																																			766.4394805000047	766.4513439000002	767.0506499000476	767.0181279000244	767.0447551000398	767.0506499000476	767.0506499000476	768.0509165000403	768.0509165000403	768.0348613000242	768.0349006000324	768.0509165000403	768.0509165000403	768.2842096000095	768.2973175000516	768.31744480005	768.31744480005	769.3179495000513	769.3179495000513	769.3018885000492	769.3019485000405	769.3179495000513	769.3179495000513	769.5514185000211	769.5514724000241	769.5671782999998	769.5671782999998	771.5664796000347	771.5664796000347	771.5331415000255	771.5455569000333	771.5664796000347	771.5664796000347	771.5664796000347	771.5664796000347	771.5664796000347	771.5664796000347					772.2665239000344	b	772.2687654000474			772.2687910000095	772.2704237000435	772.2995376000181	772.2995376000181	772.2995376000181	772.2995376000181	772.2995376000181	772.2995376000181	772.7825669000158	774.0998683000216	4	1.20986390003236	None	774.1023950999952	774.1024413999985	768.31744480005	768.31744480005	769.5671782999998	769.5671782999998	0.5748567000264302	None																0	2026-07-26_19h41.53.956	TSRlearn_main-blocks		2025.1.1	59.89354520399567	2026-07-26 19h42.35.221722 +0200	
								11	11	0				1	stimuli/hammer/hammer_35.jpg	stimuli/chair/chair_21.jpg	None	no	yes	left	left	2	1.2	0.2		0.67	2.22	sequences/learning_block1_fixed-middle-10_0{participant_ID}.xlsx	sequences/retrieval_block1_fixed-middle-10_0{participant_ID}.xlsx	6	block1	A	3																2	0	3	A	7	4	None	g	2	0.8720431000110693	None	0.9584871000261046	None													0	0	0	0	2	0	2	0					0	11	11	11	774.1157471000333																																																																																																																																																																																																																																			774.1027171000023	774.1157471000333	774.8155236000312	774.7825794000528	774.7957704000291	774.8155236000312	774.8155236000312	775.8150567000266	775.8150567000266	775.7987436000258	775.7987786000012	775.8150567000266	775.8150567000266	776.0485393000417	776.0621602000319	776.0817308000405	776.0817308000405	777.0812254000339	777.0812254000339	777.0654461000231	777.0654854000313	777.0812254000339	777.0812254000339	777.3153476000298	777.3153867000365	777.3318304000422	777.3318304000422	779.5802543000318	779.5802543000318	779.5474588000216	779.5620040000067	779.5802543000318	779.5802543000318	779.5802543000318	779.5802543000318	779.5802543000318	779.5802543000318					780.6643333000247	g	780.6667709000176			780.6668002000079	780.6686684000306	780.697255600011	780.697255600011	780.697255600011	780.697255600011	780.697255600011	780.697255600011	781.1803749999963	782.1800385999959	2	0.8720431000110693	None	782.1827893000445	782.1828133000527	776.0817308000405	776.0817308000405	777.3318304000422	777.3318304000422	0.9584871000261046	None																0	2026-07-26_19h41.53.956	TSRlearn_main-blocks		2025.1.1	59.89354520399567	2026-07-26 19h42.35.221722 +0200	
								12	12	0				1	stimuli/house/house_30.jpg	stimuli/flower/flower_07.jpg	None	yes	no	left	left	3	1.2	0.2		0.29	1.94	sequences/learning_block1_fixed-middle-10_0{participant_ID}.xlsx	sequences/retrieval_block1_fixed-middle-10_0{participant_ID}.xlsx	6	block1	A	3																3	1	3	A	9	6	None	g	3	0.7247219000128098	None	2.492017999989912	None													0	0	0	0	2	0	2	0					0	12	12	12	782.1962137000519																																																																																																																																																																																																																																			782.1830733999959	782.1962137000519	782.5128708000411	782.4802543999976	782.4936076000449	782.5128708000411	782.5128708000411	783.5129371000221	783.5129371000221	783.4969165000366	783.4969501000014	783.5129371000221	783.5129371000221	783.7469607000239	783.7727998000337	783.7790579000139	783.7790579000139	784.7787365000113	784.7787365000113	784.7626564000384	784.7626933000283	784.7787365000113	784.7787365000113	785.0122967000352	785.0123313000076	785.0287834000192	785.0287834000192	786.9950790000148	786.9950790000148	786.9619243000052	786.9752143000369	786.9950790000148	786.9950790000148	786.9950790000148	786.9950790000148	786.9950790000148	786.9950790000148					789.6110070000286	g	789.6132971000043			789.6133282000083	789.6153248000192	789.6438667000039	789.6438667000039	789.6438667000039	789.6438667000039	789.6438667000039	789.6438667000039	790.1269945999957	790.9771742000012	3	0.7247219000128098	None	790.9796444000094	790.9796785000362	783.7790579000139	783.7790579000139	785.0287834000192	785.0287834000192	2.492017999989912	None																0	2026-07-26_19h41.53.956	TSRlearn_main-blocks		2025.1.1	59.89354520399567	2026-07-26 19h42.35.221722 +0200	
								13	13	0				1	stimuli/bread/bread_04.jpg	stimuli/ball/ball_37.jpg	None	no	yes	left	left	2	1.2	0.2		0.25	2.14	sequences/learning_block1_fixed-middle-10_0{participant_ID}.xlsx	sequences/retrieval_block1_fixed-middle-10_0{participant_ID}.xlsx	6	block1	A	3																3	0	3	A	3	1	None	g	3	2.1612658000085503	None	1.5359879999887198	None													0	0	0	0	2	0	2	0					0	13	13	13	790.9934336000006																																																																																																																																																																																																																																			790.9800194000127	790.9934336000006	791.2600119000417	791.2270246000262	791.2510091000004	791.2600119000417	791.2600119000417	792.2601616000175	792.2601616000175	792.2441515999963	792.2441843000124	792.2601616000175	792.2601616000175	792.4933412999962	792.515470900049	792.5265253999969	792.5265253999969	793.5261423000484	793.5261423000484	793.5097058000392	793.5097438000375	793.5261423000484	793.5261423000484	793.7595183000085	793.7595472999965	793.7759022000246	793.7759022000246	795.9425881000352	795.9425881000352	795.9093177000177	795.921719200036	795.9425881000352	795.9425881000352	795.9425881000352	795.9425881000352	795.9425881000352	795.9425881000352					797.608921200037	g	797.611251400027			797.6112865000032	797.6130272000446	797.6418176000006	797.6418176000006	797.6418176000006	797.6418176000006	797.6418176000006	797.6418176000006	798.1243259000476	798.224950600008	3	2.1612658000085503	None	798.2271310000215	798.2271601000102	792.5265253999969	792.5265253999969	793.7759022000246	793.7759022000246	1.5359879999887198	None																0	2026-07-26_19h41.53.956	TSRlearn_main-blocks		2025.1.1	59.89354520399567	2026-07-26 19h42.35.221722 +0200	
								14	14	0				1	stimuli/hand/hand_38.jpg	stimuli/jacket/jacket_29.jpg	None	yes	no	right	right	4	1.2	0.2		0.58	2.06	sequences/learning_block1_fixed-middle-10_0{participant_ID}.xlsx	sequences/retrieval_block1_fixed-middle-10_0{participant_ID}.xlsx	6	block1	A	3																3	0	3	A	8	10	None	None	3	0.7973209000192583	None															0	0	0	0	2	0	2	0					0	14	14	14	798.2412607000442																																																																																																																																																																																																																																			798.227426700003	798.2412607000442	798.8411233000224	798.8079601000063	798.8210008000024	798.8411233000224	798.8411233000224	799.8409216	799.8409216	799.8252301000175	799.8253004000289	799.8409216	799.8409216	800.0742687000311	800.1024320000433	800.1240620000171	800.1240620000171	801.1237418000237	801.1237418000237	801.1074582000147	801.1074984000297	801.1237418000237	801.1237418000237	801.3576755000395	801.3577214000397	801.373538600048	801.373538600048	803.456826300011	803.456826300011	803.423250300053	803.4375691000023	803.456826300011	803.456826300011	803.456826300011	803.456826300011	803.456826300011	803.456826300011	806.4553507000091	806.4553507000091	806.4553507000091	806.4553507000091	806.4414605000056	None	806.4430992000271	806.4553507000091	806.972210100037	806.9394049000111	806.9419543000404	806.972210100037	806.972210100037	806.972210100037	806.972210100037	806.972210100037	806.972210100037	807.4389869000297	808.338744800014	3	0.7973209000192583	None	808.3413356000092	808.3413668000139	800.1240620000171	800.1240620000171	801.373538600048	801.373538600048																		0	2026-07-26_19h41.53.956	TSRlearn_main-blocks		2025.1.1	59.89354520399567	2026-07-26 19h42.35.221722 +0200	
								15	15	0				1	stimuli/bicycle/bicycle_49.jpg	stimuli/hammer/hammer_35.jpg	None	no	yes	right	right	5	1.2	0.2		0.31	1.93	sequences/learning_block1_fixed-middle-10_0{participant_ID}.xlsx	sequences/retrieval_block1_fixed-middle-10_0{participant_ID}.xlsx	6	block1	A	3																3	1	3	A	2	7	None	g	3	0.2290880999644287	None	1.1177878999733366	None													0	0	0	0	2	0	2	0					0	15	15	15	808.354851000011																																																																																																																																																																																																																																			808.3416713000042	808.354851000011	808.7214059000253	808.6549321000348	808.6912341000279	808.7214059000253	808.7214059000253	809.7214079000405	809.7214079000405	809.7046348000295	809.7046772000031	809.7214079000405	809.7214079000405	809.9545913000475	809.9677625000477	809.9882609000197	809.9882609000197	810.9876354000298	810.9876354000298	810.9711006000289	810.9711472000345	810.9876354000298	810.9876354000298	811.2206732000341	811.2207055000472	811.2374643000076	811.2374643000076	813.186473800044	813.186473800044	813.1544009000063	813.1678874000208	813.186473800044	813.186473800044	813.186473800044	813.186473800044	813.186473800044	813.186473800044					814.4203246000106	g	814.4225819000276			814.4226108000148	814.4242923000129	814.4528425000026	814.4528425000026	814.4528425000026	814.4528425000026	814.4528425000026	814.4528425000026	814.9358501000097	815.2862181000528	3	0.2290880999644287	None	815.289116400003	815.2891462999978	809.9882609000197	809.9882609000197	811.2374643000076	811.2374643000076	1.1177878999733366	None																0	2026-07-26_19h41.53.956	TSRlearn_main-blocks		2025.1.1	59.89354520399567	2026-07-26 19h42.35.221722 +0200	
								16	16	0				1	stimuli/hand/hand_38.jpg	stimuli/flower/flower_07.jpg	None	no	yes	left	left	5	1.2	0.2		0.41	1.87	sequences/learning_block1_fixed-middle-10_0{participant_ID}.xlsx	sequences/retrieval_block1_fixed-middle-10_0{participant_ID}.xlsx	6	block1	A	3																4	0	3	A	8	6	None	g	4	0.8882151999860071	None	2.5241049000178464	None													0	0	0	0	2	0	2	0					0	16	16	16	815.3025036000181																																																																																																																																																																																																																																			815.2894313000143	815.3025036000181	815.7357095000334	815.7027291000122	815.7197553000296	815.7357095000334	815.7357095000334	816.7365026000189	816.7365026000189	816.719345599995	816.7193797000218	816.7365026000189	816.7365026000189	816.969141300011	816.9993079000269	817.0193588000257	817.0193588000257	818.01846630004	818.01846630004	818.0020547000458	818.0020919000381	818.01846630004	818.01846630004	818.2521958000143	818.252226600016	818.2682311999961	818.2682311999961	820.168028700049	820.168028700049	820.1348669000436	820.1472638000268	820.168028700049	820.168028700049	820.168028700049	820.168028700049	820.168028700049	820.168028700049					822.8011933999951	g	822.8038926000008			822.8039267000277	822.8059524000273	822.8334810000379	822.8334810000379	822.8334810000379	822.8334810000379	822.8334810000379	822.8334810000379	823.3166078000213	824.3332998999977	4	0.8882151999860071	None	824.3357780000078	824.3358123000362	817.0193588000257	817.0193588000257	818.2682311999961	818.2682311999961	2.5241049000178464	None																0	2026-07-26_19h41.53.956	TSRlearn_main-blocks		2025.1.1	59.89354520399567	2026-07-26 19h42.35.221722 +0200	
								17	17	0				1	stimuli/house/house_30.jpg	stimuli/bicycle/bicycle_49.jpg	None	yes	no	left	left	2	1.2	0.2		0.53	2.04	sequences/learning_block1_fixed-middle-10_0{participant_ID}.xlsx	sequences/retrieval_block1_fixed-middle-10_0{participant_ID}.xlsx	6	block1	A	3																4	1	3	A	9	2	None	None	None																	0	0	0	0	2	0	2	0					0	17	17	17	824.3496292000054																																																																																																																																																																																																																																			824.3360888000461	824.3496292000054	824.9005189000163	824.8670350000029	824.8801766000106	824.9005189000163	824.9005189000163	825.899149600009	825.899149600009	825.8831365000224	825.8831698000431	825.899149600009	825.899149600009	826.1328524000128	826.1707861000323	826.1992352000088	826.1992352000088	827.1987828999991	827.1987828999991	827.1837386999978	827.1837830000441	827.1987828999991	827.1987828999991	827.4329120000475	827.4329419000424	827.4488856000244	827.4488856000244	829.5146764999954	829.5146764999954	829.4817081000074	829.4942066000076	829.5146764999954	829.5146764999954	829.5146764999954	829.5146764999954	829.5146764999954	829.5146764999954	832.514294499997	832.514294499997	832.514294499997	832.514294499997	832.4994535000296	None	832.5011111000204	832.514294499997	833.0305201000301	832.99720480002	832.9995698000421	833.0305201000301	833.0305201000301	833.0305201000301	833.0305201000301	833.0305201000301	833.0305201000301	833.4974378000479	836.4819875000394	None			836.4840354000335	836.9795819999999	826.1992352000088	826.1992352000088	827.4488856000244	827.4488856000244			836.0468986000051	836.0468986000051	836.0468986000051	836.0468986000051	836.0468986000051	836.0468986000051	836.4960663000238	836.4960663000238	836.9956727999961							0	2026-07-26_19h41.53.956	TSRlearn_main-blocks		2025.1.1	59.89354520399567	2026-07-26 19h42.35.221722 +0200	
								18	18	0				1	stimuli/jacket/jacket_29.jpg	stimuli/hammer/hammer_35.jpg	None	no	yes	right	right	3	1.2	0.2		0.58	2.09	sequences/learning_block1_fixed-middle-10_0{participant_ID}.xlsx	sequences/retrieval_block1_fixed-middle-10_0{participant_ID}.xlsx	6	block1	A	3																4	1	3	A	10	7	None	None	5	0.44324069999856874	None															0	0	0	0	2	0	2	0					0	18	18	18	836.9956727999961																																																																																																																																																																																																																																			836.9799230000353	836.9956727999961	837.59524960001	837.5628067000071	837.588551199995	837.59524960001	837.59524960001	838.5960607000161	838.5960607000161	838.5788832000108	838.578924600035	838.5960607000161	838.5960607000161	838.828945700021	838.8405813000281	838.8616380000021	838.8616380000021	839.8622301000287	839.8622301000287	839.8449892000062	839.8450205000117	839.8622301000287	839.8622301000287	840.0950396000408	840.0950673000189	840.1114221000462	840.1114221000462	842.227318899997	842.227318899997	842.19446290005	842.2087127999985	842.227318899997	842.227318899997	842.227318899997	842.227318899997	842.227318899997	842.227318899997					845.2114356000093	None	845.2130697999964	845.2264268000145	845.743070400029	845.7097171000205	845.7120078000007	845.743070400029	845.743070400029	845.743070400029	845.743070400029	845.743070400029	845.743070400029	846.2095267000259	846.7600197000429	5	0.44324069999856874	None	846.7623874000274	846.7624188000336	838.8616380000021	838.8616380000021	840.1114221000462	840.1114221000462																		0	2026-07-26_19h41.53.956	TSRlearn_main-blocks		2025.1.1	59.89354520399567	2026-07-26 19h42.35.221722 +0200	
								19	19	0				1	stimuli/chair/chair_21.jpg	stimuli/bread/bread_04.jpg	None	yes	no	right	right	4	1.2	0.2		0.7	2.25	sequences/learning_block1_fixed-middle-10_0{participant_ID}.xlsx	sequences/retrieval_block1_fixed-middle-10_0{participant_ID}.xlsx	6	block1	A	3																4	0	3	A	4	3	None	b	None			0.645673600025475	None													0	0	0	0	2	0	2	0					0	19	19	19	846.7764598000213																																																																																																																																																																																																																																			846.7627384000225	846.7764598000213	847.4925595000386	847.4604953000089	847.472414000018	847.4925595000386	847.4925595000386	848.4922341000056	848.4922341000056	848.4757570000365	848.4757914000074	848.4922341000056	848.4922341000056	848.7259999000235	848.7511248000083	848.7584356000298	848.7584356000298	849.7583877000143	849.7583877000143	849.7425432000309	849.7426008000039	849.7583877000143	849.7583877000143	849.9925767999957	849.992666300037	850.0084397000028	850.0084397000028	852.274409900012	852.274409900012	852.2410491000046	852.2537523000501	852.274409900012	852.274409900012	852.274409900012	852.274409900012	852.274409900012	852.274409900012					853.0408483000356	b	853.0432751000044			853.0433059000061	853.0449540000409	853.0745122000226	853.0745122000226	853.0745122000226	853.0745122000226	853.0745122000226	853.0745122000226	853.557520500035	856.5538267000229	None			856.5583401000476	857.0483921000268			850.0084397000028	850.0084397000028	0.645673600025475	None	856.0829920000397	856.0829920000397	856.0829920000397	856.0829920000397	856.0829920000397	856.0829920000397	856.5640480000293	856.5640480000293	857.061196500028							0	2026-07-26_19h41.53.956	TSRlearn_main-blocks		2025.1.1	59.89354520399567	2026-07-26 19h42.35.221722 +0200	
stimuli/car/car_36.jpg	stimuli/fish/fish_19.jpg	stimuli/jacket/jacket_29.jpg	stimuli/key/key_28.jpg	center	right	left	center	0	0	0																		sequences/learning_block1_fixed-middle-10_0{participant_ID}.xlsx	sequences/retrieval_block1_fixed-middle-10_0{participant_ID}.xlsx	6	1.0	A	4	1	car	fish	jacket	key	0.53	0.2	2	11	12	10	15	None																												0	0	0	0	3	0	3	0	0	0	0	0					858.3508820999996																																																																																																																																																																																											858.0456294000032	858.0456785000279	858.265600600047	858.3508820999996	858.3508820999996	858.3508820999996	858.3508820999996	858.3508820999996	858.3508820999996	858.3508820999996	0.21996299998136237	863.1064407000085	None			863.2159556000261	863.2546094999998	863.2546094999998	863.2546094999998	863.2546094999998	863.2546094999998	863.2546094999998	864.2378489000257	864.240779600048	864.7371899000136	864.2537209000438	864.8367592000286																																																																																										857.0558061000193	857.0558712000493	857.0559047000133	857.061196500028	858.3508820999996	858.0453086000052	0	2026-07-26_19h41.53.956	TSRlearn_main-blocks		2025.1.1	59.89354520399567	2026-07-26 19h42.35.221722 +0200	
stimuli/fish/fish_19.jpg	stimuli/ball/ball_37.jpg	stimuli/bread/bread_04.jpg	stimuli/hand/hand_38.jpg	left	center	right	left	1	1	0																		sequences/learning_block1_fixed-middle-10_0{participant_ID}.xlsx	sequences/retrieval_block1_fixed-middle-10_0{participant_ID}.xlsx	6	1.0	A	4	2	fish	ball	bread	hand	0.75	0.36	3	12	1	3	8	None																												0	0	0	0	3	0	3	0	0	1	1	1					864.8367592000286																																																																																																																																																																																													864.8126217999961	864.8367592000286	864.8367592000286	864.8367592000286	864.8367592000286	864.8367592000286	864.8367592000286	864.8367592000286	0.0754564999951981	869.7541703000315	None			869.8201042000437	869.8351072000223	869.8351072000223	869.8351072000223	869.8351072000223	869.8351072000223	869.8351072000223	870.7861970000085	870.7888517000247	871.286267700023	870.8017685000086	871.4013160000322																																																																																																0	2026-07-26_19h41.53.956	TSRlearn_main-blocks		2025.1.1	59.89354520399567	2026-07-26 19h42.35.221722 +0200	
stimuli/ball/ball_37.jpg	stimuli/house/house_30.jpg	stimuli/bicycle/bicycle_49.jpg	stimuli/hammer/hammer_35.jpg	left	right	center	left	2	2	0																		sequences/learning_block1_fixed-middle-10_0{participant_ID}.xlsx	sequences/retrieval_block1_fixed-middle-10_0{participant_ID}.xlsx	6	1.0	A	4	3	ball	house	bicycle	hammer	0.75	0.47	4	1	9	2	7	None																												0	0	0	0	3	0	3	0	0	2	2	2					871.4013160000322																																																																																																																																																																																													871.3717102000373	871.4013160000322	871.4013160000322	871.4013160000322	871.4013160000322	871.4013160000322	871.4013160000322	871.4013160000322	0.08547970000654459	876.2905054000439	None			876.3735804000171	876.3883682000451	876.3883682000451	876.3883682000451	876.3883682000451	876.3883682000451	876.3883682000451	877.3390102999983	877.3424331000424	877.8531818000483	877.3543980999966	878.0047095000045																																																																																																0	2026-07-26_19h41.53.956	TSRlearn_main-blocks		2025.1.1	59.89354520399567	2026-07-26 19h42.35.221722 +0200	
stimuli/house/house_30.jpg	stimuli/bread/bread_04.jpg	stimuli/dog/dog_36.jpg	stimuli/key/key_28.jpg	right	left	center	right	3	3	0																		sequences/learning_block1_fixed-middle-10_0{participant_ID}.xlsx	sequences/retrieval_block1_fixed-middle-10_0{participant_ID}.xlsx	6	1.0	A	4	4	house	bread	dog	key	0.58	0.36	5	9	3	5	15	None																												0	0	0	0	3	0	3	0	0	3	3	3					878.0047095000045																																																																																																																																																																																													877.9657645000261	878.0047095000045	878.0047095000045	878.0047095000045	878.0047095000045	878.0047095000045	878.0047095000045	878.0047095000045	0.11262260004878044	882.8706417000503	None			882.9746241000248	882.9972664000234	882.9972664000234	882.9972664000234	882.9972664000234	882.9972664000234	882.9972664000234	883.936913100013	883.9394464000361	884.4367354999995	883.9526008000248	884.5595587000134																																																																																																0	2026-07-26_19h41.53.956	TSRlearn_main-blocks		2025.1.1	59.89354520399567	2026-07-26 19h42.35.221722 +0200	
stimuli/bread/bread_04.jpg	stimuli/bicycle/bicycle_49.jpg	stimuli/flower/flower_07.jpg	stimuli/guitar/guitar_22.jpg	right	center	left	right	4	4	0																		sequences/learning_block1_fixed-middle-10_0{participant_ID}.xlsx	sequences/retrieval_block1_fixed-middle-10_0{participant_ID}.xlsx	6	1.0	A	4	5	bread	bicycle	flower	guitar	0.8	0.47	6	3	2	6	13	None																												0	0	0	0	3	0	3	0	0	4	4	4					884.5595587000134																																																																																																																																																																																													884.5320481000235	884.5595587000134	884.5595587000134	884.5595587000134	884.5595587000134	884.5595587000134	884.5595587000134	884.5595587000134	0.09534070000518113	889.4522993999999	None			889.5565487000276	889.5794500000193	889.5794500000193	889.5794500000193	889.5794500000193	889.5794500000193	889.5794500000193	890.5178751000203	890.520577999996	891.0175475000287	890.5331359000411	891.1412984000053																																																																																																0	2026-07-26_19h41.53.956	TSRlearn_main-blocks		2025.1.1	59.89354520399567	2026-07-26 19h42.35.221722 +0200	
stimuli/bicycle/bicycle_49.jpg	stimuli/flower/flower_07.jpg	stimuli/chair/chair_21.jpg	stimuli/hammer/hammer_35.jpg	left	center	right	left	5	5	0																		sequences/learning_block1_fixed-middle-10_0{participant_ID}.xlsx	sequences/retrieval_block1_fixed-middle-10_0{participant_ID}.xlsx	6	1.0	A	4	6	bicycle	flower	chair	hammer	0.75	0.64	7	2	6	4	7	None																												0	0	0	0	3	0	3	0	0	5	5	5					891.1412984000053																																																																																																																																																																																													891.1133251000429	891.1412984000053	891.1412984000053	891.1412984000053	891.1412984000053	891.1412984000053	891.1412984000053	891.1412984000053	0.09580600005574524	896.0337230000296	None			896.1350558000267	896.1521294999984	896.1521294999984	896.1521294999984	896.1521294999984	896.1521294999984	896.1521294999984	897.0992794000194	897.1026283000247	897.598249200033	897.1144963999977	897.7444774000323																																																																																																0	2026-07-26_19h41.53.956	TSRlearn_main-blocks		2025.1.1	59.89354520399567	2026-07-26 19h42.35.221722 +0200	
stimuli/flower/flower_07.jpg	stimuli/jacket/jacket_29.jpg	stimuli/ball/ball_37.jpg	stimuli/bread/bread_04.jpg	center	left	right	center	6	6	0																		sequences/learning_block1_fixed-middle-10_0{participant_ID}.xlsx	sequences/retrieval_block1_fixed-middle-10_0{participant_ID}.xlsx	6	1.0	A	4	7	flower	jacket	ball	bread	0.33	0.2	8	6	10	1	3	None																												0	0	0	0	3	0	3	0	0	6	6	6					897.7444774000323																																																																																																																																																																																													897.7166983000352	897.7444774000323	897.7444774000323	897.7444774000323	897.7444774000323	897.7444774000323	897.7444774000323	897.7444774000323	0.11848250002367422	902.6170469000353	None			902.7305746000493	902.7481164000346	902.7481164000346	902.7481164000346	902.7481164000346	902.7481164000346	902.7481164000346	903.7311146000284	903.7341869000229	904.2462816000334	903.74847770005	904.3410542000202																																																																																																0	2026-07-26_19h41.53.956	TSRlearn_main-blocks		2025.1.1	59.89354520399567	2026-07-26 19h42.35.221722 +0200	
stimuli/jacket/jacket_29.jpg	stimuli/chair/chair_21.jpg	stimuli/guitar/guitar_22.jpg	stimuli/house/house_30.jpg	right	left	center	right	7	7	0																		sequences/learning_block1_fixed-middle-10_0{participant_ID}.xlsx	sequences/retrieval_block1_fixed-middle-10_0{participant_ID}.xlsx	6	1.0	A	4	8	jacket	chair	guitar	house	0.64	0.33	9	10	4	13	9	None																												0	0	0	0	3	0	3	0	0	7	7	7					904.3410542000202																																																																																																																																																																																													904.3189505000482	904.3410542000202	904.3410542000202	904.3410542000202	904.3410542000202	904.3410542000202	904.3410542000202	904.3410542000202	0.07270379998954013	909.2650489000371	None			909.3330171999987	909.3441409000079	909.3441409000079	909.3441409000079	909.3441409000079	909.3441409000079	909.3441409000079	910.295800700027	910.2990982000483	910.7945309000206	910.3109042000142	910.8923726000357																																																																																																0	2026-07-26_19h41.53.956	TSRlearn_main-blocks		2025.1.1	59.89354520399567	2026-07-26 19h42.35.221722 +0200	
stimuli/chair/chair_21.jpg	stimuli/dog/dog_36.jpg	stimuli/car/car_36.jpg	stimuli/bread/bread_04.jpg	left	center	right	left	8	8	0																		sequences/learning_block1_fixed-middle-10_0{participant_ID}.xlsx	sequences/retrieval_block1_fixed-middle-10_0{participant_ID}.xlsx	6	1.0	A	4	9	chair	dog	car	bread	0.6	0.33	10	4	5	11	3	None																												0	0	0	0	3	0	3	0	0	8	8	8					910.8923726000357																																																																																																																																																																																													910.8688343000249	910.8923726000357	910.8923726000357	910.8923726000357	910.8923726000357	910.8923726000357	910.8923726000357	910.8923726000357	0.07428819994674996	915.8130802000524	None			915.8799624000094	915.8915339000523	915.8915339000523	915.8915339000523	915.8915339000523	915.8915339000523	915.8915339000523	916.8274643000332	916.8302192999981	917.3261379000032	916.8422634000308	917.4089552000514																																																																																																0	2026-07-26_19h41.53.956	TSRlearn_main-blocks		2025.1.1	59.89354520399567	2026-07-26 19h42.35.221722 +0200	
stimuli/dog/dog_36.jpg	stimuli/hammer/hammer_35.jpg	stimuli/guitar/guitar_22.jpg	stimuli/fish/fish_19.jpg	right	center	left	right	9	9	0																					1.0	A	4	10	dog	hammer	guitar	fish	0.75	0.6	11	5	7	13	12																																					0	9	9	9					917.4089552000514																																																																																																																																																																																													917.3830445000203	917.4089552000514	917.4089552000514	917.4089552000514	917.4089552000514	917.4089552000514	917.4089552000514	917.4089552000514	0.05691889999434352																																																																																																																							
