promptFile,correctFile,dist_01File,dist_02File,correct_pos,dist01_pos,dist02_pos,correct_ans,thisN,thisTrialN,thisRepN,key_resp_2.keys,key_resp_2.rt,key_resp_2.duration,trial_type,img_first,img_second,img_third,opt_left,opt_right,correct_side,correct_key,distance_correct,image_dur_retr,fix_dur_retr,ImageExamplePath,iti_dur_retr,reflection_win_dur,condFileLearning,condFileRetrieval,n_routes_block,block,learningSeq,runIndexWithinSeq,currPosInSeq,promptConcept,correctConcept,dist01Concept,dist02Concept,dist01_diff,dist02_diff,pairTargetPosInSeq,buf1Concept,buf1Exemplar,buf1File,buf2Concept,buf2Exemplar,buf2File,buf13Concept,buf13Exemplar,buf13File,buf14Concept,buf14Exemplar,buf14File,promptTrigNumber,correctTrigNumber,dist01TrigNumber,dist02TrigNumber,key_resp.keys,key_resp.rt,key_resp.duration,miniblockWithinRun,coupleIndexWithinRoute,is_yes,routeIndexWithinBlock,seqOfRoute,retrIm1Trig,retrIm2Trig,continue_button_18.keys,resp.keys,resp.rt,resp.duration,resp_4.keys,resp_4.rt,resp_4.duration,continue_button_18.rt,continue_button_18.duration,practice_learning.thisRepN,practice_learning.thisTrialN,practice_learning.thisN,practice_learning.thisIndex,retrieval_prc_loop.thisRepN,retrieval_prc_loop.thisTrialN,retrieval_prc_loop.thisN,retrieval_prc_loop.thisIndex,retry_loop.thisRepN,retry_loop.thisTrialN,retry_loop.thisN,retry_loop.thisIndex,Block.thisRepN,Block.thisTrialN,Block.thisN,Block.thisIndex,miniblocks.thisRepN,miniblocks.thisTrialN,miniblocks.thisN,miniblocks.thisIndex,learning_trials.thisRepN,learning_trials.thisTrialN,learning_trials.thisN,learning_trials.thisIndex,retrieval_trials.thisRepN,retrieval_trials.thisTrialN,retrieval_trials.thisN,retrieval_trials.thisIndex,thisRow.t,notes,startup_settings.started,startup_settings.stopped,instructions_01.started,instruction_part1.started,continue_button.started,instructions_01.stopped,continue_button.keys,continue_button.rt,continue_button.duration,instructions_02.started,instruction_part2.started,continue_button_3.started,instructions_02.stopped,continue_button_3.keys,continue_button_3.rt,continue_button_3.duration,instructions_03.started,instruction_part3.started,continue_button_4.started,instructions_03.stopped,continue_button_4.keys,continue_button_4.rt,continue_button_4.duration,instructions_04.started,instruction_part4.started,continue_button_5.started,instructions_04.stopped,continue_button_5.keys,continue_button_5.rt,continue_button_5.duration,instructions_05.started,instruction_part5.started,continue_button_6.started,instructions_05.stopped,continue_button_6.keys,continue_button_6.rt,continue_button_6.duration,instructions_06.started,instruction_part6.started,continue_button_7.started,instructions_06.stopped,continue_button_7.keys,continue_button_7.rt,continue_button_7.duration,instructions_replay_break.started,instructions_part16.started,continue_button_22.started,instructions_replay_break.stopped,continue_button_22.keys,continue_button_22.rt,continue_button_22.duration,practice_choice_display.started,polygon.started,prompt_prc.started,dist_01_prc.started,dist_02_prc.started,correct_prc.started,key_resp_2.started,instructions_choose_2.started,practice_choice_display.stopped,practice_learning.key_resp_2.keys,practice_learning.key_resp_2.rt,practice_learning.key_resp_2.duration,practice_feedback.started,polygon_7.started,prompt_prc_2.started,dist_01_prc_2.started,dist_02_prc_2.started,correct_prc_2.started,practice_feedback.stopped,rest_practice.started,fix_cross_2.started,rest_instruction.started,fix_cross_2.stopped,rest_instruction.stopped,rest_practice.stopped,instruction_retrieval_trials.started,instruction_part7.started,continue_button_8.started,instruction_retrieval_trials.stopped,continue_button_8.keys,continue_button_8.rt,continue_button_8.duration,instruction_retrievalques1.started,instruction_part10.started,continue_button_10.started,instruction_retrievalques1.stopped,continue_button_10.keys,continue_button_10.rt,continue_button_10.duration,instruction_retrievalques1_02.started,instruction_part13.started,continue_button_19.started,instruction_retrievalques1_02.stopped,continue_button_19.keys,continue_button_19.rt,continue_button_19.duration,instruction_retrievalques2.started,instruction_part11.started,continue_button_11.started,instruction_retrievalques2.stopped,continue_button_11.keys,continue_button_11.rt,continue_button_11.duration,instruction_retrievalques2_02.started,instruction_part14.started,continue_button_20.started,instruction_retrievalques2_02.stopped,continue_button_20.keys,continue_button_20.rt,continue_button_20.duration,instruction_refl_period.started,instruction_part12.started,continue_button_14.started,instruction_refl_period.stopped,continue_button_14.keys,continue_button_14.rt,continue_button_14.duration,instruction_refl_period_02.started,instruction_part15.started,continue_button_21.started,instruction_refl_period_02.stopped,continue_button_21.keys,continue_button_21.rt,continue_button_21.duration,retrieval_backg_info.started,instruction_info.started,continue_button_15.started,retrieval_backg_info.stopped,continue_button_15.keys,continue_button_15.rt,continue_button_15.duration,instruction_practice_type1.started,instruction_part8.started,continue_button_9.started,instruction_practice_type1.stopped,continue_button_9.keys,continue_button_9.rt,continue_button_9.duration,retrieval_type1_practice.started,fix_cross_retrbegin.started,fix_cross_retrbegin.stopped,retrieval_type1_practice.stopped,first_image_prc.started,image_1_prc.started,info_example_3.started,image_1_prc.stopped,info_example_3.stopped,first_image_prc.stopped,mask_retr1_prc.started,mask_img1.started,info_example_4.started,mask_img1.stopped,info_example_4.stopped,mask_retr1_prc.stopped,second_image_prc.started,image_2_prc.started,info_example_5.started,image_2_prc.stopped,info_example_5.stopped,second_image_prc.stopped,mask_retr2_prc.started,mask_img2.started,info_example_6.started,mask_retr2_prc.stopped,reflection_period.started,fix_cross_reflretr_2.started,text.started,fix_cross_reflretr_2.stopped,text.stopped,reflection_period.stopped,retr_response_order_prc.started,yes_txt_3.started,no_txt_3.started,polygon_9.started,resp_3.started,info_example_7.started,text_question_order.started,retr_response_order_prc.stopped,retry_loop.resp_3.keys,retry_loop.resp_3.rt,retry_loop.resp_3.duration,retr_response_distance_prc.started,resp_2.started,info_example.started,opt_2_prc.started,opt_3_prc.started,opt_4_prc.started,opt_5_prc.started,text_question_retrieval.started,retr_response_distance_prc.stopped,retry_loop.resp_2.keys,retry_loop.resp_2.rt,retry_loop.resp_2.duration,retr_response_feedback.started,text_feedback.started,info_example_2.started,text_continue.started,continue_button_16.started,retr_response_feedback.stopped,retry_loop.continue_button_16.keys,retry_loop.continue_button_16.rt,retry_loop.continue_button_16.duration,mask_img2.stopped,info_example_6.stopped,instructions_07.started,instructions_part7.started,continue_button_13.started,instructions_07.stopped,continue_button_13.keys,continue_button_13.rt,continue_button_13.duration,reset_rows_to_select.started,reset_rows_to_select.stopped,set_learning_rows.started,set_learning_rows.stopped,show_context.started,scene_image.started,show_context.stopped,choice_display.started,scene_image_2.started,polygon_4.started,prompt.started,dist_01.started,dist_02.started,correct.started,chooseNowText.started,key_resp.started,choice_display.stopped,learning_trials.key_resp.keys,learning_trials.key_resp.rt,learning_trials.key_resp.duration,feedback.started,scene_image_3.started,polygon_8.started,prompt_2.started,dist_01_2.started,dist_02_2.started,correct_2.started,feedback.stopped,too_slow_routine.started,too_slow_routine.stopped,rest_period.started,fix_cross.started,fix_cross.stopped,rest_period.stopped,instruction_retr_start.started,instruction_now_retr.started,continue_button_18.started,instruction_now_retr.stopped,continue_button_18.stopped,instruction_retr_start.stopped,miniblocks.continue_button_18.keys,set_retrieval_rows.started,set_retrieval_rows.stopped,retr_ITI.started,fix_cross_retrbegin_2.started,fix_cross_retrbegin_2.stopped,retr_ITI.stopped,first_image.started,image_1.started,image_1.stopped,first_image.stopped,mask_retr1.started,mask_img1_2.started,mask_retr1.stopped,second_image.started,image_2.started,image_2.stopped,second_image.stopped,mask_retr2.started,mask_img2_2.started,mask_img2_2.stopped,mask_retr2.stopped,reflection_period_retr.started,fix_cross_reflretr.started,fix_cross_reflretr.stopped,reflection_period_retr.stopped,retr_response_order.started,polygon_6.started,yes_txt.started,no_txt.started,chooseNowText_2.started,resp.started,retr_response_order.stopped,retrieval_trials.resp.keys,retrieval_trials.resp.rt,retrieval_trials.resp.duration,too_slow_routine_1.started,too_slow_routine_1.stopped,retr_response_distance.started,chooseNowText_3.started,opt_2.started,opt_3.started,opt_4.started,opt_5.started,resp_4.started,retr_response_distance.stopped,retrieval_trials.resp_4.keys,retrieval_trials.resp_4.rt,retrieval_trials.resp_4.duration,too_slow_routine_2.started,too_slow_routine_2.stopped,mask_img1_2.stopped,yes_txt.stopped,no_txt.stopped,resp.stopped,tooSlowtext_4.started,tooSlowtext_4.stopped,chooseNowText_3.stopped,opt_2.stopped,opt_3.stopped,opt_4.stopped,opt_5.stopped,resp_4.stopped,tooSlowtext_2.started,tooSlowtext_2.stopped,retr_task_break.started,retr_task_break.stopped,instructions_new_learn.started,instruction_text_newroute.started,instruction_text_newroute.stopped,instructions_new_learn.stopped,scene_image_4.started,tooSlowtext.started,scene_image_4.stopped,tooSlowtext.stopped,miniblocks.continue_button_18.rt,miniblocks.continue_button_18.duration,break_instruction.started,break_instruction.stopped,participant_ID,date,expName,expVersion,psychopyVersion,frameRate,expStart,
,,,,,,,,,,,,,,,,,,,,,,,,,,,,,,,,,,,,,,,,,,,,,,,,,,,,,,,,,,,,,,,,,,,,,,,,,,,,,,,,,,,,,,,,,,,,,,,,,,,,,,,,,,,0.019116400042548776,0.01917940005660057,,,,,,,,,,,,,,,,,,,,,,,,,,,,,,,,,,,,,,,,,,,,,,,,,,,,,,,,,,,,,,,,,,,,,,,,,,,,,,,,,,,,,,,,,,,,,,,,,,,,,,,,,,,,,,,,,,,,,,,,,,,,,,,,,,,,,,,,,,,,,,,,,,,,,,,,,,,,,,,,,,,,,,,,,,,,,,,,,,,,,,,,,,,,,,,,,,,,,,,,,,,,,,,,,,,,,,,,,,,,,,,,,,,,,,,,,,,,,,,,,,,,,,,,,,,,,,,,,,,,,,,,,,,,,,,,,,,,,,,,,,,,,,,,,,,,,,,,,,,,,,,,,,,,,,,,,,,,,,,,,,,,,,,,,,1,2026-08-11_11h05.51.853,TSRlearn_main-blocks,,2025.1.1,59.95897607727807,2026-08-11 11h05.59.572092 +0200,
,,,,,,,,,,,,,,,,,,,,,,,,,,,,,,,,,,,,,,,,,,,,,,,,,,,,,,,,,,,,,,,,,,,,,,,,,,,,,,,,,,,,,,,,,,,,,,,,,,,,,,,,,,,,,0.034513300051912665,0.04827050003223121,3.0314690000377595,4.317393600009382,g,1.21764270006679,None,,,,,,,,,,,,,,,,,,,,,,,,,,,,,,,,,,,,,,,,,,,,,,,,,,,,,,,,,,,,,,,,,,,,,,,,,,,,,,,,,,,,,,,,,,,,,,,,,,,,,,,,,,,,,,,,,,,,,,,,,,,,,,,,,,,,,,,,,,,,,,,,,,,,,,,,,,,,,,,,,,,,,,,,,,,,,,,,,,,,,,,,,,,,,,,,,,,,,,,,,,,,,,,,,,,,,,,,,,,,,,,,,,,,,,,,,,,,,,,,,,,,,,,,,,,,,,,,,,,,,,,,,,,,,,,,,,,,,,,,,,,,,,,,,,,,,,,,,,,,,,,,,,,,,,,,,,,,,,,,,,,1,2026-08-11_11h05.51.853,TSRlearn_main-blocks,,2025.1.1,59.95897607727807,2026-08-11 11h05.59.572092 +0200,
,,,,,,,,,,,,,,,,,,,,,,,,,,,,,,,,,,,,,,,,,,,,,,,,,,,,,,,,,,,,,,,,,,,,,,,,,,,,,,,,,,,,,,,,,,,,,,,,,,,,,,,,,,,,,,,,,,,,4.3287361999973655,4.346824600012042,7.330137999961153,7.565590600017458,g,0.22341099998448044,None,,,,,,,,,,,,,,,,,,,,,,,,,,,,,,,,,,,,,,,,,,,,,,,,,,,,,,,,,,,,,,,,,,,,,,,,,,,,,,,,,,,,,,,,,,,,,,,,,,,,,,,,,,,,,,,,,,,,,,,,,,,,,,,,,,,,,,,,,,,,,,,,,,,,,,,,,,,,,,,,,,,,,,,,,,,,,,,,,,,,,,,,,,,,,,,,,,,,,,,,,,,,,,,,,,,,,,,,,,,,,,,,,,,,,,,,,,,,,,,,,,,,,,,,,,,,,,,,,,,,,,,,,,,,,,,,,,,,,,,,,,,,,,,,,,,,,,,,,,,,,,,,,,,,,,,,,,,,1,2026-08-11_11h05.51.853,TSRlearn_main-blocks,,2025.1.1,59.95897607727807,2026-08-11 11h05.59.572092 +0200,
,,,,,,,,,,,,,,,,,,,,,,,,,,,,,,,,,,,,,,,,,,,,,,,,,,,,,,,,,,,,,,,,,,,,,,,,,,,,,,,,,,,,,,,,,,,,,,,,,,,,,,,,,,,,,,,,,,,,,,,,,,,7.5723245999543,7.580057000042871,10.579180000000633,11.181055700057186,b,0.5889976000180468,None,,,,,,,,,,,,,,,,,,,,,,,,,,,,,,,,,,,,,,,,,,,,,,,,,,,,,,,,,,,,,,,,,,,,,,,,,,,,,,,,,,,,,,,,,,,,,,,,,,,,,,,,,,,,,,,,,,,,,,,,,,,,,,,,,,,,,,,,,,,,,,,,,,,,,,,,,,,,,,,,,,,,,,,,,,,,,,,,,,,,,,,,,,,,,,,,,,,,,,,,,,,,,,,,,,,,,,,,,,,,,,,,,,,,,,,,,,,,,,,,,,,,,,,,,,,,,,,,,,,,,,,,,,,,,,,,,,,,,,,,,,,,,,,,,,,,,,,,,,,,,,,,,,,,,1,2026-08-11_11h05.51.853,TSRlearn_main-blocks,,2025.1.1,59.95897607727807,2026-08-11 11h05.59.572092 +0200,
,,,,,,,,,,,,,,,,,,,,,,,,,,,,,,,,,,,,,,,,,,,,,,,,,,,,,,,,,,,,,,,,,,,,,,,,,,,,,,,,,,,,,,,,,,,,,,,,,,,,,,,,,,,,,,,,,,,,,,,,,,,,,,,,,,11.189469299977645,11.19515050004702,14.193725800025277,14.334505300037563,b,0.13788020005449653,None,,,,,,,,,,,,,,,,,,,,,,,,,,,,,,,,,,,,,,,,,,,,,,,,,,,,,,,,,,,,,,,,,,,,,,,,,,,,,,,,,,,,,,,,,,,,,,,,,,,,,,,,,,,,,,,,,,,,,,,,,,,,,,,,,,,,,,,,,,,,,,,,,,,,,,,,,,,,,,,,,,,,,,,,,,,,,,,,,,,,,,,,,,,,,,,,,,,,,,,,,,,,,,,,,,,,,,,,,,,,,,,,,,,,,,,,,,,,,,,,,,,,,,,,,,,,,,,,,,,,,,,,,,,,,,,,,,,,,,,,,,,,,,,,,,,,,,,,,,,,,,1,2026-08-11_11h05.51.853,TSRlearn_main-blocks,,2025.1.1,59.95897607727807,2026-08-11 11h05.59.572092 +0200,
,,,,,,,,,,,,,,,,,,,,,,,,,,,,,,,,,,,,,,,,,,,,,,,,,,,,,,,,,,,,,,,,,,,,,,,,,,,,,,,,,,,,,,,,,,,,,,,,,,,,,,,,,,,,,,,,,,,,,,,,,,,,,,,,,,,,,,,,,14.343354500015266,14.360805799951777,17.34342359995935,17.745648200041614,b,0.40046689996961504,None,,,,,,,,,,,,,,,,,,,,,,,,,,,,,,,,,,,,,,,,,,,,,,,,,,,,,,,,,,,,,,,,,,,,,,,,,,,,,,,,,,,,,,,,,,,,,,,,,,,,,,,,,,,,,,,,,,,,,,,,,,,,,,,,,,,,,,,,,,,,,,,,,,,,,,,,,,,,,,,,,,,,,,,,,,,,,,,,,,,,,,,,,,,,,,,,,,,,,,,,,,,,,,,,,,,,,,,,,,,,,,,,,,,,,,,,,,,,,,,,,,,,,,,,,,,,,,,,,,,,,,,,,,,,,,,,,,,,,,,,,,,,,,,,,,,,,,,1,2026-08-11_11h05.51.853,TSRlearn_main-blocks,,2025.1.1,59.95897607727807,2026-08-11 11h05.59.572092 +0200,
,,,,,,,,,,,,,,,,,,,,,,,,,,,,,,,,,,,,,,,,,,,,,,,,,,,,,,,,,,,,,,,,,,,,,,,,,,,,,,,,,,,,,,,,,,,,,,,,,,,,,,,,,,,,,,,,,,,,,,,,,,,,,,,,,,,,,,,,,,,,,,,,17.753096999949776,17.759577100048773,20.75911400001496,22.527461100020446,b,1.7605773999821395,None,,,,,,,,,,,,,,,,,,,,,,,,,,,,,,,,,,,,,,,,,,,,,,,,,,,,,,,,,,,,,,,,,,,,,,,,,,,,,,,,,,,,,,,,,,,,,,,,,,,,,,,,,,,,,,,,,,,,,,,,,,,,,,,,,,,,,,,,,,,,,,,,,,,,,,,,,,,,,,,,,,,,,,,,,,,,,,,,,,,,,,,,,,,,,,,,,,,,,,,,,,,,,,,,,,,,,,,,,,,,,,,,,,,,,,,,,,,,,,,,,,,,,,,,,,,,,,,,,,,,,,,,,,,,,,,,,,,,,,,,,,,,,,,,1,2026-08-11_11h05.51.853,TSRlearn_main-blocks,,2025.1.1,59.95897607727807,2026-08-11 11h05.59.572092 +0200,
,,,,,,,,,,,,,,,,,,,,,,,,,,,,,,,,,,,,,,,,,,,,,,,,,,,,,,,,,,,,,,,,,,,,,,,,,,,,,,,,,,,,,,,,,,,,,,,,,,,,,,,,,,,,,,,,,,,,,,,,,,,,,,,,,,,,,,,,,,,,,,,,,,,,,,,22.533535700058565,22.541864400031045,23.540268199983984,23.709920500055887,b,0.16876169992610812,None,,,,,,,,,,,,,,,,,,,,,,,,,,,,,,,,,,,,,,,,,,,,,,,,,,,,,,,,,,,,,,,,,,,,,,,,,,,,,,,,,,,,,,,,,,,,,,,,,,,,,,,,,,,,,,,,,,,,,,,,,,,,,,,,,,,,,,,,,,,,,,,,,,,,,,,,,,,,,,,,,,,,,,,,,,,,,,,,,,,,,,,,,,,,,,,,,,,,,,,,,,,,,,,,,,,,,,,,,,,,,,,,,,,,,,,,,,,,,,,,,,,,,,,,,,,,,,,,,,,,,,,,,,,,,,,,,,,,,,,,,1,2026-08-11_11h05.51.853,TSRlearn_main-blocks,,2025.1.1,59.95897607727807,2026-08-11 11h05.59.572092 +0200,
stimuli/practice_images/anchor.jpg,stimuli/practice_images/cow.jpg,stimuli/practice_images/bread.jpg,stimuli/practice_images/plane.jpg,right,left,center,right,0,0,0,b,0.16876169992610812,0.1541381999850273,,,,,,,,,,,,,,,,,,,,,,,,,,,,,,,,,,,,,,,,,,,,,,,,,,,,,,,,,,,,,,,,0,0,0,0,,,,,,,,,,,,,,,,,,,,,,,,,23.879609000054188,,,,,,,,,,,,,,,,,,,,,,,,,,,,,,,,,,,,,,,,,,,,,,,,,,,,,23.826260900008492,23.879609000054188,23.879609000054188,23.879609000054188,23.879609000054188,23.879609000054188,0.11635570006910712,23.879609000054188,24.793288800050505,b,0.16876169992610812,0.1541381999850273,24.89870390004944,24.946231200010516,24.946231200010516,24.946231200010516,24.946231200010516,24.946231200010516,25.926007200032473,,,,,,,,,,,,,,,,,,,,,,,,,,,,,,,,,,,,,,,,,,,,,,,,,,,,,,,,,,,,,,,,,,,,,,,,,,,,,,,,,,,,,,,,,,,,,,,,,,,,,,,,,,,,,,,,,,,,,,,,,,,,,,,,,,,,,,,,,,,,,,,,,,,,,,,,,,,,,,,,,,,,,,,,,,,,,,,,,,,,,,,,,,,,,,,,,,,,,,,,,,,,,,,,,,,,,,,,,,,,,,,,,,,,,,,,,,,,,,,,,,,,,,,,,,,,,,,,,,,,,,1,2026-08-11_11h05.51.853,TSRlearn_main-blocks,,2025.1.1,59.95897607727807,2026-08-11 11h05.59.572092 +0200,
stimuli/practice_images/cow.jpg,stimuli/practice_images/ant.jpg,stimuli/practice_images/banana.jpg,stimuli/practice_images/glasses.jpg,left,right,center,left,1,1,0,r,0.34238410007674247,None,,,,,,,,,,,,,,,,,,,,,,,,,,,,,,,,,,,,,,,,,,,,,,,,,,,,,,,,,,,,,,,,0,1,1,1,,,,,,,,,,,,,,,,,,,,,,,,,26.067174299969338,,,,,,,,,,,,,,,,,,,,,,,,,,,,,,,,,,,,,,,,,,,,,,,,,,,,,26.039264400023967,26.067174299969338,26.067174299969338,26.067174299969338,26.067174299969338,26.067174299969338,0.11327590001747012,26.067174299969338,26.510131099959835,r,0.34238410007674247,None,26.62805479997769,26.651738599990495,26.651738599990495,26.651738599990495,26.651738599990495,26.651738599990495,27.642817500047386,,,,,,,,,,,,,,,,,,,,,,,,,,,,,,,,,,,,,,,,,,,,,,,,,,,,,,,,,,,,,,,,,,,,,,,,,,,,,,,,,,,,,,,,,,,,,,,,,,,,,,,,,,,,,,,,,,,,,,,,,,,,,,,,,,,,,,,,,,,,,,,,,,,,,,,,,,,,,,,,,,,,,,,,,,,,,,,,,,,,,,,,,,,,,,,,,,,,,,,,,,,,,,,,,,,,,,,,,,,,,,,,,,,,,,,,,,,,,,,,,,,,,,,,,,,,,,,,,,,,,,1,2026-08-11_11h05.51.853,TSRlearn_main-blocks,,2025.1.1,59.95897607727807,2026-08-11 11h05.59.572092 +0200,
stimuli/practice_images/ant.jpg,stimuli/practice_images/basket.jpg,stimuli/practice_images/axe.jpg,stimuli/practice_images/duck.jpg,center,left,right,up,2,2,0,b,0.22537000000011176,None,,,,,,,,,,,,,,,,,,,,,,,,,,,,,,,,,,,,,,,,,,,,,,,,,,,,,,,,,,,,,,,,0,2,2,2,,,,,,,,,,,,,,,,,,,,,,,,,27.78328950004652,,,,,,,,,,,,,,,,,,,,,,,,,,,,,,,,,,,,,,,,,,,,,,,,,,,,,27.753958099987358,27.78328950004652,27.78328950004652,27.78328950004652,27.78328950004652,27.78328950004652,0.11115769995376468,27.78328950004652,28.109690999961458,b,0.22537000000011176,None,28.220960399950854,28.267809799988754,28.267809799988754,28.267809799988754,28.267809799988754,28.267809799988754,29.258992600021884,,,,,,,,,,,,,,,,,,,,,,,,,,,,,,,,,,,,,,,,,,,,,,,,,,,,,,,,,,,,,,,,,,,,,,,,,,,,,,,,,,,,,,,,,,,,,,,,,,,,,,,,,,,,,,,,,,,,,,,,,,,,,,,,,,,,,,,,,,,,,,,,,,,,,,,,,,,,,,,,,,,,,,,,,,,,,,,,,,,,,,,,,,,,,,,,,,,,,,,,,,,,,,,,,,,,,,,,,,,,,,,,,,,,,,,,,,,,,,,,,,,,,,,,,,,,,,,,,,,,,,1,2026-08-11_11h05.51.853,TSRlearn_main-blocks,,2025.1.1,59.95897607727807,2026-08-11 11h05.59.572092 +0200,
stimuli/practice_images/basket.jpg,stimuli/practice_images/bed.jpg,stimuli/practice_images/belt.jpg,stimuli/practice_images/bread.jpg,center,right,left,up,3,3,0,g,0.4825239001074806,None,,,,,,,,,,,,,,,,,,,,,,,,,,,,,,,,,,,,,,,,,,,,,,,,,,,,,,,,,,,,,,,,0,3,3,3,,,,,,,,,,,,,,,,,,,,,,,,,29.41655449999962,,,,,,,,,,,,,,,,,,,,,,,,,,,,,,,,,,,,,,,,,,,,,,,,,,,,,29.38197330001276,29.41655449999962,29.41655449999962,29.41655449999962,29.41655449999962,29.41655449999962,0.12299980001989752,29.41655449999962,29.992725200019777,g,0.4825239001074806,None,30.113487700000405,30.150681699975394,30.150681699975394,30.150681699975394,30.150681699975394,30.150681699975394,31.14200200000778,,,,,,,,,,,,,,,,,,,,,,,,,,,,,,,,,,,,,,,,,,,,,,,,,,,,,,,,,,,,,,,,,,,,,,,,,,,,,,,,,,,,,,,,,,,,,,,,,,,,,,,,,,,,,,,,,,,,,,,,,,,,,,,,,,,,,,,,,,,,,,,,,,,,,,,,,,,,,,,,,,,,,,,,,,,,,,,,,,,,,,,,,,,,,,,,,,,,,,,,,,,,,,,,,,,,,,,,,,,,,,,,,,,,,,,,,,,,,,,,,,,,,,,,,,,,,,,,,,,,,,1,2026-08-11_11h05.51.853,TSRlearn_main-blocks,,2025.1.1,59.95897607727807,2026-08-11 11h05.59.572092 +0200,
stimuli/practice_images/bed.jpg,stimuli/practice_images/belt.jpg,stimuli/practice_images/anchor.jpg,stimuli/practice_images/desk.jpg,left,center,right,left,4,4,0,g,1.5826111000496894,None,,,,,,,,,,,,,,,,,,,,,,,,,,,,,,,,,,,,,,,,,,,,,,,,,,,,,,,,,,,,,,,,0,4,4,4,,,,,,,,,,,,,,,,,,,,,,,,,31.299180899979547,,,,,,,,,,,,,,,,,,,,,,,,,,,,,,,,,,,,,,,,,,,,,,,,,,,,,31.256947300047614,31.299180899979547,31.299180899979547,31.299180899979547,31.299180899979547,31.299180899979547,0.11496609996538609,31.299180899979547,32.95786670001689,g,1.5826111000496894,None,33.06888829998206,33.10097270004917,33.10097270004917,33.10097270004917,33.10097270004917,33.10097270004917,34.09049980004784,,,,,,,,,,,,,,,,,,,,,,,,,,,,,,,,,,,,,,,,,,,,,,,,,,,,,,,,,,,,,,,,,,,,,,,,,,,,,,,,,,,,,,,,,,,,,,,,,,,,,,,,,,,,,,,,,,,,,,,,,,,,,,,,,,,,,,,,,,,,,,,,,,,,,,,,,,,,,,,,,,,,,,,,,,,,,,,,,,,,,,,,,,,,,,,,,,,,,,,,,,,,,,,,,,,,,,,,,,,,,,,,,,,,,,,,,,,,,,,,,,,,,,,,,,,,,,,,,,,,,,1,2026-08-11_11h05.51.853,TSRlearn_main-blocks,,2025.1.1,59.95897607727807,2026-08-11 11h05.59.572092 +0200,
stimuli/practice_images/belt.jpg,stimuli/practice_images/bird.jpg,stimuli/practice_images/ant.jpg,stimuli/practice_images/crocodile.jpg,right,left,center,right,5,5,0,b,0.5569932999787852,None,,,,,,,,,,,,,,,,,,,,,,,,,,,,,,,,,,,,,,,,,,,,,,,,,,,,,,,,,,,,,,,,0,5,5,5,,,,,,,,,,,,,,,,,,,,,,,,,34.213945999974385,,,,,,,,,,,,,,,,,,,,,,,,,,,,,,,,,,,,,,,,,,,,,,,,,,,,,34.191133499960415,34.213945999974385,34.213945999974385,34.213945999974385,34.213945999974385,34.213945999974385,0.10064509999938309,34.213945999974385,34.87400529999286,b,0.5569932999787852,None,34.973968200036325,35.01577299996279,35.01577299996279,35.01577299996279,35.01577299996279,35.01577299996279,36.006888999952935,,,,,,,,,,,,,,,,,,,,,,,,,,,,,,,,,,,,,,,,,,,,,,,,,,,,,,,,,,,,,,,,,,,,,,,,,,,,,,,,,,,,,,,,,,,,,,,,,,,,,,,,,,,,,,,,,,,,,,,,,,,,,,,,,,,,,,,,,,,,,,,,,,,,,,,,,,,,,,,,,,,,,,,,,,,,,,,,,,,,,,,,,,,,,,,,,,,,,,,,,,,,,,,,,,,,,,,,,,,,,,,,,,,,,,,,,,,,,,,,,,,,,,,,,,,,,,,,,,,,,,1,2026-08-11_11h05.51.853,TSRlearn_main-blocks,,2025.1.1,59.95897607727807,2026-08-11 11h05.59.572092 +0200,
,,,,,,,,,,,,,,,,,,,,,,,,,,,,,,,,,,,,,,,,,,,,,,,,,,,,,,,,,,,,,,,,,,,,,,,,,,,,,,,,,,,,,,,,,,,,,,,,,,,,,,,,,,,,,,,,,,,,,,,,,,,,,,,,,,,,,,,,,,,,,,,,,,,,,,,,,,,,,,,,,,,,,,,,,,,,,,,,,36.009387900005095,36.02107400004752,36.02107400004752,41.03570550004952,41.03570550004952,41.02174750005361,,,,,,,,,,,,,,,,,,,,,,,,,,,,,,,,,,,,,,,,,,,,,,,,,,,,,,,,,,,,,,,,,,,,,,,,,,,,,,,,,,,,,,,,,,,,,,,,,,,,,,,,,,,,,,,,,,,,,,,,,,,,,,,,,,,,,,,,,,,,,,,,,,,,,,,,,,,,,,,,,,,,,,,,,,,,,,,,,,,,,,,,,,,,,,,,,,,,,,,,,,,,,,,,,,,,,,,,,,,,,,,,,,,,,,,,,,,,,,,,,,,,,,,,,,,,,,,,1,2026-08-11_11h05.51.853,TSRlearn_main-blocks,,2025.1.1,59.95897607727807,2026-08-11 11h05.59.572092 +0200,
,,,,,,,,,,,,,,,,,,,,,,,,,,,,,,,,,,,,,,,,,,,,,,,,,,,,,,,,,,,,,,,,,,,,,,,,,,,,,,,,,,,,,,,,,,,,,,,,,,,,,,,,,,,,,,,,,,,,,,,,,,,,,,,,,,,,,,,,,,,,,,,,,,,,,,,,,,,,,,,,,,,,,,,,,,,,,,,,,,,,,,,41.03078509995248,41.03570550004952,44.03477000002749,44.253282199962996,g,0.21601850003935397,None,,,,,,,,,,,,,,,,,,,,,,,,,,,,,,,,,,,,,,,,,,,,,,,,,,,,,,,,,,,,,,,,,,,,,,,,,,,,,,,,,,,,,,,,,,,,,,,,,,,,,,,,,,,,,,,,,,,,,,,,,,,,,,,,,,,,,,,,,,,,,,,,,,,,,,,,,,,,,,,,,,,,,,,,,,,,,,,,,,,,,,,,,,,,,,,,,,,,,,,,,,,,,,,,,,,,,,,,,,,,,,,,,,,,,,,,,,,,,,,,,,,,,,,,,1,2026-08-11_11h05.51.853,TSRlearn_main-blocks,,2025.1.1,59.95897607727807,2026-08-11 11h05.59.572092 +0200,
,,,,,,,,,,,,,,,,,,,,,,,,,,,,,,,,,,,,,,,,,,,,,,,,,,,,,,,,,,,,,,,,,,,,,,,,,,,,,,,,,,,,,,,,,,,,,,,,,,,,,,,,,,,,,,,,,,,,,,,,,,,,,,,,,,,,,,,,,,,,,,,,,,,,,,,,,,,,,,,,,,,,,,,,,,,,,,,,,,,,,,,,,,,,,,44.260549500002526,44.268150500021875,47.26709179999307,47.419207800063305,g,0.1492260000668466,None,,,,,,,,,,,,,,,,,,,,,,,,,,,,,,,,,,,,,,,,,,,,,,,,,,,,,,,,,,,,,,,,,,,,,,,,,,,,,,,,,,,,,,,,,,,,,,,,,,,,,,,,,,,,,,,,,,,,,,,,,,,,,,,,,,,,,,,,,,,,,,,,,,,,,,,,,,,,,,,,,,,,,,,,,,,,,,,,,,,,,,,,,,,,,,,,,,,,,,,,,,,,,,,,,,,,,,,,,,,,,,,,,,,,,,,,,,,,,,,,,,1,2026-08-11_11h05.51.853,TSRlearn_main-blocks,,2025.1.1,59.95897607727807,2026-08-11 11h05.59.572092 +0200,
,,,,,,,,,,,,,,,,,,,,,,,,,,,,,,,,,,,,,,,,,,,,,,,,,,,,,,,,,,,,,,,,,,,,,,,,,,,,,,,,,,,,,,,,,,,,,,,,,,,,,,,,,,,,,,,,,,,,,,,,,,,,,,,,,,,,,,,,,,,,,,,,,,,,,,,,,,,,,,,,,,,,,,,,,,,,,,,,,,,,,,,,,,,,,,,,,,,,,47.42652660002932,47.433587400009856,50.43314790003933,50.46851899998728,g,0.024642800097353756,None,,,,,,,,,,,,,,,,,,,,,,,,,,,,,,,,,,,,,,,,,,,,,,,,,,,,,,,,,,,,,,,,,,,,,,,,,,,,,,,,,,,,,,,,,,,,,,,,,,,,,,,,,,,,,,,,,,,,,,,,,,,,,,,,,,,,,,,,,,,,,,,,,,,,,,,,,,,,,,,,,,,,,,,,,,,,,,,,,,,,,,,,,,,,,,,,,,,,,,,,,,,,,,,,,,,,,,,,,,,,,,,,,,,,,,,,,,,1,2026-08-11_11h05.51.853,TSRlearn_main-blocks,,2025.1.1,59.95897607727807,2026-08-11 11h05.59.572092 +0200,
,,,,,,,,,,,,,,,,,,,,,,,,,,,,,,,,,,,,,,,,,,,,,,,,,,,,,,,,,,,,,,,,,,,,,,,,,,,,,,,,,,,,,,,,,,,,,,,,,,,,,,,,,,,,,,,,,,,,,,,,,,,,,,,,,,,,,,,,,,,,,,,,,,,,,,,,,,,,,,,,,,,,,,,,,,,,,,,,,,,,,,,,,,,,,,,,,,,,,,,,,,,,50.475518099963665,50.48276619997341,53.48216480005067,53.750941399950534,g,0.2630159000400454,None,,,,,,,,,,,,,,,,,,,,,,,,,,,,,,,,,,,,,,,,,,,,,,,,,,,,,,,,,,,,,,,,,,,,,,,,,,,,,,,,,,,,,,,,,,,,,,,,,,,,,,,,,,,,,,,,,,,,,,,,,,,,,,,,,,,,,,,,,,,,,,,,,,,,,,,,,,,,,,,,,,,,,,,,,,,,,,,,,,,,,,,,,,,,,,,,,,,,,,,,,,,,,,,,,,,,,,,,,,,,,,,,,,,,1,2026-08-11_11h05.51.853,TSRlearn_main-blocks,,2025.1.1,59.95897607727807,2026-08-11 11h05.59.572092 +0200,
,,,,,,,,,,,,,,,,,,,,,,,,,,,,,,,,,,,,,,,,,,,,,,,,,,,,,,,,,,,,,,,,,,,,,,,,,,,,,,,,,,,,,,,,,,,,,,,,,,,,,,,,,,,,,,,,,,,,,,,,,,,,,,,,,,,,,,,,,,,,,,,,,,,,,,,,,,,,,,,,,,,,,,,,,,,,,,,,,,,,,,,,,,,,,,,,,,,,,,,,,,,,,,,,,,,53.756831699982285,53.76528910000343,56.76432760001626,57.299549099989235,g,0.5238723000511527,None,,,,,,,,,,,,,,,,,,,,,,,,,,,,,,,,,,,,,,,,,,,,,,,,,,,,,,,,,,,,,,,,,,,,,,,,,,,,,,,,,,,,,,,,,,,,,,,,,,,,,,,,,,,,,,,,,,,,,,,,,,,,,,,,,,,,,,,,,,,,,,,,,,,,,,,,,,,,,,,,,,,,,,,,,,,,,,,,,,,,,,,,,,,,,,,,,,,,,,,,,,,,,,,,,,,,,,,,,,,,,1,2026-08-11_11h05.51.853,TSRlearn_main-blocks,,2025.1.1,59.95897607727807,2026-08-11 11h05.59.572092 +0200,
,,,,,,,,,,,,,,,,,,,,,,,,,,,,,,,,,,,,,,,,,,,,,,,,,,,,,,,,,,,,,,,,,,,,,,,,,,,,,,,,,,,,,,,,,,,,,,,,,,,,,,,,,,,,,,,,,,,,,,,,,,,,,,,,,,,,,,,,,,,,,,,,,,,,,,,,,,,,,,,,,,,,,,,,,,,,,,,,,,,,,,,,,,,,,,,,,,,,,,,,,,,,,,,,,,,,,,,,,,57.30424780002795,57.31392119999509,60.31305190001149,60.549467899953015,g,0.22726289997808635,None,,,,,,,,,,,,,,,,,,,,,,,,,,,,,,,,,,,,,,,,,,,,,,,,,,,,,,,,,,,,,,,,,,,,,,,,,,,,,,,,,,,,,,,,,,,,,,,,,,,,,,,,,,,,,,,,,,,,,,,,,,,,,,,,,,,,,,,,,,,,,,,,,,,,,,,,,,,,,,,,,,,,,,,,,,,,,,,,,,,,,,,,,,,,,,,,,,,,,,,,,,,,,,,,,,,,,,1,2026-08-11_11h05.51.853,TSRlearn_main-blocks,,2025.1.1,59.95897607727807,2026-08-11 11h05.59.572092 +0200,
,,,,,,,,,,,,,,,,,,,,,,,,,,,,,,,,,,,,,,,,,,,,,,,,,,,,,,,,,,,,,,,,,,,,,,,,,,,,,,,,,,,,,,,,,,,,,,,,,,,,,,,,,,,,,,,,,,,,,,,,,,,,,,,,,,,,,,,,,,,,,,,,,,,,,,,,,,,,,,,,,,,,,,,,,,,,,,,,,,,,,,,,,,,,,,,,,,,,,,,,,,,,,,,,,,,,,,,,,,,,,,,,,60.558600799995475,60.57912739994936,63.56199820002075,63.76749680005014,g,0.1998607999412343,None,,,,,,,,,,,,,,,,,,,,,,,,,,,,,,,,,,,,,,,,,,,,,,,,,,,,,,,,,,,,,,,,,,,,,,,,,,,,,,,,,,,,,,,,,,,,,,,,,,,,,,,,,,,,,,,,,,,,,,,,,,,,,,,,,,,,,,,,,,,,,,,,,,,,,,,,,,,,,,,,,,,,,,,,,,,,,,,,,,,,,,,,,,,,,,,,,,,,,,,,,,,,,,,1,2026-08-11_11h05.51.853,TSRlearn_main-blocks,,2025.1.1,59.95897607727807,2026-08-11 11h05.59.572092 +0200,
,,,,,,,,,,,,,,,,,,,,,,,,,,,,,,,,,,,,,,,,,,,,,,,,,,,,,,,,,,,,,,,,,,,,,,,,,,,,,,,,,,,,,,,,,,,,,,,,,,,,,,,,,,,,,,,,,,,,,,,,,,,,,,,,,,,,,,,,,,,,,,,,,,,,,,,,,,,,,,,,,,,,,,,,,,,,,,,,,,,,,,,,,,,,,,,,,,,,,,,,,,,,,,,,,,,,,,,,,,,,,,,,,,,,,,,,63.77666099998169,63.794926100061275,64.2794322000118,64.59762480005156,g,0.3175662999274209,None,,,,,,,,,,,,,,,,,,,,,,,,,,,,,,,,,,,,,,,,,,,,,,,,,,,,,,,,,,,,,,,,,,,,,,,,,,,,,,,,,,,,,,,,,,,,,,,,,,,,,,,,,,,,,,,,,,,,,,,,,,,,,,,,,,,,,,,,,,,,,,,,,,,,,,,,,,,,,,,,,,,,,,,,,,,,,,,,,,,,,,,,,,,,,,,,,,,,,,,,1,2026-08-11_11h05.51.853,TSRlearn_main-blocks,,2025.1.1,59.95897607727807,2026-08-11 11h05.59.572092 +0200,
,,,,,,,,,,,,,,,,,,,,,,,,,,,,,,,,,,,,,,,,,,,,,,,,,,,,,,,,,,,,,,,,,,,,,,,,,,,,,,,,,,,,,,,,,,,,,,,,,,,,,,,,,,,,,,,,,,,,,,,,,,,,,,,,,,,,,,,,,,,,,,,,,,,,,,,,,,,,,,,,,,,,,,,,,,,,,,,,,,,,,,,,,,,,,,,,,,,,,,,,,,,,,,,,,,,,,,,,,,,,,,,,,,,,,,,,,,,,,,,64.60334160004277,64.6117412999738,65.11154800001532,65.24811140005477,g,0.13329049991443753,None,,,,,,,,,,,,,,,,,,,,,,,,,,,,,,,,,,,,,,,,,,,,,,,,,,,,,,,,,,,,,,,,,,,,,,,,,,,,,,,,,,,,,,,,,,,,,,,,,,,,,,,,,,,,,,,,,,,,,,,,,,,,,,,,,,,,,,,,,,,,,,,,,,,,,,,,,,,,,,,,,,,,,,,,,,,,,,,,,,,,,,,,,,,,,,,,,1,2026-08-11_11h05.51.853,TSRlearn_main-blocks,,2025.1.1,59.95897607727807,2026-08-11 11h05.59.572092 +0200,
,,,,,,,,0,0,0,,,,3,stimuli/practice_images/cow.jpg,stimuli/practice_images/basket.jpg,None,yes,no,left,left,2,2,0.5,stimuli/practice_images/practice_sequence_overview_t3_01.jpg,0.45,1.95,,,,,,,,,,,,,,,,,,,,,,,,,,,,,,,,,,,,,,,,,,,,,,,,,,,,,,0,0,0,0,0,0,0,0,,,,,,,,,,,,,,,,,80.97338410001248,,,,,,,,,,,,,,,,,,,,,,,,,,,,,,,,,,,,,,,,,,,,,,,,,,,,,,,,,,,,,,,,,,,,,,,,,,,,,,,,,,,,,,,,,,,,,,,,,,,,,,,,,,,,,,,,,,,,,,,,,,,,,,,,,,,,,,,,,,,,,80.96268350002356,80.97338410001248,81.46015040006023,81.40851610002574,81.44415370002389,81.46015040006023,81.46015040006023,82.97350429999642,82.97350429999642,82.9579267000081,82.96045969997067,82.97350429999642,82.97350429999642,67.60768590006046,67.60768590006046,83.20886260003317,83.23974129999988,83.25990279996768,83.25990279996768,84.77301420003641,84.77301420003641,84.75812799995765,84.76095839997288,84.77301420003641,84.77301420003641,85.00802469998598,85.0080490000546,85.0221378999995,85.0221378999995,88.98815620003734,88.98815620003734,88.97266570001375,88.97546410001814,88.98815620003734,88.98815620003734,88.98815620003734,0.002817200031131506,88.98815620003734,88.98815620003734,92.32193800003733,g,3.216234999941662,None,92.32508450001478,0.003134200000204146,92.33727749995887,92.33727749995887,92.33727749995887,92.33727749995887,92.33727749995887,92.33727749995887,99.03688939998392,g,3.216234999941662,0.4925210000947118,99.04408550006337,99.05201500002295,79.8106219000183,99.05201500002295,99.55044210003689,99.73603939998429,r,0.17970460001379251,None,85.0221378999995,85.0221378999995,,,,,,,,,,,,,,,,,,,,,,,,,,,,,,,,,,,,,,,,,,,,,,,,,,,,,,,,,,,,,,,,,,,,,,,,,,,,,,,,,,,,,,,,,,,,,,,,,,,,,,,,,,,,,,,,,,,,,,,,,,,,,,,1,2026-08-11_11h05.51.853,TSRlearn_main-blocks,,2025.1.1,59.95897607727807,2026-08-11 11h05.59.572092 +0200,
,,,,,,,,1,1,0,,,,3,stimuli/practice_images/cow.jpg,stimuli/practice_images/belt.jpg,None,no,yes,right,right,4,2,0.5,stimuli/practice_images/practice_sequence_overview_t3_02.jpg,0.52,1.89,,,,,,,,,,,,,,,,,,,,,,,,,,,,,,,,,,,,,,,,,,,,,,,,,,,,,,0,1,1,1,0,0,0,0,,,,,,,,,,,,,,,,,99.75072909996379,,,,,,,,,,,,,,,,,,,,,,,,,,,,,,,,,,,,,,,,,,,,,,,,,,,,,,,,,,,,,,,,,,,,,,,,,,,,,,,,,,,,,,,,,,,,,,,,,,,,,,,,,,,,,,,,,,,,,,,,,,,,,,,,,,,,,,,,,,,,,99.74496599996928,99.75072909996379,100.32091050001327,100.26982549997047,100.30275210004766,100.32091050001327,100.32091050001327,101.83445880003273,101.83445880003273,101.81925850000698,101.82176069996785,101.83445880003273,101.83445880003273,,,102.08572810003534,102.11222660006024,102.13739930000156,102.13739930000156,103.65043819998391,103.65043819998391,103.63547830004245,103.63832699996419,103.65043819998391,103.65043819998391,103.88560250005685,103.88562760001514,103.89979900000617,103.89979900000617,107.79914629994892,107.79914629994892,107.78365700005088,107.78667399997357,107.79914629994892,107.79914629994892,107.79914629994892,0.0030454000225290656,107.79914629994892,107.79914629994892,111.64913120004348,g,3.7309743999503553,None,111.65250119997654,0.003355399938300252,111.6646317000268,111.6646317000268,111.6646317000268,111.6646317000268,111.6646317000268,111.6646317000268,121.3796369000338,g,3.7309743999503553,0.47645850002299994,121.38227169995662,121.39424890000373,,121.39424890000373,121.89391780004371,122.04619619995356,y,0.14152420009486377,None,103.89979900000617,103.89979900000617,,,,,,,,,,,,,,,,,,,,,,,,,,,,,,,,,,,,,,,,,,,,,,,,,,,,,,,,,,,,,,,,,,,,,,,,,,,,,,,,,,,,,,,,,,,,,,,,,,,,,,,,,,,,,,,,,,,,,,,,,,,,,,,1,2026-08-11_11h05.51.853,TSRlearn_main-blocks,,2025.1.1,59.95897607727807,2026-08-11 11h05.59.572092 +0200,
,,,,,,,,2,2,0,,,,3,stimuli/practice_images/belt.jpg,stimuli/practice_images/ant.jpg,None,yes,no,right,up,3,2,0.5,stimuli/practice_images/practice_sequence_overview_t3_03.jpg,0.61,2.15,,,,,,,,,,,,,,,,,,,,,,,,,,,,,,,,,,,,,,,,,,,,,,,,,,,,,,0,2,2,2,0,0,0,0,,,,,,,,,,,,,,,,,122.0603192000417,,,,,,,,,,,,,,,,,,,,,,,,,,,,,,,,,,,,,,,,,,,,,,,,,,,,,,,,,,,,,,,,,,,,,,,,,,,,,,,,,,,,,,,,,,,,,,,,,,,,,,,,,,,,,,,,,,,,,,,,,,,,,,,,,,,,,,,,,,,,,122.05011339997873,122.0603192000417,122.72208460001275,122.66245129995514,122.70301649998873,122.72208460001275,122.72208460001275,124.25211160001345,124.25211160001345,124.21299839997664,124.22718120005447,124.25211160001345,124.25211160001345,,,124.47895040002186,124.51674460002687,124.55630319996271,124.55630319996271,126.08019390003756,126.08019390003756,126.04487250000238,126.05735759995878,126.08019390003756,126.08019390003756,126.2972349000629,126.29729400004726,126.30935810005758,126.30935810005758,130.49963710003067,130.49963710003067,130.45991410000715,130.47521860001143,130.49963710003067,130.49963710003067,130.49963710003067,0.015330899972468615,130.49963710003067,130.49963710003067,135.39149359997828,g,4.792954699951224,None,135.41012060001958,0.018617800087668,135.4284634999931,135.4284634999931,135.4284634999931,135.4284634999931,135.4284634999931,135.4284634999931,138.25775440002326,g,4.792954699951224,0.3393543000565842,138.27079270000104,138.29520219995175,,138.29520219995175,138.77173489995766,138.89144170004874,b,0.10308070003520697,None,,,,,,,,,,,,,,,,,,,,,,,,,,,,,,,,,,,,,,,,,,,,,,,,,,,,,,,,,,,,,,,,,,,,,,,,,,,,,,,,,,,,,,,,,,,,,,,,,,,,,,,,,,,,,,,,,,,,,,,,,,,,,,,,,1,2026-08-11_11h05.51.853,TSRlearn_main-blocks,,2025.1.1,59.95897607727807,2026-08-11 11h05.59.572092 +0200,
,,,,,,,,,,,,,,,,,,,,,,,,,,,,,,,,,,,,,,,,,,,,,,,,,,,,,,,,,,,,,,,,,,,,,,,,,,,,,,,,,,,,,,,,,,,,,,,,,,,,,,,,,,,,,,,,,,,,,,,,,,,,,,,,,,,,,,,,,,,,,,,,,,,,,,,,,,,,,,,,,,,,,,,,,,,,,,,,,,,,,,,,,,,,,,,,,,,,,,,,,,,,,,,,,,,,,,,,,,,,,,,,,,,,,,,,,,,,,,,,,,,,,,,,,,,,,,,,,,,,,,,,,,,,,,,,,,,,,,,,,,,,,,,,,,,,,,,,,,,,,,,,,,,,,,,,138.9011690999614,138.92133180005476,139.90490790002514,140.2562904000515,b,0.335477500106208,None,,,,,,,,,,,,,,,,,,,,,,,,,,,,,,,,,,,,,,,,,,,,,,,,,,,,,,,,,,,,,,,,,,,,,,,,,,,,,,,,,,,,,,,,,,,,,,,,,,,,,,,,,,,,,,,,,,,,,,,,1,2026-08-11_11h05.51.853,TSRlearn_main-blocks,,2025.1.1,59.95897607727807,2026-08-11 11h05.59.572092 +0200,
stimuli/fish/fish_01.jpg,stimuli/guitar/guitar_01.jpg,stimuli/jacket/jacket_12.jpg,stimuli/ball/ball_39.jpg,left,right,center,left,0,0,0,,,,,,,,,,,,,,,,,,sequences/learning_block1_fixed-middle-10_0{participant_ID}.xlsx,sequences/retrieval_block1_fixed-middle-10_0{participant_ID}.xlsx,6,1.0,A,1,1,fish,guitar,jacket,ball,0.47,0.36,2,fish,1,stimuli/fish/fish_01.jpg,guitar,1,stimuli/guitar/guitar_01.jpg,lamp,1,stimuli/lamp/lamp_01.jpg,key,1,stimuli/key/key_01.jpg,12,13,10,1,g,0.949938099947758,None,,,,,,,,,,,,,,,,,,,,,,,,,,,,,0,0,0,0,0,0,0,0,0,0,0,0,,,,,141.08981689997017,,,,,,,,,,,,,,,,,,,,,,,,,,,,,,,,,,,,,,,,,,,,,,,,,,,,,,,,,,,,,,,,,,,,,,,,,,,,,,,,,,,,,,,,,,,,,,,,,,,,,,,,,,,,,,,,,,,,,,,,,,,,,,,,,,,,,,,,,,,,,,,,,,,,,,,,,,,,,,,,,,,,,,,,,,,,,,,,,,,,,,,,,,,,,,,,,,,,,,,,,,,,,,,,,,,,,,140.26082159997895,140.26086170005146,140.26103709999006,140.2610712000169,140.26671620004345,140.28950409998652,140.7741948000621,141.0087425999809,141.08981689997017,141.08981689997017,141.08981689997017,141.08981689997017,141.08981689997017,141.08981689997017,141.08981689997017,0.2477364999940619,142.0908005000092,g,0.949938099947758,None,142.18663110001944,142.2551735000452,142.2551735000452,142.2551735000452,142.2551735000452,142.2551735000452,142.2551735000452,143.24004619999323,143.25085159996524,143.2509353000205,,,,,,,,,,,,,,,,,,,,,,,,,,,,,,,,,,,,,,,,,,,,,,,,,,,,,,,,,,,,,,,,,,,,,,,,,,,,,,,,,,,,,,,,,,1,2026-08-11_11h05.51.853,TSRlearn_main-blocks,,2025.1.1,59.95897607727807,2026-08-11 11h05.59.572092 +0200,
stimuli/guitar/guitar_01.jpg,stimuli/flower/flower_48.jpg,stimuli/bread/bread_40.jpg,stimuli/hammer/hammer_05.jpg,right,center,left,right,1,1,0,,,,,,,,,,,,,,,,,,sequences/learning_block1_fixed-middle-10_0{participant_ID}.xlsx,sequences/retrieval_block1_fixed-middle-10_0{participant_ID}.xlsx,6,1.0,A,1,2,guitar,flower,bread,hammer,0.75,0.47,3,fish,1,stimuli/fish/fish_01.jpg,guitar,1,stimuli/guitar/guitar_01.jpg,lamp,1,stimuli/lamp/lamp_01.jpg,key,1,stimuli/key/key_01.jpg,13,6,3,7,g,0.40099540003575385,None,,,,,,,,,,,,,,,,,,,,,,,,,,,,,0,0,0,0,0,0,0,0,0,1,1,1,,,,,143.44728389999364,,,,,,,,,,,,,,,,,,,,,,,,,,,,,,,,,,,,,,,,,,,,,,,,,,,,,,,,,,,,,,,,,,,,,,,,,,,,,,,,,,,,,,,,,,,,,,,,,,,,,,,,,,,,,,,,,,,,,,,,,,,,,,,,,,,,,,,,,,,,,,,,,,,,,,,,,,,,,,,,,,,,,,,,,,,,,,,,,,,,,,,,,,,,,,,,,,,,,,,,,,,,,,,,,,,,,,,,,,,,,143.39183460001368,143.44728389999364,143.44728389999364,143.44728389999364,143.44728389999364,143.44728389999364,143.44728389999364,143.44728389999364,0.14093100000172853,143.92301140003838,g,0.40099540003575385,None,144.03510820004158,144.09087670000736,144.09087670000736,144.09087670000736,144.09087670000736,144.09087670000736,144.09087670000736,145.07286880002357,145.0803749000188,145.08041749999393,,,,,,,,,,,,,,,,,,,,,,,,,,,,,,,,,,,,,,,,,,,,,,,,,,,,,,,,,,,,,,,,,,,,,,,,,,,,,,,,,,,,,,,,,,1,2026-08-11_11h05.51.853,TSRlearn_main-blocks,,2025.1.1,59.95897607727807,2026-08-11 11h05.59.572092 +0200,
stimuli/flower/flower_48.jpg,stimuli/bicycle/bicycle_18.jpg,stimuli/house/house_10.jpg,stimuli/dog/dog_31.jpg,left,center,right,left,2,2,0,,,,,,,,,,,,,,,,,,sequences/learning_block1_fixed-middle-10_0{participant_ID}.xlsx,sequences/retrieval_block1_fixed-middle-10_0{participant_ID}.xlsx,6,1.0,A,1,3,flower,bicycle,house,dog,0.64,0.42,4,fish,1,stimuli/fish/fish_01.jpg,guitar,1,stimuli/guitar/guitar_01.jpg,lamp,1,stimuli/lamp/lamp_01.jpg,key,1,stimuli/key/key_01.jpg,6,2,9,5,r,0.41427559999283403,None,,,,,,,,,,,,,,,,,,,,,,,,,,,,,0,0,0,0,0,0,0,0,0,2,2,2,,,,,145.27676479995716,,,,,,,,,,,,,,,,,,,,,,,,,,,,,,,,,,,,,,,,,,,,,,,,,,,,,,,,,,,,,,,,,,,,,,,,,,,,,,,,,,,,,,,,,,,,,,,,,,,,,,,,,,,,,,,,,,,,,,,,,,,,,,,,,,,,,,,,,,,,,,,,,,,,,,,,,,,,,,,,,,,,,,,,,,,,,,,,,,,,,,,,,,,,,,,,,,,,,,,,,,,,,,,,,,,,,,,,,,,,,145.22558540001046,145.27676479995716,145.27676479995716,145.27676479995716,145.27676479995716,145.27676479995716,145.27676479995716,145.27676479995716,0.14520160004030913,145.77339410001878,r,0.41427559999283403,None,145.89422290003859,145.91922220005654,145.91922220005654,145.91922220005654,145.91922220005654,145.91922220005654,145.91922220005654,146.9054143000394,146.91324649995659,146.91328780003823,,,,,,,,,,,,,,,,,,,,,,,,,,,,,,,,,,,,,,,,,,,,,,,,,,,,,,,,,,,,,,,,,,,,,,,,,,,,,,,,,,,,,,,,,,1,2026-08-11_11h05.51.853,TSRlearn_main-blocks,,2025.1.1,59.95897607727807,2026-08-11 11h05.59.572092 +0200,
stimuli/bicycle/bicycle_18.jpg,stimuli/bread/bread_40.jpg,stimuli/hand/hand_30.jpg,stimuli/jacket/jacket_12.jpg,left,right,center,left,3,3,0,,,,,,,,,,,,,,,,,,sequences/learning_block1_fixed-middle-10_0{participant_ID}.xlsx,sequences/retrieval_block1_fixed-middle-10_0{participant_ID}.xlsx,6,1.0,A,1,4,bicycle,bread,hand,jacket,0.8,0.64,5,fish,1,stimuli/fish/fish_01.jpg,guitar,1,stimuli/guitar/guitar_01.jpg,lamp,1,stimuli/lamp/lamp_01.jpg,key,1,stimuli/key/key_01.jpg,2,3,8,10,b,0.3247963999165222,None,,,,,,,,,,,,,,,,,,,,,,,,,,,,,0,0,0,0,0,0,0,0,0,3,3,3,,,,,147.06716620002408,,,,,,,,,,,,,,,,,,,,,,,,,,,,,,,,,,,,,,,,,,,,,,,,,,,,,,,,,,,,,,,,,,,,,,,,,,,,,,,,,,,,,,,,,,,,,,,,,,,,,,,,,,,,,,,,,,,,,,,,,,,,,,,,,,,,,,,,,,,,,,,,,,,,,,,,,,,,,,,,,,,,,,,,,,,,,,,,,,,,,,,,,,,,,,,,,,,,,,,,,,,,,,,,,,,,,,,,,,,,,147.0352895000251,147.06716620002408,147.06716620002408,147.06716620002408,147.06716620002408,147.06716620002408,147.06716620002408,147.06716620002408,0.122027299948968,147.48941919999197,b,0.3247963999165222,None,147.6087191000115,147.65134460001718,147.65134460001718,147.65134460001718,147.65134460001718,147.65134460001718,147.65134460001718,148.6390803999966,148.64804820006248,148.64809919998515,,,,,,,,,,,,,,,,,,,,,,,,,,,,,,,,,,,,,,,,,,,,,,,,,,,,,,,,,,,,,,,,,,,,,,,,,,,,,,,,,,,,,,,,,,1,2026-08-11_11h05.51.853,TSRlearn_main-blocks,,2025.1.1,59.95897607727807,2026-08-11 11h05.59.572092 +0200,
stimuli/bread/bread_40.jpg,stimuli/hand/hand_30.jpg,stimuli/ball/ball_39.jpg,stimuli/lamp/lamp_01.jpg,center,left,right,center,4,4,0,,,,,,,,,,,,,,,,,,sequences/learning_block1_fixed-middle-10_0{participant_ID}.xlsx,sequences/retrieval_block1_fixed-middle-10_0{participant_ID}.xlsx,6,1.0,A,1,5,bread,hand,ball,lamp,0.58,0.47,6,fish,1,stimuli/fish/fish_01.jpg,guitar,1,stimuli/guitar/guitar_01.jpg,lamp,1,stimuli/lamp/lamp_01.jpg,key,1,stimuli/key/key_01.jpg,3,8,1,14,g,0.33526960003655404,None,,,,,,,,,,,,,,,,,,,,,,,,,,,,,0,0,0,0,0,0,0,0,0,4,4,4,,,,,148.92189460003283,,,,,,,,,,,,,,,,,,,,,,,,,,,,,,,,,,,,,,,,,,,,,,,,,,,,,,,,,,,,,,,,,,,,,,,,,,,,,,,,,,,,,,,,,,,,,,,,,,,,,,,,,,,,,,,,,,,,,,,,,,,,,,,,,,,,,,,,,,,,,,,,,,,,,,,,,,,,,,,,,,,,,,,,,,,,,,,,,,,,,,,,,,,,,,,,,,,,,,,,,,,,,,,,,,,,,,,,,,,,,148.84284090006258,148.92189460003283,148.92189460003283,148.92189460003283,148.92189460003283,148.92189460003283,148.92189460003283,148.92189460003283,0.1947663000319153,149.30619469995145,g,0.33526960003655404,None,149.4721766000148,149.54087340005208,149.54087340005208,149.54087340005208,149.54087340005208,149.54087340005208,149.54087340005208,150.52066479995847,150.52877650002483,150.52881629997864,,,,,,,,,,,,,,,,,,,,,,,,,,,,,,,,,,,,,,,,,,,,,,,,,,,,,,,,,,,,,,,,,,,,,,,,,,,,,,,,,,,,,,,,,,1,2026-08-11_11h05.51.853,TSRlearn_main-blocks,,2025.1.1,59.95897607727807,2026-08-11 11h05.59.572092 +0200,
stimuli/hand/hand_30.jpg,stimuli/chair/chair_15.jpg,stimuli/hammer/hammer_05.jpg,stimuli/key/key_01.jpg,center,right,left,center,5,5,0,,,,,,,,,,,,,,,,,,sequences/learning_block1_fixed-middle-10_0{participant_ID}.xlsx,sequences/retrieval_block1_fixed-middle-10_0{participant_ID}.xlsx,6,1.0,A,1,6,hand,chair,hammer,key,0.69,0.47,7,fish,1,stimuli/fish/fish_01.jpg,guitar,1,stimuli/guitar/guitar_01.jpg,lamp,1,stimuli/lamp/lamp_01.jpg,key,1,stimuli/key/key_01.jpg,8,4,7,15,r,0.4454484999878332,None,,,,,,,,,,,,,,,,,,,,,,,,,,,,,0,0,0,0,0,0,0,0,0,5,5,5,,,,,150.70568939996883,,,,,,,,,,,,,,,,,,,,,,,,,,,,,,,,,,,,,,,,,,,,,,,,,,,,,,,,,,,,,,,,,,,,,,,,,,,,,,,,,,,,,,,,,,,,,,,,,,,,,,,,,,,,,,,,,,,,,,,,,,,,,,,,,,,,,,,,,,,,,,,,,,,,,,,,,,,,,,,,,,,,,,,,,,,,,,,,,,,,,,,,,,,,,,,,,,,,,,,,,,,,,,,,,,,,,,,,,,,,,150.66506260004826,150.70568939996883,150.70568939996883,150.70568939996883,150.70568939996883,150.70568939996883,150.70568939996883,150.70568939996883,0.13627310004085302,151.2550519000506,r,0.4454484999878332,None,151.37628319999203,151.42153209995013,151.42153209995013,151.42153209995013,151.42153209995013,151.42153209995013,151.42153209995013,152.40352619998157,152.4114080000436,152.41144689999055,,,,,,,,,,,,,,,,,,,,,,,,,,,,,,,,,,,,,,,,,,,,,,,,,,,,,,,,,,,,,,,,,,,,,,,,,,,,,,,,,,,,,,,,,,1,2026-08-11_11h05.51.853,TSRlearn_main-blocks,,2025.1.1,59.95897607727807,2026-08-11 11h05.59.572092 +0200,
stimuli/chair/chair_15.jpg,stimuli/house/house_10.jpg,stimuli/key/key_01.jpg,stimuli/bicycle/bicycle_18.jpg,right,center,left,right,6,6,0,,,,,,,,,,,,,,,,,,sequences/learning_block1_fixed-middle-10_0{participant_ID}.xlsx,sequences/retrieval_block1_fixed-middle-10_0{participant_ID}.xlsx,6,1.0,A,1,7,chair,house,key,bicycle,0.53,0.27,8,fish,1,stimuli/fish/fish_01.jpg,guitar,1,stimuli/guitar/guitar_01.jpg,lamp,1,stimuli/lamp/lamp_01.jpg,key,1,stimuli/key/key_01.jpg,4,9,15,2,g,0.505335699999705,None,,,,,,,,,,,,,,,,,,,,,,,,,,,,,0,0,0,0,0,0,0,0,0,6,6,6,,,,,152.58999000000767,,,,,,,,,,,,,,,,,,,,,,,,,,,,,,,,,,,,,,,,,,,,,,,,,,,,,,,,,,,,,,,,,,,,,,,,,,,,,,,,,,,,,,,,,,,,,,,,,,,,,,,,,,,,,,,,,,,,,,,,,,,,,,,,,,,,,,,,,,,,,,,,,,,,,,,,,,,,,,,,,,,,,,,,,,,,,,,,,,,,,,,,,,,,,,,,,,,,,,,,,,,,,,,,,,,,,,,,,,,,,152.52088339999318,152.58999000000767,152.58999000000767,152.58999000000767,152.58999000000767,152.58999000000767,152.58999000000767,152.58999000000767,0.10946519998833537,153.17050749994814,g,0.505335699999705,None,153.2823914999608,153.33214359998237,153.33214359998237,153.33214359998237,153.33214359998237,153.33214359998237,153.33214359998237,154.3194961999543,154.3268027000595,154.32684570003767,,,,,,,,,,,,,,,,,,,,,,,,,,,,,,,,,,,,,,,,,,,,,,,,,,,,,,,,,,,,,,,,,,,,,,,,,,,,,,,,,,,,,,,,,,1,2026-08-11_11h05.51.853,TSRlearn_main-blocks,,2025.1.1,59.95897607727807,2026-08-11 11h05.59.572092 +0200,
stimuli/house/house_10.jpg,stimuli/jacket/jacket_12.jpg,stimuli/fish/fish_01.jpg,stimuli/hand/hand_30.jpg,left,center,right,left,7,7,0,,,,,,,,,,,,,,,,,,sequences/learning_block1_fixed-middle-10_0{participant_ID}.xlsx,sequences/retrieval_block1_fixed-middle-10_0{participant_ID}.xlsx,6,1.0,A,1,8,house,jacket,fish,hand,0.53,0.2,9,fish,1,stimuli/fish/fish_01.jpg,guitar,1,stimuli/guitar/guitar_01.jpg,lamp,1,stimuli/lamp/lamp_01.jpg,key,1,stimuli/key/key_01.jpg,9,10,12,8,b,0.40422240004409105,None,,,,,,,,,,,,,,,,,,,,,,,,,,,,,0,0,0,0,0,0,0,0,0,7,7,7,,,,,154.48326460004319,,,,,,,,,,,,,,,,,,,,,,,,,,,,,,,,,,,,,,,,,,,,,,,,,,,,,,,,,,,,,,,,,,,,,,,,,,,,,,,,,,,,,,,,,,,,,,,,,,,,,,,,,,,,,,,,,,,,,,,,,,,,,,,,,,,,,,,,,,,,,,,,,,,,,,,,,,,,,,,,,,,,,,,,,,,,,,,,,,,,,,,,,,,,,,,,,,,,,,,,,,,,,,,,,,,,,,,,,,,,,154.42785890004598,154.48326460004319,154.48326460004319,154.48326460004319,154.48326460004319,154.48326460004319,154.48326460004319,154.48326460004319,0.10109449992887676,154.9695698999567,b,0.40422240004409105,None,155.0645843000384,155.11457259999588,155.11457259999588,155.11457259999588,155.11457259999588,155.11457259999588,155.11457259999588,156.1022193999961,156.1112878000131,156.11134549998678,,,,,,,,,,,,,,,,,,,,,,,,,,,,,,,,,,,,,,,,,,,,,,,,,,,,,,,,,,,,,,,,,,,,,,,,,,,,,,,,,,,,,,,,,,1,2026-08-11_11h05.51.853,TSRlearn_main-blocks,,2025.1.1,59.95897607727807,2026-08-11 11h05.59.572092 +0200,
stimuli/jacket/jacket_12.jpg,stimuli/hammer/hammer_05.jpg,stimuli/flower/flower_48.jpg,stimuli/bread/bread_40.jpg,center,left,right,center,8,8,0,,,,,,,,,,,,,,,,,,sequences/learning_block1_fixed-middle-10_0{participant_ID}.xlsx,sequences/retrieval_block1_fixed-middle-10_0{participant_ID}.xlsx,6,1.0,A,1,9,jacket,hammer,flower,bread,0.47,0.33,10,fish,1,stimuli/fish/fish_01.jpg,guitar,1,stimuli/guitar/guitar_01.jpg,lamp,1,stimuli/lamp/lamp_01.jpg,key,1,stimuli/key/key_01.jpg,10,7,6,3,b,0.40597449999768287,None,,,,,,,,,,,,,,,,,,,,,,,,,,,,,0,0,0,0,0,0,0,0,0,8,8,8,,,,,156.28664619999472,,,,,,,,,,,,,,,,,,,,,,,,,,,,,,,,,,,,,,,,,,,,,,,,,,,,,,,,,,,,,,,,,,,,,,,,,,,,,,,,,,,,,,,,,,,,,,,,,,,,,,,,,,,,,,,,,,,,,,,,,,,,,,,,,,,,,,,,,,,,,,,,,,,,,,,,,,,,,,,,,,,,,,,,,,,,,,,,,,,,,,,,,,,,,,,,,,,,,,,,,,,,,,,,,,,,,,,,,,,,,156.24557230004575,156.28664619999472,156.28664619999472,156.28664619999472,156.28664619999472,156.28664619999472,156.28664619999472,156.28664619999472,0.1342453999677673,156.78594339999836,b,0.40597449999768287,None,156.91897750005592,156.9526880000485,156.9526880000485,156.9526880000485,156.9526880000485,156.9526880000485,156.9526880000485,157.93515599996317,157.94336180004757,157.94340680004098,,,,,,,,,,,,,,,,,,,,,,,,,,,,,,,,,,,,,,,,,,,,,,,,,,,,,,,,,,,,,,,,,,,,,,,,,,,,,,,,,,,,,,,,,,1,2026-08-11_11h05.51.853,TSRlearn_main-blocks,,2025.1.1,59.95897607727807,2026-08-11 11h05.59.572092 +0200,
stimuli/hammer/hammer_05.jpg,stimuli/ball/ball_39.jpg,stimuli/guitar/guitar_01.jpg,stimuli/house/house_10.jpg,center,right,left,center,9,9,0,,,,,,,,,,,,,,,,,,sequences/learning_block1_fixed-middle-10_0{participant_ID}.xlsx,sequences/retrieval_block1_fixed-middle-10_0{participant_ID}.xlsx,6,1.0,A,1,10,hammer,ball,guitar,house,0.6,0.2,11,fish,1,stimuli/fish/fish_01.jpg,guitar,1,stimuli/guitar/guitar_01.jpg,lamp,1,stimuli/lamp/lamp_01.jpg,key,1,stimuli/key/key_01.jpg,7,1,13,9,b,0.6182967000640929,None,,,,,,,,,,,,,,,,,,,,,,,,,,,,,0,0,0,0,0,0,0,0,0,9,9,9,,,,,158.08173870004248,,,,,,,,,,,,,,,,,,,,,,,,,,,,,,,,,,,,,,,,,,,,,,,,,,,,,,,,,,,,,,,,,,,,,,,,,,,,,,,,,,,,,,,,,,,,,,,,,,,,,,,,,,,,,,,,,,,,,,,,,,,,,,,,,,,,,,,,,,,,,,,,,,,,,,,,,,,,,,,,,,,,,,,,,,,,,,,,,,,,,,,,,,,,,,,,,,,,,,,,,,,,,,,,,,,,,,,,,,,,,158.01832499995362,158.08173870004248,158.08173870004248,158.08173870004248,158.08173870004248,158.08173870004248,158.08173870004248,158.08173870004248,0.07494590000715107,158.76860019995365,b,0.6182967000640929,None,158.84808579995297,158.89715900004376,158.89715900004376,158.89715900004376,158.89715900004376,158.89715900004376,158.89715900004376,159.88450339995325,159.8925964999944,159.89266270003282,,,,,,,,,,,,,,,,,,,,,,,,,,,,,,,,,,,,,,,,,,,,,,,,,,,,,,,,,,,,,,,,,,,,,,,,,,,,,,,,,,,,,,,,,,1,2026-08-11_11h05.51.853,TSRlearn_main-blocks,,2025.1.1,59.95897607727807,2026-08-11 11h05.59.572092 +0200,
stimuli/ball/ball_39.jpg,stimuli/dog/dog_31.jpg,stimuli/fish/fish_01.jpg,stimuli/chair/chair_15.jpg,right,left,center,right,10,10,0,,,,,,,,,,,,,,,,,,sequences/learning_block1_fixed-middle-10_0{participant_ID}.xlsx,sequences/retrieval_block1_fixed-middle-10_0{participant_ID}.xlsx,6,1.0,A,1,11,ball,dog,fish,chair,0.73,0.33,12,fish,1,stimuli/fish/fish_01.jpg,guitar,1,stimuli/guitar/guitar_01.jpg,lamp,1,stimuli/lamp/lamp_01.jpg,key,1,stimuli/key/key_01.jpg,1,5,12,4,g,0.48454870004206896,None,,,,,,,,,,,,,,,,,,,,,,,,,,,,,0,0,0,0,0,0,0,0,0,10,10,10,,,,,160.04570040002,,,,,,,,,,,,,,,,,,,,,,,,,,,,,,,,,,,,,,,,,,,,,,,,,,,,,,,,,,,,,,,,,,,,,,,,,,,,,,,,,,,,,,,,,,,,,,,,,,,,,,,,,,,,,,,,,,,,,,,,,,,,,,,,,,,,,,,,,,,,,,,,,,,,,,,,,,,,,,,,,,,,,,,,,,,,,,,,,,,,,,,,,,,,,,,,,,,,,,,,,,,,,,,,,,,,,,,,,,,,,159.9856795000378,160.04570040002,160.04570040002,160.04570040002,160.04570040002,160.04570040002,160.04570040002,160.04570040002,0.09303320001345128,160.60196849994827,g,0.48454870004206896,None,160.70269379997626,160.74469179997686,160.74469179997686,160.74469179997686,160.74469179997686,160.74469179997686,160.74469179997686,161.73440209997352,161.74407769995742,161.74414419999812,,,,,,,,,,,,,,,,,,,,,,,,,,,,,,,,,,,,,,,,,,,,,,,,,,,,,,,,,,,,,,,,,,,,,,,,,,,,,,,,,,,,,,,,,,1,2026-08-11_11h05.51.853,TSRlearn_main-blocks,,2025.1.1,59.95897607727807,2026-08-11 11h05.59.572092 +0200,
stimuli/dog/dog_31.jpg,stimuli/lamp/lamp_01.jpg,stimuli/flower/flower_48.jpg,stimuli/hand/hand_30.jpg,center,left,right,center,11,11,0,,,,,,,,,,,,,,,,,,sequences/learning_block1_fixed-middle-10_0{participant_ID}.xlsx,sequences/retrieval_block1_fixed-middle-10_0{participant_ID}.xlsx,6,1.0,A,1,12,dog,lamp,flower,hand,0.67,0.47,13,fish,1,stimuli/fish/fish_01.jpg,guitar,1,stimuli/guitar/guitar_01.jpg,lamp,1,stimuli/lamp/lamp_01.jpg,key,1,stimuli/key/key_01.jpg,5,14,6,8,g,0.6721895000664517,None,,,,,,,,,,,,,,,,,,,,,,,,,,,,,0,0,0,0,0,0,0,0,0,11,11,11,,,,,162.0415284000337,,,,,,,,,,,,,,,,,,,,,,,,,,,,,,,,,,,,,,,,,,,,,,,,,,,,,,,,,,,,,,,,,,,,,,,,,,,,,,,,,,,,,,,,,,,,,,,,,,,,,,,,,,,,,,,,,,,,,,,,,,,,,,,,,,,,,,,,,,,,,,,,,,,,,,,,,,,,,,,,,,,,,,,,,,,,,,,,,,,,,,,,,,,,,,,,,,,,,,,,,,,,,,,,,,,,,,,,,,,,,161.96072370000184,162.0415284000337,162.0415284000337,162.0415284000337,162.0415284000337,162.0415284000337,162.0415284000337,162.0415284000337,0.21659620001446456,162.76758009998593,g,0.6721895000664517,None,162.95497920003254,163.009734799969,163.009734799969,163.009734799969,163.009734799969,163.009734799969,163.009734799969,164.00080240005627,164.00963920005597,164.0096821000334,,,,,,,,,,,,,,,,,,,,,,,,,,,,,,,,,,,,,,,,,,,,,,,,,,,,,,,,,,,,,,,,,,,,,,,,,,,,,,,,,,,,,,,,,,1,2026-08-11_11h05.51.853,TSRlearn_main-blocks,,2025.1.1,59.95897607727807,2026-08-11 11h05.59.572092 +0200,
stimuli/lamp/lamp_01.jpg,stimuli/key/key_01.jpg,stimuli/guitar/guitar_01.jpg,stimuli/hammer/hammer_05.jpg,right,center,left,right,12,12,0,,,,,,,,,,,,,,,,,,sequences/learning_block1_fixed-middle-10_0{participant_ID}.xlsx,sequences/retrieval_block1_fixed-middle-10_0{participant_ID}.xlsx,6,1.0,A,1,13,lamp,key,guitar,hammer,0.8,0.27,14,fish,1,stimuli/fish/fish_01.jpg,guitar,1,stimuli/guitar/guitar_01.jpg,lamp,1,stimuli/lamp/lamp_01.jpg,key,1,stimuli/key/key_01.jpg,14,15,13,7,r,0.4349035999039188,None,,,,,,,,,,,,,,,,,,,,,,,,,,,,,0,0,0,0,0,0,0,0,0,12,12,12,,,,,164.2860106000444,,,,,,,,,,,,,,,,,,,,,,,,,,,,,,,,,,,,,,,,,,,,,,,,,,,,,,,,,,,,,,,,,,,,,,,,,,,,,,,,,,,,,,,,,,,,,,,,,,,,,,,,,,,,,,,,,,,,,,,,,,,,,,,,,,,,,,,,,,,,,,,,,,,,,,,,,,,,,,,,,,,,,,,,,,,,,,,,,,,,,,,,,,,,,,,,,,,,,,,,,,,,,,,,,,,,,,,,,,,,,164.20570619998034,164.2860106000444,164.2860106000444,164.2860106000444,164.2860106000444,164.2860106000444,164.2860106000444,164.2860106000444,0.19605259993113577,164.78368680004496,r,0.4349035999039188,None,164.97128100006375,165.0242449999787,165.0242449999787,165.0242449999787,165.0242449999787,165.0242449999787,165.0242449999787,166.01685390004423,166.02542670001276,166.02547090000007,,,,,,,,,,,,,,,,,,,,,,,,,,,,,,,,,,,,,,,,,,,,,,,,,,,,,,,,,,,,,,,,,,,,,,,,,,,,,,,,,,,,,,,,,,1,2026-08-11_11h05.51.853,TSRlearn_main-blocks,,2025.1.1,59.95897607727807,2026-08-11 11h05.59.572092 +0200,
,,,,,,,,0,0,0,,,,1,stimuli/bread/bread_40.jpg,stimuli/flower/flower_48.jpg,None,yes,no,right,right,2,1.2,0.2,,0.62,1.84,sequences/learning_block1_fixed-middle-10_0{participant_ID}.xlsx,sequences/retrieval_block1_fixed-middle-10_0{participant_ID}.xlsx,6,block1,A,1,,,,,,,,,,,,,,,,,,,,,,,,,,,,0,0,0,1,A,3,6,None,b,2.6168801999883726,None,2,1.3903932999819517,None,,,,,,,,,,,,,,,0,0,0,0,0,0,0,0,,,,,0,0,0,0,172.24388470000122,,,,,,,,,,,,,,,,,,,,,,,,,,,,,,,,,,,,,,,,,,,,,,,,,,,,,,,,,,,,,,,,,,,,,,,,,,,,,,,,,,,,,,,,,,,,,,,,,,,,,,,,,,,,,,,,,,,,,,,,,,,,,,,,,,,,,,,,,,,,,,,,,,,,,,,,,,,,,,,,,,,,,,,,,,,,,,,,,,,,,,,,,,,,,,,,,,,,,,,,,,,,,,,,,,,,,,,,,,,,,,,,,,,,,,,,,,,,,,,,,,,,166.0311239999719,166.04664359998424,171.06173740001395,171.04748519998975,171.05021809996106,171.06173740001395,171.06173740001395,172.24388470000122,172.24388470000122,172.04667800001334,None,172.04676549998112,172.0468002000125,172.23464759998024,172.24388470000122,172.91588320001028,172.86390949995257,172.88994240004104,172.91588320001028,173.92728119995445,173.91306880000047,173.9131029000273,173.92728119995445,174.1634837000165,174.21666589996312,174.23600330005866,175.2437686000485,175.2297456000233,175.22978070005774,175.2437686000485,175.49385329999495,175.47939860005863,175.47942520002834,175.49385329999495,177.3762129000388,177.3287324999692,177.34489730000496,177.3762129000388,177.3762129000388,177.3762129000388,177.3762129000388,177.3762129000388,180.11096499999985,b,2.6168801999883726,None,180.11340400006156,180.11344570002984,180.11585940001532,180.14164299995173,180.14164299995173,180.14164299995173,180.14164299995173,180.14164299995173,180.62520859995857,182.127401500009,2,1.3903932999819517,None,182.12966790003702,182.1297183999559,,,,,,,,,,,,,,,,,,,,,,,,,,,,,1,2026-08-11_11h05.51.853,TSRlearn_main-blocks,,2025.1.1,59.95897607727807,2026-08-11 11h05.59.572092 +0200,
,,,,,,,,1,1,0,,,,1,stimuli/jacket/jacket_12.jpg,stimuli/hand/hand_30.jpg,None,no,yes,left,left,3,1.2,0.2,,0.43,2.02,sequences/learning_block1_fixed-middle-10_0{participant_ID}.xlsx,sequences/retrieval_block1_fixed-middle-10_0{participant_ID}.xlsx,6,block1,A,1,,,,,,,,,,,,,,,,,,,,,,,,,,,,0,1,0,1,A,10,8,None,g,0.4875001000473276,None,4,1.162975799990818,None,,,,,,,,,,,,,,,0,0,0,0,0,0,0,0,,,,,0,1,1,1,182.14162140002009,,,,,,,,,,,,,,,,,,,,,,,,,,,,,,,,,,,,,,,,,,,,,,,,,,,,,,,,,,,,,,,,,,,,,,,,,,,,,,,,,,,,,,,,,,,,,,,,,,,,,,,,,,,,,,,,,,,,,,,,,,,,,,,,,,,,,,,,,,,,,,,,,,,,,,,,,,,,,,,,,,,,,,,,,,,,,,,,,,,,,,,,,,,,,,,,,,,,,,,,,,,,,,,,,,,,,,,,,,,,,,,,,,,,,,,,,,,,,,,,,,,,,,,,,,,,,,,,,182.13034979999065,182.14162140002009,182.61050910002086,182.5601994000608,182.59196730004624,182.61050910002086,183.62452529999427,183.60990449995734,183.60994049999863,183.62452529999427,183.86003540002275,183.88979609997477,183.91223789996002,184.92402310005855,184.9095924999565,184.9096281999955,184.92402310005855,185.1739585000323,185.15963959996589,185.15966740006115,185.1739585000323,187.23955459997524,187.19369920005556,187.20780940004624,187.23955459997524,187.23955459997524,187.23955459997524,187.23955459997524,187.23955459997524,187.85916069999803,g,0.4875001000473276,None,187.86172569997143,187.86175999999978,187.86402890004683,187.88952920003794,187.88952920003794,187.88952920003794,187.88952920003794,187.88952920003794,188.3730990999611,189.65903019998223,4,1.162975799990818,None,189.6623320999788,189.66238370002247,183.91223789996002,,,,,,,,,,,,,,,,,,,,,,,,,,,,1,2026-08-11_11h05.51.853,TSRlearn_main-blocks,,2025.1.1,59.95897607727807,2026-08-11 11h05.59.572092 +0200,
,,,,,,,,2,2,0,,,,1,stimuli/chair/chair_15.jpg,stimuli/dog/dog_31.jpg,None,no,yes,right,right,5,1.2,0.2,,0.3,2.24,sequences/learning_block1_fixed-middle-10_0{participant_ID}.xlsx,sequences/retrieval_block1_fixed-middle-10_0{participant_ID}.xlsx,6,block1,A,1,,,,,,,,,,,,,,,,,,,,,,,,,,,,0,2,1,1,A,4,5,None,b,0.7795038000913337,None,2,0.5968991999980062,None,,,,,,,,,,,,,,,0,0,0,0,0,0,0,0,,,,,0,2,2,2,189.67262159998063,,,,,,,,,,,,,,,,,,,,,,,,,,,,,,,,,,,,,,,,,,,,,,,,,,,,,,,,,,,,,,,,,,,,,,,,,,,,,,,,,,,,,,,,,,,,,,,,,,,,,,,,,,,,,,,,,,,,,,,,,,,,,,,,,,,,,,,,,,,,,,,,,,,,,,,,,,,,,,,,,,,,,,,,,,,,,,,,,,,,,,,,,,,,,,,,,,,,,,,,,,,,,,,,,,,,,,,,,,,,,,,,,,,,,,,,,,,,,,,,,,,,,,,,,,,,,,,,,189.66280140005983,189.67262159998063,189.9919095999794,189.95893059996888,189.98200920003,189.9919095999794,191.00573330000043,190.9917843999574,190.9918235000223,191.00573330000043,191.24160960002337,191.2746670000488,191.29145729995798,192.3048280000221,192.29111740004737,192.29115359997377,192.3048280000221,192.5549761999864,192.54061749996617,192.54064510005992,192.5549761999864,194.82040009996854,194.78991960000712,194.80263130005915,194.82040009996854,194.82040009996854,194.82040009996854,194.82040009996854,194.82040009996854,195.72347780002747,b,0.7795038000913337,None,195.72602679999545,195.72606080002151,195.72829899995122,195.7531860000454,195.7531860000454,195.7531860000454,195.7531860000454,195.7531860000454,196.23700459999964,196.95936059998348,2,0.5968991999980062,None,196.96488480002154,196.96495649998542,191.29145729995798,,,,,,,,,,,,,,,,,,,,,,,,,,,,1,2026-08-11_11h05.51.853,TSRlearn_main-blocks,,2025.1.1,59.95897607727807,2026-08-11 11h05.59.572092 +0200,
,,,,,,,,3,3,0,,,,1,stimuli/bicycle/bicycle_18.jpg,stimuli/house/house_10.jpg,None,no,yes,right,right,4,1.2,0.2,,0.41,2.13,sequences/learning_block1_fixed-middle-10_0{participant_ID}.xlsx,sequences/retrieval_block1_fixed-middle-10_0{participant_ID}.xlsx,6,block1,A,1,,,,,,,,,,,,,,,,,,,,,,,,,,,,0,3,1,1,A,2,9,None,g,0.6195570999989286,None,4,0.817844899953343,None,,,,,,,,,,,,,,,0,0,0,0,0,0,0,0,,,,,0,3,3,3,196.98670310003217,,,,,,,,,,,,,,,,,,,,,,,,,,,,,,,,,,,,,,,,,,,,,,,,,,,,,,,,,,,,,,,,,,,,,,,,,,,,,,,,,,,,,,,,,,,,,,,,,,,,,,,,,,,,,,,,,,,,,,,,,,,,,,,,,,,,,,,,,,,,,,,,,,,,,,,,,,,,,,,,,,,,,,,,,,,,,,,,,,,,,,,,,,,,,,,,,,,,,,,,,,,,,,,,,,,,,,,,,,,,,,,,,,,,,,,,,,,,,,,,,,,,,,,,,,,,,,,,,196.96584439999424,196.98670310003217,197.42276180000044,197.3890283999499,197.40518100000918,197.42276180000044,198.43630760000087,198.42212430003565,198.42216469999403,198.43630760000087,198.67188499995973,198.689282599953,198.70560340001248,199.7189992000349,199.70491420000326,199.70495000004303,199.7189992000349,199.96913169999607,199.9544974999735,199.9545237000566,199.96913169999607,202.11785339994822,202.08754440001212,202.10015019995626,202.11785339994822,202.11785339994822,202.11785339994822,202.11785339994822,202.11785339994822,202.85453150002286,g,0.6195570999989286,None,202.85694990004413,202.85697850002907,202.85896680003498,202.88446079997811,202.88446079997811,202.88446079997811,202.88446079997811,202.88446079997811,203.36789520003367,204.30336649995297,4,0.817844899953343,None,204.3056709000375,204.30570050003007,198.70560340001248,,,,,,,,,,,,,,,,,,,,,,,,,,,,1,2026-08-11_11h05.51.853,TSRlearn_main-blocks,,2025.1.1,59.95897607727807,2026-08-11 11h05.59.572092 +0200,
,,,,,,,,4,4,0,,,,1,stimuli/jacket/jacket_12.jpg,stimuli/ball/ball_39.jpg,None,yes,no,left,left,2,1.2,0.2,,0.44,2.04,sequences/learning_block1_fixed-middle-10_0{participant_ID}.xlsx,sequences/retrieval_block1_fixed-middle-10_0{participant_ID}.xlsx,6,block1,A,1,,,,,,,,,,,,,,,,,,,,,,,,,,,,1,4,1,1,A,10,1,None,b,1.0194046000251547,None,5,1.1076449999818578,None,,,,,,,,,,,,,,,0,0,0,0,0,0,0,0,,,,,0,4,4,4,204.3181115000043,,,,,,,,,,,,,,,,,,,,,,,,,,,,,,,,,,,,,,,,,,,,,,,,,,,,,,,,,,,,,,,,,,,,,,,,,,,,,,,,,,,,,,,,,,,,,,,,,,,,,,,,,,,,,,,,,,,,,,,,,,,,,,,,,,,,,,,,,,,,,,,,,,,,,,,,,,,,,,,,,,,,,,,,,,,,,,,,,,,,,,,,,,,,,,,,,,,,,,,,,,,,,,,,,,,,,,,,,,,,,,,,,,,,,,,,,,,,,,,,,,,,,,,,,,,,,,,,,204.30604199995287,204.3181115000043,204.80360920005478,204.75347630004399,204.78364210005384,204.80360920005478,205.81736580003053,205.80302039999515,205.8030547000235,205.81736580003053,206.05312950001098,206.07743720000144,206.0863604999613,207.10069520003162,207.0868059999775,207.08684550004546,207.10069520003162,207.35026410000864,207.3361014999682,207.3361277000513,207.35026410000864,209.41552759998012,209.38535460003186,209.3981811000267,209.41552759998012,209.41552759998012,209.41552759998012,209.41552759998012,209.41552759998012,210.55177749996074,b,1.0194046000251547,None,210.55417350004427,210.55420590005815,210.55620850005653,210.58178480004426,210.58178480004426,210.58178480004426,210.58178480004426,210.58178480004426,211.06574840005487,212.2844186000293,5,1.1076449999818578,None,212.28694649995305,212.28698410000652,,,,,,,,,,,,,,,,,,,,,,,,,,,,,1,2026-08-11_11h05.51.853,TSRlearn_main-blocks,,2025.1.1,59.95897607727807,2026-08-11 11h05.59.572092 +0200,
,,,,,,,,5,5,0,,,,1,stimuli/hammer/hammer_05.jpg,stimuli/hand/hand_30.jpg,None,no,yes,left,left,4,1.2,0.2,,0.48,1.82,sequences/learning_block1_fixed-middle-10_0{participant_ID}.xlsx,sequences/retrieval_block1_fixed-middle-10_0{participant_ID}.xlsx,6,block1,A,1,,,,,,,,,,,,,,,,,,,,,,,,,,,,1,5,0,1,A,7,8,None,None,,,None,,,,,,,,,,,,,,,,,0,0,0,0,0,0,0,0,,,,,0,5,5,5,212.29860109998845,,,,,,,,,,,,,,,,,,,,,,,,,,,,,,,,,,,,,,,,,,,,,,,,,,,,,,,,,,,,,,,,,,,,,,,,,,,,,,,,,,,,,,,,,,,,,,,,,,,,,,,,,,,,,,,,,,,,,,,,,,,,,,,,,,,,,,,,,,,,,,,,,,,,,,,,,,,,,,,,,,,,,,,,,,,,,,,,,,,,,,,,,,,,,,,,,,,,,,,,,,,,,,,,,,,,,,,,,,,,,,,,,,,,,,,,,,,,,,,,,,,,,,,,,,,,,,,,,212.2873394000344,212.29860109998845,212.80125919997226,212.76749400002882,212.7809644000372,212.80125919997226,213.81506229995284,213.80130339995958,213.80134750006255,213.81506229995284,214.05075679998845,214.07876960001886,214.10071839997545,215.1142201999901,215.09987419995014,215.09990879998077,215.1142201999901,,215.3499579000054,215.35000049998052,215.36426629999187,217.21318489999976,217.18315930000972,217.1973645000253,217.21318489999976,217.21318489999976,217.21318489999976,217.21318489999976,217.21318489999976,220.19994770002086,None,,,220.20195729995612,220.6984498000238,220.70067399996333,220.7290442000376,220.7290442000376,220.7290442000376,220.7290442000376,220.7290442000376,221.21251360001042,224.19910219998565,None,,,224.20126120001078,224.6968302000314,214.10071839997545,220.21269429998938,220.21269429998938,220.21269429998938,220.21269429998938,220.7290442000376,223.72826809994876,223.72826809994876,223.72826809994876,223.72826809994876,223.72826809994876,224.21148000005633,224.21148000005633,224.71122279996052,,,,,,,,,,,,,,,1,2026-08-11_11h05.51.853,TSRlearn_main-blocks,,2025.1.1,59.95897607727807,2026-08-11 11h05.59.572092 +0200,
,,,,,,,,6,6,0,,,,1,stimuli/bicycle/bicycle_18.jpg,stimuli/chair/chair_15.jpg,None,no,yes,right,right,3,1.2,0.2,,0.38,2.13,sequences/learning_block1_fixed-middle-10_0{participant_ID}.xlsx,sequences/retrieval_block1_fixed-middle-10_0{participant_ID}.xlsx,6,block1,A,1,,,,,,,,,,,,,,,,,,,,,,,,,,,,1,6,1,1,A,2,4,None,None,,,None,,,,,,,,,,,,,,,,,0,0,0,0,0,0,0,0,,,,,0,6,6,6,224.71122279996052,,,,,,,,,,,,,,,,,,,,,,,,,,,,,,,,,,,,,,,,,,,,,,,,,,,,,,,,,,,,,,,,,,,,,,,,,,,,,,,,,,,,,,,,,,,,,,,,,,,,,,,,,,,,,,,,,,,,,,,,,,,,,,,,,,,,,,,,,,,,,,,,,,,,,,,,,,,,,,,,,,,,,,,,,,,,,,,,,,,,,,,,,,,,,,,,,,,,,,,,,,,,,,,,,,,,,,,,,,,,,,,,,,,,,,,,,,,,,,,,,,,,,,,,,,,,,,,,,224.69717629998922,224.71122279996052,225.11385089997202,225.0804433999583,225.0952883999562,225.11385089997202,226.12748370005284,226.11355700006243,226.11359129997436,226.12748370005284,226.36297250003554,226.37619930005167,226.3968968000263,227.41041849995963,227.39633669995237,227.39638950000517,227.41041849995963,227.66068780003116,227.64612160006072,227.64614630001597,227.66068780003116,229.8093089000322,229.7791911000386,229.79236700001638,229.8093089000322,229.8093089000322,229.8093089000322,229.8093089000322,229.8093089000322,232.7964283999754,None,,,232.79855910001788,233.29463020002004,233.2969974000007,233.32476029999088,233.32476029999088,233.32476029999088,233.32476029999088,233.32476029999088,233.80804569995962,236.79462569998577,None,,,236.79650870000478,237.29654909996316,226.3968968000263,232.8089375999989,232.8089375999989,232.8089375999989,232.8089375999989,233.32476029999088,236.32433670002501,236.32433670002501,236.32433670002501,236.32433670002501,236.32433670002501,236.80772050004452,236.80772050004452,237.30783069995232,,,,,,,,,,,,,,,1,2026-08-11_11h05.51.853,TSRlearn_main-blocks,,2025.1.1,59.95897607727807,2026-08-11 11h05.59.572092 +0200,
,,,,,,,,7,7,0,,,,1,stimuli/house/house_10.jpg,stimuli/flower/flower_48.jpg,None,no,yes,left,left,5,1.2,0.2,,0.64,2.22,sequences/learning_block1_fixed-middle-10_0{participant_ID}.xlsx,sequences/retrieval_block1_fixed-middle-10_0{participant_ID}.xlsx,6,block1,A,1,,,,,,,,,,,,,,,,,,,,,,,,,,,,1,7,0,1,A,9,6,None,None,,,None,,,,,,,,,,,,,,,,,0,0,0,0,0,0,0,0,,,,,0,7,7,7,237.30783069995232,,,,,,,,,,,,,,,,,,,,,,,,,,,,,,,,,,,,,,,,,,,,,,,,,,,,,,,,,,,,,,,,,,,,,,,,,,,,,,,,,,,,,,,,,,,,,,,,,,,,,,,,,,,,,,,,,,,,,,,,,,,,,,,,,,,,,,,,,,,,,,,,,,,,,,,,,,,,,,,,,,,,,,,,,,,,,,,,,,,,,,,,,,,,,,,,,,,,,,,,,,,,,,,,,,,,,,,,,,,,,,,,,,,,,,,,,,,,,,,,,,,,,,,,,,,,,,,,,237.29737529996783,237.30783069995232,237.97655739996117,237.94325470004696,237.9596149000572,237.97655739996117,238.99011889996473,238.97590369998943,238.9759382000193,238.99011889996473,239.22572210000362,239.2695513999788,239.29831260000356,240.30642250005621,240.2919372000033,240.2919711000286,240.30642250005621,,240.5427562999539,240.5428186999634,240.55648739996832,242.80490450002253,242.77509300003294,242.7887403999921,242.80490450002253,242.80490450002253,242.80490450002253,242.80490450002253,242.80490450002253,245.7925649000099,None,,,245.79471269994974,246.29007089999504,246.2921680000145,246.32071060000453,246.32071060000453,246.32071060000453,246.32071060000453,246.32071060000453,246.80439389997628,249.79102230002172,None,,,249.79296029999387,250.28886920004152,239.29831260000356,245.80495849996805,245.80495849996805,245.80495849996805,245.80495849996805,246.32071060000453,249.32031780004036,249.32031780004036,249.32031780004036,249.32031780004036,249.32031780004036,249.8039258000208,249.8039258000208,250.3031812000554,,,,,,,,,,,,,,,1,2026-08-11_11h05.51.853,TSRlearn_main-blocks,,2025.1.1,59.95897607727807,2026-08-11 11h05.59.572092 +0200,
,,,,,,,,8,8,0,,,,1,stimuli/dog/dog_31.jpg,stimuli/hammer/hammer_05.jpg,None,no,yes,left,left,2,1.2,0.2,,0.57,2.14,sequences/learning_block1_fixed-middle-10_0{participant_ID}.xlsx,sequences/retrieval_block1_fixed-middle-10_0{participant_ID}.xlsx,6,block1,A,1,,,,,,,,,,,,,,,,,,,,,,,,,,,,2,8,0,1,A,5,7,None,None,,,5,0.1795020999852568,None,,,,,,,,,,,,,,,0,0,0,0,0,0,0,0,,,,,0,8,8,8,250.3031812000554,,,,,,,,,,,,,,,,,,,,,,,,,,,,,,,,,,,,,,,,,,,,,,,,,,,,,,,,,,,,,,,,,,,,,,,,,,,,,,,,,,,,,,,,,,,,,,,,,,,,,,,,,,,,,,,,,,,,,,,,,,,,,,,,,,,,,,,,,,,,,,,,,,,,,,,,,,,,,,,,,,,,,,,,,,,,,,,,,,,,,,,,,,,,,,,,,,,,,,,,,,,,,,,,,,,,,,,,,,,,,,,,,,,,,,,,,,,,,,,,,,,,,,,,,,,,,,,,,250.28920290002134,250.3031812000554,250.9223842000356,250.87228170002345,250.90281110000797,250.9223842000356,251.9361359999748,251.92168220004532,251.9217155999504,251.9361359999748,252.1719158999622,252.18606079998426,252.20786399999633,253.219464099966,253.20647119998466,253.20650780003052,253.219464099966,253.46905409998726,253.45478789997287,253.4548203999875,253.46905409998726,255.63439659995493,255.60418849997222,255.61692169995513,255.63439659995493,255.63439659995493,255.63439659995493,255.63439659995493,255.63439659995493,258.6214854000136,None,,,258.62340769998264,259.1195517999586,259.12177039997187,259.1501934999833,259.1501934999833,259.1501934999833,259.1501934999833,259.1501934999833,259.63350370002445,259.9192787000211,5,0.1795020999852568,None,259.9216131999856,259.9216518000467,,258.63409149996005,258.63409149996005,258.63409149996005,258.63409149996005,259.1501934999833,,,,,,,,,,,,,,,,,,,,,,,1,2026-08-11_11h05.51.853,TSRlearn_main-blocks,,2025.1.1,59.95897607727807,2026-08-11 11h05.59.572092 +0200,
,,,,,,,,9,9,0,,,,1,stimuli/ball/ball_39.jpg,stimuli/hand/hand_30.jpg,None,yes,no,right,right,5,1.2,0.2,,0.35,1.9,sequences/learning_block1_fixed-middle-10_0{participant_ID}.xlsx,sequences/retrieval_block1_fixed-middle-10_0{participant_ID}.xlsx,6,block1,A,1,,,,,,,,,,,,,,,,,,,,,,,,,,,,2,9,0,1,A,1,8,None,b,0.5522105999989435,None,4,1.0236151000717655,None,,,,,,,,,,,,,,,0,0,0,0,0,0,0,0,,,,,0,9,9,9,259.9338660000358,,,,,,,,,,,,,,,,,,,,,,,,,,,,,,,,,,,,,,,,,,,,,,,,,,,,,,,,,,,,,,,,,,,,,,,,,,,,,,,,,,,,,,,,,,,,,,,,,,,,,,,,,,,,,,,,,,,,,,,,,,,,,,,,,,,,,,,,,,,,,,,,,,,,,,,,,,,,,,,,,,,,,,,,,,,,,,,,,,,,,,,,,,,,,,,,,,,,,,,,,,,,,,,,,,,,,,,,,,,,,,,,,,,,,,,,,,,,,,,,,,,,,,,,,,,,,,,,,259.9220118999947,259.9338660000358,260.3025175000075,260.26947289996315,260.29399889998604,260.3025175000075,261.3164621000178,261.3022386999801,261.302273600013,261.3164621000178,261.5520144000184,261.58219069999177,261.6024025999941,262.61596930003725,262.60157449997496,262.60160870000254,262.61596930003725,262.8660052999621,262.85149050003383,262.8515159999952,262.8660052999621,264.78179270005785,264.75106759998016,264.7649551000213,264.78179270005785,264.78179270005785,264.78179270005785,264.78179270005785,264.78179270005785,265.45106620003935,b,0.5522105999989435,None,265.4535912000574,265.4536300000036,265.45574110001326,265.48135190003086,265.48135190003086,265.48135190003086,265.48135190003086,265.48135190003086,265.9652065000264,267.1170988000231,4,1.0236151000717655,None,267.11940960003994,267.11945050000213,261.6024025999941,,,,,,,,,,,,,,,,,,,,,,,,,,,,1,2026-08-11_11h05.51.853,TSRlearn_main-blocks,,2025.1.1,59.95897607727807,2026-08-11 11h05.59.572092 +0200,
,,,,,,,,10,10,0,,,,1,stimuli/flower/flower_48.jpg,stimuli/chair/chair_15.jpg,None,no,yes,right,right,4,1.2,0.2,,0.41,1.96,sequences/learning_block1_fixed-middle-10_0{participant_ID}.xlsx,sequences/retrieval_block1_fixed-middle-10_0{participant_ID}.xlsx,6,block1,A,1,,,,,,,,,,,,,,,,,,,,,,,,,,,,2,10,1,1,A,6,4,None,g,0.736742899985984,None,g,1.536925800028257,0.05534720001742244,,,,,,,,,,,,,,,0,0,0,0,0,0,0,0,,,,,0,10,10,10,267.13152209995314,,,,,,,,,,,,,,,,,,,,,,,,,,,,,,,,,,,,,,,,,,,,,,,,,,,,,,,,,,,,,,,,,,,,,,,,,,,,,,,,,,,,,,,,,,,,,,,,,,,,,,,,,,,,,,,,,,,,,,,,,,,,,,,,,,,,,,,,,,,,,,,,,,,,,,,,,,,,,,,,,,,,,,,,,,,,,,,,,,,,,,,,,,,,,,,,,,,,,,,,,,,,,,,,,,,,,,,,,,,,,,,,,,,,,,,,,,,,,,,,,,,,,,,,,,,,,,,,,267.1198883999605,267.13152209995314,267.6249881000258,267.5365372999804,267.6086228999775,267.6249881000258,268.6308696999913,268.6167990999529,268.61683239997365,268.6308696999913,268.86620469996706,268.8787942000199,268.89998660003766,269.9139995999867,269.89951290003955,269.89954729995225,269.9139995999867,270.16363059997093,270.1493257000111,270.1493510999717,270.16363059997093,272.1457059000386,272.11547930003144,272.1279336999869,272.1457059000386,272.1457059000386,272.1457059000386,272.1457059000386,272.1457059000386,273.0155710000545,g,0.736742899985984,None,273.0184326999588,273.01847010001075,273.02097710000817,273.04563559999224,273.04563559999224,273.04563559999224,273.04563559999224,273.04563559999224,273.52910889999475,275.68122400005814,g,1.536925800028257,0.05534720001742244,275.683719499968,275.68374660005793,268.89998660003766,,,,,,,,,,,,,,,,,,,,,,,,,,,,1,2026-08-11_11h05.51.853,TSRlearn_main-blocks,,2025.1.1,59.95897607727807,2026-08-11 11h05.59.572092 +0200,
,,,,,,,,11,11,0,,,,1,stimuli/house/house_10.jpg,stimuli/bread/bread_40.jpg,None,yes,no,right,right,3,1.2,0.2,,0.25,1.99,sequences/learning_block1_fixed-middle-10_0{participant_ID}.xlsx,sequences/retrieval_block1_fixed-middle-10_0{participant_ID}.xlsx,6,block1,A,1,,,,,,,,,,,,,,,,,,,,,,,,,,,,2,11,0,1,A,9,3,None,b,0.5310538000194356,None,4,0.9277050000382587,None,,,,,,,,,,,,,,,0,0,0,0,0,0,0,0,,,,,0,11,11,11,275.6952475999715,,,,,,,,,,,,,,,,,,,,,,,,,,,,,,,,,,,,,,,,,,,,,,,,,,,,,,,,,,,,,,,,,,,,,,,,,,,,,,,,,,,,,,,,,,,,,,,,,,,,,,,,,,,,,,,,,,,,,,,,,,,,,,,,,,,,,,,,,,,,,,,,,,,,,,,,,,,,,,,,,,,,,,,,,,,,,,,,,,,,,,,,,,,,,,,,,,,,,,,,,,,,,,,,,,,,,,,,,,,,,,,,,,,,,,,,,,,,,,,,,,,,,,,,,,,,,,,,,275.6840876999777,275.6952475999715,275.9666738000233,275.9303168000188,275.94305790006183,275.9666738000233,276.9783713000361,276.9638604000211,276.96389570005704,276.9783713000361,277.21333010005765,277.2369180000387,277.24724810000043,278.2610704000108,278.246549100033,278.24658909998834,278.2610704000108,,278.4971264000051,278.4971678999718,278.5108961999649,280.5264206000138,280.4962707000086,280.50912459997926,280.5264206000138,280.5264206000138,280.5264206000138,280.5264206000138,280.5264206000138,281.17916089994833,b,0.5310538000194356,None,281.181574700051,281.1816042000428,281.18346970004495,281.2096413000254,281.2096413000254,281.2096413000254,281.2096413000254,281.2096413000254,281.69308060000185,282.74448410002515,4,0.9277050000382587,None,282.7465973000508,282.74662190000527,277.24724810000043,,,,,,,,,,,,,,,,,,,,,,,,,,,,1,2026-08-11_11h05.51.853,TSRlearn_main-blocks,,2025.1.1,59.95897607727807,2026-08-11 11h05.59.572092 +0200,
,,,,,,,,12,12,0,,,,1,stimuli/bicycle/bicycle_18.jpg,stimuli/jacket/jacket_12.jpg,None,yes,no,left,left,5,1.2,0.2,,0.59,1.97,sequences/learning_block1_fixed-middle-10_0{participant_ID}.xlsx,sequences/retrieval_block1_fixed-middle-10_0{participant_ID}.xlsx,6,block1,A,1,,,,,,,,,,,,,,,,,,,,,,,,,,,,3,12,1,1,A,2,10,None,b,0.45805999997537583,None,2,0.43745780002791435,None,,,,,,,,,,,,,,,0,0,0,0,0,0,0,0,,,,,0,12,12,12,282.7596326000057,,,,,,,,,,,,,,,,,,,,,,,,,,,,,,,,,,,,,,,,,,,,,,,,,,,,,,,,,,,,,,,,,,,,,,,,,,,,,,,,,,,,,,,,,,,,,,,,,,,,,,,,,,,,,,,,,,,,,,,,,,,,,,,,,,,,,,,,,,,,,,,,,,,,,,,,,,,,,,,,,,,,,,,,,,,,,,,,,,,,,,,,,,,,,,,,,,,,,,,,,,,,,,,,,,,,,,,,,,,,,,,,,,,,,,,,,,,,,,,,,,,,,,,,,,,,,,,,,282.7469434000086,282.7596326000057,283.3786110000219,283.3443961000303,283.35768689995166,283.3786110000219,284.3924183000345,284.3783859000541,284.37842149997596,284.3924183000345,284.6272339000134,284.6575122999493,284.67859919997863,285.6919659000123,285.67772979999427,285.67776240000967,285.6919659000123,285.9422371999826,285.92716760002077,285.92719189997297,285.9422371999826,287.9404207000043,287.91001670004334,287.92395610001404,287.9404207000043,287.9404207000043,287.9404207000043,287.9404207000043,287.9404207000043,288.5259192000376,b,0.45805999997537583,None,288.5280632999493,288.52808880002704,288.5299752999563,288.55693409999367,288.55693409999367,288.55693409999367,288.55693409999367,288.55693409999367,289.04066179995425,289.5935142999515,2,0.43745780002791435,None,289.5957244000165,289.59575269999914,284.67859919997863,,,,,,,,,,,,,,,,,,,,,,,,,,,,1,2026-08-11_11h05.51.853,TSRlearn_main-blocks,,2025.1.1,59.95897607727807,2026-08-11 11h05.59.572092 +0200,
,,,,,,,,13,13,0,,,,1,stimuli/hand/hand_30.jpg,stimuli/flower/flower_48.jpg,None,yes,no,right,right,3,1.2,0.2,,0.56,2.04,sequences/learning_block1_fixed-middle-10_0{participant_ID}.xlsx,sequences/retrieval_block1_fixed-middle-10_0{participant_ID}.xlsx,6,block1,A,1,,,,,,,,,,,,,,,,,,,,,,,,,,,,3,13,0,1,A,8,6,None,g,0.4705405000131577,None,5,1.2237837000284344,None,,,,,,,,,,,,,,,0,0,0,0,0,0,0,0,,,,,0,13,13,13,289.60797130002175,,,,,,,,,,,,,,,,,,,,,,,,,,,,,,,,,,,,,,,,,,,,,,,,,,,,,,,,,,,,,,,,,,,,,,,,,,,,,,,,,,,,,,,,,,,,,,,,,,,,,,,,,,,,,,,,,,,,,,,,,,,,,,,,,,,,,,,,,,,,,,,,,,,,,,,,,,,,,,,,,,,,,,,,,,,,,,,,,,,,,,,,,,,,,,,,,,,,,,,,,,,,,,,,,,,,,,,,,,,,,,,,,,,,,,,,,,,,,,,,,,,,,,,,,,,,,,,,,289.5960890999995,289.60797130002175,290.1931765000336,290.1587401999859,290.182688800036,290.1931765000336,291.2066290000221,291.1925379000604,291.19257139996625,291.2066290000221,291.4419782999903,291.4826782000018,291.49737999995705,292.50640800001565,292.49192159995437,292.49195449997205,292.50640800001565,292.75642350001726,292.7416938999668,292.7417187000392,292.75642350001726,294.8217437999556,294.79141599999275,294.8035511999624,294.8217437999556,294.8217437999556,294.8217437999556,294.8217437999556,294.8217437999556,295.40845480002463,g,0.4705405000131577,None,295.4105722999666,295.41059620003216,295.4124124000082,295.4388137999922,295.4388137999922,295.4388137999922,295.4388137999922,295.4388137999922,295.9217863000231,297.2569071999751,5,1.2237837000284344,None,297.2590102000395,297.2590352999978,291.49737999995705,,,,,,,,,,,,,,,,,,,,,,,,,,,,1,2026-08-11_11h05.51.853,TSRlearn_main-blocks,,2025.1.1,59.95897607727807,2026-08-11 11h05.59.572092 +0200,
,,,,,,,,14,14,0,,,,1,stimuli/dog/dog_31.jpg,stimuli/house/house_10.jpg,None,no,yes,left,left,4,1.2,0.2,,0.74,2.22,sequences/learning_block1_fixed-middle-10_0{participant_ID}.xlsx,sequences/retrieval_block1_fixed-middle-10_0{participant_ID}.xlsx,6,block1,A,1,,,,,,,,,,,,,,,,,,,,,,,,,,,,3,14,0,1,A,5,9,None,b,0.45959350001066923,None,4,0.6756826000055298,None,,,,,,,,,,,,,,,0,0,0,0,0,0,0,0,,,,,0,14,14,14,297.27135749999434,,,,,,,,,,,,,,,,,,,,,,,,,,,,,,,,,,,,,,,,,,,,,,,,,,,,,,,,,,,,,,,,,,,,,,,,,,,,,,,,,,,,,,,,,,,,,,,,,,,,,,,,,,,,,,,,,,,,,,,,,,,,,,,,,,,,,,,,,,,,,,,,,,,,,,,,,,,,,,,,,,,,,,,,,,,,,,,,,,,,,,,,,,,,,,,,,,,,,,,,,,,,,,,,,,,,,,,,,,,,,,,,,,,,,,,,,,,,,,,,,,,,,,,,,,,,,,,,,297.2593523999676,297.27135749999434,298.0576038999716,298.0070453999797,298.033568099956,298.0576038999716,299.0711515999865,299.0567125000525,299.0567460999591,299.0711515999865,299.3062179000117,299.3187741000438,299.3424624999752,300.35414319997653,300.33959660003893,300.3396312999539,300.35414319997653,300.60383270005696,300.58905109995976,300.58907620003447,300.60383270005696,302.85252379998565,302.8222274000291,302.8345739999786,302.85252379998565,302.85252379998565,302.85252379998565,302.85252379998565,302.85252379998565,303.43880929995794,b,0.45959350001066923,None,303.4411100000143,303.44114430004265,303.44311400002334,303.4695592999924,303.4695592999924,303.4695592999924,303.4695592999924,303.4695592999924,303.9529488000553,304.7552559999749,4,0.6756826000055298,None,304.75770189997274,304.7577319999691,299.3424624999752,,,,,,,,,,,,,,,,,,,,,,,,,,,,1,2026-08-11_11h05.51.853,TSRlearn_main-blocks,,2025.1.1,59.95897607727807,2026-08-11 11h05.59.572092 +0200,
,,,,,,,,15,15,0,,,,1,stimuli/bread/bread_40.jpg,stimuli/chair/chair_15.jpg,None,yes,no,left,left,2,1.2,0.2,,0.54,2.18,sequences/learning_block1_fixed-middle-10_0{participant_ID}.xlsx,sequences/retrieval_block1_fixed-middle-10_0{participant_ID}.xlsx,6,block1,A,1,,,,,,,,,,,,,,,,,,,,,,,,,,,,3,15,1,1,A,3,4,None,b,0.6321875000139698,None,5,0.10032079997472465,None,,,,,,,,,,,,,,,0,0,0,0,0,0,0,0,,,,,0,15,15,15,304.7694397000596,,,,,,,,,,,,,,,,,,,,,,,,,,,,,,,,,,,,,,,,,,,,,,,,,,,,,,,,,,,,,,,,,,,,,,,,,,,,,,,,,,,,,,,,,,,,,,,,,,,,,,,,,,,,,,,,,,,,,,,,,,,,,,,,,,,,,,,,,,,,,,,,,,,,,,,,,,,,,,,,,,,,,,,,,,,,,,,,,,,,,,,,,,,,,,,,,,,,,,,,,,,,,,,,,,,,,,,,,,,,,,,,,,,,,,,,,,,,,,,,,,,,,,,,,,,,,,,,,304.75809410004877,304.7694397000596,305.3384208000498,305.30431300005876,305.32579659996554,305.3384208000498,306.3516953999642,306.3376287999563,306.33766119997017,306.3516953999642,306.58729669998866,306.59948350000195,306.6211543000536,307.6351150999544,307.6207725000568,307.62080569996033,307.6351150999544,,307.87265270005446,307.8727361999918,307.8856314000441,310.0836247999687,310.0527352000354,310.06670440000016,310.0836247999687,310.0836247999687,310.0836247999687,310.0836247999687,310.0836247999687,310.8365360000171,b,0.6321875000139698,None,310.8386685999576,310.8386998999631,310.8405182999559,310.86701369995717,310.86701369995717,310.86701369995717,310.86701369995717,310.86701369995717,311.350660600001,311.5690321000293,5,0.10032079997472465,None,311.5713458999526,311.5713705000235,306.6211543000536,,,,,,,,,,,,,,,,,,,,,,,,,,,,1,2026-08-11_11h05.51.853,TSRlearn_main-blocks,,2025.1.1,59.95897607727807,2026-08-11 11h05.59.572092 +0200,
,,,,,,,,16,16,0,,,,1,stimuli/jacket/jacket_12.jpg,stimuli/dog/dog_31.jpg,None,yes,no,left,left,3,1.2,0.2,,0.67,2.19,sequences/learning_block1_fixed-middle-10_0{participant_ID}.xlsx,sequences/retrieval_block1_fixed-middle-10_0{participant_ID}.xlsx,6,block1,A,1,,,,,,,,,,,,,,,,,,,,,,,,,,,,4,16,1,1,A,10,5,None,g,1.0727781999157742,None,4,0.6561561999842525,None,,,,,,,,,,,,,,,0,0,0,0,0,0,0,0,,,,,0,16,16,16,311.5836775000207,,,,,,,,,,,,,,,,,,,,,,,,,,,,,,,,,,,,,,,,,,,,,,,,,,,,,,,,,,,,,,,,,,,,,,,,,,,,,,,,,,,,,,,,,,,,,,,,,,,,,,,,,,,,,,,,,,,,,,,,,,,,,,,,,,,,,,,,,,,,,,,,,,,,,,,,,,,,,,,,,,,,,,,,,,,,,,,,,,,,,,,,,,,,,,,,,,,,,,,,,,,,,,,,,,,,,,,,,,,,,,,,,,,,,,,,,,,,,,,,,,,,,,,,,,,,,,,,,311.57169610005803,311.5836775000207,312.303229299956,312.25209429999813,312.2799849000294,312.303229299956,313.31658910005353,313.30299450003076,313.3030320999678,313.31658910005353,313.55210940004326,313.5793359000236,313.60270309995394,314.6166011999594,314.6018153000623,314.6018483999651,314.6166011999594,314.86638819996733,314.8513830000302,314.8514074999839,314.86638819996733,317.08173640002497,317.05076280003414,317.0639106000308,317.08173640002497,317.08173640002497,317.08173640002497,317.08173640002497,317.08173640002497,318.28402270004153,g,1.0727781999157742,None,318.2860912999604,318.286115600029,318.28802930004895,318.31470550002996,318.31470550002996,318.31470550002996,318.31470550002996,318.31470550002996,318.79842260002624,319.58372029999737,4,0.6561561999842525,None,319.58627059997525,319.586303899996,313.60270309995394,,,,,,,,,,,,,,,,,,,,,,,,,,,,1,2026-08-11_11h05.51.853,TSRlearn_main-blocks,,2025.1.1,59.95897607727807,2026-08-11 11h05.59.572092 +0200,
,,,,,,,,17,17,0,,,,1,stimuli/hand/hand_30.jpg,stimuli/bicycle/bicycle_18.jpg,None,yes,no,right,right,2,1.2,0.2,,0.39,1.78,sequences/learning_block1_fixed-middle-10_0{participant_ID}.xlsx,sequences/retrieval_block1_fixed-middle-10_0{participant_ID}.xlsx,6,block1,A,1,,,,,,,,,,,,,,,,,,,,,,,,,,,,4,17,0,1,A,8,2,None,g,1.5639104000292718,None,3,0.7827212999109179,None,,,,,,,,,,,,,,,0,0,0,0,0,0,0,0,,,,,0,17,17,17,319.59798309998587,,,,,,,,,,,,,,,,,,,,,,,,,,,,,,,,,,,,,,,,,,,,,,,,,,,,,,,,,,,,,,,,,,,,,,,,,,,,,,,,,,,,,,,,,,,,,,,,,,,,,,,,,,,,,,,,,,,,,,,,,,,,,,,,,,,,,,,,,,,,,,,,,,,,,,,,,,,,,,,,,,,,,,,,,,,,,,,,,,,,,,,,,,,,,,,,,,,,,,,,,,,,,,,,,,,,,,,,,,,,,,,,,,,,,,,,,,,,,,,,,,,,,,,,,,,,,,,,,319.58664630004205,319.59798309998587,320.01708669995423,319.9832190000452,320.0085030000191,320.01708669995423,321.03110090002883,321.01668770005926,321.01672630000394,321.03110090002883,321.26551199995447,321.27779249998275,321.29964380001184,322.3137699000072,322.29928230005316,322.29932250001,322.3137699000072,322.5638992000604,322.54858740000054,322.548611599952,322.5638992000604,324.3624009999912,324.3315400000429,324.3439068000298,324.3624009999912,324.3624009999912,324.3624009999912,324.3624009999912,324.3624009999912,326.03235180000775,g,1.5639104000292718,None,326.03459549997933,326.0346266999841,326.0365559000056,326.062377299997,326.062377299997,326.062377299997,326.062377299997,326.062377299997,326.5457275999943,327.4477453000145,3,0.7827212999109179,None,327.4499202000443,327.4499463000102,321.29964380001184,,,,,,,,,,,,,,,,,,,,,,,,,,,,1,2026-08-11_11h05.51.853,TSRlearn_main-blocks,,2025.1.1,59.95897607727807,2026-08-11 11h05.59.572092 +0200,
,,,,,,,,18,18,0,,,,1,stimuli/bread/bread_40.jpg,stimuli/hammer/hammer_05.jpg,None,no,yes,right,right,5,1.2,0.2,,0.7,2.23,sequences/learning_block1_fixed-middle-10_0{participant_ID}.xlsx,sequences/retrieval_block1_fixed-middle-10_0{participant_ID}.xlsx,6,block1,A,1,,,,,,,,,,,,,,,,,,,,,,,,,,,,4,18,1,1,A,3,7,None,None,,,3,0.45820519991684705,None,,,,,,,,,,,,,,,0,0,0,0,0,0,0,0,,,,,0,18,18,18,327.46216710004956,,,,,,,,,,,,,,,,,,,,,,,,,,,,,,,,,,,,,,,,,,,,,,,,,,,,,,,,,,,,,,,,,,,,,,,,,,,,,,,,,,,,,,,,,,,,,,,,,,,,,,,,,,,,,,,,,,,,,,,,,,,,,,,,,,,,,,,,,,,,,,,,,,,,,,,,,,,,,,,,,,,,,,,,,,,,,,,,,,,,,,,,,,,,,,,,,,,,,,,,,,,,,,,,,,,,,,,,,,,,,,,,,,,,,,,,,,,,,,,,,,,,,,,,,,,,,,,,,327.4502695000265,327.46216710004956,328.18146540003363,328.1491188999498,328.17363970004953,328.18146540003363,329.19474009994883,329.18016660003923,329.1801993000554,329.19474009994883,329.4304501999868,329.443433700013,329.4644527999917,330.4780222000554,330.4635740000522,330.46360659995116,330.4780222000554,330.7275207999628,330.71303800004534,330.7130655000219,330.7275207999628,332.9762600000249,332.9453506000573,332.95828000002075,332.9762600000249,332.9762600000249,332.9762600000249,332.9762600000249,332.9762600000249,335.9630892999703,None,,,335.96494009997696,336.461810000008,336.46404049999546,336.4922706000507,336.4922706000507,336.4922706000507,336.4922706000507,336.4922706000507,336.9758516000584,337.5614186000312,3,0.45820519991684705,None,337.5637411000207,337.56377200002316,,335.9762067999691,335.9762067999691,335.9762067999691,335.9762067999691,336.4922706000507,,,,,,,,,,,,,,,,,,,,,,,1,2026-08-11_11h05.51.853,TSRlearn_main-blocks,,2025.1.1,59.95897607727807,2026-08-11 11h05.59.572092 +0200,
,,,,,,,,19,19,0,,,,1,stimuli/chair/chair_15.jpg,stimuli/ball/ball_39.jpg,None,yes,no,left,left,4,1.2,0.2,,0.34,1.86,sequences/learning_block1_fixed-middle-10_0{participant_ID}.xlsx,sequences/retrieval_block1_fixed-middle-10_0{participant_ID}.xlsx,6,block1,A,1,,,,,,,,,,,,,,,,,,,,,,,,,,,,4,19,1,1,A,4,1,None,None,,,None,,,,,,,,,,,,,,,,,0,0,0,0,0,0,0,0,,,,,0,19,19,19,337.57581569999456,,,,,,,,,,,,,,,,,,,,,,,,,,,,,,,,,,,,,,,,,,,,,,,,,,,,,,,,,,,,,,,,,,,,,,,,,,,,,,,,,,,,,,,,,,,,,,,,,,,,,,,,,,,,,,,,,,,,,,,,,,,,,,,,,,,,,,,,,,,,,,,,,,,,,,,,,,,,,,,,,,,,,,,,,,,,,,,,,,,,,,,,,,,,,,,,,,,,,,,,,,,,,,,,,,,,,,,,,,,,,,,,,,,,,,,,,,,,,,,,,,,,,,,,,,,,,,,,,337.5641169999726,337.57581569999456,337.94464560004417,337.9110437000636,337.92469580005854,337.94464560004417,338.9585678000003,338.9439676000038,338.9440016000299,338.9585678000003,339.1939989000093,339.21630930004176,339.22755089995917,340.24386110005435,340.23440359998494,340.23446850001346,340.24386110005435,,340.49457460001577,340.49465040001087,340.5082706999965,342.40829409996513,342.36373860004824,342.3775761000579,342.40829409996513,342.40829409996513,342.40829409996513,342.40829409996513,342.40829409996513,345.3774838000536,None,,,345.38010379998013,345.8756347000599,345.8784726000158,345.9086191999959,345.9086191999959,345.9086191999959,345.9086191999959,345.9086191999959,346.3734222999774,349.3763271999778,None,,,349.3787943000207,349.874396600062,339.22755089995917,,,,345.38969890004955,345.9086191999959,348.92220709996764,348.92220709996764,348.92220709996764,348.92220709996764,348.92220709996764,349.3887580999872,349.3887580999872,349.8883716999553,,,,,,,,,,,,,,,1,2026-08-11_11h05.51.853,TSRlearn_main-blocks,,2025.1.1,59.95897607727807,2026-08-11 11h05.59.572092 +0200,
stimuli/fish/fish_01.jpg,stimuli/guitar/guitar_01.jpg,stimuli/bicycle/bicycle_18.jpg,stimuli/ball/ball_39.jpg,left,right,center,left,0,0,0,,,,,,,,,,,,,,,,,,sequences/learning_block1_fixed-middle-10_0{participant_ID}.xlsx,sequences/retrieval_block1_fixed-middle-10_0{participant_ID}.xlsx,6,1.0,A,2,1,fish,guitar,bicycle,ball,0.75,0.36,2,fish,1,stimuli/fish/fish_01.jpg,guitar,1,stimuli/guitar/guitar_01.jpg,lamp,1,stimuli/lamp/lamp_01.jpg,key,1,stimuli/key/key_01.jpg,12,13,2,1,None,,,,,,,,,,,,,,,,,,,,,,,,,,,,,,,0,0,0,0,1,0,1,0,0,0,0,0,,,,,351.6648793000495,,,,,,,,,,,,,,,,,,,,,,,,,,,,,,,,,,,,,,,,,,,,,,,,,,,,,,,,,,,,,,,,,,,,,,,,,,,,,,,,,,,,,,,,,,,,,,,,,,,,,,,,,,,,,,,,,,,,,,,,,,,,,,,,,,,,,,,,,,,,,,,,,,,,,,,,,,,,,,,,,,,,,,,,,,,,,,,,,,,,,,,,,,,,,,,,,,,,,,,,,,,,,,,,,,,,,,,,350.8751658999827,350.875222499948,350.8824879999738,350.89134980004746,351.3902344000526,351.5685726000229,351.6648793000495,351.6648793000495,351.6648793000495,351.6648793000495,351.6648793000495,351.6648793000495,351.6648793000495,0.19340949994511902,356.47598129999824,None,,,356.5514038000256,356.60668770002667,356.60668770002667,356.60668770002667,356.60668770002667,356.60668770002667,356.60668770002667,357.589076400036,357.598174200044,358.10678889998235,,,,,,,,,,,,,,,,,,,,,,,,,,,,,,,,,,,,,,,,,,,,,,,,,,,,,,,,,,,,,,,,,,,,,,,,,,,,349.8808078999864,349.88083389995154,349.8831338000018,349.8883716999553,350.89134980004746,350.87495900003705,357.6197974999668,357.6197974999668,358.4073519000085,358.4073519000085,,,,,1,2026-08-11_11h05.51.853,TSRlearn_main-blocks,,2025.1.1,59.95897607727807,2026-08-11 11h05.59.572092 +0200,
stimuli/guitar/guitar_01.jpg,stimuli/flower/flower_48.jpg,stimuli/hand/hand_30.jpg,stimuli/lamp/lamp_01.jpg,right,center,left,right,1,1,0,,,,,,,,,,,,,,,,,,sequences/learning_block1_fixed-middle-10_0{participant_ID}.xlsx,sequences/retrieval_block1_fixed-middle-10_0{participant_ID}.xlsx,6,1.0,A,2,2,guitar,flower,hand,lamp,0.69,0.31,3,fish,1,stimuli/fish/fish_01.jpg,guitar,1,stimuli/guitar/guitar_01.jpg,lamp,1,stimuli/lamp/lamp_01.jpg,key,1,stimuli/key/key_01.jpg,13,6,8,14,b,3.699783500051126,None,,,,,,,,,,,,,,,,,,,,,,,,,,,,,0,0,0,0,1,0,1,0,0,1,1,1,,,,,358.4073519000085,,,,,,,,,,,,,,,,,,,,,,,,,,,,,,,,,,,,,,,,,,,,,,,,,,,,,,,,,,,,,,,,,,,,,,,,,,,,,,,,,,,,,,,,,,,,,,,,,,,,,,,,,,,,,,,,,,,,,,,,,,,,,,,,,,,,,,,,,,,,,,,,,,,,,,,,,,,,,,,,,,,,,,,,,,,,,,,,,,,,,,,,,,,,,,,,,,,,,,,,,,,,,,,,,,,,,,,,,,,,,358.3350186999887,358.4073519000085,358.4073519000085,358.4073519000085,358.4073519000085,358.4073519000085,358.4073519000085,358.4073519000085,0.22825429996009916,362.170758399996,b,3.699783500051126,None,362.3350173999788,362.3932136000367,362.3932136000367,362.3932136000367,362.3932136000367,362.3932136000367,362.3932136000367,363.3700709999539,363.3768906999612,363.3769301000284,,,,,,,,,,,,,,,,,,,,,,,,,,,,,,,,,,,,,,,,,,,,,,,,,,,,,,,,,,,,,,,,,,,,,,,,,,,,,,,,,,,,,,,,,,1,2026-08-11_11h05.51.853,TSRlearn_main-blocks,,2025.1.1,59.95897607727807,2026-08-11 11h05.59.572092 +0200,
stimuli/flower/flower_48.jpg,stimuli/bicycle/bicycle_18.jpg,stimuli/bread/bread_40.jpg,stimuli/key/key_01.jpg,left,center,right,left,2,2,0,,,,,,,,,,,,,,,,,,sequences/learning_block1_fixed-middle-10_0{participant_ID}.xlsx,sequences/retrieval_block1_fixed-middle-10_0{participant_ID}.xlsx,6,1.0,A,2,3,flower,bicycle,bread,key,0.8,0.31,4,fish,1,stimuli/fish/fish_01.jpg,guitar,1,stimuli/guitar/guitar_01.jpg,lamp,1,stimuli/lamp/lamp_01.jpg,key,1,stimuli/key/key_01.jpg,6,2,3,15,g,0.37055750004947186,None,,,,,,,,,,,,,,,,,,,,,,,,,,,,,0,0,0,0,1,0,1,0,0,2,2,2,,,,,363.58212529995944,,,,,,,,,,,,,,,,,,,,,,,,,,,,,,,,,,,,,,,,,,,,,,,,,,,,,,,,,,,,,,,,,,,,,,,,,,,,,,,,,,,,,,,,,,,,,,,,,,,,,,,,,,,,,,,,,,,,,,,,,,,,,,,,,,,,,,,,,,,,,,,,,,,,,,,,,,,,,,,,,,,,,,,,,,,,,,,,,,,,,,,,,,,,,,,,,,,,,,,,,,,,,,,,,,,,,,,,,,,,,363.5279794000089,363.58212529995944,363.58212529995944,363.58212529995944,363.58212529995944,363.58212529995944,363.58212529995944,363.58212529995944,0.1510725999251008,364.0368356000399,g,0.37055750004947186,None,364.1818105999846,364.2252568999538,364.2252568999538,364.2252568999538,364.2252568999538,364.2252568999538,364.2252568999538,365.2033770000562,365.2113077000249,365.21134819998406,,,,,,,,,,,,,,,,,,,,,,,,,,,,,,,,,,,,,,,,,,,,,,,,,,,,,,,,,,,,,,,,,,,,,,,,,,,,,,,,,,,,,,,,,,1,2026-08-11_11h05.51.853,TSRlearn_main-blocks,,2025.1.1,59.95897607727807,2026-08-11 11h05.59.572092 +0200,
stimuli/bicycle/bicycle_18.jpg,stimuli/bread/bread_40.jpg,stimuli/jacket/jacket_12.jpg,stimuli/guitar/guitar_01.jpg,right,left,center,right,3,3,0,,,,,,,,,,,,,,,,,,sequences/learning_block1_fixed-middle-10_0{participant_ID}.xlsx,sequences/retrieval_block1_fixed-middle-10_0{participant_ID}.xlsx,6,1.0,A,2,4,bicycle,bread,jacket,guitar,0.64,0.2,5,fish,1,stimuli/fish/fish_01.jpg,guitar,1,stimuli/guitar/guitar_01.jpg,lamp,1,stimuli/lamp/lamp_01.jpg,key,1,stimuli/key/key_01.jpg,2,3,10,13,b,0.17483479995280504,None,,,,,,,,,,,,,,,,,,,,,,,,,,,,,0,0,0,0,1,0,1,0,0,3,3,3,,,,,365.33483910001814,,,,,,,,,,,,,,,,,,,,,,,,,,,,,,,,,,,,,,,,,,,,,,,,,,,,,,,,,,,,,,,,,,,,,,,,,,,,,,,,,,,,,,,,,,,,,,,,,,,,,,,,,,,,,,,,,,,,,,,,,,,,,,,,,,,,,,,,,,,,,,,,,,,,,,,,,,,,,,,,,,,,,,,,,,,,,,,,,,,,,,,,,,,,,,,,,,,,,,,,,,,,,,,,,,,,,,,,,,,,,365.2984367000172,365.33483910001814,365.33483910001814,365.33483910001814,365.33483910001814,365.33483910001814,365.33483910001814,365.33483910001814,0.08711419999599457,365.60256180004217,b,0.17483479995280504,None,365.6876283000456,365.73399169999175,365.73399169999175,365.73399169999175,365.73399169999175,365.73399169999175,365.73399169999175,366.71950100001413,366.7272098000394,366.72725060000084,,,,,,,,,,,,,,,,,,,,,,,,,,,,,,,,,,,,,,,,,,,,,,,,,,,,,,,,,,,,,,,,,,,,,,,,,,,,,,,,,,,,,,,,,,1,2026-08-11_11h05.51.853,TSRlearn_main-blocks,,2025.1.1,59.95897607727807,2026-08-11 11h05.59.572092 +0200,
stimuli/bread/bread_40.jpg,stimuli/hand/hand_30.jpg,stimuli/fish/fish_01.jpg,stimuli/flower/flower_48.jpg,center,left,right,center,4,4,0,,,,,,,,,,,,,,,,,,sequences/learning_block1_fixed-middle-10_0{participant_ID}.xlsx,sequences/retrieval_block1_fixed-middle-10_0{participant_ID}.xlsx,6,1.0,A,2,5,bread,hand,fish,flower,0.33,0.2,6,fish,1,stimuli/fish/fish_01.jpg,guitar,1,stimuli/guitar/guitar_01.jpg,lamp,1,stimuli/lamp/lamp_01.jpg,key,1,stimuli/key/key_01.jpg,3,8,12,6,g,0.20975879998877645,None,,,,,,,,,,,,,,,,,,,,,,,,,,,,,0,0,0,0,1,0,1,0,0,4,4,4,,,,,366.88495279999916,,,,,,,,,,,,,,,,,,,,,,,,,,,,,,,,,,,,,,,,,,,,,,,,,,,,,,,,,,,,,,,,,,,,,,,,,,,,,,,,,,,,,,,,,,,,,,,,,,,,,,,,,,,,,,,,,,,,,,,,,,,,,,,,,,,,,,,,,,,,,,,,,,,,,,,,,,,,,,,,,,,,,,,,,,,,,,,,,,,,,,,,,,,,,,,,,,,,,,,,,,,,,,,,,,,,,,,,,,,,,366.84747939999215,366.88495279999916,366.88495279999916,366.88495279999916,366.88495279999916,366.88495279999916,366.88495279999916,366.88495279999916,0.12026410002727062,367.18648180004675,g,0.20975879998877645,None,367.29598249995615,367.33413540001493,367.33413540001493,367.33413540001493,367.33413540001493,367.33413540001493,367.33413540001493,368.3206809000112,368.33045600005426,368.33052970003337,,,,,,,,,,,,,,,,,,,,,,,,,,,,,,,,,,,,,,,,,,,,,,,,,,,,,,,,,,,,,,,,,,,,,,,,,,,,,,,,,,,,,,,,,,1,2026-08-11_11h05.51.853,TSRlearn_main-blocks,,2025.1.1,59.95897607727807,2026-08-11 11h05.59.572092 +0200,
stimuli/hand/hand_30.jpg,stimuli/chair/chair_15.jpg,stimuli/house/house_10.jpg,stimuli/fish/fish_01.jpg,left,center,right,left,5,5,0,,,,,,,,,,,,,,,,,,sequences/learning_block1_fixed-middle-10_0{participant_ID}.xlsx,sequences/retrieval_block1_fixed-middle-10_0{participant_ID}.xlsx,6,1.0,A,2,6,hand,chair,house,fish,0.8,0.4,7,fish,1,stimuli/fish/fish_01.jpg,guitar,1,stimuli/guitar/guitar_01.jpg,lamp,1,stimuli/lamp/lamp_01.jpg,key,1,stimuli/key/key_01.jpg,8,4,9,12,b,0.23961080005392432,None,,,,,,,,,,,,,,,,,,,,,,,,,,,,,0,0,0,0,1,0,1,0,0,5,5,5,,,,,368.4665901999688,,,,,,,,,,,,,,,,,,,,,,,,,,,,,,,,,,,,,,,,,,,,,,,,,,,,,,,,,,,,,,,,,,,,,,,,,,,,,,,,,,,,,,,,,,,,,,,,,,,,,,,,,,,,,,,,,,,,,,,,,,,,,,,,,,,,,,,,,,,,,,,,,,,,,,,,,,,,,,,,,,,,,,,,,,,,,,,,,,,,,,,,,,,,,,,,,,,,,,,,,,,,,,,,,,,,,,,,,,,,,368.4068189000245,368.4665901999688,368.4665901999688,368.4665901999688,368.4665901999688,368.4665901999688,368.4665901999688,368.4665901999688,0.07630990003235638,368.78505029994994,b,0.23961080005392432,None,368.8517451999942,368.88205300003756,368.88205300003756,368.88205300003756,368.88205300003756,368.88205300003756,368.88205300003756,369.86905750003643,369.8770894999616,369.877136599971,,,,,,,,,,,,,,,,,,,,,,,,,,,,,,,,,,,,,,,,,,,,,,,,,,,,,,,,,,,,,,,,,,,,,,,,,,,,,,,,,,,,,,,,,,1,2026-08-11_11h05.51.853,TSRlearn_main-blocks,,2025.1.1,59.95897607727807,2026-08-11 11h05.59.572092 +0200,
stimuli/chair/chair_15.jpg,stimuli/house/house_10.jpg,stimuli/hammer/hammer_05.jpg,stimuli/lamp/lamp_01.jpg,right,left,center,right,6,6,0,,,,,,,,,,,,,,,,,,sequences/learning_block1_fixed-middle-10_0{participant_ID}.xlsx,sequences/retrieval_block1_fixed-middle-10_0{participant_ID}.xlsx,6,1.0,A,2,7,chair,house,hammer,lamp,0.75,0.58,8,fish,1,stimuli/fish/fish_01.jpg,guitar,1,stimuli/guitar/guitar_01.jpg,lamp,1,stimuli/lamp/lamp_01.jpg,key,1,stimuli/key/key_01.jpg,4,9,7,14,g,0.11070109996944666,None,,,,,,,,,,,,,,,,,,,,,,,,,,,,,0,0,0,0,1,0,1,0,0,6,6,6,,,,,370.0467389000114,,,,,,,,,,,,,,,,,,,,,,,,,,,,,,,,,,,,,,,,,,,,,,,,,,,,,,,,,,,,,,,,,,,,,,,,,,,,,,,,,,,,,,,,,,,,,,,,,,,,,,,,,,,,,,,,,,,,,,,,,,,,,,,,,,,,,,,,,,,,,,,,,,,,,,,,,,,,,,,,,,,,,,,,,,,,,,,,,,,,,,,,,,,,,,,,,,,,,,,,,,,,,,,,,,,,,,,,,,,,,369.97996689996216,370.0467389000114,370.0467389000114,370.0467389000114,370.0467389000114,370.0467389000114,370.0467389000114,370.0467389000114,0.10285400005523115,370.2186005000258,g,0.11070109996944666,None,370.34037610003725,370.37366589996964,370.37366589996964,370.37366589996964,370.37366589996964,370.37366589996964,370.37366589996964,371.35152789996937,371.3603297000518,371.36037040001247,,,,,,,,,,,,,,,,,,,,,,,,,,,,,,,,,,,,,,,,,,,,,,,,,,,,,,,,,,,,,,,,,,,,,,,,,,,,,,,,,,,,,,,,,,1,2026-08-11_11h05.51.853,TSRlearn_main-blocks,,2025.1.1,59.95897607727807,2026-08-11 11h05.59.572092 +0200,
stimuli/house/house_10.jpg,stimuli/jacket/jacket_12.jpg,stimuli/dog/dog_31.jpg,stimuli/key/key_01.jpg,center,right,left,center,7,7,0,,,,,,,,,,,,,,,,,,sequences/learning_block1_fixed-middle-10_0{participant_ID}.xlsx,sequences/retrieval_block1_fixed-middle-10_0{participant_ID}.xlsx,6,1.0,A,2,8,house,jacket,dog,key,0.69,0.58,9,fish,1,stimuli/fish/fish_01.jpg,guitar,1,stimuli/guitar/guitar_01.jpg,lamp,1,stimuli/lamp/lamp_01.jpg,key,1,stimuli/key/key_01.jpg,9,10,5,15,b,0.30982900003436953,None,,,,,,,,,,,,,,,,,,,,,,,,,,,,,0,0,0,0,1,0,1,0,0,7,7,7,,,,,371.5527064000489,,,,,,,,,,,,,,,,,,,,,,,,,,,,,,,,,,,,,,,,,,,,,,,,,,,,,,,,,,,,,,,,,,,,,,,,,,,,,,,,,,,,,,,,,,,,,,,,,,,,,,,,,,,,,,,,,,,,,,,,,,,,,,,,,,,,,,,,,,,,,,,,,,,,,,,,,,,,,,,,,,,,,,,,,,,,,,,,,,,,,,,,,,,,,,,,,,,,,,,,,,,,,,,,,,,,,,,,,,,,,371.50955309998244,371.5527064000489,371.5527064000489,371.5527064000489,371.5527064000489,371.5527064000489,371.5527064000489,371.5527064000489,0.14920799992978573,371.95092079997994,b,0.30982900003436953,None,372.09456310002133,372.13549819996115,372.13549819996115,372.13549819996115,372.13549819996115,372.13549819996115,372.13549819996115,373.1176753999898,373.125258199987,373.12529610004276,,,,,,,,,,,,,,,,,,,,,,,,,,,,,,,,,,,,,,,,,,,,,,,,,,,,,,,,,,,,,,,,,,,,,,,,,,,,,,,,,,,,,,,,,,1,2026-08-11_11h05.51.853,TSRlearn_main-blocks,,2025.1.1,59.95897607727807,2026-08-11 11h05.59.572092 +0200,
stimuli/jacket/jacket_12.jpg,stimuli/hammer/hammer_05.jpg,stimuli/bread/bread_40.jpg,stimuli/chair/chair_15.jpg,right,left,center,right,8,8,0,,,,,,,,,,,,,,,,,,sequences/learning_block1_fixed-middle-10_0{participant_ID}.xlsx,sequences/retrieval_block1_fixed-middle-10_0{participant_ID}.xlsx,6,1.0,A,2,9,jacket,hammer,bread,chair,0.33,0.2,10,fish,1,stimuli/fish/fish_01.jpg,guitar,1,stimuli/guitar/guitar_01.jpg,lamp,1,stimuli/lamp/lamp_01.jpg,key,1,stimuli/key/key_01.jpg,10,7,3,4,b,0.2212588000111282,None,,,,,,,,,,,,,,,,,,,,,,,,,,,,,0,0,0,0,1,0,1,0,0,8,8,8,,,,,373.28225920000114,,,,,,,,,,,,,,,,,,,,,,,,,,,,,,,,,,,,,,,,,,,,,,,,,,,,,,,,,,,,,,,,,,,,,,,,,,,,,,,,,,,,,,,,,,,,,,,,,,,,,,,,,,,,,,,,,,,,,,,,,,,,,,,,,,,,,,,,,,,,,,,,,,,,,,,,,,,,,,,,,,,,,,,,,,,,,,,,,,,,,,,,,,,,,,,,,,,,,,,,,,,,,,,,,,,,,,,,,,,,,373.2185676000081,373.28225920000114,373.28225920000114,373.28225920000114,373.28225920000114,373.28225920000114,373.28225920000114,373.28225920000114,0.09330419998150319,373.58400240004994,b,0.2212588000111282,None,373.6769658999983,373.72983369999565,373.72983369999565,373.72983369999565,373.72983369999565,373.72983369999565,373.72983369999565,374.71657529997174,374.7235259000445,374.7235651999945,,,,,,,,,,,,,,,,,,,,,,,,,,,,,,,,,,,,,,,,,,,,,,,,,,,,,,,,,,,,,,,,,,,,,,,,,,,,,,,,,,,,,,,,,,1,2026-08-11_11h05.51.853,TSRlearn_main-blocks,,2025.1.1,59.95897607727807,2026-08-11 11h05.59.572092 +0200,
stimuli/hammer/hammer_05.jpg,stimuli/ball/ball_39.jpg,stimuli/key/key_01.jpg,stimuli/bicycle/bicycle_18.jpg,left,center,right,left,9,9,0,,,,,,,,,,,,,,,,,,sequences/learning_block1_fixed-middle-10_0{participant_ID}.xlsx,sequences/retrieval_block1_fixed-middle-10_0{participant_ID}.xlsx,6,1.0,A,2,10,hammer,ball,key,bicycle,0.69,0.47,11,fish,1,stimuli/fish/fish_01.jpg,guitar,1,stimuli/guitar/guitar_01.jpg,lamp,1,stimuli/lamp/lamp_01.jpg,key,1,stimuli/key/key_01.jpg,7,1,15,2,g,0.22162540000863373,None,,,,,,,,,,,,,,,,,,,,,,,,,,,,,0,0,0,0,1,0,1,0,0,9,9,9,,,,,374.89420700003393,,,,,,,,,,,,,,,,,,,,,,,,,,,,,,,,,,,,,,,,,,,,,,,,,,,,,,,,,,,,,,,,,,,,,,,,,,,,,,,,,,,,,,,,,,,,,,,,,,,,,,,,,,,,,,,,,,,,,,,,,,,,,,,,,,,,,,,,,,,,,,,,,,,,,,,,,,,,,,,,,,,,,,,,,,,,,,,,,,,,,,,,,,,,,,,,,,,,,,,,,,,,,,,,,,,,,,,,,,,,,374.8457223000005,374.89420700003393,374.89420700003393,374.89420700003393,374.89420700003393,374.89420700003393,374.89420700003393,374.89420700003393,0.12218730000313371,375.1997754999902,g,0.22162540000863373,None,375.31653519999236,375.37212900002487,375.37212900002487,375.37212900002487,375.37212900002487,375.37212900002487,375.37212900002487,376.34962170000654,376.35750140005257,376.3575416000094,,,,,,,,,,,,,,,,,,,,,,,,,,,,,,,,,,,,,,,,,,,,,,,,,,,,,,,,,,,,,,,,,,,,,,,,,,,,,,,,,,,,,,,,,,1,2026-08-11_11h05.51.853,TSRlearn_main-blocks,,2025.1.1,59.95897607727807,2026-08-11 11h05.59.572092 +0200,
stimuli/ball/ball_39.jpg,stimuli/dog/dog_31.jpg,stimuli/flower/flower_48.jpg,stimuli/house/house_10.jpg,left,center,right,left,10,10,0,,,,,,,,,,,,,,,,,,sequences/learning_block1_fixed-middle-10_0{participant_ID}.xlsx,sequences/retrieval_block1_fixed-middle-10_0{participant_ID}.xlsx,6,1.0,A,2,11,ball,dog,flower,house,0.6,0.27,12,fish,1,stimuli/fish/fish_01.jpg,guitar,1,stimuli/guitar/guitar_01.jpg,lamp,1,stimuli/lamp/lamp_01.jpg,key,1,stimuli/key/key_01.jpg,1,5,6,9,b,0.31344330008141696,None,,,,,,,,,,,,,,,,,,,,,,,,,,,,,0,0,0,0,1,0,1,0,0,10,10,10,,,,,376.51629449997563,,,,,,,,,,,,,,,,,,,,,,,,,,,,,,,,,,,,,,,,,,,,,,,,,,,,,,,,,,,,,,,,,,,,,,,,,,,,,,,,,,,,,,,,,,,,,,,,,,,,,,,,,,,,,,,,,,,,,,,,,,,,,,,,,,,,,,,,,,,,,,,,,,,,,,,,,,,,,,,,,,,,,,,,,,,,,,,,,,,,,,,,,,,,,,,,,,,,,,,,,,,,,,,,,,,,,,,,,,,,,376.47858300001826,376.51629449997563,376.51629449997563,376.51629449997563,376.51629449997563,376.51629449997563,376.51629449997563,376.51629449997563,0.12107079999987036,376.9334193000104,b,0.31344330008141696,None,377.04625260003377,377.0801106999861,377.0801106999861,377.0801106999861,377.0801106999861,377.0801106999861,377.0801106999861,378.0665795999812,378.07509539998136,378.0751410999801,,,,,,,,,,,,,,,,,,,,,,,,,,,,,,,,,,,,,,,,,,,,,,,,,,,,,,,,,,,,,,,,,,,,,,,,,,,,,,,,,,,,,,,,,,1,2026-08-11_11h05.51.853,TSRlearn_main-blocks,,2025.1.1,59.95897607727807,2026-08-11 11h05.59.572092 +0200,
stimuli/dog/dog_31.jpg,stimuli/lamp/lamp_01.jpg,stimuli/bread/bread_40.jpg,stimuli/chair/chair_15.jpg,center,right,left,center,11,11,0,,,,,,,,,,,,,,,,,,sequences/learning_block1_fixed-middle-10_0{participant_ID}.xlsx,sequences/retrieval_block1_fixed-middle-10_0{participant_ID}.xlsx,6,1.0,A,2,12,dog,lamp,bread,chair,0.53,0.4,13,fish,1,stimuli/fish/fish_01.jpg,guitar,1,stimuli/guitar/guitar_01.jpg,lamp,1,stimuli/lamp/lamp_01.jpg,key,1,stimuli/key/key_01.jpg,5,14,3,4,g,0.22888529999181628,None,,,,,,,,,,,,,,,,,,,,,,,,,,,,,0,0,0,0,1,0,1,0,0,11,11,11,,,,,378.26051759999245,,,,,,,,,,,,,,,,,,,,,,,,,,,,,,,,,,,,,,,,,,,,,,,,,,,,,,,,,,,,,,,,,,,,,,,,,,,,,,,,,,,,,,,,,,,,,,,,,,,,,,,,,,,,,,,,,,,,,,,,,,,,,,,,,,,,,,,,,,,,,,,,,,,,,,,,,,,,,,,,,,,,,,,,,,,,,,,,,,,,,,,,,,,,,,,,,,,,,,,,,,,,,,,,,,,,,,,,,,,,,378.19753789994866,378.26051759999245,378.26051759999245,378.26051759999245,378.26051759999245,378.26051759999245,378.26051759999245,378.26051759999245,0.12242360005620867,378.5658999000443,g,0.22888529999181628,None,378.67890189995524,378.72048100002576,378.72048100002576,378.72048100002576,378.72048100002576,378.72048100002576,378.72048100002576,379.6987678000005,379.70663010003045,379.7066760000307,,,,,,,,,,,,,,,,,,,,,,,,,,,,,,,,,,,,,,,,,,,,,,,,,,,,,,,,,,,,,,,,,,,,,,,,,,,,,,,,,,,,,,,,,,1,2026-08-11_11h05.51.853,TSRlearn_main-blocks,,2025.1.1,59.95897607727807,2026-08-11 11h05.59.572092 +0200,
stimuli/lamp/lamp_01.jpg,stimuli/key/key_01.jpg,stimuli/bicycle/bicycle_18.jpg,stimuli/hammer/hammer_05.jpg,left,center,right,left,12,12,0,,,,,,,,,,,,,,,,,,sequences/learning_block1_fixed-middle-10_0{participant_ID}.xlsx,sequences/retrieval_block1_fixed-middle-10_0{participant_ID}.xlsx,6,1.0,A,2,13,lamp,key,bicycle,hammer,0.67,0.27,14,fish,1,stimuli/fish/fish_01.jpg,guitar,1,stimuli/guitar/guitar_01.jpg,lamp,1,stimuli/lamp/lamp_01.jpg,key,1,stimuli/key/key_01.jpg,14,15,2,7,b,0.3098334000678733,None,,,,,,,,,,,,,,,,,,,,,,,,,,,,,0,0,0,0,1,0,1,0,0,12,12,12,,,,,379.8947671999922,,,,,,,,,,,,,,,,,,,,,,,,,,,,,,,,,,,,,,,,,,,,,,,,,,,,,,,,,,,,,,,,,,,,,,,,,,,,,,,,,,,,,,,,,,,,,,,,,,,,,,,,,,,,,,,,,,,,,,,,,,,,,,,,,,,,,,,,,,,,,,,,,,,,,,,,,,,,,,,,,,,,,,,,,,,,,,,,,,,,,,,,,,,,,,,,,,,,,,,,,,,,,,,,,,,,,,,,,,,,,379.8368691999931,379.8947671999922,379.8947671999922,379.8947671999922,379.8947671999922,379.8947671999922,379.8947671999922,379.8947671999922,0.13022739998996258,380.2825116000604,b,0.3098334000678733,None,380.4120509000495,380.47783989994787,380.47783989994787,380.47783989994787,380.47783989994787,380.47783989994787,380.47783989994787,381.46511820005253,381.47267839999404,381.47272029996384,,,,,,,,,,,,,,,,,,,,,,,,,,,,,,,,,,,,,,,,,,,,,,,,,,,,,,,,,,,,,,,,,,,,,,,,,,,,,,,,,,,,,,,,,,1,2026-08-11_11h05.51.853,TSRlearn_main-blocks,,2025.1.1,59.95897607727807,2026-08-11 11h05.59.572092 +0200,
,,,,,,,,0,0,0,,,,1,stimuli/house/house_10.jpg,stimuli/bread/bread_40.jpg,None,yes,no,right,right,3,1.2,0.2,,0.39,2.02,sequences/learning_block1_fixed-middle-10_0{participant_ID}.xlsx,sequences/retrieval_block1_fixed-middle-10_0{participant_ID}.xlsx,6,block1,A,2,,,,,,,,,,,,,,,,,,,,,,,,,,,,0,0,0,2,A,9,3,None,b,0.6305772000923753,None,5,0.3048045999603346,None,,,,,,,,,,,,,,,0,0,0,0,1,0,1,0,,,,,0,0,0,0,387.6925601999974,,,,,,,,,,,,,,,,,,,,,,,,,,,,,,,,,,,,,,,,,,,,,,,,,,,,,,,,,,,,,,,,,,,,,,,,,,,,,,,,,,,,,,,,,,,,,,,,,,,,,,,,,,,,,,,,,,,,,,,,,,,,,,,,,,,,,,,,,,,,,,,,,,,,,,,,,,,,,,,,,,,,,,,,,,,,,,,,,,,,,,,,,,,,,,,,,,,,,,,,,,,,,,,,,,,,,,,,,,,,,,,,,,,,,,,,,,,,,,,,,,,,381.47792279999703,381.4953974999953,386.51097089995164,386.4955209000036,386.495615700027,386.51097089995164,386.51097089995164,,,387.4958333000541,None,387.4959625999909,387.4960267000133,387.68649910006206,387.6925601999974,388.1124842000427,388.0786591999931,388.0920470999554,388.1124842000427,389.1262755000498,389.11189179995563,389.11192749999464,389.1262755000498,389.36126609996427,389.38249340001494,389.39556029997766,390.40864619996864,390.39444179995917,390.39447569998447,390.40864619996864,390.6586109000491,390.64454590005334,390.6445709000109,390.6586109000491,392.7077189000556,392.6772535999771,392.68948399997316,392.7077189000556,392.7077189000556,392.7077189000556,392.7077189000556,392.7077189000556,393.4601711999858,b,0.6305772000923753,None,393.4624249000335,393.46245460002683,393.46437900001183,393.4907420000527,393.4907420000527,393.4907420000527,393.4907420000527,393.4907420000527,393.9741614999948,394.40976770001,5,0.3048045999603346,None,394.41190589999314,394.4119318999583,389.39556029997766,,,,,,,,,,,,,,,,,,,,,,,,,,,,1,2026-08-11_11h05.51.853,TSRlearn_main-blocks,,2025.1.1,59.95897607727807,2026-08-11 11h05.59.572092 +0200,
,,,,,,,,1,1,0,,,,1,stimuli/hammer/hammer_05.jpg,stimuli/hand/hand_30.jpg,None,no,yes,left,left,4,1.2,0.2,,0.71,2,sequences/learning_block1_fixed-middle-10_0{participant_ID}.xlsx,sequences/retrieval_block1_fixed-middle-10_0{participant_ID}.xlsx,6,block1,A,2,,,,,,,,,,,,,,,,,,,,,,,,,,,,0,1,0,2,A,7,8,None,b,0.49403980001807213,None,5,1.0933041999815032,None,,,,,,,,,,,,,,,0,0,0,0,1,0,1,0,,,,,0,1,1,1,394.42442439997103,,,,,,,,,,,,,,,,,,,,,,,,,,,,,,,,,,,,,,,,,,,,,,,,,,,,,,,,,,,,,,,,,,,,,,,,,,,,,,,,,,,,,,,,,,,,,,,,,,,,,,,,,,,,,,,,,,,,,,,,,,,,,,,,,,,,,,,,,,,,,,,,,,,,,,,,,,,,,,,,,,,,,,,,,,,,,,,,,,,,,,,,,,,,,,,,,,,,,,,,,,,,,,,,,,,,,,,,,,,,,,,,,,,,,,,,,,,,,,,,,,,,,,,,,,,,,,,,,394.4122552999761,394.42442439997103,395.16014040005393,395.1260554000037,395.13808179995976,395.16014040005393,396.1738485000096,396.1593926999485,396.1594270999776,396.1738485000096,396.408724399982,396.43418950005434,396.44292249996215,397.4564649000531,397.44200739997905,397.4420412000036,397.4564649000531,397.7063442999497,397.6919438999612,397.69197200005874,397.7063442999497,399.73903090006206,399.6922120000236,399.7065223000245,399.73903090006206,399.73903090006206,399.73903090006206,399.73903090006206,399.73903090006206,400.34143010003027,b,0.49403980001807213,None,400.34366809995845,400.34370229998603,400.3456256999634,400.3721495999489,400.3721495999489,400.3721495999489,400.3721495999489,400.3721495999489,400.8719757000217,400.95796509995125,5,1.0933041999815032,None,400.96037670003716,400.9604089000495,396.44292249996215,,,,,,,,,,,,,,,,,,,,,,,,,,,,1,2026-08-11_11h05.51.853,TSRlearn_main-blocks,,2025.1.1,59.95897607727807,2026-08-11 11h05.59.572092 +0200,
,,,,,,,,2,2,0,,,,1,stimuli/jacket/jacket_12.jpg,stimuli/ball/ball_39.jpg,None,yes,no,left,left,2,1.2,0.2,,0.66,1.89,sequences/learning_block1_fixed-middle-10_0{participant_ID}.xlsx,sequences/retrieval_block1_fixed-middle-10_0{participant_ID}.xlsx,6,block1,A,2,,,,,,,,,,,,,,,,,,,,,,,,,,,,0,2,1,2,A,10,1,None,b,0.552071199985221,None,5,1.0648554000072181,None,,,,,,,,,,,,,,,0,0,0,0,1,0,1,0,,,,,0,2,2,2,400.9722492999863,,,,,,,,,,,,,,,,,,,,,,,,,,,,,,,,,,,,,,,,,,,,,,,,,,,,,,,,,,,,,,,,,,,,,,,,,,,,,,,,,,,,,,,,,,,,,,,,,,,,,,,,,,,,,,,,,,,,,,,,,,,,,,,,,,,,,,,,,,,,,,,,,,,,,,,,,,,,,,,,,,,,,,,,,,,,,,,,,,,,,,,,,,,,,,,,,,,,,,,,,,,,,,,,,,,,,,,,,,,,,,,,,,,,,,,,,,,,,,,,,,,,,,,,,,,,,,,,,400.96075420000125,400.9722492999863,401.67455690004863,401.62450569996145,401.65391049999744,401.67455690004863,402.68819200003054,402.67377420002595,402.67380840005353,402.68819200003054,402.92350310005713,402.94477339996956,402.9576871000463,403.9716136000352,403.95749679999426,403.9575324000325,403.9716136000352,404.2210081999656,404.2062942000339,404.2063173999777,404.2210081999656,406.13675169995986,406.1061621999834,406.1186226999853,406.13675169995986,406.13675169995986,406.13675169995986,406.13675169995986,406.13675169995986,406.80645110004116,b,0.552071199985221,None,406.8088326000143,406.8088649000274,406.81105020001996,406.8369201000314,406.8369201000314,406.8369201000314,406.8369201000314,406.8369201000314,407.32057129999157,407.32298860000446,5,1.0648554000072181,None,407.3252145999577,407.32524290005676,402.9576871000463,,,,,,,,,,,,,,,,,,,,,,,,,,,,1,2026-08-11_11h05.51.853,TSRlearn_main-blocks,,2025.1.1,59.95897607727807,2026-08-11 11h05.59.572092 +0200,
,,,,,,,,3,3,0,,,,1,stimuli/chair/chair_15.jpg,stimuli/dog/dog_31.jpg,None,no,yes,right,right,5,1.2,0.2,,0.42,2.12,sequences/learning_block1_fixed-middle-10_0{participant_ID}.xlsx,sequences/retrieval_block1_fixed-middle-10_0{participant_ID}.xlsx,6,block1,A,2,,,,,,,,,,,,,,,,,,,,,,,,,,,,0,3,1,2,A,4,5,None,b,0.41674789995886385,None,5,0.9767092999536544,None,,,,,,,,,,,,,,,0,0,0,0,1,0,1,0,,,,,0,3,3,3,407.33690170000773,,,,,,,,,,,,,,,,,,,,,,,,,,,,,,,,,,,,,,,,,,,,,,,,,,,,,,,,,,,,,,,,,,,,,,,,,,,,,,,,,,,,,,,,,,,,,,,,,,,,,,,,,,,,,,,,,,,,,,,,,,,,,,,,,,,,,,,,,,,,,,,,,,,,,,,,,,,,,,,,,,,,,,,,,,,,,,,,,,,,,,,,,,,,,,,,,,,,,,,,,,,,,,,,,,,,,,,,,,,,,,,,,,,,,,,,,,,,,,,,,,,,,,,,,,,,,,,,,407.32558369997423,407.33690170000773,407.78945459995884,407.7552106999792,407.7673473999603,407.78945459995884,408.80301270005293,408.7886566000525,408.7886927999789,408.80301270005293,409.03901319997385,409.0681867999956,409.0892096000025,410.1028536000522,410.0882347000297,410.08827309997287,410.1028536000522,410.3525841999799,410.33807519997936,410.3381010000594,410.3525841999799,412.5012600000482,412.4707393000135,412.4839494000189,412.5012600000482,412.5012600000482,412.5012600000482,412.5012600000482,412.5012600000482,413.03765850001946,b,0.41674789995886385,None,413.03989290003665,413.0399182999972,413.04176549997646,413.0680564000504,413.0680564000504,413.0680564000504,413.0680564000504,413.0680564000504,413.55146490002517,413.60352120001335,5,0.9767092999536544,None,413.6057199999923,413.60574729996733,,,,,,,,,,,,,,,,,,,,,,,,,,,,,1,2026-08-11_11h05.51.853,TSRlearn_main-blocks,,2025.1.1,59.95897607727807,2026-08-11 11h05.59.572092 +0200,
,,,,,,,,4,4,0,,,,1,stimuli/ball/ball_39.jpg,stimuli/house/house_10.jpg,None,yes,no,right,right,3,1.2,0.2,,0.41,1.98,sequences/learning_block1_fixed-middle-10_0{participant_ID}.xlsx,sequences/retrieval_block1_fixed-middle-10_0{participant_ID}.xlsx,6,block1,A,2,,,,,,,,,,,,,,,,,,,,,,,,,,,,1,4,0,2,A,1,9,None,b,0.48105459997896105,None,5,1.0046008999925107,None,,,,,,,,,,,,,,,0,0,0,0,1,0,1,0,,,,,0,4,4,4,413.6181641999865,,,,,,,,,,,,,,,,,,,,,,,,,,,,,,,,,,,,,,,,,,,,,,,,,,,,,,,,,,,,,,,,,,,,,,,,,,,,,,,,,,,,,,,,,,,,,,,,,,,,,,,,,,,,,,,,,,,,,,,,,,,,,,,,,,,,,,,,,,,,,,,,,,,,,,,,,,,,,,,,,,,,,,,,,,,,,,,,,,,,,,,,,,,,,,,,,,,,,,,,,,,,,,,,,,,,,,,,,,,,,,,,,,,,,,,,,,,,,,,,,,,,,,,,,,,,,,,,,413.60607720003463,413.6181641999865,414.05424680002034,414.0205025000032,414.0435229999712,414.05424680002034,415.0677814000519,415.0537559000077,415.05378990003373,415.0677814000519,415.3029529999476,415.315403399989,415.33731920004357,416.3506566999713,416.33610940002836,416.33614230004605,416.3506566999713,416.60054689995013,416.5859425000381,416.5859663999872,416.60054689995013,418.5998594999546,418.5689507999923,418.58189250004943,418.5998594999546,418.5998594999546,418.5998594999546,418.5998594999546,418.5998594999546,419.2020106000127,b,0.48105459997896105,None,419.20418700005393,419.2042173000518,419.20601670001633,419.23311150004156,419.23311150004156,419.23311150004156,419.23311150004156,419.23311150004156,419.7164676999673,419.7350397000555,5,1.0046008999925107,None,419.7375060999766,419.73753619997296,415.33731920004357,,,,,,,,,,,,,,,,,,,,,,,,,,,,1,2026-08-11_11h05.51.853,TSRlearn_main-blocks,,2025.1.1,59.95897607727807,2026-08-11 11h05.59.572092 +0200,
,,,,,,,,5,5,0,,,,1,stimuli/jacket/jacket_12.jpg,stimuli/bicycle/bicycle_18.jpg,None,no,yes,left,left,5,1.2,0.2,,0.46,1.77,sequences/learning_block1_fixed-middle-10_0{participant_ID}.xlsx,sequences/retrieval_block1_fixed-middle-10_0{participant_ID}.xlsx,6,block1,A,2,,,,,,,,,,,,,,,,,,,,,,,,,,,,1,5,0,2,A,10,2,None,b,0.6710791999939829,None,5,1.2370233000256121,None,,,,,,,,,,,,,,,0,0,0,0,1,0,1,0,,,,,0,5,5,5,419.74964080005884,,,,,,,,,,,,,,,,,,,,,,,,,,,,,,,,,,,,,,,,,,,,,,,,,,,,,,,,,,,,,,,,,,,,,,,,,,,,,,,,,,,,,,,,,,,,,,,,,,,,,,,,,,,,,,,,,,,,,,,,,,,,,,,,,,,,,,,,,,,,,,,,,,,,,,,,,,,,,,,,,,,,,,,,,,,,,,,,,,,,,,,,,,,,,,,,,,,,,,,,,,,,,,,,,,,,,,,,,,,,,,,,,,,,,,,,,,,,,,,,,,,,,,,,,,,,,,,,,419.73788939998485,419.74964080005884,420.25249240000267,420.2020141000394,420.228920500027,420.25249240000267,421.26556299999356,421.2507682000287,421.25080140004866,421.26556299999356,421.5017080999678,421.517553600017,421.5353165999986,422.54841120005585,422.5338808000088,422.53391430003103,422.54841120005585,,422.7845184999751,422.78456619998906,422.7986411000602,424.59746149997227,424.5665087000234,424.5792593000224,424.59746149997227,424.59746149997227,424.59746149997227,424.59746149997227,424.59746149997227,425.3996249999618,b,0.6710791999939829,None,425.40172159997746,425.4017471000552,425.4035121999914,425.4306355000008,425.4306355000008,425.4306355000008,425.4306355000008,425.4306355000008,425.9142653000308,425.9658449999988,5,1.2370233000256121,None,425.96796310006175,425.96798790001776,,,,,,,,,,,,,,,,,,,,,,,,,,,,,1,2026-08-11_11h05.51.853,TSRlearn_main-blocks,,2025.1.1,59.95897607727807,2026-08-11 11h05.59.572092 +0200,
,,,,,,,,6,6,0,,,,1,stimuli/dog/dog_31.jpg,stimuli/hammer/hammer_05.jpg,None,yes,no,right,right,2,1.2,0.2,,0.74,2.24,sequences/learning_block1_fixed-middle-10_0{participant_ID}.xlsx,sequences/retrieval_block1_fixed-middle-10_0{participant_ID}.xlsx,6,block1,A,2,,,,,,,,,,,,,,,,,,,,,,,,,,,,1,6,0,2,A,5,7,None,b,0.618360299966298,None,3,0.6279642999870703,None,,,,,,,,,,,,,,,0,0,0,0,1,0,1,0,,,,,0,6,6,6,425.98087019997183,,,,,,,,,,,,,,,,,,,,,,,,,,,,,,,,,,,,,,,,,,,,,,,,,,,,,,,,,,,,,,,,,,,,,,,,,,,,,,,,,,,,,,,,,,,,,,,,,,,,,,,,,,,,,,,,,,,,,,,,,,,,,,,,,,,,,,,,,,,,,,,,,,,,,,,,,,,,,,,,,,,,,,,,,,,,,,,,,,,,,,,,,,,,,,,,,,,,,,,,,,,,,,,,,,,,,,,,,,,,,,,,,,,,,,,,,,,,,,,,,,,,,,,,,,,,,,,,,425.9683374000015,425.98087019997183,426.7666530000279,426.71685810002964,426.74532290000934,426.7666530000279,427.7801169999875,427.76552679995075,427.7655594999669,427.7801169999875,428.0162960999878,428.0300051999511,428.04961530002765,429.06365899997763,429.0495696000289,429.04960390005726,429.06365899997763,429.31326930003706,429.29854960006196,429.2985793000553,429.31326930003706,431.5785697000101,431.5482569000451,431.56090919999406,431.5785697000101,431.5785697000101,431.5785697000101,431.5785697000101,431.5785697000101,432.3153325000312,b,0.618360299966298,None,432.31757890002336,432.31760399998166,432.3194748000242,432.3453243999975,432.3453243999975,432.3453243999975,432.3453243999975,432.3453243999975,432.8287166999653,433.5648942999542,3,0.6279642999870703,None,433.5670743000228,433.56709769996814,,,,,,,,,,,,,,,,,,,,,,,,,,,,,1,2026-08-11_11h05.51.853,TSRlearn_main-blocks,,2025.1.1,59.95897607727807,2026-08-11 11h05.59.572092 +0200,
,,,,,,,,7,7,0,,,,1,stimuli/flower/flower_48.jpg,stimuli/chair/chair_15.jpg,None,yes,no,left,left,4,1.2,0.2,,0.44,1.81,sequences/learning_block1_fixed-middle-10_0{participant_ID}.xlsx,sequences/retrieval_block1_fixed-middle-10_0{participant_ID}.xlsx,6,block1,A,2,,,,,,,,,,,,,,,,,,,,,,,,,,,,1,7,1,2,A,6,4,None,b,0.6262577000306919,None,3,1.220400399994105,None,,,,,,,,,,,,,,,0,0,0,0,1,0,1,0,,,,,0,7,7,7,433.57854270003736,,,,,,,,,,,,,,,,,,,,,,,,,,,,,,,,,,,,,,,,,,,,,,,,,,,,,,,,,,,,,,,,,,,,,,,,,,,,,,,,,,,,,,,,,,,,,,,,,,,,,,,,,,,,,,,,,,,,,,,,,,,,,,,,,,,,,,,,,,,,,,,,,,,,,,,,,,,,,,,,,,,,,,,,,,,,,,,,,,,,,,,,,,,,,,,,,,,,,,,,,,,,,,,,,,,,,,,,,,,,,,,,,,,,,,,,,,,,,,,,,,,,,,,,,,,,,,,,,433.5674270000309,433.57854270003736,434.06838149996474,434.01357029995415,434.0562526000431,434.06838149996474,435.07813489995897,435.0639085000148,435.0639421000378,435.07813489995897,435.31340330000967,435.32562809996307,435.34722100000363,436.36134119995404,436.3466020000633,436.34663599997293,436.36134119995404,436.61074709997047,436.5963579999516,436.5963812000118,436.61074709997047,438.443150499952,438.412938100053,438.42568440001924,438.443150499952,438.443150499952,438.443150499952,438.443150499952,438.443150499952,439.17966000002343,b,0.6262577000306919,None,439.1819800999947,439.1820142000215,439.1840331000276,439.209862699965,439.209862699965,439.209862699965,439.209862699965,439.209862699965,439.7098644999787,439.7958354000002,3,1.220400399994105,None,439.79819310002495,439.798218299984,435.34722100000363,,,,,,,,,,,,,,,,,,,,,,,,,,,,1,2026-08-11_11h05.51.853,TSRlearn_main-blocks,,2025.1.1,59.95897607727807,2026-08-11 11h05.59.572092 +0200,
,,,,,,,,8,8,0,,,,1,stimuli/bicycle/bicycle_18.jpg,stimuli/hand/hand_30.jpg,None,yes,no,left,left,2,1.2,0.2,,0.5,1.96,sequences/learning_block1_fixed-middle-10_0{participant_ID}.xlsx,sequences/retrieval_block1_fixed-middle-10_0{participant_ID}.xlsx,6,block1,A,2,,,,,,,,,,,,,,,,,,,,,,,,,,,,2,8,1,2,A,2,8,None,b,0.4697165999095887,None,3,0.9440429999958724,None,,,,,,,,,,,,,,,0,0,0,0,1,0,1,0,,,,,0,8,8,8,439.80990049999673,,,,,,,,,,,,,,,,,,,,,,,,,,,,,,,,,,,,,,,,,,,,,,,,,,,,,,,,,,,,,,,,,,,,,,,,,,,,,,,,,,,,,,,,,,,,,,,,,,,,,,,,,,,,,,,,,,,,,,,,,,,,,,,,,,,,,,,,,,,,,,,,,,,,,,,,,,,,,,,,,,,,,,,,,,,,,,,,,,,,,,,,,,,,,,,,,,,,,,,,,,,,,,,,,,,,,,,,,,,,,,,,,,,,,,,,,,,,,,,,,,,,,,,,,,,,,,,,,439.7985372999683,439.80990049999673,440.33173460001126,440.2955257999711,440.3090209000511,440.33173460001126,441.3427209999645,441.3280410000589,441.3280786999967,441.3427209999645,441.57875820004847,441.60423479997553,441.6121251999866,442.6252097999677,442.6108197000576,442.610853399965,442.6252097999677,,442.8613093000604,442.861351700034,442.87619179999456,444.85796189995017,444.8274656999856,444.8406560999574,444.85796189995017,444.85796189995017,444.85796189995017,444.85796189995017,444.85796189995017,445.4441331999842,b,0.4697165999095887,None,445.4467035999987,445.44673480000347,445.4485525999917,445.47431590000633,445.47431590000633,445.47431590000633,445.47431590000633,445.47431590000633,,445.92672500002664,3,0.9440429999958724,None,445.92899090005085,445.9290231000632,,,,,,,,,,,,,,,,,,,,,,,,,,,,,1,2026-08-11_11h05.51.853,TSRlearn_main-blocks,,2025.1.1,59.95897607727807,2026-08-11 11h05.59.572092 +0200,
,,,,,,,,9,9,0,,,,1,stimuli/bread/bread_40.jpg,stimuli/jacket/jacket_12.jpg,None,no,yes,right,right,4,1.2,0.2,,0.38,1.98,sequences/learning_block1_fixed-middle-10_0{participant_ID}.xlsx,sequences/retrieval_block1_fixed-middle-10_0{participant_ID}.xlsx,6,block1,A,2,,,,,,,,,,,,,,,,,,,,,,,,,,,,2,9,1,2,A,3,10,None,b,0.5602921999525279,None,3,1.156540700001642,None,,,,,,,,,,,,,,,0,0,0,0,1,0,1,0,,,,,0,9,9,9,445.9414238999598,,,,,,,,,,,,,,,,,,,,,,,,,,,,,,,,,,,,,,,,,,,,,,,,,,,,,,,,,,,,,,,,,,,,,,,,,,,,,,,,,,,,,,,,,,,,,,,,,,,,,,,,,,,,,,,,,,,,,,,,,,,,,,,,,,,,,,,,,,,,,,,,,,,,,,,,,,,,,,,,,,,,,,,,,,,,,,,,,,,,,,,,,,,,,,,,,,,,,,,,,,,,,,,,,,,,,,,,,,,,,,,,,,,,,,,,,,,,,,,,,,,,,,,,,,,,,,,,,445.92934789997526,445.9414238999598,446.34370640001725,446.3103895999957,446.33281950000674,446.34370640001725,447.358041999978,447.34333770000376,447.3433722000336,447.358041999978,447.59280350001063,447.619738599984,447.6430641000625,448.65745040006004,448.6430257000029,448.6430604000343,448.65745040006004,,448.8953718000557,448.89545489999,448.90782890003175,450.90594019996934,450.87567670003045,450.8891906000208,450.90594019996934,450.90594019996934,450.90594019996934,450.90594019996934,450.90594019996934,451.57518499996513,b,0.5602921999525279,None,451.57799290004186,451.57802420004737,451.57995479996316,451.60592740005814,451.60592740005814,451.60592740005814,451.60592740005814,451.60592740005814,452.10568899998907,452.1916400999762,3,1.156540700001642,None,452.19412610004656,452.194157000049,447.6430641000625,,,,,,,,,,,,,,,,,,,,,,,,,,,,1,2026-08-11_11h05.51.853,TSRlearn_main-blocks,,2025.1.1,59.95897607727807,2026-08-11 11h05.59.572092 +0200,
,,,,,,,,10,10,0,,,,1,stimuli/house/house_10.jpg,stimuli/flower/flower_48.jpg,None,yes,no,right,right,5,1.2,0.2,,0.63,2.1,sequences/learning_block1_fixed-middle-10_0{participant_ID}.xlsx,sequences/retrieval_block1_fixed-middle-10_0{participant_ID}.xlsx,6,block1,A,2,,,,,,,,,,,,,,,,,,,,,,,,,,,,2,10,0,2,A,9,6,None,b,0.6224591999780387,None,3,1.2309241999173537,None,,,,,,,,,,,,,,,0,0,0,0,1,0,1,0,,,,,0,10,10,10,452.2061968999915,,,,,,,,,,,,,,,,,,,,,,,,,,,,,,,,,,,,,,,,,,,,,,,,,,,,,,,,,,,,,,,,,,,,,,,,,,,,,,,,,,,,,,,,,,,,,,,,,,,,,,,,,,,,,,,,,,,,,,,,,,,,,,,,,,,,,,,,,,,,,,,,,,,,,,,,,,,,,,,,,,,,,,,,,,,,,,,,,,,,,,,,,,,,,,,,,,,,,,,,,,,,,,,,,,,,,,,,,,,,,,,,,,,,,,,,,,,,,,,,,,,,,,,,,,,,,,,,,452.1944984999718,452.2061968999915,452.8583549000323,452.8243403000524,452.83695599995553,452.8583549000323,453.87217610003427,453.85731979995035,453.85735269996803,453.87217610003427,454.10732419998385,454.1485272999853,454.16168550006114,455.171537599992,455.15765449998435,455.1576863999944,455.171537599992,455.4214794000145,455.40705120004714,455.407074799994,455.4214794000145,457.53720699995756,457.50617439998314,457.51942889997736,457.53720699995756,457.53720699995756,457.53720699995756,457.53720699995756,457.53720699995756,458.2729134999681,b,0.6224591999780387,None,458.2750175000401,458.27504510001745,458.27678660000674,458.3037121000234,458.3037121000234,458.3037121000234,458.3037121000234,458.3037121000234,458.8031689999625,458.8906320000533,3,1.2309241999173537,None,458.8943027999485,458.89436919998843,454.16168550006114,,,,,,,,,,,,,,,,,,,,,,,,,,,,1,2026-08-11_11h05.51.853,TSRlearn_main-blocks,,2025.1.1,59.95897607727807,2026-08-11 11h05.59.572092 +0200,
,,,,,,,,11,11,0,,,,1,stimuli/chair/chair_15.jpg,stimuli/hammer/hammer_05.jpg,None,yes,no,left,left,3,1.2,0.2,,0.37,2.19,sequences/learning_block1_fixed-middle-10_0{participant_ID}.xlsx,sequences/retrieval_block1_fixed-middle-10_0{participant_ID}.xlsx,6,block1,A,2,,,,,,,,,,,,,,,,,,,,,,,,,,,,2,11,1,2,A,4,7,None,b,0.49079249997157604,None,4,0.6338174000848085,None,,,,,,,,,,,,,,,0,0,0,0,1,0,1,0,,,,,0,11,11,11,458.90421339997556,,,,,,,,,,,,,,,,,,,,,,,,,,,,,,,,,,,,,,,,,,,,,,,,,,,,,,,,,,,,,,,,,,,,,,,,,,,,,,,,,,,,,,,,,,,,,,,,,,,,,,,,,,,,,,,,,,,,,,,,,,,,,,,,,,,,,,,,,,,,,,,,,,,,,,,,,,,,,,,,,,,,,,,,,,,,,,,,,,,,,,,,,,,,,,,,,,,,,,,,,,,,,,,,,,,,,,,,,,,,,,,,,,,,,,,,,,,,,,,,,,,,,,,,,,,,,,,,,458.895013500005,458.90421339997556,459.30637480004225,459.2724827999482,459.2845684000058,459.30637480004225,460.3203329000389,460.30583249998745,460.3058689000318,460.3203329000389,460.55534449999686,460.56806950003374,460.59154319996014,461.6035768999718,461.58908289996907,461.5891209000256,461.6035768999718,461.85338740004227,461.83905990002677,461.83908659999724,461.85338740004227,464.068296500016,464.0378302000463,464.051590600051,464.068296500016,464.068296500016,464.068296500016,464.068296500016,464.068296500016,464.67093769996427,b,0.49079249997157604,None,464.67305420001503,464.6730795999756,464.6750750000356,464.7015792999882,464.7015792999882,464.7015792999882,464.7015792999882,464.7015792999882,465.18544170004316,465.9369852000382,4,0.6338174000848085,None,465.93919059995096,465.93921730003785,460.59154319996014,,,,,,,,,,,,,,,,,,,,,,,,,,,,1,2026-08-11_11h05.51.853,TSRlearn_main-blocks,,2025.1.1,59.95897607727807,2026-08-11 11h05.59.572092 +0200,
,,,,,,,,12,12,0,,,,1,stimuli/hand/hand_30.jpg,stimuli/house/house_10.jpg,None,no,yes,right,right,2,1.2,0.2,,0.69,2.24,sequences/learning_block1_fixed-middle-10_0{participant_ID}.xlsx,sequences/retrieval_block1_fixed-middle-10_0{participant_ID}.xlsx,6,block1,A,2,,,,,,,,,,,,,,,,,,,,,,,,,,,,3,12,1,2,A,8,9,None,b,0.8589696000562981,None,2,0.4397876000730321,None,,,,,,,,,,,,,,,0,0,0,0,1,0,1,0,,,,,0,12,12,12,465.9517030999996,,,,,,,,,,,,,,,,,,,,,,,,,,,,,,,,,,,,,,,,,,,,,,,,,,,,,,,,,,,,,,,,,,,,,,,,,,,,,,,,,,,,,,,,,,,,,,,,,,,,,,,,,,,,,,,,,,,,,,,,,,,,,,,,,,,,,,,,,,,,,,,,,,,,,,,,,,,,,,,,,,,,,,,,,,,,,,,,,,,,,,,,,,,,,,,,,,,,,,,,,,,,,,,,,,,,,,,,,,,,,,,,,,,,,,,,,,,,,,,,,,,,,,,,,,,,,,,,,465.9395567000611,465.9517030999996,466.68731639999896,466.63736669998616,466.66456609999295,466.68731639999896,467.7014974000631,467.68772010004614,467.68776040000375,467.7014974000631,467.93647920002695,467.94937020004727,467.9702195000136,468.9848624999868,468.9723839999642,468.97244629997294,468.9848624999868,469.23420750000514,469.2192315000575,469.21925590001047,469.23420750000514,471.4993918000255,471.4687739999499,471.4815223000478,471.4993918000255,471.4993918000255,471.4993918000255,471.4993918000255,471.4993918000255,472.4690118000144,b,0.8589696000562981,None,472.47121760004666,472.4712507999502,472.47327009995934,472.4993710999843,472.4993710999843,472.4993710999843,472.4993710999843,472.4993710999843,472.983271199977,473.5351213000249,2,0.4397876000730321,None,473.5372149000177,473.53724139998667,467.9702195000136,,,,,,,,,,,,,,,,,,,,,,,,,,,,1,2026-08-11_11h05.51.853,TSRlearn_main-blocks,,2025.1.1,59.95897607727807,2026-08-11 11h05.59.572092 +0200,
,,,,,,,,13,13,0,,,,1,stimuli/hammer/hammer_05.jpg,stimuli/bread/bread_40.jpg,None,no,yes,left,left,5,1.2,0.2,,0.48,2.19,sequences/learning_block1_fixed-middle-10_0{participant_ID}.xlsx,sequences/retrieval_block1_fixed-middle-10_0{participant_ID}.xlsx,6,block1,A,2,,,,,,,,,,,,,,,,,,,,,,,,,,,,3,13,0,2,A,7,3,None,g,0.6398316000122577,None,4,0.31492089992389083,None,,,,,,,,,,,,,,,0,0,0,0,1,0,1,0,,,,,0,13,13,13,473.5497444999637,,,,,,,,,,,,,,,,,,,,,,,,,,,,,,,,,,,,,,,,,,,,,,,,,,,,,,,,,,,,,,,,,,,,,,,,,,,,,,,,,,,,,,,,,,,,,,,,,,,,,,,,,,,,,,,,,,,,,,,,,,,,,,,,,,,,,,,,,,,,,,,,,,,,,,,,,,,,,,,,,,,,,,,,,,,,,,,,,,,,,,,,,,,,,,,,,,,,,,,,,,,,,,,,,,,,,,,,,,,,,,,,,,,,,,,,,,,,,,,,,,,,,,,,,,,,,,,,,473.5375625999877,473.5497444999637,474.0522641000571,474.0185412999708,474.0320934000192,474.0522641000571,475.06582010001875,475.05130809999537,475.05134080001153,475.06582010001875,475.3011487000622,475.3231356999604,475.33476330002304,476.34847840003204,476.3339062000159,476.3339454999659,476.34847840003204,476.59838810004294,476.58378480002284,476.58380859997123,476.59838810004294,478.8138648000313,478.7838019999908,478.7973803000059,478.8138648000313,478.8138648000313,478.8138648000313,478.8138648000313,478.8138648000313,479.56678210000973,g,0.6398316000122577,None,479.5691657999996,479.5692163000349,479.5716392999748,479.59733729995787,479.59733729995787,479.59733729995787,479.59733729995787,479.59733729995787,480.0806981000351,480.5164776999736,4,0.31492089992389083,None,480.51881190005224,480.5188521000091,475.33476330002304,,,,,,,,,,,,,,,,,,,,,,,,,,,,1,2026-08-11_11h05.51.853,TSRlearn_main-blocks,,2025.1.1,59.95897607727807,2026-08-11 11h05.59.572092 +0200,
,,,,,,,,14,14,0,,,,1,stimuli/ball/ball_39.jpg,stimuli/chair/chair_15.jpg,None,yes,no,right,right,4,1.2,0.2,,0.29,1.79,sequences/learning_block1_fixed-middle-10_0{participant_ID}.xlsx,sequences/retrieval_block1_fixed-middle-10_0{participant_ID}.xlsx,6,block1,A,2,,,,,,,,,,,,,,,,,,,,,,,,,,,,3,14,0,2,A,1,4,None,b,0.6905459000263363,None,4,0.577256300020963,None,,,,,,,,,,,,,,,0,0,0,0,1,0,1,0,,,,,0,14,14,14,480.5305757999886,,,,,,,,,,,,,,,,,,,,,,,,,,,,,,,,,,,,,,,,,,,,,,,,,,,,,,,,,,,,,,,,,,,,,,,,,,,,,,,,,,,,,,,,,,,,,,,,,,,,,,,,,,,,,,,,,,,,,,,,,,,,,,,,,,,,,,,,,,,,,,,,,,,,,,,,,,,,,,,,,,,,,,,,,,,,,,,,,,,,,,,,,,,,,,,,,,,,,,,,,,,,,,,,,,,,,,,,,,,,,,,,,,,,,,,,,,,,,,,,,,,,,,,,,,,,,,,,,480.519222300034,480.5305757999886,480.85002400004305,480.8164179000305,480.84042879997287,480.85002400004305,481.8637129999697,481.8492646999657,481.8492986999918,481.8637129999697,482.0993959000334,482.11345469998196,482.13263720006216,483.1465644000564,483.13221910002176,483.1322542000562,483.1465644000564,483.39637400000356,483.3822605999885,483.3822847000556,483.39637400000356,485.2118209999753,485.1815673999954,485.19448259996716,485.2118209999753,485.2118209999753,485.2118209999753,485.2118209999753,485.2118209999753,486.03111300000455,b,0.6905459000263363,None,486.0333627000218,486.0333905000007,486.03531599999405,486.06187350000255,486.06187350000255,486.06187350000255,486.06187350000255,486.06187350000255,486.5453715999611,487.24753839999903,4,0.577256300020963,None,487.24972740001976,487.24975610000547,,,,,,,,,,,,,,,,,,,,,,,,,,,,,1,2026-08-11_11h05.51.853,TSRlearn_main-blocks,,2025.1.1,59.95897607727807,2026-08-11 11h05.59.572092 +0200,
,,,,,,,,15,15,0,,,,1,stimuli/jacket/jacket_12.jpg,stimuli/dog/dog_31.jpg,None,yes,no,left,left,3,1.2,0.2,,0.46,1.94,sequences/learning_block1_fixed-middle-10_0{participant_ID}.xlsx,sequences/retrieval_block1_fixed-middle-10_0{participant_ID}.xlsx,6,block1,A,2,,,,,,,,,,,,,,,,,,,,,,,,,,,,3,15,1,2,A,10,5,None,None,,,None,,,,,,,,,,,,,,,,,0,0,0,0,1,0,1,0,,,,,0,15,15,15,487.26189560000785,,,,,,,,,,,,,,,,,,,,,,,,,,,,,,,,,,,,,,,,,,,,,,,,,,,,,,,,,,,,,,,,,,,,,,,,,,,,,,,,,,,,,,,,,,,,,,,,,,,,,,,,,,,,,,,,,,,,,,,,,,,,,,,,,,,,,,,,,,,,,,,,,,,,,,,,,,,,,,,,,,,,,,,,,,,,,,,,,,,,,,,,,,,,,,,,,,,,,,,,,,,,,,,,,,,,,,,,,,,,,,,,,,,,,,,,,,,,,,,,,,,,,,,,,,,,,,,,,487.250083400053,487.26189560000785,487.76433200004976,487.7140634000534,487.74160810001194,487.76433200004976,488.7780818999745,488.7639390999684,488.76397289999295,488.7780818999745,489.0161924000131,489.053025500034,489.0651188000338,490.0777791000437,490.0637509999797,490.063787400024,490.0777791000437,490.32768250000663,490.31324190006126,490.3132684000302,490.32768250000663,492.29337560001295,492.26293490000535,492.276203299989,492.29337560001295,492.29337560001295,492.29337560001295,492.29337560001295,492.29337560001295,495.2800214999588,None,,,495.28249070001766,495.7783942000242,495.7805575999664,495.80893119995017,495.80893119995017,495.80893119995017,495.80893119995017,495.80893119995017,496.2932343999855,499.29552399995737,None,,,499.29753049998544,499.7929585999809,,495.2926475000568,495.2926475000568,495.2926475000568,495.2926475000568,495.80893119995017,498.8087069999892,498.8087069999892,498.8087069999892,498.8087069999892,498.8087069999892,499.30828290001955,499.30828290001955,499.80780269997194,,,,,,,,,,,,,,,1,2026-08-11_11h05.51.853,TSRlearn_main-blocks,,2025.1.1,59.95897607727807,2026-08-11 11h05.59.572092 +0200,
,,,,,,,,16,16,0,,,,1,stimuli/hand/hand_30.jpg,stimuli/ball/ball_39.jpg,None,no,yes,right,right,5,1.2,0.2,,0.66,1.86,sequences/learning_block1_fixed-middle-10_0{participant_ID}.xlsx,sequences/retrieval_block1_fixed-middle-10_0{participant_ID}.xlsx,6,block1,A,2,,,,,,,,,,,,,,,,,,,,,,,,,,,,4,16,1,2,A,8,1,None,None,,,None,,,,,,,,,,,,,,,,,0,0,0,0,1,0,1,0,,,,,0,16,16,16,499.80780269997194,,,,,,,,,,,,,,,,,,,,,,,,,,,,,,,,,,,,,,,,,,,,,,,,,,,,,,,,,,,,,,,,,,,,,,,,,,,,,,,,,,,,,,,,,,,,,,,,,,,,,,,,,,,,,,,,,,,,,,,,,,,,,,,,,,,,,,,,,,,,,,,,,,,,,,,,,,,,,,,,,,,,,,,,,,,,,,,,,,,,,,,,,,,,,,,,,,,,,,,,,,,,,,,,,,,,,,,,,,,,,,,,,,,,,,,,,,,,,,,,,,,,,,,,,,,,,,,,,499.7932931999676,499.80780269997194,500.49358909996226,500.4595807000296,500.4859053000109,500.49358909996226,501.50730090006255,501.4928806000389,501.49291410006117,501.50730090006255,501.7436697999947,501.76741600001696,501.77647869999055,502.7904304000549,502.77601499995217,502.7760472999653,502.7904304000549,503.0401954000117,503.0257706999546,503.02579520002473,503.0401954000117,504.9224735000171,504.8916947999969,504.9059325000271,504.9224735000171,504.9224735000171,504.9224735000171,504.9224735000171,504.9224735000171,507.9092826000415,None,,,507.9113260000013,508.40746540005784,508.4096628000261,508.43819090002216,508.43819090002216,508.43819090002216,508.43819090002216,508.43819090002216,508.92190570000093,511.9080924000591,None,,,511.91001930006314,512.4063859999878,,507.92212300002575,507.92212300002575,507.92212300002575,507.92212300002575,508.43819090002216,511.43814179999754,511.43814179999754,511.43814179999754,511.43814179999754,511.43814179999754,511.9208654999966,511.9208654999966,512.4207051000558,,,,,,,,,,,,,,,1,2026-08-11_11h05.51.853,TSRlearn_main-blocks,,2025.1.1,59.95897607727807,2026-08-11 11h05.59.572092 +0200,
,,,,,,,,17,17,0,,,,1,stimuli/dog/dog_31.jpg,stimuli/house/house_10.jpg,None,no,yes,left,left,4,1.2,0.2,,0.57,2.04,sequences/learning_block1_fixed-middle-10_0{participant_ID}.xlsx,sequences/retrieval_block1_fixed-middle-10_0{participant_ID}.xlsx,6,block1,A,2,,,,,,,,,,,,,,,,,,,,,,,,,,,,4,17,0,2,A,5,9,None,None,,,None,,,,,,,,,,,,,,,,,0,0,0,0,1,0,1,0,,,,,0,17,17,17,512.4207051000558,,,,,,,,,,,,,,,,,,,,,,,,,,,,,,,,,,,,,,,,,,,,,,,,,,,,,,,,,,,,,,,,,,,,,,,,,,,,,,,,,,,,,,,,,,,,,,,,,,,,,,,,,,,,,,,,,,,,,,,,,,,,,,,,,,,,,,,,,,,,,,,,,,,,,,,,,,,,,,,,,,,,,,,,,,,,,,,,,,,,,,,,,,,,,,,,,,,,,,,,,,,,,,,,,,,,,,,,,,,,,,,,,,,,,,,,,,,,,,,,,,,,,,,,,,,,,,,,,512.4067797999596,512.4207051000558,513.0401069000363,512.9897999999812,513.0182843999937,513.0401069000363,514.0535693999846,514.0386008999776,514.0386335999938,514.0535693999846,514.2890874999575,514.3031413999852,514.3225084999576,515.3363335999893,515.3222250000108,515.3222605000483,515.3363335999893,515.5864119000034,515.571822399972,515.5718473000452,515.5864119000034,517.6518932000035,517.621308999951,517.6344094000524,517.6518932000035,517.6518932000035,517.6518932000035,517.6518932000035,517.6518932000035,520.6389511000598,None,,,520.6409321000101,521.1369458000408,521.139055000036,521.1678857000079,521.1678857000079,521.1678857000079,521.1678857000079,521.1678857000079,521.6513070999645,524.6542639000108,None,,,524.6561403999804,525.1522842999548,,520.6515358999604,520.6515358999604,520.6515358999604,520.6515358999604,521.1678857000079,524.1671035999898,524.1671035999898,524.1671035999898,524.1671035999898,524.1671035999898,524.6666919999989,524.6666919999989,525.1665982999839,,,,,,,,,,,,,,,1,2026-08-11_11h05.51.853,TSRlearn_main-blocks,,2025.1.1,59.95897607727807,2026-08-11 11h05.59.572092 +0200,
,,,,,,,,18,18,0,,,,1,stimuli/bicycle/bicycle_18.jpg,stimuli/chair/chair_15.jpg,None,no,yes,right,right,3,1.2,0.2,,0.61,1.9,sequences/learning_block1_fixed-middle-10_0{participant_ID}.xlsx,sequences/retrieval_block1_fixed-middle-10_0{participant_ID}.xlsx,6,block1,A,2,,,,,,,,,,,,,,,,,,,,,,,,,,,,4,18,1,2,A,2,4,None,None,,,2,3.8153496000450104,None,,,,,,,,,,,,,,,0,0,0,0,1,0,1,0,,,,,0,18,18,18,525.1665982999839,,,,,,,,,,,,,,,,,,,,,,,,,,,,,,,,,,,,,,,,,,,,,,,,,,,,,,,,,,,,,,,,,,,,,,,,,,,,,,,,,,,,,,,,,,,,,,,,,,,,,,,,,,,,,,,,,,,,,,,,,,,,,,,,,,,,,,,,,,,,,,,,,,,,,,,,,,,,,,,,,,,,,,,,,,,,,,,,,,,,,,,,,,,,,,,,,,,,,,,,,,,,,,,,,,,,,,,,,,,,,,,,,,,,,,,,,,,,,,,,,,,,,,,,,,,,,,,,,525.1526187000563,525.1665982999839,525.8024565000087,525.7688711000374,525.7826676999684,525.8024565000087,526.8162752999924,526.8016791000264,526.8017134000547,526.8162752999924,527.0515196999768,527.0656996000325,527.0852708000457,528.0992279000347,528.0850046999985,528.085037700017,528.0992279000347,528.3491725999629,528.3345595999854,528.3345854999498,528.3491725999629,530.2645310000516,530.2339978000382,530.2480596000096,530.2645310000516,530.2645310000516,530.2645310000516,530.2645310000516,530.2645310000516,533.2516656999942,None,,,533.2536778999493,533.7496427999577,533.752037600032,533.7804267000174,533.7804267000174,533.7804267000174,533.7804267000174,533.7804267000174,,534.182853300008,2,3.8153496000450104,None,534.1850381999975,534.1850748000434,527.0852708000457,533.2645987999858,533.2645987999858,533.2645987999858,533.2645987999858,533.7804267000174,,,,,,,,,,,,,,,,,,,,,,,1,2026-08-11_11h05.51.853,TSRlearn_main-blocks,,2025.1.1,59.95897607727807,2026-08-11 11h05.59.572092 +0200,
,,,,,,,,19,19,0,,,,1,stimuli/bread/bread_40.jpg,stimuli/flower/flower_48.jpg,None,no,yes,left,left,2,1.2,0.2,,0.5,2.08,sequences/learning_block1_fixed-middle-10_0{participant_ID}.xlsx,sequences/retrieval_block1_fixed-middle-10_0{participant_ID}.xlsx,6,block1,A,2,,,,,,,,,,,,,,,,,,,,,,,,,,,,4,19,0,2,A,3,6,None,b,0.5213935999199748,None,4,0.9414449000032619,None,,,,,,,,,,,,,,,0,0,0,0,1,0,1,0,,,,,0,19,19,19,534.1970007000491,,,,,,,,,,,,,,,,,,,,,,,,,,,,,,,,,,,,,,,,,,,,,,,,,,,,,,,,,,,,,,,,,,,,,,,,,,,,,,,,,,,,,,,,,,,,,,,,,,,,,,,,,,,,,,,,,,,,,,,,,,,,,,,,,,,,,,,,,,,,,,,,,,,,,,,,,,,,,,,,,,,,,,,,,,,,,,,,,,,,,,,,,,,,,,,,,,,,,,,,,,,,,,,,,,,,,,,,,,,,,,,,,,,,,,,,,,,,,,,,,,,,,,,,,,,,,,,,,534.1854166999692,534.1970007000491,534.7160238999641,534.6825260999613,534.7049946000334,534.7160238999641,535.7300120999571,535.715870999964,535.715904599987,535.7300120999571,535.9655750000384,536.0089677999495,536.0365808999632,537.0461002000375,537.0314037000062,537.0314367000246,537.0461002000375,,537.2817699000007,537.2818130999804,537.2960702000419,539.394838499953,539.3643864999758,539.3779070000164,539.394838499953,539.394838499953,539.394838499953,539.394838499953,539.394838499953,540.031110299984,b,0.5213935999199748,None,540.0333479000255,540.0333841999527,540.0354645999614,540.061485299957,540.061485299957,540.061485299957,540.061485299957,540.061485299957,540.5450033999514,541.5969825000502,4,0.9414449000032619,None,541.5992736000335,541.5993056000443,536.0365808999632,,,,,,,,,,,,,,,,,,,,,,,,,,,,1,2026-08-11_11h05.51.853,TSRlearn_main-blocks,,2025.1.1,59.95897607727807,2026-08-11 11h05.59.572092 +0200,
stimuli/fish/fish_01.jpg,stimuli/guitar/guitar_01.jpg,stimuli/bicycle/bicycle_18.jpg,stimuli/dog/dog_31.jpg,center,left,right,center,0,0,0,,,,,,,,,,,,,,,,,,sequences/learning_block1_fixed-middle-10_0{participant_ID}.xlsx,sequences/retrieval_block1_fixed-middle-10_0{participant_ID}.xlsx,6,1.0,A,3,1,fish,guitar,bicycle,dog,0.75,0.31,2,fish,1,stimuli/fish/fish_01.jpg,guitar,1,stimuli/guitar/guitar_01.jpg,lamp,1,stimuli/lamp/lamp_01.jpg,key,1,stimuli/key/key_01.jpg,12,13,2,5,b,0.6353885000571609,None,,,,,,,,,,,,,,,,,,,,,,,,,,,,,0,0,0,0,2,0,2,0,0,0,0,0,,,,,543.2794676000485,,,,,,,,,,,,,,,,,,,,,,,,,,,,,,,,,,,,,,,,,,,,,,,,,,,,,,,,,,,,,,,,,,,,,,,,,,,,,,,,,,,,,,,,,,,,,,,,,,,,,,,,,,,,,,,,,,,,,,,,,,,,,,,,,,,,,,,,,,,,,,,,,,,,,,,,,,,,,,,,,,,,,,,,,,,,,,,,,,,,,,,,,,,,,,,,,,,,,,,,,,,,,,,,,,,,,,,,542.5967767999973,542.5968082000036,542.601965000038,542.6135725999484,543.0973315000301,543.2392761999508,543.2794676000485,543.2794676000485,543.2794676000485,543.2794676000485,543.2794676000485,543.2794676000485,543.2794676000485,0.14251359994523227,544.0137268999824,b,0.6353885000571609,None,544.0866064999718,544.110083800042,544.110083800042,544.110083800042,544.110083800042,544.110083800042,544.110083800042,545.0966354999691,545.1040139000397,545.1040557000088,,,,,,,,,,,,,,,,,,,,,,,,,,,,,,,,,,,,,,,,,,,,,,,,,,,,,,,,,,,,,,,,,,,,,,,,,,,,541.6046298999572,541.6046672000084,541.6046923999675,541.6112942000618,542.6135725999484,542.596634699963,,,,,,,,,1,2026-08-11_11h05.51.853,TSRlearn_main-blocks,,2025.1.1,59.95897607727807,2026-08-11 11h05.59.572092 +0200,
stimuli/guitar/guitar_01.jpg,stimuli/flower/flower_48.jpg,stimuli/chair/chair_15.jpg,stimuli/key/key_01.jpg,right,left,center,right,1,1,0,,,,,,,,,,,,,,,,,,sequences/learning_block1_fixed-middle-10_0{participant_ID}.xlsx,sequences/retrieval_block1_fixed-middle-10_0{participant_ID}.xlsx,6,1.0,A,3,2,guitar,flower,chair,key,0.64,0.25,3,fish,1,stimuli/fish/fish_01.jpg,guitar,1,stimuli/guitar/guitar_01.jpg,lamp,1,stimuli/lamp/lamp_01.jpg,key,1,stimuli/key/key_01.jpg,13,6,4,15,r,0.16536220000125468,None,,,,,,,,,,,,,,,,,,,,,,,,,,,,,0,0,0,0,2,0,2,0,0,1,1,1,,,,,545.2950977999717,,,,,,,,,,,,,,,,,,,,,,,,,,,,,,,,,,,,,,,,,,,,,,,,,,,,,,,,,,,,,,,,,,,,,,,,,,,,,,,,,,,,,,,,,,,,,,,,,,,,,,,,,,,,,,,,,,,,,,,,,,,,,,,,,,,,,,,,,,,,,,,,,,,,,,,,,,,,,,,,,,,,,,,,,,,,,,,,,,,,,,,,,,,,,,,,,,,,,,,,,,,,,,,,,,,,,,,,,,,,,545.233071399969,545.2950977999717,545.2950977999717,545.2950977999717,545.2950977999717,545.2950977999717,545.2950977999717,545.2950977999717,0.12904569995589554,545.5304657999659,r,0.16536220000125468,None,545.6944241999881,545.7386147000361,545.7386147000361,545.7386147000361,545.7386147000361,545.7386147000361,545.7386147000361,546.7296316999709,546.7382731999969,546.7383204000071,,,,,,,,,,,,,,,,,,,,,,,,,,,,,,,,,,,,,,,,,,,,,,,,,,,,,,,,,,,,,,,,,,,,,,,,,,,,,,,,,,,,,,,,,,1,2026-08-11_11h05.51.853,TSRlearn_main-blocks,,2025.1.1,59.95897607727807,2026-08-11 11h05.59.572092 +0200,
stimuli/flower/flower_48.jpg,stimuli/bicycle/bicycle_18.jpg,stimuli/jacket/jacket_12.jpg,stimuli/lamp/lamp_01.jpg,right,center,left,right,2,2,0,,,,,,,,,,,,,,,,,,sequences/learning_block1_fixed-middle-10_0{participant_ID}.xlsx,sequences/retrieval_block1_fixed-middle-10_0{participant_ID}.xlsx,6,1.0,A,3,3,flower,bicycle,jacket,lamp,0.58,0.36,4,fish,1,stimuli/fish/fish_01.jpg,guitar,1,stimuli/guitar/guitar_01.jpg,lamp,1,stimuli/lamp/lamp_01.jpg,key,1,stimuli/key/key_01.jpg,6,2,10,14,g,0.0743877999484539,None,,,,,,,,,,,,,,,,,,,,,,,,,,,,,0,0,0,0,2,0,2,0,0,2,2,2,,,,,546.9348247000016,,,,,,,,,,,,,,,,,,,,,,,,,,,,,,,,,,,,,,,,,,,,,,,,,,,,,,,,,,,,,,,,,,,,,,,,,,,,,,,,,,,,,,,,,,,,,,,,,,,,,,,,,,,,,,,,,,,,,,,,,,,,,,,,,,,,,,,,,,,,,,,,,,,,,,,,,,,,,,,,,,,,,,,,,,,,,,,,,,,,,,,,,,,,,,,,,,,,,,,,,,,,,,,,,,,,,,,,,,,,,546.890329399961,546.9348247000016,546.9348247000016,546.9348247000016,546.9348247000016,546.9348247000016,546.9348247000016,546.9348247000016,0.15203390002716333,547.0957207999891,g,0.0743877999484539,None,547.2429537000135,547.2819655999774,547.2819655999774,547.2819655999774,547.2819655999774,547.2819655999774,547.2819655999774,548.2618946000002,548.2684296000516,548.26847000001,,,,,,,,,,,,,,,,,,,,,,,,,,,,,,,,,,,,,,,,,,,,,,,,,,,,,,,,,,,,,,,,,,,,,,,,,,,,,,,,,,,,,,,,,,1,2026-08-11_11h05.51.853,TSRlearn_main-blocks,,2025.1.1,59.95897607727807,2026-08-11 11h05.59.572092 +0200,
stimuli/bicycle/bicycle_18.jpg,stimuli/bread/bread_40.jpg,stimuli/hand/hand_30.jpg,stimuli/ball/ball_39.jpg,center,left,right,center,3,3,0,,,,,,,,,,,,,,,,,,sequences/learning_block1_fixed-middle-10_0{participant_ID}.xlsx,sequences/retrieval_block1_fixed-middle-10_0{participant_ID}.xlsx,6,1.0,A,3,4,bicycle,bread,hand,ball,0.8,0.53,5,fish,1,stimuli/fish/fish_01.jpg,guitar,1,stimuli/guitar/guitar_01.jpg,lamp,1,stimuli/lamp/lamp_01.jpg,key,1,stimuli/key/key_01.jpg,2,3,8,1,b,0.24828529998194426,None,,,,,,,,,,,,,,,,,,,,,,,,,,,,,0,0,0,0,2,0,2,0,0,3,3,3,,,,,548.4090941000031,,,,,,,,,,,,,,,,,,,,,,,,,,,,,,,,,,,,,,,,,,,,,,,,,,,,,,,,,,,,,,,,,,,,,,,,,,,,,,,,,,,,,,,,,,,,,,,,,,,,,,,,,,,,,,,,,,,,,,,,,,,,,,,,,,,,,,,,,,,,,,,,,,,,,,,,,,,,,,,,,,,,,,,,,,,,,,,,,,,,,,,,,,,,,,,,,,,,,,,,,,,,,,,,,,,,,,,,,,,,,548.3569909000071,548.4090941000031,548.4090941000031,548.4090941000031,548.4090941000031,548.4090941000031,548.4090941000031,548.4090941000031,0.08854659995995462,548.7461966000265,b,0.24828529998194426,None,548.8372127000475,548.8907690000487,548.8907690000487,548.8907690000487,548.8907690000487,548.8907690000487,548.8907690000487,549.8791262999875,549.8870285999728,549.8870703000575,,,,,,,,,,,,,,,,,,,,,,,,,,,,,,,,,,,,,,,,,,,,,,,,,,,,,,,,,,,,,,,,,,,,,,,,,,,,,,,,,,,,,,,,,,1,2026-08-11_11h05.51.853,TSRlearn_main-blocks,,2025.1.1,59.95897607727807,2026-08-11 11h05.59.572092 +0200,
stimuli/bread/bread_40.jpg,stimuli/hand/hand_30.jpg,stimuli/hammer/hammer_05.jpg,stimuli/lamp/lamp_01.jpg,center,left,right,center,4,4,0,,,,,,,,,,,,,,,,,,sequences/learning_block1_fixed-middle-10_0{participant_ID}.xlsx,sequences/retrieval_block1_fixed-middle-10_0{participant_ID}.xlsx,6,1.0,A,3,5,bread,hand,hammer,lamp,0.64,0.47,6,fish,1,stimuli/fish/fish_01.jpg,guitar,1,stimuli/guitar/guitar_01.jpg,lamp,1,stimuli/lamp/lamp_01.jpg,key,1,stimuli/key/key_01.jpg,3,8,7,14,g,0.21941619995050132,None,,,,,,,,,,,,,,,,,,,,,,,,,,,,,0,0,0,0,2,0,2,0,0,4,4,4,,,,,550.0717025999911,,,,,,,,,,,,,,,,,,,,,,,,,,,,,,,,,,,,,,,,,,,,,,,,,,,,,,,,,,,,,,,,,,,,,,,,,,,,,,,,,,,,,,,,,,,,,,,,,,,,,,,,,,,,,,,,,,,,,,,,,,,,,,,,,,,,,,,,,,,,,,,,,,,,,,,,,,,,,,,,,,,,,,,,,,,,,,,,,,,,,,,,,,,,,,,,,,,,,,,,,,,,,,,,,,,,,,,,,,,,,550.0153875000542,550.0717025999911,550.0717025999911,550.0717025999911,550.0717025999911,550.0717025999911,550.0717025999911,550.0717025999911,0.1283408000599593,550.3785563999554,g,0.21941619995050132,None,550.5122334000189,550.546342000016,550.546342000016,550.546342000016,550.546342000016,550.546342000016,550.546342000016,551.5285824000603,551.536836000043,551.5368894999847,,,,,,,,,,,,,,,,,,,,,,,,,,,,,,,,,,,,,,,,,,,,,,,,,,,,,,,,,,,,,,,,,,,,,,,,,,,,,,,,,,,,,,,,,,1,2026-08-11_11h05.51.853,TSRlearn_main-blocks,,2025.1.1,59.95897607727807,2026-08-11 11h05.59.572092 +0200,
stimuli/hand/hand_30.jpg,stimuli/chair/chair_15.jpg,stimuli/guitar/guitar_01.jpg,stimuli/bicycle/bicycle_18.jpg,right,center,left,right,5,5,0,,,,,,,,,,,,,,,,,,sequences/learning_block1_fixed-middle-10_0{participant_ID}.xlsx,sequences/retrieval_block1_fixed-middle-10_0{participant_ID}.xlsx,6,1.0,A,3,6,hand,chair,guitar,bicycle,0.33,0.2,7,fish,1,stimuli/fish/fish_01.jpg,guitar,1,stimuli/guitar/guitar_01.jpg,lamp,1,stimuli/lamp/lamp_01.jpg,key,1,stimuli/key/key_01.jpg,8,4,13,2,b,0.3081505000591278,None,,,,,,,,,,,,,,,,,,,,,,,,,,,,,0,0,0,0,2,0,2,0,0,5,5,5,,,,,551.6778562000254,,,,,,,,,,,,,,,,,,,,,,,,,,,,,,,,,,,,,,,,,,,,,,,,,,,,,,,,,,,,,,,,,,,,,,,,,,,,,,,,,,,,,,,,,,,,,,,,,,,,,,,,,,,,,,,,,,,,,,,,,,,,,,,,,,,,,,,,,,,,,,,,,,,,,,,,,,,,,,,,,,,,,,,,,,,,,,,,,,,,,,,,,,,,,,,,,,,,,,,,,,,,,,,,,,,,,,,,,,,,,551.6139653000282,551.6778562000254,551.6778562000254,551.6778562000254,551.6778562000254,551.6778562000254,551.6778562000254,551.6778562000254,0.0771013000048697,552.0623005999951,b,0.3081505000591278,None,552.1363050000509,552.1884010999929,552.1884010999929,552.1884010999929,552.1884010999929,552.1884010999929,552.1884010999929,553.1773255000589,553.1848068999825,553.1848478000611,,,,,,,,,,,,,,,,,,,,,,,,,,,,,,,,,,,,,,,,,,,,,,,,,,,,,,,,,,,,,,,,,,,,,,,,,,,,,,,,,,,,,,,,,,1,2026-08-11_11h05.51.853,TSRlearn_main-blocks,,2025.1.1,59.95897607727807,2026-08-11 11h05.59.572092 +0200,
stimuli/chair/chair_15.jpg,stimuli/house/house_10.jpg,stimuli/fish/fish_01.jpg,stimuli/bread/bread_40.jpg,right,left,center,right,6,6,0,,,,,,,,,,,,,,,,,,sequences/learning_block1_fixed-middle-10_0{participant_ID}.xlsx,sequences/retrieval_block1_fixed-middle-10_0{participant_ID}.xlsx,6,1.0,A,3,7,chair,house,fish,bread,0.47,0.2,8,fish,1,stimuli/fish/fish_01.jpg,guitar,1,stimuli/guitar/guitar_01.jpg,lamp,1,stimuli/lamp/lamp_01.jpg,key,1,stimuli/key/key_01.jpg,4,9,12,3,g,0.27260459994431585,None,,,,,,,,,,,,,,,,,,,,,,,,,,,,,0,0,0,0,2,0,2,0,0,6,6,6,,,,,553.3208895999705,,,,,,,,,,,,,,,,,,,,,,,,,,,,,,,,,,,,,,,,,,,,,,,,,,,,,,,,,,,,,,,,,,,,,,,,,,,,,,,,,,,,,,,,,,,,,,,,,,,,,,,,,,,,,,,,,,,,,,,,,,,,,,,,,,,,,,,,,,,,,,,,,,,,,,,,,,,,,,,,,,,,,,,,,,,,,,,,,,,,,,,,,,,,,,,,,,,,,,,,,,,,,,,,,,,,,,,,,,,,,553.265146199963,553.3208895999705,553.3208895999705,553.3208895999705,553.3208895999705,553.3208895999705,553.3208895999705,553.3208895999705,0.0803291000192985,553.67704650003,g,0.27260459994431585,None,553.7418689000187,553.7694423999637,553.7694423999637,553.7694423999637,553.7694423999637,553.7694423999637,553.7694423999637,554.7605086000403,554.7673208999913,554.767360100057,,,,,,,,,,,,,,,,,,,,,,,,,,,,,,,,,,,,,,,,,,,,,,,,,,,,,,,,,,,,,,,,,,,,,,,,,,,,,,,,,,,,,,,,,,1,2026-08-11_11h05.51.853,TSRlearn_main-blocks,,2025.1.1,59.95897607727807,2026-08-11 11h05.59.572092 +0200,
stimuli/house/house_10.jpg,stimuli/jacket/jacket_12.jpg,stimuli/flower/flower_48.jpg,stimuli/hand/hand_30.jpg,center,right,left,center,7,7,0,,,,,,,,,,,,,,,,,,sequences/learning_block1_fixed-middle-10_0{participant_ID}.xlsx,sequences/retrieval_block1_fixed-middle-10_0{participant_ID}.xlsx,6,1.0,A,3,8,house,jacket,flower,hand,0.4,0.2,9,fish,1,stimuli/fish/fish_01.jpg,guitar,1,stimuli/guitar/guitar_01.jpg,lamp,1,stimuli/lamp/lamp_01.jpg,key,1,stimuli/key/key_01.jpg,9,10,6,8,r,0.31698130001313984,None,,,,,,,,,,,,,,,,,,,,,,,,,,,,,0,0,0,0,2,0,2,0,0,7,7,7,,,,,554.9261459000409,,,,,,,,,,,,,,,,,,,,,,,,,,,,,,,,,,,,,,,,,,,,,,,,,,,,,,,,,,,,,,,,,,,,,,,,,,,,,,,,,,,,,,,,,,,,,,,,,,,,,,,,,,,,,,,,,,,,,,,,,,,,,,,,,,,,,,,,,,,,,,,,,,,,,,,,,,,,,,,,,,,,,,,,,,,,,,,,,,,,,,,,,,,,,,,,,,,,,,,,,,,,,,,,,,,,,,,,,,,,,554.8853402000386,554.9261459000409,554.9261459000409,554.9261459000409,554.9261459000409,554.9261459000409,554.9261459000409,554.9261459000409,0.1180054999422282,555.3433113000356,r,0.31698130001313984,None,555.4600545000285,555.5064319999656,555.5064319999656,555.5064319999656,555.5064319999656,555.5064319999656,555.5064319999656,556.4925507999724,556.4999662999762,556.5000056000426,,,,,,,,,,,,,,,,,,,,,,,,,,,,,,,,,,,,,,,,,,,,,,,,,,,,,,,,,,,,,,,,,,,,,,,,,,,,,,,,,,,,,,,,,,1,2026-08-11_11h05.51.853,TSRlearn_main-blocks,,2025.1.1,59.95897607727807,2026-08-11 11h05.59.572092 +0200,
stimuli/jacket/jacket_12.jpg,stimuli/hammer/hammer_05.jpg,stimuli/ball/ball_39.jpg,stimuli/lamp/lamp_01.jpg,right,center,left,right,8,8,0,,,,,,,,,,,,,,,,,,sequences/learning_block1_fixed-middle-10_0{participant_ID}.xlsx,sequences/retrieval_block1_fixed-middle-10_0{participant_ID}.xlsx,6,1.0,A,3,9,jacket,hammer,ball,lamp,0.8,0.69,10,fish,1,stimuli/fish/fish_01.jpg,guitar,1,stimuli/guitar/guitar_01.jpg,lamp,1,stimuli/lamp/lamp_01.jpg,key,1,stimuli/key/key_01.jpg,10,7,1,14,b,0.2747026000870392,None,,,,,,,,,,,,,,,,,,,,,,,,,,,,,0,0,0,0,2,0,2,0,0,8,8,8,,,,,556.6710332999937,,,,,,,,,,,,,,,,,,,,,,,,,,,,,,,,,,,,,,,,,,,,,,,,,,,,,,,,,,,,,,,,,,,,,,,,,,,,,,,,,,,,,,,,,,,,,,,,,,,,,,,,,,,,,,,,,,,,,,,,,,,,,,,,,,,,,,,,,,,,,,,,,,,,,,,,,,,,,,,,,,,,,,,,,,,,,,,,,,,,,,,,,,,,,,,,,,,,,,,,,,,,,,,,,,,,,,,,,,,,,556.6214029999683,556.6710332999937,556.6710332999937,556.6710332999937,556.6710332999937,556.6710332999937,556.6710332999937,556.6710332999937,0.12142519990447909,557.025580800022,b,0.2747026000870392,None,557.1505545000546,557.1778591000475,557.1778591000475,557.1778591000475,557.1778591000475,557.1778591000475,557.1778591000475,558.1589499999536,558.166140699992,558.166178500047,,,,,,,,,,,,,,,,,,,,,,,,,,,,,,,,,,,,,,,,,,,,,,,,,,,,,,,,,,,,,,,,,,,,,,,,,,,,,,,,,,,,,,,,,,1,2026-08-11_11h05.51.853,TSRlearn_main-blocks,,2025.1.1,59.95897607727807,2026-08-11 11h05.59.572092 +0200,
stimuli/hammer/hammer_05.jpg,stimuli/ball/ball_39.jpg,stimuli/flower/flower_48.jpg,stimuli/house/house_10.jpg,left,right,center,left,9,9,0,,,,,,,,,,,,,,,,,,sequences/learning_block1_fixed-middle-10_0{participant_ID}.xlsx,sequences/retrieval_block1_fixed-middle-10_0{participant_ID}.xlsx,6,1.0,A,3,10,hammer,ball,flower,house,0.53,0.2,11,fish,1,stimuli/fish/fish_01.jpg,guitar,1,stimuli/guitar/guitar_01.jpg,lamp,1,stimuli/lamp/lamp_01.jpg,key,1,stimuli/key/key_01.jpg,7,1,6,9,g,0.38217699993401766,None,,,,,,,,,,,,,,,,,,,,,,,,,,,,,0,0,0,0,2,0,2,0,0,9,9,9,,,,,558.3240718999878,,,,,,,,,,,,,,,,,,,,,,,,,,,,,,,,,,,,,,,,,,,,,,,,,,,,,,,,,,,,,,,,,,,,,,,,,,,,,,,,,,,,,,,,,,,,,,,,,,,,,,,,,,,,,,,,,,,,,,,,,,,,,,,,,,,,,,,,,,,,,,,,,,,,,,,,,,,,,,,,,,,,,,,,,,,,,,,,,,,,,,,,,,,,,,,,,,,,,,,,,,,,,,,,,,,,,,,,,,,,,558.2662508999929,558.3240718999878,558.3240718999878,558.3240718999878,558.3240718999878,558.3240718999878,558.3240718999878,558.3240718999878,0.10010809998493642,558.7924050999573,g,0.38217699993401766,None,558.8870484000072,558.9235522999661,558.9235522999661,558.9235522999661,558.9235522999661,558.9235522999661,558.9235522999661,559.9087336000521,559.9164575999603,559.9165019999491,,,,,,,,,,,,,,,,,,,,,,,,,,,,,,,,,,,,,,,,,,,,,,,,,,,,,,,,,,,,,,,,,,,,,,,,,,,,,,,,,,,,,,,,,,1,2026-08-11_11h05.51.853,TSRlearn_main-blocks,,2025.1.1,59.95897607727807,2026-08-11 11h05.59.572092 +0200,
stimuli/ball/ball_39.jpg,stimuli/dog/dog_31.jpg,stimuli/key/key_01.jpg,stimuli/chair/chair_15.jpg,left,center,right,left,10,10,0,,,,,,,,,,,,,,,,,,sequences/learning_block1_fixed-middle-10_0{participant_ID}.xlsx,sequences/retrieval_block1_fixed-middle-10_0{participant_ID}.xlsx,6,1.0,A,3,11,ball,dog,key,chair,0.75,0.33,12,fish,1,stimuli/fish/fish_01.jpg,guitar,1,stimuli/guitar/guitar_01.jpg,lamp,1,stimuli/lamp/lamp_01.jpg,key,1,stimuli/key/key_01.jpg,1,5,15,4,r,0.356162799987942,None,,,,,,,,,,,,,,,,,,,,,,,,,,,,,0,0,0,0,2,0,2,0,0,10,10,10,,,,,560.1175178999547,,,,,,,,,,,,,,,,,,,,,,,,,,,,,,,,,,,,,,,,,,,,,,,,,,,,,,,,,,,,,,,,,,,,,,,,,,,,,,,,,,,,,,,,,,,,,,,,,,,,,,,,,,,,,,,,,,,,,,,,,,,,,,,,,,,,,,,,,,,,,,,,,,,,,,,,,,,,,,,,,,,,,,,,,,,,,,,,,,,,,,,,,,,,,,,,,,,,,,,,,,,,,,,,,,,,,,,,,,,,,560.0619479999878,560.1175178999547,560.1175178999547,560.1175178999547,560.1175178999547,560.1175178999547,560.1175178999547,560.1175178999547,0.14549070002976805,560.55809950002,r,0.356162799987942,None,560.6836280999705,560.7292721000267,560.7292721000267,560.7292721000267,560.7292721000267,560.7292721000267,560.7292721000267,561.7076697000302,561.714274100028,561.7143328000093,,,,,,,,,,,,,,,,,,,,,,,,,,,,,,,,,,,,,,,,,,,,,,,,,,,,,,,,,,,,,,,,,,,,,,,,,,,,,,,,,,,,,,,,,,1,2026-08-11_11h05.51.853,TSRlearn_main-blocks,,2025.1.1,59.95897607727807,2026-08-11 11h05.59.572092 +0200,
stimuli/dog/dog_31.jpg,stimuli/lamp/lamp_01.jpg,stimuli/guitar/guitar_01.jpg,stimuli/jacket/jacket_12.jpg,center,right,left,center,11,11,0,,,,,,,,,,,,,,,,,,sequences/learning_block1_fixed-middle-10_0{participant_ID}.xlsx,sequences/retrieval_block1_fixed-middle-10_0{participant_ID}.xlsx,6,1.0,A,3,12,dog,lamp,guitar,jacket,0.73,0.27,13,fish,1,stimuli/fish/fish_01.jpg,guitar,1,stimuli/guitar/guitar_01.jpg,lamp,1,stimuli/lamp/lamp_01.jpg,key,1,stimuli/key/key_01.jpg,5,14,13,10,b,0.24827160011045635,None,,,,,,,,,,,,,,,,,,,,,,,,,,,,,0,0,0,0,2,0,2,0,0,11,11,11,,,,,561.8808848999906,,,,,,,,,,,,,,,,,,,,,,,,,,,,,,,,,,,,,,,,,,,,,,,,,,,,,,,,,,,,,,,,,,,,,,,,,,,,,,,,,,,,,,,,,,,,,,,,,,,,,,,,,,,,,,,,,,,,,,,,,,,,,,,,,,,,,,,,,,,,,,,,,,,,,,,,,,,,,,,,,,,,,,,,,,,,,,,,,,,,,,,,,,,,,,,,,,,,,,,,,,,,,,,,,,,,,,,,,,,,,561.833227999974,561.8808848999906,561.8808848999906,561.8808848999906,561.8808848999906,561.8808848999906,561.8808848999906,561.8808848999906,0.11892109992913902,562.2240435000276,b,0.24827160011045635,None,562.3518131000455,562.3975012999726,562.3975012999726,562.3975012999726,562.3975012999726,562.3975012999726,562.3975012999726,563.3739812000422,563.3814494999824,563.3814890000504,,,,,,,,,,,,,,,,,,,,,,,,,,,,,,,,,,,,,,,,,,,,,,,,,,,,,,,,,,,,,,,,,,,,,,,,,,,,,,,,,,,,,,,,,,1,2026-08-11_11h05.51.853,TSRlearn_main-blocks,,2025.1.1,59.95897607727807,2026-08-11 11h05.59.572092 +0200,
stimuli/lamp/lamp_01.jpg,stimuli/key/key_01.jpg,stimuli/bicycle/bicycle_18.jpg,stimuli/house/house_10.jpg,center,left,right,center,12,12,0,,,,,,,,,,,,,,,,,,sequences/learning_block1_fixed-middle-10_0{participant_ID}.xlsx,sequences/retrieval_block1_fixed-middle-10_0{participant_ID}.xlsx,6,1.0,A,3,13,lamp,key,bicycle,house,0.67,0.4,14,fish,1,stimuli/fish/fish_01.jpg,guitar,1,stimuli/guitar/guitar_01.jpg,lamp,1,stimuli/lamp/lamp_01.jpg,key,1,stimuli/key/key_01.jpg,14,15,2,9,g,0.3582874999847263,None,,,,,,,,,,,,,,,,,,,,,,,,,,,,,0,0,0,0,2,0,2,0,0,12,12,12,,,,,563.5702479999745,,,,,,,,,,,,,,,,,,,,,,,,,,,,,,,,,,,,,,,,,,,,,,,,,,,,,,,,,,,,,,,,,,,,,,,,,,,,,,,,,,,,,,,,,,,,,,,,,,,,,,,,,,,,,,,,,,,,,,,,,,,,,,,,,,,,,,,,,,,,,,,,,,,,,,,,,,,,,,,,,,,,,,,,,,,,,,,,,,,,,,,,,,,,,,,,,,,,,,,,,,,,,,,,,,,,,,,,,,,,,563.5128365999553,563.5702479999745,563.5702479999745,563.5702479999745,563.5702479999745,563.5702479999745,563.5702479999745,563.5702479999745,0.131374099990353,564.0066487999866,g,0.3582874999847263,None,564.1342274000635,564.1837442000397,564.1837442000397,564.1837442000397,564.1837442000397,564.1837442000397,564.1837442000397,565.1741793999681,565.1826115000295,565.1826545000076,,,,,,,,,,,,,,,,,,,,,,,,,,,,,,,,,,,,,,,,,,,,,,,,,,,,,,,,,,,,,,,,,,,,,,,,,,,,,,,,,,,,,,,,,,1,2026-08-11_11h05.51.853,TSRlearn_main-blocks,,2025.1.1,59.95897607727807,2026-08-11 11h05.59.572092 +0200,
,,,,,,,,0,0,0,,,,1,stimuli/hammer/hammer_05.jpg,stimuli/hand/hand_30.jpg,None,yes,no,right,right,4,1.2,0.2,,0.59,2.05,sequences/learning_block1_fixed-middle-10_0{participant_ID}.xlsx,sequences/retrieval_block1_fixed-middle-10_0{participant_ID}.xlsx,6,block1,A,3,,,,,,,,,,,,,,,,,,,,,,,,,,,,0,0,0,3,A,7,8,b,g,0.39932100009173155,None,2,0.588844700017944,None,0.8523224999662489,None,,,,,,,,,,,,,0,0,0,0,2,0,2,0,,,,,0,0,0,0,571.2013250000309,,,,,,,,,,,,,,,,,,,,,,,,,,,,,,,,,,,,,,,,,,,,,,,,,,,,,,,,,,,,,,,,,,,,,,,,,,,,,,,,,,,,,,,,,,,,,,,,,,,,,,,,,,,,,,,,,,,,,,,,,,,,,,,,,,,,,,,,,,,,,,,,,,,,,,,,,,,,,,,,,,,,,,,,,,,,,,,,,,,,,,,,,,,,,,,,,,,,,,,,,,,,,,,,,,,,,,,,,,,,,,,,,,,,,,,,,,,,,,,,,,,,565.1879111999879,565.2041072000284,570.2189298999729,570.2047196000349,570.2048157999525,570.2189298999729,570.2189298999729,,,571.0871586999856,b,571.0872756000608,571.0873064000625,571.1923284999793,571.2013250000309,571.8210668000393,571.786920899991,571.7988276999677,571.8210668000393,572.8346452000551,572.8203338000458,572.8203669999493,572.8346452000551,573.0712036000332,573.0969591999892,573.1221417000052,574.1340840000194,574.1199854000006,574.1200178000145,574.1340840000194,574.3845189999556,574.3695856999839,574.3696112000616,574.3845189999556,576.4661117000505,576.4350560000166,576.4482418999542,576.4661117000505,576.4661117000505,576.4661117000505,576.4661117000505,576.4661117000505,576.9684829000616,g,0.39932100009173155,None,576.9705882000271,576.9706165000098,576.9723901000107,576.9992933999747,576.9992933999747,576.9992933999747,576.9992933999747,576.9992933999747,577.4830035000341,578.2012803000398,2,0.588844700017944,None,578.2033457000507,578.2033707000082,,,,,,,,,,,,,,,,,,,,,,,,,0.8523224999662489,None,,,1,2026-08-11_11h05.51.853,TSRlearn_main-blocks,,2025.1.1,59.95897607727807,2026-08-11 11h05.59.572092 +0200,
,,,,,,,,1,1,0,,,,1,stimuli/flower/flower_48.jpg,stimuli/bread/bread_40.jpg,None,yes,no,left,left,2,1.2,0.2,,0.62,2.15,sequences/learning_block1_fixed-middle-10_0{participant_ID}.xlsx,sequences/retrieval_block1_fixed-middle-10_0{participant_ID}.xlsx,6,block1,A,3,,,,,,,,,,,,,,,,,,,,,,,,,,,,0,1,1,3,A,6,3,b,b,0.5048226999351755,None,5,0.5999989999691024,None,0.8523224999662489,None,,,,,,,,,,,,,0,0,0,0,2,0,2,0,,,,,0,1,1,1,578.216150399996,,,,,,,,,,,,,,,,,,,,,,,,,,,,,,,,,,,,,,,,,,,,,,,,,,,,,,,,,,,,,,,,,,,,,,,,,,,,,,,,,,,,,,,,,,,,,,,,,,,,,,,,,,,,,,,,,,,,,,,,,,,,,,,,,,,,,,,,,,,,,,,,,,,,,,,,,,,,,,,,,,,,,,,,,,,,,,,,,,,,,,,,,,,,,,,,,,,,,,,,,,,,,,,,,,,,,,,,,,,,,,,,,,,,,,,,,,,,,,,,,,,,,,,,,,,,,,,,,578.2037274000468,578.216150399996,578.8897093000123,578.8354516000254,578.8762202999787,578.8897093000123,579.8995350999758,579.8843878000043,579.8844198000152,579.8995350999758,580.135051600053,580.157505900017,580.1683513000607,581.1822775000473,581.1679418999702,581.1679792000214,581.1822775000473,581.4317109000403,581.4172348000575,581.4172599000158,581.4317109000403,583.5976554000517,583.5670537999831,583.5798136000521,583.5976554000517,583.5976554000517,583.5976554000517,583.5976554000517,583.5976554000517,584.2331271000439,b,0.5048226999351755,None,584.2353862000164,584.2354136999929,584.2375255000079,584.2641614000313,584.2641614000313,584.2641614000313,584.2641614000313,584.2641614000313,584.7475534999976,585.4654670000309,5,0.5999989999691024,None,585.4675644000527,585.4675900000148,,,,,,,,,,,,,,,,,,,,,,,,,,,,,1,2026-08-11_11h05.51.853,TSRlearn_main-blocks,,2025.1.1,59.95897607727807,2026-08-11 11h05.59.572092 +0200,
,,,,,,,,2,2,0,,,,1,stimuli/ball/ball_39.jpg,stimuli/house/house_10.jpg,None,no,yes,left,left,3,1.2,0.2,,0.57,1.99,sequences/learning_block1_fixed-middle-10_0{participant_ID}.xlsx,sequences/retrieval_block1_fixed-middle-10_0{participant_ID}.xlsx,6,block1,A,3,,,,,,,,,,,,,,,,,,,,,,,,,,,,0,2,0,3,A,1,9,b,b,0.7411941000027582,None,5,1.2910925999749452,None,0.8523224999662489,None,,,,,,,,,,,,,0,0,0,0,2,0,2,0,,,,,0,2,2,2,585.4805727000348,,,,,,,,,,,,,,,,,,,,,,,,,,,,,,,,,,,,,,,,,,,,,,,,,,,,,,,,,,,,,,,,,,,,,,,,,,,,,,,,,,,,,,,,,,,,,,,,,,,,,,,,,,,,,,,,,,,,,,,,,,,,,,,,,,,,,,,,,,,,,,,,,,,,,,,,,,,,,,,,,,,,,,,,,,,,,,,,,,,,,,,,,,,,,,,,,,,,,,,,,,,,,,,,,,,,,,,,,,,,,,,,,,,,,,,,,,,,,,,,,,,,,,,,,,,,,,,,,585.4679397,585.4805727000348,586.084670900018,586.0491485999664,586.0708473999985,586.084670900018,587.0966045999667,587.0825515000615,587.0825872999849,587.0966045999667,587.332149200025,587.3446304999525,587.3660689999815,588.3796342000132,588.3651422000257,588.3651748000411,588.3796342000132,588.6296659000218,588.6149833999807,588.6150072000455,588.6296659000218,590.6449741000542,590.6140713000204,590.626463899971,590.6449741000542,590.6449741000542,590.6449741000542,590.6449741000542,590.6449741000542,591.5138341999846,b,0.7411941000027582,None,591.5160256000236,591.5160510999849,591.5179994000355,591.54491279996,591.54491279996,591.54491279996,591.54491279996,591.54491279996,592.0285572999856,592.0484638999915,5,1.2910925999749452,None,592.0505917000119,592.0506170999724,587.3660689999815,,,,,,,,,,,,,,,,,,,,,,,,,,,,1,2026-08-11_11h05.51.853,TSRlearn_main-blocks,,2025.1.1,59.95897607727807,2026-08-11 11h05.59.572092 +0200,
,,,,,,,,3,3,0,,,,1,stimuli/dog/dog_31.jpg,stimuli/chair/chair_15.jpg,None,yes,no,right,right,5,1.2,0.2,,0.6,1.82,sequences/learning_block1_fixed-middle-10_0{participant_ID}.xlsx,sequences/retrieval_block1_fixed-middle-10_0{participant_ID}.xlsx,6,block1,A,3,,,,,,,,,,,,,,,,,,,,,,,,,,,,0,3,0,3,A,5,4,b,b,0.5842284999089316,None,5,1.1762602999806404,None,0.8523224999662489,None,,,,,,,,,,,,,0,0,0,0,2,0,2,0,,,,,0,3,3,3,592.0620347999502,,,,,,,,,,,,,,,,,,,,,,,,,,,,,,,,,,,,,,,,,,,,,,,,,,,,,,,,,,,,,,,,,,,,,,,,,,,,,,,,,,,,,,,,,,,,,,,,,,,,,,,,,,,,,,,,,,,,,,,,,,,,,,,,,,,,,,,,,,,,,,,,,,,,,,,,,,,,,,,,,,,,,,,,,,,,,,,,,,,,,,,,,,,,,,,,,,,,,,,,,,,,,,,,,,,,,,,,,,,,,,,,,,,,,,,,,,,,,,,,,,,,,,,,,,,,,,,,,592.0509971999563,592.0620347999502,592.681001799996,592.6472817000467,592.6732543000253,592.681001799996,593.6950157999527,593.680095699965,593.6801277999766,593.6950157999527,593.9302802999737,593.9434239000548,593.963946999982,594.9770418000408,594.9626783999847,594.9627117000055,594.9770418000408,595.2280562999658,595.2126406000461,595.212666300009,595.2280562999658,597.0765591999516,597.0458201000001,597.0599290999817,597.0765591999516,597.0765591999516,597.0765591999516,597.0765591999516,597.0765591999516,597.7788256000495,b,0.5842284999089316,None,597.7809126999928,597.7809361000545,597.7827170999954,597.8101092999568,597.8101092999568,597.8101092999568,597.8101092999568,597.8101092999568,598.3099780000048,598.3622094000457,5,1.1762602999806404,None,598.3643287000014,598.3643529999536,,,,,,,,,,,,,,,,,,,,,,,,,,,,,1,2026-08-11_11h05.51.853,TSRlearn_main-blocks,,2025.1.1,59.95897607727807,2026-08-11 11h05.59.572092 +0200,
,,,,,,,,4,4,0,,,,1,stimuli/hand/hand_30.jpg,stimuli/flower/flower_48.jpg,None,no,yes,left,left,3,1.2,0.2,,0.51,1.76,sequences/learning_block1_fixed-middle-10_0{participant_ID}.xlsx,sequences/retrieval_block1_fixed-middle-10_0{participant_ID}.xlsx,6,block1,A,3,,,,,,,,,,,,,,,,,,,,,,,,,,,,1,4,0,3,A,8,6,b,b,0.6286622000625357,None,5,1.1443900000303984,None,0.8523224999662489,None,,,,,,,,,,,,,0,0,0,0,2,0,2,0,,,,,0,4,4,4,598.3766504999949,,,,,,,,,,,,,,,,,,,,,,,,,,,,,,,,,,,,,,,,,,,,,,,,,,,,,,,,,,,,,,,,,,,,,,,,,,,,,,,,,,,,,,,,,,,,,,,,,,,,,,,,,,,,,,,,,,,,,,,,,,,,,,,,,,,,,,,,,,,,,,,,,,,,,,,,,,,,,,,,,,,,,,,,,,,,,,,,,,,,,,,,,,,,,,,,,,,,,,,,,,,,,,,,,,,,,,,,,,,,,,,,,,,,,,,,,,,,,,,,,,,,,,,,,,,,,,,,,598.3646813000087,598.3766504999949,598.9123793999897,598.878513499978,598.902911299956,598.9123793999897,599.925905299955,599.9114458999829,599.9114776999922,599.925905299955,600.1614988000365,600.2015958999982,600.2157070999965,601.2256391999545,601.2129597000312,601.2129942000611,601.2256391999545,601.4759037999902,601.4614310000325,601.4614575000014,601.4759037999902,603.2580900000175,603.227456600056,603.2401098000119,603.2580900000175,603.2580900000175,603.2580900000175,603.2580900000175,603.2580900000175,604.0103619999718,b,0.6286622000625357,None,604.0124791000271,604.0125041999854,604.0143201999599,604.0410209000111,604.0410209000111,604.0410209000111,604.0410209000111,604.0410209000111,604.524972800049,604.5274162000278,5,1.1443900000303984,None,604.5297042999882,604.5297303999541,,,,,,,,,,,,,,,,,,,,,,,,,,,,,1,2026-08-11_11h05.51.853,TSRlearn_main-blocks,,2025.1.1,59.95897607727807,2026-08-11 11h05.59.572092 +0200,
,,,,,,,,5,5,0,,,,1,stimuli/bicycle/bicycle_18.jpg,stimuli/jacket/jacket_12.jpg,None,no,yes,right,right,5,1.2,0.2,,0.27,2.13,sequences/learning_block1_fixed-middle-10_0{participant_ID}.xlsx,sequences/retrieval_block1_fixed-middle-10_0{participant_ID}.xlsx,6,block1,A,3,,,,,,,,,,,,,,,,,,,,,,,,,,,,1,5,1,3,A,2,10,b,g,1.6055398000171408,None,2,0.5631308999145404,None,0.8523224999662489,None,,,,,,,,,,,,,0,0,0,0,2,0,2,0,,,,,0,5,5,5,604.5414884999627,,,,,,,,,,,,,,,,,,,,,,,,,,,,,,,,,,,,,,,,,,,,,,,,,,,,,,,,,,,,,,,,,,,,,,,,,,,,,,,,,,,,,,,,,,,,,,,,,,,,,,,,,,,,,,,,,,,,,,,,,,,,,,,,,,,,,,,,,,,,,,,,,,,,,,,,,,,,,,,,,,,,,,,,,,,,,,,,,,,,,,,,,,,,,,,,,,,,,,,,,,,,,,,,,,,,,,,,,,,,,,,,,,,,,,,,,,,,,,,,,,,,,,,,,,,,,,,,,604.5300984999631,604.5414884999627,604.8439891999587,604.810221599997,604.8242373999674,604.8439891999587,605.8578780000098,605.8434361000545,605.8434707999695,605.8578780000098,606.093244299991,606.1250274999766,606.14621539996,607.1571011999622,607.1424526000628,607.1424930000212,607.1571011999622,,607.3928747000173,607.392920000013,607.4073969000019,609.5558894999558,609.5259737999877,609.5394869999727,609.5558894999558,609.5558894999558,609.5558894999558,609.5558894999558,609.5558894999558,611.2913214999717,g,1.6055398000171408,None,611.2934721000493,611.2934956999961,611.2953588999808,611.3220353999641,611.3220353999641,611.3220353999641,611.3220353999641,611.3220353999641,611.8060322999954,612.4744098000228,2,0.5631308999145404,None,612.4765308999922,612.4765555000631,606.14621539996,,,,,,,,,,,,,,,,,,,,,,,,,,,,1,2026-08-11_11h05.51.853,TSRlearn_main-blocks,,2025.1.1,59.95897607727807,2026-08-11 11h05.59.572092 +0200,
,,,,,,,,6,6,0,,,,1,stimuli/hammer/hammer_05.jpg,stimuli/dog/dog_31.jpg,None,no,yes,right,right,2,1.2,0.2,,0.58,1.8,sequences/learning_block1_fixed-middle-10_0{participant_ID}.xlsx,sequences/retrieval_block1_fixed-middle-10_0{participant_ID}.xlsx,6,block1,A,3,,,,,,,,,,,,,,,,,,,,,,,,,,,,1,6,1,3,A,7,5,b,b,1.0947243999689817,None,4,0.8517604999942705,None,0.8523224999662489,None,,,,,,,,,,,,,0,0,0,0,2,0,2,0,,,,,0,6,6,6,612.489190799999,,,,,,,,,,,,,,,,,,,,,,,,,,,,,,,,,,,,,,,,,,,,,,,,,,,,,,,,,,,,,,,,,,,,,,,,,,,,,,,,,,,,,,,,,,,,,,,,,,,,,,,,,,,,,,,,,,,,,,,,,,,,,,,,,,,,,,,,,,,,,,,,,,,,,,,,,,,,,,,,,,,,,,,,,,,,,,,,,,,,,,,,,,,,,,,,,,,,,,,,,,,,,,,,,,,,,,,,,,,,,,,,,,,,,,,,,,,,,,,,,,,,,,,,,,,,,,,,,612.4768846000079,612.489190799999,613.0899976999499,613.0565236000111,613.0687179999659,613.0899976999499,614.1047763000242,614.0906309999991,614.0906646000221,614.1047763000242,614.3407284000423,614.367177600041,614.3912942999741,615.4043819999788,615.3900475000264,615.3900801000418,615.4043819999788,615.6542039000196,615.6392781999893,615.6393019000534,615.6542039000196,617.4701295000268,617.4395445999689,617.4532907999819,617.4701295000268,617.4701295000268,617.4701295000268,617.4701295000268,617.4701295000268,618.6725949000102,b,1.0947243999689817,None,618.6747061000206,618.6747307999758,618.6764601999894,618.7031545999926,618.7031545999926,618.7031545999926,618.7031545999926,618.7031545999926,619.1866034000413,620.1554709000047,4,0.8517604999942705,None,620.1576598000247,620.1576899000211,,,,,,,,,,,,,,,,,,,,,,,,,,,,,1,2026-08-11_11h05.51.853,TSRlearn_main-blocks,,2025.1.1,59.95897607727807,2026-08-11 11h05.59.572092 +0200,
,,,,,,,,7,7,0,,,,1,stimuli/ball/ball_39.jpg,stimuli/chair/chair_15.jpg,None,no,yes,left,left,4,1.2,0.2,,0.35,2.07,sequences/learning_block1_fixed-middle-10_0{participant_ID}.xlsx,sequences/retrieval_block1_fixed-middle-10_0{participant_ID}.xlsx,6,block1,A,3,,,,,,,,,,,,,,,,,,,,,,,,,,,,1,7,0,3,A,1,4,b,g,0.6451464999699965,None,2,0.5539765000576153,None,0.8523224999662489,None,,,,,,,,,,,,,0,0,0,0,2,0,2,0,,,,,0,7,7,7,620.1699105000589,,,,,,,,,,,,,,,,,,,,,,,,,,,,,,,,,,,,,,,,,,,,,,,,,,,,,,,,,,,,,,,,,,,,,,,,,,,,,,,,,,,,,,,,,,,,,,,,,,,,,,,,,,,,,,,,,,,,,,,,,,,,,,,,,,,,,,,,,,,,,,,,,,,,,,,,,,,,,,,,,,,,,,,,,,,,,,,,,,,,,,,,,,,,,,,,,,,,,,,,,,,,,,,,,,,,,,,,,,,,,,,,,,,,,,,,,,,,,,,,,,,,,,,,,,,,,,,,,620.158030700055,620.1699105000589,620.5390758999856,620.5050397999585,620.5281081000576,620.5390758999856,621.552367700031,621.5383208000567,621.5383546999656,621.552367700031,621.7882806999842,621.8005396999652,621.8216645000502,622.8356538000517,622.821257899981,622.8212907999987,622.8356538000517,,623.0714325000299,623.0714761000127,623.0860516000539,625.1842983999522,625.1534550000215,625.1656002999516,625.1842983999522,625.1842983999522,625.1842983999522,625.1842983999522,625.1842983999522,625.9540780000389,g,0.6451464999699965,None,625.9563935999759,625.9564208999509,625.9581868000096,625.9845200000564,625.9845200000564,625.9845200000564,625.9845200000564,625.9845200000564,626.4679141000379,627.1369226999814,2,0.5539765000576153,None,627.1392952000024,627.1393339999486,621.8216645000502,,,,,,,,,,,,,,,,,,,,,,,,,,,,1,2026-08-11_11h05.51.853,TSRlearn_main-blocks,,2025.1.1,59.95897607727807,2026-08-11 11h05.59.572092 +0200,
,,,,,,,,8,8,0,,,,1,stimuli/hammer/hammer_05.jpg,stimuli/bread/bread_40.jpg,None,no,yes,left,left,5,1.2,0.2,,0.41,1.88,sequences/learning_block1_fixed-middle-10_0{participant_ID}.xlsx,sequences/retrieval_block1_fixed-middle-10_0{participant_ID}.xlsx,6,block1,A,3,,,,,,,,,,,,,,,,,,,,,,,,,,,,2,8,0,3,A,7,3,b,b,0.4302945000817999,None,2,0.39651540003251284,None,0.8523224999662489,None,,,,,,,,,,,,,0,0,0,0,2,0,2,0,,,,,0,8,8,8,627.1512416000478,,,,,,,,,,,,,,,,,,,,,,,,,,,,,,,,,,,,,,,,,,,,,,,,,,,,,,,,,,,,,,,,,,,,,,,,,,,,,,,,,,,,,,,,,,,,,,,,,,,,,,,,,,,,,,,,,,,,,,,,,,,,,,,,,,,,,,,,,,,,,,,,,,,,,,,,,,,,,,,,,,,,,,,,,,,,,,,,,,,,,,,,,,,,,,,,,,,,,,,,,,,,,,,,,,,,,,,,,,,,,,,,,,,,,,,,,,,,,,,,,,,,,,,,,,,,,,,,,627.1397221999941,627.1512416000478,627.5867937000003,627.5527866999619,627.5663521999959,627.5867937000003,628.6008652000455,628.5863543000305,628.5863883000566,628.6008652000455,628.8355082999915,628.8573622000404,628.8702947000274,629.8836072999984,629.8695023000473,629.8695382999722,629.8836072999984,630.1336311999476,630.1189739999827,630.1189995000605,630.1336311999476,632.032176699955,632.0018791999901,632.0149363999953,632.032176699955,632.032176699955,632.032176699955,632.032176699955,632.032176699955,632.5868656999664,b,0.4302945000817999,None,632.589111099951,632.5891379000386,632.5910567999817,632.6155434000539,632.6155434000539,632.6155434000539,632.6155434000539,632.6155434000539,633.0994328999659,633.6180228999583,2,0.39651540003251284,None,633.6202156000072,633.6202397999587,628.8702947000274,,,,,,,,,,,,,,,,,,,,,,,,,,,,1,2026-08-11_11h05.51.853,TSRlearn_main-blocks,,2025.1.1,59.95897607727807,2026-08-11 11h05.59.572092 +0200,
,,,,,,,,9,9,0,,,,1,stimuli/bicycle/bicycle_18.jpg,stimuli/chair/chair_15.jpg,None,no,yes,right,right,3,1.2,0.2,,0.51,2,sequences/learning_block1_fixed-middle-10_0{participant_ID}.xlsx,sequences/retrieval_block1_fixed-middle-10_0{participant_ID}.xlsx,6,block1,A,3,,,,,,,,,,,,,,,,,,,,,,,,,,,,2,9,1,3,A,2,4,b,g,0.4432216000277549,None,2,0.2184024000307545,None,0.8523224999662489,None,,,,,,,,,,,,,0,0,0,0,2,0,2,0,,,,,0,9,9,9,633.6324804000324,,,,,,,,,,,,,,,,,,,,,,,,,,,,,,,,,,,,,,,,,,,,,,,,,,,,,,,,,,,,,,,,,,,,,,,,,,,,,,,,,,,,,,,,,,,,,,,,,,,,,,,,,,,,,,,,,,,,,,,,,,,,,,,,,,,,,,,,,,,,,,,,,,,,,,,,,,,,,,,,,,,,,,,,,,,,,,,,,,,,,,,,,,,,,,,,,,,,,,,,,,,,,,,,,,,,,,,,,,,,,,,,,,,,,,,,,,,,,,,,,,,,,,,,,,,,,,,,,633.6205787999788,633.6324804000324,634.1679503000341,634.13378439995,634.14583579998,634.1679503000341,635.1815809999825,635.167542799958,635.1675813000184,635.1815809999825,635.4175761999795,635.430178700015,635.4513040999882,636.4644806999713,636.4501311000204,636.4501720999833,636.4644806999713,,636.7004261000548,636.7004650000017,636.7144299000502,638.7302802000195,638.6996719000163,638.7131811999716,638.7302802000195,638.7302802000195,638.7302802000195,638.7302802000195,638.7302802000195,639.2827653000131,g,0.4432216000277549,None,639.2850748000201,639.2851209000219,639.2876762000378,639.3136347000254,639.3136347000254,639.3136347000254,639.3136347000254,639.3136347000254,639.796652900055,640.1160251999972,2,0.2184024000307545,None,640.1183126999531,640.1183404000476,635.4513040999882,,,,,,,,,,,,,,,,,,,,,,,,,,,,1,2026-08-11_11h05.51.853,TSRlearn_main-blocks,,2025.1.1,59.95897607727807,2026-08-11 11h05.59.572092 +0200,
,,,,,,,,10,10,0,,,,1,stimuli/house/house_10.jpg,stimuli/dog/dog_31.jpg,None,yes,no,left,left,4,1.2,0.2,,0.58,2.25,sequences/learning_block1_fixed-middle-10_0{participant_ID}.xlsx,sequences/retrieval_block1_fixed-middle-10_0{participant_ID}.xlsx,6,block1,A,3,,,,,,,,,,,,,,,,,,,,,,,,,,,,2,10,1,3,A,9,5,b,b,0.48064800002612174,None,4,0.9816530999960378,None,0.8523224999662489,None,,,,,,,,,,,,,0,0,0,0,2,0,2,0,,,,,0,10,10,10,640.1303242000286,,,,,,,,,,,,,,,,,,,,,,,,,,,,,,,,,,,,,,,,,,,,,,,,,,,,,,,,,,,,,,,,,,,,,,,,,,,,,,,,,,,,,,,,,,,,,,,,,,,,,,,,,,,,,,,,,,,,,,,,,,,,,,,,,,,,,,,,,,,,,,,,,,,,,,,,,,,,,,,,,,,,,,,,,,,,,,,,,,,,,,,,,,,,,,,,,,,,,,,,,,,,,,,,,,,,,,,,,,,,,,,,,,,,,,,,,,,,,,,,,,,,,,,,,,,,,,,,,640.1187093000626,640.1303242000286,640.7326481000055,640.6992165000411,640.7127815999556,640.7326481000055,641.746276800055,641.731556499959,641.7315895999782,641.746276800055,641.9823603000259,642.0100861999672,642.032202500035,643.0462465999881,643.0324558999855,643.0324896000093,643.0462465999881,643.2958792999852,643.2816283999709,643.2816532000434,643.2958792999852,645.5610959000187,645.5304357999703,645.5427734999685,645.5610959000187,645.5610959000187,645.5610959000187,645.5610959000187,645.5610959000187,646.1633670000592,b,0.48064800002612174,None,646.1655243999558,646.165550100035,646.1673818000127,646.1946576000191,646.1946576000191,646.1946576000191,646.1946576000191,646.1946576000191,646.6779513000511,647.7800130000105,4,0.9816530999960378,None,647.7823235000251,647.7823516000062,,,,,,,,,,,,,,,,,,,,,,,,,,,,,1,2026-08-11_11h05.51.853,TSRlearn_main-blocks,,2025.1.1,59.95897607727807,2026-08-11 11h05.59.572092 +0200,
,,,,,,,,11,11,0,,,,1,stimuli/ball/ball_39.jpg,stimuli/jacket/jacket_12.jpg,None,yes,no,right,right,2,1.2,0.2,,0.58,2.1,sequences/learning_block1_fixed-middle-10_0{participant_ID}.xlsx,sequences/retrieval_block1_fixed-middle-10_0{participant_ID}.xlsx,6,block1,A,3,,,,,,,,,,,,,,,,,,,,,,,,,,,,2,11,0,3,A,1,10,b,None,,,None,,,0.8523224999662489,None,,,,,,,,,,,,,0,0,0,0,2,0,2,0,,,,,0,11,11,11,647.7943074000068,,,,,,,,,,,,,,,,,,,,,,,,,,,,,,,,,,,,,,,,,,,,,,,,,,,,,,,,,,,,,,,,,,,,,,,,,,,,,,,,,,,,,,,,,,,,,,,,,,,,,,,,,,,,,,,,,,,,,,,,,,,,,,,,,,,,,,,,,,,,,,,,,,,,,,,,,,,,,,,,,,,,,,,,,,,,,,,,,,,,,,,,,,,,,,,,,,,,,,,,,,,,,,,,,,,,,,,,,,,,,,,,,,,,,,,,,,,,,,,,,,,,,,,,,,,,,,,,,647.7827225000365,647.7943074000068,648.4800809000153,648.4301406999584,648.4521559999557,648.4800809000153,649.493838800001,649.4798101000488,649.4798455999698,649.493838800001,649.7288550999947,649.7566436000634,649.7799701000331,650.7935257999925,650.7789829999674,650.7790195000125,650.7935257999925,,651.0291843999876,651.0292330000084,651.0437585000182,653.1761066999752,653.1338069000049,653.1470035000239,653.1761066999752,653.1761066999752,653.1761066999752,653.1761066999752,653.1761066999752,656.162423599977,None,,,656.1648938000435,656.6754400000209,656.6787254000083,656.7105706000002,656.7105706000002,656.7105706000002,656.7105706000002,656.7105706000002,657.1749256000621,660.1642706999555,None,,,660.167445100029,660.6599591999548,649.7799701000331,,,,656.1751134999795,656.7105706000002,659.7285931999795,659.7285931999795,659.7285931999795,659.7285931999795,659.7285931999795,660.1742443999974,660.1742443999974,660.6744504000526,,,,,,,,,,,,,,,1,2026-08-11_11h05.51.853,TSRlearn_main-blocks,,2025.1.1,59.95897607727807,2026-08-11 11h05.59.572092 +0200,
,,,,,,,,12,12,0,,,,1,stimuli/flower/flower_48.jpg,stimuli/chair/chair_15.jpg,None,no,yes,right,right,4,1.2,0.2,,0.62,2.2,sequences/learning_block1_fixed-middle-10_0{participant_ID}.xlsx,sequences/retrieval_block1_fixed-middle-10_0{participant_ID}.xlsx,6,block1,A,3,,,,,,,,,,,,,,,,,,,,,,,,,,,,3,12,1,3,A,6,4,b,None,,,None,,,0.8523224999662489,None,,,,,,,,,,,,,0,0,0,0,2,0,2,0,,,,,0,12,12,12,660.6744504000526,,,,,,,,,,,,,,,,,,,,,,,,,,,,,,,,,,,,,,,,,,,,,,,,,,,,,,,,,,,,,,,,,,,,,,,,,,,,,,,,,,,,,,,,,,,,,,,,,,,,,,,,,,,,,,,,,,,,,,,,,,,,,,,,,,,,,,,,,,,,,,,,,,,,,,,,,,,,,,,,,,,,,,,,,,,,,,,,,,,,,,,,,,,,,,,,,,,,,,,,,,,,,,,,,,,,,,,,,,,,,,,,,,,,,,,,,,,,,,,,,,,,,,,,,,,,,,,,,660.6605474000098,660.6744504000526,661.3643171000294,661.2923179999925,661.3367294999771,661.3643171000294,662.3729822000023,662.3588875000132,662.35892899998,662.3729822000023,662.6089589999756,662.62269009999,662.6427867000457,663.6563304000301,663.6468772999942,663.6469236999983,663.6563304000301,663.9113598000258,663.8928528999677,663.8928897000151,663.9113598000258,666.1382360999705,666.1074616999831,666.121385699953,666.1382360999705,666.1382360999705,666.1382360999705,666.1382360999705,666.1382360999705,669.1277844000142,None,,,669.1302829000633,669.6230930000311,669.6258826999692,669.6534904000582,669.6534904000582,669.6534904000582,669.6534904000582,669.6534904000582,670.1372714999598,673.124536999967,None,,,673.1270295999711,673.6223508999683,662.6427867000457,669.1380524999695,669.1380524999695,669.1380524999695,669.1380524999695,669.6534904000582,672.6535614000168,672.6535614000168,672.6535614000168,672.6535614000168,672.6535614000168,673.1365419999929,673.1365419999929,673.6363916000118,,,,,,,,,,,,,,,1,2026-08-11_11h05.51.853,TSRlearn_main-blocks,,2025.1.1,59.95897607727807,2026-08-11 11h05.59.572092 +0200,
,,,,,,,,13,13,0,,,,1,stimuli/hammer/hammer_05.jpg,stimuli/house/house_10.jpg,None,no,yes,left,left,2,1.2,0.2,,0.68,2.2,sequences/learning_block1_fixed-middle-10_0{participant_ID}.xlsx,sequences/retrieval_block1_fixed-middle-10_0{participant_ID}.xlsx,6,block1,A,3,,,,,,,,,,,,,,,,,,,,,,,,,,,,3,13,0,3,A,7,9,b,None,,,None,,,0.8523224999662489,None,,,,,,,,,,,,,0,0,0,0,2,0,2,0,,,,,0,13,13,13,673.6363916000118,,,,,,,,,,,,,,,,,,,,,,,,,,,,,,,,,,,,,,,,,,,,,,,,,,,,,,,,,,,,,,,,,,,,,,,,,,,,,,,,,,,,,,,,,,,,,,,,,,,,,,,,,,,,,,,,,,,,,,,,,,,,,,,,,,,,,,,,,,,,,,,,,,,,,,,,,,,,,,,,,,,,,,,,,,,,,,,,,,,,,,,,,,,,,,,,,,,,,,,,,,,,,,,,,,,,,,,,,,,,,,,,,,,,,,,,,,,,,,,,,,,,,,,,,,,,,,,,,673.6229789999779,673.6363916000118,674.3428461999865,674.3070139000192,674.3244589000242,674.3428461999865,675.3522859000368,675.3379045999609,675.3379481000593,675.3522859000368,675.5875826999545,675.6044702000218,675.6216827000026,676.6356985999737,676.6217888999963,676.6218368000118,676.6356985999737,,676.8782243999885,676.8782944000559,676.8907677000389,679.1173311000457,679.0871150000021,679.1015938000055,679.1173311000457,679.1173311000457,679.1173311000457,679.1173311000457,679.1173311000457,682.1045211000601,None,,,682.1064207999734,682.6026593999704,682.6057050999952,682.6329289999558,682.6329289999558,682.6329289999558,682.6329289999558,682.6329289999558,683.1167495000409,686.1061347000068,None,,,686.1088029999519,686.618029300007,675.6216827000026,682.1171841999749,682.1171841999749,682.1171841999749,682.1171841999749,682.6329289999558,685.6326939000282,685.6326939000282,685.6326939000282,685.6326939000282,685.6326939000282,686.1202386999503,686.1202386999503,686.6321390999947,,,,,,,,,,,,,,,1,2026-08-11_11h05.51.853,TSRlearn_main-blocks,,2025.1.1,59.95897607727807,2026-08-11 11h05.59.572092 +0200,
,,,,,,,,14,14,0,,,,1,stimuli/hand/hand_30.jpg,stimuli/ball/ball_39.jpg,None,yes,no,left,left,5,1.2,0.2,,0.68,2.09,sequences/learning_block1_fixed-middle-10_0{participant_ID}.xlsx,sequences/retrieval_block1_fixed-middle-10_0{participant_ID}.xlsx,6,block1,A,3,,,,,,,,,,,,,,,,,,,,,,,,,,,,3,14,1,3,A,8,1,b,None,,,None,,,0.8523224999662489,None,,,,,,,,,,,,,0,0,0,0,2,0,2,0,,,,,0,14,14,14,686.6321390999947,,,,,,,,,,,,,,,,,,,,,,,,,,,,,,,,,,,,,,,,,,,,,,,,,,,,,,,,,,,,,,,,,,,,,,,,,,,,,,,,,,,,,,,,,,,,,,,,,,,,,,,,,,,,,,,,,,,,,,,,,,,,,,,,,,,,,,,,,,,,,,,,,,,,,,,,,,,,,,,,,,,,,,,,,,,,,,,,,,,,,,,,,,,,,,,,,,,,,,,,,,,,,,,,,,,,,,,,,,,,,,,,,,,,,,,,,,,,,,,,,,,,,,,,,,,,,,,,,686.6185874999501,686.6321390999947,687.3513096000534,687.3014512000373,687.3286192000378,687.3513096000534,688.3510593000101,688.3379093999974,688.3379539999878,688.3510593000101,688.6005269000307,688.6242591000628,688.6345502999611,689.6479116999544,689.634428899968,689.6344720000634,689.6479116999544,689.8979762999807,689.8837379000615,689.883770299959,689.8979762999807,692.0134106000187,691.9834954000544,691.9970776999835,692.0134106000187,692.0134106000187,692.0134106000187,692.0134106000187,692.0134106000187,695.0003297999501,None,,,695.0026248999638,695.4984677999746,695.5009114999557,695.5288284999551,695.5288284999551,695.5288284999551,695.5288284999551,695.5288284999551,696.0122865999583,698.9995520999655,None,,,699.0024269999703,699.4970828000223,,695.0127700000303,695.0127700000303,695.0127700000303,695.0127700000303,695.5288284999551,698.5285052000545,698.5285052000545,698.5285052000545,698.5285052000545,698.5285052000545,699.0115639000433,699.0115639000433,699.5114127000561,,,,,,,,,,,,,,,1,2026-08-11_11h05.51.853,TSRlearn_main-blocks,,2025.1.1,59.95897607727807,2026-08-11 11h05.59.572092 +0200,
,,,,,,,,15,15,0,,,,1,stimuli/jacket/jacket_12.jpg,stimuli/dog/dog_31.jpg,None,yes,no,left,left,3,1.2,0.2,,0.35,2.13,sequences/learning_block1_fixed-middle-10_0{participant_ID}.xlsx,sequences/retrieval_block1_fixed-middle-10_0{participant_ID}.xlsx,6,block1,A,3,,,,,,,,,,,,,,,,,,,,,,,,,,,,3,15,1,3,A,10,5,b,None,,,None,,,0.8523224999662489,None,,,,,,,,,,,,,0,0,0,0,2,0,2,0,,,,,0,15,15,15,699.5114127000561,,,,,,,,,,,,,,,,,,,,,,,,,,,,,,,,,,,,,,,,,,,,,,,,,,,,,,,,,,,,,,,,,,,,,,,,,,,,,,,,,,,,,,,,,,,,,,,,,,,,,,,,,,,,,,,,,,,,,,,,,,,,,,,,,,,,,,,,,,,,,,,,,,,,,,,,,,,,,,,,,,,,,,,,,,,,,,,,,,,,,,,,,,,,,,,,,,,,,,,,,,,,,,,,,,,,,,,,,,,,,,,,,,,,,,,,,,,,,,,,,,,,,,,,,,,,,,,,,699.4976418999722,699.5114127000561,699.8974068999523,699.8468607000541,699.8833878999576,699.8974068999523,700.9111282000085,700.896577800042,700.896615399979,700.9111282000085,701.1462092000293,701.1744343000464,701.1966939000413,702.2107590000378,702.1969205000205,702.1969678000314,702.2107590000378,702.4602765999734,702.445980999968,702.4460136999842,702.4602765999734,704.6092013999587,704.5789615999674,704.5928364000283,704.6092013999587,704.6092013999587,704.6092013999587,704.6092013999587,704.6092013999587,707.596609900007,None,,,707.5996469999664,708.0950910999672,708.0979804999661,708.124831299996,708.124831299996,708.124831299996,708.124831299996,708.124831299996,708.6085018999875,711.5985735000577,None,,,711.6027627000585,712.0935622999677,701.1966939000413,707.6091408999637,707.6091408999637,707.6091408999637,707.6091408999637,708.124831299996,711.124818900018,711.124818900018,711.124818900018,711.124818900018,711.124818900018,711.6080207000487,711.6080207000487,712.1075946000637,,,,,,,,,,,,,,,1,2026-08-11_11h05.51.853,TSRlearn_main-blocks,,2025.1.1,59.95897607727807,2026-08-11 11h05.59.572092 +0200,
,,,,,,,,16,16,0,,,,1,stimuli/house/house_10.jpg,stimuli/flower/flower_48.jpg,None,yes,no,right,right,5,1.2,0.2,,0.27,2.1,sequences/learning_block1_fixed-middle-10_0{participant_ID}.xlsx,sequences/retrieval_block1_fixed-middle-10_0{participant_ID}.xlsx,6,block1,A,3,,,,,,,,,,,,,,,,,,,,,,,,,,,,4,16,0,3,A,9,6,b,None,,,None,,,0.8523224999662489,None,,,,,,,,,,,,,0,0,0,0,2,0,2,0,,,,,0,16,16,16,712.1075946000637,,,,,,,,,,,,,,,,,,,,,,,,,,,,,,,,,,,,,,,,,,,,,,,,,,,,,,,,,,,,,,,,,,,,,,,,,,,,,,,,,,,,,,,,,,,,,,,,,,,,,,,,,,,,,,,,,,,,,,,,,,,,,,,,,,,,,,,,,,,,,,,,,,,,,,,,,,,,,,,,,,,,,,,,,,,,,,,,,,,,,,,,,,,,,,,,,,,,,,,,,,,,,,,,,,,,,,,,,,,,,,,,,,,,,,,,,,,,,,,,,,,,,,,,,,,,,,,,,712.0941462999908,712.1075946000637,712.4109226999572,712.377093499992,712.392705700011,712.4109226999572,713.4238869999535,713.4091634999495,713.409205700038,713.4238869999535,713.6590124999639,713.7026347999927,713.731324500055,714.7406753000105,714.7258590999991,714.725901799975,714.7406753000105,,714.9761137999594,714.9761686000274,714.9899660999654,717.1219977999572,717.0755952000618,717.0893529000459,717.1219977999572,717.1219977999572,717.1219977999572,717.1219977999572,717.1219977999572,720.092471400043,None,,,720.0951011000434,720.5904040000169,720.5942990999902,720.6209734999575,720.6209734999575,720.6209734999575,720.6209734999575,720.6209734999575,721.1045560999773,724.0924508000026,None,,,724.0949715999886,724.6063147999812,713.731324500055,,,,720.104976600036,720.6209734999575,723.6204649000429,723.6204649000429,723.6204649000429,723.6204649000429,723.6204649000429,724.1078598999884,724.1078598999884,724.6203516999958,,,,,,,,,,,,,,,1,2026-08-11_11h05.51.853,TSRlearn_main-blocks,,2025.1.1,59.95897607727807,2026-08-11 11h05.59.572092 +0200,
,,,,,,,,17,17,0,,,,1,stimuli/hammer/hammer_05.jpg,stimuli/chair/chair_15.jpg,None,yes,no,right,right,3,1.2,0.2,,0.38,1.83,sequences/learning_block1_fixed-middle-10_0{participant_ID}.xlsx,sequences/retrieval_block1_fixed-middle-10_0{participant_ID}.xlsx,6,block1,A,3,,,,,,,,,,,,,,,,,,,,,,,,,,,,4,17,0,3,A,7,4,b,None,,,None,,,0.8523224999662489,None,,,,,,,,,,,,,0,0,0,0,2,0,2,0,,,,,0,17,17,17,724.6203516999958,,,,,,,,,,,,,,,,,,,,,,,,,,,,,,,,,,,,,,,,,,,,,,,,,,,,,,,,,,,,,,,,,,,,,,,,,,,,,,,,,,,,,,,,,,,,,,,,,,,,,,,,,,,,,,,,,,,,,,,,,,,,,,,,,,,,,,,,,,,,,,,,,,,,,,,,,,,,,,,,,,,,,,,,,,,,,,,,,,,,,,,,,,,,,,,,,,,,,,,,,,,,,,,,,,,,,,,,,,,,,,,,,,,,,,,,,,,,,,,,,,,,,,,,,,,,,,,,,724.6067097999621,724.6203516999958,725.0229154999834,724.9889401999535,725.004202799988,725.0229154999834,726.0363221999723,726.0219434000319,726.0219870000146,726.0363221999723,726.2760653999867,726.2955254999688,726.311315500061,727.3041484999703,727.2962844000431,727.2963316000532,727.3041484999703,,727.5546466000378,727.5547035000054,727.5692746000132,729.4553609000286,729.4058362999931,729.4194351000478,729.4553609000286,729.4553609000286,729.4553609000286,729.4553609000286,729.4553609000286,732.4223467999836,None,,,732.4258993000258,732.9366956000449,732.9392990999622,732.9669727999717,732.9669727999717,732.9669727999717,732.9669727999717,732.9669727999717,733.4385082999943,736.4398619000567,None,,,736.4435972999781,736.9353637000313,,,,,732.4356036999961,732.9669727999717,735.9667393000564,735.9667393000564,735.9667393000564,735.9667393000564,735.9667393000564,736.449982500053,736.449982500053,736.9496864000103,,,,,,,,,,,,,,,1,2026-08-11_11h05.51.853,TSRlearn_main-blocks,,2025.1.1,59.95897607727807,2026-08-11 11h05.59.572092 +0200,
,,,,,,,,18,18,0,,,,1,stimuli/bread/bread_40.jpg,stimuli/jacket/jacket_12.jpg,None,no,yes,right,right,4,1.2,0.2,,0.63,1.95,sequences/learning_block1_fixed-middle-10_0{participant_ID}.xlsx,sequences/retrieval_block1_fixed-middle-10_0{participant_ID}.xlsx,6,block1,A,3,,,,,,,,,,,,,,,,,,,,,,,,,,,,4,18,1,3,A,3,10,b,None,,,None,,,0.8523224999662489,None,,,,,,,,,,,,,0,0,0,0,2,0,2,0,,,,,0,18,18,18,736.9496864000103,,,,,,,,,,,,,,,,,,,,,,,,,,,,,,,,,,,,,,,,,,,,,,,,,,,,,,,,,,,,,,,,,,,,,,,,,,,,,,,,,,,,,,,,,,,,,,,,,,,,,,,,,,,,,,,,,,,,,,,,,,,,,,,,,,,,,,,,,,,,,,,,,,,,,,,,,,,,,,,,,,,,,,,,,,,,,,,,,,,,,,,,,,,,,,,,,,,,,,,,,,,,,,,,,,,,,,,,,,,,,,,,,,,,,,,,,,,,,,,,,,,,,,,,,,,,,,,,,736.9359178000595,736.9496864000103,737.6189004000043,737.5688962000422,737.5964422000106,737.6189004000043,738.6324506000383,738.6182362999534,738.6182802000549,738.6324506000383,738.8683186999988,738.9035040000454,738.9189102000091,739.9323189000133,739.9181793000316,739.9182138000615,739.9323189000133,740.1818879999919,740.1671744000632,740.1672077999683,740.1818879999919,742.1476362999529,742.1172007999849,742.1308478000574,742.1476362999529,742.1476362999529,742.1476362999529,742.1476362999529,742.1476362999529,745.1345223999815,None,,,745.1368454999756,745.6321834999835,745.6347749000415,745.6631423999788,745.6631423999788,745.6631423999788,745.6631423999788,745.6631423999788,746.1468519000337,749.151893000002,None,,,749.1552033000626,749.6488587999484,738.9189102000091,745.1472366000526,745.1472366000526,745.1472366000526,745.1472366000526,745.6631423999788,748.6624391999794,748.6624391999794,748.6624391999794,748.6624391999794,748.6624391999794,749.1625913999742,749.1625913999742,749.6625507000135,,,,,,,,,,,,,,,1,2026-08-11_11h05.51.853,TSRlearn_main-blocks,,2025.1.1,59.95897607727807,2026-08-11 11h05.59.572092 +0200,
,,,,,,,,19,19,0,,,,1,stimuli/bicycle/bicycle_18.jpg,stimuli/hand/hand_30.jpg,None,yes,no,left,left,2,1.2,0.2,,0.6,2.21,sequences/learning_block1_fixed-middle-10_0{participant_ID}.xlsx,sequences/retrieval_block1_fixed-middle-10_0{participant_ID}.xlsx,6,block1,A,3,,,,,,,,,,,,,,,,,,,,,,,,,,,,4,19,1,3,A,2,8,b,None,,,None,,,0.8523224999662489,None,,,,,,,,,,,,,0,0,0,0,2,0,2,0,,,,,0,19,19,19,749.6625507000135,,,,,,,,,,,,,,,,,,,,,,,,,,,,,,,,,,,,,,,,,,,,,,,,,,,,,,,,,,,,,,,,,,,,,,,,,,,,,,,,,,,,,,,,,,,,,,,,,,,,,,,,,,,,,,,,,,,,,,,,,,,,,,,,,,,,,,,,,,,,,,,,,,,,,,,,,,,,,,,,,,,,,,,,,,,,,,,,,,,,,,,,,,,,,,,,,,,,,,,,,,,,,,,,,,,,,,,,,,,,,,,,,,,,,,,,,,,,,,,,,,,,,,,,,,,,,,,,,749.6494077000534,749.6625507000135,750.2816382000456,750.2473379999865,750.2654291000217,750.2816382000456,751.2951332000084,751.2815985999769,751.281645799987,751.2951332000084,751.530446400051,751.5586957000196,751.5816694999812,752.5951137000229,752.5815173999872,752.5815756999655,752.5951137000229,752.8446970999939,752.8307782000629,752.8308138999855,752.8446970999939,755.0768872000044,755.0462337000063,755.0589401000179,755.0768872000044,755.0768872000044,755.0768872000044,755.0768872000044,755.0768872000044,758.0646866000025,None,,,758.0673299999908,758.5612462999998,758.5639404000249,758.5921219000593,758.5921219000593,758.5921219000593,758.5921219000593,758.5921219000593,759.076021600049,762.0639435000485,None,,,762.0665591000579,762.5609535999829,751.5816694999812,758.0763412000379,758.0763412000379,758.0763412000379,758.0763412000379,758.5921219000593,761.5920490999706,761.5920490999706,761.5920490999706,761.5920490999706,761.5920490999706,762.0752277000574,762.0752277000574,762.5752498999937,,,,,,,,,,,,,,,1,2026-08-11_11h05.51.853,TSRlearn_main-blocks,,2025.1.1,59.95897607727807,2026-08-11 11h05.59.572092 +0200,
stimuli/fish/fish_01.jpg,stimuli/guitar/guitar_01.jpg,stimuli/house/house_10.jpg,stimuli/key/key_01.jpg,right,center,left,right,0,0,0,,,,,,,,,,,,,,,,,,sequences/learning_block1_fixed-middle-10_0{participant_ID}.xlsx,sequences/retrieval_block1_fixed-middle-10_0{participant_ID}.xlsx,6,1.0,A,4,1,fish,guitar,house,key,0.53,0.2,2,fish,1,stimuli/fish/fish_01.jpg,guitar,1,stimuli/guitar/guitar_01.jpg,lamp,1,stimuli/lamp/lamp_01.jpg,key,1,stimuli/key/key_01.jpg,12,13,9,15,r,4.805534900049679,None,,,,,,,,,,,,,,,,,,,,,,,,,,,,,0,0,0,0,3,0,3,0,0,0,0,0,,,,,764.313110099989,,,,,,,,,,,,,,,,,,,,,,,,,,,,,,,,,,,,,,,,,,,,,,,,,,,,,,,,,,,,,,,,,,,,,,,,,,,,,,,,,,,,,,,,,,,,,,,,,,,,,,,,,,,,,,,,,,,,,,,,,,,,,,,,,,,,,,,,,,,,,,,,,,,,,,,,,,,,,,,,,,,,,,,,,,,,,,,,,,,,,,,,,,,,,,,,,,,,,,,,,,,,,,,,,,,,,,,,763.5609081999864,763.5609829999739,763.5682707000524,763.5780936999945,764.0770268000197,764.247080000001,764.313110099989,764.313110099989,764.313110099989,764.313110099989,764.313110099989,764.313110099989,764.313110099989,0.18613819999154657,769.1607814000454,r,4.805534900049679,None,769.2761109999847,769.3492581000319,769.3492581000319,769.3492581000319,769.3492581000319,769.3492581000319,769.3492581000319,770.3417659000261,770.3495609000092,770.8416797999525,,,,,,,,,,,,,,,,,,,,,,,,,,,,,,,,,,,,,,,,,,,,,,,,,,,,,,,,,,,,,,,,,,,,,,,,,,,,762.5692549999803,762.5692928000353,762.5693213000195,762.5752498999937,763.5780936999945,763.5606768999714,770.3571408999851,770.3571408999851,771.0307577999774,771.0307577999774,,,,,1,2026-08-11_11h05.51.853,TSRlearn_main-blocks,,2025.1.1,59.95897607727807,2026-08-11 11h05.59.572092 +0200,
stimuli/guitar/guitar_01.jpg,stimuli/flower/flower_48.jpg,stimuli/hammer/hammer_05.jpg,stimuli/lamp/lamp_01.jpg,left,center,right,left,1,1,0,,,,,,,,,,,,,,,,,,sequences/learning_block1_fixed-middle-10_0{participant_ID}.xlsx,sequences/retrieval_block1_fixed-middle-10_0{participant_ID}.xlsx,6,1.0,A,4,2,guitar,flower,hammer,lamp,0.47,0.31,3,fish,1,stimuli/fish/fish_01.jpg,guitar,1,stimuli/guitar/guitar_01.jpg,lamp,1,stimuli/lamp/lamp_01.jpg,key,1,stimuli/key/key_01.jpg,13,6,7,14,b,0.38168360001873225,None,,,,,,,,,,,,,,,,,,,,,,,,,,,,,0,0,0,0,3,0,3,0,0,1,1,1,,,,,771.0307577999774,,,,,,,,,,,,,,,,,,,,,,,,,,,,,,,,,,,,,,,,,,,,,,,,,,,,,,,,,,,,,,,,,,,,,,,,,,,,,,,,,,,,,,,,,,,,,,,,,,,,,,,,,,,,,,,,,,,,,,,,,,,,,,,,,,,,,,,,,,,,,,,,,,,,,,,,,,,,,,,,,,,,,,,,,,,,,,,,,,,,,,,,,,,,,,,,,,,,,,,,,,,,,,,,,,,,,,,,,,,,,770.9864062999841,771.0307577999774,771.0307577999774,771.0307577999774,771.0307577999774,771.0307577999774,771.0307577999774,771.0307577999774,0.14478630002122372,771.5083336000098,b,0.38168360001873225,None,771.641963699949,771.679356800043,771.679356800043,771.679356800043,771.679356800043,771.679356800043,771.679356800043,772.658032999956,772.6653044000268,772.6653481000103,,,,,,,,,,,,,,,,,,,,,,,,,,,,,,,,,,,,,,,,,,,,,,,,,,,,,,,,,,,,,,,,,,,,,,,,,,,,,,,,,,,,,,,,,,1,2026-08-11_11h05.51.853,TSRlearn_main-blocks,,2025.1.1,59.95897607727807,2026-08-11 11h05.59.572092 +0200,
stimuli/flower/flower_48.jpg,stimuli/bicycle/bicycle_18.jpg,stimuli/hand/hand_30.jpg,stimuli/dog/dog_31.jpg,right,left,center,right,2,2,0,,,,,,,,,,,,,,,,,,sequences/learning_block1_fixed-middle-10_0{participant_ID}.xlsx,sequences/retrieval_block1_fixed-middle-10_0{participant_ID}.xlsx,6,1.0,A,4,3,flower,bicycle,hand,dog,0.75,0.42,4,fish,1,stimuli/fish/fish_01.jpg,guitar,1,stimuli/guitar/guitar_01.jpg,lamp,1,stimuli/lamp/lamp_01.jpg,key,1,stimuli/key/key_01.jpg,6,2,8,5,g,0.24529330001678318,None,,,,,,,,,,,,,,,,,,,,,,,,,,,,,0,0,0,0,3,0,3,0,0,2,2,2,,,,,772.8268394999905,,,,,,,,,,,,,,,,,,,,,,,,,,,,,,,,,,,,,,,,,,,,,,,,,,,,,,,,,,,,,,,,,,,,,,,,,,,,,,,,,,,,,,,,,,,,,,,,,,,,,,,,,,,,,,,,,,,,,,,,,,,,,,,,,,,,,,,,,,,,,,,,,,,,,,,,,,,,,,,,,,,,,,,,,,,,,,,,,,,,,,,,,,,,,,,,,,,,,,,,,,,,,,,,,,,,,,,,,,,,,772.784635100048,772.8268394999905,772.8268394999905,772.8268394999905,772.8268394999905,772.8268394999905,772.8268394999905,772.8268394999905,0.11931510001886636,773.1581177000189,g,0.24529330001678318,None,773.279225199949,773.3207308000419,773.3207308000419,773.3207308000419,773.3207308000419,773.3207308000419,773.3207308000419,774.3074315000558,774.3147987000411,774.3148397000041,,,,,,,,,,,,,,,,,,,,,,,,,,,,,,,,,,,,,,,,,,,,,,,,,,,,,,,,,,,,,,,,,,,,,,,,,,,,,,,,,,,,,,,,,,1,2026-08-11_11h05.51.853,TSRlearn_main-blocks,,2025.1.1,59.95897607727807,2026-08-11 11h05.59.572092 +0200,
stimuli/bicycle/bicycle_18.jpg,stimuli/bread/bread_40.jpg,stimuli/jacket/jacket_12.jpg,stimuli/key/key_01.jpg,center,left,right,center,3,3,0,,,,,,,,,,,,,,,,,,sequences/learning_block1_fixed-middle-10_0{participant_ID}.xlsx,sequences/retrieval_block1_fixed-middle-10_0{participant_ID}.xlsx,6,1.0,A,4,4,bicycle,bread,jacket,key,0.64,0.36,5,fish,1,stimuli/fish/fish_01.jpg,guitar,1,stimuli/guitar/guitar_01.jpg,lamp,1,stimuli/lamp/lamp_01.jpg,key,1,stimuli/key/key_01.jpg,2,3,10,15,r,0.19500990002416074,None,,,,,,,,,,,,,,,,,,,,,,,,,,,,,0,0,0,0,3,0,3,0,0,3,3,3,,,,,774.5270540000638,,,,,,,,,,,,,,,,,,,,,,,,,,,,,,,,,,,,,,,,,,,,,,,,,,,,,,,,,,,,,,,,,,,,,,,,,,,,,,,,,,,,,,,,,,,,,,,,,,,,,,,,,,,,,,,,,,,,,,,,,,,,,,,,,,,,,,,,,,,,,,,,,,,,,,,,,,,,,,,,,,,,,,,,,,,,,,,,,,,,,,,,,,,,,,,,,,,,,,,,,,,,,,,,,,,,,,,,,,,,,774.454501900007,774.5270540000638,774.5270540000638,774.5270540000638,774.5270540000638,774.5270540000638,774.5270540000638,774.5270540000638,0.13969149999320507,774.7904965999769,r,0.19500990002416074,None,774.9358753999695,774.9801479000598,774.9801479000598,774.9801479000598,774.9801479000598,774.9801479000598,774.9801479000598,775.9572017999599,775.9647546999622,775.9647959000431,,,,,,,,,,,,,,,,,,,,,,,,,,,,,,,,,,,,,,,,,,,,,,,,,,,,,,,,,,,,,,,,,,,,,,,,,,,,,,,,,,,,,,,,,,1,2026-08-11_11h05.51.853,TSRlearn_main-blocks,,2025.1.1,59.95897607727807,2026-08-11 11h05.59.572092 +0200,
stimuli/bread/bread_40.jpg,stimuli/hand/hand_30.jpg,stimuli/chair/chair_15.jpg,stimuli/ball/ball_39.jpg,right,center,left,right,4,4,0,,,,,,,,,,,,,,,,,,sequences/learning_block1_fixed-middle-10_0{participant_ID}.xlsx,sequences/retrieval_block1_fixed-middle-10_0{participant_ID}.xlsx,6,1.0,A,4,5,bread,hand,chair,ball,0.8,0.58,6,fish,1,stimuli/fish/fish_01.jpg,guitar,1,stimuli/guitar/guitar_01.jpg,lamp,1,stimuli/lamp/lamp_01.jpg,key,1,stimuli/key/key_01.jpg,3,8,4,1,b,0.3148158999392763,None,,,,,,,,,,,,,,,,,,,,,,,,,,,,,0,0,0,0,3,0,3,0,0,4,4,4,,,,,776.103088599979,,,,,,,,,,,,,,,,,,,,,,,,,,,,,,,,,,,,,,,,,,,,,,,,,,,,,,,,,,,,,,,,,,,,,,,,,,,,,,,,,,,,,,,,,,,,,,,,,,,,,,,,,,,,,,,,,,,,,,,,,,,,,,,,,,,,,,,,,,,,,,,,,,,,,,,,,,,,,,,,,,,,,,,,,,,,,,,,,,,,,,,,,,,,,,,,,,,,,,,,,,,,,,,,,,,,,,,,,,,,,776.0645356000168,776.103088599979,776.103088599979,776.103088599979,776.103088599979,776.103088599979,776.103088599979,776.103088599979,0.09977189998608083,776.5241077999817,b,0.3148158999392763,None,776.6263541999506,776.668667800026,776.668667800026,776.668667800026,776.668667800026,776.668667800026,776.668667800026,777.6564125999575,777.664523000014,777.664566499996,,,,,,,,,,,,,,,,,,,,,,,,,,,,,,,,,,,,,,,,,,,,,,,,,,,,,,,,,,,,,,,,,,,,,,,,,,,,,,,,,,,,,,,,,,1,2026-08-11_11h05.51.853,TSRlearn_main-blocks,,2025.1.1,59.95897607727807,2026-08-11 11h05.59.572092 +0200,
stimuli/hand/hand_30.jpg,stimuli/chair/chair_15.jpg,stimuli/hammer/hammer_05.jpg,stimuli/flower/flower_48.jpg,right,center,left,right,5,5,0,,,,,,,,,,,,,,,,,,sequences/learning_block1_fixed-middle-10_0{participant_ID}.xlsx,sequences/retrieval_block1_fixed-middle-10_0{participant_ID}.xlsx,6,1.0,A,4,6,hand,chair,hammer,flower,0.69,0.27,7,fish,1,stimuli/fish/fish_01.jpg,guitar,1,stimuli/guitar/guitar_01.jpg,lamp,1,stimuli/lamp/lamp_01.jpg,key,1,stimuli/key/key_01.jpg,8,4,7,6,g,0.13027610001154244,None,,,,,,,,,,,,,,,,,,,,,,,,,,,,,0,0,0,0,3,0,3,0,0,5,5,5,,,,,777.8223482000176,,,,,,,,,,,,,,,,,,,,,,,,,,,,,,,,,,,,,,,,,,,,,,,,,,,,,,,,,,,,,,,,,,,,,,,,,,,,,,,,,,,,,,,,,,,,,,,,,,,,,,,,,,,,,,,,,,,,,,,,,,,,,,,,,,,,,,,,,,,,,,,,,,,,,,,,,,,,,,,,,,,,,,,,,,,,,,,,,,,,,,,,,,,,,,,,,,,,,,,,,,,,,,,,,,,,,,,,,,,,,777.7803327000001,777.8223482000176,777.8223482000176,777.8223482000176,777.8223482000176,777.8223482000176,777.8223482000176,777.8223482000176,0.11579359997995198,778.0396224999567,g,0.13027610001154244,None,778.1461001000134,778.169482700061,778.169482700061,778.169482700061,778.169482700061,778.169482700061,778.169482700061,779.1563080999767,779.1644734999863,779.1645172999706,,,,,,,,,,,,,,,,,,,,,,,,,,,,,,,,,,,,,,,,,,,,,,,,,,,,,,,,,,,,,,,,,,,,,,,,,,,,,,,,,,,,,,,,,,1,2026-08-11_11h05.51.853,TSRlearn_main-blocks,,2025.1.1,59.95897607727807,2026-08-11 11h05.59.572092 +0200,
stimuli/chair/chair_15.jpg,stimuli/house/house_10.jpg,stimuli/flower/flower_48.jpg,stimuli/bread/bread_40.jpg,left,right,center,left,6,6,0,,,,,,,,,,,,,,,,,,sequences/learning_block1_fixed-middle-10_0{participant_ID}.xlsx,sequences/retrieval_block1_fixed-middle-10_0{participant_ID}.xlsx,6,1.0,A,4,7,chair,house,flower,bread,0.33,0.2,8,fish,1,stimuli/fish/fish_01.jpg,guitar,1,stimuli/guitar/guitar_01.jpg,lamp,1,stimuli/lamp/lamp_01.jpg,key,1,stimuli/key/key_01.jpg,4,9,6,3,r,0.1678428000304848,None,,,,,,,,,,,,,,,,,,,,,,,,,,,,,0,0,0,0,3,0,3,0,0,6,6,6,,,,,779.321831200039,,,,,,,,,,,,,,,,,,,,,,,,,,,,,,,,,,,,,,,,,,,,,,,,,,,,,,,,,,,,,,,,,,,,,,,,,,,,,,,,,,,,,,,,,,,,,,,,,,,,,,,,,,,,,,,,,,,,,,,,,,,,,,,,,,,,,,,,,,,,,,,,,,,,,,,,,,,,,,,,,,,,,,,,,,,,,,,,,,,,,,,,,,,,,,,,,,,,,,,,,,,,,,,,,,,,,,,,,,,,,779.2711751000024,779.321831200039,779.321831200039,779.321831200039,779.321831200039,779.321831200039,779.321831200039,779.321831200039,0.10668379999697208,779.5618841999676,r,0.1678428000304848,None,779.6718079999555,779.717848100001,779.717848100001,779.717848100001,779.717848100001,779.717848100001,779.717848100001,780.7053875999991,780.7132093999535,780.7132521000458,,,,,,,,,,,,,,,,,,,,,,,,,,,,,,,,,,,,,,,,,,,,,,,,,,,,,,,,,,,,,,,,,,,,,,,,,,,,,,,,,,,,,,,,,,1,2026-08-11_11h05.51.853,TSRlearn_main-blocks,,2025.1.1,59.95897607727807,2026-08-11 11h05.59.572092 +0200,
stimuli/house/house_10.jpg,stimuli/jacket/jacket_12.jpg,stimuli/key/key_01.jpg,stimuli/guitar/guitar_01.jpg,center,left,right,center,7,7,0,,,,,,,,,,,,,,,,,,sequences/learning_block1_fixed-middle-10_0{participant_ID}.xlsx,sequences/retrieval_block1_fixed-middle-10_0{participant_ID}.xlsx,6,1.0,A,4,8,house,jacket,key,guitar,0.58,0.47,9,fish,1,stimuli/fish/fish_01.jpg,guitar,1,stimuli/guitar/guitar_01.jpg,lamp,1,stimuli/lamp/lamp_01.jpg,key,1,stimuli/key/key_01.jpg,9,10,15,13,b,0.09324900002684444,None,,,,,,,,,,,,,,,,,,,,,,,,,,,,,0,0,0,0,3,0,3,0,0,7,7,7,,,,,780.91459020006,,,,,,,,,,,,,,,,,,,,,,,,,,,,,,,,,,,,,,,,,,,,,,,,,,,,,,,,,,,,,,,,,,,,,,,,,,,,,,,,,,,,,,,,,,,,,,,,,,,,,,,,,,,,,,,,,,,,,,,,,,,,,,,,,,,,,,,,,,,,,,,,,,,,,,,,,,,,,,,,,,,,,,,,,,,,,,,,,,,,,,,,,,,,,,,,,,,,,,,,,,,,,,,,,,,,,,,,,,,,,780.8380776999984,780.91459020006,780.91459020006,780.91459020006,780.91459020006,780.91459020006,780.91459020006,780.91459020006,0.12485199992079288,781.0729335000506,b,0.09324900002684444,None,781.2036733999848,781.2448342000134,781.2448342000134,781.2448342000134,781.2448342000134,781.2448342000134,781.2448342000134,782.223048600019,782.2318218,782.2318764999509,,,,,,,,,,,,,,,,,,,,,,,,,,,,,,,,,,,,,,,,,,,,,,,,,,,,,,,,,,,,,,,,,,,,,,,,,,,,,,,,,,,,,,,,,,1,2026-08-11_11h05.51.853,TSRlearn_main-blocks,,2025.1.1,59.95897607727807,2026-08-11 11h05.59.572092 +0200,
stimuli/jacket/jacket_12.jpg,stimuli/hammer/hammer_05.jpg,stimuli/fish/fish_01.jpg,stimuli/bicycle/bicycle_18.jpg,left,right,center,left,8,8,0,,,,,,,,,,,,,,,,,,sequences/learning_block1_fixed-middle-10_0{participant_ID}.xlsx,sequences/retrieval_block1_fixed-middle-10_0{participant_ID}.xlsx,6,1.0,A,4,9,jacket,hammer,fish,bicycle,0.6,0.4,10,fish,1,stimuli/fish/fish_01.jpg,guitar,1,stimuli/guitar/guitar_01.jpg,lamp,1,stimuli/lamp/lamp_01.jpg,key,1,stimuli/key/key_01.jpg,10,7,12,2,g,0.14975500002037734,None,,,,,,,,,,,,,,,,,,,,,,,,,,,,,0,0,0,0,3,0,3,0,0,8,8,8,,,,,782.3689592999872,,,,,,,,,,,,,,,,,,,,,,,,,,,,,,,,,,,,,,,,,,,,,,,,,,,,,,,,,,,,,,,,,,,,,,,,,,,,,,,,,,,,,,,,,,,,,,,,,,,,,,,,,,,,,,,,,,,,,,,,,,,,,,,,,,,,,,,,,,,,,,,,,,,,,,,,,,,,,,,,,,,,,,,,,,,,,,,,,,,,,,,,,,,,,,,,,,,,,,,,,,,,,,,,,,,,,,,,,,,,,782.3150455000577,782.3689592999872,782.3689592999872,782.3689592999872,782.3689592999872,782.3689592999872,782.3689592999872,782.3689592999872,0.08319130004383624,782.6056090999627,g,0.14975500002037734,None,782.6874264000216,782.7169911999954,782.7169911999954,782.7169911999954,782.7169911999954,782.7169911999954,782.7169911999954,783.7048502999824,783.7154368000338,783.7155350999674,,,,,,,,,,,,,,,,,,,,,,,,,,,,,,,,,,,,,,,,,,,,,,,,,,,,,,,,,,,,,,,,,,,,,,,,,,,,,,,,,,,,,,,,,,1,2026-08-11_11h05.51.853,TSRlearn_main-blocks,,2025.1.1,59.95897607727807,2026-08-11 11h05.59.572092 +0200,
stimuli/hammer/hammer_05.jpg,stimuli/ball/ball_39.jpg,stimuli/dog/dog_31.jpg,stimuli/key/key_01.jpg,left,center,right,left,9,9,0,,,,,,,,,,,,,,,,,,sequences/learning_block1_fixed-middle-10_0{participant_ID}.xlsx,sequences/retrieval_block1_fixed-middle-10_0{participant_ID}.xlsx,6,1.0,A,4,10,hammer,ball,dog,key,0.8,0.69,11,fish,1,stimuli/fish/fish_01.jpg,guitar,1,stimuli/guitar/guitar_01.jpg,lamp,1,stimuli/lamp/lamp_01.jpg,key,1,stimuli/key/key_01.jpg,7,1,5,15,b,0.2036407000850886,None,,,,,,,,,,,,,,,,,,,,,,,,,,,,,0,0,0,0,3,0,3,0,0,9,9,9,,,,,783.9148545999778,,,,,,,,,,,,,,,,,,,,,,,,,,,,,,,,,,,,,,,,,,,,,,,,,,,,,,,,,,,,,,,,,,,,,,,,,,,,,,,,,,,,,,,,,,,,,,,,,,,,,,,,,,,,,,,,,,,,,,,,,,,,,,,,,,,,,,,,,,,,,,,,,,,,,,,,,,,,,,,,,,,,,,,,,,,,,,,,,,,,,,,,,,,,,,,,,,,,,,,,,,,,,,,,,,,,,,,,,,,,,783.854460200062,783.9148545999778,783.9148545999778,783.9148545999778,783.9148545999778,783.9148545999778,783.9148545999778,783.9148545999778,0.13893600006122142,784.1876724000322,b,0.2036407000850886,None,784.3178262000438,784.3581294000614,784.3581294000614,784.3581294000614,784.3581294000614,784.3581294000614,784.3581294000614,785.3374982000096,785.3448871000437,785.3449284000089,,,,,,,,,,,,,,,,,,,,,,,,,,,,,,,,,,,,,,,,,,,,,,,,,,,,,,,,,,,,,,,,,,,,,,,,,,,,,,,,,,,,,,,,,,1,2026-08-11_11h05.51.853,TSRlearn_main-blocks,,2025.1.1,59.95897607727807,2026-08-11 11h05.59.572092 +0200,
stimuli/ball/ball_39.jpg,stimuli/dog/dog_31.jpg,stimuli/fish/fish_01.jpg,stimuli/hand/hand_30.jpg,right,center,left,right,10,10,0,,,,,,,,,,,,,,,,,,sequences/learning_block1_fixed-middle-10_0{participant_ID}.xlsx,sequences/retrieval_block1_fixed-middle-10_0{participant_ID}.xlsx,6,1.0,A,4,11,ball,dog,fish,hand,0.73,0.4,12,fish,1,stimuli/fish/fish_01.jpg,guitar,1,stimuli/guitar/guitar_01.jpg,lamp,1,stimuli/lamp/lamp_01.jpg,key,1,stimuli/key/key_01.jpg,1,5,12,8,g,0.07668810000177473,None,,,,,,,,,,,,,,,,,,,,,,,,,,,,,0,0,0,0,3,0,3,0,0,10,10,10,,,,,785.5004184000427,,,,,,,,,,,,,,,,,,,,,,,,,,,,,,,,,,,,,,,,,,,,,,,,,,,,,,,,,,,,,,,,,,,,,,,,,,,,,,,,,,,,,,,,,,,,,,,,,,,,,,,,,,,,,,,,,,,,,,,,,,,,,,,,,,,,,,,,,,,,,,,,,,,,,,,,,,,,,,,,,,,,,,,,,,,,,,,,,,,,,,,,,,,,,,,,,,,,,,,,,,,,,,,,,,,,,,,,,,,,,785.4414660000475,785.5004184000427,785.5004184000427,785.5004184000427,785.5004184000427,785.5004184000427,785.5004184000427,785.5004184000427,0.09656520001590252,785.6543310000561,g,0.07668810000177473,None,785.7520738999592,785.7991751000518,785.7991751000518,785.7991751000518,785.7991751000518,785.7991751000518,785.7991751000518,786.7871908999514,786.7947004999733,786.7947423000587,,,,,,,,,,,,,,,,,,,,,,,,,,,,,,,,,,,,,,,,,,,,,,,,,,,,,,,,,,,,,,,,,,,,,,,,,,,,,,,,,,,,,,,,,,1,2026-08-11_11h05.51.853,TSRlearn_main-blocks,,2025.1.1,59.95897607727807,2026-08-11 11h05.59.572092 +0200,
stimuli/dog/dog_31.jpg,stimuli/lamp/lamp_01.jpg,stimuli/flower/flower_48.jpg,stimuli/house/house_10.jpg,center,right,left,center,11,11,0,,,,,,,,,,,,,,,,,,sequences/learning_block1_fixed-middle-10_0{participant_ID}.xlsx,sequences/retrieval_block1_fixed-middle-10_0{participant_ID}.xlsx,6,1.0,A,4,12,dog,lamp,flower,house,0.67,0.33,13,fish,1,stimuli/fish/fish_01.jpg,guitar,1,stimuli/guitar/guitar_01.jpg,lamp,1,stimuli/lamp/lamp_01.jpg,key,1,stimuli/key/key_01.jpg,5,14,6,9,r,0.5554964999901131,None,,,,,,,,,,,,,,,,,,,,,,,,,,,,,0,0,0,0,3,0,3,0,0,11,11,11,,,,,787.0036901000421,,,,,,,,,,,,,,,,,,,,,,,,,,,,,,,,,,,,,,,,,,,,,,,,,,,,,,,,,,,,,,,,,,,,,,,,,,,,,,,,,,,,,,,,,,,,,,,,,,,,,,,,,,,,,,,,,,,,,,,,,,,,,,,,,,,,,,,,,,,,,,,,,,,,,,,,,,,,,,,,,,,,,,,,,,,,,,,,,,,,,,,,,,,,,,,,,,,,,,,,,,,,,,,,,,,,,,,,,,,,,786.9474883000366,787.0036901000421,787.0036901000421,787.0036901000421,787.0036901000421,787.0036901000421,787.0036901000421,787.0036901000421,0.152783100027591,787.6366264000535,r,0.5554964999901131,None,787.7912198000122,787.8295375000453,787.8295375000453,787.8295375000453,787.8295375000453,787.8295375000453,787.8295375000453,788.8208009999944,788.8283129000338,788.8283547000028,,,,,,,,,,,,,,,,,,,,,,,,,,,,,,,,,,,,,,,,,,,,,,,,,,,,,,,,,,,,,,,,,,,,,,,,,,,,,,,,,,,,,,,,,,1,2026-08-11_11h05.51.853,TSRlearn_main-blocks,,2025.1.1,59.95897607727807,2026-08-11 11h05.59.572092 +0200,
stimuli/lamp/lamp_01.jpg,stimuli/key/key_01.jpg,stimuli/guitar/guitar_01.jpg,stimuli/jacket/jacket_12.jpg,left,right,center,left,12,12,0,,,,,,,,,,,,,,,,,,sequences/learning_block1_fixed-middle-10_0{participant_ID}.xlsx,sequences/retrieval_block1_fixed-middle-10_0{participant_ID}.xlsx,6,1.0,A,4,13,lamp,key,guitar,jacket,0.8,0.33,14,fish,1,stimuli/fish/fish_01.jpg,guitar,1,stimuli/guitar/guitar_01.jpg,lamp,1,stimuli/lamp/lamp_01.jpg,key,1,stimuli/key/key_01.jpg,14,15,13,10,b,0.39531060005538166,None,,,,,,,,,,,,,,,,,,,,,,,,,,,,,0,0,0,0,3,0,3,0,0,12,12,12,,,,,789.0822279000422,,,,,,,,,,,,,,,,,,,,,,,,,,,,,,,,,,,,,,,,,,,,,,,,,,,,,,,,,,,,,,,,,,,,,,,,,,,,,,,,,,,,,,,,,,,,,,,,,,,,,,,,,,,,,,,,,,,,,,,,,,,,,,,,,,,,,,,,,,,,,,,,,,,,,,,,,,,,,,,,,,,,,,,,,,,,,,,,,,,,,,,,,,,,,,,,,,,,,,,,,,,,,,,,,,,,,,,,,,,,,789.0013115999755,789.0822279000422,789.0822279000422,789.0822279000422,789.0822279000422,789.0822279000422,789.0822279000422,789.0822279000422,0.17298320005647838,789.5361075999681,b,0.39531060005538166,None,789.7090367999626,789.7497287000297,789.7497287000297,789.7497287000297,789.7497287000297,789.7497287000297,789.7497287000297,790.7357910999563,790.7442022999749,790.7442591000581,,,,,,,,,,,,,,,,,,,,,,,,,,,,,,,,,,,,,,,,,,,,,,,,,,,,,,,,,,,,,,,,,,,,,,,,,,,,,,,,,,,,,,,,,,1,2026-08-11_11h05.51.853,TSRlearn_main-blocks,,2025.1.1,59.95897607727807,2026-08-11 11h05.59.572092 +0200,
,,,,,,,,0,0,0,,,,1,stimuli/dog/dog_31.jpg,stimuli/jacket/jacket_12.jpg,None,yes,no,right,right,3,1.2,0.2,,0.52,1.96,sequences/learning_block1_fixed-middle-10_0{participant_ID}.xlsx,sequences/retrieval_block1_fixed-middle-10_0{participant_ID}.xlsx,6,block1,A,4,,,,,,,,,,,,,,,,,,,,,,,,,,,,0,0,0,4,A,5,10,b,b,0.45098299998790026,None,5,0.9909097999334335,None,0.5086607999401167,None,,,,,,,,,,,,,0,0,0,0,3,0,3,0,,,,,0,0,0,0,796.4474377000006,,,,,,,,,,,,,,,,,,,,,,,,,,,,,,,,,,,,,,,,,,,,,,,,,,,,,,,,,,,,,,,,,,,,,,,,,,,,,,,,,,,,,,,,,,,,,,,,,,,,,,,,,,,,,,,,,,,,,,,,,,,,,,,,,,,,,,,,,,,,,,,,,,,,,,,,,,,,,,,,,,,,,,,,,,,,,,,,,,,,,,,,,,,,,,,,,,,,,,,,,,,,,,,,,,,,,,,,,,,,,,,,,,,,,,,,,,,,,,,,,,,,790.7502037000377,790.7662969999947,795.7812601999613,795.7673253000248,795.7674356000498,795.7812601999613,795.7812601999613,,,796.3001109999605,b,796.3002284000395,796.3002599000465,796.4133371999487,796.4474377000006,797.0170286999783,796.9667338000145,796.9947334000608,797.0170286999783,798.0308084000135,798.0165100999875,798.0165452000219,798.0308084000135,798.2664675000124,798.2972667999566,798.3168091999833,799.3302467999747,799.3159684999846,799.3160039000213,799.3302467999747,799.5799546999624,799.5653853999684,799.5654095000355,799.5799546999624,801.5623143999837,801.5319293000503,801.5452223999891,801.5623143999837,801.5623143999837,801.5623143999837,801.5623143999837,801.5623143999837,802.131638300023,b,0.45098299998790026,None,802.1338694000151,802.1339026000351,802.1358372999821,802.1621343999868,802.1621343999868,802.1621343999868,802.1621343999868,802.1621343999868,802.6456580000231,802.6811604000395,5,0.9909097999334335,None,802.6834092000499,802.6834453999763,798.3168091999833,,,,,,,,,,,,,,,,,,,,,,,,0.5086607999401167,None,,,1,2026-08-11_11h05.51.853,TSRlearn_main-blocks,,2025.1.1,59.95897607727807,2026-08-11 11h05.59.572092 +0200,
,,,,,,,,1,1,0,,,,1,stimuli/bicycle/bicycle_18.jpg,stimuli/house/house_10.jpg,None,yes,no,left,left,4,1.2,0.2,,0.58,1.78,sequences/learning_block1_fixed-middle-10_0{participant_ID}.xlsx,sequences/retrieval_block1_fixed-middle-10_0{participant_ID}.xlsx,6,block1,A,4,,,,,,,,,,,,,,,,,,,,,,,,,,,,0,1,1,4,A,2,9,b,None,,,3,3.776483800029382,None,0.5086607999401167,None,,,,,,,,,,,,,0,0,0,0,3,0,3,0,,,,,0,1,1,1,802.6957749000285,,,,,,,,,,,,,,,,,,,,,,,,,,,,,,,,,,,,,,,,,,,,,,,,,,,,,,,,,,,,,,,,,,,,,,,,,,,,,,,,,,,,,,,,,,,,,,,,,,,,,,,,,,,,,,,,,,,,,,,,,,,,,,,,,,,,,,,,,,,,,,,,,,,,,,,,,,,,,,,,,,,,,,,,,,,,,,,,,,,,,,,,,,,,,,,,,,,,,,,,,,,,,,,,,,,,,,,,,,,,,,,,,,,,,,,,,,,,,,,,,,,,,,,,,,,,,,,,,802.6838017000118,802.6957749000285,803.298428399954,803.2644166999962,803.2781150999945,803.298428399954,804.3117564000422,804.2974032999482,804.2974398999941,804.3117564000422,804.5473239000421,804.5618515999522,804.5812948000384,805.5948799999896,805.5805005000439,805.5805343999527,805.5948799999896,805.8446152999531,805.8302411000477,805.830270400038,805.8446152999531,807.6435720999725,807.6133944999892,807.6263902999926,807.6435720999725,807.6435720999725,807.6435720999725,807.6435720999725,807.6435720999725,810.6305301999673,None,,,810.6324784000171,811.128942899988,811.1313265999779,811.1594371000538,811.1594371000538,811.1594371000538,811.1594371000538,811.1594371000538,,811.5453077000566,3,3.776483800029382,None,811.5475561999483,811.5475892999675,804.5812948000384,810.6431864000624,810.6431864000624,810.6431864000624,810.6431864000624,811.1594371000538,,,,,,,,,,,,,,,,,,,,,,,1,2026-08-11_11h05.51.853,TSRlearn_main-blocks,,2025.1.1,59.95897607727807,2026-08-11 11h05.59.572092 +0200,
,,,,,,,,2,2,0,,,,1,stimuli/flower/flower_48.jpg,stimuli/bread/bread_40.jpg,None,no,yes,right,right,2,1.2,0.2,,0.48,1.77,sequences/learning_block1_fixed-middle-10_0{participant_ID}.xlsx,sequences/retrieval_block1_fixed-middle-10_0{participant_ID}.xlsx,6,block1,A,4,,,,,,,,,,,,,,,,,,,,,,,,,,,,0,2,1,4,A,6,3,b,b,0.5960574999917299,None,5,1.016077300067991,None,0.5086607999401167,None,,,,,,,,,,,,,0,0,0,0,3,0,3,0,,,,,0,2,2,2,811.5596755000297,,,,,,,,,,,,,,,,,,,,,,,,,,,,,,,,,,,,,,,,,,,,,,,,,,,,,,,,,,,,,,,,,,,,,,,,,,,,,,,,,,,,,,,,,,,,,,,,,,,,,,,,,,,,,,,,,,,,,,,,,,,,,,,,,,,,,,,,,,,,,,,,,,,,,,,,,,,,,,,,,,,,,,,,,,,,,,,,,,,,,,,,,,,,,,,,,,,,,,,,,,,,,,,,,,,,,,,,,,,,,,,,,,,,,,,,,,,,,,,,,,,,,,,,,,,,,,,,,811.5479256999679,811.5596755000297,812.0997052000603,812.028384199948,812.0732384000439,812.0997052000603,813.1092060999945,813.0952406000579,813.0952779999934,813.1092060999945,813.3448583000572,813.3695184000535,813.378607599996,814.3922831000527,814.3782654999522,814.3783065000316,814.3922831000527,,814.6284002000466,814.6284518999746,814.6422486000229,816.4407899000216,816.4099816000089,816.4240484000184,816.4407899000216,816.4407899000216,816.4407899000216,816.4407899000216,816.4407899000216,817.160329699982,b,0.5960574999917299,None,817.1625038000057,817.1625372000271,817.1643766000634,817.1907278000144,817.1907278000144,817.1907278000144,817.1907278000144,817.1907278000144,,817.5601905999938,5,1.016077300067991,None,817.5623358000303,817.5623679000419,813.378607599996,,,,,,,,,,,,,,,,,,,,,,,,,,,,1,2026-08-11_11h05.51.853,TSRlearn_main-blocks,,2025.1.1,59.95897607727807,2026-08-11 11h05.59.572092 +0200,
,,,,,,,,3,3,0,,,,1,stimuli/hand/hand_30.jpg,stimuli/ball/ball_39.jpg,None,yes,no,left,left,5,1.2,0.2,,0.52,2.01,sequences/learning_block1_fixed-middle-10_0{participant_ID}.xlsx,sequences/retrieval_block1_fixed-middle-10_0{participant_ID}.xlsx,6,block1,A,4,,,,,,,,,,,,,,,,,,,,,,,,,,,,0,3,1,4,A,8,1,b,b,0.5680877000559121,None,4,0.7862645999994129,None,0.5086607999401167,None,,,,,,,,,,,,,0,0,0,0,3,0,3,0,,,,,0,3,3,3,817.5743885999545,,,,,,,,,,,,,,,,,,,,,,,,,,,,,,,,,,,,,,,,,,,,,,,,,,,,,,,,,,,,,,,,,,,,,,,,,,,,,,,,,,,,,,,,,,,,,,,,,,,,,,,,,,,,,,,,,,,,,,,,,,,,,,,,,,,,,,,,,,,,,,,,,,,,,,,,,,,,,,,,,,,,,,,,,,,,,,,,,,,,,,,,,,,,,,,,,,,,,,,,,,,,,,,,,,,,,,,,,,,,,,,,,,,,,,,,,,,,,,,,,,,,,,,,,,,,,,,,,817.5627074999502,817.5743885999545,818.1461372999474,818.0930262999609,818.1196509000147,818.1461372999474,819.15740190004,819.1427135999547,819.1427467999747,819.15740190004,819.3927984000184,819.4156386000104,819.4269780999748,820.4400418000296,820.4256056000013,820.4256388000213,820.4400418000296,,820.6756604999537,820.6757056999486,820.6898808999686,822.722243300057,822.6922936000628,822.7056844000472,822.722243300057,822.722243300057,822.722243300057,822.722243300057,822.722243300057,823.4078208999708,b,0.5680877000559121,None,823.4102344999555,823.4102686999831,823.4121125000529,823.4386186000193,823.4386186000193,823.4386186000193,823.4386186000193,823.4386186000193,823.9221810000017,824.8253385999706,4,0.7862645999994129,None,824.8275700999657,824.8276062000077,,,,,,,,,,,,,,,,,,,,,,,,,,,,,1,2026-08-11_11h05.51.853,TSRlearn_main-blocks,,2025.1.1,59.95897607727807,2026-08-11 11h05.59.572092 +0200,
,,,,,,,,4,4,0,,,,1,stimuli/jacket/jacket_12.jpg,stimuli/bread/bread_40.jpg,None,yes,no,right,right,4,1.2,0.2,,0.41,2.22,sequences/learning_block1_fixed-middle-10_0{participant_ID}.xlsx,sequences/retrieval_block1_fixed-middle-10_0{participant_ID}.xlsx,6,block1,A,4,,,,,,,,,,,,,,,,,,,,,,,,,,,,1,4,0,4,A,10,3,b,g,0.34824250009842217,None,5,0.8174542000051588,None,0.5086607999401167,None,,,,,,,,,,,,,0,0,0,0,3,0,3,0,,,,,0,4,4,4,824.8389017999871,,,,,,,,,,,,,,,,,,,,,,,,,,,,,,,,,,,,,,,,,,,,,,,,,,,,,,,,,,,,,,,,,,,,,,,,,,,,,,,,,,,,,,,,,,,,,,,,,,,,,,,,,,,,,,,,,,,,,,,,,,,,,,,,,,,,,,,,,,,,,,,,,,,,,,,,,,,,,,,,,,,,,,,,,,,,,,,,,,,,,,,,,,,,,,,,,,,,,,,,,,,,,,,,,,,,,,,,,,,,,,,,,,,,,,,,,,,,,,,,,,,,,,,,,,,,,,,,,824.8279546999838,824.8389017999871,825.2914312999928,825.2408203999512,825.2701440999517,825.2914312999928,826.3049804000184,826.2905314000091,826.2905639000237,826.3049804000184,826.5406297000591,826.5651682000607,826.5742631000467,827.5879424000159,827.5734810000286,827.5735156000592,827.5879424000159,827.8376424000598,827.8231896000216,827.8232145999791,827.8376424000598,830.0866453000344,830.0564082000637,830.0698571000248,830.0866453000344,830.0866453000344,830.0866453000344,830.0866453000344,830.0866453000344,830.5561310000485,g,0.34824250009842217,None,830.5585052999668,830.5585418000119,830.5606763999676,830.5865213000216,830.5865213000216,830.5865213000216,830.5865213000216,830.5865213000216,,831.0221868000226,5,0.8174542000051588,None,831.0243197999662,831.0243525999831,826.5742631000467,,,,,,,,,,,,,,,,,,,,,,,,,,,,1,2026-08-11_11h05.51.853,TSRlearn_main-blocks,,2025.1.1,59.95897607727807,2026-08-11 11h05.59.572092 +0200,
,,,,,,,,5,5,0,,,,1,stimuli/hand/hand_30.jpg,stimuli/bicycle/bicycle_18.jpg,None,no,yes,left,left,2,1.2,0.2,,0.47,2.03,sequences/learning_block1_fixed-middle-10_0{participant_ID}.xlsx,sequences/retrieval_block1_fixed-middle-10_0{participant_ID}.xlsx,6,block1,A,4,,,,,,,,,,,,,,,,,,,,,,,,,,,,1,5,0,4,A,8,2,b,None,,,None,,,0.5086607999401167,None,,,,,,,,,,,,,0,0,0,0,3,0,3,0,,,,,0,5,5,5,831.0367443000432,,,,,,,,,,,,,,,,,,,,,,,,,,,,,,,,,,,,,,,,,,,,,,,,,,,,,,,,,,,,,,,,,,,,,,,,,,,,,,,,,,,,,,,,,,,,,,,,,,,,,,,,,,,,,,,,,,,,,,,,,,,,,,,,,,,,,,,,,,,,,,,,,,,,,,,,,,,,,,,,,,,,,,,,,,,,,,,,,,,,,,,,,,,,,,,,,,,,,,,,,,,,,,,,,,,,,,,,,,,,,,,,,,,,,,,,,,,,,,,,,,,,,,,,,,,,,,,,,831.0246942000231,831.0367443000432,831.5390555000631,831.5054785000393,831.5302035999484,831.5390555000631,832.5528014999582,832.5386715000495,832.5387049999554,832.5528014999582,832.7886089000385,832.8025202000281,832.8222159000579,833.8359384000069,833.8214995999588,833.8215346999932,833.8359384000069,,834.0716661000624,834.07171379996,834.0861862000311,836.1343995999778,836.1040942999534,836.1179131000536,836.1343995999778,836.1343995999778,836.1343995999778,836.1343995999778,836.1343995999778,839.1217834999552,None,,,839.1237579999724,839.6228219000623,839.6251204999862,839.6511520999484,839.6511520999484,839.6511520999484,839.6511520999484,839.6511520999484,840.1339225999545,843.1221268000081,None,,,843.1252506000455,843.6190872000298,832.8222159000579,839.1345420000143,839.1345420000143,839.1345420000143,839.1345420000143,839.6511520999484,842.6532355999807,842.6532355999807,842.6532355999807,842.6532355999807,842.6532355999807,843.1333386000479,843.1333386000479,843.6357744999696,,,,,,,,,,,,,,,1,2026-08-11_11h05.51.853,TSRlearn_main-blocks,,2025.1.1,59.95897607727807,2026-08-11 11h05.59.572092 +0200,
,,,,,,,,6,6,0,,,,1,stimuli/ball/ball_39.jpg,stimuli/house/house_10.jpg,None,no,yes,left,left,3,1.2,0.2,,0.4,2.24,sequences/learning_block1_fixed-middle-10_0{participant_ID}.xlsx,sequences/retrieval_block1_fixed-middle-10_0{participant_ID}.xlsx,6,block1,A,4,,,,,,,,,,,,,,,,,,,,,,,,,,,,1,6,0,4,A,1,9,b,None,,,None,,,0.5086607999401167,None,,,,,,,,,,,,,0,0,0,0,3,0,3,0,,,,,0,6,6,6,843.6357744999696,,,,,,,,,,,,,,,,,,,,,,,,,,,,,,,,,,,,,,,,,,,,,,,,,,,,,,,,,,,,,,,,,,,,,,,,,,,,,,,,,,,,,,,,,,,,,,,,,,,,,,,,,,,,,,,,,,,,,,,,,,,,,,,,,,,,,,,,,,,,,,,,,,,,,,,,,,,,,,,,,,,,,,,,,,,,,,,,,,,,,,,,,,,,,,,,,,,,,,,,,,,,,,,,,,,,,,,,,,,,,,,,,,,,,,,,,,,,,,,,,,,,,,,,,,,,,,,,,843.6195034000557,843.6357744999696,844.0864423000021,844.0240299999714,844.0760105999652,844.0864423000021,845.0991932000034,845.0849600000074,845.0850041999947,845.0991932000034,845.3345126999775,845.3510565999895,845.3684686999768,846.3825223000022,846.3688934999518,846.3689425999764,846.3825223000022,846.6323070999933,846.6177418000298,846.6177773999516,846.6323070999933,848.9139508999651,848.8670851000352,848.8807953000069,848.9139508999651,848.9139508999651,848.9139508999651,848.9139508999651,848.9139508999651,851.8847366999835,None,,,851.8873677999945,852.3820468999911,852.3848068000516,852.4128416000167,852.4128416000167,852.4128416000167,852.4128416000167,852.4128416000167,852.8965146000264,855.8833500000183,None,,,855.8853014999768,856.3811572999693,845.3684686999768,,,,851.8969337999588,852.4128416000167,855.4122887999984,855.4122887999984,855.4122887999984,855.4122887999984,855.4122887999984,855.8956829999806,855.8956829999806,856.3954970999621,,,,,,,,,,,,,,,1,2026-08-11_11h05.51.853,TSRlearn_main-blocks,,2025.1.1,59.95897607727807,2026-08-11 11h05.59.572092 +0200,
,,,,,,,,7,7,0,,,,1,stimuli/chair/chair_15.jpg,stimuli/dog/dog_31.jpg,None,no,yes,right,right,5,1.2,0.2,,0.66,2.04,sequences/learning_block1_fixed-middle-10_0{participant_ID}.xlsx,sequences/retrieval_block1_fixed-middle-10_0{participant_ID}.xlsx,6,block1,A,4,,,,,,,,,,,,,,,,,,,,,,,,,,,,1,7,1,4,A,4,5,b,None,,,None,,,0.5086607999401167,None,,,,,,,,,,,,,0,0,0,0,3,0,3,0,,,,,0,7,7,7,856.3954970999621,,,,,,,,,,,,,,,,,,,,,,,,,,,,,,,,,,,,,,,,,,,,,,,,,,,,,,,,,,,,,,,,,,,,,,,,,,,,,,,,,,,,,,,,,,,,,,,,,,,,,,,,,,,,,,,,,,,,,,,,,,,,,,,,,,,,,,,,,,,,,,,,,,,,,,,,,,,,,,,,,,,,,,,,,,,,,,,,,,,,,,,,,,,,,,,,,,,,,,,,,,,,,,,,,,,,,,,,,,,,,,,,,,,,,,,,,,,,,,,,,,,,,,,,,,,,,,,,,856.3817120000022,856.3954970999621,857.0812828999478,857.048168499954,857.0632959000068,857.0812828999478,858.0949619000312,858.0808164000046,858.0808614999987,858.0949619000312,858.3305090999929,858.3615780000109,858.381033899961,859.3945371999871,859.3802998999599,859.3803463999648,859.3945371999871,,859.6303788999794,859.6304397999775,859.6444312999956,861.7096261000261,861.6793113000458,861.6919452999718,861.7096261000261,861.7096261000261,861.7096261000261,861.7096261000261,861.7096261000261,864.6990303000202,None,,,864.7020324000623,865.1948389000027,865.1972562000155,865.2252555000596,865.2252555000596,865.2252555000596,865.2252555000596,865.2252555000596,865.709585799952,868.7132942000171,None,,,868.7159793999745,869.2102894999553,858.381033899961,864.7096944999648,864.7096944999648,864.7096944999648,864.7096944999648,865.2252555000596,868.2248367000138,868.2248367000138,868.2248367000138,868.2248367000138,868.2248367000138,868.7250367000233,868.7250367000233,869.2243825000478,,,,,,,,,,,,,,,1,2026-08-11_11h05.51.853,TSRlearn_main-blocks,,2025.1.1,59.95897607727807,2026-08-11 11h05.59.572092 +0200,
,,,,,,,,8,8,0,,,,1,stimuli/hammer/hammer_05.jpg,stimuli/hand/hand_30.jpg,None,no,yes,left,left,4,1.2,0.2,,0.62,2.12,sequences/learning_block1_fixed-middle-10_0{participant_ID}.xlsx,sequences/retrieval_block1_fixed-middle-10_0{participant_ID}.xlsx,6,block1,A,4,,,,,,,,,,,,,,,,,,,,,,,,,,,,2,8,0,4,A,7,8,b,None,,,None,,,0.5086607999401167,None,,,,,,,,,,,,,0,0,0,0,3,0,3,0,,,,,0,8,8,8,869.2243825000478,,,,,,,,,,,,,,,,,,,,,,,,,,,,,,,,,,,,,,,,,,,,,,,,,,,,,,,,,,,,,,,,,,,,,,,,,,,,,,,,,,,,,,,,,,,,,,,,,,,,,,,,,,,,,,,,,,,,,,,,,,,,,,,,,,,,,,,,,,,,,,,,,,,,,,,,,,,,,,,,,,,,,,,,,,,,,,,,,,,,,,,,,,,,,,,,,,,,,,,,,,,,,,,,,,,,,,,,,,,,,,,,,,,,,,,,,,,,,,,,,,,,,,,,,,,,,,,,,869.2108236999484,869.2243825000478,869.8770178999985,869.8432360000443,869.8568310999544,869.8770178999985,870.8901323999744,870.8754430999979,870.8754861999769,870.8901323999744,871.1260332999518,871.1512038999936,871.1603333000094,872.1738251999486,872.1597896000603,872.1598337000469,872.1738251999486,872.4235027000541,872.4092622000026,872.4092954000225,872.4235027000541,874.5723695000634,874.5418217000552,874.5557883000001,874.5723695000634,874.5723695000634,874.5723695000634,874.5723695000634,874.5723695000634,877.5595341000007,None,,,877.5620990999741,878.0579007000197,878.061027699965,878.0879217999754,878.0879217999754,878.0879217999754,878.0879217999754,878.0879217999754,878.5719423999544,881.5747190000257,None,,,881.5772650999716,882.0733532999875,,877.5718038000632,877.5718038000632,877.5718038000632,877.5718038000632,878.0879217999754,881.0875165000325,881.0875165000325,881.0875165000325,881.0875165000325,881.0875165000325,881.5873469000217,881.5873469000217,882.087381600053,,,,,,,,,,,,,,,1,2026-08-11_11h05.51.853,TSRlearn_main-blocks,,2025.1.1,59.95897607727807,2026-08-11 11h05.59.572092 +0200,
,,,,,,,,9,9,0,,,,1,stimuli/ball/ball_39.jpg,stimuli/jacket/jacket_12.jpg,None,no,yes,left,left,2,1.2,0.2,,0.67,1.91,sequences/learning_block1_fixed-middle-10_0{participant_ID}.xlsx,sequences/retrieval_block1_fixed-middle-10_0{participant_ID}.xlsx,6,block1,A,4,,,,,,,,,,,,,,,,,,,,,,,,,,,,2,9,0,4,A,1,10,b,None,,,None,,,0.5086607999401167,None,,,,,,,,,,,,,0,0,0,0,3,0,3,0,,,,,0,9,9,9,882.087381600053,,,,,,,,,,,,,,,,,,,,,,,,,,,,,,,,,,,,,,,,,,,,,,,,,,,,,,,,,,,,,,,,,,,,,,,,,,,,,,,,,,,,,,,,,,,,,,,,,,,,,,,,,,,,,,,,,,,,,,,,,,,,,,,,,,,,,,,,,,,,,,,,,,,,,,,,,,,,,,,,,,,,,,,,,,,,,,,,,,,,,,,,,,,,,,,,,,,,,,,,,,,,,,,,,,,,,,,,,,,,,,,,,,,,,,,,,,,,,,,,,,,,,,,,,,,,,,,,,882.0739582000533,882.087381600053,882.7897943999851,882.7557103000581,882.777773699956,882.7897943999851,883.8033755000215,883.7894021000247,883.7894461000105,883.8033755000215,884.038536899956,884.0662061000476,884.0897537999554,885.1030512000434,885.0889647000004,885.0889983000234,885.1030512000434,885.3531530000037,885.3388718999922,885.3389053000137,885.3531530000037,887.2849295999622,887.2546996000456,887.268974400009,887.2849295999622,887.2849295999622,887.2849295999622,887.2849295999622,887.2849295999622,890.2718053000281,None,,,890.2743645999581,890.7711479000282,890.7749921999639,890.8006438000593,890.8006438000593,890.8006438000593,890.8006438000593,890.8006438000593,891.284869999974,894.2869867000263,None,,,894.2888744999655,894.7865270000184,884.0897537999554,890.2845066000009,890.2845066000009,890.2845066000009,890.2845066000009,890.8006438000593,893.800026300014,893.800026300014,893.800026300014,893.800026300014,893.800026300014,894.2999716000631,894.2999716000631,894.8015743000433,,,,,,,,,,,,,,,1,2026-08-11_11h05.51.853,TSRlearn_main-blocks,,2025.1.1,59.95897607727807,2026-08-11 11h05.59.572092 +0200,
,,,,,,,,10,10,0,,,,1,stimuli/house/house_10.jpg,stimuli/flower/flower_48.jpg,None,yes,no,right,right,5,1.2,0.2,,0.35,1.75,sequences/learning_block1_fixed-middle-10_0{participant_ID}.xlsx,sequences/retrieval_block1_fixed-middle-10_0{participant_ID}.xlsx,6,block1,A,4,,,,,,,,,,,,,,,,,,,,,,,,,,,,2,10,0,4,A,9,6,b,None,,,None,,,0.5086607999401167,None,,,,,,,,,,,,,0,0,0,0,3,0,3,0,,,,,0,10,10,10,894.8015743000433,,,,,,,,,,,,,,,,,,,,,,,,,,,,,,,,,,,,,,,,,,,,,,,,,,,,,,,,,,,,,,,,,,,,,,,,,,,,,,,,,,,,,,,,,,,,,,,,,,,,,,,,,,,,,,,,,,,,,,,,,,,,,,,,,,,,,,,,,,,,,,,,,,,,,,,,,,,,,,,,,,,,,,,,,,,,,,,,,,,,,,,,,,,,,,,,,,,,,,,,,,,,,,,,,,,,,,,,,,,,,,,,,,,,,,,,,,,,,,,,,,,,,,,,,,,,,,,,,894.7868747999892,894.8015743000433,895.1856188999955,895.1517325000605,895.1645312999608,895.1856188999955,896.1995349000208,896.184999100049,896.1850329999579,896.1995349000208,896.441190600046,896.4866047999822,896.5076326000271,897.5157557999482,897.5009958000155,897.50102960004,897.5157557999482,,897.7511517000385,897.7512041999726,897.765523500042,899.5309034000384,899.5001162999542,899.513598700054,899.5309034000384,899.5309034000384,899.5309034000384,899.5309034000384,899.5309034000384,902.5189742000075,None,,,902.5210447000572,903.0169595000334,903.0200920000207,903.0466608999996,903.0466608999996,903.0466608999996,903.0466608999996,903.0466608999996,903.5305583999725,906.5179923999822,None,,,906.5206818999723,907.0155273999553,,902.5313490000553,902.5313490000553,902.5313490000553,902.5313490000553,903.0466608999996,906.0463133000303,906.0463133000303,906.0463133000303,906.0463133000303,906.0463133000303,906.5296836999478,906.5296836999478,907.0295103000244,,,,,,,,,,,,,,,1,2026-08-11_11h05.51.853,TSRlearn_main-blocks,,2025.1.1,59.95897607727807,2026-08-11 11h05.59.572092 +0200,
,,,,,,,,11,11,0,,,,1,stimuli/bicycle/bicycle_18.jpg,stimuli/chair/chair_15.jpg,None,yes,no,left,left,3,1.2,0.2,,0.29,2.11,sequences/learning_block1_fixed-middle-10_0{participant_ID}.xlsx,sequences/retrieval_block1_fixed-middle-10_0{participant_ID}.xlsx,6,block1,A,4,,,,,,,,,,,,,,,,,,,,,,,,,,,,2,11,1,4,A,2,4,b,None,,,None,,,0.5086607999401167,None,,,,,,,,,,,,,0,0,0,0,3,0,3,0,,,,,0,11,11,11,907.0295103000244,,,,,,,,,,,,,,,,,,,,,,,,,,,,,,,,,,,,,,,,,,,,,,,,,,,,,,,,,,,,,,,,,,,,,,,,,,,,,,,,,,,,,,,,,,,,,,,,,,,,,,,,,,,,,,,,,,,,,,,,,,,,,,,,,,,,,,,,,,,,,,,,,,,,,,,,,,,,,,,,,,,,,,,,,,,,,,,,,,,,,,,,,,,,,,,,,,,,,,,,,,,,,,,,,,,,,,,,,,,,,,,,,,,,,,,,,,,,,,,,,,,,,,,,,,,,,,,,,907.0161230999511,907.0295103000244,907.3485917999642,907.3148459000513,907.3288307000184,907.3485917999642,908.3623744000215,908.3482151000062,908.3482595999958,908.3623744000215,908.5983427000465,908.6131457999581,908.6338739000494,909.6454373999732,909.6306346999481,909.6306793000549,909.6454373999732,,909.8808513999684,909.88090930006,909.8951672000112,912.0272124999901,911.9963447999908,912.0094911999768,912.0272124999901,912.0272124999901,912.0272124999901,912.0272124999901,912.0272124999901,915.0148914000019,None,,,915.0176190000493,915.5126695999643,915.5153898999561,915.5435334000504,915.5435334000504,915.5435334000504,915.5435334000504,915.5435334000504,916.0262170999777,919.0127990000183,None,,,919.0153280999511,919.5106819999637,908.6338739000494,915.027211299981,915.027211299981,915.027211299981,915.027211299981,915.5435334000504,918.5592639000388,918.5592639000388,918.5592639000388,918.5592639000388,918.5592639000388,919.0256505999714,919.0256505999714,919.5252506999532,,,,,,,,,,,,,,,1,2026-08-11_11h05.51.853,TSRlearn_main-blocks,,2025.1.1,59.95897607727807,2026-08-11 11h05.59.572092 +0200,
,,,,,,,,12,12,0,,,,1,stimuli/hammer/hammer_05.jpg,stimuli/bread/bread_40.jpg,None,yes,no,right,right,5,1.2,0.2,,0.64,2.08,sequences/learning_block1_fixed-middle-10_0{participant_ID}.xlsx,sequences/retrieval_block1_fixed-middle-10_0{participant_ID}.xlsx,6,block1,A,4,,,,,,,,,,,,,,,,,,,,,,,,,,,,3,12,0,4,A,7,3,b,None,,,None,,,0.5086607999401167,None,,,,,,,,,,,,,0,0,0,0,3,0,3,0,,,,,0,12,12,12,919.5252506999532,,,,,,,,,,,,,,,,,,,,,,,,,,,,,,,,,,,,,,,,,,,,,,,,,,,,,,,,,,,,,,,,,,,,,,,,,,,,,,,,,,,,,,,,,,,,,,,,,,,,,,,,,,,,,,,,,,,,,,,,,,,,,,,,,,,,,,,,,,,,,,,,,,,,,,,,,,,,,,,,,,,,,,,,,,,,,,,,,,,,,,,,,,,,,,,,,,,,,,,,,,,,,,,,,,,,,,,,,,,,,,,,,,,,,,,,,,,,,,,,,,,,,,,,,,,,,,,,,919.5112213999964,919.5252506999532,920.1945572999539,920.1602309000446,920.1725346000167,920.1945572999539,921.2082992000505,921.1938510000473,921.1938932000194,921.2082992000505,921.4439140000613,921.4672334999777,921.4775901000248,922.491316700005,922.4768920999486,922.4769343000371,922.491316700005,922.7410961999558,922.7267668000422,922.7268008999527,922.7410961999558,924.8398227000143,924.80975330004,924.8230017999886,924.8398227000143,924.8398227000143,924.8398227000143,924.8398227000143,924.8398227000143,927.8270879000193,None,,,927.8296196999727,928.3251932000276,928.3280547000468,928.3554731999757,928.3554731999757,928.3554731999757,928.3554731999757,928.3554731999757,928.8393767999951,931.8428218000336,None,,,931.8454859999474,932.3407099000178,921.4775901000248,927.8393890999723,927.8393890999723,927.8393890999723,927.8393890999723,928.3554731999757,931.3548516000155,931.3548516000155,931.3548516000155,931.3548516000155,931.3548516000155,931.8550229000393,931.8550229000393,932.3545785000315,,,,,,,,,,,,,,,1,2026-08-11_11h05.51.853,TSRlearn_main-blocks,,2025.1.1,59.95897607727807,2026-08-11 11h05.59.572092 +0200,
,,,,,,,,13,13,0,,,,1,stimuli/flower/flower_48.jpg,stimuli/hand/hand_30.jpg,None,no,yes,right,right,3,1.2,0.2,,0.45,2.05,sequences/learning_block1_fixed-middle-10_0{participant_ID}.xlsx,sequences/retrieval_block1_fixed-middle-10_0{participant_ID}.xlsx,6,block1,A,4,,,,,,,,,,,,,,,,,,,,,,,,,,,,3,13,1,4,A,6,8,b,None,,,None,,,0.5086607999401167,None,,,,,,,,,,,,,0,0,0,0,3,0,3,0,,,,,0,13,13,13,932.3545785000315,,,,,,,,,,,,,,,,,,,,,,,,,,,,,,,,,,,,,,,,,,,,,,,,,,,,,,,,,,,,,,,,,,,,,,,,,,,,,,,,,,,,,,,,,,,,,,,,,,,,,,,,,,,,,,,,,,,,,,,,,,,,,,,,,,,,,,,,,,,,,,,,,,,,,,,,,,,,,,,,,,,,,,,,,,,,,,,,,,,,,,,,,,,,,,,,,,,,,,,,,,,,,,,,,,,,,,,,,,,,,,,,,,,,,,,,,,,,,,,,,,,,,,,,,,,,,,,,,932.3412536999676,932.3545785000315,932.8610792000545,932.7912406000542,932.8393872999586,932.8610792000545,933.8711518000346,933.8565609999932,933.8565944000147,933.8711518000346,934.1069817000534,934.1333047000226,934.1566414999543,935.1707984999521,935.1567636999534,935.156810299959,935.1707984999521,935.4207314000232,935.4058679000009,935.4058923999546,935.4207314000232,937.4860062999651,937.4557235999964,937.4694275000365,937.4860062999651,937.4860062999651,937.4860062999651,937.4860062999651,937.4860062999651,940.4738621000433,None,,,940.47606060002,940.9725196999498,940.9756170000182,941.0016284000594,941.0016284000594,941.0016284000594,941.0016284000594,941.0016284000594,941.4852460999973,944.4720828999998,None,,,944.4744892000454,944.9703614000464,,940.4856537999585,940.4856537999585,940.4856537999585,940.4856537999585,941.0016284000594,944.0009342000121,944.0009342000121,944.0009342000121,944.0009342000121,944.0009342000121,944.4845800000476,944.4845800000476,944.9844168999698,,,,,,,,,,,,,,,1,2026-08-11_11h05.51.853,TSRlearn_main-blocks,,2025.1.1,59.95897607727807,2026-08-11 11h05.59.572092 +0200,
,,,,,,,,14,14,0,,,,1,stimuli/chair/chair_15.jpg,stimuli/jacket/jacket_12.jpg,None,no,yes,right,right,2,1.2,0.2,,0.73,2.21,sequences/learning_block1_fixed-middle-10_0{participant_ID}.xlsx,sequences/retrieval_block1_fixed-middle-10_0{participant_ID}.xlsx,6,block1,A,4,,,,,,,,,,,,,,,,,,,,,,,,,,,,3,14,1,4,A,4,10,b,None,,,None,,,0.5086607999401167,None,,,,,,,,,,,,,0,0,0,0,3,0,3,0,,,,,0,14,14,14,944.9844168999698,,,,,,,,,,,,,,,,,,,,,,,,,,,,,,,,,,,,,,,,,,,,,,,,,,,,,,,,,,,,,,,,,,,,,,,,,,,,,,,,,,,,,,,,,,,,,,,,,,,,,,,,,,,,,,,,,,,,,,,,,,,,,,,,,,,,,,,,,,,,,,,,,,,,,,,,,,,,,,,,,,,,,,,,,,,,,,,,,,,,,,,,,,,,,,,,,,,,,,,,,,,,,,,,,,,,,,,,,,,,,,,,,,,,,,,,,,,,,,,,,,,,,,,,,,,,,,,,,944.9708263999783,944.9844168999698,945.7385064000264,945.7032567999559,945.7182184000267,945.7385064000264,946.7502662000479,946.7359555000439,946.7359995000297,946.7502662000479,946.9858843999682,947.0182766000507,947.0360604999587,948.0498830999713,948.0357860999648,948.0358316999627,948.0498830999713,948.2999949000077,948.284963299986,948.2849958000006,948.2999949000077,950.5315597000299,950.501352500054,950.5142690000357,950.5315597000299,950.5315597000299,950.5315597000299,950.5315597000299,950.5315597000299,953.5233828000491,None,,,953.5260865000309,954.0334593000589,954.0362589999568,954.0653575999895,954.0653575999895,954.0653575999895,954.0653575999895,954.0653575999895,954.5478120000334,957.5400914000347,None,,,957.5430649999762,958.049395399983,947.0360604999587,953.5366510000313,953.5366510000313,953.5366510000313,953.5366510000313,954.0653575999895,957.0661255000159,957.0661255000159,957.0661255000159,957.0661255000159,957.0661255000159,957.5636972000357,957.5636972000357,958.0634696000488,,,,,,,,,,,,,,,1,2026-08-11_11h05.51.853,TSRlearn_main-blocks,,2025.1.1,59.95897607727807,2026-08-11 11h05.59.572092 +0200,
,,,,,,,,15,15,0,,,,1,stimuli/dog/dog_31.jpg,stimuli/house/house_10.jpg,None,no,yes,left,left,4,1.2,0.2,,0.58,1.79,sequences/learning_block1_fixed-middle-10_0{participant_ID}.xlsx,sequences/retrieval_block1_fixed-middle-10_0{participant_ID}.xlsx,6,block1,A,4,,,,,,,,,,,,,,,,,,,,,,,,,,,,3,15,0,4,A,5,9,b,None,,,None,,,0.5086607999401167,None,,,,,,,,,,,,,0,0,0,0,3,0,3,0,,,,,0,15,15,15,958.0634696000488,,,,,,,,,,,,,,,,,,,,,,,,,,,,,,,,,,,,,,,,,,,,,,,,,,,,,,,,,,,,,,,,,,,,,,,,,,,,,,,,,,,,,,,,,,,,,,,,,,,,,,,,,,,,,,,,,,,,,,,,,,,,,,,,,,,,,,,,,,,,,,,,,,,,,,,,,,,,,,,,,,,,,,,,,,,,,,,,,,,,,,,,,,,,,,,,,,,,,,,,,,,,,,,,,,,,,,,,,,,,,,,,,,,,,,,,,,,,,,,,,,,,,,,,,,,,,,,,,958.0500156000489,958.0634696000488,958.6826039999723,958.6324310000055,958.6651240000501,958.6826039999723,959.70518239995,959.6909646999557,959.6910111999605,959.70518239995,959.9483278000262,959.9639677000232,959.9817151000025,960.9792504999787,960.9729164000601,960.9729710000101,960.9792504999787,961.2340376999928,961.2150872000493,961.2151224999689,961.2340376999928,963.0442765000043,963.0139245999744,963.0276039000601,963.0442765000043,963.0442765000043,963.0442765000043,963.0442765000043,963.0442765000043,966.0319311999483,None,,,966.0345368999988,966.529246399994,966.5321270000422,966.5600004000589,966.5600004000589,966.5600004000589,966.5600004000589,966.5600004000589,967.0270947000245,970.0150117999874,None,,,970.0177257000469,970.51203480002,,966.044173900038,966.044173900038,966.044173900038,966.044173900038,966.5600004000589,969.5598438000306,969.5598438000306,969.5598438000306,969.5598438000306,969.5598438000306,970.0264898999594,970.0264898999594,970.5263591000112,,,,,,,,,,,,,,,1,2026-08-11_11h05.51.853,TSRlearn_main-blocks,,2025.1.1,59.95897607727807,2026-08-11 11h05.59.572092 +0200,
,,,,,,,,16,16,0,,,,1,stimuli/bicycle/bicycle_18.jpg,stimuli/jacket/jacket_12.jpg,None,yes,no,left,left,5,1.2,0.2,,0.68,2.11,sequences/learning_block1_fixed-middle-10_0{participant_ID}.xlsx,sequences/retrieval_block1_fixed-middle-10_0{participant_ID}.xlsx,6,block1,A,4,,,,,,,,,,,,,,,,,,,,,,,,,,,,4,16,1,4,A,2,10,b,None,,,None,,,0.5086607999401167,None,,,,,,,,,,,,,0,0,0,0,3,0,3,0,,,,,0,16,16,16,970.5263591000112,,,,,,,,,,,,,,,,,,,,,,,,,,,,,,,,,,,,,,,,,,,,,,,,,,,,,,,,,,,,,,,,,,,,,,,,,,,,,,,,,,,,,,,,,,,,,,,,,,,,,,,,,,,,,,,,,,,,,,,,,,,,,,,,,,,,,,,,,,,,,,,,,,,,,,,,,,,,,,,,,,,,,,,,,,,,,,,,,,,,,,,,,,,,,,,,,,,,,,,,,,,,,,,,,,,,,,,,,,,,,,,,,,,,,,,,,,,,,,,,,,,,,,,,,,,,,,,,,970.5124044000404,970.5263591000112,971.2286427000072,971.1965669000056,971.2124112000456,971.2286427000072,972.2427483999636,972.2285496999975,972.2285944999894,972.2427483999636,972.4779830999905,972.5090696000261,972.5281515000388,973.546009200043,973.5277097000508,973.5277533000335,973.546009200043,,973.793655400048,973.7936965000117,973.8084154999815,975.9402296000626,975.910069399979,975.9233322000364,975.9402296000626,975.9402296000626,975.9402296000626,975.9402296000626,975.9402296000626,978.9319630999817,None,,,978.9339944999665,979.4427609000122,979.4458712999476,979.4725302000297,979.4725302000297,979.4725302000297,979.4725302000297,979.4725302000297,979.9606636000099,982.9605763000436,None,,,982.9635444000596,983.4696664999938,972.5281515000388,978.9459306000499,978.9459306000499,978.9459306000499,978.9459306000499,979.4725302000297,982.4723887,982.4723887,982.4723887,982.4723887,982.4723887,982.9721752000041,982.9721752000041,983.4902553999564,,,,,,,,,,,,,,,1,2026-08-11_11h05.51.853,TSRlearn_main-blocks,,2025.1.1,59.95897607727807,2026-08-11 11h05.59.572092 +0200,
,,,,,,,,17,17,0,,,,1,stimuli/flower/flower_48.jpg,stimuli/chair/chair_15.jpg,None,no,yes,right,right,4,1.2,0.2,,0.39,1.93,sequences/learning_block1_fixed-middle-10_0{participant_ID}.xlsx,sequences/retrieval_block1_fixed-middle-10_0{participant_ID}.xlsx,6,block1,A,4,,,,,,,,,,,,,,,,,,,,,,,,,,,,4,17,1,4,A,6,4,b,None,,,None,,,0.5086607999401167,None,,,,,,,,,,,,,0,0,0,0,3,0,3,0,,,,,0,17,17,17,983.4902553999564,,,,,,,,,,,,,,,,,,,,,,,,,,,,,,,,,,,,,,,,,,,,,,,,,,,,,,,,,,,,,,,,,,,,,,,,,,,,,,,,,,,,,,,,,,,,,,,,,,,,,,,,,,,,,,,,,,,,,,,,,,,,,,,,,,,,,,,,,,,,,,,,,,,,,,,,,,,,,,,,,,,,,,,,,,,,,,,,,,,,,,,,,,,,,,,,,,,,,,,,,,,,,,,,,,,,,,,,,,,,,,,,,,,,,,,,,,,,,,,,,,,,,,,,,,,,,,,,,983.4702566999476,983.4902553999564,983.9473430999788,983.8769377999706,983.9318088999717,983.9473430999788,984.9548211999936,984.9410390000558,984.9410869999556,984.9548211999936,985.1907264000038,985.2070078999968,985.224244400044,986.2380743999965,986.2243373000529,986.2243860999588,986.2380743999965,986.4880066000624,986.4738873000024,986.4739243000513,986.4880066000624,988.4538519999478,988.4065374999773,988.4221628999803,988.4538519999478,988.4538519999478,988.4538519999478,988.4538519999478,988.4538519999478,991.4243919999572,None,,,991.4270619000308,991.9221798999934,991.9251556999516,991.952013000031,991.952013000031,991.952013000031,991.952013000031,991.952013000031,992.4359892000211,995.4254424000392,None,,,995.4290447999956,995.9206815999933,985.224244400044,,,,991.4364100999665,991.952013000031,994.9519271999598,994.9519271999598,994.9519271999598,994.9519271999598,994.9519271999598,995.435542399995,995.435542399995,995.9349972000346,,,,,,,,,,,,,,,1,2026-08-11_11h05.51.853,TSRlearn_main-blocks,,2025.1.1,59.95897607727807,2026-08-11 11h05.59.572092 +0200,
,,,,,,,,18,18,0,,,,1,stimuli/bread/bread_40.jpg,stimuli/house/house_10.jpg,None,yes,no,left,left,3,1.2,0.2,,0.3,1.98,sequences/learning_block1_fixed-middle-10_0{participant_ID}.xlsx,sequences/retrieval_block1_fixed-middle-10_0{participant_ID}.xlsx,6,block1,A,4,,,,,,,,,,,,,,,,,,,,,,,,,,,,4,18,1,4,A,3,9,b,None,,,None,,,0.5086607999401167,None,,,,,,,,,,,,,0,0,0,0,3,0,3,0,,,,,0,18,18,18,995.9349972000346,,,,,,,,,,,,,,,,,,,,,,,,,,,,,,,,,,,,,,,,,,,,,,,,,,,,,,,,,,,,,,,,,,,,,,,,,,,,,,,,,,,,,,,,,,,,,,,,,,,,,,,,,,,,,,,,,,,,,,,,,,,,,,,,,,,,,,,,,,,,,,,,,,,,,,,,,,,,,,,,,,,,,,,,,,,,,,,,,,,,,,,,,,,,,,,,,,,,,,,,,,,,,,,,,,,,,,,,,,,,,,,,,,,,,,,,,,,,,,,,,,,,,,,,,,,,,,,,,995.9210477999877,995.9349972000346,996.2755513000302,996.2214078999823,996.2568065000232,996.2755513000302,997.2848096999805,997.2711171000265,997.2711665000534,997.2848096999805,997.5209033000283,997.538514600019,997.5534275999526,998.5675434999866,998.5535013000481,998.5535472000483,998.5675434999866,998.8175217000535,998.8030751000624,998.8031109999865,998.8175217000535,1000.8328058000188,1000.7866816000314,1000.8004516999936,1000.8328058000188,1000.8328058000188,1000.8328058000188,1000.8328058000188,1000.8328058000188,1003.804083700059,None,,,1003.8069438999519,1004.3015434000408,1004.3045415000524,1004.3314201000612,1004.3314201000612,1004.3314201000612,1004.3314201000612,1004.3314201000612,1004.815613899962,1007.8039018999552,None,,,1007.8070256999927,1008.3040174000198,997.5534275999526,,,,1003.8159278000239,1004.3314201000612,1007.3314431000035,1007.3314431000035,1007.3314431000035,1007.3314431000035,1007.3314431000035,1007.8146741000237,1007.8146741000237,1008.3216170000378,,,,,,,,,,,,,,,1,2026-08-11_11h05.51.853,TSRlearn_main-blocks,,2025.1.1,59.95897607727807,2026-08-11 11h05.59.572092 +0200,
,,,,,,,,19,19,0,,,,1,stimuli/dog/dog_31.jpg,stimuli/hammer/hammer_05.jpg,None,yes,no,right,right,2,1.2,0.2,,0.44,2.11,sequences/learning_block1_fixed-middle-10_0{participant_ID}.xlsx,sequences/retrieval_block1_fixed-middle-10_0{participant_ID}.xlsx,6,block1,A,4,,,,,,,,,,,,,,,,,,,,,,,,,,,,4,19,0,4,A,5,7,b,None,,,None,,,0.5086607999401167,None,,,,,,,,,,,,,0,0,0,0,3,0,3,0,,,,,0,19,19,19,1008.3216170000378,,,,,,,,,,,,,,,,,,,,,,,,,,,,,,,,,,,,,,,,,,,,,,,,,,,,,,,,,,,,,,,,,,,,,,,,,,,,,,,,,,,,,,,,,,,,,,,,,,,,,,,,,,,,,,,,,,,,,,,,,,,,,,,,,,,,,,,,,,,,,,,,,,,,,,,,,,,,,,,,,,,,,,,,,,,,,,,,,,,,,,,,,,,,,,,,,,,,,,,,,,,,,,,,,,,,,,,,,,,,,,,,,,,,,,,,,,,,,,,,,,,,,,,,,,,,,,,,,1008.3046768000349,1008.3216170000378,1008.8168257999932,1008.7516386000207,1008.8062845000532,1008.8168257999932,1009.8308828000445,1009.8168670999585,1009.8169138999656,1009.8308828000445,1010.067161599989,1010.0928909999784,1010.117210800061,1011.1301799999783,1011.1160035999492,1011.1160543999868,1011.1301799999783,,1011.3663148999913,1011.3663840000518,1011.380329699954,1013.5308679000009,1013.4862165000523,1013.50072859996,1013.5308679000009,1013.5308679000009,1013.5308679000009,1013.5308679000009,1013.5308679000009,1016.5011146999896,None,,,1016.5039339000359,1016.9993185000494,1017.0016770999646,1017.0276238999795,1017.0276238999795,1017.0276238999795,1017.0276238999795,1017.0276238999795,1017.5171212999849,1020.5148655000376,None,,,1020.5169652999612,1021.0127183999866,,,,,1016.5126562999794,1017.0276238999795,1020.0271275000414,1020.0271275000414,1020.0271275000414,1020.0271275000414,1020.0271275000414,1020.5271308999509,1020.5271308999509,1021.0271161999553,,,,,,,,,,,,,,,1,2026-08-11_11h05.51.853,TSRlearn_main-blocks,,2025.1.1,59.95897607727807,2026-08-11 11h05.59.572092 +0200,
stimuli/fish/fish_01.jpg,stimuli/guitar/guitar_01.jpg,stimuli/hand/hand_30.jpg,stimuli/dog/dog_31.jpg,left,center,right,left,0,0,0,,,,,,,,,,,,,,,,,,sequences/learning_block1_fixed-middle-10_0{participant_ID}.xlsx,sequences/retrieval_block1_fixed-middle-10_0{participant_ID}.xlsx,6,1.0,A,5,1,fish,guitar,hand,dog,0.64,0.31,2,fish,1,stimuli/fish/fish_01.jpg,guitar,1,stimuli/guitar/guitar_01.jpg,lamp,1,stimuli/lamp/lamp_01.jpg,key,1,stimuli/key/key_01.jpg,12,13,8,5,None,,,,,,,,,,,,,,,,,,,,,,,,,,,,,,,0,0,0,0,4,0,4,0,0,0,0,0,,,,,1052.9114714000607,,,,,,,,,,,,,,,,,,,,,,,,,,,,,,,,,,,,,,,,,,,,,,,,,,,,,,,,,,,,,,,,,,,,,,,,,,,,,,,,,,,,,,,,,,,,,,,,,,,,,,,,,,,,,,,,,,,,,,,,,,,,,,,,,,,,,,,,,,,,,,,,,,,,,,,,,,,,,,,,,,,,,,,,,,,,,,,,,,,,,,,,,,,,,,,,,,,,,,,,,,,,,,,,,,,,,,,,1052.036999700009,1052.03706230002,1052.0482952999882,1052.072042100015,1052.5376754000317,1052.8358065000502,1052.9114714000607,1052.9114714000607,1052.9114714000607,1052.9114714000607,1052.9114714000607,1052.9114714000607,1052.9114714000607,0.2988346000202,1057.6885359999724,None,,,1057.809328100062,1057.8565907999873,1057.8565907999873,1057.8565907999873,1057.8565907999873,1057.8565907999873,1057.8565907999873,1058.8351240999764,1058.8466094000032,1059.3514919000445,,,,,,,,,,,,,,,,,,,,,,,,,,,,,,,,,,,,,,,,,,,,,,,,,,,,,,,,,,,,,,,,,,,,,,,,,,,,1021.0190254000481,1051.0210260000313,1051.0428036999656,1051.0506362000015,1052.072042100015,1052.0367518999847,1058.8654701999621,1058.8654701999621,1059.6701326000039,1059.6701326000039,,,1021.0271161999553,1051.0506362000015,1,2026-08-11_11h05.51.853,TSRlearn_main-blocks,,2025.1.1,59.95897607727807,2026-08-11 11h05.59.572092 +0200,
stimuli/guitar/guitar_01.jpg,stimuli/flower/flower_48.jpg,stimuli/bread/bread_40.jpg,stimuli/key/key_01.jpg,center,right,left,center,1,1,0,,,,,,,,,,,,,,,,,,sequences/learning_block1_fixed-middle-10_0{participant_ID}.xlsx,sequences/retrieval_block1_fixed-middle-10_0{participant_ID}.xlsx,6,1.0,A,5,2,guitar,flower,bread,key,0.75,0.25,3,fish,1,stimuli/fish/fish_01.jpg,guitar,1,stimuli/guitar/guitar_01.jpg,lamp,1,stimuli/lamp/lamp_01.jpg,key,1,stimuli/key/key_01.jpg,13,6,3,15,None,,,,,,,,,,,,,,,,,,,,,,,,,,,,,,,0,0,0,0,4,0,4,0,0,1,1,1,,,,,1059.6701326000039,,,,,,,,,,,,,,,,,,,,,,,,,,,,,,,,,,,,,,,,,,,,,,,,,,,,,,,,,,,,,,,,,,,,,,,,,,,,,,,,,,,,,,,,,,,,,,,,,,,,,,,,,,,,,,,,,,,,,,,,,,,,,,,,,,,,,,,,,,,,,,,,,,,,,,,,,,,,,,,,,,,,,,,,,,,,,,,,,,,,,,,,,,,,,,,,,,,,,,,,,,,,,,,,,,,,,,,,,,,,,1059.564069999964,1059.6701326000039,1059.6701326000039,1059.6701326000039,1059.6701326000039,1059.6701326000039,1059.6701326000039,1059.6701326000039,0.2126169000985101,1064.3703323999653,None,,,1064.5714195000473,1064.6230242999736,1064.6230242999736,1064.6230242999736,1064.6230242999736,1064.6230242999736,1064.6230242999736,1065.6159087000415,1065.6238242000109,1066.1314586000517,,,,,,,,,,,,,,,,,,,,,,,,,,,,,,,,,,,,,,,,,,,,,,,,,,,,,,,,,,,,,,,,,,,,,,,,,,,,,,,,,,1065.6311503000325,1065.6311503000325,1066.3711791000096,1066.3711791000096,,,,,1,2026-08-11_11h05.51.853,TSRlearn_main-blocks,,2025.1.1,59.95897607727807,2026-08-11 11h05.59.572092 +0200,
stimuli/flower/flower_48.jpg,stimuli/bicycle/bicycle_18.jpg,stimuli/jacket/jacket_12.jpg,stimuli/dog/dog_31.jpg,right,left,center,right,2,2,0,,,,,,,,,,,,,,,,,,sequences/learning_block1_fixed-middle-10_0{participant_ID}.xlsx,sequences/retrieval_block1_fixed-middle-10_0{participant_ID}.xlsx,6,1.0,A,5,3,flower,bicycle,jacket,dog,0.58,0.42,4,fish,1,stimuli/fish/fish_01.jpg,guitar,1,stimuli/guitar/guitar_01.jpg,lamp,1,stimuli/lamp/lamp_01.jpg,key,1,stimuli/key/key_01.jpg,6,2,10,5,None,,,,,,,,,,,,,,,,,,,,,,,,,,,,,,,0,0,0,0,4,0,4,0,0,2,2,2,,,,,1066.3711791000096,,,,,,,,,,,,,,,,,,,,,,,,,,,,,,,,,,,,,,,,,,,,,,,,,,,,,,,,,,,,,,,,,,,,,,,,,,,,,,,,,,,,,,,,,,,,,,,,,,,,,,,,,,,,,,,,,,,,,,,,,,,,,,,,,,,,,,,,,,,,,,,,,,,,,,,,,,,,,,,,,,,,,,,,,,,,,,,,,,,,,,,,,,,,,,,,,,,,,,,,,,,,,,,,,,,,,,,,,,,,,1066.3016977000516,1066.3711791000096,1066.3711791000096,1066.3711791000096,1066.3711791000096,1066.3711791000096,1066.3711791000096,1066.3711791000096,0.17027710005640984,1071.1497597000562,None,,,1071.3301723999903,1071.3710223999806,1071.3710223999806,1071.3710223999806,1071.3710223999806,1071.3710223999806,1071.3710223999806,1072.3645029000472,1072.3741244999692,1072.89841480006,,,,,,,,,,,,,,,,,,,,,,,,,,,,,,,,,,,,,,,,,,,,,,,,,,,,,,,,,,,,,,,,,,,,,,,,,,,,,,,,,,1072.395508500049,1072.395508500049,1073.2346946999896,1073.2346946999896,,,,,1,2026-08-11_11h05.51.853,TSRlearn_main-blocks,,2025.1.1,59.95897607727807,2026-08-11 11h05.59.572092 +0200,
stimuli/bicycle/bicycle_18.jpg,stimuli/bread/bread_40.jpg,stimuli/ball/ball_39.jpg,stimuli/key/key_01.jpg,center,right,left,center,3,3,0,,,,,,,,,,,,,,,,,,sequences/learning_block1_fixed-middle-10_0{participant_ID}.xlsx,sequences/retrieval_block1_fixed-middle-10_0{participant_ID}.xlsx,6,1.0,A,5,4,bicycle,bread,ball,key,0.53,0.36,5,fish,1,stimuli/fish/fish_01.jpg,guitar,1,stimuli/guitar/guitar_01.jpg,lamp,1,stimuli/lamp/lamp_01.jpg,key,1,stimuli/key/key_01.jpg,2,3,1,15,None,,,,,,,,,,,,,,,,,,,,,,,,,,,,,,,0,0,0,0,4,0,4,0,0,3,3,3,,,,,1073.2346946999896,,,,,,,,,,,,,,,,,,,,,,,,,,,,,,,,,,,,,,,,,,,,,,,,,,,,,,,,,,,,,,,,,,,,,,,,,,,,,,,,,,,,,,,,,,,,,,,,,,,,,,,,,,,,,,,,,,,,,,,,,,,,,,,,,,,,,,,,,,,,,,,,,,,,,,,,,,,,,,,,,,,,,,,,,,,,,,,,,,,,,,,,,,,,,,,,,,,,,,,,,,,,,,,,,,,,,,,,,,,,,1073.1027571000159,1073.2346946999896,1073.2346946999896,1073.2346946999896,1073.2346946999896,1073.2346946999896,1073.2346946999896,1073.2346946999896,0.2043604999780655,1077.9185005000327,None,,,1078.0918844999978,1078.1487361000618,1078.1487361000618,1078.1487361000618,1078.1487361000618,1078.1487361000618,1078.1487361000618,1079.1290444000624,1079.1421984999906,1079.6606370999943,,,,,,,,,,,,,,,,,,,,,,,,,,,,,,,,,,,,,,,,,,,,,,,,,,,,,,,,,,,,,,,,,,,,,,,,,,,,,,,,,,1079.160216600052,1079.160216600052,1079.8971739000408,1079.8971739000408,,,,,1,2026-08-11_11h05.51.853,TSRlearn_main-blocks,,2025.1.1,59.95897607727807,2026-08-11 11h05.59.572092 +0200,
stimuli/bread/bread_40.jpg,stimuli/hand/hand_30.jpg,stimuli/chair/chair_15.jpg,stimuli/lamp/lamp_01.jpg,right,center,left,right,4,4,0,,,,,,,,,,,,,,,,,,sequences/learning_block1_fixed-middle-10_0{participant_ID}.xlsx,sequences/retrieval_block1_fixed-middle-10_0{participant_ID}.xlsx,6,1.0,A,5,5,bread,hand,chair,lamp,0.8,0.47,6,fish,1,stimuli/fish/fish_01.jpg,guitar,1,stimuli/guitar/guitar_01.jpg,lamp,1,stimuli/lamp/lamp_01.jpg,key,1,stimuli/key/key_01.jpg,3,8,4,14,None,,,,,,,,,,,,,,,,,,,,,,,,,,,,,,,0,0,0,0,4,0,4,0,0,4,4,4,,,,,1079.8971739000408,,,,,,,,,,,,,,,,,,,,,,,,,,,,,,,,,,,,,,,,,,,,,,,,,,,,,,,,,,,,,,,,,,,,,,,,,,,,,,,,,,,,,,,,,,,,,,,,,,,,,,,,,,,,,,,,,,,,,,,,,,,,,,,,,,,,,,,,,,,,,,,,,,,,,,,,,,,,,,,,,,,,,,,,,,,,,,,,,,,,,,,,,,,,,,,,,,,,,,,,,,,,,,,,,,,,,,,,,,,,,1079.829933800036,1079.8971739000408,1079.8971739000408,1079.8971739000408,1079.8971739000408,1079.8971739000408,1079.8971739000408,1079.8971739000408,0.1693241000175476,1084.6784885999514,None,,,1084.8467682000482,1084.8788770999527,1084.8788770999527,1084.8788770999527,1084.8788770999527,1084.8788770999527,1084.8788770999527,1085.8590937999543,1085.868606199976,1086.3755479999818,,,,,,,,,,,,,,,,,,,,,,,,,,,,,,,,,,,,,,,,,,,,,,,,,,,,,,,,,,,,,,,,,,,,,,,,,,,,,,,,,,1085.8906077999854,1085.8906077999854,1086.5403816000326,1086.5403816000326,,,,,1,2026-08-11_11h05.51.853,TSRlearn_main-blocks,,2025.1.1,59.95897607727807,2026-08-11 11h05.59.572092 +0200,
stimuli/hand/hand_30.jpg,stimuli/chair/chair_15.jpg,stimuli/house/house_10.jpg,stimuli/dog/dog_31.jpg,right,left,center,right,5,5,0,,,,,,,,,,,,,,,,,,sequences/learning_block1_fixed-middle-10_0{participant_ID}.xlsx,sequences/retrieval_block1_fixed-middle-10_0{participant_ID}.xlsx,6,1.0,A,5,6,hand,chair,house,dog,0.8,0.58,7,fish,1,stimuli/fish/fish_01.jpg,guitar,1,stimuli/guitar/guitar_01.jpg,lamp,1,stimuli/lamp/lamp_01.jpg,key,1,stimuli/key/key_01.jpg,8,4,9,5,None,,,,,,,,,,,,,,,,,,,,,,,,,,,,,,,0,0,0,0,4,0,4,0,0,5,5,5,,,,,1086.5403816000326,,,,,,,,,,,,,,,,,,,,,,,,,,,,,,,,,,,,,,,,,,,,,,,,,,,,,,,,,,,,,,,,,,,,,,,,,,,,,,,,,,,,,,,,,,,,,,,,,,,,,,,,,,,,,,,,,,,,,,,,,,,,,,,,,,,,,,,,,,,,,,,,,,,,,,,,,,,,,,,,,,,,,,,,,,,,,,,,,,,,,,,,,,,,,,,,,,,,,,,,,,,,,,,,,,,,,,,,,,,,,1086.486235999968,1086.5403816000326,1086.5403816000326,1086.5403816000326,1086.5403816000326,1086.5403816000326,1086.5403816000326,1086.5403816000326,0.11072029999922961,1091.3943750000326,None,,,1091.500103599974,1091.5401541000465,1091.5401541000465,1091.5401541000465,1091.5401541000465,1091.5401541000465,1091.5401541000465,1092.5239008000353,1092.5325291999616,1093.0276124000084,,,,,,,,,,,,,,,,,,,,,,,,,,,,,,,,,,,,,,,,,,,,,,,,,,,,,,,,,,,,,,,,,,,,,,,,,,,,,,,,,,1092.5397804999957,1092.5397804999957,1093.207293799962,1093.207293799962,,,,,1,2026-08-11_11h05.51.853,TSRlearn_main-blocks,,2025.1.1,59.95897607727807,2026-08-11 11h05.59.572092 +0200,
stimuli/chair/chair_15.jpg,stimuli/house/house_10.jpg,stimuli/flower/flower_48.jpg,stimuli/bread/bread_40.jpg,center,right,left,center,6,6,0,,,,,,,,,,,,,,,,,,sequences/learning_block1_fixed-middle-10_0{participant_ID}.xlsx,sequences/retrieval_block1_fixed-middle-10_0{participant_ID}.xlsx,6,1.0,A,5,7,chair,house,flower,bread,0.33,0.2,8,fish,1,stimuli/fish/fish_01.jpg,guitar,1,stimuli/guitar/guitar_01.jpg,lamp,1,stimuli/lamp/lamp_01.jpg,key,1,stimuli/key/key_01.jpg,4,9,6,3,None,,,,,,,,,,,,,,,,,,,,,,,,,,,,,,,0,0,0,0,4,0,4,0,0,6,6,6,,,,,1093.207293799962,,,,,,,,,,,,,,,,,,,,,,,,,,,,,,,,,,,,,,,,,,,,,,,,,,,,,,,,,,,,,,,,,,,,,,,,,,,,,,,,,,,,,,,,,,,,,,,,,,,,,,,,,,,,,,,,,,,,,,,,,,,,,,,,,,,,,,,,,,,,,,,,,,,,,,,,,,,,,,,,,,,,,,,,,,,,,,,,,,,,,,,,,,,,,,,,,,,,,,,,,,,,,,,,,,,,,,,,,,,,,1093.1525523000164,1093.207293799962,1093.207293799962,1093.207293799962,1093.207293799962,1093.207293799962,1093.207293799962,1093.207293799962,0.12495760002639145,1098.04133180005,None,,,1098.1652423000196,1098.228172400035,1098.228172400035,1098.228172400035,1098.228172400035,1098.228172400035,1098.228172400035,1099.2213798000012,1099.230854399968,1099.7379577000393,,,,,,,,,,,,,,,,,,,,,,,,,,,,,,,,,,,,,,,,,,,,,,,,,,,,,,,,,,,,,,,,,,,,,,,,,,,,,,,,,,1099.2368002999574,1099.2368002999574,1099.902062500012,1099.902062500012,,,,,1,2026-08-11_11h05.51.853,TSRlearn_main-blocks,,2025.1.1,59.95897607727807,2026-08-11 11h05.59.572092 +0200,
stimuli/house/house_10.jpg,stimuli/jacket/jacket_12.jpg,stimuli/ball/ball_39.jpg,stimuli/guitar/guitar_01.jpg,right,left,center,right,7,7,0,,,,,,,,,,,,,,,,,,sequences/learning_block1_fixed-middle-10_0{participant_ID}.xlsx,sequences/retrieval_block1_fixed-middle-10_0{participant_ID}.xlsx,6,1.0,A,5,8,house,jacket,ball,guitar,0.75,0.47,9,fish,1,stimuli/fish/fish_01.jpg,guitar,1,stimuli/guitar/guitar_01.jpg,lamp,1,stimuli/lamp/lamp_01.jpg,key,1,stimuli/key/key_01.jpg,9,10,1,13,None,,,,,,,,,,,,,,,,,,,,,,,,,,,,,,,0,0,0,0,4,0,4,0,0,7,7,7,,,,,1099.902062500012,,,,,,,,,,,,,,,,,,,,,,,,,,,,,,,,,,,,,,,,,,,,,,,,,,,,,,,,,,,,,,,,,,,,,,,,,,,,,,,,,,,,,,,,,,,,,,,,,,,,,,,,,,,,,,,,,,,,,,,,,,,,,,,,,,,,,,,,,,,,,,,,,,,,,,,,,,,,,,,,,,,,,,,,,,,,,,,,,,,,,,,,,,,,,,,,,,,,,,,,,,,,,,,,,,,,,,,,,,,,,1099.8487030999968,1099.902062500012,1099.902062500012,1099.902062500012,1099.902062500012,1099.902062500012,1099.902062500012,1099.902062500012,0.11077389994170517,1104.7598615000024,None,,,1104.8864163999679,1104.9179092999548,1104.9179092999548,1104.9179092999548,1104.9179092999548,1104.9179092999548,1104.9179092999548,1105.9381797000533,1105.949251199956,1106.470843899995,,,,,,,,,,,,,,,,,,,,,,,,,,,,,,,,,,,,,,,,,,,,,,,,,,,,,,,,,,,,,,,,,,,,,,,,,,,,,,,,,,1105.9681963999756,1105.9681963999756,1106.7154225000413,1106.7154225000413,,,,,1,2026-08-11_11h05.51.853,TSRlearn_main-blocks,,2025.1.1,59.95897607727807,2026-08-11 11h05.59.572092 +0200,
stimuli/jacket/jacket_12.jpg,stimuli/hammer/hammer_05.jpg,stimuli/key/key_01.jpg,stimuli/bicycle/bicycle_18.jpg,right,center,left,right,8,8,0,,,,,,,,,,,,,,,,,,sequences/learning_block1_fixed-middle-10_0{participant_ID}.xlsx,sequences/retrieval_block1_fixed-middle-10_0{participant_ID}.xlsx,6,1.0,A,5,9,jacket,hammer,key,bicycle,0.64,0.4,10,fish,1,stimuli/fish/fish_01.jpg,guitar,1,stimuli/guitar/guitar_01.jpg,lamp,1,stimuli/lamp/lamp_01.jpg,key,1,stimuli/key/key_01.jpg,10,7,15,2,None,,,,,,,,,,,,,,,,,,,,,,,,,,,,,,,0,0,0,0,4,0,4,0,0,8,8,8,,,,,1106.7154225000413,,,,,,,,,,,,,,,,,,,,,,,,,,,,,,,,,,,,,,,,,,,,,,,,,,,,,,,,,,,,,,,,,,,,,,,,,,,,,,,,,,,,,,,,,,,,,,,,,,,,,,,,,,,,,,,,,,,,,,,,,,,,,,,,,,,,,,,,,,,,,,,,,,,,,,,,,,,,,,,,,,,,,,,,,,,,,,,,,,,,,,,,,,,,,,,,,,,,,,,,,,,,,,,,,,,,,,,,,,,,,1106.6354065999622,1106.7154225000413,1106.7154225000413,1106.7154225000413,1106.7154225000413,1106.7154225000413,1106.7154225000413,1106.7154225000413,0.16460799996275455,1111.4875994999893,None,,,1111.6409358000383,1111.6791188999778,1111.6791188999778,1111.6791188999778,1111.6791188999778,1111.6791188999778,1111.6791188999778,1112.7842702999478,1112.7939800999593,1113.3022332000546,,,,,,,,,,,,,,,,,,,,,,,,,,,,,,,,,,,,,,,,,,,,,,,,,,,,,,,,,,,,,,,,,,,,,,,,,,,,,,,,,,1112.8150457000593,1112.8150457000593,1113.4851045999676,1113.4851045999676,,,,,1,2026-08-11_11h05.51.853,TSRlearn_main-blocks,,2025.1.1,59.95897607727807,2026-08-11 11h05.59.572092 +0200,
stimuli/hammer/hammer_05.jpg,stimuli/ball/ball_39.jpg,stimuli/fish/fish_01.jpg,stimuli/flower/flower_48.jpg,left,right,center,left,9,9,0,,,,,,,,,,,,,,,,,,sequences/learning_block1_fixed-middle-10_0{participant_ID}.xlsx,sequences/retrieval_block1_fixed-middle-10_0{participant_ID}.xlsx,6,1.0,A,5,10,hammer,ball,fish,flower,0.67,0.53,11,fish,1,stimuli/fish/fish_01.jpg,guitar,1,stimuli/guitar/guitar_01.jpg,lamp,1,stimuli/lamp/lamp_01.jpg,key,1,stimuli/key/key_01.jpg,7,1,12,6,g,2.9175627999939024,None,,,,,,,,,,,,,,,,,,,,,,,,,,,,,0,0,0,0,4,0,4,0,0,9,9,9,,,,,1113.4851045999676,,,,,,,,,,,,,,,,,,,,,,,,,,,,,,,,,,,,,,,,,,,,,,,,,,,,,,,,,,,,,,,,,,,,,,,,,,,,,,,,,,,,,,,,,,,,,,,,,,,,,,,,,,,,,,,,,,,,,,,,,,,,,,,,,,,,,,,,,,,,,,,,,,,,,,,,,,,,,,,,,,,,,,,,,,,,,,,,,,,,,,,,,,,,,,,,,,,,,,,,,,,,,,,,,,,,,,,,,,,,,1113.436318299966,1113.4851045999676,1113.4851045999676,1113.4851045999676,1113.4851045999676,1113.4851045999676,1113.4851045999676,1113.4851045999676,0.1341169000370428,1116.5002966000466,g,2.9175627999939024,None,1116.616136000026,1116.6698322000448,1116.6698322000448,1116.6698322000448,1116.6698322000448,1116.6698322000448,1116.6698322000448,1117.6496208000463,1117.6576538999798,1117.65769979998,,,,,,,,,,,,,,,,,,,,,,,,,,,,,,,,,,,,,,,,,,,,,,,,,,,,,,,,,,,,,,,,,,,,,,,,,,,,,,,,,,,,,,,,,,1,2026-08-11_11h05.51.853,TSRlearn_main-blocks,,2025.1.1,59.95897607727807,2026-08-11 11h05.59.572092 +0200,
stimuli/ball/ball_39.jpg,stimuli/dog/dog_31.jpg,stimuli/flower/flower_48.jpg,stimuli/chair/chair_15.jpg,right,left,center,right,10,10,0,,,,,,,,,,,,,,,,,,sequences/learning_block1_fixed-middle-10_0{participant_ID}.xlsx,sequences/retrieval_block1_fixed-middle-10_0{participant_ID}.xlsx,6,1.0,A,5,11,ball,dog,flower,chair,0.6,0.33,12,fish,1,stimuli/fish/fish_01.jpg,guitar,1,stimuli/guitar/guitar_01.jpg,lamp,1,stimuli/lamp/lamp_01.jpg,key,1,stimuli/key/key_01.jpg,1,5,6,4,r,0.1565349999582395,None,,,,,,,,,,,,,,,,,,,,,,,,,,,,,0,0,0,0,4,0,4,0,0,10,10,10,,,,,1117.8311314999592,,,,,,,,,,,,,,,,,,,,,,,,,,,,,,,,,,,,,,,,,,,,,,,,,,,,,,,,,,,,,,,,,,,,,,,,,,,,,,,,,,,,,,,,,,,,,,,,,,,,,,,,,,,,,,,,,,,,,,,,,,,,,,,,,,,,,,,,,,,,,,,,,,,,,,,,,,,,,,,,,,,,,,,,,,,,,,,,,,,,,,,,,,,,,,,,,,,,,,,,,,,,,,,,,,,,,,,,,,,,,1117.7790424999548,1117.8311314999592,1117.8311314999592,1117.8311314999592,1117.8311314999592,1117.8311314999592,1117.8311314999592,1117.8311314999592,0.12137060007080436,1118.066713899956,r,0.1565349999582395,None,1118.1962099999655,1118.2294153999537,1118.2294153999537,1118.2294153999537,1118.2294153999537,1118.2294153999537,1118.2294153999537,1119.216343499953,1119.2238374999724,1119.223880299949,,,,,,,,,,,,,,,,,,,,,,,,,,,,,,,,,,,,,,,,,,,,,,,,,,,,,,,,,,,,,,,,,,,,,,,,,,,,,,,,,,,,,,,,,,1,2026-08-11_11h05.51.853,TSRlearn_main-blocks,,2025.1.1,59.95897607727807,2026-08-11 11h05.59.572092 +0200,
stimuli/dog/dog_31.jpg,stimuli/lamp/lamp_01.jpg,stimuli/bicycle/bicycle_18.jpg,stimuli/hammer/hammer_05.jpg,right,center,left,right,11,11,0,,,,,,,,,,,,,,,,,,sequences/learning_block1_fixed-middle-10_0{participant_ID}.xlsx,sequences/retrieval_block1_fixed-middle-10_0{participant_ID}.xlsx,6,1.0,A,5,12,dog,lamp,bicycle,hammer,0.6,0.2,13,fish,1,stimuli/fish/fish_01.jpg,guitar,1,stimuli/guitar/guitar_01.jpg,lamp,1,stimuli/lamp/lamp_01.jpg,key,1,stimuli/key/key_01.jpg,5,14,2,7,b,0.21048859995789826,None,,,,,,,,,,,,,,,,,,,,,,,,,,,,,0,0,0,0,4,0,4,0,0,11,11,11,,,,,1119.4107698999578,,,,,,,,,,,,,,,,,,,,,,,,,,,,,,,,,,,,,,,,,,,,,,,,,,,,,,,,,,,,,,,,,,,,,,,,,,,,,,,,,,,,,,,,,,,,,,,,,,,,,,,,,,,,,,,,,,,,,,,,,,,,,,,,,,,,,,,,,,,,,,,,,,,,,,,,,,,,,,,,,,,,,,,,,,,,,,,,,,,,,,,,,,,,,,,,,,,,,,,,,,,,,,,,,,,,,,,,,,,,,1119.3400676000165,1119.4107698999578,1119.4107698999578,1119.4107698999578,1119.4107698999578,1119.4107698999578,1119.4107698999578,1119.4107698999578,0.11621540004853159,1119.6827034000307,b,0.21048859995789826,None,1119.8077763000038,1119.8521164000267,1119.8521164000267,1119.8521164000267,1119.8521164000267,1119.8521164000267,1119.8521164000267,1120.8316472000442,1120.8391960000154,1120.8392406000057,,,,,,,,,,,,,,,,,,,,,,,,,,,,,,,,,,,,,,,,,,,,,,,,,,,,,,,,,,,,,,,,,,,,,,,,,,,,,,,,,,,,,,,,,,1,2026-08-11_11h05.51.853,TSRlearn_main-blocks,,2025.1.1,59.95897607727807,2026-08-11 11h05.59.572092 +0200,
stimuli/lamp/lamp_01.jpg,stimuli/key/key_01.jpg,stimuli/hand/hand_30.jpg,stimuli/fish/fish_01.jpg,left,right,center,left,12,12,0,,,,,,,,,,,,,,,,,,sequences/learning_block1_fixed-middle-10_0{participant_ID}.xlsx,sequences/retrieval_block1_fixed-middle-10_0{participant_ID}.xlsx,6,1.0,A,5,13,lamp,key,hand,fish,0.53,0.26,14,fish,1,stimuli/fish/fish_01.jpg,guitar,1,stimuli/guitar/guitar_01.jpg,lamp,1,stimuli/lamp/lamp_01.jpg,key,1,stimuli/key/key_01.jpg,14,15,8,12,g,0.11878319992683828,None,,,,,,,,,,,,,,,,,,,,,,,,,,,,,0,0,0,0,4,0,4,0,0,12,12,12,,,,,1121.0436551000457,,,,,,,,,,,,,,,,,,,,,,,,,,,,,,,,,,,,,,,,,,,,,,,,,,,,,,,,,,,,,,,,,,,,,,,,,,,,,,,,,,,,,,,,,,,,,,,,,,,,,,,,,,,,,,,,,,,,,,,,,,,,,,,,,,,,,,,,,,,,,,,,,,,,,,,,,,,,,,,,,,,,,,,,,,,,,,,,,,,,,,,,,,,,,,,,,,,,,,,,,,,,,,,,,,,,,,,,,,,,,1120.9941594999982,1121.0436551000457,1121.0436551000457,1121.0436551000457,1121.0436551000457,1121.0436551000457,1121.0436551000457,1121.0436551000457,0.15495480003301054,1121.2482022000477,g,0.11878319992683828,None,1121.3949443000602,1121.4393009999767,1121.4393009999767,1121.4393009999767,1121.4393009999767,1121.4393009999767,1121.4393009999767,1122.431691900012,1122.4391888000537,1122.4392327000387,,,,,,,,,,,,,,,,,,,,,,,,,,,,,,,,,,,,,,,,,,,,,,,,,,,,,,,,,,,,,,,,,,,,,,,,,,,,,,,,,,,,,,,,,,1,2026-08-11_11h05.51.853,TSRlearn_main-blocks,,2025.1.1,59.95897607727807,2026-08-11 11h05.59.572092 +0200,
,,,,,,,,0,0,0,,,,1,stimuli/house/house_10.jpg,stimuli/ball/ball_39.jpg,None,no,yes,right,right,3,1.2,0.2,,0.62,1.95,sequences/learning_block1_fixed-middle-10_0{participant_ID}.xlsx,sequences/retrieval_block1_fixed-middle-10_0{participant_ID}.xlsx,6,block1,A,5,,,,,,,,,,,,,,,,,,,,,,,,,,,,0,0,1,5,A,9,1,b,g,0.4832458000164479,None,3,0.15388339990749955,None,0.8651690999977291,None,,,,,,,,,,,,,0,0,0,0,4,0,4,0,,,,,0,0,0,0,1128.4760089999763,,,,,,,,,,,,,,,,,,,,,,,,,,,,,,,,,,,,,,,,,,,,,,,,,,,,,,,,,,,,,,,,,,,,,,,,,,,,,,,,,,,,,,,,,,,,,,,,,,,,,,,,,,,,,,,,,,,,,,,,,,,,,,,,,,,,,,,,,,,,,,,,,,,,,,,,,,,,,,,,,,,,,,,,,,,,,,,,,,,,,,,,,,,,,,,,,,,,,,,,,,,,,,,,,,,,,,,,,,,,,,,,,,,,,,,,,,,,,,,,,,,,1122.4451912000077,1122.4619511000346,1127.476504900027,1127.4621094999602,1127.4622095000232,1127.476504900027,1127.476504900027,,,1128.3462527999654,b,1128.3463869000552,1128.346421699971,1128.4656265999656,1128.4760089999763,1129.1292665000074,1129.095806700061,1129.1120765999658,1129.1292665000074,1130.1426819000626,1130.1281005999772,1130.128136000014,1130.1426819000626,1130.3781976000173,1130.403180000023,1130.411099400022,1131.4255787000293,1131.4111755000195,1131.4112119000638,1131.4255787000293,1131.675245600054,1131.6610132999485,1131.661040200037,1131.675245600054,1133.641031499952,1133.6107498999918,1133.6235060000326,1133.641031499952,1133.641031499952,1133.641031499952,1133.641031499952,1133.641031499952,1134.2270441000583,g,0.4832458000164479,None,1134.229359799996,1134.2293981000548,1134.2313921999885,1134.2574965000385,1134.2574965000385,1134.2574965000385,1134.2574965000385,1134.2574965000385,1134.7409167999867,1135.0272219000617,3,0.15388339990749955,None,1135.0297049999936,1135.0297498999862,,,,,,,,,,,,,,,,,,,,,,,,,0.8651690999977291,None,,,1,2026-08-11_11h05.51.853,TSRlearn_main-blocks,,2025.1.1,59.95897607727807,2026-08-11 11h05.59.572092 +0200,
,,,,,,,,1,1,0,,,,1,stimuli/dog/dog_31.jpg,stimuli/chair/chair_15.jpg,None,no,yes,left,left,5,1.2,0.2,,0.56,1.87,sequences/learning_block1_fixed-middle-10_0{participant_ID}.xlsx,sequences/retrieval_block1_fixed-middle-10_0{participant_ID}.xlsx,6,block1,A,5,,,,,,,,,,,,,,,,,,,,,,,,,,,,0,1,0,5,A,5,4,b,None,,,None,,,0.8651690999977291,None,,,,,,,,,,,,,0,0,0,0,4,0,4,0,,,,,0,1,1,1,1135.0412432999583,,,,,,,,,,,,,,,,,,,,,,,,,,,,,,,,,,,,,,,,,,,,,,,,,,,,,,,,,,,,,,,,,,,,,,,,,,,,,,,,,,,,,,,,,,,,,,,,,,,,,,,,,,,,,,,,,,,,,,,,,,,,,,,,,,,,,,,,,,,,,,,,,,,,,,,,,,,,,,,,,,,,,,,,,,,,,,,,,,,,,,,,,,,,,,,,,,,,,,,,,,,,,,,,,,,,,,,,,,,,,,,,,,,,,,,,,,,,,,,,,,,,,,,,,,,,,,,,,1135.0301828000229,1135.0412432999583,1135.6436240000185,1135.59287329996,1135.6213754999917,1135.6436240000185,1136.6570975000504,1136.6430783000542,1136.6431203000247,1136.6570975000504,1136.8951755999587,1136.9122184000444,1136.9285540999845,1137.9400892000413,1137.9258049000055,1137.9258411000483,1137.9400892000413,,1138.176780699985,1138.176824199967,1138.191206800053,1140.1056586999912,1140.0586281999713,1140.073746399954,1140.1056586999912,1140.1056586999912,1140.1056586999912,1140.1056586999912,1140.1056586999912,1143.094512599986,None,,,1143.0973894000053,1143.5952528000344,1143.5983915999532,1143.6233935999917,1143.6233935999917,1143.6233935999917,1143.6233935999917,1143.6233935999917,1144.1050839000382,1147.1083104000427,None,,,1147.1110264000017,1147.606153700035,,1143.1057028999785,1143.1057028999785,1143.1057028999785,1143.1057028999785,1143.6233935999917,1146.6238193999743,1146.6238193999743,1146.6238193999743,1146.6238193999743,1146.6238193999743,1147.1205013999715,1147.1205013999715,1147.6203215999994,,,,,,,,,,,,,,,1,2026-08-11_11h05.51.853,TSRlearn_main-blocks,,2025.1.1,59.95897607727807,2026-08-11 11h05.59.572092 +0200,
,,,,,,,,2,2,0,,,,1,stimuli/flower/flower_48.jpg,stimuli/bread/bread_40.jpg,None,yes,no,left,left,2,1.2,0.2,,0.62,2.17,sequences/learning_block1_fixed-middle-10_0{participant_ID}.xlsx,sequences/retrieval_block1_fixed-middle-10_0{participant_ID}.xlsx,6,block1,A,5,,,,,,,,,,,,,,,,,,,,,,,,,,,,0,2,1,5,A,6,3,b,None,,,None,,,0.8651690999977291,None,,,,,,,,,,,,,0,0,0,0,4,0,4,0,,,,,0,2,2,2,1147.6203215999994,,,,,,,,,,,,,,,,,,,,,,,,,,,,,,,,,,,,,,,,,,,,,,,,,,,,,,,,,,,,,,,,,,,,,,,,,,,,,,,,,,,,,,,,,,,,,,,,,,,,,,,,,,,,,,,,,,,,,,,,,,,,,,,,,,,,,,,,,,,,,,,,,,,,,,,,,,,,,,,,,,,,,,,,,,,,,,,,,,,,,,,,,,,,,,,,,,,,,,,,,,,,,,,,,,,,,,,,,,,,,,,,,,,,,,,,,,,,,,,,,,,,,,,,,,,,,,,,,1147.6067612000043,1147.6203215999994,1148.309732499998,1148.2393613000168,1148.28839110001,1148.309732499998,1149.3207792000612,1149.3065401000204,1149.3065897000488,1149.3207792000612,1149.57296270004,1149.6036655999487,1149.6223733000224,1150.6362349999836,1150.6224343000213,1150.622482900042,1150.6362349999836,,1150.8782025000546,1150.8782776000444,1150.8992500000168,1153.0847838000627,1153.0547912999755,1153.0685931000626,1153.0847838000627,1153.0847838000627,1153.0847838000627,1153.0847838000627,1153.0847838000627,1156.0734144999878,None,,,1156.0761701000156,1156.5701845999574,1156.5730597999645,1156.6004094999516,1156.6004094999516,1156.6004094999516,1156.6004094999516,1156.6004094999516,1157.0678359000012,1160.0751928000245,None,,,1160.0779889000114,1160.603638199973,,1156.0844053999754,1156.0844053999754,1156.0844053999754,1156.0844053999754,1156.6004094999516,1159.5998385000275,1159.5998385000275,1159.5998385000275,1159.5998385000275,1159.5998385000275,1160.101133899996,1160.101133899996,1160.619451800012,,,,,,,,,,,,,,,1,2026-08-11_11h05.51.853,TSRlearn_main-blocks,,2025.1.1,59.95897607727807,2026-08-11 11h05.59.572092 +0200,
,,,,,,,,3,3,0,,,,1,stimuli/hand/hand_30.jpg,stimuli/hammer/hammer_05.jpg,None,yes,no,left,left,4,1.2,0.2,,0.46,2.05,sequences/learning_block1_fixed-middle-10_0{participant_ID}.xlsx,sequences/retrieval_block1_fixed-middle-10_0{participant_ID}.xlsx,6,block1,A,5,,,,,,,,,,,,,,,,,,,,,,,,,,,,0,3,1,5,A,8,7,b,None,,,None,,,0.8651690999977291,None,,,,,,,,,,,,,0,0,0,0,4,0,4,0,,,,,0,3,3,3,1160.619451800012,,,,,,,,,,,,,,,,,,,,,,,,,,,,,,,,,,,,,,,,,,,,,,,,,,,,,,,,,,,,,,,,,,,,,,,,,,,,,,,,,,,,,,,,,,,,,,,,,,,,,,,,,,,,,,,,,,,,,,,,,,,,,,,,,,,,,,,,,,,,,,,,,,,,,,,,,,,,,,,,,,,,,,,,,,,,,,,,,,,,,,,,,,,,,,,,,,,,,,,,,,,,,,,,,,,,,,,,,,,,,,,,,,,,,,,,,,,,,,,,,,,,,,,,,,,,,,,,,1160.6043280999875,1160.619451800012,1161.120378499967,1161.068525300012,1161.0957188999746,1161.120378499967,1162.1324365000473,1162.118795700022,1162.1188411000185,1162.1324365000473,1162.368087699986,1162.382110000006,1162.4012683000183,1163.4153583999723,1163.4013279000064,1163.4013728999998,1163.4153583999723,1163.671619300032,1163.651493799989,1163.6515295000281,1163.671619300032,1165.7643749000272,1165.718157300027,1165.7317752999952,1165.7643749000272,1165.7643749000272,1165.7643749000272,1165.7643749000272,1165.7643749000272,1168.736911199987,None,,,1168.7400035000173,1169.2335221000249,1169.2366924999515,1169.2629841000307,1169.2629841000307,1169.2629841000307,1169.2629841000307,1169.2629841000307,1169.746792400023,1172.7338096000021,None,,,1172.7365205000388,1173.2323653999483,1162.4012683000183,,,,1168.7472910999786,1169.2629841000307,1172.262606000062,1172.262606000062,1172.262606000062,1172.262606000062,1172.262606000062,1172.7458851999836,1172.7458851999836,1173.2509017999982,,,,,,,,,,,,,,,1,2026-08-11_11h05.51.853,TSRlearn_main-blocks,,2025.1.1,59.95897607727807,2026-08-11 11h05.59.572092 +0200,
,,,,,,,,4,4,0,,,,1,stimuli/bicycle/bicycle_18.jpg,stimuli/jacket/jacket_12.jpg,None,no,yes,right,right,5,1.2,0.2,,0.6,1.99,sequences/learning_block1_fixed-middle-10_0{participant_ID}.xlsx,sequences/retrieval_block1_fixed-middle-10_0{participant_ID}.xlsx,6,block1,A,5,,,,,,,,,,,,,,,,,,,,,,,,,,,,1,4,1,5,A,2,10,b,None,,,None,,,0.8651690999977291,None,,,,,,,,,,,,,0,0,0,0,4,0,4,0,,,,,0,4,4,4,1173.2509017999982,,,,,,,,,,,,,,,,,,,,,,,,,,,,,,,,,,,,,,,,,,,,,,,,,,,,,,,,,,,,,,,,,,,,,,,,,,,,,,,,,,,,,,,,,,,,,,,,,,,,,,,,,,,,,,,,,,,,,,,,,,,,,,,,,,,,,,,,,,,,,,,,,,,,,,,,,,,,,,,,,,,,,,,,,,,,,,,,,,,,,,,,,,,,,,,,,,,,,,,,,,,,,,,,,,,,,,,,,,,,,,,,,,,,,,,,,,,,,,,,,,,,,,,,,,,,,,,,,1173.2329985999968,1173.2509017999982,1173.882579499972,1173.8524612999754,1173.873496199958,1173.882579499972,1174.895228600013,1174.881212700042,1174.881261200062,1174.895228600013,1175.1313081999542,1175.1716275999788,1175.1804886000464,1176.1952820000006,1176.180902800057,1176.1809469000436,1176.1952820000006,1176.444936600048,1176.4308836000273,1176.4309188000625,1176.444936600048,1178.4771045000525,1178.430307899951,1178.4443981000222,1178.4771045000525,1178.4771045000525,1178.4771045000525,1178.4771045000525,1178.4771045000525,1181.4474666999886,None,,,1181.4498357999837,1181.9459748000372,1181.9488454000093,1181.9756093999604,1181.9756093999604,1181.9756093999604,1181.9756093999604,1181.9756093999604,1182.4590917000314,1185.445995099959,None,,,1185.4485607000533,1185.944893799955,,,,,1181.4596911000554,1181.9756093999604,1184.975104699959,1184.975104699959,1184.975104699959,1184.975104699959,1184.975104699959,1185.4584449999966,1185.4584449999966,1185.9582567999605,,,,,,,,,,,,,,,1,2026-08-11_11h05.51.853,TSRlearn_main-blocks,,2025.1.1,59.95897607727807,2026-08-11 11h05.59.572092 +0200,
,,,,,,,,5,5,0,,,,1,stimuli/dog/dog_31.jpg,stimuli/hammer/hammer_05.jpg,None,no,yes,left,left,2,1.2,0.2,,0.35,2.23,sequences/learning_block1_fixed-middle-10_0{participant_ID}.xlsx,sequences/retrieval_block1_fixed-middle-10_0{participant_ID}.xlsx,6,block1,A,5,,,,,,,,,,,,,,,,,,,,,,,,,,,,1,5,0,5,A,5,7,b,None,,,5,3.9538727999897674,None,0.8651690999977291,None,,,,,,,,,,,,,0,0,0,0,4,0,4,0,,,,,0,5,5,5,1185.9582567999605,,,,,,,,,,,,,,,,,,,,,,,,,,,,,,,,,,,,,,,,,,,,,,,,,,,,,,,,,,,,,,,,,,,,,,,,,,,,,,,,,,,,,,,,,,,,,,,,,,,,,,,,,,,,,,,,,,,,,,,,,,,,,,,,,,,,,,,,,,,,,,,,,,,,,,,,,,,,,,,,,,,,,,,,,,,,,,,,,,,,,,,,,,,,,,,,,,,,,,,,,,,,,,,,,,,,,,,,,,,,,,,,,,,,,,,,,,,,,,,,,,,,,,,,,,,,,,,,,1185.945488700061,1185.9582567999605,1186.3438639000524,1186.2937396999914,1186.3238773000194,1186.3438639000524,1187.3577761000488,1187.3435079000192,1187.343552300008,1187.3577761000488,1187.5935950999847,1187.6090863000136,1187.6265453000087,1188.6405668000225,1188.6260888000252,1188.6261311999988,1188.6405668000225,1188.8904331000522,1188.8758368999697,1188.875870399992,1188.8904331000522,1191.1392222000286,1191.1089198000263,1191.1225114000263,1191.1392222000286,1191.1392222000286,1191.1392222000286,1191.1392222000286,1191.1392222000286,1194.1273981999839,None,,,1194.1295736000175,1194.6251655999804,1194.628154200036,1194.654734599986,1194.654734599986,1194.654734599986,1194.654734599986,1194.654734599986,1195.1552073999774,1195.2243104999652,5,3.9538727999897674,None,1195.2265089000575,1195.2265403999481,,1194.1391648000572,1194.1391648000572,1194.1391648000572,1194.1391648000572,1194.654734599986,,,,,,,,,,,,,,,,,,,,,,,1,2026-08-11_11h05.51.853,TSRlearn_main-blocks,,2025.1.1,59.95897607727807,2026-08-11 11h05.59.572092 +0200,
,,,,,,,,6,6,0,,,,1,stimuli/ball/ball_39.jpg,stimuli/chair/chair_15.jpg,None,no,yes,left,left,4,1.2,0.2,,0.3,2.19,sequences/learning_block1_fixed-middle-10_0{participant_ID}.xlsx,sequences/retrieval_block1_fixed-middle-10_0{participant_ID}.xlsx,6,block1,A,5,,,,,,,,,,,,,,,,,,,,,,,,,,,,1,6,0,5,A,1,4,b,g,0.5124156000092626,None,2,1.0310877000447363,None,0.8651690999977291,None,,,,,,,,,,,,,0,0,0,0,4,0,4,0,,,,,0,6,6,6,1195.2386684999801,,,,,,,,,,,,,,,,,,,,,,,,,,,,,,,,,,,,,,,,,,,,,,,,,,,,,,,,,,,,,,,,,,,,,,,,,,,,,,,,,,,,,,,,,,,,,,,,,,,,,,,,,,,,,,,,,,,,,,,,,,,,,,,,,,,,,,,,,,,,,,,,,,,,,,,,,,,,,,,,,,,,,,,,,,,,,,,,,,,,,,,,,,,,,,,,,,,,,,,,,,,,,,,,,,,,,,,,,,,,,,,,,,,,,,,,,,,,,,,,,,,,,,,,,,,,,,,,,1195.2268733000383,1195.2386684999801,1195.5577608000021,1195.5240838000318,1195.5456436000532,1195.5577608000021,1196.571384800016,1196.5570428000065,1196.5570771000348,1196.571384800016,1196.806542800041,1196.8191265000496,1196.840593699948,1197.8546198999975,1197.839577900013,1197.8396177999675,1197.8546198999975,1198.1041699000634,1198.08947789995,1198.0895022000186,1198.1041699000634,1200.319431800046,1200.2890131999739,1200.3020903000142,1200.319431800046,1200.319431800046,1200.319431800046,1200.319431800046,1200.319431800046,1200.955549199949,g,0.5124156000092626,None,1200.9577732000034,1200.9578000999754,1200.9596757000545,1200.9861866000574,1200.9861866000574,1200.9861866000574,1200.9861866000574,1200.9861866000574,1201.470616400009,1201.4577544999775,2,1.0310877000447363,None,1201.4617901999736,1201.461916100001,1196.840593699948,,,,,,,,,,,,,,,,,,,,,,,,,,,,1,2026-08-11_11h05.51.853,TSRlearn_main-blocks,,2025.1.1,59.95897607727807,2026-08-11 11h05.59.572092 +0200,
,,,,,,,,7,7,0,,,,1,stimuli/flower/flower_48.jpg,stimuli/hand/hand_30.jpg,None,yes,no,left,left,3,1.2,0.2,,0.53,1.79,sequences/learning_block1_fixed-middle-10_0{participant_ID}.xlsx,sequences/retrieval_block1_fixed-middle-10_0{participant_ID}.xlsx,6,block1,A,5,,,,,,,,,,,,,,,,,,,,,,,,,,,,1,7,1,5,A,6,8,b,g,0.8446282999357209,None,3,0.08884019998367876,None,0.8651690999977291,None,,,,,,,,,,,,,0,0,0,0,4,0,4,0,,,,,0,7,7,7,1201.470616400009,,,,,,,,,,,,,,,,,,,,,,,,,,,,,,,,,,,,,,,,,,,,,,,,,,,,,,,,,,,,,,,,,,,,,,,,,,,,,,,,,,,,,,,,,,,,,,,,,,,,,,,,,,,,,,,,,,,,,,,,,,,,,,,,,,,,,,,,,,,,,,,,,,,,,,,,,,,,,,,,,,,,,,,,,,,,,,,,,,,,,,,,,,,,,,,,,,,,,,,,,,,,,,,,,,,,,,,,,,,,,,,,,,,,,,,,,,,,,,,,,,,,,,,,,,,,,,,,,1201.4626289999578,1201.470616400009,1202.0450433000224,1201.9887104999507,1202.0316733999643,1202.0450433000224,1203.0528894000454,1203.0389544999925,1203.0389907000354,1203.0528894000454,1203.2882831000024,1203.3134822000284,1203.3216262999922,1204.3358204000397,1204.3214540999616,1204.321499499958,1204.3358204000397,1204.585720299976,1204.5710016000085,1204.571026199963,1204.585720299976,1206.4179251999594,1206.3721399999922,1206.3859141999856,1206.4179251999594,1206.4179251999594,1206.4179251999594,1206.4179251999594,1206.4179251999594,1207.3701299000531,g,0.8446282999357209,None,1207.3723704000004,1207.372394099948,1207.3741941000335,1207.400872600032,1207.400872600032,1207.400872600032,1207.400872600032,1207.400872600032,1207.8846609999891,1208.1035739999497,3,0.08884019998367876,None,1208.1057731000474,1208.1057973999996,1203.3216262999922,,,,,,,,,,,,,,,,,,,,,,,,,,,,1,2026-08-11_11h05.51.853,TSRlearn_main-blocks,,2025.1.1,59.95897607727807,2026-08-11 11h05.59.572092 +0200,
,,,,,,,,8,8,0,,,,1,stimuli/bread/bread_40.jpg,stimuli/jacket/jacket_12.jpg,None,no,yes,right,right,4,1.2,0.2,,0.29,2.19,sequences/learning_block1_fixed-middle-10_0{participant_ID}.xlsx,sequences/retrieval_block1_fixed-middle-10_0{participant_ID}.xlsx,6,block1,A,5,,,,,,,,,,,,,,,,,,,,,,,,,,,,2,8,1,5,A,3,10,b,b,0.49629909999202937,None,5,1.0703046000562608,None,0.8651690999977291,None,,,,,,,,,,,,,0,0,0,0,4,0,4,0,,,,,0,8,8,8,1208.1179737000493,,,,,,,,,,,,,,,,,,,,,,,,,,,,,,,,,,,,,,,,,,,,,,,,,,,,,,,,,,,,,,,,,,,,,,,,,,,,,,,,,,,,,,,,,,,,,,,,,,,,,,,,,,,,,,,,,,,,,,,,,,,,,,,,,,,,,,,,,,,,,,,,,,,,,,,,,,,,,,,,,,,,,,,,,,,,,,,,,,,,,,,,,,,,,,,,,,,,,,,,,,,,,,,,,,,,,,,,,,,,,,,,,,,,,,,,,,,,,,,,,,,,,,,,,,,,,,,,,1208.1061394000426,1208.1179737000493,1208.43957269995,1208.4033617000096,1208.4257344000507,1208.43957269995,1209.4512796000345,1209.4369899999583,1209.4370270000072,1209.4512796000345,1209.686377099948,1209.7201194999507,1209.7362873000093,1210.7500343000283,1210.735851699952,1210.7358910000185,1210.7500343000283,1211.0003741000546,1210.9857653999934,1210.98579159996,1211.0003741000546,1213.2158020000206,1213.1850113000255,1213.1976584000513,1213.2158020000206,1213.2158020000206,1213.2158020000206,1213.2158020000206,1213.2158020000206,1213.8184902999783,b,0.49629909999202937,None,1213.8206131999614,1213.8206405000528,1213.8224892000435,1213.8489451999776,1213.8489451999776,1213.8489451999776,1213.8489451999776,1213.8489451999776,1214.349359499989,1214.4177721999586,5,1.0703046000562608,None,1214.4198426000075,1214.4198708999902,1209.7362873000093,,,,,,,,,,,,,,,,,,,,,,,,,,,,1,2026-08-11_11h05.51.853,TSRlearn_main-blocks,,2025.1.1,59.95897607727807,2026-08-11 11h05.59.572092 +0200,
,,,,,,,,9,9,0,,,,1,stimuli/hammer/hammer_05.jpg,stimuli/chair/chair_15.jpg,None,yes,no,right,right,3,1.2,0.2,,0.62,2.04,sequences/learning_block1_fixed-middle-10_0{participant_ID}.xlsx,sequences/retrieval_block1_fixed-middle-10_0{participant_ID}.xlsx,6,block1,A,5,,,,,,,,,,,,,,,,,,,,,,,,,,,,2,9,0,5,A,7,4,b,b,0.41965209995396435,None,5,0.9342633000342175,None,0.8651690999977291,None,,,,,,,,,,,,,0,0,0,0,4,0,4,0,,,,,0,9,9,9,1214.4324372999836,,,,,,,,,,,,,,,,,,,,,,,,,,,,,,,,,,,,,,,,,,,,,,,,,,,,,,,,,,,,,,,,,,,,,,,,,,,,,,,,,,,,,,,,,,,,,,,,,,,,,,,,,,,,,,,,,,,,,,,,,,,,,,,,,,,,,,,,,,,,,,,,,,,,,,,,,,,,,,,,,,,,,,,,,,,,,,,,,,,,,,,,,,,,,,,,,,,,,,,,,,,,,,,,,,,,,,,,,,,,,,,,,,,,,,,,,,,,,,,,,,,,,,,,,,,,,,,,,1214.4201984000392,1214.4324372999836,1215.085061699967,1215.0512711000629,1215.0632659000112,1215.085061699967,1216.0983291000593,1216.0828666000161,1216.082899800036,1216.0983291000593,1216.3332958000246,1216.345320399967,1216.3673531999812,1217.381637100014,1217.3676153999986,1217.3676516000414,1217.381637100014,1217.63162,1217.6172144999728,1217.617239800049,1217.63162,1219.6968063999666,1219.6656314999564,1219.6787180999527,1219.6968063999666,1219.6968063999666,1219.6968063999666,1219.6968063999666,1219.6968063999666,1220.2493131000083,b,0.41965209995396435,None,1220.2515067999484,1220.2515326000284,1220.2537056000438,1220.2800960000604,1220.2800960000604,1220.2800960000604,1220.2800960000604,1220.2800960000604,,1220.732869999949,5,0.9342633000342175,None,1220.7350095000584,1220.7350355000235,,,,,,,,,,,,,,,,,,,,,,,,,,,,,1,2026-08-11_11h05.51.853,TSRlearn_main-blocks,,2025.1.1,59.95897607727807,2026-08-11 11h05.59.572092 +0200,
,,,,,,,,10,10,0,,,,1,stimuli/flower/flower_48.jpg,stimuli/house/house_10.jpg,None,no,yes,right,right,5,1.2,0.2,,0.31,1.78,sequences/learning_block1_fixed-middle-10_0{participant_ID}.xlsx,sequences/retrieval_block1_fixed-middle-10_0{participant_ID}.xlsx,6,block1,A,5,,,,,,,,,,,,,,,,,,,,,,,,,,,,2,10,1,5,A,6,9,b,b,1.436908100033179,None,3,1.9426819001091644,None,0.8651690999977291,None,,,,,,,,,,,,,0,0,0,0,4,0,4,0,,,,,0,10,10,10,1220.7472482000012,,,,,,,,,,,,,,,,,,,,,,,,,,,,,,,,,,,,,,,,,,,,,,,,,,,,,,,,,,,,,,,,,,,,,,,,,,,,,,,,,,,,,,,,,,,,,,,,,,,,,,,,,,,,,,,,,,,,,,,,,,,,,,,,,,,,,,,,,,,,,,,,,,,,,,,,,,,,,,,,,,,,,,,,,,,,,,,,,,,,,,,,,,,,,,,,,,,,,,,,,,,,,,,,,,,,,,,,,,,,,,,,,,,,,,,,,,,,,,,,,,,,,,,,,,,,,,,,,1220.7353629999561,1220.7472482000012,1221.1230855999747,1221.049682599958,1221.0930462999968,1221.1230855999747,1222.129903599969,1222.1155391000211,1222.115574400057,1222.129903599969,1222.3656423999928,1222.3803401000332,1222.398993800045,1223.4132422000403,1223.3985467000166,1223.3985805000411,1223.4132422000403,1223.6627299999818,1223.6484242000151,1223.6484503999818,1223.6627299999818,1225.461628900026,1225.4313943999587,1225.444257199997,1225.461628900026,1225.461628900026,1225.461628900026,1225.461628900026,1225.461628900026,1227.01431280002,b,1.436908100033179,None,1227.016555499984,1227.0165866999887,1227.0189677999588,1227.0446391999722,1227.0446391999722,1227.0446391999722,1227.0446391999722,1227.0446391999722,1227.5284073000075,1227.5140492999926,3,1.9426819001091644,None,1227.516235899995,1227.5162599000614,,,,,,,,,,,,,,,,,,,,,,,,,,,,,1,2026-08-11_11h05.51.853,TSRlearn_main-blocks,,2025.1.1,59.95897607727807,2026-08-11 11h05.59.572092 +0200,
,,,,,,,,11,11,0,,,,1,stimuli/bicycle/bicycle_18.jpg,stimuli/hand/hand_30.jpg,None,yes,no,left,left,2,1.2,0.2,,0.66,1.77,sequences/learning_block1_fixed-middle-10_0{participant_ID}.xlsx,sequences/retrieval_block1_fixed-middle-10_0{participant_ID}.xlsx,6,block1,A,5,,,,,,,,,,,,,,,,,,,,,,,,,,,,2,11,1,5,A,2,8,b,g,0.4862686999840662,None,3,0.09041259996592999,None,0.8651690999977291,None,,,,,,,,,,,,,0,0,0,0,4,0,4,0,,,,,0,11,11,11,1227.5284073000075,,,,,,,,,,,,,,,,,,,,,,,,,,,,,,,,,,,,,,,,,,,,,,,,,,,,,,,,,,,,,,,,,,,,,,,,,,,,,,,,,,,,,,,,,,,,,,,,,,,,,,,,,,,,,,,,,,,,,,,,,,,,,,,,,,,,,,,,,,,,,,,,,,,,,,,,,,,,,,,,,,,,,,,,,,,,,,,,,,,,,,,,,,,,,,,,,,,,,,,,,,,,,,,,,,,,,,,,,,,,,,,,,,,,,,,,,,,,,,,,,,,,,,,,,,,,,,,,,1227.5166024999926,1227.5284073000075,1228.2167917999905,1228.1809630000498,1228.1969314999878,1228.2167917999905,1229.2280562999658,1229.21376720001,1229.2138047000626,1229.2280562999658,1229.4645641000243,1229.5012666999828,1229.5132807999616,1230.527873700019,1230.5135027000215,1230.513538600062,1230.527873700019,1230.7773366000038,1230.7633417999605,1230.7633692000527,1230.7773366000038,1232.5762447000016,1232.5460060000187,1232.5589453000575,1232.5762447000016,1232.5762447000016,1232.5762447000016,1232.5762447000016,1232.5762447000016,1233.1790089999558,g,0.4862686999840662,None,1233.1813394000055,1233.181366899982,1233.1833408999955,1233.2094249000074,1233.2094249000074,1233.2094249000074,1233.2094249000074,1233.2094249000074,1233.6929777000332,1233.8957477000076,3,0.09041259996592999,None,1233.8982429000316,1233.8982744000386,,,,,,,,,,,,,,,,,,,,,,,,,,,,,1,2026-08-11_11h05.51.853,TSRlearn_main-blocks,,2025.1.1,59.95897607727807,2026-08-11 11h05.59.572092 +0200,
,,,,,,,,12,12,0,,,,1,stimuli/dog/dog_31.jpg,stimuli/house/house_10.jpg,None,no,yes,left,left,4,1.2,0.2,,0.33,1.79,sequences/learning_block1_fixed-middle-10_0{participant_ID}.xlsx,sequences/retrieval_block1_fixed-middle-10_0{participant_ID}.xlsx,6,block1,A,5,,,,,,,,,,,,,,,,,,,,,,,,,,,,3,12,0,5,A,5,9,b,g,0.6997899999842048,None,2,0.44671290006954223,None,0.8651690999977291,None,,,,,,,,,,,,,0,0,0,0,4,0,4,0,,,,,0,12,12,12,1233.9097755999537,,,,,,,,,,,,,,,,,,,,,,,,,,,,,,,,,,,,,,,,,,,,,,,,,,,,,,,,,,,,,,,,,,,,,,,,,,,,,,,,,,,,,,,,,,,,,,,,,,,,,,,,,,,,,,,,,,,,,,,,,,,,,,,,,,,,,,,,,,,,,,,,,,,,,,,,,,,,,,,,,,,,,,,,,,,,,,,,,,,,,,,,,,,,,,,,,,,,,,,,,,,,,,,,,,,,,,,,,,,,,,,,,,,,,,,,,,,,,,,,,,,,,,,,,,,,,,,,,1233.8986354999943,1233.9097755999537,1234.2788397000404,1234.2287908999715,1234.2620981000364,1234.2788397000404,1235.2926832999801,1235.2784465999575,1235.278482900001,1235.2926832999801,1235.5282194999745,1235.5469860000303,1235.562030400033,1236.5755979999667,1236.561258599977,1236.561295100022,1236.5755979999667,1236.8256294999737,1236.8112024000147,1236.8112297999905,1236.8256294999737,1238.640974799986,1238.6108140000142,1238.6244595999597,1238.640974799986,1238.640974799986,1238.640974799986,1238.640974799986,1238.640974799986,1239.4438621000154,g,0.6997899999842048,None,1239.4466590000084,1239.4466891000047,1239.4487372000003,1239.4742439000402,1239.4742439000402,1239.4742439000402,1239.4742439000402,1239.4742439000402,1239.9576873000478,1240.5265115000075,2,0.44671290006954223,None,1240.5292057000333,1240.529236100032,1235.562030400033,,,,,,,,,,,,,,,,,,,,,,,,,,,,1,2026-08-11_11h05.51.853,TSRlearn_main-blocks,,2025.1.1,59.95897607727807,2026-08-11 11h05.59.572092 +0200,
,,,,,,,,13,13,0,,,,1,stimuli/jacket/jacket_12.jpg,stimuli/ball/ball_39.jpg,None,no,yes,right,right,2,1.2,0.2,,0.45,1.94,sequences/learning_block1_fixed-middle-10_0{participant_ID}.xlsx,sequences/retrieval_block1_fixed-middle-10_0{participant_ID}.xlsx,6,block1,A,5,,,,,,,,,,,,,,,,,,,,,,,,,,,,3,13,1,5,A,10,1,b,b,0.6330304000293836,None,4,0.7237969000125304,None,0.8651690999977291,None,,,,,,,,,,,,,0,0,0,0,4,0,4,0,,,,,0,13,13,13,1240.540759399999,,,,,,,,,,,,,,,,,,,,,,,,,,,,,,,,,,,,,,,,,,,,,,,,,,,,,,,,,,,,,,,,,,,,,,,,,,,,,,,,,,,,,,,,,,,,,,,,,,,,,,,,,,,,,,,,,,,,,,,,,,,,,,,,,,,,,,,,,,,,,,,,,,,,,,,,,,,,,,,,,,,,,,,,,,,,,,,,,,,,,,,,,,,,,,,,,,,,,,,,,,,,,,,,,,,,,,,,,,,,,,,,,,,,,,,,,,,,,,,,,,,,,,,,,,,,,,,,,1240.5296151000075,1240.540759399999,1241.0265612000367,1240.97661230003,1241.0101651999867,1241.0265612000367,1242.0402593000326,1242.0264237000374,1242.0264579999493,1242.0402593000326,1242.2760828000028,1242.3050695999991,1242.325942800031,1243.3396887000417,1243.325779399951,1243.325812599971,1243.3396887000417,1243.5897561999736,1243.5752800999908,1243.575308999978,1243.5897561999736,1245.5554384000134,1245.524917999981,1245.5386148999678,1245.5554384000134,1245.5554384000134,1245.5554384000134,1245.5554384000134,1245.5554384000134,1246.3085108000087,b,0.6330304000293836,None,1246.3114154000068,1246.3114448999986,1246.3134715000633,1246.3387754999567,1246.3387754999567,1246.3387754999567,1246.3387754999567,1246.3387754999567,1246.822212100029,1247.6744486000389,4,0.7237969000125304,None,1247.676937500015,1247.6769734000554,1242.325942800031,,,,,,,,,,,,,,,,,,,,,,,,,,,,1,2026-08-11_11h05.51.853,TSRlearn_main-blocks,,2025.1.1,59.95897607727807,2026-08-11 11h05.59.572092 +0200,
,,,,,,,,14,14,0,,,,1,stimuli/chair/chair_15.jpg,stimuli/bicycle/bicycle_18.jpg,None,no,yes,left,left,3,1.2,0.2,,0.56,2.18,sequences/learning_block1_fixed-middle-10_0{participant_ID}.xlsx,sequences/retrieval_block1_fixed-middle-10_0{participant_ID}.xlsx,6,block1,A,5,,,,,,,,,,,,,,,,,,,,,,,,,,,,3,14,0,5,A,4,2,b,b,0.7698842999525368,None,2,0.3470918999519199,None,0.8651690999977291,None,,,,,,,,,,,,,0,0,0,0,4,0,4,0,,,,,0,14,14,14,1247.6886949000182,,,,,,,,,,,,,,,,,,,,,,,,,,,,,,,,,,,,,,,,,,,,,,,,,,,,,,,,,,,,,,,,,,,,,,,,,,,,,,,,,,,,,,,,,,,,,,,,,,,,,,,,,,,,,,,,,,,,,,,,,,,,,,,,,,,,,,,,,,,,,,,,,,,,,,,,,,,,,,,,,,,,,,,,,,,,,,,,,,,,,,,,,,,,,,,,,,,,,,,,,,,,,,,,,,,,,,,,,,,,,,,,,,,,,,,,,,,,,,,,,,,,,,,,,,,,,,,,,1247.6773560000584,1247.6886949000182,1248.2743566000136,1248.2407694000285,1248.2559407999506,1248.2743566000136,1249.2881720999721,1249.2738573000534,1249.2738971000072,1249.2881720999721,1249.5235590999946,1249.5389944999479,1249.5570307000307,1250.5713099000277,1250.5564745999873,1250.5565093000187,1250.5713099000277,1250.8209036999615,1250.8065454000607,1250.8065727000358,1250.8209036999615,1253.0242474999977,1252.9894480999792,1253.0026041000383,1253.0242474999977,1253.0242474999977,1253.0242474999977,1253.0242474999977,1253.0242474999977,1253.9217034999747,b,0.7698842999525368,None,1253.9238046000246,1253.9238302999875,1253.9256047999952,1253.9526106000412,1253.9526106000412,1253.9526106000412,1253.9526106000412,1253.9526106000412,1254.4363145000534,1254.8891223999672,2,0.3470918999519199,None,1254.8913584999973,1254.8913895000005,1249.5570307000307,,,,,,,,,,,,,,,,,,,,,,,,,,,,1,2026-08-11_11h05.51.853,TSRlearn_main-blocks,,2025.1.1,59.95897607727807,2026-08-11 11h05.59.572092 +0200,
,,,,,,,,15,15,0,,,,1,stimuli/hammer/hammer_05.jpg,stimuli/bread/bread_40.jpg,None,yes,no,right,right,5,1.2,0.2,,0.56,2.12,sequences/learning_block1_fixed-middle-10_0{participant_ID}.xlsx,sequences/retrieval_block1_fixed-middle-10_0{participant_ID}.xlsx,6,block1,A,5,,,,,,,,,,,,,,,,,,,,,,,,,,,,3,15,0,5,A,7,3,b,None,,,None,,,0.8651690999977291,None,,,,,,,,,,,,,0,0,0,0,4,0,4,0,,,,,0,15,15,15,1254.903196600033,,,,,,,,,,,,,,,,,,,,,,,,,,,,,,,,,,,,,,,,,,,,,,,,,,,,,,,,,,,,,,,,,,,,,,,,,,,,,,,,,,,,,,,,,,,,,,,,,,,,,,,,,,,,,,,,,,,,,,,,,,,,,,,,,,,,,,,,,,,,,,,,,,,,,,,,,,,,,,,,,,,,,,,,,,,,,,,,,,,,,,,,,,,,,,,,,,,,,,,,,,,,,,,,,,,,,,,,,,,,,,,,,,,,,,,,,,,,,,,,,,,,,,,,,,,,,,,,,1254.8917411000002,1254.903196600033,1255.4887981000356,1255.455051500001,1255.469524999964,1255.4887981000356,1256.502170599997,1256.4875556000043,1256.4875871000113,1256.502170599997,1256.7386866000015,1256.76502479997,1256.7881741999881,1257.8023496000096,1257.7878578000236,1257.7878938999493,1257.8023496000096,,1258.0381553999614,1258.0382005999563,1258.052057199995,1260.200576800038,1260.1704884000355,1260.1844788000453,1260.200576800038,1260.200576800038,1260.200576800038,1260.200576800038,1260.200576800038,1263.1877528000623,None,,,1263.1896182000637,1263.6856640999904,1263.687779800035,1263.7164270000067,1263.7164270000067,1263.7164270000067,1263.7164270000067,1263.7164270000067,1264.200262599974,1267.2031065999763,None,,,1267.2049622000195,1267.717633799999,,1263.200633600005,1263.200633600005,1263.200633600005,1263.200633600005,1263.7164270000067,1266.7162164000329,1266.7162164000329,1266.7162164000329,1266.7162164000329,1266.7162164000329,1267.2170674999943,1267.2170674999943,1267.732113200007,,,,,,,,,,,,,,,1,2026-08-11_11h05.51.853,TSRlearn_main-blocks,,2025.1.1,59.95897607727807,2026-08-11 11h05.59.572092 +0200,
,,,,,,,,16,16,0,,,,1,stimuli/house/house_10.jpg,stimuli/bicycle/bicycle_18.jpg,None,yes,no,right,right,4,1.2,0.2,,0.62,2.22,sequences/learning_block1_fixed-middle-10_0{participant_ID}.xlsx,sequences/retrieval_block1_fixed-middle-10_0{participant_ID}.xlsx,6,block1,A,5,,,,,,,,,,,,,,,,,,,,,,,,,,,,4,16,0,5,A,9,2,b,None,,,None,,,0.8651690999977291,None,,,,,,,,,,,,,0,0,0,0,4,0,4,0,,,,,0,16,16,16,1267.732113200007,,,,,,,,,,,,,,,,,,,,,,,,,,,,,,,,,,,,,,,,,,,,,,,,,,,,,,,,,,,,,,,,,,,,,,,,,,,,,,,,,,,,,,,,,,,,,,,,,,,,,,,,,,,,,,,,,,,,,,,,,,,,,,,,,,,,,,,,,,,,,,,,,,,,,,,,,,,,,,,,,,,,,,,,,,,,,,,,,,,,,,,,,,,,,,,,,,,,,,,,,,,,,,,,,,,,,,,,,,,,,,,,,,,,,,,,,,,,,,,,,,,,,,,,,,,,,,,,,1267.717978300061,1267.732113200007,1268.3847389000002,1268.3505748000462,1268.3666995000094,1268.3847389000002,1269.3986081000185,1269.384346100036,1269.3843822999625,1269.3986081000185,1269.6336510999827,1269.649934999994,1269.667148299981,1270.6812712999526,1270.6670611000154,1270.6670948000392,1270.6812712999526,1270.9312848000554,1270.9170236999635,1270.9170503000496,1270.9312848000554,1273.1799110999564,1273.1488351000007,1273.1610401000362,1273.1799110999564,1273.1799110999564,1273.1799110999564,1273.1799110999564,1273.1799110999564,1276.1662337000016,None,,,1276.1683081999654,1276.6646659000544,1276.6668318000156,1276.695382499951,1276.695382499951,1276.695382499951,1276.695382499951,1276.695382499951,1277.1793768999632,1280.1816282999935,None,,,1280.1834551000502,1280.6800012000604,1269.667148299981,1276.1795964000048,1276.1795964000048,1276.1795964000048,1276.1795964000048,1276.695382499951,1279.695031799958,1279.695031799958,1279.695031799958,1279.695031799958,1279.695031799958,1280.1949378000572,1280.1949378000572,1280.6946481000632,,,,,,,,,,,,,,,1,2026-08-11_11h05.51.853,TSRlearn_main-blocks,,2025.1.1,59.95897607727807,2026-08-11 11h05.59.572092 +0200,
,,,,,,,,17,17,0,,,,1,stimuli/hand/hand_30.jpg,stimuli/ball/ball_39.jpg,None,yes,no,left,left,5,1.2,0.2,,0.3,2.16,sequences/learning_block1_fixed-middle-10_0{participant_ID}.xlsx,sequences/retrieval_block1_fixed-middle-10_0{participant_ID}.xlsx,6,block1,A,5,,,,,,,,,,,,,,,,,,,,,,,,,,,,4,17,1,5,A,8,1,b,None,,,None,,,0.8651690999977291,None,,,,,,,,,,,,,0,0,0,0,4,0,4,0,,,,,0,17,17,17,1280.6946481000632,,,,,,,,,,,,,,,,,,,,,,,,,,,,,,,,,,,,,,,,,,,,,,,,,,,,,,,,,,,,,,,,,,,,,,,,,,,,,,,,,,,,,,,,,,,,,,,,,,,,,,,,,,,,,,,,,,,,,,,,,,,,,,,,,,,,,,,,,,,,,,,,,,,,,,,,,,,,,,,,,,,,,,,,,,,,,,,,,,,,,,,,,,,,,,,,,,,,,,,,,,,,,,,,,,,,,,,,,,,,,,,,,,,,,,,,,,,,,,,,,,,,,,,,,,,,,,,,,1280.680372199975,1280.6946481000632,1281.0305311999982,1280.9807254000334,1281.0083677000366,1281.0305311999982,1282.0441559000174,1282.0298418999882,1282.0298746000044,1282.0441559000174,1282.2798979999498,1282.3042036000406,1282.3135687999893,1283.3276309999637,1283.3133173000533,1283.3133522999706,1283.3276309999637,1283.5776838000165,1283.563324399991,1283.5633539999835,1283.5776838000165,1285.7593995999778,1285.7293341000332,1285.742968000006,1285.7593995999778,1285.7593995999778,1285.7593995999778,1285.7593995999778,1285.7593995999778,1288.7500491000246,None,,,1288.7522691000486,1289.2445311000338,1289.2473701999988,1289.275305200019,1289.275305200019,1289.275305200019,1289.275305200019,1289.275305200019,1289.7583057000302,1292.746165300021,None,,,1292.748555200058,1293.2603113000514,1282.3135687999893,1288.7593668999616,1288.7593668999616,1288.7593668999616,1288.7593668999616,1289.275305200019,1292.2744941000128,1292.2744941000128,1292.2744941000128,1292.2744941000128,1292.2744941000128,1292.7614662999986,1292.7614662999986,1293.2745576000307,,,,,,,,,,,,,,,1,2026-08-11_11h05.51.853,TSRlearn_main-blocks,,2025.1.1,59.95897607727807,2026-08-11 11h05.59.572092 +0200,
,,,,,,,,18,18,0,,,,1,stimuli/dog/dog_31.jpg,stimuli/jacket/jacket_12.jpg,None,yes,no,right,right,3,1.2,0.2,,0.57,2.24,sequences/learning_block1_fixed-middle-10_0{participant_ID}.xlsx,sequences/retrieval_block1_fixed-middle-10_0{participant_ID}.xlsx,6,block1,A,5,,,,,,,,,,,,,,,,,,,,,,,,,,,,4,18,0,5,A,5,10,b,None,,,None,,,0.8651690999977291,None,,,,,,,,,,,,,0,0,0,0,4,0,4,0,,,,,0,18,18,18,1293.2745576000307,,,,,,,,,,,,,,,,,,,,,,,,,,,,,,,,,,,,,,,,,,,,,,,,,,,,,,,,,,,,,,,,,,,,,,,,,,,,,,,,,,,,,,,,,,,,,,,,,,,,,,,,,,,,,,,,,,,,,,,,,,,,,,,,,,,,,,,,,,,,,,,,,,,,,,,,,,,,,,,,,,,,,,,,,,,,,,,,,,,,,,,,,,,,,,,,,,,,,,,,,,,,,,,,,,,,,,,,,,,,,,,,,,,,,,,,,,,,,,,,,,,,,,,,,,,,,,,,,1293.260861100047,1293.2745576000307,1293.8934055999853,1293.8433228000067,1293.8799748000456,1293.8934055999853,1294.9071245000232,1294.8923962999834,1294.8924282999942,1294.9071245000232,1295.142324800021,1295.1739211999811,1295.1927577999886,1296.206471099984,1296.1922556000063,1296.1922895000316,1296.206471099984,1296.4564766000258,1296.4420340999495,1296.4420582000166,1296.4564766000258,1298.7219718999695,1298.6918789000483,1298.705200199969,1298.7219718999695,1298.7219718999695,1298.7219718999695,1298.7219718999695,1298.7219718999695,1301.7102134999586,None,,,1301.7123074999545,1302.2066672999645,1302.2087144999532,1302.2373106000014,1302.2373106000014,1302.2373106000014,1302.2373106000014,1302.2373106000014,1302.721377799986,1305.7238358999602,None,,,1305.7257413000334,1306.2219833000563,1295.1927577999886,1301.7218888000352,1301.7218888000352,1301.7218888000352,1301.7218888000352,1302.2373106000014,1305.2371561999898,1305.2371561999898,1305.2371561999898,1305.2371561999898,1305.2371561999898,1305.7369808000512,1305.7369808000512,1306.2365986000514,,,,,,,,,,,,,,,1,2026-08-11_11h05.51.853,TSRlearn_main-blocks,,2025.1.1,59.95897607727807,2026-08-11 11h05.59.572092 +0200,
,,,,,,,,19,19,0,,,,1,stimuli/chair/chair_15.jpg,stimuli/bread/bread_40.jpg,None,yes,no,right,right,2,1.2,0.2,,0.41,2.04,sequences/learning_block1_fixed-middle-10_0{participant_ID}.xlsx,sequences/retrieval_block1_fixed-middle-10_0{participant_ID}.xlsx,6,block1,A,5,,,,,,,,,,,,,,,,,,,,,,,,,,,,4,19,0,5,A,4,3,b,None,,,2,2.6408462000545114,None,0.8651690999977291,None,,,,,,,,,,,,,0,0,0,0,4,0,4,0,,,,,0,19,19,19,1306.2365986000514,,,,,,,,,,,,,,,,,,,,,,,,,,,,,,,,,,,,,,,,,,,,,,,,,,,,,,,,,,,,,,,,,,,,,,,,,,,,,,,,,,,,,,,,,,,,,,,,,,,,,,,,,,,,,,,,,,,,,,,,,,,,,,,,,,,,,,,,,,,,,,,,,,,,,,,,,,,,,,,,,,,,,,,,,,,,,,,,,,,,,,,,,,,,,,,,,,,,,,,,,,,,,,,,,,,,,,,,,,,,,,,,,,,,,,,,,,,,,,,,,,,,,,,,,,,,,,,,,1306.2223395999754,1306.2365986000514,1306.6726744000334,1306.6389600000111,1306.6517899000319,1306.6726744000334,1307.6862869999604,1307.6717813999858,1307.6718192000408,1307.6862869999604,1307.921246599988,1307.9439260000363,1307.955084700021,1308.9691982000368,1308.954736100044,1308.9547705999576,1308.9691982000368,,1309.204910999979,1309.204958199989,1309.2192882000236,1311.2846163000213,1311.2538032999728,1311.2663353000535,1311.2846163000213,1311.2846163000213,1311.2846163000213,1311.2846163000213,1311.2846163000213,1314.2714629999828,None,,,1314.2735510000493,1314.7693202999653,1314.7716384000378,1314.8004300000612,1314.8004300000612,1314.8004300000612,1314.8004300000612,1314.8004300000612,1315.284062199993,1318.0518990999553,2,2.6408462000545114,None,1318.0540686000604,1318.0540988000575,1307.955084700021,1314.284559700056,1314.284559700056,1314.284559700056,1314.284559700056,1314.8004300000612,1317.7998935000505,1317.7998935000505,1317.7998935000505,1317.7998935000505,1317.7998935000505,,,,,,,,,,,,,,,,,,1,2026-08-11_11h05.51.853,TSRlearn_main-blocks,,2025.1.1,59.95897607727807,2026-08-11 11h05.59.572092 +0200,
stimuli/fish/fish_01.jpg,stimuli/guitar/guitar_01.jpg,stimuli/house/house_10.jpg,stimuli/dog/dog_31.jpg,right,center,left,right,0,0,0,,,,,,,,,,,,,,,,,,sequences/learning_block1_fixed-middle-10_0{participant_ID}.xlsx,sequences/retrieval_block1_fixed-middle-10_0{participant_ID}.xlsx,6,1.0,A,6,1,fish,guitar,house,dog,0.53,0.31,2,fish,1,stimuli/fish/fish_01.jpg,guitar,1,stimuli/guitar/guitar_01.jpg,lamp,1,stimuli/lamp/lamp_01.jpg,key,1,stimuli/key/key_01.jpg,12,13,9,5,g,0.7094770000549033,None,,,,,,,,,,,,,,,,,,,,,,,,,,,,,0,0,0,0,5,0,5,0,0,0,0,0,,,,,1319.7531032999977,,,,,,,,,,,,,,,,,,,,,,,,,,,,,,,,,,,,,,,,,,,,,,,,,,,,,,,,,,,,,,,,,,,,,,,,,,,,,,,,,,,,,,,,,,,,,,,,,,,,,,,,,,,,,,,,,,,,,,,,,,,,,,,,,,,,,,,,,,,,,,,,,,,,,,,,,,,,,,,,,,,,,,,,,,,,,,,,,,,,,,,,,,,,,,,,,,,,,,,,,,,,,,,,,,,,,,,,1319.0523716000607,1319.0524050999666,1319.057939399965,1319.0679885999998,1319.5683021000586,1319.7090312000364,1319.7531032999977,1319.7531032999977,1319.7531032999977,1319.7531032999977,1319.7531032999977,1319.7531032999977,1319.7531032999977,0.15667499997653067,1320.5407284999965,g,0.7094770000549033,None,1320.6405967000173,1320.6651771999896,1320.6651771999896,1320.6651771999896,1320.6651771999896,1320.6651771999896,1320.6651771999896,1321.652224099962,1321.660799699952,1321.6608461999567,,,,,,,,,,,,,,,,,,,,,,,,,,,,,,,,,,,,,,,,,,,,,,,,,,,,,,,,,,,,,,,,,,,,,,,,,,,,1318.060310699977,1318.060358799994,1318.060387399979,1318.0666225999594,1319.0679885999998,1319.0522081999807,,,,,,,,,1,2026-08-11_11h05.51.853,TSRlearn_main-blocks,,2025.1.1,59.95897607727807,2026-08-11 11h05.59.572092 +0200,
stimuli/guitar/guitar_01.jpg,stimuli/flower/flower_48.jpg,stimuli/bread/bread_40.jpg,stimuli/jacket/jacket_12.jpg,center,left,right,center,1,1,0,,,,,,,,,,,,,,,,,,sequences/learning_block1_fixed-middle-10_0{participant_ID}.xlsx,sequences/retrieval_block1_fixed-middle-10_0{participant_ID}.xlsx,6,1.0,A,6,2,guitar,flower,bread,jacket,0.75,0.53,3,fish,1,stimuli/fish/fish_01.jpg,guitar,1,stimuli/guitar/guitar_01.jpg,lamp,1,stimuli/lamp/lamp_01.jpg,key,1,stimuli/key/key_01.jpg,13,6,3,10,b,0.17418870003893971,None,,,,,,,,,,,,,,,,,,,,,,,,,,,,,0,0,0,0,5,0,5,0,0,1,1,1,,,,,1321.851339200046,,,,,,,,,,,,,,,,,,,,,,,,,,,,,,,,,,,,,,,,,,,,,,,,,,,,,,,,,,,,,,,,,,,,,,,,,,,,,,,,,,,,,,,,,,,,,,,,,,,,,,,,,,,,,,,,,,,,,,,,,,,,,,,,,,,,,,,,,,,,,,,,,,,,,,,,,,,,,,,,,,,,,,,,,,,,,,,,,,,,,,,,,,,,,,,,,,,,,,,,,,,,,,,,,,,,,,,,,,,,,1321.7997078000335,1321.851339200046,1321.851339200046,1321.851339200046,1321.851339200046,1321.851339200046,1321.851339200046,1321.851339200046,0.13889439997728914,1322.117976199952,b,0.17418870003893971,None,1322.2387489000103,1322.265316999983,1322.265316999983,1322.265316999983,1322.265316999983,1322.265316999983,1322.265316999983,1323.2508897000225,1323.2582071999786,1323.2582451000344,,,,,,,,,,,,,,,,,,,,,,,,,,,,,,,,,,,,,,,,,,,,,,,,,,,,,,,,,,,,,,,,,,,,,,,,,,,,,,,,,,,,,,,,,,1,2026-08-11_11h05.51.853,TSRlearn_main-blocks,,2025.1.1,59.95897607727807,2026-08-11 11h05.59.572092 +0200,
stimuli/flower/flower_48.jpg,stimuli/bicycle/bicycle_18.jpg,stimuli/jacket/jacket_12.jpg,stimuli/key/key_01.jpg,right,center,left,right,2,2,0,,,,,,,,,,,,,,,,,,sequences/learning_block1_fixed-middle-10_0{participant_ID}.xlsx,sequences/retrieval_block1_fixed-middle-10_0{participant_ID}.xlsx,6,1.0,A,6,3,flower,bicycle,jacket,key,0.58,0.31,4,fish,1,stimuli/fish/fish_01.jpg,guitar,1,stimuli/guitar/guitar_01.jpg,lamp,1,stimuli/lamp/lamp_01.jpg,key,1,stimuli/key/key_01.jpg,6,2,10,15,g,0.20642220007721335,None,,,,,,,,,,,,,,,,,,,,,,,,,,,,,0,0,0,0,5,0,5,0,0,2,2,2,,,,,1323.532879199949,,,,,,,,,,,,,,,,,,,,,,,,,,,,,,,,,,,,,,,,,,,,,,,,,,,,,,,,,,,,,,,,,,,,,,,,,,,,,,,,,,,,,,,,,,,,,,,,,,,,,,,,,,,,,,,,,,,,,,,,,,,,,,,,,,,,,,,,,,,,,,,,,,,,,,,,,,,,,,,,,,,,,,,,,,,,,,,,,,,,,,,,,,,,,,,,,,,,,,,,,,,,,,,,,,,,,,,,,,,,,1323.4289859000128,1323.532879199949,1323.532879199949,1323.532879199949,1323.532879199949,1323.532879199949,1323.532879199949,1323.532879199949,0.1707683999557048,1323.7682354999706,g,0.20642220007721335,None,1323.9395204000175,1323.973725100048,1323.973725100048,1323.973725100048,1323.973725100048,1323.973725100048,1323.973725100048,1324.9670960999792,1324.9744119000388,1324.9744511999888,,,,,,,,,,,,,,,,,,,,,,,,,,,,,,,,,,,,,,,,,,,,,,,,,,,,,,,,,,,,,,,,,,,,,,,,,,,,,,,,,,,,,,,,,,1,2026-08-11_11h05.51.853,TSRlearn_main-blocks,,2025.1.1,59.95897607727807,2026-08-11 11h05.59.572092 +0200,
stimuli/bicycle/bicycle_18.jpg,stimuli/bread/bread_40.jpg,stimuli/ball/ball_39.jpg,stimuli/lamp/lamp_01.jpg,left,right,center,left,3,3,0,,,,,,,,,,,,,,,,,,sequences/learning_block1_fixed-middle-10_0{participant_ID}.xlsx,sequences/retrieval_block1_fixed-middle-10_0{participant_ID}.xlsx,6,1.0,A,6,4,bicycle,bread,ball,lamp,0.53,0.42,5,fish,1,stimuli/fish/fish_01.jpg,guitar,1,stimuli/guitar/guitar_01.jpg,lamp,1,stimuli/lamp/lamp_01.jpg,key,1,stimuli/key/key_01.jpg,2,3,1,14,r,0.20961649995297194,None,,,,,,,,,,,,,,,,,,,,,,,,,,,,,0,0,0,0,5,0,5,0,0,3,3,3,,,,,1325.1521561000263,,,,,,,,,,,,,,,,,,,,,,,,,,,,,,,,,,,,,,,,,,,,,,,,,,,,,,,,,,,,,,,,,,,,,,,,,,,,,,,,,,,,,,,,,,,,,,,,,,,,,,,,,,,,,,,,,,,,,,,,,,,,,,,,,,,,,,,,,,,,,,,,,,,,,,,,,,,,,,,,,,,,,,,,,,,,,,,,,,,,,,,,,,,,,,,,,,,,,,,,,,,,,,,,,,,,,,,,,,,,,1325.1014551999979,1325.1521561000263,1325.1521561000263,1325.1521561000263,1325.1521561000263,1325.1521561000263,1325.1521561000263,1325.1521561000263,0.1270348000107333,1325.4356069000205,r,0.20961649995297194,None,1325.5651453000028,1325.6029259000206,1325.6029259000206,1325.6029259000206,1325.6029259000206,1325.6029259000206,1325.6029259000206,1326.583744799951,1326.5915438999655,1326.591587599949,,,,,,,,,,,,,,,,,,,,,,,,,,,,,,,,,,,,,,,,,,,,,,,,,,,,,,,,,,,,,,,,,,,,,,,,,,,,,,,,,,,,,,,,,,1,2026-08-11_11h05.51.853,TSRlearn_main-blocks,,2025.1.1,59.95897607727807,2026-08-11 11h05.59.572092 +0200,
stimuli/bread/bread_40.jpg,stimuli/hand/hand_30.jpg,stimuli/hammer/hammer_05.jpg,stimuli/fish/fish_01.jpg,left,center,right,left,4,4,0,,,,,,,,,,,,,,,,,,sequences/learning_block1_fixed-middle-10_0{participant_ID}.xlsx,sequences/retrieval_block1_fixed-middle-10_0{participant_ID}.xlsx,6,1.0,A,6,5,bread,hand,hammer,fish,0.64,0.33,6,fish,1,stimuli/fish/fish_01.jpg,guitar,1,stimuli/guitar/guitar_01.jpg,lamp,1,stimuli/lamp/lamp_01.jpg,key,1,stimuli/key/key_01.jpg,3,8,7,12,b,0.17328969994559884,None,,,,,,,,,,,,,,,,,,,,,,,,,,,,,0,0,0,0,5,0,5,0,0,4,4,4,,,,,1326.7451661999803,,,,,,,,,,,,,,,,,,,,,,,,,,,,,,,,,,,,,,,,,,,,,,,,,,,,,,,,,,,,,,,,,,,,,,,,,,,,,,,,,,,,,,,,,,,,,,,,,,,,,,,,,,,,,,,,,,,,,,,,,,,,,,,,,,,,,,,,,,,,,,,,,,,,,,,,,,,,,,,,,,,,,,,,,,,,,,,,,,,,,,,,,,,,,,,,,,,,,,,,,,,,,,,,,,,,,,,,,,,,,1326.6920049999608,1326.7451661999803,1326.7451661999803,1326.7451661999803,1326.7451661999803,1326.7451661999803,1326.7451661999803,1326.7451661999803,0.10044460010249168,1326.9998570999596,b,0.17328969994559884,None,1327.087118000025,1327.111908199964,1327.111908199964,1327.111908199964,1327.111908199964,1327.111908199964,1327.111908199964,1328.0996241000248,1328.1074015999911,1328.1074449999724,,,,,,,,,,,,,,,,,,,,,,,,,,,,,,,,,,,,,,,,,,,,,,,,,,,,,,,,,,,,,,,,,,,,,,,,,,,,,,,,,,,,,,,,,,1,2026-08-11_11h05.51.853,TSRlearn_main-blocks,,2025.1.1,59.95897607727807,2026-08-11 11h05.59.572092 +0200,
stimuli/hand/hand_30.jpg,stimuli/chair/chair_15.jpg,stimuli/lamp/lamp_01.jpg,stimuli/flower/flower_48.jpg,center,right,left,center,5,5,0,,,,,,,,,,,,,,,,,,sequences/learning_block1_fixed-middle-10_0{participant_ID}.xlsx,sequences/retrieval_block1_fixed-middle-10_0{participant_ID}.xlsx,6,1.0,A,6,6,hand,chair,lamp,flower,0.53,0.27,7,fish,1,stimuli/fish/fish_01.jpg,guitar,1,stimuli/guitar/guitar_01.jpg,lamp,1,stimuli/lamp/lamp_01.jpg,key,1,stimuli/key/key_01.jpg,8,4,14,6,g,0.09110389999113977,None,,,,,,,,,,,,,,,,,,,,,,,,,,,,,0,0,0,0,5,0,5,0,0,5,5,5,,,,,1328.3006004999625,,,,,,,,,,,,,,,,,,,,,,,,,,,,,,,,,,,,,,,,,,,,,,,,,,,,,,,,,,,,,,,,,,,,,,,,,,,,,,,,,,,,,,,,,,,,,,,,,,,,,,,,,,,,,,,,,,,,,,,,,,,,,,,,,,,,,,,,,,,,,,,,,,,,,,,,,,,,,,,,,,,,,,,,,,,,,,,,,,,,,,,,,,,,,,,,,,,,,,,,,,,,,,,,,,,,,,,,,,,,,1328.2442374000093,1328.3006004999625,1328.3006004999625,1328.3006004999625,1328.3006004999625,1328.3006004999625,1328.3006004999625,1328.3006004999625,0.13681850000284612,1328.4656818000367,g,0.09110389999113977,None,1328.60875949997,1328.6607879999792,1328.6607879999792,1328.6607879999792,1328.6607879999792,1328.6607879999792,1328.6607879999792,1329.649534599972,1329.6575332999928,1329.6576033000601,,,,,,,,,,,,,,,,,,,,,,,,,,,,,,,,,,,,,,,,,,,,,,,,,,,,,,,,,,,,,,,,,,,,,,,,,,,,,,,,,,,,,,,,,,1,2026-08-11_11h05.51.853,TSRlearn_main-blocks,,2025.1.1,59.95897607727807,2026-08-11 11h05.59.572092 +0200,
stimuli/chair/chair_15.jpg,stimuli/house/house_10.jpg,stimuli/guitar/guitar_01.jpg,stimuli/bread/bread_40.jpg,right,center,left,right,6,6,0,,,,,,,,,,,,,,,,,,sequences/learning_block1_fixed-middle-10_0{participant_ID}.xlsx,sequences/retrieval_block1_fixed-middle-10_0{participant_ID}.xlsx,6,1.0,A,6,7,chair,house,guitar,bread,0.4,0.2,8,fish,1,stimuli/fish/fish_01.jpg,guitar,1,stimuli/guitar/guitar_01.jpg,lamp,1,stimuli/lamp/lamp_01.jpg,key,1,stimuli/key/key_01.jpg,4,9,13,3,r,0.20438030001241714,None,,,,,,,,,,,,,,,,,,,,,,,,,,,,,0,0,0,0,5,0,5,0,0,6,6,6,,,,,1329.796781699988,,,,,,,,,,,,,,,,,,,,,,,,,,,,,,,,,,,,,,,,,,,,,,,,,,,,,,,,,,,,,,,,,,,,,,,,,,,,,,,,,,,,,,,,,,,,,,,,,,,,,,,,,,,,,,,,,,,,,,,,,,,,,,,,,,,,,,,,,,,,,,,,,,,,,,,,,,,,,,,,,,,,,,,,,,,,,,,,,,,,,,,,,,,,,,,,,,,,,,,,,,,,,,,,,,,,,,,,,,,,,1329.7354147000005,1329.796781699988,1329.796781699988,1329.796781699988,1329.796781699988,1329.796781699988,1329.796781699988,1329.796781699988,0.07784580008592457,1330.0831651999615,r,0.20438030001241714,None,1330.1567537999945,1330.212891699979,1330.212891699979,1330.212891699979,1330.212891699979,1330.212891699979,1330.212891699979,1331.1983280000277,1331.2059646999696,1331.2060052000452,,,,,,,,,,,,,,,,,,,,,,,,,,,,,,,,,,,,,,,,,,,,,,,,,,,,,,,,,,,,,,,,,,,,,,,,,,,,,,,,,,,,,,,,,,1,2026-08-11_11h05.51.853,TSRlearn_main-blocks,,2025.1.1,59.95897607727807,2026-08-11 11h05.59.572092 +0200,
stimuli/house/house_10.jpg,stimuli/jacket/jacket_12.jpg,stimuli/lamp/lamp_01.jpg,stimuli/hand/hand_30.jpg,right,left,center,right,7,7,0,,,,,,,,,,,,,,,,,,sequences/learning_block1_fixed-middle-10_0{participant_ID}.xlsx,sequences/retrieval_block1_fixed-middle-10_0{participant_ID}.xlsx,6,1.0,A,6,8,house,jacket,lamp,hand,0.64,0.2,9,fish,1,stimuli/fish/fish_01.jpg,guitar,1,stimuli/guitar/guitar_01.jpg,lamp,1,stimuli/lamp/lamp_01.jpg,key,1,stimuli/key/key_01.jpg,9,10,14,8,b,0.24109039991162717,None,,,,,,,,,,,,,,,,,,,,,,,,,,,,,0,0,0,0,5,0,5,0,0,7,7,7,,,,,1331.3970676000463,,,,,,,,,,,,,,,,,,,,,,,,,,,,,,,,,,,,,,,,,,,,,,,,,,,,,,,,,,,,,,,,,,,,,,,,,,,,,,,,,,,,,,,,,,,,,,,,,,,,,,,,,,,,,,,,,,,,,,,,,,,,,,,,,,,,,,,,,,,,,,,,,,,,,,,,,,,,,,,,,,,,,,,,,,,,,,,,,,,,,,,,,,,,,,,,,,,,,,,,,,,,,,,,,,,,,,,,,,,,,1331.3317129999632,1331.3970676000463,1331.3970676000463,1331.3970676000463,1331.3970676000463,1331.3970676000463,1331.3970676000463,1331.3970676000463,0.12573540001176298,1331.7146500999806,b,0.24109039991162717,None,1331.849522399949,1331.8852989999577,1331.8852989999577,1331.8852989999577,1331.8852989999577,1331.8852989999577,1331.8852989999577,1332.8652137999889,1332.872675599996,1332.8727155999513,,,,,,,,,,,,,,,,,,,,,,,,,,,,,,,,,,,,,,,,,,,,,,,,,,,,,,,,,,,,,,,,,,,,,,,,,,,,,,,,,,,,,,,,,,1,2026-08-11_11h05.51.853,TSRlearn_main-blocks,,2025.1.1,59.95897607727807,2026-08-11 11h05.59.572092 +0200,
stimuli/jacket/jacket_12.jpg,stimuli/hammer/hammer_05.jpg,stimuli/guitar/guitar_01.jpg,stimuli/bicycle/bicycle_18.jpg,center,left,right,center,8,8,0,,,,,,,,,,,,,,,,,,sequences/learning_block1_fixed-middle-10_0{participant_ID}.xlsx,sequences/retrieval_block1_fixed-middle-10_0{participant_ID}.xlsx,6,1.0,A,6,9,jacket,hammer,guitar,bicycle,0.53,0.4,10,fish,1,stimuli/fish/fish_01.jpg,guitar,1,stimuli/guitar/guitar_01.jpg,lamp,1,stimuli/lamp/lamp_01.jpg,key,1,stimuli/key/key_01.jpg,10,7,13,2,g,0.3168472000397742,None,,,,,,,,,,,,,,,,,,,,,,,,,,,,,0,0,0,0,5,0,5,0,0,8,8,8,,,,,1332.994470900041,,,,,,,,,,,,,,,,,,,,,,,,,,,,,,,,,,,,,,,,,,,,,,,,,,,,,,,,,,,,,,,,,,,,,,,,,,,,,,,,,,,,,,,,,,,,,,,,,,,,,,,,,,,,,,,,,,,,,,,,,,,,,,,,,,,,,,,,,,,,,,,,,,,,,,,,,,,,,,,,,,,,,,,,,,,,,,,,,,,,,,,,,,,,,,,,,,,,,,,,,,,,,,,,,,,,,,,,,,,,,1332.9502895000624,1332.994470900041,1332.994470900041,1332.994470900041,1332.994470900041,1332.994470900041,1332.994470900041,1332.994470900041,0.07760160008911043,1333.3981619999977,g,0.3168472000397742,None,1333.4790735000279,1333.5268561999546,1333.5268561999546,1333.5268561999546,1333.5268561999546,1333.5268561999546,1333.5268561999546,1334.5138456999557,1334.5214803999988,1334.5215214999625,,,,,,,,,,,,,,,,,,,,,,,,,,,,,,,,,,,,,,,,,,,,,,,,,,,,,,,,,,,,,,,,,,,,,,,,,,,,,,,,,,,,,,,,,,1,2026-08-11_11h05.51.853,TSRlearn_main-blocks,,2025.1.1,59.95897607727807,2026-08-11 11h05.59.572092 +0200,
stimuli/hammer/hammer_05.jpg,stimuli/ball/ball_39.jpg,stimuli/bicycle/bicycle_18.jpg,stimuli/chair/chair_15.jpg,left,center,right,left,9,9,0,,,,,,,,,,,,,,,,,,sequences/learning_block1_fixed-middle-10_0{participant_ID}.xlsx,sequences/retrieval_block1_fixed-middle-10_0{participant_ID}.xlsx,6,1.0,A,6,10,hammer,ball,bicycle,chair,0.47,0.27,11,fish,1,stimuli/fish/fish_01.jpg,guitar,1,stimuli/guitar/guitar_01.jpg,lamp,1,stimuli/lamp/lamp_01.jpg,key,1,stimuli/key/key_01.jpg,7,1,2,4,b,0.27034459996502846,None,,,,,,,,,,,,,,,,,,,,,,,,,,,,,0,0,0,0,5,0,5,0,0,9,9,9,,,,,1334.6579964000266,,,,,,,,,,,,,,,,,,,,,,,,,,,,,,,,,,,,,,,,,,,,,,,,,,,,,,,,,,,,,,,,,,,,,,,,,,,,,,,,,,,,,,,,,,,,,,,,,,,,,,,,,,,,,,,,,,,,,,,,,,,,,,,,,,,,,,,,,,,,,,,,,,,,,,,,,,,,,,,,,,,,,,,,,,,,,,,,,,,,,,,,,,,,,,,,,,,,,,,,,,,,,,,,,,,,,,,,,,,,,1334.5959119000472,1334.6579964000266,1334.6579964000266,1334.6579964000266,1334.6579964000266,1334.6579964000266,1334.6579964000266,1334.6579964000266,0.07442010007798672,1334.9816644999664,b,0.27034459996502846,None,1335.0601404999616,1335.1080557999667,1335.1080557999667,1335.1080557999667,1335.1080557999667,1335.1080557999667,1335.1080557999667,1336.0977206999669,1336.1060909000225,1336.1061353000114,,,,,,,,,,,,,,,,,,,,,,,,,,,,,,,,,,,,,,,,,,,,,,,,,,,,,,,,,,,,,,,,,,,,,,,,,,,,,,,,,,,,,,,,,,1,2026-08-11_11h05.51.853,TSRlearn_main-blocks,,2025.1.1,59.95897607727807,2026-08-11 11h05.59.572092 +0200,
stimuli/ball/ball_39.jpg,stimuli/dog/dog_31.jpg,stimuli/fish/fish_01.jpg,stimuli/bread/bread_40.jpg,center,right,left,center,10,10,0,,,,,,,,,,,,,,,,,,sequences/learning_block1_fixed-middle-10_0{participant_ID}.xlsx,sequences/retrieval_block1_fixed-middle-10_0{participant_ID}.xlsx,6,1.0,A,6,11,ball,dog,fish,bread,0.73,0.47,12,fish,1,stimuli/fish/fish_01.jpg,guitar,1,stimuli/guitar/guitar_01.jpg,lamp,1,stimuli/lamp/lamp_01.jpg,key,1,stimuli/key/key_01.jpg,1,5,12,3,r,0.09705149999354035,None,,,,,,,,,,,,,,,,,,,,,,,,,,,,,0,0,0,0,5,0,5,0,0,10,10,10,,,,,1336.257688099984,,,,,,,,,,,,,,,,,,,,,,,,,,,,,,,,,,,,,,,,,,,,,,,,,,,,,,,,,,,,,,,,,,,,,,,,,,,,,,,,,,,,,,,,,,,,,,,,,,,,,,,,,,,,,,,,,,,,,,,,,,,,,,,,,,,,,,,,,,,,,,,,,,,,,,,,,,,,,,,,,,,,,,,,,,,,,,,,,,,,,,,,,,,,,,,,,,,,,,,,,,,,,,,,,,,,,,,,,,,,,1336.2106693000533,1336.257688099984,1336.257688099984,1336.257688099984,1336.257688099984,1336.257688099984,1336.257688099984,1336.257688099984,0.10455010004807264,1336.4466303000227,r,0.09705149999354035,None,1336.53861040005,1336.5735795999644,1336.5735795999644,1336.5735795999644,1336.5735795999644,1336.5735795999644,1336.5735795999644,1337.5653499000473,1337.574018000043,1337.5740716999862,,,,,,,,,,,,,,,,,,,,,,,,,,,,,,,,,,,,,,,,,,,,,,,,,,,,,,,,,,,,,,,,,,,,,,,,,,,,,,,,,,,,,,,,,,1,2026-08-11_11h05.51.853,TSRlearn_main-blocks,,2025.1.1,59.95897607727807,2026-08-11 11h05.59.572092 +0200,
stimuli/dog/dog_31.jpg,stimuli/lamp/lamp_01.jpg,stimuli/key/key_01.jpg,stimuli/flower/flower_48.jpg,right,left,center,right,11,11,0,,,,,,,,,,,,,,,,,,,,,1.0,A,6,12,dog,lamp,key,flower,0.8,0.67,13,fish,1,stimuli/fish/fish_01.jpg,guitar,1,stimuli/guitar/guitar_01.jpg,lamp,1,stimuli/lamp/lamp_01.jpg,key,1,stimuli/key/key_01.jpg,5,14,15,6,,,,,,,,,,,,,,,,,,,,,,,,,,,,,,,,,,,,,,,,0,11,11,11,,,,,,,,,,,,,,,,,,,,,,,,,,,,,,,,,,,,,,,,,,,,,,,,,,,,,,,,,,,,,,,,,,,,,,,,,,,,,,,,,,,,,,,,,,,,,,,,,,,,,,,,,,,,,,,,,,,,,,,,,,,,,,,,,,,,,,,,,,,,,,,,,,,,,,,,,,,,,,,,,,,,,,,,,,,,,,,,,,,,,,,,,,,,,,,,,,,,,,,,,,,,,,,,,,,,,,,,,,,,,,,,,,1337.7898477000417,,,,,,,,,,,,,,,,,,,,,,,,,,,,,,,,,,,,,,,,,,,,,,,,,,,,,,,,,,,,,,,,,,,,,,,,,,,,,,,,,,,,,,,,,,,,,,,,,,,,,,,,,,,,,,,,,,,,,,,
