promptFile	correctFile	dist_01File	dist_02File	correct_pos	dist01_pos	dist02_pos	correct_ans	thisN	thisTrialN	thisRepN	key_resp_2.keys	key_resp_2.rt	key_resp_2.duration	trial_type	img_first	img_second	img_third	opt_left	opt_right	correct_side	correct_key	distance_correct	image_dur_retr	fix_dur_retr	ImageExamplePath	iti_dur_retr	reflection_win_dur	condFileLearning	condFileRetrieval	n_routes_block	block	learningSeq	runIndexWithinSeq	currPosInSeq	promptConcept	correctConcept	dist01Concept	dist02Concept	dist01_diff	dist02_diff	pairTargetPosInSeq	buf1Concept	buf1Exemplar	buf1File	buf2Concept	buf2Exemplar	buf2File	buf13Concept	buf13Exemplar	buf13File	buf14Concept	buf14Exemplar	buf14File	promptTrigNumber	correctTrigNumber	dist01TrigNumber	dist02TrigNumber	key_resp.keys	key_resp.rt	key_resp.duration	miniblockWithinRun	coupleIndexWithinRoute	is_yes	routeIndexWithinBlock	seqOfRoute	retrIm1Trig	retrIm2Trig	continue_button_18.keys	resp.keys	resp_4.keys	resp_4.rt	resp_4.duration	resp.rt	resp.duration	practice_learning.thisRepN	practice_learning.thisTrialN	practice_learning.thisN	practice_learning.thisIndex	retrieval_prc_loop.thisRepN	retrieval_prc_loop.thisTrialN	retrieval_prc_loop.thisN	retrieval_prc_loop.thisIndex	retry_loop.thisRepN	retry_loop.thisTrialN	retry_loop.thisN	retry_loop.thisIndex	Block.thisRepN	Block.thisTrialN	Block.thisN	Block.thisIndex	miniblocks.thisRepN	miniblocks.thisTrialN	miniblocks.thisN	miniblocks.thisIndex	learning_trials.thisRepN	learning_trials.thisTrialN	learning_trials.thisN	learning_trials.thisIndex	retrieval_trials.thisRepN	retrieval_trials.thisTrialN	retrieval_trials.thisN	retrieval_trials.thisIndex	thisRow.t	notes	startup_settings.started	startup_settings.stopped	instructions_01.started	instruction_part1.started	continue_button.started	instructions_01.stopped	continue_button.keys	continue_button.rt	continue_button.duration	instructions_02.started	instruction_part2.started	continue_button_3.started	instructions_02.stopped	continue_button_3.keys	continue_button_3.rt	continue_button_3.duration	instructions_03.started	instruction_part3.started	continue_button_4.started	instructions_03.stopped	continue_button_4.keys	continue_button_4.rt	continue_button_4.duration	instructions_04.started	instruction_part4.started	continue_button_5.started	instructions_04.stopped	continue_button_5.keys	continue_button_5.rt	continue_button_5.duration	instructions_05.started	instruction_part5.started	continue_button_6.started	instructions_05.stopped	continue_button_6.keys	continue_button_6.rt	continue_button_6.duration	instructions_06.started	instruction_part6.started	continue_button_7.started	instructions_06.stopped	continue_button_7.keys	continue_button_7.rt	continue_button_7.duration	instructions_replay_break.started	instructions_part16.started	continue_button_22.started	instructions_replay_break.stopped	continue_button_22.keys	continue_button_22.rt	continue_button_22.duration	practice_choice_display.started	polygon.started	prompt_prc.started	dist_01_prc.started	dist_02_prc.started	correct_prc.started	key_resp_2.started	instructions_choose_2.started	practice_choice_display.stopped	practice_learning.key_resp_2.keys	practice_learning.key_resp_2.rt	practice_learning.key_resp_2.duration	practice_feedback.started	polygon_7.started	prompt_prc_2.started	dist_01_prc_2.started	dist_02_prc_2.started	correct_prc_2.started	practice_feedback.stopped	rest_practice.started	fix_cross_2.started	rest_instruction.started	fix_cross_2.stopped	rest_instruction.stopped	rest_practice.stopped	instruction_retrieval_trials.started	instruction_part7.started	continue_button_8.started	instruction_retrieval_trials.stopped	continue_button_8.keys	continue_button_8.rt	continue_button_8.duration	instruction_retrievalques1.started	instruction_part10.started	continue_button_10.started	instruction_retrievalques1.stopped	continue_button_10.keys	continue_button_10.rt	continue_button_10.duration	instruction_retrievalques1_02.started	instruction_part13.started	continue_button_19.started	instruction_retrievalques1_02.stopped	continue_button_19.keys	continue_button_19.rt	continue_button_19.duration	instruction_retrievalques2.started	instruction_part11.started	continue_button_11.started	instruction_retrievalques2.stopped	continue_button_11.keys	continue_button_11.rt	continue_button_11.duration	instruction_retrievalques2_02.started	instruction_part14.started	continue_button_20.started	instruction_retrievalques2_02.stopped	continue_button_20.keys	continue_button_20.rt	continue_button_20.duration	instruction_refl_period.started	instruction_part12.started	continue_button_14.started	instruction_refl_period.stopped	continue_button_14.keys	continue_button_14.rt	continue_button_14.duration	instruction_refl_period_02.started	instruction_part15.started	continue_button_21.started	instruction_refl_period_02.stopped	continue_button_21.keys	continue_button_21.rt	continue_button_21.duration	retrieval_backg_info.started	instruction_info.started	continue_button_15.started	retrieval_backg_info.stopped	continue_button_15.keys	continue_button_15.rt	continue_button_15.duration	instruction_practice_type1.started	instruction_part8.started	continue_button_9.started	instruction_practice_type1.stopped	continue_button_9.keys	continue_button_9.rt	continue_button_9.duration	retrieval_type1_practice.started	fix_cross_retrbegin.started	fix_cross_retrbegin.stopped	retrieval_type1_practice.stopped	first_image_prc.started	image_1_prc.started	info_example_3.started	image_1_prc.stopped	info_example_3.stopped	first_image_prc.stopped	mask_retr1_prc.started	mask_img1.started	info_example_4.started	mask_retr1_prc.stopped	second_image_prc.started	image_2_prc.started	info_example_5.started	image_2_prc.stopped	info_example_5.stopped	second_image_prc.stopped	mask_retr2_prc.started	mask_img2.started	info_example_6.started	mask_retr2_prc.stopped	reflection_period.started	fix_cross_reflretr_2.started	text.started	fix_cross_reflretr_2.stopped	text.stopped	reflection_period.stopped	retr_response_order_prc.started	yes_txt_3.started	no_txt_3.started	polygon_9.started	resp_3.started	info_example_7.started	text_question_order.started	retr_response_order_prc.stopped	retry_loop.resp_3.keys	retry_loop.resp_3.rt	retry_loop.resp_3.duration	retr_response_distance_prc.started	resp_2.started	info_example.started	opt_2_prc.started	opt_3_prc.started	opt_4_prc.started	opt_5_prc.started	text_question_retrieval.started	retr_response_distance_prc.stopped	retry_loop.resp_2.keys	retry_loop.resp_2.rt	retry_loop.resp_2.duration	retr_response_feedback.started	text_feedback.started	text_continue.started	continue_button_16.started	retr_response_feedback.stopped	retry_loop.continue_button_16.keys	retry_loop.continue_button_16.rt	retry_loop.continue_button_16.duration	mask_img1.stopped	info_example_4.stopped	instructions_07.started	instructions_part7.started	continue_button_13.started	instructions_07.stopped	continue_button_13.keys	continue_button_13.rt	continue_button_13.duration	reset_rows_to_select.started	reset_rows_to_select.stopped	set_learning_rows.started	set_learning_rows.stopped	show_context.started	scene_image.started	show_context.stopped	choice_display.started	scene_image_2.started	polygon_4.started	prompt.started	dist_01.started	dist_02.started	correct.started	chooseNowText.started	key_resp.started	choice_display.stopped	learning_trials.key_resp.keys	learning_trials.key_resp.rt	learning_trials.key_resp.duration	feedback.started	scene_image_3.started	polygon_8.started	prompt_2.started	dist_01_2.started	dist_02_2.started	correct_2.started	feedback.stopped	too_slow_routine.started	too_slow_routine.stopped	rest_period.started	fix_cross.started	fix_cross.stopped	rest_period.stopped	instruction_retr_start.started	instruction_now_retr.started	continue_button_18.started	instruction_retr_start.stopped	miniblocks.continue_button_18.keys	set_retrieval_rows.started	set_retrieval_rows.stopped	retr_ITI.started	fix_cross_retrbegin_2.started	fix_cross_retrbegin_2.stopped	retr_ITI.stopped	first_image.started	image_1.started	image_1.stopped	first_image.stopped	mask_retr1.started	mask_img1_2.started	mask_retr1.stopped	second_image.started	image_2.started	image_2.stopped	second_image.stopped	mask_retr2.started	mask_img2_2.started	mask_retr2.stopped	reflection_period_retr.started	fix_cross_reflretr.started	fix_cross_reflretr.stopped	reflection_period_retr.stopped	retr_response_order.started	polygon_6.started	yes_txt.started	no_txt.started	chooseNowText_2.started	resp.started	retr_response_order.stopped	retrieval_trials.resp.keys	too_slow_routine_1.started	tooSlowtext_4.started	tooSlowtext_4.stopped	too_slow_routine_1.stopped	retr_response_distance.started	chooseNowText_3.started	opt_2.started	opt_3.started	opt_4.started	opt_5.started	resp_4.started	retr_response_distance.stopped	retrieval_trials.resp_4.keys	retrieval_trials.resp_4.rt	retrieval_trials.resp_4.duration	too_slow_routine_2.started	too_slow_routine_2.stopped	mask_img1_2.stopped	mask_img2_2.stopped	retrieval_trials.resp.rt	retrieval_trials.resp.duration	yes_txt.stopped	no_txt.stopped	resp.stopped	chooseNowText_3.stopped	opt_2.stopped	opt_3.stopped	opt_4.stopped	opt_5.stopped	resp_4.stopped	tooSlowtext_2.started	tooSlowtext_2.stopped	retr_task_break.started	retr_task_break.stopped	instructions_new_learn.started	instruction_text_newroute.started	instruction_text_newroute.stopped	instructions_new_learn.stopped	scene_image_4.started	tooSlowtext.started	scene_image_4.stopped	tooSlowtext.stopped	instruction_now_retr.stopped	continue_button_18.stopped	scene_image.stopped	break_instruction.started	break_instruction.stopped	participant_ID	date	expName	expVersion	psychopyVersion	frameRate	expStart	
																																																																																																									0.015210999990813434	0.015274700010195374																																																																																																																																																																																																																																																																																																																																						2	2026-08-11_11h42.40.746	TSRlearn_main-blocks		2025.1.1	59.91769708027705	2026-08-11 11h42.45.818512 +0200	
																																																																																																											0.027211999986320734	0.04060499998740852	3.0237913000164554	5.059036499937065	r	2.021045600064099	None																																																																																																																																																																																																																																																																																																																															2	2026-08-11_11h42.40.746	TSRlearn_main-blocks		2025.1.1	59.91769708027705	2026-08-11 11h42.45.818512 +0200	
																																																																																																																		5.1307085999287665	5.138960400014184	8.07213149999734	8.140419899951667	g	0.06587470008525997	None																																																																																																																																																																																																																																																																																																																								2	2026-08-11_11h42.40.746	TSRlearn_main-blocks		2025.1.1	59.91769708027705	2026-08-11 11h42.45.818512 +0200	
																																																																																																																									8.146495599998161	8.155205799965188	11.154757299926132	11.357007700018585	g	0.20188000006601214	None																																																																																																																																																																																																																																																																																																																	2	2026-08-11_11h42.40.746	TSRlearn_main-blocks		2025.1.1	59.91769708027705	2026-08-11 11h42.45.818512 +0200	
																																																																																																																																11.365567600005306	11.371051599970087	14.370268499944359	14.889276799978688	g	0.5032601000275463	None																																																																																																																																																																																																																																																																																																										2	2026-08-11_11h42.40.746	TSRlearn_main-blocks		2025.1.1	59.91769708027705	2026-08-11 11h42.45.818512 +0200	
																																																																																																																																							14.895499999984168	14.903604199993424	17.90220429992769	18.187890799948946	g	0.28296920005232096	None																																																																																																																																																																																																																																																																																																			2	2026-08-11_11h42.40.746	TSRlearn_main-blocks		2025.1.1	59.91769708027705	2026-08-11 11h42.45.818512 +0200	
																																																																																																																																														18.19529009994585	18.202127899974585	21.20102899998892	21.953526200028136	g	0.7497978999745101	None																																																																																																																																																																																																																																																																																												2	2026-08-11_11h42.40.746	TSRlearn_main-blocks		2025.1.1	59.91769708027705	2026-08-11 11h42.45.818512 +0200	
																																																																																																																																																					21.960159600013867	21.967898900038563	22.967790800030343	24.50229550001677	g	1.5229000999825075	None																																																																																																																																																																																																																																																																																					2	2026-08-11_11h42.40.746	TSRlearn_main-blocks		2025.1.1	59.91769708027705	2026-08-11 11h42.45.818512 +0200	
stimuli/practice_images/anchor.jpg	stimuli/practice_images/cow.jpg	stimuli/practice_images/bread.jpg	stimuli/practice_images/plane.jpg	right	left	center	right	0	0	0	g	1.5229000999825075	0.24384569993708283																																																														0	0	0	0																									24.65493910002988																																																					24.620772999944165	24.65493910002988	24.65493910002988	24.65493910002988	24.65493910002988	24.65493910002988	0.1185230000410229	24.65493910002988	25.13660790002905	g	1.5229000999825075	0.24384569993708283	25.2477729000384	25.285912499995902	25.285912499995902	25.285912499995902	25.285912499995902	25.285912499995902	26.26961509999819																																																																																																																																																																																																																																																																		2	2026-08-11_11h42.40.746	TSRlearn_main-blocks		2025.1.1	59.91769708027705	2026-08-11 11h42.45.818512 +0200	
stimuli/practice_images/cow.jpg	stimuli/practice_images/ant.jpg	stimuli/practice_images/banana.jpg	stimuli/practice_images/glasses.jpg	left	right	center	left	1	1	0	b	0.12148159998469055	None																																																														0	1	1	1																									26.42682709998917																																																					26.383280099951662	26.42682709998917	26.42682709998917	26.42682709998917	26.42682709998917	26.42682709998917	0.11370679992251098	26.42682709998917	26.636711500003003	b	0.12148159998469055	None	26.755955899949186	26.79449050000403	26.79449050000403	26.79449050000403	26.79449050000403	26.79449050000403	27.785712799988687																																																																																																																																																																																																																																																																		2	2026-08-11_11h42.40.746	TSRlearn_main-blocks		2025.1.1	59.91769708027705	2026-08-11 11h42.45.818512 +0200	
stimuli/practice_images/ant.jpg	stimuli/practice_images/basket.jpg	stimuli/practice_images/axe.jpg	stimuli/practice_images/duck.jpg	center	left	right	up	2	2	0	r	0.26542119996156543	None																																																														0	2	2	2																									27.943153299973346																																																					27.90716419997625	27.943153299973346	27.943153299973346	27.943153299973346	27.943153299973346	27.943153299973346	0.12147370004095137	27.943153299973346	28.302267299965024	r	0.26542119996156543	None	28.409248300013132	28.44342239992693	28.44342239992693	28.44342239992693	28.44342239992693	28.44342239992693	29.434831299935468																																																																																																																																																																																																																																																																		2	2026-08-11_11h42.40.746	TSRlearn_main-blocks		2025.1.1	59.91769708027705	2026-08-11 11h42.45.818512 +0200	
stimuli/practice_images/basket.jpg	stimuli/practice_images/bed.jpg	stimuli/practice_images/belt.jpg	stimuli/practice_images/bread.jpg	center	right	left	up	3	3	0	b	0.26833660004194826	None																																																														0	3	3	3																									29.57509359996766																																																					29.53779480000958	29.57509359996766	29.57509359996766	29.57509359996766	29.57509359996766	29.57509359996766	0.10302340006455779	29.57509359996766	29.935356799978763	b	0.26833660004194826	None	30.044179699965753	30.076100699952804	30.076100699952804	30.076100699952804	30.076100699952804	30.076100699952804	31.06766359996982																																																																																																																																																																																																																																																																		2	2026-08-11_11h42.40.746	TSRlearn_main-blocks		2025.1.1	59.91769708027705	2026-08-11 11h42.45.818512 +0200	
stimuli/practice_images/bed.jpg	stimuli/practice_images/belt.jpg	stimuli/practice_images/anchor.jpg	stimuli/practice_images/desk.jpg	left	center	right	left	4	4	0	g	0.3965610000304878	None																																																														0	4	4	4																									31.208164099953137																																																					31.168891899986193	31.208164099953137	31.208164099953137	31.208164099953137	31.208164099953137	31.208164099953137	0.10129020002204925	31.208164099953137	31.684686699998565	g	0.3965610000304878	None	31.78552429995034	31.825642199954018	31.825642199954018	31.825642199954018	31.825642199954018	31.825642199954018	32.81772319995798																																																																																																																																																																																																																																																																		2	2026-08-11_11h42.40.746	TSRlearn_main-blocks		2025.1.1	59.91769708027705	2026-08-11 11h42.45.818512 +0200	
stimuli/practice_images/belt.jpg	stimuli/practice_images/bird.jpg	stimuli/practice_images/ant.jpg	stimuli/practice_images/crocodile.jpg	right	left	center	right	5	5	0	r	0.3484593000030145	None																																																														0	5	5	5																									32.95729269995354																																																					32.915143799968064	32.95729269995354	32.95729269995354	32.95729269995354	32.95729269995354	32.95729269995354	0.09750240005087107	32.95729269995354	33.36713399994187	r	0.3484593000030145	None	33.45743509999011	33.49169920000713	33.49169920000713	33.49169920000713	33.49169920000713	33.49169920000713	34.482893500011414																																																																																																																																																																																																																																																																		2	2026-08-11_11h42.40.746	TSRlearn_main-blocks		2025.1.1	59.91769708027705	2026-08-11 11h42.45.818512 +0200	
																																																																																																																																																																															34.48522219993174	34.49758009996731	34.49758009996731	39.51215379999485	39.51215379999485	39.49825579999015																																																																																																																																																																																																																																																												2	2026-08-11_11h42.40.746	TSRlearn_main-blocks		2025.1.1	59.91769708027705	2026-08-11 11h42.45.818512 +0200	
																																																																																																																																																																																					39.50665440002922	39.51215379999485	42.51143489999231	44.829887700034305	b	2.310453800018877	None																																																																																																																																																																																																																																																					2	2026-08-11_11h42.40.746	TSRlearn_main-blocks		2025.1.1	59.91769708027705	2026-08-11 11h42.45.818512 +0200	
																																																																																																																																																																																												44.83598859992344	44.843891800032	47.84278569999151	48.345155799994245	g	0.4969565999926999	None																																																																																																																																																																																																																																														2	2026-08-11_11h42.40.746	TSRlearn_main-blocks		2025.1.1	59.91769708027705	2026-08-11 11h42.45.818512 +0200	
																																																																																																																																																																																																			48.35169949999545	48.35943700000644	51.358261900022626	51.8105729999952	g	0.4460137999849394	None																																																																																																																																																																																																																																							2	2026-08-11_11h42.40.746	TSRlearn_main-blocks		2025.1.1	59.91769708027705	2026-08-11 11h42.45.818512 +0200	
																																																																																																																																																																																																										51.81764080002904	51.82495979999658	54.824046800029464	55.70901679992676	r	0.8768705000402406	None																																																																																																																																																																																																																																2	2026-08-11_11h42.40.746	TSRlearn_main-blocks		2025.1.1	59.91769708027705	2026-08-11 11h42.45.818512 +0200	
																																																																																																																																																																																																																	55.71450549992733	55.72379189997446	58.72258800000418	58.841751700034365	r	0.10441759997047484	None																																																																																																																																																																																																																									2	2026-08-11_11h42.40.746	TSRlearn_main-blocks		2025.1.1	59.91769708027705	2026-08-11 11h42.45.818512 +0200	
																																																																																																																																																																																																																								58.84658459993079	58.85627789993305	61.85540939995553	61.9573900999967	r	0.08772200008388609	None																																																																																																																																																																																																																		2	2026-08-11_11h42.40.746	TSRlearn_main-blocks		2025.1.1	59.91769708027705	2026-08-11 11h42.45.818512 +0200	
																																																																																																																																																																																																																															61.96525859995745	61.97176310000941	64.97122439998202	65.15663590002805	r	0.183690799982287	None																																																																																																																																																																																																											2	2026-08-11_11h42.40.746	TSRlearn_main-blocks		2025.1.1	59.91769708027705	2026-08-11 11h42.45.818512 +0200	
																																																																																																																																																																																																																																						65.16351730003953	65.17083059996367	65.67055429995526	66.12316229997668	r	0.4442851000931114	None																																																																																																																																																																																																				2	2026-08-11_11h42.40.746	TSRlearn_main-blocks		2025.1.1	59.91769708027705	2026-08-11 11h42.45.818512 +0200	
																																																																																																																																																																																																																																													66.12901579996105	66.13755620003212	66.6373595999321	66.70567029993981	r	0.06465970003046095	None																																																																																																																																																																																													2	2026-08-11_11h42.40.746	TSRlearn_main-blocks		2025.1.1	59.91769708027705	2026-08-11 11h42.45.818512 +0200	
								0	0	0				3	stimuli/practice_images/cow.jpg	stimuli/practice_images/basket.jpg	None	yes	no	left	left	2	2	0.5	stimuli/practice_images/practice_sequence_overview_t3_01.jpg	0.45	1.95																																																				0	0	0	0	0	0	0	0																	66.72014510002919																																																																																																																																													66.71576629998162	66.72014510002919	67.21210340003017	67.15601589996368	67.18856109993067	67.21210340003017	67.21210340003017	68.72107520001009	68.72107520001009	68.70598450000398	68.70873670000583	68.72107520001009	68.72107520001009	68.97184619994368	69.00541779992636	69.02569339994807	69.02569339994807	70.53769969998393	70.53769969998393	70.5213439000072	70.5238886999432	70.53769969998393	70.53769969998393	70.77180859993678	70.77184279996436	70.78602460003458	70.78602460003458	74.7678246999858	74.7678246999858	74.73801929992624	74.75119179999456	74.7678246999858	74.7678246999858	74.7678246999858	0.013202000060118735	74.7678246999858	74.7678246999858	75.51988779997919	g	0.6471794999670237	None	75.52595689997543	0.00605690001975745	75.5341758999275	75.5341758999275	75.5341758999275	75.5341758999275	75.5341758999275	75.5341758999275	78.1538511000108	g	0.6471794999670237	0.3253129000077024	78.16219519998413	78.18547000002582	78.18547000002582	78.66674669994973	78.7026765999617	r	0.03522249998059124	None																																																																																																																																2	2026-08-11_11h42.40.746	TSRlearn_main-blocks		2025.1.1	59.91769708027705	2026-08-11 11h42.45.818512 +0200	
								1	1	0				3	stimuli/practice_images/cow.jpg	stimuli/practice_images/belt.jpg	None	no	yes	right	right	4	2	0.5	stimuli/practice_images/practice_sequence_overview_t3_02.jpg	0.52	1.89																																																				0	1	1	1	0	0	0	0																	78.71688219998032																																																																																																																																													78.70685990003403	78.71688219998032	79.30349630001001	79.23617549997289	79.28103429998737	79.30349630001001	79.30349630001001	80.81694249995053	80.81694249995053	80.80191979999654	80.80449000000954	80.81694249995053	80.81694249995053	81.05151639995165	81.08214229997247	81.10246019996703	81.10246019996703	82.61673220002558	82.61673220002558	82.6024304999737	82.6059791999869	82.61673220002558	82.61673220002558	82.8686215999769	82.86866379994899	82.88242709997576	82.88242709997576	86.78192640002817	86.78192640002817	86.7671382999979	86.77014169993345	86.78192640002817	86.78192640002817	86.78192640002817	0.0030112999957054853	86.78192640002817	86.78192640002817	88.46580370003358	g	1.5752398999175057	None	88.46926599997096	0.003452699980698526	88.48105369997211	88.48105369997211	88.48105369997211	88.48105369997211	88.48105369997211	88.48105369997211	90.21568729996216	g	1.5752398999175057	0.25865480001084507	90.21865109994542	90.23038510000333	90.23038510000333	90.72982140001841	90.84889949997887	y	0.10315830004401505	None	81.10246019996703	81.10246019996703																																																																																																																														2	2026-08-11_11h42.40.746	TSRlearn_main-blocks		2025.1.1	59.91769708027705	2026-08-11 11h42.45.818512 +0200	
								2	2	0				3	stimuli/practice_images/belt.jpg	stimuli/practice_images/ant.jpg	None	yes	no	right	up	3	2	0.5	stimuli/practice_images/practice_sequence_overview_t3_03.jpg	0.61	2.15																																																				0	2	2	2	0	0	0	0																	90.8629092000192																																																																																																																																													90.85284569999203	90.8629092000192	91.52080169995315	91.46558610000648	91.50336750003044	91.52080169995315	91.52080169995315	93.05148489994463	93.05148489994463	93.01460130000487	93.02700879995245	93.05148489994463	93.05148489994463	93.26478089997545	93.30079529993236	93.31956899992656	93.31956899992656	94.8501029999461	94.8501029999461	94.81423190003261	94.82589279999956	94.8501029999461	94.8501029999461	95.06487490003929	95.06492000003345	95.07867670000996	95.07867670000996	99.26666840002872	99.26666840002872	99.22957239998505	99.24281129997689	99.26666840002872	99.26666840002872	99.26666840002872	0.013272100011818111	99.26666840002872	99.26666840002872	100.62928949994966	b	1.2847035999875516	None	100.64389780000784	0.014601400005631149	100.66583259997424	100.66583259997424	100.66583259997424	100.66583259997424	100.66583259997424	100.66583259997424	102.56246569997165	b	1.2847035999875516	0.2044832999818027	102.5769531999249	102.59846859995741	102.59846859995741	103.07570679998025	103.51190589996986	b	0.4220461000222713	None																																																																																																																																2	2026-08-11_11h42.40.746	TSRlearn_main-blocks		2025.1.1	59.91769708027705	2026-08-11 11h42.45.818512 +0200	
																																																																																																																																																																																																																																																																																																																			103.52156679995824	103.54228769999463	104.52512290002778	105.51109559996985	b	0.9737407000502571	None																																																																																																																							2	2026-08-11_11h42.40.746	TSRlearn_main-blocks		2025.1.1	59.91769708027705	2026-08-11 11h42.45.818512 +0200	
stimuli/guitar/guitar_01.jpg	stimuli/lamp/lamp_01.jpg	stimuli/bicycle/bicycle_20.jpg	stimuli/ball/ball_01.jpg	left	center	right	left	0	0	0																		sequences/learning_block1_fixed-middle-10_0{participant_ID}.xlsx	sequences/retrieval_block1_fixed-middle-10_0{participant_ID}.xlsx	6	1.0	A	1	1	guitar	lamp	bicycle	ball	0.42	0.31	2	guitar	1	stimuli/guitar/guitar_01.jpg	lamp	1	stimuli/lamp/lamp_01.jpg	key	1	stimuli/key/key_01.jpg	pencil	1	stimuli/pencil/pencil_01.jpg	13	14	2	1	g	0.6633711999747902	None																											0	0	0	0	0	0	0	0	0	0	0	0					106.38667439995334																																																																																																																																																																																																																			105.5167422000086	105.51679749996401	105.51699949998874	105.51703510002699	105.52234509994742	105.54244729992934	106.02771029993892	106.31744989997242	106.38667439995334	106.38667439995334	106.38667439995334	106.38667439995334	106.38667439995334	106.38667439995334	106.38667439995334	0.3004652999807149	107.111130699981	g	0.6633711999747902	None	107.23615469993092	107.35171029996127	107.35171029996127	107.35171029996127	107.35171029996127	107.35171029996127	107.35171029996127	108.34360739996191	108.35265709995292	108.35271659994032																																																																																									2	2026-08-11_11h42.40.746	TSRlearn_main-blocks		2025.1.1	59.91769708027705	2026-08-11 11h42.45.818512 +0200	
stimuli/lamp/lamp_01.jpg	stimuli/hammer/hammer_28.jpg	stimuli/flower/flower_18.jpg	stimuli/jacket/jacket_08.jpg	right	left	center	right	1	1	0																		sequences/learning_block1_fixed-middle-10_0{participant_ID}.xlsx	sequences/retrieval_block1_fixed-middle-10_0{participant_ID}.xlsx	6	1.0	A	1	2	lamp	hammer	flower	jacket	0.64	0.42	3	guitar	1	stimuli/guitar/guitar_01.jpg	lamp	1	stimuli/lamp/lamp_01.jpg	key	1	stimuli/key/key_01.jpg	pencil	1	stimuli/pencil/pencil_01.jpg	14	7	6	10	b	0.37290660000871867	None																											0	0	0	0	0	0	0	0	0	1	1	1					108.67757539998274																																																																																																																																																																																																																										108.56141580000985	108.67757539998274	108.67757539998274	108.67757539998274	108.67757539998274	108.67757539998274	108.67757539998274	108.67757539998274	0.20875700004398823	109.02682169992477	b	0.37290660000871867	None	109.19557680003345	109.27692119998392	109.27692119998392	109.27692119998392	109.27692119998392	109.27692119998392	109.27692119998392	110.25984940002672	110.2668956000125	110.26697919995058																																																																																									2	2026-08-11_11h42.40.746	TSRlearn_main-blocks		2025.1.1	59.91769708027705	2026-08-11 11h42.45.818512 +0200	
stimuli/hammer/hammer_28.jpg	stimuli/house/house_01.jpg	stimuli/hand/hand_46.jpg	stimuli/dog/dog_41.jpg	right	left	center	right	2	2	0																		sequences/learning_block1_fixed-middle-10_0{participant_ID}.xlsx	sequences/retrieval_block1_fixed-middle-10_0{participant_ID}.xlsx	6	1.0	A	1	3	hammer	house	hand	dog	0.75	0.58	4	guitar	1	stimuli/guitar/guitar_01.jpg	lamp	1	stimuli/lamp/lamp_01.jpg	key	1	stimuli/key/key_01.jpg	pencil	1	stimuli/pencil/pencil_01.jpg	7	9	8	5	g	0.38363689999096096	None																											0	0	0	0	0	0	0	0	0	2	2	2					110.51018969994038																																																																																																																																																																																																																										110.43645889998879	110.51018969994038	110.51018969994038	110.51018969994038	110.51018969994038	110.51018969994038	110.51018969994038	110.51018969994038	0.16950860002543777	110.9601145000197	g	0.38363689999096096	None	111.12098619993776	111.16327220003586	111.16327220003586	111.16327220003586	111.16327220003586	111.16327220003586	111.16327220003586	112.14287650003098	112.15112449997105	112.15117910003755																																																																																									2	2026-08-11_11h42.40.746	TSRlearn_main-blocks		2025.1.1	59.91769708027705	2026-08-11 11h42.45.818512 +0200	
stimuli/house/house_01.jpg	stimuli/chair/chair_23.jpg	stimuli/bread/bread_05.jpg	stimuli/pencil/pencil_01.jpg	left	center	right	left	3	3	0																		sequences/learning_block1_fixed-middle-10_0{participant_ID}.xlsx	sequences/retrieval_block1_fixed-middle-10_0{participant_ID}.xlsx	6	1.0	A	1	4	house	chair	bread	pencil	0.69	0.36	5	guitar	1	stimuli/guitar/guitar_01.jpg	lamp	1	stimuli/lamp/lamp_01.jpg	key	1	stimuli/key/key_01.jpg	pencil	1	stimuli/pencil/pencil_01.jpg	9	4	3	16	r	0.3488743999041617	None																											0	0	0	0	0	0	0	0	0	3	3	3					112.30923220003024																																																																																																																																																																																																																										112.25552659993991	112.30923220003024	112.30923220003024	112.30923220003024	112.30923220003024	112.30923220003024	112.30923220003024	112.30923220003024	0.10437890002503991	112.74282009992748	r	0.3488743999041617	None	112.81897609995212	112.8751137999352	112.8751137999352	112.8751137999352	112.8751137999352	112.8751137999352	112.8751137999352	113.85830830002669	113.86550279997755	113.8655476999702																																																																																									2	2026-08-11_11h42.40.746	TSRlearn_main-blocks		2025.1.1	59.91769708027705	2026-08-11 11h42.45.818512 +0200	
stimuli/chair/chair_23.jpg	stimuli/hand/hand_46.jpg	stimuli/jacket/jacket_08.jpg	stimuli/key/key_01.jpg	left	right	center	left	4	4	0																		sequences/learning_block1_fixed-middle-10_0{participant_ID}.xlsx	sequences/retrieval_block1_fixed-middle-10_0{participant_ID}.xlsx	6	1.0	A	1	5	chair	hand	jacket	key	0.58	0.47	6	guitar	1	stimuli/guitar/guitar_01.jpg	lamp	1	stimuli/lamp/lamp_01.jpg	key	1	stimuli/key/key_01.jpg	pencil	1	stimuli/pencil/pencil_01.jpg	4	8	10	15	r	0.3886685000034049	None																											0	0	0	0	0	0	0	0	0	4	4	4					114.12470449996181																																																																																																																																																																																																																										114.04257890000008	114.12470449996181	114.12470449996181	114.12470449996181	114.12470449996181	114.12470449996181	114.12470449996181	114.12470449996181	0.17705779999960214	114.5590305000078	r	0.3886685000034049	None	114.7297693999717	114.77748389996123	114.77748389996123	114.77748389996123	114.77748389996123	114.77748389996123	114.77748389996123	115.75847629993223	115.76660189998802	115.76665260002483																																																																																									2	2026-08-11_11h42.40.746	TSRlearn_main-blocks		2025.1.1	59.91769708027705	2026-08-11 11h42.45.818512 +0200	
stimuli/hand/hand_46.jpg	stimuli/flower/flower_18.jpg	stimuli/pencil/pencil_01.jpg	stimuli/hammer/hammer_28.jpg	right	left	center	right	5	5	0																		sequences/learning_block1_fixed-middle-10_0{participant_ID}.xlsx	sequences/retrieval_block1_fixed-middle-10_0{participant_ID}.xlsx	6	1.0	A	1	6	hand	flower	pencil	hammer	0.47	0.27	7	guitar	1	stimuli/guitar/guitar_01.jpg	lamp	1	stimuli/lamp/lamp_01.jpg	key	1	stimuli/key/key_01.jpg	pencil	1	stimuli/pencil/pencil_01.jpg	8	6	16	7	b	0.6042966999812052	None																											0	0	0	0	0	0	0	0	0	5	5	5					115.9628213000251																																																																																																																																																																																																																										115.91180769994389	115.9628213000251	115.9628213000251	115.9628213000251	115.9628213000251	115.9628213000251	115.9628213000251	115.9628213000251	0.14518859994132072	116.64101629995275	b	0.6042966999812052	None	116.77228939998895	116.80855850002263	116.80855850002263	116.80855850002263	116.80855850002263	116.80855850002263	116.80855850002263	117.79075399995781	117.79818849998992	117.79823389998637																																																																																									2	2026-08-11_11h42.40.746	TSRlearn_main-blocks		2025.1.1	59.91769708027705	2026-08-11 11h42.45.818512 +0200	
stimuli/flower/flower_18.jpg	stimuli/bread/bread_05.jpg	stimuli/key/key_01.jpg	stimuli/chair/chair_23.jpg	right	center	left	right	6	6	0																		sequences/learning_block1_fixed-middle-10_0{participant_ID}.xlsx	sequences/retrieval_block1_fixed-middle-10_0{participant_ID}.xlsx	6	1.0	A	1	7	flower	bread	key	chair	0.58	0.2	8	guitar	1	stimuli/guitar/guitar_01.jpg	lamp	1	stimuli/lamp/lamp_01.jpg	key	1	stimuli/key/key_01.jpg	pencil	1	stimuli/pencil/pencil_01.jpg	6	3	15	4	b	0.39424199995119125	None																											0	0	0	0	0	0	0	0	0	6	6	6					118.01487680000719																																																																																																																																																																																																																										117.94138810003642	118.01487680000719	118.01487680000719	118.01487680000719	118.01487680000719	118.01487680000719	118.01487680000719	118.01487680000719	0.1431804000167176	118.45824810001068	b	0.39424199995119125	None	118.60146439995151	118.65740639995784	118.65740639995784	118.65740639995784	118.65740639995784	118.65740639995784	118.65740639995784	119.64046749996487	119.64799099997617	119.64803669997491																																																																																									2	2026-08-11_11h42.40.746	TSRlearn_main-blocks		2025.1.1	59.91769708027705	2026-08-11 11h42.45.818512 +0200	
stimuli/bread/bread_05.jpg	stimuli/dog/dog_41.jpg	stimuli/guitar/guitar_01.jpg	stimuli/house/house_01.jpg	center	left	right	center	7	7	0																		sequences/learning_block1_fixed-middle-10_0{participant_ID}.xlsx	sequences/retrieval_block1_fixed-middle-10_0{participant_ID}.xlsx	6	1.0	A	1	8	bread	dog	guitar	house	0.53	0.33	9	guitar	1	stimuli/guitar/guitar_01.jpg	lamp	1	stimuli/lamp/lamp_01.jpg	key	1	stimuli/key/key_01.jpg	pencil	1	stimuli/pencil/pencil_01.jpg	3	5	13	9	g	0.008683399995788932	None																											0	0	0	0	0	0	0	0	0	7	7	7					119.80651509994641																																																																																																																																																																																																																										119.7572098999517	119.80651509994641	119.80651509994641	119.80651509994641	119.80651509994641	119.80651509994641	119.80651509994641	119.80651509994641	0.10920049995183945	119.92336349992547	g	0.008683399995788932	None	120.02913979999721	120.05444650002755	120.05444650002755	120.05444650002755	120.05444650002755	120.05444650002755	120.05444650002755	121.03952749993186	121.04644860001281	121.04649059998337																																																																																									2	2026-08-11_11h42.40.746	TSRlearn_main-blocks		2025.1.1	59.91769708027705	2026-08-11 11h42.45.818512 +0200	
stimuli/dog/dog_41.jpg	stimuli/bicycle/bicycle_20.jpg	stimuli/lamp/lamp_01.jpg	stimuli/flower/flower_18.jpg	left	right	center	left	8	8	0																		sequences/learning_block1_fixed-middle-10_0{participant_ID}.xlsx	sequences/retrieval_block1_fixed-middle-10_0{participant_ID}.xlsx	6	1.0	A	1	9	dog	bicycle	lamp	flower	0.53	0.2	10	guitar	1	stimuli/guitar/guitar_01.jpg	lamp	1	stimuli/lamp/lamp_01.jpg	key	1	stimuli/key/key_01.jpg	pencil	1	stimuli/pencil/pencil_01.jpg	5	2	14	6	b	0.23576429998502135	None																											0	0	0	0	0	0	0	0	0	8	8	8					121.26052559993695																																																																																																																																																																																																																										121.1977527999552	121.26052559993695	121.26052559993695	121.26052559993695	121.26052559993695	121.26052559993695	121.26052559993695	121.26052559993695	0.15129259997047484	121.55676009994932	b	0.23576429998502135	None	121.71055740001611	121.74757979996502	121.74757979996502	121.74757979996502	121.74757979996502	121.74757979996502	121.74757979996502	122.73928969993722	122.74659380002413	122.74663740000688																																																																																									2	2026-08-11_11h42.40.746	TSRlearn_main-blocks		2025.1.1	59.91769708027705	2026-08-11 11h42.45.818512 +0200	
stimuli/bicycle/bicycle_20.jpg	stimuli/jacket/jacket_08.jpg	stimuli/guitar/guitar_01.jpg	stimuli/hand/hand_46.jpg	right	center	left	right	9	9	0																		sequences/learning_block1_fixed-middle-10_0{participant_ID}.xlsx	sequences/retrieval_block1_fixed-middle-10_0{participant_ID}.xlsx	6	1.0	A	1	10	bicycle	jacket	guitar	hand	0.67	0.33	11	guitar	1	stimuli/guitar/guitar_01.jpg	lamp	1	stimuli/lamp/lamp_01.jpg	key	1	stimuli/key/key_01.jpg	pencil	1	stimuli/pencil/pencil_01.jpg	2	10	13	8	r	0.09502420003991574	None																											0	0	0	0	0	0	0	0	0	9	9	9					122.90609689999837																																																																																																																																																																																																																										122.85555099998601	122.90609689999837	122.90609689999837	122.90609689999837	122.90609689999837	122.90609689999837	122.90609689999837	122.90609689999837	0.10894339997321367	123.08932379994076	r	0.09502420003991574	None	123.20243249996565	123.23824189999141	123.23824189999141	123.23824189999141	123.23824189999141	123.23824189999141	123.23824189999141	124.22222360002343	124.22967199992854	124.22972159995697																																																																																									2	2026-08-11_11h42.40.746	TSRlearn_main-blocks		2025.1.1	59.91769708027705	2026-08-11 11h42.45.818512 +0200	
stimuli/jacket/jacket_08.jpg	stimuli/ball/ball_01.jpg	stimuli/hand/hand_46.jpg	stimuli/bread/bread_05.jpg	right	center	left	right	10	10	0																		sequences/learning_block1_fixed-middle-10_0{participant_ID}.xlsx	sequences/retrieval_block1_fixed-middle-10_0{participant_ID}.xlsx	6	1.0	A	1	11	jacket	ball	hand	bread	0.4	0.27	12	guitar	1	stimuli/guitar/guitar_01.jpg	lamp	1	stimuli/lamp/lamp_01.jpg	key	1	stimuli/key/key_01.jpg	pencil	1	stimuli/pencil/pencil_01.jpg	10	1	8	3	g	1.3986849000211805	None																											0	0	0	0	0	0	0	0	0	10	10	10					124.41976620000787																																																																																																																																																																																																																										124.35983359999955	124.41976620000787	124.41976620000787	124.41976620000787	124.41976620000787	124.41976620000787	124.41976620000787	124.41976620000787	0.13013870001304895	124.48866979999002	g	1.3986849000211805	None	124.60638170002494	124.63499499997124	124.63499499997124	124.63499499997124	124.63499499997124	124.63499499997124	124.63499499997124	125.62213339994196	125.62982349994127	125.62987069995143																																																																																									2	2026-08-11_11h42.40.746	TSRlearn_main-blocks		2025.1.1	59.91769708027705	2026-08-11 11h42.45.818512 +0200	
stimuli/ball/ball_01.jpg	stimuli/key/key_01.jpg	stimuli/lamp/lamp_01.jpg	stimuli/chair/chair_23.jpg	center	left	right	center	11	11	0																		sequences/learning_block1_fixed-middle-10_0{participant_ID}.xlsx	sequences/retrieval_block1_fixed-middle-10_0{participant_ID}.xlsx	6	1.0	A	1	12	ball	key	lamp	chair	0.73	0.53	13	guitar	1	stimuli/guitar/guitar_01.jpg	lamp	1	stimuli/lamp/lamp_01.jpg	key	1	stimuli/key/key_01.jpg	pencil	1	stimuli/pencil/pencil_01.jpg	1	15	14	4	b	0.23655949998646975	None																											0	0	0	0	0	0	0	0	0	11	11	11					125.86237600003369																																																																																																																																																																																																																										125.78339639992919	125.86237600003369	125.86237600003369	125.86237600003369	125.86237600003369	125.86237600003369	125.86237600003369	125.86237600003369	0.15356000000610948	126.13815589994192	b	0.23655949998646975	None	126.31067539996002	126.35205969994422	126.35205969994422	126.35205969994422	126.35205969994422	126.35205969994422	126.35205969994422	127.33757740003057	127.34507619997021	127.34512419998646																																																																																									2	2026-08-11_11h42.40.746	TSRlearn_main-blocks		2025.1.1	59.91769708027705	2026-08-11 11h42.45.818512 +0200	
stimuli/key/key_01.jpg	stimuli/pencil/pencil_01.jpg	stimuli/hammer/hammer_28.jpg	stimuli/flower/flower_18.jpg	center	right	left	center	12	12	0																		sequences/learning_block1_fixed-middle-10_0{participant_ID}.xlsx	sequences/retrieval_block1_fixed-middle-10_0{participant_ID}.xlsx	6	1.0	A	1	13	key	pencil	hammer	flower	0.73	0.47	14	guitar	1	stimuli/guitar/guitar_01.jpg	lamp	1	stimuli/lamp/lamp_01.jpg	key	1	stimuli/key/key_01.jpg	pencil	1	stimuli/pencil/pencil_01.jpg	15	16	7	6	b	0.19862969999667257	None																											0	0	0	0	0	0	0	0	0	12	12	12					127.54944450000767																																																																																																																																																																																																																										127.49294339993503	127.54944450000767	127.54944450000767	127.54944450000767	127.54944450000767	127.54944450000767	127.54944450000767	127.54944450000767	0.14784849993884563	127.8047720999457	b	0.19862969999667257	None	127.95489299995825	127.99764880002476	127.99764880002476	127.99764880002476	127.99764880002476	127.99764880002476	127.99764880002476	128.98731819994282	128.99515309999697	128.9951987999957																																																																																									2	2026-08-11_11h42.40.746	TSRlearn_main-blocks		2025.1.1	59.91769708027705	2026-08-11 11h42.45.818512 +0200	
								0	0	0				1	stimuli/hammer/hammer_28.jpg	stimuli/hand/hand_46.jpg	None	yes	no	left	left	3	1.2	0.2		0.61	2.08	sequences/learning_block1_fixed-middle-10_0{participant_ID}.xlsx	sequences/retrieval_block1_fixed-middle-10_0{participant_ID}.xlsx	6	block1	A	1																												0	0	1	1	A	7	8	None	None	5	1.3326429000589997	None															0	0	0	0	0	0	0	0					0	0	0	0	135.26511469995603																																																																																																																																																																																																																																																	129.0011290999828	129.01804799993988	134.032776499982	134.01835709996521	134.0213999999687	134.032776499982	134.032776499982	135.01931999996305	None	135.01943749992643	135.01949810003862	135.24753839999903	135.26511469995603	135.93884109996725	135.87223660002928	135.9214837999316	135.93884109996725	136.94851160002872	136.93421059998218	136.93425589997787	136.94851160002872	137.18839819997083	137.23908780002967	137.25961109995842	138.26905709994026	138.25136859994382	138.25140289997216	138.26905709994026	138.51616530003957	138.5162095000269	138.53090579994023	140.66833829996176	140.604270300013	140.63105359999463	140.66833829996176	140.66833829996176	140.66833829996176	140.66833829996176	140.66833829996176	143.6368528000312	None	143.63985000003595	143.6459831999382	144.16401209996548	144.1356853999896	144.13863009994384	144.16401209996548	144.16401209996548	144.16401209996548	144.16401209996548	144.16401209996548	144.6483027000213	146.09780460002366	5	1.3326429000589997	None	146.09976749995258	146.099797999952																															2	2026-08-11_11h42.40.746	TSRlearn_main-blocks		2025.1.1	59.91769708027705	2026-08-11 11h42.45.818512 +0200	
								1	1	0				1	stimuli/flower/flower_18.jpg	stimuli/chair/chair_23.jpg	None	no	yes	left	left	2	1.2	0.2		0.55	1.96	sequences/learning_block1_fixed-middle-10_0{participant_ID}.xlsx	sequences/retrieval_block1_fixed-middle-10_0{participant_ID}.xlsx	6	block1	A	1																												0	1	0	1	A	6	4	None	b	5	0.3940986000234261	None	0.7793554000090808	None													0	0	0	0	0	0	0	0					0	1	1	1	146.11223179998342																																																																																																																																																																																																																																																												146.1001258000033	146.11223179998342	146.68230959994253	146.64754529995844	146.67325510003138	146.68230959994253	147.69550459994934	147.68059909995645	147.68063179997262	147.69550459994934	147.93067649996374	147.9428052000003	147.9666912999237	148.97806380002294	148.9633588999277	148.9633919999469	148.97806380002294	149.21274919994175	149.21277620003093	149.22747309994884	151.20999300002586	151.17892919993028	151.19207160000224	151.20999300002586	151.20999300002586	151.20999300002586	151.20999300002586	151.20999300002586	152.11278969992418	b	152.11547409999184			152.1155054999981	152.11768160003703	152.1430039999541	152.1430039999541	152.1430039999541	152.1430039999541	152.1430039999541	152.62658749998081	153.1458127000369	5	0.3940986000234261	None	153.14822949992958	153.14826679998077	147.9666912999237	149.22747309994884	0.7793554000090808	None																											2	2026-08-11_11h42.40.746	TSRlearn_main-blocks		2025.1.1	59.91769708027705	2026-08-11 11h42.45.818512 +0200	
								2	2	0				1	stimuli/dog/dog_41.jpg	stimuli/house/house_01.jpg	None	yes	no	right	right	5	1.2	0.2		0.69	2.16	sequences/learning_block1_fixed-middle-10_0{participant_ID}.xlsx	sequences/retrieval_block1_fixed-middle-10_0{participant_ID}.xlsx	6	block1	A	1																												0	2	0	1	A	5	9	None	None	None																	0	0	0	0	0	0	0	0					0	2	2	2	153.15990279999096																																																																																																																																																																																																																																																												153.14862679992802	153.15990279999096	153.89991969999392	153.84501159994397	153.88721149996854	153.89991969999392	154.90929999994114	154.89510339999106	154.8951356000034	154.90929999994114	155.14514319994487	155.15978460002225	155.17837809992488	156.192096499959	156.17748329997994	156.1775181000121	156.192096499959	156.4281302000163	156.42818149994127	156.44233550003264	158.6241192999296	158.5938526999671	158.60592879995238	158.6241192999296	158.6241192999296	158.6241192999296	158.6241192999296	158.6241192999296	161.61095719994046	None	161.61296930001117	161.62402009998914	162.14044630003627	162.11371389997657	162.1163174000103	162.14044630003627	162.14044630003627	162.14044630003627	162.14044630003627	162.14044630003627	162.62416090001352	165.6270957000088	None			165.62976529996376	166.14854710001964	155.17837809992488				161.62402009998914	161.62402009998914	161.62402009998914	165.13973359996453	165.13973359996453	165.13973359996453	165.13973359996453	165.13973359996453	165.63927309995051	165.63927309995051	166.15895610000007																2	2026-08-11_11h42.40.746	TSRlearn_main-blocks		2025.1.1	59.91769708027705	2026-08-11 11h42.45.818512 +0200	
								3	3	0				1	stimuli/bread/bread_05.jpg	stimuli/ball/ball_01.jpg	None	yes	no	left	left	4	1.2	0.2		0.44	1.97	sequences/learning_block1_fixed-middle-10_0{participant_ID}.xlsx	sequences/retrieval_block1_fixed-middle-10_0{participant_ID}.xlsx	6	block1	A	1																												0	3	1	1	A	3	1	None	None	None																	0	0	0	0	0	0	0	0					0	3	3	3	166.15895610000007																																																																																																																																																																																																																																																												166.1491626999341	166.15895610000007	166.64504730002955	166.59565999999177	166.627636399935	166.64504730002955	167.65519219997805	167.64103539998177	167.64108099997975	167.65519219997805	167.89051229995675	167.90328540001065	167.9244862999767	168.93818990001455	168.92335970001295	168.92340129998047	168.93818990001455	169.17377400002442	169.17383630003314	169.18845280003734	171.18656820000615	171.15580269997008	171.16943949996494	171.18656820000615	171.18656820000615	171.18656820000615	171.18656820000615	171.18656820000615	174.1784398999298	None	174.1811000999296	174.18643260002136	174.70204090001062	174.67210259998683	174.67486389994156	174.70204090001062	174.70204090001062	174.70204090001062	174.70204090001062	174.70204090001062	175.18629749992397	178.1748078999808	None			178.17855309997685	178.67025620001368	167.9244862999767				174.18643260002136	174.18643260002136	174.18643260002136	177.7199048999464	177.7199048999464	177.7199048999464	177.7199048999464	177.7199048999464	178.18563930003438	178.18563930003438	178.68493430002127																2	2026-08-11_11h42.40.746	TSRlearn_main-blocks		2025.1.1	59.91769708027705	2026-08-11 11h42.45.818512 +0200	
								4	4	0				1	stimuli/jacket/jacket_08.jpg	stimuli/dog/dog_41.jpg	None	yes	no	right	right	2	1.2	0.2		0.62	1.9	sequences/learning_block1_fixed-middle-10_0{participant_ID}.xlsx	sequences/retrieval_block1_fixed-middle-10_0{participant_ID}.xlsx	6	block1	A	1																												1	4	0	1	A	10	5	None	None	None																	0	0	0	0	0	0	0	0					0	4	4	4	178.68493430002127																																																																																																																																																																																																																																																												178.67079030000605	178.68493430002127	179.3545890999958	179.30496310000308	179.3372605999466	179.3545890999958	180.36808129993733	180.35493509995285	180.35497310000937	180.36808129993733	180.60374799999408	180.6651955000125	180.6929012000328	181.70132200000808	181.68672080000397	181.6867654999951	181.70132200000808	181.9360288999742	181.93606310000177	181.9503745000111	183.8661945000058	183.8360220999457	183.85037450003438	183.8661945000058	183.8661945000058	183.8661945000058	183.8661945000058	183.8661945000058	186.85480610001832	None	186.85760099999607	186.86600189993624	187.3820150999818	187.35253359994385	187.35607909993269	187.3820150999818	187.3820150999818	187.3820150999818	187.3820150999818	187.3820150999818	187.865702399984	190.869255800033	None			190.8718302999623	191.36750669998582	180.6929012000328	181.9503745000111			186.86600189993624	186.86600189993624	186.86600189993624	190.38123109994922	190.38123109994922	190.38123109994922	190.38123109994922	190.38123109994922	190.88243699993473	190.88243699993473	191.38235490000807																2	2026-08-11_11h42.40.746	TSRlearn_main-blocks		2025.1.1	59.91769708027705	2026-08-11 11h42.45.818512 +0200	
								5	5	0				1	stimuli/flower/flower_18.jpg	stimuli/ball/ball_01.jpg	None	yes	no	left	left	5	1.2	0.2		0.29	1.83	sequences/learning_block1_fixed-middle-10_0{participant_ID}.xlsx	sequences/retrieval_block1_fixed-middle-10_0{participant_ID}.xlsx	6	block1	A	1																												1	5	1	1	A	6	1	None	None	None																	0	0	0	0	0	0	0	0					0	5	5	5	191.38235490000807																																																																																																																																																																																																																																																												191.36806320003234	191.38235490000807	191.7167543999385	191.66795539995655	191.70138320000842	191.7167543999385	192.73066470003687	192.7168706000084	192.71691529999953	192.73066470003687	192.96657829999458	192.98295889992733	193.0030562999891	194.01368189998902	194.000297499937	194.0003577999305	194.01368189998902	194.2494426999474	194.2494713999331	194.2636198999826	196.12947329995222	196.08304719999433	196.09814319992438	196.12947329995222	196.12947329995222	196.12947329995222	196.12947329995222	196.12947329995222	199.1011751999613	None	199.10433380003087	199.1120778999757	199.62831900001038	199.59858490002807	199.60212769999634	199.62831900001038	199.62831900001038	199.62831900001038	199.62831900001038	199.62831900001038	200.11182450002525	203.09969559998717	None			203.10271340003237	203.59588439995423	193.0030562999891	194.2636198999826						202.6276697999565	202.6276697999565	202.6276697999565	202.6276697999565	202.6276697999565	203.1109891999513	203.1109891999513	203.61098450003192																2	2026-08-11_11h42.40.746	TSRlearn_main-blocks		2025.1.1	59.91769708027705	2026-08-11 11h42.45.818512 +0200	
								6	6	0				1	stimuli/bicycle/bicycle_20.jpg	stimuli/hand/hand_46.jpg	None	no	yes	left	left	4	1.2	0.2		0.36	2.2	sequences/learning_block1_fixed-middle-10_0{participant_ID}.xlsx	sequences/retrieval_block1_fixed-middle-10_0{participant_ID}.xlsx	6	block1	A	1																												1	6	0	1	A	2	8	None	None	None																	0	0	0	0	0	0	0	0					0	6	6	6	203.61098450003192																																																																																																																																																																																																																																																												203.59646050003357	203.61098450003192	203.99600019992795	203.96290059993044	203.9766677999869	203.99600019992795	205.01013549999334	204.99516139994375	204.99520489992574	205.01013549999334	205.2459370000288	205.28878579998855	205.3019270999357	206.3095755999675	206.2954254000215	206.2954677999951	206.3095755999675	206.54553849995136	206.54557139996905	206.55971850000788	208.77487830002792	208.74465459992643	208.75879999995232	208.77487830002792	208.77487830002792	208.77487830002792	208.77487830002792	208.77487830002792	211.76320960000157	None	211.76597119995859	211.77533460000996	212.29055319994222	212.25997300003655	212.2627013999736	212.29055319994222	212.29055319994222	212.29055319994222	212.29055319994222	212.29055319994222	212.77457759995013	215.7622537999414	None			215.7649152999511	216.25906920002308		206.55971850000788			211.77533460000996	211.77533460000996	211.77533460000996	215.2903907999862	215.2903907999862	215.2903907999862	215.2903907999862	215.2903907999862	215.77354309998918	215.77354309998918	216.27335509995464																2	2026-08-11_11h42.40.746	TSRlearn_main-blocks		2025.1.1	59.91769708027705	2026-08-11 11h42.45.818512 +0200	
								7	7	0				1	stimuli/chair/chair_23.jpg	stimuli/bread/bread_05.jpg	None	yes	no	left	left	3	1.2	0.2		0.28	2.06	sequences/learning_block1_fixed-middle-10_0{participant_ID}.xlsx	sequences/retrieval_block1_fixed-middle-10_0{participant_ID}.xlsx	6	block1	A	1																												1	7	1	1	A	4	3	None	None	None																	0	0	0	0	0	0	0	0					0	7	7	7	216.27335509995464																																																																																																																																																																																																																																																												216.2596398999449	216.27335509995464	216.57536949997302	216.54325200000312	216.55981479992624	216.57536949997302	217.58982789993752	217.5754829000216	217.575516999932	217.58982789993752	217.82550239993725	217.85729209997226	217.8785830999259	218.88927369995508	218.87526120000985	218.87530309997965	218.88927369995508	219.1245357999578	219.12457029998768	219.13861120003276	221.23908610001672	221.19898709992412	221.2129732000176	221.23908610001672	221.23908610001672	221.23908610001672	221.23908610001672	221.23908610001672	224.22635409992654	None	224.2291579999728	224.23727939999662	224.75338949996512	224.72378030000255	224.72699929994997	224.75338949996512	224.75338949996512	224.75338949996512	224.75338949996512	224.75338949996512	225.23694820003584	228.22500310000032	None			228.22796879999805	228.7218431000365	217.8785830999259	219.13861120003276						227.75294849998318	227.75294849998318	227.75294849998318	227.75294849998318	227.75294849998318	228.2362012999365	228.2362012999365	228.73579369997606																2	2026-08-11_11h42.40.746	TSRlearn_main-blocks		2025.1.1	59.91769708027705	2026-08-11 11h42.45.818512 +0200	
								8	8	0				1	stimuli/flower/flower_18.jpg	stimuli/jacket/jacket_08.jpg	None	no	yes	right	right	4	1.2	0.2		0.35	1.79	sequences/learning_block1_fixed-middle-10_0{participant_ID}.xlsx	sequences/retrieval_block1_fixed-middle-10_0{participant_ID}.xlsx	6	block1	A	1																												2	8	1	1	A	6	10	None	None	None																	0	0	0	0	0	0	0	0					0	8	8	8	228.73579369997606																																																																																																																																																																																																																																																												228.72238239995204	228.73579369997606	229.12624719995074	229.07333629997447	229.11257909995038	229.12624719995074	230.1354941999307	230.12106299994048	230.12110560003202	230.1354941999307	230.37096890003886	230.40210299997125	230.42141750000883	231.43504010001197	231.42121309996583	231.42126279999502	231.43504010001197	231.67318249994423	231.67325490002986	231.69346819992643	233.51806619996205	233.47346559993457	233.4886422000127	233.51806619996205	233.51806619996205	233.51806619996205	233.51806619996205	233.51806619996205	236.49076469999272	None	236.49387519992888	236.50095250003505	237.04438159998972	236.9942487999797	236.99754399992526	237.04438159998972	237.04438159998972	237.04438159998972	237.04438159998972	237.04438159998972	237.50848970003426	240.50759139994625	None			240.5102998999646	241.00870459992439	230.42141750000883							240.04967149998993	240.04967149998993	240.04967149998993	240.04967149998993	240.04967149998993	240.51834129996132	240.51834129996132	241.01867879997008																2	2026-08-11_11h42.40.746	TSRlearn_main-blocks		2025.1.1	59.91769708027705	2026-08-11 11h42.45.818512 +0200	
								9	9	0				1	stimuli/dog/dog_41.jpg	stimuli/hand/hand_46.jpg	None	yes	no	right	right	3	1.2	0.2		0.32	2.16	sequences/learning_block1_fixed-middle-10_0{participant_ID}.xlsx	sequences/retrieval_block1_fixed-middle-10_0{participant_ID}.xlsx	6	block1	A	1																												2	9	0	1	A	5	8	None	None	None																	0	0	0	0	0	0	0	0					0	9	9	9	241.01867879997008																																																																																																																																																																																																																																																												241.00946830003522	241.01867879997008	241.41202980000526	241.33920199994463	241.38981480000075	241.41202980000526	242.41514980001375	242.40856080001686	242.40859649993945	242.41514980001375	242.65067609993275	242.6986920000054	242.72583479993045	243.73193809995428	243.71930070000235	243.719360099989	243.73193809995428	243.9673028999241	243.9673385999631	243.98128720000386	246.17991509998683	246.13363799999934	246.1475505999988	246.17991509998683	246.17991509998683	246.17991509998683	246.17991509998683	246.17991509998683	249.1518867999548	None	249.1550293000182	249.16839370003436	249.696370700025	249.66621499997564	249.66952689993195	249.696370700025	249.696370700025	249.696370700025	249.696370700025	249.696370700025	250.18002029997297	253.18396819999907	None			253.1870210999623	253.69804869999643	242.72583479993045	243.98128720000386						252.69531989993993	252.69531989993993	252.69531989993993	252.69531989993993	252.69531989993993	253.20005089999177	253.20005089999177	253.71173859992996																2	2026-08-11_11h42.40.746	TSRlearn_main-blocks		2025.1.1	59.91769708027705	2026-08-11 11h42.45.818512 +0200	
								10	10	0				1	stimuli/bicycle/bicycle_20.jpg	stimuli/ball/ball_01.jpg	None	yes	no	left	left	2	1.2	0.2		0.26	1.77	sequences/learning_block1_fixed-middle-10_0{participant_ID}.xlsx	sequences/retrieval_block1_fixed-middle-10_0{participant_ID}.xlsx	6	block1	A	1																												2	10	1	1	A	2	1	None	None	None																	0	0	0	0	0	0	0	0					0	10	10	10	253.71173859992996																																																																																																																																																																																																																																																												253.6986753999954	253.71173859992996	254.00185749994125	253.96671259996947	253.98460670001805	254.00185749994125	255.0154549999861	254.9997652999591	254.9998181000119	255.0154549999861	255.26304079999682	255.27763649995904	255.29953399999067	256.3111931999447	256.29645549994893	256.29650179995224	256.3111931999447	256.5488376999274	256.5488996999338	256.56066810002085	258.3594694000203	258.32952949998435	258.34464819997083	258.3594694000203	258.3594694000203	258.3594694000203	258.3594694000203	258.3594694000203	261.3472463999642	None	261.34999389993027	261.3596096999245	261.87518069997896	261.8451609000331	261.8474140999606	261.87518069997896	261.87518069997896	261.87518069997896	261.87518069997896	261.87518069997896	262.3596709999256	265.3638169999467	None			265.3669695999706	265.86158959998284					261.3596096999245	261.3596096999245	261.3596096999245	264.8753244000254	264.8753244000254	264.8753244000254	264.8753244000254	264.8753244000254	265.37511369993445	265.37511369993445	265.8754763000179																2	2026-08-11_11h42.40.746	TSRlearn_main-blocks		2025.1.1	59.91769708027705	2026-08-11 11h42.45.818512 +0200	
								11	11	0				1	stimuli/bread/bread_05.jpg	stimuli/hammer/hammer_28.jpg	None	yes	no	right	right	5	1.2	0.2		0.52	2.1	sequences/learning_block1_fixed-middle-10_0{participant_ID}.xlsx	sequences/retrieval_block1_fixed-middle-10_0{participant_ID}.xlsx	6	block1	A	1																												2	11	0	1	A	3	7	None	None	None																	0	0	0	0	0	0	0	0					0	11	11	11	265.8754763000179																																																																																																																																																																																																																																																												265.86207259993535	265.8754763000179	266.4604076000396	266.3955449999776	266.4368068999611	266.4604076000396	267.47465139999986	267.4620949999662	267.46215779997874	267.47465139999986	267.710779099958	267.7766257999465	267.8230380000314	268.8247668999247	268.8122494999552	268.8123151999898	268.8247668999247	269.06045280001126	269.0604943999788	269.0742696999805	271.20522979996167	271.17515709996223	271.1884156999877	271.20522979996167	271.20522979996167	271.20522979996167	271.20522979996167	271.20522979996167	274.19249349995516	None	274.1952846000204	274.2051839999622	274.72087890002877	274.69040169997606	274.6931551999878	274.72087890002877	274.72087890002877	274.72087890002877	274.72087890002877	274.72087890002877	275.2049689999549	278.1914904000005	None			278.19365629996173	278.6891883999342	267.8230380000314	269.0742696999805			274.2051839999622	274.2051839999622	274.2051839999622	277.72148049995303	277.72148049995303	277.72148049995303	277.72148049995303	277.72148049995303	278.2037481999723	278.2037481999723	278.7041753999656																2	2026-08-11_11h42.40.746	TSRlearn_main-blocks		2025.1.1	59.91769708027705	2026-08-11 11h42.45.818512 +0200	
								12	12	0				1	stimuli/house/house_01.jpg	stimuli/hand/hand_46.jpg	None	no	yes	right	right	2	1.2	0.2		0.51	2.08	sequences/learning_block1_fixed-middle-10_0{participant_ID}.xlsx	sequences/retrieval_block1_fixed-middle-10_0{participant_ID}.xlsx	6	block1	A	1																												3	12	1	1	A	9	8	None	None	None																	0	0	0	0	0	0	0	0					0	12	12	12	278.7041753999656																																																																																																																																																																																																																																																												278.68956870003603	278.7041753999656	279.2399728000164	279.20595119998325	279.22166959999595	279.2399728000164	280.25321739993524	280.2391109999735	280.23915739997756	280.25321739993524	280.4923312999308	280.5420502999332	280.55688960000407	281.5698543000035	281.5565067999996	281.55656619998626	281.5698543000035	281.81337590003386	281.8134492000099	281.82069369999226	283.91793029999826	283.8887202999322	283.9022556999698	283.91793029999826	283.91793029999826	283.91793029999826	283.91793029999826	283.91793029999826	286.9059738999931	None	286.908685100032	286.91805989993736	287.4340218999423	287.4047301999526	287.40782289998606	287.4340218999423	287.4340218999423	287.4340218999423	287.4340218999423	287.4340218999423	287.91737559996545	290.90465919999406	None			290.9074180999305	291.40280229994096					286.91805989993736	286.91805989993736	286.91805989993736	290.4334012999898	290.4334012999898	290.4334012999898	290.4334012999898	290.4334012999898	290.9168356999289	290.9168356999289	291.41708739998285																2	2026-08-11_11h42.40.746	TSRlearn_main-blocks		2025.1.1	59.91769708027705	2026-08-11 11h42.45.818512 +0200	
								13	13	0				1	stimuli/flower/flower_18.jpg	stimuli/hammer/hammer_28.jpg	None	no	yes	left	left	4	1.2	0.2		0.48	2.01	sequences/learning_block1_fixed-middle-10_0{participant_ID}.xlsx	sequences/retrieval_block1_fixed-middle-10_0{participant_ID}.xlsx	6	block1	A	1																												3	13	0	1	A	6	7	None	None	None																	0	0	0	0	0	0	0	0					0	13	13	13	291.41708739998285																																																																																																																																																																																																																																																												291.40343079995364	291.41708739998285	291.91901259997394	291.88486200000625	291.9105813000351	291.91901259997394	292.93214369995985	292.91760119993705	292.9176435000263	292.93214369995985	293.16797690000385	293.21116089995485	293.21965620003175	294.2317158000078	294.21718219993636	294.2172251000302	294.2317158000078	294.46839539997745	294.4684580999892	294.48228130000643	296.53093040001113	296.4856180000352	296.49880739999935	296.53093040001113	296.53093040001113	296.53093040001113	296.53093040001113	296.53093040001113	299.50485899997875	None	299.50887489994057	299.5151336999843	300.04644589999225	300.01598759996705	300.01859069999773	300.04644589999225	300.04644589999225	300.04644589999225	300.04644589999225	300.04644589999225	300.53012899996247	303.5329032000154	None			303.5358688000124	304.030887800036								303.0499004999874	303.0499004999874	303.0499004999874	303.0499004999874	303.0499004999874	303.5460573999444	303.5460573999444	304.0450656999601																2	2026-08-11_11h42.40.746	TSRlearn_main-blocks		2025.1.1	59.91769708027705	2026-08-11 11h42.45.818512 +0200	
								14	14	0				1	stimuli/jacket/jacket_08.jpg	stimuli/bread/bread_05.jpg	None	yes	no	right	right	3	1.2	0.2		0.26	2.18	sequences/learning_block1_fixed-middle-10_0{participant_ID}.xlsx	sequences/retrieval_block1_fixed-middle-10_0{participant_ID}.xlsx	6	block1	A	1																												3	14	0	1	A	10	3	None	None	None																	0	0	0	0	0	0	0	0					0	14	14	14	304.0450656999601																																																																																																																																																																																																																																																												304.03125969995745	304.0450656999601	304.3482691999525	304.298545800033	304.3362322000321	304.3482691999525	305.3501546999905	305.33617819997016	305.3362346999347	305.3501546999905	305.59868659998756	305.64404109993484	305.6698933999287	306.6792929000221	306.669454799965	306.6695150999585	306.6792929000221	306.93186759995297	306.9319392000325	306.944506800035	309.1803508999292	309.1171943999361	309.1453728999477	309.1803508999292	309.1803508999292	309.1803508999292	309.1803508999292	309.1803508999292	312.1738670000341	None	312.17989689996466	312.19316419993993	312.7533786999993	312.6828268999234	312.6881422000006	312.7533786999993	312.7533786999993	312.7533786999993	312.7533786999993	312.7533786999993	313.2030235999264	316.1954817000078	None			316.19870169996284	316.6935252000112					312.19316419993993	312.19316419993993	312.19316419993993	315.76227960002143	315.76227960002143	315.76227960002143	315.76227960002143	315.76227960002143	316.20834469993133	316.20834469993133	316.7096911999397																2	2026-08-11_11h42.40.746	TSRlearn_main-blocks		2025.1.1	59.91769708027705	2026-08-11 11h42.45.818512 +0200	
								15	15	0				1	stimuli/chair/chair_23.jpg	stimuli/bicycle/bicycle_20.jpg	None	no	yes	right	right	5	1.2	0.2		0.66	1.9	sequences/learning_block1_fixed-middle-10_0{participant_ID}.xlsx	sequences/retrieval_block1_fixed-middle-10_0{participant_ID}.xlsx	6	block1	A	1																												3	15	1	1	A	4	2	None	None	None																	0	0	0	0	0	0	0	0					0	15	15	15	316.7096911999397																																																																																																																																																																																																																																																												316.693906600005	316.7096911999397	317.3942197000142	317.36065189994406	317.3786044999724	317.3942197000142	318.40782840002794	318.39371740003116	318.39376529993024	318.40782840002794	318.6443148999242	318.662697999971	318.6769570999313	319.69052329997066	319.67655059997924	319.6765869000228	319.69052329997066	319.9264073999366	319.92643420002423	319.95453160000034	321.88956739997957	321.8412443000125	321.86147619993426	321.88956739997957	321.88956739997957	321.88956739997957	321.88956739997957	321.88956739997957	324.87223360000644	None	324.875950000016	324.888486300013	325.42134060000535	325.37459419993684	325.37784460000694	325.42134060000535	325.42134060000535	325.42134060000535	325.42134060000535	325.42134060000535	325.8885065999348	328.8914802999934	None			328.89412129996344	329.3950277999975		319.95453160000034						328.4212407999439	328.4212407999439	328.4212407999439	328.4212407999439	328.4212407999439	328.903787999996	328.903787999996	329.4041108000092																2	2026-08-11_11h42.40.746	TSRlearn_main-blocks		2025.1.1	59.91769708027705	2026-08-11 11h42.45.818512 +0200	
								16	16	0				1	stimuli/dog/dog_41.jpg	stimuli/ball/ball_01.jpg	None	no	yes	right	right	3	1.2	0.2		0.44	2.09	sequences/learning_block1_fixed-middle-10_0{participant_ID}.xlsx	sequences/retrieval_block1_fixed-middle-10_0{participant_ID}.xlsx	6	block1	A	1																												4	16	1	1	A	5	1	None	None	None																	0	0	0	0	0	0	0	0					0	16	16	16	329.4041108000092																																																																																																																																																																																																																																																												329.39564599993173	329.4041108000092	329.9566737000132	329.8534526999574	329.92164640000556	329.9566737000132	330.9618212999776	330.94504329992924	330.9450891999295	330.9618212999776	331.2106625000015	331.2382909000153	331.26082450000104	332.28099190001376	332.2550396999577	332.2550885999808	332.28099190001376	332.5210809999844	332.5211917000124	332.5489467999432	334.685381499934	334.63853360002395	334.66499089996796	334.685381499934	334.685381499934	334.685381499934	334.685381499934	334.685381499934	337.6785134000238	None	337.6837786999531	337.7074690000154	338.25507089996245	338.2036074999487	338.20650380000006	338.25507089996245	338.25507089996245	338.25507089996245	338.25507089996245	338.25507089996245	338.71751240000594	341.71973280003294	None			341.7235861000372	342.2365770000033					337.7074690000154	337.7074690000154	337.7074690000154	341.2670451999875	341.2670451999875	341.2670451999875	341.2670451999875	341.2670451999875	341.74229989992455	341.74229989992455	342.24990880000405																2	2026-08-11_11h42.40.746	TSRlearn_main-blocks		2025.1.1	59.91769708027705	2026-08-11 11h42.45.818512 +0200	
								17	17	0				1	stimuli/jacket/jacket_08.jpg	stimuli/hand/hand_46.jpg	None	no	yes	left	left	5	1.2	0.2		0.54	1.76	sequences/learning_block1_fixed-middle-10_0{participant_ID}.xlsx	sequences/retrieval_block1_fixed-middle-10_0{participant_ID}.xlsx	6	block1	A	1																												4	17	0	1	A	10	8	None	None	None																	0	0	0	0	0	0	0	0					0	17	17	17	342.24990880000405																																																																																																																																																																																																																																																												342.23723039997276	342.24990880000405	342.83916109998245	342.7861167000374	342.8166777000297	342.83916109998245	343.84944389993325	343.8346006999491	343.83463439997286	343.84944389993325	344.08417519996874	344.13487029995304	344.15902749996167	345.1652649999596	345.150472600013	345.1505044000223	345.1652649999596	345.4018646000186	345.40192550001666	345.41590469994117	347.23425460001454	347.17698939994443	347.2020273000235	347.23425460001454	347.23425460001454	347.23425460001454	347.23425460001454	347.23425460001454	350.20201799995266	None	350.20421570003964	350.2144139999291	350.730960899964	350.7005511999596	350.70395120000467	350.730960899964	350.730960899964	350.730960899964	350.730960899964	350.730960899964	351.2135138999438	354.1998062999919	None			354.20172290003393	354.6981936999364	344.15902749996167							353.74634119996335	353.74634119996335	353.74634119996335	353.74634119996335	353.74634119996335	354.21339970000554	354.21339970000554	354.7126791999908																2	2026-08-11_11h42.40.746	TSRlearn_main-blocks		2025.1.1	59.91769708027705	2026-08-11 11h42.45.818512 +0200	
								18	18	0				1	stimuli/house/house_01.jpg	stimuli/bread/bread_05.jpg	None	no	yes	right	right	4	1.2	0.2		0.42	1.79	sequences/learning_block1_fixed-middle-10_0{participant_ID}.xlsx	sequences/retrieval_block1_fixed-middle-10_0{participant_ID}.xlsx	6	block1	A	1																												4	18	1	1	A	9	3	None	None	None																	0	0	0	0	0	0	0	0					0	18	18	18	354.7126791999908																																																																																																																																																																																																																																																												354.69856119994074	354.7126791999908	355.16548490000423	355.1318712999346	355.1468247999437	355.16548490000423	356.17885689996183	356.16401760000736	356.16405120003037	356.17885689996183	356.4148846999742	356.4495868999511	356.46969779999927	357.4788506999612	357.46382740000263	357.463863199926	357.4788506999612	357.7143006999977	357.71434639999643	357.7287730999524	359.5606219000183	359.51350509992335	359.53952240000945	359.5606219000183	359.5606219000183	359.5606219000183	359.5606219000183	359.5606219000183	362.5483351999428	None	362.5509903000202	362.5602247000206	363.09311489993706	363.0454752999358	363.04760759999044	363.09311489993706	363.09311489993706	363.09311489993706	363.09311489993706	363.09311489993706	363.56038219993934	366.56460899999365	None			366.56779500003904	367.0609657999594					362.5602247000206	362.5602247000206	362.5602247000206	366.09241559996735	366.09241559996735	366.09241559996735	366.09241559996735	366.09241559996735	366.57593029993586	366.57593029993586	367.07575469999574																2	2026-08-11_11h42.40.746	TSRlearn_main-blocks		2025.1.1	59.91769708027705	2026-08-11 11h42.45.818512 +0200	
								19	19	0				1	stimuli/chair/chair_23.jpg	stimuli/hammer/hammer_28.jpg	None	no	yes	left	left	2	1.2	0.2		0.46	1.81	sequences/learning_block1_fixed-middle-10_0{participant_ID}.xlsx	sequences/retrieval_block1_fixed-middle-10_0{participant_ID}.xlsx	6	block1	A	1																												4	19	0	1	A	4	7	None	None	None																	0	0	0	0	0	0	0	0					0	19	19	19	367.07575469999574																																																																																																																																																																																																																																																												367.0613580000354	367.07575469999574	367.5617978000082	367.5278757000342	367.5430376000004	367.5617978000082	368.5747552999528	368.5604720999254	368.5605067999568	368.5747552999528	368.8114391999552	368.8563039000146	368.90020889998414	369.90862080000807	369.894092499977	369.89412780001294	369.90862080000807	370.1430851999903	370.14311219996307	370.1576603000285	372.0068669000175	371.95972319995053	371.9850080999313	372.0068669000175	372.0068669000175	372.0068669000175	372.0068669000175	372.0068669000175	374.9953019999666	None	374.9981712999288	375.0066060000099	375.5227318999823	375.4934554999927	375.49712259997614	375.5227318999823	375.5227318999823	375.5227318999823	375.5227318999823	375.5227318999823	376.00607270002365	378.9940438999329	None			378.9961068999255	379.49133490002714		370.1576603000285			375.0066060000099	375.0066060000099	375.0066060000099	378.52233159996103	378.52233159996103	378.52233159996103	378.52233159996103	378.52233159996103	379.0050686999457	379.0050686999457	379.52151430002414																2	2026-08-11_11h42.40.746	TSRlearn_main-blocks		2025.1.1	59.91769708027705	2026-08-11 11h42.45.818512 +0200	
stimuli/guitar/guitar_01.jpg	stimuli/lamp/lamp_01.jpg	stimuli/house/house_01.jpg	stimuli/bicycle/bicycle_20.jpg	left	right	center	left	0	0	0																		sequences/learning_block1_fixed-middle-10_0{participant_ID}.xlsx	sequences/retrieval_block1_fixed-middle-10_0{participant_ID}.xlsx	6	1.0	A	2	1	guitar	lamp	house	bicycle	0.75	0.42	2	guitar	1	stimuli/guitar/guitar_01.jpg	lamp	1	stimuli/lamp/lamp_01.jpg	key	1	stimuli/key/key_01.jpg	pencil	1	stimuli/pencil/pencil_01.jpg	13	14	9	2	None																													0	0	0	0	1	0	1	0	0	0	0	0					381.4365788999712																																																																																																																																																																																																																					380.510755199939	380.5108038999606	380.5175167999696	380.52360419998877	381.02350409992505	381.3279802999459	381.4365788999712	381.4365788999712	381.4365788999712	381.4365788999712	381.4365788999712	381.4365788999712	381.4365788999712	0.3172223001020029	386.2072840000037	None			386.3225766000105	386.39837710000575	386.39837710000575	386.39837710000575	386.39837710000575	386.39837710000575	386.39837710000575	387.4119907999411	387.42058739997447	387.92168549995404																																																																										379.49889229994733	379.4989512999309	379.5015522999456	379.52151430002414	380.52360419998877	380.51054369995836	387.4363488999661	387.4363488999661	388.3641798000317	388.3641798000317						2	2026-08-11_11h42.40.746	TSRlearn_main-blocks		2025.1.1	59.91769708027705	2026-08-11 11h42.45.818512 +0200	
stimuli/lamp/lamp_01.jpg	stimuli/hammer/hammer_28.jpg	stimuli/hand/hand_46.jpg	stimuli/key/key_01.jpg	left	center	right	left	1	1	0																		sequences/learning_block1_fixed-middle-10_0{participant_ID}.xlsx	sequences/retrieval_block1_fixed-middle-10_0{participant_ID}.xlsx	6	1.0	A	2	2	lamp	hammer	hand	key	0.69	0.31	3	guitar	1	stimuli/guitar/guitar_01.jpg	lamp	1	stimuli/lamp/lamp_01.jpg	key	1	stimuli/key/key_01.jpg	pencil	1	stimuli/pencil/pencil_01.jpg	14	7	8	15	None																													0	0	0	0	1	0	1	0	0	1	1	1					388.3641798000317																																																																																																																																																																																																																										388.2131653999677	388.3641798000317	388.3641798000317	388.3641798000317	388.3641798000317	388.3641798000317	388.3641798000317	388.3641798000317	0.29152739990968257	392.93942349997815	None			393.18524170003366	393.285301099997	393.285301099997	393.285301099997	393.285301099997	393.285301099997	393.285301099997	394.28397190000396	394.29420300002676	394.80360490002204																																																																																394.30585969996173	394.30585969996173	394.9753321999451	394.9753321999451						2	2026-08-11_11h42.40.746	TSRlearn_main-blocks		2025.1.1	59.91769708027705	2026-08-11 11h42.45.818512 +0200	
stimuli/hammer/hammer_28.jpg	stimuli/house/house_01.jpg	stimuli/chair/chair_23.jpg	stimuli/jacket/jacket_08.jpg	right	center	left	right	2	2	0																		sequences/learning_block1_fixed-middle-10_0{participant_ID}.xlsx	sequences/retrieval_block1_fixed-middle-10_0{participant_ID}.xlsx	6	1.0	A	2	3	hammer	house	chair	jacket	0.8	0.47	4	guitar	1	stimuli/guitar/guitar_01.jpg	lamp	1	stimuli/lamp/lamp_01.jpg	key	1	stimuli/key/key_01.jpg	pencil	1	stimuli/pencil/pencil_01.jpg	7	9	4	10	None																													0	0	0	0	1	0	1	0	0	2	2	2					394.9753321999451																																																																																																																																																																																																																										394.9251853999449	394.9753321999451	394.9753321999451	394.9753321999451	394.9753321999451	394.9753321999451	394.9753321999451	394.9753321999451	0.12158939999062568	399.8193892999552	None			399.93300289998297	399.9756049999269	399.9756049999269	399.9756049999269	399.9756049999269	399.9756049999269	399.9756049999269	400.96780470001977	400.97619339998346	401.4851446999237																																																																																400.9836302000331	400.9836302000331	401.682776200003	401.682776200003						2	2026-08-11_11h42.40.746	TSRlearn_main-blocks		2025.1.1	59.91769708027705	2026-08-11 11h42.45.818512 +0200	
stimuli/house/house_01.jpg	stimuli/chair/chair_23.jpg	stimuli/ball/ball_01.jpg	stimuli/lamp/lamp_01.jpg	right	left	center	right	3	3	0																		sequences/learning_block1_fixed-middle-10_0{participant_ID}.xlsx	sequences/retrieval_block1_fixed-middle-10_0{participant_ID}.xlsx	6	1.0	A	2	4	house	chair	ball	lamp	0.47	0.2	5	guitar	1	stimuli/guitar/guitar_01.jpg	lamp	1	stimuli/lamp/lamp_01.jpg	key	1	stimuli/key/key_01.jpg	pencil	1	stimuli/pencil/pencil_01.jpg	9	4	1	14	None																													0	0	0	0	1	0	1	0	0	3	3	3					401.682776200003																																																																																																																																																																																																																										401.6157724999357	401.682776200003	401.682776200003	401.682776200003	401.682776200003	401.682776200003	401.682776200003	401.682776200003	0.13066500006243587	406.5011391999433	None			406.6551138999639	406.69726289995015	406.69726289995015	406.69726289995015	406.69726289995015	406.69726289995015	406.69726289995015	407.71631159994286	407.72716829995625	408.2492136999499																																																																																407.74770960002206	407.74770960002206	408.4551522999536	408.4551522999536						2	2026-08-11_11h42.40.746	TSRlearn_main-blocks		2025.1.1	59.91769708027705	2026-08-11 11h42.45.818512 +0200	
stimuli/chair/chair_23.jpg	stimuli/hand/hand_46.jpg	stimuli/guitar/guitar_01.jpg	stimuli/hammer/hammer_28.jpg	center	left	right	center	4	4	0																		sequences/learning_block1_fixed-middle-10_0{participant_ID}.xlsx	sequences/retrieval_block1_fixed-middle-10_0{participant_ID}.xlsx	6	1.0	A	2	5	chair	hand	guitar	hammer	0.33	0.2	6	guitar	1	stimuli/guitar/guitar_01.jpg	lamp	1	stimuli/lamp/lamp_01.jpg	key	1	stimuli/key/key_01.jpg	pencil	1	stimuli/pencil/pencil_01.jpg	4	8	13	7	None																													0	0	0	0	1	0	1	0	0	4	4	4					408.4551522999536																																																																																																																																																																																																																										408.39233659999445	408.4551522999536	408.4551522999536	408.4551522999536	408.4551522999536	408.4551522999536	408.4551522999536	408.4551522999536	0.14316740003414452	413.26724529999774	None			413.39117700001225	413.4364658999257	413.4364658999257	413.4364658999257	413.4364658999257	413.4364658999257	413.4364658999257	414.41404269996565	414.4224699999904	414.93028840003535																																																																																414.42907600000035	414.42907600000035	415.11644040001556	415.11644040001556						2	2026-08-11_11h42.40.746	TSRlearn_main-blocks		2025.1.1	59.91769708027705	2026-08-11 11h42.45.818512 +0200	
stimuli/hand/hand_46.jpg	stimuli/flower/flower_18.jpg	stimuli/jacket/jacket_08.jpg	stimuli/pencil/pencil_01.jpg	right	center	left	right	5	5	0																		sequences/learning_block1_fixed-middle-10_0{participant_ID}.xlsx	sequences/retrieval_block1_fixed-middle-10_0{participant_ID}.xlsx	6	1.0	A	2	6	hand	flower	jacket	pencil	0.64	0.47	7	guitar	1	stimuli/guitar/guitar_01.jpg	lamp	1	stimuli/lamp/lamp_01.jpg	key	1	stimuli/key/key_01.jpg	pencil	1	stimuli/pencil/pencil_01.jpg	8	6	10	16	None																													0	0	0	0	1	0	1	0	0	5	5	5					415.11644040001556																																																																																																																																																																																																																										415.06572439998854	415.11644040001556	415.11644040001556	415.11644040001556	415.11644040001556	415.11644040001556	415.11644040001556	415.11644040001556	0.13547029998153448	419.947037099977	None			420.076993900002	420.11675789998844	420.11675789998844	420.11675789998844	420.11675789998844	420.11675789998844	420.11675789998844	421.1291353999404	421.1379862999311	421.6442508000182																																																																																421.15942339994945	421.15942339994945	421.9157850999618	421.9157850999618						2	2026-08-11_11h42.40.746	TSRlearn_main-blocks		2025.1.1	59.91769708027705	2026-08-11 11h42.45.818512 +0200	
stimuli/flower/flower_18.jpg	stimuli/bread/bread_05.jpg	stimuli/dog/dog_41.jpg	stimuli/key/key_01.jpg	center	right	left	center	6	6	0																		sequences/learning_block1_fixed-middle-10_0{participant_ID}.xlsx	sequences/retrieval_block1_fixed-middle-10_0{participant_ID}.xlsx	6	1.0	A	2	7	flower	bread	dog	key	0.8	0.58	8	guitar	1	stimuli/guitar/guitar_01.jpg	lamp	1	stimuli/lamp/lamp_01.jpg	key	1	stimuli/key/key_01.jpg	pencil	1	stimuli/pencil/pencil_01.jpg	6	3	5	15	None																													0	0	0	0	1	0	1	0	0	6	6	6					421.9157850999618																																																																																																																																																																																																																										421.8405284000328	421.9157850999618	421.9157850999618	421.9157850999618	421.9157850999618	421.9157850999618	421.9157850999618	421.9157850999618	0.1963114000391215	426.6617005999433	None			426.88118140003644	426.9277249999577	426.9277249999577	426.9277249999577	426.9277249999577	426.9277249999577	426.9277249999577	427.910838300013	427.9207543999655	428.4427812999347																																																																																427.9426526000025	427.9426526000025	428.62764399999287	428.62764399999287						2	2026-08-11_11h42.40.746	TSRlearn_main-blocks		2025.1.1	59.91769708027705	2026-08-11 11h42.45.818512 +0200	
stimuli/bread/bread_05.jpg	stimuli/dog/dog_41.jpg	stimuli/ball/ball_01.jpg	stimuli/pencil/pencil_01.jpg	left	center	right	left	7	7	0																		sequences/learning_block1_fixed-middle-10_0{participant_ID}.xlsx	sequences/retrieval_block1_fixed-middle-10_0{participant_ID}.xlsx	6	1.0	A	2	8	bread	dog	ball	pencil	0.69	0.58	9	guitar	1	stimuli/guitar/guitar_01.jpg	lamp	1	stimuli/lamp/lamp_01.jpg	key	1	stimuli/key/key_01.jpg	pencil	1	stimuli/pencil/pencil_01.jpg	3	5	1	16	None																													0	0	0	0	1	0	1	0	0	7	7	7					428.62764399999287																																																																																																																																																																																																																										428.5683854999952	428.62764399999287	428.62764399999287	428.62764399999287	428.62764399999287	428.62764399999287	428.62764399999287	428.62764399999287	0.12562149995937943	433.46023389999755	None			433.5822612999473	433.609878999996	433.609878999996	433.609878999996	433.609878999996	433.609878999996	433.609878999996	434.5909460999537	434.5992404000135	435.10734899993986																																																																																434.60591569996905	434.60591569996905	435.29257219994906	435.29257219994906						2	2026-08-11_11h42.40.746	TSRlearn_main-blocks		2025.1.1	59.91769708027705	2026-08-11 11h42.45.818512 +0200	
stimuli/dog/dog_41.jpg	stimuli/bicycle/bicycle_20.jpg	stimuli/pencil/pencil_01.jpg	stimuli/flower/flower_18.jpg	center	left	right	center	8	8	0																		sequences/learning_block1_fixed-middle-10_0{participant_ID}.xlsx	sequences/retrieval_block1_fixed-middle-10_0{participant_ID}.xlsx	6	1.0	A	2	9	dog	bicycle	pencil	flower	0.64	0.2	10	guitar	1	stimuli/guitar/guitar_01.jpg	lamp	1	stimuli/lamp/lamp_01.jpg	key	1	stimuli/key/key_01.jpg	pencil	1	stimuli/pencil/pencil_01.jpg	5	2	16	6	None																													0	0	0	0	1	0	1	0	0	8	8	8					435.29257219994906																																																																																																																																																																																																																										435.24091099994257	435.29257219994906	435.29257219994906	435.29257219994906	435.29257219994906	435.29257219994906	435.29257219994906	435.29257219994906	0.1335959000280127	440.1283929999918	None			440.2653934999835	440.31290729995817	440.31290729995817	440.31290729995817	440.31290729995817	440.31290729995817	440.31290729995817	441.31395799992606	441.324898699997	441.83809670002665																																																																																441.33779449993744	441.33779449993744	442.02089669997804	442.02089669997804						2	2026-08-11_11h42.40.746	TSRlearn_main-blocks		2025.1.1	59.91769708027705	2026-08-11 11h42.45.818512 +0200	
stimuli/bicycle/bicycle_20.jpg	stimuli/jacket/jacket_08.jpg	stimuli/chair/chair_23.jpg	stimuli/bread/bread_05.jpg	right	left	center	right	9	9	0																		sequences/learning_block1_fixed-middle-10_0{participant_ID}.xlsx	sequences/retrieval_block1_fixed-middle-10_0{participant_ID}.xlsx	6	1.0	A	2	10	bicycle	jacket	chair	bread	0.4	0.2	11	guitar	1	stimuli/guitar/guitar_01.jpg	lamp	1	stimuli/lamp/lamp_01.jpg	key	1	stimuli/key/key_01.jpg	pencil	1	stimuli/pencil/pencil_01.jpg	2	10	4	3	None																													0	0	0	0	1	0	1	0	0	9	9	9					442.02089669997804																																																																																																																																																																																																																										441.9603990999749	442.02089669997804	442.02089669997804	442.02089669997804	442.02089669997804	442.02089669997804	442.02089669997804	442.02089669997804	0.12233189994003624	446.8590657999739	None			446.9822821000125	447.01662639994174	447.01662639994174	447.01662639994174	447.01662639994174	447.01662639994174	447.01662639994174	448.0035388999386	448.0128142000176	448.520165599999																																																																																448.0346547999652	448.0346547999652	448.98384400003124	448.98384400003124						2	2026-08-11_11h42.40.746	TSRlearn_main-blocks		2025.1.1	59.91769708027705	2026-08-11 11h42.45.818512 +0200	
stimuli/jacket/jacket_08.jpg	stimuli/ball/ball_01.jpg	stimuli/key/key_01.jpg	stimuli/lamp/lamp_01.jpg	right	center	left	right	10	10	0																		sequences/learning_block1_fixed-middle-10_0{participant_ID}.xlsx	sequences/retrieval_block1_fixed-middle-10_0{participant_ID}.xlsx	6	1.0	A	2	11	jacket	ball	key	lamp	0.8	0.67	12	guitar	1	stimuli/guitar/guitar_01.jpg	lamp	1	stimuli/lamp/lamp_01.jpg	key	1	stimuli/key/key_01.jpg	pencil	1	stimuli/pencil/pencil_01.jpg	10	1	15	14	None																													0	0	0	0	1	0	1	0	0	10	10	10					448.98384400003124																																																																																																																																																																																																																										448.77424069994595	448.98384400003124	448.98384400003124	448.98384400003124	448.98384400003124	448.98384400003124	448.98384400003124	448.98384400003124	0.25411500001791865	453.537890000036	None			453.74708759994246	453.82387349999044	453.82387349999044	453.82387349999044	453.82387349999044	453.82387349999044	453.82387349999044	454.8191395000322	454.82871399994474	455.3510048999451																																																																																454.8508199999342	454.8508199999342	455.62539749999996	455.62539749999996						2	2026-08-11_11h42.40.746	TSRlearn_main-blocks		2025.1.1	59.91769708027705	2026-08-11 11h42.45.818512 +0200	
stimuli/ball/ball_01.jpg	stimuli/key/key_01.jpg	stimuli/lamp/lamp_01.jpg	stimuli/dog/dog_41.jpg	left	center	right	left	11	11	0																		sequences/learning_block1_fixed-middle-10_0{participant_ID}.xlsx	sequences/retrieval_block1_fixed-middle-10_0{participant_ID}.xlsx	6	1.0	A	2	12	ball	key	lamp	dog	0.73	0.27	13	guitar	1	stimuli/guitar/guitar_01.jpg	lamp	1	stimuli/lamp/lamp_01.jpg	key	1	stimuli/key/key_01.jpg	pencil	1	stimuli/pencil/pencil_01.jpg	1	15	14	5	None																													0	0	0	0	1	0	1	0	0	11	11	11					455.62539749999996																																																																																																																																																																																																																										455.55993789993227	455.62539749999996	455.62539749999996	455.62539749999996	455.62539749999996	455.62539749999996	455.62539749999996	455.62539749999996	0.20894449995830655	460.3671233999776	None			460.5409573999932	460.60710709996056	460.60710709996056	460.60710709996056	460.60710709996056	460.60710709996056	460.60710709996056	461.5990985999815	461.60790039994754	462.1152726999717																																																																																461.61431189998984	461.61431189998984	462.3269173000008	462.3269173000008						2	2026-08-11_11h42.40.746	TSRlearn_main-blocks		2025.1.1	59.91769708027705	2026-08-11 11h42.45.818512 +0200	
stimuli/key/key_01.jpg	stimuli/pencil/pencil_01.jpg	stimuli/house/house_01.jpg	stimuli/bread/bread_05.jpg	right	left	center	right	12	12	0																		sequences/learning_block1_fixed-middle-10_0{participant_ID}.xlsx	sequences/retrieval_block1_fixed-middle-10_0{participant_ID}.xlsx	6	1.0	A	2	13	key	pencil	house	bread	0.67	0.4	14	guitar	1	stimuli/guitar/guitar_01.jpg	lamp	1	stimuli/lamp/lamp_01.jpg	key	1	stimuli/key/key_01.jpg	pencil	1	stimuli/pencil/pencil_01.jpg	15	16	9	3	None																													0	0	0	0	1	0	1	0	0	12	12	12					462.3269173000008																																																																																																																																																																																																																										462.2537945000222	462.3269173000008	462.3269173000008	462.3269173000008	462.3269173000008	462.3269173000008	462.3269173000008	462.3269173000008	0.13854559999890625	467.13344110001344	None			467.2694835999282	467.3124723000219	467.3124723000219	467.3124723000219	467.3124723000219	467.3124723000219	467.3124723000219	468.29762880003545	468.30750899994746	468.82957529998384																																																																																468.32914739998523	468.32914739998523	468.8435863000341	468.8435863000341						2	2026-08-11_11h42.40.746	TSRlearn_main-blocks		2025.1.1	59.91769708027705	2026-08-11 11h42.45.818512 +0200	
								0	0	0				1	stimuli/house/house_01.jpg	stimuli/flower/flower_18.jpg	None	no	yes	right	right	3	1.2	0.2		0.44	1.78	sequences/learning_block1_fixed-middle-10_0{participant_ID}.xlsx	sequences/retrieval_block1_fixed-middle-10_0{participant_ID}.xlsx	6	block1	A	2																												0	0	1	2	A	9	6	None	None	None																	0	0	0	0	1	0	1	0					0	0	0	0	475.0111906999955																																																																																																																																																																																																																																																	468.8378315999871	468.8435863000341	473.85871749999933	473.8444469999522	473.84458809997886	473.85871749999933	473.85871749999933	474.84347770002205	None	474.84358839993365	474.84362539998256	474.9905402000295	475.0111906999955	475.4775886000134	475.4434710999485	475.4595532999374	475.4775886000134	476.4914293999318	476.477728900034	476.4777769999346	476.4914293999318	476.7267386999447	476.76663209998515	476.78084369993303	477.7909234999679	477.7769583000336	477.77699379995465	477.7909234999679	478.0272267999826	478.0272910000058	478.04046469996683	479.8564841999905	479.8109262000071	479.82766800001264	479.8564841999905	479.8564841999905	479.8564841999905	479.8564841999905	479.8564841999905	482.8262574999826	None	482.82834919996094	482.83882790000644	483.3553538999986	483.3247845999431	483.32758979999926	483.3553538999986	483.3553538999986	483.3553538999986	483.3553538999986	483.3553538999986	483.83850810001604	486.8273554999614	None			486.8304064000258	487.3238103999756	476.78084369993303							486.37123459996656	486.37123459996656	486.37123459996656	486.37123459996656	486.37123459996656	486.8376295999624	486.8376295999624	487.33794150000904											475.0111906999955	475.0111906999955				2	2026-08-11_11h42.40.746	TSRlearn_main-blocks		2025.1.1	59.91769708027705	2026-08-11 11h42.45.818512 +0200	
								1	1	0				1	stimuli/dog/dog_41.jpg	stimuli/chair/chair_23.jpg	None	no	yes	left	left	4	1.2	0.2		0.38	2.12	sequences/learning_block1_fixed-middle-10_0{participant_ID}.xlsx	sequences/retrieval_block1_fixed-middle-10_0{participant_ID}.xlsx	6	block1	A	2																												0	1	0	2	A	5	4	None	None	None																	0	0	0	0	1	0	1	0					0	1	1	1	487.33794150000904																																																																																																																																																																																																																																																												487.32440379995387	487.33794150000904	487.7782380999997	487.70624540001154	487.7540937999729	487.7782380999997	488.78707870002836	488.77380239998456	488.7738480999833	488.78707870002836	489.0225254999241	489.0358078000136	489.05634110001847	490.07026159996167	490.05568500002846	490.0557299000211	490.07026159996167	490.3059182999423	490.3059797999449	490.31994189997204	492.48912559996825	492.43817360000685	492.4658061999362	492.48912559996825	492.48912559996825	492.48912559996825	492.48912559996825	492.48912559996825	495.47149599995464	None	495.47365349996835	495.485132599948	496.018074600026	495.970435300027	495.9733470999636	496.018074600026	496.018074600026	496.018074600026	496.018074600026	496.018074600026	496.48478549998254	499.48859620001167	None			499.4915309000062	499.98585119994823	489.05634110001847							499.0172137999907	499.0172137999907	499.0172137999907	499.0172137999907	499.0172137999907	499.5004173000343	499.5004173000343	500.00039749999996																2	2026-08-11_11h42.40.746	TSRlearn_main-blocks		2025.1.1	59.91769708027705	2026-08-11 11h42.45.818512 +0200	
								2	2	0				1	stimuli/hammer/hammer_28.jpg	stimuli/bread/bread_05.jpg	None	no	yes	right	right	5	1.2	0.2		0.42	2.21	sequences/learning_block1_fixed-middle-10_0{participant_ID}.xlsx	sequences/retrieval_block1_fixed-middle-10_0{participant_ID}.xlsx	6	block1	A	2																												0	2	1	2	A	7	3	None	None	None																	0	0	0	0	1	0	1	0					0	2	2	2	500.00039749999996																																																																																																																																																																																																																																																												499.98620639997534	500.00039749999996	500.4706622000085	500.4186991000315	500.4559305999428	500.4706622000085	501.48323909996543	501.46882309997454	501.4688678999664	501.48323909996543	501.7182068999391	501.74400179996155	501.7522033000132	502.7662442999426	502.7518462999724	502.75188310001977	502.7662442999426	503.0019540999783	503.00201459997334	503.01625230000354	505.2682870000135	505.2172698000213	505.2440087000141	505.2682870000135	505.2682870000135	505.2682870000135	505.2682870000135	505.2682870000135	508.25374880002346	None	508.25691019999795	508.264858199982	508.7970765000209	508.7544308999786	508.75757459993474	508.7970765000209	508.7970765000209	508.7970765000209	508.7970765000209	508.7970765000209	509.2640801999951	512.2660479999613	None			512.2678522999631	512.7647603999358	501.7522033000132							511.7966921000043	511.7966921000043	511.7966921000043	511.7966921000043	511.7966921000043	512.2793410000158	512.2793410000158	512.7794236999471																2	2026-08-11_11h42.40.746	TSRlearn_main-blocks		2025.1.1	59.91769708027705	2026-08-11 11h42.45.818512 +0200	
								3	3	0				1	stimuli/ball/ball_01.jpg	stimuli/bicycle/bicycle_20.jpg	None	yes	no	right	right	2	1.2	0.2		0.69	1.98	sequences/learning_block1_fixed-middle-10_0{participant_ID}.xlsx	sequences/retrieval_block1_fixed-middle-10_0{participant_ID}.xlsx	6	block1	A	2																												0	3	0	2	A	1	2	None	None	None																	0	0	0	0	1	0	1	0					0	3	3	3	512.7794236999471																																																																																																																																																																																																																																																												512.7651048999978	512.7794236999471	513.5014599999413	513.4640065999702	513.4775259000016	513.5014599999413	514.5122805000283	514.5011242999462	514.5011731999693	514.5122805000283	514.7481294999598	514.761494699982	514.7821272999281	515.7955215999391	515.7812217000173	515.7812651999993	515.7955215999391	516.0300238999771	516.0300489999354	516.044846200035	518.0610629000003	518.0139467000263	518.0270097999601	518.0610629000003	518.0610629000003	518.0610629000003	518.0610629000003	518.0610629000003	521.031524799997	None	521.0347066000104	521.0438770999899	521.5847681999439	521.5329276999692	521.5359221999533	521.5847681999439	521.5847681999439	521.5847681999439	521.5847681999439	521.5847681999439	522.0301810000092	525.0305367999244	None			525.033534499933	525.5305756999878	514.7821272999281	516.044846200035						524.5925645999378	524.5925645999378	524.5925645999378	524.5925645999378	524.5925645999378	525.042146599968	525.042146599968	525.5423708999297																2	2026-08-11_11h42.40.746	TSRlearn_main-blocks		2025.1.1	59.91769708027705	2026-08-11 11h42.45.818512 +0200	
								4	4	0				1	stimuli/flower/flower_18.jpg	stimuli/jacket/jacket_08.jpg	None	no	yes	right	right	4	1.2	0.2		0.45	1.95	sequences/learning_block1_fixed-middle-10_0{participant_ID}.xlsx	sequences/retrieval_block1_fixed-middle-10_0{participant_ID}.xlsx	6	block1	A	2																												1	4	1	2	A	6	10	None	None	None																	0	0	0	0	1	0	1	0					0	4	4	4	525.5423708999297																																																																																																																																																																																																																																																												525.5309412999777	525.5423708999297	526.0113962999312	525.9777101000072	526.0045370999724	526.0113962999312	527.0253656000132	527.011167199933	527.0112039999804	527.0253656000132	527.2608829999808	527.2911920000333	527.3108163999859	528.3249597999966	528.311608799966	528.3116590999998	528.3249597999966	528.5608870999422	528.5609253000002	528.5745746999746	530.5572279000189	530.5133920999942	530.5338009999832	530.5572279000189	530.5572279000189	530.5572279000189	530.5572279000189	530.5572279000189	533.5442603999982	None	533.5468253999716	533.5562515000347	534.0735045999754	534.0425964000169	534.0456708000274	534.0735045999754	534.0735045999754	534.0735045999754	534.0735045999754	534.0735045999754	534.556225999957	537.558871999965	None			537.5609210999683	538.0587551000062	527.3108163999859	528.5745746999746			533.5562515000347	533.5562515000347	533.5562515000347	537.0718574000057	537.0718574000057	537.0718574000057	537.0718574000057	537.0718574000057	537.5713355999906	537.5713355999906	538.0714210999431																2	2026-08-11_11h42.40.746	TSRlearn_main-blocks		2025.1.1	59.91769708027705	2026-08-11 11h42.45.818512 +0200	
								5	5	0				1	stimuli/house/house_01.jpg	stimuli/hand/hand_46.jpg	None	yes	no	left	left	2	1.2	0.2		0.26	1.83	sequences/learning_block1_fixed-middle-10_0{participant_ID}.xlsx	sequences/retrieval_block1_fixed-middle-10_0{participant_ID}.xlsx	6	block1	A	2																												1	5	1	2	A	9	8	None	None	None																	0	0	0	0	1	0	1	0					0	5	5	5	538.0714210999431																																																																																																																																																																																																																																																												538.0595061000204	538.0714210999431	538.3587977000279	538.3274804999819	538.3474032999948	538.3587977000279	539.3745445000241	539.3614980999846	539.3615541999461	539.3745445000241	539.6231878999388	539.6747130999574	539.7106728999643	540.7208980999421	540.7072845000075	540.7073361999355	540.7208980999421	540.9555570000084	540.9555906000314	540.9707262000302	542.8364200999495	542.7920999999624	542.8068009000272	542.8364200999495	542.8364200999495	542.8364200999495	542.8364200999495	542.8364200999495	545.8064627000131	None	545.8085045999615	545.8207784999395	546.351796300034	546.3210442999844	546.3234367999248	546.351796300034	546.351796300034	546.351796300034	546.351796300034	546.351796300034	546.835362499929	549.8247075999388	None			549.8274708000245	550.3375732999993		540.9707262000302						549.3512535999762	549.3512535999762	549.3512535999762	549.3512535999762	549.3512535999762	549.8353243999882	549.8353243999882	550.3538347999565																2	2026-08-11_11h42.40.746	TSRlearn_main-blocks		2025.1.1	59.91769708027705	2026-08-11 11h42.45.818512 +0200	
								6	6	0				1	stimuli/ball/ball_01.jpg	stimuli/dog/dog_41.jpg	None	no	yes	left	left	3	1.2	0.2		0.65	2.09	sequences/learning_block1_fixed-middle-10_0{participant_ID}.xlsx	sequences/retrieval_block1_fixed-middle-10_0{participant_ID}.xlsx	6	block1	A	2																												1	6	0	2	A	1	5	None	None	None																	0	0	0	0	1	0	1	0					0	6	6	6	550.3538347999565																																																																																																																																																																																																																																																												550.3382254999597	550.3538347999565	551.0204611000372	550.9899941999465	551.0065736999968	551.0204611000372	552.0169117000187	552.0055631999858	552.0055973000126	552.0169117000187	552.2527709000278	552.3018922000192	552.3210397999501	553.332969399984	553.3187918999465	553.3188257999718	553.332969399984	553.5689074000111	553.5689478999702	553.583296900033	555.7159242000198	555.6685654999455	555.6910802000202	555.7159242000198	555.7159242000198	555.7159242000198	555.7159242000198	555.7159242000198	558.7010744999861	None	558.7029009999242	558.7146638999693	559.2312497999519	559.1996467999415	559.2016555999871	559.2312497999519	559.2312497999519	559.2312497999519	559.2312497999519	559.2312497999519	559.6981315999292	562.6847175000003	None			562.6867124999408	563.1826401000144	552.3210397999501							562.2317377999425	562.2317377999425	562.2317377999425	562.2317377999425	562.2317377999425	562.6971684999298	562.6971684999298	563.1968544999836																2	2026-08-11_11h42.40.746	TSRlearn_main-blocks		2025.1.1	59.91769708027705	2026-08-11 11h42.45.818512 +0200	
								7	7	0				1	stimuli/bicycle/bicycle_20.jpg	stimuli/chair/chair_23.jpg	None	yes	no	right	right	5	1.2	0.2		0.59	2.2	sequences/learning_block1_fixed-middle-10_0{participant_ID}.xlsx	sequences/retrieval_block1_fixed-middle-10_0{participant_ID}.xlsx	6	block1	A	2																												1	7	0	2	A	2	4	None	None	None																	0	0	0	0	1	0	1	0					0	7	7	7	563.1968544999836																																																																																																																																																																																																																																																												563.1829991999548	563.1968544999836	563.8167717999313	563.7849737999495	563.8006485999795	563.8167717999313	564.8305617999285	564.8158536999254	564.8158874999499	564.8305617999285	565.0652360999957	565.0808680999326	565.1008694999618	566.1123502999544	566.0980309000006	566.098063500016	566.1123502999544	566.3485411999281	566.348605099949	566.3652734999778	568.611943099997	568.5652129999362	568.586996100028	568.611943099997	568.611943099997	568.611943099997	568.611943099997	568.611943099997	571.5974453999661	None	571.5995265999809	571.6109637999907	572.143699200009	572.0965833000373	572.0993809000356	572.143699200009	572.143699200009	572.143699200009	572.143699200009	572.143699200009	572.6108246999793	575.6147118000081	None			575.6167898999993	576.1120709000388	565.1008694999618							575.143065799959	575.143065799959	575.143065799959	575.143065799959	575.143065799959	575.6269220999675	575.6269220999675	576.12603699998																2	2026-08-11_11h42.40.746	TSRlearn_main-blocks		2025.1.1	59.91769708027705	2026-08-11 11h42.45.818512 +0200	
								8	8	0				1	stimuli/house/house_01.jpg	stimuli/bread/bread_05.jpg	None	yes	no	left	left	4	1.2	0.2		0.39	2.01	sequences/learning_block1_fixed-middle-10_0{participant_ID}.xlsx	sequences/retrieval_block1_fixed-middle-10_0{participant_ID}.xlsx	6	block1	A	2																												2	8	1	2	A	9	3	None	None	None																	0	0	0	0	1	0	1	0					0	8	8	8	576.12603699998																																																																																																																																																																																																																																																												576.1124827000313	576.12603699998	576.5456396000227	576.5122714999598	576.527195099974	576.5456396000227	577.559047000017	577.5444965999341	577.5445399000309	577.559047000017	577.79416759999	577.8227738999994	577.8450137999607	578.8589054000331	578.8451254999964	578.8451773999259	578.8589054000331	579.0943920999998	579.0944187999703	579.1087571999524	581.1576008999255	581.1108577999985	581.1351732999319	581.1576008999255	581.1576008999255	581.1576008999255	581.1576008999255	581.1576008999255	584.1452877999982	None	584.1483239999507	584.1571677000029	584.6730627999641	584.641789700021	584.643809900037	584.6730627999641	584.6730627999641	584.6730627999641	584.6730627999641	584.6730627999641	585.1570452000014	588.1485207999358	None			588.1514275999507	588.6411304000067	577.8450137999607	579.1087571999524			584.1571677000029	584.1571677000029	584.1571677000029	587.6723438999616	587.6723438999616	587.6723438999616	587.6723438999616	587.6723438999616	588.1558430999285	588.1558430999285	588.6551779999863																2	2026-08-11_11h42.40.746	TSRlearn_main-blocks		2025.1.1	59.91769708027705	2026-08-11 11h42.45.818512 +0200	
								9	9	0				1	stimuli/hand/hand_46.jpg	stimuli/jacket/jacket_08.jpg	None	yes	no	left	left	5	1.2	0.2		0.47	1.86	sequences/learning_block1_fixed-middle-10_0{participant_ID}.xlsx	sequences/retrieval_block1_fixed-middle-10_0{participant_ID}.xlsx	6	block1	A	2																												2	9	1	2	A	8	10	None	None	None																	0	0	0	0	1	0	1	0					0	9	9	9	588.6551779999863																																																																																																																																																																																																																																																												588.6414999000262	588.6551779999863	589.1955916000297	589.1244437999558	589.1688204000238	589.1955916000297	590.2045476000058	590.1904961999971	590.1905404999852	590.2045476000058	590.4404230000218	590.4694869000232	590.4910601000302	591.5049880000297	591.4913499000249	591.4913986999309	591.5049880000297	591.741098199971	591.7411357000237	591.7547696999973	593.6535263999831	593.6059072000207	593.6233857999323	593.6535263999831	593.6535263999831	593.6535263999831	593.6535263999831	593.6535263999831	596.6259710999439	None	596.6292577999411	596.6365506999427	597.1532569000265	597.1212763999356	597.123477099929	597.1532569000265	597.1532569000265	597.1532569000265	597.1532569000265	597.1532569000265	597.6393347999547	600.63972560002	None			600.6423990000039	601.1372364999261	590.4910601000302	591.7547696999973						600.1689381999895	600.1689381999895	600.1689381999895	600.1689381999895	600.1689381999895	600.6519866000162	600.6519866000162	601.151446599979																2	2026-08-11_11h42.40.746	TSRlearn_main-blocks		2025.1.1	59.91769708027705	2026-08-11 11h42.45.818512 +0200	
								10	10	0				1	stimuli/chair/chair_23.jpg	stimuli/hammer/hammer_28.jpg	None	yes	no	right	right	2	1.2	0.2		0.67	2.07	sequences/learning_block1_fixed-middle-10_0{participant_ID}.xlsx	sequences/retrieval_block1_fixed-middle-10_0{participant_ID}.xlsx	6	block1	A	2																												2	10	0	2	A	4	7	None	None	None																	0	0	0	0	1	0	1	0					0	10	10	10	601.151446599979																																																																																																																																																																																																																																																												601.1376036999281	601.151446599979	601.8559368000133	601.8198637999594	601.8353064999683	601.8559368000133	602.8677706000162	602.8532605000073	602.8533043999923	602.8677706000162	603.1033313999651	603.1479793000035	603.1744422999909	604.1839450999396	604.1694874999812	604.1695238000248	604.1839450999396	604.4195741999429	604.4196342999348	604.4337741000345	606.5495922999689	606.5018626999808	606.5291527999798	606.5495922999689	606.5495922999689	606.5495922999689	606.5495922999689	606.5495922999689	609.5395644999808	None	609.5428015999496	609.5494380999589	610.0651976999361	610.0356876000296	610.0398121000035	610.0651976999361	610.0651976999361	610.0651976999361	610.0651976999361	610.0651976999361	610.5491894999286	613.5517267000396	None			613.5536443999736	614.050180100021					609.5494380999589	609.5494380999589	609.5494380999589	613.0650403000182	613.0650403000182	613.0650403000182	613.0650403000182	613.0650403000182	613.5654392000288	613.5654392000288	614.0650748999324																2	2026-08-11_11h42.40.746	TSRlearn_main-blocks		2025.1.1	59.91769708027705	2026-08-11 11h42.45.818512 +0200	
								11	11	0				1	stimuli/flower/flower_18.jpg	stimuli/bicycle/bicycle_20.jpg	None	no	yes	right	right	3	1.2	0.2		0.46	2.14	sequences/learning_block1_fixed-middle-10_0{participant_ID}.xlsx	sequences/retrieval_block1_fixed-middle-10_0{participant_ID}.xlsx	6	block1	A	2																												2	11	1	2	A	6	2	None	None	None																	0	0	0	0	1	0	1	0					0	11	11	11	614.0650748999324																																																																																																																																																																																																																																																												614.0505236999597	614.0650748999324	614.5671436999692	614.5170249999501	614.548915399937	614.5671436999692	615.5820639999583	615.5668603000231	615.5668938999297	615.5820639999583	615.821280999924	615.8370825999882	615.8538743000245	616.8638059999794	616.8510964999441	616.8511497	616.8638059999794	617.1001588000217	617.1001945999451	617.1134558999911	619.2961731000105	619.2493523999583	619.2632792999502	619.2961731000105	619.2961731000105	619.2961731000105	619.2961731000105	619.2961731000105	622.2702174999285	None	622.2732509999769	622.2824948999332	622.8139917999506	622.7824110999936	622.7862127999542	622.8139917999506	622.8139917999506	622.8139917999506	622.8139917999506	622.8139917999506	623.2826825999655	626.2819232000038	None			626.2845495999791	626.7845125999302		617.1134558999911						625.8273223999422	625.8273223999422	625.8273223999422	625.8273223999422	625.8273223999422	626.2940237999428	626.2940237999428	626.7958059000084																2	2026-08-11_11h42.40.746	TSRlearn_main-blocks		2025.1.1	59.91769708027705	2026-08-11 11h42.45.818512 +0200	
								12	12	0				1	stimuli/house/house_01.jpg	stimuli/dog/dog_41.jpg	None	no	yes	right	right	5	1.2	0.2		0.33	2	sequences/learning_block1_fixed-middle-10_0{participant_ID}.xlsx	sequences/retrieval_block1_fixed-middle-10_0{participant_ID}.xlsx	6	block1	A	2																												3	12	1	2	A	9	5	None	None	None																	0	0	0	0	1	0	1	0					0	12	12	12	626.7958059000084																																																																																																																																																																																																																																																												626.7852039999561	626.7958059000084	627.1464543000329	627.1160923999269	627.1319158999249	627.1464543000329	628.1464239000343	628.1326926000183	628.1327420999296	628.1464239000343	628.3842856999254	628.4336464999942	628.4555904000299	629.4594202999724	629.446038999944	629.4460967000341	629.4594202999724	629.6947431999724	629.6947775000008	629.7092503999593	631.7250110999448	631.6950829999987	631.7088284000056	631.7250110999448	631.7250110999448	631.7250110999448	631.7250110999448	631.7250110999448	634.7128042000113	None	634.7156683999347	634.725075299968	635.2407789999852	635.2107648999663	635.2138190999394	635.2407789999852	635.2407789999852	635.2407789999852	635.2407789999852	635.2407789999852	635.724173399969	638.7117876999546	None			638.7146773999557	639.2090199999511		629.7092503999593			634.725075299968	634.725075299968	634.725075299968	638.240168999997	638.240168999997	638.240168999997	638.240168999997	638.240168999997	638.72362840001	638.72362840001	639.2230763999978																2	2026-08-11_11h42.40.746	TSRlearn_main-blocks		2025.1.1	59.91769708027705	2026-08-11 11h42.45.818512 +0200	
								13	13	0				1	stimuli/hand/hand_46.jpg	stimuli/hammer/hammer_28.jpg	None	no	yes	left	left	3	1.2	0.2		0.3	1.94	sequences/learning_block1_fixed-middle-10_0{participant_ID}.xlsx	sequences/retrieval_block1_fixed-middle-10_0{participant_ID}.xlsx	6	block1	A	2																												3	13	0	2	A	8	7	None	None	None																	0	0	0	0	1	0	1	0					0	13	13	13	639.2230763999978																																																																																																																																																																																																																																																												639.2093759999843	639.2230763999978	639.5801402999787	639.5098297999939	639.5587745000375	639.5801402999787	640.5891347000143	640.574937599944	640.5749812999275	640.5891347000143	640.8249395999592	640.8635421999497	640.8764576999238	641.8892630999908	641.8748046000255	641.8748396999435	641.8892630999908	642.1251678999979	642.12522669998	642.1390774999745	644.104447199963	644.0742053999566	644.088080400019	644.104447199963	644.104447199963	644.104447199963	644.104447199963	644.104447199963	647.0925725999987	None	647.0955733000301	647.1041283999803	647.6202229999471	647.589283999987	647.5920332999667	647.6202229999471	647.6202229999471	647.6202229999471	647.6202229999471	647.6202229999471	648.1038016999373	651.1070059000049	None			651.1095936000347	651.6043987999437	640.8764576999238				647.1041283999803	647.1041283999803	647.1041283999803	650.6198767999886	650.6198767999886	650.6198767999886	650.6198767999886	650.6198767999886	651.1197832999751	651.1197832999751	651.619168199948																2	2026-08-11_11h42.40.746	TSRlearn_main-blocks		2025.1.1	59.91769708027705	2026-08-11 11h42.45.818512 +0200	
								14	14	0				1	stimuli/chair/chair_23.jpg	stimuli/flower/flower_18.jpg	None	yes	no	left	left	2	1.2	0.2		0.72	2.22	sequences/learning_block1_fixed-middle-10_0{participant_ID}.xlsx	sequences/retrieval_block1_fixed-middle-10_0{participant_ID}.xlsx	6	block1	A	2																												3	14	1	2	A	4	6	None	None	None																	0	0	0	0	1	0	1	0					0	14	14	14	651.619168199948																																																																																																																																																																																																																																																												651.604919699952	651.619168199948	652.3735951000126	652.337655399926	652.3503908999264	652.3735951000126	653.3852350999368	653.3710939999437	653.3711389999371	653.3852350999368	653.6211822000332	653.6477823000168	653.6567432000302	654.6680116000352	654.653606900014	654.6536504999967	654.6680116000352	654.9045952999732	654.904677500017	654.9185516999569	657.1668238999555	657.1365007000277	657.150795500027	657.1668238999555	657.1668238999555	657.1668238999555	657.1668238999555	657.1668238999555	660.1552616999252	None	660.1579217999242	660.1667432999238	660.682853300008	660.6513714999892	660.6534669999965	660.682853300008	660.682853300008	660.682853300008	660.682853300008	660.682853300008	661.1660421999404	664.1532156999456	None			664.1554326999467	664.6508154999465	653.6567432000302				660.1667432999238	660.1667432999238	660.1667432999238	663.6822088999907	663.6822088999907	663.6822088999907	663.6822088999907	663.6822088999907	664.1655653000344	664.1655653000344	664.6649697999237																2	2026-08-11_11h42.40.746	TSRlearn_main-blocks		2025.1.1	59.91769708027705	2026-08-11 11h42.45.818512 +0200	
								15	15	0				1	stimuli/ball/ball_01.jpg	stimuli/bread/bread_05.jpg	None	yes	no	right	right	4	1.2	0.2		0.46	1.81	sequences/learning_block1_fixed-middle-10_0{participant_ID}.xlsx	sequences/retrieval_block1_fixed-middle-10_0{participant_ID}.xlsx	6	block1	A	2																												3	15	0	2	A	1	3	None	None	None																	0	0	0	0	1	0	1	0					0	15	15	15	664.6649697999237																																																																																																																																																																																																																																																												664.651367799961	664.6649697999237	665.1511938000331	665.11737490003	665.1304096999811	665.1511938000331	666.165005399962	666.150503700017	666.1505484000081	666.165005399962	666.4006871000165	666.4275653000223	666.4506430999609	667.4644286999246	667.4497803000268	667.4498224999988	667.4644286999246	667.6998985999962	667.6999338000314	667.7142599000363	669.5465621999465	669.516105699935	669.5296925000148	669.5465621999465	669.5465621999465	669.5465621999465	669.5465621999465	669.5465621999465	672.5343352999771	None	672.5369663999882	672.5465833999915	673.0621857999358	673.0316362000303	673.03452440002	673.0621857999358	673.0621857999358	673.0621857999358	673.0621857999358	673.0621857999358	673.5458696000278	676.533386999974	None			676.5358133999398	677.0303246999392		667.7142599000363			672.5465833999915	672.5465833999915	672.5465833999915	676.0615984000033	676.0615984000033	676.0615984000033	676.0615984000033	676.0615984000033	676.5450870000059	676.5450870000059	677.0446015000343																2	2026-08-11_11h42.40.746	TSRlearn_main-blocks		2025.1.1	59.91769708027705	2026-08-11 11h42.45.818512 +0200	
								16	16	0				1	stimuli/dog/dog_41.jpg	stimuli/jacket/jacket_08.jpg	None	yes	no	left	left	2	1.2	0.2		0.71	2.15	sequences/learning_block1_fixed-middle-10_0{participant_ID}.xlsx	sequences/retrieval_block1_fixed-middle-10_0{participant_ID}.xlsx	6	block1	A	2																												4	16	1	2	A	5	10	None	None	None																	0	0	0	0	1	0	1	0					0	16	16	16	677.0446015000343																																																																																																																																																																																																																																																												677.0308967999881	677.0446015000343	677.8181157000363	677.7474894999759	677.7910200000042	677.8181157000363	678.8278966000071	678.8136897999793	678.8137279000366	678.8278966000071	679.063813899993	679.0946383000119	679.113685999997	680.1378150000237	680.115060799988	680.1151274000295	680.1378150000237	680.379604900023	680.3796557999449	680.3937018000288	682.5593255999265	682.5300659999484	682.543629999971	682.5593255999265	682.5593255999265	682.5593255999265	682.5593255999265	682.5593255999265	685.5499210000271	None	685.5534604999702	685.5612551999511	686.1071173000382	686.047064299928	686.0500876000151	686.1071173000382	686.1071173000382	686.1071173000382	686.1071173000382	686.1071173000382	686.5585116000148	689.5539009999484	None			689.5562605999876	690.0663743999321	679.113685999997				685.5612551999511	685.5612551999511	685.5612551999511	689.1157658000011	689.1157658000011	689.1157658000011	689.1157658000011	689.1157658000011	689.576835099957	689.576835099957	690.0747221999336																2	2026-08-11_11h42.40.746	TSRlearn_main-blocks		2025.1.1	59.91769708027705	2026-08-11 11h42.45.818512 +0200	
								17	17	0				1	stimuli/bicycle/bicycle_20.jpg	stimuli/hand/hand_46.jpg	None	no	yes	left	left	4	1.2	0.2		0.74	2.2	sequences/learning_block1_fixed-middle-10_0{participant_ID}.xlsx	sequences/retrieval_block1_fixed-middle-10_0{participant_ID}.xlsx	6	block1	A	2																												4	17	0	2	A	2	8	None	None	None																	0	0	0	0	1	0	1	0					0	17	17	17	690.0747221999336																																																																																																																																																																																																																																																												690.0667456999654	690.0747221999336	690.8450120999478	690.8090779000195	690.8232195000164	690.8450120999478	691.8566474999534	691.8424174999818	691.8424576999387	691.8566474999534	692.0927991999779	692.1364173999755	692.1641481999541	693.1728837999981	693.1590278999647	693.1590624999953	693.1728837999981	693.4087589000119	693.408791600028	693.423030499951	695.6383556999499	695.6082506999373	695.6215192000382	695.6383556999499	695.6383556999499	695.6383556999499	695.6383556999499	695.6383556999499	698.6256968999514	None	698.6277705000248	698.6381815000204	699.1538504000055	699.1236198999686	699.1259231999284	699.1538504000055	699.1538504000055	699.1538504000055	699.1538504000055	699.1538504000055	699.6376036999281	702.6243648999371	None			702.6263363999315	703.1221492999466		693.423030499951			698.6381815000204	698.6381815000204	698.6381815000204	702.1533969999291	702.1533969999291	702.1533969999291	702.1533969999291	702.1533969999291	702.6370802000165	702.6370802000165	703.1366580999456																2	2026-08-11_11h42.40.746	TSRlearn_main-blocks		2025.1.1	59.91769708027705	2026-08-11 11h42.45.818512 +0200	
								18	18	0				1	stimuli/ball/ball_01.jpg	stimuli/flower/flower_18.jpg	None	no	yes	left	left	5	1.2	0.2		0.66	2.06	sequences/learning_block1_fixed-middle-10_0{participant_ID}.xlsx	sequences/retrieval_block1_fixed-middle-10_0{participant_ID}.xlsx	6	block1	A	2																												4	18	0	2	A	1	6	None	None	None																	0	0	0	0	1	0	1	0					0	18	18	18	703.1366580999456																																																																																																																																																																																																																																																												703.1225240000058	703.1366580999456	703.8224729000358	703.7970568999881	703.8112805000274	703.8224729000358	704.8279607000295	704.8140566999791	704.8140974999405	704.8279607000295	705.0718591000186	705.098158699926	705.1239769000094	706.1265478000278	706.1129190999782	706.1129670999944	706.1265478000278	706.3619171000319	706.3619453000138	706.374323099968	708.4509830999887	708.420704399934	708.4336102999514	708.4509830999887	708.4509830999887	708.4509830999887	708.4509830999887	708.4509830999887	711.4406913999701	None	711.4428732999368	711.4534061999293	711.9831768999575	711.9532087999396	711.9557095000055	711.9831768999575	711.9831768999575	711.9831768999575	711.9831768999575	711.9831768999575	712.4671891999897	715.4708992999513	None			715.4737604999682	715.9680976000382		706.374323099968			711.4534061999293	711.4534061999293	711.4534061999293	714.9834821999539	714.9834821999539	714.9834821999539	714.9834821999539	714.9834821999539	715.4828508000355	715.4828508000355	715.9826625999995																2	2026-08-11_11h42.40.746	TSRlearn_main-blocks		2025.1.1	59.91769708027705	2026-08-11 11h42.45.818512 +0200	
								19	19	0				1	stimuli/bread/bread_05.jpg	stimuli/chair/chair_23.jpg	None	yes	no	right	right	3	1.2	0.2		0.46	2.16	sequences/learning_block1_fixed-middle-10_0{participant_ID}.xlsx	sequences/retrieval_block1_fixed-middle-10_0{participant_ID}.xlsx	6	block1	A	2																												4	19	0	2	A	3	4	None	None	None																	0	0	0	0	1	0	1	0					0	19	19	19	715.9826625999995																																																																																																																																																																																																																																																												715.9684616000159	715.9826625999995	716.485098300036	716.4354034999851	716.4645672999322	716.485098300036	717.5017588000046	717.4845195999369	717.4845554999774	717.5017588000046	717.7346821000101	717.7504015000304	717.7678671999602	718.7816990999272	718.7677794999909	718.7678259999957	718.7816990999272	719.0178373999661	719.0178753000218	719.031814499991	721.2301657999633	721.1862979999278	721.201386300032	721.2301657999633	721.2301657999633	721.2301657999633	721.2301657999633	721.2301657999633	724.2179851999972	None	724.2211004999699	724.2300590999657	724.7459530000342	724.716081499937	724.7193670999259	724.7459530000342	724.7459530000342	724.7459530000342	724.7459530000342	724.7459530000342	725.229895299999	728.2334221999627	None			728.2359819000121	728.7313903999748		719.031814499991			724.2300590999657	724.2300590999657	724.2300590999657	727.7454613000154	727.7454613000154	727.7454613000154	727.7454613000154	727.7454613000154	728.2455957999919	728.2455957999919	728.7453012999613																2	2026-08-11_11h42.40.746	TSRlearn_main-blocks		2025.1.1	59.91769708027705	2026-08-11 11h42.45.818512 +0200	
stimuli/guitar/guitar_01.jpg	stimuli/lamp/lamp_01.jpg	stimuli/house/house_01.jpg	stimuli/ball/ball_01.jpg	center	right	left	center	0	0	0																		sequences/learning_block1_fixed-middle-10_0{participant_ID}.xlsx	sequences/retrieval_block1_fixed-middle-10_0{participant_ID}.xlsx	6	1.0	A	3	1	guitar	lamp	house	ball	0.75	0.31	2	guitar	1	stimuli/guitar/guitar_01.jpg	lamp	1	stimuli/lamp/lamp_01.jpg	key	1	stimuli/key/key_01.jpg	pencil	1	stimuli/pencil/pencil_01.jpg	13	14	9	1	None																													0	0	0	0	2	0	2	0	0	0	0	0					730.4622852000175																																																																																																																																																																																																																					729.7309536000248	729.7309995000251	729.736275000032	729.7461680999259	730.2311054000165	730.40316909994	730.4622852000175	730.4622852000175	730.4622852000175	730.4622852000175	730.4622852000175	730.4622852000175	730.4622852000175	0.1722030999371782	735.3151306000073	None			735.4338534999406	735.4819531999528	735.4819531999528	735.4819531999528	735.4819531999528	735.4819531999528	735.4819531999528	736.4629257000051	736.4726673000259	736.9791527999332																																																																										728.7387806000188	728.7388356999727	728.7388706000056	728.7453012999613	729.7461680999259	729.7307462999597	736.4940247000195	736.4940247000195	737.2161519000074	737.2161519000074			730.4622852000175			2	2026-08-11_11h42.40.746	TSRlearn_main-blocks		2025.1.1	59.91769708027705	2026-08-11 11h42.45.818512 +0200	
stimuli/lamp/lamp_01.jpg	stimuli/hammer/hammer_28.jpg	stimuli/dog/dog_41.jpg	stimuli/pencil/pencil_01.jpg	left	right	center	left	1	1	0																		sequences/learning_block1_fixed-middle-10_0{participant_ID}.xlsx	sequences/retrieval_block1_fixed-middle-10_0{participant_ID}.xlsx	6	1.0	A	3	2	lamp	hammer	dog	pencil	0.53	0.25	3	guitar	1	stimuli/guitar/guitar_01.jpg	lamp	1	stimuli/lamp/lamp_01.jpg	key	1	stimuli/key/key_01.jpg	pencil	1	stimuli/pencil/pencil_01.jpg	14	7	5	16	None																													0	0	0	0	2	0	2	0	0	1	1	1					737.2161519000074																																																																																																																																																																																																																										737.1573157999665	737.2161519000074	737.2161519000074	737.2161519000074	737.2161519000074	737.2161519000074	737.2161519000074	737.2161519000074	0.17819010000675917	741.9964791999664	None			742.1509347000392	742.1966841999674	742.1966841999674	742.1966841999674	742.1966841999674	742.1966841999674	742.1966841999674	743.1827480000211	743.1943266999442	743.6962006000103																																																																																743.2094304999337	743.2094304999337	743.894317499944	743.894317499944						2	2026-08-11_11h42.40.746	TSRlearn_main-blocks		2025.1.1	59.91769708027705	2026-08-11 11h42.45.818512 +0200	
stimuli/hammer/hammer_28.jpg	stimuli/house/house_01.jpg	stimuli/chair/chair_23.jpg	stimuli/key/key_01.jpg	right	center	left	right	2	2	0																		sequences/learning_block1_fixed-middle-10_0{participant_ID}.xlsx	sequences/retrieval_block1_fixed-middle-10_0{participant_ID}.xlsx	6	1.0	A	3	3	hammer	house	chair	key	0.8	0.36	4	guitar	1	stimuli/guitar/guitar_01.jpg	lamp	1	stimuli/lamp/lamp_01.jpg	key	1	stimuli/key/key_01.jpg	pencil	1	stimuli/pencil/pencil_01.jpg	7	9	4	15	None																													0	0	0	0	2	0	2	0	0	2	2	2					743.894317499944																																																																																																																																																																																																																										743.8338999999687	743.894317499944	743.894317499944	743.894317499944	743.894317499944	743.894317499944	743.894317499944	743.894317499944	0.1377339999889955	748.7119692999404	None			748.8465280999662	748.8919334999518	748.8919334999518	748.8919334999518	748.8919334999518	748.8919334999518	748.8919334999518	749.875118499971	749.8833193000173	750.391116200015																																																																																749.8902413999895	749.8902413999895	750.505565600004	750.505565600004						2	2026-08-11_11h42.40.746	TSRlearn_main-blocks		2025.1.1	59.91769708027705	2026-08-11 11h42.45.818512 +0200	
stimuli/house/house_01.jpg	stimuli/chair/chair_23.jpg	stimuli/flower/flower_18.jpg	stimuli/pencil/pencil_01.jpg	right	left	center	right	3	3	0																		sequences/learning_block1_fixed-middle-10_0{participant_ID}.xlsx	sequences/retrieval_block1_fixed-middle-10_0{participant_ID}.xlsx	6	1.0	A	3	4	house	chair	flower	pencil	0.75	0.36	5	guitar	1	stimuli/guitar/guitar_01.jpg	lamp	1	stimuli/lamp/lamp_01.jpg	key	1	stimuli/key/key_01.jpg	pencil	1	stimuli/pencil/pencil_01.jpg	9	4	6	16	None																													0	0	0	0	2	0	2	0	0	3	3	3					750.505565600004																																																																																																																																																																																																																										750.4693820999237	750.505565600004	750.505565600004	750.505565600004	750.505565600004	750.505565600004	750.505565600004	750.505565600004	0.0782801000168547	755.4088656000094	None			755.4834946999326	755.5199836000102	755.5199836000102	755.5199836000102	755.5199836000102	755.5199836000102	755.5199836000102	756.5061715999618	756.5144301999826	757.0230221999809																																																																																756.5217304999242	756.5217304999242	757.1875841999426	757.1875841999426						2	2026-08-11_11h42.40.746	TSRlearn_main-blocks		2025.1.1	59.91769708027705	2026-08-11 11h42.45.818512 +0200	
stimuli/chair/chair_23.jpg	stimuli/hand/hand_46.jpg	stimuli/bread/bread_05.jpg	stimuli/bicycle/bicycle_20.jpg	center	right	left	center	4	4	0																		sequences/learning_block1_fixed-middle-10_0{participant_ID}.xlsx	sequences/retrieval_block1_fixed-middle-10_0{participant_ID}.xlsx	6	1.0	A	3	5	chair	hand	bread	bicycle	0.75	0.64	6	guitar	1	stimuli/guitar/guitar_01.jpg	lamp	1	stimuli/lamp/lamp_01.jpg	key	1	stimuli/key/key_01.jpg	pencil	1	stimuli/pencil/pencil_01.jpg	4	8	3	2	None																													0	0	0	0	2	0	2	0	0	4	4	4					757.1875841999426																																																																																																																																																																																																																										757.1414363000076	757.1875841999426	757.1875841999426	757.1875841999426	757.1875841999426	757.1875841999426	757.1875841999426	757.1875841999426	0.11844330001622438	762.0414334000088	None			762.1611934000393	762.2023348000366	762.2023348000366	762.2023348000366	762.2023348000366	762.2023348000366	762.2023348000366	763.1880852000322	763.1965776999714	763.7036235999549																																																																																763.2027827999555	763.2027827999555	763.916746599949	763.916746599949						2	2026-08-11_11h42.40.746	TSRlearn_main-blocks		2025.1.1	59.91769708027705	2026-08-11 11h42.45.818512 +0200	
stimuli/hand/hand_46.jpg	stimuli/flower/flower_18.jpg	stimuli/lamp/lamp_01.jpg	stimuli/house/house_01.jpg	center	right	left	center	5	5	0																		sequences/learning_block1_fixed-middle-10_0{participant_ID}.xlsx	sequences/retrieval_block1_fixed-middle-10_0{participant_ID}.xlsx	6	1.0	A	3	6	hand	flower	lamp	house	0.33	0.2	7	guitar	1	stimuli/guitar/guitar_01.jpg	lamp	1	stimuli/lamp/lamp_01.jpg	key	1	stimuli/key/key_01.jpg	pencil	1	stimuli/pencil/pencil_01.jpg	8	6	14	9	None																													0	0	0	0	2	0	2	0	0	5	5	5					763.916746599949																																																																																																																																																																																																																										763.8437820000108	763.916746599949	763.916746599949	763.916746599949	763.916746599949	763.916746599949	763.916746599949	763.916746599949	0.14019780000671744	768.7224708999274	None			768.9005851999391	768.9544948999537	768.9544948999537	768.9544948999537	768.9544948999537	768.9544948999537	768.9544948999537	769.9355636999244	769.9455021999311	770.4697958999313																																																																																769.9679873000132	769.9679873000132	770.6710926999804	770.6710926999804						2	2026-08-11_11h42.40.746	TSRlearn_main-blocks		2025.1.1	59.91769708027705	2026-08-11 11h42.45.818512 +0200	
stimuli/flower/flower_18.jpg	stimuli/bread/bread_05.jpg	stimuli/guitar/guitar_01.jpg	stimuli/hammer/hammer_28.jpg	right	left	center	right	6	6	0																		sequences/learning_block1_fixed-middle-10_0{participant_ID}.xlsx	sequences/retrieval_block1_fixed-middle-10_0{participant_ID}.xlsx	6	1.0	A	3	7	flower	bread	guitar	hammer	0.47	0.33	8	guitar	1	stimuli/guitar/guitar_01.jpg	lamp	1	stimuli/lamp/lamp_01.jpg	key	1	stimuli/key/key_01.jpg	pencil	1	stimuli/pencil/pencil_01.jpg	6	3	13	7	None																													0	0	0	0	2	0	2	0	0	6	6	6					770.6710926999804																																																																																																																																																																																																																										770.6155964999925	770.6710926999804	770.6710926999804	770.6710926999804	770.6710926999804	770.6710926999804	770.6710926999804	770.6710926999804	0.14585109998006374	775.4899420000147	None			775.6273256000131	775.6705651000375	775.6705651000375	775.6705651000375	775.6705651000375	775.6705651000375	775.6705651000375	776.6669115999248	776.6754646999761	777.1824765999336																																																																																776.682182700024	776.682182700024	777.4138621999882	777.4138621999882						2	2026-08-11_11h42.40.746	TSRlearn_main-blocks		2025.1.1	59.91769708027705	2026-08-11 11h42.45.818512 +0200	
stimuli/bread/bread_05.jpg	stimuli/dog/dog_41.jpg	stimuli/lamp/lamp_01.jpg	stimuli/hand/hand_46.jpg	right	center	left	right	7	7	0																		sequences/learning_block1_fixed-middle-10_0{participant_ID}.xlsx	sequences/retrieval_block1_fixed-middle-10_0{participant_ID}.xlsx	6	1.0	A	3	8	bread	dog	lamp	hand	0.47	0.2	9	guitar	1	stimuli/guitar/guitar_01.jpg	lamp	1	stimuli/lamp/lamp_01.jpg	key	1	stimuli/key/key_01.jpg	pencil	1	stimuli/pencil/pencil_01.jpg	3	5	14	8	None																													0	0	0	0	2	0	2	0	0	7	7	7					777.4138621999882																																																																																																																																																																																																																										777.3617678999435	777.4138621999882	777.4138621999882	777.4138621999882	777.4138621999882	777.4138621999882	777.4138621999882	777.4138621999882	0.1793214000063017	782.2000326999696	None			782.393113899976	782.4462970999302	782.4462970999302	782.4462970999302	782.4462970999302	782.4462970999302	782.4462970999302	783.4310569999507	783.4391843000194	783.9495536999311																																																																																783.4474817999871	783.4474817999871	784.1411910000024	784.1411910000024						2	2026-08-11_11h42.40.746	TSRlearn_main-blocks		2025.1.1	59.91769708027705	2026-08-11 11h42.45.818512 +0200	
stimuli/dog/dog_41.jpg	stimuli/bicycle/bicycle_20.jpg	stimuli/jacket/jacket_08.jpg	stimuli/pencil/pencil_01.jpg	left	center	right	left	8	8	0																		sequences/learning_block1_fixed-middle-10_0{participant_ID}.xlsx	sequences/retrieval_block1_fixed-middle-10_0{participant_ID}.xlsx	6	1.0	A	3	9	dog	bicycle	jacket	pencil	0.8	0.64	10	guitar	1	stimuli/guitar/guitar_01.jpg	lamp	1	stimuli/lamp/lamp_01.jpg	key	1	stimuli/key/key_01.jpg	pencil	1	stimuli/pencil/pencil_01.jpg	5	2	10	16	None																													0	0	0	0	2	0	2	0	0	8	8	8					784.1411910000024																																																																																																																																																																																																																										784.0856763999909	784.1411910000024	784.1411910000024	784.1411910000024	784.1411910000024	784.1411910000024	784.1411910000024	784.1411910000024	0.13613470003474504	788.9652523000259	None			789.0747865999583	789.1176368999295	789.1176368999295	789.1176368999295	789.1176368999295	789.1176368999295	789.1176368999295	790.0948649999918	790.1032684999518	790.611809700029																																																																																790.1111231999239	790.1111231999239	790.7575421000365	790.7575421000365						2	2026-08-11_11h42.40.746	TSRlearn_main-blocks		2025.1.1	59.91769708027705	2026-08-11 11h42.45.818512 +0200	
stimuli/bicycle/bicycle_20.jpg	stimuli/jacket/jacket_08.jpg	stimuli/pencil/pencil_01.jpg	stimuli/house/house_01.jpg	right	left	center	right	9	9	0																		sequences/learning_block1_fixed-middle-10_0{participant_ID}.xlsx	sequences/retrieval_block1_fixed-middle-10_0{participant_ID}.xlsx	6	1.0	A	3	10	bicycle	jacket	pencil	house	0.69	0.47	11	guitar	1	stimuli/guitar/guitar_01.jpg	lamp	1	stimuli/lamp/lamp_01.jpg	key	1	stimuli/key/key_01.jpg	pencil	1	stimuli/pencil/pencil_01.jpg	2	10	16	9	None																													0	0	0	0	2	0	2	0	0	9	9	9					790.7575421000365																																																																																																																																																																																																																										790.695156199974	790.7575421000365	790.7575421000365	790.7575421000365	790.7575421000365	790.7575421000365	790.7575421000365	790.7575421000365	0.08337209990713745	795.629834500025	None			795.7061716000317	795.7571919999318	795.7571919999318	795.7571919999318	795.7571919999318	795.7571919999318	795.7571919999318	796.7455410999246	796.7568081000354	797.2763537999708																																																																																796.7795131999301	796.7795131999301	797.4622274999274	797.4622274999274						2	2026-08-11_11h42.40.746	TSRlearn_main-blocks		2025.1.1	59.91769708027705	2026-08-11 11h42.45.818512 +0200	
stimuli/jacket/jacket_08.jpg	stimuli/ball/ball_01.jpg	stimuli/guitar/guitar_01.jpg	stimuli/hand/hand_46.jpg	center	right	left	center	10	10	0																		sequences/learning_block1_fixed-middle-10_0{participant_ID}.xlsx	sequences/retrieval_block1_fixed-middle-10_0{participant_ID}.xlsx	6	1.0	A	3	11	jacket	ball	guitar	hand	0.73	0.4	12	guitar	1	stimuli/guitar/guitar_01.jpg	lamp	1	stimuli/lamp/lamp_01.jpg	key	1	stimuli/key/key_01.jpg	pencil	1	stimuli/pencil/pencil_01.jpg	10	1	13	8	None																													0	0	0	0	2	0	2	0	0	10	10	10					797.4622274999274																																																																																																																																																																																																																										797.4065104000038	797.4622274999274	797.4622274999274	797.4622274999274	797.4622274999274	797.4622274999274	797.4622274999274	797.4622274999274	0.1301996000111103	802.2930938999634	None			802.4040677000303	802.4568113000132	802.4568113000132	802.4568113000132	802.4568113000132	802.4568113000132	802.4568113000132	803.4424301999388	803.4523051999277	803.9749839999713																																																																																803.4733713000314	803.4733713000314	804.2015540000284	804.2015540000284						2	2026-08-11_11h42.40.746	TSRlearn_main-blocks		2025.1.1	59.91769708027705	2026-08-11 11h42.45.818512 +0200	
stimuli/ball/ball_01.jpg	stimuli/key/key_01.jpg	stimuli/hammer/hammer_28.jpg	stimuli/dog/dog_41.jpg	right	left	center	right	11	11	0																		sequences/learning_block1_fixed-middle-10_0{participant_ID}.xlsx	sequences/retrieval_block1_fixed-middle-10_0{participant_ID}.xlsx	6	1.0	A	3	12	ball	key	hammer	dog	0.67	0.27	13	guitar	1	stimuli/guitar/guitar_01.jpg	lamp	1	stimuli/lamp/lamp_01.jpg	key	1	stimuli/key/key_01.jpg	pencil	1	stimuli/pencil/pencil_01.jpg	1	15	7	5	None																													0	0	0	0	2	0	2	0	0	11	11	11					804.2015540000284																																																																																																																																																																																																																										804.149745099945	804.2015540000284	804.2015540000284	804.2015540000284	804.2015540000284	804.2015540000284	804.2015540000284	804.2015540000284	0.17479820002336055	808.9929845000152	None			809.143552799942	809.1848729000194	809.1848729000194	809.1848729000194	809.1848729000194	809.1848729000194	809.1848729000194	810.1724264000077	810.1804552000249	810.6893042000011																																																																																810.1881283000112	810.1881283000112	810.8997472999617	810.8997472999617						2	2026-08-11_11h42.40.746	TSRlearn_main-blocks		2025.1.1	59.91769708027705	2026-08-11 11h42.45.818512 +0200	
stimuli/key/key_01.jpg	stimuli/pencil/pencil_01.jpg	stimuli/hand/hand_46.jpg	stimuli/bicycle/bicycle_20.jpg	left	center	right	left	12	12	0																		sequences/learning_block1_fixed-middle-10_0{participant_ID}.xlsx	sequences/retrieval_block1_fixed-middle-10_0{participant_ID}.xlsx	6	1.0	A	3	13	key	pencil	hand	bicycle	0.53	0.27	14	guitar	1	stimuli/guitar/guitar_01.jpg	lamp	1	stimuli/lamp/lamp_01.jpg	key	1	stimuli/key/key_01.jpg	pencil	1	stimuli/pencil/pencil_01.jpg	15	16	8	2	None																													0	0	0	0	2	0	2	0	0	12	12	12					810.8997472999617																																																																																																																																																																																																																										810.8400186999934	810.8997472999617	810.8997472999617	810.8997472999617	810.8997472999617	810.8997472999617	810.8997472999617	810.8997472999617	0.15076069999486208	815.7087341999868	None			815.8594916999573	815.8986743999412	815.8986743999412	815.8986743999412	815.8986743999412	815.8986743999412	815.8986743999412	816.8896200000308	816.9024767000228	817.4196542999707																																																																																816.919173900038	816.919173900038	817.4339060999919	817.4339060999919						2	2026-08-11_11h42.40.746	TSRlearn_main-blocks		2025.1.1	59.91769708027705	2026-08-11 11h42.45.818512 +0200	
								0	0	0				1	stimuli/house/house_01.jpg	stimuli/dog/dog_41.jpg	None	no	yes	right	right	5	1.2	0.2		0.58	1.88	sequences/learning_block1_fixed-middle-10_0{participant_ID}.xlsx	sequences/retrieval_block1_fixed-middle-10_0{participant_ID}.xlsx	6	block1	A	3																												0	0	1	3	A	9	5	None	None	None																	0	0	0	0	2	0	2	0					0	0	0	0	823.5820501999697																																																																																																																																																																																																																																																	817.4257815999445	817.4339060999919	822.4488170000259	822.4351496000309	822.4352772999555	822.4488170000259	822.4488170000259	823.4339361999882	None	823.4340414999751	823.4340866999701	823.5626122999238	823.5820501999697	824.184109200025	824.1506399000064	824.1679393999511	824.184109200025	825.1981318999315	825.1841789999744	825.1842252999777	825.1981318999315	825.4343273999402	825.4784302000189	825.5044183999998	826.514460699982	826.501410100027	826.5014590999344	826.514460699982	826.7497381999856	826.7497739000246	826.7640545000322	828.6627676000353	828.6318901999621	828.6459078999469	828.6627676000353	828.6627676000353	828.6627676000353	828.6627676000353	828.6627676000353	831.6502944999374	None	831.6529786000028	831.6625656000106	832.1783198999474	832.1478424000088	832.1507725999691	832.1783198999474	832.1783198999474	832.1783198999474	832.1783198999474	832.1783198999474	832.6620220999466	835.6493961999658	None			835.6521333999699	836.1471171999583		826.7640545000322			831.6625656000106	831.6625656000106	831.6625656000106	835.1781703999732	835.1781703999732	835.1781703999732	835.1781703999732	835.1781703999732	835.6613511999603	835.6613511999603	836.1612764999736											823.5820501999697	823.5820501999697				2	2026-08-11_11h42.40.746	TSRlearn_main-blocks		2025.1.1	59.91769708027705	2026-08-11 11h42.45.818512 +0200	
								1	1	0				1	stimuli/bicycle/bicycle_20.jpg	stimuli/ball/ball_01.jpg	None	no	yes	right	right	2	1.2	0.2		0.67	1.99	sequences/learning_block1_fixed-middle-10_0{participant_ID}.xlsx	sequences/retrieval_block1_fixed-middle-10_0{participant_ID}.xlsx	6	block1	A	3																												0	1	1	3	A	2	1	None	None	None																	0	0	0	0	2	0	2	0					0	1	1	1	836.1612764999736																																																																																																																																																																																																																																																												836.1475480999798	836.1612764999736	836.8639078999404	836.8304616999812	836.8449721999932	836.8639078999404	837.8770147999749	837.8627182999626	837.8627604999347	837.8770147999749	838.1123041999526	838.1249695000006	838.1478025999386	839.1606522999937	839.145650099963	839.1456845999928	839.1606522999937	839.3962332999799	839.3962925999658	839.4103379999287	841.4424961999757	841.3952907000203	841.408945000032	841.4424961999757	841.4424961999757	841.4424961999757	841.4424961999757	841.4424961999757	844.4127245999407	None	844.4148493999382	844.4253080999479	844.940953399986	844.9105681999354	844.9135760000208	844.940953399986	844.940953399986	844.940953399986	844.940953399986	844.940953399986	845.4252709000139	848.4302649999736	None			848.4337138999254	848.9255477000261	838.1478025999386							847.9411376999924	847.9411376999924	847.9411376999924	847.9411376999924	847.9411376999924	848.4405543999746	848.4405543999746	848.9402561000315																2	2026-08-11_11h42.40.746	TSRlearn_main-blocks		2025.1.1	59.91769708027705	2026-08-11 11h42.45.818512 +0200	
								2	2	0				1	stimuli/jacket/jacket_08.jpg	stimuli/bread/bread_05.jpg	None	yes	no	right	right	3	1.2	0.2		0.75	1.82	sequences/learning_block1_fixed-middle-10_0{participant_ID}.xlsx	sequences/retrieval_block1_fixed-middle-10_0{participant_ID}.xlsx	6	block1	A	3																												0	2	0	3	A	10	3	None	None	None																	0	0	0	0	2	0	2	0					0	2	2	2	848.9402561000315																																																																																																																																																																																																																																																												848.9261288000271	848.9402561000315	849.7265628000023	849.6774644999532	849.7159125999315	849.7265628000023	850.7402326000156	850.7253115000203	850.7253528999863	850.7402326000156	850.9764659999637	851.0068967000116	851.0267536999891	852.0397541000275	852.0263329999289	852.0263803999405	852.0397541000275	852.2758269000333	852.275864199968	852.2896734999958	854.1382831999799	854.10908319999	854.1222608999815	854.1382831999799	854.1382831999799	854.1382831999799	854.1382831999799	854.1382831999799	857.1252307000104	None	857.128132199985	857.137895999942	857.6537156000268	857.6236794999568	857.6265691999579	857.6537156000268	857.6537156000268	857.6537156000268	857.6537156000268	857.6537156000268	858.1372056999244	861.1255923999706	None			861.1287729999749	861.6217173000332		852.2896734999958			857.137895999942	857.137895999942	857.137895999942	860.6532647999702	860.6532647999702	860.6532647999702	860.6532647999702	860.6532647999702	861.1367696999805	861.1367696999805	861.6361805000342																2	2026-08-11_11h42.40.746	TSRlearn_main-blocks		2025.1.1	59.91769708027705	2026-08-11 11h42.45.818512 +0200	
								3	3	0				1	stimuli/flower/flower_18.jpg	stimuli/hammer/hammer_28.jpg	None	no	yes	left	left	4	1.2	0.2		0.66	2.19	sequences/learning_block1_fixed-middle-10_0{participant_ID}.xlsx	sequences/retrieval_block1_fixed-middle-10_0{participant_ID}.xlsx	6	block1	A	3																												0	3	0	3	A	6	7	None	None	None																	0	0	0	0	2	0	2	0					0	3	3	3	861.6361805000342																																																																																																																																																																																																																																																												861.6222476999974	861.6361805000342	862.3390253999969	862.2883083999623	862.3210151999956	862.3390253999969	863.3528230999364	863.3389696000377	863.3390172999352	863.3528230999364	863.5893642000156	863.6412407000316	863.6614998999285	864.6692522999365	864.6561716999859	864.6562277999474	864.6692522999365	864.9045177999651	864.9045546000125	864.9184755999595	867.1512234000256	867.1049272000091	867.1188986999914	867.1512234000256	867.1512234000256	867.1512234000256	867.1512234000256	867.1512234000256	870.1211726999609	None	870.1235237999354	870.1338587999344	870.6497932999628	870.6200994999381	870.624313200009	870.6497932999628	870.6497932999628	870.6497932999628	870.6497932999628	870.6497932999628	871.1335801000241	874.1240998000139	None			874.1272506000241	874.635161299957		864.9184755999595						873.6531452999916	873.6531452999916	873.6531452999916	873.6531452999916	873.6531452999916	874.1350559999701	874.1350559999701	874.6493000999326																2	2026-08-11_11h42.40.746	TSRlearn_main-blocks		2025.1.1	59.91769708027705	2026-08-11 11h42.45.818512 +0200	
								4	4	0				1	stimuli/hand/hand_46.jpg	stimuli/dog/dog_41.jpg	None	no	yes	right	right	3	1.2	0.2		0.3	1.87	sequences/learning_block1_fixed-middle-10_0{participant_ID}.xlsx	sequences/retrieval_block1_fixed-middle-10_0{participant_ID}.xlsx	6	block1	A	3																												1	4	1	3	A	8	5	None	None	None																	0	0	0	0	2	0	2	0					0	4	4	4	874.6493000999326																																																																																																																																																																																																																																																												874.6355646000011	874.6493000999326	875.0059471999994	874.9347196000163	874.9805719000287	875.0059471999994	876.0153882999439	876.0011121999705	876.0011573999655	876.0153882999439	876.2519574000034	876.2980381000089	876.3195361000253	877.3315159999765	877.3173024000134	877.3173483000137	877.3315159999765	877.5667800999945	877.5668169999262	877.5813051000005	879.4799987999722	879.4498883000342	879.4630051000277	879.4799987999722	879.4799987999722	879.4799987999722	879.4799987999722	879.4799987999722	882.4692708000075	None	882.4722189999884	882.4799224999733	882.996107099927	882.9652692000382	882.9679941999493	882.996107099927	882.996107099927	882.996107099927	882.996107099927	882.996107099927	883.4634290999966	886.4560628000181	None			886.4581735000247	886.968335499987		877.5813051000005			882.4799224999733	882.4799224999733	882.4799224999733	885.9960200999631	885.9960200999631	885.9960200999631	885.9960200999631	885.9960200999631	886.4640119000105	886.4640119000105	886.9786082999781																2	2026-08-11_11h42.40.746	TSRlearn_main-blocks		2025.1.1	59.91769708027705	2026-08-11 11h42.45.818512 +0200	
								5	5	0				1	stimuli/flower/flower_18.jpg	stimuli/ball/ball_01.jpg	None	yes	no	left	left	5	1.2	0.2		0.73	1.91	sequences/learning_block1_fixed-middle-10_0{participant_ID}.xlsx	sequences/retrieval_block1_fixed-middle-10_0{participant_ID}.xlsx	6	block1	A	3																												1	5	1	3	A	6	1	None	None	None																	0	0	0	0	2	0	2	0					0	5	5	5	886.9786082999781																																																																																																																																																																																																																																																												886.9689228000352	886.9786082999781	887.7514116000384	887.6973630000139	887.7316207999829	887.7514116000384	888.7618973000208	888.7493724999949	888.7494383000303	888.7618973000208	888.9973973999731	889.0117611000314	889.0329987999285	890.0452149999328	890.0373090000357	890.0373671000125	890.0452149999328	890.2808748999378	890.2809116999852	890.2943902999396	892.2262227999745	892.1970141000347	892.2101430000039	892.2262227999745	892.2262227999745	892.2262227999745	892.2262227999745	892.2262227999745	895.2150910999626	None	895.2180521999253	895.2258394999662	895.7417403999716	895.7112658999395	895.7139689000323	895.7417403999716	895.7417403999716	895.7417403999716	895.7417403999716	895.7417403999716	896.2264923999319	899.228757899953	None			899.2311476999894	899.7347275000066	889.0329987999285	890.2943902999396			895.2258394999662	895.2258394999662	895.2258394999662	898.7418081000214	898.7418081000214	898.7418081000214	898.7418081000214	898.7418081000214	899.2412572000176	899.2412572000176	899.7465610000072																2	2026-08-11_11h42.40.746	TSRlearn_main-blocks		2025.1.1	59.91769708027705	2026-08-11 11h42.45.818512 +0200	
								6	6	0				1	stimuli/bread/bread_05.jpg	stimuli/house/house_01.jpg	None	yes	no	right	right	4	1.2	0.2		0.26	2.14	sequences/learning_block1_fixed-middle-10_0{participant_ID}.xlsx	sequences/retrieval_block1_fixed-middle-10_0{participant_ID}.xlsx	6	block1	A	3																												1	6	0	3	A	3	9	None	None	None																	0	0	0	0	2	0	2	0					0	6	6	6	899.7465610000072																																																																																																																																																																																																																																																												899.735426899977	899.7465610000072	900.0432560000336	899.9934908000287	900.0216799000045	900.0432560000336	901.0576911999378	901.0436922999797	901.0437382999808	901.0576911999378	901.2929946000222	901.3064170000143	901.326292200014	902.340494300006	902.3290034999372	902.3290634999285	902.340494300006	902.5759687999962	902.5759966999758	902.5902664000168	904.7732344999677	904.7303633999545	904.7450450999895	904.7732344999677	904.7732344999677	904.7732344999677	904.7732344999677	904.7732344999677	907.7687286	None	907.7717622999335	907.7937054999638	908.3216855999781	908.2907830999466	908.2932854000246	908.3216855999781	908.3216855999781	908.3216855999781	908.3216855999781	908.3216855999781	908.8240114999935	911.8246355999727	None			911.8271890999749	912.3224493999733	901.326292200014	902.5902664000168			907.7937054999638	907.7937054999638	907.7937054999638	911.3210080999415	911.3210080999415	911.3210080999415	911.3210080999415	911.3210080999415	911.8370380999986	911.8370380999986	912.3368554000044																2	2026-08-11_11h42.40.746	TSRlearn_main-blocks		2025.1.1	59.91769708027705	2026-08-11 11h42.45.818512 +0200	
								7	7	0				1	stimuli/chair/chair_23.jpg	stimuli/hammer/hammer_28.jpg	None	no	yes	left	left	2	1.2	0.2		0.29	1.98	sequences/learning_block1_fixed-middle-10_0{participant_ID}.xlsx	sequences/retrieval_block1_fixed-middle-10_0{participant_ID}.xlsx	6	block1	A	3																												1	7	0	3	A	4	7	None	None	None																	0	0	0	0	2	0	2	0					0	7	7	7	912.3368554000044																																																																																																																																																																																																																																																												912.3229843999725	912.3368554000044	912.6561964999419	912.6222073999234	912.6345862000016	912.6561964999419	913.6698035999434	913.6553957000142	913.6554388999939	913.6698035999434	913.913199899951	913.9584135999903	913.9786316000391	914.9868241000222	914.9717118999688	914.9717679999303	914.9868241000222	915.2217136999825	915.2217418999644	915.2386051999638	917.234847499989	917.2045204000315	917.2174624999752	917.234847499989	917.234847499989	917.234847499989	917.234847499989	917.234847499989	920.2235143999569	None	920.2261142999632	920.2349568000063	920.7510779999429	920.7206065999344	920.7235077000223	920.7510779999429	920.7510779999429	920.7510779999429	920.7510779999429	920.7510779999429	921.2185346999904	924.2226838000352	None			924.2257626999635	924.7353354999796		915.2386051999638			920.2349568000063	920.2349568000063	920.2349568000063	923.7506928000366	923.7506928000366	923.7506928000366	923.7506928000366	923.7506928000366	924.2341170000145	924.2341170000145	924.7497911000391																2	2026-08-11_11h42.40.746	TSRlearn_main-blocks		2025.1.1	59.91769708027705	2026-08-11 11h42.45.818512 +0200	
								8	8	0				1	stimuli/jacket/jacket_08.jpg	stimuli/hand/hand_46.jpg	None	no	yes	left	left	5	1.2	0.2		0.51	1.83	sequences/learning_block1_fixed-middle-10_0{participant_ID}.xlsx	sequences/retrieval_block1_fixed-middle-10_0{participant_ID}.xlsx	6	block1	A	3																												2	8	0	3	A	10	8	None	None	None																	0	0	0	0	2	0	2	0					0	8	8	8	924.7497911000391																																																																																																																																																																																																																																																												924.7358774000313	924.7497911000391	925.3022496999474	925.2528809999349	925.2805817000335	925.3022496999474	926.3165496999864	926.3024120000191	926.3024573000148	926.3165496999864	926.5519871999277	926.5988532999763	926.6203857000219	927.6324282999849	927.6179711000295	927.6180064999498	927.6324282999849	927.8679640999762	927.8679988000076	927.8820857999381	929.7316688999999	929.7007163999369	929.7143013000023	929.7316688999999	929.7316688999999	929.7316688999999	929.7316688999999	929.7316688999999	932.718150199973	None	932.7203194999602	932.7308128000004	933.2467901000055	933.2167742999736	933.2197971999412	933.2467901000055	933.2467901000055	933.2467901000055	933.2467901000055	933.2467901000055	933.7345716999844	936.7414789999602	None			936.7443925000262	937.2644793000072	926.6203857000219	927.8820857999381			932.7308128000004	932.7308128000004	932.7308128000004	936.2462502999697	936.2462502999697	936.2462502999697	936.2462502999697	936.2462502999697	936.7653206000105	936.7653206000105	937.27919869998																2	2026-08-11_11h42.40.746	TSRlearn_main-blocks		2025.1.1	59.91769708027705	2026-08-11 11h42.45.818512 +0200	
								9	9	0				1	stimuli/house/house_01.jpg	stimuli/flower/flower_18.jpg	None	yes	no	left	left	3	1.2	0.2		0.43	1.97	sequences/learning_block1_fixed-middle-10_0{participant_ID}.xlsx	sequences/retrieval_block1_fixed-middle-10_0{participant_ID}.xlsx	6	block1	A	3																												2	9	1	3	A	9	6	None	None	None																	0	0	0	0	2	0	2	0					0	9	9	9	937.27919869998																																																																																																																																																																																																																																																												937.2650088999653	937.27919869998	937.731844099937	937.6980379000306	937.7130328000057	937.731844099937	938.7453510999912	938.7312784999376	938.7313226999249	938.7453510999912	938.9809159999713	939.0083718999522	939.0341879000189	940.044975799974	940.0311594000086	940.0312060000142	940.044975799974	940.2809771000175	940.2810141999507	940.2950523999752	942.2935388999758	942.2630230999785	942.277133799973	942.2935388999758	942.2935388999758	942.2935388999758	942.2935388999758	942.2935388999758	945.2820961999241	None	945.2844684999436	945.2934118999401	945.8094388999743	945.7781622000039	945.7805511000333	945.8094388999743	945.8094388999743	945.8094388999743	945.8094388999743	945.8094388999743	946.2934519000119	949.2959533999674	None			949.2986412999453	949.7958788999822	939.0341879000189	940.2950523999752			945.2934118999401	945.2934118999401	945.2934118999401	948.8092409999808	948.8092409999808	948.8092409999808	948.8092409999808	948.8092409999808	949.30865120003	949.30865120003	949.8090700999601																2	2026-08-11_11h42.40.746	TSRlearn_main-blocks		2025.1.1	59.91769708027705	2026-08-11 11h42.45.818512 +0200	
								10	10	0				1	stimuli/chair/chair_23.jpg	stimuli/dog/dog_41.jpg	None	no	yes	right	right	4	1.2	0.2		0.42	1.94	sequences/learning_block1_fixed-middle-10_0{participant_ID}.xlsx	sequences/retrieval_block1_fixed-middle-10_0{participant_ID}.xlsx	6	block1	A	3																												2	10	1	3	A	4	5	None	None	None																	0	0	0	0	2	0	2	0					0	10	10	10	949.8090700999601																																																																																																																																																																																																																																																												949.7965162999462	949.8090700999601	950.261530000018	950.2279332999606	950.2444033999927	950.261530000018	951.2749787999783	951.2608601999236	951.2608947999543	951.2749787999783	951.5113853999646	951.5649628000101	951.5843512000283	952.5920259000268	952.5788925000234	952.5789467999712	952.5920259000268	952.8280164999887	952.8280502000125	952.8413469999796	954.8064857999561	954.7758534000022	954.7891522999853	954.8064857999561	954.8064857999561	954.8064857999561	954.8064857999561	954.8064857999561	957.8001234999392	None	957.8027765000006	957.8222858000081	958.3386790000368	958.3084169999929	958.3112400999526	958.3386790000368	958.3386790000368	958.3386790000368	958.3386790000368	958.3386790000368	958.8062092999462	961.7951597999781	None			961.7987863000017	962.2914575999603		952.8413469999796			957.8222858000081	957.8222858000081	957.8222858000081	961.3385672000004	961.3385672000004	961.3385672000004	961.3385672000004	961.3385672000004	961.8050907999277	961.8050907999277	962.305147600011																2	2026-08-11_11h42.40.746	TSRlearn_main-blocks		2025.1.1	59.91769708027705	2026-08-11 11h42.45.818512 +0200	
								11	11	0				1	stimuli/bread/bread_05.jpg	stimuli/bicycle/bicycle_20.jpg	None	yes	no	left	left	2	1.2	0.2		0.28	1.83	sequences/learning_block1_fixed-middle-10_0{participant_ID}.xlsx	sequences/retrieval_block1_fixed-middle-10_0{participant_ID}.xlsx	6	block1	A	3																												2	11	1	3	A	3	2	None	None	None																	0	0	0	0	2	0	2	0					0	11	11	11	962.305147600011																																																																																																																																																																																																																																																												962.2921194999944	962.305147600011	962.6239672999363	962.5742232999764	962.608249999932	962.6239672999363	963.6378974999534	963.6237265999662	963.6237719999626	963.6378974999534	963.8733230000362	963.889127500006	963.9093449999345	964.9208650999935	964.9074766000267	964.9075276999502	964.9208650999935	965.1577880999539	965.157888900023	965.1709032999352	967.019155099988	966.9885988000315	967.001255900017	967.019155099988	967.019155099988	967.019155099988	967.019155099988	967.019155099988	970.006683500018	None	970.0093136000214	970.0188649999909	970.5354684999911	970.504877600004	970.5082943999441	970.5354684999911	970.5354684999911	970.5354684999911	970.5354684999911	970.5354684999911	971.0187296000076	974.0078212999506	None			974.0113579999888	974.5050057999324	963.9093449999345				970.0188649999909	970.0188649999909	970.0188649999909	973.5346398999682	973.5346398999682	973.5346398999682	973.5346398999682	973.5346398999682	974.0189008000307	974.0189008000307	974.5179926999845																2	2026-08-11_11h42.40.746	TSRlearn_main-blocks		2025.1.1	59.91769708027705	2026-08-11 11h42.45.818512 +0200	
								12	12	0				1	stimuli/hand/hand_46.jpg	stimuli/hammer/hammer_28.jpg	None	no	yes	left	left	3	1.2	0.2		0.35	2.18	sequences/learning_block1_fixed-middle-10_0{participant_ID}.xlsx	sequences/retrieval_block1_fixed-middle-10_0{participant_ID}.xlsx	6	block1	A	3																												3	12	0	3	A	8	7	None	None	None																	0	0	0	0	2	0	2	0					0	12	12	12	974.5179926999845																																																																																																																																																																																																																																																												974.5057421999518	974.5179926999845	974.9264456999954	974.8536584000103	974.9003033000045	974.9264456999954	975.9390010000207	975.922651299974	975.9227129999781	975.9390010000207	976.187551299925	976.2364278000314	976.2584949999582	977.2668793000048	977.2535750999814	977.253623800003	977.2668793000048	977.5031306999736	977.5031608999707	977.5169045999646	979.7152583999559	979.685257300036	979.6984914999921	979.7152583999559	979.7152583999559	979.7152583999559	979.7152583999559	979.7152583999559	982.7037543000188	None	982.7060142999981	982.7152989000315	983.2321414999897	983.2062849999638	983.2106338000158	983.2321414999897	983.2321414999897	983.2321414999897	983.2321414999897	983.2321414999897	983.7151239999803	986.7194633999607	None			986.722790400032	987.2158489000285		977.5169045999646			982.7152989000315	982.7152989000315	982.7152989000315	986.2472592999693	986.2472592999693	986.2472592999693	986.2472592999693	986.2472592999693	986.7305995000061	986.7305995000061	987.230230599991																2	2026-08-11_11h42.40.746	TSRlearn_main-blocks		2025.1.1	59.91769708027705	2026-08-11 11h42.45.818512 +0200	
								13	13	0				1	stimuli/jacket/jacket_08.jpg	stimuli/dog/dog_41.jpg	None	yes	no	right	right	2	1.2	0.2		0.65	1.93	sequences/learning_block1_fixed-middle-10_0{participant_ID}.xlsx	sequences/retrieval_block1_fixed-middle-10_0{participant_ID}.xlsx	6	block1	A	3																												3	13	0	3	A	10	5	None	None	None																	0	0	0	0	2	0	2	0					0	13	13	13	987.230230599991																																																																																																																																																																																																																																																												987.2164038999472	987.230230599991	987.9175453999778	987.8662070999853	987.9009688999504	987.9175453999778	988.9299876999576	988.9157569999807	988.9158003999619	988.9299876999576	989.1659661999438	989.2144677999895	989.233678599936	990.2460771999322	990.2320033999858	990.2320489999838	990.2460771999322	990.4823995999759	990.4824617999839	990.4960805999581	992.4446860000025	992.4148406999884	992.4297252999386	992.4446860000025	992.4446860000025	992.4446860000025	992.4446860000025	992.4446860000025	995.4330125999404	None	995.4357572000008	995.4445255999453	995.9602658000076	995.9294419999933	995.9322808999568	995.9602658000076	995.9602658000076	995.9602658000076	995.9602658000076	995.9602658000076	996.4441924999701	999.4311075999867	None			999.4333912000293	999.9299112999579					995.4445255999453	995.4445255999453	995.4445255999453	998.960023200023	998.960023200023	998.960023200023	998.960023200023	998.960023200023	999.4431606000289	999.4431606000289	999.9434743999736																2	2026-08-11_11h42.40.746	TSRlearn_main-blocks		2025.1.1	59.91769708027705	2026-08-11 11h42.45.818512 +0200	
								14	14	0				1	stimuli/bicycle/bicycle_20.jpg	stimuli/chair/chair_23.jpg	None	yes	no	right	right	5	1.2	0.2		0.39	2.24	sequences/learning_block1_fixed-middle-10_0{participant_ID}.xlsx	sequences/retrieval_block1_fixed-middle-10_0{participant_ID}.xlsx	6	block1	A	3																												3	14	0	3	A	2	4	None	None	None																	0	0	0	0	2	0	2	0					0	14	14	14	999.9434743999736																																																																																																																																																																																																																																																												999.9305921000196	999.9434743999736	1000.362606599927	1000.3289774999721	1000.3460629000328	1000.362606599927	1001.3758446000284	1001.3618326999713	1001.3618785999715	1001.3758446000284	1001.6140642999671	1001.6286739000352	1001.6463930000318	1002.6587543999776	1002.6446101999609	1002.6446537999436	1002.6587543999776	1002.8944844999351	1002.8945207999786	1002.9085672999499	1005.1907516999636	1005.1439274000004	1005.1580753999297	1005.1907516999636	1005.1907516999636	1005.1907516999636	1005.1907516999636	1005.1907516999636	1008.1681018000236	None	1008.1715193999698	1008.1901102999691	1008.7094973999774	1008.6773076000391	1008.6798548999941	1008.7094973999774	1008.7094973999774	1008.7094973999774	1008.7094973999774	1008.7094973999774	1009.1902303999523	1012.1782756999601	None			1012.1813041999703	1012.675101300003		1002.9085672999499						1011.7063277999405	1011.7063277999405	1011.7063277999405	1011.7063277999405	1011.7063277999405	1012.1899144999916	1012.1899144999916	1012.689306300017																2	2026-08-11_11h42.40.746	TSRlearn_main-blocks		2025.1.1	59.91769708027705	2026-08-11 11h42.45.818512 +0200	
								15	15	0				1	stimuli/bread/bread_05.jpg	stimuli/ball/ball_01.jpg	None	yes	no	left	left	4	1.2	0.2		0.58	1.86	sequences/learning_block1_fixed-middle-10_0{participant_ID}.xlsx	sequences/retrieval_block1_fixed-middle-10_0{participant_ID}.xlsx	6	block1	A	3																												3	15	1	3	A	3	1	None	None	None																	0	0	0	0	2	0	2	0					0	15	15	15	1012.689306300017																																																																																																																																																																																																																																																												1012.6756649999879	1012.689306300017	1013.3083639999386	1013.258029300021	1013.2927592999768	1013.3083639999386	1014.3218821999617	1014.3077809000388	1014.3078165999614	1014.3218821999617	1014.5578313999576	1014.5728850000305	1014.5910901000025	1015.6048790999921	1015.5977404000005	1015.5977851999924	1015.6048790999921	1015.8404751999769	1015.840509600006	1015.8546377000166	1017.7540936999721	1017.7070888000308	1017.7212299000239	1017.7540936999721	1017.7540936999721	1017.7540936999721	1017.7540936999721	1017.7540936999721	1020.7249006000347	None	1020.7272906999569	1020.736520000035	1021.2523432000307	1021.222280099988	1021.2253221999854	1021.2523432000307	1021.2523432000307	1021.2523432000307	1021.2523432000307	1021.2523432000307	1021.7363634000067	1024.7234404999763	None			1024.7261310999747	1025.2207728000358	1014.5910901000025	1015.8546377000166						1024.2520497000078	1024.2520497000078	1024.2520497000078	1024.2520497000078	1024.2520497000078	1024.7352967000334	1024.7352967000334	1025.235531299957																2	2026-08-11_11h42.40.746	TSRlearn_main-blocks		2025.1.1	59.91769708027705	2026-08-11 11h42.45.818512 +0200	
								16	16	0				1	stimuli/house/house_01.jpg	stimuli/hand/hand_46.jpg	None	no	yes	right	right	2	1.2	0.2		0.43	1.99	sequences/learning_block1_fixed-middle-10_0{participant_ID}.xlsx	sequences/retrieval_block1_fixed-middle-10_0{participant_ID}.xlsx	6	block1	A	3																												4	16	1	3	A	9	8	None	None	None																	0	0	0	0	2	0	2	0					0	16	16	16	1025.235531299957																																																																																																																																																																																																																																																												1025.2212739000097	1025.235531299957	1025.6876364999916	1025.6539311000379	1025.6691648999695	1025.6876364999916	1026.7012512999354	1026.6877020000247	1026.6877481000265	1026.7012512999354	1026.9366802999284	1026.9945122000063	1027.0102457000175	1028.0175460999599	1028.004049399984	1028.0040940999752	1028.0175460999599	1028.2534375999821	1028.2534728000173	1028.2673688000068	1030.2826877000043	1030.2526163000148	1030.2665744000115	1030.2826877000043	1030.2826877000043	1030.2826877000043	1030.2826877000043	1030.2826877000043	1033.2707301999908	None	1033.2734285999322	1033.2825582999503	1033.7984498000005	1033.7678843999747	1033.7699733999325	1033.7984498000005	1033.7984498000005	1033.7984498000005	1033.7984498000005	1033.7984498000005	1034.282158399932	1037.2688865000382	None			1037.2716569999466	1037.7671096000122	1027.0102457000175	1028.2673688000068			1033.2825582999503	1033.2825582999503	1033.2825582999503	1036.7980727000395	1036.7980727000395	1036.7980727000395	1036.7980727000395	1036.7980727000395	1037.2812758999644	1037.2812758999644	1037.7811433000024																2	2026-08-11_11h42.40.746	TSRlearn_main-blocks		2025.1.1	59.91769708027705	2026-08-11 11h42.45.818512 +0200	
								17	17	0				1	stimuli/jacket/jacket_08.jpg	stimuli/flower/flower_18.jpg	None	no	yes	left	left	4	1.2	0.2		0.44	1.82	sequences/learning_block1_fixed-middle-10_0{participant_ID}.xlsx	sequences/retrieval_block1_fixed-middle-10_0{participant_ID}.xlsx	6	block1	A	3																												4	17	0	3	A	10	6	None	None	None																	0	0	0	0	2	0	2	0					0	17	17	17	1037.7811433000024																																																																																																																																																																																																																																																												1037.7676517999498	1037.7811433000024	1038.2671206999803	1038.2170040999772	1038.2498474000022	1038.2671206999803	1039.280595600023	1039.266483000014	1039.2665269999998	1039.280595600023	1039.516611399944	1039.5462827000301	1039.568425699952	1040.580217299983	1040.566374399932	1040.5664188000374	1040.580217299983	1040.8162665999262	1040.8163063999964	1040.8301984999562	1042.6790454000002	1042.6492599999765	1042.662848799955	1042.6790454000002	1042.6790454000002	1042.6790454000002	1042.6790454000002	1042.6790454000002	1045.6670446000062	None	1045.6691690000007	1045.6788353000302	1046.1944974999642	1046.1645527000073	1046.167693699943	1046.1944974999642	1046.1944974999642	1046.1944974999642	1046.1944974999642	1046.1944974999642	1046.678600299987	1049.66532010003	None			1049.667180599994	1050.1630533999996		1040.8301984999562			1045.6788353000302	1045.6788353000302	1045.6788353000302	1049.1942792999325	1049.1942792999325	1049.1942792999325	1049.1942792999325	1049.1942792999325	1049.6773948000045	1049.6773948000045	1050.1771818000125																2	2026-08-11_11h42.40.746	TSRlearn_main-blocks		2025.1.1	59.91769708027705	2026-08-11 11h42.45.818512 +0200	
								18	18	0				1	stimuli/ball/ball_01.jpg	stimuli/dog/dog_41.jpg	None	yes	no	right	right	3	1.2	0.2		0.72	2.07	sequences/learning_block1_fixed-middle-10_0{participant_ID}.xlsx	sequences/retrieval_block1_fixed-middle-10_0{participant_ID}.xlsx	6	block1	A	3																												4	18	0	3	A	1	5	None	None	None																	0	0	0	0	2	0	2	0					0	18	18	18	1050.1771818000125																																																																																																																																																																																																																																																												1050.1634335999843	1050.1771818000125	1050.9299548999406	1050.8960440999363	1050.9094083999516	1050.9299548999406	1051.9434173000045	1051.9299508000258	1051.9300010999432	1051.9434173000045	1052.1801434999797	1052.2283592999447	1052.2511174000101	1053.2596595999785	1053.245868899976	1053.2459163999883	1053.2596595999785	1053.4964775999542	1053.4965233999537	1053.5112881000387	1055.6251738999272	1055.5786790000275	1055.5922071000095	1055.6251738999272	1055.6251738999272	1055.6251738999272	1055.6251738999272	1055.6251738999272	1058.5958498999244	None	1058.5978377999272	1058.6078870999627	1059.1238025999628	1059.0934652999276	1059.0965583999641	1059.1238025999628	1059.1238025999628	1059.1238025999628	1059.1238025999628	1059.1238025999628	1059.607967399992	1062.6113501000218	None			1062.613575699972	1063.10849959997								1062.1275240000105	1062.1275240000105	1062.1275240000105	1062.1275240000105	1062.1275240000105	1062.6231164999772	1062.6231164999772	1063.1233260999434																2	2026-08-11_11h42.40.746	TSRlearn_main-blocks		2025.1.1	59.91769708027705	2026-08-11 11h42.45.818512 +0200	
								19	19	0				1	stimuli/hammer/hammer_28.jpg	stimuli/bread/bread_05.jpg	None	yes	no	left	left	5	1.2	0.2		0.31	1.93	sequences/learning_block1_fixed-middle-10_0{participant_ID}.xlsx	sequences/retrieval_block1_fixed-middle-10_0{participant_ID}.xlsx	6	block1	A	3																												4	19	1	3	A	7	3	None	None	None																	0	0	0	0	2	0	2	0					0	19	19	19	1063.1233260999434																																																																																																																																																																																																																																																												1063.10904999997	1063.1233260999434	1063.481261699926	1063.4254121999256	1063.4646605999442	1063.481261699926	1064.4892282999353	1064.4754772000015	1064.4755130999256	1064.4892282999353	1064.725031799986	1064.7585965000326	1064.777782900026	1065.7887319999281	1065.775015900028	1065.7750607000198	1065.7887319999281	1066.0295707000187	1066.0296353999292	1066.0387995999772	1068.0061549999518	1067.9611728999298	1067.9768984999973	1068.0061549999518	1068.0061549999518	1068.0061549999518	1068.0061549999518	1068.0061549999518	1070.9766901999246	None	1070.979872899945	1070.9915216999361	1071.5213688999647	1071.4895552999806	1071.4924220000394	1071.5213688999647	1071.5213688999647	1071.5213688999647	1071.5213688999647	1071.5213688999647	1071.987359300023	1074.9904065999435	None			1074.9930504999356	1075.487461599987	1064.777782900026							1074.536545000039	1074.536545000039	1074.536545000039	1074.536545000039	1074.536545000039	1075.0022580999648	1075.0022580999648	1075.5026799000334																2	2026-08-11_11h42.40.746	TSRlearn_main-blocks		2025.1.1	59.91769708027705	2026-08-11 11h42.45.818512 +0200	
stimuli/guitar/guitar_01.jpg	stimuli/lamp/lamp_01.jpg	stimuli/flower/flower_18.jpg	stimuli/ball/ball_01.jpg	center	right	left	center	0	0	0																		sequences/learning_block1_fixed-middle-10_0{participant_ID}.xlsx	sequences/retrieval_block1_fixed-middle-10_0{participant_ID}.xlsx	6	1.0	A	4	1	guitar	lamp	flower	ball	0.58	0.31	2	guitar	1	stimuli/guitar/guitar_01.jpg	lamp	1	stimuli/lamp/lamp_01.jpg	key	1	stimuli/key/key_01.jpg	pencil	1	stimuli/pencil/pencil_01.jpg	13	14	6	1	None																													0	0	0	0	3	0	3	0	0	0	0	0					1077.284594399971																																																																																																																																																																																																																					1076.4887274999637	1076.488775099977	1076.4954527999507	1076.5037241999526	1077.005168100004	1077.2183021999663	1077.284594399971	1077.284594399971	1077.284594399971	1077.284594399971	1077.284594399971	1077.284594399971	1077.284594399971	0.2295966000529006	1082.1217836999567	None			1082.2592899999581	1082.3074364999775	1082.3074364999775	1082.3074364999775	1082.3074364999775	1082.3074364999775	1082.3074364999775	1083.2862441999605	1083.2949620999862	1083.8028855000157																																																																										1075.4963554999558	1075.4964365999913	1075.4965012000175	1075.5026799000334	1076.5037241999526	1076.4885120999534	1083.3016457000049	1083.3016457000049	1084.1026108999504	1084.1026108999504						2	2026-08-11_11h42.40.746	TSRlearn_main-blocks		2025.1.1	59.91769708027705	2026-08-11 11h42.45.818512 +0200	
stimuli/lamp/lamp_01.jpg	stimuli/hammer/hammer_28.jpg	stimuli/bicycle/bicycle_20.jpg	stimuli/key/key_01.jpg	left	center	right	left	1	1	0																		sequences/learning_block1_fixed-middle-10_0{participant_ID}.xlsx	sequences/retrieval_block1_fixed-middle-10_0{participant_ID}.xlsx	6	1.0	A	4	2	lamp	hammer	bicycle	key	0.47	0.31	3	guitar	1	stimuli/guitar/guitar_01.jpg	lamp	1	stimuli/lamp/lamp_01.jpg	key	1	stimuli/key/key_01.jpg	pencil	1	stimuli/pencil/pencil_01.jpg	14	7	2	15	None																													0	0	0	0	3	0	3	0	0	1	1	1					1084.1026108999504																																																																																																																																																																																																																										1084.0133664000314	1084.1026108999504	1084.1026108999504	1084.1026108999504	1084.1026108999504	1084.1026108999504	1084.1026108999504	1084.1026108999504	0.21050649997778237	1088.8203378999606	None			1088.9850812000223	1089.046047699987	1089.046047699987	1089.046047699987	1089.046047699987	1089.046047699987	1089.046047699987	1090.0340824000305	1090.042579400004	1090.5502455999376																																																																																1090.050195400021	1090.050195400021	1090.7406113999896	1090.7406113999896						2	2026-08-11_11h42.40.746	TSRlearn_main-blocks		2025.1.1	59.91769708027705	2026-08-11 11h42.45.818512 +0200	
stimuli/hammer/hammer_28.jpg	stimuli/house/house_01.jpg	stimuli/hand/hand_46.jpg	stimuli/jacket/jacket_08.jpg	right	center	left	right	2	2	0																		sequences/learning_block1_fixed-middle-10_0{participant_ID}.xlsx	sequences/retrieval_block1_fixed-middle-10_0{participant_ID}.xlsx	6	1.0	A	4	3	hammer	house	hand	jacket	0.75	0.47	4	guitar	1	stimuli/guitar/guitar_01.jpg	lamp	1	stimuli/lamp/lamp_01.jpg	key	1	stimuli/key/key_01.jpg	pencil	1	stimuli/pencil/pencil_01.jpg	7	9	8	10	None																													0	0	0	0	3	0	3	0	0	2	2	2					1090.7406113999896																																																																																																																																																																																																																										1090.6958087999374	1090.7406113999896	1090.7406113999896	1090.7406113999896	1090.7406113999896	1090.7406113999896	1090.7406113999896	1090.7406113999896	0.14559880003798753	1095.5684450999834	None			1095.7209369000047	1095.7558970999671	1095.7558970999671	1095.7558970999671	1095.7558970999671	1095.7558970999671	1095.7558970999671	1096.7494288999587	1096.7603420999367	1097.281589900027																																																																																1096.7815540999873	1096.7815540999873	1097.4463495999807	1097.4463495999807						2	2026-08-11_11h42.40.746	TSRlearn_main-blocks		2025.1.1	59.91769708027705	2026-08-11 11h42.45.818512 +0200	
stimuli/house/house_01.jpg	stimuli/chair/chair_23.jpg	stimuli/dog/dog_41.jpg	stimuli/pencil/pencil_01.jpg	center	left	right	center	3	3	0																		sequences/learning_block1_fixed-middle-10_0{participant_ID}.xlsx	sequences/retrieval_block1_fixed-middle-10_0{participant_ID}.xlsx	6	1.0	A	4	4	house	chair	dog	pencil	0.64	0.36	5	guitar	1	stimuli/guitar/guitar_01.jpg	lamp	1	stimuli/lamp/lamp_01.jpg	key	1	stimuli/key/key_01.jpg	pencil	1	stimuli/pencil/pencil_01.jpg	9	4	5	16	None																													0	0	0	0	3	0	3	0	0	3	3	3					1097.4463495999807																																																																																																																																																																																																																										1097.379612299963	1097.4463495999807	1097.4463495999807	1097.4463495999807	1097.4463495999807	1097.4463495999807	1097.4463495999807	1097.4463495999807	0.09805209992919117	1102.2982411999255	None			1102.387232100009	1102.4279829999432	1102.4279829999432	1102.4279829999432	1102.4279829999432	1102.4279829999432	1102.4279829999432	1103.4138894999633	1103.4253293999936	1103.9311354999663																																																																																1103.4450082000112	1103.4450082000112	1104.0959021999734	1104.0959021999734						2	2026-08-11_11h42.40.746	TSRlearn_main-blocks		2025.1.1	59.91769708027705	2026-08-11 11h42.45.818512 +0200	
stimuli/chair/chair_23.jpg	stimuli/hand/hand_46.jpg	stimuli/bread/bread_05.jpg	stimuli/ball/ball_01.jpg	right	left	center	right	4	4	0																		sequences/learning_block1_fixed-middle-10_0{participant_ID}.xlsx	sequences/retrieval_block1_fixed-middle-10_0{participant_ID}.xlsx	6	1.0	A	4	5	chair	hand	bread	ball	0.75	0.53	6	guitar	1	stimuli/guitar/guitar_01.jpg	lamp	1	stimuli/lamp/lamp_01.jpg	key	1	stimuli/key/key_01.jpg	pencil	1	stimuli/pencil/pencil_01.jpg	4	8	3	1	None																													0	0	0	0	3	0	3	0	0	4	4	4					1104.0959021999734																																																																																																																																																																																																																										1104.0446761000203	1104.0959021999734	1104.0959021999734	1104.0959021999734	1104.0959021999734	1104.0959021999734	1104.0959021999734	1104.0959021999734	0.11356120009440929	1108.9470117000164	None			1109.0632482999936	1109.0950184999965	1109.0950184999965	1109.0950184999965	1109.0950184999965	1109.0950184999965	1109.0950184999965	1110.0779762000311	1110.0880862999475	1110.6101187999593																																																																																1110.1094166999683	1110.1094166999683	1110.7997269999469	1110.7997269999469						2	2026-08-11_11h42.40.746	TSRlearn_main-blocks		2025.1.1	59.91769708027705	2026-08-11 11h42.45.818512 +0200	
stimuli/hand/hand_46.jpg	stimuli/flower/flower_18.jpg	stimuli/guitar/guitar_01.jpg	stimuli/hammer/hammer_28.jpg	left	right	center	left	5	5	0																		sequences/learning_block1_fixed-middle-10_0{participant_ID}.xlsx	sequences/retrieval_block1_fixed-middle-10_0{participant_ID}.xlsx	6	1.0	A	4	6	hand	flower	guitar	hammer	0.4	0.27	7	guitar	1	stimuli/guitar/guitar_01.jpg	lamp	1	stimuli/lamp/lamp_01.jpg	key	1	stimuli/key/key_01.jpg	pencil	1	stimuli/pencil/pencil_01.jpg	8	6	13	7	None																													0	0	0	0	3	0	3	0	0	5	5	5					1110.7997269999469																																																																																																																																																																																																																										1110.7463529999368	1110.7997269999469	1110.7997269999469	1110.7997269999469	1110.7997269999469	1110.7997269999469	1110.7997269999469	1110.7997269999469	0.13625679991673678	1115.6290200999938	None			1115.7825508000096	1115.8134968000231	1115.8134968000231	1115.8134968000231	1115.8134968000231	1115.8134968000231	1115.8134968000231	1116.7928587000351	1116.8013407000108	1117.3091441999422																																																																																1116.8079773000209	1116.8079773000209	1117.4727320999373	1117.4727320999373						2	2026-08-11_11h42.40.746	TSRlearn_main-blocks		2025.1.1	59.91769708027705	2026-08-11 11h42.45.818512 +0200	
stimuli/flower/flower_18.jpg	stimuli/bread/bread_05.jpg	stimuli/jacket/jacket_08.jpg	stimuli/house/house_01.jpg	center	left	right	center	6	6	0																		sequences/learning_block1_fixed-middle-10_0{participant_ID}.xlsx	sequences/retrieval_block1_fixed-middle-10_0{participant_ID}.xlsx	6	1.0	A	4	7	flower	bread	jacket	house	0.69	0.27	8	guitar	1	stimuli/guitar/guitar_01.jpg	lamp	1	stimuli/lamp/lamp_01.jpg	key	1	stimuli/key/key_01.jpg	pencil	1	stimuli/pencil/pencil_01.jpg	6	3	10	9	None																													0	0	0	0	3	0	3	0	0	6	6	6					1117.4727320999373																																																																																																																																																																																																																										1117.4312544999411	1117.4727320999373	1117.4727320999373	1117.4727320999373	1117.4727320999373	1117.4727320999373	1117.4727320999373	1117.4727320999373	0.12214599992148578	1122.325317000039	None			1122.4445537999272	1122.4885602999711	1122.4885602999711	1122.4885602999711	1122.4885602999711	1122.4885602999711	1122.4885602999711	1123.4751560000004	1123.4834652999416	1123.9905112999259																																																																																1123.5049890000373	1123.5049890000373	1124.2798324000323	1124.2798324000323						2	2026-08-11_11h42.40.746	TSRlearn_main-blocks		2025.1.1	59.91769708027705	2026-08-11 11h42.45.818512 +0200	
stimuli/bread/bread_05.jpg	stimuli/dog/dog_41.jpg	stimuli/pencil/pencil_01.jpg	stimuli/lamp/lamp_01.jpg	center	right	left	center	7	7	0																		sequences/learning_block1_fixed-middle-10_0{participant_ID}.xlsx	sequences/retrieval_block1_fixed-middle-10_0{participant_ID}.xlsx	6	1.0	A	4	8	bread	dog	pencil	lamp	0.58	0.47	9	guitar	1	stimuli/guitar/guitar_01.jpg	lamp	1	stimuli/lamp/lamp_01.jpg	key	1	stimuli/key/key_01.jpg	pencil	1	stimuli/pencil/pencil_01.jpg	3	5	16	14	None																													0	0	0	0	3	0	3	0	0	7	7	7					1124.2798324000323																																																																																																																																																																																																																										1124.1986541999504	1124.2798324000323	1124.2798324000323	1124.2798324000323	1124.2798324000323	1124.2798324000323	1124.2798324000323	1124.2798324000323	0.2081884000217542	1129.008332700003	None			1129.1622143000131	1129.2023090999573	1129.2023090999573	1129.2023090999573	1129.2023090999573	1129.2023090999573	1129.2023090999573	1130.188749199966	1130.1967894999543	1130.704265199951																																																																																1130.2041780999862	1130.2041780999862	1130.856906299945	1130.856906299945						2	2026-08-11_11h42.40.746	TSRlearn_main-blocks		2025.1.1	59.91769708027705	2026-08-11 11h42.45.818512 +0200	
stimuli/dog/dog_41.jpg	stimuli/bicycle/bicycle_20.jpg	stimuli/guitar/guitar_01.jpg	stimuli/chair/chair_23.jpg	left	center	right	left	8	8	0																		sequences/learning_block1_fixed-middle-10_0{participant_ID}.xlsx	sequences/retrieval_block1_fixed-middle-10_0{participant_ID}.xlsx	6	1.0	A	4	9	dog	bicycle	guitar	chair	0.6	0.33	10	guitar	1	stimuli/guitar/guitar_01.jpg	lamp	1	stimuli/lamp/lamp_01.jpg	key	1	stimuli/key/key_01.jpg	pencil	1	stimuli/pencil/pencil_01.jpg	5	2	13	4	None																													0	0	0	0	3	0	3	0	0	8	8	8					1130.856906299945																																																																																																																																																																																																																										1130.801838299958	1130.856906299945	1130.856906299945	1130.856906299945	1130.856906299945	1130.856906299945	1130.856906299945	1130.856906299945	0.09760340000502765	1135.7215024000034	None			1135.8196043999633	1135.8554766000016	1135.8554766000016	1135.8554766000016	1135.8554766000016	1135.8554766000016	1135.8554766000016	1136.8360239999602	1136.8452800000086	1137.3520041999873																																																																																1136.851308299927	1136.851308299927	1137.48156320001	1137.48156320001						2	2026-08-11_11h42.40.746	TSRlearn_main-blocks		2025.1.1	59.91769708027705	2026-08-11 11h42.45.818512 +0200	
stimuli/bicycle/bicycle_20.jpg	stimuli/jacket/jacket_08.jpg	stimuli/ball/ball_01.jpg	stimuli/pencil/pencil_01.jpg	center	left	right	center	9	9	0																		sequences/learning_block1_fixed-middle-10_0{participant_ID}.xlsx	sequences/retrieval_block1_fixed-middle-10_0{participant_ID}.xlsx	6	1.0	A	4	10	bicycle	jacket	ball	pencil	0.8	0.69	11	guitar	1	stimuli/guitar/guitar_01.jpg	lamp	1	stimuli/lamp/lamp_01.jpg	key	1	stimuli/key/key_01.jpg	pencil	1	stimuli/pencil/pencil_01.jpg	2	10	1	16	None																													0	0	0	0	3	0	3	0	0	9	9	9					1137.48156320001																																																																																																																																																																																																																										1137.4467251999304	1137.48156320001	1137.48156320001	1137.48156320001	1137.48156320001	1137.48156320001	1137.48156320001	1137.48156320001	0.09476640005595982	1142.370283999946	None			1142.4439290999435	1142.4802525999257	1142.4802525999257	1142.4802525999257	1142.4802525999257	1142.4802525999257	1142.4802525999257	1143.4672763999552	1143.476009099977	1143.9830114999786																																																																																1143.4825490999501	1143.4825490999501	1144.1104521999368	1144.1104521999368						2	2026-08-11_11h42.40.746	TSRlearn_main-blocks		2025.1.1	59.91769708027705	2026-08-11 11h42.45.818512 +0200	
stimuli/jacket/jacket_08.jpg	stimuli/ball/ball_01.jpg	stimuli/guitar/guitar_01.jpg	stimuli/flower/flower_18.jpg	right	left	center	right	10	10	0																		sequences/learning_block1_fixed-middle-10_0{participant_ID}.xlsx	sequences/retrieval_block1_fixed-middle-10_0{participant_ID}.xlsx	6	1.0	A	4	11	jacket	ball	guitar	flower	0.73	0.33	12	guitar	1	stimuli/guitar/guitar_01.jpg	lamp	1	stimuli/lamp/lamp_01.jpg	key	1	stimuli/key/key_01.jpg	pencil	1	stimuli/pencil/pencil_01.jpg	10	1	13	6	None																													0	0	0	0	3	0	3	0	0	10	10	10					1144.1104521999368																																																																																																																																																																																																																										1144.0737025999697	1144.1104521999368	1144.1104521999368	1144.1104521999368	1144.1104521999368	1144.1104521999368	1144.1104521999368	1144.1104521999368	0.09070599998813123	1149.0018150999676	None			1149.1044665999943	1149.125895999954	1149.125895999954	1149.125895999954	1149.125895999954	1149.125895999954	1149.125895999954	1150.1157694000285	1150.124511300004	1150.6316853000317																																																																																1150.1351722999243	1150.1351722999243	1150.8710067999782	1150.8710067999782						2	2026-08-11_11h42.40.746	TSRlearn_main-blocks		2025.1.1	59.91769708027705	2026-08-11 11h42.45.818512 +0200	
stimuli/ball/ball_01.jpg	stimuli/key/key_01.jpg	stimuli/hammer/hammer_28.jpg	stimuli/hand/hand_46.jpg	left	center	right	left	11	11	0																		sequences/learning_block1_fixed-middle-10_0{participant_ID}.xlsx	sequences/retrieval_block1_fixed-middle-10_0{participant_ID}.xlsx	6	1.0	A	4	12	ball	key	hammer	hand	0.67	0.47	13	guitar	1	stimuli/guitar/guitar_01.jpg	lamp	1	stimuli/lamp/lamp_01.jpg	key	1	stimuli/key/key_01.jpg	pencil	1	stimuli/pencil/pencil_01.jpg	1	15	7	8	None																													0	0	0	0	3	0	3	0	0	11	11	11					1150.8710067999782																																																																																																																																																																																																																										1150.79090849997	1150.8710067999782	1150.8710067999782	1150.8710067999782	1150.8710067999782	1150.8710067999782	1150.8710067999782	1150.8710067999782	0.15926129999570549	1155.6483835999388	None			1155.874434199999	1155.948181899963	1155.948181899963	1155.948181899963	1155.948181899963	1155.948181899963	1155.948181899963	1156.9298256000038	1156.9386979999254	1157.4461797999684																																																																																1156.9449841999449	1156.9449841999449	1157.6473249000264	1157.6473249000264						2	2026-08-11_11h42.40.746	TSRlearn_main-blocks		2025.1.1	59.91769708027705	2026-08-11 11h42.45.818512 +0200	
stimuli/key/key_01.jpg	stimuli/pencil/pencil_01.jpg	stimuli/flower/flower_18.jpg	stimuli/guitar/guitar_01.jpg	left	right	center	left	12	12	0																		sequences/learning_block1_fixed-middle-10_0{participant_ID}.xlsx	sequences/retrieval_block1_fixed-middle-10_0{participant_ID}.xlsx	6	1.0	A	4	13	key	pencil	flower	guitar	0.47	0.26	14	guitar	1	stimuli/guitar/guitar_01.jpg	lamp	1	stimuli/lamp/lamp_01.jpg	key	1	stimuli/key/key_01.jpg	pencil	1	stimuli/pencil/pencil_01.jpg	15	16	6	13	None																													0	0	0	0	3	0	3	0	0	12	12	12					1157.6473249000264																																																																																																																																																																																																																										1157.5761841000058	1157.6473249000264	1157.6473249000264	1157.6473249000264	1157.6473249000264	1157.6473249000264	1157.6473249000264	1157.6473249000264	0.13002909999340773	1162.4819039999275	None			1162.6202077999478	1162.7234786000336	1162.7234786000336	1162.7234786000336	1162.7234786000336	1162.7234786000336	1162.7234786000336	1163.7117100999458	1163.7215088999365	1164.2440597999375																																																																																1163.7431453999598	1163.7431453999598	1164.2576573999831	1164.2576573999831						2	2026-08-11_11h42.40.746	TSRlearn_main-blocks		2025.1.1	59.91769708027705	2026-08-11 11h42.45.818512 +0200	
								0	0	0				1	stimuli/hand/hand_46.jpg	stimuli/bicycle/bicycle_20.jpg	None	no	yes	right	right	4	1.2	0.2		0.51	1.91	sequences/learning_block1_fixed-middle-10_0{participant_ID}.xlsx	sequences/retrieval_block1_fixed-middle-10_0{participant_ID}.xlsx	6	block1	A	4																												0	0	1	4	A	8	2	None	None	None																	0	0	0	0	3	0	3	0					0	0	0	0	1170.4051170999883																																																																																																																																																																																																																																																	1164.2509232999291	1164.2576573999831	1169.2728574000066	1169.2590691000223	1169.2592036999995	1169.2728574000066	1169.2728574000066	1170.25879969995	None	1170.2589176000329	1170.258967999951	1170.3952745000133	1170.4051170999883	1170.976407899987	1170.908141199965	1170.952817399986	1170.976407899987	1171.9889288999839	1171.9747231999645	1171.9747695999686	1171.9889288999839	1172.22443870001	1172.2418367000064	1172.2579137999564	1173.271856999956	1173.2591356999474	1173.2591965999454	1173.271856999956	1173.5076525999466	1173.5076921000145	1173.5214482999872	1175.470451900037	1175.4314621000085	1175.4459504999686	1175.470451900037	1175.470451900037	1175.470451900037	1175.470451900037	1175.470451900037	1178.4584126999835	None	1178.4611342999851	1178.4700927999802	1178.985990599962	1178.95568559994	1178.95842489996	1178.985990599962	1178.985990599962	1178.985990599962	1178.985990599962	1178.985990599962	1179.4698234000243	1182.4729541999986	None			1182.475675099995	1182.9712138000177	1172.2579137999564	1173.5214482999872			1178.4700927999802	1178.4700927999802	1178.4700927999802	1181.9857458999613	1181.9857458999613	1181.9857458999613	1181.9857458999613	1181.9857458999613	1182.4853739999235	1182.4853739999235	1182.9852360000368											1170.4051170999883	1170.4051170999883				2	2026-08-11_11h42.40.746	TSRlearn_main-blocks		2025.1.1	59.91769708027705	2026-08-11 11h42.45.818512 +0200	
								1	1	0				1	stimuli/flower/flower_18.jpg	stimuli/house/house_01.jpg	None	no	yes	left	left	3	1.2	0.2		0.26	2.08	sequences/learning_block1_fixed-middle-10_0{participant_ID}.xlsx	sequences/retrieval_block1_fixed-middle-10_0{participant_ID}.xlsx	6	block1	A	4																												0	1	0	4	A	6	9	None	None	None																	0	0	0	0	3	0	3	0					0	1	1	1	1182.9852360000368																																																																																																																																																																																																																																																												1182.9717757999897	1182.9852360000368	1183.2908229000168	1183.2397406999953	1183.2717909000348	1183.2908229000168	1184.3022265000036	1184.2881077999482	1184.288145700004	1184.3022265000036	1184.5538504000288	1184.5707073999802	1184.5877752000233	1185.6008648999268	1185.58708810003	1185.5871348000364	1185.6008648999268	1185.8364460000303	1185.8364838999696	1185.8515524000395	1187.9494609999238	1187.919443199993	1187.9322659999598	1187.9494609999238	1187.9494609999238	1187.9494609999238	1187.9494609999238	1187.9494609999238	1190.9395080999238	None	1190.9435424000258	1190.949606499984	1191.4651996999746	1191.4356030999916	1191.4390637000324	1191.4651996999746	1191.4651996999746	1191.4651996999746	1191.4651996999746	1191.4651996999746	1191.9347467999905	1194.937364900019	None			1194.9405061999569	1195.4397931999993		1185.8515524000395			1190.949606499984	1190.949606499984	1190.949606499984	1194.4652918999782	1194.4652918999782	1194.4652918999782	1194.4652918999782	1194.4652918999782	1194.952633799985	1194.952633799985	1195.4482368000317																2	2026-08-11_11h42.40.746	TSRlearn_main-blocks		2025.1.1	59.91769708027705	2026-08-11 11h42.45.818512 +0200	
								2	2	0				1	stimuli/dog/dog_41.jpg	stimuli/jacket/jacket_08.jpg	None	yes	no	left	left	2	1.2	0.2		0.69	2.21	sequences/learning_block1_fixed-middle-10_0{participant_ID}.xlsx	sequences/retrieval_block1_fixed-middle-10_0{participant_ID}.xlsx	6	block1	A	4																												0	2	1	4	A	5	10	None	None	None																	0	0	0	0	3	0	3	0					0	2	2	2	1195.4482368000317																																																																																																																																																																																																																																																												1195.4402635999722	1195.4482368000317	1196.204131699982	1196.133900500019	1196.1897853999399	1196.204131699982	1197.21701319993	1197.2034670999274	1197.2035051999846	1197.21701319993	1197.4793392999563	1197.5223284999374	1197.5339317999315	1198.5504194999812	1198.5329646000173	1198.5330012999475	1198.5504194999812	1198.7992359999334	1198.7992945000296	1198.813452100032	1201.0455036000349	1201.015309899929	1201.0289807999507	1201.0455036000349	1201.0455036000349	1201.0455036000349	1201.0455036000349	1201.0455036000349	1204.0331686999416	None	1204.0358116999269	1204.0454041999765	1204.5619477999862	1204.5320536999498	1204.5350520999637	1204.5619477999862	1204.5619477999862	1204.5619477999862	1204.5619477999862	1204.5619477999862	1205.030993500026	1208.0179311999818	None			1208.0199827000033	1208.5183509000344					1204.0454041999765	1204.0454041999765	1204.0454041999765	1207.563932399964	1207.563932399964	1207.563932399964	1207.563932399964	1207.563932399964	1208.029878500034	1208.029878500034	1208.5296861999668																2	2026-08-11_11h42.40.746	TSRlearn_main-blocks		2025.1.1	59.91769708027705	2026-08-11 11h42.45.818512 +0200	
								3	3	0				1	stimuli/bread/bread_05.jpg	stimuli/hammer/hammer_28.jpg	None	yes	no	right	right	5	1.2	0.2		0.52	2.17	sequences/learning_block1_fixed-middle-10_0{participant_ID}.xlsx	sequences/retrieval_block1_fixed-middle-10_0{participant_ID}.xlsx	6	block1	A	4																												0	3	0	4	A	3	7	None	None	None																	0	0	0	0	3	0	3	0					0	3	3	3	1208.5296861999668																																																																																																																																																																																																																																																												1208.5189360999502	1208.5296861999668	1209.0993554999586	1209.0465458999388	1209.077143099974	1209.0993554999586	1210.110271499958	1210.0954273999669	1210.0954701999435	1210.110271499958	1210.345512800035	1210.3821089999983	1210.4008275000378	1211.4095675999997	1211.395475700032	1211.3955206000246	1211.4095675999997	1211.6450700999703	1211.6451050000032	1211.6595553000225	1213.8583004999673	1213.827867200016	1213.841948300018	1213.8583004999673	1213.8583004999673	1213.8583004999673	1213.8583004999673	1213.8583004999673	1216.846325099934	None	1216.848818599945	1216.857980199973	1217.3739399999613	1217.343995800009	1217.3471720999805	1217.3739399999613	1217.3739399999613	1217.3739399999613	1217.3739399999613	1217.3739399999613	1217.8571939999238	1220.8441682999255	None			1220.8465930999955	1221.3422028999776		1211.6595553000225			1216.857980199973	1216.857980199973	1216.857980199973	1220.3732565999962	1220.3732565999962	1220.3732565999962	1220.3732565999962	1220.3732565999962	1220.8564556000056	1220.8564556000056	1221.3564279000275																2	2026-08-11_11h42.40.746	TSRlearn_main-blocks		2025.1.1	59.91769708027705	2026-08-11 11h42.45.818512 +0200	
								4	4	0				1	stimuli/flower/flower_18.jpg	stimuli/bicycle/bicycle_20.jpg	None	yes	no	left	left	3	1.2	0.2		0.48	2.19	sequences/learning_block1_fixed-middle-10_0{participant_ID}.xlsx	sequences/retrieval_block1_fixed-middle-10_0{participant_ID}.xlsx	6	block1	A	4																												1	4	1	4	A	6	2	None	None	None																	0	0	0	0	3	0	3	0					0	4	4	4	1221.3564279000275																																																																																																																																																																																																																																																												1221.3428267999552	1221.3564279000275	1221.8592426000396	1221.8245859999442	1221.8515149999876	1221.8592426000396	1222.8726558999624	1222.8585698000388	1222.858615999925	1222.8726558999624	1223.1083370000124	1223.1249662999762	1223.1442319999915	1224.155708599952	1224.141684500035	1224.1417314999271	1224.155708599952	1224.3905690000392	1224.390604599961	1224.4053205000237	1226.6208014999283	1226.5906190000242	1226.6049244999886	1226.6208014999283	1226.6208014999283	1226.6208014999283	1226.6208014999283	1226.6208014999283	1229.6079862000188	None	1229.6106917000143	1229.6206406999845	1230.1361424999777	1230.1055498999776	1230.108245600015	1230.1361424999777	1230.1361424999777	1230.1361424999777	1230.1361424999777	1230.1361424999777	1230.6199893000303	1233.6071389999706	None			1233.60909059993	1234.104567399947	1223.1442319999915	1224.4053205000237			1229.6206406999845	1229.6206406999845	1229.6206406999845	1233.1362809999846	1233.1362809999846	1233.1362809999846	1233.1362809999846	1233.1362809999846	1233.6193997999653	1233.6193997999653	1234.1189911999973																2	2026-08-11_11h42.40.746	TSRlearn_main-blocks		2025.1.1	59.91769708027705	2026-08-11 11h42.45.818512 +0200	
								5	5	0				1	stimuli/dog/dog_41.jpg	stimuli/house/house_01.jpg	None	no	yes	left	left	5	1.2	0.2		0.54	2.07	sequences/learning_block1_fixed-middle-10_0{participant_ID}.xlsx	sequences/retrieval_block1_fixed-middle-10_0{participant_ID}.xlsx	6	block1	A	4																												1	5	0	4	A	5	9	None	None	None																	0	0	0	0	3	0	3	0					0	5	5	5	1234.1189911999973																																																																																																																																																																																																																																																												1234.104943400016	1234.1189911999973	1234.70892679994	1234.6544651000295	1234.695976799936	1234.70892679994	1235.7182817999274	1235.704586799955	1235.7046312999446	1235.7182817999274	1235.9539565999294	1235.9675989999669	1235.9880965999328	1237.0085594999837	1236.986685700016	1236.9867314000148	1237.0085594999837	1237.2541417999892	1237.254207800026	1237.2682341999607	1239.3666193999816	1239.3367728999583	1239.3498250999255	1239.3666193999816	1239.3666193999816	1239.3666193999816	1239.3666193999816	1239.3666193999816	1242.3548816000111	None	1242.3586295000277	1242.3665199000388	1242.8820780999959	1242.8514787999447	1242.8541933000088	1242.8820780999959	1242.8820780999959	1242.8820780999959	1242.8820780999959	1242.8820780999959	1243.366632899968	1246.3701367999893	None			1246.3728495000396	1246.8671047999524	1235.9880965999328				1242.3665199000388	1242.3665199000388	1242.3665199000388	1245.8821485999506	1245.8821485999506	1245.8821485999506	1245.8821485999506	1245.8821485999506	1246.3817420999985	1246.3817420999985	1246.8820266999537																2	2026-08-11_11h42.40.746	TSRlearn_main-blocks		2025.1.1	59.91769708027705	2026-08-11 11h42.45.818512 +0200	
								6	6	0				1	stimuli/ball/ball_01.jpg	stimuli/bread/bread_05.jpg	None	yes	no	right	right	4	1.2	0.2		0.62	1.81	sequences/learning_block1_fixed-middle-10_0{participant_ID}.xlsx	sequences/retrieval_block1_fixed-middle-10_0{participant_ID}.xlsx	6	block1	A	4																												1	6	0	4	A	1	3	None	None	None																	0	0	0	0	3	0	3	0					0	6	6	6	1246.8820266999537																																																																																																																																																																																																																																																												1246.8674726999598	1246.8820266999537	1247.5354301999323	1247.5000934000127	1247.51296870003	1247.5354301999323	1248.5478668999858	1248.5341569000157	1248.534210999962	1248.5478668999858	1248.782938899938	1248.811216800008	1248.8336091999663	1249.8477987999795	1249.8341785999946	1249.834240199998	1249.8477987999795	1250.0832978999242	1250.0833273000317	1250.0973606000189	1251.9294440000085	1251.8994902999839	1251.912787499954	1251.9294440000085	1251.9294440000085	1251.9294440000085	1251.9294440000085	1251.9294440000085	1254.9169420999242	None	1254.9198757000268	1254.9293216000078	1255.445265199989	1255.4151029000059	1255.4173809000058	1255.445265199989	1255.445265199989	1255.445265199989	1255.445265199989	1255.445265199989	1255.9286307999864	1258.915568599943	None			1258.9183806999354	1259.4132795999758	1248.8336091999663	1250.0973606000189			1254.9293216000078	1254.9293216000078	1254.9293216000078	1258.445649900008	1258.445649900008	1258.445649900008	1258.445649900008	1258.445649900008	1258.928121899953	1258.928121899953	1259.4274307999294																2	2026-08-11_11h42.40.746	TSRlearn_main-blocks		2025.1.1	59.91769708027705	2026-08-11 11h42.45.818512 +0200	
								7	7	0				1	stimuli/chair/chair_23.jpg	stimuli/hammer/hammer_28.jpg	None	yes	no	right	right	2	1.2	0.2		0.7	1.8	sequences/learning_block1_fixed-middle-10_0{participant_ID}.xlsx	sequences/retrieval_block1_fixed-middle-10_0{participant_ID}.xlsx	6	block1	A	4																												1	7	0	4	A	4	7	None	None	None																	0	0	0	0	3	0	3	0					0	7	7	7	1259.4274307999294																																																																																																																																																																																																																																																												1259.413837900036	1259.4274307999294	1260.1466803000076	1260.113518099999	1260.1257460999768	1260.1466803000076	1261.1603593999753	1261.1457997999387	1261.1458431000356	1261.1603593999753	1261.3963884999976	1261.4396342999535	1261.4687532000244	1262.476587299956	1262.463385400013	1262.4634303000057	1262.476587299956	1262.7129988999804	1262.7130368000362	1262.7268820999889	1264.5589148999425	1264.5122276999755	1264.5263087999774	1264.5589148999425	1264.5589148999425	1264.5589148999425	1264.5589148999425	1264.5589148999425	1267.5300248999847	None	1267.5322134000016	1267.5421868999256	1268.0581594000105	1268.0276938999305	1268.030541599961	1268.0581594000105	1268.0581594000105	1268.0581594000105	1268.0581594000105	1268.0581594000105	1268.5416635000147	1271.5283821999328	None			1271.5303577999584	1272.0433316000272		1262.7268820999889						1271.0575703999493	1271.0575703999493	1271.0575703999493	1271.0575703999493	1271.0575703999493	1271.5416056999238	1271.5416056999238	1272.057265899959																2	2026-08-11_11h42.40.746	TSRlearn_main-blocks		2025.1.1	59.91769708027705	2026-08-11 11h42.45.818512 +0200	
								8	8	0				1	stimuli/hand/hand_46.jpg	stimuli/jacket/jacket_08.jpg	None	yes	no	left	left	5	1.2	0.2		0.6	2.15	sequences/learning_block1_fixed-middle-10_0{participant_ID}.xlsx	sequences/retrieval_block1_fixed-middle-10_0{participant_ID}.xlsx	6	block1	A	4																												2	8	1	4	A	8	10	None	None	None																	0	0	0	0	3	0	3	0					0	8	8	8	1272.057265899959																																																																																																																																																																																																																																																												1272.043904799968	1272.057265899959	1272.7144235000014	1272.6423408000264	1272.6904666000046	1272.7144235000014	1273.7229954999639	1273.7089861999266	1273.7090318999253	1273.7229954999639	1273.959095499944	1273.9920241000364	1274.0107652000152	1275.0230437000282	1275.0092522000195	1275.0092979000183	1275.0230437000282	1275.2588354999898	1275.2588726999238	1275.2729587999638	1277.4385103000095	1277.4081190000288	1277.42212569993	1277.4385103000095	1277.4385103000095	1277.4385103000095	1277.4385103000095	1277.4385103000095	1280.4252130000386	None	1280.4272316999268	1280.4381481999299	1280.9538363999454	1280.9234047000064	1280.9262433999684	1280.9538363999454	1280.9538363999454	1280.9538363999454	1280.9538363999454	1280.9538363999454	1281.4374209999805	1284.4250129000284	None			1284.4278374999994	1284.922115799971	1274.0107652000152	1275.2729587999638			1280.4381481999299	1280.4381481999299	1280.4381481999299	1283.953456499963	1283.953456499963	1283.953456499963	1283.953456499963	1283.953456499963	1284.4369145999663	1284.4369145999663	1284.9364279999863																2	2026-08-11_11h42.40.746	TSRlearn_main-blocks		2025.1.1	59.91769708027705	2026-08-11 11h42.45.818512 +0200	
								9	9	0				1	stimuli/flower/flower_18.jpg	stimuli/hammer/hammer_28.jpg	None	no	yes	left	left	4	1.2	0.2		0.66	2.25	sequences/learning_block1_fixed-middle-10_0{participant_ID}.xlsx	sequences/retrieval_block1_fixed-middle-10_0{participant_ID}.xlsx	6	block1	A	4																												2	9	0	4	A	6	7	None	None	None																	0	0	0	0	3	0	3	0					0	9	9	9	1284.9364279999863																																																																																																																																																																																																																																																												1284.9226752000395	1284.9364279999863	1285.6443138000323	1285.588707500021	1285.6208829999669	1285.6443138000323	1286.6525629999815	1286.638943900005	1286.6389909000136	1286.6525629999815	1286.8882688999875	1286.9376788999652	1286.966489000013	1287.9688785999315	1287.9550616999622	1287.9551085999701	1287.9688785999315	1288.204843299929	1288.2048698000144	1288.2187745999545	1290.5011244999478	1290.4550735999364	1290.4688828999642	1290.5011244999478	1290.5011244999478	1290.5011244999478	1290.5011244999478	1290.5011244999478	1293.471589999972	None	1293.4743651000317	1293.4836373999715	1293.999971800018	1293.9696125999326	1293.9726108999457	1293.999971800018	1293.999971800018	1293.999971800018	1293.999971800018	1293.999971800018	1294.48363589996	1297.4873022999382	None			1297.4898678000318	1297.984839099925	1286.966489000013	1288.2187745999545						1296.9993822999531	1296.9993822999531	1296.9993822999531	1296.9993822999531	1296.9993822999531	1297.499396899948	1297.499396899948	1297.9988611999433																2	2026-08-11_11h42.40.746	TSRlearn_main-blocks		2025.1.1	59.91769708027705	2026-08-11 11h42.45.818512 +0200	
								10	10	0				1	stimuli/ball/ball_01.jpg	stimuli/bicycle/bicycle_20.jpg	None	yes	no	right	right	2	1.2	0.2		0.27	2.13	sequences/learning_block1_fixed-middle-10_0{participant_ID}.xlsx	sequences/retrieval_block1_fixed-middle-10_0{participant_ID}.xlsx	6	block1	A	4																												2	10	0	4	A	1	2	None	None	None																	0	0	0	0	3	0	3	0					0	10	10	10	1297.9988611999433																																																																																																																																																																																																																																																												1297.9853942999616	1297.9988611999433	1298.301764599979	1298.2681248999434	1298.2813834999688	1298.301764599979	1299.3152509999927	1299.3011497999541	1299.3011858999962	1299.3152509999927	1299.551003200002	1299.5656118999468	1299.586591499974	1300.598338300013	1300.584300699993	1300.5843465999933	1300.598338300013	1300.833775899955	1300.833811599994	1300.8478733999655	1302.9971957999514	1302.9662823999533	1302.9799244999886	1302.9971957999514	1302.9971957999514	1302.9971957999514	1302.9971957999514	1302.9971957999514	1305.9850526000373	None	1305.9881387000205	1305.9966285999399	1306.5124152000062	1306.4823832999682	1306.4853252000175	1306.5124152000062	1306.5124152000062	1306.5124152000062	1306.5124152000062	1306.5124152000062	1306.9962065999862	1309.9836792999413	None			1309.9863672000356	1310.485374999931	1299.586591499974	1300.8478733999655			1305.9966285999399	1305.9966285999399	1305.9966285999399	1309.512086499948	1309.512086499948	1309.512086499948	1309.512086499948	1309.512086499948	1309.9955632999772	1309.9955632999772	1310.495784000028																2	2026-08-11_11h42.40.746	TSRlearn_main-blocks		2025.1.1	59.91769708027705	2026-08-11 11h42.45.818512 +0200	
								11	11	0				1	stimuli/chair/chair_23.jpg	stimuli/bread/bread_05.jpg	None	no	yes	right	right	3	1.2	0.2		0.48	2.16	sequences/learning_block1_fixed-middle-10_0{participant_ID}.xlsx	sequences/retrieval_block1_fixed-middle-10_0{participant_ID}.xlsx	6	block1	A	4																												2	11	1	4	A	4	3	None	None	None																	0	0	0	0	3	0	3	0					0	11	11	11	1310.495784000028																																																																																																																																																																																																																																																												1310.485993099981	1310.495784000028	1310.997946199961	1310.9638873999938	1310.978893399937	1310.997946199961	1312.011505399947	1311.9977822999936	1311.9978262999794	1312.011505399947	1312.2469907000195	1312.277785299928	1312.297070599976	1313.3110422999598	1313.296955000027	1313.2970011000289	1313.3110422999598	1313.546733599971	1313.546768100001	1313.5610343000153	1315.7428218999412	1315.7123007000191	1315.7255026999628	1315.7428218999412	1315.7428218999412	1315.7428218999412	1315.7428218999412	1315.7428218999412	1318.730634400039	None	1318.733614900033	1318.7427233000053	1319.2585837999359	1319.2281403000234	1319.2312350999564	1319.2585837999359	1319.2585837999359	1319.2585837999359	1319.2585837999359	1319.2585837999359	1319.7421374999685	1322.7298142999643	None			1322.7329424000345	1323.22738019994	1312.297070599976	1313.5610343000153			1318.7427233000053	1318.7427233000053	1318.7427233000053	1322.4075517000165	1322.4075517000165	1322.4075517000165	1322.4075517000165	1322.4075517000165	1322.741358099971	1322.741358099971	1323.2412194999633																2	2026-08-11_11h42.40.746	TSRlearn_main-blocks		2025.1.1	59.91769708027705	2026-08-11 11h42.45.818512 +0200	
								12	12	0				1	stimuli/hand/hand_46.jpg	stimuli/house/house_01.jpg	None	no	yes	left	left	2	1.2	0.2		0.61	1.86	sequences/learning_block1_fixed-middle-10_0{participant_ID}.xlsx	sequences/retrieval_block1_fixed-middle-10_0{participant_ID}.xlsx	6	block1	A	4																												3	12	0	4	A	8	9	None	None	None																	0	0	0	0	3	0	3	0					0	12	12	12	1323.2412194999633																																																																																																																																																																																																																																																												1323.2279320999514	1323.2412194999633	1323.92270799994	1323.843155200011	1323.8925595999463	1323.92270799994	1324.9238866999513	1324.9098995999666	1324.9099442999577	1324.9238866999513	1325.159689799999	1325.1756032999838	1325.1933262000093	1326.207057200023	1326.192927199998	1326.1929729999974	1326.207057200023	1326.4427553999703	1326.4427924000192	1326.4566715999972	1328.339035699959	1328.308217599988	1328.321838999982	1328.339035699959	1328.339035699959	1328.339035699959	1328.339035699959	1328.339035699959	1331.3259124000324	None	1331.3290474000387	1331.3385374000063	1331.8545926000224	1331.8241393000353	1331.826850399957	1331.8545926000224	1331.8545926000224	1331.8545926000224	1331.8545926000224	1331.8545926000224	1332.3386025000364	1335.3415238999296	None			1335.3441733999643	1335.8396000999492	1325.1933262000093	1326.4566715999972			1331.3385374000063	1331.3385374000063	1331.3385374000063	1334.853957699961	1334.853957699961	1334.853957699961	1334.853957699961	1334.853957699961	1335.353988399962	1335.353988399962	1335.8536989999702																2	2026-08-11_11h42.40.746	TSRlearn_main-blocks		2025.1.1	59.91769708027705	2026-08-11 11h42.45.818512 +0200	
								13	13	0				1	stimuli/dog/dog_41.jpg	stimuli/ball/ball_01.jpg	None	no	yes	right	right	3	1.2	0.2		0.54	1.9	sequences/learning_block1_fixed-middle-10_0{participant_ID}.xlsx	sequences/retrieval_block1_fixed-middle-10_0{participant_ID}.xlsx	6	block1	A	4																												3	13	1	4	A	5	1	None	None	None																	0	0	0	0	3	0	3	0					0	13	13	13	1335.8536989999702																																																																																																																																																																																																																																																												1335.840154799982	1335.8536989999702	1336.457869600039	1336.3891007000348	1336.4372805999592	1336.457869600039	1337.4698672000086	1337.4559360999847	1337.4559818999842	1337.4698672000086	1337.7059339999687	1337.7210158000235	1337.7394832000136	1338.7528141000075	1338.7387234999333	1338.7387681999244	1338.7528141000075	1338.9891817999305	1338.9892463999568	1339.0031984000234	1340.9188005999895	1340.8879728999455	1340.9011574999895	1340.9188005999895	1340.9188005999895	1340.9188005999895	1340.9188005999895	1340.9188005999895	1343.9064665000187	None	1343.9096394999651	1343.917883599992	1344.4350431000348	1344.4035786000313	1344.4058756999439	1344.4350431000348	1344.4350431000348	1344.4350431000348	1344.4350431000348	1344.4350431000348	1344.9177214000374	1347.9207845999626	None			1347.9236794000026	1348.4188824000303	1337.7394832000136				1343.917883599992	1343.917883599992	1343.917883599992	1347.4336571999593	1347.4336571999593	1347.4336571999593	1347.4336571999593	1347.4336571999593	1347.9331137000117	1347.9331137000117	1348.4330099000363																2	2026-08-11_11h42.40.746	TSRlearn_main-blocks		2025.1.1	59.91769708027705	2026-08-11 11h42.45.818512 +0200	
								14	14	0				1	stimuli/bicycle/bicycle_20.jpg	stimuli/chair/chair_23.jpg	None	no	yes	left	left	5	1.2	0.2		0.25	1.85	sequences/learning_block1_fixed-middle-10_0{participant_ID}.xlsx	sequences/retrieval_block1_fixed-middle-10_0{participant_ID}.xlsx	6	block1	A	4																												3	14	0	4	A	2	4	None	None	None																	0	0	0	0	3	0	3	0					0	14	14	14	1348.4330099000363																																																																																																																																																																																																																																																												1348.4194822999416	1348.4330099000363	1348.7052160999738	1348.6686433999566	1348.6855591000058	1348.7052160999738	1349.716196399997	1349.7021157999989	1349.7021625000052	1349.716196399997	1349.9514108999865	1349.967082999996	1349.9852836999344	1350.9991235999623	1350.9863417999586	1350.9864013999468	1350.9991235999623	1351.2349637999432	1351.2350024000043	1351.248866799986	1353.114742500009	1353.0836989999516	1353.0963435999583	1353.114742500009	1353.114742500009	1353.114742500009	1353.114742500009	1353.114742500009	1356.106752499938	None	1356.109391200007	1356.114169599954	1356.630765800015	1356.6007701000199	1356.6038389999885	1356.630765800015	1356.630765800015	1356.630765800015	1356.630765800015	1356.630765800015	1357.1137651000172	1360.1015802000184	None			1360.1043894999893	1360.6024225000292	1349.9852836999344	1351.248866799986			1356.114169599954	1356.114169599954	1356.114169599954	1359.6490807000082	1359.6490807000082	1359.6490807000082	1359.6490807000082	1359.6490807000082	1360.1141693999525	1360.1141693999525	1360.613299599965																2	2026-08-11_11h42.40.746	TSRlearn_main-blocks		2025.1.1	59.91769708027705	2026-08-11 11h42.45.818512 +0200	
								15	15	0				1	stimuli/flower/flower_18.jpg	stimuli/jacket/jacket_08.jpg	None	no	yes	right	right	4	1.2	0.2		0.26	2	sequences/learning_block1_fixed-middle-10_0{participant_ID}.xlsx	sequences/retrieval_block1_fixed-middle-10_0{participant_ID}.xlsx	6	block1	A	4																												3	15	1	4	A	6	10	None	None	None																	0	0	0	0	3	0	3	0					0	15	15	15	1360.613299599965																																																																																																																																																																																																																																																												1360.6032293000026	1360.613299599965	1360.9145063000033	1360.8666381000075	1360.8966014999896	1360.9145063000033	1361.9186027999967	1361.9064517000224	1361.9065009999322	1361.9186027999967	1362.1644328000257	1362.197017999948	1362.2143375999294	1363.2283656999934	1363.2146760999458	1363.214724499965	1363.2283656999934	1363.4643503000261	1363.4643855999457	1363.4783124999376	1365.4937369999243	1365.463616300025	1365.4765312999953	1365.4937369999243	1365.4937369999243	1365.4937369999243	1365.4937369999243	1365.4937369999243	1368.481184800039	None	1368.483866399969	1368.4936941999476	1369.0095273000188	1368.979447199963	1368.983005899936	1369.0095273000188	1369.0095273000188	1369.0095273000188	1369.0095273000188	1369.0095273000188	1369.4934719000012	1372.4804245999549	None			1372.4824781999923	1372.9777569000144		1363.4783124999376			1368.4936941999476	1368.4936941999476	1368.4936941999476	1372.0255515000317	1372.0255515000317	1372.0255515000317	1372.0255515000317	1372.0255515000317	1372.4921631999314	1372.4921631999314	1372.9918687000172																2	2026-08-11_11h42.40.746	TSRlearn_main-blocks		2025.1.1	59.91769708027705	2026-08-11 11h42.45.818512 +0200	
								16	16	0				1	stimuli/bread/bread_05.jpg	stimuli/bicycle/bicycle_20.jpg	None	yes	no	left	left	2	1.2	0.2		0.51	2.23	sequences/learning_block1_fixed-middle-10_0{participant_ID}.xlsx	sequences/retrieval_block1_fixed-middle-10_0{participant_ID}.xlsx	6	block1	A	4																												4	16	1	4	A	3	2	None	None	None																	0	0	0	0	3	0	3	0					0	16	16	16	1372.9918687000172																																																																																																																																																																																																																																																												1372.9783225000137	1372.9918687000172	1373.5439900000347	1373.4948115999578	1373.5281099999556	1373.5439900000347	1374.541309799999	1374.5351918999804	1374.5352389999898	1374.541309799999	1374.777150399983	1374.791151399957	1374.8106230000267	1375.8077022000216	1375.7992087999592	1375.799245400005	1375.8077022000216	1376.043675599969	1376.0437111000065	1376.0581248999806	1378.3229486999335	1378.27904579998	1378.2930223000003	1378.3229486999335	1378.3229486999335	1378.3229486999335	1378.3229486999335	1378.3229486999335	1381.2936086999252	None	1381.2962586999638	1381.3067165999673	1381.8218744000187	1381.7917135999305	1381.7945483999792	1381.8218744000187	1381.8218744000187	1381.8218744000187	1381.8218744000187	1381.8218744000187	1382.3055231999606	1385.3084271999542	None			1385.3102677999996	1385.8098885000218	1374.8106230000267	1376.0581248999806						1384.8217978000175	1384.8217978000175	1384.8217978000175	1384.8217978000175	1384.8217978000175	1385.3212017000187	1385.3212017000187	1385.8222010999452																2	2026-08-11_11h42.40.746	TSRlearn_main-blocks		2025.1.1	59.91769708027705	2026-08-11 11h42.45.818512 +0200	
								17	17	0				1	stimuli/chair/chair_23.jpg	stimuli/dog/dog_41.jpg	None	yes	no	left	left	4	1.2	0.2		0.48	1.89	sequences/learning_block1_fixed-middle-10_0{participant_ID}.xlsx	sequences/retrieval_block1_fixed-middle-10_0{participant_ID}.xlsx	6	block1	A	4																												4	17	1	4	A	4	5	None	None	None																	0	0	0	0	3	0	3	0					0	17	17	17	1385.8222010999452																																																																																																																																																																																																																																																												1385.8105117999949	1385.8222010999452	1386.3232787000015	1386.2907275999896	1386.30432929995	1386.3232787000015	1387.3373891999945	1387.3231725000078	1387.3232143999776	1387.3373891999945	1387.5725595999975	1387.6145382999675	1387.6276386999525	1388.6367355999537	1388.6227070000023	1388.6227717000293	1388.6367355999537	1388.872053100029	1388.8720868999371	1388.8873091000132	1390.8021103999345	1390.7723915999522	1390.7867864000145	1390.8021103999345	1390.8021103999345	1390.8021103999345	1390.8021103999345	1390.8021103999345	1393.790378500009	None	1393.7932070000097	1393.8022306000348	1394.3179304000223	1394.2878267000197	1394.2906348999823	1394.3179304000223	1394.3179304000223	1394.3179304000223	1394.3179304000223	1394.3179304000223	1394.7857276999857	1397.7884373000124	None			1397.791014599963	1398.286588500021	1387.6276386999525	1388.8873091000132			1393.8022306000348	1393.8022306000348	1393.8022306000348	1397.3179141000146	1397.3179141000146	1397.3179141000146	1397.3179141000146	1397.3179141000146	1397.800956799998	1397.800956799998	1398.3007600000128																2	2026-08-11_11h42.40.746	TSRlearn_main-blocks		2025.1.1	59.91769708027705	2026-08-11 11h42.45.818512 +0200	
								18	18	0				1	stimuli/hand/hand_46.jpg	stimuli/hammer/hammer_28.jpg	None	yes	no	right	right	3	1.2	0.2		0.57	1.88	sequences/learning_block1_fixed-middle-10_0{participant_ID}.xlsx	sequences/retrieval_block1_fixed-middle-10_0{participant_ID}.xlsx	6	block1	A	4																												4	18	0	4	A	8	7	None	None	None																	0	0	0	0	3	0	3	0					0	18	18	18	1398.3007600000128																																																																																																																																																																																																																																																												1398.2872118999949	1398.3007600000128	1398.9502151999623	1398.8710743000265	1398.9285565000027	1398.9502151999623	1399.9507302999264	1399.9371530000353	1399.937203999958	1399.9507302999264	1400.1870405999944	1400.2331139999442	1400.254125699983	1401.266486599925	1401.25271479995	1401.252764099976	1401.266486599925	1401.5055208000122	1401.5055966000073	1401.521932899952	1403.448785900022	1403.4019784999546	1403.4164396999404	1403.448785900022	1403.448785900022	1403.448785900022	1403.448785900022	1403.448785900022	1406.4217806999804	None	1406.4258437999524	1406.4356677000178	1406.9641334000044	1406.9376881000353	1406.9423322000075	1406.9641334000044	1406.9641334000044	1406.9641334000044	1406.9641334000044	1406.9641334000044	1407.4481779999333	1410.4514473000308	None			1410.4538391999668	1410.9497552999528	1400.254125699983							1409.9635694000171	1409.9635694000171	1409.9635694000171	1409.9635694000171	1409.9635694000171	1410.4635540000163	1410.4635540000163	1410.9633404000197																2	2026-08-11_11h42.40.746	TSRlearn_main-blocks		2025.1.1	59.91769708027705	2026-08-11 11h42.45.818512 +0200	
								19	19	0				1	stimuli/flower/flower_18.jpg	stimuli/ball/ball_01.jpg	None	no	yes	right	right	5	1.2	0.2		0.36	1.87	sequences/learning_block1_fixed-middle-10_0{participant_ID}.xlsx	sequences/retrieval_block1_fixed-middle-10_0{participant_ID}.xlsx	6	block1	A	4																												4	19	1	4	A	6	1	None	None	None																	0	0	0	0	3	0	3	0					0	19	19	19	1410.9633404000197																																																																																																																																																																																																																																																												1410.9503477999242	1410.9633404000197	1411.368647199939	1411.3158344000112	1411.3503071999876	1411.368647199939	1412.3795520999702	1412.3656130000018	1412.3656575999921	1412.3795520999702	1412.6156590000028	1412.6296737999655	1412.6512857000344	1413.662988099968	1413.6486669000005	1413.6487135000061	1413.662988099968	1413.8980700999964	1413.8981040000217	1413.9119724000338	1415.827826499939	1415.7812991000246	1415.7964517000364	1415.827826499939	1415.827826499939	1415.827826499939	1415.827826499939	1415.827826499939	1418.7994151000166	None	1418.8022231999785	1418.8110384999309	1419.3268724000081	1419.2969508999959	1419.2999293999746	1419.3268724000081	1419.3268724000081	1419.3268724000081	1419.3268724000081	1419.3268724000081	1419.8103320000228	1422.7981521999463	None			1422.8010104999412	1423.2954845000058	1412.6512857000344	1413.9119724000338						1422.326345599955	1422.326345599955	1422.326345599955	1422.326345599955	1422.326345599955	1422.8099756999873	1422.8099756999873	1423.3094378999667																2	2026-08-11_11h42.40.746	TSRlearn_main-blocks		2025.1.1	59.91769708027705	2026-08-11 11h42.45.818512 +0200	
stimuli/guitar/guitar_01.jpg	stimuli/lamp/lamp_01.jpg	stimuli/hammer/hammer_28.jpg	stimuli/ball/ball_01.jpg	center	right	left	center	0	0	0																		sequences/learning_block1_fixed-middle-10_0{participant_ID}.xlsx	sequences/retrieval_block1_fixed-middle-10_0{participant_ID}.xlsx	6	1.0	A	5	1	guitar	lamp	hammer	ball	0.8	0.31	2	guitar	1	stimuli/guitar/guitar_01.jpg	lamp	1	stimuli/lamp/lamp_01.jpg	key	1	stimuli/key/key_01.jpg	pencil	1	stimuli/pencil/pencil_01.jpg	13	14	7	1	None																													0	0	0	0	4	0	4	0	0	0	0	0					1455.2365169000113																																																																																																																																																																																																																					1454.3281094999984	1454.3281725000124	1454.3361501999898	1454.3506507999264	1454.833973599947	1455.1286563000176	1455.2365169000113	1455.2365169000113	1455.2365169000113	1455.2365169000113	1455.2365169000113	1455.2365169000113	1455.2365169000113	0.30053080001380295	1459.9533238000004	None			1460.106301199994	1460.1625721999444	1460.1625721999444	1460.1625721999444	1460.1625721999444	1460.1625721999444	1460.1625721999444	1461.1560974000022	1461.1672196999425	1461.682995299925																																																																										1423.3025755999843	1453.3093041999964	1453.3196755999234	1453.3329866999993	1454.3506507999264	1454.3279343999457	1461.1878267999273	1461.1878267999273	1462.0653667999431	1462.0653667999431				1423.3094378999667	1453.3329866999993	2	2026-08-11_11h42.40.746	TSRlearn_main-blocks		2025.1.1	59.91769708027705	2026-08-11 11h42.45.818512 +0200	
stimuli/lamp/lamp_01.jpg	stimuli/hammer/hammer_28.jpg	stimuli/dog/dog_41.jpg	stimuli/key/key_01.jpg	left	center	right	left	1	1	0																		sequences/learning_block1_fixed-middle-10_0{participant_ID}.xlsx	sequences/retrieval_block1_fixed-middle-10_0{participant_ID}.xlsx	6	1.0	A	5	2	lamp	hammer	dog	key	0.53	0.31	3	guitar	1	stimuli/guitar/guitar_01.jpg	lamp	1	stimuli/lamp/lamp_01.jpg	key	1	stimuli/key/key_01.jpg	pencil	1	stimuli/pencil/pencil_01.jpg	14	7	5	15	None																													0	0	0	0	4	0	4	0	0	1	1	1					1462.0653667999431																																																																																																																																																																																																																										1461.930868400028	1462.0653667999431	1462.0653667999431	1462.0653667999431	1462.0653667999431	1462.0653667999431	1462.0653667999431	1462.0653667999431	0.24792200000956655	1466.7004413999384	None			1466.9417307999684	1467.025237499969	1467.025237499969	1467.025237499969	1467.025237499969	1467.025237499969	1467.025237499969	1468.0140798999928	1468.0226157000288	1468.5307539999485																																																																																1468.0305032000178	1468.0305032000178	1468.68886200001	1468.68886200001						2	2026-08-11_11h42.40.746	TSRlearn_main-blocks		2025.1.1	59.91769708027705	2026-08-11 11h42.45.818512 +0200	
stimuli/hammer/hammer_28.jpg	stimuli/house/house_01.jpg	stimuli/bicycle/bicycle_20.jpg	stimuli/ball/ball_01.jpg	left	right	center	left	2	2	0																		sequences/learning_block1_fixed-middle-10_0{participant_ID}.xlsx	sequences/retrieval_block1_fixed-middle-10_0{participant_ID}.xlsx	6	1.0	A	5	3	hammer	house	bicycle	ball	0.53	0.42	4	guitar	1	stimuli/guitar/guitar_01.jpg	lamp	1	stimuli/lamp/lamp_01.jpg	key	1	stimuli/key/key_01.jpg	pencil	1	stimuli/pencil/pencil_01.jpg	7	9	2	1	None																													0	0	0	0	4	0	4	0	0	2	2	2					1468.68886200001																																																																																																																																																																																																																										1468.6289791000308	1468.68886200001	1468.68886200001	1468.68886200001	1468.68886200001	1468.68886200001	1468.68886200001	1468.68886200001	0.09824940003454685	1473.5520693999715	None			1473.6654847000027	1473.7060906999977	1473.7060906999977	1473.7060906999977	1473.7060906999977	1473.7060906999977	1473.7060906999977	1474.695733499946	1474.7047684999416	1475.2122478999663																																																																																1474.7122193999821	1474.7122193999821	1475.3616100000218	1475.3616100000218						2	2026-08-11_11h42.40.746	TSRlearn_main-blocks		2025.1.1	59.91769708027705	2026-08-11 11h42.45.818512 +0200	
stimuli/house/house_01.jpg	stimuli/chair/chair_23.jpg	stimuli/jacket/jacket_08.jpg	stimuli/pencil/pencil_01.jpg	right	center	left	right	3	3	0																		sequences/learning_block1_fixed-middle-10_0{participant_ID}.xlsx	sequences/retrieval_block1_fixed-middle-10_0{participant_ID}.xlsx	6	1.0	A	5	4	house	chair	jacket	pencil	0.53	0.36	5	guitar	1	stimuli/guitar/guitar_01.jpg	lamp	1	stimuli/lamp/lamp_01.jpg	key	1	stimuli/key/key_01.jpg	pencil	1	stimuli/pencil/pencil_01.jpg	9	4	10	16	None																													0	0	0	0	4	0	4	0	0	3	3	3					1475.3616100000218																																																																																																																																																																																																																										1475.2968696999596	1475.3616100000218	1475.3616100000218	1475.3616100000218	1475.3616100000218	1475.3616100000218	1475.3616100000218	1475.3616100000218	0.08467909996397793	1480.237259699963	None			1480.327859699959	1480.3798702999484	1480.3798702999484	1480.3798702999484	1480.3798702999484	1480.3798702999484	1480.3798702999484	1481.4371862999396	1481.4480204000138	1481.961272799992																																																																																1481.4597167000175	1481.4597167000175	1482.1494649000233	1482.1494649000233						2	2026-08-11_11h42.40.746	TSRlearn_main-blocks		2025.1.1	59.91769708027705	2026-08-11 11h42.45.818512 +0200	
stimuli/chair/chair_23.jpg	stimuli/hand/hand_46.jpg	stimuli/flower/flower_18.jpg	stimuli/ball/ball_01.jpg	right	center	left	right	4	4	0																		sequences/learning_block1_fixed-middle-10_0{participant_ID}.xlsx	sequences/retrieval_block1_fixed-middle-10_0{participant_ID}.xlsx	6	1.0	A	5	5	chair	hand	flower	ball	0.8	0.53	6	guitar	1	stimuli/guitar/guitar_01.jpg	lamp	1	stimuli/lamp/lamp_01.jpg	key	1	stimuli/key/key_01.jpg	pencil	1	stimuli/pencil/pencil_01.jpg	4	8	6	1	None																													0	0	0	0	4	0	4	0	0	4	4	4					1482.1494649000233																																																																																																																																																																																																																										1482.0992852000054	1482.1494649000233	1482.1494649000233	1482.1494649000233	1482.1494649000233	1482.1494649000233	1482.1494649000233	1482.1494649000233	0.13805970002431422	1486.9779426000314	None			1487.0896496999776	1487.1258181999438	1487.1258181999438	1487.1258181999438	1487.1258181999438	1487.1258181999438	1487.1258181999438	1488.1937432999257	1488.2020286000334	1488.7078000999754																																																																																1488.223292300012	1488.223292300012	1488.9448616999434	1488.9448616999434						2	2026-08-11_11h42.40.746	TSRlearn_main-blocks		2025.1.1	59.91769708027705	2026-08-11 11h42.45.818512 +0200	
stimuli/hand/hand_46.jpg	stimuli/flower/flower_18.jpg	stimuli/bread/bread_05.jpg	stimuli/key/key_01.jpg	left	right	center	left	5	5	0																		sequences/learning_block1_fixed-middle-10_0{participant_ID}.xlsx	sequences/retrieval_block1_fixed-middle-10_0{participant_ID}.xlsx	6	1.0	A	5	6	hand	flower	bread	key	0.8	0.53	7	guitar	1	stimuli/guitar/guitar_01.jpg	lamp	1	stimuli/lamp/lamp_01.jpg	key	1	stimuli/key/key_01.jpg	pencil	1	stimuli/pencil/pencil_01.jpg	8	6	3	15	None																													0	0	0	0	4	0	4	0	0	5	5	5					1488.9448616999434																																																																																																																																																																																																																										1488.8712352999719	1488.9448616999434	1488.9448616999434	1488.9448616999434	1488.9448616999434	1488.9448616999434	1488.9448616999434	1488.9448616999434	0.16346389998216182	1493.7249940999318	None			1493.9548465999542	1494.008905799943	1494.008905799943	1494.008905799943	1494.008905799943	1494.008905799943	1494.008905799943	1494.9890426000347	1494.9975101000164	1495.5069982999703																																																																																1495.0045914000366	1495.0045914000366	1495.689763100003	1495.689763100003						2	2026-08-11_11h42.40.746	TSRlearn_main-blocks		2025.1.1	59.91769708027705	2026-08-11 11h42.45.818512 +0200	
stimuli/flower/flower_18.jpg	stimuli/bread/bread_05.jpg	stimuli/pencil/pencil_01.jpg	stimuli/house/house_01.jpg	left	center	right	left	6	6	0																		sequences/learning_block1_fixed-middle-10_0{participant_ID}.xlsx	sequences/retrieval_block1_fixed-middle-10_0{participant_ID}.xlsx	6	1.0	A	5	7	flower	bread	pencil	house	0.53	0.27	8	guitar	1	stimuli/guitar/guitar_01.jpg	lamp	1	stimuli/lamp/lamp_01.jpg	key	1	stimuli/key/key_01.jpg	pencil	1	stimuli/pencil/pencil_01.jpg	6	3	16	9	None																													0	0	0	0	4	0	4	0	0	6	6	6					1495.689763100003																																																																																																																																																																																																																										1495.6262957999716	1495.689763100003	1495.689763100003	1495.689763100003	1495.689763100003	1495.689763100003	1495.689763100003	1495.689763100003	0.11932359996717423	1500.5250485999277	None			1500.648958900012	1500.6852087000152	1500.6852087000152	1500.6852087000152	1500.6852087000152	1500.6852087000152	1500.6852087000152	1501.6720614000224	1501.6830640999833	1502.204304200015																																																																																1501.7031975999707	1501.7031975999707	1502.4414887999883	1502.4414887999883						2	2026-08-11_11h42.40.746	TSRlearn_main-blocks		2025.1.1	59.91769708027705	2026-08-11 11h42.45.818512 +0200	
stimuli/bread/bread_05.jpg	stimuli/dog/dog_41.jpg	stimuli/house/house_01.jpg	stimuli/hand/hand_46.jpg	center	left	right	center	7	7	0																		sequences/learning_block1_fixed-middle-10_0{participant_ID}.xlsx	sequences/retrieval_block1_fixed-middle-10_0{participant_ID}.xlsx	6	1.0	A	5	8	bread	dog	house	hand	0.33	0.2	9	guitar	1	stimuli/guitar/guitar_01.jpg	lamp	1	stimuli/lamp/lamp_01.jpg	key	1	stimuli/key/key_01.jpg	pencil	1	stimuli/pencil/pencil_01.jpg	3	5	9	8	None																													0	0	0	0	4	0	4	0	0	7	7	7					1502.4414887999883																																																																																																																																																																																																																										1502.3866699000355	1502.4414887999883	1502.4414887999883	1502.4414887999883	1502.4414887999883	1502.4414887999883	1502.4414887999883	1502.4414887999883	0.18240930000320077	1507.2227303999243	None			1507.39417460002	1507.4400166999549	1507.4400166999549	1507.4400166999549	1507.4400166999549	1507.4400166999549	1507.4400166999549	1508.419013799983	1508.4284791999962	1508.938476499985																																																																																1508.4506780999945	1508.4506780999945	1509.1446549999528	1509.1446549999528						2	2026-08-11_11h42.40.746	TSRlearn_main-blocks		2025.1.1	59.91769708027705	2026-08-11 11h42.45.818512 +0200	
stimuli/dog/dog_41.jpg	stimuli/bicycle/bicycle_20.jpg	stimuli/guitar/guitar_01.jpg	stimuli/house/house_01.jpg	right	left	center	right	8	8	0																		sequences/learning_block1_fixed-middle-10_0{participant_ID}.xlsx	sequences/retrieval_block1_fixed-middle-10_0{participant_ID}.xlsx	6	1.0	A	5	9	dog	bicycle	guitar	house	0.6	0.4	10	guitar	1	stimuli/guitar/guitar_01.jpg	lamp	1	stimuli/lamp/lamp_01.jpg	key	1	stimuli/key/key_01.jpg	pencil	1	stimuli/pencil/pencil_01.jpg	5	2	13	9	None																													0	0	0	0	4	0	4	0	0	8	8	8					1509.1446549999528																																																																																																																																																																																																																										1509.0637987999944	1509.1446549999528	1509.1446549999528	1509.1446549999528	1509.1446549999528	1509.1446549999528	1509.1446549999528	1509.1446549999528	0.1253836000105366	1513.9517473999877	None			1514.048305299948	1514.0862365999492	1514.0862365999492	1514.0862365999492	1514.0862365999492	1514.0862365999492	1514.0862365999492	1515.065956800012	1515.0733495999593	1515.5835242000176																																																																																1515.081454499974	1515.081454499974	1515.7695848000003	1515.7695848000003						2	2026-08-11_11h42.40.746	TSRlearn_main-blocks		2025.1.1	59.91769708027705	2026-08-11 11h42.45.818512 +0200	
stimuli/bicycle/bicycle_20.jpg	stimuli/jacket/jacket_08.jpg	stimuli/hammer/hammer_28.jpg	stimuli/chair/chair_23.jpg	left	right	center	left	9	9	0																		sequences/learning_block1_fixed-middle-10_0{participant_ID}.xlsx	sequences/retrieval_block1_fixed-middle-10_0{participant_ID}.xlsx	6	1.0	A	5	10	bicycle	jacket	hammer	chair	0.53	0.4	11	guitar	1	stimuli/guitar/guitar_01.jpg	lamp	1	stimuli/lamp/lamp_01.jpg	key	1	stimuli/key/key_01.jpg	pencil	1	stimuli/pencil/pencil_01.jpg	2	10	7	4	None																													0	0	0	0	4	0	4	0	0	9	9	9					1515.7695848000003																																																																																																																																																																																																																										1515.7126091999235	1515.7695848000003	1515.7695848000003	1515.7695848000003	1515.7695848000003	1515.7695848000003	1515.7695848000003	1515.7695848000003	0.12909369997214526	1520.6009894999443	None			1520.719195600017	1520.7650518999435	1520.7650518999435	1520.7650518999435	1520.7650518999435	1520.7650518999435	1520.7650518999435	1521.7479812999954	1521.7571176999481	1522.2632058999734																																																																																1521.7631521000294	1521.7631521000294	1522.4723569999915	1522.4723569999915						2	2026-08-11_11h42.40.746	TSRlearn_main-blocks		2025.1.1	59.91769708027705	2026-08-11 11h42.45.818512 +0200	
stimuli/jacket/jacket_08.jpg	stimuli/ball/ball_01.jpg	stimuli/lamp/lamp_01.jpg	stimuli/house/house_01.jpg	left	center	right	left	10	10	0																		sequences/learning_block1_fixed-middle-10_0{participant_ID}.xlsx	sequences/retrieval_block1_fixed-middle-10_0{participant_ID}.xlsx	6	1.0	A	5	11	jacket	ball	lamp	house	0.67	0.53	12	guitar	1	stimuli/guitar/guitar_01.jpg	lamp	1	stimuli/lamp/lamp_01.jpg	key	1	stimuli/key/key_01.jpg	pencil	1	stimuli/pencil/pencil_01.jpg	10	1	14	9	None																													0	0	0	0	4	0	4	0	0	10	10	10					1522.4723569999915																																																																																																																																																																																																																										1522.3962254000362	1522.4723569999915	1522.4723569999915	1522.4723569999915	1522.4723569999915	1522.4723569999915	1522.4723569999915	1522.4723569999915	0.13306389993522316	1527.280530499993	None			1527.3967489999486	1527.4390104999766	1527.4390104999766	1527.4390104999766	1527.4390104999766	1527.4390104999766	1527.4390104999766	1528.4287968999706	1528.436264500022	1528.945523399976																																																																																1528.444550300017	1528.444550300017	1529.1402355999453	1529.1402355999453						2	2026-08-11_11h42.40.746	TSRlearn_main-blocks		2025.1.1	59.91769708027705	2026-08-11 11h42.45.818512 +0200	
stimuli/ball/ball_01.jpg	stimuli/key/key_01.jpg	stimuli/guitar/guitar_01.jpg	stimuli/bread/bread_05.jpg	center	left	right	center	11	11	0																		sequences/learning_block1_fixed-middle-10_0{participant_ID}.xlsx	sequences/retrieval_block1_fixed-middle-10_0{participant_ID}.xlsx	6	1.0	A	5	12	ball	key	guitar	bread	0.8	0.33	13	guitar	1	stimuli/guitar/guitar_01.jpg	lamp	1	stimuli/lamp/lamp_01.jpg	key	1	stimuli/key/key_01.jpg	pencil	1	stimuli/pencil/pencil_01.jpg	1	15	13	3	None																													0	0	0	0	4	0	4	0	0	11	11	11					1529.1402355999453																																																																																																																																																																																																																										1529.0721305999905	1529.1402355999453	1529.1402355999453	1529.1402355999453	1529.1402355999453	1529.1402355999453	1529.1402355999453	1529.1402355999453	0.12665840005502105	1533.9618497999618	None			1534.0792357999599	1534.1220172999892	1534.1220172999892	1534.1220172999892	1534.1220172999892	1534.1220172999892	1534.1220172999892	1535.1129556000233	1535.125126000028	1535.6435481000226																																																																																1535.1420045000268	1535.1420045000268	1535.871584199951	1535.871584199951						2	2026-08-11_11h42.40.746	TSRlearn_main-blocks		2025.1.1	59.91769708027705	2026-08-11 11h42.45.818512 +0200	
stimuli/key/key_01.jpg	stimuli/pencil/pencil_01.jpg	stimuli/lamp/lamp_01.jpg	stimuli/guitar/guitar_01.jpg	left	right	center	left	12	12	0																		sequences/learning_block1_fixed-middle-10_0{participant_ID}.xlsx	sequences/retrieval_block1_fixed-middle-10_0{participant_ID}.xlsx	6	1.0	A	5	13	key	pencil	lamp	guitar	0.8	0.26	14	guitar	1	stimuli/guitar/guitar_01.jpg	lamp	1	stimuli/lamp/lamp_01.jpg	key	1	stimuli/key/key_01.jpg	pencil	1	stimuli/pencil/pencil_01.jpg	15	16	14	13	None																													0	0	0	0	4	0	4	0	0	12	12	12					1535.871584199951																																																																																																																																																																																																																										1535.7844526999397	1535.871584199951	1535.871584199951	1535.871584199951	1535.871584199951	1535.871584199951	1535.871584199951	1535.871584199951	0.14094060007482767	1540.6619180999696	None			1540.8002295999322	1540.870315499953	1540.870315499953	1540.870315499953	1540.870315499953	1540.870315499953	1540.870315499953	1541.8579037999734	1541.8647445000242	1542.3734840999823																																																																																1541.8741721999831	1541.8741721999831	1542.3883050000295	1542.3883050000295						2	2026-08-11_11h42.40.746	TSRlearn_main-blocks		2025.1.1	59.91769708027705	2026-08-11 11h42.45.818512 +0200	
								0	0	0				1	stimuli/bread/bread_05.jpg	stimuli/house/house_01.jpg	None	yes	no	right	right	4	1.2	0.2		0.71	1.81	sequences/learning_block1_fixed-middle-10_0{participant_ID}.xlsx	sequences/retrieval_block1_fixed-middle-10_0{participant_ID}.xlsx	6	block1	A	5																												0	0	0	5	A	3	9	None	None	None																	0	0	0	0	4	0	4	0					0	0	0	0	1548.5528734999243																																																																																																																																																																																																																																																	1542.3780109999934	1542.3883050000295	1547.4071492999792	1547.3946278999792	1547.3948249999667	1547.4071492999792	1547.4071492999792	1548.3935273999814	None	1548.3936339999782	1548.3936810999876	1548.546501099947	1548.5528734999243	1549.3061760999262	1549.2551939999685	1549.2918909	1549.3061760999262	1550.3189659999916	1550.305575300008	1550.3057017999236	1550.3189659999916	1550.5555738999974	1550.5748511999846	1550.5901610000292	1551.6083459999645	1551.589602699969	1551.589659399935	1551.6083459999645	1551.8567397999577	1551.85681259993	1551.8689065999351	1553.717360700015	1553.6829114999855	1553.6997167000081	1553.717360700015	1553.717360700015	1553.717360700015	1553.717360700015	1553.717360700015	1556.7043138999725	None	1556.7066468999255	1556.7172379000112	1557.2496589999646	1557.2028469999786	1557.206238899962	1557.2496589999646	1557.2496589999646	1557.2496589999646	1557.2496589999646	1557.2496589999646	1557.716674300027	1560.7088499999372	None			1560.7110405999701	1561.2011288999347	1550.5901610000292				1556.7172379000112	1556.7172379000112	1556.7172379000112	1560.249233199982	1560.249233199982	1560.249233199982	1560.249233199982	1560.249233199982	1560.7157254000194	1560.7157254000194	1561.2156841999386											1548.5528734999243	1548.5528734999243				2	2026-08-11_11h42.40.746	TSRlearn_main-blocks		2025.1.1	59.91769708027705	2026-08-11 11h42.45.818512 +0200	
								1	1	0				1	stimuli/hammer/hammer_28.jpg	stimuli/chair/chair_23.jpg	None	yes	no	left	left	2	1.2	0.2		0.55	2.13	sequences/learning_block1_fixed-middle-10_0{participant_ID}.xlsx	sequences/retrieval_block1_fixed-middle-10_0{participant_ID}.xlsx	6	block1	A	5																												0	1	1	5	A	7	4	None	None	None																	0	0	0	0	4	0	4	0					0	1	1	1	1561.2156841999386																																																																																																																																																																																																																																																												1561.201689700014	1561.2156841999386	1561.8059463999234	1561.751770199975	1561.793095299974	1561.8059463999234	1562.8161015999503	1562.8015417000279	1562.8015932999551	1562.8161015999503	1563.0675943000242	1563.0817999999272	1563.1016096000094	1564.1147957999492	1564.1011958000017	1564.1012452000286	1564.1147957999492	1564.3504864999559	1564.35052550002	1564.364427399938	1566.530001200037	1566.4829206999857	1566.4985175000038	1566.530001200037	1566.530001200037	1566.530001200037	1566.530001200037	1566.530001200037	1569.501272500027	None	1569.5042301999638	1569.5128828999586	1570.0296111999778	1569.998787599965	1570.0014730999246	1570.0296111999778	1570.0296111999778	1570.0296111999778	1570.0296111999778	1570.0296111999778	1570.5164537000237	1573.516875399975	None			1573.519779699971	1574.0136787999654		1564.364427399938						1573.0286029999843	1573.0286029999843	1573.0286029999843	1573.0286029999843	1573.0286029999843	1573.5287040999392	1573.5287040999392	1574.028293499956																2	2026-08-11_11h42.40.746	TSRlearn_main-blocks		2025.1.1	59.91769708027705	2026-08-11 11h42.45.818512 +0200	
								2	2	0				1	stimuli/hand/hand_46.jpg	stimuli/jacket/jacket_08.jpg	None	no	yes	right	right	5	1.2	0.2		0.73	1.92	sequences/learning_block1_fixed-middle-10_0{participant_ID}.xlsx	sequences/retrieval_block1_fixed-middle-10_0{participant_ID}.xlsx	6	block1	A	5																												0	2	1	5	A	8	10	None	None	None																	0	0	0	0	4	0	4	0					0	2	2	2	1574.028293499956																																																																																																																																																																																																																																																												1574.0140394000337	1574.028293499956	1574.8161228999961	1574.7480407999828	1574.8014005000005	1574.8161228999961	1575.8280034000054	1575.814326899941	1575.8143776999786	1575.8280034000054	1576.0647018000018	1576.101730800001	1576.1140810999786	1577.1299393000081	1577.1150061000371	1577.1150678999256	1577.1299393000081	1577.3690118000377	1577.3691240999615	1577.3859960000264	1579.3432842999464	1579.295954399975	1579.3149227999384	1579.3432842999464	1579.3432842999464	1579.3432842999464	1579.3432842999464	1579.3432842999464	1582.3305713000009	None	1582.3333768999437	1582.3422617999604	1582.875593899982	1582.8283078999957	1582.831261400017	1582.875593899982	1582.875593899982	1582.875593899982	1582.875593899982	1582.875593899982	1583.3426143999677	1586.345770200016	None			1586.3486271000002	1586.8438221999677					1582.3422617999604	1582.3422617999604	1582.3422617999604	1585.8746640000027	1585.8746640000027	1585.8746640000027	1585.8746640000027	1585.8746640000027	1586.3576202000258	1586.3576202000258	1586.8575829999754																2	2026-08-11_11h42.40.746	TSRlearn_main-blocks		2025.1.1	59.91769708027705	2026-08-11 11h42.45.818512 +0200	
								3	3	0				1	stimuli/flower/flower_18.jpg	stimuli/bicycle/bicycle_20.jpg	None	yes	no	left	left	3	1.2	0.2		0.39	2.1	sequences/learning_block1_fixed-middle-10_0{participant_ID}.xlsx	sequences/retrieval_block1_fixed-middle-10_0{participant_ID}.xlsx	6	block1	A	5																												0	3	1	5	A	6	2	None	None	None																	0	0	0	0	4	0	4	0					0	3	3	3	1586.8575829999754																																																																																																																																																																																																																																																												1586.8441970000276	1586.8575829999754	1587.2955842999509	1587.2433196000056	1587.2733025000198	1587.2955842999509	1588.3073002999881	1588.2930193999782	1588.2930570000317	1588.3073002999881	1588.5435462000314	1588.5587838999927	1588.5770221999846	1589.5903134000255	1589.5753727999981	1589.575419300003	1589.5903134000255	1589.8255881000077	1589.825647699996	1589.840087199933	1591.9720882999245	1591.9255138000008	1591.9488831999479	1591.9720882999245	1591.9720882999245	1591.9720882999245	1591.9720882999245	1591.9720882999245	1594.9608461000025	None	1594.9638606000226	1594.9720855000196	1595.4879745999351	1595.45781729999	1595.4609650999773	1595.4879745999351	1595.4879745999351	1595.4879745999351	1595.4879745999351	1595.4879745999351	1595.9717659000307	1598.9601068999618	None			1598.9626613999717	1599.4730364999268					1594.9720855000196	1594.9720855000196	1594.9720855000196	1598.4872551999288	1598.4872551999288	1598.4872551999288	1598.4872551999288	1598.4872551999288	1598.9759333999828	1598.9759333999828	1599.4868353999918																2	2026-08-11_11h42.40.746	TSRlearn_main-blocks		2025.1.1	59.91769708027705	2026-08-11 11h42.45.818512 +0200	
								4	4	0				1	stimuli/bread/bread_05.jpg	stimuli/hammer/hammer_28.jpg	None	yes	no	right	right	5	1.2	0.2		0.74	1.96				block1	A	5																												1	4	0	5	A	3	7																																0	4	4	4	1599.4868353999918																																																																																																																																																																																																																																																												1599.4736657999456	1599.4868353999918	1600.2726892000064	1600.223768100026	1600.2579857000383	1600.2726892000064	1601.2734497999772	1601.2588031999767	1601.2588510999922	1601.2734497999772	1601.5276635999326	1601.5783417000202	1601.5934320000233	1602.6030976999318	1602.588739000028	1602.5887785999803	1602.6030976999318																																																																				
