ITI.started,ITI.stopped,ITI_length,ITI_prc.started,ITI_prc.stopped,block,break_3.started,break_3.stopped,breaks_instruction.started,breaks_instruction.stopped,concept,concept_num,concept_num_word,continue_button.duration,continue_button.keys,continue_button.rt,continue_button.started,continue_button_3.duration,continue_button_3.keys,continue_button_3.rt,continue_button_3.started,continue_button_4.duration,continue_button_4.keys,continue_button_4.rt,continue_button_4.started,continue_button_6.duration,continue_button_6.keys,continue_button_6.rt,continue_button_6.started,continue_button_7.duration,continue_button_7.keys,continue_button_7.rt,continue_button_7.started,continue_button_8.duration,continue_button_8.keys,continue_button_8.rt,continue_button_8.started,continue_button_9.duration,continue_button_9.keys,continue_button_9.rt,continue_button_9.started,continue_button_break.duration,continue_button_break.keys,continue_button_break.rt,continue_button_break.started,correct_response,date,exemplar_num,expName,expStart,expVersion,fix_cross.started,fix_cross.stopped,fix_cross_2.started,fix_cross_2.stopped,fix_cross_2_prc.started,fix_cross_2_prc.stopped,fix_cross_prc.started,frameRate,image.started,image.stopped,image_prc.started,image_prc.stopped,image_pres.started,image_pres.stopped,image_pres_prc.started,image_pres_prc.stopped,image_shown,instruction_continuebreak.started,instruction_end.started,instruction_part1.started,instruction_part2.started,instruction_part3.started,instruction_part4.started,instruction_startexp.started,instruction_startexp_2.started,instructions.started,instructions.stopped,instructions_02.started,instructions_02.stopped,instructions_03.started,instructions_03.stopped,instructions_04.started,instructions_04.stopped,instructions_end.started,instructions_end.stopped,instructions_startexp.started,instructions_startexp.stopped,instructions_startexp_02.started,instructions_startexp_02.stopped,is_buffer,is_mismatch,is_prompt,key_resp.duration,key_resp.keys,key_resp.rt,key_resp.started,key_resp_prc.duration,key_resp_prc.keys,key_resp_prc.rt,key_resp_prc.started,key_resp_prc.stopped,match_idx,nonmatch_pres_side,notes,participant,progress_bar_breaks.started,progress_bar_breaks.stopped,psychopyVersion,settings.started,settings.stopped,show_word,sound_pres.started,sound_pres.stopped,sound_pres_prc.started,sound_pres_prc.stopped,source_sequence,source_sequence_position,spoken_word.started,spoken_word.stopped,spoken_word_prc.started,spoken_word_prc.stopped,thisN,thisRepN,thisRow.t,thisTrialN,trial_in_block,trial_type,trials.continue_button_break.duration,trials.continue_button_break.keys,trials.continue_button_break.rt,trials.key_resp.duration,trials.key_resp.keys,trials.key_resp.rt,trials.thisIndex,trials.thisN,trials.thisRepN,trials.thisTrialN,trials_practice.key_resp_prc.duration,trials_practice.key_resp_prc.keys,trials_practice.key_resp_prc.rt,trials_practice.thisIndex,trials_practice.thisN,trials_practice.thisRepN,trials_practice.thisTrialN,word_shown_english,word_shown_french,word_shown_german,
,,,,,,,,,,,,,,,,,,,,,,,,,,,,,,,,,,,,,,,,,,,,,,2026-08-08_12h53.50.844,,TSRlearn_localizer-concepts,2026-08-08 12h53.53.296918 +0200,,,,,,,,,60.16724088242566,,,,,,,,,,,,,,,,,,,,,,,,,,,,,,,,,,,,,,,,,,,,,,,3,,,2025.2.4,0.017236199986655265,0.017307600006461143,,,,,,,,,,,,,,,,,,,,,,,,,,,,,,,,,,,,,,
,,,,,,,,,,,,,0.0814758000196889,r,3.557811999984551,0.5299535999656655,,,,,,,,,,,,,,,,,,,,,,,,,,,,,,2026-08-08_12h53.50.844,,TSRlearn_localizer-concepts,2026-08-08 12h53.53.296918 +0200,,,,,,,,,60.16724088242566,,,,,,,,,,,,0.06208120001247153,,,,,,0.047010699985548854,4.230893799976911,,,,,,,,,,,,,,,,,,,,,,,,,,,,3,,,2025.2.4,,,,,,,,,,,,,,,,,,,,,,,,,,,,,,,,,,,,,,,,
,,,,,,,,,,,,,,,,,0.1177836999995634,r,1.2714103999896906,4.74508149997564,,,,,,,,,,,,,,,,,,,,,,,,,,2026-08-08_12h53.50.844,,TSRlearn_localizer-concepts,2026-08-08 12h53.53.296918 +0200,,,,,,,,,60.16724088242566,,,,,,,,,,,,,4.246020599966869,,,,,,,4.237329299969133,6.1465365999611095,,,,,,,,,,,,,,,,,,,,,,,,,,3,,,2025.2.4,,,,,,,,,,,,,,,,,,,,,,,,,,,,,,,,,,,,,,,,
,,,,,,,,,,,,,,,,,,,,,0.11972349998541176,r,5.600157000008039,6.64533119997941,,,,,,,,,,,,,,,,,,,,,,2026-08-08_12h53.50.844,,TSRlearn_localizer-concepts,2026-08-08 12h53.53.296918 +0200,,,,,,,,,60.16724088242566,,,,,,,,,,,,,,6.178492699982598,,,,,,,,6.1622432000003755,12.37789609999163,,,,,,,,,,,,,,,,,,,,,,,,3,,,2025.2.4,,,,,,,,,,,,,,,,,,,,,,,,,,,,,,,,,,,,,,,,
,,,,,,,,,,,,,,,,,,,,,,,,,,,,,,,,,,,,,0.10981459997128695,r,0.7801728000049479,12.892371499969158,,,,,,2026-08-08_12h53.50.844,,TSRlearn_localizer-concepts,2026-08-08 12h53.53.296918 +0200,,,,,,,,,60.16724088242566,,,,,,,,,,,,,,,12.391841200005729,,,,,,,,,12.385650200012606,13.794792999979109,,,,,,,,,,,,,,,,,,,,,,3,,,2025.2.4,,,,,,,,,,,,,,,,,,,,,,,,,,,,,,,,,,,,,,,,
,,0.75,16.1297871999559,16.876725899986923,,,,,,,,,,,,,,,,,,,,,,,,,,,,,,,,,,,,,,,,,y,2026-08-08_12h53.50.844,,TSRlearn_localizer-concepts,2026-08-08 12h53.53.296918 +0200,,,,,,16.141427499998827,16.92665089998627,14.659569699957501,60.16724088242566,,,13.887599400011823,14.659569699957501,,,13.84611019998556,14.627651599992532,anchor.jpg,,,,,,,,,,,,,,,,,,,,,,,,,,,,,,,None,,14.659569699957501,,1,right,,3,,,2025.2.4,,,,,,14.643181599967647,16.12970889999997,,,,,14.658565433296221,15.225924199970905,0,0,2026-08-08_12:54:07.169176,0,,,,,,,,,,,,,,None,,0,0,0,0,anchor,ancre,Anker,
,,0.89,19.193274999968708,20.09301609999966,,,,,,,,,,,,,,,,,,,,,,,,,,,,,,,,,,,,,,,,,r,2026-08-08_12h53.50.844,,TSRlearn_localizer-concepts,2026-08-08 12h53.53.296918 +0200,,,,,,19.207125599961728,20.142760299961083,17.707186199957505,60.16724088242566,,,16.92665089998627,17.707186199957505,,,16.910382299975026,17.67733139998745,ant.jpg,,,,,,,,,,,,,,,,,,,,,,,,,,,,,,,None,,17.707186199957505,19.207125599961728,1,left,,3,,,2025.2.4,,,,,,17.687375299981795,19.19321979995584,,,,,17.691364566624785,18.44066769996425,1,0,2026-08-08_12:54:10.208227,1,,,,,,,,,,,,,,None,,1,1,0,1,ant,fourmi,Ameise,
,,0.85,22.40843660000246,23.257726199983153,,,,,,,,,,,,,,,,,,,,,,,,,,,,,,,,,,,,,,,,,y,2026-08-08_12h53.50.844,,TSRlearn_localizer-concepts,2026-08-08 12h53.53.296918 +0200,,,,,,22.42254189995583,23.308249599998817,20.922756499960087,60.16724088242566,,,20.142760299961083,20.922756499960087,,,20.131492399959825,20.893131999997422,axe.jpg,,,,,,,,,,,,,,,,,,,,,,,,,,,,,,0.1419393999967724,r,1.1382132000289857,20.922756499960087,22.42254189995583,0,left,,3,,,2025.2.4,,,,,,20.915880499989726,22.408385599963367,,,,,20.92380813329558,21.88118809997104,2,0,2026-08-08_12:54:13.424337,2,,,,,,,,,,,,,0.1419393999967724,r,1.1382132000289857,2,2,0,2,horse,cheval,Pferd,
,,1.01,25.574028600007296,26.590468499984127,,,,,,,,,,,,,,,,,,,,,,,,,,,,,,,,,,,,,,,,,y,2026-08-08_12h53.50.844,,TSRlearn_localizer-concepts,2026-08-08 12h53.53.296918 +0200,,,,,,25.58817999996245,26.660512499976903,24.072250199969858,60.16724088242566,,,23.308249599998817,24.072250199969858,,,23.291504099965096,24.05859829997644,bus.jpg,,,,,,,,,,,,,,,,,,,,,,,,,,,,,,,None,,24.072250199969858,25.571645299962256,1,right,,3,,,2025.2.4,,,,,,24.064511300006416,25.573982700007036,,,,,24.072577266666727,24.57194699998945,3,0,2026-08-08_12:54:16.589826,3,,,,,,,,,,,,,,None,,3,3,0,3,bus,bus,Bus,
,,1.04,29.10694299999159,30.15701409999747,,,,,,,,,,,,,,,,,,,,,,,,,,,,,,,,,,,,,,,,,r,2026-08-08_12h53.50.844,,TSRlearn_localizer-concepts,2026-08-08 12h53.53.296918 +0200,,,,,,29.12108760001138,30.223062000004575,27.420568600005936,60.16724088242566,,,26.660512499976903,27.420568600005936,,,26.63282319996506,27.39660099998582,ball.jpg,,,,,,,,,,,,,,,,,,,,,,,,,,,,,,,None,,27.420568600005936,28.920842299994547,0,right,,3,,,2025.2.4,,,,,,27.400632600008976,29.106887899979483,,,,,27.410918766636556,28.037786500004586,4,0,2026-08-08_12:54:19.942089,4,,,,,,,,,,,,,,None,,4,4,0,4,face,visage,Gesicht,
,,0.99,32.48889199999394,33.489185499958694,,,,,,,,,,,,,,,,,,,,,,,,,,,,,,,,,,,,,,,,,y,2026-08-08_12h53.50.844,,TSRlearn_localizer-concepts,2026-08-08 12h53.53.296918 +0200,,,,,,32.50310879998142,33.55576369998744,31.002549499971792,60.16724088242566,,,30.223062000004575,31.002549499971792,,,30.199598899984267,30.97982469998533,banana.jpg,,,,,,,,,,,,,,,,,,,,,,,,,,,,,,,None,,31.002549499971792,32.50310879998142,1,right,,3,,,2025.2.4,,,,,,30.98726689995965,32.48884389997693,,,,,30.99412196665459,31.67051550000906,5,0,2026-08-08_12:54:23.504638,5,,,,,,,,,,,,,,None,,5,5,0,5,banana,banane,Banane,
,,0.79,35.82211730000563,36.623160899966024,,,,,,,,,,,,,,,,,,,,,,,,,,,,,,,,,,,,,,,,,r,2026-08-08_12h53.50.844,,TSRlearn_localizer-concepts,2026-08-08 12h53.53.296918 +0200,,,,,,35.84233109996421,36.68798689998221,34.35781939997105,60.16724088242566,,,33.55576369998744,34.35781939997105,,,33.535834199981764,34.307547500007786,glasses.jpg,,,,,,,,,,,,,,,,,,,,,,,,,,,,,,,None,,34.35781939997105,,1,left,,3,,,2025.2.4,,,,,,34.34171760000754,35.82204150001053,,,,,34.35377800000133,35.22015359997749,6,0,2026-08-08_12:54:26.837340,6,,,,,,,,,,,,,,None,,6,6,0,6,glasses,lunettes,Brille,
,,0.77,38.95347159996163,39.73719559999881,,,,,,,,,,,,,,,,,,,,,,,,,,,,,,,,,,,,,,,,,y,2026-08-08_12h53.50.844,,TSRlearn_localizer-concepts,2026-08-08 12h53.53.296918 +0200,,,,,,38.96916599996621,39.786070099973585,37.48423910001293,60.16724088242566,,,36.68798689998221,37.48423910001293,,,36.670734699990135,37.438688199967146,basket.jpg,,,,,,,,,,,,,,,,,,,,,,,,,,,,,,,None,,37.48423910001293,,1,right,,3,,,2025.2.4,,,,,,37.46142189996317,38.95342069998151,,,,,37.469009733300965,37.951075899996795,7,0,2026-08-08_12:54:29.969563,7,,,,,,,,,,,,,,None,,7,7,0,7,basket,panier,Korb,
,,1.23,42.243929799995385,43.48649659997318,,,,,,,,,,,,,,,,,,,,,,,,,,,,,,,,,,,,,,,,,r,2026-08-08_12h53.50.844,,TSRlearn_localizer-concepts,2026-08-08 12h53.53.296918 +0200,,,,,,42.2656531999819,43.53536569996504,40.54973059997428,60.16724088242566,,,39.786070099973585,40.54973059997428,,,39.77207000000635,40.52117909997469,bear.jpg,,,,,,,,,,,,,,,,,,,,,,,,,,,,,,,None,,40.54973059997428,42.04982229997404,0,right,,3,,,2025.2.4,,,,,,40.54215110000223,42.24388219998218,,,,,40.55242473330193,41.116881099995226,8,0,2026-08-08_12:54:33.067647,8,,,,,,,,,,,,,,None,,8,8,0,8,milk,lait,Milch,
,,1.1,45.801091599976644,46.9005416999571,,,,,,,,,,,,,,,,,,,,,,,,,,,,,,,,,,,,,,,,,y,2026-08-08_12h53.50.844,,TSRlearn_localizer-concepts,2026-08-08 12h53.53.296918 +0200,,,,,,45.81564280000748,46.95052119996399,44.299082899990026,60.16724088242566,,,43.53536569996504,44.299082899990026,,,43.52279680001084,44.28449619997991,belt.jpg,,,,,,,,,,,,,,,,,,,,,,,,,,,,,,,None,,44.299082899990026,45.79870260000462,1,left,,3,,,2025.2.4,,,,,,44.286963999969885,45.801041700004134,,,,,44.299168566653194,44.906786800012924,9,0,2026-08-08_12:54:36.816942,9,,,,,,,,,,,,,,None,,9,9,0,9,belt,ceinture,Gürtel,
,,1.25,49.21632279996993,50.466053499956615,,,,,,,,,,,,,,,,,,,,,,,,,,,,,,,,,,,,,,,,,y,2026-08-08_12h53.50.844,,TSRlearn_localizer-concepts,2026-08-08 12h53.53.296918 +0200,,,,,,49.230839999974705,50.645650399965234,47.71464079996804,60.16724088242566,,,46.95052119996399,47.71464079996804,,,46.932291899982374,47.69985450000968,bike.jpg,,,,,,,,,,,,,,,,,,,,,,,,,,,,,,,None,,47.71464079996804,49.21410929999547,1,left,,3,,,2025.2.4,,,,,,47.702842300001066,49.21627559995977,,,,,47.7146193666306,48.43110759998672,10,0,2026-08-08_12:54:40.232098,10,,,,,,,,,,,,,,None,,10,10,0,10,bicycle,vélo,Fahrrad,
,,,,,,,,,,,,,,,,,,,,,,,,,0.15202219999628142,r,5.4772701999754645,50.980481899983715,,,,,,,,,,,,,,,,,,2026-08-08_12h53.50.844,,TSRlearn_localizer-concepts,2026-08-08 12h53.53.296918 +0200,,,,,,,,,60.16724088242566,,,,,,,,,,,,,,,,50.645650399965234,,,,,,,,,,,,50.62636549997842,56.61392179998802,,,,,,,,,,,,,,,,,,3,,,2025.2.4,,,,,,,,,,,,,,,,,,,,,,,,,,,,,,,,,,,,,,,,
,,,,,,,,,,,,,,,,,,,,,,,,,,,,,,,,,0.15360429999418557,r,3.9813496000133455,57.12863329995889,,,,,,,,,,2026-08-08_12h53.50.844,,TSRlearn_localizer-concepts,2026-08-08 12h53.53.296918 +0200,,,,,,,,,60.16724088242566,,,,,,,,,,,,,,,,,56.64378389995545,,,,,,,,,,,,,56.62531259999378,61.27937830000883,,,,,,,,,,,,,,,,3,,,2025.2.4,,,,,,,,,,,,,,,,,,,,,,,,,,,,,,,,,,,,,,,,
63.879452499968465,64.91110139997909,1.02,,,1,64.91909949999535,64.91914849996101,,,dog,5,5,,,,,,,,,,,,,,,,,,,,,,,,,,,,,,None,,,None,2026-08-08_12h53.50.844,41,TSRlearn_localizer-concepts,2026-08-08 12h53.53.296918 +0200,,62.40957149997121,,63.89300689997617,64.96781269996427,,,,60.16724088242566,61.63306999998167,62.40957149997121,,,61.59275790001266,62.37864329997683,,,dog\dog_41.jpg,,,,,,,,,,,,,,,,,,,,,,,0,0,1,,None,,62.40957149997121,,,,,,,None,,3,,,2025.2.4,,,1,62.4006746999803,63.87938040000154,,,None,None,62.40992723330467,62.89309560001129,,,0,0,2026-08-08_12:54:54.914646,0,1,localizer,,None,,,None,,0,0,0,0,,,,,,,,dog,Chien,Hund,
67.22768559999531,68.42667590000201,1.19,,,1,68.42674079997232,68.42677109997021,,,ball,1,1,,,,,,,,,,,,,,,,,,,,,,,,,,,,,,None,,,None,2026-08-08_12h53.50.844,4,TSRlearn_localizer-concepts,2026-08-08 12h53.53.296918 +0200,,65.72576599998865,67.22532440000214,67.2417949999799,68.47700379998423,,,,60.16724088242566,64.96781269996427,65.72576599998865,,,64.94553480000468,65.71121929999208,,,ball\ball_04.jpg,,,,,,,,,,,,,,,,,,,,,,,0,0,1,,None,,65.72576599998865,,,,,,,None,,3,,,2025.2.4,,,1,65.71492399997078,67.2276162999915,,,None,None,65.72593016666748,66.50875079998514,,,1,0,2026-08-08_12:54:58.249389,1,2,localizer,,None,,,None,,1,1,0,1,,,,,,,,ball,Ballon,Ball,
70.74299509997945,71.8088107999647,1.06,,,1,71.8088754999917,71.80890529998578,,,hand,8,8,,,,,,,,,,,,,,,,,,,,,,,,,,,,,,None,,,None,2026-08-08_12h53.50.844,21,TSRlearn_localizer-concepts,2026-08-08 12h53.53.296918 +0200,,69.25746049999725,70.75728399999207,70.75728399999207,71.85907139995834,,,,60.16724088242566,68.47700379998423,69.25746049999725,,,68.4648338999832,69.22739640000509,,,hand\hand_21.jpg,,,,,,,,,,,,,,,,,,,,,,,0,0,1,,None,,69.25746049999725,,,,,,,None,,3,,,2025.2.4,,,1,69.24797679996118,70.74293419998139,,,None,None,69.2584804333242,69.74187629995868,,,2,0,2026-08-08_12:55:01.758580,2,3,localizer,,None,,,None,,2,2,0,2,,,,,,,,hand,Main,Hand,
74.1251013999572,75.10850289999507,0.98,,,1,75.10856979998061,75.10860249999678,,,chair,4,4,,,,,,,,,,,,,,,,,,,,,,,,,,,,,,None,,,None,2026-08-08_12h53.50.844,24,TSRlearn_localizer-concepts,2026-08-08 12h53.53.296918 +0200,,72.63939369999571,74.13940089999232,74.13940089999232,75.14159009995637,,,,60.16724088242566,71.85907139995834,72.63939369999571,,,71.84346479998203,72.60965719999513,,,chair\chair_24.jpg,,,,,,,,,,,,,,,,,,,,,,,0,0,1,,None,,72.63939369999571,,,,,,,None,,3,,,2025.2.4,,,1,72.63042279996444,74.125033099961,,,None,None,72.64051153331141,73.20636289997492,,,3,0,2026-08-08_12:55:05.140648,3,4,localizer,,None,,,None,,3,3,0,3,,,,,,,,chair,Chaise,Stuhl,
77.32423669996206,79.24008550000144,0.91,,,1,79.24015279999003,79.24018459999934,,,hammer,7,1,,,,,,,,,,,,,,,,,,,,,,,,,,,,,,None,,,r,2026-08-08_12h53.50.844,17,TSRlearn_localizer-concepts,2026-08-08 12h53.53.296918 +0200,,75.90570549998665,,77.33858280000277,79.29020729998592,,,,60.16724088242566,75.14159009995637,75.90570549998665,,,75.13235979998717,75.89134229999036,,,hammer\hammer_17.jpg,,,,,,,,,,,,,,,,,,,,,,,0,1,1,0.16618820000439882,r,1.0429004000034183,75.90570549998665,,,,,,,left,,3,,,2025.2.4,,,1,75.89401399996132,77.32417089998489,,,None,None,75.90575826663213,76.67210019996855,,,4,0,2026-08-08_12:55:08.423167,4,5,localizer,,None,,0.16618820000439882,r,1.0429004000034183,4,4,0,4,,,,,,,,ball,Ballon,Ball,
81.55655119998846,82.78889739996521,1.23,,,1,82.78896239999449,82.78899460000684,,,jacket,10,10,,,,,,,,,,,,,,,,,,,,,,,,,,,,,,None,,,None,2026-08-08_12h53.50.844,36,TSRlearn_localizer-concepts,2026-08-08 12h53.53.296918 +0200,,80.08699350000825,,81.5706583999563,82.86799890000839,,,,60.16724088242566,79.29020729998592,80.08699350000825,,,79.27153329999419,80.04005559999496,,,jacket\jacket_36.jpg,,,,,,,,,,,,,,,,,,,,,,,0,0,1,,None,,80.08699350000825,,,,,,,None,,3,,,2025.2.4,,,1,80.0679854999762,81.55648079997627,,,None,None,80.07123393333362,80.62083550001262,,,5,0,2026-08-08_12:55:12.571784,5,6,localizer,,None,,,None,,5,5,0,5,,,,,,,,jacket,Veste,Jacke,
85.12230829999316,86.32189819996711,1.2,,,1,86.32196769997245,86.3220020000008,,,bicycle,2,2,,,,,,,,,,,,,,,,,,,,,,,,,,,,,,None,,,None,2026-08-08_12h53.50.844,48,TSRlearn_localizer-concepts,2026-08-08 12h53.53.296918 +0200,,83.62013170000864,85.11970420001308,85.13670909998473,86.3731751999585,,,,60.16724088242566,82.86799890000839,83.62013170000864,,,82.83822589996271,83.60597779997624,,,bicycle\bicycle_48.jpg,,,,,,,,,,,,,,,,,,,,,,,0,0,1,,None,,83.62013170000864,,,,,,,None,,3,,,2025.2.4,,,1,83.60834589996375,85.12223300000187,,,None,None,83.62012976664506,84.33669199998258,,,6,0,2026-08-08_12:55:16.149575,6,7,localizer,,None,,,None,,6,6,0,6,,,,,,,,bicycle,Vélo,Fahrrad,
88.6372102999594,89.47005810000701,0.83,,,1,89.4701642,89.47019540000474,,,hammer,7,7,,,,,,,,,,,,,,,,,,,,,,,,,,,,,,None,,,None,2026-08-08_12h53.50.844,13,TSRlearn_localizer-concepts,2026-08-08 12h53.53.296918 +0200,,87.13577729999088,88.63489129999653,88.65144459996372,89.56174599996302,,,,60.16724088242566,86.3731751999585,87.13577729999088,,,86.34614769998007,87.12178019998828,,,hammer\hammer_13.jpg,,,,,,,,,,,,,,,,,,,,,,,0,0,1,,None,,87.13577729999088,,,,,,,None,,3,,,2025.2.4,,,1,87.12685910001164,88.63714359997539,,,None,None,87.13580726663737,87.65200850000838,,,7,0,2026-08-08_12:55:19.654752,7,8,localizer,,None,,,None,,7,7,0,7,,,,,,,,hammer,Marteau,Hammer,
91.8195965999621,92.80289289995562,0.97,,,1,92.80295799998567,92.80298899998888,,,flower,6,6,,,,,,,,,,,,,,,,,,,,,,,,,,,,,,None,,,None,2026-08-08_12h53.50.844,25,TSRlearn_localizer-concepts,2026-08-08 12h53.53.296918 +0200,,90.31777550000697,91.81725349999033,91.83391779998783,92.88803009997355,,,,60.16724088242566,89.56174599996302,90.31777550000697,,,89.53034850000404,90.30314299999736,,,flower\flower_25.jpg,,,,,,,,,,,,,,,,,,,,,,,0,0,1,,None,,90.31777550000697,,,,,,,None,,3,,,2025.2.4,,,1,90.30680610000854,91.81953169999178,,,None,None,90.31768246664821,91.21748910000315,,,8,0,2026-08-08_12:55:22.843322,8,9,localizer,,None,,,None,,8,8,0,8,,,,,,,,flower,Fleur,Blume,
95.1523589999997,96.11871959996643,0.96,,,1,96.11881069996161,96.11887319997186,,,bread,3,3,,,,,,,,,,,,,,,,,,,,,,,,,,,,,,None,,,None,2026-08-08_12h53.50.844,42,TSRlearn_localizer-concepts,2026-08-08 12h53.53.296918 +0200,,93.65022439998575,95.14969459996792,95.16645219997736,96.16962910001166,,,,60.16724088242566,92.88803009997355,93.65022439998575,,,92.86325629998464,93.63530049996916,,,bread\bread_42.jpg,,,,,,,,,,,,,,,,,,,,,,,0,0,1,,None,,93.65022439998575,,,,,,,None,,3,,,2025.2.4,,,1,93.64315259997966,95.15228290000232,,,None,None,93.65007426665785,94.56637179997051,,,9,0,2026-08-08_12:55:26.169606,9,10,localizer,,None,,,None,,9,9,0,9,,,,,,,,bread,Pain,Brot,
98.4339028999675,99.66680279996945,1.22,,,1,99.66686549998121,99.66689499997301,,,chair,4,4,,,,,,,,,,,,,,,,,,,,,,,,,,,,,,None,,,None,2026-08-08_12h53.50.844,13,TSRlearn_localizer-concepts,2026-08-08 12h53.53.296918 +0200,,96.93251809995854,98.4317233999609,98.44851650000783,99.71678809996229,,,,60.16724088242566,96.16962910001166,96.93251809995854,,,96.14526009996189,96.91806489997543,,,chair\chair_13.jpg,,,,,,,,,,,,,,,,,,,,,,,0,0,1,,None,,96.93251809995854,,,,,,,None,,3,,,2025.2.4,,,1,96.92184919997817,98.43383509997511,,,None,None,96.9324798666678,97.49878480000189,,,10,0,2026-08-08_12:55:29.451205,10,11,localizer,,None,,,None,,10,10,0,10,,,,,,,,chair,Chaise,Stuhl,
101.96692039998015,102.7825412999955,0.81,,,1,102.78260999999475,102.78264160000253,,,dog,5,5,,,,,,,,,,,,,,,,,,,,,,,,,,,,,,None,,,None,2026-08-08_12h53.50.844,35,TSRlearn_localizer-concepts,2026-08-08 12h53.53.296918 +0200,,100.48142089997418,101.98094599996693,101.98094599996693,102.83288599998923,,,,60.16724088242566,99.71678809996229,100.48142089997418,,,99.69427979999455,100.46650589996716,,,dog\dog_35.jpg,,,,,,,,,,,,,,,,,,,,,,,0,0,1,,None,,100.48142089997418,,,,,,,None,,3,,,2025.2.4,,,1,100.47022969997488,101.96685719996458,,,None,None,100.48120526667141,100.9644271999714,,,11,0,2026-08-08_12:55:32.998364,11,12,localizer,,None,,,None,,11,11,0,11,,,,,,,,dog,Chien,Hund,
105.09957009996288,106.2981481999741,1.19,,,1,106.29821589996573,106.29824819997884,,,house,9,9,,,,,,,,,,,,,,,,,,,,,,,,,,,,,,None,,,None,2026-08-08_12h53.50.844,38,TSRlearn_localizer-concepts,2026-08-08 12h53.53.296918 +0200,,103.61309539998183,105.11338080000132,105.11338080000132,106.33166450000135,,,,60.16724088242566,102.83288599998923,103.61309539998183,,,102.80971140001202,103.58300519996556,,,house\house_38.jpg,,,,,,,,,,,,,,,,,,,,,,,0,0,1,,None,,103.61309539998183,,,,,,,None,,3,,,2025.2.4,,,1,103.60248529998353,105.09950349997962,,,None,None,103.61408363330023,104.1470801999676,,,12,0,2026-08-08_12:55:36.114462,12,13,localizer,,None,,,None,,12,12,0,12,,,,,,,,house,Maison,Haus,
108.59822799998801,109.4807473999681,0.87,,,1,109.48081280000042,109.48084370000288,,,ball,1,1,,,,,,,,,,,,,,,,,,,,,,,,,,,,,,None,,,None,2026-08-08_12h53.50.844,29,TSRlearn_localizer-concepts,2026-08-08 12h53.53.296918 +0200,,107.09599050000543,108.59550619998481,108.61216309998417,109.51407009997638,,,,60.16724088242566,106.33166450000135,107.09599050000543,,,106.3215976000065,107.08179199998267,,,ball\ball_29.jpg,,,,,,,,,,,,,,,,,,,,,,,0,0,1,,None,,107.09599050000543,,,,,,,None,,3,,,2025.2.4,,,1,107.08448670001235,108.59815929998877,,,None,None,107.09627676662446,107.87887929996941,,,13,0,2026-08-08_12:55:39.613241,13,14,localizer,,None,,,None,,13,13,0,13,,,,,,,,ball,Ballon,Ball,
111.72984669997822,113.56258869997691,0.82,,,1,113.56265099998564,113.56268089998048,,,hand,8,6,,,,,,,,,,,,,,,,,,,,,,,,,,,,,,None,,,r,2026-08-08_12h53.50.844,2,TSRlearn_localizer-concepts,2026-08-08 12h53.53.296918 +0200,,110.27805059996899,,111.74437159998342,113.61291139997775,,,,60.16724088242566,109.51407009997638,110.27805059996899,,,109.50454180000816,110.26357189996634,,,hand\hand_02.jpg,,,,,,,,,,,,,,,,,,,,,,,0,1,1,0.15819580003153533,r,1.0731422999524511,110.27805059996899,,,,,,,left,,3,,,2025.2.4,,,1,110.26643859996693,111.72978599998169,,,None,None,110.27826366667092,111.17806619999465,,,14,0,2026-08-08_12:55:42.795646,14,15,localizer,,None,,0.15819580003153533,r,1.0731422999524511,14,14,0,14,,,,,,,,flower,Fleur,Blume,
115.87916149996454,116.81126300001051,0.92,,,1,116.81132450001314,116.81135390000418,,,hammer,7,7,,,,,,,,,,,,,,,,,,,,,,,,,,,,,,None,,,None,2026-08-08_12h53.50.844,19,TSRlearn_localizer-concepts,2026-08-08 12h53.53.296918 +0200,,114.37728640000569,115.89325799996732,115.89325799996732,116.86166339996271,,,,60.16724088242566,113.61291139997775,114.37728640000569,,,113.59631299995817,114.36240609997185,,,hammer\hammer_19.jpg,,,,,,,,,,,,,,,,,,,,,,,0,0,1,,None,,114.37728640000569,,,,,,,None,,3,,,2025.2.4,,,1,114.36578759999247,115.87909780000336,,,None,None,114.37696526665628,114.89326689997688,,,15,0,2026-08-08_12:55:46.894488,15,16,localizer,,None,,,None,,15,15,0,15,,,,,,,,hammer,Marteau,Hammer,
119.12736389995553,120.2434581000125,1.11,,,1,120.24352650000947,120.24355879996438,,,jacket,10,10,,,,,,,,,,,,,,,,,,,,,,,,,,,,,,None,,,None,2026-08-08_12h53.50.844,7,TSRlearn_localizer-concepts,2026-08-08 12h53.53.296918 +0200,,117.62635049998062,119.14167819998693,119.14167819998693,120.29400789999636,,,,60.16724088242566,116.86166339996271,117.62635049998062,,,116.85249289998319,117.61180319997948,,,jacket\jacket_07.jpg,,,,,,,,,,,,,,,,,,,,,,,0,0,1,,None,,117.62635049998062,,,,,,,None,,3,,,2025.2.4,,,1,117.61663000000408,119.12729559995933,,,None,None,117.62626726663827,118.17635520000476,,,16,0,2026-08-08_12:55:50.143240,16,17,localizer,,None,,,None,,16,16,0,16,,,,,,,,jacket,Veste,Jacke,
122.5485275000101,123.42590400000336,0.87,,,1,123.42597119999118,123.42600390000734,,,bicycle,2,2,,,,,,,,,,,,,,,,,,,,,,,,,,,,,,None,,,None,2026-08-08_12h53.50.844,6,TSRlearn_localizer-concepts,2026-08-08 12h53.53.296918 +0200,,121.05799140001182,122.55864519998431,122.55864519998431,123.52380089997314,,,,60.16724088242566,120.29400789999636,121.05799140001182,,,120.26991909998469,121.04282329999842,,,bicycle\bicycle_06.jpg,,,,,,,,,,,,,,,,,,,,,,,0,0,1,,None,,121.05799140001182,,,,,,,None,,3,,,2025.2.4,,,1,121.04492939996999,122.5484601999633,,,None,None,121.05751656665622,121.7586874999688,,,17,0,2026-08-08_12:55:53.575584,17,18,localizer,,None,,,None,,17,17,0,17,,,,,,,,bicycle,Vélo,Fahrrad,
125.77637370000593,126.94158149999566,1.16,,,1,126.9416470999713,126.94167719996767,,,house,9,9,,,,,,,,,,,,,,,,,,,,,,,,,,,,,,None,,,None,2026-08-08_12h53.50.844,43,TSRlearn_localizer-concepts,2026-08-08 12h53.53.296918 +0200,,124.27336689998629,125.77409039996564,125.78998389997287,126.9954577999888,,,,60.16724088242566,123.52380089997314,124.27336689998629,,,123.4926562999608,124.25848249997944,,,house\house_43.jpg,,,,,,,,,,,,,,,,,,,,,,,0,0,1,,None,,124.27336689998629,,,,,,,None,,3,,,2025.2.4,,,1,124.26334609999321,125.77629639999941,,,None,None,124.2732881666782,124.82524340000236,,,18,0,2026-08-08_12:55:56.805377,18,19,localizer,,None,,,None,,18,18,0,18,,,,,,,,house,Maison,Haus,
128.84145229996648,130.92427099996712,1.08,,,1,130.92433869995875,130.92437239998253,,,bread,3,3,,,,,,,,,,,,,,,,,,,,,,,,,,,,,,None,,,None,2026-08-08_12h53.50.844,29,TSRlearn_localizer-concepts,2026-08-08 12h53.53.296918 +0200,,127.7562850000104,,128.8558182999841,130.98709619999863,,,,60.16724088242566,126.9954577999888,127.7562850000104,,,126.97905929997796,127.74202020000666,,,bread\bread_29.jpg,,,,,,,,,,,,,,,,,,,,,,,0,0,1,0.13589259999571368,r,0.7384263999992982,127.7562850000104,,,,,,,None,,3,,,2025.2.4,,,1,127.7451776000089,128.84138789999997,,,None,None,127.75627666665629,128.688908000011,,,19,0,2026-08-08_12:56:00.277034,19,20,localizer,,None,,0.13589259999571368,r,0.7384263999992982,19,19,0,19,,,,,,,,bread,Pain,Brot,
133.24005449999822,134.12263439997332,0.87,,,1,134.12270149996039,134.12273339997046,,,house,9,9,,,,,,,,,,,,,,,,,,,,,,,,,,,,,,None,,,None,2026-08-08_12h53.50.844,33,TSRlearn_localizer-concepts,2026-08-08 12h53.53.296918 +0200,,131.73815409996314,133.2376491999603,133.25440159998834,134.1727699000039,,,,60.16724088242566,130.98709619999863,131.73815409996314,,,130.9660721999826,131.7238468999858,,,house\house_33.jpg,,,,,,,,,,,,,,,,,,,,,,,0,0,1,,None,,131.73815409996314,,,,,,,None,,3,,,2025.2.4,,,1,131.72862589999568,133.23998319997918,,,None,None,131.73817756667657,132.28771639999468,,,20,0,2026-08-08_12:56:04.268673,20,21,localizer,,None,,,None,,20,20,0,20,,,,,,,,house,Maison,Haus,
136.08963639999274,138.3212032999727,1.22,,,1,138.32126860000426,138.32130039995536,,,jacket,10,10,,,,,,,,,,,,,,,,,,,,,,,,,,,,,,None,,,None,2026-08-08_12h53.50.844,29,TSRlearn_localizer-concepts,2026-08-08 12h53.53.296918 +0200,,134.93735879997257,,136.10359899996547,138.37318299995968,,,,60.16724088242566,134.1727699000039,134.93735879997257,,,134.1639462999883,134.9230746999965,,,jacket\jacket_29.jpg,,,,,,,,,,,,,,,,,,,,,,,0,0,1,0.24666490004165098,r,0.7001281999982893,134.93735879997257,,,,,,,None,,3,,,2025.2.4,,,1,134.92812019999838,136.08955949998926,,,None,None,134.9372329666551,135.48664729995653,,,21,0,2026-08-08_12:56:07.454346,21,22,localizer,,None,,0.24666490004165098,r,0.7001281999982893,21,21,0,21,,,,,,,,jacket,Veste,Jacke,
140.6219306999701,141.8530243000132,1.22,,,1,141.85308649996296,141.85311580001144,,,hammer,7,7,,,,,,,,,,,,,,,,,,,,,,,,,,,,,,None,,,None,2026-08-08_12h53.50.844,37,TSRlearn_localizer-concepts,2026-08-08 12h53.53.296918 +0200,,139.1344351999578,140.63478540000506,140.63478540000506,141.90395089995582,,,,60.16724088242566,138.37318299995968,139.1344351999578,,,138.35901469999226,139.12085820001084,,,hammer\hammer_37.jpg,,,,,,,,,,,,,,,,,,,,,,,0,0,1,,None,,139.1344351999578,,,,,,,None,,3,,,2025.2.4,,,1,139.1240255999728,140.62186259997543,,,None,None,139.1354711666393,139.65208619995974,,,22,0,2026-08-08_12:56:11.654759,22,23,localizer,,None,,,None,,22,22,0,22,,,,,,,,hammer,Marteau,Hammer,
144.1699132999638,145.23545889998786,1.06,,,1,145.23552310001105,145.2355539999553,,,flower,6,6,,,,,,,,,,,,,,,,,,,,,,,,,,,,,,None,,,None,2026-08-08_12h53.50.844,17,TSRlearn_localizer-concepts,2026-08-08 12h53.53.296918 +0200,,142.66756159998477,144.16713179997168,144.18377479998162,145.28597009996884,,,,60.16724088242566,141.90395089995582,142.66756159998477,,,141.8932705000043,142.65294850000646,,,flower\flower_17.jpg,,,,,,,,,,,,,,,,,,,,,,,0,0,1,,None,,142.66756159998477,,,,,,,None,,3,,,2025.2.4,,,1,142.65553579997504,144.16984469996532,,,None,None,142.66761386662645,143.5671769999899,,,23,0,2026-08-08_12:56:15.185527,23,24,localizer,,None,,,None,,23,23,0,23,,,,,,,,flower,Fleur,Blume,
147.5524119999609,148.3018184999819,0.75,,,1,148.30188139999518,148.30191169999307,,,bread,3,3,,,,,,,,,,,,,,,,,,,,,,,,,,,,,,None,,,None,2026-08-08_12h53.50.844,12,TSRlearn_localizer-concepts,2026-08-08 12h53.53.296918 +0200,,146.05143069999758,147.56664799997816,147.56664799997816,148.35157820000313,,,,60.16724088242566,145.28597009996884,146.05143069999758,,,145.27711639995687,146.0375737999566,,,bread\bread_12.jpg,,,,,,,,,,,,,,,,,,,,,,,0,0,1,,None,,146.05143069999758,,,,,,,None,,3,,,2025.2.4,,,1,146.0406111999764,147.55234850000124,,,None,None,146.05199056666268,146.96916819998296,,,24,0,2026-08-08_12:56:18.567547,24,25,localizer,,None,,,None,,24,24,0,24,,,,,,,,bread,Pain,Brot,
150.61785609996878,151.7670608999906,1.14,,,1,151.76712599996245,151.7671571999672,,,chair,4,4,,,,,,,,,,,,,,,,,,,,,,,,,,,,,,None,,,None,2026-08-08_12h53.50.844,11,TSRlearn_localizer-concepts,2026-08-08 12h53.53.296918 +0200,,149.1162570999586,150.61563879996538,150.63229109998792,151.81805239996174,,,,60.16724088242566,148.35157820000313,149.1162570999586,,,148.33448570000473,149.10188319999725,,,chair\chair_11.jpg,,,,,,,,,,,,,,,,,,,,,,,0,0,1,,None,,149.1162570999586,,,,,,,None,,3,,,2025.2.4,,,1,149.10563469998306,150.61779069999466,,,None,None,149.11641066667315,149.6873484000098,,,25,0,2026-08-08_12:56:21.633155,25,26,localizer,,None,,,None,,25,25,0,25,,,,,,,,chair,Chaise,Stuhl,
154.28349179995712,155.4330617999658,1.14,,,1,155.43313199997647,155.4331647999934,,,house,9,10,,,,,,,,,,,,,,,,,,,,,,,,,,,,,,None,,,r,2026-08-08_12h53.50.844,35,TSRlearn_localizer-concepts,2026-08-08 12h53.53.296918 +0200,,152.58160350000253,154.2976684999885,154.2976684999885,155.5100561999716,,,,60.16724088242566,151.81805239996174,152.58160350000253,,,151.8047635999974,152.56706839997787,,,house\house_35.jpg,,,,,,,,,,,,,,,,,,,,,,,0,1,1,,None,,152.58160350000253,,,,,,,left,,3,,,2025.2.4,,,1,152.57140319998143,154.2834287000005,,,None,None,152.58150616666924,153.1312692000065,,,26,0,2026-08-08_12:56:25.099629,26,27,localizer,,None,,,None,,26,26,0,26,,,,,,,,jacket,Veste,Jacke,
157.76523719995748,159.01456669997424,1.25,,,1,159.01463180000428,159.01466159999836,,,chair,4,4,,,,,,,,,,,,,,,,,,,,,,,,,,,,,,None,,,None,2026-08-08_12h53.50.844,47,TSRlearn_localizer-concepts,2026-08-08 12h53.53.296918 +0200,,156.263881699997,157.76288649998605,157.77966429997468,159.08379840000998,,,,60.16724088242566,155.5100561999716,156.263881699997,,,155.48678869998548,156.24954549997346,,,chair\chair_47.jpg,,,,,,,,,,,,,,,,,,,,,,,0,0,1,,None,,156.263881699997,,,,,,,None,,3,,,2025.2.4,,,1,156.2540669000009,157.76517109997803,,,None,None,156.2639649666419,156.83021739998367,,,27,0,2026-08-08_12:56:28.791633,27,28,localizer,,None,,,None,,27,27,0,27,,,,,,,,chair,Chaise,Stuhl,
161.34714129997883,162.13086699997075,0.77,,,1,162.1309299999848,162.1309599999804,,,dog,5,5,,,,,,,,,,,,,,,,,,,,,,,,,,,,,,None,,,None,2026-08-08_12h53.50.844,44,TSRlearn_localizer-concepts,2026-08-08 12h53.53.296918 +0200,,159.84597929997835,161.3450950999977,161.36177610000595,162.28294909995748,,,,60.16724088242566,159.08379840000998,159.84597929997835,,,159.06570269999793,159.83201459998963,,,dog\dog_44.jpg,,,,,,,,,,,,,,,,,,,,,,,0,0,1,,None,,159.84597929997835,,,,,,,None,,3,,,2025.2.4,,,1,159.83575470000505,161.3470779999625,,,None,None,159.84635446663404,160.3462487999932,,,28,0,2026-08-08_12:56:32.365375,28,29,localizer,,None,,,None,,28,28,0,28,,,,,,,,dog,Chien,Hund,
164.54753439995693,165.49647579999873,0.94,,,1,165.49653870001202,165.49656920001144,,,ball,1,1,,,,,,,,,,,,,,,,,,,,,,,,,,,,,,None,,,None,2026-08-08_12h53.50.844,3,TSRlearn_localizer-concepts,2026-08-08 12h53.53.296918 +0200,,163.04517689999193,164.5448224999709,164.56131739995908,165.5644781999872,,,,60.16724088242566,162.28294909995748,163.04517689999193,,,162.20985829998972,163.03086279996205,,,ball\ball_03.jpg,,,,,,,,,,,,,,,,,,,,,,,0,0,1,,None,,163.04517689999193,,,,,,,None,,3,,,2025.2.4,,,1,163.0338250999921,164.5474617999862,,,None,None,163.04522446665604,163.81138039997313,,,29,0,2026-08-08_12:56:35.564526,29,30,localizer,,None,,,None,,29,29,0,29,,,,,,,,ball,Ballon,Ball,
167.82927159999963,168.62960210000165,0.8,,,1,168.62966669996968,168.6296973999706,,,dog,5,5,,,,,,,,,,,,,,,,,,,,,,,,,,,,,,None,,,None,2026-08-08_12h53.50.844,28,TSRlearn_localizer-concepts,2026-08-08 12h53.53.296918 +0200,,166.32743740000296,167.82685349998064,167.84353019995615,168.6956451999722,,,,60.16724088242566,165.5644781999872,166.32743740000296,,,165.53881739999633,166.31297999998787,,,dog\dog_28.jpg,,,,,,,,,,,,,,,,,,,,,,,0,0,1,,None,,166.32743740000296,,,,,,,None,,3,,,2025.2.4,,,1,166.31653409998398,167.8291976999608,,,None,None,166.32746406662434,166.81043269997463,,,30,0,2026-08-08_12:56:38.846055,30,31,localizer,,None,,,None,,30,30,0,30,,,,,,,,dog,Chien,Hund,
170.96189330000198,172.06126129999757,1.09,,,1,172.06132619996788,172.0613571999711,,,bread,3,3,,,,,,,,,,,,,,,,,,,,,,,,,,,,,,None,,,None,2026-08-08_12h53.50.844,27,TSRlearn_localizer-concepts,2026-08-08 12h53.53.296918 +0200,,169.45982639997965,170.95939819997875,170.9762452999712,172.1352595000062,,,,60.16724088242566,168.6956451999722,169.45982639997965,,,168.67111319996184,169.44549509999342,,,bread\bread_27.jpg,,,,,,,,,,,,,,,,,,,,,,,0,0,1,,None,,169.45982639997965,,,,,,,None,,3,,,2025.2.4,,,1,169.44875360000879,170.96182229998522,,,None,None,169.4599118666413,170.39296319999266,,,31,0,2026-08-08_12:56:41.977221,31,32,localizer,,None,,,None,,31,31,0,31,,,,,,,,bread,Pain,Brot,
174.39460699999472,175.29423949995544,0.88,,,1,175.2943117999821,175.29434649995528,,,hand,8,8,,,,,,,,,,,,,,,,,,,,,,,,,,,,,,None,,,None,2026-08-08_12h53.50.844,25,TSRlearn_localizer-concepts,2026-08-08 12h53.53.296918 +0200,,172.8919467999949,174.3919018000015,174.41482000000542,175.3444606999983,,,,60.16724088242566,172.1352595000062,172.8919467999949,,,172.11322339996696,172.87707709998358,,,hand\hand_25.jpg,,,,,,,,,,,,,,,,,,,,,,,0,0,1,,None,,172.8919467999949,,,,,,,None,,3,,,2025.2.4,,,1,172.88051980000455,174.39449689997127,,,None,None,172.89187946665723,173.3918801000109,,,32,0,2026-08-08_12:56:45.416836,32,33,localizer,,None,,,None,,32,32,0,32,,,,,,,,hand,Main,Hand,
177.60983099997975,178.6923981999862,1.07,,,1,178.6924638999626,178.69249459996354,,,bicycle,2,2,,,,,,,,,,,,,,,,,,,,,,,,,,,,,,None,,,None,2026-08-08_12h53.50.844,11,TSRlearn_localizer-concepts,2026-08-08 12h53.53.296918 +0200,,176.10771339997882,177.60711959999753,177.62365600001067,178.7256086000125,,,,60.16724088242566,175.3444606999983,176.10771339997882,,,175.32014749996597,176.09320830000797,,,bicycle\bicycle_11.jpg,,,,,,,,,,,,,,,,,,,,,,,0,0,1,,None,,176.10771339997882,,,,,,,None,,3,,,2025.2.4,,,1,176.0955452999915,177.609758400009,,,None,None,176.1076911666353,176.80727079999633,,,33,0,2026-08-08_12:56:48.626037,33,34,localizer,,None,,,None,,33,33,0,33,,,,,,,,bicycle,Vélo,Fahrrad,
180.9922283999622,181.79227549995994,0.79,,,1,181.79235760000302,181.79239449999295,,,hammer,7,7,,,,,,,,,,,,,,,,,,,,,,,,,,,,,,None,,,None,2026-08-08_12h53.50.844,6,TSRlearn_localizer-concepts,2026-08-08 12h53.53.296918 +0200,,179.49679060000926,181.00869529997,181.00869529997,181.84130209998693,,,,60.16724088242566,178.7256086000125,179.49679060000926,,,178.7143633000087,179.47637190000387,,,hammer\hammer_06.jpg,,,,,,,,,,,,,,,,,,,,,,,0,0,1,,None,,179.49679060000926,,,,,,,None,,3,,,2025.2.4,,,1,179.4803954999661,180.99214240000583,,,None,None,179.49007666664355,180.007008399989,,,34,0,2026-08-08_12:56:52.007185,34,35,localizer,,None,,,None,,34,34,0,34,,,,,,,,hammer,Marteau,Hammer,
184.10699509998085,185.34669099998428,1.22,,,1,185.34676009998657,185.34680419997312,,,dog,5,5,,,,,,,,,,,,,,,,,,,,,,,,,,,,,,None,,,None,2026-08-08_12h53.50.844,7,TSRlearn_localizer-concepts,2026-08-08 12h53.53.296918 +0200,,182.6057223000098,184.10470540000824,184.12152210000204,185.40797429997474,,,,60.16724088242566,181.84130209998693,182.6057223000098,,,181.82156640000176,182.59123949997593,,,dog\dog_07.jpg,,,,,,,,,,,,,,,,,,,,,,,0,0,1,,None,,182.6057223000098,,,,,,,None,,3,,,2025.2.4,,,1,182.59523519995855,184.1069178999751,,,None,None,182.60566916666383,183.08849359996384,,,35,0,2026-08-08_12:56:55.122879,35,36,localizer,,None,,,None,,35,35,0,35,,,,,,,,dog,Chien,Hund,
187.66106339998078,188.43929000000935,0.78,,,1,188.4393965000054,188.43943019997096,,,flower,6,6,,,,,,,,,,,,,,,,,,,,,,,,,,,,,,None,,,None,2026-08-08_12h53.50.844,24,TSRlearn_localizer-concepts,2026-08-08 12h53.53.296918 +0200,,186.1713067999808,187.6717295999988,187.6717295999988,188.47240689996397,,,,60.16724088242566,185.40797429997474,186.1713067999808,,,185.3831252999953,186.15714450000087,,,flower\flower_24.jpg,,,,,,,,,,,,,,,,,,,,,,,0,0,1,,None,,186.1713067999808,,,,,,,None,,3,,,2025.2.4,,,1,186.16005810000934,187.66087099997094,,,None,None,186.17161716666695,187.07049939996796,,,36,0,2026-08-08_12:56:58.689551,36,37,localizer,,None,,,None,,36,36,0,36,,,,,,,,flower,Fleur,Blume,
190.7452539000078,191.91137290000916,1.16,,,1,191.91144090000307,191.91147150000324,,,bicycle,2,2,,,,,,,,,,,,,,,,,,,,,,,,,,,,,,None,,,None,2026-08-08_12h53.50.844,40,TSRlearn_localizer-concepts,2026-08-08 12h53.53.296918 +0200,,189.23671109997667,190.74274249997688,190.7537933999556,191.95462109998334,,,,60.16724088242566,188.47240689996397,189.23671109997667,,,188.46327939996263,189.22243369999342,,,bicycle\bicycle_40.jpg,,,,,,,,,,,,,,,,,,,,,,,0,0,1,,None,,189.23671109997667,,,,,,,None,,3,,,2025.2.4,,,1,189.22471949999453,190.74518229998648,,,None,None,189.23682696663698,189.95358739997027,,,37,0,2026-08-08_12:57:01.753983,37,38,localizer,,None,,,None,,37,37,0,37,,,,,,,,bicycle,Vélo,Fahrrad,
194.20584119996056,195.02186049998272,0.81,,,1,195.02200120000634,195.0220626000082,,,house,9,9,,,,,,,,,,,,,,,,,,,,,,,,,,,,,,None,,,None,2026-08-08_12h53.50.844,12,TSRlearn_localizer-concepts,2026-08-08 12h53.53.296918 +0200,,192.71897569997236,194.225518799969,194.225518799969,195.11405569995986,,,,60.16724088242566,191.95462109998334,192.71897569997236,,,191.94158609997248,192.7046959999716,,,house\house_12.jpg,,,,,,,,,,,,,,,,,,,,,,,0,0,1,,None,,192.71897569997236,,,,,,,None,,3,,,2025.2.4,,,1,192.70936639996944,194.20576439995784,,,None,None,192.71915466664748,193.26886429998558,,,38,0,2026-08-08_12:57:05.236197,38,39,localizer,,None,,,None,,38,38,0,38,,,,,,,,house,Maison,Haus,
197.57036610000068,198.76984620001167,1.2,,,1,198.76992739998968,198.7699627999682,,,jacket,10,4,,,,,,,,,,,,,,,,,,,,,,,,,,,,,,None,,,r,2026-08-08_12h53.50.844,44,TSRlearn_localizer-concepts,2026-08-08 12h53.53.296918 +0200,,195.86814509995747,197.58447989996057,197.58447989996057,198.82629779999843,,,,60.16724088242566,195.11405569995986,195.86814509995747,,,195.08188239997253,195.85376079997513,,,jacket\jacket_44.jpg,,,,,,,,,,,,,,,,,,,,,,,0,1,1,,None,,195.86814509995747,,,,,,,right,,3,,,2025.2.4,,,1,195.85820869996678,197.57029529998545,,,None,None,195.86816576664958,196.4411981999874,,,39,0,2026-08-08_12:57:08.395632,39,40,localizer,,None,,,None,,39,39,0,39,,,,,,,,chair,Chaise,Stuhl,
201.08607600000687,202.1189946999657,1.03,,,1,202.11907919996884,202.11911569995573,,,hand,8,8,,,,,,,,,,,,,,,,,,,,,,,,,,,,,,None,,,None,2026-08-08_12h53.50.844,19,TSRlearn_localizer-concepts,2026-08-08 12h53.53.296918 +0200,,199.58358109998517,201.08327760000248,201.09975449997,202.16902829997707,,,,60.16724088242566,198.82629779999843,199.58358109998517,,,198.79734339995775,199.56951969995862,,,hand\hand_19.jpg,,,,,,,,,,,,,,,,,,,,,,,0,0,1,,None,,199.58358109998517,,,,,,,None,,3,,,2025.2.4,,,1,199.57355669996468,201.08599240001058,,,None,None,199.58381966664845,200.08358219999354,,,40,0,2026-08-08_12:57:12.107874,40,41,localizer,,None,,,None,,40,40,0,40,,,,,,,,hand,Main,Hand,
204.4192910999991,205.65118399995845,1.22,,,1,205.65125729999272,205.65129219996743,,,flower,6,6,,,,,,,,,,,,,,,,,,,,,,,,,,,,,,None,,,None,2026-08-08_12h53.50.844,14,TSRlearn_localizer-concepts,2026-08-08 12h53.53.296918 +0200,,202.9326385000022,204.4322216999717,204.4322216999717,205.7014701999724,,,,60.16724088242566,202.16902829997707,202.9326385000022,,,202.15795789996628,202.91868519998388,,,flower\flower_14.jpg,,,,,,,,,,,,,,,,,,,,,,,0,0,1,,None,,202.9326385000022,,,,,,,None,,3,,,2025.2.4,,,1,202.92237190000014,204.41921640001237,,,None,None,202.93269176665152,203.8322961999802,,,41,0,2026-08-08_12:57:15.450605,41,42,localizer,,None,,,None,,41,41,0,41,,,,,,,,flower,Fleur,Blume,
207.96804690000135,208.85152709996328,0.87,,,1,208.85161519999383,208.85165560001042,,,chair,4,4,,,,,,,,,,,,,,,,,,,,,,,,,,,,,,None,,,None,2026-08-08_12h53.50.844,4,TSRlearn_localizer-concepts,2026-08-08 12h53.53.296918 +0200,,206.48178349999944,207.98157499998342,207.98157499998342,208.9014014999848,,,,60.16724088242566,205.7014701999724,206.48178349999944,,,205.67822969995905,206.4512644999777,,,chair\chair_04.jpg,,,,,,,,,,,,,,,,,,,,,,,0,0,1,,None,,206.48178349999944,,,,,,,None,,3,,,2025.2.4,,,1,206.4586575999856,207.96796979999635,,,None,None,206.46500936663168,207.04811259999406,,,42,0,2026-08-08_12:57:18.983047,42,43,localizer,,None,,,None,,42,42,0,42,,,,,,,,chair,Chaise,Stuhl,
211.1666344999685,212.04880290001165,0.87,,,1,212.04887669999152,212.04891149996547,,,bicycle,2,2,,,,,,,,,,,,,,,,,,,,,,,,,,,,,,None,,,None,2026-08-08_12h53.50.844,8,TSRlearn_localizer-concepts,2026-08-08 12h53.53.296918 +0200,,209.66441430000123,211.18002729996806,211.18002729996806,212.1466449999716,,,,60.16724088242566,208.9014014999848,209.66441430000123,,,208.88194489997113,209.6518521999824,,,bicycle\bicycle_08.jpg,,,,,,,,,,,,,,,,,,,,,,,0,0,1,,None,,209.66441430000123,,,,,,,None,,3,,,2025.2.4,,,1,209.65581959998235,211.16653469996527,,,None,None,209.66467966663575,210.38049839995801,,,43,0,2026-08-08_12:57:22.182978,43,44,localizer,,None,,,None,,43,43,0,43,,,,,,,,bicycle,Vélo,Fahrrad,
214.5995715999743,215.4166023999569,0.81,,,1,215.41668279998703,215.41672229999676,,,ball,1,10,,,,,,,,,,,,,,,,,,,,,,,,,,,,,,None,,,r,2026-08-08_12h53.50.844,19,TSRlearn_localizer-concepts,2026-08-08 12h53.53.296918 +0200,,212.89654789998895,214.61261299997568,214.61261299997568,215.53938009997364,,,,60.16724088242566,212.1466449999716,212.89654789998895,,,212.12117519997992,212.88271119998535,,,ball\ball_19.jpg,,,,,,,,,,,,,,,,,,,,,,,0,1,1,,None,,212.89654789998895,,,,,,,left,,3,,,2025.2.4,,,1,212.88903259998187,214.59947079996346,,,None,None,212.89645466662867,213.44659919996047,,,44,0,2026-08-08_12:57:25.428221,44,45,localizer,,None,,,None,,44,44,0,44,,,,,,,,jacket,Veste,Jacke,
217.79828409996117,218.74884959997144,0.94,,,1,218.7489800999756,218.74904439999955,,,bread,3,3,,,,,,,,,,,,,,,,,,,,,,,,,,,,,,None,,,None,2026-08-08_12h53.50.844,36,TSRlearn_localizer-concepts,2026-08-08 12h53.53.296918 +0200,,216.29646779998438,217.81133050000062,217.81133050000062,218.83570729999337,,,,60.16724088242566,215.53938009997364,216.29646779998438,,,215.49345000000903,216.28215899999486,,,bread\bread_36.jpg,,,,,,,,,,,,,,,,,,,,,,,0,0,1,,None,,216.29646779998438,,,,,,,None,,3,,,2025.2.4,,,1,216.28797419997863,217.7981671000016,,,None,None,216.2958007666787,217.22819059999892,,,45,0,2026-08-08_12:57:28.820956,45,46,localizer,,None,,,None,,45,45,0,45,,,,,,,,bread,Pain,Brot,
221.0961232999689,222.0955088000046,0.99,,,1,222.09558009996545,222.09561389998998,,,ball,1,1,,,,,,,,,,,,,,,,,,,,,,,,,,,,,,None,,,None,2026-08-08_12h53.50.844,42,TSRlearn_localizer-concepts,2026-08-08 12h53.53.296918 +0200,,219.61004309996497,221.11103839997668,221.11103839997668,222.14935530000366,,,,60.16724088242566,218.83570729999337,219.61004309996497,,,218.81841329997405,219.58465019997675,,,ball\ball_42.jpg,,,,,,,,,,,,,,,,,,,,,,,0,0,1,,None,,219.61004309996497,,,,,,,None,,3,,,2025.2.4,,,1,219.58851359999971,221.0960519000073,,,None,None,219.5987860666394,220.37755809997907,,,46,0,2026-08-08_12:57:32.117284,46,47,localizer,,None,,,None,,46,46,0,46,,,,,,,,ball,Ballon,Ball,
224.39480439998442,225.56089779996546,1.16,,,1,225.56098169996403,225.56101790000685,,,jacket,10,10,,,,,,,,,,,,,,,,,,,,,,,,,,,,,,None,,,None,2026-08-08_12h53.50.844,16,TSRlearn_localizer-concepts,2026-08-08 12h53.53.296918 +0200,,222.90990119997878,,224.40893989999313,225.6278825000045,,,,60.16724088242566,222.14935530000366,222.90990119997878,,,222.12593899999047,222.88962849997915,,,jacket\jacket_16.jpg,,,,,,,,,,,,,,,,,,,,,,,0,0,1,,None,,222.90990119997878,,,,,,,None,,3,,,2025.2.4,,,1,222.89704149996396,224.39473429997452,,,None,None,222.90291306667885,223.4441264999914,,,47,0,2026-08-08_12:57:35.430932,47,48,localizer,,None,,,None,,47,47,0,47,,,,,,,,jacket,Veste,Jacke,
227.89427160000196,228.80981229996542,0.91,,,1,228.8098791000084,228.80990950000705,,,flower,6,6,,,,,,,,,,,,,,,,,,,,,,,,,,,,,,None,,,None,2026-08-08_12h53.50.844,39,TSRlearn_localizer-concepts,2026-08-08 12h53.53.296918 +0200,,226.40772899996955,227.90811379998922,227.90811379998922,228.90711480000755,,,,60.16724088242566,225.6278825000045,226.40772899996955,,,225.60477109998465,226.3778857999714,,,flower\flower_39.jpg,,,,,,,,,,,,,,,,,,,,,,,0,0,1,,None,,226.40772899996955,,,,,,,None,,3,,,2025.2.4,,,1,226.38549849996343,227.8941935999901,,,None,None,226.3919995666404,227.30854599998565,,,48,0,2026-08-08_12:57:38.909459,48,49,localizer,,None,,,None,,48,48,0,48,,,,,,,,flower,Fleur,Blume,
231.15028850000817,231.94238279998535,0.79,,,1,231.9424581999774,260.6507145999931,231.9566124000121,246.98906539997552,hand,8,8,,,,,,,,,,,,,,,,,,,,,,,,,,,,,0.13189070002408698,r,13.548036399995908,246.96389219997218,None,2026-08-08_12h53.50.844,46,TSRlearn_localizer-concepts,2026-08-08 12h53.53.296918 +0200,,229.6573707999778,231.15792269998929,231.15792269998929,231.9566124000121,,,,60.16724088242566,228.90711480000755,229.6573707999778,,,228.8740514999954,229.64336589997401,,,hand\hand_46.jpg,246.96389219997218,,,,,,,,,,,,,,,,,,,,,,0,0,1,,None,,229.6573707999778,,,,,,,None,,3,231.9566124000121,246.98906539997552,2025.2.4,,,1,229.6477195000043,231.15021329995943,,,None,None,229.65744776663294,230.14142349996837,,,49,0,2026-08-08_12:57:42.188691,49,50,localizer,0.13189070002408698,r,13.548036399995908,,None,,49,49,0,49,,,,,,,,hand,Main,Hand,
262.9660126999952,263.84859859995777,0.88,,,2,263.8575103000039,263.8575578999589,,,chair,4,4,,,,,,,,,,,,,,,,,,,,,,,,,,,,,,None,,,None,2026-08-08_12h53.50.844,6,TSRlearn_localizer-concepts,2026-08-08 12h53.53.296918 +0200,,261.46398649999173,262.96352019999176,262.9802168000024,263.9368276000023,,,,60.16724088242566,260.70192620001035,261.46398649999173,,,260.6836839999887,261.44976069999393,,,chair\chair_06.jpg,,,,,,,,,,,,,,,,,,,,,,,0,0,1,,None,,261.46398649999173,,,,,,,None,,3,,,2025.2.4,,,1,261.45414109999547,262.9659407999716,,,None,None,261.4640824666751,262.03044549998594,,,50,0,2026-08-08_12:58:13.983503,50,1,localizer,,None,,,None,,50,50,0,50,,,,,,,,chair,Chaise,Stuhl,
266.1985416999669,267.1810692999861,0.97,,,2,267.1811926999944,267.18123139999807,,,hammer,7,7,,,,,,,,,,,,,,,,,,,,,,,,,,,,,,None,,,None,2026-08-08_12h53.50.844,23,TSRlearn_localizer-concepts,2026-08-08 12h53.53.296918 +0200,,264.6963379000081,266.19585909997113,266.21247679996304,267.2338888999657,,,,60.16724088242566,263.9368276000023,264.6963379000081,,,263.90754869999364,264.68218689999776,,,hammer\hammer_23.jpg,,,,,,,,,,,,,,,,,,,,,,,0,0,1,,None,,264.6963379000081,,,,,,,None,,3,,,2025.2.4,,,1,264.686329499993,266.1984250000096,,,None,None,264.69649436662826,265.21289689996047,,,51,0,2026-08-08_12:58:17.218404,51,2,localizer,,None,,,None,,51,51,0,51,,,,,,,,hammer,Marteau,Hammer,
269.49726460000966,270.4968813000014,0.99,,,2,270.49695669999346,270.49699059996055,,,dog,5,5,,,,,,,,,,,,,,,,,,,,,,,,,,,,,,None,,,None,2026-08-08_12h53.50.844,12,TSRlearn_localizer-concepts,2026-08-08 12h53.53.296918 +0200,,267.9954034999828,269.4947151999804,269.5113890999928,270.5638657999807,,,,60.16724088242566,267.2338888999657,267.9954034999828,,,267.22022049996303,267.9815030999598,,,dog\dog_12.jpg,,,,,,,,,,,,,,,,,,,,,,,0,0,1,,None,,267.9954034999828,,,,,,,None,,3,,,2025.2.4,,,1,267.9863081999938,269.49719399999594,,,None,None,267.9955174666286,268.495248799969,,,52,0,2026-08-08_12:58:20.515465,52,3,localizer,,None,,,None,,52,52,0,52,,,,,,,,dog,Chien,Hund,
272.82994349999353,273.9626067999634,1.13,,,2,273.9626813000068,273.96271659998456,,,bread,3,3,,,,,,,,,,,,,,,,,,,,,,,,,,,,,,None,,,None,2026-08-08_12h53.50.844,24,TSRlearn_localizer-concepts,2026-08-08 12h53.53.296918 +0200,,271.32757299998775,272.8270986999851,272.84513380000135,274.03348889999324,,,,60.16724088242566,270.5638657999807,271.32757299998775,,,270.5428021000116,271.3131240999792,,,bread\bread_24.jpg,,,,,,,,,,,,,,,,,,,,,,,0,0,1,,None,,271.32757299998775,,,,,,,None,,3,,,2025.2.4,,,1,271.31645529996604,272.8298713999684,,,None,None,271.3275504666419,272.2611803999753,,,53,0,2026-08-08_12:58:23.845442,53,4,localizer,,None,,,None,,53,53,0,53,,,,,,,,bread,Pain,Brot,
276.2788073999691,277.2617244999856,0.97,,,2,277.2617940999917,277.2618319999892,,,dog,5,5,,,,,,,,,,,,,,,,,,,,,,,,,,,,,,None,,,None,2026-08-08_12h53.50.844,49,TSRlearn_localizer-concepts,2026-08-08 12h53.53.296918 +0200,,274.797537299979,,276.29380659997696,277.4139845999889,,,,60.16724088242566,274.03348889999324,274.797537299979,,,274.0179847999825,274.7736225000117,,,dog\dog_49.jpg,,,,,,,,,,,,,,,,,,,,,,,0,0,1,,None,,274.797537299979,,,,,,,None,,3,,,2025.2.4,,,1,274.77796380000655,276.2787299999618,,,None,None,274.78736816667174,275.2776203000103,,,54,0,2026-08-08_12:58:27.315065,54,5,localizer,,None,,,None,,54,54,0,54,,,,,,,,dog,Chien,Hund,
279.8783712000004,281.0102330999798,1.13,,,2,281.0103031999897,281.0103359000059,,,ball,1,2,,,,,,,,,,,,,,,,,,,,,,,,,,,,,,None,,,r,2026-08-08_12h53.50.844,14,TSRlearn_localizer-concepts,2026-08-08 12h53.53.296918 +0200,,278.1753964999807,279.89227549999487,279.89227549999487,281.08161319996,,,,60.16724088242566,277.4139845999889,278.1753964999807,,,277.3417466999963,278.1608935999684,,,ball\ball_14.jpg,,,,,,,,,,,,,,,,,,,,,,,0,1,1,,None,,278.1753964999807,,,,,,,left,,3,,,2025.2.4,,,1,278.1640388999949,279.8782906999695,,,None,None,278.1753267666247,278.89276379998773,,,55,0,2026-08-08_12:58:30.695561,55,6,localizer,,None,,,None,,55,55,0,55,,,,,,,,bicycle,Vélo,Fahrrad,
283.34370919998037,284.4928288999945,1.15,,,2,284.4929002999561,284.4929343999829,,,hand,8,8,,,,,,,,,,,,,,,,,,,,,,,,,,,,,,None,,,None,2026-08-08_12h53.50.844,33,TSRlearn_localizer-concepts,2026-08-08 12h53.53.296918 +0200,,281.85813839995535,283.35775629995624,283.35775629995624,284.55967849999433,,,,60.16724088242566,281.08161319996,281.85813839995535,,,281.05354100000113,281.83567060000496,,,hand\hand_33.jpg,,,,,,,,,,,,,,,,,,,,,,,0,0,1,,None,,281.85813839995535,,,,,,,None,,3,,,2025.2.4,,,1,281.83985889999894,283.3436362000066,,,None,None,281.8494757666524,282.34272969997255,,,56,0,2026-08-08_12:58:34.363190,56,7,localizer,,None,,,None,,56,56,0,56,,,,,,,,hand,Main,Hand,
286.8253113999963,287.6576969999587,0.83,,,2,287.65776259999257,287.65779339999426,,,flower,6,6,,,,,,,,,,,,,,,,,,,,,,,,,,,,,,None,,,None,2026-08-08_12h53.50.844,30,TSRlearn_localizer-concepts,2026-08-08 12h53.53.296918 +0200,,285.32360409997636,286.8227360000019,286.8394278999767,287.72935350000625,,,,60.16724088242566,284.55967849999433,285.32360409997636,,,284.53832779999357,285.30891909997445,,,flower\flower_30.jpg,,,,,,,,,,,,,,,,,,,,,,,0,0,1,,None,,285.32360409997636,,,,,,,None,,3,,,2025.2.4,,,1,285.3121556999977,286.8252409999841,,,None,None,285.3232672666238,286.2237783999881,,,57,0,2026-08-08_12:58:37.841255,57,8,localizer,,None,,,None,,57,57,0,57,,,,,,,,flower,Fleur,Blume,
289.9911827999749,291.2239813999622,1.23,,,2,291.2240538999904,291.2240897999727,,,house,9,9,,,,,,,,,,,,,,,,,,,,,,,,,,,,,,None,,,None,2026-08-08_12h53.50.844,48,TSRlearn_localizer-concepts,2026-08-08 12h53.53.296918 +0200,,288.5052512999973,290.00513939996017,290.00513939996017,291.29387799999677,,,,60.16724088242566,287.72935350000625,288.5052512999973,,,287.7038884999929,288.47683920001145,,,house\house_48.jpg,,,,,,,,,,,,,,,,,,,,,,,0,0,1,,None,,288.5052512999973,,,,,,,None,,3,,,2025.2.4,,,1,288.4830205999897,289.99111339997035,,,None,None,288.49081396666975,289.03868669999065,,,58,0,2026-08-08_12:58:41.010930,58,9,localizer,,None,,,None,,58,58,0,58,,,,,,,,house,Maison,Haus,
293.5562900999794,294.4057715999661,0.84,,,2,294.4058400999638,294.40587239997694,,,jacket,10,10,,,,,,,,,,,,,,,,,,,,,,,,,,,,,,None,,,None,2026-08-08_12h53.50.844,28,TSRlearn_localizer-concepts,2026-08-08 12h53.53.296918 +0200,,292.05443789996207,293.55384419998154,293.5704981999588,294.5048542000004,,,,60.16724088242566,291.29387799999677,292.05443789996207,,,291.27026620000834,292.04056319996016,,,jacket\jacket_28.jpg,,,,,,,,,,,,,,,,,,,,,,,0,0,1,,None,,292.05443789996207,,,,,,,None,,3,,,2025.2.4,,,1,292.046135499957,293.55622129997937,,,None,None,292.0546462666282,292.60423759999685,,,59,0,2026-08-08_12:58:44.575454,59,10,localizer,,None,,,None,,59,59,0,59,,,,,,,,jacket,Veste,Jacke,
296.77263889997266,297.7214207999641,0.95,,,2,297.7214973999653,297.7215301999822,,,flower,6,6,,,,,,,,,,,,,,,,,,,,,,,,,,,,,,None,,,None,2026-08-08_12h53.50.844,44,TSRlearn_localizer-concepts,2026-08-08 12h53.53.296918 +0200,,295.2701107999892,296.7695997999981,296.7862681999686,297.77302859997144,,,,60.16724088242566,294.5048542000004,295.2701107999892,,,294.4700303999707,295.25591489998624,,,flower\flower_44.jpg,,,,,,,,,,,,,,,,,,,,,,,0,0,1,,None,,295.2701107999892,,,,,,,None,,3,,,2025.2.4,,,1,295.2594525999739,296.77256439998746,,,None,None,295.2702886666559,296.1697967000073,,,60,0,2026-08-08_12:58:47.786431,60,11,localizer,,None,,,None,,60,60,0,60,,,,,,,,flower,Fleur,Blume,
300.03830119996564,300.9723350999993,0.93,,,2,300.9724173999857,300.972452899965,,,bread,3,3,,,,,,,,,,,,,,,,,,,,,,,,,,,,,,None,,,None,2026-08-08_12h53.50.844,4,TSRlearn_localizer-concepts,2026-08-08 12h53.53.296918 +0200,,298.5361353000044,300.0353067999822,300.05404209997505,301.0209122999804,,,,60.16724088242566,297.77302859997144,298.5361353000044,,,297.758759999997,298.5235915000085,,,bread\bread_04.jpg,,,,,,,,,,,,,,,,,,,,,,,0,0,1,,None,,298.5361353000044,,,,,,,None,,3,,,2025.2.4,,,1,298.5273204999976,300.03820750000887,,,None,None,298.5377478666526,299.46864169999026,,,61,0,2026-08-08_12:58:51.054605,61,12,localizer,,None,,,None,,61,61,0,61,,,,,,,,bread,Pain,Brot,
303.48767800000496,304.6363760000095,1.14,,,2,304.63644929998554,304.6364855999709,,,bicycle,2,1,,,,,,,,,,,,,,,,,,,,,,,,,,,,,,None,,,r,2026-08-08_12h53.50.844,28,TSRlearn_localizer-concepts,2026-08-08 12h53.53.296918 +0200,,301.7848465999705,303.50223089999054,303.50223089999054,304.6865292000002,,,,60.16724088242566,301.0209122999804,301.7848465999705,,,300.9998803999624,301.77093830000376,,,bicycle\bicycle_28.jpg,,,,,,,,,,,,,,,,,,,,,,,0,1,1,,None,,301.7848465999705,,,,,,,left,,3,,,2025.2.4,,,1,301.77452739997534,303.4876079999958,,,None,None,301.7848948666399,302.568394300004,,,62,0,2026-08-08_12:58:54.302489,62,13,localizer,,None,,,None,,62,62,0,62,,,,,,,,ball,Ballon,Ball,
306.9372771999915,307.73676060000435,0.79,,,2,307.73686119995546,307.7369110999862,,,hammer,7,7,,,,,,,,,,,,,,,,,,,,,,,,,,,,,,None,,,None,2026-08-08_12h53.50.844,32,TSRlearn_localizer-concepts,2026-08-08 12h53.53.296918 +0200,,305.4502596000093,306.95071429997915,306.95071429997915,307.8031536999624,,,,60.16724088242566,304.6865292000002,305.4502596000093,,,304.6675066999742,305.4363964999793,,,hammer\hammer_32.jpg,,,,,,,,,,,,,,,,,,,,,,,0,0,1,,None,,305.4502596000093,,,,,,,None,,3,,,2025.2.4,,,1,305.4402393999626,306.9372065999778,,,None,None,305.45054966665725,305.966785800003,,,63,0,2026-08-08_12:58:57.968106,63,14,localizer,,None,,,None,,63,63,0,63,,,,,,,,hammer,Marteau,Hammer,
310.0541405999684,311.2180340999621,1.16,,,2,311.21811029996024,311.21814650000306,,,flower,6,6,,,,,,,,,,,,,,,,,,,,,,,,,,,,,,None,,,None,2026-08-08_12h53.50.844,28,TSRlearn_localizer-concepts,2026-08-08 12h53.53.296918 +0200,,308.5660850999993,310.06713179999497,310.06713179999497,311.28508780000266,,,,60.16724088242566,307.8031536999624,308.5660850999993,,,307.7813281000126,308.53905099997064,,,flower\flower_28.jpg,,,,,,,,,,,,,,,,,,,,,,,0,0,1,,None,,308.5660850999993,,,,,,,None,,3,,,2025.2.4,,,1,308.5431842000107,310.0540638999664,,,None,None,308.55216576665794,309.4683740999899,,,64,0,2026-08-08_12:59:01.084730,64,15,localizer,,None,,,None,,64,64,0,64,,,,,,,,flower,Fleur,Blume,
313.5372885999968,314.68348389997846,1.15,,,2,314.6835608999827,314.68361899995944,,,bread,3,3,,,,,,,,,,,,,,,,,,,,,,,,,,,,,,None,,,None,2026-08-08_12h53.50.844,3,TSRlearn_localizer-concepts,2026-08-08 12h53.53.296918 +0200,,312.0482511000009,313.5477442999836,313.5477442999836,314.7505923999706,,,,60.16724088242566,311.28508780000266,312.0482511000009,,,311.2664305999642,312.0340672999737,,,bread\bread_03.jpg,,,,,,,,,,,,,,,,,,,,,,,0,0,1,,None,,312.0482511000009,,,,,,,None,,3,,,2025.2.4,,,1,312.0375297999708,313.53720520000206,,,None,None,312.04814406665196,312.9643963999697,,,65,0,2026-08-08_12:59:04.566664,65,16,localizer,,None,,,None,,65,65,0,65,,,,,,,,bread,Pain,Brot,
317.01601839996874,317.7995688999654,0.78,,,2,317.79968719999306,317.7997511999565,,,hand,8,8,,,,,,,,,,,,,,,,,,,,,,,,,,,,,,None,,,None,2026-08-08_12h53.50.844,16,TSRlearn_localizer-concepts,2026-08-08 12h53.53.296918 +0200,,315.51374879997456,317.0132791000069,317.0298722999869,317.84922089998145,,,,60.16724088242566,314.7505923999706,315.51374879997456,,,314.72522159997607,315.4997543999925,,,hand\hand_16.jpg,,,,,,,,,,,,,,,,,,,,,,,0,0,1,,None,,315.51374879997456,,,,,,,None,,3,,,2025.2.4,,,1,315.5034068999812,317.01594229997136,,,None,None,315.51400146662877,316.0317156999954,,,66,0,2026-08-08_12:59:08.032169,66,17,localizer,,None,,,None,,66,66,0,66,,,,,,,,hand,Main,Hand,
320.11528440000257,321.3311165999621,1.21,,,2,321.3311914000078,321.33122569997795,,,chair,4,4,,,,,,,,,,,,,,,,,,,,,,,,,,,,,,None,,,None,2026-08-08_12h53.50.844,3,TSRlearn_localizer-concepts,2026-08-08 12h53.53.296918 +0200,,318.6129074000055,320.11242969997693,320.1290567999822,321.3812919000047,,,,60.16724088242566,317.84922089998145,318.6129074000055,,,317.82659109996166,318.59898309997516,,,chair\chair_03.jpg,,,,,,,,,,,,,,,,,,,,,,,0,0,1,,None,,318.6129074000055,,,,,,,None,,3,,,2025.2.4,,,1,318.6031271999818,320.1152022999595,,,None,None,318.613006166652,319.1791474999627,,,67,0,2026-08-08_12:59:11.130797,67,18,localizer,,None,,,None,,67,67,0,67,,,,,,,,chair,Chaise,Stuhl,
323.6474218000076,324.74719889997505,1.09,,,2,324.7472720000078,324.74730649997946,,,hammer,7,7,,,,,,,,,,,,,,,,,,,,,,,,,,,,,,None,,,None,2026-08-08_12h53.50.844,22,TSRlearn_localizer-concepts,2026-08-08 12h53.53.296918 +0200,,322.1449713999755,323.6445413999609,323.661061199964,324.7970617999672,,,,60.16724088242566,321.3812919000047,322.1449713999755,,,321.36679229995934,322.1307187000057,,,hammer\hammer_22.jpg,,,,,,,,,,,,,,,,,,,,,,,0,0,1,,None,,322.1449713999755,,,,,,,None,,3,,,2025.2.4,,,1,322.13465349999024,323.6473468999611,,,None,None,322.1451609666731,322.6612552999868,,,68,0,2026-08-08_12:59:14.662868,68,19,localizer,,None,,,None,,68,68,0,68,,,,,,,,hammer,Marteau,Hammer,
327.0627876999788,328.11192150000716,1.05,,,2,328.1119897000026,328.112023899972,,,jacket,10,10,,,,,,,,,,,,,,,,,,,,,,,,,,,,,,None,,,None,2026-08-08_12h53.50.844,3,TSRlearn_localizer-concepts,2026-08-08 12h53.53.296918 +0200,,325.5605238999706,327.0599592999788,327.07645870000124,328.1622850999702,,,,60.16724088242566,324.7970617999672,325.5605238999706,,,324.77467169996817,325.54639179998776,,,jacket\jacket_03.jpg,,,,,,,,,,,,,,,,,,,,,,,0,0,1,,None,,325.5605238999706,,,,,,,None,,3,,,2025.2.4,,,1,325.5519895000034,327.062712199986,,,None,None,325.5606533666762,326.0940632999991,,,69,0,2026-08-08_12:59:18.078638,69,20,localizer,,None,,,None,,69,69,0,69,,,,,,,,jacket,Veste,Jacke,
330.428952199989,331.460812299978,1.03,,,2,331.46088379999856,331.4609164999565,,,bicycle,2,2,,,,,,,,,,,,,,,,,,,,,,,,,,,,,,None,,,None,2026-08-08_12h53.50.844,20,TSRlearn_localizer-concepts,2026-08-08 12h53.53.296918 +0200,,328.926078199991,330.4261192000122,330.4422747999779,331.51142369996523,,,,60.16724088242566,328.1622850999702,328.926078199991,,,328.14116349996766,328.9119261999731,,,bicycle\bicycle_20.jpg,,,,,,,,,,,,,,,,,,,,,,,0,0,1,,None,,328.926078199991,,,,,,,None,,3,,,2025.2.4,,,1,328.9142901999876,330.4288702000049,,,None,None,328.9261624666435,329.6259918999858,,,70,0,2026-08-08_12:59:21.443861,70,21,localizer,,None,,,None,,70,70,0,70,,,,,,,,bicycle,Vélo,Fahrrad,
333.7635408999631,334.8606895999983,1.08,,,2,334.8607713999809,334.86080849997234,,,house,9,9,,,,,,,,,,,,,,,,,,,,,,,,,,,,,,None,,,None,2026-08-08_12h53.50.844,7,TSRlearn_localizer-concepts,2026-08-08 12h53.53.296918 +0200,,332.27509939996526,333.7843564999639,333.7843564999639,334.9109349999926,,,,60.16724088242566,331.51142369996523,332.27509939996526,,,331.4915178999654,332.2609608999919,,,house\house_07.jpg,,,,,,,,,,,,,,,,,,,,,,,0,0,1,,None,,332.27509939996526,,,,,,,None,,3,,,2025.2.4,,,1,332.2661713999696,333.7634146999917,,,None,None,332.27527836664035,332.83398289995966,,,71,0,2026-08-08_12:59:24.793000,71,22,localizer,,None,,,None,,71,71,0,71,,,,,,,,house,Maison,Haus,
337.17588539997814,338.0468695999589,0.87,,,2,338.04694339999696,338.04697649995796,,,jacket,10,10,,,,,,,,,,,,,,,,,,,,,,,,,,,,,,None,,,None,2026-08-08_12h53.50.844,37,TSRlearn_localizer-concepts,2026-08-08 12h53.53.296918 +0200,,335.6741548999562,337.17341639997903,337.1900724999723,338.09379329998046,,,,60.16724088242566,334.9109349999926,335.6741548999562,,,334.8954948000028,335.66032349999296,,,jacket\jacket_37.jpg,,,,,,,,,,,,,,,,,,,,,,,0,0,1,,None,,335.6741548999562,,,,,,,None,,3,,,2025.2.4,,,1,335.66604209999787,337.1758094999823,,,None,None,335.67439626664077,336.22363149997545,,,72,0,2026-08-08_12:59:28.192511,72,23,localizer,,None,,,None,,72,72,0,72,,,,,,,,jacket,Veste,Jacke,
340.35831330000656,341.47461099998327,1.11,,,2,341.4746889999951,341.474735900003,,,hand,8,8,,,,,,,,,,,,,,,,,,,,,,,,,,,,,,None,,,None,2026-08-08_12h53.50.844,31,TSRlearn_localizer-concepts,2026-08-08 12h53.53.296918 +0200,,338.85631850000937,340.35578529996565,340.3723435999709,341.52557989995694,,,,60.16724088242566,338.09379329998046,338.85631850000937,,,338.06938329996774,338.8418229999952,,,hand\hand_31.jpg,,,,,,,,,,,,,,,,,,,,,,,0,0,1,,None,,338.85631850000937,,,,,,,None,,3,,,2025.2.4,,,1,338.84533479996026,340.35824549995596,,,None,None,338.85629906662894,339.339394599956,,,73,0,2026-08-08_12:59:31.375370,73,24,localizer,,None,,,None,,73,73,0,73,,,,,,,,hand,Main,Hand,
344.00685169995995,344.85616049997043,0.85,,,2,344.85622560000047,344.85625489999074,,,jacket,10,5,,,,,,,,,,,,,,,,,,,,,,,,,,,,,,None,,,r,2026-08-08_12h53.50.844,15,TSRlearn_localizer-concepts,2026-08-08 12h53.53.296918 +0200,,342.288504199998,344.0211340999813,344.0211340999813,344.8902808999992,,,,60.16724088242566,341.52557989995694,342.288504199998,,,341.49881719995756,342.27366889995756,,,jacket\jacket_15.jpg,,,,,,,,,,,,,,,,,,,,,,,0,1,1,,None,,342.288504199998,,,,,,,left,,3,,,2025.2.4,,,1,342.27733609999996,344.0067912999657,,,None,None,342.2883170666794,342.78831909998553,,,74,0,2026-08-08_12:59:34.807156,74,25,localizer,,None,,,None,,74,74,0,74,,,,,,,,dog,Chien,Hund,
347.1559175999719,348.4055824999814,1.25,,,2,348.4056483999593,348.4056779000093,,,bicycle,2,2,,,,,,,,,,,,,,,,,,,,,,,,,,,,,,None,,,None,2026-08-08_12h53.50.844,46,TSRlearn_localizer-concepts,2026-08-08 12h53.53.296918 +0200,,345.65415439999197,347.1536225999589,347.17004779999843,348.45597369997995,,,,60.16724088242566,344.8902808999992,345.65415439999197,,,344.8773082999978,345.64008779998403,,,bicycle\bicycle_46.jpg,,,,,,,,,,,,,,,,,,,,,,,0,0,1,,None,,345.65415439999197,,,,,,,None,,3,,,2025.2.4,,,1,345.64228490000824,347.15585189999547,,,None,None,345.6546141666515,346.37042659998406,,,75,0,2026-08-08_12:59:38.171857,75,26,localizer,,None,,,None,,75,75,0,75,,,,,,,,bicycle,Vélo,Fahrrad,
350.7213660000125,351.66432320000604,0.93,,,2,351.6644957999815,351.6645695999614,,,flower,6,6,,,,,,,,,,,,,,,,,,,,,,,,,,,,,,None,,,None,2026-08-08_12h53.50.844,2,TSRlearn_localizer-concepts,2026-08-08 12h53.53.296918 +0200,,349.2196792999748,350.7191013999982,350.7358346999972,351.77526059997035,,,,60.16724088242566,348.45597369997995,349.2196792999748,,,348.44075050001265,349.2050314999651,,,flower\flower_02.jpg,,,,,,,,,,,,,,,,,,,,,,,0,0,1,,None,,349.2196792999748,,,,,,,None,,3,,,2025.2.4,,,1,349.2079012999893,350.7212900999584,,,None,None,349.21958886663583,350.11953119997634,,,76,0,2026-08-08_12:59:41.737550,76,27,localizer,,None,,,None,,76,76,0,76,,,,,,,,flower,Fleur,Blume,
354.03912109998055,355.1701226999867,1.13,,,2,355.17019049997907,355.1702235999983,,,chair,4,4,,,,,,,,,,,,,,,,,,,,,,,,,,,,,,None,,,None,2026-08-08_12h53.50.844,12,TSRlearn_localizer-concepts,2026-08-08 12h53.53.296918 +0200,,352.5551715999609,,354.0522280999576,355.2038472999702,,,,60.16724088242566,351.77526059997035,352.5551715999609,,,351.75057289999677,352.5333275999874,,,chair\chair_12.jpg,,,,,,,,,,,,,,,,,,,,,,,0,0,1,,None,,352.5551715999609,,,,,,,None,,3,,,2025.2.4,,,1,352.5435353000066,354.0389980999753,,,None,None,352.5453043666241,353.11908019997645,,,77,0,2026-08-08_12:59:45.056837,77,28,localizer,,None,,,None,,77,77,0,77,,,,,,,,chair,Chaise,Stuhl,
357.46905519999564,358.50253589998465,1.02,,,2,358.50260780000826,358.5026387000107,,,dog,5,5,,,,,,,,,,,,,,,,,,,,,,,,,,,,,,None,,,None,2026-08-08_12h53.50.844,24,TSRlearn_localizer-concepts,2026-08-08 12h53.53.296918 +0200,,355.967444400012,357.46691339998506,357.4835519999615,358.55327809997834,,,,60.16724088242566,355.2038472999702,355.967444400012,,,355.19261829997413,355.9529397999868,,,dog\dog_24.jpg,,,,,,,,,,,,,,,,,,,,,,,0,0,1,,None,,355.967444400012,,,,,,,None,,3,,,2025.2.4,,,1,355.95656229997985,357.468987500004,,,None,None,355.9675773666279,356.4676076999749,,,78,0,2026-08-08_12:59:48.485424,78,29,localizer,,None,,,None,,78,78,0,78,,,,,,,,dog,Chien,Hund,
360.8192537999712,361.7195344999782,0.89,,,2,361.71968929999275,361.719729000004,,,bicycle,2,2,,,,,,,,,,,,,,,,,,,,,,,,,,,,,,None,,,None,2026-08-08_12h53.50.844,39,TSRlearn_localizer-concepts,2026-08-08 12h53.53.296918 +0200,,359.31655559997307,360.81636210001307,360.83644189999904,361.76899299997604,,,,60.16724088242566,358.55327809997834,359.31655559997307,,,358.52849499997683,359.3021058999584,,,bicycle\bicycle_39.jpg,,,,,,,,,,,,,,,,,,,,,,,0,0,1,,None,,359.31655559997307,,,,,,,None,,3,,,2025.2.4,,,1,359.3042251999723,360.8191776999738,,,None,None,359.3165538666692,360.0328562000068,,,79,0,2026-08-08_12:59:51.834855,79,30,localizer,,None,,,None,,79,79,0,79,,,,,,,,bicycle,Vélo,Fahrrad,
364.04303949995665,365.04995889996644,0.99,,,2,365.0500257000094,365.0500578999636,,,house,9,9,,,,,,,,,,,,,,,,,,,,,,,,,,,,,,None,,,None,2026-08-08_12h53.50.844,32,TSRlearn_localizer-concepts,2026-08-08 12h53.53.296918 +0200,,362.54822769999737,364.06608650001,364.06608650001,365.14784049999435,,,,60.16724088242566,361.76899299997604,362.54822769999737,,,361.75031289999606,362.5248632999719,,,house\house_32.jpg,,,,,,,,,,,,,,,,,,,,,,,0,0,1,,None,,362.54822769999737,,,,,,,None,,3,,,2025.2.4,,,1,362.53097359999083,364.0429425999755,,,None,None,362.5390034666673,363.08181070000865,,,80,0,2026-08-08_12:59:55.050569,80,31,localizer,,None,,,None,,80,80,0,80,,,,,,,,house,Maison,Haus,
367.3996032999712,368.33245799998986,0.93,,,2,368.33253379998496,368.33257029997185,,,ball,1,1,,,,,,,,,,,,,,,,,,,,,,,,,,,,,,None,,,None,2026-08-08_12h53.50.844,12,TSRlearn_localizer-concepts,2026-08-08 12h53.53.296918 +0200,,365.90396269998746,367.4139446999761,367.4139446999761,368.4028526999755,,,,60.16724088242566,365.14784049999435,365.90396269998746,,,365.11539649998304,365.8847395000048,,,ball\ball_12.jpg,,,,,,,,,,,,,,,,,,,,,,,0,0,1,,None,,365.90396269998746,,,,,,,None,,3,,,2025.2.4,,,1,365.8888991000131,367.39953930000775,,,None,None,365.8988746666621,366.68090599996503,,,81,0,2026-08-08_12:59:58.429417,81,32,localizer,,None,,,None,,81,81,0,81,,,,,,,,ball,Ballon,Ball,
370.6653289999813,371.5483612999669,0.87,,,2,371.5484627999831,371.54849399998784,,,dog,5,5,,,,,,,,,,,,,,,,,,,,,,,,,,,,,,None,,,None,2026-08-08_12h53.50.844,43,TSRlearn_localizer-concepts,2026-08-08 12h53.53.296918 +0200,,369.1633686000132,370.66277940000873,370.67953749996377,371.59960149996914,,,,60.16724088242566,368.4028526999755,369.1633686000132,,,368.3880219999701,369.14874989999225,,,dog\dog_43.jpg,,,,,,,,,,,,,,,,,,,,,,,0,0,1,,None,,369.1633686000132,,,,,,,None,,3,,,2025.2.4,,,1,369.1525369999581,370.6652575999615,,,None,None,369.16339476663074,369.6630810999777,,,82,0,2026-08-08_13:00:01.684429,82,33,localizer,,None,,,None,,82,82,0,82,,,,,,,,dog,Chien,Hund,
373.8654532000073,374.9967935999739,1.12,,,2,374.9968991999631,374.9969311999739,,,ball,1,1,,,,,,,,,,,,,,,,,,,,,,,,,,,,,,None,,,None,2026-08-08_12h53.50.844,34,TSRlearn_localizer-concepts,2026-08-08 12h53.53.296918 +0200,,372.36259079998126,373.86246039997786,373.8790607000119,375.03073419997236,,,,60.16724088242566,371.59960149996914,372.36259079998126,,,371.5796284999815,372.3487141999649,,,ball\ball_34.jpg,,,,,,,,,,,,,,,,,,,,,,,0,0,1,,None,,372.36259079998126,,,,,,,None,,3,,,2025.2.4,,,1,372.3522332999855,373.8653606000007,,,None,None,372.36281916662506,373.1533824999933,,,83,0,2026-08-08_13:00:04.881178,83,34,localizer,,None,,,None,,83,83,0,83,,,,,,,,ball,Ballon,Ball,
377.2980824999977,378.229688899999,0.93,,,2,378.2297663000063,378.2297995999688,,,jacket,10,10,,,,,,,,,,,,,,,,,,,,,,,,,,,,,,None,,,None,2026-08-08_12h53.50.844,41,TSRlearn_localizer-concepts,2026-08-08 12h53.53.296918 +0200,,375.8106953999959,377.3118241999764,377.3118241999764,378.2797019999707,,,,60.16724088242566,375.03073419997236,375.8106953999959,,,375.0189432000043,375.7871475999709,,,jacket\jacket_41.jpg,,,,,,,,,,,,,,,,,,,,,,,0,0,1,,None,,375.8106953999959,,,,,,,None,,3,,,2025.2.4,,,1,375.7932638999773,377.2980052999919,,,None,None,375.8012835666343,376.3444653999759,,,84,0,2026-08-08_13:00:08.312311,84,35,localizer,,None,,,None,,84,84,0,84,,,,,,,,jacket,Veste,Jacke,
380.53565370000433,381.63235129998066,1.1,,,2,381.6325160000124,381.63257869996596,,,hammer,7,7,,,,,,,,,,,,,,,,,,,,,,,,,,,,,,None,,,None,2026-08-08_12h53.50.844,16,TSRlearn_localizer-concepts,2026-08-08 12h53.53.296918 +0200,,379.0439183000126,380.54426409996813,380.54426409996813,381.77242140000453,,,,60.16724088242566,378.2797019999707,379.0439183000126,,,378.2596404000069,379.02934589999495,,,hammer\hammer_16.jpg,,,,,,,,,,,,,,,,,,,,,,,0,0,1,,None,,379.0439183000126,,,,,,,None,,3,,,2025.2.4,,,1,379.03371529997094,380.53559099999256,,,None,None,379.0435970666624,379.56012139999075,,,85,0,2026-08-08_13:00:11.561278,85,36,localizer,,None,,,None,,85,85,0,85,,,,,,,,hammer,Marteau,Hammer,
384.0287138999556,384.8609591999557,0.82,,,2,384.861030799977,384.8610615999787,,,bread,3,3,,,,,,,,,,,,,,,,,,,,,,,,,,,,,,None,,,None,2026-08-08_12h53.50.844,43,TSRlearn_localizer-concepts,2026-08-08 12h53.53.296918 +0200,,382.5264130999567,384.02553949999856,384.05070500000147,384.9296211999608,,,,60.16724088242566,381.77242140000453,382.5264130999567,,,381.74750029999996,382.5136072000023,,,bread\bread_43.jpg,,,,,,,,,,,,,,,,,,,,,,,0,0,1,,None,,382.5264130999567,,,,,,,None,,3,,,2025.2.4,,,1,382.5182644999586,384.02862920000916,,,None,None,382.52683766663927,383.47652430000016,,,86,0,2026-08-08_13:00:15.053998,86,37,localizer,,None,,,None,,86,86,0,86,,,,,,,,bread,Pain,Brot,
387.3935669999919,388.2766313999891,0.87,,,2,388.2767454999848,388.27678059996106,,,house,9,1,,,,,,,,,,,,,,,,,,,,,,,,,,,,,,None,,,r,2026-08-08_12h53.50.844,9,TSRlearn_localizer-concepts,2026-08-08 12h53.53.296918 +0200,,385.691606999957,387.4078154999879,387.4078154999879,388.3688877999666,,,,60.16724088242566,384.9296211999608,385.691606999957,,,384.9101101999986,385.6683912999579,,,house\house_09.jpg,,,,,,,,,,,,,,,,,,,,,,,0,1,1,,None,,385.691606999957,,,,,,,left,,3,,,2025.2.4,,,1,385.6722527999664,387.3935011999565,,,None,None,385.68188486667736,386.45821889996296,,,87,0,2026-08-08_13:00:18.211198,87,38,localizer,,None,,,None,,87,87,0,87,,,,,,,,ball,Ballon,Ball,
390.61681219999446,391.39175760000944,0.77,,,2,391.3918619999895,391.3918948000064,,,hand,8,8,,,,,,,,,,,,,,,,,,,,,,,,,,,,,,None,,,None,2026-08-08_12h53.50.844,44,TSRlearn_localizer-concepts,2026-08-08 12h53.53.296918 +0200,,389.1306421000045,390.6244435000117,390.6244435000117,391.4439765000134,,,,60.16724088242566,388.3688877999666,389.1306421000045,,,388.3339225999662,389.1112043999601,,,hand\hand_44.jpg,,,,,,,,,,,,,,,,,,,,,,,0,0,1,,None,,389.1306421000045,,,,,,,None,,3,,,2025.2.4,,,1,389.1156304999604,390.6167405999731,,,None,None,389.1250004666547,389.61370829999214,,,88,0,2026-08-08_13:00:21.650464,88,39,localizer,,None,,,None,,88,88,0,88,,,,,,,,hand,Main,Hand,
393.70787579996977,394.8929850999848,1.17,,,2,394.89307940000435,394.8931203999673,,,flower,6,6,,,,,,,,,,,,,,,,,,,,,,,,,,,,,,None,,,None,2026-08-08_12h53.50.844,1,TSRlearn_localizer-concepts,2026-08-08 12h53.53.296918 +0200,,392.21308379998663,393.7221167999669,393.7221167999669,395.102106300008,,,,60.16724088242566,391.4439765000134,392.21308379998663,,,391.4303122999845,392.1923906999873,,,flower\flower_01.jpg,,,,,,,,,,,,,,,,,,,,,,,0,0,1,,None,,392.21308379998663,,,,,,,None,,3,,,2025.2.4,,,1,392.1960756999906,393.70780829997966,,,None,None,392.2065670666673,393.11249049997423,,,89,0,2026-08-08_13:00:24.725553,89,40,localizer,,None,,,None,,89,89,0,89,,,,,,,,flower,Fleur,Blume,
397.35709830000997,398.3069942999864,0.94,,,2,398.3070682999678,398.3071156999795,,,ball,1,1,,,,,,,,,,,,,,,,,,,,,,,,,,,,,,None,,,None,2026-08-08_12h53.50.844,15,TSRlearn_localizer-concepts,2026-08-08 12h53.53.296918 +0200,,395.85505359998206,397.35452140000416,397.3711268999614,398.3602673999849,,,,60.16724088242566,395.102106300008,395.85505359998206,,,394.98725860001286,395.8416224999819,,,ball\ball_15.jpg,,,,,,,,,,,,,,,,,,,,,,,0,0,1,,None,,395.85505359998206,,,,,,,None,,3,,,2025.2.4,,,1,395.8450073999702,397.357027799997,,,None,None,395.8557402666231,396.63821969996206,,,90,0,2026-08-08_13:00:28.383683,90,41,localizer,,None,,,None,,90,90,0,90,,,,,,,,ball,Ballon,Ball,
400.60654259996954,401.3897083000047,0.77,,,2,401.3897859999561,401.3898252999643,,,chair,4,4,,,,,,,,,,,,,,,,,,,,,,,,,,,,,,None,,,None,2026-08-08_12h53.50.844,34,TSRlearn_localizer-concepts,2026-08-08 12h53.53.296918 +0200,,399.12064269999973,400.62007179996,400.62007179996,401.439907699998,,,,60.16724088242566,398.3602673999849,399.12064269999973,,,398.3380991999875,399.10615710000275,,,chair\chair_34.jpg,,,,,,,,,,,,,,,,,,,,,,,0,0,1,,None,,399.12064269999973,,,,,,,None,,3,,,2025.2.4,,,1,399.1104502999806,400.6064655999653,,,None,None,399.1206951666429,399.6871537999832,,,91,0,2026-08-08_13:00:31.641844,91,42,localizer,,None,,,None,,91,91,0,91,,,,,,,,chair,Chaise,Stuhl,
403.70525619998807,404.6401615999639,0.93,,,2,404.6402780999779,404.64034469996113,,,bicycle,2,2,,,,,,,,,,,,,,,,,,,,,,,,,,,,,,None,,,None,2026-08-08_12h53.50.844,30,TSRlearn_localizer-concepts,2026-08-08 12h53.53.296918 +0200,,402.2098503999878,403.71917960001156,403.71917960001156,404.6895839999779,,,,60.16724088242566,401.439907699998,402.2098503999878,,,401.41666489996715,402.1890026999754,,,bicycle\bicycle_30.jpg,,,,,,,,,,,,,,,,,,,,,,,0,0,1,,None,,402.2098503999878,,,,,,,None,,3,,,2025.2.4,,,1,402.1915479999734,403.70517889998155,,,None,None,402.203121566625,402.91994940000586,,,92,0,2026-08-08_13:00:34.721484,92,43,localizer,,None,,,None,,92,92,0,92,,,,,,,,bicycle,Vélo,Fahrrad,
406.95478119998006,407.80406309996033,0.85,,,2,407.8041743999929,407.8042131999973,,,hammer,7,7,,,,,,,,,,,,,,,,,,,,,,,,,,,,,,None,,,None,2026-08-08_12h53.50.844,8,TSRlearn_localizer-concepts,2026-08-08 12h53.53.296918 +0200,,405.4520551000023,406.95185239997227,406.96869269997114,407.85478250001324,,,,60.16724088242566,404.6895839999779,405.4520551000023,,,404.6698074999731,405.43784969998524,,,hammer\hammer_08.jpg,,,,,,,,,,,,,,,,,,,,,,,0,0,1,,None,,405.4520551000023,,,,,,,None,,3,,,2025.2.4,,,1,405.4415766999591,406.95468629995594,,,None,None,405.45215196663435,405.9693581999745,,,93,0,2026-08-08_13:00:37.971160,93,44,localizer,,None,,,None,,93,93,0,93,,,,,,,,hammer,Marteau,Hammer,
410.1051832999801,411.0026358999894,0.89,,,2,411.0027129999944,411.00277959997766,,,house,9,9,,,,,,,,,,,,,,,,,,,,,,,,,,,,,,None,,,None,2026-08-08_12h53.50.844,40,TSRlearn_localizer-concepts,2026-08-08 12h53.53.296918 +0200,,408.6404531999724,,410.11794149997877,411.0526569999638,,,,60.16724088242566,407.85478250001324,408.6404531999724,,,407.83351849997416,408.6042400999577,,,house\house_40.jpg,,,,,,,,,,,,,,,,,,,,,,,0,0,1,,None,,408.6404531999724,,,,,,,None,,3,,,2025.2.4,,,1,408.6109432000085,410.1050756999757,,,None,None,408.6181829666641,409.16956309997477,,,94,0,2026-08-08_13:00:41.136359,94,45,localizer,,None,,,None,,94,94,0,94,,,,,,,,house,Maison,Haus,
413.31934029998956,414.2180542999995,0.9,,,2,414.2181694000028,414.21820449997904,,,chair,4,4,,,,,,,,,,,,,,,,,,,,,,,,,,,,,,None,,,None,2026-08-08_12h53.50.844,36,TSRlearn_localizer-concepts,2026-08-08 12h53.53.296918 +0200,,411.81656569999177,413.31625189998886,413.33280069998,414.28478459996404,,,,60.16724088242566,411.0526569999638,411.81656569999177,,,411.0375300999731,411.80276289995527,,,chair\chair_36.jpg,,,,,,,,,,,,,,,,,,,,,,,0,0,1,,None,,411.81656569999177,,,,,,,None,,3,,,2025.2.4,,,1,411.80771550000645,413.31925890001,,,None,None,411.81687116664057,412.38356779998867,,,95,0,2026-08-08_13:00:44.334233,95,46,localizer,,None,,,None,,95,95,0,95,,,,,,,,chair,Chaise,Stuhl,
416.535425799957,417.5184810999781,0.97,,,2,417.51856060000136,417.5186384000117,,,bread,3,3,,,,,,,,,,,,,,,,,,,,,,,,,,,,,,None,,,None,2026-08-08_12h53.50.844,25,TSRlearn_localizer-concepts,2026-08-08 12h53.53.296918 +0200,,415.0669521999662,,416.5488231999916,417.56717170000775,,,,60.16724088242566,414.28478459996404,415.0669521999662,,,414.26259830000345,415.03500039997743,,,bread\bread_25.jpg,,,,,,,,,,,,,,,,,,,,,,,0,0,1,,None,,415.0669521999662,,,,,,,None,,3,,,2025.2.4,,,1,415.0431053999928,416.53533669997705,,,None,None,415.04913086665715,415.9857396999723,,,96,0,2026-08-08_13:00:47.566361,96,47,localizer,,None,,,None,,96,96,0,96,,,,,,,,bread,Pain,Brot,
419.83352089999244,420.68642429995816,0.84,,,2,420.6865392999607,420.6865806999849,,,dog,5,5,,,,,,,,,,,,,,,,,,,,,,,,,,,,,,None,,,None,2026-08-08_12h53.50.844,6,TSRlearn_localizer-concepts,2026-08-08 12h53.53.296918 +0200,,418.3308175000129,419.83081379998475,419.85476539999945,420.75029900000663,,,,60.16724088242566,417.56717170000775,418.3308175000129,,,417.55704589997185,418.31719649996376,,,dog\dog_06.jpg,,,,,,,,,,,,,,,,,,,,,,,0,0,1,,None,,418.3308175000129,,,,,,,None,,3,,,2025.2.4,,,1,418.32160440000007,419.833446500008,,,None,None,418.3312472666769,418.8142994999653,,,97,0,2026-08-08_13:00:50.848748,97,48,localizer,,None,,,None,,97,97,0,97,,,,,,,,dog,Chien,Hund,
423.23237350001,424.2821365999989,1.05,,,2,424.28220969997346,424.2822443000041,,,hand,8,4,,,,,,,,,,,,,,,,,,,,,,,,,,,,,,None,,,r,2026-08-08_12h53.50.844,3,TSRlearn_localizer-concepts,2026-08-08 12h53.53.296918 +0200,,421.513481699978,423.2463050999795,423.2463050999795,424.39844099996844,,,,60.16724088242566,420.75029900000663,421.513481699978,,,420.72782679996453,421.4997983999783,,,hand\hand_03.jpg,,,,,,,,,,,,,,,,,,,,,,,0,1,1,,None,,421.513481699978,,,,,,,left,,3,,,2025.2.4,,,1,421.5039876999799,423.23230119998334,,,None,None,421.5137320666729,422.0797395000118,,,98,0,2026-08-08_13:00:54.031875,98,49,localizer,,None,,,None,,98,98,0,98,,,,,,,,chair,Chaise,Stuhl,
426.6478909999714,427.49966119998135,0.85,,,2,427.49974969995674,449.3244456999819,427.5127377999597,442.5231755999848,ball,1,1,,,,,,,,,,,,,,,,,,,,,,,,,,,,,0.08750129997497424,r,6.719650499988347,442.5068791999947,None,2026-08-08_12h53.50.844,11,TSRlearn_localizer-concepts,2026-08-08 12h53.53.296918 +0200,,425.16164379997645,426.6604929000023,426.6604929000023,427.5127377999597,,,,60.16724088242566,424.39844099996844,425.16164379997645,,,424.3532763000112,425.1375365999993,,,ball\ball_11.jpg,442.5068791999947,,,,,,,,,,,,,,,,,,,,,,0,0,1,,None,,425.16164379997645,,,,,,,None,,3,427.5127377999597,442.5231755999848,2025.2.4,,,1,425.14540899998974,426.6477696999791,,,None,None,425.1519368666379,425.9449430999812,,,99,0,2026-08-08_13:00:57.680017,99,50,localizer,0.08750129997497424,r,6.719650499988347,,None,,99,99,0,99,,,,,,,,ball,Ballon,Ball,
451.67471439996734,452.52250699995784,0.84,,,3,452.5339388999855,452.53399289998924,,,dog,5,5,,,,,,,,,,,,,,,,,,,,,,,,,,,,,,None,,,None,2026-08-08_12h53.50.844,41,TSRlearn_localizer-concepts,2026-08-08 12h53.53.296918 +0200,,450.1888232000056,451.6882636999944,451.6882636999944,452.580478399992,,,,60.16724088242566,449.42118870001286,450.1888232000056,,,449.39365250000264,450.1645512999967,,,dog\dog_41.jpg,,,,,,,,,,,,,,,,,,,,,,,0,0,1,,None,,450.1888232000056,,,,,,,None,,3,,,2025.2.4,,,1,450.16983889997937,451.67463779996615,,,None,None,450.17831706663515,450.6714333999553,,,100,0,2026-08-08_13:01:22.702765,100,1,localizer,,None,,,None,,100,100,0,100,,,,,,,,dog,Chien,Hund,
454.8295039999648,455.9218908000039,1.08,,,3,455.92198839999037,455.9220296999556,,,chair,4,4,,,,,,,,,,,,,,,,,,,,,,,,,,,,,,None,,,None,2026-08-08_12h53.50.844,11,TSRlearn_localizer-concepts,2026-08-08 12h53.53.296918 +0200,,453.33718599996064,454.83786119997967,454.83786119997967,455.9564493999933,,,,60.16724088242566,452.580478399992,453.33718599996064,,,452.5529886999866,453.3229022999876,,,chair\chair_11.jpg,,,,,,,,,,,,,,,,,,,,,,,0,0,1,,None,,453.33718599996064,,,,,,,None,,3,,,2025.2.4,,,1,453.3268985999748,454.8294266999583,,,None,None,453.3373720666316,453.90384659997653,,,101,0,2026-08-08_13:01:25.862055,101,2,localizer,,None,,,None,,101,101,0,101,,,,,,,,chair,Chaise,Stuhl,
458.2070912999916,459.1374410999706,0.93,,,3,459.1375104999752,459.1375434999936,,,hammer,7,7,,,,,,,,,,,,,,,,,,,,,,,,,,,,,,None,,,None,2026-08-08_12h53.50.844,32,TSRlearn_localizer-concepts,2026-08-08 12h53.53.296918 +0200,,456.719495599973,458.21954540000297,458.21954540000297,459.1722100999905,,,,60.16724088242566,455.9564493999933,456.719495599973,,,455.9448112999671,456.7054341000039,,,hammer\hammer_32.jpg,,,,,,,,,,,,,,,,,,,,,,,0,0,1,,None,,456.719495599973,,,,,,,None,,3,,,2025.2.4,,,1,456.7096171999583,458.2069640000118,,,None,None,456.7196549666735,457.2356173999724,,,102,0,2026-08-08_13:01:29.238026,102,3,localizer,,None,,,None,,102,102,0,102,,,,,,,,hammer,Marteau,Hammer,
461.6367428000085,462.4361540999962,0.8,,,3,462.4362772000022,462.4363110999693,,,jacket,10,1,,,,,,,,,,,,,,,,,,,,,,,,,,,,,,None,,,r,2026-08-08_12h53.50.844,16,TSRlearn_localizer-concepts,2026-08-08 12h53.53.296918 +0200,,459.9342192999902,461.6508360999869,461.6508360999869,462.47066649998305,,,,60.16724088242566,459.1722100999905,459.9342192999902,,,459.1560421999893,459.91195270000026,,,jacket\jacket_16.jpg,,,,,,,,,,,,,,,,,,,,,,,0,1,1,,None,,459.9342192999902,,,,,,,left,,3,,,2025.2.4,,,1,459.91499590000603,461.6366788999876,,,None,None,459.926010166648,460.70243349997327,,,103,0,2026-08-08_13:01:32.453787,103,4,localizer,,None,,,None,,103,103,0,103,,,,,,,,ball,Ballon,Ball,
464.7357857999741,465.70220020000124,0.96,,,3,465.702320899989,465.7023577999789,,,bicycle,2,2,,,,,,,,,,,,,,,,,,,,,,,,,,,,,,None,,,None,2026-08-08_12h53.50.844,28,TSRlearn_localizer-concepts,2026-08-08 12h53.53.296918 +0200,,463.23393369995756,464.7331980000017,464.7499562999583,465.75339149998035,,,,60.16724088242566,462.47066649998305,463.23393369995756,,,462.4587573999888,463.22109010000713,,,bicycle\bicycle_28.jpg,,,,,,,,,,,,,,,,,,,,,,,0,0,1,,None,,463.23393369995756,,,,,,,None,,3,,,2025.2.4,,,1,463.2240085999947,464.73570939997444,,,None,None,463.2345586666527,463.95028839999577,,,104,0,2026-08-08_13:01:35.752243,104,5,localizer,,None,,,None,,104,104,0,104,,,,,,,,bicycle,Vélo,Fahrrad,
468.0014873999753,469.18512350000674,1.18,,,3,469.1851927000098,469.1852254999685,,,house,9,9,,,,,,,,,,,,,,,,,,,,,,,,,,,,,,None,,,None,2026-08-08_12h53.50.844,35,TSRlearn_localizer-concepts,2026-08-08 12h53.53.296918 +0200,,466.5157543999958,468.01566420000745,468.01566420000745,469.21820469998056,,,,60.16724088242566,465.75339149998035,466.5157543999958,,,465.7384958000039,466.4913142999867,,,house\house_35.jpg,,,,,,,,,,,,,,,,,,,,,,,0,0,1,,None,,466.5157543999958,,,,,,,None,,3,,,2025.2.4,,,1,466.49785939999856,468.00138430000516,,,None,None,466.5052142666575,467.0498523999704,,,105,0,2026-08-08_13:01:39.034968,105,6,localizer,,None,,,None,,105,105,0,105,,,,,,,,house,Maison,Haus,
471.46894160000375,472.23653309996007,0.76,,,3,472.2366608000011,472.23671510000713,,,hand,8,8,,,,,,,,,,,,,,,,,,,,,,,,,,,,,,None,,,None,2026-08-08_12h53.50.844,2,TSRlearn_localizer-concepts,2026-08-08 12h53.53.296918 +0200,,469.98159869998926,471.48475259996485,471.48475259996485,472.3047169999918,,,,60.16724088242566,469.21820469998056,469.98159869998926,,,469.2051619999693,469.96712769998703,,,hand\hand_02.jpg,,,,,,,,,,,,,,,,,,,,,,,0,0,1,,None,,469.98159869998926,,,,,,,None,,3,,,2025.2.4,,,1,469.971344999969,471.46883319999324,,,None,None,469.98162606667415,470.465226100001,,,106,0,2026-08-08_13:01:42.499781,106,7,localizer,,None,,,None,,106,106,0,106,,,,,,,,hand,Main,Hand,
474.566007299989,475.43210849998286,0.86,,,3,475.4321809000103,475.4322138999705,,,flower,6,6,,,,,,,,,,,,,,,,,,,,,,,,,,,,,,None,,,None,2026-08-08_12h53.50.844,2,TSRlearn_localizer-concepts,2026-08-08 12h53.53.296918 +0200,,473.0640611999552,474.56320440000854,474.57971449999604,475.5650566999684,,,,60.16724088242566,472.3047169999918,473.0640611999552,,,472.27940930001205,473.0503711999627,,,flower\flower_02.jpg,,,,,,,,,,,,,,,,,,,,,,,0,0,1,,None,,473.0640611999552,,,,,,,None,,3,,,2025.2.4,,,1,473.0539071999956,474.5659311999916,,,None,None,473.0642313666797,473.98021459998563,,,107,0,2026-08-08_13:01:45.586293,107,8,localizer,,None,,,None,,107,107,0,107,,,,,,,,flower,Fleur,Blume,
477.81641259999014,478.7313093999983,0.9,,,3,478.7314014000003,478.7314397000009,,,bread,3,3,,,,,,,,,,,,,,,,,,,,,,,,,,,,,,None,,,None,2026-08-08_12h53.50.844,36,TSRlearn_localizer-concepts,2026-08-08 12h53.53.296918 +0200,,476.33053799998015,477.8303315999801,477.8303315999801,478.76835909998044,,,,60.16724088242566,475.5650566999684,476.33053799998015,,,475.5091919999686,476.3077054999885,,,bread\bread_36.jpg,,,,,,,,,,,,,,,,,,,,,,,0,0,1,,None,,476.33053799998015,,,,,,,None,,3,,,2025.2.4,,,1,476.31322899996303,477.8163420999772,,,None,None,476.3210781666605,477.2455975000048,,,108,0,2026-08-08_13:01:48.846633,108,9,localizer,,None,,,None,,108,108,0,108,,,,,,,,bread,Pain,Brot,
481.03371139999945,481.98058009997476,0.94,,,3,481.98095090000425,481.98098870000103,,,dog,5,5,,,,,,,,,,,,,,,,,,,,,,,,,,,,,,None,,,None,2026-08-08_12h53.50.844,7,TSRlearn_localizer-concepts,2026-08-08 12h53.53.296918 +0200,,479.5283700999571,481.0302197999554,481.044925299997,482.10663519997615,,,,60.16724088242566,478.76835909998044,479.5283700999571,,,478.75474439997924,479.5148831999977,,,dog\dog_07.jpg,,,,,,,,,,,,,,,,,,,,,,,0,0,1,,None,,479.5283700999571,,,,,,,None,,3,,,2025.2.4,,,1,479.5188931999728,481.0336064999574,,,None,None,479.52864176663957,480.0290220999741,,,109,0,2026-08-08_13:01:52.049936,109,10,localizer,,None,,,None,,109,109,0,109,,,,,,,,dog,Chien,Hund,
484.36249869997846,485.1617611999973,0.79,,,3,485.1618290999904,485.1618599999929,,,ball,1,1,,,,,,,,,,,,,,,,,,,,,,,,,,,,,,None,,,None,2026-08-08_12h53.50.844,19,TSRlearn_localizer-concepts,2026-08-08 12h53.53.296918 +0200,,482.8606510999962,484.35989879997214,484.37690849998035,485.25022240000544,,,,60.16724088242566,482.10663519997615,482.8606510999962,,,482.05854190001264,482.84642979997443,,,ball\ball_19.jpg,,,,,,,,,,,,,,,,,,,,,,,0,0,1,,None,,482.8606510999962,,,,,,,None,,3,,,2025.2.4,,,1,482.84957769996254,484.36243009998,,,None,None,482.8606762666643,483.6442996999831,,,110,0,2026-08-08_13:01:55.388211,110,11,localizer,,None,,,None,,110,110,0,110,,,,,,,,ball,Ballon,Ball,
487.51143069996033,488.57747419999214,1.05,,,3,488.577541799983,488.57757349999156,,,jacket,10,10,,,,,,,,,,,,,,,,,,,,,,,,,,,,,,None,,,None,2026-08-08_12h53.50.844,44,TSRlearn_localizer-concepts,2026-08-08 12h53.53.296918 +0200,,486.0094573000097,487.5089317999664,487.52909520000685,488.64618519996293,,,,60.16724088242566,485.25022240000544,486.0094573000097,,,485.207636600011,485.9948482000036,,,jacket\jacket_44.jpg,,,,,,,,,,,,,,,,,,,,,,,0,0,1,,None,,486.0094573000097,,,,,,,None,,3,,,2025.2.4,,,1,486.0002014999627,487.5113624999649,,,None,None,486.0094816666717,486.5428256999585,,,111,0,2026-08-08_13:01:58.531799,111,12,localizer,,None,,,None,,111,111,0,111,,,,,,,,jacket,Veste,Jacke,
490.91164479998406,491.87683189997915,0.96,,,3,491.8769007999799,491.876945099968,,,bicycle,2,2,,,,,,,,,,,,,,,,,,,,,,,,,,,,,,None,,,None,2026-08-08_12h53.50.844,48,TSRlearn_localizer-concepts,2026-08-08 12h53.53.296918 +0200,,489.4084855999681,490.90893749997485,490.9258826999576,491.91492869996,,,,60.16724088242566,488.64618519996293,489.4084855999681,,,488.62554649997037,489.39517249999335,,,bicycle\bicycle_48.jpg,,,,,,,,,,,,,,,,,,,,,,,0,0,1,,None,,489.4084855999681,,,,,,,None,,3,,,2025.2.4,,,1,489.3978530999739,490.91157029999886,,,None,None,489.4089807666644,490.1250951999682,,,112,0,2026-08-08_13:02:01.927762,112,13,localizer,,None,,,None,,112,112,0,112,,,,,,,,bicycle,Vélo,Fahrrad,
494.1757079999661,495.39334099995904,1.21,,,3,495.3934620000073,495.39349930000026,,,hammer,7,7,,,,,,,,,,,,,,,,,,,,,,,,,,,,,,None,,,None,2026-08-08_12h53.50.844,8,TSRlearn_localizer-concepts,2026-08-08 12h53.53.296918 +0200,,492.67431259999285,494.17328779998934,494.1900264999713,495.45961269998224,,,,60.16724088242566,491.91492869996,492.67431259999285,,,491.895861099998,492.66003789997194,,,hammer\hammer_08.jpg,,,,,,,,,,,,,,,,,,,,,,,0,0,1,,None,,492.67431259999285,,,,,,,None,,3,,,2025.2.4,,,1,492.66372089996,494.1756391999661,,,None,None,492.67417016666536,493.1905811000033,,,113,0,2026-08-08_13:02:05.196505,113,14,localizer,,None,,,None,,113,113,0,113,,,,,,,,hammer,Marteau,Hammer,
497.7114528999664,498.72440740000457,1.01,,,3,498.72451329999603,498.72454610001296,,,bread,3,3,,,,,,,,,,,,,,,,,,,,,,,,,,,,,,None,,,None,2026-08-08_12h53.50.844,25,TSRlearn_localizer-concepts,2026-08-08 12h53.53.296918 +0200,,496.2228088999982,497.7224672999582,497.7224672999582,498.75869409996085,,,,60.16724088242566,495.45961269998224,496.2228088999982,,,495.43452889996115,496.2082997999969,,,bread\bread_25.jpg,,,,,,,,,,,,,,,,,,,,,,,0,0,1,,None,,496.2228088999982,,,,,,,None,,3,,,2025.2.4,,,1,496.21164809999755,497.71138130000327,,,None,None,496.22284236667133,497.1392607999733,,,114,0,2026-08-08_13:02:08.741189,114,15,localizer,,None,,,None,,114,114,0,114,,,,,,,,bread,Pain,Brot,
501.0243158999947,501.9071905000019,0.87,,,3,501.90730989997974,501.90734579996206,,,chair,4,4,,,,,,,,,,,,,,,,,,,,,,,,,,,,,,None,,,None,2026-08-08_12h53.50.844,3,TSRlearn_localizer-concepts,2026-08-08 12h53.53.296918 +0200,,499.5231081999955,501.0214069999638,501.03930740000214,501.9865482999594,,,,60.16724088242566,498.75869409996085,499.5231081999955,,,498.74517259997083,499.5096066999831,,,chair\chair_03.jpg,,,,,,,,,,,,,,,,,,,,,,,0,0,1,,None,,499.5231081999955,,,,,,,None,,3,,,2025.2.4,,,1,499.51427200000035,501.02422620001016,,,None,None,499.52330226666913,500.090065700002,,,115,0,2026-08-08_13:02:12.040271,115,16,localizer,,None,,,None,,115,115,0,115,,,,,,,,chair,Chaise,Stuhl,
504.23916160000954,505.4720138999983,1.23,,,3,505.4720820999937,505.4721135,,,ball,1,1,,,,,,,,,,,,,,,,,,,,,,,,,,,,,,None,,,None,2026-08-08_12h53.50.844,42,TSRlearn_localizer-concepts,2026-08-08 12h53.53.296918 +0200,,502.7379673999967,504.25352169998223,504.25352169998223,505.50895769998897,,,,60.16724088242566,501.9865482999594,502.7379673999967,,,501.96344989998033,502.72371120000025,,,ball\ball_42.jpg,,,,,,,,,,,,,,,,,,,,,,,0,0,1,,None,,502.7379673999967,,,,,,,None,,3,,,2025.2.4,,,1,502.72693699999945,504.23909869999625,,,None,None,502.7377364666356,503.5204503000132,,,116,0,2026-08-08_13:02:15.268125,116,17,localizer,,None,,,None,,116,116,0,116,,,,,,,,ball,Ballon,Ball,
507.7563161999569,508.7880635999609,1.02,,,3,508.7881336999708,508.7881697000121,,,hand,8,8,,,,,,,,,,,,,,,,,,,,,,,,,,,,,,None,,,None,2026-08-08_12h53.50.844,19,TSRlearn_localizer-concepts,2026-08-08 12h53.53.296918 +0200,,506.27254629996605,,507.7694890999701,508.8391762999818,,,,60.16724088242566,505.50895769998897,506.27254629996605,,,505.4890974999871,506.2452540000086,,,hand\hand_19.jpg,,,,,,,,,,,,,,,,,,,,,,,0,0,1,,None,,506.27254629996605,,,,,,,None,,3,,,2025.2.4,,,1,506.2497005999903,507.75622429995565,,,None,None,506.2595600666284,506.75531489995774,,,117,0,2026-08-08_13:02:18.790534,117,18,localizer,,None,,,None,,117,117,0,117,,,,,,,,hand,Main,Hand,
511.10456000000704,511.88827609998407,0.78,,,3,511.8883560000104,511.8883935000049,,,flower,6,6,,,,,,,,,,,,,,,,,,,,,,,,,,,,,,None,,,None,2026-08-08_12h53.50.844,14,TSRlearn_localizer-concepts,2026-08-08 12h53.53.296918 +0200,,509.60467949998565,511.1214101999649,511.1214101999649,511.92188729997724,,,,60.16724088242566,508.8391762999818,509.60467949998565,,,508.8221377999871,509.58781239995733,,,flower\flower_14.jpg,,,,,,,,,,,,,,,,,,,,,,,0,0,1,,None,,509.60467949998565,,,,,,,None,,3,,,2025.2.4,,,1,509.5909937999677,511.1044876999804,,,None,None,509.6020710666237,510.4851498999633,,,118,0,2026-08-08_13:02:22.120753,118,19,localizer,,None,,,None,,118,118,0,118,,,,,,,,flower,Fleur,Blume,
514.3870477000019,515.4370984999696,1.04,,,3,515.4371993999812,515.4372497999575,,,ball,1,9,,,,,,,,,,,,,,,,,,,,,,,,,,,,,,None,,,r,2026-08-08_12h53.50.844,29,TSRlearn_localizer-concepts,2026-08-08 12h53.53.296918 +0200,,512.6848980999785,514.4008785999613,514.4008785999613,515.5403091000044,,,,60.16724088242566,511.92188729997724,512.6848980999785,,,511.9089854999911,512.6710360999568,,,ball\ball_29.jpg,,,,,,,,,,,,,,,,,,,,,,,0,1,1,,None,,512.6848980999785,,,,,,,right,,3,,,2025.2.4,,,1,512.6767502999865,514.3869428999606,,,None,None,512.6847822666789,513.2345566999866,,,119,0,2026-08-08_13:02:25.203464,119,20,localizer,,None,,,None,,119,119,0,119,,,,,,,,house,Maison,Haus,
517.8040949999704,518.634553299984,0.83,,,3,518.6346481000073,518.6346799999592,,,hand,8,8,,,,,,,,,,,,,,,,,,,,,,,,,,,,,,None,,,None,2026-08-08_12h53.50.844,44,TSRlearn_localizer-concepts,2026-08-08 12h53.53.296918 +0200,,516.3167500999989,517.8169488999993,517.8169488999993,518.6717713999678,,,,60.16724088242566,515.5403091000044,516.3167500999989,,,515.5046722000116,516.2909462999669,,,hand\hand_44.jpg,,,,,,,,,,,,,,,,,,,,,,,0,0,1,,None,,516.3167500999989,,,,,,,None,,3,,,2025.2.4,,,1,516.2973182999995,517.8039849000052,,,None,None,516.3047011666388,516.8006220000098,,,120,0,2026-08-08_13:02:28.821886,120,21,localizer,,None,,,None,,120,120,0,120,,,,,,,,hand,Main,Hand,
520.9209513000096,522.0839324999833,1.16,,,3,522.0840060999617,522.0840418000007,,,chair,4,4,,,,,,,,,,,,,,,,,,,,,,,,,,,,,,None,,,None,2026-08-08_12h53.50.844,13,TSRlearn_localizer-concepts,2026-08-08 12h53.53.296918 +0200,,519.4327028999687,520.9317806999898,520.9317806999898,522.1346635000082,,,,60.16724088242566,518.6717713999678,519.4327028999687,,,518.6535753000062,519.4195586999995,,,chair\chair_13.jpg,,,,,,,,,,,,,,,,,,,,,,,0,0,1,,None,,519.4327028999687,,,,,,,None,,3,,,2025.2.4,,,1,519.4247834999696,520.9208681999589,,,None,None,519.4327614666583,520.0184528999962,,,121,0,2026-08-08_13:02:31.953348,121,22,localizer,,None,,,None,,121,121,0,121,,,,,,,,chair,Chaise,Stuhl,
524.5999078999739,525.5656652000034,0.96,,,3,525.5657362999627,525.5657712999964,,,house,9,7,,,,,,,,,,,,,,,,,,,,,,,,,,,,,,None,,,r,2026-08-08_12h53.50.844,32,TSRlearn_localizer-concepts,2026-08-08 12h53.53.296918 +0200,,522.8827111999854,524.6144707999774,524.6144707999774,525.6503857999924,,,,60.16724088242566,522.1346635000082,522.8827111999854,,,522.1229200999951,522.870596599998,,,house\house_32.jpg,,,,,,,,,,,,,,,,,,,,,,,0,1,1,,None,,522.8827111999854,,,,,,,left,,3,,,2025.2.4,,,1,522.8747627999983,524.5998414999922,,,None,None,522.8846934666547,523.4021799999755,,,122,0,2026-08-08_13:02:35.416240,122,23,localizer,,None,,,None,,122,122,0,122,,,,,,,,hammer,Marteau,Hammer,
527.9007315000053,528.8202351999935,0.92,,,3,528.8204506000038,528.8205427000066,,,jacket,10,10,,,,,,,,,,,,,,,,,,,,,,,,,,,,,,None,,,None,2026-08-08_12h53.50.844,29,TSRlearn_localizer-concepts,2026-08-08 12h53.53.296918 +0200,,526.4166771000018,,527.9134283000021,528.8843654000084,,,,60.16724088242566,525.6503857999924,526.4166771000018,,,525.6160358999623,526.3921683999943,,,jacket\jacket_29.jpg,,,,,,,,,,,,,,,,,,,,,,,0,0,1,,None,,526.4166771000018,,,,,,,None,,3,,,2025.2.4,,,1,526.3980915999855,527.9006226999918,,,None,None,526.4062626666312,526.9526723999879,,,123,0,2026-08-08_13:02:38.931962,123,24,localizer,,None,,,None,,123,123,0,123,,,,,,,,jacket,Veste,Jacke,
531.1330626999843,532.1986927000107,1.06,,,3,532.1987747999956,532.1988137000008,,,flower,6,6,,,,,,,,,,,,,,,,,,,,,,,,,,,,,,None,,,None,2026-08-08_12h53.50.844,1,TSRlearn_localizer-concepts,2026-08-08 12h53.53.296918 +0200,,529.6461180999759,531.1498883999884,531.1498883999884,532.2871351999929,,,,60.16724088242566,528.8843654000084,529.6461180999759,,,528.8707632999867,529.620925700001,,,flower\flower_01.jpg,,,,,,,,,,,,,,,,,,,,,,,0,0,1,,None,,529.6461180999759,,,,,,,None,,3,,,2025.2.4,,,1,529.6262754999916,531.1329263999942,,,None,None,529.6347880666765,530.5458368000109,,,124,0,2026-08-08_13:02:42.165942,124,25,localizer,,None,,,None,,124,124,0,124,,,,,,,,flower,Fleur,Blume,
534.5476000999915,535.6801607999951,1.12,,,3,535.6802361999871,535.6802702999557,,,bread,3,3,,,,,,,,,,,,,,,,,,,,,,,,,,,,,,None,,,None,2026-08-08_12h53.50.844,42,TSRlearn_localizer-concepts,2026-08-08 12h53.53.296918 +0200,,533.0451804999611,534.5448102999944,534.5614287999924,535.7488698000088,,,,60.16724088242566,532.2871351999929,533.0451804999611,,,532.2594815999619,533.0311472999747,,,bread\bread_42.jpg,,,,,,,,,,,,,,,,,,,,,,,0,0,1,,None,,533.0451804999611,,,,,,,None,,3,,,2025.2.4,,,1,533.0352393999929,534.5475190999568,,,None,None,533.0452914666423,533.9613180999877,,,125,0,2026-08-08_13:02:45.568712,125,26,localizer,,None,,,None,,125,125,0,125,,,,,,,,bread,Pain,Brot,
538.0128265999956,538.8622351000085,0.84,,,3,538.8623074999778,538.8623403999954,,,dog,5,5,,,,,,,,,,,,,,,,,,,,,,,,,,,,,,None,,,None,2026-08-08_12h53.50.844,44,TSRlearn_localizer-concepts,2026-08-08 12h53.53.296918 +0200,,536.5106530999765,538.0100229000091,538.030516800005,538.979915599979,,,,60.16724088242566,535.7488698000088,536.5106530999765,,,535.7298826999613,536.4964204999851,,,dog\dog_44.jpg,,,,,,,,,,,,,,,,,,,,,,,0,0,1,,None,,536.5106530999765,,,,,,,None,,3,,,2025.2.4,,,1,536.5013438999886,538.0127540999674,,,None,None,536.5106467666376,537.0108574999613,,,126,0,2026-08-08_13:02:49.030446,126,27,localizer,,None,,,None,,126,126,0,126,,,,,,,,dog,Chien,Hund,
541.2443093999755,542.0301354000112,0.78,,,3,542.0302106000017,542.0302449999726,,,ball,1,1,,,,,,,,,,,,,,,,,,,,,,,,,,,,,,None,,,None,2026-08-08_12h53.50.844,12,TSRlearn_localizer-concepts,2026-08-08 12h53.53.296918 +0200,,539.7430829000077,541.2615559999831,541.2615559999831,542.0635172000038,,,,60.16724088242566,538.979915599979,539.7430829000077,,,538.9400361999869,539.7294929999625,,,ball\ball_12.jpg,,,,,,,,,,,,,,,,,,,,,,,0,0,1,,None,,539.7430829000077,,,,,,,None,,3,,,2025.2.4,,,1,539.7354257999687,541.2442389999633,,,None,None,539.7434287666731,540.530935799994,,,127,0,2026-08-08_13:02:52.261492,127,28,localizer,,None,,,None,,127,127,0,127,,,,,,,,ball,Ballon,Ball,
544.3354660999612,545.4290982999955,1.08,,,3,545.429239399964,545.4293068000115,,,jacket,10,10,,,,,,,,,,,,,,,,,,,,,,,,,,,,,,None,,,None,2026-08-08_12h53.50.844,3,TSRlearn_localizer-concepts,2026-08-08 12h53.53.296918 +0200,,542.8414128999575,544.3597043000045,544.3597043000045,545.495284500008,,,,60.16724088242566,542.0635172000038,542.8414128999575,,,542.0520372999599,542.8191849999712,,,jacket\jacket_03.jpg,,,,,,,,,,,,,,,,,,,,,,,0,0,1,,None,,542.8414128999575,,,,,,,None,,3,,,2025.2.4,,,1,542.8255288999644,544.335345999978,,,None,None,542.8328174666424,543.3760505999671,,,128,0,2026-08-08_13:02:55.345093,128,29,localizer,,None,,,None,,128,128,0,128,,,,,,,,jacket,Veste,Jacke,
547.7471368999686,548.7188988999696,0.97,,,3,548.7190130999661,548.7190631999983,,,bread,3,3,,,,,,,,,,,,,,,,,,,,,,,,,,,,,,None,,,None,2026-08-08_12h53.50.844,3,TSRlearn_localizer-concepts,2026-08-08 12h53.53.296918 +0200,,546.2741137999692,,547.759178599983,548.777471999987,,,,60.16724088242566,545.495284500008,546.2741137999692,,,545.4812993999803,546.24488069996,,,bread\bread_03.jpg,,,,,,,,,,,,,,,,,,,,,,,0,0,1,,None,,546.2741137999692,,,,,,,None,,3,,,2025.2.4,,,1,546.2504046999966,547.7470047000097,,,None,None,546.2579610666764,547.1947895999765,,,129,0,2026-08-08_13:02:58.776861,129,30,localizer,,None,,,None,,129,129,0,129,,,,,,,,bread,Pain,Brot,
551.041640499956,552.2408274000045,1.19,,,3,552.240896400006,552.2409270000062,,,hand,8,8,,,,,,,,,,,,,,,,,,,,,,,,,,,,,,None,,,None,2026-08-08_12h53.50.844,16,TSRlearn_localizer-concepts,2026-08-08 12h53.53.296918 +0200,,549.5401887999615,551.0392477000132,551.0558313999791,552.3451995999785,,,,60.16724088242566,548.777471999987,549.5401887999615,,,548.7593225999735,549.5255377999856,,,hand\hand_16.jpg,,,,,,,,,,,,,,,,,,,,,,,0,0,1,,None,,549.5401887999615,,,,,,,None,,3,,,2025.2.4,,,1,549.5302404999966,551.0415664999746,,,None,None,549.5399276666615,550.0396157999639,,,130,0,2026-08-08_13:03:02.059048,130,31,localizer,,None,,,None,,130,130,0,130,,,,,,,,hand,Main,Hand,
554.6068489999743,555.8570982000092,1.24,,,3,555.8571676999563,555.8572014999809,,,ball,1,1,,,,,,,,,,,,,,,,,,,,,,,,,,,,,,None,,,None,2026-08-08_12h53.50.844,14,TSRlearn_localizer-concepts,2026-08-08 12h53.53.296918 +0200,,553.1053301999927,554.604674000002,554.6214084000094,555.891610199993,,,,60.16724088242566,552.3451995999785,553.1053301999927,,,552.3014174999553,553.0904752999777,,,ball\ball_14.jpg,,,,,,,,,,,,,,,,,,,,,,,0,0,1,,None,,553.1053301999927,,,,,,,None,,3,,,2025.2.4,,,1,553.0938151999726,554.6067807999789,,,None,None,553.1051827666272,553.8921429999755,,,131,0,2026-08-08_13:03:05.626776,131,32,localizer,,None,,,None,,131,131,0,131,,,,,,,,ball,Ballon,Ball,
558.1593453999958,559.3390150999767,1.17,,,3,559.3390818999615,559.3391121999593,,,dog,5,5,,,,,,,,,,,,,,,,,,,,,,,,,,,,,,None,,,None,2026-08-08_12h53.50.844,24,TSRlearn_localizer-concepts,2026-08-08 12h53.53.296918 +0200,,556.6543366999831,558.1774861000013,558.1774861000013,559.3894119999604,,,,60.16724088242566,555.891610199993,556.6543366999831,,,555.8746010999894,556.6402284000069,,,dog\dog_24.jpg,,,,,,,,,,,,,,,,,,,,,,,0,0,1,,None,,556.6543366999831,,,,,,,None,,3,,,2025.2.4,,,1,556.6439185999916,558.1591075999895,,,None,None,556.6547956666366,557.1547896999982,,,132,0,2026-08-08_13:03:09.173187,132,33,localizer,,None,,,None,,132,132,0,132,,,,,,,,dog,Chien,Hund,
561.655600500002,562.504900400003,0.84,,,3,562.5049626000109,562.5049962999765,,,flower,6,6,,,,,,,,,,,,,,,,,,,,,,,,,,,,,,None,,,None,2026-08-08_12h53.50.844,24,TSRlearn_localizer-concepts,2026-08-08 12h53.53.296918 +0200,,560.1720294000115,,561.6692620000103,562.5383942999761,,,,60.16724088242566,559.3894119999604,560.1720294000115,,,559.3737534999964,560.1427013999783,,,flower\flower_24.jpg,,,,,,,,,,,,,,,,,,,,,,,0,0,1,,None,,560.1720294000115,,,,,,,None,,3,,,2025.2.4,,,1,560.1477065999643,561.6555100000114,,,None,None,560.1556367666383,561.0528459000052,,,133,0,2026-08-08_13:03:12.670988,133,34,localizer,,None,,,None,,133,133,0,133,,,,,,,,flower,Fleur,Blume,
564.7875974999624,565.7032667999738,0.91,,,3,565.7033330000122,565.7033668999793,,,bicycle,2,2,,,,,,,,,,,,,,,,,,,,,,,,,,,,,,None,,,None,2026-08-08_12h53.50.844,20,TSRlearn_localizer-concepts,2026-08-08 12h53.53.296918 +0200,,563.3113470000098,,564.8016688000062,565.7372633999912,,,,60.16724088242566,562.5383942999761,563.3113470000098,,,562.5222910000011,563.2791303999838,,,bicycle\bicycle_20.jpg,,,,,,,,,,,,,,,,,,,,,,,0,0,1,,None,,563.3113470000098,,,,,,,None,,3,,,2025.2.4,,,1,563.2831333999638,564.7875249999925,,,None,None,563.2925983666248,564.0056675999658,,,134,0,2026-08-08_13:03:15.819971,134,35,localizer,,None,,,None,,134,134,0,134,,,,,,,,bicycle,Vélo,Fahrrad,
567.9873921999824,568.9431184999994,0.95,,,3,568.9431848999811,568.9432150999783,,,hammer,7,7,,,,,,,,,,,,,,,,,,,,,,,,,,,,,,None,,,None,2026-08-08_12h53.50.844,16,TSRlearn_localizer-concepts,2026-08-08 12h53.53.296918 +0200,,566.5012085000053,568.0011407999555,568.0011407999555,568.9866878999746,,,,60.16724088242566,565.7372633999912,566.5012085000053,,,565.718830799975,566.4867920000106,,,hammer\hammer_16.jpg,,,,,,,,,,,,,,,,,,,,,,,0,0,1,,None,,566.5012085000053,,,,,,,None,,3,,,2025.2.4,,,1,566.490866899956,567.9873247999931,,,None,None,566.5012702666611,567.0198972999933,,,135,0,2026-08-08_13:03:19.018840,135,36,localizer,,None,,,None,,135,135,0,135,,,,,,,,hammer,Marteau,Hammer,
571.2384160999791,572.2349128999631,1,,,3,572.2349796000053,572.2350096000009,,,house,9,9,,,,,,,,,,,,,,,,,,,,,,,,,,,,,,None,,,None,2026-08-08_12h53.50.844,7,TSRlearn_localizer-concepts,2026-08-08 12h53.53.296918 +0200,,569.7516759999562,571.2503204999957,571.2503204999957,572.28518419998,,,,60.16724088242566,568.9866878999746,569.7516759999562,,,568.9643577999668,569.7257217000006,,,house\house_07.jpg,,,,,,,,,,,,,,,,,,,,,,,0,0,1,,None,,569.7516759999562,,,,,,,None,,3,,,2025.2.4,,,1,569.7324628999922,571.2383482999867,,,None,None,569.7396420666521,570.2831029999652,,,136,0,2026-08-08_13:03:22.268264,136,37,localizer,,None,,,None,,136,136,0,136,,,,,,,,house,Maison,Haus,
574.5412233999814,575.3706496999948,0.83,,,3,575.3707568999962,575.3708321999875,,,hammer,7,7,,,,,,,,,,,,,,,,,,,,,,,,,,,,,,None,,,None,2026-08-08_12h53.50.844,22,TSRlearn_localizer-concepts,2026-08-08 12h53.53.296918 +0200,,573.0490382999997,574.549520200002,574.549520200002,575.4368195999996,,,,60.16724088242566,572.28518419998,573.0490382999997,,,572.2600983000011,573.0343898999854,,,hammer\hammer_22.jpg,,,,,,,,,,,,,,,,,,,,,,,0,0,1,,None,,573.0490382999997,,,,,,,None,,3,,,2025.2.4,,,1,573.0377189999563,574.5411516999593,,,None,None,573.0490183666736,573.5656126000104,,,137,0,2026-08-08_13:03:25.566761,137,38,localizer,,None,,,None,,137,137,0,137,,,,,,,,hammer,Marteau,Hammer,
577.9180163999554,578.9777439999743,1.04,,,3,578.9778263999615,578.977862300002,,,bicycle,2,5,,,,,,,,,,,,,,,,,,,,,,,,,,,,,,None,,,r,2026-08-08_12h53.50.844,30,TSRlearn_localizer-concepts,2026-08-08 12h53.53.296918 +0200,,576.2150691999705,577.9374879999668,577.9374879999668,579.0181282999692,,,,60.16724088242566,575.4368195999996,576.2150691999705,,,575.4102302999818,576.1868243999779,,,bicycle\bicycle_30.jpg,,,,,,,,,,,,,,,,,,,,,,,0,1,1,,None,,576.2150691999705,,,,,,,right,,3,,,2025.2.4,,,1,576.1921017999994,577.9178645999637,,,None,None,576.1987507666383,576.7055847999873,,,138,0,2026-08-08_13:03:28.718396,138,39,localizer,,None,,,None,,138,138,0,138,,,,,,,,dog,Chien,Hund,
581.2819189999718,582.0482221999555,0.76,,,3,582.0482894000015,582.048320300004,,,house,9,9,,,,,,,,,,,,,,,,,,,,,,,,,,,,,,None,,,None,2026-08-08_12h53.50.844,40,TSRlearn_localizer-concepts,2026-08-08 12h53.53.296918 +0200,,579.7804675999796,581.2795705999597,581.2962850999902,582.0984797999845,,,,60.16724088242566,579.0181282999692,579.7804675999796,,,578.9978252999717,579.766124799964,,,house\house_40.jpg,,,,,,,,,,,,,,,,,,,,,,,0,0,1,,None,,579.7804675999796,,,,,,,None,,3,,,2025.2.4,,,1,579.7713292000117,581.2818516999832,,,None,None,579.7804502666734,580.3482810999849,,,139,0,2026-08-08_13:03:32.299705,139,40,localizer,,None,,,None,,139,139,0,139,,,,,,,,house,Maison,Haus,
584.5647735999664,585.4980440000072,0.92,,,3,585.4981236999738,585.4981648999965,,,bread,3,7,,,,,,,,,,,,,,,,,,,,,,,,,,,,,,None,,,r,2026-08-08_12h53.50.844,12,TSRlearn_localizer-concepts,2026-08-08 12h53.53.296918 +0200,,582.8628784999601,584.5790466999752,584.5790466999752,585.5656349000055,,,,60.16724088242566,582.0984797999845,582.8628784999601,,,582.0759315000032,582.8493079000036,,,bread\bread_12.jpg,,,,,,,,,,,,,,,,,,,,,,,0,1,1,,None,,582.8628784999601,,,,,,,left,,3,,,2025.2.4,,,1,582.8534407999832,584.5647099000053,,,None,None,582.8631434666497,583.3794860999915,,,140,0,2026-08-08_13:03:35.380056,140,41,localizer,,None,,,None,,140,140,0,140,,,,,,,,hammer,Marteau,Hammer,
587.83043490001,588.6462453000131,0.8,,,3,588.6463145999587,588.6463450999581,,,house,9,9,,,,,,,,,,,,,,,,,,,,,,,,,,,,,,None,,,None,2026-08-08_12h53.50.844,9,TSRlearn_localizer-concepts,2026-08-08 12h53.53.296918 +0200,,586.3285532000009,587.827628900006,587.8482215999975,588.6798280999647,,,,60.16724088242566,585.5656349000055,586.3285532000009,,,585.5400818999624,586.3143956999993,,,house\house_09.jpg,,,,,,,,,,,,,,,,,,,,,,,0,0,1,,None,,586.3285532000009,,,,,,,None,,3,,,2025.2.4,,,1,586.3193301999709,587.830363599991,,,None,None,586.3286004666627,586.8888999999617,,,141,0,2026-08-08_13:03:38.847211,141,42,localizer,,None,,,None,,141,141,0,141,,,,,,,,house,Maison,Haus,
590.9642414000118,592.1794211000088,1.2,,,3,592.1795355000068,592.1795721999952,,,jacket,10,10,,,,,,,,,,,,,,,,,,,,,,,,,,,,,,None,,,None,2026-08-08_12h53.50.844,15,TSRlearn_localizer-concepts,2026-08-08 12h53.53.296918 +0200,,589.4624636999797,590.981361299986,590.981361299986,592.2527523000026,,,,60.16724088242566,588.6798280999647,589.4624636999797,,,588.6691229999997,589.4419633999933,,,jacket\jacket_15.jpg,,,,,,,,,,,,,,,,,,,,,,,0,0,1,,None,,589.4624636999797,,,,,,,None,,3,,,2025.2.4,,,1,589.4476443000021,590.9641705999966,,,None,None,589.4549437666467,589.9947432999616,,,142,0,2026-08-08_13:03:41.961405,142,43,localizer,,None,,,None,,142,142,0,142,,,,,,,,jacket,Veste,Jacke,
594.5112244999618,595.6031103999703,1.09,,,3,595.6031766000087,595.6032074000104,,,hand,8,8,,,,,,,,,,,,,,,,,,,,,,,,,,,,,,None,,,None,2026-08-08_12h53.50.844,25,TSRlearn_localizer-concepts,2026-08-08 12h53.53.296918 +0200,,593.0095927999937,594.508847399964,594.5260837000096,595.6474487999803,,,,60.16724088242566,592.2527523000026,593.0095927999937,,,592.2232598999981,592.994953299989,,,hand\hand_25.jpg,,,,,,,,,,,,,,,,,,,,,,,0,0,1,,None,,593.0095927999937,,,,,,,None,,3,,,2025.2.4,,,1,592.9982526999665,594.5111546000117,,,None,None,593.0096369666319,593.5176522000111,,,143,0,2026-08-08_13:03:45.534329,143,44,localizer,,None,,,None,,143,143,0,143,,,,,,,,hand,Main,Hand,
597.9109413999831,599.0928425999591,1.18,,,3,599.0929092000006,599.0929395999992,,,chair,4,4,,,,,,,,,,,,,,,,,,,,,,,,,,,,,,None,,,None,2026-08-08_12h53.50.844,4,TSRlearn_localizer-concepts,2026-08-08 12h53.53.296918 +0200,,596.4149843999767,597.9246656000032,597.9246656000032,599.1435395999579,,,,60.16724088242566,595.6474487999803,596.4149843999767,,,595.6217670000042,596.3940807000035,,,chair\chair_04.jpg,,,,,,,,,,,,,,,,,,,,,,,0,0,1,,None,,596.4149843999767,,,,,,,None,,3,,,2025.2.4,,,1,596.3984189999755,597.9108729999862,,,None,None,596.4083706666754,596.9752922999905,,,144,0,2026-08-08_13:03:48.929025,144,45,localizer,,None,,,None,,144,144,0,144,,,,,,,,chair,Chaise,Stuhl,
601.4089441999677,602.2266134999809,0.81,,,3,602.226733199961,602.2267749999883,,,dog,5,5,,,,,,,,,,,,,,,,,,,,,,,,,,,,,,None,,,None,2026-08-08_12h53.50.844,6,TSRlearn_localizer-concepts,2026-08-08 12h53.53.296918 +0200,,599.9073164999718,601.4065212999703,601.4233096999815,602.3212016999605,,,,60.16724088242566,599.1435395999579,599.9073164999718,,,599.122636199987,599.8930468999897,,,dog\dog_06.jpg,,,,,,,,,,,,,,,,,,,,,,,0,0,1,,None,,599.9073164999718,,,,,,,None,,3,,,2025.2.4,,,1,599.8966119000106,601.4088734000106,,,None,None,599.9074815666575,600.4070551999612,,,145,0,2026-08-08_13:03:52.425116,145,46,localizer,,None,,,None,,145,145,0,145,,,,,,,,dog,Chien,Hund,
604.5760704999557,605.6771386999753,1.1,,,3,605.6772931999876,605.6773622999899,,,hammer,7,7,,,,,,,,,,,,,,,,,,,,,,,,,,,,,,None,,,None,2026-08-08_12h53.50.844,23,TSRlearn_localizer-concepts,2026-08-08 12h53.53.296918 +0200,,603.0730524999672,604.5728335999884,604.5895180999651,605.752611599979,,,,60.16724088242566,602.3212016999605,603.0730524999672,,,602.2890995999915,603.0590757000027,,,hammer\hammer_23.jpg,,,,,,,,,,,,,,,,,,,,,,,0,0,1,,None,,603.0730524999672,,,,,,,None,,3,,,2025.2.4,,,1,603.0632286999607,604.5759595999843,,,None,None,603.0732334666575,603.5897359999944,,,146,0,2026-08-08_13:03:55.602778,146,47,localizer,,None,,,None,,146,146,0,146,,,,,,,,hammer,Marteau,Hammer,
608.0076701999642,609.2401775000035,1.23,,,3,609.2403101999662,609.2403453000006,,,flower,6,6,,,,,,,,,,,,,,,,,,,,,,,,,,,,,,None,,,None,2026-08-08_12h53.50.844,17,TSRlearn_localizer-concepts,2026-08-08 12h53.53.296918 +0200,,606.5216355999582,608.0214699999779,608.0214699999779,609.2747269999818,,,,60.16724088242566,605.752611599979,606.5216355999582,,,605.7229865000118,606.4937224999885,,,flower\flower_17.jpg,,,,,,,,,,,,,,,,,,,,,,,0,0,1,,None,,606.5216355999582,,,,,,,None,,3,,,2025.2.4,,,1,606.4990726999822,608.0075994000072,,,None,None,606.5056332666466,607.4058866999694,,,147,0,2026-08-08_13:03:59.034188,147,48,localizer,,None,,,None,,147,147,0,147,,,,,,,,flower,Fleur,Blume,
611.5398719999939,612.7556429000106,1.21,,,3,612.755710700003,612.7557433999609,,,chair,4,4,,,,,,,,,,,,,,,,,,,,,,,,,,,,,,None,,,None,2026-08-08_12h53.50.844,12,TSRlearn_localizer-concepts,2026-08-08 12h53.53.296918 +0200,,610.043938399991,611.5537959999638,611.5537959999638,612.7894075000077,,,,60.16724088242566,609.2747269999818,610.043938399991,,,609.2571425999631,610.0239752999623,,,chair\chair_12.jpg,,,,,,,,,,,,,,,,,,,,,,,0,0,1,,None,,610.043938399991,,,,,,,None,,3,,,2025.2.4,,,1,610.0281893999781,611.5397864999832,,,None,None,610.0376887666682,610.6046912999591,,,148,0,2026-08-08_13:04:02.556304,148,49,localizer,,None,,,None,,148,148,0,148,,,,,,,,chair,Chaise,Stuhl,
615.0553987000021,616.2050756000099,1.15,,,3,616.2051511000027,651.3452777999919,616.2191170000006,631.2371940999874,bicycle,2,2,,,,,,,,,,,,,,,,,,,,,,,,,,,,,0.07541210000636056,r,20.054218699980993,631.2143274999689,None,2026-08-08_12h53.50.844,11,TSRlearn_localizer-concepts,2026-08-08 12h53.53.296918 +0200,,613.5601976999897,615.069198299956,615.069198299956,616.2191170000006,,,,60.16724088242566,612.7894075000077,613.5601976999897,,,612.7729786999989,613.5396774999681,,,bicycle\bicycle_11.jpg,631.2143274999689,,,,,,,,,,,,,,,,,,,,,,0,0,1,,None,,613.5601976999897,,,,,,,None,,3,616.2191170000006,631.2371940999874,2025.2.4,,,1,613.5428179999581,615.0553258999716,,,None,None,613.5534212666719,614.2794597999891,,,149,0,2026-08-08_13:04:06.070984,149,50,localizer,0.07541210000636056,r,20.054218699980993,,None,,149,149,0,149,,,,,,,,bicycle,Vélo,Fahrrad,
653.6712428999599,654.7932105999789,1.1,,,4,654.839265299961,654.839326199959,,,hammer,7,7,,,,,,,,,,,,,,,,,,,,,,,,,,,,,,None,,,None,2026-08-08_12h53.50.844,6,TSRlearn_localizer-concepts,2026-08-08 12h53.53.296918 +0200,,652.1585851999698,653.6661427000072,653.694604499964,654.8762506999774,,,,60.16724088242566,651.3939392999746,652.1585851999698,,,651.377478200011,652.1457411999581,,,hammer\hammer_06.jpg,,,,,,,,,,,,,,,,,,,,,,,0,0,1,,None,,652.1585851999698,,,,,,,None,,3,,,2025.2.4,,,1,652.1506548000034,653.6711414000019,,,None,None,652.1594784666706,652.6737891999655,,,150,0,2026-08-08_13:04:44.675516,150,1,localizer,,None,,,None,,150,150,0,150,,,,,,,,hammer,Marteau,Hammer,
657.1267231999664,658.2588224000065,1.12,,,4,658.2588974999962,658.2589325999725,,,jacket,10,10,,,,,,,,,,,,,,,,,,,,,,,,,,,,,,None,,,None,2026-08-08_12h53.50.844,37,TSRlearn_localizer-concepts,2026-08-08 12h53.53.296918 +0200,,655.6394724999554,657.1401621999685,657.1401621999685,658.2919073000085,,,,60.16724088242566,654.8762506999774,655.6394724999554,,,654.8634731000056,655.6124759999802,,,jacket\jacket_37.jpg,,,,,,,,,,,,,,,,,,,,,,,0,0,1,,None,,655.6394724999554,,,,,,,None,,3,,,2025.2.4,,,1,655.6194873999921,657.1266212000046,,,None,None,655.6263214666435,656.1916532999603,,,151,0,2026-08-08_13:04:48.157827,151,2,localizer,,None,,,None,,151,151,0,151,,,,,,,,jacket,Veste,Jacke,
660.5466907999944,661.4109391999664,0.85,,,4,661.4110934999771,661.4111713999882,,,bicycle,2,2,,,,,,,,,,,,,,,,,,,,,,,,,,,,,,None,,,None,2026-08-08_12h53.50.844,40,TSRlearn_localizer-concepts,2026-08-08 12h53.53.296918 +0200,,659.0549454999855,660.5583191000042,660.5583191000042,661.4915651999763,,,,60.16724088242566,658.2919073000085,659.0549454999855,,,658.2822594000027,659.0409767999663,,,bicycle\bicycle_40.jpg,,,,,,,,,,,,,,,,,,,,,,,0,0,1,,None,,659.0549454999855,,,,,,,None,,3,,,2025.2.4,,,1,659.0438920999877,660.5465418999665,,,None,None,659.0551170666624,659.773237299989,,,152,0,2026-08-08_13:04:51.573484,152,3,localizer,,None,,,None,,152,152,0,152,,,,,,,,bicycle,Vélo,Fahrrad,
663.7433346000034,664.8725041999714,1.13,,,4,664.8726342999726,664.8727037999779,,,house,9,9,,,,,,,,,,,,,,,,,,,,,,,,,,,,,,None,,,None,2026-08-08_12h53.50.844,33,TSRlearn_localizer-concepts,2026-08-08 12h53.53.296918 +0200,,662.2539784999681,663.7564532000106,663.7564532000106,664.9064899999648,,,,60.16724088242566,661.4915651999763,662.2539784999681,,,661.4667718000128,662.2408065999625,,,house\house_33.jpg,,,,,,,,,,,,,,,,,,,,,,,0,0,1,,None,,662.2539784999681,,,,,,,None,,3,,,2025.2.4,,,1,662.2463861999568,663.743259699957,,,None,None,662.2547455666393,662.8035494000069,,,153,0,2026-08-08_13:04:54.773142,153,4,localizer,,None,,,None,,153,153,0,153,,,,,,,,house,Maison,Haus,
667.1586474999785,668.4040219999733,1.24,,,4,668.4041021000012,668.4044665999827,,,ball,1,1,,,,,,,,,,,,,,,,,,,,,,,,,,,,,,None,,,None,2026-08-08_12h53.50.844,4,TSRlearn_localizer-concepts,2026-08-08 12h53.53.296918 +0200,,665.6780230999575,,667.1719327999745,668.4829716999666,,,,60.16724088242566,664.9064899999648,665.6780230999575,,,664.8932698999997,665.646906799986,,,ball\ball_04.jpg,,,,,,,,,,,,,,,,,,,,,,,0,0,1,,None,,665.6780230999575,,,,,,,None,,3,,,2025.2.4,,,1,665.6537102999864,667.1585526000126,,,None,None,665.6604134666306,666.4444532999769,,,154,0,2026-08-08_13:04:58.188066,154,5,localizer,,None,,,None,,154,154,0,154,,,,,,,,ball,Ballon,Ball,
670.7375364999752,671.7905918000033,1.05,,,4,671.790672299976,671.7907093999675,,,dog,5,5,,,,,,,,,,,,,,,,,,,,,,,,,,,,,,None,,,None,2026-08-08_12h53.50.844,43,TSRlearn_localizer-concepts,2026-08-08 12h53.53.296918 +0200,,669.2350841999869,670.7513066999963,670.7513066999963,671.9564666000078,,,,60.16724088242566,668.4829716999666,669.2350841999869,,,668.4570443999837,669.2208052999922,,,dog\dog_43.jpg,,,,,,,,,,,,,,,,,,,,,,,0,0,1,,None,,669.2350841999869,,,,,,,None,,3,,,2025.2.4,,,1,669.2259306999622,670.7374494000105,,,None,None,669.2352437666307,669.7353965999791,,,155,0,2026-08-08_13:05:01.764548,155,6,localizer,,None,,,None,,155,155,0,155,,,,,,,,dog,Chien,Hund,
674.2044293999788,675.4191904999898,1.2,,,4,675.4192637999658,675.4192972999881,,,ball,1,1,,,,,,,,,,,,,,,,,,,,,,,,,,,,,,None,,,None,2026-08-08_12h53.50.844,3,TSRlearn_localizer-concepts,2026-08-08 12h53.53.296918 +0200,,672.7175713999895,674.2178198999609,674.2178198999609,675.4647460000124,,,,60.16724088242566,671.9564666000078,672.7175713999895,,,671.8732830999652,672.7032405000064,,,ball\ball_03.jpg,,,,,,,,,,,,,,,,,,,,,,,0,0,1,,None,,672.7175713999895,,,,,,,None,,3,,,2025.2.4,,,1,672.7074061000021,674.2043519999715,,,None,None,672.7172158666692,673.5003303000121,,,156,0,2026-08-08_13:05:05.238043,156,7,localizer,,None,,,None,,156,156,0,156,,,,,,,,ball,Ballon,Ball,
677.9344063999597,678.7411644000094,0.8,,,4,678.7418011999689,678.7418540999643,,,chair,4,3,,,,,,,,,,,,,,,,,,,,,,,,,,,,,,None,,,r,2026-08-08_12h53.50.844,6,TSRlearn_localizer-concepts,2026-08-08 12h53.53.296918 +0200,,676.2159151000087,677.9487129999907,677.9487129999907,678.842252500006,,,,60.16724088242566,675.4647460000124,676.2159151000087,,,675.4419079999789,676.2015552999801,,,chair\chair_06.jpg,,,,,,,,,,,,,,,,,,,,,,,0,1,1,,None,,676.2159151000087,,,,,,,right,,3,,,2025.2.4,,,1,676.2061921999557,677.9343443000107,,,None,None,676.2159678666542,677.1325271999813,,,157,0,2026-08-08_13:05:08.746322,157,8,localizer,,None,,,None,,157,157,0,157,,,,,,,,bread,Pain,Brot,
681.100122999982,682.0026320999605,0.9,,,4,682.0027196999872,682.0027576999855,,,flower,6,6,,,,,,,,,,,,,,,,,,,,,,,,,,,,,,None,,,None,2026-08-08_12h53.50.844,25,TSRlearn_localizer-concepts,2026-08-08 12h53.53.296918 +0200,,679.5992880999693,681.1144394999719,681.1144394999719,682.0696699999971,,,,60.16724088242566,678.842252500006,679.5992880999693,,,678.8216274000006,679.585820999986,,,flower\flower_25.jpg,,,,,,,,,,,,,,,,,,,,,,,0,0,1,,None,,679.5992880999693,,,,,,,None,,3,,,2025.2.4,,,1,679.589936400007,681.1000480999937,,,None,None,679.5993262666782,680.4995130999596,,,158,0,2026-08-08_13:05:12.123829,158,9,localizer,,None,,,None,,158,158,0,158,,,,,,,,flower,Fleur,Blume,
684.3330922999885,685.2662853999645,0.93,,,4,685.2663713999791,685.2664073999622,,,bread,3,3,,,,,,,,,,,,,,,,,,,,,,,,,,,,,,None,,,None,2026-08-08_12h53.50.844,29,TSRlearn_localizer-concepts,2026-08-08 12h53.53.296918 +0200,,682.8317255000002,684.3470483999699,684.3470483999699,685.3018423999893,,,,60.16724088242566,682.0696699999971,682.8317255000002,,,682.0417261999683,682.8169073999743,,,bread\bread_29.jpg,,,,,,,,,,,,,,,,,,,,,,,0,0,1,,None,,682.8317255000002,,,,,,,None,,3,,,2025.2.4,,,1,682.8204773999751,684.3329957000096,,,None,None,682.8310282666391,683.7469307999709,,,159,0,2026-08-08_13:05:15.351246,159,10,localizer,,None,,,None,,159,159,0,159,,,,,,,,bread,Pain,Brot,
687.5533721999964,688.7657753999811,1.21,,,4,688.7658528999891,688.765897699981,,,dog,5,5,,,,,,,,,,,,,,,,,,,,,,,,,,,,,,None,,,None,2026-08-08_12h53.50.844,35,TSRlearn_localizer-concepts,2026-08-08 12h53.53.296918 +0200,,686.0715642999858,,687.5670369999716,688.8165685000131,,,,60.16724088242566,685.3018423999893,686.0715642999858,,,685.2886327999877,686.0400170999928,,,dog\dog_35.jpg,,,,,,,,,,,,,,,,,,,,,,,0,0,1,,None,,686.0715642999858,,,,,,,None,,3,,,2025.2.4,,,1,686.0443517999956,687.5532979000127,,,None,None,686.0541079666621,686.548401499982,,,160,0,2026-08-08_13:05:18.583419,160,11,localizer,,None,,,None,,160,160,0,160,,,,,,,,dog,Chien,Hund,
691.0819994999911,691.8658122000052,0.77,,,4,691.8659322999883,691.865968499973,,,bicycle,2,2,,,,,,,,,,,,,,,,,,,,,,,,,,,,,,None,,,None,2026-08-08_12h53.50.844,39,TSRlearn_localizer-concepts,2026-08-08 12h53.53.296918 +0200,,689.5972071999568,691.0966153999907,691.0966153999907,691.9149109999998,,,,60.16724088242566,688.8165685000131,689.5972071999568,,,688.7901402999996,689.5748547000112,,,bicycle\bicycle_39.jpg,,,,,,,,,,,,,,,,,,,,,,,0,0,1,,None,,689.5972071999568,,,,,,,None,,3,,,2025.2.4,,,1,689.5778910999652,691.0819340999587,,,None,None,689.5873162666724,690.2963763999869,,,161,0,2026-08-08_13:05:22.098145,161,12,localizer,,None,,,None,,161,161,0,161,,,,,,,,bicycle,Vélo,Fahrrad,
694.1805213000043,695.1831355000031,0.99,,,4,695.1833162999828,695.183358899958,,,chair,4,4,,,,,,,,,,,,,,,,,,,,,,,,,,,,,,None,,,None,2026-08-08_12h53.50.844,24,TSRlearn_localizer-concepts,2026-08-08 12h53.53.296918 +0200,,692.6793280999991,694.177748499962,694.1951120999875,695.2306055999943,,,,60.16724088242566,691.9149109999998,692.6793280999991,,,691.9009299000027,692.6644819999929,,,chair\chair_24.jpg,,,,,,,,,,,,,,,,,,,,,,,0,0,1,,None,,692.6793280999991,,,,,,,None,,3,,,2025.2.4,,,1,692.6694371000049,694.1804457000108,,,None,None,692.6786978666244,693.2541641999851,,,162,0,2026-08-08_13:05:25.196487,162,13,localizer,,None,,,None,,162,162,0,162,,,,,,,,chair,Chaise,Stuhl,
697.505412700004,698.3477483000024,0.82,,,4,698.3478258000105,698.3478616999928,,,hammer,7,7,,,,,,,,,,,,,,,,,,,,,,,,,,,,,,None,,,None,2026-08-08_12h53.50.844,17,TSRlearn_localizer-concepts,2026-08-08 12h53.53.296918 +0200,,696.0099921000074,697.525828599988,697.525828599988,698.413345799956,,,,60.16724088242566,695.2306055999943,696.0099921000074,,,695.2066829999676,695.9842085000128,,,hammer\hammer_17.jpg,,,,,,,,,,,,,,,,,,,,,,,0,0,1,,None,,696.0099921000074,,,,,,,None,,3,,,2025.2.4,,,1,695.9882035999908,697.5053416999872,,,None,None,695.9968452666692,696.5118116000085,,,163,0,2026-08-08_13:05:28.512182,163,14,localizer,,None,,,None,,163,163,0,163,,,,,,,,hammer,Marteau,Hammer,
700.6697033999953,701.8777211999986,1.19,,,4,701.8777999999584,701.8778361000004,,,bread,3,3,,,,,,,,,,,,,,,,,,,,,,,,,,,,,,None,,,None,2026-08-08_12h53.50.844,24,TSRlearn_localizer-concepts,2026-08-08 12h53.53.296918 +0200,,699.1764031999628,700.6939455000102,700.6939455000102,701.9121588999988,,,,60.16724088242566,698.413345799956,699.1764031999628,,,698.389235999959,699.1628114999621,,,bread\bread_24.jpg,,,,,,,,,,,,,,,,,,,,,,,0,0,1,,None,,699.1764031999628,,,,,,,None,,3,,,2025.2.4,,,1,699.1669572999817,700.6696218999568,,,None,None,699.1761707666485,700.1162665999727,,,164,0,2026-08-08_13:05:31.694922,164,15,localizer,,None,,,None,,164,164,0,164,,,,,,,,bread,Pain,Brot,
704.3657182999887,705.6087206999655,1.24,,,4,705.6087927999906,705.6088233999908,,,jacket,10,8,,,,,,,,,,,,,,,,,,,,,,,,,,,,,,None,,,r,2026-08-08_12h53.50.844,41,TSRlearn_localizer-concepts,2026-08-08 12h53.53.296918 +0200,,702.6783346000011,704.3808178000036,704.3808178000036,705.6437974,,,,60.16724088242566,701.9121588999988,702.6783346000011,,,701.8995445999899,702.6498381000129,,,jacket\jacket_41.jpg,,,,,,,,,,,,,,,,,,,,,,,0,1,1,,None,,702.6783346000011,,,,,,,left,,3,,,2025.2.4,,,1,702.6561628999771,704.3656408999814,,,None,None,702.6638103666521,703.1579208999756,,,165,0,2026-08-08_13:05:35.193735,165,16,localizer,,None,,,None,,165,165,0,165,,,,,,,,hand,Main,Hand,
707.908620000002,708.6914567999775,0.77,,,4,708.6915346999886,708.6915665999986,,,house,9,9,,,,,,,,,,,,,,,,,,,,,,,,,,,,,,None,,,None,2026-08-08_12h53.50.844,38,TSRlearn_localizer-concepts,2026-08-08 12h53.53.296918 +0200,,706.4068403999554,707.9060260999831,707.9225522999768,708.7424832999823,,,,60.16724088242566,705.6437974,706.4068403999554,,,705.6283541999874,706.3926627999754,,,house\house_38.jpg,,,,,,,,,,,,,,,,,,,,,,,0,0,1,,None,,706.4068403999554,,,,,,,None,,3,,,2025.2.4,,,1,706.3977297999663,707.9085136000067,,,None,None,706.4067483666624,706.9563896000036,,,166,0,2026-08-08_13:05:38.925374,166,17,localizer,,None,,,None,,166,166,0,166,,,,,,,,house,Maison,Haus,
710.9923363999696,712.1234555999981,1.13,,,4,712.1235202999669,712.1235509999678,,,jacket,10,10,,,,,,,,,,,,,,,,,,,,,,,,,,,,,,None,,,None,2026-08-08_12h53.50.844,28,TSRlearn_localizer-concepts,2026-08-08 12h53.53.296918 +0200,,709.5056790999952,711.0062658999814,711.0062658999814,712.1748896999634,,,,60.16724088242566,708.7424832999823,709.5056790999952,,,708.7260135000106,709.4911051999661,,,jacket\jacket_28.jpg,,,,,,,,,,,,,,,,,,,,,,,0,0,1,,None,,709.5056790999952,,,,,,,None,,3,,,2025.2.4,,,1,709.4960862000007,710.9922563,,,None,None,709.5056498666565,710.0552437999868,,,167,0,2026-08-08_13:05:42.024060,167,18,localizer,,None,,,None,,167,167,0,167,,,,,,,,jacket,Veste,Jacke,
714.4262487000087,715.5579011999653,1.13,,,4,715.5579844999593,715.5580190999899,,,flower,6,6,,,,,,,,,,,,,,,,,,,,,,,,,,,,,,None,,,None,2026-08-08_12h53.50.844,30,TSRlearn_localizer-concepts,2026-08-08 12h53.53.296918 +0200,,712.9383679999737,714.4374668999808,714.4374668999808,715.5931197999744,,,,60.16724088242566,712.1748896999634,712.9383679999737,,,712.158105199982,712.9254034999758,,,flower\flower_30.jpg,,,,,,,,,,,,,,,,,,,,,,,0,0,1,,None,,712.9383679999737,,,,,,,None,,3,,,2025.2.4,,,1,712.9290194999776,714.4261826999718,,,None,None,712.9382918666272,713.8385255999747,,,168,0,2026-08-08_13:05:45.456466,168,19,localizer,,None,,,None,,168,168,0,168,,,,,,,,flower,Fleur,Blume,
717.8566553000128,718.8386964999954,0.97,,,4,718.8387717999867,718.8388070999645,,,bicycle,2,2,,,,,,,,,,,,,,,,,,,,,,,,,,,,,,None,,,None,2026-08-08_12h53.50.844,6,TSRlearn_localizer-concepts,2026-08-08 12h53.53.296918 +0200,,716.3594305999577,717.8711858000024,717.8711858000024,718.8894899999723,,,,60.16724088242566,715.5931197999744,716.3594305999577,,,715.5790201000054,716.3428300999803,,,bicycle\bicycle_06.jpg,,,,,,,,,,,,,,,,,,,,,,,0,0,1,,None,,716.3594305999577,,,,,,,None,,3,,,2025.2.4,,,1,716.346376099973,717.8565833999892,,,None,None,716.3567114666259,717.070137600007,,,169,0,2026-08-08_13:05:48.874696,169,20,localizer,,None,,,None,,169,169,0,169,,,,,,,,bicycle,Vélo,Fahrrad,
721.1434485999634,722.3372120999848,1.18,,,4,722.3372885999852,722.3373196999892,,,bread,3,3,,,,,,,,,,,,,,,,,,,,,,,,,,,,,,None,,,None,2026-08-08_12h53.50.844,4,TSRlearn_localizer-concepts,2026-08-08 12h53.53.296918 +0200,,719.6526369999629,721.1571133999969,721.1571133999969,722.3722238999908,,,,60.16724088242566,718.8894899999723,719.6526369999629,,,718.8736404000083,719.6384199999738,,,bread\bread_04.jpg,,,,,,,,,,,,,,,,,,,,,,,0,0,1,,None,,719.6526369999629,,,,,,,None,,3,,,2025.2.4,,,1,719.6422668999876,721.1433763999958,,,None,None,719.6526362666666,720.5688583999872,,,170,0,2026-08-08_13:05:52.171066,170,21,localizer,,None,,,None,,170,170,0,170,,,,,,,,bread,Pain,Brot,
724.8562301999773,725.8707817000104,1.01,,,4,725.8709689999814,725.8710232999874,,,bicycle,2,9,,,,,,,,,,,,,,,,,,,,,,,,,,,,,,None,,,r,2026-08-08_12h53.50.844,8,TSRlearn_localizer-concepts,2026-08-08 12h53.53.296918 +0200,,723.1355426000082,724.8681707999785,724.8681707999785,725.937460199988,,,,60.16724088242566,722.3722238999908,723.1355426000082,,,722.3563567000092,723.1214960999787,,,bicycle\bicycle_08.jpg,,,,,,,,,,,,,,,,,,,,,,,0,1,1,,None,,723.1355426000082,,,,,,,left,,3,,,2025.2.4,,,1,723.1271599999745,724.8561211999622,,,None,None,723.1348668666362,723.6869418999995,,,171,0,2026-08-08_13:05:55.653800,171,22,localizer,,None,,,None,,171,171,0,171,,,,,,,,house,Maison,Haus,
728.1775062999805,729.3588988999836,1.16,,,4,729.3590422999696,729.3591341999709,,,hand,8,8,,,,,,,,,,,,,,,,,,,,,,,,,,,,,,None,,,None,2026-08-08_12h53.50.844,3,TSRlearn_localizer-concepts,2026-08-08 12h53.53.296918 +0200,,726.7005292999675,,728.2005238999845,729.4222851999803,,,,60.16724088242566,725.937460199988,726.7005292999675,,,725.9118885999778,726.6732130000019,,,hand\hand_03.jpg,,,,,,,,,,,,,,,,,,,,,,,0,0,1,,None,,726.7005292999675,,,,,,,None,,3,,,2025.2.4,,,1,726.6789630999556,728.177354399988,,,None,None,726.6869065666726,727.2002893000026,,,172,0,2026-08-08_13:05:59.219037,172,23,localizer,,None,,,None,,172,172,0,172,,,,,,,,hand,Main,Hand,
731.68469059997,732.8171273999615,1.12,,,4,732.8171983999782,732.8172359999735,,,chair,4,4,,,,,,,,,,,,,,,,,,,,,,,,,,,,,,None,,,None,2026-08-08_12h53.50.844,34,TSRlearn_localizer-concepts,2026-08-08 12h53.53.296918 +0200,,730.2056673999759,,731.6988612000132,732.868028500001,,,,60.16724088242566,729.4222851999803,730.2056673999759,,,729.4008838000009,730.1816221000045,,,chair\chair_34.jpg,,,,,,,,,,,,,,,,,,,,,,,0,0,1,,None,,730.2056673999759,,,,,,,None,,3,,,2025.2.4,,,1,730.1901223000023,731.6846113000065,,,None,None,730.1906053666646,730.7656176000019,,,173,0,2026-08-08_13:06:02.703862,173,24,localizer,,None,,,None,,173,173,0,173,,,,,,,,chair,Chaise,Stuhl,
735.1209679999738,735.9192094999598,0.79,,,4,735.9192954999744,735.9193349999841,,,hammer,7,7,,,,,,,,,,,,,,,,,,,,,,,,,,,,,,None,,,None,2026-08-08_12h53.50.844,37,TSRlearn_localizer-concepts,2026-08-08 12h53.53.296918 +0200,,733.6314051999943,735.1309840999893,735.1309840999893,736.0506972000003,,,,60.16724088242566,732.868028500001,733.6314051999943,,,732.8482049999875,733.6177597999922,,,hammer\hammer_37.jpg,,,,,,,,,,,,,,,,,,,,,,,0,0,1,,None,,733.6314051999943,,,,,,,None,,3,,,2025.2.4,,,1,733.6215550999623,735.1208993999753,,,None,None,733.6316911666693,734.1479634999996,,,174,0,2026-08-08_13:06:06.149605,174,25,localizer,,None,,,None,,174,174,0,174,,,,,,,,hammer,Marteau,Hammer,
738.3051353999763,739.4324890999706,1.12,,,4,739.4325982999871,739.4326378999976,,,flower,6,6,,,,,,,,,,,,,,,,,,,,,,,,,,,,,,None,,,None,2026-08-08_12h53.50.844,44,TSRlearn_localizer-concepts,2026-08-08 12h53.53.296918 +0200,,736.8137385000009,738.3132485999959,738.3132485999959,739.5056255999953,,,,60.16724088242566,736.0506972000003,736.8137385000009,,,735.9932382999687,736.7997282999568,,,flower\flower_44.jpg,,,,,,,,,,,,,,,,,,,,,,,0,0,1,,None,,736.8137385000009,,,,,,,None,,3,,,2025.2.4,,,1,736.8028028999688,738.3050665999763,,,None,None,736.813748766672,737.7135580999893,,,175,0,2026-08-08_13:06:09.332273,175,26,localizer,,None,,,None,,175,175,0,175,,,,,,,,flower,Fleur,Blume,
741.7585756999906,742.7646461999975,0.99,,,4,742.7647212999873,742.7647568999673,,,hand,8,8,,,,,,,,,,,,,,,,,,,,,,,,,,,,,,None,,,None,2026-08-08_12h53.50.844,21,TSRlearn_localizer-concepts,2026-08-08 12h53.53.296918 +0200,,740.2626098999754,741.7785766999586,741.7785766999586,742.8152364999987,,,,60.16724088242566,739.5056255999953,740.2626098999754,,,739.4757324999664,740.2482262999984,,,hand\hand_21.jpg,,,,,,,,,,,,,,,,,,,,,,,0,0,1,,None,,740.2626098999754,,,,,,,None,,3,,,2025.2.4,,,1,740.252007299976,741.7584793999558,,,None,None,740.2626533666664,740.7541207000031,,,176,0,2026-08-08_13:06:12.787202,176,27,localizer,,None,,,None,,176,176,0,176,,,,,,,,hand,Main,Hand,
745.08040539996,745.9660514999996,0.87,,,4,745.9662617999711,745.9663485999918,,,ball,1,1,,,,,,,,,,,,,,,,,,,,,,,,,,,,,,None,,,None,2026-08-08_12h53.50.844,34,TSRlearn_localizer-concepts,2026-08-08 12h53.53.296918 +0200,,743.5783364999807,745.077570799971,745.0941698999959,746.048162299965,,,,60.16724088242566,742.8152364999987,743.5783364999807,,,742.7983244999778,743.5649562999606,,,ball\ball_34.jpg,,,,,,,,,,,,,,,,,,,,,,,0,0,1,,None,,743.5783364999807,,,,,,,None,,3,,,2025.2.4,,,1,743.5690675000078,745.0803375999676,,,None,None,743.5787153666645,744.3613493999583,,,177,0,2026-08-08_13:06:16.096813,177,28,localizer,,None,,,None,,177,177,0,177,,,,,,,,ball,Ballon,Ball,
748.2963935000007,749.1439708999824,0.83,,,4,749.1441062999656,749.1441879000049,,,dog,5,5,,,,,,,,,,,,,,,,,,,,,,,,,,,,,,None,,,None,2026-08-08_12h53.50.844,12,TSRlearn_localizer-concepts,2026-08-08 12h53.53.296918 +0200,,746.8105768999667,748.3102346999804,748.3102346999804,749.1830225999583,,,,60.16724088242566,746.048162299965,746.8105768999667,,,746.0099424999789,746.7959334999905,,,dog\dog_12.jpg,,,,,,,,,,,,,,,,,,,,,,,0,0,1,,None,,746.8105768999667,,,,,,,None,,3,,,2025.2.4,,,1,746.800170100003,748.2963205999695,,,None,None,746.8104911666635,747.2938379999832,,,178,0,2026-08-08_13:06:19.329739,178,29,localizer,,None,,,None,,178,178,0,178,,,,,,,,dog,Chien,Hund,
751.4581462999922,752.253404899966,0.78,,,4,752.2535757999867,752.2536270999699,,,hammer,7,7,,,,,,,,,,,,,,,,,,,,,,,,,,,,,,None,,,None,2026-08-08_12h53.50.844,13,TSRlearn_localizer-concepts,2026-08-08 12h53.53.296918 +0200,,749.9600957999937,751.4779089000076,751.4779089000076,752.3120576000074,,,,60.16724088242566,749.1830225999583,749.9600957999937,,,749.1665253000101,749.9337513999781,,,hammer\hammer_13.jpg,,,,,,,,,,,,,,,,,,,,,,,0,0,1,,None,,749.9600957999937,,,,,,,None,,3,,,2025.2.4,,,1,749.9415700999671,751.4580702999956,,,None,None,749.944970066663,750.476373100013,,,179,0,2026-08-08_13:06:22.464599,179,30,localizer,,None,,,None,,179,179,0,179,,,,,,,,hammer,Marteau,Hammer,
754.5780426000129,755.6610842999653,1.07,,,4,755.6612082999782,755.6612804000033,,,flower,6,6,,,,,,,,,,,,,,,,,,,,,,,,,,,,,,None,,,None,2026-08-08_12h53.50.844,39,TSRlearn_localizer-concepts,2026-08-08 12h53.53.296918 +0200,,753.0754004999762,754.5750769999577,754.5917141999817,755.7759196999832,,,,60.16724088242566,752.3120576000074,753.0754004999762,,,752.2863433999592,753.0611765999929,,,flower\flower_39.jpg,,,,,,,,,,,,,,,,,,,,,,,0,0,1,,None,,753.0754004999762,,,,,,,None,,3,,,2025.2.4,,,1,753.0641342999879,754.5779630999896,,,None,None,753.0754843666257,753.9748155999696,,,180,0,2026-08-08_13:06:25.593634,180,31,localizer,,None,,,None,,180,180,0,180,,,,,,,,flower,Fleur,Blume,
758.043159199995,759.2259800999891,1.18,,,4,759.2261000999715,759.2261376999668,,,house,9,9,,,,,,,,,,,,,,,,,,,,,,,,,,,,,,None,,,None,2026-08-08_12h53.50.844,48,TSRlearn_localizer-concepts,2026-08-08 12h53.53.296918 +0200,,756.5409168999759,758.04041159997,758.0570881000021,759.3127976999967,,,,60.16724088242566,755.7759196999832,756.5409168999759,,,755.7202845999855,756.5266673999722,,,house\house_48.jpg,,,,,,,,,,,,,,,,,,,,,,,0,0,1,,None,,756.5409168999759,,,,,,,None,,3,,,2025.2.4,,,1,756.53180409997,758.0430871999706,,,None,None,756.5408413666339,757.0912874999922,,,181,0,2026-08-08_13:06:29.057496,181,32,localizer,,None,,,None,,181,181,0,181,,,,,,,,house,Maison,Haus,
761.7837953999988,762.5583167999866,0.76,,,4,762.5583894999581,762.5584220999735,,,bread,3,1,,,,,,,,,,,,,,,,,,,,,,,,,,,,,,None,,,r,2026-08-08_12h53.50.844,43,TSRlearn_localizer-concepts,2026-08-08 12h53.53.296918 +0200,,760.072978799988,761.8056540999678,761.8056540999678,762.6268006999744,,,,60.16724088242566,759.3127976999967,760.072978799988,,,759.2845510999905,760.0588549000095,,,bread\bread_43.jpg,,,,,,,,,,,,,,,,,,,,,,,0,1,1,,None,,760.072978799988,,,,,,,right,,3,,,2025.2.4,,,1,760.0621149999788,761.7837103999918,,,None,None,760.0729748666674,760.8561787999934,,,182,0,2026-08-08_13:06:32.594374,182,33,localizer,,None,,,None,,182,182,0,182,,,,,,,,ball,Ballon,Ball,
764.8914247999783,765.8410641999799,0.94,,,4,765.8411411999841,765.8411777999718,,,hand,8,8,,,,,,,,,,,,,,,,,,,,,,,,,,,,,,None,,,None,2026-08-08_12h53.50.844,46,TSRlearn_localizer-concepts,2026-08-08 12h53.53.296918 +0200,,763.3891082999762,764.8884039999684,764.9057708999608,765.9264856000082,,,,60.16724088242566,762.6268006999744,763.3891082999762,,,762.6141726999776,763.3751331999665,,,hand\hand_46.jpg,,,,,,,,,,,,,,,,,,,,,,,0,0,1,,None,,763.3891082999762,,,,,,,None,,3,,,2025.2.4,,,1,763.3791172999772,764.8913247999735,,,None,None,763.3888101666273,763.8716514999978,,,183,0,2026-08-08_13:06:35.908377,183,34,localizer,,None,,,None,,183,183,0,183,,,,,,,,hand,Main,Hand,
768.1746794999926,769.4032401999575,1.22,,,4,769.4039705999894,769.4040245999931,,,chair,4,4,,,,,,,,,,,,,,,,,,,,,,,,,,,,,,None,,,None,2026-08-08_12h53.50.844,47,TSRlearn_localizer-concepts,2026-08-08 12h53.53.296918 +0200,,766.6877088999609,768.1877040999825,768.1877040999825,769.4929159999592,,,,60.16724088242566,765.9264856000082,766.6877088999609,,,765.8963572999928,766.6735409999965,,,chair\chair_47.jpg,,,,,,,,,,,,,,,,,,,,,,,0,0,1,,None,,766.6877088999609,,,,,,,None,,3,,,2025.2.4,,,1,766.6781363000046,768.1745381999644,,,None,None,766.6877871666259,767.2542675999575,,,184,0,2026-08-08_13:06:39.208062,184,35,localizer,,None,,,None,,184,184,0,184,,,,,,,,chair,Chaise,Stuhl,
771.7406498999917,772.9211150999763,1.16,,,4,772.9212505999603,772.921288100013,,,dog,5,5,,,,,,,,,,,,,,,,,,,,,,,,,,,,,,None,,,None,2026-08-08_12h53.50.844,49,TSRlearn_localizer-concepts,2026-08-08 12h53.53.296918 +0200,,770.253165800008,771.7540274999919,771.7540274999919,772.9952648999752,,,,60.16724088242566,769.4929159999592,770.253165800008,,,769.4682411999675,770.2389465000015,,,dog\dog_49.jpg,,,,,,,,,,,,,,,,,,,,,,,0,0,1,,None,,770.253165800008,,,,,,,None,,3,,,2025.2.4,,,1,770.2433617999777,771.7405707999715,,,None,None,770.2533839666323,770.7485884999624,,,185,0,2026-08-08_13:06:42.774493,185,36,localizer,,None,,,None,,185,185,0,185,,,,,,,,dog,Chien,Hund,
775.254227700003,776.3538440999691,1.09,,,4,776.3539536999888,776.3539884999627,,,hammer,7,7,,,,,,,,,,,,,,,,,,,,,,,,,,,,,,None,,,None,2026-08-08_12h53.50.844,19,TSRlearn_localizer-concepts,2026-08-08 12h53.53.296918 +0200,,773.7521127999644,775.2515951999812,775.268059199967,776.4211725000059,,,,60.16724088242566,772.9952648999752,773.7521127999644,,,772.954585200001,773.7377988999942,,,hammer\hammer_19.jpg,,,,,,,,,,,,,,,,,,,,,,,0,0,1,,None,,773.7521127999644,,,,,,,None,,3,,,2025.2.4,,,1,773.7415515999892,775.2541560999816,,,None,None,773.752252166629,774.2686859999667,,,186,0,2026-08-08_13:06:46.276841,186,37,localizer,,None,,,None,,186,186,0,186,,,,,,,,hammer,Marteau,Hammer,
778.6707739999983,779.7052933999803,1.02,,,4,779.7053683999693,779.7054026999976,,,bread,3,3,,,,,,,,,,,,,,,,,,,,,,,,,,,,,,None,,,None,2026-08-08_12h53.50.844,27,TSRlearn_localizer-concepts,2026-08-08 12h53.53.296918 +0200,,777.1841953999829,778.6854832000099,778.6854832000099,779.7553970000008,,,,60.16724088242566,776.4211725000059,777.1841953999829,,,776.398668699956,777.1622962999973,,,bread\bread_27.jpg,,,,,,,,,,,,,,,,,,,,,,,0,0,1,,None,,777.1841953999829,,,,,,,None,,3,,,2025.2.4,,,1,777.1661381999729,778.6707076999592,,,None,None,777.1762143666313,778.1005412999657,,,187,0,2026-08-08_13:06:49.702749,187,38,localizer,,None,,,None,,187,187,0,187,,,,,,,,bread,Pain,Brot,
782.0076730999863,782.8017864999711,0.79,,,4,782.8018555999734,782.8018874999834,,,hand,8,8,,,,,,,,,,,,,,,,,,,,,,,,,,,,,,None,,,None,2026-08-08_12h53.50.844,33,TSRlearn_localizer-concepts,2026-08-08 12h53.53.296918 +0200,,780.5185936999624,782.0172853000113,782.0172853000113,782.8523193000001,,,,60.16724088242566,779.7553970000008,780.5185936999624,,,779.7417132999981,780.5053341999883,,,hand\hand_33.jpg,,,,,,,,,,,,,,,,,,,,,,,0,0,1,,None,,780.5185936999624,,,,,,,None,,3,,,2025.2.4,,,1,780.5101845999598,782.0075985000003,,,None,None,780.5192964666678,781.0034758999827,,,188,0,2026-08-08_13:06:53.036973,188,39,localizer,,None,,,None,,188,188,0,188,,,,,,,,hand,Main,Hand,
785.1181766999653,786.3178177999798,1.19,,,4,786.3179682999616,786.3180026999908,,,flower,6,6,,,,,,,,,,,,,,,,,,,,,,,,,,,,,,None,,,None,2026-08-08_12h53.50.844,28,TSRlearn_localizer-concepts,2026-08-08 12h53.53.296918 +0200,,783.6159931999864,785.1155849999632,785.1322425999679,786.3513910999754,,,,60.16724088242566,782.8523193000001,783.6159931999864,,,782.8343982999795,783.6019420999801,,,flower\flower_28.jpg,,,,,,,,,,,,,,,,,,,,,,,0,0,1,,None,,783.6159931999864,,,,,,,None,,3,,,2025.2.4,,,1,783.6049671999644,785.1181027999846,,,None,None,783.6161775666444,784.5159047999769,,,189,0,2026-08-08_13:06:56.133896,189,40,localizer,,None,,,None,,189,189,0,189,,,,,,,,flower,Fleur,Blume,
788.6172212999663,789.3665718999691,0.75,,,4,789.3666499999817,789.3666833000025,,,house,9,9,,,,,,,,,,,,,,,,,,,,,,,,,,,,,,None,,,None,2026-08-08_12h53.50.844,12,TSRlearn_localizer-concepts,2026-08-08 12h53.53.296918 +0200,,787.1151145999902,788.614590000012,788.6311392000061,789.4672860999708,,,,60.16724088242566,786.3513910999754,787.1151145999902,,,786.3391727000126,787.1012217999669,,,house\house_12.jpg,,,,,,,,,,,,,,,,,,,,,,,0,0,1,,None,,787.1151145999902,,,,,,,None,,3,,,2025.2.4,,,1,787.1068266999791,788.6171458999743,,,None,None,787.1153525666489,787.6645906000049,,,190,0,2026-08-08_13:06:59.632967,190,41,localizer,,None,,,None,,190,190,0,190,,,,,,,,house,Maison,Haus,
791.717187399976,792.9703447999782,1.25,,,4,792.9704258000129,792.97045969998,,,ball,1,1,,,,,,,,,,,,,,,,,,,,,,,,,,,,,,None,,,None,2026-08-08_12h53.50.844,15,TSRlearn_localizer-concepts,2026-08-08 12h53.53.296918 +0200,,790.2305597999948,791.7308749000076,791.7308749000076,793.0174146000063,,,,60.16724088242566,789.4672860999708,790.2305597999948,,,789.4303885999834,790.2165505999583,,,ball\ball_15.jpg,,,,,,,,,,,,,,,,,,,,,,,0,0,1,,None,,790.2305597999948,,,,,,,None,,3,,,2025.2.4,,,1,790.2195092999609,791.7170771000092,,,None,None,790.2307326666235,791.0136458000052,,,191,0,2026-08-08_13:07:02.748863,191,42,localizer,,None,,,None,,191,191,0,191,,,,,,,,ball,Ballon,Ball,
795.2832729999791,796.0816781999893,0.8,,,4,796.0817546999897,796.081790999975,,,chair,4,4,,,,,,,,,,,,,,,,,,,,,,,,,,,,,,None,,,None,2026-08-08_12h53.50.844,36,TSRlearn_localizer-concepts,2026-08-08 12h53.53.296918 +0200,,793.7795019999612,795.296482899983,795.296482899983,796.1148200999596,,,,60.16724088242566,793.0174146000063,793.7795019999612,,,793.0038883999805,793.7652058000094,,,chair\chair_36.jpg,,,,,,,,,,,,,,,,,,,,,,,0,0,1,,None,,793.7795019999612,,,,,,,None,,3,,,2025.2.4,,,1,793.7690784999868,795.2832010999555,,,None,None,793.7794814666306,794.3460537999636,,,192,0,2026-08-08_13:07:06.298991,192,43,localizer,,None,,,None,,192,192,0,192,,,,,,,,chair,Chaise,Stuhl,
798.3814897999982,799.6144583999994,1.23,,,4,799.614542299998,799.6145767999697,,,bicycle,2,2,,,,,,,,,,,,,,,,,,,,,,,,,,,,,,None,,,None,2026-08-08_12h53.50.844,46,TSRlearn_localizer-concepts,2026-08-08 12h53.53.296918 +0200,,796.8787704000133,798.3783154999837,798.3950340999872,799.6647613999667,,,,60.16724088242566,796.1148200999596,796.8787704000133,,,796.1013071999769,796.8646981999627,,,bicycle\bicycle_46.jpg,,,,,,,,,,,,,,,,,,,,,,,0,0,1,,None,,796.8787704000133,,,,,,,None,,3,,,2025.2.4,,,1,796.8673045999603,798.3814142000047,,,None,None,796.8786646666742,797.5949728999985,,,193,0,2026-08-08_13:07:09.396396,193,44,localizer,,None,,,None,,193,193,0,193,,,,,,,,bicycle,Vélo,Fahrrad,
801.9305796999834,803.1121057999553,1.17,,,4,803.1121871999931,803.1122225999716,,,dog,5,5,,,,,,,,,,,,,,,,,,,,,,,,,,,,,,None,,,None,2026-08-08_12h53.50.844,28,TSRlearn_localizer-concepts,2026-08-08 12h53.53.296918 +0200,,800.4287819999736,801.945220499998,801.945220499998,803.1629080999992,,,,60.16724088242566,799.6647613999667,800.4287819999736,,,799.6452788999886,800.4149835999706,,,dog\dog_28.jpg,,,,,,,,,,,,,,,,,,,,,,,0,0,1,,None,,800.4287819999736,,,,,,,None,,3,,,2025.2.4,,,1,800.4190415999619,801.9305003999616,,,None,None,800.4288486666667,800.9283208000124,,,194,0,2026-08-08_13:07:12.946338,194,45,localizer,,None,,,None,,194,194,0,194,,,,,,,,dog,Chien,Hund,
805.4178148999927,806.4945732000051,1.08,,,4,806.4946428000112,806.4946777999867,,,jacket,10,10,,,,,,,,,,,,,,,,,,,,,,,,,,,,,,None,,,None,2026-08-08_12h53.50.844,7,TSRlearn_localizer-concepts,2026-08-08 12h53.53.296918 +0200,,803.9422882999643,,805.4262377999839,806.5956978999893,,,,60.16724088242566,803.1629080999992,803.9422882999643,,,803.1464026999893,803.9156957999803,,,jacket\jacket_07.jpg,,,,,,,,,,,,,,,,,,,,,,,0,0,1,,None,,803.9422882999643,,,,,,,None,,3,,,2025.2.4,,,1,803.9223864999949,805.4177351999679,,,None,None,803.9281599666613,804.4762781999889,,,195,0,2026-08-08_13:07:16.444484,195,46,localizer,,None,,,None,,195,195,0,195,,,,,,,,jacket,Veste,Jacke,
809.0770554000046,810.044213199988,0.96,,,4,810.0442852000124,810.0443172999658,,,ball,1,6,,,,,,,,,,,,,,,,,,,,,,,,,,,,,,None,,,r,2026-08-08_12h53.50.844,11,TSRlearn_localizer-concepts,2026-08-08 12h53.53.296918 +0200,,807.3586018999922,809.0912077999674,809.0912077999674,810.0785328999627,,,,60.16724088242566,806.5956978999893,807.3586018999922,,,806.5529000000097,807.3445801999769,,,ball\ball_11.jpg,,,,,,,,,,,,,,,,,,,,,,,0,1,1,,None,,807.3586018999922,,,,,,,right,,3,,,2025.2.4,,,1,807.3482160999556,809.0769373999792,,,None,None,807.3586937666444,808.259487400006,,,196,0,2026-08-08_13:07:19.877274,196,47,localizer,,None,,,None,,196,196,0,196,,,,,,,,flower,Fleur,Blume,
812.3427219999721,813.3755825000117,1.03,,,4,813.3756508000079,813.3756830999628,,,jacket,10,10,,,,,,,,,,,,,,,,,,,,,,,,,,,,,,None,,,None,2026-08-08_12h53.50.844,36,TSRlearn_localizer-concepts,2026-08-08 12h53.53.296918 +0200,,810.8408463000087,812.3402485999977,812.3570452000131,813.4094236000092,,,,60.16724088242566,810.0785328999627,810.8408463000087,,,810.06155449996,810.826627900009,,,jacket\jacket_36.jpg,,,,,,,,,,,,,,,,,,,,,,,0,0,1,,None,,810.8408463000087,,,,,,,None,,3,,,2025.2.4,,,1,810.8314847999718,812.3426532999729,,,None,None,810.8410030666312,811.373947599961,,,197,0,2026-08-08_13:07:23.360109,197,48,localizer,,None,,,None,,197,197,0,197,,,,,,,,jacket,Veste,Jacke,
815.6758028999902,816.6754731999827,1,,,4,816.6759790999931,816.6760229999782,,,hand,8,8,,,,,,,,,,,,,,,,,,,,,,,,,,,,,,None,,,None,2026-08-08_12h53.50.844,31,TSRlearn_localizer-concepts,2026-08-08 12h53.53.296918 +0200,,814.1733912999625,815.6728460000013,815.689499799977,816.7454608000116,,,,60.16724088242566,813.4094236000092,814.1733912999625,,,813.3917011999874,814.1593414999661,,,hand\hand_31.jpg,,,,,,,,,,,,,,,,,,,,,,,0,0,1,,None,,814.1733912999625,,,,,,,None,,3,,,2025.2.4,,,1,814.1633657999919,815.6757228999631,,,None,None,814.1733737666548,814.6739667999791,,,198,0,2026-08-08_13:07:26.691000,198,49,localizer,,None,,,None,,198,198,0,198,,,,,,,,hand,Main,Hand,
819.0079912999645,819.956890099973,0.95,,,4,819.9569725999609,842.2839901999687,819.971232299984,834.9833626999753,house,9,9,,,,,,,,,,,,,,,,,,,,,,,,,,,,,0.1419836999848485,r,7.174434400047176,834.9668187999632,None,2026-08-08_12h53.50.844,43,TSRlearn_localizer-concepts,2026-08-08 12h53.53.296918 +0200,,817.5054633999825,819.0050150000025,819.0217087999918,819.971232299984,,,,60.16724088242566,816.7454608000116,817.5054633999825,,,816.7280167999561,817.4916715999716,,,house\house_43.jpg,834.9668187999632,,,,,,,,,,,,,,,,,,,,,,0,0,1,,None,,817.5054633999825,,,,,,,None,,3,819.971232299984,834.9833626999753,2025.2.4,,,1,817.4969102999894,819.0079035999952,,,None,None,817.5054582666528,818.0553507999866,,,199,0,2026-08-08_13:07:30.027037,199,50,localizer,0.1419836999848485,r,7.174434400047176,,None,,199,199,0,199,,,,,,,,house,Maison,Haus,
844.5845205999794,845.5663448999985,0.97,,,5,845.5782381999888,845.5782899999758,,,chair,4,4,,,,,,,,,,,,,,,,,,,,,,,,,,,,,,None,,,None,2026-08-08_12h53.50.844,4,TSRlearn_localizer-concepts,2026-08-08 12h53.53.296918 +0200,,843.0974833999644,844.5986709999852,844.5986709999852,845.6542853999999,,,,60.16724088242566,842.3364026999916,843.0974833999644,,,842.3130857999786,843.0828727000044,,,chair\chair_04.jpg,,,,,,,,,,,,,,,,,,,,,,,0,0,1,,None,,843.0974833999644,,,,,,,None,,3,,,2025.2.4,,,1,843.0866730000125,844.584444099979,,,None,None,843.0973207666577,843.6637828999665,,,200,0,2026-08-08_13:07:55.617979,200,1,localizer,,None,,,None,,200,200,0,200,,,,,,,,chair,Chaise,Stuhl,
847.9179389000055,848.8308370999875,0.91,,,5,848.8309119999758,848.8309475999558,,,hammer,7,7,,,,,,,,,,,,,,,,,,,,,,,,,,,,,,None,,,None,2026-08-08_12h53.50.844,23,TSRlearn_localizer-concepts,2026-08-08 12h53.53.296918 +0200,,846.4290492999717,847.9312343999627,847.9312343999627,848.8823576999712,,,,60.16724088242566,845.6542853999999,846.4290492999717,,,845.6317254999885,846.4087661000085,,,hammer\hammer_23.jpg,,,,,,,,,,,,,,,,,,,,,,,0,0,1,,None,,846.4290492999717,,,,,,,None,,3,,,2025.2.4,,,1,846.4133878999855,847.9178692999994,,,None,None,846.4222323666365,846.9480909999693,,,201,0,2026-08-08_13:07:58.935862,201,2,localizer,,None,,,None,,201,201,0,201,,,,,,,,hammer,Marteau,Hammer,
851.1336210999871,852.2309816000052,1.09,,,5,852.2310687999707,852.2311086999835,,,chair,4,4,,,,,,,,,,,,,,,,,,,,,,,,,,,,,,None,,,None,2026-08-08_12h53.50.844,24,TSRlearn_localizer-concepts,2026-08-08 12h53.53.296918 +0200,,849.6449260999798,851.1504892999656,851.1504892999656,852.3202611999586,,,,60.16724088242566,848.8823576999712,849.6449260999798,,,848.8615895999828,849.63115869998,,,chair\chair_24.jpg,,,,,,,,,,,,,,,,,,,,,,,0,0,1,,None,,849.6449260999798,,,,,,,None,,3,,,2025.2.4,,,1,849.6358913999866,851.1335413999623,,,None,None,849.6453054666674,850.2111797999823,,,202,0,2026-08-08_13:08:02.163934,202,3,localizer,,None,,,None,,202,202,0,202,,,,,,,,chair,Chaise,Stuhl,
854.5705183999962,855.3456749999896,0.77,,,5,855.3457460000063,855.346126199991,,,flower,6,6,,,,,,,,,,,,,,,,,,,,,,,,,,,,,,None,,,None,2026-08-08_12h53.50.844,44,TSRlearn_localizer-concepts,2026-08-08 12h53.53.296918 +0200,,853.0936488999869,,854.5832695999998,855.3980474999989,,,,60.16724088242566,852.3202611999586,853.0936488999869,,,852.2899687999743,853.0698118999717,,,flower\flower_44.jpg,,,,,,,,,,,,,,,,,,,,,,,0,0,1,,None,,853.0936488999869,,,,,,,None,,3,,,2025.2.4,,,1,853.0740794999874,854.5703857999761,,,None,None,853.0834869666762,853.9770694999606,,,203,0,2026-08-08_13:08:05.601838,203,4,localizer,,None,,,None,,203,203,0,203,,,,,,,,flower,Fleur,Blume,
857.6639628999983,858.6114193999674,0.95,,,5,858.6114899999811,858.6115254999604,,,hand,8,8,,,,,,,,,,,,,,,,,,,,,,,,,,,,,,None,,,None,2026-08-08_12h53.50.844,21,TSRlearn_localizer-concepts,2026-08-08 12h53.53.296918 +0200,,856.1946722999564,,857.6762112999568,858.6788680999889,,,,60.16724088242566,855.3980474999989,856.1946722999564,,,855.3795678999741,856.1615576999611,,,hand\hand_21.jpg,,,,,,,,,,,,,,,,,,,,,,,0,0,1,,None,,856.1946722999564,,,,,,,None,,3,,,2025.2.4,,,1,856.1688571000122,857.6638381999801,,,None,None,856.1700507666721,856.6766895999899,,,204,0,2026-08-08_13:08:08.679624,204,5,localizer,,None,,,None,,204,204,0,204,,,,,,,,hand,Main,Hand,
860.9301815999788,861.9262160999933,0.99,,,5,861.9262838999857,861.9263154999935,,,flower,6,6,,,,,,,,,,,,,,,,,,,,,,,,,,,,,,None,,,None,2026-08-08_12h53.50.844,24,TSRlearn_localizer-concepts,2026-08-08 12h53.53.296918 +0200,,859.4418480999884,860.9413207999896,860.9413207999896,861.9608006000053,,,,60.16724088242566,858.6788680999889,859.4418480999884,,,858.6537968000048,859.4275612999918,,,flower\flower_24.jpg,,,,,,,,,,,,,,,,,,,,,,,0,0,1,,None,,859.4418480999884,,,,,,,None,,3,,,2025.2.4,,,1,859.4304603000055,860.9301089000073,,,None,None,859.4417597666654,860.3415584999602,,,205,0,2026-08-08_13:08:11.960444,205,6,localizer,,None,,,None,,205,205,0,205,,,,,,,,flower,Fleur,Blume,
864.2161833999562,865.3648749999702,1.14,,,5,865.3649419999565,865.3649724000134,,,jacket,10,10,,,,,,,,,,,,,,,,,,,,,,,,,,,,,,None,,,None,2026-08-08_12h53.50.844,16,TSRlearn_localizer-concepts,2026-08-08 12h53.53.296918 +0200,,862.7243446999928,864.2236794999917,864.2236794999917,865.3928948999965,,,,60.16724088242566,861.9608006000053,862.7243446999928,,,861.944294099987,862.7111810999922,,,jacket\jacket_16.jpg,,,,,,,,,,,,,,,,,,,,,,,0,0,1,,None,,862.7243446999928,,,,,,,None,,3,,,2025.2.4,,,1,862.7163896000129,864.2161158999661,,,None,None,862.7250932666395,863.2577839999576,,,206,0,2026-08-08_13:08:15.242377,206,7,localizer,,None,,,None,,206,206,0,206,,,,,,,,jacket,Veste,Jacke,
867.6469311999972,868.8406498999684,1.19,,,5,868.8410991999554,868.8411434000009,,,hand,8,8,,,,,,,,,,,,,,,,,,,,,,,,,,,,,,None,,,None,2026-08-08_12h53.50.844,19,TSRlearn_localizer-concepts,2026-08-08 12h53.53.296918 +0200,,866.1563181999954,867.6642678999924,867.6642678999924,868.8756502000033,,,,60.16724088242566,865.3928948999965,866.1563181999954,,,865.3830431000097,866.1421902999864,,,hand\hand_19.jpg,,,,,,,,,,,,,,,,,,,,,,,0,0,1,,None,,866.1563181999954,,,,,,,None,,3,,,2025.2.4,,,1,866.1458770000027,867.6468475000001,,,None,None,866.1564106666522,866.6562143999618,,,207,0,2026-08-08_13:08:18.674471,207,8,localizer,,None,,,None,,207,207,0,207,,,,,,,,hand,Main,Hand,
871.3565885999706,872.1398998000077,0.78,,,5,872.1399659999879,872.139996199985,,,bicycle,2,3,,,,,,,,,,,,,,,,,,,,,,,,,,,,,,None,,,r,2026-08-08_12h53.50.844,20,TSRlearn_localizer-concepts,2026-08-08 12h53.53.296918 +0200,,869.6385601999937,871.3709532999783,871.3709532999783,872.2114952999982,,,,60.16724088242566,868.8756502000033,869.6385601999937,,,868.857758899976,869.6238920000033,,,bicycle\bicycle_20.jpg,,,,,,,,,,,,,,,,,,,,,,,0,1,1,,None,,869.6385601999937,,,,,,,left,,3,,,2025.2.4,,,1,869.627055799996,871.3565234999987,,,None,None,869.6384535666477,870.5550931000034,,,208,0,2026-08-08_13:08:22.157227,208,9,localizer,,None,,,None,,208,208,0,208,,,,,,,,bread,Pain,Brot,
874.4725058999611,875.5567478999728,1.07,,,5,875.5568772999686,875.5569187999936,,,dog,5,5,,,,,,,,,,,,,,,,,,,,,,,,,,,,,,None,,,None,2026-08-08_12h53.50.844,49,TSRlearn_localizer-concepts,2026-08-08 12h53.53.296918 +0200,,872.9709393999656,874.4700340999989,874.4871102999896,875.5915109000052,,,,60.16724088242566,872.2114952999982,872.9709393999656,,,872.185102199961,872.9564746000106,,,dog\dog_49.jpg,,,,,,,,,,,,,,,,,,,,,,,0,0,1,,None,,872.9709393999656,,,,,,,None,,3,,,2025.2.4,,,1,872.9600285000051,874.4724374999641,,,None,None,872.9708564666255,873.4704514999758,,,209,0,2026-08-08_13:08:25.493072,209,10,localizer,,None,,,None,,209,209,0,209,,,,,,,,dog,Chien,Hund,
877.8450756999664,879.0038862999645,1.16,,,5,879.0043093999848,879.004344099958,,,jacket,10,10,,,,,,,,,,,,,,,,,,,,,,,,,,,,,,None,,,None,2026-08-08_12h53.50.844,37,TSRlearn_localizer-concepts,2026-08-08 12h53.53.296918 +0200,,876.3530055999872,877.8527164999978,877.8527164999978,879.0806228999863,,,,60.16724088242566,875.5915109000052,876.3530055999872,,,875.5774726999807,876.3383636999642,,,jacket\jacket_37.jpg,,,,,,,,,,,,,,,,,,,,,,,0,0,1,,None,,876.3530055999872,,,,,,,None,,3,,,2025.2.4,,,1,876.3427740999614,877.8450085999793,,,None,None,876.3529244666609,876.9027089999872,,,210,0,2026-08-08_13:08:28.873087,210,11,localizer,,None,,,None,,210,210,0,210,,,,,,,,jacket,Veste,Jacke,
881.3375669000088,882.3199407999637,0.98,,,5,882.3200070000021,882.3200370999984,,,bread,3,3,,,,,,,,,,,,,,,,,,,,,,,,,,,,,,None,,,None,2026-08-08_12h53.50.844,42,TSRlearn_localizer-concepts,2026-08-08 12h53.53.296918 +0200,,879.8352013999829,881.3351296999608,881.3511808000039,882.3717301999568,,,,60.16724088242566,879.0806228999863,879.8352013999829,,,879.0554248999688,879.8211966999806,,,bread\bread_42.jpg,,,,,,,,,,,,,,,,,,,,,,,0,0,1,,None,,879.8352013999829,,,,,,,None,,3,,,2025.2.4,,,1,879.8245120999636,881.3375009999727,,,None,None,879.8356224666388,880.7516211000038,,,211,0,2026-08-08_13:08:32.362199,211,12,localizer,,None,,,None,,211,211,0,211,,,,,,,,bread,Pain,Brot,
884.636194599967,885.4188082999899,0.77,,,5,885.41887579998,885.4189065999817,,,dog,5,5,,,,,,,,,,,,,,,,,,,,,,,,,,,,,,None,,,None,2026-08-08_12h53.50.844,12,TSRlearn_localizer-concepts,2026-08-08 12h53.53.296918 +0200,,883.1341344999964,884.6336118999752,884.6505009999964,885.4532156999921,,,,60.16724088242566,882.3717301999568,883.1341344999964,,,882.3500840999768,883.1194569999934,,,dog\dog_12.jpg,,,,,,,,,,,,,,,,,,,,,,,0,0,1,,None,,883.1341344999964,,,,,,,None,,3,,,2025.2.4,,,1,883.1227224000031,884.6361205999856,,,None,None,883.1340568666385,883.6185400999966,,,212,0,2026-08-08_13:08:35.653306,212,13,localizer,,None,,,None,,212,212,0,212,,,,,,,,dog,Chien,Hund,
887.9181150000077,888.9347561000031,1.01,,,5,888.9348701999988,888.9349032999598,,,chair,4,10,,,,,,,,,,,,,,,,,,,,,,,,,,,,,,None,,,r,2026-08-08_12h53.50.844,12,TSRlearn_localizer-concepts,2026-08-08 12h53.53.296918 +0200,,886.2165966999601,887.9326034999685,887.9326034999685,888.9686204000027,,,,60.16724088242566,885.4532156999921,886.2165966999601,,,885.4353644999792,886.2018105000025,,,chair\chair_12.jpg,,,,,,,,,,,,,,,,,,,,,,,0,1,1,,None,,886.2165966999601,,,,,,,left,,3,,,2025.2.4,,,1,886.206291200011,887.918054699956,,,None,None,886.216582666679,886.7494216999621,,,213,0,2026-08-08_13:08:38.734792,213,14,localizer,,None,,,None,,213,213,0,213,,,,,,,,jacket,Veste,Jacke,
891.2340251999558,892.1335574999684,0.89,,,5,892.1336802999722,892.1337204999872,,,bicycle,2,2,,,,,,,,,,,,,,,,,,,,,,,,,,,,,,None,,,None,2026-08-08_12h53.50.844,46,TSRlearn_localizer-concepts,2026-08-08 12h53.53.296918 +0200,,889.7321274999995,891.2316782000125,891.2483434999594,892.2838508000132,,,,60.16724088242566,888.9686204000027,889.7321274999995,,,888.9522345999721,889.7175708999857,,,bicycle\bicycle_46.jpg,,,,,,,,,,,,,,,,,,,,,,,0,0,1,,None,,889.7321274999995,,,,,,,None,,3,,,2025.2.4,,,1,889.7197597000049,891.2339574999642,,,None,None,889.7320121666455,890.4485400000121,,,214,0,2026-08-08_13:08:42.250197,214,15,localizer,,None,,,None,,214,214,0,214,,,,,,,,bicycle,Vélo,Fahrrad,
894.5491239000112,895.7159995000111,1.16,,,5,895.7204148999881,895.720485400001,,,bread,3,3,,,,,,,,,,,,,,,,,,,,,,,,,,,,,,None,,,None,2026-08-08_12h53.50.844,36,TSRlearn_localizer-concepts,2026-08-08 12h53.53.296918 +0200,,893.0479300000006,894.5470290000085,894.5636258999584,895.7525518999901,,,,60.16724088242566,892.2838508000132,893.0479300000006,,,892.2130724999588,893.0337170999846,,,bread\bread_36.jpg,,,,,,,,,,,,,,,,,,,,,,,0,0,1,,None,,893.0479300000006,,,,,,,None,,3,,,2025.2.4,,,1,893.0371201999951,894.5490593999857,,,None,None,893.0480707666759,893.9809106999892,,,215,0,2026-08-08_13:08:45.565427,215,16,localizer,,None,,,None,,215,215,0,215,,,,,,,,bread,Pain,Brot,
898.0156288999715,899.2314948999556,1.21,,,5,899.231561099994,899.231590499985,,,house,9,9,,,,,,,,,,,,,,,,,,,,,,,,,,,,,,None,,,None,2026-08-08_12h53.50.844,32,TSRlearn_localizer-concepts,2026-08-08 12h53.53.296918 +0200,,896.5295510999858,898.029466899985,898.029466899985,899.2665573999984,,,,60.16724088242566,895.7525518999901,896.5295510999858,,,895.7390577999759,896.5060352999717,,,house\house_32.jpg,,,,,,,,,,,,,,,,,,,,,,,0,0,1,,None,,896.5295510999858,,,,,,,None,,3,,,2025.2.4,,,1,896.5110947999638,898.0155656999559,,,None,None,896.5201575666472,897.0630025999853,,,216,0,2026-08-08_13:08:49.034128,216,17,localizer,,None,,,None,,216,216,0,216,,,,,,,,house,Maison,Haus,
901.5319112999714,902.4870153999655,0.94,,,5,902.4870829999563,902.4871144999634,,,hammer,7,7,,,,,,,,,,,,,,,,,,,,,,,,,,,,,,None,,,None,2026-08-08_12h53.50.844,8,TSRlearn_localizer-concepts,2026-08-08 12h53.53.296918 +0200,,900.0288623999804,901.545677499962,901.545677499962,902.5312239999766,,,,60.16724088242566,899.2665573999984,900.0288623999804,,,899.2490626999643,900.0146473000059,,,hammer\hammer_08.jpg,,,,,,,,,,,,,,,,,,,,,,,0,0,1,,None,,900.0288623999804,,,,,,,None,,3,,,2025.2.4,,,1,900.0184252999607,901.5318348999717,,,None,None,900.02904696664,900.5461391999852,,,217,0,2026-08-08_13:08:52.548134,217,18,localizer,,None,,,None,,217,217,0,217,,,,,,,,hammer,Marteau,Hammer,
904.787610600004,905.5296065000002,0.75,,,5,905.5296776999603,905.5297102999757,,,bread,3,3,,,,,,,,,,,,,,,,,,,,,,,,,,,,,,None,,,None,2026-08-08_12h53.50.844,12,TSRlearn_localizer-concepts,2026-08-08 12h53.53.296918 +0200,,903.2947783999844,904.7942813999834,904.7942813999834,905.6002500999602,,,,60.16724088242566,902.5312239999766,903.2947783999844,,,902.5194241999998,903.2802308999817,,,bread\bread_12.jpg,,,,,,,,,,,,,,,,,,,,,,,0,0,1,,None,,903.2947783999844,,,,,,,None,,3,,,2025.2.4,,,1,903.2841538999928,904.7875386999804,,,None,None,903.294649166641,904.2112183999852,,,218,0,2026-08-08_13:08:55.812800,218,19,localizer,,None,,,None,,218,218,0,218,,,,,,,,bread,Pain,Brot,
907.8616032999707,908.8945452999906,1.01,,,5,908.8946132999845,908.8946443999885,,,hand,8,8,,,,,,,,,,,,,,,,,,,,,,,,,,,,,,None,,,None,2026-08-08_12h53.50.844,46,TSRlearn_localizer-concepts,2026-08-08 12h53.53.296918 +0200,,906.3608549999772,907.8760292999796,907.8760292999796,908.9949923999957,,,,60.16724088242566,905.6002500999602,906.3608549999772,,,905.5789303999627,906.3460588000016,,,hand\hand_46.jpg,,,,,,,,,,,,,,,,,,,,,,,0,0,1,,None,,906.3608549999772,,,,,,,None,,3,,,2025.2.4,,,1,906.3499564999947,907.8615415999666,,,None,None,906.3602011666555,906.8601236999966,,,219,0,2026-08-08_13:08:58.881826,219,20,localizer,,None,,,None,,219,219,0,219,,,,,,,,hand,Main,Hand,
911.2447891999618,912.2602545999689,1.01,,,5,912.2603771999711,912.2604082999751,,,ball,1,1,,,,,,,,,,,,,,,,,,,,,,,,,,,,,,None,,,None,2026-08-08_12h53.50.844,11,TSRlearn_localizer-concepts,2026-08-08 12h53.53.296918 +0200,,909.7588582999888,911.25936799997,911.25936799997,912.2961062999675,,,,60.16724088242566,908.9949923999957,909.7588582999888,,,908.9485306999995,909.7345389999682,,,ball\ball_11.jpg,,,,,,,,,,,,,,,,,,,,,,,0,0,1,,None,,909.7588582999888,,,,,,,None,,3,,,2025.2.4,,,1,909.7376938000089,911.244720299961,,,None,None,909.7489371666491,910.5255898999749,,,220,0,2026-08-08_13:09:02.276569,220,21,localizer,,None,,,None,,220,220,0,220,,,,,,,,ball,Ballon,Ball,
914.5461722000036,915.6427789999871,1.1,,,5,915.6428973999573,915.6429312999826,,,hand,8,8,,,,,,,,,,,,,,,,,,,,,,,,,,,,,,None,,,None,2026-08-08_12h53.50.844,31,TSRlearn_localizer-concepts,2026-08-08 12h53.53.296918 +0200,,913.0580138000078,914.5578235999565,914.5578235999565,915.6773700999911,,,,60.16724088242566,912.2961062999675,913.0580138000078,,,912.2759732999839,913.0434225999634,,,hand\hand_31.jpg,,,,,,,,,,,,,,,,,,,,,,,0,0,1,,None,,913.0580138000078,,,,,,,None,,3,,,2025.2.4,,,1,913.04675639997,914.5460960000055,,,None,None,913.0579941666258,913.5479541000095,,,221,0,2026-08-08_13:09:05.577683,221,22,localizer,,None,,,None,,221,221,0,221,,,,,,,,hand,Main,Hand,
917.9439012999646,918.8436591000063,0.9,,,5,918.8437663000077,918.843826700002,,,ball,1,1,,,,,,,,,,,,,,,,,,,,,,,,,,,,,,None,,,None,2026-08-08_12h53.50.844,4,TSRlearn_localizer-concepts,2026-08-08 12h53.53.296918 +0200,,916.4405965000042,917.9405876999954,917.9569305999903,918.8935031999717,,,,60.16724088242566,915.6773700999911,916.4405965000042,,,915.659232200007,916.4270987999626,,,ball\ball_04.jpg,,,,,,,,,,,,,,,,,,,,,,,0,0,1,,None,,916.4405965000042,,,,,,,None,,3,,,2025.2.4,,,1,916.4305067000096,917.9437984999968,,,None,None,916.4408945666548,917.2235780999763,,,222,0,2026-08-08_13:09:08.958946,222,23,localizer,,None,,,None,,222,222,0,222,,,,,,,,ball,Ballon,Ball,
921.1580895999796,922.2747406999697,1.11,,,5,922.274822700012,922.2748567999806,,,hand,8,8,,,,,,,,,,,,,,,,,,,,,,,,,,,,,,None,,,None,2026-08-08_12h53.50.844,16,TSRlearn_localizer-concepts,2026-08-08 12h53.53.296918 +0200,,919.6561850999715,921.1555277999723,921.1723377999733,922.3585232999758,,,,60.16724088242566,918.8935031999717,919.6561850999715,,,918.8825982999988,919.6423992000055,,,hand\hand_16.jpg,,,,,,,,,,,,,,,,,,,,,,,0,0,1,,None,,919.6561850999715,,,,,,,None,,3,,,2025.2.4,,,1,919.6463309999672,921.1580023000133,,,None,None,919.656413266672,920.1573805999942,,,223,0,2026-08-08_13:09:12.175080,223,24,localizer,,None,,,None,,223,223,0,223,,,,,,,,hand,Main,Hand,
924.624248099979,925.8567833999987,1.22,,,5,925.8571330999839,925.8571771999705,,,house,9,9,,,,,,,,,,,,,,,,,,,,,,,,,,,,,,None,,,None,2026-08-08_12h53.50.844,35,TSRlearn_localizer-concepts,2026-08-08 12h53.53.296918 +0200,,923.1215892999899,924.6215805999818,924.6380827999674,925.9080235000001,,,,60.16724088242566,922.3585232999758,923.1215892999899,,,922.3161206999794,923.1079700000118,,,house\house_35.jpg,,,,,,,,,,,,,,,,,,,,,,,0,0,1,,None,,923.1215892999899,,,,,,,None,,3,,,2025.2.4,,,1,923.1138313999982,924.6241540999617,,,None,None,923.1219797666456,923.6714939000085,,,224,0,2026-08-08_13:09:15.640100,224,25,localizer,,None,,,None,,224,224,0,224,,,,,,,,house,Maison,Haus,
928.1733017999795,929.0728032999905,0.89,,,5,929.0729058999568,929.0729594999575,,,flower,6,6,,,,,,,,,,,,,,,,,,,,,,,,,,,,,,None,,,None,2026-08-08_12h53.50.844,2,TSRlearn_localizer-concepts,2026-08-08 12h53.53.296918 +0200,,926.6710316999815,928.1703325000126,928.1867384999641,929.1062166999909,,,,60.16724088242566,925.9080235000001,926.6710316999815,,,925.895412999962,926.6576750999666,,,flower\flower_02.jpg,,,,,,,,,,,,,,,,,,,,,,,0,0,1,,None,,926.6710316999815,,,,,,,None,,3,,,2025.2.4,,,1,926.6617435999797,928.1732172999764,,,None,None,926.6710165666339,927.5710205999785,,,225,0,2026-08-08_13:09:19.189600,225,26,localizer,,None,,,None,,225,225,0,225,,,,,,,,flower,Fleur,Blume,
931.3727129999897,932.2045083999983,0.83,,,5,932.2045968999737,932.2046321000089,,,bicycle,2,2,,,,,,,,,,,,,,,,,,,,,,,,,,,,,,None,,,None,2026-08-08_12h53.50.844,11,TSRlearn_localizer-concepts,2026-08-08 12h53.53.296918 +0200,,929.869663599995,931.3696608999744,931.3860904999892,932.2551289999974,,,,60.16724088242566,929.1062166999909,929.869663599995,,,929.094853699964,929.8558330999804,,,bicycle\bicycle_11.jpg,,,,,,,,,,,,,,,,,,,,,,,0,0,1,,None,,929.869663599995,,,,,,,None,,3,,,2025.2.4,,,1,929.8588382999878,931.3726242000121,,,None,None,929.869876966641,930.5861265999847,,,226,0,2026-08-08_13:09:22.387793,226,27,localizer,,None,,,None,,226,226,0,226,,,,,,,,bicycle,Vélo,Fahrrad,
934.5064695999608,935.45652040001,0.95,,,5,935.4566436999594,935.4570868999581,,,jacket,10,10,,,,,,,,,,,,,,,,,,,,,,,,,,,,,,None,,,None,2026-08-08_12h53.50.844,29,TSRlearn_localizer-concepts,2026-08-08 12h53.53.296918 +0200,,933.0353938000044,,934.5189260999905,935.5059432999697,,,,60.16724088242566,932.2551289999974,933.0353938000044,,,932.2410768999835,933.0054640999879,,,jacket\jacket_29.jpg,,,,,,,,,,,,,,,,,,,,,,,0,0,1,,None,,933.0353938000044,,,,,,,None,,3,,,2025.2.4,,,1,933.0129328999901,934.5063364999951,,,None,None,933.0192664666722,933.5525789000094,,,227,0,2026-08-08_13:09:25.536705,227,28,localizer,,None,,,None,,227,227,0,227,,,,,,,,jacket,Veste,Jacke,
937.9740990999853,938.7533454999793,0.77,,,5,938.7537433999823,938.753790799994,,,dog,5,9,,,,,,,,,,,,,,,,,,,,,,,,,,,,,,None,,,r,2026-08-08_12h53.50.844,24,TSRlearn_localizer-concepts,2026-08-08 12h53.53.296918 +0200,,936.2846197999897,937.9846093999804,937.9846093999804,938.7870048999903,,,,60.16724088242566,935.5059432999697,936.2846197999897,,,935.485070900002,936.2544112000032,,,dog\dog_24.jpg,,,,,,,,,,,,,,,,,,,,,,,0,1,1,,None,,936.2846197999897,,,,,,,left,,3,,,2025.2.4,,,1,936.2614871999831,937.9739180000033,,,None,None,936.2680837666305,936.818492099992,,,228,0,2026-08-08_13:09:28.787520,228,29,localizer,,None,,,None,,228,228,0,228,,,,,,,,house,Maison,Haus,
941.052100299974,942.2518891000072,1.19,,,5,942.2519648000016,942.2520022999961,,,hammer,7,7,,,,,,,,,,,,,,,,,,,,,,,,,,,,,,None,,,None,2026-08-08_12h53.50.844,17,TSRlearn_localizer-concepts,2026-08-08 12h53.53.296918 +0200,,939.5500936000026,941.0493624999654,941.0660202999716,942.2859817999997,,,,60.16724088242566,938.7870048999903,939.5500936000026,,,938.7705340000102,939.5368056999869,,,hammer\hammer_17.jpg,,,,,,,,,,,,,,,,,,,,,,,0,0,1,,None,,939.5500936000026,,,,,,,None,,3,,,2025.2.4,,,1,939.5423128000111,941.0520254999865,,,None,None,939.5506040666407,940.0830151999835,,,229,0,2026-08-08_13:09:32.068581,229,30,localizer,,None,,,None,,229,229,0,229,,,,,,,,hammer,Marteau,Hammer,
944.5511264000088,945.6331789999967,1.07,,,5,945.6332857999951,945.6333200999652,,,jacket,10,10,,,,,,,,,,,,,,,,,,,,,,,,,,,,,,None,,,None,2026-08-08_12h53.50.844,3,TSRlearn_localizer-concepts,2026-08-08 12h53.53.296918 +0200,,943.0491060999921,944.5483497999958,944.5650584999821,945.683522199979,,,,60.16724088242566,942.2859817999997,943.0491060999921,,,942.269030299969,943.0349130000104,,,jacket\jacket_03.jpg,,,,,,,,,,,,,,,,,,,,,,,0,0,1,,None,,943.0491060999921,,,,,,,None,,3,,,2025.2.4,,,1,943.0414952999563,944.551055399992,,,None,None,943.0489701666559,943.5822322999593,,,230,0,2026-08-08_13:09:35.567558,230,31,localizer,,None,,,None,,230,230,0,230,,,,,,,,jacket,Veste,Jacke,
947.9500524000032,949.1828194999835,1.23,,,5,949.1829052999965,949.1829405999742,,,house,9,9,,,,,,,,,,,,,,,,,,,,,,,,,,,,,,None,,,None,2026-08-08_12h53.50.844,33,TSRlearn_localizer-concepts,2026-08-08 12h53.53.296918 +0200,,946.4475892999908,947.9472175000119,947.9637485999847,949.2743878999609,,,,60.16724088242566,945.683522199979,946.4475892999908,,,945.6677962999674,946.4335987999802,,,house\house_33.jpg,,,,,,,,,,,,,,,,,,,,,,,0,0,1,,None,,946.4475892999908,,,,,,,None,,3,,,2025.2.4,,,1,946.4385111999582,947.9499789999682,,,None,None,946.4475921666638,946.997679299966,,,231,0,2026-08-08_13:09:38.965099,231,32,localizer,,None,,,None,,231,231,0,231,,,,,,,,house,Maison,Haus,
951.5321318999631,952.6482739999774,1.11,,,5,952.6483485999634,952.6483829999925,,,chair,4,4,,,,,,,,,,,,,,,,,,,,,,,,,,,,,,None,,,None,2026-08-08_12h53.50.844,47,TSRlearn_localizer-concepts,2026-08-08 12h53.53.296918 +0200,,950.0298979000072,951.5294112999691,951.5461053999607,952.7343774999608,,,,60.16724088242566,949.2743878999609,950.0298979000072,,,949.2326774999965,950.0158021000098,,,chair\chair_47.jpg,,,,,,,,,,,,,,,,,,,,,,,0,0,1,,None,,950.0298979000072,,,,,,,None,,3,,,2025.2.4,,,1,950.0226536999689,951.5320580999833,,,None,None,950.0299767666768,950.5967423999682,,,232,0,2026-08-08_13:09:42.555964,232,33,localizer,,None,,,None,,232,232,0,232,,,,,,,,chair,Chaise,Stuhl,
954.9980952999904,955.9634622999583,0.96,,,5,955.9635335999774,955.9635655999882,,,dog,5,5,,,,,,,,,,,,,,,,,,,,,,,,,,,,,,None,,,None,2026-08-08_12h53.50.844,44,TSRlearn_localizer-concepts,2026-08-08 12h53.53.296918 +0200,,953.4953191999812,954.9951394000091,955.0140574999969,956.0168171999976,,,,60.16724088242566,952.7343774999608,953.4953191999812,,,952.7012496999814,953.4812823999673,,,dog\dog_44.jpg,,,,,,,,,,,,,,,,,,,,,,,0,0,1,,None,,953.4953191999812,,,,,,,None,,3,,,2025.2.4,,,1,953.4859056000132,954.9980185999884,,,None,None,953.49546676665,953.9953285999945,,,233,0,2026-08-08_13:09:46.015954,233,34,localizer,,None,,,None,,233,233,0,233,,,,,,,,dog,Chien,Hund,
958.2792758999858,959.1797467999859,0.9,,,5,959.1800779000041,959.1801136999857,,,flower,6,6,,,,,,,,,,,,,,,,,,,,,,,,,,,,,,None,,,None,2026-08-08_12h53.50.844,28,TSRlearn_localizer-concepts,2026-08-08 12h53.53.296918 +0200,,956.7778038000106,958.2769398000091,958.2935429000063,959.2135416999809,,,,60.16724088242566,956.0168171999976,956.7778038000106,,,955.9961447999813,956.7641743000131,,,flower\flower_28.jpg,,,,,,,,,,,,,,,,,,,,,,,0,0,1,,None,,956.7778038000106,,,,,,,None,,3,,,2025.2.4,,,1,956.7677770999726,958.2792070999858,,,None,None,956.7779973666222,957.6777711999603,,,234,0,2026-08-08_13:09:49.298393,234,35,localizer,,None,,,None,,234,234,0,234,,,,,,,,flower,Fleur,Blume,
961.478291700012,962.6113529999857,1.13,,,5,962.6114212999819,962.6114525999874,,,bicycle,2,2,,,,,,,,,,,,,,,,,,,,,,,,,,,,,,None,,,None,2026-08-08_12h53.50.844,39,TSRlearn_localizer-concepts,2026-08-08 12h53.53.296918 +0200,,959.9768108999706,961.4759020999772,961.4925782000064,962.6626023999997,,,,60.16724088242566,959.2135416999809,959.9768108999706,,,959.1978354000021,959.9629343000124,,,bicycle\bicycle_39.jpg,,,,,,,,,,,,,,,,,,,,,,,0,0,1,,None,,959.9768108999706,,,,,,,None,,3,,,2025.2.4,,,1,959.9659296000027,961.4782194999862,,,None,None,959.9770068666587,960.692905200005,,,235,0,2026-08-08_13:09:52.495118,235,36,localizer,,None,,,None,,235,235,0,235,,,,,,,,bicycle,Vélo,Fahrrad,
965.1272026000079,966.2773545999662,1.14,,,5,966.277461199963,966.2775083999732,,,bread,3,4,,,,,,,,,,,,,,,,,,,,,,,,,,,,,,None,,,r,2026-08-08_12h53.50.844,29,TSRlearn_localizer-concepts,2026-08-08 12h53.53.296918 +0200,,963.425563399971,965.1414433000027,965.1414433000027,966.3113592999871,,,,60.16724088242566,962.6626023999997,963.425563399971,,,962.645048299979,963.4108583999914,,,bread\bread_29.jpg,,,,,,,,,,,,,,,,,,,,,,,0,1,1,,None,,963.425563399971,,,,,,,left,,3,,,2025.2.4,,,1,963.415124399995,965.12713909999,,,None,None,963.4254259666234,963.9923500999575,,,236,0,2026-08-08_13:09:55.944179,236,37,localizer,,None,,,None,,236,236,0,236,,,,,,,,chair,Chaise,Stuhl,
968.5609316999908,969.5925203000079,1.02,,,5,969.5925896000117,969.5926227999735,,,bicycle,2,2,,,,,,,,,,,,,,,,,,,,,,,,,,,,,,None,,,None,2026-08-08_12h53.50.844,30,TSRlearn_localizer-concepts,2026-08-08 12h53.53.296918 +0200,,967.0744400999974,968.574146799976,968.574146799976,969.7495206999592,,,,60.16724088242566,966.3113592999871,967.0744400999974,,,966.2979734999826,967.0601743999869,,,bicycle\bicycle_30.jpg,,,,,,,,,,,,,,,,,,,,,,,0,0,1,,None,,967.0744400999974,,,,,,,None,,3,,,2025.2.4,,,1,967.0626617000089,968.5608584999572,,,None,None,967.0744665666755,967.7742801999557,,,237,0,2026-08-08_13:09:59.592936,237,38,localizer,,None,,,None,,237,237,0,237,,,,,,,,bicycle,Vélo,Fahrrad,
972.0086653999751,973.0916847999906,1.08,,,5,973.0917537999921,973.0917872999562,,,ball,1,1,,,,,,,,,,,,,,,,,,,,,,,,,,,,,,None,,,None,2026-08-08_12h53.50.844,19,TSRlearn_localizer-concepts,2026-08-08 12h53.53.296918 +0200,,970.5067460999708,972.0061538000009,972.0231288999785,973.145887599967,,,,60.16724088242566,969.7495206999592,970.5067460999708,,,969.696263699967,970.4918607999571,,,ball\ball_19.jpg,,,,,,,,,,,,,,,,,,,,,,,0,0,1,,None,,970.5067460999708,,,,,,,None,,3,,,2025.2.4,,,1,970.4973272999632,972.0085947999614,,,None,None,970.5064308666663,971.2897643999895,,,238,0,2026-08-08_13:10:03.031097,238,39,localizer,,None,,,None,,238,238,0,238,,,,,,,,ball,Ballon,Ball,
975.4073527999572,976.3575986999786,0.95,,,5,976.3576658999664,976.3576981999795,,,bread,3,3,,,,,,,,,,,,,,,,,,,,,,,,,,,,,,None,,,None,2026-08-08_12h53.50.844,25,TSRlearn_localizer-concepts,2026-08-08 12h53.53.296918 +0200,,973.9056148999953,975.4048168999725,975.4217261999729,976.3921097999555,,,,60.16724088242566,973.145887599967,973.9056148999953,,,973.1287560999626,973.8914015999762,,,bread\bread_25.jpg,,,,,,,,,,,,,,,,,,,,,,,0,0,1,,None,,973.9056148999953,,,,,,,None,,3,,,2025.2.4,,,1,973.8954508999595,975.4072831000085,,,None,None,973.9056118666233,974.839061799983,,,239,0,2026-08-08_13:10:06.427464,239,40,localizer,,None,,,None,,239,239,0,239,,,,,,,,bread,Pain,Brot,
978.6565068999771,979.589338299993,0.92,,,5,979.5894109999645,979.5894440999837,,,chair,4,4,,,,,,,,,,,,,,,,,,,,,,,,,,,,,,None,,,None,2026-08-08_12h53.50.844,6,TSRlearn_localizer-concepts,2026-08-08 12h53.53.296918 +0200,,977.1545577999786,978.6539919999777,978.6705309000099,979.6243232999695,,,,60.16724088242566,976.3921097999555,977.1545577999786,,,976.3790895999991,977.1405773999868,,,chair\chair_06.jpg,,,,,,,,,,,,,,,,,,,,,,,0,0,1,,None,,977.1545577999786,,,,,,,None,,3,,,2025.2.4,,,1,977.1445258999593,978.6564364999649,,,None,None,977.1547541666698,977.7209564999794,,,240,0,2026-08-08_13:10:09.673686,240,41,localizer,,None,,,None,,240,240,0,240,,,,,,,,chair,Chaise,Stuhl,
981.8897954999702,982.7884894000017,0.89,,,5,982.7885566999903,982.7885888000019,,,house,9,9,,,,,,,,,,,,,,,,,,,,,,,,,,,,,,None,,,None,2026-08-08_12h53.50.844,12,TSRlearn_localizer-concepts,2026-08-08 12h53.53.296918 +0200,,980.387060899986,981.886422200012,981.9035123999929,982.8226710999734,,,,60.16724088242566,979.6243232999695,980.387060899986,,,979.6090094000101,980.3728163999622,,,house\house_12.jpg,,,,,,,,,,,,,,,,,,,,,,,0,0,1,,None,,980.387060899986,,,,,,,None,,3,,,2025.2.4,,,1,980.3780560999876,981.889720999985,,,None,None,980.386781466663,980.9369990999694,,,241,0,2026-08-08_13:10:12.905900,241,42,localizer,,None,,,None,,241,241,0,241,,,,,,,,house,Maison,Haus,
985.0874427999952,986.0040755000082,0.91,,,5,986.0041474999744,986.0041804999928,,,ball,1,1,,,,,,,,,,,,,,,,,,,,,,,,,,,,,,None,,,None,2026-08-08_12h53.50.844,29,TSRlearn_localizer-concepts,2026-08-08 12h53.53.296918 +0200,,983.5860171999666,985.0851581000024,985.1022050000029,986.0925377999665,,,,60.16724088242566,982.8226710999734,983.5860171999666,,,982.8056030999869,983.5717004999751,,,ball\ball_29.jpg,,,,,,,,,,,,,,,,,,,,,,,0,0,1,,None,,983.5860171999666,,,,,,,None,,3,,,2025.2.4,,,1,983.5746961999685,985.0873733999906,,,None,None,983.5860063666516,984.3690448999987,,,242,0,2026-08-08_13:10:16.104248,242,43,localizer,,None,,,None,,242,242,0,242,,,,,,,,ball,Ballon,Ball,
988.353693299985,989.5861504999921,1.23,,,5,989.5862341999891,989.5862677000114,,,dog,5,5,,,,,,,,,,,,,,,,,,,,,,,,,,,,,,None,,,None,2026-08-08_12h53.50.844,43,TSRlearn_localizer-concepts,2026-08-08 12h53.53.296918 +0200,,986.8515864000074,988.3510633999831,988.3678356999881,989.6232305999729,,,,60.16724088242566,986.0925377999665,986.8515864000074,,,986.0516665999894,986.837072699971,,,dog\dog_43.jpg,,,,,,,,,,,,,,,,,,,,,,,0,0,1,,None,,986.8515864000074,,,,,,,None,,3,,,2025.2.4,,,1,986.8408826999948,988.3536199000082,,,None,None,986.8515271666731,987.3347756000003,,,243,0,2026-08-08_13:10:19.374114,243,44,localizer,,None,,,None,,243,243,0,243,,,,,,,,dog,Chien,Hund,
991.8736544999992,992.6352732999949,0.76,,,5,992.6353423999972,992.6353749000118,,,hammer,7,7,,,,,,,,,,,,,,,,,,,,,,,,,,,,,,None,,,None,2026-08-08_12h53.50.844,13,TSRlearn_localizer-concepts,2026-08-08 12h53.53.296918 +0200,,990.3840447000111,991.8836849000072,991.8836849000072,992.6696395999752,,,,60.16724088242566,989.6232305999729,990.3840447000111,,,989.6048247999861,990.3707920999732,,,hammer\hammer_13.jpg,,,,,,,,,,,,,,,,,,,,,,,0,0,1,,None,,990.3840447000111,,,,,,,None,,3,,,2025.2.4,,,1,990.37551849999,991.8735159999924,,,None,None,990.3843739666665,990.9005261999555,,,244,0,2026-08-08_13:10:22.904807,244,45,localizer,,None,,,None,,244,244,0,244,,,,,,,,hammer,Marteau,Hammer,
994.9191090000095,995.9524626999628,1.02,,,5,995.9525749000022,995.9526252999785,,,jacket,10,10,,,,,,,,,,,,,,,,,,,,,,,,,,,,,,None,,,None,2026-08-08_12h53.50.844,41,TSRlearn_localizer-concepts,2026-08-08 12h53.53.296918 +0200,,993.4328090999625,994.9325331999571,994.9325331999571,996.0431977999979,,,,60.16724088242566,992.6696395999752,993.4328090999625,,,992.6539382999763,993.4184358000057,,,jacket\jacket_41.jpg,,,,,,,,,,,,,,,,,,,,,,,0,0,1,,None,,993.4328090999625,,,,,,,None,,3,,,2025.2.4,,,1,993.4236537999823,994.9190355999744,,,None,None,993.4327553666701,993.9831184999784,,,245,0,2026-08-08_13:10:25.951216,245,46,localizer,,None,,,None,,245,245,0,245,,,,,,,,jacket,Veste,Jacke,
998.3005123999901,999.334110900003,1.03,,,5,999.3341835999745,999.3342179000028,,,flower,6,6,,,,,,,,,,,,,,,,,,,,,,,,,,,,,,None,,,None,2026-08-08_12h53.50.844,25,TSRlearn_localizer-concepts,2026-08-08 12h53.53.296918 +0200,,996.7985715999966,998.2979411999695,998.3144404999912,999.4654939000029,,,,60.16724088242566,996.0431977999979,996.7985715999966,,,996.0157940000063,996.7852314999909,,,flower\flower_25.jpg,,,,,,,,,,,,,,,,,,,,,,,0,0,1,,None,,996.7985715999966,,,,,,,None,,3,,,2025.2.4,,,1,996.7887368999654,998.3004417999764,,,None,None,996.7989842666468,997.6986612000037,,,246,0,2026-08-08_13:10:29.324774,246,47,localizer,,None,,,None,,246,246,0,246,,,,,,,,flower,Fleur,Blume,
1001.949326300004,1002.7839972999645,0.83,,,5,1002.7840811999631,1002.7841198999668,,,ball,1,3,,,,,,,,,,,,,,,,,,,,,,,,,,,,,,None,,,r,2026-08-08_12h53.50.844,3,TSRlearn_localizer-concepts,2026-08-08 12h53.53.296918 +0200,,1000.2308546999702,1001.9633520999923,1001.9633520999923,1002.8358199999784,,,,60.16724088242566,999.4654939000029,1000.2308546999702,,,999.4068197999732,1000.2163693999755,,,ball\ball_03.jpg,,,,,,,,,,,,,,,,,,,,,,,0,1,1,,None,,1000.2308546999702,,,,,,,left,,3,,,2025.2.4,,,1,1000.2201315999846,1001.9492610999732,,,None,None,1000.2306971666442,1001.1641130999778,,,247,0,2026-08-08_13:10:32.747070,247,48,localizer,,None,,,None,,247,247,0,247,,,,,,,,bread,Pain,Brot,
1005.0987602999667,1005.9479575000005,0.84,,,5,1005.9480258999974,1005.948057200003,,,hammer,7,7,,,,,,,,,,,,,,,,,,,,,,,,,,,,,,None,,,None,2026-08-08_12h53.50.844,22,TSRlearn_localizer-concepts,2026-08-08 12h53.53.296918 +0200,,1003.5962762999698,1005.0958750999998,1005.1124156999867,1005.9825114000123,,,,60.16724088242566,1002.8358199999784,1003.5962762999698,,,1002.8219905999722,1003.5818340000114,,,hammer\hammer_22.jpg,,,,,,,,,,,,,,,,,,,,,,,0,0,1,,None,,1003.5962762999698,,,,,,,None,,3,,,2025.2.4,,,1,1003.5856926999986,1005.0986873999937,,,None,None,1003.5960636666316,1004.1302248999709,,,248,0,2026-08-08_13:10:36.117396,248,49,localizer,,None,,,None,,248,248,0,248,,,,,,,,hammer,Marteau,Hammer,
1008.2469990999671,1009.1137222999823,0.86,,,5,1009.1137897999724,1061.9133886999916,1009.1277848999598,1024.139906299999,house,9,9,,,,,,,,,,,,,,,,,,,,,,,,,,,,,0.0670432000188157,r,37.7083372999914,1024.1233176999958,None,2026-08-08_12h53.50.844,7,TSRlearn_localizer-concepts,2026-08-08 12h53.53.296918 +0200,,1006.7452665999881,1008.2445440999581,1008.2612270999816,1009.1277848999598,,,,60.16724088242566,1005.9825114000123,1006.7452665999881,,,1005.9691605999833,1006.7313211999717,,,house\house_07.jpg,1024.1233176999958,,,,,,,,,,,,,,,,,,,,,,0,0,1,,None,,1006.7452665999881,,,,,,,None,,3,1009.1277848999598,1024.139906299999,2025.2.4,,,1,1006.7364076999947,1008.2469259999925,,,None,None,1006.745629666668,1007.2949330999982,,,249,0,2026-08-08_13:10:39.264088,249,50,localizer,0.0670432000188157,r,37.7083372999914,,None,,249,249,0,249,,,,,,,,house,Maison,Haus,
1064.2315793999587,1065.0620768999797,0.83,,,6,1065.092604800011,1065.0926607999718,,,hand,8,8,,,,,,,,,,,,,,,,,,,,,,,,,,,,,,None,,,None,2026-08-08_12h53.50.844,44,TSRlearn_localizer-concepts,2026-08-08 12h53.53.296918 +0200,,1062.7440870999708,1064.2451099999598,1064.2451099999598,1065.1464218999608,,,,60.16724088242566,1061.9941971999942,1062.7440870999708,,,1061.9699862999842,1062.7299405999947,,,hand\hand_44.jpg,,,,,,,,,,,,,,,,,,,,,,,0,0,1,,None,,1062.7440870999708,,,,,,,None,,3,,,2025.2.4,,,1,1062.7344170999713,1064.231512999977,,,None,None,1062.7441199666393,1063.2461803999613,,,250,0,2026-08-08_13:11:35.275774,250,1,localizer,,None,,,None,,250,250,0,250,,,,,,,,hand,Main,Hand,
1067.4107453000033,1068.6637616999797,1.24,,,6,1068.6638334000017,1068.6638682999765,,,bread,3,3,,,,,,,,,,,,,,,,,,,,,,,,,,,,,,None,,,None,2026-08-08_12h53.50.844,3,TSRlearn_localizer-concepts,2026-08-08 12h53.53.296918 +0200,,1065.90949489997,1067.4250504999654,1067.4250504999654,1068.6942591000115,,,,60.16724088242566,1065.1464218999608,1065.90949489997,,,1065.125214700005,1065.8951470999746,,,bread\bread_03.jpg,,,,,,,,,,,,,,,,,,,,,,,0,0,1,,None,,1065.90949489997,,,,,,,None,,3,,,2025.2.4,,,1,1065.8986118999892,1067.410679899971,,,None,None,1065.9090947666593,1066.8422742999974,,,251,0,2026-08-08_13:11:38.427998,251,2,localizer,,None,,,None,,251,251,0,251,,,,,,,,bread,Pain,Brot,
1070.909908099973,1073.0932953999727,1.18,,,6,1073.0934007999604,1073.0934474999667,,,bicycle,2,2,,,,,,,,,,,,,,,,,,,,,,,,,,,,,,None,,,None,2026-08-08_12h53.50.844,8,TSRlearn_localizer-concepts,2026-08-08 12h53.53.296918 +0200,,1069.4585368999979,,1070.9244805999915,1073.142972600006,,,,60.16724088242566,1068.6942591000115,1069.4585368999979,,,1068.6820107999956,1069.438722299994,,,bicycle\bicycle_08.jpg,,,,,,,,,,,,,,,,,,,,,,,0,0,1,0.10577500000363216,r,1.1195575000019744,1069.4585368999979,,,,,,,None,,3,,,2025.2.4,,,1,1069.441355399962,1070.9098451999598,,,None,None,1069.4525283666483,1070.1585513000027,,,252,0,2026-08-08_13:11:41.975836,252,3,localizer,,None,,0.10577500000363216,r,1.1195575000019744,252,252,0,252,,,,,,,,bicycle,Vélo,Fahrrad,
1074.6038390999893,1076.5421012999723,0.93,,,6,1076.5421716999845,1076.5422052000067,,,flower,6,6,,,,,,,,,,,,,,,,,,,,,,,,,,,,,,None,,,None,2026-08-08_12h53.50.844,1,TSRlearn_localizer-concepts,2026-08-08 12h53.53.296918 +0200,,1073.9070489999722,,1074.623123599973,1076.5751781999716,,,,60.16724088242566,1073.142972600006,1073.9070489999722,,,1073.1245673999656,1073.8925540999626,,,flower\flower_01.jpg,,,,,,,,,,,,,,,,,,,,,,,0,0,1,0.10768629994709045,r,0.3552911000442691,1073.9070489999722,,,,,,,None,,3,,,2025.2.4,,,1,1073.8953481999924,1074.603762099985,,,None,None,1073.907125666625,,,,253,0,2026-08-08_13:11:46.424549,253,4,localizer,,None,,0.10768629994709045,r,0.3552911000442691,253,253,0,253,,,,,,,,flower,Fleur,Blume,
1077.9584713999648,1079.8746334000025,0.91,,,6,1079.8747029000078,1079.8747378999833,,,dog,5,5,,,,,,,,,,,,,,,,,,,,,,,,,,,,,,None,,,None,2026-08-08_12h53.50.844,7,TSRlearn_localizer-concepts,2026-08-08 12h53.53.296918 +0200,,1077.3394678999903,,1077.9725605999702,1079.9642201999668,,,,60.16724088242566,1076.5751781999716,1077.3394678999903,,,1076.5609263000078,1077.3251062000054,,,dog\dog_07.jpg,,,,,,,,,,,,,,,,,,,,,,,0,0,1,0.1358827999792993,r,0.2674347000429407,1077.3394678999903,,,,,,,None,,3,,,2025.2.4,,,1,1077.328669999959,1077.958402499964,,,None,None,1077.339448866671,1077.8390343000065,,,254,0,2026-08-08_13:11:49.856755,254,5,localizer,,None,,0.1358827999792993,r,0.2674347000429407,254,254,0,254,,,,,,,,dog,Chien,Hund,
1081.85798109998,1083.8728250999702,1,,,6,1083.8728890999919,1083.8729371000081,,,bread,3,3,,,,,,,,,,,,,,,,,,,,,,,,,,,,,,None,,,None,2026-08-08_12h53.50.844,43,TSRlearn_localizer-concepts,2026-08-08 12h53.53.296918 +0200,,1080.721609100001,,1081.8716245999676,1083.9240412999643,,,,60.16724088242566,1079.9642201999668,1080.721609100001,,,1079.9369377999683,1080.7069926999975,,,bread\bread_43.jpg,,,,,,,,,,,,,,,,,,,,,,,0,0,1,0.09759660001145676,r,0.8201916999532841,1080.721609100001,,,,,,,None,,3,,,2025.2.4,,,1,1080.7102313999785,1081.8579135999898,,,None,None,1080.7215040666672,1081.638096999959,,,255,0,2026-08-08_13:11:53.245797,255,6,localizer,,None,,0.09759660001145676,r,0.8201916999532841,255,255,0,255,,,,,,,,bread,Pain,Brot,
1086.1889474999625,1087.3213778999634,1.13,,,6,1087.321446499962,1087.3214775999659,,,hand,8,8,,,,,,,,,,,,,,,,,,,,,,,,,,,,,,None,,,None,2026-08-08_12h53.50.844,33,TSRlearn_localizer-concepts,2026-08-08 12h53.53.296918 +0200,,1084.6870533999754,1086.1863535000011,1086.203081799962,1087.3550187000073,,,,60.16724088242566,1083.9240412999643,1084.6870533999754,,,1083.911940699967,1084.6728424999746,,,hand\hand_33.jpg,,,,,,,,,,,,,,,,,,,,,,,0,0,1,,None,,1084.6870533999754,,,,,,,None,,3,,,2025.2.4,,,1,1084.676440799958,1086.1888800999732,,,None,None,1084.6870304666265,1085.187116199988,,,256,0,2026-08-08_13:11:57.205618,256,7,localizer,,None,,,None,,256,256,0,256,,,,,,,,hand,Main,Hand,
1089.620374799997,1090.553435400012,0.93,,,6,1090.553501699993,1090.553533600003,,,house,9,9,,,,,,,,,,,,,,,,,,,,,,,,,,,,,,None,,,None,2026-08-08_12h53.50.844,40,TSRlearn_localizer-concepts,2026-08-08 12h53.53.296918 +0200,,1088.1190439999918,1089.6181693999679,1089.6347131999792,1090.5875426999992,,,,60.16724088242566,1087.3550187000073,1088.1190439999918,,,1087.3385087999632,1088.1048630999867,,,house\house_40.jpg,,,,,,,,,,,,,,,,,,,,,,,0,0,1,,None,,1088.1190439999918,,,,,,,None,,3,,,2025.2.4,,,1,1088.1096364000114,1089.6203076000093,,,None,None,1088.1191231666637,1088.6690629000077,,,257,0,2026-08-08_13:12:00.636595,257,8,localizer,,None,,,None,,257,257,0,257,,,,,,,,house,Maison,Haus,
1092.85315119999,1093.6863285999862,0.83,,,6,1093.686400800012,1093.686435599986,,,chair,4,4,,,,,,,,,,,,,,,,,,,,,,,,,,,,,,None,,,None,2026-08-08_12h53.50.844,11,TSRlearn_localizer-concepts,2026-08-08 12h53.53.296918 +0200,,1091.3510268999962,1092.8505625000107,1092.8672674999689,1093.736297699972,,,,60.16724088242566,1090.5875426999992,1091.3510268999962,,,1090.570485299977,1091.3365528999711,,,chair\chair_11.jpg,,,,,,,,,,,,,,,,,,,,,,,0,0,1,,None,,1091.3510268999962,,,,,,,None,,3,,,2025.2.4,,,1,1091.3403099999996,1092.8530809999793,,,None,None,1091.3510527666697,1091.9175377999782,,,258,0,2026-08-08_13:12:03.869119,258,9,localizer,,None,,,None,,258,258,0,258,,,,,,,,chair,Chaise,Stuhl,
1096.2042740999605,1097.4511858999613,1.24,,,6,1097.4512526000035,1097.4512822999968,,,flower,6,2,,,,,,,,,,,,,,,,,,,,,,,,,,,,,,None,,,r,2026-08-08_12h53.50.844,14,TSRlearn_localizer-concepts,2026-08-08 12h53.53.296918 +0200,,1094.5000515999855,1096.2229861000087,1096.2229861000087,1097.485450499982,,,,60.16724088242566,1093.736297699972,1094.5000515999855,,,1093.7211164999753,1094.4855272999848,,,flower\flower_14.jpg,,,,,,,,,,,,,,,,,,,,,,,0,1,1,,None,,1094.5000515999855,,,,,,,right,,3,,,2025.2.4,,,1,1094.4878210999887,1096.204204300011,,,None,None,1094.500167366645,1095.2165694999858,,,259,0,2026-08-08_13:12:07.017874,259,10,localizer,,None,,,None,,259,259,0,259,,,,,,,,bicycle,Vélo,Fahrrad,
1099.751008799998,1100.5834897999885,0.83,,,6,1100.5835551999626,1100.583586099965,,,house,9,9,,,,,,,,,,,,,,,,,,,,,,,,,,,,,,None,,,None,2026-08-08_12h53.50.844,38,TSRlearn_localizer-concepts,2026-08-08 12h53.53.296918 +0200,,1098.2487992999959,1099.7483529999736,1099.7651621999685,1100.61745109997,,,,60.16724088242566,1097.485450499982,1098.2487992999959,,,1097.4689639999997,1098.2342691000085,,,house\house_38.jpg,,,,,,,,,,,,,,,,,,,,,,,0,0,1,,None,,1098.2487992999959,,,,,,,None,,3,,,2025.2.4,,,1,1098.2394987999578,1099.750939999998,,,None,None,1098.2489079666595,1098.7819981999928,,,260,0,2026-08-08_13:12:10.767027,260,11,localizer,,None,,,None,,260,260,0,260,,,,,,,,house,Maison,Haus,
1103.0721260999562,1103.9997539999895,0.93,,,6,1103.999822999991,1103.9998556000064,,,chair,4,8,,,,,,,,,,,,,,,,,,,,,,,,,,,,,,None,,,r,2026-08-08_12h53.50.844,13,TSRlearn_localizer-concepts,2026-08-08 12h53.53.296918 +0200,,1101.3808707999997,1103.0821261999663,1103.0821261999663,1104.1764834999922,,,,60.16724088242566,1100.61745109997,1101.3808707999997,,,1100.604935899959,1101.3558788999799,,,chair\chair_13.jpg,,,,,,,,,,,,,,,,,,,,,,,0,1,1,,None,,1101.3808707999997,,,,,,,right,,3,,,2025.2.4,,,1,1101.3596114999964,1103.0720565000083,,,None,None,1101.3701595666391,1101.8643440000014,,,261,0,2026-08-08_13:12:13.899028,261,12,localizer,,None,,,None,,261,261,0,261,,,,,,,,hand,Main,Hand,
1106.4326050999807,1107.198317500006,0.76,,,6,1107.1983847999945,1107.1984158999985,,,ball,1,1,,,,,,,,,,,,,,,,,,,,,,,,,,,,,,None,,,None,2026-08-08_12h53.50.844,12,TSRlearn_localizer-concepts,2026-08-08 12h53.53.296918 +0200,,1104.9302697000094,1106.4298096999992,1106.4519919999875,1107.2867763999966,,,,60.16724088242566,1104.1764834999922,1104.9302697000094,,,1104.0830839999835,1104.9163554999977,,,ball\ball_12.jpg,,,,,,,,,,,,,,,,,,,,,,,0,0,1,,None,,1104.9302697000094,,,,,,,None,,3,,,2025.2.4,,,1,1104.9199063999695,1106.4325275999727,,,None,None,1104.930395266627,1105.7133027999662,,,262,0,2026-08-08_13:12:17.458060,262,13,localizer,,None,,,None,,262,262,0,262,,,,,,,,ball,Ballon,Ball,
1109.5479570999742,1110.4311027000076,0.87,,,6,1110.4311721000122,1110.4312046999694,,,jacket,10,10,,,,,,,,,,,,,,,,,,,,,,,,,,,,,,None,,,None,2026-08-08_12h53.50.844,44,TSRlearn_localizer-concepts,2026-08-08 12h53.53.296918 +0200,,1108.0460052000126,1109.5453353999765,1109.562071399996,1110.4679304999881,,,,60.16724088242566,1107.2867763999966,1108.0460052000126,,,1107.2443098999793,1108.0317935000057,,,jacket\jacket_44.jpg,,,,,,,,,,,,,,,,,,,,,,,0,0,1,,None,,1108.0460052000126,,,,,,,None,,3,,,2025.2.4,,,1,1108.0367164000054,1109.5478861999582,,,None,None,1108.0461370666783,1108.5954717999557,,,263,0,2026-08-08_13:12:20.568353,263,14,localizer,,None,,,None,,263,263,0,263,,,,,,,,jacket,Veste,Jacke,
1112.7302245000028,1113.6965806999942,0.96,,,6,1113.6966515000095,1113.6966853999766,,,dog,5,5,,,,,,,,,,,,,,,,,,,,,,,,,,,,,,None,,,None,2026-08-08_12h53.50.844,35,TSRlearn_localizer-concepts,2026-08-08 12h53.53.296918 +0200,,1111.2282100999728,1112.7275422000093,1112.7440656999825,1113.7307747000013,,,,60.16724088242566,1110.4679304999881,1111.2282100999728,,,1110.4493554999935,1111.2140957000083,,,dog\dog_35.jpg,,,,,,,,,,,,,,,,,,,,,,,0,0,1,,None,,1111.2282100999728,,,,,,,None,,3,,,2025.2.4,,,1,1111.2185528000118,1112.7301537999883,,,None,None,1111.2283104666315,1111.7284932999755,,,264,0,2026-08-08_13:12:23.749507,264,15,localizer,,None,,,None,,264,264,0,264,,,,,,,,dog,Chien,Hund,
1115.980268299987,1117.214229299978,1.23,,,6,1117.2143308999948,1117.21436849999,,,bicycle,2,2,,,,,,,,,,,,,,,,,,,,,,,,,,,,,,None,,,None,2026-08-08_12h53.50.844,6,TSRlearn_localizer-concepts,2026-08-08 12h53.53.296918 +0200,,1114.4937817999744,1115.9936312999926,1115.9936312999926,1117.2846282999963,,,,60.16724088242566,1113.7307747000013,1114.4937817999744,,,1113.7132999000023,1114.478992199991,,,bicycle\bicycle_06.jpg,,,,,,,,,,,,,,,,,,,,,,,0,0,1,,None,,1114.4937817999744,,,,,,,None,,3,,,2025.2.4,,,1,1114.4811298999703,1115.9801939000026,,,None,None,1114.4935756666275,1115.1936965999776,,,265,0,2026-08-08_13:12:27.012351,265,16,localizer,,None,,,None,,265,265,0,265,,,,,,,,bicycle,Vélo,Fahrrad,
1119.544051499979,1120.310177700012,0.76,,,6,1120.3102409999701,1120.3102706999634,,,bread,3,3,,,,,,,,,,,,,,,,,,,,,,,,,,,,,,None,,,None,2026-08-08_12h53.50.844,24,TSRlearn_localizer-concepts,2026-08-08 12h53.53.296918 +0200,,1118.05960410001,1119.5588969999808,1119.5588969999808,1120.3455243000062,,,,60.16724088242566,1117.2846282999963,1118.05960410001,,,1117.2642133999616,1118.0336019999813,,,bread\bread_24.jpg,,,,,,,,,,,,,,,,,,,,,,,0,0,1,,None,,1118.05960410001,,,,,,,None,,3,,,2025.2.4,,,1,1118.0384653999936,1119.5439879999612,,,None,None,1118.0464754666357,1118.9763614999829,,,266,0,2026-08-08_13:12:30.566205,266,17,localizer,,None,,,None,,266,266,0,266,,,,,,,,bread,Pain,Brot,
1122.6101867000107,1123.3760923999944,0.76,,,6,1123.376165899972,1123.3762010000064,,,hammer,7,7,,,,,,,,,,,,,,,,,,,,,,,,,,,,,,None,,,None,2026-08-08_12h53.50.844,19,TSRlearn_localizer-concepts,2026-08-08 12h53.53.296918 +0200,,1121.112408099987,1122.6245400999906,1122.6245400999906,1123.427864599973,,,,60.16724088242566,1120.3455243000062,1121.112408099987,,,1120.333365999977,1121.094615000009,,,hammer\hammer_19.jpg,,,,,,,,,,,,,,,,,,,,,,,0,0,1,,None,,1121.112408099987,,,,,,,None,,3,,,2025.2.4,,,1,1121.0984648999874,1122.6101245000027,,,None,None,1121.1088084666446,1121.6252148000058,,,267,0,2026-08-08_13:12:33.627101,267,18,localizer,,None,,,None,,267,267,0,267,,,,,,,,hammer,Marteau,Hammer,
1125.6755766999559,1126.4754764999961,0.79,,,6,1126.4755452999962,1126.475576500001,,,house,9,9,,,,,,,,,,,,,,,,,,,,,,,,,,,,,,None,,,None,2026-08-08_12h53.50.844,9,TSRlearn_localizer-concepts,2026-08-08 12h53.53.296918 +0200,,1124.1790237000096,1125.690028299985,1125.690028299985,1126.5100283999927,,,,60.16724088242566,1123.427864599973,1124.1790237000096,,,1123.405785400013,1124.1627757999813,,,house\house_09.jpg,,,,,,,,,,,,,,,,,,,,,,,0,0,1,,None,,1124.1790237000096,,,,,,,None,,3,,,2025.2.4,,,1,1124.168065899983,1125.6755130999954,,,None,None,1124.1772620666345,1124.7136563999811,,,268,0,2026-08-08_13:12:36.709441,268,19,localizer,,None,,,None,,268,268,0,268,,,,,,,,house,Maison,Haus,
1128.7743717000121,1129.8404024000047,1.06,,,6,1129.840464799956,1129.8404945000075,,,hammer,7,7,,,,,,,,,,,,,,,,,,,,,,,,,,,,,,None,,,None,2026-08-08_12h53.50.844,16,TSRlearn_localizer-concepts,2026-08-08 12h53.53.296918 +0200,,1127.273055800004,1128.772268700006,1128.789553999959,1129.8919293999788,,,,60.16724088242566,1126.5100283999927,1127.273055800004,,,1126.490633199981,1127.2586682999972,,,hammer\hammer_16.jpg,,,,,,,,,,,,,,,,,,,,,,,0,0,1,,None,,1127.273055800004,,,,,,,None,,3,,,2025.2.4,,,1,1127.2620694999932,1128.7743084999966,,,None,None,1127.273213966637,1127.78951589996,,,269,0,2026-08-08_13:12:39.791605,269,20,localizer,,None,,,None,,269,269,0,269,,,,,,,,hammer,Marteau,Hammer,
1132.3580752999987,1133.456394799985,1.09,,,6,1133.4564583000029,1133.4564866999863,,,dog,5,6,,,,,,,,,,,,,,,,,,,,,,,,,,,,,,None,,,r,2026-08-08_12h53.50.844,6,TSRlearn_localizer-concepts,2026-08-08 12h53.53.296918 +0200,,1130.6555908999871,1132.3717250999762,1132.3717250999762,1133.4913432999747,,,,60.16724088242566,1129.8919293999788,1130.6555908999871,,,1129.8714510999853,1130.641168800008,,,dog\dog_06.jpg,,,,,,,,,,,,,,,,,,,,,,,0,1,1,,None,,1130.6555908999871,,,,,,,right,,3,,,2025.2.4,,,1,1130.6440131000127,1132.3580067000003,,,None,None,1130.6556731666244,1131.5550125999725,,,270,0,2026-08-08_13:12:43.173506,270,21,localizer,,None,,,None,,270,270,0,270,,,,,,,,flower,Fleur,Blume,
1135.7597946999595,1136.5563729999703,0.8,,,6,1136.5564408999635,1136.5564720999682,,,hammer,7,7,,,,,,,,,,,,,,,,,,,,,,,,,,,,,,None,,,None,2026-08-08_12h53.50.844,32,TSRlearn_localizer-concepts,2026-08-08 12h53.53.296918 +0200,,1134.2543347000028,1135.757355699956,1135.7701753999572,1136.6064566000132,,,,60.16724088242566,1133.4913432999747,1134.2543347000028,,,1133.4707068999996,1134.2396924999775,,,hammer\hammer_32.jpg,,,,,,,,,,,,,,,,,,,,,,,0,0,1,,None,,1134.2543347000028,,,,,,,None,,3,,,2025.2.4,,,1,1134.2427929000114,1135.7597271999693,,,None,None,1134.2543737666604,1134.7704404999968,,,271,0,2026-08-08_13:12:46.772920,271,22,localizer,,None,,,None,,271,271,0,271,,,,,,,,hammer,Marteau,Hammer,
1138.8718570999918,1140.038087999972,1.16,,,6,1140.0381541000097,1140.038185399957,,,flower,6,6,,,,,,,,,,,,,,,,,,,,,,,,,,,,,,None,,,None,2026-08-08_12h53.50.844,30,TSRlearn_localizer-concepts,2026-08-08 12h53.53.296918 +0200,,1137.3700898999814,1138.8858313999954,1138.8858313999954,1140.072173499968,,,,60.16724088242566,1136.6064566000132,1137.3700898999814,,,1136.5834927000105,1137.3561202999554,,,flower\flower_30.jpg,,,,,,,,,,,,,,,,,,,,,,,0,0,1,,None,,1137.3700898999814,,,,,,,None,,3,,,2025.2.4,,,1,1137.3593647999805,1138.8717963999952,,,None,None,1137.3701933666637,1138.2753524999716,,,272,0,2026-08-08_13:12:49.888033,272,23,localizer,,None,,,None,,272,272,0,272,,,,,,,,flower,Fleur,Blume,
1142.336920199974,1143.386852799973,1.05,,,6,1143.386928599968,1143.3869597999728,,,chair,4,4,,,,,,,,,,,,,,,,,,,,,,,,,,,,,,None,,,None,2026-08-08_12h53.50.844,36,TSRlearn_localizer-concepts,2026-08-08 12h53.53.296918 +0200,,1140.8356495999615,1142.3349070000113,1142.3513371999725,1143.4755054999841,,,,60.16724088242566,1140.072173499968,1140.8356495999615,,,1140.0629000999616,1140.8217392999795,,,chair\chair_36.jpg,,,,,,,,,,,,,,,,,,,,,,,0,0,1,,None,,1140.8356495999615,,,,,,,None,,3,,,2025.2.4,,,1,1140.8259307999979,1142.336856400012,,,None,None,1140.8358052666338,1141.4020391000086,,,273,0,2026-08-08_13:12:53.353750,273,24,localizer,,None,,,None,,273,273,0,273,,,,,,,,chair,Chaise,Stuhl,
1145.736032899993,1146.9688548999839,1.22,,,6,1146.9689204999595,1146.9689504000125,,,ball,1,1,,,,,,,,,,,,,,,,,,,,,,,,,,,,,,None,,,None,2026-08-08_12h53.50.844,42,TSRlearn_localizer-concepts,2026-08-08 12h53.53.296918 +0200,,1144.2343382000108,1145.733814199979,1145.7503674000036,1147.0220819999813,,,,60.16724088242566,1143.4755054999841,1144.2343382000108,,,1143.4336609999882,1144.2198771999683,,,ball\ball_42.jpg,,,,,,,,,,,,,,,,,,,,,,,0,0,1,,None,,1144.2343382000108,,,,,,,None,,3,,,2025.2.4,,,1,1144.2227018999984,1145.7359678999637,,,None,None,1144.2345291666609,1145.0177529999637,,,274,0,2026-08-08_13:12:56.757082,274,25,localizer,,None,,,None,,274,274,0,274,,,,,,,,ball,Ballon,Ball,
1149.284797500004,1150.518252799986,1.23,,,6,1150.5183220999897,1150.5183544000029,,,jacket,10,10,,,,,,,,,,,,,,,,,,,,,,,,,,,,,,None,,,None,2026-08-08_12h53.50.844,7,TSRlearn_localizer-concepts,2026-08-08 12h53.53.296918 +0200,,1147.7833349999855,1149.2826457999763,1149.2993345999857,1150.5520928999758,,,,60.16724088242566,1147.0220819999813,1147.7833349999855,,,1147.0005451999605,1147.768709499971,,,jacket\jacket_07.jpg,,,,,,,,,,,,,,,,,,,,,,,0,0,1,,None,,1147.7833349999855,,,,,,,None,,3,,,2025.2.4,,,1,1147.7733104999643,1149.2847321999725,,,None,None,1147.7832528666515,1148.3164918000111,,,275,0,2026-08-08_13:13:00.303658,275,26,localizer,,None,,,None,,275,275,0,275,,,,,,,,jacket,Veste,Jacke,
1152.8055728999898,1153.7005500000087,0.9,,,6,1153.7006205999642,1153.700654299988,,,hand,8,8,,,,,,,,,,,,,,,,,,,,,,,,,,,,,,None,,,None,2026-08-08_12h53.50.844,2,TSRlearn_localizer-concepts,2026-08-08 12h53.53.296918 +0200,,1151.315383100009,1152.8151830999996,1152.8151830999996,1153.7352589999791,,,,60.16724088242566,1150.5520928999758,1151.315383100009,,,1150.5336539999698,1151.3006464999635,,,hand\hand_02.jpg,,,,,,,,,,,,,,,,,,,,,,,0,0,1,,None,,1151.315383100009,,,,,,,None,,3,,,2025.2.4,,,1,1151.3038921999978,1152.805503199983,,,None,None,1151.3153058666542,1151.798624899995,,,276,0,2026-08-08_13:13:03.833669,276,27,localizer,,None,,,None,,276,276,0,276,,,,,,,,hand,Main,Hand,
1155.9992322999751,1156.7660023999633,0.76,,,6,1156.7660690000048,1156.7661006000126,,,bicycle,2,2,,,,,,,,,,,,,,,,,,,,,,,,,,,,,,None,,,None,2026-08-08_12h53.50.844,28,TSRlearn_localizer-concepts,2026-08-08 12h53.53.296918 +0200,,1154.4979577999911,1155.996970999986,1156.0140209000092,1156.8001958999666,,,,60.16724088242566,1153.7352589999791,1154.4979577999911,,,1153.717034899979,1154.4837580999592,,,bicycle\bicycle_28.jpg,,,,,,,,,,,,,,,,,,,,,,,0,0,1,,None,,1154.4979577999911,,,,,,,None,,3,,,2025.2.4,,,1,1154.486232299998,1155.999168200011,,,None,None,1154.4980941666329,1155.1978439000086,,,277,0,2026-08-08_13:13:07.016835,277,28,localizer,,None,,,None,,277,277,0,277,,,,,,,,bicycle,Vélo,Fahrrad,
1159.0650798999704,1160.065923199989,0.99,,,6,1160.0659983999794,1160.0660336999572,,,chair,4,4,,,,,,,,,,,,,,,,,,,,,,,,,,,,,,None,,,None,2026-08-08_12h53.50.844,3,TSRlearn_localizer-concepts,2026-08-08 12h53.53.296918 +0200,,1157.5635359999724,1159.063010999991,1159.079430199985,1160.116293500003,,,,60.16724088242566,1156.8001958999666,1157.5635359999724,,,1156.7849290999584,1157.549111499975,,,chair\chair_03.jpg,,,,,,,,,,,,,,,,,,,,,,,0,0,1,,None,,1157.5635359999724,,,,,,,None,,3,,,2025.2.4,,,1,1157.5532657000003,1159.065015100001,,,None,None,1157.5634686666347,1158.1302599000046,,,278,0,2026-08-08_13:13:10.081772,278,29,localizer,,None,,,None,,278,278,0,278,,,,,,,,chair,Chaise,Stuhl,
1162.3810569999623,1163.5798247999628,1.2,,,6,1163.579887299973,1163.579917599971,,,bread,3,3,,,,,,,,,,,,,,,,,,,,,,,,,,,,,,None,,,None,2026-08-08_12h53.50.844,4,TSRlearn_localizer-concepts,2026-08-08 12h53.53.296918 +0200,,1160.879132299975,1162.378620399977,1162.3951407999848,1163.678609900002,,,,60.16724088242566,1160.116293500003,1160.879132299975,,,1160.1009026999818,1160.8644069999573,,,bread\bread_04.jpg,,,,,,,,,,,,,,,,,,,,,,,0,0,1,,None,,1160.879132299975,,,,,,,None,,3,,,2025.2.4,,,1,1160.8673379999818,1162.3809914999874,,,None,None,1160.879123166673,1161.812083799974,,,279,0,2026-08-08_13:13:13.397870,279,30,localizer,,None,,,None,,279,279,0,279,,,,,,,,bread,Pain,Brot,
1165.9295420999988,1167.1632209999952,1.22,,,6,1167.1632957999827,1167.1633261999814,,,ball,1,1,,,,,,,,,,,,,,,,,,,,,,,,,,,,,,None,,,None,2026-08-08_12h53.50.844,14,TSRlearn_localizer-concepts,2026-08-08 12h53.53.296918 +0200,,1164.4280602000072,1165.9273892999627,1165.9439087999635,1167.1981554999948,,,,60.16724088242566,1163.678609900002,1164.4280602000072,,,1163.6361314000096,1164.4134259999846,,,ball\ball_14.jpg,,,,,,,,,,,,,,,,,,,,,,,0,0,1,,None,,1164.4280602000072,,,,,,,None,,3,,,2025.2.4,,,1,1164.4163904999732,1165.929477299971,,,None,None,1164.4281120666458,1165.19410600001,,,280,0,2026-08-08_13:13:16.960186,280,31,localizer,,None,,,None,,280,280,0,280,,,,,,,,ball,Ballon,Ball,
1169.4622270999826,1170.3113321000128,0.85,,,6,1170.311394999968,1170.3114249999635,,,chair,4,4,,,,,,,,,,,,,,,,,,,,,,,,,,,,,,None,,,None,2026-08-08_12h53.50.844,34,TSRlearn_localizer-concepts,2026-08-08 12h53.53.296918 +0200,,1167.9602512999554,1169.459780199977,1169.4763856999925,1170.400414499978,,,,60.16724088242566,1167.1981554999948,1167.9602512999554,,,1167.1830135000055,1167.9456142999697,,,chair\chair_34.jpg,,,,,,,,,,,,,,,,,,,,,,,0,0,1,,None,,1167.9602512999554,,,,,,,None,,3,,,2025.2.4,,,1,1167.9492655000067,1169.4621582999825,,,None,None,1167.960128766663,1168.5265546999872,,,281,0,2026-08-08_13:13:20.479732,281,32,localizer,,None,,,None,,281,281,0,281,,,,,,,,chair,Chaise,Stuhl,
1172.6610898000072,1173.5773691000068,0.91,,,6,1173.5774338999763,1173.5774643999757,,,dog,5,5,,,,,,,,,,,,,,,,,,,,,,,,,,,,,,None,,,None,2026-08-08_12h53.50.844,41,TSRlearn_localizer-concepts,2026-08-08 12h53.53.296918 +0200,,1171.1596102999756,1172.6751935000066,1172.6751935000066,1173.6464390999754,,,,60.16724088242566,1170.400414499978,1171.1596102999756,,,1170.3582007999648,1171.1446683999966,,,dog\dog_41.jpg,,,,,,,,,,,,,,,,,,,,,,,0,0,1,,None,,1171.1596102999756,,,,,,,None,,3,,,2025.2.4,,,1,1171.148004699964,1172.6610267999931,,,None,None,1171.1592404666628,1171.6440382999717,,,282,0,2026-08-08_13:13:23.681991,282,33,localizer,,None,,,None,,282,282,0,282,,,,,,,,dog,Chien,Hund,
1175.8939134000102,1177.009256099991,1.1,,,6,1177.009320000012,1177.0093488999992,,,house,9,9,,,,,,,,,,,,,,,,,,,,,,,,,,,,,,None,,,None,2026-08-08_12h53.50.844,43,TSRlearn_localizer-concepts,2026-08-08 12h53.53.296918 +0200,,1174.408316099958,1175.9086554999813,1175.9086554999813,1177.0620953000034,,,,60.16724088242566,1173.6464390999754,1174.408316099958,,,1173.6221495000063,1174.3932791000116,,,house\house_43.jpg,,,,,,,,,,,,,,,,,,,,,,,0,0,1,,None,,1174.408316099958,,,,,,,None,,3,,,2025.2.4,,,1,1174.3979399999953,1175.893846299965,,,None,None,1174.4080360666305,1174.9419058999629,,,283,0,2026-08-08_13:13:26.928015,283,34,localizer,,None,,,None,,283,283,0,283,,,,,,,,house,Maison,Haus,
1179.532818800013,1180.475386200007,0.94,,,6,1180.4754523999873,1180.475483199989,,,bread,3,2,,,,,,,,,,,,,,,,,,,,,,,,,,,,,,None,,,r,2026-08-08_12h53.50.844,27,TSRlearn_localizer-concepts,2026-08-08 12h53.53.296918 +0200,,1177.8238273999887,1179.5454912999994,1179.5454912999994,1180.5257217999897,,,,60.16724088242566,1177.0620953000034,1177.8238273999887,,,1177.0474636,1177.809449399996,,,bread\bread_27.jpg,,,,,,,,,,,,,,,,,,,,,,,0,1,1,,None,,1177.8238273999887,,,,,,,right,,3,,,2025.2.4,,,1,1177.8116388999624,1179.5327089999919,,,None,None,1177.823872366633,1178.5235833000042,,,284,0,2026-08-08_13:13:30.343672,284,35,localizer,,None,,,None,,284,284,0,284,,,,,,,,bicycle,Vélo,Fahrrad,
1182.7922422999982,1184.0068452999694,1.21,,,6,1184.0069164999877,1184.0069455999765,,,flower,6,6,,,,,,,,,,,,,,,,,,,,,,,,,,,,,,None,,,None,2026-08-08_12h53.50.844,17,TSRlearn_localizer-concepts,2026-08-08 12h53.53.296918 +0200,,1181.2953171000117,1182.8059675999684,1182.8059675999684,1184.041757799976,,,,60.16724088242566,1180.5257217999897,1181.2953171000117,,,1180.5043273000047,1181.275335299957,,,flower\flower_17.jpg,,,,,,,,,,,,,,,,,,,,,,,0,0,1,,None,,1181.2953171000117,,,,,,,None,,3,,,2025.2.4,,,1,1181.2780644999584,1182.7921592000057,,,None,None,1181.2896222666643,1182.1886870999588,,,285,0,2026-08-08_13:13:33.807298,285,36,localizer,,None,,,None,,285,285,0,285,,,,,,,,flower,Fleur,Blume,
1186.3131815000088,1187.3060389999882,0.99,,,6,1187.3061054999707,1187.306136099971,,,bicycle,2,2,,,,,,,,,,,,,,,,,,,,,,,,,,,,,,None,,,None,2026-08-08_12h53.50.844,40,TSRlearn_localizer-concepts,2026-08-08 12h53.53.296918 +0200,,1184.8050439999788,1186.310454099963,1186.3220004999894,1187.340303200006,,,,60.16724088242566,1184.041757799976,1184.8050439999788,,,1184.0266974999686,1184.7908113999874,,,bicycle\bicycle_40.jpg,,,,,,,,,,,,,,,,,,,,,,,0,0,1,,None,,1184.8050439999788,,,,,,,None,,3,,,2025.2.4,,,1,1184.7928858000087,1186.3131091999821,,,None,None,1184.8052102666736,1185.521581500012,,,286,0,2026-08-08_13:13:37.323334,286,37,localizer,,None,,,None,,286,286,0,286,,,,,,,,bicycle,Vélo,Fahrrad,
1189.6058516000048,1190.488050999993,0.88,,,6,1190.48811440001,1190.4881435999996,,,jacket,10,10,,,,,,,,,,,,,,,,,,,,,,,,,,,,,,None,,,None,2026-08-08_12h53.50.844,15,TSRlearn_localizer-concepts,2026-08-08 12h53.53.296918 +0200,,1188.1074648000067,1189.6201249999576,1189.6201249999576,1190.539685799973,,,,60.16724088242566,1187.340303200006,1188.1074648000067,,,1187.3251993999584,1188.0897801999818,,,jacket\jacket_15.jpg,,,,,,,,,,,,,,,,,,,,,,,0,0,1,,None,,1188.1074648000067,,,,,,,None,,3,,,2025.2.4,,,1,1188.09478699998,1189.6057854999672,,,None,None,1188.1041212666353,1188.6366826999583,,,287,0,2026-08-08_13:13:40.621880,287,38,localizer,,None,,,None,,287,287,0,287,,,,,,,,jacket,Veste,Jacke,
1192.7886285999557,1193.5796181999613,0.78,,,6,1193.579699199996,1193.5797380000004,,,flower,6,6,,,,,,,,,,,,,,,,,,,,,,,,,,,,,,None,,,None,2026-08-08_12h53.50.844,39,TSRlearn_localizer-concepts,2026-08-08 12h53.53.296918 +0200,,1191.3028058999917,1192.8024089999963,1192.8024089999963,1193.6671153999632,,,,60.16724088242566,1190.539685799973,1191.3028058999917,,,1190.5263406999875,1191.2879867999582,,,flower\flower_39.jpg,,,,,,,,,,,,,,,,,,,,,,,0,0,1,,None,,1191.3028058999917,,,,,,,None,,3,,,2025.2.4,,,1,1191.2909041999956,1192.7885383999674,,,None,None,1191.302835066632,1192.2027567999903,,,288,0,2026-08-08_13:13:43.821262,288,39,localizer,,None,,,None,,288,288,0,288,,,,,,,,flower,Fleur,Blume,
1195.92075260001,1196.7539074000088,0.83,,,6,1196.7539733999874,1196.7540039999876,,,hand,8,8,,,,,,,,,,,,,,,,,,,,,,,,,,,,,,None,,,None,2026-08-08_12h53.50.844,25,TSRlearn_localizer-concepts,2026-08-08 12h53.53.296918 +0200,,1194.4194089999655,1195.9185664000106,1195.9351782999584,1196.8067475999705,,,,60.16724088242566,1193.6671153999632,1194.4194089999655,,,1193.6419746999745,1194.405178599991,,,hand\hand_25.jpg,,,,,,,,,,,,,,,,,,,,,,,0,0,1,,None,,1194.4194089999655,,,,,,,None,,3,,,2025.2.4,,,1,1194.4090731999604,1195.9206862999708,,,None,None,1194.4192679666487,1194.9182726999861,,,289,0,2026-08-08_13:13:46.948692,289,40,localizer,,None,,,None,,289,289,0,289,,,,,,,,hand,Main,Hand,
1199.0697820999776,1199.852221100009,0.77,,,6,1199.8523166999803,1199.852347499982,,,jacket,10,10,,,,,,,,,,,,,,,,,,,,,,,,,,,,,,None,,,None,2026-08-08_12h53.50.844,28,TSRlearn_localizer-concepts,2026-08-08 12h53.53.296918 +0200,,1197.5695901999716,1199.0839134000125,1199.0839134000125,1199.8868157999823,,,,60.16724088242566,1196.8067475999705,1197.5695901999716,,,1196.7852971999673,1197.5552980999928,,,jacket\jacket_28.jpg,,,,,,,,,,,,,,,,,,,,,,,0,0,1,,None,,1197.5695901999716,,,,,,,None,,3,,,2025.2.4,,,1,1197.5604843999608,1199.069717700011,,,None,None,1197.5695597666238,1198.142684899969,,,290,0,2026-08-08_13:13:50.088324,290,41,localizer,,None,,,None,,290,290,0,290,,,,,,,,jacket,Veste,Jacke,
1202.151315199968,1203.2344475999707,1.07,,,6,1203.234521700011,1203.2345511000021,,,hammer,7,7,,,,,,,,,,,,,,,,,,,,,,,,,,,,,,None,,,None,2026-08-08_12h53.50.844,6,TSRlearn_localizer-concepts,2026-08-08 12h53.53.296918 +0200,,1200.6498634999734,1202.14918139996,1202.1659819000051,1203.3932675999822,,,,60.16724088242566,1199.8868157999823,1200.6498634999734,,,1199.8726646999712,1200.6355133999605,,,hammer\hammer_06.jpg,,,,,,,,,,,,,,,,,,,,,,,0,0,1,,None,,1200.6498634999734,,,,,,,None,,3,,,2025.2.4,,,1,1200.6394878999563,1202.15124929999,,,None,None,1200.6499518666571,1201.1720161999692,,,291,0,2026-08-08_13:13:53.168392,291,42,localizer,,None,,,None,,291,291,0,291,,,,,,,,hammer,Marteau,Hammer,
1205.6504611999844,1206.8829958999995,1.22,,,6,1206.883057500003,1206.8830875999993,,,ball,1,1,,,,,,,,,,,,,,,,,,,,,,,,,,,,,,None,,,None,2026-08-08_12h53.50.844,15,TSRlearn_localizer-concepts,2026-08-08 12h53.53.296918 +0200,,1204.1489280000096,1205.648015099985,1205.6708822000073,1206.9553084999789,,,,60.16724088242566,1203.3932675999822,1204.1489280000096,,,1203.312218600011,1204.1348083000048,,,ball\ball_15.jpg,,,,,,,,,,,,,,,,,,,,,,,0,0,1,,None,,1204.1489280000096,,,,,,,None,,3,,,2025.2.4,,,1,1204.138008799986,1205.650393399992,,,None,None,1204.148877966629,1204.932004400005,,,292,0,2026-08-08_13:13:56.674844,292,43,localizer,,None,,,None,,292,292,0,292,,,,,,,,ball,Ballon,Ball,
1209.2159176999703,1210.1381346000126,0.92,,,6,1210.1382013999973,1210.1382327000028,,,house,9,9,,,,,,,,,,,,,,,,,,,,,,,,,,,,,,None,,,None,2026-08-08_12h53.50.844,48,TSRlearn_localizer-concepts,2026-08-08 12h53.53.296918 +0200,,1207.7145384000032,1209.21373399999,1209.230353699997,1210.2016072999686,,,,60.16724088242566,1206.9553084999789,1207.7145384000032,,,1206.930472099979,1207.6997703000088,,,house\house_48.jpg,,,,,,,,,,,,,,,,,,,,,,,0,0,1,,None,,1207.7145384000032,,,,,,,None,,3,,,2025.2.4,,,1,1207.704763399961,1209.2158508999855,,,None,None,1207.7143517666302,1208.2639876999892,,,293,0,2026-08-08_13:14:00.236885,293,44,localizer,,None,,,None,,293,293,0,293,,,,,,,,house,Maison,Haus,
1212.4501625999692,1213.53171499999,1.07,,,6,1213.5317852000007,1213.531817799958,,,hand,8,8,,,,,,,,,,,,,,,,,,,,,,,,,,,,,,None,,,None,2026-08-08_12h53.50.844,3,TSRlearn_localizer-concepts,2026-08-08 12h53.53.296918 +0200,,1210.9634627999621,1212.4629759999807,1212.4629759999807,1213.5832548000035,,,,60.16724088242566,1210.2016072999686,1210.9634627999621,,,1210.1778717999696,1210.9485608999967,,,hand\hand_03.jpg,,,,,,,,,,,,,,,,,,,,,,,0,0,1,,None,,1210.9634627999621,,,,,,,None,,3,,,2025.2.4,,,1,1210.9522641999647,1212.4500941999722,,,None,None,1210.9632138666386,1211.4635992000112,,,294,0,2026-08-08_13:14:03.483184,294,45,localizer,,None,,,None,,294,294,0,294,,,,,,,,hand,Main,Hand,
1215.847596000007,1217.0477402000106,1.19,,,6,1217.0478063999908,1217.0478375999955,,,ball,1,1,,,,,,,,,,,,,,,,,,,,,,,,,,,,,,None,,,None,2026-08-08_12h53.50.844,34,TSRlearn_localizer-concepts,2026-08-08 12h53.53.296918 +0200,,1214.3457592999912,1215.8449455999653,1215.8618169999681,1217.121988400002,,,,60.16724088242566,1213.5832548000035,1214.3457592999912,,,1213.568310200004,1214.3313340999885,,,ball\ball_34.jpg,,,,,,,,,,,,,,,,,,,,,,,0,0,1,,None,,1214.3457592999912,,,,,,,None,,3,,,2025.2.4,,,1,1214.3343211999745,1215.847522499971,,,None,None,1214.3458618666666,1215.1286045999732,,,295,0,2026-08-08_13:14:06.864831,295,46,localizer,,None,,,None,,295,295,0,295,,,,,,,,ball,Ballon,Ball,
1219.5799783999682,1220.565343299997,0.97,,,6,1220.565476299962,1220.565538899973,,,bicycle,2,6,,,,,,,,,,,,,,,,,,,,,,,,,,,,,,None,,,r,2026-08-08_12h53.50.844,48,TSRlearn_localizer-concepts,2026-08-08 12h53.53.296918 +0200,,1217.8779071999597,1219.5939759999746,1219.5939759999746,1220.6181917999638,,,,60.16724088242566,1217.121988400002,1217.8779071999597,,,1217.0897767999559,1217.8639841999975,,,bicycle\bicycle_48.jpg,,,,,,,,,,,,,,,,,,,,,,,0,1,1,,None,,1217.8779071999597,,,,,,,left,,3,,,2025.2.4,,,1,1217.8667780999676,1219.5799176999717,,,None,None,1217.8782317666376,1218.7781506999745,,,296,0,2026-08-08_13:14:10.403565,296,47,localizer,,None,,,None,,296,296,0,296,,,,,,,,flower,Fleur,Blume,
1222.8791984000127,1223.6783658000058,0.79,,,6,1223.6784376999713,1223.6784673999646,,,jacket,10,10,,,,,,,,,,,,,,,,,,,,,,,,,,,,,,None,,,None,2026-08-08_12h53.50.844,36,TSRlearn_localizer-concepts,2026-08-08 12h53.53.296918 +0200,,1221.3771845999872,1222.876393399958,1222.893221299979,1223.7291912999935,,,,60.16724088242566,1220.6181917999638,1221.3771845999872,,,1220.6004176999559,1221.3629755000002,,,jacket\jacket_36.jpg,,,,,,,,,,,,,,,,,,,,,,,0,0,1,,None,,1221.3771845999872,,,,,,,None,,3,,,2025.2.4,,,1,1221.3681810999988,1222.8791221999563,,,None,None,1221.37710596668,1221.9096106999787,,,297,0,2026-08-08_13:14:13.899768,297,48,localizer,,None,,,None,,297,297,0,297,,,,,,,,jacket,Veste,Jacke,
1225.9951046999777,1226.9350712999585,0.93,,,6,1226.9351460000034,1226.9351822999888,,,hammer,7,7,,,,,,,,,,,,,,,,,,,,,,,,,,,,,,None,,,None,2026-08-08_12h53.50.844,37,TSRlearn_localizer-concepts,2026-08-08 12h53.53.296918 +0200,,1224.4981804999989,1226.0087234000093,1226.0087234000093,1226.998396699957,,,,60.16724088242566,1223.7291912999935,1224.4981804999989,,,1223.7062214000034,1224.4779085000046,,,hammer\hammer_37.jpg,,,,,,,,,,,,,,,,,,,,,,,0,0,1,,None,,1224.4981804999989,,,,,,,None,,3,,,2025.2.4,,,1,1224.4824739999603,1225.9949960999656,,,None,None,1224.492407466638,1225.00893359998,,,298,0,2026-08-08_13:14:17.010768,298,49,localizer,,None,,,None,,298,298,0,298,,,,,,,,hammer,Marteau,Hammer,
1229.2616965000052,1230.1100688999868,0.83,,,6,1230.1101383999921,1302.1874932000064,1230.125784999982,1245.1367203000118,dog,5,5,,,,,,,,,,,,,,,,,,,,,,,,,,,,,0.11969869997119531,r,56.94917470001383,1245.1037232999806,None,2026-08-08_12h53.50.844,28,TSRlearn_localizer-concepts,2026-08-08 12h53.53.296918 +0200,,1227.7584712000098,1229.2593510999577,1229.2755393999978,1230.125784999982,,,,60.16724088242566,1226.998396699957,1227.7584712000098,,,1226.9765362999751,1227.7449574999628,,,dog\dog_28.jpg,1245.1037232999806,,,,,,,,,,,,,,,,,,,,,,0,0,1,,None,,1227.7584712000098,,,,,,,None,,3,1230.125784999982,1245.1367203000118,2025.2.4,,,1,1227.7488137999899,1229.2615698999725,,,None,None,1227.7584505666784,1228.2576151000103,,,299,0,2026-08-08_13:14:20.279973,299,50,localizer,0.11969869997119531,r,56.94917470001383,,None,,299,299,0,299,,,,,,,,dog,Chien,Hund,
1304.5202246999834,1305.5192854999914,0.99,,,7,1305.529335499974,1305.5293850000016,,,house,9,9,,,,,,,,,,,,,,,,,,,,,,,,,,,,,,None,,,None,2026-08-08_12h53.50.844,33,TSRlearn_localizer-concepts,2026-08-08 12h53.53.296918 +0200,,1303.0181871000095,1304.517676999967,1304.5342522999854,1305.5690802999889,,,,60.16724088242566,1302.2554385999683,1303.0181871000095,,,1302.2444886000012,1303.0039137999993,,,house\house_33.jpg,,,,,,,,,,,,,,,,,,,,,,,0,0,1,,None,,1303.0181871000095,,,,,,,None,,3,,,2025.2.4,,,1,1303.0104350000038,1304.5201537999674,,,None,None,1303.018289966629,1303.5680360000115,,,300,0,2026-08-08_13:15:35.537015,300,1,localizer,,None,,,None,,300,300,0,300,,,,,,,,house,Maison,Haus,
1307.8355999999912,1308.5853278999566,0.75,,,7,1308.5853960000095,1308.5854280999629,,,dog,5,5,,,,,,,,,,,,,,,,,,,,,,,,,,,,,,None,,,None,2026-08-08_12h53.50.844,12,TSRlearn_localizer-concepts,2026-08-08 12h53.53.296918 +0200,,1306.3337280999986,1307.8332347999676,1307.8499049000093,1308.6361226000008,,,,60.16724088242566,1305.5690802999889,1306.3337280999986,,,1305.55995179998,1306.3194158999831,,,dog\dog_12.jpg,,,,,,,,,,,,,,,,,,,,,,,0,0,1,,None,,1306.3337280999986,,,,,,,None,,3,,,2025.2.4,,,1,1306.3273935999605,1307.8355281999684,,,None,None,1306.3340093666377,1306.8338143999572,,,301,0,2026-08-08_13:15:38.850657,301,2,localizer,,None,,,None,,301,301,0,301,,,,,,,,dog,Chien,Hund,
1311.1179099999717,1312.1013179000001,0.98,,,7,1312.1013897999655,1312.101423199987,,,flower,6,3,,,,,,,,,,,,,,,,,,,,,,,,,,,,,,None,,,r,2026-08-08_12h53.50.844,28,TSRlearn_localizer-concepts,2026-08-08 12h53.53.296918 +0200,,1309.39935219998,1311.1320643000072,1311.1320643000072,1312.135346999974,,,,60.16724088242566,1308.6361226000008,1309.39935219998,,,1308.6133146999637,1309.3850028999732,,,flower\flower_28.jpg,,,,,,,,,,,,,,,,,,,,,,,0,1,1,,None,,1309.39935219998,,,,,,,right,,3,,,2025.2.4,,,1,1309.3926524000126,1311.1178490999737,,,None,None,1309.3995893666327,1310.3157840999775,,,302,0,2026-08-08_13:15:41.917699,302,3,localizer,,None,,,None,,302,302,0,302,,,,,,,,bread,Pain,Brot,
1314.400440700003,1315.332968999981,0.92,,,7,1315.333036099968,1315.3330665999674,,,ball,1,1,,,,,,,,,,,,,,,,,,,,,,,,,,,,,,None,,,None,2026-08-08_12h53.50.844,4,TSRlearn_localizer-concepts,2026-08-08 12h53.53.296918 +0200,,1312.898386899964,1314.3981375999865,1314.414515499957,1315.367094199988,,,,60.16724088242566,1312.135346999974,1312.898386899964,,,1312.1225679999916,1312.8839997999603,,,ball\ball_04.jpg,,,,,,,,,,,,,,,,,,,,,,,0,0,1,,None,,1312.898386899964,,,,,,,None,,3,,,2025.2.4,,,1,1312.8875554999686,1314.4003740999615,,,None,None,1312.8983755666452,1313.6816861999687,,,303,0,2026-08-08_13:15:45.416923,303,4,localizer,,None,,,None,,303,303,0,303,,,,,,,,ball,Ballon,Ball,
1317.6325804999797,1318.8657785999821,1.22,,,7,1318.865856599994,1318.865892599977,,,bicycle,2,2,,,,,,,,,,,,,,,,,,,,,,,,,,,,,,None,,,None,2026-08-08_12h53.50.844,40,TSRlearn_localizer-concepts,2026-08-08 12h53.53.296918 +0200,,1316.1309262999566,1317.6299629000132,1317.6468306999886,1318.937164300005,,,,60.16724088242566,1315.367094199988,1316.1309262999566,,,1315.3531315999571,1316.1171407999936,,,bicycle\bicycle_40.jpg,,,,,,,,,,,,,,,,,,,,,,,0,0,1,,None,,1316.1309262999566,,,,,,,None,,3,,,2025.2.4,,,1,1316.1203186999774,1317.6325086999568,,,None,None,1316.131081066622,1316.830501999997,,,304,0,2026-08-08_13:15:48.648671,304,5,localizer,,None,,,None,,304,304,0,304,,,,,,,,bicycle,Vélo,Fahrrad,
1321.198855399969,1322.4311610999866,1.23,,,7,1322.4312312999973,1322.4312647999614,,,hand,8,8,,,,,,,,,,,,,,,,,,,,,,,,,,,,,,None,,,None,2026-08-08_12h53.50.844,25,TSRlearn_localizer-concepts,2026-08-08 12h53.53.296918 +0200,,1319.6967480999883,1321.1957566000056,1321.2126257999917,1322.467904399964,,,,60.16724088242566,1318.937164300005,1319.6967480999883,,,1318.9075054000132,1319.6827142999973,,,hand\hand_25.jpg,,,,,,,,,,,,,,,,,,,,,,,0,0,1,,None,,1319.6967480999883,,,,,,,None,,3,,,2025.2.4,,,1,1319.6872945000068,1321.1987773999572,,,None,None,1319.6965988666673,1320.1962312000105,,,305,0,2026-08-08_13:15:52.218741,305,6,localizer,,None,,,None,,305,305,0,305,,,,,,,,hand,Main,Hand,
1324.7311744999606,1325.5136505999835,0.78,,,7,1325.5137228000094,1325.5137746999972,,,house,9,9,,,,,,,,,,,,,,,,,,,,,,,,,,,,,,None,,,None,2026-08-08_12h53.50.844,38,TSRlearn_localizer-concepts,2026-08-08 12h53.53.296918 +0200,,1323.2288569000084,1324.7282151000109,1324.7449029000127,1325.5639898999943,,,,60.16724088242566,1322.467904399964,1323.2288569000084,,,1322.4476781999692,1323.2152321999893,,,house\house_38.jpg,,,,,,,,,,,,,,,,,,,,,,,0,0,1,,None,,1323.2288569000084,,,,,,,None,,3,,,2025.2.4,,,1,1323.2207886999822,1324.7310944999917,,,None,None,1323.2289309666414,1323.7779910999816,,,306,0,2026-08-08_13:15:55.749481,306,7,localizer,,None,,,None,,306,306,0,306,,,,,,,,house,Maison,Haus,
1327.813620699977,1328.6622782999766,0.84,,,7,1328.662346099969,1328.66237679997,,,hand,8,8,,,,,,,,,,,,,,,,,,,,,,,,,,,,,,None,,,None,2026-08-08_12h53.50.844,21,TSRlearn_localizer-concepts,2026-08-08 12h53.53.296918 +0200,,1326.3273729999783,1327.8338831999572,1327.8338831999572,1328.7343459000112,,,,60.16724088242566,1325.5639898999943,1326.3273729999783,,,1325.5460880000028,1326.3130375999608,,,hand\hand_21.jpg,,,,,,,,,,,,,,,,,,,,,,,0,0,1,,None,,1326.3273729999783,,,,,,,None,,3,,,2025.2.4,,,1,1326.3164178999723,1327.8135528999846,,,None,None,1326.3276274666462,1326.8107802000013,,,307,0,2026-08-08_13:15:58.845566,307,8,localizer,,None,,,None,,307,307,0,307,,,,,,,,hand,Main,Hand,
1330.9790284999763,1331.8616974999895,0.88,,,7,1331.861773599987,1331.861809999973,,,ball,1,1,,,,,,,,,,,,,,,,,,,,,,,,,,,,,,None,,,None,2026-08-08_12h53.50.844,42,TSRlearn_localizer-concepts,2026-08-08 12h53.53.296918 +0200,,1329.4929612000124,1330.9929681000067,1330.9929681000067,1331.8966589999618,,,,60.16724088242566,1328.7343459000112,1329.4929612000124,,,1328.713361000002,1329.478483999963,,,ball\ball_42.jpg,,,,,,,,,,,,,,,,,,,,,,,0,0,1,,None,,1329.4929612000124,,,,,,,None,,3,,,2025.2.4,,,1,1329.48135680001,1330.978955700004,,,None,None,1329.4930040666407,1330.2759761000052,,,308,0,2026-08-08_13:16:02.015922,308,9,localizer,,None,,,None,,308,308,0,308,,,,,,,,ball,Ballon,Ball,
1334.1613223999739,1335.060044199985,0.9,,,7,1335.0601090000127,1335.060139600013,,,chair,4,4,,,,,,,,,,,,,,,,,,,,,,,,,,,,,,None,,,None,2026-08-08_12h53.50.844,6,TSRlearn_localizer-concepts,2026-08-08 12h53.53.296918 +0200,,1332.6588921999792,1334.1584398999694,1334.1750415000133,1335.094544099993,,,,60.16724088242566,1331.8966589999618,1332.6588921999792,,,1331.879644999979,1332.644896199985,,,chair\chair_06.jpg,,,,,,,,,,,,,,,,,,,,,,,0,0,1,,None,,1332.6588921999792,,,,,,,None,,3,,,2025.2.4,,,1,1332.6498343999847,1334.1612469999818,,,None,None,1332.6590180666574,1333.2252790000057,,,309,0,2026-08-08_13:16:05.178235,309,10,localizer,,None,,,None,,309,309,0,309,,,,,,,,chair,Chaise,Stuhl,
1337.3597573000006,1338.3099350999692,0.95,,,7,1338.3100097000133,1338.310044999991,,,bicycle,2,2,,,,,,,,,,,,,,,,,,,,,,,,,,,,,,None,,,None,2026-08-08_12h53.50.844,8,TSRlearn_localizer-concepts,2026-08-08 12h53.53.296918 +0200,,1335.8579772000085,1337.3572390999761,1337.3742710999795,1338.3765872999793,,,,60.16724088242566,1335.094544099993,1335.8579772000085,,,1335.0808399000089,1335.843472699984,,,bicycle\bicycle_08.jpg,,,,,,,,,,,,,,,,,,,,,,,0,0,1,,None,,1335.8579772000085,,,,,,,None,,3,,,2025.2.4,,,1,1335.8458537000115,1337.3596883999999,,,None,None,1335.85790846666,1336.574807500001,,,310,0,2026-08-08_13:16:08.376121,310,11,localizer,,None,,,None,,310,310,0,310,,,,,,,,bicycle,Vélo,Fahrrad,
1340.6327758000116,1341.6250712999608,0.99,,,7,1341.625157499977,1341.6251929999562,,,bread,3,3,,,,,,,,,,,,,,,,,,,,,,,,,,,,,,None,,,None,2026-08-08_12h53.50.844,27,TSRlearn_localizer-concepts,2026-08-08 12h53.53.296918 +0200,,1339.1401948999846,1340.6402524999576,1340.6402524999576,1341.6918368999613,,,,60.16724088242566,1338.3765872999793,1339.1401948999846,,,1338.3530480999616,1339.1264797999756,,,bread\bread_27.jpg,,,,,,,,,,,,,,,,,,,,,,,0,0,1,,None,,1339.1401948999846,,,,,,,None,,3,,,2025.2.4,,,1,1339.1298560999567,1340.6327092999709,,,None,None,1339.1403425666542,1340.0563663999783,,,311,0,2026-08-08_13:16:11.658164,311,12,localizer,,None,,,None,,311,311,0,311,,,,,,,,bread,Pain,Brot,
1343.9413069000002,1344.8406890999759,0.9,,,7,1344.8407562999637,1344.840792300005,,,house,9,9,,,,,,,,,,,,,,,,,,,,,,,,,,,,,,None,,,None,2026-08-08_12h53.50.844,9,TSRlearn_localizer-concepts,2026-08-08 12h53.53.296918 +0200,,1342.4565724999993,,1343.955286099983,1344.892453700013,,,,60.16724088242566,1341.6918368999613,1342.4565724999993,,,1341.6673473999836,1342.4287638000096,,,house\house_09.jpg,,,,,,,,,,,,,,,,,,,,,,,0,0,1,,None,,1342.4565724999993,,,,,,,None,,3,,,2025.2.4,,,1,1342.4344139999594,1343.941235199978,,,None,None,1342.4426117666337,1342.9888045999687,,,312,0,2026-08-08_13:16:14.973413,312,13,localizer,,None,,,None,,312,312,0,312,,,,,,,,house,Maison,Haus,
1347.1564106000005,1348.2559777999995,1.1,,,7,1348.2560454999912,1348.256077500002,,,chair,4,4,,,,,,,,,,,,,,,,,,,,,,,,,,,,,,None,,,None,2026-08-08_12h53.50.844,36,TSRlearn_localizer-concepts,2026-08-08 12h53.53.296918 +0200,,1345.6549675000133,1347.1540377999772,1347.1706810999895,1348.3331562000094,,,,60.16724088242566,1344.892453700013,1345.6549675000133,,,1344.8710286999703,1345.6408361999784,,,chair\chair_36.jpg,,,,,,,,,,,,,,,,,,,,,,,0,0,1,,None,,1345.6549675000133,,,,,,,None,,3,,,2025.2.4,,,1,1345.6452249999857,1347.1563428000081,,,None,None,1345.6549622666246,1346.2212675999617,,,313,0,2026-08-08_13:16:18.174030,313,14,localizer,,None,,,None,,313,313,0,313,,,,,,,,chair,Chaise,Stuhl,
1350.5891126999632,1351.5893139999826,1,,,7,1351.5893841999932,1351.5894301999942,,,bread,3,3,,,,,,,,,,,,,,,,,,,,,,,,,,,,,,None,,,None,2026-08-08_12h53.50.844,43,TSRlearn_localizer-concepts,2026-08-08 12h53.53.296918 +0200,,1349.08697080001,1350.586477499979,1350.603245700011,1351.6406364999712,,,,60.16724088242566,1348.3331562000094,1349.08697080001,,,1348.3061006999924,1349.072488099977,,,bread\bread_43.jpg,,,,,,,,,,,,,,,,,,,,,,,0,0,1,,None,,1349.08697080001,,,,,,,None,,3,,,2025.2.4,,,1,1349.075914199988,1350.589040699997,,,None,None,1349.086917666664,1350.0200205,,,314,0,2026-08-08_13:16:21.614733,314,15,localizer,,None,,,None,,314,314,0,314,,,,,,,,bread,Pain,Brot,
1353.9043281999766,1354.871527899988,0.96,,,7,1354.8716074000113,1354.871644800005,,,flower,6,6,,,,,,,,,,,,,,,,,,,,,,,,,,,,,,None,,,None,2026-08-08_12h53.50.844,24,TSRlearn_localizer-concepts,2026-08-08 12h53.53.296918 +0200,,1352.402744699968,1353.901914099988,1353.9185410999926,1354.9051491999999,,,,60.16724088242566,1351.6406364999712,1352.402744699968,,,1351.6227359999903,1352.3886386000086,,,flower\flower_24.jpg,,,,,,,,,,,,,,,,,,,,,,,0,0,1,,None,,1352.402744699968,,,,,,,None,,3,,,2025.2.4,,,1,1352.3927693999722,1353.904257099959,,,None,None,1352.402902166654,1353.3022384999786,,,315,0,2026-08-08_13:16:24.922213,315,16,localizer,,None,,,None,,315,315,0,315,,,,,,,,flower,Fleur,Blume,
1357.3703952999786,1358.2698309000116,0.89,,,7,1358.2699013999663,1358.2699345999863,,,hammer,7,8,,,,,,,,,,,,,,,,,,,,,,,,,,,,,,None,,,r,2026-08-08_12h53.50.844,13,TSRlearn_localizer-concepts,2026-08-08 12h53.53.296918 +0200,,1355.6686913999729,1357.3845094999997,1357.3845094999997,1358.3430196999689,,,,60.16724088242566,1354.9051491999999,1355.6686913999729,,,1354.8928632999887,1355.655436299974,,,hammer\hammer_13.jpg,,,,,,,,,,,,,,,,,,,,,,,0,1,1,,None,,1355.6686913999729,,,,,,,left,,3,,,2025.2.4,,,1,1355.6607035999768,1357.370329700003,,,None,None,1355.6689199666764,1356.1681967999903,,,316,0,2026-08-08_13:16:28.186726,316,17,localizer,,None,,,None,,316,316,0,316,,,,,,,,hand,Main,Hand,
1360.6025412000017,1361.669551900006,1.06,,,7,1361.6696315999725,1361.6696697999723,,,dog,5,5,,,,,,,,,,,,,,,,,,,,,,,,,,,,,,None,,,None,2026-08-08_12h53.50.844,43,TSRlearn_localizer-concepts,2026-08-08 12h53.53.296918 +0200,,1359.1006470999564,1360.5998672000133,1360.6163813999738,1361.737104300002,,,,60.16724088242566,1358.3430196999689,1359.1006470999564,,,1358.3186299999943,1359.0867566000088,,,dog\dog_43.jpg,,,,,,,,,,,,,,,,,,,,,,,0,0,1,,None,,1359.1006470999564,,,,,,,None,,3,,,2025.2.4,,,1,1359.0906405999558,1360.6024699999834,,,None,None,1359.100778966622,1359.6010214000125,,,317,0,2026-08-08_13:16:31.624596,317,18,localizer,,None,,,None,,317,317,0,317,,,,,,,,dog,Chien,Hund,
1364.0018818000099,1365.1342264999985,1.13,,,7,1365.1343123000115,1365.1343508999562,,,bread,3,3,,,,,,,,,,,,,,,,,,,,,,,,,,,,,,None,,,None,2026-08-08_12h53.50.844,42,TSRlearn_localizer-concepts,2026-08-08 12h53.53.296918 +0200,,1362.4994239999796,1363.9991065000067,1364.015837599989,1365.169503299985,,,,60.16724088242566,1361.737104300002,1362.4994239999796,,,1361.726322499977,1362.4850137999747,,,bread\bread_42.jpg,,,,,,,,,,,,,,,,,,,,,,,0,0,1,,None,,1362.4994239999796,,,,,,,None,,3,,,2025.2.4,,,1,1362.488463799993,1364.0018058999558,,,None,None,1362.499503366653,1363.4159690999659,,,318,0,2026-08-08_13:16:35.018681,318,19,localizer,,None,,,None,,318,318,0,318,,,,,,,,bread,Pain,Brot,
1367.4336462999927,1368.4167712999624,0.97,,,7,1368.416845300002,1368.4168806999805,,,hammer,7,7,,,,,,,,,,,,,,,,,,,,,,,,,,,,,,None,,,None,2026-08-08_12h53.50.844,6,TSRlearn_localizer-concepts,2026-08-08 12h53.53.296918 +0200,,1365.9317272999906,1367.4310959999566,1367.4476622999646,1368.4503857999807,,,,60.16724088242566,1365.169503299985,1365.9317272999906,,,1365.159482499992,1365.9176680999808,,,hammer\hammer_06.jpg,,,,,,,,,,,,,,,,,,,,,,,0,0,1,,None,,1365.9317272999906,,,,,,,None,,3,,,2025.2.4,,,1,1365.9226364999777,1367.4335794000071,,,None,None,1365.9318698666796,1366.4482269999571,,,319,0,2026-08-08_13:16:38.451080,319,20,localizer,,None,,,None,,319,319,0,319,,,,,,,,hammer,Marteau,Hammer,
1370.7161625999724,1371.6152097999584,0.9,,,7,1371.615285100008,1371.6153304000036,,,bicycle,2,2,,,,,,,,,,,,,,,,,,,,,,,,,,,,,,None,,,None,2026-08-08_12h53.50.844,39,TSRlearn_localizer-concepts,2026-08-08 12h53.53.296918 +0200,,1369.2145812999806,1370.7302484000102,1370.7302484000102,1371.6658797999844,,,,60.16724088242566,1368.4503857999807,1369.2145812999806,,,1368.4380066999584,1369.1995262999553,,,bicycle\bicycle_39.jpg,,,,,,,,,,,,,,,,,,,,,,,0,0,1,,None,,1369.2145812999806,,,,,,,None,,3,,,2025.2.4,,,1,1369.2018783999956,1370.7160953999846,,,None,None,1369.2139435666652,1369.920687899983,,,320,0,2026-08-08_13:16:41.731962,320,21,localizer,,None,,,None,,320,320,0,320,,,,,,,,bicycle,Vélo,Fahrrad,
1373.9313627000083,1374.8810482000117,0.94,,,7,1374.8811144999927,1374.8811443999875,,,flower,6,6,,,,,,,,,,,,,,,,,,,,,,,,,,,,,,None,,,None,2026-08-08_12h53.50.844,14,TSRlearn_localizer-concepts,2026-08-08 12h53.53.296918 +0200,,1372.4295537999715,1373.928979499964,1373.9455514999572,1374.9150823999662,,,,60.16724088242566,1371.6658797999844,1372.4295537999715,,,1371.6436020999681,1372.4151460999856,,,flower\flower_14.jpg,,,,,,,,,,,,,,,,,,,,,,,0,0,1,,None,,1372.4295537999715,,,,,,,None,,3,,,2025.2.4,,,1,1372.4184308999684,1373.9312948999577,,,None,None,1372.4295697666278,1373.32976589998,,,321,0,2026-08-08_13:16:44.947456,321,22,localizer,,None,,,None,,321,321,0,321,,,,,,,,flower,Fleur,Blume,
1377.1804252999718,1378.2309601999586,1.04,,,7,1378.2310311999754,1378.2310644999961,,,house,9,9,,,,,,,,,,,,,,,,,,,,,,,,,,,,,,None,,,None,2026-08-08_12h53.50.844,32,TSRlearn_localizer-concepts,2026-08-08 12h53.53.296918 +0200,,1375.6788648999645,1377.177898599999,1377.1948472000076,1378.2801984999678,,,,60.16724088242566,1374.9150823999662,1375.6788648999645,,,1374.9024144999566,1375.6648984999629,,,house\house_32.jpg,,,,,,,,,,,,,,,,,,,,,,,0,0,1,,None,,1375.6788648999645,,,,,,,None,,3,,,2025.2.4,,,1,1375.6702599999844,1377.1803541000118,,,None,None,1375.6791038666308,1376.2284767999663,,,322,0,2026-08-08_13:16:48.196659,322,23,localizer,,None,,,None,,322,322,0,322,,,,,,,,house,Maison,Haus,
1380.7466556999716,1381.6792710999725,0.92,,,7,1381.6793395999703,1381.6793719999841,,,bread,3,5,,,,,,,,,,,,,,,,,,,,,,,,,,,,,,None,,,r,2026-08-08_12h53.50.844,3,TSRlearn_localizer-concepts,2026-08-08 12h53.53.296918 +0200,,1379.043590999965,1380.7603572999942,1380.7603572999942,1381.7297307999688,,,,60.16724088242566,1378.2801984999678,1379.043590999965,,,1378.2675910000107,1379.020479400002,,,bread\bread_03.jpg,,,,,,,,,,,,,,,,,,,,,,,0,1,1,,None,,1379.043590999965,,,,,,,left,,3,,,2025.2.4,,,1,1379.0243742999737,1380.746580099978,,,None,None,1379.0347660666487,1379.5273873999831,,,323,0,2026-08-08_13:16:51.561775,323,24,localizer,,None,,,None,,323,323,0,323,,,,,,,,dog,Chien,Hund,
1383.995025799959,1385.0277838999755,1.02,,,7,1385.0278631999972,1385.0278955000103,,,jacket,10,10,,,,,,,,,,,,,,,,,,,,,,,,,,,,,,None,,,None,2026-08-08_12h53.50.844,7,TSRlearn_localizer-concepts,2026-08-08 12h53.53.296918 +0200,,1382.4935612999834,1383.9925461999956,1384.009081199998,1385.0781424999586,,,,60.16724088242566,1381.7297307999688,1382.4935612999834,,,1381.715202499996,1382.4796892000013,,,jacket\jacket_07.jpg,,,,,,,,,,,,,,,,,,,,,,,0,0,1,,None,,1382.4935612999834,,,,,,,None,,3,,,2025.2.4,,,1,1382.4857158999657,1383.9949529999867,,,None,None,1382.4935587666735,1383.0429573999718,,,324,0,2026-08-08_13:16:55.011307,324,25,localizer,,None,,,None,,324,324,0,324,,,,,,,,jacket,Veste,Jacke,
1387.3437183999922,1388.1343243999872,0.78,,,7,1388.1343963000108,1388.1344307999825,,,ball,1,1,,,,,,,,,,,,,,,,,,,,,,,,,,,,,,None,,,None,2026-08-08_12h53.50.844,34,TSRlearn_localizer-concepts,2026-08-08 12h53.53.296918 +0200,,1385.8417993999901,1387.3413762999699,1387.3580575999804,1388.1771177999908,,,,60.16724088242566,1385.0781424999586,1385.8417993999901,,,1385.0617482999805,1385.8274316999596,,,ball\ball_34.jpg,,,,,,,,,,,,,,,,,,,,,,,0,0,1,,None,,1385.8417993999901,,,,,,,None,,3,,,2025.2.4,,,1,1385.8304251999944,1387.3436486999854,,,None,None,1385.8421211666466,1386.6252759000054,,,325,0,2026-08-08_13:16:58.359719,325,26,localizer,,None,,,None,,325,325,0,325,,,,,,,,ball,Ballon,Ball,
1390.4432724000071,1391.5263062999584,1.07,,,7,1391.526377399976,1391.5264102999936,,,chair,4,4,,,,,,,,,,,,,,,,,,,,,,,,,,,,,,None,,,None,2026-08-08_12h53.50.844,12,TSRlearn_localizer-concepts,2026-08-08 12h53.53.296918 +0200,,1388.9410796999582,1390.4405984999612,1390.457464999985,1391.5760013000108,,,,60.16724088242566,1388.1771177999908,1388.9410796999582,,,1388.1542537999921,1388.9268703999696,,,chair\chair_12.jpg,,,,,,,,,,,,,,,,,,,,,,,0,0,1,,None,,1388.9410796999582,,,,,,,None,,3,,,2025.2.4,,,1,1388.9309862999944,1390.4432037000079,,,None,None,1388.9410194666746,1389.5075073000044,,,326,0,2026-08-08_13:17:01.458694,326,27,localizer,,None,,,None,,326,326,0,326,,,,,,,,chair,Chaise,Stuhl,
1393.8417633000063,1395.024482799985,1.18,,,7,1395.0245510999812,1395.0245820999844,,,hand,8,8,,,,,,,,,,,,,,,,,,,,,,,,,,,,,,None,,,None,2026-08-08_12h53.50.844,16,TSRlearn_localizer-concepts,2026-08-08 12h53.53.296918 +0200,,1392.339923499967,1393.8393422999652,1393.8559555999818,1395.0591656999895,,,,60.16724088242566,1391.5760013000108,1392.339923499967,,,1391.565671199991,1392.325520399958,,,hand\hand_16.jpg,,,,,,,,,,,,,,,,,,,,,,,0,0,1,,None,,1392.339923499967,,,,,,,None,,3,,,2025.2.4,,,1,1392.3291420000023,1393.841692499991,,,None,None,1392.3399556666302,1392.8399335999857,,,327,0,2026-08-08_13:17:04.857578,327,28,localizer,,None,,,None,,327,327,0,327,,,,,,,,hand,Main,Hand,
1397.3245488000102,1398.1074970999616,0.78,,,7,1398.1075693999883,1398.1076030000113,,,bicycle,2,2,,,,,,,,,,,,,,,,,,,,,,,,,,,,,,None,,,None,2026-08-08_12h53.50.844,46,TSRlearn_localizer-concepts,2026-08-08 12h53.53.296918 +0200,,1395.8224170999601,1397.3218620999833,1397.3385547999642,1398.15750999999,,,,60.16724088242566,1395.0591656999895,1395.8224170999601,,,1395.0460654000053,1395.8091668999987,,,bicycle\bicycle_46.jpg,,,,,,,,,,,,,,,,,,,,,,,0,0,1,,None,,1395.8224170999601,,,,,,,None,,3,,,2025.2.4,,,1,1395.8116220000084,1397.3244767999859,,,None,None,1395.8231923666356,1396.5386097999872,,,328,0,2026-08-08_13:17:08.340742,328,29,localizer,,None,,,None,,328,328,0,328,,,,,,,,bicycle,Vélo,Fahrrad,
1400.4230513999937,1401.4560637999675,1.02,,,7,1401.4561335999751,1401.4561662999913,,,bread,3,3,,,,,,,,,,,,,,,,,,,,,,,,,,,,,,None,,,None,2026-08-08_12h53.50.844,12,TSRlearn_localizer-concepts,2026-08-08 12h53.53.296918 +0200,,1398.9212196999579,1400.4207047999953,1400.4373857000028,1401.5063033999759,,,,60.16724088242566,1398.15750999999,1398.9212196999579,,,1398.1479548999923,1398.9073873999878,,,bread\bread_12.jpg,,,,,,,,,,,,,,,,,,,,,,,0,0,1,,None,,1398.9212196999579,,,,,,,None,,3,,,2025.2.4,,,1,1398.9107732999837,1400.4229791999678,,,None,None,1398.9214660666223,1399.8541834999924,,,329,0,2026-08-08_13:17:11.439086,329,30,localizer,,None,,,None,,329,329,0,329,,,,,,,,bread,Pain,Brot,
1403.978916299995,1405.1547274999903,1.18,,,7,1405.1547948999796,1405.1548263999866,,,chair,4,6,,,,,,,,,,,,,,,,,,,,,,,,,,,,,,None,,,r,2026-08-08_12h53.50.844,24,TSRlearn_localizer-concepts,2026-08-08 12h53.53.296918 +0200,,1402.270141999994,1403.9869958999916,1403.9869958999916,1405.2712094999733,,,,60.16724088242566,1401.5063033999759,1402.270141999994,,,1401.4905546999653,1402.2557609999785,,,chair\chair_24.jpg,,,,,,,,,,,,,,,,,,,,,,,0,1,1,,None,,1402.270141999994,,,,,,,right,,3,,,2025.2.4,,,1,1402.2585967999767,1403.9788477999973,,,None,None,1402.2701198666512,1403.1698239999823,,,330,0,2026-08-08_13:17:14.787880,330,31,localizer,,None,,,None,,330,330,0,330,,,,,,,,flower,Fleur,Blume,
1407.537952099985,1408.3873090000125,0.84,,,7,1408.3874008999555,1408.387442999985,,,ball,1,1,,,,,,,,,,,,,,,,,,,,,,,,,,,,,,None,,,None,2026-08-08_12h53.50.844,3,TSRlearn_localizer-concepts,2026-08-08 12h53.53.296918 +0200,,1406.035675399995,1407.535268799984,1407.5518703999696,1408.4313604999916,,,,60.16724088242566,1405.2712094999733,1406.035675399995,,,1405.2294543999596,1406.021255199972,,,ball\ball_03.jpg,,,,,,,,,,,,,,,,,,,,,,,0,0,1,,None,,1406.035675399995,,,,,,,None,,3,,,2025.2.4,,,1,1406.0246907999972,1407.5378761999891,,,None,None,1406.0356870666767,1406.80210609996,,,331,0,2026-08-08_13:17:18.552786,331,32,localizer,,None,,,None,,331,331,0,331,,,,,,,,ball,Ballon,Ball,
1410.6772916999762,1411.8527281999704,1.17,,,7,1411.85283779999,1411.8529611999984,,,house,9,9,,,,,,,,,,,,,,,,,,,,,,,,,,,,,,None,,,None,2026-08-08_12h53.50.844,12,TSRlearn_localizer-concepts,2026-08-08 12h53.53.296918 +0200,,1409.184830299986,1410.6849782000063,1410.6849782000063,1411.8863724999828,,,,60.16724088242566,1408.4313604999916,1409.184830299986,,,1408.4094548999565,1409.1706307999557,,,house\house_12.jpg,,,,,,,,,,,,,,,,,,,,,,,0,0,1,,None,,1409.184830299986,,,,,,,None,,3,,,2025.2.4,,,1,1409.1759141999646,1410.6772186000017,,,None,None,1409.1849249666595,1409.7346956999972,,,332,0,2026-08-08_13:17:21.712937,332,33,localizer,,None,,,None,,332,332,0,332,,,,,,,,house,Maison,Haus,
1414.1364687999594,1415.3687303999905,1.23,,,7,1415.3688012000057,1415.3688342999667,,,dog,5,5,,,,,,,,,,,,,,,,,,,,,,,,,,,,,,None,,,None,2026-08-08_12h53.50.844,35,TSRlearn_localizer-concepts,2026-08-08 12h53.53.296918 +0200,,1412.6502516999608,1414.1497770999558,1414.1497770999558,1415.4644435999799,,,,60.16724088242566,1411.8863724999828,1412.6502516999608,,,1411.8730777999735,1412.6358433999703,,,dog\dog_35.jpg,,,,,,,,,,,,,,,,,,,,,,,0,0,1,,None,,1412.6502516999608,,,,,,,None,,3,,,2025.2.4,,,1,1412.6398222999997,1414.136400599964,,,None,None,1412.650392866639,1413.1507356999791,,,333,0,2026-08-08_13:17:25.167949,333,34,localizer,,None,,,None,,333,333,0,333,,,,,,,,dog,Chien,Hund,
1417.7182282999856,1418.8016034999746,1.08,,,7,1418.801679599972,1418.8017155000125,,,jacket,10,10,,,,,,,,,,,,,,,,,,,,,,,,,,,,,,None,,,None,2026-08-08_12h53.50.844,44,TSRlearn_localizer-concepts,2026-08-08 12h53.53.296918 +0200,,1416.216632399999,1417.7320888999966,1417.7320888999966,1418.8356034999597,,,,60.16724088242566,1415.4644435999799,1416.216632399999,,,1415.4271407999913,1416.201495299989,,,jacket\jacket_44.jpg,,,,,,,,,,,,,,,,,,,,,,,0,0,1,,None,,1416.216632399999,,,,,,,None,,3,,,2025.2.4,,,1,1416.2072009000112,1417.7181566999643,,,None,None,1416.2155627666546,1416.7660516999895,,,334,0,2026-08-08_13:17:28.746020,334,35,localizer,,None,,,None,,334,334,0,334,,,,,,,,jacket,Veste,Jacke,
1421.0865688999766,1422.1659956999938,1.07,,,7,1422.1660644999938,1422.1660971000092,,,hammer,7,7,,,,,,,,,,,,,,,,,,,,,,,,,,,,,,None,,,None,2026-08-08_12h53.50.844,17,TSRlearn_localizer-concepts,2026-08-08 12h53.53.296918 +0200,,1419.5982363999938,1421.0984358999995,1421.0984358999995,1422.2386142999749,,,,60.16724088242566,1418.8356034999597,1419.5982363999938,,,1418.8196479000035,1419.5839651999995,,,hammer\hammer_17.jpg,,,,,,,,,,,,,,,,,,,,,,,0,0,1,,None,,1419.5982363999938,,,,,,,None,,3,,,2025.2.4,,,1,1419.5876402999857,1421.086500299978,,,None,None,1419.598331566671,1420.1148110000067,,,335,0,2026-08-08_13:17:32.117180,335,36,localizer,,None,,,None,,335,335,0,335,,,,,,,,hammer,Marteau,Hammer,
1424.4835089999833,1425.665564899973,1.17,,,7,1425.6656395999598,1425.6656744999927,,,dog,5,5,,,,,,,,,,,,,,,,,,,,,,,,,,,,,,None,,,None,2026-08-08_12h53.50.844,44,TSRlearn_localizer-concepts,2026-08-08 12h53.53.296918 +0200,,1422.9970434000134,1424.4967588,1424.4967588,1425.6995788000058,,,,60.16724088242566,1422.2386142999749,1422.9970434000134,,,1422.2130645999569,1422.9823873999994,,,dog\dog_44.jpg,,,,,,,,,,,,,,,,,,,,,,,0,0,1,,None,,1422.9970434000134,,,,,,,None,,3,,,2025.2.4,,,1,1422.9860656000092,1424.4834272000007,,,None,None,1422.9969579666542,1423.4976754999952,,,336,0,2026-08-08_13:17:35.520191,336,37,localizer,,None,,,None,,336,336,0,336,,,,,,,,dog,Chien,Hund,
1427.9642314999946,1429.0134091000073,1.05,,,7,1429.0134768999997,1429.0135092000128,,,bicycle,2,2,,,,,,,,,,,,,,,,,,,,,,,,,,,,,,None,,,None,2026-08-08_12h53.50.844,6,TSRlearn_localizer-concepts,2026-08-08 12h53.53.296918 +0200,,1426.4626228999696,1427.9618764999905,1427.9785443999572,1429.0642146999598,,,,60.16724088242566,1425.6995788000058,1426.4626228999696,,,1425.68905419996,1426.4480009999825,,,bicycle\bicycle_06.jpg,,,,,,,,,,,,,,,,,,,,,,,0,0,1,,None,,1426.4626228999696,,,,,,,None,,3,,,2025.2.4,,,1,1426.4505003999802,1427.964160899981,,,None,None,1426.462637266672,1427.162304700003,,,337,0,2026-08-08_13:17:38.981155,337,38,localizer,,None,,,None,,337,337,0,337,,,,,,,,bicycle,Vélo,Fahrrad,
1431.3144448999665,1432.4469992999802,1.13,,,7,1432.447086100001,1432.447122499987,,,jacket,10,10,,,,,,,,,,,,,,,,,,,,,,,,,,,,,,None,,,None,2026-08-08_12h53.50.844,28,TSRlearn_localizer-concepts,2026-08-08 12h53.53.296918 +0200,,1429.8281786000007,1431.328089699964,1431.328089699964,1432.4797597999568,,,,60.16724088242566,1429.0642146999598,1429.8281786000007,,,1429.0541644999757,1429.8138118999777,,,jacket\jacket_28.jpg,,,,,,,,,,,,,,,,,,,,,,,0,0,1,,None,,1429.8281786000007,,,,,,,None,,3,,,2025.2.4,,,1,1429.8185727999662,1431.314360499964,,,None,None,1429.8282027666612,1430.36118539999,,,338,0,2026-08-08_13:17:42.345791,338,39,localizer,,None,,,None,,338,338,0,338,,,,,,,,jacket,Veste,Jacke,
1434.7455436000018,1435.9448064999888,1.2,,,7,1435.9448729999713,1435.94490339997,,,hand,8,8,,,,,,,,,,,,,,,,,,,,,,,,,,,,,,None,,,None,2026-08-08_12h53.50.844,2,TSRlearn_localizer-concepts,2026-08-08 12h53.53.296918 +0200,,1433.2439333999646,1434.74315569998,1434.7597910999903,1435.994885299995,,,,60.16724088242566,1432.4797597999568,1433.2439333999646,,,1432.4669959999737,1433.2304855000111,,,hand\hand_02.jpg,,,,,,,,,,,,,,,,,,,,,,,0,0,1,,None,,1433.2439333999646,,,,,,,None,,3,,,2025.2.4,,,1,1433.2342015999602,1434.7454749000026,,,None,None,1433.2446334666495,1433.7273100999882,,,339,0,2026-08-08_13:17:45.761336,339,40,localizer,,None,,,None,,339,339,0,339,,,,,,,,hand,Main,Hand,
1438.261449499987,1439.0286679999554,0.76,,,7,1439.028740699985,1439.028776299965,,,jacket,10,10,,,,,,,,,,,,,,,,,,,,,,,,,,,,,,None,,,None,2026-08-08_12h53.50.844,37,TSRlearn_localizer-concepts,2026-08-08 12h53.53.296918 +0200,,1436.759573999967,1438.2587859999621,1438.275371900003,1439.077507400012,,,,60.16724088242566,1435.994885299995,1436.759573999967,,,1435.9715568000101,1436.746453700005,,,jacket\jacket_37.jpg,,,,,,,,,,,,,,,,,,,,,,,0,0,1,,None,,1436.759573999967,,,,,,,None,,3,,,2025.2.4,,,1,1436.7519024999929,1438.2613776999642,,,None,None,1436.7606933666432,1437.3095775999827,,,340,0,2026-08-08_13:17:49.276462,340,41,localizer,,None,,,None,,340,340,0,340,,,,,,,,jacket,Veste,Jacke,
1441.561205599981,1442.3270448999829,0.76,,,7,1442.3271175000118,1442.3271531999926,,,dog,5,2,,,,,,,,,,,,,,,,,,,,,,,,,,,,,,None,,,r,2026-08-08_12h53.50.844,28,TSRlearn_localizer-concepts,2026-08-08 12h53.53.296918 +0200,,1439.841781199968,1441.5747213999857,1441.5747213999857,1442.3599698999897,,,,60.16724088242566,1439.077507400012,1439.841781199968,,,1439.0673765999964,1439.8281803999562,,,dog\dog_28.jpg,,,,,,,,,,,,,,,,,,,,,,,0,1,1,,None,,1439.841781199968,,,,,,,left,,3,,,2025.2.4,,,1,1439.8304926999845,1441.5611310999957,,,None,None,1439.8423087666781,1440.5589174999623,,,341,0,2026-08-08_13:17:52.359084,341,42,localizer,,None,,,None,,341,341,0,341,,,,,,,,bicycle,Vélo,Fahrrad,
1444.6193950999877,1445.4317821000004,0.79,,,7,1445.4319125000038,1445.4319763999665,,,chair,4,4,,,,,,,,,,,,,,,,,,,,,,,,,,,,,,None,,,None,2026-08-08_12h53.50.844,11,TSRlearn_localizer-concepts,2026-08-08 12h53.53.296918 +0200,,1443.1240121999872,1444.643294300011,1444.643294300011,1445.5598340999568,,,,60.16724088242566,1442.3599698999897,1443.1240121999872,,,1442.3500691999798,1443.109888100007,,,chair\chair_11.jpg,,,,,,,,,,,,,,,,,,,,,,,0,0,1,,None,,1443.1240121999872,,,,,,,None,,3,,,2025.2.4,,,1,1443.1138585999724,1444.6192475999705,,,None,None,1443.124027066635,1443.6903918999596,,,342,0,2026-08-08_13:17:55.641546,342,43,localizer,,None,,,None,,342,342,0,342,,,,,,,,chair,Chaise,Stuhl,
1447.8088357999804,1449.0510414000018,1.23,,,7,1449.0511931999936,1449.0512716000085,,,flower,6,6,,,,,,,,,,,,,,,,,,,,,,,,,,,,,,None,,,None,2026-08-08_12h53.50.844,25,TSRlearn_localizer-concepts,2026-08-08 12h53.53.296918 +0200,,1446.3228926999727,1447.8223858000129,1447.8223858000129,1449.1271229999838,,,,60.16724088242566,1445.5598340999568,1446.3228926999727,,,1445.5274003999657,1446.3083162999828,,,flower\flower_25.jpg,,,,,,,,,,,,,,,,,,,,,,,0,0,1,,None,,1446.3228926999727,,,,,,,None,,3,,,2025.2.4,,,1,1446.3115007999586,1447.808752299985,,,None,None,1446.322635966648,1447.2236023999867,,,343,0,2026-08-08_13:17:58.841410,343,44,localizer,,None,,,None,,343,343,0,343,,,,,,,,flower,Fleur,Blume,
1451.3895219999831,1452.3895905999816,0.99,,,7,1452.3896549000056,1452.3896882999688,,,hand,8,8,,,,,,,,,,,,,,,,,,,,,,,,,,,,,,None,,,None,2026-08-08_12h53.50.844,46,TSRlearn_localizer-concepts,2026-08-08 12h53.53.296918 +0200,,1449.9072424999904,,1451.4040532999788,1452.44288399996,,,,60.16724088242566,1449.1271229999838,1449.9072424999904,,,1449.106129599968,1449.887168199988,,,hand\hand_46.jpg,,,,,,,,,,,,,,,,,,,,,,,0,0,1,,None,,1449.9072424999904,,,,,,,None,,3,,,2025.2.4,,,1,1449.8912464999594,1451.3894537999877,,,None,None,1449.9001859666353,1450.3890306999674,,,344,0,2026-08-08_13:18:02.408700,344,45,localizer,,None,,,None,,344,344,0,344,,,,,,,,hand,Main,Hand,
1454.706098499999,1455.8893200999591,1.18,,,7,1455.8893932999927,1455.889427099959,,,hammer,7,7,,,,,,,,,,,,,,,,,,,,,,,,,,,,,,None,,,None,2026-08-08_12h53.50.844,22,TSRlearn_localizer-concepts,2026-08-08 12h53.53.296918 +0200,,1453.203701499966,1454.7033129999763,1454.7199975000112,1456.0033893999644,,,,60.16724088242566,1452.44288399996,1453.203701499966,,,1452.419533599983,1453.1891975000035,,,hammer\hammer_22.jpg,,,,,,,,,,,,,,,,,,,,,,,0,0,1,,None,,1453.203701499966,,,,,,,None,,3,,,2025.2.4,,,1,1453.192871199979,1454.7060242999578,,,None,None,1453.2037687666636,1453.7203752999776,,,345,0,2026-08-08_13:18:05.724460,345,46,localizer,,None,,,None,,345,345,0,345,,,,,,,,hammer,Marteau,Hammer,
1458.25521079998,1459.5054011999746,1.24,,,7,1459.505472299992,1459.5055056999554,,,ball,1,1,,,,,,,,,,,,,,,,,,,,,,,,,,,,,,None,,,None,2026-08-08_12h53.50.844,15,TSRlearn_localizer-concepts,2026-08-08 12h53.53.296918 +0200,,1456.7527914000093,1458.2523497999646,1458.2689439000096,1459.592788400012,,,,60.16724088242566,1456.0033893999644,1456.7527914000093,,,1455.963111399964,1456.7404248999665,,,ball\ball_15.jpg,,,,,,,,,,,,,,,,,,,,,,,0,0,1,,None,,1456.7527914000093,,,,,,,None,,3,,,2025.2.4,,,1,1456.7439850000083,1458.2551355999894,,,None,None,1456.7546070666324,1457.5357571999775,,,346,0,2026-08-08_13:18:09.284966,346,47,localizer,,None,,,None,,346,346,0,346,,,,,,,,ball,Ballon,Ball,
1461.853191400005,1462.7866871999577,0.92,,,7,1462.7867584999767,1462.7867918999982,,,flower,6,6,,,,,,,,,,,,,,,,,,,,,,,,,,,,,,None,,,None,2026-08-08_12h53.50.844,44,TSRlearn_localizer-concepts,2026-08-08 12h53.53.296918 +0200,,1460.3516193999676,1461.8507550999639,1461.8676370999892,1462.8240207000053,,,,60.16724088242566,1459.592788400012,1460.3516193999676,,,1459.572205399978,1460.3379055999685,,,flower\flower_44.jpg,,,,,,,,,,,,,,,,,,,,,,,0,0,1,,None,,1460.3516193999676,,,,,,,None,,3,,,2025.2.4,,,1,1460.3409494999796,1461.8531207999913,,,None,None,1460.3517684666479,1461.2510607999866,,,347,0,2026-08-08_13:18:12.874365,347,48,localizer,,None,,,None,,347,347,0,347,,,,,,,,flower,Fleur,Blume,
1465.0859935999615,1466.3022321999888,1.21,,,7,1466.302300499985,1466.3023325999966,,,jacket,10,10,,,,,,,,,,,,,,,,,,,,,,,,,,,,,,None,,,None,2026-08-08_12h53.50.844,15,TSRlearn_localizer-concepts,2026-08-08 12h53.53.296918 +0200,,1463.583770599973,1465.083392200002,1465.100287600013,1466.353403599991,,,,60.16724088242566,1462.8240207000053,1463.583770599973,,,1462.8056035999907,1463.5698264999664,,,jacket\jacket_15.jpg,,,,,,,,,,,,,,,,,,,,,,,0,0,1,,None,,1463.583770599973,,,,,,,None,,3,,,2025.2.4,,,1,1463.5752907999558,1465.085923800012,,,None,None,1463.5839750666676,1464.1169852999737,,,348,0,2026-08-08_13:18:16.105597,348,49,localizer,,None,,,None,,348,348,0,348,,,,,,,,jacket,Veste,Jacke,
1468.6190917000058,1469.6504239999922,1.02,,,7,1469.6505097000045,1644.9310409000027,1469.6650120000122,1484.6768970999983,hammer,7,7,,,,,,,,,,,,,,,,,,,,,,,,,,,,,0.06710350001230836,r,160.19496950000757,1484.6632888999884,None,2026-08-08_12h53.50.844,16,TSRlearn_localizer-concepts,2026-08-08 12h53.53.296918 +0200,,1467.116203499958,1468.6161087999935,1468.6360099999583,1469.6650120000122,,,,60.16724088242566,1466.353403599991,1467.116203499958,,,1466.3283082999988,1467.1026828999748,,,hammer\hammer_16.jpg,1484.6632888999884,,,,,,,,,,,,,,,,,,,,,,0,0,1,,None,,1467.116203499958,,,,,,,None,,3,1469.6650120000122,1484.6768970999983,2025.2.4,,,1,1467.1062548999907,1468.619004099979,,,None,None,1467.1167267666353,1467.6343224999728,,,349,0,2026-08-08_13:18:19.634980,349,50,localizer,0.06710350001230836,r,160.19496950000757,,None,,349,349,0,349,,,,,,,,hammer,Marteau,Hammer,
1647.3631670000032,1648.3613533999887,0.99,,,8,1648.375162799959,1648.3752433999907,,,ball,1,1,,,,,,,,,,,,,,,,,,,,,,,,,,,,,,None,,,None,2026-08-08_12h53.50.844,12,TSRlearn_localizer-concepts,2026-08-08 12h53.53.296918 +0200,,1645.8762095999555,1647.3758623999893,1647.3758623999893,1648.414254400006,,,,60.16724088242566,1645.0995894999942,1645.8762095999555,,,1645.0338774999836,1645.845895299979,,,ball\ball_12.jpg,,,,,,,,,,,,,,,,,,,,,,,0,0,1,,None,,1645.8762095999555,,,,,,,None,,3,,,2025.2.4,,,1,1645.8583000999643,1647.3629942999687,,,None,None,1645.8603482666697,1646.6591953999596,,,350,0,2026-08-08_13:21:18.381166,350,1,localizer,,None,,,None,,350,350,0,350,,,,,,,,ball,Ballon,Ball,
1650.6776055999799,1651.8100766999996,1.13,,,8,1651.8101464000065,1651.8101798999705,,,chair,4,4,,,,,,,,,,,,,,,,,,,,,,,,,,,,,,None,,,None,2026-08-08_12h53.50.844,4,TSRlearn_localizer-concepts,2026-08-08 12h53.53.296918 +0200,,1649.1915316999657,1650.6912280999823,1650.6912280999823,1651.861005099956,,,,60.16724088242566,1648.414254400006,1649.1915316999657,,,1648.399156200001,1649.1680726999766,,,chair\chair_04.jpg,,,,,,,,,,,,,,,,,,,,,,,0,0,1,,None,,1649.1915316999657,,,,,,,None,,3,,,2025.2.4,,,1,1649.1737558000023,1650.6775361999753,,,None,None,1649.182355866655,1649.7420302999672,,,351,0,2026-08-08_13:21:21.695831,351,2,localizer,,None,,,None,,351,351,0,351,,,,,,,,chair,Chaise,Stuhl,
1654.3422107999795,1655.2761466999655,0.93,,,8,1655.2762199999997,1655.276255499979,,,flower,6,8,,,,,,,,,,,,,,,,,,,,,,,,,,,,,,None,,,r,2026-08-08_12h53.50.844,30,TSRlearn_localizer-concepts,2026-08-08 12h53.53.296918 +0200,,1652.6241260999814,1654.3568672999972,1654.3568672999972,1655.3690632999642,,,,60.16724088242566,1651.861005099956,1652.6241260999814,,,1651.8501058999682,1652.609597200004,,,flower\flower_30.jpg,,,,,,,,,,,,,,,,,,,,,,,0,1,1,,None,,1652.6241260999814,,,,,,,right,,3,,,2025.2.4,,,1,1652.6147344000055,1654.342150899989,,,None,None,1652.6239888666353,1653.1238127999823,,,352,0,2026-08-08_13:21:25.142581,352,3,localizer,,None,,,None,,352,352,0,352,,,,,,,,hand,Main,Hand,
1657.625104799983,1658.458514500002,0.82,,,8,1658.4585974999936,1658.4586393999634,,,house,9,9,,,,,,,,,,,,,,,,,,,,,,,,,,,,,,None,,,None,2026-08-08_12h53.50.844,48,TSRlearn_localizer-concepts,2026-08-08 12h53.53.296918 +0200,,1656.1396458999952,1657.6392032000003,1657.6392032000003,1658.4946033000015,,,,60.16724088242566,1655.3690632999642,1656.1396458999952,,,1655.337725999998,1656.110705500003,,,house\house_48.jpg,,,,,,,,,,,,,,,,,,,,,,,0,0,1,,None,,1656.1396458999952,,,,,,,None,,3,,,2025.2.4,,,1,1656.1190441999934,1657.6250386000029,,,None,None,1656.1241254666277,1656.6728969999822,,,353,0,2026-08-08_13:21:28.650640,353,4,localizer,,None,,,None,,353,353,0,353,,,,,,,,house,Maison,Haus,
1660.741362300003,1661.6734523999621,0.92,,,8,1661.6735717999982,1661.6736043999554,,,bicycle,2,2,,,,,,,,,,,,,,,,,,,,,,,,,,,,,,None,,,None,2026-08-08_12h53.50.844,11,TSRlearn_localizer-concepts,2026-08-08 12h53.53.296918 +0200,,1659.2553898000042,1660.75505420001,1660.75505420001,1661.72451249999,,,,60.16724088242566,1658.4946033000015,1659.2553898000042,,,1658.4775023999973,1659.2409073999734,,,bicycle\bicycle_11.jpg,,,,,,,,,,,,,,,,,,,,,,,0,0,1,,None,,1659.2553898000042,,,,,,,None,,3,,,2025.2.4,,,1,1659.2439944999642,1660.7412937000045,,,None,None,1659.255439066623,1659.955389300012,,,354,0,2026-08-08_13:21:31.776180,354,5,localizer,,None,,,None,,354,354,0,354,,,,,,,,bicycle,Vélo,Fahrrad,
1663.9890268999734,1664.8395904999925,0.84,,,8,1664.8396683000028,1664.839701699966,,,bread,3,3,,,,,,,,,,,,,,,,,,,,,,,,,,,,,,None,,,None,2026-08-08_12h53.50.844,29,TSRlearn_localizer-concepts,2026-08-08 12h53.53.296918 +0200,,1662.487748399959,1663.986989500001,1664.0040113999858,1664.9297919999808,,,,60.16724088242566,1661.72451249999,1662.487748399959,,,1661.7101976000122,1662.4733761000098,,,bread\bread_29.jpg,,,,,,,,,,,,,,,,,,,,,,,0,0,1,,None,,1662.487748399959,,,,,,,None,,3,,,2025.2.4,,,1,1662.4779483999591,1663.9889613999985,,,None,None,1662.4877426666246,1663.4067339999601,,,355,0,2026-08-08_13:21:35.006089,355,6,localizer,,None,,,None,,355,355,0,355,,,,,,,,bread,Pain,Brot,
1667.189300899976,1668.1881793999928,0.99,,,8,1668.1882493000012,1668.1882830999675,,,bicycle,2,2,,,,,,,,,,,,,,,,,,,,,,,,,,,,,,None,,,None,2026-08-08_12h53.50.844,48,TSRlearn_localizer-concepts,2026-08-08 12h53.53.296918 +0200,,1665.6868631999823,1667.186556199973,1667.2031737999641,1668.2481541999732,,,,60.16724088242566,1664.9297919999808,1665.6868631999823,,,1664.889304100012,1665.6728520999895,,,bicycle\bicycle_48.jpg,,,,,,,,,,,,,,,,,,,,,,,0,0,1,,None,,1665.6868631999823,,,,,,,None,,3,,,2025.2.4,,,1,1665.6753435999854,1667.1892268999945,,,None,None,1665.6870154666287,1666.3862280999892,,,356,0,2026-08-08_13:21:38.211368,356,7,localizer,,None,,,None,,356,356,0,356,,,,,,,,bicycle,Vélo,Fahrrad,
1670.4896848999779,1671.3038105999585,0.81,,,8,1671.3039022999583,1671.3039461000008,,,hand,8,8,,,,,,,,,,,,,,,,,,,,,,,,,,,,,,None,,,None,2026-08-08_12h53.50.844,3,TSRlearn_localizer-concepts,2026-08-08 12h53.53.296918 +0200,,1669.0024991999962,1670.5034805999603,1670.5034805999603,1671.3384660999873,,,,60.16724088242566,1668.2481541999732,1669.0024991999962,,,1668.2201449999702,1668.9881993999588,,,hand\hand_03.jpg,,,,,,,,,,,,,,,,,,,,,,,0,0,1,,None,,1669.0024991999962,,,,,,,None,,3,,,2025.2.4,,,1,1668.9918374000117,1670.4896024999907,,,None,None,1669.0024305666486,1669.5022003999911,,,357,0,2026-08-08_13:21:41.529731,357,8,localizer,,None,,,None,,357,357,0,357,,,,,,,,hand,Main,Hand,
1673.5884150000056,1674.4194535000133,0.83,,,8,1674.4195682999562,1674.4196009999723,,,house,9,9,,,,,,,,,,,,,,,,,,,,,,,,,,,,,,None,,,None,2026-08-08_12h53.50.844,40,TSRlearn_localizer-concepts,2026-08-08 12h53.53.296918 +0200,,1672.1016227999935,1673.6009281000006,1673.6009281000006,1674.470834799984,,,,60.16724088242566,1671.3384660999873,1672.1016227999935,,,1671.3253016999806,1672.0877998999786,,,house\house_40.jpg,,,,,,,,,,,,,,,,,,,,,,,0,0,1,,None,,1672.1016227999935,,,,,,,None,,3,,,2025.2.4,,,1,1672.0930873999605,1673.5883453999995,,,None,None,1672.101742666626,1672.6509190999786,,,358,0,2026-08-08_13:21:44.620043,358,9,localizer,,None,,,None,,358,358,0,358,,,,,,,,house,Maison,Haus,
1676.7363048999687,1677.5697373999865,0.83,,,8,1677.569806799991,1677.569840000011,,,hand,8,8,,,,,,,,,,,,,,,,,,,,,,,,,,,,,,None,,,None,2026-08-08_12h53.50.844,33,TSRlearn_localizer-concepts,2026-08-08 12h53.53.296918 +0200,,1675.233908299997,1676.7334441999556,1676.749964299961,1677.6039244999993,,,,60.16724088242566,1674.470834799984,1675.233908299997,,,1674.4545938000083,1675.220030699973,,,hand\hand_33.jpg,,,,,,,,,,,,,,,,,,,,,,,0,0,1,,None,,1675.233908299997,,,,,,,None,,3,,,2025.2.4,,,1,1675.2236421999987,1676.7362320999964,,,None,None,1675.2340088666572,1675.71702869999,,,359,0,2026-08-08_13:21:47.752411,359,10,localizer,,None,,,None,,359,359,0,359,,,,,,,,hand,Main,Hand,
1679.869685999991,1680.9200796000077,1.04,,,8,1680.9202156999963,1680.9202614999958,,,dog,5,5,,,,,,,,,,,,,,,,,,,,,,,,,,,,,,None,,,None,2026-08-08_12h53.50.844,7,TSRlearn_localizer-concepts,2026-08-08 12h53.53.296918 +0200,,1678.3733446999686,1679.884259799961,1679.884259799961,1680.9519758999813,,,,60.16724088242566,1677.6039244999993,1678.3733446999686,,,1677.5908975999919,1678.3527252000058,,,dog\dog_07.jpg,,,,,,,,,,,,,,,,,,,,,,,0,0,1,,None,,1678.3733446999686,,,,,,,None,,3,,,2025.2.4,,,1,1678.3583986999583,1679.8695918999729,,,None,None,1678.3665046666322,1678.8658160999767,,,360,0,2026-08-08_13:21:50.885501,360,11,localizer,,None,,,None,,360,360,0,360,,,,,,,,dog,Chien,Hund,
1683.2176891999552,1684.4737909999676,1.23,,,8,1684.4738624999882,1684.473895800009,,,bicycle,2,2,,,,,,,,,,,,,,,,,,,,,,,,,,,,,,None,,,None,2026-08-08_12h53.50.844,30,TSRlearn_localizer-concepts,2026-08-08 12h53.53.296918 +0200,,1681.7162554999813,1683.2383392999764,1683.2383392999764,1684.5172565999674,,,,60.16724088242566,1680.9519758999813,1681.7162554999813,,,1680.9401719999732,1681.7025823000004,,,bicycle\bicycle_30.jpg,,,,,,,,,,,,,,,,,,,,,,,0,0,1,,None,,1681.7162554999813,,,,,,,None,,3,,,2025.2.4,,,1,1681.704866999993,1683.2176006999798,,,None,None,1681.7168488666687,1682.4313994999975,,,361,0,2026-08-08_13:21:54.233552,361,12,localizer,,None,,,None,,361,361,0,361,,,,,,,,bicycle,Vélo,Fahrrad,
1686.7831628999556,1687.8822071999894,1.1,,,8,1687.8823489999631,1687.8823855000082,,,jacket,10,10,,,,,,,,,,,,,,,,,,,,,,,,,,,,,,None,,,None,2026-08-08_12h53.50.844,3,TSRlearn_localizer-concepts,2026-08-08 12h53.53.296918 +0200,,1685.2807414999697,1686.7802673999686,1686.7971365000121,1687.9549506999901,,,,60.16724088242566,1684.5172565999674,1685.2807414999697,,,1684.4971721000038,1685.2670201999717,,,jacket\jacket_03.jpg,,,,,,,,,,,,,,,,,,,,,,,0,0,1,,None,,1685.2807414999697,,,,,,,None,,3,,,2025.2.4,,,1,1685.2731441999786,1686.7830843999982,,,None,None,1685.2812740666598,1685.813800200005,,,362,0,2026-08-08_13:21:57.798833,362,13,localizer,,None,,,None,,362,362,0,362,,,,,,,,jacket,Veste,Jacke,
1690.201924699999,1691.3491442999803,1.14,,,8,1691.3492162000039,1691.3492493999656,,,bread,3,3,,,,,,,,,,,,,,,,,,,,,,,,,,,,,,None,,,None,2026-08-08_12h53.50.844,25,TSRlearn_localizer-concepts,2026-08-08 12h53.53.296918 +0200,,1688.7156816999777,1690.2223613999668,1690.2223613999668,1691.4256164999679,,,,60.16724088242566,1687.9549506999901,1688.7156816999777,,,1687.9286343999556,1688.7014240999706,,,bread\bread_25.jpg,,,,,,,,,,,,,,,,,,,,,,,0,0,1,,None,,1688.7156816999777,,,,,,,None,,3,,,2025.2.4,,,1,1688.7050478999736,1690.201795800007,,,None,None,1688.7156738666274,1689.6312910999986,,,363,0,2026-08-08_13:22:01.236527,363,14,localizer,,None,,,None,,363,363,0,363,,,,,,,,bread,Pain,Brot,
1693.6673391999793,1694.7807146999985,1.1,,,8,1694.7808375000022,1694.7808704999625,,,chair,4,4,,,,,,,,,,,,,,,,,,,,,,,,,,,,,,None,,,None,2026-08-08_12h53.50.844,47,TSRlearn_localizer-concepts,2026-08-08 12h53.53.296918 +0200,,1692.1800472000032,1693.680281399982,1693.680281399982,1694.8359448999981,,,,60.16724088242566,1691.4256164999679,1692.1800472000032,,,1691.3996892999858,1692.1656855999609,,,chair\chair_47.jpg,,,,,,,,,,,,,,,,,,,,,,,0,0,1,,None,,1692.1800472000032,,,,,,,None,,3,,,2025.2.4,,,1,1692.170367899991,1693.6672335999901,,,None,None,1692.1799550666512,1692.7471244999906,,,364,0,2026-08-08_13:22:04.707193,364,15,localizer,,None,,,None,,364,364,0,364,,,,,,,,chair,Chaise,Stuhl,
1697.0953214999754,1698.3293535999837,1.22,,,8,1698.3294711000053,1698.3295129999751,,,flower,6,6,,,,,,,,,,,,,,,,,,,,,,,,,,,,,,None,,,None,2026-08-08_12h53.50.844,2,TSRlearn_localizer-concepts,2026-08-08 12h53.53.296918 +0200,,1695.593944299966,1697.0931138999877,1697.1097867999924,1698.3632632999797,,,,60.16724088242566,1694.8359448999981,1695.593944299966,,,1694.8203772999696,1695.5797400999581,,,flower\flower_02.jpg,,,,,,,,,,,,,,,,,,,,,,,0,0,1,,None,,1695.593944299966,,,,,,,None,,3,,,2025.2.4,,,1,1695.5874090999714,1697.095256200002,,,None,None,1695.5941058666251,1696.493702000007,,,365,0,2026-08-08_13:22:08.117521,365,16,localizer,,None,,,None,,365,365,0,365,,,,,,,,flower,Fleur,Blume,
1700.61144399998,1701.6115540000028,1,,,8,1701.611620999989,1701.611653400003,,,ball,1,1,,,,,,,,,,,,,,,,,,,,,,,,,,,,,,None,,,None,2026-08-08_12h53.50.844,29,TSRlearn_localizer-concepts,2026-08-08 12h53.53.296918 +0200,,1699.1259239999927,1700.6255808999995,1700.6255808999995,1701.6460507999873,,,,60.16724088242566,1698.3632632999797,1699.1259239999927,,,1698.3510740000056,1699.1022627999773,,,ball\ball_29.jpg,,,,,,,,,,,,,,,,,,,,,,,0,0,1,,None,,1699.1259239999927,,,,,,,None,,3,,,2025.2.4,,,1,1699.1055153000052,1700.6113789000083,,,None,None,1699.1164705666636,1699.892316100013,,,366,0,2026-08-08_13:22:11.644840,366,17,localizer,,None,,,None,,366,366,0,366,,,,,,,,ball,Ballon,Ball,
1704.1129509999882,1704.9599798999843,0.84,,,8,1704.960048399982,1704.9600806999952,,,hammer,7,3,,,,,,,,,,,,,,,,,,,,,,,,,,,,,,None,,,r,2026-08-08_12h53.50.844,32,TSRlearn_localizer-concepts,2026-08-08 12h53.53.296918 +0200,,1702.4100539999781,1704.1264215999981,1704.1264215999981,1705.0926541999797,,,,60.16724088242566,1701.6460507999873,1702.4100539999781,,,1701.6340001999633,1702.3969629000057,,,hammer\hammer_32.jpg,,,,,,,,,,,,,,,,,,,,,,,0,1,1,,None,,1702.4100539999781,,,,,,,left,,3,,,2025.2.4,,,1,1702.401100899966,1704.112881899986,,,None,None,1702.4105271666233,1703.342685999989,,,367,0,2026-08-08_13:22:14.927627,367,18,localizer,,None,,,None,,367,367,0,367,,,,,,,,bread,Pain,Brot,
1707.3600626999978,1708.3589361999766,0.99,,,8,1708.3590074999956,1708.3590413999627,,,ball,1,1,,,,,,,,,,,,,,,,,,,,,,,,,,,,,,None,,,None,2026-08-08_12h53.50.844,14,TSRlearn_localizer-concepts,2026-08-08 12h53.53.296918 +0200,,1705.8590676999884,1707.3741299000103,1707.3741299000103,1708.4123517000116,,,,60.16724088242566,1705.0926541999797,1705.8590676999884,,,1705.0380815999815,1705.8432274999795,,,ball\ball_14.jpg,,,,,,,,,,,,,,,,,,,,,,,0,0,1,,None,,1705.8590676999884,,,,,,,None,,3,,,2025.2.4,,,1,1705.8465265000123,1707.3599901999696,,,None,None,1705.8576832666333,1706.640457100002,,,368,0,2026-08-08_13:22:18.374231,368,19,localizer,,None,,,None,,368,368,0,368,,,,,,,,ball,Ballon,Ball,
1710.681813400006,1711.7074626999674,1.02,,,8,1711.7075826000073,1711.7076151999645,,,house,9,9,,,,,,,,,,,,,,,,,,,,,,,,,,,,,,None,,,None,2026-08-08_12h53.50.844,7,TSRlearn_localizer-concepts,2026-08-08 12h53.53.296918 +0200,,1709.1730511999922,1710.6792263999814,1710.6902399999672,1711.8529983999906,,,,60.16724088242566,1708.4123517000116,1709.1730511999922,,,1708.3909379999968,1709.1587202000082,,,house\house_07.jpg,,,,,,,,,,,,,,,,,,,,,,,0,0,1,,None,,1709.1730511999922,,,,,,,None,,3,,,2025.2.4,,,1,1709.1638931999914,1710.6817383999587,,,None,None,1709.1729088666655,1709.7072963999817,,,369,0,2026-08-08_13:22:21.693928,369,20,localizer,,None,,,None,,369,369,0,369,,,,,,,,house,Maison,Haus,
1714.1068928999593,1715.3064553999575,1.19,,,8,1715.3065671999939,1715.306601899967,,,ball,1,1,,,,,,,,,,,,,,,,,,,,,,,,,,,,,,None,,,None,2026-08-08_12h53.50.844,11,TSRlearn_localizer-concepts,2026-08-08 12h53.53.296918 +0200,,1712.6053157999995,1714.104360600002,1714.121450799983,1715.3603664999828,,,,60.16724088242566,1711.8529983999906,1712.6053157999995,,,1711.7996257999912,1712.5908296999987,,,ball\ball_11.jpg,,,,,,,,,,,,,,,,,,,,,,,0,0,1,,None,,1712.6053157999995,,,,,,,None,,3,,,2025.2.4,,,1,1712.5943959999713,1714.1068268999807,,,None,None,1712.6053381666463,1713.3885264999699,,,370,0,2026-08-08_13:22:25.134575,370,21,localizer,,None,,,None,,370,370,0,370,,,,,,,,ball,Ballon,Ball,
1717.6222016999964,1718.4730315000052,0.84,,,8,1718.4731623000116,1718.4732002000092,,,bicycle,2,2,,,,,,,,,,,,,,,,,,,,,,,,,,,,,,None,,,None,2026-08-08_12h53.50.844,28,TSRlearn_localizer-concepts,2026-08-08 12h53.53.296918 +0200,,1716.1210650999565,1717.6367431000108,1717.6367431000108,1718.50712689996,,,,60.16724088242566,1715.3603664999828,1716.1210650999565,,,1715.3351104999892,1716.107188199996,,,bicycle\bicycle_28.jpg,,,,,,,,,,,,,,,,,,,,,,,0,0,1,,None,,1716.1210650999565,,,,,,,None,,3,,,2025.2.4,,,1,1716.1095194999943,1717.6221374999732,,,None,None,1716.1213045666266,1716.8205883000046,,,371,0,2026-08-08_13:22:28.641943,371,22,localizer,,None,,,None,,371,371,0,371,,,,,,,,bicycle,Vélo,Fahrrad,
1720.7721327999607,1721.9548277999857,1.18,,,8,1721.9548975999933,1721.9549308000132,,,jacket,10,10,,,,,,,,,,,,,,,,,,,,,,,,,,,,,,None,,,None,2026-08-08_12h53.50.844,16,TSRlearn_localizer-concepts,2026-08-08 12h53.53.296918 +0200,,1719.2699362999992,1720.769424099999,1720.7864588999655,1721.9890405999613,,,,60.16724088242566,1718.50712689996,1719.2699362999992,,,1718.4932075999677,1719.2553668000037,,,jacket\jacket_16.jpg,,,,,,,,,,,,,,,,,,,,,,,0,0,1,,None,,1719.2699362999992,,,,,,,None,,3,,,2025.2.4,,,1,1719.2602279999992,1720.7720595999854,,,None,None,1719.2699107666306,1719.8199648999725,,,372,0,2026-08-08_13:22:31.788703,372,23,localizer,,None,,,None,,372,372,0,372,,,,,,,,jacket,Veste,Jacke,
1724.4543846999877,1725.6702559000114,1.21,,,8,1725.6703274999745,1725.6703619000036,,,chair,4,9,,,,,,,,,,,,,,,,,,,,,,,,,,,,,,None,,,r,2026-08-08_12h53.50.844,3,TSRlearn_localizer-concepts,2026-08-08 12h53.53.296918 +0200,,1722.7519631999894,1724.468205399986,1724.468205399986,1725.7543004999752,,,,60.16724088242566,1721.9890405999613,1722.7519631999894,,,1721.9745195999858,1722.7375178000075,,,chair\chair_03.jpg,,,,,,,,,,,,,,,,,,,,,,,0,1,1,,None,,1722.7519631999894,,,,,,,left,,3,,,2025.2.4,,,1,1722.7424817999708,1724.4543173999991,,,None,None,1722.7520252666475,1723.301876100013,,,373,0,2026-08-08_13:22:35.270617,373,24,localizer,,None,,,None,,373,373,0,373,,,,,,,,house,Maison,Haus,
1728.0198245999636,1729.203668800008,1.18,,,8,1729.2037409999757,1729.203778599971,,,bread,3,3,,,,,,,,,,,,,,,,,,,,,,,,,,,,,,None,,,None,2026-08-08_12h53.50.844,24,TSRlearn_localizer-concepts,2026-08-08 12h53.53.296918 +0200,,1726.5353828999796,,1728.0339669999667,1729.2920720999828,,,,60.16724088242566,1725.7543004999752,1726.5353828999796,,,1725.713339000009,1726.5112572999788,,,bread\bread_24.jpg,,,,,,,,,,,,,,,,,,,,,,,0,0,1,,None,,1726.5353828999796,,,,,,,None,,3,,,2025.2.4,,,1,1726.5151618999662,1728.0197542000096,,,None,None,1726.5254697666426,1727.450621099968,,,374,0,2026-08-08_13:22:39.035877,374,25,localizer,,None,,,None,,374,374,0,374,,,,,,,,bread,Pain,Brot,
1731.5522309999797,1732.5357841000077,0.98,,,8,1732.5358861999703,1732.5359219000093,,,dog,5,5,,,,,,,,,,,,,,,,,,,,,,,,,,,,,,None,,,None,2026-08-08_12h53.50.844,49,TSRlearn_localizer-concepts,2026-08-08 12h53.53.296918 +0200,,1730.0499332000036,1731.5495133000077,1731.5660933000036,1732.6038297999767,,,,60.16724088242566,1729.2920720999828,1730.0499332000036,,,1729.2660525999963,1730.0355440999847,,,dog\dog_49.jpg,,,,,,,,,,,,,,,,,,,,,,,0,0,1,,None,,1730.0499332000036,,,,,,,None,,3,,,2025.2.4,,,1,1730.039376300003,1731.5521554999868,,,None,None,1730.0498353666665,1730.5352838999825,,,375,0,2026-08-08_13:22:42.573648,375,26,localizer,,None,,,None,,375,375,0,375,,,,,,,,dog,Chien,Hund,
1734.8672132999636,1735.9169080999563,1.04,,,8,1735.9170244999696,1735.917058799998,,,hand,8,8,,,,,,,,,,,,,,,,,,,,,,,,,,,,,,None,,,None,2026-08-08_12h53.50.844,44,TSRlearn_localizer-concepts,2026-08-08 12h53.53.296918 +0200,,1733.3656964999973,1734.8646709999884,1734.8813752999995,1735.9703374999808,,,,60.16724088242566,1732.6038297999767,1733.3656964999973,,,1732.5929519999772,1733.3520778999664,,,hand\hand_44.jpg,,,,,,,,,,,,,,,,,,,,,,,0,0,1,,None,,1733.3656964999973,,,,,,,None,,3,,,2025.2.4,,,1,1733.356095199997,1734.8671418000013,,,None,None,1733.3658750666693,1733.8483718999778,,,376,0,2026-08-08_13:22:45.885406,376,27,localizer,,None,,,None,,376,376,0,376,,,,,,,,hand,Main,Hand,
1738.234536700009,1739.0019154999754,0.76,,,8,1739.001987399999,1739.0020215999684,,,house,9,9,,,,,,,,,,,,,,,,,,,,,,,,,,,,,,None,,,None,2026-08-08_12h53.50.844,35,TSRlearn_localizer-concepts,2026-08-08 12h53.53.296918 +0200,,1736.7310376999667,1738.2316831999924,1738.247358499968,1739.0908811999834,,,,60.16724088242566,1735.9703374999808,1736.7310376999667,,,1735.9533949999604,1736.717271099973,,,house\house_35.jpg,,,,,,,,,,,,,,,,,,,,,,,0,0,1,,None,,1736.7310376999667,,,,,,,None,,3,,,2025.2.4,,,1,1736.7225074999733,1738.2344632999739,,,None,None,1736.7313166666465,1737.2829444999807,,,377,0,2026-08-08_13:22:49.251914,377,28,localizer,,None,,,None,,377,377,0,377,,,,,,,,house,Maison,Haus,
1741.3486033999943,1742.5324681999628,1.18,,,8,1742.532587900001,1742.532635499956,,,hammer,7,7,,,,,,,,,,,,,,,,,,,,,,,,,,,,,,None,,,None,2026-08-08_12h53.50.844,23,TSRlearn_localizer-concepts,2026-08-08 12h53.53.296918 +0200,,1739.8468480999582,1741.3460607999587,1741.3627795999637,1742.7338925999939,,,,60.16724088242566,1739.0908811999834,1739.8468480999582,,,1739.0626664999872,1739.834028000012,,,hammer\hammer_23.jpg,,,,,,,,,,,,,,,,,,,,,,,0,0,1,,None,,1739.8468480999582,,,,,,,None,,3,,,2025.2.4,,,1,1739.839349399961,1741.3485359000042,,,None,None,1739.848017366665,1740.3634251999902,,,378,0,2026-08-08_13:22:52.372458,378,29,localizer,,None,,,None,,378,378,0,378,,,,,,,,hammer,Marteau,Hammer,
1744.997664799972,1746.163883799978,1.16,,,8,1746.1639541999903,1746.1639884999604,,,bread,3,3,,,,,,,,,,,,,,,,,,,,,,,,,,,,,,None,,,None,2026-08-08_12h53.50.844,36,TSRlearn_localizer-concepts,2026-08-08 12h53.53.296918 +0200,,1743.496253099991,1744.9950276999734,1745.0118916999782,1746.2167642999557,,,,60.16724088242566,1742.7338925999939,1743.496253099991,,,1742.650623499998,1743.4822132000118,,,bread\bread_36.jpg,,,,,,,,,,,,,,,,,,,,,,,0,0,1,,None,,1743.496253099991,,,,,,,None,,3,,,2025.2.4,,,1,1743.4865026999614,1744.9975933000096,,,None,None,1743.4960000666363,1744.4287365999771,,,379,0,2026-08-08_13:22:56.015469,379,30,localizer,,None,,,None,,379,379,0,379,,,,,,,,bread,Pain,Brot,
1748.4794461999554,1749.5623989999876,1.08,,,8,1749.5624722999637,1749.5625051999814,,,flower,6,6,,,,,,,,,,,,,,,,,,,,,,,,,,,,,,None,,,None,2026-08-08_12h53.50.844,17,TSRlearn_localizer-concepts,2026-08-08 12h53.53.296918 +0200,,1746.978438399965,1748.4937498999643,1748.4937498999643,1749.6135206999606,,,,60.16724088242566,1746.2167642999557,1746.978438399965,,,1746.1994159999886,1746.9643935000058,,,flower\flower_17.jpg,,,,,,,,,,,,,,,,,,,,,,,0,0,1,,None,,1746.978438399965,,,,,,,None,,3,,,2025.2.4,,,1,1746.9676778999856,1748.4793813999859,,,None,None,1746.9782715666263,1747.877482299984,,,380,0,2026-08-08_13:22:59.498341,380,31,localizer,,None,,,None,,380,380,0,380,,,,,,,,flower,Fleur,Blume,
1751.8795876000077,1752.7630759999738,0.88,,,8,1752.7632092999993,1752.7632523999782,,,dog,5,5,,,,,,,,,,,,,,,,,,,,,,,,,,,,,,None,,,None,2026-08-08_12h53.50.844,6,TSRlearn_localizer-concepts,2026-08-08 12h53.53.296918 +0200,,1750.3770301999757,1751.8764516999945,1751.8933997999993,1752.8560115,,,,60.16724088242566,1749.6135206999606,1750.3770301999757,,,1749.5951202999568,1750.3637260000105,,,dog\dog_06.jpg,,,,,,,,,,,,,,,,,,,,,,,0,0,1,,None,,1750.3770301999757,,,,,,,None,,3,,,2025.2.4,,,1,1750.3676606999943,1751.879511600011,,,None,None,1750.3770537666317,1750.8770026999991,,,381,0,2026-08-08_13:23:02.895097,381,32,localizer,,None,,,None,,381,381,0,381,,,,,,,,dog,Chien,Hund,
1755.1113785000052,1756.1599674999597,1.04,,,8,1756.1600765999756,1756.160113699967,,,house,9,9,,,,,,,,,,,,,,,,,,,,,,,,,,,,,,None,,,None,2026-08-08_12h53.50.844,43,TSRlearn_localizer-concepts,2026-08-08 12h53.53.296918 +0200,,1753.6089616999961,1755.1085847999784,1755.1249473000062,1756.2905297999969,,,,60.16724088242566,1752.8560115,1753.6089616999961,,,1752.8125422999728,1753.594614600006,,,house\house_43.jpg,,,,,,,,,,,,,,,,,,,,,,,0,0,1,,None,,1753.6089616999961,,,,,,,None,,3,,,2025.2.4,,,1,1753.599453600007,1755.1113085999968,,,None,None,1753.6091696666592,1754.1422888999805,,,382,0,2026-08-08_13:23:06.137588,382,33,localizer,,None,,,None,,382,382,0,382,,,,,,,,house,Maison,Haus,
1758.5434527999605,1759.5104341999977,0.96,,,8,1759.510533099994,1759.5105677999672,,,ball,1,1,,,,,,,,,,,,,,,,,,,,,,,,,,,,,,None,,,None,2026-08-08_12h53.50.844,19,TSRlearn_localizer-concepts,2026-08-08 12h53.53.296918 +0200,,1757.0412688999786,1758.540744900005,1758.5574631000054,1759.5670895999647,,,,60.16724088242566,1756.2905297999969,1757.0412688999786,,,1756.2284216000116,1757.0270825999905,,,ball\ball_19.jpg,,,,,,,,,,,,,,,,,,,,,,,0,0,1,,None,,1757.0412688999786,,,,,,,None,,3,,,2025.2.4,,,1,1757.0304136999766,1758.5433803999913,,,None,None,1757.0412204666684,1757.8242866999935,,,383,0,2026-08-08_13:23:09.572106,383,34,localizer,,None,,,None,,383,383,0,383,,,,,,,,ball,Ballon,Ball,
1761.810585899977,1762.7614671000047,0.94,,,8,1762.7615711999824,1762.7616242999793,,,hammer,7,7,,,,,,,,,,,,,,,,,,,,,,,,,,,,,,None,,,None,2026-08-08_12h53.50.844,37,TSRlearn_localizer-concepts,2026-08-08 12h53.53.296918 +0200,,1760.3234642999596,1761.8237069000024,1761.8237069000024,1762.8483759000083,,,,60.16724088242566,1759.5670895999647,1760.3234642999596,,,1759.5427171000047,1760.3092237999663,,,hammer\hammer_37.jpg,,,,,,,,,,,,,,,,,,,,,,,0,0,1,,None,,1760.3234642999596,,,,,,,None,,3,,,2025.2.4,,,1,1760.3129494999885,1761.8104905000073,,,None,None,1760.3236159666596,1760.8568244999624,,,384,0,2026-08-08_13:23:12.848666,384,35,localizer,,None,,,None,,384,384,0,384,,,,,,,,hammer,Marteau,Hammer,
1765.3250798999798,1766.1746314999764,0.85,,,8,1766.1747088999837,1766.17474399996,,,dog,5,8,,,,,,,,,,,,,,,,,,,,,,,,,,,,,,None,,,r,2026-08-08_12h53.50.844,41,TSRlearn_localizer-concepts,2026-08-08 12h53.53.296918 +0200,,1763.6068913000054,1765.3388214999577,1765.3388214999577,1766.227510800003,,,,60.16724088242566,1762.8483759000083,1763.6068913000054,,,1762.8245610999875,1763.5925908999634,,,dog\dog_41.jpg,,,,,,,,,,,,,,,,,,,,,,,0,1,1,,None,,1763.6068913000054,,,,,,,left,,3,,,2025.2.4,,,1,1763.59720259998,1765.3250040999847,,,None,None,1763.6062313666373,1764.106370900001,,,385,0,2026-08-08_13:23:16.129952,385,36,localizer,,None,,,None,,385,385,0,385,,,,,,,,hand,Main,Hand,
1768.4737676999648,1769.699303500005,1.22,,,8,1769.699914900004,1769.7000087999622,,,jacket,10,10,,,,,,,,,,,,,,,,,,,,,,,,,,,,,,None,,,None,2026-08-08_12h53.50.844,29,TSRlearn_localizer-concepts,2026-08-08 12h53.53.296918 +0200,,1766.9881305999588,1768.4876197999693,1768.4876197999693,1769.7912185000023,,,,60.16724088242566,1766.227510800003,1766.9881305999588,,,1766.2072726999759,1766.9733169999672,,,jacket\jacket_29.jpg,,,,,,,,,,,,,,,,,,,,,,,0,0,1,,None,,1766.9881305999588,,,,,,,None,,3,,,2025.2.4,,,1,1766.977940599958,1768.4736965000047,,,None,None,1766.9880887666407,1767.5210401999648,,,386,0,2026-08-08_13:23:19.509087,386,37,localizer,,None,,,None,,386,386,0,386,,,,,,,,jacket,Veste,Jacke,
1772.0560572000104,1773.0550067999866,0.99,,,8,1773.0554200999904,1773.0554669999983,,,flower,6,6,,,,,,,,,,,,,,,,,,,,,,,,,,,,,,None,,,None,2026-08-08_12h53.50.844,39,TSRlearn_localizer-concepts,2026-08-08 12h53.53.296918 +0200,,1770.5586578999646,1772.070200499962,1772.070200499962,1773.0894956999691,,,,60.16724088242566,1769.7912185000023,1770.5586578999646,,,1769.7484423000133,1770.539461200009,,,flower\flower_39.jpg,,,,,,,,,,,,,,,,,,,,,,,0,0,1,,None,,1770.5586578999646,,,,,,,None,,3,,,2025.2.4,,,1,1770.5425607999787,1772.0559775999864,,,None,None,1770.5537099666583,1771.453849499987,,,387,0,2026-08-08_13:23:23.072795,387,38,localizer,,None,,,None,,387,387,0,387,,,,,,,,flower,Fleur,Blume,
1775.3545960999909,1776.3375836999621,0.97,,,8,1776.3376868999912,1776.3377203999553,,,chair,4,4,,,,,,,,,,,,,,,,,,,,,,,,,,,,,,None,,,None,2026-08-08_12h53.50.844,34,TSRlearn_localizer-concepts,2026-08-08 12h53.53.296918 +0200,,1773.852793500002,1775.3519950999762,1775.36882839998,1776.3721889999579,,,,60.16724088242566,1773.0894956999691,1773.852793500002,,,1773.073009099986,1773.8385302000097,,,chair\chair_34.jpg,,,,,,,,,,,,,,,,,,,,,,,0,0,1,,None,,1773.852793500002,,,,,,,None,,3,,,2025.2.4,,,1,1773.8428682999802,1775.3545228999574,,,None,None,1773.8528242666546,1774.4188793000067,,,388,0,2026-08-08_13:23:26.371072,388,39,localizer,,None,,,None,,388,388,0,388,,,,,,,,chair,Chaise,Stuhl,
1778.6377845999668,1779.7694959999644,1.11,,,8,1779.7695639999583,1779.7695949999616,,,hand,8,8,,,,,,,,,,,,,,,,,,,,,,,,,,,,,,None,,,None,2026-08-08_12h53.50.844,19,TSRlearn_localizer-concepts,2026-08-08 12h53.53.296918 +0200,,1777.1349412999698,1778.6352588000009,1778.6587147999671,1779.8210519999848,,,,60.16724088242566,1776.3721889999579,1777.1349412999698,,,1776.3555176999653,1777.121076499985,,,hand\hand_19.jpg,,,,,,,,,,,,,,,,,,,,,,,0,0,1,,None,,1777.1349412999698,,,,,,,None,,3,,,2025.2.4,,,1,1777.1244836999686,1778.637711999996,,,None,None,1777.1354163666294,1777.617914500006,,,389,0,2026-08-08_13:23:29.653765,389,40,localizer,,None,,,None,,389,389,0,389,,,,,,,,hand,Main,Hand,
1782.069004799996,1783.3187114999746,1.24,,,8,1783.3187762000016,1783.3188092999626,,,hammer,7,7,,,,,,,,,,,,,,,,,,,,,,,,,,,,,,None,,,None,2026-08-08_12h53.50.844,19,TSRlearn_localizer-concepts,2026-08-08 12h53.53.296918 +0200,,1780.5853117000079,,1782.0834031999693,1783.3693375999574,,,,60.16724088242566,1779.8210519999848,1780.5853117000079,,,1779.796517300012,1780.5604313999647,,,hammer\hammer_19.jpg,,,,,,,,,,,,,,,,,,,,,,,0,0,1,,None,,1780.5853117000079,,,,,,,None,,3,,,2025.2.4,,,1,1780.5642306999653,1782.0689378000097,,,None,None,1780.5748640666754,1781.1007588999928,,,390,0,2026-08-08_13:23:33.102628,390,41,localizer,,None,,,None,,390,390,0,390,,,,,,,,hammer,Marteau,Hammer,
1785.6183296999661,1786.4341686000116,0.81,,,8,1786.4342322999728,1786.4342634999775,,,bread,3,3,,,,,,,,,,,,,,,,,,,,,,,,,,,,,,None,,,None,2026-08-08_12h53.50.844,4,TSRlearn_localizer-concepts,2026-08-08 12h53.53.296918 +0200,,1784.1325142999995,1785.6326878999826,1785.6326878999826,1786.468775199959,,,,60.16724088242566,1783.3693375999574,1784.1325142999995,,,1783.3453253000043,1784.1086791999987,,,bread\bread_04.jpg,,,,,,,,,,,,,,,,,,,,,,,0,0,1,,None,,1784.1325142999995,,,,,,,None,,3,,,2025.2.4,,,1,1784.1114017000073,1785.6182599999593,,,None,None,1784.1232900666694,1785.0489636999555,,,391,0,2026-08-08_13:23:36.650914,391,42,localizer,,None,,,None,,391,391,0,391,,,,,,,,bread,Pain,Brot,
1788.7337166999932,1789.9831912000082,1.25,,,8,1789.983311399992,1789.9833471999737,,,bicycle,2,2,,,,,,,,,,,,,,,,,,,,,,,,,,,,,,None,,,None,2026-08-08_12h53.50.844,20,TSRlearn_localizer-concepts,2026-08-08 12h53.53.296918 +0200,,1787.2320552999736,1788.7311329999939,1788.7475633999566,1790.0176650999929,,,,60.16724088242566,1786.468775199959,1787.2320552999736,,,1786.4515400999808,1787.2191733999643,,,bicycle\bicycle_20.jpg,,,,,,,,,,,,,,,,,,,,,,,0,0,1,,None,,1787.2320552999736,,,,,,,None,,3,,,2025.2.4,,,1,1787.2213754999684,1788.7336495000054,,,None,None,1787.233609766645,1787.9478906999575,,,392,0,2026-08-08_13:23:39.750352,392,43,localizer,,None,,,None,,392,392,0,392,,,,,,,,bicycle,Vélo,Fahrrad,
1792.4831255999743,1793.29892500001,0.81,,,8,1793.2989928000025,1793.2990261999657,,,hand,8,7,,,,,,,,,,,,,,,,,,,,,,,,,,,,,,None,,,r,2026-08-08_12h53.50.844,31,TSRlearn_localizer-concepts,2026-08-08 12h53.53.296918 +0200,,1790.7806901999866,1792.50403989997,1792.50403989997,1793.3337534999591,,,,60.16724088242566,1790.0176650999929,1790.7806901999866,,,1790.0022539999918,1790.7661963999853,,,hand\hand_31.jpg,,,,,,,,,,,,,,,,,,,,,,,0,1,1,,None,,1790.7806901999866,,,,,,,left,,3,,,2025.2.4,,,1,1790.7697886999813,1792.4830550999613,,,None,None,1790.780782366641,1791.2969979000045,,,393,0,2026-08-08_13:23:43.299242,393,44,localizer,,None,,,None,,393,393,0,393,,,,,,,,hammer,Marteau,Hammer,
1795.5981213999912,1796.7483481999952,1.14,,,8,1796.7484289999702,1796.748463099997,,,jacket,10,10,,,,,,,,,,,,,,,,,,,,,,,,,,,,,,None,,,None,2026-08-08_12h53.50.844,41,TSRlearn_localizer-concepts,2026-08-08 12h53.53.296918 +0200,,1794.112719399971,1795.6122358999564,1795.6122358999564,1796.7828044999624,,,,60.16724088242566,1793.3337534999591,1794.112719399971,,,1793.321448999981,1794.0901639999938,,,jacket\jacket_41.jpg,,,,,,,,,,,,,,,,,,,,,,,0,0,1,,None,,1794.112719399971,,,,,,,None,,3,,,2025.2.4,,,1,1794.0954102000105,1795.5980569999665,,,None,None,1794.1046095666281,1794.6459768000059,,,394,0,2026-08-08_13:23:46.615330,394,45,localizer,,None,,,None,,394,394,0,394,,,,,,,,jacket,Veste,Jacke,
1799.0465404000133,1800.1497818999924,1.09,,,8,1800.1498606000096,1800.1498979000025,,,dog,5,5,,,,,,,,,,,,,,,,,,,,,,,,,,,,,,None,,,None,2026-08-08_12h53.50.844,24,TSRlearn_localizer-concepts,2026-08-08 12h53.53.296918 +0200,,1797.5450518999714,1799.0442955999752,1799.0612324000103,1800.1975640999735,,,,60.16724088242566,1796.7828044999624,1797.5450518999714,,,1796.7660915000015,1797.53062949999,,,dog\dog_24.jpg,,,,,,,,,,,,,,,,,,,,,,,0,0,1,,None,,1797.5450518999714,,,,,,,None,,3,,,2025.2.4,,,1,1797.5345005999552,1799.0464742999757,,,None,None,1797.545304866628,1798.0449677999713,,,395,0,2026-08-08_13:23:50.064381,395,46,localizer,,None,,,None,,395,395,0,395,,,,,,,,dog,Chien,Hund,
1802.4632563999621,1803.2958742000046,0.83,,,8,1803.295940299984,1803.2959707999835,,,flower,6,6,,,,,,,,,,,,,,,,,,,,,,,,,,,,,,None,,,None,2026-08-08_12h53.50.844,1,TSRlearn_localizer-concepts,2026-08-08 12h53.53.296918 +0200,,1800.9608899999876,1802.4606455999892,1802.4772981000133,1803.3299199999892,,,,60.16724088242566,1800.1975640999735,1800.9608899999876,,,1800.18736109999,1800.946012899978,,,flower\flower_01.jpg,,,,,,,,,,,,,,,,,,,,,,,0,0,1,,None,,1800.9608899999876,,,,,,,None,,3,,,2025.2.4,,,1,1800.948548699962,1802.4631761999917,,,None,None,1800.9607151666462,1801.8603861999582,,,396,0,2026-08-08_13:23:53.479141,396,47,localizer,,None,,,None,,396,396,0,396,,,,,,,,flower,Fleur,Blume,
1805.594784099958,1806.4440240999684,0.84,,,8,1806.4441331999842,1806.4441635999829,,,hammer,7,7,,,,,,,,,,,,,,,,,,,,,,,,,,,,,,None,,,None,2026-08-08_12h53.50.844,8,TSRlearn_localizer-concepts,2026-08-08 12h53.53.296918 +0200,,1804.0932982999948,1805.5924925999716,1805.6090162000037,1806.4790524999844,,,,60.16724088242566,1803.3299199999892,1804.0932982999948,,,1803.3187386000063,1804.0784355999785,,,hammer\hammer_08.jpg,,,,,,,,,,,,,,,,,,,,,,,0,0,1,,None,,1804.0932982999948,,,,,,,None,,3,,,2025.2.4,,,1,1804.0820001999964,1805.5947089999681,,,None,None,1804.0930392666526,1804.6092179999687,,,397,0,2026-08-08_13:23:56.611496,397,48,localizer,,None,,,None,,397,397,0,397,,,,,,,,hammer,Marteau,Hammer,
1808.7446401999914,1809.9928731999826,1.24,,,8,1809.9929777999641,1809.9930079999613,,,chair,4,4,,,,,,,,,,,,,,,,,,,,,,,,,,,,,,None,,,None,2026-08-08_12h53.50.844,13,TSRlearn_localizer-concepts,2026-08-08 12h53.53.296918 +0200,,1807.2422057999647,1808.7418256999808,1808.7582893999643,1810.028072999965,,,,60.16724088242566,1806.4790524999844,1807.2422057999647,,,1806.4606178000104,1807.2278087000013,,,chair\chair_13.jpg,,,,,,,,,,,,,,,,,,,,,,,0,0,1,,None,,1807.2422057999647,,,,,,,None,,3,,,2025.2.4,,,1,1807.2316192999715,1808.7445683999686,,,None,None,1807.2423139666246,1807.8087708000094,,,398,0,2026-08-08_13:23:59.760629,398,49,localizer,,None,,,None,,398,398,0,398,,,,,,,,chair,Chaise,Stuhl,
1812.2931749999989,1813.4597283999901,1.16,,,8,1813.45985439996,2025.310009000008,1813.4738705999916,1828.4684928999632,jacket,10,10,,,,,,,,,,,,,,,,,,,,,,,,,,,,,0.1236915000481531,r,196.70237590000033,1828.4684928999632,None,2026-08-08_12h53.50.844,36,TSRlearn_localizer-concepts,2026-08-08 12h53.53.296918 +0200,,1810.7908895,1812.290535099979,1812.3072843999835,1813.4738705999916,,,,60.16724088242566,1810.028072999965,1810.7908895,,,1810.0108029000112,1810.7763135999558,,,jacket\jacket_36.jpg,1828.4684928999632,,,,,,,,,,,,,,,,,,,,,,0,0,1,,None,,1810.7908895,,,,,,,None,,3,1813.4738705999916,1828.4684928999632,2025.2.4,,,1,1810.7812020999845,1812.29310109996,,,None,None,1810.7908843666703,1811.3244695999892,,,399,0,2026-08-08_13:24:03.309649,399,50,localizer,0.1236915000481531,r,196.70237590000033,,None,,399,399,0,399,,,,,,,,jacket,Veste,Jacke,
2027.658929599973,2028.692833899986,1.03,,,9,2028.7028668999556,2028.703016799991,,,dog,5,5,,,,,,,,,,,,,,,,,,,,,,,,,,,,,,None,,,None,2026-08-08_12h53.50.844,28,TSRlearn_localizer-concepts,2026-08-08 12h53.53.296918 +0200,,2026.156849699968,2027.656383399968,2027.6729429999832,2028.7583258000086,,,,60.16724088242566,2025.393686699972,2026.156849699968,,,2025.3675094000064,2026.14239980001,,,dog\dog_28.jpg,,,,,,,,,,,,,,,,,,,,,,,0,0,1,,None,,2026.156849699968,,,,,,,None,,3,,,2025.2.4,,,1,2026.1488210000098,2027.6588577000075,,,None,None,2026.156909766669,2026.6578324000002,,,400,0,2026-08-08_13:27:38.675263,400,1,localizer,,None,,,None,,400,400,0,400,,,,,,,,dog,Chien,Hund,
2031.01938839996,2032.1741103999666,1.14,,,9,2032.1741851000115,2032.1742221000022,,,house,9,9,,,,,,,,,,,,,,,,,,,,,,,,,,,,,,None,,,None,2026-08-08_12h53.50.844,38,TSRlearn_localizer-concepts,2026-08-08 12h53.53.296918 +0200,,2029.5386244999827,,2031.0383870999794,2032.2077249999857,,,,60.16724088242566,2028.7583258000086,2029.5386244999827,,,2028.7470133999595,2029.5092250999878,,,house\house_38.jpg,,,,,,,,,,,,,,,,,,,,,,,0,0,1,,None,,2029.5386244999827,,,,,,,None,,3,,,2025.2.4,,,1,2029.5201341999928,2031.0192911999766,,,None,None,2029.5227368666713,2030.0730614999775,,,401,0,2026-08-08_13:27:42.039902,401,2,localizer,,None,,,None,,401,401,0,401,,,,,,,,house,Maison,Haus,
2034.47640699998,2035.5224780999706,1.05,,,9,2035.5225441000075,2035.5225739000016,,,hammer,7,7,,,,,,,,,,,,,,,,,,,,,,,,,,,,,,None,,,None,2026-08-08_12h53.50.844,32,TSRlearn_localizer-concepts,2026-08-08 12h53.53.296918 +0200,,2032.9716224999866,2034.4713495000033,2034.4877232,2035.6225865999586,,,,60.16724088242566,2032.2077249999857,2032.9716224999866,,,2032.1981327999965,2032.9578556999913,,,hammer\hammer_32.jpg,,,,,,,,,,,,,,,,,,,,,,,0,0,1,,None,,2032.9716224999866,,,,,,,None,,3,,,2025.2.4,,,1,2032.964067999972,2034.476268199971,,,None,None,2032.9717390666522,2033.4877561999601,,,402,0,2026-08-08_13:27:45.489301,402,3,localizer,,None,,,None,,402,402,0,402,,,,,,,,hammer,Marteau,Hammer,
2037.8732735000085,2038.6719688999583,0.79,,,9,2038.6727634000126,2038.6728015000117,,,ball,1,1,,,,,,,,,,,,,,,,,,,,,,,,,,,,,,None,,,None,2026-08-08_12h53.50.844,3,TSRlearn_localizer-concepts,2026-08-08 12h53.53.296918 +0200,,2036.3872542000026,2037.8929548999877,2037.8929548999877,2038.7117549999966,,,,60.16724088242566,2035.6225865999586,2036.3872542000026,,,2035.584021299961,2036.372308799997,,,ball\ball_03.jpg,,,,,,,,,,,,,,,,,,,,,,,0,0,1,,None,,2036.3872542000026,,,,,,,None,,3,,,2025.2.4,,,1,2036.3780574999982,2037.8731912999647,,,None,None,2036.3869129666748,2037.1773576000123,,,403,0,2026-08-08_13:27:48.904163,403,4,localizer,,None,,,None,,403,403,0,403,,,,,,,,ball,Ballon,Ball,
2040.9736724999966,2041.856598399987,0.87,,,9,2041.8566739999806,2041.856712399982,,,house,9,9,,,,,,,,,,,,,,,,,,,,,,,,,,,,,,None,,,None,2026-08-08_12h53.50.844,40,TSRlearn_localizer-concepts,2026-08-08 12h53.53.296918 +0200,,2039.4884366999613,,2040.9856918999576,2041.923245599959,,,,60.16724088242566,2038.7117549999966,2039.4884366999613,,,2038.6933131999685,2039.4603457999765,,,house\house_40.jpg,,,,,,,,,,,,,,,,,,,,,,,0,0,1,,None,,2039.4884366999613,,,,,,,None,,3,,,2025.2.4,,,1,2039.468094599957,2040.973589500005,,,None,None,2039.4734474666222,2040.0249915999593,,,404,0,2026-08-08_13:27:51.993331,404,5,localizer,,None,,,None,,404,404,0,404,,,,,,,,house,Maison,Haus,
2044.1870606999728,2045.0525204999722,0.86,,,9,2045.0525871999562,2045.0526169000077,,,hand,8,8,,,,,,,,,,,,,,,,,,,,,,,,,,,,,,None,,,None,2026-08-08_12h53.50.844,16,TSRlearn_localizer-concepts,2026-08-08 12h53.53.296918 +0200,,2042.6851816999842,2044.1846121000126,2044.2012538000126,2045.0868101000087,,,,60.16724088242566,2041.923245599959,2042.6851816999842,,,2041.8997199999867,2042.6713756999816,,,hand\hand_16.jpg,,,,,,,,,,,,,,,,,,,,,,,0,0,1,,None,,2042.6851816999842,,,,,,,None,,3,,,2025.2.4,,,1,2042.6764095000108,2044.1869897999568,,,None,None,2042.6851745666393,2043.169213599991,,,405,0,2026-08-08_13:27:55.204822,405,6,localizer,,None,,,None,,405,405,0,405,,,,,,,,hand,Main,Hand,
2047.5689464999596,2048.55203099997,0.97,,,9,2048.552100299974,2048.552132699988,,,hammer,7,5,,,,,,,,,,,,,,,,,,,,,,,,,,,,,,None,,,r,2026-08-08_12h53.50.844,16,TSRlearn_localizer-concepts,2026-08-08 12h53.53.296918 +0200,,2045.8506246999605,2047.583263700013,2047.583263700013,2048.586056499975,,,,60.16724088242566,2045.0868101000087,2045.8506246999605,,,2045.0694105000002,2045.8364777999814,,,hammer\hammer_16.jpg,,,,,,,,,,,,,,,,,,,,,,,0,1,1,,None,,2045.8506246999605,,,,,,,right,,3,,,2025.2.4,,,1,2045.839807399956,2047.5688866999699,,,None,None,2045.8510825666638,2046.3505412999657,,,406,0,2026-08-08_13:27:58.368387,406,7,localizer,,None,,,None,,406,406,0,406,,,,,,,,dog,Chien,Hund,
2050.8516587999766,2052.068048999994,1.21,,,9,2052.068121899967,2052.0681561999954,,,chair,4,4,,,,,,,,,,,,,,,,,,,,,,,,,,,,,,None,,,None,2026-08-08_12h53.50.844,3,TSRlearn_localizer-concepts,2026-08-08 12h53.53.296918 +0200,,2049.3496367000043,2050.849165099964,2050.865729299956,2052.1418544999906,,,,60.16724088242566,2048.586056499975,2049.3496367000043,,,2048.5742745999596,2049.335403200006,,,chair\chair_03.jpg,,,,,,,,,,,,,,,,,,,,,,,0,0,1,,None,,2049.3496367000043,,,,,,,None,,3,,,2025.2.4,,,1,2049.3412574999966,2050.851590299979,,,None,None,2049.3497543666786,2049.915964099986,,,407,0,2026-08-08_13:28:01.867633,407,8,localizer,,None,,,None,,407,407,0,407,,,,,,,,chair,Chaise,Stuhl,
2054.4012958999956,2055.499441199994,1.1,,,9,2055.499540399993,2055.499605799967,,,jacket,10,10,,,,,,,,,,,,,,,,,,,,,,,,,,,,,,None,,,None,2026-08-08_12h53.50.844,44,TSRlearn_localizer-concepts,2026-08-08 12h53.53.296918 +0200,,2052.9144505999866,2054.4144833000028,2054.4144833000028,2055.5513528999873,,,,60.16724088242566,2052.1418544999906,2052.9144505999866,,,2052.124369899975,2052.8939756999607,,,jacket\jacket_44.jpg,,,,,,,,,,,,,,,,,,,,,,,0,0,1,,None,,2052.9144505999866,,,,,,,None,,3,,,2025.2.4,,,1,2052.899950799998,2054.4012271999964,,,None,None,2052.907378166627,2053.448197999969,,,408,0,2026-08-08_13:28:05.423431,408,9,localizer,,None,,,None,,408,408,0,408,,,,,,,,jacket,Veste,Jacke,
2057.8159978999756,2058.9320488999947,1.11,,,9,2058.932114199968,2058.932144899969,,,bread,3,3,,,,,,,,,,,,,,,,,,,,,,,,,,,,,,None,,,None,2026-08-08_12h53.50.844,4,TSRlearn_localizer-concepts,2026-08-08 12h53.53.296918 +0200,,2056.3146202999633,2057.8134881999576,2057.830188199994,2059.008071999997,,,,60.16724088242566,2055.5513528999873,2056.3146202999633,,,2055.529311499966,2056.300047800003,,,bread\bread_04.jpg,,,,,,,,,,,,,,,,,,,,,,,0,0,1,,None,,2056.3146202999633,,,,,,,None,,3,,,2025.2.4,,,1,2056.305770999985,2057.8159281999688,,,None,None,2056.314218866643,2057.246768299956,,,409,0,2026-08-08_13:28:08.832929,409,10,localizer,,None,,,None,,409,409,0,409,,,,,,,,bread,Pain,Brot,
2061.4812321999925,2062.714750199986,1.22,,,9,2062.714835699997,2062.71487039997,,,flower,6,4,,,,,,,,,,,,,,,,,,,,,,,,,,,,,,None,,,r,2026-08-08_12h53.50.844,44,TSRlearn_localizer-concepts,2026-08-08 12h53.53.296918 +0200,,2059.766137700004,2061.496149899962,2061.496149899962,2062.7667306999792,,,,60.16724088242566,2059.008071999997,2059.766137700004,,,2058.988248199981,2059.748706299986,,,flower\flower_44.jpg,,,,,,,,,,,,,,,,,,,,,,,0,1,1,,None,,2059.766137700004,,,,,,,right,,3,,,2025.2.4,,,1,2059.7529573999927,2061.4811695999815,,,None,None,2059.7630935666425,2060.329212499957,,,410,0,2026-08-08_13:28:12.289648,410,11,localizer,,None,,,None,,410,410,0,410,,,,,,,,chair,Chaise,Stuhl,
2065.030678699957,2066.129901999957,1.1,,,9,2066.1299717999646,2066.1300050999853,,,hand,8,8,,,,,,,,,,,,,,,,,,,,,,,,,,,,,,None,,,None,2026-08-08_12h53.50.844,21,TSRlearn_localizer-concepts,2026-08-08 12h53.53.296918 +0200,,2063.5287064999575,2065.0280644999584,2065.0447194000008,2066.2031454999815,,,,60.16724088242566,2062.7667306999792,2063.5287064999575,,,2062.748166300007,2063.514897599991,,,hand\hand_21.jpg,,,,,,,,,,,,,,,,,,,,,,,0,0,1,,None,,2063.5287064999575,,,,,,,None,,3,,,2025.2.4,,,1,2063.5185799999745,2065.0306085000047,,,None,None,2063.5290840666316,2064.028295199969,,,411,0,2026-08-08_13:28:16.048307,411,12,localizer,,None,,,None,,411,411,0,411,,,,,,,,hand,Main,Hand,
2068.4627331999945,2069.5524698999943,1.09,,,9,2069.5525427999673,2069.5525775999995,,,house,9,9,,,,,,,,,,,,,,,,,,,,,,,,,,,,,,None,,,None,2026-08-08_12h53.50.844,43,TSRlearn_localizer-concepts,2026-08-08 12h53.53.296918 +0200,,2066.960691299988,2068.4602773999795,2068.476932199963,2069.6159046000103,,,,60.16724088242566,2066.2031454999815,2066.960691299988,,,2066.1825398000074,2066.9461727999733,,,house\house_43.jpg,,,,,,,,,,,,,,,,,,,,,,,0,0,1,,None,,2066.960691299988,,,,,,,None,,3,,,2025.2.4,,,1,2066.9516251999885,2068.4626449999632,,,None,None,2066.9607142666396,2067.510527000006,,,412,0,2026-08-08_13:28:19.484722,412,13,localizer,,None,,,None,,412,412,0,412,,,,,,,,house,Maison,Haus,
2071.8794524999685,2072.6949389000074,0.81,,,9,2072.695011999982,2072.6950494999764,,,dog,5,5,,,,,,,,,,,,,,,,,,,,,,,,,,,,,,None,,,None,2026-08-08_12h53.50.844,12,TSRlearn_localizer-concepts,2026-08-08 12h53.53.296918 +0200,,2070.3834700000007,2071.8927305999678,2071.8927305999678,2072.7454053999973,,,,60.16724088242566,2069.6159046000103,2070.3834700000007,,,2069.5931674999883,2070.3657161999727,,,dog\dog_12.jpg,,,,,,,,,,,,,,,,,,,,,,,0,0,1,,None,,2070.3834700000007,,,,,,,None,,3,,,2025.2.4,,,1,2070.3694855999784,2071.879374000011,,,None,None,2070.3798383666476,2070.8844333000015,,,413,0,2026-08-08_13:28:22.897481,413,14,localizer,,None,,,None,,413,413,0,413,,,,,,,,dog,Chien,Hund,
2074.9962192999665,2076.2052735000034,1.19,,,9,2076.205422399973,2076.2054918999784,,,flower,6,6,,,,,,,,,,,,,,,,,,,,,,,,,,,,,,None,,,None,2026-08-08_12h53.50.844,14,TSRlearn_localizer-concepts,2026-08-08 12h53.53.296918 +0200,,2073.508860400005,2075.0095336000086,2075.0095336000086,2076.2623279999825,,,,60.16724088242566,2072.7454053999973,2073.508860400005,,,2072.7279835999943,2073.4953150000074,,,flower\flower_14.jpg,,,,,,,,,,,,,,,,,,,,,,,0,0,1,,None,,2073.508860400005,,,,,,,None,,3,,,2025.2.4,,,1,2073.4998938000062,2074.996098399977,,,None,None,2073.5088028666255,2074.4091764999903,,,414,0,2026-08-08_13:28:26.026982,414,15,localizer,,None,,,None,,414,414,0,414,,,,,,,,flower,Fleur,Blume,
2078.513190399972,2079.542307799973,1.03,,,9,2079.5423779999837,2079.542411900009,,,bicycle,2,2,,,,,,,,,,,,,,,,,,,,,,,,,,,,,,None,,,None,2026-08-08_12h53.50.844,6,TSRlearn_localizer-concepts,2026-08-08 12h53.53.296918 +0200,,2077.025170399982,2078.524142200011,2078.524142200011,2079.593923299981,,,,60.16724088242566,2076.2623279999825,2077.025170399982,,,2076.2377598999883,2077.0122814999777,,,bicycle\bicycle_06.jpg,,,,,,,,,,,,,,,,,,,,,,,0,0,1,,None,,2077.025170399982,,,,,,,None,,3,,,2025.2.4,,,1,2077.017394399969,2078.513075899973,,,None,None,2077.024866966651,2077.7409515999607,,,415,0,2026-08-08_13:28:29.543904,415,16,localizer,,None,,,None,,415,415,0,415,,,,,,,,bicycle,Vélo,Fahrrad,
2081.858406799962,2082.6592667999794,0.8,,,9,2082.6593442999874,2082.659382999991,,,ball,1,1,,,,,,,,,,,,,,,,,,,,,,,,,,,,,,None,,,None,2026-08-08_12h53.50.844,34,TSRlearn_localizer-concepts,2026-08-08 12h53.53.296918 +0200,,2080.3564157999936,2081.855732599972,2081.8725531999953,2082.6926401999663,,,,60.16724088242566,2079.593923299981,2080.3564157999936,,,2079.5760155000025,2080.3425899999565,,,ball\ball_34.jpg,,,,,,,,,,,,,,,,,,,,,,,0,0,1,,None,,2080.3564157999936,,,,,,,None,,3,,,2025.2.4,,,1,2080.3463384999777,2081.8583356000017,,,None,None,2080.3566097666667,2081.1396317000035,,,416,0,2026-08-08_13:28:32.875500,416,17,localizer,,None,,,None,,416,416,0,416,,,,,,,,ball,Ballon,Ball,
2084.9577067999635,2085.8248467000085,0.86,,,9,2085.824945100001,2085.824982499995,,,bicycle,2,2,,,,,,,,,,,,,,,,,,,,,,,,,,,,,,None,,,None,2026-08-08_12h53.50.844,40,TSRlearn_localizer-concepts,2026-08-08 12h53.53.296918 +0200,,2083.455465200008,2084.955182100006,2084.971681199968,2085.8744352000067,,,,60.16724088242566,2082.6926401999663,2083.455465200008,,,2082.6802700000117,2083.4411898999824,,,bicycle\bicycle_40.jpg,,,,,,,,,,,,,,,,,,,,,,,0,0,1,,None,,2083.455465200008,,,,,,,None,,3,,,2025.2.4,,,1,2083.4436062999885,2084.957633199985,,,None,None,2083.45546266664,2084.1551546999835,,,417,0,2026-08-08_13:28:35.974217,417,18,localizer,,None,,,None,,417,417,0,417,,,,,,,,bicycle,Vélo,Fahrrad,
2088.1423634999665,2089.0887689999654,0.94,,,9,2089.0888376999646,2089.0888705999823,,,dog,5,5,,,,,,,,,,,,,,,,,,,,,,,,,,,,,,None,,,None,2026-08-08_12h53.50.844,6,TSRlearn_localizer-concepts,2026-08-08 12h53.53.296918 +0200,,2086.6378747000126,2088.137937799969,2088.1614754999755,2089.1397133999853,,,,60.16724088242566,2085.8744352000067,2086.6378747000126,,,2085.857047599973,2086.624009699968,,,dog\dog_06.jpg,,,,,,,,,,,,,,,,,,,,,,,0,0,1,,None,,2086.6378747000126,,,,,,,None,,3,,,2025.2.4,,,1,2086.627660099999,2088.142286599963,,,None,None,2086.6376968666486,2087.1275260999682,,,418,0,2026-08-08_13:28:39.156012,418,19,localizer,,None,,,None,,418,418,0,418,,,,,,,,dog,Chien,Hund,
2091.3969277999713,2092.4218515999964,1.02,,,9,2092.42193219997,2092.4219704999705,,,jacket,10,10,,,,,,,,,,,,,,,,,,,,,,,,,,,,,,None,,,None,2026-08-08_12h53.50.844,28,TSRlearn_localizer-concepts,2026-08-08 12h53.53.296918 +0200,,2089.9197981999605,,2091.4028951000073,2092.516979500011,,,,60.16724088242566,2089.1397133999853,2089.9197981999605,,,2089.121650099987,2089.891067599994,,,jacket\jacket_28.jpg,,,,,,,,,,,,,,,,,,,,,,,0,0,1,,None,,2089.9197981999605,,,,,,,None,,3,,,2025.2.4,,,1,2089.8980048999656,2091.396848400007,,,None,None,2089.904792266669,2090.458909899986,,,419,0,2026-08-08_13:28:42.421290,419,20,localizer,,None,,,None,,419,419,0,419,,,,,,,,jacket,Veste,Jacke,
2094.7742918999866,2095.5698965999763,0.79,,,9,2095.569963399961,2095.569994499965,,,ball,1,1,,,,,,,,,,,,,,,,,,,,,,,,,,,,,,None,,,None,2026-08-08_12h53.50.844,42,TSRlearn_localizer-concepts,2026-08-08 12h53.53.296918 +0200,,2093.2686084999586,2094.7700202999986,2094.786416799994,2095.623503699957,,,,60.16724088242566,2092.516979500011,2093.2686084999586,,,2092.47435959999,2093.2561251999578,,,ball\ball_42.jpg,,,,,,,,,,,,,,,,,,,,,,,0,0,1,,None,,2093.2686084999586,,,,,,,None,,3,,,2025.2.4,,,1,2093.2594315999886,2094.7742039999575,,,None,None,2093.270394366646,2094.051640199963,,,420,0,2026-08-08_13:28:45.798556,420,21,localizer,,None,,,None,,420,420,0,420,,,,,,,,ball,Ballon,Ball,
2097.8871859000064,2099.13539099996,1.25,,,9,2099.1354869999923,2099.13551990001,,,bread,3,3,,,,,,,,,,,,,,,,,,,,,,,,,,,,,,None,,,None,2026-08-08_12h53.50.844,27,TSRlearn_localizer-concepts,2026-08-08 12h53.53.296918 +0200,,2096.3844456999796,2097.884210599994,2097.9008392000105,2099.1702664999757,,,,60.16724088242566,2095.623503699957,2096.3844456999796,,,2095.612577299995,2096.3703609000077,,,bread\bread_27.jpg,,,,,,,,,,,,,,,,,,,,,,,0,0,1,,None,,2096.3844456999796,,,,,,,None,,3,,,2025.2.4,,,1,2096.374507499975,2097.8870892999694,,,None,None,2096.3844499666634,2097.300552300003,,,421,0,2026-08-08_13:28:48.905080,421,22,localizer,,None,,,None,,421,421,0,421,,,,,,,,bread,Pain,Brot,
2101.4377036999795,2102.586700199987,1.15,,,9,2102.586771800008,2102.586806999985,,,house,9,9,,,,,,,,,,,,,,,,,,,,,,,,,,,,,,None,,,None,2026-08-08_12h53.50.844,7,TSRlearn_localizer-concepts,2026-08-08 12h53.53.296918 +0200,,2099.9495790000074,2101.449754900008,2101.449754900008,2102.6191650999826,,,,60.16724088242566,2099.1702664999757,2099.9495790000074,,,2099.1548035999876,2099.926767900004,,,house\house_07.jpg,,,,,,,,,,,,,,,,,,,,,,,0,0,1,,None,,2099.9495790000074,,,,,,,None,,3,,,2025.2.4,,,1,2099.931782700005,2101.4376326999627,,,None,None,2099.9403633666266,2100.482926699973,,,422,0,2026-08-08_13:28:52.451843,422,23,localizer,,None,,,None,,422,422,0,422,,,,,,,,house,Maison,Haus,
2104.8845555000007,2105.9671248999657,1.08,,,9,2105.9671967999893,2105.967230899958,,,hammer,7,7,,,,,,,,,,,,,,,,,,,,,,,,,,,,,,None,,,None,2026-08-08_12h53.50.844,13,TSRlearn_localizer-concepts,2026-08-08 12h53.53.296918 +0200,,2103.3823864999576,2104.8818357999553,2104.8985118999844,2106.0026305000065,,,,60.16724088242566,2102.6191650999826,2103.3823864999576,,,2102.609200900013,2103.36820919998,,,hammer\hammer_13.jpg,,,,,,,,,,,,,,,,,,,,,,,0,0,1,,None,,2103.3823864999576,,,,,,,None,,3,,,2025.2.4,,,1,2103.3732928999816,2104.8844813999604,,,None,None,2103.3823173666647,2103.8998480999726,,,423,0,2026-08-08_13:28:55.900742,423,24,localizer,,None,,,None,,423,423,0,423,,,,,,,,hammer,Marteau,Hammer,
2108.266893799999,2109.1821683999733,0.91,,,9,2109.182241600007,2109.182277099986,,,bicycle,2,2,,,,,,,,,,,,,,,,,,,,,,,,,,,,,,None,,,None,2026-08-08_12h53.50.844,30,TSRlearn_localizer-concepts,2026-08-08 12h53.53.296918 +0200,,2106.764468999987,2108.264107199968,2108.280762500013,2109.233178699971,,,,60.16724088242566,2106.0026305000065,2106.764468999987,,,2105.9843978999997,2106.7508154999814,,,bicycle\bicycle_30.jpg,,,,,,,,,,,,,,,,,,,,,,,0,0,1,,None,,2106.764468999987,,,,,,,None,,3,,,2025.2.4,,,1,2106.7532875000034,2108.2668226999813,,,None,None,2106.764668866647,2107.464234999963,,,424,0,2026-08-08_13:28:59.284207,424,25,localizer,,None,,,None,,424,424,0,424,,,,,,,,bicycle,Vélo,Fahrrad,
2111.4826407000073,2112.597804799967,1.11,,,9,2112.597931600001,2112.5979695999995,,,flower,6,6,,,,,,,,,,,,,,,,,,,,,,,,,,,,,,None,,,None,2026-08-08_12h53.50.844,1,TSRlearn_localizer-concepts,2026-08-08 12h53.53.296918 +0200,,2109.9965837000054,2111.496220799978,2111.496220799978,2112.690748199995,,,,60.16724088242566,2109.233178699971,2109.9965837000054,,,2109.21457989997,2109.981711499975,,,flower\flower_01.jpg,,,,,,,,,,,,,,,,,,,,,,,0,0,1,,None,,2109.9965837000054,,,,,,,None,,3,,,2025.2.4,,,1,2109.984784499975,2111.4825691999868,,,None,None,2109.996431366661,2110.903223100002,,,425,0,2026-08-08_13:29:02.514755,425,26,localizer,,None,,,None,,425,425,0,425,,,,,,,,flower,Fleur,Blume,
2114.9475660999888,2115.880854099989,0.92,,,9,2115.880924199999,2115.880958899972,,,hand,8,8,,,,,,,,,,,,,,,,,,,,,,,,,,,,,,None,,,None,2026-08-08_12h53.50.844,44,TSRlearn_localizer-concepts,2026-08-08 12h53.53.296918 +0200,,2113.4456826999667,2114.944938600005,2114.961763600004,2115.917536199966,,,,60.16724088242566,2112.690748199995,2113.4456826999667,,,2112.645550999965,2113.431650499988,,,hand\hand_44.jpg,,,,,,,,,,,,,,,,,,,,,,,0,0,1,,None,,2113.4456826999667,,,,,,,None,,3,,,2025.2.4,,,1,2113.440115000005,2114.947469000006,,,None,None,2113.4458302666358,2113.952435799991,,,426,0,2026-08-08_13:29:05.972325,426,27,localizer,,None,,,None,,426,426,0,426,,,,,,,,hand,Main,Hand,
2118.3800465000095,2119.5797576999757,1.2,,,9,2119.579828499991,2119.5798622999573,,,dog,5,10,,,,,,,,,,,,,,,,,,,,,,,,,,,,,,None,,,r,2026-08-08_12h53.50.844,35,TSRlearn_localizer-concepts,2026-08-08 12h53.53.296918 +0200,,2116.6778984999983,2118.394220599963,2118.394220599963,2119.614101199957,,,,60.16724088242566,2115.917536199966,2116.6778984999983,,,2115.8977956000017,2116.663497500005,,,dog\dog_35.jpg,,,,,,,,,,,,,,,,,,,,,,,0,1,1,,None,,2116.6778984999983,,,,,,,right,,3,,,2025.2.4,,,1,2116.668139999965,2118.379978699959,,,None,None,2116.6778462666593,2117.2278333999566,,,427,0,2026-08-08_13:29:09.199113,427,28,localizer,,None,,,None,,427,427,0,427,,,,,,,,jacket,Veste,Jacke,
2121.8820814999635,2123.0954209999763,1.21,,,9,2123.095492799999,2123.0955278999754,,,chair,4,4,,,,,,,,,,,,,,,,,,,,,,,,,,,,,,None,,,None,2026-08-08_12h53.50.844,13,TSRlearn_localizer-concepts,2026-08-08 12h53.53.296918 +0200,,2120.376696099993,2121.8988310999703,2121.8988310999703,2123.1460472999606,,,,60.16724088242566,2119.614101199957,2120.376696099993,,,2119.596954400011,2120.363256099983,,,chair\chair_13.jpg,,,,,,,,,,,,,,,,,,,,,,,0,0,1,,None,,2120.376696099993,,,,,,,None,,3,,,2025.2.4,,,1,2120.367912899994,2121.8819658999564,,,None,None,2120.377361266645,2120.9437003000057,,,428,0,2026-08-08_13:29:12.895678,428,29,localizer,,None,,,None,,428,428,0,428,,,,,,,,chair,Chaise,Stuhl,
2125.411682999984,2126.4770729999873,1.06,,,9,2126.47713949997,2126.477171299979,,,bread,3,3,,,,,,,,,,,,,,,,,,,,,,,,,,,,,,None,,,None,2026-08-08_12h53.50.844,3,TSRlearn_localizer-concepts,2026-08-08 12h53.53.296918 +0200,,2123.909166999976,2125.4094325999613,2125.4249041999574,2126.5278560000006,,,,60.16724088242566,2123.1460472999606,2123.909166999976,,,2123.128627499973,2123.895316499984,,,bread\bread_03.jpg,,,,,,,,,,,,,,,,,,,,,,,0,0,1,,None,,2123.909166999976,,,,,,,None,,3,,,2025.2.4,,,1,2123.898560600006,2125.4116069999873,,,None,None,2123.909060466631,2124.825114899955,,,429,0,2026-08-08_13:29:16.427624,429,30,localizer,,None,,,None,,429,429,0,429,,,,,,,,bread,Pain,Brot,
2128.7928924000007,2129.991862999974,1.19,,,9,2129.9919268999947,2129.9919562999858,,,chair,4,4,,,,,,,,,,,,,,,,,,,,,,,,,,,,,,None,,,None,2026-08-08_12h53.50.844,24,TSRlearn_localizer-concepts,2026-08-08 12h53.53.296918 +0200,,2127.291251699964,2128.790428999986,2128.8073793000076,2130.0814222999616,,,,60.16724088242566,2126.5278560000006,2127.291251699964,,,2126.506280899979,2127.2772073000087,,,chair\chair_24.jpg,,,,,,,,,,,,,,,,,,,,,,,0,0,1,,None,,2127.291251699964,,,,,,,None,,3,,,2025.2.4,,,1,2127.280764999974,2128.7928242000053,,,None,None,2127.2917867666733,2127.8575978999725,,,430,0,2026-08-08_13:29:19.809433,430,31,localizer,,None,,,None,,430,430,0,430,,,,,,,,chair,Chaise,Stuhl,
2132.542054999969,2133.342284399958,0.79,,,9,2133.342351600004,2133.34238300001,,,hand,8,9,,,,,,,,,,,,,,,,,,,,,,,,,,,,,,None,,,r,2026-08-08_12h53.50.844,46,TSRlearn_localizer-concepts,2026-08-08 12h53.53.296918 +0200,,2130.840114599967,2132.5559298999724,2132.5559298999724,2133.3945974999806,,,,60.16724088242566,2130.0814222999616,2130.840114599967,,,2130.0458212000085,2130.825595400005,,,hand\hand_46.jpg,,,,,,,,,,,,,,,,,,,,,,,0,1,1,,None,,2130.840114599967,,,,,,,right,,3,,,2025.2.4,,,1,2130.830194799986,2132.541982900002,,,None,None,2130.8400813666562,2131.3731756999623,,,431,0,2026-08-08_13:29:23.362999,431,32,localizer,,None,,,None,,431,431,0,431,,,,,,,,house,Maison,Haus,
2135.643554899958,2136.7918894999893,1.14,,,9,2136.7920056000003,2136.7920862999745,,,jacket,10,10,,,,,,,,,,,,,,,,,,,,,,,,,,,,,,None,,,None,2026-08-08_12h53.50.844,7,TSRlearn_localizer-concepts,2026-08-08 12h53.53.296918 +0200,,2134.15576579998,2135.656400399981,2135.656400399981,2136.8260888999794,,,,60.16724088242566,2133.3945974999806,2134.15576579998,,,2133.3743721999926,2134.1421876999666,,,jacket\jacket_07.jpg,,,,,,,,,,,,,,,,,,,,,,,0,0,1,,None,,2134.15576579998,,,,,,,None,,3,,,2025.2.4,,,1,2134.1473521000007,2135.643445499998,,,None,None,2134.156191666673,2134.6889521999983,,,432,0,2026-08-08_13:29:26.676174,432,33,localizer,,None,,,None,,432,432,0,432,,,,,,,,jacket,Veste,Jacke,
2139.0899643999874,2139.922322999977,0.82,,,9,2139.922385699989,2139.9224151999806,,,ball,1,1,,,,,,,,,,,,,,,,,,,,,,,,,,,,,,None,,,None,2026-08-08_12h53.50.844,4,TSRlearn_localizer-concepts,2026-08-08 12h53.53.296918 +0200,,2137.5879515999695,2139.0874198999954,2139.1040763999918,2139.9737089999835,,,,60.16724088242566,2136.8260888999794,2137.5879515999695,,,2136.813401499996,2137.575065299985,,,ball\ball_04.jpg,,,,,,,,,,,,,,,,,,,,,,,0,0,1,,None,,2137.5879515999695,,,,,,,None,,3,,,2025.2.4,,,1,2137.578294900013,2139.0898933999706,,,None,None,2137.5891487666563,2138.370754099975,,,433,0,2026-08-08_13:29:30.107665,433,34,localizer,,None,,,None,,433,433,0,433,,,,,,,,ball,Ballon,Ball,
2142.238848100009,2143.142330500006,0.89,,,9,2143.142467700003,2143.1425288000028,,,flower,6,6,,,,,,,,,,,,,,,,,,,,,,,,,,,,,,None,,,None,2026-08-08_12h53.50.844,30,TSRlearn_localizer-concepts,2026-08-08 12h53.53.296918 +0200,,2140.744081599987,2142.2528264999855,2142.2528264999855,2143.1897633000044,,,,60.16724088242566,2139.9737089999835,2140.744081599987,,,2139.9569350999664,2140.724711499992,,,flower\flower_30.jpg,,,,,,,,,,,,,,,,,,,,,,,0,0,1,,None,,2140.744081599987,,,,,,,None,,3,,,2025.2.4,,,1,2140.7280782999587,2142.238783699984,,,None,None,2140.738789166677,2141.6369046999607,,,434,0,2026-08-08_13:29:33.255286,434,35,localizer,,None,,,None,,434,434,0,434,,,,,,,,flower,Fleur,Blume,
2145.4471442999784,2146.6882246999885,1.22,,,9,2146.688298199966,2146.688333600003,,,hammer,7,7,,,,,,,,,,,,,,,,,,,,,,,,,,,,,,None,,,None,2026-08-08_12h53.50.844,6,TSRlearn_localizer-concepts,2026-08-08 12h53.53.296918 +0200,,2143.9528127000085,2145.47040749999,2145.47040749999,2146.8782902999665,,,,60.16724088242566,2143.1897633000044,2143.9528127000085,,,2143.1742553999647,2143.938263499993,,,hammer\hammer_06.jpg,,,,,,,,,,,,,,,,,,,,,,,0,0,1,,None,,2143.9528127000085,,,,,,,None,,3,,,2025.2.4,,,1,2143.942234899965,2145.44703380001,,,None,None,2143.9526481666294,2144.4690501999576,,,435,0,2026-08-08_13:29:36.471340,435,36,localizer,,None,,,None,,435,435,0,435,,,,,,,,hammer,Marteau,Hammer,
2149.1372371999896,2150.256254500011,1.11,,,9,2150.2563723999774,2150.2564367000014,,,ball,1,1,,,,,,,,,,,,,,,,,,,,,,,,,,,,,,None,,,None,2026-08-08_12h53.50.844,19,TSRlearn_localizer-concepts,2026-08-08 12h53.53.296918 +0200,,2147.6348265999695,2149.134388800012,2149.1509626999614,2150.3802718999796,,,,60.16724088242566,2146.8782902999665,2147.6348265999695,,,2146.7910890000057,2147.62090129999,,,ball\ball_19.jpg,,,,,,,,,,,,,,,,,,,,,,,0,0,1,,None,,2147.6348265999695,,,,,,,None,,3,,,2025.2.4,,,1,2147.6243613999686,2149.137165299966,,,None,None,2147.6350703666726,2148.4176345999585,,,436,0,2026-08-08_13:29:40.159867,436,37,localizer,,None,,,None,,436,436,0,436,,,,,,,,ball,Ballon,Ball,
2152.6363344999845,2153.6680993000045,1.02,,,9,2153.668165899988,2153.668197299994,,,bread,3,3,,,,,,,,,,,,,,,,,,,,,,,,,,,,,,None,,,None,2026-08-08_12h53.50.844,36,TSRlearn_localizer-concepts,2026-08-08 12h53.53.296918 +0200,,2151.135484199971,2152.6500268999953,2152.6500268999953,2153.704957299982,,,,60.16724088242566,2150.3802718999796,2151.135484199971,,,2150.355352399987,2151.1218400999787,,,bread\bread_36.jpg,,,,,,,,,,,,,,,,,,,,,,,0,0,1,,None,,2151.135484199971,,,,,,,None,,3,,,2025.2.4,,,1,2151.1263094999595,2152.6362634999678,,,None,None,2151.135506166673,2152.0667516000103,,,437,0,2026-08-08_13:29:43.661848,437,38,localizer,,None,,,None,,437,437,0,437,,,,,,,,bread,Pain,Brot,
2155.9747405999806,2157.150289299956,1.18,,,9,2157.1503550999914,2157.150385599991,,,jacket,10,10,,,,,,,,,,,,,,,,,,,,,,,,,,,,,,None,,,None,2026-08-08_12h53.50.844,15,TSRlearn_localizer-concepts,2026-08-08 12h53.53.296918 +0200,,2154.465927299985,2155.972112699994,2155.9820735999965,2157.2015116999974,,,,60.16724088242566,2153.704957299982,2154.465927299985,,,2153.686123899999,2154.4525064000045,,,jacket\jacket_15.jpg,,,,,,,,,,,,,,,,,,,,,,,0,0,1,,None,,2154.465927299985,,,,,,,None,,3,,,2025.2.4,,,1,2154.457521400007,2155.9746673000045,,,None,None,2154.465804266631,2154.9989978999947,,,438,0,2026-08-08_13:29:46.986534,438,39,localizer,,None,,,None,,438,438,0,438,,,,,,,,jacket,Veste,Jacke,
2159.467100300011,2160.2674601000035,0.8,,,9,2160.2675416999846,2160.2675810999935,,,bread,3,3,,,,,,,,,,,,,,,,,,,,,,,,,,,,,,None,,,None,2026-08-08_12h53.50.844,29,TSRlearn_localizer-concepts,2026-08-08 12h53.53.296918 +0200,,2157.964898700011,2159.464268199983,2159.4807975000003,2160.3021253999905,,,,60.16724088242566,2157.2015116999974,2157.964898700011,,,2157.1841073000105,2157.950377299974,,,bread\bread_29.jpg,,,,,,,,,,,,,,,,,,,,,,,0,0,1,,None,,2157.964898700011,,,,,,,None,,3,,,2025.2.4,,,1,2157.9534843,2159.4670310000074,,,None,None,2157.964788366637,2158.881230800005,,,439,0,2026-08-08_13:29:50.483088,439,40,localizer,,None,,,None,,439,439,0,439,,,,,,,,bread,Pain,Brot,
2162.566409799969,2163.7327098000096,1.16,,,9,2163.732779599959,2163.732812399976,,,hammer,7,7,,,,,,,,,,,,,,,,,,,,,,,,,,,,,,None,,,None,2026-08-08_12h53.50.844,17,TSRlearn_localizer-concepts,2026-08-08 12h53.53.296918 +0200,,2161.0639376000036,2162.5634254000033,2162.5800648999866,2163.774378400005,,,,60.16724088242566,2160.3021253999905,2161.0639376000036,,,2160.2907264999812,2161.050443699991,,,hammer\hammer_17.jpg,,,,,,,,,,,,,,,,,,,,,,,0,0,1,,None,,2161.0639376000036,,,,,,,None,,3,,,2025.2.4,,,1,2161.054706099967,2162.566335099982,,,None,None,2161.0644578666584,2161.58086669998,,,440,0,2026-08-08_13:29:53.583702,440,41,localizer,,None,,,None,,440,440,0,440,,,,,,,,hammer,Marteau,Hammer,
2166.031523499987,2167.1141353999847,1.07,,,9,2167.114203199977,2167.1142362999963,,,hand,8,8,,,,,,,,,,,,,,,,,,,,,,,,,,,,,,None,,,None,2026-08-08_12h53.50.844,2,TSRlearn_localizer-concepts,2026-08-08 12h53.53.296918 +0200,,2164.529484800005,2166.0287919999682,2166.0456652999856,2167.148710699985,,,,60.16724088242566,2163.774378400005,2164.529484800005,,,2163.756580199988,2164.515874399978,,,hand\hand_02.jpg,,,,,,,,,,,,,,,,,,,,,,,0,0,1,,None,,2164.529484800005,,,,,,,None,,3,,,2025.2.4,,,1,2164.520131499972,2166.031441500003,,,None,None,2164.529655566676,2165.029533099965,,,441,0,2026-08-08_13:29:57.055955,441,42,localizer,,None,,,None,,441,441,0,441,,,,,,,,hand,Main,Hand,
2169.413897499966,2170.3310609000036,0.91,,,9,2170.331139799964,2170.3311912000063,,,dog,5,5,,,,,,,,,,,,,,,,,,,,,,,,,,,,,,None,,,None,2026-08-08_12h53.50.844,24,TSRlearn_localizer-concepts,2026-08-08 12h53.53.296918 +0200,,2167.9118754999945,2169.4110916999634,2169.42783890001,2170.3664871999645,,,,60.16724088242566,2167.148710699985,2167.9118754999945,,,2167.1348273999756,2167.89883869997,,,dog\dog_24.jpg,,,,,,,,,,,,,,,,,,,,,,,0,0,1,,None,,2167.9118754999945,,,,,,,None,,3,,,2025.2.4,,,1,2167.9031695000012,2169.4138272000127,,,None,None,2167.9123912666732,2168.411526300013,,,442,0,2026-08-08_13:30:00.430287,442,43,localizer,,None,,,None,,442,442,0,442,,,,,,,,dog,Chien,Hund,
2172.630133599974,2173.845898200001,1.21,,,9,2173.8459704999696,2173.8460044999956,,,jacket,10,10,,,,,,,,,,,,,,,,,,,,,,,,,,,,,,None,,,None,2026-08-08_12h53.50.844,3,TSRlearn_localizer-concepts,2026-08-08 12h53.53.296918 +0200,,2171.144037799968,2172.6439621999743,2172.6439621999743,2173.880290000001,,,,60.16724088242566,2170.3664871999645,2171.144037799968,,,2170.3553899999824,2171.115821799962,,,jacket\jacket_03.jpg,,,,,,,,,,,,,,,,,,,,,,,0,0,1,,None,,2171.144037799968,,,,,,,None,,3,,,2025.2.4,,,1,2171.122991000011,2172.6300623000134,,,None,None,2171.1275070666493,2171.6769859999768,,,443,0,2026-08-08_13:30:03.648064,443,44,localizer,,None,,,None,,443,443,0,443,,,,,,,,jacket,Veste,Jacke,
2176.145034999994,2176.9624545999686,0.81,,,9,2176.9625573999947,2176.962607399968,,,chair,4,4,,,,,,,,,,,,,,,,,,,,,,,,,,,,,,None,,,None,2026-08-08_12h53.50.844,12,TSRlearn_localizer-concepts,2026-08-08 12h53.53.296918 +0200,,2174.6493113999604,2176.15930140001,2176.15930140001,2177.053800900001,,,,60.16724088242566,2173.880290000001,2174.6493113999604,,,2173.863744299975,2174.6286682999926,,,chair\chair_12.jpg,,,,,,,,,,,,,,,,,,,,,,,0,0,1,,None,,2174.6493113999604,,,,,,,None,,3,,,2025.2.4,,,1,2174.63351049996,2176.1449663999956,,,None,None,2174.642906266676,2175.2096151000005,,,444,0,2026-08-08_13:30:07.161866,444,45,localizer,,None,,,None,,444,444,0,444,,,,,,,,chair,Chaise,Stuhl,
2179.5109743999783,2180.3265380999655,0.81,,,9,2180.3266084999777,2180.3266412999947,,,house,9,5,,,,,,,,,,,,,,,,,,,,,,,,,,,,,,None,,,r,2026-08-08_12h53.50.844,48,TSRlearn_localizer-concepts,2026-08-08 12h53.53.296918 +0200,,2177.8091573999845,2179.5316490000114,2179.5316490000114,2180.36327729997,,,,60.16724088242566,2177.053800900001,2177.8091573999845,,,2177.0144363999716,2177.796457599965,,,house\house_48.jpg,,,,,,,,,,,,,,,,,,,,,,,0,1,1,,None,,2177.8091573999845,,,,,,,left,,3,,,2025.2.4,,,1,2177.8026008000015,2179.510899899993,,,None,None,2177.8095293666743,2178.308570699999,,,445,0,2026-08-08_13:30:10.335377,445,46,localizer,,None,,,None,,445,445,0,445,,,,,,,,dog,Chien,Hund,
2182.6260857000016,2183.8256660999614,1.2,,,9,2183.825737099978,2183.8257710000034,,,bicycle,2,2,,,,,,,,,,,,,,,,,,,,,,,,,,,,,,None,,,None,2026-08-08_12h53.50.844,28,TSRlearn_localizer-concepts,2026-08-08 12h53.53.296918 +0200,,2181.1242880999926,2182.623614399985,2182.640234199993,2183.876738599967,,,,60.16724088242566,2180.36327729997,2181.1242880999926,,,2180.3437601999613,2181.1102305999957,,,bicycle\bicycle_28.jpg,,,,,,,,,,,,,,,,,,,,,,,0,0,1,,None,,2181.1242880999926,,,,,,,None,,3,,,2025.2.4,,,1,2181.1126686999924,2182.6260161999962,,,None,None,2181.1244452666765,2181.8239773999667,,,446,0,2026-08-08_13:30:13.644854,446,47,localizer,,None,,,None,,446,446,0,446,,,,,,,,bicycle,Vélo,Fahrrad,
2186.141897899972,2187.058527199959,0.91,,,9,2187.058599399985,2187.0586335000116,,,flower,6,6,,,,,,,,,,,,,,,,,,,,,,,,,,,,,,None,,,None,2026-08-08_12h53.50.844,39,TSRlearn_localizer-concepts,2026-08-08 12h53.53.296918 +0200,,2184.6398264999734,2186.139249300002,2186.1557858999586,2187.092203899985,,,,60.16724088242566,2183.876738599967,2184.6398264999734,,,2183.8600006999914,2184.62553879997,,,flower\flower_39.jpg,,,,,,,,,,,,,,,,,,,,,,,0,0,1,,None,,2184.6398264999734,,,,,,,None,,3,,,2025.2.4,,,1,2184.6287295999937,2186.141823599988,,,None,None,2184.639878166669,2185.5393852000125,,,447,0,2026-08-08_13:30:17.158315,447,48,localizer,,None,,,None,,447,447,0,447,,,,,,,,flower,Fleur,Blume,
2189.343727300002,2190.1571977999993,0.81,,,9,2190.1572685999563,2190.157301399973,,,chair,4,4,,,,,,,,,,,,,,,,,,,,,,,,,,,,,,None,,,None,2026-08-08_12h53.50.844,4,TSRlearn_localizer-concepts,2026-08-08 12h53.53.296918 +0200,,2187.8556913000066,2189.3551461999887,2189.3551461999887,2190.248458999966,,,,60.16724088242566,2187.092203899985,2187.8556913000066,,,2187.0765786999837,2187.841662599996,,,chair\chair_04.jpg,,,,,,,,,,,,,,,,,,,,,,,0,0,1,,None,,2187.8556913000066,,,,,,,None,,3,,,2025.2.4,,,1,2187.845962099964,2189.3436171999783,,,None,None,2187.8558372666635,2188.422213499958,,,448,0,2026-08-08_13:30:20.373780,448,49,localizer,,None,,,None,,448,448,0,448,,,,,,,,chair,Chaise,Stuhl,
2192.489843999967,2193.5229124999605,1.02,,,9,2193.5229875000077,2585.6030602999963,2193.5440277999733,2208.5488622999983,bicycle,2,2,,,,,,,,,,,,,,,,,,,,,,,,,,,,,0.08346510003320873,r,376.9860364999622,2208.532156399975,None,2026-08-08_12h53.50.844,48,TSRlearn_localizer-concepts,2026-08-08 12h53.53.296918 +0200,,2191.004599499982,2192.503924599965,2192.503924599965,2193.5440277999733,,,,60.16724088242566,2190.248458999966,2191.004599499982,,,2190.206823799992,2190.9893528000102,,,bicycle\bicycle_48.jpg,2208.532156399975,,,,,,,,,,,,,,,,,,,,,,0,0,1,,None,,2191.004599499982,,,,,,,None,,3,2193.5440277999733,2208.5488622999983,2025.2.4,,,1,2190.991757199983,2192.4897752999677,,,None,None,2191.003720366633,2191.7111431999947,,,449,0,2026-08-08_13:30:23.530035,449,50,localizer,0.08346510003320873,r,376.9860364999622,,None,,449,449,0,449,,,,,,,,bicycle,Vélo,Fahrrad,
2588.082268500002,2589.2165179000003,1.13,,,10,2589.24215429998,2589.242226400005,,,hand,8,8,,,,,,,,,,,,,,,,,,,,,,,,,,,,,,None,,,None,2026-08-08_12h53.50.844,19,TSRlearn_localizer-concepts,2026-08-08 12h53.53.296918 +0200,,2586.648265899974,,2588.0964600999723,2589.281548900006,,,,60.16724088242566,2585.8281308999867,2586.648265899974,,,2585.7807117999764,2586.5687807999784,,,hand\hand_19.jpg,,,,,,,,,,,,,,,,,,,,,,,0,0,1,,None,,2586.648265899974,,,,,,,None,,3,,,2025.2.4,,,1,2586.6257475999882,2588.082180299971,,,None,None,2586.63176216664,2587.1310258999583,,,450,0,2026-08-08_13:36:59.109707,450,1,localizer,,None,,,None,,450,450,0,450,,,,,,,,hand,Main,Hand,
2591.5479580999818,2592.79732730001,1.24,,,10,2592.797400099982,2592.7974344000104,,,dog,5,5,,,,,,,,,,,,,,,,,,,,,,,,,,,,,,None,,,None,2026-08-08_12h53.50.844,7,TSRlearn_localizer-concepts,2026-08-08 12h53.53.296918 +0200,,2590.0461049999576,2591.545345899998,2591.561930499971,2592.8639956999687,,,,60.16724088242566,2589.281548900006,2590.0461049999576,,,2589.264567299979,2590.0321288999985,,,dog\dog_07.jpg,,,,,,,,,,,,,,,,,,,,,,,0,0,1,,None,,2590.0461049999576,,,,,,,None,,3,,,2025.2.4,,,1,2590.0373509000055,2591.5478852000087,,,None,None,2590.0461071666255,2590.5287444000132,,,451,0,2026-08-08_13:37:02.563125,451,2,localizer,,None,,,None,,451,451,0,451,,,,,,,,dog,Chien,Hund,
2595.130292899965,2596.21357610001,1.08,,,10,2596.2140580000123,2596.2141050999635,,,hammer,7,7,,,,,,,,,,,,,,,,,,,,,,,,,,,,,,None,,,None,2026-08-08_12h53.50.844,19,TSRlearn_localizer-concepts,2026-08-08 12h53.53.296918 +0200,,2593.6439658000018,2595.1442950000055,2595.1442950000055,2596.2462217999855,,,,60.16724088242566,2592.8639956999687,2593.6439658000018,,,2592.846175899962,2593.613338699972,,,hammer\hammer_19.jpg,,,,,,,,,,,,,,,,,,,,,,,0,0,1,,None,,2593.6439658000018,,,,,,,None,,3,,,2025.2.4,,,1,2593.6222716000048,2595.130221600004,,,None,None,2593.627740566623,2594.1444757999852,,,452,0,2026-08-08_13:37:06.145572,452,3,localizer,,None,,,None,,452,452,0,452,,,,,,,,hammer,Marteau,Hammer,
2598.512440899969,2599.728645699972,1.21,,,10,2599.728726100002,2599.7287614999805,,,ball,1,1,,,,,,,,,,,,,,,,,,,,,,,,,,,,,,None,,,None,2026-08-08_12h53.50.844,29,TSRlearn_localizer-concepts,2026-08-08 12h53.53.296918 +0200,,2597.0101072000107,2598.50979739998,2598.5264800000004,2599.7781519999844,,,,60.16724088242566,2596.2462217999855,2597.0101072000107,,,2596.229818699998,2596.9958785999916,,,ball\ball_29.jpg,,,,,,,,,,,,,,,,,,,,,,,0,0,1,,None,,2597.0101072000107,,,,,,,None,,3,,,2025.2.4,,,1,2597.0013180999667,2598.5123687000014,,,None,None,2597.010170766622,2597.793300899968,,,453,0,2026-08-08_13:37:09.527798,453,4,localizer,,None,,,None,,453,453,0,453,,,,,,,,ball,Ballon,Ball,
2602.044434899988,2602.911332299991,0.86,,,10,2602.911406499974,2602.9114427999593,,,house,9,9,,,,,,,,,,,,,,,,,,,,,,,,,,,,,,None,,,None,2026-08-08_12h53.50.844,9,TSRlearn_localizer-concepts,2026-08-08 12h53.53.296918 +0200,,2600.560486399976,,2602.058404200012,2602.960601400002,,,,60.16724088242566,2599.7781519999844,2600.560486399976,,,2599.763245799986,2600.5285823000013,,,house\house_09.jpg,,,,,,,,,,,,,,,,,,,,,,,0,0,1,,None,,2600.560486399976,,,,,,,None,,3,,,2025.2.4,,,1,2600.5460741000134,2602.0443633999676,,,None,None,2600.5593585333054,2601.1087085999898,,,454,0,2026-08-08_13:37:13.059728,454,5,localizer,,None,,,None,,454,454,0,454,,,,,,,,house,Maison,Haus,
2605.2262903999654,2606.2603292999556,1.02,,,10,2606.2604132000124,2606.260448999994,,,bread,3,3,,,,,,,,,,,,,,,,,,,,,,,,,,,,,,None,,,None,2026-08-08_12h53.50.844,12,TSRlearn_localizer-concepts,2026-08-08 12h53.53.296918 +0200,,2603.724905100011,2605.224110799958,2605.240822599968,2606.309705499967,,,,60.16724088242566,2602.960601400002,2603.724905100011,,,2602.9470460999873,2603.7100902000093,,,bread\bread_12.jpg,,,,,,,,,,,,,,,,,,,,,,,0,0,1,,None,,2603.724905100011,,,,,,,None,,3,,,2025.2.4,,,1,2603.717157599982,2605.2262228999753,,,None,None,2603.7246445666574,2604.6576724000042,,,455,0,2026-08-08_13:37:16.242178,455,6,localizer,,None,,,None,,455,455,0,455,,,,,,,,bread,Pain,Brot,
2608.5757763999864,2609.4582195999683,0.87,,,10,2609.458287199959,2609.4583180999616,,,house,9,9,,,,,,,,,,,,,,,,,,,,,,,,,,,,,,None,,,None,2026-08-08_12h53.50.844,35,TSRlearn_localizer-concepts,2026-08-08 12h53.53.296918 +0200,,2607.0738058999996,2608.573161099979,2608.589554300008,2609.5081682999735,,,,60.16724088242566,2606.309705499967,2607.0738058999996,,,2606.2963666999713,2607.0596659999574,,,house\house_35.jpg,,,,,,,,,,,,,,,,,,,,,,,0,0,1,,None,,2607.0738058999996,,,,,,,None,,3,,,2025.2.4,,,1,2607.066604499996,2608.575687900011,,,None,None,2607.073884966671,2607.623634199961,,,456,0,2026-08-08_13:37:19.591282,456,7,localizer,,None,,,None,,456,456,0,456,,,,,,,,house,Maison,Haus,
2611.7745325999567,2612.6238396000117,0.85,,,10,2612.623949699977,2612.6239844000083,,,bread,3,3,,,,,,,,,,,,,,,,,,,,,,,,,,,,,,None,,,None,2026-08-08_12h53.50.844,25,TSRlearn_localizer-concepts,2026-08-08 12h53.53.296918 +0200,,2610.27301309997,2611.772075999994,2611.788673300005,2612.6575334999943,,,,60.16724088242566,2609.5081682999735,2610.27301309997,,,2609.491688899987,2610.2591488999897,,,bread\bread_25.jpg,,,,,,,,,,,,,,,,,,,,,,,0,0,1,,None,,2610.27301309997,,,,,,,None,,3,,,2025.2.4,,,1,2610.262910599995,2611.774463599955,,,None,None,2610.2731918666436,2611.2058499999694,,,457,0,2026-08-08_13:37:22.789745,457,8,localizer,,None,,,None,,457,457,0,457,,,,,,,,bread,Pain,Brot,
2615.1243617999717,2616.2240149999852,1.09,,,10,2616.22409470001,2616.224133300013,,,jacket,10,7,,,,,,,,,,,,,,,,,,,,,,,,,,,,,,None,,,r,2026-08-08_12h53.50.844,37,TSRlearn_localizer-concepts,2026-08-08 12h53.53.296918 +0200,,2613.421768900007,2615.137980200001,2615.137980200001,2616.290067199967,,,,60.16724088242566,2612.6575334999943,2613.421768900007,,,2612.643101499998,2613.4080847000005,,,jacket\jacket_37.jpg,,,,,,,,,,,,,,,,,,,,,,,0,1,1,,None,,2613.421768900007,,,,,,,right,,3,,,2025.2.4,,,1,2613.4120187999797,2615.1242939999793,,,None,None,2613.4216471666628,2613.938449999958,,,458,0,2026-08-08_13:37:25.939110,458,9,localizer,,None,,,None,,458,458,0,458,,,,,,,,hammer,Marteau,Hammer,
2618.5567219000077,2619.5061850000056,0.94,,,10,2619.5062951999716,2619.50633189996,,,bread,3,3,,,,,,,,,,,,,,,,,,,,,,,,,,,,,,None,,,None,2026-08-08_12h53.50.844,24,TSRlearn_localizer-concepts,2026-08-08 12h53.53.296918 +0200,,2617.0538147999905,2618.5535641000024,2618.5703577999957,2619.5389784,,,,60.16724088242566,2616.290067199967,2617.0538147999905,,,2616.2691578000085,2617.0403007999994,,,bread\bread_24.jpg,,,,,,,,,,,,,,,,,,,,,,,0,0,1,,None,,2617.0538147999905,,,,,,,None,,3,,,2025.2.4,,,1,2617.043725299998,2618.556642999989,,,None,None,2617.054614666679,2617.9703595999745,,,459,0,2026-08-08_13:37:29.571644,459,10,localizer,,None,,,None,,459,459,0,459,,,,,,,,bread,Pain,Brot,
2621.804699399974,2622.9045849000104,1.1,,,10,2622.904659299995,2622.9046945999726,,,jacket,10,10,,,,,,,,,,,,,,,,,,,,,,,,,,,,,,None,,,None,2026-08-08_12h53.50.844,16,TSRlearn_localizer-concepts,2026-08-08 12h53.53.296918 +0200,,2620.318909899972,2621.8189883999876,2621.8189883999876,2622.9949260999565,,,,60.16724088242566,2619.5389784,2620.318909899972,,,2619.525066400005,2620.288822499977,,,jacket\jacket_16.jpg,,,,,,,,,,,,,,,,,,,,,,,0,0,1,,None,,2620.318909899972,,,,,,,None,,3,,,2025.2.4,,,1,2620.299229600001,2621.8046350000077,,,None,None,2620.3030081666698,2620.8525403999956,,,460,0,2026-08-08_13:37:32.820555,460,11,localizer,,None,,,None,,460,460,0,460,,,,,,,,jacket,Veste,Jacke,
2625.254627499962,2626.137372599973,0.87,,,10,2626.1374611000065,2626.137497799995,,,dog,5,5,,,,,,,,,,,,,,,,,,,,,,,,,,,,,,None,,,None,2026-08-08_12h53.50.844,41,TSRlearn_localizer-concepts,2026-08-08 12h53.53.296918 +0200,,2623.7530113999965,2625.2680369999725,2625.2680369999725,2626.1877097999677,,,,60.16724088242566,2622.9949260999565,2623.7530113999965,,,2622.96665149997,2623.738516499987,,,dog\dog_41.jpg,,,,,,,,,,,,,,,,,,,,,,,0,0,1,,None,,2623.7530113999965,,,,,,,None,,3,,,2025.2.4,,,1,2623.742360299977,2625.2545566000044,,,None,None,2623.7526752666495,2624.2348188000033,,,461,0,2026-08-08_13:37:36.276503,461,12,localizer,,None,,,None,,461,461,0,461,,,,,,,,dog,Chien,Hund,
2628.453086900001,2629.385911499965,0.92,,,10,2629.3859842999955,2629.386019299971,,,flower,6,6,,,,,,,,,,,,,,,,,,,,,,,,,,,,,,None,,,None,2026-08-08_12h53.50.844,24,TSRlearn_localizer-concepts,2026-08-08 12h53.53.296918 +0200,,2626.95071439998,2628.4504748999607,2628.4669272999745,2629.486646300007,,,,60.16724088242566,2626.1877097999677,2626.95071439998,,,2626.1727784000104,2626.9363792999648,,,flower\flower_24.jpg,,,,,,,,,,,,,,,,,,,,,,,0,0,1,,None,,2626.95071439998,,,,,,,None,,3,,,2025.2.4,,,1,2626.9444915999775,2628.453016799991,,,None,None,2626.950866466625,2627.852138099959,,,462,0,2026-08-08_13:37:39.469286,462,13,localizer,,None,,,None,,462,462,0,462,,,,,,,,flower,Fleur,Blume,
2631.7519178999937,2632.6518848999985,0.89,,,10,2632.6519655999728,2632.652001999959,,,ball,1,1,,,,,,,,,,,,,,,,,,,,,,,,,,,,,,None,,,None,2026-08-08_12h53.50.844,12,TSRlearn_localizer-concepts,2026-08-08 12h53.53.296918 +0200,,2630.2498100000084,2631.749324799981,2631.7659405999584,2632.687175499974,,,,60.16724088242566,2629.486646300007,2630.2498100000084,,,2629.453320599976,2630.2358312999713,,,ball\ball_12.jpg,,,,,,,,,,,,,,,,,,,,,,,0,0,1,,None,,2630.2498100000084,,,,,,,None,,3,,,2025.2.4,,,1,2630.2393949999823,2631.751845699968,,,None,None,2630.249974666633,2631.032883499982,,,463,0,2026-08-08_13:37:42.768223,463,14,localizer,,None,,,None,,463,463,0,463,,,,,,,,ball,Ballon,Ball,
2634.9507785000023,2636.0335099999793,1.08,,,10,2636.0335781999747,2636.0336098999833,,,bicycle,2,2,,,,,,,,,,,,,,,,,,,,,,,,,,,,,,None,,,None,2026-08-08_12h53.50.844,11,TSRlearn_localizer-concepts,2026-08-08 12h53.53.296918 +0200,,2633.4647330999724,2634.9647180999746,2634.9647180999746,2636.083502899972,,,,60.16724088242566,2632.687175499974,2633.4647330999724,,,2632.6731759000104,2633.441392400011,,,bicycle\bicycle_11.jpg,,,,,,,,,,,,,,,,,,,,,,,0,0,1,,None,,2633.4647330999724,,,,,,,None,,3,,,2025.2.4,,,1,2633.444783599989,2634.9507141999784,,,None,None,2633.4553936666384,2634.1651626999956,,,464,0,2026-08-08_13:37:45.968752,464,15,localizer,,None,,,None,,464,464,0,464,,,,,,,,bicycle,Vélo,Fahrrad,
2638.33993019996,2639.199484199984,0.85,,,10,2639.1995522999787,2639.199584999995,,,chair,4,4,,,,,,,,,,,,,,,,,,,,,,,,,,,,,,None,,,None,2026-08-08_12h53.50.844,36,TSRlearn_localizer-concepts,2026-08-08 12h53.53.296918 +0200,,2636.847661399981,2638.347954500001,2638.347954500001,2639.2488699000096,,,,60.16724088242566,2636.083502899972,2636.847661399981,,,2636.0662139999913,2636.8329634999973,,,chair\chair_36.jpg,,,,,,,,,,,,,,,,,,,,,,,0,0,1,,None,,2636.847661399981,,,,,,,None,,3,,,2025.2.4,,,1,2636.8418692999985,2638.3398599000066,,,None,None,2636.8475212666713,2637.4139808999607,,,465,0,2026-08-08_13:37:49.365079,465,16,localizer,,None,,,None,,465,465,0,465,,,,,,,,chair,Chaise,Stuhl,
2641.7321660000016,2642.6320089999936,0.89,,,10,2642.632080499956,2642.6321241999976,,,hand,8,10,,,,,,,,,,,,,,,,,,,,,,,,,,,,,,None,,,r,2026-08-08_12h53.50.844,33,TSRlearn_localizer-concepts,2026-08-08 12h53.53.296918 +0200,,2640.0135155000025,2641.746033100004,2641.746033100004,2642.6648108999943,,,,60.16724088242566,2639.2488699000096,2640.0135155000025,,,2639.229780499998,2639.999461899977,,,hand\hand_33.jpg,,,,,,,,,,,,,,,,,,,,,,,0,1,1,,None,,2640.0135155000025,,,,,,,left,,3,,,2025.2.4,,,1,2640.0049474000116,2641.7320885999943,,,None,None,2640.013623466661,2640.5628595000017,,,466,0,2026-08-08_13:37:52.530446,466,17,localizer,,None,,,None,,466,466,0,466,,,,,,,,jacket,Veste,Jacke,
2644.931250099966,2646.1476297999616,1.21,,,10,2646.147715099971,2646.147750700009,,,bicycle,2,2,,,,,,,,,,,,,,,,,,,,,,,,,,,,,,None,,,None,2026-08-08_12h53.50.844,46,TSRlearn_localizer-concepts,2026-08-08 12h53.53.296918 +0200,,2643.4288935000077,2644.9284457999747,2644.945142199984,2646.180401599966,,,,60.16724088242566,2642.6648108999943,2643.4288935000077,,,2642.6514730000054,2643.4148008999764,,,bicycle\bicycle_46.jpg,,,,,,,,,,,,,,,,,,,,,,,0,0,1,,None,,2643.4288935000077,,,,,,,None,,3,,,2025.2.4,,,1,2643.4170292000053,2644.9311751999776,,,None,None,2643.429215366665,2644.14533259999,,,467,0,2026-08-08_13:37:55.946387,467,18,localizer,,None,,,None,,467,467,0,467,,,,,,,,bicycle,Vélo,Fahrrad,
2648.4462343999767,2649.330298899964,0.88,,,10,2649.33040669997,2649.330465200008,,,jacket,10,10,,,,,,,,,,,,,,,,,,,,,,,,,,,,,,None,,,None,2026-08-08_12h53.50.844,41,TSRlearn_localizer-concepts,2026-08-08 12h53.53.296918 +0200,,2646.9448106999625,2648.460604199965,2648.460604199965,2649.4284770999802,,,,60.16724088242566,2646.180401599966,2646.9448106999625,,,2646.165634199977,2646.931106599979,,,jacket\jacket_41.jpg,,,,,,,,,,,,,,,,,,,,,,,0,0,1,,None,,2646.9448106999625,,,,,,,None,,3,,,2025.2.4,,,1,2646.937365199963,2648.4461685999995,,,None,None,2646.945034866633,2647.4949149999884,,,468,0,2026-08-08_13:37:59.461978,468,19,localizer,,None,,,None,,468,468,0,468,,,,,,,,jacket,Veste,Jacke,
2651.6796901999624,2652.861657499976,1.16,,,10,2652.861727899988,2652.861760300002,,,ball,1,1,,,,,,,,,,,,,,,,,,,,,,,,,,,,,,None,,,None,2026-08-08_12h53.50.844,15,TSRlearn_localizer-concepts,2026-08-08 12h53.53.296918 +0200,,2650.193516200001,2651.7011996000074,2651.7011996000074,2652.949663700012,,,,60.16724088242566,2649.4284770999802,2650.193516200001,,,2649.393280599965,2650.178802899958,,,ball\ball_15.jpg,,,,,,,,,,,,,,,,,,,,,,,0,0,1,,None,,2650.193516200001,,,,,,,None,,3,,,2025.2.4,,,1,2650.182143299957,2651.6796197000076,,,None,None,2650.1933157666394,2650.9766881999676,,,469,0,2026-08-08_13:38:02.710053,469,20,localizer,,None,,,None,,469,469,0,469,,,,,,,,ball,Ballon,Ball,
2655.2109334999695,2656.144060599967,0.93,,,10,2656.144130999979,2656.1441639999975,,,bread,3,3,,,,,,,,,,,,,,,,,,,,,,,,,,,,,,None,,,None,2026-08-08_12h53.50.844,42,TSRlearn_localizer-concepts,2026-08-08 12h53.53.296918 +0200,,2653.709083899972,2655.2083938999567,2655.2251327999984,2656.212083499995,,,,60.16724088242566,2652.949663700012,2653.709083899972,,,2652.9220180999837,2653.6948355999775,,,bread\bread_42.jpg,,,,,,,,,,,,,,,,,,,,,,,0,0,1,,None,,2653.709083899972,,,,,,,None,,3,,,2025.2.4,,,1,2653.6983097000048,2655.2108633999596,,,None,None,2653.709099766628,2654.625539199973,,,470,0,2026-08-08_13:38:06.231240,470,21,localizer,,None,,,None,,470,470,0,470,,,,,,,,bread,Pain,Brot,
2658.476764699968,2659.6278790999786,1.15,,,10,2659.6279614999657,2659.6279984999564,,,hammer,7,7,,,,,,,,,,,,,,,,,,,,,,,,,,,,,,None,,,None,2026-08-08_12h53.50.844,23,TSRlearn_localizer-concepts,2026-08-08 12h53.53.296918 +0200,,2656.9745814999915,2658.4741367999814,2658.490616599971,2659.69433139998,,,,60.16724088242566,2656.212083499995,2656.9745814999915,,,2656.1888965999824,2656.9600142000127,,,hammer\hammer_23.jpg,,,,,,,,,,,,,,,,,,,,,,,0,0,1,,None,,2656.9745814999915,,,,,,,None,,3,,,2025.2.4,,,1,2656.9634958999814,2658.476689299976,,,None,None,2656.974472166625,2657.4909081999795,,,471,0,2026-08-08_13:38:09.493660,471,22,localizer,,None,,,None,,471,471,0,471,,,,,,,,hammer,Marteau,Hammer,
2661.959175499971,2663.1585321999737,1.19,,,10,2663.158614899963,2663.1586500999983,,,chair,4,4,,,,,,,,,,,,,,,,,,,,,,,,,,,,,,None,,,None,2026-08-08_12h53.50.844,47,TSRlearn_localizer-concepts,2026-08-08 12h53.53.296918 +0200,,2660.4574059000006,2661.9564372999594,2661.9735291000106,2663.213396499981,,,,60.16724088242566,2659.69433139998,2660.4574059000006,,,2659.6750600999803,2660.4430199000053,,,chair\chair_47.jpg,,,,,,,,,,,,,,,,,,,,,,,0,0,1,,None,,2660.4574059000006,,,,,,,None,,3,,,2025.2.4,,,1,2660.4473510999815,2661.9591069999733,,,None,None,2660.457040966667,2661.02314070001,,,472,0,2026-08-08_13:38:12.975908,472,23,localizer,,None,,,None,,472,472,0,472,,,,,,,,chair,Chaise,Stuhl,
2665.4741165000014,2666.673820499971,1.19,,,10,2666.6738937000046,2666.6739279999747,,,flower,6,6,,,,,,,,,,,,,,,,,,,,,,,,,,,,,,None,,,None,2026-08-08_12h53.50.844,28,TSRlearn_localizer-concepts,2026-08-08 12h53.53.296918 +0200,,2663.972626300005,2665.471729199984,2665.488489899959,2666.7401234999998,,,,60.16724088242566,2663.213396499981,2663.972626300005,,,2663.192392099998,2663.9586879999842,,,flower\flower_28.jpg,,,,,,,,,,,,,,,,,,,,,,,0,0,1,,None,,2663.972626300005,,,,,,,None,,3,,,2025.2.4,,,1,2663.961690899974,2665.474046099989,,,None,None,2663.9726040666615,2664.8721688999794,,,473,0,2026-08-08_13:38:16.494973,473,24,localizer,,None,,,None,,473,473,0,473,,,,,,,,flower,Fleur,Blume,
2668.9914120999747,2670.2070619000006,1.21,,,10,2670.207135799981,2670.2071753999917,,,house,9,9,,,,,,,,,,,,,,,,,,,,,,,,,,,,,,None,,,None,2026-08-08_12h53.50.844,33,TSRlearn_localizer-concepts,2026-08-08 12h53.53.296918 +0200,,2667.507160899986,,2669.0041727999924,2670.2394400999765,,,,60.16724088242566,2666.7401234999998,2667.507160899986,,,2666.72946339997,2667.4903257999686,,,house\house_33.jpg,,,,,,,,,,,,,,,,,,,,,,,0,0,1,,None,,2667.507160899986,,,,,,,None,,3,,,2025.2.4,,,1,2667.4953908000025,2668.9913180999574,,,None,None,2667.504702266659,2668.054553499969,,,474,0,2026-08-08_13:38:20.021700,474,25,localizer,,None,,,None,,474,474,0,474,,,,,,,,house,Maison,Haus,
2672.505751999968,2673.3882525999798,0.88,,,10,2673.3883222999866,2673.388355000003,,,bicycle,2,2,,,,,,,,,,,,,,,,,,,,,,,,,,,,,,None,,,None,2026-08-08_12h53.50.844,8,TSRlearn_localizer-concepts,2026-08-08 12h53.53.296918 +0200,,2671.003479900013,2672.503138899978,2672.519823300012,2673.4838271999615,,,,60.16724088242566,2670.2394400999765,2671.003479900013,,,2670.228384999966,2670.9889041999704,,,bicycle\bicycle_08.jpg,,,,,,,,,,,,,,,,,,,,,,,0,0,1,,None,,2671.003479900013,,,,,,,None,,3,,,2025.2.4,,,1,2670.9913204999757,2672.5056843999773,,,None,None,2671.0034664666787,2671.703326299961,,,475,0,2026-08-08_13:38:23.521017,475,26,localizer,,None,,,None,,475,475,0,475,,,,,,,,bicycle,Vélo,Fahrrad,
2675.7243920000037,2676.837952699978,1.11,,,10,2676.838026499958,2676.8380660999683,,,ball,1,1,,,,,,,,,,,,,,,,,,,,,,,,,,,,,,None,,,None,2026-08-08_12h53.50.844,14,TSRlearn_localizer-concepts,2026-08-08 12h53.53.296918 +0200,,2674.242511599965,,2675.735922599968,2676.8721609999775,,,,60.16724088242566,2673.4838271999615,2674.242511599965,,,2673.4520173000055,2674.2224133000127,,,ball\ball_14.jpg,,,,,,,,,,,,,,,,,,,,,,,0,0,1,,None,,2674.242511599965,,,,,,,None,,3,,,2025.2.4,,,1,2674.228556599992,2675.7243058999884,,,None,None,2674.2363805666723,2675.0191855999874,,,476,0,2026-08-08_13:38:26.765404,476,27,localizer,,None,,,None,,476,476,0,476,,,,,,,,ball,Ballon,Ball,
2679.3372261999757,2680.236395899963,0.9,,,10,2680.2364662999753,2680.236499699997,,,house,9,2,,,,,,,,,,,,,,,,,,,,,,,,,,,,,,None,,,r,2026-08-08_12h53.50.844,12,TSRlearn_localizer-concepts,2026-08-08 12h53.53.296918 +0200,,2677.634914399998,2679.351097000006,2679.351097000006,2680.269588999974,,,,60.16724088242566,2676.8721609999775,2677.634914399998,,,2676.8609211999574,2677.6207935999846,,,house\house_12.jpg,,,,,,,,,,,,,,,,,,,,,,,0,1,1,,None,,2677.634914399998,,,,,,,right,,3,,,2025.2.4,,,1,2677.623108299973,2679.3371558999643,,,None,None,2677.634991866657,2678.334339199995,,,477,0,2026-08-08_13:38:30.153737,477,28,localizer,,None,,,None,,477,477,0,477,,,,,,,,bicycle,Vélo,Fahrrad,
2682.5197051999858,2683.3866672999575,0.86,,,10,2683.386738799978,2683.386771999998,,,hammer,7,7,,,,,,,,,,,,,,,,,,,,,,,,,,,,,,None,,,None,2026-08-08_12h53.50.844,8,TSRlearn_localizer-concepts,2026-08-08 12h53.53.296918 +0200,,2681.0337336999946,2682.53327049996,2682.53327049996,2683.4184951999923,,,,60.16724088242566,2680.269588999974,2681.0337336999946,,,2680.2567014999804,2681.019155899994,,,hammer\hammer_08.jpg,,,,,,,,,,,,,,,,,,,,,,,0,0,1,,None,,2681.0337336999946,,,,,,,None,,3,,,2025.2.4,,,1,2681.0227655000053,2682.519635099976,,,None,None,2681.0336015666294,2681.556644600001,,,478,0,2026-08-08_13:38:33.551165,478,29,localizer,,None,,,None,,478,478,0,478,,,,,,,,hammer,Marteau,Hammer,
2685.684285699972,2686.9174083999824,1.23,,,10,2686.917476099974,2686.9175073999795,,,hand,8,8,,,,,,,,,,,,,,,,,,,,,,,,,,,,,,None,,,None,2026-08-08_12h53.50.844,31,TSRlearn_localizer-concepts,2026-08-08 12h53.53.296918 +0200,,2684.182783299999,2685.6819967000047,2685.6986417999724,2686.967447699979,,,,60.16724088242566,2683.4184951999923,2684.182783299999,,,2683.4036095999763,2684.1690492999624,,,hand\hand_31.jpg,,,,,,,,,,,,,,,,,,,,,,,0,0,1,,None,,2684.182783299999,,,,,,,None,,3,,,2025.2.4,,,1,2684.172700299998,2685.684218599985,,,None,None,2684.182954866676,2684.666394400003,,,479,0,2026-08-08_13:38:36.700072,479,30,localizer,,None,,,None,,479,479,0,479,,,,,,,,hand,Main,Hand,
2689.2177528999746,2690.066241399967,0.84,,,10,2690.0663075000048,2690.0663387000095,,,jacket,10,10,,,,,,,,,,,,,,,,,,,,,,,,,,,,,,None,,,None,2026-08-08_12h53.50.844,29,TSRlearn_localizer-concepts,2026-08-08 12h53.53.296918 +0200,,2687.732082100003,2689.231865299982,2689.231865299982,2690.136282499996,,,,60.16724088242566,2686.967447699979,2687.732082100003,,,2686.9467594999587,2687.716927099973,,,jacket\jacket_29.jpg,,,,,,,,,,,,,,,,,,,,,,,0,0,1,,None,,2687.732082100003,,,,,,,None,,3,,,2025.2.4,,,1,2687.721733000013,2689.217674799962,,,None,None,2687.7315232666483,2688.271041399974,,,480,0,2026-08-08_13:38:40.249024,480,31,localizer,,None,,,None,,480,480,0,480,,,,,,,,jacket,Veste,Jacke,
2692.399293299997,2693.615099799994,1.21,,,10,2693.6151690999977,2693.6152016000124,,,dog,5,5,,,,,,,,,,,,,,,,,,,,,,,,,,,,,,None,,,None,2026-08-08_12h53.50.844,43,TSRlearn_localizer-concepts,2026-08-08 12h53.53.296918 +0200,,2690.8973951999797,2692.3966041000094,2692.4132547999616,2693.6496214999934,,,,60.16724088242566,2690.136282499996,2690.8973951999797,,,2690.1138312999974,2690.8833340999554,,,dog\dog_43.jpg,,,,,,,,,,,,,,,,,,,,,,,0,0,1,,None,,2690.8973951999797,,,,,,,None,,3,,,2025.2.4,,,1,2690.8873520999914,2692.3992260000086,,,None,None,2690.8976190666476,2691.3971175999613,,,481,0,2026-08-08_13:38:43.417859,481,32,localizer,,None,,,None,,481,481,0,481,,,,,,,,dog,Chien,Hund,
2695.9156035999767,2697.0148064999958,1.1,,,10,2697.0148807999794,2697.0149144000025,,,bicycle,2,2,,,,,,,,,,,,,,,,,,,,,,,,,,,,,,None,,,None,2026-08-08_12h53.50.844,39,TSRlearn_localizer-concepts,2026-08-08 12h53.53.296918 +0200,,2694.4128196999663,2695.9124777999823,2695.9290406999644,2697.0852839999716,,,,60.16724088242566,2693.6496214999934,2694.4128196999663,,,2693.6306618999806,2694.399049700005,,,bicycle\bicycle_39.jpg,,,,,,,,,,,,,,,,,,,,,,,0,0,1,,None,,2694.4128196999663,,,,,,,None,,3,,,2025.2.4,,,1,2694.401378999988,2695.9155256999657,,,None,None,2694.413402166629,2695.1294610999757,,,482,0,2026-08-08_13:38:46.931198,482,33,localizer,,None,,,None,,482,482,0,482,,,,,,,,bicycle,Vélo,Fahrrad,
2699.3465499999584,2700.3465354999644,0.99,,,10,2700.3466074999887,2700.3466418999596,,,flower,6,6,,,,,,,,,,,,,,,,,,,,,,,,,,,,,,None,,,None,2026-08-08_12h53.50.844,25,TSRlearn_localizer-concepts,2026-08-08 12h53.53.296918 +0200,,2697.8449861999834,2699.344384099997,2699.3613372999826,2700.397203499975,,,,60.16724088242566,2697.0852839999716,2697.8449861999834,,,2697.0692628999823,2697.830585399992,,,flower\flower_25.jpg,,,,,,,,,,,,,,,,,,,,,,,0,0,1,,None,,2697.8449861999834,,,,,,,None,,3,,,2025.2.4,,,1,2697.8335319999605,2699.3464840999804,,,None,None,2697.845008366629,2698.74529240001,,,483,0,2026-08-08_13:38:50.366860,483,34,localizer,,None,,,None,,483,483,0,483,,,,,,,,flower,Fleur,Blume,
2702.862689599977,2703.8954381999793,1.02,,,10,2703.8955138999736,2703.8955454999814,,,hammer,7,4,,,,,,,,,,,,,,,,,,,,,,,,,,,,,,None,,,r,2026-08-08_12h53.50.844,22,TSRlearn_localizer-concepts,2026-08-08 12h53.53.296918 +0200,,2701.1608153000125,2702.8832544999896,2702.8832544999896,2703.928692699992,,,,60.16724088242566,2700.397203499975,2701.1608153000125,,,2700.371519099979,2701.146874499973,,,hammer\hammer_22.jpg,,,,,,,,,,,,,,,,,,,,,,,0,1,1,,None,,2701.1608153000125,,,,,,,left,,3,,,2025.2.4,,,1,2701.150806199992,2702.862624100002,,,None,None,2701.1609321666224,2701.727138999966,,,484,0,2026-08-08_13:38:53.678780,484,35,localizer,,None,,,None,,484,484,0,484,,,,,,,,chair,Chaise,Stuhl,
2706.1950919000083,2707.4272625999874,1.22,,,10,2707.427333700005,2707.427366299962,,,bicycle,2,2,,,,,,,,,,,,,,,,,,,,,,,,,,,,,,None,,,None,2026-08-08_12h53.50.844,20,TSRlearn_localizer-concepts,2026-08-08 12h53.53.296918 +0200,,2704.6991101999884,2706.2089048000053,2706.2089048000053,2707.498250000004,,,,60.16724088242566,2703.928692699992,2704.6991101999884,,,2703.916224899993,2704.678276899969,,,bicycle\bicycle_20.jpg,,,,,,,,,,,,,,,,,,,,,,,0,0,1,,None,,2704.6991101999884,,,,,,,None,,3,,,2025.2.4,,,1,2704.6806085999706,2706.195023700013,,,None,None,2704.692802866634,2705.393551999994,,,485,0,2026-08-08_13:38:57.210269,485,36,localizer,,None,,,None,,485,485,0,485,,,,,,,,bicycle,Vélo,Fahrrad,
2709.760641400004,2710.8271024000132,1.06,,,10,2710.8271751999855,2710.8272099999595,,,hand,8,8,,,,,,,,,,,,,,,,,,,,,,,,,,,,,,None,,,None,2026-08-08_12h53.50.844,25,TSRlearn_localizer-concepts,2026-08-08 12h53.53.296918 +0200,,2708.258410999959,2709.7579201000044,2709.7746832999983,2710.8616858999594,,,,60.16724088242566,2707.498250000004,2708.258410999959,,,2707.471456600004,2708.2437939000083,,,hand\hand_25.jpg,,,,,,,,,,,,,,,,,,,,,,,0,0,1,,None,,2708.258410999959,,,,,,,None,,3,,,2025.2.4,,,1,2708.247174799966,2709.760569199978,,,None,None,2708.2584140666336,2708.7414870999637,,,486,0,2026-08-08_13:39:00.779826,486,37,localizer,,None,,,None,,486,486,0,486,,,,,,,,hand,Main,Hand,
2713.1256681999657,2714.2092087999918,1.07,,,10,2714.2092799000093,2714.2093127999688,,,jacket,10,10,,,,,,,,,,,,,,,,,,,,,,,,,,,,,,None,,,None,2026-08-08_12h53.50.844,36,TSRlearn_localizer-concepts,2026-08-08 12h53.53.296918 +0200,,2711.6241483999765,2713.123414599977,2713.140063699975,2714.2792038999614,,,,60.16724088242566,2710.8616858999594,2711.6241483999765,,,2710.8476716000005,2711.609800699982,,,jacket\jacket_36.jpg,,,,,,,,,,,,,,,,,,,,,,,0,0,1,,None,,2711.6241483999765,,,,,,,None,,3,,,2025.2.4,,,1,2711.615027599968,2713.12560259999,,,None,None,2711.6240461666644,2712.1741917000036,,,487,0,2026-08-08_13:39:04.143262,487,38,localizer,,None,,,None,,487,487,0,487,,,,,,,,jacket,Veste,Jacke,
2716.5258825999917,2717.325156499981,0.79,,,10,2717.3252308999654,2717.325266,,,bread,3,3,,,,,,,,,,,,,,,,,,,,,,,,,,,,,,None,,,None,2026-08-08_12h53.50.844,43,TSRlearn_localizer-concepts,2026-08-08 12h53.53.296918 +0200,,2715.039532799972,2716.5393424999784,2716.5393424999784,2717.3755786999827,,,,60.16724088242566,2714.2792038999614,2715.039532799972,,,2714.257645900012,2715.0248870999785,,,bread\bread_43.jpg,,,,,,,,,,,,,,,,,,,,,,,0,0,1,,None,,2715.039532799972,,,,,,,None,,3,,,2025.2.4,,,1,2715.0278232999844,2716.5258091999567,,,None,None,2715.0395819666487,2715.956224399968,,,488,0,2026-08-08_13:39:07.560780,488,39,localizer,,None,,,None,,488,488,0,488,,,,,,,,bread,Pain,Brot,
2719.624148199975,2720.5642136000097,0.92,,,10,2720.5642988999607,2720.564333599992,,,flower,6,6,,,,,,,,,,,,,,,,,,,,,,,,,,,,,,None,,,None,2026-08-08_12h53.50.844,17,TSRlearn_localizer-concepts,2026-08-08 12h53.53.296918 +0200,,2718.1380076999776,2719.638199399982,2719.638199399982,2720.590341300005,,,,60.16724088242566,2717.3755786999827,2718.1380076999776,,,2717.354521100002,2718.114455299976,,,flower\flower_17.jpg,,,,,,,,,,,,,,,,,,,,,,,0,0,1,,None,,2718.1380076999776,,,,,,,None,,3,,,2025.2.4,,,1,2718.1175846999977,2719.6240787999704,,,None,None,2718.1286139666377,2719.0386369999615,,,489,0,2026-08-08_13:39:10.657155,489,40,localizer,,None,,,None,,489,489,0,489,,,,,,,,flower,Fleur,Blume,
2722.856513799983,2723.6124289999716,0.75,,,10,2723.61250019999,2723.612533700012,,,chair,4,4,,,,,,,,,,,,,,,,,,,,,,,,,,,,,,None,,,None,2026-08-08_12h53.50.844,6,TSRlearn_localizer-concepts,2026-08-08 12h53.53.296918 +0200,,2721.354534299986,2722.853866999969,2722.8706273999996,2723.7066232999787,,,,60.16724088242566,2720.590341300005,2721.354534299986,,,2720.5809803999728,2721.3409380000085,,,chair\chair_06.jpg,,,,,,,,,,,,,,,,,,,,,,,0,0,1,,None,,2721.354534299986,,,,,,,None,,3,,,2025.2.4,,,1,2721.3451271000085,2722.856442099961,,,None,None,2721.354773066651,2721.921646700008,,,490,0,2026-08-08_13:39:13.871918,490,41,localizer,,None,,,None,,490,490,0,490,,,,,,,,chair,Chaise,Stuhl,
2725.971930800006,2726.9718345999718,1,,,10,2726.9719047999824,2726.971938200004,,,ball,1,1,,,,,,,,,,,,,,,,,,,,,,,,,,,,,,None,,,None,2026-08-08_12h53.50.844,11,TSRlearn_localizer-concepts,2026-08-08 12h53.53.296918 +0200,,2724.470178299991,2725.9693835999933,2725.9861040000105,2727.0391206999775,,,,60.16724088242566,2723.7066232999787,2724.470178299991,,,2723.6721006999724,2724.4563815,,,ball\ball_11.jpg,,,,,,,,,,,,,,,,,,,,,,,0,0,1,,None,,2724.470178299991,,,,,,,None,,3,,,2025.2.4,,,1,2724.4598702999647,2725.971862000006,,,None,None,2724.4705278666265,2725.2532123999554,,,491,0,2026-08-08_13:39:16.988200,491,42,localizer,,None,,,None,,491,491,0,491,,,,,,,,ball,Ballon,Ball,
2729.30461609998,2730.104273999983,0.79,,,10,2730.1043451000005,2730.1043786999653,,,hammer,7,7,,,,,,,,,,,,,,,,,,,,,,,,,,,,,,None,,,None,2026-08-08_12h53.50.844,37,TSRlearn_localizer-concepts,2026-08-08 12h53.53.296918 +0200,,2727.8023960999562,2729.301980999997,2729.318557199964,2730.137584399956,,,,60.16724088242566,2727.0391206999775,2727.8023960999562,,,2727.025174200011,2727.7883835000102,,,hammer\hammer_37.jpg,,,,,,,,,,,,,,,,,,,,,,,0,0,1,,None,,2727.8023960999562,,,,,,,None,,3,,,2025.2.4,,,1,2727.7920713999774,2729.3045454999665,,,None,None,2727.802422766636,2728.318669900007,,,492,0,2026-08-08_13:39:20.320697,492,43,localizer,,None,,,None,,492,492,0,492,,,,,,,,hammer,Marteau,Hammer,
2732.4031326000113,2733.30257369997,0.9,,,10,2733.3026402000105,2733.3026701000053,,,house,9,9,,,,,,,,,,,,,,,,,,,,,,,,,,,,,,None,,,None,2026-08-08_12h53.50.844,32,TSRlearn_localizer-concepts,2026-08-08 12h53.53.296918 +0200,,2730.9014683999703,2732.400575799984,2732.4173792999936,2733.354140200012,,,,60.16724088242566,2730.137584399956,2730.9014683999703,,,2730.124396500003,2730.8869989999803,,,house\house_32.jpg,,,,,,,,,,,,,,,,,,,,,,,0,0,1,,None,,2730.9014683999703,,,,,,,None,,3,,,2025.2.4,,,1,2730.891914799984,2732.403058899974,,,None,None,2730.9013937666355,2731.4347047999618,,,493,0,2026-08-08_13:39:23.419161,493,44,localizer,,None,,,None,,493,493,0,493,,,,,,,,house,Maison,Haus,
2735.8043751000077,2736.785791900009,0.98,,,10,2736.78587089997,2736.7859096999746,,,flower,6,7,,,,,,,,,,,,,,,,,,,,,,,,,,,,,,None,,,r,2026-08-08_12h53.50.844,2,TSRlearn_localizer-concepts,2026-08-08 12h53.53.296918 +0200,,2734.116981500003,2735.8174904999905,2735.8174904999905,2736.855827099993,,,,60.16724088242566,2733.354140200012,2734.116981500003,,,2733.334430799994,2734.10273449996,,,flower\flower_02.jpg,,,,,,,,,,,,,,,,,,,,,,,0,1,1,,None,,2734.116981500003,,,,,,,right,,3,,,2025.2.4,,,1,2734.1064092000015,2735.804282600002,,,None,None,2734.1171532666235,2734.633557199966,,,494,0,2026-08-08_13:39:26.635717,494,45,localizer,,None,,,None,,494,494,0,494,,,,,,,,hammer,Marteau,Hammer,
2739.1182355000055,2740.3676174999564,1.25,,,10,2740.367705599987,2740.367749399971,,,dog,5,5,,,,,,,,,,,,,,,,,,,,,,,,,,,,,,None,,,None,2026-08-08_12h53.50.844,49,TSRlearn_localizer-concepts,2026-08-08 12h53.53.296918 +0200,,2737.62251929997,2739.13224050001,2739.13224050001,2740.401875999989,,,,60.16724088242566,2736.855827099993,2737.62251929997,,,2736.8402574000065,2737.6023456999683,,,dog\dog_49.jpg,,,,,,,,,,,,,,,,,,,,,,,0,0,1,,None,,2737.62251929997,,,,,,,None,,3,,,2025.2.4,,,1,2737.6063435999677,2739.1181534999632,,,None,None,2737.616202266658,2738.1157784999814,,,495,0,2026-08-08_13:39:30.137403,495,46,localizer,,None,,,None,,495,495,0,495,,,,,,,,dog,Chien,Hund,
2742.66671640001,2743.416638099996,0.75,,,10,2743.416707700002,2743.41674039996,,,chair,4,4,,,,,,,,,,,,,,,,,,,,,,,,,,,,,,None,,,None,2026-08-08_12h53.50.844,34,TSRlearn_localizer-concepts,2026-08-08 12h53.53.296918 +0200,,2741.1648912999663,2742.6641779000056,2742.680743200006,2743.4654841999873,,,,60.16724088242566,2740.401875999989,2741.1648912999663,,,2740.3877035999903,2741.1507193999714,,,chair\chair_34.jpg,,,,,,,,,,,,,,,,,,,,,,,0,0,1,,None,,2741.1648912999663,,,,,,,None,,3,,,2025.2.4,,,1,2741.1545901999925,2742.666645999998,,,None,None,2741.164879366643,2741.7313260000083,,,496,0,2026-08-08_13:39:33.683452,496,47,localizer,,None,,,None,,496,496,0,496,,,,,,,,chair,Chaise,Stuhl,
2745.732842699974,2746.8652709999587,1.12,,,10,2746.8653370999964,2746.865369200008,,,hand,8,8,,,,,,,,,,,,,,,,,,,,,,,,,,,,,,None,,,None,2026-08-08_12h53.50.844,3,TSRlearn_localizer-concepts,2026-08-08 12h53.53.296918 +0200,,2744.2305840000045,2745.7299493000028,2745.7467339999857,2746.9352408999694,,,,60.16724088242566,2743.4654841999873,2744.2305840000045,,,2743.447528799996,2744.216341899999,,,hand\hand_03.jpg,,,,,,,,,,,,,,,,,,,,,,,0,0,1,,None,,2744.2305840000045,,,,,,,None,,3,,,2025.2.4,,,1,2744.219810299983,2745.732772499963,,,None,None,2744.2304770666565,2744.7306191999814,,,497,0,2026-08-08_13:39:36.747061,497,48,localizer,,None,,,None,,497,497,0,497,,,,,,,,hand,Main,Hand,
2749.1985210999846,2750.1144475999754,0.91,,,10,2750.1145217999583,2750.1145570999943,,,dog,5,5,,,,,,,,,,,,,,,,,,,,,,,,,,,,,,None,,,None,2026-08-08_12h53.50.844,44,TSRlearn_localizer-concepts,2026-08-08 12h53.53.296918 +0200,,2747.6961912999977,2749.1960708000115,2749.2120394000085,2750.1488053000066,,,,60.16724088242566,2746.9352408999694,2747.6961912999977,,,2746.912217999983,2747.682127600012,,,dog\dog_44.jpg,,,,,,,,,,,,,,,,,,,,,,,0,0,1,,None,,2747.6961912999977,,,,,,,None,,3,,,2025.2.4,,,1,2747.6858530999743,2749.1984489999595,,,None,None,2747.69633296668,2748.1957365999697,,,498,0,2026-08-08_13:39:40.216817,498,49,localizer,,None,,,None,,498,498,0,498,,,,,,,,dog,Chien,Hund,
2752.413398600009,2753.513204899966,1.1,,,10,2753.5132729999605,2753.513315999997,,,chair,4,4,,,,,,,,,,,,,,,,,,,,,,,,,,,,,,None,,,None,2026-08-08_12h53.50.844,11,TSRlearn_localizer-concepts,2026-08-08 12h53.53.296918 +0200,,2750.9119645999745,2752.4110393999727,2752.427691399993,2755.30974409997,,,,60.16724088242566,2750.1488053000066,2750.9119645999745,,,2750.1306692999788,2750.897855099989,,,chair\chair_11.jpg,,,,,,,,,,,,,,,,,,,,,,,0,0,1,,None,,2750.9119645999745,,,,,,,None,,3,,,2025.2.4,,,1,2750.9021798999747,2752.413328499999,,,None,None,2750.911880566626,2751.4781198999844,,,499,0,2026-08-08_13:39:43.430382,499,50,localizer,,None,,,None,,499,499,0,499,,,,,,,,chair,Chaise,Stuhl,
,,,,,,,,,,,,,,,,,,,,,,,,,,,,,0.14998769998783246,r,22.593010000011418,2755.30974409997,,,,,,,,,,,,,,2026-08-08_12h53.50.844,,TSRlearn_localizer-concepts,2026-08-08 12h53.53.296918 +0200,,,,,,,,,60.16724088242566,,,,,,,,,,,2755.30974409997,,,,,,,,,,,,,,,2755.2993177999742,2778.055920499959,,,,,,,,,,,,,,,,,,,,3,,,2025.2.4,,,,,,,,,,,,,,,,,,,,,,,,,,,,,,,,,,,,,,,,
