promptFile,correctFile,dist_01File,dist_02File,correct_pos,dist01_pos,dist02_pos,correct_ans,thisN,thisTrialN,thisRepN,key_resp_2.keys,key_resp_2.rt,key_resp_2.duration,trial_type,img_first,img_second,img_third,opt_left,opt_right,correct_side,correct_key,distance_correct,image_dur_retr,fix_dur_retr,ImageExamplePath,iti_dur_retr,reflection_win_dur,condFileLearning,condFileRetrieval,n_routes_block,block,learningSeq,runIndexWithinSeq,currPosInSeq,promptConcept,correctConcept,dist01Concept,dist02Concept,dist01_diff,dist02_diff,pairTargetPosInSeq,buf1Concept,buf1Exemplar,buf1File,buf2Concept,buf2Exemplar,buf2File,buf13Concept,buf13Exemplar,buf13File,buf14Concept,buf14Exemplar,buf14File,promptTrigNumber,correctTrigNumber,dist01TrigNumber,dist02TrigNumber,key_resp.keys,key_resp.rt,key_resp.duration,miniblockWithinRun,coupleIndexWithinRoute,is_yes,routeIndexWithinBlock,seqOfRoute,retrIm1Trig,retrIm2Trig,continue_button_18.keys,resp.keys,resp_4.keys,resp_4.rt,resp_4.duration,resp.rt,resp.duration,practice_learning.thisRepN,practice_learning.thisTrialN,practice_learning.thisN,practice_learning.thisIndex,retrieval_prc_loop.thisRepN,retrieval_prc_loop.thisTrialN,retrieval_prc_loop.thisN,retrieval_prc_loop.thisIndex,retry_loop.thisRepN,retry_loop.thisTrialN,retry_loop.thisN,retry_loop.thisIndex,Block.thisRepN,Block.thisTrialN,Block.thisN,Block.thisIndex,miniblocks.thisRepN,miniblocks.thisTrialN,miniblocks.thisN,miniblocks.thisIndex,learning_trials.thisRepN,learning_trials.thisTrialN,learning_trials.thisN,learning_trials.thisIndex,retrieval_trials.thisRepN,retrieval_trials.thisTrialN,retrieval_trials.thisN,retrieval_trials.thisIndex,thisRow.t,notes,startup_settings.started,startup_settings.stopped,instructions_01.started,instruction_part1.started,continue_button.started,instructions_01.stopped,continue_button.keys,continue_button.rt,continue_button.duration,instructions_02.started,instruction_part2.started,continue_button_3.started,instructions_02.stopped,continue_button_3.keys,continue_button_3.rt,continue_button_3.duration,instructions_03.started,instruction_part3.started,continue_button_4.started,instructions_03.stopped,continue_button_4.keys,continue_button_4.rt,continue_button_4.duration,instructions_04.started,instruction_part4.started,continue_button_5.started,instructions_04.stopped,continue_button_5.keys,continue_button_5.rt,continue_button_5.duration,instructions_05.started,instruction_part5.started,continue_button_6.started,instructions_05.stopped,continue_button_6.keys,continue_button_6.rt,continue_button_6.duration,instructions_06.started,instruction_part6.started,continue_button_7.started,instructions_06.stopped,continue_button_7.keys,continue_button_7.rt,continue_button_7.duration,instructions_replay_break.started,instructions_part16.started,continue_button_22.started,instructions_replay_break.stopped,continue_button_22.keys,continue_button_22.rt,continue_button_22.duration,practice_choice_display.started,polygon.started,prompt_prc.started,dist_01_prc.started,dist_02_prc.started,correct_prc.started,key_resp_2.started,instructions_choose_2.started,practice_choice_display.stopped,practice_learning.key_resp_2.keys,practice_learning.key_resp_2.rt,practice_learning.key_resp_2.duration,practice_feedback.started,polygon_7.started,prompt_prc_2.started,dist_01_prc_2.started,dist_02_prc_2.started,correct_prc_2.started,practice_feedback.stopped,rest_practice.started,fix_cross_2.started,rest_instruction.started,fix_cross_2.stopped,rest_instruction.stopped,rest_practice.stopped,instruction_retrieval_trials.started,instruction_part7.started,continue_button_8.started,instruction_retrieval_trials.stopped,continue_button_8.keys,continue_button_8.rt,continue_button_8.duration,instruction_retrievalques1.started,instruction_part10.started,continue_button_10.started,instruction_retrievalques1.stopped,continue_button_10.keys,continue_button_10.rt,continue_button_10.duration,instruction_retrievalques1_02.started,instruction_part13.started,continue_button_19.started,instruction_retrievalques1_02.stopped,continue_button_19.keys,continue_button_19.rt,continue_button_19.duration,instruction_retrievalques2.started,instruction_part11.started,continue_button_11.started,instruction_retrievalques2.stopped,continue_button_11.keys,continue_button_11.rt,continue_button_11.duration,instruction_retrievalques2_02.started,instruction_part14.started,continue_button_20.started,instruction_retrievalques2_02.stopped,continue_button_20.keys,continue_button_20.rt,continue_button_20.duration,instruction_refl_period.started,instruction_part12.started,continue_button_14.started,instruction_refl_period.stopped,continue_button_14.keys,continue_button_14.rt,continue_button_14.duration,instruction_refl_period_02.started,instruction_part15.started,continue_button_21.started,instruction_refl_period_02.stopped,continue_button_21.keys,continue_button_21.rt,continue_button_21.duration,retrieval_backg_info.started,instruction_info.started,continue_button_15.started,retrieval_backg_info.stopped,continue_button_15.keys,continue_button_15.rt,continue_button_15.duration,instruction_practice_type1.started,instruction_part8.started,continue_button_9.started,instruction_practice_type1.stopped,continue_button_9.keys,continue_button_9.rt,continue_button_9.duration,retrieval_type1_practice.started,fix_cross_retrbegin.started,fix_cross_retrbegin.stopped,retrieval_type1_practice.stopped,first_image_prc.started,image_1_prc.started,info_example_3.started,image_1_prc.stopped,info_example_3.stopped,first_image_prc.stopped,mask_retr1_prc.started,mask_img1.started,info_example_4.started,mask_retr1_prc.stopped,second_image_prc.started,image_2_prc.started,info_example_5.started,image_2_prc.stopped,info_example_5.stopped,second_image_prc.stopped,mask_retr2_prc.started,mask_img2.started,info_example_6.started,mask_retr2_prc.stopped,reflection_period.started,fix_cross_reflretr_2.started,text.started,fix_cross_reflretr_2.stopped,text.stopped,reflection_period.stopped,retr_response_order_prc.started,yes_txt_3.started,no_txt_3.started,polygon_9.started,resp_3.started,info_example_7.started,text_question_order.started,retr_response_order_prc.stopped,retry_loop.resp_3.keys,retry_loop.resp_3.rt,retry_loop.resp_3.duration,retr_response_distance_prc.started,resp_2.started,info_example.started,opt_2_prc.started,opt_3_prc.started,opt_4_prc.started,opt_5_prc.started,text_question_retrieval.started,retr_response_distance_prc.stopped,retry_loop.resp_2.keys,retry_loop.resp_2.rt,retry_loop.resp_2.duration,retr_response_feedback.started,text_feedback.started,info_example_2.started,text_continue.started,continue_button_16.started,retr_response_feedback.stopped,retry_loop.continue_button_16.keys,retry_loop.continue_button_16.rt,retry_loop.continue_button_16.duration,instructions_07.started,instructions_part7.started,continue_button_13.started,instructions_07.stopped,continue_button_13.keys,continue_button_13.rt,continue_button_13.duration,reset_rows_to_select.started,reset_rows_to_select.stopped,set_learning_rows.started,set_learning_rows.stopped,show_context.started,scene_image.started,show_context.stopped,choice_display.started,scene_image_2.started,polygon_4.started,prompt.started,dist_01.started,dist_02.started,correct.started,chooseNowText.started,key_resp.started,choice_display.stopped,learning_trials.key_resp.keys,learning_trials.key_resp.rt,learning_trials.key_resp.duration,feedback.started,scene_image_3.started,polygon_8.started,prompt_2.started,dist_01_2.started,dist_02_2.started,correct_2.started,feedback.stopped,too_slow_routine.started,too_slow_routine.stopped,scene_image_4.started,tooSlowtext.started,scene_image_4.stopped,tooSlowtext.stopped,rest_period.started,fix_cross.started,fix_cross.stopped,rest_period.stopped,instruction_retr_start.started,instruction_now_retr.started,continue_button_18.started,instruction_retr_start.stopped,miniblocks.continue_button_18.keys,set_retrieval_rows.started,set_retrieval_rows.stopped,retr_ITI.started,fix_cross_retrbegin_2.started,fix_cross_retrbegin_2.stopped,retr_ITI.stopped,first_image.started,image_1.started,image_1.stopped,first_image.stopped,mask_retr1.started,mask_img1_2.started,mask_retr1.stopped,second_image.started,image_2.started,image_2.stopped,second_image.stopped,mask_retr2.started,mask_img2_2.started,mask_img2_2.stopped,mask_retr2.stopped,reflection_period_retr.started,fix_cross_reflretr.started,fix_cross_reflretr.stopped,reflection_period_retr.stopped,retr_response_order.started,polygon_6.started,yes_txt.started,no_txt.started,chooseNowText_2.started,resp.started,retr_response_order.stopped,retrieval_trials.resp.keys,too_slow_routine_1.started,tooSlowtext_4.started,tooSlowtext_4.stopped,too_slow_routine_1.stopped,retr_response_distance.started,chooseNowText_3.started,opt_2.started,opt_3.started,opt_4.started,opt_5.started,resp_4.started,chooseNowText_3.stopped,opt_2.stopped,opt_3.stopped,opt_4.stopped,opt_5.stopped,resp_4.stopped,retr_response_distance.stopped,retrieval_trials.resp_4.keys,too_slow_routine_2.started,tooSlowtext_2.started,tooSlowtext_2.stopped,too_slow_routine_2.stopped,yes_txt.stopped,no_txt.stopped,resp.stopped,mask_img1_2.stopped,retrieval_trials.resp_4.rt,retrieval_trials.resp_4.duration,retrieval_trials.resp.rt,retrieval_trials.resp.duration,retr_task_break.started,retr_task_break.stopped,instructions_new_learn.started,instruction_text_newroute.started,instruction_text_newroute.stopped,instructions_new_learn.stopped,instruction_now_retr.stopped,continue_button_18.stopped,break_instruction.started,break_instruction.stopped,participant_ID,date,expName,expVersion,psychopyVersion,frameRate,expStart,
,,,,,,,,,,,,,,,,,,,,,,,,,,,,,,,,,,,,,,,,,,,,,,,,,,,,,,,,,,,,,,,,,,,,,,,,,,,,,,,,,,,,,,,,,,,,,,,,,,,,,,,,,0.023254400002770126,0.023364500026218593,,,,,,,,,,,,,,,,,,,,,,,,,,,,,,,,,,,,,,,,,,,,,,,,,,,,,,,,,,,,,,,,,,,,,,,,,,,,,,,,,,,,,,,,,,,,,,,,,,,,,,,,,,,,,,,,,,,,,,,,,,,,,,,,,,,,,,,,,,,,,,,,,,,,,,,,,,,,,,,,,,,,,,,,,,,,,,,,,,,,,,,,,,,,,,,,,,,,,,,,,,,,,,,,,,,,,,,,,,,,,,,,,,,,,,,,,,,,,,,,,,,,,,,,,,,,,,,,,,,,,,,,,,,,,,,,,,,,,,,,,,,,,,,,,,,,,,,,,,,,,,,,,,,,,,,,,,,,,,,,,,,,3,2026-08-10_16h41.09.397,TSRlearn_main-blocks,,2025.1.1,59.8767258062368,2026-08-10 16h41.13.219112 +0200,
,,,,,,,,,,,,,,,,,,,,,,,,,,,,,,,,,,,,,,,,,,,,,,,,,,,,,,,,,,,,,,,,,,,,,,,,,,,,,,,,,,,,,,,,,,,,,,,,,,,,,,,,,,,0.03992180002387613,0.052083500020671636,3.034306000045035,3.255641399999149,g,0.21691650000866503,None,,,,,,,,,,,,,,,,,,,,,,,,,,,,,,,,,,,,,,,,,,,,,,,,,,,,,,,,,,,,,,,,,,,,,,,,,,,,,,,,,,,,,,,,,,,,,,,,,,,,,,,,,,,,,,,,,,,,,,,,,,,,,,,,,,,,,,,,,,,,,,,,,,,,,,,,,,,,,,,,,,,,,,,,,,,,,,,,,,,,,,,,,,,,,,,,,,,,,,,,,,,,,,,,,,,,,,,,,,,,,,,,,,,,,,,,,,,,,,,,,,,,,,,,,,,,,,,,,,,,,,,,,,,,,,,,,,,,,,,,,,,,,,,,,,,,,,,,,,,,,,,,,,,,,,,,,,,,,3,2026-08-10_16h41.09.397,TSRlearn_main-blocks,,2025.1.1,59.8767258062368,2026-08-10 16h41.13.219112 +0200,
,,,,,,,,,,,,,,,,,,,,,,,,,,,,,,,,,,,,,,,,,,,,,,,,,,,,,,,,,,,,,,,,,,,,,,,,,,,,,,,,,,,,,,,,,,,,,,,,,,,,,,,,,,,,,,,,,,3.2713849000283517,3.28424950002227,6.266548700048588,6.4359302000375465,g,0.16347760002827272,None,,,,,,,,,,,,,,,,,,,,,,,,,,,,,,,,,,,,,,,,,,,,,,,,,,,,,,,,,,,,,,,,,,,,,,,,,,,,,,,,,,,,,,,,,,,,,,,,,,,,,,,,,,,,,,,,,,,,,,,,,,,,,,,,,,,,,,,,,,,,,,,,,,,,,,,,,,,,,,,,,,,,,,,,,,,,,,,,,,,,,,,,,,,,,,,,,,,,,,,,,,,,,,,,,,,,,,,,,,,,,,,,,,,,,,,,,,,,,,,,,,,,,,,,,,,,,,,,,,,,,,,,,,,,,,,,,,,,,,,,,,,,,,,,,,,,,,,,,,,,,,,,,,,,,,3,2026-08-10_16h41.09.397,TSRlearn_main-blocks,,2025.1.1,59.8767258062368,2026-08-10 16h41.13.219112 +0200,
,,,,,,,,,,,,,,,,,,,,,,,,,,,,,,,,,,,,,,,,,,,,,,,,,,,,,,,,,,,,,,,,,,,,,,,,,,,,,,,,,,,,,,,,,,,,,,,,,,,,,,,,,,,,,,,,,,,,,,,,,6.44464970001718,6.466289500007406,9.448816900025122,10.485267500043847,r,1.02198610000778,None,,,,,,,,,,,,,,,,,,,,,,,,,,,,,,,,,,,,,,,,,,,,,,,,,,,,,,,,,,,,,,,,,,,,,,,,,,,,,,,,,,,,,,,,,,,,,,,,,,,,,,,,,,,,,,,,,,,,,,,,,,,,,,,,,,,,,,,,,,,,,,,,,,,,,,,,,,,,,,,,,,,,,,,,,,,,,,,,,,,,,,,,,,,,,,,,,,,,,,,,,,,,,,,,,,,,,,,,,,,,,,,,,,,,,,,,,,,,,,,,,,,,,,,,,,,,,,,,,,,,,,,,,,,,,,,,,,,,,,,,,,,,,,,,,,,,,,,,,,,,,,,3,2026-08-10_16h41.09.397,TSRlearn_main-blocks,,2025.1.1,59.8767258062368,2026-08-10 16h41.13.219112 +0200,
,,,,,,,,,,,,,,,,,,,,,,,,,,,,,,,,,,,,,,,,,,,,,,,,,,,,,,,,,,,,,,,,,,,,,,,,,,,,,,,,,,,,,,,,,,,,,,,,,,,,,,,,,,,,,,,,,,,,,,,,,,,,,,,,10.500444100005552,10.515019400045276,13.497030800033826,13.652803400007542,r,0.15141290001338348,None,,,,,,,,,,,,,,,,,,,,,,,,,,,,,,,,,,,,,,,,,,,,,,,,,,,,,,,,,,,,,,,,,,,,,,,,,,,,,,,,,,,,,,,,,,,,,,,,,,,,,,,,,,,,,,,,,,,,,,,,,,,,,,,,,,,,,,,,,,,,,,,,,,,,,,,,,,,,,,,,,,,,,,,,,,,,,,,,,,,,,,,,,,,,,,,,,,,,,,,,,,,,,,,,,,,,,,,,,,,,,,,,,,,,,,,,,,,,,,,,,,,,,,,,,,,,,,,,,,,,,,,,,,,,,,,,,,,,,,,,,,,,,,,,,,,,,,,,3,2026-08-10_16h41.09.397,TSRlearn_main-blocks,,2025.1.1,59.8767258062368,2026-08-10 16h41.13.219112 +0200,
,,,,,,,,,,,,,,,,,,,,,,,,,,,,,,,,,,,,,,,,,,,,,,,,,,,,,,,,,,,,,,,,,,,,,,,,,,,,,,,,,,,,,,,,,,,,,,,,,,,,,,,,,,,,,,,,,,,,,,,,,,,,,,,,,,,,,,,13.661125400045421,13.681004600017332,16.663864300004207,16.749237000010908,r,0.08421160001307726,None,,,,,,,,,,,,,,,,,,,,,,,,,,,,,,,,,,,,,,,,,,,,,,,,,,,,,,,,,,,,,,,,,,,,,,,,,,,,,,,,,,,,,,,,,,,,,,,,,,,,,,,,,,,,,,,,,,,,,,,,,,,,,,,,,,,,,,,,,,,,,,,,,,,,,,,,,,,,,,,,,,,,,,,,,,,,,,,,,,,,,,,,,,,,,,,,,,,,,,,,,,,,,,,,,,,,,,,,,,,,,,,,,,,,,,,,,,,,,,,,,,,,,,,,,,,,,,,,,,,,,,,,,,,,,,,,,,,,,,,,,,,,,,,,,3,2026-08-10_16h41.09.397,TSRlearn_main-blocks,,2025.1.1,59.8767258062368,2026-08-10 16h41.13.219112 +0200,
,,,,,,,,,,,,,,,,,,,,,,,,,,,,,,,,,,,,,,,,,,,,,,,,,,,,,,,,,,,,,,,,,,,,,,,,,,,,,,,,,,,,,,,,,,,,,,,,,,,,,,,,,,,,,,,,,,,,,,,,,,,,,,,,,,,,,,,,,,,,,,16.758726000029128,16.779576700006146,19.76347770000575,19.980964700051118,r,0.21231669996632263,None,,,,,,,,,,,,,,,,,,,,,,,,,,,,,,,,,,,,,,,,,,,,,,,,,,,,,,,,,,,,,,,,,,,,,,,,,,,,,,,,,,,,,,,,,,,,,,,,,,,,,,,,,,,,,,,,,,,,,,,,,,,,,,,,,,,,,,,,,,,,,,,,,,,,,,,,,,,,,,,,,,,,,,,,,,,,,,,,,,,,,,,,,,,,,,,,,,,,,,,,,,,,,,,,,,,,,,,,,,,,,,,,,,,,,,,,,,,,,,,,,,,,,,,,,,,,,,,,,,,,,,,,,,,,,,,,,,,,,,,,,,3,2026-08-10_16h41.09.397,TSRlearn_main-blocks,,2025.1.1,59.8767258062368,2026-08-10 16h41.13.219112 +0200,
,,,,,,,,,,,,,,,,,,,,,,,,,,,,,,,,,,,,,,,,,,,,,,,,,,,,,,,,,,,,,,,,,,,,,,,,,,,,,,,,,,,,,,,,,,,,,,,,,,,,,,,,,,,,,,,,,,,,,,,,,,,,,,,,,,,,,,,,,,,,,,,,,,,,,19.98808810004266,19.995476700016297,20.99580050003715,21.131515500019304,r,0.1193339999881573,None,,,,,,,,,,,,,,,,,,,,,,,,,,,,,,,,,,,,,,,,,,,,,,,,,,,,,,,,,,,,,,,,,,,,,,,,,,,,,,,,,,,,,,,,,,,,,,,,,,,,,,,,,,,,,,,,,,,,,,,,,,,,,,,,,,,,,,,,,,,,,,,,,,,,,,,,,,,,,,,,,,,,,,,,,,,,,,,,,,,,,,,,,,,,,,,,,,,,,,,,,,,,,,,,,,,,,,,,,,,,,,,,,,,,,,,,,,,,,,,,,,,,,,,,,,,,,,,,,,,,,,,,,,,,,,,,,,,3,2026-08-10_16h41.09.397,TSRlearn_main-blocks,,2025.1.1,59.8767258062368,2026-08-10 16h41.13.219112 +0200,
stimuli/practice_images/anchor.jpg,stimuli/practice_images/cow.jpg,stimuli/practice_images/bread.jpg,stimuli/practice_images/plane.jpg,right,left,center,right,0,0,0,r,0.20265029999427497,None,,,,,,,,,,,,,,,,,,,,,,,,,,,,,,,,,,,,,,,,,,,,,,,,,,,,,,,,,,,,,,0,0,0,0,,,,,,,,,,,,,,,,,,,,,,,,,21.309600400039926,,,,,,,,,,,,,,,,,,,,,,,,,,,,,,,,,,,,,,,,,,,,,,,,,,,,,21.283136300044134,21.309600400039926,21.309600400039926,21.309600400039926,21.309600400039926,21.309600400039926,0.15176139998948202,21.309600400039926,21.61420090001775,r,0.20265029999427497,None,21.720206100028008,21.753989699995145,21.753989699995145,21.753989699995145,21.753989699995145,21.753989699995145,22.731519000022672,,,,,,,,,,,,,,,,,,,,,,,,,,,,,,,,,,,,,,,,,,,,,,,,,,,,,,,,,,,,,,,,,,,,,,,,,,,,,,,,,,,,,,,,,,,,,,,,,,,,,,,,,,,,,,,,,,,,,,,,,,,,,,,,,,,,,,,,,,,,,,,,,,,,,,,,,,,,,,,,,,,,,,,,,,,,,,,,,,,,,,,,,,,,,,,,,,,,,,,,,,,,,,,,,,,,,,,,,,,,,,,,,,,,,,,,,,,,,,,,,,,,,,,,,,,,,,,,3,2026-08-10_16h41.09.397,TSRlearn_main-blocks,,2025.1.1,59.8767258062368,2026-08-10 16h41.13.219112 +0200,
stimuli/practice_images/cow.jpg,stimuli/practice_images/ant.jpg,stimuli/practice_images/banana.jpg,stimuli/practice_images/glasses.jpg,left,right,center,left,1,1,0,b,0.1270537000382319,None,,,,,,,,,,,,,,,,,,,,,,,,,,,,,,,,,,,,,,,,,,,,,,,,,,,,,,,,,,,,,,0,1,1,1,,,,,,,,,,,,,,,,,,,,,,,,,22.88587960001314,,,,,,,,,,,,,,,,,,,,,,,,,,,,,,,,,,,,,,,,,,,,,,,,,,,,,22.863743300025817,22.88587960001314,22.88587960001314,22.88587960001314,22.88587960001314,22.88587960001314,0.13229540002066642,22.88587960001314,23.113811300019734,b,0.1270537000382319,None,23.243730700050946,23.26859799999511,23.26859799999511,23.26859799999511,23.26859799999511,23.26859799999511,24.24730930000078,,,,,,,,,,,,,,,,,,,,,,,,,,,,,,,,,,,,,,,,,,,,,,,,,,,,,,,,,,,,,,,,,,,,,,,,,,,,,,,,,,,,,,,,,,,,,,,,,,,,,,,,,,,,,,,,,,,,,,,,,,,,,,,,,,,,,,,,,,,,,,,,,,,,,,,,,,,,,,,,,,,,,,,,,,,,,,,,,,,,,,,,,,,,,,,,,,,,,,,,,,,,,,,,,,,,,,,,,,,,,,,,,,,,,,,,,,,,,,,,,,,,,,,,,,,,,,,,3,2026-08-10_16h41.09.397,TSRlearn_main-blocks,,2025.1.1,59.8767258062368,2026-08-10 16h41.13.219112 +0200,
stimuli/practice_images/ant.jpg,stimuli/practice_images/basket.jpg,stimuli/practice_images/axe.jpg,stimuli/practice_images/duck.jpg,center,left,right,up,2,2,0,g,0.1634034999879077,None,,,,,,,,,,,,,,,,,,,,,,,,,,,,,,,,,,,,,,,,,,,,,,,,,,,,,,,,,,,,,,0,2,2,2,,,,,,,,,,,,,,,,,,,,,,,,,24.40127279999433,,,,,,,,,,,,,,,,,,,,,,,,,,,,,,,,,,,,,,,,,,,,,,,,,,,,,24.38814520003507,24.40127279999433,24.40127279999433,24.40127279999433,24.40127279999433,24.40127279999433,0.14088289998471737,24.40127279999433,24.680497299996205,g,0.1634034999879077,None,24.810819900012575,24.834544600045774,24.834544600045774,24.834544600045774,24.834544600045774,24.834544600045774,25.813982899999246,,,,,,,,,,,,,,,,,,,,,,,,,,,,,,,,,,,,,,,,,,,,,,,,,,,,,,,,,,,,,,,,,,,,,,,,,,,,,,,,,,,,,,,,,,,,,,,,,,,,,,,,,,,,,,,,,,,,,,,,,,,,,,,,,,,,,,,,,,,,,,,,,,,,,,,,,,,,,,,,,,,,,,,,,,,,,,,,,,,,,,,,,,,,,,,,,,,,,,,,,,,,,,,,,,,,,,,,,,,,,,,,,,,,,,,,,,,,,,,,,,,,,,,,,,,,,,,,3,2026-08-10_16h41.09.397,TSRlearn_main-blocks,,2025.1.1,59.8767258062368,2026-08-10 16h41.13.219112 +0200,
stimuli/practice_images/basket.jpg,stimuli/practice_images/bed.jpg,stimuli/practice_images/belt.jpg,stimuli/practice_images/bread.jpg,center,right,left,up,3,3,0,r,0.0800242000259459,None,,,,,,,,,,,,,,,,,,,,,,,,,,,,,,,,,,,,,,,,,,,,,,,,,,,,,,,,,,,,,,0,3,3,3,,,,,,,,,,,,,,,,,,,,,,,,,25.98410679999506,,,,,,,,,,,,,,,,,,,,,,,,,,,,,,,,,,,,,,,,,,,,,,,,,,,,,25.956229600007646,25.98410679999506,25.98410679999506,25.98410679999506,25.98410679999506,25.98410679999506,0.14230930001940578,25.98410679999506,26.14723490003962,r,0.0800242000259459,None,26.273071800009347,26.300517600029707,26.300517600029707,26.300517600029707,26.300517600029707,26.300517600029707,27.279351700039115,,,,,,,,,,,,,,,,,,,,,,,,,,,,,,,,,,,,,,,,,,,,,,,,,,,,,,,,,,,,,,,,,,,,,,,,,,,,,,,,,,,,,,,,,,,,,,,,,,,,,,,,,,,,,,,,,,,,,,,,,,,,,,,,,,,,,,,,,,,,,,,,,,,,,,,,,,,,,,,,,,,,,,,,,,,,,,,,,,,,,,,,,,,,,,,,,,,,,,,,,,,,,,,,,,,,,,,,,,,,,,,,,,,,,,,,,,,,,,,,,,,,,,,,,,,,,,,,3,2026-08-10_16h41.09.397,TSRlearn_main-blocks,,2025.1.1,59.8767258062368,2026-08-10 16h41.13.219112 +0200,
stimuli/practice_images/bed.jpg,stimuli/practice_images/belt.jpg,stimuli/practice_images/anchor.jpg,stimuli/practice_images/desk.jpg,left,center,right,left,4,4,0,b,0.2206737999804318,None,,,,,,,,,,,,,,,,,,,,,,,,,,,,,,,,,,,,,,,,,,,,,,,,,,,,,,,,,,,,,,0,4,4,4,,,,,,,,,,,,,,,,,,,,,,,,,27.43348840001272,,,,,,,,,,,,,,,,,,,,,,,,,,,,,,,,,,,,,,,,,,,,,,,,,,,,,27.395740400010254,27.43348840001272,27.43348840001272,27.43348840001272,27.43348840001272,27.43348840001272,0.11644189996877685,27.43348840001272,27.746141600015108,b,0.2206737999804318,None,27.889614500047173,27.917231500032358,27.917231500032358,27.917231500032358,27.917231500032358,27.917231500032358,28.89735380001366,,,,,,,,,,,,,,,,,,,,,,,,,,,,,,,,,,,,,,,,,,,,,,,,,,,,,,,,,,,,,,,,,,,,,,,,,,,,,,,,,,,,,,,,,,,,,,,,,,,,,,,,,,,,,,,,,,,,,,,,,,,,,,,,,,,,,,,,,,,,,,,,,,,,,,,,,,,,,,,,,,,,,,,,,,,,,,,,,,,,,,,,,,,,,,,,,,,,,,,,,,,,,,,,,,,,,,,,,,,,,,,,,,,,,,,,,,,,,,,,,,,,,,,,,,,,,,,,3,2026-08-10_16h41.09.397,TSRlearn_main-blocks,,2025.1.1,59.8767258062368,2026-08-10 16h41.13.219112 +0200,
stimuli/practice_images/belt.jpg,stimuli/practice_images/bird.jpg,stimuli/practice_images/ant.jpg,stimuli/practice_images/crocodile.jpg,right,left,center,right,5,5,0,g,0.056622899952344596,None,,,,,,,,,,,,,,,,,,,,,,,,,,,,,,,,,,,,,,,,,,,,,,,,,,,,,,,,,,,,,,0,5,5,5,,,,,,,,,,,,,,,,,,,,,,,,,29.050429399998393,,,,,,,,,,,,,,,,,,,,,,,,,,,,,,,,,,,,,,,,,,,,,,,,,,,,,29.023986800049897,29.050429399998393,29.050429399998393,29.050429399998393,29.050429399998393,29.050429399998393,0.1267062000115402,29.050429399998393,29.21133680001367,g,0.056622899952344596,None,29.33536660001846,29.36938089999603,29.36938089999603,29.36938089999603,29.36938089999603,29.36938089999603,30.362354000040796,,,,,,,,,,,,,,,,,,,,,,,,,,,,,,,,,,,,,,,,,,,,,,,,,,,,,,,,,,,,,,,,,,,,,,,,,,,,,,,,,,,,,,,,,,,,,,,,,,,,,,,,,,,,,,,,,,,,,,,,,,,,,,,,,,,,,,,,,,,,,,,,,,,,,,,,,,,,,,,,,,,,,,,,,,,,,,,,,,,,,,,,,,,,,,,,,,,,,,,,,,,,,,,,,,,,,,,,,,,,,,,,,,,,,,,,,,,,,,,,,,,,,,,,,,,,,,,,3,2026-08-10_16h41.09.397,TSRlearn_main-blocks,,2025.1.1,59.8767258062368,2026-08-10 16h41.13.219112 +0200,
,,,,,,,,,,,,,,,,,,,,,,,,,,,,,,,,,,,,,,,,,,,,,,,,,,,,,,,,,,,,,,,,,,,,,,,,,,,,,,,,,,,,,,,,,,,,,,,,,,,,,,,,,,,,,,,,,,,,,,,,,,,,,,,,,,,,,,,,,,,,,,,,,,,,,,,,,,,,,,,,,,,,,,,,,,,,,,,30.365543199994136,30.375868800038006,30.375868800038006,35.40640170004917,35.40640170004917,35.37578340002801,,,,,,,,,,,,,,,,,,,,,,,,,,,,,,,,,,,,,,,,,,,,,,,,,,,,,,,,,,,,,,,,,,,,,,,,,,,,,,,,,,,,,,,,,,,,,,,,,,,,,,,,,,,,,,,,,,,,,,,,,,,,,,,,,,,,,,,,,,,,,,,,,,,,,,,,,,,,,,,,,,,,,,,,,,,,,,,,,,,,,,,,,,,,,,,,,,,,,,,,,,,,,,,,,,,,,,,,,,,,,,,,,,,,,,,,,,,,,,,,,,,,,,,,,,3,2026-08-10_16h41.09.397,TSRlearn_main-blocks,,2025.1.1,59.8767258062368,2026-08-10 16h41.13.219112 +0200,
,,,,,,,,,,,,,,,,,,,,,,,,,,,,,,,,,,,,,,,,,,,,,,,,,,,,,,,,,,,,,,,,,,,,,,,,,,,,,,,,,,,,,,,,,,,,,,,,,,,,,,,,,,,,,,,,,,,,,,,,,,,,,,,,,,,,,,,,,,,,,,,,,,,,,,,,,,,,,,,,,,,,,,,,,,,,,,,,,,,,,35.38692410005024,35.40640170004917,38.39021890005097,38.42589500005124,r,0.029956799990031868,None,,,,,,,,,,,,,,,,,,,,,,,,,,,,,,,,,,,,,,,,,,,,,,,,,,,,,,,,,,,,,,,,,,,,,,,,,,,,,,,,,,,,,,,,,,,,,,,,,,,,,,,,,,,,,,,,,,,,,,,,,,,,,,,,,,,,,,,,,,,,,,,,,,,,,,,,,,,,,,,,,,,,,,,,,,,,,,,,,,,,,,,,,,,,,,,,,,,,,,,,,,,,,,,,,,,,,,,,,,,,,,,,,,,,,,,,,,,,,,,,,,,3,2026-08-10_16h41.09.397,TSRlearn_main-blocks,,2025.1.1,59.8767258062368,2026-08-10 16h41.13.219112 +0200,
,,,,,,,,,,,,,,,,,,,,,,,,,,,,,,,,,,,,,,,,,,,,,,,,,,,,,,,,,,,,,,,,,,,,,,,,,,,,,,,,,,,,,,,,,,,,,,,,,,,,,,,,,,,,,,,,,,,,,,,,,,,,,,,,,,,,,,,,,,,,,,,,,,,,,,,,,,,,,,,,,,,,,,,,,,,,,,,,,,,,,,,,,,,,38.43307160004042,38.440238300012425,41.43837640003767,41.625652500020806,r,0.1763683999888599,None,,,,,,,,,,,,,,,,,,,,,,,,,,,,,,,,,,,,,,,,,,,,,,,,,,,,,,,,,,,,,,,,,,,,,,,,,,,,,,,,,,,,,,,,,,,,,,,,,,,,,,,,,,,,,,,,,,,,,,,,,,,,,,,,,,,,,,,,,,,,,,,,,,,,,,,,,,,,,,,,,,,,,,,,,,,,,,,,,,,,,,,,,,,,,,,,,,,,,,,,,,,,,,,,,,,,,,,,,,,,,,,,,,,,,,,,,,,,3,2026-08-10_16h41.09.397,TSRlearn_main-blocks,,2025.1.1,59.8767258062368,2026-08-10 16h41.13.219112 +0200,
,,,,,,,,,,,,,,,,,,,,,,,,,,,,,,,,,,,,,,,,,,,,,,,,,,,,,,,,,,,,,,,,,,,,,,,,,,,,,,,,,,,,,,,,,,,,,,,,,,,,,,,,,,,,,,,,,,,,,,,,,,,,,,,,,,,,,,,,,,,,,,,,,,,,,,,,,,,,,,,,,,,,,,,,,,,,,,,,,,,,,,,,,,,,,,,,,,,41.63661750004394,41.655236200022046,44.637637400010135,45.140248400042765,r,0.5009494999540038,None,,,,,,,,,,,,,,,,,,,,,,,,,,,,,,,,,,,,,,,,,,,,,,,,,,,,,,,,,,,,,,,,,,,,,,,,,,,,,,,,,,,,,,,,,,,,,,,,,,,,,,,,,,,,,,,,,,,,,,,,,,,,,,,,,,,,,,,,,,,,,,,,,,,,,,,,,,,,,,,,,,,,,,,,,,,,,,,,,,,,,,,,,,,,,,,,,,,,,,,,,,,,,,,,,,,,,,,,,,,,,,,,,,,,,3,2026-08-10_16h41.09.397,TSRlearn_main-blocks,,2025.1.1,59.8767258062368,2026-08-10 16h41.13.219112 +0200,
,,,,,,,,,,,,,,,,,,,,,,,,,,,,,,,,,,,,,,,,,,,,,,,,,,,,,,,,,,,,,,,,,,,,,,,,,,,,,,,,,,,,,,,,,,,,,,,,,,,,,,,,,,,,,,,,,,,,,,,,,,,,,,,,,,,,,,,,,,,,,,,,,,,,,,,,,,,,,,,,,,,,,,,,,,,,,,,,,,,,,,,,,,,,,,,,,,,,,,,,,,45.15121189999627,45.170529299997725,48.15405430004466,48.18910380004672,r,0.023963799991179258,None,,,,,,,,,,,,,,,,,,,,,,,,,,,,,,,,,,,,,,,,,,,,,,,,,,,,,,,,,,,,,,,,,,,,,,,,,,,,,,,,,,,,,,,,,,,,,,,,,,,,,,,,,,,,,,,,,,,,,,,,,,,,,,,,,,,,,,,,,,,,,,,,,,,,,,,,,,,,,,,,,,,,,,,,,,,,,,,,,,,,,,,,,,,,,,,,,,,,,,,,,,,,,,,,,,,,,,,,,,,,,,3,2026-08-10_16h41.09.397,TSRlearn_main-blocks,,2025.1.1,59.8767258062368,2026-08-10 16h41.13.219112 +0200,
,,,,,,,,,,,,,,,,,,,,,,,,,,,,,,,,,,,,,,,,,,,,,,,,,,,,,,,,,,,,,,,,,,,,,,,,,,,,,,,,,,,,,,,,,,,,,,,,,,,,,,,,,,,,,,,,,,,,,,,,,,,,,,,,,,,,,,,,,,,,,,,,,,,,,,,,,,,,,,,,,,,,,,,,,,,,,,,,,,,,,,,,,,,,,,,,,,,,,,,,,,,,,,,,,48.19596600002842,48.20323300000746,51.20276970003033,51.272281200042926,r,0.06444580003153533,None,,,,,,,,,,,,,,,,,,,,,,,,,,,,,,,,,,,,,,,,,,,,,,,,,,,,,,,,,,,,,,,,,,,,,,,,,,,,,,,,,,,,,,,,,,,,,,,,,,,,,,,,,,,,,,,,,,,,,,,,,,,,,,,,,,,,,,,,,,,,,,,,,,,,,,,,,,,,,,,,,,,,,,,,,,,,,,,,,,,,,,,,,,,,,,,,,,,,,,,,,,,,,,,,,,,,,,,3,2026-08-10_16h41.09.397,TSRlearn_main-blocks,,2025.1.1,59.8767258062368,2026-08-10 16h41.13.219112 +0200,
,,,,,,,,,,,,,,,,,,,,,,,,,,,,,,,,,,,,,,,,,,,,,,,,,,,,,,,,,,,,,,,,,,,,,,,,,,,,,,,,,,,,,,,,,,,,,,,,,,,,,,,,,,,,,,,,,,,,,,,,,,,,,,,,,,,,,,,,,,,,,,,,,,,,,,,,,,,,,,,,,,,,,,,,,,,,,,,,,,,,,,,,,,,,,,,,,,,,,,,,,,,,,,,,,,,,,,,,51.27780790004181,51.28638950001914,54.2840158000472,54.48747029999504,r,0.19057859998429194,None,,,,,,,,,,,,,,,,,,,,,,,,,,,,,,,,,,,,,,,,,,,,,,,,,,,,,,,,,,,,,,,,,,,,,,,,,,,,,,,,,,,,,,,,,,,,,,,,,,,,,,,,,,,,,,,,,,,,,,,,,,,,,,,,,,,,,,,,,,,,,,,,,,,,,,,,,,,,,,,,,,,,,,,,,,,,,,,,,,,,,,,,,,,,,,,,,,,,,,,,,,,,,,,,3,2026-08-10_16h41.09.397,TSRlearn_main-blocks,,2025.1.1,59.8767258062368,2026-08-10 16h41.13.219112 +0200,
,,,,,,,,,,,,,,,,,,,,,,,,,,,,,,,,,,,,,,,,,,,,,,,,,,,,,,,,,,,,,,,,,,,,,,,,,,,,,,,,,,,,,,,,,,,,,,,,,,,,,,,,,,,,,,,,,,,,,,,,,,,,,,,,,,,,,,,,,,,,,,,,,,,,,,,,,,,,,,,,,,,,,,,,,,,,,,,,,,,,,,,,,,,,,,,,,,,,,,,,,,,,,,,,,,,,,,,,,,,,,,,54.49665580003057,54.51758189999964,57.5008463000413,58.020899800001644,r,0.5154422000050545,None,,,,,,,,,,,,,,,,,,,,,,,,,,,,,,,,,,,,,,,,,,,,,,,,,,,,,,,,,,,,,,,,,,,,,,,,,,,,,,,,,,,,,,,,,,,,,,,,,,,,,,,,,,,,,,,,,,,,,,,,,,,,,,,,,,,,,,,,,,,,,,,,,,,,,,,,,,,,,,,,,,,,,,,,,,,,,,,,,,,,,,,,,,,,,,,,,,,,,,,,,3,2026-08-10_16h41.09.397,TSRlearn_main-blocks,,2025.1.1,59.8767258062368,2026-08-10 16h41.13.219112 +0200,
,,,,,,,,,,,,,,,,,,,,,,,,,,,,,,,,,,,,,,,,,,,,,,,,,,,,,,,,,,,,,,,,,,,,,,,,,,,,,,,,,,,,,,,,,,,,,,,,,,,,,,,,,,,,,,,,,,,,,,,,,,,,,,,,,,,,,,,,,,,,,,,,,,,,,,,,,,,,,,,,,,,,,,,,,,,,,,,,,,,,,,,,,,,,,,,,,,,,,,,,,,,,,,,,,,,,,,,,,,,,,,,,,,,,,,58.03309340000851,58.05023200000869,58.532623500039335,58.85213700000895,r,0.3098135000327602,None,,,,,,,,,,,,,,,,,,,,,,,,,,,,,,,,,,,,,,,,,,,,,,,,,,,,,,,,,,,,,,,,,,,,,,,,,,,,,,,,,,,,,,,,,,,,,,,,,,,,,,,,,,,,,,,,,,,,,,,,,,,,,,,,,,,,,,,,,,,,,,,,,,,,,,,,,,,,,,,,,,,,,,,,,,,,,,,,,,,,,,,,,,,,,,,,,,3,2026-08-10_16h41.09.397,TSRlearn_main-blocks,,2025.1.1,59.8767258062368,2026-08-10 16h41.13.219112 +0200,
,,,,,,,,,,,,,,,,,,,,,,,,,,,,,,,,,,,,,,,,,,,,,,,,,,,,,,,,,,,,,,,,,,,,,,,,,,,,,,,,,,,,,,,,,,,,,,,,,,,,,,,,,,,,,,,,,,,,,,,,,,,,,,,,,,,,,,,,,,,,,,,,,,,,,,,,,,,,,,,,,,,,,,,,,,,,,,,,,,,,,,,,,,,,,,,,,,,,,,,,,,,,,,,,,,,,,,,,,,,,,,,,,,,,,,,,,,,,,58.85855480004102,58.866673000040464,59.368158900004346,59.87046540004667,r,0.4895161999738775,None,,,,,,,,,,,,,,,,,,,,,,,,,,,,,,,,,,,,,,,,,,,,,,,,,,,,,,,,,,,,,,,,,,,,,,,,,,,,,,,,,,,,,,,,,,,,,,,,,,,,,,,,,,,,,,,,,,,,,,,,,,,,,,,,,,,,,,,,,,,,,,,,,,,,,,,,,,,,,,,,,,,,,,,,,,,,,,,,,,,,,,,,,,,3,2026-08-10_16h41.09.397,TSRlearn_main-blocks,,2025.1.1,59.8767258062368,2026-08-10 16h41.13.219112 +0200,
,,,,,,,,0,0,0,,,,3,stimuli/practice_images/cow.jpg,stimuli/practice_images/basket.jpg,None,yes,no,left,left,2,2,0.5,stimuli/practice_images/practice_sequence_overview_t3_01.jpg,0.45,1.95,,,,,,,,,,,,,,,,,,,,,,,,,,,,,,,,,,,,,,,,,,,,,,,,,,,,0,0,0,0,0,0,0,0,,,,,,,,,,,,,,,,,75.44496809999691,,,,,,,,,,,,,,,,,,,,,,,,,,,,,,,,,,,,,,,,,,,,,,,,,,,,,,,,,,,,,,,,,,,,,,,,,,,,,,,,,,,,,,,,,,,,,,,,,,,,,,,,,,,,,,,,,,,,,,,,,,,,,,,,,,,,,,,,,,,,,75.43377200001851,75.44496809999691,75.93093580001732,75.88014370005112,75.9152723000152,75.93093580001732,75.93093580001732,77.44453510001767,77.44453510001767,77.42971039999975,77.43327979999594,77.44453510001767,77.44453510001767,77.68172849999974,77.71778659999836,77.73052770004142,77.73052770004142,79.24396240001079,79.24396240001079,79.22875589999603,79.23194359999616,79.24396240001079,79.24396240001079,79.48043360002339,79.48050460004015,79.49398780002957,79.49398780002957,83.45928390003974,83.45928390003974,83.44387240003562,83.44786569999997,83.45928390003974,83.45928390003974,83.45928390003974,0.004019399988465011,83.45928390003974,83.45928390003974,86.76064150000457,g,3.194631099991966,None,86.76477880001767,0.004148699983488768,86.7755081000505,86.7755081000505,86.7755081000505,86.7755081000505,86.7755081000505,86.7755081000505,88.25970670004608,g,3.194631099991966,0.2483819000190124,88.26886780001223,88.27475670003332,74.09686380001949,88.27475670003332,88.77338780002901,89.1270913000335,r,0.34491579997120425,None,,,,,,,,,,,,,,,,,,,,,,,,,,,,,,,,,,,,,,,,,,,,,,,,,,,,,,,,,,,,,,,,,,,,,,,,,,,,,,,,,,,,,,,,,,,,,,,,,,,,,,,,,,,,,,,,,,,,,,,,,,,,,3,2026-08-10_16h41.09.397,TSRlearn_main-blocks,,2025.1.1,59.8767258062368,2026-08-10 16h41.13.219112 +0200,
,,,,,,,,1,1,0,,,,3,stimuli/practice_images/cow.jpg,stimuli/practice_images/belt.jpg,None,no,yes,right,right,4,2,0.5,stimuli/practice_images/practice_sequence_overview_t3_02.jpg,0.52,1.89,,,,,,,,,,,,,,,,,,,,,,,,,,,,,,,,,,,,,,,,,,,,,,,,,,,,0,1,1,1,0,0,0,0,,,,,,,,,,,,,,,,,89.1410695000086,,,,,,,,,,,,,,,,,,,,,,,,,,,,,,,,,,,,,,,,,,,,,,,,,,,,,,,,,,,,,,,,,,,,,,,,,,,,,,,,,,,,,,,,,,,,,,,,,,,,,,,,,,,,,,,,,,,,,,,,,,,,,,,,,,,,,,,,,,,,,89.13224930001888,89.1410695000086,89.71101010002894,89.65864460001467,89.695446000027,89.71101010002894,89.71101010002894,91.22358620003797,91.22358620003797,91.20830390002811,91.21139250003034,91.22358620003797,91.22358620003797,91.45866610005032,91.49154800001998,91.50961599999573,91.50961599999573,93.02314200002002,93.02314200002002,93.00800560001517,93.01136110001244,93.02314200002002,93.02314200002002,93.25989089999348,93.25996140000643,93.273193800007,93.273193800007,97.17229420004878,97.17229420004878,97.15803880000021,97.16128580004442,97.17229420004878,97.17229420004878,97.17229420004878,0.0032657000119797885,97.17229420004878,97.17229420004878,103.17227470001671,g,5.894285999995191,None,103.17618960002437,0.00389509997330606,103.18733800004702,103.18733800004702,103.18733800004702,103.18733800004702,103.18733800004702,103.18733800004702,106.17141619999893,g,5.894285999995191,0.19040469999890774,106.17471180000575,106.18570670002373,,106.18570670002373,106.68414940004004,106.95443870004965,y,0.26428040000610054,None,,,,,,,,,,,,,,,,,,,,,,,,,,,,,,,,,,,,,,,,,,,,,,,,,,,,,,,,,,,,,,,,,,,,,,,,,,,,,,,,,,,,,,,,,,,,,,,,,,,,,,,,,,,,,,,,,,,,,,,,,,,,,3,2026-08-10_16h41.09.397,TSRlearn_main-blocks,,2025.1.1,59.8767258062368,2026-08-10 16h41.13.219112 +0200,
,,,,,,,,2,2,0,,,,3,stimuli/practice_images/belt.jpg,stimuli/practice_images/ant.jpg,None,yes,no,right,up,3,2,0.5,stimuli/practice_images/practice_sequence_overview_t3_03.jpg,0.61,2.15,,,,,,,,,,,,,,,,,,,,,,,,,,,,,,,,,,,,,,,,,,,,,,,,,,,,0,2,2,2,0,0,0,0,,,,,,,,,,,,,,,,,106.9682587000425,,,,,,,,,,,,,,,,,,,,,,,,,,,,,,,,,,,,,,,,,,,,,,,,,,,,,,,,,,,,,,,,,,,,,,,,,,,,,,,,,,,,,,,,,,,,,,,,,,,,,,,,,,,,,,,,,,,,,,,,,,,,,,,,,,,,,,,,,,,,,106.95985570002813,106.9682587000425,107.64333910000278,107.57099100004416,107.61411650001537,107.64333910000278,107.64333910000278,109.17365100001916,109.17365100001916,109.1372251000139,109.15234630001942,109.17365100001916,109.17365100001916,109.40499850001652,109.44485490000807,109.45814490003977,109.45814490003977,110.98988090001512,110.98988090001512,110.95327890000772,110.96861720003653,110.98988090001512,110.98988090001512,111.21891230001347,111.21896750002634,111.23349600000074,111.23349600000074,115.40699500002665,115.40699500002665,115.36858320003375,115.38356340001337,115.40699500002665,115.40699500002665,115.40699500002665,0.015053999959491193,115.40699500002665,115.40699500002665,118.485166700033,b,2.9955847000237554,None,118.50119140004972,0.015979699965100735,118.52038160001393,118.52038160001393,118.52038160001393,118.52038160001393,118.52038160001393,118.52038160001393,121.73265610000817,b,2.9955847000237554,0.2174648999935016,121.74675910000224,121.76894920004997,,121.76894920004997,122.24594700004673,122.54895560001023,b,0.288409800035879,None,,,,,,,,,,,,,,,,,,,,,,,,,,,,,,,,,,,,,,,,,,,,,,,,,,,,,,,,,,,,,,,,,,,,,,,,,,,,,,,,,,,,,,,,,,,,,,,,,,,,,,,,,,,,,,,,,,,,,,,,,,,,,3,2026-08-10_16h41.09.397,TSRlearn_main-blocks,,2025.1.1,59.8767258062368,2026-08-10 16h41.13.219112 +0200,
,,,,,,,,,,,,,,,,,,,,,,,,,,,,,,,,,,,,,,,,,,,,,,,,,,,,,,,,,,,,,,,,,,,,,,,,,,,,,,,,,,,,,,,,,,,,,,,,,,,,,,,,,,,,,,,,,,,,,,,,,,,,,,,,,,,,,,,,,,,,,,,,,,,,,,,,,,,,,,,,,,,,,,,,,,,,,,,,,,,,,,,,,,,,,,,,,,,,,,,,,,,,,,,,,,,,,,,,,,,,,,,,,,,,,,,,,,,,,,,,,,,,,,,,,,,,,,,,,,,,,,,,,,,,,,,,,,,,,,,,,,,,,,,,,,,,,,,,,,,,,,,,,,122.56037350004772,122.57925690000411,123.5624902000418,123.59851179999532,b,0.021765899960882962,None,,,,,,,,,,,,,,,,,,,,,,,,,,,,,,,,,,,,,,,,,,,,,,,,,,,,,,,,,,,,,,,,,,,,,,,,,,,,,,,,,,,,,,,,,,,,,,,,,,,,,,,,,,,,,,,,,,,,,,3,2026-08-10_16h41.09.397,TSRlearn_main-blocks,,2025.1.1,59.8767258062368,2026-08-10 16h41.13.219112 +0200,
stimuli/lamp/lamp_01.jpg,stimuli/key/key_01.jpg,stimuli/bicycle/bicycle_06.jpg,stimuli/bread/bread_29.jpg,right,center,left,right,0,0,0,,,,,,,,,,,,,,,,,,sequences/learning_block1_fixed-middle-10_0{participant_ID}.xlsx,sequences/retrieval_block1_fixed-middle-10_0{participant_ID}.xlsx,6,1.0,A,1,1,lamp,key,bicycle,bread,0.53,0.42,2,lamp,1,stimuli/lamp/lamp_01.jpg,key,1,stimuli/key/key_01.jpg,pencil,1,stimuli/pencil/pencil_01.jpg,phone,1,stimuli/phone/phone_01.jpg,14,15,2,3,b,0.5948728999937885,None,,,,,,,,,,,,,,,,,,,,,,,,,,,0,0,0,0,0,0,0,0,0,0,0,0,,,,,124.4352553000208,,,,,,,,,,,,,,,,,,,,,,,,,,,,,,,,,,,,,,,,,,,,,,,,,,,,,,,,,,,,,,,,,,,,,,,,,,,,,,,,,,,,,,,,,,,,,,,,,,,,,,,,,,,,,,,,,,,,,,,,,,,,,,,,,,,,,,,,,,,,,,,,,,,,,,,,,,,,,,,,,,,,,,,,,,,,,,,,,,,,,,,,,,,,,,,,,,,,,,,,,,,,,,,,,,123.60473070002627,123.60477450001054,123.60497470002156,123.60501140000997,123.61023290001322,123.63060010003392,124.11545000004116,124.35750770004233,124.4352553000208,124.4352553000208,124.4352553000208,124.4352553000208,124.4352553000208,124.4352553000208,124.4352553000208,0.25256270001409575,125.08295970002655,b,0.5948728999937885,None,125.27784470003098,125.33030160004273,125.33030160004273,125.33030160004273,125.33030160004273,125.33030160004273,125.33030160004273,126.31667630001903,126.32993930001976,126.33008830004837,,,,,,,,,,,,,,,,,,,,,,,,,,,,,,,,,,,,,,,,,,,,,,,,,,,,,,,,,,,,,,,,,,,,,,,,,,,,,,,,,,,,,,,,3,2026-08-10_16h41.09.397,TSRlearn_main-blocks,,2025.1.1,59.8767258062368,2026-08-10 16h41.13.219112 +0200,
stimuli/key/key_01.jpg,stimuli/hand/hand_16.jpg,stimuli/flower/flower_17.jpg,stimuli/chair/chair_11.jpg,right,center,left,right,1,1,0,,,,,,,,,,,,,,,,,,sequences/learning_block1_fixed-middle-10_0{participant_ID}.xlsx,sequences/retrieval_block1_fixed-middle-10_0{participant_ID}.xlsx,6,1.0,A,1,2,key,hand,flower,chair,0.69,0.53,3,lamp,1,stimuli/lamp/lamp_01.jpg,key,1,stimuli/key/key_01.jpg,pencil,1,stimuli/pencil/pencil_01.jpg,phone,1,stimuli/phone/phone_01.jpg,15,8,6,4,g,0.027332100027706474,None,,,,,,,,,,,,,,,,,,,,,,,,,,,0,0,0,0,0,0,0,0,0,1,1,1,,,,,126.58011550002266,,,,,,,,,,,,,,,,,,,,,,,,,,,,,,,,,,,,,,,,,,,,,,,,,,,,,,,,,,,,,,,,,,,,,,,,,,,,,,,,,,,,,,,,,,,,,,,,,,,,,,,,,,,,,,,,,,,,,,,,,,,,,,,,,,,,,,,,,,,,,,,,,,,,,,,,,,,,,,,,,,,,,,,,,,,,,,,,,,,,,,,,,,,,,,,,,,,,,,,,,,,,,,,,,,,,,,,,,126.53561250003986,126.58011550002266,126.58011550002266,126.58011550002266,126.58011550002266,126.58011550002266,126.58011550002266,126.58011550002266,0.205551499966532,126.69838870002422,g,0.027332100027706474,None,126.84567140002036,126.87544070003787,126.87544070003787,126.87544070003787,126.87544070003787,126.87544070003787,126.87544070003787,127.86397870001383,127.87180780002382,127.87185170000885,,,,,,,,,,,,,,,,,,,,,,,,,,,,,,,,,,,,,,,,,,,,,,,,,,,,,,,,,,,,,,,,,,,,,,,,,,,,,,,,,,,,,,,,3,2026-08-10_16h41.09.397,TSRlearn_main-blocks,,2025.1.1,59.8767258062368,2026-08-10 16h41.13.219112 +0200,
stimuli/hand/hand_16.jpg,stimuli/ball/ball_11.jpg,stimuli/dog/dog_49.jpg,stimuli/house/house_35.jpg,center,left,right,center,2,2,0,,,,,,,,,,,,,,,,,,sequences/learning_block1_fixed-middle-10_0{participant_ID}.xlsx,sequences/retrieval_block1_fixed-middle-10_0{participant_ID}.xlsx,6,1.0,A,1,3,hand,ball,dog,house,0.8,0.47,4,lamp,1,stimuli/lamp/lamp_01.jpg,key,1,stimuli/key/key_01.jpg,pencil,1,stimuli/pencil/pencil_01.jpg,phone,1,stimuli/phone/phone_01.jpg,8,1,5,9,r,0.1899828999885358,None,,,,,,,,,,,,,,,,,,,,,,,,,,,0,0,0,0,0,0,0,0,0,2,2,2,,,,,128.1052988000447,,,,,,,,,,,,,,,,,,,,,,,,,,,,,,,,,,,,,,,,,,,,,,,,,,,,,,,,,,,,,,,,,,,,,,,,,,,,,,,,,,,,,,,,,,,,,,,,,,,,,,,,,,,,,,,,,,,,,,,,,,,,,,,,,,,,,,,,,,,,,,,,,,,,,,,,,,,,,,,,,,,,,,,,,,,,,,,,,,,,,,,,,,,,,,,,,,,,,,,,,,,,,,,,,,,,,,,,,128.0448158000363,128.1052988000447,128.1052988000447,128.1052988000447,128.1052988000447,128.1052988000447,128.1052988000447,128.1052988000447,0.1730117999832146,128.36420559999533,r,0.1899828999885358,None,128.5568005000241,128.59619750001002,128.59619750001002,128.59619750001002,128.59619750001002,128.59619750001002,128.59619750001002,129.57947360002436,129.5870617000037,129.587108000007,,,,,,,,,,,,,,,,,,,,,,,,,,,,,,,,,,,,,,,,,,,,,,,,,,,,,,,,,,,,,,,,,,,,,,,,,,,,,,,,,,,,,,,,3,2026-08-10_16h41.09.397,TSRlearn_main-blocks,,2025.1.1,59.8767258062368,2026-08-10 16h41.13.219112 +0200,
stimuli/ball/ball_11.jpg,stimuli/dog/dog_49.jpg,stimuli/jacket/jacket_44.jpg,stimuli/phone/phone_01.jpg,center,left,right,center,3,3,0,,,,,,,,,,,,,,,,,,sequences/learning_block1_fixed-middle-10_0{participant_ID}.xlsx,sequences/retrieval_block1_fixed-middle-10_0{participant_ID}.xlsx,6,1.0,A,1,4,ball,dog,jacket,phone,0.75,0.36,5,lamp,1,stimuli/lamp/lamp_01.jpg,key,1,stimuli/key/key_01.jpg,pencil,1,stimuli/pencil/pencil_01.jpg,phone,1,stimuli/phone/phone_01.jpg,1,5,10,17,b,0.12156449997564778,None,,,,,,,,,,,,,,,,,,,,,,,,,,,0,0,0,0,0,0,0,0,0,3,3,3,,,,,129.79666500003077,,,,,,,,,,,,,,,,,,,,,,,,,,,,,,,,,,,,,,,,,,,,,,,,,,,,,,,,,,,,,,,,,,,,,,,,,,,,,,,,,,,,,,,,,,,,,,,,,,,,,,,,,,,,,,,,,,,,,,,,,,,,,,,,,,,,,,,,,,,,,,,,,,,,,,,,,,,,,,,,,,,,,,,,,,,,,,,,,,,,,,,,,,,,,,,,,,,,,,,,,,,,,,,,,,,,,,,,,129.75339290004922,129.79666500003077,129.79666500003077,129.79666500003077,129.79666500003077,129.79666500003077,129.79666500003077,129.79666500003077,0.16631040000356734,129.9995778000448,b,0.12156449997564778,None,130.19453050004086,130.24393410002813,130.24393410002813,130.24393410002813,130.24393410002813,130.24393410002813,130.24393410002813,131.2307316000224,131.24063140002545,131.2407009000308,,,,,,,,,,,,,,,,,,,,,,,,,,,,,,,,,,,,,,,,,,,,,,,,,,,,,,,,,,,,,,,,,,,,,,,,,,,,,,,,,,,,,,,,3,2026-08-10_16h41.09.397,TSRlearn_main-blocks,,2025.1.1,59.8767258062368,2026-08-10 16h41.13.219112 +0200,
stimuli/dog/dog_49.jpg,stimuli/flower/flower_17.jpg,stimuli/bread/bread_29.jpg,stimuli/hammer/hammer_16.jpg,left,right,center,left,4,4,0,,,,,,,,,,,,,,,,,,sequences/learning_block1_fixed-middle-10_0{participant_ID}.xlsx,sequences/retrieval_block1_fixed-middle-10_0{participant_ID}.xlsx,6,1.0,A,1,5,dog,flower,bread,hammer,0.64,0.53,6,lamp,1,stimuli/lamp/lamp_01.jpg,key,1,stimuli/key/key_01.jpg,pencil,1,stimuli/pencil/pencil_01.jpg,phone,1,stimuli/phone/phone_01.jpg,5,6,3,7,g,0.25069820001954213,None,,,,,,,,,,,,,,,,,,,,,,,,,,,0,0,0,0,0,0,0,0,0,4,4,4,,,,,131.41034240002045,,,,,,,,,,,,,,,,,,,,,,,,,,,,,,,,,,,,,,,,,,,,,,,,,,,,,,,,,,,,,,,,,,,,,,,,,,,,,,,,,,,,,,,,,,,,,,,,,,,,,,,,,,,,,,,,,,,,,,,,,,,,,,,,,,,,,,,,,,,,,,,,,,,,,,,,,,,,,,,,,,,,,,,,,,,,,,,,,,,,,,,,,,,,,,,,,,,,,,,,,,,,,,,,,,,,,,,,,131.36570200003916,131.41034240002045,131.41034240002045,131.41034240002045,131.41034240002045,131.41034240002045,131.41034240002045,131.41034240002045,0.12504220003029332,131.73063320002984,g,0.25069820001954213,None,131.85865520004882,131.88816279999446,131.88816279999446,131.88816279999446,131.88816279999446,131.88816279999446,131.88816279999446,132.87979279999854,132.88759080000455,132.88764590001665,,,,,,,,,,,,,,,,,,,,,,,,,,,,,,,,,,,,,,,,,,,,,,,,,,,,,,,,,,,,,,,,,,,,,,,,,,,,,,,,,,,,,,,,3,2026-08-10_16h41.09.397,TSRlearn_main-blocks,,2025.1.1,59.8767258062368,2026-08-10 16h41.13.219112 +0200,
stimuli/flower/flower_17.jpg,stimuli/jacket/jacket_44.jpg,stimuli/chair/chair_11.jpg,stimuli/pencil/pencil_01.jpg,right,center,left,right,5,5,0,,,,,,,,,,,,,,,,,,sequences/learning_block1_fixed-middle-10_0{participant_ID}.xlsx,sequences/retrieval_block1_fixed-middle-10_0{participant_ID}.xlsx,6,1.0,A,1,6,flower,jacket,chair,pencil,0.75,0.53,7,lamp,1,stimuli/lamp/lamp_01.jpg,key,1,stimuli/key/key_01.jpg,pencil,1,stimuli/pencil/pencil_01.jpg,phone,1,stimuli/phone/phone_01.jpg,6,10,4,16,b,0.17263099999399856,None,,,,,,,,,,,,,,,,,,,,,,,,,,,0,0,0,0,0,0,0,0,0,5,5,5,,,,,133.03651340003125,,,,,,,,,,,,,,,,,,,,,,,,,,,,,,,,,,,,,,,,,,,,,,,,,,,,,,,,,,,,,,,,,,,,,,,,,,,,,,,,,,,,,,,,,,,,,,,,,,,,,,,,,,,,,,,,,,,,,,,,,,,,,,,,,,,,,,,,,,,,,,,,,,,,,,,,,,,,,,,,,,,,,,,,,,,,,,,,,,,,,,,,,,,,,,,,,,,,,,,,,,,,,,,,,,,,,,,,,132.99888890003785,133.03651340003125,133.03651340003125,133.03651340003125,133.03651340003125,133.03651340003125,133.03651340003125,133.03651340003125,0.11128239997196943,133.31313369999407,b,0.17263099999399856,None,133.41994460002752,133.4364664000459,133.4364664000459,133.4364664000459,133.4364664000459,133.4364664000459,133.4364664000459,134.42809160001343,134.43556589999935,134.43560980004258,,,,,,,,,,,,,,,,,,,,,,,,,,,,,,,,,,,,,,,,,,,,,,,,,,,,,,,,,,,,,,,,,,,,,,,,,,,,,,,,,,,,,,,,3,2026-08-10_16h41.09.397,TSRlearn_main-blocks,,2025.1.1,59.8767258062368,2026-08-10 16h41.13.219112 +0200,
stimuli/jacket/jacket_44.jpg,stimuli/bicycle/bicycle_06.jpg,stimuli/hand/hand_16.jpg,stimuli/dog/dog_49.jpg,left,right,center,left,6,6,0,,,,,,,,,,,,,,,,,,sequences/learning_block1_fixed-middle-10_0{participant_ID}.xlsx,sequences/retrieval_block1_fixed-middle-10_0{participant_ID}.xlsx,6,1.0,A,1,7,jacket,bicycle,hand,dog,0.33,0.2,8,lamp,1,stimuli/lamp/lamp_01.jpg,key,1,stimuli/key/key_01.jpg,pencil,1,stimuli/pencil/pencil_01.jpg,phone,1,stimuli/phone/phone_01.jpg,10,2,8,5,None,,,,,,,,,,,,,,,,,,,,,,,,,,,,,0,0,0,0,0,0,0,0,0,6,6,6,,,,,134.62529090000317,,,,,,,,,,,,,,,,,,,,,,,,,,,,,,,,,,,,,,,,,,,,,,,,,,,,,,,,,,,,,,,,,,,,,,,,,,,,,,,,,,,,,,,,,,,,,,,,,,,,,,,,,,,,,,,,,,,,,,,,,,,,,,,,,,,,,,,,,,,,,,,,,,,,,,,,,,,,,,,,,,,,,,,,,,,,,,,,,,,,,,,,,,,,,,,,,,,,,,,,,,,,,,,,,,,,,,,,,134.57737800001632,134.62529090000317,134.62529090000317,134.62529090000317,134.62529090000317,134.62529090000317,134.62529090000317,134.62529090000317,0.14181689999531955,139.44501300004777,None,,,139.58718420000514,139.62653830001364,139.62653830001364,139.62653830001364,139.62653830001364,139.62653830001364,139.62653830001364,140.6097359000123,140.6208004000364,141.14287060004426,140.64308010000968,140.64308010000968,141.39413369999966,141.39413369999966,,,,,,,,,,,,,,,,,,,,,,,,,,,,,,,,,,,,,,,,,,,,,,,,,,,,,,,,,,,,,,,,,,,,,,,,,,,,,,,,,,,,3,2026-08-10_16h41.09.397,TSRlearn_main-blocks,,2025.1.1,59.8767258062368,2026-08-10 16h41.13.219112 +0200,
stimuli/bicycle/bicycle_06.jpg,stimuli/chair/chair_11.jpg,stimuli/key/key_01.jpg,stimuli/ball/ball_11.jpg,left,center,right,left,7,7,0,,,,,,,,,,,,,,,,,,sequences/learning_block1_fixed-middle-10_0{participant_ID}.xlsx,sequences/retrieval_block1_fixed-middle-10_0{participant_ID}.xlsx,6,1.0,A,1,8,bicycle,chair,key,ball,0.47,0.33,9,lamp,1,stimuli/lamp/lamp_01.jpg,key,1,stimuli/key/key_01.jpg,pencil,1,stimuli/pencil/pencil_01.jpg,phone,1,stimuli/phone/phone_01.jpg,2,4,15,1,None,,,,,,,,,,,,,,,,,,,,,,,,,,,,,0,0,0,0,0,0,0,0,0,7,7,7,,,,,141.39413369999966,,,,,,,,,,,,,,,,,,,,,,,,,,,,,,,,,,,,,,,,,,,,,,,,,,,,,,,,,,,,,,,,,,,,,,,,,,,,,,,,,,,,,,,,,,,,,,,,,,,,,,,,,,,,,,,,,,,,,,,,,,,,,,,,,,,,,,,,,,,,,,,,,,,,,,,,,,,,,,,,,,,,,,,,,,,,,,,,,,,,,,,,,,,,,,,,,,,,,,,,,,,,,,,,,,,,,,,,,141.3210134000401,141.39413369999966,141.39413369999966,141.39413369999966,141.39413369999966,141.39413369999966,141.39413369999966,141.39413369999966,0.17818330001318827,146.16178990004119,None,,,146.3877810999984,146.45809190004366,146.45809190004366,146.45809190004366,146.45809190004366,146.45809190004366,146.45809190004366,147.4415954000433,147.45377090002876,147.97396420000587,147.4742221000488,147.4742221000488,148.22906300000614,148.22906300000614,,,,,,,,,,,,,,,,,,,,,,,,,,,,,,,,,,,,,,,,,,,,,,,,,,,,,,,,,,,,,,,,,,,,,,,,,,,,,,,,,,,,3,2026-08-10_16h41.09.397,TSRlearn_main-blocks,,2025.1.1,59.8767258062368,2026-08-10 16h41.13.219112 +0200,
stimuli/chair/chair_11.jpg,stimuli/bread/bread_29.jpg,stimuli/lamp/lamp_01.jpg,stimuli/flower/flower_17.jpg,right,left,center,right,8,8,0,,,,,,,,,,,,,,,,,,sequences/learning_block1_fixed-middle-10_0{participant_ID}.xlsx,sequences/retrieval_block1_fixed-middle-10_0{participant_ID}.xlsx,6,1.0,A,1,9,chair,bread,lamp,flower,0.6,0.27,10,lamp,1,stimuli/lamp/lamp_01.jpg,key,1,stimuli/key/key_01.jpg,pencil,1,stimuli/pencil/pencil_01.jpg,phone,1,stimuli/phone/phone_01.jpg,4,3,14,6,None,,,,,,,,,,,,,,,,,,,,,,,,,,,,,0,0,0,0,0,0,0,0,0,8,8,8,,,,,148.22906300000614,,,,,,,,,,,,,,,,,,,,,,,,,,,,,,,,,,,,,,,,,,,,,,,,,,,,,,,,,,,,,,,,,,,,,,,,,,,,,,,,,,,,,,,,,,,,,,,,,,,,,,,,,,,,,,,,,,,,,,,,,,,,,,,,,,,,,,,,,,,,,,,,,,,,,,,,,,,,,,,,,,,,,,,,,,,,,,,,,,,,,,,,,,,,,,,,,,,,,,,,,,,,,,,,,,,,,,,,,148.179548300046,148.22906300000614,148.22906300000614,148.22906300000614,148.22906300000614,148.22906300000614,148.22906300000614,148.22906300000614,0.20564280002145097,152.99476820003474,None,,,153.18870600004448,153.22174910001922,153.22174910001922,153.22174910001922,153.22174910001922,153.22174910001922,153.22174910001922,154.20780710002873,154.2186843000236,154.73850550001953,154.23850340000354,154.23850340000354,154.96880730002886,154.96880730002886,,,,,,,,,,,,,,,,,,,,,,,,,,,,,,,,,,,,,,,,,,,,,,,,,,,,,,,,,,,,,,,,,,,,,,,,,,,,,,,,,,,,3,2026-08-10_16h41.09.397,TSRlearn_main-blocks,,2025.1.1,59.8767258062368,2026-08-10 16h41.13.219112 +0200,
stimuli/bread/bread_29.jpg,stimuli/house/house_35.jpg,stimuli/ball/ball_11.jpg,stimuli/bicycle/bicycle_06.jpg,left,center,right,left,9,9,0,,,,,,,,,,,,,,,,,,sequences/learning_block1_fixed-middle-10_0{participant_ID}.xlsx,sequences/retrieval_block1_fixed-middle-10_0{participant_ID}.xlsx,6,1.0,A,1,10,bread,house,ball,bicycle,0.47,0.2,11,lamp,1,stimuli/lamp/lamp_01.jpg,key,1,stimuli/key/key_01.jpg,pencil,1,stimuli/pencil/pencil_01.jpg,phone,1,stimuli/phone/phone_01.jpg,3,9,1,2,None,,,,,,,,,,,,,,,,,,,,,,,,,,,,,0,0,0,0,0,0,0,0,0,9,9,9,,,,,154.96880730002886,,,,,,,,,,,,,,,,,,,,,,,,,,,,,,,,,,,,,,,,,,,,,,,,,,,,,,,,,,,,,,,,,,,,,,,,,,,,,,,,,,,,,,,,,,,,,,,,,,,,,,,,,,,,,,,,,,,,,,,,,,,,,,,,,,,,,,,,,,,,,,,,,,,,,,,,,,,,,,,,,,,,,,,,,,,,,,,,,,,,,,,,,,,,,,,,,,,,,,,,,,,,,,,,,,,,,,,,,154.92296749999514,154.96880730002886,154.96880730002886,154.96880730002886,154.96880730002886,154.96880730002886,154.96880730002886,154.96880730002886,0.1844950999948196,159.75786110002082,None,,,159.9529711000505,159.98051180003677,159.98051180003677,159.98051180003677,159.98051180003677,159.98051180003677,159.98051180003677,160.97048560000258,160.9785560000455,161.48857200000202,160.9859869000502,160.9859869000502,161.71620110003278,161.71620110003278,,,,,,,,,,,,,,,,,,,,,,,,,,,,,,,,,,,,,,,,,,,,,,,,,,,,,,,,,,,,,,,,,,,,,,,,,,,,,,,,,,,,3,2026-08-10_16h41.09.397,TSRlearn_main-blocks,,2025.1.1,59.8767258062368,2026-08-10 16h41.13.219112 +0200,
stimuli/house/house_35.jpg,stimuli/hammer/hammer_16.jpg,stimuli/key/key_01.jpg,stimuli/dog/dog_49.jpg,center,right,left,center,10,10,0,,,,,,,,,,,,,,,,,,sequences/learning_block1_fixed-middle-10_0{participant_ID}.xlsx,sequences/retrieval_block1_fixed-middle-10_0{participant_ID}.xlsx,6,1.0,A,1,11,house,hammer,key,dog,0.67,0.47,12,lamp,1,stimuli/lamp/lamp_01.jpg,key,1,stimuli/key/key_01.jpg,pencil,1,stimuli/pencil/pencil_01.jpg,phone,1,stimuli/phone/phone_01.jpg,9,7,15,5,None,,,,,,,,,,,,,,,,,,,,,,,,,,,,,0,0,0,0,0,0,0,0,0,10,10,10,,,,,161.71620110003278,,,,,,,,,,,,,,,,,,,,,,,,,,,,,,,,,,,,,,,,,,,,,,,,,,,,,,,,,,,,,,,,,,,,,,,,,,,,,,,,,,,,,,,,,,,,,,,,,,,,,,,,,,,,,,,,,,,,,,,,,,,,,,,,,,,,,,,,,,,,,,,,,,,,,,,,,,,,,,,,,,,,,,,,,,,,,,,,,,,,,,,,,,,,,,,,,,,,,,,,,,,,,,,,,,,,,,,,,161.66806920000818,161.71620110003278,161.71620110003278,161.71620110003278,161.71620110003278,161.71620110003278,161.71620110003278,161.71620110003278,0.1795200000051409,166.50479840004118,None,,,166.71068380004726,166.73500879999483,166.73500879999483,166.73500879999483,166.73500879999483,166.73500879999483,166.73500879999483,167.71873560000677,167.72781490004854,168.2189939999953,167.73287690000143,167.73287690000143,168.4277090000105,168.4277090000105,,,,,,,,,,,,,,,,,,,,,,,,,,,,,,,,,,,,,,,,,,,,,,,,,,,,,,,,,,,,,,,,,,,,,,,,,,,,,,,,,,,,3,2026-08-10_16h41.09.397,TSRlearn_main-blocks,,2025.1.1,59.8767258062368,2026-08-10 16h41.13.219112 +0200,
stimuli/hammer/hammer_16.jpg,stimuli/pencil/pencil_01.jpg,stimuli/lamp/lamp_01.jpg,stimuli/jacket/jacket_44.jpg,center,right,left,center,11,11,0,,,,,,,,,,,,,,,,,,sequences/learning_block1_fixed-middle-10_0{participant_ID}.xlsx,sequences/retrieval_block1_fixed-middle-10_0{participant_ID}.xlsx,6,1.0,A,1,12,hammer,pencil,lamp,jacket,0.8,0.4,13,lamp,1,stimuli/lamp/lamp_01.jpg,key,1,stimuli/key/key_01.jpg,pencil,1,stimuli/pencil/pencil_01.jpg,phone,1,stimuli/phone/phone_01.jpg,7,16,14,10,None,,,,,,,,,,,,,,,,,,,,,,,,,,,,,0,0,0,0,0,0,0,0,0,11,11,11,,,,,168.4277090000105,,,,,,,,,,,,,,,,,,,,,,,,,,,,,,,,,,,,,,,,,,,,,,,,,,,,,,,,,,,,,,,,,,,,,,,,,,,,,,,,,,,,,,,,,,,,,,,,,,,,,,,,,,,,,,,,,,,,,,,,,,,,,,,,,,,,,,,,,,,,,,,,,,,,,,,,,,,,,,,,,,,,,,,,,,,,,,,,,,,,,,,,,,,,,,,,,,,,,,,,,,,,,,,,,,,,,,,,,168.3888046000502,168.4277090000105,168.4277090000105,168.4277090000105,168.4277090000105,168.4277090000105,168.4277090000105,168.4277090000105,0.16982650000136346,173.23472020000918,None,,,173.38393270003144,173.41219160001492,173.41219160001492,173.41219160001492,173.41219160001492,173.41219160001492,173.41219160001492,174.39975010004127,174.40872690000106,174.89920510002412,174.41431720001856,174.41431720001856,175.04181920003612,175.04181920003612,,,,,,,,,,,,,,,,,,,,,,,,,,,,,,,,,,,,,,,,,,,,,,,,,,,,,,,,,,,,,,,,,,,,,,,,,,,,,,,,,,,,3,2026-08-10_16h41.09.397,TSRlearn_main-blocks,,2025.1.1,59.8767258062368,2026-08-10 16h41.13.219112 +0200,
stimuli/pencil/pencil_01.jpg,stimuli/phone/phone_01.jpg,stimuli/hand/hand_16.jpg,stimuli/bread/bread_29.jpg,left,center,right,left,12,12,0,,,,,,,,,,,,,,,,,,sequences/learning_block1_fixed-middle-10_0{participant_ID}.xlsx,sequences/retrieval_block1_fixed-middle-10_0{participant_ID}.xlsx,6,1.0,A,1,13,pencil,phone,hand,bread,0.73,0.27,14,lamp,1,stimuli/lamp/lamp_01.jpg,key,1,stimuli/key/key_01.jpg,pencil,1,stimuli/pencil/pencil_01.jpg,phone,1,stimuli/phone/phone_01.jpg,16,17,8,3,None,,,,,,,,,,,,,,,,,,,,,,,,,,,,,0,0,0,0,0,0,0,0,0,12,12,12,,,,,175.04181920003612,,,,,,,,,,,,,,,,,,,,,,,,,,,,,,,,,,,,,,,,,,,,,,,,,,,,,,,,,,,,,,,,,,,,,,,,,,,,,,,,,,,,,,,,,,,,,,,,,,,,,,,,,,,,,,,,,,,,,,,,,,,,,,,,,,,,,,,,,,,,,,,,,,,,,,,,,,,,,,,,,,,,,,,,,,,,,,,,,,,,,,,,,,,,,,,,,,,,,,,,,,,,,,,,,,,,,,,,,174.99487730005058,175.04181920003612,175.04181920003612,175.04181920003612,175.04181920003612,175.04181920003612,175.04181920003612,175.04181920003612,0.09568620001664385,179.91642070002854,None,,,180.01269230002072,180.0390180000104,180.0390180000104,180.0390180000104,180.0390180000104,180.0390180000104,180.0390180000104,181.03160640003625,181.04144170001382,181.5641491000424,181.0625422000303,181.0625422000303,181.5782412000117,181.5782412000117,,,,,,,,,,,,,,,,,,,,,,,,,,,,,,,,,,,,,,,,,,,,,,,,,,,,,,,,,,,,,,,,,,,,,,,,,,,,,,,,,,,,3,2026-08-10_16h41.09.397,TSRlearn_main-blocks,,2025.1.1,59.8767258062368,2026-08-10 16h41.13.219112 +0200,
,,,,,,,,0,0,0,,,,1,stimuli/bread/bread_29.jpg,stimuli/dog/dog_49.jpg,None,no,yes,left,left,5,1.2,0.2,,0.32,2.11,sequences/learning_block1_fixed-middle-10_0{participant_ID}.xlsx,sequences/retrieval_block1_fixed-middle-10_0{participant_ID}.xlsx,6,block1,A,1,,,,,,,,,,,,,,,,,,,,,,,,,,,,0,0,0,1,A,3,5,None,None,None,,,,,,,,,,,,,,,,,0,0,0,0,0,0,0,0,,,,,0,0,0,0,187.87656160001643,,,,,,,,,,,,,,,,,,,,,,,,,,,,,,,,,,,,,,,,,,,,,,,,,,,,,,,,,,,,,,,,,,,,,,,,,,,,,,,,,,,,,,,,,,,,,,,,,,,,,,,,,,,,,,,,,,,,,,,,,,,,,,,,,,,,,,,,,,,,,,,,,,,,,,,,,,,,,,,,,,,,,,,,,,,,,,,,,,,,,,,,,,,,,,,,,,,,,,,,,,,,,,,,,,,,,,,,,,,,,,,,,,,,,,,,,,,,,,,,,,,,181.57151130004786,181.5782412000117,186.59334350004792,186.57823510002345,186.58221720001893,186.59334350004792,186.59334350004792,187.57927020004718,None,187.5794554000022,187.57953750004526,187.87147040001582,187.87656160001643,188.24583390000043,188.19630020001205,188.2327978000394,188.24583390000043,189.25842910003848,189.2440126000438,189.24405430001207,189.25842910003848,189.494799600041,189.551651100046,189.58514520002063,190.59286110004177,190.57916090002982,190.5792207000195,190.59286110004177,190.84115380002186,190.82740130001912,190.8274342000368,190.84115380002186,193.00833070004592,192.94546790001914,192.97659090004163,193.00833070004592,193.00833070004592,193.00833070004592,193.00833070004592,193.00833070004592,195.9769475000212,None,195.97873200004688,195.99004530004459,196.50629450002452,196.47664790001,196.48034500004724,196.50629450002452,196.50629450002452,196.50629450002452,196.50629450002452,196.50629450002452,196.9893638000358,199.50633060000837,199.50633060000837,199.50633060000837,199.50633060000837,199.50633060000837,199.98914419999346,199.97936769999797,None,199.98280150000937,199.98914419999346,200.48896010004682,200.47495850000996,,,,,,,,,,,,,,,,,,,3,2026-08-10_16h41.09.397,TSRlearn_main-blocks,,2025.1.1,59.8767258062368,2026-08-10 16h41.13.219112 +0200,
,,,,,,,,1,1,0,,,,1,stimuli/flower/flower_17.jpg,stimuli/hand/hand_16.jpg,None,yes,no,right,right,3,1.2,0.2,,0.26,1.82,sequences/learning_block1_fixed-middle-10_0{participant_ID}.xlsx,sequences/retrieval_block1_fixed-middle-10_0{participant_ID}.xlsx,6,block1,A,1,,,,,,,,,,,,,,,,,,,,,,,,,,,,0,1,0,1,A,6,8,None,None,None,,,,,,,,,,,,,,,,,0,0,0,0,0,0,0,0,,,,,0,1,1,1,200.48896010004682,,,,,,,,,,,,,,,,,,,,,,,,,,,,,,,,,,,,,,,,,,,,,,,,,,,,,,,,,,,,,,,,,,,,,,,,,,,,,,,,,,,,,,,,,,,,,,,,,,,,,,,,,,,,,,,,,,,,,,,,,,,,,,,,,,,,,,,,,,,,,,,,,,,,,,,,,,,,,,,,,,,,,,,,,,,,,,,,,,,,,,,,,,,,,,,,,,,,,,,,,,,,,,,,,,,,,,,,,,,,,,,,,,,,,,,,,,,,,,,,,,,,,,,,,,,,,,,200.47567860002164,200.48896010004682,200.79000490001636,200.7410846000421,200.77349740004865,200.79000490001636,201.805620500003,201.7917066999944,201.791760000051,201.805620500003,202.05642780003836,202.0914748000214,202.11026260000654,203.12082670000382,203.10669060004875,203.1067458000034,203.12082670000382,,203.35726630000863,203.3573210000177,203.37103650002973,205.23750190000283,205.1900710000191,205.20611970004393,205.23750190000283,205.23750190000283,205.23750190000283,205.23750190000283,205.23750190000283,208.2069355000276,None,208.20907740003895,208.2193671000423,208.73718440002995,208.70724230003543,208.7111872000387,208.73718440002995,208.73718440002995,208.73718440002995,208.73718440002995,208.73718440002995,209.21885280002607,211.75117740000132,211.75117740000132,211.75117740000132,211.75117740000132,211.75117740000132,212.2351170000038,212.2234389000223,None,212.22634970000945,212.2351170000038,212.73494230001234,212.7207383000059,,,,,,,,,,,,,,,,,,,3,2026-08-10_16h41.09.397,TSRlearn_main-blocks,,2025.1.1,59.8767258062368,2026-08-10 16h41.13.219112 +0200,
,,,,,,,,2,2,0,,,,1,stimuli/bicycle/bicycle_06.jpg,stimuli/hammer/hammer_16.jpg,None,no,yes,right,right,4,1.2,0.2,,0.73,2.2,sequences/learning_block1_fixed-middle-10_0{participant_ID}.xlsx,sequences/retrieval_block1_fixed-middle-10_0{participant_ID}.xlsx,6,block1,A,1,,,,,,,,,,,,,,,,,,,,,,,,,,,,0,2,1,1,A,2,7,None,None,None,,,,,,,,,,,,,,,,,0,0,0,0,0,0,0,0,,,,,0,2,2,2,212.73494230001234,,,,,,,,,,,,,,,,,,,,,,,,,,,,,,,,,,,,,,,,,,,,,,,,,,,,,,,,,,,,,,,,,,,,,,,,,,,,,,,,,,,,,,,,,,,,,,,,,,,,,,,,,,,,,,,,,,,,,,,,,,,,,,,,,,,,,,,,,,,,,,,,,,,,,,,,,,,,,,,,,,,,,,,,,,,,,,,,,,,,,,,,,,,,,,,,,,,,,,,,,,,,,,,,,,,,,,,,,,,,,,,,,,,,,,,,,,,,,,,,,,,,,,,,,,,,,,,212.72116130002541,212.73494230001234,213.48732480005128,213.45261320000282,213.47346770000877,213.48732480005128,214.50058120000176,214.48647530004382,214.486520400038,214.50058120000176,214.7391798000317,214.758493500005,214.77027390000876,215.78375340002822,215.77060310001252,215.77067270001862,215.78375340002822,216.03484940005,216.02072850003606,216.0207729000249,216.03484940005,218.26657950005028,218.2203223000397,218.24020040000323,218.26657950005028,218.26657950005028,218.26657950005028,218.26657950005028,218.26657950005028,221.25533330003964,None,221.25820999999996,221.26662340003531,221.78125220001675,221.7519084000378,221.7548716000165,221.78125220001675,221.78125220001675,221.78125220001675,221.78125220001675,221.78125220001675,222.26631620002445,224.78227110003354,224.78227110003354,224.78227110003354,224.78227110003354,224.78227110003354,225.28084170003422,225.26988510001684,None,225.27200920000905,225.28084170003422,225.78005310002482,225.76595580001594,221.26662340003531,221.26662340003531,221.26662340003531,,,,,,,,,,,,,,,,3,2026-08-10_16h41.09.397,TSRlearn_main-blocks,,2025.1.1,59.8767258062368,2026-08-10 16h41.13.219112 +0200,
,,,,,,,,3,3,0,,,,1,stimuli/jacket/jacket_44.jpg,stimuli/chair/chair_11.jpg,None,yes,no,left,left,2,1.2,0.2,,0.43,1.76,sequences/learning_block1_fixed-middle-10_0{participant_ID}.xlsx,sequences/retrieval_block1_fixed-middle-10_0{participant_ID}.xlsx,6,block1,A,1,,,,,,,,,,,,,,,,,,,,,,,,,,,,0,3,1,1,A,10,4,None,None,None,,,,,,,,,,,,,,,,,0,0,0,0,0,0,0,0,,,,,0,3,3,3,225.78005310002482,,,,,,,,,,,,,,,,,,,,,,,,,,,,,,,,,,,,,,,,,,,,,,,,,,,,,,,,,,,,,,,,,,,,,,,,,,,,,,,,,,,,,,,,,,,,,,,,,,,,,,,,,,,,,,,,,,,,,,,,,,,,,,,,,,,,,,,,,,,,,,,,,,,,,,,,,,,,,,,,,,,,,,,,,,,,,,,,,,,,,,,,,,,,,,,,,,,,,,,,,,,,,,,,,,,,,,,,,,,,,,,,,,,,,,,,,,,,,,,,,,,,,,,,,,,,,,,225.7665502000018,225.78005310002482,226.2741451000329,226.19913690001704,226.2529508000007,226.2741451000329,227.2805076999939,227.26728440000443,227.2673409000272,227.2805076999939,227.51609740004642,227.53242970001884,227.5489086000016,228.56302840000717,228.548970200005,228.54902830003994,228.56302840000717,,228.80092000000877,228.8010304000345,228.8135617999942,230.61186090001138,230.56440200004727,230.5849228000152,230.61186090001138,230.61186090001138,230.61186090001138,230.61186090001138,230.61186090001138,233.5999553000438,None,233.60260500002187,233.61217890004627,234.14468640001724,234.09840820002137,234.10218050004914,234.14468640001724,234.14468640001724,234.14468640001724,234.14468640001724,234.14468640001724,234.61164140002802,237.14433790004114,237.14433790004114,237.14433790004114,237.14433790004114,237.14433790004114,237.61100510001415,237.5982498000376,None,237.60036630003015,237.61100510001415,238.10975980001967,238.09610930003691,233.61217890004627,233.61217890004627,233.61217890004627,227.5489086000016,,,,,,,,,,,,,,,3,2026-08-10_16h41.09.397,TSRlearn_main-blocks,,2025.1.1,59.8767258062368,2026-08-10 16h41.13.219112 +0200,
,,,,,,,,4,4,0,,,,1,stimuli/bicycle/bicycle_06.jpg,stimuli/ball/ball_11.jpg,None,no,yes,left,left,4,1.2,0.2,,0.45,1.95,sequences/learning_block1_fixed-middle-10_0{participant_ID}.xlsx,sequences/retrieval_block1_fixed-middle-10_0{participant_ID}.xlsx,6,block1,A,1,,,,,,,,,,,,,,,,,,,,,,,,,,,,1,4,0,1,A,2,1,None,None,None,,,,,,,,,,,,,,,,,0,0,0,0,0,0,0,0,,,,,0,4,4,4,238.10975980001967,,,,,,,,,,,,,,,,,,,,,,,,,,,,,,,,,,,,,,,,,,,,,,,,,,,,,,,,,,,,,,,,,,,,,,,,,,,,,,,,,,,,,,,,,,,,,,,,,,,,,,,,,,,,,,,,,,,,,,,,,,,,,,,,,,,,,,,,,,,,,,,,,,,,,,,,,,,,,,,,,,,,,,,,,,,,,,,,,,,,,,,,,,,,,,,,,,,,,,,,,,,,,,,,,,,,,,,,,,,,,,,,,,,,,,,,,,,,,,,,,,,,,,,,,,,,,,,238.0965078000445,238.10975980001967,238.57989009999437,238.54606250004144,238.56113580003148,238.57989009999437,239.59303780004848,239.5785421000328,239.5785788000212,239.59303780004848,239.82863639999414,239.90687140001683,239.94290490000276,240.94271020003362,240.92858150001848,240.92862860002788,240.94271020003362,,241.17917380004656,241.17923410004005,241.19253630004823,243.17536720004864,243.1274830000475,243.15017660002923,243.17536720004864,243.17536720004864,243.17536720004864,243.17536720004864,243.17536720004864,246.1622711000382,None,246.16499840002507,246.1737231000443,246.70621150004445,246.66096100001596,246.66430320002837,246.70621150004445,246.70621150004445,246.70621150004445,246.70621150004445,246.70621150004445,247.17296960001113,249.70568160002586,249.70568160002586,249.70568160002586,249.70568160002586,249.70568160002586,250.17195640003774,250.16097610001452,None,250.16408519999823,250.17195640003774,250.67217700002948,250.6585938000353,,,,,,,,,,,,,,,,,,,3,2026-08-10_16h41.09.397,TSRlearn_main-blocks,,2025.1.1,59.8767258062368,2026-08-10 16h41.13.219112 +0200,
,,,,,,,,5,5,0,,,,1,stimuli/house/house_35.jpg,stimuli/flower/flower_17.jpg,None,yes,no,right,right,5,1.2,0.2,,0.64,2.15,sequences/learning_block1_fixed-middle-10_0{participant_ID}.xlsx,sequences/retrieval_block1_fixed-middle-10_0{participant_ID}.xlsx,6,block1,A,1,,,,,,,,,,,,,,,,,,,,,,,,,,,,1,5,0,1,A,9,6,None,None,None,,,,,,,,,,,,,,,,,0,0,0,0,0,0,0,0,,,,,0,5,5,5,250.67217700002948,,,,,,,,,,,,,,,,,,,,,,,,,,,,,,,,,,,,,,,,,,,,,,,,,,,,,,,,,,,,,,,,,,,,,,,,,,,,,,,,,,,,,,,,,,,,,,,,,,,,,,,,,,,,,,,,,,,,,,,,,,,,,,,,,,,,,,,,,,,,,,,,,,,,,,,,,,,,,,,,,,,,,,,,,,,,,,,,,,,,,,,,,,,,,,,,,,,,,,,,,,,,,,,,,,,,,,,,,,,,,,,,,,,,,,,,,,,,,,,,,,,,,,,,,,,,,,,250.65925710002193,250.67217700002948,251.35946599999443,251.30837310000788,251.34791700000642,251.35946599999443,252.37197540001944,252.35782960004872,252.35787810001057,252.37197540001944,252.6079036000301,252.64105570001993,252.66040779999457,253.67085130000487,253.65669289999641,253.6567279000301,253.67085130000487,253.9208626000327,253.90662600001087,253.9066626999993,253.9208626000327,256.10390440002084,256.05626850004774,256.084875200002,256.10390440002084,256.10390440002084,256.10390440002084,256.10390440002084,256.10390440002084,259.0905899000354,None,259.09353820001706,259.10240820003673,259.6195437000133,259.5878803000087,259.59061130002374,259.6195437000133,259.6195437000133,259.6195437000133,259.6195437000133,259.6195437000133,260.10295430000406,262.6347922999994,262.6347922999994,262.6347922999994,262.6347922999994,262.6347922999994,263.1178302000044,263.10502540000016,None,263.1080651000375,263.1178302000044,263.61904890002916,263.60543840000173,,,,,,,,,,,,,,,,,,,3,2026-08-10_16h41.09.397,TSRlearn_main-blocks,,2025.1.1,59.8767258062368,2026-08-10 16h41.13.219112 +0200,
,,,,,,,,6,6,0,,,,1,stimuli/dog/dog_49.jpg,stimuli/jacket/jacket_44.jpg,None,no,yes,right,right,2,1.2,0.2,,0.28,1.95,sequences/learning_block1_fixed-middle-10_0{participant_ID}.xlsx,sequences/retrieval_block1_fixed-middle-10_0{participant_ID}.xlsx,6,block1,A,1,,,,,,,,,,,,,,,,,,,,,,,,,,,,1,6,1,1,A,5,10,None,None,None,,,,,,,,,,,,,,,,,0,0,0,0,0,0,0,0,,,,,0,6,6,6,263.61904890002916,,,,,,,,,,,,,,,,,,,,,,,,,,,,,,,,,,,,,,,,,,,,,,,,,,,,,,,,,,,,,,,,,,,,,,,,,,,,,,,,,,,,,,,,,,,,,,,,,,,,,,,,,,,,,,,,,,,,,,,,,,,,,,,,,,,,,,,,,,,,,,,,,,,,,,,,,,,,,,,,,,,,,,,,,,,,,,,,,,,,,,,,,,,,,,,,,,,,,,,,,,,,,,,,,,,,,,,,,,,,,,,,,,,,,,,,,,,,,,,,,,,,,,,,,,,,,,,263.60607720003463,263.61904890002916,263.96085410000524,263.8872002999997,263.9434874000144,263.96085410000524,264.9681042000302,264.95437610003864,264.95443270000396,264.9681042000302,265.2049092000234,265.27131370001007,265.2949239000445,266.3010539000388,266.2867267000256,266.2867744000396,266.3010539000388,266.5508245000383,266.53621740004746,266.5362442000187,266.5508245000383,268.53397580003366,268.48768090002704,268.5026938000228,268.53397580003366,268.53397580003366,268.53397580003366,268.53397580003366,268.53397580003366,271.5026444999967,None,271.50479229999473,271.515373000002,272.0332088000141,272.00134940003045,272.00493819999974,272.0332088000141,272.0332088000141,272.0332088000141,272.0332088000141,272.0332088000141,272.515302600048,275.0478506000363,275.0478506000363,275.0478506000363,275.0478506000363,275.0478506000363,275.5304133000318,275.51881500001764,None,275.5217004000442,275.5304133000318,276.0311258000438,276.0173086000141,,,,,,,,,,,,,,,,,,,3,2026-08-10_16h41.09.397,TSRlearn_main-blocks,,2025.1.1,59.8767258062368,2026-08-10 16h41.13.219112 +0200,
,,,,,,,,7,7,0,,,,1,stimuli/hammer/hammer_16.jpg,stimuli/chair/chair_11.jpg,None,no,yes,left,left,3,1.2,0.2,,0.42,1.97,sequences/learning_block1_fixed-middle-10_0{participant_ID}.xlsx,sequences/retrieval_block1_fixed-middle-10_0{participant_ID}.xlsx,6,block1,A,1,,,,,,,,,,,,,,,,,,,,,,,,,,,,1,7,0,1,A,7,4,None,None,None,,,,,,,,,,,,,,,,,0,0,0,0,0,0,0,0,,,,,0,7,7,7,276.0311258000438,,,,,,,,,,,,,,,,,,,,,,,,,,,,,,,,,,,,,,,,,,,,,,,,,,,,,,,,,,,,,,,,,,,,,,,,,,,,,,,,,,,,,,,,,,,,,,,,,,,,,,,,,,,,,,,,,,,,,,,,,,,,,,,,,,,,,,,,,,,,,,,,,,,,,,,,,,,,,,,,,,,,,,,,,,,,,,,,,,,,,,,,,,,,,,,,,,,,,,,,,,,,,,,,,,,,,,,,,,,,,,,,,,,,,,,,,,,,,,,,,,,,,,,,,,,,,,,276.0178915000288,276.0311258000438,276.4855232000118,276.4493613000377,276.46287160000065,276.4855232000118,277.4973271000199,277.4820653000497,277.4821226000204,277.4973271000199,277.7323256999953,277.75102310004877,277.7713284000056,278.77996680000797,278.76593720004894,278.7659823000431,278.77996680000797,279.029898400011,279.01593850000063,279.01598090003245,279.029898400011,281.0468038000399,280.9982456000289,281.01578529999824,281.0468038000399,281.0468038000399,281.0468038000399,281.0468038000399,281.0468038000399,284.015896100027,None,284.01885660004336,284.0281960000284,284.54490650002845,284.51390050002374,284.51642850000644,284.54490650002845,284.54490650002845,284.54490650002845,284.54490650002845,284.54490650002845,285.02759430004517,287.5604286000016,287.5604286000016,287.5604286000016,287.5604286000016,287.5604286000016,288.0280149000464,288.0141365000163,None,288.0164653999964,288.0280149000464,288.52675760001875,288.51281690003816,,,,,,,,,,,,,,,,,,,3,2026-08-10_16h41.09.397,TSRlearn_main-blocks,,2025.1.1,59.8767258062368,2026-08-10 16h41.13.219112 +0200,
,,,,,,,,8,8,0,,,,1,stimuli/dog/dog_49.jpg,stimuli/hand/hand_16.jpg,None,yes,no,right,right,2,1.2,0.2,,0.4,1.89,sequences/learning_block1_fixed-middle-10_0{participant_ID}.xlsx,sequences/retrieval_block1_fixed-middle-10_0{participant_ID}.xlsx,6,block1,A,1,,,,,,,,,,,,,,,,,,,,,,,,,,,,2,8,0,1,A,5,8,None,None,None,,,,,,,,,,,,,,,,,0,0,0,0,0,0,0,0,,,,,0,8,8,8,288.52675760001875,,,,,,,,,,,,,,,,,,,,,,,,,,,,,,,,,,,,,,,,,,,,,,,,,,,,,,,,,,,,,,,,,,,,,,,,,,,,,,,,,,,,,,,,,,,,,,,,,,,,,,,,,,,,,,,,,,,,,,,,,,,,,,,,,,,,,,,,,,,,,,,,,,,,,,,,,,,,,,,,,,,,,,,,,,,,,,,,,,,,,,,,,,,,,,,,,,,,,,,,,,,,,,,,,,,,,,,,,,,,,,,,,,,,,,,,,,,,,,,,,,,,,,,,,,,,,,,288.5132481000037,288.52675760001875,289.00552030000836,288.9162050000159,288.9781501000398,289.00552030000836,290.0102039000485,289.99618940002983,289.99623770004837,290.0102039000485,290.24708380002994,290.283968200034,290.29495200002566,291.3097775000497,291.2962536000414,291.29630460002227,291.3097775000497,291.5599002999952,291.5461400000495,291.5461772000417,291.5599002999952,293.4754655000288,293.44543399999384,293.4584886000375,293.4754655000288,293.4754655000288,293.4754655000288,293.4754655000288,293.4754655000288,296.4652556999936,None,296.4690322999959,296.4748815000057,297.0072601000429,296.9789948000107,296.9834330000449,297.0072601000429,297.0072601000429,297.0072601000429,297.0072601000429,297.0072601000429,297.49090720003005,300.00736270000925,300.00736270000925,300.00736270000925,300.00736270000925,300.00736270000925,300.4898919000407,300.47754220000934,None,300.4796581999981,300.4898919000407,300.990675500012,300.9755778000108,296.4748815000057,296.4748815000057,296.4748815000057,,,,,,,,,,,,,,,,3,2026-08-10_16h41.09.397,TSRlearn_main-blocks,,2025.1.1,59.8767258062368,2026-08-10 16h41.13.219112 +0200,
,,,,,,,,9,9,0,,,,1,stimuli/flower/flower_17.jpg,stimuli/bread/bread_29.jpg,None,yes,no,left,left,4,1.2,0.2,,0.6,1.76,sequences/learning_block1_fixed-middle-10_0{participant_ID}.xlsx,sequences/retrieval_block1_fixed-middle-10_0{participant_ID}.xlsx,6,block1,A,1,,,,,,,,,,,,,,,,,,,,,,,,,,,,2,9,1,1,A,6,3,None,None,5,0.06886219995794818,None,,,,,,,,,,,,,,,0,0,0,0,0,0,0,0,,,,,0,9,9,9,300.990675500012,,,,,,,,,,,,,,,,,,,,,,,,,,,,,,,,,,,,,,,,,,,,,,,,,,,,,,,,,,,,,,,,,,,,,,,,,,,,,,,,,,,,,,,,,,,,,,,,,,,,,,,,,,,,,,,,,,,,,,,,,,,,,,,,,,,,,,,,,,,,,,,,,,,,,,,,,,,,,,,,,,,,,,,,,,,,,,,,,,,,,,,,,,,,,,,,,,,,,,,,,,,,,,,,,,,,,,,,,,,,,,,,,,,,,,,,,,,,,,,,,,,,,,,,,,,,,,,300.9762253999943,300.990675500012,301.6285925999982,301.5756709999987,301.61307360004866,301.6285925999982,302.639152800024,302.6253720000386,302.62540760001866,302.639152800024,302.87552230001893,302.9098602000158,302.9240279000369,303.922868499998,303.9086962000001,303.90873310004827,303.922868499998,,304.1607897000504,304.16086370003177,304.1735743000172,305.971693200001,305.9258377000224,305.94318800000474,305.971693200001,305.971693200001,305.971693200001,305.971693200001,305.971693200001,308.9572312000091,None,308.95937960001174,308.9702247999958,309.48732900002506,309.4576693000272,309.4602651000023,309.48732900002506,309.48732900002506,309.48732900002506,309.48732900002506,309.48732900002506,309.9702299000346,,,,,,,310.155996000045,5,310.15866070002085,,,310.15869510004995,,,,,0.06886219995794818,None,,,,,,,,,,,,,3,2026-08-10_16h41.09.397,TSRlearn_main-blocks,,2025.1.1,59.8767258062368,2026-08-10 16h41.13.219112 +0200,
,,,,,,,,10,10,0,,,,1,stimuli/bicycle/bicycle_06.jpg,stimuli/house/house_35.jpg,None,no,yes,right,right,3,1.2,0.2,,0.65,1.84,sequences/learning_block1_fixed-middle-10_0{participant_ID}.xlsx,sequences/retrieval_block1_fixed-middle-10_0{participant_ID}.xlsx,6,block1,A,1,,,,,,,,,,,,,,,,,,,,,,,,,,,,2,10,1,1,A,2,9,None,g,5,0.6991093999822624,None,0.4495683999848552,None,,,,,,,,,,,,,0,0,0,0,0,0,0,0,,,,,0,10,10,10,310.17035950004356,,,,,,,,,,,,,,,,,,,,,,,,,,,,,,,,,,,,,,,,,,,,,,,,,,,,,,,,,,,,,,,,,,,,,,,,,,,,,,,,,,,,,,,,,,,,,,,,,,,,,,,,,,,,,,,,,,,,,,,,,,,,,,,,,,,,,,,,,,,,,,,,,,,,,,,,,,,,,,,,,,,,,,,,,,,,,,,,,,,,,,,,,,,,,,,,,,,,,,,,,,,,,,,,,,,,,,,,,,,,,,,,,,,,,,,,,,,,,,,,,,,,,,,,,,,,,,,310.15908840001794,310.17035950004356,310.83984309999505,310.80691790004494,310.8256389000453,310.83984309999505,311.8529522000463,311.83842710003955,311.83847030001925,311.8529522000463,312.0917391999974,312.1266755000106,312.13969870004803,313.1545238000108,313.13992500002496,313.13997190003283,313.1545238000108,313.4039807000081,313.38956560002407,313.3896017000079,313.4039807000081,315.2686500000418,315.2378752999939,315.25251489999937,315.2686500000418,315.2686500000418,315.2686500000418,315.2686500000418,315.2686500000418,315.8383218999952,g,315.84156240004813,,,315.8416121000191,315.8447559000342,315.868245700025,315.868245700025,315.868245700025,315.868245700025,315.868245700025,,,,,,,,316.08701499999734,5,316.0894098000135,,,316.0894394000061,,,,,0.6991093999822624,None,0.4495683999848552,None,,,,,,,,,,,3,2026-08-10_16h41.09.397,TSRlearn_main-blocks,,2025.1.1,59.8767258062368,2026-08-10 16h41.13.219112 +0200,
,,,,,,,,11,11,0,,,,1,stimuli/jacket/jacket_44.jpg,stimuli/hammer/hammer_16.jpg,None,yes,no,left,left,5,1.2,0.2,,0.59,2.22,sequences/learning_block1_fixed-middle-10_0{participant_ID}.xlsx,sequences/retrieval_block1_fixed-middle-10_0{participant_ID}.xlsx,6,block1,A,1,,,,,,,,,,,,,,,,,,,,,,,,,,,,2,11,1,1,A,10,7,None,None,None,,,,,,,,,,,,,,,,,0,0,0,0,0,0,0,0,,,,,0,11,11,11,316.101275300025,,,,,,,,,,,,,,,,,,,,,,,,,,,,,,,,,,,,,,,,,,,,,,,,,,,,,,,,,,,,,,,,,,,,,,,,,,,,,,,,,,,,,,,,,,,,,,,,,,,,,,,,,,,,,,,,,,,,,,,,,,,,,,,,,,,,,,,,,,,,,,,,,,,,,,,,,,,,,,,,,,,,,,,,,,,,,,,,,,,,,,,,,,,,,,,,,,,,,,,,,,,,,,,,,,,,,,,,,,,,,,,,,,,,,,,,,,,,,,,,,,,,,,,,,,,,,,,316.08986150001874,316.101275300025,316.7414633000153,316.6875757999951,316.7300691000419,316.7414633000153,317.7538573000347,317.7393681000103,317.7394339000457,317.7538573000347,318.003611800028,318.01943310000934,318.03698140004417,319.0531966999988,319.0372344000498,319.03728030005004,319.0531966999988,,319.2875798000023,319.28763970005093,319.3018512999988,321.5663460000069,321.5192118000123,321.53627820004476,321.5663460000069,321.5663460000069,321.5663460000069,321.5663460000069,321.5663460000069,324.5372749000089,None,324.5394394000177,324.5488734000246,325.08235969999805,325.03445010003634,325.037635900022,325.08235969999805,325.08235969999805,325.08235969999805,325.08235969999805,325.08235969999805,325.5494367000065,328.08192560001044,328.08192560001044,328.08192560001044,328.08192560001044,328.08192560001044,328.5639441999956,328.5520601000171,None,328.5542782000266,328.5639441999956,329.0643463000306,329.0499883000157,,,,,,,,,,,,,,,,,,,3,2026-08-10_16h41.09.397,TSRlearn_main-blocks,,2025.1.1,59.8767258062368,2026-08-10 16h41.13.219112 +0200,
,,,,,,,,12,12,0,,,,1,stimuli/flower/flower_17.jpg,stimuli/ball/ball_11.jpg,None,no,yes,left,left,2,1.2,0.2,,0.36,2.19,sequences/learning_block1_fixed-middle-10_0{participant_ID}.xlsx,sequences/retrieval_block1_fixed-middle-10_0{participant_ID}.xlsx,6,block1,A,1,,,,,,,,,,,,,,,,,,,,,,,,,,,,3,12,0,1,A,6,1,None,None,None,,,,,,,,,,,,,,,,,0,0,0,0,0,0,0,0,,,,,0,12,12,12,329.0643463000306,,,,,,,,,,,,,,,,,,,,,,,,,,,,,,,,,,,,,,,,,,,,,,,,,,,,,,,,,,,,,,,,,,,,,,,,,,,,,,,,,,,,,,,,,,,,,,,,,,,,,,,,,,,,,,,,,,,,,,,,,,,,,,,,,,,,,,,,,,,,,,,,,,,,,,,,,,,,,,,,,,,,,,,,,,,,,,,,,,,,,,,,,,,,,,,,,,,,,,,,,,,,,,,,,,,,,,,,,,,,,,,,,,,,,,,,,,,,,,,,,,,,,,,,,,,,,,,329.05037620000076,329.0643463000306,329.4705583000323,329.4170387000195,329.45081210002536,329.4705583000323,330.4808716000407,330.4676745000179,330.4677283000201,330.4808716000407,330.7324176999973,330.80637170001864,330.8518738000421,331.86395610001637,331.8505178000196,331.8505677000503,331.86395610001637,332.1132101000403,332.10066799999913,332.10071170004085,332.1132101000403,334.34625490003964,334.29985390004003,334.324099200021,334.34625490003964,334.34625490003964,334.34625490003964,334.34625490003964,334.34625490003964,337.3345913999947,None,337.33762480004225,337.34518140001455,337.8613943000091,337.8314209000091,337.83408070000587,337.8613943000091,337.8613943000091,337.8613943000091,337.8613943000091,337.8613943000091,338.345841500035,340.86115290003363,340.86115290003363,340.86115290003363,340.86115290003363,340.86115290003363,341.3611903000274,341.3512223000289,None,341.35426400002325,341.3611903000274,341.8612278000219,341.8472821000032,337.34518140001455,337.34518140001455,337.34518140001455,,,,,,,,,,,,,,,,3,2026-08-10_16h41.09.397,TSRlearn_main-blocks,,2025.1.1,59.8767258062368,2026-08-10 16h41.13.219112 +0200,
,,,,,,,,13,13,0,,,,1,stimuli/jacket/jacket_44.jpg,stimuli/bread/bread_29.jpg,None,yes,no,left,left,3,1.2,0.2,,0.43,2.23,sequences/learning_block1_fixed-middle-10_0{participant_ID}.xlsx,sequences/retrieval_block1_fixed-middle-10_0{participant_ID}.xlsx,6,block1,A,1,,,,,,,,,,,,,,,,,,,,,,,,,,,,3,13,1,1,A,10,3,None,None,None,,,,,,,,,,,,,,,,,0,0,0,0,0,0,0,0,,,,,0,13,13,13,341.8612278000219,,,,,,,,,,,,,,,,,,,,,,,,,,,,,,,,,,,,,,,,,,,,,,,,,,,,,,,,,,,,,,,,,,,,,,,,,,,,,,,,,,,,,,,,,,,,,,,,,,,,,,,,,,,,,,,,,,,,,,,,,,,,,,,,,,,,,,,,,,,,,,,,,,,,,,,,,,,,,,,,,,,,,,,,,,,,,,,,,,,,,,,,,,,,,,,,,,,,,,,,,,,,,,,,,,,,,,,,,,,,,,,,,,,,,,,,,,,,,,,,,,,,,,,,,,,,,,,341.84796530002495,341.8612278000219,342.35270720004337,342.2804923999938,342.33498500002315,342.35270720004337,343.36030400003074,343.34577650000574,343.34581190004246,343.36030400003074,343.5958486000309,343.63034180004615,343.6474543000222,344.65952899999684,344.6448309000116,344.64487010001903,344.65952899999684,344.90877249999903,344.89415750000626,344.89418420003494,344.90877249999903,347.16004330001306,347.12778150005033,347.14264190004906,347.16004330001306,347.16004330001306,347.16004330001306,347.16004330001306,347.16004330001306,350.1452435000101,None,350.1474349000491,350.1574816000066,350.6739031000179,350.64392230001977,350.64749070000835,350.6739031000179,350.6739031000179,350.6739031000179,350.6739031000179,350.6739031000179,351.1570389000117,353.67384330002824,353.67384330002824,353.67384330002824,353.67384330002824,353.67384330002824,354.1564955000067,354.1449398000259,None,354.147531900031,354.1564955000067,354.6567405000096,354.64219610003056,,,,343.6474543000222,,,,,,,,,,,,,,,3,2026-08-10_16h41.09.397,TSRlearn_main-blocks,,2025.1.1,59.8767258062368,2026-08-10 16h41.13.219112 +0200,
,,,,,,,,14,14,0,,,,1,stimuli/hand/hand_16.jpg,stimuli/bicycle/bicycle_06.jpg,None,no,yes,right,right,5,1.2,0.2,,0.68,1.8,sequences/learning_block1_fixed-middle-10_0{participant_ID}.xlsx,sequences/retrieval_block1_fixed-middle-10_0{participant_ID}.xlsx,6,block1,A,1,,,,,,,,,,,,,,,,,,,,,,,,,,,,3,14,1,1,A,8,2,None,None,None,,,,,,,,,,,,,,,,,0,0,0,0,0,0,0,0,,,,,0,14,14,14,354.6567405000096,,,,,,,,,,,,,,,,,,,,,,,,,,,,,,,,,,,,,,,,,,,,,,,,,,,,,,,,,,,,,,,,,,,,,,,,,,,,,,,,,,,,,,,,,,,,,,,,,,,,,,,,,,,,,,,,,,,,,,,,,,,,,,,,,,,,,,,,,,,,,,,,,,,,,,,,,,,,,,,,,,,,,,,,,,,,,,,,,,,,,,,,,,,,,,,,,,,,,,,,,,,,,,,,,,,,,,,,,,,,,,,,,,,,,,,,,,,,,,,,,,,,,,,,,,,,,,,354.64285150001524,354.6567405000096,355.4154043000308,355.32754820003174,355.3692961000488,355.4154043000308,356.4236031000037,356.4099594000145,356.4100390000385,356.4236031000037,356.6738772999961,356.6891598000075,356.7079582000151,357.72229500004323,357.71010640001623,357.7101668000105,357.72229500004323,357.97148000000743,357.95773750002263,357.95778170000995,357.97148000000743,359.80484310002066,359.75819419999607,359.78417009999976,359.80484310002066,359.80484310002066,359.80484310002066,359.80484310002066,359.80484310002066,362.7964579000254,None,362.80009600002086,362.8066717000329,363.3373131999979,363.30757220002124,363.31109420000575,363.3373131999979,363.3373131999979,363.3373131999979,363.3373131999979,363.3373131999979,363.820906100038,366.3531117000384,366.3531117000384,366.3531117000384,366.3531117000384,366.3531117000384,366.83525330002885,366.82285769999726,None,366.8262107000337,366.83525330002885,367.3353800000041,367.3207389000454,362.8066717000329,362.8066717000329,362.8066717000329,,,,,,,,,,,,,,,,3,2026-08-10_16h41.09.397,TSRlearn_main-blocks,,2025.1.1,59.8767258062368,2026-08-10 16h41.13.219112 +0200,
,,,,,,,,15,15,0,,,,1,stimuli/chair/chair_11.jpg,stimuli/dog/dog_49.jpg,None,no,yes,left,left,4,1.2,0.2,,0.25,2.24,sequences/learning_block1_fixed-middle-10_0{participant_ID}.xlsx,sequences/retrieval_block1_fixed-middle-10_0{participant_ID}.xlsx,6,block1,A,1,,,,,,,,,,,,,,,,,,,,,,,,,,,,3,15,0,1,A,4,5,None,None,None,,,,,,,,,,,,,,,,,0,0,0,0,0,0,0,0,,,,,0,15,15,15,367.3353800000041,,,,,,,,,,,,,,,,,,,,,,,,,,,,,,,,,,,,,,,,,,,,,,,,,,,,,,,,,,,,,,,,,,,,,,,,,,,,,,,,,,,,,,,,,,,,,,,,,,,,,,,,,,,,,,,,,,,,,,,,,,,,,,,,,,,,,,,,,,,,,,,,,,,,,,,,,,,,,,,,,,,,,,,,,,,,,,,,,,,,,,,,,,,,,,,,,,,,,,,,,,,,,,,,,,,,,,,,,,,,,,,,,,,,,,,,,,,,,,,,,,,,,,,,,,,,,,,367.3213710000273,367.3353800000041,367.60395950003294,367.5706568000023,367.5855712000048,367.60395950003294,368.6179728000425,368.60427020001225,368.60431439999957,368.6179728000425,368.8538789000013,368.9086618000292,368.9287464999943,369.934923599998,369.9218888000469,369.9219498000457,369.934923599998,370.1841528000077,370.17016010003863,370.1702024000115,370.1841528000077,372.46733960002894,372.41946430003736,372.4435338000185,372.46733960002894,372.46733960002894,372.46733960002894,372.46733960002894,372.46733960002894,375.45508370001335,None,375.45819450001,375.46649479999905,375.9998021000065,375.95201210002415,375.95542320003733,375.9998021000065,375.9998021000065,375.9998021000065,375.9998021000065,375.9998021000065,376.4663778000395,378.99877760000527,378.99877760000527,378.99877760000527,378.99877760000527,378.99877760000527,379.46626320004,379.45536610001,None,379.4583414000226,379.46626320004,379.9650365000125,379.95112350001,375.46649479999905,375.46649479999905,375.46649479999905,368.9287464999943,,,,,,,,,,,,,,,3,2026-08-10_16h41.09.397,TSRlearn_main-blocks,,2025.1.1,59.8767258062368,2026-08-10 16h41.13.219112 +0200,
,,,,,,,,16,16,0,,,,1,stimuli/bread/bread_29.jpg,stimuli/hammer/hammer_16.jpg,None,no,yes,right,right,2,1.2,0.2,,0.74,1.93,sequences/learning_block1_fixed-middle-10_0{participant_ID}.xlsx,sequences/retrieval_block1_fixed-middle-10_0{participant_ID}.xlsx,6,block1,A,1,,,,,,,,,,,,,,,,,,,,,,,,,,,,4,16,1,1,A,3,7,None,None,None,,,,,,,,,,,,,,,,,0,0,0,0,0,0,0,0,,,,,0,16,16,16,379.9650365000125,,,,,,,,,,,,,,,,,,,,,,,,,,,,,,,,,,,,,,,,,,,,,,,,,,,,,,,,,,,,,,,,,,,,,,,,,,,,,,,,,,,,,,,,,,,,,,,,,,,,,,,,,,,,,,,,,,,,,,,,,,,,,,,,,,,,,,,,,,,,,,,,,,,,,,,,,,,,,,,,,,,,,,,,,,,,,,,,,,,,,,,,,,,,,,,,,,,,,,,,,,,,,,,,,,,,,,,,,,,,,,,,,,,,,,,,,,,,,,,,,,,,,,,,,,,,,,,379.9517779000453,379.9650365000125,380.7513946000254,380.7029064000235,380.7374151000404,380.7513946000254,381.7652074000216,381.75188370002434,381.75194470002316,381.7652074000216,382.0018654000014,382.02076959999977,382.03754440002376,383.04787430004217,383.03410879999865,383.0341579000233,383.04787430004217,383.29716780001763,383.28272250003647,383.2827545000473,383.29716780001763,385.263546400005,385.21610540000256,385.234100200003,385.263546400005,385.263546400005,385.263546400005,385.263546400005,385.263546400005,388.23363230004907,None,388.2365286000422,388.24549800000386,388.77915290003875,388.7317820000462,388.73556300002383,388.77915290003875,388.77915290003875,388.77915290003875,388.77915290003875,388.77915290003875,389.2465453000041,391.77865000005113,391.77865000005113,391.77865000005113,391.77865000005113,391.77865000005113,392.2619932999951,392.2494676000206,None,392.2515736000496,392.2619932999951,392.76201380003477,392.74799810000695,,,,382.03754440002376,,,,,,,,,,,,,,,3,2026-08-10_16h41.09.397,TSRlearn_main-blocks,,2025.1.1,59.8767258062368,2026-08-10 16h41.13.219112 +0200,
,,,,,,,,17,17,0,,,,1,stimuli/ball/ball_11.jpg,stimuli/chair/chair_11.jpg,None,yes,no,left,left,5,1.2,0.2,,0.65,1.96,sequences/learning_block1_fixed-middle-10_0{participant_ID}.xlsx,sequences/retrieval_block1_fixed-middle-10_0{participant_ID}.xlsx,6,block1,A,1,,,,,,,,,,,,,,,,,,,,,,,,,,,,4,17,1,1,A,1,4,None,None,None,,,,,,,,,,,,,,,,,0,0,0,0,0,0,0,0,,,,,0,17,17,17,392.76201380003477,,,,,,,,,,,,,,,,,,,,,,,,,,,,,,,,,,,,,,,,,,,,,,,,,,,,,,,,,,,,,,,,,,,,,,,,,,,,,,,,,,,,,,,,,,,,,,,,,,,,,,,,,,,,,,,,,,,,,,,,,,,,,,,,,,,,,,,,,,,,,,,,,,,,,,,,,,,,,,,,,,,,,,,,,,,,,,,,,,,,,,,,,,,,,,,,,,,,,,,,,,,,,,,,,,,,,,,,,,,,,,,,,,,,,,,,,,,,,,,,,,,,,,,,,,,,,,,392.74847650004085,392.76201380003477,393.53821090003476,393.39884999999776,393.4846930000349,393.53821090003476,394.5451648000162,394.53079250000883,394.5308485000278,394.5451648000162,394.7850957000046,394.81856680003693,394.8333366000443,395.8427430000156,395.8289817000041,395.82903740002075,395.8427430000156,396.0932465000078,396.0786209999933,396.07866380002815,396.0932465000078,398.09270770003786,398.044163100014,398.06421159999445,398.09270770003786,398.09270770003786,398.09270770003786,398.09270770003786,398.09270770003786,401.08140040002763,None,401.08433330000844,401.0916458000429,401.6085346000036,401.57815930002835,401.58123740000883,401.6085346000036,401.6085346000036,401.6085346000036,401.6085346000036,401.6085346000036,402.0908829999971,404.62393240001984,404.62393240001984,404.62393240001984,404.62393240001984,404.62393240001984,405.09272250003414,405.08029360004,None,405.08339020004496,405.09272250003414,405.6065415000194,405.5925078000291,401.0916458000429,401.0916458000429,401.0916458000429,,,,,,,,,,,,,,,,3,2026-08-10_16h41.09.397,TSRlearn_main-blocks,,2025.1.1,59.8767258062368,2026-08-10 16h41.13.219112 +0200,
,,,,,,,,18,18,0,,,,1,stimuli/house/house_35.jpg,stimuli/jacket/jacket_44.jpg,None,yes,no,right,right,4,1.2,0.2,,0.38,2.24,sequences/learning_block1_fixed-middle-10_0{participant_ID}.xlsx,sequences/retrieval_block1_fixed-middle-10_0{participant_ID}.xlsx,6,block1,A,1,,,,,,,,,,,,,,,,,,,,,,,,,,,,4,18,0,1,A,9,10,None,None,None,,,,,,,,,,,,,,,,,0,0,0,0,0,0,0,0,,,,,0,18,18,18,405.6065415000194,,,,,,,,,,,,,,,,,,,,,,,,,,,,,,,,,,,,,,,,,,,,,,,,,,,,,,,,,,,,,,,,,,,,,,,,,,,,,,,,,,,,,,,,,,,,,,,,,,,,,,,,,,,,,,,,,,,,,,,,,,,,,,,,,,,,,,,,,,,,,,,,,,,,,,,,,,,,,,,,,,,,,,,,,,,,,,,,,,,,,,,,,,,,,,,,,,,,,,,,,,,,,,,,,,,,,,,,,,,,,,,,,,,,,,,,,,,,,,,,,,,,,,,,,,,,,,,405.59289630001877,405.6065415000194,406.02778910001507,405.97521960001905,406.0092978000175,406.02778910001507,407.03995730000315,407.02522340003634,407.02526740002213,407.03995730000315,407.27508240001043,407.32688170002075,407.3624970000237,408.3728608000092,408.35819769999944,408.358242300048,408.3728608000092,,408.61041190003743,408.6104986999999,408.62332410004456,410.90514899999835,410.85747820005054,410.878242900013,410.90514899999835,410.90514899999835,410.90514899999835,410.90514899999835,410.90514899999835,414.02654750004876,None,414.029559000046,414.0380341000273,414.57122620003065,414.52285190002294,414.5253855000483,414.57122620003065,414.57122620003065,414.57122620003065,414.57122620003065,414.57122620003065,415.02161720005097,417.5706302000326,417.5706302000326,417.5706302000326,417.5706302000326,417.5706302000326,418.03625980002107,418.0239542000345,None,418.026747099997,418.03625980002107,418.536532099999,418.5243615000509,414.0380341000273,414.0380341000273,414.0380341000273,407.3624970000237,,,,,,,,,,,,,,,3,2026-08-10_16h41.09.397,TSRlearn_main-blocks,,2025.1.1,59.8767258062368,2026-08-10 16h41.13.219112 +0200,
,,,,,,,,19,19,0,,,,1,stimuli/bicycle/bicycle_06.jpg,stimuli/dog/dog_49.jpg,None,yes,no,right,right,3,1.2,0.2,,0.74,1.85,sequences/learning_block1_fixed-middle-10_0{participant_ID}.xlsx,sequences/retrieval_block1_fixed-middle-10_0{participant_ID}.xlsx,6,block1,A,1,,,,,,,,,,,,,,,,,,,,,,,,,,,,4,19,0,1,A,2,5,None,None,None,,,,,,,,,,,,,,,,,0,0,0,0,0,0,0,0,,,,,0,19,19,19,418.536532099999,,,,,,,,,,,,,,,,,,,,,,,,,,,,,,,,,,,,,,,,,,,,,,,,,,,,,,,,,,,,,,,,,,,,,,,,,,,,,,,,,,,,,,,,,,,,,,,,,,,,,,,,,,,,,,,,,,,,,,,,,,,,,,,,,,,,,,,,,,,,,,,,,,,,,,,,,,,,,,,,,,,,,,,,,,,,,,,,,,,,,,,,,,,,,,,,,,,,,,,,,,,,,,,,,,,,,,,,,,,,,,,,,,,,,,,,,,,,,,,,,,,,,,,,,,,,,,,418.5251117000007,418.536532099999,419.30630420002853,419.27185710001504,419.290797499998,419.30630420002853,420.3189175000298,420.3047030000016,420.3047468000441,420.3189175000298,420.5547229000367,420.6114019000088,420.6230764000211,421.6360122000333,421.6230560000404,421.623119099997,421.6360122000333,421.88514319999376,421.87122950004414,421.8712715000147,421.88514319999376,423.76802740001585,423.7204046000261,423.73770050000167,423.76802740001585,423.76802740001585,423.76802740001585,423.76802740001585,423.76802740001585,426.73824130004505,None,426.74120500002755,426.75013110000873,427.2838614000357,427.2377022000146,427.24124610004947,427.2838614000357,427.2838614000357,427.2838614000357,427.2838614000357,427.2838614000357,427.75080420001177,430.29965770000126,430.29965770000126,430.29965770000126,430.29965770000126,430.29965770000126,430.7658868000144,430.7535505000269,None,430.75658270000713,430.7658868000144,431.26563520001946,431.2510072000441,,,,420.6230764000211,,,,,,,,,,,,,,,3,2026-08-10_16h41.09.397,TSRlearn_main-blocks,,2025.1.1,59.8767258062368,2026-08-10 16h41.13.219112 +0200,
stimuli/lamp/lamp_01.jpg,stimuli/key/key_01.jpg,stimuli/flower/flower_17.jpg,stimuli/house/house_35.jpg,center,right,left,center,0,0,0,,,,,,,,,,,,,,,,,,sequences/learning_block1_fixed-middle-10_0{participant_ID}.xlsx,sequences/retrieval_block1_fixed-middle-10_0{participant_ID}.xlsx,6,1.0,A,2,1,lamp,key,flower,house,0.64,0.36,2,lamp,1,stimuli/lamp/lamp_01.jpg,key,1,stimuli/key/key_01.jpg,pencil,1,stimuli/pencil/pencil_01.jpg,phone,1,stimuli/phone/phone_01.jpg,14,15,6,9,None,,,,,,,,,,,,,,,,,,,,,,,,,,,,,0,0,0,0,1,0,1,0,0,0,0,0,,,,,433.33859860000666,,,,,,,,,,,,,,,,,,,,,,,,,,,,,,,,,,,,,,,,,,,,,,,,,,,,,,,,,,,,,,,,,,,,,,,,,,,,,,,,,,,,,,,,,,,,,,,,,,,,,,,,,,,,,,,,,,,,,,,,,,,,,,,,,,,,,,,,,,,,,,,,,,,,,,,,,,,,,,,,,,,,,,,,,,,,,,,,,,,,,,,,,,,,,,,,,,,,,,,,,,,,,,,,,,,,432.25074109999696,432.25077660003444,432.2570943000028,432.2670115000219,432.7670090000029,433.1976252000313,433.33859860000666,433.33859860000666,433.33859860000666,433.33859860000666,433.33859860000666,433.33859860000666,433.33859860000666,0.44693370000459254,437.8718697000295,None,,,438.1735676000244,438.2375887000235,438.2375887000235,438.2375887000235,438.2375887000235,438.2375887000235,438.2375887000235,439.2161071000155,439.22796670004027,439.7483204000164,439.2493276000023,439.2493276000023,440.079822700005,440.079822700005,,,,,,,,,,,,,,,,,,,,,,,,,,,,,,,,,,,,,,,,,,,,,,,,,,,,,,,,,,,,,,,,,,,,,,,,,,431.2573364000418,431.25737020000815,431.2594309000415,431.26563520001946,432.2670115000219,432.2505509000039,,,,,3,2026-08-10_16h41.09.397,TSRlearn_main-blocks,,2025.1.1,59.8767258062368,2026-08-10 16h41.13.219112 +0200,
stimuli/key/key_01.jpg,stimuli/hand/hand_16.jpg,stimuli/ball/ball_11.jpg,stimuli/pencil/pencil_01.jpg,center,left,right,center,1,1,0,,,,,,,,,,,,,,,,,,sequences/learning_block1_fixed-middle-10_0{participant_ID}.xlsx,sequences/retrieval_block1_fixed-middle-10_0{participant_ID}.xlsx,6,1.0,A,2,2,key,hand,ball,pencil,0.8,0.31,3,lamp,1,stimuli/lamp/lamp_01.jpg,key,1,stimuli/key/key_01.jpg,pencil,1,stimuli/pencil/pencil_01.jpg,phone,1,stimuli/phone/phone_01.jpg,15,8,1,16,None,,,,,,,,,,,,,,,,,,,,,,,,,,,,,0,0,0,0,1,0,1,0,0,1,1,1,,,,,440.079822700005,,,,,,,,,,,,,,,,,,,,,,,,,,,,,,,,,,,,,,,,,,,,,,,,,,,,,,,,,,,,,,,,,,,,,,,,,,,,,,,,,,,,,,,,,,,,,,,,,,,,,,,,,,,,,,,,,,,,,,,,,,,,,,,,,,,,,,,,,,,,,,,,,,,,,,,,,,,,,,,,,,,,,,,,,,,,,,,,,,,,,,,,,,,,,,,,,,,,,,,,,,,,,,,,,,,,,,,,,440.0173822999932,440.079822700005,440.079822700005,440.079822700005,440.079822700005,440.079822700005,440.079822700005,440.079822700005,0.26911439996911213,444.768374300038,None,,,445.0009384000441,445.0492133999942,445.0492133999942,445.0492133999942,445.0492133999942,445.0492133999942,445.0492133999942,446.03077050001593,446.04104320000624,446.5653447000077,446.063512200024,446.063512200024,446.84750560001703,446.84750560001703,,,,,,,,,,,,,,,,,,,,,,,,,,,,,,,,,,,,,,,,,,,,,,,,,,,,,,,,,,,,,,,,,,,,,,,,,,,,,,,,,,,,3,2026-08-10_16h41.09.397,TSRlearn_main-blocks,,2025.1.1,59.8767258062368,2026-08-10 16h41.13.219112 +0200,
stimuli/hand/hand_16.jpg,stimuli/ball/ball_11.jpg,stimuli/bread/bread_29.jpg,stimuli/phone/phone_01.jpg,right,left,center,right,2,2,0,,,,,,,,,,,,,,,,,,sequences/learning_block1_fixed-middle-10_0{participant_ID}.xlsx,sequences/retrieval_block1_fixed-middle-10_0{participant_ID}.xlsx,6,1.0,A,2,3,hand,ball,bread,phone,0.53,0.31,4,lamp,1,stimuli/lamp/lamp_01.jpg,key,1,stimuli/key/key_01.jpg,pencil,1,stimuli/pencil/pencil_01.jpg,phone,1,stimuli/phone/phone_01.jpg,8,1,3,17,None,,,,,,,,,,,,,,,,,,,,,,,,,,,,,0,0,0,0,1,0,1,0,0,2,2,2,,,,,446.84750560001703,,,,,,,,,,,,,,,,,,,,,,,,,,,,,,,,,,,,,,,,,,,,,,,,,,,,,,,,,,,,,,,,,,,,,,,,,,,,,,,,,,,,,,,,,,,,,,,,,,,,,,,,,,,,,,,,,,,,,,,,,,,,,,,,,,,,,,,,,,,,,,,,,,,,,,,,,,,,,,,,,,,,,,,,,,,,,,,,,,,,,,,,,,,,,,,,,,,,,,,,,,,,,,,,,,,,,,,,,446.77482490002876,446.84750560001703,446.84750560001703,446.84750560001703,446.84750560001703,446.84750560001703,446.84750560001703,446.84750560001703,0.2095225999946706,451.58302800002275,None,,,451.7673797000316,451.8099798000185,451.8099798000185,451.8099798000185,451.8099798000185,451.8099798000185,451.8099798000185,452.7970902000088,452.8078895000508,453.32804650004255,452.82876730000135,452.82876730000135,453.6957950000069,453.6957950000069,,,,,,,,,,,,,,,,,,,,,,,,,,,,,,,,,,,,,,,,,,,,,,,,,,,,,,,,,,,,,,,,,,,,,,,,,,,,,,,,,,,,3,2026-08-10_16h41.09.397,TSRlearn_main-blocks,,2025.1.1,59.8767258062368,2026-08-10 16h41.13.219112 +0200,
stimuli/ball/ball_11.jpg,stimuli/dog/dog_49.jpg,stimuli/hammer/hammer_16.jpg,stimuli/key/key_01.jpg,left,center,right,left,3,3,0,,,,,,,,,,,,,,,,,,sequences/learning_block1_fixed-middle-10_0{participant_ID}.xlsx,sequences/retrieval_block1_fixed-middle-10_0{participant_ID}.xlsx,6,1.0,A,2,4,ball,dog,hammer,key,0.47,0.2,5,lamp,1,stimuli/lamp/lamp_01.jpg,key,1,stimuli/key/key_01.jpg,pencil,1,stimuli/pencil/pencil_01.jpg,phone,1,stimuli/phone/phone_01.jpg,1,5,7,15,None,,,,,,,,,,,,,,,,,,,,,,,,,,,,,0,0,0,0,1,0,1,0,0,3,3,3,,,,,453.6957950000069,,,,,,,,,,,,,,,,,,,,,,,,,,,,,,,,,,,,,,,,,,,,,,,,,,,,,,,,,,,,,,,,,,,,,,,,,,,,,,,,,,,,,,,,,,,,,,,,,,,,,,,,,,,,,,,,,,,,,,,,,,,,,,,,,,,,,,,,,,,,,,,,,,,,,,,,,,,,,,,,,,,,,,,,,,,,,,,,,,,,,,,,,,,,,,,,,,,,,,,,,,,,,,,,,,,,,,,,,453.6120499999961,453.6957950000069,453.6957950000069,453.6957950000069,453.6957950000069,453.6957950000069,453.6957950000069,453.6957950000069,0.2840849000494927,458.34927320003044,None,,,458.6532209000434,458.72434410004644,458.72434410004644,458.72434410004644,458.72434410004644,458.72434410004644,458.72434410004644,459.7112819000031,459.72272750001866,460.24223700002767,459.7433714000508,459.7433714000508,460.52475870004855,460.52475870004855,,,,,,,,,,,,,,,,,,,,,,,,,,,,,,,,,,,,,,,,,,,,,,,,,,,,,,,,,,,,,,,,,,,,,,,,,,,,,,,,,,,,3,2026-08-10_16h41.09.397,TSRlearn_main-blocks,,2025.1.1,59.8767258062368,2026-08-10 16h41.13.219112 +0200,
stimuli/dog/dog_49.jpg,stimuli/flower/flower_17.jpg,stimuli/lamp/lamp_01.jpg,stimuli/hand/hand_16.jpg,center,right,left,center,4,4,0,,,,,,,,,,,,,,,,,,sequences/learning_block1_fixed-middle-10_0{participant_ID}.xlsx,sequences/retrieval_block1_fixed-middle-10_0{participant_ID}.xlsx,6,1.0,A,2,5,dog,flower,lamp,hand,0.33,0.2,6,lamp,1,stimuli/lamp/lamp_01.jpg,key,1,stimuli/key/key_01.jpg,pencil,1,stimuli/pencil/pencil_01.jpg,phone,1,stimuli/phone/phone_01.jpg,5,6,14,8,None,,,,,,,,,,,,,,,,,,,,,,,,,,,,,0,0,0,0,1,0,1,0,0,4,4,4,,,,,460.52475870004855,,,,,,,,,,,,,,,,,,,,,,,,,,,,,,,,,,,,,,,,,,,,,,,,,,,,,,,,,,,,,,,,,,,,,,,,,,,,,,,,,,,,,,,,,,,,,,,,,,,,,,,,,,,,,,,,,,,,,,,,,,,,,,,,,,,,,,,,,,,,,,,,,,,,,,,,,,,,,,,,,,,,,,,,,,,,,,,,,,,,,,,,,,,,,,,,,,,,,,,,,,,,,,,,,,,,,,,,,460.4641876000096,460.52475870004855,460.52475870004855,460.52475870004855,460.52475870004855,460.52475870004855,460.52475870004855,460.52475870004855,0.22201219998532906,465.26087600004394,None,,,465.45022220001556,465.50428200000897,465.50428200000897,465.50428200000897,465.50428200000897,465.50428200000897,465.50428200000897,466.4927755999961,466.50217370002065,467.02461280004354,466.52367490000324,466.52367490000324,467.2926940000034,467.2926940000034,,,,,,,,,,,,,,,,,,,,,,,,,,,,,,,,,,,,,,,,,,,,,,,,,,,,,,,,,,,,,,,,,,,,,,,,,,,,,,,,,,,,3,2026-08-10_16h41.09.397,TSRlearn_main-blocks,,2025.1.1,59.8767258062368,2026-08-10 16h41.13.219112 +0200,
stimuli/flower/flower_17.jpg,stimuli/jacket/jacket_44.jpg,stimuli/bicycle/bicycle_06.jpg,stimuli/key/key_01.jpg,right,left,center,right,5,5,0,,,,,,,,,,,,,,,,,,sequences/learning_block1_fixed-middle-10_0{participant_ID}.xlsx,sequences/retrieval_block1_fixed-middle-10_0{participant_ID}.xlsx,6,1.0,A,2,6,flower,jacket,bicycle,key,0.8,0.33,7,lamp,1,stimuli/lamp/lamp_01.jpg,key,1,stimuli/key/key_01.jpg,pencil,1,stimuli/pencil/pencil_01.jpg,phone,1,stimuli/phone/phone_01.jpg,6,10,2,15,None,,,,,,,,,,,,,,,,,,,,,,,,,,,,,0,0,0,0,1,0,1,0,0,5,5,5,,,,,467.2926940000034,,,,,,,,,,,,,,,,,,,,,,,,,,,,,,,,,,,,,,,,,,,,,,,,,,,,,,,,,,,,,,,,,,,,,,,,,,,,,,,,,,,,,,,,,,,,,,,,,,,,,,,,,,,,,,,,,,,,,,,,,,,,,,,,,,,,,,,,,,,,,,,,,,,,,,,,,,,,,,,,,,,,,,,,,,,,,,,,,,,,,,,,,,,,,,,,,,,,,,,,,,,,,,,,,,,,,,,,,467.22853360004956,467.2926940000034,467.2926940000034,467.2926940000034,467.2926940000034,467.2926940000034,467.2926940000034,467.2926940000034,0.20395160000771284,472.04420250002295,None,,,472.30813910003053,472.35808510001516,472.35808510001516,472.35808510001516,472.35808510001516,472.35808510001516,472.35808510001516,473.34034560003784,473.35212510003475,473.8716911000083,473.3722245999961,473.3722245999961,474.0592004000209,474.0592004000209,,,,,,,,,,,,,,,,,,,,,,,,,,,,,,,,,,,,,,,,,,,,,,,,,,,,,,,,,,,,,,,,,,,,,,,,,,,,,,,,,,,,3,2026-08-10_16h41.09.397,TSRlearn_main-blocks,,2025.1.1,59.8767258062368,2026-08-10 16h41.13.219112 +0200,
stimuli/jacket/jacket_44.jpg,stimuli/bicycle/bicycle_06.jpg,stimuli/chair/chair_11.jpg,stimuli/hammer/hammer_16.jpg,right,left,center,right,6,6,0,,,,,,,,,,,,,,,,,,sequences/learning_block1_fixed-middle-10_0{participant_ID}.xlsx,sequences/retrieval_block1_fixed-middle-10_0{participant_ID}.xlsx,6,1.0,A,2,7,jacket,bicycle,chair,hammer,0.8,0.64,8,lamp,1,stimuli/lamp/lamp_01.jpg,key,1,stimuli/key/key_01.jpg,pencil,1,stimuli/pencil/pencil_01.jpg,phone,1,stimuli/phone/phone_01.jpg,10,2,4,7,None,,,,,,,,,,,,,,,,,,,,,,,,,,,,,0,0,0,0,1,0,1,0,0,6,6,6,,,,,474.0592004000209,,,,,,,,,,,,,,,,,,,,,,,,,,,,,,,,,,,,,,,,,,,,,,,,,,,,,,,,,,,,,,,,,,,,,,,,,,,,,,,,,,,,,,,,,,,,,,,,,,,,,,,,,,,,,,,,,,,,,,,,,,,,,,,,,,,,,,,,,,,,,,,,,,,,,,,,,,,,,,,,,,,,,,,,,,,,,,,,,,,,,,,,,,,,,,,,,,,,,,,,,,,,,,,,,,,,,,,,,474.00414600002114,474.0592004000209,474.0592004000209,474.0592004000209,474.0592004000209,474.0592004000209,474.0592004000209,474.0592004000209,0.13250619999598712,478.89189270004863,None,,,479.01917919999687,479.0579612000147,479.0579612000147,479.0579612000147,479.0579612000147,479.0579612000147,479.0579612000147,480.0544557000394,480.0663673999952,480.5891907000332,480.08657899999525,480.08657899999525,480.79552050004713,480.79552050004713,,,,,,,,,,,,,,,,,,,,,,,,,,,,,,,,,,,,,,,,,,,,,,,,,,,,,,,,,,,,,,,,,,,,,,,,,,,,,,,,,,,,3,2026-08-10_16h41.09.397,TSRlearn_main-blocks,,2025.1.1,59.8767258062368,2026-08-10 16h41.13.219112 +0200,
stimuli/bicycle/bicycle_06.jpg,stimuli/chair/chair_11.jpg,stimuli/pencil/pencil_01.jpg,stimuli/dog/dog_49.jpg,center,right,left,center,7,7,0,,,,,,,,,,,,,,,,,,sequences/learning_block1_fixed-middle-10_0{participant_ID}.xlsx,sequences/retrieval_block1_fixed-middle-10_0{participant_ID}.xlsx,6,1.0,A,2,8,bicycle,chair,pencil,dog,0.64,0.27,9,lamp,1,stimuli/lamp/lamp_01.jpg,key,1,stimuli/key/key_01.jpg,pencil,1,stimuli/pencil/pencil_01.jpg,phone,1,stimuli/phone/phone_01.jpg,2,4,16,5,None,,,,,,,,,,,,,,,,,,,,,,,,,,,,,0,0,0,0,1,0,1,0,0,7,7,7,,,,,480.79552050004713,,,,,,,,,,,,,,,,,,,,,,,,,,,,,,,,,,,,,,,,,,,,,,,,,,,,,,,,,,,,,,,,,,,,,,,,,,,,,,,,,,,,,,,,,,,,,,,,,,,,,,,,,,,,,,,,,,,,,,,,,,,,,,,,,,,,,,,,,,,,,,,,,,,,,,,,,,,,,,,,,,,,,,,,,,,,,,,,,,,,,,,,,,,,,,,,,,,,,,,,,,,,,,,,,,,,,,,,,480.7196297000046,480.79552050004713,480.79552050004713,480.79552050004713,480.79552050004713,480.79552050004713,480.79552050004713,480.79552050004713,0.13051950000226498,485.6045027000364,None,,,485.71201260003727,485.7476865000208,485.7476865000208,485.7476865000208,485.7476865000208,485.7476865000208,485.7476865000208,486.7365124000353,486.7501408000244,487.2694816000294,486.76746000000276,486.76746000000276,487.49950730003184,487.49950730003184,,,,,,,,,,,,,,,,,,,,,,,,,,,,,,,,,,,,,,,,,,,,,,,,,,,,,,,,,,,,,,,,,,,,,,,,,,,,,,,,,,,,3,2026-08-10_16h41.09.397,TSRlearn_main-blocks,,2025.1.1,59.8767258062368,2026-08-10 16h41.13.219112 +0200,
stimuli/chair/chair_11.jpg,stimuli/bread/bread_29.jpg,stimuli/hammer/hammer_16.jpg,stimuli/jacket/jacket_44.jpg,left,right,center,left,8,8,0,,,,,,,,,,,,,,,,,,sequences/learning_block1_fixed-middle-10_0{participant_ID}.xlsx,sequences/retrieval_block1_fixed-middle-10_0{participant_ID}.xlsx,6,1.0,A,2,9,chair,bread,hammer,jacket,0.75,0.2,10,lamp,1,stimuli/lamp/lamp_01.jpg,key,1,stimuli/key/key_01.jpg,pencil,1,stimuli/pencil/pencil_01.jpg,phone,1,stimuli/phone/phone_01.jpg,4,3,7,10,None,,,,,,,,,,,,,,,,,,,,,,,,,,,,,0,0,0,0,1,0,1,0,0,8,8,8,,,,,487.49950730003184,,,,,,,,,,,,,,,,,,,,,,,,,,,,,,,,,,,,,,,,,,,,,,,,,,,,,,,,,,,,,,,,,,,,,,,,,,,,,,,,,,,,,,,,,,,,,,,,,,,,,,,,,,,,,,,,,,,,,,,,,,,,,,,,,,,,,,,,,,,,,,,,,,,,,,,,,,,,,,,,,,,,,,,,,,,,,,,,,,,,,,,,,,,,,,,,,,,,,,,,,,,,,,,,,,,,,,,,,487.44651310000336,487.49950730003184,487.49950730003184,487.49950730003184,487.49950730003184,487.49950730003184,487.49950730003184,487.49950730003184,0.1770746000111103,492.283968200034,None,,,492.4173421000014,492.44277530000545,492.44277530000545,492.44277530000545,492.44277530000545,492.44277530000545,492.44277530000545,493.4322427000152,493.44189070002176,493.95028300001286,493.44769679999445,493.44769679999445,494.14428070001304,494.14428070001304,,,,,,,,,,,,,,,,,,,,,,,,,,,,,,,,,,,,,,,,,,,,,,,,,,,,,,,,,,,,,,,,,,,,,,,,,,,,,,,,,,,,3,2026-08-10_16h41.09.397,TSRlearn_main-blocks,,2025.1.1,59.8767258062368,2026-08-10 16h41.13.219112 +0200,
stimuli/bread/bread_29.jpg,stimuli/house/house_35.jpg,stimuli/phone/phone_01.jpg,stimuli/flower/flower_17.jpg,left,center,right,left,9,9,0,,,,,,,,,,,,,,,,,,sequences/learning_block1_fixed-middle-10_0{participant_ID}.xlsx,sequences/retrieval_block1_fixed-middle-10_0{participant_ID}.xlsx,6,1.0,A,2,10,bread,house,phone,flower,0.69,0.33,11,lamp,1,stimuli/lamp/lamp_01.jpg,key,1,stimuli/key/key_01.jpg,pencil,1,stimuli/pencil/pencil_01.jpg,phone,1,stimuli/phone/phone_01.jpg,3,9,17,6,None,,,,,,,,,,,,,,,,,,,,,,,,,,,,,0,0,0,0,1,0,1,0,0,9,9,9,,,,,494.14428070001304,,,,,,,,,,,,,,,,,,,,,,,,,,,,,,,,,,,,,,,,,,,,,,,,,,,,,,,,,,,,,,,,,,,,,,,,,,,,,,,,,,,,,,,,,,,,,,,,,,,,,,,,,,,,,,,,,,,,,,,,,,,,,,,,,,,,,,,,,,,,,,,,,,,,,,,,,,,,,,,,,,,,,,,,,,,,,,,,,,,,,,,,,,,,,,,,,,,,,,,,,,,,,,,,,,,,,,,,,494.10261820000596,494.14428070001304,494.14428070001304,494.14428070001304,494.14428070001304,494.14428070001304,494.14428070001304,494.14428070001304,0.15239319996908307,498.9663152000285,None,,,499.10690920002526,499.14260020002257,499.14260020002257,499.14260020002257,499.14260020002257,499.14260020002257,499.14260020002257,500.1326689000125,500.14455780002754,500.6652870000107,500.163171400025,500.163171400025,500.87807590002194,500.87807590002194,,,,,,,,,,,,,,,,,,,,,,,,,,,,,,,,,,,,,,,,,,,,,,,,,,,,,,,,,,,,,,,,,,,,,,,,,,,,,,,,,,,,3,2026-08-10_16h41.09.397,TSRlearn_main-blocks,,2025.1.1,59.8767258062368,2026-08-10 16h41.13.219112 +0200,
stimuli/house/house_35.jpg,stimuli/hammer/hammer_16.jpg,stimuli/hand/hand_16.jpg,stimuli/dog/dog_49.jpg,right,left,center,right,10,10,0,,,,,,,,,,,,,,,,,,sequences/learning_block1_fixed-middle-10_0{participant_ID}.xlsx,sequences/retrieval_block1_fixed-middle-10_0{participant_ID}.xlsx,6,1.0,A,2,11,house,hammer,hand,dog,0.6,0.47,12,lamp,1,stimuli/lamp/lamp_01.jpg,key,1,stimuli/key/key_01.jpg,pencil,1,stimuli/pencil/pencil_01.jpg,phone,1,stimuli/phone/phone_01.jpg,9,7,8,5,None,,,,,,,,,,,,,,,,,,,,,,,,,,,,,0,0,0,0,1,0,1,0,0,10,10,10,,,,,500.87807590002194,,,,,,,,,,,,,,,,,,,,,,,,,,,,,,,,,,,,,,,,,,,,,,,,,,,,,,,,,,,,,,,,,,,,,,,,,,,,,,,,,,,,,,,,,,,,,,,,,,,,,,,,,,,,,,,,,,,,,,,,,,,,,,,,,,,,,,,,,,,,,,,,,,,,,,,,,,,,,,,,,,,,,,,,,,,,,,,,,,,,,,,,,,,,,,,,,,,,,,,,,,,,,,,,,,,,,,,,,500.8282632000046,500.87807590002194,500.87807590002194,500.87807590002194,500.87807590002194,500.87807590002194,500.87807590002194,500.87807590002194,0.16307349997805431,505.68209560000105,None,,,505.8510657000006,505.8750165000092,505.8750165000092,505.8750165000092,505.8750165000092,505.8750165000092,505.8750165000092,506.8623913000338,506.8737578000291,507.3944169000024,506.8943835000391,506.8943835000391,507.69371780002257,507.69371780002257,,,,,,,,,,,,,,,,,,,,,,,,,,,,,,,,,,,,,,,,,,,,,,,,,,,,,,,,,,,,,,,,,,,,,,,,,,,,,,,,,,,,3,2026-08-10_16h41.09.397,TSRlearn_main-blocks,,2025.1.1,59.8767258062368,2026-08-10 16h41.13.219112 +0200,
stimuli/hammer/hammer_16.jpg,stimuli/pencil/pencil_01.jpg,stimuli/key/key_01.jpg,stimuli/jacket/jacket_44.jpg,left,right,center,left,11,11,0,,,,,,,,,,,,,,,,,,sequences/learning_block1_fixed-middle-10_0{participant_ID}.xlsx,sequences/retrieval_block1_fixed-middle-10_0{participant_ID}.xlsx,6,1.0,A,2,12,hammer,pencil,key,jacket,0.73,0.4,13,lamp,1,stimuli/lamp/lamp_01.jpg,key,1,stimuli/key/key_01.jpg,pencil,1,stimuli/pencil/pencil_01.jpg,phone,1,stimuli/phone/phone_01.jpg,7,16,15,10,None,,,,,,,,,,,,,,,,,,,,,,,,,,,,,0,0,0,0,1,0,1,0,0,11,11,11,,,,,507.69371780002257,,,,,,,,,,,,,,,,,,,,,,,,,,,,,,,,,,,,,,,,,,,,,,,,,,,,,,,,,,,,,,,,,,,,,,,,,,,,,,,,,,,,,,,,,,,,,,,,,,,,,,,,,,,,,,,,,,,,,,,,,,,,,,,,,,,,,,,,,,,,,,,,,,,,,,,,,,,,,,,,,,,,,,,,,,,,,,,,,,,,,,,,,,,,,,,,,,,,,,,,,,,,,,,,,,,,,,,,,507.6150359000312,507.69371780002257,507.69371780002257,507.69371780002257,507.69371780002257,507.69371780002257,507.69371780002257,507.69371780002257,0.2206807000329718,512.4120885000448,None,,,512.622140499996,512.6706865000306,512.6706865000306,512.6706865000306,512.6706865000306,512.6706865000306,512.6706865000306,513.6590848000487,513.671020800015,514.1952795000398,513.6923438000376,513.6923438000376,514.3924563000328,514.3924563000328,,,,,,,,,,,,,,,,,,,,,,,,,,,,,,,,,,,,,,,,,,,,,,,,,,,,,,,,,,,,,,,,,,,,,,,,,,,,,,,,,,,,3,2026-08-10_16h41.09.397,TSRlearn_main-blocks,,2025.1.1,59.8767258062368,2026-08-10 16h41.13.219112 +0200,
stimuli/pencil/pencil_01.jpg,stimuli/phone/phone_01.jpg,stimuli/jacket/jacket_44.jpg,stimuli/bread/bread_29.jpg,center,right,left,center,12,12,0,,,,,,,,,,,,,,,,,,sequences/learning_block1_fixed-middle-10_0{participant_ID}.xlsx,sequences/retrieval_block1_fixed-middle-10_0{participant_ID}.xlsx,6,1.0,A,2,13,pencil,phone,jacket,bread,0.47,0.27,14,lamp,1,stimuli/lamp/lamp_01.jpg,key,1,stimuli/key/key_01.jpg,pencil,1,stimuli/pencil/pencil_01.jpg,phone,1,stimuli/phone/phone_01.jpg,16,17,10,3,None,,,,,,,,,,,,,,,,,,,,,,,,,,,,,0,0,0,0,1,0,1,0,0,12,12,12,,,,,514.3924563000328,,,,,,,,,,,,,,,,,,,,,,,,,,,,,,,,,,,,,,,,,,,,,,,,,,,,,,,,,,,,,,,,,,,,,,,,,,,,,,,,,,,,,,,,,,,,,,,,,,,,,,,,,,,,,,,,,,,,,,,,,,,,,,,,,,,,,,,,,,,,,,,,,,,,,,,,,,,,,,,,,,,,,,,,,,,,,,,,,,,,,,,,,,,,,,,,,,,,,,,,,,,,,,,,,,,,,,,,,514.3357610999956,514.3924563000328,514.3924563000328,514.3924563000328,514.3924563000328,514.3924563000328,514.3924563000328,514.3924563000328,0.14050280000083148,519.2096664000419,None,,,519.3566838999977,519.3921725000255,519.3921725000255,519.3921725000255,519.3921725000255,519.3921725000255,519.3921725000255,520.3741243000259,520.3845595000312,520.9062051000074,520.4068882000283,520.4068882000283,520.9207495000446,520.9207495000446,,,,,,,,,,,,,,,,,,,,,,,,,,,,,,,,,,,,,,,,,,,,,,,,,,,,,,,,,,,,,,,,,,,,,,,,,,,,,,,,,,,,3,2026-08-10_16h41.09.397,TSRlearn_main-blocks,,2025.1.1,59.8767258062368,2026-08-10 16h41.13.219112 +0200,
,,,,,,,,0,0,0,,,,1,stimuli/hammer/hammer_16.jpg,stimuli/jacket/jacket_44.jpg,None,no,yes,left,left,5,1.2,0.2,,0.5,2.2,sequences/learning_block1_fixed-middle-10_0{participant_ID}.xlsx,sequences/retrieval_block1_fixed-middle-10_0{participant_ID}.xlsx,6,block1,A,2,,,,,,,,,,,,,,,,,,,,,,,,,,,,0,0,0,2,A,7,10,None,None,None,,,,,,,,,,,,,,,,,0,0,0,0,1,0,1,0,,,,,0,0,0,0,527.1191383000114,,,,,,,,,,,,,,,,,,,,,,,,,,,,,,,,,,,,,,,,,,,,,,,,,,,,,,,,,,,,,,,,,,,,,,,,,,,,,,,,,,,,,,,,,,,,,,,,,,,,,,,,,,,,,,,,,,,,,,,,,,,,,,,,,,,,,,,,,,,,,,,,,,,,,,,,,,,,,,,,,,,,,,,,,,,,,,,,,,,,,,,,,,,,,,,,,,,,,,,,,,,,,,,,,,,,,,,,,,,,,,,,,,,,,,,,,,,,,,,,,,,,520.9117669000407,520.9207495000446,525.9355747000081,525.9216377999983,525.9217968000448,525.9355747000081,525.9355747000081,526.9223280000151,None,526.9224992000381,526.9225984000368,527.1056760000065,527.1191383000114,527.6371892000316,527.6049311000388,527.617537800048,527.6371892000316,528.6519586000359,528.6382955000154,528.6383417000179,528.6519586000359,528.8874161000131,528.9360496000154,528.9722458000178,529.9847051000106,529.9704120000242,529.9704613000504,529.9847051000106,530.2341661000391,530.2197225000127,530.2197556000319,530.2341661000391,532.4670048000407,532.4194500000449,532.4382366000209,532.4670048000407,532.4670048000407,532.4670048000407,532.4670048000407,532.4670048000407,535.4380228000227,None,535.442034000007,535.4496775000007,535.9828573000268,535.9368358000065,535.941261400003,535.9828573000268,535.9828573000268,535.9828573000268,535.9828573000268,535.9828573000268,536.4506562000024,538.9816957000294,538.9816957000294,538.9816957000294,538.9816957000294,538.9816957000294,539.4656381999957,539.4546438000398,None,539.4577679000213,539.4656381999957,539.9823527000262,539.9673578000511,,,,528.9722458000178,,,,,,,,,,,,,,,3,2026-08-10_16h41.09.397,TSRlearn_main-blocks,,2025.1.1,59.8767258062368,2026-08-10 16h41.13.219112 +0200,
,,,,,,,,1,1,0,,,,1,stimuli/chair/chair_11.jpg,stimuli/house/house_35.jpg,None,yes,no,left,left,2,1.2,0.2,,0.37,2.1,sequences/learning_block1_fixed-middle-10_0{participant_ID}.xlsx,sequences/retrieval_block1_fixed-middle-10_0{participant_ID}.xlsx,6,block1,A,2,,,,,,,,,,,,,,,,,,,,,,,,,,,,0,1,1,2,A,4,9,None,None,None,,,,,,,,,,,,,,,,,0,0,0,0,1,0,1,0,,,,,0,1,1,1,539.9823527000262,,,,,,,,,,,,,,,,,,,,,,,,,,,,,,,,,,,,,,,,,,,,,,,,,,,,,,,,,,,,,,,,,,,,,,,,,,,,,,,,,,,,,,,,,,,,,,,,,,,,,,,,,,,,,,,,,,,,,,,,,,,,,,,,,,,,,,,,,,,,,,,,,,,,,,,,,,,,,,,,,,,,,,,,,,,,,,,,,,,,,,,,,,,,,,,,,,,,,,,,,,,,,,,,,,,,,,,,,,,,,,,,,,,,,,,,,,,,,,,,,,,,,,,,,,,,,,,539.9677859999938,539.9823527000262,540.384457600012,540.3500442000222,540.3662190000177,540.384457600012,541.3975446000113,541.3836814000388,541.3837268000352,541.3975446000113,541.6334748000372,541.6747955000028,541.6863998000044,542.6977811999968,542.6830795000424,542.6831289000111,542.6977811999968,,542.9341474000248,542.9342591000022,542.9477458000183,545.0792648000061,545.0348706000368,545.0519834000152,545.0792648000061,545.0792648000061,545.0792648000061,545.0792648000061,545.0792648000061,548.0524254000047,None,548.0554607000086,548.0626315000118,548.579341100005,548.5493701000232,548.553302400047,548.579341100005,548.579341100005,548.579341100005,548.579341100005,548.579341100005,549.0615630000248,551.5790163000347,551.5790163000347,551.5790163000347,551.5790163000347,551.5790163000347,552.0614120000391,552.0504674999975,None,552.0529560000286,552.0614120000391,552.5606689000269,552.5468058999977,,,,541.6863998000044,,,,,,,,,,,,,,,3,2026-08-10_16h41.09.397,TSRlearn_main-blocks,,2025.1.1,59.8767258062368,2026-08-10 16h41.13.219112 +0200,
,,,,,,,,2,2,0,,,,1,stimuli/hand/hand_16.jpg,stimuli/flower/flower_17.jpg,None,yes,no,left,left,3,1.2,0.2,,0.29,2.05,sequences/learning_block1_fixed-middle-10_0{participant_ID}.xlsx,sequences/retrieval_block1_fixed-middle-10_0{participant_ID}.xlsx,6,block1,A,2,,,,,,,,,,,,,,,,,,,,,,,,,,,,0,2,1,2,A,8,6,None,None,None,,,,,,,,,,,,,,,,,0,0,0,0,1,0,1,0,,,,,0,2,2,2,552.5606689000269,,,,,,,,,,,,,,,,,,,,,,,,,,,,,,,,,,,,,,,,,,,,,,,,,,,,,,,,,,,,,,,,,,,,,,,,,,,,,,,,,,,,,,,,,,,,,,,,,,,,,,,,,,,,,,,,,,,,,,,,,,,,,,,,,,,,,,,,,,,,,,,,,,,,,,,,,,,,,,,,,,,,,,,,,,,,,,,,,,,,,,,,,,,,,,,,,,,,,,,,,,,,,,,,,,,,,,,,,,,,,,,,,,,,,,,,,,,,,,,,,,,,,,,,,,,,,,,552.5474780999939,552.5606689000269,552.8965883000055,552.8467677000444,552.8797868000111,552.8965883000055,553.9102589000249,553.8956329000066,553.8956787000061,553.9102589000249,554.1465096000466,554.1787427000236,554.1963367999997,555.2108821000438,555.1971244000015,555.1971709000063,555.2108821000438,,555.4621684000012,555.4622450000024,555.4763572000084,557.5596858000499,557.5118158000405,557.5273797000409,557.5596858000499,557.5596858000499,557.5596858000499,557.5596858000499,557.5596858000499,560.5321396000218,None,560.535228200024,560.5422531000222,561.0590285999933,561.0272582000471,561.029788600048,561.0590285999933,561.0590285999933,561.0590285999933,561.0590285999933,561.0590285999933,561.5409742000047,564.0734553000075,564.0734553000075,564.0734553000075,564.0734553000075,564.0734553000075,564.5407691000146,564.5284184000338,None,564.530502300011,564.5407691000146,565.0400945000001,565.0257860000129,,,,,,,,,,,,,,,,,,,3,2026-08-10_16h41.09.397,TSRlearn_main-blocks,,2025.1.1,59.8767258062368,2026-08-10 16h41.13.219112 +0200,
,,,,,,,,3,3,0,,,,1,stimuli/bicycle/bicycle_06.jpg,stimuli/ball/ball_11.jpg,None,yes,no,right,right,4,1.2,0.2,,0.62,2.12,sequences/learning_block1_fixed-middle-10_0{participant_ID}.xlsx,sequences/retrieval_block1_fixed-middle-10_0{participant_ID}.xlsx,6,block1,A,2,,,,,,,,,,,,,,,,,,,,,,,,,,,,0,3,0,2,A,2,1,None,None,None,,,,,,,,,,,,,,,,,0,0,0,0,1,0,1,0,,,,,0,3,3,3,565.0400945000001,,,,,,,,,,,,,,,,,,,,,,,,,,,,,,,,,,,,,,,,,,,,,,,,,,,,,,,,,,,,,,,,,,,,,,,,,,,,,,,,,,,,,,,,,,,,,,,,,,,,,,,,,,,,,,,,,,,,,,,,,,,,,,,,,,,,,,,,,,,,,,,,,,,,,,,,,,,,,,,,,,,,,,,,,,,,,,,,,,,,,,,,,,,,,,,,,,,,,,,,,,,,,,,,,,,,,,,,,,,,,,,,,,,,,,,,,,,,,,,,,,,,,,,,,,,,,,,565.0262114000507,565.0400945000001,565.6926513000508,565.6593376999954,565.6767729000421,565.6926513000508,566.7066382000339,566.6927018000279,566.6927613000153,566.7066382000339,566.9417324000387,567.0190584000084,567.0608853000449,568.0723830000497,568.0579908000072,568.0580621000263,568.0723830000497,568.3221600000397,568.3081506000017,568.3081935000373,568.3221600000397,570.488158000051,570.4404077000218,570.4625398000353,570.488158000051,570.488158000051,570.488158000051,570.488158000051,570.488158000051,573.4747216000105,None,573.4779195000301,573.4875582000241,574.0040135000017,573.9731235000072,573.9756276000408,574.0040135000017,574.0040135000017,574.0040135000017,574.0040135000017,574.0040135000017,574.4878411000245,577.0033979000291,577.0033979000291,577.0033979000291,577.0033979000291,577.0033979000291,577.4868802000419,577.4749831000227,None,577.4771805000491,577.4868802000419,577.9875256000087,577.9727057000273,573.4875582000241,573.4875582000241,573.4875582000241,567.0608853000449,,,,,,,,,,,,,,,3,2026-08-10_16h41.09.397,TSRlearn_main-blocks,,2025.1.1,59.8767258062368,2026-08-10 16h41.13.219112 +0200,
,,,,,,,,4,4,0,,,,1,stimuli/jacket/jacket_44.jpg,stimuli/bread/bread_29.jpg,None,no,yes,right,right,3,1.2,0.2,,0.39,1.77,sequences/learning_block1_fixed-middle-10_0{participant_ID}.xlsx,sequences/retrieval_block1_fixed-middle-10_0{participant_ID}.xlsx,6,block1,A,2,,,,,,,,,,,,,,,,,,,,,,,,,,,,1,4,1,2,A,10,3,None,None,None,,,,,,,,,,,,,,,,,0,0,0,0,1,0,1,0,,,,,0,4,4,4,577.9875256000087,,,,,,,,,,,,,,,,,,,,,,,,,,,,,,,,,,,,,,,,,,,,,,,,,,,,,,,,,,,,,,,,,,,,,,,,,,,,,,,,,,,,,,,,,,,,,,,,,,,,,,,,,,,,,,,,,,,,,,,,,,,,,,,,,,,,,,,,,,,,,,,,,,,,,,,,,,,,,,,,,,,,,,,,,,,,,,,,,,,,,,,,,,,,,,,,,,,,,,,,,,,,,,,,,,,,,,,,,,,,,,,,,,,,,,,,,,,,,,,,,,,,,,,,,,,,,,,577.9733641000348,577.9875256000087,578.4535019000177,578.3715310000116,578.4196859000367,578.4535019000177,579.4689055000199,579.4544857000001,579.4545303000486,579.4689055000199,579.7039444000111,579.74133790005,579.7576610000106,580.768741100037,580.7541215000092,580.7541764000198,580.768741100037,,581.005836300028,581.0059326000046,581.019165500009,582.8351109000505,582.7890247000032,582.8087807000265,582.8351109000505,582.8351109000505,582.8351109000505,582.8351109000505,582.8351109000505,585.8102452000021,None,585.812416300003,585.8177480000304,586.3506577000371,586.3041610000073,586.3075918999966,586.3506577000371,586.3506577000371,586.3506577000371,586.3506577000371,586.3506577000371,586.817944200011,589.3497732999967,589.3497732999967,589.3497732999967,589.3497732999967,589.3497732999967,589.8325525000109,589.819427200011,None,589.8215638000402,589.8325525000109,590.3324316000217,590.3183034000103,,,,579.7576610000106,,,,,,,,,,,,,,,3,2026-08-10_16h41.09.397,TSRlearn_main-blocks,,2025.1.1,59.8767258062368,2026-08-10 16h41.13.219112 +0200,
,,,,,,,,5,5,0,,,,1,stimuli/bicycle/bicycle_06.jpg,stimuli/hammer/hammer_16.jpg,None,yes,no,left,left,4,1.2,0.2,,0.62,2.07,sequences/learning_block1_fixed-middle-10_0{participant_ID}.xlsx,sequences/retrieval_block1_fixed-middle-10_0{participant_ID}.xlsx,6,block1,A,2,,,,,,,,,,,,,,,,,,,,,,,,,,,,1,5,1,2,A,2,7,None,None,None,,,,,,,,,,,,,,,,,0,0,0,0,1,0,1,0,,,,,0,5,5,5,590.3324316000217,,,,,,,,,,,,,,,,,,,,,,,,,,,,,,,,,,,,,,,,,,,,,,,,,,,,,,,,,,,,,,,,,,,,,,,,,,,,,,,,,,,,,,,,,,,,,,,,,,,,,,,,,,,,,,,,,,,,,,,,,,,,,,,,,,,,,,,,,,,,,,,,,,,,,,,,,,,,,,,,,,,,,,,,,,,,,,,,,,,,,,,,,,,,,,,,,,,,,,,,,,,,,,,,,,,,,,,,,,,,,,,,,,,,,,,,,,,,,,,,,,,,,,,,,,,,,,,590.3187499000342,590.3324316000217,590.9874846000457,590.9510901000467,590.9686802999931,590.9874846000457,591.9989363000495,591.9859716000501,591.9860405999934,591.9989363000495,592.2355856000213,592.2542939000414,592.2681327000028,593.2812776000355,593.2670800000196,593.2671411000192,593.2812776000355,,593.5171639000182,593.5172422000323,593.530942100042,595.6469994999934,595.6005041000317,595.6255166000337,595.6469994999934,595.6469994999934,595.6469994999934,595.6469994999934,595.6469994999934,598.6367514000158,None,598.6404923000373,598.6464282000088,599.1627824000316,599.1330032999977,599.1363603000063,599.1627824000316,599.1627824000316,599.1627824000316,599.1627824000316,599.1627824000316,599.645952299994,602.1626017999952,602.1626017999952,602.1626017999952,602.1626017999952,602.1626017999952,602.6615339000127,602.6492449000361,None,602.6522083000164,602.6615339000127,603.1612853000406,603.1472254000255,598.6464282000088,598.6464282000088,598.6464282000088,592.2681327000028,,,,,,,,,,,,,,,3,2026-08-10_16h41.09.397,TSRlearn_main-blocks,,2025.1.1,59.8767258062368,2026-08-10 16h41.13.219112 +0200,
,,,,,,,,6,6,0,,,,1,stimuli/flower/flower_17.jpg,stimuli/house/house_35.jpg,None,no,yes,right,right,5,1.2,0.2,,0.67,2.23,sequences/learning_block1_fixed-middle-10_0{participant_ID}.xlsx,sequences/retrieval_block1_fixed-middle-10_0{participant_ID}.xlsx,6,block1,A,2,,,,,,,,,,,,,,,,,,,,,,,,,,,,1,6,1,2,A,6,9,None,None,None,,,,,,,,,,,,,,,,,0,0,0,0,1,0,1,0,,,,,0,6,6,6,603.1612853000406,,,,,,,,,,,,,,,,,,,,,,,,,,,,,,,,,,,,,,,,,,,,,,,,,,,,,,,,,,,,,,,,,,,,,,,,,,,,,,,,,,,,,,,,,,,,,,,,,,,,,,,,,,,,,,,,,,,,,,,,,,,,,,,,,,,,,,,,,,,,,,,,,,,,,,,,,,,,,,,,,,,,,,,,,,,,,,,,,,,,,,,,,,,,,,,,,,,,,,,,,,,,,,,,,,,,,,,,,,,,,,,,,,,,,,,,,,,,,,,,,,,,,,,,,,,,,,,603.1478713999968,603.1612853000406,603.8810647000209,603.829856300028,603.8652750000474,603.8810647000209,604.8942595000262,604.8802937000291,604.8803412000416,604.8942595000262,605.1309434000286,605.1678367000422,605.1792074000114,606.1937776000123,606.1798369000317,606.1798734000186,606.1937776000123,,606.4302235000068,606.4302937000175,606.4436725000269,608.7099412000389,608.6630519000464,608.6876939000213,608.7099412000389,608.7099412000389,608.7099412000389,608.7099412000389,608.7099412000389,611.6970753000351,None,611.7000650000409,611.7096705000149,612.2583804000169,612.2116905000294,612.2150673000142,612.2583804000169,612.2583804000169,612.2583804000169,612.2583804000169,612.2583804000169,612.725704200042,615.2575808000402,615.2575808000402,615.2575808000402,615.2575808000402,615.2575808000402,615.7406981000095,615.7279922000016,None,615.7301227000426,615.7406981000095,616.2405202999944,616.2261610000278,,,,,,,,,,,,,,,,,,,3,2026-08-10_16h41.09.397,TSRlearn_main-blocks,,2025.1.1,59.8767258062368,2026-08-10 16h41.13.219112 +0200,
,,,,,,,,7,7,0,,,,1,stimuli/dog/dog_49.jpg,stimuli/hand/hand_16.jpg,None,no,yes,left,left,2,1.2,0.2,,0.33,1.98,sequences/learning_block1_fixed-middle-10_0{participant_ID}.xlsx,sequences/retrieval_block1_fixed-middle-10_0{participant_ID}.xlsx,6,block1,A,2,,,,,,,,,,,,,,,,,,,,,,,,,,,,1,7,0,2,A,5,8,None,None,None,,,,,,,,,,,,,,,,,0,0,0,0,1,0,1,0,,,,,0,7,7,7,616.2405202999944,,,,,,,,,,,,,,,,,,,,,,,,,,,,,,,,,,,,,,,,,,,,,,,,,,,,,,,,,,,,,,,,,,,,,,,,,,,,,,,,,,,,,,,,,,,,,,,,,,,,,,,,,,,,,,,,,,,,,,,,,,,,,,,,,,,,,,,,,,,,,,,,,,,,,,,,,,,,,,,,,,,,,,,,,,,,,,,,,,,,,,,,,,,,,,,,,,,,,,,,,,,,,,,,,,,,,,,,,,,,,,,,,,,,,,,,,,,,,,,,,,,,,,,,,,,,,,,616.226827000035,616.2405202999944,616.6361230000039,616.5599307999946,616.6143982000067,616.6361230000039,617.6404287000187,617.6265443000011,617.6266035000444,617.6404287000187,617.8777839000104,617.9186464000377,617.9263894000323,618.9409144000383,618.926469500002,618.926513900049,618.9409144000383,,619.1770242000348,619.1771322000423,619.1897439000313,621.2054316000431,621.1583752000006,621.174240900029,621.2054316000431,621.2054316000431,621.2054316000431,621.2054316000431,621.2054316000431,624.1771465000347,None,624.1802813000395,624.1883334000013,624.7213512000162,624.6746941000456,624.6780888000503,624.7213512000162,624.7213512000162,624.7213512000162,624.7213512000162,624.7213512000162,625.188350100012,627.7208033000352,627.7208033000352,627.7208033000352,627.7208033000352,627.7208033000352,628.2035599999945,628.1917610000237,None,628.1948012000066,628.2035599999945,628.7043049000204,628.6893217000179,,,,,,,,,,,,,,,,,,,3,2026-08-10_16h41.09.397,TSRlearn_main-blocks,,2025.1.1,59.8767258062368,2026-08-10 16h41.13.219112 +0200,
,,,,,,,,8,8,0,,,,1,stimuli/chair/chair_11.jpg,stimuli/flower/flower_17.jpg,None,no,yes,left,left,3,1.2,0.2,,0.42,1.84,sequences/learning_block1_fixed-middle-10_0{participant_ID}.xlsx,sequences/retrieval_block1_fixed-middle-10_0{participant_ID}.xlsx,6,block1,A,2,,,,,,,,,,,,,,,,,,,,,,,,,,,,2,8,0,2,A,4,6,None,None,None,,,,,,,,,,,,,,,,,0,0,0,0,1,0,1,0,,,,,0,8,8,8,628.7043049000204,,,,,,,,,,,,,,,,,,,,,,,,,,,,,,,,,,,,,,,,,,,,,,,,,,,,,,,,,,,,,,,,,,,,,,,,,,,,,,,,,,,,,,,,,,,,,,,,,,,,,,,,,,,,,,,,,,,,,,,,,,,,,,,,,,,,,,,,,,,,,,,,,,,,,,,,,,,,,,,,,,,,,,,,,,,,,,,,,,,,,,,,,,,,,,,,,,,,,,,,,,,,,,,,,,,,,,,,,,,,,,,,,,,,,,,,,,,,,,,,,,,,,,,,,,,,,,,628.6897448000382,628.7043049000204,629.1610052000033,629.1238483000197,629.1434671000461,629.1610052000033,630.1697809000034,630.1558412000304,630.1558862000238,630.1697809000034,630.4061679000151,630.4477171000326,630.4552628000383,631.469458400039,631.4545297000441,631.4545744000352,631.469458400039,,631.7053093000432,631.7053885000059,631.7197993000154,633.6187084999983,633.5553520999965,633.5844075000496,633.6187084999983,633.6187084999983,633.6187084999983,633.6187084999983,633.6187084999983,636.5879327000002,None,636.5900500999996,636.600989300001,637.1180217000074,637.0880809000228,637.0915804000106,637.1180217000074,637.1180217000074,637.1180217000074,637.1180217000074,637.1180217000074,637.6017827000469,640.1169033000479,640.1169033000479,640.1169033000479,640.1169033000479,640.1169033000479,640.6163628000068,640.60380360001,None,640.6067432000418,640.6163628000068,641.1157619000296,641.1012584000127,,,,,,,,,,,,,,,,,,,3,2026-08-10_16h41.09.397,TSRlearn_main-blocks,,2025.1.1,59.8767258062368,2026-08-10 16h41.13.219112 +0200,
,,,,,,,,9,9,0,,,,1,stimuli/hammer/hammer_16.jpg,stimuli/bread/bread_29.jpg,None,no,yes,left,left,2,1.2,0.2,,0.45,2.13,sequences/learning_block1_fixed-middle-10_0{participant_ID}.xlsx,sequences/retrieval_block1_fixed-middle-10_0{participant_ID}.xlsx,6,block1,A,2,,,,,,,,,,,,,,,,,,,,,,,,,,,,2,9,0,2,A,7,3,None,None,None,,,,,,,,,,,,,,,,,0,0,0,0,1,0,1,0,,,,,0,9,9,9,641.1157619000296,,,,,,,,,,,,,,,,,,,,,,,,,,,,,,,,,,,,,,,,,,,,,,,,,,,,,,,,,,,,,,,,,,,,,,,,,,,,,,,,,,,,,,,,,,,,,,,,,,,,,,,,,,,,,,,,,,,,,,,,,,,,,,,,,,,,,,,,,,,,,,,,,,,,,,,,,,,,,,,,,,,,,,,,,,,,,,,,,,,,,,,,,,,,,,,,,,,,,,,,,,,,,,,,,,,,,,,,,,,,,,,,,,,,,,,,,,,,,,,,,,,,,,,,,,,,,,,641.1016802000231,641.1157619000296,641.5855513000279,641.5517075000098,641.5672014000011,641.5855513000279,642.5991704000044,642.5852633000468,642.5853122000117,642.5991704000044,642.8344548000023,642.8711675000377,642.8850311000133,643.8993632000056,643.886834200006,643.8868920000386,643.8993632000056,644.1496265000314,644.1352424999932,644.1352877000463,644.1496265000314,646.3143884000019,646.2675466000219,646.2958605000167,646.3143884000019,646.3143884000019,646.3143884000019,646.3143884000019,646.3143884000019,649.3035205000197,None,649.3057028000476,649.314468400029,649.8306909000385,649.8006605000119,649.8042526000063,649.8306909000385,649.8306909000385,649.8306909000385,649.8306909000385,649.8306909000385,650.3132617000374,652.8298597999965,652.8298597999965,652.8298597999965,652.8298597999965,652.8298597999965,653.3135129000293,653.3018394000246,None,653.3040425000363,653.3135129000293,653.8283934000065,653.8138279000414,649.314468400029,649.314468400029,649.314468400029,642.8850311000133,,,,,,,,,,,,,,,3,2026-08-10_16h41.09.397,TSRlearn_main-blocks,,2025.1.1,59.8767258062368,2026-08-10 16h41.13.219112 +0200,
,,,,,,,,10,10,0,,,,1,stimuli/jacket/jacket_44.jpg,stimuli/house/house_35.jpg,None,no,yes,right,right,4,1.2,0.2,,0.53,1.94,sequences/learning_block1_fixed-middle-10_0{participant_ID}.xlsx,sequences/retrieval_block1_fixed-middle-10_0{participant_ID}.xlsx,6,block1,A,2,,,,,,,,,,,,,,,,,,,,,,,,,,,,2,10,1,2,A,10,9,None,None,None,,,,,,,,,,,,,,,,,0,0,0,0,1,0,1,0,,,,,0,10,10,10,653.8283934000065,,,,,,,,,,,,,,,,,,,,,,,,,,,,,,,,,,,,,,,,,,,,,,,,,,,,,,,,,,,,,,,,,,,,,,,,,,,,,,,,,,,,,,,,,,,,,,,,,,,,,,,,,,,,,,,,,,,,,,,,,,,,,,,,,,,,,,,,,,,,,,,,,,,,,,,,,,,,,,,,,,,,,,,,,,,,,,,,,,,,,,,,,,,,,,,,,,,,,,,,,,,,,,,,,,,,,,,,,,,,,,,,,,,,,,,,,,,,,,,,,,,,,,,,,,,,,,,653.8145014000474,653.8283934000065,654.4273927000468,654.3478164999979,654.3991503000143,654.4273927000468,655.4283537000301,655.4135580000002,655.4136032999959,655.4283537000301,655.6653351000277,655.710465000011,655.7483120000106,656.7610428000335,656.7472196000163,656.7472746000276,656.7610428000335,,656.9974514000351,656.9975408000173,657.0114110000432,658.9938250000123,658.9472511000349,658.9671904999996,658.9938250000123,658.9938250000123,658.9938250000123,658.9938250000123,658.9938250000123,661.9821050000028,None,661.9848347000079,661.9933971000137,662.5099415000295,662.4785120000015,662.482916900015,662.5099415000295,662.5099415000295,662.5099415000295,662.5099415000295,662.5099415000295,662.9936398999998,665.5250753000146,665.5250753000146,665.5250753000146,665.5250753000146,665.5250753000146,665.9924535000464,665.981313300028,None,665.9844859000295,665.9924535000464,666.5080054000136,666.4933615000336,661.9933971000137,661.9933971000137,661.9933971000137,,,,,,,,,,,,,,,,3,2026-08-10_16h41.09.397,TSRlearn_main-blocks,,2025.1.1,59.8767258062368,2026-08-10 16h41.13.219112 +0200,
,,,,,,,,11,11,0,,,,1,stimuli/bicycle/bicycle_06.jpg,stimuli/hand/hand_16.jpg,None,yes,no,right,right,5,1.2,0.2,,0.52,2.03,sequences/learning_block1_fixed-middle-10_0{participant_ID}.xlsx,sequences/retrieval_block1_fixed-middle-10_0{participant_ID}.xlsx,6,block1,A,2,,,,,,,,,,,,,,,,,,,,,,,,,,,,2,11,0,2,A,2,8,None,None,None,,,,,,,,,,,,,,,,,0,0,0,0,1,0,1,0,,,,,0,11,11,11,666.5080054000136,,,,,,,,,,,,,,,,,,,,,,,,,,,,,,,,,,,,,,,,,,,,,,,,,,,,,,,,,,,,,,,,,,,,,,,,,,,,,,,,,,,,,,,,,,,,,,,,,,,,,,,,,,,,,,,,,,,,,,,,,,,,,,,,,,,,,,,,,,,,,,,,,,,,,,,,,,,,,,,,,,,,,,,,,,,,,,,,,,,,,,,,,,,,,,,,,,,,,,,,,,,,,,,,,,,,,,,,,,,,,,,,,,,,,,,,,,,,,,,,,,,,,,,,,,,,,,,666.4937835000455,666.5080054000136,667.0687348000356,667.026864000014,667.0505264000385,667.0687348000356,668.0746208000346,668.0601610000012,668.060205500049,668.0746208000346,668.3106691000285,668.3505848000059,668.3601427000249,669.3739826999954,669.3598631000496,669.3599194000126,669.3739826999954,,669.611172600009,669.6112675000331,669.6245759000303,671.6897261000122,671.6423525999999,671.6648501000018,671.6897261000122,671.6897261000122,671.6897261000122,671.6897261000122,671.6897261000122,674.6770371000166,None,674.679187700036,674.6892552000354,675.2060078000068,675.1745029000449,675.1774620999931,675.2060078000068,675.2060078000068,675.2060078000068,675.2060078000068,675.2060078000068,675.6892279000022,678.2211459000246,678.2211459000246,678.2211459000246,678.2211459000246,678.2211459000246,678.6882807000075,678.6778132000472,None,678.6810040000128,678.6882807000075,679.1874948000186,679.1735519000213,674.6892552000354,674.6892552000354,674.6892552000354,,,,,,,,,,,,,,,,3,2026-08-10_16h41.09.397,TSRlearn_main-blocks,,2025.1.1,59.8767258062368,2026-08-10 16h41.13.219112 +0200,
,,,,,,,,12,12,0,,,,1,stimuli/chair/chair_11.jpg,stimuli/hammer/hammer_16.jpg,None,no,yes,right,right,3,1.2,0.2,,0.71,2.08,sequences/learning_block1_fixed-middle-10_0{participant_ID}.xlsx,sequences/retrieval_block1_fixed-middle-10_0{participant_ID}.xlsx,6,block1,A,2,,,,,,,,,,,,,,,,,,,,,,,,,,,,3,12,1,2,A,4,7,None,None,None,,,,,,,,,,,,,,,,,0,0,0,0,1,0,1,0,,,,,0,12,12,12,679.1874948000186,,,,,,,,,,,,,,,,,,,,,,,,,,,,,,,,,,,,,,,,,,,,,,,,,,,,,,,,,,,,,,,,,,,,,,,,,,,,,,,,,,,,,,,,,,,,,,,,,,,,,,,,,,,,,,,,,,,,,,,,,,,,,,,,,,,,,,,,,,,,,,,,,,,,,,,,,,,,,,,,,,,,,,,,,,,,,,,,,,,,,,,,,,,,,,,,,,,,,,,,,,,,,,,,,,,,,,,,,,,,,,,,,,,,,,,,,,,,,,,,,,,,,,,,,,,,,,,679.1740734000341,679.1874948000186,679.9242382000084,679.8909722000244,679.9119341000332,679.9242382000084,680.9367553000338,680.9230396000203,680.9230958000408,680.9367553000338,681.1744432999985,681.1977334000403,681.2071039000293,682.2196765000117,682.2051489000442,682.2051957000513,682.2196765000117,,682.456532900047,682.4566144000273,682.470239300048,684.5855973000289,684.5379267000244,684.565238500014,684.5855973000289,684.5855973000289,684.5855973000289,684.5855973000289,684.5855973000289,687.5721298000426,None,687.5744167999947,687.5849730000482,688.1010748000117,688.0699879000313,688.0738398000249,688.1010748000117,688.1010748000117,688.1010748000117,688.1010748000117,688.1010748000117,688.585079200042,691.100469099998,691.100469099998,691.100469099998,691.100469099998,691.100469099998,691.6005630000145,691.587863599998,None,691.5899422999937,691.6005630000145,692.0997777000302,692.0856231000507,687.5849730000482,687.5849730000482,687.5849730000482,,,,,,,,,,,,,,,,3,2026-08-10_16h41.09.397,TSRlearn_main-blocks,,2025.1.1,59.8767258062368,2026-08-10 16h41.13.219112 +0200,
,,,,,,,,13,13,0,,,,1,stimuli/dog/dog_49.jpg,stimuli/bread/bread_29.jpg,None,yes,no,left,left,5,1.2,0.2,,0.47,1.99,sequences/learning_block1_fixed-middle-10_0{participant_ID}.xlsx,sequences/retrieval_block1_fixed-middle-10_0{participant_ID}.xlsx,6,block1,A,2,,,,,,,,,,,,,,,,,,,,,,,,,,,,3,13,1,2,A,5,3,None,None,None,,,,,,,,,,,,,,,,,0,0,0,0,1,0,1,0,,,,,0,13,13,13,692.0997777000302,,,,,,,,,,,,,,,,,,,,,,,,,,,,,,,,,,,,,,,,,,,,,,,,,,,,,,,,,,,,,,,,,,,,,,,,,,,,,,,,,,,,,,,,,,,,,,,,,,,,,,,,,,,,,,,,,,,,,,,,,,,,,,,,,,,,,,,,,,,,,,,,,,,,,,,,,,,,,,,,,,,,,,,,,,,,,,,,,,,,,,,,,,,,,,,,,,,,,,,,,,,,,,,,,,,,,,,,,,,,,,,,,,,,,,,,,,,,,,,,,,,,,,,,,,,,,,,692.0862913000165,692.0997777000302,692.682266000018,692.5712978999945,692.6368464000407,692.682266000018,693.6844333000481,693.6700864000013,693.6701454000431,693.6844333000481,693.9352148000035,693.9784157000249,693.985104100022,694.9997071000398,694.9860790999955,694.9861467000446,694.9997071000398,695.2493661000044,695.2344659999944,695.2344990000129,695.2493661000044,697.2819447999937,697.2337552999961,697.2542688000249,697.2819447999937,697.2819447999937,697.2819447999937,697.2819447999937,697.2819447999937,700.270813900046,None,700.2740270000068,700.2819126000395,700.7976797000156,700.7670325000072,700.7695679000462,700.7976797000156,700.7976797000156,700.7976797000156,700.7976797000156,700.7976797000156,701.2802119000116,703.8131341999979,703.8131341999979,703.8131341999979,703.8131341999979,703.8131341999979,704.2794721000246,704.2674323000247,None,704.2704380000359,704.2794721000246,704.779248100007,704.7651393000269,700.2819126000395,700.2819126000395,700.2819126000395,,,,,,,,,,,,,,,,3,2026-08-10_16h41.09.397,TSRlearn_main-blocks,,2025.1.1,59.8767258062368,2026-08-10 16h41.13.219112 +0200,
,,,,,,,,14,14,0,,,,1,stimuli/flower/flower_17.jpg,stimuli/ball/ball_11.jpg,None,yes,no,right,right,2,1.2,0.2,,0.69,1.99,sequences/learning_block1_fixed-middle-10_0{participant_ID}.xlsx,sequences/retrieval_block1_fixed-middle-10_0{participant_ID}.xlsx,6,block1,A,2,,,,,,,,,,,,,,,,,,,,,,,,,,,,3,14,0,2,A,6,1,None,None,None,,,,,,,,,,,,,,,,,0,0,0,0,1,0,1,0,,,,,0,14,14,14,704.779248100007,,,,,,,,,,,,,,,,,,,,,,,,,,,,,,,,,,,,,,,,,,,,,,,,,,,,,,,,,,,,,,,,,,,,,,,,,,,,,,,,,,,,,,,,,,,,,,,,,,,,,,,,,,,,,,,,,,,,,,,,,,,,,,,,,,,,,,,,,,,,,,,,,,,,,,,,,,,,,,,,,,,,,,,,,,,,,,,,,,,,,,,,,,,,,,,,,,,,,,,,,,,,,,,,,,,,,,,,,,,,,,,,,,,,,,,,,,,,,,,,,,,,,,,,,,,,,,,704.7655571000068,704.779248100007,705.5184021000168,705.4650178000447,705.5046330000041,705.5184021000168,706.5290142000304,706.5141357000102,706.514179699996,706.5290142000304,706.7642788999947,706.8764488000306,706.9455180999939,707.9460214000428,707.9348613000475,707.9349320000038,707.9460214000428,708.1962496000342,708.1831360000069,708.1831730999984,708.1962496000342,710.227808399999,710.181445299997,710.2084484000225,710.227808399999,710.227808399999,710.227808399999,710.227808399999,710.227808399999,713.2145403000177,None,713.2165971000213,713.2267144999932,713.7430119000492,713.7120629000128,713.7148516000016,713.7430119000492,713.7430119000492,713.7430119000492,713.7430119000492,713.7430119000492,714.2277347000199,716.7428753999993,716.7428753999993,716.7428753999993,716.7428753999993,716.7428753999993,717.2450234999997,717.2217325000092,None,717.2242546000052,717.2450234999997,717.7584424000233,717.744001300016,713.2267144999932,713.2267144999932,713.2267144999932,,,,,,,,,,,,,,,,3,2026-08-10_16h41.09.397,TSRlearn_main-blocks,,2025.1.1,59.8767258062368,2026-08-10 16h41.13.219112 +0200,
,,,,,,,,15,15,0,,,,1,stimuli/hand/hand_16.jpg,stimuli/jacket/jacket_44.jpg,None,yes,no,left,left,4,1.2,0.2,,0.39,2.04,sequences/learning_block1_fixed-middle-10_0{participant_ID}.xlsx,sequences/retrieval_block1_fixed-middle-10_0{participant_ID}.xlsx,6,block1,A,2,,,,,,,,,,,,,,,,,,,,,,,,,,,,3,15,1,2,A,8,10,None,None,None,,,,,,,,,,,,,,,,,0,0,0,0,1,0,1,0,,,,,0,15,15,15,717.7584424000233,,,,,,,,,,,,,,,,,,,,,,,,,,,,,,,,,,,,,,,,,,,,,,,,,,,,,,,,,,,,,,,,,,,,,,,,,,,,,,,,,,,,,,,,,,,,,,,,,,,,,,,,,,,,,,,,,,,,,,,,,,,,,,,,,,,,,,,,,,,,,,,,,,,,,,,,,,,,,,,,,,,,,,,,,,,,,,,,,,,,,,,,,,,,,,,,,,,,,,,,,,,,,,,,,,,,,,,,,,,,,,,,,,,,,,,,,,,,,,,,,,,,,,,,,,,,,,,717.7444215000141,717.7584424000233,718.1946167999995,718.1447678999975,718.1803604000015,718.1946167999995,719.2087565000402,719.1971637000097,719.1972413000185,719.2087565000402,719.4436270000297,719.4976452999981,719.5180263000075,720.5242865000037,720.5101808000472,720.5102369000087,720.5242865000037,720.7742882000166,720.7600133999949,720.760047800024,720.7742882000166,722.8572721999954,722.8098854999989,722.8350171000347,722.8572721999954,722.8572721999954,722.8572721999954,722.8572721999954,722.8572721999954,725.8437980000162,None,725.8470449000015,725.8556612000102,726.3732428000076,726.343179700023,726.3472251000348,726.3732428000076,726.3732428000076,726.3732428000076,726.3732428000076,726.3732428000076,726.8554955000291,729.3729454000131,729.3729454000131,729.3729454000131,729.3729454000131,729.3729454000131,729.855063199997,729.8425533000263,None,729.8448336000438,729.855063199997,730.3544410000322,730.339941000042,,,,719.5180263000075,,,,,,,,,,,,,,,3,2026-08-10_16h41.09.397,TSRlearn_main-blocks,,2025.1.1,59.8767258062368,2026-08-10 16h41.13.219112 +0200,
,,,,,,,,16,16,0,,,,1,stimuli/chair/chair_11.jpg,stimuli/ball/ball_11.jpg,None,yes,no,right,right,5,1.2,0.2,,0.6,1.99,sequences/learning_block1_fixed-middle-10_0{participant_ID}.xlsx,sequences/retrieval_block1_fixed-middle-10_0{participant_ID}.xlsx,6,block1,A,2,,,,,,,,,,,,,,,,,,,,,,,,,,,,4,16,0,2,A,4,1,None,None,None,,,,,,,,,,,,,,,,,0,0,0,0,1,0,1,0,,,,,0,16,16,16,730.3544410000322,,,,,,,,,,,,,,,,,,,,,,,,,,,,,,,,,,,,,,,,,,,,,,,,,,,,,,,,,,,,,,,,,,,,,,,,,,,,,,,,,,,,,,,,,,,,,,,,,,,,,,,,,,,,,,,,,,,,,,,,,,,,,,,,,,,,,,,,,,,,,,,,,,,,,,,,,,,,,,,,,,,,,,,,,,,,,,,,,,,,,,,,,,,,,,,,,,,,,,,,,,,,,,,,,,,,,,,,,,,,,,,,,,,,,,,,,,,,,,,,,,,,,,,,,,,,,,,730.3403772000456,730.3544410000322,730.9740075000445,730.9400063000503,730.9562718000379,730.9740075000445,731.9873854000471,731.9734882000485,731.9735338000464,731.9873854000471,732.2230879000272,732.3203345999937,732.3852905000094,733.3870790000074,733.3723908000393,733.3724359000335,733.3870790000074,,733.6240098000271,733.6240891000489,733.6376967999968,735.6703432000359,735.6237037000246,735.6400987000088,735.6703432000359,735.6703432000359,735.6703432000359,735.6703432000359,735.6703432000359,738.6466150000342,None,738.6510991000105,738.674688500003,739.200967300043,739.1712890000199,739.1743365000002,739.200967300043,739.200967300043,739.200967300043,739.200967300043,739.200967300043,739.6845088000409,742.2013655000483,742.2013655000483,742.2013655000483,742.2013655000483,742.2013655000483,742.6843427999993,742.6722475000424,None,742.6743844000157,742.6843427999993,743.1834330999991,743.1696341000497,,,,732.3852905000094,,,,,,,,,,,,,,,3,2026-08-10_16h41.09.397,TSRlearn_main-blocks,,2025.1.1,59.8767258062368,2026-08-10 16h41.13.219112 +0200,
,,,,,,,,17,17,0,,,,1,stimuli/bread/bread_29.jpg,stimuli/flower/flower_17.jpg,None,no,yes,left,left,4,1.2,0.2,,0.74,1.77,sequences/learning_block1_fixed-middle-10_0{participant_ID}.xlsx,sequences/retrieval_block1_fixed-middle-10_0{participant_ID}.xlsx,6,block1,A,2,,,,,,,,,,,,,,,,,,,,,,,,,,,,4,17,0,2,A,3,6,None,None,None,,,,,,,,,,,,,,,,,0,0,0,0,1,0,1,0,,,,,0,17,17,17,743.1834330999991,,,,,,,,,,,,,,,,,,,,,,,,,,,,,,,,,,,,,,,,,,,,,,,,,,,,,,,,,,,,,,,,,,,,,,,,,,,,,,,,,,,,,,,,,,,,,,,,,,,,,,,,,,,,,,,,,,,,,,,,,,,,,,,,,,,,,,,,,,,,,,,,,,,,,,,,,,,,,,,,,,,,,,,,,,,,,,,,,,,,,,,,,,,,,,,,,,,,,,,,,,,,,,,,,,,,,,,,,,,,,,,,,,,,,,,,,,,,,,,,,,,,,,,,,,,,,,,743.1701531000435,743.1834330999991,743.9701178999967,743.9190436000354,743.9630219000392,743.9701178999967,744.9699456000235,744.95832970005,744.9583998000016,744.9699456000235,745.2184899999993,745.2601996000158,745.2733877000283,746.2833625000203,746.2693268000148,746.2693725000136,746.2833625000203,,746.5340781999985,746.5341315999976,746.5488582000253,748.3659728000057,748.318905000051,748.3364528000238,748.3659728000057,748.3659728000057,748.3659728000057,748.3659728000057,748.3659728000057,751.3358206000412,None,751.3387572000502,751.3478324000025,751.8647708000499,751.833633900038,751.8361612000153,751.8647708000499,751.8647708000499,751.8647708000499,751.8647708000499,751.8647708000499,752.3495310000144,754.8637926999945,754.8637926999945,754.8637926999945,754.8637926999945,754.8637926999945,755.3630143000046,755.3517925000051,None,755.3547477000393,755.3630143000046,755.8636799000087,755.8488971000188,,,,,,,,,,,,,,,,,,,3,2026-08-10_16h41.09.397,TSRlearn_main-blocks,,2025.1.1,59.8767258062368,2026-08-10 16h41.13.219112 +0200,
,,,,,,,,18,18,0,,,,1,stimuli/dog/dog_49.jpg,stimuli/jacket/jacket_44.jpg,None,no,yes,right,right,2,1.2,0.2,,0.72,1.94,sequences/learning_block1_fixed-middle-10_0{participant_ID}.xlsx,sequences/retrieval_block1_fixed-middle-10_0{participant_ID}.xlsx,6,block1,A,2,,,,,,,,,,,,,,,,,,,,,,,,,,,,4,18,1,2,A,5,10,None,None,None,,,,,,,,,,,,,,,,,0,0,0,0,1,0,1,0,,,,,0,18,18,18,755.8636799000087,,,,,,,,,,,,,,,,,,,,,,,,,,,,,,,,,,,,,,,,,,,,,,,,,,,,,,,,,,,,,,,,,,,,,,,,,,,,,,,,,,,,,,,,,,,,,,,,,,,,,,,,,,,,,,,,,,,,,,,,,,,,,,,,,,,,,,,,,,,,,,,,,,,,,,,,,,,,,,,,,,,,,,,,,,,,,,,,,,,,,,,,,,,,,,,,,,,,,,,,,,,,,,,,,,,,,,,,,,,,,,,,,,,,,,,,,,,,,,,,,,,,,,,,,,,,,,,755.8493383000023,755.8636799000087,756.6554063000367,756.5811434000498,756.6382977000321,756.6554063000367,757.6633951000404,757.6503768000402,757.650422500039,757.6633951000404,757.9004386000452,757.9539011000306,757.97159130004,758.9790733000264,758.9642543999944,758.9643012000015,758.9790733000264,,759.2154709000024,759.2155516000348,759.2294695000164,761.2123413000372,761.1642620000057,761.1928937000339,761.2123413000372,761.2123413000372,761.2123413000372,761.2123413000372,761.2123413000372,764.1979726999998,None,764.2000622000196,764.2105194000178,764.7266527000465,764.6959244000027,764.6984499000246,764.7266527000465,764.7266527000465,764.7266527000465,764.7266527000465,764.7266527000465,765.2109590000473,767.7264383000438,767.7264383000438,767.7264383000438,767.7264383000438,767.7264383000438,768.2263952000067,768.2167967000278,None,768.2206328000175,768.2263952000067,768.7264079000452,768.7130914000445,,,,757.97159130004,,,,,,,,,,,,,,,3,2026-08-10_16h41.09.397,TSRlearn_main-blocks,,2025.1.1,59.8767258062368,2026-08-10 16h41.13.219112 +0200,
,,,,,,,,19,19,0,,,,1,stimuli/house/house_35.jpg,stimuli/bicycle/bicycle_06.jpg,None,yes,no,right,right,3,1.2,0.2,,0.41,2.21,sequences/learning_block1_fixed-middle-10_0{participant_ID}.xlsx,sequences/retrieval_block1_fixed-middle-10_0{participant_ID}.xlsx,6,block1,A,2,,,,,,,,,,,,,,,,,,,,,,,,,,,,4,19,0,2,A,9,2,None,None,None,,,,,,,,,,,,,,,,,0,0,0,0,1,0,1,0,,,,,0,19,19,19,768.7264079000452,,,,,,,,,,,,,,,,,,,,,,,,,,,,,,,,,,,,,,,,,,,,,,,,,,,,,,,,,,,,,,,,,,,,,,,,,,,,,,,,,,,,,,,,,,,,,,,,,,,,,,,,,,,,,,,,,,,,,,,,,,,,,,,,,,,,,,,,,,,,,,,,,,,,,,,,,,,,,,,,,,,,,,,,,,,,,,,,,,,,,,,,,,,,,,,,,,,,,,,,,,,,,,,,,,,,,,,,,,,,,,,,,,,,,,,,,,,,,,,,,,,,,,,,,,,,,,,768.7137331000413,768.7264079000452,769.2260647000512,769.1299890000373,769.1791716000298,769.2260647000512,770.2254476000089,770.2109561000252,770.2110037000384,770.2254476000089,770.4623895999976,770.4867306000087,770.5015729000443,771.508850400045,771.4951295000501,771.4951755999937,771.508850400045,771.7589839000138,771.7445755000226,771.7446086000418,771.7589839000138,774.0075001000077,773.9599534000154,773.9768983999966,774.0075001000077,774.0075001000077,774.0075001000077,774.0075001000077,774.0075001000077,776.9778229999938,None,776.9814408000093,776.9897765000351,777.5061056000413,777.4760080000269,777.4793469000142,777.5061056000413,777.5061056000413,777.5061056000413,777.5061056000413,777.5061056000413,777.989388200047,780.5054701000336,780.5054701000336,780.5054701000336,780.5054701000336,780.5054701000336,780.9890839,780.9800585000194,None,780.983981300029,780.9890839,781.5051938000252,781.4761883000028,,,,,,,,,,,,,,,,,,,3,2026-08-10_16h41.09.397,TSRlearn_main-blocks,,2025.1.1,59.8767258062368,2026-08-10 16h41.13.219112 +0200,
stimuli/lamp/lamp_01.jpg,stimuli/key/key_01.jpg,stimuli/ball/ball_11.jpg,stimuli/hammer/hammer_16.jpg,right,center,left,right,0,0,0,,,,,,,,,,,,,,,,,,sequences/learning_block1_fixed-middle-10_0{participant_ID}.xlsx,sequences/retrieval_block1_fixed-middle-10_0{participant_ID}.xlsx,6,1.0,A,3,1,lamp,key,ball,hammer,0.75,0.31,2,lamp,1,stimuli/lamp/lamp_01.jpg,key,1,stimuli/key/key_01.jpg,pencil,1,stimuli/pencil/pencil_01.jpg,phone,1,stimuli/phone/phone_01.jpg,14,15,1,7,None,,,,,,,,,,,,,,,,,,,,,,,,,,,,,0,0,0,0,2,0,2,0,0,0,0,0,,,,,783.6872101000044,,,,,,,,,,,,,,,,,,,,,,,,,,,,,,,,,,,,,,,,,,,,,,,,,,,,,,,,,,,,,,,,,,,,,,,,,,,,,,,,,,,,,,,,,,,,,,,,,,,,,,,,,,,,,,,,,,,,,,,,,,,,,,,,,,,,,,,,,,,,,,,,,,,,,,,,,,,,,,,,,,,,,,,,,,,,,,,,,,,,,,,,,,,,,,,,,,,,,,,,,,,,,,,,,,,,782.4902698000078,782.4903223000001,782.4995236000395,782.5063010000158,782.9916407000273,783.4605721000116,783.6872101000044,783.6872101000044,783.6872101000044,783.6872101000044,783.6872101000044,783.6872101000044,783.6872101000044,0.47033029998419806,788.0920457000029,None,,,788.3165979000041,788.3932439000346,788.3932439000346,788.3932439000346,788.3932439000346,788.3932439000346,788.3932439000346,789.3752352000447,789.3872692000004,789.9068916999968,789.4069260000251,789.4069260000251,790.2424928999972,790.2424928999972,,,,,,,,,,,,,,,,,,,,,,,,,,,,,,,,,,,,,,,,,,,,,,,,,,,,,,,,,,,,,,,,,,,,,,,,,,781.4855590999941,781.4858047000016,781.4860391000402,781.5051938000252,782.5063010000158,782.4900223000441,,,,,3,2026-08-10_16h41.09.397,TSRlearn_main-blocks,,2025.1.1,59.8767258062368,2026-08-10 16h41.13.219112 +0200,
stimuli/key/key_01.jpg,stimuli/hand/hand_16.jpg,stimuli/jacket/jacket_44.jpg,stimuli/house/house_35.jpg,right,left,center,right,1,1,0,,,,,,,,,,,,,,,,,,sequences/learning_block1_fixed-middle-10_0{participant_ID}.xlsx,sequences/retrieval_block1_fixed-middle-10_0{participant_ID}.xlsx,6,1.0,A,3,2,key,hand,jacket,house,0.64,0.42,3,lamp,1,stimuli/lamp/lamp_01.jpg,key,1,stimuli/key/key_01.jpg,pencil,1,stimuli/pencil/pencil_01.jpg,phone,1,stimuli/phone/phone_01.jpg,15,8,10,9,None,,,,,,,,,,,,,,,,,,,,,,,,,,,,,0,0,0,0,2,0,2,0,0,1,1,1,,,,,790.2424928999972,,,,,,,,,,,,,,,,,,,,,,,,,,,,,,,,,,,,,,,,,,,,,,,,,,,,,,,,,,,,,,,,,,,,,,,,,,,,,,,,,,,,,,,,,,,,,,,,,,,,,,,,,,,,,,,,,,,,,,,,,,,,,,,,,,,,,,,,,,,,,,,,,,,,,,,,,,,,,,,,,,,,,,,,,,,,,,,,,,,,,,,,,,,,,,,,,,,,,,,,,,,,,,,,,,,,,,,,,790.1812275000266,790.2424928999972,790.2424928999972,790.2424928999972,790.2424928999972,790.2424928999972,790.2424928999972,790.2424928999972,0.2743289000354707,794.9222871999955,None,,,795.1054891000385,795.138852300006,795.138852300006,795.138852300006,795.138852300006,795.138852300006,795.138852300006,796.1217454000143,796.1312153000035,796.6385294000502,796.1524463000242,796.1524463000242,796.9083753000014,796.9083753000014,,,,,,,,,,,,,,,,,,,,,,,,,,,,,,,,,,,,,,,,,,,,,,,,,,,,,,,,,,,,,,,,,,,,,,,,,,,,,,,,,,,,3,2026-08-10_16h41.09.397,TSRlearn_main-blocks,,2025.1.1,59.8767258062368,2026-08-10 16h41.13.219112 +0200,
stimuli/hand/hand_16.jpg,stimuli/ball/ball_11.jpg,stimuli/bread/bread_29.jpg,stimuli/pencil/pencil_01.jpg,left,center,right,left,2,2,0,,,,,,,,,,,,,,,,,,sequences/learning_block1_fixed-middle-10_0{participant_ID}.xlsx,sequences/retrieval_block1_fixed-middle-10_0{participant_ID}.xlsx,6,1.0,A,3,3,hand,ball,bread,pencil,0.53,0.36,4,lamp,1,stimuli/lamp/lamp_01.jpg,key,1,stimuli/key/key_01.jpg,pencil,1,stimuli/pencil/pencil_01.jpg,phone,1,stimuli/phone/phone_01.jpg,8,1,3,16,None,,,,,,,,,,,,,,,,,,,,,,,,,,,,,0,0,0,0,2,0,2,0,0,2,2,2,,,,,796.9083753000014,,,,,,,,,,,,,,,,,,,,,,,,,,,,,,,,,,,,,,,,,,,,,,,,,,,,,,,,,,,,,,,,,,,,,,,,,,,,,,,,,,,,,,,,,,,,,,,,,,,,,,,,,,,,,,,,,,,,,,,,,,,,,,,,,,,,,,,,,,,,,,,,,,,,,,,,,,,,,,,,,,,,,,,,,,,,,,,,,,,,,,,,,,,,,,,,,,,,,,,,,,,,,,,,,,,,,,,,,796.8342425000155,796.9083753000014,796.9083753000014,796.9083753000014,796.9083753000014,796.9083753000014,796.9083753000014,796.9083753000014,0.19576620002044365,801.6598044999992,None,,,801.868527100014,801.9287206000299,801.9287206000299,801.9287206000299,801.9287206000299,801.9287206000299,801.9287206000299,802.9180611000047,802.9257370000123,803.434095100034,802.933913600049,802.933913600049,803.7073374000029,803.7073374000029,,,,,,,,,,,,,,,,,,,,,,,,,,,,,,,,,,,,,,,,,,,,,,,,,,,,,,,,,,,,,,,,,,,,,,,,,,,,,,,,,,,,3,2026-08-10_16h41.09.397,TSRlearn_main-blocks,,2025.1.1,59.8767258062368,2026-08-10 16h41.13.219112 +0200,
stimuli/ball/ball_11.jpg,stimuli/dog/dog_49.jpg,stimuli/hammer/hammer_16.jpg,stimuli/phone/phone_01.jpg,right,left,center,right,3,3,0,,,,,,,,,,,,,,,,,,sequences/learning_block1_fixed-middle-10_0{participant_ID}.xlsx,sequences/retrieval_block1_fixed-middle-10_0{participant_ID}.xlsx,6,1.0,A,3,4,ball,dog,hammer,phone,0.47,0.36,5,lamp,1,stimuli/lamp/lamp_01.jpg,key,1,stimuli/key/key_01.jpg,pencil,1,stimuli/pencil/pencil_01.jpg,phone,1,stimuli/phone/phone_01.jpg,1,5,7,17,None,,,,,,,,,,,,,,,,,,,,,,,,,,,,,0,0,0,0,2,0,2,0,0,3,3,3,,,,,803.7073374000029,,,,,,,,,,,,,,,,,,,,,,,,,,,,,,,,,,,,,,,,,,,,,,,,,,,,,,,,,,,,,,,,,,,,,,,,,,,,,,,,,,,,,,,,,,,,,,,,,,,,,,,,,,,,,,,,,,,,,,,,,,,,,,,,,,,,,,,,,,,,,,,,,,,,,,,,,,,,,,,,,,,,,,,,,,,,,,,,,,,,,,,,,,,,,,,,,,,,,,,,,,,,,,,,,,,,,,,,,803.636266000045,803.7073374000029,803.7073374000029,803.7073374000029,803.7073374000029,803.7073374000029,803.7073374000029,803.7073374000029,0.2022393000079319,808.4513713000342,None,,,808.6332414000062,808.6886439000373,808.6886439000373,808.6886439000373,808.6886439000373,808.6886439000373,808.6886439000373,809.6823793000076,809.6924808000331,810.1982452000375,809.6994018999976,809.6994018999976,810.4174646000029,810.4174646000029,,,,,,,,,,,,,,,,,,,,,,,,,,,,,,,,,,,,,,,,,,,,,,,,,,,,,,,,,,,,,,,,,,,,,,,,,,,,,,,,,,,,3,2026-08-10_16h41.09.397,TSRlearn_main-blocks,,2025.1.1,59.8767258062368,2026-08-10 16h41.13.219112 +0200,
stimuli/dog/dog_49.jpg,stimuli/flower/flower_17.jpg,stimuli/bicycle/bicycle_06.jpg,stimuli/pencil/pencil_01.jpg,left,center,right,left,4,4,0,,,,,,,,,,,,,,,,,,sequences/learning_block1_fixed-middle-10_0{participant_ID}.xlsx,sequences/retrieval_block1_fixed-middle-10_0{participant_ID}.xlsx,6,1.0,A,3,5,dog,flower,bicycle,pencil,0.75,0.47,6,lamp,1,stimuli/lamp/lamp_01.jpg,key,1,stimuli/key/key_01.jpg,pencil,1,stimuli/pencil/pencil_01.jpg,phone,1,stimuli/phone/phone_01.jpg,5,6,2,16,None,,,,,,,,,,,,,,,,,,,,,,,,,,,,,0,0,0,0,2,0,2,0,0,4,4,4,,,,,810.4174646000029,,,,,,,,,,,,,,,,,,,,,,,,,,,,,,,,,,,,,,,,,,,,,,,,,,,,,,,,,,,,,,,,,,,,,,,,,,,,,,,,,,,,,,,,,,,,,,,,,,,,,,,,,,,,,,,,,,,,,,,,,,,,,,,,,,,,,,,,,,,,,,,,,,,,,,,,,,,,,,,,,,,,,,,,,,,,,,,,,,,,,,,,,,,,,,,,,,,,,,,,,,,,,,,,,,,,,,,,,810.3508451000089,810.4174646000029,810.4174646000029,810.4174646000029,810.4174646000029,810.4174646000029,810.4174646000029,810.4174646000029,0.1526649000006728,815.2178639000049,None,,,815.3964621000341,815.4315484000253,815.4315484000253,815.4315484000253,815.4315484000253,815.4315484000253,815.4315484000253,816.4137475000462,816.4245905000134,816.948185300047,816.4466411000467,816.4466411000467,817.240392000007,817.240392000007,,,,,,,,,,,,,,,,,,,,,,,,,,,,,,,,,,,,,,,,,,,,,,,,,,,,,,,,,,,,,,,,,,,,,,,,,,,,,,,,,,,,3,2026-08-10_16h41.09.397,TSRlearn_main-blocks,,2025.1.1,59.8767258062368,2026-08-10 16h41.13.219112 +0200,
stimuli/flower/flower_17.jpg,stimuli/jacket/jacket_44.jpg,stimuli/lamp/lamp_01.jpg,stimuli/hand/hand_16.jpg,left,right,center,left,5,5,0,,,,,,,,,,,,,,,,,,sequences/learning_block1_fixed-middle-10_0{participant_ID}.xlsx,sequences/retrieval_block1_fixed-middle-10_0{participant_ID}.xlsx,6,1.0,A,3,6,flower,jacket,lamp,hand,0.4,0.27,7,lamp,1,stimuli/lamp/lamp_01.jpg,key,1,stimuli/key/key_01.jpg,pencil,1,stimuli/pencil/pencil_01.jpg,phone,1,stimuli/phone/phone_01.jpg,6,10,14,8,None,,,,,,,,,,,,,,,,,,,,,,,,,,,,,0,0,0,0,2,0,2,0,0,5,5,5,,,,,817.240392000007,,,,,,,,,,,,,,,,,,,,,,,,,,,,,,,,,,,,,,,,,,,,,,,,,,,,,,,,,,,,,,,,,,,,,,,,,,,,,,,,,,,,,,,,,,,,,,,,,,,,,,,,,,,,,,,,,,,,,,,,,,,,,,,,,,,,,,,,,,,,,,,,,,,,,,,,,,,,,,,,,,,,,,,,,,,,,,,,,,,,,,,,,,,,,,,,,,,,,,,,,,,,,,,,,,,,,,,,,817.1682126999949,817.240392000007,817.240392000007,817.240392000007,817.240392000007,817.240392000007,817.240392000007,817.240392000007,0.22008869994897395,821.9640503000119,None,,,822.1667863000184,822.2061999000143,822.2061999000143,822.2061999000143,822.2061999000143,822.2061999000143,822.2061999000143,823.1947178000119,823.2033221000456,823.7121115000336,823.2121144999983,823.2121144999983,823.88203540002,823.88203540002,,,,,,,,,,,,,,,,,,,,,,,,,,,,,,,,,,,,,,,,,,,,,,,,,,,,,,,,,,,,,,,,,,,,,,,,,,,,,,,,,,,,3,2026-08-10_16h41.09.397,TSRlearn_main-blocks,,2025.1.1,59.8767258062368,2026-08-10 16h41.13.219112 +0200,
stimuli/jacket/jacket_44.jpg,stimuli/bicycle/bicycle_06.jpg,stimuli/chair/chair_11.jpg,stimuli/pencil/pencil_01.jpg,right,center,left,right,6,6,0,,,,,,,,,,,,,,,,,,sequences/learning_block1_fixed-middle-10_0{participant_ID}.xlsx,sequences/retrieval_block1_fixed-middle-10_0{participant_ID}.xlsx,6,1.0,A,3,7,jacket,bicycle,chair,pencil,0.8,0.58,8,lamp,1,stimuli/lamp/lamp_01.jpg,key,1,stimuli/key/key_01.jpg,pencil,1,stimuli/pencil/pencil_01.jpg,phone,1,stimuli/phone/phone_01.jpg,10,2,4,16,None,,,,,,,,,,,,,,,,,,,,,,,,,,,,,0,0,0,0,2,0,2,0,0,6,6,6,,,,,823.88203540002,,,,,,,,,,,,,,,,,,,,,,,,,,,,,,,,,,,,,,,,,,,,,,,,,,,,,,,,,,,,,,,,,,,,,,,,,,,,,,,,,,,,,,,,,,,,,,,,,,,,,,,,,,,,,,,,,,,,,,,,,,,,,,,,,,,,,,,,,,,,,,,,,,,,,,,,,,,,,,,,,,,,,,,,,,,,,,,,,,,,,,,,,,,,,,,,,,,,,,,,,,,,,,,,,,,,,,,,,823.8311059999978,823.88203540002,823.88203540002,823.88203540002,823.88203540002,823.88203540002,823.88203540002,823.88203540002,0.11905829998431727,828.7343821999966,None,,,828.9269515000051,828.9661178000388,828.9661178000388,828.9661178000388,828.9661178000388,828.9661178000388,828.9661178000388,829.9649558000383,829.9804081000038,830.4928990000044,829.9955041000503,829.9955041000503,830.6713084999938,830.6713084999938,,,,,,,,,,,,,,,,,,,,,,,,,,,,,,,,,,,,,,,,,,,,,,,,,,,,,,,,,,,,,,,,,,,,,,,,,,,,,,,,,,,,3,2026-08-10_16h41.09.397,TSRlearn_main-blocks,,2025.1.1,59.8767258062368,2026-08-10 16h41.13.219112 +0200,
stimuli/bicycle/bicycle_06.jpg,stimuli/chair/chair_11.jpg,stimuli/bread/bread_29.jpg,stimuli/flower/flower_17.jpg,right,left,center,right,7,7,0,,,,,,,,,,,,,,,,,,sequences/learning_block1_fixed-middle-10_0{participant_ID}.xlsx,sequences/retrieval_block1_fixed-middle-10_0{participant_ID}.xlsx,6,1.0,A,3,8,bicycle,chair,bread,flower,0.8,0.2,9,lamp,1,stimuli/lamp/lamp_01.jpg,key,1,stimuli/key/key_01.jpg,pencil,1,stimuli/pencil/pencil_01.jpg,phone,1,stimuli/phone/phone_01.jpg,2,4,3,6,None,,,,,,,,,,,,,,,,,,,,,,,,,,,,,0,0,0,0,2,0,2,0,0,7,7,7,,,,,830.6713084999938,,,,,,,,,,,,,,,,,,,,,,,,,,,,,,,,,,,,,,,,,,,,,,,,,,,,,,,,,,,,,,,,,,,,,,,,,,,,,,,,,,,,,,,,,,,,,,,,,,,,,,,,,,,,,,,,,,,,,,,,,,,,,,,,,,,,,,,,,,,,,,,,,,,,,,,,,,,,,,,,,,,,,,,,,,,,,,,,,,,,,,,,,,,,,,,,,,,,,,,,,,,,,,,,,,,,,,,,,830.6225952000241,830.6713084999938,830.6713084999938,830.6713084999938,830.6713084999938,830.6713084999938,830.6713084999938,830.6713084999938,0.129782099975273,835.5082562000025,None,,,835.6031794000301,835.6329194999998,835.6329194999998,835.6329194999998,835.6329194999998,835.6329194999998,835.6329194999998,836.6256606000243,836.637786300038,837.1578890000237,836.6564207000192,836.6564207000192,837.4499488000292,837.4499488000292,,,,,,,,,,,,,,,,,,,,,,,,,,,,,,,,,,,,,,,,,,,,,,,,,,,,,,,,,,,,,,,,,,,,,,,,,,,,,,,,,,,,3,2026-08-10_16h41.09.397,TSRlearn_main-blocks,,2025.1.1,59.8767258062368,2026-08-10 16h41.13.219112 +0200,
stimuli/chair/chair_11.jpg,stimuli/bread/bread_29.jpg,stimuli/key/key_01.jpg,stimuli/jacket/jacket_44.jpg,center,right,left,center,8,8,0,,,,,,,,,,,,,,,,,,sequences/learning_block1_fixed-middle-10_0{participant_ID}.xlsx,sequences/retrieval_block1_fixed-middle-10_0{participant_ID}.xlsx,6,1.0,A,3,9,chair,bread,key,jacket,0.53,0.2,10,lamp,1,stimuli/lamp/lamp_01.jpg,key,1,stimuli/key/key_01.jpg,pencil,1,stimuli/pencil/pencil_01.jpg,phone,1,stimuli/phone/phone_01.jpg,4,3,15,10,None,,,,,,,,,,,,,,,,,,,,,,,,,,,,,0,0,0,0,2,0,2,0,0,8,8,8,,,,,837.4499488000292,,,,,,,,,,,,,,,,,,,,,,,,,,,,,,,,,,,,,,,,,,,,,,,,,,,,,,,,,,,,,,,,,,,,,,,,,,,,,,,,,,,,,,,,,,,,,,,,,,,,,,,,,,,,,,,,,,,,,,,,,,,,,,,,,,,,,,,,,,,,,,,,,,,,,,,,,,,,,,,,,,,,,,,,,,,,,,,,,,,,,,,,,,,,,,,,,,,,,,,,,,,,,,,,,,,,,,,,,837.351579500013,837.4499488000292,837.4499488000292,837.4499488000292,837.4499488000292,837.4499488000292,837.4499488000292,837.4499488000292,0.19374660000903532,842.174220600049,None,,,842.3899923000135,842.4277668000432,842.4277668000432,842.4277668000432,842.4277668000432,842.4277668000432,842.4277668000432,843.407504200004,843.4184393000323,843.9408012000495,843.4389387000119,843.4389387000119,844.2196738000493,844.2196738000493,,,,,,,,,,,,,,,,,,,,,,,,,,,,,,,,,,,,,,,,,,,,,,,,,,,,,,,,,,,,,,,,,,,,,,,,,,,,,,,,,,,,3,2026-08-10_16h41.09.397,TSRlearn_main-blocks,,2025.1.1,59.8767258062368,2026-08-10 16h41.13.219112 +0200,
stimuli/bread/bread_29.jpg,stimuli/house/house_35.jpg,stimuli/lamp/lamp_01.jpg,stimuli/dog/dog_49.jpg,center,left,right,center,9,9,0,,,,,,,,,,,,,,,,,,sequences/learning_block1_fixed-middle-10_0{participant_ID}.xlsx,sequences/retrieval_block1_fixed-middle-10_0{participant_ID}.xlsx,6,1.0,A,3,10,bread,house,lamp,dog,0.67,0.4,11,lamp,1,stimuli/lamp/lamp_01.jpg,key,1,stimuli/key/key_01.jpg,pencil,1,stimuli/pencil/pencil_01.jpg,phone,1,stimuli/phone/phone_01.jpg,3,9,14,5,None,,,,,,,,,,,,,,,,,,,,,,,,,,,,,0,0,0,0,2,0,2,0,0,9,9,9,,,,,844.2196738000493,,,,,,,,,,,,,,,,,,,,,,,,,,,,,,,,,,,,,,,,,,,,,,,,,,,,,,,,,,,,,,,,,,,,,,,,,,,,,,,,,,,,,,,,,,,,,,,,,,,,,,,,,,,,,,,,,,,,,,,,,,,,,,,,,,,,,,,,,,,,,,,,,,,,,,,,,,,,,,,,,,,,,,,,,,,,,,,,,,,,,,,,,,,,,,,,,,,,,,,,,,,,,,,,,,,,,,,,,844.163617000042,844.2196738000493,844.2196738000493,844.2196738000493,844.2196738000493,844.2196738000493,844.2196738000493,844.2196738000493,0.2228754999814555,848.9565174000454,None,,,849.1541987000383,849.1802111000288,849.1802111000288,849.1802111000288,849.1802111000288,849.1802111000288,849.1802111000288,850.1718711000285,850.1831070000189,850.7032190000173,850.2021412000176,850.2021412000176,850.8986728000455,850.8986728000455,,,,,,,,,,,,,,,,,,,,,,,,,,,,,,,,,,,,,,,,,,,,,,,,,,,,,,,,,,,,,,,,,,,,,,,,,,,,,,,,,,,,3,2026-08-10_16h41.09.397,TSRlearn_main-blocks,,2025.1.1,59.8767258062368,2026-08-10 16h41.13.219112 +0200,
stimuli/house/house_35.jpg,stimuli/hammer/hammer_16.jpg,stimuli/phone/phone_01.jpg,stimuli/jacket/jacket_44.jpg,right,left,center,right,10,10,0,,,,,,,,,,,,,,,,,,sequences/learning_block1_fixed-middle-10_0{participant_ID}.xlsx,sequences/retrieval_block1_fixed-middle-10_0{participant_ID}.xlsx,6,1.0,A,3,11,house,hammer,phone,jacket,0.75,0.33,12,lamp,1,stimuli/lamp/lamp_01.jpg,key,1,stimuli/key/key_01.jpg,pencil,1,stimuli/pencil/pencil_01.jpg,phone,1,stimuli/phone/phone_01.jpg,9,7,17,10,None,,,,,,,,,,,,,,,,,,,,,,,,,,,,,0,0,0,0,2,0,2,0,0,10,10,10,,,,,850.8986728000455,,,,,,,,,,,,,,,,,,,,,,,,,,,,,,,,,,,,,,,,,,,,,,,,,,,,,,,,,,,,,,,,,,,,,,,,,,,,,,,,,,,,,,,,,,,,,,,,,,,,,,,,,,,,,,,,,,,,,,,,,,,,,,,,,,,,,,,,,,,,,,,,,,,,,,,,,,,,,,,,,,,,,,,,,,,,,,,,,,,,,,,,,,,,,,,,,,,,,,,,,,,,,,,,,,,,,,,,,850.8464282000205,850.8986728000455,850.8986728000455,850.8986728000455,850.8986728000455,850.8986728000455,850.8986728000455,850.8986728000455,0.143237299984321,855.7203556000022,None,,,855.850348500011,855.8762311000028,855.8762311000028,855.8762311000028,855.8762311000028,855.8762311000028,855.8762311000028,856.8689201000379,856.8799010000075,857.4017224000418,856.9003669000231,856.9003669000231,857.5239354000078,857.5239354000078,,,,,,,,,,,,,,,,,,,,,,,,,,,,,,,,,,,,,,,,,,,,,,,,,,,,,,,,,,,,,,,,,,,,,,,,,,,,,,,,,,,,3,2026-08-10_16h41.09.397,TSRlearn_main-blocks,,2025.1.1,59.8767258062368,2026-08-10 16h41.13.219112 +0200,
stimuli/hammer/hammer_16.jpg,stimuli/pencil/pencil_01.jpg,stimuli/hand/hand_16.jpg,stimuli/bicycle/bicycle_06.jpg,center,right,left,center,11,11,0,,,,,,,,,,,,,,,,,,sequences/learning_block1_fixed-middle-10_0{participant_ID}.xlsx,sequences/retrieval_block1_fixed-middle-10_0{participant_ID}.xlsx,6,1.0,A,3,12,hammer,pencil,hand,bicycle,0.67,0.33,13,lamp,1,stimuli/lamp/lamp_01.jpg,key,1,stimuli/key/key_01.jpg,pencil,1,stimuli/pencil/pencil_01.jpg,phone,1,stimuli/phone/phone_01.jpg,7,16,8,2,None,,,,,,,,,,,,,,,,,,,,,,,,,,,,,0,0,0,0,2,0,2,0,0,11,11,11,,,,,857.5239354000078,,,,,,,,,,,,,,,,,,,,,,,,,,,,,,,,,,,,,,,,,,,,,,,,,,,,,,,,,,,,,,,,,,,,,,,,,,,,,,,,,,,,,,,,,,,,,,,,,,,,,,,,,,,,,,,,,,,,,,,,,,,,,,,,,,,,,,,,,,,,,,,,,,,,,,,,,,,,,,,,,,,,,,,,,,,,,,,,,,,,,,,,,,,,,,,,,,,,,,,,,,,,,,,,,,,,,,,,,857.4821533000213,857.5239354000078,857.5239354000078,857.5239354000078,857.5239354000078,857.5239354000078,857.5239354000078,857.5239354000078,0.08047710004029796,862.4199145000312,None,,,862.5288526000222,862.5608632999938,862.5608632999938,862.5608632999938,862.5608632999938,862.5608632999938,862.5608632999938,863.551007000031,863.562456500018,864.0815584000084,863.5817149000359,863.5817149000359,864.3321209000424,864.3321209000424,,,,,,,,,,,,,,,,,,,,,,,,,,,,,,,,,,,,,,,,,,,,,,,,,,,,,,,,,,,,,,,,,,,,,,,,,,,,,,,,,,,,3,2026-08-10_16h41.09.397,TSRlearn_main-blocks,,2025.1.1,59.8767258062368,2026-08-10 16h41.13.219112 +0200,
stimuli/pencil/pencil_01.jpg,stimuli/phone/phone_01.jpg,stimuli/jacket/jacket_44.jpg,stimuli/lamp/lamp_01.jpg,center,right,left,center,12,12,0,,,,,,,,,,,,,,,,,,sequences/learning_block1_fixed-middle-10_0{participant_ID}.xlsx,sequences/retrieval_block1_fixed-middle-10_0{participant_ID}.xlsx,6,1.0,A,3,13,pencil,phone,jacket,lamp,0.47,0.26,14,lamp,1,stimuli/lamp/lamp_01.jpg,key,1,stimuli/key/key_01.jpg,pencil,1,stimuli/pencil/pencil_01.jpg,phone,1,stimuli/phone/phone_01.jpg,16,17,10,14,None,,,,,,,,,,,,,,,,,,,,,,,,,,,,,0,0,0,0,2,0,2,0,0,12,12,12,,,,,864.3321209000424,,,,,,,,,,,,,,,,,,,,,,,,,,,,,,,,,,,,,,,,,,,,,,,,,,,,,,,,,,,,,,,,,,,,,,,,,,,,,,,,,,,,,,,,,,,,,,,,,,,,,,,,,,,,,,,,,,,,,,,,,,,,,,,,,,,,,,,,,,,,,,,,,,,,,,,,,,,,,,,,,,,,,,,,,,,,,,,,,,,,,,,,,,,,,,,,,,,,,,,,,,,,,,,,,,,,,,,,,864.2557985000312,864.3321209000424,864.3321209000424,864.3321209000424,864.3321209000424,864.3321209000424,864.3321209000424,864.3321209000424,0.17430379998404533,869.1013744000229,None,,,869.3290761000244,869.3834474000032,869.3834474000032,869.3834474000032,869.3834474000032,869.3834474000032,869.3834474000032,870.3654064000002,870.3746526000323,870.89796880004,870.396947900008,870.396947900008,870.910953100014,870.910953100014,,,,,,,,,,,,,,,,,,,,,,,,,,,,,,,,,,,,,,,,,,,,,,,,,,,,,,,,,,,,,,,,,,,,,,,,,,,,,,,,,,,,3,2026-08-10_16h41.09.397,TSRlearn_main-blocks,,2025.1.1,59.8767258062368,2026-08-10 16h41.13.219112 +0200,
,,,,,,,,0,0,0,,,,1,stimuli/dog/dog_49.jpg,stimuli/bread/bread_29.jpg,None,yes,no,left,left,5,1.2,0.2,,0.36,2.21,sequences/learning_block1_fixed-middle-10_0{participant_ID}.xlsx,sequences/retrieval_block1_fixed-middle-10_0{participant_ID}.xlsx,6,block1,A,3,,,,,,,,,,,,,,,,,,,,,,,,,,,,0,0,1,3,A,5,3,None,None,None,,,,,,,,,,,,,,,,,0,0,0,0,2,0,2,0,,,,,0,0,0,0,877.1083518000087,,,,,,,,,,,,,,,,,,,,,,,,,,,,,,,,,,,,,,,,,,,,,,,,,,,,,,,,,,,,,,,,,,,,,,,,,,,,,,,,,,,,,,,,,,,,,,,,,,,,,,,,,,,,,,,,,,,,,,,,,,,,,,,,,,,,,,,,,,,,,,,,,,,,,,,,,,,,,,,,,,,,,,,,,,,,,,,,,,,,,,,,,,,,,,,,,,,,,,,,,,,,,,,,,,,,,,,,,,,,,,,,,,,,,,,,,,,,,,,,,,,,870.9067100000102,870.910953100014,875.9262463000487,875.9123084000312,875.912473400007,875.9262463000487,875.9262463000487,876.9125948000001,None,876.9127093999996,876.9127602000372,877.0961388000287,877.1083518000087,877.5497765000327,877.460433900007,877.5133629000047,877.5497765000327,878.5597520000301,878.5460318000405,878.5460911000264,878.5597520000301,878.8113500000327,878.8459168000263,878.8607392000267,879.8741130999988,879.8601487000124,879.8602073000511,879.8741130999988,,880.1103379999986,880.1104050000431,880.1241459000157,882.3728345000418,882.3246920999954,882.3485379000194,882.3728345000418,882.3728345000418,882.3728345000418,882.3728345000418,882.3728345000418,885.3619941000361,None,885.3650337000145,885.3732187999994,885.922264199995,885.8747170999995,885.8780582000036,885.922264199995,885.922264199995,885.922264199995,885.922264199995,885.922264199995,886.3893529000343,888.9225027000066,888.9225027000066,888.9225027000066,888.9225027000066,888.9225027000066,889.3885500000324,889.3764132000506,None,889.378565400024,889.3885500000324,889.887925899995,889.873900400009,885.3732187999994,885.3732187999994,885.3732187999994,,,,,,,,,,,,877.1083518000087,877.1083518000087,,,3,2026-08-10_16h41.09.397,TSRlearn_main-blocks,,2025.1.1,59.8767258062368,2026-08-10 16h41.13.219112 +0200,
,,,,,,,,1,1,0,,,,1,stimuli/bicycle/bicycle_06.jpg,stimuli/ball/ball_11.jpg,None,no,yes,left,left,4,1.2,0.2,,0.46,1.87,sequences/learning_block1_fixed-middle-10_0{participant_ID}.xlsx,sequences/retrieval_block1_fixed-middle-10_0{participant_ID}.xlsx,6,block1,A,3,,,,,,,,,,,,,,,,,,,,,,,,,,,,0,1,0,3,A,2,1,None,None,None,,,,,,,,,,,,,,,,,0,0,0,0,2,0,2,0,,,,,0,1,1,1,889.887925899995,,,,,,,,,,,,,,,,,,,,,,,,,,,,,,,,,,,,,,,,,,,,,,,,,,,,,,,,,,,,,,,,,,,,,,,,,,,,,,,,,,,,,,,,,,,,,,,,,,,,,,,,,,,,,,,,,,,,,,,,,,,,,,,,,,,,,,,,,,,,,,,,,,,,,,,,,,,,,,,,,,,,,,,,,,,,,,,,,,,,,,,,,,,,,,,,,,,,,,,,,,,,,,,,,,,,,,,,,,,,,,,,,,,,,,,,,,,,,,,,,,,,,,,,,,,,,,,889.8745677000261,889.887925899995,890.3946863000165,890.3429917000467,890.3682486000471,890.3946863000165,891.4046439999947,891.3912299000076,891.3912781000254,891.4046439999947,891.6404148000292,891.7106007999973,891.7554435000056,892.7543713000487,892.7429556000279,892.7430237000226,892.7543713000487,893.0039416000363,892.9898433000199,892.9898969000205,893.0039416000363,894.9205192000372,894.8759958000155,894.8955243999953,894.9205192000372,894.9205192000372,894.9205192000372,894.9205192000372,894.9205192000372,897.9058338000323,None,897.9078880000161,897.9185339999967,898.435140400019,898.4053537000436,898.4084469000227,898.435140400019,898.435140400019,898.435140400019,898.435140400019,898.435140400019,898.9188903000322,901.4339981999947,901.4339981999947,901.4339981999947,901.4339981999947,901.4339981999947,901.9369791000499,901.9220195999951,None,901.925159400038,901.9369791000499,902.4350619000033,902.4220974000054,,,,891.7554435000056,,,,,,,,,,,,,,,3,2026-08-10_16h41.09.397,TSRlearn_main-blocks,,2025.1.1,59.8767258062368,2026-08-10 16h41.13.219112 +0200,
,,,,,,,,2,2,0,,,,1,stimuli/hand/hand_16.jpg,stimuli/flower/flower_17.jpg,None,no,yes,right,right,3,1.2,0.2,,0.42,2.21,sequences/learning_block1_fixed-middle-10_0{participant_ID}.xlsx,sequences/retrieval_block1_fixed-middle-10_0{participant_ID}.xlsx,6,block1,A,3,,,,,,,,,,,,,,,,,,,,,,,,,,,,0,2,1,3,A,8,6,None,None,None,,,,,,,,,,,,,,,,,0,0,0,0,2,0,2,0,,,,,0,2,2,2,902.4350619000033,,,,,,,,,,,,,,,,,,,,,,,,,,,,,,,,,,,,,,,,,,,,,,,,,,,,,,,,,,,,,,,,,,,,,,,,,,,,,,,,,,,,,,,,,,,,,,,,,,,,,,,,,,,,,,,,,,,,,,,,,,,,,,,,,,,,,,,,,,,,,,,,,,,,,,,,,,,,,,,,,,,,,,,,,,,,,,,,,,,,,,,,,,,,,,,,,,,,,,,,,,,,,,,,,,,,,,,,,,,,,,,,,,,,,,,,,,,,,,,,,,,,,,,,,,,,,,,902.4227319000056,902.4350619000033,902.9019696000032,902.8526316000498,902.8920860000071,902.9019696000032,903.9170428999932,903.9039313000394,903.9039789999952,903.9170428999932,904.1546763000078,904.208419200033,904.2517228000215,905.2559757000417,905.2455427999957,905.2456337000476,905.2559757000417,,905.5054911000188,905.505581800011,905.5175986000104,907.7657079000492,907.7183869000291,907.7398472000496,907.7657079000492,907.7657079000492,907.7657079000492,907.7657079000492,907.7657079000492,910.7555483000469,None,910.7593446000246,910.7645161999972,911.281350300007,911.2504665000015,911.2536095000105,911.281350300007,911.281350300007,911.281350300007,911.281350300007,911.281350300007,911.7638232000172,914.2964891000302,914.2964891000302,914.2964891000302,914.2964891000302,914.2964891000302,914.7634990999941,914.7521005000453,None,914.7561602000496,914.7634990999941,915.2629900000175,915.2493927000323,910.7645161999972,910.7645161999972,910.7645161999972,,,,,,,,,,,,,,,,3,2026-08-10_16h41.09.397,TSRlearn_main-blocks,,2025.1.1,59.8767258062368,2026-08-10 16h41.13.219112 +0200,
,,,,,,,,3,3,0,,,,1,stimuli/house/house_35.jpg,stimuli/chair/chair_11.jpg,None,no,yes,left,left,2,1.2,0.2,,0.48,2.07,sequences/learning_block1_fixed-middle-10_0{participant_ID}.xlsx,sequences/retrieval_block1_fixed-middle-10_0{participant_ID}.xlsx,6,block1,A,3,,,,,,,,,,,,,,,,,,,,,,,,,,,,0,3,0,3,A,9,4,None,None,None,,,,,,,,,,,,,,,,,0,0,0,0,2,0,2,0,,,,,0,3,3,3,915.2629900000175,,,,,,,,,,,,,,,,,,,,,,,,,,,,,,,,,,,,,,,,,,,,,,,,,,,,,,,,,,,,,,,,,,,,,,,,,,,,,,,,,,,,,,,,,,,,,,,,,,,,,,,,,,,,,,,,,,,,,,,,,,,,,,,,,,,,,,,,,,,,,,,,,,,,,,,,,,,,,,,,,,,,,,,,,,,,,,,,,,,,,,,,,,,,,,,,,,,,,,,,,,,,,,,,,,,,,,,,,,,,,,,,,,,,,,,,,,,,,,,,,,,,,,,,,,,,,,,915.2500716000213,915.2629900000175,915.7841374000418,915.7329537000041,915.7751544000348,915.7841374000418,916.7952576000243,916.7808312000125,916.7808679000009,916.7952576000243,917.0318289000425,917.0456762000103,917.0647758000414,918.0788148000138,918.0648577000247,918.0648959000246,918.0788148000138,,918.3150244000135,918.3150904000504,918.3289493000484,920.4618296000408,920.3979869000032,920.4269293000107,920.4618296000408,920.4618296000408,920.4618296000408,920.4618296000408,920.4618296000408,923.4312169000041,None,923.4333628000459,923.4437627000152,923.9608302999986,923.9286700999946,923.9310070000356,923.9608302999986,923.9608302999986,923.9608302999986,923.9608302999986,923.9608302999986,924.4433386000455,926.9646275000414,926.9646275000414,926.9646275000414,926.9646275000414,926.9646275000414,927.4471698999987,927.4363862000173,None,927.4392287000082,927.4471698999987,927.9450078000082,927.9320129000116,,,,,,,,,,,,,,,,,,,3,2026-08-10_16h41.09.397,TSRlearn_main-blocks,,2025.1.1,59.8767258062368,2026-08-10 16h41.13.219112 +0200,
,,,,,,,,4,4,0,,,,1,stimuli/bicycle/bicycle_06.jpg,stimuli/hammer/hammer_16.jpg,None,yes,no,left,left,4,1.2,0.2,,0.59,1.88,sequences/learning_block1_fixed-middle-10_0{participant_ID}.xlsx,sequences/retrieval_block1_fixed-middle-10_0{participant_ID}.xlsx,6,block1,A,3,,,,,,,,,,,,,,,,,,,,,,,,,,,,1,4,1,3,A,2,7,None,None,None,,,,,,,,,,,,,,,,,0,0,0,0,2,0,2,0,,,,,0,4,4,4,927.9450078000082,,,,,,,,,,,,,,,,,,,,,,,,,,,,,,,,,,,,,,,,,,,,,,,,,,,,,,,,,,,,,,,,,,,,,,,,,,,,,,,,,,,,,,,,,,,,,,,,,,,,,,,,,,,,,,,,,,,,,,,,,,,,,,,,,,,,,,,,,,,,,,,,,,,,,,,,,,,,,,,,,,,,,,,,,,,,,,,,,,,,,,,,,,,,,,,,,,,,,,,,,,,,,,,,,,,,,,,,,,,,,,,,,,,,,,,,,,,,,,,,,,,,,,,,,,,,,,,927.9326624000096,927.9450078000082,928.5609600000316,928.5323975000065,928.5489884000272,928.5609600000316,929.5596034000046,929.5486020999961,929.5486489000032,929.5596034000046,929.7957349000499,929.8140257000341,929.8268323999946,930.8419862000155,930.8275834000087,930.8276221000124,930.8419862000155,931.0917612000485,931.0770309999934,931.077059000032,931.0917612000485,933.006625500042,932.9604536000406,932.978422300017,933.006625500042,933.006625500042,933.006625500042,933.006625500042,933.006625500042,935.993695800018,None,935.996280500025,936.0064044000464,936.5393615000066,936.4919735000003,936.4947922000429,936.5393615000066,936.5393615000066,936.5393615000066,936.5393615000066,936.5393615000066,937.0056040000054,939.5390818000305,939.5390818000305,939.5390818000305,939.5390818000305,939.5390818000305,940.0048146000481,939.9941027000314,None,939.9969476000406,940.0048146000481,940.5050231000059,940.4907768000267,936.0064044000464,936.0064044000464,936.0064044000464,929.8268323999946,,,,,,,,,,,,,,,3,2026-08-10_16h41.09.397,TSRlearn_main-blocks,,2025.1.1,59.8767258062368,2026-08-10 16h41.13.219112 +0200,
,,,,,,,,5,5,0,,,,1,stimuli/hand/hand_16.jpg,stimuli/dog/dog_49.jpg,None,no,yes,right,right,2,1.2,0.2,,0.45,2.05,sequences/learning_block1_fixed-middle-10_0{participant_ID}.xlsx,sequences/retrieval_block1_fixed-middle-10_0{participant_ID}.xlsx,6,block1,A,3,,,,,,,,,,,,,,,,,,,,,,,,,,,,1,5,1,3,A,8,5,None,None,None,,,,,,,,,,,,,,,,,0,0,0,0,2,0,2,0,,,,,0,5,5,5,940.5050231000059,,,,,,,,,,,,,,,,,,,,,,,,,,,,,,,,,,,,,,,,,,,,,,,,,,,,,,,,,,,,,,,,,,,,,,,,,,,,,,,,,,,,,,,,,,,,,,,,,,,,,,,,,,,,,,,,,,,,,,,,,,,,,,,,,,,,,,,,,,,,,,,,,,,,,,,,,,,,,,,,,,,,,,,,,,,,,,,,,,,,,,,,,,,,,,,,,,,,,,,,,,,,,,,,,,,,,,,,,,,,,,,,,,,,,,,,,,,,,,,,,,,,,,,,,,,,,,,940.4911711000022,940.5050231000059,940.9738528000307,940.9406050000107,940.9674160000286,940.9738528000307,941.9872963000089,941.9736568999942,941.9736936000409,941.9872963000089,942.2230276000337,942.2706049000262,942.2944780000253,943.3052775000106,943.2919543000171,943.2920216000057,943.3052775000106,,943.5569827000145,943.557062100037,943.5710933000082,945.6698942999938,945.6217376000131,945.6469869000139,945.6698942999938,945.6698942999938,945.6698942999938,945.6698942999938,945.6698942999938,948.6578937000013,None,948.6599897000124,948.6693817000487,949.1856356000062,949.1545845000073,949.1571014000219,949.1856356000062,949.1856356000062,949.1856356000062,949.1856356000062,949.1856356000062,949.6686642999994,952.1846413000021,952.1846413000021,952.1846413000021,952.1846413000021,952.1846413000021,952.6684185000486,952.6572747000027,None,952.6603391999961,952.6684185000486,953.168153000006,953.1551212000195,948.6693817000487,948.6693817000487,948.6693817000487,942.2944780000253,,,,,,,,,,,,,,,3,2026-08-10_16h41.09.397,TSRlearn_main-blocks,,2025.1.1,59.8767258062368,2026-08-10 16h41.13.219112 +0200,
,,,,,,,,6,6,0,,,,1,stimuli/ball/ball_11.jpg,stimuli/jacket/jacket_44.jpg,None,yes,no,left,left,3,1.2,0.2,,0.73,1.8,sequences/learning_block1_fixed-middle-10_0{participant_ID}.xlsx,sequences/retrieval_block1_fixed-middle-10_0{participant_ID}.xlsx,6,block1,A,3,,,,,,,,,,,,,,,,,,,,,,,,,,,,1,6,1,3,A,1,10,None,None,None,,,,,,,,,,,,,,,,,0,0,0,0,2,0,2,0,,,,,0,6,6,6,953.168153000006,,,,,,,,,,,,,,,,,,,,,,,,,,,,,,,,,,,,,,,,,,,,,,,,,,,,,,,,,,,,,,,,,,,,,,,,,,,,,,,,,,,,,,,,,,,,,,,,,,,,,,,,,,,,,,,,,,,,,,,,,,,,,,,,,,,,,,,,,,,,,,,,,,,,,,,,,,,,,,,,,,,,,,,,,,,,,,,,,,,,,,,,,,,,,,,,,,,,,,,,,,,,,,,,,,,,,,,,,,,,,,,,,,,,,,,,,,,,,,,,,,,,,,,,,,,,,,,953.155704600038,953.168153000006,954.0052054999978,953.8865827000118,953.9605837000418,954.0052054999978,955.0181418000138,955.0027677000035,955.0028120000497,955.0181418000138,955.269174200017,955.3159320999985,955.337324800028,956.3501091000508,956.3357015000074,956.3357453000499,956.3501091000508,956.5999345000018,956.5857989999931,956.585841800028,956.5999345000018,958.433026600047,958.3867533000303,958.4110279000015,958.433026600047,958.433026600047,958.433026600047,958.433026600047,958.433026600047,961.4195013000281,None,961.4216517000459,961.431774800003,961.9648791000363,961.9172172000399,961.9204672000487,961.9648791000363,961.9648791000363,961.9648791000363,961.9648791000363,961.9648791000363,962.4315627000178,964.9641089000506,964.9641089000506,964.9641089000506,964.9641089000506,964.9641089000506,965.430932999996,965.4195898000035,None,965.4222276000073,965.430932999996,965.9307731000008,965.9168852000148,,,,,,,,,,,,,,,,,,,3,2026-08-10_16h41.09.397,TSRlearn_main-blocks,,2025.1.1,59.8767258062368,2026-08-10 16h41.13.219112 +0200,
,,,,,,,,7,7,0,,,,1,stimuli/house/house_35.jpg,stimuli/flower/flower_17.jpg,None,yes,no,right,right,5,1.2,0.2,,0.26,2.16,sequences/learning_block1_fixed-middle-10_0{participant_ID}.xlsx,sequences/retrieval_block1_fixed-middle-10_0{participant_ID}.xlsx,6,block1,A,3,,,,,,,,,,,,,,,,,,,,,,,,,,,,1,7,0,3,A,9,6,None,None,None,,,,,,,,,,,,,,,,,0,0,0,0,2,0,2,0,,,,,0,7,7,7,965.9307731000008,,,,,,,,,,,,,,,,,,,,,,,,,,,,,,,,,,,,,,,,,,,,,,,,,,,,,,,,,,,,,,,,,,,,,,,,,,,,,,,,,,,,,,,,,,,,,,,,,,,,,,,,,,,,,,,,,,,,,,,,,,,,,,,,,,,,,,,,,,,,,,,,,,,,,,,,,,,,,,,,,,,,,,,,,,,,,,,,,,,,,,,,,,,,,,,,,,,,,,,,,,,,,,,,,,,,,,,,,,,,,,,,,,,,,,,,,,,,,,,,,,,,,,,,,,,,,,,965.9173360000132,965.9307731000008,966.2344683000119,966.1822506000171,966.2125034000492,966.2344683000119,967.2467242000275,967.2327622000012,967.2328077999991,967.2467242000275,967.482104499999,967.5138302000123,967.5355154999997,968.5462403999991,968.5315995000419,968.5316446000361,968.5462403999991,,968.7821094000246,968.7821883000433,968.7959683000227,970.9786523000221,970.9473771000048,970.9612404000363,970.9786523000221,970.9786523000221,970.9786523000221,970.9786523000221,970.9786523000221,973.9654810000211,None,973.9685029000393,973.9777744000312,974.4945334000513,974.4632707000128,974.4663193000015,974.4945334000513,974.4945334000513,974.4945334000513,974.4945334000513,974.4945334000513,974.9773223000229,977.51160170004,977.51160170004,977.51160170004,977.51160170004,977.51160170004,977.9774653000059,977.9687180000474,None,977.9728771999944,977.9774653000059,978.4932655000011,978.4787976000225,973.9777744000312,973.9777744000312,973.9777744000312,967.5355154999997,,,,,,,,,,,,,,,3,2026-08-10_16h41.09.397,TSRlearn_main-blocks,,2025.1.1,59.8767258062368,2026-08-10 16h41.13.219112 +0200,
,,,,,,,,8,8,0,,,,1,stimuli/dog/dog_49.jpg,stimuli/chair/chair_11.jpg,None,no,yes,right,right,4,1.2,0.2,,0.27,2.05,sequences/learning_block1_fixed-middle-10_0{participant_ID}.xlsx,sequences/retrieval_block1_fixed-middle-10_0{participant_ID}.xlsx,6,block1,A,3,,,,,,,,,,,,,,,,,,,,,,,,,,,,2,8,1,3,A,5,4,None,None,None,,,,,,,,,,,,,,,,,0,0,0,0,2,0,2,0,,,,,0,8,8,8,978.4932655000011,,,,,,,,,,,,,,,,,,,,,,,,,,,,,,,,,,,,,,,,,,,,,,,,,,,,,,,,,,,,,,,,,,,,,,,,,,,,,,,,,,,,,,,,,,,,,,,,,,,,,,,,,,,,,,,,,,,,,,,,,,,,,,,,,,,,,,,,,,,,,,,,,,,,,,,,,,,,,,,,,,,,,,,,,,,,,,,,,,,,,,,,,,,,,,,,,,,,,,,,,,,,,,,,,,,,,,,,,,,,,,,,,,,,,,,,,,,,,,,,,,,,,,,,,,,,,,,978.4793479000218,978.4932655000011,978.8338909000158,978.7621717000147,978.8106872000499,978.8338909000158,979.8431464000023,979.829868300003,979.8299205000512,979.8431464000023,980.0786043000408,980.0939645000035,980.1117152000079,981.1257456000312,981.1114100000123,981.1114699000027,981.1257456000312,,981.3618558000308,981.3619359000004,981.3760630000033,983.457917199994,983.410705300048,983.428112900001,983.457917199994,983.457917199994,983.457917199994,983.457917199994,983.457917199994,986.4282599000144,None,986.4303890000447,986.4408484000014,986.9568028000067,986.926050900016,986.9285436000209,986.9568028000067,986.9568028000067,986.9568028000067,986.9568028000067,986.9568028000067,987.4409240999958,989.9566222000285,989.9566222000285,989.9566222000285,989.9566222000285,989.9566222000285,990.4398495000205,990.4276457999949,None,990.4297532000346,990.4398495000205,990.9394304000307,990.9246511000092,,,,980.1117152000079,,,,,,,,,,,,,,,3,2026-08-10_16h41.09.397,TSRlearn_main-blocks,,2025.1.1,59.8767258062368,2026-08-10 16h41.13.219112 +0200,
,,,,,,,,9,9,0,,,,1,stimuli/house/house_35.jpg,stimuli/bicycle/bicycle_06.jpg,None,no,yes,left,left,3,1.2,0.2,,0.47,2.08,sequences/learning_block1_fixed-middle-10_0{participant_ID}.xlsx,sequences/retrieval_block1_fixed-middle-10_0{participant_ID}.xlsx,6,block1,A,3,,,,,,,,,,,,,,,,,,,,,,,,,,,,2,9,0,3,A,9,2,None,None,None,,,,,,,,,,,,,,,,,0,0,0,0,2,0,2,0,,,,,0,9,9,9,990.9394304000307,,,,,,,,,,,,,,,,,,,,,,,,,,,,,,,,,,,,,,,,,,,,,,,,,,,,,,,,,,,,,,,,,,,,,,,,,,,,,,,,,,,,,,,,,,,,,,,,,,,,,,,,,,,,,,,,,,,,,,,,,,,,,,,,,,,,,,,,,,,,,,,,,,,,,,,,,,,,,,,,,,,,,,,,,,,,,,,,,,,,,,,,,,,,,,,,,,,,,,,,,,,,,,,,,,,,,,,,,,,,,,,,,,,,,,,,,,,,,,,,,,,,,,,,,,,,,,,990.9250775999972,990.9394304000307,991.4612090000301,991.4078738000244,991.4406562000513,991.4612090000301,992.4728482000064,992.4584672000492,992.4585140999989,992.4728482000064,992.7242469000048,992.7409741000156,992.7578649000498,993.7714082000311,993.7573187000235,993.757364900026,993.7714082000311,994.0215031999978,994.0073647000245,994.0073971000384,994.0215031999978,996.1376146000111,996.0900937000406,996.1057463000179,996.1376146000111,996.1376146000111,996.1376146000111,996.1376146000111,996.1376146000111,999.1098586000153,None,999.1128710000194,999.1206862000399,999.6530074000475,999.6050308000413,999.6075296000345,999.6530074000475,999.6530074000475,999.6530074000475,999.6530074000475,999.6530074000475,1000.1198434000253,1002.6539760000305,1002.6539760000305,1002.6539760000305,1002.6539760000305,1002.6539760000305,1003.1190364000504,1003.1067703000153,None,1003.1088600000367,1003.1190364000504,1003.6184374000295,1003.6044894999941,,,,,,,,,,,,,,,,,,,3,2026-08-10_16h41.09.397,TSRlearn_main-blocks,,2025.1.1,59.8767258062368,2026-08-10 16h41.13.219112 +0200,
,,,,,,,,10,10,0,,,,1,stimuli/hammer/hammer_16.jpg,stimuli/jacket/jacket_44.jpg,None,yes,no,right,right,5,1.2,0.2,,0.35,2.19,sequences/learning_block1_fixed-middle-10_0{participant_ID}.xlsx,sequences/retrieval_block1_fixed-middle-10_0{participant_ID}.xlsx,6,block1,A,3,,,,,,,,,,,,,,,,,,,,,,,,,,,,2,10,0,3,A,7,10,None,None,None,,,,,,,,,,,,,,,,,0,0,0,0,2,0,2,0,,,,,0,10,10,10,1003.6184374000295,,,,,,,,,,,,,,,,,,,,,,,,,,,,,,,,,,,,,,,,,,,,,,,,,,,,,,,,,,,,,,,,,,,,,,,,,,,,,,,,,,,,,,,,,,,,,,,,,,,,,,,,,,,,,,,,,,,,,,,,,,,,,,,,,,,,,,,,,,,,,,,,,,,,,,,,,,,,,,,,,,,,,,,,,,,,,,,,,,,,,,,,,,,,,,,,,,,,,,,,,,,,,,,,,,,,,,,,,,,,,,,,,,,,,,,,,,,,,,,,,,,,,,,,,,,,,,,1003.6049144000281,1003.6184374000295,1003.9882049000007,1003.9545559000107,1003.9734485000372,1003.9882049000007,1005.0017538000247,1004.9874751000316,1004.9875192000181,1005.0017538000247,1005.236847000022,1005.2875481999945,1005.3093166000326,1006.3185158999986,1006.3049945000093,1006.3050623000017,1006.3185158999986,1006.5681976000196,1006.5544978000107,1006.5545307000284,1006.5681976000196,1008.8001555000083,1008.7535457000486,1008.780085800041,1008.8001555000083,1008.8001555000083,1008.8001555000083,1008.8001555000083,1008.8001555000083,1011.7878416000167,None,1011.7907962000463,1011.7993089000229,1012.3333023000159,1012.2880340000265,1012.2923411999946,1012.3333023000159,1012.3333023000159,1012.3333023000159,1012.3333023000159,1012.3333023000159,1012.7997603000258,1015.3320310999989,1015.3320310999989,1015.3320310999989,1015.3320310999989,1015.3320310999989,1015.7990541000036,1015.78893780004,None,1015.7917902000481,1015.7990541000036,1016.298663900001,1016.2856019000174,1011.7993089000229,1011.7993089000229,1011.7993089000229,1005.3093166000326,,,,,,,,,,,,,,,3,2026-08-10_16h41.09.397,TSRlearn_main-blocks,,2025.1.1,59.8767258062368,2026-08-10 16h41.13.219112 +0200,
,,,,,,,,11,11,0,,,,1,stimuli/flower/flower_17.jpg,stimuli/ball/ball_11.jpg,None,no,yes,left,left,2,1.2,0.2,,0.67,1.87,sequences/learning_block1_fixed-middle-10_0{participant_ID}.xlsx,sequences/retrieval_block1_fixed-middle-10_0{participant_ID}.xlsx,6,block1,A,3,,,,,,,,,,,,,,,,,,,,,,,,,,,,2,11,0,3,A,6,1,None,None,None,,,,,,,,,,,,,,,,,0,0,0,0,2,0,2,0,,,,,0,11,11,11,1016.298663900001,,,,,,,,,,,,,,,,,,,,,,,,,,,,,,,,,,,,,,,,,,,,,,,,,,,,,,,,,,,,,,,,,,,,,,,,,,,,,,,,,,,,,,,,,,,,,,,,,,,,,,,,,,,,,,,,,,,,,,,,,,,,,,,,,,,,,,,,,,,,,,,,,,,,,,,,,,,,,,,,,,,,,,,,,,,,,,,,,,,,,,,,,,,,,,,,,,,,,,,,,,,,,,,,,,,,,,,,,,,,,,,,,,,,,,,,,,,,,,,,,,,,,,,,,,,,,,,1016.286302499997,1016.298663900001,1017.0173366999952,1016.9664394000429,1016.9973802000168,1017.0173366999952,1018.0304818000295,1018.0162616000162,1018.0163243000279,1018.0304818000295,1018.2676425999962,1018.3408630000195,1018.3830791999935,1019.3967916000402,1019.3821836000425,1019.3822291000397,1019.3967916000402,,1019.6324653000338,1019.6325226000044,1019.6466096999939,1021.5626846000087,1021.5151501999935,1021.53888560005,1021.5626846000087,1021.5626846000087,1021.5626846000087,1021.5626846000087,1021.5626846000087,1024.5509740000125,None,1024.553081399994,1024.5627663000487,1025.0953066000366,1025.0641726000467,1025.0665823000018,1025.0953066000366,1025.0953066000366,1025.0953066000366,1025.0953066000366,1025.0953066000366,1025.5781805000152,1028.0953570000129,1028.0953570000129,1028.0953570000129,1028.0953570000129,1028.0953570000129,1028.5778569999966,1028.566201700014,None,1028.5683070000377,1028.5778569999966,1029.0784528000513,1029.0647066000383,1024.5627663000487,1024.5627663000487,1024.5627663000487,,,,,,,,,,,,,,,,3,2026-08-10_16h41.09.397,TSRlearn_main-blocks,,2025.1.1,59.8767258062368,2026-08-10 16h41.13.219112 +0200,
,,,,,,,,12,12,0,,,,1,stimuli/hand/hand_16.jpg,stimuli/jacket/jacket_44.jpg,None,no,yes,right,right,4,1.2,0.2,,0.73,1.85,sequences/learning_block1_fixed-middle-10_0{participant_ID}.xlsx,sequences/retrieval_block1_fixed-middle-10_0{participant_ID}.xlsx,6,block1,A,3,,,,,,,,,,,,,,,,,,,,,,,,,,,,3,12,1,3,A,8,10,None,None,None,,,,,,,,,,,,,,,,,0,0,0,0,2,0,2,0,,,,,0,12,12,12,1029.0784528000513,,,,,,,,,,,,,,,,,,,,,,,,,,,,,,,,,,,,,,,,,,,,,,,,,,,,,,,,,,,,,,,,,,,,,,,,,,,,,,,,,,,,,,,,,,,,,,,,,,,,,,,,,,,,,,,,,,,,,,,,,,,,,,,,,,,,,,,,,,,,,,,,,,,,,,,,,,,,,,,,,,,,,,,,,,,,,,,,,,,,,,,,,,,,,,,,,,,,,,,,,,,,,,,,,,,,,,,,,,,,,,,,,,,,,,,,,,,,,,,,,,,,,,,,,,,,,,,1029.0651707000216,1029.0784528000513,1029.8468952000258,1029.7964522000402,1029.8291256999946,1029.8468952000258,1030.859911800013,1030.8452331000008,1030.8452767000417,1030.859911800013,1031.0961363000097,1031.1442133000237,1031.1853565000347,1032.1927406000323,1032.178478500049,1032.1785231000395,1032.1927406000323,,1032.4287588000298,1032.4288168000057,1032.44293140003,1034.3252839000197,1034.277684700035,1034.2925667000236,1034.3252839000197,1034.3252839000197,1034.3252839000197,1034.3252839000197,1034.3252839000197,1037.295462900016,None,1037.2978343000286,1037.30875190004,1037.8577820000355,1037.8102512000478,1037.8136446000426,1037.8577820000355,1037.8577820000355,1037.8577820000355,1037.8577820000355,1037.8577820000355,1038.3243161000428,1040.8575631999993,1040.8575631999993,1040.8575631999993,1040.8575631999993,1040.8575631999993,1041.3233995000483,1041.312956800044,None,1041.3160569000174,1041.3233995000483,1041.8231121000135,1041.8084477999946,,,,,,,,,,,,,,,,,,,3,2026-08-10_16h41.09.397,TSRlearn_main-blocks,,2025.1.1,59.8767258062368,2026-08-10 16h41.13.219112 +0200,
,,,,,,,,13,13,0,,,,1,stimuli/chair/chair_11.jpg,stimuli/ball/ball_11.jpg,None,yes,no,right,right,5,1.2,0.2,,0.41,1.96,sequences/learning_block1_fixed-middle-10_0{participant_ID}.xlsx,sequences/retrieval_block1_fixed-middle-10_0{participant_ID}.xlsx,6,block1,A,3,,,,,,,,,,,,,,,,,,,,,,,,,,,,3,13,0,3,A,4,1,None,None,None,,,,,,,,,,,,,,,,,0,0,0,0,2,0,2,0,,,,,0,13,13,13,1041.8231121000135,,,,,,,,,,,,,,,,,,,,,,,,,,,,,,,,,,,,,,,,,,,,,,,,,,,,,,,,,,,,,,,,,,,,,,,,,,,,,,,,,,,,,,,,,,,,,,,,,,,,,,,,,,,,,,,,,,,,,,,,,,,,,,,,,,,,,,,,,,,,,,,,,,,,,,,,,,,,,,,,,,,,,,,,,,,,,,,,,,,,,,,,,,,,,,,,,,,,,,,,,,,,,,,,,,,,,,,,,,,,,,,,,,,,,,,,,,,,,,,,,,,,,,,,,,,,,,,1041.8088705000118,1041.8231121000135,1042.259594800009,1042.2270465000183,1042.2462709000101,1042.259594800009,1043.273094300006,1043.2581969000166,1043.2582406000001,1043.273094300006,1043.508149100002,1043.5778596000164,1043.6270350000123,1044.6399057999952,1044.6255602000165,1044.6256189999986,1044.6399057999952,,1044.8760074000456,1044.8760894000297,1044.8893897000235,1046.8881637000013,1046.8405517000356,1046.8548749000183,1046.8881637000013,1046.8881637000013,1046.8881637000013,1046.8881637000013,1046.8881637000013,1049.8575949000078,None,1049.8596746000112,1049.8707805000013,1050.40393640002,1050.3559611000237,1050.358935300028,1050.40393640002,1050.40393640002,1050.40393640002,1050.40393640002,1050.40393640002,1050.8706387000275,1053.4201758000418,1053.4201758000418,1053.4201758000418,1053.4201758000418,1053.4201758000418,1053.8860393000068,1053.8729232000187,None,1053.8750373999937,1053.8860393000068,1054.3873899000464,1054.372431099997,,,,1043.6270350000123,,,,,,,,,,,,,,,3,2026-08-10_16h41.09.397,TSRlearn_main-blocks,,2025.1.1,59.8767258062368,2026-08-10 16h41.13.219112 +0200,
,,,,,,,,14,14,0,,,,1,stimuli/bread/bread_29.jpg,stimuli/hammer/hammer_16.jpg,None,yes,no,left,left,2,1.2,0.2,,0.48,2.08,sequences/learning_block1_fixed-middle-10_0{participant_ID}.xlsx,sequences/retrieval_block1_fixed-middle-10_0{participant_ID}.xlsx,6,block1,A,3,,,,,,,,,,,,,,,,,,,,,,,,,,,,3,14,1,3,A,3,7,None,None,None,,,,,,,,,,,,,,,,,0,0,0,0,2,0,2,0,,,,,0,14,14,14,1054.3873899000464,,,,,,,,,,,,,,,,,,,,,,,,,,,,,,,,,,,,,,,,,,,,,,,,,,,,,,,,,,,,,,,,,,,,,,,,,,,,,,,,,,,,,,,,,,,,,,,,,,,,,,,,,,,,,,,,,,,,,,,,,,,,,,,,,,,,,,,,,,,,,,,,,,,,,,,,,,,,,,,,,,,,,,,,,,,,,,,,,,,,,,,,,,,,,,,,,,,,,,,,,,,,,,,,,,,,,,,,,,,,,,,,,,,,,,,,,,,,,,,,,,,,,,,,,,,,,,,1054.3728590999963,1054.3873899000464,1054.9050107000512,1054.8544913000078,1054.8901549000293,1054.9050107000512,1055.918550500006,1055.9042192000197,1055.90426380001,1055.918550500006,1056.1545210000477,1056.1696893000044,1056.192284400051,1057.2020799000165,1057.188778300013,1057.1888371999958,1057.2020799000165,1057.4514169000322,1057.4373907000409,1057.4374427000294,1057.4514169000322,1059.567564100027,1059.5214474000386,1059.5415493000182,1059.567564100027,1059.567564100027,1059.567564100027,1059.567564100027,1059.567564100027,1062.553828800039,None,1062.5558945999946,1062.5669084000401,1063.0832179000136,1063.0518091000267,1063.054793300049,1063.0832179000136,1063.0832179000136,1063.0832179000136,1063.0832179000136,1063.0832179000136,1063.567482100043,1066.082355200022,1066.082355200022,1066.082355200022,1066.082355200022,1066.082355200022,1066.5836974999984,1066.5696155000478,None,1066.5717285000137,1066.5836974999984,1067.0995980000007,1067.0847351000411,1062.5669084000401,1062.5669084000401,1062.5669084000401,,,,,,,,,,,,,,,,3,2026-08-10_16h41.09.397,TSRlearn_main-blocks,,2025.1.1,59.8767258062368,2026-08-10 16h41.13.219112 +0200,
,,,,,,,,15,15,0,,,,1,stimuli/bicycle/bicycle_06.jpg,stimuli/dog/dog_49.jpg,None,yes,no,right,right,3,1.2,0.2,,0.4,2.05,sequences/learning_block1_fixed-middle-10_0{participant_ID}.xlsx,sequences/retrieval_block1_fixed-middle-10_0{participant_ID}.xlsx,6,block1,A,3,,,,,,,,,,,,,,,,,,,,,,,,,,,,3,15,0,3,A,2,5,None,None,None,,,,,,,,,,,,,,,,,0,0,0,0,2,0,2,0,,,,,0,15,15,15,1067.0995980000007,,,,,,,,,,,,,,,,,,,,,,,,,,,,,,,,,,,,,,,,,,,,,,,,,,,,,,,,,,,,,,,,,,,,,,,,,,,,,,,,,,,,,,,,,,,,,,,,,,,,,,,,,,,,,,,,,,,,,,,,,,,,,,,,,,,,,,,,,,,,,,,,,,,,,,,,,,,,,,,,,,,,,,,,,,,,,,,,,,,,,,,,,,,,,,,,,,,,,,,,,,,,,,,,,,,,,,,,,,,,,,,,,,,,,,,,,,,,,,,,,,,,,,,,,,,,,,,1067.085155000037,1067.0995980000007,1067.518005800026,1067.485432800022,1067.503010000044,1067.518005800026,1068.5317916000495,1068.516717599996,1068.5167532000341,1068.5317916000495,1068.7668192000128,1068.8125269000302,1068.8370296000503,1069.8487210000167,1069.8339331000461,1069.8339786000433,1069.8487210000167,1070.0974736000062,1070.0834802000318,1070.0835133999935,1070.0974736000062,1072.180379300029,1072.1342610000283,1072.1501368000172,1072.180379300029,1072.180379300029,1072.180379300029,1072.180379300029,1072.180379300029,1075.1503979000263,None,1075.1525106000481,1075.1628379000467,1075.679486100038,1075.64885160001,1075.652100700012,1075.679486100038,1075.679486100038,1075.679486100038,1075.679486100038,1075.679486100038,1076.1629478000104,1078.694791200047,1078.694791200047,1078.694791200047,1078.694791200047,1078.694791200047,1079.1619022000232,1079.1515027999994,None,1079.154282500036,1079.1619022000232,1079.6610304000205,1079.6469594000373,,,,,,,,,,,,,,,,,,,3,2026-08-10_16h41.09.397,TSRlearn_main-blocks,,2025.1.1,59.8767258062368,2026-08-10 16h41.13.219112 +0200,
,,,,,,,,16,16,0,,,,1,stimuli/bread/bread_29.jpg,stimuli/flower/flower_17.jpg,None,no,yes,left,left,4,1.2,0.2,,0.61,1.82,sequences/learning_block1_fixed-middle-10_0{participant_ID}.xlsx,sequences/retrieval_block1_fixed-middle-10_0{participant_ID}.xlsx,6,block1,A,3,,,,,,,,,,,,,,,,,,,,,,,,,,,,4,16,0,3,A,3,6,None,None,None,,,,,,,,,,,,,,,,,0,0,0,0,2,0,2,0,,,,,0,16,16,16,1079.6610304000205,,,,,,,,,,,,,,,,,,,,,,,,,,,,,,,,,,,,,,,,,,,,,,,,,,,,,,,,,,,,,,,,,,,,,,,,,,,,,,,,,,,,,,,,,,,,,,,,,,,,,,,,,,,,,,,,,,,,,,,,,,,,,,,,,,,,,,,,,,,,,,,,,,,,,,,,,,,,,,,,,,,,,,,,,,,,,,,,,,,,,,,,,,,,,,,,,,,,,,,,,,,,,,,,,,,,,,,,,,,,,,,,,,,,,,,,,,,,,,,,,,,,,,,,,,,,,,,1079.647383100004,1079.6610304000205,1080.3140421000426,1080.264544100035,1080.302701800014,1080.3140421000426,1081.3271969000343,1081.3132255999953,1081.3132699000416,1081.3271969000343,1081.564883700048,1081.5986337000504,1081.6161253000028,1082.6282427000115,1082.6139514000388,1082.614008500008,1082.6282427000115,1082.8777834000066,1082.8640212000464,1082.864064000023,1082.8777834000066,1084.7429160000174,1084.6959642000147,1084.7249023000477,1084.7429160000174,1084.7429160000174,1084.7429160000174,1084.7429160000174,1084.7429160000174,1087.7305609000032,None,1087.732665700023,1087.7426933000097,1088.2582721000072,1088.2276068000356,1088.2301157000475,1088.2582721000072,1088.2582721000072,1088.2582721000072,1088.2582721000072,1088.2582721000072,1088.7415755999973,1091.2585199000314,1091.2585199000314,1091.2585199000314,1091.2585199000314,1091.2585199000314,1091.7409530000295,1091.7297811000026,None,1091.7328480000142,1091.7409530000295,1092.240946600039,1092.2268532000016,1087.7426933000097,1087.7426933000097,1087.7426933000097,,,,,,,,,,,,,,,,3,2026-08-10_16h41.09.397,TSRlearn_main-blocks,,2025.1.1,59.8767258062368,2026-08-10 16h41.13.219112 +0200,
,,,,,,,,17,17,0,,,,1,stimuli/jacket/jacket_44.jpg,stimuli/dog/dog_49.jpg,None,yes,no,right,right,2,1.2,0.2,,0.59,1.77,sequences/learning_block1_fixed-middle-10_0{participant_ID}.xlsx,sequences/retrieval_block1_fixed-middle-10_0{participant_ID}.xlsx,6,block1,A,3,,,,,,,,,,,,,,,,,,,,,,,,,,,,4,17,0,3,A,10,5,None,None,None,,,,,,,,,,,,,,,,,0,0,0,0,2,0,2,0,,,,,0,17,17,17,1092.240946600039,,,,,,,,,,,,,,,,,,,,,,,,,,,,,,,,,,,,,,,,,,,,,,,,,,,,,,,,,,,,,,,,,,,,,,,,,,,,,,,,,,,,,,,,,,,,,,,,,,,,,,,,,,,,,,,,,,,,,,,,,,,,,,,,,,,,,,,,,,,,,,,,,,,,,,,,,,,,,,,,,,,,,,,,,,,,,,,,,,,,,,,,,,,,,,,,,,,,,,,,,,,,,,,,,,,,,,,,,,,,,,,,,,,,,,,,,,,,,,,,,,,,,,,,,,,,,,,1092.2272769000265,1092.240946600039,1092.8981153000495,1092.8279358000145,1092.8774838999962,1092.8981153000495,1093.9068367000436,1093.8923495000345,1093.8923959000385,1093.9068367000436,1094.1422864000197,1094.1945242999936,1094.214722100005,1095.2249227000284,1095.2099826000049,1095.2100640000426,1095.2249227000284,,1095.4750131000183,1095.4750797000015,1095.4893725000438,1097.3059775000438,1097.2591268999968,1097.2823715000413,1097.3059775000438,1097.3059775000438,1097.3059775000438,1097.3059775000438,1097.3059775000438,1100.2961668000207,None,1100.2994395000278,1100.3056051000021,1100.8386980000068,1100.7928389000008,1100.795404100034,1100.8386980000068,1100.8386980000068,1100.8386980000068,1100.8386980000068,1100.8386980000068,1101.3055087000248,1103.8542854000116,1103.8542854000116,1103.8542854000116,1103.8542854000116,1103.8542854000116,1104.3201663999935,1104.306892100023,None,1104.3091180000338,1104.3201663999935,1104.8199011000106,1104.8060710999998,1100.3056051000021,1100.3056051000021,1100.3056051000021,1094.214722100005,,,,,,,,,,,,,,,3,2026-08-10_16h41.09.397,TSRlearn_main-blocks,,2025.1.1,59.8767258062368,2026-08-10 16h41.13.219112 +0200,
,,,,,,,,18,18,0,,,,1,stimuli/chair/chair_11.jpg,stimuli/hammer/hammer_16.jpg,None,no,yes,right,right,3,1.2,0.2,,0.71,1.89,sequences/learning_block1_fixed-middle-10_0{participant_ID}.xlsx,sequences/retrieval_block1_fixed-middle-10_0{participant_ID}.xlsx,6,block1,A,3,,,,,,,,,,,,,,,,,,,,,,,,,,,,4,18,1,3,A,4,7,None,None,None,,,,,,,,,,,,,,,,,0,0,0,0,2,0,2,0,,,,,0,18,18,18,1104.8199011000106,,,,,,,,,,,,,,,,,,,,,,,,,,,,,,,,,,,,,,,,,,,,,,,,,,,,,,,,,,,,,,,,,,,,,,,,,,,,,,,,,,,,,,,,,,,,,,,,,,,,,,,,,,,,,,,,,,,,,,,,,,,,,,,,,,,,,,,,,,,,,,,,,,,,,,,,,,,,,,,,,,,,,,,,,,,,,,,,,,,,,,,,,,,,,,,,,,,,,,,,,,,,,,,,,,,,,,,,,,,,,,,,,,,,,,,,,,,,,,,,,,,,,,,,,,,,,,,1104.8067397000268,1104.8199011000106,1105.5587972000358,1105.5229397000512,1105.5405387000064,1105.5587972000358,1106.570154200017,1106.5557323000394,1106.5557773000328,1106.570154200017,1106.8068740000017,1106.8253807,1106.842637600028,1107.8530051000416,1107.8388050000067,1107.8388539000298,1107.8530051000416,1108.1025056000217,1108.0882050000364,1108.0882383999997,1108.1025056000217,1110.03552080004,1109.988295200048,1110.0127748000086,1110.03552080004,1110.03552080004,1110.03552080004,1110.03552080004,1110.03552080004,1113.0214949999936,None,1113.0235892000492,1113.034237200045,1113.5508829000173,1113.5197219999973,1113.5225842000218,1113.5508829000173,1113.5508829000173,1113.5508829000173,1113.5508829000173,1113.5508829000173,1114.0338464000379,1116.5661852000048,1116.5661852000048,1116.5661852000048,1116.5661852000048,1116.5661852000048,1117.033700400032,1117.0228884000098,None,1117.0260568000376,1117.033700400032,1117.5327833000338,1117.5189416000503,,,,,,,,,,,,,,,,,,,3,2026-08-10_16h41.09.397,TSRlearn_main-blocks,,2025.1.1,59.8767258062368,2026-08-10 16h41.13.219112 +0200,
,,,,,,,,19,19,0,,,,1,stimuli/hand/hand_16.jpg,stimuli/bicycle/bicycle_06.jpg,None,yes,no,left,left,5,1.2,0.2,,0.52,1.78,sequences/learning_block1_fixed-middle-10_0{participant_ID}.xlsx,sequences/retrieval_block1_fixed-middle-10_0{participant_ID}.xlsx,6,block1,A,3,,,,,,,,,,,,,,,,,,,,,,,,,,,,4,19,1,3,A,8,2,None,None,None,,,,,,,,,,,,,,,,,0,0,0,0,2,0,2,0,,,,,0,19,19,19,1117.5327833000338,,,,,,,,,,,,,,,,,,,,,,,,,,,,,,,,,,,,,,,,,,,,,,,,,,,,,,,,,,,,,,,,,,,,,,,,,,,,,,,,,,,,,,,,,,,,,,,,,,,,,,,,,,,,,,,,,,,,,,,,,,,,,,,,,,,,,,,,,,,,,,,,,,,,,,,,,,,,,,,,,,,,,,,,,,,,,,,,,,,,,,,,,,,,,,,,,,,,,,,,,,,,,,,,,,,,,,,,,,,,,,,,,,,,,,,,,,,,,,,,,,,,,,,,,,,,,,,1117.5193253000034,1117.5327833000338,1118.102449900005,1118.0530554000288,1118.0904336000094,1118.102449900005,1119.115661400021,1119.1011035999982,1119.1011499000015,1119.115661400021,1119.351065099996,1119.3691145000048,1119.3848002000013,1120.3986553000286,1120.3847023000126,1120.3847509000334,1120.3986553000286,1120.6482611999963,1120.6339524000068,1120.6339863000321,1120.6482611999963,1122.4644143000478,1122.4175515000243,1122.4334140000283,1122.4644143000478,1122.4644143000478,1122.4644143000478,1122.4644143000478,1122.4644143000478,1125.43453160004,None,1125.436616800027,1125.44720720005,1125.9803630000097,1125.9334471000475,1125.9361036000191,1125.9803630000097,1125.9803630000097,1125.9803630000097,1125.9803630000097,1125.9803630000097,1126.4471024000086,1128.9955399000319,1128.9955399000319,1128.9955399000319,1128.9955399000319,1128.9955399000319,1129.4461520000477,1129.4348252000054,None,1129.437945200014,1129.4461520000477,1129.9456970000174,1129.931562600017,,,,1119.3848002000013,,,,,,,,,,,,,,,3,2026-08-10_16h41.09.397,TSRlearn_main-blocks,,2025.1.1,59.8767258062368,2026-08-10 16h41.13.219112 +0200,
stimuli/lamp/lamp_01.jpg,stimuli/key/key_01.jpg,stimuli/dog/dog_49.jpg,stimuli/hammer/hammer_16.jpg,right,left,center,right,0,0,0,,,,,,,,,,,,,,,,,,sequences/learning_block1_fixed-middle-10_0{participant_ID}.xlsx,sequences/retrieval_block1_fixed-middle-10_0{participant_ID}.xlsx,6,1.0,A,4,1,lamp,key,dog,hammer,0.69,0.31,2,lamp,1,stimuli/lamp/lamp_01.jpg,key,1,stimuli/key/key_01.jpg,pencil,1,stimuli/pencil/pencil_01.jpg,phone,1,stimuli/phone/phone_01.jpg,14,15,5,7,None,,,,,,,,,,,,,,,,,,,,,,,,,,,,,0,0,0,0,3,0,3,0,0,0,0,0,,,,,1131.8119143000222,,,,,,,,,,,,,,,,,,,,,,,,,,,,,,,,,,,,,,,,,,,,,,,,,,,,,,,,,,,,,,,,,,,,,,,,,,,,,,,,,,,,,,,,,,,,,,,,,,,,,,,,,,,,,,,,,,,,,,,,,,,,,,,,,,,,,,,,,,,,,,,,,,,,,,,,,,,,,,,,,,,,,,,,,,,,,,,,,,,,,,,,,,,,,,,,,,,,,,,,,,,,,,,,,,,,1130.9312245000037,1130.931299500051,1130.9376775000128,1130.9468877000036,1131.4472993999952,1131.7356577000464,1131.8119143000222,1131.8119143000222,1131.8119143000222,1131.8119143000222,1131.8119143000222,1131.8119143000222,1131.8119143000222,0.3044380000210367,1136.5338394000428,None,,,1136.785735100042,1136.8601801000186,1136.8601801000186,1136.8601801000186,1136.8601801000186,1136.8601801000186,1136.8601801000186,1137.8477822000277,1137.8576796000125,1138.3794386000372,1137.8799495000276,1137.8799495000276,1138.6147245000466,1138.6147245000466,,,,,,,,,,,,,,,,,,,,,,,,,,,,,,,,,,,,,,,,,,,,,,,,,,,,,,,,,,,,,,,,,,,,,,,,,,1129.9377805000404,1129.9378135000006,1129.9378455000115,1129.9456970000174,1130.9468877000036,1130.9309495000052,,,,,3,2026-08-10_16h41.09.397,TSRlearn_main-blocks,,2025.1.1,59.8767258062368,2026-08-10 16h41.13.219112 +0200,
stimuli/key/key_01.jpg,stimuli/hand/hand_16.jpg,stimuli/bicycle/bicycle_06.jpg,stimuli/house/house_35.jpg,right,left,center,right,1,1,0,,,,,,,,,,,,,,,,,,sequences/learning_block1_fixed-middle-10_0{participant_ID}.xlsx,sequences/retrieval_block1_fixed-middle-10_0{participant_ID}.xlsx,6,1.0,A,4,2,key,hand,bicycle,house,0.58,0.42,3,lamp,1,stimuli/lamp/lamp_01.jpg,key,1,stimuli/key/key_01.jpg,pencil,1,stimuli/pencil/pencil_01.jpg,phone,1,stimuli/phone/phone_01.jpg,15,8,2,9,None,,,,,,,,,,,,,,,,,,,,,,,,,,,,,0,0,0,0,3,0,3,0,0,1,1,1,,,,,1138.6147245000466,,,,,,,,,,,,,,,,,,,,,,,,,,,,,,,,,,,,,,,,,,,,,,,,,,,,,,,,,,,,,,,,,,,,,,,,,,,,,,,,,,,,,,,,,,,,,,,,,,,,,,,,,,,,,,,,,,,,,,,,,,,,,,,,,,,,,,,,,,,,,,,,,,,,,,,,,,,,,,,,,,,,,,,,,,,,,,,,,,,,,,,,,,,,,,,,,,,,,,,,,,,,,,,,,,,,,,,,,1138.5698183000204,1138.6147245000466,1138.6147245000466,1138.6147245000466,1138.6147245000466,1138.6147245000466,1138.6147245000466,1138.6147245000466,0.1904311000253074,1143.3956107000122,None,,,1143.559856900014,1143.5976116000093,1143.5976116000093,1143.5976116000093,1143.5976116000093,1143.5976116000093,1143.5976116000093,1144.5791589000146,1144.5876216000179,1145.1112875000108,1144.6099075000384,1144.6099075000384,1145.3390617000405,1145.3390617000405,,,,,,,,,,,,,,,,,,,,,,,,,,,,,,,,,,,,,,,,,,,,,,,,,,,,,,,,,,,,,,,,,,,,,,,,,,,,,,,,,,,,3,2026-08-10_16h41.09.397,TSRlearn_main-blocks,,2025.1.1,59.8767258062368,2026-08-10 16h41.13.219112 +0200,
stimuli/hand/hand_16.jpg,stimuli/ball/ball_11.jpg,stimuli/jacket/jacket_44.jpg,stimuli/pencil/pencil_01.jpg,left,center,right,left,2,2,0,,,,,,,,,,,,,,,,,,sequences/learning_block1_fixed-middle-10_0{participant_ID}.xlsx,sequences/retrieval_block1_fixed-middle-10_0{participant_ID}.xlsx,6,1.0,A,4,3,hand,ball,jacket,pencil,0.69,0.36,4,lamp,1,stimuli/lamp/lamp_01.jpg,key,1,stimuli/key/key_01.jpg,pencil,1,stimuli/pencil/pencil_01.jpg,phone,1,stimuli/phone/phone_01.jpg,8,1,10,16,None,,,,,,,,,,,,,,,,,,,,,,,,,,,,,0,0,0,0,3,0,3,0,0,2,2,2,,,,,1145.3390617000405,,,,,,,,,,,,,,,,,,,,,,,,,,,,,,,,,,,,,,,,,,,,,,,,,,,,,,,,,,,,,,,,,,,,,,,,,,,,,,,,,,,,,,,,,,,,,,,,,,,,,,,,,,,,,,,,,,,,,,,,,,,,,,,,,,,,,,,,,,,,,,,,,,,,,,,,,,,,,,,,,,,,,,,,,,,,,,,,,,,,,,,,,,,,,,,,,,,,,,,,,,,,,,,,,,,,,,,,,1145.2732225999935,1145.3390617000405,1145.3390617000405,1145.3390617000405,1145.3390617000405,1145.3390617000405,1145.3390617000405,1145.3390617000405,0.1619451000005938,1150.1280181000475,None,,,1150.3242892000126,1150.3755924000288,1150.3755924000288,1150.3755924000288,1150.3755924000288,1150.3755924000288,1150.3755924000288,1151.358385300031,1151.3683450000244,1151.8907099000062,1151.391778499994,1151.391778499994,1152.1581121000345,1152.1581121000345,,,,,,,,,,,,,,,,,,,,,,,,,,,,,,,,,,,,,,,,,,,,,,,,,,,,,,,,,,,,,,,,,,,,,,,,,,,,,,,,,,,,3,2026-08-10_16h41.09.397,TSRlearn_main-blocks,,2025.1.1,59.8767258062368,2026-08-10 16h41.13.219112 +0200,
stimuli/ball/ball_11.jpg,stimuli/dog/dog_49.jpg,stimuli/chair/chair_11.jpg,stimuli/hammer/hammer_16.jpg,right,left,center,right,3,3,0,,,,,,,,,,,,,,,,,,sequences/learning_block1_fixed-middle-10_0{participant_ID}.xlsx,sequences/retrieval_block1_fixed-middle-10_0{participant_ID}.xlsx,6,1.0,A,4,4,ball,dog,chair,hammer,0.64,0.47,5,lamp,1,stimuli/lamp/lamp_01.jpg,key,1,stimuli/key/key_01.jpg,pencil,1,stimuli/pencil/pencil_01.jpg,phone,1,stimuli/phone/phone_01.jpg,1,5,4,7,None,,,,,,,,,,,,,,,,,,,,,,,,,,,,,0,0,0,0,3,0,3,0,0,3,3,3,,,,,1152.1581121000345,,,,,,,,,,,,,,,,,,,,,,,,,,,,,,,,,,,,,,,,,,,,,,,,,,,,,,,,,,,,,,,,,,,,,,,,,,,,,,,,,,,,,,,,,,,,,,,,,,,,,,,,,,,,,,,,,,,,,,,,,,,,,,,,,,,,,,,,,,,,,,,,,,,,,,,,,,,,,,,,,,,,,,,,,,,,,,,,,,,,,,,,,,,,,,,,,,,,,,,,,,,,,,,,,,,,,,,,,1152.0861295000068,1152.1581121000345,1152.1581121000345,1152.1581121000345,1152.1581121000345,1152.1581121000345,1152.1581121000345,1152.1581121000345,0.19548340002074838,1156.9078945000074,None,,,1157.0848617000156,1157.1390122000012,1157.1390122000012,1157.1390122000012,1157.1390122000012,1157.1390122000012,1157.1390122000012,1158.122777600016,1158.1324187000282,1158.640439800045,1158.1400718000368,1158.1400718000368,1158.877287500014,1158.877287500014,,,,,,,,,,,,,,,,,,,,,,,,,,,,,,,,,,,,,,,,,,,,,,,,,,,,,,,,,,,,,,,,,,,,,,,,,,,,,,,,,,,,3,2026-08-10_16h41.09.397,TSRlearn_main-blocks,,2025.1.1,59.8767258062368,2026-08-10 16h41.13.219112 +0200,
stimuli/dog/dog_49.jpg,stimuli/flower/flower_17.jpg,stimuli/jacket/jacket_44.jpg,stimuli/phone/phone_01.jpg,left,center,right,left,4,4,0,,,,,,,,,,,,,,,,,,sequences/learning_block1_fixed-middle-10_0{participant_ID}.xlsx,sequences/retrieval_block1_fixed-middle-10_0{participant_ID}.xlsx,6,1.0,A,4,5,dog,flower,jacket,phone,0.8,0.42,6,lamp,1,stimuli/lamp/lamp_01.jpg,key,1,stimuli/key/key_01.jpg,pencil,1,stimuli/pencil/pencil_01.jpg,phone,1,stimuli/phone/phone_01.jpg,5,6,10,17,None,,,,,,,,,,,,,,,,,,,,,,,,,,,,,0,0,0,0,3,0,3,0,0,4,4,4,,,,,1158.877287500014,,,,,,,,,,,,,,,,,,,,,,,,,,,,,,,,,,,,,,,,,,,,,,,,,,,,,,,,,,,,,,,,,,,,,,,,,,,,,,,,,,,,,,,,,,,,,,,,,,,,,,,,,,,,,,,,,,,,,,,,,,,,,,,,,,,,,,,,,,,,,,,,,,,,,,,,,,,,,,,,,,,,,,,,,,,,,,,,,,,,,,,,,,,,,,,,,,,,,,,,,,,,,,,,,,,,,,,,,1158.8280042000115,1158.877287500014,1158.877287500014,1158.877287500014,1158.877287500014,1158.877287500014,1158.877287500014,1158.877287500014,0.18762080004671589,1163.6558521999978,None,,,1163.823867900006,1163.8822336000158,1163.8822336000158,1163.8822336000158,1163.8822336000158,1163.8822336000158,1163.8822336000158,1164.87170160003,1164.880450800003,1165.3868379000342,1164.8879366000183,1164.8879366000183,1165.5879986000364,1165.5879986000364,,,,,,,,,,,,,,,,,,,,,,,,,,,,,,,,,,,,,,,,,,,,,,,,,,,,,,,,,,,,,,,,,,,,,,,,,,,,,,,,,,,,3,2026-08-10_16h41.09.397,TSRlearn_main-blocks,,2025.1.1,59.8767258062368,2026-08-10 16h41.13.219112 +0200,
stimuli/flower/flower_17.jpg,stimuli/jacket/jacket_44.jpg,stimuli/bread/bread_29.jpg,stimuli/hammer/hammer_16.jpg,left,center,right,left,5,5,0,,,,,,,,,,,,,,,,,,sequences/learning_block1_fixed-middle-10_0{participant_ID}.xlsx,sequences/retrieval_block1_fixed-middle-10_0{participant_ID}.xlsx,6,1.0,A,4,6,flower,jacket,bread,hammer,0.69,0.58,7,lamp,1,stimuli/lamp/lamp_01.jpg,key,1,stimuli/key/key_01.jpg,pencil,1,stimuli/pencil/pencil_01.jpg,phone,1,stimuli/phone/phone_01.jpg,6,10,3,7,None,,,,,,,,,,,,,,,,,,,,,,,,,,,,,0,0,0,0,3,0,3,0,0,5,5,5,,,,,1165.5879986000364,,,,,,,,,,,,,,,,,,,,,,,,,,,,,,,,,,,,,,,,,,,,,,,,,,,,,,,,,,,,,,,,,,,,,,,,,,,,,,,,,,,,,,,,,,,,,,,,,,,,,,,,,,,,,,,,,,,,,,,,,,,,,,,,,,,,,,,,,,,,,,,,,,,,,,,,,,,,,,,,,,,,,,,,,,,,,,,,,,,,,,,,,,,,,,,,,,,,,,,,,,,,,,,,,,,,,,,,,1165.5400784999947,1165.5879986000364,1165.5879986000364,1165.5879986000364,1165.5879986000364,1165.5879986000364,1165.5879986000364,1165.5879986000364,0.15327509999042377,1170.4049893000047,None,,,1170.5878795000026,1170.6234161000466,1170.6234161000466,1170.6234161000466,1170.6234161000466,1170.6234161000466,1170.6234161000466,1171.6037555000512,1171.614990800037,1172.1346857000026,1171.635477200034,1171.635477200034,1172.4738941999967,1172.4738941999967,,,,,,,,,,,,,,,,,,,,,,,,,,,,,,,,,,,,,,,,,,,,,,,,,,,,,,,,,,,,,,,,,,,,,,,,,,,,,,,,,,,,3,2026-08-10_16h41.09.397,TSRlearn_main-blocks,,2025.1.1,59.8767258062368,2026-08-10 16h41.13.219112 +0200,
stimuli/jacket/jacket_44.jpg,stimuli/bicycle/bicycle_06.jpg,stimuli/key/key_01.jpg,stimuli/dog/dog_49.jpg,center,right,left,center,6,6,0,,,,,,,,,,,,,,,,,,sequences/learning_block1_fixed-middle-10_0{participant_ID}.xlsx,sequences/retrieval_block1_fixed-middle-10_0{participant_ID}.xlsx,6,1.0,A,4,7,jacket,bicycle,key,dog,0.4,0.2,8,lamp,1,stimuli/lamp/lamp_01.jpg,key,1,stimuli/key/key_01.jpg,pencil,1,stimuli/pencil/pencil_01.jpg,phone,1,stimuli/phone/phone_01.jpg,10,2,15,5,None,,,,,,,,,,,,,,,,,,,,,,,,,,,,,0,0,0,0,3,0,3,0,0,6,6,6,,,,,1172.4738941999967,,,,,,,,,,,,,,,,,,,,,,,,,,,,,,,,,,,,,,,,,,,,,,,,,,,,,,,,,,,,,,,,,,,,,,,,,,,,,,,,,,,,,,,,,,,,,,,,,,,,,,,,,,,,,,,,,,,,,,,,,,,,,,,,,,,,,,,,,,,,,,,,,,,,,,,,,,,,,,,,,,,,,,,,,,,,,,,,,,,,,,,,,,,,,,,,,,,,,,,,,,,,,,,,,,,,,,,,,1172.3754501999938,1172.4738941999967,1172.4738941999967,1172.4738941999967,1172.4738941999967,1172.4738941999967,1172.4738941999967,1172.4738941999967,0.24080130003858358,1177.154661700013,None,,,1177.3794352000114,1177.446009700012,1177.446009700012,1177.446009700012,1177.446009700012,1177.446009700012,1177.446009700012,1178.4338227999979,1178.4448804000276,1178.9658096000203,1178.4674801999936,1178.4674801999936,1179.2199012000347,1179.2199012000347,,,,,,,,,,,,,,,,,,,,,,,,,,,,,,,,,,,,,,,,,,,,,,,,,,,,,,,,,,,,,,,,,,,,,,,,,,,,,,,,,,,,3,2026-08-10_16h41.09.397,TSRlearn_main-blocks,,2025.1.1,59.8767258062368,2026-08-10 16h41.13.219112 +0200,
stimuli/bicycle/bicycle_06.jpg,stimuli/chair/chair_11.jpg,stimuli/ball/ball_11.jpg,stimuli/flower/flower_17.jpg,center,left,right,center,7,7,0,,,,,,,,,,,,,,,,,,sequences/learning_block1_fixed-middle-10_0{participant_ID}.xlsx,sequences/retrieval_block1_fixed-middle-10_0{participant_ID}.xlsx,6,1.0,A,4,8,bicycle,chair,ball,flower,0.33,0.2,9,lamp,1,stimuli/lamp/lamp_01.jpg,key,1,stimuli/key/key_01.jpg,pencil,1,stimuli/pencil/pencil_01.jpg,phone,1,stimuli/phone/phone_01.jpg,2,4,1,6,None,,,,,,,,,,,,,,,,,,,,,,,,,,,,,0,0,0,0,3,0,3,0,0,7,7,7,,,,,1179.2199012000347,,,,,,,,,,,,,,,,,,,,,,,,,,,,,,,,,,,,,,,,,,,,,,,,,,,,,,,,,,,,,,,,,,,,,,,,,,,,,,,,,,,,,,,,,,,,,,,,,,,,,,,,,,,,,,,,,,,,,,,,,,,,,,,,,,,,,,,,,,,,,,,,,,,,,,,,,,,,,,,,,,,,,,,,,,,,,,,,,,,,,,,,,,,,,,,,,,,,,,,,,,,,,,,,,,,,,,,,,1179.1626481999992,1179.2199012000347,1179.2199012000347,1179.2199012000347,1179.2199012000347,1179.2199012000347,1179.2199012000347,1179.2199012000347,0.19688200001837686,1183.9845478000352,None,,,1184.1486508999951,1184.184765300015,1184.184765300015,1184.184765300015,1184.184765300015,1184.184765300015,1184.184765300015,1185.165927199996,1185.177153000026,1185.696560100012,1185.1973753000493,1185.1973753000493,1185.8754697000259,1185.8754697000259,,,,,,,,,,,,,,,,,,,,,,,,,,,,,,,,,,,,,,,,,,,,,,,,,,,,,,,,,,,,,,,,,,,,,,,,,,,,,,,,,,,,3,2026-08-10_16h41.09.397,TSRlearn_main-blocks,,2025.1.1,59.8767258062368,2026-08-10 16h41.13.219112 +0200,
stimuli/chair/chair_11.jpg,stimuli/bread/bread_29.jpg,stimuli/pencil/pencil_01.jpg,stimuli/hand/hand_16.jpg,right,center,left,right,8,8,0,,,,,,,,,,,,,,,,,,sequences/learning_block1_fixed-middle-10_0{participant_ID}.xlsx,sequences/retrieval_block1_fixed-middle-10_0{participant_ID}.xlsx,6,1.0,A,4,9,chair,bread,pencil,hand,0.69,0.47,10,lamp,1,stimuli/lamp/lamp_01.jpg,key,1,stimuli/key/key_01.jpg,pencil,1,stimuli/pencil/pencil_01.jpg,phone,1,stimuli/phone/phone_01.jpg,4,3,16,8,None,,,,,,,,,,,,,,,,,,,,,,,,,,,,,0,0,0,0,3,0,3,0,0,8,8,8,,,,,1185.8754697000259,,,,,,,,,,,,,,,,,,,,,,,,,,,,,,,,,,,,,,,,,,,,,,,,,,,,,,,,,,,,,,,,,,,,,,,,,,,,,,,,,,,,,,,,,,,,,,,,,,,,,,,,,,,,,,,,,,,,,,,,,,,,,,,,,,,,,,,,,,,,,,,,,,,,,,,,,,,,,,,,,,,,,,,,,,,,,,,,,,,,,,,,,,,,,,,,,,,,,,,,,,,,,,,,,,,,,,,,,1185.819852500048,1185.8754697000259,1185.8754697000259,1185.8754697000259,1185.8754697000259,1185.8754697000259,1185.8754697000259,1185.8754697000259,0.12335290003102273,1190.7153204000206,None,,,1190.8376830000198,1190.8905251999968,1190.8905251999968,1190.8905251999968,1190.8905251999968,1190.8905251999968,1190.8905251999968,1191.8981413000147,1191.908569000021,1192.412799700047,1191.927246700041,1191.927246700041,1192.6946311000502,1192.6946311000502,,,,,,,,,,,,,,,,,,,,,,,,,,,,,,,,,,,,,,,,,,,,,,,,,,,,,,,,,,,,,,,,,,,,,,,,,,,,,,,,,,,,3,2026-08-10_16h41.09.397,TSRlearn_main-blocks,,2025.1.1,59.8767258062368,2026-08-10 16h41.13.219112 +0200,
stimuli/bread/bread_29.jpg,stimuli/house/house_35.jpg,stimuli/lamp/lamp_01.jpg,stimuli/jacket/jacket_44.jpg,left,center,right,left,9,9,0,,,,,,,,,,,,,,,,,,sequences/learning_block1_fixed-middle-10_0{participant_ID}.xlsx,sequences/retrieval_block1_fixed-middle-10_0{participant_ID}.xlsx,6,1.0,A,4,10,bread,house,lamp,jacket,0.67,0.27,11,lamp,1,stimuli/lamp/lamp_01.jpg,key,1,stimuli/key/key_01.jpg,pencil,1,stimuli/pencil/pencil_01.jpg,phone,1,stimuli/phone/phone_01.jpg,3,9,14,10,None,,,,,,,,,,,,,,,,,,,,,,,,,,,,,0,0,0,0,3,0,3,0,0,9,9,9,,,,,1192.6946311000502,,,,,,,,,,,,,,,,,,,,,,,,,,,,,,,,,,,,,,,,,,,,,,,,,,,,,,,,,,,,,,,,,,,,,,,,,,,,,,,,,,,,,,,,,,,,,,,,,,,,,,,,,,,,,,,,,,,,,,,,,,,,,,,,,,,,,,,,,,,,,,,,,,,,,,,,,,,,,,,,,,,,,,,,,,,,,,,,,,,,,,,,,,,,,,,,,,,,,,,,,,,,,,,,,,,,,,,,,1192.6261243000044,1192.6946311000502,1192.6946311000502,1192.6946311000502,1192.6946311000502,1192.6946311000502,1192.6946311000502,1192.6946311000502,0.21335999999428168,1197.4291118000401,None,,,1197.6517791000078,1197.7126393000362,1197.7126393000362,1197.7126393000362,1197.7126393000362,1197.7126393000362,1197.7126393000362,1198.6939350000466,1198.702989100013,1199.194170700037,1198.708667800005,1198.708667800005,1199.4092237000004,1199.4092237000004,,,,,,,,,,,,,,,,,,,,,,,,,,,,,,,,,,,,,,,,,,,,,,,,,,,,,,,,,,,,,,,,,,,,,,,,,,,,,,,,,,,,3,2026-08-10_16h41.09.397,TSRlearn_main-blocks,,2025.1.1,59.8767258062368,2026-08-10 16h41.13.219112 +0200,
stimuli/house/house_35.jpg,stimuli/hammer/hammer_16.jpg,stimuli/ball/ball_11.jpg,stimuli/bicycle/bicycle_06.jpg,center,right,left,center,10,10,0,,,,,,,,,,,,,,,,,,sequences/learning_block1_fixed-middle-10_0{participant_ID}.xlsx,sequences/retrieval_block1_fixed-middle-10_0{participant_ID}.xlsx,6,1.0,A,4,11,house,hammer,ball,bicycle,0.53,0.27,12,lamp,1,stimuli/lamp/lamp_01.jpg,key,1,stimuli/key/key_01.jpg,pencil,1,stimuli/pencil/pencil_01.jpg,phone,1,stimuli/phone/phone_01.jpg,9,7,1,2,None,,,,,,,,,,,,,,,,,,,,,,,,,,,,,0,0,0,0,3,0,3,0,0,10,10,10,,,,,1199.4092237000004,,,,,,,,,,,,,,,,,,,,,,,,,,,,,,,,,,,,,,,,,,,,,,,,,,,,,,,,,,,,,,,,,,,,,,,,,,,,,,,,,,,,,,,,,,,,,,,,,,,,,,,,,,,,,,,,,,,,,,,,,,,,,,,,,,,,,,,,,,,,,,,,,,,,,,,,,,,,,,,,,,,,,,,,,,,,,,,,,,,,,,,,,,,,,,,,,,,,,,,,,,,,,,,,,,,,,,,,,1199.355812099995,1199.4092237000004,1199.4092237000004,1199.4092237000004,1199.4092237000004,1199.4092237000004,1199.4092237000004,1199.4092237000004,0.1616994999931194,1204.212406400009,None,,,1204.3727404000238,1204.4099769000313,1204.4099769000313,1204.4099769000313,1204.4099769000313,1204.4099769000313,1204.4099769000313,1205.39164300001,1205.400989100046,1205.9069796000258,1205.4058102000272,1205.4058102000272,1206.0669299000292,1206.0669299000292,,,,,,,,,,,,,,,,,,,,,,,,,,,,,,,,,,,,,,,,,,,,,,,,,,,,,,,,,,,,,,,,,,,,,,,,,,,,,,,,,,,,3,2026-08-10_16h41.09.397,TSRlearn_main-blocks,,2025.1.1,59.8767258062368,2026-08-10 16h41.13.219112 +0200,
stimuli/hammer/hammer_16.jpg,stimuli/pencil/pencil_01.jpg,stimuli/key/key_01.jpg,stimuli/flower/flower_17.jpg,left,right,center,left,11,11,0,,,,,,,,,,,,,,,,,,sequences/learning_block1_fixed-middle-10_0{participant_ID}.xlsx,sequences/retrieval_block1_fixed-middle-10_0{participant_ID}.xlsx,6,1.0,A,4,12,hammer,pencil,key,flower,0.73,0.47,13,lamp,1,stimuli/lamp/lamp_01.jpg,key,1,stimuli/key/key_01.jpg,pencil,1,stimuli/pencil/pencil_01.jpg,phone,1,stimuli/phone/phone_01.jpg,7,16,15,6,None,,,,,,,,,,,,,,,,,,,,,,,,,,,,,0,0,0,0,3,0,3,0,0,11,11,11,,,,,1206.0669299000292,,,,,,,,,,,,,,,,,,,,,,,,,,,,,,,,,,,,,,,,,,,,,,,,,,,,,,,,,,,,,,,,,,,,,,,,,,,,,,,,,,,,,,,,,,,,,,,,,,,,,,,,,,,,,,,,,,,,,,,,,,,,,,,,,,,,,,,,,,,,,,,,,,,,,,,,,,,,,,,,,,,,,,,,,,,,,,,,,,,,,,,,,,,,,,,,,,,,,,,,,,,,,,,,,,,,,,,,,1206.0252838000306,1206.0669299000292,1206.0669299000292,1206.0669299000292,1206.0669299000292,1206.0669299000292,1206.0669299000292,1206.0669299000292,0.1183418000000529,1210.9244636000367,None,,,1211.0737264000345,1211.1029147999943,1211.1029147999943,1211.1029147999943,1211.1029147999943,1211.1029147999943,1211.1029147999943,1212.0895109000267,1212.0994078000076,1212.6218687000219,1212.1212023000116,1212.1212023000116,1212.7666958000045,1212.7666958000045,,,,,,,,,,,,,,,,,,,,,,,,,,,,,,,,,,,,,,,,,,,,,,,,,,,,,,,,,,,,,,,,,,,,,,,,,,,,,,,,,,,,3,2026-08-10_16h41.09.397,TSRlearn_main-blocks,,2025.1.1,59.8767258062368,2026-08-10 16h41.13.219112 +0200,
stimuli/pencil/pencil_01.jpg,stimuli/phone/phone_01.jpg,stimuli/hand/hand_16.jpg,stimuli/chair/chair_11.jpg,right,left,center,right,12,12,0,,,,,,,,,,,,,,,,,,sequences/learning_block1_fixed-middle-10_0{participant_ID}.xlsx,sequences/retrieval_block1_fixed-middle-10_0{participant_ID}.xlsx,6,1.0,A,4,13,pencil,phone,hand,chair,0.73,0.33,14,lamp,1,stimuli/lamp/lamp_01.jpg,key,1,stimuli/key/key_01.jpg,pencil,1,stimuli/pencil/pencil_01.jpg,phone,1,stimuli/phone/phone_01.jpg,16,17,8,4,None,,,,,,,,,,,,,,,,,,,,,,,,,,,,,0,0,0,0,3,0,3,0,0,12,12,12,,,,,1212.7666958000045,,,,,,,,,,,,,,,,,,,,,,,,,,,,,,,,,,,,,,,,,,,,,,,,,,,,,,,,,,,,,,,,,,,,,,,,,,,,,,,,,,,,,,,,,,,,,,,,,,,,,,,,,,,,,,,,,,,,,,,,,,,,,,,,,,,,,,,,,,,,,,,,,,,,,,,,,,,,,,,,,,,,,,,,,,,,,,,,,,,,,,,,,,,,,,,,,,,,,,,,,,,,,,,,,,,,,,,,,1212.722817700007,1212.7666958000045,1212.7666958000045,1212.7666958000045,1212.7666958000045,1212.7666958000045,1212.7666958000045,1212.7666958000045,0.10101089999079704,1217.6394578000181,None,,,1217.7307145000086,1217.7659930000082,1217.7659930000082,1217.7659930000082,1217.7659930000082,1217.7659930000082,1217.7659930000082,1218.7544986000285,1218.7639917000197,1219.2869214999955,1218.7858045000467,1218.7858045000467,1219.3007560000406,1219.3007560000406,,,,,,,,,,,,,,,,,,,,,,,,,,,,,,,,,,,,,,,,,,,,,,,,,,,,,,,,,,,,,,,,,,,,,,,,,,,,,,,,,,,,3,2026-08-10_16h41.09.397,TSRlearn_main-blocks,,2025.1.1,59.8767258062368,2026-08-10 16h41.13.219112 +0200,
,,,,,,,,0,0,0,,,,1,stimuli/bread/bread_29.jpg,stimuli/hammer/hammer_16.jpg,None,yes,no,left,left,2,1.2,0.2,,0.62,1.85,sequences/learning_block1_fixed-middle-10_0{participant_ID}.xlsx,sequences/retrieval_block1_fixed-middle-10_0{participant_ID}.xlsx,6,block1,A,4,,,,,,,,,,,,,,,,,,,,,,,,,,,,0,0,1,4,A,3,7,None,None,None,,,,,,,,,,,,,,,,,0,0,0,0,3,0,3,0,,,,,0,0,0,0,1225.4323641000083,,,,,,,,,,,,,,,,,,,,,,,,,,,,,,,,,,,,,,,,,,,,,,,,,,,,,,,,,,,,,,,,,,,,,,,,,,,,,,,,,,,,,,,,,,,,,,,,,,,,,,,,,,,,,,,,,,,,,,,,,,,,,,,,,,,,,,,,,,,,,,,,,,,,,,,,,,,,,,,,,,,,,,,,,,,,,,,,,,,,,,,,,,,,,,,,,,,,,,,,,,,,,,,,,,,,,,,,,,,,,,,,,,,,,,,,,,,,,,,,,,,,1219.2956852000207,1219.3007560000406,1224.3159627999994,1224.3010171000496,1224.3011602000333,1224.3159627999994,1224.3159627999994,1225.300890500017,None,1225.3010108000017,1225.301084900042,1225.4213949000114,1225.4323641000083,1226.1010014000349,1226.0509065000224,1226.0865815000143,1226.1010014000349,1227.1146788000478,1227.1001370000304,1227.1001817000215,1227.1146788000478,1227.3513459000387,1227.3698653000174,1227.3846294000396,1228.3977388000349,1228.383427600027,1228.3834735000273,1228.3977388000349,,1228.6340026000398,1228.6340638000402,1228.6485227000085,1230.530644500046,1230.4844212000025,1230.5044011000427,1230.530644500046,1230.530644500046,1230.530644500046,1230.530644500046,1230.530644500046,1233.5177976000123,None,1233.5198890000465,1233.5300819000113,1234.0463564000092,1234.0166277000098,1234.0200719000422,1234.0463564000092,1234.0463564000092,1234.0463564000092,1234.0463564000092,1234.0463564000092,1234.5290043000132,1237.0456172000268,1237.0456172000268,1237.0456172000268,1237.0456172000268,1237.0456172000268,1237.528026200016,1237.5154657000094,None,1237.5175591000007,1237.528026200016,1238.0278669000254,1238.0134011000046,1233.5300819000113,1233.5300819000113,1233.5300819000113,,,,,,,,,,,,1225.4323641000083,1225.4323641000083,,,3,2026-08-10_16h41.09.397,TSRlearn_main-blocks,,2025.1.1,59.8767258062368,2026-08-10 16h41.13.219112 +0200,
,,,,,,,,1,1,0,,,,1,stimuli/flower/flower_17.jpg,stimuli/hand/hand_16.jpg,None,no,yes,left,left,3,1.2,0.2,,0.25,2.01,sequences/learning_block1_fixed-middle-10_0{participant_ID}.xlsx,sequences/retrieval_block1_fixed-middle-10_0{participant_ID}.xlsx,6,block1,A,4,,,,,,,,,,,,,,,,,,,,,,,,,,,,0,1,0,4,A,6,8,None,None,None,,,,,,,,,,,,,,,,,0,0,0,0,3,0,3,0,,,,,0,1,1,1,1238.0278669000254,,,,,,,,,,,,,,,,,,,,,,,,,,,,,,,,,,,,,,,,,,,,,,,,,,,,,,,,,,,,,,,,,,,,,,,,,,,,,,,,,,,,,,,,,,,,,,,,,,,,,,,,,,,,,,,,,,,,,,,,,,,,,,,,,,,,,,,,,,,,,,,,,,,,,,,,,,,,,,,,,,,,,,,,,,,,,,,,,,,,,,,,,,,,,,,,,,,,,,,,,,,,,,,,,,,,,,,,,,,,,,,,,,,,,,,,,,,,,,,,,,,,,,,,,,,,,,,1238.0138231000165,1238.0278669000254,1238.3138229000033,1238.2646910000476,1238.3015507000382,1238.3138229000033,1239.3284750000457,1239.3147772999946,1239.314834400022,1239.3284750000457,1239.5802938000415,1239.6147216000245,1239.6300191000337,1240.644388500019,1240.630407700024,1240.6304698000313,1240.644388500019,1240.8934956000303,1240.8790497000446,1240.8790829000063,1240.8934956000303,1242.9435963000287,1242.8973378000082,1242.9203134000418,1242.9435963000287,1242.9435963000287,1242.9435963000287,1242.9435963000287,1242.9435963000287,1245.929362200026,None,1245.9314486000221,1245.9424897000426,1246.4584364000475,1246.42792560003,1246.430690600013,1246.4584364000475,1246.4584364000475,1246.4584364000475,1246.4584364000475,1246.4584364000475,1246.9417125000036,1249.4577682000236,1249.4577682000236,1249.4577682000236,1249.4577682000236,1249.4577682000236,1249.9409918000456,1249.9279528000043,None,1249.9300466999994,1249.9409918000456,1250.4419131000177,1250.4265144999954,,,,,,,,,,,,,,,,,,,3,2026-08-10_16h41.09.397,TSRlearn_main-blocks,,2025.1.1,59.8767258062368,2026-08-10 16h41.13.219112 +0200,
,,,,,,,,2,2,0,,,,1,stimuli/ball/ball_11.jpg,stimuli/chair/chair_11.jpg,None,no,yes,right,right,5,1.2,0.2,,0.46,2.08,sequences/learning_block1_fixed-middle-10_0{participant_ID}.xlsx,sequences/retrieval_block1_fixed-middle-10_0{participant_ID}.xlsx,6,block1,A,4,,,,,,,,,,,,,,,,,,,,,,,,,,,,0,2,1,4,A,1,4,None,None,None,,,,,,,,,,,,,,,,,0,0,0,0,3,0,3,0,,,,,0,2,2,2,1250.4419131000177,,,,,,,,,,,,,,,,,,,,,,,,,,,,,,,,,,,,,,,,,,,,,,,,,,,,,,,,,,,,,,,,,,,,,,,,,,,,,,,,,,,,,,,,,,,,,,,,,,,,,,,,,,,,,,,,,,,,,,,,,,,,,,,,,,,,,,,,,,,,,,,,,,,,,,,,,,,,,,,,,,,,,,,,,,,,,,,,,,,,,,,,,,,,,,,,,,,,,,,,,,,,,,,,,,,,,,,,,,,,,,,,,,,,,,,,,,,,,,,,,,,,,,,,,,,,,,,1250.4269327000366,1250.4419131000177,1251.0068927000393,1250.892939900048,1250.9608956000302,1251.0068927000393,1252.007519900042,1251.9935857999953,1251.9936320999986,1252.007519900042,1252.258409800008,1252.2749300000141,1252.292816400004,1253.3064977000467,1253.2918939000228,1253.2919399000239,1253.3064977000467,1253.5561663000262,1253.5419891000492,1253.5420221000095,1253.5561663000262,1255.6751482000109,1255.6274116000277,1255.6509664000478,1255.6751482000109,1255.6751482000109,1255.6751482000109,1255.6751482000109,1255.6751482000109,1258.6606837,None,1258.6627806000179,1258.6719769000192,1259.2048735000426,1259.159007600043,1259.1623589000083,1259.2048735000426,1259.2048735000426,1259.2048735000426,1259.2048735000426,1259.2048735000426,1259.6711064000265,1262.2046181000187,1262.2046181000187,1262.2046181000187,1262.2046181000187,1262.2046181000187,1262.671638300002,1262.6592379000504,None,1262.6613704000483,1262.671638300002,1263.1865890000481,1263.1727443000418,,,,,,,,,,,,,,,,,,,3,2026-08-10_16h41.09.397,TSRlearn_main-blocks,,2025.1.1,59.8767258062368,2026-08-10 16h41.13.219112 +0200,
,,,,,,,,3,3,0,,,,1,stimuli/jacket/jacket_44.jpg,stimuli/house/house_35.jpg,None,no,yes,right,right,4,1.2,0.2,,0.63,1.93,sequences/learning_block1_fixed-middle-10_0{participant_ID}.xlsx,sequences/retrieval_block1_fixed-middle-10_0{participant_ID}.xlsx,6,block1,A,4,,,,,,,,,,,,,,,,,,,,,,,,,,,,0,3,1,4,A,10,9,None,None,None,,,,,,,,,,,,,,,,,0,0,0,0,3,0,3,0,,,,,0,3,3,3,1263.1865890000481,,,,,,,,,,,,,,,,,,,,,,,,,,,,,,,,,,,,,,,,,,,,,,,,,,,,,,,,,,,,,,,,,,,,,,,,,,,,,,,,,,,,,,,,,,,,,,,,,,,,,,,,,,,,,,,,,,,,,,,,,,,,,,,,,,,,,,,,,,,,,,,,,,,,,,,,,,,,,,,,,,,,,,,,,,,,,,,,,,,,,,,,,,,,,,,,,,,,,,,,,,,,,,,,,,,,,,,,,,,,,,,,,,,,,,,,,,,,,,,,,,,,,,,,,,,,,,,1263.173310800048,1263.1865890000481,1263.8946529999957,1263.8064464000054,1263.8568151000072,1263.8946529999957,1264.9031114000245,1264.8886903999955,1264.8887270000414,1264.9031114000245,1265.1392570000025,1265.1742693000124,1265.1880842000246,1266.1870930000441,1266.1731411000364,1266.1731900000013,1266.1870930000441,1266.4361305000493,1266.4228369000484,1266.4228726000292,1266.4361305000493,1268.4019367000437,1268.3553017000086,1268.3716398000252,1268.4019367000437,1268.4019367000437,1268.4019367000437,1268.4019367000437,1268.4019367000437,1271.3711938000051,None,1271.373287800001,1271.384900200006,1271.9178875000216,1271.8720300000277,1271.87632510002,1271.9178875000216,1271.9178875000216,1271.9178875000216,1271.9178875000216,1271.9178875000216,1272.384611400019,1274.916556000011,1274.916556000011,1274.916556000011,1274.916556000011,1274.916556000011,1275.3838774000178,1275.3719348000013,None,1275.3740332000307,1275.3838774000178,1275.8993014000007,1275.8847582000308,,,,,,,,,,,,,,,,,,,3,2026-08-10_16h41.09.397,TSRlearn_main-blocks,,2025.1.1,59.8767258062368,2026-08-10 16h41.13.219112 +0200,
,,,,,,,,4,4,0,,,,1,stimuli/dog/dog_49.jpg,stimuli/hand/hand_16.jpg,None,no,yes,left,left,2,1.2,0.2,,0.56,1.95,sequences/learning_block1_fixed-middle-10_0{participant_ID}.xlsx,sequences/retrieval_block1_fixed-middle-10_0{participant_ID}.xlsx,6,block1,A,4,,,,,,,,,,,,,,,,,,,,,,,,,,,,1,4,0,4,A,5,8,None,None,None,,,,,,,,,,,,,,,,,0,0,0,0,3,0,3,0,,,,,0,4,4,4,1275.8993014000007,,,,,,,,,,,,,,,,,,,,,,,,,,,,,,,,,,,,,,,,,,,,,,,,,,,,,,,,,,,,,,,,,,,,,,,,,,,,,,,,,,,,,,,,,,,,,,,,,,,,,,,,,,,,,,,,,,,,,,,,,,,,,,,,,,,,,,,,,,,,,,,,,,,,,,,,,,,,,,,,,,,,,,,,,,,,,,,,,,,,,,,,,,,,,,,,,,,,,,,,,,,,,,,,,,,,,,,,,,,,,,,,,,,,,,,,,,,,,,,,,,,,,,,,,,,,,,,1275.8851952000405,1275.8993014000007,1276.536638300051,1276.4517792999977,1276.5067530000233,1276.536638300051,1277.54893790005,1277.5350440000184,1277.5351042000111,1277.54893790005,1277.7854805000243,1277.816263900022,1277.8352653000038,1278.8483551000245,1278.8345443000435,1278.8345911000506,1278.8483551000245,,1279.0851756000193,1279.0852630000445,1279.09934960003,1281.0975756000262,1281.0499270000146,1281.0670955000096,1281.0975756000262,1281.0975756000262,1281.0975756000262,1281.0975756000262,1281.0975756000262,1284.06704970001,None,1284.0701609000098,1284.0802052000072,1284.5964130000211,1284.565456100041,1284.5679490000475,1284.5964130000211,1284.5964130000211,1284.5964130000211,1284.5964130000211,1284.5964130000211,1285.0801961999969,1287.596493100049,1287.596493100049,1287.596493100049,1287.596493100049,1287.596493100049,1288.0955026000156,1288.0828590000165,None,1288.0853062000242,1288.0955026000156,1288.5963353000116,1288.5834000000032,,,,,,,,,,,,,,,,,,,3,2026-08-10_16h41.09.397,TSRlearn_main-blocks,,2025.1.1,59.8767258062368,2026-08-10 16h41.13.219112 +0200,
,,,,,,,,5,5,0,,,,1,stimuli/house/house_35.jpg,stimuli/flower/flower_17.jpg,None,yes,no,right,right,5,1.2,0.2,,0.62,1.81,sequences/learning_block1_fixed-middle-10_0{participant_ID}.xlsx,sequences/retrieval_block1_fixed-middle-10_0{participant_ID}.xlsx,6,block1,A,4,,,,,,,,,,,,,,,,,,,,,,,,,,,,1,5,0,4,A,9,6,None,None,None,,,,,,,,,,,,,,,,,0,0,0,0,3,0,3,0,,,,,0,5,5,5,1288.5963353000116,,,,,,,,,,,,,,,,,,,,,,,,,,,,,,,,,,,,,,,,,,,,,,,,,,,,,,,,,,,,,,,,,,,,,,,,,,,,,,,,,,,,,,,,,,,,,,,,,,,,,,,,,,,,,,,,,,,,,,,,,,,,,,,,,,,,,,,,,,,,,,,,,,,,,,,,,,,,,,,,,,,,,,,,,,,,,,,,,,,,,,,,,,,,,,,,,,,,,,,,,,,,,,,,,,,,,,,,,,,,,,,,,,,,,,,,,,,,,,,,,,,,,,,,,,,,,,,1288.5840494000004,1288.5963353000116,1289.2673789000255,1289.214863900037,1289.247350300022,1289.2673789000255,1290.279425100016,1290.2647388000041,1290.2647830000496,1290.279425100016,1290.5301588000148,1290.5634084000485,1290.5806126000243,1291.5947660999955,1291.581123800017,1291.581174299994,1291.5947660999955,1291.8452081000432,1291.8298517999938,1291.829885300016,1291.8452081000432,1293.6937765000039,1293.6473604000057,1293.6750379000441,1293.6937765000039,1293.6937765000039,1293.6937765000039,1293.6937765000039,1293.6937765000039,1296.6797789999982,None,1296.6821231000358,1296.6928708000341,1297.2258432999952,1297.178693599999,1297.1822259000037,1297.2258432999952,1297.2258432999952,1297.2258432999952,1297.2258432999952,1297.2258432999952,1297.692961200024,1300.2249435000122,1300.2249435000122,1300.2249435000122,1300.2249435000122,1300.2249435000122,1300.6922950000153,1300.6797090000473,None,1300.681883800018,1300.6922950000153,1301.191317000019,1301.17706180003,1296.6928708000341,1296.6928708000341,1296.6928708000341,,,,,,,,,,,,,,,,3,2026-08-10_16h41.09.397,TSRlearn_main-blocks,,2025.1.1,59.8767258062368,2026-08-10 16h41.13.219112 +0200,
,,,,,,,,6,6,0,,,,1,stimuli/ball/ball_11.jpg,stimuli/bicycle/bicycle_06.jpg,None,yes,no,left,left,4,1.2,0.2,,0.39,1.76,sequences/learning_block1_fixed-middle-10_0{participant_ID}.xlsx,sequences/retrieval_block1_fixed-middle-10_0{participant_ID}.xlsx,6,block1,A,4,,,,,,,,,,,,,,,,,,,,,,,,,,,,1,6,1,4,A,1,2,None,None,None,,,,,,,,,,,,,,,,,0,0,0,0,3,0,3,0,,,,,0,6,6,6,1301.191317000019,,,,,,,,,,,,,,,,,,,,,,,,,,,,,,,,,,,,,,,,,,,,,,,,,,,,,,,,,,,,,,,,,,,,,,,,,,,,,,,,,,,,,,,,,,,,,,,,,,,,,,,,,,,,,,,,,,,,,,,,,,,,,,,,,,,,,,,,,,,,,,,,,,,,,,,,,,,,,,,,,,,,,,,,,,,,,,,,,,,,,,,,,,,,,,,,,,,,,,,,,,,,,,,,,,,,,,,,,,,,,,,,,,,,,,,,,,,,,,,,,,,,,,,,,,,,,,,1301.1775794000132,1301.191317000019,1301.691011900024,1301.576492800028,1301.6488351000007,1301.691011900024,1302.6918563999934,1302.6771731000044,1302.6772211000207,1302.6918563999934,1302.9285601000302,1302.9479829000193,1302.961094600032,1303.9738143000286,1303.9592231000424,1303.9592682000366,1303.9738143000286,,1304.2121925000101,1304.21231480001,1304.224224000005,1306.0229009000468,1305.9752425000188,1305.9987296000472,1306.0229009000468,1306.0229009000468,1306.0229009000468,1306.0229009000468,1306.0229009000468,1309.01101810002,None,1309.0132234000484,1309.0230684000417,1309.5555351000512,1309.523996600008,1309.5269148999942,1309.5555351000512,1309.5555351000512,1309.5555351000512,1309.5555351000512,1309.5555351000512,1310.038618999999,1312.5553786000237,1312.5553786000237,1312.5553786000237,1312.5553786000237,1312.5553786000237,1313.0543948000413,1313.041573900031,None,1313.043665300007,1313.0543948000413,1313.5539269000292,1313.5395441,1309.0230684000417,1309.0230684000417,1309.0230684000417,,,,,,,,,,,,,,,,3,2026-08-10_16h41.09.397,TSRlearn_main-blocks,,2025.1.1,59.8767258062368,2026-08-10 16h41.13.219112 +0200,
,,,,,,,,7,7,0,,,,1,stimuli/bread/bread_29.jpg,stimuli/jacket/jacket_44.jpg,None,yes,no,right,right,3,1.2,0.2,,0.41,1.86,sequences/learning_block1_fixed-middle-10_0{participant_ID}.xlsx,sequences/retrieval_block1_fixed-middle-10_0{participant_ID}.xlsx,6,block1,A,4,,,,,,,,,,,,,,,,,,,,,,,,,,,,1,7,0,4,A,3,10,None,None,None,,,,,,,,,,,,,,,,,0,0,0,0,3,0,3,0,,,,,0,7,7,7,1313.5539269000292,,,,,,,,,,,,,,,,,,,,,,,,,,,,,,,,,,,,,,,,,,,,,,,,,,,,,,,,,,,,,,,,,,,,,,,,,,,,,,,,,,,,,,,,,,,,,,,,,,,,,,,,,,,,,,,,,,,,,,,,,,,,,,,,,,,,,,,,,,,,,,,,,,,,,,,,,,,,,,,,,,,,,,,,,,,,,,,,,,,,,,,,,,,,,,,,,,,,,,,,,,,,,,,,,,,,,,,,,,,,,,,,,,,,,,,,,,,,,,,,,,,,,,,,,,,,,,,1313.5399708000477,1313.5539269000292,1314.009911900037,1313.9569703000016,1313.992801400018,1314.009911900037,1315.020966400043,1315.0075043000397,1315.0075500000385,1315.020966400043,1315.2565458000172,1315.3049153000466,1315.344948300044,1316.3545390000218,1316.340418000007,1316.3404623999959,1316.3545390000218,1316.6038588000229,1316.5894456999958,1316.5894787000143,1316.6038588000229,1318.5028951000422,1318.455320900015,1318.4766055000364,1318.5028951000422,1318.5028951000422,1318.5028951000422,1318.5028951000422,1318.5028951000422,1321.4918186000432,None,1321.4939592000446,1321.5028623000253,1322.0347657999955,1322.003625500016,1322.006472600042,1322.0347657999955,1322.0347657999955,1322.0347657999955,1322.0347657999955,1322.0347657999955,1322.5186691000126,1325.0343609999982,1325.0343609999982,1325.0343609999982,1325.0343609999982,1325.0343609999982,1325.5333054000512,1325.5213555000373,None,1325.523404000036,1325.5333054000512,1326.0343594000442,1326.0200489000417,1321.5028623000253,1321.5028623000253,1321.5028623000253,1315.344948300044,,,,,,,,,,,,,,,3,2026-08-10_16h41.09.397,TSRlearn_main-blocks,,2025.1.1,59.8767258062368,2026-08-10 16h41.13.219112 +0200,
,,,,,,,,8,8,0,,,,1,stimuli/ball/ball_11.jpg,stimuli/flower/flower_17.jpg,None,no,yes,right,right,2,1.2,0.2,,0.37,2.07,sequences/learning_block1_fixed-middle-10_0{participant_ID}.xlsx,sequences/retrieval_block1_fixed-middle-10_0{participant_ID}.xlsx,6,block1,A,4,,,,,,,,,,,,,,,,,,,,,,,,,,,,2,8,1,4,A,1,6,None,None,None,,,,,,,,,,,,,,,,,0,0,0,0,3,0,3,0,,,,,0,8,8,8,1326.0343594000442,,,,,,,,,,,,,,,,,,,,,,,,,,,,,,,,,,,,,,,,,,,,,,,,,,,,,,,,,,,,,,,,,,,,,,,,,,,,,,,,,,,,,,,,,,,,,,,,,,,,,,,,,,,,,,,,,,,,,,,,,,,,,,,,,,,,,,,,,,,,,,,,,,,,,,,,,,,,,,,,,,,,,,,,,,,,,,,,,,,,,,,,,,,,,,,,,,,,,,,,,,,,,,,,,,,,,,,,,,,,,,,,,,,,,,,,,,,,,,,,,,,,,,,,,,,,,,,1326.0204735000152,1326.0343594000442,1326.5151071000146,1326.4068855000078,1326.486482300039,1326.5151071000146,1327.5178502000053,1327.5022634000052,1327.5023082999978,1327.5178502000053,1327.7680105000036,1327.8009333999944,1327.8225012000185,1328.8347469000146,1328.818394700007,1328.8184391999966,1328.8347469000146,,1329.0840369000216,1329.0840941000497,1329.0990584000247,1331.215155700047,1331.1678039000253,1331.1862420000252,1331.215155700047,1331.215155700047,1331.215155700047,1331.215155700047,1331.215155700047,1334.1851447999943,None,1334.1872713000048,1334.1978193999967,1334.713993100042,1334.6830178000382,1334.686041500012,1334.713993100042,1334.713993100042,1334.713993100042,1334.713993100042,1334.713993100042,1335.1974224000005,1337.7136099000345,1337.7136099000345,1337.7136099000345,1337.7136099000345,1337.7136099000345,1338.19667080004,1338.1846541000414,None,1338.186831500032,1338.19667080004,1338.6960832000477,1338.6812805000227,,,,,,,,,,,,,,,,,,,3,2026-08-10_16h41.09.397,TSRlearn_main-blocks,,2025.1.1,59.8767258062368,2026-08-10 16h41.13.219112 +0200,
,,,,,,,,9,9,0,,,,1,stimuli/house/house_35.jpg,stimuli/bicycle/bicycle_06.jpg,None,no,yes,left,left,3,1.2,0.2,,0.72,2.22,sequences/learning_block1_fixed-middle-10_0{participant_ID}.xlsx,sequences/retrieval_block1_fixed-middle-10_0{participant_ID}.xlsx,6,block1,A,4,,,,,,,,,,,,,,,,,,,,,,,,,,,,2,9,0,4,A,9,2,None,None,None,,,,,,,,,,,,,,,,,0,0,0,0,3,0,3,0,,,,,0,9,9,9,1338.6960832000477,,,,,,,,,,,,,,,,,,,,,,,,,,,,,,,,,,,,,,,,,,,,,,,,,,,,,,,,,,,,,,,,,,,,,,,,,,,,,,,,,,,,,,,,,,,,,,,,,,,,,,,,,,,,,,,,,,,,,,,,,,,,,,,,,,,,,,,,,,,,,,,,,,,,,,,,,,,,,,,,,,,,,,,,,,,,,,,,,,,,,,,,,,,,,,,,,,,,,,,,,,,,,,,,,,,,,,,,,,,,,,,,,,,,,,,,,,,,,,,,,,,,,,,,,,,,,,,1338.681704799994,1338.6960832000477,1339.4679669000325,1339.415845600015,1339.4557391999988,1339.4679669000325,1340.4789474999998,1340.464206100034,1340.4642510000267,1340.4789474999998,1340.7139234000351,1340.7316606999957,1340.7484324999969,1341.761786200048,1341.7471046000137,1341.7471497000079,1341.761786200048,1342.0115475000348,1341.9970736000105,1341.997106600029,1342.0115475000348,1344.278000499995,1344.2298004000331,1344.2582718000049,1344.278000499995,1344.278000499995,1344.278000499995,1344.278000499995,1344.278000499995,1347.2662500000442,None,1347.2684442000464,1347.2778316000476,1347.8097223000368,1347.7785248000291,1347.7809967000503,1347.8097223000368,1347.8097223000368,1347.8097223000368,1347.8097223000368,1347.8097223000368,1348.2929111000267,1350.8097598000313,1350.8097598000313,1350.8097598000313,1350.8097598000313,1350.8097598000313,1351.2921493000467,1351.279051200021,None,1351.2811703000334,1351.2921493000467,1351.7919003000134,1351.777837200032,1347.2778316000476,1347.2778316000476,1347.2778316000476,1340.7484324999969,,,,,,,,,,,,,,,3,2026-08-10_16h41.09.397,TSRlearn_main-blocks,,2025.1.1,59.8767258062368,2026-08-10 16h41.13.219112 +0200,
,,,,,,,,10,10,0,,,,1,stimuli/jacket/jacket_44.jpg,stimuli/hammer/hammer_16.jpg,None,yes,no,left,left,5,1.2,0.2,,0.26,2.23,sequences/learning_block1_fixed-middle-10_0{participant_ID}.xlsx,sequences/retrieval_block1_fixed-middle-10_0{participant_ID}.xlsx,6,block1,A,4,,,,,,,,,,,,,,,,,,,,,,,,,,,,2,10,1,4,A,10,7,None,None,None,,,,,,,,,,,,,,,,,0,0,0,0,3,0,3,0,,,,,0,10,10,10,1351.7919003000134,,,,,,,,,,,,,,,,,,,,,,,,,,,,,,,,,,,,,,,,,,,,,,,,,,,,,,,,,,,,,,,,,,,,,,,,,,,,,,,,,,,,,,,,,,,,,,,,,,,,,,,,,,,,,,,,,,,,,,,,,,,,,,,,,,,,,,,,,,,,,,,,,,,,,,,,,,,,,,,,,,,,,,,,,,,,,,,,,,,,,,,,,,,,,,,,,,,,,,,,,,,,,,,,,,,,,,,,,,,,,,,,,,,,,,,,,,,,,,,,,,,,,,,,,,,,,,,1351.7782552000135,1351.7919003000134,1352.133868200006,1352.046112000011,1352.0955457999953,1352.133868200006,1353.1416537000332,1353.1270577000105,1353.1271022,1353.1416537000332,1353.3782691000379,1353.3967712000012,1353.4113885000115,1354.425826599996,1354.412143900001,1354.412204399996,1354.425826599996,1354.6757250000373,1354.661751400039,1354.661784099997,1354.6757250000373,1356.940873000014,1356.8936165000196,1356.9185060000164,1356.940873000014,1356.940873000014,1356.940873000014,1356.940873000014,1356.940873000014,1359.9274931999971,None,1359.9298882000148,1359.9396554999985,1360.4733179000323,1360.426505200041,1360.4291432000464,1360.4733179000323,1360.4733179000323,1360.4733179000323,1360.4733179000323,1360.4733179000323,1360.9392430000007,1363.488298100012,1363.488298100012,1363.488298100012,1363.488298100012,1363.488298100012,1363.9549491000362,1363.9420964000165,None,1363.944331900042,1363.9549491000362,1364.454672300024,1364.4400604999973,1359.9396554999985,1359.9396554999985,1359.9396554999985,,,,,,,,,,,,,,,,3,2026-08-10_16h41.09.397,TSRlearn_main-blocks,,2025.1.1,59.8767258062368,2026-08-10 16h41.13.219112 +0200,
,,,,,,,,11,11,0,,,,1,stimuli/chair/chair_11.jpg,stimuli/dog/dog_49.jpg,None,yes,no,right,right,4,1.2,0.2,,0.65,1.79,sequences/learning_block1_fixed-middle-10_0{participant_ID}.xlsx,sequences/retrieval_block1_fixed-middle-10_0{participant_ID}.xlsx,6,block1,A,4,,,,,,,,,,,,,,,,,,,,,,,,,,,,2,11,0,4,A,4,5,None,None,None,,,,,,,,,,,,,,,,,0,0,0,0,3,0,3,0,,,,,0,11,11,11,1364.454672300024,,,,,,,,,,,,,,,,,,,,,,,,,,,,,,,,,,,,,,,,,,,,,,,,,,,,,,,,,,,,,,,,,,,,,,,,,,,,,,,,,,,,,,,,,,,,,,,,,,,,,,,,,,,,,,,,,,,,,,,,,,,,,,,,,,,,,,,,,,,,,,,,,,,,,,,,,,,,,,,,,,,,,,,,,,,,,,,,,,,,,,,,,,,,,,,,,,,,,,,,,,,,,,,,,,,,,,,,,,,,,,,,,,,,,,,,,,,,,,,,,,,,,,,,,,,,,,,1364.440726300003,1364.454672300024,1365.1269111000001,1365.0899253000389,1365.1089748000377,1365.1269111000001,1366.1379082000349,1366.125829800032,1366.1258756000316,1366.1379082000349,1366.3750493000261,1366.4280841000145,1366.462922100036,1367.4708510000492,1367.4564063000144,1367.4564691000269,1367.4708510000492,,1367.7073138999986,1367.7074061000021,1367.7209756000084,1369.5541233000113,1369.5072917000507,1369.5238787000417,1369.5541233000113,1369.5541233000113,1369.5541233000113,1369.5541233000113,1369.5541233000113,1372.5241668000235,None,1372.526331400033,1372.536794900021,1373.0684997000499,1373.0375177999958,1373.040013300022,1373.0684997000499,1373.0684997000499,1373.0684997000499,1373.0684997000499,1373.0684997000499,1373.55215220002,1376.0685367000406,1376.0685367000406,1376.0685367000406,1376.0685367000406,1376.0685367000406,1376.5676720000338,1376.5556796000456,None,1376.5578983000014,1376.5676720000338,1377.0675161000108,1377.053020899999,,,,1366.462922100036,,,,,,,,,,,,,,,3,2026-08-10_16h41.09.397,TSRlearn_main-blocks,,2025.1.1,59.8767258062368,2026-08-10 16h41.13.219112 +0200,
,,,,,,,,12,12,0,,,,1,stimuli/ball/ball_11.jpg,stimuli/jacket/jacket_44.jpg,None,yes,no,left,left,3,1.2,0.2,,0.66,1.81,sequences/learning_block1_fixed-middle-10_0{participant_ID}.xlsx,sequences/retrieval_block1_fixed-middle-10_0{participant_ID}.xlsx,6,block1,A,4,,,,,,,,,,,,,,,,,,,,,,,,,,,,3,12,1,4,A,1,10,None,None,None,,,,,,,,,,,,,,,,,0,0,0,0,3,0,3,0,,,,,0,12,12,12,1377.0675161000108,,,,,,,,,,,,,,,,,,,,,,,,,,,,,,,,,,,,,,,,,,,,,,,,,,,,,,,,,,,,,,,,,,,,,,,,,,,,,,,,,,,,,,,,,,,,,,,,,,,,,,,,,,,,,,,,,,,,,,,,,,,,,,,,,,,,,,,,,,,,,,,,,,,,,,,,,,,,,,,,,,,,,,,,,,,,,,,,,,,,,,,,,,,,,,,,,,,,,,,,,,,,,,,,,,,,,,,,,,,,,,,,,,,,,,,,,,,,,,,,,,,,,,,,,,,,,,,1377.0534478000482,1377.0675161000108,1377.8714804000338,1377.7209574000444,1377.8250922000152,1377.8714804000338,1378.8844828000292,1378.8711647000164,1378.8712318000034,1378.8844828000292,1379.1197671000264,1379.1641609999933,1379.20724290004,1380.2162768000271,1380.2020660000271,1380.202109500009,1380.2162768000271,,1380.452302700025,1380.4523827999947,1380.4664591000183,1382.3164208999951,1382.2692663000198,1382.2830238000024,1382.3164208999951,1382.3164208999951,1382.3164208999951,1382.3164208999951,1382.3164208999951,1385.2857827999978,None,1385.2882036000374,1385.298265999998,1385.8312673000037,1385.7843352000345,1385.787681900023,1385.8312673000037,1385.8312673000037,1385.8312673000037,1385.8312673000037,1385.8312673000037,1386.2976516000344,1388.8306120000198,1388.8306120000198,1388.8306120000198,1388.8306120000198,1388.8306120000198,1389.2980894000502,1389.286592599994,None,1389.288761200034,1389.2980894000502,1389.814214300015,1389.7990225999965,,,,1379.20724290004,,,,,,,,,,,,,,,3,2026-08-10_16h41.09.397,TSRlearn_main-blocks,,2025.1.1,59.8767258062368,2026-08-10 16h41.13.219112 +0200,
,,,,,,,,13,13,0,,,,1,stimuli/hammer/hammer_16.jpg,stimuli/bicycle/bicycle_06.jpg,None,no,yes,left,left,4,1.2,0.2,,0.63,1.82,sequences/learning_block1_fixed-middle-10_0{participant_ID}.xlsx,sequences/retrieval_block1_fixed-middle-10_0{participant_ID}.xlsx,6,block1,A,4,,,,,,,,,,,,,,,,,,,,,,,,,,,,3,13,0,4,A,7,2,None,None,None,,,,,,,,,,,,,,,,,0,0,0,0,3,0,3,0,,,,,0,13,13,13,1389.814214300015,,,,,,,,,,,,,,,,,,,,,,,,,,,,,,,,,,,,,,,,,,,,,,,,,,,,,,,,,,,,,,,,,,,,,,,,,,,,,,,,,,,,,,,,,,,,,,,,,,,,,,,,,,,,,,,,,,,,,,,,,,,,,,,,,,,,,,,,,,,,,,,,,,,,,,,,,,,,,,,,,,,,,,,,,,,,,,,,,,,,,,,,,,,,,,,,,,,,,,,,,,,,,,,,,,,,,,,,,,,,,,,,,,,,,,,,,,,,,,,,,,,,,,,,,,,,,,,1389.7994615000207,1389.814214300015,1390.469689999998,1390.434284500021,1390.4532215000363,1390.469689999998,1391.4796383000212,1391.4650186000508,1391.4650631000404,1391.4796383000212,1391.7166966000223,1391.7359665000113,1391.752020200016,1392.7624728000374,1392.747905199998,1392.7479494000436,1392.7624728000374,,1392.9993529000203,1392.9994221000234,1393.0134364000405,1394.8786422000267,1394.8319430000265,1394.8539262000122,1394.8786422000267,1394.8786422000267,1394.8786422000267,1394.8786422000267,1394.8786422000267,1397.87016640004,None,1397.8727340000332,1397.8792657000013,1398.412819900026,1398.3808738000225,1398.3853053000057,1398.412819900026,1398.412819900026,1398.412819900026,1398.412819900026,1398.412819900026,1398.8940417999984,1401.4272524000262,1401.4272524000262,1401.4272524000262,1401.4272524000262,1401.4272524000262,1401.9100775000406,1401.8967111000093,None,1401.8988459000248,1401.9100775000406,1402.4097149000154,1402.3950634000357,1397.8792657000013,1397.8792657000013,1397.8792657000013,,,,,,,,,,,,,,,,3,2026-08-10_16h41.09.397,TSRlearn_main-blocks,,2025.1.1,59.8767258062368,2026-08-10 16h41.13.219112 +0200,
,,,,,,,,14,14,0,,,,1,stimuli/house/house_35.jpg,stimuli/chair/chair_11.jpg,None,yes,no,right,right,2,1.2,0.2,,0.37,2.07,sequences/learning_block1_fixed-middle-10_0{participant_ID}.xlsx,sequences/retrieval_block1_fixed-middle-10_0{participant_ID}.xlsx,6,block1,A,4,,,,,,,,,,,,,,,,,,,,,,,,,,,,3,14,0,4,A,9,4,None,None,None,,,,,,,,,,,,,,,,,0,0,0,0,3,0,3,0,,,,,0,14,14,14,1402.4097149000154,,,,,,,,,,,,,,,,,,,,,,,,,,,,,,,,,,,,,,,,,,,,,,,,,,,,,,,,,,,,,,,,,,,,,,,,,,,,,,,,,,,,,,,,,,,,,,,,,,,,,,,,,,,,,,,,,,,,,,,,,,,,,,,,,,,,,,,,,,,,,,,,,,,,,,,,,,,,,,,,,,,,,,,,,,,,,,,,,,,,,,,,,,,,,,,,,,,,,,,,,,,,,,,,,,,,,,,,,,,,,,,,,,,,,,,,,,,,,,,,,,,,,,,,,,,,,,,1402.3954894000199,1402.4097149000154,1402.8286762000062,1402.7800736000063,1402.8184050000273,1402.8286762000062,1403.8432417000295,1403.829244100023,1403.8292896000203,1403.8432417000295,1404.078795700043,1404.0961696000304,1404.1121921000304,1405.125517300039,1405.1108345999965,1405.1108797000488,1405.125517300039,1405.3750273000333,1405.3604799000314,1405.3605132999946,1405.3750273000333,1407.4915822000476,1407.4451109000365,1407.45883160003,1407.4915822000476,1407.4915822000476,1407.4915822000476,1407.4915822000476,1407.4915822000476,1410.4608108000248,None,1410.4638411000487,1410.4736196000013,1410.9903582000406,1410.9605322999996,1410.9631684000487,1410.9903582000406,1410.9903582000406,1410.9903582000406,1410.9903582000406,1410.9903582000406,1411.4738520000246,1413.9891177000245,1413.9891177000245,1413.9891177000245,1413.9891177000245,1413.9891177000245,1414.4732670999947,1414.4627756000264,None,1414.4658029000275,1414.4732670999947,1414.9725159000373,1414.959758800047,,,,1404.1121921000304,,,,,,,,,,,,,,,3,2026-08-10_16h41.09.397,TSRlearn_main-blocks,,2025.1.1,59.8767258062368,2026-08-10 16h41.13.219112 +0200,
,,,,,,,,15,15,0,,,,1,stimuli/dog/dog_49.jpg,stimuli/bread/bread_29.jpg,None,no,yes,right,right,5,1.2,0.2,,0.45,1.93,sequences/learning_block1_fixed-middle-10_0{participant_ID}.xlsx,sequences/retrieval_block1_fixed-middle-10_0{participant_ID}.xlsx,6,block1,A,4,,,,,,,,,,,,,,,,,,,,,,,,,,,,3,15,1,4,A,5,3,None,None,None,,,,,,,,,,,,,,,,,0,0,0,0,3,0,3,0,,,,,0,15,15,15,1414.9725159000373,,,,,,,,,,,,,,,,,,,,,,,,,,,,,,,,,,,,,,,,,,,,,,,,,,,,,,,,,,,,,,,,,,,,,,,,,,,,,,,,,,,,,,,,,,,,,,,,,,,,,,,,,,,,,,,,,,,,,,,,,,,,,,,,,,,,,,,,,,,,,,,,,,,,,,,,,,,,,,,,,,,,,,,,,,,,,,,,,,,,,,,,,,,,,,,,,,,,,,,,,,,,,,,,,,,,,,,,,,,,,,,,,,,,,,,,,,,,,,,,,,,,,,,,,,,,,,,1414.96044720005,1414.9725159000373,1415.4815617999993,1415.4089189000078,1415.4678969000233,1415.4815617999993,1416.4884820000152,1416.4740739000263,1416.4741303000483,1416.4884820000152,1416.7239125000197,1416.7603728999966,1416.7744299000478,1417.7877280000248,1417.773184699996,1417.7732290000422,1417.7877280000248,,1418.0238281000056,1418.0238867000444,1418.0396384000196,1420.0038465000107,1419.956031300011,1419.9802860000054,1420.0038465000107,1420.0038465000107,1420.0038465000107,1420.0038465000107,1420.0038465000107,1422.9924826000351,None,1422.9946561999968,1423.0037234000047,1423.5358975999989,1423.5052197000477,1423.5077538000187,1423.5358975999989,1423.5358975999989,1423.5358975999989,1423.5358975999989,1423.5358975999989,1424.019600700005,1426.535739700019,1426.535739700019,1426.535739700019,1426.535739700019,1426.535739700019,1427.0188031000434,1427.0074124000384,None,1427.0097877000226,1427.0188031000434,1427.5184657000354,1427.5046587000252,1423.0037234000047,1423.0037234000047,1423.0037234000047,1416.7744299000478,,,,,,,,,,,,,,,3,2026-08-10_16h41.09.397,TSRlearn_main-blocks,,2025.1.1,59.8767258062368,2026-08-10 16h41.13.219112 +0200,
,,,,,,,,16,16,0,,,,1,stimuli/chair/chair_11.jpg,stimuli/hammer/hammer_16.jpg,None,no,yes,right,right,3,1.2,0.2,,0.37,2.15,sequences/learning_block1_fixed-middle-10_0{participant_ID}.xlsx,sequences/retrieval_block1_fixed-middle-10_0{participant_ID}.xlsx,6,block1,A,4,,,,,,,,,,,,,,,,,,,,,,,,,,,,4,16,1,4,A,4,7,None,None,None,,,,,,,,,,,,,,,,,0,0,0,0,3,0,3,0,,,,,0,16,16,16,1427.5184657000354,,,,,,,,,,,,,,,,,,,,,,,,,,,,,,,,,,,,,,,,,,,,,,,,,,,,,,,,,,,,,,,,,,,,,,,,,,,,,,,,,,,,,,,,,,,,,,,,,,,,,,,,,,,,,,,,,,,,,,,,,,,,,,,,,,,,,,,,,,,,,,,,,,,,,,,,,,,,,,,,,,,,,,,,,,,,,,,,,,,,,,,,,,,,,,,,,,,,,,,,,,,,,,,,,,,,,,,,,,,,,,,,,,,,,,,,,,,,,,,,,,,,,,,,,,,,,,,1427.5050930000143,1427.5184657000354,1427.9243550000247,1427.8876577000483,1427.9079973000335,1427.9243550000247,1428.93528710003,1428.920592200011,1428.9206498000422,1428.93528710003,1429.1714833000442,1429.1912333000218,1429.2039955999935,1430.217689400015,1430.2041185999988,1430.2041650000028,1430.217689400015,1430.4670824000495,1430.4533478000085,1430.4533823000384,1430.4670824000495,1432.6508902000496,1432.6040348000242,1432.6228922000155,1432.6508902000496,1432.6508902000496,1432.6508902000496,1432.6508902000496,1432.6508902000496,1435.6364732000511,None,1435.6385566000245,1435.6491865999997,1436.182679200021,1436.1362445999985,1436.1393348000129,1436.182679200021,1436.182679200021,1436.182679200021,1436.182679200021,1436.182679200021,1436.6492759000394,1439.1816448000027,1439.1816448000027,1439.1816448000027,1439.1816448000027,1439.1816448000027,1439.6643974000472,1439.6513155000284,None,1439.6534125000471,1439.6643974000472,1440.1649817000143,1440.1501309000305,,,,,,,,,,,,,,,,,,,3,2026-08-10_16h41.09.397,TSRlearn_main-blocks,,2025.1.1,59.8767258062368,2026-08-10 16h41.13.219112 +0200,
,,,,,,,,17,17,0,,,,1,stimuli/dog/dog_49.jpg,stimuli/jacket/jacket_44.jpg,None,yes,no,left,left,2,1.2,0.2,,0.72,1.89,sequences/learning_block1_fixed-middle-10_0{participant_ID}.xlsx,sequences/retrieval_block1_fixed-middle-10_0{participant_ID}.xlsx,6,block1,A,4,,,,,,,,,,,,,,,,,,,,,,,,,,,,4,17,1,4,A,5,10,None,None,None,,,,,,,,,,,,,,,,,0,0,0,0,3,0,3,0,,,,,0,17,17,17,1440.1649817000143,,,,,,,,,,,,,,,,,,,,,,,,,,,,,,,,,,,,,,,,,,,,,,,,,,,,,,,,,,,,,,,,,,,,,,,,,,,,,,,,,,,,,,,,,,,,,,,,,,,,,,,,,,,,,,,,,,,,,,,,,,,,,,,,,,,,,,,,,,,,,,,,,,,,,,,,,,,,,,,,,,,,,,,,,,,,,,,,,,,,,,,,,,,,,,,,,,,,,,,,,,,,,,,,,,,,,,,,,,,,,,,,,,,,,,,,,,,,,,,,,,,,,,,,,,,,,,,1440.150560900045,1440.1649817000143,1440.9755725000286,1440.8826968000503,1440.9334443000262,1440.9755725000286,1441.9804306000005,1441.9659792000311,1441.96602360002,1441.9804306000005,1442.2170930000138,1442.2677797999931,1442.308359000017,1443.3132736000116,1443.2987625999958,1443.2988073000452,1443.3132736000116,,1443.5506233000197,1443.550688300049,1443.5641274999944,1445.4954664999968,1445.4487314000144,1445.475360600045,1445.4954664999968,1445.4954664999968,1445.4954664999968,1445.4954664999968,1445.4954664999968,1448.4849579000147,None,1448.4884468000382,1448.4961453000433,1449.0280078000505,1448.9969386000303,1448.9996027000016,1449.0280078000505,1449.0280078000505,1449.0280078000505,1449.0280078000505,1449.0280078000505,1449.5119717000052,1452.028026600019,1452.028026600019,1452.028026600019,1452.028026600019,1452.028026600019,1452.5270984999952,1452.5146428000298,None,1452.5175624000258,1452.5270984999952,1453.0277873000014,1453.0142864999943,1448.4961453000433,1448.4961453000433,1448.4961453000433,,,,,,,,,,,,,,,,3,2026-08-10_16h41.09.397,TSRlearn_main-blocks,,2025.1.1,59.8767258062368,2026-08-10 16h41.13.219112 +0200,
,,,,,,,,18,18,0,,,,1,stimuli/bread/bread_29.jpg,stimuli/flower/flower_17.jpg,None,yes,no,right,right,4,1.2,0.2,,0.49,1.98,sequences/learning_block1_fixed-middle-10_0{participant_ID}.xlsx,sequences/retrieval_block1_fixed-middle-10_0{participant_ID}.xlsx,6,block1,A,4,,,,,,,,,,,,,,,,,,,,,,,,,,,,4,18,0,4,A,3,6,None,None,None,,,,,,,,,,,,,,,,,0,0,0,0,3,0,3,0,,,,,0,18,18,18,1453.0277873000014,,,,,,,,,,,,,,,,,,,,,,,,,,,,,,,,,,,,,,,,,,,,,,,,,,,,,,,,,,,,,,,,,,,,,,,,,,,,,,,,,,,,,,,,,,,,,,,,,,,,,,,,,,,,,,,,,,,,,,,,,,,,,,,,,,,,,,,,,,,,,,,,,,,,,,,,,,,,,,,,,,,,,,,,,,,,,,,,,,,,,,,,,,,,,,,,,,,,,,,,,,,,,,,,,,,,,,,,,,,,,,,,,,,,,,,,,,,,,,,,,,,,,,,,,,,,,,,1453.0149500000407,1453.0277873000014,1453.5663594000507,1453.512038600049,1453.5472623000387,1453.5663594000507,1454.5770062000374,1454.5628804000444,1454.5629299000138,1454.5770062000374,1454.811861300026,1454.8475331999944,1454.8659768000362,1455.8767668000073,1455.8613288000342,1455.8613908000407,1455.8767668000073,,1456.1282219000277,1456.128277800046,1456.1423764000065,1458.158786700049,1458.1117779000197,1458.139611200022,1458.158786700049,1458.158786700049,1458.158786700049,1458.158786700049,1458.158786700049,1461.1457934000064,None,1461.1478952000034,1461.1576959000085,1461.6747202000115,1461.6443448000355,1461.6472329000244,1461.6747202000115,1461.6747202000115,1461.6747202000115,1461.6747202000115,1461.6747202000115,1462.1576674000244,1464.6896291000303,1464.6896291000303,1464.6896291000303,1464.6896291000303,1464.6896291000303,1465.1568949000211,1465.144270000048,None,1465.1463477000361,1465.1568949000211,1465.6559887000476,1465.641580800002,,,,1454.8659768000362,,,,,,,,,,,,,,,3,2026-08-10_16h41.09.397,TSRlearn_main-blocks,,2025.1.1,59.8767258062368,2026-08-10 16h41.13.219112 +0200,
,,,,,,,,19,19,0,,,,1,stimuli/bicycle/bicycle_06.jpg,stimuli/hand/hand_16.jpg,None,no,yes,left,left,5,1.2,0.2,,0.66,2.04,sequences/learning_block1_fixed-middle-10_0{participant_ID}.xlsx,sequences/retrieval_block1_fixed-middle-10_0{participant_ID}.xlsx,6,block1,A,4,,,,,,,,,,,,,,,,,,,,,,,,,,,,4,19,0,4,A,2,8,None,None,None,,,,,,,,,,,,,,,,,0,0,0,0,3,0,3,0,,,,,0,19,19,19,1465.6559887000476,,,,,,,,,,,,,,,,,,,,,,,,,,,,,,,,,,,,,,,,,,,,,,,,,,,,,,,,,,,,,,,,,,,,,,,,,,,,,,,,,,,,,,,,,,,,,,,,,,,,,,,,,,,,,,,,,,,,,,,,,,,,,,,,,,,,,,,,,,,,,,,,,,,,,,,,,,,,,,,,,,,,,,,,,,,,,,,,,,,,,,,,,,,,,,,,,,,,,,,,,,,,,,,,,,,,,,,,,,,,,,,,,,,,,,,,,,,,,,,,,,,,,,,,,,,,,,,1465.6420035000192,1465.6559887000476,1466.3422294000047,1466.3086486000102,1466.328059100022,1466.3422294000047,1467.3568372000009,1467.3429959000205,1467.3430458999937,1467.3568372000009,1467.5920048000407,1467.6320455000387,1467.6416125000105,1468.656360700028,1468.6427143000183,1468.642773700005,1468.656360700028,1468.9056264000246,1468.8924718000344,1468.8925052999984,1468.9056264000246,1470.988349399995,1470.9399074999965,1470.966260300018,1470.988349399995,1470.988349399995,1470.988349399995,1470.988349399995,1470.988349399995,1473.9742052000365,None,1473.9763394000474,1473.9867867000285,1474.5031125000096,1474.4720274000429,1474.4745370000019,1474.5031125000096,1474.5031125000096,1474.5031125000096,1474.5031125000096,1474.5031125000096,1474.98656020005,1477.502343900036,1477.502343900036,1477.502343900036,1477.502343900036,1477.502343900036,1477.9855826999992,1477.9728225000435,None,1477.974929900025,1477.9855826999992,1478.486262499995,1478.4724266999983,,,,1467.6416125000105,,,,,,,,,,,,,,,3,2026-08-10_16h41.09.397,TSRlearn_main-blocks,,2025.1.1,59.8767258062368,2026-08-10 16h41.13.219112 +0200,
stimuli/lamp/lamp_01.jpg,stimuli/key/key_01.jpg,stimuli/ball/ball_11.jpg,stimuli/pencil/pencil_01.jpg,center,left,right,center,0,0,0,,,,,,,,,,,,,,,,,,sequences/learning_block1_fixed-middle-10_0{participant_ID}.xlsx,sequences/retrieval_block1_fixed-middle-10_0{participant_ID}.xlsx,6,1.0,A,5,1,lamp,key,ball,pencil,0.75,0.25,2,lamp,1,stimuli/lamp/lamp_01.jpg,key,1,stimuli/key/key_01.jpg,pencil,1,stimuli/pencil/pencil_01.jpg,phone,1,stimuli/phone/phone_01.jpg,14,15,1,16,None,,,,,,,,,,,,,,,,,,,,,,,,,,,,,0,0,0,0,4,0,4,0,0,0,0,0,,,,,1510.6269740000134,,,,,,,,,,,,,,,,,,,,,,,,,,,,,,,,,,,,,,,,,,,,,,,,,,,,,,,,,,,,,,,,,,,,,,,,,,,,,,,,,,,,,,,,,,,,,,,,,,,,,,,,,,,,,,,,,,,,,,,,,,,,,,,,,,,,,,,,,,,,,,,,,,,,,,,,,,,,,,,,,,,,,,,,,,,,,,,,,,,,,,,,,,,,,,,,,,,,,,,,,,,,,,,,,,,,1509.4950323000085,1509.4950832000468,1509.5019291000208,1509.5104569999967,1510.0113126999931,1510.4267614000128,1510.6269740000134,1510.6269740000134,1510.6269740000134,1510.6269740000134,1510.6269740000134,1510.6269740000134,1510.6269740000134,0.43173579999711365,1515.1283232000424,None,,,1515.3919738000259,1515.4734305000165,1515.4734305000165,1515.4734305000165,1515.4734305000165,1515.4734305000165,1515.4734305000165,1516.4600487000425,1516.4699796000496,1516.975714500004,1516.4778298000456,1516.4778298000456,1517.2165226000361,1517.2165226000361,,,,,,,,,,,,,,,,,,,,,,,,,,,,,,,,,,,,,,,,,,,,,,,,,,,,,,,,,,,,,,,,,,,,,,,,,,1478.4788573000114,1508.479940899997,1508.493915500003,1508.5097683000495,1509.5104569999967,1509.4948342000134,,,1478.486262499995,1508.5097683000495,3,2026-08-10_16h41.09.397,TSRlearn_main-blocks,,2025.1.1,59.8767258062368,2026-08-10 16h41.13.219112 +0200,
stimuli/key/key_01.jpg,stimuli/hand/hand_16.jpg,stimuli/chair/chair_11.jpg,stimuli/phone/phone_01.jpg,left,center,right,left,1,1,0,,,,,,,,,,,,,,,,,,sequences/learning_block1_fixed-middle-10_0{participant_ID}.xlsx,sequences/retrieval_block1_fixed-middle-10_0{participant_ID}.xlsx,6,1.0,A,5,2,key,hand,chair,phone,0.53,0.25,3,lamp,1,stimuli/lamp/lamp_01.jpg,key,1,stimuli/key/key_01.jpg,pencil,1,stimuli/pencil/pencil_01.jpg,phone,1,stimuli/phone/phone_01.jpg,15,8,4,17,None,,,,,,,,,,,,,,,,,,,,,,,,,,,,,0,0,0,0,4,0,4,0,0,1,1,1,,,,,1517.2165226000361,,,,,,,,,,,,,,,,,,,,,,,,,,,,,,,,,,,,,,,,,,,,,,,,,,,,,,,,,,,,,,,,,,,,,,,,,,,,,,,,,,,,,,,,,,,,,,,,,,,,,,,,,,,,,,,,,,,,,,,,,,,,,,,,,,,,,,,,,,,,,,,,,,,,,,,,,,,,,,,,,,,,,,,,,,,,,,,,,,,,,,,,,,,,,,,,,,,,,,,,,,,,,,,,,,,,,,,,,1517.1530308999936,1517.2165226000361,1517.2165226000361,1517.2165226000361,1517.2165226000361,1517.2165226000361,1517.2165226000361,1517.2165226000361,0.17735910002375022,1521.9934601000277,None,,,1522.141751600022,1522.1778553000186,1522.1778553000186,1522.1778553000186,1522.1778553000186,1522.1778553000186,1522.1778553000186,1523.1580228999956,1523.168129800004,1523.6917961,1523.1896415000083,1523.1896415000083,1523.9991931000259,1523.9991931000259,,,,,,,,,,,,,,,,,,,,,,,,,,,,,,,,,,,,,,,,,,,,,,,,,,,,,,,,,,,,,,,,,,,,,,,,,,,,,,,,,,,,3,2026-08-10_16h41.09.397,TSRlearn_main-blocks,,2025.1.1,59.8767258062368,2026-08-10 16h41.13.219112 +0200,
stimuli/hand/hand_16.jpg,stimuli/ball/ball_11.jpg,stimuli/dog/dog_49.jpg,stimuli/bread/bread_29.jpg,right,center,left,right,2,2,0,,,,,,,,,,,,,,,,,,sequences/learning_block1_fixed-middle-10_0{participant_ID}.xlsx,sequences/retrieval_block1_fixed-middle-10_0{participant_ID}.xlsx,6,1.0,A,5,3,hand,ball,dog,bread,0.8,0.53,4,lamp,1,stimuli/lamp/lamp_01.jpg,key,1,stimuli/key/key_01.jpg,pencil,1,stimuli/pencil/pencil_01.jpg,phone,1,stimuli/phone/phone_01.jpg,8,1,5,3,None,,,,,,,,,,,,,,,,,,,,,,,,,,,,,0,0,0,0,4,0,4,0,0,2,2,2,,,,,1523.9991931000259,,,,,,,,,,,,,,,,,,,,,,,,,,,,,,,,,,,,,,,,,,,,,,,,,,,,,,,,,,,,,,,,,,,,,,,,,,,,,,,,,,,,,,,,,,,,,,,,,,,,,,,,,,,,,,,,,,,,,,,,,,,,,,,,,,,,,,,,,,,,,,,,,,,,,,,,,,,,,,,,,,,,,,,,,,,,,,,,,,,,,,,,,,,,,,,,,,,,,,,,,,,,,,,,,,,,,,,,,1523.9123066000175,1523.9991931000259,1523.9991931000259,1523.9991931000259,1523.9991931000259,1523.9991931000259,1523.9991931000259,1523.9991931000259,0.22054010001011193,1528.7098353000474,None,,,1528.9192324000178,1528.9782283999957,1528.9782283999957,1528.9782283999957,1528.9782283999957,1528.9782283999957,1528.9782283999957,1529.97312650003,1529.981947900029,1530.4880766000133,1529.9890104000224,1529.9890104000224,1530.7743893000297,1530.7743893000297,,,,,,,,,,,,,,,,,,,,,,,,,,,,,,,,,,,,,,,,,,,,,,,,,,,,,,,,,,,,,,,,,,,,,,,,,,,,,,,,,,,,3,2026-08-10_16h41.09.397,TSRlearn_main-blocks,,2025.1.1,59.8767258062368,2026-08-10 16h41.13.219112 +0200,
stimuli/ball/ball_11.jpg,stimuli/dog/dog_49.jpg,stimuli/bread/bread_29.jpg,stimuli/hammer/hammer_16.jpg,left,right,center,left,3,3,0,,,,,,,,,,,,,,,,,,sequences/learning_block1_fixed-middle-10_0{participant_ID}.xlsx,sequences/retrieval_block1_fixed-middle-10_0{participant_ID}.xlsx,6,1.0,A,5,4,ball,dog,bread,hammer,0.58,0.47,5,lamp,1,stimuli/lamp/lamp_01.jpg,key,1,stimuli/key/key_01.jpg,pencil,1,stimuli/pencil/pencil_01.jpg,phone,1,stimuli/phone/phone_01.jpg,1,5,3,7,None,,,,,,,,,,,,,,,,,,,,,,,,,,,,,0,0,0,0,4,0,4,0,0,3,3,3,,,,,1530.7743893000297,,,,,,,,,,,,,,,,,,,,,,,,,,,,,,,,,,,,,,,,,,,,,,,,,,,,,,,,,,,,,,,,,,,,,,,,,,,,,,,,,,,,,,,,,,,,,,,,,,,,,,,,,,,,,,,,,,,,,,,,,,,,,,,,,,,,,,,,,,,,,,,,,,,,,,,,,,,,,,,,,,,,,,,,,,,,,,,,,,,,,,,,,,,,,,,,,,,,,,,,,,,,,,,,,,,,,,,,,1530.7084089000127,1530.7743893000297,1530.7743893000297,1530.7743893000297,1530.7743893000297,1530.7743893000297,1530.7743893000297,1530.7743893000297,0.22037390002515167,1535.5057666000212,None,,,1535.7067835000344,1535.7553905000095,1535.7553905000095,1535.7553905000095,1535.7553905000095,1535.7553905000095,1535.7553905000095,1536.7369342000457,1536.7455174000352,1537.2380198000465,1536.7519101999933,1536.7519101999933,1537.4526900000055,1537.4526900000055,,,,,,,,,,,,,,,,,,,,,,,,,,,,,,,,,,,,,,,,,,,,,,,,,,,,,,,,,,,,,,,,,,,,,,,,,,,,,,,,,,,,3,2026-08-10_16h41.09.397,TSRlearn_main-blocks,,2025.1.1,59.8767258062368,2026-08-10 16h41.13.219112 +0200,
stimuli/dog/dog_49.jpg,stimuli/flower/flower_17.jpg,stimuli/bicycle/bicycle_06.jpg,stimuli/house/house_35.jpg,center,right,left,center,4,4,0,,,,,,,,,,,,,,,,,,sequences/learning_block1_fixed-middle-10_0{participant_ID}.xlsx,sequences/retrieval_block1_fixed-middle-10_0{participant_ID}.xlsx,6,1.0,A,5,5,dog,flower,bicycle,house,0.75,0.58,6,lamp,1,stimuli/lamp/lamp_01.jpg,key,1,stimuli/key/key_01.jpg,pencil,1,stimuli/pencil/pencil_01.jpg,phone,1,stimuli/phone/phone_01.jpg,5,6,2,9,None,,,,,,,,,,,,,,,,,,,,,,,,,,,,,0,0,0,0,4,0,4,0,0,4,4,4,,,,,1537.4526900000055,,,,,,,,,,,,,,,,,,,,,,,,,,,,,,,,,,,,,,,,,,,,,,,,,,,,,,,,,,,,,,,,,,,,,,,,,,,,,,,,,,,,,,,,,,,,,,,,,,,,,,,,,,,,,,,,,,,,,,,,,,,,,,,,,,,,,,,,,,,,,,,,,,,,,,,,,,,,,,,,,,,,,,,,,,,,,,,,,,,,,,,,,,,,,,,,,,,,,,,,,,,,,,,,,,,,,,,,,1537.3967769000446,1537.4526900000055,1537.4526900000055,1537.4526900000055,1537.4526900000055,1537.4526900000055,1537.4526900000055,1537.4526900000055,0.15879770001629367,1542.2535959000234,None,,,1542.4061220000149,1542.435787800001,1542.435787800001,1542.435787800001,1542.435787800001,1542.435787800001,1542.435787800001,1543.4175014000502,1543.4282204000046,1543.933533000003,1543.4329301000107,1543.4329301000107,1544.222460000019,1544.222460000019,,,,,,,,,,,,,,,,,,,,,,,,,,,,,,,,,,,,,,,,,,,,,,,,,,,,,,,,,,,,,,,,,,,,,,,,,,,,,,,,,,,,3,2026-08-10_16h41.09.397,TSRlearn_main-blocks,,2025.1.1,59.8767258062368,2026-08-10 16h41.13.219112 +0200,
stimuli/flower/flower_17.jpg,stimuli/jacket/jacket_44.jpg,stimuli/house/house_35.jpg,stimuli/key/key_01.jpg,right,center,left,right,5,5,0,,,,,,,,,,,,,,,,,,sequences/learning_block1_fixed-middle-10_0{participant_ID}.xlsx,sequences/retrieval_block1_fixed-middle-10_0{participant_ID}.xlsx,6,1.0,A,5,6,flower,jacket,house,key,0.64,0.33,7,lamp,1,stimuli/lamp/lamp_01.jpg,key,1,stimuli/key/key_01.jpg,pencil,1,stimuli/pencil/pencil_01.jpg,phone,1,stimuli/phone/phone_01.jpg,6,10,9,15,None,,,,,,,,,,,,,,,,,,,,,,,,,,,,,0,0,0,0,4,0,4,0,0,5,5,5,,,,,1544.222460000019,,,,,,,,,,,,,,,,,,,,,,,,,,,,,,,,,,,,,,,,,,,,,,,,,,,,,,,,,,,,,,,,,,,,,,,,,,,,,,,,,,,,,,,,,,,,,,,,,,,,,,,,,,,,,,,,,,,,,,,,,,,,,,,,,,,,,,,,,,,,,,,,,,,,,,,,,,,,,,,,,,,,,,,,,,,,,,,,,,,,,,,,,,,,,,,,,,,,,,,,,,,,,,,,,,,,,,,,,1544.1473205000511,1544.222460000019,1544.222460000019,1544.222460000019,1544.222460000019,1544.222460000019,1544.222460000019,1544.222460000019,0.2138317000353709,1548.9519414000097,None,,,1549.1884780999972,1549.2376993000507,1549.2376993000507,1549.2376993000507,1549.2376993000507,1549.2376993000507,1549.2376993000507,1550.2160465000197,1550.2266499000252,1550.7477915000054,1550.2497029000078,1550.2497029000078,1551.0685714000138,1551.0685714000138,,,,,,,,,,,,,,,,,,,,,,,,,,,,,,,,,,,,,,,,,,,,,,,,,,,,,,,,,,,,,,,,,,,,,,,,,,,,,,,,,,,,3,2026-08-10_16h41.09.397,TSRlearn_main-blocks,,2025.1.1,59.8767258062368,2026-08-10 16h41.13.219112 +0200,
stimuli/jacket/jacket_44.jpg,stimuli/bicycle/bicycle_06.jpg,stimuli/lamp/lamp_01.jpg,stimuli/ball/ball_11.jpg,left,right,center,left,6,6,0,,,,,,,,,,,,,,,,,,sequences/learning_block1_fixed-middle-10_0{participant_ID}.xlsx,sequences/retrieval_block1_fixed-middle-10_0{participant_ID}.xlsx,6,1.0,A,5,7,jacket,bicycle,lamp,ball,0.47,0.27,8,lamp,1,stimuli/lamp/lamp_01.jpg,key,1,stimuli/key/key_01.jpg,pencil,1,stimuli/pencil/pencil_01.jpg,phone,1,stimuli/phone/phone_01.jpg,10,2,14,1,None,,,,,,,,,,,,,,,,,,,,,,,,,,,,,0,0,0,0,4,0,4,0,0,6,6,6,,,,,1551.0685714000138,,,,,,,,,,,,,,,,,,,,,,,,,,,,,,,,,,,,,,,,,,,,,,,,,,,,,,,,,,,,,,,,,,,,,,,,,,,,,,,,,,,,,,,,,,,,,,,,,,,,,,,,,,,,,,,,,,,,,,,,,,,,,,,,,,,,,,,,,,,,,,,,,,,,,,,,,,,,,,,,,,,,,,,,,,,,,,,,,,,,,,,,,,,,,,,,,,,,,,,,,,,,,,,,,,,,,,,,,1550.9878763000015,1551.0685714000138,1551.0685714000138,1551.0685714000138,1551.0685714000138,1551.0685714000138,1551.0685714000138,1551.0685714000138,0.24014700000407174,1555.7650926000206,None,,,1555.9884745000163,1556.035484699998,1556.035484699998,1556.035484699998,1556.035484699998,1556.035484699998,1556.035484699998,1557.0138255000347,1557.02240050002,1557.5143962000147,1557.0290117000113,1557.0290117000113,1557.7337242000503,1557.7337242000503,,,,,,,,,,,,,,,,,,,,,,,,,,,,,,,,,,,,,,,,,,,,,,,,,,,,,,,,,,,,,,,,,,,,,,,,,,,,,,,,,,,,3,2026-08-10_16h41.09.397,TSRlearn_main-blocks,,2025.1.1,59.8767258062368,2026-08-10 16h41.13.219112 +0200,
stimuli/bicycle/bicycle_06.jpg,stimuli/chair/chair_11.jpg,stimuli/ball/ball_11.jpg,stimuli/flower/flower_17.jpg,center,left,right,center,7,7,0,,,,,,,,,,,,,,,,,,sequences/learning_block1_fixed-middle-10_0{participant_ID}.xlsx,sequences/retrieval_block1_fixed-middle-10_0{participant_ID}.xlsx,6,1.0,A,5,8,bicycle,chair,ball,flower,0.33,0.2,9,lamp,1,stimuli/lamp/lamp_01.jpg,key,1,stimuli/key/key_01.jpg,pencil,1,stimuli/pencil/pencil_01.jpg,phone,1,stimuli/phone/phone_01.jpg,2,4,1,6,None,,,,,,,,,,,,,,,,,,,,,,,,,,,,,0,0,0,0,4,0,4,0,0,7,7,7,,,,,1557.7337242000503,,,,,,,,,,,,,,,,,,,,,,,,,,,,,,,,,,,,,,,,,,,,,,,,,,,,,,,,,,,,,,,,,,,,,,,,,,,,,,,,,,,,,,,,,,,,,,,,,,,,,,,,,,,,,,,,,,,,,,,,,,,,,,,,,,,,,,,,,,,,,,,,,,,,,,,,,,,,,,,,,,,,,,,,,,,,,,,,,,,,,,,,,,,,,,,,,,,,,,,,,,,,,,,,,,,,,,,,,1557.679171100026,1557.7337242000503,1557.7337242000503,1557.7337242000503,1557.7337242000503,1557.7337242000503,1557.7337242000503,1557.7337242000503,0.16480279999086633,1562.5311122999992,None,,,1562.6869287000154,1562.7334131000098,1562.7334131000098,1562.7334131000098,1562.7334131000098,1562.7334131000098,1562.7334131000098,1563.7111735000508,1563.7200093000429,1564.2112744000042,1563.7261455000262,1563.7261455000262,1564.3519750999985,1564.3519750999985,,,,,,,,,,,,,,,,,,,,,,,,,,,,,,,,,,,,,,,,,,,,,,,,,,,,,,,,,,,,,,,,,,,,,,,,,,,,,,,,,,,,3,2026-08-10_16h41.09.397,TSRlearn_main-blocks,,2025.1.1,59.8767258062368,2026-08-10 16h41.13.219112 +0200,
stimuli/chair/chair_11.jpg,stimuli/bread/bread_29.jpg,stimuli/hammer/hammer_16.jpg,stimuli/hand/hand_16.jpg,center,right,left,center,8,8,0,,,,,,,,,,,,,,,,,,sequences/learning_block1_fixed-middle-10_0{participant_ID}.xlsx,sequences/retrieval_block1_fixed-middle-10_0{participant_ID}.xlsx,6,1.0,A,5,9,chair,bread,hammer,hand,0.75,0.47,10,lamp,1,stimuli/lamp/lamp_01.jpg,key,1,stimuli/key/key_01.jpg,pencil,1,stimuli/pencil/pencil_01.jpg,phone,1,stimuli/phone/phone_01.jpg,4,3,7,8,None,,,,,,,,,,,,,,,,,,,,,,,,,,,,,0,0,0,0,4,0,4,0,0,8,8,8,,,,,1564.3519750999985,,,,,,,,,,,,,,,,,,,,,,,,,,,,,,,,,,,,,,,,,,,,,,,,,,,,,,,,,,,,,,,,,,,,,,,,,,,,,,,,,,,,,,,,,,,,,,,,,,,,,,,,,,,,,,,,,,,,,,,,,,,,,,,,,,,,,,,,,,,,,,,,,,,,,,,,,,,,,,,,,,,,,,,,,,,,,,,,,,,,,,,,,,,,,,,,,,,,,,,,,,,,,,,,,,,,,,,,,1564.304008200008,1564.3519750999985,1564.3519750999985,1564.3519750999985,1564.3519750999985,1564.3519750999985,1564.3519750999985,1564.3519750999985,0.09276989998761564,1569.2289168999996,None,,,1569.3409054000513,1569.371735599998,1569.371735599998,1569.371735599998,1569.371735599998,1569.371735599998,1569.371735599998,1570.359838400036,1570.3692949000397,1570.8607298000134,1570.375381000049,1570.375381000049,1571.093157300027,1571.093157300027,,,,,,,,,,,,,,,,,,,,,,,,,,,,,,,,,,,,,,,,,,,,,,,,,,,,,,,,,,,,,,,,,,,,,,,,,,,,,,,,,,,,3,2026-08-10_16h41.09.397,TSRlearn_main-blocks,,2025.1.1,59.8767258062368,2026-08-10 16h41.13.219112 +0200,
stimuli/bread/bread_29.jpg,stimuli/house/house_35.jpg,stimuli/phone/phone_01.jpg,stimuli/jacket/jacket_44.jpg,right,center,left,right,9,9,0,,,,,,,,,,,,,,,,,,sequences/learning_block1_fixed-middle-10_0{participant_ID}.xlsx,sequences/retrieval_block1_fixed-middle-10_0{participant_ID}.xlsx,6,1.0,A,5,10,bread,house,phone,jacket,0.69,0.27,11,lamp,1,stimuli/lamp/lamp_01.jpg,key,1,stimuli/key/key_01.jpg,pencil,1,stimuli/pencil/pencil_01.jpg,phone,1,stimuli/phone/phone_01.jpg,3,9,17,10,None,,,,,,,,,,,,,,,,,,,,,,,,,,,,,0,0,0,0,4,0,4,0,0,9,9,9,,,,,1571.093157300027,,,,,,,,,,,,,,,,,,,,,,,,,,,,,,,,,,,,,,,,,,,,,,,,,,,,,,,,,,,,,,,,,,,,,,,,,,,,,,,,,,,,,,,,,,,,,,,,,,,,,,,,,,,,,,,,,,,,,,,,,,,,,,,,,,,,,,,,,,,,,,,,,,,,,,,,,,,,,,,,,,,,,,,,,,,,,,,,,,,,,,,,,,,,,,,,,,,,,,,,,,,,,,,,,,,,,,,,,1571.037856400013,1571.093157300027,1571.093157300027,1571.093157300027,1571.093157300027,1571.093157300027,1571.093157300027,1571.093157300027,0.17720249999547377,1575.8775480000186,None,,,1576.0270341000287,1576.0554441999993,1576.0554441999993,1576.0554441999993,1576.0554441999993,1576.0554441999993,1576.0554441999993,1577.041646400001,1577.0527998000034,1577.5731902000261,1577.0735234000022,1577.0735234000022,1577.75118880003,1577.75118880003,,,,,,,,,,,,,,,,,,,,,,,,,,,,,,,,,,,,,,,,,,,,,,,,,,,,,,,,,,,,,,,,,,,,,,,,,,,,,,,,,,,,3,2026-08-10_16h41.09.397,TSRlearn_main-blocks,,2025.1.1,59.8767258062368,2026-08-10 16h41.13.219112 +0200,
stimuli/house/house_35.jpg,stimuli/hammer/hammer_16.jpg,stimuli/hand/hand_16.jpg,stimuli/flower/flower_17.jpg,left,right,center,left,10,10,0,,,,,,,,,,,,,,,,,,sequences/learning_block1_fixed-middle-10_0{participant_ID}.xlsx,sequences/retrieval_block1_fixed-middle-10_0{participant_ID}.xlsx,6,1.0,A,5,11,house,hammer,hand,flower,0.6,0.4,12,lamp,1,stimuli/lamp/lamp_01.jpg,key,1,stimuli/key/key_01.jpg,pencil,1,stimuli/pencil/pencil_01.jpg,phone,1,stimuli/phone/phone_01.jpg,9,7,8,6,None,,,,,,,,,,,,,,,,,,,,,,,,,,,,,0,0,0,0,4,0,4,0,0,10,10,10,,,,,1577.75118880003,,,,,,,,,,,,,,,,,,,,,,,,,,,,,,,,,,,,,,,,,,,,,,,,,,,,,,,,,,,,,,,,,,,,,,,,,,,,,,,,,,,,,,,,,,,,,,,,,,,,,,,,,,,,,,,,,,,,,,,,,,,,,,,,,,,,,,,,,,,,,,,,,,,,,,,,,,,,,,,,,,,,,,,,,,,,,,,,,,,,,,,,,,,,,,,,,,,,,,,,,,,,,,,,,,,,,,,,,1577.7059362000437,1577.75118880003,1577.75118880003,1577.75118880003,1577.75118880003,1577.75118880003,1577.75118880003,1577.75118880003,0.13278949999948964,1582.5922890999936,None,,,1582.7329773000092,1582.768110200006,1582.768110200006,1582.768110200006,1582.768110200006,1582.768110200006,1582.768110200006,1583.7567152000265,1583.7661155000096,1584.288576800027,1583.7887880000053,1583.7887880000053,1584.4831002000137,1584.4831002000137,,,,,,,,,,,,,,,,,,,,,,,,,,,,,,,,,,,,,,,,,,,,,,,,,,,,,,,,,,,,,,,,,,,,,,,,,,,,,,,,,,,,3,2026-08-10_16h41.09.397,TSRlearn_main-blocks,,2025.1.1,59.8767258062368,2026-08-10 16h41.13.219112 +0200,
stimuli/hammer/hammer_16.jpg,stimuli/pencil/pencil_01.jpg,stimuli/lamp/lamp_01.jpg,stimuli/bicycle/bicycle_06.jpg,right,center,left,right,11,11,0,,,,,,,,,,,,,,,,,,sequences/learning_block1_fixed-middle-10_0{participant_ID}.xlsx,sequences/retrieval_block1_fixed-middle-10_0{participant_ID}.xlsx,6,1.0,A,5,12,hammer,pencil,lamp,bicycle,0.8,0.33,13,lamp,1,stimuli/lamp/lamp_01.jpg,key,1,stimuli/key/key_01.jpg,pencil,1,stimuli/pencil/pencil_01.jpg,phone,1,stimuli/phone/phone_01.jpg,7,16,14,2,None,,,,,,,,,,,,,,,,,,,,,,,,,,,,,0,0,0,0,4,0,4,0,0,11,11,11,,,,,1584.4831002000137,,,,,,,,,,,,,,,,,,,,,,,,,,,,,,,,,,,,,,,,,,,,,,,,,,,,,,,,,,,,,,,,,,,,,,,,,,,,,,,,,,,,,,,,,,,,,,,,,,,,,,,,,,,,,,,,,,,,,,,,,,,,,,,,,,,,,,,,,,,,,,,,,,,,,,,,,,,,,,,,,,,,,,,,,,,,,,,,,,,,,,,,,,,,,,,,,,,,,,,,,,,,,,,,,,,,,,,,,1584.4300684000482,1584.4831002000137,1584.4831002000137,1584.4831002000137,1584.4831002000137,1584.4831002000137,1584.4831002000137,1584.4831002000137,0.14151159999892116,1589.3074092000024,None,,,1589.480696200044,1589.5294468000066,1589.5294468000066,1589.5294468000066,1589.5294468000066,1589.5294468000066,1589.5294468000066,1590.5201945000445,1590.529463600018,1591.0368059000466,1590.5363321000477,1590.5363321000477,1591.2845597999985,1591.2845597999985,,,,,,,,,,,,,,,,,,,,,,,,,,,,,,,,,,,,,,,,,,,,,,,,,,,,,,,,,,,,,,,,,,,,,,,,,,,,,,,,,,,,3,2026-08-10_16h41.09.397,TSRlearn_main-blocks,,2025.1.1,59.8767258062368,2026-08-10 16h41.13.219112 +0200,
stimuli/pencil/pencil_01.jpg,stimuli/phone/phone_01.jpg,stimuli/dog/dog_49.jpg,stimuli/lamp/lamp_01.jpg,right,center,left,right,12,12,0,,,,,,,,,,,,,,,,,,sequences/learning_block1_fixed-middle-10_0{participant_ID}.xlsx,sequences/retrieval_block1_fixed-middle-10_0{participant_ID}.xlsx,6,1.0,A,5,13,pencil,phone,dog,lamp,0.6,0.26,14,lamp,1,stimuli/lamp/lamp_01.jpg,key,1,stimuli/key/key_01.jpg,pencil,1,stimuli/pencil/pencil_01.jpg,phone,1,stimuli/phone/phone_01.jpg,16,17,5,14,None,,,,,,,,,,,,,,,,,,,,,,,,,,,,,0,0,0,0,4,0,4,0,0,12,12,12,,,,,1591.2845597999985,,,,,,,,,,,,,,,,,,,,,,,,,,,,,,,,,,,,,,,,,,,,,,,,,,,,,,,,,,,,,,,,,,,,,,,,,,,,,,,,,,,,,,,,,,,,,,,,,,,,,,,,,,,,,,,,,,,,,,,,,,,,,,,,,,,,,,,,,,,,,,,,,,,,,,,,,,,,,,,,,,,,,,,,,,,,,,,,,,,,,,,,,,,,,,,,,,,,,,,,,,,,,,,,,,,,,,,,,1591.2187110999948,1591.2845597999985,1591.2845597999985,1591.2845597999985,1591.2845597999985,1591.2845597999985,1591.2845597999985,1591.2845597999985,0.18196710001211613,1596.0558606000268,None,,,1596.2596187000163,1596.2988979000365,1596.2988979000365,1596.2988979000365,1596.2988979000365,1596.2988979000365,1596.2988979000365,1597.2846711000311,1597.2950416000094,1597.8173208000371,1597.3175477000186,1597.3175477000186,1597.8312066000071,1597.8312066000071,,,,,,,,,,,,,,,,,,,,,,,,,,,,,,,,,,,,,,,,,,,,,,,,,,,,,,,,,,,,,,,,,,,,,,,,,,,,,,,,,,,,3,2026-08-10_16h41.09.397,TSRlearn_main-blocks,,2025.1.1,59.8767258062368,2026-08-10 16h41.13.219112 +0200,
,,,,,,,,0,0,0,,,,1,stimuli/chair/chair_11.jpg,stimuli/house/house_35.jpg,None,yes,no,left,left,2,1.2,0.2,,0.26,2.16,sequences/learning_block1_fixed-middle-10_0{participant_ID}.xlsx,sequences/retrieval_block1_fixed-middle-10_0{participant_ID}.xlsx,6,block1,A,5,,,,,,,,,,,,,,,,,,,,,,,,,,,,0,0,1,5,A,4,9,None,None,None,,,,,,,,,,,,,,,,,0,0,0,0,4,0,4,0,,,,,0,0,0,0,1603.979276099999,,,,,,,,,,,,,,,,,,,,,,,,,,,,,,,,,,,,,,,,,,,,,,,,,,,,,,,,,,,,,,,,,,,,,,,,,,,,,,,,,,,,,,,,,,,,,,,,,,,,,,,,,,,,,,,,,,,,,,,,,,,,,,,,,,,,,,,,,,,,,,,,,,,,,,,,,,,,,,,,,,,,,,,,,,,,,,,,,,,,,,,,,,,,,,,,,,,,,,,,,,,,,,,,,,,,,,,,,,,,,,,,,,,,,,,,,,,,,,,,,,,,1597.8229207000113,1597.8312066000071,1602.84683460003,1602.831485200033,1602.831628200016,1602.84683460003,1602.84683460003,1603.8318436000263,None,1603.8319895000313,1603.8320524000446,1603.968694900046,1603.979276099999,1604.265417000046,1604.2327974000364,1604.2523566000164,1604.265417000046,1605.2792183000129,1605.2645201000269,1605.2645788000082,1605.2792183000129,1605.5146143000457,1605.5534568000003,1605.564645400038,1606.5802620000322,1606.5659005000489,1606.5659499000176,1606.5802620000322,1606.8294225000427,1606.8158840000397,1606.8159337000106,1606.8294225000427,1609.027959100029,1608.9813077000435,1609.0073348000296,1609.027959100029,1609.027959100029,1609.027959100029,1609.027959100029,1609.027959100029,1612.0136566000292,None,1612.0157665000297,1612.027157100034,1612.5603474000236,1612.5131189000094,1612.5164750000113,1612.5603474000236,1612.5603474000236,1612.5603474000236,1612.5603474000236,1612.5603474000236,1613.0262607000186,1615.575472299999,1615.575472299999,1615.575472299999,1615.575472299999,1615.575472299999,1616.025464700011,1616.013875500008,None,1616.0161111000343,1616.025464700011,1616.5256087000016,1616.5123875000281,,,,,,,,,,,,,,,,,,,3,2026-08-10_16h41.09.397,TSRlearn_main-blocks,,2025.1.1,59.8767258062368,2026-08-10 16h41.13.219112 +0200,
,,,,,,,,1,1,0,,,,1,stimuli/ball/ball_11.jpg,stimuli/bicycle/bicycle_06.jpg,None,yes,no,left,left,4,1.2,0.2,,0.36,2.12,sequences/learning_block1_fixed-middle-10_0{participant_ID}.xlsx,sequences/retrieval_block1_fixed-middle-10_0{participant_ID}.xlsx,6,block1,A,5,,,,,,,,,,,,,,,,,,,,,,,,,,,,0,1,1,5,A,1,2,None,None,None,,,,,,,,,,,,,,,,,0,0,0,0,4,0,4,0,,,,,0,1,1,1,1616.5256087000016,,,,,,,,,,,,,,,,,,,,,,,,,,,,,,,,,,,,,,,,,,,,,,,,,,,,,,,,,,,,,,,,,,,,,,,,,,,,,,,,,,,,,,,,,,,,,,,,,,,,,,,,,,,,,,,,,,,,,,,,,,,,,,,,,,,,,,,,,,,,,,,,,,,,,,,,,,,,,,,,,,,,,,,,,,,,,,,,,,,,,,,,,,,,,,,,,,,,,,,,,,,,,,,,,,,,,,,,,,,,,,,,,,,,,,,,,,,,,,,,,,,,,,,,,,,,,,,1616.5130368000246,1616.5256087000016,1616.9930789000355,1616.8771315000486,1616.9485866000177,1616.9930789000355,1618.0082903000293,1617.9939443000476,1617.9939887000364,1618.0082903000293,1618.2437828000402,1618.2597807000275,1618.2773475000286,1619.2911158000352,1619.2770594000467,1619.2771063999971,1619.2911158000352,1619.5408956000465,1619.5261655000504,1619.5262458000216,1619.5408956000465,1621.70740080002,1621.6615184000111,1621.6758438000106,1621.70740080002,1621.70740080002,1621.70740080002,1621.70740080002,1621.70740080002,1624.678776100045,None,1624.6819432000048,1624.6902757000062,1625.2055544000468,1625.1759951999993,1625.179230800015,1625.2055544000468,1625.2055544000468,1625.2055544000468,1625.2055544000468,1625.2055544000468,1625.6896840000409,1628.2057475000038,1628.2057475000038,1628.2057475000038,1628.2057475000038,1628.2057475000038,1628.7050639000372,1628.6931435000151,None,1628.6954510000069,1628.7050639000372,1629.2056319999974,1629.1919788999949,,,,1618.2773475000286,,,,,,,,,,,,,,,3,2026-08-10_16h41.09.397,TSRlearn_main-blocks,,2025.1.1,59.8767258062368,2026-08-10 16h41.13.219112 +0200,
,,,,,,,,2,2,0,,,,1,stimuli/dog/dog_49.jpg,stimuli/bread/bread_29.jpg,None,no,yes,right,right,5,1.2,0.2,,0.55,2.24,sequences/learning_block1_fixed-middle-10_0{participant_ID}.xlsx,sequences/retrieval_block1_fixed-middle-10_0{participant_ID}.xlsx,6,block1,A,5,,,,,,,,,,,,,,,,,,,,,,,,,,,,0,2,1,5,A,5,3,None,None,None,,,,,,,,,,,,,,,,,0,0,0,0,4,0,4,0,,,,,0,2,2,2,1629.2056319999974,,,,,,,,,,,,,,,,,,,,,,,,,,,,,,,,,,,,,,,,,,,,,,,,,,,,,,,,,,,,,,,,,,,,,,,,,,,,,,,,,,,,,,,,,,,,,,,,,,,,,,,,,,,,,,,,,,,,,,,,,,,,,,,,,,,,,,,,,,,,,,,,,,,,,,,,,,,,,,,,,,,,,,,,,,,,,,,,,,,,,,,,,,,,,,,,,,,,,,,,,,,,,,,,,,,,,,,,,,,,,,,,,,,,,,,,,,,,,,,,,,,,,,,,,,,,,,,1629.192664900038,1629.2056319999974,1629.829131800041,1629.7568013000418,1629.8067789000343,1629.829131800041,1630.838164500019,1630.824777700007,1630.8248257000232,1630.838164500019,1631.0732581000193,1631.1080161000136,1631.1232720999978,1632.1382710000034,1632.1243289000122,1632.124375000014,1632.1382710000034,,1632.3891548000393,1632.389209200046,1632.4037827000138,1634.6863809000351,1634.6387352000456,1634.6565092999954,1634.6863809000351,1634.6863809000351,1634.6863809000351,1634.6863809000351,1634.6863809000351,1637.6563223000267,None,1637.6584402000299,1637.6692175000207,1638.2021437000367,1638.1558358000475,1638.1593679000507,1638.2021437000367,1638.2021437000367,1638.2021437000367,1638.2021437000367,1638.2021437000367,1638.6680851000128,1641.2174284000066,1641.2174284000066,1641.2174284000066,1641.2174284000066,1641.2174284000066,1641.667815199995,1641.6575549000409,None,1641.6606507000397,1641.667815199995,1642.1675856999937,1642.1534677000018,,,,1631.1232720999978,,,,,,,,,,,,,,,3,2026-08-10_16h41.09.397,TSRlearn_main-blocks,,2025.1.1,59.8767258062368,2026-08-10 16h41.13.219112 +0200,
,,,,,,,,3,3,0,,,,1,stimuli/flower/flower_17.jpg,stimuli/hand/hand_16.jpg,None,yes,no,right,right,3,1.2,0.2,,0.57,1.8,sequences/learning_block1_fixed-middle-10_0{participant_ID}.xlsx,sequences/retrieval_block1_fixed-middle-10_0{participant_ID}.xlsx,6,block1,A,5,,,,,,,,,,,,,,,,,,,,,,,,,,,,0,3,0,5,A,6,8,None,None,None,,,,,,,,,,,,,,,,,0,0,0,0,4,0,4,0,,,,,0,3,3,3,1642.1675856999937,,,,,,,,,,,,,,,,,,,,,,,,,,,,,,,,,,,,,,,,,,,,,,,,,,,,,,,,,,,,,,,,,,,,,,,,,,,,,,,,,,,,,,,,,,,,,,,,,,,,,,,,,,,,,,,,,,,,,,,,,,,,,,,,,,,,,,,,,,,,,,,,,,,,,,,,,,,,,,,,,,,,,,,,,,,,,,,,,,,,,,,,,,,,,,,,,,,,,,,,,,,,,,,,,,,,,,,,,,,,,,,,,,,,,,,,,,,,,,,,,,,,,,,,,,,,,,,1642.15395430004,1642.1675856999937,1642.7901130000246,1642.7379492000327,1642.7744565000175,1642.7901130000246,1643.801269000047,1643.7880589000415,1643.7881256000255,1643.801269000047,1644.0380717000226,1644.0744277000194,1644.0867525000358,1645.1004834000487,1645.086370700039,1645.0864178000484,1645.1004834000487,1645.3499104000512,1645.3358155000024,1645.3358608999988,1645.3499104000512,1647.1990795000456,1647.1536527000135,1647.1699061000254,1647.1990795000456,1647.1990795000456,1647.1990795000456,1647.1990795000456,1647.1990795000456,1650.1695015000296,None,1650.1725946000079,1650.1818322000327,1650.6975881000399,1650.666808400012,1650.6700623999932,1650.6975881000399,1650.6975881000399,1650.6975881000399,1650.6975881000399,1650.6975881000399,1651.1822472000495,1653.6975958000403,1653.6975958000403,1653.6975958000403,1653.6975958000403,1653.6975958000403,1654.1967217000201,1654.1849710000097,None,1654.1879226000165,1654.1967217000201,1654.6973274000338,1654.6889385000104,,,,1644.0867525000358,,,,,,,,,,,,,,,3,2026-08-10_16h41.09.397,TSRlearn_main-blocks,,2025.1.1,59.8767258062368,2026-08-10 16h41.13.219112 +0200,
,,,,,,,,4,4,0,,,,1,stimuli/hammer/hammer_16.jpg,stimuli/jacket/jacket_44.jpg,None,yes,no,right,right,5,1.2,0.2,,0.39,2.15,sequences/learning_block1_fixed-middle-10_0{participant_ID}.xlsx,sequences/retrieval_block1_fixed-middle-10_0{participant_ID}.xlsx,6,block1,A,5,,,,,,,,,,,,,,,,,,,,,,,,,,,,1,4,0,5,A,7,10,None,None,None,,,,,,,,,,,,,,,,,0,0,0,0,4,0,4,0,,,,,0,4,4,4,1654.6973274000338,,,,,,,,,,,,,,,,,,,,,,,,,,,,,,,,,,,,,,,,,,,,,,,,,,,,,,,,,,,,,,,,,,,,,,,,,,,,,,,,,,,,,,,,,,,,,,,,,,,,,,,,,,,,,,,,,,,,,,,,,,,,,,,,,,,,,,,,,,,,,,,,,,,,,,,,,,,,,,,,,,,,,,,,,,,,,,,,,,,,,,,,,,,,,,,,,,,,,,,,,,,,,,,,,,,,,,,,,,,,,,,,,,,,,,,,,,,,,,,,,,,,,,,,,,,,,,,1654.68968760001,1654.6973274000338,1655.1159683000296,1655.082760600024,1655.10047200002,1655.1159683000296,1656.1297541999957,1656.116545900004,1656.1165951000294,1656.1297541999957,1656.3649757000385,1656.4105897000409,1656.4536263000336,1657.4624104000395,1657.4479397000396,1657.4479846000322,1657.4624104000395,1657.7121262000292,1657.6978404000401,1657.6978746000095,1657.7121262000292,1659.8956768000498,1659.8491748000379,1659.8675390999997,1659.8956768000498,1659.8956768000498,1659.8956768000498,1659.8956768000498,1659.8956768000498,1662.8807455000351,None,1662.8828437000047,1662.8940787000465,1663.410567700048,1663.3793091000407,1663.3822560000117,1663.410567700048,1663.410567700048,1663.410567700048,1663.410567700048,1663.410567700048,1663.893538400007,1666.4261759000365,1666.4261759000365,1666.4261759000365,1666.4261759000365,1666.4261759000365,1666.8937199000502,1666.8816273999983,None,1666.8844704999938,1666.8937199000502,1667.4090294000343,1667.3944102000096,,,,1656.4536263000336,,,,,,,,,,,,,,,3,2026-08-10_16h41.09.397,TSRlearn_main-blocks,,2025.1.1,59.8767258062368,2026-08-10 16h41.13.219112 +0200,
,,,,,,,,5,5,0,,,,1,stimuli/house/house_35.jpg,stimuli/bicycle/bicycle_06.jpg,None,no,yes,left,left,3,1.2,0.2,,0.71,2.16,sequences/learning_block1_fixed-middle-10_0{participant_ID}.xlsx,sequences/retrieval_block1_fixed-middle-10_0{participant_ID}.xlsx,6,block1,A,5,,,,,,,,,,,,,,,,,,,,,,,,,,,,1,5,0,5,A,9,2,None,None,None,,,,,,,,,,,,,,,,,0,0,0,0,4,0,4,0,,,,,0,5,5,5,1667.4090294000343,,,,,,,,,,,,,,,,,,,,,,,,,,,,,,,,,,,,,,,,,,,,,,,,,,,,,,,,,,,,,,,,,,,,,,,,,,,,,,,,,,,,,,,,,,,,,,,,,,,,,,,,,,,,,,,,,,,,,,,,,,,,,,,,,,,,,,,,,,,,,,,,,,,,,,,,,,,,,,,,,,,,,,,,,,,,,,,,,,,,,,,,,,,,,,,,,,,,,,,,,,,,,,,,,,,,,,,,,,,,,,,,,,,,,,,,,,,,,,,,,,,,,,,,,,,,,,,1667.3948331000283,1667.4090294000343,1668.1617491000216,1668.1142839000095,1668.151629900036,1668.1617491000216,1669.1766306000063,1669.1626373000327,1669.1626996000414,1669.1766306000063,1669.4271964000072,1669.4433122000191,1669.4641466000467,1670.4756874000304,1670.461478000041,1670.4615248000482,1670.4756874000304,1670.7250660000136,1670.7103612000355,1670.710393800051,1670.7250660000136,1672.9248429000145,1672.8797546999995,1672.8966498000082,1672.9248429000145,1672.9248429000145,1672.9248429000145,1672.9248429000145,1672.9248429000145,1675.8966365000233,None,1675.8997230000095,1675.9073312000255,1676.423396099999,1676.3935416000313,1676.396402500046,1676.423396099999,1676.423396099999,1676.423396099999,1676.423396099999,1676.423396099999,1676.9062469000346,1679.4389270000393,1679.4389270000393,1679.4389270000393,1679.4389270000393,1679.4389270000393,1679.905553699995,1679.8949429000495,None,1679.898029300035,1679.905553699995,1680.405168700032,1680.3907763000461,,,,,,,,,,,,,,,,,,,3,2026-08-10_16h41.09.397,TSRlearn_main-blocks,,2025.1.1,59.8767258062368,2026-08-10 16h41.13.219112 +0200,
,,,,,,,,6,6,0,,,,1,stimuli/flower/flower_17.jpg,stimuli/bread/bread_29.jpg,None,no,yes,right,right,4,1.2,0.2,,0.27,2.01,sequences/learning_block1_fixed-middle-10_0{participant_ID}.xlsx,sequences/retrieval_block1_fixed-middle-10_0{participant_ID}.xlsx,6,block1,A,5,,,,,,,,,,,,,,,,,,,,,,,,,,,,1,6,1,5,A,6,3,None,None,None,,,,,,,,,,,,,,,,,0,0,0,0,4,0,4,0,,,,,0,6,6,6,1680.405168700032,,,,,,,,,,,,,,,,,,,,,,,,,,,,,,,,,,,,,,,,,,,,,,,,,,,,,,,,,,,,,,,,,,,,,,,,,,,,,,,,,,,,,,,,,,,,,,,,,,,,,,,,,,,,,,,,,,,,,,,,,,,,,,,,,,,,,,,,,,,,,,,,,,,,,,,,,,,,,,,,,,,,,,,,,,,,,,,,,,,,,,,,,,,,,,,,,,,,,,,,,,,,,,,,,,,,,,,,,,,,,,,,,,,,,,,,,,,,,,,,,,,,,,,,,,,,,,,1680.3911993000074,1680.405168700032,1680.724466600048,1680.673501900048,1680.7048723000335,1680.724466600048,1681.7379987000022,1681.7235602000146,1681.7236190999974,1681.7379987000022,1681.973721700022,1682.0086947000236,1682.023971000046,1683.037543000013,1683.0239160000347,1683.0239716000506,1683.037543000013,1683.287876300048,1683.2732505000313,1683.2732842999976,1683.287876300048,1685.336815000046,1685.2895890999935,1685.311902800051,1685.336815000046,1685.336815000046,1685.336815000046,1685.336815000046,1685.336815000046,1688.326167100051,None,1688.3291780000436,1688.3369573000236,1688.8523717000498,1688.8217625000398,1688.8248563000234,1688.8523717000498,1688.8523717000498,1688.8523717000498,1688.8523717000498,1688.8523717000498,1689.336373500002,1691.8532046000473,1691.8532046000473,1691.8532046000473,1691.8532046000473,1691.8532046000473,1692.3353214000235,1692.323923500022,None,1692.3271068000467,1692.3353214000235,1692.8353687000345,1692.8217008000356,1688.3369573000236,1688.3369573000236,1688.3369573000236,,,,,,,,,,,,,,,,3,2026-08-10_16h41.09.397,TSRlearn_main-blocks,,2025.1.1,59.8767258062368,2026-08-10 16h41.13.219112 +0200,
,,,,,,,,7,7,0,,,,1,stimuli/dog/dog_49.jpg,stimuli/hand/hand_16.jpg,None,yes,no,right,right,2,1.2,0.2,,0.42,2.09,sequences/learning_block1_fixed-middle-10_0{participant_ID}.xlsx,sequences/retrieval_block1_fixed-middle-10_0{participant_ID}.xlsx,6,block1,A,5,,,,,,,,,,,,,,,,,,,,,,,,,,,,1,7,0,5,A,5,8,None,None,None,,,,,,,,,,,,,,,,,0,0,0,0,4,0,4,0,,,,,0,7,7,7,1692.8353687000345,,,,,,,,,,,,,,,,,,,,,,,,,,,,,,,,,,,,,,,,,,,,,,,,,,,,,,,,,,,,,,,,,,,,,,,,,,,,,,,,,,,,,,,,,,,,,,,,,,,,,,,,,,,,,,,,,,,,,,,,,,,,,,,,,,,,,,,,,,,,,,,,,,,,,,,,,,,,,,,,,,,,,,,,,,,,,,,,,,,,,,,,,,,,,,,,,,,,,,,,,,,,,,,,,,,,,,,,,,,,,,,,,,,,,,,,,,,,,,,,,,,,,,,,,,,,,,,1692.822125900013,1692.8353687000345,1693.3422711000312,1693.2536834000493,1693.3019680000143,1693.3422711000312,1694.3517222999944,1694.3384317000164,1694.3384913000045,1694.3517222999944,1694.5862183000427,1694.6165162000107,1694.6364863000344,1695.6504576000152,1695.6362336000311,1695.6362810000428,1695.6504576000152,1695.9000175000401,1695.885940200009,1695.88598620001,1695.9000175000401,1698.03312680003,1697.9855156000121,1698.003459300031,1698.03312680003,1698.03312680003,1698.03312680003,1698.03312680003,1698.03312680003,1701.0028403000324,None,1701.0049393000081,1701.0152576999972,1701.5319701000117,1701.5025790000218,1701.5060148000484,1701.5319701000117,1701.5319701000117,1701.5319701000117,1701.5319701000117,1701.5319701000117,1702.0148199000396,1704.5310122999945,1704.5310122999945,1704.5310122999945,1704.5310122999945,1704.5310122999945,1705.0148580000387,1705.004289000004,None,1705.0065330000361,1705.0148580000387,1705.514685400005,1705.501704299997,,,,1694.6364863000344,,,,,,,,,,,,,,,3,2026-08-10_16h41.09.397,TSRlearn_main-blocks,,2025.1.1,59.8767258062368,2026-08-10 16h41.13.219112 +0200,
,,,,,,,,8,8,0,,,,1,stimuli/chair/chair_11.jpg,stimuli/hammer/hammer_16.jpg,None,no,yes,right,right,3,1.2,0.2,,0.35,2.02,sequences/learning_block1_fixed-middle-10_0{participant_ID}.xlsx,sequences/retrieval_block1_fixed-middle-10_0{participant_ID}.xlsx,6,block1,A,5,,,,,,,,,,,,,,,,,,,,,,,,,,,,2,8,1,5,A,4,7,None,None,None,,,,,,,,,,,,,,,,,0,0,0,0,4,0,4,0,,,,,0,8,8,8,1705.514685400005,,,,,,,,,,,,,,,,,,,,,,,,,,,,,,,,,,,,,,,,,,,,,,,,,,,,,,,,,,,,,,,,,,,,,,,,,,,,,,,,,,,,,,,,,,,,,,,,,,,,,,,,,,,,,,,,,,,,,,,,,,,,,,,,,,,,,,,,,,,,,,,,,,,,,,,,,,,,,,,,,,,,,,,,,,,,,,,,,,,,,,,,,,,,,,,,,,,,,,,,,,,,,,,,,,,,,,,,,,,,,,,,,,,,,,,,,,,,,,,,,,,,,,,,,,,,,,,1705.502294100006,1705.514685400005,1705.9032682999969,1705.8666192000383,1705.8846228000475,1705.9032682999969,1706.9136765000294,1706.8993111000163,1706.8993720000144,1706.9136765000294,1707.1491993000382,1707.1666254000156,1707.183005400002,1708.1969392000465,1708.1828490000335,1708.1828946000314,1708.1969392000465,,1708.4331724999938,1708.4332345000003,1708.447519200039,1710.5125320000225,1710.4652644000016,1710.4817914000014,1710.5125320000225,1710.5125320000225,1710.5125320000225,1710.5125320000225,1710.5125320000225,1713.4838683000416,None,1713.48703020002,1713.495471500035,1714.0276873999974,1713.9806867000298,1713.9840575000271,1714.0276873999974,1714.0276873999974,1714.0276873999974,1714.0276873999974,1714.0276873999974,1714.4946240000427,1717.0280326000066,1717.0280326000066,1717.0280326000066,1717.0280326000066,1717.0280326000066,1717.4939656000352,1717.481155800051,None,1717.4832891999977,1717.4939656000352,1717.9942688000156,1717.980115500046,,,,1707.183005400002,,,,,,,,,,,,,,,3,2026-08-10_16h41.09.397,TSRlearn_main-blocks,,2025.1.1,59.8767258062368,2026-08-10 16h41.13.219112 +0200,
,,,,,,,,9,9,0,,,,1,stimuli/hand/hand_16.jpg,stimuli/bicycle/bicycle_06.jpg,None,yes,no,left,left,5,1.2,0.2,,0.29,1.89,sequences/learning_block1_fixed-middle-10_0{participant_ID}.xlsx,sequences/retrieval_block1_fixed-middle-10_0{participant_ID}.xlsx,6,block1,A,5,,,,,,,,,,,,,,,,,,,,,,,,,,,,2,9,1,5,A,8,2,None,None,None,,,,,,,,,,,,,,,,,0,0,0,0,4,0,4,0,,,,,0,9,9,9,1717.9942688000156,,,,,,,,,,,,,,,,,,,,,,,,,,,,,,,,,,,,,,,,,,,,,,,,,,,,,,,,,,,,,,,,,,,,,,,,,,,,,,,,,,,,,,,,,,,,,,,,,,,,,,,,,,,,,,,,,,,,,,,,,,,,,,,,,,,,,,,,,,,,,,,,,,,,,,,,,,,,,,,,,,,,,,,,,,,,,,,,,,,,,,,,,,,,,,,,,,,,,,,,,,,,,,,,,,,,,,,,,,,,,,,,,,,,,,,,,,,,,,,,,,,,,,,,,,,,,,,1717.980610800034,1717.9942688000156,1718.3296147999936,1718.2803569000098,1718.3142028000439,1718.3296147999936,1719.3438640999957,1719.3294807000202,1719.3295440000365,1719.3438640999957,1719.5785751999938,1719.5979760000482,1719.61214880005,1720.6270705000497,1720.6125198000227,1720.612567400036,1720.6270705000497,,1720.8776742000482,1720.8777294000029,1720.8921484000166,1722.8254207000136,1722.7791041000164,1722.7964798000176,1722.8254207000136,1722.8254207000136,1722.8254207000136,1722.8254207000136,1722.8254207000136,1725.7947008000338,None,1725.7968847000157,1725.8074736000272,1726.3415473000496,1726.2950318999938,1726.2987513000262,1726.3415473000496,1726.3415473000496,1726.3415473000496,1726.3415473000496,1726.3415473000496,1726.807132899994,1729.356398300035,1729.356398300035,1729.356398300035,1729.356398300035,1729.356398300035,1729.8065020000213,1729.7934915000224,None,1729.7956157000153,1729.8065020000213,1730.3060300000361,1730.2922429000027,,,,1719.61214880005,,,,,,,,,,,,,,,3,2026-08-10_16h41.09.397,TSRlearn_main-blocks,,2025.1.1,59.8767258062368,2026-08-10 16h41.13.219112 +0200,
,,,,,,,,10,10,0,,,,1,stimuli/ball/ball_11.jpg,stimuli/flower/flower_17.jpg,None,no,yes,right,right,2,1.2,0.2,,0.73,1.97,sequences/learning_block1_fixed-middle-10_0{participant_ID}.xlsx,sequences/retrieval_block1_fixed-middle-10_0{participant_ID}.xlsx,6,block1,A,5,,,,,,,,,,,,,,,,,,,,,,,,,,,,2,10,1,5,A,1,6,None,None,None,,,,,,,,,,,,,,,,,0,0,0,0,4,0,4,0,,,,,0,10,10,10,1730.3060300000361,,,,,,,,,,,,,,,,,,,,,,,,,,,,,,,,,,,,,,,,,,,,,,,,,,,,,,,,,,,,,,,,,,,,,,,,,,,,,,,,,,,,,,,,,,,,,,,,,,,,,,,,,,,,,,,,,,,,,,,,,,,,,,,,,,,,,,,,,,,,,,,,,,,,,,,,,,,,,,,,,,,,,,,,,,,,,,,,,,,,,,,,,,,,,,,,,,,,,,,,,,,,,,,,,,,,,,,,,,,,,,,,,,,,,,,,,,,,,,,,,,,,,,,,,,,,,,,1730.2926680000382,1730.3060300000361,1731.1269533000304,1731.024871600035,1731.0994181000278,1731.1269533000304,1732.139639400004,1732.1246852000477,1732.1247293000342,1732.139639400004,1732.3763306000037,1732.4153360000346,1732.4247984000249,1733.438329800032,1733.4236012000474,1733.4236444000271,1733.438329800032,,1733.6755354000488,1733.6756311000208,1733.6894704000442,1735.704306300031,1735.6567407000111,1735.677339899994,1735.704306300031,1735.704306300031,1735.704306300031,1735.704306300031,1735.704306300031,1738.690381399996,None,1738.692486600019,1738.7033381999936,1739.219712799997,1739.1892034000484,1739.1917252000421,1739.219712799997,1739.219712799997,1739.219712799997,1739.219712799997,1739.219712799997,1739.7039977000095,1742.2195118000382,1742.2195118000382,1742.2195118000382,1742.2195118000382,1742.2195118000382,1742.7189176999964,1742.7058090000064,None,1742.708609000023,1742.7189176999964,1743.2199091000366,1743.2060422000359,1738.7033381999936,1738.7033381999936,1738.7033381999936,,,,,,,,,,,,,,,,3,2026-08-10_16h41.09.397,TSRlearn_main-blocks,,2025.1.1,59.8767258062368,2026-08-10 16h41.13.219112 +0200,
,,,,,,,,11,11,0,,,,1,stimuli/house/house_35.jpg,stimuli/jacket/jacket_44.jpg,None,yes,no,right,right,4,1.2,0.2,,0.64,1.81,sequences/learning_block1_fixed-middle-10_0{participant_ID}.xlsx,sequences/retrieval_block1_fixed-middle-10_0{participant_ID}.xlsx,6,block1,A,5,,,,,,,,,,,,,,,,,,,,,,,,,,,,2,11,0,5,A,9,10,None,None,None,,,,,,,,,,,,,,,,,0,0,0,0,4,0,4,0,,,,,0,11,11,11,1743.2199091000366,,,,,,,,,,,,,,,,,,,,,,,,,,,,,,,,,,,,,,,,,,,,,,,,,,,,,,,,,,,,,,,,,,,,,,,,,,,,,,,,,,,,,,,,,,,,,,,,,,,,,,,,,,,,,,,,,,,,,,,,,,,,,,,,,,,,,,,,,,,,,,,,,,,,,,,,,,,,,,,,,,,,,,,,,,,,,,,,,,,,,,,,,,,,,,,,,,,,,,,,,,,,,,,,,,,,,,,,,,,,,,,,,,,,,,,,,,,,,,,,,,,,,,,,,,,,,,,1743.2064885,1743.2199091000366,1743.9510447000503,1743.856065400003,1743.8986446000054,1743.9510447000503,1744.9513558000326,1744.9372997000464,1744.9373382000485,1744.9513558000326,1745.1876517000492,1745.2287994000362,1745.2418930000276,1746.2519048000104,1746.237723600003,1746.2377722000238,1746.2519048000104,,1746.5023635000107,1746.5024172000121,1746.517300300009,1748.366959600011,1748.3188379000057,1748.3354059000267,1748.366959600011,1748.366959600011,1748.366959600011,1748.366959600011,1748.366959600011,1751.3360853000195,None,1751.3381763000507,1751.349024199997,1751.8656255000387,1751.8342682000366,1751.8373163000215,1751.8656255000387,1751.8656255000387,1751.8656255000387,1751.8656255000387,1751.8656255000387,1752.34961080004,1754.8652893000399,1754.8652893000399,1754.8652893000399,1754.8652893000399,1754.8652893000399,1755.3651694,1755.3550676000305,None,1755.3587762000388,1755.3651694,1755.865125100012,1755.849972099997,,,,,,,,,,,,,,,,,,,3,2026-08-10_16h41.09.397,TSRlearn_main-blocks,,2025.1.1,59.8767258062368,2026-08-10 16h41.13.219112 +0200,
,,,,,,,,12,12,0,,,,1,stimuli/chair/chair_11.jpg,stimuli/ball/ball_11.jpg,None,no,yes,left,left,5,1.2,0.2,,0.6,1.83,sequences/learning_block1_fixed-middle-10_0{participant_ID}.xlsx,sequences/retrieval_block1_fixed-middle-10_0{participant_ID}.xlsx,6,block1,A,5,,,,,,,,,,,,,,,,,,,,,,,,,,,,3,12,0,5,A,4,1,None,None,None,,,,,,,,,,,,,,,,,0,0,0,0,4,0,4,0,,,,,0,12,12,12,1755.865125100012,,,,,,,,,,,,,,,,,,,,,,,,,,,,,,,,,,,,,,,,,,,,,,,,,,,,,,,,,,,,,,,,,,,,,,,,,,,,,,,,,,,,,,,,,,,,,,,,,,,,,,,,,,,,,,,,,,,,,,,,,,,,,,,,,,,,,,,,,,,,,,,,,,,,,,,,,,,,,,,,,,,,,,,,,,,,,,,,,,,,,,,,,,,,,,,,,,,,,,,,,,,,,,,,,,,,,,,,,,,,,,,,,,,,,,,,,,,,,,,,,,,,,,,,,,,,,,,1755.8503611000488,1755.865125100012,1756.483435400005,1756.451167100051,1756.475439700007,1756.483435400005,1757.4979905000073,1757.4842347000376,1757.48428590002,1757.4979905000073,1757.733800899994,1757.8232125000213,1757.9234914000263,1758.9309070000309,1758.917314500024,1758.9173871999956,1758.9309070000309,1759.180115700001,1759.1655967000406,1759.1656233000103,1759.180115700001,1761.0461950000026,1760.9995363000198,1761.018553300004,1761.0461950000026,1761.0461950000026,1761.0461950000026,1761.0461950000026,1761.0461950000026,1764.0323019000352,None,1764.0343835999956,1764.0455585000454,1764.5622359000263,1764.5317689999938,1764.5351356000174,1764.5622359000263,1764.5622359000263,1764.5622359000263,1764.5622359000263,1764.5622359000263,1765.0453281000373,1767.57765500003,1767.57765500003,1767.57765500003,1767.57765500003,1767.57765500003,1768.0452230999945,1768.0339344000095,None,1768.036638599995,1768.0452230999945,1768.5606036999961,1768.546252500033,1764.0455585000454,1764.0455585000454,1764.0455585000454,1757.9234914000263,,,,,,,,,,,,,,,3,2026-08-10_16h41.09.397,TSRlearn_main-blocks,,2025.1.1,59.8767258062368,2026-08-10 16h41.13.219112 +0200,
,,,,,,,,13,13,0,,,,1,stimuli/hammer/hammer_16.jpg,stimuli/bread/bread_29.jpg,None,no,yes,left,left,2,1.2,0.2,,0.47,1.98,sequences/learning_block1_fixed-middle-10_0{participant_ID}.xlsx,sequences/retrieval_block1_fixed-middle-10_0{participant_ID}.xlsx,6,block1,A,5,,,,,,,,,,,,,,,,,,,,,,,,,,,,3,13,0,5,A,7,3,None,None,None,,,,,,,,,,,,,,,,,0,0,0,0,4,0,4,0,,,,,0,13,13,13,1768.5606036999961,,,,,,,,,,,,,,,,,,,,,,,,,,,,,,,,,,,,,,,,,,,,,,,,,,,,,,,,,,,,,,,,,,,,,,,,,,,,,,,,,,,,,,,,,,,,,,,,,,,,,,,,,,,,,,,,,,,,,,,,,,,,,,,,,,,,,,,,,,,,,,,,,,,,,,,,,,,,,,,,,,,,,,,,,,,,,,,,,,,,,,,,,,,,,,,,,,,,,,,,,,,,,,,,,,,,,,,,,,,,,,,,,,,,,,,,,,,,,,,,,,,,,,,,,,,,,,,1768.546675300051,1768.5606036999961,1769.0634569000104,1769.0301474000444,1769.0497607000289,1769.0634569000104,1770.0770164999994,1770.0622952000122,1770.0623408000101,1770.0770164999994,1770.3137748000445,1770.3509229000192,1770.36564860004,1771.3767078000237,1771.3621961000026,1771.3622439000173,1771.3767078000237,,1771.6136469000485,1771.6137478000019,1771.6276391000138,1773.6425049999962,1773.5942800000194,1773.616139699996,1773.6425049999962,1773.6425049999962,1773.6425049999962,1773.6425049999962,1773.6425049999962,1776.631627099996,None,1776.63460260001,1776.6421560000163,1777.1747982000234,1777.1271891000215,1777.1306682000286,1777.1747982000234,1777.1747982000234,1777.1747982000234,1777.1747982000234,1777.1747982000234,1777.6422454999993,1780.1738237999962,1780.1738237999962,1780.1738237999962,1780.1738237999962,1780.1738237999962,1780.6569640000234,1780.6453714999952,None,1780.6475496000494,1780.6569640000234,1781.1574219000177,1781.1439447000157,1776.6421560000163,1776.6421560000163,1776.6421560000163,,,,,,,,,,,,,,,,3,2026-08-10_16h41.09.397,TSRlearn_main-blocks,,2025.1.1,59.8767258062368,2026-08-10 16h41.13.219112 +0200,
,,,,,,,,14,14,0,,,,1,stimuli/dog/dog_49.jpg,stimuli/bicycle/bicycle_06.jpg,None,yes,no,left,left,3,1.2,0.2,,0.35,1.99,sequences/learning_block1_fixed-middle-10_0{participant_ID}.xlsx,sequences/retrieval_block1_fixed-middle-10_0{participant_ID}.xlsx,6,block1,A,5,,,,,,,,,,,,,,,,,,,,,,,,,,,,3,14,1,5,A,5,2,None,None,None,,,,,,,,,,,,,,,,,0,0,0,0,4,0,4,0,,,,,0,14,14,14,1781.1574219000177,,,,,,,,,,,,,,,,,,,,,,,,,,,,,,,,,,,,,,,,,,,,,,,,,,,,,,,,,,,,,,,,,,,,,,,,,,,,,,,,,,,,,,,,,,,,,,,,,,,,,,,,,,,,,,,,,,,,,,,,,,,,,,,,,,,,,,,,,,,,,,,,,,,,,,,,,,,,,,,,,,,,,,,,,,,,,,,,,,,,,,,,,,,,,,,,,,,,,,,,,,,,,,,,,,,,,,,,,,,,,,,,,,,,,,,,,,,,,,,,,,,,,,,,,,,,,,,1781.1443882000167,1781.1574219000177,1781.5644471000414,1781.4932846000302,1781.5468201000476,1781.5644471000414,1782.5733752000378,1782.5584445000277,1782.5584886000142,1782.5733752000378,1782.8086080000503,1782.825586299994,1782.84215890005,1783.856724000012,1783.8430824000388,1783.843144100043,1783.856724000012,1784.106623700005,1784.0913910000236,1784.0914237000397,1784.106623700005,1786.1386136999936,1786.0908993000048,1786.1190161000122,1786.1386136999936,1786.1386136999936,1786.1386136999936,1786.1386136999936,1786.1386136999936,1789.1254882000503,None,1789.1287721000263,1789.1375752000022,1789.6540741000208,1789.6240034000366,1789.6273179000127,1789.6540741000208,1789.6540741000208,1789.6540741000208,1789.6540741000208,1789.6540741000208,1790.1379004000337,1792.653144800046,1792.653144800046,1792.653144800046,1792.653144800046,1792.653144800046,1793.1385333000217,1793.1257082000375,None,1793.127820099995,1793.1385333000217,1793.6526977000176,1793.639060400019,1789.1375752000022,1789.1375752000022,1789.1375752000022,1782.84215890005,,,,,,,,,,,,,,,3,2026-08-10_16h41.09.397,TSRlearn_main-blocks,,2025.1.1,59.8767258062368,2026-08-10 16h41.13.219112 +0200,
,,,,,,,,15,15,0,,,,1,stimuli/jacket/jacket_44.jpg,stimuli/hand/hand_16.jpg,None,yes,no,right,right,4,1.2,0.2,,0.67,1.88,sequences/learning_block1_fixed-middle-10_0{participant_ID}.xlsx,sequences/retrieval_block1_fixed-middle-10_0{participant_ID}.xlsx,6,block1,A,5,,,,,,,,,,,,,,,,,,,,,,,,,,,,3,15,0,5,A,10,8,None,None,None,,,,,,,,,,,,,,,,,0,0,0,0,4,0,4,0,,,,,0,15,15,15,1793.6526977000176,,,,,,,,,,,,,,,,,,,,,,,,,,,,,,,,,,,,,,,,,,,,,,,,,,,,,,,,,,,,,,,,,,,,,,,,,,,,,,,,,,,,,,,,,,,,,,,,,,,,,,,,,,,,,,,,,,,,,,,,,,,,,,,,,,,,,,,,,,,,,,,,,,,,,,,,,,,,,,,,,,,,,,,,,,,,,,,,,,,,,,,,,,,,,,,,,,,,,,,,,,,,,,,,,,,,,,,,,,,,,,,,,,,,,,,,,,,,,,,,,,,,,,,,,,,,,,,1793.6394838000415,1793.6526977000176,1794.390325000044,1794.3230578000075,1794.3758114000084,1794.390325000044,1795.4021350000403,1795.3879189,1795.3879690000322,1795.4021350000403,1795.6403425000026,1795.6731659000507,1795.688673000026,1796.702371100022,1796.6874058000394,1796.6874505000305,1796.702371100022,,1796.937728799996,1796.9377865000279,1796.9521206000354,1798.8678203000454,1798.8201012000209,1798.839942599996,1798.8678203000454,1798.8678203000454,1798.8678203000454,1798.8678203000454,1798.8678203000454,1801.8394852000056,None,1801.8416342000128,1801.851052300015,1802.3834020000068,1802.3366157000419,1802.340805200045,1802.3834020000068,1802.3834020000068,1802.3834020000068,1802.3834020000068,1802.3834020000068,1802.8503414000152,1805.3825764000067,1805.3825764000067,1805.3825764000067,1805.3825764000067,1805.3825764000067,1805.8654888000456,1805.8522736000014,None,1805.854303900036,1805.8654888000456,1806.3663987000473,1806.3522382000228,,,,,,,,,,,,,,,,,,,3,2026-08-10_16h41.09.397,TSRlearn_main-blocks,,2025.1.1,59.8767258062368,2026-08-10 16h41.13.219112 +0200,
,,,,,,,,16,16,0,,,,1,stimuli/house/house_35.jpg,stimuli/flower/flower_17.jpg,None,no,yes,left,left,5,1.2,0.2,,0.49,2.02,sequences/learning_block1_fixed-middle-10_0{participant_ID}.xlsx,sequences/retrieval_block1_fixed-middle-10_0{participant_ID}.xlsx,6,block1,A,5,,,,,,,,,,,,,,,,,,,,,,,,,,,,4,16,0,5,A,9,6,None,None,None,,,,,,,,,,,,,,,,,0,0,0,0,4,0,4,0,,,,,0,16,16,16,1806.3663987000473,,,,,,,,,,,,,,,,,,,,,,,,,,,,,,,,,,,,,,,,,,,,,,,,,,,,,,,,,,,,,,,,,,,,,,,,,,,,,,,,,,,,,,,,,,,,,,,,,,,,,,,,,,,,,,,,,,,,,,,,,,,,,,,,,,,,,,,,,,,,,,,,,,,,,,,,,,,,,,,,,,,,,,,,,,,,,,,,,,,,,,,,,,,,,,,,,,,,,,,,,,,,,,,,,,,,,,,,,,,,,,,,,,,,,,,,,,,,,,,,,,,,,,,,,,,,,,,1806.35266090004,1806.3663987000473,1806.903023299994,1806.8516909000464,1806.888015500037,1806.903023299994,1807.915226400015,1807.9007357000373,1807.9007735000341,1807.915226400015,1808.1512516000075,1808.177075500018,1808.1831079000258,1809.1819110999932,1809.1689012999996,1809.168974500033,1809.1819110999932,1809.4313511000364,1809.4170498000458,1809.417082800006,1809.4313511000364,1811.4971976000234,1811.4507746000309,1811.4787930000457,1811.4971976000234,1811.4971976000234,1811.4971976000234,1811.4971976000234,1811.4971976000234,1814.4838391999947,None,1814.486074400018,1814.4964357000426,1815.0297804000438,1814.9840598000446,1814.9876392000006,1815.0297804000438,1815.0297804000438,1815.0297804000438,1815.0297804000438,1815.0297804000438,1815.4967006000225,1818.0450133000268,1818.0450133000268,1818.0450133000268,1818.0450133000268,1818.0450133000268,1818.5122265000246,1818.4988593000453,None,1818.501025000005,1818.5122265000246,1819.0112821999937,1818.9974102000124,1814.4964357000426,1814.4964357000426,1814.4964357000426,,,,,,,,,,,,,,,,3,2026-08-10_16h41.09.397,TSRlearn_main-blocks,,2025.1.1,59.8767258062368,2026-08-10 16h41.13.219112 +0200,
,,,,,,,,17,17,0,,,,1,stimuli/ball/ball_11.jpg,stimuli/jacket/jacket_44.jpg,None,no,yes,right,right,3,1.2,0.2,,0.73,1.96,sequences/learning_block1_fixed-middle-10_0{participant_ID}.xlsx,sequences/retrieval_block1_fixed-middle-10_0{participant_ID}.xlsx,6,block1,A,5,,,,,,,,,,,,,,,,,,,,,,,,,,,,4,17,1,5,A,1,10,None,None,None,,,,,,,,,,,,,,,,,0,0,0,0,4,0,4,0,,,,,0,17,17,17,1819.0112821999937,,,,,,,,,,,,,,,,,,,,,,,,,,,,,,,,,,,,,,,,,,,,,,,,,,,,,,,,,,,,,,,,,,,,,,,,,,,,,,,,,,,,,,,,,,,,,,,,,,,,,,,,,,,,,,,,,,,,,,,,,,,,,,,,,,,,,,,,,,,,,,,,,,,,,,,,,,,,,,,,,,,,,,,,,,,,,,,,,,,,,,,,,,,,,,,,,,,,,,,,,,,,,,,,,,,,,,,,,,,,,,,,,,,,,,,,,,,,,,,,,,,,,,,,,,,,,,,1818.997829400003,1819.0112821999937,1819.8656516000046,1819.7318508000462,1819.80918630003,1819.8656516000046,1820.8779591000057,1820.8636974000256,1820.8637417000136,1820.8779591000057,1821.1131380000152,1821.159979899996,1821.201315800019,1822.2110380000086,1822.1982722000103,1822.1983314999961,1822.2110380000086,1822.460269800038,1822.4460857000086,1822.446117400017,1822.460269800038,1824.460424799996,1824.4121324000298,1824.4308791999938,1824.460424799996,1824.460424799996,1824.460424799996,1824.460424799996,1824.460424799996,1827.446968400036,None,1827.449052400014,1827.4589017000399,1827.9919243000331,1827.9447052000323,1827.9473166000098,1827.9919243000331,1827.9919243000331,1827.9919243000331,1827.9919243000331,1827.9919243000331,1828.4583554000128,1830.9911743000266,1830.9911743000266,1830.9911743000266,1830.9911743000266,1830.9911743000266,1831.4583248000126,1831.446473899996,None,1831.4486189000309,1831.4583248000126,1831.9579260000028,1831.9444582000142,,,,1821.201315800019,,,,,,,,,,,,,,,3,2026-08-10_16h41.09.397,TSRlearn_main-blocks,,2025.1.1,59.8767258062368,2026-08-10 16h41.13.219112 +0200,
,,,,,,,,18,18,0,,,,1,stimuli/chair/chair_11.jpg,stimuli/dog/dog_49.jpg,None,no,yes,left,left,4,1.2,0.2,,0.35,2.11,sequences/learning_block1_fixed-middle-10_0{participant_ID}.xlsx,sequences/retrieval_block1_fixed-middle-10_0{participant_ID}.xlsx,6,block1,A,5,,,,,,,,,,,,,,,,,,,,,,,,,,,,4,18,0,5,A,4,5,None,None,None,,,,,,,,,,,,,,,,,0,0,0,0,4,0,4,0,,,,,0,18,18,18,1831.9579260000028,,,,,,,,,,,,,,,,,,,,,,,,,,,,,,,,,,,,,,,,,,,,,,,,,,,,,,,,,,,,,,,,,,,,,,,,,,,,,,,,,,,,,,,,,,,,,,,,,,,,,,,,,,,,,,,,,,,,,,,,,,,,,,,,,,,,,,,,,,,,,,,,,,,,,,,,,,,,,,,,,,,,,,,,,,,,,,,,,,,,,,,,,,,,,,,,,,,,,,,,,,,,,,,,,,,,,,,,,,,,,,,,,,,,,,,,,,,,,,,,,,,,,,,,,,,,,,,1831.9448871000204,1831.9579260000028,1832.329487400013,1832.29245920002,1832.3090534000075,1832.329487400013,1833.3404613000457,1833.3261648000334,1833.32621020003,1833.3404613000457,1833.5757071000407,1833.6261727000237,1833.6600469000405,1834.6733729999978,1834.6601033000043,1834.6601605000324,1834.6733729999978,1834.9228298999951,1834.908369200013,1834.908403700043,1834.9228298999951,1837.0723155000014,1837.0257092000102,1837.053374500014,1837.0723155000014,1837.0723155000014,1837.0723155000014,1837.0723155000014,1837.0723155000014,1840.061298500048,None,1840.064361900033,1840.0722520000418,1840.604368100001,1840.557032300043,1840.55953030003,1840.604368100001,1840.604368100001,1840.604368100001,1840.604368100001,1840.604368100001,1841.0716491000494,1843.6037710999954,1843.6037710999954,1843.6037710999954,1843.6037710999954,1843.6037710999954,1844.070521800022,1844.058545900043,None,1844.06077370001,1844.070521800022,1844.5709165000007,1844.5569638000452,1840.0722520000418,1840.0722520000418,1840.0722520000418,1833.6600469000405,,,,,,,,,,,,,,,3,2026-08-10_16h41.09.397,TSRlearn_main-blocks,,2025.1.1,59.8767258062368,2026-08-10 16h41.13.219112 +0200,
,,,,,,,,19,19,0,,,,1,stimuli/bicycle/bicycle_06.jpg,stimuli/bread/bread_29.jpg,None,yes,no,left,left,2,1.2,0.2,,0.35,2.07,sequences/learning_block1_fixed-middle-10_0{participant_ID}.xlsx,sequences/retrieval_block1_fixed-middle-10_0{participant_ID}.xlsx,6,block1,A,5,,,,,,,,,,,,,,,,,,,,,,,,,,,,4,19,1,5,A,2,3,None,None,None,,,,,,,,,,,,,,,,,0,0,0,0,4,0,4,0,,,,,0,19,19,19,1844.5709165000007,,,,,,,,,,,,,,,,,,,,,,,,,,,,,,,,,,,,,,,,,,,,,,,,,,,,,,,,,,,,,,,,,,,,,,,,,,,,,,,,,,,,,,,,,,,,,,,,,,,,,,,,,,,,,,,,,,,,,,,,,,,,,,,,,,,,,,,,,,,,,,,,,,,,,,,,,,,,,,,,,,,,,,,,,,,,,,,,,,,,,,,,,,,,,,,,,,,,,,,,,,,,,,,,,,,,,,,,,,,,,,,,,,,,,,,,,,,,,,,,,,,,,,,,,,,,,,,1844.557383700041,1844.5709165000007,1844.9397711000056,1844.907305300003,1844.9252324000117,1844.9397711000056,1845.953003600007,1845.938657300023,1845.9387032000232,1845.953003600007,1846.188878200017,1846.228024400014,1846.240188100026,1847.2540737999952,1847.2398110000067,1847.2398699000478,1847.2540737999952,,1847.504720100027,1847.5047771999962,1847.5192249999964,1849.6353741000057,1849.5876769000315,1849.61177030002,1849.6353741000057,1849.6353741000057,1849.6353741000057,1849.6353741000057,1849.6353741000057,1852.6223692000494,None,1852.6253386000171,1852.6341340000508,1853.151400200033,1853.119385500031,1853.1219997000298,1853.151400200033,1853.151400200033,1853.151400200033,1853.151400200033,1853.151400200033,1853.6339948000386,1856.1669751000009,1856.1669751000009,1856.1669751000009,1856.1669751000009,1856.1669751000009,1856.6494927000022,1856.6368434000178,None,1856.6389305000193,1856.6494927000022,1857.1494253000128,1857.1356217000284,,,,,,,,,,,,,,,,,,,3,2026-08-10_16h41.09.397,TSRlearn_main-blocks,,2025.1.1,59.8767258062368,2026-08-10 16h41.13.219112 +0200,
stimuli/lamp/lamp_01.jpg,stimuli/key/key_01.jpg,stimuli/hand/hand_16.jpg,stimuli/house/house_35.jpg,center,left,right,center,0,0,0,,,,,,,,,,,,,,,,,,sequences/learning_block1_fixed-middle-10_0{participant_ID}.xlsx,sequences/retrieval_block1_fixed-middle-10_0{participant_ID}.xlsx,6,1.0,A,6,1,lamp,key,hand,house,0.8,0.36,2,lamp,1,stimuli/lamp/lamp_01.jpg,key,1,stimuli/key/key_01.jpg,pencil,1,stimuli/pencil/pencil_01.jpg,phone,1,stimuli/phone/phone_01.jpg,14,15,8,9,None,,,,,,,,,,,,,,,,,,,,,,,,,,,,,0,0,0,0,5,0,5,0,0,0,0,0,,,,,1859.0348819000064,,,,,,,,,,,,,,,,,,,,,,,,,,,,,,,,,,,,,,,,,,,,,,,,,,,,,,,,,,,,,,,,,,,,,,,,,,,,,,,,,,,,,,,,,,,,,,,,,,,,,,,,,,,,,,,,,,,,,,,,,,,,,,,,,,,,,,,,,,,,,,,,,,,,,,,,,,,,,,,,,,,,,,,,,,,,,,,,,,,,,,,,,,,,,,,,,,,,,,,,,,,,,,,,,,,,1858.1350989000057,1858.1351512999972,1858.1428105999948,1858.1509015000192,1858.6515252999961,1858.9505405999953,1859.0348819000064,1859.0348819000064,1859.0348819000064,1859.0348819000064,1859.0348819000064,1859.0348819000064,1859.0348819000064,0.31546569999773055,1863.7368840000127,None,,,1863.969947500038,1864.0384406000376,1864.0384406000376,1864.0384406000376,1864.0384406000376,1864.0384406000376,1864.0384406000376,1865.019125699997,1865.030196800013,1865.5495558000403,1865.04945770005,1865.04945770005,1865.7818772000028,1865.7818772000028,,,,,,,,,,,,,,,,,,,,,,,,,,,,,,,,,,,,,,,,,,,,,,,,,,,,,,,,,,,,,,,,,,,,,,,,,,1857.143288500025,1857.1433250000118,1857.1433601000463,1857.1494253000128,1858.1509015000192,1858.1348986999947,,,,,3,2026-08-10_16h41.09.397,TSRlearn_main-blocks,,2025.1.1,59.8767258062368,2026-08-10 16h41.13.219112 +0200,
stimuli/key/key_01.jpg,stimuli/hand/hand_16.jpg,stimuli/jacket/jacket_44.jpg,stimuli/pencil/pencil_01.jpg,right,center,left,right,1,1,0,,,,,,,,,,,,,,,,,,sequences/learning_block1_fixed-middle-10_0{participant_ID}.xlsx,sequences/retrieval_block1_fixed-middle-10_0{participant_ID}.xlsx,6,1.0,A,6,2,key,hand,jacket,pencil,0.64,0.31,3,lamp,1,stimuli/lamp/lamp_01.jpg,key,1,stimuli/key/key_01.jpg,pencil,1,stimuli/pencil/pencil_01.jpg,phone,1,stimuli/phone/phone_01.jpg,15,8,10,16,None,,,,,,,,,,,,,,,,,,,,,,,,,,,,,0,0,0,0,5,0,5,0,0,1,1,1,,,,,1865.7818772000028,,,,,,,,,,,,,,,,,,,,,,,,,,,,,,,,,,,,,,,,,,,,,,,,,,,,,,,,,,,,,,,,,,,,,,,,,,,,,,,,,,,,,,,,,,,,,,,,,,,,,,,,,,,,,,,,,,,,,,,,,,,,,,,,,,,,,,,,,,,,,,,,,,,,,,,,,,,,,,,,,,,,,,,,,,,,,,,,,,,,,,,,,,,,,,,,,,,,,,,,,,,,,,,,,,,,,,,,,1865.7065024000476,1865.7818772000028,1865.7818772000028,1865.7818772000028,1865.7818772000028,1865.7818772000028,1865.7818772000028,1865.7818772000028,0.15697940002428368,1870.5666762000183,None,,,1870.7429428000469,1870.7868013000116,1870.7868013000116,1870.7868013000116,1870.7868013000116,1870.7868013000116,1870.7868013000116,1871.7643753000302,1871.7755111000151,1872.2978455999983,1871.7971791000455,1871.7971791000455,1872.5438230000436,1872.5438230000436,,,,,,,,,,,,,,,,,,,,,,,,,,,,,,,,,,,,,,,,,,,,,,,,,,,,,,,,,,,,,,,,,,,,,,,,,,,,,,,,,,,,3,2026-08-10_16h41.09.397,TSRlearn_main-blocks,,2025.1.1,59.8767258062368,2026-08-10 16h41.13.219112 +0200,
stimuli/hand/hand_16.jpg,stimuli/ball/ball_11.jpg,stimuli/chair/chair_11.jpg,stimuli/phone/phone_01.jpg,center,left,right,center,2,2,0,,,,,,,,,,,,,,,,,,sequences/learning_block1_fixed-middle-10_0{participant_ID}.xlsx,sequences/retrieval_block1_fixed-middle-10_0{participant_ID}.xlsx,6,1.0,A,6,3,hand,ball,chair,phone,0.58,0.31,4,lamp,1,stimuli/lamp/lamp_01.jpg,key,1,stimuli/key/key_01.jpg,pencil,1,stimuli/pencil/pencil_01.jpg,phone,1,stimuli/phone/phone_01.jpg,8,1,4,17,None,,,,,,,,,,,,,,,,,,,,,,,,,,,,,0,0,0,0,5,0,5,0,0,2,2,2,,,,,1872.5438230000436,,,,,,,,,,,,,,,,,,,,,,,,,,,,,,,,,,,,,,,,,,,,,,,,,,,,,,,,,,,,,,,,,,,,,,,,,,,,,,,,,,,,,,,,,,,,,,,,,,,,,,,,,,,,,,,,,,,,,,,,,,,,,,,,,,,,,,,,,,,,,,,,,,,,,,,,,,,,,,,,,,,,,,,,,,,,,,,,,,,,,,,,,,,,,,,,,,,,,,,,,,,,,,,,,,,,,,,,,1872.4534519000445,1872.5438230000436,1872.5438230000436,1872.5438230000436,1872.5438230000436,1872.5438230000436,1872.5438230000436,1872.5438230000436,0.15566640003817156,1877.3172922999947,None,,,1877.475002399995,1877.5403322000057,1877.5403322000057,1877.5403322000057,1877.5403322000057,1877.5403322000057,1877.5403322000057,1878.530663500016,1878.541504200024,1879.0615710000275,1878.56260200002,1878.56260200002,1879.292496900016,1879.292496900016,,,,,,,,,,,,,,,,,,,,,,,,,,,,,,,,,,,,,,,,,,,,,,,,,,,,,,,,,,,,,,,,,,,,,,,,,,,,,,,,,,,,3,2026-08-10_16h41.09.397,TSRlearn_main-blocks,,2025.1.1,59.8767258062368,2026-08-10 16h41.13.219112 +0200,
stimuli/ball/ball_11.jpg,stimuli/dog/dog_49.jpg,stimuli/bicycle/bicycle_06.jpg,stimuli/hammer/hammer_16.jpg,left,right,center,left,3,3,0,,,,,,,,,,,,,,,,,,sequences/learning_block1_fixed-middle-10_0{participant_ID}.xlsx,sequences/retrieval_block1_fixed-middle-10_0{participant_ID}.xlsx,6,1.0,A,6,4,ball,dog,bicycle,hammer,0.69,0.47,5,lamp,1,stimuli/lamp/lamp_01.jpg,key,1,stimuli/key/key_01.jpg,pencil,1,stimuli/pencil/pencil_01.jpg,phone,1,stimuli/phone/phone_01.jpg,1,5,2,7,None,,,,,,,,,,,,,,,,,,,,,,,,,,,,,0,0,0,0,5,0,5,0,0,3,3,3,,,,,1879.292496900016,,,,,,,,,,,,,,,,,,,,,,,,,,,,,,,,,,,,,,,,,,,,,,,,,,,,,,,,,,,,,,,,,,,,,,,,,,,,,,,,,,,,,,,,,,,,,,,,,,,,,,,,,,,,,,,,,,,,,,,,,,,,,,,,,,,,,,,,,,,,,,,,,,,,,,,,,,,,,,,,,,,,,,,,,,,,,,,,,,,,,,,,,,,,,,,,,,,,,,,,,,,,,,,,,,,,,,,,,1879.2244195000385,1879.292496900016,1879.292496900016,1879.292496900016,1879.292496900016,1879.292496900016,1879.292496900016,1879.292496900016,0.1629137999843806,1884.0817539000418,None,,,1884.2592964000069,1884.3054910000064,1884.3054910000064,1884.3054910000064,1884.3054910000064,1884.3054910000064,1884.3054910000064,1885.2958106000442,1885.3050482000108,1885.827765599999,1885.3269733000197,1885.3269733000197,1886.0889027999947,1886.0889027999947,,,,,,,,,,,,,,,,,,,,,,,,,,,,,,,,,,,,,,,,,,,,,,,,,,,,,,,,,,,,,,,,,,,,,,,,,,,,,,,,,,,,3,2026-08-10_16h41.09.397,TSRlearn_main-blocks,,2025.1.1,59.8767258062368,2026-08-10 16h41.13.219112 +0200,
stimuli/dog/dog_49.jpg,stimuli/flower/flower_17.jpg,stimuli/pencil/pencil_01.jpg,stimuli/lamp/lamp_01.jpg,center,left,right,center,4,4,0,,,,,,,,,,,,,,,,,,sequences/learning_block1_fixed-middle-10_0{participant_ID}.xlsx,sequences/retrieval_block1_fixed-middle-10_0{participant_ID}.xlsx,6,1.0,A,6,5,dog,flower,pencil,lamp,0.47,0.33,6,lamp,1,stimuli/lamp/lamp_01.jpg,key,1,stimuli/key/key_01.jpg,pencil,1,stimuli/pencil/pencil_01.jpg,phone,1,stimuli/phone/phone_01.jpg,5,6,16,14,None,,,,,,,,,,,,,,,,,,,,,,,,,,,,,0,0,0,0,5,0,5,0,0,4,4,4,,,,,1886.0889027999947,,,,,,,,,,,,,,,,,,,,,,,,,,,,,,,,,,,,,,,,,,,,,,,,,,,,,,,,,,,,,,,,,,,,,,,,,,,,,,,,,,,,,,,,,,,,,,,,,,,,,,,,,,,,,,,,,,,,,,,,,,,,,,,,,,,,,,,,,,,,,,,,,,,,,,,,,,,,,,,,,,,,,,,,,,,,,,,,,,,,,,,,,,,,,,,,,,,,,,,,,,,,,,,,,,,,,,,,,1886.0177952999948,1886.0889027999947,1886.0889027999947,1886.0889027999947,1886.0889027999947,1886.0889027999947,1886.0889027999947,1886.0889027999947,0.19008129998110235,1890.8435914000147,None,,,1891.0227426000056,1891.0735082000028,1891.0735082000028,1891.0735082000028,1891.0735082000028,1891.0735082000028,1891.0735082000028,1892.0580312000238,1892.066629900015,1892.576325400034,1892.0756090000505,1892.0756090000505,1892.7767378000426,1892.7767378000426,,,,,,,,,,,,,,,,,,,,,,,,,,,,,,,,,,,,,,,,,,,,,,,,,,,,,,,,,,,,,,,,,,,,,,,,,,,,,,,,,,,,3,2026-08-10_16h41.09.397,TSRlearn_main-blocks,,2025.1.1,59.8767258062368,2026-08-10 16h41.13.219112 +0200,
stimuli/flower/flower_17.jpg,stimuli/jacket/jacket_44.jpg,stimuli/bicycle/bicycle_06.jpg,stimuli/bread/bread_29.jpg,left,right,center,left,5,5,0,,,,,,,,,,,,,,,,,,sequences/learning_block1_fixed-middle-10_0{participant_ID}.xlsx,sequences/retrieval_block1_fixed-middle-10_0{participant_ID}.xlsx,6,1.0,A,6,6,flower,jacket,bicycle,bread,0.8,0.69,7,lamp,1,stimuli/lamp/lamp_01.jpg,key,1,stimuli/key/key_01.jpg,pencil,1,stimuli/pencil/pencil_01.jpg,phone,1,stimuli/phone/phone_01.jpg,6,10,2,3,None,,,,,,,,,,,,,,,,,,,,,,,,,,,,,0,0,0,0,5,0,5,0,0,5,5,5,,,,,1892.7767378000426,,,,,,,,,,,,,,,,,,,,,,,,,,,,,,,,,,,,,,,,,,,,,,,,,,,,,,,,,,,,,,,,,,,,,,,,,,,,,,,,,,,,,,,,,,,,,,,,,,,,,,,,,,,,,,,,,,,,,,,,,,,,,,,,,,,,,,,,,,,,,,,,,,,,,,,,,,,,,,,,,,,,,,,,,,,,,,,,,,,,,,,,,,,,,,,,,,,,,,,,,,,,,,,,,,,,,,,,,1892.7343129999936,1892.7767378000426,1892.7767378000426,1892.7767378000426,1892.7767378000426,1892.7767378000426,1892.7767378000426,1892.7767378000426,0.15803350001806393,1897.592334200046,None,,,1897.736993700033,1897.7764037000015,1897.7764037000015,1897.7764037000015,1897.7764037000015,1897.7764037000015,1897.7764037000015,1898.755709100049,1898.7667588000186,1899.2884310000227,1898.7888280000188,1898.7888280000188,1899.5193766000448,1899.5193766000448,,,,,,,,,,,,,,,,,,,,,,,,,,,,,,,,,,,,,,,,,,,,,,,,,,,,,,,,,,,,,,,,,,,,,,,,,,,,,,,,,,,,3,2026-08-10_16h41.09.397,TSRlearn_main-blocks,,2025.1.1,59.8767258062368,2026-08-10 16h41.13.219112 +0200,
stimuli/jacket/jacket_44.jpg,stimuli/bicycle/bicycle_06.jpg,stimuli/phone/phone_01.jpg,stimuli/ball/ball_11.jpg,center,left,right,center,6,6,0,,,,,,,,,,,,,,,,,,sequences/learning_block1_fixed-middle-10_0{participant_ID}.xlsx,sequences/retrieval_block1_fixed-middle-10_0{participant_ID}.xlsx,6,1.0,A,6,7,jacket,bicycle,phone,ball,0.53,0.27,8,lamp,1,stimuli/lamp/lamp_01.jpg,key,1,stimuli/key/key_01.jpg,pencil,1,stimuli/pencil/pencil_01.jpg,phone,1,stimuli/phone/phone_01.jpg,10,2,17,1,None,,,,,,,,,,,,,,,,,,,,,,,,,,,,,0,0,0,0,5,0,5,0,0,6,6,6,,,,,1899.5193766000448,,,,,,,,,,,,,,,,,,,,,,,,,,,,,,,,,,,,,,,,,,,,,,,,,,,,,,,,,,,,,,,,,,,,,,,,,,,,,,,,,,,,,,,,,,,,,,,,,,,,,,,,,,,,,,,,,,,,,,,,,,,,,,,,,,,,,,,,,,,,,,,,,,,,,,,,,,,,,,,,,,,,,,,,,,,,,,,,,,,,,,,,,,,,,,,,,,,,,,,,,,,,,,,,,,,,,,,,,1899.4502982000122,1899.5193766000448,1899.5193766000448,1899.5193766000448,1899.5193766000448,1899.5193766000448,1899.5193766000448,1899.5193766000448,0.16192980000050738,1904.3090436000493,None,,,1904.4754804000258,1904.5189929000335,1904.5189929000335,1904.5189929000335,1904.5189929000335,1904.5189929000335,1904.5189929000335,1905.5042914000223,1905.5128131000092,1906.0198509000475,1905.5210030000308,1905.5210030000308,1906.1856205000076,1906.1856205000076,,,,,,,,,,,,,,,,,,,,,,,,,,,,,,,,,,,,,,,,,,,,,,,,,,,,,,,,,,,,,,,,,,,,,,,,,,,,,,,,,,,,3,2026-08-10_16h41.09.397,TSRlearn_main-blocks,,2025.1.1,59.8767258062368,2026-08-10 16h41.13.219112 +0200,
stimuli/bicycle/bicycle_06.jpg,stimuli/chair/chair_11.jpg,stimuli/pencil/pencil_01.jpg,stimuli/flower/flower_17.jpg,center,right,left,center,7,7,0,,,,,,,,,,,,,,,,,,sequences/learning_block1_fixed-middle-10_0{participant_ID}.xlsx,sequences/retrieval_block1_fixed-middle-10_0{participant_ID}.xlsx,6,1.0,A,6,8,bicycle,chair,pencil,flower,0.64,0.2,9,lamp,1,stimuli/lamp/lamp_01.jpg,key,1,stimuli/key/key_01.jpg,pencil,1,stimuli/pencil/pencil_01.jpg,phone,1,stimuli/phone/phone_01.jpg,2,4,16,6,None,,,,,,,,,,,,,,,,,,,,,,,,,,,,,0,0,0,0,5,0,5,0,0,7,7,7,,,,,1906.1856205000076,,,,,,,,,,,,,,,,,,,,,,,,,,,,,,,,,,,,,,,,,,,,,,,,,,,,,,,,,,,,,,,,,,,,,,,,,,,,,,,,,,,,,,,,,,,,,,,,,,,,,,,,,,,,,,,,,,,,,,,,,,,,,,,,,,,,,,,,,,,,,,,,,,,,,,,,,,,,,,,,,,,,,,,,,,,,,,,,,,,,,,,,,,,,,,,,,,,,,,,,,,,,,,,,,,,,,,,,,1906.1217825000058,1906.1856205000076,1906.1856205000076,1906.1856205000076,1906.1856205000076,1906.1856205000076,1906.1856205000076,1906.1856205000076,0.10198320000199601,1911.0379871000187,None,,,1911.1257102999953,1911.162245500018,1911.162245500018,1911.162245500018,1911.162245500018,1911.162245500018,1911.162245500018,1912.1532167000114,1912.1630727000302,1912.684408900037,1912.184501300042,1912.184501300042,1912.8823430000339,1912.8823430000339,,,,,,,,,,,,,,,,,,,,,,,,,,,,,,,,,,,,,,,,,,,,,,,,,,,,,,,,,,,,,,,,,,,,,,,,,,,,,,,,,,,,3,2026-08-10_16h41.09.397,TSRlearn_main-blocks,,2025.1.1,59.8767258062368,2026-08-10 16h41.13.219112 +0200,
stimuli/chair/chair_11.jpg,stimuli/bread/bread_29.jpg,stimuli/hand/hand_16.jpg,stimuli/dog/dog_49.jpg,left,right,center,left,8,8,0,,,,,,,,,,,,,,,,,,sequences/learning_block1_fixed-middle-10_0{participant_ID}.xlsx,sequences/retrieval_block1_fixed-middle-10_0{participant_ID}.xlsx,6,1.0,A,6,9,chair,bread,hand,dog,0.47,0.33,10,lamp,1,stimuli/lamp/lamp_01.jpg,key,1,stimuli/key/key_01.jpg,pencil,1,stimuli/pencil/pencil_01.jpg,phone,1,stimuli/phone/phone_01.jpg,4,3,8,5,None,,,,,,,,,,,,,,,,,,,,,,,,,,,,,0,0,0,0,5,0,5,0,0,8,8,8,,,,,1912.8823430000339,,,,,,,,,,,,,,,,,,,,,,,,,,,,,,,,,,,,,,,,,,,,,,,,,,,,,,,,,,,,,,,,,,,,,,,,,,,,,,,,,,,,,,,,,,,,,,,,,,,,,,,,,,,,,,,,,,,,,,,,,,,,,,,,,,,,,,,,,,,,,,,,,,,,,,,,,,,,,,,,,,,,,,,,,,,,,,,,,,,,,,,,,,,,,,,,,,,,,,,,,,,,,,,,,,,,,,,,,1912.8302878999966,1912.8823430000339,1912.8823430000339,1912.8823430000339,1912.8823430000339,1912.8823430000339,1912.8823430000339,1912.8823430000339,0.14593919995240867,1917.7042689000373,None,,,1917.857425299997,1917.880209200026,1917.880209200026,1917.880209200026,1917.880209200026,1917.880209200026,1917.880209200026,1918.8665991000016,1918.8767789000412,1919.4008840000024,1918.8984560000245,1918.8984560000245,1919.637459999998,1919.637459999998,,,,,,,,,,,,,,,,,,,,,,,,,,,,,,,,,,,,,,,,,,,,,,,,,,,,,,,,,,,,,,,,,,,,,,,,,,,,,,,,,,,,3,2026-08-10_16h41.09.397,TSRlearn_main-blocks,,2025.1.1,59.8767258062368,2026-08-10 16h41.13.219112 +0200,
stimuli/bread/bread_29.jpg,stimuli/house/house_35.jpg,stimuli/pencil/pencil_01.jpg,stimuli/key/key_01.jpg,right,center,left,right,9,9,0,,,,,,,,,,,,,,,,,,sequences/learning_block1_fixed-middle-10_0{participant_ID}.xlsx,sequences/retrieval_block1_fixed-middle-10_0{participant_ID}.xlsx,6,1.0,A,6,10,bread,house,pencil,key,0.75,0.6,11,lamp,1,stimuli/lamp/lamp_01.jpg,key,1,stimuli/key/key_01.jpg,pencil,1,stimuli/pencil/pencil_01.jpg,phone,1,stimuli/phone/phone_01.jpg,3,9,16,15,None,,,,,,,,,,,,,,,,,,,,,,,,,,,,,0,0,0,0,5,0,5,0,0,9,9,9,,,,,1919.637459999998,,,,,,,,,,,,,,,,,,,,,,,,,,,,,,,,,,,,,,,,,,,,,,,,,,,,,,,,,,,,,,,,,,,,,,,,,,,,,,,,,,,,,,,,,,,,,,,,,,,,,,,,,,,,,,,,,,,,,,,,,,,,,,,,,,,,,,,,,,,,,,,,,,,,,,,,,,,,,,,,,,,,,,,,,,,,,,,,,,,,,,,,,,,,,,,,,,,,,,,,,,,,,,,,,,,,,,,,,1919.5795361000346,1919.637459999998,1919.637459999998,1919.637459999998,1919.637459999998,1919.637459999998,1919.637459999998,1919.637459999998,0.17870419996324927,1924.4180782000185,None,,,1924.6060772000346,1924.6403712000465,1924.6403712000465,1924.6403712000465,1924.6403712000465,1924.6403712000465,1924.6403712000465,1925.6313031000318,1925.6411949000321,1926.165068100032,1925.6625940999947,1925.6625940999947,1926.423635300016,1926.423635300016,,,,,,,,,,,,,,,,,,,,,,,,,,,,,,,,,,,,,,,,,,,,,,,,,,,,,,,,,,,,,,,,,,,,,,,,,,,,,,,,,,,,3,2026-08-10_16h41.09.397,TSRlearn_main-blocks,,2025.1.1,59.8767258062368,2026-08-10 16h41.13.219112 +0200,
stimuli/house/house_35.jpg,stimuli/hammer/hammer_16.jpg,stimuli/lamp/lamp_01.jpg,stimuli/ball/ball_11.jpg,center,right,left,center,10,10,0,,,,,,,,,,,,,,,,,,sequences/learning_block1_fixed-middle-10_0{participant_ID}.xlsx,sequences/retrieval_block1_fixed-middle-10_0{participant_ID}.xlsx,6,1.0,A,6,11,house,hammer,lamp,ball,0.73,0.53,12,lamp,1,stimuli/lamp/lamp_01.jpg,key,1,stimuli/key/key_01.jpg,pencil,1,stimuli/pencil/pencil_01.jpg,phone,1,stimuli/phone/phone_01.jpg,9,7,14,1,None,,,,,,,,,,,,,,,,,,,,,,,,,,,,,0,0,0,0,5,0,5,0,0,10,10,10,,,,,1926.423635300016,,,,,,,,,,,,,,,,,,,,,,,,,,,,,,,,,,,,,,,,,,,,,,,,,,,,,,,,,,,,,,,,,,,,,,,,,,,,,,,,,,,,,,,,,,,,,,,,,,,,,,,,,,,,,,,,,,,,,,,,,,,,,,,,,,,,,,,,,,,,,,,,,,,,,,,,,,,,,,,,,,,,,,,,,,,,,,,,,,,,,,,,,,,,,,,,,,,,,,,,,,,,,,,,,,,,,,,,,1926.3611516000237,1926.423635300016,1926.423635300016,1926.423635300016,1926.423635300016,1926.423635300016,1926.423635300016,1926.423635300016,0.19616220000898466,1931.182864100032,None,,,1931.4074043,1931.4678267000127,1931.4678267000127,1931.4678267000127,1931.4678267000127,1931.4678267000127,1931.4678267000127,1932.4620407000184,1932.470034500002,1932.9776818000246,1932.477606200031,1932.477606200031,1933.1621830000076,1933.1621830000076,,,,,,,,,,,,,,,,,,,,,,,,,,,,,,,,,,,,,,,,,,,,,,,,,,,,,,,,,,,,,,,,,,,,,,,,,,,,,,,,,,,,3,2026-08-10_16h41.09.397,TSRlearn_main-blocks,,2025.1.1,59.8767258062368,2026-08-10 16h41.13.219112 +0200,
stimuli/hammer/hammer_16.jpg,stimuli/pencil/pencil_01.jpg,stimuli/hand/hand_16.jpg,stimuli/dog/dog_49.jpg,left,center,right,left,11,11,0,,,,,,,,,,,,,,,,,,sequences/learning_block1_fixed-middle-10_0{participant_ID}.xlsx,sequences/retrieval_block1_fixed-middle-10_0{participant_ID}.xlsx,6,1.0,A,6,12,hammer,pencil,hand,dog,0.67,0.53,13,lamp,1,stimuli/lamp/lamp_01.jpg,key,1,stimuli/key/key_01.jpg,pencil,1,stimuli/pencil/pencil_01.jpg,phone,1,stimuli/phone/phone_01.jpg,7,16,8,5,None,,,,,,,,,,,,,,,,,,,,,,,,,,,,,0,0,0,0,5,0,5,0,0,11,11,11,,,,,1933.1621830000076,,,,,,,,,,,,,,,,,,,,,,,,,,,,,,,,,,,,,,,,,,,,,,,,,,,,,,,,,,,,,,,,,,,,,,,,,,,,,,,,,,,,,,,,,,,,,,,,,,,,,,,,,,,,,,,,,,,,,,,,,,,,,,,,,,,,,,,,,,,,,,,,,,,,,,,,,,,,,,,,,,,,,,,,,,,,,,,,,,,,,,,,,,,,,,,,,,,,,,,,,,,,,,,,,,,,,,,,,1933.1059093000367,1933.1621830000076,1933.1621830000076,1933.1621830000076,1933.1621830000076,1933.1621830000076,1933.1621830000076,1933.1621830000076,0.1282995999790728,1937.9980344000505,None,,,1938.1418002000428,1938.1820079000317,1938.1820079000317,1938.1820079000317,1938.1820079000317,1938.1820079000317,1938.1820079000317,1939.1606643000268,1939.1699625000474,1939.6772313000401,1939.1755103000323,1939.1755103000323,1939.9717336000176,1939.9717336000176,,,,,,,,,,,,,,,,,,,,,,,,,,,,,,,,,,,,,,,,,,,,,,,,,,,,,,,,,,,,,,,,,,,,,,,,,,,,,,,,,,,,3,2026-08-10_16h41.09.397,TSRlearn_main-blocks,,2025.1.1,59.8767258062368,2026-08-10 16h41.13.219112 +0200,
stimuli/pencil/pencil_01.jpg,stimuli/phone/phone_01.jpg,stimuli/ball/ball_11.jpg,stimuli/lamp/lamp_01.jpg,center,left,right,center,12,12,0,,,,,,,,,,,,,,,,,,sequences/learning_block1_fixed-middle-10_0{participant_ID}.xlsx,sequences/retrieval_block1_fixed-middle-10_0{participant_ID}.xlsx,6,1.0,A,6,13,pencil,phone,ball,lamp,0.67,0.26,14,lamp,1,stimuli/lamp/lamp_01.jpg,key,1,stimuli/key/key_01.jpg,pencil,1,stimuli/pencil/pencil_01.jpg,phone,1,stimuli/phone/phone_01.jpg,16,17,1,14,None,,,,,,,,,,,,,,,,,,,,,,,,,,,,,0,0,0,0,5,0,5,0,0,12,12,12,,,,,1939.9717336000176,,,,,,,,,,,,,,,,,,,,,,,,,,,,,,,,,,,,,,,,,,,,,,,,,,,,,,,,,,,,,,,,,,,,,,,,,,,,,,,,,,,,,,,,,,,,,,,,,,,,,,,,,,,,,,,,,,,,,,,,,,,,,,,,,,,,,,,,,,,,,,,,,,,,,,,,,,,,,,,,,,,,,,,,,,,,,,,,,,,,,,,,,,,,,,,,,,,,,,,,,,,,,,,,,,,,,,,,,1939.8846610000473,1939.9717336000176,1939.9717336000176,1939.9717336000176,1939.9717336000176,1939.9717336000176,1939.9717336000176,1939.9717336000176,0.20747650001430884,1944.6952279999969,None,,,1944.9191896000411,1944.9859488000511,1944.9859488000511,1944.9859488000511,1944.9859488000511,1944.9859488000511,1944.9859488000511,1945.974274600041,1945.983550600009,1946.4907007000293,1945.991434000025,1945.991434000025,1946.5047604000429,1946.5047604000429,,,,,,,,,,,,,,,,,,,,,,,,,,,,,,,,,,,,,,,,,,,,,,,,,,,,,,,,,,,,,,,,,,,,,,,,,,,,,,,,,,,,3,2026-08-10_16h41.09.397,TSRlearn_main-blocks,,2025.1.1,59.8767258062368,2026-08-10 16h41.13.219112 +0200,
,,,,,,,,0,0,0,,,,1,stimuli/jacket/jacket_44.jpg,stimuli/house/house_35.jpg,None,yes,no,left,left,4,1.2,0.2,,0.44,1.95,sequences/learning_block1_fixed-middle-10_0{participant_ID}.xlsx,sequences/retrieval_block1_fixed-middle-10_0{participant_ID}.xlsx,6,block1,A,6,,,,,,,,,,,,,,,,,,,,,,,,,,,,0,0,1,6,A,10,9,None,None,None,,,,,,,,,,,,,,,,,0,0,0,0,5,0,5,0,,,,,0,0,0,0,1952.6530837000464,,,,,,,,,,,,,,,,,,,,,,,,,,,,,,,,,,,,,,,,,,,,,,,,,,,,,,,,,,,,,,,,,,,,,,,,,,,,,,,,,,,,,,,,,,,,,,,,,,,,,,,,,,,,,,,,,,,,,,,,,,,,,,,,,,,,,,,,,,,,,,,,,,,,,,,,,,,,,,,,,,,,,,,,,,,,,,,,,,,,,,,,,,,,,,,,,,,,,,,,,,,,,,,,,,,,,,,,,,,,,,,,,,,,,,,,,,,,,,,,,,,,1946.4963606999954,1946.5047604000429,1951.519703500031,1951.505885599996,1951.5060590000357,1951.519703500031,1951.519703500031,1952.5060944000143,None,1952.5062517000479,1952.5063068000018,1952.6472745000501,1952.6530837000464,1953.1771542000351,1953.0883397000143,1953.137053500046,1953.1771542000351,1954.1869062000187,1954.172692000051,1954.1727774000028,1954.1869062000187,1954.4375761999981,1954.471634800022,1954.4882850000286,1955.501814600022,1955.4870889000013,1955.4871356000076,1955.501814600022,,1955.7374854999944,1955.7375422000187,1955.7515176000306,1957.734523800027,1957.6887357000378,1957.7123084000195,1957.734523800027,1957.734523800027,1957.734523800027,1957.734523800027,1957.734523800027,1960.7211620000307,None,1960.7233473000233,1960.7336474000476,1961.2669183000107,1961.219205600035,1961.2218239000067,1961.2669183000107,1961.2669183000107,1961.2669183000107,1961.2669183000107,1961.2669183000107,1961.7330674999976,1964.282203800045,1964.282203800045,1964.282203800045,1964.282203800045,1964.282203800045,1964.732361500035,1964.7194510000409,None,1964.7216035000165,1964.732361500035,1965.231845900009,1965.2174023000407,1960.7336474000476,1960.7336474000476,1960.7336474000476,,,,,,,,,,,,1952.6530837000464,1952.6530837000464,,,3,2026-08-10_16h41.09.397,TSRlearn_main-blocks,,2025.1.1,59.8767258062368,2026-08-10 16h41.13.219112 +0200,
,,,,,,,,1,1,0,,,,1,stimuli/hand/hand_16.jpg,stimuli/bicycle/bicycle_06.jpg,None,no,yes,right,right,5,1.2,0.2,,0.46,2.21,sequences/learning_block1_fixed-middle-10_0{participant_ID}.xlsx,sequences/retrieval_block1_fixed-middle-10_0{participant_ID}.xlsx,6,block1,A,6,,,,,,,,,,,,,,,,,,,,,,,,,,,,0,1,1,6,A,8,2,None,None,None,,,,,,,,,,,,,,,,,0,0,0,0,5,0,5,0,,,,,0,1,1,1,1965.231845900009,,,,,,,,,,,,,,,,,,,,,,,,,,,,,,,,,,,,,,,,,,,,,,,,,,,,,,,,,,,,,,,,,,,,,,,,,,,,,,,,,,,,,,,,,,,,,,,,,,,,,,,,,,,,,,,,,,,,,,,,,,,,,,,,,,,,,,,,,,,,,,,,,,,,,,,,,,,,,,,,,,,,,,,,,,,,,,,,,,,,,,,,,,,,,,,,,,,,,,,,,,,,,,,,,,,,,,,,,,,,,,,,,,,,,,,,,,,,,,,,,,,,,,,,,,,,,,,1965.2178170999978,1965.231845900009,1965.7372116000042,1965.6860607000417,1965.7192535000504,1965.7372116000042,1966.7482559000491,1966.7339557000087,1966.7339997999952,1966.7482559000491,1966.9844827000052,1967.003079200047,1967.0174578000442,1968.0322926000226,1968.0191993000335,1968.0192644000053,1968.0322926000226,,1968.2829394,1968.2829939000076,1968.2975365000311,1970.547510000004,1970.5009337000083,1970.5144557000021,1970.547510000004,1970.547510000004,1970.547510000004,1970.547510000004,1970.547510000004,1973.5159082000027,None,1973.5184019000153,1973.529011000006,1974.0464559000102,1974.015422800032,1974.0183089000056,1974.0464559000102,1974.0464559000102,1974.0464559000102,1974.0464559000102,1974.0464559000102,1974.5297105000354,1977.0615630000248,1977.0615630000248,1977.0615630000248,1977.0615630000248,1977.0615630000248,1977.5450806000154,1977.5319201000384,None,1977.5340119000175,1977.5450806000154,1978.045446700009,1978.031064800045,,,,,,,,,,,,,,,,,,,3,2026-08-10_16h41.09.397,TSRlearn_main-blocks,,2025.1.1,59.8767258062368,2026-08-10 16h41.13.219112 +0200,
,,,,,,,,2,2,0,,,,1,stimuli/flower/flower_17.jpg,stimuli/chair/chair_11.jpg,None,yes,no,left,left,3,1.2,0.2,,0.62,2.17,sequences/learning_block1_fixed-middle-10_0{participant_ID}.xlsx,sequences/retrieval_block1_fixed-middle-10_0{participant_ID}.xlsx,6,block1,A,6,,,,,,,,,,,,,,,,,,,,,,,,,,,,0,2,1,6,A,6,4,None,None,None,,,,,,,,,,,,,,,,,0,0,0,0,5,0,5,0,,,,,0,2,2,2,1978.045446700009,,,,,,,,,,,,,,,,,,,,,,,,,,,,,,,,,,,,,,,,,,,,,,,,,,,,,,,,,,,,,,,,,,,,,,,,,,,,,,,,,,,,,,,,,,,,,,,,,,,,,,,,,,,,,,,,,,,,,,,,,,,,,,,,,,,,,,,,,,,,,,,,,,,,,,,,,,,,,,,,,,,,,,,,,,,,,,,,,,,,,,,,,,,,,,,,,,,,,,,,,,,,,,,,,,,,,,,,,,,,,,,,,,,,,,,,,,,,,,,,,,,,,,,,,,,,,,,1978.0314870000002,1978.045446700009,1978.7136390000232,1978.6643288000487,1978.7002168000326,1978.7136390000232,1979.7277690000483,1979.714569600008,1979.714620200044,1979.7277690000483,1979.9644170000101,1979.9826006000512,1979.9972519000294,1981.0103683000198,1980.9965252000256,1980.9965899999952,1981.0103683000198,,1981.2471383000375,1981.2472012999933,1981.2606856000493,1983.4760952999932,1983.4285911000334,1983.4465925000259,1983.4760952999932,1983.4760952999932,1983.4760952999932,1983.4760952999932,1983.4760952999932,1986.4492876000004,None,1986.4516246000421,1986.4636725000455,1986.991935099999,1986.9613324000384,1986.9636492000427,1986.991935099999,1986.991935099999,1986.991935099999,1986.991935099999,1986.991935099999,1987.4748034999939,1989.9922165000462,1989.9922165000462,1989.9922165000462,1989.9922165000462,1989.9922165000462,1990.4741282000323,1990.4630932,None,1990.4652051000157,1990.4741282000323,1990.9744625000167,1990.9598506000475,,,,1979.9972519000294,,,,,,,,,,,,,,,3,2026-08-10_16h41.09.397,TSRlearn_main-blocks,,2025.1.1,59.8767258062368,2026-08-10 16h41.13.219112 +0200,
,,,,,,,,3,3,0,,,,1,stimuli/hammer/hammer_16.jpg,stimuli/bread/bread_29.jpg,None,no,yes,left,left,2,1.2,0.2,,0.63,1.92,sequences/learning_block1_fixed-middle-10_0{participant_ID}.xlsx,sequences/retrieval_block1_fixed-middle-10_0{participant_ID}.xlsx,6,block1,A,6,,,,,,,,,,,,,,,,,,,,,,,,,,,,0,3,0,6,A,7,3,None,None,None,,,,,,,,,,,,,,,,,0,0,0,0,5,0,5,0,,,,,0,3,3,3,1990.9744625000167,,,,,,,,,,,,,,,,,,,,,,,,,,,,,,,,,,,,,,,,,,,,,,,,,,,,,,,,,,,,,,,,,,,,,,,,,,,,,,,,,,,,,,,,,,,,,,,,,,,,,,,,,,,,,,,,,,,,,,,,,,,,,,,,,,,,,,,,,,,,,,,,,,,,,,,,,,,,,,,,,,,,,,,,,,,,,,,,,,,,,,,,,,,,,,,,,,,,,,,,,,,,,,,,,,,,,,,,,,,,,,,,,,,,,,,,,,,,,,,,,,,,,,,,,,,,,,,1990.9602712000487,1990.9744625000167,1991.6267033000477,1991.5923111000448,1991.6086652000085,1991.6267033000477,1992.6399174000253,1992.6258789999993,1992.6259258000064,1992.6399174000253,1992.875723300036,1992.910628600046,1992.9267110000364,1993.9394491999992,1993.9251216000412,1993.925166400033,1993.9394491999992,,1994.1757437000051,1994.175801000034,1994.1897209000308,1996.1556247000117,1996.1083222000161,1996.1283852000488,1996.1556247000117,1996.1556247000117,1996.1556247000117,1996.1556247000117,1996.1556247000117,1999.1435307000065,None,1999.1460241000168,1999.155616300006,1999.6715959000285,1999.6416536000324,1999.6445403000107,1999.6715959000285,1999.6715959000285,1999.6715959000285,1999.6715959000285,1999.6715959000285,2000.154526600032,2002.672177600034,2002.672177600034,2002.672177600034,2002.672177600034,2002.672177600034,2003.1542828000383,2003.1442777000484,None,2003.1472275000415,2003.1542828000383,2003.6697133000125,2003.6551047000103,1999.155616300006,1999.155616300006,1999.155616300006,1992.9267110000364,,,,,,,,,,,,,,,3,2026-08-10_16h41.09.397,TSRlearn_main-blocks,,2025.1.1,59.8767258062368,2026-08-10 16h41.13.219112 +0200,
,,,,,,,,4,4,0,,,,1,stimuli/bicycle/bicycle_06.jpg,stimuli/ball/ball_11.jpg,None,no,yes,left,left,4,1.2,0.2,,0.63,1.88,sequences/learning_block1_fixed-middle-10_0{participant_ID}.xlsx,sequences/retrieval_block1_fixed-middle-10_0{participant_ID}.xlsx,6,block1,A,6,,,,,,,,,,,,,,,,,,,,,,,,,,,,1,4,0,6,A,2,1,None,None,None,,,,,,,,,,,,,,,,,0,0,0,0,5,0,5,0,,,,,0,4,4,4,2003.6697133000125,,,,,,,,,,,,,,,,,,,,,,,,,,,,,,,,,,,,,,,,,,,,,,,,,,,,,,,,,,,,,,,,,,,,,,,,,,,,,,,,,,,,,,,,,,,,,,,,,,,,,,,,,,,,,,,,,,,,,,,,,,,,,,,,,,,,,,,,,,,,,,,,,,,,,,,,,,,,,,,,,,,,,,,,,,,,,,,,,,,,,,,,,,,,,,,,,,,,,,,,,,,,,,,,,,,,,,,,,,,,,,,,,,,,,,,,,,,,,,,,,,,,,,,,,,,,,,,2003.6555257000146,2003.6697133000125,2004.3229465000331,2004.2896501000505,2004.3099495000206,2004.3229465000331,2005.3359141999972,2005.3214456000132,2005.3214881000458,2005.3359141999972,2005.573723300011,2005.6470295000472,2005.6901583000435,2006.7043069000356,2006.6895160000422,2006.6895657000132,2006.7043069000356,,2006.954059300013,2006.9541207000148,2006.9688638999942,2008.8854767000303,2008.8384609000059,2008.8558571000467,2008.8854767000303,2008.8854767000303,2008.8854767000303,2008.8854767000303,2008.8854767000303,2011.8542864000192,None,2011.856327800022,2011.8672563,2012.3839405000326,2012.3538595000282,2012.3571789000416,2012.3839405000326,2012.3839405000326,2012.3839405000326,2012.3839405000326,2012.3839405000326,2012.866955900041,2015.3829010000336,2015.3829010000336,2015.3829010000336,2015.3829010000336,2015.3829010000336,2015.8670539000304,2015.8551361000282,None,2015.8572340999963,2015.8670539000304,2016.3664147999953,2016.3527605000418,,,,,,,,,,,,,,,,,,,3,2026-08-10_16h41.09.397,TSRlearn_main-blocks,,2025.1.1,59.8767258062368,2026-08-10 16h41.13.219112 +0200,
,,,,,,,,5,5,0,,,,1,stimuli/hand/hand_16.jpg,stimuli/dog/dog_49.jpg,None,no,yes,right,right,2,1.2,0.2,,0.35,1.84,sequences/learning_block1_fixed-middle-10_0{participant_ID}.xlsx,sequences/retrieval_block1_fixed-middle-10_0{participant_ID}.xlsx,6,block1,A,6,,,,,,,,,,,,,,,,,,,,,,,,,,,,1,5,1,6,A,8,5,None,None,None,,,,,,,,,,,,,,,,,0,0,0,0,5,0,5,0,,,,,0,5,5,5,2016.3664147999953,,,,,,,,,,,,,,,,,,,,,,,,,,,,,,,,,,,,,,,,,,,,,,,,,,,,,,,,,,,,,,,,,,,,,,,,,,,,,,,,,,,,,,,,,,,,,,,,,,,,,,,,,,,,,,,,,,,,,,,,,,,,,,,,,,,,,,,,,,,,,,,,,,,,,,,,,,,,,,,,,,,,,,,,,,,,,,,,,,,,,,,,,,,,,,,,,,,,,,,,,,,,,,,,,,,,,,,,,,,,,,,,,,,,,,,,,,,,,,,,,,,,,,,,,,,,,,,2016.353423500026,2016.3664147999953,2016.7516251000343,2016.70105600002,2016.7355125000468,2016.7516251000343,2017.7654886000091,2017.7506464000326,2017.7506916000275,2017.7654886000091,2018.0007245000452,2018.049106999999,2018.073213500029,2019.0821302999975,2019.06832630001,2019.0683863000013,2019.0821302999975,2019.3327022000449,2019.3183535000426,2019.3183979000314,2019.3327022000449,2021.214304800029,2021.1677218000405,2021.183620500029,2021.214304800029,2021.214304800029,2021.214304800029,2021.214304800029,2021.214304800029,2024.1869192000013,None,2024.1899050000357,2024.1972799000214,2024.713784200023,2024.6830783000332,2024.6858099999954,2024.713784200023,2024.713784200023,2024.713784200023,2024.713784200023,2024.713784200023,2025.196462700027,2027.713171600015,2027.713171600015,2027.713171600015,2027.713171600015,2027.713171600015,2028.2129444000311,2028.199910300027,None,2028.2020374000422,2028.2129444000311,2028.7287156000384,2028.714245900046,,,,2018.073213500029,,,,,,,,,,,,,,,3,2026-08-10_16h41.09.397,TSRlearn_main-blocks,,2025.1.1,59.8767258062368,2026-08-10 16h41.13.219112 +0200,
,,,,,,,,6,6,0,,,,1,stimuli/house/house_35.jpg,stimuli/flower/flower_17.jpg,None,no,yes,left,left,5,1.2,0.2,,0.36,1.86,sequences/learning_block1_fixed-middle-10_0{participant_ID}.xlsx,sequences/retrieval_block1_fixed-middle-10_0{participant_ID}.xlsx,6,block1,A,6,,,,,,,,,,,,,,,,,,,,,,,,,,,,1,6,0,6,A,9,6,None,None,None,,,,,,,,,,,,,,,,,0,0,0,0,5,0,5,0,,,,,0,6,6,6,2028.7287156000384,,,,,,,,,,,,,,,,,,,,,,,,,,,,,,,,,,,,,,,,,,,,,,,,,,,,,,,,,,,,,,,,,,,,,,,,,,,,,,,,,,,,,,,,,,,,,,,,,,,,,,,,,,,,,,,,,,,,,,,,,,,,,,,,,,,,,,,,,,,,,,,,,,,,,,,,,,,,,,,,,,,,,,,,,,,,,,,,,,,,,,,,,,,,,,,,,,,,,,,,,,,,,,,,,,,,,,,,,,,,,,,,,,,,,,,,,,,,,,,,,,,,,,,,,,,,,,,2028.7146648000344,2028.7287156000384,2029.1310333000147,2029.080976600002,2029.1142628000234,2029.1310333000147,2030.1466306000366,2030.1325330000254,2030.132595400035,2030.1466306000366,2030.3970568000223,2030.4297495000064,2030.4504536000313,2031.461397200008,2031.4467857000418,2031.446832500049,2031.461397200008,,2031.697825500043,2031.6978839000221,2031.710953300004,2033.610331200005,2033.5628190000425,2033.5813996000215,2033.610331200005,2033.610331200005,2033.610331200005,2033.610331200005,2033.610331200005,2036.5826001000241,None,2036.5855867000064,2036.5938660000102,2037.1258504000143,2037.094668500009,2037.09733650001,2037.1258504000143,2037.1258504000143,2037.1258504000143,2037.1258504000143,2037.1258504000143,2037.609712800011,2040.1251456000027,2040.1251456000027,2040.1251456000027,2040.1251456000027,2040.1251456000027,2040.6248938000062,2040.611726000032,None,2040.6145327000413,2040.6248938000062,2041.1247578000184,2041.1099165000487,,,,,,,,,,,,,,,,,,,3,2026-08-10_16h41.09.397,TSRlearn_main-blocks,,2025.1.1,59.8767258062368,2026-08-10 16h41.13.219112 +0200,
,,,,,,,,7,7,0,,,,1,stimuli/hammer/hammer_16.jpg,stimuli/chair/chair_11.jpg,None,no,yes,left,left,3,1.2,0.2,,0.75,1.93,sequences/learning_block1_fixed-middle-10_0{participant_ID}.xlsx,sequences/retrieval_block1_fixed-middle-10_0{participant_ID}.xlsx,6,block1,A,6,,,,,,,,,,,,,,,,,,,,,,,,,,,,1,7,0,6,A,7,4,None,None,None,,,,,,,,,,,,,,,,,0,0,0,0,5,0,5,0,,,,,0,7,7,7,2041.1247578000184,,,,,,,,,,,,,,,,,,,,,,,,,,,,,,,,,,,,,,,,,,,,,,,,,,,,,,,,,,,,,,,,,,,,,,,,,,,,,,,,,,,,,,,,,,,,,,,,,,,,,,,,,,,,,,,,,,,,,,,,,,,,,,,,,,,,,,,,,,,,,,,,,,,,,,,,,,,,,,,,,,,,,,,,,,,,,,,,,,,,,,,,,,,,,,,,,,,,,,,,,,,,,,,,,,,,,,,,,,,,,,,,,,,,,,,,,,,,,,,,,,,,,,,,,,,,,,,2041.110336200043,2041.1247578000184,2041.8942203000188,2041.861822900013,2041.8790299000102,2041.8942203000188,2042.9085932000307,2042.8929481999949,2042.8930007000454,2042.9085932000307,2043.144580800028,2043.1633926000213,2043.1771497000009,2044.1914487000322,2044.1772779000457,2044.1773241000483,2044.1914487000322,2044.441232000012,2044.4271307000308,2044.42716750002,2044.441232000012,2046.4064179999987,2046.36119960004,2046.3829185000504,2046.4064179999987,2046.4064179999987,2046.4064179999987,2046.4064179999987,2046.4064179999987,2049.3953567999997,None,2049.398390700051,2049.4059065000038,2049.9221542000305,2049.8908503000275,2049.893604400044,2049.9221542000305,2049.9221542000305,2049.9221542000305,2049.9221542000305,2049.9221542000305,2050.405441300012,2052.921889499994,2052.921889499994,2052.921889499994,2052.921889499994,2052.921889499994,2053.4050691000302,2053.394684900006,None,2053.3975695000263,2053.4050691000302,2053.9206409000326,2053.906354000035,2049.4059065000038,2049.4059065000038,2049.4059065000038,,,,,,,,,,,,,,,,3,2026-08-10_16h41.09.397,TSRlearn_main-blocks,,2025.1.1,59.8767258062368,2026-08-10 16h41.13.219112 +0200,
,,,,,,,,8,8,0,,,,1,stimuli/bread/bread_29.jpg,stimuli/dog/dog_49.jpg,None,yes,no,right,right,5,1.2,0.2,,0.57,2.17,sequences/learning_block1_fixed-middle-10_0{participant_ID}.xlsx,sequences/retrieval_block1_fixed-middle-10_0{participant_ID}.xlsx,6,block1,A,6,,,,,,,,,,,,,,,,,,,,,,,,,,,,2,8,0,6,A,3,5,None,None,None,,,,,,,,,,,,,,,,,0,0,0,0,5,0,5,0,,,,,0,8,8,8,2053.9206409000326,,,,,,,,,,,,,,,,,,,,,,,,,,,,,,,,,,,,,,,,,,,,,,,,,,,,,,,,,,,,,,,,,,,,,,,,,,,,,,,,,,,,,,,,,,,,,,,,,,,,,,,,,,,,,,,,,,,,,,,,,,,,,,,,,,,,,,,,,,,,,,,,,,,,,,,,,,,,,,,,,,,,,,,,,,,,,,,,,,,,,,,,,,,,,,,,,,,,,,,,,,,,,,,,,,,,,,,,,,,,,,,,,,,,,,,,,,,,,,,,,,,,,,,,,,,,,,,2053.9067770999973,2053.9206409000326,2054.5401573000127,2054.490678000031,2054.5254145000363,2054.5401573000127,2055.553642600018,2055.5392502000323,2055.5392958000302,2055.553642600018,2055.790068000031,2055.8443874000222,2055.8802645000396,2056.8866954999976,2056.8720516000176,2056.872095700004,2056.8866954999976,,2057.1221839000355,2057.1222717000055,2057.1362762000063,2059.353268100007,2059.307627000031,2059.3290791000472,2059.353268100007,2059.353268100007,2059.353268100007,2059.353268100007,2059.353268100007,2062.339002599998,None,2062.3411273999955,2062.3514552999986,2062.8676442000433,2062.837109600019,2062.8397293000016,2062.8676442000433,2062.8676442000433,2062.8676442000433,2062.8676442000433,2062.8676442000433,2063.3509341000463,2065.8669050000026,2065.8669050000026,2065.8669050000026,2065.8669050000026,2065.8669050000026,2066.350787000032,2066.3391603000346,None,2066.3413922000327,2066.350787000032,2066.849784800026,2066.835737400048,,,,,,,,,,,,,,,,,,,3,2026-08-10_16h41.09.397,TSRlearn_main-blocks,,2025.1.1,59.8767258062368,2026-08-10 16h41.13.219112 +0200,
,,,,,,,,9,9,0,,,,1,stimuli/bicycle/bicycle_06.jpg,stimuli/hammer/hammer_16.jpg,None,no,yes,right,right,4,1.2,0.2,,0.43,1.78,sequences/learning_block1_fixed-middle-10_0{participant_ID}.xlsx,sequences/retrieval_block1_fixed-middle-10_0{participant_ID}.xlsx,6,block1,A,6,,,,,,,,,,,,,,,,,,,,,,,,,,,,2,9,1,6,A,2,7,None,None,None,,,,,,,,,,,,,,,,,0,0,0,0,5,0,5,0,,,,,0,9,9,9,2066.849784800026,,,,,,,,,,,,,,,,,,,,,,,,,,,,,,,,,,,,,,,,,,,,,,,,,,,,,,,,,,,,,,,,,,,,,,,,,,,,,,,,,,,,,,,,,,,,,,,,,,,,,,,,,,,,,,,,,,,,,,,,,,,,,,,,,,,,,,,,,,,,,,,,,,,,,,,,,,,,,,,,,,,,,,,,,,,,,,,,,,,,,,,,,,,,,,,,,,,,,,,,,,,,,,,,,,,,,,,,,,,,,,,,,,,,,,,,,,,,,,,,,,,,,,,,,,,,,,,2066.8361723000417,2066.849784800026,2067.3029950000346,2067.2694906000397,2067.2903703000047,2067.3029950000346,2068.316860700026,2068.302190800023,2068.302251200017,2068.316860700026,2068.5528007000103,2068.5707778000506,2068.590163999994,2069.600388300023,2069.5865160000394,2069.5865796,2069.600388300023,,2069.8511138000176,2069.8511710000457,2069.8655808000476,2071.681974100007,2071.6341412000475,2071.650477300049,2071.681974100007,2071.681974100007,2071.681974100007,2071.681974100007,2071.681974100007,2074.651479299995,None,2074.6535869000363,2074.664506800007,2075.180688499997,2075.1503382000374,2075.1529958000174,2075.180688499997,2075.180688499997,2075.180688499997,2075.180688499997,2075.180688499997,2075.664992300037,2078.1802530999994,2078.1802530999994,2078.1802530999994,2078.1802530999994,2078.1802530999994,2078.680195700028,2078.669226900034,None,2078.6720714000403,2078.680195700028,2079.179732999997,2079.1666250000126,,,,,,,,,,,,,,,,,,,3,2026-08-10_16h41.09.397,TSRlearn_main-blocks,,2025.1.1,59.8767258062368,2026-08-10 16h41.13.219112 +0200,
,,,,,,,,10,10,0,,,,1,stimuli/house/house_35.jpg,stimuli/chair/chair_11.jpg,None,no,yes,left,left,2,1.2,0.2,,0.43,1.92,sequences/learning_block1_fixed-middle-10_0{participant_ID}.xlsx,sequences/retrieval_block1_fixed-middle-10_0{participant_ID}.xlsx,6,block1,A,6,,,,,,,,,,,,,,,,,,,,,,,,,,,,2,10,0,6,A,9,4,None,None,None,,,,,,,,,,,,,,,,,0,0,0,0,5,0,5,0,,,,,0,10,10,10,2079.179732999997,,,,,,,,,,,,,,,,,,,,,,,,,,,,,,,,,,,,,,,,,,,,,,,,,,,,,,,,,,,,,,,,,,,,,,,,,,,,,,,,,,,,,,,,,,,,,,,,,,,,,,,,,,,,,,,,,,,,,,,,,,,,,,,,,,,,,,,,,,,,,,,,,,,,,,,,,,,,,,,,,,,,,,,,,,,,,,,,,,,,,,,,,,,,,,,,,,,,,,,,,,,,,,,,,,,,,,,,,,,,,,,,,,,,,,,,,,,,,,,,,,,,,,,,,,,,,,,2079.167099800019,2079.179732999997,2079.648458300042,2079.5990049000247,2079.6320865000016,2079.648458300042,2080.662311000051,2080.648132500006,2080.6481841000495,2080.662311000051,2080.897756200051,2080.915659200051,2080.933193300036,2081.9452489000396,2081.9317402000306,2081.9317972999997,2081.9452489000396,,2082.1832681000233,2082.1833633000497,2082.1964496000437,2084.1613230000366,2084.114050800039,2084.136998300033,2084.1613230000366,2084.1613230000366,2084.1613230000366,2084.1613230000366,2084.1613230000366,2087.1480225000414,None,2087.150164299994,2087.1610655999975,2087.6770711000427,2087.646660700033,2087.6493522000383,2087.6770711000427,2087.6770711000427,2087.6770711000427,2087.6770711000427,2087.6770711000427,2088.160956900043,2090.6759918000316,2090.6759918000316,2090.6759918000316,2090.6759918000316,2090.6759918000316,2091.176470400009,2091.1633421000442,None,2091.1654694000026,2091.176470400009,2091.675857800001,2091.6629336000187,2087.1610655999975,2087.1610655999975,2087.1610655999975,2080.933193300036,,,,,,,,,,,,,,,3,2026-08-10_16h41.09.397,TSRlearn_main-blocks,,2025.1.1,59.8767258062368,2026-08-10 16h41.13.219112 +0200,
,,,,,,,,11,11,0,,,,1,stimuli/jacket/jacket_44.jpg,stimuli/ball/ball_11.jpg,None,yes,no,right,right,3,1.2,0.2,,0.49,2.17,sequences/learning_block1_fixed-middle-10_0{participant_ID}.xlsx,sequences/retrieval_block1_fixed-middle-10_0{participant_ID}.xlsx,6,block1,A,6,,,,,,,,,,,,,,,,,,,,,,,,,,,,2,11,0,6,A,10,1,None,None,None,,,,,,,,,,,,,,,,,0,0,0,0,5,0,5,0,,,,,0,11,11,11,2091.675857800001,,,,,,,,,,,,,,,,,,,,,,,,,,,,,,,,,,,,,,,,,,,,,,,,,,,,,,,,,,,,,,,,,,,,,,,,,,,,,,,,,,,,,,,,,,,,,,,,,,,,,,,,,,,,,,,,,,,,,,,,,,,,,,,,,,,,,,,,,,,,,,,,,,,,,,,,,,,,,,,,,,,,,,,,,,,,,,,,,,,,,,,,,,,,,,,,,,,,,,,,,,,,,,,,,,,,,,,,,,,,,,,,,,,,,,,,,,,,,,,,,,,,,,,,,,,,,,,2091.663690700021,2091.675857800001,2092.2500118000316,2092.162024600024,2092.215033900051,2092.2500118000316,2093.258389100025,2093.243583500036,2093.24362860003,2093.258389100025,2093.4937772999983,2093.5844581000274,2093.639484800049,2094.641878399998,2094.627742600045,2094.6278291000053,2094.641878399998,,2094.877985100029,2094.8781047000084,2094.8922136000474,2097.1070611000177,2097.0592282,2097.077292300004,2097.1070611000177,2097.1070611000177,2097.1070611000177,2097.1070611000177,2097.1070611000177,2100.077526600042,None,2100.079656100017,2100.090166000009,2100.606467100035,2100.575069400016,2100.577618600044,2100.606467100035,2100.606467100035,2100.606467100035,2100.606467100035,2100.606467100035,2101.0893365000375,2103.6216769000166,2103.6216769000166,2103.6216769000166,2103.6216769000166,2103.6216769000166,2104.0890443000244,2104.0766911000246,None,2104.0789691000246,2104.0890443000244,2104.589049000002,2104.5765913000214,,,,,,,,,,,,,,,,,,,3,2026-08-10_16h41.09.397,TSRlearn_main-blocks,,2025.1.1,59.8767258062368,2026-08-10 16h41.13.219112 +0200,
,,,,,,,,12,12,0,,,,1,stimuli/bread/bread_29.jpg,stimuli/flower/flower_17.jpg,None,yes,no,right,right,4,1.2,0.2,,0.42,1.99,sequences/learning_block1_fixed-middle-10_0{participant_ID}.xlsx,sequences/retrieval_block1_fixed-middle-10_0{participant_ID}.xlsx,6,block1,A,6,,,,,,,,,,,,,,,,,,,,,,,,,,,,3,12,0,6,A,3,6,None,None,None,,,,,,,,,,,,,,,,,0,0,0,0,5,0,5,0,,,,,0,12,12,12,2104.589049000002,,,,,,,,,,,,,,,,,,,,,,,,,,,,,,,,,,,,,,,,,,,,,,,,,,,,,,,,,,,,,,,,,,,,,,,,,,,,,,,,,,,,,,,,,,,,,,,,,,,,,,,,,,,,,,,,,,,,,,,,,,,,,,,,,,,,,,,,,,,,,,,,,,,,,,,,,,,,,,,,,,,,,,,,,,,,,,,,,,,,,,,,,,,,,,,,,,,,,,,,,,,,,,,,,,,,,,,,,,,,,,,,,,,,,,,,,,,,,,,,,,,,,,,,,,,,,,,2104.577329099993,2104.589049000002,2105.061911800003,2105.0076560000307,2105.0401275000186,2105.061911800003,2106.0712154000066,2106.0572952000075,2106.0573326000012,2106.0712154000066,2106.3083946999977,2106.3432247000164,2106.3583920000237,2107.3711071000434,2107.356973999995,2107.3570130000007,2107.3711071000434,2107.6200335000176,2107.6059902000125,2107.6060176000465,2107.6200335000176,2109.6531776000047,2109.6049213000224,2109.6288637000252,2109.6531776000047,2109.6531776000047,2109.6531776000047,2109.6531776000047,2109.6531776000047,2112.6395659000264,None,2112.6416593000176,2112.6523976000026,2113.1691103000194,2113.137976100028,2113.141097200045,2113.1691103000194,2113.1691103000194,2113.1691103000194,2113.1691103000194,2113.1691103000194,2113.6517055000295,2116.1679509000387,2116.1679509000387,2116.1679509000387,2116.1679509000387,2116.1679509000387,2116.6509929000167,2116.638002499996,None,2116.640233300044,2116.6509929000167,2117.1516010000487,2117.1372945000185,2112.6523976000026,2112.6523976000026,2112.6523976000026,,,,,,,,,,,,,,,,3,2026-08-10_16h41.09.397,TSRlearn_main-blocks,,2025.1.1,59.8767258062368,2026-08-10 16h41.13.219112 +0200,
,,,,,,,,13,13,0,,,,1,stimuli/dog/dog_49.jpg,stimuli/jacket/jacket_44.jpg,None,yes,no,left,left,2,1.2,0.2,,0.7,2,sequences/learning_block1_fixed-middle-10_0{participant_ID}.xlsx,sequences/retrieval_block1_fixed-middle-10_0{participant_ID}.xlsx,6,block1,A,6,,,,,,,,,,,,,,,,,,,,,,,,,,,,3,13,1,6,A,5,10,None,None,None,,,,,,,,,,,,,,,,,0,0,0,0,5,0,5,0,,,,,0,13,13,13,2117.1516010000487,,,,,,,,,,,,,,,,,,,,,,,,,,,,,,,,,,,,,,,,,,,,,,,,,,,,,,,,,,,,,,,,,,,,,,,,,,,,,,,,,,,,,,,,,,,,,,,,,,,,,,,,,,,,,,,,,,,,,,,,,,,,,,,,,,,,,,,,,,,,,,,,,,,,,,,,,,,,,,,,,,,,,,,,,,,,,,,,,,,,,,,,,,,,,,,,,,,,,,,,,,,,,,,,,,,,,,,,,,,,,,,,,,,,,,,,,,,,,,,,,,,,,,,,,,,,,,,2117.137947500043,2117.1516010000487,2117.926527200034,2117.852715899993,2117.9040738000185,2117.926527200034,2118.9346872000024,2118.9214206000324,2118.921488300024,2118.9346872000024,2119.169805600017,2119.2203895000275,2119.241644900001,2120.24992750003,2120.2352283000364,2120.2352747000405,2120.24992750003,,2120.4867084000143,2120.48677030002,2120.5009639000054,2122.5493928000215,2122.502417300013,2122.529242700024,2122.5493928000215,2122.5493928000215,2122.5493928000215,2122.5493928000215,2122.5493928000215,2125.5353370000375,None,2125.537425799994,2125.5481853000238,2126.0816989000305,2126.0348823000095,2126.0382146000047,2126.0816989000305,2126.0816989000305,2126.0816989000305,2126.0816989000305,2126.0816989000305,2126.5484528000234,2129.097017000022,2129.097017000022,2129.097017000022,2129.097017000022,2129.097017000022,2129.5479636000236,2129.537021099997,None,2129.5402158000506,2129.5479636000236,2130.047832900018,2130.033218400029,,,,2119.241644900001,,,,,,,,,,,,,,,3,2026-08-10_16h41.09.397,TSRlearn_main-blocks,,2025.1.1,59.8767258062368,2026-08-10 16h41.13.219112 +0200,
,,,,,,,,14,14,0,,,,1,stimuli/house/house_35.jpg,stimuli/bicycle/bicycle_06.jpg,None,yes,no,right,right,3,1.2,0.2,,0.44,1.92,sequences/learning_block1_fixed-middle-10_0{participant_ID}.xlsx,sequences/retrieval_block1_fixed-middle-10_0{participant_ID}.xlsx,6,block1,A,6,,,,,,,,,,,,,,,,,,,,,,,,,,,,3,14,0,6,A,9,2,None,None,None,,,,,,,,,,,,,,,,,0,0,0,0,5,0,5,0,,,,,0,14,14,14,2130.047832900018,,,,,,,,,,,,,,,,,,,,,,,,,,,,,,,,,,,,,,,,,,,,,,,,,,,,,,,,,,,,,,,,,,,,,,,,,,,,,,,,,,,,,,,,,,,,,,,,,,,,,,,,,,,,,,,,,,,,,,,,,,,,,,,,,,,,,,,,,,,,,,,,,,,,,,,,,,,,,,,,,,,,,,,,,,,,,,,,,,,,,,,,,,,,,,,,,,,,,,,,,,,,,,,,,,,,,,,,,,,,,,,,,,,,,,,,,,,,,,,,,,,,,,,,,,,,,,,2130.033639600035,2130.047832900018,2130.535619500035,2130.4827020000084,2130.520108900033,2130.535619500035,2131.5468699000194,2131.5329899000353,2131.5330355000333,2131.5468699000194,2131.7813042000053,2131.797621500038,2131.818494600011,2132.829225499998,2132.8151746000513,2132.815221500001,2132.829225499998,2133.0802739000064,2133.0652304000105,2133.0652652000426,2133.0802739000064,2135.062442900031,2134.9989205000456,2135.027750100009,2135.062442900031,2135.062442900031,2135.062442900031,2135.062442900031,2135.062442900031,2138.031448900001,None,2138.034477900015,2138.0443582000444,2138.5607591000153,2138.5293919999967,2138.53191900003,2138.5607591000153,2138.5607591000153,2138.5607591000153,2138.5607591000153,2138.5607591000153,2139.044773200003,2141.560539100028,2141.560539100028,2141.560539100028,2141.560539100028,2141.560539100028,2142.061559499998,2142.048932500009,None,2142.05232040002,2142.061559499998,2142.5759795000195,2142.5617040000507,,,,2131.818494600011,,,,,,,,,,,,,,,3,2026-08-10_16h41.09.397,TSRlearn_main-blocks,,2025.1.1,59.8767258062368,2026-08-10 16h41.13.219112 +0200,
,,,,,,,,15,15,0,,,,1,stimuli/ball/ball_11.jpg,stimuli/chair/chair_11.jpg,None,yes,no,left,left,5,1.2,0.2,,0.54,2.24,sequences/learning_block1_fixed-middle-10_0{participant_ID}.xlsx,sequences/retrieval_block1_fixed-middle-10_0{participant_ID}.xlsx,6,block1,A,6,,,,,,,,,,,,,,,,,,,,,,,,,,,,3,15,1,6,A,1,4,None,None,None,,,,,,,,,,,,,,,,,0,0,0,0,5,0,5,0,,,,,0,15,15,15,2142.5759795000195,,,,,,,,,,,,,,,,,,,,,,,,,,,,,,,,,,,,,,,,,,,,,,,,,,,,,,,,,,,,,,,,,,,,,,,,,,,,,,,,,,,,,,,,,,,,,,,,,,,,,,,,,,,,,,,,,,,,,,,,,,,,,,,,,,,,,,,,,,,,,,,,,,,,,,,,,,,,,,,,,,,,,,,,,,,,,,,,,,,,,,,,,,,,,,,,,,,,,,,,,,,,,,,,,,,,,,,,,,,,,,,,,,,,,,,,,,,,,,,,,,,,,,,,,,,,,,,2142.5621333000017,2142.5759795000195,2143.2108109000255,2143.1122986000264,2143.1871455000364,2143.2108109000255,2144.2268215000513,2144.2135609000106,2144.2136115000467,2144.2268215000513,2144.4625941000413,2144.482252100017,2144.495496300049,2145.508471500012,2145.494293100026,2145.494338700024,2145.508471500012,,2145.7450278000324,2145.7451338000246,2145.758777900017,2148.0413387000444,2147.9952544000116,2148.0238211000105,2148.0413387000444,2148.0413387000444,2148.0413387000444,2148.0413387000444,2148.0413387000444,2151.0288172000437,None,2151.0309559000307,2151.0409842000226,2151.5737785000238,2151.5425701000495,2151.5451314999955,2151.5737785000238,2151.5737785000238,2151.5737785000238,2151.5737785000238,2151.5737785000238,2152.056296100025,2154.5731831000303,2154.5731831000303,2154.5731831000303,2154.5731831000303,2154.5731831000303,2155.0558251000475,2155.0427575000213,None,2155.0448406000505,2155.0558251000475,2155.5552070999984,2155.5411476000445,2151.0409842000226,2151.0409842000226,2151.0409842000226,2144.495496300049,,,,,,,,,,,,,,,3,2026-08-10_16h41.09.397,TSRlearn_main-blocks,,2025.1.1,59.8767258062368,2026-08-10 16h41.13.219112 +0200,
,,,,,,,,16,16,0,,,,1,stimuli/hand/hand_16.jpg,stimuli/flower/flower_17.jpg,None,yes,no,left,left,3,1.2,0.2,,0.4,2.19,sequences/learning_block1_fixed-middle-10_0{participant_ID}.xlsx,sequences/retrieval_block1_fixed-middle-10_0{participant_ID}.xlsx,6,block1,A,6,,,,,,,,,,,,,,,,,,,,,,,,,,,,4,16,1,6,A,8,6,None,None,None,,,,,,,,,,,,,,,,,0,0,0,0,5,0,5,0,,,,,0,16,16,16,2155.5552070999984,,,,,,,,,,,,,,,,,,,,,,,,,,,,,,,,,,,,,,,,,,,,,,,,,,,,,,,,,,,,,,,,,,,,,,,,,,,,,,,,,,,,,,,,,,,,,,,,,,,,,,,,,,,,,,,,,,,,,,,,,,,,,,,,,,,,,,,,,,,,,,,,,,,,,,,,,,,,,,,,,,,,,,,,,,,,,,,,,,,,,,,,,,,,,,,,,,,,,,,,,,,,,,,,,,,,,,,,,,,,,,,,,,,,,,,,,,,,,,,,,,,,,,,,,,,,,,,2155.541566800035,2155.5552070999984,2155.9949063000386,2155.940923700051,2155.9721742999973,2155.9949063000386,2157.0057910000323,2156.9916348000406,2156.991679900035,2157.0057910000323,2157.2406476000324,2157.274974300002,2157.290590000048,2158.305173300032,2158.2917841000017,2158.291845700005,2158.305173300032,2158.5542410000344,2158.539639500028,2158.5396728000487,2158.5542410000344,2160.787349499995,2160.7404026000295,2160.7603946000454,2160.787349499995,2160.787349499995,2160.787349499995,2160.787349499995,2160.787349499995,2163.7743450000416,None,2163.777452500013,2163.7863355000154,2164.3204827000154,2164.2732126000337,2164.276103100041,2164.3204827000154,2164.3204827000154,2164.3204827000154,2164.3204827000154,2164.3204827000154,2164.7869538000086,2167.335618400015,2167.335618400015,2167.335618400015,2167.335618400015,2167.335618400015,2167.802668200049,2167.790164100006,None,2167.79237140005,2167.802668200049,2168.319029200007,2168.30573370005,,,,2157.290590000048,,,,,,,,,,,,,,,3,2026-08-10_16h41.09.397,TSRlearn_main-blocks,,2025.1.1,59.8767258062368,2026-08-10 16h41.13.219112 +0200,
,,,,,,,,17,17,0,,,,1,stimuli/jacket/jacket_44.jpg,stimuli/hammer/hammer_16.jpg,None,no,yes,right,right,5,1.2,0.2,,0.54,1.85,sequences/learning_block1_fixed-middle-10_0{participant_ID}.xlsx,sequences/retrieval_block1_fixed-middle-10_0{participant_ID}.xlsx,6,block1,A,6,,,,,,,,,,,,,,,,,,,,,,,,,,,,4,17,1,6,A,10,7,None,None,None,,,,,,,,,,,,,,,,,0,0,0,0,5,0,5,0,,,,,0,17,17,17,2168.319029200007,,,,,,,,,,,,,,,,,,,,,,,,,,,,,,,,,,,,,,,,,,,,,,,,,,,,,,,,,,,,,,,,,,,,,,,,,,,,,,,,,,,,,,,,,,,,,,,,,,,,,,,,,,,,,,,,,,,,,,,,,,,,,,,,,,,,,,,,,,,,,,,,,,,,,,,,,,,,,,,,,,,,,,,,,,,,,,,,,,,,,,,,,,,,,,,,,,,,,,,,,,,,,,,,,,,,,,,,,,,,,,,,,,,,,,,,,,,,,,,,,,,,,,,,,,,,,,,2168.3063415000215,2168.319029200007,2168.925552300003,2168.8547584000044,2168.9010826000012,2168.925552300003,2169.934293700033,2169.9193104000296,2169.9193564000307,2169.934293700033,2170.170296700031,2170.1877697000164,2170.2035808000364,2171.21715890005,2171.2050019000308,2171.2050703000277,2171.21715890005,2171.468064500019,2171.453898100008,2171.4539313000278,2171.468064500019,2173.3664144000504,2173.3184103000094,2173.337039100006,2173.3664144000504,2173.3664144000504,2173.3664144000504,2173.3664144000504,2173.3664144000504,2176.3372832000023,None,2176.3394845000003,2176.3497908000136,2176.8817787000444,2176.850502700021,2176.8531143,2176.8817787000444,2176.8817787000444,2176.8817787000444,2176.8817787000444,2176.8817787000444,2177.365285800013,2179.8820754000335,2179.8820754000335,2179.8820754000335,2179.8820754000335,2179.8820754000335,2180.3649496000144,2180.3529926000047,None,2180.355172700016,2180.3649496000144,2180.8640386000043,2180.849618600041,,,,,,,,,,,,,,,,,,,3,2026-08-10_16h41.09.397,TSRlearn_main-blocks,,2025.1.1,59.8767258062368,2026-08-10 16h41.13.219112 +0200,
,,,,,,,,18,18,0,,,,1,stimuli/bread/bread_29.jpg,stimuli/bicycle/bicycle_06.jpg,None,yes,no,right,right,2,1.2,0.2,,0.48,1.85,sequences/learning_block1_fixed-middle-10_0{participant_ID}.xlsx,sequences/retrieval_block1_fixed-middle-10_0{participant_ID}.xlsx,6,block1,A,6,,,,,,,,,,,,,,,,,,,,,,,,,,,,4,18,0,6,A,3,2,None,None,None,,,,,,,,,,,,,,,,,0,0,0,0,5,0,5,0,,,,,0,18,18,18,2180.8640386000043,,,,,,,,,,,,,,,,,,,,,,,,,,,,,,,,,,,,,,,,,,,,,,,,,,,,,,,,,,,,,,,,,,,,,,,,,,,,,,,,,,,,,,,,,,,,,,,,,,,,,,,,,,,,,,,,,,,,,,,,,,,,,,,,,,,,,,,,,,,,,,,,,,,,,,,,,,,,,,,,,,,,,,,,,,,,,,,,,,,,,,,,,,,,,,,,,,,,,,,,,,,,,,,,,,,,,,,,,,,,,,,,,,,,,,,,,,,,,,,,,,,,,,,,,,,,,,,2180.850046000036,2180.8640386000043,2181.3859728000243,2181.3323571000365,2181.3640817000414,2181.3859728000243,2182.3972113000345,2182.382536100049,2182.382580100035,2182.3972113000345,2182.633838000009,2182.6528520000284,2182.666573400027,2183.6803703000187,2183.6664807000197,2183.666538999998,2183.6803703000187,,2183.9166221000487,2183.9166830000468,2183.930836900021,2185.8135434000287,2185.7670746000367,2185.7850539000356,2185.8135434000287,2185.8135434000287,2185.8135434000287,2185.8135434000287,2185.8135434000287,2188.7999312000466,None,2188.8020758000202,2188.8116310000187,2189.3452373000327,2189.2970829000114,2189.300495900039,2189.3452373000327,2189.3452373000327,2189.3452373000327,2189.3452373000327,2189.3452373000327,2189.8125128000393,2192.3440142000327,2192.3440142000327,2192.3440142000327,2192.3440142000327,2192.3440142000327,2192.8282405000064,2192.8154272999964,None,2192.817547500017,2192.8282405000064,2193.344235400029,2193.3301401000354,,,,,,,,,,,,,,,,,,,3,2026-08-10_16h41.09.397,TSRlearn_main-blocks,,2025.1.1,59.8767258062368,2026-08-10 16h41.13.219112 +0200,
,,,,,,,,19,19,0,,,,1,stimuli/dog/dog_49.jpg,stimuli/chair/chair_11.jpg,None,no,yes,right,right,4,1.2,0.2,,0.62,1.96,sequences/learning_block1_fixed-middle-10_0{participant_ID}.xlsx,sequences/retrieval_block1_fixed-middle-10_0{participant_ID}.xlsx,6,block1,A,6,,,,,,,,,,,,,,,,,,,,,,,,,,,,4,19,1,6,A,5,4,None,None,None,,,,,,,,,,,,,,,,,0,0,0,0,5,0,5,0,,,,,0,19,19,19,2193.344235400029,,,,,,,,,,,,,,,,,,,,,,,,,,,,,,,,,,,,,,,,,,,,,,,,,,,,,,,,,,,,,,,,,,,,,,,,,,,,,,,,,,,,,,,,,,,,,,,,,,,,,,,,,,,,,,,,,,,,,,,,,,,,,,,,,,,,,,,,,,,,,,,,,,,,,,,,,,,,,,,,,,,,,,,,,,,,,,,,,,,,,,,,,,,,,,,,,,,,,,,,,,,,,,,,,,,,,,,,,,,,,,,,,,,,,,,,,,,,,,,,,,,,,,,,,,,,,,,2193.3308558000135,2193.344235400029,2194.051247299998,2193.962154900015,2194.0153852000367,2194.051247299998,2195.059754500049,2195.045340600016,2195.0453976000426,2195.059754500049,2195.2949015000486,2195.311145600048,2195.328857400047,2196.3425349000026,2196.328050400014,2196.3280962000135,2196.3425349000026,,2196.5793501000153,2196.5794367000344,2196.5933829999994,2198.5917590000317,2198.546494600014,2198.570159099996,2198.5917590000317,2198.5917590000317,2198.5917590000317,2198.5917590000317,2198.5917590000317,2201.57812260004,None,2201.5811450000037,2201.591070100025,2202.107127299998,2202.0762538000126,2202.0791624000412,2202.107127299998,2202.107127299998,2202.107127299998,2202.107127299998,2202.107127299998,2202.591149300046,2205.107198100013,2205.107198100013,2205.107198100013,2205.107198100013,2205.107198100013,2205.606300000043,2205.5935687000165,None,2205.5960302000167,2205.606300000043,2206.1058795000426,2206.091272599995,2201.591070100025,2201.591070100025,2201.591070100025,2195.328857400047,,,,,,,,,,,,,,,3,2026-08-10_16h41.09.397,TSRlearn_main-blocks,,2025.1.1,59.8767258062368,2026-08-10 16h41.13.219112 +0200,
,,,,,,,,0,0,0,,,,,,,,,,,,,,,,,,sequences/learning_block2_fixed-middle-10_0{participant_ID}.xlsx,sequences/retrieval_block2_fixed-middle-10_0{participant_ID}.xlsx,4,,,,,,,,,,,,,,,,,,,,,,,,,,,,,,,,,,,,,,,,,,,,,,,,,,,,,,,,,0,1,1,1,0,0,0,0,,,,,,,,,,,,,,,,,,,,,,,,,,,,,,,,,,,,,,,,,,,,,,,,,,,,,,,,,,,,,,,,,,,,,,,,,,,,,,,,,,,,,,,,,,,,,,,,,,,,,,,,,,,,,,,,,,,,,,,,,,,,,,,,,,,,,,,,,,,,,,,,,,,,,,,,,,,,,,,,,,,,,,,,,,,,,,,,,,,,,,,,,,,,,,,,,,,,,,,,,,,,,,,,,,,,,,,,,,,2207.092706300027,2207.0927463000407,2207.092992699996,2207.093046299997,,,,,,,,,,,,,,,,,,,,,,,,,,,,,,,,,,,,,,,,,,,,,,,,,,,,,,,,,,,,,,,,,,,,,,,,,,,,,,,,,,,,,,,,,,,,,,,,,,,,,,,,2206.097535800014,2206.0975722000003,2206.0976049000164,2206.1058795000426,,2207.0912763000233,,,,,,,,,,,,
