subject	trial_type	block_name	sequence_name	route_num	trial_num	component_label	concept_label	concept_exemplar	onset	duration	type_of_stimulus	trigger_value	trigger_onset	trigger_delay	response_time	press_onset_est	response	response_meaning	expected_response	correct	distance_correct
3	instruction	n/a	n/a	n/a	n/a	instruction_part1	n/a	n/a	0.030954100016970187	3.203584000002593	instruction_text	255	0.031004399992525578	5.029997555539012e-05	n/a	n/a	n/a	n/a	n/a	n/a	n/a
3	n/a	n/a	n/a	n/a	n/a	exp_start	n/a	n/a	0.031004399992525578	0.0	trigger	255	n/a	n/a	n/a	n/a	n/a	n/a	n/a	n/a	n/a
3	learn	1.0	A	1	1	current_image	lamp/lamp_01.jpg	lamp/lamp_01.jpg	124.4141259000171	0.6477435000124387	image	n/a	n/a	n/a	n/a	n/a	n/a	n/a	n/a	n/a	n/a
3	learn	1.0	A	1	1	corr_next_image	key/key_01.jpg	key/key_01.jpg	124.4141259000171	0.6477503000060096	image	15	124.4142211000435	9.520002640783787e-05	n/a	n/a	n/a	n/a	n/a	n/a	n/a
3	learn	1.0	A	1	1	distractor 01 (close)	bicycle/bicycle_06.jpg	bicycle/bicycle_06.jpg	124.4141259000171	0.647755199985113	image	n/a	n/a	n/a	n/a	n/a	n/a	n/a	n/a	n/a	n/a
3	learn	1.0	A	1	1	distractor 02 (far)	bread/bread_29.jpg	bread/bread_29.jpg	124.4141259000171	0.6477599000209011	image	n/a	n/a	n/a	n/a	n/a	n/a	n/a	n/a	n/a	n/a
3	n/a	n/a	n/a	n/a	n/a	choice_display	n/a	n/a	124.4142211000435	0.0	trigger	15	n/a	n/a	n/a	n/a	n/a	n/a	n/a	n/a	n/a
3	learn	1.0	A	1	1	n/a	n/a	n/a	124.94700720004039	0.0	choice	n/a	n/a	n/a	0.5948728999937885	125.00899880001089	b	right	right	1	n/a
3	n/a	1.0	A	1	1	image_selected	n/a	n/a	124.9470501000178	0.0	trigger	51	n/a	n/a	n/a	n/a	n/a	n/a	n/a	n/a	n/a
3	learn	1.0	A	1	1	correct_moving	n/a	n/a	125.30917220003903	0.9864192999666557	feedback	52	125.30930170003558	0.0001294999965466559	n/a	n/a	n/a	n/a	n/a	n/a	n/a
3	n/a	n/a	n/a	n/a	n/a	feedback	n/a	n/a	125.30930170003558	0.0	trigger	52	n/a	n/a	n/a	n/a	n/a	n/a	n/a	n/a	n/a
3	learn	1.0	A	1	2	current_image	key/key_01.jpg	key/key_01.jpg	126.55898610001896	0.1183100999915041	image	n/a	n/a	n/a	n/a	n/a	n/a	n/a	n/a	n/a	n/a
3	learn	1.0	A	1	2	corr_next_image	hand/hand_16.jpg	hand/hand_16.jpg	126.55898610001896	0.1183170999865979	image	8	126.55906790000154	8.179998258128762e-05	n/a	n/a	n/a	n/a	n/a	n/a	n/a
3	learn	1.0	A	1	2	distractor 01 (close)	flower/flower_17.jpg	flower/flower_17.jpg	126.55898610001896	0.11832160002086312	image	n/a	n/a	n/a	n/a	n/a	n/a	n/a	n/a	n/a	n/a
3	learn	1.0	A	1	2	distractor 02 (far)	chair/chair_11.jpg	chair/chair_11.jpg	126.55898610001896	0.11832599999615923	image	n/a	n/a	n/a	n/a	n/a	n/a	n/a	n/a	n/a	n/a
3	n/a	n/a	n/a	n/a	n/a	choice_display	n/a	n/a	126.55906790000154	0.0	trigger	8	n/a	n/a	n/a	n/a	n/a	n/a	n/a	n/a	n/a
3	learn	1.0	A	1	2	n/a	n/a	n/a	126.56409810000332	0.0	choice	n/a	n/a	n/a	0.027332100027706474	126.58631820004666	g	left	right	0	n/a
3	n/a	1.0	A	1	2	image_selected	n/a	n/a	126.56414660002338	0.0	trigger	51	n/a	n/a	n/a	n/a	n/a	n/a	n/a	n/a	n/a
3	learn	1.0	A	1	2	correct_moving	n/a	n/a	126.85431130003417	0.9885642000008374	feedback	52	126.85438560001785	7.429998368024826e-05	n/a	n/a	n/a	n/a	n/a	n/a	n/a
3	n/a	n/a	n/a	n/a	n/a	feedback	n/a	n/a	126.85438560001785	0.0	trigger	52	n/a	n/a	n/a	n/a	n/a	n/a	n/a	n/a	n/a
3	learn	1.0	A	1	3	current_image	hand/hand_16.jpg	hand/hand_16.jpg	128.084169400041	0.2589334999793209	image	n/a	n/a	n/a	n/a	n/a	n/a	n/a	n/a	n/a	n/a
3	learn	1.0	A	1	3	corr_next_image	ball/ball_11.jpg	ball/ball_11.jpg	128.084169400041	0.25894039997365326	image	1	128.08423340000445	6.399996345862746e-05	n/a	n/a	n/a	n/a	n/a	n/a	n/a
3	learn	1.0	A	1	3	distractor 01 (close)	dog/dog_49.jpg	dog/dog_49.jpg	128.084169400041	0.2589450999512337	image	n/a	n/a	n/a	n/a	n/a	n/a	n/a	n/a	n/a	n/a
3	learn	1.0	A	1	3	distractor 02 (far)	house/house_35.jpg	house/house_35.jpg	128.084169400041	0.2589494999847375	image	n/a	n/a	n/a	n/a	n/a	n/a	n/a	n/a	n/a	n/a
3	n/a	n/a	n/a	n/a	n/a	choice_display	n/a	n/a	128.08423340000445	0.0	trigger	1	n/a	n/a	n/a	n/a	n/a	n/a	n/a	n/a	n/a
3	learn	1.0	A	1	3	n/a	n/a	n/a	128.22786720003933	0.0	choice	n/a	n/a	n/a	0.1899828999885358	128.27415230002953	r	center	center	1	n/a
3	n/a	1.0	A	1	3	image_selected	n/a	n/a	128.2279030000209	0.0	trigger	51	n/a	n/a	n/a	n/a	n/a	n/a	n/a	n/a	n/a
3	learn	1.0	A	1	3	correct_moving	n/a	n/a	128.57506810000632	0.9833028999855742	feedback	52	128.57521520002047	0.00014710001414641738	n/a	n/a	n/a	n/a	n/a	n/a	n/a
3	n/a	n/a	n/a	n/a	n/a	feedback	n/a	n/a	128.57521520002047	0.0	trigger	52	n/a	n/a	n/a	n/a	n/a	n/a	n/a	n/a	n/a
3	learn	1.0	A	1	4	current_image	ball/ball_11.jpg	ball/ball_11.jpg	129.77553560002707	0.20295679999981076	image	n/a	n/a	n/a	n/a	n/a	n/a	n/a	n/a	n/a	n/a
3	learn	1.0	A	1	4	corr_next_image	dog/dog_49.jpg	dog/dog_49.jpg	129.77553560002707	0.20297220000065863	image	5	129.77559279999696	5.719996988773346e-05	n/a	n/a	n/a	n/a	n/a	n/a	n/a
3	learn	1.0	A	1	4	distractor 01 (close)	jacket/jacket_44.jpg	jacket/jacket_44.jpg	129.77553560002707	0.2029828999657184	image	n/a	n/a	n/a	n/a	n/a	n/a	n/a	n/a	n/a	n/a
3	learn	1.0	A	1	4	distractor 02 (far)	phone/phone_01.jpg	phone/phone_01.jpg	129.77553560002707	0.20299059996614233	image	n/a	n/a	n/a	n/a	n/a	n/a	n/a	n/a	n/a	n/a
3	n/a	n/a	n/a	n/a	n/a	choice_display	n/a	n/a	129.77559279999696	0.0	trigger	5	n/a	n/a	n/a	n/a	n/a	n/a	n/a	n/a	n/a
3	learn	1.0	A	1	4	n/a	n/a	n/a	129.8770230000373	0.0	choice	n/a	n/a	n/a	0.12156449997564778	129.89710010000272	b	right	center	0	n/a
3	n/a	1.0	A	1	4	image_selected	n/a	n/a	129.87705280003138	0.0	trigger	51	n/a	n/a	n/a	n/a	n/a	n/a	n/a	n/a	n/a
3	learn	1.0	A	1	4	correct_moving	n/a	n/a	130.22280470002443	0.986837700009346	feedback	52	130.22286750003695	6.280001252889633e-05	n/a	n/a	n/a	n/a	n/a	n/a	n/a
3	n/a	n/a	n/a	n/a	n/a	feedback	n/a	n/a	130.22286750003695	0.0	trigger	52	n/a	n/a	n/a	n/a	n/a	n/a	n/a	n/a	n/a
3	learn	1.0	A	1	5	current_image	dog/dog_49.jpg	dog/dog_49.jpg	131.38921300001675	0.3203282000031322	image	n/a	n/a	n/a	n/a	n/a	n/a	n/a	n/a	n/a	n/a
3	learn	1.0	A	1	5	corr_next_image	flower/flower_17.jpg	flower/flower_17.jpg	131.38921300001675	0.32033770001726225	image	6	131.38932020001812	0.00010720000136643648	n/a	n/a	n/a	n/a	n/a	n/a	n/a
3	learn	1.0	A	1	5	distractor 01 (close)	bread/bread_29.jpg	bread/bread_29.jpg	131.38921300001675	0.32034470001235604	image	n/a	n/a	n/a	n/a	n/a	n/a	n/a	n/a	n/a	n/a
3	learn	1.0	A	1	5	distractor 02 (far)	hammer/hammer_16.jpg	hammer/hammer_16.jpg	131.38921300001675	0.3203514000051655	image	n/a	n/a	n/a	n/a	n/a	n/a	n/a	n/a	n/a	n/a
3	n/a	n/a	n/a	n/a	n/a	choice_display	n/a	n/a	131.38932020001812	0.0	trigger	6	n/a	n/a	n/a	n/a	n/a	n/a	n/a	n/a	n/a
3	learn	1.0	A	1	5	n/a	n/a	n/a	131.60894150001695	0.0	choice	n/a	n/a	n/a	0.25069820001954213	131.6399112000363	g	left	left	1	n/a
3	n/a	1.0	A	1	5	image_selected	n/a	n/a	131.60897160001332	0.0	trigger	51	n/a	n/a	n/a	n/a	n/a	n/a	n/a	n/a	n/a
3	learn	1.0	A	1	5	correct_moving	n/a	n/a	131.86703339999076	0.9916570000350475	feedback	52	131.86711019999348	7.680000271648169e-05	n/a	n/a	n/a	n/a	n/a	n/a	n/a
3	n/a	n/a	n/a	n/a	n/a	feedback	n/a	n/a	131.86711019999348	0.0	trigger	52	n/a	n/a	n/a	n/a	n/a	n/a	n/a	n/a	n/a
3	learn	1.0	A	1	6	current_image	flower/flower_17.jpg	flower/flower_17.jpg	133.01538400002755	0.27665289997821674	image	n/a	n/a	n/a	n/a	n/a	n/a	n/a	n/a	n/a	n/a
3	learn	1.0	A	1	6	corr_next_image	jacket/jacket_44.jpg	jacket/jacket_44.jpg	133.01538400002755	0.2766622999915853	image	10	133.01544899999863	6.499997107312083e-05	n/a	n/a	n/a	n/a	n/a	n/a	n/a
3	learn	1.0	A	1	6	distractor 01 (close)	chair/chair_11.jpg	chair/chair_11.jpg	133.01538400002755	0.27666719997068867	image	n/a	n/a	n/a	n/a	n/a	n/a	n/a	n/a	n/a	n/a
3	learn	1.0	A	1	6	distractor 02 (far)	pencil/pencil_01.jpg	pencil/pencil_01.jpg	133.01538400002755	0.2766717000049539	image	n/a	n/a	n/a	n/a	n/a	n/a	n/a	n/a	n/a	n/a
3	n/a	n/a	n/a	n/a	n/a	choice_display	n/a	n/a	133.01544899999863	0.0	trigger	10	n/a	n/a	n/a	n/a	n/a	n/a	n/a	n/a	n/a
3	learn	1.0	A	1	6	n/a	n/a	n/a	133.17653910000809	0.0	choice	n/a	n/a	n/a	0.17263099999399856	133.18801500002155	b	right	right	1	n/a
3	n/a	1.0	A	1	6	image_selected	n/a	n/a	133.17658030003076	0.0	trigger	51	n/a	n/a	n/a	n/a	n/a	n/a	n/a	n/a	n/a
3	learn	1.0	A	1	6	correct_moving	n/a	n/a	133.4153370000422	0.9916518999962136	feedback	52	133.41541910002707	8.209998486563563e-05	n/a	n/a	n/a	n/a	n/a	n/a	n/a
3	n/a	n/a	n/a	n/a	n/a	feedback	n/a	n/a	133.41541910002707	0.0	trigger	52	n/a	n/a	n/a	n/a	n/a	n/a	n/a	n/a	n/a
3	learn	1.0	A	1	7	current_image	jacket/jacket_44.jpg	jacket/jacket_44.jpg	134.60416149999946	4.819759100035299	image	n/a	n/a	n/a	n/a	n/a	n/a	n/a	n/a	n/a	n/a
3	learn	1.0	A	1	7	corr_next_image	bicycle/bicycle_06.jpg	bicycle/bicycle_06.jpg	134.60416149999946	4.819768899993505	image	2	134.60423080000328	6.930000381544232e-05	n/a	n/a	n/a	n/a	n/a	n/a	n/a
3	learn	1.0	A	1	7	distractor 01 (close)	hand/hand_16.jpg	hand/hand_16.jpg	134.60416149999946	4.819775700045284	image	n/a	n/a	n/a	n/a	n/a	n/a	n/a	n/a	n/a	n/a
3	learn	1.0	A	1	7	distractor 02 (far)	dog/dog_49.jpg	dog/dog_49.jpg	134.60416149999946	4.81978220003657	image	n/a	n/a	n/a	n/a	n/a	n/a	n/a	n/a	n/a	n/a
3	n/a	n/a	n/a	n/a	n/a	choice_display	n/a	n/a	134.60423080000328	0.0	trigger	2	n/a	n/a	n/a	n/a	n/a	n/a	n/a	n/a	n/a
3	learn	1.0	A	1	7	correct_moving	n/a	n/a	139.60540890000993	0.9832472000271082	feedback	52	139.6054708000156	6.19000056758523e-05	n/a	n/a	n/a	n/a	n/a	n/a	n/a
3	n/a	n/a	n/a	n/a	n/a	feedback	n/a	n/a	139.6054708000156	0.0	trigger	52	n/a	n/a	n/a	n/a	n/a	n/a	n/a	n/a	n/a
3	learn	1.0	A	1	8	current_image	bicycle/bicycle_06.jpg	bicycle/bicycle_06.jpg	141.37300429999596	4.767714100016747	image	n/a	n/a	n/a	n/a	n/a	n/a	n/a	n/a	n/a	n/a
3	learn	1.0	A	1	8	corr_next_image	chair/chair_11.jpg	chair/chair_11.jpg	141.37300429999596	4.767724600038491	image	4	141.37307160004275	6.73000467941165e-05	n/a	n/a	n/a	n/a	n/a	n/a	n/a
3	learn	1.0	A	1	8	distractor 01 (close)	key/key_01.jpg	key/key_01.jpg	141.37300429999596	4.767732300038915	image	n/a	n/a	n/a	n/a	n/a	n/a	n/a	n/a	n/a	n/a
3	learn	1.0	A	1	8	distractor 02 (far)	ball/ball_11.jpg	ball/ball_11.jpg	141.37300429999596	4.767739900038578	image	n/a	n/a	n/a	n/a	n/a	n/a	n/a	n/a	n/a	n/a
3	n/a	n/a	n/a	n/a	n/a	choice_display	n/a	n/a	141.37307160004275	0.0	trigger	4	n/a	n/a	n/a	n/a	n/a	n/a	n/a	n/a	n/a
3	learn	1.0	A	1	8	correct_moving	n/a	n/a	146.43696250003995	0.983574999962002	feedback	52	146.43706930003827	0.00010679999832063913	n/a	n/a	n/a	n/a	n/a	n/a	n/a
3	n/a	n/a	n/a	n/a	n/a	feedback	n/a	n/a	146.43706930003827	0.0	trigger	52	n/a	n/a	n/a	n/a	n/a	n/a	n/a	n/a	n/a
3	learn	1.0	A	1	9	current_image	chair/chair_11.jpg	chair/chair_11.jpg	148.20793360000243	4.765755500004161	image	n/a	n/a	n/a	n/a	n/a	n/a	n/a	n/a	n/a	n/a
3	learn	1.0	A	1	9	corr_next_image	bread/bread_29.jpg	bread/bread_29.jpg	148.20793360000243	4.765765800024383	image	3	148.20803000003798	9.640003554522991e-05	n/a	n/a	n/a	n/a	n/a	n/a	n/a
3	learn	1.0	A	1	9	distractor 01 (close)	lamp/lamp_01.jpg	lamp/lamp_01.jpg	148.20793360000243	4.765772900020238	image	n/a	n/a	n/a	n/a	n/a	n/a	n/a	n/a	n/a	n/a
3	learn	1.0	A	1	9	distractor 02 (far)	flower/flower_17.jpg	flower/flower_17.jpg	148.20793360000243	4.765779500012286	image	n/a	n/a	n/a	n/a	n/a	n/a	n/a	n/a	n/a	n/a
3	n/a	n/a	n/a	n/a	n/a	choice_display	n/a	n/a	148.20803000003798	0.0	trigger	3	n/a	n/a	n/a	n/a	n/a	n/a	n/a	n/a	n/a
3	learn	1.0	A	1	9	correct_moving	n/a	n/a	153.20061970001552	0.9861083999858238	feedback	52	153.20067910000216	5.9399986639618874e-05	n/a	n/a	n/a	n/a	n/a	n/a	n/a
3	n/a	n/a	n/a	n/a	n/a	feedback	n/a	n/a	153.20067910000216	0.0	trigger	52	n/a	n/a	n/a	n/a	n/a	n/a	n/a	n/a	n/a
3	learn	1.0	A	1	10	current_image	bread/bread_29.jpg	bread/bread_29.jpg	154.94767790002516	4.789106099982746	image	n/a	n/a	n/a	n/a	n/a	n/a	n/a	n/a	n/a	n/a
3	learn	1.0	A	1	10	corr_next_image	house/house_35.jpg	house/house_35.jpg	154.94767790002516	4.789116400002968	image	9	154.9477343999897	5.64999645575881e-05	n/a	n/a	n/a	n/a	n/a	n/a	n/a
3	learn	1.0	A	1	10	distractor 01 (close)	ball/ball_11.jpg	ball/ball_11.jpg	154.94767790002516	4.78912400000263	image	n/a	n/a	n/a	n/a	n/a	n/a	n/a	n/a	n/a	n/a
3	learn	1.0	A	1	10	distractor 02 (far)	bicycle/bicycle_06.jpg	bicycle/bicycle_06.jpg	154.94767790002516	4.789131500001531	image	n/a	n/a	n/a	n/a	n/a	n/a	n/a	n/a	n/a	n/a
3	n/a	n/a	n/a	n/a	n/a	choice_display	n/a	n/a	154.9477343999897	0.0	trigger	9	n/a	n/a	n/a	n/a	n/a	n/a	n/a	n/a	n/a
3	learn	1.0	A	1	10	correct_moving	n/a	n/a	159.95938240003306	0.9900003999937326	feedback	52	159.95947350002825	9.109999518841505e-05	n/a	n/a	n/a	n/a	n/a	n/a	n/a
3	n/a	n/a	n/a	n/a	n/a	feedback	n/a	n/a	159.95947350002825	0.0	trigger	52	n/a	n/a	n/a	n/a	n/a	n/a	n/a	n/a	n/a
3	learn	1.0	A	1	11	current_image	house/house_35.jpg	house/house_35.jpg	161.69507170002908	4.78864360001171	image	n/a	n/a	n/a	n/a	n/a	n/a	n/a	n/a	n/a	n/a
3	learn	1.0	A	1	11	corr_next_image	hammer/hammer_16.jpg	hammer/hammer_16.jpg	161.69507170002908	4.788652799965348	image	7	161.69512869999744	5.6999968364834785e-05	n/a	n/a	n/a	n/a	n/a	n/a	n/a
3	learn	1.0	A	1	11	distractor 01 (close)	key/key_01.jpg	key/key_01.jpg	161.69507170002908	4.788659700017888	image	n/a	n/a	n/a	n/a	n/a	n/a	n/a	n/a	n/a	n/a
3	learn	1.0	A	1	11	distractor 02 (far)	dog/dog_49.jpg	dog/dog_49.jpg	161.69507170002908	4.788666800013743	image	n/a	n/a	n/a	n/a	n/a	n/a	n/a	n/a	n/a	n/a
3	n/a	n/a	n/a	n/a	n/a	choice_display	n/a	n/a	161.69512869999744	0.0	trigger	7	n/a	n/a	n/a	n/a	n/a	n/a	n/a	n/a	n/a
3	learn	1.0	A	1	11	correct_moving	n/a	n/a	166.71387939999113	0.9837744000251405	feedback	52	166.7139669000171	8.750002598389983e-05	n/a	n/a	n/a	n/a	n/a	n/a	n/a
3	n/a	n/a	n/a	n/a	n/a	feedback	n/a	n/a	166.7139669000171	0.0	trigger	52	n/a	n/a	n/a	n/a	n/a	n/a	n/a	n/a	n/a
3	learn	1.0	A	1	12	current_image	hammer/hammer_16.jpg	hammer/hammer_16.jpg	168.4065796000068	4.8070386000326835	image	n/a	n/a	n/a	n/a	n/a	n/a	n/a	n/a	n/a	n/a
3	learn	1.0	A	1	12	corr_next_image	pencil/pencil_01.jpg	pencil/pencil_01.jpg	168.4065796000068	4.807045500027016	image	16	168.4066407000064	6.10999995842576e-05	n/a	n/a	n/a	n/a	n/a	n/a	n/a
3	learn	1.0	A	1	12	distractor 01 (close)	lamp/lamp_01.jpg	lamp/lamp_01.jpg	168.4065796000068	4.807050100003835	image	n/a	n/a	n/a	n/a	n/a	n/a	n/a	n/a	n/a	n/a
3	learn	1.0	A	1	12	distractor 02 (far)	jacket/jacket_44.jpg	jacket/jacket_44.jpg	168.4065796000068	4.8070547000388615	image	n/a	n/a	n/a	n/a	n/a	n/a	n/a	n/a	n/a	n/a
3	n/a	n/a	n/a	n/a	n/a	choice_display	n/a	n/a	168.4066407000064	0.0	trigger	16	n/a	n/a	n/a	n/a	n/a	n/a	n/a	n/a	n/a
3	learn	1.0	A	1	12	correct_moving	n/a	n/a	173.39106220001122	0.9875991999870166	feedback	52	173.39115189999575	8.969998452812433e-05	n/a	n/a	n/a	n/a	n/a	n/a	n/a
3	n/a	n/a	n/a	n/a	n/a	feedback	n/a	n/a	173.39115189999575	0.0	trigger	52	n/a	n/a	n/a	n/a	n/a	n/a	n/a	n/a	n/a
3	learn	1.0	A	1	13	current_image	pencil/pencil_01.jpg	pencil/pencil_01.jpg	175.02068980003241	4.874630199978128	image	n/a	n/a	n/a	n/a	n/a	n/a	n/a	n/a	n/a	n/a
3	learn	1.0	A	1	13	corr_next_image	phone/phone_01.jpg	phone/phone_01.jpg	175.02068980003241	4.874636999971699	image	17	175.0207413000171	5.1499984692782164e-05	n/a	n/a	n/a	n/a	n/a	n/a	n/a
3	learn	1.0	A	1	13	distractor 01 (close)	hand/hand_16.jpg	hand/hand_16.jpg	175.02068980003241	4.8746418000082485	image	n/a	n/a	n/a	n/a	n/a	n/a	n/a	n/a	n/a	n/a
3	learn	1.0	A	1	13	distractor 02 (far)	bread/bread_29.jpg	bread/bread_29.jpg	175.02068980003241	4.874646699987352	image	n/a	n/a	n/a	n/a	n/a	n/a	n/a	n/a	n/a	n/a
3	n/a	n/a	n/a	n/a	n/a	choice_display	n/a	n/a	175.0207413000171	0.0	trigger	17	n/a	n/a	n/a	n/a	n/a	n/a	n/a	n/a	n/a
3	learn	1.0	A	1	13	correct_moving	n/a	n/a	180.0178886000067	0.99262540001655	feedback	52	180.01796289999038	7.429998368024826e-05	n/a	n/a	n/a	n/a	n/a	n/a	n/a
3	n/a	n/a	n/a	n/a	n/a	feedback	n/a	n/a	180.01796289999038	0.0	trigger	52	n/a	n/a	n/a	n/a	n/a	n/a	n/a	n/a	n/a
3	learn	1.0	A	1	13	fix_cross_replay_break	n/a	n/a	181.557111800008	5.014222266680264	replay_break	53	181.55713640002068	2.4600012693554163e-05	n/a	n/a	n/a	n/a	n/a	n/a	n/a
3	n/a	n/a	n/a	n/a	n/a	replay_break	n/a	n/a	181.55713640002068	0.0	trigger	53	n/a	n/a	n/a	n/a	n/a	n/a	n/a	n/a	n/a
3	n/a	n/a	n/a	n/a	n/a	replay_break_end	n/a	n/a	186.55713239999022	0.0	trigger	54	n/a	n/a	n/a	n/a	n/a	n/a	n/a	n/a	n/a
3	retr_1	block1	A	n/a	0	retrieval_ITIcross	n/a	n/a	187.85543220001273	0.3335753666508765	fixcross	n/a	n/a	n/a	n/a	n/a	n/a	n/a	n/a	n/a	5
3	retr_1	block1	A	n/a	0	image_1_retr	bread/bread_29.jpg	bread/bread_29.jpg	188.22470449999673	1.0126991666659535	image	3	188.2247382000205	3.370002377778292e-05	n/a	n/a	n/a	n/a	n/a	n/a	n/a
3	n/a	n/a	n/a	n/a	n/a	image_1_retr	n/a	n/a	188.2247382000205	0.0	trigger	3	n/a	n/a	n/a	n/a	n/a	n/a	n/a	n/a	n/a
3	retr_1	block1	A	n/a	0	image_2_retr	dog/dog_49.jpg	dog/dog_49.jpg	189.56401580001693	1.0075776666674585	image	5	189.5640648000408	4.900002386420965e-05	n/a	n/a	n/a	n/a	n/a	n/a	n/a
3	n/a	n/a	n/a	n/a	n/a	image_2_retr	n/a	n/a	189.5640648000408	0.0	trigger	5	n/a	n/a	n/a	n/a	n/a	n/a	n/a	n/a	n/a
3	n/a	n/a	n/a	n/a	n/a	reflection_start	n/a	n/a	190.82005440001376	0.0	trigger	31	n/a	n/a	n/a	n/a	n/a	n/a	n/a	n/a	n/a
3	n/a	n/a	n/a	n/a	n/a	reflection_end	n/a	n/a	192.92438270000275	0.0	trigger	32	n/a	n/a	n/a	n/a	n/a	n/a	n/a	n/a	n/a
3	n/a	n/a	n/a	n/a	n/a	order_options	n/a	n/a	192.98727949999738	0.0	trigger	59	n/a	n/a	n/a	n/a	n/a	n/a	n/a	n/a	n/a
3	n/a	n/a	n/a	n/a	n/a	distance_options	n/a	n/a	196.48519600002328	0.0	trigger	58	n/a	n/a	n/a	n/a	n/a	n/a	n/a	n/a	n/a
3	retr_distance	block1	A	n/a	0	n/a	n/a	n/a	199.95831670000916	0.0	choice	n/a	n/a	n/a	[]	n/a	m	n/a	5	False	5
3	retr_1	block1	A	n/a	1	retrieval_ITIcross	n/a	n/a	200.46783070004312	0.26589496666954915	fixcross	n/a	n/a	n/a	n/a	n/a	n/a	n/a	n/a	n/a	3
3	retr_1	block1	A	n/a	1	image_1_retr	flower/flower_17.jpg	flower/flower_17.jpg	200.76887550001265	1.015218666700349	image	6	200.7689190999954	4.3599982745945454e-05	n/a	n/a	n/a	n/a	n/a	n/a	n/a
3	n/a	n/a	n/a	n/a	n/a	image_1_retr	n/a	n/a	200.7689190999954	0.0	trigger	6	n/a	n/a	n/a	n/a	n/a	n/a	n/a	n/a	n/a
3	retr_1	block1	A	n/a	1	image_2_retr	hand/hand_16.jpg	hand/hand_16.jpg	202.08913320000283	1.0104245666919098	image	8	202.0891713000019	3.809999907389283e-05	n/a	n/a	n/a	n/a	n/a	n/a	n/a
3	n/a	n/a	n/a	n/a	n/a	image_2_retr	n/a	n/a	202.0891713000019	0.0	trigger	8	n/a	n/a	n/a	n/a	n/a	n/a	n/a	n/a	n/a
3	n/a	n/a	n/a	n/a	n/a	reflection_start	n/a	n/a	203.34993080003187	0.0	trigger	31	n/a	n/a	n/a	n/a	n/a	n/a	n/a	n/a	n/a
3	n/a	n/a	n/a	n/a	n/a	reflection_end	n/a	n/a	205.1689664000296	0.0	trigger	32	n/a	n/a	n/a	n/a	n/a	n/a	n/a	n/a	n/a
3	n/a	n/a	n/a	n/a	n/a	order_options	n/a	n/a	205.21640850004042	0.0	trigger	59	n/a	n/a	n/a	n/a	n/a	n/a	n/a	n/a	n/a
3	n/a	n/a	n/a	n/a	n/a	distance_options	n/a	n/a	208.7161347999936	0.0	trigger	58	n/a	n/a	n/a	n/a	n/a	n/a	n/a	n/a	n/a
3	retr_distance	block1	A	n/a	1	n/a	n/a	n/a	212.20236210001167	0.0	choice	n/a	n/a	n/a	[]	n/a	m	n/a	3	False	3
3	retr_1	block1	A	n/a	2	retrieval_ITIcross	n/a	n/a	212.71381290000863	0.7323120666590341	fixcross	n/a	n/a	n/a	n/a	n/a	n/a	n/a	n/a	n/a	4
3	retr_1	block1	A	n/a	2	image_1_retr	bicycle/bicycle_06.jpg	bicycle/bicycle_06.jpg	213.46619540004758	1.013524966609367	image	2	213.46623150003143	3.609998384490609e-05	n/a	n/a	n/a	n/a	n/a	n/a	n/a
3	n/a	n/a	n/a	n/a	n/a	image_1_retr	n/a	n/a	213.46623150003143	0.0	trigger	2	n/a	n/a	n/a	n/a	n/a	n/a	n/a	n/a	n/a
3	retr_1	block1	A	n/a	2	image_2_retr	hammer/hammer_16.jpg	hammer/hammer_16.jpg	214.74914450000506	1.0139825666595073	image	7	214.74917980004102	3.530003596097231e-05	n/a	n/a	n/a	n/a	n/a	n/a	n/a
3	n/a	n/a	n/a	n/a	n/a	image_2_retr	n/a	n/a	214.74917980004102	0.0	trigger	7	n/a	n/a	n/a	n/a	n/a	n/a	n/a	n/a	n/a
3	n/a	n/a	n/a	n/a	n/a	reflection_start	n/a	n/a	216.01377760001924	0.0	trigger	31	n/a	n/a	n/a	n/a	n/a	n/a	n/a	n/a	n/a
3	n/a	n/a	n/a	n/a	n/a	reflection_end	n/a	n/a	218.19922579999547	0.0	trigger	32	n/a	n/a	n/a	n/a	n/a	n/a	n/a	n/a	n/a
3	n/a	n/a	n/a	n/a	n/a	order_options	n/a	n/a	218.24550630000886	0.0	trigger	59	n/a	n/a	n/a	n/a	n/a	n/a	n/a	n/a	n/a
3	n/a	n/a	n/a	n/a	n/a	distance_options	n/a	n/a	221.76015720004216	0.0	trigger	58	n/a	n/a	n/a	n/a	n/a	n/a	n/a	n/a	n/a
3	retr_distance	block1	A	n/a	2	n/a	n/a	n/a	225.2488013000111	0.0	choice	n/a	n/a	n/a	[]	n/a	m	n/a	4	False	4
3	retr_1	block1	A	n/a	3	retrieval_ITIcross	n/a	n/a	225.7589237000211	0.4335267666649827	fixcross	n/a	n/a	n/a	n/a	n/a	n/a	n/a	n/a	n/a	2
3	retr_1	block1	A	n/a	3	image_1_retr	jacket/jacket_44.jpg	jacket/jacket_44.jpg	226.2530157000292	1.0061875666763456	image	10	226.25308950000908	7.379997987300158e-05	n/a	n/a	n/a	n/a	n/a	n/a	n/a
3	n/a	n/a	n/a	n/a	n/a	image_1_retr	n/a	n/a	226.25308950000908	0.0	trigger	10	n/a	n/a	n/a	n/a	n/a	n/a	n/a	n/a	n/a
3	retr_1	block1	A	n/a	3	image_2_retr	chair/chair_11.jpg	chair/chair_11.jpg	227.5277791999979	1.01377476670703	image	4	227.5278216000297	4.240003181621432e-05	n/a	n/a	n/a	n/a	n/a	n/a	n/a
3	n/a	n/a	n/a	n/a	n/a	image_2_retr	n/a	n/a	227.5278216000297	0.0	trigger	4	n/a	n/a	n/a	n/a	n/a	n/a	n/a	n/a	n/a
3	n/a	n/a	n/a	n/a	n/a	reflection_start	n/a	n/a	228.79245730000548	0.0	trigger	31	n/a	n/a	n/a	n/a	n/a	n/a	n/a	n/a	n/a
3	n/a	n/a	n/a	n/a	n/a	reflection_end	n/a	n/a	230.54329490003875	0.0	trigger	32	n/a	n/a	n/a	n/a	n/a	n/a	n/a	n/a	n/a
3	n/a	n/a	n/a	n/a	n/a	order_options	n/a	n/a	230.5907533999998	0.0	trigger	59	n/a	n/a	n/a	n/a	n/a	n/a	n/a	n/a	n/a
3	n/a	n/a	n/a	n/a	n/a	distance_options	n/a	n/a	234.12359289999586	0.0	trigger	58	n/a	n/a	n/a	n/a	n/a	n/a	n/a	n/a	n/a
3	retr_distance	block1	A	n/a	3	n/a	n/a	n/a	237.57716839999193	0.0	choice	n/a	n/a	n/a	[]	n/a	m	n/a	2	False	2
3	retr_1	block1	A	n/a	4	retrieval_ITIcross	n/a	n/a	238.08863040001597	0.4498252666710698	fixcross	n/a	n/a	n/a	n/a	n/a	n/a	n/a	n/a	n/a	4
3	retr_1	block1	A	n/a	4	image_1_retr	bicycle/bicycle_06.jpg	bicycle/bicycle_06.jpg	238.55876069999067	1.013010266706516	image	2	238.5588256000192	6.490002851933241e-05	n/a	n/a	n/a	n/a	n/a	n/a	n/a
3	n/a	n/a	n/a	n/a	n/a	image_1_retr	n/a	n/a	238.5588256000192	0.0	trigger	2	n/a	n/a	n/a	n/a	n/a	n/a	n/a	n/a	n/a
3	retr_1	block1	A	n/a	4	image_2_retr	ball/ball_11.jpg	ball/ball_11.jpg	239.92177549999906	0.9995594666727641	image	1	239.92181670002174	4.120002267882228e-05	n/a	n/a	n/a	n/a	n/a	n/a	n/a
3	n/a	n/a	n/a	n/a	n/a	image_2_retr	n/a	n/a	239.92181670002174	0.0	trigger	1	n/a	n/a	n/a	n/a	n/a	n/a	n/a	n/a	n/a
3	n/a	n/a	n/a	n/a	n/a	reflection_start	n/a	n/a	241.17142710002372	0.0	trigger	31	n/a	n/a	n/a	n/a	n/a	n/a	n/a	n/a	n/a
3	n/a	n/a	n/a	n/a	n/a	reflection_end	n/a	n/a	243.10637310001766	0.0	trigger	32	n/a	n/a	n/a	n/a	n/a	n/a	n/a	n/a	n/a
3	n/a	n/a	n/a	n/a	n/a	order_options	n/a	n/a	243.15428260003682	0.0	trigger	59	n/a	n/a	n/a	n/a	n/a	n/a	n/a	n/a	n/a
3	n/a	n/a	n/a	n/a	n/a	distance_options	n/a	n/a	246.6851083000074	0.0	trigger	58	n/a	n/a	n/a	n/a	n/a	n/a	n/a	n/a	n/a
3	retr_distance	block1	A	n/a	4	n/a	n/a	n/a	250.13991339999484	0.0	choice	n/a	n/a	n/a	[]	n/a	m	n/a	4	False	4
3	retr_1	block1	A	n/a	5	retrieval_ITIcross	n/a	n/a	250.65104760002578	0.6499698666778215	fixcross	n/a	n/a	n/a	n/a	n/a	n/a	n/a	n/a	n/a	5
3	retr_1	block1	A	n/a	5	image_1_retr	house/house_35.jpg	house/house_35.jpg	251.33833659999073	1.012186066717078	image	9	251.33840609999606	6.9500005338341e-05	n/a	n/a	n/a	n/a	n/a	n/a	n/a
3	n/a	n/a	n/a	n/a	n/a	image_1_retr	n/a	n/a	251.33840609999606	0.0	trigger	9	n/a	n/a	n/a	n/a	n/a	n/a	n/a	n/a	n/a
3	retr_1	block1	A	n/a	5	image_2_retr	flower/flower_17.jpg	flower/flower_17.jpg	252.63927839999087	1.010914966700767	image	6	252.63932650000788	4.810001701116562e-05	n/a	n/a	n/a	n/a	n/a	n/a	n/a
3	n/a	n/a	n/a	n/a	n/a	image_2_retr	n/a	n/a	252.63932650000788	0.0	trigger	6	n/a	n/a	n/a	n/a	n/a	n/a	n/a	n/a	n/a
3	n/a	n/a	n/a	n/a	n/a	reflection_start	n/a	n/a	253.8997640000307	0.0	trigger	31	n/a	n/a	n/a	n/a	n/a	n/a	n/a	n/a	n/a
3	n/a	n/a	n/a	n/a	n/a	reflection_end	n/a	n/a	256.03516860003583	0.0	trigger	32	n/a	n/a	n/a	n/a	n/a	n/a	n/a	n/a	n/a
3	n/a	n/a	n/a	n/a	n/a	order_options	n/a	n/a	256.08279770001536	0.0	trigger	59	n/a	n/a	n/a	n/a	n/a	n/a	n/a	n/a	n/a
3	n/a	n/a	n/a	n/a	n/a	distance_options	n/a	n/a	259.5984371000086	0.0	trigger	58	n/a	n/a	n/a	n/a	n/a	n/a	n/a	n/a	n/a
3	retr_distance	block1	A	n/a	5	n/a	n/a	n/a	263.0839344999986	0.0	choice	n/a	n/a	n/a	[]	n/a	m	n/a	5	False	5
3	retr_1	block1	A	n/a	6	retrieval_ITIcross	n/a	n/a	263.59791950002545	0.2821101666816048	fixcross	n/a	n/a	n/a	n/a	n/a	n/a	n/a	n/a	n/a	2
3	retr_1	block1	A	n/a	6	image_1_retr	dog/dog_49.jpg	dog/dog_49.jpg	263.93972470000153	1.0073763667062394	image	5	263.93976890004706	4.420004552230239e-05	n/a	n/a	n/a	n/a	n/a	n/a	n/a
3	n/a	n/a	n/a	n/a	n/a	image_1_retr	n/a	n/a	263.93976890004706	0.0	trigger	5	n/a	n/a	n/a	n/a	n/a	n/a	n/a	n/a	n/a
3	retr_1	block1	A	n/a	6	image_2_retr	jacket/jacket_44.jpg	jacket/jacket_44.jpg	265.2737945000408	1.0060677666372158	image	10	265.27384360000724	4.9099966417998075e-05	n/a	n/a	n/a	n/a	n/a	n/a	n/a
3	n/a	n/a	n/a	n/a	n/a	image_2_retr	n/a	n/a	265.27384360000724	0.0	trigger	10	n/a	n/a	n/a	n/a	n/a	n/a	n/a	n/a	n/a
3	n/a	n/a	n/a	n/a	n/a	reflection_start	n/a	n/a	266.5297225000104	0.0	trigger	31	n/a	n/a	n/a	n/a	n/a	n/a	n/a	n/a	n/a
3	n/a	n/a	n/a	n/a	n/a	reflection_end	n/a	n/a	268.4665854999912	0.0	trigger	32	n/a	n/a	n/a	n/a	n/a	n/a	n/a	n/a	n/a
3	n/a	n/a	n/a	n/a	n/a	order_options	n/a	n/a	268.51289250003174	0.0	trigger	59	n/a	n/a	n/a	n/a	n/a	n/a	n/a	n/a	n/a
3	n/a	n/a	n/a	n/a	n/a	distance_options	n/a	n/a	272.01214370003436	0.0	trigger	58	n/a	n/a	n/a	n/a	n/a	n/a	n/a	n/a	n/a
3	retr_distance	block1	A	n/a	6	n/a	n/a	n/a	275.4977363999933	0.0	choice	n/a	n/a	n/a	[]	n/a	m	n/a	2	False	2
3	retr_1	block1	A	n/a	7	retrieval_ITIcross	n/a	n/a	276.0099964000401	0.4324555666573815	fixcross	n/a	n/a	n/a	n/a	n/a	n/a	n/a	n/a	n/a	3
3	retr_1	block1	A	n/a	7	image_1_retr	hammer/hammer_16.jpg	hammer/hammer_16.jpg	276.4643938000081	1.0112151666583031	image	7	276.4644311000011	3.7299992982298136e-05	n/a	n/a	n/a	n/a	n/a	n/a	n/a
3	n/a	n/a	n/a	n/a	n/a	image_1_retr	n/a	n/a	276.4644311000011	0.0	trigger	7	n/a	n/a	n/a	n/a	n/a	n/a	n/a	n/a	n/a
3	retr_1	block1	A	n/a	7	image_2_retr	chair/chair_11.jpg	chair/chair_11.jpg	277.7501990000019	1.0084058666873261	image	4	277.750235500047	3.650004509836435e-05	n/a	n/a	n/a	n/a	n/a	n/a	n/a
3	n/a	n/a	n/a	n/a	n/a	image_2_retr	n/a	n/a	277.750235500047	0.0	trigger	4	n/a	n/a	n/a	n/a	n/a	n/a	n/a	n/a	n/a
3	n/a	n/a	n/a	n/a	n/a	reflection_start	n/a	n/a	279.00879360002	0.0	trigger	31	n/a	n/a	n/a	n/a	n/a	n/a	n/a	n/a	n/a
3	n/a	n/a	n/a	n/a	n/a	reflection_end	n/a	n/a	280.9771408000379	0.0	trigger	32	n/a	n/a	n/a	n/a	n/a	n/a	n/a	n/a	n/a
3	n/a	n/a	n/a	n/a	n/a	order_options	n/a	n/a	281.02572450001026	0.0	trigger	59	n/a	n/a	n/a	n/a	n/a	n/a	n/a	n/a	n/a
3	n/a	n/a	n/a	n/a	n/a	distance_options	n/a	n/a	284.5237989000161	0.0	trigger	58	n/a	n/a	n/a	n/a	n/a	n/a	n/a	n/a	n/a
3	retr_distance	block1	A	n/a	7	n/a	n/a	n/a	287.9930465000216	0.0	choice	n/a	n/a	n/a	[]	n/a	m	n/a	3	False	3
3	retr_1	block1	A	n/a	8	retrieval_ITIcross	n/a	n/a	288.50562820001505	0.4020800666805826	fixcross	n/a	n/a	n/a	n/a	n/a	n/a	n/a	n/a	n/a	2
3	retr_1	block1	A	n/a	8	image_1_retr	dog/dog_49.jpg	dog/dog_49.jpg	288.98439090000466	1.004336166665098	image	5	288.9844734999933	8.259998867288232e-05	n/a	n/a	n/a	n/a	n/a	n/a	n/a
3	n/a	n/a	n/a	n/a	n/a	image_1_retr	n/a	n/a	288.9844734999933	0.0	trigger	5	n/a	n/a	n/a	n/a	n/a	n/a	n/a	n/a	n/a
3	retr_1	block1	A	n/a	8	image_2_retr	hand/hand_16.jpg	hand/hand_16.jpg	290.27382260002196	1.0147113666791938	image	8	290.273858200002	3.559998003765941e-05	n/a	n/a	n/a	n/a	n/a	n/a	n/a
3	n/a	n/a	n/a	n/a	n/a	image_2_retr	n/a	n/a	290.273858200002	0.0	trigger	8	n/a	n/a	n/a	n/a	n/a	n/a	n/a	n/a	n/a
3	n/a	n/a	n/a	n/a	n/a	reflection_start	n/a	n/a	291.5388144000317	0.0	trigger	31	n/a	n/a	n/a	n/a	n/a	n/a	n/a	n/a	n/a
3	n/a	n/a	n/a	n/a	n/a	reflection_end	n/a	n/a	293.42433430004166	0.0	trigger	32	n/a	n/a	n/a	n/a	n/a	n/a	n/a	n/a	n/a
3	n/a	n/a	n/a	n/a	n/a	order_options	n/a	n/a	293.4543596000294	0.0	trigger	59	n/a	n/a	n/a	n/a	n/a	n/a	n/a	n/a	n/a
3	n/a	n/a	n/a	n/a	n/a	distance_options	n/a	n/a	296.9861564000021	0.0	trigger	58	n/a	n/a	n/a	n/a	n/a	n/a	n/a	n/a	n/a
3	retr_distance	block1	A	n/a	8	n/a	n/a	n/a	300.45645960001275	0.0	choice	n/a	n/a	n/a	[]	n/a	m	n/a	2	False	2
3	retr_1	block1	A	n/a	9	retrieval_ITIcross	n/a	n/a	300.9695461000083	0.5991717666659042	fixcross	n/a	n/a	n/a	n/a	n/a	n/a	n/a	n/a	n/a	4
3	retr_1	block1	A	n/a	9	image_1_retr	flower/flower_17.jpg	flower/flower_17.jpg	301.6074631999945	1.0110486666710585	image	6	301.6075081000454	4.490005085244775e-05	n/a	n/a	n/a	n/a	n/a	n/a	n/a
3	n/a	n/a	n/a	n/a	n/a	image_1_retr	n/a	n/a	301.6075081000454	0.0	trigger	6	n/a	n/a	n/a	n/a	n/a	n/a	n/a	n/a	n/a
3	retr_1	block1	A	n/a	9	image_2_retr	bread/bread_29.jpg	bread/bread_29.jpg	302.9028985000332	0.999091666661343	image	3	302.90292369999224	2.519995905458927e-05	n/a	n/a	n/a	n/a	n/a	n/a	n/a
3	n/a	n/a	n/a	n/a	n/a	image_2_retr	n/a	n/a	302.90292369999224	0.0	trigger	3	n/a	n/a	n/a	n/a	n/a	n/a	n/a	n/a	n/a
3	n/a	n/a	n/a	n/a	n/a	reflection_start	n/a	n/a	304.15247010003077	0.0	trigger	31	n/a	n/a	n/a	n/a	n/a	n/a	n/a	n/a	n/a
3	n/a	n/a	n/a	n/a	n/a	reflection_end	n/a	n/a	305.90473760000896	0.0	trigger	32	n/a	n/a	n/a	n/a	n/a	n/a	n/a	n/a	n/a
3	n/a	n/a	n/a	n/a	n/a	order_options	n/a	n/a	305.9505980000249	0.0	trigger	59	n/a	n/a	n/a	n/a	n/a	n/a	n/a	n/a	n/a
3	n/a	n/a	n/a	n/a	n/a	distance_options	n/a	n/a	309.4662463000277	0.0	trigger	58	n/a	n/a	n/a	n/a	n/a	n/a	n/a	n/a	n/a
3	retr_distance	block1	A	n/a	9	n/a	n/a	n/a	310.0202836000244	0.0	choice	n/a	n/a	n/a	[]	n/a	n/a	5	4	False	4
3	n/a	block1	A	n/a	9	distance_response	n/a	n/a	310.0203229000326	0.0	trigger	56	n/a	n/a	n/a	n/a	n/a	n/a	n/a	n/a	n/a
3	retr_distance	block1	A	n/a	9	n/a	n/a	n/a	310.1349548000144	0.0	choice	n/a	n/a	n/a	0.06886219995794818	n/a	5	5	4	False	4
3	retr_1	block1	A	n/a	10	retrieval_ITIcross	n/a	n/a	310.14923010003986	0.6506470666538462	fixcross	n/a	n/a	n/a	n/a	n/a	n/a	n/a	n/a	n/a	3
3	retr_1	block1	A	n/a	10	image_1_retr	bicycle/bicycle_06.jpg	bicycle/bicycle_06.jpg	310.81871369999135	1.0130455666842408	image	2	310.8187731000362	5.940004484727979e-05	n/a	n/a	n/a	n/a	n/a	n/a	n/a
3	n/a	n/a	n/a	n/a	n/a	image_1_retr	n/a	n/a	310.8187731000362	0.0	trigger	2	n/a	n/a	n/a	n/a	n/a	n/a	n/a	n/a	n/a
3	retr_1	block1	A	n/a	10	image_2_retr	house/house_35.jpg	house/house_35.jpg	312.1185693000443	1.0141532666204967	image	9	312.1186128000263	4.349998198449612e-05	n/a	n/a	n/a	n/a	n/a	n/a	n/a
3	n/a	n/a	n/a	n/a	n/a	image_2_retr	n/a	n/a	312.1186128000263	0.0	trigger	9	n/a	n/a	n/a	n/a	n/a	n/a	n/a	n/a	n/a
3	n/a	n/a	n/a	n/a	n/a	reflection_start	n/a	n/a	313.3828989000176	0.0	trigger	31	n/a	n/a	n/a	n/a	n/a	n/a	n/a	n/a	n/a
3	n/a	n/a	n/a	n/a	n/a	reflection_end	n/a	n/a	315.21677709999494	0.0	trigger	32	n/a	n/a	n/a	n/a	n/a	n/a	n/a	n/a	n/a
3	n/a	n/a	n/a	n/a	n/a	order_options	n/a	n/a	315.2475502000307	0.0	trigger	59	n/a	n/a	n/a	n/a	n/a	n/a	n/a	n/a	n/a
3	retr_order	block1	A	n/a	10	n/a	n/a	n/a	315.7027071000193	0.0	choice	n/a	n/a	n/a	0.4495683999848552	n/a	g	n/a	right	False	3
3	n/a	block1	A	n/a	10	order_response	n/a	n/a	315.70276519999607	0.0	trigger	55	n/a	n/a	n/a	n/a	n/a	n/a	n/a	n/a	n/a
3	n/a	n/a	n/a	n/a	n/a	distance_options	n/a	n/a	315.8471543000196	0.0	trigger	58	n/a	n/a	n/a	n/a	n/a	n/a	n/a	n/a	n/a
3	retr_distance	block1	A	n/a	10	n/a	n/a	n/a	315.95030369999586	0.0	choice	n/a	n/a	n/a	0.4495683999848552	n/a	n/a	5	3	False	3
3	n/a	block1	A	n/a	10	distance_response	n/a	n/a	315.9503260999918	0.0	trigger	56	n/a	n/a	n/a	n/a	n/a	n/a	n/a	n/a	n/a
3	retr_distance	block1	A	n/a	10	n/a	n/a	n/a	316.0659511000267	0.0	choice	n/a	n/a	n/a	0.6991093999822624	n/a	5	5	3	False	3
3	retr_1	block1	A	n/a	11	retrieval_ITIcross	n/a	n/a	316.0801459000213	0.6001886666674636	fixcross	n/a	n/a	n/a	n/a	n/a	n/a	n/a	n/a	n/a	5
3	retr_1	block1	A	n/a	11	image_1_retr	jacket/jacket_44.jpg	jacket/jacket_44.jpg	316.7203339000116	1.0108293666892223	image	10	316.7203608000418	2.6900030206888914e-05	n/a	n/a	n/a	n/a	n/a	n/a	n/a
3	n/a	n/a	n/a	n/a	n/a	image_1_retr	n/a	n/a	316.7203608000418	0.0	trigger	10	n/a	n/a	n/a	n/a	n/a	n/a	n/a	n/a	n/a
3	retr_1	block1	A	n/a	11	image_2_retr	hammer/hammer_16.jpg	hammer/hammer_16.jpg	318.01585200004047	1.0145069666361906	image	7	318.0158736000303	2.1599989850074053e-05	n/a	n/a	n/a	n/a	n/a	n/a	n/a
3	n/a	n/a	n/a	n/a	n/a	image_2_retr	n/a	n/a	318.0158736000303	0.0	trigger	7	n/a	n/a	n/a	n/a	n/a	n/a	n/a	n/a	n/a
3	n/a	n/a	n/a	n/a	n/a	reflection_start	n/a	n/a	319.2807691000053	0.0	trigger	31	n/a	n/a	n/a	n/a	n/a	n/a	n/a	n/a	n/a
3	n/a	n/a	n/a	n/a	n/a	reflection_end	n/a	n/a	321.4981053000083	0.0	trigger	32	n/a	n/a	n/a	n/a	n/a	n/a	n/a	n/a	n/a
3	n/a	n/a	n/a	n/a	n/a	order_options	n/a	n/a	321.5452566000167	0.0	trigger	59	n/a	n/a	n/a	n/a	n/a	n/a	n/a	n/a	n/a
3	n/a	n/a	n/a	n/a	n/a	distance_options	n/a	n/a	325.0612761999946	0.0	trigger	58	n/a	n/a	n/a	n/a	n/a	n/a	n/a	n/a	n/a
3	retr_distance	block1	A	n/a	11	n/a	n/a	n/a	328.5309701000224	0.0	choice	n/a	n/a	n/a	[]	n/a	m	n/a	5	False	5
3	retr_1	block1	A	n/a	12	retrieval_ITIcross	n/a	n/a	329.0432169000269	0.3663877666733697	fixcross	n/a	n/a	n/a	n/a	n/a	n/a	n/a	n/a	n/a	2
3	retr_1	block1	A	n/a	12	image_1_retr	flower/flower_17.jpg	flower/flower_17.jpg	329.4494289000286	1.010107566664601	image	6	329.4494772000471	4.830001853406429e-05	n/a	n/a	n/a	n/a	n/a	n/a	n/a
3	n/a	n/a	n/a	n/a	n/a	image_1_retr	n/a	n/a	329.4494772000471	0.0	trigger	6	n/a	n/a	n/a	n/a	n/a	n/a	n/a	n/a	n/a
3	retr_1	block1	A	n/a	12	image_2_retr	ball/ball_11.jpg	ball/ball_11.jpg	330.8307444000384	1.011967466624128	image	1	330.83080709999194	6.269995355978608e-05	n/a	n/a	n/a	n/a	n/a	n/a	n/a
3	n/a	n/a	n/a	n/a	n/a	image_2_retr	n/a	n/a	330.83080709999194	0.0	trigger	1	n/a	n/a	n/a	n/a	n/a	n/a	n/a	n/a	n/a
3	n/a	n/a	n/a	n/a	n/a	reflection_start	n/a	n/a	332.092117000022	0.0	trigger	31	n/a	n/a	n/a	n/a	n/a	n/a	n/a	n/a	n/a
3	n/a	n/a	n/a	n/a	n/a	reflection_end	n/a	n/a	334.2787515000091	0.0	trigger	32	n/a	n/a	n/a	n/a	n/a	n/a	n/a	n/a	n/a
3	n/a	n/a	n/a	n/a	n/a	order_options	n/a	n/a	334.32516810001107	0.0	trigger	59	n/a	n/a	n/a	n/a	n/a	n/a	n/a	n/a	n/a
3	n/a	n/a	n/a	n/a	n/a	distance_options	n/a	n/a	337.84030060004443	0.0	trigger	58	n/a	n/a	n/a	n/a	n/a	n/a	n/a	n/a	n/a
3	retr_distance	block1	A	n/a	12	n/a	n/a	n/a	341.33015970001	0.0	choice	n/a	n/a	n/a	[]	n/a	m	n/a	2	False	2
3	retr_1	block1	A	n/a	13	retrieval_ITIcross	n/a	n/a	341.8400984000182	0.4321675666762985	fixcross	n/a	n/a	n/a	n/a	n/a	n/a	n/a	n/a	n/a	3
3	retr_1	block1	A	n/a	13	image_1_retr	jacket/jacket_44.jpg	jacket/jacket_44.jpg	342.33157780003967	1.0073394666580953	image	10	342.3316421000054	6.429996574297547e-05	n/a	n/a	n/a	n/a	n/a	n/a	n/a
3	n/a	n/a	n/a	n/a	n/a	image_1_retr	n/a	n/a	342.3316421000054	0.0	trigger	10	n/a	n/a	n/a	n/a	n/a	n/a	n/a	n/a	n/a
3	retr_1	block1	A	n/a	13	image_2_retr	bread/bread_29.jpg	bread/bread_29.jpg	343.6263249000185	1.0116037666487045	image	3	343.626359899994	3.4999975468963385e-05	n/a	n/a	n/a	n/a	n/a	n/a	n/a
3	n/a	n/a	n/a	n/a	n/a	image_2_retr	n/a	n/a	343.626359899994	0.0	trigger	3	n/a	n/a	n/a	n/a	n/a	n/a	n/a	n/a	n/a
3	n/a	n/a	n/a	n/a	n/a	reflection_start	n/a	n/a	344.88766320003197	0.0	trigger	31	n/a	n/a	n/a	n/a	n/a	n/a	n/a	n/a	n/a
3	n/a	n/a	n/a	n/a	n/a	reflection_end	n/a	n/a	347.10667430004105	0.0	trigger	32	n/a	n/a	n/a	n/a	n/a	n/a	n/a	n/a	n/a
3	n/a	n/a	n/a	n/a	n/a	order_options	n/a	n/a	347.13893950002966	0.0	trigger	59	n/a	n/a	n/a	n/a	n/a	n/a	n/a	n/a	n/a
3	n/a	n/a	n/a	n/a	n/a	distance_options	n/a	n/a	350.65281580004375	0.0	trigger	58	n/a	n/a	n/a	n/a	n/a	n/a	n/a	n/a	n/a
3	retr_distance	block1	A	n/a	13	n/a	n/a	n/a	354.12387420004234	0.0	choice	n/a	n/a	n/a	[]	n/a	m	n/a	3	False	3
3	retr_1	block1	A	n/a	14	retrieval_ITIcross	n/a	n/a	354.6356111000059	0.6837628666582987	fixcross	n/a	n/a	n/a	n/a	n/a	n/a	n/a	n/a	n/a	5
3	retr_1	block1	A	n/a	14	image_1_retr	hand/hand_16.jpg	hand/hand_16.jpg	355.3942749000271	1.008050766660972	image	8	355.3943602000363	8.530000923201442e-05	n/a	n/a	n/a	n/a	n/a	n/a	n/a
3	n/a	n/a	n/a	n/a	n/a	image_1_retr	n/a	n/a	355.3943602000363	0.0	trigger	8	n/a	n/a	n/a	n/a	n/a	n/a	n/a	n/a	n/a
3	retr_1	block1	A	n/a	14	image_2_retr	bicycle/bicycle_06.jpg	bicycle/bicycle_06.jpg	356.6868288000114	1.0154737666637175	image	2	356.6868628000375	3.400002606213093e-05	n/a	n/a	n/a	n/a	n/a	n/a	n/a
3	n/a	n/a	n/a	n/a	n/a	image_2_retr	n/a	n/a	356.6868628000375	0.0	trigger	2	n/a	n/a	n/a	n/a	n/a	n/a	n/a	n/a	n/a
3	n/a	n/a	n/a	n/a	n/a	reflection_start	n/a	n/a	357.9503812000039	0.0	trigger	31	n/a	n/a	n/a	n/a	n/a	n/a	n/a	n/a	n/a
3	n/a	n/a	n/a	n/a	n/a	reflection_end	n/a	n/a	359.73708990000887	0.0	trigger	32	n/a	n/a	n/a	n/a	n/a	n/a	n/a	n/a	n/a
3	n/a	n/a	n/a	n/a	n/a	order_options	n/a	n/a	359.7837697000359	0.0	trigger	59	n/a	n/a	n/a	n/a	n/a	n/a	n/a	n/a	n/a
3	n/a	n/a	n/a	n/a	n/a	distance_options	n/a	n/a	363.3162327000173	0.0	trigger	58	n/a	n/a	n/a	n/a	n/a	n/a	n/a	n/a	n/a
3	retr_distance	block1	A	n/a	14	n/a	n/a	n/a	366.8017669999972	0.0	choice	n/a	n/a	n/a	[]	n/a	m	n/a	5	False	5
3	retr_1	block1	A	n/a	15	retrieval_ITIcross	n/a	n/a	367.3142506000004	0.24943316670055538	fixcross	n/a	n/a	n/a	n/a	n/a	n/a	n/a	n/a	n/a	4
3	retr_1	block1	A	n/a	15	image_1_retr	chair/chair_11.jpg	chair/chair_11.jpg	367.58283010002924	1.0146197666801982	image	4	367.5828599000233	2.9799994081258774e-05	n/a	n/a	n/a	n/a	n/a	n/a	n/a
3	n/a	n/a	n/a	n/a	n/a	image_1_retr	n/a	n/a	367.5828599000233	0.0	trigger	4	n/a	n/a	n/a	n/a	n/a	n/a	n/a	n/a	n/a
3	retr_1	block1	A	n/a	15	image_2_retr	dog/dog_49.jpg	dog/dog_49.jpg	368.9076170999906	1.0073150667051323	image	5	368.90769070002716	7.360003655776381e-05	n/a	n/a	n/a	n/a	n/a	n/a	n/a
3	n/a	n/a	n/a	n/a	n/a	image_2_retr	n/a	n/a	368.90769070002716	0.0	trigger	5	n/a	n/a	n/a	n/a	n/a	n/a	n/a	n/a	n/a
3	n/a	n/a	n/a	n/a	n/a	reflection_start	n/a	n/a	370.16304610000225	0.0	trigger	31	n/a	n/a	n/a	n/a	n/a	n/a	n/a	n/a	n/a
3	n/a	n/a	n/a	n/a	n/a	reflection_end	n/a	n/a	372.39836340001784	0.0	trigger	32	n/a	n/a	n/a	n/a	n/a	n/a	n/a	n/a	n/a
3	n/a	n/a	n/a	n/a	n/a	order_options	n/a	n/a	372.44623370002955	0.0	trigger	59	n/a	n/a	n/a	n/a	n/a	n/a	n/a	n/a	n/a
3	n/a	n/a	n/a	n/a	n/a	distance_options	n/a	n/a	375.9787060000235	0.0	trigger	58	n/a	n/a	n/a	n/a	n/a	n/a	n/a	n/a	n/a
3	retr_distance	block1	A	n/a	15	n/a	n/a	n/a	379.4343030000455	0.0	choice	n/a	n/a	n/a	[]	n/a	m	n/a	4	False	4
3	retr_1	block1	A	n/a	16	retrieval_ITIcross	n/a	n/a	379.9439071000088	0.7513946666770153	fixcross	n/a	n/a	n/a	n/a	n/a	n/a	n/a	n/a	n/a	2
3	retr_1	block1	A	n/a	16	image_1_retr	bread/bread_29.jpg	bread/bread_29.jpg	380.7302652000217	1.0140073666736953	image	3	380.73030739999376	4.2199972085654736e-05	n/a	n/a	n/a	n/a	n/a	n/a	n/a
3	n/a	n/a	n/a	n/a	n/a	image_1_retr	n/a	n/a	380.73030739999376	0.0	trigger	3	n/a	n/a	n/a	n/a	n/a	n/a	n/a	n/a	n/a
3	retr_1	block1	A	n/a	16	image_2_retr	hammer/hammer_16.jpg	hammer/hammer_16.jpg	382.01641500002006	1.0108095666548707	image	7	382.01647999999113	6.499997107312083e-05	n/a	n/a	n/a	n/a	n/a	n/a	n/a
3	n/a	n/a	n/a	n/a	n/a	image_2_retr	n/a	n/a	382.01647999999113	0.0	trigger	7	n/a	n/a	n/a	n/a	n/a	n/a	n/a	n/a	n/a
3	n/a	n/a	n/a	n/a	n/a	reflection_start	n/a	n/a	383.276074399997	0.0	trigger	31	n/a	n/a	n/a	n/a	n/a	n/a	n/a	n/a	n/a
3	n/a	n/a	n/a	n/a	n/a	reflection_end	n/a	n/a	385.19500579999294	0.0	trigger	32	n/a	n/a	n/a	n/a	n/a	n/a	n/a	n/a	n/a
3	n/a	n/a	n/a	n/a	n/a	order_options	n/a	n/a	385.2424574000179	0.0	trigger	59	n/a	n/a	n/a	n/a	n/a	n/a	n/a	n/a	n/a
3	n/a	n/a	n/a	n/a	n/a	distance_options	n/a	n/a	388.7580558999907	0.0	trigger	58	n/a	n/a	n/a	n/a	n/a	n/a	n/a	n/a	n/a
3	retr_distance	block1	A	n/a	16	n/a	n/a	n/a	392.22838540002704	0.0	choice	n/a	n/a	n/a	[]	n/a	m	n/a	2	False	2
3	retr_1	block1	A	n/a	17	retrieval_ITIcross	n/a	n/a	392.74088440003106	0.6497592666457876	fixcross	n/a	n/a	n/a	n/a	n/a	n/a	n/a	n/a	n/a	5
3	retr_1	block1	A	n/a	17	image_1_retr	ball/ball_11.jpg	ball/ball_11.jpg	393.51708150003105	1.0063955666303173	image	1	393.51716380001744	8.229998638853431e-05	n/a	n/a	n/a	n/a	n/a	n/a	n/a
3	n/a	n/a	n/a	n/a	n/a	image_1_retr	n/a	n/a	393.51716380001744	0.0	trigger	1	n/a	n/a	n/a	n/a	n/a	n/a	n/a	n/a	n/a
3	retr_1	block1	A	n/a	17	image_2_retr	chair/chair_11.jpg	chair/chair_11.jpg	394.8122072000406	1.0095302666343287	image	4	394.8122627999983	5.559995770454407e-05	n/a	n/a	n/a	n/a	n/a	n/a	n/a
3	n/a	n/a	n/a	n/a	n/a	image_2_retr	n/a	n/a	394.8122627999983	0.0	trigger	4	n/a	n/a	n/a	n/a	n/a	n/a	n/a	n/a	n/a
3	n/a	n/a	n/a	n/a	n/a	reflection_start	n/a	n/a	396.0721435000305	0.0	trigger	31	n/a	n/a	n/a	n/a	n/a	n/a	n/a	n/a	n/a
3	n/a	n/a	n/a	n/a	n/a	reflection_end	n/a	n/a	398.02305630000774	0.0	trigger	32	n/a	n/a	n/a	n/a	n/a	n/a	n/a	n/a	n/a
3	n/a	n/a	n/a	n/a	n/a	order_options	n/a	n/a	398.0716203000047	0.0	trigger	59	n/a	n/a	n/a	n/a	n/a	n/a	n/a	n/a	n/a
3	n/a	n/a	n/a	n/a	n/a	distance_options	n/a	n/a	401.5874365000054	0.0	trigger	58	n/a	n/a	n/a	n/a	n/a	n/a	n/a	n/a	n/a
3	retr_distance	block1	A	n/a	17	n/a	n/a	n/a	405.05923270003404	0.0	choice	n/a	n/a	n/a	[]	n/a	m	n/a	5	False	5
3	retr_1	block1	A	n/a	18	retrieval_ITIcross	n/a	n/a	405.5854121000157	0.3831445666767195	fixcross	n/a	n/a	n/a	n/a	n/a	n/a	n/a	n/a	n/a	4
3	retr_1	block1	A	n/a	18	image_1_retr	house/house_35.jpg	house/house_35.jpg	406.00665970001137	1.0119626666457862	image	9	406.0066972000059	3.749999450519681e-05	n/a	n/a	n/a	n/a	n/a	n/a	n/a
3	n/a	n/a	n/a	n/a	n/a	image_1_retr	n/a	n/a	406.0066972000059	0.0	trigger	9	n/a	n/a	n/a	n/a	n/a	n/a	n/a	n/a	n/a
3	retr_1	block1	A	n/a	18	image_2_retr	jacket/jacket_44.jpg	jacket/jacket_44.jpg	407.34136760002	1.0102115666416012	image	10	407.34142730000895	5.9699988923966885e-05	n/a	n/a	n/a	n/a	n/a	n/a	n/a
3	n/a	n/a	n/a	n/a	n/a	image_2_retr	n/a	n/a	407.34142730000895	0.0	trigger	10	n/a	n/a	n/a	n/a	n/a	n/a	n/a	n/a	n/a
3	n/a	n/a	n/a	n/a	n/a	reflection_start	n/a	n/a	408.6022257000441	0.0	trigger	31	n/a	n/a	n/a	n/a	n/a	n/a	n/a	n/a	n/a
3	n/a	n/a	n/a	n/a	n/a	reflection_end	n/a	n/a	410.8363709000405	0.0	trigger	32	n/a	n/a	n/a	n/a	n/a	n/a	n/a	n/a	n/a
3	n/a	n/a	n/a	n/a	n/a	order_options	n/a	n/a	410.8840461000218	0.0	trigger	59	n/a	n/a	n/a	n/a	n/a	n/a	n/a	n/a	n/a
3	n/a	n/a	n/a	n/a	n/a	distance_options	n/a	n/a	414.5501288000378	0.0	trigger	58	n/a	n/a	n/a	n/a	n/a	n/a	n/a	n/a	n/a
3	retr_distance	block1	A	n/a	18	n/a	n/a	n/a	418.00287409999873	0.0	choice	n/a	n/a	n/a	[]	n/a	m	n/a	4	False	4
3	retr_1	block1	A	n/a	19	retrieval_ITIcross	n/a	n/a	418.5154026999953	0.7494915666795805	fixcross	n/a	n/a	n/a	n/a	n/a	n/a	n/a	n/a	n/a	3
3	retr_1	block1	A	n/a	19	image_1_retr	bicycle/bicycle_06.jpg	bicycle/bicycle_06.jpg	419.28517480002483	1.0125727666347757	image	2	419.28522080002585	4.600000102072954e-05	n/a	n/a	n/a	n/a	n/a	n/a	n/a
3	n/a	n/a	n/a	n/a	n/a	image_1_retr	n/a	n/a	419.28522080002585	0.0	trigger	2	n/a	n/a	n/a	n/a	n/a	n/a	n/a	n/a	n/a
3	retr_1	block1	A	n/a	19	image_2_retr	dog/dog_49.jpg	dog/dog_49.jpg	420.6019470000174	1.0131347666649617	image	5	420.60200790001545	6.089999806135893e-05	n/a	n/a	n/a	n/a	n/a	n/a	n/a
3	n/a	n/a	n/a	n/a	n/a	image_2_retr	n/a	n/a	420.60200790001545	0.0	trigger	5	n/a	n/a	n/a	n/a	n/a	n/a	n/a	n/a	n/a
3	n/a	n/a	n/a	n/a	n/a	reflection_start	n/a	n/a	421.86403300001984	0.0	trigger	31	n/a	n/a	n/a	n/a	n/a	n/a	n/a	n/a	n/a
3	n/a	n/a	n/a	n/a	n/a	reflection_end	n/a	n/a	423.69929810002213	0.0	trigger	32	n/a	n/a	n/a	n/a	n/a	n/a	n/a	n/a	n/a
3	n/a	n/a	n/a	n/a	n/a	order_options	n/a	n/a	423.74692360003246	0.0	trigger	59	n/a	n/a	n/a	n/a	n/a	n/a	n/a	n/a	n/a
3	n/a	n/a	n/a	n/a	n/a	distance_options	n/a	n/a	427.26278250000905	0.0	trigger	58	n/a	n/a	n/a	n/a	n/a	n/a	n/a	n/a	n/a
3	retr_distance	block1	A	n/a	19	n/a	n/a	n/a	430.73248310002964	0.0	choice	n/a	n/a	n/a	[]	n/a	m	n/a	3	False	3
3	learn	1.0	A	2	1	current_image	lamp/lamp_01.jpg	lamp/lamp_01.jpg	433.31746920000296	4.53334210003959	image	n/a	n/a	n/a	n/a	n/a	n/a	n/a	n/a	n/a	n/a
3	learn	1.0	A	2	1	corr_next_image	key/key_01.jpg	key/key_01.jpg	433.31746920000296	4.533356800035108	image	15	433.3175623000134	9.310001041740179e-05	n/a	n/a	n/a	n/a	n/a	n/a	n/a
3	learn	1.0	A	2	1	distractor 01 (close)	flower/flower_17.jpg	flower/flower_17.jpg	433.31746920000296	4.5333667999948375	image	n/a	n/a	n/a	n/a	n/a	n/a	n/a	n/a	n/a	n/a
3	learn	1.0	A	2	1	distractor 02 (far)	house/house_35.jpg	house/house_35.jpg	433.31746920000296	4.533375700004399	image	n/a	n/a	n/a	n/a	n/a	n/a	n/a	n/a	n/a	n/a
3	n/a	n/a	n/a	n/a	n/a	choice_display	n/a	n/a	433.3175623000134	0.0	trigger	15	n/a	n/a	n/a	n/a	n/a	n/a	n/a	n/a	n/a
3	learn	1.0	A	2	1	correct_moving	n/a	n/a	438.2164593000198	0.9785579000017606	feedback	52	438.2165537000401	9.440002031624317e-05	n/a	n/a	n/a	n/a	n/a	n/a	n/a
3	n/a	n/a	n/a	n/a	n/a	feedback	n/a	n/a	438.2165537000401	0.0	trigger	52	n/a	n/a	n/a	n/a	n/a	n/a	n/a	n/a	n/a
3	learn	1.0	A	2	2	current_image	key/key_01.jpg	key/key_01.jpg	440.0586933000013	4.688611100020353	image	n/a	n/a	n/a	n/a	n/a	n/a	n/a	n/a	n/a	n/a
3	learn	1.0	A	2	2	corr_next_image	hand/hand_16.jpg	hand/hand_16.jpg	440.0586933000013	4.688622399989981	image	8	440.0587535999948	6.029999349266291e-05	n/a	n/a	n/a	n/a	n/a	n/a	n/a
3	learn	1.0	A	2	2	distractor 01 (close)	ball/ball_11.jpg	ball/ball_11.jpg	440.0586933000013	4.688629899988882	image	n/a	n/a	n/a	n/a	n/a	n/a	n/a	n/a	n/a	n/a
3	learn	1.0	A	2	2	distractor 02 (far)	pencil/pencil_01.jpg	pencil/pencil_01.jpg	440.0586933000013	4.688637999992352	image	n/a	n/a	n/a	n/a	n/a	n/a	n/a	n/a	n/a	n/a
3	n/a	n/a	n/a	n/a	n/a	choice_display	n/a	n/a	440.0587535999948	0.0	trigger	8	n/a	n/a	n/a	n/a	n/a	n/a	n/a	n/a	n/a
3	learn	1.0	A	2	2	correct_moving	n/a	n/a	445.0280839999905	0.9815965000307187	feedback	52	445.028184099996	0.00010010000551119447	n/a	n/a	n/a	n/a	n/a	n/a	n/a
3	n/a	n/a	n/a	n/a	n/a	feedback	n/a	n/a	445.028184099996	0.0	trigger	52	n/a	n/a	n/a	n/a	n/a	n/a	n/a	n/a	n/a
3	learn	1.0	A	2	3	current_image	hand/hand_16.jpg	hand/hand_16.jpg	446.8263762000133	4.735582299996167	image	n/a	n/a	n/a	n/a	n/a	n/a	n/a	n/a	n/a	n/a
3	learn	1.0	A	2	3	corr_next_image	ball/ball_11.jpg	ball/ball_11.jpg	446.8263762000133	4.735593800025526	image	1	446.82648119999794	0.00010499998461455107	n/a	n/a	n/a	n/a	n/a	n/a	n/a
3	learn	1.0	A	2	3	distractor 01 (close)	bread/bread_29.jpg	bread/bread_29.jpg	446.8263762000133	4.735601200023666	image	n/a	n/a	n/a	n/a	n/a	n/a	n/a	n/a	n/a	n/a
3	learn	1.0	A	2	3	distractor 02 (far)	phone/phone_01.jpg	phone/phone_01.jpg	446.8263762000133	4.735608400020283	image	n/a	n/a	n/a	n/a	n/a	n/a	n/a	n/a	n/a	n/a
3	n/a	n/a	n/a	n/a	n/a	choice_display	n/a	n/a	446.82648119999794	0.0	trigger	1	n/a	n/a	n/a	n/a	n/a	n/a	n/a	n/a	n/a
3	learn	1.0	A	2	3	correct_moving	n/a	n/a	451.7888504000148	0.9871732000028715	feedback	52	451.7889339000103	8.349999552592635e-05	n/a	n/a	n/a	n/a	n/a	n/a	n/a
3	n/a	n/a	n/a	n/a	n/a	feedback	n/a	n/a	451.7889339000103	0.0	trigger	52	n/a	n/a	n/a	n/a	n/a	n/a	n/a	n/a	n/a
3	learn	1.0	A	2	4	current_image	ball/ball_11.jpg	ball/ball_11.jpg	453.6746656000032	4.653524700028356	image	n/a	n/a	n/a	n/a	n/a	n/a	n/a	n/a	n/a	n/a
3	learn	1.0	A	2	4	corr_next_image	dog/dog_49.jpg	dog/dog_49.jpg	453.6746656000032	4.6535336000379175	image	5	453.67476640001405	0.00010080001084133983	n/a	n/a	n/a	n/a	n/a	n/a	n/a
3	learn	1.0	A	2	4	distractor 01 (close)	hammer/hammer_16.jpg	hammer/hammer_16.jpg	453.6746656000032	4.65353980002692	image	n/a	n/a	n/a	n/a	n/a	n/a	n/a	n/a	n/a	n/a
3	learn	1.0	A	2	4	distractor 02 (far)	key/key_01.jpg	key/key_01.jpg	453.6746656000032	4.653544700006023	image	n/a	n/a	n/a	n/a	n/a	n/a	n/a	n/a	n/a	n/a
3	n/a	n/a	n/a	n/a	n/a	choice_display	n/a	n/a	453.67476640001405	0.0	trigger	5	n/a	n/a	n/a	n/a	n/a	n/a	n/a	n/a	n/a
3	learn	1.0	A	2	4	correct_moving	n/a	n/a	458.70321470004274	0.9869802999892272	feedback	52	458.70333700004267	0.00012229999992996454	n/a	n/a	n/a	n/a	n/a	n/a	n/a
3	n/a	n/a	n/a	n/a	n/a	feedback	n/a	n/a	458.70333700004267	0.0	trigger	52	n/a	n/a	n/a	n/a	n/a	n/a	n/a	n/a	n/a
3	learn	1.0	A	2	5	current_image	dog/dog_49.jpg	dog/dog_49.jpg	460.50362930004485	4.7361554999952205	image	n/a	n/a	n/a	n/a	n/a	n/a	n/a	n/a	n/a	n/a
3	learn	1.0	A	2	5	corr_next_image	flower/flower_17.jpg	flower/flower_17.jpg	460.50362930004485	4.736165199952666	image	6	460.50370150001254	7.219996768981218e-05	n/a	n/a	n/a	n/a	n/a	n/a	n/a
3	learn	1.0	A	2	5	distractor 01 (close)	lamp/lamp_01.jpg	lamp/lamp_01.jpg	460.50362930004485	4.736172999953851	image	n/a	n/a	n/a	n/a	n/a	n/a	n/a	n/a	n/a	n/a
3	learn	1.0	A	2	5	distractor 02 (far)	hand/hand_16.jpg	hand/hand_16.jpg	460.50362930004485	4.736179999948945	image	n/a	n/a	n/a	n/a	n/a	n/a	n/a	n/a	n/a	n/a
3	n/a	n/a	n/a	n/a	n/a	choice_display	n/a	n/a	460.50370150001254	0.0	trigger	6	n/a	n/a	n/a	n/a	n/a	n/a	n/a	n/a	n/a
3	learn	1.0	A	2	5	correct_moving	n/a	n/a	465.48315260000527	0.9885312000405975	feedback	52	465.48324060003506	8.800002979114652e-05	n/a	n/a	n/a	n/a	n/a	n/a	n/a
3	n/a	n/a	n/a	n/a	n/a	feedback	n/a	n/a	465.48324060003506	0.0	trigger	52	n/a	n/a	n/a	n/a	n/a	n/a	n/a	n/a	n/a
3	learn	1.0	A	2	6	current_image	flower/flower_17.jpg	flower/flower_17.jpg	467.2715645999997	4.751569500018377	image	n/a	n/a	n/a	n/a	n/a	n/a	n/a	n/a	n/a	n/a
3	learn	1.0	A	2	6	corr_next_image	jacket/jacket_44.jpg	jacket/jacket_44.jpg	467.2715645999997	4.751581199991051	image	10	467.2716303000343	6.57000346109271e-05	n/a	n/a	n/a	n/a	n/a	n/a	n/a
3	learn	1.0	A	2	6	distractor 01 (close)	bicycle/bicycle_06.jpg	bicycle/bicycle_06.jpg	467.2715645999997	4.7515889999922365	image	n/a	n/a	n/a	n/a	n/a	n/a	n/a	n/a	n/a	n/a
3	learn	1.0	A	2	6	distractor 02 (far)	key/key_01.jpg	key/key_01.jpg	467.2715645999997	4.751596100046299	image	n/a	n/a	n/a	n/a	n/a	n/a	n/a	n/a	n/a	n/a
3	n/a	n/a	n/a	n/a	n/a	choice_display	n/a	n/a	467.2716303000343	0.0	trigger	10	n/a	n/a	n/a	n/a	n/a	n/a	n/a	n/a	n/a
3	learn	1.0	A	2	6	correct_moving	n/a	n/a	472.33695570001146	0.9823233000352047	feedback	52	472.3370337000233	7.800001185387373e-05	n/a	n/a	n/a	n/a	n/a	n/a	n/a
3	n/a	n/a	n/a	n/a	n/a	feedback	n/a	n/a	472.3370337000233	0.0	trigger	52	n/a	n/a	n/a	n/a	n/a	n/a	n/a	n/a	n/a
3	learn	1.0	A	2	7	current_image	jacket/jacket_44.jpg	jacket/jacket_44.jpg	474.0380710000172	4.83276040002238	image	n/a	n/a	n/a	n/a	n/a	n/a	n/a	n/a	n/a	n/a
3	learn	1.0	A	2	7	corr_next_image	bicycle/bicycle_06.jpg	bicycle/bicycle_06.jpg	474.0380710000172	4.832772299996577	image	2	474.03814860002603	7.760000880807638e-05	n/a	n/a	n/a	n/a	n/a	n/a	n/a
3	learn	1.0	A	2	7	distractor 01 (close)	chair/chair_11.jpg	chair/chair_11.jpg	474.0380710000172	4.832780400000047	image	n/a	n/a	n/a	n/a	n/a	n/a	n/a	n/a	n/a	n/a
3	learn	1.0	A	2	7	distractor 02 (far)	hammer/hammer_16.jpg	hammer/hammer_16.jpg	474.0380710000172	4.832788100000471	image	n/a	n/a	n/a	n/a	n/a	n/a	n/a	n/a	n/a	n/a
3	n/a	n/a	n/a	n/a	n/a	choice_display	n/a	n/a	474.03814860002603	0.0	trigger	2	n/a	n/a	n/a	n/a	n/a	n/a	n/a	n/a	n/a
3	learn	1.0	A	2	7	correct_moving	n/a	n/a	479.036831800011	0.996563300024718	feedback	52	479.03694320004433	0.00011140003334730864	n/a	n/a	n/a	n/a	n/a	n/a	n/a
3	n/a	n/a	n/a	n/a	n/a	feedback	n/a	n/a	479.03694320004433	0.0	trigger	52	n/a	n/a	n/a	n/a	n/a	n/a	n/a	n/a	n/a
3	learn	1.0	A	2	8	current_image	bicycle/bicycle_06.jpg	bicycle/bicycle_06.jpg	480.77439110004343	4.809019299980719	image	n/a	n/a	n/a	n/a	n/a	n/a	n/a	n/a	n/a	n/a
3	learn	1.0	A	2	8	corr_next_image	chair/chair_11.jpg	chair/chair_11.jpg	480.77439110004343	4.809028699994087	image	4	480.7745216000476	0.00013050000416114926	n/a	n/a	n/a	n/a	n/a	n/a	n/a
3	learn	1.0	A	2	8	distractor 01 (close)	pencil/pencil_01.jpg	pencil/pencil_01.jpg	480.77439110004343	4.809038799954578	image	n/a	n/a	n/a	n/a	n/a	n/a	n/a	n/a	n/a	n/a
3	learn	1.0	A	2	8	distractor 02 (far)	dog/dog_49.jpg	dog/dog_49.jpg	480.77439110004343	4.809054699959233	image	n/a	n/a	n/a	n/a	n/a	n/a	n/a	n/a	n/a	n/a
3	n/a	n/a	n/a	n/a	n/a	choice_display	n/a	n/a	480.7745216000476	0.0	trigger	4	n/a	n/a	n/a	n/a	n/a	n/a	n/a	n/a	n/a
3	learn	1.0	A	2	8	correct_moving	n/a	n/a	485.7265571000171	0.9888865000102669	feedback	52	485.72665710002184	0.00010000000474974513	n/a	n/a	n/a	n/a	n/a	n/a	n/a
3	n/a	n/a	n/a	n/a	n/a	feedback	n/a	n/a	485.72665710002184	0.0	trigger	52	n/a	n/a	n/a	n/a	n/a	n/a	n/a	n/a	n/a
3	learn	1.0	A	2	9	current_image	chair/chair_11.jpg	chair/chair_11.jpg	487.47837790002814	4.784498900000472	image	n/a	n/a	n/a	n/a	n/a	n/a	n/a	n/a	n/a	n/a
3	learn	1.0	A	2	9	corr_next_image	bread/bread_29.jpg	bread/bread_29.jpg	487.47837790002814	4.7845068000024185	image	3	487.47846450004727	8.66000191308558e-05	n/a	n/a	n/a	n/a	n/a	n/a	n/a
3	learn	1.0	A	2	9	distractor 01 (close)	hammer/hammer_16.jpg	hammer/hammer_16.jpg	487.47837790002814	4.784511499979999	image	n/a	n/a	n/a	n/a	n/a	n/a	n/a	n/a	n/a	n/a
3	learn	1.0	A	2	9	distractor 02 (far)	jacket/jacket_44.jpg	jacket/jacket_44.jpg	487.47837790002814	4.78451640001731	image	n/a	n/a	n/a	n/a	n/a	n/a	n/a	n/a	n/a	n/a
3	n/a	n/a	n/a	n/a	n/a	choice_display	n/a	n/a	487.47846450004727	0.0	trigger	3	n/a	n/a	n/a	n/a	n/a	n/a	n/a	n/a	n/a
3	learn	1.0	A	2	9	correct_moving	n/a	n/a	492.42164590000175	0.9895027999882586	feedback	52	492.42172560002655	7.970002479851246e-05	n/a	n/a	n/a	n/a	n/a	n/a	n/a
3	n/a	n/a	n/a	n/a	n/a	feedback	n/a	n/a	492.42172560002655	0.0	trigger	52	n/a	n/a	n/a	n/a	n/a	n/a	n/a	n/a	n/a
3	learn	1.0	A	2	10	current_image	bread/bread_29.jpg	bread/bread_29.jpg	494.12315130000934	4.822076299984474	image	n/a	n/a	n/a	n/a	n/a	n/a	n/a	n/a	n/a	n/a
3	learn	1.0	A	2	10	corr_next_image	house/house_35.jpg	house/house_35.jpg	494.12315130000934	4.822084599989466	image	9	494.123271199991	0.00011989998165518045	n/a	n/a	n/a	n/a	n/a	n/a	n/a
3	learn	1.0	A	2	10	distractor 01 (close)	phone/phone_01.jpg	phone/phone_01.jpg	494.12315130000934	4.822090100031346	image	n/a	n/a	n/a	n/a	n/a	n/a	n/a	n/a	n/a	n/a
3	learn	1.0	A	2	10	distractor 02 (far)	flower/flower_17.jpg	flower/flower_17.jpg	494.12315130000934	4.822095000010449	image	n/a	n/a	n/a	n/a	n/a	n/a	n/a	n/a	n/a	n/a
3	n/a	n/a	n/a	n/a	n/a	choice_display	n/a	n/a	494.123271199991	0.0	trigger	9	n/a	n/a	n/a	n/a	n/a	n/a	n/a	n/a	n/a
3	learn	1.0	A	2	10	correct_moving	n/a	n/a	499.12147080001887	0.9901319000055082	feedback	52	499.1215755000012	0.00010469998233020306	n/a	n/a	n/a	n/a	n/a	n/a	n/a
3	n/a	n/a	n/a	n/a	n/a	feedback	n/a	n/a	499.1215755000012	0.0	trigger	52	n/a	n/a	n/a	n/a	n/a	n/a	n/a	n/a	n/a
3	learn	1.0	A	2	11	current_image	house/house_35.jpg	house/house_35.jpg	500.85694650001824	4.804072699975222	image	n/a	n/a	n/a	n/a	n/a	n/a	n/a	n/a	n/a	n/a
3	learn	1.0	A	2	11	corr_next_image	hammer/hammer_16.jpg	hammer/hammer_16.jpg	500.85694650001824	4.804083700000774	image	7	500.8570268000476	8.030002936720848e-05	n/a	n/a	n/a	n/a	n/a	n/a	n/a
3	learn	1.0	A	2	11	distractor 01 (close)	hand/hand_16.jpg	hand/hand_16.jpg	500.85694650001824	4.8040915000019595	image	n/a	n/a	n/a	n/a	n/a	n/a	n/a	n/a	n/a	n/a
3	learn	1.0	A	2	11	distractor 02 (far)	dog/dog_49.jpg	dog/dog_49.jpg	500.85694650001824	4.804098699998576	image	n/a	n/a	n/a	n/a	n/a	n/a	n/a	n/a	n/a	n/a
3	n/a	n/a	n/a	n/a	n/a	choice_display	n/a	n/a	500.8570268000476	0.0	trigger	7	n/a	n/a	n/a	n/a	n/a	n/a	n/a	n/a	n/a
3	learn	1.0	A	2	11	correct_moving	n/a	n/a	505.8538871000055	0.9874324999982491	feedback	52	505.85395330004394	6.620003841817379e-05	n/a	n/a	n/a	n/a	n/a	n/a	n/a
3	n/a	n/a	n/a	n/a	n/a	feedback	n/a	n/a	505.85395330004394	0.0	trigger	52	n/a	n/a	n/a	n/a	n/a	n/a	n/a	n/a	n/a
3	learn	1.0	A	2	12	current_image	hammer/hammer_16.jpg	hammer/hammer_16.jpg	507.67258840001887	4.718407900014427	image	n/a	n/a	n/a	n/a	n/a	n/a	n/a	n/a	n/a	n/a
3	learn	1.0	A	2	12	corr_next_image	pencil/pencil_01.jpg	pencil/pencil_01.jpg	507.67258840001887	4.718415000010282	image	16	507.6726677000406	7.930002175271511e-05	n/a	n/a	n/a	n/a	n/a	n/a	n/a
3	learn	1.0	A	2	12	distractor 01 (close)	key/key_01.jpg	key/key_01.jpg	507.67258840001887	4.718419899989385	image	n/a	n/a	n/a	n/a	n/a	n/a	n/a	n/a	n/a	n/a
3	learn	1.0	A	2	12	distractor 02 (far)	jacket/jacket_44.jpg	jacket/jacket_44.jpg	507.67258840001887	4.718424500024412	image	n/a	n/a	n/a	n/a	n/a	n/a	n/a	n/a	n/a	n/a
3	n/a	n/a	n/a	n/a	n/a	choice_display	n/a	n/a	507.6726677000406	0.0	trigger	16	n/a	n/a	n/a	n/a	n/a	n/a	n/a	n/a	n/a
3	learn	1.0	A	2	12	correct_moving	n/a	n/a	512.6495571000269	0.9884489999967627	feedback	52	512.6496542000095	9.709998266771436e-05	n/a	n/a	n/a	n/a	n/a	n/a	n/a
3	n/a	n/a	n/a	n/a	n/a	feedback	n/a	n/a	512.6496542000095	0.0	trigger	52	n/a	n/a	n/a	n/a	n/a	n/a	n/a	n/a	n/a
3	learn	1.0	A	2	13	current_image	pencil/pencil_01.jpg	pencil/pencil_01.jpg	514.3713269000291	4.817260499985423	image	n/a	n/a	n/a	n/a	n/a	n/a	n/a	n/a	n/a	n/a
3	learn	1.0	A	2	13	corr_next_image	phone/phone_01.jpg	phone/phone_01.jpg	514.3713269000291	4.81727120000869	image	17	514.371392400004	6.549997488036752e-05	n/a	n/a	n/a	n/a	n/a	n/a	n/a
3	learn	1.0	A	2	13	distractor 01 (close)	jacket/jacket_44.jpg	jacket/jacket_44.jpg	514.3713269000291	4.817279000009876	image	n/a	n/a	n/a	n/a	n/a	n/a	n/a	n/a	n/a	n/a
3	learn	1.0	A	2	13	distractor 02 (far)	bread/bread_29.jpg	bread/bread_29.jpg	514.3713269000291	4.817286600009538	image	n/a	n/a	n/a	n/a	n/a	n/a	n/a	n/a	n/a	n/a
3	n/a	n/a	n/a	n/a	n/a	choice_display	n/a	n/a	514.371392400004	0.0	trigger	17	n/a	n/a	n/a	n/a	n/a	n/a	n/a	n/a	n/a
3	learn	1.0	A	2	13	correct_moving	n/a	n/a	519.3710431000218	0.9819885999895632	feedback	52	519.371136700036	9.360001422464848e-05	n/a	n/a	n/a	n/a	n/a	n/a	n/a
3	n/a	n/a	n/a	n/a	n/a	feedback	n/a	n/a	519.371136700036	0.0	trigger	52	n/a	n/a	n/a	n/a	n/a	n/a	n/a	n/a	n/a
3	learn	1.0	A	2	13	fix_cross_replay_break	n/a	n/a	520.8996201000409	5.014992666667467	replay_break	53	520.8996497000335	2.95999925583601e-05	n/a	n/a	n/a	n/a	n/a	n/a	n/a
3	n/a	n/a	n/a	n/a	n/a	replay_break	n/a	n/a	520.8996497000335	0.0	trigger	53	n/a	n/a	n/a	n/a	n/a	n/a	n/a	n/a	n/a
3	n/a	n/a	n/a	n/a	n/a	replay_break_end	n/a	n/a	525.9005355000263	0.0	trigger	54	n/a	n/a	n/a	n/a	n/a	n/a	n/a	n/a	n/a
3	retr_1	block1	A	n/a	0	retrieval_ITIcross	n/a	n/a	527.0980089000077	0.49952616665200367	fixcross	n/a	n/a	n/a	n/a	n/a	n/a	n/a	n/a	n/a	5
3	retr_1	block1	A	n/a	0	image_1_retr	hammer/hammer_16.jpg	hammer/hammer_16.jpg	527.6160598000279	1.015290766667249	image	7	527.6160954000079	3.559998003765941e-05	n/a	n/a	n/a	n/a	n/a	n/a	n/a
3	n/a	n/a	n/a	n/a	n/a	image_1_retr	n/a	n/a	527.6160954000079	0.0	trigger	7	n/a	n/a	n/a	n/a	n/a	n/a	n/a	n/a	n/a
3	retr_1	block1	A	n/a	0	image_2_retr	jacket/jacket_44.jpg	jacket/jacket_44.jpg	528.9511164000141	1.0127256666930862	image	10	528.9511804000358	6.400002166628838e-05	n/a	n/a	n/a	n/a	n/a	n/a	n/a
3	n/a	n/a	n/a	n/a	n/a	image_2_retr	n/a	n/a	528.9511804000358	0.0	trigger	10	n/a	n/a	n/a	n/a	n/a	n/a	n/a	n/a	n/a
3	n/a	n/a	n/a	n/a	n/a	reflection_start	n/a	n/a	530.2130596000352	0.0	trigger	31	n/a	n/a	n/a	n/a	n/a	n/a	n/a	n/a	n/a
3	n/a	n/a	n/a	n/a	n/a	reflection_end	n/a	n/a	532.3983510000398	0.0	trigger	32	n/a	n/a	n/a	n/a	n/a	n/a	n/a	n/a	n/a
3	n/a	n/a	n/a	n/a	n/a	order_options	n/a	n/a	532.4459007999976	0.0	trigger	59	n/a	n/a	n/a	n/a	n/a	n/a	n/a	n/a	n/a
3	n/a	n/a	n/a	n/a	n/a	distance_options	n/a	n/a	535.9617928999942	0.0	trigger	58	n/a	n/a	n/a	n/a	n/a	n/a	n/a	n/a	n/a
3	retr_distance	block1	A	n/a	0	n/a	n/a	n/a	539.4335859999992	0.0	choice	n/a	n/a	n/a	[]	n/a	m	n/a	5	False	5
3	retr_1	block1	A	n/a	1	retrieval_ITIcross	n/a	n/a	539.9612233000225	0.38187366666193157	fixcross	n/a	n/a	n/a	n/a	n/a	n/a	n/a	n/a	n/a	2
3	retr_1	block1	A	n/a	1	image_1_retr	chair/chair_11.jpg	chair/chair_11.jpg	540.3633282000083	1.0133700666522145	image	4	540.363372199994	4.39999857917428e-05	n/a	n/a	n/a	n/a	n/a	n/a	n/a
3	n/a	n/a	n/a	n/a	n/a	image_1_retr	n/a	n/a	540.363372199994	0.0	trigger	4	n/a	n/a	n/a	n/a	n/a	n/a	n/a	n/a	n/a
3	retr_1	block1	A	n/a	1	image_2_retr	house/house_35.jpg	house/house_35.jpg	541.6652704000007	1.0111333666757218	image	9	541.6653182000155	4.780001472681761e-05	n/a	n/a	n/a	n/a	n/a	n/a	n/a
3	n/a	n/a	n/a	n/a	n/a	image_2_retr	n/a	n/a	541.6653182000155	0.0	trigger	9	n/a	n/a	n/a	n/a	n/a	n/a	n/a	n/a	n/a
3	n/a	n/a	n/a	n/a	n/a	reflection_start	n/a	n/a	542.9266460000072	0.0	trigger	31	n/a	n/a	n/a	n/a	n/a	n/a	n/a	n/a	n/a
3	n/a	n/a	n/a	n/a	n/a	reflection_end	n/a	n/a	545.0137745999964	0.0	trigger	32	n/a	n/a	n/a	n/a	n/a	n/a	n/a	n/a	n/a
3	n/a	n/a	n/a	n/a	n/a	order_options	n/a	n/a	545.0581756000174	0.0	trigger	59	n/a	n/a	n/a	n/a	n/a	n/a	n/a	n/a	n/a
3	n/a	n/a	n/a	n/a	n/a	distance_options	n/a	n/a	548.5582716999925	0.0	trigger	58	n/a	n/a	n/a	n/a	n/a	n/a	n/a	n/a	n/a
3	retr_distance	block1	A	n/a	1	n/a	n/a	n/a	552.0294142999919	0.0	choice	n/a	n/a	n/a	[]	n/a	m	n/a	2	False	2
3	retr_1	block1	A	n/a	2	retrieval_ITIcross	n/a	n/a	552.5395395000232	0.3005640666854106	fixcross	n/a	n/a	n/a	n/a	n/a	n/a	n/a	n/a	n/a	3
3	retr_1	block1	A	n/a	2	image_1_retr	hand/hand_16.jpg	hand/hand_16.jpg	552.8754589000018	1.0134491666724443	image	8	552.875523100025	6.420002318918705e-05	n/a	n/a	n/a	n/a	n/a	n/a	n/a
3	n/a	n/a	n/a	n/a	n/a	image_1_retr	n/a	n/a	552.875523100025	0.0	trigger	8	n/a	n/a	n/a	n/a	n/a	n/a	n/a	n/a	n/a
3	retr_1	block1	A	n/a	2	image_2_retr	flower/flower_17.jpg	flower/flower_17.jpg	554.175207399996	1.0145570666684307	image	6	554.1752385	3.1100003980100155e-05	n/a	n/a	n/a	n/a	n/a	n/a	n/a
3	n/a	n/a	n/a	n/a	n/a	image_2_retr	n/a	n/a	554.1752385	0.0	trigger	6	n/a	n/a	n/a	n/a	n/a	n/a	n/a	n/a	n/a
3	n/a	n/a	n/a	n/a	n/a	reflection_start	n/a	n/a	555.4552539000288	0.0	trigger	31	n/a	n/a	n/a	n/a	n/a	n/a	n/a	n/a	n/a
3	n/a	n/a	n/a	n/a	n/a	reflection_end	n/a	n/a	557.4907159000286	0.0	trigger	32	n/a	n/a	n/a	n/a	n/a	n/a	n/a	n/a	n/a
3	n/a	n/a	n/a	n/a	n/a	order_options	n/a	n/a	557.5386165000382	0.0	trigger	59	n/a	n/a	n/a	n/a	n/a	n/a	n/a	n/a	n/a
3	n/a	n/a	n/a	n/a	n/a	distance_options	n/a	n/a	561.0379513000371	0.0	trigger	58	n/a	n/a	n/a	n/a	n/a	n/a	n/a	n/a	n/a
3	retr_distance	block1	A	n/a	2	n/a	n/a	n/a	564.5073369000456	0.0	choice	n/a	n/a	n/a	[]	n/a	m	n/a	3	False	3
3	retr_1	block1	A	n/a	3	retrieval_ITIcross	n/a	n/a	565.0189650999964	0.6335271666796416	fixcross	n/a	n/a	n/a	n/a	n/a	n/a	n/a	n/a	n/a	4
3	retr_1	block1	A	n/a	3	image_1_retr	bicycle/bicycle_06.jpg	bicycle/bicycle_06.jpg	565.6715219000471	1.0139870666355364	image	2	565.6715719000204	4.999997327104211e-05	n/a	n/a	n/a	n/a	n/a	n/a	n/a
3	n/a	n/a	n/a	n/a	n/a	image_1_retr	n/a	n/a	565.6715719000204	0.0	trigger	2	n/a	n/a	n/a	n/a	n/a	n/a	n/a	n/a	n/a
3	retr_1	block1	A	n/a	3	image_2_retr	ball/ball_11.jpg	ball/ball_11.jpg	567.0397559000412	1.011277966670832	image	1	567.0398028999916	4.6999950427562e-05	n/a	n/a	n/a	n/a	n/a	n/a	n/a
3	n/a	n/a	n/a	n/a	n/a	image_2_retr	n/a	n/a	567.0398028999916	0.0	trigger	1	n/a	n/a	n/a	n/a	n/a	n/a	n/a	n/a	n/a
3	n/a	n/a	n/a	n/a	n/a	reflection_start	n/a	n/a	568.3010540000396	0.0	trigger	31	n/a	n/a	n/a	n/a	n/a	n/a	n/a	n/a	n/a
3	n/a	n/a	n/a	n/a	n/a	reflection_end	n/a	n/a	570.419300700014	0.0	trigger	32	n/a	n/a	n/a	n/a	n/a	n/a	n/a	n/a	n/a
3	n/a	n/a	n/a	n/a	n/a	order_options	n/a	n/a	570.4670478000189	0.0	trigger	59	n/a	n/a	n/a	n/a	n/a	n/a	n/a	n/a	n/a
3	n/a	n/a	n/a	n/a	n/a	distance_options	n/a	n/a	573.9829070999986	0.0	trigger	58	n/a	n/a	n/a	n/a	n/a	n/a	n/a	n/a	n/a
3	retr_distance	block1	A	n/a	3	n/a	n/a	n/a	577.4539067000151	0.0	choice	n/a	n/a	n/a	[]	n/a	m	n/a	4	False	4
3	retr_1	block1	A	n/a	4	retrieval_ITIcross	n/a	n/a	577.966396200005	0.39817656670152246	fixcross	n/a	n/a	n/a	n/a	n/a	n/a	n/a	n/a	n/a	3
3	retr_1	block1	A	n/a	4	image_1_retr	jacket/jacket_44.jpg	jacket/jacket_44.jpg	578.432372500014	1.0153643666455991	image	10	578.4324154999922	4.299997817724943e-05	n/a	n/a	n/a	n/a	n/a	n/a	n/a
3	n/a	n/a	n/a	n/a	n/a	image_1_retr	n/a	n/a	578.4324154999922	0.0	trigger	10	n/a	n/a	n/a	n/a	n/a	n/a	n/a	n/a	n/a
3	retr_1	block1	A	n/a	4	image_2_retr	bread/bread_29.jpg	bread/bread_29.jpg	579.7365316000069	1.0106372666816696	image	3	579.7365669000428	3.530003596097231e-05	n/a	n/a	n/a	n/a	n/a	n/a	n/a
3	n/a	n/a	n/a	n/a	n/a	image_2_retr	n/a	n/a	579.7365669000428	0.0	trigger	3	n/a	n/a	n/a	n/a	n/a	n/a	n/a	n/a	n/a
3	n/a	n/a	n/a	n/a	n/a	reflection_start	n/a	n/a	580.998069000023	0.0	trigger	31	n/a	n/a	n/a	n/a	n/a	n/a	n/a	n/a	n/a
3	n/a	n/a	n/a	n/a	n/a	reflection_end	n/a	n/a	582.76793120004	0.0	trigger	32	n/a	n/a	n/a	n/a	n/a	n/a	n/a	n/a	n/a
3	n/a	n/a	n/a	n/a	n/a	order_options	n/a	n/a	582.8140551000251	0.0	trigger	59	n/a	n/a	n/a	n/a	n/a	n/a	n/a	n/a	n/a
3	n/a	n/a	n/a	n/a	n/a	distance_options	n/a	n/a	586.329585200001	0.0	trigger	58	n/a	n/a	n/a	n/a	n/a	n/a	n/a	n/a	n/a
3	retr_distance	block1	A	n/a	4	n/a	n/a	n/a	589.7983450000174	0.0	choice	n/a	n/a	n/a	[]	n/a	m	n/a	3	False	3
3	retr_1	block1	A	n/a	5	retrieval_ITIcross	n/a	n/a	590.311302200018	0.6327431666470602	fixcross	n/a	n/a	n/a	n/a	n/a	n/a	n/a	n/a	n/a	4
3	retr_1	block1	A	n/a	5	image_1_retr	bicycle/bicycle_06.jpg	bicycle/bicycle_06.jpg	590.966355200042	1.0110935666637033	image	2	590.9664099999936	5.479995161294937e-05	n/a	n/a	n/a	n/a	n/a	n/a	n/a
3	n/a	n/a	n/a	n/a	n/a	image_1_retr	n/a	n/a	590.9664099999936	0.0	trigger	2	n/a	n/a	n/a	n/a	n/a	n/a	n/a	n/a	n/a
3	retr_1	block1	A	n/a	5	image_2_retr	hammer/hammer_16.jpg	hammer/hammer_16.jpg	592.247003299999	1.0129994666824587	image	7	592.2470578000066	5.4500007536262274e-05	n/a	n/a	n/a	n/a	n/a	n/a	n/a
3	n/a	n/a	n/a	n/a	n/a	image_2_retr	n/a	n/a	592.2470578000066	0.0	trigger	7	n/a	n/a	n/a	n/a	n/a	n/a	n/a	n/a	n/a
3	n/a	n/a	n/a	n/a	n/a	reflection_start	n/a	n/a	593.5098304999992	0.0	trigger	31	n/a	n/a	n/a	n/a	n/a	n/a	n/a	n/a	n/a
3	n/a	n/a	n/a	n/a	n/a	reflection_end	n/a	n/a	595.5794051000266	0.0	trigger	32	n/a	n/a	n/a	n/a	n/a	n/a	n/a	n/a	n/a
3	n/a	n/a	n/a	n/a	n/a	order_options	n/a	n/a	595.6258989000344	0.0	trigger	59	n/a	n/a	n/a	n/a	n/a	n/a	n/a	n/a	n/a
3	n/a	n/a	n/a	n/a	n/a	distance_options	n/a	n/a	599.1416818000143	0.0	trigger	58	n/a	n/a	n/a	n/a	n/a	n/a	n/a	n/a	n/a
3	retr_distance	block1	A	n/a	5	n/a	n/a	n/a	602.6281815000111	0.0	choice	n/a	n/a	n/a	[]	n/a	m	n/a	4	False	4
3	retr_1	block1	A	n/a	6	retrieval_ITIcross	n/a	n/a	603.1401559000369	0.6825897666315086	fixcross	n/a	n/a	n/a	n/a	n/a	n/a	n/a	n/a	n/a	5
3	retr_1	block1	A	n/a	6	image_1_retr	flower/flower_17.jpg	flower/flower_17.jpg	603.8599353000172	1.013188166664122	image	6	603.8599755000323	4.020001506432891e-05	n/a	n/a	n/a	n/a	n/a	n/a	n/a
3	n/a	n/a	n/a	n/a	n/a	image_1_retr	n/a	n/a	603.8599755000323	0.0	trigger	6	n/a	n/a	n/a	n/a	n/a	n/a	n/a	n/a	n/a
3	retr_1	block1	A	n/a	6	image_2_retr	house/house_35.jpg	house/house_35.jpg	605.1580780000077	1.0150328666825317	image	9	605.1581115000299	3.350002225488424e-05	n/a	n/a	n/a	n/a	n/a	n/a	n/a
3	n/a	n/a	n/a	n/a	n/a	image_2_retr	n/a	n/a	605.1581115000299	0.0	trigger	9	n/a	n/a	n/a	n/a	n/a	n/a	n/a	n/a	n/a
3	n/a	n/a	n/a	n/a	n/a	reflection_start	n/a	n/a	606.4225846999907	0.0	trigger	31	n/a	n/a	n/a	n/a	n/a	n/a	n/a	n/a	n/a
3	n/a	n/a	n/a	n/a	n/a	reflection_end	n/a	n/a	608.6419517000322	0.0	trigger	32	n/a	n/a	n/a	n/a	n/a	n/a	n/a	n/a	n/a
3	n/a	n/a	n/a	n/a	n/a	order_options	n/a	n/a	608.6888551000156	0.0	trigger	59	n/a	n/a	n/a	n/a	n/a	n/a	n/a	n/a	n/a
3	n/a	n/a	n/a	n/a	n/a	distance_options	n/a	n/a	612.2372905000229	0.0	trigger	58	n/a	n/a	n/a	n/a	n/a	n/a	n/a	n/a	n/a
3	retr_distance	block1	A	n/a	6	n/a	n/a	n/a	615.7069140000385	0.0	choice	n/a	n/a	n/a	[]	n/a	m	n/a	5	False	5
3	retr_1	block1	A	n/a	7	retrieval_ITIcross	n/a	n/a	616.2193908999907	0.33338876668517514	fixcross	n/a	n/a	n/a	n/a	n/a	n/a	n/a	n/a	n/a	2
3	retr_1	block1	A	n/a	7	image_1_retr	dog/dog_49.jpg	dog/dog_49.jpg	616.6149936000002	1.0043547666903123	image	5	616.6150750000379	8.140003774315119e-05	n/a	n/a	n/a	n/a	n/a	n/a	n/a
3	n/a	n/a	n/a	n/a	n/a	image_1_retr	n/a	n/a	616.6150750000379	0.0	trigger	5	n/a	n/a	n/a	n/a	n/a	n/a	n/a	n/a	n/a
3	retr_1	block1	A	n/a	7	image_2_retr	hand/hand_16.jpg	hand/hand_16.jpg	617.9052600000286	1.0142915666840508	image	8	617.9052982000285	3.819999983534217e-05	n/a	n/a	n/a	n/a	n/a	n/a	n/a
3	n/a	n/a	n/a	n/a	n/a	image_2_retr	n/a	n/a	617.9052982000285	0.0	trigger	8	n/a	n/a	n/a	n/a	n/a	n/a	n/a	n/a	n/a
3	n/a	n/a	n/a	n/a	n/a	reflection_start	n/a	n/a	619.1686408999958	0.0	trigger	31	n/a	n/a	n/a	n/a	n/a	n/a	n/a	n/a	n/a
3	n/a	n/a	n/a	n/a	n/a	reflection_end	n/a	n/a	621.1372748000431	0.0	trigger	32	n/a	n/a	n/a	n/a	n/a	n/a	n/a	n/a	n/a
3	n/a	n/a	n/a	n/a	n/a	order_options	n/a	n/a	621.1843210000079	0.0	trigger	59	n/a	n/a	n/a	n/a	n/a	n/a	n/a	n/a	n/a
3	n/a	n/a	n/a	n/a	n/a	distance_options	n/a	n/a	624.7002549000317	0.0	trigger	58	n/a	n/a	n/a	n/a	n/a	n/a	n/a	n/a	n/a
3	retr_distance	block1	A	n/a	7	n/a	n/a	n/a	628.1706935000257	0.0	choice	n/a	n/a	n/a	[]	n/a	m	n/a	2	False	2
3	retr_1	block1	A	n/a	8	retrieval_ITIcross	n/a	n/a	628.6831755000167	0.4327966666935481	fixcross	n/a	n/a	n/a	n/a	n/a	n/a	n/a	n/a	n/a	3
3	retr_1	block1	A	n/a	8	image_1_retr	chair/chair_11.jpg	chair/chair_11.jpg	629.1398757999996	1.0092013666910589	image	4	629.1399283999926	5.259999306872487e-05	n/a	n/a	n/a	n/a	n/a	n/a	n/a
3	n/a	n/a	n/a	n/a	n/a	image_1_retr	n/a	n/a	629.1399283999926	0.0	trigger	4	n/a	n/a	n/a	n/a	n/a	n/a	n/a	n/a	n/a
3	retr_1	block1	A	n/a	8	image_2_retr	flower/flower_17.jpg	flower/flower_17.jpg	630.4341334000346	1.013734866636014	image	6	630.434163100028	2.9699993319809437e-05	n/a	n/a	n/a	n/a	n/a	n/a	n/a
3	n/a	n/a	n/a	n/a	n/a	image_2_retr	n/a	n/a	630.434163100028	0.0	trigger	6	n/a	n/a	n/a	n/a	n/a	n/a	n/a	n/a	n/a
3	n/a	n/a	n/a	n/a	n/a	reflection_start	n/a	n/a	631.6987036000355	0.0	trigger	31	n/a	n/a	n/a	n/a	n/a	n/a	n/a	n/a	n/a
3	n/a	n/a	n/a	n/a	n/a	reflection_end	n/a	n/a	633.5342527000466	0.0	trigger	32	n/a	n/a	n/a	n/a	n/a	n/a	n/a	n/a	n/a
3	n/a	n/a	n/a	n/a	n/a	order_options	n/a	n/a	633.597630000033	0.0	trigger	59	n/a	n/a	n/a	n/a	n/a	n/a	n/a	n/a	n/a
3	n/a	n/a	n/a	n/a	n/a	distance_options	n/a	n/a	637.0969480000203	0.0	trigger	58	n/a	n/a	n/a	n/a	n/a	n/a	n/a	n/a	n/a
3	retr_distance	block1	A	n/a	8	n/a	n/a	n/a	640.5827363000135	0.0	choice	n/a	n/a	n/a	[]	n/a	m	n/a	3	False	3
3	retr_1	block1	A	n/a	9	retrieval_ITIcross	n/a	n/a	641.0946325000259	0.4498027666743383	fixcross	n/a	n/a	n/a	n/a	n/a	n/a	n/a	n/a	n/a	2
3	retr_1	block1	A	n/a	9	image_1_retr	hammer/hammer_16.jpg	hammer/hammer_16.jpg	641.5644219000242	1.0139395666813016	image	7	641.5644727000035	5.0799979362636805e-05	n/a	n/a	n/a	n/a	n/a	n/a	n/a
3	n/a	n/a	n/a	n/a	n/a	image_1_retr	n/a	n/a	641.5644727000035	0.0	trigger	7	n/a	n/a	n/a	n/a	n/a	n/a	n/a	n/a	n/a
3	retr_1	block1	A	n/a	9	image_2_retr	bread/bread_29.jpg	bread/bread_29.jpg	642.8639017000096	1.0158873666698582	image	3	642.8639440000406	4.2300031054764986e-05	n/a	n/a	n/a	n/a	n/a	n/a	n/a
3	n/a	n/a	n/a	n/a	n/a	image_2_retr	n/a	n/a	642.8639440000406	0.0	trigger	3	n/a	n/a	n/a	n/a	n/a	n/a	n/a	n/a	n/a
3	n/a	n/a	n/a	n/a	n/a	reflection_start	n/a	n/a	644.1285453000455	0.0	trigger	31	n/a	n/a	n/a	n/a	n/a	n/a	n/a	n/a	n/a
3	n/a	n/a	n/a	n/a	n/a	reflection_end	n/a	n/a	646.2464477000176	0.0	trigger	32	n/a	n/a	n/a	n/a	n/a	n/a	n/a	n/a	n/a
3	n/a	n/a	n/a	n/a	n/a	order_options	n/a	n/a	646.2932955000433	0.0	trigger	59	n/a	n/a	n/a	n/a	n/a	n/a	n/a	n/a	n/a
3	n/a	n/a	n/a	n/a	n/a	distance_options	n/a	n/a	649.8096163000446	0.0	trigger	58	n/a	n/a	n/a	n/a	n/a	n/a	n/a	n/a	n/a
3	retr_distance	block1	A	n/a	9	n/a	n/a	n/a	653.280762600014	0.0	choice	n/a	n/a	n/a	[]	n/a	m	n/a	2	False	2
3	retr_1	block1	A	n/a	10	retrieval_ITIcross	n/a	n/a	653.8072640000028	0.5334561666861646	fixcross	n/a	n/a	n/a	n/a	n/a	n/a	n/a	n/a	n/a	4
3	retr_1	block1	A	n/a	10	image_1_retr	jacket/jacket_44.jpg	jacket/jacket_44.jpg	654.4062633000431	1.0008052666710228	image	10	654.4063160000369	5.269999383017421e-05	n/a	n/a	n/a	n/a	n/a	n/a	n/a
3	n/a	n/a	n/a	n/a	n/a	image_1_retr	n/a	n/a	654.4063160000369	0.0	trigger	10	n/a	n/a	n/a	n/a	n/a	n/a	n/a	n/a	n/a
3	retr_1	block1	A	n/a	10	image_2_retr	house/house_35.jpg	house/house_35.jpg	655.7271826000069	1.0130359666693494	image	9	655.7272344999947	5.189998773857951e-05	n/a	n/a	n/a	n/a	n/a	n/a	n/a
3	n/a	n/a	n/a	n/a	n/a	image_2_retr	n/a	n/a	655.7272344999947	0.0	trigger	9	n/a	n/a	n/a	n/a	n/a	n/a	n/a	n/a	n/a
3	n/a	n/a	n/a	n/a	n/a	reflection_start	n/a	n/a	656.9903158000088	0.0	trigger	31	n/a	n/a	n/a	n/a	n/a	n/a	n/a	n/a	n/a
3	n/a	n/a	n/a	n/a	n/a	reflection_end	n/a	n/a	658.9261447000317	0.0	trigger	32	n/a	n/a	n/a	n/a	n/a	n/a	n/a	n/a	n/a
3	n/a	n/a	n/a	n/a	n/a	order_options	n/a	n/a	658.9727222000365	0.0	trigger	59	n/a	n/a	n/a	n/a	n/a	n/a	n/a	n/a	n/a
3	n/a	n/a	n/a	n/a	n/a	distance_options	n/a	n/a	662.4888471000013	0.0	trigger	58	n/a	n/a	n/a	n/a	n/a	n/a	n/a	n/a	n/a
3	retr_distance	block1	A	n/a	10	n/a	n/a	n/a	665.9602519000182	0.0	choice	n/a	n/a	n/a	[]	n/a	m	n/a	4	False	4
3	retr_1	block1	A	n/a	11	retrieval_ITIcross	n/a	n/a	666.4868760000099	0.5329653666742615	fixcross	n/a	n/a	n/a	n/a	n/a	n/a	n/a	n/a	n/a	5
3	retr_1	block1	A	n/a	11	image_1_retr	bicycle/bicycle_06.jpg	bicycle/bicycle_06.jpg	667.0476054000319	1.0059671666278973	image	2	667.0476457999903	4.039995837956667e-05	n/a	n/a	n/a	n/a	n/a	n/a	n/a
3	n/a	n/a	n/a	n/a	n/a	image_1_retr	n/a	n/a	667.0476457999903	0.0	trigger	2	n/a	n/a	n/a	n/a	n/a	n/a	n/a	n/a	n/a
3	retr_1	block1	A	n/a	11	image_2_retr	hand/hand_16.jpg	hand/hand_16.jpg	668.3390133000212	1.0134115666771777	image	8	668.3390398999909	2.659996971487999e-05	n/a	n/a	n/a	n/a	n/a	n/a	n/a
3	n/a	n/a	n/a	n/a	n/a	image_2_retr	n/a	n/a	668.3390398999909	0.0	trigger	8	n/a	n/a	n/a	n/a	n/a	n/a	n/a	n/a	n/a
3	n/a	n/a	n/a	n/a	n/a	reflection_start	n/a	n/a	669.603503899998	0.0	trigger	31	n/a	n/a	n/a	n/a	n/a	n/a	n/a	n/a	n/a
3	n/a	n/a	n/a	n/a	n/a	reflection_end	n/a	n/a	671.6212456999929	0.0	trigger	32	n/a	n/a	n/a	n/a	n/a	n/a	n/a	n/a	n/a
3	n/a	n/a	n/a	n/a	n/a	order_options	n/a	n/a	671.6686393000418	0.0	trigger	59	n/a	n/a	n/a	n/a	n/a	n/a	n/a	n/a	n/a
3	n/a	n/a	n/a	n/a	n/a	distance_options	n/a	n/a	675.1849158999976	0.0	trigger	58	n/a	n/a	n/a	n/a	n/a	n/a	n/a	n/a	n/a
3	retr_distance	block1	A	n/a	11	n/a	n/a	n/a	678.656760700047	0.0	choice	n/a	n/a	n/a	[]	n/a	m	n/a	5	False	5
3	retr_1	block1	A	n/a	12	retrieval_ITIcross	n/a	n/a	679.1663654000149	0.7171535666604996	fixcross	n/a	n/a	n/a	n/a	n/a	n/a	n/a	n/a	n/a	3
3	retr_1	block1	A	n/a	12	image_1_retr	chair/chair_11.jpg	chair/chair_11.jpg	679.9031088000047	1.01263126667277	image	4	679.903146800003	3.7999998312443495e-05	n/a	n/a	n/a	n/a	n/a	n/a	n/a
3	n/a	n/a	n/a	n/a	n/a	image_1_retr	n/a	n/a	679.903146800003	0.0	trigger	4	n/a	n/a	n/a	n/a	n/a	n/a	n/a	n/a	n/a
3	retr_1	block1	A	n/a	12	image_2_retr	hammer/hammer_16.jpg	hammer/hammer_16.jpg	681.1859745000256	1.0124728666307874	image	7	681.1860032000113	2.8699985705316067e-05	n/a	n/a	n/a	n/a	n/a	n/a	n/a
3	n/a	n/a	n/a	n/a	n/a	image_2_retr	n/a	n/a	681.1860032000113	0.0	trigger	7	n/a	n/a	n/a	n/a	n/a	n/a	n/a	n/a	n/a
3	n/a	n/a	n/a	n/a	n/a	reflection_start	n/a	n/a	682.4491479000426	0.0	trigger	31	n/a	n/a	n/a	n/a	n/a	n/a	n/a	n/a	n/a
3	n/a	n/a	n/a	n/a	n/a	reflection_end	n/a	n/a	684.5168206000235	0.0	trigger	32	n/a	n/a	n/a	n/a	n/a	n/a	n/a	n/a	n/a
3	n/a	n/a	n/a	n/a	n/a	order_options	n/a	n/a	684.5644958000048	0.0	trigger	59	n/a	n/a	n/a	n/a	n/a	n/a	n/a	n/a	n/a
3	n/a	n/a	n/a	n/a	n/a	distance_options	n/a	n/a	688.0799689000123	0.0	trigger	58	n/a	n/a	n/a	n/a	n/a	n/a	n/a	n/a	n/a
3	retr_distance	block1	A	n/a	12	n/a	n/a	n/a	691.5667839000234	0.0	choice	n/a	n/a	n/a	[]	n/a	m	n/a	3	False	3
3	retr_1	block1	A	n/a	13	retrieval_ITIcross	n/a	n/a	692.0786483000265	0.4843718666854784	fixcross	n/a	n/a	n/a	n/a	n/a	n/a	n/a	n/a	n/a	5
3	retr_1	block1	A	n/a	13	image_1_retr	dog/dog_49.jpg	dog/dog_49.jpg	692.6611366000143	1.0012404666670136	image	5	692.6611987000215	6.210000719875097e-05	n/a	n/a	n/a	n/a	n/a	n/a	n/a
3	n/a	n/a	n/a	n/a	n/a	image_1_retr	n/a	n/a	692.6611987000215	0.0	trigger	5	n/a	n/a	n/a	n/a	n/a	n/a	n/a	n/a	n/a
3	retr_1	block1	A	n/a	13	image_2_retr	bread/bread_29.jpg	bread/bread_29.jpg	693.9639747000183	1.0148304666547574	image	3	693.9640005000401	2.5800021830946207e-05	n/a	n/a	n/a	n/a	n/a	n/a	n/a
3	n/a	n/a	n/a	n/a	n/a	image_2_retr	n/a	n/a	693.9640005000401	0.0	trigger	3	n/a	n/a	n/a	n/a	n/a	n/a	n/a	n/a	n/a
3	n/a	n/a	n/a	n/a	n/a	reflection_start	n/a	n/a	695.2282712000306	0.0	trigger	31	n/a	n/a	n/a	n/a	n/a	n/a	n/a	n/a	n/a
3	n/a	n/a	n/a	n/a	n/a	reflection_end	n/a	n/a	697.2126486999914	0.0	trigger	32	n/a	n/a	n/a	n/a	n/a	n/a	n/a	n/a	n/a
3	n/a	n/a	n/a	n/a	n/a	order_options	n/a	n/a	697.2608704000013	0.0	trigger	59	n/a	n/a	n/a	n/a	n/a	n/a	n/a	n/a	n/a
3	n/a	n/a	n/a	n/a	n/a	distance_options	n/a	n/a	700.7765896000201	0.0	trigger	58	n/a	n/a	n/a	n/a	n/a	n/a	n/a	n/a	n/a
3	retr_distance	block1	A	n/a	13	n/a	n/a	n/a	704.2463649000274	0.0	choice	n/a	n/a	n/a	[]	n/a	m	n/a	5	False	5
3	retr_1	block1	A	n/a	14	retrieval_ITIcross	n/a	n/a	704.7581187000033	0.6997888666849121	fixcross	n/a	n/a	n/a	n/a	n/a	n/a	n/a	n/a	n/a	2
3	retr_1	block1	A	n/a	14	image_1_retr	flower/flower_17.jpg	flower/flower_17.jpg	705.4972727000131	1.0102619666761257	image	6	705.497338300047	6.560003384947777e-05	n/a	n/a	n/a	n/a	n/a	n/a	n/a
3	n/a	n/a	n/a	n/a	n/a	image_1_retr	n/a	n/a	705.497338300047	0.0	trigger	6	n/a	n/a	n/a	n/a	n/a	n/a	n/a	n/a	n/a
3	retr_1	block1	A	n/a	14	image_2_retr	ball/ball_11.jpg	ball/ball_11.jpg	706.9243886999902	1.0014495666875973	image	1	706.9244591000024	7.040001219138503e-05	n/a	n/a	n/a	n/a	n/a	n/a	n/a
3	n/a	n/a	n/a	n/a	n/a	image_2_retr	n/a	n/a	706.9244591000024	0.0	trigger	1	n/a	n/a	n/a	n/a	n/a	n/a	n/a	n/a	n/a
3	n/a	n/a	n/a	n/a	n/a	reflection_start	n/a	n/a	708.1751847999985	0.0	trigger	31	n/a	n/a	n/a	n/a	n/a	n/a	n/a	n/a	n/a
3	n/a	n/a	n/a	n/a	n/a	reflection_end	n/a	n/a	710.1603472999996	0.0	trigger	32	n/a	n/a	n/a	n/a	n/a	n/a	n/a	n/a	n/a
3	n/a	n/a	n/a	n/a	n/a	order_options	n/a	n/a	710.2067137000267	0.0	trigger	59	n/a	n/a	n/a	n/a	n/a	n/a	n/a	n/a	n/a
3	n/a	n/a	n/a	n/a	n/a	distance_options	n/a	n/a	713.7219072000007	0.0	trigger	58	n/a	n/a	n/a	n/a	n/a	n/a	n/a	n/a	n/a
3	retr_distance	block1	A	n/a	14	n/a	n/a	n/a	717.200654699991	0.0	choice	n/a	n/a	n/a	[]	n/a	m	n/a	2	False	2
3	retr_1	block1	A	n/a	15	retrieval_ITIcross	n/a	n/a	717.7373130000196	0.40039476665356233	fixcross	n/a	n/a	n/a	n/a	n/a	n/a	n/a	n/a	n/a	4
3	retr_1	block1	A	n/a	15	image_1_retr	hand/hand_16.jpg	hand/hand_16.jpg	718.1734873999958	1.0146518666917927	image	8	718.1735446000239	5.720002809539437e-05	n/a	n/a	n/a	n/a	n/a	n/a	n/a
3	n/a	n/a	n/a	n/a	n/a	image_1_retr	n/a	n/a	718.1735446000239	0.0	trigger	8	n/a	n/a	n/a	n/a	n/a	n/a	n/a	n/a	n/a
3	retr_1	block1	A	n/a	15	image_2_retr	jacket/jacket_44.jpg	jacket/jacket_44.jpg	719.4968969000038	1.0064619666702583	image	10	719.4969401000417	4.320003790780902e-05	n/a	n/a	n/a	n/a	n/a	n/a	n/a
3	n/a	n/a	n/a	n/a	n/a	image_2_retr	n/a	n/a	719.4969401000417	0.0	trigger	10	n/a	n/a	n/a	n/a	n/a	n/a	n/a	n/a	n/a
3	n/a	n/a	n/a	n/a	n/a	reflection_start	n/a	n/a	720.7531823000172	0.0	trigger	31	n/a	n/a	n/a	n/a	n/a	n/a	n/a	n/a	n/a
3	n/a	n/a	n/a	n/a	n/a	reflection_end	n/a	n/a	722.7887795999995	0.0	trigger	32	n/a	n/a	n/a	n/a	n/a	n/a	n/a	n/a	n/a
3	n/a	n/a	n/a	n/a	n/a	order_options	n/a	n/a	722.8361813999945	0.0	trigger	59	n/a	n/a	n/a	n/a	n/a	n/a	n/a	n/a	n/a
3	n/a	n/a	n/a	n/a	n/a	distance_options	n/a	n/a	726.3521799000446	0.0	trigger	58	n/a	n/a	n/a	n/a	n/a	n/a	n/a	n/a	n/a
3	retr_distance	block1	A	n/a	15	n/a	n/a	n/a	729.8214729000465	0.0	choice	n/a	n/a	n/a	[]	n/a	m	n/a	4	False	4
3	retr_1	block1	A	n/a	16	retrieval_ITIcross	n/a	n/a	730.3333116000285	0.5997987666671634	fixcross	n/a	n/a	n/a	n/a	n/a	n/a	n/a	n/a	n/a	5
3	retr_1	block1	A	n/a	16	image_1_retr	chair/chair_11.jpg	chair/chair_11.jpg	730.9528781000408	1.0133619666487448	image	4	730.9529114000034	3.3299962524324656e-05	n/a	n/a	n/a	n/a	n/a	n/a	n/a
3	n/a	n/a	n/a	n/a	n/a	image_1_retr	n/a	n/a	730.9529114000034	0.0	trigger	4	n/a	n/a	n/a	n/a	n/a	n/a	n/a	n/a	n/a
3	retr_1	block1	A	n/a	16	image_2_retr	ball/ball_11.jpg	ball/ball_11.jpg	732.3641611000057	1.001652866664017	image	1	732.3642253000289	6.420002318918705e-05	n/a	n/a	n/a	n/a	n/a	n/a	n/a
3	n/a	n/a	n/a	n/a	n/a	image_2_retr	n/a	n/a	732.3642253000289	0.0	trigger	1	n/a	n/a	n/a	n/a	n/a	n/a	n/a	n/a	n/a
3	n/a	n/a	n/a	n/a	n/a	reflection_start	n/a	n/a	733.6166060999967	0.0	trigger	31	n/a	n/a	n/a	n/a	n/a	n/a	n/a	n/a	n/a
3	n/a	n/a	n/a	n/a	n/a	reflection_end	n/a	n/a	735.6025993000367	0.0	trigger	32	n/a	n/a	n/a	n/a	n/a	n/a	n/a	n/a	n/a
3	n/a	n/a	n/a	n/a	n/a	order_options	n/a	n/a	735.6492676000344	0.0	trigger	59	n/a	n/a	n/a	n/a	n/a	n/a	n/a	n/a	n/a
3	n/a	n/a	n/a	n/a	n/a	distance_options	n/a	n/a	739.1798625999945	0.0	trigger	58	n/a	n/a	n/a	n/a	n/a	n/a	n/a	n/a	n/a
3	retr_distance	block1	A	n/a	16	n/a	n/a	n/a	742.6511648000451	0.0	choice	n/a	n/a	n/a	[]	n/a	m	n/a	5	False	5
3	retr_1	block1	A	n/a	17	retrieval_ITIcross	n/a	n/a	743.1623036999954	0.7501687667138413	fixcross	n/a	n/a	n/a	n/a	n/a	n/a	n/a	n/a	n/a	4
3	retr_1	block1	A	n/a	17	image_1_retr	bread/bread_29.jpg	bread/bread_29.jpg	743.948988499993	1.0007493667110339	image	3	743.9490426999982	5.420000525191426e-05	n/a	n/a	n/a	n/a	n/a	n/a	n/a
3	n/a	n/a	n/a	n/a	n/a	image_1_retr	n/a	n/a	743.9490426999982	0.0	trigger	3	n/a	n/a	n/a	n/a	n/a	n/a	n/a	n/a	n/a
3	retr_1	block1	A	n/a	17	image_2_retr	flower/flower_17.jpg	flower/flower_17.jpg	745.2522583000246	1.010147666678904	image	6	745.2522968000267	3.850000211969018e-05	n/a	n/a	n/a	n/a	n/a	n/a	n/a
3	n/a	n/a	n/a	n/a	n/a	image_2_retr	n/a	n/a	745.2522968000267	0.0	trigger	6	n/a	n/a	n/a	n/a	n/a	n/a	n/a	n/a	n/a
3	n/a	n/a	n/a	n/a	n/a	reflection_start	n/a	n/a	746.5277466000407	0.0	trigger	31	n/a	n/a	n/a	n/a	n/a	n/a	n/a	n/a	n/a
3	n/a	n/a	n/a	n/a	n/a	reflection_end	n/a	n/a	748.2978149999981	0.0	trigger	32	n/a	n/a	n/a	n/a	n/a	n/a	n/a	n/a	n/a
3	n/a	n/a	n/a	n/a	n/a	order_options	n/a	n/a	748.3448763000197	0.0	trigger	59	n/a	n/a	n/a	n/a	n/a	n/a	n/a	n/a	n/a
3	n/a	n/a	n/a	n/a	n/a	distance_options	n/a	n/a	751.8436830000137	0.0	trigger	58	n/a	n/a	n/a	n/a	n/a	n/a	n/a	n/a	n/a
3	retr_distance	block1	A	n/a	17	n/a	n/a	n/a	755.3307110000169	0.0	choice	n/a	n/a	n/a	[]	n/a	m	n/a	4	False	4
3	retr_1	block1	A	n/a	18	retrieval_ITIcross	n/a	n/a	755.842550500005	0.7321369666644841	fixcross	n/a	n/a	n/a	n/a	n/a	n/a	n/a	n/a	n/a	2
3	retr_1	block1	A	n/a	18	image_1_retr	dog/dog_49.jpg	dog/dog_49.jpg	756.634276900033	1.0090943666330077	image	5	756.6343235000386	4.6600005589425564e-05	n/a	n/a	n/a	n/a	n/a	n/a	n/a
3	n/a	n/a	n/a	n/a	n/a	image_1_retr	n/a	n/a	756.6343235000386	0.0	trigger	5	n/a	n/a	n/a	n/a	n/a	n/a	n/a	n/a	n/a
3	retr_1	block1	A	n/a	18	image_2_retr	jacket/jacket_44.jpg	jacket/jacket_44.jpg	757.9504619000363	1.007298166634655	image	10	757.950519200007	5.7299970649182796e-05	n/a	n/a	n/a	n/a	n/a	n/a	n/a
3	n/a	n/a	n/a	n/a	n/a	image_2_retr	n/a	n/a	757.950519200007	0.0	trigger	10	n/a	n/a	n/a	n/a	n/a	n/a	n/a	n/a	n/a
3	n/a	n/a	n/a	n/a	n/a	reflection_start	n/a	n/a	759.2083731000312	0.0	trigger	31	n/a	n/a	n/a	n/a	n/a	n/a	n/a	n/a	n/a
3	n/a	n/a	n/a	n/a	n/a	reflection_end	n/a	n/a	761.1431617999915	0.0	trigger	32	n/a	n/a	n/a	n/a	n/a	n/a	n/a	n/a	n/a
3	n/a	n/a	n/a	n/a	n/a	order_options	n/a	n/a	761.1912440000451	0.0	trigger	59	n/a	n/a	n/a	n/a	n/a	n/a	n/a	n/a	n/a
3	n/a	n/a	n/a	n/a	n/a	distance_options	n/a	n/a	764.7055436000228	0.0	trigger	58	n/a	n/a	n/a	n/a	n/a	n/a	n/a	n/a	n/a
3	retr_distance	block1	A	n/a	18	n/a	n/a	n/a	768.1957458000397	0.0	choice	n/a	n/a	n/a	[]	n/a	m	n/a	2	False	2
3	retr_1	block1	A	n/a	19	retrieval_ITIcross	n/a	n/a	768.7052785000415	0.4169224666586615	fixcross	n/a	n/a	n/a	n/a	n/a	n/a	n/a	n/a	n/a	3
3	retr_1	block1	A	n/a	19	image_1_retr	house/house_35.jpg	house/house_35.jpg	769.2049353000475	0.9994088666319385	image	9	769.2049967999919	6.149994442239404e-05	n/a	n/a	n/a	n/a	n/a	n/a	n/a
3	n/a	n/a	n/a	n/a	n/a	image_1_retr	n/a	n/a	769.2049967999919	0.0	trigger	9	n/a	n/a	n/a	n/a	n/a	n/a	n/a	n/a	n/a
3	retr_1	block1	A	n/a	19	image_2_retr	bicycle/bicycle_06.jpg	bicycle/bicycle_06.jpg	770.4804435000406	1.0078738666527443	image	2	770.4804967000382	5.319999763742089e-05	n/a	n/a	n/a	n/a	n/a	n/a	n/a
3	n/a	n/a	n/a	n/a	n/a	image_2_retr	n/a	n/a	770.4804967000382	0.0	trigger	2	n/a	n/a	n/a	n/a	n/a	n/a	n/a	n/a	n/a
3	n/a	n/a	n/a	n/a	n/a	reflection_start	n/a	n/a	771.7379149000044	0.0	trigger	31	n/a	n/a	n/a	n/a	n/a	n/a	n/a	n/a	n/a
3	n/a	n/a	n/a	n/a	n/a	reflection_end	n/a	n/a	773.9388527999981	0.0	trigger	32	n/a	n/a	n/a	n/a	n/a	n/a	n/a	n/a	n/a
3	n/a	n/a	n/a	n/a	n/a	order_options	n/a	n/a	773.9863920999924	0.0	trigger	59	n/a	n/a	n/a	n/a	n/a	n/a	n/a	n/a	n/a
3	n/a	n/a	n/a	n/a	n/a	distance_options	n/a	n/a	777.4850092999986	0.0	trigger	58	n/a	n/a	n/a	n/a	n/a	n/a	n/a	n/a	n/a
3	retr_distance	block1	A	n/a	19	n/a	n/a	n/a	780.959007300029	0.0	choice	n/a	n/a	n/a	[]	n/a	m	n/a	3	False	3
3	learn	1.0	A	3	1	current_image	lamp/lamp_01.jpg	lamp/lamp_01.jpg	783.6660807000007	4.404873799998313	image	n/a	n/a	n/a	n/a	n/a	n/a	n/a	n/a	n/a	n/a
3	learn	1.0	A	3	1	corr_next_image	key/key_01.jpg	key/key_01.jpg	783.6660807000007	4.404883500013966	image	15	783.6661684000283	8.77000275067985e-05	n/a	n/a	n/a	n/a	n/a	n/a	n/a
3	learn	1.0	A	3	1	distractor 01 (close)	ball/ball_11.jpg	ball/ball_11.jpg	783.6660807000007	4.404891000012867	image	n/a	n/a	n/a	n/a	n/a	n/a	n/a	n/a	n/a	n/a
3	learn	1.0	A	3	1	distractor 02 (far)	hammer/hammer_16.jpg	hammer/hammer_16.jpg	783.6660807000007	4.404897700005677	image	n/a	n/a	n/a	n/a	n/a	n/a	n/a	n/a	n/a	n/a
3	n/a	n/a	n/a	n/a	n/a	choice_display	n/a	n/a	783.6661684000283	0.0	trigger	15	n/a	n/a	n/a	n/a	n/a	n/a	n/a	n/a	n/a
3	learn	1.0	A	3	1	correct_moving	n/a	n/a	788.3721145000309	0.9820616999641061	feedback	52	788.3722057000268	9.119999594986439e-05	n/a	n/a	n/a	n/a	n/a	n/a	n/a
3	n/a	n/a	n/a	n/a	n/a	feedback	n/a	n/a	788.3722057000268	0.0	trigger	52	n/a	n/a	n/a	n/a	n/a	n/a	n/a	n/a	n/a
3	learn	1.0	A	3	2	current_image	key/key_01.jpg	key/key_01.jpg	790.2213634999935	4.679823000042234	image	n/a	n/a	n/a	n/a	n/a	n/a	n/a	n/a	n/a	n/a
3	learn	1.0	A	3	2	corr_next_image	hand/hand_16.jpg	hand/hand_16.jpg	790.2213634999935	4.679829900036566	image	8	790.2214249999961	6.150000263005495e-05	n/a	n/a	n/a	n/a	n/a	n/a	n/a
3	learn	1.0	A	3	2	distractor 01 (close)	jacket/jacket_44.jpg	jacket/jacket_44.jpg	790.2213634999935	4.679835100017954	image	n/a	n/a	n/a	n/a	n/a	n/a	n/a	n/a	n/a	n/a
3	learn	1.0	A	3	2	distractor 02 (far)	house/house_35.jpg	house/house_35.jpg	790.2213634999935	4.67983970005298	image	n/a	n/a	n/a	n/a	n/a	n/a	n/a	n/a	n/a	n/a
3	n/a	n/a	n/a	n/a	n/a	choice_display	n/a	n/a	790.2214249999961	0.0	trigger	8	n/a	n/a	n/a	n/a	n/a	n/a	n/a	n/a	n/a
3	learn	1.0	A	3	2	correct_moving	n/a	n/a	795.1177229000023	0.9829355000401847	feedback	52	795.1178017000202	7.880001794546843e-05	n/a	n/a	n/a	n/a	n/a	n/a	n/a
3	n/a	n/a	n/a	n/a	n/a	feedback	n/a	n/a	795.1178017000202	0.0	trigger	52	n/a	n/a	n/a	n/a	n/a	n/a	n/a	n/a	n/a
3	learn	1.0	A	3	3	current_image	hand/hand_16.jpg	hand/hand_16.jpg	796.8872458999977	4.751538400014397	image	n/a	n/a	n/a	n/a	n/a	n/a	n/a	n/a	n/a	n/a
3	learn	1.0	A	3	3	corr_next_image	ball/ball_11.jpg	ball/ball_11.jpg	796.8872458999977	4.751550799992401	image	1	796.8873567000264	0.00011080002877861261	n/a	n/a	n/a	n/a	n/a	n/a	n/a
3	learn	1.0	A	3	3	distractor 01 (close)	bread/bread_29.jpg	bread/bread_29.jpg	796.8872458999977	4.751557900046464	image	n/a	n/a	n/a	n/a	n/a	n/a	n/a	n/a	n/a	n/a
3	learn	1.0	A	3	3	distractor 02 (far)	pencil/pencil_01.jpg	pencil/pencil_01.jpg	796.8872458999977	4.751563500030898	image	n/a	n/a	n/a	n/a	n/a	n/a	n/a	n/a	n/a	n/a
3	n/a	n/a	n/a	n/a	n/a	choice_display	n/a	n/a	796.8873567000264	0.0	trigger	1	n/a	n/a	n/a	n/a	n/a	n/a	n/a	n/a	n/a
3	learn	1.0	A	3	3	correct_moving	n/a	n/a	801.9075912000262	0.9893723999848589	feedback	52	801.9076863999944	9.519996820017695e-05	n/a	n/a	n/a	n/a	n/a	n/a	n/a
3	n/a	n/a	n/a	n/a	n/a	feedback	n/a	n/a	801.9076863999944	0.0	trigger	52	n/a	n/a	n/a	n/a	n/a	n/a	n/a	n/a	n/a
3	learn	1.0	A	3	4	current_image	ball/ball_11.jpg	ball/ball_11.jpg	803.6862079999992	4.744084700010717	image	n/a	n/a	n/a	n/a	n/a	n/a	n/a	n/a	n/a	n/a
3	learn	1.0	A	3	4	corr_next_image	dog/dog_49.jpg	dog/dog_49.jpg	803.6862079999992	4.744095200032461	image	5	803.6862821000395	7.41000403650105e-05	n/a	n/a	n/a	n/a	n/a	n/a	n/a
3	learn	1.0	A	3	4	distractor 01 (close)	hammer/hammer_16.jpg	hammer/hammer_16.jpg	803.6862079999992	4.744102600030601	image	n/a	n/a	n/a	n/a	n/a	n/a	n/a	n/a	n/a	n/a
3	learn	1.0	A	3	4	distractor 02 (far)	phone/phone_01.jpg	phone/phone_01.jpg	803.6862079999992	4.744110100029502	image	n/a	n/a	n/a	n/a	n/a	n/a	n/a	n/a	n/a	n/a
3	n/a	n/a	n/a	n/a	n/a	choice_display	n/a	n/a	803.6862821000395	0.0	trigger	5	n/a	n/a	n/a	n/a	n/a	n/a	n/a	n/a	n/a
3	learn	1.0	A	3	4	correct_moving	n/a	n/a	808.6675145000336	0.9937729999655858	feedback	52	808.6676535000443	0.000139000010676682	n/a	n/a	n/a	n/a	n/a	n/a	n/a
3	n/a	n/a	n/a	n/a	n/a	feedback	n/a	n/a	808.6676535000443	0.0	trigger	52	n/a	n/a	n/a	n/a	n/a	n/a	n/a	n/a	n/a
3	learn	1.0	A	3	5	current_image	dog/dog_49.jpg	dog/dog_49.jpg	810.3963351999992	4.800461800012272	image	n/a	n/a	n/a	n/a	n/a	n/a	n/a	n/a	n/a	n/a
3	learn	1.0	A	3	5	corr_next_image	flower/flower_17.jpg	flower/flower_17.jpg	810.3963351999992	4.800472900038585	image	6	810.3964386000298	0.00010340003063902259	n/a	n/a	n/a	n/a	n/a	n/a	n/a
3	learn	1.0	A	3	5	distractor 01 (close)	bicycle/bicycle_06.jpg	bicycle/bicycle_06.jpg	810.3963351999992	4.800480300036725	image	n/a	n/a	n/a	n/a	n/a	n/a	n/a	n/a	n/a	n/a
3	learn	1.0	A	3	5	distractor 02 (far)	pencil/pencil_01.jpg	pencil/pencil_01.jpg	810.3963351999992	4.800486800028011	image	n/a	n/a	n/a	n/a	n/a	n/a	n/a	n/a	n/a	n/a
3	n/a	n/a	n/a	n/a	n/a	choice_display	n/a	n/a	810.3964386000298	0.0	trigger	6	n/a	n/a	n/a	n/a	n/a	n/a	n/a	n/a	n/a
3	learn	1.0	A	3	5	correct_moving	n/a	n/a	815.4104190000216	0.9822355000069365	feedback	52	815.4105261000223	0.00010710000060498714	n/a	n/a	n/a	n/a	n/a	n/a	n/a
3	n/a	n/a	n/a	n/a	n/a	feedback	n/a	n/a	815.4105261000223	0.0	trigger	52	n/a	n/a	n/a	n/a	n/a	n/a	n/a	n/a	n/a
3	learn	1.0	A	3	6	current_image	flower/flower_17.jpg	flower/flower_17.jpg	817.2192626000033	4.723687399993651	image	n/a	n/a	n/a	n/a	n/a	n/a	n/a	n/a	n/a	n/a
3	learn	1.0	A	3	6	corr_next_image	jacket/jacket_44.jpg	jacket/jacket_44.jpg	817.2192626000033	4.72369409998646	image	10	817.2193322000094	6.960000609979033e-05	n/a	n/a	n/a	n/a	n/a	n/a	n/a
3	learn	1.0	A	3	6	distractor 01 (close)	lamp/lamp_01.jpg	lamp/lamp_01.jpg	817.2192626000033	4.723699400026817	image	n/a	n/a	n/a	n/a	n/a	n/a	n/a	n/a	n/a	n/a
3	learn	1.0	A	3	6	distractor 02 (far)	hand/hand_16.jpg	hand/hand_16.jpg	817.2192626000033	4.723703900002874	image	n/a	n/a	n/a	n/a	n/a	n/a	n/a	n/a	n/a	n/a
3	n/a	n/a	n/a	n/a	n/a	choice_display	n/a	n/a	817.2193322000094	0.0	trigger	10	n/a	n/a	n/a	n/a	n/a	n/a	n/a	n/a	n/a
3	learn	1.0	A	3	6	correct_moving	n/a	n/a	822.1850705000106	0.9885674000252038	feedback	52	822.1851513000438	8.080003317445517e-05	n/a	n/a	n/a	n/a	n/a	n/a	n/a
3	n/a	n/a	n/a	n/a	n/a	feedback	n/a	n/a	822.1851513000438	0.0	trigger	52	n/a	n/a	n/a	n/a	n/a	n/a	n/a	n/a	n/a
3	learn	1.0	A	3	7	current_image	jacket/jacket_44.jpg	jacket/jacket_44.jpg	823.8609060000163	4.852448799996637	image	n/a	n/a	n/a	n/a	n/a	n/a	n/a	n/a	n/a	n/a
3	learn	1.0	A	3	7	corr_next_image	bicycle/bicycle_06.jpg	bicycle/bicycle_06.jpg	823.8609060000163	4.852465700008906	image	2	823.8610175999929	0.0001115999766625464	n/a	n/a	n/a	n/a	n/a	n/a	n/a
3	learn	1.0	A	3	7	distractor 01 (close)	chair/chair_11.jpg	chair/chair_11.jpg	823.8609060000163	4.852474900020752	image	n/a	n/a	n/a	n/a	n/a	n/a	n/a	n/a	n/a	n/a
3	learn	1.0	A	3	7	distractor 02 (far)	pencil/pencil_01.jpg	pencil/pencil_01.jpg	823.8609060000163	4.852483100024983	image	n/a	n/a	n/a	n/a	n/a	n/a	n/a	n/a	n/a	n/a
3	n/a	n/a	n/a	n/a	n/a	choice_display	n/a	n/a	823.8610175999929	0.0	trigger	2	n/a	n/a	n/a	n/a	n/a	n/a	n/a	n/a	n/a
3	learn	1.0	A	3	7	correct_moving	n/a	n/a	828.9449884000351	0.9988948999671265	feedback	52	828.9451717000338	0.0001832999987527728	n/a	n/a	n/a	n/a	n/a	n/a	n/a
3	n/a	n/a	n/a	n/a	n/a	feedback	n/a	n/a	828.9451717000338	0.0	trigger	52	n/a	n/a	n/a	n/a	n/a	n/a	n/a	n/a	n/a
3	learn	1.0	A	3	8	current_image	bicycle/bicycle_06.jpg	bicycle/bicycle_06.jpg	830.65017909999	4.8369754000450484	image	n/a	n/a	n/a	n/a	n/a	n/a	n/a	n/a	n/a	n/a
3	learn	1.0	A	3	8	corr_next_image	chair/chair_11.jpg	chair/chair_11.jpg	830.65017909999	4.836982700042427	image	4	830.6503675000276	0.000188400037586689	n/a	n/a	n/a	n/a	n/a	n/a	n/a
3	learn	1.0	A	3	8	distractor 01 (close)	bread/bread_29.jpg	bread/bread_29.jpg	830.65017909999	4.8369875000207685	image	n/a	n/a	n/a	n/a	n/a	n/a	n/a	n/a	n/a	n/a
3	learn	1.0	A	3	8	distractor 02 (far)	flower/flower_17.jpg	flower/flower_17.jpg	830.65017909999	4.836992200056557	image	n/a	n/a	n/a	n/a	n/a	n/a	n/a	n/a	n/a	n/a
3	n/a	n/a	n/a	n/a	n/a	choice_display	n/a	n/a	830.6503675000276	0.0	trigger	4	n/a	n/a	n/a	n/a	n/a	n/a	n/a	n/a	n/a
3	learn	1.0	A	3	8	correct_moving	n/a	n/a	835.6117900999961	0.992789400042966	feedback	52	835.611845700012	5.560001591220498e-05	n/a	n/a	n/a	n/a	n/a	n/a	n/a
3	n/a	n/a	n/a	n/a	n/a	feedback	n/a	n/a	835.611845700012	0.0	trigger	52	n/a	n/a	n/a	n/a	n/a	n/a	n/a	n/a	n/a
3	learn	1.0	A	3	9	current_image	chair/chair_11.jpg	chair/chair_11.jpg	837.4288194000255	4.724314899998717	image	n/a	n/a	n/a	n/a	n/a	n/a	n/a	n/a	n/a	n/a
3	learn	1.0	A	3	9	corr_next_image	bread/bread_29.jpg	bread/bread_29.jpg	837.4288194000255	4.724323500005994	image	3	837.4289482000167	0.00012879999121651053	n/a	n/a	n/a	n/a	n/a	n/a	n/a
3	learn	1.0	A	3	9	distractor 01 (close)	key/key_01.jpg	key/key_01.jpg	837.4288194000255	4.724329199991189	image	n/a	n/a	n/a	n/a	n/a	n/a	n/a	n/a	n/a	n/a
3	learn	1.0	A	3	9	distractor 02 (far)	jacket/jacket_44.jpg	jacket/jacket_44.jpg	837.4288194000255	4.724334499973338	image	n/a	n/a	n/a	n/a	n/a	n/a	n/a	n/a	n/a	n/a
3	n/a	n/a	n/a	n/a	n/a	choice_display	n/a	n/a	837.4289482000167	0.0	trigger	3	n/a	n/a	n/a	n/a	n/a	n/a	n/a	n/a	n/a
3	learn	1.0	A	3	9	correct_moving	n/a	n/a	842.4066374000395	0.9797874999931082	feedback	52	842.4067165000015	7.909996202215552e-05	n/a	n/a	n/a	n/a	n/a	n/a	n/a
3	n/a	n/a	n/a	n/a	n/a	feedback	n/a	n/a	842.4067165000015	0.0	trigger	52	n/a	n/a	n/a	n/a	n/a	n/a	n/a	n/a	n/a
3	learn	1.0	A	3	10	current_image	bread/bread_29.jpg	bread/bread_29.jpg	844.1985444000456	4.736884699959774	image	n/a	n/a	n/a	n/a	n/a	n/a	n/a	n/a	n/a	n/a
3	learn	1.0	A	3	10	corr_next_image	house/house_35.jpg	house/house_35.jpg	844.1985444000456	4.736895199981518	image	9	844.1986315000104	8.709996473044157e-05	n/a	n/a	n/a	n/a	n/a	n/a	n/a
3	learn	1.0	A	3	10	distractor 01 (close)	lamp/lamp_01.jpg	lamp/lamp_01.jpg	844.1985444000456	4.736902599979658	image	n/a	n/a	n/a	n/a	n/a	n/a	n/a	n/a	n/a	n/a
3	learn	1.0	A	3	10	distractor 02 (far)	dog/dog_49.jpg	dog/dog_49.jpg	844.1985444000456	4.736909799976274	image	n/a	n/a	n/a	n/a	n/a	n/a	n/a	n/a	n/a	n/a
3	n/a	n/a	n/a	n/a	n/a	choice_display	n/a	n/a	844.1986315000104	0.0	trigger	9	n/a	n/a	n/a	n/a	n/a	n/a	n/a	n/a	n/a
3	learn	1.0	A	3	10	correct_moving	n/a	n/a	849.1590817000251	0.9917252999730408	feedback	52	849.1591479000053	6.619998021051288e-05	n/a	n/a	n/a	n/a	n/a	n/a	n/a
3	n/a	n/a	n/a	n/a	n/a	feedback	n/a	n/a	849.1591479000053	0.0	trigger	52	n/a	n/a	n/a	n/a	n/a	n/a	n/a	n/a	n/a
3	learn	1.0	A	3	11	current_image	house/house_35.jpg	house/house_35.jpg	850.8775434000418	4.821721099957358	image	n/a	n/a	n/a	n/a	n/a	n/a	n/a	n/a	n/a	n/a
3	learn	1.0	A	3	11	corr_next_image	hammer/hammer_16.jpg	hammer/hammer_16.jpg	850.8775434000418	4.821729599963874	image	7	850.8775973000447	5.390000296756625e-05	n/a	n/a	n/a	n/a	n/a	n/a	n/a
3	learn	1.0	A	3	11	distractor 01 (close)	phone/phone_01.jpg	phone/phone_01.jpg	850.8775434000418	4.82173490000423	image	n/a	n/a	n/a	n/a	n/a	n/a	n/a	n/a	n/a	n/a
3	learn	1.0	A	3	11	distractor 02 (far)	jacket/jacket_44.jpg	jacket/jacket_44.jpg	850.8775434000418	4.821739699982572	image	n/a	n/a	n/a	n/a	n/a	n/a	n/a	n/a	n/a	n/a
3	n/a	n/a	n/a	n/a	n/a	choice_display	n/a	n/a	850.8775973000447	0.0	trigger	7	n/a	n/a	n/a	n/a	n/a	n/a	n/a	n/a	n/a
3	learn	1.0	A	3	11	correct_moving	n/a	n/a	855.8551016999991	0.9927399000152946	feedback	52	855.8551769999904	7.529999129474163e-05	n/a	n/a	n/a	n/a	n/a	n/a	n/a
3	n/a	n/a	n/a	n/a	n/a	feedback	n/a	n/a	855.8551769999904	0.0	trigger	52	n/a	n/a	n/a	n/a	n/a	n/a	n/a	n/a	n/a
3	learn	1.0	A	3	12	current_image	hammer/hammer_16.jpg	hammer/hammer_16.jpg	857.502806000004	4.896047300018836	image	n/a	n/a	n/a	n/a	n/a	n/a	n/a	n/a	n/a	n/a
3	learn	1.0	A	3	12	corr_next_image	pencil/pencil_01.jpg	pencil/pencil_01.jpg	857.502806000004	4.896059999999125	image	16	857.5028560000355	5.000003147870302e-05	n/a	n/a	n/a	n/a	n/a	n/a	n/a
3	learn	1.0	A	3	12	distractor 01 (close)	hand/hand_16.jpg	hand/hand_16.jpg	857.502806000004	4.896068900008686	image	n/a	n/a	n/a	n/a	n/a	n/a	n/a	n/a	n/a	n/a
3	learn	1.0	A	3	12	distractor 02 (far)	bicycle/bicycle_06.jpg	bicycle/bicycle_06.jpg	857.502806000004	4.896076800010633	image	n/a	n/a	n/a	n/a	n/a	n/a	n/a	n/a	n/a	n/a
3	n/a	n/a	n/a	n/a	n/a	choice_display	n/a	n/a	857.5028560000355	0.0	trigger	16	n/a	n/a	n/a	n/a	n/a	n/a	n/a	n/a	n/a
3	learn	1.0	A	3	12	correct_moving	n/a	n/a	862.5397338999901	0.9902041000314057	feedback	52	862.5398253000458	9.140005568042397e-05	n/a	n/a	n/a	n/a	n/a	n/a	n/a
3	n/a	n/a	n/a	n/a	n/a	feedback	n/a	n/a	862.5398253000458	0.0	trigger	52	n/a	n/a	n/a	n/a	n/a	n/a	n/a	n/a	n/a
3	learn	1.0	A	3	13	current_image	pencil/pencil_01.jpg	pencil/pencil_01.jpg	864.3109915000387	4.769322599982843	image	n/a	n/a	n/a	n/a	n/a	n/a	n/a	n/a	n/a	n/a
3	learn	1.0	A	3	13	corr_next_image	phone/phone_01.jpg	phone/phone_01.jpg	864.3109915000387	4.769337599980645	image	17	864.311088300019	9.679998038336635e-05	n/a	n/a	n/a	n/a	n/a	n/a	n/a
3	learn	1.0	A	3	13	distractor 01 (close)	jacket/jacket_44.jpg	jacket/jacket_44.jpg	864.3109915000387	4.769347199995536	image	n/a	n/a	n/a	n/a	n/a	n/a	n/a	n/a	n/a	n/a
3	learn	1.0	A	3	13	distractor 02 (far)	lamp/lamp_01.jpg	lamp/lamp_01.jpg	864.3109915000387	4.76935419999063	image	n/a	n/a	n/a	n/a	n/a	n/a	n/a	n/a	n/a	n/a
3	n/a	n/a	n/a	n/a	n/a	choice_display	n/a	n/a	864.311088300019	0.0	trigger	17	n/a	n/a	n/a	n/a	n/a	n/a	n/a	n/a	n/a
3	learn	1.0	A	3	13	correct_moving	n/a	n/a	869.3623179999995	0.9820108000421897	feedback	52	869.3624106000061	9.26000066101551e-05	n/a	n/a	n/a	n/a	n/a	n/a	n/a
3	n/a	n/a	n/a	n/a	n/a	feedback	n/a	n/a	869.3624106000061	0.0	trigger	52	n/a	n/a	n/a	n/a	n/a	n/a	n/a	n/a	n/a
3	learn	1.0	A	3	13	fix_cross_replay_break	n/a	n/a	870.8898237000103	5.01507336669988	replay_break	53	870.8898805000354	5.6800025049597025e-05	n/a	n/a	n/a	n/a	n/a	n/a	n/a
3	n/a	n/a	n/a	n/a	n/a	replay_break	n/a	n/a	870.8898805000354	0.0	trigger	53	n/a	n/a	n/a	n/a	n/a	n/a	n/a	n/a	n/a
3	n/a	n/a	n/a	n/a	n/a	replay_break_end	n/a	n/a	875.891206500004	0.0	trigger	54	n/a	n/a	n/a	n/a	n/a	n/a	n/a	n/a	n/a
3	retr_1	block1	A	n/a	0	retrieval_ITIcross	n/a	n/a	877.087222400005	0.36652566667567044	fixcross	n/a	n/a	n/a	n/a	n/a	n/a	n/a	n/a	n/a	5
3	retr_1	block1	A	n/a	0	image_1_retr	dog/dog_49.jpg	dog/dog_49.jpg	877.528647100029	1.0096895666831642	image	5	877.5286976000061	5.0499977078288794e-05	n/a	n/a	n/a	n/a	n/a	n/a	n/a
3	n/a	n/a	n/a	n/a	n/a	image_1_retr	n/a	n/a	877.5286976000061	0.0	trigger	5	n/a	n/a	n/a	n/a	n/a	n/a	n/a	n/a	n/a
3	retr_1	block1	A	n/a	0	image_2_retr	bread/bread_29.jpg	bread/bread_29.jpg	878.839609800023	1.0134528666424103	image	3	878.839653300005	4.349998198449612e-05	n/a	n/a	n/a	n/a	n/a	n/a	n/a
3	n/a	n/a	n/a	n/a	n/a	image_2_retr	n/a	n/a	878.839653300005	0.0	trigger	3	n/a	n/a	n/a	n/a	n/a	n/a	n/a	n/a	n/a
3	n/a	n/a	n/a	n/a	n/a	reflection_start	n/a	n/a	880.1030624000123	0.0	trigger	31	n/a	n/a	n/a	n/a	n/a	n/a	n/a	n/a	n/a
3	n/a	n/a	n/a	n/a	n/a	reflection_end	n/a	n/a	882.3035808000132	0.0	trigger	32	n/a	n/a	n/a	n/a	n/a	n/a	n/a	n/a	n/a
3	n/a	n/a	n/a	n/a	n/a	order_options	n/a	n/a	882.3517259000218	0.0	trigger	59	n/a	n/a	n/a	n/a	n/a	n/a	n/a	n/a	n/a
3	n/a	n/a	n/a	n/a	n/a	distance_options	n/a	n/a	885.9011870000395	0.0	trigger	58	n/a	n/a	n/a	n/a	n/a	n/a	n/a	n/a	n/a
3	retr_distance	block1	A	n/a	0	n/a	n/a	n/a	889.3553323000087	0.0	choice	n/a	n/a	n/a	[]	n/a	m	n/a	5	False	5
3	retr_1	block1	A	n/a	1	retrieval_ITIcross	n/a	n/a	889.8667964999913	0.46690886671808585	fixcross	n/a	n/a	n/a	n/a	n/a	n/a	n/a	n/a	n/a	4
3	retr_1	block1	A	n/a	1	image_1_retr	bicycle/bicycle_06.jpg	bicycle/bicycle_06.jpg	890.3735569000128	1.0103377666712277	image	2	890.373621100036	6.420002318918705e-05	n/a	n/a	n/a	n/a	n/a	n/a	n/a
3	n/a	n/a	n/a	n/a	n/a	image_1_retr	n/a	n/a	890.373621100036	0.0	trigger	2	n/a	n/a	n/a	n/a	n/a	n/a	n/a	n/a	n/a
3	retr_1	block1	A	n/a	1	image_2_retr	ball/ball_11.jpg	ball/ball_11.jpg	891.7343141000019	0.9992236666769259	image	1	891.7343722000369	5.8100034948438406e-05	n/a	n/a	n/a	n/a	n/a	n/a	n/a
3	n/a	n/a	n/a	n/a	n/a	image_2_retr	n/a	n/a	891.7343722000369	0.0	trigger	1	n/a	n/a	n/a	n/a	n/a	n/a	n/a	n/a	n/a
3	n/a	n/a	n/a	n/a	n/a	reflection_start	n/a	n/a	892.9828508000355	0.0	trigger	31	n/a	n/a	n/a	n/a	n/a	n/a	n/a	n/a	n/a
3	n/a	n/a	n/a	n/a	n/a	reflection_end	n/a	n/a	894.8549004000379	0.0	trigger	32	n/a	n/a	n/a	n/a	n/a	n/a	n/a	n/a	n/a
3	n/a	n/a	n/a	n/a	n/a	order_options	n/a	n/a	894.8994492000202	0.0	trigger	59	n/a	n/a	n/a	n/a	n/a	n/a	n/a	n/a	n/a
3	n/a	n/a	n/a	n/a	n/a	distance_options	n/a	n/a	898.4140543999965	0.0	trigger	58	n/a	n/a	n/a	n/a	n/a	n/a	n/a	n/a	n/a
3	retr_distance	block1	A	n/a	1	n/a	n/a	n/a	901.9009811000433	0.0	choice	n/a	n/a	n/a	[]	n/a	m	n/a	4	False	4
3	retr_1	block1	A	n/a	2	retrieval_ITIcross	n/a	n/a	902.4139324999996	0.43165526667530685	fixcross	n/a	n/a	n/a	n/a	n/a	n/a	n/a	n/a	n/a	3
3	retr_1	block1	A	n/a	2	image_1_retr	hand/hand_16.jpg	hand/hand_16.jpg	902.8808401999995	1.015351366663026	image	8	902.8808701999951	2.9999995604157448e-05	n/a	n/a	n/a	n/a	n/a	n/a	n/a
3	n/a	n/a	n/a	n/a	n/a	image_1_retr	n/a	n/a	902.8808701999951	0.0	trigger	8	n/a	n/a	n/a	n/a	n/a	n/a	n/a	n/a	n/a
3	retr_1	block1	A	n/a	2	image_2_retr	flower/flower_17.jpg	flower/flower_17.jpg	904.2305934000178	1.0045354666692674	image	6	904.2306650000392	7.160002132877707e-05	n/a	n/a	n/a	n/a	n/a	n/a	n/a
3	n/a	n/a	n/a	n/a	n/a	image_2_retr	n/a	n/a	904.2306650000392	0.0	trigger	6	n/a	n/a	n/a	n/a	n/a	n/a	n/a	n/a	n/a
3	n/a	n/a	n/a	n/a	n/a	reflection_start	n/a	n/a	905.4965198000427	0.0	trigger	31	n/a	n/a	n/a	n/a	n/a	n/a	n/a	n/a	n/a
3	n/a	n/a	n/a	n/a	n/a	reflection_end	n/a	n/a	907.6972767999978	0.0	trigger	32	n/a	n/a	n/a	n/a	n/a	n/a	n/a	n/a	n/a
3	n/a	n/a	n/a	n/a	n/a	order_options	n/a	n/a	907.7446276000119	0.0	trigger	59	n/a	n/a	n/a	n/a	n/a	n/a	n/a	n/a	n/a
3	n/a	n/a	n/a	n/a	n/a	distance_options	n/a	n/a	911.2602610000176	0.0	trigger	58	n/a	n/a	n/a	n/a	n/a	n/a	n/a	n/a	n/a
3	retr_distance	block1	A	n/a	2	n/a	n/a	n/a	914.7310315000359	0.0	choice	n/a	n/a	n/a	[]	n/a	m	n/a	3	False	3
3	retr_1	block1	A	n/a	3	retrieval_ITIcross	n/a	n/a	915.2418606000138	0.4829824666996956	fixcross	n/a	n/a	n/a	n/a	n/a	n/a	n/a	n/a	n/a	2
3	retr_1	block1	A	n/a	3	image_1_retr	house/house_35.jpg	house/house_35.jpg	915.7630080000381	1.0112536666604228	image	9	915.7630473000463	3.9300008211284876e-05	n/a	n/a	n/a	n/a	n/a	n/a	n/a
3	n/a	n/a	n/a	n/a	n/a	image_1_retr	n/a	n/a	915.7630473000463	0.0	trigger	9	n/a	n/a	n/a	n/a	n/a	n/a	n/a	n/a	n/a
3	retr_1	block1	A	n/a	3	image_2_retr	chair/chair_11.jpg	chair/chair_11.jpg	917.0436464000377	1.0144209666216284	image	4	917.0436730000074	2.659996971487999e-05	n/a	n/a	n/a	n/a	n/a	n/a	n/a
3	n/a	n/a	n/a	n/a	n/a	image_2_retr	n/a	n/a	917.0436730000074	0.0	trigger	4	n/a	n/a	n/a	n/a	n/a	n/a	n/a	n/a	n/a
3	n/a	n/a	n/a	n/a	n/a	reflection_start	n/a	n/a	918.3078578000423	0.0	trigger	31	n/a	n/a	n/a	n/a	n/a	n/a	n/a	n/a	n/a
3	n/a	n/a	n/a	n/a	n/a	reflection_end	n/a	n/a	920.3768878999981	0.0	trigger	32	n/a	n/a	n/a	n/a	n/a	n/a	n/a	n/a	n/a
3	n/a	n/a	n/a	n/a	n/a	order_options	n/a	n/a	920.4407607000321	0.0	trigger	59	n/a	n/a	n/a	n/a	n/a	n/a	n/a	n/a	n/a
3	n/a	n/a	n/a	n/a	n/a	distance_options	n/a	n/a	923.9397491000127	0.0	trigger	58	n/a	n/a	n/a	n/a	n/a	n/a	n/a	n/a	n/a
3	retr_distance	block1	A	n/a	3	n/a	n/a	n/a	927.4152998999925	0.0	choice	n/a	n/a	n/a	[]	n/a	m	n/a	2	False	2
3	retr_1	block1	A	n/a	4	retrieval_ITIcross	n/a	n/a	927.9238784000045	0.6011806666540451	fixcross	n/a	n/a	n/a	n/a	n/a	n/a	n/a	n/a	n/a	4
3	retr_1	block1	A	n/a	4	image_1_retr	bicycle/bicycle_06.jpg	bicycle/bicycle_06.jpg	928.5398306000279	1.0017744666586168	image	2	928.5398733000038	4.269997589290142e-05	n/a	n/a	n/a	n/a	n/a	n/a	n/a
3	n/a	n/a	n/a	n/a	n/a	image_1_retr	n/a	n/a	928.5398733000038	0.0	trigger	2	n/a	n/a	n/a	n/a	n/a	n/a	n/a	n/a	n/a
3	retr_1	block1	A	n/a	4	image_2_retr	hammer/hammer_16.jpg	hammer/hammer_16.jpg	929.8057029999909	1.0148282666962132	image	7	929.8058140000212	0.00011100003030151129	n/a	n/a	n/a	n/a	n/a	n/a	n/a
3	n/a	n/a	n/a	n/a	n/a	image_2_retr	n/a	n/a	929.8058140000212	0.0	trigger	7	n/a	n/a	n/a	n/a	n/a	n/a	n/a	n/a	n/a
3	n/a	n/a	n/a	n/a	n/a	reflection_start	n/a	n/a	931.0706862999941	0.0	trigger	31	n/a	n/a	n/a	n/a	n/a	n/a	n/a	n/a	n/a
3	n/a	n/a	n/a	n/a	n/a	reflection_end	n/a	n/a	932.9393495999975	0.0	trigger	32	n/a	n/a	n/a	n/a	n/a	n/a	n/a	n/a	n/a
3	n/a	n/a	n/a	n/a	n/a	order_options	n/a	n/a	932.9855197000434	0.0	trigger	59	n/a	n/a	n/a	n/a	n/a	n/a	n/a	n/a	n/a
3	n/a	n/a	n/a	n/a	n/a	distance_options	n/a	n/a	936.518283100042	0.0	trigger	58	n/a	n/a	n/a	n/a	n/a	n/a	n/a	n/a	n/a
3	retr_distance	block1	A	n/a	4	n/a	n/a	n/a	939.9730268000276	0.0	choice	n/a	n/a	n/a	[]	n/a	m	n/a	4	False	4
3	retr_1	block1	A	n/a	5	retrieval_ITIcross	n/a	n/a	940.4838937000022	0.4496597666914113	fixcross	n/a	n/a	n/a	n/a	n/a	n/a	n/a	n/a	n/a	2
3	retr_1	block1	A	n/a	5	image_1_retr	hand/hand_16.jpg	hand/hand_16.jpg	940.952723400027	1.0137157666652001	image	8	940.9527518000104	2.8399983420968056e-05	n/a	n/a	n/a	n/a	n/a	n/a	n/a
3	n/a	n/a	n/a	n/a	n/a	image_1_retr	n/a	n/a	940.9527518000104	0.0	trigger	8	n/a	n/a	n/a	n/a	n/a	n/a	n/a	n/a	n/a
3	retr_1	block1	A	n/a	5	image_2_retr	dog/dog_49.jpg	dog/dog_49.jpg	942.2733486000216	1.0102197666458324	image	5	942.2733827999909	3.419996937736869e-05	n/a	n/a	n/a	n/a	n/a	n/a	n/a
3	n/a	n/a	n/a	n/a	n/a	image_2_retr	n/a	n/a	942.2733827999909	0.0	trigger	5	n/a	n/a	n/a	n/a	n/a	n/a	n/a	n/a	n/a
3	n/a	n/a	n/a	n/a	n/a	reflection_start	n/a	n/a	943.5500138000352	0.0	trigger	31	n/a	n/a	n/a	n/a	n/a	n/a	n/a	n/a	n/a
3	n/a	n/a	n/a	n/a	n/a	reflection_end	n/a	n/a	945.6006318000145	0.0	trigger	32	n/a	n/a	n/a	n/a	n/a	n/a	n/a	n/a	n/a
3	n/a	n/a	n/a	n/a	n/a	order_options	n/a	n/a	945.6487903000088	0.0	trigger	59	n/a	n/a	n/a	n/a	n/a	n/a	n/a	n/a	n/a
3	n/a	n/a	n/a	n/a	n/a	distance_options	n/a	n/a	949.1645405000309	0.0	trigger	58	n/a	n/a	n/a	n/a	n/a	n/a	n/a	n/a	n/a
3	retr_distance	block1	A	n/a	5	n/a	n/a	n/a	952.6362074000062	0.0	choice	n/a	n/a	n/a	[]	n/a	m	n/a	2	False	2
3	retr_1	block1	A	n/a	6	retrieval_ITIcross	n/a	n/a	953.1470236000023	0.7328362666924022	fixcross	n/a	n/a	n/a	n/a	n/a	n/a	n/a	n/a	n/a	3
3	retr_1	block1	A	n/a	6	image_1_retr	ball/ball_11.jpg	ball/ball_11.jpg	953.9840760999941	1.012196066676779	image	1	953.9841477000155	7.160002132877707e-05	n/a	n/a	n/a	n/a	n/a	n/a	n/a
3	n/a	n/a	n/a	n/a	n/a	image_1_retr	n/a	n/a	953.9841477000155	0.0	trigger	1	n/a	n/a	n/a	n/a	n/a	n/a	n/a	n/a	n/a
3	retr_1	block1	A	n/a	6	image_2_retr	jacket/jacket_44.jpg	jacket/jacket_44.jpg	955.3161954000243	1.0127008666788697	image	10	955.3162399000139	4.449998959898949e-05	n/a	n/a	n/a	n/a	n/a	n/a	n/a
3	n/a	n/a	n/a	n/a	n/a	image_2_retr	n/a	n/a	955.3162399000139	0.0	trigger	10	n/a	n/a	n/a	n/a	n/a	n/a	n/a	n/a	n/a
3	n/a	n/a	n/a	n/a	n/a	reflection_start	n/a	n/a	956.5788348999922	0.0	trigger	31	n/a	n/a	n/a	n/a	n/a	n/a	n/a	n/a	n/a
3	n/a	n/a	n/a	n/a	n/a	reflection_end	n/a	n/a	958.3656491000438	0.0	trigger	32	n/a	n/a	n/a	n/a	n/a	n/a	n/a	n/a	n/a
3	n/a	n/a	n/a	n/a	n/a	order_options	n/a	n/a	958.4119376000017	0.0	trigger	59	n/a	n/a	n/a	n/a	n/a	n/a	n/a	n/a	n/a
3	n/a	n/a	n/a	n/a	n/a	distance_options	n/a	n/a	961.943790099991	0.0	trigger	58	n/a	n/a	n/a	n/a	n/a	n/a	n/a	n/a	n/a
3	retr_distance	block1	A	n/a	6	n/a	n/a	n/a	965.3985012000194	0.0	choice	n/a	n/a	n/a	[]	n/a	m	n/a	3	False	3
3	retr_1	block1	A	n/a	7	retrieval_ITIcross	n/a	n/a	965.9096436999971	0.2661159666643016	fixcross	n/a	n/a	n/a	n/a	n/a	n/a	n/a	n/a	n/a	5
3	retr_1	block1	A	n/a	7	image_1_retr	house/house_35.jpg	house/house_35.jpg	966.2133389000082	1.0126815666483253	image	9	966.2133889000397	5.000003147870302e-05	n/a	n/a	n/a	n/a	n/a	n/a	n/a
3	n/a	n/a	n/a	n/a	n/a	image_1_retr	n/a	n/a	966.2133889000397	0.0	trigger	9	n/a	n/a	n/a	n/a	n/a	n/a	n/a	n/a	n/a
3	retr_1	block1	A	n/a	7	image_2_retr	flower/flower_17.jpg	flower/flower_17.jpg	967.514386099996	1.0105781666973144	image	6	967.5144229000434	3.6800047382712364e-05	n/a	n/a	n/a	n/a	n/a	n/a	n/a
3	n/a	n/a	n/a	n/a	n/a	image_2_retr	n/a	n/a	967.5144229000434	0.0	trigger	6	n/a	n/a	n/a	n/a	n/a	n/a	n/a	n/a	n/a
3	n/a	n/a	n/a	n/a	n/a	reflection_start	n/a	n/a	968.7748555000289	0.0	trigger	31	n/a	n/a	n/a	n/a	n/a	n/a	n/a	n/a	n/a
3	n/a	n/a	n/a	n/a	n/a	reflection_end	n/a	n/a	970.9262707000016	0.0	trigger	32	n/a	n/a	n/a	n/a	n/a	n/a	n/a	n/a	n/a
3	n/a	n/a	n/a	n/a	n/a	order_options	n/a	n/a	970.957544600009	0.0	trigger	59	n/a	n/a	n/a	n/a	n/a	n/a	n/a	n/a	n/a
3	n/a	n/a	n/a	n/a	n/a	distance_options	n/a	n/a	974.4734533000155	0.0	trigger	58	n/a	n/a	n/a	n/a	n/a	n/a	n/a	n/a	n/a
3	retr_distance	block1	A	n/a	7	n/a	n/a	n/a	977.9476862000301	0.0	choice	n/a	n/a	n/a	[]	n/a	m	n/a	5	False	5
3	retr_1	block1	A	n/a	8	retrieval_ITIcross	n/a	n/a	978.4721360999974	0.2832150667129554	fixcross	n/a	n/a	n/a	n/a	n/a	n/a	n/a	n/a	n/a	4
3	retr_1	block1	A	n/a	8	image_1_retr	dog/dog_49.jpg	dog/dog_49.jpg	978.8127615000121	1.0094247666459069	image	5	978.8128173000296	5.5800017435103655e-05	n/a	n/a	n/a	n/a	n/a	n/a	n/a
3	n/a	n/a	n/a	n/a	n/a	image_1_retr	n/a	n/a	978.8128173000296	0.0	trigger	5	n/a	n/a	n/a	n/a	n/a	n/a	n/a	n/a	n/a
3	retr_1	block1	A	n/a	8	image_2_retr	chair/chair_11.jpg	chair/chair_11.jpg	980.0905858000042	1.0138168666783258	image	4	980.0906331000151	4.730001091957092e-05	n/a	n/a	n/a	n/a	n/a	n/a	n/a
3	n/a	n/a	n/a	n/a	n/a	image_2_retr	n/a	n/a	980.0906331000151	0.0	trigger	4	n/a	n/a	n/a	n/a	n/a	n/a	n/a	n/a	n/a
3	n/a	n/a	n/a	n/a	n/a	reflection_start	n/a	n/a	981.3549925000407	0.0	trigger	31	n/a	n/a	n/a	n/a	n/a	n/a	n/a	n/a	n/a
3	n/a	n/a	n/a	n/a	n/a	reflection_end	n/a	n/a	983.3895992999896	0.0	trigger	32	n/a	n/a	n/a	n/a	n/a	n/a	n/a	n/a	n/a
3	n/a	n/a	n/a	n/a	n/a	order_options	n/a	n/a	983.4368082000292	0.0	trigger	59	n/a	n/a	n/a	n/a	n/a	n/a	n/a	n/a	n/a
3	n/a	n/a	n/a	n/a	n/a	distance_options	n/a	n/a	986.9357058000169	0.0	trigger	58	n/a	n/a	n/a	n/a	n/a	n/a	n/a	n/a	n/a
3	retr_distance	block1	A	n/a	8	n/a	n/a	n/a	990.4065675000311	0.0	choice	n/a	n/a	n/a	[]	n/a	m	n/a	4	False	4
3	retr_1	block1	A	n/a	9	retrieval_ITIcross	n/a	n/a	990.918301000027	0.4828873666740492	fixcross	n/a	n/a	n/a	n/a	n/a	n/a	n/a	n/a	n/a	3
3	retr_1	block1	A	n/a	9	image_1_retr	house/house_35.jpg	house/house_35.jpg	991.4400796000264	1.0113957666364968	image	9	991.4401395000168	5.989999044686556e-05	n/a	n/a	n/a	n/a	n/a	n/a	n/a
3	n/a	n/a	n/a	n/a	n/a	image_1_retr	n/a	n/a	991.4401395000168	0.0	trigger	9	n/a	n/a	n/a	n/a	n/a	n/a	n/a	n/a	n/a
3	retr_1	block1	A	n/a	9	image_2_retr	bicycle/bicycle_06.jpg	bicycle/bicycle_06.jpg	992.736735500046	1.0137663666430399	image	2	992.7367622000165	2.6699970476329327e-05	n/a	n/a	n/a	n/a	n/a	n/a	n/a
3	n/a	n/a	n/a	n/a	n/a	image_2_retr	n/a	n/a	992.7367622000165	0.0	trigger	2	n/a	n/a	n/a	n/a	n/a	n/a	n/a	n/a	n/a
3	n/a	n/a	n/a	n/a	n/a	reflection_start	n/a	n/a	994.0004088000278	0.0	trigger	31	n/a	n/a	n/a	n/a	n/a	n/a	n/a	n/a	n/a
3	n/a	n/a	n/a	n/a	n/a	reflection_end	n/a	n/a	996.0689890999929	0.0	trigger	32	n/a	n/a	n/a	n/a	n/a	n/a	n/a	n/a	n/a
3	n/a	n/a	n/a	n/a	n/a	order_options	n/a	n/a	996.1165161000099	0.0	trigger	59	n/a	n/a	n/a	n/a	n/a	n/a	n/a	n/a	n/a
3	n/a	n/a	n/a	n/a	n/a	distance_options	n/a	n/a	999.6319113000063	0.0	trigger	58	n/a	n/a	n/a	n/a	n/a	n/a	n/a	n/a	n/a
3	retr_distance	block1	A	n/a	9	n/a	n/a	n/a	1003.0856884000241	0.0	choice	n/a	n/a	n/a	[]	n/a	m	n/a	3	False	3
3	retr_1	block1	A	n/a	10	retrieval_ITIcross	n/a	n/a	1003.5973080000258	0.35032226663702204	fixcross	n/a	n/a	n/a	n/a	n/a	n/a	n/a	n/a	n/a	5
3	retr_1	block1	A	n/a	10	image_1_retr	hammer/hammer_16.jpg	hammer/hammer_16.jpg	1003.967075499997	1.0136524667070717	image	7	1003.9671206999919	4.5199994929134846e-05	n/a	n/a	n/a	n/a	n/a	n/a	n/a
3	n/a	n/a	n/a	n/a	n/a	image_1_retr	n/a	n/a	1003.9671206999919	0.0	trigger	7	n/a	n/a	n/a	n/a	n/a	n/a	n/a	n/a	n/a
3	retr_1	block1	A	n/a	10	image_2_retr	jacket/jacket_44.jpg	jacket/jacket_44.jpg	1005.2881872000289	1.0090904666615188	image	10	1005.2882430000464	5.5800017435103655e-05	n/a	n/a	n/a	n/a	n/a	n/a	n/a
3	n/a	n/a	n/a	n/a	n/a	image_2_retr	n/a	n/a	1005.2882430000464	0.0	trigger	10	n/a	n/a	n/a	n/a	n/a	n/a	n/a	n/a	n/a
3	n/a	n/a	n/a	n/a	n/a	reflection_start	n/a	n/a	1006.5471317000338	0.0	trigger	31	n/a	n/a	n/a	n/a	n/a	n/a	n/a	n/a	n/a
3	n/a	n/a	n/a	n/a	n/a	reflection_end	n/a	n/a	1008.7324395000469	0.0	trigger	32	n/a	n/a	n/a	n/a	n/a	n/a	n/a	n/a	n/a
3	n/a	n/a	n/a	n/a	n/a	order_options	n/a	n/a	1008.7790856999927	0.0	trigger	59	n/a	n/a	n/a	n/a	n/a	n/a	n/a	n/a	n/a
3	n/a	n/a	n/a	n/a	n/a	distance_options	n/a	n/a	1012.312226900016	0.0	trigger	58	n/a	n/a	n/a	n/a	n/a	n/a	n/a	n/a	n/a
3	retr_distance	block1	A	n/a	10	n/a	n/a	n/a	1015.7678743000142	0.0	choice	n/a	n/a	n/a	[]	n/a	m	n/a	5	False	5
3	retr_1	block1	A	n/a	11	retrieval_ITIcross	n/a	n/a	1016.2775344999973	0.6820960667139389	fixcross	n/a	n/a	n/a	n/a	n/a	n/a	n/a	n/a	n/a	2
3	retr_1	block1	A	n/a	11	image_1_retr	flower/flower_17.jpg	flower/flower_17.jpg	1016.9962072999915	1.0133623667099982	image	6	1016.996265600028	5.830003647133708e-05	n/a	n/a	n/a	n/a	n/a	n/a	n/a
3	n/a	n/a	n/a	n/a	n/a	image_1_retr	n/a	n/a	1016.996265600028	0.0	trigger	6	n/a	n/a	n/a	n/a	n/a	n/a	n/a	n/a	n/a
3	retr_1	block1	A	n/a	11	image_2_retr	ball/ball_11.jpg	ball/ball_11.jpg	1018.3619497999898	1.013700166721037	image	1	1018.3620145000168	6.470002699643373e-05	n/a	n/a	n/a	n/a	n/a	n/a	n/a
3	n/a	n/a	n/a	n/a	n/a	image_2_retr	n/a	n/a	1018.3620145000168	0.0	trigger	1	n/a	n/a	n/a	n/a	n/a	n/a	n/a	n/a	n/a
3	n/a	n/a	n/a	n/a	n/a	reflection_start	n/a	n/a	1019.6255217000144	0.0	trigger	31	n/a	n/a	n/a	n/a	n/a	n/a	n/a	n/a	n/a
3	n/a	n/a	n/a	n/a	n/a	reflection_end	n/a	n/a	1021.494043600047	0.0	trigger	32	n/a	n/a	n/a	n/a	n/a	n/a	n/a	n/a	n/a
3	n/a	n/a	n/a	n/a	n/a	order_options	n/a	n/a	1021.5415818000329	0.0	trigger	59	n/a	n/a	n/a	n/a	n/a	n/a	n/a	n/a	n/a
3	n/a	n/a	n/a	n/a	n/a	distance_options	n/a	n/a	1025.074219000002	0.0	trigger	58	n/a	n/a	n/a	n/a	n/a	n/a	n/a	n/a	n/a
3	retr_distance	block1	A	n/a	11	n/a	n/a	n/a	1028.5451243999996	0.0	choice	n/a	n/a	n/a	[]	n/a	m	n/a	2	False	2
3	retr_1	block1	A	n/a	12	retrieval_ITIcross	n/a	n/a	1029.0573234000476	0.7319755666578658	fixcross	n/a	n/a	n/a	n/a	n/a	n/a	n/a	n/a	n/a	4
3	retr_1	block1	A	n/a	12	image_1_retr	hand/hand_16.jpg	hand/hand_16.jpg	1029.825765800022	1.01285826665503	image	8	1029.8258267000201	6.089999806135893e-05	n/a	n/a	n/a	n/a	n/a	n/a	n/a
3	n/a	n/a	n/a	n/a	n/a	image_1_retr	n/a	n/a	1029.8258267000201	0.0	trigger	8	n/a	n/a	n/a	n/a	n/a	n/a	n/a	n/a	n/a
3	retr_1	block1	A	n/a	12	image_2_retr	jacket/jacket_44.jpg	jacket/jacket_44.jpg	1031.164227100031	1.00738436665074	image	10	1031.1642724000267	4.529999569058418e-05	n/a	n/a	n/a	n/a	n/a	n/a	n/a
3	n/a	n/a	n/a	n/a	n/a	image_2_retr	n/a	n/a	1031.1642724000267	0.0	trigger	10	n/a	n/a	n/a	n/a	n/a	n/a	n/a	n/a	n/a
3	n/a	n/a	n/a	n/a	n/a	reflection_start	n/a	n/a	1032.4218213999993	0.0	trigger	31	n/a	n/a	n/a	n/a	n/a	n/a	n/a	n/a	n/a
3	n/a	n/a	n/a	n/a	n/a	reflection_end	n/a	n/a	1034.2565773000242	0.0	trigger	32	n/a	n/a	n/a	n/a	n/a	n/a	n/a	n/a	n/a
3	n/a	n/a	n/a	n/a	n/a	order_options	n/a	n/a	1034.3041886000428	0.0	trigger	59	n/a	n/a	n/a	n/a	n/a	n/a	n/a	n/a	n/a
3	n/a	n/a	n/a	n/a	n/a	distance_options	n/a	n/a	1037.8367157000466	0.0	trigger	58	n/a	n/a	n/a	n/a	n/a	n/a	n/a	n/a	n/a
3	retr_distance	block1	A	n/a	12	n/a	n/a	n/a	1041.2918966000434	0.0	choice	n/a	n/a	n/a	[]	n/a	m	n/a	4	False	4
3	retr_1	block1	A	n/a	13	retrieval_ITIcross	n/a	n/a	1041.8019827000098	0.417561266691564	fixcross	n/a	n/a	n/a	n/a	n/a	n/a	n/a	n/a	n/a	5
3	retr_1	block1	A	n/a	13	image_1_retr	chair/chair_11.jpg	chair/chair_11.jpg	1042.2384654000052	1.013076466686698	image	4	1042.2385139000253	4.850002005696297e-05	n/a	n/a	n/a	n/a	n/a	n/a	n/a
3	n/a	n/a	n/a	n/a	n/a	image_1_retr	n/a	n/a	1042.2385139000253	0.0	trigger	4	n/a	n/a	n/a	n/a	n/a	n/a	n/a	n/a	n/a
3	retr_1	block1	A	n/a	13	image_2_retr	ball/ball_11.jpg	ball/ball_11.jpg	1043.6059056000086	1.0124740666981324	image	1	1043.6059796999907	7.409998215734959e-05	n/a	n/a	n/a	n/a	n/a	n/a	n/a
3	n/a	n/a	n/a	n/a	n/a	image_2_retr	n/a	n/a	1043.6059796999907	0.0	trigger	1	n/a	n/a	n/a	n/a	n/a	n/a	n/a	n/a	n/a
3	n/a	n/a	n/a	n/a	n/a	reflection_start	n/a	n/a	1044.868313200015	0.0	trigger	31	n/a	n/a	n/a	n/a	n/a	n/a	n/a	n/a	n/a
3	n/a	n/a	n/a	n/a	n/a	reflection_end	n/a	n/a	1046.8194540000404	0.0	trigger	32	n/a	n/a	n/a	n/a	n/a	n/a	n/a	n/a	n/a
3	n/a	n/a	n/a	n/a	n/a	order_options	n/a	n/a	1046.8670880999998	0.0	trigger	59	n/a	n/a	n/a	n/a	n/a	n/a	n/a	n/a	n/a
3	n/a	n/a	n/a	n/a	n/a	distance_options	n/a	n/a	1050.3828387000249	0.0	trigger	58	n/a	n/a	n/a	n/a	n/a	n/a	n/a	n/a	n/a
3	retr_distance	block1	A	n/a	13	n/a	n/a	n/a	1053.8518431000412	0.0	choice	n/a	n/a	n/a	[]	n/a	m	n/a	5	False	5
3	retr_1	block1	A	n/a	14	retrieval_ITIcross	n/a	n/a	1054.3662605000427	0.4815021666620396	fixcross	n/a	n/a	n/a	n/a	n/a	n/a	n/a	n/a	n/a	2
3	retr_1	block1	A	n/a	14	image_1_retr	bread/bread_29.jpg	bread/bread_29.jpg	1054.8838813000475	1.0135595666399695	image	3	1054.8839260000386	4.469999112188816e-05	n/a	n/a	n/a	n/a	n/a	n/a	n/a
3	n/a	n/a	n/a	n/a	n/a	image_1_retr	n/a	n/a	1054.8839260000386	0.0	trigger	3	n/a	n/a	n/a	n/a	n/a	n/a	n/a	n/a	n/a
3	retr_1	block1	A	n/a	14	image_2_retr	hammer/hammer_16.jpg	hammer/hammer_16.jpg	1056.1711550000473	1.0102103666324638	image	7	1056.1711888000136	3.379996633157134e-05	n/a	n/a	n/a	n/a	n/a	n/a	n/a
3	n/a	n/a	n/a	n/a	n/a	image_2_retr	n/a	n/a	1056.1711888000136	0.0	trigger	7	n/a	n/a	n/a	n/a	n/a	n/a	n/a	n/a	n/a
3	n/a	n/a	n/a	n/a	n/a	reflection_start	n/a	n/a	1057.430322100001	0.0	trigger	31	n/a	n/a	n/a	n/a	n/a	n/a	n/a	n/a	n/a
3	n/a	n/a	n/a	n/a	n/a	reflection_end	n/a	n/a	1059.5003472000244	0.0	trigger	32	n/a	n/a	n/a	n/a	n/a	n/a	n/a	n/a	n/a
3	n/a	n/a	n/a	n/a	n/a	order_options	n/a	n/a	1059.5464926999994	0.0	trigger	59	n/a	n/a	n/a	n/a	n/a	n/a	n/a	n/a	n/a
3	n/a	n/a	n/a	n/a	n/a	distance_options	n/a	n/a	1063.0621447000303	0.0	trigger	58	n/a	n/a	n/a	n/a	n/a	n/a	n/a	n/a	n/a
3	retr_distance	block1	A	n/a	14	n/a	n/a	n/a	1066.5485384000349	0.0	choice	n/a	n/a	n/a	[]	n/a	m	n/a	2	False	2
3	retr_1	block1	A	n/a	15	retrieval_ITIcross	n/a	n/a	1067.078468599997	0.39959926670803725	fixcross	n/a	n/a	n/a	n/a	n/a	n/a	n/a	n/a	n/a	3
3	retr_1	block1	A	n/a	15	image_1_retr	bicycle/bicycle_06.jpg	bicycle/bicycle_06.jpg	1067.4968764000223	1.013265966674453	image	2	1067.496930400026	5.400000372901559e-05	n/a	n/a	n/a	n/a	n/a	n/a	n/a
3	n/a	n/a	n/a	n/a	n/a	image_1_retr	n/a	n/a	1067.496930400026	0.0	trigger	2	n/a	n/a	n/a	n/a	n/a	n/a	n/a	n/a	n/a
3	retr_1	block1	A	n/a	15	image_2_retr	dog/dog_49.jpg	dog/dog_49.jpg	1068.8159002000466	1.0112233666625343	image	5	1068.8159347000183	3.44999716617167e-05	n/a	n/a	n/a	n/a	n/a	n/a	n/a
3	n/a	n/a	n/a	n/a	n/a	image_2_retr	n/a	n/a	1068.8159347000183	0.0	trigger	5	n/a	n/a	n/a	n/a	n/a	n/a	n/a	n/a	n/a
3	n/a	n/a	n/a	n/a	n/a	reflection_start	n/a	n/a	1070.0763678000076	0.0	trigger	31	n/a	n/a	n/a	n/a	n/a	n/a	n/a	n/a	n/a
3	n/a	n/a	n/a	n/a	n/a	reflection_end	n/a	n/a	1072.1131543000229	0.0	trigger	32	n/a	n/a	n/a	n/a	n/a	n/a	n/a	n/a	n/a
3	n/a	n/a	n/a	n/a	n/a	order_options	n/a	n/a	1072.1593248000136	0.0	trigger	59	n/a	n/a	n/a	n/a	n/a	n/a	n/a	n/a	n/a
3	n/a	n/a	n/a	n/a	n/a	distance_options	n/a	n/a	1075.6584320000256	0.0	trigger	58	n/a	n/a	n/a	n/a	n/a	n/a	n/a	n/a	n/a
3	retr_distance	block1	A	n/a	15	n/a	n/a	n/a	1079.1304357000045	0.0	choice	n/a	n/a	n/a	[]	n/a	m	n/a	3	False	3
3	retr_1	block1	A	n/a	16	retrieval_ITIcross	n/a	n/a	1079.6399010000168	0.6175640666663185	fixcross	n/a	n/a	n/a	n/a	n/a	n/a	n/a	n/a	n/a	4
3	retr_1	block1	A	n/a	16	image_1_retr	bread/bread_29.jpg	bread/bread_29.jpg	1080.2929127000389	1.0134670666341208	image	3	1080.2929605999961	4.789995728060603e-05	n/a	n/a	n/a	n/a	n/a	n/a	n/a
3	n/a	n/a	n/a	n/a	n/a	image_1_retr	n/a	n/a	1080.2929605999961	0.0	trigger	3	n/a	n/a	n/a	n/a	n/a	n/a	n/a	n/a	n/a
3	retr_1	block1	A	n/a	16	image_2_retr	flower/flower_17.jpg	flower/flower_17.jpg	1081.594995899999	1.0116746666647032	image	6	1081.5950469000381	5.100003909319639e-05	n/a	n/a	n/a	n/a	n/a	n/a	n/a
3	n/a	n/a	n/a	n/a	n/a	image_2_retr	n/a	n/a	1081.5950469000381	0.0	trigger	6	n/a	n/a	n/a	n/a	n/a	n/a	n/a	n/a	n/a
3	n/a	n/a	n/a	n/a	n/a	reflection_start	n/a	n/a	1082.856716600014	0.0	trigger	31	n/a	n/a	n/a	n/a	n/a	n/a	n/a	n/a	n/a
3	n/a	n/a	n/a	n/a	n/a	reflection_end	n/a	n/a	1084.6748594000237	0.0	trigger	32	n/a	n/a	n/a	n/a	n/a	n/a	n/a	n/a	n/a
3	n/a	n/a	n/a	n/a	n/a	order_options	n/a	n/a	1084.7218302999972	0.0	trigger	59	n/a	n/a	n/a	n/a	n/a	n/a	n/a	n/a	n/a
3	n/a	n/a	n/a	n/a	n/a	distance_options	n/a	n/a	1088.237165700004	0.0	trigger	58	n/a	n/a	n/a	n/a	n/a	n/a	n/a	n/a	n/a
3	retr_distance	block1	A	n/a	16	n/a	n/a	n/a	1091.708718000038	0.0	choice	n/a	n/a	n/a	[]	n/a	m	n/a	4	False	4
3	retr_1	block1	A	n/a	17	retrieval_ITIcross	n/a	n/a	1092.2198172000353	0.6013578666645572	fixcross	n/a	n/a	n/a	n/a	n/a	n/a	n/a	n/a	n/a	2
3	retr_1	block1	A	n/a	17	image_1_retr	jacket/jacket_44.jpg	jacket/jacket_44.jpg	1092.8769859000458	1.0084076666428246	image	10	1092.8770382000366	5.229999078437686e-05	n/a	n/a	n/a	n/a	n/a	n/a	n/a
3	n/a	n/a	n/a	n/a	n/a	image_1_retr	n/a	n/a	1092.8770382000366	0.0	trigger	10	n/a	n/a	n/a	n/a	n/a	n/a	n/a	n/a	n/a
3	retr_1	block1	A	n/a	17	image_2_retr	dog/dog_49.jpg	dog/dog_49.jpg	1094.1935927000013	1.008252666684939	image	5	1094.1936523999902	5.9699988923966885e-05	n/a	n/a	n/a	n/a	n/a	n/a	n/a
3	n/a	n/a	n/a	n/a	n/a	image_2_retr	n/a	n/a	1094.1936523999902	0.0	trigger	5	n/a	n/a	n/a	n/a	n/a	n/a	n/a	n/a	n/a
3	n/a	n/a	n/a	n/a	n/a	reflection_start	n/a	n/a	1095.4682729000342	0.0	trigger	31	n/a	n/a	n/a	n/a	n/a	n/a	n/a	n/a	n/a
3	n/a	n/a	n/a	n/a	n/a	reflection_end	n/a	n/a	1097.2380203999928	0.0	trigger	32	n/a	n/a	n/a	n/a	n/a	n/a	n/a	n/a	n/a
3	n/a	n/a	n/a	n/a	n/a	order_options	n/a	n/a	1097.28489000001	0.0	trigger	59	n/a	n/a	n/a	n/a	n/a	n/a	n/a	n/a	n/a
3	n/a	n/a	n/a	n/a	n/a	distance_options	n/a	n/a	1100.8176233000122	0.0	trigger	58	n/a	n/a	n/a	n/a	n/a	n/a	n/a	n/a	n/a
3	retr_distance	block1	A	n/a	17	n/a	n/a	n/a	1104.2858019000269	0.0	choice	n/a	n/a	n/a	[]	n/a	m	n/a	2	False	2
3	retr_1	block1	A	n/a	18	retrieval_ITIcross	n/a	n/a	1104.798771700007	0.7172472666754857	fixcross	n/a	n/a	n/a	n/a	n/a	n/a	n/a	n/a	n/a	3
3	retr_1	block1	A	n/a	18	image_1_retr	chair/chair_11.jpg	chair/chair_11.jpg	1105.537667800032	1.011234066627594	image	4	1105.5377180000069	5.019997479394078e-05	n/a	n/a	n/a	n/a	n/a	n/a	n/a
3	n/a	n/a	n/a	n/a	n/a	image_1_retr	n/a	n/a	1105.5377180000069	0.0	trigger	4	n/a	n/a	n/a	n/a	n/a	n/a	n/a	n/a	n/a
3	retr_1	block1	A	n/a	18	image_2_retr	hammer/hammer_16.jpg	hammer/hammer_16.jpg	1106.8215082000243	1.0104278666588016	image	7	1106.8215696000261	6.140000186860561e-05	n/a	n/a	n/a	n/a	n/a	n/a	n/a
3	n/a	n/a	n/a	n/a	n/a	image_2_retr	n/a	n/a	1106.8215696000261	0.0	trigger	7	n/a	n/a	n/a	n/a	n/a	n/a	n/a	n/a	n/a
3	n/a	n/a	n/a	n/a	n/a	reflection_start	n/a	n/a	1108.0814299000194	0.0	trigger	31	n/a	n/a	n/a	n/a	n/a	n/a	n/a	n/a	n/a
3	n/a	n/a	n/a	n/a	n/a	reflection_end	n/a	n/a	1109.9671878000372	0.0	trigger	32	n/a	n/a	n/a	n/a	n/a	n/a	n/a	n/a	n/a
3	n/a	n/a	n/a	n/a	n/a	order_options	n/a	n/a	1110.0144468999933	0.0	trigger	59	n/a	n/a	n/a	n/a	n/a	n/a	n/a	n/a	n/a
3	n/a	n/a	n/a	n/a	n/a	distance_options	n/a	n/a	1113.5298032000428	0.0	trigger	58	n/a	n/a	n/a	n/a	n/a	n/a	n/a	n/a	n/a
3	retr_distance	block1	A	n/a	18	n/a	n/a	n/a	1117.0018272000016	0.0	choice	n/a	n/a	n/a	[]	n/a	m	n/a	3	False	3
3	retr_1	block1	A	n/a	19	retrieval_ITIcross	n/a	n/a	1117.51165390003	0.5338900666722566	fixcross	n/a	n/a	n/a	n/a	n/a	n/a	n/a	n/a	n/a	5
3	retr_1	block1	A	n/a	19	image_1_retr	hand/hand_16.jpg	hand/hand_16.jpg	1118.0813205000013	1.0131730666655585	image	8	1118.0813759000157	5.540001438930631e-05	n/a	n/a	n/a	n/a	n/a	n/a	n/a
3	n/a	n/a	n/a	n/a	n/a	image_1_retr	n/a	n/a	1118.0813759000157	0.0	trigger	8	n/a	n/a	n/a	n/a	n/a	n/a	n/a	n/a	n/a
3	retr_1	block1	A	n/a	19	image_2_retr	bicycle/bicycle_06.jpg	bicycle/bicycle_06.jpg	1119.3636707999976	1.014206066673296	image	2	1119.3637320999987	6.130000110715628e-05	n/a	n/a	n/a	n/a	n/a	n/a	n/a
3	n/a	n/a	n/a	n/a	n/a	image_2_retr	n/a	n/a	1119.3637320999987	0.0	trigger	2	n/a	n/a	n/a	n/a	n/a	n/a	n/a	n/a	n/a
3	n/a	n/a	n/a	n/a	n/a	reflection_start	n/a	n/a	1120.6271551999962	0.0	trigger	31	n/a	n/a	n/a	n/a	n/a	n/a	n/a	n/a	n/a
3	n/a	n/a	n/a	n/a	n/a	reflection_end	n/a	n/a	1122.3964541000314	0.0	trigger	32	n/a	n/a	n/a	n/a	n/a	n/a	n/a	n/a	n/a
3	n/a	n/a	n/a	n/a	n/a	order_options	n/a	n/a	1122.4433091999963	0.0	trigger	59	n/a	n/a	n/a	n/a	n/a	n/a	n/a	n/a	n/a
3	n/a	n/a	n/a	n/a	n/a	distance_options	n/a	n/a	1125.9592980000307	0.0	trigger	58	n/a	n/a	n/a	n/a	n/a	n/a	n/a	n/a	n/a
3	retr_distance	block1	A	n/a	19	n/a	n/a	n/a	1129.4137633999926	0.0	choice	n/a	n/a	n/a	[]	n/a	m	n/a	5	False	5
3	learn	1.0	A	4	1	current_image	lamp/lamp_01.jpg	lamp/lamp_01.jpg	1131.7907849000185	4.721981899987441	image	n/a	n/a	n/a	n/a	n/a	n/a	n/a	n/a	n/a	n/a
3	learn	1.0	A	4	1	corr_next_image	key/key_01.jpg	key/key_01.jpg	1131.7907849000185	4.721994000021368	image	15	1131.7908738999977	8.899997919797897e-05	n/a	n/a	n/a	n/a	n/a	n/a	n/a
3	learn	1.0	A	4	1	distractor 01 (close)	dog/dog_49.jpg	dog/dog_49.jpg	1131.7907849000185	4.722002100024838	image	n/a	n/a	n/a	n/a	n/a	n/a	n/a	n/a	n/a	n/a
3	learn	1.0	A	4	1	distractor 02 (far)	hammer/hammer_16.jpg	hammer/hammer_16.jpg	1131.7907849000185	4.722010200028308	image	n/a	n/a	n/a	n/a	n/a	n/a	n/a	n/a	n/a	n/a
3	n/a	n/a	n/a	n/a	n/a	choice_display	n/a	n/a	1131.7908738999977	0.0	trigger	15	n/a	n/a	n/a	n/a	n/a	n/a	n/a	n/a	n/a
3	learn	1.0	A	4	1	correct_moving	n/a	n/a	1136.839050700015	0.9876631000079215	feedback	52	1136.8391542000463	0.00010350003140047193	n/a	n/a	n/a	n/a	n/a	n/a	n/a
3	n/a	n/a	n/a	n/a	n/a	feedback	n/a	n/a	1136.8391542000463	0.0	trigger	52	n/a	n/a	n/a	n/a	n/a	n/a	n/a	n/a	n/a
3	learn	1.0	A	4	2	current_image	key/key_01.jpg	key/key_01.jpg	1138.5935951000429	4.780923399957828	image	n/a	n/a	n/a	n/a	n/a	n/a	n/a	n/a	n/a	n/a
3	learn	1.0	A	4	2	corr_next_image	hand/hand_16.jpg	hand/hand_16.jpg	1138.5935951000429	4.780931099958252	image	8	1138.5936745000072	7.939996430650353e-05	n/a	n/a	n/a	n/a	n/a	n/a	n/a
3	learn	1.0	A	4	2	distractor 01 (close)	bicycle/bicycle_06.jpg	bicycle/bicycle_06.jpg	1138.5935951000429	4.780936099996325	image	n/a	n/a	n/a	n/a	n/a	n/a	n/a	n/a	n/a	n/a
3	learn	1.0	A	4	2	distractor 02 (far)	house/house_35.jpg	house/house_35.jpg	1138.5935951000429	4.780940699973144	image	n/a	n/a	n/a	n/a	n/a	n/a	n/a	n/a	n/a	n/a
3	n/a	n/a	n/a	n/a	n/a	choice_display	n/a	n/a	1138.5936745000072	0.0	trigger	8	n/a	n/a	n/a	n/a	n/a	n/a	n/a	n/a	n/a
3	learn	1.0	A	4	2	correct_moving	n/a	n/a	1143.5764822000056	0.9815865000127815	feedback	52	1143.5765732	9.099999442696571e-05	n/a	n/a	n/a	n/a	n/a	n/a	n/a
3	n/a	n/a	n/a	n/a	n/a	feedback	n/a	n/a	1143.5765732	0.0	trigger	52	n/a	n/a	n/a	n/a	n/a	n/a	n/a	n/a	n/a
3	learn	1.0	A	4	3	current_image	hand/hand_16.jpg	hand/hand_16.jpg	1145.3179323000368	4.788995000009891	image	n/a	n/a	n/a	n/a	n/a	n/a	n/a	n/a	n/a	n/a
3	learn	1.0	A	4	3	corr_next_image	ball/ball_11.jpg	ball/ball_11.jpg	1145.3179323000368	4.78900289995363	image	1	1145.3180053000106	7.299997378140688e-05	n/a	n/a	n/a	n/a	n/a	n/a	n/a
3	learn	1.0	A	4	3	distractor 01 (close)	jacket/jacket_44.jpg	jacket/jacket_44.jpg	1145.3179323000368	4.789008099993225	image	n/a	n/a	n/a	n/a	n/a	n/a	n/a	n/a	n/a	n/a
3	learn	1.0	A	4	3	distractor 02 (far)	pencil/pencil_01.jpg	pencil/pencil_01.jpg	1145.3179323000368	4.789012599969283	image	n/a	n/a	n/a	n/a	n/a	n/a	n/a	n/a	n/a	n/a
3	n/a	n/a	n/a	n/a	n/a	choice_display	n/a	n/a	1145.3180053000106	0.0	trigger	1	n/a	n/a	n/a	n/a	n/a	n/a	n/a	n/a	n/a
3	learn	1.0	A	4	3	correct_moving	n/a	n/a	1150.3544630000251	0.9828296999912709	feedback	52	1150.3545629000291	9.99000039882958e-05	n/a	n/a	n/a	n/a	n/a	n/a	n/a
3	n/a	n/a	n/a	n/a	n/a	feedback	n/a	n/a	1150.3545629000291	0.0	trigger	52	n/a	n/a	n/a	n/a	n/a	n/a	n/a	n/a	n/a
3	learn	1.0	A	4	4	current_image	ball/ball_11.jpg	ball/ball_11.jpg	1152.1369827000308	4.749821299978066	image	n/a	n/a	n/a	n/a	n/a	n/a	n/a	n/a	n/a	n/a
3	learn	1.0	A	4	4	corr_next_image	dog/dog_49.jpg	dog/dog_49.jpg	1152.1369827000308	4.749829799984582	image	5	1152.1370733000222	9.059999138116837e-05	n/a	n/a	n/a	n/a	n/a	n/a	n/a
3	learn	1.0	A	4	4	distractor 01 (close)	chair/chair_11.jpg	chair/chair_11.jpg	1152.1369827000308	4.749834799964447	image	n/a	n/a	n/a	n/a	n/a	n/a	n/a	n/a	n/a	n/a
3	learn	1.0	A	4	4	distractor 02 (far)	hammer/hammer_16.jpg	hammer/hammer_16.jpg	1152.1369827000308	4.749839500000235	image	n/a	n/a	n/a	n/a	n/a	n/a	n/a	n/a	n/a	n/a
3	n/a	n/a	n/a	n/a	n/a	choice_display	n/a	n/a	1152.1370733000222	0.0	trigger	5	n/a	n/a	n/a	n/a	n/a	n/a	n/a	n/a	n/a
3	learn	1.0	A	4	4	correct_moving	n/a	n/a	1157.1178827999975	0.9838020000024699	feedback	52	1157.118032700033	0.00014990003546699882	n/a	n/a	n/a	n/a	n/a	n/a	n/a
3	n/a	n/a	n/a	n/a	n/a	feedback	n/a	n/a	1157.118032700033	0.0	trigger	52	n/a	n/a	n/a	n/a	n/a	n/a	n/a	n/a	n/a
3	learn	1.0	A	4	5	current_image	dog/dog_49.jpg	dog/dog_49.jpg	1158.8561581000104	4.778602100035641	image	n/a	n/a	n/a	n/a	n/a	n/a	n/a	n/a	n/a	n/a
3	learn	1.0	A	4	5	corr_next_image	flower/flower_17.jpg	flower/flower_17.jpg	1158.8561581000104	4.778610299981665	image	6	1158.8562124000164	5.43000060133636e-05	n/a	n/a	n/a	n/a	n/a	n/a	n/a
3	learn	1.0	A	4	5	distractor 01 (close)	jacket/jacket_44.jpg	jacket/jacket_44.jpg	1158.8561581000104	4.778615400020499	image	n/a	n/a	n/a	n/a	n/a	n/a	n/a	n/a	n/a	n/a
3	learn	1.0	A	4	5	distractor 02 (far)	phone/phone_01.jpg	phone/phone_01.jpg	1158.8561581000104	4.778620299999602	image	n/a	n/a	n/a	n/a	n/a	n/a	n/a	n/a	n/a	n/a
3	n/a	n/a	n/a	n/a	n/a	choice_display	n/a	n/a	1158.8562124000164	0.0	trigger	6	n/a	n/a	n/a	n/a	n/a	n/a	n/a	n/a	n/a
3	learn	1.0	A	4	5	correct_moving	n/a	n/a	1163.861104200012	0.9895108999917284	feedback	52	1163.8612349000177	0.00013070000568404794	n/a	n/a	n/a	n/a	n/a	n/a	n/a
3	n/a	n/a	n/a	n/a	n/a	feedback	n/a	n/a	1163.8612349000177	0.0	trigger	52	n/a	n/a	n/a	n/a	n/a	n/a	n/a	n/a	n/a
3	learn	1.0	A	4	6	current_image	flower/flower_17.jpg	flower/flower_17.jpg	1165.5668692000327	4.817029699974228	image	n/a	n/a	n/a	n/a	n/a	n/a	n/a	n/a	n/a	n/a
3	learn	1.0	A	4	6	corr_next_image	jacket/jacket_44.jpg	jacket/jacket_44.jpg	1165.5668692000327	4.81703799997922	image	10	1165.5669405999943	7.139996159821749e-05	n/a	n/a	n/a	n/a	n/a	n/a	n/a
3	learn	1.0	A	4	6	distractor 01 (close)	bread/bread_29.jpg	bread/bread_29.jpg	1165.5668692000327	4.8170432999613695	image	n/a	n/a	n/a	n/a	n/a	n/a	n/a	n/a	n/a	n/a
3	learn	1.0	A	4	6	distractor 02 (far)	hammer/hammer_16.jpg	hammer/hammer_16.jpg	1165.5668692000327	4.817047599994112	image	n/a	n/a	n/a	n/a	n/a	n/a	n/a	n/a	n/a	n/a
3	n/a	n/a	n/a	n/a	n/a	choice_display	n/a	n/a	1165.5669405999943	0.0	trigger	10	n/a	n/a	n/a	n/a	n/a	n/a	n/a	n/a	n/a
3	learn	1.0	A	4	6	correct_moving	n/a	n/a	1170.602286700043	0.9803822999820113	feedback	52	1170.602380299999	9.359995601698756e-05	n/a	n/a	n/a	n/a	n/a	n/a	n/a
3	n/a	n/a	n/a	n/a	n/a	feedback	n/a	n/a	1170.602380299999	0.0	trigger	52	n/a	n/a	n/a	n/a	n/a	n/a	n/a	n/a	n/a
3	learn	1.0	A	4	7	current_image	jacket/jacket_44.jpg	jacket/jacket_44.jpg	1172.452764799993	4.680811400001403	image	n/a	n/a	n/a	n/a	n/a	n/a	n/a	n/a	n/a	n/a
3	learn	1.0	A	4	7	corr_next_image	bicycle/bicycle_06.jpg	bicycle/bicycle_06.jpg	1172.452764799993	4.680820100009441	image	2	1172.4528551000403	9.030004730448127e-05	n/a	n/a	n/a	n/a	n/a	n/a	n/a
3	learn	1.0	A	4	7	distractor 01 (close)	key/key_01.jpg	key/key_01.jpg	1172.452764799993	4.680825400049798	image	n/a	n/a	n/a	n/a	n/a	n/a	n/a	n/a	n/a	n/a
3	learn	1.0	A	4	7	distractor 02 (far)	dog/dog_49.jpg	dog/dog_49.jpg	1172.452764799993	4.68083020002814	image	n/a	n/a	n/a	n/a	n/a	n/a	n/a	n/a	n/a	n/a
3	n/a	n/a	n/a	n/a	n/a	choice_display	n/a	n/a	1172.4528551000403	0.0	trigger	2	n/a	n/a	n/a	n/a	n/a	n/a	n/a	n/a	n/a
3	learn	1.0	A	4	7	correct_moving	n/a	n/a	1177.4248803000082	0.9878714000224136	feedback	52	1177.4249814000214	0.00010110001312568784	n/a	n/a	n/a	n/a	n/a	n/a	n/a
3	n/a	n/a	n/a	n/a	n/a	feedback	n/a	n/a	1177.4249814000214	0.0	trigger	52	n/a	n/a	n/a	n/a	n/a	n/a	n/a	n/a	n/a
3	learn	1.0	A	4	8	current_image	bicycle/bicycle_06.jpg	bicycle/bicycle_06.jpg	1179.198771800031	4.764697799982969	image	n/a	n/a	n/a	n/a	n/a	n/a	n/a	n/a	n/a	n/a
3	learn	1.0	A	4	8	corr_next_image	chair/chair_11.jpg	chair/chair_11.jpg	1179.198771800031	4.7647088000085205	image	4	1179.1988657000475	9.390001650899649e-05	n/a	n/a	n/a	n/a	n/a	n/a	n/a
3	learn	1.0	A	4	8	distractor 01 (close)	ball/ball_11.jpg	ball/ball_11.jpg	1179.198771800031	4.764716400008183	image	n/a	n/a	n/a	n/a	n/a	n/a	n/a	n/a	n/a	n/a
3	learn	1.0	A	4	8	distractor 02 (far)	flower/flower_17.jpg	flower/flower_17.jpg	1179.198771800031	4.764723700005561	image	n/a	n/a	n/a	n/a	n/a	n/a	n/a	n/a	n/a	n/a
3	n/a	n/a	n/a	n/a	n/a	choice_display	n/a	n/a	1179.1988657000475	0.0	trigger	4	n/a	n/a	n/a	n/a	n/a	n/a	n/a	n/a	n/a
3	learn	1.0	A	4	8	correct_moving	n/a	n/a	1184.1636359000113	0.9812053000205196	feedback	52	1184.1637241000426	8.820003131404519e-05	n/a	n/a	n/a	n/a	n/a	n/a	n/a
3	n/a	n/a	n/a	n/a	n/a	feedback	n/a	n/a	1184.1637241000426	0.0	trigger	52	n/a	n/a	n/a	n/a	n/a	n/a	n/a	n/a	n/a
3	learn	1.0	A	4	9	current_image	chair/chair_11.jpg	chair/chair_11.jpg	1185.8543403000222	4.8398895999998786	image	n/a	n/a	n/a	n/a	n/a	n/a	n/a	n/a	n/a	n/a
3	learn	1.0	A	4	9	corr_next_image	bread/bread_29.jpg	bread/bread_29.jpg	1185.8543403000222	4.839898000005633	image	3	1185.8544192000409	7.890001870691776e-05	n/a	n/a	n/a	n/a	n/a	n/a	n/a
3	learn	1.0	A	4	9	distractor 01 (close)	pencil/pencil_01.jpg	pencil/pencil_01.jpg	1185.8543403000222	4.839902699983213	image	n/a	n/a	n/a	n/a	n/a	n/a	n/a	n/a	n/a	n/a
3	learn	1.0	A	4	9	distractor 02 (far)	hand/hand_16.jpg	hand/hand_16.jpg	1185.8543403000222	4.839907200017478	image	n/a	n/a	n/a	n/a	n/a	n/a	n/a	n/a	n/a	n/a
3	n/a	n/a	n/a	n/a	n/a	choice_display	n/a	n/a	1185.8544192000409	0.0	trigger	3	n/a	n/a	n/a	n/a	n/a	n/a	n/a	n/a	n/a
3	learn	1.0	A	4	9	correct_moving	n/a	n/a	1190.869395799993	1.0076769000152126	feedback	52	1190.8694736000034	7.780001033097506e-05	n/a	n/a	n/a	n/a	n/a	n/a	n/a
3	n/a	n/a	n/a	n/a	n/a	feedback	n/a	n/a	1190.8694736000034	0.0	trigger	52	n/a	n/a	n/a	n/a	n/a	n/a	n/a	n/a	n/a
3	learn	1.0	A	4	10	current_image	bread/bread_29.jpg	bread/bread_29.jpg	1192.6735017000465	4.734522399958223	image	n/a	n/a	n/a	n/a	n/a	n/a	n/a	n/a	n/a	n/a
3	learn	1.0	A	4	10	corr_next_image	house/house_35.jpg	house/house_35.jpg	1192.6735017000465	4.734530599962454	image	9	1192.6735785999917	7.689994527027011e-05	n/a	n/a	n/a	n/a	n/a	n/a	n/a
3	learn	1.0	A	4	10	distractor 01 (close)	lamp/lamp_01.jpg	lamp/lamp_01.jpg	1192.6735017000465	4.734535600000527	image	n/a	n/a	n/a	n/a	n/a	n/a	n/a	n/a	n/a	n/a
3	learn	1.0	A	4	10	distractor 02 (far)	jacket/jacket_44.jpg	jacket/jacket_44.jpg	1192.6735017000465	4.73454049997963	image	n/a	n/a	n/a	n/a	n/a	n/a	n/a	n/a	n/a	n/a
3	n/a	n/a	n/a	n/a	n/a	choice_display	n/a	n/a	1192.6735785999917	0.0	trigger	9	n/a	n/a	n/a	n/a	n/a	n/a	n/a	n/a	n/a
3	learn	1.0	A	4	10	correct_moving	n/a	n/a	1197.6915099000325	0.9813326000003144	feedback	52	1197.6916134000057	0.00010349997319281101	n/a	n/a	n/a	n/a	n/a	n/a	n/a
3	n/a	n/a	n/a	n/a	n/a	feedback	n/a	n/a	1197.6916134000057	0.0	trigger	52	n/a	n/a	n/a	n/a	n/a	n/a	n/a	n/a	n/a
3	learn	1.0	A	4	11	current_image	house/house_35.jpg	house/house_35.jpg	1199.3880942999967	4.803221000009216	image	n/a	n/a	n/a	n/a	n/a	n/a	n/a	n/a	n/a	n/a
3	learn	1.0	A	4	11	corr_next_image	hammer/hammer_16.jpg	hammer/hammer_16.jpg	1199.3880942999967	4.803229000011925	image	7	1199.388187900011	9.360001422464848e-05	n/a	n/a	n/a	n/a	n/a	n/a	n/a
3	learn	1.0	A	4	11	distractor 01 (close)	ball/ball_11.jpg	ball/ball_11.jpg	1199.3880942999967	4.803234000049997	image	n/a	n/a	n/a	n/a	n/a	n/a	n/a	n/a	n/a	n/a
3	learn	1.0	A	4	11	distractor 02 (far)	bicycle/bicycle_06.jpg	bicycle/bicycle_06.jpg	1199.3880942999967	4.803238800028339	image	n/a	n/a	n/a	n/a	n/a	n/a	n/a	n/a	n/a	n/a
3	n/a	n/a	n/a	n/a	n/a	choice_display	n/a	n/a	1199.388187900011	0.0	trigger	7	n/a	n/a	n/a	n/a	n/a	n/a	n/a	n/a	n/a
3	learn	1.0	A	4	11	correct_moving	n/a	n/a	1204.3888475000276	0.9816947999643162	feedback	52	1204.3889475000324	0.00010000000474974513	n/a	n/a	n/a	n/a	n/a	n/a	n/a
3	n/a	n/a	n/a	n/a	n/a	feedback	n/a	n/a	1204.3889475000324	0.0	trigger	52	n/a	n/a	n/a	n/a	n/a	n/a	n/a	n/a	n/a
3	learn	1.0	A	4	12	current_image	hammer/hammer_16.jpg	hammer/hammer_16.jpg	1206.0458005000255	4.857571900007315	image	n/a	n/a	n/a	n/a	n/a	n/a	n/a	n/a	n/a	n/a
3	learn	1.0	A	4	12	corr_next_image	pencil/pencil_01.jpg	pencil/pencil_01.jpg	1206.0458005000255	4.8575795000069775	image	16	1206.0458386000246	3.809999907389283e-05	n/a	n/a	n/a	n/a	n/a	n/a	n/a
3	learn	1.0	A	4	12	distractor 01 (close)	key/key_01.jpg	key/key_01.jpg	1206.0458005000255	4.857584499986842	image	n/a	n/a	n/a	n/a	n/a	n/a	n/a	n/a	n/a	n/a
3	learn	1.0	A	4	12	distractor 02 (far)	flower/flower_17.jpg	flower/flower_17.jpg	1206.0458005000255	4.857589199964423	image	n/a	n/a	n/a	n/a	n/a	n/a	n/a	n/a	n/a	n/a
3	n/a	n/a	n/a	n/a	n/a	choice_display	n/a	n/a	1206.0458386000246	0.0	trigger	16	n/a	n/a	n/a	n/a	n/a	n/a	n/a	n/a	n/a
3	learn	1.0	A	4	12	correct_moving	n/a	n/a	1211.0817853999906	0.9866337000275962	feedback	52	1211.0818393999944	5.400000372901559e-05	n/a	n/a	n/a	n/a	n/a	n/a	n/a
3	n/a	n/a	n/a	n/a	n/a	feedback	n/a	n/a	1211.0818393999944	0.0	trigger	52	n/a	n/a	n/a	n/a	n/a	n/a	n/a	n/a	n/a
3	learn	1.0	A	4	13	current_image	pencil/pencil_01.jpg	pencil/pencil_01.jpg	1212.7455664000008	4.872800400014967	image	n/a	n/a	n/a	n/a	n/a	n/a	n/a	n/a	n/a	n/a
3	learn	1.0	A	4	13	corr_next_image	phone/phone_01.jpg	phone/phone_01.jpg	1212.7455664000008	4.872808600019198	image	17	1212.7456284000073	6.200000643730164e-05	n/a	n/a	n/a	n/a	n/a	n/a	n/a
3	learn	1.0	A	4	13	distractor 01 (close)	hand/hand_16.jpg	hand/hand_16.jpg	1212.7455664000008	4.87281410000287	image	n/a	n/a	n/a	n/a	n/a	n/a	n/a	n/a	n/a	n/a
3	learn	1.0	A	4	13	distractor 02 (far)	chair/chair_11.jpg	chair/chair_11.jpg	1212.7455664000008	4.8728189000394195	image	n/a	n/a	n/a	n/a	n/a	n/a	n/a	n/a	n/a	n/a
3	n/a	n/a	n/a	n/a	n/a	choice_display	n/a	n/a	1212.7456284000073	0.0	trigger	17	n/a	n/a	n/a	n/a	n/a	n/a	n/a	n/a	n/a
3	learn	1.0	A	4	13	correct_moving	n/a	n/a	1217.7448636000045	0.988542300008703	feedback	52	1217.7449884000234	0.00012480001896619797	n/a	n/a	n/a	n/a	n/a	n/a	n/a
3	n/a	n/a	n/a	n/a	n/a	feedback	n/a	n/a	1217.7449884000234	0.0	trigger	52	n/a	n/a	n/a	n/a	n/a	n/a	n/a	n/a	n/a
3	learn	1.0	A	4	13	fix_cross_replay_break	n/a	n/a	1219.2796266000369	5.014610466667591	replay_break	53	1219.2796636000276	3.6999990697950125e-05	n/a	n/a	n/a	n/a	n/a	n/a	n/a
3	n/a	n/a	n/a	n/a	n/a	replay_break	n/a	n/a	1219.2796636000276	0.0	trigger	53	n/a	n/a	n/a	n/a	n/a	n/a	n/a	n/a	n/a
3	n/a	n/a	n/a	n/a	n/a	replay_break_end	n/a	n/a	1224.2799081000267	0.0	trigger	54	n/a	n/a	n/a	n/a	n/a	n/a	n/a	n/a	n/a
3	retr_1	block1	A	n/a	0	retrieval_ITIcross	n/a	n/a	1225.4112347000046	0.63245466666217	fixcross	n/a	n/a	n/a	n/a	n/a	n/a	n/a	n/a	n/a	2
3	retr_1	block1	A	n/a	0	image_1_retr	bread/bread_29.jpg	bread/bread_29.jpg	1226.0798720000312	1.0134995666487612	image	3	1226.0799133999972	4.139996599406004e-05	n/a	n/a	n/a	n/a	n/a	n/a	n/a
3	n/a	n/a	n/a	n/a	n/a	image_1_retr	n/a	n/a	1226.0799133999972	0.0	trigger	3	n/a	n/a	n/a	n/a	n/a	n/a	n/a	n/a	n/a
3	retr_1	block1	A	n/a	0	image_2_retr	hammer/hammer_16.jpg	hammer/hammer_16.jpg	1227.3635000000359	1.013269466642896	image	7	1227.3635370000266	3.6999990697950125e-05	n/a	n/a	n/a	n/a	n/a	n/a	n/a
3	n/a	n/a	n/a	n/a	n/a	image_2_retr	n/a	n/a	1227.3635370000266	0.0	trigger	7	n/a	n/a	n/a	n/a	n/a	n/a	n/a	n/a	n/a
3	n/a	n/a	n/a	n/a	n/a	reflection_start	n/a	n/a	1228.6274493000237	0.0	trigger	31	n/a	n/a	n/a	n/a	n/a	n/a	n/a	n/a	n/a
3	n/a	n/a	n/a	n/a	n/a	reflection_end	n/a	n/a	1230.4633164000115	0.0	trigger	32	n/a	n/a	n/a	n/a	n/a	n/a	n/a	n/a	n/a
3	n/a	n/a	n/a	n/a	n/a	order_options	n/a	n/a	1230.5095617999905	0.0	trigger	59	n/a	n/a	n/a	n/a	n/a	n/a	n/a	n/a	n/a
3	n/a	n/a	n/a	n/a	n/a	distance_options	n/a	n/a	1234.0252743000165	0.0	trigger	58	n/a	n/a	n/a	n/a	n/a	n/a	n/a	n/a	n/a
3	retr_distance	block1	A	n/a	0	n/a	n/a	n/a	1237.4943848000257	0.0	choice	n/a	n/a	n/a	[]	n/a	m	n/a	2	False	2
3	retr_1	block1	A	n/a	1	retrieval_ITIcross	n/a	n/a	1238.0067375000217	0.25065556663707866	fixcross	n/a	n/a	n/a	n/a	n/a	n/a	n/a	n/a	n/a	3
3	retr_1	block1	A	n/a	1	image_1_retr	flower/flower_17.jpg	flower/flower_17.jpg	1238.2926934999996	1.01438616670589	image	6	1238.2927259000135	3.2400013878941536e-05	n/a	n/a	n/a	n/a	n/a	n/a	n/a
3	n/a	n/a	n/a	n/a	n/a	image_1_retr	n/a	n/a	1238.2927259000135	0.0	trigger	6	n/a	n/a	n/a	n/a	n/a	n/a	n/a	n/a	n/a
3	retr_1	block1	A	n/a	1	image_2_retr	hand/hand_16.jpg	hand/hand_16.jpg	1239.60888970003	1.0143249666473366	image	8	1239.608917400008	2.7699978090822697e-05	n/a	n/a	n/a	n/a	n/a	n/a	n/a
3	n/a	n/a	n/a	n/a	n/a	image_2_retr	n/a	n/a	1239.608917400008	0.0	trigger	8	n/a	n/a	n/a	n/a	n/a	n/a	n/a	n/a	n/a
3	n/a	n/a	n/a	n/a	n/a	reflection_start	n/a	n/a	1240.8723925999948	0.0	trigger	31	n/a	n/a	n/a	n/a	n/a	n/a	n/a	n/a	n/a
3	n/a	n/a	n/a	n/a	n/a	reflection_end	n/a	n/a	1242.8762382999994	0.0	trigger	32	n/a	n/a	n/a	n/a	n/a	n/a	n/a	n/a	n/a
3	n/a	n/a	n/a	n/a	n/a	order_options	n/a	n/a	1242.9225277000223	0.0	trigger	59	n/a	n/a	n/a	n/a	n/a	n/a	n/a	n/a	n/a
3	n/a	n/a	n/a	n/a	n/a	distance_options	n/a	n/a	1246.437339199998	0.0	trigger	58	n/a	n/a	n/a	n/a	n/a	n/a	n/a	n/a	n/a
3	retr_distance	block1	A	n/a	1	n/a	n/a	n/a	1249.9068733000313	0.0	choice	n/a	n/a	n/a	[]	n/a	m	n/a	3	False	3
3	retr_1	block1	A	n/a	2	retrieval_ITIcross	n/a	n/a	1250.420783700014	0.46548666665717064	fixcross	n/a	n/a	n/a	n/a	n/a	n/a	n/a	n/a	n/a	5
3	retr_1	block1	A	n/a	2	image_1_retr	ball/ball_11.jpg	ball/ball_11.jpg	1250.9857633000356	1.000612266656617	image	1	1250.9858131000074	4.9799971748143435e-05	n/a	n/a	n/a	n/a	n/a	n/a	n/a
3	n/a	n/a	n/a	n/a	n/a	image_1_retr	n/a	n/a	1250.9858131000074	0.0	trigger	1	n/a	n/a	n/a	n/a	n/a	n/a	n/a	n/a	n/a
3	retr_1	block1	A	n/a	2	image_2_retr	chair/chair_11.jpg	chair/chair_11.jpg	1252.2716870000004	1.0136257666783877	image	4	1252.271722000034	3.50000336766243e-05	n/a	n/a	n/a	n/a	n/a	n/a	n/a
3	n/a	n/a	n/a	n/a	n/a	image_2_retr	n/a	n/a	1252.271722000034	0.0	trigger	4	n/a	n/a	n/a	n/a	n/a	n/a	n/a	n/a	n/a
3	n/a	n/a	n/a	n/a	n/a	reflection_start	n/a	n/a	1253.535059100017	0.0	trigger	31	n/a	n/a	n/a	n/a	n/a	n/a	n/a	n/a	n/a
3	n/a	n/a	n/a	n/a	n/a	reflection_end	n/a	n/a	1255.6063181000063	0.0	trigger	32	n/a	n/a	n/a	n/a	n/a	n/a	n/a	n/a	n/a
3	n/a	n/a	n/a	n/a	n/a	order_options	n/a	n/a	1255.6540633999975	0.0	trigger	59	n/a	n/a	n/a	n/a	n/a	n/a	n/a	n/a	n/a
3	n/a	n/a	n/a	n/a	n/a	distance_options	n/a	n/a	1259.1837811000296	0.0	trigger	58	n/a	n/a	n/a	n/a	n/a	n/a	n/a	n/a	n/a
3	retr_distance	block1	A	n/a	2	n/a	n/a	n/a	1262.6381595000275	0.0	choice	n/a	n/a	n/a	[]	n/a	m	n/a	5	False	5
3	retr_1	block1	A	n/a	3	retrieval_ITIcross	n/a	n/a	1263.1654596000444	0.6338506666400008	fixcross	n/a	n/a	n/a	n/a	n/a	n/a	n/a	n/a	n/a	4
3	retr_1	block1	A	n/a	3	image_1_retr	jacket/jacket_44.jpg	jacket/jacket_44.jpg	1263.873523599992	1.0085656666817613	image	10	1263.8735820000293	5.840003723278642e-05	n/a	n/a	n/a	n/a	n/a	n/a	n/a
3	n/a	n/a	n/a	n/a	n/a	image_1_retr	n/a	n/a	1263.8735820000293	0.0	trigger	10	n/a	n/a	n/a	n/a	n/a	n/a	n/a	n/a	n/a
3	retr_1	block1	A	n/a	3	image_2_retr	house/house_35.jpg	house/house_35.jpg	1265.166954800021	0.9991223666622773	image	9	1265.1670087000239	5.390000296756625e-05	n/a	n/a	n/a	n/a	n/a	n/a	n/a
3	n/a	n/a	n/a	n/a	n/a	image_2_retr	n/a	n/a	1265.1670087000239	0.0	trigger	9	n/a	n/a	n/a	n/a	n/a	n/a	n/a	n/a	n/a
3	n/a	n/a	n/a	n/a	n/a	reflection_start	n/a	n/a	1266.4150319999899	0.0	trigger	31	n/a	n/a	n/a	n/a	n/a	n/a	n/a	n/a	n/a
3	n/a	n/a	n/a	n/a	n/a	reflection_end	n/a	n/a	1268.3342012999929	0.0	trigger	32	n/a	n/a	n/a	n/a	n/a	n/a	n/a	n/a	n/a
3	n/a	n/a	n/a	n/a	n/a	order_options	n/a	n/a	1268.3808444000315	0.0	trigger	59	n/a	n/a	n/a	n/a	n/a	n/a	n/a	n/a	n/a
3	n/a	n/a	n/a	n/a	n/a	distance_options	n/a	n/a	1271.8968192000175	0.0	trigger	58	n/a	n/a	n/a	n/a	n/a	n/a	n/a	n/a	n/a
3	retr_distance	block1	A	n/a	3	n/a	n/a	n/a	1275.3508530000108	0.0	choice	n/a	n/a	n/a	[]	n/a	m	n/a	4	False	4
3	retr_1	block1	A	n/a	4	retrieval_ITIcross	n/a	n/a	1275.878171999997	0.5666611666713379	fixcross	n/a	n/a	n/a	n/a	n/a	n/a	n/a	n/a	n/a	2
3	retr_1	block1	A	n/a	4	image_1_retr	dog/dog_49.jpg	dog/dog_49.jpg	1276.5155089000473	1.012417666617921	image	5	1276.5155686000362	5.9699988923966885e-05	n/a	n/a	n/a	n/a	n/a	n/a	n/a
3	n/a	n/a	n/a	n/a	n/a	image_1_retr	n/a	n/a	1276.5155686000362	0.0	trigger	5	n/a	n/a	n/a	n/a	n/a	n/a	n/a	n/a	n/a
3	retr_1	block1	A	n/a	4	image_2_retr	hand/hand_16.jpg	hand/hand_16.jpg	1277.8141359	1.0134561666675381	image	8	1277.814197300002	6.140000186860561e-05	n/a	n/a	n/a	n/a	n/a	n/a	n/a
3	n/a	n/a	n/a	n/a	n/a	image_2_retr	n/a	n/a	1277.814197300002	0.0	trigger	8	n/a	n/a	n/a	n/a	n/a	n/a	n/a	n/a	n/a
3	n/a	n/a	n/a	n/a	n/a	reflection_start	n/a	n/a	1279.078263400006	0.0	trigger	31	n/a	n/a	n/a	n/a	n/a	n/a	n/a	n/a	n/a
3	n/a	n/a	n/a	n/a	n/a	reflection_end	n/a	n/a	1281.0288201000076	0.0	trigger	32	n/a	n/a	n/a	n/a	n/a	n/a	n/a	n/a	n/a
3	n/a	n/a	n/a	n/a	n/a	order_options	n/a	n/a	1281.0764886999968	0.0	trigger	59	n/a	n/a	n/a	n/a	n/a	n/a	n/a	n/a	n/a
3	n/a	n/a	n/a	n/a	n/a	distance_options	n/a	n/a	1284.5753366000135	0.0	trigger	58	n/a	n/a	n/a	n/a	n/a	n/a	n/a	n/a	n/a
3	retr_distance	block1	A	n/a	4	n/a	n/a	n/a	1288.0617777000298	0.0	choice	n/a	n/a	n/a	[]	n/a	m	n/a	2	False	2
3	retr_1	block1	A	n/a	5	retrieval_ITIcross	n/a	n/a	1288.5752059000079	0.6325747667035557	fixcross	n/a	n/a	n/a	n/a	n/a	n/a	n/a	n/a	n/a	5
3	retr_1	block1	A	n/a	5	image_1_retr	house/house_35.jpg	house/house_35.jpg	1289.2462495000218	1.0114582666467413	image	9	1289.2462864000117	3.689998993650079e-05	n/a	n/a	n/a	n/a	n/a	n/a	n/a
3	n/a	n/a	n/a	n/a	n/a	image_1_retr	n/a	n/a	1289.2462864000117	0.0	trigger	9	n/a	n/a	n/a	n/a	n/a	n/a	n/a	n/a	n/a
3	retr_1	block1	A	n/a	5	image_2_retr	flower/flower_17.jpg	flower/flower_17.jpg	1290.5594832000206	1.014604966683919	image	6	1290.5595166000421	3.3400021493434906e-05	n/a	n/a	n/a	n/a	n/a	n/a	n/a
3	n/a	n/a	n/a	n/a	n/a	image_2_retr	n/a	n/a	1290.5595166000421	0.0	trigger	6	n/a	n/a	n/a	n/a	n/a	n/a	n/a	n/a	n/a
3	n/a	n/a	n/a	n/a	n/a	reflection_start	n/a	n/a	1291.824141899997	0.0	trigger	31	n/a	n/a	n/a	n/a	n/a	n/a	n/a	n/a	n/a
3	n/a	n/a	n/a	n/a	n/a	reflection_end	n/a	n/a	1293.626254200004	0.0	trigger	32	n/a	n/a	n/a	n/a	n/a	n/a	n/a	n/a	n/a
3	n/a	n/a	n/a	n/a	n/a	order_options	n/a	n/a	1293.6726943000103	0.0	trigger	59	n/a	n/a	n/a	n/a	n/a	n/a	n/a	n/a	n/a
3	n/a	n/a	n/a	n/a	n/a	distance_options	n/a	n/a	1297.2047458000015	0.0	trigger	58	n/a	n/a	n/a	n/a	n/a	n/a	n/a	n/a	n/a
3	retr_distance	block1	A	n/a	5	n/a	n/a	n/a	1300.6586296000169	0.0	choice	n/a	n/a	n/a	[]	n/a	m	n/a	5	False	5
3	retr_1	block1	A	n/a	6	retrieval_ITIcross	n/a	n/a	1301.1701876000152	0.39968306664763986	fixcross	n/a	n/a	n/a	n/a	n/a	n/a	n/a	n/a	n/a	4
3	retr_1	block1	A	n/a	6	image_1_retr	ball/ball_11.jpg	ball/ball_11.jpg	1301.6698825000203	1.000415466671484	image	1	1301.6699500000104	6.749999010935426e-05	n/a	n/a	n/a	n/a	n/a	n/a	n/a
3	n/a	n/a	n/a	n/a	n/a	image_1_retr	n/a	n/a	1301.6699500000104	0.0	trigger	1	n/a	n/a	n/a	n/a	n/a	n/a	n/a	n/a	n/a
3	retr_1	block1	A	n/a	6	image_2_retr	bicycle/bicycle_06.jpg	bicycle/bicycle_06.jpg	1302.9399652000284	1.0126949666339442	image	2	1302.9400249000173	5.9699988923966885e-05	n/a	n/a	n/a	n/a	n/a	n/a	n/a
3	n/a	n/a	n/a	n/a	n/a	image_2_retr	n/a	n/a	1302.9400249000173	0.0	trigger	2	n/a	n/a	n/a	n/a	n/a	n/a	n/a	n/a	n/a
3	n/a	n/a	n/a	n/a	n/a	reflection_start	n/a	n/a	1304.2031169999973	0.0	trigger	31	n/a	n/a	n/a	n/a	n/a	n/a	n/a	n/a	n/a
3	n/a	n/a	n/a	n/a	n/a	reflection_end	n/a	n/a	1305.9541358000133	0.0	trigger	32	n/a	n/a	n/a	n/a	n/a	n/a	n/a	n/a	n/a
3	n/a	n/a	n/a	n/a	n/a	order_options	n/a	n/a	1306.0018128000083	0.0	trigger	59	n/a	n/a	n/a	n/a	n/a	n/a	n/a	n/a	n/a
3	n/a	n/a	n/a	n/a	n/a	distance_options	n/a	n/a	1309.5344446999952	0.0	trigger	58	n/a	n/a	n/a	n/a	n/a	n/a	n/a	n/a	n/a
3	retr_distance	block1	A	n/a	6	n/a	n/a	n/a	1313.0204929000465	0.0	choice	n/a	n/a	n/a	[]	n/a	m	n/a	4	False	4
3	retr_1	block1	A	n/a	7	retrieval_ITIcross	n/a	n/a	1313.5327975000255	0.41724996664947867	fixcross	n/a	n/a	n/a	n/a	n/a	n/a	n/a	n/a	n/a	3
3	retr_1	block1	A	n/a	7	image_1_retr	bread/bread_29.jpg	bread/bread_29.jpg	1313.9887825000333	1.0118435666702226	image	3	1313.9888528000447	7.03000114299357e-05	n/a	n/a	n/a	n/a	n/a	n/a	n/a
3	n/a	n/a	n/a	n/a	n/a	image_1_retr	n/a	n/a	1313.9888528000447	0.0	trigger	3	n/a	n/a	n/a	n/a	n/a	n/a	n/a	n/a	n/a
3	retr_1	block1	A	n/a	7	image_2_retr	jacket/jacket_44.jpg	jacket/jacket_44.jpg	1315.3238189000404	1.0094938666481994	image	10	1315.323889899999	7.099995855242014e-05	n/a	n/a	n/a	n/a	n/a	n/a	n/a
3	n/a	n/a	n/a	n/a	n/a	image_2_retr	n/a	n/a	1315.323889899999	0.0	trigger	10	n/a	n/a	n/a	n/a	n/a	n/a	n/a	n/a	n/a
3	n/a	n/a	n/a	n/a	n/a	reflection_start	n/a	n/a	1316.5827845000313	0.0	trigger	31	n/a	n/a	n/a	n/a	n/a	n/a	n/a	n/a	n/a
3	n/a	n/a	n/a	n/a	n/a	reflection_end	n/a	n/a	1318.434213600005	0.0	trigger	32	n/a	n/a	n/a	n/a	n/a	n/a	n/a	n/a	n/a
3	n/a	n/a	n/a	n/a	n/a	order_options	n/a	n/a	1318.4818167000194	0.0	trigger	59	n/a	n/a	n/a	n/a	n/a	n/a	n/a	n/a	n/a
3	n/a	n/a	n/a	n/a	n/a	distance_options	n/a	n/a	1322.013662500016	0.0	trigger	58	n/a	n/a	n/a	n/a	n/a	n/a	n/a	n/a	n/a
3	retr_distance	block1	A	n/a	7	n/a	n/a	n/a	1325.5002648000373	0.0	choice	n/a	n/a	n/a	[]	n/a	m	n/a	3	False	3
3	retr_1	block1	A	n/a	8	retrieval_ITIcross	n/a	n/a	1326.0132300000405	0.3848916666504465	fixcross	n/a	n/a	n/a	n/a	n/a	n/a	n/a	n/a	n/a	2
3	retr_1	block1	A	n/a	8	image_1_retr	ball/ball_11.jpg	ball/ball_11.jpg	1326.4939777000109	1.0015971666473433	image	1	1326.494040700025	6.3000014051795e-05	n/a	n/a	n/a	n/a	n/a	n/a	n/a
3	n/a	n/a	n/a	n/a	n/a	image_1_retr	n/a	n/a	1326.494040700025	0.0	trigger	1	n/a	n/a	n/a	n/a	n/a	n/a	n/a	n/a	n/a
3	retr_1	block1	A	n/a	8	image_2_retr	flower/flower_17.jpg	flower/flower_17.jpg	1327.8013718000147	1.010140866685333	image	6	1327.8014286000398	5.6800025049597025e-05	n/a	n/a	n/a	n/a	n/a	n/a	n/a
3	n/a	n/a	n/a	n/a	n/a	image_2_retr	n/a	n/a	1327.8014286000398	0.0	trigger	6	n/a	n/a	n/a	n/a	n/a	n/a	n/a	n/a	n/a
3	n/a	n/a	n/a	n/a	n/a	reflection_start	n/a	n/a	1329.0779653000063	0.0	trigger	31	n/a	n/a	n/a	n/a	n/a	n/a	n/a	n/a	n/a
3	n/a	n/a	n/a	n/a	n/a	reflection_end	n/a	n/a	1331.1466977000237	0.0	trigger	32	n/a	n/a	n/a	n/a	n/a	n/a	n/a	n/a	n/a
3	n/a	n/a	n/a	n/a	n/a	order_options	n/a	n/a	1331.1940883999923	0.0	trigger	59	n/a	n/a	n/a	n/a	n/a	n/a	n/a	n/a	n/a
3	n/a	n/a	n/a	n/a	n/a	distance_options	n/a	n/a	1334.6928992000176	0.0	trigger	58	n/a	n/a	n/a	n/a	n/a	n/a	n/a	n/a	n/a
3	retr_distance	block1	A	n/a	8	n/a	n/a	n/a	1338.163573400001	0.0	choice	n/a	n/a	n/a	[]	n/a	m	n/a	2	False	2
3	retr_1	block1	A	n/a	9	retrieval_ITIcross	n/a	n/a	1338.674953800044	0.7334965666561857	fixcross	n/a	n/a	n/a	n/a	n/a	n/a	n/a	n/a	n/a	3
3	retr_1	block1	A	n/a	9	image_1_retr	house/house_35.jpg	house/house_35.jpg	1339.4468375000288	1.0108136666278824	image	9	1339.4468871999998	4.96999709866941e-05	n/a	n/a	n/a	n/a	n/a	n/a	n/a
3	n/a	n/a	n/a	n/a	n/a	image_1_retr	n/a	n/a	1339.4468871999998	0.0	trigger	9	n/a	n/a	n/a	n/a	n/a	n/a	n/a	n/a	n/a
3	retr_1	block1	A	n/a	9	image_2_retr	bicycle/bicycle_06.jpg	bicycle/bicycle_06.jpg	1340.7273030999932	1.0133082667055078	image	2	1340.7273756000213	7.250002818182111e-05	n/a	n/a	n/a	n/a	n/a	n/a	n/a
3	n/a	n/a	n/a	n/a	n/a	image_2_retr	n/a	n/a	1340.7273756000213	0.0	trigger	2	n/a	n/a	n/a	n/a	n/a	n/a	n/a	n/a	n/a
3	n/a	n/a	n/a	n/a	n/a	reflection_start	n/a	n/a	1341.9904552000226	0.0	trigger	31	n/a	n/a	n/a	n/a	n/a	n/a	n/a	n/a	n/a
3	n/a	n/a	n/a	n/a	n/a	reflection_end	n/a	n/a	1344.2086938000284	0.0	trigger	32	n/a	n/a	n/a	n/a	n/a	n/a	n/a	n/a	n/a
3	n/a	n/a	n/a	n/a	n/a	order_options	n/a	n/a	1344.256921400025	0.0	trigger	59	n/a	n/a	n/a	n/a	n/a	n/a	n/a	n/a	n/a
3	n/a	n/a	n/a	n/a	n/a	distance_options	n/a	n/a	1347.788634299999	0.0	trigger	58	n/a	n/a	n/a	n/a	n/a	n/a	n/a	n/a	n/a
3	retr_distance	block1	A	n/a	9	n/a	n/a	n/a	1351.257972499996	0.0	choice	n/a	n/a	n/a	[]	n/a	m	n/a	3	False	3
3	retr_1	block1	A	n/a	10	retrieval_ITIcross	n/a	n/a	1351.7707709000097	0.2677669666629754	fixcross	n/a	n/a	n/a	n/a	n/a	n/a	n/a	n/a	n/a	5
3	retr_1	block1	A	n/a	10	image_1_retr	jacket/jacket_44.jpg	jacket/jacket_44.jpg	1352.1127388000023	1.0076009666702248	image	10	1352.112794500019	5.570001667365432e-05	n/a	n/a	n/a	n/a	n/a	n/a	n/a
3	n/a	n/a	n/a	n/a	n/a	image_1_retr	n/a	n/a	1352.112794500019	0.0	trigger	10	n/a	n/a	n/a	n/a	n/a	n/a	n/a	n/a	n/a
3	retr_1	block1	A	n/a	10	image_2_retr	hammer/hammer_16.jpg	hammer/hammer_16.jpg	1353.3902591000078	1.014086666695448	image	7	1353.390310799994	5.169998621568084e-05	n/a	n/a	n/a	n/a	n/a	n/a	n/a
3	n/a	n/a	n/a	n/a	n/a	image_2_retr	n/a	n/a	1353.390310799994	0.0	trigger	7	n/a	n/a	n/a	n/a	n/a	n/a	n/a	n/a	n/a
3	n/a	n/a	n/a	n/a	n/a	reflection_start	n/a	n/a	1354.654653000005	0.0	trigger	31	n/a	n/a	n/a	n/a	n/a	n/a	n/a	n/a	n/a
3	n/a	n/a	n/a	n/a	n/a	reflection_end	n/a	n/a	1356.8725102000171	0.0	trigger	32	n/a	n/a	n/a	n/a	n/a	n/a	n/a	n/a	n/a
3	n/a	n/a	n/a	n/a	n/a	order_options	n/a	n/a	1356.919796800008	0.0	trigger	59	n/a	n/a	n/a	n/a	n/a	n/a	n/a	n/a	n/a
3	n/a	n/a	n/a	n/a	n/a	distance_options	n/a	n/a	1360.4522477000137	0.0	trigger	58	n/a	n/a	n/a	n/a	n/a	n/a	n/a	n/a	n/a
3	retr_distance	block1	A	n/a	10	n/a	n/a	n/a	1363.9210141000221	0.0	choice	n/a	n/a	n/a	[]	n/a	m	n/a	5	False	5
3	retr_1	block1	A	n/a	11	retrieval_ITIcross	n/a	n/a	1364.4335429000203	0.649668566653645	fixcross	n/a	n/a	n/a	n/a	n/a	n/a	n/a	n/a	n/a	4
3	retr_1	block1	A	n/a	11	image_1_retr	chair/chair_11.jpg	chair/chair_11.jpg	1365.1057816999964	1.0132797666631177	image	4	1365.1058381000184	5.640002200379968e-05	n/a	n/a	n/a	n/a	n/a	n/a	n/a
3	n/a	n/a	n/a	n/a	n/a	image_1_retr	n/a	n/a	1365.1058381000184	0.0	trigger	4	n/a	n/a	n/a	n/a	n/a	n/a	n/a	n/a	n/a
3	retr_1	block1	A	n/a	11	image_2_retr	dog/dog_49.jpg	dog/dog_49.jpg	1366.4417927000322	1.007626066628518	image	5	1366.4418605000246	6.779999239370227e-05	n/a	n/a	n/a	n/a	n/a	n/a	n/a
3	n/a	n/a	n/a	n/a	n/a	image_2_retr	n/a	n/a	1366.4418605000246	0.0	trigger	5	n/a	n/a	n/a	n/a	n/a	n/a	n/a	n/a	n/a
3	n/a	n/a	n/a	n/a	n/a	reflection_start	n/a	n/a	1367.6998836999992	0.0	trigger	31	n/a	n/a	n/a	n/a	n/a	n/a	n/a	n/a	n/a
3	n/a	n/a	n/a	n/a	n/a	reflection_end	n/a	n/a	1369.4861938999966	0.0	trigger	32	n/a	n/a	n/a	n/a	n/a	n/a	n/a	n/a	n/a
3	n/a	n/a	n/a	n/a	n/a	order_options	n/a	n/a	1369.5330487000174	0.0	trigger	59	n/a	n/a	n/a	n/a	n/a	n/a	n/a	n/a	n/a
3	n/a	n/a	n/a	n/a	n/a	distance_options	n/a	n/a	1373.047414700035	0.0	trigger	58	n/a	n/a	n/a	n/a	n/a	n/a	n/a	n/a	n/a
3	retr_distance	block1	A	n/a	11	n/a	n/a	n/a	1376.5346000000136	0.0	choice	n/a	n/a	n/a	[]	n/a	m	n/a	4	False	4
3	retr_1	block1	A	n/a	12	retrieval_ITIcross	n/a	n/a	1377.0463867000071	0.6678612667058133	fixcross	n/a	n/a	n/a	n/a	n/a	n/a	n/a	n/a	n/a	3
3	retr_1	block1	A	n/a	12	image_1_retr	ball/ball_11.jpg	ball/ball_11.jpg	1377.85035100003	1.0130687666280664	image	1	1377.8504143000464	6.330001633614302e-05	n/a	n/a	n/a	n/a	n/a	n/a	n/a
3	n/a	n/a	n/a	n/a	n/a	image_1_retr	n/a	n/a	1377.8504143000464	0.0	trigger	1	n/a	n/a	n/a	n/a	n/a	n/a	n/a	n/a	n/a
3	retr_1	block1	A	n/a	12	image_2_retr	jacket/jacket_44.jpg	jacket/jacket_44.jpg	1379.1861135000363	1.0091320666290358	image	10	1379.1861568000168	4.329998046159744e-05	n/a	n/a	n/a	n/a	n/a	n/a	n/a
3	n/a	n/a	n/a	n/a	n/a	image_2_retr	n/a	n/a	1379.1861568000168	0.0	trigger	10	n/a	n/a	n/a	n/a	n/a	n/a	n/a	n/a	n/a
3	n/a	n/a	n/a	n/a	n/a	reflection_start	n/a	n/a	1380.4453652999946	0.0	trigger	31	n/a	n/a	n/a	n/a	n/a	n/a	n/a	n/a	n/a
3	n/a	n/a	n/a	n/a	n/a	reflection_end	n/a	n/a	1382.2481590000098	0.0	trigger	32	n/a	n/a	n/a	n/a	n/a	n/a	n/a	n/a	n/a
3	n/a	n/a	n/a	n/a	n/a	order_options	n/a	n/a	1382.2953701000079	0.0	trigger	59	n/a	n/a	n/a	n/a	n/a	n/a	n/a	n/a	n/a
3	n/a	n/a	n/a	n/a	n/a	distance_options	n/a	n/a	1385.810204700043	0.0	trigger	58	n/a	n/a	n/a	n/a	n/a	n/a	n/a	n/a	n/a
3	retr_distance	block1	A	n/a	12	n/a	n/a	n/a	1389.265515200037	0.0	choice	n/a	n/a	n/a	[]	n/a	m	n/a	3	False	3
3	retr_1	block1	A	n/a	13	retrieval_ITIcross	n/a	n/a	1389.7930849000113	0.6332101666523613	fixcross	n/a	n/a	n/a	n/a	n/a	n/a	n/a	n/a	n/a	4
3	retr_1	block1	A	n/a	13	image_1_retr	hammer/hammer_16.jpg	hammer/hammer_16.jpg	1390.4485605999944	1.009842466683267	image	7	1390.448628400045	6.780005060136318e-05	n/a	n/a	n/a	n/a	n/a	n/a	n/a
3	n/a	n/a	n/a	n/a	n/a	image_1_retr	n/a	n/a	1390.448628400045	0.0	trigger	7	n/a	n/a	n/a	n/a	n/a	n/a	n/a	n/a	n/a
3	retr_1	block1	A	n/a	13	image_2_retr	bicycle/bicycle_06.jpg	bicycle/bicycle_06.jpg	1391.7308908000123	1.0103116666471124	image	2	1391.7309331000433	4.2300031054764986e-05	n/a	n/a	n/a	n/a	n/a	n/a	n/a
3	n/a	n/a	n/a	n/a	n/a	image_2_retr	n/a	n/a	1391.7309331000433	0.0	trigger	2	n/a	n/a	n/a	n/a	n/a	n/a	n/a	n/a	n/a
3	n/a	n/a	n/a	n/a	n/a	reflection_start	n/a	n/a	1392.992375300033	0.0	trigger	31	n/a	n/a	n/a	n/a	n/a	n/a	n/a	n/a	n/a
3	n/a	n/a	n/a	n/a	n/a	reflection_end	n/a	n/a	1394.8108366000233	0.0	trigger	32	n/a	n/a	n/a	n/a	n/a	n/a	n/a	n/a	n/a
3	n/a	n/a	n/a	n/a	n/a	order_options	n/a	n/a	1394.8575644000084	0.0	trigger	59	n/a	n/a	n/a	n/a	n/a	n/a	n/a	n/a	n/a
3	n/a	n/a	n/a	n/a	n/a	distance_options	n/a	n/a	1398.39175900002	0.0	trigger	58	n/a	n/a	n/a	n/a	n/a	n/a	n/a	n/a	n/a
3	retr_distance	block1	A	n/a	13	n/a	n/a	n/a	1401.87563210004	0.0	choice	n/a	n/a	n/a	[]	n/a	m	n/a	4	False	4
3	retr_1	block1	A	n/a	14	retrieval_ITIcross	n/a	n/a	1402.3885855000117	0.3839456666648857	fixcross	n/a	n/a	n/a	n/a	n/a	n/a	n/a	n/a	n/a	2
3	retr_1	block1	A	n/a	14	image_1_retr	house/house_35.jpg	house/house_35.jpg	1402.8075468000025	1.014606966699148	image	9	1402.8076314000064	8.460000390186906e-05	n/a	n/a	n/a	n/a	n/a	n/a	n/a
3	n/a	n/a	n/a	n/a	n/a	image_1_retr	n/a	n/a	1402.8076314000064	0.0	trigger	9	n/a	n/a	n/a	n/a	n/a	n/a	n/a	n/a	n/a
3	retr_1	block1	A	n/a	14	image_2_retr	chair/chair_11.jpg	chair/chair_11.jpg	1404.0910627000267	1.013094266647613	image	4	1404.0911161000258	5.339999916031957e-05	n/a	n/a	n/a	n/a	n/a	n/a	n/a
3	n/a	n/a	n/a	n/a	n/a	image_2_retr	n/a	n/a	1404.0911161000258	0.0	trigger	4	n/a	n/a	n/a	n/a	n/a	n/a	n/a	n/a	n/a
3	n/a	n/a	n/a	n/a	n/a	reflection_start	n/a	n/a	1405.3539413000108	0.0	trigger	31	n/a	n/a	n/a	n/a	n/a	n/a	n/a	n/a	n/a
3	n/a	n/a	n/a	n/a	n/a	reflection_end	n/a	n/a	1407.42401409999	0.0	trigger	32	n/a	n/a	n/a	n/a	n/a	n/a	n/a	n/a	n/a
3	n/a	n/a	n/a	n/a	n/a	order_options	n/a	n/a	1407.4705050000339	0.0	trigger	59	n/a	n/a	n/a	n/a	n/a	n/a	n/a	n/a	n/a
3	n/a	n/a	n/a	n/a	n/a	distance_options	n/a	n/a	1410.969266900036	0.0	trigger	58	n/a	n/a	n/a	n/a	n/a	n/a	n/a	n/a	n/a
3	retr_distance	block1	A	n/a	14	n/a	n/a	n/a	1414.4417119999998	0.0	choice	n/a	n/a	n/a	[]	n/a	m	n/a	2	False	2
3	retr_1	block1	A	n/a	15	retrieval_ITIcross	n/a	n/a	1414.9513865000335	0.4499720666246958	fixcross	n/a	n/a	n/a	n/a	n/a	n/a	n/a	n/a	n/a	5
3	retr_1	block1	A	n/a	15	image_1_retr	dog/dog_49.jpg	dog/dog_49.jpg	1415.4604323999956	1.0066495667017534	image	5	1415.460506900039	7.450004341080785e-05	n/a	n/a	n/a	n/a	n/a	n/a	n/a
3	n/a	n/a	n/a	n/a	n/a	image_1_retr	n/a	n/a	1415.460506900039	0.0	trigger	5	n/a	n/a	n/a	n/a	n/a	n/a	n/a	n/a	n/a
3	retr_1	block1	A	n/a	15	image_2_retr	bread/bread_29.jpg	bread/bread_29.jpg	1416.7533005000441	1.0133430666212462	image	3	1416.7533574000117	5.689996760338545e-05	n/a	n/a	n/a	n/a	n/a	n/a	n/a
3	n/a	n/a	n/a	n/a	n/a	image_2_retr	n/a	n/a	1416.7533574000117	0.0	trigger	3	n/a	n/a	n/a	n/a	n/a	n/a	n/a	n/a	n/a
3	n/a	n/a	n/a	n/a	n/a	reflection_start	n/a	n/a	1418.0185568000306	0.0	trigger	31	n/a	n/a	n/a	n/a	n/a	n/a	n/a	n/a	n/a
3	n/a	n/a	n/a	n/a	n/a	reflection_end	n/a	n/a	1419.9349247000064	0.0	trigger	32	n/a	n/a	n/a	n/a	n/a	n/a	n/a	n/a	n/a
3	n/a	n/a	n/a	n/a	n/a	order_options	n/a	n/a	1419.9827477000072	0.0	trigger	59	n/a	n/a	n/a	n/a	n/a	n/a	n/a	n/a	n/a
3	n/a	n/a	n/a	n/a	n/a	distance_options	n/a	n/a	1423.5148154000053	0.0	trigger	58	n/a	n/a	n/a	n/a	n/a	n/a	n/a	n/a	n/a
3	retr_distance	block1	A	n/a	15	n/a	n/a	n/a	1426.9863336000126	0.0	choice	n/a	n/a	n/a	[]	n/a	m	n/a	5	False	5
3	retr_1	block1	A	n/a	16	retrieval_ITIcross	n/a	n/a	1427.4973363000317	0.3832972666752994	fixcross	n/a	n/a	n/a	n/a	n/a	n/a	n/a	n/a	n/a	3
3	retr_1	block1	A	n/a	16	image_1_retr	chair/chair_11.jpg	chair/chair_11.jpg	1427.903225600021	1.0102707666849255	image	4	1427.9032808000338	5.520001286640763e-05	n/a	n/a	n/a	n/a	n/a	n/a	n/a
3	n/a	n/a	n/a	n/a	n/a	image_1_retr	n/a	n/a	1427.9032808000338	0.0	trigger	4	n/a	n/a	n/a	n/a	n/a	n/a	n/a	n/a	n/a
3	retr_1	block1	A	n/a	16	image_2_retr	hammer/hammer_16.jpg	hammer/hammer_16.jpg	1429.1828661999898	1.0141114667096645	image	7	1429.1829194000456	5.3200055845081806e-05	n/a	n/a	n/a	n/a	n/a	n/a	n/a
3	n/a	n/a	n/a	n/a	n/a	image_2_retr	n/a	n/a	1429.1829194000456	0.0	trigger	7	n/a	n/a	n/a	n/a	n/a	n/a	n/a	n/a	n/a
3	n/a	n/a	n/a	n/a	n/a	reflection_start	n/a	n/a	1430.4460012000054	0.0	trigger	31	n/a	n/a	n/a	n/a	n/a	n/a	n/a	n/a	n/a
3	n/a	n/a	n/a	n/a	n/a	reflection_end	n/a	n/a	1432.5829383000382	0.0	trigger	32	n/a	n/a	n/a	n/a	n/a	n/a	n/a	n/a	n/a
3	n/a	n/a	n/a	n/a	n/a	order_options	n/a	n/a	1432.62981459999	0.0	trigger	59	n/a	n/a	n/a	n/a	n/a	n/a	n/a	n/a	n/a
3	n/a	n/a	n/a	n/a	n/a	distance_options	n/a	n/a	1436.1616158999968	0.0	trigger	58	n/a	n/a	n/a	n/a	n/a	n/a	n/a	n/a	n/a
3	retr_distance	block1	A	n/a	16	n/a	n/a	n/a	1439.6302336000372	0.0	choice	n/a	n/a	n/a	[]	n/a	m	n/a	3	False	3
3	retr_1	block1	A	n/a	17	retrieval_ITIcross	n/a	n/a	1440.1438523000106	0.7321430666527249	fixcross	n/a	n/a	n/a	n/a	n/a	n/a	n/a	n/a	n/a	2
3	retr_1	block1	A	n/a	17	image_1_retr	dog/dog_49.jpg	dog/dog_49.jpg	1440.954443100025	1.004760766638583	image	5	1440.9545017000055	5.859998054802418e-05	n/a	n/a	n/a	n/a	n/a	n/a	n/a
3	n/a	n/a	n/a	n/a	n/a	image_1_retr	n/a	n/a	1440.9545017000055	0.0	trigger	5	n/a	n/a	n/a	n/a	n/a	n/a	n/a	n/a	n/a
3	retr_1	block1	A	n/a	17	image_2_retr	jacket/jacket_44.jpg	jacket/jacket_44.jpg	1442.2872296000132	1.004965566684632	image	10	1442.2872803999926	5.0799979362636805e-05	n/a	n/a	n/a	n/a	n/a	n/a	n/a
3	n/a	n/a	n/a	n/a	n/a	image_2_retr	n/a	n/a	1442.2872803999926	0.0	trigger	10	n/a	n/a	n/a	n/a	n/a	n/a	n/a	n/a	n/a
3	n/a	n/a	n/a	n/a	n/a	reflection_start	n/a	n/a	1443.5430476000183	0.0	trigger	31	n/a	n/a	n/a	n/a	n/a	n/a	n/a	n/a	n/a
3	n/a	n/a	n/a	n/a	n/a	reflection_end	n/a	n/a	1445.4276266000234	0.0	trigger	32	n/a	n/a	n/a	n/a	n/a	n/a	n/a	n/a	n/a
3	n/a	n/a	n/a	n/a	n/a	order_options	n/a	n/a	1445.474360399996	0.0	trigger	59	n/a	n/a	n/a	n/a	n/a	n/a	n/a	n/a	n/a
3	n/a	n/a	n/a	n/a	n/a	distance_options	n/a	n/a	1449.0069030000013	0.0	trigger	58	n/a	n/a	n/a	n/a	n/a	n/a	n/a	n/a	n/a
3	retr_distance	block1	A	n/a	17	n/a	n/a	n/a	1452.4935770000448	0.0	choice	n/a	n/a	n/a	[]	n/a	m	n/a	2	False	2
3	retr_1	block1	A	n/a	18	retrieval_ITIcross	n/a	n/a	1453.0066578999977	0.498705166686932	fixcross	n/a	n/a	n/a	n/a	n/a	n/a	n/a	n/a	n/a	4
3	retr_1	block1	A	n/a	18	image_1_retr	bread/bread_29.jpg	bread/bread_29.jpg	1453.545230000047	1.0104147666172594	image	3	1453.545288000023	5.7999975979328156e-05	n/a	n/a	n/a	n/a	n/a	n/a	n/a
3	n/a	n/a	n/a	n/a	n/a	image_1_retr	n/a	n/a	1453.545288000023	0.0	trigger	3	n/a	n/a	n/a	n/a	n/a	n/a	n/a	n/a	n/a
3	retr_1	block1	A	n/a	18	image_2_retr	flower/flower_17.jpg	flower/flower_17.jpg	1454.8448474000324	1.0099647666249894	image	6	1454.8449003000278	5.289999535307288e-05	n/a	n/a	n/a	n/a	n/a	n/a	n/a
3	n/a	n/a	n/a	n/a	n/a	image_2_retr	n/a	n/a	1454.8449003000278	0.0	trigger	6	n/a	n/a	n/a	n/a	n/a	n/a	n/a	n/a	n/a
3	n/a	n/a	n/a	n/a	n/a	reflection_start	n/a	n/a	1456.1212651000242	0.0	trigger	31	n/a	n/a	n/a	n/a	n/a	n/a	n/a	n/a	n/a
3	n/a	n/a	n/a	n/a	n/a	reflection_end	n/a	n/a	1458.0906705000089	0.0	trigger	32	n/a	n/a	n/a	n/a	n/a	n/a	n/a	n/a	n/a
3	n/a	n/a	n/a	n/a	n/a	order_options	n/a	n/a	1458.1377157000243	0.0	trigger	59	n/a	n/a	n/a	n/a	n/a	n/a	n/a	n/a	n/a
3	n/a	n/a	n/a	n/a	n/a	distance_options	n/a	n/a	1461.6536468000268	0.0	trigger	58	n/a	n/a	n/a	n/a	n/a	n/a	n/a	n/a	n/a
3	retr_distance	block1	A	n/a	18	n/a	n/a	n/a	1465.1231872999924	0.0	choice	n/a	n/a	n/a	[]	n/a	m	n/a	4	False	4
3	retr_1	block1	A	n/a	19	retrieval_ITIcross	n/a	n/a	1465.634859300044	0.6666735666260593	fixcross	n/a	n/a	n/a	n/a	n/a	n/a	n/a	n/a	n/a	5
3	retr_1	block1	A	n/a	19	image_1_retr	bicycle/bicycle_06.jpg	bicycle/bicycle_06.jpg	1466.321100000001	1.0147826666982382	image	2	1466.3211578000337	5.7800032664090395e-05	n/a	n/a	n/a	n/a	n/a	n/a	n/a
3	n/a	n/a	n/a	n/a	n/a	image_1_retr	n/a	n/a	1466.3211578000337	0.0	trigger	2	n/a	n/a	n/a	n/a	n/a	n/a	n/a	n/a	n/a
3	retr_1	block1	A	n/a	19	image_2_retr	hand/hand_16.jpg	hand/hand_16.jpg	1467.6204831000068	1.014690266693151	image	8	1467.6205288000056	4.569999873638153e-05	n/a	n/a	n/a	n/a	n/a	n/a	n/a
3	n/a	n/a	n/a	n/a	n/a	image_2_retr	n/a	n/a	1467.6205288000056	0.0	trigger	8	n/a	n/a	n/a	n/a	n/a	n/a	n/a	n/a	n/a
3	n/a	n/a	n/a	n/a	n/a	reflection_start	n/a	n/a	1468.8845564000076	0.0	trigger	31	n/a	n/a	n/a	n/a	n/a	n/a	n/a	n/a	n/a
3	n/a	n/a	n/a	n/a	n/a	reflection_end	n/a	n/a	1470.9187999000424	0.0	trigger	32	n/a	n/a	n/a	n/a	n/a	n/a	n/a	n/a	n/a
3	n/a	n/a	n/a	n/a	n/a	order_options	n/a	n/a	1470.9672859000275	0.0	trigger	59	n/a	n/a	n/a	n/a	n/a	n/a	n/a	n/a	n/a
3	n/a	n/a	n/a	n/a	n/a	distance_options	n/a	n/a	1474.4820151000167	0.0	trigger	58	n/a	n/a	n/a	n/a	n/a	n/a	n/a	n/a	n/a
3	retr_distance	block1	A	n/a	19	n/a	n/a	n/a	1477.951741500001	0.0	choice	n/a	n/a	n/a	[]	n/a	m	n/a	5	False	5
3	break	block1	n/a	n/a	n/a	instruction_task_break_ret	n/a	n/a	1478.4651330999914	30.00712356670215	long_break_retrieval	81	1478.4651964000077	6.330001633614302e-05	n/a	n/a	n/a	n/a	n/a	n/a	n/a
3	n/a	n/a	n/a	n/a	n/a	task_break_start	n/a	n/a	1478.4651964000077	0.0	trigger	81	n/a	n/a	n/a	n/a	n/a	n/a	n/a	n/a	n/a
3	n/a	n/a	n/a	n/a	n/a	task_break_end	n/a	n/a	1508.4588555000373	0.0	trigger	82	n/a	n/a	n/a	n/a	n/a	n/a	n/a	n/a	n/a
3	learn	1.0	A	5	1	current_image	lamp/lamp_01.jpg	lamp/lamp_01.jpg	1510.6058446000097	4.501386100018863	image	n/a	n/a	n/a	n/a	n/a	n/a	n/a	n/a	n/a	n/a
3	learn	1.0	A	5	1	corr_next_image	key/key_01.jpg	key/key_01.jpg	1510.6058446000097	4.5013940000208095	image	15	1510.6060048000072	0.0001601999974809587	n/a	n/a	n/a	n/a	n/a	n/a	n/a
3	learn	1.0	A	5	1	distractor 01 (close)	ball/ball_11.jpg	ball/ball_11.jpg	1510.6058446000097	4.501399100001436	image	n/a	n/a	n/a	n/a	n/a	n/a	n/a	n/a	n/a	n/a
3	learn	1.0	A	5	1	distractor 02 (far)	pencil/pencil_01.jpg	pencil/pencil_01.jpg	1510.6058446000097	4.501404199982062	image	n/a	n/a	n/a	n/a	n/a	n/a	n/a	n/a	n/a	n/a
3	n/a	n/a	n/a	n/a	n/a	choice_display	n/a	n/a	1510.6060048000072	0.0	trigger	15	n/a	n/a	n/a	n/a	n/a	n/a	n/a	n/a	n/a
3	learn	1.0	A	5	1	correct_moving	n/a	n/a	1515.4523011000128	0.9866546000121161	feedback	52	1515.452408000012	0.00010689999908208847	n/a	n/a	n/a	n/a	n/a	n/a	n/a
3	n/a	n/a	n/a	n/a	n/a	feedback	n/a	n/a	1515.452408000012	0.0	trigger	52	n/a	n/a	n/a	n/a	n/a	n/a	n/a	n/a	n/a
3	learn	1.0	A	5	2	current_image	key/key_01.jpg	key/key_01.jpg	1517.1953932000324	4.776974399981555	image	n/a	n/a	n/a	n/a	n/a	n/a	n/a	n/a	n/a	n/a
3	learn	1.0	A	5	2	corr_next_image	hand/hand_16.jpg	hand/hand_16.jpg	1517.1953932000324	4.7769820999819785	image	8	1517.1954554000404	6.220000796020031e-05	n/a	n/a	n/a	n/a	n/a	n/a	n/a
3	learn	1.0	A	5	2	distractor 01 (close)	chair/chair_11.jpg	chair/chair_11.jpg	1517.1953932000324	4.77698689996032	image	n/a	n/a	n/a	n/a	n/a	n/a	n/a	n/a	n/a	n/a
3	learn	1.0	A	5	2	distractor 02 (far)	phone/phone_01.jpg	phone/phone_01.jpg	1517.1953932000324	4.776991599996109	image	n/a	n/a	n/a	n/a	n/a	n/a	n/a	n/a	n/a	n/a
3	n/a	n/a	n/a	n/a	n/a	choice_display	n/a	n/a	1517.1954554000404	0.0	trigger	8	n/a	n/a	n/a	n/a	n/a	n/a	n/a	n/a	n/a
3	learn	1.0	A	5	2	correct_moving	n/a	n/a	1522.1567259000149	0.9802054000319913	feedback	52	1522.1568081000005	8.219998562708497e-05	n/a	n/a	n/a	n/a	n/a	n/a	n/a
3	n/a	n/a	n/a	n/a	n/a	feedback	n/a	n/a	1522.1568081000005	0.0	trigger	52	n/a	n/a	n/a	n/a	n/a	n/a	n/a	n/a	n/a
3	learn	1.0	A	5	3	current_image	hand/hand_16.jpg	hand/hand_16.jpg	1523.9780637000222	4.710703400021885	image	n/a	n/a	n/a	n/a	n/a	n/a	n/a	n/a	n/a	n/a
3	learn	1.0	A	5	3	corr_next_image	ball/ball_11.jpg	ball/ball_11.jpg	1523.9780637000222	4.710715299996082	image	1	1523.9782127999933	0.0001490999711677432	n/a	n/a	n/a	n/a	n/a	n/a	n/a
3	learn	1.0	A	5	3	distractor 01 (close)	dog/dog_49.jpg	dog/dog_49.jpg	1523.9780637000222	4.710722999996506	image	n/a	n/a	n/a	n/a	n/a	n/a	n/a	n/a	n/a	n/a
3	learn	1.0	A	5	3	distractor 02 (far)	bread/bread_29.jpg	bread/bread_29.jpg	1523.9780637000222	4.710730199993122	image	n/a	n/a	n/a	n/a	n/a	n/a	n/a	n/a	n/a	n/a
3	n/a	n/a	n/a	n/a	n/a	choice_display	n/a	n/a	1523.9782127999933	0.0	trigger	1	n/a	n/a	n/a	n/a	n/a	n/a	n/a	n/a	n/a
3	learn	1.0	A	5	3	correct_moving	n/a	n/a	1528.957098999992	0.9949278000276536	feedback	52	1528.9572119000368	0.00011290004476904869	n/a	n/a	n/a	n/a	n/a	n/a	n/a
3	n/a	n/a	n/a	n/a	n/a	feedback	n/a	n/a	1528.9572119000368	0.0	trigger	52	n/a	n/a	n/a	n/a	n/a	n/a	n/a	n/a	n/a
3	learn	1.0	A	5	4	current_image	ball/ball_11.jpg	ball/ball_11.jpg	1530.753259900026	4.731414399982896	image	n/a	n/a	n/a	n/a	n/a	n/a	n/a	n/a	n/a	n/a
3	learn	1.0	A	5	4	corr_next_image	dog/dog_49.jpg	dog/dog_49.jpg	1530.753259900026	4.731422899989411	image	5	1530.753383000032	0.00012310000602155924	n/a	n/a	n/a	n/a	n/a	n/a	n/a
3	learn	1.0	A	5	4	distractor 01 (close)	bread/bread_29.jpg	bread/bread_29.jpg	1530.753259900026	4.731427899969276	image	n/a	n/a	n/a	n/a	n/a	n/a	n/a	n/a	n/a	n/a
3	learn	1.0	A	5	4	distractor 02 (far)	hammer/hammer_16.jpg	hammer/hammer_16.jpg	1530.753259900026	4.73143300000811	image	n/a	n/a	n/a	n/a	n/a	n/a	n/a	n/a	n/a	n/a
3	n/a	n/a	n/a	n/a	n/a	choice_display	n/a	n/a	1530.753383000032	0.0	trigger	5	n/a	n/a	n/a	n/a	n/a	n/a	n/a	n/a	n/a
3	learn	1.0	A	5	4	correct_moving	n/a	n/a	1535.7342611000058	0.9816169000114314	feedback	52	1535.734388700046	0.0001276000402867794	n/a	n/a	n/a	n/a	n/a	n/a	n/a
3	n/a	n/a	n/a	n/a	n/a	feedback	n/a	n/a	1535.734388700046	0.0	trigger	52	n/a	n/a	n/a	n/a	n/a	n/a	n/a	n/a	n/a
3	learn	1.0	A	5	5	current_image	dog/dog_49.jpg	dog/dog_49.jpg	1537.4315606000018	4.800946300034411	image	n/a	n/a	n/a	n/a	n/a	n/a	n/a	n/a	n/a	n/a
3	learn	1.0	A	5	5	corr_next_image	flower/flower_17.jpg	flower/flower_17.jpg	1537.4315606000018	4.800954600039404	image	6	1537.431629300001	6.86999992467463e-05	n/a	n/a	n/a	n/a	n/a	n/a	n/a
3	learn	1.0	A	5	5	distractor 01 (close)	bicycle/bicycle_06.jpg	bicycle/bicycle_06.jpg	1537.4315606000018	4.800959800020792	image	n/a	n/a	n/a	n/a	n/a	n/a	n/a	n/a	n/a	n/a
3	learn	1.0	A	5	5	distractor 02 (far)	house/house_35.jpg	house/house_35.jpg	1537.4315606000018	4.800964499998372	image	n/a	n/a	n/a	n/a	n/a	n/a	n/a	n/a	n/a	n/a
3	n/a	n/a	n/a	n/a	n/a	choice_display	n/a	n/a	1537.431629300001	0.0	trigger	6	n/a	n/a	n/a	n/a	n/a	n/a	n/a	n/a	n/a
3	learn	1.0	A	5	5	correct_moving	n/a	n/a	1542.4146583999973	0.981750400038436	feedback	52	1542.4147757000173	0.0001173000200651586	n/a	n/a	n/a	n/a	n/a	n/a	n/a
3	n/a	n/a	n/a	n/a	n/a	feedback	n/a	n/a	1542.4147757000173	0.0	trigger	52	n/a	n/a	n/a	n/a	n/a	n/a	n/a	n/a	n/a
3	learn	1.0	A	5	6	current_image	flower/flower_17.jpg	flower/flower_17.jpg	1544.2013306000154	4.729521000001114	image	n/a	n/a	n/a	n/a	n/a	n/a	n/a	n/a	n/a	n/a
3	learn	1.0	A	5	6	corr_next_image	jacket/jacket_44.jpg	jacket/jacket_44.jpg	1544.2013306000154	4.729529200005345	image	10	1544.201499000017	0.00016840000171214342	n/a	n/a	n/a	n/a	n/a	n/a	n/a
3	learn	1.0	A	5	6	distractor 01 (close)	house/house_35.jpg	house/house_35.jpg	1544.2013306000154	4.729534399986733	image	n/a	n/a	n/a	n/a	n/a	n/a	n/a	n/a	n/a	n/a
3	learn	1.0	A	5	6	distractor 02 (far)	key/key_01.jpg	key/key_01.jpg	1544.2013306000154	4.729539200023282	image	n/a	n/a	n/a	n/a	n/a	n/a	n/a	n/a	n/a	n/a
3	n/a	n/a	n/a	n/a	n/a	choice_display	n/a	n/a	1544.201499000017	0.0	trigger	10	n/a	n/a	n/a	n/a	n/a	n/a	n/a	n/a	n/a
3	learn	1.0	A	5	6	correct_moving	n/a	n/a	1549.216569900047	0.9783840999589302	feedback	52	1549.2167008999968	0.00013099994976073503	n/a	n/a	n/a	n/a	n/a	n/a	n/a
3	n/a	n/a	n/a	n/a	n/a	feedback	n/a	n/a	1549.2167008999968	0.0	trigger	52	n/a	n/a	n/a	n/a	n/a	n/a	n/a	n/a	n/a
3	learn	1.0	A	5	7	current_image	jacket/jacket_44.jpg	jacket/jacket_44.jpg	1551.04744200001	4.696559100004379	image	n/a	n/a	n/a	n/a	n/a	n/a	n/a	n/a	n/a	n/a
3	learn	1.0	A	5	7	corr_next_image	bicycle/bicycle_06.jpg	bicycle/bicycle_06.jpg	1551.04744200001	4.696566900005564	image	2	1551.047505000024	6.3000014051795e-05	n/a	n/a	n/a	n/a	n/a	n/a	n/a
3	learn	1.0	A	5	7	distractor 01 (close)	lamp/lamp_01.jpg	lamp/lamp_01.jpg	1551.04744200001	4.6965717999846675	image	n/a	n/a	n/a	n/a	n/a	n/a	n/a	n/a	n/a	n/a
3	learn	1.0	A	5	7	distractor 02 (far)	ball/ball_11.jpg	ball/ball_11.jpg	1551.04744200001	4.696576200018171	image	n/a	n/a	n/a	n/a	n/a	n/a	n/a	n/a	n/a	n/a
3	n/a	n/a	n/a	n/a	n/a	choice_display	n/a	n/a	1551.047505000024	0.0	trigger	2	n/a	n/a	n/a	n/a	n/a	n/a	n/a	n/a	n/a
3	learn	1.0	A	5	7	correct_moving	n/a	n/a	1556.0143552999943	0.9783788000349887	feedback	52	1556.0144288000301	7.350003579631448e-05	n/a	n/a	n/a	n/a	n/a	n/a	n/a
3	n/a	n/a	n/a	n/a	n/a	feedback	n/a	n/a	1556.0144288000301	0.0	trigger	52	n/a	n/a	n/a	n/a	n/a	n/a	n/a	n/a	n/a
3	learn	1.0	A	5	8	current_image	bicycle/bicycle_06.jpg	bicycle/bicycle_06.jpg	1557.7125948000466	4.797426499950234	image	n/a	n/a	n/a	n/a	n/a	n/a	n/a	n/a	n/a	n/a
3	learn	1.0	A	5	8	corr_next_image	chair/chair_11.jpg	chair/chair_11.jpg	1557.7125948000466	4.797434599953704	image	4	1557.7126793999923	8.459994569420815e-05	n/a	n/a	n/a	n/a	n/a	n/a	n/a
3	learn	1.0	A	5	8	distractor 01 (close)	ball/ball_11.jpg	ball/ball_11.jpg	1557.7125948000466	4.7974396999925375	image	n/a	n/a	n/a	n/a	n/a	n/a	n/a	n/a	n/a	n/a
3	learn	1.0	A	5	8	distractor 02 (far)	flower/flower_17.jpg	flower/flower_17.jpg	1557.7125948000466	4.797444899973925	image	n/a	n/a	n/a	n/a	n/a	n/a	n/a	n/a	n/a	n/a
3	n/a	n/a	n/a	n/a	n/a	choice_display	n/a	n/a	1557.7126793999923	0.0	trigger	4	n/a	n/a	n/a	n/a	n/a	n/a	n/a	n/a	n/a
3	learn	1.0	A	5	8	correct_moving	n/a	n/a	1562.712283700006	0.9778023000108078	feedback	52	1562.7123696000199	8.590001380071044e-05	n/a	n/a	n/a	n/a	n/a	n/a	n/a
3	n/a	n/a	n/a	n/a	n/a	feedback	n/a	n/a	1562.7123696000199	0.0	trigger	52	n/a	n/a	n/a	n/a	n/a	n/a	n/a	n/a	n/a
3	learn	1.0	A	5	9	current_image	chair/chair_11.jpg	chair/chair_11.jpg	1564.3308456999948	4.876982500019949	image	n/a	n/a	n/a	n/a	n/a	n/a	n/a	n/a	n/a	n/a
3	learn	1.0	A	5	9	corr_next_image	bread/bread_29.jpg	bread/bread_29.jpg	1564.3308456999948	4.876991200027987	image	3	1564.3309028000222	5.7100027333945036e-05	n/a	n/a	n/a	n/a	n/a	n/a	n/a
3	learn	1.0	A	5	9	distractor 01 (close)	hammer/hammer_16.jpg	hammer/hammer_16.jpg	1564.3308456999948	4.876996300008614	image	n/a	n/a	n/a	n/a	n/a	n/a	n/a	n/a	n/a	n/a
3	learn	1.0	A	5	9	distractor 02 (far)	hand/hand_16.jpg	hand/hand_16.jpg	1564.3308456999948	4.877001200045925	image	n/a	n/a	n/a	n/a	n/a	n/a	n/a	n/a	n/a	n/a
3	n/a	n/a	n/a	n/a	n/a	choice_display	n/a	n/a	1564.3309028000222	0.0	trigger	3	n/a	n/a	n/a	n/a	n/a	n/a	n/a	n/a	n/a
3	learn	1.0	A	5	9	correct_moving	n/a	n/a	1569.3506061999942	0.98814339999808	feedback	52	1569.3507024000282	9.620003402233124e-05	n/a	n/a	n/a	n/a	n/a	n/a	n/a
3	n/a	n/a	n/a	n/a	n/a	feedback	n/a	n/a	1569.3507024000282	0.0	trigger	52	n/a	n/a	n/a	n/a	n/a	n/a	n/a	n/a	n/a
3	learn	1.0	A	5	10	current_image	bread/bread_29.jpg	bread/bread_29.jpg	1571.0720279000234	4.784441999974661	image	n/a	n/a	n/a	n/a	n/a	n/a	n/a	n/a	n/a	n/a
3	learn	1.0	A	5	10	corr_next_image	house/house_35.jpg	house/house_35.jpg	1571.0720279000234	4.784453000000212	image	9	1571.0721297000418	0.0001018000184558332	n/a	n/a	n/a	n/a	n/a	n/a	n/a
3	learn	1.0	A	5	10	distractor 01 (close)	phone/phone_01.jpg	phone/phone_01.jpg	1571.0720279000234	4.784460199996829	image	n/a	n/a	n/a	n/a	n/a	n/a	n/a	n/a	n/a	n/a
3	learn	1.0	A	5	10	distractor 02 (far)	jacket/jacket_44.jpg	jacket/jacket_44.jpg	1571.0720279000234	4.784467399993446	image	n/a	n/a	n/a	n/a	n/a	n/a	n/a	n/a	n/a	n/a
3	n/a	n/a	n/a	n/a	n/a	choice_display	n/a	n/a	1571.0721297000418	0.0	trigger	9	n/a	n/a	n/a	n/a	n/a	n/a	n/a	n/a	n/a
3	learn	1.0	A	5	10	correct_moving	n/a	n/a	1576.0343147999956	0.9862399999983609	feedback	52	1576.034417100018	0.00010230002226307988	n/a	n/a	n/a	n/a	n/a	n/a	n/a
3	n/a	n/a	n/a	n/a	n/a	feedback	n/a	n/a	1576.034417100018	0.0	trigger	52	n/a	n/a	n/a	n/a	n/a	n/a	n/a	n/a	n/a
3	learn	1.0	A	5	11	current_image	house/house_35.jpg	house/house_35.jpg	1577.7300594000262	4.841139599971939	image	n/a	n/a	n/a	n/a	n/a	n/a	n/a	n/a	n/a	n/a
3	learn	1.0	A	5	11	corr_next_image	hammer/hammer_16.jpg	hammer/hammer_16.jpg	1577.7300594000262	4.8411478999769315	image	7	1577.7301392999943	7.989996811375022e-05	n/a	n/a	n/a	n/a	n/a	n/a	n/a
3	learn	1.0	A	5	11	distractor 01 (close)	hand/hand_16.jpg	hand/hand_16.jpg	1577.7300594000262	4.8411528000142425	image	n/a	n/a	n/a	n/a	n/a	n/a	n/a	n/a	n/a	n/a
3	learn	1.0	A	5	11	distractor 02 (far)	flower/flower_17.jpg	flower/flower_17.jpg	1577.7300594000262	4.8411573999910615	image	n/a	n/a	n/a	n/a	n/a	n/a	n/a	n/a	n/a	n/a
3	n/a	n/a	n/a	n/a	n/a	choice_display	n/a	n/a	1577.7301392999943	0.0	trigger	7	n/a	n/a	n/a	n/a	n/a	n/a	n/a	n/a	n/a
3	learn	1.0	A	5	11	correct_moving	n/a	n/a	1582.7469808000023	0.9886637000017799	feedback	52	1582.7470739000128	9.310001041740179e-05	n/a	n/a	n/a	n/a	n/a	n/a	n/a
3	n/a	n/a	n/a	n/a	n/a	feedback	n/a	n/a	1582.7470739000128	0.0	trigger	52	n/a	n/a	n/a	n/a	n/a	n/a	n/a	n/a	n/a
3	learn	1.0	A	5	12	current_image	hammer/hammer_16.jpg	hammer/hammer_16.jpg	1584.46197080001	4.824372300005052	image	n/a	n/a	n/a	n/a	n/a	n/a	n/a	n/a	n/a	n/a
3	learn	1.0	A	5	12	corr_next_image	pencil/pencil_01.jpg	pencil/pencil_01.jpg	1584.46197080001	4.824384399980772	image	16	1584.4620546000078	8.379999781027436e-05	n/a	n/a	n/a	n/a	n/a	n/a	n/a
3	learn	1.0	A	5	12	distractor 01 (close)	lamp/lamp_01.jpg	lamp/lamp_01.jpg	1584.46197080001	4.824391700036358	image	n/a	n/a	n/a	n/a	n/a	n/a	n/a	n/a	n/a	n/a
3	learn	1.0	A	5	12	distractor 02 (far)	bicycle/bicycle_06.jpg	bicycle/bicycle_06.jpg	1584.46197080001	4.824399000033736	image	n/a	n/a	n/a	n/a	n/a	n/a	n/a	n/a	n/a	n/a
3	n/a	n/a	n/a	n/a	n/a	choice_display	n/a	n/a	1584.4620546000078	0.0	trigger	16	n/a	n/a	n/a	n/a	n/a	n/a	n/a	n/a	n/a
3	learn	1.0	A	5	12	correct_moving	n/a	n/a	1589.5083174000029	0.990785300033167	feedback	52	1589.5084195000236	0.00010210002074018121	n/a	n/a	n/a	n/a	n/a	n/a	n/a
3	n/a	n/a	n/a	n/a	n/a	feedback	n/a	n/a	1589.5084195000236	0.0	trigger	52	n/a	n/a	n/a	n/a	n/a	n/a	n/a	n/a	n/a
3	learn	1.0	A	5	13	current_image	pencil/pencil_01.jpg	pencil/pencil_01.jpg	1591.2634303999948	4.7713520000106655	image	n/a	n/a	n/a	n/a	n/a	n/a	n/a	n/a	n/a	n/a
3	learn	1.0	A	5	13	corr_next_image	phone/phone_01.jpg	phone/phone_01.jpg	1591.2634303999948	4.7713635000400245	image	17	1591.2635200000368	8.960004197433591e-05	n/a	n/a	n/a	n/a	n/a	n/a	n/a
3	learn	1.0	A	5	13	distractor 01 (close)	dog/dog_49.jpg	dog/dog_49.jpg	1591.2634303999948	4.771370800037403	image	n/a	n/a	n/a	n/a	n/a	n/a	n/a	n/a	n/a	n/a
3	learn	1.0	A	5	13	distractor 02 (far)	lamp/lamp_01.jpg	lamp/lamp_01.jpg	1591.2634303999948	4.771378200035542	image	n/a	n/a	n/a	n/a	n/a	n/a	n/a	n/a	n/a	n/a
3	n/a	n/a	n/a	n/a	n/a	choice_display	n/a	n/a	1591.2635200000368	0.0	trigger	17	n/a	n/a	n/a	n/a	n/a	n/a	n/a	n/a	n/a
3	learn	1.0	A	5	13	correct_moving	n/a	n/a	1596.2777685000328	0.9858140000142157	feedback	52	1596.2778814000194	0.00011289998656138778	n/a	n/a	n/a	n/a	n/a	n/a	n/a
3	n/a	n/a	n/a	n/a	n/a	feedback	n/a	n/a	1596.2778814000194	0.0	trigger	52	n/a	n/a	n/a	n/a	n/a	n/a	n/a	n/a	n/a
3	learn	1.0	A	5	13	fix_cross_replay_break	n/a	n/a	1597.8100772000034	5.014931466667122	replay_break	53	1597.8101229000022	4.569999873638153e-05	n/a	n/a	n/a	n/a	n/a	n/a	n/a
3	n/a	n/a	n/a	n/a	n/a	replay_break	n/a	n/a	1597.8101229000022	0.0	trigger	53	n/a	n/a	n/a	n/a	n/a	n/a	n/a	n/a	n/a
3	n/a	n/a	n/a	n/a	n/a	replay_break_end	n/a	n/a	1602.8103769000154	0.0	trigger	54	n/a	n/a	n/a	n/a	n/a	n/a	n/a	n/a	n/a
3	retr_1	block1	A	n/a	0	retrieval_ITIcross	n/a	n/a	1603.9581466999953	0.2675042666999161	fixcross	n/a	n/a	n/a	n/a	n/a	n/a	n/a	n/a	n/a	2
3	retr_1	block1	A	n/a	0	image_1_retr	chair/chair_11.jpg	chair/chair_11.jpg	1604.2442876000423	1.0132511666199662	image	4	1604.2443369000102	4.929996794089675e-05	n/a	n/a	n/a	n/a	n/a	n/a	n/a
3	n/a	n/a	n/a	n/a	n/a	image_1_retr	n/a	n/a	1604.2443369000102	0.0	trigger	4	n/a	n/a	n/a	n/a	n/a	n/a	n/a	n/a	n/a
3	retr_1	block1	A	n/a	0	image_2_retr	house/house_35.jpg	house/house_35.jpg	1605.5435160000343	1.0149274666366637	image	9	1605.5435383000295	2.2299995180219412e-05	n/a	n/a	n/a	n/a	n/a	n/a	n/a
3	n/a	n/a	n/a	n/a	n/a	image_2_retr	n/a	n/a	1605.5435383000295	0.0	trigger	9	n/a	n/a	n/a	n/a	n/a	n/a	n/a	n/a	n/a
3	n/a	n/a	n/a	n/a	n/a	reflection_start	n/a	n/a	1606.8083523000241	0.0	trigger	31	n/a	n/a	n/a	n/a	n/a	n/a	n/a	n/a	n/a
3	n/a	n/a	n/a	n/a	n/a	reflection_end	n/a	n/a	1608.960208100034	0.0	trigger	32	n/a	n/a	n/a	n/a	n/a	n/a	n/a	n/a	n/a
3	n/a	n/a	n/a	n/a	n/a	order_options	n/a	n/a	1609.006891600031	0.0	trigger	59	n/a	n/a	n/a	n/a	n/a	n/a	n/a	n/a	n/a
3	n/a	n/a	n/a	n/a	n/a	distance_options	n/a	n/a	1612.5392753999913	0.0	trigger	58	n/a	n/a	n/a	n/a	n/a	n/a	n/a	n/a	n/a
3	retr_distance	block1	A	n/a	0	n/a	n/a	n/a	1615.9928094000206	0.0	choice	n/a	n/a	n/a	[]	n/a	m	n/a	2	False	2
3	retr_1	block1	A	n/a	1	retrieval_ITIcross	n/a	n/a	1616.504479299998	0.36601396667924746	fixcross	n/a	n/a	n/a	n/a	n/a	n/a	n/a	n/a	n/a	4
3	retr_1	block1	A	n/a	1	image_1_retr	ball/ball_11.jpg	ball/ball_11.jpg	1616.9719495000318	1.0151465666751847	image	1	1616.9720147000044	6.51999725960195e-05	n/a	n/a	n/a	n/a	n/a	n/a	n/a
3	n/a	n/a	n/a	n/a	n/a	image_1_retr	n/a	n/a	1616.9720147000044	0.0	trigger	1	n/a	n/a	n/a	n/a	n/a	n/a	n/a	n/a	n/a
3	retr_1	block1	A	n/a	1	image_2_retr	bicycle/bicycle_06.jpg	bicycle/bicycle_06.jpg	1618.2562181000249	1.0137714666818738	image	2	1618.256266600045	4.850002005696297e-05	n/a	n/a	n/a	n/a	n/a	n/a	n/a
3	n/a	n/a	n/a	n/a	n/a	image_2_retr	n/a	n/a	1618.256266600045	0.0	trigger	2	n/a	n/a	n/a	n/a	n/a	n/a	n/a	n/a	n/a
3	n/a	n/a	n/a	n/a	n/a	reflection_start	n/a	n/a	1619.5198098000255	0.0	trigger	31	n/a	n/a	n/a	n/a	n/a	n/a	n/a	n/a	n/a
3	n/a	n/a	n/a	n/a	n/a	reflection_end	n/a	n/a	1621.6404209000175	0.0	trigger	32	n/a	n/a	n/a	n/a	n/a	n/a	n/a	n/a	n/a
3	n/a	n/a	n/a	n/a	n/a	order_options	n/a	n/a	1621.6863364000455	0.0	trigger	59	n/a	n/a	n/a	n/a	n/a	n/a	n/a	n/a	n/a
3	n/a	n/a	n/a	n/a	n/a	distance_options	n/a	n/a	1625.1844606000232	0.0	trigger	58	n/a	n/a	n/a	n/a	n/a	n/a	n/a	n/a	n/a
3	retr_distance	block1	A	n/a	1	n/a	n/a	n/a	1628.6720778000308	0.0	choice	n/a	n/a	n/a	[]	n/a	m	n/a	4	False	4
3	retr_1	block1	A	n/a	2	retrieval_ITIcross	n/a	n/a	1629.1845025999937	0.5652171666772574	fixcross	n/a	n/a	n/a	n/a	n/a	n/a	n/a	n/a	n/a	5
3	retr_1	block1	A	n/a	2	image_1_retr	dog/dog_49.jpg	dog/dog_49.jpg	1629.8080024000374	1.0096670666282535	image	5	1629.808055600035	5.319999763742089e-05	n/a	n/a	n/a	n/a	n/a	n/a	n/a
3	n/a	n/a	n/a	n/a	n/a	image_1_retr	n/a	n/a	1629.808055600035	0.0	trigger	5	n/a	n/a	n/a	n/a	n/a	n/a	n/a	n/a	n/a
3	retr_1	block1	A	n/a	2	image_2_retr	bread/bread_29.jpg	bread/bread_29.jpg	1631.1021426999941	1.0147670666958675	image	3	1631.1021959999925	5.329999839887023e-05	n/a	n/a	n/a	n/a	n/a	n/a	n/a
3	n/a	n/a	n/a	n/a	n/a	image_2_retr	n/a	n/a	1631.1021959999925	0.0	trigger	3	n/a	n/a	n/a	n/a	n/a	n/a	n/a	n/a	n/a
3	n/a	n/a	n/a	n/a	n/a	reflection_start	n/a	n/a	1632.3826854000217	0.0	trigger	31	n/a	n/a	n/a	n/a	n/a	n/a	n/a	n/a	n/a
3	n/a	n/a	n/a	n/a	n/a	reflection_end	n/a	n/a	1634.6176275000325	0.0	trigger	32	n/a	n/a	n/a	n/a	n/a	n/a	n/a	n/a	n/a
3	n/a	n/a	n/a	n/a	n/a	order_options	n/a	n/a	1634.6652848999947	0.0	trigger	59	n/a	n/a	n/a	n/a	n/a	n/a	n/a	n/a	n/a
3	n/a	n/a	n/a	n/a	n/a	distance_options	n/a	n/a	1638.181060700037	0.0	trigger	58	n/a	n/a	n/a	n/a	n/a	n/a	n/a	n/a	n/a
3	retr_distance	block1	A	n/a	2	n/a	n/a	n/a	1641.6365019000368	0.0	choice	n/a	n/a	n/a	[]	n/a	m	n/a	5	False	5
3	retr_1	block1	A	n/a	3	retrieval_ITIcross	n/a	n/a	1642.14645629999	0.5839980666680731	fixcross	n/a	n/a	n/a	n/a	n/a	n/a	n/a	n/a	n/a	3
3	retr_1	block1	A	n/a	3	image_1_retr	flower/flower_17.jpg	flower/flower_17.jpg	1642.7689836000209	1.0111107666782573	image	6	1642.7690412999946	5.7699973694980145e-05	n/a	n/a	n/a	n/a	n/a	n/a	n/a
3	n/a	n/a	n/a	n/a	n/a	image_1_retr	n/a	n/a	1642.7690412999946	0.0	trigger	6	n/a	n/a	n/a	n/a	n/a	n/a	n/a	n/a	n/a
3	retr_1	block1	A	n/a	3	image_2_retr	hand/hand_16.jpg	hand/hand_16.jpg	1644.065623100032	1.0137814666416034	image	8	1644.0656697000377	4.6600005589425564e-05	n/a	n/a	n/a	n/a	n/a	n/a	n/a
3	n/a	n/a	n/a	n/a	n/a	image_2_retr	n/a	n/a	1644.0656697000377	0.0	trigger	8	n/a	n/a	n/a	n/a	n/a	n/a	n/a	n/a	n/a
3	n/a	n/a	n/a	n/a	n/a	reflection_start	n/a	n/a	1645.3288087000255	0.0	trigger	31	n/a	n/a	n/a	n/a	n/a	n/a	n/a	n/a	n/a
3	n/a	n/a	n/a	n/a	n/a	reflection_end	n/a	n/a	1647.1325559000252	0.0	trigger	32	n/a	n/a	n/a	n/a	n/a	n/a	n/a	n/a	n/a
3	n/a	n/a	n/a	n/a	n/a	order_options	n/a	n/a	1647.1779823999968	0.0	trigger	59	n/a	n/a	n/a	n/a	n/a	n/a	n/a	n/a	n/a
3	n/a	n/a	n/a	n/a	n/a	distance_options	n/a	n/a	1650.6764812000329	0.0	trigger	58	n/a	n/a	n/a	n/a	n/a	n/a	n/a	n/a	n/a
3	retr_distance	block1	A	n/a	3	n/a	n/a	n/a	1654.1639076000429	0.0	choice	n/a	n/a	n/a	[]	n/a	m	n/a	3	False	3
3	retr_1	block1	A	n/a	4	retrieval_ITIcross	n/a	n/a	1654.6761980000301	0.39926536666848733	fixcross	n/a	n/a	n/a	n/a	n/a	n/a	n/a	n/a	n/a	5
3	retr_1	block1	A	n/a	4	image_1_retr	hammer/hammer_16.jpg	hammer/hammer_16.jpg	1655.094838900026	1.014647266656766	image	7	1655.0949058000115	6.689998554065824e-05	n/a	n/a	n/a	n/a	n/a	n/a	n/a
3	n/a	n/a	n/a	n/a	n/a	image_1_retr	n/a	n/a	1655.0949058000115	0.0	trigger	7	n/a	n/a	n/a	n/a	n/a	n/a	n/a	n/a	n/a
3	retr_1	block1	A	n/a	4	image_2_retr	jacket/jacket_44.jpg	jacket/jacket_44.jpg	1656.43249690003	1.0086000666526616	image	10	1656.432557800028	6.089999806135893e-05	n/a	n/a	n/a	n/a	n/a	n/a	n/a
3	n/a	n/a	n/a	n/a	n/a	image_2_retr	n/a	n/a	1656.432557800028	0.0	trigger	10	n/a	n/a	n/a	n/a	n/a	n/a	n/a	n/a	n/a
3	n/a	n/a	n/a	n/a	n/a	reflection_start	n/a	n/a	1657.6910388999968	0.0	trigger	31	n/a	n/a	n/a	n/a	n/a	n/a	n/a	n/a	n/a
3	n/a	n/a	n/a	n/a	n/a	reflection_end	n/a	n/a	1659.8280700999894	0.0	trigger	32	n/a	n/a	n/a	n/a	n/a	n/a	n/a	n/a	n/a
3	n/a	n/a	n/a	n/a	n/a	order_options	n/a	n/a	1659.8745896000182	0.0	trigger	59	n/a	n/a	n/a	n/a	n/a	n/a	n/a	n/a	n/a
3	n/a	n/a	n/a	n/a	n/a	distance_options	n/a	n/a	1663.3894658000208	0.0	trigger	58	n/a	n/a	n/a	n/a	n/a	n/a	n/a	n/a	n/a
3	retr_distance	block1	A	n/a	4	n/a	n/a	n/a	1666.860560800007	0.0	choice	n/a	n/a	n/a	[]	n/a	m	n/a	5	False	5
3	retr_1	block1	A	n/a	5	retrieval_ITIcross	n/a	n/a	1667.3879000000306	0.7174413666400596	fixcross	n/a	n/a	n/a	n/a	n/a	n/a	n/a	n/a	n/a	3
3	retr_1	block1	A	n/a	5	image_1_retr	house/house_35.jpg	house/house_35.jpg	1668.1406197000179	1.0145058666860223	image	9	1668.1406639000052	4.4199987314641476e-05	n/a	n/a	n/a	n/a	n/a	n/a	n/a
3	n/a	n/a	n/a	n/a	n/a	image_1_retr	n/a	n/a	1668.1406639000052	0.0	trigger	9	n/a	n/a	n/a	n/a	n/a	n/a	n/a	n/a	n/a
3	retr_1	block1	A	n/a	5	image_2_retr	bicycle/bicycle_06.jpg	bicycle/bicycle_06.jpg	1669.443017200043	1.0117381666243546	image	2	1669.4430728000007	5.559995770454407e-05	n/a	n/a	n/a	n/a	n/a	n/a	n/a
3	n/a	n/a	n/a	n/a	n/a	image_2_retr	n/a	n/a	1669.4430728000007	0.0	trigger	2	n/a	n/a	n/a	n/a	n/a	n/a	n/a	n/a	n/a
3	n/a	n/a	n/a	n/a	n/a	reflection_start	n/a	n/a	1670.7039674000116	0.0	trigger	31	n/a	n/a	n/a	n/a	n/a	n/a	n/a	n/a	n/a
3	n/a	n/a	n/a	n/a	n/a	reflection_end	n/a	n/a	1672.8586604000302	0.0	trigger	32	n/a	n/a	n/a	n/a	n/a	n/a	n/a	n/a	n/a
3	n/a	n/a	n/a	n/a	n/a	order_options	n/a	n/a	1672.9037957999972	0.0	trigger	59	n/a	n/a	n/a	n/a	n/a	n/a	n/a	n/a	n/a
3	n/a	n/a	n/a	n/a	n/a	distance_options	n/a	n/a	1676.4023155000177	0.0	trigger	58	n/a	n/a	n/a	n/a	n/a	n/a	n/a	n/a	n/a
3	retr_distance	block1	A	n/a	5	n/a	n/a	n/a	1679.8738817000412	0.0	choice	n/a	n/a	n/a	[]	n/a	m	n/a	3	False	3
3	retr_1	block1	A	n/a	6	retrieval_ITIcross	n/a	n/a	1680.3840393000282	0.2829506666787438	fixcross	n/a	n/a	n/a	n/a	n/a	n/a	n/a	n/a	n/a	4
3	retr_1	block1	A	n/a	6	image_1_retr	flower/flower_17.jpg	flower/flower_17.jpg	1680.7033372000442	1.0132228666373067	image	6	1680.703406100045	6.890000076964498e-05	n/a	n/a	n/a	n/a	n/a	n/a	n/a
3	n/a	n/a	n/a	n/a	n/a	image_1_retr	n/a	n/a	1680.703406100045	0.0	trigger	6	n/a	n/a	n/a	n/a	n/a	n/a	n/a	n/a	n/a
3	retr_1	block1	A	n/a	6	image_2_retr	bread/bread_29.jpg	bread/bread_29.jpg	1682.0028416000423	1.013862666619616	image	3	1682.0028875000426	4.5900000259280205e-05	n/a	n/a	n/a	n/a	n/a	n/a	n/a
3	n/a	n/a	n/a	n/a	n/a	image_2_retr	n/a	n/a	1682.0028875000426	0.0	trigger	3	n/a	n/a	n/a	n/a	n/a	n/a	n/a	n/a	n/a
3	n/a	n/a	n/a	n/a	n/a	reflection_start	n/a	n/a	1683.266796300013	0.0	trigger	31	n/a	n/a	n/a	n/a	n/a	n/a	n/a	n/a	n/a
3	n/a	n/a	n/a	n/a	n/a	reflection_end	n/a	n/a	1685.268477900012	0.0	trigger	32	n/a	n/a	n/a	n/a	n/a	n/a	n/a	n/a	n/a
3	n/a	n/a	n/a	n/a	n/a	order_options	n/a	n/a	1685.31572090002	0.0	trigger	59	n/a	n/a	n/a	n/a	n/a	n/a	n/a	n/a	n/a
3	n/a	n/a	n/a	n/a	n/a	distance_options	n/a	n/a	1688.8312824000022	0.0	trigger	58	n/a	n/a	n/a	n/a	n/a	n/a	n/a	n/a	n/a
3	retr_distance	block1	A	n/a	6	n/a	n/a	n/a	1692.3028602999984	0.0	choice	n/a	n/a	n/a	[]	n/a	m	n/a	4	False	4
3	retr_1	block1	A	n/a	7	retrieval_ITIcross	n/a	n/a	1692.8142393000307	0.4325187666729562	fixcross	n/a	n/a	n/a	n/a	n/a	n/a	n/a	n/a	n/a	2
3	retr_1	block1	A	n/a	7	image_1_retr	dog/dog_49.jpg	dog/dog_49.jpg	1693.3211417000275	1.0096704666541427	image	5	1693.3211968000396	5.5100012104958296e-05	n/a	n/a	n/a	n/a	n/a	n/a	n/a
3	n/a	n/a	n/a	n/a	n/a	image_1_retr	n/a	n/a	1693.3211968000396	0.0	trigger	5	n/a	n/a	n/a	n/a	n/a	n/a	n/a	n/a	n/a
3	retr_1	block1	A	n/a	7	image_2_retr	hand/hand_16.jpg	hand/hand_16.jpg	1694.6153569000307	1.014293766642595	image	8	1694.6154189000372	6.200000643730164e-05	n/a	n/a	n/a	n/a	n/a	n/a	n/a
3	n/a	n/a	n/a	n/a	n/a	image_2_retr	n/a	n/a	1694.6154189000372	0.0	trigger	8	n/a	n/a	n/a	n/a	n/a	n/a	n/a	n/a	n/a
3	n/a	n/a	n/a	n/a	n/a	reflection_start	n/a	n/a	1695.8789273000439	0.0	trigger	31	n/a	n/a	n/a	n/a	n/a	n/a	n/a	n/a	n/a
3	n/a	n/a	n/a	n/a	n/a	reflection_end	n/a	n/a	1697.9644086000044	0.0	trigger	32	n/a	n/a	n/a	n/a	n/a	n/a	n/a	n/a	n/a
3	n/a	n/a	n/a	n/a	n/a	order_options	n/a	n/a	1698.0120537000475	0.0	trigger	59	n/a	n/a	n/a	n/a	n/a	n/a	n/a	n/a	n/a
3	n/a	n/a	n/a	n/a	n/a	distance_options	n/a	n/a	1701.5108802000177	0.0	trigger	58	n/a	n/a	n/a	n/a	n/a	n/a	n/a	n/a	n/a
3	retr_distance	block1	A	n/a	7	n/a	n/a	n/a	1704.9832133000018	0.0	choice	n/a	n/a	n/a	[]	n/a	m	n/a	2	False	2
3	retr_1	block1	A	n/a	8	retrieval_ITIcross	n/a	n/a	1705.4935560000013	0.36565446667759716	fixcross	n/a	n/a	n/a	n/a	n/a	n/a	n/a	n/a	n/a	3
3	retr_1	block1	A	n/a	8	image_1_retr	chair/chair_11.jpg	chair/chair_11.jpg	1705.8821388999932	1.010255666686362	image	4	1705.8822097000084	7.080001523718238e-05	n/a	n/a	n/a	n/a	n/a	n/a	n/a
3	n/a	n/a	n/a	n/a	n/a	image_1_retr	n/a	n/a	1705.8822097000084	0.0	trigger	4	n/a	n/a	n/a	n/a	n/a	n/a	n/a	n/a	n/a
3	retr_1	block1	A	n/a	8	image_2_retr	hammer/hammer_16.jpg	hammer/hammer_16.jpg	1707.1618759999983	1.014010866700346	image	7	1707.1619380000047	6.200000643730164e-05	n/a	n/a	n/a	n/a	n/a	n/a	n/a
3	n/a	n/a	n/a	n/a	n/a	image_2_retr	n/a	n/a	1707.1619380000047	0.0	trigger	7	n/a	n/a	n/a	n/a	n/a	n/a	n/a	n/a	n/a
3	n/a	n/a	n/a	n/a	n/a	reflection_start	n/a	n/a	1708.4264269000269	0.0	trigger	31	n/a	n/a	n/a	n/a	n/a	n/a	n/a	n/a	n/a
3	n/a	n/a	n/a	n/a	n/a	reflection_end	n/a	n/a	1710.4441653999966	0.0	trigger	32	n/a	n/a	n/a	n/a	n/a	n/a	n/a	n/a	n/a
3	n/a	n/a	n/a	n/a	n/a	order_options	n/a	n/a	1710.4914299999946	0.0	trigger	59	n/a	n/a	n/a	n/a	n/a	n/a	n/a	n/a	n/a
3	n/a	n/a	n/a	n/a	n/a	distance_options	n/a	n/a	1714.0065875000437	0.0	trigger	58	n/a	n/a	n/a	n/a	n/a	n/a	n/a	n/a	n/a
3	retr_distance	block1	A	n/a	8	n/a	n/a	n/a	1717.4600787000381	0.0	choice	n/a	n/a	n/a	[]	n/a	m	n/a	3	False	3
3	retr_1	block1	A	n/a	9	retrieval_ITIcross	n/a	n/a	1717.9731394000119	0.29982476670215874	fixcross	n/a	n/a	n/a	n/a	n/a	n/a	n/a	n/a	n/a	5
3	retr_1	block1	A	n/a	9	image_1_retr	hand/hand_16.jpg	hand/hand_16.jpg	1718.3084853999899	1.0135827667002104	image	8	1718.308531799994	4.640000406652689e-05	n/a	n/a	n/a	n/a	n/a	n/a	n/a
3	n/a	n/a	n/a	n/a	n/a	image_1_retr	n/a	n/a	1718.308531799994	0.0	trigger	8	n/a	n/a	n/a	n/a	n/a	n/a	n/a	n/a	n/a
3	retr_1	block1	A	n/a	9	image_2_retr	bicycle/bicycle_06.jpg	bicycle/bicycle_06.jpg	1719.5910194000462	1.0145124666198626	image	2	1719.5910791000351	5.9699988923966885e-05	n/a	n/a	n/a	n/a	n/a	n/a	n/a
3	n/a	n/a	n/a	n/a	n/a	image_2_retr	n/a	n/a	1719.5910791000351	0.0	trigger	2	n/a	n/a	n/a	n/a	n/a	n/a	n/a	n/a	n/a
3	n/a	n/a	n/a	n/a	n/a	reflection_start	n/a	n/a	1720.8710684000398	0.0	trigger	31	n/a	n/a	n/a	n/a	n/a	n/a	n/a	n/a	n/a
3	n/a	n/a	n/a	n/a	n/a	reflection_end	n/a	n/a	1722.7579984000186	0.0	trigger	32	n/a	n/a	n/a	n/a	n/a	n/a	n/a	n/a	n/a
3	n/a	n/a	n/a	n/a	n/a	order_options	n/a	n/a	1722.8043357999995	0.0	trigger	59	n/a	n/a	n/a	n/a	n/a	n/a	n/a	n/a	n/a
3	n/a	n/a	n/a	n/a	n/a	distance_options	n/a	n/a	1726.3204905000166	0.0	trigger	58	n/a	n/a	n/a	n/a	n/a	n/a	n/a	n/a	n/a
3	retr_distance	block1	A	n/a	9	n/a	n/a	n/a	1729.7724209000007	0.0	choice	n/a	n/a	n/a	[]	n/a	m	n/a	5	False	5
3	retr_1	block1	A	n/a	10	retrieval_ITIcross	n/a	n/a	1730.2849006000324	0.7329297666476577	fixcross	n/a	n/a	n/a	n/a	n/a	n/a	n/a	n/a	n/a	2
3	retr_1	block1	A	n/a	10	image_1_retr	ball/ball_11.jpg	ball/ball_11.jpg	1731.1058239000267	1.0121370666349776	image	1	1731.1058890999993	6.51999725960195e-05	n/a	n/a	n/a	n/a	n/a	n/a	n/a
3	n/a	n/a	n/a	n/a	n/a	image_1_retr	n/a	n/a	1731.1058890999993	0.0	trigger	1	n/a	n/a	n/a	n/a	n/a	n/a	n/a	n/a	n/a
3	retr_1	block1	A	n/a	10	image_2_retr	flower/flower_17.jpg	flower/flower_17.jpg	1732.4036690000212	1.0134303666457072	image	6	1732.4037021000404	3.3100019209086895e-05	n/a	n/a	n/a	n/a	n/a	n/a	n/a
3	n/a	n/a	n/a	n/a	n/a	image_2_retr	n/a	n/a	1732.4037021000404	0.0	trigger	6	n/a	n/a	n/a	n/a	n/a	n/a	n/a	n/a	n/a
3	n/a	n/a	n/a	n/a	n/a	reflection_start	n/a	n/a	1733.6683954999899	0.0	trigger	31	n/a	n/a	n/a	n/a	n/a	n/a	n/a	n/a	n/a
3	n/a	n/a	n/a	n/a	n/a	reflection_end	n/a	n/a	1735.6356345000095	0.0	trigger	32	n/a	n/a	n/a	n/a	n/a	n/a	n/a	n/a	n/a
3	n/a	n/a	n/a	n/a	n/a	order_options	n/a	n/a	1735.6832058000145	0.0	trigger	59	n/a	n/a	n/a	n/a	n/a	n/a	n/a	n/a	n/a
3	n/a	n/a	n/a	n/a	n/a	distance_options	n/a	n/a	1739.1986345000332	0.0	trigger	58	n/a	n/a	n/a	n/a	n/a	n/a	n/a	n/a	n/a
3	retr_distance	block1	A	n/a	10	n/a	n/a	n/a	1742.6847389000468	0.0	choice	n/a	n/a	n/a	[]	n/a	m	n/a	2	False	2
3	retr_1	block1	A	n/a	11	retrieval_ITIcross	n/a	n/a	1743.198779700033	0.6498149666624613	fixcross	n/a	n/a	n/a	n/a	n/a	n/a	n/a	n/a	n/a	4
3	retr_1	block1	A	n/a	11	image_1_retr	house/house_35.jpg	house/house_35.jpg	1743.9299153000466	1.0006207666631326	image	9	1743.9300002999953	8.499994874000549e-05	n/a	n/a	n/a	n/a	n/a	n/a	n/a
3	n/a	n/a	n/a	n/a	n/a	image_1_retr	n/a	n/a	1743.9300002999953	0.0	trigger	9	n/a	n/a	n/a	n/a	n/a	n/a	n/a	n/a	n/a
3	retr_1	block1	A	n/a	11	image_2_retr	jacket/jacket_44.jpg	jacket/jacket_44.jpg	1745.220763600024	1.0094733666667253	image	10	1745.220807900012	4.429998807609081e-05	n/a	n/a	n/a	n/a	n/a	n/a	n/a
3	n/a	n/a	n/a	n/a	n/a	image_2_retr	n/a	n/a	1745.220807900012	0.0	trigger	10	n/a	n/a	n/a	n/a	n/a	n/a	n/a	n/a	n/a
3	n/a	n/a	n/a	n/a	n/a	reflection_start	n/a	n/a	1746.4961958000204	0.0	trigger	31	n/a	n/a	n/a	n/a	n/a	n/a	n/a	n/a	n/a
3	n/a	n/a	n/a	n/a	n/a	reflection_end	n/a	n/a	1748.2977333000163	0.0	trigger	32	n/a	n/a	n/a	n/a	n/a	n/a	n/a	n/a	n/a
3	n/a	n/a	n/a	n/a	n/a	order_options	n/a	n/a	1748.345876300009	0.0	trigger	59	n/a	n/a	n/a	n/a	n/a	n/a	n/a	n/a	n/a
3	n/a	n/a	n/a	n/a	n/a	distance_options	n/a	n/a	1751.8445371999987	0.0	trigger	58	n/a	n/a	n/a	n/a	n/a	n/a	n/a	n/a	n/a
3	retr_distance	block1	A	n/a	11	n/a	n/a	n/a	1755.334000300034	0.0	choice	n/a	n/a	n/a	[]	n/a	m	n/a	4	False	4
3	retr_1	block1	A	n/a	12	retrieval_ITIcross	n/a	n/a	1755.8439957000082	0.5998163666847631	fixcross	n/a	n/a	n/a	n/a	n/a	n/a	n/a	n/a	n/a	5
3	retr_1	block1	A	n/a	12	image_1_retr	chair/chair_11.jpg	chair/chair_11.jpg	1756.4623060000013	1.0145469667079396	image	4	1756.4623536000145	4.7600013203918934e-05	n/a	n/a	n/a	n/a	n/a	n/a	n/a
3	n/a	n/a	n/a	n/a	n/a	image_1_retr	n/a	n/a	1756.4623536000145	0.0	trigger	4	n/a	n/a	n/a	n/a	n/a	n/a	n/a	n/a	n/a
3	retr_1	block1	A	n/a	12	image_2_retr	ball/ball_11.jpg	ball/ball_11.jpg	1757.9023620000225	1.0070887666699946	image	1	1757.9024117999943	4.9799971748143435e-05	n/a	n/a	n/a	n/a	n/a	n/a	n/a
3	n/a	n/a	n/a	n/a	n/a	image_2_retr	n/a	n/a	1757.9024117999943	0.0	trigger	1	n/a	n/a	n/a	n/a	n/a	n/a	n/a	n/a	n/a
3	n/a	n/a	n/a	n/a	n/a	reflection_start	n/a	n/a	1759.159022900043	0.0	trigger	31	n/a	n/a	n/a	n/a	n/a	n/a	n/a	n/a	n/a
3	n/a	n/a	n/a	n/a	n/a	reflection_end	n/a	n/a	1760.9784321000334	0.0	trigger	32	n/a	n/a	n/a	n/a	n/a	n/a	n/a	n/a	n/a
3	n/a	n/a	n/a	n/a	n/a	order_options	n/a	n/a	1761.025102899992	0.0	trigger	59	n/a	n/a	n/a	n/a	n/a	n/a	n/a	n/a	n/a
3	n/a	n/a	n/a	n/a	n/a	distance_options	n/a	n/a	1764.541161500034	0.0	trigger	58	n/a	n/a	n/a	n/a	n/a	n/a	n/a	n/a	n/a
3	retr_distance	block1	A	n/a	12	n/a	n/a	n/a	1768.0128568999935	0.0	choice	n/a	n/a	n/a	[]	n/a	m	n/a	5	False	5
3	retr_1	block1	A	n/a	13	retrieval_ITIcross	n/a	n/a	1768.5394742999924	0.48381206667204424	fixcross	n/a	n/a	n/a	n/a	n/a	n/a	n/a	n/a	n/a	2
3	retr_1	block1	A	n/a	13	image_1_retr	hammer/hammer_16.jpg	hammer/hammer_16.jpg	1769.0423275000066	1.013350366676832	image	7	1769.0424146000296	8.710002293810248e-05	n/a	n/a	n/a	n/a	n/a	n/a	n/a
3	n/a	n/a	n/a	n/a	n/a	image_1_retr	n/a	n/a	1769.0424146000296	0.0	trigger	7	n/a	n/a	n/a	n/a	n/a	n/a	n/a	n/a	n/a
3	retr_1	block1	A	n/a	13	image_2_retr	bread/bread_29.jpg	bread/bread_29.jpg	1770.3445192000363	1.0108141666316897	image	3	1770.3445589000476	3.9700011257082224e-05	n/a	n/a	n/a	n/a	n/a	n/a	n/a
3	n/a	n/a	n/a	n/a	n/a	image_2_retr	n/a	n/a	1770.3445589000476	0.0	trigger	3	n/a	n/a	n/a	n/a	n/a	n/a	n/a	n/a	n/a
3	n/a	n/a	n/a	n/a	n/a	reflection_start	n/a	n/a	1771.6065625000047	0.0	trigger	31	n/a	n/a	n/a	n/a	n/a	n/a	n/a	n/a	n/a
3	n/a	n/a	n/a	n/a	n/a	reflection_end	n/a	n/a	1773.5731725000078	0.0	trigger	32	n/a	n/a	n/a	n/a	n/a	n/a	n/a	n/a	n/a
3	n/a	n/a	n/a	n/a	n/a	order_options	n/a	n/a	1773.6214249000186	0.0	trigger	59	n/a	n/a	n/a	n/a	n/a	n/a	n/a	n/a	n/a
3	n/a	n/a	n/a	n/a	n/a	distance_options	n/a	n/a	1777.1537074000225	0.0	trigger	58	n/a	n/a	n/a	n/a	n/a	n/a	n/a	n/a	n/a
3	retr_distance	block1	A	n/a	13	n/a	n/a	n/a	1780.62429170002	0.0	choice	n/a	n/a	n/a	[]	n/a	m	n/a	2	False	2
3	retr_1	block1	A	n/a	14	retrieval_ITIcross	n/a	n/a	1781.136292500014	0.34968856664295345	fixcross	n/a	n/a	n/a	n/a	n/a	n/a	n/a	n/a	n/a	3
3	retr_1	block1	A	n/a	14	image_1_retr	dog/dog_49.jpg	dog/dog_49.jpg	1781.5433177000377	1.008480066670245	image	5	1781.5433805999928	6.289995508268476e-05	n/a	n/a	n/a	n/a	n/a	n/a	n/a
3	n/a	n/a	n/a	n/a	n/a	image_1_retr	n/a	n/a	1781.5433805999928	0.0	trigger	5	n/a	n/a	n/a	n/a	n/a	n/a	n/a	n/a	n/a
3	retr_1	block1	A	n/a	14	image_2_retr	bicycle/bicycle_06.jpg	bicycle/bicycle_06.jpg	1782.8210295000463	1.0145422666139439	image	2	1782.8210743000382	4.47999918833375e-05	n/a	n/a	n/a	n/a	n/a	n/a	n/a
3	n/a	n/a	n/a	n/a	n/a	image_2_retr	n/a	n/a	1782.8210743000382	0.0	trigger	2	n/a	n/a	n/a	n/a	n/a	n/a	n/a	n/a	n/a
3	n/a	n/a	n/a	n/a	n/a	reflection_start	n/a	n/a	1784.0855509000248	0.0	trigger	31	n/a	n/a	n/a	n/a	n/a	n/a	n/a	n/a	n/a
3	n/a	n/a	n/a	n/a	n/a	reflection_end	n/a	n/a	1786.0697923999978	0.0	trigger	32	n/a	n/a	n/a	n/a	n/a	n/a	n/a	n/a	n/a
3	n/a	n/a	n/a	n/a	n/a	order_options	n/a	n/a	1786.1175474000047	0.0	trigger	59	n/a	n/a	n/a	n/a	n/a	n/a	n/a	n/a	n/a
3	n/a	n/a	n/a	n/a	n/a	distance_options	n/a	n/a	1789.6329889000044	0.0	trigger	58	n/a	n/a	n/a	n/a	n/a	n/a	n/a	n/a	n/a
3	retr_distance	block1	A	n/a	14	n/a	n/a	n/a	1793.1046264999895	0.0	choice	n/a	n/a	n/a	[]	n/a	m	n/a	3	False	3
3	retr_1	block1	A	n/a	15	retrieval_ITIcross	n/a	n/a	1793.631568300014	0.6844630666930698	fixcross	n/a	n/a	n/a	n/a	n/a	n/a	n/a	n/a	n/a	4
3	retr_1	block1	A	n/a	15	image_1_retr	jacket/jacket_44.jpg	jacket/jacket_44.jpg	1794.3691956000403	1.0119891666729472	image	10	1794.369241300039	4.569999873638153e-05	n/a	n/a	n/a	n/a	n/a	n/a	n/a
3	n/a	n/a	n/a	n/a	n/a	image_1_retr	n/a	n/a	1794.369241300039	0.0	trigger	10	n/a	n/a	n/a	n/a	n/a	n/a	n/a	n/a	n/a
3	retr_1	block1	A	n/a	15	image_2_retr	hand/hand_16.jpg	hand/hand_16.jpg	1795.6675436000223	1.0130360666701108	image	8	1795.6675814000191	3.779999678954482e-05	n/a	n/a	n/a	n/a	n/a	n/a	n/a
3	n/a	n/a	n/a	n/a	n/a	image_2_retr	n/a	n/a	1795.6675814000191	0.0	trigger	8	n/a	n/a	n/a	n/a	n/a	n/a	n/a	n/a	n/a
3	n/a	n/a	n/a	n/a	n/a	reflection_start	n/a	n/a	1796.931035400019	0.0	trigger	31	n/a	n/a	n/a	n/a	n/a	n/a	n/a	n/a	n/a
3	n/a	n/a	n/a	n/a	n/a	reflection_end	n/a	n/a	1798.7989939000108	0.0	trigger	32	n/a	n/a	n/a	n/a	n/a	n/a	n/a	n/a	n/a
3	n/a	n/a	n/a	n/a	n/a	order_options	n/a	n/a	1798.8467228999943	0.0	trigger	59	n/a	n/a	n/a	n/a	n/a	n/a	n/a	n/a	n/a
3	n/a	n/a	n/a	n/a	n/a	distance_options	n/a	n/a	1802.3623093999922	0.0	trigger	58	n/a	n/a	n/a	n/a	n/a	n/a	n/a	n/a	n/a
3	retr_distance	block1	A	n/a	15	n/a	n/a	n/a	1805.8311927000177	0.0	choice	n/a	n/a	n/a	[]	n/a	m	n/a	4	False	4
3	retr_1	block1	A	n/a	16	retrieval_ITIcross	n/a	n/a	1806.3452693000436	0.499120966651617	fixcross	n/a	n/a	n/a	n/a	n/a	n/a	n/a	n/a	n/a	5
3	retr_1	block1	A	n/a	16	image_1_retr	house/house_35.jpg	house/house_35.jpg	1806.8818938999902	1.0120408667173706	image	9	1806.8819418000057	4.7900015488266945e-05	n/a	n/a	n/a	n/a	n/a	n/a	n/a
3	n/a	n/a	n/a	n/a	n/a	image_1_retr	n/a	n/a	1806.8819418000057	0.0	trigger	9	n/a	n/a	n/a	n/a	n/a	n/a	n/a	n/a	n/a
3	retr_1	block1	A	n/a	16	image_2_retr	flower/flower_17.jpg	flower/flower_17.jpg	1808.161978500022	0.9991329666847832	image	6	1808.162030300009	5.1799986977130175e-05	n/a	n/a	n/a	n/a	n/a	n/a	n/a
3	n/a	n/a	n/a	n/a	n/a	image_2_retr	n/a	n/a	1808.162030300009	0.0	trigger	6	n/a	n/a	n/a	n/a	n/a	n/a	n/a	n/a	n/a
3	n/a	n/a	n/a	n/a	n/a	reflection_start	n/a	n/a	1809.4102482000017	0.0	trigger	31	n/a	n/a	n/a	n/a	n/a	n/a	n/a	n/a	n/a
3	n/a	n/a	n/a	n/a	n/a	reflection_end	n/a	n/a	1811.4296679000254	0.0	trigger	32	n/a	n/a	n/a	n/a	n/a	n/a	n/a	n/a	n/a
3	n/a	n/a	n/a	n/a	n/a	order_options	n/a	n/a	1811.4761216000188	0.0	trigger	59	n/a	n/a	n/a	n/a	n/a	n/a	n/a	n/a	n/a
3	n/a	n/a	n/a	n/a	n/a	distance_options	n/a	n/a	1815.008715200005	0.0	trigger	58	n/a	n/a	n/a	n/a	n/a	n/a	n/a	n/a	n/a
3	retr_distance	block1	A	n/a	16	n/a	n/a	n/a	1818.4777781000012	0.0	choice	n/a	n/a	n/a	[]	n/a	m	n/a	5	False	5
3	retr_1	block1	A	n/a	17	retrieval_ITIcross	n/a	n/a	1818.99015279999	0.7339350666773043	fixcross	n/a	n/a	n/a	n/a	n/a	n/a	n/a	n/a	n/a	3
3	retr_1	block1	A	n/a	17	image_1_retr	ball/ball_11.jpg	ball/ball_11.jpg	1819.844522200001	1.0124555666736796	image	1	1819.844585200015	6.3000014051795e-05	n/a	n/a	n/a	n/a	n/a	n/a	n/a
3	n/a	n/a	n/a	n/a	n/a	image_1_retr	n/a	n/a	1819.844585200015	0.0	trigger	1	n/a	n/a	n/a	n/a	n/a	n/a	n/a	n/a	n/a
3	retr_1	block1	A	n/a	17	image_2_retr	jacket/jacket_44.jpg	jacket/jacket_44.jpg	1821.1801864000154	1.010465866657114	image	10	1821.1802547000116	6.829999620094895e-05	n/a	n/a	n/a	n/a	n/a	n/a	n/a
3	n/a	n/a	n/a	n/a	n/a	image_2_retr	n/a	n/a	1821.1802547000116	0.0	trigger	10	n/a	n/a	n/a	n/a	n/a	n/a	n/a	n/a	n/a
3	n/a	n/a	n/a	n/a	n/a	reflection_start	n/a	n/a	1822.4391636000364	0.0	trigger	31	n/a	n/a	n/a	n/a	n/a	n/a	n/a	n/a	n/a
3	n/a	n/a	n/a	n/a	n/a	reflection_end	n/a	n/a	1824.3910353000392	0.0	trigger	32	n/a	n/a	n/a	n/a	n/a	n/a	n/a	n/a	n/a
3	n/a	n/a	n/a	n/a	n/a	order_options	n/a	n/a	1824.4393626000383	0.0	trigger	59	n/a	n/a	n/a	n/a	n/a	n/a	n/a	n/a	n/a
3	n/a	n/a	n/a	n/a	n/a	distance_options	n/a	n/a	1827.9708367999992	0.0	trigger	58	n/a	n/a	n/a	n/a	n/a	n/a	n/a	n/a	n/a
3	retr_distance	block1	A	n/a	17	n/a	n/a	n/a	1831.4253971000435	0.0	choice	n/a	n/a	n/a	[]	n/a	m	n/a	3	False	3
3	retr_1	block1	A	n/a	18	retrieval_ITIcross	n/a	n/a	1831.936796599999	0.3492483666670978	fixcross	n/a	n/a	n/a	n/a	n/a	n/a	n/a	n/a	n/a	4
3	retr_1	block1	A	n/a	18	image_1_retr	chair/chair_11.jpg	chair/chair_11.jpg	1832.3083580000093	1.0109498666754462	image	4	1832.3084248999949	6.689998554065824e-05	n/a	n/a	n/a	n/a	n/a	n/a	n/a
3	n/a	n/a	n/a	n/a	n/a	image_1_retr	n/a	n/a	1832.3084248999949	0.0	trigger	4	n/a	n/a	n/a	n/a	n/a	n/a	n/a	n/a	n/a
3	retr_1	block1	A	n/a	18	image_2_retr	dog/dog_49.jpg	dog/dog_49.jpg	1833.6389175000368	1.0136620666637555	image	5	1833.6389926000265	7.509998977184296e-05	n/a	n/a	n/a	n/a	n/a	n/a	n/a
3	n/a	n/a	n/a	n/a	n/a	image_2_retr	n/a	n/a	1833.6389926000265	0.0	trigger	5	n/a	n/a	n/a	n/a	n/a	n/a	n/a	n/a	n/a
3	n/a	n/a	n/a	n/a	n/a	reflection_start	n/a	n/a	1834.9017349000205	0.0	trigger	31	n/a	n/a	n/a	n/a	n/a	n/a	n/a	n/a	n/a
3	n/a	n/a	n/a	n/a	n/a	reflection_end	n/a	n/a	1837.0046011999948	0.0	trigger	32	n/a	n/a	n/a	n/a	n/a	n/a	n/a	n/a	n/a
3	n/a	n/a	n/a	n/a	n/a	order_options	n/a	n/a	1837.0512497000163	0.0	trigger	59	n/a	n/a	n/a	n/a	n/a	n/a	n/a	n/a	n/a
3	n/a	n/a	n/a	n/a	n/a	distance_options	n/a	n/a	1840.5832771999994	0.0	trigger	58	n/a	n/a	n/a	n/a	n/a	n/a	n/a	n/a	n/a
3	retr_distance	block1	A	n/a	18	n/a	n/a	n/a	1844.0374670000165	0.0	choice	n/a	n/a	n/a	[]	n/a	m	n/a	4	False	4
3	retr_1	block1	A	n/a	19	retrieval_ITIcross	n/a	n/a	1844.549787099997	0.3498517666632779	fixcross	n/a	n/a	n/a	n/a	n/a	n/a	n/a	n/a	n/a	2
3	retr_1	block1	A	n/a	19	image_1_retr	bicycle/bicycle_06.jpg	bicycle/bicycle_06.jpg	1844.918641700002	1.0131489666566722	image	2	1844.9186861999915	4.449998959898949e-05	n/a	n/a	n/a	n/a	n/a	n/a	n/a
3	n/a	n/a	n/a	n/a	n/a	image_1_retr	n/a	n/a	1844.9186861999915	0.0	trigger	2	n/a	n/a	n/a	n/a	n/a	n/a	n/a	n/a	n/a
3	retr_1	block1	A	n/a	19	image_2_retr	bread/bread_29.jpg	bread/bread_29.jpg	1846.2190587000223	1.013238366638916	image	3	1846.2191145000397	5.5800017435103655e-05	n/a	n/a	n/a	n/a	n/a	n/a	n/a
3	n/a	n/a	n/a	n/a	n/a	image_2_retr	n/a	n/a	1846.2191145000397	0.0	trigger	3	n/a	n/a	n/a	n/a	n/a	n/a	n/a	n/a	n/a
3	n/a	n/a	n/a	n/a	n/a	reflection_start	n/a	n/a	1847.498115000024	0.0	trigger	31	n/a	n/a	n/a	n/a	n/a	n/a	n/a	n/a	n/a
3	n/a	n/a	n/a	n/a	n/a	reflection_end	n/a	n/a	1849.5665705000283	0.0	trigger	32	n/a	n/a	n/a	n/a	n/a	n/a	n/a	n/a	n/a
3	n/a	n/a	n/a	n/a	n/a	order_options	n/a	n/a	1849.6143116000458	0.0	trigger	59	n/a	n/a	n/a	n/a	n/a	n/a	n/a	n/a	n/a
3	n/a	n/a	n/a	n/a	n/a	distance_options	n/a	n/a	1853.130327699997	0.0	trigger	58	n/a	n/a	n/a	n/a	n/a	n/a	n/a	n/a	n/a
3	retr_distance	block1	A	n/a	19	n/a	n/a	n/a	1856.6157640000456	0.0	choice	n/a	n/a	n/a	[]	n/a	m	n/a	2	False	2
3	learn	1.0	A	6	1	current_image	lamp/lamp_01.jpg	lamp/lamp_01.jpg	1859.0137525000027	4.702057800022885	image	n/a	n/a	n/a	n/a	n/a	n/a	n/a	n/a	n/a	n/a
3	learn	1.0	A	6	1	corr_next_image	key/key_01.jpg	key/key_01.jpg	1859.0137525000027	4.702068100043107	image	15	1859.013829500007	7.700000423938036e-05	n/a	n/a	n/a	n/a	n/a	n/a	n/a
3	learn	1.0	A	6	1	distractor 01 (close)	hand/hand_16.jpg	hand/hand_16.jpg	1859.0137525000027	4.702073900029063	image	n/a	n/a	n/a	n/a	n/a	n/a	n/a	n/a	n/a	n/a
3	learn	1.0	A	6	1	distractor 02 (far)	house/house_35.jpg	house/house_35.jpg	1859.0137525000027	4.7020790000096895	image	n/a	n/a	n/a	n/a	n/a	n/a	n/a	n/a	n/a	n/a
3	n/a	n/a	n/a	n/a	n/a	choice_display	n/a	n/a	1859.013829500007	0.0	trigger	15	n/a	n/a	n/a	n/a	n/a	n/a	n/a	n/a	n/a
3	learn	1.0	A	6	1	correct_moving	n/a	n/a	1864.0173112000339	0.980726899986621	feedback	52	1864.0174274000456	0.0001162000116892159	n/a	n/a	n/a	n/a	n/a	n/a	n/a
3	n/a	n/a	n/a	n/a	n/a	feedback	n/a	n/a	1864.0174274000456	0.0	trigger	52	n/a	n/a	n/a	n/a	n/a	n/a	n/a	n/a	n/a
3	learn	1.0	A	6	2	current_image	key/key_01.jpg	key/key_01.jpg	1865.760747799999	4.784837200015318	image	n/a	n/a	n/a	n/a	n/a	n/a	n/a	n/a	n/a	n/a
3	learn	1.0	A	6	2	corr_next_image	hand/hand_16.jpg	hand/hand_16.jpg	1865.760747799999	4.78484550002031	image	8	1865.7608111000154	6.330001633614302e-05	n/a	n/a	n/a	n/a	n/a	n/a	n/a
3	learn	1.0	A	6	2	distractor 01 (close)	jacket/jacket_44.jpg	jacket/jacket_44.jpg	1865.760747799999	4.784850900003221	image	n/a	n/a	n/a	n/a	n/a	n/a	n/a	n/a	n/a	n/a
3	learn	1.0	A	6	2	distractor 02 (far)	pencil/pencil_01.jpg	pencil/pencil_01.jpg	1865.760747799999	4.7848555000382476	image	n/a	n/a	n/a	n/a	n/a	n/a	n/a	n/a	n/a	n/a
3	n/a	n/a	n/a	n/a	n/a	choice_display	n/a	n/a	1865.7608111000154	0.0	trigger	8	n/a	n/a	n/a	n/a	n/a	n/a	n/a	n/a	n/a
3	learn	1.0	A	6	2	correct_moving	n/a	n/a	1870.7656719000079	0.9776100000017323	feedback	52	1870.7657431000262	7.120001828297973e-05	n/a	n/a	n/a	n/a	n/a	n/a	n/a
3	n/a	n/a	n/a	n/a	n/a	feedback	n/a	n/a	1870.7657431000262	0.0	trigger	52	n/a	n/a	n/a	n/a	n/a	n/a	n/a	n/a	n/a
3	learn	1.0	A	6	3	current_image	hand/hand_16.jpg	hand/hand_16.jpg	1872.52269360004	4.7735320999636315	image	n/a	n/a	n/a	n/a	n/a	n/a	n/a	n/a	n/a	n/a
3	learn	1.0	A	6	3	corr_next_image	ball/ball_11.jpg	ball/ball_11.jpg	1872.52269360004	4.773543399991468	image	1	1872.5228072000318	0.00011359999189153314	n/a	n/a	n/a	n/a	n/a	n/a	n/a
3	learn	1.0	A	6	3	distractor 01 (close)	chair/chair_11.jpg	chair/chair_11.jpg	1872.52269360004	4.773551499994937	image	n/a	n/a	n/a	n/a	n/a	n/a	n/a	n/a	n/a	n/a
3	learn	1.0	A	6	3	distractor 02 (far)	phone/phone_01.jpg	phone/phone_01.jpg	1872.52269360004	4.773558999993838	image	n/a	n/a	n/a	n/a	n/a	n/a	n/a	n/a	n/a	n/a
3	n/a	n/a	n/a	n/a	n/a	choice_display	n/a	n/a	1872.5228072000318	0.0	trigger	1	n/a	n/a	n/a	n/a	n/a	n/a	n/a	n/a	n/a
3	learn	1.0	A	6	3	correct_moving	n/a	n/a	1877.519202800002	0.9903901999932714	feedback	52	1877.5193087999942	0.00010599999222904444	n/a	n/a	n/a	n/a	n/a	n/a	n/a
3	n/a	n/a	n/a	n/a	n/a	feedback	n/a	n/a	1877.5193087999942	0.0	trigger	52	n/a	n/a	n/a	n/a	n/a	n/a	n/a	n/a	n/a
3	learn	1.0	A	6	4	current_image	ball/ball_11.jpg	ball/ball_11.jpg	1879.2713675000123	4.78932610002812	image	n/a	n/a	n/a	n/a	n/a	n/a	n/a	n/a	n/a	n/a
3	learn	1.0	A	6	4	corr_next_image	dog/dog_49.jpg	dog/dog_49.jpg	1879.2713675000123	4.789338000002317	image	5	1879.271455100039	8.760002674534917e-05	n/a	n/a	n/a	n/a	n/a	n/a	n/a
3	learn	1.0	A	6	4	distractor 01 (close)	bicycle/bicycle_06.jpg	bicycle/bicycle_06.jpg	1879.2713675000123	4.78934560000198	image	n/a	n/a	n/a	n/a	n/a	n/a	n/a	n/a	n/a	n/a
3	learn	1.0	A	6	4	distractor 02 (far)	hammer/hammer_16.jpg	hammer/hammer_16.jpg	1879.2713675000123	4.789353100000881	image	n/a	n/a	n/a	n/a	n/a	n/a	n/a	n/a	n/a	n/a
3	n/a	n/a	n/a	n/a	n/a	choice_display	n/a	n/a	1879.271455100039	0.0	trigger	5	n/a	n/a	n/a	n/a	n/a	n/a	n/a	n/a	n/a
3	learn	1.0	A	6	4	correct_moving	n/a	n/a	1884.2843616000027	0.9903801000327803	feedback	52	1884.284444799996	8.319999324157834e-05	n/a	n/a	n/a	n/a	n/a	n/a	n/a
3	n/a	n/a	n/a	n/a	n/a	feedback	n/a	n/a	1884.284444799996	0.0	trigger	52	n/a	n/a	n/a	n/a	n/a	n/a	n/a	n/a	n/a
3	learn	1.0	A	6	5	current_image	dog/dog_49.jpg	dog/dog_49.jpg	1886.067773399991	4.754725700011477	image	n/a	n/a	n/a	n/a	n/a	n/a	n/a	n/a	n/a	n/a
3	learn	1.0	A	6	5	corr_next_image	flower/flower_17.jpg	flower/flower_17.jpg	1886.067773399991	4.754733300011139	image	6	1886.0678581999964	8.480000542476773e-05	n/a	n/a	n/a	n/a	n/a	n/a	n/a
3	learn	1.0	A	6	5	distractor 01 (close)	pencil/pencil_01.jpg	pencil/pencil_01.jpg	1886.067773399991	4.754738500050735	image	n/a	n/a	n/a	n/a	n/a	n/a	n/a	n/a	n/a	n/a
3	learn	1.0	A	6	5	distractor 02 (far)	lamp/lamp_01.jpg	lamp/lamp_01.jpg	1886.067773399991	4.7547435000305995	image	n/a	n/a	n/a	n/a	n/a	n/a	n/a	n/a	n/a	n/a
3	n/a	n/a	n/a	n/a	n/a	choice_display	n/a	n/a	1886.0678581999964	0.0	trigger	6	n/a	n/a	n/a	n/a	n/a	n/a	n/a	n/a	n/a
3	learn	1.0	A	6	5	correct_moving	n/a	n/a	1891.0523787999991	0.9845601000124589	feedback	52	1891.0525067000417	0.00012790004257112741	n/a	n/a	n/a	n/a	n/a	n/a	n/a
3	n/a	n/a	n/a	n/a	n/a	feedback	n/a	n/a	1891.0525067000417	0.0	trigger	52	n/a	n/a	n/a	n/a	n/a	n/a	n/a	n/a	n/a
3	learn	1.0	A	6	6	current_image	flower/flower_17.jpg	flower/flower_17.jpg	1892.755608400039	4.815657700004522	image	n/a	n/a	n/a	n/a	n/a	n/a	n/a	n/a	n/a	n/a
3	learn	1.0	A	6	6	corr_next_image	jacket/jacket_44.jpg	jacket/jacket_44.jpg	1892.755608400039	4.81566899997415	image	10	1892.7556845000363	7.609999738633633e-05	n/a	n/a	n/a	n/a	n/a	n/a	n/a
3	learn	1.0	A	6	6	distractor 01 (close)	bicycle/bicycle_06.jpg	bicycle/bicycle_06.jpg	1892.755608400039	4.815677199978381	image	n/a	n/a	n/a	n/a	n/a	n/a	n/a	n/a	n/a	n/a
3	learn	1.0	A	6	6	distractor 02 (far)	bread/bread_29.jpg	bread/bread_29.jpg	1892.755608400039	4.815684599976521	image	n/a	n/a	n/a	n/a	n/a	n/a	n/a	n/a	n/a	n/a
3	n/a	n/a	n/a	n/a	n/a	choice_display	n/a	n/a	1892.7556845000363	0.0	trigger	10	n/a	n/a	n/a	n/a	n/a	n/a	n/a	n/a	n/a
3	learn	1.0	A	6	6	correct_moving	n/a	n/a	1897.7552742999978	0.9793460000073537	feedback	52	1897.755363000033	8.870003512129188e-05	n/a	n/a	n/a	n/a	n/a	n/a	n/a
3	n/a	n/a	n/a	n/a	n/a	feedback	n/a	n/a	1897.755363000033	0.0	trigger	52	n/a	n/a	n/a	n/a	n/a	n/a	n/a	n/a	n/a
3	learn	1.0	A	6	7	current_image	jacket/jacket_44.jpg	jacket/jacket_44.jpg	1899.498247200041	4.789729599957354	image	n/a	n/a	n/a	n/a	n/a	n/a	n/a	n/a	n/a	n/a
3	learn	1.0	A	6	7	corr_next_image	bicycle/bicycle_06.jpg	bicycle/bicycle_06.jpg	1899.498247200041	4.789741299988236	image	2	1899.4983200000133	7.27999722585082e-05	n/a	n/a	n/a	n/a	n/a	n/a	n/a
3	learn	1.0	A	6	7	distractor 01 (close)	phone/phone_01.jpg	phone/phone_01.jpg	1899.498247200041	4.789749399991706	image	n/a	n/a	n/a	n/a	n/a	n/a	n/a	n/a	n/a	n/a
3	learn	1.0	A	6	7	distractor 02 (far)	ball/ball_11.jpg	ball/ball_11.jpg	1899.498247200041	4.789756799989846	image	n/a	n/a	n/a	n/a	n/a	n/a	n/a	n/a	n/a	n/a
3	n/a	n/a	n/a	n/a	n/a	choice_display	n/a	n/a	1899.4983200000133	0.0	trigger	2	n/a	n/a	n/a	n/a	n/a	n/a	n/a	n/a	n/a
3	learn	1.0	A	6	7	correct_moving	n/a	n/a	1904.4978635000298	0.9853397000115365	feedback	52	1904.4980198999983	0.0001563999685458839	n/a	n/a	n/a	n/a	n/a	n/a	n/a
3	n/a	n/a	n/a	n/a	n/a	feedback	n/a	n/a	1904.4980198999983	0.0	trigger	52	n/a	n/a	n/a	n/a	n/a	n/a	n/a	n/a	n/a
3	learn	1.0	A	6	8	current_image	bicycle/bicycle_06.jpg	bicycle/bicycle_06.jpg	1906.164491100004	4.852404500008561	image	n/a	n/a	n/a	n/a	n/a	n/a	n/a	n/a	n/a	n/a
3	learn	1.0	A	6	8	corr_next_image	chair/chair_11.jpg	chair/chair_11.jpg	1906.164491100004	4.852412800013553	image	4	1906.164587300038	9.620003402233124e-05	n/a	n/a	n/a	n/a	n/a	n/a	n/a
3	learn	1.0	A	6	8	distractor 01 (close)	pencil/pencil_01.jpg	pencil/pencil_01.jpg	1906.164491100004	4.852417999994941	image	n/a	n/a	n/a	n/a	n/a	n/a	n/a	n/a	n/a	n/a
3	learn	1.0	A	6	8	distractor 02 (far)	flower/flower_17.jpg	flower/flower_17.jpg	1906.164491100004	4.8524230000330135	image	n/a	n/a	n/a	n/a	n/a	n/a	n/a	n/a	n/a	n/a
3	n/a	n/a	n/a	n/a	n/a	choice_display	n/a	n/a	1906.164587300038	0.0	trigger	4	n/a	n/a	n/a	n/a	n/a	n/a	n/a	n/a	n/a
3	learn	1.0	A	6	8	correct_moving	n/a	n/a	1911.1411161000142	0.99102389998734	feedback	52	1911.1412170000258	0.00010090001160278916	n/a	n/a	n/a	n/a	n/a	n/a	n/a
3	n/a	n/a	n/a	n/a	n/a	feedback	n/a	n/a	1911.1412170000258	0.0	trigger	52	n/a	n/a	n/a	n/a	n/a	n/a	n/a	n/a	n/a
3	learn	1.0	A	6	9	current_image	chair/chair_11.jpg	chair/chair_11.jpg	1912.8612136000302	4.82199689996196	image	n/a	n/a	n/a	n/a	n/a	n/a	n/a	n/a	n/a	n/a
3	learn	1.0	A	6	9	corr_next_image	bread/bread_29.jpg	bread/bread_29.jpg	1912.8612136000302	4.822008099989034	image	3	1912.8612861000001	7.24999699741602e-05	n/a	n/a	n/a	n/a	n/a	n/a	n/a
3	learn	1.0	A	6	9	distractor 01 (close)	hand/hand_16.jpg	hand/hand_16.jpg	1912.8612136000302	4.822015799989458	image	n/a	n/a	n/a	n/a	n/a	n/a	n/a	n/a	n/a	n/a
3	learn	1.0	A	6	9	distractor 02 (far)	dog/dog_49.jpg	dog/dog_49.jpg	1912.8612136000302	4.822022999986075	image	n/a	n/a	n/a	n/a	n/a	n/a	n/a	n/a	n/a	n/a
3	n/a	n/a	n/a	n/a	n/a	choice_display	n/a	n/a	1912.8612861000001	0.0	trigger	3	n/a	n/a	n/a	n/a	n/a	n/a	n/a	n/a	n/a
3	learn	1.0	A	6	9	correct_moving	n/a	n/a	1917.8590798000223	0.9864271999686025	feedback	52	1917.8591731000342	9.330001194030046e-05	n/a	n/a	n/a	n/a	n/a	n/a	n/a
3	n/a	n/a	n/a	n/a	n/a	feedback	n/a	n/a	1917.8591731000342	0.0	trigger	52	n/a	n/a	n/a	n/a	n/a	n/a	n/a	n/a	n/a
3	learn	1.0	A	6	10	current_image	bread/bread_29.jpg	bread/bread_29.jpg	1919.6163305999944	4.780663600016851	image	n/a	n/a	n/a	n/a	n/a	n/a	n/a	n/a	n/a	n/a
3	learn	1.0	A	6	10	corr_next_image	house/house_35.jpg	house/house_35.jpg	1919.6163305999944	4.7806721000233665	image	9	1919.6164120000321	8.140003774315119e-05	n/a	n/a	n/a	n/a	n/a	n/a	n/a
3	learn	1.0	A	6	10	distractor 01 (close)	pencil/pencil_01.jpg	pencil/pencil_01.jpg	1919.6163305999944	4.780677600007039	image	n/a	n/a	n/a	n/a	n/a	n/a	n/a	n/a	n/a	n/a
3	learn	1.0	A	6	10	distractor 02 (far)	key/key_01.jpg	key/key_01.jpg	1919.6163305999944	4.780682600045111	image	n/a	n/a	n/a	n/a	n/a	n/a	n/a	n/a	n/a	n/a
3	n/a	n/a	n/a	n/a	n/a	choice_display	n/a	n/a	1919.6164120000321	0.0	trigger	9	n/a	n/a	n/a	n/a	n/a	n/a	n/a	n/a	n/a
3	learn	1.0	A	6	10	correct_moving	n/a	n/a	1924.6192418000428	0.9909620999824256	feedback	52	1924.619371900044	0.00013010000111535192	n/a	n/a	n/a	n/a	n/a	n/a	n/a
3	n/a	n/a	n/a	n/a	n/a	feedback	n/a	n/a	1924.619371900044	0.0	trigger	52	n/a	n/a	n/a	n/a	n/a	n/a	n/a	n/a	n/a
3	learn	1.0	A	6	11	current_image	house/house_35.jpg	house/house_35.jpg	1926.4025059000123	4.759291200025473	image	n/a	n/a	n/a	n/a	n/a	n/a	n/a	n/a	n/a	n/a
3	learn	1.0	A	6	11	corr_next_image	hammer/hammer_16.jpg	hammer/hammer_16.jpg	1926.4025059000123	4.759302699996624	image	7	1926.402576500026	7.06000137142837e-05	n/a	n/a	n/a	n/a	n/a	n/a	n/a
3	learn	1.0	A	6	11	distractor 01 (close)	lamp/lamp_01.jpg	lamp/lamp_01.jpg	1926.4025059000123	4.759310199995525	image	n/a	n/a	n/a	n/a	n/a	n/a	n/a	n/a	n/a	n/a
3	learn	1.0	A	6	11	distractor 02 (far)	ball/ball_11.jpg	ball/ball_11.jpg	1926.4025059000123	4.759317499992903	image	n/a	n/a	n/a	n/a	n/a	n/a	n/a	n/a	n/a	n/a
3	n/a	n/a	n/a	n/a	n/a	choice_display	n/a	n/a	1926.402576500026	0.0	trigger	7	n/a	n/a	n/a	n/a	n/a	n/a	n/a	n/a	n/a
3	learn	1.0	A	6	11	correct_moving	n/a	n/a	1931.446697300009	0.9942513999994844	feedback	52	1931.4468136000214	0.00011630001245066524	n/a	n/a	n/a	n/a	n/a	n/a	n/a
3	n/a	n/a	n/a	n/a	n/a	feedback	n/a	n/a	1931.4468136000214	0.0	trigger	52	n/a	n/a	n/a	n/a	n/a	n/a	n/a	n/a	n/a
3	learn	1.0	A	6	12	current_image	hammer/hammer_16.jpg	hammer/hammer_16.jpg	1933.141053600004	4.835913999995682	image	n/a	n/a	n/a	n/a	n/a	n/a	n/a	n/a	n/a	n/a
3	learn	1.0	A	6	12	corr_next_image	pencil/pencil_01.jpg	pencil/pencil_01.jpg	1933.141053600004	4.83592540002428	image	16	1933.1411597999977	0.00010619999375194311	n/a	n/a	n/a	n/a	n/a	n/a	n/a
3	learn	1.0	A	6	12	distractor 01 (close)	hand/hand_16.jpg	hand/hand_16.jpg	1933.141053600004	4.835932300018612	image	n/a	n/a	n/a	n/a	n/a	n/a	n/a	n/a	n/a	n/a
3	learn	1.0	A	6	12	distractor 02 (far)	dog/dog_49.jpg	dog/dog_49.jpg	1933.141053600004	4.835939100012183	image	n/a	n/a	n/a	n/a	n/a	n/a	n/a	n/a	n/a	n/a
3	n/a	n/a	n/a	n/a	n/a	choice_display	n/a	n/a	1933.1411597999977	0.0	trigger	16	n/a	n/a	n/a	n/a	n/a	n/a	n/a	n/a	n/a
3	learn	1.0	A	6	12	correct_moving	n/a	n/a	1938.160878500028	0.9786978999618441	feedback	52	1938.1610183000448	0.0001398000167682767	n/a	n/a	n/a	n/a	n/a	n/a	n/a
3	n/a	n/a	n/a	n/a	n/a	feedback	n/a	n/a	1938.1610183000448	0.0	trigger	52	n/a	n/a	n/a	n/a	n/a	n/a	n/a	n/a	n/a
3	learn	1.0	A	6	13	current_image	pencil/pencil_01.jpg	pencil/pencil_01.jpg	1939.950604200014	4.723532399977557	image	n/a	n/a	n/a	n/a	n/a	n/a	n/a	n/a	n/a	n/a
3	learn	1.0	A	6	13	corr_next_image	phone/phone_01.jpg	phone/phone_01.jpg	1939.950604200014	4.723540499981027	image	17	1939.9507156999898	0.00011149997590109706	n/a	n/a	n/a	n/a	n/a	n/a	n/a
3	learn	1.0	A	6	13	distractor 01 (close)	ball/ball_11.jpg	ball/ball_11.jpg	1939.950604200014	4.7235457000206225	image	n/a	n/a	n/a	n/a	n/a	n/a	n/a	n/a	n/a	n/a
3	learn	1.0	A	6	13	distractor 02 (far)	lamp/lamp_01.jpg	lamp/lamp_01.jpg	1939.950604200014	4.723550499998964	image	n/a	n/a	n/a	n/a	n/a	n/a	n/a	n/a	n/a	n/a
3	n/a	n/a	n/a	n/a	n/a	choice_display	n/a	n/a	1939.9507156999898	0.0	trigger	17	n/a	n/a	n/a	n/a	n/a	n/a	n/a	n/a	n/a
3	learn	1.0	A	6	13	correct_moving	n/a	n/a	1944.9648194000474	0.9883633999852464	feedback	52	1944.9649503999972	0.00013099994976073503	n/a	n/a	n/a	n/a	n/a	n/a	n/a
3	n/a	n/a	n/a	n/a	n/a	feedback	n/a	n/a	1944.9649503999972	0.0	trigger	52	n/a	n/a	n/a	n/a	n/a	n/a	n/a	n/a	n/a
3	learn	1.0	A	6	13	fix_cross_replay_break	n/a	n/a	1946.4836310000392	5.015163366628485	replay_break	53	1946.4836744000204	4.339998122304678e-05	n/a	n/a	n/a	n/a	n/a	n/a	n/a
3	n/a	n/a	n/a	n/a	n/a	replay_break	n/a	n/a	1946.4836744000204	0.0	trigger	53	n/a	n/a	n/a	n/a	n/a	n/a	n/a	n/a	n/a
3	n/a	n/a	n/a	n/a	n/a	replay_break_end	n/a	n/a	1951.484785800043	0.0	trigger	54	n/a	n/a	n/a	n/a	n/a	n/a	n/a	n/a	n/a
3	retr_1	block1	A	n/a	0	retrieval_ITIcross	n/a	n/a	1952.6319543000427	0.44959426665832325	fixcross	n/a	n/a	n/a	n/a	n/a	n/a	n/a	n/a	n/a	4
3	retr_1	block1	A	n/a	0	image_1_retr	jacket/jacket_44.jpg	jacket/jacket_44.jpg	1953.1560248000314	1.0090689666724302	image	10	1953.156079700042	5.490001058205962e-05	n/a	n/a	n/a	n/a	n/a	n/a	n/a
3	n/a	n/a	n/a	n/a	n/a	image_1_retr	n/a	n/a	1953.156079700042	0.0	trigger	10	n/a	n/a	n/a	n/a	n/a	n/a	n/a	n/a	n/a
3	retr_1	block1	A	n/a	0	image_2_retr	house/house_35.jpg	house/house_35.jpg	1954.4671556000249	1.0133455666402824	image	9	1954.467198600003	4.299997817724943e-05	n/a	n/a	n/a	n/a	n/a	n/a	n/a
3	n/a	n/a	n/a	n/a	n/a	image_2_retr	n/a	n/a	1954.467198600003	0.0	trigger	9	n/a	n/a	n/a	n/a	n/a	n/a	n/a	n/a	n/a
3	n/a	n/a	n/a	n/a	n/a	reflection_start	n/a	n/a	1955.730407199997	0.0	trigger	31	n/a	n/a	n/a	n/a	n/a	n/a	n/a	n/a	n/a
3	n/a	n/a	n/a	n/a	n/a	reflection_end	n/a	n/a	1957.6676386000472	0.0	trigger	32	n/a	n/a	n/a	n/a	n/a	n/a	n/a	n/a	n/a
3	n/a	n/a	n/a	n/a	n/a	order_options	n/a	n/a	1957.7134387000115	0.0	trigger	59	n/a	n/a	n/a	n/a	n/a	n/a	n/a	n/a	n/a
3	n/a	n/a	n/a	n/a	n/a	distance_options	n/a	n/a	1961.2458434000146	0.0	trigger	58	n/a	n/a	n/a	n/a	n/a	n/a	n/a	n/a	n/a
3	retr_distance	block1	A	n/a	0	n/a	n/a	n/a	1964.6983690999914	0.0	choice	n/a	n/a	n/a	[]	n/a	m	n/a	4	False	4
3	retr_1	block1	A	n/a	1	retrieval_ITIcross	n/a	n/a	1965.2107165000052	0.4678031666592233	fixcross	n/a	n/a	n/a	n/a	n/a	n/a	n/a	n/a	n/a	5
3	retr_1	block1	A	n/a	1	image_1_retr	hand/hand_16.jpg	hand/hand_16.jpg	1965.7160822000005	1.011040166664543	image	8	1965.7161261000438	4.390004323795438e-05	n/a	n/a	n/a	n/a	n/a	n/a	n/a
3	n/a	n/a	n/a	n/a	n/a	image_1_retr	n/a	n/a	1965.7161261000438	0.0	trigger	8	n/a	n/a	n/a	n/a	n/a	n/a	n/a	n/a	n/a
3	retr_1	block1	A	n/a	1	image_2_retr	bicycle/bicycle_06.jpg	bicycle/bicycle_06.jpg	1966.9963284000405	1.0149822666464843	image	2	1966.996377500007	4.9099966417998075e-05	n/a	n/a	n/a	n/a	n/a	n/a	n/a
3	n/a	n/a	n/a	n/a	n/a	image_2_retr	n/a	n/a	1966.996377500007	0.0	trigger	2	n/a	n/a	n/a	n/a	n/a	n/a	n/a	n/a	n/a
3	n/a	n/a	n/a	n/a	n/a	reflection_start	n/a	n/a	1968.2764244000427	0.0	trigger	31	n/a	n/a	n/a	n/a	n/a	n/a	n/a	n/a	n/a
3	n/a	n/a	n/a	n/a	n/a	reflection_end	n/a	n/a	1970.4798288000165	0.0	trigger	32	n/a	n/a	n/a	n/a	n/a	n/a	n/a	n/a	n/a
3	n/a	n/a	n/a	n/a	n/a	order_options	n/a	n/a	1970.526444600022	0.0	trigger	59	n/a	n/a	n/a	n/a	n/a	n/a	n/a	n/a	n/a
3	n/a	n/a	n/a	n/a	n/a	distance_options	n/a	n/a	1974.0253729000106	0.0	trigger	58	n/a	n/a	n/a	n/a	n/a	n/a	n/a	n/a	n/a
3	retr_distance	block1	A	n/a	1	n/a	n/a	n/a	1977.510837400041	0.0	choice	n/a	n/a	n/a	[]	n/a	m	n/a	5	False	5
3	retr_1	block1	A	n/a	2	retrieval_ITIcross	n/a	n/a	1978.0243173000054	0.633196666665981	fixcross	n/a	n/a	n/a	n/a	n/a	n/a	n/a	n/a	n/a	3
3	retr_1	block1	A	n/a	2	image_1_retr	flower/flower_17.jpg	flower/flower_17.jpg	1978.6925096000195	1.0147932666625366	image	6	1978.6925698000123	6.019999273121357e-05	n/a	n/a	n/a	n/a	n/a	n/a	n/a
3	n/a	n/a	n/a	n/a	n/a	image_1_retr	n/a	n/a	1978.6925698000123	0.0	trigger	6	n/a	n/a	n/a	n/a	n/a	n/a	n/a	n/a	n/a
3	retr_1	block1	A	n/a	2	image_2_retr	chair/chair_11.jpg	chair/chair_11.jpg	1979.9761225000257	1.013591666651564	image	4	1979.9761827000184	6.019999273121357e-05	n/a	n/a	n/a	n/a	n/a	n/a	n/a
3	n/a	n/a	n/a	n/a	n/a	image_2_retr	n/a	n/a	1979.9761827000184	0.0	trigger	4	n/a	n/a	n/a	n/a	n/a	n/a	n/a	n/a	n/a
3	n/a	n/a	n/a	n/a	n/a	reflection_start	n/a	n/a	1981.2395839000237	0.0	trigger	31	n/a	n/a	n/a	n/a	n/a	n/a	n/a	n/a	n/a
3	n/a	n/a	n/a	n/a	n/a	reflection_end	n/a	n/a	1983.4074895000085	0.0	trigger	32	n/a	n/a	n/a	n/a	n/a	n/a	n/a	n/a	n/a
3	n/a	n/a	n/a	n/a	n/a	order_options	n/a	n/a	1983.4550129999989	0.0	trigger	59	n/a	n/a	n/a	n/a	n/a	n/a	n/a	n/a	n/a
3	n/a	n/a	n/a	n/a	n/a	distance_options	n/a	n/a	1986.9708482000278	0.0	trigger	58	n/a	n/a	n/a	n/a	n/a	n/a	n/a	n/a	n/a
3	retr_distance	block1	A	n/a	2	n/a	n/a	n/a	1990.4420122000156	0.0	choice	n/a	n/a	n/a	[]	n/a	m	n/a	3	False	3
3	retr_1	block1	A	n/a	3	retrieval_ITIcross	n/a	n/a	1990.953333100013	0.632399566650065	fixcross	n/a	n/a	n/a	n/a	n/a	n/a	n/a	n/a	n/a	2
3	retr_1	block1	A	n/a	3	image_1_retr	hammer/hammer_16.jpg	hammer/hammer_16.jpg	1991.605573900044	1.0132182666604876	image	7	1991.6056428000447	6.890000076964498e-05	n/a	n/a	n/a	n/a	n/a	n/a	n/a
3	n/a	n/a	n/a	n/a	n/a	image_1_retr	n/a	n/a	1991.6056428000447	0.0	trigger	7	n/a	n/a	n/a	n/a	n/a	n/a	n/a	n/a	n/a
3	retr_1	block1	A	n/a	3	image_2_retr	bread/bread_29.jpg	bread/bread_29.jpg	1992.9055816000327	1.0128933666312605	image	3	1992.905639900011	5.8299978263676167e-05	n/a	n/a	n/a	n/a	n/a	n/a	n/a
3	n/a	n/a	n/a	n/a	n/a	image_2_retr	n/a	n/a	1992.905639900011	0.0	trigger	3	n/a	n/a	n/a	n/a	n/a	n/a	n/a	n/a	n/a
3	n/a	n/a	n/a	n/a	n/a	reflection_start	n/a	n/a	1994.1686155000352	0.0	trigger	31	n/a	n/a	n/a	n/a	n/a	n/a	n/a	n/a	n/a
3	n/a	n/a	n/a	n/a	n/a	reflection_end	n/a	n/a	1996.0872156000114	0.0	trigger	32	n/a	n/a	n/a	n/a	n/a	n/a	n/a	n/a	n/a
3	n/a	n/a	n/a	n/a	n/a	order_options	n/a	n/a	1996.134556200006	0.0	trigger	59	n/a	n/a	n/a	n/a	n/a	n/a	n/a	n/a	n/a
3	n/a	n/a	n/a	n/a	n/a	distance_options	n/a	n/a	1999.6505253000068	0.0	trigger	58	n/a	n/a	n/a	n/a	n/a	n/a	n/a	n/a	n/a
3	retr_distance	block1	A	n/a	3	n/a	n/a	n/a	2003.1232344000018	0.0	choice	n/a	n/a	n/a	[]	n/a	m	n/a	2	False	2
3	retr_1	block1	A	n/a	4	retrieval_ITIcross	n/a	n/a	2003.6485839000088	0.6337807666898243	fixcross	n/a	n/a	n/a	n/a	n/a	n/a	n/a	n/a	n/a	4
3	retr_1	block1	A	n/a	4	image_1_retr	bicycle/bicycle_06.jpg	bicycle/bicycle_06.jpg	2004.3018171000294	1.0131177666519307	image	2	2004.3018734999932	5.6399963796138763e-05	n/a	n/a	n/a	n/a	n/a	n/a	n/a
3	n/a	n/a	n/a	n/a	n/a	image_1_retr	n/a	n/a	2004.3018734999932	0.0	trigger	2	n/a	n/a	n/a	n/a	n/a	n/a	n/a	n/a	n/a
3	retr_1	block1	A	n/a	4	image_2_retr	ball/ball_11.jpg	ball/ball_11.jpg	2005.6690289000398	1.0129496666525029	image	1	2005.6690869000158	5.7999975979328156e-05	n/a	n/a	n/a	n/a	n/a	n/a	n/a
3	n/a	n/a	n/a	n/a	n/a	image_2_retr	n/a	n/a	2005.6690869000158	0.0	trigger	1	n/a	n/a	n/a	n/a	n/a	n/a	n/a	n/a	n/a
3	n/a	n/a	n/a	n/a	n/a	reflection_start	n/a	n/a	2006.947756700043	0.0	trigger	31	n/a	n/a	n/a	n/a	n/a	n/a	n/a	n/a	n/a
3	n/a	n/a	n/a	n/a	n/a	reflection_end	n/a	n/a	2008.8173603000469	0.0	trigger	32	n/a	n/a	n/a	n/a	n/a	n/a	n/a	n/a	n/a
3	n/a	n/a	n/a	n/a	n/a	order_options	n/a	n/a	2008.8643957000459	0.0	trigger	59	n/a	n/a	n/a	n/a	n/a	n/a	n/a	n/a	n/a
3	n/a	n/a	n/a	n/a	n/a	distance_options	n/a	n/a	2012.362855000014	0.0	trigger	58	n/a	n/a	n/a	n/a	n/a	n/a	n/a	n/a	n/a
3	retr_distance	block1	A	n/a	4	n/a	n/a	n/a	2015.8340541000362	0.0	choice	n/a	n/a	n/a	[]	n/a	m	n/a	4	False	4
3	retr_1	block1	A	n/a	5	retrieval_ITIcross	n/a	n/a	2016.3452853999916	0.34923366667158007	fixcross	n/a	n/a	n/a	n/a	n/a	n/a	n/a	n/a	n/a	2
3	retr_1	block1	A	n/a	5	image_1_retr	hand/hand_16.jpg	hand/hand_16.jpg	2016.7304957000306	1.0136849666635044	image	8	2016.730534500035	3.880000440403819e-05	n/a	n/a	n/a	n/a	n/a	n/a	n/a
3	n/a	n/a	n/a	n/a	n/a	image_1_retr	n/a	n/a	2016.730534500035	0.0	trigger	8	n/a	n/a	n/a	n/a	n/a	n/a	n/a	n/a	n/a
3	retr_1	block1	A	n/a	5	image_2_retr	dog/dog_49.jpg	dog/dog_49.jpg	2018.0520841000252	1.0089775666749574	image	5	2018.0521519000176	6.779999239370227e-05	n/a	n/a	n/a	n/a	n/a	n/a	n/a
3	n/a	n/a	n/a	n/a	n/a	image_2_retr	n/a	n/a	2018.0521519000176	0.0	trigger	5	n/a	n/a	n/a	n/a	n/a	n/a	n/a	n/a	n/a
3	n/a	n/a	n/a	n/a	n/a	reflection_start	n/a	n/a	2019.3116354999947	0.0	trigger	31	n/a	n/a	n/a	n/a	n/a	n/a	n/a	n/a	n/a
3	n/a	n/a	n/a	n/a	n/a	reflection_end	n/a	n/a	2021.1466236000415	0.0	trigger	32	n/a	n/a	n/a	n/a	n/a	n/a	n/a	n/a	n/a
3	n/a	n/a	n/a	n/a	n/a	order_options	n/a	n/a	2021.1932226000354	0.0	trigger	59	n/a	n/a	n/a	n/a	n/a	n/a	n/a	n/a	n/a
3	n/a	n/a	n/a	n/a	n/a	distance_options	n/a	n/a	2024.6926940000267	0.0	trigger	58	n/a	n/a	n/a	n/a	n/a	n/a	n/a	n/a	n/a
3	retr_distance	block1	A	n/a	5	n/a	n/a	n/a	2028.1788289000397	0.0	choice	n/a	n/a	n/a	[]	n/a	m	n/a	2	False	2
3	retr_1	block1	A	n/a	6	retrieval_ITIcross	n/a	n/a	2028.7075862000347	0.3666132666442081	fixcross	n/a	n/a	n/a	n/a	n/a	n/a	n/a	n/a	n/a	5
3	retr_1	block1	A	n/a	6	image_1_retr	house/house_35.jpg	house/house_35.jpg	2029.109903900011	1.014990366649954	image	9	2029.109959500027	5.560001591220498e-05	n/a	n/a	n/a	n/a	n/a	n/a	n/a
3	n/a	n/a	n/a	n/a	n/a	image_1_retr	n/a	n/a	2029.109959500027	0.0	trigger	9	n/a	n/a	n/a	n/a	n/a	n/a	n/a	n/a	n/a
3	retr_1	block1	A	n/a	6	image_2_retr	flower/flower_17.jpg	flower/flower_17.jpg	2030.4293242000276	1.0108718666635923	image	6	2030.4293821000028	5.789997521787882e-05	n/a	n/a	n/a	n/a	n/a	n/a	n/a
3	n/a	n/a	n/a	n/a	n/a	image_2_retr	n/a	n/a	2030.4293821000028	0.0	trigger	6	n/a	n/a	n/a	n/a	n/a	n/a	n/a	n/a	n/a
3	n/a	n/a	n/a	n/a	n/a	reflection_start	n/a	n/a	2031.689851800038	0.0	trigger	31	n/a	n/a	n/a	n/a	n/a	n/a	n/a	n/a	n/a
3	n/a	n/a	n/a	n/a	n/a	reflection_end	n/a	n/a	2033.5417128000408	0.0	trigger	32	n/a	n/a	n/a	n/a	n/a	n/a	n/a	n/a	n/a
3	n/a	n/a	n/a	n/a	n/a	order_options	n/a	n/a	2033.5892367000342	0.0	trigger	59	n/a	n/a	n/a	n/a	n/a	n/a	n/a	n/a	n/a
3	n/a	n/a	n/a	n/a	n/a	distance_options	n/a	n/a	2037.104778100038	0.0	trigger	58	n/a	n/a	n/a	n/a	n/a	n/a	n/a	n/a	n/a
3	retr_distance	block1	A	n/a	6	n/a	n/a	n/a	2040.5906439000391	0.0	choice	n/a	n/a	n/a	[]	n/a	m	n/a	5	False	5
3	retr_1	block1	A	n/a	7	retrieval_ITIcross	n/a	n/a	2041.1036284000147	0.7509424666679934	fixcross	n/a	n/a	n/a	n/a	n/a	n/a	n/a	n/a	n/a	3
3	retr_1	block1	A	n/a	7	image_1_retr	hammer/hammer_16.jpg	hammer/hammer_16.jpg	2041.873090900015	1.0132268666677646	image	7	2041.8731498999987	5.8999983593821526e-05	n/a	n/a	n/a	n/a	n/a	n/a	n/a
3	n/a	n/a	n/a	n/a	n/a	image_1_retr	n/a	n/a	2041.8731498999987	0.0	trigger	7	n/a	n/a	n/a	n/a	n/a	n/a	n/a	n/a	n/a
3	retr_1	block1	A	n/a	7	image_2_retr	chair/chair_11.jpg	chair/chair_11.jpg	2043.1560202999972	1.0143192666621417	image	4	2043.156085900031	6.560003384947777e-05	n/a	n/a	n/a	n/a	n/a	n/a	n/a
3	n/a	n/a	n/a	n/a	n/a	image_2_retr	n/a	n/a	2043.156085900031	0.0	trigger	4	n/a	n/a	n/a	n/a	n/a	n/a	n/a	n/a	n/a
3	n/a	n/a	n/a	n/a	n/a	reflection_start	n/a	n/a	2044.4201470999978	0.0	trigger	31	n/a	n/a	n/a	n/a	n/a	n/a	n/a	n/a	n/a
3	n/a	n/a	n/a	n/a	n/a	reflection_end	n/a	n/a	2046.3400933000376	0.0	trigger	32	n/a	n/a	n/a	n/a	n/a	n/a	n/a	n/a	n/a
3	n/a	n/a	n/a	n/a	n/a	order_options	n/a	n/a	2046.3853130000061	0.0	trigger	59	n/a	n/a	n/a	n/a	n/a	n/a	n/a	n/a	n/a
3	n/a	n/a	n/a	n/a	n/a	distance_options	n/a	n/a	2049.9010796000366	0.0	trigger	58	n/a	n/a	n/a	n/a	n/a	n/a	n/a	n/a	n/a
3	retr_distance	block1	A	n/a	7	n/a	n/a	n/a	2053.373618500016	0.0	choice	n/a	n/a	n/a	[]	n/a	m	n/a	3	False	3
3	retr_1	block1	A	n/a	8	retrieval_ITIcross	n/a	n/a	2053.899511500029	0.5838483666343564	fixcross	n/a	n/a	n/a	n/a	n/a	n/a	n/a	n/a	n/a	5
3	retr_1	block1	A	n/a	8	image_1_retr	bread/bread_29.jpg	bread/bread_29.jpg	2054.519027900009	1.0134945666691237	image	3	2054.5190742000123	4.630000330507755e-05	n/a	n/a	n/a	n/a	n/a	n/a	n/a
3	n/a	n/a	n/a	n/a	n/a	image_1_retr	n/a	n/a	2054.5190742000123	0.0	trigger	3	n/a	n/a	n/a	n/a	n/a	n/a	n/a	n/a	n/a
3	retr_1	block1	A	n/a	8	image_2_retr	dog/dog_49.jpg	dog/dog_49.jpg	2055.859135100036	1.0061464666546271	image	5	2055.8591833999963	4.829996032640338e-05	n/a	n/a	n/a	n/a	n/a	n/a	n/a
3	n/a	n/a	n/a	n/a	n/a	image_2_retr	n/a	n/a	2055.8591833999963	0.0	trigger	5	n/a	n/a	n/a	n/a	n/a	n/a	n/a	n/a	n/a
3	n/a	n/a	n/a	n/a	n/a	reflection_start	n/a	n/a	2057.115171900019	0.0	trigger	31	n/a	n/a	n/a	n/a	n/a	n/a	n/a	n/a	n/a
3	n/a	n/a	n/a	n/a	n/a	reflection_end	n/a	n/a	2059.2865369000356	0.0	trigger	32	n/a	n/a	n/a	n/a	n/a	n/a	n/a	n/a	n/a
3	n/a	n/a	n/a	n/a	n/a	order_options	n/a	n/a	2059.33219440002	0.0	trigger	59	n/a	n/a	n/a	n/a	n/a	n/a	n/a	n/a	n/a
3	n/a	n/a	n/a	n/a	n/a	distance_options	n/a	n/a	2062.8465470999945	0.0	trigger	58	n/a	n/a	n/a	n/a	n/a	n/a	n/a	n/a	n/a
3	retr_distance	block1	A	n/a	8	n/a	n/a	n/a	2066.3180833000224	0.0	choice	n/a	n/a	n/a	[]	n/a	m	n/a	5	False	5
3	retr_1	block1	A	n/a	9	retrieval_ITIcross	n/a	n/a	2066.8286554000224	0.43392536667352033	fixcross	n/a	n/a	n/a	n/a	n/a	n/a	n/a	n/a	n/a	4
3	retr_1	block1	A	n/a	9	image_1_retr	bicycle/bicycle_06.jpg	bicycle/bicycle_06.jpg	2067.281865600031	1.013246666644136	image	2	2067.281918200024	5.259999306872487e-05	n/a	n/a	n/a	n/a	n/a	n/a	n/a
3	n/a	n/a	n/a	n/a	n/a	image_1_retr	n/a	n/a	2067.281918200024	0.0	trigger	2	n/a	n/a	n/a	n/a	n/a	n/a	n/a	n/a	n/a
3	retr_1	block1	A	n/a	9	image_2_retr	hammer/hammer_16.jpg	hammer/hammer_16.jpg	2068.56903459999	1.0098642666748674	image	7	2068.569080300047	4.5700056944042444e-05	n/a	n/a	n/a	n/a	n/a	n/a	n/a
3	n/a	n/a	n/a	n/a	n/a	image_2_retr	n/a	n/a	2068.569080300047	0.0	trigger	7	n/a	n/a	n/a	n/a	n/a	n/a	n/a	n/a	n/a
3	n/a	n/a	n/a	n/a	n/a	reflection_start	n/a	n/a	2069.8444709000178	0.0	trigger	31	n/a	n/a	n/a	n/a	n/a	n/a	n/a	n/a	n/a
3	n/a	n/a	n/a	n/a	n/a	reflection_end	n/a	n/a	2071.6130375000066	0.0	trigger	32	n/a	n/a	n/a	n/a	n/a	n/a	n/a	n/a	n/a
3	n/a	n/a	n/a	n/a	n/a	order_options	n/a	n/a	2071.6608907000045	0.0	trigger	59	n/a	n/a	n/a	n/a	n/a	n/a	n/a	n/a	n/a
3	n/a	n/a	n/a	n/a	n/a	distance_options	n/a	n/a	2075.1595855000196	0.0	trigger	58	n/a	n/a	n/a	n/a	n/a	n/a	n/a	n/a	n/a
3	retr_distance	block1	A	n/a	9	n/a	n/a	n/a	2078.6481492000166	0.0	choice	n/a	n/a	n/a	[]	n/a	m	n/a	4	False	4
3	retr_1	block1	A	n/a	10	retrieval_ITIcross	n/a	n/a	2079.1586035999935	0.4332777666900256	fixcross	n/a	n/a	n/a	n/a	n/a	n/a	n/a	n/a	n/a	2
3	retr_1	block1	A	n/a	10	image_1_retr	house/house_35.jpg	house/house_35.jpg	2079.6273289000383	1.0140545666258731	image	9	2079.6273757000454	4.680000711232424e-05	n/a	n/a	n/a	n/a	n/a	n/a	n/a
3	n/a	n/a	n/a	n/a	n/a	image_1_retr	n/a	n/a	2079.6273757000454	0.0	trigger	9	n/a	n/a	n/a	n/a	n/a	n/a	n/a	n/a	n/a
3	retr_1	block1	A	n/a	10	image_2_retr	chair/chair_11.jpg	chair/chair_11.jpg	2080.912063900032	1.0124416666262732	image	4	2080.912136500003	7.259997073560953e-05	n/a	n/a	n/a	n/a	n/a	n/a	n/a
3	n/a	n/a	n/a	n/a	n/a	image_2_retr	n/a	n/a	2080.912136500003	0.0	trigger	4	n/a	n/a	n/a	n/a	n/a	n/a	n/a	n/a	n/a
3	n/a	n/a	n/a	n/a	n/a	reflection_start	n/a	n/a	2082.175365800038	0.0	trigger	31	n/a	n/a	n/a	n/a	n/a	n/a	n/a	n/a	n/a
3	n/a	n/a	n/a	n/a	n/a	reflection_end	n/a	n/a	2084.0929460999905	0.0	trigger	32	n/a	n/a	n/a	n/a	n/a	n/a	n/a	n/a	n/a
3	n/a	n/a	n/a	n/a	n/a	order_options	n/a	n/a	2084.1402378000203	0.0	trigger	59	n/a	n/a	n/a	n/a	n/a	n/a	n/a	n/a	n/a
3	n/a	n/a	n/a	n/a	n/a	distance_options	n/a	n/a	2087.6559846000164	0.0	trigger	58	n/a	n/a	n/a	n/a	n/a	n/a	n/a	n/a	n/a
3	retr_distance	block1	A	n/a	10	n/a	n/a	n/a	2091.142261300003	0.0	choice	n/a	n/a	n/a	[]	n/a	m	n/a	2	False	2
3	retr_1	block1	A	n/a	11	retrieval_ITIcross	n/a	n/a	2091.654728399997	0.4999363666906902	fixcross	n/a	n/a	n/a	n/a	n/a	n/a	n/a	n/a	n/a	3
3	retr_1	block1	A	n/a	11	image_1_retr	jacket/jacket_44.jpg	jacket/jacket_44.jpg	2092.228882400028	1.0082097666495429	image	10	2092.2289372000378	5.4800009820610285e-05	n/a	n/a	n/a	n/a	n/a	n/a	n/a
3	n/a	n/a	n/a	n/a	n/a	image_1_retr	n/a	n/a	2092.2289372000378	0.0	trigger	10	n/a	n/a	n/a	n/a	n/a	n/a	n/a	n/a	n/a
3	retr_1	block1	A	n/a	11	image_2_retr	ball/ball_11.jpg	ball/ball_11.jpg	2093.6183554000454	1.0021370666258917	image	1	2093.6184440000216	8.859997615218163e-05	n/a	n/a	n/a	n/a	n/a	n/a	n/a
3	n/a	n/a	n/a	n/a	n/a	image_2_retr	n/a	n/a	2093.6184440000216	0.0	trigger	1	n/a	n/a	n/a	n/a	n/a	n/a	n/a	n/a	n/a
3	n/a	n/a	n/a	n/a	n/a	reflection_start	n/a	n/a	2094.871136700036	0.0	trigger	31	n/a	n/a	n/a	n/a	n/a	n/a	n/a	n/a	n/a
3	n/a	n/a	n/a	n/a	n/a	reflection_end	n/a	n/a	2097.0381236000103	0.0	trigger	32	n/a	n/a	n/a	n/a	n/a	n/a	n/a	n/a	n/a
3	n/a	n/a	n/a	n/a	n/a	order_options	n/a	n/a	2097.0859713000245	0.0	trigger	59	n/a	n/a	n/a	n/a	n/a	n/a	n/a	n/a	n/a
3	n/a	n/a	n/a	n/a	n/a	distance_options	n/a	n/a	2100.585369300039	0.0	trigger	58	n/a	n/a	n/a	n/a	n/a	n/a	n/a	n/a	n/a
3	retr_distance	block1	A	n/a	11	n/a	n/a	n/a	2104.055613900011	0.0	choice	n/a	n/a	n/a	[]	n/a	m	n/a	3	False	3
3	retr_1	block1	A	n/a	12	retrieval_ITIcross	n/a	n/a	2104.5679195999983	0.43265396671313283	fixcross	n/a	n/a	n/a	n/a	n/a	n/a	n/a	n/a	n/a	4
3	retr_1	block1	A	n/a	12	image_1_retr	bread/bread_29.jpg	bread/bread_29.jpg	2105.0407823999994	1.009597966684396	image	3	2105.0408284000005	4.600000102072954e-05	n/a	n/a	n/a	n/a	n/a	n/a	n/a
3	n/a	n/a	n/a	n/a	n/a	image_1_retr	n/a	n/a	2105.0408284000005	0.0	trigger	3	n/a	n/a	n/a	n/a	n/a	n/a	n/a	n/a	n/a
3	retr_1	block1	A	n/a	12	image_2_retr	flower/flower_17.jpg	flower/flower_17.jpg	2106.33726260002	1.0127127666532942	image	6	2106.3373079000157	4.529999569058418e-05	n/a	n/a	n/a	n/a	n/a	n/a	n/a
3	n/a	n/a	n/a	n/a	n/a	image_2_retr	n/a	n/a	2106.3373079000157	0.0	trigger	6	n/a	n/a	n/a	n/a	n/a	n/a	n/a	n/a	n/a
3	n/a	n/a	n/a	n/a	n/a	reflection_start	n/a	n/a	2107.598924299993	0.0	trigger	31	n/a	n/a	n/a	n/a	n/a	n/a	n/a	n/a	n/a
3	n/a	n/a	n/a	n/a	n/a	reflection_end	n/a	n/a	2109.5838160000276	0.0	trigger	32	n/a	n/a	n/a	n/a	n/a	n/a	n/a	n/a	n/a
3	n/a	n/a	n/a	n/a	n/a	order_options	n/a	n/a	2109.632084300043	0.0	trigger	59	n/a	n/a	n/a	n/a	n/a	n/a	n/a	n/a	n/a
3	n/a	n/a	n/a	n/a	n/a	distance_options	n/a	n/a	2113.1480382000445	0.0	trigger	58	n/a	n/a	n/a	n/a	n/a	n/a	n/a	n/a	n/a
3	retr_distance	block1	A	n/a	12	n/a	n/a	n/a	2116.616932200035	0.0	choice	n/a	n/a	n/a	[]	n/a	m	n/a	4	False	4
3	retr_1	block1	A	n/a	13	retrieval_ITIcross	n/a	n/a	2117.130471600045	0.7155801666126536	fixcross	n/a	n/a	n/a	n/a	n/a	n/a	n/a	n/a	n/a	2
3	retr_1	block1	A	n/a	13	image_1_retr	dog/dog_49.jpg	dog/dog_49.jpg	2117.90539780003	1.0076905666542189	image	5	2117.905446299992	4.8499961849302053e-05	n/a	n/a	n/a	n/a	n/a	n/a	n/a
3	n/a	n/a	n/a	n/a	n/a	image_1_retr	n/a	n/a	2117.905446299992	0.0	trigger	5	n/a	n/a	n/a	n/a	n/a	n/a	n/a	n/a	n/a
3	retr_1	block1	A	n/a	13	image_2_retr	jacket/jacket_44.jpg	jacket/jacket_44.jpg	2119.2205154999974	1.0080384666839564	image	10	2119.2205786000122	6.310001481324434e-05	n/a	n/a	n/a	n/a	n/a	n/a	n/a
3	n/a	n/a	n/a	n/a	n/a	image_2_retr	n/a	n/a	2119.2205786000122	0.0	trigger	10	n/a	n/a	n/a	n/a	n/a	n/a	n/a	n/a	n/a
3	n/a	n/a	n/a	n/a	n/a	reflection_start	n/a	n/a	2120.4798893000116	0.0	trigger	31	n/a	n/a	n/a	n/a	n/a	n/a	n/a	n/a	n/a
3	n/a	n/a	n/a	n/a	n/a	reflection_end	n/a	n/a	2122.481318200007	0.0	trigger	32	n/a	n/a	n/a	n/a	n/a	n/a	n/a	n/a	n/a
3	n/a	n/a	n/a	n/a	n/a	order_options	n/a	n/a	2122.5282904999913	0.0	trigger	59	n/a	n/a	n/a	n/a	n/a	n/a	n/a	n/a	n/a
3	n/a	n/a	n/a	n/a	n/a	distance_options	n/a	n/a	2126.0606358000077	0.0	trigger	58	n/a	n/a	n/a	n/a	n/a	n/a	n/a	n/a	n/a
3	retr_distance	block1	A	n/a	13	n/a	n/a	n/a	2129.5159577000304	0.0	choice	n/a	n/a	n/a	[]	n/a	m	n/a	2	False	2
3	retr_1	block1	A	n/a	14	retrieval_ITIcross	n/a	n/a	2130.0267035000143	0.448982366655855	fixcross	n/a	n/a	n/a	n/a	n/a	n/a	n/a	n/a	n/a	3
3	retr_1	block1	A	n/a	14	image_1_retr	house/house_35.jpg	house/house_35.jpg	2130.5144901000313	1.0114112666383335	image	9	2130.514540700009	5.059997783973813e-05	n/a	n/a	n/a	n/a	n/a	n/a	n/a
3	n/a	n/a	n/a	n/a	n/a	image_1_retr	n/a	n/a	2130.514540700009	0.0	trigger	9	n/a	n/a	n/a	n/a	n/a	n/a	n/a	n/a	n/a
3	retr_1	block1	A	n/a	14	image_2_retr	bicycle/bicycle_06.jpg	bicycle/bicycle_06.jpg	2131.7973652000073	1.0109836667002128	image	2	2131.7974158000434	5.0600036047399044e-05	n/a	n/a	n/a	n/a	n/a	n/a	n/a
3	n/a	n/a	n/a	n/a	n/a	image_2_retr	n/a	n/a	2131.7974158000434	0.0	trigger	2	n/a	n/a	n/a	n/a	n/a	n/a	n/a	n/a	n/a
3	n/a	n/a	n/a	n/a	n/a	reflection_start	n/a	n/a	2133.0592072000145	0.0	trigger	31	n/a	n/a	n/a	n/a	n/a	n/a	n/a	n/a	n/a
3	n/a	n/a	n/a	n/a	n/a	reflection_end	n/a	n/a	2134.9778160999995	0.0	trigger	32	n/a	n/a	n/a	n/a	n/a	n/a	n/a	n/a	n/a
3	n/a	n/a	n/a	n/a	n/a	order_options	n/a	n/a	2135.041364600009	0.0	trigger	59	n/a	n/a	n/a	n/a	n/a	n/a	n/a	n/a	n/a
3	n/a	n/a	n/a	n/a	n/a	distance_options	n/a	n/a	2138.5396691000205	0.0	trigger	58	n/a	n/a	n/a	n/a	n/a	n/a	n/a	n/a	n/a
3	retr_distance	block1	A	n/a	14	n/a	n/a	n/a	2142.027852500032	0.0	choice	n/a	n/a	n/a	[]	n/a	m	n/a	3	False	3
3	retr_1	block1	A	n/a	15	retrieval_ITIcross	n/a	n/a	2142.5548501000158	0.550504966643075	fixcross	n/a	n/a	n/a	n/a	n/a	n/a	n/a	n/a	n/a	5
3	retr_1	block1	A	n/a	15	image_1_retr	ball/ball_11.jpg	ball/ball_11.jpg	2143.189681500022	1.0154873666510866	image	1	2143.1897439000313	6.240000948309898e-05	n/a	n/a	n/a	n/a	n/a	n/a	n/a
3	n/a	n/a	n/a	n/a	n/a	image_1_retr	n/a	n/a	2143.1897439000313	0.0	trigger	1	n/a	n/a	n/a	n/a	n/a	n/a	n/a	n/a	n/a
3	retr_1	block1	A	n/a	15	image_2_retr	chair/chair_11.jpg	chair/chair_11.jpg	2144.4743669000454	1.0134250666637854	image	4	2144.4744170000195	5.0099974032491446e-05	n/a	n/a	n/a	n/a	n/a	n/a	n/a
3	n/a	n/a	n/a	n/a	n/a	image_2_retr	n/a	n/a	2144.4744170000195	0.0	trigger	4	n/a	n/a	n/a	n/a	n/a	n/a	n/a	n/a	n/a
3	n/a	n/a	n/a	n/a	n/a	reflection_start	n/a	n/a	2145.7376715000137	0.0	trigger	31	n/a	n/a	n/a	n/a	n/a	n/a	n/a	n/a	n/a
3	n/a	n/a	n/a	n/a	n/a	reflection_end	n/a	n/a	2147.974156800017	0.0	trigger	32	n/a	n/a	n/a	n/a	n/a	n/a	n/a	n/a	n/a
3	n/a	n/a	n/a	n/a	n/a	order_options	n/a	n/a	2148.0202633000445	0.0	trigger	59	n/a	n/a	n/a	n/a	n/a	n/a	n/a	n/a	n/a
3	n/a	n/a	n/a	n/a	n/a	distance_options	n/a	n/a	2151.5527124000364	0.0	trigger	58	n/a	n/a	n/a	n/a	n/a	n/a	n/a	n/a	n/a
3	retr_distance	block1	A	n/a	15	n/a	n/a	n/a	2155.0216762000346	0.0	choice	n/a	n/a	n/a	[]	n/a	m	n/a	5	False	5
3	retr_1	block1	A	n/a	16	retrieval_ITIcross	n/a	n/a	2155.5340776999947	0.4001191667089188	fixcross	n/a	n/a	n/a	n/a	n/a	n/a	n/a	n/a	n/a	3
3	retr_1	block1	A	n/a	16	image_1_retr	hand/hand_16.jpg	hand/hand_16.jpg	2155.973776900035	1.010848566661025	image	8	2155.973840599996	6.369996117427945e-05	n/a	n/a	n/a	n/a	n/a	n/a	n/a
3	n/a	n/a	n/a	n/a	n/a	image_1_retr	n/a	n/a	2155.973840599996	0.0	trigger	8	n/a	n/a	n/a	n/a	n/a	n/a	n/a	n/a	n/a
3	retr_1	block1	A	n/a	16	image_2_retr	flower/flower_17.jpg	flower/flower_17.jpg	2157.269460600044	1.014812866637385	image	6	2157.269520400034	5.979998968541622e-05	n/a	n/a	n/a	n/a	n/a	n/a	n/a
3	n/a	n/a	n/a	n/a	n/a	image_2_retr	n/a	n/a	2157.269520400034	0.0	trigger	6	n/a	n/a	n/a	n/a	n/a	n/a	n/a	n/a	n/a
3	n/a	n/a	n/a	n/a	n/a	reflection_start	n/a	n/a	2158.533151700045	0.0	trigger	31	n/a	n/a	n/a	n/a	n/a	n/a	n/a	n/a	n/a
3	n/a	n/a	n/a	n/a	n/a	reflection_end	n/a	n/a	2160.719302500016	0.0	trigger	32	n/a	n/a	n/a	n/a	n/a	n/a	n/a	n/a	n/a
3	n/a	n/a	n/a	n/a	n/a	order_options	n/a	n/a	2160.7662820999976	0.0	trigger	59	n/a	n/a	n/a	n/a	n/a	n/a	n/a	n/a	n/a
3	n/a	n/a	n/a	n/a	n/a	distance_options	n/a	n/a	2164.2994274999946	0.0	trigger	58	n/a	n/a	n/a	n/a	n/a	n/a	n/a	n/a	n/a
3	retr_distance	block1	A	n/a	16	n/a	n/a	n/a	2167.769086799992	0.0	choice	n/a	n/a	n/a	[]	n/a	m	n/a	3	False	3
3	retr_1	block1	A	n/a	17	retrieval_ITIcross	n/a	n/a	2168.2978998000035	0.549400266671455	fixcross	n/a	n/a	n/a	n/a	n/a	n/a	n/a	n/a	n/a	5
3	retr_1	block1	A	n/a	17	image_1_retr	jacket/jacket_44.jpg	jacket/jacket_44.jpg	2168.904422899999	1.0084819666849398	image	10	2168.9044887000346	6.580003537237644e-05	n/a	n/a	n/a	n/a	n/a	n/a	n/a
3	n/a	n/a	n/a	n/a	n/a	image_1_retr	n/a	n/a	2168.9044887000346	0.0	trigger	10	n/a	n/a	n/a	n/a	n/a	n/a	n/a	n/a	n/a
3	retr_1	block1	A	n/a	17	image_2_retr	hammer/hammer_16.jpg	hammer/hammer_16.jpg	2170.1824514000327	1.0144962666713582	image	7	2170.182489400031	3.7999998312443495e-05	n/a	n/a	n/a	n/a	n/a	n/a	n/a
3	n/a	n/a	n/a	n/a	n/a	image_2_retr	n/a	n/a	2170.182489400031	0.0	trigger	7	n/a	n/a	n/a	n/a	n/a	n/a	n/a	n/a	n/a
3	n/a	n/a	n/a	n/a	n/a	reflection_start	n/a	n/a	2171.44699690002	0.0	trigger	31	n/a	n/a	n/a	n/a	n/a	n/a	n/a	n/a	n/a
3	n/a	n/a	n/a	n/a	n/a	reflection_end	n/a	n/a	2173.297304000007	0.0	trigger	32	n/a	n/a	n/a	n/a	n/a	n/a	n/a	n/a	n/a
3	n/a	n/a	n/a	n/a	n/a	order_options	n/a	n/a	2173.345316799998	0.0	trigger	59	n/a	n/a	n/a	n/a	n/a	n/a	n/a	n/a	n/a
3	n/a	n/a	n/a	n/a	n/a	distance_options	n/a	n/a	2176.860683900013	0.0	trigger	58	n/a	n/a	n/a	n/a	n/a	n/a	n/a	n/a	n/a
3	retr_distance	block1	A	n/a	17	n/a	n/a	n/a	2180.3319124000263	0.0	choice	n/a	n/a	n/a	[]	n/a	m	n/a	5	False	5
3	retr_1	block1	A	n/a	18	retrieval_ITIcross	n/a	n/a	2180.8429092000006	0.4828864666674235	fixcross	n/a	n/a	n/a	n/a	n/a	n/a	n/a	n/a	n/a	2
3	retr_1	block1	A	n/a	18	image_1_retr	bread/bread_29.jpg	bread/bread_29.jpg	2181.3648434000206	1.0111512666376257	image	3	2181.364907500043	6.410002242773771e-05	n/a	n/a	n/a	n/a	n/a	n/a	n/a
3	n/a	n/a	n/a	n/a	n/a	image_1_retr	n/a	n/a	2181.364907500043	0.0	trigger	3	n/a	n/a	n/a	n/a	n/a	n/a	n/a	n/a	n/a
3	retr_1	block1	A	n/a	18	image_2_retr	bicycle/bicycle_06.jpg	bicycle/bicycle_06.jpg	2182.6454440000234	1.0137685666600191	image	2	2182.6454930000473	4.900002386420965e-05	n/a	n/a	n/a	n/a	n/a	n/a	n/a
3	n/a	n/a	n/a	n/a	n/a	image_2_retr	n/a	n/a	2182.6454930000473	0.0	trigger	2	n/a	n/a	n/a	n/a	n/a	n/a	n/a	n/a	n/a
3	n/a	n/a	n/a	n/a	n/a	reflection_start	n/a	n/a	2183.9097658999963	0.0	trigger	31	n/a	n/a	n/a	n/a	n/a	n/a	n/a	n/a	n/a
3	n/a	n/a	n/a	n/a	n/a	reflection_end	n/a	n/a	2185.7459760000347	0.0	trigger	32	n/a	n/a	n/a	n/a	n/a	n/a	n/a	n/a	n/a
3	n/a	n/a	n/a	n/a	n/a	order_options	n/a	n/a	2185.7924795	0.0	trigger	59	n/a	n/a	n/a	n/a	n/a	n/a	n/a	n/a	n/a
3	n/a	n/a	n/a	n/a	n/a	distance_options	n/a	n/a	2189.3241708000423	0.0	trigger	58	n/a	n/a	n/a	n/a	n/a	n/a	n/a	n/a	n/a
3	retr_distance	block1	A	n/a	18	n/a	n/a	n/a	2192.794346300012	0.0	choice	n/a	n/a	n/a	[]	n/a	m	n/a	2	False	2
3	retr_1	block1	A	n/a	19	retrieval_ITIcross	n/a	n/a	2193.3231060000253	0.6320870666572773	fixcross	n/a	n/a	n/a	n/a	n/a	n/a	n/a	n/a	n/a	4
3	retr_1	block1	A	n/a	19	image_1_retr	dog/dog_49.jpg	dog/dog_49.jpg	2194.0301178999944	1.0081419667153568	image	5	2194.030171099992	5.319999763742089e-05	n/a	n/a	n/a	n/a	n/a	n/a	n/a
3	n/a	n/a	n/a	n/a	n/a	image_1_retr	n/a	n/a	2194.030171099992	0.0	trigger	5	n/a	n/a	n/a	n/a	n/a	n/a	n/a	n/a	n/a
3	retr_1	block1	A	n/a	19	image_2_retr	chair/chair_11.jpg	chair/chair_11.jpg	2195.3077280000434	1.0137622666702555	image	4	2195.307784500008	5.64999645575881e-05	n/a	n/a	n/a	n/a	n/a	n/a	n/a
3	n/a	n/a	n/a	n/a	n/a	image_2_retr	n/a	n/a	2195.307784500008	0.0	trigger	4	n/a	n/a	n/a	n/a	n/a	n/a	n/a	n/a	n/a
3	n/a	n/a	n/a	n/a	n/a	reflection_start	n/a	n/a	2196.5723158000037	0.0	trigger	31	n/a	n/a	n/a	n/a	n/a	n/a	n/a	n/a	n/a
3	n/a	n/a	n/a	n/a	n/a	reflection_end	n/a	n/a	2198.525390600029	0.0	trigger	32	n/a	n/a	n/a	n/a	n/a	n/a	n/a	n/a	n/a
3	n/a	n/a	n/a	n/a	n/a	order_options	n/a	n/a	2198.570667300024	0.0	trigger	59	n/a	n/a	n/a	n/a	n/a	n/a	n/a	n/a	n/a
3	n/a	n/a	n/a	n/a	n/a	distance_options	n/a	n/a	2202.086026600038	0.0	trigger	58	n/a	n/a	n/a	n/a	n/a	n/a	n/a	n/a	n/a
3	retr_distance	block1	A	n/a	19	n/a	n/a	n/a	2205.5725091000204	0.0	choice	n/a	n/a	n/a	[]	n/a	m	n/a	4	False	4
