10.1348 	DEBUG 	Fullscreen settings ignored as running in pilot mode.
10.1356 	INFO 	Loaded monitor calibration from ['2025_07_24 17:26']
10.3822 	INFO 	Using renderer 'AMD Radeon (TM) Graphics' for graphics
10.3823 	INFO 	OpenGL version supported by driver is 4..
10.4082 	EXP 	Created window1 = Window(allowGUI=False, allowStencil=True, autoLog=True, backendConf=UNKNOWN, backgroundFit=<method-wrapper '__getattribute__' of attributeSetter object at 0x000001A81D9E95E0>, backgroundImage=<method-wrapper '__getattribute__' of attributeSetter object at 0x000001A81D9E9580>, bitsMode=UNKNOWN, blendMode='avg', bpc=(8, 8, 8), color=array([0.3255, 0.3255, 0.3255]), colorSpace='rgb', depthBits=8, fullscr=False, gamma=None, gammaErrorPolicy='raise', infoMsg=UNKNOWN, lms=UNKNOWN, monitor=<psychopy.monitors.calibTools.Monitor object at 0x000001A81D6B3A90>, multiSample=False, name='window1', numSamples=2, pos=[560.0, 240.0], screen=0, size=array([800, 600]), stencilBits=8, stereo=False, title='PsychoPy', units='height', useFBO=False, useRetina=False, viewOri=0.0, viewPos=None, viewScale=None, waitBlanking=True, winType='pyglet')
10.4083 	EXP 	window1: backgroundImage = ''
10.4083 	EXP 	window1: backgroundFit = 'none'
10.4329 	DEBUG 	TextBox2 loaded 1 chars with 0 blanks and 1 valid
10.4479 	DEBUG 	TextBox2 loaded 1 chars with 0 blanks and 1 valid
10.4625 	DEBUG 	TextBox2 loaded 1 chars with 0 blanks and 1 valid
10.4792 	DEBUG 	TextBox2 loaded 1 chars with 0 blanks and 1 valid
10.4964 	DEBUG 	TextBox2 loaded 1 chars with 0 blanks and 1 valid
10.5129 	DEBUG 	TextBox2 loaded 1 chars with 0 blanks and 1 valid
10.5293 	DEBUG 	TextBox2 loaded 1 chars with 0 blanks and 1 valid
10.5470 	DEBUG 	TextBox2 loaded 1 chars with 0 blanks and 1 valid
10.5635 	DEBUG 	TextBox2 loaded 1 chars with 0 blanks and 1 valid
10.5795 	DEBUG 	TextBox2 loaded 1 chars with 0 blanks and 1 valid
10.5953 	DEBUG 	TextBox2 loaded 1 chars with 0 blanks and 1 valid
10.6106 	DEBUG 	TextBox2 loaded 1 chars with 0 blanks and 1 valid
10.6263 	DEBUG 	TextBox2 loaded 1 chars with 0 blanks and 1 valid
10.6418 	DEBUG 	TextBox2 loaded 1 chars with 0 blanks and 1 valid
10.6580 	DEBUG 	TextBox2 loaded 1 chars with 0 blanks and 1 valid
10.6742 	DEBUG 	TextBox2 loaded 1 chars with 0 blanks and 1 valid
10.6901 	DEBUG 	TextBox2 loaded 1 chars with 0 blanks and 1 valid
10.7057 	DEBUG 	TextBox2 loaded 1 chars with 0 blanks and 1 valid
10.7219 	DEBUG 	TextBox2 loaded 1 chars with 0 blanks and 1 valid
10.7382 	DEBUG 	TextBox2 loaded 1 chars with 0 blanks and 1 valid
10.7543 	DEBUG 	TextBox2 loaded 1 chars with 0 blanks and 1 valid
10.7548 	DEBUG 	Uploading Texture Font fontname to graphics card
10.7561 	DEBUG 	Upload of Texture Font fontname complete
10.7788 	DEBUG 	TextBox2 loaded 1 chars with 0 blanks and 1 valid
10.7959 	DEBUG 	TextBox2 loaded 1 chars with 0 blanks and 1 valid
10.8125 	DEBUG 	TextBox2 loaded 1 chars with 0 blanks and 1 valid
10.8129 	DEBUG 	Uploading Texture Font fontname to graphics card
10.8139 	DEBUG 	Upload of Texture Font fontname complete
10.8162 	EXP 	window1: Attempting to measure frame rate of screen (0) ...
10.8162 	EXP 	window1: recordFrameIntervals = False
10.9784 	EXP 	window1: recordFrameIntervals = True
11.1615 	EXP 	Screen (0) actual frame rate measured at 60.10Hz
11.1616 	EXP 	window1: recordFrameIntervals = False
11.1824 	DEBUG 	TextBox2 loaded 1 chars with 0 blanks and 1 valid
11.2043 	DEBUG 	TextBox2 loaded 1 chars with 0 blanks and 1 valid
11.2206 	DEBUG 	TextBox2 loaded 1 chars with 0 blanks and 1 valid
11.2373 	DEBUG 	TextBox2 loaded 1 chars with 0 blanks and 1 valid
11.2545 	DEBUG 	TextBox2 loaded 1 chars with 0 blanks and 1 valid
11.2710 	DEBUG 	TextBox2 loaded 1 chars with 0 blanks and 1 valid
11.2883 	DEBUG 	TextBox2 loaded 1 chars with 0 blanks and 1 valid
11.3047 	DEBUG 	TextBox2 loaded 1 chars with 0 blanks and 1 valid
11.3211 	DEBUG 	TextBox2 loaded 1 chars with 0 blanks and 1 valid
11.3370 	DEBUG 	TextBox2 loaded 1 chars with 0 blanks and 1 valid
11.3375 	DEBUG 	Uploading Texture Font fontname to graphics card
11.3385 	DEBUG 	Upload of Texture Font fontname complete
11.6354 	INFO 	keyboard.Keyboard is using ptb backend.
11.6355 	INFO 	keyboard.Keyboard is using ptb backend.
11.6356 	INFO 	keyboard.Keyboard is using ptb backend.
11.6356 	INFO 	keyboard.Keyboard is using ptb backend.
11.6356 	INFO 	keyboard.Keyboard is using ptb backend.
11.6357 	INFO 	keyboard.Keyboard is using ptb backend.
11.6357 	INFO 	keyboard.Keyboard is using ptb backend.
11.6357 	INFO 	keyboard.Keyboard is using ptb backend.
11.6358 	INFO 	keyboard.Keyboard is using ptb backend.
11.6358 	INFO 	keyboard.Keyboard is using ptb backend.
11.6358 	INFO 	keyboard.Keyboard is using ptb backend.
11.6359 	INFO 	keyboard.Keyboard is using ptb backend.
11.6359 	INFO 	keyboard.Keyboard is using ptb backend.
11.6359 	INFO 	keyboard.Keyboard is using ptb backend.
11.6359 	INFO 	keyboard.Keyboard is using ptb backend.
11.6360 	INFO 	keyboard.Keyboard is using ptb backend.
11.6360 	INFO 	keyboard.Keyboard is using ptb backend.
11.6360 	INFO 	keyboard.Keyboard is using ptb backend.
11.6361 	INFO 	keyboard.Keyboard is using ptb backend.
11.6361 	INFO 	keyboard.Keyboard is using ptb backend.
11.6361 	INFO 	keyboard.Keyboard is using ptb backend.
11.6361 	INFO 	keyboard.Keyboard is using ptb backend.
11.6362 	INFO 	keyboard.Keyboard is using ptb backend.
11.6363 	INFO 	keyboard.Keyboard is using ptb backend.
11.6363 	INFO 	keyboard.Keyboard is using ptb backend.
11.6364 	INFO 	keyboard.Keyboard is using ptb backend.
11.6364 	INFO 	keyboard.Keyboard is using ptb backend.
11.6364 	EXP 	TSRlearn_main-blocks: status = STARTED
11.7159 	EXP 	Created instruction_part1 = TextStim(__class__=<class 'psychopy.visual.text.TextStim'>, alignHoriz=method-wrapper(...), alignText='center', alignVert=method-wrapper(...), anchorHoriz='center', anchorVert='center', antialias=True, autoDraw=False, autoLog=True, bold=False, color=array([1., 1., 1.]), colorSpace='rgb', contrast=1.0, depth=-2.0, draggable=False, flipHoriz=False, flipVert=False, font='Sans Sherif', fontFiles=[], height=0.025, italic=False, languageStyle='LTR', name='instruction_part1', opacity=1, ori=0.0, pos=array([0., 0.]), rgb=UNKNOWN, text='', units='height', win=Window(...), wrapWidth=1)
11.7171 	EXP 	Created instruction_part2 = TextStim(__class__=<class 'psychopy.visual.text.TextStim'>, alignHoriz=method-wrapper(...), alignText='center', alignVert=method-wrapper(...), anchorHoriz='center', anchorVert='center', antialias=True, autoDraw=False, autoLog=True, bold=False, color=array([1., 1., 1.]), colorSpace='rgb', contrast=1.0, depth=0.0, draggable=False, flipHoriz=False, flipVert=False, font='Sans Sherif', fontFiles=[], height=0.025, italic=False, languageStyle='LTR', name='instruction_part2', opacity=1, ori=0.0, pos=array([0., 0.]), rgb=UNKNOWN, text='', units='height', win=Window(...), wrapWidth=1)
11.7182 	EXP 	Created instruction_part3 = TextStim(__class__=<class 'psychopy.visual.text.TextStim'>, alignHoriz=method-wrapper(...), alignText='center', alignVert=method-wrapper(...), anchorHoriz='center', anchorVert='center', antialias=True, autoDraw=False, autoLog=True, bold=False, color=array([1., 1., 1.]), colorSpace='rgb', contrast=1.0, depth=0.0, draggable=False, flipHoriz=False, flipVert=False, font='Sans Sherif', fontFiles=[], height=0.025, italic=False, languageStyle='LTR', name='instruction_part3', opacity=1, ori=0.0, pos=array([0., 0.]), rgb=UNKNOWN, text='', units='height', win=Window(...), wrapWidth=1)
11.7192 	EXP 	Created instruction_part4 = TextStim(__class__=<class 'psychopy.visual.text.TextStim'>, alignHoriz=method-wrapper(...), alignText='center', alignVert=method-wrapper(...), anchorHoriz='center', anchorVert='center', antialias=True, autoDraw=False, autoLog=True, bold=False, color=array([1., 1., 1.]), colorSpace='rgb', contrast=1.0, depth=0.0, draggable=False, flipHoriz=False, flipVert=False, font='Sans Sherif', fontFiles=[], height=0.025, italic=False, languageStyle='LTR', name='instruction_part4', opacity=1, ori=0.0, pos=array([0., 0.]), rgb=UNKNOWN, text='', units='height', win=Window(...), wrapWidth=1)
11.7203 	EXP 	Created instruction_part5 = TextStim(__class__=<class 'psychopy.visual.text.TextStim'>, alignHoriz=method-wrapper(...), alignText='center', alignVert=method-wrapper(...), anchorHoriz='center', anchorVert='center', antialias=True, autoDraw=False, autoLog=True, bold=False, color=array([1., 1., 1.]), colorSpace='rgb', contrast=1.0, depth=-1.0, draggable=False, flipHoriz=False, flipVert=False, font='Sans Sherif', fontFiles=[], height=0.025, italic=False, languageStyle='LTR', name='instruction_part5', opacity=1, ori=0.0, pos=array([0., 0.]), rgb=UNKNOWN, text='', units='height', win=Window(...), wrapWidth=1)
11.7215 	EXP 	Created instruction_part6 = TextStim(__class__=<class 'psychopy.visual.text.TextStim'>, alignHoriz=method-wrapper(...), alignText='center', alignVert=method-wrapper(...), anchorHoriz='center', anchorVert='center', antialias=True, autoDraw=False, autoLog=True, bold=False, color=array([1., 1., 1.]), colorSpace='rgb', contrast=1.0, depth=-1.0, draggable=False, flipHoriz=False, flipVert=False, font='Sans Sherif', fontFiles=[], height=0.025, italic=False, languageStyle='LTR', name='instruction_part6', opacity=1, ori=0.0, pos=array([0., 0.]), rgb=UNKNOWN, text='', units='height', win=Window(...), wrapWidth=1)
11.7229 	EXP 	Created instructions_part16 = TextStim(__class__=<class 'psychopy.visual.text.TextStim'>, alignHoriz=method-wrapper(...), alignText='center', alignVert=method-wrapper(...), anchorHoriz='center', anchorVert='center', antialias=True, autoDraw=False, autoLog=True, bold=False, color=array([1., 1., 1.]), colorSpace='rgb', contrast=1.0, depth=0.0, draggable=False, flipHoriz=False, flipVert=False, font='Sans Sherif', fontFiles=[], height=0.025, italic=False, languageStyle='LTR', name='instructions_part16', opacity=1, ori=0.0, pos=array([0., 0.]), rgb=UNKNOWN, text='', units='height', win=Window(...), wrapWidth=1)
11.7241 	EXP 	Created polygon = Rect(__class__=<class 'psychopy.visual.rect.Rect'>, anchor=('center', 'center'), autoDraw=False, autoLog=True, closeShape=True, color=method-wrapper(...), colorSpace='rgb', contrast=None, depth=-1.0, draggable=False, fillColor=array([1, 1, 1]), fillColorSpace='rgb', fillRGB=array([1, 1, 1]), interpolate=True, lineColor=array([1., 1., 1.]), lineColorSpace='rgb', lineRGB=array([1, 1, 1]), lineWidth=1.0, name='polygon', opacity=1.0, ori=0.0, pos=array([0., 0.]), size=array([0.16, 0.16]), units='height', vertices=ndarray(...), win=Window(...))
11.7294 	EXP 	Created prompt_prc = ImageStim(__class__=<class 'psychopy.visual.image.ImageStim'>, anchor=('center', 'center'), autoLog=True, color=array([1., 1., 1.]), colorSpace='rgb', contrast=1.0, depth=-2.0, draggable=False, flipHoriz=False, flipVert=False, image='default.png', interpolate=True, mask=None, maskParams=None, name='prompt_prc', opacity=1, ori=0.0, pos=array([0., 0.]), size=array([0.15, 0.15]), texRes=128.0, units='height', win=Window(...))
11.7333 	EXP 	Created dist_01_prc = ImageStim(__class__=<class 'psychopy.visual.image.ImageStim'>, anchor=('center', 'center'), autoLog=True, color=array([1., 1., 1.]), colorSpace='rgb', contrast=1.0, depth=-3.0, draggable=False, flipHoriz=False, flipVert=False, image='default.png', interpolate=True, mask=None, maskParams=None, name='dist_01_prc', opacity=1, ori=0.0, pos=array([0., 0.]), size=array([0.15, 0.15]), texRes=128.0, units='height', win=Window(...))
11.7370 	EXP 	Created dist_02_prc = ImageStim(__class__=<class 'psychopy.visual.image.ImageStim'>, anchor=('center', 'center'), autoLog=True, color=array([1., 1., 1.]), colorSpace='rgb', contrast=1.0, depth=-4.0, draggable=False, flipHoriz=False, flipVert=False, image='default.png', interpolate=True, mask=None, maskParams=None, name='dist_02_prc', opacity=1, ori=0.0, pos=array([0., 0.]), size=array([0.15, 0.15]), texRes=128.0, units='height', win=Window(...))
11.7415 	EXP 	Created correct_prc = ImageStim(__class__=<class 'psychopy.visual.image.ImageStim'>, anchor=('center', 'center'), autoLog=True, color=array([1., 1., 1.]), colorSpace='rgb', contrast=1.0, depth=-5.0, draggable=False, flipHoriz=False, flipVert=False, image='default.png', interpolate=True, mask=None, maskParams=None, name='correct_prc', opacity=1, ori=0.0, pos=array([0., 0.]), size=array([0.15, 0.15]), texRes=128.0, units='height', win=Window(...))
11.7437 	EXP 	Created instructions_choose_2 = TextStim(__class__=<class 'psychopy.visual.text.TextStim'>, alignHoriz=method-wrapper(...), alignText='center', alignVert=method-wrapper(...), anchorHoriz='center', anchorVert='center', antialias=True, autoDraw=False, autoLog=True, bold=False, color=array([1., 1., 1.]), colorSpace='rgb', contrast=1.0, depth=-8.0, draggable=False, flipHoriz=False, flipVert=False, font='Sans Sherif', fontFiles=[], height=0.025, italic=False, languageStyle='LTR', name='instructions_choose_2', opacity=1, ori=0.0, pos=array([0. , 0.2]), rgb=UNKNOWN, text='', units='height', win=Window(...), wrapWidth=1)
11.7451 	EXP 	Created polygon_7 = Rect(__class__=<class 'psychopy.visual.rect.Rect'>, anchor=('center', 'center'), autoDraw=False, autoLog=True, closeShape=True, color=method-wrapper(...), colorSpace='rgb', contrast=None, depth=-2.0, draggable=False, fillColor=array([0, 0, 0]), fillColorSpace='rgb', fillRGB=array([0, 0, 0]), interpolate=True, lineColor=array([0.0039, 0.0039, 0.0039]), lineColorSpace='rgb', lineRGB=array([0.0039, 0.0039, 0.0039]), lineWidth=1.0, name='polygon_7', opacity=0.0, ori=0.0, pos=array([0., 0.]), size=array([0.16, 0.16]), units='height', vertices=ndarray(...), win=Window(...))
11.7500 	EXP 	Created prompt_prc_2 = ImageStim(__class__=<class 'psychopy.visual.image.ImageStim'>, anchor=('center', 'center'), autoLog=True, color=array([1., 1., 1.]), colorSpace='rgb', contrast=1.0, depth=-3.0, draggable=False, flipHoriz=False, flipVert=False, image='default.png', interpolate=True, mask=None, maskParams=None, name='prompt_prc_2', opacity=1, ori=0.0, pos=array([0., 0.]), size=array([0.15, 0.15]), texRes=128.0, units='height', win=Window(...))
11.7542 	EXP 	Created dist_01_prc_2 = ImageStim(__class__=<class 'psychopy.visual.image.ImageStim'>, anchor=('center', 'center'), autoLog=True, color=array([1., 1., 1.]), colorSpace='rgb', contrast=1.0, depth=-4.0, draggable=False, flipHoriz=False, flipVert=False, image='default.png', interpolate=True, mask=None, maskParams=None, name='dist_01_prc_2', opacity=1, ori=0.0, pos=array([0., 0.]), size=array([0.15, 0.15]), texRes=128.0, units='height', win=Window(...))
11.7584 	EXP 	Created dist_02_prc_2 = ImageStim(__class__=<class 'psychopy.visual.image.ImageStim'>, anchor=('center', 'center'), autoLog=True, color=array([1., 1., 1.]), colorSpace='rgb', contrast=1.0, depth=-5.0, draggable=False, flipHoriz=False, flipVert=False, image='default.png', interpolate=True, mask=None, maskParams=None, name='dist_02_prc_2', opacity=1, ori=0.0, pos=array([0., 0.]), size=array([0.15, 0.15]), texRes=128.0, units='height', win=Window(...))
11.7624 	EXP 	Created correct_prc_2 = ImageStim(__class__=<class 'psychopy.visual.image.ImageStim'>, anchor=('center', 'center'), autoLog=True, color=array([1., 1., 1.]), colorSpace='rgb', contrast=1.0, depth=-6.0, draggable=False, flipHoriz=False, flipVert=False, image='default.png', interpolate=True, mask=None, maskParams=None, name='correct_prc_2', opacity=1, ori=0.0, pos=array([0., 0.]), size=array([0.15, 0.15]), texRes=128.0, units='height', win=Window(...))
11.7684 	EXP 	Created fix_cross_2 = TextStim(__class__=<class 'psychopy.visual.text.TextStim'>, alignHoriz=method-wrapper(...), alignText='center', alignVert=method-wrapper(...), anchorHoriz='center', anchorVert='center', antialias=True, autoDraw=False, autoLog=True, bold=False, color=array([1., 1., 1.]), colorSpace='rgb', contrast=1.0, depth=0.0, draggable=False, flipHoriz=False, flipVert=False, font='Sans Sherif', fontFiles=[], height=0.03, italic=False, languageStyle='LTR', name='fix_cross_2', opacity=1, ori=0.0, pos=array([0., 0.]), rgb=UNKNOWN, text='+', units='height', win=Window(...), wrapWidth=1)
11.7698 	EXP 	Created rest_instruction = TextStim(__class__=<class 'psychopy.visual.text.TextStim'>, alignHoriz=method-wrapper(...), alignText='center', alignVert=method-wrapper(...), anchorHoriz='center', anchorVert='center', antialias=True, autoDraw=False, autoLog=True, bold=False, color=array([1., 1., 1.]), colorSpace='rgb', contrast=1.0, depth=-1.0, draggable=False, flipHoriz=False, flipVert=False, font='Sans Sherif', fontFiles=[], height=0.025, italic=False, languageStyle='LTR', name='rest_instruction', opacity=1, ori=0.0, pos=array([0. , 0.1]), rgb=UNKNOWN, text='', units='height', win=Window(...), wrapWidth=1)
11.7710 	EXP 	Created instruction_part7 = TextStim(__class__=<class 'psychopy.visual.text.TextStim'>, alignHoriz=method-wrapper(...), alignText='center', alignVert=method-wrapper(...), anchorHoriz='center', anchorVert='center', antialias=True, autoDraw=False, autoLog=True, bold=False, color=array([1., 1., 1.]), colorSpace='rgb', contrast=1.0, depth=0.0, draggable=False, flipHoriz=False, flipVert=False, font='Sans Sherif', fontFiles=[], height=0.025, italic=False, languageStyle='LTR', name='instruction_part7', opacity=1, ori=0.0, pos=array([0., 0.]), rgb=UNKNOWN, text='', units='height', win=Window(...), wrapWidth=1)
11.7721 	EXP 	Created instruction_part10 = TextStim(__class__=<class 'psychopy.visual.text.TextStim'>, alignHoriz=method-wrapper(...), alignText='center', alignVert=method-wrapper(...), anchorHoriz='center', anchorVert='center', antialias=True, autoDraw=False, autoLog=True, bold=False, color=array([1., 1., 1.]), colorSpace='rgb', contrast=1.0, depth=0.0, draggable=False, flipHoriz=False, flipVert=False, font='Sans Sherif', fontFiles=[], height=0.025, italic=False, languageStyle='LTR', name='instruction_part10', opacity=1, ori=0.0, pos=array([0., 0.]), rgb=UNKNOWN, text='', units='height', win=Window(...), wrapWidth=1)
11.7733 	EXP 	Created instruction_part13 = TextStim(__class__=<class 'psychopy.visual.text.TextStim'>, alignHoriz=method-wrapper(...), alignText='center', alignVert=method-wrapper(...), anchorHoriz='center', anchorVert='center', antialias=True, autoDraw=False, autoLog=True, bold=False, color=array([1., 1., 1.]), colorSpace='rgb', contrast=1.0, depth=0.0, draggable=False, flipHoriz=False, flipVert=False, font='Sans Sherif', fontFiles=[], height=0.025, italic=False, languageStyle='LTR', name='instruction_part13', opacity=1, ori=0.0, pos=array([0., 0.]), rgb=UNKNOWN, text='', units='height', win=Window(...), wrapWidth=1)
11.7744 	EXP 	Created instruction_part11 = TextStim(__class__=<class 'psychopy.visual.text.TextStim'>, alignHoriz=method-wrapper(...), alignText='center', alignVert=method-wrapper(...), anchorHoriz='center', anchorVert='center', antialias=True, autoDraw=False, autoLog=True, bold=False, color=array([1., 1., 1.]), colorSpace='rgb', contrast=1.0, depth=0.0, draggable=False, flipHoriz=False, flipVert=False, font='Sans Sherif', fontFiles=[], height=0.025, italic=False, languageStyle='LTR', name='instruction_part11', opacity=1, ori=0.0, pos=array([0., 0.]), rgb=UNKNOWN, text='', units='height', win=Window(...), wrapWidth=1)
11.7756 	EXP 	Created instruction_part14 = TextStim(__class__=<class 'psychopy.visual.text.TextStim'>, alignHoriz=method-wrapper(...), alignText='center', alignVert=method-wrapper(...), anchorHoriz='center', anchorVert='center', antialias=True, autoDraw=False, autoLog=True, bold=False, color=array([1., 1., 1.]), colorSpace='rgb', contrast=1.0, depth=0.0, draggable=False, flipHoriz=False, flipVert=False, font='Sans Sherif', fontFiles=[], height=0.025, italic=False, languageStyle='LTR', name='instruction_part14', opacity=1, ori=0.0, pos=array([0., 0.]), rgb=UNKNOWN, text='', units='height', win=Window(...), wrapWidth=1)
11.7768 	EXP 	Created instruction_part12 = TextStim(__class__=<class 'psychopy.visual.text.TextStim'>, alignHoriz=method-wrapper(...), alignText='center', alignVert=method-wrapper(...), anchorHoriz='center', anchorVert='center', antialias=True, autoDraw=False, autoLog=True, bold=False, color=array([1., 1., 1.]), colorSpace='rgb', contrast=1.0, depth=0.0, draggable=False, flipHoriz=False, flipVert=False, font='Sans Sherif', fontFiles=[], height=0.025, italic=False, languageStyle='LTR', name='instruction_part12', opacity=1, ori=0.0, pos=array([0., 0.]), rgb=UNKNOWN, text='', units='height', win=Window(...), wrapWidth=1)
11.7779 	EXP 	Created instruction_part15 = TextStim(__class__=<class 'psychopy.visual.text.TextStim'>, alignHoriz=method-wrapper(...), alignText='center', alignVert=method-wrapper(...), anchorHoriz='center', anchorVert='center', antialias=True, autoDraw=False, autoLog=True, bold=False, color=array([1., 1., 1.]), colorSpace='rgb', contrast=1.0, depth=0.0, draggable=False, flipHoriz=False, flipVert=False, font='Sans Sherif', fontFiles=[], height=0.025, italic=False, languageStyle='LTR', name='instruction_part15', opacity=1, ori=0.0, pos=array([0., 0.]), rgb=UNKNOWN, text='', units='height', win=Window(...), wrapWidth=1)
11.7792 	EXP 	Created instruction_info = TextStim(__class__=<class 'psychopy.visual.text.TextStim'>, alignHoriz=method-wrapper(...), alignText='center', alignVert=method-wrapper(...), anchorHoriz='center', anchorVert='center', antialias=True, autoDraw=False, autoLog=True, bold=False, color=array([1., 1., 1.]), colorSpace='rgb', contrast=1.0, depth=0.0, draggable=False, flipHoriz=False, flipVert=False, font='Sans Sherif', fontFiles=[], height=0.025, italic=False, languageStyle='LTR', name='instruction_info', opacity=1, ori=0.0, pos=array([0., 0.]), rgb=UNKNOWN, text='', units='height', win=Window(...), wrapWidth=1)
11.7804 	EXP 	Created instruction_part8 = TextStim(__class__=<class 'psychopy.visual.text.TextStim'>, alignHoriz=method-wrapper(...), alignText='center', alignVert=method-wrapper(...), anchorHoriz='center', anchorVert='center', antialias=True, autoDraw=False, autoLog=True, bold=False, color=array([1., 1., 1.]), colorSpace='rgb', contrast=1.0, depth=0.0, draggable=False, flipHoriz=False, flipVert=False, font='Sans Sherif', fontFiles=[], height=0.025, italic=False, languageStyle='LTR', name='instruction_part8', opacity=1, ori=0.0, pos=array([0., 0.]), rgb=UNKNOWN, text='', units='height', win=Window(...), wrapWidth=1)
11.7812 	EXP 	Created fix_cross_retrbegin = TextStim(__class__=<class 'psychopy.visual.text.TextStim'>, alignHoriz=method-wrapper(...), alignText='center', alignVert=method-wrapper(...), anchorHoriz='center', anchorVert='center', antialias=True, autoDraw=False, autoLog=True, bold=False, color=array([1., 1., 1.]), colorSpace='rgb', contrast=1.0, depth=0.0, draggable=False, flipHoriz=False, flipVert=False, font='Sans Sherif', fontFiles=[], height=0.03, italic=False, languageStyle='LTR', name='fix_cross_retrbegin', opacity=1, ori=0.0, pos=array([0., 0.]), rgb=UNKNOWN, text='', units='height', win=Window(...), wrapWidth=1)
11.7858 	EXP 	Created image_1_prc = ImageStim(__class__=<class 'psychopy.visual.image.ImageStim'>, anchor=('center', 'center'), autoLog=True, color=array([1., 1., 1.]), colorSpace='rgb', contrast=1.0, depth=0.0, draggable=False, flipHoriz=False, flipVert=False, image='default.png', interpolate=True, mask=None, maskParams=None, name='image_1_prc', opacity=1, ori=0.0, pos=array([0., 0.]), size=array([0.15, 0.15]), texRes=128.0, units='height', win=Window(...))
11.7903 	EXP 	Created info_example_3 = ImageStim(__class__=<class 'psychopy.visual.image.ImageStim'>, anchor=('center', 'center'), autoLog=True, color=array([1., 1., 1.]), colorSpace='rgb', contrast=1.0, depth=-1.0, draggable=False, flipHoriz=False, flipVert=False, image='default.png', interpolate=True, mask=None, maskParams=None, name='info_example_3', opacity=1, ori=0.0, pos=array([ 0. , -0.2]), size=array([0.7, 0.7]), texRes=128.0, units='height', win=Window(...))
11.7951 	EXP 	Created mask_img1 = ImageStim(__class__=<class 'psychopy.visual.image.ImageStim'>, anchor=('center', 'center'), autoLog=True, color=array([1., 1., 1.]), colorSpace='rgb', contrast=1.0, depth=0.0, draggable=False, flipHoriz=False, flipVert=False, image='stimuli/mask_images/mask_00.png', interpolate=True, mask=None, maskParams=None, name='mask_img1', opacity=1, ori=0.0, pos=array([0., 0.]), size=array([0.15, 0.15]), texRes=128.0, units='height', win=Window(...))
11.7993 	EXP 	Created info_example_4 = ImageStim(__class__=<class 'psychopy.visual.image.ImageStim'>, anchor=('center', 'center'), autoLog=True, color=array([1., 1., 1.]), colorSpace='rgb', contrast=1.0, depth=-1.0, draggable=False, flipHoriz=False, flipVert=False, image='default.png', interpolate=True, mask=None, maskParams=None, name='info_example_4', opacity=1, ori=0.0, pos=array([ 0. , -0.2]), size=array([0.7, 0.7]), texRes=128.0, units='height', win=Window(...))
11.8032 	EXP 	Created image_2_prc = ImageStim(__class__=<class 'psychopy.visual.image.ImageStim'>, anchor=('center', 'center'), autoLog=True, color=array([1., 1., 1.]), colorSpace='rgb', contrast=1.0, depth=0.0, draggable=False, flipHoriz=False, flipVert=False, image='default.png', interpolate=True, mask=None, maskParams=None, name='image_2_prc', opacity=1, ori=0.0, pos=array([0., 0.]), size=array([0.15, 0.15]), texRes=128.0, units='height', win=Window(...))
11.8074 	EXP 	Created info_example_5 = ImageStim(__class__=<class 'psychopy.visual.image.ImageStim'>, anchor=('center', 'center'), autoLog=True, color=array([1., 1., 1.]), colorSpace='rgb', contrast=1.0, depth=-1.0, draggable=False, flipHoriz=False, flipVert=False, image='default.png', interpolate=True, mask=None, maskParams=None, name='info_example_5', opacity=1, ori=0.0, pos=array([ 0. , -0.2]), size=array([0.7, 0.7]), texRes=128.0, units='height', win=Window(...))
11.8127 	EXP 	Created mask_img2 = ImageStim(__class__=<class 'psychopy.visual.image.ImageStim'>, anchor=('center', 'center'), autoLog=True, color=array([1., 1., 1.]), colorSpace='rgb', contrast=1.0, depth=0.0, draggable=False, flipHoriz=False, flipVert=False, image='stimuli/mask_images/mask_01.png', interpolate=True, mask=None, maskParams=None, name='mask_img2', opacity=1, ori=0.0, pos=array([0., 0.]), size=array([0.15, 0.15]), texRes=128.0, units='height', win=Window(...))
11.8175 	EXP 	Created info_example_6 = ImageStim(__class__=<class 'psychopy.visual.image.ImageStim'>, anchor=('center', 'center'), autoLog=True, color=array([1., 1., 1.]), colorSpace='rgb', contrast=1.0, depth=-1.0, draggable=False, flipHoriz=False, flipVert=False, image='default.png', interpolate=True, mask=None, maskParams=None, name='info_example_6', opacity=1, ori=0.0, pos=array([ 0. , -0.2]), size=array([0.7, 0.7]), texRes=128.0, units='height', win=Window(...))
11.8195 	EXP 	Created fix_cross_reflretr_2 = TextStim(__class__=<class 'psychopy.visual.text.TextStim'>, alignHoriz=method-wrapper(...), alignText='center', alignVert=method-wrapper(...), anchorHoriz='center', anchorVert='center', antialias=True, autoDraw=False, autoLog=True, bold=False, color=array([1., 1., 1.]), colorSpace='rgb', contrast=1.0, depth=0.0, draggable=False, flipHoriz=False, flipVert=False, font='Sans Sherif', fontFiles=[], height=0.03, italic=False, languageStyle='LTR', name='fix_cross_reflretr_2', opacity=1, ori=0.0, pos=array([0., 0.]), rgb=UNKNOWN, text='+', units='height', win=Window(...), wrapWidth=1)
11.8309 	EXP 	Created text = TextStim(__class__=<class 'psychopy.visual.text.TextStim'>, alignHoriz=method-wrapper(...), alignText='center', alignVert=method-wrapper(...), anchorHoriz='center', anchorVert='center', antialias=True, autoDraw=False, autoLog=True, bold=False, color=array([1., 1., 1.]), colorSpace='rgb', contrast=1.0, depth=-1.0, draggable=False, flipHoriz=False, flipVert=False, font='Sans Sherif', fontFiles=[], height=0.02, italic=False, languageStyle='LTR', name='text', opacity=1, ori=0.0, pos=array([0. , 0.1]), rgb=UNKNOWN, text='Denken Sie jetzt über die Antworten nach. ', units='height', win=Window(...), wrapWidth=1)
11.8323 	EXP 	Created yes_txt_3 = TextStim(__class__=<class 'psychopy.visual.text.TextStim'>, alignHoriz=method-wrapper(...), alignText='center', alignVert=method-wrapper(...), anchorHoriz='center', anchorVert='center', antialias=True, autoDraw=False, autoLog=True, bold=False, color=array([1., 1., 1.]), colorSpace='rgb', contrast=1.0, depth=-1.0, draggable=False, flipHoriz=False, flipVert=False, font='Sans Sherif', fontFiles=[], height=0.03, italic=False, languageStyle='LTR', name='yes_txt_3', opacity=1, ori=0.0, pos=array([0., 0.]), rgb=UNKNOWN, text='', units='height', win=Window(...), wrapWidth=1)
11.8339 	EXP 	Created no_txt_3 = TextStim(__class__=<class 'psychopy.visual.text.TextStim'>, alignHoriz=method-wrapper(...), alignText='center', alignVert=method-wrapper(...), anchorHoriz='center', anchorVert='center', antialias=True, autoDraw=False, autoLog=True, bold=False, color=array([1., 1., 1.]), colorSpace='rgb', contrast=1.0, depth=-2.0, draggable=False, flipHoriz=False, flipVert=False, font='Sans Sherif', fontFiles=[], height=0.03, italic=False, languageStyle='LTR', name='no_txt_3', opacity=1, ori=0.0, pos=array([0., 0.]), rgb=UNKNOWN, text='', units='height', win=Window(...), wrapWidth=1)
11.8352 	EXP 	Created polygon_9 = Rect(__class__=<class 'psychopy.visual.rect.Rect'>, anchor=('center', 'center'), autoDraw=False, autoLog=True, closeShape=True, color=method-wrapper(...), colorSpace='rgb', contrast=None, depth=-3.0, draggable=False, fillColor=array([0, 0, 0]), fillColorSpace='rgb', fillRGB=array([0, 0, 0]), interpolate=True, lineColor=array([0.0039, 0.0039, 0.0039]), lineColorSpace='rgb', lineRGB=array([0.0039, 0.0039, 0.0039]), lineWidth=2.0, name='polygon_9', opacity=0.0, ori=0.0, pos=array([0., 0.]), size=array([0.08, 0.03]), units='height', vertices=ndarray(...), win=Window(...))
11.8403 	EXP 	Created info_example_7 = ImageStim(__class__=<class 'psychopy.visual.image.ImageStim'>, anchor=('center', 'center'), autoLog=True, color=array([1., 1., 1.]), colorSpace='rgb', contrast=1.0, depth=-7.0, draggable=False, flipHoriz=False, flipVert=False, image='default.png', interpolate=True, mask=None, maskParams=None, name='info_example_7', opacity=1, ori=0.0, pos=array([ 0. , -0.2]), size=array([0.7, 0.7]), texRes=128.0, units='height', win=Window(...))
11.8420 	EXP 	Created text_question_order = TextStim(__class__=<class 'psychopy.visual.text.TextStim'>, alignHoriz=method-wrapper(...), alignText='center', alignVert=method-wrapper(...), anchorHoriz='center', anchorVert='center', antialias=True, autoDraw=False, autoLog=True, bold=False, color=array([1., 1., 1.]), colorSpace='rgb', contrast=1.0, depth=-9.0, draggable=False, flipHoriz=False, flipVert=False, font='Sans Sherif', fontFiles=[], height=0.03, italic=False, languageStyle='LTR', name='text_question_order', opacity=1, ori=0.0, pos=array([0. , 0.1]), rgb=UNKNOWN, text='', units='height', win=Window(...), wrapWidth=1)
11.8471 	EXP 	Created info_example = ImageStim(__class__=<class 'psychopy.visual.image.ImageStim'>, anchor=('center', 'center'), autoLog=True, color=array([1., 1., 1.]), colorSpace='rgb', contrast=1.0, depth=-3.0, draggable=False, flipHoriz=False, flipVert=False, image='default.png', interpolate=True, mask=None, maskParams=None, name='info_example', opacity=1, ori=0.0, pos=array([ 0. , -0.2]), size=array([0.7, 0.7]), texRes=128.0, units='height', win=Window(...))
11.8531 	EXP 	Created opt_2_prc = TextStim(__class__=<class 'psychopy.visual.text.TextStim'>, alignHoriz=method-wrapper(...), alignText='center', alignVert=method-wrapper(...), anchorHoriz='center', anchorVert='center', antialias=True, autoDraw=False, autoLog=True, bold=False, color=array([1., 1., 1.]), colorSpace='rgb', contrast=1.0, depth=-4.0, draggable=False, flipHoriz=False, flipVert=False, font='Sans Sherif', fontFiles=[], height=0.03, italic=False, languageStyle='LTR', name='opt_2_prc', opacity=1, ori=0.0, pos=array([0.  , 0.05]), rgb=UNKNOWN, text='2', units='height', win=Window(...), wrapWidth=1)
11.8560 	EXP 	Created opt_3_prc = TextStim(__class__=<class 'psychopy.visual.text.TextStim'>, alignHoriz=method-wrapper(...), alignText='center', alignVert=method-wrapper(...), anchorHoriz='center', anchorVert='center', antialias=True, autoDraw=False, autoLog=True, bold=False, color=array([1., 1., 1.]), colorSpace='rgb', contrast=1.0, depth=-5.0, draggable=False, flipHoriz=False, flipVert=False, font='Sans Sherif', fontFiles=[], height=0.03, italic=False, languageStyle='LTR', name='opt_3_prc', opacity=1, ori=0.0, pos=array([0.05, 0.  ]), rgb=UNKNOWN, text='3', units='height', win=Window(...), wrapWidth=1)
11.8588 	EXP 	Created opt_4_prc = TextStim(__class__=<class 'psychopy.visual.text.TextStim'>, alignHoriz=method-wrapper(...), alignText='center', alignVert=method-wrapper(...), anchorHoriz='center', anchorVert='center', antialias=True, autoDraw=False, autoLog=True, bold=False, color=array([1., 1., 1.]), colorSpace='rgb', contrast=1.0, depth=-6.0, draggable=False, flipHoriz=False, flipVert=False, font='Sans Sherif', fontFiles=[], height=0.03, italic=False, languageStyle='LTR', name='opt_4_prc', opacity=1, ori=0.0, pos=array([ 0.  , -0.05]), rgb=UNKNOWN, text='4', units='height', win=Window(...), wrapWidth=1)
11.8614 	EXP 	Created opt_5_prc = TextStim(__class__=<class 'psychopy.visual.text.TextStim'>, alignHoriz=method-wrapper(...), alignText='center', alignVert=method-wrapper(...), anchorHoriz='center', anchorVert='center', antialias=True, autoDraw=False, autoLog=True, bold=False, color=array([1., 1., 1.]), colorSpace='rgb', contrast=1.0, depth=-7.0, draggable=False, flipHoriz=False, flipVert=False, font='Sans Sherif', fontFiles=[], height=0.03, italic=False, languageStyle='LTR', name='opt_5_prc', opacity=1, ori=0.0, pos=array([-0.05,  0.  ]), rgb=UNKNOWN, text='5', units='height', win=Window(...), wrapWidth=1)
11.8626 	EXP 	Created text_question_retrieval = TextStim(__class__=<class 'psychopy.visual.text.TextStim'>, alignHoriz=method-wrapper(...), alignText='center', alignVert=method-wrapper(...), anchorHoriz='center', anchorVert='center', antialias=True, autoDraw=False, autoLog=True, bold=False, color=array([1., 1., 1.]), colorSpace='rgb', contrast=1.0, depth=-9.0, draggable=False, flipHoriz=False, flipVert=False, font='Sans Sherif', fontFiles=[], height=0.03, italic=False, languageStyle='LTR', name='text_question_retrieval', opacity=1, ori=0.0, pos=array([0. , 0.1]), rgb=UNKNOWN, text='', units='height', win=Window(...), wrapWidth=1)
11.8639 	EXP 	Created text_feedback = TextStim(__class__=<class 'psychopy.visual.text.TextStim'>, alignHoriz=method-wrapper(...), alignText='center', alignVert=method-wrapper(...), anchorHoriz='center', anchorVert='center', antialias=True, autoDraw=False, autoLog=True, bold=False, color=array([1., 1., 1.]), colorSpace='rgb', contrast=1.0, depth=0.0, draggable=False, flipHoriz=False, flipVert=False, font='Sans Sherif', fontFiles=[], height=0.025, italic=False, languageStyle='LTR', name='text_feedback', opacity=1, ori=0.0, pos=array([0. , 0.2]), rgb=UNKNOWN, text='', units='height', win=Window(...), wrapWidth=1)
11.8696 	EXP 	Created info_example_2 = ImageStim(__class__=<class 'psychopy.visual.image.ImageStim'>, anchor=('center', 'center'), autoLog=True, color=array([1., 1., 1.]), colorSpace='rgb', contrast=1.0, depth=-2.0, draggable=False, flipHoriz=False, flipVert=False, image='default.png', interpolate=True, mask=None, maskParams=None, name='info_example_2', opacity=1, ori=0.0, pos=array([0., 0.]), size=array([0.8, 0.8]), texRes=128.0, units='height', win=Window(...))
11.8709 	EXP 	Created text_continue = TextStim(__class__=<class 'psychopy.visual.text.TextStim'>, alignHoriz=method-wrapper(...), alignText='center', alignVert=method-wrapper(...), anchorHoriz='center', anchorVert='center', antialias=True, autoDraw=False, autoLog=True, bold=False, color=array([1., 1., 1.]), colorSpace='rgb', contrast=1.0, depth=-5.0, draggable=False, flipHoriz=False, flipVert=False, font='Sans Sherif', fontFiles=[], height=0.025, italic=False, languageStyle='LTR', name='text_continue', opacity=1, ori=0.0, pos=array([ 0.  , -0.15]), rgb=UNKNOWN, text='', units='height', win=Window(...), wrapWidth=1)
11.8720 	EXP 	Created instructions_part7 = TextStim(__class__=<class 'psychopy.visual.text.TextStim'>, alignHoriz=method-wrapper(...), alignText='center', alignVert=method-wrapper(...), anchorHoriz='center', anchorVert='center', antialias=True, autoDraw=False, autoLog=True, bold=False, color=array([1., 1., 1.]), colorSpace='rgb', contrast=1.0, depth=0.0, draggable=False, flipHoriz=False, flipVert=False, font='Sans Sherif', fontFiles=[], height=0.025, italic=False, languageStyle='LTR', name='instructions_part7', opacity=1, ori=0.0, pos=array([0., 0.]), rgb=UNKNOWN, text='', units='height', win=Window(...), wrapWidth=1)
11.8761 	EXP 	Created scene_image = ImageStim(__class__=<class 'psychopy.visual.image.ImageStim'>, anchor=('center', 'center'), autoLog=True, color=array([1., 1., 1.]), colorSpace='rgb', contrast=1.0, depth=0.0, draggable=False, flipHoriz=False, flipVert=False, image='default.png', interpolate=True, mask=None, maskParams=None, name='scene_image', opacity=1, ori=0.0, pos=array([0., 0.]), size=array([1., 1.]), texRes=128.0, units='height', win=Window(...))
11.8800 	EXP 	Created scene_image_2 = ImageStim(__class__=<class 'psychopy.visual.image.ImageStim'>, anchor=('center', 'center'), autoLog=True, color=array([1., 1., 1.]), colorSpace='rgb', contrast=1.0, depth=0.0, draggable=False, flipHoriz=False, flipVert=False, image='default.png', interpolate=True, mask=None, maskParams=None, name='scene_image_2', opacity=1, ori=0.0, pos=array([0., 0.]), size=array([1., 1.]), texRes=128.0, units='height', win=Window(...))
11.8814 	EXP 	Created polygon_4 = Rect(__class__=<class 'psychopy.visual.rect.Rect'>, anchor=('center', 'center'), autoDraw=False, autoLog=True, closeShape=True, color=method-wrapper(...), colorSpace='rgb', contrast=None, depth=-4.0, draggable=False, fillColor=array([1, 1, 1]), fillColorSpace='rgb', fillRGB=array([1, 1, 1]), interpolate=True, lineColor=array([1., 1., 1.]), lineColorSpace='rgb', lineRGB=array([1, 1, 1]), lineWidth=1.0, name='polygon_4', opacity=0.0, ori=0.0, pos=array([0., 0.]), size=array([0.16, 0.16]), units='height', vertices=ndarray(...), win=Window(...))
11.8853 	EXP 	Created prompt = ImageStim(__class__=<class 'psychopy.visual.image.ImageStim'>, anchor=('center', 'center'), autoLog=True, color=array([1., 1., 1.]), colorSpace='rgb', contrast=1.0, depth=-5.0, draggable=False, flipHoriz=False, flipVert=False, image='default.png', interpolate=True, mask=None, maskParams=None, name='prompt', opacity=1, ori=0.0, pos=array([0., 0.]), size=array([0.15, 0.15]), texRes=128.0, units='height', win=Window(...))
11.8890 	EXP 	Created dist_01 = ImageStim(__class__=<class 'psychopy.visual.image.ImageStim'>, anchor=('center', 'center'), autoLog=True, color=array([1., 1., 1.]), colorSpace='rgb', contrast=1.0, depth=-6.0, draggable=False, flipHoriz=False, flipVert=False, image='default.png', interpolate=True, mask=None, maskParams=None, name='dist_01', opacity=1, ori=0.0, pos=array([0., 0.]), size=array([0.15, 0.15]), texRes=128.0, units='height', win=Window(...))
11.8929 	EXP 	Created dist_02 = ImageStim(__class__=<class 'psychopy.visual.image.ImageStim'>, anchor=('center', 'center'), autoLog=True, color=array([1., 1., 1.]), colorSpace='rgb', contrast=1.0, depth=-7.0, draggable=False, flipHoriz=False, flipVert=False, image='default.png', interpolate=True, mask=None, maskParams=None, name='dist_02', opacity=1, ori=0.0, pos=array([0., 0.]), size=array([0.15, 0.15]), texRes=128.0, units='height', win=Window(...))
11.8968 	EXP 	Created correct = ImageStim(__class__=<class 'psychopy.visual.image.ImageStim'>, anchor=('center', 'center'), autoLog=True, color=array([1., 1., 1.]), colorSpace='rgb', contrast=1.0, depth=-8.0, draggable=False, flipHoriz=False, flipVert=False, image='default.png', interpolate=True, mask=None, maskParams=None, name='correct', opacity=1, ori=0.0, pos=array([0., 0.]), size=array([0.15, 0.15]), texRes=128.0, units='height', win=Window(...))
11.9006 	EXP 	Created chooseNowText = TextStim(__class__=<class 'psychopy.visual.text.TextStim'>, alignHoriz=method-wrapper(...), alignText='center', alignVert=method-wrapper(...), anchorHoriz='center', anchorVert='center', antialias=True, autoDraw=False, autoLog=True, bold=False, color=array([1., 1., 1.]), colorSpace='rgb', contrast=1.0, depth=-10.0, draggable=False, flipHoriz=False, flipVert=False, font='Sans Sherif', fontFiles=[], height=0.02, italic=False, languageStyle='LTR', name='chooseNowText', opacity=1.0, ori=0.0, pos=array([0. , 0.2]), rgb=UNKNOWN, text='Bitte antworten Sie jetzt', units='height', win=Window(...), wrapWidth=1)
11.9049 	EXP 	Created scene_image_3 = ImageStim(__class__=<class 'psychopy.visual.image.ImageStim'>, anchor=('center', 'center'), autoLog=True, color=array([1., 1., 1.]), colorSpace='rgb', contrast=1.0, depth=0.0, draggable=False, flipHoriz=False, flipVert=False, image='default.png', interpolate=True, mask=None, maskParams=None, name='scene_image_3', opacity=1, ori=0.0, pos=array([0., 0.]), size=array([1., 1.]), texRes=128.0, units='height', win=Window(...))
11.9060 	EXP 	Created polygon_8 = Rect(__class__=<class 'psychopy.visual.rect.Rect'>, anchor=('center', 'center'), autoDraw=False, autoLog=True, closeShape=True, color=method-wrapper(...), colorSpace='rgb', contrast=None, depth=-3.0, draggable=False, fillColor=array([0., 0., 0.]), fillColorSpace='rgb', fillRGB=array([0., 0., 0.]), interpolate=True, lineColor=array([0.0039, 0.0039, 0.0039]), lineColorSpace='rgb', lineRGB=array([0.0039, 0.0039, 0.0039]), lineWidth=1.0, name='polygon_8', opacity=0.0, ori=0.0, pos=array([0., 0.]), size=array([0.16, 0.16]), units='height', vertices=ndarray(...), win=Window(...))
11.9100 	EXP 	Created prompt_2 = ImageStim(__class__=<class 'psychopy.visual.image.ImageStim'>, anchor=('center', 'center'), autoLog=True, color=array([1., 1., 1.]), colorSpace='rgb', contrast=1.0, depth=-5.0, draggable=False, flipHoriz=False, flipVert=False, image='default.png', interpolate=True, mask=None, maskParams=None, name='prompt_2', opacity=1, ori=0.0, pos=array([0., 0.]), size=array([0.15, 0.15]), texRes=128.0, units='height', win=Window(...))
11.9139 	EXP 	Created dist_01_2 = ImageStim(__class__=<class 'psychopy.visual.image.ImageStim'>, anchor=('center', 'center'), autoLog=True, color=array([1., 1., 1.]), colorSpace='rgb', contrast=1.0, depth=-6.0, draggable=False, flipHoriz=False, flipVert=False, image='default.png', interpolate=True, mask=None, maskParams=None, name='dist_01_2', opacity=1, ori=0.0, pos=array([0., 0.]), size=array([0.15, 0.15]), texRes=128.0, units='height', win=Window(...))
11.9177 	EXP 	Created dist_02_2 = ImageStim(__class__=<class 'psychopy.visual.image.ImageStim'>, anchor=('center', 'center'), autoLog=True, color=array([1., 1., 1.]), colorSpace='rgb', contrast=1.0, depth=-7.0, draggable=False, flipHoriz=False, flipVert=False, image='default.png', interpolate=True, mask=None, maskParams=None, name='dist_02_2', opacity=1, ori=0.0, pos=array([0., 0.]), size=array([0.15, 0.15]), texRes=128.0, units='height', win=Window(...))
11.9214 	EXP 	Created correct_2 = ImageStim(__class__=<class 'psychopy.visual.image.ImageStim'>, anchor=('center', 'center'), autoLog=True, color=array([1., 1., 1.]), colorSpace='rgb', contrast=1.0, depth=-8.0, draggable=False, flipHoriz=False, flipVert=False, image='default.png', interpolate=True, mask=None, maskParams=None, name='correct_2', opacity=1, ori=0.0, pos=array([0., 0.]), size=array([0.15, 0.15]), texRes=128.0, units='height', win=Window(...))
11.9251 	EXP 	Created scene_image_4 = ImageStim(__class__=<class 'psychopy.visual.image.ImageStim'>, anchor=('center', 'center'), autoLog=True, color=array([1., 1., 1.]), colorSpace='rgb', contrast=1.0, depth=-1.0, draggable=False, flipHoriz=False, flipVert=False, image='default.png', interpolate=True, mask=None, maskParams=None, name='scene_image_4', opacity=1, ori=0.0, pos=array([0., 0.]), size=array([1., 1.]), texRes=128.0, units='height', win=Window(...))
11.9263 	EXP 	Created tooSlowtext = TextStim(__class__=<class 'psychopy.visual.text.TextStim'>, alignHoriz=method-wrapper(...), alignText='center', alignVert=method-wrapper(...), anchorHoriz='center', anchorVert='center', antialias=True, autoDraw=False, autoLog=True, bold=False, color=array([1., 1., 1.]), colorSpace='rgb', contrast=1.0, depth=-2.0, draggable=False, flipHoriz=False, flipVert=False, font='Sans Sherif', fontFiles=[], height=0.02, italic=False, languageStyle='LTR', name='tooSlowtext', opacity=1, ori=0.0, pos=array([0., 0.]), rgb=UNKNOWN, text='', units='height', win=Window(...), wrapWidth=1)
11.9282 	EXP 	Created fix_cross = TextStim(__class__=<class 'psychopy.visual.text.TextStim'>, alignHoriz=method-wrapper(...), alignText='center', alignVert=method-wrapper(...), anchorHoriz='center', anchorVert='center', antialias=True, autoDraw=False, autoLog=True, bold=False, color=array([1., 1., 1.]), colorSpace='rgb', contrast=1.0, depth=-2.0, draggable=False, flipHoriz=False, flipVert=False, font='Sans Sherif', fontFiles=[], height=0.03, italic=False, languageStyle='LTR', name='fix_cross', opacity=1, ori=0.0, pos=array([0., 0.]), rgb=UNKNOWN, text='+', units='height', win=Window(...), wrapWidth=1)
11.9293 	EXP 	Created instruction_now_retr = TextStim(__class__=<class 'psychopy.visual.text.TextStim'>, alignHoriz=method-wrapper(...), alignText='center', alignVert=method-wrapper(...), anchorHoriz='center', anchorVert='center', antialias=True, autoDraw=False, autoLog=True, bold=False, color=array([1., 1., 1.]), colorSpace='rgb', contrast=1.0, depth=0.0, draggable=False, flipHoriz=False, flipVert=False, font='Sans Sherif', fontFiles=[], height=0.025, italic=False, languageStyle='LTR', name='instruction_now_retr', opacity=1, ori=0.0, pos=array([0., 0.]), rgb=UNKNOWN, text='', units='height', win=Window(...), wrapWidth=1)
11.9300 	EXP 	Created fix_cross_retrbegin_2 = TextStim(__class__=<class 'psychopy.visual.text.TextStim'>, alignHoriz=method-wrapper(...), alignText='center', alignVert=method-wrapper(...), anchorHoriz='center', anchorVert='center', antialias=True, autoDraw=False, autoLog=True, bold=False, color=array([1., 1., 1.]), colorSpace='rgb', contrast=1.0, depth=-1.0, draggable=False, flipHoriz=False, flipVert=False, font='Sans Sherif', fontFiles=[], height=0.03, italic=False, languageStyle='LTR', name='fix_cross_retrbegin_2', opacity=1, ori=0.0, pos=array([0., 0.]), rgb=UNKNOWN, text='', units='height', win=Window(...), wrapWidth=1)
11.9337 	EXP 	Created image_1 = ImageStim(__class__=<class 'psychopy.visual.image.ImageStim'>, anchor=('center', 'center'), autoLog=True, color=array([1., 1., 1.]), colorSpace='rgb', contrast=1.0, depth=-1.0, draggable=False, flipHoriz=False, flipVert=False, image='default.png', interpolate=True, mask=None, maskParams=None, name='image_1', opacity=1, ori=0.0, pos=array([0., 0.]), size=array([0.15, 0.15]), texRes=128.0, units='height', win=Window(...))
11.9383 	EXP 	Created mask_img1_2 = ImageStim(__class__=<class 'psychopy.visual.image.ImageStim'>, anchor=('center', 'center'), autoLog=True, color=array([1., 1., 1.]), colorSpace='rgb', contrast=1.0, depth=0.0, draggable=False, flipHoriz=False, flipVert=False, image='stimuli/mask_images/mask_00.png', interpolate=True, mask=None, maskParams=None, name='mask_img1_2', opacity=1, ori=0.0, pos=array([0., 0.]), size=array([0.15, 0.15]), texRes=128.0, units='height', win=Window(...))
11.9419 	EXP 	Created image_2 = ImageStim(__class__=<class 'psychopy.visual.image.ImageStim'>, anchor=('center', 'center'), autoLog=True, color=array([1., 1., 1.]), colorSpace='rgb', contrast=1.0, depth=-1.0, draggable=False, flipHoriz=False, flipVert=False, image='default.png', interpolate=True, mask=None, maskParams=None, name='image_2', opacity=1, ori=0.0, pos=array([0., 0.]), size=array([0.15, 0.15]), texRes=128.0, units='height', win=Window(...))
11.9465 	EXP 	Created mask_img2_2 = ImageStim(__class__=<class 'psychopy.visual.image.ImageStim'>, anchor=('center', 'center'), autoLog=True, color=array([1., 1., 1.]), colorSpace='rgb', contrast=1.0, depth=0.0, draggable=False, flipHoriz=False, flipVert=False, image='stimuli/mask_images/mask_01.png', interpolate=True, mask=None, maskParams=None, name='mask_img2_2', opacity=1, ori=0.0, pos=array([0., 0.]), size=array([0.15, 0.15]), texRes=128.0, units='height', win=Window(...))
11.9484 	EXP 	Created fix_cross_reflretr = TextStim(__class__=<class 'psychopy.visual.text.TextStim'>, alignHoriz=method-wrapper(...), alignText='center', alignVert=method-wrapper(...), anchorHoriz='center', anchorVert='center', antialias=True, autoDraw=False, autoLog=True, bold=False, color=array([1., 1., 1.]), colorSpace='rgb', contrast=1.0, depth=-1.0, draggable=False, flipHoriz=False, flipVert=False, font='Sans Sherif', fontFiles=[], height=0.03, italic=False, languageStyle='LTR', name='fix_cross_reflretr', opacity=1, ori=0.0, pos=array([0., 0.]), rgb=UNKNOWN, text='+', units='height', win=Window(...), wrapWidth=1)
11.9495 	EXP 	Created polygon_6 = Rect(__class__=<class 'psychopy.visual.rect.Rect'>, anchor=('center', 'center'), autoDraw=False, autoLog=True, closeShape=True, color=method-wrapper(...), colorSpace='rgb', contrast=None, depth=-2.0, draggable=False, fillColor=array([0, 0, 0]), fillColorSpace='rgb', fillRGB=array([0, 0, 0]), interpolate=True, lineColor=array([0.0039, 0.0039, 0.0039]), lineColorSpace='rgb', lineRGB=array([0.0039, 0.0039, 0.0039]), lineWidth=1.5, name='polygon_6', opacity=0.0, ori=0.0, pos=array([0., 0.]), size=array([0.08, 0.03]), units='height', vertices=ndarray(...), win=Window(...))
11.9505 	EXP 	Created yes_txt = TextStim(__class__=<class 'psychopy.visual.text.TextStim'>, alignHoriz=method-wrapper(...), alignText='center', alignVert=method-wrapper(...), anchorHoriz='center', anchorVert='center', antialias=True, autoDraw=False, autoLog=True, bold=False, color=array([1., 1., 1.]), colorSpace='rgb', contrast=1.0, depth=-3.0, draggable=False, flipHoriz=False, flipVert=False, font='Sans Sherif', fontFiles=[], height=0.03, italic=False, languageStyle='LTR', name='yes_txt', opacity=1, ori=0.0, pos=array([0., 0.]), rgb=UNKNOWN, text='', units='height', win=Window(...), wrapWidth=1)
11.9516 	EXP 	Created no_txt = TextStim(__class__=<class 'psychopy.visual.text.TextStim'>, alignHoriz=method-wrapper(...), alignText='center', alignVert=method-wrapper(...), anchorHoriz='center', anchorVert='center', antialias=True, autoDraw=False, autoLog=True, bold=False, color=array([1., 1., 1.]), colorSpace='rgb', contrast=1.0, depth=-4.0, draggable=False, flipHoriz=False, flipVert=False, font='Sans Sherif', fontFiles=[], height=0.03, italic=False, languageStyle='LTR', name='no_txt', opacity=1, ori=0.0, pos=array([0., 0.]), rgb=UNKNOWN, text='', units='height', win=Window(...), wrapWidth=1)
11.9567 	EXP 	Created chooseNowText_2 = TextStim(__class__=<class 'psychopy.visual.text.TextStim'>, alignHoriz=method-wrapper(...), alignText='center', alignVert=method-wrapper(...), anchorHoriz='center', anchorVert='center', antialias=True, autoDraw=False, autoLog=True, bold=False, color=array([1., 1., 1.]), colorSpace='rgb', contrast=1.0, depth=-7.0, draggable=False, flipHoriz=False, flipVert=False, font='Sans Sherif', fontFiles=[], height=0.025, italic=False, languageStyle='LTR', name='chooseNowText_2', opacity=1.0, ori=0.0, pos=array([0.  , 0.15]), rgb=UNKNOWN, text='Bitte antworten Sie jetzt', units='height', win=Window(...), wrapWidth=1)
11.9580 	EXP 	Created tooSlowtext_4 = TextStim(__class__=<class 'psychopy.visual.text.TextStim'>, alignHoriz=method-wrapper(...), alignText='center', alignVert=method-wrapper(...), anchorHoriz='center', anchorVert='center', antialias=True, autoDraw=False, autoLog=True, bold=False, color=array([1., 1., 1.]), colorSpace='rgb', contrast=1.0, depth=-1.0, draggable=False, flipHoriz=False, flipVert=False, font='Sans Sherif', fontFiles=[], height=0.025, italic=False, languageStyle='LTR', name='tooSlowtext_4', opacity=1, ori=0.0, pos=array([0., 0.]), rgb=UNKNOWN, text='', units='height', win=Window(...), wrapWidth=1)
11.9635 	EXP 	Created chooseNowText_3 = TextStim(__class__=<class 'psychopy.visual.text.TextStim'>, alignHoriz=method-wrapper(...), alignText='center', alignVert=method-wrapper(...), anchorHoriz='center', anchorVert='center', antialias=True, autoDraw=False, autoLog=True, bold=False, color=array([1., 1., 1.]), colorSpace='rgb', contrast=1.0, depth=-3.0, draggable=False, flipHoriz=False, flipVert=False, font='Sans Sherif', fontFiles=[], height=0.025, italic=False, languageStyle='LTR', name='chooseNowText_3', opacity=1.0, ori=0.0, pos=array([0.  , 0.15]), rgb=UNKNOWN, text='Bitte antworten Sie jetzt', units='height', win=Window(...), wrapWidth=1)
11.9668 	EXP 	Created opt_2 = TextStim(__class__=<class 'psychopy.visual.text.TextStim'>, alignHoriz=method-wrapper(...), alignText='center', alignVert=method-wrapper(...), anchorHoriz='center', anchorVert='center', antialias=True, autoDraw=False, autoLog=True, bold=False, color=array([1., 1., 1.]), colorSpace='rgb', contrast=1.0, depth=-5.0, draggable=False, flipHoriz=False, flipVert=False, font='Sans Sherif', fontFiles=[], height=0.03, italic=False, languageStyle='LTR', name='opt_2', opacity=1, ori=0.0, pos=array([0.  , 0.05]), rgb=UNKNOWN, text='2', units='height', win=Window(...), wrapWidth=1)
11.9692 	EXP 	Created opt_3 = TextStim(__class__=<class 'psychopy.visual.text.TextStim'>, alignHoriz=method-wrapper(...), alignText='center', alignVert=method-wrapper(...), anchorHoriz='center', anchorVert='center', antialias=True, autoDraw=False, autoLog=True, bold=False, color=array([1., 1., 1.]), colorSpace='rgb', contrast=1.0, depth=-6.0, draggable=False, flipHoriz=False, flipVert=False, font='Sans Sherif', fontFiles=[], height=0.03, italic=False, languageStyle='LTR', name='opt_3', opacity=1, ori=0.0, pos=array([0.05, 0.  ]), rgb=UNKNOWN, text='3', units='height', win=Window(...), wrapWidth=1)
11.9715 	EXP 	Created opt_4 = TextStim(__class__=<class 'psychopy.visual.text.TextStim'>, alignHoriz=method-wrapper(...), alignText='center', alignVert=method-wrapper(...), anchorHoriz='center', anchorVert='center', antialias=True, autoDraw=False, autoLog=True, bold=False, color=array([1., 1., 1.]), colorSpace='rgb', contrast=1.0, depth=-7.0, draggable=False, flipHoriz=False, flipVert=False, font='Sans Sherif', fontFiles=[], height=0.03, italic=False, languageStyle='LTR', name='opt_4', opacity=1, ori=0.0, pos=array([ 0.  , -0.05]), rgb=UNKNOWN, text='4', units='height', win=Window(...), wrapWidth=1)
11.9737 	EXP 	Created opt_5 = TextStim(__class__=<class 'psychopy.visual.text.TextStim'>, alignHoriz=method-wrapper(...), alignText='center', alignVert=method-wrapper(...), anchorHoriz='center', anchorVert='center', antialias=True, autoDraw=False, autoLog=True, bold=False, color=array([1., 1., 1.]), colorSpace='rgb', contrast=1.0, depth=-8.0, draggable=False, flipHoriz=False, flipVert=False, font='Sans Sherif', fontFiles=[], height=0.03, italic=False, languageStyle='LTR', name='opt_5', opacity=1, ori=0.0, pos=array([-0.05,  0.  ]), rgb=UNKNOWN, text='5', units='height', win=Window(...), wrapWidth=1)
11.9749 	EXP 	Created tooSlowtext_2 = TextStim(__class__=<class 'psychopy.visual.text.TextStim'>, alignHoriz=method-wrapper(...), alignText='center', alignVert=method-wrapper(...), anchorHoriz='center', anchorVert='center', antialias=True, autoDraw=False, autoLog=True, bold=False, color=array([1., 1., 1.]), colorSpace='rgb', contrast=1.0, depth=-1.0, draggable=False, flipHoriz=False, flipVert=False, font='Sans Sherif', fontFiles=[], height=0.025, italic=False, languageStyle='LTR', name='tooSlowtext_2', opacity=1, ori=0.0, pos=array([0., 0.]), rgb=UNKNOWN, text='', units='height', win=Window(...), wrapWidth=1)
11.9764 	EXP 	Created break_instruction = TextStim(__class__=<class 'psychopy.visual.text.TextStim'>, alignHoriz=method-wrapper(...), alignText='center', alignVert=method-wrapper(...), anchorHoriz='center', anchorVert='center', antialias=True, autoDraw=False, autoLog=True, bold=False, color=array([1., 1., 1.]), colorSpace='rgb', contrast=1.0, depth=-2.0, draggable=False, flipHoriz=False, flipVert=False, font='Sans Sherif', fontFiles=[], height=0.025, italic=False, languageStyle='LTR', name='break_instruction', opacity=1, ori=0.0, pos=array([0., 0.]), rgb=UNKNOWN, text='', units='height', win=Window(...), wrapWidth=1)
11.9834 	EXP 	Created instruction_text_newroute = TextStim(__class__=<class 'psychopy.visual.text.TextStim'>, alignHoriz=method-wrapper(...), alignText='center', alignVert=method-wrapper(...), anchorHoriz='center', anchorVert='center', antialias=True, autoDraw=False, autoLog=True, bold=False, color=array([1., 1., 1.]), colorSpace='rgb', contrast=1.0, depth=-1.0, draggable=False, flipHoriz=False, flipVert=False, font='Sans Sherif', fontFiles=[], height=0.025, italic=False, languageStyle='LTR', name='instruction_text_newroute', opacity=1, ori=0.0, pos=array([0., 0.]), rgb=UNKNOWN, text='', units='height', win=Window(...), wrapWidth=1)
11.9846 	EXP 	Created instructions_end_text = TextStim(__class__=<class 'psychopy.visual.text.TextStim'>, alignHoriz=method-wrapper(...), alignText='center', alignVert=method-wrapper(...), anchorHoriz='center', anchorVert='center', antialias=True, autoDraw=False, autoLog=True, bold=False, color=array([1., 1., 1.]), colorSpace='rgb', contrast=1.0, depth=-1.0, draggable=False, flipHoriz=False, flipVert=False, font='Sans Sherif', fontFiles=[], height=0.025, italic=False, languageStyle='LTR', name='instructions_end_text', opacity=1, ori=0.0, pos=array([0., 0.]), rgb=UNKNOWN, text='', units='height', win=Window(...), wrapWidth=1)
0.0093 	EXP 	break_instruction: height = 0.025
0.0093 	EXP 	break_instruction: height = 0.025
0.0093 	EXP 	break_instruction: height = 0.025
0.0093 	EXP 	break_instruction: text = 'Kurze Pause. Es geht gleich weiter.'
0.0428 	EXP 	instruction_part1: height = 0.025
0.0428 	EXP 	instruction_part1: height = 0.025
0.0428 	EXP 	instruction_part1: height = 0.025
0.0428 	EXP 	instruction_part1: text = 'Willkommen zu der Aufgabe.\n\nIn diesem Experiment lernen Sie verschiedene Bildsequenzen.\n\nDie Lernphasen wechseln sich mit Abrufphasen ab.\nIn den Abrufphasen beantworten Sie Fragen zu den zuvor\ngelernten Sequenzen.\n\nDrücken Sie eine beliebige Taste, um fortzufahren.'
0.0428 	EXP 	instruction_part1: autoDraw = True
1.2131 	DATA 	Mouse: Left button down, pos=(585,286)
1.3300 	DATA 	Mouse:  Left button up, pos=(585,286)
1.6669 	EXP 	Device response: <KeyPress from None: t=1.6481570000760257, value=r, duration=None>
1.6674 	DATA 	Keypress: r
1.7784 	EXP 	Device response: <KeyPress from None: t=1.6481570000760257, value=r, duration=0.11581519991159439>
2.1283 	EXP 	Device response: <KeyPress from None: t=2.1257992000319064, value=r, duration=None>
2.1287 	DATA 	Keypress: r
2.2111 	EXP 	Device response: <KeyPress from None: t=2.1257992000319064, value=r, duration=0.07001350005157292>
3.0259 	INFO 	Keyboard events cleared
3.2276 	EXP 	Device response: <KeyPress from None: t=3.2213590000756085, value=r, duration=None>
3.2369 	DATA 	Keypress: r
3.2420 	EXP 	instruction_part1: autoDraw = False
3.2420 	EXP 	instruction_part2: height = 0.025
3.2420 	EXP 	instruction_part2: height = 0.025
3.2420 	EXP 	instruction_part2: height = 0.025
3.2420 	EXP 	instruction_part2: text = 'Um sich die Reihenfolge besser zu merken, verbinden Sie die\nBilder gedanklich zu einer Geschichte.\n\nZum Beispiel: Der Hund spielt Gitarre, danach geht die Lampe an.\n\nZunächst üben Sie die Lernphasen.\n\nDrücken Sie eine beliebige Taste, um zu erfahren, wie diese ablaufen.'
3.2420 	EXP 	instruction_part2: autoDraw = True
3.2775 	EXP 	Device response: <KeyPress from None: t=3.2213590000756085, value=r, duration=0.04724099999293685>
4.6109 	EXP 	Device response: <KeyPress from None: t=4.605373000027612, value=r, duration=None>
4.6116 	DATA 	Keypress: r
4.6934 	EXP 	Device response: <KeyPress from None: t=4.605373000027612, value=r, duration=0.07925509999040514>
4.9937 	EXP 	Device response: <KeyPress from None: t=4.989022099995054, value=r, duration=None>
4.9941 	DATA 	Keypress: r
5.0602 	EXP 	Device response: <KeyPress from None: t=4.989022099995054, value=r, duration=0.05919609998818487>
5.2106 	EXP 	Device response: <KeyPress from None: t=5.19833170005586, value=r, duration=None>
5.2110 	DATA 	Keypress: r
5.2938 	EXP 	Device response: <KeyPress from None: t=5.19833170005586, value=r, duration=0.09462819993495941>
5.4273 	EXP 	Device response: <KeyPress from None: t=5.423004599986598, value=r, duration=None>
5.4277 	DATA 	Keypress: r
5.5105 	EXP 	Device response: <KeyPress from None: t=5.423004599986598, value=r, duration=0.07540080009493977>
5.8271 	EXP 	Device response: <KeyPress from None: t=5.824860700056888, value=r, duration=None>
5.8275 	DATA 	Keypress: r
5.9271 	EXP 	Device response: <KeyPress from None: t=5.824860700056888, value=r, duration=0.0935089000267908>
6.0773 	EXP 	Device response: <KeyPress from None: t=6.063473000074737, value=r, duration=None>
6.0777 	DATA 	Keypress: r
6.1599 	EXP 	Device response: <KeyPress from None: t=6.063473000074737, value=r, duration=0.09157669998239726>
6.2415 	INFO 	Keyboard events cleared
6.2772 	EXP 	Device response: <KeyPress from None: t=6.273447800078429, value=r, duration=None>
6.2851 	DATA 	Keypress: r
6.2910 	EXP 	instruction_part2: autoDraw = False
6.2910 	EXP 	instruction_part3: height = 0.025
6.2910 	EXP 	instruction_part3: height = 0.025
6.2910 	EXP 	instruction_part3: height = 0.025
6.2910 	EXP 	instruction_part3: text = 'In jedem Lerndurchgang sehen Sie unten das aktuelle Bild\nder Sequenz. Oben werden drei Bilder angezeigt.\n\nWählen Sie das Bild aus, das als Nächstes in der Sequenz folgt.\n\nDrücken Sie eine beliebige Taste, um fortzufahren.'
6.2910 	EXP 	instruction_part3: autoDraw = True
6.3771 	EXP 	Device response: <KeyPress from None: t=6.273447800078429, value=r, duration=0.09112929995171726>
6.4767 	EXP 	Device response: <KeyPress from None: t=6.464250900084153, value=r, duration=None>
6.4771 	DATA 	Keypress: r
6.5764 	EXP 	Device response: <KeyPress from None: t=6.464250900084153, value=r, duration=0.10780789994169027>
6.6933 	EXP 	Device response: <KeyPress from None: t=6.679856100003235, value=r, duration=None>
6.6937 	DATA 	Keypress: r
6.8439 	EXP 	Device response: <KeyPress from None: t=6.679856100003235, value=r, duration=0.16020709997974336>
8.3759 	EXP 	Device response: <KeyPress from None: t=8.368871900020167, value=r, duration=None>
8.3763 	DATA 	Keypress: r
8.6262 	EXP 	Device response: <KeyPress from None: t=8.368871900020167, value=r, duration=0.24668510002084076>
8.9928 	EXP 	Device response: <KeyPress from None: t=8.981208899989724, value=r, duration=None>
8.9932 	DATA 	Keypress: r
9.1259 	EXP 	Device response: <KeyPress from None: t=8.981208899989724, value=r, duration=0.1421402000123635>
9.2904 	INFO 	Keyboard events cleared
9.3256 	EXP 	Device response: <KeyPress from None: t=9.321733099990524, value=r, duration=None>
9.3351 	DATA 	Keypress: r
9.3400 	EXP 	instruction_part3: autoDraw = False
9.3400 	EXP 	instruction_part4: height = 0.025
9.3400 	EXP 	instruction_part4: height = 0.025
9.3400 	EXP 	instruction_part4: height = 0.025
9.3400 	EXP 	instruction_part4: text = 'Verwenden Sie die linke grüne, die rechte blaue\nund die obere rote Taste, um das linke, rechte oder mittlere\nBild auszuwählen.\n\nDie Position der Bilder auf dem Bildschirm\nhat keine Bedeutung für die Reihenfolge der Sequenz.\nJedes Bild kann an jeder Position erscheinen.\n\nDrücken Sie eine beliebige Taste, um fortzufahren.'
9.3400 	EXP 	instruction_part4: autoDraw = True
9.4088 	EXP 	Device response: <KeyPress from None: t=9.321733099990524, value=r, duration=0.07736320002004504>
9.7097 	EXP 	Device response: <KeyPress from None: t=9.697268899995834, value=r, duration=None>
9.7101 	DATA 	Keypress: r
9.7932 	EXP 	Device response: <KeyPress from None: t=9.697268899995834, value=r, duration=0.07947780005633831>
9.9421 	EXP 	Device response: <KeyPress from None: t=9.934883299982175, value=r, duration=None>
9.9424 	DATA 	Keypress: r
10.0093 	EXP 	Device response: <KeyPress from None: t=9.934883299982175, value=r, duration=0.06957230006810278>
10.1587 	EXP 	Device response: <KeyPress from None: t=10.146338900085539, value=r, duration=None>
10.1591 	DATA 	Keypress: r
10.2422 	EXP 	Device response: <KeyPress from None: t=10.146338900085539, value=r, duration=0.09381399990525097>
10.4248 	EXP 	Device response: <KeyPress from None: t=10.418344200006686, value=r, duration=None>
10.4252 	DATA 	Keypress: r
10.5590 	EXP 	Device response: <KeyPress from None: t=10.418344200006686, value=r, duration=0.12787500000558794>
11.3247 	EXP 	Device response: <KeyPress from None: t=11.320955600007437, value=r, duration=None>
11.3250 	DATA 	Keypress: r
11.4087 	EXP 	Device response: <KeyPress from None: t=11.320955600007437, value=r, duration=0.08341329998802394>
11.5753 	EXP 	Device response: <KeyPress from None: t=11.573685600073077, value=r, duration=None>
11.5756 	DATA 	Keypress: r
11.6914 	EXP 	Device response: <KeyPress from None: t=11.573685600073077, value=r, duration=0.10955940000712872>
12.1257 	DATA 	Keypress: r
12.1417 	EXP 	Device response: <KeyPress from None: t=12.125439300085418, value=r, duration=None>
12.2253 	EXP 	Device response: <KeyPress from None: t=12.125439300085418, value=r, duration=0.08557069988455623>
12.3396 	INFO 	Keyboard events cleared
12.3422 	DATA 	Keypress: r
12.5600 	EXP 	Device response: <KeyPress from None: t=12.549465900054201, value=r, duration=None>
12.5672 	DATA 	Keypress: r
12.5729 	EXP 	instruction_part4: autoDraw = False
12.5729 	EXP 	instruction_part5: height = 0.025
12.5729 	EXP 	instruction_part5: height = 0.025
12.5729 	EXP 	instruction_part5: height = 0.025
12.5729 	EXP 	instruction_part5: text = 'Nach Ihrer Auswahl erhalten Sie Feedback:\nDas richtige nächste Bild bewegt sich nach unten\nund wird zum aktuellen Bild für den nächsten Lerndurchgang.\n\nDrücken Sie eine beliebige Taste, um fortzufahren.'
12.5729 	EXP 	instruction_part5: autoDraw = True
12.6915 	EXP 	Device response: <KeyPress from None: t=12.549465900054201, value=r, duration=0.13191699993330985>
13.1256 	EXP 	Device response: <KeyPress from None: t=13.115460900007747, value=r, duration=None>
13.1267 	DATA 	Keypress: r
13.2433 	EXP 	Device response: <KeyPress from None: t=13.115460900007747, value=r, duration=0.1158357000676915>
13.3255 	EXP 	Device response: <KeyPress from None: t=13.32111400004942, value=r, duration=None>
13.3260 	DATA 	Keypress: r
13.4248 	EXP 	Device response: <KeyPress from None: t=13.32111400004942, value=r, duration=0.09746349998749793>
13.5081 	EXP 	Device response: <KeyPress from None: t=13.500174600048922, value=r, duration=None>
13.5086 	DATA 	Keypress: r
13.6087 	EXP 	Device response: <KeyPress from None: t=13.500174600048922, value=r, duration=0.10167449992150068>
13.6914 	EXP 	Device response: <KeyPress from None: t=13.683438100037165, value=r, duration=None>
13.6918 	DATA 	Keypress: r
14.1079 	EXP 	Device response: <KeyPress from None: t=13.683438100037165, value=r, duration=0.408858299953863>
14.2242 	EXP 	Device response: <KeyPress from None: t=14.220344000030309, value=r, duration=None>
14.2247 	DATA 	Keypress: r
14.3413 	EXP 	Device response: <KeyPress from None: t=14.220344000030309, value=r, duration=0.10964599996805191>
14.4411 	EXP 	Device response: <KeyPress from None: t=14.42472180002369, value=r, duration=None>
14.4415 	DATA 	Keypress: r
14.5742 	EXP 	Device response: <KeyPress from None: t=14.42472180002369, value=r, duration=0.13809070002753288>
14.7902 	EXP 	Device response: <KeyPress from None: t=14.778135700034909, value=r, duration=None>
14.7905 	DATA 	Keypress: r
14.9404 	EXP 	Device response: <KeyPress from None: t=14.778135700034909, value=r, duration=0.14809809997677803>
15.0737 	EXP 	Device response: <KeyPress from None: t=15.071433400036767, value=r, duration=None>
15.0741 	DATA 	Keypress: r
15.2573 	EXP 	Device response: <KeyPress from None: t=15.071433400036767, value=r, duration=0.1720177000388503>
15.4907 	EXP 	Device response: <KeyPress from None: t=15.48835780005902, value=r, duration=None>
15.4911 	DATA 	Keypress: r
15.5720 	INFO 	Keyboard events cleared
15.6409 	EXP 	Device response: <KeyPress from None: t=15.48835780005902, value=r, duration=0.14394520001951605>
15.7742 	EXP 	Device response: <KeyPress from None: t=15.762186300009489, value=r, duration=None>
15.7829 	DATA 	Keypress: r
15.7882 	EXP 	instruction_part5: autoDraw = False
15.7882 	EXP 	instruction_part6: height = 0.025
15.7882 	EXP 	instruction_part6: height = 0.025
15.7882 	EXP 	instruction_part6: height = 0.025
15.7882 	EXP 	instruction_part6: text = 'Wichtig: Auch bei einer falschen Antwort bewegt\nsich immer das richtige nächste Bild nach unten.\n\nSo lernen Sie die Sequenz schrittweise durch Versuch\nund Irrtum. Antworten Sie bitte so schnell und genau wie möglich.\n\nDrücken Sie eine beliebige Taste, um fortzufahren'
15.7882 	EXP 	instruction_part6: autoDraw = True
15.9069 	EXP 	Device response: <KeyPress from None: t=15.762186300009489, value=r, duration=0.13189850002527237>
15.9898 	EXP 	Device response: <KeyPress from None: t=15.97468270000536, value=r, duration=None>
15.9902 	DATA 	Keypress: r
16.1234 	EXP 	Device response: <KeyPress from None: t=15.97468270000536, value=r, duration=0.14201700000558048>
16.5569 	EXP 	Device response: <KeyPress from None: t=16.548766000079922, value=r, duration=None>
16.5574 	DATA 	Keypress: r
16.6404 	EXP 	Device response: <KeyPress from None: t=16.548766000079922, value=r, duration=0.08161959995049983>
17.2733 	EXP 	Device response: <KeyPress from None: t=17.267874700017273, value=r, duration=None>
17.2737 	DATA 	Keypress: r
17.8565 	EXP 	Device response: <KeyPress from None: t=17.267874700017273, value=r, duration=0.5808573999674991>
17.9235 	EXP 	Device response: <KeyPress from None: t=17.911369899986312, value=r, duration=None>
17.9241 	DATA 	Keypress: r
18.0731 	EXP 	Device response: <KeyPress from None: t=17.911369899986312, value=r, duration=0.1480500000761822>
18.1402 	EXP 	Device response: <KeyPress from None: t=18.137124400003813, value=r, duration=None>
18.1407 	DATA 	Keypress: r
18.2724 	EXP 	Device response: <KeyPress from None: t=18.137124400003813, value=r, duration=0.12167829996906221>
18.3396 	EXP 	Device response: <KeyPress from None: t=18.333406700054184, value=r, duration=None>
18.3400 	DATA 	Keypress: r
18.4895 	EXP 	Device response: <KeyPress from None: t=18.333406700054184, value=r, duration=0.1499860999174416>
18.7872 	INFO 	Keyboard events cleared
18.8060 	EXP 	Device response: <KeyPress from None: t=18.798665400012396, value=r, duration=None>
18.8129 	DATA 	Keypress: r
18.8204 	EXP 	instruction_part6: autoDraw = False
18.8204 	EXP 	instructions_part16: height = 0.025
18.8204 	EXP 	instructions_part16: height = 0.025
18.8204 	EXP 	instructions_part16: height = 0.025
18.8204 	EXP 	instructions_part16: text = 'Nach jedem Lerndurchlauf erscheint für kurze Zeit\nein Fixationskreuz.\n\nDiese Wartezeit ist keine Pause.\nBitte bleiben Sie weiterhin ruhig sitzen und schauen\nSie auf das Fixationskreuz.\n\nDrücken Sie eine beliebige Taste, um das Lernen zu üben.'
18.8204 	EXP 	instructions_part16: autoDraw = True
18.9056 	EXP 	Device response: <KeyPress from None: t=18.798665400012396, value=r, duration=0.09154870000202209>
19.0730 	EXP 	Device response: <KeyPress from None: t=19.07165429997258, value=r, duration=None>
19.0734 	DATA 	Keypress: r
19.1563 	EXP 	Device response: <KeyPress from None: t=19.07165429997258, value=r, duration=0.07749880000483245>
19.2564 	EXP 	Device response: <KeyPress from None: t=19.255917700007558, value=r, duration=None>
19.2568 	DATA 	Keypress: r
19.3391 	EXP 	Device response: <KeyPress from None: t=19.255917700007558, value=r, duration=0.07354929996654391>
19.7722 	EXP 	Device response: <KeyPress from None: t=19.771497900015675, value=r, duration=None>
19.7725 	DATA 	Keypress: r
19.8200 	INFO 	Keyboard events cleared
19.8552 	EXP 	Device response: <KeyPress from None: t=19.771497900015675, value=r, duration=0.07351560005918145>
19.9722 	EXP 	Device response: <KeyPress from None: t=19.966976700001396, value=r, duration=None>
19.9780 	DEBUG 	Read excel file with openpyxl: sequences/main_trials_prc.xlsx
19.9788 	EXP 	Imported sequences/main_trials_prc.xlsx as conditions, 6 conditions, 8 params
19.9790 	EXP 	New trial (rep=0, index=0): <Trial 0 (0 in rep 0) data={'promptFile': 'stimuli/practice_images/anchor.jpg', 'correctFile': 'stimuli/practice_images/cow.jpg', 'dist_01File': 'stimuli/practice_images/bread.jpg', 'dist_02File': 'stimuli/practice_images/plane.jpg', 'correct_pos': 'right', 'dist01_pos': 'left', 'dist02_pos': 'center', 'correct_ans': 'right', 'thisN': 0, 'thisTrialN': 0, 'thisRepN': 0}>
19.9791 	INFO 	Keyboard events cleared
20.0805 	INFO 	Keyboard events cleared
20.0831 	DATA 	Keypress: r
20.1221 	EXP 	instructions_part16: autoDraw = False
20.1221 	EXP 	prompt_prc: image = 'stimuli/practice_images/anchor.jpg'
20.1221 	EXP 	dist_01_prc: image = 'stimuli/practice_images/bread.jpg'
20.1221 	EXP 	dist_02_prc: image = 'stimuli/practice_images/plane.jpg'
20.1221 	EXP 	correct_prc: image = 'stimuli/practice_images/cow.jpg'
20.1221 	EXP 	instructions_choose_2: height = 0.025
20.1221 	EXP 	instructions_choose_2: height = 0.025
20.1221 	EXP 	instructions_choose_2: height = 0.025
20.1221 	EXP 	instructions_choose_2: text = 'Wählen Sie das nächste Bild in der Sequenz.'
20.1221 	EXP 	polygon: autoDraw = True
20.1221 	EXP 	polygon: borderColor = <psychopy.colors.Color: none, alpha=0.0>
20.1221 	EXP 	prompt_prc: autoDraw = True
20.1221 	EXP 	dist_01_prc: autoDraw = True
20.1221 	EXP 	dist_02_prc: autoDraw = True
20.1221 	EXP 	correct_prc: autoDraw = True
20.1221 	EXP 	instructions_choose_2: autoDraw = True
20.1369 	EXP 	polygon: borderColor = <psychopy.colors.Color: none, alpha=0.0>
20.1534 	EXP 	polygon: borderColor = <psychopy.colors.Color: none, alpha=0.0>
20.1702 	EXP 	polygon: borderColor = <psychopy.colors.Color: none, alpha=0.0>
20.1725 	EXP 	Device response: <KeyPress from None: t=20.162320400006138, value=r, duration=None>
20.1741 	DATA 	Keypress: r
20.1870 	EXP 	polygon: borderColor = <psychopy.colors.Color: none, alpha=0.0>
20.1870 	EXP 	polygon: fillColor = <psychopy.colors.Color: red, alpha=1.0>
20.1870 	EXP 	polygon: borderColor = <psychopy.colors.Color: red, alpha=1.0>
20.2034 	EXP 	polygon: borderColor = <psychopy.colors.Color: (0.0, 0.0, 0.0, 1.0)>
20.2200 	EXP 	polygon: borderColor = <psychopy.colors.Color: (0.0, 0.0, 0.0, 1.0)>
20.2373 	EXP 	polygon: borderColor = <psychopy.colors.Color: (0.0, 0.0, 0.0, 1.0)>
20.2541 	EXP 	polygon: borderColor = <psychopy.colors.Color: (0.0, 0.0, 0.0, 1.0)>
20.2568 	EXP 	Device response: <KeyPress from None: t=19.966976700001396, value=r, duration=0.2829454999882728>
20.2706 	EXP 	polygon: borderColor = <psychopy.colors.Color: (0.0, 0.0, 0.0, 1.0)>
20.2873 	EXP 	polygon: borderColor = <psychopy.colors.Color: (0.0, 0.0, 0.0, 1.0)>
20.3982 	EXP 	Device response: <KeyPress from None: t=20.35801620001439, value=r, duration=None>
20.4002 	DATA 	Keypress: r
20.4372 	EXP 	polygon: borderColor = <psychopy.colors.Color: (0.0, 0.0, 0.0, 1.0)>
20.4372 	EXP 	polygon: autoDraw = False
20.4372 	EXP 	prompt_prc: autoDraw = False
20.4372 	EXP 	dist_01_prc: autoDraw = False
20.4372 	EXP 	dist_02_prc: autoDraw = False
20.4372 	EXP 	correct_prc: autoDraw = False
20.4372 	EXP 	instructions_choose_2: autoDraw = False
20.4372 	EXP 	polygon_7: fillColor = <psychopy.colors.Color: red, alpha=1.0>
20.4372 	EXP 	polygon_7: borderColor = <psychopy.colors.Color: red, alpha=1.0>
20.4372 	EXP 	prompt_prc_2: image = 'stimuli/practice_images/anchor.jpg'
20.4372 	EXP 	dist_01_prc_2: image = 'stimuli/practice_images/bread.jpg'
20.4372 	EXP 	dist_02_prc_2: image = 'stimuli/practice_images/plane.jpg'
20.4372 	EXP 	correct_prc_2: image = 'stimuli/practice_images/cow.jpg'
20.4372 	EXP 	polygon_7: autoDraw = True
20.4372 	EXP 	prompt_prc_2: autoDraw = True
20.4372 	EXP 	dist_01_prc_2: autoDraw = True
20.4372 	EXP 	dist_02_prc_2: autoDraw = True
20.4372 	EXP 	correct_prc_2: autoDraw = True
20.4562 	EXP 	Device response: <KeyPress from None: t=20.162320400006138, value=r, duration=0.2912765999790281>
21.4221 	EXP 	New trial (rep=0, index=1): <Trial 1 (1 in rep 0) data={'promptFile': 'stimuli/practice_images/cow.jpg', 'correctFile': 'stimuli/practice_images/ant.jpg', 'dist_01File': 'stimuli/practice_images/banana.jpg', 'dist_02File': 'stimuli/practice_images/glasses.jpg', 'correct_pos': 'left', 'dist01_pos': 'right', 'dist02_pos': 'center', 'correct_ans': 'left', 'thisN': 1, 'thisTrialN': 1, 'thisRepN': 0}>
21.4222 	INFO 	Keyboard events cleared
21.5211 	INFO 	Keyboard events cleared
21.5471 	EXP 	polygon_7: autoDraw = False
21.5471 	EXP 	prompt_prc_2: autoDraw = False
21.5471 	EXP 	dist_01_prc_2: autoDraw = False
21.5471 	EXP 	dist_02_prc_2: autoDraw = False
21.5471 	EXP 	correct_prc_2: autoDraw = False
21.5471 	EXP 	prompt_prc: image = 'stimuli/practice_images/cow.jpg'
21.5471 	EXP 	dist_01_prc: image = 'stimuli/practice_images/banana.jpg'
21.5471 	EXP 	dist_02_prc: image = 'stimuli/practice_images/glasses.jpg'
21.5471 	EXP 	correct_prc: image = 'stimuli/practice_images/ant.jpg'
21.5471 	EXP 	instructions_choose_2: text = 'Wählen Sie das nächste Bild in der Sequenz.'
21.5471 	EXP 	polygon: autoDraw = True
21.5471 	EXP 	polygon: borderColor = <psychopy.colors.Color: none, alpha=0.0>
21.5471 	EXP 	prompt_prc: autoDraw = True
21.5471 	EXP 	dist_01_prc: autoDraw = True
21.5471 	EXP 	dist_02_prc: autoDraw = True
21.5471 	EXP 	correct_prc: autoDraw = True
21.5471 	EXP 	instructions_choose_2: autoDraw = True
21.5700 	EXP 	polygon: borderColor = <psychopy.colors.Color: none, alpha=0.0>
21.5868 	EXP 	polygon: borderColor = <psychopy.colors.Color: none, alpha=0.0>
21.6035 	EXP 	polygon: borderColor = <psychopy.colors.Color: none, alpha=0.0>
21.6201 	EXP 	polygon: borderColor = <psychopy.colors.Color: none, alpha=0.0>
21.6367 	EXP 	polygon: borderColor = <psychopy.colors.Color: none, alpha=0.0>
21.6537 	EXP 	polygon: borderColor = <psychopy.colors.Color: none, alpha=0.0>
21.6701 	EXP 	polygon: borderColor = <psychopy.colors.Color: none, alpha=0.0>
21.6869 	EXP 	polygon: borderColor = <psychopy.colors.Color: none, alpha=0.0>
21.7040 	EXP 	polygon: borderColor = <psychopy.colors.Color: none, alpha=0.0>
21.7202 	EXP 	polygon: borderColor = <psychopy.colors.Color: none, alpha=0.0>
21.7366 	EXP 	polygon: borderColor = <psychopy.colors.Color: none, alpha=0.0>
21.7391 	EXP 	Device response: <KeyPress from None: t=21.725434500025585, value=b, duration=None>
21.7407 	DATA 	Keypress: b
21.7533 	EXP 	polygon: borderColor = <psychopy.colors.Color: none, alpha=0.0>
21.7533 	EXP 	polygon: fillColor = <psychopy.colors.Color: red, alpha=1.0>
21.7533 	EXP 	polygon: borderColor = <psychopy.colors.Color: red, alpha=1.0>
21.7701 	EXP 	polygon: borderColor = <psychopy.colors.Color: (0.0, 0.0, 0.0, 1.0)>
21.7865 	EXP 	polygon: borderColor = <psychopy.colors.Color: (0.0, 0.0, 0.0, 1.0)>
21.8034 	EXP 	polygon: borderColor = <psychopy.colors.Color: (0.0, 0.0, 0.0, 1.0)>
21.8198 	EXP 	polygon: borderColor = <psychopy.colors.Color: (0.0, 0.0, 0.0, 1.0)>
21.8363 	EXP 	polygon: borderColor = <psychopy.colors.Color: (0.0, 0.0, 0.0, 1.0)>
21.8531 	EXP 	polygon: borderColor = <psychopy.colors.Color: (0.0, 0.0, 0.0, 1.0)>
21.9793 	EXP 	polygon: borderColor = <psychopy.colors.Color: (0.0, 0.0, 0.0, 1.0)>
21.9793 	EXP 	polygon: autoDraw = False
21.9793 	EXP 	prompt_prc: autoDraw = False
21.9793 	EXP 	dist_01_prc: autoDraw = False
21.9793 	EXP 	dist_02_prc: autoDraw = False
21.9793 	EXP 	correct_prc: autoDraw = False
21.9793 	EXP 	instructions_choose_2: autoDraw = False
21.9793 	EXP 	polygon_7: fillColor = <psychopy.colors.Color: red, alpha=1.0>
21.9793 	EXP 	polygon_7: borderColor = <psychopy.colors.Color: red, alpha=1.0>
21.9793 	EXP 	prompt_prc_2: image = 'stimuli/practice_images/cow.jpg'
21.9793 	EXP 	dist_01_prc_2: image = 'stimuli/practice_images/banana.jpg'
21.9793 	EXP 	dist_02_prc_2: image = 'stimuli/practice_images/glasses.jpg'
21.9793 	EXP 	correct_prc_2: image = 'stimuli/practice_images/ant.jpg'
21.9793 	EXP 	polygon_7: autoDraw = True
21.9793 	EXP 	prompt_prc_2: autoDraw = True
21.9793 	EXP 	dist_01_prc_2: autoDraw = True
21.9793 	EXP 	dist_02_prc_2: autoDraw = True
21.9793 	EXP 	correct_prc_2: autoDraw = True
22.0054 	EXP 	Device response: <KeyPress from None: t=21.725434500025585, value=b, duration=0.26885680004488677>
22.9556 	EXP 	New trial (rep=0, index=2): <Trial 2 (2 in rep 0) data={'promptFile': 'stimuli/practice_images/ant.jpg', 'correctFile': 'stimuli/practice_images/basket.jpg', 'dist_01File': 'stimuli/practice_images/axe.jpg', 'dist_02File': 'stimuli/practice_images/duck.jpg', 'correct_pos': 'center', 'dist01_pos': 'left', 'dist02_pos': 'right', 'correct_ans': 'up', 'thisN': 2, 'thisTrialN': 2, 'thisRepN': 0}>
22.9556 	INFO 	Keyboard events cleared
23.0578 	INFO 	Keyboard events cleared
23.0789 	EXP 	polygon_7: autoDraw = False
23.0789 	EXP 	prompt_prc_2: autoDraw = False
23.0789 	EXP 	dist_01_prc_2: autoDraw = False
23.0789 	EXP 	dist_02_prc_2: autoDraw = False
23.0789 	EXP 	correct_prc_2: autoDraw = False
23.0789 	EXP 	prompt_prc: image = 'stimuli/practice_images/ant.jpg'
23.0789 	EXP 	dist_01_prc: image = 'stimuli/practice_images/axe.jpg'
23.0789 	EXP 	dist_02_prc: image = 'stimuli/practice_images/duck.jpg'
23.0789 	EXP 	correct_prc: image = 'stimuli/practice_images/basket.jpg'
23.0789 	EXP 	instructions_choose_2: text = 'Wählen Sie das nächste Bild in der Sequenz.'
23.0789 	EXP 	polygon: autoDraw = True
23.0789 	EXP 	polygon: borderColor = <psychopy.colors.Color: none, alpha=0.0>
23.0789 	EXP 	prompt_prc: autoDraw = True
23.0789 	EXP 	dist_01_prc: autoDraw = True
23.0789 	EXP 	dist_02_prc: autoDraw = True
23.0789 	EXP 	correct_prc: autoDraw = True
23.0789 	EXP 	instructions_choose_2: autoDraw = True
23.0862 	EXP 	polygon: borderColor = <psychopy.colors.Color: none, alpha=0.0>
23.1027 	EXP 	polygon: borderColor = <psychopy.colors.Color: none, alpha=0.0>
23.1194 	EXP 	polygon: borderColor = <psychopy.colors.Color: none, alpha=0.0>
23.1362 	EXP 	polygon: borderColor = <psychopy.colors.Color: none, alpha=0.0>
23.1528 	EXP 	polygon: borderColor = <psychopy.colors.Color: none, alpha=0.0>
23.1693 	EXP 	polygon: borderColor = <psychopy.colors.Color: none, alpha=0.0>
23.1860 	EXP 	polygon: borderColor = <psychopy.colors.Color: none, alpha=0.0>
23.2029 	EXP 	polygon: borderColor = <psychopy.colors.Color: none, alpha=0.0>
23.2193 	EXP 	polygon: borderColor = <psychopy.colors.Color: none, alpha=0.0>
23.2216 	EXP 	Device response: <KeyPress from None: t=23.21203160006553, value=g, duration=None>
23.2231 	DATA 	Keypress: g
23.2360 	EXP 	polygon: borderColor = <psychopy.colors.Color: none, alpha=0.0>
23.2360 	EXP 	polygon: fillColor = <psychopy.colors.Color: red, alpha=1.0>
23.2360 	EXP 	polygon: borderColor = <psychopy.colors.Color: red, alpha=1.0>
23.2528 	EXP 	polygon: borderColor = <psychopy.colors.Color: (0.0, 0.0, 0.0, 1.0)>
23.2692 	EXP 	polygon: borderColor = <psychopy.colors.Color: (0.0, 0.0, 0.0, 1.0)>
23.2864 	EXP 	polygon: borderColor = <psychopy.colors.Color: (0.0, 0.0, 0.0, 1.0)>
23.3026 	EXP 	polygon: borderColor = <psychopy.colors.Color: (0.0, 0.0, 0.0, 1.0)>
23.3196 	EXP 	polygon: borderColor = <psychopy.colors.Color: (0.0, 0.0, 0.0, 1.0)>
23.3362 	EXP 	polygon: borderColor = <psychopy.colors.Color: (0.0, 0.0, 0.0, 1.0)>
23.4627 	EXP 	polygon: borderColor = <psychopy.colors.Color: (0.0, 0.0, 0.0, 1.0)>
23.4627 	EXP 	polygon: autoDraw = False
23.4627 	EXP 	prompt_prc: autoDraw = False
23.4627 	EXP 	dist_01_prc: autoDraw = False
23.4627 	EXP 	dist_02_prc: autoDraw = False
23.4627 	EXP 	correct_prc: autoDraw = False
23.4627 	EXP 	instructions_choose_2: autoDraw = False
23.4627 	EXP 	polygon_7: fillColor = <psychopy.colors.Color: red, alpha=1.0>
23.4627 	EXP 	polygon_7: borderColor = <psychopy.colors.Color: red, alpha=1.0>
23.4627 	EXP 	prompt_prc_2: image = 'stimuli/practice_images/ant.jpg'
23.4627 	EXP 	dist_01_prc_2: image = 'stimuli/practice_images/axe.jpg'
23.4627 	EXP 	dist_02_prc_2: image = 'stimuli/practice_images/duck.jpg'
23.4627 	EXP 	correct_prc_2: image = 'stimuli/practice_images/basket.jpg'
23.4627 	EXP 	polygon_7: autoDraw = True
23.4627 	EXP 	prompt_prc_2: autoDraw = True
23.4627 	EXP 	dist_01_prc_2: autoDraw = True
23.4627 	EXP 	dist_02_prc_2: autoDraw = True
23.4627 	EXP 	correct_prc_2: autoDraw = True
23.4650 	EXP 	Device response: <KeyPress from None: t=23.21203160006553, value=g, duration=0.22464089991990477>
24.4380 	EXP 	New trial (rep=0, index=3): <Trial 3 (3 in rep 0) data={'promptFile': 'stimuli/practice_images/basket.jpg', 'correctFile': 'stimuli/practice_images/bed.jpg', 'dist_01File': 'stimuli/practice_images/belt.jpg', 'dist_02File': 'stimuli/practice_images/bread.jpg', 'correct_pos': 'center', 'dist01_pos': 'right', 'dist02_pos': 'left', 'correct_ans': 'up', 'thisN': 3, 'thisTrialN': 3, 'thisRepN': 0}>
24.4381 	INFO 	Keyboard events cleared
24.5417 	INFO 	Keyboard events cleared
24.5617 	EXP 	polygon_7: autoDraw = False
24.5617 	EXP 	prompt_prc_2: autoDraw = False
24.5617 	EXP 	dist_01_prc_2: autoDraw = False
24.5617 	EXP 	dist_02_prc_2: autoDraw = False
24.5617 	EXP 	correct_prc_2: autoDraw = False
24.5617 	EXP 	prompt_prc: image = 'stimuli/practice_images/basket.jpg'
24.5617 	EXP 	dist_01_prc: image = 'stimuli/practice_images/belt.jpg'
24.5617 	EXP 	dist_02_prc: image = 'stimuli/practice_images/bread.jpg'
24.5617 	EXP 	correct_prc: image = 'stimuli/practice_images/bed.jpg'
24.5617 	EXP 	instructions_choose_2: text = 'Wählen Sie das nächste Bild in der Sequenz.'
24.5617 	EXP 	polygon: autoDraw = True
24.5617 	EXP 	polygon: borderColor = <psychopy.colors.Color: none, alpha=0.0>
24.5617 	EXP 	prompt_prc: autoDraw = True
24.5617 	EXP 	dist_01_prc: autoDraw = True
24.5617 	EXP 	dist_02_prc: autoDraw = True
24.5617 	EXP 	correct_prc: autoDraw = True
24.5617 	EXP 	instructions_choose_2: autoDraw = True
24.5694 	EXP 	polygon: borderColor = <psychopy.colors.Color: none, alpha=0.0>
24.5857 	EXP 	polygon: borderColor = <psychopy.colors.Color: none, alpha=0.0>
24.6026 	EXP 	polygon: borderColor = <psychopy.colors.Color: none, alpha=0.0>
24.6192 	EXP 	polygon: borderColor = <psychopy.colors.Color: none, alpha=0.0>
24.6357 	EXP 	polygon: borderColor = <psychopy.colors.Color: none, alpha=0.0>
24.6523 	EXP 	polygon: borderColor = <psychopy.colors.Color: none, alpha=0.0>
24.6688 	EXP 	polygon: borderColor = <psychopy.colors.Color: none, alpha=0.0>
24.6857 	EXP 	polygon: borderColor = <psychopy.colors.Color: none, alpha=0.0>
24.7021 	EXP 	polygon: borderColor = <psychopy.colors.Color: none, alpha=0.0>
24.7188 	EXP 	polygon: borderColor = <psychopy.colors.Color: none, alpha=0.0>
24.7209 	EXP 	Device response: <KeyPress from None: t=24.717748600058258, value=r, duration=None>
24.7226 	DATA 	Keypress: r
24.7355 	EXP 	polygon: borderColor = <psychopy.colors.Color: none, alpha=0.0>
24.7355 	EXP 	polygon: fillColor = <psychopy.colors.Color: (0.0, 1.0, 0.0, 1.0)>
24.7355 	EXP 	polygon: borderColor = <psychopy.colors.Color: (0.0, 1.0, 0.0, 1.0)>
24.7520 	EXP 	polygon: borderColor = <psychopy.colors.Color: (0.0, 0.0, 0.0, 1.0)>
24.7690 	EXP 	polygon: borderColor = <psychopy.colors.Color: (0.0, 0.0, 0.0, 1.0)>
24.7859 	EXP 	polygon: borderColor = <psychopy.colors.Color: (0.0, 0.0, 0.0, 1.0)>
24.8021 	EXP 	polygon: borderColor = <psychopy.colors.Color: (0.0, 0.0, 0.0, 1.0)>
24.8189 	EXP 	polygon: borderColor = <psychopy.colors.Color: (0.0, 0.0, 0.0, 1.0)>
24.8355 	EXP 	polygon: borderColor = <psychopy.colors.Color: (0.0, 0.0, 0.0, 1.0)>
24.9370 	EXP 	Device response: <KeyPress from None: t=20.35801620001439, value=r, duration=4.513716100016609>
24.9619 	EXP 	polygon: borderColor = <psychopy.colors.Color: (0.0, 0.0, 0.0, 1.0)>
24.9619 	EXP 	polygon: autoDraw = False
24.9619 	EXP 	prompt_prc: autoDraw = False
24.9619 	EXP 	dist_01_prc: autoDraw = False
24.9619 	EXP 	dist_02_prc: autoDraw = False
24.9619 	EXP 	correct_prc: autoDraw = False
24.9619 	EXP 	instructions_choose_2: autoDraw = False
24.9619 	EXP 	polygon_7: fillColor = <psychopy.colors.Color: (0.0, 1.0, 0.0, 1.0)>
24.9619 	EXP 	polygon_7: borderColor = <psychopy.colors.Color: (0.0, 1.0, 0.0, 1.0)>
24.9619 	EXP 	prompt_prc_2: image = 'stimuli/practice_images/basket.jpg'
24.9619 	EXP 	dist_01_prc_2: image = 'stimuli/practice_images/belt.jpg'
24.9619 	EXP 	dist_02_prc_2: image = 'stimuli/practice_images/bread.jpg'
24.9619 	EXP 	correct_prc_2: image = 'stimuli/practice_images/bed.jpg'
24.9619 	EXP 	polygon_7: autoDraw = True
24.9619 	EXP 	prompt_prc_2: autoDraw = True
24.9619 	EXP 	dist_01_prc_2: autoDraw = True
24.9619 	EXP 	dist_02_prc_2: autoDraw = True
24.9619 	EXP 	correct_prc_2: autoDraw = True
25.9377 	EXP 	New trial (rep=0, index=4): <Trial 4 (4 in rep 0) data={'promptFile': 'stimuli/practice_images/bed.jpg', 'correctFile': 'stimuli/practice_images/belt.jpg', 'dist_01File': 'stimuli/practice_images/anchor.jpg', 'dist_02File': 'stimuli/practice_images/desk.jpg', 'correct_pos': 'left', 'dist01_pos': 'center', 'dist02_pos': 'right', 'correct_ans': 'left', 'thisN': 4, 'thisTrialN': 4, 'thisRepN': 0}>
25.9378 	INFO 	Keyboard events cleared
26.0325 	INFO 	Keyboard events cleared
26.0609 	EXP 	polygon_7: autoDraw = False
26.0609 	EXP 	prompt_prc_2: autoDraw = False
26.0609 	EXP 	dist_01_prc_2: autoDraw = False
26.0609 	EXP 	dist_02_prc_2: autoDraw = False
26.0609 	EXP 	correct_prc_2: autoDraw = False
26.0609 	EXP 	prompt_prc: image = 'stimuli/practice_images/bed.jpg'
26.0609 	EXP 	dist_01_prc: image = 'stimuli/practice_images/anchor.jpg'
26.0609 	EXP 	dist_02_prc: image = 'stimuli/practice_images/desk.jpg'
26.0609 	EXP 	correct_prc: image = 'stimuli/practice_images/belt.jpg'
26.0609 	EXP 	instructions_choose_2: text = 'Wählen Sie das nächste Bild in der Sequenz.'
26.0609 	EXP 	polygon: autoDraw = True
26.0609 	EXP 	polygon: borderColor = <psychopy.colors.Color: none, alpha=0.0>
26.0609 	EXP 	prompt_prc: autoDraw = True
26.0609 	EXP 	dist_01_prc: autoDraw = True
26.0609 	EXP 	dist_02_prc: autoDraw = True
26.0609 	EXP 	correct_prc: autoDraw = True
26.0609 	EXP 	instructions_choose_2: autoDraw = True
26.0688 	EXP 	polygon: borderColor = <psychopy.colors.Color: none, alpha=0.0>
26.0855 	EXP 	polygon: borderColor = <psychopy.colors.Color: none, alpha=0.0>
26.1019 	EXP 	polygon: borderColor = <psychopy.colors.Color: none, alpha=0.0>
26.1187 	EXP 	polygon: borderColor = <psychopy.colors.Color: none, alpha=0.0>
26.1351 	EXP 	polygon: borderColor = <psychopy.colors.Color: none, alpha=0.0>
26.1517 	EXP 	polygon: borderColor = <psychopy.colors.Color: none, alpha=0.0>
26.1686 	EXP 	polygon: borderColor = <psychopy.colors.Color: none, alpha=0.0>
26.1853 	EXP 	polygon: borderColor = <psychopy.colors.Color: none, alpha=0.0>
26.2017 	EXP 	polygon: borderColor = <psychopy.colors.Color: none, alpha=0.0>
26.2187 	EXP 	polygon: borderColor = <psychopy.colors.Color: none, alpha=0.0>
26.2352 	EXP 	polygon: borderColor = <psychopy.colors.Color: none, alpha=0.0>
26.2519 	EXP 	polygon: borderColor = <psychopy.colors.Color: none, alpha=0.0>
26.2688 	EXP 	polygon: borderColor = <psychopy.colors.Color: none, alpha=0.0>
26.2853 	EXP 	polygon: borderColor = <psychopy.colors.Color: none, alpha=0.0>
26.3028 	EXP 	polygon: borderColor = <psychopy.colors.Color: none, alpha=0.0>
26.3189 	EXP 	polygon: borderColor = <psychopy.colors.Color: none, alpha=0.0>
26.3354 	EXP 	polygon: borderColor = <psychopy.colors.Color: none, alpha=0.0>
26.3521 	EXP 	polygon: borderColor = <psychopy.colors.Color: none, alpha=0.0>
26.3688 	EXP 	polygon: borderColor = <psychopy.colors.Color: none, alpha=0.0>
26.3853 	EXP 	polygon: borderColor = <psychopy.colors.Color: none, alpha=0.0>
26.4021 	EXP 	polygon: borderColor = <psychopy.colors.Color: none, alpha=0.0>
26.4192 	EXP 	polygon: borderColor = <psychopy.colors.Color: none, alpha=0.0>
26.4353 	EXP 	polygon: borderColor = <psychopy.colors.Color: none, alpha=0.0>
26.4523 	EXP 	polygon: borderColor = <psychopy.colors.Color: none, alpha=0.0>
26.4687 	EXP 	polygon: borderColor = <psychopy.colors.Color: none, alpha=0.0>
26.4853 	EXP 	polygon: borderColor = <psychopy.colors.Color: none, alpha=0.0>
26.5022 	EXP 	polygon: borderColor = <psychopy.colors.Color: none, alpha=0.0>
26.5047 	EXP 	Device response: <KeyPress from None: t=26.494787800009362, value=g, duration=None>
26.5064 	DATA 	Keypress: g
26.5188 	EXP 	polygon: borderColor = <psychopy.colors.Color: none, alpha=0.0>
26.5188 	EXP 	polygon: fillColor = <psychopy.colors.Color: (0.0, 1.0, 0.0, 1.0)>
26.5188 	EXP 	polygon: borderColor = <psychopy.colors.Color: (0.0, 1.0, 0.0, 1.0)>
26.5355 	EXP 	polygon: borderColor = <psychopy.colors.Color: (0.0, 0.0, 0.0, 1.0)>
26.5523 	EXP 	polygon: borderColor = <psychopy.colors.Color: (0.0, 0.0, 0.0, 1.0)>
26.5686 	EXP 	polygon: borderColor = <psychopy.colors.Color: (0.0, 0.0, 0.0, 1.0)>
26.5855 	EXP 	polygon: borderColor = <psychopy.colors.Color: (0.0, 0.0, 0.0, 1.0)>
26.6023 	EXP 	polygon: borderColor = <psychopy.colors.Color: (0.0, 0.0, 0.0, 1.0)>
26.7283 	EXP 	polygon: borderColor = <psychopy.colors.Color: (0.0, 0.0, 0.0, 1.0)>
26.7283 	EXP 	polygon: autoDraw = False
26.7283 	EXP 	prompt_prc: autoDraw = False
26.7283 	EXP 	dist_01_prc: autoDraw = False
26.7283 	EXP 	dist_02_prc: autoDraw = False
26.7283 	EXP 	correct_prc: autoDraw = False
26.7283 	EXP 	instructions_choose_2: autoDraw = False
26.7283 	EXP 	polygon_7: fillColor = <psychopy.colors.Color: (0.0, 1.0, 0.0, 1.0)>
26.7283 	EXP 	polygon_7: borderColor = <psychopy.colors.Color: (0.0, 1.0, 0.0, 1.0)>
26.7283 	EXP 	prompt_prc_2: image = 'stimuli/practice_images/bed.jpg'
26.7283 	EXP 	dist_01_prc_2: image = 'stimuli/practice_images/anchor.jpg'
26.7283 	EXP 	dist_02_prc_2: image = 'stimuli/practice_images/desk.jpg'
26.7283 	EXP 	correct_prc_2: image = 'stimuli/practice_images/belt.jpg'
26.7283 	EXP 	polygon_7: autoDraw = True
26.7283 	EXP 	prompt_prc_2: autoDraw = True
26.7283 	EXP 	dist_01_prc_2: autoDraw = True
26.7283 	EXP 	dist_02_prc_2: autoDraw = True
26.7283 	EXP 	correct_prc_2: autoDraw = True
26.7309 	EXP 	Device response: <KeyPress from None: t=26.494787800009362, value=g, duration=0.21797270001843572>
27.7210 	EXP 	New trial (rep=0, index=5): <Trial 5 (5 in rep 0) data={'promptFile': 'stimuli/practice_images/belt.jpg', 'correctFile': 'stimuli/practice_images/bird.jpg', 'dist_01File': 'stimuli/practice_images/ant.jpg', 'dist_02File': 'stimuli/practice_images/crocodile.jpg', 'correct_pos': 'right', 'dist01_pos': 'left', 'dist02_pos': 'center', 'correct_ans': 'right', 'thisN': 5, 'thisTrialN': 5, 'thisRepN': 0}>
27.7211 	INFO 	Keyboard events cleared
27.8258 	INFO 	Keyboard events cleared
27.8446 	EXP 	polygon_7: autoDraw = False
27.8446 	EXP 	prompt_prc_2: autoDraw = False
27.8446 	EXP 	dist_01_prc_2: autoDraw = False
27.8446 	EXP 	dist_02_prc_2: autoDraw = False
27.8446 	EXP 	correct_prc_2: autoDraw = False
27.8446 	EXP 	prompt_prc: image = 'stimuli/practice_images/belt.jpg'
27.8446 	EXP 	dist_01_prc: image = 'stimuli/practice_images/ant.jpg'
27.8446 	EXP 	dist_02_prc: image = 'stimuli/practice_images/crocodile.jpg'
27.8446 	EXP 	correct_prc: image = 'stimuli/practice_images/bird.jpg'
27.8446 	EXP 	instructions_choose_2: text = 'Wählen Sie das nächste Bild in der Sequenz.'
27.8446 	EXP 	polygon: autoDraw = True
27.8446 	EXP 	polygon: borderColor = <psychopy.colors.Color: none, alpha=0.0>
27.8446 	EXP 	prompt_prc: autoDraw = True
27.8446 	EXP 	dist_01_prc: autoDraw = True
27.8446 	EXP 	dist_02_prc: autoDraw = True
27.8446 	EXP 	correct_prc: autoDraw = True
27.8446 	EXP 	instructions_choose_2: autoDraw = True
27.8476 	EXP 	Device response: <KeyPress from None: t=27.83178890007548, value=t, duration=None>
27.8494 	DATA 	Keypress: t
27.8676 	EXP 	polygon: borderColor = <psychopy.colors.Color: none, alpha=0.0>
27.8850 	EXP 	polygon: borderColor = <psychopy.colors.Color: none, alpha=0.0>
27.9014 	EXP 	polygon: borderColor = <psychopy.colors.Color: none, alpha=0.0>
27.9180 	EXP 	polygon: borderColor = <psychopy.colors.Color: none, alpha=0.0>
27.9344 	EXP 	polygon: borderColor = <psychopy.colors.Color: none, alpha=0.0>
27.9511 	EXP 	polygon: borderColor = <psychopy.colors.Color: none, alpha=0.0>
27.9680 	EXP 	polygon: borderColor = <psychopy.colors.Color: none, alpha=0.0>
27.9845 	EXP 	polygon: borderColor = <psychopy.colors.Color: none, alpha=0.0>
28.0011 	EXP 	polygon: borderColor = <psychopy.colors.Color: none, alpha=0.0>
28.0179 	EXP 	polygon: borderColor = <psychopy.colors.Color: none, alpha=0.0>
28.0344 	EXP 	polygon: borderColor = <psychopy.colors.Color: none, alpha=0.0>
28.0367 	EXP 	Device response: <KeyPress from None: t=27.83178890007548, value=t, duration=0.2002630999777466>
28.0513 	EXP 	polygon: borderColor = <psychopy.colors.Color: none, alpha=0.0>
28.0678 	EXP 	polygon: borderColor = <psychopy.colors.Color: none, alpha=0.0>
28.0845 	EXP 	polygon: borderColor = <psychopy.colors.Color: none, alpha=0.0>
28.1013 	EXP 	polygon: borderColor = <psychopy.colors.Color: none, alpha=0.0>
28.1179 	EXP 	polygon: borderColor = <psychopy.colors.Color: none, alpha=0.0>
28.1348 	EXP 	polygon: borderColor = <psychopy.colors.Color: none, alpha=0.0>
28.1513 	EXP 	polygon: borderColor = <psychopy.colors.Color: none, alpha=0.0>
28.1678 	EXP 	polygon: borderColor = <psychopy.colors.Color: none, alpha=0.0>
28.1845 	EXP 	polygon: borderColor = <psychopy.colors.Color: none, alpha=0.0>
28.2014 	EXP 	polygon: borderColor = <psychopy.colors.Color: none, alpha=0.0>
28.2179 	EXP 	polygon: borderColor = <psychopy.colors.Color: none, alpha=0.0>
28.2346 	EXP 	polygon: borderColor = <psychopy.colors.Color: none, alpha=0.0>
28.2511 	EXP 	polygon: borderColor = <psychopy.colors.Color: none, alpha=0.0>
28.2679 	EXP 	polygon: borderColor = <psychopy.colors.Color: none, alpha=0.0>
28.2846 	EXP 	polygon: borderColor = <psychopy.colors.Color: none, alpha=0.0>
28.3011 	EXP 	polygon: borderColor = <psychopy.colors.Color: none, alpha=0.0>
28.3034 	EXP 	Device response: <KeyPress from None: t=28.295919300056994, value=t, duration=None>
28.3042 	DATA 	Keypress: t
28.3180 	EXP 	polygon: borderColor = <psychopy.colors.Color: none, alpha=0.0>
28.3345 	EXP 	polygon: borderColor = <psychopy.colors.Color: none, alpha=0.0>
28.3511 	EXP 	polygon: borderColor = <psychopy.colors.Color: none, alpha=0.0>
28.3679 	EXP 	polygon: borderColor = <psychopy.colors.Color: none, alpha=0.0>
28.3843 	EXP 	polygon: borderColor = <psychopy.colors.Color: none, alpha=0.0>
28.4010 	EXP 	polygon: borderColor = <psychopy.colors.Color: none, alpha=0.0>
28.4180 	EXP 	polygon: borderColor = <psychopy.colors.Color: none, alpha=0.0>
28.4344 	EXP 	polygon: borderColor = <psychopy.colors.Color: none, alpha=0.0>
28.4370 	EXP 	Device response: <KeyPress from None: t=28.295919300056994, value=t, duration=0.12989500002004206>
28.4511 	EXP 	polygon: borderColor = <psychopy.colors.Color: none, alpha=0.0>
28.4678 	EXP 	polygon: borderColor = <psychopy.colors.Color: none, alpha=0.0>
28.4843 	EXP 	polygon: borderColor = <psychopy.colors.Color: none, alpha=0.0>
28.5011 	EXP 	polygon: borderColor = <psychopy.colors.Color: none, alpha=0.0>
28.5176 	EXP 	polygon: borderColor = <psychopy.colors.Color: none, alpha=0.0>
28.5345 	EXP 	polygon: borderColor = <psychopy.colors.Color: none, alpha=0.0>
28.5512 	EXP 	polygon: borderColor = <psychopy.colors.Color: none, alpha=0.0>
28.5681 	EXP 	polygon: borderColor = <psychopy.colors.Color: none, alpha=0.0>
28.5845 	EXP 	polygon: borderColor = <psychopy.colors.Color: none, alpha=0.0>
28.6011 	EXP 	polygon: borderColor = <psychopy.colors.Color: none, alpha=0.0>
28.6177 	EXP 	polygon: borderColor = <psychopy.colors.Color: none, alpha=0.0>
28.6344 	EXP 	polygon: borderColor = <psychopy.colors.Color: none, alpha=0.0>
28.6511 	EXP 	polygon: borderColor = <psychopy.colors.Color: none, alpha=0.0>
28.6679 	EXP 	polygon: borderColor = <psychopy.colors.Color: none, alpha=0.0>
28.6847 	EXP 	polygon: borderColor = <psychopy.colors.Color: none, alpha=0.0>
28.7013 	EXP 	polygon: borderColor = <psychopy.colors.Color: none, alpha=0.0>
28.7180 	EXP 	polygon: borderColor = <psychopy.colors.Color: none, alpha=0.0>
28.7346 	EXP 	polygon: borderColor = <psychopy.colors.Color: none, alpha=0.0>
28.7512 	EXP 	polygon: borderColor = <psychopy.colors.Color: none, alpha=0.0>
28.7678 	EXP 	polygon: borderColor = <psychopy.colors.Color: none, alpha=0.0>
28.7849 	EXP 	polygon: borderColor = <psychopy.colors.Color: none, alpha=0.0>
28.8011 	EXP 	polygon: borderColor = <psychopy.colors.Color: none, alpha=0.0>
28.8178 	EXP 	polygon: borderColor = <psychopy.colors.Color: none, alpha=0.0>
28.8347 	EXP 	polygon: borderColor = <psychopy.colors.Color: none, alpha=0.0>
28.8511 	EXP 	polygon: borderColor = <psychopy.colors.Color: none, alpha=0.0>
28.8680 	EXP 	polygon: borderColor = <psychopy.colors.Color: none, alpha=0.0>
28.8844 	EXP 	polygon: borderColor = <psychopy.colors.Color: none, alpha=0.0>
28.9008 	EXP 	polygon: borderColor = <psychopy.colors.Color: none, alpha=0.0>
28.9175 	EXP 	polygon: borderColor = <psychopy.colors.Color: none, alpha=0.0>
28.9344 	EXP 	polygon: borderColor = <psychopy.colors.Color: none, alpha=0.0>
28.9511 	EXP 	polygon: borderColor = <psychopy.colors.Color: none, alpha=0.0>
28.9678 	EXP 	polygon: borderColor = <psychopy.colors.Color: none, alpha=0.0>
28.9844 	EXP 	polygon: borderColor = <psychopy.colors.Color: none, alpha=0.0>
29.0011 	EXP 	polygon: borderColor = <psychopy.colors.Color: none, alpha=0.0>
29.0176 	EXP 	polygon: borderColor = <psychopy.colors.Color: none, alpha=0.0>
29.0342 	EXP 	polygon: borderColor = <psychopy.colors.Color: none, alpha=0.0>
29.0511 	EXP 	polygon: borderColor = <psychopy.colors.Color: none, alpha=0.0>
29.0675 	EXP 	polygon: borderColor = <psychopy.colors.Color: none, alpha=0.0>
29.0843 	EXP 	polygon: borderColor = <psychopy.colors.Color: none, alpha=0.0>
29.1009 	EXP 	polygon: borderColor = <psychopy.colors.Color: none, alpha=0.0>
29.1179 	EXP 	polygon: borderColor = <psychopy.colors.Color: none, alpha=0.0>
29.1341 	EXP 	polygon: borderColor = <psychopy.colors.Color: none, alpha=0.0>
29.1511 	EXP 	polygon: borderColor = <psychopy.colors.Color: none, alpha=0.0>
29.1674 	EXP 	polygon: borderColor = <psychopy.colors.Color: none, alpha=0.0>
29.1839 	EXP 	polygon: borderColor = <psychopy.colors.Color: none, alpha=0.0>
29.2005 	EXP 	polygon: borderColor = <psychopy.colors.Color: none, alpha=0.0>
29.2175 	EXP 	polygon: borderColor = <psychopy.colors.Color: none, alpha=0.0>
29.2199 	EXP 	Device response: <KeyPress from None: t=29.212717000045814, value=r, duration=None>
29.2217 	DATA 	Keypress: r
29.2342 	EXP 	polygon: borderColor = <psychopy.colors.Color: none, alpha=0.0>
29.2342 	EXP 	polygon: fillColor = <psychopy.colors.Color: red, alpha=1.0>
29.2342 	EXP 	polygon: borderColor = <psychopy.colors.Color: red, alpha=1.0>
29.2509 	EXP 	polygon: borderColor = <psychopy.colors.Color: (0.0, 0.0, 0.0, 1.0)>
29.2674 	EXP 	polygon: borderColor = <psychopy.colors.Color: (0.0, 0.0, 0.0, 1.0)>
29.2839 	EXP 	polygon: borderColor = <psychopy.colors.Color: (0.0, 0.0, 0.0, 1.0)>
29.3007 	EXP 	polygon: borderColor = <psychopy.colors.Color: (0.0, 0.0, 0.0, 1.0)>
29.3176 	EXP 	polygon: borderColor = <psychopy.colors.Color: (0.0, 0.0, 0.0, 1.0)>
29.3338 	EXP 	polygon: borderColor = <psychopy.colors.Color: (0.0, 0.0, 0.0, 1.0)>
29.4340 	EXP 	Device response: <KeyPress from None: t=24.717748600058258, value=r, duration=4.640947700012475>
29.4616 	EXP 	polygon: borderColor = <psychopy.colors.Color: (0.0, 0.0, 0.0, 1.0)>
29.4616 	EXP 	polygon: autoDraw = False
29.4616 	EXP 	prompt_prc: autoDraw = False
29.4616 	EXP 	dist_01_prc: autoDraw = False
29.4616 	EXP 	dist_02_prc: autoDraw = False
29.4616 	EXP 	correct_prc: autoDraw = False
29.4616 	EXP 	instructions_choose_2: autoDraw = False
29.4616 	EXP 	polygon_7: fillColor = <psychopy.colors.Color: red, alpha=1.0>
29.4616 	EXP 	polygon_7: borderColor = <psychopy.colors.Color: red, alpha=1.0>
29.4616 	EXP 	prompt_prc_2: image = 'stimuli/practice_images/belt.jpg'
29.4616 	EXP 	dist_01_prc_2: image = 'stimuli/practice_images/ant.jpg'
29.4616 	EXP 	dist_02_prc_2: image = 'stimuli/practice_images/crocodile.jpg'
29.4616 	EXP 	correct_prc_2: image = 'stimuli/practice_images/bird.jpg'
29.4616 	EXP 	polygon_7: autoDraw = True
29.4616 	EXP 	prompt_prc_2: autoDraw = True
29.4616 	EXP 	dist_01_prc_2: autoDraw = True
29.4616 	EXP 	dist_02_prc_2: autoDraw = True
29.4616 	EXP 	correct_prc_2: autoDraw = True
30.4667 	EXP 	polygon_7: autoDraw = False
30.4667 	EXP 	prompt_prc_2: autoDraw = False
30.4667 	EXP 	dist_01_prc_2: autoDraw = False
30.4667 	EXP 	dist_02_prc_2: autoDraw = False
30.4667 	EXP 	correct_prc_2: autoDraw = False
30.4667 	EXP 	rest_instruction: height = 0.025
30.4667 	EXP 	rest_instruction: height = 0.025
30.4667 	EXP 	rest_instruction: height = 0.025
30.4667 	EXP 	rest_instruction: text = 'Kurze Pause. Bitte warten Sie.\nDies ist keine Ruhepause'
30.4667 	EXP 	fix_cross_2: autoDraw = True
30.4667 	EXP 	rest_instruction: autoDraw = True
30.8355 	EXP 	Device response: <KeyPress from None: t=30.834049200057052, value=b, duration=None>
30.8360 	DATA 	Keypress: b
31.0523 	EXP 	Device response: <KeyPress from None: t=30.834049200057052, value=b, duration=0.21030649996828288>
35.4818 	EXP 	fix_cross_2: autoDraw = False
35.4818 	EXP 	rest_instruction: autoDraw = False
35.4818 	EXP 	fix_cross_2: autoDraw = False
35.4818 	EXP 	rest_instruction: autoDraw = False
35.4818 	EXP 	instruction_part7: height = 0.025
35.4818 	EXP 	instruction_part7: height = 0.025
35.4818 	EXP 	instruction_part7: height = 0.025
35.4818 	EXP 	instruction_part7: text = 'Gut gemacht!\n\nDie Lernphasen wechseln sich mit Abrufphasen ab.\nDabei beantworten Sie Fragen zu den gelernten Sequenzen.\n\nIn jedem Abrufdurchgang sehen Sie nacheinander zwei\nBilder aus einer Sequenz.\n\nDrücken Sie eine beliebige Taste, um fortzufahren.'
35.4818 	EXP 	instruction_part7: autoDraw = True
36.9335 	EXP 	Device response: <KeyPress from None: t=36.92001810006332, value=g, duration=None>
36.9342 	DATA 	Keypress: g
36.9671 	EXP 	Device response: <KeyPress from None: t=36.92001810006332, value=g, duration=0.04123319999780506>
37.1672 	EXP 	Device response: <KeyPress from None: t=37.15575869998429, value=g, duration=None>
37.1677 	DATA 	Keypress: g
37.2507 	EXP 	Device response: <KeyPress from None: t=37.15575869998429, value=g, duration=0.07945830002427101>
37.3670 	EXP 	Device response: <KeyPress from None: t=37.35511000000406, value=g, duration=None>
37.3674 	DATA 	Keypress: g
37.4505 	EXP 	Device response: <KeyPress from None: t=37.35511000000406, value=g, duration=0.08551050000824034>
37.7667 	EXP 	Device response: <KeyPress from None: t=37.76510189997498, value=g, duration=None>
37.7671 	DATA 	Keypress: g
37.8500 	EXP 	Device response: <KeyPress from None: t=37.76510189997498, value=g, duration=0.07337400002870709>
37.9831 	EXP 	Device response: <KeyPress from None: t=37.97041850001551, value=g, duration=None>
37.9835 	DATA 	Keypress: g
38.3500 	EXP 	Device response: <KeyPress from None: t=37.97041850001551, value=g, duration=0.37180950003676116>
38.4813 	INFO 	Keyboard events cleared
38.8003 	EXP 	Device response: <KeyPress from None: t=38.796569900005125, value=g, duration=None>
38.8070 	DATA 	Keypress: g
38.8141 	EXP 	instruction_part7: autoDraw = False
38.8141 	EXP 	instruction_part10: height = 0.025
38.8141 	EXP 	instruction_part10: height = 0.025
38.8141 	EXP 	instruction_part10: height = 0.025
38.8141 	EXP 	instruction_part10: text = 'Abruf Teil 1: Reihenfolge\n\nNach der Präsentation der beiden Bilder geben Sie an,\nob sie in der gelernten Sequenz in dieser Reihenfolge\nvorkamen.\n\nDrücken Sie eine beliebige Taste, um fortzufahren.'
38.8141 	EXP 	instruction_part10: autoDraw = True
38.8495 	EXP 	Device response: <KeyPress from None: t=38.796569900005125, value=g, duration=0.036931500071659684>
39.0162 	EXP 	Device response: <KeyPress from None: t=39.00390640005935, value=g, duration=None>
39.0167 	DATA 	Keypress: g
39.0828 	EXP 	Device response: <KeyPress from None: t=39.00390640005935, value=g, duration=0.06930390000343323>
39.1827 	EXP 	Device response: <KeyPress from None: t=39.173965899972245, value=g, duration=None>
39.1831 	DATA 	Keypress: g
39.2833 	EXP 	Device response: <KeyPress from None: t=39.173965899972245, value=g, duration=0.09768040000926703>
40.2487 	EXP 	Device response: <KeyPress from None: t=40.233470499981195, value=g, duration=None>
40.2491 	DATA 	Keypress: g
40.3494 	EXP 	Device response: <KeyPress from None: t=40.233470499981195, value=g, duration=0.10171120008453727>
40.8330 	EXP 	Device response: <KeyPress from None: t=40.82068160001654, value=g, duration=None>
40.8334 	DATA 	Keypress: g
40.9493 	EXP 	Device response: <KeyPress from None: t=40.82068160001654, value=g, duration=0.1177954999729991>
41.3319 	EXP 	Device response: <KeyPress from None: t=41.331281000049785, value=g, duration=None>
41.3323 	DATA 	Keypress: g
41.4482 	EXP 	Device response: <KeyPress from None: t=41.331281000049785, value=g, duration=0.11580939998384565>
41.5656 	EXP 	Device response: <KeyPress from None: t=41.556897500064224, value=g, duration=None>
41.5661 	DATA 	Keypress: g
41.6656 	EXP 	Device response: <KeyPress from None: t=41.556897500064224, value=g, duration=0.10162779991514981>
41.7825 	EXP 	Device response: <KeyPress from None: t=41.77040440007113, value=g, duration=None>
41.7830 	DATA 	Keypress: g
41.8137 	INFO 	Keyboard events cleared
41.8658 	EXP 	Device response: <KeyPress from None: t=41.77040440007113, value=g, duration=0.08766919991467148>
42.0155 	EXP 	Device response: <KeyPress from None: t=42.00709980004467, value=g, duration=None>
42.0268 	DATA 	Keypress: g
42.0462 	EXP 	instruction_part10: autoDraw = False
42.0462 	EXP 	instruction_part13: height = 0.025
42.0462 	EXP 	instruction_part13: height = 0.025
42.0462 	EXP 	instruction_part13: height = 0.025
42.0462 	EXP 	instruction_part13: text = 'Wählen Sie „Ja“ oder „Nein“ mit der linken\ngrünen oder rechten blauen Taste. Die Zuordnung\nwechselt zwischen den Durchgängen. Beachten Sie daher\ndie Anzeige auf dem Bildschirm.\n\nDrücken Sie eine beliebige Taste, um fortzufahren.'
42.0462 	EXP 	instruction_part13: autoDraw = True
42.1156 	EXP 	Device response: <KeyPress from None: t=42.00709980004467, value=g, duration=0.0956618000054732>
42.4823 	EXP 	Device response: <KeyPress from None: t=42.481436699978076, value=g, duration=None>
42.4827 	DATA 	Keypress: g
42.5492 	EXP 	Device response: <KeyPress from None: t=42.481436699978076, value=g, duration=0.05734270007815212>
42.6815 	EXP 	Device response: <KeyPress from None: t=42.67072559997905, value=g, duration=None>
42.6820 	DATA 	Keypress: g
42.7649 	EXP 	Device response: <KeyPress from None: t=42.67072559997905, value=g, duration=0.0835947000887245>
42.8821 	EXP 	Device response: <KeyPress from None: t=42.868164199986495, value=g, duration=None>
42.8825 	DATA 	Keypress: g
42.9484 	EXP 	Device response: <KeyPress from None: t=42.868164199986495, value=g, duration=0.07553590007591993>
43.0822 	EXP 	Device response: <KeyPress from None: t=43.06561559997499, value=g, duration=None>
43.0826 	DATA 	Keypress: g
43.1485 	EXP 	Device response: <KeyPress from None: t=43.06561559997499, value=g, duration=0.07743230008054525>
43.2819 	EXP 	Device response: <KeyPress from None: t=43.269028300070204, value=g, duration=None>
43.2824 	DATA 	Keypress: g
43.3652 	EXP 	Device response: <KeyPress from None: t=43.269028300070204, value=g, duration=0.07951099995989352>
43.6980 	EXP 	Device response: <KeyPress from None: t=43.697073100018315, value=g, duration=None>
43.6984 	DATA 	Keypress: g
43.7816 	EXP 	Device response: <KeyPress from None: t=43.697073100018315, value=g, duration=0.08347169996704906>
43.9311 	EXP 	Device response: <KeyPress from None: t=43.91657270002179, value=g, duration=None>
43.9315 	DATA 	Keypress: g
43.9979 	EXP 	Device response: <KeyPress from None: t=43.91657270002179, value=g, duration=0.0714929000241682>
44.1150 	EXP 	Device response: <KeyPress from None: t=44.099869000026956, value=g, duration=None>
44.1154 	DATA 	Keypress: g
44.2322 	EXP 	Device response: <KeyPress from None: t=44.099869000026956, value=g, duration=0.1280495000537485>
44.5980 	EXP 	Device response: <KeyPress from None: t=44.583383699995466, value=g, duration=None>
44.5984 	DATA 	Keypress: g
44.6647 	EXP 	Device response: <KeyPress from None: t=44.583383699995466, value=g, duration=0.0756576000712812>
44.9308 	EXP 	Device response: <KeyPress from None: t=44.92477340006735, value=g, duration=None>
44.9312 	DATA 	Keypress: g
45.0290 	INFO 	Keyboard events cleared
45.1808 	EXP 	Device response: <KeyPress from None: t=45.18051299999934, value=g, duration=None>
45.1883 	DATA 	Keypress: g
45.1956 	EXP 	instruction_part13: autoDraw = False
45.1956 	EXP 	instruction_part11: height = 0.025
45.1956 	EXP 	instruction_part11: height = 0.025
45.1956 	EXP 	instruction_part11: height = 0.025
45.1956 	EXP 	instruction_part11: text = 'Abruf Teil 2: Distanz\n\nNach der Frage zur Reihenfolge geben Sie an,\nwie weit die beiden Bilder in der Sequenz voneinander\nentfernt sind.\n\nDie möglichen Distanzen reichen von 2 bis 5.\n\nDrücken Sie eine beliebige Taste, um fortzufahren.'
45.1956 	EXP 	instruction_part11: autoDraw = True
45.2813 	EXP 	Device response: <KeyPress from None: t=44.92477340006735, value=g, duration=0.3434041999280453>
45.4481 	EXP 	Device response: <KeyPress from None: t=45.43536230002064, value=g, duration=None>
45.4485 	DATA 	Keypress: g
45.5479 	EXP 	Device response: <KeyPress from None: t=45.18051299999934, value=g, duration=0.3626005999976769>
46.2974 	EXP 	Device response: <KeyPress from None: t=46.290479300078005, value=g, duration=None>
46.2977 	DATA 	Keypress: g
46.4135 	EXP 	Device response: <KeyPress from None: t=45.43536230002064, value=g, duration=0.970803500036709>
46.5661 	EXP 	Device response: <KeyPress from None: t=46.56180440005846, value=g, duration=None>
46.5667 	DATA 	Keypress: g
46.6148 	EXP 	Device response: <KeyPress from None: t=46.290479300078005, value=g, duration=0.31623429991304874>
46.7475 	EXP 	Device response: <KeyPress from None: t=46.73164040001575, value=g, duration=None>
46.7479 	DATA 	Keypress: g
46.8311 	EXP 	Device response: <KeyPress from None: t=46.56180440005846, value=g, duration=0.26145330001600087>
46.9475 	EXP 	Device response: <KeyPress from None: t=46.94004340004176, value=g, duration=None>
46.9479 	DATA 	Keypress: g
47.0469 	EXP 	Device response: <KeyPress from None: t=46.73164040001575, value=g, duration=0.3039981999900192>
47.1632 	EXP 	Device response: <KeyPress from None: t=47.148504900047556, value=g, duration=None>
47.1635 	DATA 	Keypress: g
47.2967 	EXP 	Device response: <KeyPress from None: t=46.94004340004176, value=g, duration=0.34233919996768236>
47.6806 	EXP 	Device response: <KeyPress from None: t=47.66715110000223, value=g, duration=None>
47.6811 	DATA 	Keypress: g
47.7804 	EXP 	Device response: <KeyPress from None: t=47.148504900047556, value=g, duration=0.6223926999373361>
48.1944 	INFO 	Keyboard events cleared
48.1968 	DATA 	Keypress: g
48.3136 	EXP 	Device response: <KeyPress from None: t=47.66715110000223, value=g, duration=0.6394394000526518>
48.6471 	EXP 	Device response: <KeyPress from None: t=48.64534529997036, value=g, duration=None>
48.6542 	DATA 	Keypress: g
48.6612 	EXP 	instruction_part11: autoDraw = False
48.6612 	EXP 	instruction_part14: height = 0.025
48.6612 	EXP 	instruction_part14: height = 0.025
48.6612 	EXP 	instruction_part14: height = 0.025
48.6612 	EXP 	instruction_part14: text = 'Bei Distanz 2 liegt ein Bild dazwischen,\nbei Distanz 5 liegen vier Bilder dazwischen.\n\nAntworten Sie mit den vier Tasten.\nDie jeweilige Tastenbelegung wird auf dem Bildschirm angezeigt.\n\nDrücken Sie eine beliebige Taste, um fortzufahren.'
48.6612 	EXP 	instruction_part14: autoDraw = True
48.7965 	EXP 	Device response: <KeyPress from None: t=48.64534529997036, value=g, duration=0.1396828000433743>
48.8965 	EXP 	Device response: <KeyPress from None: t=48.8817370000761, value=g, duration=None>
48.8969 	DATA 	Keypress: g
48.9969 	EXP 	Device response: <KeyPress from None: t=48.8817370000761, value=g, duration=0.101741399965249>
49.0803 	EXP 	Device response: <KeyPress from None: t=49.0751718999818, value=g, duration=None>
49.0810 	DATA 	Keypress: g
49.6305 	EXP 	Device response: <KeyPress from None: t=49.0751718999818, value=g, duration=0.5496128000086173>
49.9293 	EXP 	Device response: <KeyPress from None: t=49.915073700016364, value=g, duration=None>
49.9297 	DATA 	Keypress: g
49.9959 	EXP 	Device response: <KeyPress from None: t=49.915073700016364, value=g, duration=0.07951599999796599>
50.1292 	EXP 	Device response: <KeyPress from None: t=50.11953760008328, value=g, duration=None>
50.1295 	DATA 	Keypress: g
50.1632 	EXP 	Device response: <KeyPress from None: t=50.11953760008328, value=g, duration=0.03938559989910573>
50.4799 	EXP 	Device response: <KeyPress from None: t=50.46401670004707, value=g, duration=None>
50.4803 	DATA 	Keypress: g
50.5964 	EXP 	Device response: <KeyPress from None: t=50.46401670004707, value=g, duration=0.11777799995616078>
50.6959 	EXP 	Device response: <KeyPress from None: t=50.68568990007043, value=g, duration=None>
50.6963 	DATA 	Keypress: g
50.8294 	EXP 	Device response: <KeyPress from None: t=50.68568990007043, value=g, duration=0.12776999990455806>
50.8794 	EXP 	Device response: <KeyPress from None: t=50.869835900026374, value=g, duration=None>
50.8798 	DATA 	Keypress: g
51.1290 	EXP 	Device response: <KeyPress from None: t=50.869835900026374, value=g, duration=0.25276589998975396>
51.6603 	INFO 	Keyboard events cleared
51.6631 	DATA 	Keypress: g
51.8793 	EXP 	Device response: <KeyPress from None: t=51.877977100084536, value=g, duration=None>
51.8847 	DATA 	Keypress: g
51.8935 	EXP 	instruction_part14: autoDraw = False
51.8935 	EXP 	instruction_part12: height = 0.025
51.8935 	EXP 	instruction_part12: height = 0.025
51.8935 	EXP 	instruction_part12: height = 0.025
51.8935 	EXP 	instruction_part12: text = 'Abruf: Reflexionsperiode\n\nBevor Sie die Fragen zur Reihenfolge und Distanz\nbeantworten, erscheint kurz ein Fixationskreuz.\n\nDrücken Sie eine beliebige Taste, um fortzufahren.'
51.8935 	EXP 	instruction_part12: autoDraw = True
51.9958 	EXP 	Device response: <KeyPress from None: t=51.877977100084536, value=g, duration=0.10778219997882843>
52.0960 	EXP 	Device response: <KeyPress from None: t=52.082412900053896, value=g, duration=None>
52.0964 	DATA 	Keypress: g
52.1953 	EXP 	Device response: <KeyPress from None: t=52.082412900053896, value=g, duration=0.10997340001631528>
52.2956 	EXP 	Device response: <KeyPress from None: t=52.28685749997385, value=g, duration=None>
52.2960 	DATA 	Keypress: g
52.3954 	EXP 	Device response: <KeyPress from None: t=52.28685749997385, value=g, duration=0.10374020005110651>
52.4784 	EXP 	Device response: <KeyPress from None: t=52.46209629997611, value=g, duration=None>
52.4788 	DATA 	Keypress: g
52.6129 	EXP 	Device response: <KeyPress from None: t=52.46209629997611, value=g, duration=0.14614140009507537>
52.6952 	EXP 	Device response: <KeyPress from None: t=52.68973740004003, value=g, duration=None>
52.6956 	DATA 	Keypress: g
52.8291 	EXP 	Device response: <KeyPress from None: t=52.68973740004003, value=g, duration=0.12789270002394915>
52.9129 	EXP 	Device response: <KeyPress from None: t=52.90327410004102, value=g, duration=None>
52.9133 	DATA 	Keypress: g
53.0123 	EXP 	Device response: <KeyPress from None: t=52.90327410004102, value=g, duration=0.10769169998820871>
53.1122 	EXP 	Device response: <KeyPress from None: t=53.1057086000219, value=g, duration=None>
53.1126 	DATA 	Keypress: g
53.2120 	EXP 	Device response: <KeyPress from None: t=53.1057086000219, value=g, duration=0.10163950000423938>
53.3119 	EXP 	Device response: <KeyPress from None: t=53.308140699984506, value=g, duration=None>
53.3123 	DATA 	Keypress: g
53.4285 	EXP 	Device response: <KeyPress from None: t=53.308140699984506, value=g, duration=0.1158098999876529>
53.5123 	DATA 	Keypress: g
53.5293 	EXP 	Device response: <KeyPress from None: t=53.51179180003237, value=g, duration=None>
53.6290 	EXP 	Device response: <KeyPress from None: t=53.51179180003237, value=g, duration=0.10752219997812063>
53.7122 	EXP 	Device response: <KeyPress from None: t=53.71198310004547, value=g, duration=None>
53.7127 	DATA 	Keypress: g
53.8457 	EXP 	Device response: <KeyPress from None: t=53.71198310004547, value=g, duration=0.1279043999966234>
53.9459 	EXP 	Device response: <KeyPress from None: t=53.941978299990296, value=g, duration=None>
53.9464 	DATA 	Keypress: g
54.0788 	EXP 	Device response: <KeyPress from None: t=53.941978299990296, value=g, duration=0.13561230001505464>
54.1781 	EXP 	Device response: <KeyPress from None: t=54.175494399969466, value=g, duration=None>
54.1785 	DATA 	Keypress: g
54.3117 	EXP 	Device response: <KeyPress from None: t=54.175494399969466, value=g, duration=0.1316902000689879>
54.3783 	EXP 	Device response: <KeyPress from None: t=54.368806799990125, value=g, duration=None>
54.3787 	DATA 	Keypress: g
54.5616 	EXP 	Device response: <KeyPress from None: t=54.368806799990125, value=g, duration=0.1861490000737831>
54.6449 	EXP 	Device response: <KeyPress from None: t=54.632512200041674, value=g, duration=None>
54.6454 	DATA 	Keypress: g
54.7449 	EXP 	Device response: <KeyPress from None: t=54.632512200041674, value=g, duration=0.10776509996503592>
54.8445 	EXP 	Device response: <KeyPress from None: t=54.83901750005316, value=g, duration=None>
54.8449 	DATA 	Keypress: g
54.8922 	INFO 	Keyboard events cleared
54.9455 	EXP 	Device response: <KeyPress from None: t=54.83901750005316, value=g, duration=0.10180900001432747>
55.0617 	EXP 	Device response: <KeyPress from None: t=55.054796700016595, value=g, duration=None>
55.0715 	DATA 	Keypress: g
55.0758 	EXP 	instruction_part12: autoDraw = False
55.0758 	EXP 	instruction_part15: height = 0.025
55.0758 	EXP 	instruction_part15: height = 0.025
55.0758 	EXP 	instruction_part15: height = 0.025
55.0758 	EXP 	instruction_part15: text = 'Überlegen Sie in dieser Zeit bereits, ob die Bilder\nin dieser Reihenfolge vorkamen und wie weit sie in\nder Sequenz voneinander entfernt sind.\n\nDies ist wichtig, da die Zeit für die anschließenden\nAntworten kurz ist.\n\nDrücken Sie eine beliebige Taste, um fortzufahren.'
55.0758 	EXP 	instruction_part15: autoDraw = True
55.1620 	EXP 	Device response: <KeyPress from None: t=55.054796700016595, value=g, duration=0.09537250001449138>
55.2950 	EXP 	Device response: <KeyPress from None: t=55.28114320000168, value=g, duration=None>
55.2954 	DATA 	Keypress: g
55.4774 	EXP 	Device response: <KeyPress from None: t=55.28114320000168, value=g, duration=0.1944062999682501>
55.6450 	EXP 	Device response: <KeyPress from None: t=55.63558310002554, value=g, duration=None>
55.6456 	DATA 	Keypress: g
55.6939 	EXP 	Device response: <KeyPress from None: t=55.63558310002554, value=g, duration=0.05567869998048991>
55.8772 	EXP 	Device response: <KeyPress from None: t=55.87229650001973, value=g, duration=None>
55.8776 	DATA 	Keypress: g
55.9778 	EXP 	Device response: <KeyPress from None: t=55.87229650001973, value=g, duration=0.08955669996794313>
56.0945 	EXP 	Device response: <KeyPress from None: t=56.083801400032826, value=g, duration=None>
56.0949 	DATA 	Keypress: g
56.1781 	EXP 	Device response: <KeyPress from None: t=56.083801400032826, value=g, duration=0.09180759999435395>
56.3110 	EXP 	Device response: <KeyPress from None: t=56.306368899997324, value=g, duration=None>
56.3114 	DATA 	Keypress: g
56.3949 	EXP 	Device response: <KeyPress from None: t=56.306368899997324, value=g, duration=0.07559939997736365>
56.7439 	EXP 	Device response: <KeyPress from None: t=56.74250849999953, value=g, duration=None>
56.7442 	DATA 	Keypress: g
56.7770 	EXP 	Device response: <KeyPress from None: t=56.74250849999953, value=g, duration=0.03317920002155006>
56.9775 	EXP 	Device response: <KeyPress from None: t=56.97010889998637, value=g, duration=None>
56.9779 	DATA 	Keypress: g
57.0438 	EXP 	Device response: <KeyPress from None: t=56.97010889998637, value=g, duration=0.07336809998378158>
57.1609 	EXP 	Device response: <KeyPress from None: t=57.15236030006781, value=g, duration=None>
57.1613 	DATA 	Keypress: g
57.2939 	EXP 	Device response: <KeyPress from None: t=57.15236030006781, value=g, duration=0.12800399994011968>
57.4110 	EXP 	Device response: <KeyPress from None: t=57.40314529999159, value=g, duration=None>
57.4114 	DATA 	Keypress: g
57.4938 	EXP 	Device response: <KeyPress from None: t=57.40314529999159, value=g, duration=0.08555100008379668>
57.6441 	EXP 	Device response: <KeyPress from None: t=57.629750100080855, value=g, duration=None>
57.6445 	DATA 	Keypress: g
57.7102 	EXP 	Device response: <KeyPress from None: t=57.629750100080855, value=g, duration=0.07166999997571111>
58.0601 	EXP 	Device response: <KeyPress from None: t=58.04469380003866, value=g, duration=None>
58.0601 	EXP 	Device response: <KeyPress from None: t=58.04469380003866, value=g, duration=0.01511529996059835>
58.0605 	DATA 	Keypress: g
58.0746 	INFO 	Keyboard events cleared
58.5442 	EXP 	Device response: <KeyPress from None: t=58.53429630002938, value=g, duration=None>
58.5545 	DATA 	Keypress: g
58.5582 	EXP 	instruction_part15: autoDraw = False
58.5582 	EXP 	instruction_info: height = 0.025
58.5582 	EXP 	instruction_info: height = 0.025
58.5582 	EXP 	instruction_info: height = 0.025
58.5582 	EXP 	instruction_info: text = 'In den Übungsdurchgängen erhalten Sie unten\nauf dem Bildschirm zusätzliche Hinweise zur Struktur\nder Bildsequenz.\n\nIn der Hauptaufgabe werden diese Hinweise nicht\nmehr angezeigt. Dort müssen Sie die Struktur aus\nden gelernten Bildpaaren ableiten.\n\nDrücken Sie eine beliebige Taste, um fortzufahren.'
58.5582 	EXP 	instruction_info: autoDraw = True
58.7108 	EXP 	Device response: <KeyPress from None: t=58.53429630002938, value=g, duration=0.16713890002574772>
58.8770 	EXP 	Device response: <KeyPress from None: t=58.87260200001765, value=g, duration=None>
58.8776 	DATA 	Keypress: g
59.0105 	EXP 	Device response: <KeyPress from None: t=58.87260200001765, value=g, duration=0.12783250003121793>
59.0585 	INFO 	Keyboard events cleared
59.1104 	EXP 	Device response: <KeyPress from None: t=59.09608599997591, value=g, duration=None>
59.1170 	DATA 	Keypress: g
59.1247 	EXP 	instruction_info: autoDraw = False
59.1247 	EXP 	instruction_part8: height = 0.025
59.1247 	EXP 	instruction_part8: height = 0.025
59.1247 	EXP 	instruction_part8: height = 0.025
59.1247 	EXP 	instruction_part8: text = 'Sie sind nun bereit, die Abrufdurchgänge zu üben.\n\nNutzen Sie die kurze Pause nach der Bildpräsentation,\num bereits über die Reihenfolge und die Distanz nachzudenken.\n\nDrücken Sie eine beliebige Taste, um die Übung zu starten.'
59.1247 	EXP 	instruction_part8: autoDraw = True
59.2100 	EXP 	Device response: <KeyPress from None: t=59.09608599997591, value=g, duration=0.10172390006482601>
59.3101 	EXP 	Device response: <KeyPress from None: t=59.307689500041306, value=g, duration=None>
59.3105 	DATA 	Keypress: g
59.4094 	EXP 	Device response: <KeyPress from None: t=59.307689500041306, value=g, duration=0.10156660003121942>
59.4934 	EXP 	Device response: <KeyPress from None: t=59.48886789998505, value=g, duration=None>
59.4938 	DATA 	Keypress: g
59.6242 	INFO 	Keyboard events cleared
59.6430 	EXP 	Device response: <KeyPress from None: t=59.48886789998505, value=g, duration=0.1450074000749737>
59.7265 	EXP 	Device response: <KeyPress from None: t=59.720566499978304, value=g, duration=None>
59.7315 	DEBUG 	Read excel file with openpyxl: sequences/retr_trials_prc_03.xlsx
59.7323 	EXP 	Imported sequences/retr_trials_prc_03.xlsx as conditions, 3 conditions, 14 params
59.7325 	EXP 	New trial (rep=0, index=0): <Trial 0 (0 in rep 0) data={'trial_type': 3, 'img_first': 'stimuli/practice_images/cow.jpg', 'img_second': 'stimuli/practice_images/basket.jpg', 'img_third': None, 'opt_left': 'yes', 'opt_right': 'no', 'correct_side': 'left', 'correct_key': 'left', 'distance_correct': 2, 'image_dur_retr': 2, 'fix_dur_retr': 0.5, 'ImageExamplePath': 'stimuli/practice_images/practice_sequence_overview_t3_01.jpg', 'iti_dur_retr': 0.45, 'reflection_win_dur': 1.95, 'thisN': 0, 'thisTrialN': 0, 'thisRepN': 0}>
59.7350 	EXP 	New trial (rep=0, index=0): <Trial 0 (0 in rep 0) data={'thisN': 0, 'thisTrialN': 0, 'thisRepN': 0}>
59.7380 	DATA 	Keypress: g
59.7571 	EXP 	instruction_part8: autoDraw = False
59.7571 	EXP 	fix_cross_retrbegin: height = 0.03
59.7571 	EXP 	fix_cross_retrbegin: height = 0.03
59.7571 	EXP 	fix_cross_retrbegin: height = 0.03
59.7571 	EXP 	fix_cross_retrbegin: text = '+'
59.7571 	EXP 	fix_cross_retrbegin: autoDraw = True
59.9435 	EXP 	Device response: <KeyPress from None: t=59.720566499978304, value=g, duration=0.2225287000183016>
60.2471 	EXP 	fix_cross_retrbegin: autoDraw = False
60.2471 	EXP 	fix_cross_retrbegin: autoDraw = False
60.2471 	EXP 	image_1_prc: image = 'stimuli/practice_images/cow.jpg'
60.2471 	EXP 	info_example_3: image = 'stimuli/practice_images/practice_sequence_overview_t3_01.jpg'
60.2471 	EXP 	image_1_prc: autoDraw = True
60.2471 	EXP 	info_example_3: autoDraw = True
61.7576 	EXP 	image_1_prc: autoDraw = False
61.7576 	EXP 	info_example_3: autoDraw = False
61.7576 	EXP 	image_1_prc: autoDraw = False
61.7576 	EXP 	info_example_3: autoDraw = False
61.7576 	EXP 	info_example_4: image = 'stimuli/practice_images/practice_sequence_overview_t3_01.jpg'
61.7576 	EXP 	mask_img1: autoDraw = True
61.7576 	EXP 	info_example_4: autoDraw = True
62.0462 	EXP 	mask_img1: autoDraw = False
62.0462 	EXP 	info_example_4: autoDraw = False
62.0462 	EXP 	mask_img1: autoDraw = False
62.0462 	EXP 	info_example_4: autoDraw = False
62.0462 	EXP 	image_2_prc: image = 'stimuli/practice_images/basket.jpg'
62.0462 	EXP 	info_example_5: image = 'stimuli/practice_images/practice_sequence_overview_t3_01.jpg'
62.0462 	EXP 	image_2_prc: autoDraw = True
62.0462 	EXP 	info_example_5: autoDraw = True
63.5588 	EXP 	image_2_prc: autoDraw = False
63.5588 	EXP 	info_example_5: autoDraw = False
63.5588 	EXP 	image_2_prc: autoDraw = False
63.5588 	EXP 	info_example_5: autoDraw = False
63.5588 	EXP 	info_example_6: image = 'stimuli/practice_images/practice_sequence_overview_t3_01.jpg'
63.5588 	EXP 	mask_img2: autoDraw = True
63.5588 	EXP 	info_example_6: autoDraw = True
63.8231 	EXP 	mask_img2: autoDraw = False
63.8231 	EXP 	info_example_6: autoDraw = False
63.8231 	EXP 	fix_cross_reflretr_2: autoDraw = True
63.8231 	EXP 	text: autoDraw = True
67.7739 	INFO 	Keyboard events cleared
67.7840 	INFO 	Keyboard events cleared
67.8047 	EXP 	fix_cross_reflretr_2: autoDraw = False
67.8047 	EXP 	text: autoDraw = False
67.8047 	EXP 	fix_cross_reflretr_2: autoDraw = False
67.8047 	EXP 	text: autoDraw = False
67.8047 	EXP 	yes_txt_3: height = 0.03
67.8047 	EXP 	yes_txt_3: height = 0.03
67.8047 	EXP 	yes_txt_3: height = 0.03
67.8047 	EXP 	yes_txt_3: text = 'ja'
67.8047 	EXP 	no_txt_3: height = 0.03
67.8047 	EXP 	no_txt_3: height = 0.03
67.8047 	EXP 	no_txt_3: height = 0.03
67.8047 	EXP 	no_txt_3: text = 'nein'
67.8047 	EXP 	info_example_7: image = 'stimuli/practice_images/practice_sequence_overview_t3_01.jpg'
67.8047 	EXP 	text_question_order: height = 0.03
67.8047 	EXP 	text_question_order: height = 0.03
67.8047 	EXP 	text_question_order: height = 0.03
67.8047 	EXP 	text_question_order: text = 'Präsentationsreihenfolge entspricht Sequenzreihenfolge?'
67.8047 	EXP 	yes_txt_3: autoDraw = True
67.8047 	EXP 	no_txt_3: autoDraw = True
67.8047 	EXP 	polygon_9: autoDraw = True
67.8047 	EXP 	info_example_7: autoDraw = True
67.8047 	EXP 	text_question_order: autoDraw = True
70.0069 	EXP 	Device response: <KeyPress from None: t=70.0017459000228, value=r, duration=None>
70.0077 	DATA 	Keypress: r
70.4068 	EXP 	Device response: <KeyPress from None: t=29.212717000045814, value=r, duration=41.18449200002942>
70.6903 	EXP 	Device response: <KeyPress from None: t=70.6772409999976, value=g, duration=None>
70.6915 	DATA 	Keypress: g
70.8062 	INFO 	Keyboard events cleared
70.8129 	INFO 	Keyboard events cleared
70.8208 	EXP 	yes_txt_3: autoDraw = False
70.8208 	EXP 	no_txt_3: autoDraw = False
70.8208 	EXP 	polygon_9: autoDraw = False
70.8208 	EXP 	info_example_7: autoDraw = False
70.8208 	EXP 	text_question_order: autoDraw = False
70.8208 	EXP 	info_example: image = 'stimuli/practice_images/practice_sequence_overview_t3_01.jpg'
70.8208 	EXP 	opt_2_prc: foreColor = <psychopy.colors.Color: white, alpha=1.0>
70.8208 	EXP 	opt_3_prc: foreColor = <psychopy.colors.Color: white, alpha=1.0>
70.8208 	EXP 	opt_4_prc: foreColor = <psychopy.colors.Color: white, alpha=1.0>
70.8208 	EXP 	opt_5_prc: foreColor = <psychopy.colors.Color: white, alpha=1.0>
70.8208 	EXP 	text_question_retrieval: height = 0.03
70.8208 	EXP 	text_question_retrieval: height = 0.03
70.8208 	EXP 	text_question_retrieval: height = 0.03
70.8208 	EXP 	text_question_retrieval: text = 'Wie viele Schritte zum ersten bis zum zweiten Bild?'
70.8208 	EXP 	info_example: autoDraw = True
70.8208 	EXP 	opt_2_prc: autoDraw = True
70.8208 	EXP 	opt_3_prc: autoDraw = True
70.8208 	EXP 	opt_4_prc: autoDraw = True
70.8208 	EXP 	opt_5_prc: autoDraw = True
70.8208 	EXP 	text_question_retrieval: autoDraw = True
71.0065 	EXP 	Device response: <KeyPress from None: t=70.6772409999976, value=g, duration=0.3182372000301257>
73.9226 	EXP 	Device response: <KeyPress from None: t=73.9203475000104, value=r, duration=None>
73.9243 	DATA 	Keypress: r
73.9366 	EXP 	opt_2_prc: foreColor = 'blue'
74.0553 	EXP 	info_example: autoDraw = False
74.0553 	EXP 	opt_2_prc: autoDraw = False
74.0553 	EXP 	opt_3_prc: autoDraw = False
74.0553 	EXP 	opt_4_prc: autoDraw = False
74.0553 	EXP 	opt_5_prc: autoDraw = False
74.0553 	EXP 	text_question_retrieval: autoDraw = False
74.0553 	EXP 	text_feedback: height = 0.025
74.0553 	EXP 	text_feedback: height = 0.025
74.0553 	EXP 	text_feedback: height = 0.025
74.0553 	EXP 	text_feedback: text = 'Gut gemacht! Sie haben Abruf verstanden.'
74.0553 	EXP 	info_example_2: image = 'stimuli/practice_images/practice_sequence_overview_t3_01.jpg'
74.0553 	EXP 	text_continue: height = 0.025
74.0553 	EXP 	text_continue: height = 0.025
74.0553 	EXP 	text_continue: height = 0.025
74.0553 	EXP 	text_continue: text = 'Drücken Sie eine beliebige Taste, um weiterzumachen.'
74.0553 	EXP 	text_feedback: autoDraw = True
74.0553 	EXP 	text_continue: autoDraw = True
74.1741 	EXP 	Device response: <KeyPress from None: t=70.0017459000228, value=r, duration=4.169354900019243>
74.5361 	INFO 	Keyboard events cleared
74.7549 	EXP 	Device response: <KeyPress from None: t=74.74599470000248, value=r, duration=None>
74.7562 	EXP 	New trial (rep=0, index=1): <Trial 1 (1 in rep 0) data={'trial_type': 3, 'img_first': 'stimuli/practice_images/cow.jpg', 'img_second': 'stimuli/practice_images/belt.jpg', 'img_third': None, 'opt_left': 'no', 'opt_right': 'yes', 'correct_side': 'right', 'correct_key': 'right', 'distance_correct': 4, 'image_dur_retr': 2, 'fix_dur_retr': 0.5, 'ImageExamplePath': 'stimuli/practice_images/practice_sequence_overview_t3_02.jpg', 'iti_dur_retr': 0.52, 'reflection_win_dur': 1.89, 'thisN': 1, 'thisTrialN': 1, 'thisRepN': 0}>
74.7588 	EXP 	New trial (rep=0, index=0): <Trial 0 (0 in rep 0) data={'thisN': 0, 'thisTrialN': 0, 'thisRepN': 0}>
74.7594 	DATA 	Keypress: r
74.7697 	EXP 	text_feedback: autoDraw = False
74.7697 	EXP 	info_example_2: autoDraw = False
74.7697 	EXP 	text_continue: autoDraw = False
74.7697 	EXP 	fix_cross_retrbegin: text = '+'
74.7697 	EXP 	fix_cross_retrbegin: autoDraw = True
74.9880 	EXP 	Device response: <KeyPress from None: t=73.9203475000104, value=r, duration=1.0562624000012875>
75.3395 	EXP 	fix_cross_retrbegin: autoDraw = False
75.3395 	EXP 	fix_cross_retrbegin: autoDraw = False
75.3395 	EXP 	image_1_prc: image = 'stimuli/practice_images/cow.jpg'
75.3395 	EXP 	info_example_3: image = 'stimuli/practice_images/practice_sequence_overview_t3_02.jpg'
75.3395 	EXP 	image_1_prc: autoDraw = True
75.3395 	EXP 	info_example_3: autoDraw = True
76.8533 	EXP 	image_1_prc: autoDraw = False
76.8533 	EXP 	info_example_3: autoDraw = False
76.8533 	EXP 	image_1_prc: autoDraw = False
76.8533 	EXP 	info_example_3: autoDraw = False
76.8533 	EXP 	info_example_4: image = 'stimuli/practice_images/practice_sequence_overview_t3_02.jpg'
76.8533 	EXP 	mask_img1: autoDraw = True
76.8533 	EXP 	info_example_4: autoDraw = True
77.1221 	EXP 	mask_img1: autoDraw = False
77.1221 	EXP 	info_example_4: autoDraw = False
77.1221 	EXP 	image_2_prc: image = 'stimuli/practice_images/belt.jpg'
77.1221 	EXP 	info_example_5: image = 'stimuli/practice_images/practice_sequence_overview_t3_02.jpg'
77.1221 	EXP 	image_2_prc: autoDraw = True
77.1221 	EXP 	info_example_5: autoDraw = True
78.6360 	EXP 	image_2_prc: autoDraw = False
78.6360 	EXP 	info_example_5: autoDraw = False
78.6360 	EXP 	image_2_prc: autoDraw = False
78.6360 	EXP 	info_example_5: autoDraw = False
78.6360 	EXP 	info_example_6: image = 'stimuli/practice_images/practice_sequence_overview_t3_02.jpg'
78.6360 	EXP 	mask_img2: autoDraw = True
78.6360 	EXP 	info_example_6: autoDraw = True
78.8852 	EXP 	mask_img2: autoDraw = False
78.8852 	EXP 	info_example_6: autoDraw = False
78.8852 	EXP 	mask_img2: autoDraw = False
78.8852 	EXP 	info_example_6: autoDraw = False
78.8852 	EXP 	fix_cross_reflretr_2: autoDraw = True
78.8852 	EXP 	text: autoDraw = True
82.7693 	INFO 	Keyboard events cleared
82.7722 	INFO 	Keyboard events cleared
82.7846 	EXP 	fix_cross_reflretr_2: autoDraw = False
82.7846 	EXP 	text: autoDraw = False
82.7846 	EXP 	fix_cross_reflretr_2: autoDraw = False
82.7846 	EXP 	text: autoDraw = False
82.7846 	EXP 	yes_txt_3: text = 'ja'
82.7846 	EXP 	no_txt_3: text = 'nein'
82.7846 	EXP 	info_example_7: image = 'stimuli/practice_images/practice_sequence_overview_t3_02.jpg'
82.7846 	EXP 	text_question_order: text = 'Präsentationsreihenfolge entspricht Sequenzreihenfolge?'
82.7846 	EXP 	yes_txt_3: autoDraw = True
82.7846 	EXP 	no_txt_3: autoDraw = True
82.7846 	EXP 	polygon_9: autoDraw = True
82.7846 	EXP 	info_example_7: autoDraw = True
82.7846 	EXP 	text_question_order: autoDraw = True
85.0030 	EXP 	Device response: <KeyPress from None: t=84.99894379999023, value=b, duration=None>
85.0044 	DATA 	Keypress: b
85.1185 	INFO 	Keyboard events cleared
85.1218 	INFO 	Keyboard events cleared
85.1337 	EXP 	yes_txt_3: autoDraw = False
85.1337 	EXP 	no_txt_3: autoDraw = False
85.1337 	EXP 	polygon_9: autoDraw = False
85.1337 	EXP 	info_example_7: autoDraw = False
85.1337 	EXP 	text_question_order: autoDraw = False
85.1337 	EXP 	info_example: image = 'stimuli/practice_images/practice_sequence_overview_t3_02.jpg'
85.1337 	EXP 	opt_2_prc: foreColor = <psychopy.colors.Color: white, alpha=1.0>
85.1337 	EXP 	opt_3_prc: foreColor = <psychopy.colors.Color: white, alpha=1.0>
85.1337 	EXP 	opt_4_prc: foreColor = <psychopy.colors.Color: white, alpha=1.0>
85.1337 	EXP 	opt_5_prc: foreColor = <psychopy.colors.Color: white, alpha=1.0>
85.1337 	EXP 	text_question_retrieval: text = 'Wie viele Schritte zum ersten bis zum zweiten Bild?'
85.1337 	EXP 	info_example: autoDraw = True
85.1337 	EXP 	opt_2_prc: autoDraw = True
85.1337 	EXP 	opt_3_prc: autoDraw = True
85.1337 	EXP 	opt_4_prc: autoDraw = True
85.1337 	EXP 	opt_5_prc: autoDraw = True
85.1337 	EXP 	text_question_retrieval: autoDraw = True
85.3684 	EXP 	Device response: <KeyPress from None: t=84.99894379999023, value=b, duration=0.3551710000028834>
87.1190 	DATA 	Keypress: y
87.1347 	EXP 	Device response: <KeyPress from None: t=87.11868539999705, value=y, duration=None>
87.1492 	EXP 	opt_4_prc: foreColor = 'blue'
87.2663 	EXP 	info_example: autoDraw = False
87.2663 	EXP 	opt_2_prc: autoDraw = False
87.2663 	EXP 	opt_3_prc: autoDraw = False
87.2663 	EXP 	opt_4_prc: autoDraw = False
87.2663 	EXP 	opt_5_prc: autoDraw = False
87.2663 	EXP 	text_question_retrieval: autoDraw = False
87.2663 	EXP 	text_feedback: text = 'Gut gemacht! Sie haben Abruf verstanden.'
87.2663 	EXP 	info_example_2: image = 'stimuli/practice_images/practice_sequence_overview_t3_02.jpg'
87.2663 	EXP 	text_continue: text = 'Drücken Sie eine beliebige Taste, um weiterzumachen.'
87.2663 	EXP 	text_feedback: autoDraw = True
87.2663 	EXP 	text_continue: autoDraw = True
87.3354 	EXP 	Device response: <KeyPress from None: t=87.11868539999705, value=y, duration=0.20648240006994456>
87.7656 	INFO 	Keyboard events cleared
87.7845 	EXP 	Device response: <KeyPress from None: t=87.77032230002806, value=y, duration=None>
87.7856 	EXP 	New trial (rep=0, index=2): <Trial 2 (2 in rep 0) data={'trial_type': 3, 'img_first': 'stimuli/practice_images/belt.jpg', 'img_second': 'stimuli/practice_images/ant.jpg', 'img_third': None, 'opt_left': 'yes', 'opt_right': 'no', 'correct_side': 'right', 'correct_key': 'up', 'distance_correct': 3, 'image_dur_retr': 2, 'fix_dur_retr': 0.5, 'ImageExamplePath': 'stimuli/practice_images/practice_sequence_overview_t3_03.jpg', 'iti_dur_retr': 0.61, 'reflection_win_dur': 2.15, 'thisN': 2, 'thisTrialN': 2, 'thisRepN': 0}>
87.7882 	EXP 	New trial (rep=0, index=0): <Trial 0 (0 in rep 0) data={'thisN': 0, 'thisTrialN': 0, 'thisRepN': 0}>
87.7889 	DATA 	Keypress: y
87.7988 	EXP 	text_feedback: autoDraw = False
87.7988 	EXP 	info_example_2: autoDraw = False
87.7988 	EXP 	text_continue: autoDraw = False
87.7988 	EXP 	fix_cross_retrbegin: text = '+'
87.7988 	EXP 	fix_cross_retrbegin: autoDraw = True
87.9001 	EXP 	Device response: <KeyPress from None: t=87.77032230002806, value=y, duration=0.11468789994250983>
88.4563 	EXP 	fix_cross_retrbegin: autoDraw = False
88.4563 	EXP 	fix_cross_retrbegin: autoDraw = False
88.4563 	EXP 	image_1_prc: image = 'stimuli/practice_images/belt.jpg'
88.4563 	EXP 	info_example_3: image = 'stimuli/practice_images/practice_sequence_overview_t3_03.jpg'
88.4563 	EXP 	image_1_prc: autoDraw = True
88.4563 	EXP 	info_example_3: autoDraw = True
89.9862 	EXP 	image_1_prc: autoDraw = False
89.9862 	EXP 	info_example_3: autoDraw = False
89.9862 	EXP 	image_1_prc: autoDraw = False
89.9862 	EXP 	info_example_3: autoDraw = False
89.9862 	EXP 	info_example_4: image = 'stimuli/practice_images/practice_sequence_overview_t3_03.jpg'
89.9862 	EXP 	mask_img1: autoDraw = True
89.9862 	EXP 	info_example_4: autoDraw = True
90.2715 	EXP 	mask_img1: autoDraw = False
90.2715 	EXP 	info_example_4: autoDraw = False
90.2715 	EXP 	image_2_prc: image = 'stimuli/practice_images/ant.jpg'
90.2715 	EXP 	info_example_5: image = 'stimuli/practice_images/practice_sequence_overview_t3_03.jpg'
90.2715 	EXP 	image_2_prc: autoDraw = True
90.2715 	EXP 	info_example_5: autoDraw = True
91.7858 	EXP 	image_2_prc: autoDraw = False
91.7858 	EXP 	info_example_5: autoDraw = False
91.7858 	EXP 	image_2_prc: autoDraw = False
91.7858 	EXP 	info_example_5: autoDraw = False
91.7858 	EXP 	info_example_6: image = 'stimuli/practice_images/practice_sequence_overview_t3_03.jpg'
91.7858 	EXP 	mask_img2: autoDraw = True
91.7858 	EXP 	info_example_6: autoDraw = True
92.0311 	EXP 	mask_img2: autoDraw = False
92.0311 	EXP 	info_example_6: autoDraw = False
92.0311 	EXP 	fix_cross_reflretr_2: autoDraw = True
92.0311 	EXP 	text: autoDraw = True
96.1814 	INFO 	Keyboard events cleared
96.1930 	INFO 	Keyboard events cleared
96.2171 	EXP 	fix_cross_reflretr_2: autoDraw = False
96.2171 	EXP 	text: autoDraw = False
96.2171 	EXP 	fix_cross_reflretr_2: autoDraw = False
96.2171 	EXP 	text: autoDraw = False
96.2171 	EXP 	yes_txt_3: text = 'ja'
96.2171 	EXP 	no_txt_3: text = 'nein'
96.2171 	EXP 	info_example_7: image = 'stimuli/practice_images/practice_sequence_overview_t3_03.jpg'
96.2171 	EXP 	text_question_order: text = 'Präsentationsreihenfolge entspricht Sequenzreihenfolge?'
96.2171 	EXP 	yes_txt_3: autoDraw = True
96.2171 	EXP 	no_txt_3: autoDraw = True
96.2171 	EXP 	polygon_9: autoDraw = True
96.2171 	EXP 	info_example_7: autoDraw = True
96.2171 	EXP 	text_question_order: autoDraw = True
99.5313 	EXP 	Device response: <KeyPress from None: t=99.52459370007273, value=b, duration=None>
99.5328 	DATA 	Keypress: b
99.6321 	INFO 	Keyboard events cleared
99.6459 	INFO 	Keyboard events cleared
99.6673 	EXP 	yes_txt_3: autoDraw = False
99.6673 	EXP 	no_txt_3: autoDraw = False
99.6673 	EXP 	polygon_9: autoDraw = False
99.6673 	EXP 	info_example_7: autoDraw = False
99.6673 	EXP 	text_question_order: autoDraw = False
99.6673 	EXP 	info_example: image = 'stimuli/practice_images/practice_sequence_overview_t3_03.jpg'
99.6673 	EXP 	opt_2_prc: foreColor = <psychopy.colors.Color: white, alpha=1.0>
99.6673 	EXP 	opt_3_prc: foreColor = <psychopy.colors.Color: white, alpha=1.0>
99.6673 	EXP 	opt_4_prc: foreColor = <psychopy.colors.Color: white, alpha=1.0>
99.6673 	EXP 	opt_5_prc: foreColor = <psychopy.colors.Color: white, alpha=1.0>
99.6673 	EXP 	text_question_retrieval: text = 'Wie viele Schritte zum ersten bis zum zweiten Bild?'
99.6673 	EXP 	info_example: autoDraw = True
99.6673 	EXP 	opt_2_prc: autoDraw = True
99.6673 	EXP 	opt_3_prc: autoDraw = True
99.6673 	EXP 	opt_4_prc: autoDraw = True
99.6673 	EXP 	opt_5_prc: autoDraw = True
99.6673 	EXP 	text_question_retrieval: autoDraw = True
99.8147 	EXP 	Device response: <KeyPress from None: t=99.52459370007273, value=b, duration=0.28505059995222837>
101.7474 	EXP 	Device response: <KeyPress from None: t=101.73428950004745, value=g, duration=None>
101.7488 	DATA 	Keypress: g
101.7613 	EXP 	opt_5_prc: foreColor = 'blue'
101.8994 	EXP 	info_example: autoDraw = False
101.8994 	EXP 	opt_2_prc: autoDraw = False
101.8994 	EXP 	opt_3_prc: autoDraw = False
101.8994 	EXP 	opt_4_prc: autoDraw = False
101.8994 	EXP 	opt_5_prc: autoDraw = False
101.8994 	EXP 	text_question_retrieval: autoDraw = False
101.8994 	EXP 	text_feedback: height = 0.025
101.8994 	EXP 	text_feedback: height = 0.025
101.8994 	EXP 	text_feedback: height = 0.025
101.8994 	EXP 	text_feedback: text = 'Ihre Antwort war falsch.\nBitte schauen Sie sich die Hintergrundinformationen noch einmal an. Bestimmen Sie, wie weit die Bilder in der gezeigten Sequenz auseinanderliegen.'
101.8994 	EXP 	info_example_2: image = 'stimuli/practice_images/practice_sequence_overview_t3_03.jpg'
101.8994 	EXP 	text_continue: height = 0.025
101.8994 	EXP 	text_continue: height = 0.025
101.8994 	EXP 	text_continue: height = 0.025
101.8994 	EXP 	text_continue: text = 'Wenn Sie die richtige Antwort wissen, drücken Sie eine beliebige Taste, um die Frage noch einmal zu beantworten.'
101.8994 	EXP 	text_feedback: autoDraw = True
101.8994 	EXP 	info_example_2: autoDraw = True
101.8994 	EXP 	text_continue: autoDraw = True
101.9297 	EXP 	Device response: <KeyPress from None: t=101.73428950004745, value=g, duration=0.18316509993746877>
102.3777 	INFO 	Keyboard events cleared
102.7143 	EXP 	Device response: <KeyPress from None: t=102.71143060002942, value=g, duration=None>
102.7173 	EXP 	New trial (rep=0, index=0): <Trial 0 (0 in rep 0) data={'thisN': 0, 'thisTrialN': 0, 'thisRepN': 0}>
102.7179 	DATA 	Keypress: g
102.7278 	EXP 	text_feedback: autoDraw = False
102.7278 	EXP 	info_example_2: autoDraw = False
102.7278 	EXP 	text_continue: autoDraw = False
102.7278 	EXP 	fix_cross_retrbegin: text = '+'
102.7278 	EXP 	fix_cross_retrbegin: autoDraw = True
102.8966 	EXP 	Device response: <KeyPress from None: t=102.71143060002942, value=g, duration=0.18227390001993626>
103.3828 	EXP 	fix_cross_retrbegin: autoDraw = False
103.3828 	EXP 	fix_cross_retrbegin: autoDraw = False
103.3828 	EXP 	image_1_prc: image = 'stimuli/practice_images/belt.jpg'
103.3828 	EXP 	info_example_3: image = 'stimuli/practice_images/practice_sequence_overview_t3_03.jpg'
103.3828 	EXP 	image_1_prc: autoDraw = True
103.3828 	EXP 	info_example_3: autoDraw = True
104.9127 	EXP 	image_1_prc: autoDraw = False
104.9127 	EXP 	info_example_3: autoDraw = False
104.9127 	EXP 	image_1_prc: autoDraw = False
104.9127 	EXP 	info_example_3: autoDraw = False
104.9127 	EXP 	info_example_4: image = 'stimuli/practice_images/practice_sequence_overview_t3_03.jpg'
104.9127 	EXP 	mask_img1: autoDraw = True
104.9127 	EXP 	info_example_4: autoDraw = True
105.1819 	EXP 	mask_img1: autoDraw = False
105.1819 	EXP 	info_example_4: autoDraw = False
105.1819 	EXP 	image_2_prc: image = 'stimuli/practice_images/ant.jpg'
105.1819 	EXP 	info_example_5: image = 'stimuli/practice_images/practice_sequence_overview_t3_03.jpg'
105.1819 	EXP 	image_2_prc: autoDraw = True
105.1819 	EXP 	info_example_5: autoDraw = True
106.7122 	EXP 	image_2_prc: autoDraw = False
106.7122 	EXP 	info_example_5: autoDraw = False
106.7122 	EXP 	image_2_prc: autoDraw = False
106.7122 	EXP 	info_example_5: autoDraw = False
106.7122 	EXP 	info_example_6: image = 'stimuli/practice_images/practice_sequence_overview_t3_03.jpg'
106.7122 	EXP 	mask_img2: autoDraw = True
106.7122 	EXP 	info_example_6: autoDraw = True
106.9596 	EXP 	mask_img2: autoDraw = False
106.9596 	EXP 	info_example_6: autoDraw = False
106.9596 	EXP 	fix_cross_reflretr_2: autoDraw = True
106.9596 	EXP 	text: autoDraw = True
111.1108 	INFO 	Keyboard events cleared
111.1237 	INFO 	Keyboard events cleared
111.1439 	EXP 	fix_cross_reflretr_2: autoDraw = False
111.1439 	EXP 	text: autoDraw = False
111.1439 	EXP 	fix_cross_reflretr_2: autoDraw = False
111.1439 	EXP 	text: autoDraw = False
111.1439 	EXP 	yes_txt_3: text = 'ja'
111.1439 	EXP 	no_txt_3: text = 'nein'
111.1439 	EXP 	info_example_7: image = 'stimuli/practice_images/practice_sequence_overview_t3_03.jpg'
111.1439 	EXP 	text_question_order: text = 'Präsentationsreihenfolge entspricht Sequenzreihenfolge?'
111.1439 	EXP 	yes_txt_3: autoDraw = True
111.1439 	EXP 	no_txt_3: autoDraw = True
111.1439 	EXP 	polygon_9: autoDraw = True
111.1439 	EXP 	info_example_7: autoDraw = True
111.1439 	EXP 	text_question_order: autoDraw = True
113.3767 	EXP 	Device response: <KeyPress from None: t=113.36757190001663, value=b, duration=None>
113.3778 	DATA 	Keypress: b
113.4937 	INFO 	Keyboard events cleared
113.5071 	INFO 	Keyboard events cleared
113.5265 	EXP 	yes_txt_3: autoDraw = False
113.5265 	EXP 	no_txt_3: autoDraw = False
113.5265 	EXP 	polygon_9: autoDraw = False
113.5265 	EXP 	info_example_7: autoDraw = False
113.5265 	EXP 	text_question_order: autoDraw = False
113.5265 	EXP 	info_example: image = 'stimuli/practice_images/practice_sequence_overview_t3_03.jpg'
113.5265 	EXP 	opt_2_prc: foreColor = <psychopy.colors.Color: white, alpha=1.0>
113.5265 	EXP 	opt_3_prc: foreColor = <psychopy.colors.Color: white, alpha=1.0>
113.5265 	EXP 	opt_4_prc: foreColor = <psychopy.colors.Color: white, alpha=1.0>
113.5265 	EXP 	opt_5_prc: foreColor = <psychopy.colors.Color: white, alpha=1.0>
113.5265 	EXP 	text_question_retrieval: text = 'Wie viele Schritte zum ersten bis zum zweiten Bild?'
113.5265 	EXP 	info_example: autoDraw = True
113.5265 	EXP 	opt_2_prc: autoDraw = True
113.5265 	EXP 	opt_3_prc: autoDraw = True
113.5265 	EXP 	opt_4_prc: autoDraw = True
113.5265 	EXP 	opt_5_prc: autoDraw = True
113.5265 	EXP 	text_question_retrieval: autoDraw = True
113.6268 	EXP 	Device response: <KeyPress from None: t=113.36757190001663, value=b, duration=0.25079730001743883>
114.8259 	EXP 	Device response: <KeyPress from None: t=114.81592439999804, value=b, duration=None>
114.8273 	DATA 	Keypress: b
114.8407 	EXP 	opt_3_prc: foreColor = 'blue'
114.9595 	EXP 	info_example: autoDraw = False
114.9595 	EXP 	opt_2_prc: autoDraw = False
114.9595 	EXP 	opt_3_prc: autoDraw = False
114.9595 	EXP 	opt_4_prc: autoDraw = False
114.9595 	EXP 	opt_5_prc: autoDraw = False
114.9595 	EXP 	text_question_retrieval: autoDraw = False
114.9595 	EXP 	text_feedback: height = 0.025
114.9595 	EXP 	text_feedback: height = 0.025
114.9595 	EXP 	text_feedback: height = 0.025
114.9595 	EXP 	text_feedback: text = 'Gut gemacht! Sie haben Abruf verstanden.'
114.9595 	EXP 	info_example_2: image = 'stimuli/practice_images/practice_sequence_overview_t3_03.jpg'
114.9595 	EXP 	text_continue: height = 0.025
114.9595 	EXP 	text_continue: height = 0.025
114.9595 	EXP 	text_continue: height = 0.025
114.9595 	EXP 	text_continue: text = 'Drücken Sie eine beliebige Taste, um weiterzumachen.'
114.9595 	EXP 	text_feedback: autoDraw = True
114.9595 	EXP 	text_continue: autoDraw = True
115.0921 	EXP 	Device response: <KeyPress from None: t=114.81592439999804, value=b, duration=0.26483960007317364>
115.4401 	INFO 	Keyboard events cleared
115.5257 	EXP 	Device response: <KeyPress from None: t=115.51682620006613, value=b, duration=None>
115.5355 	DATA 	Keypress: b
115.5404 	EXP 	text_feedback: autoDraw = False
115.5404 	EXP 	info_example_2: autoDraw = False
115.5404 	EXP 	text_continue: autoDraw = False
115.5404 	EXP 	instructions_part7: height = 0.025
115.5404 	EXP 	instructions_part7: height = 0.025
115.5404 	EXP 	instructions_part7: height = 0.025
115.5404 	EXP 	instructions_part7: text = 'Sie haben alle Übungsdurchgänge beendet.\nNun beginnt die Hauptaufgabe.\n\nBitte bewegen Sie Körper und Augen während der\nAufgabenphasen so wenig wie möglich.\n\nZu Beginn kennen Sie die richtige Sequenz noch nicht.\nSie lernen sie schrittweise durch Versuch und Irrtum.\n\nDrücken Sie eine beliebige Taste, um die Hauptaufgabe zu starten.'
115.5404 	EXP 	instructions_part7: autoDraw = True
115.7092 	EXP 	Device response: <KeyPress from None: t=115.51682620006613, value=b, duration=0.18429489992558956>
115.9759 	EXP 	Device response: <KeyPress from None: t=115.96002230001613, value=b, duration=None>
115.9763 	DATA 	Keypress: b
116.0925 	EXP 	Device response: <KeyPress from None: t=115.96002230001613, value=b, duration=0.118817999958992>
116.5398 	INFO 	Keyboard events cleared
116.5600 	EXP 	Device response: <KeyPress from None: t=116.550168100046, value=b, duration=None>
116.5644 	DEBUG 	Read excel file with openpyxl: sequences/block_conditions.xlsx
116.5646 	EXP 	Imported sequences/block_conditions.xlsx as conditions, 4 conditions, 3 params
116.5649 	EXP 	New trial (rep=0, index=0): <Trial 0 (0 in rep 0) data={'condFileLearning': 'sequences/learning_block1_fixed-middle-10_0{participant_ID}.xlsx', 'condFileRetrieval': 'sequences/retrieval_block1_fixed-middle-10_0{participant_ID}.xlsx', 'n_routes_block': 6, 'thisN': 0, 'thisTrialN': 0, 'thisRepN': 0}>
116.5651 	EXP 	New trial (rep=0, index=0): <Trial 0 (0 in rep 0) data={'thisN': 0, 'thisTrialN': 0, 'thisRepN': 0}>
116.5709 	DATA 	Keypress: b
116.5907 	EXP 	instructions_part7: autoDraw = False
116.5907 	EXP 	scene_image: image = 'stimuli\\context_images\\sea_01.jpg'
116.5907 	EXP 	scene_image: autoDraw = True
116.6759 	EXP 	Device response: <KeyPress from None: t=116.550168100046, value=b, duration=0.11380799999460578>
117.1125 	DEBUG 	Read excel file with openpyxl: sequences/learning_block1_fixed-middle-10_03.xlsx
117.1502 	EXP 	Imported sequences/learning_block1_fixed-middle-10_03.xlsx as conditions, 13 conditions, 35 params
117.1508 	EXP 	New trial (rep=0, index=0): <Trial 0 (0 in rep 0) data={'block': 1.0, 'learningSeq': 'A', 'runIndexWithinSeq': 1, 'currPosInSeq': 1, 'promptFile': 'stimuli/lamp/lamp_01.jpg', 'correctFile': 'stimuli/key/key_01.jpg', 'dist_01File': 'stimuli/bicycle/bicycle_06.jpg', 'dist_02File': 'stimuli/bread/bread_29.jpg', 'promptConcept': 'lamp', 'correctConcept': 'key', 'dist01Concept': 'bicycle', 'dist02Concept': 'bread', 'correct_pos': 'right', 'dist01_pos': 'center', 'dist02_pos': 'left', 'dist01_diff': 0.53, 'dist02_diff': 0.42, 'correct_ans': 'right', 'pairTargetPosInSeq': 2, 'buf1Concept': 'lamp', 'buf1Exemplar': 1, 'buf1File': 'stimuli/lamp/lamp_01.jpg', 'buf2Concept': 'key', 'buf2Exemplar': 1, 'buf2File': 'stimuli/key/key_01.jpg', 'buf13Concept': 'pencil', 'buf13Exemplar': 1, 'buf13File': 'stimuli/pencil/pencil_01.jpg', 'buf14Concept': 'phone', 'buf14Exemplar': 1, 'buf14File': 'stimuli/phone/phone_01.jpg', 'promptTrigNumber': 14, 'correctTrigNumber': 15, 'dist01TrigNumber': 2, 'dist02TrigNumber': 3, 'thisN': 0, 'thisTrialN': 0, 'thisRepN': 0}>
117.1572 	INFO 	Keyboard events cleared
117.3569 	INFO 	Keyboard events cleared
117.4297 	EXP 	scene_image: autoDraw = False
117.4297 	EXP 	scene_image_2: image = 'stimuli\\context_images\\sea_01.jpg'
117.4297 	EXP 	prompt: image = 'stimuli/lamp/lamp_01.jpg'
117.4297 	EXP 	dist_01: image = 'stimuli/bicycle/bicycle_06.jpg'
117.4297 	EXP 	dist_02: image = 'stimuli/bread/bread_29.jpg'
117.4297 	EXP 	correct: image = 'stimuli/key/key_01.jpg'
117.4297 	EXP 	chooseNowText: height = 0.02
117.4297 	EXP 	chooseNowText: height = 0.02
117.4297 	EXP 	chooseNowText: height = 0.02
117.4297 	EXP 	scene_image_2: autoDraw = True
117.4297 	EXP 	polygon_4: autoDraw = True
117.4297 	EXP 	polygon_4: borderColor = <psychopy.colors.Color: none, alpha=0.0>
117.4297 	EXP 	prompt: autoDraw = True
117.4297 	EXP 	dist_01: autoDraw = True
117.4297 	EXP 	dist_02: autoDraw = True
117.4297 	EXP 	correct: autoDraw = True
117.4297 	EXP 	chooseNowText: autoDraw = True
117.4406 	EXP 	polygon_4: borderColor = <psychopy.colors.Color: none, alpha=0.0>
117.4574 	EXP 	polygon_4: borderColor = <psychopy.colors.Color: none, alpha=0.0>
117.4738 	EXP 	polygon_4: borderColor = <psychopy.colors.Color: none, alpha=0.0>
117.4907 	EXP 	polygon_4: borderColor = <psychopy.colors.Color: none, alpha=0.0>
117.5071 	EXP 	polygon_4: borderColor = <psychopy.colors.Color: none, alpha=0.0>
117.5237 	EXP 	polygon_4: borderColor = <psychopy.colors.Color: none, alpha=0.0>
117.5403 	EXP 	polygon_4: borderColor = <psychopy.colors.Color: none, alpha=0.0>
117.5571 	EXP 	polygon_4: borderColor = <psychopy.colors.Color: none, alpha=0.0>
117.5737 	EXP 	polygon_4: borderColor = <psychopy.colors.Color: none, alpha=0.0>
117.5904 	EXP 	polygon_4: borderColor = <psychopy.colors.Color: none, alpha=0.0>
117.6071 	EXP 	polygon_4: borderColor = <psychopy.colors.Color: none, alpha=0.0>
117.6239 	EXP 	polygon_4: borderColor = <psychopy.colors.Color: none, alpha=0.0>
117.6404 	EXP 	polygon_4: borderColor = <psychopy.colors.Color: none, alpha=0.0>
117.6572 	EXP 	polygon_4: borderColor = <psychopy.colors.Color: none, alpha=0.0>
117.6738 	EXP 	polygon_4: borderColor = <psychopy.colors.Color: none, alpha=0.0>
117.6903 	EXP 	polygon_4: borderColor = <psychopy.colors.Color: none, alpha=0.0>
117.7069 	EXP 	polygon_4: borderColor = <psychopy.colors.Color: none, alpha=0.0>
117.7235 	EXP 	polygon_4: borderColor = <psychopy.colors.Color: none, alpha=0.0>
117.7405 	EXP 	polygon_4: borderColor = <psychopy.colors.Color: none, alpha=0.0>
117.7570 	EXP 	polygon_4: borderColor = <psychopy.colors.Color: none, alpha=0.0>
117.7737 	EXP 	polygon_4: borderColor = <psychopy.colors.Color: none, alpha=0.0>
117.7903 	EXP 	polygon_4: borderColor = <psychopy.colors.Color: none, alpha=0.0>
117.8070 	EXP 	polygon_4: borderColor = <psychopy.colors.Color: none, alpha=0.0>
117.8238 	EXP 	polygon_4: borderColor = <psychopy.colors.Color: none, alpha=0.0>
117.8405 	EXP 	polygon_4: borderColor = <psychopy.colors.Color: none, alpha=0.0>
117.8569 	EXP 	polygon_4: borderColor = <psychopy.colors.Color: none, alpha=0.0>
117.8737 	EXP 	polygon_4: borderColor = <psychopy.colors.Color: none, alpha=0.0>
117.8906 	EXP 	polygon_4: borderColor = <psychopy.colors.Color: none, alpha=0.0>
117.9087 	EXP 	polygon_4: borderColor = <psychopy.colors.Color: none, alpha=0.0>
117.9239 	EXP 	polygon_4: borderColor = <psychopy.colors.Color: none, alpha=0.0>
117.9401 	EXP 	polygon_4: borderColor = <psychopy.colors.Color: none, alpha=0.0>
117.9569 	EXP 	polygon_4: borderColor = <psychopy.colors.Color: none, alpha=0.0>
117.9735 	EXP 	polygon_4: borderColor = <psychopy.colors.Color: none, alpha=0.0>
117.9902 	EXP 	polygon_4: borderColor = <psychopy.colors.Color: none, alpha=0.0>
118.0069 	EXP 	polygon_4: borderColor = <psychopy.colors.Color: none, alpha=0.0>
118.0238 	EXP 	polygon_4: borderColor = <psychopy.colors.Color: none, alpha=0.0>
118.0402 	EXP 	polygon_4: borderColor = <psychopy.colors.Color: none, alpha=0.0>
118.0570 	EXP 	polygon_4: borderColor = <psychopy.colors.Color: none, alpha=0.0>
118.0737 	EXP 	polygon_4: borderColor = <psychopy.colors.Color: none, alpha=0.0>
118.0904 	EXP 	polygon_4: borderColor = <psychopy.colors.Color: none, alpha=0.0>
118.1070 	EXP 	polygon_4: borderColor = <psychopy.colors.Color: none, alpha=0.0>
118.1235 	EXP 	polygon_4: borderColor = <psychopy.colors.Color: none, alpha=0.0>
118.1402 	EXP 	polygon_4: borderColor = <psychopy.colors.Color: none, alpha=0.0>
118.1571 	EXP 	polygon_4: borderColor = <psychopy.colors.Color: none, alpha=0.0>
118.1734 	EXP 	polygon_4: borderColor = <psychopy.colors.Color: none, alpha=0.0>
118.1901 	EXP 	polygon_4: borderColor = <psychopy.colors.Color: none, alpha=0.0>
118.2068 	EXP 	polygon_4: borderColor = <psychopy.colors.Color: none, alpha=0.0>
118.2234 	EXP 	polygon_4: borderColor = <psychopy.colors.Color: none, alpha=0.0>
118.2401 	EXP 	polygon_4: borderColor = <psychopy.colors.Color: none, alpha=0.0>
118.2568 	EXP 	polygon_4: borderColor = <psychopy.colors.Color: none, alpha=0.0>
118.2734 	EXP 	polygon_4: borderColor = <psychopy.colors.Color: none, alpha=0.0>
118.2901 	EXP 	polygon_4: borderColor = <psychopy.colors.Color: none, alpha=0.0>
118.2937 	DATA 	Keypress: r
118.3068 	EXP 	polygon_4: borderColor = <psychopy.colors.Color: none, alpha=0.0>
118.3094 	EXP 	Device response: <KeyPress from None: t=118.29353290004656, value=r, duration=None>
118.3393 	EXP 	polygon_4: borderColor = <psychopy.colors.Color: none, alpha=0.0>
118.3393 	EXP 	polygon_4: fillColor = <psychopy.colors.Color: red, alpha=1.0>
118.3393 	EXP 	polygon_4: borderColor = <psychopy.colors.Color: red, alpha=1.0>
118.3570 	EXP 	polygon_4: borderColor = <psychopy.colors.Color: (0.0, 0.0, 0.0, 1.0)>
118.3736 	EXP 	polygon_4: borderColor = <psychopy.colors.Color: (0.0, 0.0, 0.0, 1.0)>
118.3900 	EXP 	polygon_4: borderColor = <psychopy.colors.Color: (0.0, 0.0, 0.0, 1.0)>
118.4066 	EXP 	polygon_4: borderColor = <psychopy.colors.Color: (0.0, 0.0, 0.0, 1.0)>
118.4231 	EXP 	polygon_4: borderColor = <psychopy.colors.Color: (0.0, 0.0, 0.0, 1.0)>
118.6239 	EXP 	Device response: <KeyPress from None: t=74.74599470000248, value=r, duration=43.724224900011905>
118.6873 	EXP 	polygon_4: borderColor = <psychopy.colors.Color: (0.0, 0.0, 0.0, 1.0)>
118.6873 	EXP 	scene_image_2: autoDraw = False
118.6873 	EXP 	polygon_4: autoDraw = False
118.6873 	EXP 	prompt: autoDraw = False
118.6873 	EXP 	dist_01: autoDraw = False
118.6873 	EXP 	dist_02: autoDraw = False
118.6873 	EXP 	correct: autoDraw = False
118.6873 	EXP 	chooseNowText: autoDraw = False
118.6873 	EXP 	scene_image_3: image = 'stimuli\\context_images\\sea_01.jpg'
118.6873 	EXP 	polygon_8: fillColor = <psychopy.colors.Color: red, alpha=1.0>
118.6873 	EXP 	polygon_8: borderColor = <psychopy.colors.Color: red, alpha=1.0>
118.6873 	EXP 	prompt_2: image = 'stimuli/lamp/lamp_01.jpg'
118.6873 	EXP 	dist_01_2: image = 'stimuli/bicycle/bicycle_06.jpg'
118.6873 	EXP 	dist_02_2: image = 'stimuli/bread/bread_29.jpg'
118.6873 	EXP 	correct_2: image = 'stimuli/key/key_01.jpg'
118.6873 	EXP 	scene_image_3: autoDraw = True
118.6873 	EXP 	polygon_8: autoDraw = True
118.6873 	EXP 	prompt_2: autoDraw = True
118.6873 	EXP 	dist_01_2: autoDraw = True
118.6873 	EXP 	dist_02_2: autoDraw = True
118.6873 	EXP 	correct_2: autoDraw = True
119.6841 	EXP 	New trial (rep=0, index=1): <Trial 1 (1 in rep 0) data={'block': 1.0, 'learningSeq': 'A', 'runIndexWithinSeq': 1, 'currPosInSeq': 2, 'promptFile': 'stimuli/key/key_01.jpg', 'correctFile': 'stimuli/hand/hand_16.jpg', 'dist_01File': 'stimuli/flower/flower_17.jpg', 'dist_02File': 'stimuli/chair/chair_11.jpg', 'promptConcept': 'key', 'correctConcept': 'hand', 'dist01Concept': 'flower', 'dist02Concept': 'chair', 'correct_pos': 'right', 'dist01_pos': 'center', 'dist02_pos': 'left', 'dist01_diff': 0.69, 'dist02_diff': 0.53, 'correct_ans': 'right', 'pairTargetPosInSeq': 3, 'buf1Concept': 'lamp', 'buf1Exemplar': 1, 'buf1File': 'stimuli/lamp/lamp_01.jpg', 'buf2Concept': 'key', 'buf2Exemplar': 1, 'buf2File': 'stimuli/key/key_01.jpg', 'buf13Concept': 'pencil', 'buf13Exemplar': 1, 'buf13File': 'stimuli/pencil/pencil_01.jpg', 'buf14Concept': 'phone', 'buf14Exemplar': 1, 'buf14File': 'stimuli/phone/phone_01.jpg', 'promptTrigNumber': 15, 'correctTrigNumber': 8, 'dist01TrigNumber': 6, 'dist02TrigNumber': 4, 'thisN': 1, 'thisTrialN': 1, 'thisRepN': 0}>
119.6897 	INFO 	Keyboard events cleared
119.8582 	INFO 	Keyboard events cleared
119.8954 	EXP 	scene_image_3: autoDraw = False
119.8954 	EXP 	polygon_8: autoDraw = False
119.8954 	EXP 	prompt_2: autoDraw = False
119.8954 	EXP 	dist_01_2: autoDraw = False
119.8954 	EXP 	dist_02_2: autoDraw = False
119.8954 	EXP 	correct_2: autoDraw = False
119.8954 	EXP 	scene_image_4: image = 'stimuli\\context_images\\sea_01.jpg'
119.8954 	EXP 	tooSlowtext: text = ''
119.8954 	EXP 	tooSlowtext: height = 0.02
119.8954 	EXP 	tooSlowtext: height = 0.02
119.8954 	EXP 	tooSlowtext: height = 0.02
119.8954 	EXP 	tooSlowtext: text = 'Zu langsam. Sie müssen schneller antworten.'
119.8954 	EXP 	scene_image_4: autoDraw = False
119.8954 	EXP 	tooSlowtext: autoDraw = False
119.8954 	EXP 	scene_image_2: image = 'stimuli\\context_images\\sea_01.jpg'
119.8954 	EXP 	prompt: image = 'stimuli/key/key_01.jpg'
119.8954 	EXP 	dist_01: image = 'stimuli/flower/flower_17.jpg'
119.8954 	EXP 	dist_02: image = 'stimuli/chair/chair_11.jpg'
119.8954 	EXP 	correct: image = 'stimuli/hand/hand_16.jpg'
119.8954 	EXP 	chooseNowText: height = 0.02
119.8954 	EXP 	chooseNowText: height = 0.02
119.8954 	EXP 	chooseNowText: height = 0.02
119.8954 	EXP 	scene_image_2: autoDraw = True
119.8954 	EXP 	polygon_4: autoDraw = True
119.8954 	EXP 	polygon_4: borderColor = <psychopy.colors.Color: none, alpha=0.0>
119.8954 	EXP 	prompt: autoDraw = True
119.8954 	EXP 	dist_01: autoDraw = True
119.8954 	EXP 	dist_02: autoDraw = True
119.8954 	EXP 	correct: autoDraw = True
119.8954 	EXP 	chooseNowText: autoDraw = True
119.9065 	EXP 	polygon_4: borderColor = <psychopy.colors.Color: none, alpha=0.0>
119.9231 	EXP 	polygon_4: borderColor = <psychopy.colors.Color: none, alpha=0.0>
119.9400 	EXP 	polygon_4: borderColor = <psychopy.colors.Color: none, alpha=0.0>
119.9563 	EXP 	polygon_4: borderColor = <psychopy.colors.Color: none, alpha=0.0>
119.9731 	EXP 	polygon_4: borderColor = <psychopy.colors.Color: none, alpha=0.0>
119.9762 	EXP 	Device response: <KeyPress from None: t=119.96853880002163, value=b, duration=None>
119.9780 	DATA 	Keypress: b
120.0061 	EXP 	polygon_4: borderColor = <psychopy.colors.Color: none, alpha=0.0>
120.0061 	EXP 	polygon_4: fillColor = <psychopy.colors.Color: (0.0, 1.0, 0.0, 1.0)>
120.0061 	EXP 	polygon_4: borderColor = <psychopy.colors.Color: (0.0, 1.0, 0.0, 1.0)>
120.0233 	EXP 	polygon_4: borderColor = <psychopy.colors.Color: (0.0, 0.0, 0.0, 1.0)>
120.0395 	EXP 	polygon_4: borderColor = <psychopy.colors.Color: (0.0, 0.0, 0.0, 1.0)>
120.0560 	EXP 	polygon_4: borderColor = <psychopy.colors.Color: (0.0, 0.0, 0.0, 1.0)>
120.0729 	EXP 	polygon_4: borderColor = <psychopy.colors.Color: (0.0, 0.0, 0.0, 1.0)>
120.0894 	EXP 	polygon_4: borderColor = <psychopy.colors.Color: (0.0, 0.0, 0.0, 1.0)>
120.2317 	EXP 	Device response: <KeyPress from None: t=119.96853880002163, value=b, duration=0.17028329998720437>
120.2611 	EXP 	polygon_4: borderColor = <psychopy.colors.Color: (0.0, 0.0, 0.0, 1.0)>
120.2611 	EXP 	scene_image_2: autoDraw = False
120.2611 	EXP 	polygon_4: autoDraw = False
120.2611 	EXP 	prompt: autoDraw = False
120.2611 	EXP 	dist_01: autoDraw = False
120.2611 	EXP 	dist_02: autoDraw = False
120.2611 	EXP 	correct: autoDraw = False
120.2611 	EXP 	chooseNowText: autoDraw = False
120.2611 	EXP 	scene_image_3: image = 'stimuli\\context_images\\sea_01.jpg'
120.2611 	EXP 	polygon_8: fillColor = <psychopy.colors.Color: (0.0, 1.0, 0.0, 1.0)>
120.2611 	EXP 	polygon_8: borderColor = <psychopy.colors.Color: (0.0, 1.0, 0.0, 1.0)>
120.2611 	EXP 	prompt_2: image = 'stimuli/key/key_01.jpg'
120.2611 	EXP 	dist_01_2: image = 'stimuli/flower/flower_17.jpg'
120.2611 	EXP 	dist_02_2: image = 'stimuli/chair/chair_11.jpg'
120.2611 	EXP 	correct_2: image = 'stimuli/hand/hand_16.jpg'
120.2611 	EXP 	scene_image_3: autoDraw = True
120.2611 	EXP 	polygon_8: autoDraw = True
120.2611 	EXP 	prompt_2: autoDraw = True
120.2611 	EXP 	dist_01_2: autoDraw = True
120.2611 	EXP 	dist_02_2: autoDraw = True
120.2611 	EXP 	correct_2: autoDraw = True
121.2492 	EXP 	New trial (rep=0, index=2): <Trial 2 (2 in rep 0) data={'block': 1.0, 'learningSeq': 'A', 'runIndexWithinSeq': 1, 'currPosInSeq': 3, 'promptFile': 'stimuli/hand/hand_16.jpg', 'correctFile': 'stimuli/ball/ball_11.jpg', 'dist_01File': 'stimuli/dog/dog_49.jpg', 'dist_02File': 'stimuli/house/house_35.jpg', 'promptConcept': 'hand', 'correctConcept': 'ball', 'dist01Concept': 'dog', 'dist02Concept': 'house', 'correct_pos': 'center', 'dist01_pos': 'left', 'dist02_pos': 'right', 'dist01_diff': 0.8, 'dist02_diff': 0.47, 'correct_ans': 'center', 'pairTargetPosInSeq': 4, 'buf1Concept': 'lamp', 'buf1Exemplar': 1, 'buf1File': 'stimuli/lamp/lamp_01.jpg', 'buf2Concept': 'key', 'buf2Exemplar': 1, 'buf2File': 'stimuli/key/key_01.jpg', 'buf13Concept': 'pencil', 'buf13Exemplar': 1, 'buf13File': 'stimuli/pencil/pencil_01.jpg', 'buf14Concept': 'phone', 'buf14Exemplar': 1, 'buf14File': 'stimuli/phone/phone_01.jpg', 'promptTrigNumber': 8, 'correctTrigNumber': 1, 'dist01TrigNumber': 5, 'dist02TrigNumber': 9, 'thisN': 2, 'thisTrialN': 2, 'thisRepN': 0}>
121.2549 	INFO 	Keyboard events cleared
121.4172 	INFO 	Keyboard events cleared
121.4763 	EXP 	scene_image_3: autoDraw = False
121.4763 	EXP 	polygon_8: autoDraw = False
121.4763 	EXP 	prompt_2: autoDraw = False
121.4763 	EXP 	dist_01_2: autoDraw = False
121.4763 	EXP 	dist_02_2: autoDraw = False
121.4763 	EXP 	correct_2: autoDraw = False
121.4763 	EXP 	scene_image_4: image = 'stimuli\\context_images\\sea_01.jpg'
121.4763 	EXP 	tooSlowtext: height = 0.02
121.4763 	EXP 	tooSlowtext: height = 0.02
121.4763 	EXP 	tooSlowtext: height = 0.02
121.4763 	EXP 	tooSlowtext: text = ''
121.4763 	EXP 	tooSlowtext: height = 0.02
121.4763 	EXP 	tooSlowtext: height = 0.02
121.4763 	EXP 	tooSlowtext: height = 0.02
121.4763 	EXP 	tooSlowtext: text = 'Zu langsam. Sie müssen schneller antworten.'
121.4763 	EXP 	scene_image_4: autoDraw = False
121.4763 	EXP 	tooSlowtext: autoDraw = False
121.4763 	EXP 	scene_image_2: image = 'stimuli\\context_images\\sea_01.jpg'
121.4763 	EXP 	prompt: image = 'stimuli/hand/hand_16.jpg'
121.4763 	EXP 	dist_01: image = 'stimuli/dog/dog_49.jpg'
121.4763 	EXP 	dist_02: image = 'stimuli/house/house_35.jpg'
121.4763 	EXP 	correct: image = 'stimuli/ball/ball_11.jpg'
121.4763 	EXP 	chooseNowText: height = 0.02
121.4763 	EXP 	chooseNowText: height = 0.02
121.4763 	EXP 	chooseNowText: height = 0.02
121.4763 	EXP 	scene_image_2: autoDraw = True
121.4763 	EXP 	polygon_4: autoDraw = True
121.4763 	EXP 	polygon_4: borderColor = <psychopy.colors.Color: none, alpha=0.0>
121.4763 	EXP 	prompt: autoDraw = True
121.4763 	EXP 	dist_01: autoDraw = True
121.4763 	EXP 	dist_02: autoDraw = True
121.4763 	EXP 	correct: autoDraw = True
121.4763 	EXP 	chooseNowText: autoDraw = True
121.4891 	EXP 	polygon_4: borderColor = <psychopy.colors.Color: none, alpha=0.0>
121.5057 	EXP 	polygon_4: borderColor = <psychopy.colors.Color: none, alpha=0.0>
121.5222 	EXP 	polygon_4: borderColor = <psychopy.colors.Color: none, alpha=0.0>
121.5393 	EXP 	polygon_4: borderColor = <psychopy.colors.Color: none, alpha=0.0>
121.5561 	EXP 	polygon_4: borderColor = <psychopy.colors.Color: none, alpha=0.0>
121.5724 	EXP 	polygon_4: borderColor = <psychopy.colors.Color: none, alpha=0.0>
121.5891 	EXP 	polygon_4: borderColor = <psychopy.colors.Color: none, alpha=0.0>
121.6056 	EXP 	polygon_4: borderColor = <psychopy.colors.Color: none, alpha=0.0>
121.6223 	EXP 	polygon_4: borderColor = <psychopy.colors.Color: none, alpha=0.0>
121.6393 	EXP 	polygon_4: borderColor = <psychopy.colors.Color: none, alpha=0.0>
121.6427 	EXP 	Device response: <KeyPress from None: t=121.6365043000551, value=g, duration=None>
121.6448 	DATA 	Keypress: g
121.6718 	EXP 	polygon_4: borderColor = <psychopy.colors.Color: none, alpha=0.0>
121.6718 	EXP 	polygon_4: fillColor = <psychopy.colors.Color: red, alpha=1.0>
121.6718 	EXP 	polygon_4: borderColor = <psychopy.colors.Color: red, alpha=1.0>
121.6890 	EXP 	polygon_4: borderColor = <psychopy.colors.Color: (0.0, 0.0, 0.0, 1.0)>
121.7056 	EXP 	polygon_4: borderColor = <psychopy.colors.Color: (0.0, 0.0, 0.0, 1.0)>
121.7224 	EXP 	polygon_4: borderColor = <psychopy.colors.Color: (0.0, 0.0, 0.0, 1.0)>
121.7389 	EXP 	polygon_4: borderColor = <psychopy.colors.Color: (0.0, 0.0, 0.0, 1.0)>
121.7555 	EXP 	polygon_4: borderColor = <psychopy.colors.Color: (0.0, 0.0, 0.0, 1.0)>
121.9414 	EXP 	Device response: <KeyPress from None: t=121.6365043000551, value=g, duration=0.1661663999548182>
121.9839 	EXP 	polygon_4: borderColor = <psychopy.colors.Color: (0.0, 0.0, 0.0, 1.0)>
121.9839 	EXP 	scene_image_2: autoDraw = False
121.9839 	EXP 	polygon_4: autoDraw = False
121.9839 	EXP 	prompt: autoDraw = False
121.9839 	EXP 	dist_01: autoDraw = False
121.9839 	EXP 	dist_02: autoDraw = False
121.9839 	EXP 	correct: autoDraw = False
121.9839 	EXP 	chooseNowText: autoDraw = False
121.9839 	EXP 	scene_image_3: image = 'stimuli\\context_images\\sea_01.jpg'
121.9839 	EXP 	polygon_8: fillColor = <psychopy.colors.Color: red, alpha=1.0>
121.9839 	EXP 	polygon_8: borderColor = <psychopy.colors.Color: red, alpha=1.0>
121.9839 	EXP 	prompt_2: image = 'stimuli/hand/hand_16.jpg'
121.9839 	EXP 	dist_01_2: image = 'stimuli/dog/dog_49.jpg'
121.9839 	EXP 	dist_02_2: image = 'stimuli/house/house_35.jpg'
121.9839 	EXP 	correct_2: image = 'stimuli/ball/ball_11.jpg'
121.9839 	EXP 	scene_image_3: autoDraw = True
121.9839 	EXP 	polygon_8: autoDraw = True
121.9839 	EXP 	prompt_2: autoDraw = True
121.9839 	EXP 	dist_01_2: autoDraw = True
121.9839 	EXP 	dist_02_2: autoDraw = True
121.9839 	EXP 	correct_2: autoDraw = True
122.9828 	EXP 	New trial (rep=0, index=3): <Trial 3 (3 in rep 0) data={'block': 1.0, 'learningSeq': 'A', 'runIndexWithinSeq': 1, 'currPosInSeq': 4, 'promptFile': 'stimuli/ball/ball_11.jpg', 'correctFile': 'stimuli/dog/dog_49.jpg', 'dist_01File': 'stimuli/jacket/jacket_44.jpg', 'dist_02File': 'stimuli/phone/phone_01.jpg', 'promptConcept': 'ball', 'correctConcept': 'dog', 'dist01Concept': 'jacket', 'dist02Concept': 'phone', 'correct_pos': 'center', 'dist01_pos': 'left', 'dist02_pos': 'right', 'dist01_diff': 0.75, 'dist02_diff': 0.36, 'correct_ans': 'center', 'pairTargetPosInSeq': 5, 'buf1Concept': 'lamp', 'buf1Exemplar': 1, 'buf1File': 'stimuli/lamp/lamp_01.jpg', 'buf2Concept': 'key', 'buf2Exemplar': 1, 'buf2File': 'stimuli/key/key_01.jpg', 'buf13Concept': 'pencil', 'buf13Exemplar': 1, 'buf13File': 'stimuli/pencil/pencil_01.jpg', 'buf14Concept': 'phone', 'buf14Exemplar': 1, 'buf14File': 'stimuli/phone/phone_01.jpg', 'promptTrigNumber': 1, 'correctTrigNumber': 5, 'dist01TrigNumber': 10, 'dist02TrigNumber': 17, 'thisN': 3, 'thisTrialN': 3, 'thisRepN': 0}>
122.9883 	INFO 	Keyboard events cleared
123.1596 	INFO 	Keyboard events cleared
123.2028 	EXP 	scene_image_3: autoDraw = False
123.2028 	EXP 	polygon_8: autoDraw = False
123.2028 	EXP 	prompt_2: autoDraw = False
123.2028 	EXP 	dist_01_2: autoDraw = False
123.2028 	EXP 	dist_02_2: autoDraw = False
123.2028 	EXP 	correct_2: autoDraw = False
123.2028 	EXP 	scene_image_4: image = 'stimuli\\context_images\\sea_01.jpg'
123.2028 	EXP 	tooSlowtext: height = 0.02
123.2028 	EXP 	tooSlowtext: height = 0.02
123.2028 	EXP 	tooSlowtext: height = 0.02
123.2028 	EXP 	tooSlowtext: text = ''
123.2028 	EXP 	tooSlowtext: height = 0.02
123.2028 	EXP 	tooSlowtext: height = 0.02
123.2028 	EXP 	tooSlowtext: height = 0.02
123.2028 	EXP 	tooSlowtext: text = 'Zu langsam. Sie müssen schneller antworten.'
123.2028 	EXP 	scene_image_4: autoDraw = False
123.2028 	EXP 	tooSlowtext: autoDraw = False
123.2028 	EXP 	scene_image_2: image = 'stimuli\\context_images\\sea_01.jpg'
123.2028 	EXP 	prompt: image = 'stimuli/ball/ball_11.jpg'
123.2028 	EXP 	dist_01: image = 'stimuli/jacket/jacket_44.jpg'
123.2028 	EXP 	dist_02: image = 'stimuli/phone/phone_01.jpg'
123.2028 	EXP 	correct: image = 'stimuli/dog/dog_49.jpg'
123.2028 	EXP 	chooseNowText: height = 0.02
123.2028 	EXP 	chooseNowText: height = 0.02
123.2028 	EXP 	chooseNowText: height = 0.02
123.2028 	EXP 	scene_image_2: autoDraw = True
123.2028 	EXP 	polygon_4: autoDraw = True
123.2028 	EXP 	polygon_4: borderColor = <psychopy.colors.Color: none, alpha=0.0>
123.2028 	EXP 	prompt: autoDraw = True
123.2028 	EXP 	dist_01: autoDraw = True
123.2028 	EXP 	dist_02: autoDraw = True
123.2028 	EXP 	correct: autoDraw = True
123.2028 	EXP 	chooseNowText: autoDraw = True
123.2222 	EXP 	polygon_4: borderColor = <psychopy.colors.Color: none, alpha=0.0>
123.2388 	EXP 	polygon_4: borderColor = <psychopy.colors.Color: none, alpha=0.0>
123.2553 	EXP 	polygon_4: borderColor = <psychopy.colors.Color: none, alpha=0.0>
123.2719 	EXP 	polygon_4: borderColor = <psychopy.colors.Color: none, alpha=0.0>
123.2886 	EXP 	polygon_4: borderColor = <psychopy.colors.Color: none, alpha=0.0>
123.3054 	EXP 	polygon_4: borderColor = <psychopy.colors.Color: none, alpha=0.0>
123.3224 	EXP 	polygon_4: borderColor = <psychopy.colors.Color: none, alpha=0.0>
123.3390 	EXP 	polygon_4: borderColor = <psychopy.colors.Color: none, alpha=0.0>
123.3553 	EXP 	polygon_4: borderColor = <psychopy.colors.Color: none, alpha=0.0>
123.3718 	EXP 	polygon_4: borderColor = <psychopy.colors.Color: none, alpha=0.0>
123.3886 	EXP 	polygon_4: borderColor = <psychopy.colors.Color: none, alpha=0.0>
123.4056 	EXP 	polygon_4: borderColor = <psychopy.colors.Color: none, alpha=0.0>
123.4219 	EXP 	polygon_4: borderColor = <psychopy.colors.Color: none, alpha=0.0>
123.4387 	EXP 	polygon_4: borderColor = <psychopy.colors.Color: none, alpha=0.0>
123.4553 	EXP 	polygon_4: borderColor = <psychopy.colors.Color: none, alpha=0.0>
123.4717 	EXP 	polygon_4: borderColor = <psychopy.colors.Color: none, alpha=0.0>
123.4884 	EXP 	polygon_4: borderColor = <psychopy.colors.Color: none, alpha=0.0>
123.5050 	EXP 	polygon_4: borderColor = <psychopy.colors.Color: none, alpha=0.0>
123.5217 	EXP 	polygon_4: borderColor = <psychopy.colors.Color: none, alpha=0.0>
123.5384 	EXP 	polygon_4: borderColor = <psychopy.colors.Color: none, alpha=0.0>
123.5410 	EXP 	Device response: <KeyPress from None: t=123.53471300005913, value=b, duration=None>
123.5426 	DATA 	Keypress: b
123.5715 	EXP 	polygon_4: borderColor = <psychopy.colors.Color: none, alpha=0.0>
123.5715 	EXP 	polygon_4: fillColor = <psychopy.colors.Color: red, alpha=1.0>
123.5715 	EXP 	polygon_4: borderColor = <psychopy.colors.Color: red, alpha=1.0>
123.5884 	EXP 	polygon_4: borderColor = <psychopy.colors.Color: (0.0, 0.0, 0.0, 1.0)>
123.6051 	EXP 	polygon_4: borderColor = <psychopy.colors.Color: (0.0, 0.0, 0.0, 1.0)>
123.6217 	EXP 	polygon_4: borderColor = <psychopy.colors.Color: (0.0, 0.0, 0.0, 1.0)>
123.6384 	EXP 	polygon_4: borderColor = <psychopy.colors.Color: (0.0, 0.0, 0.0, 1.0)>
123.6551 	EXP 	polygon_4: borderColor = <psychopy.colors.Color: (0.0, 0.0, 0.0, 1.0)>
123.8324 	EXP 	Device response: <KeyPress from None: t=123.53471300005913, value=b, duration=0.146308199968189>
123.8829 	EXP 	polygon_4: borderColor = <psychopy.colors.Color: (0.0, 0.0, 0.0, 1.0)>
123.8829 	EXP 	scene_image_2: autoDraw = False
123.8829 	EXP 	polygon_4: autoDraw = False
123.8829 	EXP 	prompt: autoDraw = False
123.8829 	EXP 	dist_01: autoDraw = False
123.8829 	EXP 	dist_02: autoDraw = False
123.8829 	EXP 	correct: autoDraw = False
123.8829 	EXP 	chooseNowText: autoDraw = False
123.8829 	EXP 	scene_image_3: image = 'stimuli\\context_images\\sea_01.jpg'
123.8829 	EXP 	polygon_8: fillColor = <psychopy.colors.Color: red, alpha=1.0>
123.8829 	EXP 	polygon_8: borderColor = <psychopy.colors.Color: red, alpha=1.0>
123.8829 	EXP 	prompt_2: image = 'stimuli/ball/ball_11.jpg'
123.8829 	EXP 	dist_01_2: image = 'stimuli/jacket/jacket_44.jpg'
123.8829 	EXP 	dist_02_2: image = 'stimuli/phone/phone_01.jpg'
123.8829 	EXP 	correct_2: image = 'stimuli/dog/dog_49.jpg'
123.8829 	EXP 	scene_image_3: autoDraw = True
123.8829 	EXP 	polygon_8: autoDraw = True
123.8829 	EXP 	prompt_2: autoDraw = True
123.8829 	EXP 	dist_01_2: autoDraw = True
123.8829 	EXP 	dist_02_2: autoDraw = True
123.8829 	EXP 	correct_2: autoDraw = True
124.8824 	EXP 	New trial (rep=0, index=4): <Trial 4 (4 in rep 0) data={'block': 1.0, 'learningSeq': 'A', 'runIndexWithinSeq': 1, 'currPosInSeq': 5, 'promptFile': 'stimuli/dog/dog_49.jpg', 'correctFile': 'stimuli/flower/flower_17.jpg', 'dist_01File': 'stimuli/bread/bread_29.jpg', 'dist_02File': 'stimuli/hammer/hammer_16.jpg', 'promptConcept': 'dog', 'correctConcept': 'flower', 'dist01Concept': 'bread', 'dist02Concept': 'hammer', 'correct_pos': 'left', 'dist01_pos': 'right', 'dist02_pos': 'center', 'dist01_diff': 0.64, 'dist02_diff': 0.53, 'correct_ans': 'left', 'pairTargetPosInSeq': 6, 'buf1Concept': 'lamp', 'buf1Exemplar': 1, 'buf1File': 'stimuli/lamp/lamp_01.jpg', 'buf2Concept': 'key', 'buf2Exemplar': 1, 'buf2File': 'stimuli/key/key_01.jpg', 'buf13Concept': 'pencil', 'buf13Exemplar': 1, 'buf13File': 'stimuli/pencil/pencil_01.jpg', 'buf14Concept': 'phone', 'buf14Exemplar': 1, 'buf14File': 'stimuli/phone/phone_01.jpg', 'promptTrigNumber': 5, 'correctTrigNumber': 6, 'dist01TrigNumber': 3, 'dist02TrigNumber': 7, 'thisN': 4, 'thisTrialN': 4, 'thisRepN': 0}>
124.8884 	INFO 	Keyboard events cleared
125.0109 	INFO 	Keyboard events cleared
125.0422 	EXP 	scene_image_3: autoDraw = False
125.0422 	EXP 	polygon_8: autoDraw = False
125.0422 	EXP 	prompt_2: autoDraw = False
125.0422 	EXP 	dist_01_2: autoDraw = False
125.0422 	EXP 	dist_02_2: autoDraw = False
125.0422 	EXP 	correct_2: autoDraw = False
125.0422 	EXP 	scene_image_4: image = 'stimuli\\context_images\\sea_01.jpg'
125.0422 	EXP 	tooSlowtext: height = 0.02
125.0422 	EXP 	tooSlowtext: height = 0.02
125.0422 	EXP 	tooSlowtext: height = 0.02
125.0422 	EXP 	tooSlowtext: text = ''
125.0422 	EXP 	tooSlowtext: height = 0.02
125.0422 	EXP 	tooSlowtext: height = 0.02
125.0422 	EXP 	tooSlowtext: height = 0.02
125.0422 	EXP 	tooSlowtext: text = 'Zu langsam. Sie müssen schneller antworten.'
125.0422 	EXP 	scene_image_4: autoDraw = False
125.0422 	EXP 	tooSlowtext: autoDraw = False
125.0422 	EXP 	scene_image_2: image = 'stimuli\\context_images\\sea_01.jpg'
125.0422 	EXP 	prompt: image = 'stimuli/dog/dog_49.jpg'
125.0422 	EXP 	dist_01: image = 'stimuli/bread/bread_29.jpg'
125.0422 	EXP 	dist_02: image = 'stimuli/hammer/hammer_16.jpg'
125.0422 	EXP 	correct: image = 'stimuli/flower/flower_17.jpg'
125.0422 	EXP 	chooseNowText: height = 0.02
125.0422 	EXP 	chooseNowText: height = 0.02
125.0422 	EXP 	chooseNowText: height = 0.02
125.0422 	EXP 	scene_image_2: autoDraw = True
125.0422 	EXP 	polygon_4: autoDraw = True
125.0422 	EXP 	polygon_4: borderColor = <psychopy.colors.Color: none, alpha=0.0>
125.0422 	EXP 	prompt: autoDraw = True
125.0422 	EXP 	dist_01: autoDraw = True
125.0422 	EXP 	dist_02: autoDraw = True
125.0422 	EXP 	correct: autoDraw = True
125.0422 	EXP 	chooseNowText: autoDraw = True
125.0548 	EXP 	polygon_4: borderColor = <psychopy.colors.Color: none, alpha=0.0>
125.0710 	EXP 	polygon_4: borderColor = <psychopy.colors.Color: none, alpha=0.0>
125.0877 	EXP 	polygon_4: borderColor = <psychopy.colors.Color: none, alpha=0.0>
125.1042 	EXP 	polygon_4: borderColor = <psychopy.colors.Color: none, alpha=0.0>
125.1209 	EXP 	polygon_4: borderColor = <psychopy.colors.Color: none, alpha=0.0>
125.1377 	EXP 	polygon_4: borderColor = <psychopy.colors.Color: none, alpha=0.0>
125.1542 	EXP 	polygon_4: borderColor = <psychopy.colors.Color: none, alpha=0.0>
125.1710 	EXP 	polygon_4: borderColor = <psychopy.colors.Color: none, alpha=0.0>
125.1876 	EXP 	polygon_4: borderColor = <psychopy.colors.Color: none, alpha=0.0>
125.2042 	EXP 	polygon_4: borderColor = <psychopy.colors.Color: none, alpha=0.0>
125.2210 	EXP 	polygon_4: borderColor = <psychopy.colors.Color: none, alpha=0.0>
125.2376 	EXP 	polygon_4: borderColor = <psychopy.colors.Color: none, alpha=0.0>
125.2398 	EXP 	Device response: <KeyPress from None: t=125.23063730006106, value=g, duration=None>
125.2412 	DATA 	Keypress: g
125.2704 	EXP 	polygon_4: borderColor = <psychopy.colors.Color: none, alpha=0.0>
125.2704 	EXP 	polygon_4: fillColor = <psychopy.colors.Color: (0.0, 1.0, 0.0, 1.0)>
125.2704 	EXP 	polygon_4: borderColor = <psychopy.colors.Color: (0.0, 1.0, 0.0, 1.0)>
125.2877 	EXP 	polygon_4: borderColor = <psychopy.colors.Color: (0.0, 0.0, 0.0, 1.0)>
125.3043 	EXP 	polygon_4: borderColor = <psychopy.colors.Color: (0.0, 0.0, 0.0, 1.0)>
125.3214 	EXP 	polygon_4: borderColor = <psychopy.colors.Color: (0.0, 0.0, 0.0, 1.0)>
125.3378 	EXP 	polygon_4: borderColor = <psychopy.colors.Color: (0.0, 0.0, 0.0, 1.0)>
125.3545 	EXP 	polygon_4: borderColor = <psychopy.colors.Color: (0.0, 0.0, 0.0, 1.0)>
125.4729 	EXP 	Device response: <KeyPress from None: t=125.23063730006106, value=g, duration=0.1925808999221772>
125.5030 	EXP 	polygon_4: borderColor = <psychopy.colors.Color: (0.0, 0.0, 0.0, 1.0)>
125.5030 	EXP 	scene_image_2: autoDraw = False
125.5030 	EXP 	polygon_4: autoDraw = False
125.5030 	EXP 	prompt: autoDraw = False
125.5030 	EXP 	dist_01: autoDraw = False
125.5030 	EXP 	dist_02: autoDraw = False
125.5030 	EXP 	correct: autoDraw = False
125.5030 	EXP 	chooseNowText: autoDraw = False
125.5030 	EXP 	scene_image_3: image = 'stimuli\\context_images\\sea_01.jpg'
125.5030 	EXP 	polygon_8: fillColor = <psychopy.colors.Color: (0.0, 1.0, 0.0, 1.0)>
125.5030 	EXP 	polygon_8: borderColor = <psychopy.colors.Color: (0.0, 1.0, 0.0, 1.0)>
125.5030 	EXP 	prompt_2: image = 'stimuli/dog/dog_49.jpg'
125.5030 	EXP 	dist_01_2: image = 'stimuli/bread/bread_29.jpg'
125.5030 	EXP 	dist_02_2: image = 'stimuli/hammer/hammer_16.jpg'
125.5030 	EXP 	correct_2: image = 'stimuli/flower/flower_17.jpg'
125.5030 	EXP 	scene_image_3: autoDraw = True
125.5030 	EXP 	polygon_8: autoDraw = True
125.5030 	EXP 	prompt_2: autoDraw = True
125.5030 	EXP 	dist_01_2: autoDraw = True
125.5030 	EXP 	dist_02_2: autoDraw = True
125.5030 	EXP 	correct_2: autoDraw = True
126.4982 	EXP 	New trial (rep=0, index=5): <Trial 5 (5 in rep 0) data={'block': 1.0, 'learningSeq': 'A', 'runIndexWithinSeq': 1, 'currPosInSeq': 6, 'promptFile': 'stimuli/flower/flower_17.jpg', 'correctFile': 'stimuli/jacket/jacket_44.jpg', 'dist_01File': 'stimuli/chair/chair_11.jpg', 'dist_02File': 'stimuli/pencil/pencil_01.jpg', 'promptConcept': 'flower', 'correctConcept': 'jacket', 'dist01Concept': 'chair', 'dist02Concept': 'pencil', 'correct_pos': 'right', 'dist01_pos': 'center', 'dist02_pos': 'left', 'dist01_diff': 0.75, 'dist02_diff': 0.53, 'correct_ans': 'right', 'pairTargetPosInSeq': 7, 'buf1Concept': 'lamp', 'buf1Exemplar': 1, 'buf1File': 'stimuli/lamp/lamp_01.jpg', 'buf2Concept': 'key', 'buf2Exemplar': 1, 'buf2File': 'stimuli/key/key_01.jpg', 'buf13Concept': 'pencil', 'buf13Exemplar': 1, 'buf13File': 'stimuli/pencil/pencil_01.jpg', 'buf14Concept': 'phone', 'buf14Exemplar': 1, 'buf14File': 'stimuli/phone/phone_01.jpg', 'promptTrigNumber': 6, 'correctTrigNumber': 10, 'dist01TrigNumber': 4, 'dist02TrigNumber': 16, 'thisN': 5, 'thisTrialN': 5, 'thisRepN': 0}>
126.5038 	INFO 	Keyboard events cleared
126.6112 	INFO 	Keyboard events cleared
126.6366 	EXP 	scene_image_3: autoDraw = False
126.6366 	EXP 	polygon_8: autoDraw = False
126.6366 	EXP 	prompt_2: autoDraw = False
126.6366 	EXP 	dist_01_2: autoDraw = False
126.6366 	EXP 	dist_02_2: autoDraw = False
126.6366 	EXP 	correct_2: autoDraw = False
126.6366 	EXP 	scene_image_4: image = 'stimuli\\context_images\\sea_01.jpg'
126.6366 	EXP 	tooSlowtext: height = 0.02
126.6366 	EXP 	tooSlowtext: height = 0.02
126.6366 	EXP 	tooSlowtext: height = 0.02
126.6366 	EXP 	tooSlowtext: text = ''
126.6366 	EXP 	tooSlowtext: height = 0.02
126.6366 	EXP 	tooSlowtext: height = 0.02
126.6366 	EXP 	tooSlowtext: height = 0.02
126.6366 	EXP 	tooSlowtext: text = 'Zu langsam. Sie müssen schneller antworten.'
126.6366 	EXP 	scene_image_4: autoDraw = False
126.6366 	EXP 	tooSlowtext: autoDraw = False
126.6366 	EXP 	scene_image_2: image = 'stimuli\\context_images\\sea_01.jpg'
126.6366 	EXP 	prompt: image = 'stimuli/flower/flower_17.jpg'
126.6366 	EXP 	dist_01: image = 'stimuli/chair/chair_11.jpg'
126.6366 	EXP 	dist_02: image = 'stimuli/pencil/pencil_01.jpg'
126.6366 	EXP 	correct: image = 'stimuli/jacket/jacket_44.jpg'
126.6366 	EXP 	chooseNowText: height = 0.02
126.6366 	EXP 	chooseNowText: height = 0.02
126.6366 	EXP 	chooseNowText: height = 0.02
126.6366 	EXP 	scene_image_2: autoDraw = True
126.6366 	EXP 	polygon_4: autoDraw = True
126.6366 	EXP 	polygon_4: borderColor = <psychopy.colors.Color: none, alpha=0.0>
126.6366 	EXP 	prompt: autoDraw = True
126.6366 	EXP 	dist_01: autoDraw = True
126.6366 	EXP 	dist_02: autoDraw = True
126.6366 	EXP 	correct: autoDraw = True
126.6366 	EXP 	chooseNowText: autoDraw = True
126.6542 	EXP 	polygon_4: borderColor = <psychopy.colors.Color: none, alpha=0.0>
126.6708 	EXP 	polygon_4: borderColor = <psychopy.colors.Color: none, alpha=0.0>
126.6871 	EXP 	polygon_4: borderColor = <psychopy.colors.Color: none, alpha=0.0>
126.7040 	EXP 	polygon_4: borderColor = <psychopy.colors.Color: none, alpha=0.0>
126.7203 	EXP 	polygon_4: borderColor = <psychopy.colors.Color: none, alpha=0.0>
126.7371 	EXP 	polygon_4: borderColor = <psychopy.colors.Color: none, alpha=0.0>
126.7539 	EXP 	polygon_4: borderColor = <psychopy.colors.Color: none, alpha=0.0>
126.7706 	EXP 	polygon_4: borderColor = <psychopy.colors.Color: none, alpha=0.0>
126.7872 	EXP 	polygon_4: borderColor = <psychopy.colors.Color: none, alpha=0.0>
126.8042 	EXP 	polygon_4: borderColor = <psychopy.colors.Color: none, alpha=0.0>
126.8207 	EXP 	polygon_4: borderColor = <psychopy.colors.Color: none, alpha=0.0>
126.8373 	EXP 	polygon_4: borderColor = <psychopy.colors.Color: none, alpha=0.0>
126.8541 	EXP 	polygon_4: borderColor = <psychopy.colors.Color: none, alpha=0.0>
126.8707 	EXP 	polygon_4: borderColor = <psychopy.colors.Color: none, alpha=0.0>
126.8873 	EXP 	polygon_4: borderColor = <psychopy.colors.Color: none, alpha=0.0>
126.9040 	EXP 	polygon_4: borderColor = <psychopy.colors.Color: none, alpha=0.0>
126.9209 	EXP 	polygon_4: borderColor = <psychopy.colors.Color: none, alpha=0.0>
126.9374 	EXP 	polygon_4: borderColor = <psychopy.colors.Color: none, alpha=0.0>
126.9538 	EXP 	polygon_4: borderColor = <psychopy.colors.Color: none, alpha=0.0>
126.9706 	EXP 	polygon_4: borderColor = <psychopy.colors.Color: none, alpha=0.0>
126.9872 	EXP 	polygon_4: borderColor = <psychopy.colors.Color: none, alpha=0.0>
127.0038 	EXP 	polygon_4: borderColor = <psychopy.colors.Color: none, alpha=0.0>
127.0205 	EXP 	polygon_4: borderColor = <psychopy.colors.Color: none, alpha=0.0>
127.0369 	EXP 	polygon_4: borderColor = <psychopy.colors.Color: none, alpha=0.0>
127.0537 	EXP 	polygon_4: borderColor = <psychopy.colors.Color: none, alpha=0.0>
127.0705 	EXP 	polygon_4: borderColor = <psychopy.colors.Color: none, alpha=0.0>
127.0732 	EXP 	Device response: <KeyPress from None: t=127.05873879999854, value=g, duration=None>
127.0751 	DATA 	Keypress: g
127.1034 	EXP 	polygon_4: borderColor = <psychopy.colors.Color: none, alpha=0.0>
127.1034 	EXP 	polygon_4: fillColor = <psychopy.colors.Color: red, alpha=1.0>
127.1034 	EXP 	polygon_4: borderColor = <psychopy.colors.Color: red, alpha=1.0>
127.1207 	EXP 	polygon_4: borderColor = <psychopy.colors.Color: (0.0, 0.0, 0.0, 1.0)>
127.1374 	EXP 	polygon_4: borderColor = <psychopy.colors.Color: (0.0, 0.0, 0.0, 1.0)>
127.1540 	EXP 	polygon_4: borderColor = <psychopy.colors.Color: (0.0, 0.0, 0.0, 1.0)>
127.1709 	EXP 	polygon_4: borderColor = <psychopy.colors.Color: (0.0, 0.0, 0.0, 1.0)>
127.1871 	EXP 	polygon_4: borderColor = <psychopy.colors.Color: (0.0, 0.0, 0.0, 1.0)>
127.3176 	EXP 	polygon_4: borderColor = <psychopy.colors.Color: (0.0, 0.0, 0.0, 1.0)>
127.3176 	EXP 	scene_image_2: autoDraw = False
127.3176 	EXP 	polygon_4: autoDraw = False
127.3176 	EXP 	prompt: autoDraw = False
127.3176 	EXP 	dist_01: autoDraw = False
127.3176 	EXP 	dist_02: autoDraw = False
127.3176 	EXP 	correct: autoDraw = False
127.3176 	EXP 	chooseNowText: autoDraw = False
127.3176 	EXP 	scene_image_3: image = 'stimuli\\context_images\\sea_01.jpg'
127.3176 	EXP 	polygon_8: fillColor = <psychopy.colors.Color: red, alpha=1.0>
127.3176 	EXP 	polygon_8: borderColor = <psychopy.colors.Color: red, alpha=1.0>
127.3176 	EXP 	prompt_2: image = 'stimuli/flower/flower_17.jpg'
127.3176 	EXP 	dist_01_2: image = 'stimuli/chair/chair_11.jpg'
127.3176 	EXP 	dist_02_2: image = 'stimuli/pencil/pencil_01.jpg'
127.3176 	EXP 	correct_2: image = 'stimuli/jacket/jacket_44.jpg'
127.3176 	EXP 	scene_image_3: autoDraw = True
127.3176 	EXP 	polygon_8: autoDraw = True
127.3176 	EXP 	prompt_2: autoDraw = True
127.3176 	EXP 	dist_01_2: autoDraw = True
127.3176 	EXP 	dist_02_2: autoDraw = True
127.3176 	EXP 	correct_2: autoDraw = True
127.3207 	EXP 	Device response: <KeyPress from None: t=127.05873879999854, value=g, duration=0.23968140000943094>
128.3132 	EXP 	New trial (rep=0, index=6): <Trial 6 (6 in rep 0) data={'block': 1.0, 'learningSeq': 'A', 'runIndexWithinSeq': 1, 'currPosInSeq': 7, 'promptFile': 'stimuli/jacket/jacket_44.jpg', 'correctFile': 'stimuli/bicycle/bicycle_06.jpg', 'dist_01File': 'stimuli/hand/hand_16.jpg', 'dist_02File': 'stimuli/dog/dog_49.jpg', 'promptConcept': 'jacket', 'correctConcept': 'bicycle', 'dist01Concept': 'hand', 'dist02Concept': 'dog', 'correct_pos': 'left', 'dist01_pos': 'right', 'dist02_pos': 'center', 'dist01_diff': 0.33, 'dist02_diff': 0.2, 'correct_ans': 'left', 'pairTargetPosInSeq': 8, 'buf1Concept': 'lamp', 'buf1Exemplar': 1, 'buf1File': 'stimuli/lamp/lamp_01.jpg', 'buf2Concept': 'key', 'buf2Exemplar': 1, 'buf2File': 'stimuli/key/key_01.jpg', 'buf13Concept': 'pencil', 'buf13Exemplar': 1, 'buf13File': 'stimuli/pencil/pencil_01.jpg', 'buf14Concept': 'phone', 'buf14Exemplar': 1, 'buf14File': 'stimuli/phone/phone_01.jpg', 'promptTrigNumber': 10, 'correctTrigNumber': 2, 'dist01TrigNumber': 8, 'dist02TrigNumber': 5, 'thisN': 6, 'thisTrialN': 6, 'thisRepN': 0}>
128.3192 	INFO 	Keyboard events cleared
128.4572 	INFO 	Keyboard events cleared
128.4894 	EXP 	scene_image_3: autoDraw = False
128.4894 	EXP 	polygon_8: autoDraw = False
128.4894 	EXP 	prompt_2: autoDraw = False
128.4894 	EXP 	dist_01_2: autoDraw = False
128.4894 	EXP 	dist_02_2: autoDraw = False
128.4894 	EXP 	correct_2: autoDraw = False
128.4894 	EXP 	scene_image_4: image = 'stimuli\\context_images\\sea_01.jpg'
128.4894 	EXP 	tooSlowtext: height = 0.02
128.4894 	EXP 	tooSlowtext: height = 0.02
128.4894 	EXP 	tooSlowtext: height = 0.02
128.4894 	EXP 	tooSlowtext: text = ''
128.4894 	EXP 	tooSlowtext: height = 0.02
128.4894 	EXP 	tooSlowtext: height = 0.02
128.4894 	EXP 	tooSlowtext: height = 0.02
128.4894 	EXP 	tooSlowtext: text = 'Zu langsam. Sie müssen schneller antworten.'
128.4894 	EXP 	scene_image_4: autoDraw = False
128.4894 	EXP 	tooSlowtext: autoDraw = False
128.4894 	EXP 	scene_image_2: image = 'stimuli\\context_images\\sea_01.jpg'
128.4894 	EXP 	prompt: image = 'stimuli/jacket/jacket_44.jpg'
128.4894 	EXP 	dist_01: image = 'stimuli/hand/hand_16.jpg'
128.4894 	EXP 	dist_02: image = 'stimuli/dog/dog_49.jpg'
128.4894 	EXP 	correct: image = 'stimuli/bicycle/bicycle_06.jpg'
128.4894 	EXP 	chooseNowText: height = 0.02
128.4894 	EXP 	chooseNowText: height = 0.02
128.4894 	EXP 	chooseNowText: height = 0.02
128.4894 	EXP 	scene_image_2: autoDraw = True
128.4894 	EXP 	polygon_4: autoDraw = True
128.4894 	EXP 	polygon_4: borderColor = <psychopy.colors.Color: none, alpha=0.0>
128.4894 	EXP 	prompt: autoDraw = True
128.4894 	EXP 	dist_01: autoDraw = True
128.4894 	EXP 	dist_02: autoDraw = True
128.4894 	EXP 	correct: autoDraw = True
128.4894 	EXP 	chooseNowText: autoDraw = True
128.5036 	EXP 	polygon_4: borderColor = <psychopy.colors.Color: none, alpha=0.0>
128.5200 	EXP 	polygon_4: borderColor = <psychopy.colors.Color: none, alpha=0.0>
128.5368 	EXP 	polygon_4: borderColor = <psychopy.colors.Color: none, alpha=0.0>
128.5534 	EXP 	polygon_4: borderColor = <psychopy.colors.Color: none, alpha=0.0>
128.5700 	EXP 	polygon_4: borderColor = <psychopy.colors.Color: none, alpha=0.0>
128.5866 	EXP 	polygon_4: borderColor = <psychopy.colors.Color: none, alpha=0.0>
128.6035 	EXP 	polygon_4: borderColor = <psychopy.colors.Color: none, alpha=0.0>
128.6199 	EXP 	polygon_4: borderColor = <psychopy.colors.Color: none, alpha=0.0>
128.6368 	EXP 	polygon_4: borderColor = <psychopy.colors.Color: none, alpha=0.0>
128.6537 	EXP 	polygon_4: borderColor = <psychopy.colors.Color: none, alpha=0.0>
128.6704 	EXP 	polygon_4: borderColor = <psychopy.colors.Color: none, alpha=0.0>
128.6870 	EXP 	polygon_4: borderColor = <psychopy.colors.Color: none, alpha=0.0>
128.7033 	EXP 	polygon_4: borderColor = <psychopy.colors.Color: none, alpha=0.0>
128.7198 	EXP 	polygon_4: borderColor = <psychopy.colors.Color: none, alpha=0.0>
128.7364 	EXP 	polygon_4: borderColor = <psychopy.colors.Color: none, alpha=0.0>
128.7532 	EXP 	polygon_4: borderColor = <psychopy.colors.Color: none, alpha=0.0>
128.7699 	EXP 	polygon_4: borderColor = <psychopy.colors.Color: none, alpha=0.0>
128.7864 	EXP 	polygon_4: borderColor = <psychopy.colors.Color: none, alpha=0.0>
128.8031 	EXP 	polygon_4: borderColor = <psychopy.colors.Color: none, alpha=0.0>
128.8200 	EXP 	polygon_4: borderColor = <psychopy.colors.Color: none, alpha=0.0>
128.8364 	EXP 	polygon_4: borderColor = <psychopy.colors.Color: none, alpha=0.0>
128.8389 	EXP 	Device response: <KeyPress from None: t=128.82716129999608, value=r, duration=None>
128.8390 	EXP 	Device response: <KeyPress from None: t=128.8298801999772, value=g, duration=None>
128.8414 	DATA 	Keypress: r
128.8415 	DATA 	Keypress: g
128.8416 	DATA 	Keypress: b
128.8502 	EXP 	Device response: <KeyPress from None: t=128.8411757000722, value=b, duration=None>
128.8697 	EXP 	polygon_4: borderColor = <psychopy.colors.Color: none, alpha=0.0>
128.8697 	EXP 	polygon_4: fillColor = <psychopy.colors.Color: red, alpha=1.0>
128.8697 	EXP 	polygon_4: borderColor = <psychopy.colors.Color: red, alpha=1.0>
128.8866 	EXP 	polygon_4: borderColor = <psychopy.colors.Color: (0.0, 0.0, 0.0, 1.0)>
128.9032 	EXP 	polygon_4: borderColor = <psychopy.colors.Color: (0.0, 0.0, 0.0, 1.0)>
128.9202 	EXP 	polygon_4: borderColor = <psychopy.colors.Color: (0.0, 0.0, 0.0, 1.0)>
128.9367 	EXP 	polygon_4: borderColor = <psychopy.colors.Color: (0.0, 0.0, 0.0, 1.0)>
128.9535 	EXP 	polygon_4: borderColor = <psychopy.colors.Color: (0.0, 0.0, 0.0, 1.0)>
129.0834 	EXP 	Device response: <KeyPress from None: t=128.8411757000722, value=b, duration=0.2418776999693364>
129.1202 	EXP 	polygon_4: borderColor = <psychopy.colors.Color: (0.0, 0.0, 0.0, 1.0)>
129.1202 	EXP 	scene_image_2: autoDraw = False
129.1202 	EXP 	polygon_4: autoDraw = False
129.1202 	EXP 	prompt: autoDraw = False
129.1202 	EXP 	dist_01: autoDraw = False
129.1202 	EXP 	dist_02: autoDraw = False
129.1202 	EXP 	correct: autoDraw = False
129.1202 	EXP 	chooseNowText: autoDraw = False
129.1202 	EXP 	scene_image_3: image = 'stimuli\\context_images\\sea_01.jpg'
129.1202 	EXP 	polygon_8: fillColor = <psychopy.colors.Color: red, alpha=1.0>
129.1202 	EXP 	polygon_8: borderColor = <psychopy.colors.Color: red, alpha=1.0>
129.1202 	EXP 	prompt_2: image = 'stimuli/jacket/jacket_44.jpg'
129.1202 	EXP 	dist_01_2: image = 'stimuli/hand/hand_16.jpg'
129.1202 	EXP 	dist_02_2: image = 'stimuli/dog/dog_49.jpg'
129.1202 	EXP 	correct_2: image = 'stimuli/bicycle/bicycle_06.jpg'
129.1202 	EXP 	scene_image_3: autoDraw = True
129.1202 	EXP 	polygon_8: autoDraw = True
129.1202 	EXP 	prompt_2: autoDraw = True
129.1202 	EXP 	dist_01_2: autoDraw = True
129.1202 	EXP 	dist_02_2: autoDraw = True
129.1202 	EXP 	correct_2: autoDraw = True
129.1230 	EXP 	Device response: <KeyPress from None: t=128.8298801999772, value=g, duration=0.286539199994877>
129.1231 	EXP 	Device response: <KeyPress from None: t=118.29353290004656, value=r, duration=10.826516699977219>
130.1143 	EXP 	New trial (rep=0, index=7): <Trial 7 (7 in rep 0) data={'block': 1.0, 'learningSeq': 'A', 'runIndexWithinSeq': 1, 'currPosInSeq': 8, 'promptFile': 'stimuli/bicycle/bicycle_06.jpg', 'correctFile': 'stimuli/chair/chair_11.jpg', 'dist_01File': 'stimuli/key/key_01.jpg', 'dist_02File': 'stimuli/ball/ball_11.jpg', 'promptConcept': 'bicycle', 'correctConcept': 'chair', 'dist01Concept': 'key', 'dist02Concept': 'ball', 'correct_pos': 'left', 'dist01_pos': 'center', 'dist02_pos': 'right', 'dist01_diff': 0.47, 'dist02_diff': 0.33, 'correct_ans': 'left', 'pairTargetPosInSeq': 9, 'buf1Concept': 'lamp', 'buf1Exemplar': 1, 'buf1File': 'stimuli/lamp/lamp_01.jpg', 'buf2Concept': 'key', 'buf2Exemplar': 1, 'buf2File': 'stimuli/key/key_01.jpg', 'buf13Concept': 'pencil', 'buf13Exemplar': 1, 'buf13File': 'stimuli/pencil/pencil_01.jpg', 'buf14Concept': 'phone', 'buf14Exemplar': 1, 'buf14File': 'stimuli/phone/phone_01.jpg', 'promptTrigNumber': 2, 'correctTrigNumber': 4, 'dist01TrigNumber': 15, 'dist02TrigNumber': 1, 'thisN': 7, 'thisTrialN': 7, 'thisRepN': 0}>
130.1201 	INFO 	Keyboard events cleared
130.2883 	INFO 	Keyboard events cleared
130.3794 	EXP 	scene_image_3: autoDraw = False
130.3794 	EXP 	polygon_8: autoDraw = False
130.3794 	EXP 	prompt_2: autoDraw = False
130.3794 	EXP 	dist_01_2: autoDraw = False
130.3794 	EXP 	dist_02_2: autoDraw = False
130.3794 	EXP 	correct_2: autoDraw = False
130.3794 	EXP 	scene_image_4: image = 'stimuli\\context_images\\sea_01.jpg'
130.3794 	EXP 	tooSlowtext: height = 0.02
130.3794 	EXP 	tooSlowtext: height = 0.02
130.3794 	EXP 	tooSlowtext: height = 0.02
130.3794 	EXP 	tooSlowtext: text = ''
130.3794 	EXP 	tooSlowtext: height = 0.02
130.3794 	EXP 	tooSlowtext: height = 0.02
130.3794 	EXP 	tooSlowtext: height = 0.02
130.3794 	EXP 	tooSlowtext: text = 'Zu langsam. Sie müssen schneller antworten.'
130.3794 	EXP 	scene_image_4: autoDraw = False
130.3794 	EXP 	tooSlowtext: autoDraw = False
130.3794 	EXP 	scene_image_2: image = 'stimuli\\context_images\\sea_01.jpg'
130.3794 	EXP 	prompt: image = 'stimuli/bicycle/bicycle_06.jpg'
130.3794 	EXP 	dist_01: image = 'stimuli/key/key_01.jpg'
130.3794 	EXP 	dist_02: image = 'stimuli/ball/ball_11.jpg'
130.3794 	EXP 	correct: image = 'stimuli/chair/chair_11.jpg'
130.3794 	EXP 	chooseNowText: height = 0.02
130.3794 	EXP 	chooseNowText: height = 0.02
130.3794 	EXP 	chooseNowText: height = 0.02
130.3794 	EXP 	scene_image_2: autoDraw = True
130.3794 	EXP 	polygon_4: autoDraw = True
130.3794 	EXP 	polygon_4: borderColor = <psychopy.colors.Color: none, alpha=0.0>
130.3794 	EXP 	prompt: autoDraw = True
130.3794 	EXP 	dist_01: autoDraw = True
130.3794 	EXP 	dist_02: autoDraw = True
130.3794 	EXP 	correct: autoDraw = True
130.3794 	EXP 	chooseNowText: autoDraw = True
130.4024 	EXP 	polygon_4: borderColor = <psychopy.colors.Color: none, alpha=0.0>
130.4194 	EXP 	polygon_4: borderColor = <psychopy.colors.Color: none, alpha=0.0>
130.4364 	EXP 	polygon_4: borderColor = <psychopy.colors.Color: none, alpha=0.0>
130.4528 	EXP 	polygon_4: borderColor = <psychopy.colors.Color: none, alpha=0.0>
130.4696 	EXP 	polygon_4: borderColor = <psychopy.colors.Color: none, alpha=0.0>
130.4864 	EXP 	polygon_4: borderColor = <psychopy.colors.Color: none, alpha=0.0>
130.5030 	EXP 	polygon_4: borderColor = <psychopy.colors.Color: none, alpha=0.0>
130.5199 	EXP 	polygon_4: borderColor = <psychopy.colors.Color: none, alpha=0.0>
130.5366 	EXP 	polygon_4: borderColor = <psychopy.colors.Color: none, alpha=0.0>
130.5531 	EXP 	polygon_4: borderColor = <psychopy.colors.Color: none, alpha=0.0>
130.5695 	EXP 	polygon_4: borderColor = <psychopy.colors.Color: none, alpha=0.0>
130.5863 	EXP 	polygon_4: borderColor = <psychopy.colors.Color: none, alpha=0.0>
130.6028 	EXP 	polygon_4: borderColor = <psychopy.colors.Color: none, alpha=0.0>
130.6196 	EXP 	polygon_4: borderColor = <psychopy.colors.Color: none, alpha=0.0>
130.6362 	EXP 	polygon_4: borderColor = <psychopy.colors.Color: none, alpha=0.0>
130.6390 	EXP 	Device response: <KeyPress from None: t=130.62389789998997, value=g, duration=None>
130.6406 	DATA 	Keypress: g
130.6688 	EXP 	polygon_4: borderColor = <psychopy.colors.Color: none, alpha=0.0>
130.6688 	EXP 	polygon_4: fillColor = <psychopy.colors.Color: (0.0, 1.0, 0.0, 1.0)>
130.6688 	EXP 	polygon_4: borderColor = <psychopy.colors.Color: (0.0, 1.0, 0.0, 1.0)>
130.6860 	EXP 	polygon_4: borderColor = <psychopy.colors.Color: (0.0, 0.0, 0.0, 1.0)>
130.7027 	EXP 	polygon_4: borderColor = <psychopy.colors.Color: (0.0, 0.0, 0.0, 1.0)>
130.7193 	EXP 	polygon_4: borderColor = <psychopy.colors.Color: (0.0, 0.0, 0.0, 1.0)>
130.7220 	EXP 	Device response: <KeyPress from None: t=130.7205321000656, value=b, duration=None>
130.7227 	DATA 	Keypress: b
130.7361 	EXP 	polygon_4: borderColor = <psychopy.colors.Color: (0.0, 0.0, 0.0, 1.0)>
130.7528 	EXP 	polygon_4: borderColor = <psychopy.colors.Color: (0.0, 0.0, 0.0, 1.0)>
130.9262 	EXP 	Device response: <KeyPress from None: t=130.7205321000656, value=b, duration=0.1564514999045059>
130.9984 	EXP 	polygon_4: borderColor = <psychopy.colors.Color: (0.0, 0.0, 0.0, 1.0)>
130.9984 	EXP 	scene_image_2: autoDraw = False
130.9984 	EXP 	polygon_4: autoDraw = False
130.9984 	EXP 	prompt: autoDraw = False
130.9984 	EXP 	dist_01: autoDraw = False
130.9984 	EXP 	dist_02: autoDraw = False
130.9984 	EXP 	correct: autoDraw = False
130.9984 	EXP 	chooseNowText: autoDraw = False
130.9984 	EXP 	scene_image_3: image = 'stimuli\\context_images\\sea_01.jpg'
130.9984 	EXP 	polygon_8: fillColor = <psychopy.colors.Color: (0.0, 1.0, 0.0, 1.0)>
130.9984 	EXP 	polygon_8: borderColor = <psychopy.colors.Color: (0.0, 1.0, 0.0, 1.0)>
130.9984 	EXP 	prompt_2: image = 'stimuli/bicycle/bicycle_06.jpg'
130.9984 	EXP 	dist_01_2: image = 'stimuli/key/key_01.jpg'
130.9984 	EXP 	dist_02_2: image = 'stimuli/ball/ball_11.jpg'
130.9984 	EXP 	correct_2: image = 'stimuli/chair/chair_11.jpg'
130.9984 	EXP 	scene_image_3: autoDraw = True
130.9984 	EXP 	polygon_8: autoDraw = True
130.9984 	EXP 	prompt_2: autoDraw = True
130.9984 	EXP 	dist_01_2: autoDraw = True
130.9984 	EXP 	dist_02_2: autoDraw = True
130.9984 	EXP 	correct_2: autoDraw = True
131.9966 	EXP 	New trial (rep=0, index=8): <Trial 8 (8 in rep 0) data={'block': 1.0, 'learningSeq': 'A', 'runIndexWithinSeq': 1, 'currPosInSeq': 9, 'promptFile': 'stimuli/chair/chair_11.jpg', 'correctFile': 'stimuli/bread/bread_29.jpg', 'dist_01File': 'stimuli/lamp/lamp_01.jpg', 'dist_02File': 'stimuli/flower/flower_17.jpg', 'promptConcept': 'chair', 'correctConcept': 'bread', 'dist01Concept': 'lamp', 'dist02Concept': 'flower', 'correct_pos': 'right', 'dist01_pos': 'left', 'dist02_pos': 'center', 'dist01_diff': 0.6, 'dist02_diff': 0.27, 'correct_ans': 'right', 'pairTargetPosInSeq': 10, 'buf1Concept': 'lamp', 'buf1Exemplar': 1, 'buf1File': 'stimuli/lamp/lamp_01.jpg', 'buf2Concept': 'key', 'buf2Exemplar': 1, 'buf2File': 'stimuli/key/key_01.jpg', 'buf13Concept': 'pencil', 'buf13Exemplar': 1, 'buf13File': 'stimuli/pencil/pencil_01.jpg', 'buf14Concept': 'phone', 'buf14Exemplar': 1, 'buf14File': 'stimuli/phone/phone_01.jpg', 'promptTrigNumber': 4, 'correctTrigNumber': 3, 'dist01TrigNumber': 14, 'dist02TrigNumber': 6, 'thisN': 8, 'thisTrialN': 8, 'thisRepN': 0}>
132.0029 	INFO 	Keyboard events cleared
132.1549 	INFO 	Keyboard events cleared
132.1918 	EXP 	scene_image_3: autoDraw = False
132.1918 	EXP 	polygon_8: autoDraw = False
132.1918 	EXP 	prompt_2: autoDraw = False
132.1918 	EXP 	dist_01_2: autoDraw = False
132.1918 	EXP 	dist_02_2: autoDraw = False
132.1918 	EXP 	correct_2: autoDraw = False
132.1918 	EXP 	scene_image_4: image = 'stimuli\\context_images\\sea_01.jpg'
132.1918 	EXP 	tooSlowtext: height = 0.02
132.1918 	EXP 	tooSlowtext: height = 0.02
132.1918 	EXP 	tooSlowtext: height = 0.02
132.1918 	EXP 	tooSlowtext: text = ''
132.1918 	EXP 	tooSlowtext: height = 0.02
132.1918 	EXP 	tooSlowtext: height = 0.02
132.1918 	EXP 	tooSlowtext: height = 0.02
132.1918 	EXP 	tooSlowtext: text = 'Zu langsam. Sie müssen schneller antworten.'
132.1918 	EXP 	scene_image_4: autoDraw = False
132.1918 	EXP 	tooSlowtext: autoDraw = False
132.1918 	EXP 	scene_image_2: image = 'stimuli\\context_images\\sea_01.jpg'
132.1918 	EXP 	prompt: image = 'stimuli/chair/chair_11.jpg'
132.1918 	EXP 	dist_01: image = 'stimuli/lamp/lamp_01.jpg'
132.1918 	EXP 	dist_02: image = 'stimuli/flower/flower_17.jpg'
132.1918 	EXP 	correct: image = 'stimuli/bread/bread_29.jpg'
132.1918 	EXP 	chooseNowText: height = 0.02
132.1918 	EXP 	chooseNowText: height = 0.02
132.1918 	EXP 	chooseNowText: height = 0.02
132.1918 	EXP 	scene_image_2: autoDraw = True
132.1918 	EXP 	polygon_4: autoDraw = True
132.1918 	EXP 	polygon_4: borderColor = <psychopy.colors.Color: none, alpha=0.0>
132.1918 	EXP 	prompt: autoDraw = True
132.1918 	EXP 	dist_01: autoDraw = True
132.1918 	EXP 	dist_02: autoDraw = True
132.1918 	EXP 	correct: autoDraw = True
132.1918 	EXP 	chooseNowText: autoDraw = True
132.2026 	EXP 	polygon_4: borderColor = <psychopy.colors.Color: none, alpha=0.0>
132.2191 	EXP 	polygon_4: borderColor = <psychopy.colors.Color: none, alpha=0.0>
132.2357 	EXP 	polygon_4: borderColor = <psychopy.colors.Color: none, alpha=0.0>
132.2525 	EXP 	polygon_4: borderColor = <psychopy.colors.Color: none, alpha=0.0>
132.2690 	EXP 	polygon_4: borderColor = <psychopy.colors.Color: none, alpha=0.0>
132.2862 	EXP 	polygon_4: borderColor = <psychopy.colors.Color: none, alpha=0.0>
132.3027 	EXP 	polygon_4: borderColor = <psychopy.colors.Color: none, alpha=0.0>
132.3189 	EXP 	polygon_4: borderColor = <psychopy.colors.Color: none, alpha=0.0>
132.3356 	EXP 	polygon_4: borderColor = <psychopy.colors.Color: none, alpha=0.0>
132.3522 	EXP 	polygon_4: borderColor = <psychopy.colors.Color: none, alpha=0.0>
132.3689 	EXP 	polygon_4: borderColor = <psychopy.colors.Color: none, alpha=0.0>
132.3857 	EXP 	polygon_4: borderColor = <psychopy.colors.Color: none, alpha=0.0>
132.4022 	EXP 	polygon_4: borderColor = <psychopy.colors.Color: none, alpha=0.0>
132.4049 	EXP 	Device response: <KeyPress from None: t=132.39351710001938, value=b, duration=None>
132.4082 	DATA 	Keypress: b
132.4352 	EXP 	polygon_4: borderColor = <psychopy.colors.Color: none, alpha=0.0>
132.4352 	EXP 	polygon_4: fillColor = <psychopy.colors.Color: (0.0, 1.0, 0.0, 1.0)>
132.4352 	EXP 	polygon_4: borderColor = <psychopy.colors.Color: (0.0, 1.0, 0.0, 1.0)>
132.4522 	EXP 	polygon_4: borderColor = <psychopy.colors.Color: (0.0, 0.0, 0.0, 1.0)>
132.4691 	EXP 	polygon_4: borderColor = <psychopy.colors.Color: (0.0, 0.0, 0.0, 1.0)>
132.4855 	EXP 	polygon_4: borderColor = <psychopy.colors.Color: (0.0, 0.0, 0.0, 1.0)>
132.5022 	EXP 	polygon_4: borderColor = <psychopy.colors.Color: (0.0, 0.0, 0.0, 1.0)>
132.5188 	EXP 	polygon_4: borderColor = <psychopy.colors.Color: (0.0, 0.0, 0.0, 1.0)>
132.6775 	EXP 	Device response: <KeyPress from None: t=132.39351710001938, value=b, duration=0.1925199000397697>
132.6775 	EXP 	Device response: <KeyPress from None: t=130.62389789998997, value=g, duration=1.9660010000225157>
132.7068 	EXP 	polygon_4: borderColor = <psychopy.colors.Color: (0.0, 0.0, 0.0, 1.0)>
132.7068 	EXP 	scene_image_2: autoDraw = False
132.7068 	EXP 	polygon_4: autoDraw = False
132.7068 	EXP 	prompt: autoDraw = False
132.7068 	EXP 	dist_01: autoDraw = False
132.7068 	EXP 	dist_02: autoDraw = False
132.7068 	EXP 	correct: autoDraw = False
132.7068 	EXP 	chooseNowText: autoDraw = False
132.7068 	EXP 	scene_image_3: image = 'stimuli\\context_images\\sea_01.jpg'
132.7068 	EXP 	polygon_8: fillColor = <psychopy.colors.Color: (0.0, 1.0, 0.0, 1.0)>
132.7068 	EXP 	polygon_8: borderColor = <psychopy.colors.Color: (0.0, 1.0, 0.0, 1.0)>
132.7068 	EXP 	prompt_2: image = 'stimuli/chair/chair_11.jpg'
132.7068 	EXP 	dist_01_2: image = 'stimuli/lamp/lamp_01.jpg'
132.7068 	EXP 	dist_02_2: image = 'stimuli/flower/flower_17.jpg'
132.7068 	EXP 	correct_2: image = 'stimuli/bread/bread_29.jpg'
132.7068 	EXP 	scene_image_3: autoDraw = True
132.7068 	EXP 	polygon_8: autoDraw = True
132.7068 	EXP 	prompt_2: autoDraw = True
132.7068 	EXP 	dist_01_2: autoDraw = True
132.7068 	EXP 	dist_02_2: autoDraw = True
132.7068 	EXP 	correct_2: autoDraw = True
133.6976 	EXP 	New trial (rep=0, index=9): <Trial 9 (9 in rep 0) data={'block': 1.0, 'learningSeq': 'A', 'runIndexWithinSeq': 1, 'currPosInSeq': 10, 'promptFile': 'stimuli/bread/bread_29.jpg', 'correctFile': 'stimuli/house/house_35.jpg', 'dist_01File': 'stimuli/ball/ball_11.jpg', 'dist_02File': 'stimuli/bicycle/bicycle_06.jpg', 'promptConcept': 'bread', 'correctConcept': 'house', 'dist01Concept': 'ball', 'dist02Concept': 'bicycle', 'correct_pos': 'left', 'dist01_pos': 'center', 'dist02_pos': 'right', 'dist01_diff': 0.47, 'dist02_diff': 0.2, 'correct_ans': 'left', 'pairTargetPosInSeq': 11, 'buf1Concept': 'lamp', 'buf1Exemplar': 1, 'buf1File': 'stimuli/lamp/lamp_01.jpg', 'buf2Concept': 'key', 'buf2Exemplar': 1, 'buf2File': 'stimuli/key/key_01.jpg', 'buf13Concept': 'pencil', 'buf13Exemplar': 1, 'buf13File': 'stimuli/pencil/pencil_01.jpg', 'buf14Concept': 'phone', 'buf14Exemplar': 1, 'buf14File': 'stimuli/phone/phone_01.jpg', 'promptTrigNumber': 3, 'correctTrigNumber': 9, 'dist01TrigNumber': 1, 'dist02TrigNumber': 2, 'thisN': 9, 'thisTrialN': 9, 'thisRepN': 0}>
133.7035 	INFO 	Keyboard events cleared
133.8550 	INFO 	Keyboard events cleared
133.8880 	EXP 	scene_image_3: autoDraw = False
133.8880 	EXP 	polygon_8: autoDraw = False
133.8880 	EXP 	prompt_2: autoDraw = False
133.8880 	EXP 	dist_01_2: autoDraw = False
133.8880 	EXP 	dist_02_2: autoDraw = False
133.8880 	EXP 	correct_2: autoDraw = False
133.8880 	EXP 	scene_image_4: image = 'stimuli\\context_images\\sea_01.jpg'
133.8880 	EXP 	tooSlowtext: height = 0.02
133.8880 	EXP 	tooSlowtext: height = 0.02
133.8880 	EXP 	tooSlowtext: height = 0.02
133.8880 	EXP 	tooSlowtext: text = ''
133.8880 	EXP 	tooSlowtext: height = 0.02
133.8880 	EXP 	tooSlowtext: height = 0.02
133.8880 	EXP 	tooSlowtext: height = 0.02
133.8880 	EXP 	tooSlowtext: text = 'Zu langsam. Sie müssen schneller antworten.'
133.8880 	EXP 	scene_image_4: autoDraw = False
133.8880 	EXP 	tooSlowtext: autoDraw = False
133.8880 	EXP 	scene_image_2: image = 'stimuli\\context_images\\sea_01.jpg'
133.8880 	EXP 	prompt: image = 'stimuli/bread/bread_29.jpg'
133.8880 	EXP 	dist_01: image = 'stimuli/ball/ball_11.jpg'
133.8880 	EXP 	dist_02: image = 'stimuli/bicycle/bicycle_06.jpg'
133.8880 	EXP 	correct: image = 'stimuli/house/house_35.jpg'
133.8880 	EXP 	chooseNowText: height = 0.02
133.8880 	EXP 	chooseNowText: height = 0.02
133.8880 	EXP 	chooseNowText: height = 0.02
133.8880 	EXP 	scene_image_2: autoDraw = True
133.8880 	EXP 	polygon_4: autoDraw = True
133.8880 	EXP 	polygon_4: borderColor = <psychopy.colors.Color: none, alpha=0.0>
133.8880 	EXP 	prompt: autoDraw = True
133.8880 	EXP 	dist_01: autoDraw = True
133.8880 	EXP 	dist_02: autoDraw = True
133.8880 	EXP 	correct: autoDraw = True
133.8880 	EXP 	chooseNowText: autoDraw = True
133.9018 	EXP 	polygon_4: borderColor = <psychopy.colors.Color: none, alpha=0.0>
133.9184 	EXP 	polygon_4: borderColor = <psychopy.colors.Color: none, alpha=0.0>
133.9351 	EXP 	polygon_4: borderColor = <psychopy.colors.Color: none, alpha=0.0>
133.9515 	EXP 	polygon_4: borderColor = <psychopy.colors.Color: none, alpha=0.0>
133.9682 	EXP 	polygon_4: borderColor = <psychopy.colors.Color: none, alpha=0.0>
133.9850 	EXP 	polygon_4: borderColor = <psychopy.colors.Color: none, alpha=0.0>
134.0015 	EXP 	polygon_4: borderColor = <psychopy.colors.Color: none, alpha=0.0>
134.0181 	EXP 	polygon_4: borderColor = <psychopy.colors.Color: none, alpha=0.0>
134.0354 	EXP 	polygon_4: borderColor = <psychopy.colors.Color: none, alpha=0.0>
134.0378 	EXP 	Device response: <KeyPress from None: t=134.0332664999878, value=r, duration=None>
134.0395 	DATA 	Keypress: r
134.0677 	EXP 	polygon_4: borderColor = <psychopy.colors.Color: none, alpha=0.0>
134.0677 	EXP 	polygon_4: fillColor = <psychopy.colors.Color: red, alpha=1.0>
134.0677 	EXP 	polygon_4: borderColor = <psychopy.colors.Color: red, alpha=1.0>
134.0702 	EXP 	Device response: <KeyPress from None: t=134.05318779998925, value=g, duration=None>
134.0710 	DATA 	Keypress: g
134.0847 	EXP 	polygon_4: borderColor = <psychopy.colors.Color: (0.0, 0.0, 0.0, 1.0)>
134.1015 	EXP 	polygon_4: borderColor = <psychopy.colors.Color: (0.0, 0.0, 0.0, 1.0)>
134.1184 	EXP 	polygon_4: borderColor = <psychopy.colors.Color: (0.0, 0.0, 0.0, 1.0)>
134.1351 	EXP 	polygon_4: borderColor = <psychopy.colors.Color: (0.0, 0.0, 0.0, 1.0)>
134.1517 	EXP 	polygon_4: borderColor = <psychopy.colors.Color: (0.0, 0.0, 0.0, 1.0)>
134.3039 	EXP 	Device response: <KeyPress from None: t=128.82716129999608, value=r, duration=5.468474099994637>
134.3374 	EXP 	polygon_4: borderColor = <psychopy.colors.Color: (0.0, 0.0, 0.0, 1.0)>
134.3374 	EXP 	scene_image_2: autoDraw = False
134.3374 	EXP 	polygon_4: autoDraw = False
134.3374 	EXP 	prompt: autoDraw = False
134.3374 	EXP 	dist_01: autoDraw = False
134.3374 	EXP 	dist_02: autoDraw = False
134.3374 	EXP 	correct: autoDraw = False
134.3374 	EXP 	chooseNowText: autoDraw = False
134.3374 	EXP 	scene_image_3: image = 'stimuli\\context_images\\sea_01.jpg'
134.3374 	EXP 	polygon_8: fillColor = <psychopy.colors.Color: red, alpha=1.0>
134.3374 	EXP 	polygon_8: borderColor = <psychopy.colors.Color: red, alpha=1.0>
134.3374 	EXP 	prompt_2: image = 'stimuli/bread/bread_29.jpg'
134.3374 	EXP 	dist_01_2: image = 'stimuli/ball/ball_11.jpg'
134.3374 	EXP 	dist_02_2: image = 'stimuli/bicycle/bicycle_06.jpg'
134.3374 	EXP 	correct_2: image = 'stimuli/house/house_35.jpg'
134.3374 	EXP 	scene_image_3: autoDraw = True
134.3374 	EXP 	polygon_8: autoDraw = True
134.3374 	EXP 	prompt_2: autoDraw = True
134.3374 	EXP 	dist_01_2: autoDraw = True
134.3374 	EXP 	dist_02_2: autoDraw = True
134.3374 	EXP 	correct_2: autoDraw = True
134.3408 	EXP 	Device response: <KeyPress from None: t=134.05318779998925, value=g, duration=0.25189990003127605>
135.3287 	EXP 	New trial (rep=0, index=10): <Trial 10 (10 in rep 0) data={'block': 1.0, 'learningSeq': 'A', 'runIndexWithinSeq': 1, 'currPosInSeq': 11, 'promptFile': 'stimuli/house/house_35.jpg', 'correctFile': 'stimuli/hammer/hammer_16.jpg', 'dist_01File': 'stimuli/key/key_01.jpg', 'dist_02File': 'stimuli/dog/dog_49.jpg', 'promptConcept': 'house', 'correctConcept': 'hammer', 'dist01Concept': 'key', 'dist02Concept': 'dog', 'correct_pos': 'center', 'dist01_pos': 'right', 'dist02_pos': 'left', 'dist01_diff': 0.67, 'dist02_diff': 0.47, 'correct_ans': 'center', 'pairTargetPosInSeq': 12, 'buf1Concept': 'lamp', 'buf1Exemplar': 1, 'buf1File': 'stimuli/lamp/lamp_01.jpg', 'buf2Concept': 'key', 'buf2Exemplar': 1, 'buf2File': 'stimuli/key/key_01.jpg', 'buf13Concept': 'pencil', 'buf13Exemplar': 1, 'buf13File': 'stimuli/pencil/pencil_01.jpg', 'buf14Concept': 'phone', 'buf14Exemplar': 1, 'buf14File': 'stimuli/phone/phone_01.jpg', 'promptTrigNumber': 9, 'correctTrigNumber': 7, 'dist01TrigNumber': 15, 'dist02TrigNumber': 5, 'thisN': 10, 'thisTrialN': 10, 'thisRepN': 0}>
135.3348 	INFO 	Keyboard events cleared
135.4926 	INFO 	Keyboard events cleared
135.5280 	EXP 	scene_image_3: autoDraw = False
135.5280 	EXP 	polygon_8: autoDraw = False
135.5280 	EXP 	prompt_2: autoDraw = False
135.5280 	EXP 	dist_01_2: autoDraw = False
135.5280 	EXP 	dist_02_2: autoDraw = False
135.5280 	EXP 	correct_2: autoDraw = False
135.5280 	EXP 	scene_image_4: image = 'stimuli\\context_images\\sea_01.jpg'
135.5280 	EXP 	tooSlowtext: height = 0.02
135.5280 	EXP 	tooSlowtext: height = 0.02
135.5280 	EXP 	tooSlowtext: height = 0.02
135.5280 	EXP 	tooSlowtext: text = ''
135.5280 	EXP 	tooSlowtext: height = 0.02
135.5280 	EXP 	tooSlowtext: height = 0.02
135.5280 	EXP 	tooSlowtext: height = 0.02
135.5280 	EXP 	tooSlowtext: text = 'Zu langsam. Sie müssen schneller antworten.'
135.5280 	EXP 	scene_image_4: autoDraw = False
135.5280 	EXP 	tooSlowtext: autoDraw = False
135.5280 	EXP 	scene_image_2: image = 'stimuli\\context_images\\sea_01.jpg'
135.5280 	EXP 	prompt: image = 'stimuli/house/house_35.jpg'
135.5280 	EXP 	dist_01: image = 'stimuli/key/key_01.jpg'
135.5280 	EXP 	dist_02: image = 'stimuli/dog/dog_49.jpg'
135.5280 	EXP 	correct: image = 'stimuli/hammer/hammer_16.jpg'
135.5280 	EXP 	chooseNowText: height = 0.02
135.5280 	EXP 	chooseNowText: height = 0.02
135.5280 	EXP 	chooseNowText: height = 0.02
135.5280 	EXP 	scene_image_2: autoDraw = True
135.5280 	EXP 	polygon_4: autoDraw = True
135.5280 	EXP 	polygon_4: borderColor = <psychopy.colors.Color: none, alpha=0.0>
135.5280 	EXP 	prompt: autoDraw = True
135.5280 	EXP 	dist_01: autoDraw = True
135.5280 	EXP 	dist_02: autoDraw = True
135.5280 	EXP 	correct: autoDraw = True
135.5280 	EXP 	chooseNowText: autoDraw = True
135.5508 	EXP 	polygon_4: borderColor = <psychopy.colors.Color: none, alpha=0.0>
135.5680 	EXP 	polygon_4: borderColor = <psychopy.colors.Color: none, alpha=0.0>
135.5846 	EXP 	polygon_4: borderColor = <psychopy.colors.Color: none, alpha=0.0>
135.6012 	EXP 	polygon_4: borderColor = <psychopy.colors.Color: none, alpha=0.0>
135.6178 	EXP 	polygon_4: borderColor = <psychopy.colors.Color: none, alpha=0.0>
135.6202 	EXP 	Device response: <KeyPress from None: t=135.61852390004788, value=b, duration=None>
135.6230 	DATA 	Keypress: b
135.6509 	EXP 	polygon_4: borderColor = <psychopy.colors.Color: none, alpha=0.0>
135.6509 	EXP 	polygon_4: fillColor = <psychopy.colors.Color: red, alpha=1.0>
135.6509 	EXP 	polygon_4: borderColor = <psychopy.colors.Color: red, alpha=1.0>
135.6679 	EXP 	polygon_4: borderColor = <psychopy.colors.Color: (0.0, 0.0, 0.0, 1.0)>
135.6845 	EXP 	polygon_4: borderColor = <psychopy.colors.Color: (0.0, 0.0, 0.0, 1.0)>
135.7011 	EXP 	polygon_4: borderColor = <psychopy.colors.Color: (0.0, 0.0, 0.0, 1.0)>
135.7176 	EXP 	polygon_4: borderColor = <psychopy.colors.Color: (0.0, 0.0, 0.0, 1.0)>
135.7346 	EXP 	polygon_4: borderColor = <psychopy.colors.Color: (0.0, 0.0, 0.0, 1.0)>
135.8903 	EXP 	Device response: <KeyPress from None: t=135.61852390004788, value=b, duration=0.25859640003181994>
135.9245 	EXP 	polygon_4: borderColor = <psychopy.colors.Color: (0.0, 0.0, 0.0, 1.0)>
135.9245 	EXP 	scene_image_2: autoDraw = False
135.9245 	EXP 	polygon_4: autoDraw = False
135.9245 	EXP 	prompt: autoDraw = False
135.9245 	EXP 	dist_01: autoDraw = False
135.9245 	EXP 	dist_02: autoDraw = False
135.9245 	EXP 	correct: autoDraw = False
135.9245 	EXP 	chooseNowText: autoDraw = False
135.9245 	EXP 	scene_image_3: image = 'stimuli\\context_images\\sea_01.jpg'
135.9245 	EXP 	polygon_8: fillColor = <psychopy.colors.Color: red, alpha=1.0>
135.9245 	EXP 	polygon_8: borderColor = <psychopy.colors.Color: red, alpha=1.0>
135.9245 	EXP 	prompt_2: image = 'stimuli/house/house_35.jpg'
135.9245 	EXP 	dist_01_2: image = 'stimuli/key/key_01.jpg'
135.9245 	EXP 	dist_02_2: image = 'stimuli/dog/dog_49.jpg'
135.9245 	EXP 	correct_2: image = 'stimuli/hammer/hammer_16.jpg'
135.9245 	EXP 	scene_image_3: autoDraw = True
135.9245 	EXP 	polygon_8: autoDraw = True
135.9245 	EXP 	prompt_2: autoDraw = True
135.9245 	EXP 	dist_01_2: autoDraw = True
135.9245 	EXP 	dist_02_2: autoDraw = True
135.9245 	EXP 	correct_2: autoDraw = True
136.9114 	EXP 	New trial (rep=0, index=11): <Trial 11 (11 in rep 0) data={'block': 1.0, 'learningSeq': 'A', 'runIndexWithinSeq': 1, 'currPosInSeq': 12, 'promptFile': 'stimuli/hammer/hammer_16.jpg', 'correctFile': 'stimuli/pencil/pencil_01.jpg', 'dist_01File': 'stimuli/lamp/lamp_01.jpg', 'dist_02File': 'stimuli/jacket/jacket_44.jpg', 'promptConcept': 'hammer', 'correctConcept': 'pencil', 'dist01Concept': 'lamp', 'dist02Concept': 'jacket', 'correct_pos': 'center', 'dist01_pos': 'right', 'dist02_pos': 'left', 'dist01_diff': 0.8, 'dist02_diff': 0.4, 'correct_ans': 'center', 'pairTargetPosInSeq': 13, 'buf1Concept': 'lamp', 'buf1Exemplar': 1, 'buf1File': 'stimuli/lamp/lamp_01.jpg', 'buf2Concept': 'key', 'buf2Exemplar': 1, 'buf2File': 'stimuli/key/key_01.jpg', 'buf13Concept': 'pencil', 'buf13Exemplar': 1, 'buf13File': 'stimuli/pencil/pencil_01.jpg', 'buf14Concept': 'phone', 'buf14Exemplar': 1, 'buf14File': 'stimuli/phone/phone_01.jpg', 'promptTrigNumber': 7, 'correctTrigNumber': 16, 'dist01TrigNumber': 14, 'dist02TrigNumber': 10, 'thisN': 11, 'thisTrialN': 11, 'thisRepN': 0}>
136.9166 	INFO 	Keyboard events cleared
137.0573 	INFO 	Keyboard events cleared
137.0885 	EXP 	scene_image_3: autoDraw = False
137.0885 	EXP 	polygon_8: autoDraw = False
137.0885 	EXP 	prompt_2: autoDraw = False
137.0885 	EXP 	dist_01_2: autoDraw = False
137.0885 	EXP 	dist_02_2: autoDraw = False
137.0885 	EXP 	correct_2: autoDraw = False
137.0885 	EXP 	scene_image_4: image = 'stimuli\\context_images\\sea_01.jpg'
137.0885 	EXP 	tooSlowtext: height = 0.02
137.0885 	EXP 	tooSlowtext: height = 0.02
137.0885 	EXP 	tooSlowtext: height = 0.02
137.0885 	EXP 	tooSlowtext: text = ''
137.0885 	EXP 	tooSlowtext: height = 0.02
137.0885 	EXP 	tooSlowtext: height = 0.02
137.0885 	EXP 	tooSlowtext: height = 0.02
137.0885 	EXP 	tooSlowtext: text = 'Zu langsam. Sie müssen schneller antworten.'
137.0885 	EXP 	scene_image_4: autoDraw = False
137.0885 	EXP 	tooSlowtext: autoDraw = False
137.0885 	EXP 	scene_image_2: image = 'stimuli\\context_images\\sea_01.jpg'
137.0885 	EXP 	prompt: image = 'stimuli/hammer/hammer_16.jpg'
137.0885 	EXP 	dist_01: image = 'stimuli/lamp/lamp_01.jpg'
137.0885 	EXP 	dist_02: image = 'stimuli/jacket/jacket_44.jpg'
137.0885 	EXP 	correct: image = 'stimuli/pencil/pencil_01.jpg'
137.0885 	EXP 	chooseNowText: height = 0.02
137.0885 	EXP 	chooseNowText: height = 0.02
137.0885 	EXP 	chooseNowText: height = 0.02
137.0885 	EXP 	scene_image_2: autoDraw = True
137.0885 	EXP 	polygon_4: autoDraw = True
137.0885 	EXP 	polygon_4: borderColor = <psychopy.colors.Color: none, alpha=0.0>
137.0885 	EXP 	prompt: autoDraw = True
137.0885 	EXP 	dist_01: autoDraw = True
137.0885 	EXP 	dist_02: autoDraw = True
137.0885 	EXP 	correct: autoDraw = True
137.0885 	EXP 	chooseNowText: autoDraw = True
137.1009 	EXP 	polygon_4: borderColor = <psychopy.colors.Color: none, alpha=0.0>
137.1173 	EXP 	polygon_4: borderColor = <psychopy.colors.Color: none, alpha=0.0>
137.1343 	EXP 	polygon_4: borderColor = <psychopy.colors.Color: none, alpha=0.0>
137.1507 	EXP 	polygon_4: borderColor = <psychopy.colors.Color: none, alpha=0.0>
137.1674 	EXP 	polygon_4: borderColor = <psychopy.colors.Color: none, alpha=0.0>
137.1843 	EXP 	polygon_4: borderColor = <psychopy.colors.Color: none, alpha=0.0>
137.2006 	EXP 	polygon_4: borderColor = <psychopy.colors.Color: none, alpha=0.0>
137.2173 	EXP 	polygon_4: borderColor = <psychopy.colors.Color: none, alpha=0.0>
137.2338 	EXP 	polygon_4: borderColor = <psychopy.colors.Color: none, alpha=0.0>
137.2505 	EXP 	polygon_4: borderColor = <psychopy.colors.Color: none, alpha=0.0>
137.2672 	EXP 	polygon_4: borderColor = <psychopy.colors.Color: none, alpha=0.0>
137.2839 	EXP 	polygon_4: borderColor = <psychopy.colors.Color: none, alpha=0.0>
137.3007 	EXP 	polygon_4: borderColor = <psychopy.colors.Color: none, alpha=0.0>
137.3175 	EXP 	polygon_4: borderColor = <psychopy.colors.Color: none, alpha=0.0>
137.3200 	EXP 	Device response: <KeyPress from None: t=137.31830909999553, value=g, duration=None>
137.3225 	DATA 	Keypress: g
137.3502 	EXP 	polygon_4: borderColor = <psychopy.colors.Color: none, alpha=0.0>
137.3502 	EXP 	polygon_4: fillColor = <psychopy.colors.Color: red, alpha=1.0>
137.3502 	EXP 	polygon_4: borderColor = <psychopy.colors.Color: red, alpha=1.0>
137.3671 	EXP 	polygon_4: borderColor = <psychopy.colors.Color: (0.0, 0.0, 0.0, 1.0)>
137.3839 	EXP 	polygon_4: borderColor = <psychopy.colors.Color: (0.0, 0.0, 0.0, 1.0)>
137.4009 	EXP 	polygon_4: borderColor = <psychopy.colors.Color: (0.0, 0.0, 0.0, 1.0)>
137.4172 	EXP 	polygon_4: borderColor = <psychopy.colors.Color: (0.0, 0.0, 0.0, 1.0)>
137.4343 	EXP 	polygon_4: borderColor = <psychopy.colors.Color: (0.0, 0.0, 0.0, 1.0)>
137.6045 	EXP 	polygon_4: borderColor = <psychopy.colors.Color: (0.0, 0.0, 0.0, 1.0)>
137.6045 	EXP 	scene_image_2: autoDraw = False
137.6045 	EXP 	polygon_4: autoDraw = False
137.6045 	EXP 	prompt: autoDraw = False
137.6045 	EXP 	dist_01: autoDraw = False
137.6045 	EXP 	dist_02: autoDraw = False
137.6045 	EXP 	correct: autoDraw = False
137.6045 	EXP 	chooseNowText: autoDraw = False
137.6045 	EXP 	scene_image_3: image = 'stimuli\\context_images\\sea_01.jpg'
137.6045 	EXP 	polygon_8: fillColor = <psychopy.colors.Color: red, alpha=1.0>
137.6045 	EXP 	polygon_8: borderColor = <psychopy.colors.Color: red, alpha=1.0>
137.6045 	EXP 	prompt_2: image = 'stimuli/hammer/hammer_16.jpg'
137.6045 	EXP 	dist_01_2: image = 'stimuli/lamp/lamp_01.jpg'
137.6045 	EXP 	dist_02_2: image = 'stimuli/jacket/jacket_44.jpg'
137.6045 	EXP 	correct_2: image = 'stimuli/pencil/pencil_01.jpg'
137.6045 	EXP 	scene_image_3: autoDraw = True
137.6045 	EXP 	polygon_8: autoDraw = True
137.6045 	EXP 	prompt_2: autoDraw = True
137.6045 	EXP 	dist_01_2: autoDraw = True
137.6045 	EXP 	dist_02_2: autoDraw = True
137.6045 	EXP 	correct_2: autoDraw = True
137.6868 	EXP 	Device response: <KeyPress from None: t=137.31830909999553, value=g, duration=0.36405249999370426>
138.5943 	EXP 	New trial (rep=0, index=12): <Trial 12 (12 in rep 0) data={'block': 1.0, 'learningSeq': 'A', 'runIndexWithinSeq': 1, 'currPosInSeq': 13, 'promptFile': 'stimuli/pencil/pencil_01.jpg', 'correctFile': 'stimuli/phone/phone_01.jpg', 'dist_01File': 'stimuli/hand/hand_16.jpg', 'dist_02File': 'stimuli/bread/bread_29.jpg', 'promptConcept': 'pencil', 'correctConcept': 'phone', 'dist01Concept': 'hand', 'dist02Concept': 'bread', 'correct_pos': 'left', 'dist01_pos': 'center', 'dist02_pos': 'right', 'dist01_diff': 0.73, 'dist02_diff': 0.27, 'correct_ans': 'left', 'pairTargetPosInSeq': 14, 'buf1Concept': 'lamp', 'buf1Exemplar': 1, 'buf1File': 'stimuli/lamp/lamp_01.jpg', 'buf2Concept': 'key', 'buf2Exemplar': 1, 'buf2File': 'stimuli/key/key_01.jpg', 'buf13Concept': 'pencil', 'buf13Exemplar': 1, 'buf13File': 'stimuli/pencil/pencil_01.jpg', 'buf14Concept': 'phone', 'buf14Exemplar': 1, 'buf14File': 'stimuli/phone/phone_01.jpg', 'promptTrigNumber': 16, 'correctTrigNumber': 17, 'dist01TrigNumber': 8, 'dist02TrigNumber': 3, 'thisN': 12, 'thisTrialN': 12, 'thisRepN': 0}>
138.6010 	INFO 	Keyboard events cleared
138.6976 	INFO 	Keyboard events cleared
138.7324 	EXP 	scene_image_3: autoDraw = False
138.7324 	EXP 	polygon_8: autoDraw = False
138.7324 	EXP 	prompt_2: autoDraw = False
138.7324 	EXP 	dist_01_2: autoDraw = False
138.7324 	EXP 	dist_02_2: autoDraw = False
138.7324 	EXP 	correct_2: autoDraw = False
138.7324 	EXP 	scene_image_4: image = 'stimuli\\context_images\\sea_01.jpg'
138.7324 	EXP 	tooSlowtext: height = 0.02
138.7324 	EXP 	tooSlowtext: height = 0.02
138.7324 	EXP 	tooSlowtext: height = 0.02
138.7324 	EXP 	tooSlowtext: text = ''
138.7324 	EXP 	tooSlowtext: height = 0.02
138.7324 	EXP 	tooSlowtext: height = 0.02
138.7324 	EXP 	tooSlowtext: height = 0.02
138.7324 	EXP 	tooSlowtext: text = 'Zu langsam. Sie müssen schneller antworten.'
138.7324 	EXP 	scene_image_4: autoDraw = False
138.7324 	EXP 	tooSlowtext: autoDraw = False
138.7324 	EXP 	scene_image_2: image = 'stimuli\\context_images\\sea_01.jpg'
138.7324 	EXP 	prompt: image = 'stimuli/pencil/pencil_01.jpg'
138.7324 	EXP 	dist_01: image = 'stimuli/hand/hand_16.jpg'
138.7324 	EXP 	dist_02: image = 'stimuli/bread/bread_29.jpg'
138.7324 	EXP 	correct: image = 'stimuli/phone/phone_01.jpg'
138.7324 	EXP 	chooseNowText: height = 0.02
138.7324 	EXP 	chooseNowText: height = 0.02
138.7324 	EXP 	chooseNowText: height = 0.02
138.7324 	EXP 	scene_image_2: autoDraw = True
138.7324 	EXP 	polygon_4: autoDraw = True
138.7324 	EXP 	polygon_4: borderColor = <psychopy.colors.Color: none, alpha=0.0>
138.7324 	EXP 	prompt: autoDraw = True
138.7324 	EXP 	dist_01: autoDraw = True
138.7324 	EXP 	dist_02: autoDraw = True
138.7324 	EXP 	correct: autoDraw = True
138.7324 	EXP 	chooseNowText: autoDraw = True
138.7503 	EXP 	polygon_4: borderColor = <psychopy.colors.Color: none, alpha=0.0>
138.7669 	EXP 	polygon_4: borderColor = <psychopy.colors.Color: none, alpha=0.0>
138.7839 	EXP 	polygon_4: borderColor = <psychopy.colors.Color: none, alpha=0.0>
138.8004 	EXP 	polygon_4: borderColor = <psychopy.colors.Color: none, alpha=0.0>
138.8169 	EXP 	polygon_4: borderColor = <psychopy.colors.Color: none, alpha=0.0>
138.8334 	EXP 	polygon_4: borderColor = <psychopy.colors.Color: none, alpha=0.0>
138.8500 	EXP 	polygon_4: borderColor = <psychopy.colors.Color: none, alpha=0.0>
138.8666 	EXP 	polygon_4: borderColor = <psychopy.colors.Color: none, alpha=0.0>
138.8834 	EXP 	polygon_4: borderColor = <psychopy.colors.Color: none, alpha=0.0>
138.9002 	EXP 	polygon_4: borderColor = <psychopy.colors.Color: none, alpha=0.0>
138.9167 	EXP 	polygon_4: borderColor = <psychopy.colors.Color: none, alpha=0.0>
138.9335 	EXP 	polygon_4: borderColor = <psychopy.colors.Color: none, alpha=0.0>
138.9507 	EXP 	polygon_4: borderColor = <psychopy.colors.Color: none, alpha=0.0>
138.9532 	EXP 	Device response: <KeyPress from None: t=138.93872830003966, value=b, duration=None>
138.9551 	DATA 	Keypress: b
138.9831 	EXP 	polygon_4: borderColor = <psychopy.colors.Color: none, alpha=0.0>
138.9831 	EXP 	polygon_4: fillColor = <psychopy.colors.Color: red, alpha=1.0>
138.9831 	EXP 	polygon_4: borderColor = <psychopy.colors.Color: red, alpha=1.0>
138.9999 	EXP 	polygon_4: borderColor = <psychopy.colors.Color: (0.0, 0.0, 0.0, 1.0)>
139.0169 	EXP 	polygon_4: borderColor = <psychopy.colors.Color: (0.0, 0.0, 0.0, 1.0)>
139.0337 	EXP 	polygon_4: borderColor = <psychopy.colors.Color: (0.0, 0.0, 0.0, 1.0)>
139.0503 	EXP 	polygon_4: borderColor = <psychopy.colors.Color: (0.0, 0.0, 0.0, 1.0)>
139.0669 	EXP 	polygon_4: borderColor = <psychopy.colors.Color: (0.0, 0.0, 0.0, 1.0)>
139.1828 	EXP 	polygon_4: borderColor = <psychopy.colors.Color: (0.0, 0.0, 0.0, 1.0)>
139.1828 	EXP 	scene_image_2: autoDraw = False
139.1828 	EXP 	polygon_4: autoDraw = False
139.1828 	EXP 	prompt: autoDraw = False
139.1828 	EXP 	dist_01: autoDraw = False
139.1828 	EXP 	dist_02: autoDraw = False
139.1828 	EXP 	correct: autoDraw = False
139.1828 	EXP 	chooseNowText: autoDraw = False
139.1828 	EXP 	scene_image_3: image = 'stimuli\\context_images\\sea_01.jpg'
139.1828 	EXP 	polygon_8: fillColor = <psychopy.colors.Color: red, alpha=1.0>
139.1828 	EXP 	polygon_8: borderColor = <psychopy.colors.Color: red, alpha=1.0>
139.1828 	EXP 	prompt_2: image = 'stimuli/pencil/pencil_01.jpg'
139.1828 	EXP 	dist_01_2: image = 'stimuli/hand/hand_16.jpg'
139.1828 	EXP 	dist_02_2: image = 'stimuli/bread/bread_29.jpg'
139.1828 	EXP 	correct_2: image = 'stimuli/phone/phone_01.jpg'
139.1828 	EXP 	scene_image_3: autoDraw = True
139.1828 	EXP 	polygon_8: autoDraw = True
139.1828 	EXP 	prompt_2: autoDraw = True
139.1828 	EXP 	dist_01_2: autoDraw = True
139.1828 	EXP 	dist_02_2: autoDraw = True
139.1828 	EXP 	correct_2: autoDraw = True
139.1860 	EXP 	Device response: <KeyPress from None: t=138.93872830003966, value=b, duration=0.23790900001768023>
140.1994 	EXP 	scene_image_3: autoDraw = False
140.1994 	EXP 	polygon_8: autoDraw = False
140.1994 	EXP 	prompt_2: autoDraw = False
140.1994 	EXP 	dist_01_2: autoDraw = False
140.1994 	EXP 	dist_02_2: autoDraw = False
140.1994 	EXP 	correct_2: autoDraw = False
140.1994 	EXP 	scene_image_4: image = 'stimuli\\context_images\\sea_01.jpg'
140.1994 	EXP 	tooSlowtext: height = 0.02
140.1994 	EXP 	tooSlowtext: height = 0.02
140.1994 	EXP 	tooSlowtext: height = 0.02
140.1994 	EXP 	tooSlowtext: text = ''
140.1994 	EXP 	tooSlowtext: height = 0.02
140.1994 	EXP 	tooSlowtext: height = 0.02
140.1994 	EXP 	tooSlowtext: height = 0.02
140.1994 	EXP 	tooSlowtext: text = 'Zu langsam. Sie müssen schneller antworten.'
140.1994 	EXP 	scene_image_4: autoDraw = False
140.1994 	EXP 	tooSlowtext: autoDraw = False
140.1994 	EXP 	fix_cross: autoDraw = True
145.2144 	INFO 	Keyboard events cleared
145.2143 	EXP 	fix_cross: autoDraw = False
145.2143 	EXP 	fix_cross: autoDraw = False
145.2143 	EXP 	instruction_now_retr: height = 0.025
145.2143 	EXP 	instruction_now_retr: height = 0.025
145.2143 	EXP 	instruction_now_retr: height = 0.025
145.2143 	EXP 	instruction_now_retr: text = 'Sie werden nun die gelernten\nAssoziationen abrufen.'
145.2143 	EXP 	instruction_now_retr: autoDraw = True
146.0495 	EXP 	Device response: <KeyPress from None: t=146.03404609998688, value=b, duration=None>
146.0972 	DEBUG 	Read excel file with openpyxl: sequences/retrieval_block1_fixed-middle-10_03.xlsx
146.1612 	EXP 	Imported sequences/retrieval_block1_fixed-middle-10_03.xlsx as conditions, 20 conditions, 23 params
146.1618 	EXP 	New trial (rep=0, index=0): <Trial 0 (0 in rep 0) data={'learningSeq': 'A', 'block': 'block1', 'runIndexWithinSeq': 1, 'miniblockWithinRun': 0, 'coupleIndexWithinRoute': 0, 'img_first': 'stimuli/bread/bread_29.jpg', 'img_second': 'stimuli/dog/dog_49.jpg', 'img_third': None, 'distance_correct': 5, 'trial_type': 1, 'opt_left': 'no', 'opt_right': 'yes', 'correct_side': 'left', 'correct_key': 'left', 'is_yes': 0, 'image_dur_retr': 1.2, 'fix_dur_retr': 0.2, 'iti_dur_retr': 0.32, 'reflection_win_dur': 2.11, 'routeIndexWithinBlock': 1, 'seqOfRoute': 'A', 'retrIm1Trig': 3, 'retrIm2Trig': 5, 'thisN': 0, 'thisTrialN': 0, 'thisRepN': 0}>
146.1641 	DATA 	Keypress: b
146.1799 	EXP 	instruction_now_retr: autoDraw = False
146.1799 	EXP 	fix_cross_retrbegin_2: height = 0.03
146.1799 	EXP 	fix_cross_retrbegin_2: height = 0.03
146.1799 	EXP 	fix_cross_retrbegin_2: height = 0.03
146.1799 	EXP 	fix_cross_retrbegin_2: text = '+'
146.1799 	EXP 	fix_cross_retrbegin_2: autoDraw = True
146.2660 	EXP 	Device response: <KeyPress from None: t=146.03404609998688, value=b, duration=0.22705230000428855>
146.5519 	EXP 	fix_cross_retrbegin_2: autoDraw = False
146.5519 	EXP 	fix_cross_retrbegin_2: autoDraw = False
146.5519 	EXP 	image_1: image = 'stimuli/bread/bread_29.jpg'
146.5519 	EXP 	image_1: autoDraw = True
147.5637 	EXP 	image_1: autoDraw = False
147.5637 	EXP 	image_1: autoDraw = False
147.5637 	EXP 	mask_img1_2: autoDraw = True
147.8534 	EXP 	mask_img1_2: autoDraw = False
147.8534 	EXP 	mask_img1_2: autoDraw = False
147.8534 	EXP 	image_2: image = 'stimuli/dog/dog_49.jpg'
147.8534 	EXP 	image_2: autoDraw = True
148.8629 	EXP 	image_2: autoDraw = False
148.8629 	EXP 	image_2: autoDraw = False
148.8629 	EXP 	mask_img2_2: autoDraw = True
149.1128 	EXP 	mask_img2_2: autoDraw = False
149.1128 	EXP 	mask_img2_2: autoDraw = False
149.1128 	EXP 	fix_cross_reflretr: autoDraw = True
151.2259 	INFO 	Keyboard events cleared
151.2621 	INFO 	Keyboard events cleared
151.2619 	EXP 	fix_cross_reflretr: autoDraw = False
151.2619 	EXP 	fix_cross_reflretr: autoDraw = False
151.2619 	EXP 	yes_txt: height = 0.03
151.2619 	EXP 	yes_txt: height = 0.03
151.2619 	EXP 	yes_txt: height = 0.03
151.2619 	EXP 	yes_txt: text = 'ja'
151.2619 	EXP 	no_txt: height = 0.03
151.2619 	EXP 	no_txt: height = 0.03
151.2619 	EXP 	no_txt: height = 0.03
151.2619 	EXP 	no_txt: text = 'nein'
151.2619 	EXP 	chooseNowText_2: height = 0.025
151.2619 	EXP 	chooseNowText_2: height = 0.025
151.2619 	EXP 	chooseNowText_2: height = 0.025
151.2619 	EXP 	polygon_6: autoDraw = True
151.2619 	EXP 	yes_txt: autoDraw = True
151.2619 	EXP 	no_txt: autoDraw = True
151.2619 	EXP 	chooseNowText_2: autoDraw = True
152.7810 	EXP 	Device response: <KeyPress from None: t=152.76477050001267, value=r, duration=None>
152.7817 	DATA 	Keypress: r
153.0972 	EXP 	Device response: <KeyPress from None: t=134.0332664999878, value=r, duration=19.05077319999691>
153.2450 	EXP 	chooseNowText_2: height = 0.025
153.2450 	EXP 	chooseNowText_2: height = 0.025
153.2450 	EXP 	chooseNowText_2: height = 0.025
153.2617 	EXP 	chooseNowText_2: height = 0.025
153.2617 	EXP 	chooseNowText_2: height = 0.025
153.2617 	EXP 	chooseNowText_2: height = 0.025
153.2783 	EXP 	chooseNowText_2: height = 0.025
153.2783 	EXP 	chooseNowText_2: height = 0.025
153.2783 	EXP 	chooseNowText_2: height = 0.025
153.2949 	EXP 	chooseNowText_2: height = 0.025
153.2949 	EXP 	chooseNowText_2: height = 0.025
153.2949 	EXP 	chooseNowText_2: height = 0.025
153.3117 	EXP 	chooseNowText_2: height = 0.025
153.3117 	EXP 	chooseNowText_2: height = 0.025
153.3117 	EXP 	chooseNowText_2: height = 0.025
153.3285 	EXP 	chooseNowText_2: height = 0.025
153.3285 	EXP 	chooseNowText_2: height = 0.025
153.3285 	EXP 	chooseNowText_2: height = 0.025
153.3450 	EXP 	chooseNowText_2: height = 0.025
153.3450 	EXP 	chooseNowText_2: height = 0.025
153.3450 	EXP 	chooseNowText_2: height = 0.025
153.3616 	EXP 	chooseNowText_2: height = 0.025
153.3616 	EXP 	chooseNowText_2: height = 0.025
153.3616 	EXP 	chooseNowText_2: height = 0.025
153.3783 	EXP 	chooseNowText_2: height = 0.025
153.3783 	EXP 	chooseNowText_2: height = 0.025
153.3783 	EXP 	chooseNowText_2: height = 0.025
153.3951 	EXP 	chooseNowText_2: height = 0.025
153.3951 	EXP 	chooseNowText_2: height = 0.025
153.3951 	EXP 	chooseNowText_2: height = 0.025
153.4116 	EXP 	chooseNowText_2: height = 0.025
153.4116 	EXP 	chooseNowText_2: height = 0.025
153.4116 	EXP 	chooseNowText_2: height = 0.025
153.4282 	EXP 	chooseNowText_2: height = 0.025
153.4282 	EXP 	chooseNowText_2: height = 0.025
153.4282 	EXP 	chooseNowText_2: height = 0.025
153.4450 	EXP 	chooseNowText_2: height = 0.025
153.4450 	EXP 	chooseNowText_2: height = 0.025
153.4450 	EXP 	chooseNowText_2: height = 0.025
153.4616 	EXP 	chooseNowText_2: height = 0.025
153.4616 	EXP 	chooseNowText_2: height = 0.025
153.4616 	EXP 	chooseNowText_2: height = 0.025
153.4783 	EXP 	chooseNowText_2: height = 0.025
153.4783 	EXP 	chooseNowText_2: height = 0.025
153.4783 	EXP 	chooseNowText_2: height = 0.025
153.4822 	EXP 	Device response: <KeyPress from None: t=153.48086710006464, value=g, duration=None>
153.4829 	DATA 	Keypress: g
153.5110 	EXP 	chooseNowText_2: height = 0.025
153.5110 	EXP 	chooseNowText_2: height = 0.025
153.5110 	EXP 	chooseNowText_2: height = 0.025
153.5284 	EXP 	chooseNowText_2: height = 0.025
153.5284 	EXP 	chooseNowText_2: height = 0.025
153.5284 	EXP 	chooseNowText_2: height = 0.025
153.5450 	EXP 	chooseNowText_2: height = 0.025
153.5450 	EXP 	chooseNowText_2: height = 0.025
153.5450 	EXP 	chooseNowText_2: height = 0.025
153.5618 	EXP 	chooseNowText_2: height = 0.025
153.5618 	EXP 	chooseNowText_2: height = 0.025
153.5618 	EXP 	chooseNowText_2: height = 0.025
153.5786 	EXP 	chooseNowText_2: height = 0.025
153.5786 	EXP 	chooseNowText_2: height = 0.025
153.5786 	EXP 	chooseNowText_2: height = 0.025
153.5951 	EXP 	chooseNowText_2: height = 0.025
153.5951 	EXP 	chooseNowText_2: height = 0.025
153.5951 	EXP 	chooseNowText_2: height = 0.025
153.6118 	EXP 	chooseNowText_2: height = 0.025
153.6118 	EXP 	chooseNowText_2: height = 0.025
153.6118 	EXP 	chooseNowText_2: height = 0.025
153.6287 	EXP 	chooseNowText_2: height = 0.025
153.6287 	EXP 	chooseNowText_2: height = 0.025
153.6287 	EXP 	chooseNowText_2: height = 0.025
153.6454 	EXP 	chooseNowText_2: height = 0.025
153.6454 	EXP 	chooseNowText_2: height = 0.025
153.6454 	EXP 	chooseNowText_2: height = 0.025
153.6618 	EXP 	chooseNowText_2: height = 0.025
153.6618 	EXP 	chooseNowText_2: height = 0.025
153.6618 	EXP 	chooseNowText_2: height = 0.025
153.6783 	EXP 	chooseNowText_2: height = 0.025
153.6783 	EXP 	chooseNowText_2: height = 0.025
153.6783 	EXP 	chooseNowText_2: height = 0.025
153.6951 	EXP 	chooseNowText_2: height = 0.025
153.6951 	EXP 	chooseNowText_2: height = 0.025
153.6951 	EXP 	chooseNowText_2: height = 0.025
153.7118 	EXP 	chooseNowText_2: height = 0.025
153.7118 	EXP 	chooseNowText_2: height = 0.025
153.7118 	EXP 	chooseNowText_2: height = 0.025
153.7144 	EXP 	Device response: <KeyPress from None: t=153.48086710006464, value=g, duration=0.22460750001482666>
153.7282 	EXP 	chooseNowText_2: height = 0.025
153.7282 	EXP 	chooseNowText_2: height = 0.025
153.7282 	EXP 	chooseNowText_2: height = 0.025
153.7450 	EXP 	chooseNowText_2: height = 0.025
153.7450 	EXP 	chooseNowText_2: height = 0.025
153.7450 	EXP 	chooseNowText_2: height = 0.025
153.7615 	EXP 	chooseNowText_2: height = 0.025
153.7615 	EXP 	chooseNowText_2: height = 0.025
153.7615 	EXP 	chooseNowText_2: height = 0.025
153.7781 	EXP 	chooseNowText_2: height = 0.025
153.7781 	EXP 	chooseNowText_2: height = 0.025
153.7781 	EXP 	chooseNowText_2: height = 0.025
153.7950 	EXP 	chooseNowText_2: height = 0.025
153.7950 	EXP 	chooseNowText_2: height = 0.025
153.7950 	EXP 	chooseNowText_2: height = 0.025
153.8114 	EXP 	chooseNowText_2: height = 0.025
153.8114 	EXP 	chooseNowText_2: height = 0.025
153.8114 	EXP 	chooseNowText_2: height = 0.025
153.8281 	EXP 	chooseNowText_2: height = 0.025
153.8281 	EXP 	chooseNowText_2: height = 0.025
153.8281 	EXP 	chooseNowText_2: height = 0.025
153.8450 	EXP 	chooseNowText_2: height = 0.025
153.8450 	EXP 	chooseNowText_2: height = 0.025
153.8450 	EXP 	chooseNowText_2: height = 0.025
153.8614 	EXP 	chooseNowText_2: height = 0.025
153.8614 	EXP 	chooseNowText_2: height = 0.025
153.8614 	EXP 	chooseNowText_2: height = 0.025
153.8781 	EXP 	chooseNowText_2: height = 0.025
153.8781 	EXP 	chooseNowText_2: height = 0.025
153.8781 	EXP 	chooseNowText_2: height = 0.025
153.8949 	EXP 	chooseNowText_2: height = 0.025
153.8949 	EXP 	chooseNowText_2: height = 0.025
153.8949 	EXP 	chooseNowText_2: height = 0.025
153.9114 	EXP 	chooseNowText_2: height = 0.025
153.9114 	EXP 	chooseNowText_2: height = 0.025
153.9114 	EXP 	chooseNowText_2: height = 0.025
153.9282 	EXP 	chooseNowText_2: height = 0.025
153.9282 	EXP 	chooseNowText_2: height = 0.025
153.9282 	EXP 	chooseNowText_2: height = 0.025
153.9448 	EXP 	chooseNowText_2: height = 0.025
153.9448 	EXP 	chooseNowText_2: height = 0.025
153.9448 	EXP 	chooseNowText_2: height = 0.025
153.9616 	EXP 	chooseNowText_2: height = 0.025
153.9616 	EXP 	chooseNowText_2: height = 0.025
153.9616 	EXP 	chooseNowText_2: height = 0.025
153.9783 	EXP 	chooseNowText_2: height = 0.025
153.9783 	EXP 	chooseNowText_2: height = 0.025
153.9783 	EXP 	chooseNowText_2: height = 0.025
153.9951 	EXP 	chooseNowText_2: height = 0.025
153.9951 	EXP 	chooseNowText_2: height = 0.025
153.9951 	EXP 	chooseNowText_2: height = 0.025
154.0116 	EXP 	chooseNowText_2: height = 0.025
154.0116 	EXP 	chooseNowText_2: height = 0.025
154.0116 	EXP 	chooseNowText_2: height = 0.025
154.0284 	EXP 	chooseNowText_2: height = 0.025
154.0284 	EXP 	chooseNowText_2: height = 0.025
154.0284 	EXP 	chooseNowText_2: height = 0.025
154.0449 	EXP 	chooseNowText_2: height = 0.025
154.0449 	EXP 	chooseNowText_2: height = 0.025
154.0449 	EXP 	chooseNowText_2: height = 0.025
154.0615 	EXP 	chooseNowText_2: height = 0.025
154.0615 	EXP 	chooseNowText_2: height = 0.025
154.0615 	EXP 	chooseNowText_2: height = 0.025
154.0782 	EXP 	chooseNowText_2: height = 0.025
154.0782 	EXP 	chooseNowText_2: height = 0.025
154.0782 	EXP 	chooseNowText_2: height = 0.025
154.0948 	EXP 	chooseNowText_2: height = 0.025
154.0948 	EXP 	chooseNowText_2: height = 0.025
154.0948 	EXP 	chooseNowText_2: height = 0.025
154.1115 	EXP 	chooseNowText_2: height = 0.025
154.1115 	EXP 	chooseNowText_2: height = 0.025
154.1115 	EXP 	chooseNowText_2: height = 0.025
154.1281 	EXP 	chooseNowText_2: height = 0.025
154.1281 	EXP 	chooseNowText_2: height = 0.025
154.1281 	EXP 	chooseNowText_2: height = 0.025
154.1306 	EXP 	Device response: <KeyPress from None: t=154.11939920007717, value=g, duration=None>
154.1317 	DATA 	Keypress: g
154.2491 	INFO 	Keyboard events cleared
154.2775 	EXP 	yes_txt: autoDraw = False
154.2775 	EXP 	no_txt: autoDraw = False
154.2775 	EXP 	polygon_6: autoDraw = False
154.2775 	EXP 	yes_txt: autoDraw = False
154.2775 	EXP 	no_txt: autoDraw = False
154.2775 	EXP 	chooseNowText_2: autoDraw = False
154.2775 	EXP 	tooSlowtext_4: text = ''
154.2775 	EXP 	tooSlowtext_4: height = 0.025
154.2775 	EXP 	tooSlowtext_4: height = 0.025
154.2775 	EXP 	tooSlowtext_4: height = 0.025
154.2775 	EXP 	tooSlowtext_4: text = 'Zu langsam. Sie müssen schneller antworten.'
154.2775 	EXP 	tooSlowtext_4: autoDraw = False
154.2775 	EXP 	chooseNowText_3: height = 0.025
154.2775 	EXP 	chooseNowText_3: height = 0.025
154.2775 	EXP 	chooseNowText_3: height = 0.025
154.2775 	EXP 	opt_2: foreColor = <psychopy.colors.Color: white, alpha=1.0>
154.2775 	EXP 	opt_3: foreColor = <psychopy.colors.Color: white, alpha=1.0>
154.2775 	EXP 	opt_4: foreColor = <psychopy.colors.Color: white, alpha=1.0>
154.2775 	EXP 	opt_5: foreColor = <psychopy.colors.Color: white, alpha=1.0>
154.2775 	EXP 	chooseNowText_3: autoDraw = True
154.2775 	EXP 	opt_2: autoDraw = True
154.2775 	EXP 	opt_3: autoDraw = True
154.2775 	EXP 	opt_4: autoDraw = True
154.2775 	EXP 	opt_5: autoDraw = True
154.2968 	EXP 	Device response: <KeyPress from None: t=154.11939920007717, value=g, duration=0.17107909999322146>
154.7614 	INFO 	Keyboard events cleared
155.7299 	EXP 	Device response: <KeyPress from None: t=155.7146028999705, value=b, duration=None>
155.7315 	DATA 	Keypress: b
155.7604 	EXP 	opt_3: foreColor = 'blue'
155.8488 	EXP 	New trial (rep=0, index=1): <Trial 1 (1 in rep 0) data={'learningSeq': 'A', 'block': 'block1', 'runIndexWithinSeq': 1, 'miniblockWithinRun': 0, 'coupleIndexWithinRoute': 1, 'img_first': 'stimuli/flower/flower_17.jpg', 'img_second': 'stimuli/hand/hand_16.jpg', 'img_third': None, 'distance_correct': 3, 'trial_type': 1, 'opt_left': 'yes', 'opt_right': 'no', 'correct_side': 'right', 'correct_key': 'right', 'is_yes': 0, 'image_dur_retr': 1.2, 'fix_dur_retr': 0.2, 'iti_dur_retr': 0.26, 'reflection_win_dur': 1.82, 'routeIndexWithinBlock': 1, 'seqOfRoute': 'A', 'retrIm1Trig': 6, 'retrIm2Trig': 8, 'thisN': 1, 'thisTrialN': 1, 'thisRepN': 0}>
155.8609 	EXP 	chooseNowText_3: autoDraw = False
155.8609 	EXP 	opt_2: autoDraw = False
155.8609 	EXP 	opt_3: autoDraw = False
155.8609 	EXP 	opt_4: autoDraw = False
155.8609 	EXP 	opt_5: autoDraw = False
155.8609 	EXP 	tooSlowtext_2: text = ''
155.8609 	EXP 	tooSlowtext_2: height = 0.025
155.8609 	EXP 	tooSlowtext_2: height = 0.025
155.8609 	EXP 	tooSlowtext_2: height = 0.025
155.8609 	EXP 	tooSlowtext_2: text = 'Zu langsam. Sie müssen schneller antworten.'
155.8609 	EXP 	tooSlowtext_2: autoDraw = False
155.8609 	EXP 	fix_cross_retrbegin_2: text = '+'
155.8609 	EXP 	fix_cross_retrbegin_2: autoDraw = True
155.9131 	EXP 	Device response: <KeyPress from None: t=155.7146028999705, value=b, duration=0.1984291000990197>
156.1465 	EXP 	fix_cross_retrbegin_2: autoDraw = False
156.1465 	EXP 	fix_cross_retrbegin_2: autoDraw = False
156.1465 	EXP 	image_1: image = 'stimuli/flower/flower_17.jpg'
156.1465 	EXP 	image_1: autoDraw = True
157.1607 	EXP 	image_1: autoDraw = False
157.1607 	EXP 	image_1: autoDraw = False
157.1607 	EXP 	mask_img1_2: autoDraw = True
157.4349 	EXP 	mask_img1_2: autoDraw = False
157.4349 	EXP 	mask_img1_2: autoDraw = False
157.4349 	EXP 	image_2: image = 'stimuli/hand/hand_16.jpg'
157.4349 	EXP 	image_2: autoDraw = True
158.4434 	EXP 	image_2: autoDraw = False
158.4434 	EXP 	image_2: autoDraw = False
158.4434 	EXP 	mask_img2_2: autoDraw = True
158.6934 	EXP 	mask_img2_2: autoDraw = False
158.6934 	EXP 	mask_img2_2: autoDraw = False
158.6934 	EXP 	fix_cross_reflretr: autoDraw = True
160.5219 	INFO 	Keyboard events cleared
160.5424 	INFO 	Keyboard events cleared
160.5422 	EXP 	fix_cross_reflretr: autoDraw = False
160.5422 	EXP 	fix_cross_reflretr: autoDraw = False
160.5422 	EXP 	yes_txt: text = 'ja'
160.5422 	EXP 	no_txt: text = 'nein'
160.5422 	EXP 	chooseNowText_2: height = 0.025
160.5422 	EXP 	chooseNowText_2: height = 0.025
160.5422 	EXP 	chooseNowText_2: height = 0.025
160.5422 	EXP 	polygon_6: autoDraw = True
160.5422 	EXP 	yes_txt: autoDraw = True
160.5422 	EXP 	no_txt: autoDraw = True
160.5422 	EXP 	chooseNowText_2: autoDraw = True
161.1121 	DATA 	Keypress: g
161.1283 	EXP 	Device response: <KeyPress from None: t=161.11189389997162, value=g, duration=None>
161.2475 	INFO 	Keyboard events cleared
161.2754 	EXP 	polygon_6: autoDraw = False
161.2754 	EXP 	yes_txt: autoDraw = False
161.2754 	EXP 	no_txt: autoDraw = False
161.2754 	EXP 	chooseNowText_2: autoDraw = False
161.2754 	EXP 	tooSlowtext_4: height = 0.025
161.2754 	EXP 	tooSlowtext_4: height = 0.025
161.2754 	EXP 	tooSlowtext_4: height = 0.025
161.2754 	EXP 	tooSlowtext_4: text = ''
161.2754 	EXP 	tooSlowtext_4: height = 0.025
161.2754 	EXP 	tooSlowtext_4: height = 0.025
161.2754 	EXP 	tooSlowtext_4: height = 0.025
161.2754 	EXP 	tooSlowtext_4: text = 'Zu langsam. Sie müssen schneller antworten.'
161.2754 	EXP 	tooSlowtext_4: autoDraw = False
161.2754 	EXP 	chooseNowText_3: height = 0.025
161.2754 	EXP 	chooseNowText_3: height = 0.025
161.2754 	EXP 	chooseNowText_3: height = 0.025
161.2754 	EXP 	opt_2: foreColor = <psychopy.colors.Color: white, alpha=1.0>
161.2754 	EXP 	opt_3: foreColor = <psychopy.colors.Color: white, alpha=1.0>
161.2754 	EXP 	opt_4: foreColor = <psychopy.colors.Color: white, alpha=1.0>
161.2754 	EXP 	opt_5: foreColor = <psychopy.colors.Color: white, alpha=1.0>
161.2754 	EXP 	chooseNowText_3: autoDraw = True
161.2754 	EXP 	opt_2: autoDraw = True
161.2754 	EXP 	opt_3: autoDraw = True
161.2754 	EXP 	opt_4: autoDraw = True
161.2754 	EXP 	opt_5: autoDraw = True
161.3619 	EXP 	Device response: <KeyPress from None: t=161.11189389997162, value=g, duration=0.2336021000519395>
161.7589 	INFO 	Keyboard events cleared
161.8448 	EXP 	Device response: <KeyPress from None: t=161.83804589998908, value=b, duration=None>
161.8454 	DATA 	Keypress: b
161.8753 	EXP 	opt_3: foreColor = 'blue'
161.9641 	EXP 	New trial (rep=0, index=2): <Trial 2 (2 in rep 0) data={'learningSeq': 'A', 'block': 'block1', 'runIndexWithinSeq': 1, 'miniblockWithinRun': 0, 'coupleIndexWithinRoute': 2, 'img_first': 'stimuli/bicycle/bicycle_06.jpg', 'img_second': 'stimuli/hammer/hammer_16.jpg', 'img_third': None, 'distance_correct': 4, 'trial_type': 1, 'opt_left': 'no', 'opt_right': 'yes', 'correct_side': 'right', 'correct_key': 'right', 'is_yes': 1, 'image_dur_retr': 1.2, 'fix_dur_retr': 0.2, 'iti_dur_retr': 0.73, 'reflection_win_dur': 2.2, 'routeIndexWithinBlock': 1, 'seqOfRoute': 'A', 'retrIm1Trig': 2, 'retrIm2Trig': 7, 'thisN': 2, 'thisTrialN': 2, 'thisRepN': 0}>
161.9757 	EXP 	chooseNowText_3: autoDraw = False
161.9757 	EXP 	opt_2: autoDraw = False
161.9757 	EXP 	opt_3: autoDraw = False
161.9757 	EXP 	opt_4: autoDraw = False
161.9757 	EXP 	opt_5: autoDraw = False
161.9757 	EXP 	tooSlowtext_2: height = 0.025
161.9757 	EXP 	tooSlowtext_2: height = 0.025
161.9757 	EXP 	tooSlowtext_2: height = 0.025
161.9757 	EXP 	tooSlowtext_2: text = ''
161.9757 	EXP 	tooSlowtext_2: height = 0.025
161.9757 	EXP 	tooSlowtext_2: height = 0.025
161.9757 	EXP 	tooSlowtext_2: height = 0.025
161.9757 	EXP 	tooSlowtext_2: text = 'Zu langsam. Sie müssen schneller antworten.'
161.9757 	EXP 	tooSlowtext_2: autoDraw = False
161.9757 	EXP 	fix_cross_retrbegin_2: text = '+'
161.9757 	EXP 	fix_cross_retrbegin_2: autoDraw = True
162.0445 	EXP 	Device response: <KeyPress from None: t=161.83804589998908, value=b, duration=0.19234210008289665>
162.7280 	EXP 	fix_cross_retrbegin_2: autoDraw = False
162.7280 	EXP 	fix_cross_retrbegin_2: autoDraw = False
162.7280 	EXP 	image_1: image = 'stimuli/bicycle/bicycle_06.jpg'
162.7280 	EXP 	image_1: autoDraw = True
163.7416 	EXP 	image_1: autoDraw = False
163.7416 	EXP 	image_1: autoDraw = False
163.7416 	EXP 	mask_img1_2: autoDraw = True
164.0107 	EXP 	mask_img1_2: autoDraw = False
164.0107 	EXP 	mask_img1_2: autoDraw = False
164.0107 	EXP 	image_2: image = 'stimuli/hammer/hammer_16.jpg'
164.0107 	EXP 	image_2: autoDraw = True
165.0248 	EXP 	image_2: autoDraw = False
165.0248 	EXP 	image_2: autoDraw = False
165.0248 	EXP 	mask_img2_2: autoDraw = True
165.2745 	EXP 	mask_img2_2: autoDraw = False
165.2745 	EXP 	mask_img2_2: autoDraw = False
165.2745 	EXP 	fix_cross_reflretr: autoDraw = True
167.4701 	INFO 	Keyboard events cleared
167.4903 	INFO 	Keyboard events cleared
167.4901 	EXP 	fix_cross_reflretr: autoDraw = False
167.4901 	EXP 	fix_cross_reflretr: autoDraw = False
167.4901 	EXP 	yes_txt: text = 'ja'
167.4901 	EXP 	no_txt: text = 'nein'
167.4901 	EXP 	chooseNowText_2: height = 0.025
167.4901 	EXP 	chooseNowText_2: height = 0.025
167.4901 	EXP 	chooseNowText_2: height = 0.025
167.4901 	EXP 	polygon_6: autoDraw = True
167.4901 	EXP 	yes_txt: autoDraw = True
167.4901 	EXP 	no_txt: autoDraw = True
167.4901 	EXP 	chooseNowText_2: autoDraw = True
168.3428 	EXP 	Device response: <KeyPress from None: t=168.33318299998064, value=g, duration=None>
168.3446 	DATA 	Keypress: g
168.4631 	INFO 	Keyboard events cleared
168.4900 	EXP 	polygon_6: autoDraw = False
168.4900 	EXP 	yes_txt: autoDraw = False
168.4900 	EXP 	no_txt: autoDraw = False
168.4900 	EXP 	chooseNowText_2: autoDraw = False
168.4900 	EXP 	tooSlowtext_4: height = 0.025
168.4900 	EXP 	tooSlowtext_4: height = 0.025
168.4900 	EXP 	tooSlowtext_4: height = 0.025
168.4900 	EXP 	tooSlowtext_4: text = ''
168.4900 	EXP 	tooSlowtext_4: height = 0.025
168.4900 	EXP 	tooSlowtext_4: height = 0.025
168.4900 	EXP 	tooSlowtext_4: height = 0.025
168.4900 	EXP 	tooSlowtext_4: text = 'Zu langsam. Sie müssen schneller antworten.'
168.4900 	EXP 	tooSlowtext_4: autoDraw = False
168.4900 	EXP 	chooseNowText_3: height = 0.025
168.4900 	EXP 	chooseNowText_3: height = 0.025
168.4900 	EXP 	chooseNowText_3: height = 0.025
168.4900 	EXP 	opt_2: foreColor = <psychopy.colors.Color: white, alpha=1.0>
168.4900 	EXP 	opt_3: foreColor = <psychopy.colors.Color: white, alpha=1.0>
168.4900 	EXP 	opt_4: foreColor = <psychopy.colors.Color: white, alpha=1.0>
168.4900 	EXP 	opt_5: foreColor = <psychopy.colors.Color: white, alpha=1.0>
168.4900 	EXP 	chooseNowText_3: autoDraw = True
168.4900 	EXP 	opt_2: autoDraw = True
168.4900 	EXP 	opt_3: autoDraw = True
168.4900 	EXP 	opt_4: autoDraw = True
168.4900 	EXP 	opt_5: autoDraw = True
168.5929 	EXP 	Device response: <KeyPress from None: t=168.33318299998064, value=g, duration=0.2558248999994248>
168.8926 	EXP 	Device response: <KeyPress from None: t=168.89098939998075, value=r, duration=None>
168.8939 	DATA 	Keypress: r
168.9229 	EXP 	opt_2: foreColor = 'blue'
168.9734 	INFO 	Keyboard events cleared
169.0118 	EXP 	New trial (rep=0, index=3): <Trial 3 (3 in rep 0) data={'learningSeq': 'A', 'block': 'block1', 'runIndexWithinSeq': 1, 'miniblockWithinRun': 0, 'coupleIndexWithinRoute': 3, 'img_first': 'stimuli/jacket/jacket_44.jpg', 'img_second': 'stimuli/chair/chair_11.jpg', 'img_third': None, 'distance_correct': 2, 'trial_type': 1, 'opt_left': 'yes', 'opt_right': 'no', 'correct_side': 'left', 'correct_key': 'left', 'is_yes': 1, 'image_dur_retr': 1.2, 'fix_dur_retr': 0.2, 'iti_dur_retr': 0.43, 'reflection_win_dur': 1.76, 'routeIndexWithinBlock': 1, 'seqOfRoute': 'A', 'retrIm1Trig': 10, 'retrIm2Trig': 4, 'thisN': 3, 'thisTrialN': 3, 'thisRepN': 0}>
169.0236 	EXP 	chooseNowText_3: autoDraw = False
169.0236 	EXP 	opt_2: autoDraw = False
169.0236 	EXP 	opt_3: autoDraw = False
169.0236 	EXP 	opt_4: autoDraw = False
169.0236 	EXP 	opt_5: autoDraw = False
169.0236 	EXP 	tooSlowtext_2: height = 0.025
169.0236 	EXP 	tooSlowtext_2: height = 0.025
169.0236 	EXP 	tooSlowtext_2: height = 0.025
169.0236 	EXP 	tooSlowtext_2: text = ''
169.0236 	EXP 	tooSlowtext_2: height = 0.025
169.0236 	EXP 	tooSlowtext_2: height = 0.025
169.0236 	EXP 	tooSlowtext_2: height = 0.025
169.0236 	EXP 	tooSlowtext_2: text = 'Zu langsam. Sie müssen schneller antworten.'
169.0236 	EXP 	tooSlowtext_2: autoDraw = False
169.0236 	EXP 	fix_cross_retrbegin_2: text = '+'
169.0236 	EXP 	fix_cross_retrbegin_2: autoDraw = True
169.1593 	EXP 	Device response: <KeyPress from None: t=152.76477050001267, value=r, duration=16.37900760001503>
169.4971 	EXP 	fix_cross_retrbegin_2: autoDraw = False
169.4971 	EXP 	fix_cross_retrbegin_2: autoDraw = False
169.4971 	EXP 	image_1: image = 'stimuli/jacket/jacket_44.jpg'
169.4971 	EXP 	image_1: autoDraw = True
170.5064 	EXP 	image_1: autoDraw = False
170.5064 	EXP 	image_1: autoDraw = False
170.5064 	EXP 	mask_img1_2: autoDraw = True
170.7751 	EXP 	mask_img1_2: autoDraw = False
170.7751 	EXP 	image_2: image = 'stimuli/chair/chair_11.jpg'
170.7751 	EXP 	image_2: autoDraw = True
171.7891 	EXP 	image_2: autoDraw = False
171.7891 	EXP 	image_2: autoDraw = False
171.7891 	EXP 	mask_img2_2: autoDraw = True
172.0392 	EXP 	mask_img2_2: autoDraw = False
172.0392 	EXP 	mask_img2_2: autoDraw = False
172.0392 	EXP 	fix_cross_reflretr: autoDraw = True
173.8022 	INFO 	Keyboard events cleared
173.8215 	INFO 	Keyboard events cleared
173.8213 	EXP 	fix_cross_reflretr: autoDraw = False
173.8213 	EXP 	fix_cross_reflretr: autoDraw = False
173.8213 	EXP 	yes_txt: text = 'ja'
173.8213 	EXP 	no_txt: text = 'nein'
173.8213 	EXP 	chooseNowText_2: height = 0.025
173.8213 	EXP 	chooseNowText_2: height = 0.025
173.8213 	EXP 	chooseNowText_2: height = 0.025
173.8213 	EXP 	polygon_6: autoDraw = True
173.8213 	EXP 	yes_txt: autoDraw = True
173.8213 	EXP 	no_txt: autoDraw = True
173.8213 	EXP 	chooseNowText_2: autoDraw = True
174.5740 	EXP 	Device response: <KeyPress from None: t=174.5693581000669, value=b, duration=None>
174.5752 	DATA 	Keypress: b
174.6930 	INFO 	Keyboard events cleared
174.7211 	EXP 	polygon_6: autoDraw = False
174.7211 	EXP 	yes_txt: autoDraw = False
174.7211 	EXP 	no_txt: autoDraw = False
174.7211 	EXP 	chooseNowText_2: autoDraw = False
174.7211 	EXP 	tooSlowtext_4: height = 0.025
174.7211 	EXP 	tooSlowtext_4: height = 0.025
174.7211 	EXP 	tooSlowtext_4: height = 0.025
174.7211 	EXP 	tooSlowtext_4: text = ''
174.7211 	EXP 	tooSlowtext_4: height = 0.025
174.7211 	EXP 	tooSlowtext_4: height = 0.025
174.7211 	EXP 	tooSlowtext_4: height = 0.025
174.7211 	EXP 	tooSlowtext_4: text = 'Zu langsam. Sie müssen schneller antworten.'
174.7211 	EXP 	tooSlowtext_4: autoDraw = False
174.7211 	EXP 	chooseNowText_3: height = 0.025
174.7211 	EXP 	chooseNowText_3: height = 0.025
174.7211 	EXP 	chooseNowText_3: height = 0.025
174.7211 	EXP 	opt_2: foreColor = <psychopy.colors.Color: white, alpha=1.0>
174.7211 	EXP 	opt_3: foreColor = <psychopy.colors.Color: white, alpha=1.0>
174.7211 	EXP 	opt_4: foreColor = <psychopy.colors.Color: white, alpha=1.0>
174.7211 	EXP 	opt_5: foreColor = <psychopy.colors.Color: white, alpha=1.0>
174.7211 	EXP 	chooseNowText_3: autoDraw = True
174.7211 	EXP 	opt_2: autoDraw = True
174.7211 	EXP 	opt_3: autoDraw = True
174.7211 	EXP 	opt_4: autoDraw = True
174.7211 	EXP 	opt_5: autoDraw = True
174.7901 	EXP 	Device response: <KeyPress from None: t=174.5693581000669, value=b, duration=0.2184877999825403>
175.1236 	EXP 	Device response: <KeyPress from None: t=175.11611459997948, value=g, duration=None>
175.1250 	DATA 	Keypress: g
175.1543 	EXP 	opt_5: foreColor = 'blue'
175.2048 	INFO 	Keyboard events cleared
175.2267 	EXP 	New trial (rep=0, index=4): <Trial 4 (4 in rep 0) data={'learningSeq': 'A', 'block': 'block1', 'runIndexWithinSeq': 1, 'miniblockWithinRun': 1, 'coupleIndexWithinRoute': 4, 'img_first': 'stimuli/bicycle/bicycle_06.jpg', 'img_second': 'stimuli/ball/ball_11.jpg', 'img_third': None, 'distance_correct': 4, 'trial_type': 1, 'opt_left': 'no', 'opt_right': 'yes', 'correct_side': 'left', 'correct_key': 'left', 'is_yes': 0, 'image_dur_retr': 1.2, 'fix_dur_retr': 0.2, 'iti_dur_retr': 0.45, 'reflection_win_dur': 1.95, 'routeIndexWithinBlock': 1, 'seqOfRoute': 'A', 'retrIm1Trig': 2, 'retrIm2Trig': 1, 'thisN': 4, 'thisTrialN': 4, 'thisRepN': 0}>
175.2380 	EXP 	chooseNowText_3: autoDraw = False
175.2380 	EXP 	opt_2: autoDraw = False
175.2380 	EXP 	opt_3: autoDraw = False
175.2380 	EXP 	opt_4: autoDraw = False
175.2380 	EXP 	opt_5: autoDraw = False
175.2380 	EXP 	tooSlowtext_2: height = 0.025
175.2380 	EXP 	tooSlowtext_2: height = 0.025
175.2380 	EXP 	tooSlowtext_2: height = 0.025
175.2380 	EXP 	tooSlowtext_2: text = ''
175.2380 	EXP 	tooSlowtext_2: height = 0.025
175.2380 	EXP 	tooSlowtext_2: height = 0.025
175.2380 	EXP 	tooSlowtext_2: height = 0.025
175.2380 	EXP 	tooSlowtext_2: text = 'Zu langsam. Sie müssen schneller antworten.'
175.2380 	EXP 	tooSlowtext_2: autoDraw = False
175.2380 	EXP 	fix_cross_retrbegin_2: text = '+'
175.2380 	EXP 	fix_cross_retrbegin_2: autoDraw = True
175.3569 	EXP 	Device response: <KeyPress from None: t=175.11611459997948, value=g, duration=0.2407015000935644>
175.7096 	EXP 	fix_cross_retrbegin_2: autoDraw = False
175.7096 	EXP 	fix_cross_retrbegin_2: autoDraw = False
175.7096 	EXP 	image_1: image = 'stimuli/bicycle/bicycle_06.jpg'
175.7096 	EXP 	image_1: autoDraw = True
176.7209 	EXP 	image_1: autoDraw = False
176.7209 	EXP 	image_1: autoDraw = False
176.7209 	EXP 	mask_img1_2: autoDraw = True
177.0383 	EXP 	mask_img1_2: autoDraw = False
177.0383 	EXP 	mask_img1_2: autoDraw = False
177.0383 	EXP 	image_2: image = 'stimuli/ball/ball_11.jpg'
177.0383 	EXP 	image_2: autoDraw = True
178.0540 	EXP 	image_2: autoDraw = False
178.0540 	EXP 	image_2: autoDraw = False
178.0540 	EXP 	mask_img2_2: autoDraw = True
178.3040 	EXP 	mask_img2_2: autoDraw = False
178.3040 	EXP 	mask_img2_2: autoDraw = False
178.3040 	EXP 	fix_cross_reflretr: autoDraw = True
180.2502 	INFO 	Keyboard events cleared
180.2696 	INFO 	Keyboard events cleared
180.2695 	EXP 	fix_cross_reflretr: autoDraw = False
180.2695 	EXP 	fix_cross_reflretr: autoDraw = False
180.2695 	EXP 	yes_txt: text = 'ja'
180.2695 	EXP 	no_txt: text = 'nein'
180.2695 	EXP 	chooseNowText_2: height = 0.025
180.2695 	EXP 	chooseNowText_2: height = 0.025
180.2695 	EXP 	chooseNowText_2: height = 0.025
180.2695 	EXP 	polygon_6: autoDraw = True
180.2695 	EXP 	yes_txt: autoDraw = True
180.2695 	EXP 	no_txt: autoDraw = True
180.2695 	EXP 	chooseNowText_2: autoDraw = True
180.8385 	EXP 	Device response: <KeyPress from None: t=180.82655130000785, value=b, duration=None>
180.8406 	DATA 	Keypress: b
180.9581 	INFO 	Keyboard events cleared
180.9862 	EXP 	polygon_6: autoDraw = False
180.9862 	EXP 	yes_txt: autoDraw = False
180.9862 	EXP 	no_txt: autoDraw = False
180.9862 	EXP 	chooseNowText_2: autoDraw = False
180.9862 	EXP 	tooSlowtext_4: height = 0.025
180.9862 	EXP 	tooSlowtext_4: height = 0.025
180.9862 	EXP 	tooSlowtext_4: height = 0.025
180.9862 	EXP 	tooSlowtext_4: text = ''
180.9862 	EXP 	tooSlowtext_4: height = 0.025
180.9862 	EXP 	tooSlowtext_4: height = 0.025
180.9862 	EXP 	tooSlowtext_4: height = 0.025
180.9862 	EXP 	tooSlowtext_4: text = 'Zu langsam. Sie müssen schneller antworten.'
180.9862 	EXP 	tooSlowtext_4: autoDraw = False
180.9862 	EXP 	chooseNowText_3: height = 0.025
180.9862 	EXP 	chooseNowText_3: height = 0.025
180.9862 	EXP 	chooseNowText_3: height = 0.025
180.9862 	EXP 	opt_2: foreColor = <psychopy.colors.Color: white, alpha=1.0>
180.9862 	EXP 	opt_3: foreColor = <psychopy.colors.Color: white, alpha=1.0>
180.9862 	EXP 	opt_4: foreColor = <psychopy.colors.Color: white, alpha=1.0>
180.9862 	EXP 	opt_5: foreColor = <psychopy.colors.Color: white, alpha=1.0>
180.9862 	EXP 	chooseNowText_3: autoDraw = True
180.9862 	EXP 	opt_2: autoDraw = True
180.9862 	EXP 	opt_3: autoDraw = True
180.9862 	EXP 	opt_4: autoDraw = True
180.9862 	EXP 	opt_5: autoDraw = True
181.0219 	EXP 	Device response: <KeyPress from None: t=180.82655130000785, value=b, duration=0.1928388000233099>
181.3550 	EXP 	Device response: <KeyPress from None: t=181.34427050000522, value=g, duration=None>
181.3568 	DATA 	Keypress: g
181.3859 	EXP 	opt_5: foreColor = 'blue'
181.4579 	EXP 	New trial (rep=0, index=5): <Trial 5 (5 in rep 0) data={'learningSeq': 'A', 'block': 'block1', 'runIndexWithinSeq': 1, 'miniblockWithinRun': 1, 'coupleIndexWithinRoute': 5, 'img_first': 'stimuli/house/house_35.jpg', 'img_second': 'stimuli/flower/flower_17.jpg', 'img_third': None, 'distance_correct': 5, 'trial_type': 1, 'opt_left': 'yes', 'opt_right': 'no', 'correct_side': 'right', 'correct_key': 'right', 'is_yes': 0, 'image_dur_retr': 1.2, 'fix_dur_retr': 0.2, 'iti_dur_retr': 0.64, 'reflection_win_dur': 2.15, 'routeIndexWithinBlock': 1, 'seqOfRoute': 'A', 'retrIm1Trig': 9, 'retrIm2Trig': 6, 'thisN': 5, 'thisTrialN': 5, 'thisRepN': 0}>
181.4697 	INFO 	Keyboard events cleared
181.4696 	EXP 	chooseNowText_3: autoDraw = False
181.4696 	EXP 	opt_2: autoDraw = False
181.4696 	EXP 	opt_3: autoDraw = False
181.4696 	EXP 	opt_4: autoDraw = False
181.4696 	EXP 	opt_5: autoDraw = False
181.4696 	EXP 	tooSlowtext_2: height = 0.025
181.4696 	EXP 	tooSlowtext_2: height = 0.025
181.4696 	EXP 	tooSlowtext_2: height = 0.025
181.4696 	EXP 	tooSlowtext_2: text = ''
181.4696 	EXP 	tooSlowtext_2: height = 0.025
181.4696 	EXP 	tooSlowtext_2: height = 0.025
181.4696 	EXP 	tooSlowtext_2: height = 0.025
181.4696 	EXP 	tooSlowtext_2: text = 'Zu langsam. Sie müssen schneller antworten.'
181.4696 	EXP 	tooSlowtext_2: autoDraw = False
181.4696 	EXP 	fix_cross_retrbegin_2: text = '+'
181.4696 	EXP 	fix_cross_retrbegin_2: autoDraw = True
181.5551 	EXP 	Device response: <KeyPress from None: t=181.34427050000522, value=g, duration=0.20440940000116825>
181.9716 	EXP 	Device response: <KeyPress from None: t=181.9554890000727, value=g, duration=None>
181.9720 	DATA 	Keypress: g
182.0883 	EXP 	Device response: <KeyPress from None: t=181.9554890000727, value=g, duration=0.13032879994716495>
182.1551 	EXP 	fix_cross_retrbegin_2: autoDraw = False
182.1551 	EXP 	fix_cross_retrbegin_2: autoDraw = False
182.1551 	EXP 	image_1: image = 'stimuli/house/house_35.jpg'
182.1551 	EXP 	image_1: autoDraw = True
183.1689 	EXP 	image_1: autoDraw = False
183.1689 	EXP 	image_1: autoDraw = False
183.1689 	EXP 	mask_img1_2: autoDraw = True
183.4397 	EXP 	mask_img1_2: autoDraw = False
183.4397 	EXP 	image_2: image = 'stimuli/flower/flower_17.jpg'
183.4397 	EXP 	image_2: autoDraw = True
184.4518 	EXP 	image_2: autoDraw = False
184.4518 	EXP 	image_2: autoDraw = False
184.4518 	EXP 	mask_img2_2: autoDraw = True
184.7018 	EXP 	mask_img2_2: autoDraw = False
184.7018 	EXP 	mask_img2_2: autoDraw = False
184.7018 	EXP 	fix_cross_reflretr: autoDraw = True
186.8485 	INFO 	Keyboard events cleared
186.8674 	INFO 	Keyboard events cleared
186.8672 	EXP 	fix_cross_reflretr: autoDraw = False
186.8672 	EXP 	fix_cross_reflretr: autoDraw = False
186.8672 	EXP 	yes_txt: text = 'ja'
186.8672 	EXP 	no_txt: text = 'nein'
186.8672 	EXP 	chooseNowText_2: height = 0.025
186.8672 	EXP 	chooseNowText_2: height = 0.025
186.8672 	EXP 	chooseNowText_2: height = 0.025
186.8672 	EXP 	polygon_6: autoDraw = True
186.8672 	EXP 	yes_txt: autoDraw = True
186.8672 	EXP 	no_txt: autoDraw = True
186.8672 	EXP 	chooseNowText_2: autoDraw = True
188.8671 	EXP 	chooseNowText_2: height = 0.025
188.8671 	EXP 	chooseNowText_2: height = 0.025
188.8671 	EXP 	chooseNowText_2: height = 0.025
188.8839 	EXP 	chooseNowText_2: height = 0.025
188.8839 	EXP 	chooseNowText_2: height = 0.025
188.8839 	EXP 	chooseNowText_2: height = 0.025
188.9003 	EXP 	chooseNowText_2: height = 0.025
188.9003 	EXP 	chooseNowText_2: height = 0.025
188.9003 	EXP 	chooseNowText_2: height = 0.025
188.9171 	EXP 	chooseNowText_2: height = 0.025
188.9171 	EXP 	chooseNowText_2: height = 0.025
188.9171 	EXP 	chooseNowText_2: height = 0.025
188.9338 	EXP 	chooseNowText_2: height = 0.025
188.9338 	EXP 	chooseNowText_2: height = 0.025
188.9338 	EXP 	chooseNowText_2: height = 0.025
188.9504 	EXP 	chooseNowText_2: height = 0.025
188.9504 	EXP 	chooseNowText_2: height = 0.025
188.9504 	EXP 	chooseNowText_2: height = 0.025
188.9672 	EXP 	chooseNowText_2: height = 0.025
188.9672 	EXP 	chooseNowText_2: height = 0.025
188.9672 	EXP 	chooseNowText_2: height = 0.025
188.9841 	EXP 	chooseNowText_2: height = 0.025
188.9841 	EXP 	chooseNowText_2: height = 0.025
188.9841 	EXP 	chooseNowText_2: height = 0.025
189.0003 	EXP 	chooseNowText_2: height = 0.025
189.0003 	EXP 	chooseNowText_2: height = 0.025
189.0003 	EXP 	chooseNowText_2: height = 0.025
189.0172 	EXP 	chooseNowText_2: height = 0.025
189.0172 	EXP 	chooseNowText_2: height = 0.025
189.0172 	EXP 	chooseNowText_2: height = 0.025
189.0337 	EXP 	chooseNowText_2: height = 0.025
189.0337 	EXP 	chooseNowText_2: height = 0.025
189.0337 	EXP 	chooseNowText_2: height = 0.025
189.0504 	EXP 	chooseNowText_2: height = 0.025
189.0504 	EXP 	chooseNowText_2: height = 0.025
189.0504 	EXP 	chooseNowText_2: height = 0.025
189.0672 	EXP 	chooseNowText_2: height = 0.025
189.0672 	EXP 	chooseNowText_2: height = 0.025
189.0672 	EXP 	chooseNowText_2: height = 0.025
189.0841 	EXP 	chooseNowText_2: height = 0.025
189.0841 	EXP 	chooseNowText_2: height = 0.025
189.0841 	EXP 	chooseNowText_2: height = 0.025
189.1005 	EXP 	chooseNowText_2: height = 0.025
189.1005 	EXP 	chooseNowText_2: height = 0.025
189.1005 	EXP 	chooseNowText_2: height = 0.025
189.1170 	EXP 	chooseNowText_2: height = 0.025
189.1170 	EXP 	chooseNowText_2: height = 0.025
189.1170 	EXP 	chooseNowText_2: height = 0.025
189.1337 	EXP 	chooseNowText_2: height = 0.025
189.1337 	EXP 	chooseNowText_2: height = 0.025
189.1337 	EXP 	chooseNowText_2: height = 0.025
189.1506 	EXP 	chooseNowText_2: height = 0.025
189.1506 	EXP 	chooseNowText_2: height = 0.025
189.1506 	EXP 	chooseNowText_2: height = 0.025
189.1669 	EXP 	chooseNowText_2: height = 0.025
189.1669 	EXP 	chooseNowText_2: height = 0.025
189.1669 	EXP 	chooseNowText_2: height = 0.025
189.1837 	EXP 	chooseNowText_2: height = 0.025
189.1837 	EXP 	chooseNowText_2: height = 0.025
189.1837 	EXP 	chooseNowText_2: height = 0.025
189.2004 	EXP 	chooseNowText_2: height = 0.025
189.2004 	EXP 	chooseNowText_2: height = 0.025
189.2004 	EXP 	chooseNowText_2: height = 0.025
189.2169 	EXP 	chooseNowText_2: height = 0.025
189.2169 	EXP 	chooseNowText_2: height = 0.025
189.2169 	EXP 	chooseNowText_2: height = 0.025
189.2338 	EXP 	chooseNowText_2: height = 0.025
189.2338 	EXP 	chooseNowText_2: height = 0.025
189.2338 	EXP 	chooseNowText_2: height = 0.025
189.2503 	EXP 	chooseNowText_2: height = 0.025
189.2503 	EXP 	chooseNowText_2: height = 0.025
189.2503 	EXP 	chooseNowText_2: height = 0.025
189.2670 	EXP 	chooseNowText_2: height = 0.025
189.2670 	EXP 	chooseNowText_2: height = 0.025
189.2670 	EXP 	chooseNowText_2: height = 0.025
189.2839 	EXP 	chooseNowText_2: height = 0.025
189.2839 	EXP 	chooseNowText_2: height = 0.025
189.2839 	EXP 	chooseNowText_2: height = 0.025
189.3004 	EXP 	chooseNowText_2: height = 0.025
189.3004 	EXP 	chooseNowText_2: height = 0.025
189.3004 	EXP 	chooseNowText_2: height = 0.025
189.3170 	EXP 	chooseNowText_2: height = 0.025
189.3170 	EXP 	chooseNowText_2: height = 0.025
189.3170 	EXP 	chooseNowText_2: height = 0.025
189.3338 	EXP 	chooseNowText_2: height = 0.025
189.3338 	EXP 	chooseNowText_2: height = 0.025
189.3338 	EXP 	chooseNowText_2: height = 0.025
189.3503 	EXP 	chooseNowText_2: height = 0.025
189.3503 	EXP 	chooseNowText_2: height = 0.025
189.3503 	EXP 	chooseNowText_2: height = 0.025
189.3670 	EXP 	chooseNowText_2: height = 0.025
189.3670 	EXP 	chooseNowText_2: height = 0.025
189.3670 	EXP 	chooseNowText_2: height = 0.025
189.3836 	EXP 	chooseNowText_2: height = 0.025
189.3836 	EXP 	chooseNowText_2: height = 0.025
189.3836 	EXP 	chooseNowText_2: height = 0.025
189.4002 	EXP 	chooseNowText_2: height = 0.025
189.4002 	EXP 	chooseNowText_2: height = 0.025
189.4002 	EXP 	chooseNowText_2: height = 0.025
189.4171 	EXP 	chooseNowText_2: height = 0.025
189.4171 	EXP 	chooseNowText_2: height = 0.025
189.4171 	EXP 	chooseNowText_2: height = 0.025
189.4335 	EXP 	chooseNowText_2: height = 0.025
189.4335 	EXP 	chooseNowText_2: height = 0.025
189.4335 	EXP 	chooseNowText_2: height = 0.025
189.4502 	EXP 	chooseNowText_2: height = 0.025
189.4502 	EXP 	chooseNowText_2: height = 0.025
189.4502 	EXP 	chooseNowText_2: height = 0.025
189.4671 	EXP 	chooseNowText_2: height = 0.025
189.4671 	EXP 	chooseNowText_2: height = 0.025
189.4671 	EXP 	chooseNowText_2: height = 0.025
189.4838 	EXP 	chooseNowText_2: height = 0.025
189.4838 	EXP 	chooseNowText_2: height = 0.025
189.4838 	EXP 	chooseNowText_2: height = 0.025
189.5003 	EXP 	chooseNowText_2: height = 0.025
189.5003 	EXP 	chooseNowText_2: height = 0.025
189.5003 	EXP 	chooseNowText_2: height = 0.025
189.5171 	EXP 	chooseNowText_2: height = 0.025
189.5171 	EXP 	chooseNowText_2: height = 0.025
189.5171 	EXP 	chooseNowText_2: height = 0.025
189.5337 	EXP 	chooseNowText_2: height = 0.025
189.5337 	EXP 	chooseNowText_2: height = 0.025
189.5337 	EXP 	chooseNowText_2: height = 0.025
189.5509 	EXP 	chooseNowText_2: height = 0.025
189.5509 	EXP 	chooseNowText_2: height = 0.025
189.5509 	EXP 	chooseNowText_2: height = 0.025
189.5672 	EXP 	chooseNowText_2: height = 0.025
189.5672 	EXP 	chooseNowText_2: height = 0.025
189.5672 	EXP 	chooseNowText_2: height = 0.025
189.5838 	EXP 	chooseNowText_2: height = 0.025
189.5838 	EXP 	chooseNowText_2: height = 0.025
189.5838 	EXP 	chooseNowText_2: height = 0.025
189.6004 	EXP 	chooseNowText_2: height = 0.025
189.6004 	EXP 	chooseNowText_2: height = 0.025
189.6004 	EXP 	chooseNowText_2: height = 0.025
189.6168 	EXP 	chooseNowText_2: height = 0.025
189.6168 	EXP 	chooseNowText_2: height = 0.025
189.6168 	EXP 	chooseNowText_2: height = 0.025
189.6335 	EXP 	chooseNowText_2: height = 0.025
189.6335 	EXP 	chooseNowText_2: height = 0.025
189.6335 	EXP 	chooseNowText_2: height = 0.025
189.6502 	EXP 	chooseNowText_2: height = 0.025
189.6502 	EXP 	chooseNowText_2: height = 0.025
189.6502 	EXP 	chooseNowText_2: height = 0.025
189.6669 	EXP 	chooseNowText_2: height = 0.025
189.6669 	EXP 	chooseNowText_2: height = 0.025
189.6669 	EXP 	chooseNowText_2: height = 0.025
189.6836 	EXP 	chooseNowText_2: height = 0.025
189.6836 	EXP 	chooseNowText_2: height = 0.025
189.6836 	EXP 	chooseNowText_2: height = 0.025
189.7003 	EXP 	chooseNowText_2: height = 0.025
189.7003 	EXP 	chooseNowText_2: height = 0.025
189.7003 	EXP 	chooseNowText_2: height = 0.025
189.7168 	EXP 	chooseNowText_2: height = 0.025
189.7168 	EXP 	chooseNowText_2: height = 0.025
189.7168 	EXP 	chooseNowText_2: height = 0.025
189.7336 	EXP 	chooseNowText_2: height = 0.025
189.7336 	EXP 	chooseNowText_2: height = 0.025
189.7336 	EXP 	chooseNowText_2: height = 0.025
189.7501 	EXP 	chooseNowText_2: height = 0.025
189.7501 	EXP 	chooseNowText_2: height = 0.025
189.7501 	EXP 	chooseNowText_2: height = 0.025
189.7667 	EXP 	chooseNowText_2: height = 0.025
189.7667 	EXP 	chooseNowText_2: height = 0.025
189.7667 	EXP 	chooseNowText_2: height = 0.025
189.7834 	EXP 	chooseNowText_2: height = 0.025
189.7834 	EXP 	chooseNowText_2: height = 0.025
189.7834 	EXP 	chooseNowText_2: height = 0.025
189.8000 	EXP 	chooseNowText_2: height = 0.025
189.8000 	EXP 	chooseNowText_2: height = 0.025
189.8000 	EXP 	chooseNowText_2: height = 0.025
189.8168 	EXP 	chooseNowText_2: height = 0.025
189.8168 	EXP 	chooseNowText_2: height = 0.025
189.8168 	EXP 	chooseNowText_2: height = 0.025
189.8334 	EXP 	chooseNowText_2: height = 0.025
189.8334 	EXP 	chooseNowText_2: height = 0.025
189.8334 	EXP 	chooseNowText_2: height = 0.025
189.8504 	EXP 	chooseNowText_2: height = 0.025
189.8504 	EXP 	chooseNowText_2: height = 0.025
189.8504 	EXP 	chooseNowText_2: height = 0.025
189.8670 	EXP 	yes_txt: autoDraw = False
189.8670 	EXP 	no_txt: autoDraw = False
189.8670 	EXP 	chooseNowText_2: height = 0.025
189.8670 	EXP 	chooseNowText_2: height = 0.025
189.8670 	EXP 	chooseNowText_2: height = 0.025
189.8670 	EXP 	polygon_6: autoDraw = False
189.8670 	EXP 	yes_txt: autoDraw = False
189.8670 	EXP 	no_txt: autoDraw = False
189.8670 	EXP 	chooseNowText_2: autoDraw = False
189.8670 	EXP 	tooSlowtext_4: height = 0.025
189.8670 	EXP 	tooSlowtext_4: height = 0.025
189.8670 	EXP 	tooSlowtext_4: height = 0.025
189.8670 	EXP 	tooSlowtext_4: text = ''
189.8670 	EXP 	tooSlowtext_4: height = 0.025
189.8670 	EXP 	tooSlowtext_4: height = 0.025
189.8670 	EXP 	tooSlowtext_4: height = 0.025
189.8670 	EXP 	tooSlowtext_4: text = 'Zu langsam. Sie müssen schneller antworten.'
189.8670 	EXP 	tooSlowtext_4: autoDraw = True
190.2189 	EXP 	Device response: <KeyPress from None: t=190.21010380005464, value=g, duration=None>
190.2193 	DATA 	Keypress: g
190.2690 	EXP 	Device response: <KeyPress from None: t=190.21010380005464, value=g, duration=0.057636799989268184>
190.3529 	INFO 	Keyboard events cleared
190.3831 	EXP 	tooSlowtext_4: autoDraw = False
190.3831 	EXP 	tooSlowtext_4: autoDraw = False
190.3831 	EXP 	chooseNowText_3: height = 0.025
190.3831 	EXP 	chooseNowText_3: height = 0.025
190.3831 	EXP 	chooseNowText_3: height = 0.025
190.3831 	EXP 	opt_2: foreColor = <psychopy.colors.Color: white, alpha=1.0>
190.3831 	EXP 	opt_3: foreColor = <psychopy.colors.Color: white, alpha=1.0>
190.3831 	EXP 	opt_4: foreColor = <psychopy.colors.Color: white, alpha=1.0>
190.3831 	EXP 	opt_5: foreColor = <psychopy.colors.Color: white, alpha=1.0>
190.3831 	EXP 	chooseNowText_3: autoDraw = True
190.3831 	EXP 	opt_2: autoDraw = True
190.3831 	EXP 	opt_3: autoDraw = True
190.3831 	EXP 	opt_4: autoDraw = True
190.3831 	EXP 	opt_5: autoDraw = True
190.4187 	EXP 	Device response: <KeyPress from None: t=190.40743490005843, value=b, duration=None>
190.4209 	DATA 	Keypress: b
190.4496 	EXP 	opt_3: foreColor = 'blue'
190.5387 	EXP 	New trial (rep=0, index=6): <Trial 6 (6 in rep 0) data={'learningSeq': 'A', 'block': 'block1', 'runIndexWithinSeq': 1, 'miniblockWithinRun': 1, 'coupleIndexWithinRoute': 6, 'img_first': 'stimuli/dog/dog_49.jpg', 'img_second': 'stimuli/jacket/jacket_44.jpg', 'img_third': None, 'distance_correct': 2, 'trial_type': 1, 'opt_left': 'no', 'opt_right': 'yes', 'correct_side': 'right', 'correct_key': 'right', 'is_yes': 1, 'image_dur_retr': 1.2, 'fix_dur_retr': 0.2, 'iti_dur_retr': 0.28, 'reflection_win_dur': 1.95, 'routeIndexWithinBlock': 1, 'seqOfRoute': 'A', 'retrIm1Trig': 5, 'retrIm2Trig': 10, 'thisN': 6, 'thisTrialN': 6, 'thisRepN': 0}>
190.5500 	EXP 	chooseNowText_3: autoDraw = False
190.5500 	EXP 	opt_2: autoDraw = False
190.5500 	EXP 	opt_3: autoDraw = False
190.5500 	EXP 	opt_4: autoDraw = False
190.5500 	EXP 	opt_5: autoDraw = False
190.5500 	EXP 	tooSlowtext_2: height = 0.025
190.5500 	EXP 	tooSlowtext_2: height = 0.025
190.5500 	EXP 	tooSlowtext_2: height = 0.025
190.5500 	EXP 	tooSlowtext_2: text = ''
190.5500 	EXP 	tooSlowtext_2: height = 0.025
190.5500 	EXP 	tooSlowtext_2: height = 0.025
190.5500 	EXP 	tooSlowtext_2: height = 0.025
190.5500 	EXP 	tooSlowtext_2: text = 'Zu langsam. Sie müssen schneller antworten.'
190.5500 	EXP 	tooSlowtext_2: autoDraw = False
190.5500 	EXP 	fix_cross_retrbegin_2: text = '+'
190.5500 	EXP 	fix_cross_retrbegin_2: autoDraw = True
190.6026 	EXP 	Device response: <KeyPress from None: t=190.40743490005843, value=b, duration=0.19258329994045198>
190.8902 	EXP 	fix_cross_retrbegin_2: autoDraw = False
190.8902 	EXP 	fix_cross_retrbegin_2: autoDraw = False
190.8902 	EXP 	image_1: image = 'stimuli/dog/dog_49.jpg'
190.8902 	EXP 	image_1: autoDraw = True
191.0353 	EXP 	Device response: <KeyPress from None: t=191.02382470003795, value=b, duration=None>
191.0356 	DATA 	Keypress: b
191.2358 	EXP 	Device response: <KeyPress from None: t=191.02382470003795, value=b, duration=0.19629069999791682>
191.8997 	EXP 	image_1: autoDraw = False
191.8997 	EXP 	image_1: autoDraw = False
191.8997 	EXP 	mask_img1_2: autoDraw = True
192.1899 	EXP 	mask_img1_2: autoDraw = False
192.1899 	EXP 	mask_img1_2: autoDraw = False
192.1899 	EXP 	image_2: image = 'stimuli/jacket/jacket_44.jpg'
192.1899 	EXP 	image_2: autoDraw = True
193.1991 	EXP 	image_2: autoDraw = False
193.1991 	EXP 	image_2: autoDraw = False
193.1991 	EXP 	mask_img2_2: autoDraw = True
193.4493 	EXP 	mask_img2_2: autoDraw = False
193.4493 	EXP 	fix_cross_reflretr: autoDraw = True
195.3958 	INFO 	Keyboard events cleared
195.4148 	INFO 	Keyboard events cleared
195.4146 	EXP 	fix_cross_reflretr: autoDraw = False
195.4146 	EXP 	fix_cross_reflretr: autoDraw = False
195.4146 	EXP 	yes_txt: text = 'ja'
195.4146 	EXP 	no_txt: text = 'nein'
195.4146 	EXP 	chooseNowText_2: height = 0.025
195.4146 	EXP 	chooseNowText_2: height = 0.025
195.4146 	EXP 	chooseNowText_2: height = 0.025
195.4146 	EXP 	polygon_6: autoDraw = True
195.4146 	EXP 	yes_txt: autoDraw = True
195.4146 	EXP 	no_txt: autoDraw = True
195.4146 	EXP 	chooseNowText_2: autoDraw = True
197.4145 	EXP 	chooseNowText_2: height = 0.025
197.4145 	EXP 	chooseNowText_2: height = 0.025
197.4145 	EXP 	chooseNowText_2: height = 0.025
197.4310 	EXP 	chooseNowText_2: height = 0.025
197.4310 	EXP 	chooseNowText_2: height = 0.025
197.4310 	EXP 	chooseNowText_2: height = 0.025
197.4477 	EXP 	chooseNowText_2: height = 0.025
197.4477 	EXP 	chooseNowText_2: height = 0.025
197.4477 	EXP 	chooseNowText_2: height = 0.025
197.4645 	EXP 	chooseNowText_2: height = 0.025
197.4645 	EXP 	chooseNowText_2: height = 0.025
197.4645 	EXP 	chooseNowText_2: height = 0.025
197.4810 	EXP 	chooseNowText_2: height = 0.025
197.4810 	EXP 	chooseNowText_2: height = 0.025
197.4810 	EXP 	chooseNowText_2: height = 0.025
197.4978 	EXP 	chooseNowText_2: height = 0.025
197.4978 	EXP 	chooseNowText_2: height = 0.025
197.4978 	EXP 	chooseNowText_2: height = 0.025
197.5143 	EXP 	chooseNowText_2: height = 0.025
197.5143 	EXP 	chooseNowText_2: height = 0.025
197.5143 	EXP 	chooseNowText_2: height = 0.025
197.5313 	EXP 	chooseNowText_2: height = 0.025
197.5313 	EXP 	chooseNowText_2: height = 0.025
197.5313 	EXP 	chooseNowText_2: height = 0.025
197.5478 	EXP 	chooseNowText_2: height = 0.025
197.5478 	EXP 	chooseNowText_2: height = 0.025
197.5478 	EXP 	chooseNowText_2: height = 0.025
197.5644 	EXP 	chooseNowText_2: height = 0.025
197.5644 	EXP 	chooseNowText_2: height = 0.025
197.5644 	EXP 	chooseNowText_2: height = 0.025
197.5810 	EXP 	chooseNowText_2: height = 0.025
197.5810 	EXP 	chooseNowText_2: height = 0.025
197.5810 	EXP 	chooseNowText_2: height = 0.025
197.5979 	EXP 	chooseNowText_2: height = 0.025
197.5979 	EXP 	chooseNowText_2: height = 0.025
197.5979 	EXP 	chooseNowText_2: height = 0.025
197.6143 	EXP 	chooseNowText_2: height = 0.025
197.6143 	EXP 	chooseNowText_2: height = 0.025
197.6143 	EXP 	chooseNowText_2: height = 0.025
197.6310 	EXP 	chooseNowText_2: height = 0.025
197.6310 	EXP 	chooseNowText_2: height = 0.025
197.6310 	EXP 	chooseNowText_2: height = 0.025
197.6483 	EXP 	chooseNowText_2: height = 0.025
197.6483 	EXP 	chooseNowText_2: height = 0.025
197.6483 	EXP 	chooseNowText_2: height = 0.025
197.6644 	EXP 	chooseNowText_2: height = 0.025
197.6644 	EXP 	chooseNowText_2: height = 0.025
197.6644 	EXP 	chooseNowText_2: height = 0.025
197.6811 	EXP 	chooseNowText_2: height = 0.025
197.6811 	EXP 	chooseNowText_2: height = 0.025
197.6811 	EXP 	chooseNowText_2: height = 0.025
197.6976 	EXP 	chooseNowText_2: height = 0.025
197.6976 	EXP 	chooseNowText_2: height = 0.025
197.6976 	EXP 	chooseNowText_2: height = 0.025
197.7143 	EXP 	chooseNowText_2: height = 0.025
197.7143 	EXP 	chooseNowText_2: height = 0.025
197.7143 	EXP 	chooseNowText_2: height = 0.025
197.7311 	EXP 	chooseNowText_2: height = 0.025
197.7311 	EXP 	chooseNowText_2: height = 0.025
197.7311 	EXP 	chooseNowText_2: height = 0.025
197.7476 	EXP 	chooseNowText_2: height = 0.025
197.7476 	EXP 	chooseNowText_2: height = 0.025
197.7476 	EXP 	chooseNowText_2: height = 0.025
197.7643 	EXP 	chooseNowText_2: height = 0.025
197.7643 	EXP 	chooseNowText_2: height = 0.025
197.7643 	EXP 	chooseNowText_2: height = 0.025
197.7809 	EXP 	chooseNowText_2: height = 0.025
197.7809 	EXP 	chooseNowText_2: height = 0.025
197.7809 	EXP 	chooseNowText_2: height = 0.025
197.7976 	EXP 	chooseNowText_2: height = 0.025
197.7976 	EXP 	chooseNowText_2: height = 0.025
197.7976 	EXP 	chooseNowText_2: height = 0.025
197.8143 	EXP 	chooseNowText_2: height = 0.025
197.8143 	EXP 	chooseNowText_2: height = 0.025
197.8143 	EXP 	chooseNowText_2: height = 0.025
197.8309 	EXP 	chooseNowText_2: height = 0.025
197.8309 	EXP 	chooseNowText_2: height = 0.025
197.8309 	EXP 	chooseNowText_2: height = 0.025
197.8476 	EXP 	chooseNowText_2: height = 0.025
197.8476 	EXP 	chooseNowText_2: height = 0.025
197.8476 	EXP 	chooseNowText_2: height = 0.025
197.8644 	EXP 	chooseNowText_2: height = 0.025
197.8644 	EXP 	chooseNowText_2: height = 0.025
197.8644 	EXP 	chooseNowText_2: height = 0.025
197.8809 	EXP 	chooseNowText_2: height = 0.025
197.8809 	EXP 	chooseNowText_2: height = 0.025
197.8809 	EXP 	chooseNowText_2: height = 0.025
197.8976 	EXP 	chooseNowText_2: height = 0.025
197.8976 	EXP 	chooseNowText_2: height = 0.025
197.8976 	EXP 	chooseNowText_2: height = 0.025
197.9145 	EXP 	chooseNowText_2: height = 0.025
197.9145 	EXP 	chooseNowText_2: height = 0.025
197.9145 	EXP 	chooseNowText_2: height = 0.025
197.9310 	EXP 	chooseNowText_2: height = 0.025
197.9310 	EXP 	chooseNowText_2: height = 0.025
197.9310 	EXP 	chooseNowText_2: height = 0.025
197.9476 	EXP 	chooseNowText_2: height = 0.025
197.9476 	EXP 	chooseNowText_2: height = 0.025
197.9476 	EXP 	chooseNowText_2: height = 0.025
197.9644 	EXP 	chooseNowText_2: height = 0.025
197.9644 	EXP 	chooseNowText_2: height = 0.025
197.9644 	EXP 	chooseNowText_2: height = 0.025
197.9810 	EXP 	chooseNowText_2: height = 0.025
197.9810 	EXP 	chooseNowText_2: height = 0.025
197.9810 	EXP 	chooseNowText_2: height = 0.025
197.9979 	EXP 	chooseNowText_2: height = 0.025
197.9979 	EXP 	chooseNowText_2: height = 0.025
197.9979 	EXP 	chooseNowText_2: height = 0.025
198.0142 	EXP 	chooseNowText_2: height = 0.025
198.0142 	EXP 	chooseNowText_2: height = 0.025
198.0142 	EXP 	chooseNowText_2: height = 0.025
198.0309 	EXP 	chooseNowText_2: height = 0.025
198.0309 	EXP 	chooseNowText_2: height = 0.025
198.0309 	EXP 	chooseNowText_2: height = 0.025
198.0478 	EXP 	chooseNowText_2: height = 0.025
198.0478 	EXP 	chooseNowText_2: height = 0.025
198.0478 	EXP 	chooseNowText_2: height = 0.025
198.0642 	EXP 	chooseNowText_2: height = 0.025
198.0642 	EXP 	chooseNowText_2: height = 0.025
198.0642 	EXP 	chooseNowText_2: height = 0.025
198.0809 	EXP 	chooseNowText_2: height = 0.025
198.0809 	EXP 	chooseNowText_2: height = 0.025
198.0809 	EXP 	chooseNowText_2: height = 0.025
198.0976 	EXP 	chooseNowText_2: height = 0.025
198.0976 	EXP 	chooseNowText_2: height = 0.025
198.0976 	EXP 	chooseNowText_2: height = 0.025
198.1142 	EXP 	chooseNowText_2: height = 0.025
198.1142 	EXP 	chooseNowText_2: height = 0.025
198.1142 	EXP 	chooseNowText_2: height = 0.025
198.1309 	EXP 	chooseNowText_2: height = 0.025
198.1309 	EXP 	chooseNowText_2: height = 0.025
198.1309 	EXP 	chooseNowText_2: height = 0.025
198.1479 	EXP 	chooseNowText_2: height = 0.025
198.1479 	EXP 	chooseNowText_2: height = 0.025
198.1479 	EXP 	chooseNowText_2: height = 0.025
198.1643 	EXP 	chooseNowText_2: height = 0.025
198.1643 	EXP 	chooseNowText_2: height = 0.025
198.1643 	EXP 	chooseNowText_2: height = 0.025
198.1810 	EXP 	chooseNowText_2: height = 0.025
198.1810 	EXP 	chooseNowText_2: height = 0.025
198.1810 	EXP 	chooseNowText_2: height = 0.025
198.1975 	EXP 	chooseNowText_2: height = 0.025
198.1975 	EXP 	chooseNowText_2: height = 0.025
198.1975 	EXP 	chooseNowText_2: height = 0.025
198.2140 	EXP 	chooseNowText_2: height = 0.025
198.2140 	EXP 	chooseNowText_2: height = 0.025
198.2140 	EXP 	chooseNowText_2: height = 0.025
198.2308 	EXP 	chooseNowText_2: height = 0.025
198.2308 	EXP 	chooseNowText_2: height = 0.025
198.2308 	EXP 	chooseNowText_2: height = 0.025
198.2475 	EXP 	chooseNowText_2: height = 0.025
198.2475 	EXP 	chooseNowText_2: height = 0.025
198.2475 	EXP 	chooseNowText_2: height = 0.025
198.2642 	EXP 	chooseNowText_2: height = 0.025
198.2642 	EXP 	chooseNowText_2: height = 0.025
198.2642 	EXP 	chooseNowText_2: height = 0.025
198.2807 	EXP 	chooseNowText_2: height = 0.025
198.2807 	EXP 	chooseNowText_2: height = 0.025
198.2807 	EXP 	chooseNowText_2: height = 0.025
198.2975 	EXP 	chooseNowText_2: height = 0.025
198.2975 	EXP 	chooseNowText_2: height = 0.025
198.2975 	EXP 	chooseNowText_2: height = 0.025
198.3143 	EXP 	chooseNowText_2: height = 0.025
198.3143 	EXP 	chooseNowText_2: height = 0.025
198.3143 	EXP 	chooseNowText_2: height = 0.025
198.3308 	EXP 	chooseNowText_2: height = 0.025
198.3308 	EXP 	chooseNowText_2: height = 0.025
198.3308 	EXP 	chooseNowText_2: height = 0.025
198.3476 	EXP 	chooseNowText_2: height = 0.025
198.3476 	EXP 	chooseNowText_2: height = 0.025
198.3476 	EXP 	chooseNowText_2: height = 0.025
198.3644 	EXP 	chooseNowText_2: height = 0.025
198.3644 	EXP 	chooseNowText_2: height = 0.025
198.3644 	EXP 	chooseNowText_2: height = 0.025
198.3809 	EXP 	chooseNowText_2: height = 0.025
198.3809 	EXP 	chooseNowText_2: height = 0.025
198.3809 	EXP 	chooseNowText_2: height = 0.025
198.3975 	EXP 	chooseNowText_2: height = 0.025
198.3975 	EXP 	chooseNowText_2: height = 0.025
198.3975 	EXP 	chooseNowText_2: height = 0.025
198.4142 	EXP 	yes_txt: autoDraw = False
198.4142 	EXP 	no_txt: autoDraw = False
198.4142 	EXP 	chooseNowText_2: height = 0.025
198.4142 	EXP 	chooseNowText_2: height = 0.025
198.4142 	EXP 	chooseNowText_2: height = 0.025
198.4142 	EXP 	polygon_6: autoDraw = False
198.4142 	EXP 	yes_txt: autoDraw = False
198.4142 	EXP 	no_txt: autoDraw = False
198.4142 	EXP 	chooseNowText_2: autoDraw = False
198.4142 	EXP 	tooSlowtext_4: height = 0.025
198.4142 	EXP 	tooSlowtext_4: height = 0.025
198.4142 	EXP 	tooSlowtext_4: height = 0.025
198.4142 	EXP 	tooSlowtext_4: text = ''
198.4142 	EXP 	tooSlowtext_4: height = 0.025
198.4142 	EXP 	tooSlowtext_4: height = 0.025
198.4142 	EXP 	tooSlowtext_4: height = 0.025
198.4142 	EXP 	tooSlowtext_4: text = 'Zu langsam. Sie müssen schneller antworten.'
198.4142 	EXP 	tooSlowtext_4: autoDraw = True
198.8998 	INFO 	Keyboard events cleared
198.9300 	EXP 	tooSlowtext_4: autoDraw = False
198.9300 	EXP 	tooSlowtext_4: autoDraw = False
198.9300 	EXP 	chooseNowText_3: height = 0.025
198.9300 	EXP 	chooseNowText_3: height = 0.025
198.9300 	EXP 	chooseNowText_3: height = 0.025
198.9300 	EXP 	opt_2: foreColor = <psychopy.colors.Color: white, alpha=1.0>
198.9300 	EXP 	opt_3: foreColor = <psychopy.colors.Color: white, alpha=1.0>
198.9300 	EXP 	opt_4: foreColor = <psychopy.colors.Color: white, alpha=1.0>
198.9300 	EXP 	opt_5: foreColor = <psychopy.colors.Color: white, alpha=1.0>
198.9300 	EXP 	chooseNowText_3: autoDraw = True
198.9300 	EXP 	opt_2: autoDraw = True
198.9300 	EXP 	opt_3: autoDraw = True
198.9300 	EXP 	opt_4: autoDraw = True
198.9300 	EXP 	opt_5: autoDraw = True
199.4136 	INFO 	Keyboard events cleared
200.9298 	EXP 	chooseNowText_3: height = 0.025
200.9298 	EXP 	chooseNowText_3: height = 0.025
200.9298 	EXP 	chooseNowText_3: height = 0.025
200.9468 	EXP 	chooseNowText_3: height = 0.025
200.9468 	EXP 	chooseNowText_3: height = 0.025
200.9468 	EXP 	chooseNowText_3: height = 0.025
200.9634 	EXP 	chooseNowText_3: height = 0.025
200.9634 	EXP 	chooseNowText_3: height = 0.025
200.9634 	EXP 	chooseNowText_3: height = 0.025
200.9800 	EXP 	chooseNowText_3: height = 0.025
200.9800 	EXP 	chooseNowText_3: height = 0.025
200.9800 	EXP 	chooseNowText_3: height = 0.025
200.9971 	EXP 	chooseNowText_3: height = 0.025
200.9971 	EXP 	chooseNowText_3: height = 0.025
200.9971 	EXP 	chooseNowText_3: height = 0.025
201.0132 	EXP 	chooseNowText_3: height = 0.025
201.0132 	EXP 	chooseNowText_3: height = 0.025
201.0132 	EXP 	chooseNowText_3: height = 0.025
201.0303 	EXP 	chooseNowText_3: height = 0.025
201.0303 	EXP 	chooseNowText_3: height = 0.025
201.0303 	EXP 	chooseNowText_3: height = 0.025
201.0466 	EXP 	chooseNowText_3: height = 0.025
201.0466 	EXP 	chooseNowText_3: height = 0.025
201.0466 	EXP 	chooseNowText_3: height = 0.025
201.0631 	EXP 	chooseNowText_3: height = 0.025
201.0631 	EXP 	chooseNowText_3: height = 0.025
201.0631 	EXP 	chooseNowText_3: height = 0.025
201.0798 	EXP 	chooseNowText_3: height = 0.025
201.0798 	EXP 	chooseNowText_3: height = 0.025
201.0798 	EXP 	chooseNowText_3: height = 0.025
201.0967 	EXP 	chooseNowText_3: height = 0.025
201.0967 	EXP 	chooseNowText_3: height = 0.025
201.0967 	EXP 	chooseNowText_3: height = 0.025
201.1133 	EXP 	chooseNowText_3: height = 0.025
201.1133 	EXP 	chooseNowText_3: height = 0.025
201.1133 	EXP 	chooseNowText_3: height = 0.025
201.1299 	EXP 	chooseNowText_3: height = 0.025
201.1299 	EXP 	chooseNowText_3: height = 0.025
201.1299 	EXP 	chooseNowText_3: height = 0.025
201.1465 	EXP 	chooseNowText_3: height = 0.025
201.1465 	EXP 	chooseNowText_3: height = 0.025
201.1465 	EXP 	chooseNowText_3: height = 0.025
201.1631 	EXP 	chooseNowText_3: height = 0.025
201.1631 	EXP 	chooseNowText_3: height = 0.025
201.1631 	EXP 	chooseNowText_3: height = 0.025
201.1799 	EXP 	chooseNowText_3: height = 0.025
201.1799 	EXP 	chooseNowText_3: height = 0.025
201.1799 	EXP 	chooseNowText_3: height = 0.025
201.1963 	EXP 	chooseNowText_3: height = 0.025
201.1963 	EXP 	chooseNowText_3: height = 0.025
201.1963 	EXP 	chooseNowText_3: height = 0.025
201.2129 	EXP 	chooseNowText_3: height = 0.025
201.2129 	EXP 	chooseNowText_3: height = 0.025
201.2129 	EXP 	chooseNowText_3: height = 0.025
201.2298 	EXP 	chooseNowText_3: height = 0.025
201.2298 	EXP 	chooseNowText_3: height = 0.025
201.2298 	EXP 	chooseNowText_3: height = 0.025
201.2462 	EXP 	chooseNowText_3: height = 0.025
201.2462 	EXP 	chooseNowText_3: height = 0.025
201.2462 	EXP 	chooseNowText_3: height = 0.025
201.2630 	EXP 	chooseNowText_3: height = 0.025
201.2630 	EXP 	chooseNowText_3: height = 0.025
201.2630 	EXP 	chooseNowText_3: height = 0.025
201.2801 	EXP 	chooseNowText_3: height = 0.025
201.2801 	EXP 	chooseNowText_3: height = 0.025
201.2801 	EXP 	chooseNowText_3: height = 0.025
201.2965 	EXP 	chooseNowText_3: height = 0.025
201.2965 	EXP 	chooseNowText_3: height = 0.025
201.2965 	EXP 	chooseNowText_3: height = 0.025
201.3132 	EXP 	chooseNowText_3: height = 0.025
201.3132 	EXP 	chooseNowText_3: height = 0.025
201.3132 	EXP 	chooseNowText_3: height = 0.025
201.3298 	EXP 	chooseNowText_3: height = 0.025
201.3298 	EXP 	chooseNowText_3: height = 0.025
201.3298 	EXP 	chooseNowText_3: height = 0.025
201.3466 	EXP 	chooseNowText_3: height = 0.025
201.3466 	EXP 	chooseNowText_3: height = 0.025
201.3466 	EXP 	chooseNowText_3: height = 0.025
201.3632 	EXP 	chooseNowText_3: height = 0.025
201.3632 	EXP 	chooseNowText_3: height = 0.025
201.3632 	EXP 	chooseNowText_3: height = 0.025
201.3799 	EXP 	chooseNowText_3: height = 0.025
201.3799 	EXP 	chooseNowText_3: height = 0.025
201.3799 	EXP 	chooseNowText_3: height = 0.025
201.3964 	EXP 	chooseNowText_3: height = 0.025
201.3964 	EXP 	chooseNowText_3: height = 0.025
201.3964 	EXP 	chooseNowText_3: height = 0.025
201.4133 	EXP 	chooseNowText_3: height = 0.025
201.4133 	EXP 	chooseNowText_3: height = 0.025
201.4133 	EXP 	chooseNowText_3: height = 0.025
201.4297 	EXP 	chooseNowText_3: height = 0.025
201.4297 	EXP 	chooseNowText_3: height = 0.025
201.4297 	EXP 	chooseNowText_3: height = 0.025
201.4464 	EXP 	chooseNowText_3: height = 0.025
201.4464 	EXP 	chooseNowText_3: height = 0.025
201.4464 	EXP 	chooseNowText_3: height = 0.025
201.4631 	EXP 	chooseNowText_3: height = 0.025
201.4631 	EXP 	chooseNowText_3: height = 0.025
201.4631 	EXP 	chooseNowText_3: height = 0.025
201.4800 	EXP 	chooseNowText_3: height = 0.025
201.4800 	EXP 	chooseNowText_3: height = 0.025
201.4800 	EXP 	chooseNowText_3: height = 0.025
201.4969 	EXP 	chooseNowText_3: height = 0.025
201.4969 	EXP 	chooseNowText_3: height = 0.025
201.4969 	EXP 	chooseNowText_3: height = 0.025
201.5136 	EXP 	chooseNowText_3: height = 0.025
201.5136 	EXP 	chooseNowText_3: height = 0.025
201.5136 	EXP 	chooseNowText_3: height = 0.025
201.5301 	EXP 	chooseNowText_3: height = 0.025
201.5301 	EXP 	chooseNowText_3: height = 0.025
201.5301 	EXP 	chooseNowText_3: height = 0.025
201.5469 	EXP 	chooseNowText_3: height = 0.025
201.5469 	EXP 	chooseNowText_3: height = 0.025
201.5469 	EXP 	chooseNowText_3: height = 0.025
201.5634 	EXP 	chooseNowText_3: height = 0.025
201.5634 	EXP 	chooseNowText_3: height = 0.025
201.5634 	EXP 	chooseNowText_3: height = 0.025
201.5800 	EXP 	chooseNowText_3: height = 0.025
201.5800 	EXP 	chooseNowText_3: height = 0.025
201.5800 	EXP 	chooseNowText_3: height = 0.025
201.5967 	EXP 	chooseNowText_3: height = 0.025
201.5967 	EXP 	chooseNowText_3: height = 0.025
201.5967 	EXP 	chooseNowText_3: height = 0.025
201.6132 	EXP 	chooseNowText_3: height = 0.025
201.6132 	EXP 	chooseNowText_3: height = 0.025
201.6132 	EXP 	chooseNowText_3: height = 0.025
201.6300 	EXP 	chooseNowText_3: height = 0.025
201.6300 	EXP 	chooseNowText_3: height = 0.025
201.6300 	EXP 	chooseNowText_3: height = 0.025
201.6467 	EXP 	chooseNowText_3: height = 0.025
201.6467 	EXP 	chooseNowText_3: height = 0.025
201.6467 	EXP 	chooseNowText_3: height = 0.025
201.6631 	EXP 	chooseNowText_3: height = 0.025
201.6631 	EXP 	chooseNowText_3: height = 0.025
201.6631 	EXP 	chooseNowText_3: height = 0.025
201.6799 	EXP 	chooseNowText_3: height = 0.025
201.6799 	EXP 	chooseNowText_3: height = 0.025
201.6799 	EXP 	chooseNowText_3: height = 0.025
201.6969 	EXP 	chooseNowText_3: height = 0.025
201.6969 	EXP 	chooseNowText_3: height = 0.025
201.6969 	EXP 	chooseNowText_3: height = 0.025
201.7131 	EXP 	chooseNowText_3: height = 0.025
201.7131 	EXP 	chooseNowText_3: height = 0.025
201.7131 	EXP 	chooseNowText_3: height = 0.025
201.7299 	EXP 	chooseNowText_3: height = 0.025
201.7299 	EXP 	chooseNowText_3: height = 0.025
201.7299 	EXP 	chooseNowText_3: height = 0.025
201.7464 	EXP 	chooseNowText_3: height = 0.025
201.7464 	EXP 	chooseNowText_3: height = 0.025
201.7464 	EXP 	chooseNowText_3: height = 0.025
201.7634 	EXP 	chooseNowText_3: height = 0.025
201.7634 	EXP 	chooseNowText_3: height = 0.025
201.7634 	EXP 	chooseNowText_3: height = 0.025
201.7798 	EXP 	chooseNowText_3: height = 0.025
201.7798 	EXP 	chooseNowText_3: height = 0.025
201.7798 	EXP 	chooseNowText_3: height = 0.025
201.7963 	EXP 	chooseNowText_3: height = 0.025
201.7963 	EXP 	chooseNowText_3: height = 0.025
201.7963 	EXP 	chooseNowText_3: height = 0.025
201.8132 	EXP 	chooseNowText_3: height = 0.025
201.8132 	EXP 	chooseNowText_3: height = 0.025
201.8132 	EXP 	chooseNowText_3: height = 0.025
201.8296 	EXP 	chooseNowText_3: height = 0.025
201.8296 	EXP 	chooseNowText_3: height = 0.025
201.8296 	EXP 	chooseNowText_3: height = 0.025
201.8462 	EXP 	chooseNowText_3: height = 0.025
201.8462 	EXP 	chooseNowText_3: height = 0.025
201.8462 	EXP 	chooseNowText_3: height = 0.025
201.8629 	EXP 	chooseNowText_3: height = 0.025
201.8629 	EXP 	chooseNowText_3: height = 0.025
201.8629 	EXP 	chooseNowText_3: height = 0.025
201.8794 	EXP 	chooseNowText_3: height = 0.025
201.8794 	EXP 	chooseNowText_3: height = 0.025
201.8794 	EXP 	chooseNowText_3: height = 0.025
201.8963 	EXP 	chooseNowText_3: height = 0.025
201.8963 	EXP 	chooseNowText_3: height = 0.025
201.8963 	EXP 	chooseNowText_3: height = 0.025
201.9132 	EXP 	chooseNowText_3: height = 0.025
201.9132 	EXP 	chooseNowText_3: height = 0.025
201.9132 	EXP 	chooseNowText_3: height = 0.025
201.9297 	EXP 	chooseNowText_3: height = 0.025
201.9297 	EXP 	chooseNowText_3: height = 0.025
201.9297 	EXP 	chooseNowText_3: height = 0.025
201.9297 	EXP 	chooseNowText_3: autoDraw = False
201.9297 	EXP 	opt_2: autoDraw = False
201.9297 	EXP 	opt_3: autoDraw = False
201.9297 	EXP 	opt_4: autoDraw = False
201.9297 	EXP 	opt_5: autoDraw = False
201.9464 	EXP 	chooseNowText_3: height = 0.025
201.9464 	EXP 	chooseNowText_3: height = 0.025
201.9464 	EXP 	chooseNowText_3: height = 0.025
201.9631 	EXP 	chooseNowText_3: height = 0.025
201.9631 	EXP 	chooseNowText_3: height = 0.025
201.9631 	EXP 	chooseNowText_3: height = 0.025
201.9796 	EXP 	chooseNowText_3: height = 0.025
201.9796 	EXP 	chooseNowText_3: height = 0.025
201.9796 	EXP 	chooseNowText_3: height = 0.025
201.9963 	EXP 	chooseNowText_3: height = 0.025
201.9963 	EXP 	chooseNowText_3: height = 0.025
201.9963 	EXP 	chooseNowText_3: height = 0.025
202.0128 	EXP 	chooseNowText_3: height = 0.025
202.0128 	EXP 	chooseNowText_3: height = 0.025
202.0128 	EXP 	chooseNowText_3: height = 0.025
202.0295 	EXP 	chooseNowText_3: height = 0.025
202.0295 	EXP 	chooseNowText_3: height = 0.025
202.0295 	EXP 	chooseNowText_3: height = 0.025
202.0465 	EXP 	chooseNowText_3: height = 0.025
202.0465 	EXP 	chooseNowText_3: height = 0.025
202.0465 	EXP 	chooseNowText_3: height = 0.025
202.0628 	EXP 	chooseNowText_3: height = 0.025
202.0628 	EXP 	chooseNowText_3: height = 0.025
202.0628 	EXP 	chooseNowText_3: height = 0.025
202.0796 	EXP 	chooseNowText_3: height = 0.025
202.0796 	EXP 	chooseNowText_3: height = 0.025
202.0796 	EXP 	chooseNowText_3: height = 0.025
202.0963 	EXP 	chooseNowText_3: height = 0.025
202.0963 	EXP 	chooseNowText_3: height = 0.025
202.0963 	EXP 	chooseNowText_3: height = 0.025
202.1128 	EXP 	chooseNowText_3: height = 0.025
202.1128 	EXP 	chooseNowText_3: height = 0.025
202.1128 	EXP 	chooseNowText_3: height = 0.025
202.1295 	EXP 	chooseNowText_3: height = 0.025
202.1295 	EXP 	chooseNowText_3: height = 0.025
202.1295 	EXP 	chooseNowText_3: height = 0.025
202.1461 	EXP 	chooseNowText_3: height = 0.025
202.1461 	EXP 	chooseNowText_3: height = 0.025
202.1461 	EXP 	chooseNowText_3: height = 0.025
202.1628 	EXP 	chooseNowText_3: height = 0.025
202.1628 	EXP 	chooseNowText_3: height = 0.025
202.1628 	EXP 	chooseNowText_3: height = 0.025
202.1795 	EXP 	chooseNowText_3: height = 0.025
202.1795 	EXP 	chooseNowText_3: height = 0.025
202.1795 	EXP 	chooseNowText_3: height = 0.025
202.1962 	EXP 	chooseNowText_3: height = 0.025
202.1962 	EXP 	chooseNowText_3: height = 0.025
202.1962 	EXP 	chooseNowText_3: height = 0.025
202.2128 	EXP 	chooseNowText_3: height = 0.025
202.2128 	EXP 	chooseNowText_3: height = 0.025
202.2128 	EXP 	chooseNowText_3: height = 0.025
202.2293 	EXP 	chooseNowText_3: height = 0.025
202.2293 	EXP 	chooseNowText_3: height = 0.025
202.2293 	EXP 	chooseNowText_3: height = 0.025
202.2462 	EXP 	chooseNowText_3: height = 0.025
202.2462 	EXP 	chooseNowText_3: height = 0.025
202.2462 	EXP 	chooseNowText_3: height = 0.025
202.2629 	EXP 	chooseNowText_3: height = 0.025
202.2629 	EXP 	chooseNowText_3: height = 0.025
202.2629 	EXP 	chooseNowText_3: height = 0.025
202.2793 	EXP 	chooseNowText_3: height = 0.025
202.2793 	EXP 	chooseNowText_3: height = 0.025
202.2793 	EXP 	chooseNowText_3: height = 0.025
202.2965 	EXP 	chooseNowText_3: height = 0.025
202.2965 	EXP 	chooseNowText_3: height = 0.025
202.2965 	EXP 	chooseNowText_3: height = 0.025
202.3131 	EXP 	chooseNowText_3: height = 0.025
202.3131 	EXP 	chooseNowText_3: height = 0.025
202.3131 	EXP 	chooseNowText_3: height = 0.025
202.3294 	EXP 	chooseNowText_3: height = 0.025
202.3294 	EXP 	chooseNowText_3: height = 0.025
202.3294 	EXP 	chooseNowText_3: height = 0.025
202.3461 	EXP 	chooseNowText_3: height = 0.025
202.3461 	EXP 	chooseNowText_3: height = 0.025
202.3461 	EXP 	chooseNowText_3: height = 0.025
202.3626 	EXP 	chooseNowText_3: height = 0.025
202.3626 	EXP 	chooseNowText_3: height = 0.025
202.3626 	EXP 	chooseNowText_3: height = 0.025
202.3793 	EXP 	chooseNowText_3: height = 0.025
202.3793 	EXP 	chooseNowText_3: height = 0.025
202.3793 	EXP 	chooseNowText_3: height = 0.025
202.3961 	EXP 	chooseNowText_3: height = 0.025
202.3961 	EXP 	chooseNowText_3: height = 0.025
202.3961 	EXP 	chooseNowText_3: height = 0.025
202.4127 	EXP 	chooseNowText_3: height = 0.025
202.4127 	EXP 	chooseNowText_3: height = 0.025
202.4127 	EXP 	chooseNowText_3: height = 0.025
202.4127 	EXP 	chooseNowText_3: autoDraw = False
202.4127 	EXP 	opt_2: autoDraw = False
202.4127 	EXP 	opt_3: autoDraw = False
202.4127 	EXP 	opt_4: autoDraw = False
202.4127 	EXP 	opt_5: autoDraw = False
202.4127 	EXP 	tooSlowtext_2: height = 0.025
202.4127 	EXP 	tooSlowtext_2: height = 0.025
202.4127 	EXP 	tooSlowtext_2: height = 0.025
202.4127 	EXP 	tooSlowtext_2: text = ''
202.4127 	EXP 	tooSlowtext_2: height = 0.025
202.4127 	EXP 	tooSlowtext_2: height = 0.025
202.4127 	EXP 	tooSlowtext_2: height = 0.025
202.4127 	EXP 	tooSlowtext_2: text = 'Zu langsam. Sie müssen schneller antworten.'
202.4127 	EXP 	tooSlowtext_2: autoDraw = True
202.8985 	EXP 	New trial (rep=0, index=7): <Trial 7 (7 in rep 0) data={'learningSeq': 'A', 'block': 'block1', 'runIndexWithinSeq': 1, 'miniblockWithinRun': 1, 'coupleIndexWithinRoute': 7, 'img_first': 'stimuli/hammer/hammer_16.jpg', 'img_second': 'stimuli/chair/chair_11.jpg', 'img_third': None, 'distance_correct': 3, 'trial_type': 1, 'opt_left': 'no', 'opt_right': 'yes', 'correct_side': 'left', 'correct_key': 'left', 'is_yes': 0, 'image_dur_retr': 1.2, 'fix_dur_retr': 0.2, 'iti_dur_retr': 0.42, 'reflection_win_dur': 1.97, 'routeIndexWithinBlock': 1, 'seqOfRoute': 'A', 'retrIm1Trig': 7, 'retrIm2Trig': 4, 'thisN': 7, 'thisTrialN': 7, 'thisRepN': 0}>
202.9125 	EXP 	tooSlowtext_2: autoDraw = False
202.9125 	EXP 	tooSlowtext_2: autoDraw = False
202.9125 	EXP 	fix_cross_retrbegin_2: text = '+'
202.9125 	EXP 	fix_cross_retrbegin_2: autoDraw = True
203.3669 	EXP 	fix_cross_retrbegin_2: autoDraw = False
203.3669 	EXP 	fix_cross_retrbegin_2: autoDraw = False
203.3669 	EXP 	image_1: image = 'stimuli/hammer/hammer_16.jpg'
203.3669 	EXP 	image_1: autoDraw = True
204.3790 	EXP 	image_1: autoDraw = False
204.3790 	EXP 	image_1: autoDraw = False
204.3790 	EXP 	mask_img1_2: autoDraw = True
204.6501 	EXP 	mask_img1_2: autoDraw = False
204.6501 	EXP 	mask_img1_2: autoDraw = False
204.6501 	EXP 	image_2: image = 'stimuli/chair/chair_11.jpg'
204.6501 	EXP 	image_2: autoDraw = True
205.6620 	EXP 	image_2: autoDraw = False
205.6620 	EXP 	image_2: autoDraw = False
205.6620 	EXP 	mask_img2_2: autoDraw = True
205.9120 	EXP 	mask_img2_2: autoDraw = False
205.9120 	EXP 	mask_img2_2: autoDraw = False
205.9120 	EXP 	fix_cross_reflretr: autoDraw = True
207.8912 	INFO 	Keyboard events cleared
207.9107 	INFO 	Keyboard events cleared
207.9106 	EXP 	fix_cross_reflretr: autoDraw = False
207.9106 	EXP 	fix_cross_reflretr: autoDraw = False
207.9106 	EXP 	yes_txt: text = 'ja'
207.9106 	EXP 	no_txt: text = 'nein'
207.9106 	EXP 	chooseNowText_2: height = 0.025
207.9106 	EXP 	chooseNowText_2: height = 0.025
207.9106 	EXP 	chooseNowText_2: height = 0.025
207.9106 	EXP 	polygon_6: autoDraw = True
207.9106 	EXP 	yes_txt: autoDraw = True
207.9106 	EXP 	no_txt: autoDraw = True
207.9106 	EXP 	chooseNowText_2: autoDraw = True
209.9103 	EXP 	chooseNowText_2: height = 0.025
209.9103 	EXP 	chooseNowText_2: height = 0.025
209.9103 	EXP 	chooseNowText_2: height = 0.025
209.9270 	EXP 	chooseNowText_2: height = 0.025
209.9270 	EXP 	chooseNowText_2: height = 0.025
209.9270 	EXP 	chooseNowText_2: height = 0.025
209.9439 	EXP 	chooseNowText_2: height = 0.025
209.9439 	EXP 	chooseNowText_2: height = 0.025
209.9439 	EXP 	chooseNowText_2: height = 0.025
209.9608 	EXP 	chooseNowText_2: height = 0.025
209.9608 	EXP 	chooseNowText_2: height = 0.025
209.9608 	EXP 	chooseNowText_2: height = 0.025
209.9770 	EXP 	chooseNowText_2: height = 0.025
209.9770 	EXP 	chooseNowText_2: height = 0.025
209.9770 	EXP 	chooseNowText_2: height = 0.025
209.9939 	EXP 	chooseNowText_2: height = 0.025
209.9939 	EXP 	chooseNowText_2: height = 0.025
209.9939 	EXP 	chooseNowText_2: height = 0.025
210.0103 	EXP 	chooseNowText_2: height = 0.025
210.0103 	EXP 	chooseNowText_2: height = 0.025
210.0103 	EXP 	chooseNowText_2: height = 0.025
210.0271 	EXP 	chooseNowText_2: height = 0.025
210.0271 	EXP 	chooseNowText_2: height = 0.025
210.0271 	EXP 	chooseNowText_2: height = 0.025
210.0434 	EXP 	chooseNowText_2: height = 0.025
210.0434 	EXP 	chooseNowText_2: height = 0.025
210.0434 	EXP 	chooseNowText_2: height = 0.025
210.0609 	EXP 	chooseNowText_2: height = 0.025
210.0609 	EXP 	chooseNowText_2: height = 0.025
210.0609 	EXP 	chooseNowText_2: height = 0.025
210.0771 	EXP 	chooseNowText_2: height = 0.025
210.0771 	EXP 	chooseNowText_2: height = 0.025
210.0771 	EXP 	chooseNowText_2: height = 0.025
210.0935 	EXP 	chooseNowText_2: height = 0.025
210.0935 	EXP 	chooseNowText_2: height = 0.025
210.0935 	EXP 	chooseNowText_2: height = 0.025
210.1102 	EXP 	chooseNowText_2: height = 0.025
210.1102 	EXP 	chooseNowText_2: height = 0.025
210.1102 	EXP 	chooseNowText_2: height = 0.025
210.1270 	EXP 	chooseNowText_2: height = 0.025
210.1270 	EXP 	chooseNowText_2: height = 0.025
210.1270 	EXP 	chooseNowText_2: height = 0.025
210.1443 	EXP 	chooseNowText_2: height = 0.025
210.1443 	EXP 	chooseNowText_2: height = 0.025
210.1443 	EXP 	chooseNowText_2: height = 0.025
210.1603 	EXP 	chooseNowText_2: height = 0.025
210.1603 	EXP 	chooseNowText_2: height = 0.025
210.1603 	EXP 	chooseNowText_2: height = 0.025
210.1768 	EXP 	chooseNowText_2: height = 0.025
210.1768 	EXP 	chooseNowText_2: height = 0.025
210.1768 	EXP 	chooseNowText_2: height = 0.025
210.1934 	EXP 	chooseNowText_2: height = 0.025
210.1934 	EXP 	chooseNowText_2: height = 0.025
210.1934 	EXP 	chooseNowText_2: height = 0.025
210.2100 	EXP 	chooseNowText_2: height = 0.025
210.2100 	EXP 	chooseNowText_2: height = 0.025
210.2100 	EXP 	chooseNowText_2: height = 0.025
210.2269 	EXP 	chooseNowText_2: height = 0.025
210.2269 	EXP 	chooseNowText_2: height = 0.025
210.2269 	EXP 	chooseNowText_2: height = 0.025
210.2438 	EXP 	chooseNowText_2: height = 0.025
210.2438 	EXP 	chooseNowText_2: height = 0.025
210.2438 	EXP 	chooseNowText_2: height = 0.025
210.2604 	EXP 	chooseNowText_2: height = 0.025
210.2604 	EXP 	chooseNowText_2: height = 0.025
210.2604 	EXP 	chooseNowText_2: height = 0.025
210.2775 	EXP 	chooseNowText_2: height = 0.025
210.2775 	EXP 	chooseNowText_2: height = 0.025
210.2775 	EXP 	chooseNowText_2: height = 0.025
210.2939 	EXP 	chooseNowText_2: height = 0.025
210.2939 	EXP 	chooseNowText_2: height = 0.025
210.2939 	EXP 	chooseNowText_2: height = 0.025
210.3106 	EXP 	chooseNowText_2: height = 0.025
210.3106 	EXP 	chooseNowText_2: height = 0.025
210.3106 	EXP 	chooseNowText_2: height = 0.025
210.3268 	EXP 	chooseNowText_2: height = 0.025
210.3268 	EXP 	chooseNowText_2: height = 0.025
210.3268 	EXP 	chooseNowText_2: height = 0.025
210.3440 	EXP 	chooseNowText_2: height = 0.025
210.3440 	EXP 	chooseNowText_2: height = 0.025
210.3440 	EXP 	chooseNowText_2: height = 0.025
210.3603 	EXP 	chooseNowText_2: height = 0.025
210.3603 	EXP 	chooseNowText_2: height = 0.025
210.3603 	EXP 	chooseNowText_2: height = 0.025
210.3768 	EXP 	chooseNowText_2: height = 0.025
210.3768 	EXP 	chooseNowText_2: height = 0.025
210.3768 	EXP 	chooseNowText_2: height = 0.025
210.3937 	EXP 	chooseNowText_2: height = 0.025
210.3937 	EXP 	chooseNowText_2: height = 0.025
210.3937 	EXP 	chooseNowText_2: height = 0.025
210.4100 	EXP 	chooseNowText_2: height = 0.025
210.4100 	EXP 	chooseNowText_2: height = 0.025
210.4100 	EXP 	chooseNowText_2: height = 0.025
210.4267 	EXP 	chooseNowText_2: height = 0.025
210.4267 	EXP 	chooseNowText_2: height = 0.025
210.4267 	EXP 	chooseNowText_2: height = 0.025
210.4439 	EXP 	chooseNowText_2: height = 0.025
210.4439 	EXP 	chooseNowText_2: height = 0.025
210.4439 	EXP 	chooseNowText_2: height = 0.025
210.4602 	EXP 	chooseNowText_2: height = 0.025
210.4602 	EXP 	chooseNowText_2: height = 0.025
210.4602 	EXP 	chooseNowText_2: height = 0.025
210.4766 	EXP 	chooseNowText_2: height = 0.025
210.4766 	EXP 	chooseNowText_2: height = 0.025
210.4766 	EXP 	chooseNowText_2: height = 0.025
210.4931 	EXP 	chooseNowText_2: height = 0.025
210.4931 	EXP 	chooseNowText_2: height = 0.025
210.4931 	EXP 	chooseNowText_2: height = 0.025
210.5103 	EXP 	chooseNowText_2: height = 0.025
210.5103 	EXP 	chooseNowText_2: height = 0.025
210.5103 	EXP 	chooseNowText_2: height = 0.025
210.5266 	EXP 	chooseNowText_2: height = 0.025
210.5266 	EXP 	chooseNowText_2: height = 0.025
210.5266 	EXP 	chooseNowText_2: height = 0.025
210.5434 	EXP 	chooseNowText_2: height = 0.025
210.5434 	EXP 	chooseNowText_2: height = 0.025
210.5434 	EXP 	chooseNowText_2: height = 0.025
210.5600 	EXP 	chooseNowText_2: height = 0.025
210.5600 	EXP 	chooseNowText_2: height = 0.025
210.5600 	EXP 	chooseNowText_2: height = 0.025
210.5765 	EXP 	chooseNowText_2: height = 0.025
210.5765 	EXP 	chooseNowText_2: height = 0.025
210.5765 	EXP 	chooseNowText_2: height = 0.025
210.5934 	EXP 	chooseNowText_2: height = 0.025
210.5934 	EXP 	chooseNowText_2: height = 0.025
210.5934 	EXP 	chooseNowText_2: height = 0.025
210.6101 	EXP 	chooseNowText_2: height = 0.025
210.6101 	EXP 	chooseNowText_2: height = 0.025
210.6101 	EXP 	chooseNowText_2: height = 0.025
210.6267 	EXP 	chooseNowText_2: height = 0.025
210.6267 	EXP 	chooseNowText_2: height = 0.025
210.6267 	EXP 	chooseNowText_2: height = 0.025
210.6433 	EXP 	chooseNowText_2: height = 0.025
210.6433 	EXP 	chooseNowText_2: height = 0.025
210.6433 	EXP 	chooseNowText_2: height = 0.025
210.6603 	EXP 	chooseNowText_2: height = 0.025
210.6603 	EXP 	chooseNowText_2: height = 0.025
210.6603 	EXP 	chooseNowText_2: height = 0.025
210.6767 	EXP 	chooseNowText_2: height = 0.025
210.6767 	EXP 	chooseNowText_2: height = 0.025
210.6767 	EXP 	chooseNowText_2: height = 0.025
210.6933 	EXP 	chooseNowText_2: height = 0.025
210.6933 	EXP 	chooseNowText_2: height = 0.025
210.6933 	EXP 	chooseNowText_2: height = 0.025
210.7101 	EXP 	chooseNowText_2: height = 0.025
210.7101 	EXP 	chooseNowText_2: height = 0.025
210.7101 	EXP 	chooseNowText_2: height = 0.025
210.7267 	EXP 	chooseNowText_2: height = 0.025
210.7267 	EXP 	chooseNowText_2: height = 0.025
210.7267 	EXP 	chooseNowText_2: height = 0.025
210.7434 	EXP 	chooseNowText_2: height = 0.025
210.7434 	EXP 	chooseNowText_2: height = 0.025
210.7434 	EXP 	chooseNowText_2: height = 0.025
210.7602 	EXP 	chooseNowText_2: height = 0.025
210.7602 	EXP 	chooseNowText_2: height = 0.025
210.7602 	EXP 	chooseNowText_2: height = 0.025
210.7765 	EXP 	chooseNowText_2: height = 0.025
210.7765 	EXP 	chooseNowText_2: height = 0.025
210.7765 	EXP 	chooseNowText_2: height = 0.025
210.7935 	EXP 	chooseNowText_2: height = 0.025
210.7935 	EXP 	chooseNowText_2: height = 0.025
210.7935 	EXP 	chooseNowText_2: height = 0.025
210.8097 	EXP 	chooseNowText_2: height = 0.025
210.8097 	EXP 	chooseNowText_2: height = 0.025
210.8097 	EXP 	chooseNowText_2: height = 0.025
210.8266 	EXP 	chooseNowText_2: height = 0.025
210.8266 	EXP 	chooseNowText_2: height = 0.025
210.8266 	EXP 	chooseNowText_2: height = 0.025
210.8431 	EXP 	chooseNowText_2: height = 0.025
210.8431 	EXP 	chooseNowText_2: height = 0.025
210.8431 	EXP 	chooseNowText_2: height = 0.025
210.8601 	EXP 	chooseNowText_2: height = 0.025
210.8601 	EXP 	chooseNowText_2: height = 0.025
210.8601 	EXP 	chooseNowText_2: height = 0.025
210.8766 	EXP 	chooseNowText_2: height = 0.025
210.8766 	EXP 	chooseNowText_2: height = 0.025
210.8766 	EXP 	chooseNowText_2: height = 0.025
210.8930 	EXP 	chooseNowText_2: height = 0.025
210.8930 	EXP 	chooseNowText_2: height = 0.025
210.8930 	EXP 	chooseNowText_2: height = 0.025
210.9098 	EXP 	yes_txt: autoDraw = False
210.9098 	EXP 	no_txt: autoDraw = False
210.9098 	EXP 	chooseNowText_2: height = 0.025
210.9098 	EXP 	chooseNowText_2: height = 0.025
210.9098 	EXP 	chooseNowText_2: height = 0.025
210.9098 	EXP 	polygon_6: autoDraw = False
210.9098 	EXP 	yes_txt: autoDraw = False
210.9098 	EXP 	no_txt: autoDraw = False
210.9098 	EXP 	chooseNowText_2: autoDraw = False
210.9098 	EXP 	tooSlowtext_4: height = 0.025
210.9098 	EXP 	tooSlowtext_4: height = 0.025
210.9098 	EXP 	tooSlowtext_4: height = 0.025
210.9098 	EXP 	tooSlowtext_4: text = ''
210.9098 	EXP 	tooSlowtext_4: height = 0.025
210.9098 	EXP 	tooSlowtext_4: height = 0.025
210.9098 	EXP 	tooSlowtext_4: height = 0.025
210.9098 	EXP 	tooSlowtext_4: text = 'Zu langsam. Sie müssen schneller antworten.'
210.9098 	EXP 	tooSlowtext_4: autoDraw = True
211.3949 	INFO 	Keyboard events cleared
211.4262 	EXP 	tooSlowtext_4: autoDraw = False
211.4262 	EXP 	tooSlowtext_4: autoDraw = False
211.4262 	EXP 	chooseNowText_3: height = 0.025
211.4262 	EXP 	chooseNowText_3: height = 0.025
211.4262 	EXP 	chooseNowText_3: height = 0.025
211.4262 	EXP 	opt_2: foreColor = <psychopy.colors.Color: white, alpha=1.0>
211.4262 	EXP 	opt_3: foreColor = <psychopy.colors.Color: white, alpha=1.0>
211.4262 	EXP 	opt_4: foreColor = <psychopy.colors.Color: white, alpha=1.0>
211.4262 	EXP 	opt_5: foreColor = <psychopy.colors.Color: white, alpha=1.0>
211.4262 	EXP 	chooseNowText_3: autoDraw = True
211.4262 	EXP 	opt_2: autoDraw = True
211.4262 	EXP 	opt_3: autoDraw = True
211.4262 	EXP 	opt_4: autoDraw = True
211.4262 	EXP 	opt_5: autoDraw = True
211.9098 	INFO 	Keyboard events cleared
213.4096 	EXP 	chooseNowText_3: height = 0.025
213.4096 	EXP 	chooseNowText_3: height = 0.025
213.4096 	EXP 	chooseNowText_3: height = 0.025
213.4265 	EXP 	chooseNowText_3: height = 0.025
213.4265 	EXP 	chooseNowText_3: height = 0.025
213.4265 	EXP 	chooseNowText_3: height = 0.025
213.4428 	EXP 	chooseNowText_3: height = 0.025
213.4428 	EXP 	chooseNowText_3: height = 0.025
213.4428 	EXP 	chooseNowText_3: height = 0.025
213.4591 	EXP 	chooseNowText_3: height = 0.025
213.4591 	EXP 	chooseNowText_3: height = 0.025
213.4591 	EXP 	chooseNowText_3: height = 0.025
213.4758 	EXP 	chooseNowText_3: height = 0.025
213.4758 	EXP 	chooseNowText_3: height = 0.025
213.4758 	EXP 	chooseNowText_3: height = 0.025
213.4927 	EXP 	chooseNowText_3: height = 0.025
213.4927 	EXP 	chooseNowText_3: height = 0.025
213.4927 	EXP 	chooseNowText_3: height = 0.025
213.5091 	EXP 	chooseNowText_3: height = 0.025
213.5091 	EXP 	chooseNowText_3: height = 0.025
213.5091 	EXP 	chooseNowText_3: height = 0.025
213.5259 	EXP 	chooseNowText_3: height = 0.025
213.5259 	EXP 	chooseNowText_3: height = 0.025
213.5259 	EXP 	chooseNowText_3: height = 0.025
213.5428 	EXP 	chooseNowText_3: height = 0.025
213.5428 	EXP 	chooseNowText_3: height = 0.025
213.5428 	EXP 	chooseNowText_3: height = 0.025
213.5593 	EXP 	chooseNowText_3: height = 0.025
213.5593 	EXP 	chooseNowText_3: height = 0.025
213.5593 	EXP 	chooseNowText_3: height = 0.025
213.5759 	EXP 	chooseNowText_3: height = 0.025
213.5759 	EXP 	chooseNowText_3: height = 0.025
213.5759 	EXP 	chooseNowText_3: height = 0.025
213.5925 	EXP 	chooseNowText_3: height = 0.025
213.5925 	EXP 	chooseNowText_3: height = 0.025
213.5925 	EXP 	chooseNowText_3: height = 0.025
213.6091 	EXP 	chooseNowText_3: height = 0.025
213.6091 	EXP 	chooseNowText_3: height = 0.025
213.6091 	EXP 	chooseNowText_3: height = 0.025
213.6260 	EXP 	chooseNowText_3: height = 0.025
213.6260 	EXP 	chooseNowText_3: height = 0.025
213.6260 	EXP 	chooseNowText_3: height = 0.025
213.6424 	EXP 	chooseNowText_3: height = 0.025
213.6424 	EXP 	chooseNowText_3: height = 0.025
213.6424 	EXP 	chooseNowText_3: height = 0.025
213.6593 	EXP 	chooseNowText_3: height = 0.025
213.6593 	EXP 	chooseNowText_3: height = 0.025
213.6593 	EXP 	chooseNowText_3: height = 0.025
213.6756 	EXP 	chooseNowText_3: height = 0.025
213.6756 	EXP 	chooseNowText_3: height = 0.025
213.6756 	EXP 	chooseNowText_3: height = 0.025
213.6925 	EXP 	chooseNowText_3: height = 0.025
213.6925 	EXP 	chooseNowText_3: height = 0.025
213.6925 	EXP 	chooseNowText_3: height = 0.025
213.7096 	EXP 	chooseNowText_3: height = 0.025
213.7096 	EXP 	chooseNowText_3: height = 0.025
213.7096 	EXP 	chooseNowText_3: height = 0.025
213.7255 	EXP 	chooseNowText_3: height = 0.025
213.7255 	EXP 	chooseNowText_3: height = 0.025
213.7255 	EXP 	chooseNowText_3: height = 0.025
213.7422 	EXP 	chooseNowText_3: height = 0.025
213.7422 	EXP 	chooseNowText_3: height = 0.025
213.7422 	EXP 	chooseNowText_3: height = 0.025
213.7591 	EXP 	chooseNowText_3: height = 0.025
213.7591 	EXP 	chooseNowText_3: height = 0.025
213.7591 	EXP 	chooseNowText_3: height = 0.025
213.7756 	EXP 	chooseNowText_3: height = 0.025
213.7756 	EXP 	chooseNowText_3: height = 0.025
213.7756 	EXP 	chooseNowText_3: height = 0.025
213.7925 	EXP 	chooseNowText_3: height = 0.025
213.7925 	EXP 	chooseNowText_3: height = 0.025
213.7925 	EXP 	chooseNowText_3: height = 0.025
213.8093 	EXP 	chooseNowText_3: height = 0.025
213.8093 	EXP 	chooseNowText_3: height = 0.025
213.8093 	EXP 	chooseNowText_3: height = 0.025
213.8259 	EXP 	chooseNowText_3: height = 0.025
213.8259 	EXP 	chooseNowText_3: height = 0.025
213.8259 	EXP 	chooseNowText_3: height = 0.025
213.8426 	EXP 	chooseNowText_3: height = 0.025
213.8426 	EXP 	chooseNowText_3: height = 0.025
213.8426 	EXP 	chooseNowText_3: height = 0.025
213.8594 	EXP 	chooseNowText_3: height = 0.025
213.8594 	EXP 	chooseNowText_3: height = 0.025
213.8594 	EXP 	chooseNowText_3: height = 0.025
213.8758 	EXP 	chooseNowText_3: height = 0.025
213.8758 	EXP 	chooseNowText_3: height = 0.025
213.8758 	EXP 	chooseNowText_3: height = 0.025
213.8925 	EXP 	chooseNowText_3: height = 0.025
213.8925 	EXP 	chooseNowText_3: height = 0.025
213.8925 	EXP 	chooseNowText_3: height = 0.025
213.9090 	EXP 	chooseNowText_3: height = 0.025
213.9090 	EXP 	chooseNowText_3: height = 0.025
213.9090 	EXP 	chooseNowText_3: height = 0.025
213.9257 	EXP 	chooseNowText_3: height = 0.025
213.9257 	EXP 	chooseNowText_3: height = 0.025
213.9257 	EXP 	chooseNowText_3: height = 0.025
213.9425 	EXP 	chooseNowText_3: height = 0.025
213.9425 	EXP 	chooseNowText_3: height = 0.025
213.9425 	EXP 	chooseNowText_3: height = 0.025
213.9592 	EXP 	chooseNowText_3: height = 0.025
213.9592 	EXP 	chooseNowText_3: height = 0.025
213.9592 	EXP 	chooseNowText_3: height = 0.025
213.9757 	EXP 	chooseNowText_3: height = 0.025
213.9757 	EXP 	chooseNowText_3: height = 0.025
213.9757 	EXP 	chooseNowText_3: height = 0.025
213.9921 	EXP 	chooseNowText_3: height = 0.025
213.9921 	EXP 	chooseNowText_3: height = 0.025
213.9921 	EXP 	chooseNowText_3: height = 0.025
214.0089 	EXP 	chooseNowText_3: height = 0.025
214.0089 	EXP 	chooseNowText_3: height = 0.025
214.0089 	EXP 	chooseNowText_3: height = 0.025
214.0256 	EXP 	chooseNowText_3: height = 0.025
214.0256 	EXP 	chooseNowText_3: height = 0.025
214.0256 	EXP 	chooseNowText_3: height = 0.025
214.0423 	EXP 	chooseNowText_3: height = 0.025
214.0423 	EXP 	chooseNowText_3: height = 0.025
214.0423 	EXP 	chooseNowText_3: height = 0.025
214.0588 	EXP 	chooseNowText_3: height = 0.025
214.0588 	EXP 	chooseNowText_3: height = 0.025
214.0588 	EXP 	chooseNowText_3: height = 0.025
214.0757 	EXP 	chooseNowText_3: height = 0.025
214.0757 	EXP 	chooseNowText_3: height = 0.025
214.0757 	EXP 	chooseNowText_3: height = 0.025
214.0922 	EXP 	chooseNowText_3: height = 0.025
214.0922 	EXP 	chooseNowText_3: height = 0.025
214.0922 	EXP 	chooseNowText_3: height = 0.025
214.1089 	EXP 	chooseNowText_3: height = 0.025
214.1089 	EXP 	chooseNowText_3: height = 0.025
214.1089 	EXP 	chooseNowText_3: height = 0.025
214.1258 	EXP 	chooseNowText_3: height = 0.025
214.1258 	EXP 	chooseNowText_3: height = 0.025
214.1258 	EXP 	chooseNowText_3: height = 0.025
214.1423 	EXP 	chooseNowText_3: height = 0.025
214.1423 	EXP 	chooseNowText_3: height = 0.025
214.1423 	EXP 	chooseNowText_3: height = 0.025
214.1589 	EXP 	chooseNowText_3: height = 0.025
214.1589 	EXP 	chooseNowText_3: height = 0.025
214.1589 	EXP 	chooseNowText_3: height = 0.025
214.1754 	EXP 	chooseNowText_3: height = 0.025
214.1754 	EXP 	chooseNowText_3: height = 0.025
214.1754 	EXP 	chooseNowText_3: height = 0.025
214.1922 	EXP 	chooseNowText_3: height = 0.025
214.1922 	EXP 	chooseNowText_3: height = 0.025
214.1922 	EXP 	chooseNowText_3: height = 0.025
214.2088 	EXP 	chooseNowText_3: height = 0.025
214.2088 	EXP 	chooseNowText_3: height = 0.025
214.2088 	EXP 	chooseNowText_3: height = 0.025
214.2259 	EXP 	chooseNowText_3: height = 0.025
214.2259 	EXP 	chooseNowText_3: height = 0.025
214.2259 	EXP 	chooseNowText_3: height = 0.025
214.2423 	EXP 	chooseNowText_3: height = 0.025
214.2423 	EXP 	chooseNowText_3: height = 0.025
214.2423 	EXP 	chooseNowText_3: height = 0.025
214.2587 	EXP 	chooseNowText_3: height = 0.025
214.2587 	EXP 	chooseNowText_3: height = 0.025
214.2587 	EXP 	chooseNowText_3: height = 0.025
214.2755 	EXP 	chooseNowText_3: height = 0.025
214.2755 	EXP 	chooseNowText_3: height = 0.025
214.2755 	EXP 	chooseNowText_3: height = 0.025
214.2923 	EXP 	chooseNowText_3: height = 0.025
214.2923 	EXP 	chooseNowText_3: height = 0.025
214.2923 	EXP 	chooseNowText_3: height = 0.025
214.3093 	EXP 	chooseNowText_3: height = 0.025
214.3093 	EXP 	chooseNowText_3: height = 0.025
214.3093 	EXP 	chooseNowText_3: height = 0.025
214.3257 	EXP 	chooseNowText_3: height = 0.025
214.3257 	EXP 	chooseNowText_3: height = 0.025
214.3257 	EXP 	chooseNowText_3: height = 0.025
214.3424 	EXP 	chooseNowText_3: height = 0.025
214.3424 	EXP 	chooseNowText_3: height = 0.025
214.3424 	EXP 	chooseNowText_3: height = 0.025
214.3587 	EXP 	chooseNowText_3: height = 0.025
214.3587 	EXP 	chooseNowText_3: height = 0.025
214.3587 	EXP 	chooseNowText_3: height = 0.025
214.3754 	EXP 	chooseNowText_3: height = 0.025
214.3754 	EXP 	chooseNowText_3: height = 0.025
214.3754 	EXP 	chooseNowText_3: height = 0.025
214.3919 	EXP 	chooseNowText_3: height = 0.025
214.3919 	EXP 	chooseNowText_3: height = 0.025
214.3919 	EXP 	chooseNowText_3: height = 0.025
214.4085 	EXP 	chooseNowText_3: height = 0.025
214.4085 	EXP 	chooseNowText_3: height = 0.025
214.4085 	EXP 	chooseNowText_3: height = 0.025
214.4256 	EXP 	chooseNowText_3: height = 0.025
214.4256 	EXP 	chooseNowText_3: height = 0.025
214.4256 	EXP 	chooseNowText_3: height = 0.025
214.4419 	EXP 	chooseNowText_3: height = 0.025
214.4419 	EXP 	chooseNowText_3: height = 0.025
214.4419 	EXP 	chooseNowText_3: height = 0.025
214.4419 	EXP 	chooseNowText_3: autoDraw = False
214.4419 	EXP 	opt_2: autoDraw = False
214.4419 	EXP 	opt_3: autoDraw = False
214.4419 	EXP 	opt_4: autoDraw = False
214.4419 	EXP 	opt_5: autoDraw = False
214.4590 	EXP 	chooseNowText_3: height = 0.025
214.4590 	EXP 	chooseNowText_3: height = 0.025
214.4590 	EXP 	chooseNowText_3: height = 0.025
214.4756 	EXP 	chooseNowText_3: height = 0.025
214.4756 	EXP 	chooseNowText_3: height = 0.025
214.4756 	EXP 	chooseNowText_3: height = 0.025
214.4921 	EXP 	chooseNowText_3: height = 0.025
214.4921 	EXP 	chooseNowText_3: height = 0.025
214.4921 	EXP 	chooseNowText_3: height = 0.025
214.5086 	EXP 	chooseNowText_3: height = 0.025
214.5086 	EXP 	chooseNowText_3: height = 0.025
214.5086 	EXP 	chooseNowText_3: height = 0.025
214.5258 	EXP 	chooseNowText_3: height = 0.025
214.5258 	EXP 	chooseNowText_3: height = 0.025
214.5258 	EXP 	chooseNowText_3: height = 0.025
214.5420 	EXP 	chooseNowText_3: height = 0.025
214.5420 	EXP 	chooseNowText_3: height = 0.025
214.5420 	EXP 	chooseNowText_3: height = 0.025
214.5590 	EXP 	chooseNowText_3: height = 0.025
214.5590 	EXP 	chooseNowText_3: height = 0.025
214.5590 	EXP 	chooseNowText_3: height = 0.025
214.5759 	EXP 	chooseNowText_3: height = 0.025
214.5759 	EXP 	chooseNowText_3: height = 0.025
214.5759 	EXP 	chooseNowText_3: height = 0.025
214.5928 	EXP 	chooseNowText_3: height = 0.025
214.5928 	EXP 	chooseNowText_3: height = 0.025
214.5928 	EXP 	chooseNowText_3: height = 0.025
214.6089 	EXP 	chooseNowText_3: height = 0.025
214.6089 	EXP 	chooseNowText_3: height = 0.025
214.6089 	EXP 	chooseNowText_3: height = 0.025
214.6258 	EXP 	chooseNowText_3: height = 0.025
214.6258 	EXP 	chooseNowText_3: height = 0.025
214.6258 	EXP 	chooseNowText_3: height = 0.025
214.6422 	EXP 	chooseNowText_3: height = 0.025
214.6422 	EXP 	chooseNowText_3: height = 0.025
214.6422 	EXP 	chooseNowText_3: height = 0.025
214.6589 	EXP 	chooseNowText_3: height = 0.025
214.6589 	EXP 	chooseNowText_3: height = 0.025
214.6589 	EXP 	chooseNowText_3: height = 0.025
214.6755 	EXP 	chooseNowText_3: height = 0.025
214.6755 	EXP 	chooseNowText_3: height = 0.025
214.6755 	EXP 	chooseNowText_3: height = 0.025
214.6927 	EXP 	chooseNowText_3: height = 0.025
214.6927 	EXP 	chooseNowText_3: height = 0.025
214.6927 	EXP 	chooseNowText_3: height = 0.025
214.7090 	EXP 	chooseNowText_3: height = 0.025
214.7090 	EXP 	chooseNowText_3: height = 0.025
214.7090 	EXP 	chooseNowText_3: height = 0.025
214.7254 	EXP 	chooseNowText_3: height = 0.025
214.7254 	EXP 	chooseNowText_3: height = 0.025
214.7254 	EXP 	chooseNowText_3: height = 0.025
214.7421 	EXP 	chooseNowText_3: height = 0.025
214.7421 	EXP 	chooseNowText_3: height = 0.025
214.7421 	EXP 	chooseNowText_3: height = 0.025
214.7584 	EXP 	chooseNowText_3: height = 0.025
214.7584 	EXP 	chooseNowText_3: height = 0.025
214.7584 	EXP 	chooseNowText_3: height = 0.025
214.7752 	EXP 	chooseNowText_3: height = 0.025
214.7752 	EXP 	chooseNowText_3: height = 0.025
214.7752 	EXP 	chooseNowText_3: height = 0.025
214.7923 	EXP 	chooseNowText_3: height = 0.025
214.7923 	EXP 	chooseNowText_3: height = 0.025
214.7923 	EXP 	chooseNowText_3: height = 0.025
214.8086 	EXP 	chooseNowText_3: height = 0.025
214.8086 	EXP 	chooseNowText_3: height = 0.025
214.8086 	EXP 	chooseNowText_3: height = 0.025
214.8254 	EXP 	chooseNowText_3: height = 0.025
214.8254 	EXP 	chooseNowText_3: height = 0.025
214.8254 	EXP 	chooseNowText_3: height = 0.025
214.8425 	EXP 	chooseNowText_3: height = 0.025
214.8425 	EXP 	chooseNowText_3: height = 0.025
214.8425 	EXP 	chooseNowText_3: height = 0.025
214.8594 	EXP 	chooseNowText_3: height = 0.025
214.8594 	EXP 	chooseNowText_3: height = 0.025
214.8594 	EXP 	chooseNowText_3: height = 0.025
214.8759 	EXP 	chooseNowText_3: height = 0.025
214.8759 	EXP 	chooseNowText_3: height = 0.025
214.8759 	EXP 	chooseNowText_3: height = 0.025
214.8925 	EXP 	chooseNowText_3: height = 0.025
214.8925 	EXP 	chooseNowText_3: height = 0.025
214.8925 	EXP 	chooseNowText_3: height = 0.025
214.9087 	EXP 	chooseNowText_3: height = 0.025
214.9087 	EXP 	chooseNowText_3: height = 0.025
214.9087 	EXP 	chooseNowText_3: height = 0.025
214.9087 	EXP 	chooseNowText_3: autoDraw = False
214.9087 	EXP 	opt_2: autoDraw = False
214.9087 	EXP 	opt_3: autoDraw = False
214.9087 	EXP 	opt_4: autoDraw = False
214.9087 	EXP 	opt_5: autoDraw = False
214.9087 	EXP 	tooSlowtext_2: height = 0.025
214.9087 	EXP 	tooSlowtext_2: height = 0.025
214.9087 	EXP 	tooSlowtext_2: height = 0.025
214.9087 	EXP 	tooSlowtext_2: text = ''
214.9087 	EXP 	tooSlowtext_2: height = 0.025
214.9087 	EXP 	tooSlowtext_2: height = 0.025
214.9087 	EXP 	tooSlowtext_2: height = 0.025
214.9087 	EXP 	tooSlowtext_2: text = 'Zu langsam. Sie müssen schneller antworten.'
214.9087 	EXP 	tooSlowtext_2: autoDraw = True
215.3946 	EXP 	New trial (rep=0, index=8): <Trial 8 (8 in rep 0) data={'learningSeq': 'A', 'block': 'block1', 'runIndexWithinSeq': 1, 'miniblockWithinRun': 2, 'coupleIndexWithinRoute': 8, 'img_first': 'stimuli/dog/dog_49.jpg', 'img_second': 'stimuli/hand/hand_16.jpg', 'img_third': None, 'distance_correct': 2, 'trial_type': 1, 'opt_left': 'yes', 'opt_right': 'no', 'correct_side': 'right', 'correct_key': 'right', 'is_yes': 0, 'image_dur_retr': 1.2, 'fix_dur_retr': 0.2, 'iti_dur_retr': 0.4, 'reflection_win_dur': 1.89, 'routeIndexWithinBlock': 1, 'seqOfRoute': 'A', 'retrIm1Trig': 5, 'retrIm2Trig': 8, 'thisN': 8, 'thisTrialN': 8, 'thisRepN': 0}>
215.4089 	EXP 	tooSlowtext_2: autoDraw = False
215.4089 	EXP 	tooSlowtext_2: autoDraw = False
215.4089 	EXP 	fix_cross_retrbegin_2: text = '+'
215.4089 	EXP 	fix_cross_retrbegin_2: autoDraw = True
215.8489 	EXP 	fix_cross_retrbegin_2: autoDraw = False
215.8489 	EXP 	fix_cross_retrbegin_2: autoDraw = False
215.8489 	EXP 	image_1: image = 'stimuli/dog/dog_49.jpg'
215.8489 	EXP 	image_1: autoDraw = True
216.8583 	EXP 	image_1: autoDraw = False
216.8583 	EXP 	image_1: autoDraw = False
216.8583 	EXP 	mask_img1_2: autoDraw = True
217.1271 	EXP 	mask_img1_2: autoDraw = False
217.1271 	EXP 	mask_img1_2: autoDraw = False
217.1271 	EXP 	image_2: image = 'stimuli/hand/hand_16.jpg'
217.1271 	EXP 	image_2: autoDraw = True
218.1412 	EXP 	image_2: autoDraw = False
218.1412 	EXP 	image_2: autoDraw = False
218.1412 	EXP 	mask_img2_2: autoDraw = True
218.3909 	EXP 	mask_img2_2: autoDraw = False
218.3909 	EXP 	mask_img2_2: autoDraw = False
218.3909 	EXP 	fix_cross_reflretr: autoDraw = True
220.2862 	INFO 	Keyboard events cleared
220.3066 	INFO 	Keyboard events cleared
220.3065 	EXP 	fix_cross_reflretr: autoDraw = False
220.3065 	EXP 	fix_cross_reflretr: autoDraw = False
220.3065 	EXP 	yes_txt: text = 'ja'
220.3065 	EXP 	no_txt: text = 'nein'
220.3065 	EXP 	chooseNowText_2: height = 0.025
220.3065 	EXP 	chooseNowText_2: height = 0.025
220.3065 	EXP 	chooseNowText_2: height = 0.025
220.3065 	EXP 	polygon_6: autoDraw = True
220.3065 	EXP 	yes_txt: autoDraw = True
220.3065 	EXP 	no_txt: autoDraw = True
220.3065 	EXP 	chooseNowText_2: autoDraw = True
222.3064 	EXP 	chooseNowText_2: height = 0.025
222.3064 	EXP 	chooseNowText_2: height = 0.025
222.3064 	EXP 	chooseNowText_2: height = 0.025
222.3228 	EXP 	chooseNowText_2: height = 0.025
222.3228 	EXP 	chooseNowText_2: height = 0.025
222.3228 	EXP 	chooseNowText_2: height = 0.025
222.3399 	EXP 	chooseNowText_2: height = 0.025
222.3399 	EXP 	chooseNowText_2: height = 0.025
222.3399 	EXP 	chooseNowText_2: height = 0.025
222.3565 	EXP 	chooseNowText_2: height = 0.025
222.3565 	EXP 	chooseNowText_2: height = 0.025
222.3565 	EXP 	chooseNowText_2: height = 0.025
222.3731 	EXP 	chooseNowText_2: height = 0.025
222.3731 	EXP 	chooseNowText_2: height = 0.025
222.3731 	EXP 	chooseNowText_2: height = 0.025
222.3901 	EXP 	chooseNowText_2: height = 0.025
222.3901 	EXP 	chooseNowText_2: height = 0.025
222.3901 	EXP 	chooseNowText_2: height = 0.025
222.4062 	EXP 	chooseNowText_2: height = 0.025
222.4062 	EXP 	chooseNowText_2: height = 0.025
222.4062 	EXP 	chooseNowText_2: height = 0.025
222.4228 	EXP 	chooseNowText_2: height = 0.025
222.4228 	EXP 	chooseNowText_2: height = 0.025
222.4228 	EXP 	chooseNowText_2: height = 0.025
222.4395 	EXP 	chooseNowText_2: height = 0.025
222.4395 	EXP 	chooseNowText_2: height = 0.025
222.4395 	EXP 	chooseNowText_2: height = 0.025
222.4564 	EXP 	chooseNowText_2: height = 0.025
222.4564 	EXP 	chooseNowText_2: height = 0.025
222.4564 	EXP 	chooseNowText_2: height = 0.025
222.4733 	EXP 	chooseNowText_2: height = 0.025
222.4733 	EXP 	chooseNowText_2: height = 0.025
222.4733 	EXP 	chooseNowText_2: height = 0.025
222.4901 	EXP 	chooseNowText_2: height = 0.025
222.4901 	EXP 	chooseNowText_2: height = 0.025
222.4901 	EXP 	chooseNowText_2: height = 0.025
222.5066 	EXP 	chooseNowText_2: height = 0.025
222.5066 	EXP 	chooseNowText_2: height = 0.025
222.5066 	EXP 	chooseNowText_2: height = 0.025
222.5234 	EXP 	chooseNowText_2: height = 0.025
222.5234 	EXP 	chooseNowText_2: height = 0.025
222.5234 	EXP 	chooseNowText_2: height = 0.025
222.5394 	EXP 	chooseNowText_2: height = 0.025
222.5394 	EXP 	chooseNowText_2: height = 0.025
222.5394 	EXP 	chooseNowText_2: height = 0.025
222.5563 	EXP 	chooseNowText_2: height = 0.025
222.5563 	EXP 	chooseNowText_2: height = 0.025
222.5563 	EXP 	chooseNowText_2: height = 0.025
222.5733 	EXP 	chooseNowText_2: height = 0.025
222.5733 	EXP 	chooseNowText_2: height = 0.025
222.5733 	EXP 	chooseNowText_2: height = 0.025
222.5893 	EXP 	chooseNowText_2: height = 0.025
222.5893 	EXP 	chooseNowText_2: height = 0.025
222.5893 	EXP 	chooseNowText_2: height = 0.025
222.6064 	EXP 	chooseNowText_2: height = 0.025
222.6064 	EXP 	chooseNowText_2: height = 0.025
222.6064 	EXP 	chooseNowText_2: height = 0.025
222.6231 	EXP 	chooseNowText_2: height = 0.025
222.6231 	EXP 	chooseNowText_2: height = 0.025
222.6231 	EXP 	chooseNowText_2: height = 0.025
222.6396 	EXP 	chooseNowText_2: height = 0.025
222.6396 	EXP 	chooseNowText_2: height = 0.025
222.6396 	EXP 	chooseNowText_2: height = 0.025
222.6564 	EXP 	chooseNowText_2: height = 0.025
222.6564 	EXP 	chooseNowText_2: height = 0.025
222.6564 	EXP 	chooseNowText_2: height = 0.025
222.6731 	EXP 	chooseNowText_2: height = 0.025
222.6731 	EXP 	chooseNowText_2: height = 0.025
222.6731 	EXP 	chooseNowText_2: height = 0.025
222.6896 	EXP 	chooseNowText_2: height = 0.025
222.6896 	EXP 	chooseNowText_2: height = 0.025
222.6896 	EXP 	chooseNowText_2: height = 0.025
222.7060 	EXP 	chooseNowText_2: height = 0.025
222.7060 	EXP 	chooseNowText_2: height = 0.025
222.7060 	EXP 	chooseNowText_2: height = 0.025
222.7229 	EXP 	chooseNowText_2: height = 0.025
222.7229 	EXP 	chooseNowText_2: height = 0.025
222.7229 	EXP 	chooseNowText_2: height = 0.025
222.7396 	EXP 	chooseNowText_2: height = 0.025
222.7396 	EXP 	chooseNowText_2: height = 0.025
222.7396 	EXP 	chooseNowText_2: height = 0.025
222.7564 	EXP 	chooseNowText_2: height = 0.025
222.7564 	EXP 	chooseNowText_2: height = 0.025
222.7564 	EXP 	chooseNowText_2: height = 0.025
222.7727 	EXP 	chooseNowText_2: height = 0.025
222.7727 	EXP 	chooseNowText_2: height = 0.025
222.7727 	EXP 	chooseNowText_2: height = 0.025
222.7896 	EXP 	chooseNowText_2: height = 0.025
222.7896 	EXP 	chooseNowText_2: height = 0.025
222.7896 	EXP 	chooseNowText_2: height = 0.025
222.8060 	EXP 	chooseNowText_2: height = 0.025
222.8060 	EXP 	chooseNowText_2: height = 0.025
222.8060 	EXP 	chooseNowText_2: height = 0.025
222.8229 	EXP 	chooseNowText_2: height = 0.025
222.8229 	EXP 	chooseNowText_2: height = 0.025
222.8229 	EXP 	chooseNowText_2: height = 0.025
222.8400 	EXP 	chooseNowText_2: height = 0.025
222.8400 	EXP 	chooseNowText_2: height = 0.025
222.8400 	EXP 	chooseNowText_2: height = 0.025
222.8562 	EXP 	chooseNowText_2: height = 0.025
222.8562 	EXP 	chooseNowText_2: height = 0.025
222.8562 	EXP 	chooseNowText_2: height = 0.025
222.8730 	EXP 	chooseNowText_2: height = 0.025
222.8730 	EXP 	chooseNowText_2: height = 0.025
222.8730 	EXP 	chooseNowText_2: height = 0.025
222.8897 	EXP 	chooseNowText_2: height = 0.025
222.8897 	EXP 	chooseNowText_2: height = 0.025
222.8897 	EXP 	chooseNowText_2: height = 0.025
222.9064 	EXP 	chooseNowText_2: height = 0.025
222.9064 	EXP 	chooseNowText_2: height = 0.025
222.9064 	EXP 	chooseNowText_2: height = 0.025
222.9232 	EXP 	chooseNowText_2: height = 0.025
222.9232 	EXP 	chooseNowText_2: height = 0.025
222.9232 	EXP 	chooseNowText_2: height = 0.025
222.9401 	EXP 	chooseNowText_2: height = 0.025
222.9401 	EXP 	chooseNowText_2: height = 0.025
222.9401 	EXP 	chooseNowText_2: height = 0.025
222.9568 	EXP 	chooseNowText_2: height = 0.025
222.9568 	EXP 	chooseNowText_2: height = 0.025
222.9568 	EXP 	chooseNowText_2: height = 0.025
222.9731 	EXP 	chooseNowText_2: height = 0.025
222.9731 	EXP 	chooseNowText_2: height = 0.025
222.9731 	EXP 	chooseNowText_2: height = 0.025
222.9895 	EXP 	chooseNowText_2: height = 0.025
222.9895 	EXP 	chooseNowText_2: height = 0.025
222.9895 	EXP 	chooseNowText_2: height = 0.025
223.0062 	EXP 	chooseNowText_2: height = 0.025
223.0062 	EXP 	chooseNowText_2: height = 0.025
223.0062 	EXP 	chooseNowText_2: height = 0.025
223.0229 	EXP 	chooseNowText_2: height = 0.025
223.0229 	EXP 	chooseNowText_2: height = 0.025
223.0229 	EXP 	chooseNowText_2: height = 0.025
223.0396 	EXP 	chooseNowText_2: height = 0.025
223.0396 	EXP 	chooseNowText_2: height = 0.025
223.0396 	EXP 	chooseNowText_2: height = 0.025
223.0563 	EXP 	chooseNowText_2: height = 0.025
223.0563 	EXP 	chooseNowText_2: height = 0.025
223.0563 	EXP 	chooseNowText_2: height = 0.025
223.0730 	EXP 	chooseNowText_2: height = 0.025
223.0730 	EXP 	chooseNowText_2: height = 0.025
223.0730 	EXP 	chooseNowText_2: height = 0.025
223.0894 	EXP 	chooseNowText_2: height = 0.025
223.0894 	EXP 	chooseNowText_2: height = 0.025
223.0894 	EXP 	chooseNowText_2: height = 0.025
223.1064 	EXP 	chooseNowText_2: height = 0.025
223.1064 	EXP 	chooseNowText_2: height = 0.025
223.1064 	EXP 	chooseNowText_2: height = 0.025
223.1228 	EXP 	chooseNowText_2: height = 0.025
223.1228 	EXP 	chooseNowText_2: height = 0.025
223.1228 	EXP 	chooseNowText_2: height = 0.025
223.1393 	EXP 	chooseNowText_2: height = 0.025
223.1393 	EXP 	chooseNowText_2: height = 0.025
223.1393 	EXP 	chooseNowText_2: height = 0.025
223.1564 	EXP 	chooseNowText_2: height = 0.025
223.1564 	EXP 	chooseNowText_2: height = 0.025
223.1564 	EXP 	chooseNowText_2: height = 0.025
223.1728 	EXP 	chooseNowText_2: height = 0.025
223.1728 	EXP 	chooseNowText_2: height = 0.025
223.1728 	EXP 	chooseNowText_2: height = 0.025
223.1895 	EXP 	chooseNowText_2: height = 0.025
223.1895 	EXP 	chooseNowText_2: height = 0.025
223.1895 	EXP 	chooseNowText_2: height = 0.025
223.2066 	EXP 	chooseNowText_2: height = 0.025
223.2066 	EXP 	chooseNowText_2: height = 0.025
223.2066 	EXP 	chooseNowText_2: height = 0.025
223.2231 	EXP 	chooseNowText_2: height = 0.025
223.2231 	EXP 	chooseNowText_2: height = 0.025
223.2231 	EXP 	chooseNowText_2: height = 0.025
223.2396 	EXP 	chooseNowText_2: height = 0.025
223.2396 	EXP 	chooseNowText_2: height = 0.025
223.2396 	EXP 	chooseNowText_2: height = 0.025
223.2564 	EXP 	chooseNowText_2: height = 0.025
223.2564 	EXP 	chooseNowText_2: height = 0.025
223.2564 	EXP 	chooseNowText_2: height = 0.025
223.2729 	EXP 	chooseNowText_2: height = 0.025
223.2729 	EXP 	chooseNowText_2: height = 0.025
223.2729 	EXP 	chooseNowText_2: height = 0.025
223.2897 	EXP 	chooseNowText_2: height = 0.025
223.2897 	EXP 	chooseNowText_2: height = 0.025
223.2897 	EXP 	chooseNowText_2: height = 0.025
223.3063 	EXP 	yes_txt: autoDraw = False
223.3063 	EXP 	no_txt: autoDraw = False
223.3063 	EXP 	chooseNowText_2: height = 0.025
223.3063 	EXP 	chooseNowText_2: height = 0.025
223.3063 	EXP 	chooseNowText_2: height = 0.025
223.3063 	EXP 	polygon_6: autoDraw = False
223.3063 	EXP 	yes_txt: autoDraw = False
223.3063 	EXP 	no_txt: autoDraw = False
223.3063 	EXP 	chooseNowText_2: autoDraw = False
223.3063 	EXP 	tooSlowtext_4: height = 0.025
223.3063 	EXP 	tooSlowtext_4: height = 0.025
223.3063 	EXP 	tooSlowtext_4: height = 0.025
223.3063 	EXP 	tooSlowtext_4: text = ''
223.3063 	EXP 	tooSlowtext_4: height = 0.025
223.3063 	EXP 	tooSlowtext_4: height = 0.025
223.3063 	EXP 	tooSlowtext_4: height = 0.025
223.3063 	EXP 	tooSlowtext_4: text = 'Zu langsam. Sie müssen schneller antworten.'
223.3063 	EXP 	tooSlowtext_4: autoDraw = True
223.7912 	INFO 	Keyboard events cleared
223.8221 	EXP 	tooSlowtext_4: autoDraw = False
223.8221 	EXP 	tooSlowtext_4: autoDraw = False
223.8221 	EXP 	chooseNowText_3: height = 0.025
223.8221 	EXP 	chooseNowText_3: height = 0.025
223.8221 	EXP 	chooseNowText_3: height = 0.025
223.8221 	EXP 	opt_2: foreColor = <psychopy.colors.Color: white, alpha=1.0>
223.8221 	EXP 	opt_3: foreColor = <psychopy.colors.Color: white, alpha=1.0>
223.8221 	EXP 	opt_4: foreColor = <psychopy.colors.Color: white, alpha=1.0>
223.8221 	EXP 	opt_5: foreColor = <psychopy.colors.Color: white, alpha=1.0>
223.8221 	EXP 	chooseNowText_3: autoDraw = True
223.8221 	EXP 	opt_2: autoDraw = True
223.8221 	EXP 	opt_3: autoDraw = True
223.8221 	EXP 	opt_4: autoDraw = True
223.8221 	EXP 	opt_5: autoDraw = True
224.3059 	INFO 	Keyboard events cleared
225.8056 	EXP 	chooseNowText_3: height = 0.025
225.8056 	EXP 	chooseNowText_3: height = 0.025
225.8056 	EXP 	chooseNowText_3: height = 0.025
225.8221 	EXP 	chooseNowText_3: height = 0.025
225.8221 	EXP 	chooseNowText_3: height = 0.025
225.8221 	EXP 	chooseNowText_3: height = 0.025
225.8390 	EXP 	chooseNowText_3: height = 0.025
225.8390 	EXP 	chooseNowText_3: height = 0.025
225.8390 	EXP 	chooseNowText_3: height = 0.025
225.8558 	EXP 	chooseNowText_3: height = 0.025
225.8558 	EXP 	chooseNowText_3: height = 0.025
225.8558 	EXP 	chooseNowText_3: height = 0.025
225.8721 	EXP 	chooseNowText_3: height = 0.025
225.8721 	EXP 	chooseNowText_3: height = 0.025
225.8721 	EXP 	chooseNowText_3: height = 0.025
225.8887 	EXP 	chooseNowText_3: height = 0.025
225.8887 	EXP 	chooseNowText_3: height = 0.025
225.8887 	EXP 	chooseNowText_3: height = 0.025
225.9053 	EXP 	chooseNowText_3: height = 0.025
225.9053 	EXP 	chooseNowText_3: height = 0.025
225.9053 	EXP 	chooseNowText_3: height = 0.025
225.9222 	EXP 	chooseNowText_3: height = 0.025
225.9222 	EXP 	chooseNowText_3: height = 0.025
225.9222 	EXP 	chooseNowText_3: height = 0.025
225.9388 	EXP 	chooseNowText_3: height = 0.025
225.9388 	EXP 	chooseNowText_3: height = 0.025
225.9388 	EXP 	chooseNowText_3: height = 0.025
225.9553 	EXP 	chooseNowText_3: height = 0.025
225.9553 	EXP 	chooseNowText_3: height = 0.025
225.9553 	EXP 	chooseNowText_3: height = 0.025
225.9720 	EXP 	chooseNowText_3: height = 0.025
225.9720 	EXP 	chooseNowText_3: height = 0.025
225.9720 	EXP 	chooseNowText_3: height = 0.025
225.9890 	EXP 	chooseNowText_3: height = 0.025
225.9890 	EXP 	chooseNowText_3: height = 0.025
225.9890 	EXP 	chooseNowText_3: height = 0.025
226.0053 	EXP 	chooseNowText_3: height = 0.025
226.0053 	EXP 	chooseNowText_3: height = 0.025
226.0053 	EXP 	chooseNowText_3: height = 0.025
226.0219 	EXP 	chooseNowText_3: height = 0.025
226.0219 	EXP 	chooseNowText_3: height = 0.025
226.0219 	EXP 	chooseNowText_3: height = 0.025
226.0384 	EXP 	chooseNowText_3: height = 0.025
226.0384 	EXP 	chooseNowText_3: height = 0.025
226.0384 	EXP 	chooseNowText_3: height = 0.025
226.0551 	EXP 	chooseNowText_3: height = 0.025
226.0551 	EXP 	chooseNowText_3: height = 0.025
226.0551 	EXP 	chooseNowText_3: height = 0.025
226.0721 	EXP 	chooseNowText_3: height = 0.025
226.0721 	EXP 	chooseNowText_3: height = 0.025
226.0721 	EXP 	chooseNowText_3: height = 0.025
226.0884 	EXP 	chooseNowText_3: height = 0.025
226.0884 	EXP 	chooseNowText_3: height = 0.025
226.0884 	EXP 	chooseNowText_3: height = 0.025
226.1053 	EXP 	chooseNowText_3: height = 0.025
226.1053 	EXP 	chooseNowText_3: height = 0.025
226.1053 	EXP 	chooseNowText_3: height = 0.025
226.1220 	EXP 	chooseNowText_3: height = 0.025
226.1220 	EXP 	chooseNowText_3: height = 0.025
226.1220 	EXP 	chooseNowText_3: height = 0.025
226.1391 	EXP 	chooseNowText_3: height = 0.025
226.1391 	EXP 	chooseNowText_3: height = 0.025
226.1391 	EXP 	chooseNowText_3: height = 0.025
226.1554 	EXP 	chooseNowText_3: height = 0.025
226.1554 	EXP 	chooseNowText_3: height = 0.025
226.1554 	EXP 	chooseNowText_3: height = 0.025
226.1719 	EXP 	chooseNowText_3: height = 0.025
226.1719 	EXP 	chooseNowText_3: height = 0.025
226.1719 	EXP 	chooseNowText_3: height = 0.025
226.1888 	EXP 	chooseNowText_3: height = 0.025
226.1888 	EXP 	chooseNowText_3: height = 0.025
226.1888 	EXP 	chooseNowText_3: height = 0.025
226.2054 	EXP 	chooseNowText_3: height = 0.025
226.2054 	EXP 	chooseNowText_3: height = 0.025
226.2054 	EXP 	chooseNowText_3: height = 0.025
226.2218 	EXP 	chooseNowText_3: height = 0.025
226.2218 	EXP 	chooseNowText_3: height = 0.025
226.2218 	EXP 	chooseNowText_3: height = 0.025
226.2385 	EXP 	chooseNowText_3: height = 0.025
226.2385 	EXP 	chooseNowText_3: height = 0.025
226.2385 	EXP 	chooseNowText_3: height = 0.025
226.2558 	EXP 	chooseNowText_3: height = 0.025
226.2558 	EXP 	chooseNowText_3: height = 0.025
226.2558 	EXP 	chooseNowText_3: height = 0.025
226.2720 	EXP 	chooseNowText_3: height = 0.025
226.2720 	EXP 	chooseNowText_3: height = 0.025
226.2720 	EXP 	chooseNowText_3: height = 0.025
226.2885 	EXP 	chooseNowText_3: height = 0.025
226.2885 	EXP 	chooseNowText_3: height = 0.025
226.2885 	EXP 	chooseNowText_3: height = 0.025
226.3051 	EXP 	chooseNowText_3: height = 0.025
226.3051 	EXP 	chooseNowText_3: height = 0.025
226.3051 	EXP 	chooseNowText_3: height = 0.025
226.3217 	EXP 	chooseNowText_3: height = 0.025
226.3217 	EXP 	chooseNowText_3: height = 0.025
226.3217 	EXP 	chooseNowText_3: height = 0.025
226.3384 	EXP 	chooseNowText_3: height = 0.025
226.3384 	EXP 	chooseNowText_3: height = 0.025
226.3384 	EXP 	chooseNowText_3: height = 0.025
226.3551 	EXP 	chooseNowText_3: height = 0.025
226.3551 	EXP 	chooseNowText_3: height = 0.025
226.3551 	EXP 	chooseNowText_3: height = 0.025
226.3721 	EXP 	chooseNowText_3: height = 0.025
226.3721 	EXP 	chooseNowText_3: height = 0.025
226.3721 	EXP 	chooseNowText_3: height = 0.025
226.3886 	EXP 	chooseNowText_3: height = 0.025
226.3886 	EXP 	chooseNowText_3: height = 0.025
226.3886 	EXP 	chooseNowText_3: height = 0.025
226.4052 	EXP 	chooseNowText_3: height = 0.025
226.4052 	EXP 	chooseNowText_3: height = 0.025
226.4052 	EXP 	chooseNowText_3: height = 0.025
226.4219 	EXP 	chooseNowText_3: height = 0.025
226.4219 	EXP 	chooseNowText_3: height = 0.025
226.4219 	EXP 	chooseNowText_3: height = 0.025
226.4383 	EXP 	chooseNowText_3: height = 0.025
226.4383 	EXP 	chooseNowText_3: height = 0.025
226.4383 	EXP 	chooseNowText_3: height = 0.025
226.4552 	EXP 	chooseNowText_3: height = 0.025
226.4552 	EXP 	chooseNowText_3: height = 0.025
226.4552 	EXP 	chooseNowText_3: height = 0.025
226.4719 	EXP 	chooseNowText_3: height = 0.025
226.4719 	EXP 	chooseNowText_3: height = 0.025
226.4719 	EXP 	chooseNowText_3: height = 0.025
226.4885 	EXP 	chooseNowText_3: height = 0.025
226.4885 	EXP 	chooseNowText_3: height = 0.025
226.4885 	EXP 	chooseNowText_3: height = 0.025
226.5052 	EXP 	chooseNowText_3: height = 0.025
226.5052 	EXP 	chooseNowText_3: height = 0.025
226.5052 	EXP 	chooseNowText_3: height = 0.025
226.5220 	EXP 	chooseNowText_3: height = 0.025
226.5220 	EXP 	chooseNowText_3: height = 0.025
226.5220 	EXP 	chooseNowText_3: height = 0.025
226.5385 	EXP 	chooseNowText_3: height = 0.025
226.5385 	EXP 	chooseNowText_3: height = 0.025
226.5385 	EXP 	chooseNowText_3: height = 0.025
226.5552 	EXP 	chooseNowText_3: height = 0.025
226.5552 	EXP 	chooseNowText_3: height = 0.025
226.5552 	EXP 	chooseNowText_3: height = 0.025
226.5722 	EXP 	chooseNowText_3: height = 0.025
226.5722 	EXP 	chooseNowText_3: height = 0.025
226.5722 	EXP 	chooseNowText_3: height = 0.025
226.5885 	EXP 	chooseNowText_3: height = 0.025
226.5885 	EXP 	chooseNowText_3: height = 0.025
226.5885 	EXP 	chooseNowText_3: height = 0.025
226.6053 	EXP 	chooseNowText_3: height = 0.025
226.6053 	EXP 	chooseNowText_3: height = 0.025
226.6053 	EXP 	chooseNowText_3: height = 0.025
226.6220 	EXP 	chooseNowText_3: height = 0.025
226.6220 	EXP 	chooseNowText_3: height = 0.025
226.6220 	EXP 	chooseNowText_3: height = 0.025
226.6391 	EXP 	chooseNowText_3: height = 0.025
226.6391 	EXP 	chooseNowText_3: height = 0.025
226.6391 	EXP 	chooseNowText_3: height = 0.025
226.6552 	EXP 	chooseNowText_3: height = 0.025
226.6552 	EXP 	chooseNowText_3: height = 0.025
226.6552 	EXP 	chooseNowText_3: height = 0.025
226.6718 	EXP 	chooseNowText_3: height = 0.025
226.6718 	EXP 	chooseNowText_3: height = 0.025
226.6718 	EXP 	chooseNowText_3: height = 0.025
226.6885 	EXP 	chooseNowText_3: height = 0.025
226.6885 	EXP 	chooseNowText_3: height = 0.025
226.6885 	EXP 	chooseNowText_3: height = 0.025
226.7051 	EXP 	chooseNowText_3: height = 0.025
226.7051 	EXP 	chooseNowText_3: height = 0.025
226.7051 	EXP 	chooseNowText_3: height = 0.025
226.7215 	EXP 	chooseNowText_3: height = 0.025
226.7215 	EXP 	chooseNowText_3: height = 0.025
226.7215 	EXP 	chooseNowText_3: height = 0.025
226.7381 	EXP 	chooseNowText_3: height = 0.025
226.7381 	EXP 	chooseNowText_3: height = 0.025
226.7381 	EXP 	chooseNowText_3: height = 0.025
226.7556 	EXP 	chooseNowText_3: height = 0.025
226.7556 	EXP 	chooseNowText_3: height = 0.025
226.7556 	EXP 	chooseNowText_3: height = 0.025
226.7715 	EXP 	chooseNowText_3: height = 0.025
226.7715 	EXP 	chooseNowText_3: height = 0.025
226.7715 	EXP 	chooseNowText_3: height = 0.025
226.7885 	EXP 	chooseNowText_3: height = 0.025
226.7885 	EXP 	chooseNowText_3: height = 0.025
226.7885 	EXP 	chooseNowText_3: height = 0.025
226.8051 	EXP 	chooseNowText_3: height = 0.025
226.8051 	EXP 	chooseNowText_3: height = 0.025
226.8051 	EXP 	chooseNowText_3: height = 0.025
226.8218 	EXP 	chooseNowText_3: height = 0.025
226.8218 	EXP 	chooseNowText_3: height = 0.025
226.8218 	EXP 	chooseNowText_3: height = 0.025
226.8218 	EXP 	chooseNowText_3: autoDraw = False
226.8218 	EXP 	opt_2: autoDraw = False
226.8218 	EXP 	opt_3: autoDraw = False
226.8218 	EXP 	opt_4: autoDraw = False
226.8218 	EXP 	opt_5: autoDraw = False
226.8387 	EXP 	chooseNowText_3: height = 0.025
226.8387 	EXP 	chooseNowText_3: height = 0.025
226.8387 	EXP 	chooseNowText_3: height = 0.025
226.8552 	EXP 	chooseNowText_3: height = 0.025
226.8552 	EXP 	chooseNowText_3: height = 0.025
226.8552 	EXP 	chooseNowText_3: height = 0.025
226.8717 	EXP 	chooseNowText_3: height = 0.025
226.8717 	EXP 	chooseNowText_3: height = 0.025
226.8717 	EXP 	chooseNowText_3: height = 0.025
226.8888 	EXP 	chooseNowText_3: height = 0.025
226.8888 	EXP 	chooseNowText_3: height = 0.025
226.8888 	EXP 	chooseNowText_3: height = 0.025
226.9052 	EXP 	chooseNowText_3: height = 0.025
226.9052 	EXP 	chooseNowText_3: height = 0.025
226.9052 	EXP 	chooseNowText_3: height = 0.025
226.9217 	EXP 	chooseNowText_3: height = 0.025
226.9217 	EXP 	chooseNowText_3: height = 0.025
226.9217 	EXP 	chooseNowText_3: height = 0.025
226.9382 	EXP 	chooseNowText_3: height = 0.025
226.9382 	EXP 	chooseNowText_3: height = 0.025
226.9382 	EXP 	chooseNowText_3: height = 0.025
226.9551 	EXP 	chooseNowText_3: height = 0.025
226.9551 	EXP 	chooseNowText_3: height = 0.025
226.9551 	EXP 	chooseNowText_3: height = 0.025
226.9721 	EXP 	chooseNowText_3: height = 0.025
226.9721 	EXP 	chooseNowText_3: height = 0.025
226.9721 	EXP 	chooseNowText_3: height = 0.025
226.9881 	EXP 	chooseNowText_3: height = 0.025
226.9881 	EXP 	chooseNowText_3: height = 0.025
226.9881 	EXP 	chooseNowText_3: height = 0.025
227.0053 	EXP 	chooseNowText_3: height = 0.025
227.0053 	EXP 	chooseNowText_3: height = 0.025
227.0053 	EXP 	chooseNowText_3: height = 0.025
227.0215 	EXP 	chooseNowText_3: height = 0.025
227.0215 	EXP 	chooseNowText_3: height = 0.025
227.0215 	EXP 	chooseNowText_3: height = 0.025
227.0380 	EXP 	chooseNowText_3: height = 0.025
227.0380 	EXP 	chooseNowText_3: height = 0.025
227.0380 	EXP 	chooseNowText_3: height = 0.025
227.0548 	EXP 	chooseNowText_3: height = 0.025
227.0548 	EXP 	chooseNowText_3: height = 0.025
227.0548 	EXP 	chooseNowText_3: height = 0.025
227.0713 	EXP 	chooseNowText_3: height = 0.025
227.0713 	EXP 	chooseNowText_3: height = 0.025
227.0713 	EXP 	chooseNowText_3: height = 0.025
227.0884 	EXP 	chooseNowText_3: height = 0.025
227.0884 	EXP 	chooseNowText_3: height = 0.025
227.0884 	EXP 	chooseNowText_3: height = 0.025
227.1050 	EXP 	chooseNowText_3: height = 0.025
227.1050 	EXP 	chooseNowText_3: height = 0.025
227.1050 	EXP 	chooseNowText_3: height = 0.025
227.1212 	EXP 	chooseNowText_3: height = 0.025
227.1212 	EXP 	chooseNowText_3: height = 0.025
227.1212 	EXP 	chooseNowText_3: height = 0.025
227.1383 	EXP 	chooseNowText_3: height = 0.025
227.1383 	EXP 	chooseNowText_3: height = 0.025
227.1383 	EXP 	chooseNowText_3: height = 0.025
227.1549 	EXP 	chooseNowText_3: height = 0.025
227.1549 	EXP 	chooseNowText_3: height = 0.025
227.1549 	EXP 	chooseNowText_3: height = 0.025
227.1717 	EXP 	chooseNowText_3: height = 0.025
227.1717 	EXP 	chooseNowText_3: height = 0.025
227.1717 	EXP 	chooseNowText_3: height = 0.025
227.1884 	EXP 	chooseNowText_3: height = 0.025
227.1884 	EXP 	chooseNowText_3: height = 0.025
227.1884 	EXP 	chooseNowText_3: height = 0.025
227.2045 	EXP 	chooseNowText_3: height = 0.025
227.2045 	EXP 	chooseNowText_3: height = 0.025
227.2045 	EXP 	chooseNowText_3: height = 0.025
227.2213 	EXP 	chooseNowText_3: height = 0.025
227.2213 	EXP 	chooseNowText_3: height = 0.025
227.2213 	EXP 	chooseNowText_3: height = 0.025
227.2381 	EXP 	chooseNowText_3: height = 0.025
227.2381 	EXP 	chooseNowText_3: height = 0.025
227.2381 	EXP 	chooseNowText_3: height = 0.025
227.2546 	EXP 	chooseNowText_3: height = 0.025
227.2546 	EXP 	chooseNowText_3: height = 0.025
227.2546 	EXP 	chooseNowText_3: height = 0.025
227.2714 	EXP 	chooseNowText_3: height = 0.025
227.2714 	EXP 	chooseNowText_3: height = 0.025
227.2714 	EXP 	chooseNowText_3: height = 0.025
227.2882 	EXP 	chooseNowText_3: height = 0.025
227.2882 	EXP 	chooseNowText_3: height = 0.025
227.2882 	EXP 	chooseNowText_3: height = 0.025
227.3048 	EXP 	chooseNowText_3: height = 0.025
227.3048 	EXP 	chooseNowText_3: height = 0.025
227.3048 	EXP 	chooseNowText_3: height = 0.025
227.3048 	EXP 	chooseNowText_3: autoDraw = False
227.3048 	EXP 	opt_2: autoDraw = False
227.3048 	EXP 	opt_3: autoDraw = False
227.3048 	EXP 	opt_4: autoDraw = False
227.3048 	EXP 	opt_5: autoDraw = False
227.3048 	EXP 	tooSlowtext_2: height = 0.025
227.3048 	EXP 	tooSlowtext_2: height = 0.025
227.3048 	EXP 	tooSlowtext_2: height = 0.025
227.3048 	EXP 	tooSlowtext_2: text = ''
227.3048 	EXP 	tooSlowtext_2: height = 0.025
227.3048 	EXP 	tooSlowtext_2: height = 0.025
227.3048 	EXP 	tooSlowtext_2: height = 0.025
227.3048 	EXP 	tooSlowtext_2: text = 'Zu langsam. Sie müssen schneller antworten.'
227.3048 	EXP 	tooSlowtext_2: autoDraw = True
227.7907 	EXP 	New trial (rep=0, index=9): <Trial 9 (9 in rep 0) data={'learningSeq': 'A', 'block': 'block1', 'runIndexWithinSeq': 1, 'miniblockWithinRun': 2, 'coupleIndexWithinRoute': 9, 'img_first': 'stimuli/flower/flower_17.jpg', 'img_second': 'stimuli/bread/bread_29.jpg', 'img_third': None, 'distance_correct': 4, 'trial_type': 1, 'opt_left': 'yes', 'opt_right': 'no', 'correct_side': 'left', 'correct_key': 'left', 'is_yes': 1, 'image_dur_retr': 1.2, 'fix_dur_retr': 0.2, 'iti_dur_retr': 0.6, 'reflection_win_dur': 1.76, 'routeIndexWithinBlock': 1, 'seqOfRoute': 'A', 'retrIm1Trig': 6, 'retrIm2Trig': 3, 'thisN': 9, 'thisTrialN': 9, 'thisRepN': 0}>
227.8047 	EXP 	tooSlowtext_2: autoDraw = False
227.8047 	EXP 	tooSlowtext_2: autoDraw = False
227.8047 	EXP 	fix_cross_retrbegin_2: text = '+'
227.8047 	EXP 	fix_cross_retrbegin_2: autoDraw = True
228.4422 	EXP 	fix_cross_retrbegin_2: autoDraw = False
228.4422 	EXP 	fix_cross_retrbegin_2: autoDraw = False
228.4422 	EXP 	image_1: image = 'stimuli/flower/flower_17.jpg'
228.4422 	EXP 	image_1: autoDraw = True
229.4540 	EXP 	image_1: autoDraw = False
229.4540 	EXP 	image_1: autoDraw = False
229.4540 	EXP 	mask_img1_2: autoDraw = True
229.7233 	EXP 	mask_img1_2: autoDraw = False
229.7233 	EXP 	mask_img1_2: autoDraw = False
229.7233 	EXP 	image_2: image = 'stimuli/bread/bread_29.jpg'
229.7233 	EXP 	image_2: autoDraw = True
230.7379 	EXP 	image_2: autoDraw = False
230.7379 	EXP 	image_2: autoDraw = False
230.7379 	EXP 	mask_img2_2: autoDraw = True
231.0037 	EXP 	mask_img2_2: autoDraw = False
231.0037 	EXP 	fix_cross_reflretr: autoDraw = True
232.7663 	INFO 	Keyboard events cleared
232.7862 	INFO 	Keyboard events cleared
232.7860 	EXP 	fix_cross_reflretr: autoDraw = False
232.7860 	EXP 	fix_cross_reflretr: autoDraw = False
232.7860 	EXP 	yes_txt: text = 'ja'
232.7860 	EXP 	no_txt: text = 'nein'
232.7860 	EXP 	chooseNowText_2: height = 0.025
232.7860 	EXP 	chooseNowText_2: height = 0.025
232.7860 	EXP 	chooseNowText_2: height = 0.025
232.7860 	EXP 	polygon_6: autoDraw = True
232.7860 	EXP 	yes_txt: autoDraw = True
232.7860 	EXP 	no_txt: autoDraw = True
232.7860 	EXP 	chooseNowText_2: autoDraw = True
234.7860 	EXP 	chooseNowText_2: height = 0.025
234.7860 	EXP 	chooseNowText_2: height = 0.025
234.7860 	EXP 	chooseNowText_2: height = 0.025
234.8026 	EXP 	chooseNowText_2: height = 0.025
234.8026 	EXP 	chooseNowText_2: height = 0.025
234.8026 	EXP 	chooseNowText_2: height = 0.025
234.8192 	EXP 	chooseNowText_2: height = 0.025
234.8192 	EXP 	chooseNowText_2: height = 0.025
234.8192 	EXP 	chooseNowText_2: height = 0.025
234.8361 	EXP 	chooseNowText_2: height = 0.025
234.8361 	EXP 	chooseNowText_2: height = 0.025
234.8361 	EXP 	chooseNowText_2: height = 0.025
234.8526 	EXP 	chooseNowText_2: height = 0.025
234.8526 	EXP 	chooseNowText_2: height = 0.025
234.8526 	EXP 	chooseNowText_2: height = 0.025
234.8716 	EXP 	chooseNowText_2: height = 0.025
234.8716 	EXP 	chooseNowText_2: height = 0.025
234.8716 	EXP 	chooseNowText_2: height = 0.025
234.9041 	EXP 	chooseNowText_2: height = 0.025
234.9041 	EXP 	chooseNowText_2: height = 0.025
234.9041 	EXP 	chooseNowText_2: height = 0.025
234.9356 	EXP 	chooseNowText_2: height = 0.025
234.9356 	EXP 	chooseNowText_2: height = 0.025
234.9356 	EXP 	chooseNowText_2: height = 0.025
234.9527 	EXP 	chooseNowText_2: height = 0.025
234.9527 	EXP 	chooseNowText_2: height = 0.025
234.9527 	EXP 	chooseNowText_2: height = 0.025
234.9731 	EXP 	chooseNowText_2: height = 0.025
234.9731 	EXP 	chooseNowText_2: height = 0.025
234.9731 	EXP 	chooseNowText_2: height = 0.025
235.0199 	EXP 	chooseNowText_2: height = 0.025
235.0199 	EXP 	chooseNowText_2: height = 0.025
235.0199 	EXP 	chooseNowText_2: height = 0.025
235.0366 	EXP 	chooseNowText_2: height = 0.025
235.0366 	EXP 	chooseNowText_2: height = 0.025
235.0366 	EXP 	chooseNowText_2: height = 0.025
235.0529 	EXP 	chooseNowText_2: height = 0.025
235.0529 	EXP 	chooseNowText_2: height = 0.025
235.0529 	EXP 	chooseNowText_2: height = 0.025
235.1024 	EXP 	chooseNowText_2: height = 0.025
235.1024 	EXP 	chooseNowText_2: height = 0.025
235.1024 	EXP 	chooseNowText_2: height = 0.025
235.1196 	EXP 	chooseNowText_2: height = 0.025
235.1196 	EXP 	chooseNowText_2: height = 0.025
235.1196 	EXP 	chooseNowText_2: height = 0.025
235.1367 	EXP 	chooseNowText_2: height = 0.025
235.1367 	EXP 	chooseNowText_2: height = 0.025
235.1367 	EXP 	chooseNowText_2: height = 0.025
235.1529 	EXP 	chooseNowText_2: height = 0.025
235.1529 	EXP 	chooseNowText_2: height = 0.025
235.1529 	EXP 	chooseNowText_2: height = 0.025
235.1693 	EXP 	chooseNowText_2: height = 0.025
235.1693 	EXP 	chooseNowText_2: height = 0.025
235.1693 	EXP 	chooseNowText_2: height = 0.025
235.1858 	EXP 	chooseNowText_2: height = 0.025
235.1858 	EXP 	chooseNowText_2: height = 0.025
235.1858 	EXP 	chooseNowText_2: height = 0.025
235.2024 	EXP 	chooseNowText_2: height = 0.025
235.2024 	EXP 	chooseNowText_2: height = 0.025
235.2024 	EXP 	chooseNowText_2: height = 0.025
235.2191 	EXP 	chooseNowText_2: height = 0.025
235.2191 	EXP 	chooseNowText_2: height = 0.025
235.2191 	EXP 	chooseNowText_2: height = 0.025
235.2359 	EXP 	chooseNowText_2: height = 0.025
235.2359 	EXP 	chooseNowText_2: height = 0.025
235.2359 	EXP 	chooseNowText_2: height = 0.025
235.2522 	EXP 	chooseNowText_2: height = 0.025
235.2522 	EXP 	chooseNowText_2: height = 0.025
235.2522 	EXP 	chooseNowText_2: height = 0.025
235.2691 	EXP 	chooseNowText_2: height = 0.025
235.2691 	EXP 	chooseNowText_2: height = 0.025
235.2691 	EXP 	chooseNowText_2: height = 0.025
235.2859 	EXP 	chooseNowText_2: height = 0.025
235.2859 	EXP 	chooseNowText_2: height = 0.025
235.2859 	EXP 	chooseNowText_2: height = 0.025
235.3024 	EXP 	chooseNowText_2: height = 0.025
235.3024 	EXP 	chooseNowText_2: height = 0.025
235.3024 	EXP 	chooseNowText_2: height = 0.025
235.3190 	EXP 	chooseNowText_2: height = 0.025
235.3190 	EXP 	chooseNowText_2: height = 0.025
235.3190 	EXP 	chooseNowText_2: height = 0.025
235.3356 	EXP 	chooseNowText_2: height = 0.025
235.3356 	EXP 	chooseNowText_2: height = 0.025
235.3356 	EXP 	chooseNowText_2: height = 0.025
235.3522 	EXP 	chooseNowText_2: height = 0.025
235.3522 	EXP 	chooseNowText_2: height = 0.025
235.3522 	EXP 	chooseNowText_2: height = 0.025
235.3695 	EXP 	chooseNowText_2: height = 0.025
235.3695 	EXP 	chooseNowText_2: height = 0.025
235.3695 	EXP 	chooseNowText_2: height = 0.025
235.3854 	EXP 	chooseNowText_2: height = 0.025
235.3854 	EXP 	chooseNowText_2: height = 0.025
235.3854 	EXP 	chooseNowText_2: height = 0.025
235.4022 	EXP 	chooseNowText_2: height = 0.025
235.4022 	EXP 	chooseNowText_2: height = 0.025
235.4022 	EXP 	chooseNowText_2: height = 0.025
235.4188 	EXP 	chooseNowText_2: height = 0.025
235.4188 	EXP 	chooseNowText_2: height = 0.025
235.4188 	EXP 	chooseNowText_2: height = 0.025
235.4356 	EXP 	chooseNowText_2: height = 0.025
235.4356 	EXP 	chooseNowText_2: height = 0.025
235.4356 	EXP 	chooseNowText_2: height = 0.025
235.4523 	EXP 	chooseNowText_2: height = 0.025
235.4523 	EXP 	chooseNowText_2: height = 0.025
235.4523 	EXP 	chooseNowText_2: height = 0.025
235.4688 	EXP 	chooseNowText_2: height = 0.025
235.4688 	EXP 	chooseNowText_2: height = 0.025
235.4688 	EXP 	chooseNowText_2: height = 0.025
235.4856 	EXP 	chooseNowText_2: height = 0.025
235.4856 	EXP 	chooseNowText_2: height = 0.025
235.4856 	EXP 	chooseNowText_2: height = 0.025
235.5024 	EXP 	chooseNowText_2: height = 0.025
235.5024 	EXP 	chooseNowText_2: height = 0.025
235.5024 	EXP 	chooseNowText_2: height = 0.025
235.5188 	EXP 	chooseNowText_2: height = 0.025
235.5188 	EXP 	chooseNowText_2: height = 0.025
235.5188 	EXP 	chooseNowText_2: height = 0.025
235.5354 	EXP 	chooseNowText_2: height = 0.025
235.5354 	EXP 	chooseNowText_2: height = 0.025
235.5354 	EXP 	chooseNowText_2: height = 0.025
235.5523 	EXP 	chooseNowText_2: height = 0.025
235.5523 	EXP 	chooseNowText_2: height = 0.025
235.5523 	EXP 	chooseNowText_2: height = 0.025
235.5686 	EXP 	chooseNowText_2: height = 0.025
235.5686 	EXP 	chooseNowText_2: height = 0.025
235.5686 	EXP 	chooseNowText_2: height = 0.025
235.5859 	EXP 	chooseNowText_2: height = 0.025
235.5859 	EXP 	chooseNowText_2: height = 0.025
235.5859 	EXP 	chooseNowText_2: height = 0.025
235.6035 	EXP 	chooseNowText_2: height = 0.025
235.6035 	EXP 	chooseNowText_2: height = 0.025
235.6035 	EXP 	chooseNowText_2: height = 0.025
235.6260 	EXP 	chooseNowText_2: height = 0.025
235.6260 	EXP 	chooseNowText_2: height = 0.025
235.6260 	EXP 	chooseNowText_2: height = 0.025
235.6519 	EXP 	chooseNowText_2: height = 0.025
235.6519 	EXP 	chooseNowText_2: height = 0.025
235.6519 	EXP 	chooseNowText_2: height = 0.025
235.6691 	EXP 	chooseNowText_2: height = 0.025
235.6691 	EXP 	chooseNowText_2: height = 0.025
235.6691 	EXP 	chooseNowText_2: height = 0.025
235.6859 	EXP 	chooseNowText_2: height = 0.025
235.6859 	EXP 	chooseNowText_2: height = 0.025
235.6859 	EXP 	chooseNowText_2: height = 0.025
235.7023 	EXP 	chooseNowText_2: height = 0.025
235.7023 	EXP 	chooseNowText_2: height = 0.025
235.7023 	EXP 	chooseNowText_2: height = 0.025
235.7262 	EXP 	chooseNowText_2: height = 0.025
235.7262 	EXP 	chooseNowText_2: height = 0.025
235.7262 	EXP 	chooseNowText_2: height = 0.025
235.7357 	EXP 	chooseNowText_2: height = 0.025
235.7357 	EXP 	chooseNowText_2: height = 0.025
235.7357 	EXP 	chooseNowText_2: height = 0.025
235.7525 	EXP 	chooseNowText_2: height = 0.025
235.7525 	EXP 	chooseNowText_2: height = 0.025
235.7525 	EXP 	chooseNowText_2: height = 0.025
235.7690 	EXP 	chooseNowText_2: height = 0.025
235.7690 	EXP 	chooseNowText_2: height = 0.025
235.7690 	EXP 	chooseNowText_2: height = 0.025
235.7903 	EXP 	yes_txt: autoDraw = False
235.7903 	EXP 	no_txt: autoDraw = False
235.7903 	EXP 	chooseNowText_2: height = 0.025
235.7903 	EXP 	chooseNowText_2: height = 0.025
235.7903 	EXP 	chooseNowText_2: height = 0.025
235.7903 	EXP 	polygon_6: autoDraw = False
235.7903 	EXP 	yes_txt: autoDraw = False
235.7903 	EXP 	no_txt: autoDraw = False
235.7903 	EXP 	chooseNowText_2: autoDraw = False
235.7903 	EXP 	tooSlowtext_4: height = 0.025
235.7903 	EXP 	tooSlowtext_4: height = 0.025
235.7903 	EXP 	tooSlowtext_4: height = 0.025
235.7903 	EXP 	tooSlowtext_4: text = ''
235.7903 	EXP 	tooSlowtext_4: height = 0.025
235.7903 	EXP 	tooSlowtext_4: height = 0.025
235.7903 	EXP 	tooSlowtext_4: height = 0.025
235.7903 	EXP 	tooSlowtext_4: text = 'Zu langsam. Sie müssen schneller antworten.'
235.7903 	EXP 	tooSlowtext_4: autoDraw = True
236.2878 	INFO 	Keyboard events cleared
236.3182 	EXP 	tooSlowtext_4: autoDraw = False
236.3182 	EXP 	tooSlowtext_4: autoDraw = False
236.3182 	EXP 	chooseNowText_3: height = 0.025
236.3182 	EXP 	chooseNowText_3: height = 0.025
236.3182 	EXP 	chooseNowText_3: height = 0.025
236.3182 	EXP 	opt_2: foreColor = <psychopy.colors.Color: white, alpha=1.0>
236.3182 	EXP 	opt_3: foreColor = <psychopy.colors.Color: white, alpha=1.0>
236.3182 	EXP 	opt_4: foreColor = <psychopy.colors.Color: white, alpha=1.0>
236.3182 	EXP 	opt_5: foreColor = <psychopy.colors.Color: white, alpha=1.0>
236.3182 	EXP 	chooseNowText_3: autoDraw = True
236.3182 	EXP 	opt_2: autoDraw = True
236.3182 	EXP 	opt_3: autoDraw = True
236.3182 	EXP 	opt_4: autoDraw = True
236.3182 	EXP 	opt_5: autoDraw = True
236.8018 	INFO 	Keyboard events cleared
238.3181 	EXP 	chooseNowText_3: height = 0.025
238.3181 	EXP 	chooseNowText_3: height = 0.025
238.3181 	EXP 	chooseNowText_3: height = 0.025
238.3349 	EXP 	chooseNowText_3: height = 0.025
238.3349 	EXP 	chooseNowText_3: height = 0.025
238.3349 	EXP 	chooseNowText_3: height = 0.025
238.3517 	EXP 	chooseNowText_3: height = 0.025
238.3517 	EXP 	chooseNowText_3: height = 0.025
238.3517 	EXP 	chooseNowText_3: height = 0.025
238.3683 	EXP 	chooseNowText_3: height = 0.025
238.3683 	EXP 	chooseNowText_3: height = 0.025
238.3683 	EXP 	chooseNowText_3: height = 0.025
238.3849 	EXP 	chooseNowText_3: height = 0.025
238.3849 	EXP 	chooseNowText_3: height = 0.025
238.3849 	EXP 	chooseNowText_3: height = 0.025
238.4017 	EXP 	chooseNowText_3: height = 0.025
238.4017 	EXP 	chooseNowText_3: height = 0.025
238.4017 	EXP 	chooseNowText_3: height = 0.025
238.4184 	EXP 	chooseNowText_3: height = 0.025
238.4184 	EXP 	chooseNowText_3: height = 0.025
238.4184 	EXP 	chooseNowText_3: height = 0.025
238.4350 	EXP 	chooseNowText_3: height = 0.025
238.4350 	EXP 	chooseNowText_3: height = 0.025
238.4350 	EXP 	chooseNowText_3: height = 0.025
238.4517 	EXP 	chooseNowText_3: height = 0.025
238.4517 	EXP 	chooseNowText_3: height = 0.025
238.4517 	EXP 	chooseNowText_3: height = 0.025
238.4683 	EXP 	chooseNowText_3: height = 0.025
238.4683 	EXP 	chooseNowText_3: height = 0.025
238.4683 	EXP 	chooseNowText_3: height = 0.025
238.4849 	EXP 	chooseNowText_3: height = 0.025
238.4849 	EXP 	chooseNowText_3: height = 0.025
238.4849 	EXP 	chooseNowText_3: height = 0.025
238.5016 	EXP 	chooseNowText_3: height = 0.025
238.5016 	EXP 	chooseNowText_3: height = 0.025
238.5016 	EXP 	chooseNowText_3: height = 0.025
238.5185 	EXP 	chooseNowText_3: height = 0.025
238.5185 	EXP 	chooseNowText_3: height = 0.025
238.5185 	EXP 	chooseNowText_3: height = 0.025
238.5350 	EXP 	chooseNowText_3: height = 0.025
238.5350 	EXP 	chooseNowText_3: height = 0.025
238.5350 	EXP 	chooseNowText_3: height = 0.025
238.5406 	DATA 	Keypress: g
238.5517 	EXP 	chooseNowText_3: height = 0.025
238.5517 	EXP 	chooseNowText_3: height = 0.025
238.5517 	EXP 	chooseNowText_3: height = 0.025
238.5540 	EXP 	Device response: <KeyPress from None: t=238.53954360005446, value=g, duration=None>
238.5848 	EXP 	opt_5: foreColor = 'blue'
238.6715 	EXP 	Device response: <KeyPress from None: t=238.53954360005446, value=g, duration=0.12994499993510544>
238.6744 	EXP 	New trial (rep=0, index=10): <Trial 10 (10 in rep 0) data={'learningSeq': 'A', 'block': 'block1', 'runIndexWithinSeq': 1, 'miniblockWithinRun': 2, 'coupleIndexWithinRoute': 10, 'img_first': 'stimuli/bicycle/bicycle_06.jpg', 'img_second': 'stimuli/house/house_35.jpg', 'img_third': None, 'distance_correct': 3, 'trial_type': 1, 'opt_left': 'no', 'opt_right': 'yes', 'correct_side': 'right', 'correct_key': 'right', 'is_yes': 1, 'image_dur_retr': 1.2, 'fix_dur_retr': 0.2, 'iti_dur_retr': 0.65, 'reflection_win_dur': 1.84, 'routeIndexWithinBlock': 1, 'seqOfRoute': 'A', 'retrIm1Trig': 2, 'retrIm2Trig': 9, 'thisN': 10, 'thisTrialN': 10, 'thisRepN': 0}>
238.6849 	EXP 	chooseNowText_3: autoDraw = False
238.6849 	EXP 	opt_2: autoDraw = False
238.6849 	EXP 	opt_3: autoDraw = False
238.6849 	EXP 	opt_4: autoDraw = False
238.6849 	EXP 	opt_5: autoDraw = False
238.6849 	EXP 	tooSlowtext_2: height = 0.025
238.6849 	EXP 	tooSlowtext_2: height = 0.025
238.6849 	EXP 	tooSlowtext_2: height = 0.025
238.6849 	EXP 	tooSlowtext_2: text = ''
238.6849 	EXP 	tooSlowtext_2: height = 0.025
238.6849 	EXP 	tooSlowtext_2: height = 0.025
238.6849 	EXP 	tooSlowtext_2: height = 0.025
238.6849 	EXP 	tooSlowtext_2: text = 'Zu langsam. Sie müssen schneller antworten.'
238.6849 	EXP 	tooSlowtext_2: autoDraw = False
238.6849 	EXP 	fix_cross_retrbegin_2: text = '+'
238.6849 	EXP 	fix_cross_retrbegin_2: autoDraw = True
239.3537 	EXP 	fix_cross_retrbegin_2: autoDraw = False
239.3537 	EXP 	fix_cross_retrbegin_2: autoDraw = False
239.3537 	EXP 	image_1: image = 'stimuli/bicycle/bicycle_06.jpg'
239.3537 	EXP 	image_1: autoDraw = True
240.3678 	EXP 	image_1: autoDraw = False
240.3678 	EXP 	image_1: autoDraw = False
240.3678 	EXP 	mask_img1_2: autoDraw = True
240.6534 	EXP 	mask_img1_2: autoDraw = False
240.6534 	EXP 	image_2: image = 'stimuli/house/house_35.jpg'
240.6534 	EXP 	image_2: autoDraw = True
241.6674 	EXP 	image_2: autoDraw = False
241.6674 	EXP 	image_2: autoDraw = False
241.6674 	EXP 	mask_img2_2: autoDraw = True
241.9169 	EXP 	mask_img2_2: autoDraw = False
241.9169 	EXP 	mask_img2_2: autoDraw = False
241.9169 	EXP 	fix_cross_reflretr: autoDraw = True
243.7633 	INFO 	Keyboard events cleared
243.7827 	INFO 	Keyboard events cleared
243.7825 	EXP 	fix_cross_reflretr: autoDraw = False
243.7825 	EXP 	fix_cross_reflretr: autoDraw = False
243.7825 	EXP 	yes_txt: text = 'ja'
243.7825 	EXP 	no_txt: text = 'nein'
243.7825 	EXP 	chooseNowText_2: height = 0.025
243.7825 	EXP 	chooseNowText_2: height = 0.025
243.7825 	EXP 	chooseNowText_2: height = 0.025
243.7825 	EXP 	polygon_6: autoDraw = True
243.7825 	EXP 	yes_txt: autoDraw = True
243.7825 	EXP 	no_txt: autoDraw = True
243.7825 	EXP 	chooseNowText_2: autoDraw = True
245.1514 	EXP 	Device response: <KeyPress from None: t=245.1434022000758, value=b, duration=None>
245.1532 	DATA 	Keypress: b
245.2348 	EXP 	Device response: <KeyPress from None: t=245.1434022000758, value=b, duration=0.08944549993611872>
245.2698 	INFO 	Keyboard events cleared
245.2987 	EXP 	polygon_6: autoDraw = False
245.2987 	EXP 	yes_txt: autoDraw = False
245.2987 	EXP 	no_txt: autoDraw = False
245.2987 	EXP 	chooseNowText_2: autoDraw = False
245.2987 	EXP 	tooSlowtext_4: height = 0.025
245.2987 	EXP 	tooSlowtext_4: height = 0.025
245.2987 	EXP 	tooSlowtext_4: height = 0.025
245.2987 	EXP 	tooSlowtext_4: text = ''
245.2987 	EXP 	tooSlowtext_4: height = 0.025
245.2987 	EXP 	tooSlowtext_4: height = 0.025
245.2987 	EXP 	tooSlowtext_4: height = 0.025
245.2987 	EXP 	tooSlowtext_4: text = 'Zu langsam. Sie müssen schneller antworten.'
245.2987 	EXP 	tooSlowtext_4: autoDraw = False
245.2987 	EXP 	chooseNowText_3: height = 0.025
245.2987 	EXP 	chooseNowText_3: height = 0.025
245.2987 	EXP 	chooseNowText_3: height = 0.025
245.2987 	EXP 	opt_2: foreColor = <psychopy.colors.Color: white, alpha=1.0>
245.2987 	EXP 	opt_3: foreColor = <psychopy.colors.Color: white, alpha=1.0>
245.2987 	EXP 	opt_4: foreColor = <psychopy.colors.Color: white, alpha=1.0>
245.2987 	EXP 	opt_5: foreColor = <psychopy.colors.Color: white, alpha=1.0>
245.2987 	EXP 	chooseNowText_3: autoDraw = True
245.2987 	EXP 	opt_2: autoDraw = True
245.2987 	EXP 	opt_3: autoDraw = True
245.2987 	EXP 	opt_4: autoDraw = True
245.2987 	EXP 	opt_5: autoDraw = True
245.7828 	INFO 	Keyboard events cleared
246.1176 	EXP 	Device response: <KeyPress from None: t=246.10202630003914, value=r, duration=None>
246.1193 	DATA 	Keypress: r
246.1486 	EXP 	opt_2: foreColor = 'blue'
246.1676 	EXP 	Device response: <KeyPress from None: t=168.89098939998075, value=r, duration=77.27457340003457>
246.2207 	EXP 	New trial (rep=0, index=11): <Trial 11 (11 in rep 0) data={'learningSeq': 'A', 'block': 'block1', 'runIndexWithinSeq': 1, 'miniblockWithinRun': 2, 'coupleIndexWithinRoute': 11, 'img_first': 'stimuli/jacket/jacket_44.jpg', 'img_second': 'stimuli/hammer/hammer_16.jpg', 'img_third': None, 'distance_correct': 5, 'trial_type': 1, 'opt_left': 'yes', 'opt_right': 'no', 'correct_side': 'left', 'correct_key': 'left', 'is_yes': 1, 'image_dur_retr': 1.2, 'fix_dur_retr': 0.2, 'iti_dur_retr': 0.59, 'reflection_win_dur': 2.22, 'routeIndexWithinBlock': 1, 'seqOfRoute': 'A', 'retrIm1Trig': 10, 'retrIm2Trig': 7, 'thisN': 11, 'thisTrialN': 11, 'thisRepN': 0}>
246.2325 	EXP 	chooseNowText_3: autoDraw = False
246.2325 	EXP 	opt_2: autoDraw = False
246.2325 	EXP 	opt_3: autoDraw = False
246.2325 	EXP 	opt_4: autoDraw = False
246.2325 	EXP 	opt_5: autoDraw = False
246.2325 	EXP 	tooSlowtext_2: height = 0.025
246.2325 	EXP 	tooSlowtext_2: height = 0.025
246.2325 	EXP 	tooSlowtext_2: height = 0.025
246.2325 	EXP 	tooSlowtext_2: text = ''
246.2325 	EXP 	tooSlowtext_2: height = 0.025
246.2325 	EXP 	tooSlowtext_2: height = 0.025
246.2325 	EXP 	tooSlowtext_2: height = 0.025
246.2325 	EXP 	tooSlowtext_2: text = 'Zu langsam. Sie müssen schneller antworten.'
246.2325 	EXP 	tooSlowtext_2: autoDraw = False
246.2325 	EXP 	fix_cross_retrbegin_2: text = '+'
246.2325 	EXP 	fix_cross_retrbegin_2: autoDraw = True
246.8892 	EXP 	fix_cross_retrbegin_2: autoDraw = False
246.8892 	EXP 	fix_cross_retrbegin_2: autoDraw = False
246.8892 	EXP 	image_1: image = 'stimuli/jacket/jacket_44.jpg'
246.8892 	EXP 	image_1: autoDraw = True
247.8986 	EXP 	image_1: autoDraw = False
247.8986 	EXP 	image_1: autoDraw = False
247.8986 	EXP 	mask_img1_2: autoDraw = True
248.1678 	EXP 	mask_img1_2: autoDraw = False
248.1678 	EXP 	image_2: image = 'stimuli/hammer/hammer_16.jpg'
248.1678 	EXP 	image_2: autoDraw = True
249.1820 	EXP 	image_2: autoDraw = False
249.1820 	EXP 	image_2: autoDraw = False
249.1820 	EXP 	mask_img2_2: autoDraw = True
249.4319 	EXP 	mask_img2_2: autoDraw = False
249.4319 	EXP 	fix_cross_reflretr: autoDraw = True
251.6604 	INFO 	Keyboard events cleared
251.6806 	INFO 	Keyboard events cleared
251.6805 	EXP 	fix_cross_reflretr: autoDraw = False
251.6805 	EXP 	fix_cross_reflretr: autoDraw = False
251.6805 	EXP 	yes_txt: text = 'ja'
251.6805 	EXP 	no_txt: text = 'nein'
251.6805 	EXP 	chooseNowText_2: height = 0.025
251.6805 	EXP 	chooseNowText_2: height = 0.025
251.6805 	EXP 	chooseNowText_2: height = 0.025
251.6805 	EXP 	polygon_6: autoDraw = True
251.6805 	EXP 	yes_txt: autoDraw = True
251.6805 	EXP 	no_txt: autoDraw = True
251.6805 	EXP 	chooseNowText_2: autoDraw = True
253.0498 	EXP 	Device response: <KeyPress from None: t=253.0474934000522, value=g, duration=None>
253.0524 	DATA 	Keypress: g
253.1326 	EXP 	Device response: <KeyPress from None: t=253.0474934000522, value=g, duration=0.0692385999718681>
253.1687 	INFO 	Keyboard events cleared
253.1963 	EXP 	polygon_6: autoDraw = False
253.1963 	EXP 	yes_txt: autoDraw = False
253.1963 	EXP 	no_txt: autoDraw = False
253.1963 	EXP 	chooseNowText_2: autoDraw = False
253.1963 	EXP 	tooSlowtext_4: height = 0.025
253.1963 	EXP 	tooSlowtext_4: height = 0.025
253.1963 	EXP 	tooSlowtext_4: height = 0.025
253.1963 	EXP 	tooSlowtext_4: text = ''
253.1963 	EXP 	tooSlowtext_4: height = 0.025
253.1963 	EXP 	tooSlowtext_4: height = 0.025
253.1963 	EXP 	tooSlowtext_4: height = 0.025
253.1963 	EXP 	tooSlowtext_4: text = 'Zu langsam. Sie müssen schneller antworten.'
253.1963 	EXP 	tooSlowtext_4: autoDraw = False
253.1963 	EXP 	chooseNowText_3: height = 0.025
253.1963 	EXP 	chooseNowText_3: height = 0.025
253.1963 	EXP 	chooseNowText_3: height = 0.025
253.1963 	EXP 	opt_2: foreColor = <psychopy.colors.Color: white, alpha=1.0>
253.1963 	EXP 	opt_3: foreColor = <psychopy.colors.Color: white, alpha=1.0>
253.1963 	EXP 	opt_4: foreColor = <psychopy.colors.Color: white, alpha=1.0>
253.1963 	EXP 	opt_5: foreColor = <psychopy.colors.Color: white, alpha=1.0>
253.1963 	EXP 	chooseNowText_3: autoDraw = True
253.1963 	EXP 	opt_2: autoDraw = True
253.1963 	EXP 	opt_3: autoDraw = True
253.1963 	EXP 	opt_4: autoDraw = True
253.1963 	EXP 	opt_5: autoDraw = True
253.6801 	INFO 	Keyboard events cleared
253.7492 	EXP 	Device response: <KeyPress from None: t=253.73310249997303, value=b, duration=None>
253.7501 	DATA 	Keypress: b
253.7791 	EXP 	opt_3: foreColor = 'blue'
253.8320 	EXP 	Device response: <KeyPress from None: t=253.73310249997303, value=b, duration=0.09761740011163056>
253.8676 	EXP 	New trial (rep=0, index=12): <Trial 12 (12 in rep 0) data={'learningSeq': 'A', 'block': 'block1', 'runIndexWithinSeq': 1, 'miniblockWithinRun': 3, 'coupleIndexWithinRoute': 12, 'img_first': 'stimuli/flower/flower_17.jpg', 'img_second': 'stimuli/ball/ball_11.jpg', 'img_third': None, 'distance_correct': 2, 'trial_type': 1, 'opt_left': 'no', 'opt_right': 'yes', 'correct_side': 'left', 'correct_key': 'left', 'is_yes': 0, 'image_dur_retr': 1.2, 'fix_dur_retr': 0.2, 'iti_dur_retr': 0.36, 'reflection_win_dur': 2.19, 'routeIndexWithinBlock': 1, 'seqOfRoute': 'A', 'retrIm1Trig': 6, 'retrIm2Trig': 1, 'thisN': 12, 'thisTrialN': 12, 'thisRepN': 0}>
253.8800 	EXP 	chooseNowText_3: autoDraw = False
253.8800 	EXP 	opt_2: autoDraw = False
253.8800 	EXP 	opt_3: autoDraw = False
253.8800 	EXP 	opt_4: autoDraw = False
253.8800 	EXP 	opt_5: autoDraw = False
253.8800 	EXP 	tooSlowtext_2: height = 0.025
253.8800 	EXP 	tooSlowtext_2: height = 0.025
253.8800 	EXP 	tooSlowtext_2: height = 0.025
253.8800 	EXP 	tooSlowtext_2: text = ''
253.8800 	EXP 	tooSlowtext_2: height = 0.025
253.8800 	EXP 	tooSlowtext_2: height = 0.025
253.8800 	EXP 	tooSlowtext_2: height = 0.025
253.8800 	EXP 	tooSlowtext_2: text = 'Zu langsam. Sie müssen schneller antworten.'
253.8800 	EXP 	tooSlowtext_2: autoDraw = False
253.8800 	EXP 	fix_cross_retrbegin_2: text = '+'
253.8800 	EXP 	fix_cross_retrbegin_2: autoDraw = True
254.2678 	EXP 	fix_cross_retrbegin_2: autoDraw = False
254.2678 	EXP 	fix_cross_retrbegin_2: autoDraw = False
254.2678 	EXP 	image_1: image = 'stimuli/flower/flower_17.jpg'
254.2678 	EXP 	image_1: autoDraw = True
255.2799 	EXP 	image_1: autoDraw = False
255.2799 	EXP 	image_1: autoDraw = False
255.2799 	EXP 	mask_img1_2: autoDraw = True
255.5976 	EXP 	mask_img1_2: autoDraw = False
255.5976 	EXP 	mask_img1_2: autoDraw = False
255.5976 	EXP 	image_2: image = 'stimuli/ball/ball_11.jpg'
255.5976 	EXP 	image_2: autoDraw = True
256.6125 	EXP 	image_2: autoDraw = False
256.6125 	EXP 	image_2: autoDraw = False
256.6125 	EXP 	mask_img2_2: autoDraw = True
256.8625 	EXP 	mask_img2_2: autoDraw = False
256.8625 	EXP 	fix_cross_reflretr: autoDraw = True
259.0585 	INFO 	Keyboard events cleared
259.0779 	INFO 	Keyboard events cleared
259.0778 	EXP 	fix_cross_reflretr: autoDraw = False
259.0778 	EXP 	fix_cross_reflretr: autoDraw = False
259.0778 	EXP 	yes_txt: text = 'ja'
259.0778 	EXP 	no_txt: text = 'nein'
259.0778 	EXP 	chooseNowText_2: height = 0.025
259.0778 	EXP 	chooseNowText_2: height = 0.025
259.0778 	EXP 	chooseNowText_2: height = 0.025
259.0778 	EXP 	polygon_6: autoDraw = True
259.0778 	EXP 	yes_txt: autoDraw = True
259.0778 	EXP 	no_txt: autoDraw = True
259.0778 	EXP 	chooseNowText_2: autoDraw = True
260.1468 	EXP 	Device response: <KeyPress from None: t=260.1448795000324, value=g, duration=None>
260.1483 	DATA 	Keypress: g
260.2309 	EXP 	Device response: <KeyPress from None: t=260.1448795000324, value=g, duration=0.06918130000121891>
260.2501 	INFO 	Keyboard events cleared
260.2774 	EXP 	polygon_6: autoDraw = False
260.2774 	EXP 	yes_txt: autoDraw = False
260.2774 	EXP 	no_txt: autoDraw = False
260.2774 	EXP 	chooseNowText_2: autoDraw = False
260.2774 	EXP 	tooSlowtext_4: height = 0.025
260.2774 	EXP 	tooSlowtext_4: height = 0.025
260.2774 	EXP 	tooSlowtext_4: height = 0.025
260.2774 	EXP 	tooSlowtext_4: text = ''
260.2774 	EXP 	tooSlowtext_4: height = 0.025
260.2774 	EXP 	tooSlowtext_4: height = 0.025
260.2774 	EXP 	tooSlowtext_4: height = 0.025
260.2774 	EXP 	tooSlowtext_4: text = 'Zu langsam. Sie müssen schneller antworten.'
260.2774 	EXP 	tooSlowtext_4: autoDraw = False
260.2774 	EXP 	chooseNowText_3: height = 0.025
260.2774 	EXP 	chooseNowText_3: height = 0.025
260.2774 	EXP 	chooseNowText_3: height = 0.025
260.2774 	EXP 	opt_2: foreColor = <psychopy.colors.Color: white, alpha=1.0>
260.2774 	EXP 	opt_3: foreColor = <psychopy.colors.Color: white, alpha=1.0>
260.2774 	EXP 	opt_4: foreColor = <psychopy.colors.Color: white, alpha=1.0>
260.2774 	EXP 	opt_5: foreColor = <psychopy.colors.Color: white, alpha=1.0>
260.2774 	EXP 	chooseNowText_3: autoDraw = True
260.2774 	EXP 	opt_2: autoDraw = True
260.2774 	EXP 	opt_3: autoDraw = True
260.2774 	EXP 	opt_4: autoDraw = True
260.2774 	EXP 	opt_5: autoDraw = True
260.7466 	EXP 	Device response: <KeyPress from None: t=260.73072300001513, value=b, duration=None>
260.7490 	DATA 	Keypress: b
260.7773 	INFO 	Keyboard events cleared
260.7772 	EXP 	opt_3: foreColor = 'blue'
260.8639 	EXP 	Device response: <KeyPress from None: t=260.73072300001513, value=b, duration=0.11772199999541044>
260.8665 	EXP 	New trial (rep=0, index=13): <Trial 13 (13 in rep 0) data={'learningSeq': 'A', 'block': 'block1', 'runIndexWithinSeq': 1, 'miniblockWithinRun': 3, 'coupleIndexWithinRoute': 13, 'img_first': 'stimuli/jacket/jacket_44.jpg', 'img_second': 'stimuli/bread/bread_29.jpg', 'img_third': None, 'distance_correct': 3, 'trial_type': 1, 'opt_left': 'yes', 'opt_right': 'no', 'correct_side': 'left', 'correct_key': 'left', 'is_yes': 1, 'image_dur_retr': 1.2, 'fix_dur_retr': 0.2, 'iti_dur_retr': 0.43, 'reflection_win_dur': 2.23, 'routeIndexWithinBlock': 1, 'seqOfRoute': 'A', 'retrIm1Trig': 10, 'retrIm2Trig': 3, 'thisN': 13, 'thisTrialN': 13, 'thisRepN': 0}>
260.8776 	EXP 	chooseNowText_3: autoDraw = False
260.8776 	EXP 	opt_2: autoDraw = False
260.8776 	EXP 	opt_3: autoDraw = False
260.8776 	EXP 	opt_4: autoDraw = False
260.8776 	EXP 	opt_5: autoDraw = False
260.8776 	EXP 	tooSlowtext_2: height = 0.025
260.8776 	EXP 	tooSlowtext_2: height = 0.025
260.8776 	EXP 	tooSlowtext_2: height = 0.025
260.8776 	EXP 	tooSlowtext_2: text = ''
260.8776 	EXP 	tooSlowtext_2: height = 0.025
260.8776 	EXP 	tooSlowtext_2: height = 0.025
260.8776 	EXP 	tooSlowtext_2: height = 0.025
260.8776 	EXP 	tooSlowtext_2: text = 'Zu langsam. Sie müssen schneller antworten.'
260.8776 	EXP 	tooSlowtext_2: autoDraw = False
260.8776 	EXP 	fix_cross_retrbegin_2: text = '+'
260.8776 	EXP 	fix_cross_retrbegin_2: autoDraw = True
261.3514 	EXP 	fix_cross_retrbegin_2: autoDraw = False
261.3514 	EXP 	fix_cross_retrbegin_2: autoDraw = False
261.3514 	EXP 	image_1: image = 'stimuli/jacket/jacket_44.jpg'
261.3514 	EXP 	image_1: autoDraw = True
262.3606 	EXP 	image_1: autoDraw = False
262.3606 	EXP 	image_1: autoDraw = False
262.3606 	EXP 	mask_img1_2: autoDraw = True
262.6485 	EXP 	mask_img1_2: autoDraw = False
262.6485 	EXP 	mask_img1_2: autoDraw = False
262.6485 	EXP 	image_2: image = 'stimuli/bread/bread_29.jpg'
262.6485 	EXP 	image_2: autoDraw = True
263.6602 	EXP 	image_2: autoDraw = False
263.6602 	EXP 	image_2: autoDraw = False
263.6602 	EXP 	mask_img2_2: autoDraw = True
263.9099 	EXP 	mask_img2_2: autoDraw = False
263.9099 	EXP 	mask_img2_2: autoDraw = False
263.9099 	EXP 	fix_cross_reflretr: autoDraw = True
266.1393 	INFO 	Keyboard events cleared
266.1586 	INFO 	Keyboard events cleared
266.1585 	EXP 	fix_cross_reflretr: autoDraw = False
266.1585 	EXP 	fix_cross_reflretr: autoDraw = False
266.1585 	EXP 	yes_txt: text = 'ja'
266.1585 	EXP 	no_txt: text = 'nein'
266.1585 	EXP 	chooseNowText_2: height = 0.025
266.1585 	EXP 	chooseNowText_2: height = 0.025
266.1585 	EXP 	chooseNowText_2: height = 0.025
266.1585 	EXP 	polygon_6: autoDraw = True
266.1585 	EXP 	yes_txt: autoDraw = True
266.1585 	EXP 	no_txt: autoDraw = True
266.1585 	EXP 	chooseNowText_2: autoDraw = True
267.4450 	EXP 	Device response: <KeyPress from None: t=267.43824579997454, value=r, duration=None>
267.4457 	DATA 	Keypress: r
267.5279 	EXP 	Device response: <KeyPress from None: t=246.10202630003914, value=r, duration=21.41773300000932>
267.8272 	EXP 	Device response: <KeyPress from None: t=267.82505950005725, value=g, duration=None>
267.8293 	DATA 	Keypress: g
267.9276 	EXP 	Device response: <KeyPress from None: t=267.82505950005725, value=g, duration=0.08544960001017898>
267.9300 	INFO 	Keyboard events cleared
267.9582 	EXP 	polygon_6: autoDraw = False
267.9582 	EXP 	yes_txt: autoDraw = False
267.9582 	EXP 	no_txt: autoDraw = False
267.9582 	EXP 	chooseNowText_2: autoDraw = False
267.9582 	EXP 	tooSlowtext_4: height = 0.025
267.9582 	EXP 	tooSlowtext_4: height = 0.025
267.9582 	EXP 	tooSlowtext_4: height = 0.025
267.9582 	EXP 	tooSlowtext_4: text = ''
267.9582 	EXP 	tooSlowtext_4: height = 0.025
267.9582 	EXP 	tooSlowtext_4: height = 0.025
267.9582 	EXP 	tooSlowtext_4: height = 0.025
267.9582 	EXP 	tooSlowtext_4: text = 'Zu langsam. Sie müssen schneller antworten.'
267.9582 	EXP 	tooSlowtext_4: autoDraw = False
267.9582 	EXP 	chooseNowText_3: height = 0.025
267.9582 	EXP 	chooseNowText_3: height = 0.025
267.9582 	EXP 	chooseNowText_3: height = 0.025
267.9582 	EXP 	opt_2: foreColor = <psychopy.colors.Color: white, alpha=1.0>
267.9582 	EXP 	opt_3: foreColor = <psychopy.colors.Color: white, alpha=1.0>
267.9582 	EXP 	opt_4: foreColor = <psychopy.colors.Color: white, alpha=1.0>
267.9582 	EXP 	opt_5: foreColor = <psychopy.colors.Color: white, alpha=1.0>
267.9582 	EXP 	chooseNowText_3: autoDraw = True
267.9582 	EXP 	opt_2: autoDraw = True
267.9582 	EXP 	opt_3: autoDraw = True
267.9582 	EXP 	opt_4: autoDraw = True
267.9582 	EXP 	opt_5: autoDraw = True
268.3281 	EXP 	Device response: <KeyPress from None: t=268.3123455999885, value=b, duration=None>
268.3299 	DATA 	Keypress: b
268.3582 	EXP 	opt_3: foreColor = 'blue'
268.4275 	EXP 	Device response: <KeyPress from None: t=268.3123455999885, value=b, duration=0.10566490003839135>
268.4417 	INFO 	Keyboard events cleared
268.4465 	EXP 	New trial (rep=0, index=14): <Trial 14 (14 in rep 0) data={'learningSeq': 'A', 'block': 'block1', 'runIndexWithinSeq': 1, 'miniblockWithinRun': 3, 'coupleIndexWithinRoute': 14, 'img_first': 'stimuli/hand/hand_16.jpg', 'img_second': 'stimuli/bicycle/bicycle_06.jpg', 'img_third': None, 'distance_correct': 5, 'trial_type': 1, 'opt_left': 'no', 'opt_right': 'yes', 'correct_side': 'right', 'correct_key': 'right', 'is_yes': 1, 'image_dur_retr': 1.2, 'fix_dur_retr': 0.2, 'iti_dur_retr': 0.68, 'reflection_win_dur': 1.8, 'routeIndexWithinBlock': 1, 'seqOfRoute': 'A', 'retrIm1Trig': 8, 'retrIm2Trig': 2, 'thisN': 14, 'thisTrialN': 14, 'thisRepN': 0}>
268.4585 	EXP 	chooseNowText_3: autoDraw = False
268.4585 	EXP 	opt_2: autoDraw = False
268.4585 	EXP 	opt_3: autoDraw = False
268.4585 	EXP 	opt_4: autoDraw = False
268.4585 	EXP 	opt_5: autoDraw = False
268.4585 	EXP 	tooSlowtext_2: height = 0.025
268.4585 	EXP 	tooSlowtext_2: height = 0.025
268.4585 	EXP 	tooSlowtext_2: height = 0.025
268.4585 	EXP 	tooSlowtext_2: text = ''
268.4585 	EXP 	tooSlowtext_2: height = 0.025
268.4585 	EXP 	tooSlowtext_2: height = 0.025
268.4585 	EXP 	tooSlowtext_2: height = 0.025
268.4585 	EXP 	tooSlowtext_2: text = 'Zu langsam. Sie müssen schneller antworten.'
268.4585 	EXP 	tooSlowtext_2: autoDraw = False
268.4585 	EXP 	fix_cross_retrbegin_2: text = '+'
268.4585 	EXP 	fix_cross_retrbegin_2: autoDraw = True
268.8112 	EXP 	Device response: <KeyPress from None: t=268.7998910000315, value=b, duration=None>
268.8116 	DATA 	Keypress: b
268.8283 	EXP 	Device response: <KeyPress from None: t=268.81397150002886, value=g, duration=None>
268.8288 	DATA 	Keypress: g
268.8632 	EXP 	Device response: <KeyPress from None: t=268.81397150002886, value=g, duration=0.04739209997933358>
268.9111 	EXP 	Device response: <KeyPress from None: t=268.89879550004844, value=g, duration=None>
268.9115 	DATA 	Keypress: g
268.9607 	EXP 	Device response: <KeyPress from None: t=268.89879550004844, value=g, duration=0.05720909999217838>
269.0277 	EXP 	Device response: <KeyPress from None: t=269.01338720007334, value=g, duration=None>
269.0280 	DATA 	Keypress: g
269.1279 	EXP 	Device response: <KeyPress from None: t=268.7998910000315, value=b, duration=0.31109970004763454>
269.1279 	EXP 	Device response: <KeyPress from None: t=269.01338720007334, value=g, duration=0.10983149998355657>
269.1794 	EXP 	fix_cross_retrbegin_2: autoDraw = False
269.1794 	EXP 	fix_cross_retrbegin_2: autoDraw = False
269.1794 	EXP 	image_1: image = 'stimuli/hand/hand_16.jpg'
269.1794 	EXP 	image_1: autoDraw = True
270.1914 	EXP 	image_1: autoDraw = False
270.1914 	EXP 	image_1: autoDraw = False
270.1914 	EXP 	mask_img1_2: autoDraw = True
270.4605 	EXP 	mask_img1_2: autoDraw = False
270.4605 	EXP 	image_2: image = 'stimuli/bicycle/bicycle_06.jpg'
270.4605 	EXP 	image_2: autoDraw = True
271.4745 	EXP 	image_2: autoDraw = False
271.4745 	EXP 	image_2: autoDraw = False
271.4745 	EXP 	mask_img2_2: autoDraw = True
271.7244 	EXP 	mask_img2_2: autoDraw = False
271.7244 	EXP 	fix_cross_reflretr: autoDraw = True
273.5203 	INFO 	Keyboard events cleared
273.5399 	INFO 	Keyboard events cleared
273.5398 	EXP 	fix_cross_reflretr: autoDraw = False
273.5398 	EXP 	fix_cross_reflretr: autoDraw = False
273.5398 	EXP 	yes_txt: text = 'ja'
273.5398 	EXP 	no_txt: text = 'nein'
273.5398 	EXP 	chooseNowText_2: height = 0.025
273.5398 	EXP 	chooseNowText_2: height = 0.025
273.5398 	EXP 	chooseNowText_2: height = 0.025
273.5398 	EXP 	polygon_6: autoDraw = True
273.5398 	EXP 	yes_txt: autoDraw = True
273.5398 	EXP 	no_txt: autoDraw = True
273.5398 	EXP 	chooseNowText_2: autoDraw = True
274.7602 	EXP 	Device response: <KeyPress from None: t=274.7574707000749, value=r, duration=None>
274.7610 	DATA 	Keypress: r
274.8767 	EXP 	Device response: <KeyPress from None: t=267.43824579997454, value=r, duration=7.428589900024235>
275.1429 	EXP 	Device response: <KeyPress from None: t=275.1381074000383, value=g, duration=None>
275.1437 	DATA 	Keypress: g
275.2249 	EXP 	Device response: <KeyPress from None: t=275.1381074000383, value=g, duration=0.07932629995048046>
275.2607 	INFO 	Keyboard events cleared
275.2892 	EXP 	polygon_6: autoDraw = False
275.2892 	EXP 	yes_txt: autoDraw = False
275.2892 	EXP 	no_txt: autoDraw = False
275.2892 	EXP 	chooseNowText_2: autoDraw = False
275.2892 	EXP 	tooSlowtext_4: height = 0.025
275.2892 	EXP 	tooSlowtext_4: height = 0.025
275.2892 	EXP 	tooSlowtext_4: height = 0.025
275.2892 	EXP 	tooSlowtext_4: text = ''
275.2892 	EXP 	tooSlowtext_4: height = 0.025
275.2892 	EXP 	tooSlowtext_4: height = 0.025
275.2892 	EXP 	tooSlowtext_4: height = 0.025
275.2892 	EXP 	tooSlowtext_4: text = 'Zu langsam. Sie müssen schneller antworten.'
275.2892 	EXP 	tooSlowtext_4: autoDraw = False
275.2892 	EXP 	chooseNowText_3: height = 0.025
275.2892 	EXP 	chooseNowText_3: height = 0.025
275.2892 	EXP 	chooseNowText_3: height = 0.025
275.2892 	EXP 	opt_2: foreColor = <psychopy.colors.Color: white, alpha=1.0>
275.2892 	EXP 	opt_3: foreColor = <psychopy.colors.Color: white, alpha=1.0>
275.2892 	EXP 	opt_4: foreColor = <psychopy.colors.Color: white, alpha=1.0>
275.2892 	EXP 	opt_5: foreColor = <psychopy.colors.Color: white, alpha=1.0>
275.2892 	EXP 	chooseNowText_3: autoDraw = True
275.2892 	EXP 	opt_2: autoDraw = True
275.2892 	EXP 	opt_3: autoDraw = True
275.2892 	EXP 	opt_4: autoDraw = True
275.2892 	EXP 	opt_5: autoDraw = True
275.5756 	EXP 	Device response: <KeyPress from None: t=275.5678463000804, value=b, duration=None>
275.5770 	DATA 	Keypress: b
275.6064 	EXP 	opt_3: foreColor = 'blue'
275.6941 	EXP 	New trial (rep=0, index=15): <Trial 15 (15 in rep 0) data={'learningSeq': 'A', 'block': 'block1', 'runIndexWithinSeq': 1, 'miniblockWithinRun': 3, 'coupleIndexWithinRoute': 15, 'img_first': 'stimuli/chair/chair_11.jpg', 'img_second': 'stimuli/dog/dog_49.jpg', 'img_third': None, 'distance_correct': 4, 'trial_type': 1, 'opt_left': 'no', 'opt_right': 'yes', 'correct_side': 'left', 'correct_key': 'left', 'is_yes': 0, 'image_dur_retr': 1.2, 'fix_dur_retr': 0.2, 'iti_dur_retr': 0.25, 'reflection_win_dur': 2.24, 'routeIndexWithinBlock': 1, 'seqOfRoute': 'A', 'retrIm1Trig': 4, 'retrIm2Trig': 5, 'thisN': 15, 'thisTrialN': 15, 'thisRepN': 0}>
275.7061 	EXP 	chooseNowText_3: autoDraw = False
275.7061 	EXP 	opt_2: autoDraw = False
275.7061 	EXP 	opt_3: autoDraw = False
275.7061 	EXP 	opt_4: autoDraw = False
275.7061 	EXP 	opt_5: autoDraw = False
275.7061 	EXP 	tooSlowtext_2: height = 0.025
275.7061 	EXP 	tooSlowtext_2: height = 0.025
275.7061 	EXP 	tooSlowtext_2: height = 0.025
275.7061 	EXP 	tooSlowtext_2: text = ''
275.7061 	EXP 	tooSlowtext_2: height = 0.025
275.7061 	EXP 	tooSlowtext_2: height = 0.025
275.7061 	EXP 	tooSlowtext_2: height = 0.025
275.7061 	EXP 	tooSlowtext_2: text = 'Zu langsam. Sie müssen schneller antworten.'
275.7061 	EXP 	tooSlowtext_2: autoDraw = False
275.7061 	EXP 	fix_cross_retrbegin_2: text = '+'
275.7061 	EXP 	fix_cross_retrbegin_2: autoDraw = True
275.7083 	EXP 	Device response: <KeyPress from None: t=275.5678463000804, value=b, duration=0.13811359996907413>
275.9755 	EXP 	fix_cross_retrbegin_2: autoDraw = False
275.9755 	EXP 	fix_cross_retrbegin_2: autoDraw = False
275.9755 	EXP 	image_1: image = 'stimuli/chair/chair_11.jpg'
275.9755 	EXP 	image_1: autoDraw = True
276.1251 	EXP 	Device response: <KeyPress from None: t=276.1096537000267, value=b, duration=None>
276.1251 	EXP 	Device response: <KeyPress from None: t=276.12185920006596, value=g, duration=None>
276.1253 	DATA 	Keypress: b
276.1254 	DATA 	Keypress: g
276.1753 	EXP 	Device response: <KeyPress from None: t=276.1096537000267, value=b, duration=0.06066409999039024>
276.2082 	EXP 	Device response: <KeyPress from None: t=276.12185920006596, value=g, duration=0.08250189991667867>
276.9892 	EXP 	image_1: autoDraw = False
276.9892 	EXP 	image_1: autoDraw = False
276.9892 	EXP 	mask_img1_2: autoDraw = True
277.2806 	EXP 	mask_img1_2: autoDraw = False
277.2806 	EXP 	mask_img1_2: autoDraw = False
277.2806 	EXP 	image_2: image = 'stimuli/dog/dog_49.jpg'
277.2806 	EXP 	image_2: autoDraw = True
278.2889 	EXP 	image_2: autoDraw = False
278.2889 	EXP 	image_2: autoDraw = False
278.2889 	EXP 	mask_img2_2: autoDraw = True
278.5390 	EXP 	mask_img2_2: autoDraw = False
278.5390 	EXP 	mask_img2_2: autoDraw = False
278.5390 	EXP 	fix_cross_reflretr: autoDraw = True
278.8906 	EXP 	Device response: <KeyPress from None: t=278.8802182000363, value=f, duration=None>
278.8910 	DATA 	Keypress: f
278.9069 	EXP 	Device response: <KeyPress from None: t=278.8802182000363, value=f, duration=0.015025499975308776>
280.7860 	INFO 	Keyboard events cleared
280.8043 	INFO 	Keyboard events cleared
280.8042 	EXP 	fix_cross_reflretr: autoDraw = False
280.8042 	EXP 	fix_cross_reflretr: autoDraw = False
280.8042 	EXP 	yes_txt: text = 'ja'
280.8042 	EXP 	no_txt: text = 'nein'
280.8042 	EXP 	chooseNowText_2: height = 0.025
280.8042 	EXP 	chooseNowText_2: height = 0.025
280.8042 	EXP 	chooseNowText_2: height = 0.025
280.8042 	EXP 	polygon_6: autoDraw = True
280.8042 	EXP 	yes_txt: autoDraw = True
280.8042 	EXP 	no_txt: autoDraw = True
280.8042 	EXP 	chooseNowText_2: autoDraw = True
281.8409 	EXP 	Device response: <KeyPress from None: t=281.83326940005645, value=r, duration=None>
281.8418 	DATA 	Keypress: r
281.8907 	EXP 	Device response: <KeyPress from None: t=274.7574707000749, value=r, duration=7.129302999936044>
282.1564 	EXP 	Device response: <KeyPress from None: t=282.1463754000142, value=g, duration=None>
282.1585 	DATA 	Keypress: g
282.2399 	EXP 	Device response: <KeyPress from None: t=282.1463754000142, value=g, duration=0.09090339997783303>
282.2593 	INFO 	Keyboard events cleared
282.2872 	EXP 	polygon_6: autoDraw = False
282.2872 	EXP 	yes_txt: autoDraw = False
282.2872 	EXP 	no_txt: autoDraw = False
282.2872 	EXP 	chooseNowText_2: autoDraw = False
282.2872 	EXP 	tooSlowtext_4: height = 0.025
282.2872 	EXP 	tooSlowtext_4: height = 0.025
282.2872 	EXP 	tooSlowtext_4: height = 0.025
282.2872 	EXP 	tooSlowtext_4: text = ''
282.2872 	EXP 	tooSlowtext_4: height = 0.025
282.2872 	EXP 	tooSlowtext_4: height = 0.025
282.2872 	EXP 	tooSlowtext_4: height = 0.025
282.2872 	EXP 	tooSlowtext_4: text = 'Zu langsam. Sie müssen schneller antworten.'
282.2872 	EXP 	tooSlowtext_4: autoDraw = False
282.2872 	EXP 	chooseNowText_3: height = 0.025
282.2872 	EXP 	chooseNowText_3: height = 0.025
282.2872 	EXP 	chooseNowText_3: height = 0.025
282.2872 	EXP 	opt_2: foreColor = <psychopy.colors.Color: white, alpha=1.0>
282.2872 	EXP 	opt_3: foreColor = <psychopy.colors.Color: white, alpha=1.0>
282.2872 	EXP 	opt_4: foreColor = <psychopy.colors.Color: white, alpha=1.0>
282.2872 	EXP 	opt_5: foreColor = <psychopy.colors.Color: white, alpha=1.0>
282.2872 	EXP 	chooseNowText_3: autoDraw = True
282.2872 	EXP 	opt_2: autoDraw = True
282.2872 	EXP 	opt_3: autoDraw = True
282.2872 	EXP 	opt_4: autoDraw = True
282.2872 	EXP 	opt_5: autoDraw = True
282.7713 	INFO 	Keyboard events cleared
282.7750 	DATA 	Keypress: b
283.5894 	EXP 	Device response: <KeyPress from None: t=283.57353900000453, value=b, duration=None>
283.5903 	DATA 	Keypress: b
283.6203 	EXP 	opt_3: foreColor = 'blue'
283.6562 	EXP 	Device response: <KeyPress from None: t=283.57353900000453, value=b, duration=0.08164860005490482>
283.7087 	EXP 	New trial (rep=0, index=16): <Trial 16 (16 in rep 0) data={'learningSeq': 'A', 'block': 'block1', 'runIndexWithinSeq': 1, 'miniblockWithinRun': 4, 'coupleIndexWithinRoute': 16, 'img_first': 'stimuli/bread/bread_29.jpg', 'img_second': 'stimuli/hammer/hammer_16.jpg', 'img_third': None, 'distance_correct': 2, 'trial_type': 1, 'opt_left': 'no', 'opt_right': 'yes', 'correct_side': 'right', 'correct_key': 'right', 'is_yes': 1, 'image_dur_retr': 1.2, 'fix_dur_retr': 0.2, 'iti_dur_retr': 0.74, 'reflection_win_dur': 1.93, 'routeIndexWithinBlock': 1, 'seqOfRoute': 'A', 'retrIm1Trig': 3, 'retrIm2Trig': 7, 'thisN': 16, 'thisTrialN': 16, 'thisRepN': 0}>
283.7202 	EXP 	chooseNowText_3: autoDraw = False
283.7202 	EXP 	opt_2: autoDraw = False
283.7202 	EXP 	opt_3: autoDraw = False
283.7202 	EXP 	opt_4: autoDraw = False
283.7202 	EXP 	opt_5: autoDraw = False
283.7202 	EXP 	tooSlowtext_2: height = 0.025
283.7202 	EXP 	tooSlowtext_2: height = 0.025
283.7202 	EXP 	tooSlowtext_2: height = 0.025
283.7202 	EXP 	tooSlowtext_2: text = ''
283.7202 	EXP 	tooSlowtext_2: height = 0.025
283.7202 	EXP 	tooSlowtext_2: height = 0.025
283.7202 	EXP 	tooSlowtext_2: height = 0.025
283.7202 	EXP 	tooSlowtext_2: text = 'Zu langsam. Sie müssen schneller antworten.'
283.7202 	EXP 	tooSlowtext_2: autoDraw = False
283.7202 	EXP 	fix_cross_retrbegin_2: text = '+'
283.7202 	EXP 	fix_cross_retrbegin_2: autoDraw = True
284.4895 	EXP 	fix_cross_retrbegin_2: autoDraw = False
284.4895 	EXP 	fix_cross_retrbegin_2: autoDraw = False
284.4895 	EXP 	image_1: image = 'stimuli/bread/bread_29.jpg'
284.4895 	EXP 	image_1: autoDraw = True
285.5035 	EXP 	image_1: autoDraw = False
285.5035 	EXP 	image_1: autoDraw = False
285.5035 	EXP 	mask_img1_2: autoDraw = True
285.7748 	EXP 	mask_img1_2: autoDraw = False
285.7748 	EXP 	mask_img1_2: autoDraw = False
285.7748 	EXP 	image_2: image = 'stimuli/hammer/hammer_16.jpg'
285.7748 	EXP 	image_2: autoDraw = True
286.7861 	EXP 	image_2: autoDraw = False
286.7861 	EXP 	image_2: autoDraw = False
286.7861 	EXP 	mask_img2_2: autoDraw = True
287.0357 	EXP 	mask_img2_2: autoDraw = False
287.0357 	EXP 	mask_img2_2: autoDraw = False
287.0357 	EXP 	fix_cross_reflretr: autoDraw = True
288.9663 	INFO 	Keyboard events cleared
288.9849 	INFO 	Keyboard events cleared
288.9848 	EXP 	fix_cross_reflretr: autoDraw = False
288.9848 	EXP 	fix_cross_reflretr: autoDraw = False
288.9848 	EXP 	yes_txt: text = 'ja'
288.9848 	EXP 	no_txt: text = 'nein'
288.9848 	EXP 	chooseNowText_2: height = 0.025
288.9848 	EXP 	chooseNowText_2: height = 0.025
288.9848 	EXP 	chooseNowText_2: height = 0.025
288.9848 	EXP 	polygon_6: autoDraw = True
288.9848 	EXP 	yes_txt: autoDraw = True
288.9848 	EXP 	no_txt: autoDraw = True
288.9848 	EXP 	chooseNowText_2: autoDraw = True
290.1206 	EXP 	Device response: <KeyPress from None: t=290.11444200004917, value=b, duration=None>
290.1232 	DATA 	Keypress: b
290.2202 	EXP 	Device response: <KeyPress from None: t=290.11444200004917, value=b, duration=0.09501569997519255>
290.2399 	INFO 	Keyboard events cleared
290.2682 	EXP 	polygon_6: autoDraw = False
290.2682 	EXP 	yes_txt: autoDraw = False
290.2682 	EXP 	no_txt: autoDraw = False
290.2682 	EXP 	chooseNowText_2: autoDraw = False
290.2682 	EXP 	tooSlowtext_4: height = 0.025
290.2682 	EXP 	tooSlowtext_4: height = 0.025
290.2682 	EXP 	tooSlowtext_4: height = 0.025
290.2682 	EXP 	tooSlowtext_4: text = ''
290.2682 	EXP 	tooSlowtext_4: height = 0.025
290.2682 	EXP 	tooSlowtext_4: height = 0.025
290.2682 	EXP 	tooSlowtext_4: height = 0.025
290.2682 	EXP 	tooSlowtext_4: text = 'Zu langsam. Sie müssen schneller antworten.'
290.2682 	EXP 	tooSlowtext_4: autoDraw = False
290.2682 	EXP 	chooseNowText_3: height = 0.025
290.2682 	EXP 	chooseNowText_3: height = 0.025
290.2682 	EXP 	chooseNowText_3: height = 0.025
290.2682 	EXP 	opt_2: foreColor = <psychopy.colors.Color: white, alpha=1.0>
290.2682 	EXP 	opt_3: foreColor = <psychopy.colors.Color: white, alpha=1.0>
290.2682 	EXP 	opt_4: foreColor = <psychopy.colors.Color: white, alpha=1.0>
290.2682 	EXP 	opt_5: foreColor = <psychopy.colors.Color: white, alpha=1.0>
290.2682 	EXP 	chooseNowText_3: autoDraw = True
290.2682 	EXP 	opt_2: autoDraw = True
290.2682 	EXP 	opt_3: autoDraw = True
290.2682 	EXP 	opt_4: autoDraw = True
290.2682 	EXP 	opt_5: autoDraw = True
290.5702 	EXP 	Device response: <KeyPress from None: t=290.56105340004433, value=g, duration=None>
290.5715 	DATA 	Keypress: g
290.6010 	EXP 	opt_5: foreColor = 'blue'
290.6732 	EXP 	New trial (rep=0, index=17): <Trial 17 (17 in rep 0) data={'learningSeq': 'A', 'block': 'block1', 'runIndexWithinSeq': 1, 'miniblockWithinRun': 4, 'coupleIndexWithinRoute': 17, 'img_first': 'stimuli/ball/ball_11.jpg', 'img_second': 'stimuli/chair/chair_11.jpg', 'img_third': None, 'distance_correct': 5, 'trial_type': 1, 'opt_left': 'yes', 'opt_right': 'no', 'correct_side': 'left', 'correct_key': 'left', 'is_yes': 1, 'image_dur_retr': 1.2, 'fix_dur_retr': 0.2, 'iti_dur_retr': 0.65, 'reflection_win_dur': 1.96, 'routeIndexWithinBlock': 1, 'seqOfRoute': 'A', 'retrIm1Trig': 1, 'retrIm2Trig': 4, 'thisN': 17, 'thisTrialN': 17, 'thisRepN': 0}>
290.6848 	EXP 	chooseNowText_3: autoDraw = False
290.6848 	EXP 	opt_2: autoDraw = False
290.6848 	EXP 	opt_3: autoDraw = False
290.6848 	EXP 	opt_4: autoDraw = False
290.6848 	EXP 	opt_5: autoDraw = False
290.6848 	EXP 	tooSlowtext_2: height = 0.025
290.6848 	EXP 	tooSlowtext_2: height = 0.025
290.6848 	EXP 	tooSlowtext_2: height = 0.025
290.6848 	EXP 	tooSlowtext_2: text = ''
290.6848 	EXP 	tooSlowtext_2: height = 0.025
290.6848 	EXP 	tooSlowtext_2: height = 0.025
290.6848 	EXP 	tooSlowtext_2: height = 0.025
290.6848 	EXP 	tooSlowtext_2: text = 'Zu langsam. Sie müssen schneller antworten.'
290.6848 	EXP 	tooSlowtext_2: autoDraw = False
290.6848 	EXP 	fix_cross_retrbegin_2: text = '+'
290.6848 	EXP 	fix_cross_retrbegin_2: autoDraw = True
291.0869 	EXP 	Device response: <KeyPress from None: t=291.07864259998314, value=r, duration=None>
291.0873 	DATA 	Keypress: r
291.1032 	EXP 	Device response: <KeyPress from None: t=291.10279390006326, value=b, duration=None>
291.1035 	DATA 	Keypress: b
291.4057 	EXP 	fix_cross_retrbegin_2: autoDraw = False
291.4057 	EXP 	fix_cross_retrbegin_2: autoDraw = False
291.4057 	EXP 	image_1: image = 'stimuli/ball/ball_11.jpg'
291.4057 	EXP 	image_1: autoDraw = True
291.4539 	EXP 	Device response: <KeyPress from None: t=281.83326940005645, value=r, duration=9.612991499947384>
291.4705 	EXP 	Device response: <KeyPress from None: t=291.10279390006326, value=b, duration=0.35551349993329495>
291.4705 	EXP 	Device response: <KeyPress from None: t=290.56105340004433, value=g, duration=0.9011039999313653>
292.4178 	EXP 	image_1: autoDraw = False
292.4178 	EXP 	image_1: autoDraw = False
292.4178 	EXP 	mask_img1_2: autoDraw = True
292.6868 	EXP 	mask_img1_2: autoDraw = False
292.6868 	EXP 	mask_img1_2: autoDraw = False
292.6868 	EXP 	image_2: image = 'stimuli/chair/chair_11.jpg'
292.6868 	EXP 	image_2: autoDraw = True
293.7007 	EXP 	image_2: autoDraw = False
293.7007 	EXP 	image_2: autoDraw = False
293.7007 	EXP 	mask_img2_2: autoDraw = True
293.9506 	EXP 	mask_img2_2: autoDraw = False
293.9506 	EXP 	mask_img2_2: autoDraw = False
293.9506 	EXP 	fix_cross_reflretr: autoDraw = True
295.9144 	INFO 	Keyboard events cleared
295.9499 	INFO 	Keyboard events cleared
295.9497 	EXP 	fix_cross_reflretr: autoDraw = False
295.9497 	EXP 	fix_cross_reflretr: autoDraw = False
295.9497 	EXP 	yes_txt: text = 'ja'
295.9497 	EXP 	no_txt: text = 'nein'
295.9497 	EXP 	chooseNowText_2: height = 0.025
295.9497 	EXP 	chooseNowText_2: height = 0.025
295.9497 	EXP 	chooseNowText_2: height = 0.025
295.9497 	EXP 	polygon_6: autoDraw = True
295.9497 	EXP 	yes_txt: autoDraw = True
295.9497 	EXP 	no_txt: autoDraw = True
295.9497 	EXP 	chooseNowText_2: autoDraw = True
297.9372 	EXP 	chooseNowText_2: height = 0.025
297.9372 	EXP 	chooseNowText_2: height = 0.025
297.9372 	EXP 	chooseNowText_2: height = 0.025
297.9528 	EXP 	chooseNowText_2: height = 0.025
297.9528 	EXP 	chooseNowText_2: height = 0.025
297.9528 	EXP 	chooseNowText_2: height = 0.025
297.9709 	EXP 	chooseNowText_2: height = 0.025
297.9709 	EXP 	chooseNowText_2: height = 0.025
297.9709 	EXP 	chooseNowText_2: height = 0.025
297.9860 	EXP 	chooseNowText_2: height = 0.025
297.9860 	EXP 	chooseNowText_2: height = 0.025
297.9860 	EXP 	chooseNowText_2: height = 0.025
298.0039 	EXP 	chooseNowText_2: height = 0.025
298.0039 	EXP 	chooseNowText_2: height = 0.025
298.0039 	EXP 	chooseNowText_2: height = 0.025
298.0343 	EXP 	chooseNowText_2: height = 0.025
298.0343 	EXP 	chooseNowText_2: height = 0.025
298.0343 	EXP 	chooseNowText_2: height = 0.025
298.0513 	EXP 	chooseNowText_2: height = 0.025
298.0513 	EXP 	chooseNowText_2: height = 0.025
298.0513 	EXP 	chooseNowText_2: height = 0.025
298.0688 	EXP 	chooseNowText_2: height = 0.025
298.0688 	EXP 	chooseNowText_2: height = 0.025
298.0688 	EXP 	chooseNowText_2: height = 0.025
298.0832 	EXP 	chooseNowText_2: height = 0.025
298.0832 	EXP 	chooseNowText_2: height = 0.025
298.0832 	EXP 	chooseNowText_2: height = 0.025
298.0994 	EXP 	chooseNowText_2: height = 0.025
298.0994 	EXP 	chooseNowText_2: height = 0.025
298.0994 	EXP 	chooseNowText_2: height = 0.025
298.1161 	EXP 	chooseNowText_2: height = 0.025
298.1161 	EXP 	chooseNowText_2: height = 0.025
298.1161 	EXP 	chooseNowText_2: height = 0.025
298.1328 	EXP 	chooseNowText_2: height = 0.025
298.1328 	EXP 	chooseNowText_2: height = 0.025
298.1328 	EXP 	chooseNowText_2: height = 0.025
298.1496 	EXP 	chooseNowText_2: height = 0.025
298.1496 	EXP 	chooseNowText_2: height = 0.025
298.1496 	EXP 	chooseNowText_2: height = 0.025
298.1662 	EXP 	chooseNowText_2: height = 0.025
298.1662 	EXP 	chooseNowText_2: height = 0.025
298.1662 	EXP 	chooseNowText_2: height = 0.025
298.1829 	EXP 	chooseNowText_2: height = 0.025
298.1829 	EXP 	chooseNowText_2: height = 0.025
298.1829 	EXP 	chooseNowText_2: height = 0.025
298.1995 	EXP 	chooseNowText_2: height = 0.025
298.1995 	EXP 	chooseNowText_2: height = 0.025
298.1995 	EXP 	chooseNowText_2: height = 0.025
298.2188 	EXP 	chooseNowText_2: height = 0.025
298.2188 	EXP 	chooseNowText_2: height = 0.025
298.2188 	EXP 	chooseNowText_2: height = 0.025
298.2348 	EXP 	chooseNowText_2: height = 0.025
298.2348 	EXP 	chooseNowText_2: height = 0.025
298.2348 	EXP 	chooseNowText_2: height = 0.025
298.2523 	EXP 	chooseNowText_2: height = 0.025
298.2523 	EXP 	chooseNowText_2: height = 0.025
298.2523 	EXP 	chooseNowText_2: height = 0.025
298.2680 	EXP 	chooseNowText_2: height = 0.025
298.2680 	EXP 	chooseNowText_2: height = 0.025
298.2680 	EXP 	chooseNowText_2: height = 0.025
298.2829 	EXP 	chooseNowText_2: height = 0.025
298.2829 	EXP 	chooseNowText_2: height = 0.025
298.2829 	EXP 	chooseNowText_2: height = 0.025
298.2997 	EXP 	chooseNowText_2: height = 0.025
298.2997 	EXP 	chooseNowText_2: height = 0.025
298.2997 	EXP 	chooseNowText_2: height = 0.025
298.3164 	EXP 	chooseNowText_2: height = 0.025
298.3164 	EXP 	chooseNowText_2: height = 0.025
298.3164 	EXP 	chooseNowText_2: height = 0.025
298.3333 	EXP 	chooseNowText_2: height = 0.025
298.3333 	EXP 	chooseNowText_2: height = 0.025
298.3333 	EXP 	chooseNowText_2: height = 0.025
298.3499 	EXP 	chooseNowText_2: height = 0.025
298.3499 	EXP 	chooseNowText_2: height = 0.025
298.3499 	EXP 	chooseNowText_2: height = 0.025
298.3662 	EXP 	chooseNowText_2: height = 0.025
298.3662 	EXP 	chooseNowText_2: height = 0.025
298.3662 	EXP 	chooseNowText_2: height = 0.025
298.3827 	EXP 	chooseNowText_2: height = 0.025
298.3827 	EXP 	chooseNowText_2: height = 0.025
298.3827 	EXP 	chooseNowText_2: height = 0.025
298.3995 	EXP 	chooseNowText_2: height = 0.025
298.3995 	EXP 	chooseNowText_2: height = 0.025
298.3995 	EXP 	chooseNowText_2: height = 0.025
298.4162 	EXP 	chooseNowText_2: height = 0.025
298.4162 	EXP 	chooseNowText_2: height = 0.025
298.4162 	EXP 	chooseNowText_2: height = 0.025
298.4327 	EXP 	chooseNowText_2: height = 0.025
298.4327 	EXP 	chooseNowText_2: height = 0.025
298.4327 	EXP 	chooseNowText_2: height = 0.025
298.4495 	EXP 	chooseNowText_2: height = 0.025
298.4495 	EXP 	chooseNowText_2: height = 0.025
298.4495 	EXP 	chooseNowText_2: height = 0.025
298.4661 	EXP 	chooseNowText_2: height = 0.025
298.4661 	EXP 	chooseNowText_2: height = 0.025
298.4661 	EXP 	chooseNowText_2: height = 0.025
298.4860 	EXP 	chooseNowText_2: height = 0.025
298.4860 	EXP 	chooseNowText_2: height = 0.025
298.4860 	EXP 	chooseNowText_2: height = 0.025
298.5016 	EXP 	chooseNowText_2: height = 0.025
298.5016 	EXP 	chooseNowText_2: height = 0.025
298.5016 	EXP 	chooseNowText_2: height = 0.025
298.5192 	EXP 	chooseNowText_2: height = 0.025
298.5192 	EXP 	chooseNowText_2: height = 0.025
298.5192 	EXP 	chooseNowText_2: height = 0.025
298.5354 	EXP 	chooseNowText_2: height = 0.025
298.5354 	EXP 	chooseNowText_2: height = 0.025
298.5354 	EXP 	chooseNowText_2: height = 0.025
298.5533 	EXP 	chooseNowText_2: height = 0.025
298.5533 	EXP 	chooseNowText_2: height = 0.025
298.5533 	EXP 	chooseNowText_2: height = 0.025
298.5668 	EXP 	chooseNowText_2: height = 0.025
298.5668 	EXP 	chooseNowText_2: height = 0.025
298.5668 	EXP 	chooseNowText_2: height = 0.025
298.5829 	EXP 	chooseNowText_2: height = 0.025
298.5829 	EXP 	chooseNowText_2: height = 0.025
298.5829 	EXP 	chooseNowText_2: height = 0.025
298.5995 	EXP 	chooseNowText_2: height = 0.025
298.5995 	EXP 	chooseNowText_2: height = 0.025
298.5995 	EXP 	chooseNowText_2: height = 0.025
298.6164 	EXP 	chooseNowText_2: height = 0.025
298.6164 	EXP 	chooseNowText_2: height = 0.025
298.6164 	EXP 	chooseNowText_2: height = 0.025
298.6327 	EXP 	chooseNowText_2: height = 0.025
298.6327 	EXP 	chooseNowText_2: height = 0.025
298.6327 	EXP 	chooseNowText_2: height = 0.025
298.6499 	EXP 	chooseNowText_2: height = 0.025
298.6499 	EXP 	chooseNowText_2: height = 0.025
298.6499 	EXP 	chooseNowText_2: height = 0.025
298.6664 	EXP 	chooseNowText_2: height = 0.025
298.6664 	EXP 	chooseNowText_2: height = 0.025
298.6664 	EXP 	chooseNowText_2: height = 0.025
298.6829 	EXP 	chooseNowText_2: height = 0.025
298.6829 	EXP 	chooseNowText_2: height = 0.025
298.6829 	EXP 	chooseNowText_2: height = 0.025
298.6998 	EXP 	chooseNowText_2: height = 0.025
298.6998 	EXP 	chooseNowText_2: height = 0.025
298.6998 	EXP 	chooseNowText_2: height = 0.025
298.7173 	EXP 	chooseNowText_2: height = 0.025
298.7173 	EXP 	chooseNowText_2: height = 0.025
298.7173 	EXP 	chooseNowText_2: height = 0.025
298.7357 	EXP 	chooseNowText_2: height = 0.025
298.7357 	EXP 	chooseNowText_2: height = 0.025
298.7357 	EXP 	chooseNowText_2: height = 0.025
298.7542 	EXP 	chooseNowText_2: height = 0.025
298.7542 	EXP 	chooseNowText_2: height = 0.025
298.7542 	EXP 	chooseNowText_2: height = 0.025
298.7692 	EXP 	chooseNowText_2: height = 0.025
298.7692 	EXP 	chooseNowText_2: height = 0.025
298.7692 	EXP 	chooseNowText_2: height = 0.025
298.7865 	EXP 	chooseNowText_2: height = 0.025
298.7865 	EXP 	chooseNowText_2: height = 0.025
298.7865 	EXP 	chooseNowText_2: height = 0.025
298.8160 	EXP 	chooseNowText_2: height = 0.025
298.8160 	EXP 	chooseNowText_2: height = 0.025
298.8160 	EXP 	chooseNowText_2: height = 0.025
298.8331 	EXP 	chooseNowText_2: height = 0.025
298.8331 	EXP 	chooseNowText_2: height = 0.025
298.8331 	EXP 	chooseNowText_2: height = 0.025
298.8496 	EXP 	chooseNowText_2: height = 0.025
298.8496 	EXP 	chooseNowText_2: height = 0.025
298.8496 	EXP 	chooseNowText_2: height = 0.025
298.8664 	EXP 	chooseNowText_2: height = 0.025
298.8664 	EXP 	chooseNowText_2: height = 0.025
298.8664 	EXP 	chooseNowText_2: height = 0.025
298.8829 	EXP 	chooseNowText_2: height = 0.025
298.8829 	EXP 	chooseNowText_2: height = 0.025
298.8829 	EXP 	chooseNowText_2: height = 0.025
298.8994 	EXP 	chooseNowText_2: height = 0.025
298.8994 	EXP 	chooseNowText_2: height = 0.025
298.8994 	EXP 	chooseNowText_2: height = 0.025
298.9163 	EXP 	chooseNowText_2: height = 0.025
298.9163 	EXP 	chooseNowText_2: height = 0.025
298.9163 	EXP 	chooseNowText_2: height = 0.025
298.9325 	EXP 	chooseNowText_2: height = 0.025
298.9325 	EXP 	chooseNowText_2: height = 0.025
298.9325 	EXP 	chooseNowText_2: height = 0.025
298.9325 	EXP 	polygon_6: autoDraw = False
298.9325 	EXP 	yes_txt: autoDraw = False
298.9325 	EXP 	no_txt: autoDraw = False
298.9325 	EXP 	chooseNowText_2: autoDraw = False
298.9325 	EXP 	tooSlowtext_4: height = 0.025
298.9325 	EXP 	tooSlowtext_4: height = 0.025
298.9325 	EXP 	tooSlowtext_4: height = 0.025
298.9325 	EXP 	tooSlowtext_4: text = ''
298.9325 	EXP 	tooSlowtext_4: height = 0.025
298.9325 	EXP 	tooSlowtext_4: height = 0.025
298.9325 	EXP 	tooSlowtext_4: height = 0.025
298.9325 	EXP 	tooSlowtext_4: text = 'Zu langsam. Sie müssen schneller antworten.'
298.9325 	EXP 	tooSlowtext_4: autoDraw = True
299.4208 	INFO 	Keyboard events cleared
299.4494 	EXP 	tooSlowtext_4: autoDraw = False
299.4494 	EXP 	tooSlowtext_4: autoDraw = False
299.4494 	EXP 	chooseNowText_3: height = 0.025
299.4494 	EXP 	chooseNowText_3: height = 0.025
299.4494 	EXP 	chooseNowText_3: height = 0.025
299.4494 	EXP 	opt_2: foreColor = <psychopy.colors.Color: white, alpha=1.0>
299.4494 	EXP 	opt_3: foreColor = <psychopy.colors.Color: white, alpha=1.0>
299.4494 	EXP 	opt_4: foreColor = <psychopy.colors.Color: white, alpha=1.0>
299.4494 	EXP 	opt_5: foreColor = <psychopy.colors.Color: white, alpha=1.0>
299.4494 	EXP 	chooseNowText_3: autoDraw = True
299.4494 	EXP 	opt_2: autoDraw = True
299.4494 	EXP 	opt_3: autoDraw = True
299.4494 	EXP 	opt_4: autoDraw = True
299.4494 	EXP 	opt_5: autoDraw = True
299.9323 	INFO 	Keyboard events cleared
301.4493 	EXP 	chooseNowText_3: height = 0.025
301.4493 	EXP 	chooseNowText_3: height = 0.025
301.4493 	EXP 	chooseNowText_3: height = 0.025
301.4659 	EXP 	chooseNowText_3: height = 0.025
301.4659 	EXP 	chooseNowText_3: height = 0.025
301.4659 	EXP 	chooseNowText_3: height = 0.025
301.4850 	EXP 	chooseNowText_3: height = 0.025
301.4850 	EXP 	chooseNowText_3: height = 0.025
301.4850 	EXP 	chooseNowText_3: height = 0.025
301.5180 	EXP 	chooseNowText_3: height = 0.025
301.5180 	EXP 	chooseNowText_3: height = 0.025
301.5180 	EXP 	chooseNowText_3: height = 0.025
301.5618 	EXP 	chooseNowText_3: height = 0.025
301.5618 	EXP 	chooseNowText_3: height = 0.025
301.5618 	EXP 	chooseNowText_3: height = 0.025
301.5822 	EXP 	chooseNowText_3: height = 0.025
301.5822 	EXP 	chooseNowText_3: height = 0.025
301.5822 	EXP 	chooseNowText_3: height = 0.025
301.5986 	EXP 	chooseNowText_3: height = 0.025
301.5986 	EXP 	chooseNowText_3: height = 0.025
301.5986 	EXP 	chooseNowText_3: height = 0.025
301.6149 	EXP 	chooseNowText_3: height = 0.025
301.6149 	EXP 	chooseNowText_3: height = 0.025
301.6149 	EXP 	chooseNowText_3: height = 0.025
301.6315 	EXP 	chooseNowText_3: height = 0.025
301.6315 	EXP 	chooseNowText_3: height = 0.025
301.6315 	EXP 	chooseNowText_3: height = 0.025
301.6484 	EXP 	chooseNowText_3: height = 0.025
301.6484 	EXP 	chooseNowText_3: height = 0.025
301.6484 	EXP 	chooseNowText_3: height = 0.025
301.6650 	EXP 	chooseNowText_3: height = 0.025
301.6650 	EXP 	chooseNowText_3: height = 0.025
301.6650 	EXP 	chooseNowText_3: height = 0.025
301.6816 	EXP 	chooseNowText_3: height = 0.025
301.6816 	EXP 	chooseNowText_3: height = 0.025
301.6816 	EXP 	chooseNowText_3: height = 0.025
301.6985 	EXP 	chooseNowText_3: height = 0.025
301.6985 	EXP 	chooseNowText_3: height = 0.025
301.6985 	EXP 	chooseNowText_3: height = 0.025
301.7155 	EXP 	chooseNowText_3: height = 0.025
301.7155 	EXP 	chooseNowText_3: height = 0.025
301.7155 	EXP 	chooseNowText_3: height = 0.025
301.7318 	EXP 	chooseNowText_3: height = 0.025
301.7318 	EXP 	chooseNowText_3: height = 0.025
301.7318 	EXP 	chooseNowText_3: height = 0.025
301.7483 	EXP 	chooseNowText_3: height = 0.025
301.7483 	EXP 	chooseNowText_3: height = 0.025
301.7483 	EXP 	chooseNowText_3: height = 0.025
301.7663 	EXP 	chooseNowText_3: height = 0.025
301.7663 	EXP 	chooseNowText_3: height = 0.025
301.7663 	EXP 	chooseNowText_3: height = 0.025
301.7870 	EXP 	chooseNowText_3: height = 0.025
301.7870 	EXP 	chooseNowText_3: height = 0.025
301.7870 	EXP 	chooseNowText_3: height = 0.025
301.7988 	EXP 	chooseNowText_3: height = 0.025
301.7988 	EXP 	chooseNowText_3: height = 0.025
301.7988 	EXP 	chooseNowText_3: height = 0.025
301.8149 	EXP 	chooseNowText_3: height = 0.025
301.8149 	EXP 	chooseNowText_3: height = 0.025
301.8149 	EXP 	chooseNowText_3: height = 0.025
301.8316 	EXP 	chooseNowText_3: height = 0.025
301.8316 	EXP 	chooseNowText_3: height = 0.025
301.8316 	EXP 	chooseNowText_3: height = 0.025
301.8482 	EXP 	chooseNowText_3: height = 0.025
301.8482 	EXP 	chooseNowText_3: height = 0.025
301.8482 	EXP 	chooseNowText_3: height = 0.025
301.8649 	EXP 	chooseNowText_3: height = 0.025
301.8649 	EXP 	chooseNowText_3: height = 0.025
301.8649 	EXP 	chooseNowText_3: height = 0.025
301.8817 	EXP 	chooseNowText_3: height = 0.025
301.8817 	EXP 	chooseNowText_3: height = 0.025
301.8817 	EXP 	chooseNowText_3: height = 0.025
301.8982 	EXP 	chooseNowText_3: height = 0.025
301.8982 	EXP 	chooseNowText_3: height = 0.025
301.8982 	EXP 	chooseNowText_3: height = 0.025
301.9149 	EXP 	chooseNowText_3: height = 0.025
301.9149 	EXP 	chooseNowText_3: height = 0.025
301.9149 	EXP 	chooseNowText_3: height = 0.025
301.9315 	EXP 	chooseNowText_3: height = 0.025
301.9315 	EXP 	chooseNowText_3: height = 0.025
301.9315 	EXP 	chooseNowText_3: height = 0.025
301.9483 	EXP 	chooseNowText_3: height = 0.025
301.9483 	EXP 	chooseNowText_3: height = 0.025
301.9483 	EXP 	chooseNowText_3: height = 0.025
301.9648 	EXP 	chooseNowText_3: height = 0.025
301.9648 	EXP 	chooseNowText_3: height = 0.025
301.9648 	EXP 	chooseNowText_3: height = 0.025
301.9816 	EXP 	chooseNowText_3: height = 0.025
301.9816 	EXP 	chooseNowText_3: height = 0.025
301.9816 	EXP 	chooseNowText_3: height = 0.025
301.9985 	EXP 	chooseNowText_3: height = 0.025
301.9985 	EXP 	chooseNowText_3: height = 0.025
301.9985 	EXP 	chooseNowText_3: height = 0.025
302.0149 	EXP 	chooseNowText_3: height = 0.025
302.0149 	EXP 	chooseNowText_3: height = 0.025
302.0149 	EXP 	chooseNowText_3: height = 0.025
302.0317 	EXP 	chooseNowText_3: height = 0.025
302.0317 	EXP 	chooseNowText_3: height = 0.025
302.0317 	EXP 	chooseNowText_3: height = 0.025
302.0482 	EXP 	chooseNowText_3: height = 0.025
302.0482 	EXP 	chooseNowText_3: height = 0.025
302.0482 	EXP 	chooseNowText_3: height = 0.025
302.0649 	EXP 	chooseNowText_3: height = 0.025
302.0649 	EXP 	chooseNowText_3: height = 0.025
302.0649 	EXP 	chooseNowText_3: height = 0.025
302.0815 	EXP 	chooseNowText_3: height = 0.025
302.0815 	EXP 	chooseNowText_3: height = 0.025
302.0815 	EXP 	chooseNowText_3: height = 0.025
302.0982 	EXP 	chooseNowText_3: height = 0.025
302.0982 	EXP 	chooseNowText_3: height = 0.025
302.0982 	EXP 	chooseNowText_3: height = 0.025
302.1148 	EXP 	chooseNowText_3: height = 0.025
302.1148 	EXP 	chooseNowText_3: height = 0.025
302.1148 	EXP 	chooseNowText_3: height = 0.025
302.1315 	EXP 	chooseNowText_3: height = 0.025
302.1315 	EXP 	chooseNowText_3: height = 0.025
302.1315 	EXP 	chooseNowText_3: height = 0.025
302.1482 	EXP 	chooseNowText_3: height = 0.025
302.1482 	EXP 	chooseNowText_3: height = 0.025
302.1482 	EXP 	chooseNowText_3: height = 0.025
302.1648 	EXP 	chooseNowText_3: height = 0.025
302.1648 	EXP 	chooseNowText_3: height = 0.025
302.1648 	EXP 	chooseNowText_3: height = 0.025
302.1814 	EXP 	chooseNowText_3: height = 0.025
302.1814 	EXP 	chooseNowText_3: height = 0.025
302.1814 	EXP 	chooseNowText_3: height = 0.025
302.1982 	EXP 	chooseNowText_3: height = 0.025
302.1982 	EXP 	chooseNowText_3: height = 0.025
302.1982 	EXP 	chooseNowText_3: height = 0.025
302.2149 	EXP 	chooseNowText_3: height = 0.025
302.2149 	EXP 	chooseNowText_3: height = 0.025
302.2149 	EXP 	chooseNowText_3: height = 0.025
302.2316 	EXP 	chooseNowText_3: height = 0.025
302.2316 	EXP 	chooseNowText_3: height = 0.025
302.2316 	EXP 	chooseNowText_3: height = 0.025
302.2483 	EXP 	chooseNowText_3: height = 0.025
302.2483 	EXP 	chooseNowText_3: height = 0.025
302.2483 	EXP 	chooseNowText_3: height = 0.025
302.2650 	EXP 	chooseNowText_3: height = 0.025
302.2650 	EXP 	chooseNowText_3: height = 0.025
302.2650 	EXP 	chooseNowText_3: height = 0.025
302.2822 	EXP 	chooseNowText_3: height = 0.025
302.2822 	EXP 	chooseNowText_3: height = 0.025
302.2822 	EXP 	chooseNowText_3: height = 0.025
302.3015 	EXP 	chooseNowText_3: height = 0.025
302.3015 	EXP 	chooseNowText_3: height = 0.025
302.3015 	EXP 	chooseNowText_3: height = 0.025
302.3311 	EXP 	chooseNowText_3: height = 0.025
302.3311 	EXP 	chooseNowText_3: height = 0.025
302.3311 	EXP 	chooseNowText_3: height = 0.025
302.3493 	EXP 	chooseNowText_3: height = 0.025
302.3493 	EXP 	chooseNowText_3: height = 0.025
302.3493 	EXP 	chooseNowText_3: height = 0.025
302.3709 	EXP 	chooseNowText_3: height = 0.025
302.3709 	EXP 	chooseNowText_3: height = 0.025
302.3709 	EXP 	chooseNowText_3: height = 0.025
302.3987 	EXP 	chooseNowText_3: height = 0.025
302.3987 	EXP 	chooseNowText_3: height = 0.025
302.3987 	EXP 	chooseNowText_3: height = 0.025
302.4258 	EXP 	chooseNowText_3: height = 0.025
302.4258 	EXP 	chooseNowText_3: height = 0.025
302.4258 	EXP 	chooseNowText_3: height = 0.025
302.4473 	EXP 	chooseNowText_3: height = 0.025
302.4473 	EXP 	chooseNowText_3: height = 0.025
302.4473 	EXP 	chooseNowText_3: height = 0.025
302.4650 	EXP 	chooseNowText_3: height = 0.025
302.4650 	EXP 	chooseNowText_3: height = 0.025
302.4650 	EXP 	chooseNowText_3: height = 0.025
302.4650 	EXP 	chooseNowText_3: autoDraw = False
302.4650 	EXP 	opt_2: autoDraw = False
302.4650 	EXP 	opt_3: autoDraw = False
302.4650 	EXP 	opt_4: autoDraw = False
302.4650 	EXP 	opt_5: autoDraw = False
302.4811 	EXP 	chooseNowText_3: height = 0.025
302.4811 	EXP 	chooseNowText_3: height = 0.025
302.4811 	EXP 	chooseNowText_3: height = 0.025
302.4976 	EXP 	chooseNowText_3: height = 0.025
302.4976 	EXP 	chooseNowText_3: height = 0.025
302.4976 	EXP 	chooseNowText_3: height = 0.025
302.5151 	EXP 	chooseNowText_3: height = 0.025
302.5151 	EXP 	chooseNowText_3: height = 0.025
302.5151 	EXP 	chooseNowText_3: height = 0.025
302.5314 	EXP 	chooseNowText_3: height = 0.025
302.5314 	EXP 	chooseNowText_3: height = 0.025
302.5314 	EXP 	chooseNowText_3: height = 0.025
302.5477 	EXP 	chooseNowText_3: height = 0.025
302.5477 	EXP 	chooseNowText_3: height = 0.025
302.5477 	EXP 	chooseNowText_3: height = 0.025
302.5648 	EXP 	chooseNowText_3: height = 0.025
302.5648 	EXP 	chooseNowText_3: height = 0.025
302.5648 	EXP 	chooseNowText_3: height = 0.025
302.5813 	EXP 	chooseNowText_3: height = 0.025
302.5813 	EXP 	chooseNowText_3: height = 0.025
302.5813 	EXP 	chooseNowText_3: height = 0.025
302.5982 	EXP 	chooseNowText_3: height = 0.025
302.5982 	EXP 	chooseNowText_3: height = 0.025
302.5982 	EXP 	chooseNowText_3: height = 0.025
302.6147 	EXP 	chooseNowText_3: height = 0.025
302.6147 	EXP 	chooseNowText_3: height = 0.025
302.6147 	EXP 	chooseNowText_3: height = 0.025
302.6313 	EXP 	chooseNowText_3: height = 0.025
302.6313 	EXP 	chooseNowText_3: height = 0.025
302.6313 	EXP 	chooseNowText_3: height = 0.025
302.6480 	EXP 	chooseNowText_3: height = 0.025
302.6480 	EXP 	chooseNowText_3: height = 0.025
302.6480 	EXP 	chooseNowText_3: height = 0.025
302.6646 	EXP 	chooseNowText_3: height = 0.025
302.6646 	EXP 	chooseNowText_3: height = 0.025
302.6646 	EXP 	chooseNowText_3: height = 0.025
302.6813 	EXP 	chooseNowText_3: height = 0.025
302.6813 	EXP 	chooseNowText_3: height = 0.025
302.6813 	EXP 	chooseNowText_3: height = 0.025
302.6985 	EXP 	chooseNowText_3: height = 0.025
302.6985 	EXP 	chooseNowText_3: height = 0.025
302.6985 	EXP 	chooseNowText_3: height = 0.025
302.7194 	EXP 	chooseNowText_3: height = 0.025
302.7194 	EXP 	chooseNowText_3: height = 0.025
302.7194 	EXP 	chooseNowText_3: height = 0.025
302.7320 	EXP 	chooseNowText_3: height = 0.025
302.7320 	EXP 	chooseNowText_3: height = 0.025
302.7320 	EXP 	chooseNowText_3: height = 0.025
302.7484 	EXP 	chooseNowText_3: height = 0.025
302.7484 	EXP 	chooseNowText_3: height = 0.025
302.7484 	EXP 	chooseNowText_3: height = 0.025
302.7649 	EXP 	chooseNowText_3: height = 0.025
302.7649 	EXP 	chooseNowText_3: height = 0.025
302.7649 	EXP 	chooseNowText_3: height = 0.025
302.7814 	EXP 	chooseNowText_3: height = 0.025
302.7814 	EXP 	chooseNowText_3: height = 0.025
302.7814 	EXP 	chooseNowText_3: height = 0.025
302.7979 	EXP 	chooseNowText_3: height = 0.025
302.7979 	EXP 	chooseNowText_3: height = 0.025
302.7979 	EXP 	chooseNowText_3: height = 0.025
302.8145 	EXP 	chooseNowText_3: height = 0.025
302.8145 	EXP 	chooseNowText_3: height = 0.025
302.8145 	EXP 	chooseNowText_3: height = 0.025
302.8313 	EXP 	chooseNowText_3: height = 0.025
302.8313 	EXP 	chooseNowText_3: height = 0.025
302.8313 	EXP 	chooseNowText_3: height = 0.025
302.8540 	EXP 	chooseNowText_3: height = 0.025
302.8540 	EXP 	chooseNowText_3: height = 0.025
302.8540 	EXP 	chooseNowText_3: height = 0.025
302.8691 	EXP 	chooseNowText_3: height = 0.025
302.8691 	EXP 	chooseNowText_3: height = 0.025
302.8691 	EXP 	chooseNowText_3: height = 0.025
302.8847 	EXP 	chooseNowText_3: height = 0.025
302.8847 	EXP 	chooseNowText_3: height = 0.025
302.8847 	EXP 	chooseNowText_3: height = 0.025
302.9001 	EXP 	chooseNowText_3: height = 0.025
302.9001 	EXP 	chooseNowText_3: height = 0.025
302.9001 	EXP 	chooseNowText_3: height = 0.025
302.9179 	EXP 	chooseNowText_3: height = 0.025
302.9179 	EXP 	chooseNowText_3: height = 0.025
302.9179 	EXP 	chooseNowText_3: height = 0.025
302.9337 	EXP 	chooseNowText_3: height = 0.025
302.9337 	EXP 	chooseNowText_3: height = 0.025
302.9337 	EXP 	chooseNowText_3: height = 0.025
302.9337 	EXP 	chooseNowText_3: autoDraw = False
302.9337 	EXP 	opt_2: autoDraw = False
302.9337 	EXP 	opt_3: autoDraw = False
302.9337 	EXP 	opt_4: autoDraw = False
302.9337 	EXP 	opt_5: autoDraw = False
302.9337 	EXP 	tooSlowtext_2: height = 0.025
302.9337 	EXP 	tooSlowtext_2: height = 0.025
302.9337 	EXP 	tooSlowtext_2: height = 0.025
302.9337 	EXP 	tooSlowtext_2: text = ''
302.9337 	EXP 	tooSlowtext_2: height = 0.025
302.9337 	EXP 	tooSlowtext_2: height = 0.025
302.9337 	EXP 	tooSlowtext_2: height = 0.025
302.9337 	EXP 	tooSlowtext_2: text = 'Zu langsam. Sie müssen schneller antworten.'
302.9337 	EXP 	tooSlowtext_2: autoDraw = True
303.4357 	EXP 	New trial (rep=0, index=18): <Trial 18 (18 in rep 0) data={'learningSeq': 'A', 'block': 'block1', 'runIndexWithinSeq': 1, 'miniblockWithinRun': 4, 'coupleIndexWithinRoute': 18, 'img_first': 'stimuli/house/house_35.jpg', 'img_second': 'stimuli/jacket/jacket_44.jpg', 'img_third': None, 'distance_correct': 4, 'trial_type': 1, 'opt_left': 'yes', 'opt_right': 'no', 'correct_side': 'right', 'correct_key': 'right', 'is_yes': 0, 'image_dur_retr': 1.2, 'fix_dur_retr': 0.2, 'iti_dur_retr': 0.38, 'reflection_win_dur': 2.24, 'routeIndexWithinBlock': 1, 'seqOfRoute': 'A', 'retrIm1Trig': 9, 'retrIm2Trig': 10, 'thisN': 18, 'thisTrialN': 18, 'thisRepN': 0}>
303.4475 	EXP 	tooSlowtext_2: autoDraw = False
303.4475 	EXP 	tooSlowtext_2: autoDraw = False
303.4475 	EXP 	fix_cross_retrbegin_2: text = '+'
303.4475 	EXP 	fix_cross_retrbegin_2: autoDraw = True
303.8777 	EXP 	fix_cross_retrbegin_2: autoDraw = False
303.8777 	EXP 	fix_cross_retrbegin_2: autoDraw = False
303.8777 	EXP 	image_1: image = 'stimuli/house/house_35.jpg'
303.8777 	EXP 	image_1: autoDraw = True
304.8805 	EXP 	image_1: autoDraw = False
304.8805 	EXP 	image_1: autoDraw = False
304.8805 	EXP 	mask_img1_2: autoDraw = True
305.1117 	DATA 	Mouse: Left button down, pos=(311,208)
305.2134 	EXP 	mask_img1_2: autoDraw = False
305.2134 	EXP 	image_2: image = 'stimuli/jacket/jacket_44.jpg'
305.2134 	EXP 	image_2: autoDraw = True
305.2333 	DATA 	Mouse:  Left button up, pos=(311,208)
306.2134 	EXP 	image_2: autoDraw = False
306.2134 	EXP 	image_2: autoDraw = False
306.2134 	EXP 	mask_img2_2: autoDraw = True
306.4629 	EXP 	mask_img2_2: autoDraw = False
306.4629 	EXP 	fix_cross_reflretr: autoDraw = True
308.7089 	INFO 	Keyboard events cleared
308.7288 	INFO 	Keyboard events cleared
308.7286 	EXP 	fix_cross_reflretr: autoDraw = False
308.7286 	EXP 	fix_cross_reflretr: autoDraw = False
308.7286 	EXP 	yes_txt: text = 'ja'
308.7286 	EXP 	no_txt: text = 'nein'
308.7286 	EXP 	chooseNowText_2: height = 0.025
308.7286 	EXP 	chooseNowText_2: height = 0.025
308.7286 	EXP 	chooseNowText_2: height = 0.025
308.7286 	EXP 	polygon_6: autoDraw = True
308.7286 	EXP 	yes_txt: autoDraw = True
308.7286 	EXP 	no_txt: autoDraw = True
308.7286 	EXP 	chooseNowText_2: autoDraw = True
310.7293 	EXP 	chooseNowText_2: height = 0.025
310.7293 	EXP 	chooseNowText_2: height = 0.025
310.7293 	EXP 	chooseNowText_2: height = 0.025
310.7454 	EXP 	chooseNowText_2: height = 0.025
310.7454 	EXP 	chooseNowText_2: height = 0.025
310.7454 	EXP 	chooseNowText_2: height = 0.025
310.7625 	EXP 	chooseNowText_2: height = 0.025
310.7625 	EXP 	chooseNowText_2: height = 0.025
310.7625 	EXP 	chooseNowText_2: height = 0.025
310.7788 	EXP 	chooseNowText_2: height = 0.025
310.7788 	EXP 	chooseNowText_2: height = 0.025
310.7788 	EXP 	chooseNowText_2: height = 0.025
310.7956 	EXP 	chooseNowText_2: height = 0.025
310.7956 	EXP 	chooseNowText_2: height = 0.025
310.7956 	EXP 	chooseNowText_2: height = 0.025
310.8121 	EXP 	chooseNowText_2: height = 0.025
310.8121 	EXP 	chooseNowText_2: height = 0.025
310.8121 	EXP 	chooseNowText_2: height = 0.025
310.8286 	EXP 	chooseNowText_2: height = 0.025
310.8286 	EXP 	chooseNowText_2: height = 0.025
310.8286 	EXP 	chooseNowText_2: height = 0.025
310.8451 	EXP 	chooseNowText_2: height = 0.025
310.8451 	EXP 	chooseNowText_2: height = 0.025
310.8451 	EXP 	chooseNowText_2: height = 0.025
310.8619 	EXP 	chooseNowText_2: height = 0.025
310.8619 	EXP 	chooseNowText_2: height = 0.025
310.8619 	EXP 	chooseNowText_2: height = 0.025
310.8784 	EXP 	chooseNowText_2: height = 0.025
310.8784 	EXP 	chooseNowText_2: height = 0.025
310.8784 	EXP 	chooseNowText_2: height = 0.025
310.8951 	EXP 	chooseNowText_2: height = 0.025
310.8951 	EXP 	chooseNowText_2: height = 0.025
310.8951 	EXP 	chooseNowText_2: height = 0.025
310.9118 	EXP 	chooseNowText_2: height = 0.025
310.9118 	EXP 	chooseNowText_2: height = 0.025
310.9118 	EXP 	chooseNowText_2: height = 0.025
310.9286 	EXP 	chooseNowText_2: height = 0.025
310.9286 	EXP 	chooseNowText_2: height = 0.025
310.9286 	EXP 	chooseNowText_2: height = 0.025
310.9450 	EXP 	chooseNowText_2: height = 0.025
310.9450 	EXP 	chooseNowText_2: height = 0.025
310.9450 	EXP 	chooseNowText_2: height = 0.025
310.9620 	EXP 	chooseNowText_2: height = 0.025
310.9620 	EXP 	chooseNowText_2: height = 0.025
310.9620 	EXP 	chooseNowText_2: height = 0.025
310.9788 	EXP 	chooseNowText_2: height = 0.025
310.9788 	EXP 	chooseNowText_2: height = 0.025
310.9788 	EXP 	chooseNowText_2: height = 0.025
310.9955 	EXP 	chooseNowText_2: height = 0.025
310.9955 	EXP 	chooseNowText_2: height = 0.025
310.9955 	EXP 	chooseNowText_2: height = 0.025
311.0123 	EXP 	chooseNowText_2: height = 0.025
311.0123 	EXP 	chooseNowText_2: height = 0.025
311.0123 	EXP 	chooseNowText_2: height = 0.025
311.0287 	EXP 	chooseNowText_2: height = 0.025
311.0287 	EXP 	chooseNowText_2: height = 0.025
311.0287 	EXP 	chooseNowText_2: height = 0.025
311.0453 	EXP 	chooseNowText_2: height = 0.025
311.0453 	EXP 	chooseNowText_2: height = 0.025
311.0453 	EXP 	chooseNowText_2: height = 0.025
311.0620 	EXP 	chooseNowText_2: height = 0.025
311.0620 	EXP 	chooseNowText_2: height = 0.025
311.0620 	EXP 	chooseNowText_2: height = 0.025
311.0787 	EXP 	chooseNowText_2: height = 0.025
311.0787 	EXP 	chooseNowText_2: height = 0.025
311.0787 	EXP 	chooseNowText_2: height = 0.025
311.0953 	EXP 	chooseNowText_2: height = 0.025
311.0953 	EXP 	chooseNowText_2: height = 0.025
311.0953 	EXP 	chooseNowText_2: height = 0.025
311.1119 	EXP 	chooseNowText_2: height = 0.025
311.1119 	EXP 	chooseNowText_2: height = 0.025
311.1119 	EXP 	chooseNowText_2: height = 0.025
311.1285 	EXP 	chooseNowText_2: height = 0.025
311.1285 	EXP 	chooseNowText_2: height = 0.025
311.1285 	EXP 	chooseNowText_2: height = 0.025
311.1450 	EXP 	chooseNowText_2: height = 0.025
311.1450 	EXP 	chooseNowText_2: height = 0.025
311.1450 	EXP 	chooseNowText_2: height = 0.025
311.1618 	EXP 	chooseNowText_2: height = 0.025
311.1618 	EXP 	chooseNowText_2: height = 0.025
311.1618 	EXP 	chooseNowText_2: height = 0.025
311.1784 	EXP 	chooseNowText_2: height = 0.025
311.1784 	EXP 	chooseNowText_2: height = 0.025
311.1784 	EXP 	chooseNowText_2: height = 0.025
311.1953 	EXP 	chooseNowText_2: height = 0.025
311.1953 	EXP 	chooseNowText_2: height = 0.025
311.1953 	EXP 	chooseNowText_2: height = 0.025
311.2118 	EXP 	chooseNowText_2: height = 0.025
311.2118 	EXP 	chooseNowText_2: height = 0.025
311.2118 	EXP 	chooseNowText_2: height = 0.025
311.2284 	EXP 	chooseNowText_2: height = 0.025
311.2284 	EXP 	chooseNowText_2: height = 0.025
311.2284 	EXP 	chooseNowText_2: height = 0.025
311.2453 	EXP 	chooseNowText_2: height = 0.025
311.2453 	EXP 	chooseNowText_2: height = 0.025
311.2453 	EXP 	chooseNowText_2: height = 0.025
311.2618 	EXP 	chooseNowText_2: height = 0.025
311.2618 	EXP 	chooseNowText_2: height = 0.025
311.2618 	EXP 	chooseNowText_2: height = 0.025
311.2784 	EXP 	chooseNowText_2: height = 0.025
311.2784 	EXP 	chooseNowText_2: height = 0.025
311.2784 	EXP 	chooseNowText_2: height = 0.025
311.2950 	EXP 	chooseNowText_2: height = 0.025
311.2950 	EXP 	chooseNowText_2: height = 0.025
311.2950 	EXP 	chooseNowText_2: height = 0.025
311.3120 	EXP 	chooseNowText_2: height = 0.025
311.3120 	EXP 	chooseNowText_2: height = 0.025
311.3120 	EXP 	chooseNowText_2: height = 0.025
311.3285 	EXP 	chooseNowText_2: height = 0.025
311.3285 	EXP 	chooseNowText_2: height = 0.025
311.3285 	EXP 	chooseNowText_2: height = 0.025
311.3450 	EXP 	chooseNowText_2: height = 0.025
311.3450 	EXP 	chooseNowText_2: height = 0.025
311.3450 	EXP 	chooseNowText_2: height = 0.025
311.3618 	EXP 	chooseNowText_2: height = 0.025
311.3618 	EXP 	chooseNowText_2: height = 0.025
311.3618 	EXP 	chooseNowText_2: height = 0.025
311.3786 	EXP 	chooseNowText_2: height = 0.025
311.3786 	EXP 	chooseNowText_2: height = 0.025
311.3786 	EXP 	chooseNowText_2: height = 0.025
311.3953 	EXP 	chooseNowText_2: height = 0.025
311.3953 	EXP 	chooseNowText_2: height = 0.025
311.3953 	EXP 	chooseNowText_2: height = 0.025
311.4117 	EXP 	chooseNowText_2: height = 0.025
311.4117 	EXP 	chooseNowText_2: height = 0.025
311.4117 	EXP 	chooseNowText_2: height = 0.025
311.4285 	EXP 	chooseNowText_2: height = 0.025
311.4285 	EXP 	chooseNowText_2: height = 0.025
311.4285 	EXP 	chooseNowText_2: height = 0.025
311.4451 	EXP 	chooseNowText_2: height = 0.025
311.4451 	EXP 	chooseNowText_2: height = 0.025
311.4451 	EXP 	chooseNowText_2: height = 0.025
311.4619 	EXP 	chooseNowText_2: height = 0.025
311.4619 	EXP 	chooseNowText_2: height = 0.025
311.4619 	EXP 	chooseNowText_2: height = 0.025
311.4785 	EXP 	chooseNowText_2: height = 0.025
311.4785 	EXP 	chooseNowText_2: height = 0.025
311.4785 	EXP 	chooseNowText_2: height = 0.025
311.4950 	EXP 	chooseNowText_2: height = 0.025
311.4950 	EXP 	chooseNowText_2: height = 0.025
311.4950 	EXP 	chooseNowText_2: height = 0.025
311.5116 	EXP 	chooseNowText_2: height = 0.025
311.5116 	EXP 	chooseNowText_2: height = 0.025
311.5116 	EXP 	chooseNowText_2: height = 0.025
311.5282 	EXP 	chooseNowText_2: height = 0.025
311.5282 	EXP 	chooseNowText_2: height = 0.025
311.5282 	EXP 	chooseNowText_2: height = 0.025
311.5448 	EXP 	chooseNowText_2: height = 0.025
311.5448 	EXP 	chooseNowText_2: height = 0.025
311.5448 	EXP 	chooseNowText_2: height = 0.025
311.5615 	EXP 	chooseNowText_2: height = 0.025
311.5615 	EXP 	chooseNowText_2: height = 0.025
311.5615 	EXP 	chooseNowText_2: height = 0.025
311.5782 	EXP 	chooseNowText_2: height = 0.025
311.5782 	EXP 	chooseNowText_2: height = 0.025
311.5782 	EXP 	chooseNowText_2: height = 0.025
311.5949 	EXP 	chooseNowText_2: height = 0.025
311.5949 	EXP 	chooseNowText_2: height = 0.025
311.5949 	EXP 	chooseNowText_2: height = 0.025
311.6117 	EXP 	chooseNowText_2: height = 0.025
311.6117 	EXP 	chooseNowText_2: height = 0.025
311.6117 	EXP 	chooseNowText_2: height = 0.025
311.6285 	EXP 	chooseNowText_2: height = 0.025
311.6285 	EXP 	chooseNowText_2: height = 0.025
311.6285 	EXP 	chooseNowText_2: height = 0.025
311.6451 	EXP 	chooseNowText_2: height = 0.025
311.6451 	EXP 	chooseNowText_2: height = 0.025
311.6451 	EXP 	chooseNowText_2: height = 0.025
311.6617 	EXP 	chooseNowText_2: height = 0.025
311.6617 	EXP 	chooseNowText_2: height = 0.025
311.6617 	EXP 	chooseNowText_2: height = 0.025
311.6784 	EXP 	chooseNowText_2: height = 0.025
311.6784 	EXP 	chooseNowText_2: height = 0.025
311.6784 	EXP 	chooseNowText_2: height = 0.025
311.6951 	EXP 	chooseNowText_2: height = 0.025
311.6951 	EXP 	chooseNowText_2: height = 0.025
311.6951 	EXP 	chooseNowText_2: height = 0.025
311.7119 	EXP 	chooseNowText_2: height = 0.025
311.7119 	EXP 	chooseNowText_2: height = 0.025
311.7119 	EXP 	chooseNowText_2: height = 0.025
311.7286 	EXP 	yes_txt: autoDraw = False
311.7286 	EXP 	no_txt: autoDraw = False
311.7286 	EXP 	chooseNowText_2: height = 0.025
311.7286 	EXP 	chooseNowText_2: height = 0.025
311.7286 	EXP 	chooseNowText_2: height = 0.025
311.7286 	EXP 	polygon_6: autoDraw = False
311.7286 	EXP 	yes_txt: autoDraw = False
311.7286 	EXP 	no_txt: autoDraw = False
311.7286 	EXP 	chooseNowText_2: autoDraw = False
311.7286 	EXP 	tooSlowtext_4: height = 0.025
311.7286 	EXP 	tooSlowtext_4: height = 0.025
311.7286 	EXP 	tooSlowtext_4: height = 0.025
311.7286 	EXP 	tooSlowtext_4: text = ''
311.7286 	EXP 	tooSlowtext_4: height = 0.025
311.7286 	EXP 	tooSlowtext_4: height = 0.025
311.7286 	EXP 	tooSlowtext_4: height = 0.025
311.7286 	EXP 	tooSlowtext_4: text = 'Zu langsam. Sie müssen schneller antworten.'
311.7286 	EXP 	tooSlowtext_4: autoDraw = True
312.2144 	INFO 	Keyboard events cleared
312.2449 	EXP 	tooSlowtext_4: autoDraw = False
312.2449 	EXP 	tooSlowtext_4: autoDraw = False
312.2449 	EXP 	chooseNowText_3: height = 0.025
312.2449 	EXP 	chooseNowText_3: height = 0.025
312.2449 	EXP 	chooseNowText_3: height = 0.025
312.2449 	EXP 	opt_2: foreColor = <psychopy.colors.Color: white, alpha=1.0>
312.2449 	EXP 	opt_3: foreColor = <psychopy.colors.Color: white, alpha=1.0>
312.2449 	EXP 	opt_4: foreColor = <psychopy.colors.Color: white, alpha=1.0>
312.2449 	EXP 	opt_5: foreColor = <psychopy.colors.Color: white, alpha=1.0>
312.2449 	EXP 	chooseNowText_3: autoDraw = True
312.2449 	EXP 	opt_2: autoDraw = True
312.2449 	EXP 	opt_3: autoDraw = True
312.2449 	EXP 	opt_4: autoDraw = True
312.2449 	EXP 	opt_5: autoDraw = True
312.7285 	INFO 	Keyboard events cleared
314.2450 	EXP 	chooseNowText_3: height = 0.025
314.2450 	EXP 	chooseNowText_3: height = 0.025
314.2450 	EXP 	chooseNowText_3: height = 0.025
314.2612 	EXP 	chooseNowText_3: height = 0.025
314.2612 	EXP 	chooseNowText_3: height = 0.025
314.2612 	EXP 	chooseNowText_3: height = 0.025
314.2779 	EXP 	chooseNowText_3: height = 0.025
314.2779 	EXP 	chooseNowText_3: height = 0.025
314.2779 	EXP 	chooseNowText_3: height = 0.025
314.2944 	EXP 	chooseNowText_3: height = 0.025
314.2944 	EXP 	chooseNowText_3: height = 0.025
314.2944 	EXP 	chooseNowText_3: height = 0.025
314.3120 	EXP 	chooseNowText_3: height = 0.025
314.3120 	EXP 	chooseNowText_3: height = 0.025
314.3120 	EXP 	chooseNowText_3: height = 0.025
314.3279 	EXP 	chooseNowText_3: height = 0.025
314.3279 	EXP 	chooseNowText_3: height = 0.025
314.3279 	EXP 	chooseNowText_3: height = 0.025
314.3445 	EXP 	chooseNowText_3: height = 0.025
314.3445 	EXP 	chooseNowText_3: height = 0.025
314.3445 	EXP 	chooseNowText_3: height = 0.025
314.3611 	EXP 	chooseNowText_3: height = 0.025
314.3611 	EXP 	chooseNowText_3: height = 0.025
314.3611 	EXP 	chooseNowText_3: height = 0.025
314.3777 	EXP 	chooseNowText_3: height = 0.025
314.3777 	EXP 	chooseNowText_3: height = 0.025
314.3777 	EXP 	chooseNowText_3: height = 0.025
314.3943 	EXP 	chooseNowText_3: height = 0.025
314.3943 	EXP 	chooseNowText_3: height = 0.025
314.3943 	EXP 	chooseNowText_3: height = 0.025
314.4109 	EXP 	chooseNowText_3: height = 0.025
314.4109 	EXP 	chooseNowText_3: height = 0.025
314.4109 	EXP 	chooseNowText_3: height = 0.025
314.4275 	EXP 	chooseNowText_3: height = 0.025
314.4275 	EXP 	chooseNowText_3: height = 0.025
314.4275 	EXP 	chooseNowText_3: height = 0.025
314.4444 	EXP 	chooseNowText_3: height = 0.025
314.4444 	EXP 	chooseNowText_3: height = 0.025
314.4444 	EXP 	chooseNowText_3: height = 0.025
314.4608 	EXP 	chooseNowText_3: height = 0.025
314.4608 	EXP 	chooseNowText_3: height = 0.025
314.4608 	EXP 	chooseNowText_3: height = 0.025
314.4776 	EXP 	chooseNowText_3: height = 0.025
314.4776 	EXP 	chooseNowText_3: height = 0.025
314.4776 	EXP 	chooseNowText_3: height = 0.025
314.4941 	EXP 	chooseNowText_3: height = 0.025
314.4941 	EXP 	chooseNowText_3: height = 0.025
314.4941 	EXP 	chooseNowText_3: height = 0.025
314.5117 	EXP 	chooseNowText_3: height = 0.025
314.5117 	EXP 	chooseNowText_3: height = 0.025
314.5117 	EXP 	chooseNowText_3: height = 0.025
314.5275 	EXP 	chooseNowText_3: height = 0.025
314.5275 	EXP 	chooseNowText_3: height = 0.025
314.5275 	EXP 	chooseNowText_3: height = 0.025
314.5443 	EXP 	chooseNowText_3: height = 0.025
314.5443 	EXP 	chooseNowText_3: height = 0.025
314.5443 	EXP 	chooseNowText_3: height = 0.025
314.5608 	EXP 	chooseNowText_3: height = 0.025
314.5608 	EXP 	chooseNowText_3: height = 0.025
314.5608 	EXP 	chooseNowText_3: height = 0.025
314.5774 	EXP 	chooseNowText_3: height = 0.025
314.5774 	EXP 	chooseNowText_3: height = 0.025
314.5774 	EXP 	chooseNowText_3: height = 0.025
314.5940 	EXP 	chooseNowText_3: height = 0.025
314.5940 	EXP 	chooseNowText_3: height = 0.025
314.5940 	EXP 	chooseNowText_3: height = 0.025
314.6109 	EXP 	chooseNowText_3: height = 0.025
314.6109 	EXP 	chooseNowText_3: height = 0.025
314.6109 	EXP 	chooseNowText_3: height = 0.025
314.6277 	EXP 	chooseNowText_3: height = 0.025
314.6277 	EXP 	chooseNowText_3: height = 0.025
314.6277 	EXP 	chooseNowText_3: height = 0.025
314.6447 	EXP 	chooseNowText_3: height = 0.025
314.6447 	EXP 	chooseNowText_3: height = 0.025
314.6447 	EXP 	chooseNowText_3: height = 0.025
314.6613 	EXP 	chooseNowText_3: height = 0.025
314.6613 	EXP 	chooseNowText_3: height = 0.025
314.6613 	EXP 	chooseNowText_3: height = 0.025
314.6784 	EXP 	chooseNowText_3: height = 0.025
314.6784 	EXP 	chooseNowText_3: height = 0.025
314.6784 	EXP 	chooseNowText_3: height = 0.025
314.6944 	EXP 	chooseNowText_3: height = 0.025
314.6944 	EXP 	chooseNowText_3: height = 0.025
314.6944 	EXP 	chooseNowText_3: height = 0.025
314.7110 	EXP 	chooseNowText_3: height = 0.025
314.7110 	EXP 	chooseNowText_3: height = 0.025
314.7110 	EXP 	chooseNowText_3: height = 0.025
314.7278 	EXP 	chooseNowText_3: height = 0.025
314.7278 	EXP 	chooseNowText_3: height = 0.025
314.7278 	EXP 	chooseNowText_3: height = 0.025
314.7445 	EXP 	chooseNowText_3: height = 0.025
314.7445 	EXP 	chooseNowText_3: height = 0.025
314.7445 	EXP 	chooseNowText_3: height = 0.025
314.7612 	EXP 	chooseNowText_3: height = 0.025
314.7612 	EXP 	chooseNowText_3: height = 0.025
314.7612 	EXP 	chooseNowText_3: height = 0.025
314.7775 	EXP 	chooseNowText_3: height = 0.025
314.7775 	EXP 	chooseNowText_3: height = 0.025
314.7775 	EXP 	chooseNowText_3: height = 0.025
314.7941 	EXP 	chooseNowText_3: height = 0.025
314.7941 	EXP 	chooseNowText_3: height = 0.025
314.7941 	EXP 	chooseNowText_3: height = 0.025
314.8108 	EXP 	chooseNowText_3: height = 0.025
314.8108 	EXP 	chooseNowText_3: height = 0.025
314.8108 	EXP 	chooseNowText_3: height = 0.025
314.8273 	EXP 	chooseNowText_3: height = 0.025
314.8273 	EXP 	chooseNowText_3: height = 0.025
314.8273 	EXP 	chooseNowText_3: height = 0.025
314.8440 	EXP 	chooseNowText_3: height = 0.025
314.8440 	EXP 	chooseNowText_3: height = 0.025
314.8440 	EXP 	chooseNowText_3: height = 0.025
314.8607 	EXP 	chooseNowText_3: height = 0.025
314.8607 	EXP 	chooseNowText_3: height = 0.025
314.8607 	EXP 	chooseNowText_3: height = 0.025
314.8775 	EXP 	chooseNowText_3: height = 0.025
314.8775 	EXP 	chooseNowText_3: height = 0.025
314.8775 	EXP 	chooseNowText_3: height = 0.025
314.8938 	EXP 	chooseNowText_3: height = 0.025
314.8938 	EXP 	chooseNowText_3: height = 0.025
314.8938 	EXP 	chooseNowText_3: height = 0.025
314.9105 	EXP 	chooseNowText_3: height = 0.025
314.9105 	EXP 	chooseNowText_3: height = 0.025
314.9105 	EXP 	chooseNowText_3: height = 0.025
314.9271 	EXP 	chooseNowText_3: height = 0.025
314.9271 	EXP 	chooseNowText_3: height = 0.025
314.9271 	EXP 	chooseNowText_3: height = 0.025
314.9436 	EXP 	chooseNowText_3: height = 0.025
314.9436 	EXP 	chooseNowText_3: height = 0.025
314.9436 	EXP 	chooseNowText_3: height = 0.025
314.9606 	EXP 	chooseNowText_3: height = 0.025
314.9606 	EXP 	chooseNowText_3: height = 0.025
314.9606 	EXP 	chooseNowText_3: height = 0.025
314.9771 	EXP 	chooseNowText_3: height = 0.025
314.9771 	EXP 	chooseNowText_3: height = 0.025
314.9771 	EXP 	chooseNowText_3: height = 0.025
314.9938 	EXP 	chooseNowText_3: height = 0.025
314.9938 	EXP 	chooseNowText_3: height = 0.025
314.9938 	EXP 	chooseNowText_3: height = 0.025
315.0105 	EXP 	chooseNowText_3: height = 0.025
315.0105 	EXP 	chooseNowText_3: height = 0.025
315.0105 	EXP 	chooseNowText_3: height = 0.025
315.0271 	EXP 	chooseNowText_3: height = 0.025
315.0271 	EXP 	chooseNowText_3: height = 0.025
315.0271 	EXP 	chooseNowText_3: height = 0.025
315.0438 	EXP 	chooseNowText_3: height = 0.025
315.0438 	EXP 	chooseNowText_3: height = 0.025
315.0438 	EXP 	chooseNowText_3: height = 0.025
315.0604 	EXP 	chooseNowText_3: height = 0.025
315.0604 	EXP 	chooseNowText_3: height = 0.025
315.0604 	EXP 	chooseNowText_3: height = 0.025
315.0770 	EXP 	chooseNowText_3: height = 0.025
315.0770 	EXP 	chooseNowText_3: height = 0.025
315.0770 	EXP 	chooseNowText_3: height = 0.025
315.0937 	EXP 	chooseNowText_3: height = 0.025
315.0937 	EXP 	chooseNowText_3: height = 0.025
315.0937 	EXP 	chooseNowText_3: height = 0.025
315.1106 	EXP 	chooseNowText_3: height = 0.025
315.1106 	EXP 	chooseNowText_3: height = 0.025
315.1106 	EXP 	chooseNowText_3: height = 0.025
315.1273 	EXP 	chooseNowText_3: height = 0.025
315.1273 	EXP 	chooseNowText_3: height = 0.025
315.1273 	EXP 	chooseNowText_3: height = 0.025
315.1441 	EXP 	chooseNowText_3: height = 0.025
315.1441 	EXP 	chooseNowText_3: height = 0.025
315.1441 	EXP 	chooseNowText_3: height = 0.025
315.1608 	EXP 	chooseNowText_3: height = 0.025
315.1608 	EXP 	chooseNowText_3: height = 0.025
315.1608 	EXP 	chooseNowText_3: height = 0.025
315.1772 	EXP 	chooseNowText_3: height = 0.025
315.1772 	EXP 	chooseNowText_3: height = 0.025
315.1772 	EXP 	chooseNowText_3: height = 0.025
315.1939 	EXP 	chooseNowText_3: height = 0.025
315.1939 	EXP 	chooseNowText_3: height = 0.025
315.1939 	EXP 	chooseNowText_3: height = 0.025
315.2105 	EXP 	chooseNowText_3: height = 0.025
315.2105 	EXP 	chooseNowText_3: height = 0.025
315.2105 	EXP 	chooseNowText_3: height = 0.025
315.2271 	EXP 	chooseNowText_3: height = 0.025
315.2271 	EXP 	chooseNowText_3: height = 0.025
315.2271 	EXP 	chooseNowText_3: height = 0.025
315.2319 	DATA 	Keypress: escape
315.2439 	EXP 	chooseNowText_3: height = 0.025
315.2439 	EXP 	chooseNowText_3: height = 0.025
315.2439 	EXP 	chooseNowText_3: height = 0.025
315.2464 	EXP 	Device response: <KeyPress from None: t=315.2308082000818, value=escape, duration=None>
315.2606 	EXP 	chooseNowText_3: height = 0.025
315.2606 	EXP 	chooseNowText_3: height = 0.025
315.2606 	EXP 	chooseNowText_3: height = 0.025
315.2606 	EXP 	chooseNowText_3: autoDraw = False
315.2606 	EXP 	opt_2: autoDraw = False
315.2606 	EXP 	opt_3: autoDraw = False
315.2606 	EXP 	opt_4: autoDraw = False
315.2606 	EXP 	opt_5: autoDraw = False
315.2771 	EXP 	chooseNowText_3: height = 0.025
315.2771 	EXP 	chooseNowText_3: height = 0.025
315.2771 	EXP 	chooseNowText_3: height = 0.025
315.2938 	EXP 	chooseNowText_3: height = 0.025
315.2938 	EXP 	chooseNowText_3: height = 0.025
315.2938 	EXP 	chooseNowText_3: height = 0.025
315.3105 	EXP 	chooseNowText_3: height = 0.025
315.3105 	EXP 	chooseNowText_3: height = 0.025
315.3105 	EXP 	chooseNowText_3: height = 0.025
315.3270 	EXP 	chooseNowText_3: height = 0.025
315.3270 	EXP 	chooseNowText_3: height = 0.025
315.3270 	EXP 	chooseNowText_3: height = 0.025
315.3435 	EXP 	chooseNowText_3: height = 0.025
315.3435 	EXP 	chooseNowText_3: height = 0.025
315.3435 	EXP 	chooseNowText_3: height = 0.025
315.3457 	EXP 	Device response: <KeyPress from None: t=315.2308082000818, value=escape, duration=0.11170489992946386>
315.3475 	EXP 	TSRlearn_main-blocks: status = STOPPED
315.3605 	EXP 	chooseNowText_3: height = 0.025
315.3605 	EXP 	chooseNowText_3: height = 0.025
315.3605 	EXP 	chooseNowText_3: height = 0.025
315.3629 	EXP 	TSRlearn_main-blocks: status = STOPPED
315.4513 	INFO 	saved data to 'C:\\sync_folder\\TSRlearn-task\\psychopy_exp_files\\data\\3_TSRlearn_main-blocks_2026-08-11_13h21.49.352.csv'
315.4532 	INFO 	saved data to C:\sync_folder\TSRlearn-task\psychopy_exp_files\data\3_TSRlearn_main-blocks_2026-08-11_13h21.49.352.psydat
315.4535 	DATA 	Keypress: escape
315.6846 	DEBUG 	Saving data for TSRlearn_main-blocks ExperimentHandler
315.6866 	WARNING 	Stopping key buffers but this could be dangerous ifother keyboards rely on the same.
315.7638 	WARNING 	Stopping key buffers but this could be dangerous ifother keyboards rely on the same.
315.7639 	WARNING 	Stopping key buffers but this could be dangerous ifother keyboards rely on the same.
315.7639 	WARNING 	Stopping key buffers but this could be dangerous ifother keyboards rely on the same.
315.7639 	WARNING 	Stopping key buffers but this could be dangerous ifother keyboards rely on the same.
315.7639 	WARNING 	Stopping key buffers but this could be dangerous ifother keyboards rely on the same.
315.7639 	WARNING 	Stopping key buffers but this could be dangerous ifother keyboards rely on the same.
315.7639 	WARNING 	Stopping key buffers but this could be dangerous ifother keyboards rely on the same.
315.7639 	WARNING 	Stopping key buffers but this could be dangerous ifother keyboards rely on the same.
315.7639 	WARNING 	Stopping key buffers but this could be dangerous ifother keyboards rely on the same.
315.7639 	WARNING 	Stopping key buffers but this could be dangerous ifother keyboards rely on the same.
315.7639 	WARNING 	Stopping key buffers but this could be dangerous ifother keyboards rely on the same.
315.7639 	WARNING 	Stopping key buffers but this could be dangerous ifother keyboards rely on the same.
315.7639 	WARNING 	Stopping key buffers but this could be dangerous ifother keyboards rely on the same.
315.7640 	WARNING 	Stopping key buffers but this could be dangerous ifother keyboards rely on the same.
315.7640 	WARNING 	Stopping key buffers but this could be dangerous ifother keyboards rely on the same.
315.7640 	WARNING 	Stopping key buffers but this could be dangerous ifother keyboards rely on the same.
315.7640 	WARNING 	Stopping key buffers but this could be dangerous ifother keyboards rely on the same.
315.7640 	WARNING 	Stopping key buffers but this could be dangerous ifother keyboards rely on the same.
315.7640 	WARNING 	Stopping key buffers but this could be dangerous ifother keyboards rely on the same.
315.7640 	WARNING 	Stopping key buffers but this could be dangerous ifother keyboards rely on the same.
315.7640 	WARNING 	Stopping key buffers but this could be dangerous ifother keyboards rely on the same.
315.7640 	WARNING 	Stopping key buffers but this could be dangerous ifother keyboards rely on the same.
315.7640 	WARNING 	Stopping key buffers but this could be dangerous ifother keyboards rely on the same.
315.7640 	WARNING 	Stopping key buffers but this could be dangerous ifother keyboards rely on the same.
315.7640 	WARNING 	Stopping key buffers but this could be dangerous ifother keyboards rely on the same.
315.7640 	WARNING 	Stopping key buffers but this could be dangerous ifother keyboards rely on the same.
