subject	block_num	trial_num	component_label	onset	duration	type_of_stimulus	concept_label	concept_examplar	trigger_value	trigger_onset	trigger_delay	response_time	press_onset_est	response	expected_response	wrd_img_match	correct
3	n/a	n/a	exp_start	0.0012881000293418765	0.0	trigger	n/a	n/a	255	n/a	n/a	n/a	n/a	n/a	n/a	n/a	n/a
3	n/a	n/a	instruction_part1	0.04644570004893467	4.1688541999901645	instructions	n/a	n/a	n/a	n/a	n/a	n/a	n/a	n/a	n/a	n/a	n/a
3	n/a	n/a	instruction_part2	4.230385100003332	1.9005309999920428	instructions	n/a	n/a	n/a	n/a	n/a	n/a	n/a	n/a	n/a	n/a	n/a
3	n/a	n/a	instruction_part3	6.162857200019062	6.199418500007596	instructions	n/a	n/a	n/a	n/a	n/a	n/a	n/a	n/a	n/a	n/a	n/a
3	n/a	n/a	instruction_part4	12.376205700042192	1.4029679999803193	instructions	n/a	n/a	n/a	n/a	n/a	n/a	n/a	n/a	n/a	n/a	n/a
3	n/a	n/a	instruction_start	50.6300149000017	5.968289200041909	instructions	n/a	n/a	n/a	n/a	n/a	n/a	n/a	n/a	n/a	n/a	n/a
3	n/a	n/a	instruction_start_2	56.628148399991915	n/a	instructions	n/a	n/a	n/a	n/a	n/a	n/a	n/a	n/a	n/a	n/a	n/a
3	1	1	image	61.617434500018135	0.760190566656334	image	dog	dog_41.jpg	5	61.61751250002999	7.800001185387373e-05	n/a	n/a	n/a	n/a	1	n/a
3	n/a	n/a	image	61.61751250002999	0.0	trigger	n/a	n/a	5	n/a	n/a	n/a	n/a	n/a	n/a	n/a	n/a
3	1	1	word	62.39393600000767	0.483492666684711	word	Hund_german	n/a	105	62.393961400026456	2.540001878514886e-05	n/a	n/a	n/a	n/a	1	n/a
3	n/a	n/a	word	62.393961400026456	0.0	trigger	n/a	n/a	105	n/a	n/a	n/a	n/a	n/a	n/a	n/a	n/a
3	1	1	possible_button_press	63.86379230004968	0.0	response	n/a	n/a	n/a	n/a	n/a	n/a	n/a	m	m	1	1
3	1	1	fix_cross_after_trial	63.877371400012635	1.0326789666471683	fixation cross	n/a	n/a	94	63.87739360000705	2.2199994418770075e-05	n/a	n/a	n/a	n/a	n/a	n/a
3	n/a	n/a	fix_cross_iti	63.87739360000705	0.0	trigger	n/a	n/a	94	n/a	n/a	n/a	n/a	n/a	n/a	n/a	n/a
3	1	2	image	64.95217720000073	0.7581174667032116	image	ball	ball_04.jpg	1	64.95225240004947	7.520004874095321e-05	n/a	n/a	n/a	n/a	1	n/a
3	n/a	n/a	image	64.95225240004947	0.0	trigger	n/a	n/a	1	n/a	n/a	n/a	n/a	n/a	n/a	n/a	n/a
3	1	2	word	65.71013050002512	0.782054166662661	word	Ball_german	n/a	101	65.71016900002724	3.850000211969018e-05	n/a	n/a	n/a	n/a	1	n/a
3	n/a	n/a	word	65.71016900002724	0.0	trigger	n/a	n/a	101	n/a	n/a	n/a	n/a	n/a	n/a	n/a	n/a
3	1	2	possible_button_press	67.21202530001756	0.0	response	n/a	n/a	n/a	n/a	n/a	n/a	n/a	m	m	1	1
3	1	2	fix_cross_after_trial	67.22615950001637	1.1995951666651905	fixation cross	n/a	n/a	94	67.22618620004505	2.670002868399024e-05	n/a	n/a	n/a	n/a	n/a	n/a
3	n/a	n/a	fix_cross_iti	67.22618620004505	0.0	trigger	n/a	n/a	94	n/a	n/a	n/a	n/a	n/a	n/a	n/a	n/a
3	1	3	image	68.4613683000207	0.7648099666732975	image	hand	hand_21.jpg	8	68.46144929999718	8.099997648969293e-05	n/a	n/a	n/a	n/a	1	n/a
3	n/a	n/a	image	68.46144929999718	0.0	trigger	n/a	n/a	8	n/a	n/a	n/a	n/a	n/a	n/a	n/a	n/a
3	1	3	word	69.24182500003371	0.4833701666250505	word	Hand_german	n/a	108	69.24185910000233	3.409996861591935e-05	n/a	n/a	n/a	n/a	1	n/a
3	n/a	n/a	word	69.24185910000233	0.0	trigger	n/a	n/a	108	n/a	n/a	n/a	n/a	n/a	n/a	n/a	n/a
3	1	3	possible_button_press	70.72733650001464	0.0	response	n/a	n/a	n/a	n/a	n/a	n/a	n/a	m	m	1	1
3	1	3	fix_cross_after_trial	70.74164850002853	1.0661851666557283	fixation cross	n/a	n/a	94	70.74167400004808	2.5500019546598196e-05	n/a	n/a	n/a	n/a	n/a	n/a
3	n/a	n/a	fix_cross_iti	70.74167400004808	0.0	trigger	n/a	n/a	94	n/a	n/a	n/a	n/a	n/a	n/a	n/a	n/a
3	1	4	image	71.8434358999948	0.7647734666864068	image	chair	chair_24.jpg	4	71.84350610000547	7.020001066848636e-05	n/a	n/a	n/a	n/a	1	n/a
3	n/a	n/a	image	71.84350610000547	0.0	trigger	n/a	n/a	4	n/a	n/a	n/a	n/a	n/a	n/a	n/a	n/a
3	1	4	word	72.62375820003217	0.5664875666300446	word	Stuhl_german	n/a	104	72.62378570000874	2.7499976567924023e-05	n/a	n/a	n/a	n/a	1	n/a
3	n/a	n/a	word	72.62378570000874	0.0	trigger	n/a	n/a	104	n/a	n/a	n/a	n/a	n/a	n/a	n/a	n/a
3	1	4	possible_button_press	74.10944130003918	0.0	response	n/a	n/a	n/a	n/a	n/a	n/a	n/a	m	m	1	1
3	1	4	fix_cross_after_trial	74.12376540002879	0.9834621666852996	fixation cross	n/a	n/a	94	74.12380190001568	3.649998689070344e-05	n/a	n/a	n/a	n/a	n/a	n/a
3	n/a	n/a	fix_cross_iti	74.12380190001568	0.0	trigger	n/a	n/a	94	n/a	n/a	n/a	n/a	n/a	n/a	n/a	n/a
3	1	5	image	75.12595459999284	0.7641681666757592	image	hammer	hammer_17.jpg	7	75.12610130000394	0.00014670001110062003	n/a	n/a	n/a	n/a	0	n/a
3	n/a	n/a	image	75.12610130000394	0.0	trigger	n/a	n/a	7	n/a	n/a	n/a	n/a	n/a	n/a	n/a	n/a
3	1	5	word	75.89007000002312	0.7663011666775361	word	Ball_german	n/a	101	75.89009729999816	2.729997504502535e-05	n/a	n/a	n/a	n/a	0	n/a
3	n/a	n/a	word	75.89009729999816	0.0	trigger	n/a	n/a	101	n/a	n/a	n/a	n/a	n/a	n/a	n/a	n/a
3	1	5	possible_button_press	77.10836589999963	0.0	response	n/a	n/a	n/a	n/a	n/a	1.0429004000034183	76.93297040002653	r	r	0	1
3	1	5	response	77.10837650002213	0.0	trigger	n/a	n/a	127	n/a	n/a	n/a	n/a	n/a	n/a	n/a	n/a
3	1	5	feedback	77.13946120004402	0.0	trigger	n/a	n/a	96	n/a	n/a	n/a	n/a	n/a	n/a	n/a	n/a
3	1	5	fix_cross_after_trial	77.32294730003923	1.9160095666341164	fixation cross	n/a	n/a	94	77.32297620002646	2.889998722821474e-05	n/a	n/a	n/a	n/a	n/a	n/a
3	n/a	n/a	fix_cross_iti	77.32297620002646	0.0	trigger	n/a	n/a	94	n/a	n/a	n/a	n/a	n/a	n/a	n/a	n/a
3	1	6	image	79.27457180002239	0.7643599666810275	image	jacket	jacket_36.jpg	10	79.2746380000026	6.619998021051288e-05	n/a	n/a	n/a	n/a	1	n/a
3	n/a	n/a	image	79.2746380000026	0.0	trigger	n/a	n/a	10	n/a	n/a	n/a	n/a	n/a	n/a	n/a	n/a
3	1	6	word	80.07135800004471	0.5341232666435332	word	Jacke_german	n/a	110	80.07138730003498	2.929999027401209e-05	n/a	n/a	n/a	n/a	1	n/a
3	n/a	n/a	word	80.07138730003498	0.0	trigger	n/a	n/a	110	n/a	n/a	n/a	n/a	n/a	n/a	n/a	n/a
3	1	6	possible_button_press	81.54089090001071	0.0	response	n/a	n/a	n/a	n/a	n/a	n/a	n/a	m	m	1	1
3	1	6	fix_cross_after_trial	81.55502289999276	1.2328080667105183	fixation cross	n/a	n/a	94	81.55504720000317	2.4300010409206152e-05	n/a	n/a	n/a	n/a	n/a	n/a
3	n/a	n/a	fix_cross_iti	81.55504720000317	0.0	trigger	n/a	n/a	94	n/a	n/a	n/a	n/a	n/a	n/a	n/a	n/a
3	1	7	image	82.85236340004485	0.7521308666366764	image	bicycle	bicycle_48.jpg	2	82.85248820000561	0.00012479996075853705	n/a	n/a	n/a	n/a	1	n/a
3	n/a	n/a	image	82.85248820000561	0.0	trigger	n/a	n/a	2	n/a	n/a	n/a	n/a	n/a	n/a	n/a	n/a
3	1	7	word	83.6044962000451	0.7168564666683466	word	Fahrrad_german	n/a	102	83.6045407000347	4.449998959898949e-05	n/a	n/a	n/a	n/a	1	n/a
3	n/a	n/a	word	83.6045407000347	0.0	trigger	n/a	n/a	102	n/a	n/a	n/a	n/a	n/a	n/a	n/a	n/a
3	1	7	possible_button_press	85.1066456999979	0.0	response	n/a	n/a	n/a	n/a	n/a	n/a	n/a	m	m	1	1
3	1	7	fix_cross_after_trial	85.12107360002119	1.1992663666644745	fixation cross	n/a	n/a	94	85.12110920000123	3.559998003765941e-05	n/a	n/a	n/a	n/a	n/a	n/a
3	n/a	n/a	fix_cross_iti	85.12110920000123	0.0	trigger	n/a	n/a	94	n/a	n/a	n/a	n/a	n/a	n/a	n/a	n/a
3	1	8	image	86.35753969999496	0.7626320666788757	image	hammer	hammer_13.jpg	7	86.35763340000995	9.370001498609781e-05	n/a	n/a	n/a	n/a	1	n/a
3	n/a	n/a	image	86.35763340000995	0.0	trigger	n/a	n/a	7	n/a	n/a	n/a	n/a	n/a	n/a	n/a	n/a
3	1	8	word	87.12014180002734	0.5162397666756675	word	Hammer_german	n/a	107	87.12017930002185	3.749999450519681e-05	n/a	n/a	n/a	n/a	1	n/a
3	n/a	n/a	word	87.12017930002185	0.0	trigger	n/a	n/a	107	n/a	n/a	n/a	n/a	n/a	n/a	n/a	n/a
3	1	8	possible_button_press	88.62154960003681	0.0	response	n/a	n/a	n/a	n/a	n/a	n/a	n/a	m	m	1	1
3	1	8	fix_cross_after_trial	88.63580910000019	0.8332279666831397	fixation cross	n/a	n/a	94	88.63582950003911	2.0400038920342922e-05	n/a	n/a	n/a	n/a	n/a	n/a
3	n/a	n/a	fix_cross_iti	88.63582950003911	0.0	trigger	n/a	n/a	94	n/a	n/a	n/a	n/a	n/a	n/a	n/a	n/a
3	1	9	image	89.54611049999949	0.7559364666851849	image	flower	flower_25.jpg	6	89.54620030004298	8.980004349723458e-05	n/a	n/a	n/a	n/a	1	n/a
3	n/a	n/a	image	89.54620030004298	0.0	trigger	n/a	n/a	6	n/a	n/a	n/a	n/a	n/a	n/a	n/a	n/a
3	1	9	word	90.30214000004344	0.8988997666204028	word	Blume_german	n/a	106	90.30216690001544	2.6899971999228e-05	n/a	n/a	n/a	n/a	1	n/a
3	n/a	n/a	word	90.30216690001544	0.0	trigger	n/a	n/a	106	n/a	n/a	n/a	n/a	n/a	n/a	n/a	n/a
3	1	9	possible_button_press	91.80393700004788	0.0	response	n/a	n/a	n/a	n/a	n/a	n/a	n/a	m	m	1	1
3	1	9	fix_cross_after_trial	91.8182823000243	0.9834261666440085	fixation cross	n/a	n/a	94	91.8183022000012	1.9899976905435324e-05	n/a	n/a	n/a	n/a	n/a	n/a
3	n/a	n/a	fix_cross_iti	91.8183022000012	0.0	trigger	n/a	n/a	94	n/a	n/a	n/a	n/a	n/a	n/a	n/a	n/a
3	1	10	image	92.87239460001001	0.762044166684305	image	bread	bread_42.jpg	3	92.87247679999564	8.219998562708497e-05	n/a	n/a	n/a	n/a	1	n/a
3	n/a	n/a	image	92.87247679999564	0.0	trigger	n/a	n/a	3	n/a	n/a	n/a	n/a	n/a	n/a	n/a	n/a
3	1	10	word	93.63458890002221	0.9161578666574002	word	Brot_german	n/a	103	93.63461820001248	2.929999027401209e-05	n/a	n/a	n/a	n/a	1	n/a
3	n/a	n/a	word	93.63461820001248	0.0	trigger	n/a	n/a	103	n/a	n/a	n/a	n/a	n/a	n/a	n/a	n/a
3	1	10	possible_button_press	95.13669620000292	0.0	response	n/a	n/a	n/a	n/a	n/a	n/a	n/a	m	m	1	1
3	1	10	fix_cross_after_trial	95.15081670001382	0.966257566648224	fixation cross	n/a	n/a	94	95.1508509000414	3.42000275850296e-05	n/a	n/a	n/a	n/a	n/a	n/a
3	n/a	n/a	fix_cross_iti	95.1508509000414	0.0	trigger	n/a	n/a	94	n/a	n/a	n/a	n/a	n/a	n/a	n/a	n/a
3	1	11	image	96.15399360004812	0.7628507666561433	image	chair	chair_13.jpg	4	96.15407570003299	8.209998486563563e-05	n/a	n/a	n/a	n/a	1	n/a
3	n/a	n/a	image	96.15407570003299	0.0	trigger	n/a	n/a	4	n/a	n/a	n/a	n/a	n/a	n/a	n/a	n/a
3	1	11	word	96.916882599995	0.5661374666999706	word	Stuhl_german	n/a	104	96.91692020004848	3.760005347430706e-05	n/a	n/a	n/a	n/a	1	n/a
3	n/a	n/a	word	96.91692020004848	0.0	trigger	n/a	n/a	104	n/a	n/a	n/a	n/a	n/a	n/a	n/a	n/a
3	1	11	possible_button_press	98.41824339999584	0.0	response	n/a	n/a	n/a	n/a	n/a	n/a	n/a	m	m	1	1
3	1	11	fix_cross_after_trial	98.43288100004429	1.2328608666469023	fixation cross	n/a	n/a	94	98.4329027000349	2.169999061152339e-05	n/a	n/a	n/a	n/a	n/a	n/a
3	n/a	n/a	fix_cross_iti	98.4329027000349	0.0	trigger	n/a	n/a	94	n/a	n/a	n/a	n/a	n/a	n/a	n/a	n/a
3	1	12	image	99.70115259999875	0.7644171667091229	image	dog	dog_35.jpg	5	99.70121700002346	6.440002471208572e-05	n/a	n/a	n/a	n/a	1	n/a
3	n/a	n/a	image	99.70121700002346	0.0	trigger	n/a	n/a	5	n/a	n/a	n/a	n/a	n/a	n/a	n/a	n/a
3	1	12	word	100.46578540001065	0.4827878666731209	word	Hund_german	n/a	105	100.46581810002681	3.270001616328955e-05	n/a	n/a	n/a	n/a	1	n/a
3	n/a	n/a	word	100.46581810002681	0.0	trigger	n/a	n/a	105	n/a	n/a	n/a	n/a	n/a	n/a	n/a	n/a
3	1	12	possible_button_press	101.95126020000316	0.0	response	n/a	n/a	n/a	n/a	n/a	n/a	n/a	m	m	1	1
3	1	12	fix_cross_after_trial	101.9653105000034	0.8161819666895695	fixation cross	n/a	n/a	94	101.9653506000177	4.010001430287957e-05	n/a	n/a	n/a	n/a	n/a	n/a
3	n/a	n/a	fix_cross_iti	101.9653506000177	0.0	trigger	n/a	n/a	94	n/a	n/a	n/a	n/a	n/a	n/a	n/a	n/a
3	1	13	image	102.8172505000257	0.7645309666443296	image	house	house_38.jpg	9	102.81732670002384	7.619999814778566e-05	n/a	n/a	n/a	n/a	1	n/a
3	n/a	n/a	image	102.81732670002384	0.0	trigger	n/a	n/a	9	n/a	n/a	n/a	n/a	n/a	n/a	n/a	n/a
3	1	13	word	103.5974599000183	0.5335510666520946	word	Haus_german	n/a	109	103.59749370004283	3.3800024539232254e-05	n/a	n/a	n/a	n/a	1	n/a
3	n/a	n/a	word	103.59749370004283	0.0	trigger	n/a	n/a	109	n/a	n/a	n/a	n/a	n/a	n/a	n/a	n/a
3	1	13	possible_button_press	105.08390980004333	0.0	response	n/a	n/a	n/a	n/a	n/a	n/a	n/a	m	m	1	1
3	1	13	fix_cross_after_trial	105.09774530003779	1.199282366669891	fixation cross	n/a	n/a	94	105.09778080001706	3.549997927621007e-05	n/a	n/a	n/a	n/a	n/a	n/a
3	n/a	n/a	fix_cross_iti	105.09778080001706	0.0	trigger	n/a	n/a	94	n/a	n/a	n/a	n/a	n/a	n/a	n/a	n/a
3	1	14	image	106.31602900003782	0.7646122666231037	image	ball	ball_29.jpg	1	106.31610060000094	7.159996312111616e-05	n/a	n/a	n/a	n/a	1	n/a
3	n/a	n/a	image	106.31610060000094	0.0	trigger	n/a	n/a	1	n/a	n/a	n/a	n/a	n/a	n/a	n/a	n/a
3	1	14	word	107.08035500004189	0.7823431666513585	word	Ball_german	n/a	101	107.08039439999266	3.93999507650733e-05	n/a	n/a	n/a	n/a	1	n/a
3	n/a	n/a	word	107.08039439999266	0.0	trigger	n/a	n/a	101	n/a	n/a	n/a	n/a	n/a	n/a	n/a	n/a
3	1	14	possible_button_press	108.58256800001254	0.0	response	n/a	n/a	n/a	n/a	n/a	n/a	n/a	m	m	1	1
3	1	14	fix_cross_after_trial	108.59652760002064	0.8830372666746058	fixation cross	n/a	n/a	94	108.59655560000101	2.7999980375170708e-05	n/a	n/a	n/a	n/a	n/a	n/a
3	n/a	n/a	fix_cross_iti	108.59655560000101	0.0	trigger	n/a	n/a	94	n/a	n/a	n/a	n/a	n/a	n/a	n/a	n/a
3	1	15	image	109.49843460001284	0.7641935666945443	image	hand	hand_02.jpg	8	109.49850780004635	7.320003351196647e-05	n/a	n/a	n/a	n/a	0	n/a
3	n/a	n/a	image	109.49850780004635	0.0	trigger	n/a	n/a	8	n/a	n/a	n/a	n/a	n/a	n/a	n/a	n/a
3	1	15	word	110.26241510000546	0.8993105666634307	word	Blume_german	n/a	106	110.26244280004175	2.770003629848361e-05	n/a	n/a	n/a	n/a	0	n/a
3	n/a	n/a	word	110.26244280004175	0.0	trigger	n/a	n/a	106	n/a	n/a	n/a	n/a	n/a	n/a	n/a	n/a
3	1	15	possible_button_press	111.49776620004559	0.0	response	n/a	n/a	n/a	n/a	n/a	1.0731422999524511	111.3355573999579	r	r	0	1
3	1	15	response	111.4977765000076	0.0	trigger	n/a	n/a	127	n/a	n/a	n/a	n/a	n/a	n/a	n/a	n/a
3	1	15	feedback	111.52810630004387	0.0	trigger	n/a	n/a	96	n/a	n/a	n/a	n/a	n/a	n/a	n/a	n/a
3	1	15	fix_cross_after_trial	111.72873610001989	1.8325966666491382	fixation cross	n/a	n/a	94	111.72875930002192	2.3200002033263445e-05	n/a	n/a	n/a	n/a	n/a	n/a
3	n/a	n/a	fix_cross_iti	111.72875930002192	0.0	trigger	n/a	n/a	94	n/a	n/a	n/a	n/a	n/a	n/a	n/a	n/a
3	1	16	image	113.59727590001421	0.7640538666785375	image	hammer	hammer_19.jpg	7	113.59733980003512	6.390002090483904e-05	n/a	n/a	n/a	n/a	1	n/a
3	n/a	n/a	image	113.59733980003512	0.0	trigger	n/a	n/a	7	n/a	n/a	n/a	n/a	n/a	n/a	n/a	n/a
3	1	16	word	114.36165090004215	0.515941866619201	word	Hammer_german	n/a	107	114.36168600001838	3.509997623041272e-05	n/a	n/a	n/a	n/a	1	n/a
3	n/a	n/a	word	114.36168600001838	0.0	trigger	n/a	n/a	107	n/a	n/a	n/a	n/a	n/a	n/a	n/a	n/a
3	1	16	possible_button_press	115.86350160004804	0.0	response	n/a	n/a	n/a	n/a	n/a	n/a	n/a	m	m	1	1
3	1	16	fix_cross_after_trial	115.87762250000378	0.9326994667101332	fixation cross	n/a	n/a	94	115.87765810004203	3.560003824532032e-05	n/a	n/a	n/a	n/a	n/a	n/a
3	n/a	n/a	fix_cross_iti	115.87765810004203	0.0	trigger	n/a	n/a	94	n/a	n/a	n/a	n/a	n/a	n/a	n/a	n/a
3	1	17	image	116.84602789999917	0.7646038666755572	image	jacket	jacket_07.jpg	10	116.84609800000908	7.010000990703702e-05	n/a	n/a	n/a	n/a	1	n/a
3	n/a	n/a	image	116.84609800000908	0.0	trigger	n/a	n/a	10	n/a	n/a	n/a	n/a	n/a	n/a	n/a	n/a
3	1	17	word	117.61071500001708	0.5498702666993864	word	Jacke_german	n/a	110	117.61074690002715	3.190001007169485e-05	n/a	n/a	n/a	n/a	1	n/a
3	n/a	n/a	word	117.61074690002715	0.0	trigger	n/a	n/a	110	n/a	n/a	n/a	n/a	n/a	n/a	n/a	n/a
3	1	17	possible_button_press	119.1117020000238	0.0	response	n/a	n/a	n/a	n/a	n/a	n/a	n/a	m	m	1	1
3	1	17	fix_cross_after_trial	119.12604270002339	1.1162827666887694	fixation cross	n/a	n/a	94	119.12607120000757	2.8499984182417393e-05	n/a	n/a	n/a	n/a	n/a	n/a
3	n/a	n/a	fix_cross_iti	119.12607120000757	0.0	trigger	n/a	n/a	94	n/a	n/a	n/a	n/a	n/a	n/a	n/a	n/a
3	1	18	image	120.27837240003282	0.7635086666598596	image	bicycle	bicycle_06.jpg	2	120.27845270000398	8.029997115954757e-05	n/a	n/a	n/a	n/a	1	n/a
3	n/a	n/a	image	120.27845270000398	0.0	trigger	n/a	n/a	2	n/a	n/a	n/a	n/a	n/a	n/a	n/a	n/a
3	1	18	word	121.04235590004828	0.70421826665212	word	Fahrrad_german	n/a	102	121.04237660003128	2.069998299703002e-05	n/a	n/a	n/a	n/a	1	n/a
3	n/a	n/a	word	121.04237660003128	0.0	trigger	n/a	n/a	102	n/a	n/a	n/a	n/a	n/a	n/a	n/a	n/a
3	1	18	possible_button_press	122.53286580002168	0.0	response	n/a	n/a	n/a	n/a	n/a	n/a	n/a	m	m	1	1
3	1	18	fix_cross_after_trial	122.54300970002078	0.8816500666473672	fixation cross	n/a	n/a	94	122.54305090004345	4.120002267882228e-05	n/a	n/a	n/a	n/a	n/a	n/a
3	n/a	n/a	fix_cross_iti	122.54305090004345	0.0	trigger	n/a	n/a	94	n/a	n/a	n/a	n/a	n/a	n/a	n/a	n/a
3	1	19	image	123.5081654000096	0.74948726670506	image	house	house_43.jpg	9	123.5082521000295	8.670001989230514e-05	n/a	n/a	n/a	n/a	1	n/a
3	n/a	n/a	image	123.5082521000295	0.0	trigger	n/a	n/a	9	n/a	n/a	n/a	n/a	n/a	n/a	n/a	n/a
3	1	19	word	124.25773140002275	0.5508187666457758	word	Haus_german	n/a	109	124.2577661999967	3.479997394606471e-05	n/a	n/a	n/a	n/a	1	n/a
3	n/a	n/a	word	124.2577661999967	0.0	trigger	n/a	n/a	109	n/a	n/a	n/a	n/a	n/a	n/a	n/a	n/a
3	1	19	possible_button_press	125.76070149999578	0.0	response	n/a	n/a	n/a	n/a	n/a	n/a	n/a	m	m	1	1
3	1	19	fix_cross_after_trial	125.77434840000933	1.1661655666578241	fixation cross	n/a	n/a	94	125.77437030000146	2.1899992134422064e-05	n/a	n/a	n/a	n/a	n/a	n/a
3	n/a	n/a	fix_cross_iti	125.77437030000146	0.0	trigger	n/a	n/a	94	n/a	n/a	n/a	n/a	n/a	n/a	n/a	n/a
3	1	20	image	126.97982230002526	0.760818866667492	image	bread	bread_29.jpg	3	126.97990130004473	7.90000194683671e-05	n/a	n/a	n/a	n/a	1	n/a
3	n/a	n/a	image	126.97990130004473	0.0	trigger	n/a	n/a	3	n/a	n/a	n/a	n/a	n/a	n/a	n/a	n/a
3	1	20	word	127.74064950004686	0.9322860666473218	word	Brot_german	n/a	103	127.74068600003375	3.649998689070344e-05	n/a	n/a	n/a	n/a	1	n/a
3	n/a	n/a	word	127.74068600003375	0.0	trigger	n/a	n/a	103	n/a	n/a	n/a	n/a	n/a	n/a	n/a	n/a
3	1	20	possible_button_press	128.6308004000457	0.0	response	n/a	n/a	n/a	n/a	n/a	0.7384263999992982	128.47907590004615	r	m	1	0
3	1	20	response	128.63081170001533	0.0	trigger	n/a	n/a	128	n/a	n/a	n/a	n/a	n/a	n/a	n/a	n/a
3	1	20	feedback	128.6562888000044	0.0	trigger	n/a	n/a	96	n/a	n/a	n/a	n/a	n/a	n/a	n/a	n/a
3	1	20	fix_cross_after_trial	128.84018280002056	2.0828314666908057	fixation cross	n/a	n/a	94	128.8402100999956	2.729997504502535e-05	n/a	n/a	n/a	n/a	n/a	n/a
3	n/a	n/a	fix_cross_iti	128.8402100999956	0.0	trigger	n/a	n/a	94	n/a	n/a	n/a	n/a	n/a	n/a	n/a	n/a
3	1	21	image	130.9714607000351	0.751081366677937	image	house	house_33.jpg	9	130.97154540003976	8.47000046633184e-05	n/a	n/a	n/a	n/a	1	n/a
3	n/a	n/a	image	130.97154540003976	0.0	trigger	n/a	n/a	9	n/a	n/a	n/a	n/a	n/a	n/a	n/a	n/a
3	1	21	word	131.7225185999996	0.5491702666661524	word	Haus_german	n/a	109	131.7225485999952	2.9999995604157448e-05	n/a	n/a	n/a	n/a	1	n/a
3	n/a	n/a	word	131.7225485999952	0.0	trigger	n/a	n/a	109	n/a	n/a	n/a	n/a	n/a	n/a	n/a	n/a
3	1	21	possible_button_press	133.22439420002047	0.0	response	n/a	n/a	n/a	n/a	n/a	n/a	n/a	m	m	1	1
3	1	21	fix_cross_after_trial	133.2387661000248	0.882826766643376	fixation cross	n/a	n/a	94	133.23879960004706	3.350002225488424e-05	n/a	n/a	n/a	n/a	n/a	n/a
3	n/a	n/a	fix_cross_iti	133.23879960004706	0.0	trigger	n/a	n/a	94	n/a	n/a	n/a	n/a	n/a	n/a	n/a	n/a
3	1	22	image	134.15713440004038	0.7644630666511887	image	jacket	jacket_29.jpg	10	134.15720740001416	7.299997378140688e-05	n/a	n/a	n/a	n/a	1	n/a
3	n/a	n/a	image	134.15720740001416	0.0	trigger	n/a	n/a	10	n/a	n/a	n/a	n/a	n/a	n/a	n/a	n/a
3	1	22	word	134.92172330000903	0.5492505666955196	word	Jacke_german	n/a	110	134.9217506000423	2.7300033252686262e-05	n/a	n/a	n/a	n/a	1	n/a
3	n/a	n/a	word	134.9217506000423	0.0	trigger	n/a	n/a	110	n/a	n/a	n/a	n/a	n/a	n/a	n/a	n/a
3	1	22	possible_button_press	135.87294590001693	0.0	response	n/a	n/a	n/a	n/a	n/a	0.7001281999982893	135.62185150000732	r	m	1	0
3	1	22	response	135.87295560003258	0.0	trigger	n/a	n/a	128	n/a	n/a	n/a	n/a	n/a	n/a	n/a	n/a
3	1	22	feedback	135.9038371000206	0.0	trigger	n/a	n/a	96	n/a	n/a	n/a	n/a	n/a	n/a	n/a	n/a
3	1	22	fix_cross_after_trial	136.08796350000193	2.2321523666653604	fixation cross	n/a	n/a	94	136.08799250004813	2.900004619732499e-05	n/a	n/a	n/a	n/a	n/a	n/a
3	n/a	n/a	fix_cross_iti	136.08799250004813	0.0	trigger	n/a	n/a	94	n/a	n/a	n/a	n/a	n/a	n/a	n/a	n/a
3	1	23	image	138.35754749999614	0.7622881666796104	image	hammer	hammer_37.jpg	7	138.3576343000168	8.680002065375447e-05	n/a	n/a	n/a	n/a	1	n/a
3	n/a	n/a	image	138.3576343000168	0.0	trigger	n/a	n/a	7	n/a	n/a	n/a	n/a	n/a	n/a	n/a	n/a
3	1	23	word	139.11879969999427	0.5175612666683094	word	Hammer_german	n/a	107	139.11882740003057	2.770003629848361e-05	n/a	n/a	n/a	n/a	1	n/a
3	n/a	n/a	word	139.11882740003057	0.0	trigger	n/a	n/a	107	n/a	n/a	n/a	n/a	n/a	n/a	n/a	n/a
3	1	23	possible_button_press	140.60626790003153	0.0	response	n/a	n/a	n/a	n/a	n/a	n/a	n/a	m	m	1	1
3	1	23	fix_cross_after_trial	140.61914990004152	1.232759366630745	fixation cross	n/a	n/a	94	140.6191712000291	2.1299987565726042e-05	n/a	n/a	n/a	n/a	n/a	n/a
3	n/a	n/a	fix_cross_iti	140.6191712000291	0.0	trigger	n/a	n/a	94	n/a	n/a	n/a	n/a	n/a	n/a	n/a	n/a
3	1	24	image	141.88831539999228	0.7636629666706369	image	flower	flower_17.jpg	6	141.88839830004144	8.290004916489124e-05	n/a	n/a	n/a	n/a	1	n/a
3	n/a	n/a	image	141.88839830004144	0.0	trigger	n/a	n/a	6	n/a	n/a	n/a	n/a	n/a	n/a	n/a	n/a
3	1	24	word	142.65192610002123	0.8994352666816496	word	Blume_german	n/a	106	142.65195319999475	2.7099973522126675e-05	n/a	n/a	n/a	n/a	1	n/a
3	n/a	n/a	word	142.65195319999475	0.0	trigger	n/a	n/a	106	n/a	n/a	n/a	n/a	n/a	n/a	n/a	n/a
3	1	24	possible_button_press	144.15425350004807	0.0	response	n/a	n/a	n/a	n/a	n/a	n/a	n/a	m	m	1	1
3	1	24	fix_cross_after_trial	144.16813930001808	1.0662477666667485	fixation cross	n/a	n/a	94	144.16815979999956	2.0499981474131346e-05	n/a	n/a	n/a	n/a	n/a	n/a
3	n/a	n/a	fix_cross_iti	144.16815979999956	0.0	trigger	n/a	n/a	94	n/a	n/a	n/a	n/a	n/a	n/a	n/a	n/a
3	1	25	image	145.2703346000053	0.7660204666938455	image	bread	bread_12.jpg	3	145.27040430001216	6.970000686123967e-05	n/a	n/a	n/a	n/a	1	n/a
3	n/a	n/a	image	145.27040430001216	0.0	trigger	n/a	n/a	3	n/a	n/a	n/a	n/a	n/a	n/a	n/a	n/a
3	1	25	word	146.03579520003404	0.9169157666658805	word	Brot_german	n/a	103	146.0358251000289	2.989999484270811e-05	n/a	n/a	n/a	n/a	1	n/a
3	n/a	n/a	word	146.0358251000289	0.0	trigger	n/a	n/a	103	n/a	n/a	n/a	n/a	n/a	n/a	n/a	n/a
3	1	25	possible_button_press	147.53675240004668	0.0	response	n/a	n/a	n/a	n/a	n/a	n/a	n/a	m	m	1	1
3	1	25	fix_cross_after_trial	147.55101250001462	0.74964296666829	fixation cross	n/a	n/a	94	147.5510527000297	4.020001506432891e-05	n/a	n/a	n/a	n/a	n/a	n/a
3	n/a	n/a	fix_cross_iti	147.5510527000297	0.0	trigger	n/a	n/a	94	n/a	n/a	n/a	n/a	n/a	n/a	n/a	n/a
3	1	26	image	148.3359427000396	0.7648324666700148	image	chair	chair_11.jpg	4	148.33601570001338	7.299997378140688e-05	n/a	n/a	n/a	n/a	1	n/a
3	n/a	n/a	image	148.33601570001338	0.0	trigger	n/a	n/a	4	n/a	n/a	n/a	n/a	n/a	n/a	n/a	n/a
3	1	26	word	149.10062159999507	0.5679968667139121	word	Stuhl_german	n/a	104	149.10066540003754	4.380004247650504e-05	n/a	n/a	n/a	n/a	1	n/a
3	n/a	n/a	word	149.10066540003754	0.0	trigger	n/a	n/a	104	n/a	n/a	n/a	n/a	n/a	n/a	n/a	n/a
3	1	26	possible_button_press	150.6021968999994	0.0	response	n/a	n/a	n/a	n/a	n/a	n/a	n/a	m	m	1	1
3	1	26	fix_cross_after_trial	150.6166556000244	1.1494362666892641	fixation cross	n/a	n/a	94	150.61667529999977	1.969997538253665e-05	n/a	n/a	n/a	n/a	n/a	n/a
3	n/a	n/a	fix_cross_iti	150.61667529999977	0.0	trigger	n/a	n/a	94	n/a	n/a	n/a	n/a	n/a	n/a	n/a	n/a
3	1	27	image	151.8024168999982	0.7634537667074994	image	house	house_35.jpg	9	151.80247220001183	5.530001362785697e-05	n/a	n/a	n/a	n/a	0	n/a
3	n/a	n/a	image	151.80247220001183	0.0	trigger	n/a	n/a	9	n/a	n/a	n/a	n/a	n/a	n/a	n/a	n/a
3	1	27	word	152.565968000039	0.5493019666212433	word	Jacke_german	n/a	110	152.56599550001556	2.7499976567924023e-05	n/a	n/a	n/a	n/a	0	n/a
3	n/a	n/a	word	152.56599550001556	0.0	trigger	n/a	n/a	110	n/a	n/a	n/a	n/a	n/a	n/a	n/a	n/a
3	1	27	feedback	154.0819989000447	0.0	trigger	n/a	n/a	96	n/a	n/a	n/a	n/a	n/a	n/a	n/a	n/a
3	1	27	possible_button_press	154.26783180003986	0.0	response	n/a	n/a	n/a	n/a	n/a	n/a	n/a	m	r	0	0
3	1	27	fix_cross_after_trial	154.28203300002497	1.1497668666454786	fixation cross	n/a	n/a	94	154.2820642000297	3.120000474154949e-05	n/a	n/a	n/a	n/a	n/a	n/a
3	n/a	n/a	fix_cross_iti	154.2820642000297	0.0	trigger	n/a	n/a	94	n/a	n/a	n/a	n/a	n/a	n/a	n/a	n/a
3	1	28	image	155.49442070000805	0.753908766670321	image	chair	chair_47.jpg	4	155.4945255999919	0.00010489998385310173	n/a	n/a	n/a	n/a	1	n/a
3	n/a	n/a	image	155.4945255999919	0.0	trigger	n/a	n/a	4	n/a	n/a	n/a	n/a	n/a	n/a	n/a	n/a
3	1	28	word	156.24824620003346	0.5666813666505561	word	Stuhl_german	n/a	104	156.24828590004472	3.9700011257082224e-05	n/a	n/a	n/a	n/a	1	n/a
3	n/a	n/a	word	156.24828590004472	0.0	trigger	n/a	n/a	104	n/a	n/a	n/a	n/a	n/a	n/a	n/a	n/a
3	1	28	possible_button_press	157.74957810004707	0.0	response	n/a	n/a	n/a	n/a	n/a	n/a	n/a	m	m	1	1
3	1	28	fix_cross_after_trial	157.76402880001115	1.2495278666649767	fixation cross	n/a	n/a	94	157.76405420002993	2.540001878514886e-05	n/a	n/a	n/a	n/a	n/a	n/a
3	n/a	n/a	fix_cross_iti	157.76405420002993	0.0	trigger	n/a	n/a	94	n/a	n/a	n/a	n/a	n/a	n/a	n/a	n/a
3	1	29	image	159.06816290004645	0.7625560666240574	image	dog	dog_44.jpg	5	159.06823110004188	6.819999543949962e-05	n/a	n/a	n/a	n/a	1	n/a
3	n/a	n/a	image	159.06823110004188	0.0	trigger	n/a	n/a	5	n/a	n/a	n/a	n/a	n/a	n/a	n/a	n/a
3	1	29	word	159.83034380001482	0.49948586669441397	word	Hund_german	n/a	105	159.83037470001727	3.090000245720148e-05	n/a	n/a	n/a	n/a	1	n/a
3	n/a	n/a	word	159.83037470001727	0.0	trigger	n/a	n/a	105	n/a	n/a	n/a	n/a	n/a	n/a	n/a	n/a
3	1	29	possible_button_press	161.33148270001402	0.0	response	n/a	n/a	n/a	n/a	n/a	n/a	n/a	m	m	1	1
3	1	29	fix_cross_after_trial	161.34614060004242	0.7834895666494788	fixation cross	n/a	n/a	94	161.346159800014	1.9199971575289965e-05	n/a	n/a	n/a	n/a	n/a	n/a
3	n/a	n/a	fix_cross_iti	161.346159800014	0.0	trigger	n/a	n/a	94	n/a	n/a	n/a	n/a	n/a	n/a	n/a	n/a
3	1	30	image	162.26731359999394	0.7622753666985602	image	ball	ball_03.jpg	1	162.2674210999976	0.00010750000365078449	n/a	n/a	n/a	n/a	1	n/a
3	n/a	n/a	image	162.2674210999976	0.0	trigger	n/a	n/a	1	n/a	n/a	n/a	n/a	n/a	n/a	n/a	n/a
3	1	30	word	163.0295414000284	0.7664072666705408	word	Ball_german	n/a	101	163.02959059999557	4.919996717944741e-05	n/a	n/a	n/a	n/a	1	n/a
3	n/a	n/a	word	163.02959059999557	0.0	trigger	n/a	n/a	101	n/a	n/a	n/a	n/a	n/a	n/a	n/a	n/a
3	1	30	possible_button_press	164.53187340003205	0.0	response	n/a	n/a	n/a	n/a	n/a	n/a	n/a	m	m	1	1
3	1	30	fix_cross_after_trial	164.54568189999554	0.9496180666649536	fixation cross	n/a	n/a	94	164.54571740003303	3.550003748387098e-05	n/a	n/a	n/a	n/a	n/a	n/a
3	n/a	n/a	fix_cross_iti	164.54571740003303	0.0	trigger	n/a	n/a	94	n/a	n/a	n/a	n/a	n/a	n/a	n/a	n/a
3	1	31	image	165.54884270002367	0.7629858666371376	image	dog	dog_28.jpg	5	165.54892240004847	7.970002479851246e-05	n/a	n/a	n/a	n/a	1	n/a
3	n/a	n/a	image	165.54892240004847	0.0	trigger	n/a	n/a	5	n/a	n/a	n/a	n/a	n/a	n/a	n/a	n/a
3	1	31	word	166.31180190003943	0.4829157666574986	word	Hund_german	n/a	105	166.31184189999476	3.999995533376932e-05	n/a	n/a	n/a	n/a	1	n/a
3	n/a	n/a	word	166.31184189999476	0.0	trigger	n/a	n/a	105	n/a	n/a	n/a	n/a	n/a	n/a	n/a	n/a
3	1	31	possible_button_press	167.81361050001578	0.0	response	n/a	n/a	n/a	n/a	n/a	n/a	n/a	m	m	1	1
3	1	31	fix_cross_after_trial	167.8278946999926	0.8005243666741819	fixation cross	n/a	n/a	94	167.82792830001563	3.360002301633358e-05	n/a	n/a	n/a	n/a	n/a	n/a
3	n/a	n/a	fix_cross_iti	167.82792830001563	0.0	trigger	n/a	n/a	94	n/a	n/a	n/a	n/a	n/a	n/a	n/a	n/a
3	1	32	image	168.68000970000867	0.7642666666691014	image	bread	bread_27.jpg	3	168.68008780002128	7.810001261532307e-05	n/a	n/a	n/a	n/a	1	n/a
3	n/a	n/a	image	168.68008780002128	0.0	trigger	n/a	n/a	3	n/a	n/a	n/a	n/a	n/a	n/a	n/a	n/a
3	1	32	word	169.4441909000161	0.93220146664342	word	Brot_german	n/a	103	169.44423630001256	4.539999645203352e-05	n/a	n/a	n/a	n/a	1	n/a
3	n/a	n/a	word	169.44423630001256	0.0	trigger	n/a	n/a	103	n/a	n/a	n/a	n/a	n/a	n/a	n/a	n/a
3	1	32	possible_button_press	170.94623210001737	0.0	response	n/a	n/a	n/a	n/a	n/a	n/a	n/a	m	m	1	1
3	1	32	fix_cross_after_trial	170.96060980000766	1.0994237666639322	fixation cross	n/a	n/a	94	170.96063210000284	2.2299995180219412e-05	n/a	n/a	n/a	n/a	n/a	n/a
3	n/a	n/a	fix_cross_iti	170.96063210000284	0.0	trigger	n/a	n/a	94	n/a	n/a	n/a	n/a	n/a	n/a	n/a	n/a
3	1	33	image	172.11962400004268	0.7566199666510158	image	hand	hand_25.jpg	8	172.11976380000124	0.00013979995856061578	n/a	n/a	n/a	n/a	1	n/a
3	n/a	n/a	image	172.11976380000124	0.0	trigger	n/a	n/a	8	n/a	n/a	n/a	n/a	n/a	n/a	n/a	n/a
3	1	33	word	172.87631130003138	0.4991486666297362	word	Hand_german	n/a	108	172.876339200011	2.789997961372137e-05	n/a	n/a	n/a	n/a	1	n/a
3	n/a	n/a	word	172.876339200011	0.0	trigger	n/a	n/a	108	n/a	n/a	n/a	n/a	n/a	n/a	n/a	n/a
3	1	33	possible_button_press	174.37893710000208	0.0	response	n/a	n/a	n/a	n/a	n/a	n/a	n/a	m	m	1	1
3	1	33	fix_cross_after_trial	174.39918450004188	0.8937363666521208	fixation cross	n/a	n/a	94	174.39921220001997	2.7699978090822697e-05	n/a	n/a	n/a	n/a	n/a	n/a
3	n/a	n/a	fix_cross_iti	174.39921220001997	0.0	trigger	n/a	n/a	94	n/a	n/a	n/a	n/a	n/a	n/a	n/a	n/a
3	1	34	image	175.32882520003477	0.7632304666369976	image	bicycle	bicycle_11.jpg	2	175.3289030000451	7.780001033097506e-05	n/a	n/a	n/a	n/a	1	n/a
3	n/a	n/a	image	175.3289030000451	0.0	trigger	n/a	n/a	2	n/a	n/a	n/a	n/a	n/a	n/a	n/a	n/a
3	1	34	word	176.09207790001528	0.6994780666466625	word	Fahrrad_german	n/a	102	176.09212149999803	4.3599982745945454e-05	n/a	n/a	n/a	n/a	1	n/a
3	n/a	n/a	word	176.09212149999803	0.0	trigger	n/a	n/a	102	n/a	n/a	n/a	n/a	n/a	n/a	n/a	n/a
3	1	34	possible_button_press	177.59417050000047	0.0	response	n/a	n/a	n/a	n/a	n/a	n/a	n/a	m	m	1	1
3	1	34	fix_cross_after_trial	177.60802050004713	1.0831288666270495	fixation cross	n/a	n/a	94	177.60805120004807	3.070000093430281e-05	n/a	n/a	n/a	n/a	n/a	n/a
3	n/a	n/a	fix_cross_iti	177.60805120004807	0.0	trigger	n/a	n/a	94	n/a	n/a	n/a	n/a	n/a	n/a	n/a	n/a
3	1	35	image	178.70997310004896	0.7644680666310535	image	hammer	hammer_06.jpg	7	178.71004870004253	7.559999357908964e-05	n/a	n/a	n/a	n/a	1	n/a
3	n/a	n/a	image	178.71004870004253	0.0	trigger	n/a	n/a	7	n/a	n/a	n/a	n/a	n/a	n/a	n/a	n/a
3	1	35	word	179.48115510004573	0.508723266659473	word	Hammer_german	n/a	107	179.48120090004522	4.579999949783087e-05	n/a	n/a	n/a	n/a	1	n/a
3	n/a	n/a	word	179.48120090004522	0.0	trigger	n/a	n/a	107	n/a	n/a	n/a	n/a	n/a	n/a	n/a	n/a
3	1	35	possible_button_press	180.97655210003722	0.0	response	n/a	n/a	n/a	n/a	n/a	n/a	n/a	m	m	1	1
3	1	35	fix_cross_after_trial	180.99305980000645	0.7978315666589708	fixation cross	n/a	n/a	94	180.99310490000062	4.509999416768551e-05	n/a	n/a	n/a	n/a	n/a	n/a
3	n/a	n/a	fix_cross_iti	180.99310490000062	0.0	trigger	n/a	n/a	94	n/a	n/a	n/a	n/a	n/a	n/a	n/a	n/a
3	1	36	image	181.8256666000234	0.7643670666768969	image	dog	dog_07.jpg	5	181.82576010003686	9.350001346319914e-05	n/a	n/a	n/a	n/a	1	n/a
3	n/a	n/a	image	181.82576010003686	0.0	trigger	n/a	n/a	5	n/a	n/a	n/a	n/a	n/a	n/a	n/a	n/a
3	1	36	word	182.59008680004627	0.48274516663903455	word	Hund_german	n/a	105	182.5901351000066	4.829996032640338e-05	n/a	n/a	n/a	n/a	1	n/a
3	n/a	n/a	word	182.5901351000066	0.0	trigger	n/a	n/a	105	n/a	n/a	n/a	n/a	n/a	n/a	n/a	n/a
3	1	36	possible_button_press	184.09132410003804	0.0	response	n/a	n/a	n/a	n/a	n/a	n/a	n/a	m	m	1	1
3	1	36	fix_cross_after_trial	184.1058866000385	1.2395077666772352	fixation cross	n/a	n/a	94	184.1059047000017	1.8099963199347258e-05	n/a	n/a	n/a	n/a	n/a	n/a
3	n/a	n/a	fix_cross_iti	184.1059047000017	0.0	trigger	n/a	n/a	94	n/a	n/a	n/a	n/a	n/a	n/a	n/a	n/a
3	1	37	image	185.3923388000112	0.7636428666922086	image	flower	flower_24.jpg	6	185.39242480002576	8.600001456215978e-05	n/a	n/a	n/a	n/a	1	n/a
3	n/a	n/a	image	185.39242480002576	0.0	trigger	n/a	n/a	6	n/a	n/a	n/a	n/a	n/a	n/a	n/a	n/a
3	1	37	word	186.15567130001727	0.8987108666954384	word	Blume_german	n/a	106	186.15571220003767	4.090002039447427e-05	n/a	n/a	n/a	n/a	1	n/a
3	n/a	n/a	word	186.15571220003767	0.0	trigger	n/a	n/a	106	n/a	n/a	n/a	n/a	n/a	n/a	n/a	n/a
3	1	37	possible_button_press	187.64536210004007	0.0	response	n/a	n/a	n/a	n/a	n/a	n/a	n/a	m	m	1	1
3	1	37	fix_cross_after_trial	187.65609410003526	0.7819974666383871	fixation cross	n/a	n/a	94	187.6561367000104	4.2599975131452084e-05	n/a	n/a	n/a	n/a	n/a	n/a
3	n/a	n/a	fix_cross_iti	187.6561367000104	0.0	trigger	n/a	n/a	94	n/a	n/a	n/a	n/a	n/a	n/a	n/a	n/a
3	1	38	image	188.45677140000043	0.7644200666730114	image	bicycle	bicycle_40.jpg	2	188.45685060002143	7.920002099126577e-05	n/a	n/a	n/a	n/a	1	n/a
3	n/a	n/a	image	188.45685060002143	0.0	trigger	n/a	n/a	2	n/a	n/a	n/a	n/a	n/a	n/a	n/a	n/a
3	1	38	word	189.22107560001314	0.7163413666460485	word	Fahrrad_german	n/a	102	189.22110530000646	2.9699993319809437e-05	n/a	n/a	n/a	n/a	1	n/a
3	n/a	n/a	word	189.22110530000646	0.0	trigger	n/a	n/a	102	n/a	n/a	n/a	n/a	n/a	n/a	n/a	n/a
3	1	38	possible_button_press	190.7295919000171	0.0	response	n/a	n/a	n/a	n/a	n/a	n/a	n/a	m	m	1	1
3	1	38	fix_cross_after_trial	190.73815789999207	1.172191866677423	fixation cross	n/a	n/a	94	190.73817870003404	2.080004196614027e-05	n/a	n/a	n/a	n/a	n/a	n/a
3	n/a	n/a	fix_cross_iti	190.73817870003404	0.0	trigger	n/a	n/a	94	n/a	n/a	n/a	n/a	n/a	n/a	n/a	n/a
3	1	39	image	191.9389856000198	0.7645335666641415	image	house	house_12.jpg	9	191.93908219999867	9.659997886046767e-05	n/a	n/a	n/a	n/a	1	n/a
3	n/a	n/a	image	191.93908219999867	0.0	trigger	n/a	n/a	9	n/a	n/a	n/a	n/a	n/a	n/a	n/a	n/a
3	1	39	word	192.70334020000882	0.5492575666906134	word	Haus_german	n/a	109	192.70336909999605	2.889998722821474e-05	n/a	n/a	n/a	n/a	1	n/a
3	n/a	n/a	word	192.70336909999605	0.0	trigger	n/a	n/a	109	n/a	n/a	n/a	n/a	n/a	n/a	n/a	n/a
3	1	39	possible_button_press	194.19017610000446	0.0	response	n/a	n/a	n/a	n/a	n/a	n/a	n/a	m	m	1	1
3	1	39	fix_cross_after_trial	194.20988330000546	0.8096441666750991	fixation cross	n/a	n/a	94	194.2099331000354	4.980002995580435e-05	n/a	n/a	n/a	n/a	n/a	n/a
3	n/a	n/a	fix_cross_iti	194.2099331000354	0.0	trigger	n/a	n/a	94	n/a	n/a	n/a	n/a	n/a	n/a	n/a	n/a
3	1	40	image	195.09842019999633	0.7541100666897194	image	jacket	jacket_44.jpg	10	195.09852769999998	0.00010750000365078449	n/a	n/a	n/a	n/a	0	n/a
3	n/a	n/a	image	195.09852769999998	0.0	trigger	n/a	n/a	10	n/a	n/a	n/a	n/a	n/a	n/a	n/a	n/a
3	1	40	word	195.85250959999394	0.5664935666757458	word	Stuhl_german	n/a	104	195.8525551999919	4.5599997974932194e-05	n/a	n/a	n/a	n/a	0	n/a
3	n/a	n/a	word	195.8525551999919	0.0	trigger	n/a	n/a	104	n/a	n/a	n/a	n/a	n/a	n/a	n/a	n/a
3	1	40	feedback	197.36870990000898	0.0	trigger	n/a	n/a	96	n/a	n/a	n/a	n/a	n/a	n/a	n/a	n/a
3	1	40	possible_button_press	197.5547043000115	0.0	response	n/a	n/a	n/a	n/a	n/a	n/a	n/a	m	r	0	0
3	1	40	fix_cross_after_trial	197.56884439999703	1.1993588666703374	fixation cross	n/a	n/a	94	197.56888320000144	3.880000440403819e-05	n/a	n/a	n/a	n/a	n/a	n/a
3	n/a	n/a	fix_cross_iti	197.56888320000144	0.0	trigger	n/a	n/a	94	n/a	n/a	n/a	n/a	n/a	n/a	n/a	n/a
3	1	41	image	198.8106623000349	0.7575218666500234	image	hand	hand_19.jpg	8	198.81075840000995	9.609997505322099e-05	n/a	n/a	n/a	n/a	1	n/a
3	n/a	n/a	image	198.81075840000995	0.0	trigger	n/a	n/a	8	n/a	n/a	n/a	n/a	n/a	n/a	n/a	n/a
3	1	41	word	199.56794560002163	0.49982476665562103	word	Hand_german	n/a	108	199.56798819999676	4.2599975131452084e-05	n/a	n/a	n/a	n/a	1	n/a
3	n/a	n/a	word	199.56798819999676	0.0	trigger	n/a	n/a	108	n/a	n/a	n/a	n/a	n/a	n/a	n/a	n/a
3	1	41	possible_button_press	201.0704110999941	0.0	response	n/a	n/a	n/a	n/a	n/a	n/a	n/a	m	m	1	1
3	1	41	fix_cross_after_trial	201.08411900000647	1.0331772666579866	fixation cross	n/a	n/a	94	201.08415030001197	3.130000550299883e-05	n/a	n/a	n/a	n/a	n/a	n/a
3	n/a	n/a	fix_cross_iti	201.08415030001197	0.0	trigger	n/a	n/a	94	n/a	n/a	n/a	n/a	n/a	n/a	n/a	n/a
3	1	42	image	202.15339280001353	0.7636634666744442	image	flower	flower_14.jpg	6	202.1534969000495	0.00010410003596916795	n/a	n/a	n/a	n/a	1	n/a
3	n/a	n/a	image	202.1534969000495	0.0	trigger	n/a	n/a	6	n/a	n/a	n/a	n/a	n/a	n/a	n/a	n/a
3	1	42	word	202.91700300003868	0.8991649666607202	word	Blume_german	n/a	106	202.91704510001	4.20999713242054e-05	n/a	n/a	n/a	n/a	1	n/a
3	n/a	n/a	word	202.91704510001	0.0	trigger	n/a	n/a	106	n/a	n/a	n/a	n/a	n/a	n/a	n/a	n/a
3	1	42	possible_button_press	204.40362709999317	0.0	response	n/a	n/a	n/a	n/a	n/a	n/a	n/a	m	m	1	1
3	1	42	fix_cross_after_trial	204.41658620000817	1.2327600666942828	fixation cross	n/a	n/a	94	204.4166230999981	3.689998993650079e-05	n/a	n/a	n/a	n/a	n/a	n/a
3	n/a	n/a	fix_cross_iti	204.4166230999981	0.0	trigger	n/a	n/a	94	n/a	n/a	n/a	n/a	n/a	n/a	n/a	n/a
3	1	43	image	205.68583470000885	0.7635391666592852	image	chair	chair_04.jpg	4	205.68592890002765	9.42000187933445e-05	n/a	n/a	n/a	n/a	1	n/a
3	n/a	n/a	image	205.68592890002765	0.0	trigger	n/a	n/a	4	n/a	n/a	n/a	n/a	n/a	n/a	n/a	n/a
3	1	43	word	206.4661480000359	0.5657756666226135	word	Stuhl_german	n/a	104	206.46622990001924	8.189998334273696e-05	n/a	n/a	n/a	n/a	1	n/a
3	n/a	n/a	word	206.46622990001924	0.0	trigger	n/a	n/a	104	n/a	n/a	n/a	n/a	n/a	n/a	n/a	n/a
3	1	43	possible_button_press	207.95238190004602	0.0	response	n/a	n/a	n/a	n/a	n/a	n/a	n/a	m	m	1	1
3	1	43	fix_cross_after_trial	207.96593950001989	0.8833601666886182	fixation cross	n/a	n/a	94	207.96598340000492	4.3899985030293465e-05	n/a	n/a	n/a	n/a	n/a	n/a
3	n/a	n/a	fix_cross_iti	207.96598340000492	0.0	trigger	n/a	n/a	94	n/a	n/a	n/a	n/a	n/a	n/a	n/a	n/a
3	1	44	image	208.88576600002125	0.7632781666509629	image	bicycle	bicycle_08.jpg	2	208.88589090004098	0.0001249000197276473	n/a	n/a	n/a	n/a	1	n/a
3	n/a	n/a	image	208.88589090004098	0.0	trigger	n/a	n/a	2	n/a	n/a	n/a	n/a	n/a	n/a	n/a	n/a
3	1	44	word	209.6487788000377	0.7155145666368128	word	Fahrrad_german	n/a	102	209.64883130003	5.2499992307275534e-05	n/a	n/a	n/a	n/a	1	n/a
3	n/a	n/a	word	209.64883130003	0.0	trigger	n/a	n/a	102	n/a	n/a	n/a	n/a	n/a	n/a	n/a	n/a
3	1	44	possible_button_press	211.15095820004353	0.0	response	n/a	n/a	n/a	n/a	n/a	n/a	n/a	m	m	1	1
3	1	44	fix_cross_after_trial	211.16439180000452	0.8829676666685202	fixation cross	n/a	n/a	94	211.16443100001197	3.920000744983554e-05	n/a	n/a	n/a	n/a	n/a	n/a
3	n/a	n/a	fix_cross_iti	211.16443100001197	0.0	trigger	n/a	n/a	94	n/a	n/a	n/a	n/a	n/a	n/a	n/a	n/a
3	1	45	image	212.13100950000808	0.7498096666570575	image	ball	ball_19.jpg	1	212.1311127000372	0.00010320002911612391	n/a	n/a	n/a	n/a	0	n/a
3	n/a	n/a	image	212.1311127000372	0.0	trigger	n/a	n/a	1	n/a	n/a	n/a	n/a	n/a	n/a	n/a	n/a
3	1	45	word	212.8809124000254	0.5491330666739316	word	Jacke_german	n/a	110	212.88095140003134	3.9000005926936865e-05	n/a	n/a	n/a	n/a	0	n/a
3	n/a	n/a	word	212.88095140003134	0.0	trigger	n/a	n/a	110	n/a	n/a	n/a	n/a	n/a	n/a	n/a	n/a
3	1	45	feedback	214.39654069999233	0.0	trigger	n/a	n/a	96	n/a	n/a	n/a	n/a	n/a	n/a	n/a	n/a
3	1	45	possible_button_press	214.5838963999995	0.0	response	n/a	n/a	n/a	n/a	n/a	n/a	n/a	m	r	0	0
3	1	45	fix_cross_after_trial	214.59697750001214	0.8170603666842737	fixation cross	n/a	n/a	94	214.59705880004913	8.130003698170185e-05	n/a	n/a	n/a	n/a	n/a	n/a
3	n/a	n/a	fix_cross_iti	214.59705880004913	0.0	trigger	n/a	n/a	94	n/a	n/a	n/a	n/a	n/a	n/a	n/a	n/a
3	1	46	image	215.5237446000101	0.7564206667050541	image	bread	bread_36.jpg	3	215.5238450000179	0.00010040000779554248	n/a	n/a	n/a	n/a	1	n/a
3	n/a	n/a	image	215.5238450000179	0.0	trigger	n/a	n/a	3	n/a	n/a	n/a	n/a	n/a	n/a	n/a	n/a
3	1	46	word	216.28083230002085	0.9314526666460381	word	Brot_german	n/a	103	216.28090240003075	7.010000990703702e-05	n/a	n/a	n/a	n/a	1	n/a
3	n/a	n/a	word	216.28090240003075	0.0	trigger	n/a	n/a	103	n/a	n/a	n/a	n/a	n/a	n/a	n/a	n/a
3	1	46	possible_button_press	217.7826039000065	0.0	response	n/a	n/a	n/a	n/a	n/a	n/a	n/a	m	m	1	1
3	1	46	fix_cross_after_trial	217.79569500003709	0.9499917666583144	fixation cross	n/a	n/a	94	217.7957400000305	4.499999340623617e-05	n/a	n/a	n/a	n/a	n/a	n/a
3	n/a	n/a	fix_cross_iti	217.7957400000305	0.0	trigger	n/a	n/a	94	n/a	n/a	n/a	n/a	n/a	n/a	n/a	n/a
3	1	47	image	218.82007180002984	0.7630787666460321	image	ball	ball_42.jpg	1	218.8201718000346	0.00010000000474974513	n/a	n/a	n/a	n/a	1	n/a
3	n/a	n/a	image	218.8201718000346	0.0	trigger	n/a	n/a	1	n/a	n/a	n/a	n/a	n/a	n/a	n/a	n/a
3	1	47	word	219.59440760000143	0.7669602666904041	word	Ball_german	n/a	101	219.59445600002073	4.840001929551363e-05	n/a	n/a	n/a	n/a	1	n/a
3	n/a	n/a	word	219.59445600002073	0.0	trigger	n/a	n/a	101	n/a	n/a	n/a	n/a	n/a	n/a	n/a	n/a
3	1	47	possible_button_press	221.08046060003107	0.0	response	n/a	n/a	n/a	n/a	n/a	n/a	n/a	m	m	1	1
3	1	47	fix_cross_after_trial	221.09540290001314	0.9987634666652241	fixation cross	n/a	n/a	94	221.0954544999986	5.15999854542315e-05	n/a	n/a	n/a	n/a	n/a	n/a
3	n/a	n/a	fix_cross_iti	221.0954544999986	0.0	trigger	n/a	n/a	94	n/a	n/a	n/a	n/a	n/a	n/a	n/a	n/a
3	1	48	image	222.13371980004013	0.7535577666751863	image	jacket	jacket_16.jpg	10	222.13381130003836	9.14999982342124e-05	n/a	n/a	n/a	n/a	1	n/a
3	n/a	n/a	image	222.13381130003836	0.0	trigger	n/a	n/a	10	n/a	n/a	n/a	n/a	n/a	n/a	n/a	n/a
3	1	48	word	222.89426570001524	0.5343919666522936	word	Jacke_german	n/a	110	222.8943169999984	5.129998316988349e-05	n/a	n/a	n/a	n/a	1	n/a
3	n/a	n/a	word	222.8943169999984	0.0	trigger	n/a	n/a	110	n/a	n/a	n/a	n/a	n/a	n/a	n/a	n/a
3	1	48	possible_button_press	224.37914380000439	0.0	response	n/a	n/a	n/a	n/a	n/a	n/a	n/a	m	m	1	1
3	1	48	fix_cross_after_trial	224.3933044000296	1.1663421666637817	fixation cross	n/a	n/a	94	224.39333110000007	2.6699970476329327e-05	n/a	n/a	n/a	n/a	n/a	n/a
3	n/a	n/a	fix_cross_iti	224.39333110000007	0.0	trigger	n/a	n/a	94	n/a	n/a	n/a	n/a	n/a	n/a	n/a	n/a
3	1	49	image	225.61224700004095	0.7641170666359187	image	flower	flower_39.jpg	6	225.61233960004756	9.26000066101551e-05	n/a	n/a	n/a	n/a	1	n/a
3	n/a	n/a	image	225.61233960004756	0.0	trigger	n/a	n/a	6	n/a	n/a	n/a	n/a	n/a	n/a	n/a	n/a
3	1	49	word	226.392093500006	0.9002294666754835	word	Blume_german	n/a	106	226.39215960004367	6.610003765672445e-05	n/a	n/a	n/a	n/a	1	n/a
3	n/a	n/a	word	226.39215960004367	0.0	trigger	n/a	n/a	106	n/a	n/a	n/a	n/a	n/a	n/a	n/a	n/a
3	1	49	possible_button_press	227.87860680004815	0.0	response	n/a	n/a	n/a	n/a	n/a	n/a	n/a	m	m	1	1
3	1	49	fix_cross_after_trial	227.8924783000257	0.9160351666544386	fixation cross	n/a	n/a	94	227.892516300024	3.7999998312443495e-05	n/a	n/a	n/a	n/a	n/a	n/a
3	n/a	n/a	fix_cross_iti	227.892516300024	0.0	trigger	n/a	n/a	94	n/a	n/a	n/a	n/a	n/a	n/a	n/a	n/a
3	1	50	image	228.891479300044	0.7503329666253933	image	hand	hand_46.jpg	8	228.89157460001297	9.529996896162629e-05	n/a	n/a	n/a	n/a	1	n/a
3	n/a	n/a	image	228.89157460001297	0.0	trigger	n/a	n/a	8	n/a	n/a	n/a	n/a	n/a	n/a	n/a	n/a
3	1	50	word	229.64173530001426	0.48271996667997996	word	Hand_german	n/a	108	229.64177810004912	4.280003486201167e-05	n/a	n/a	n/a	n/a	1	n/a
3	n/a	n/a	word	229.64177810004912	0.0	trigger	n/a	n/a	108	n/a	n/a	n/a	n/a	n/a	n/a	n/a	n/a
3	1	50	possible_button_press	231.1346249000053	0.0	response	n/a	n/a	n/a	n/a	n/a	n/a	n/a	m	m	1	1
3	1	50	fix_cross_after_trial	231.14228720002575	0.798791966637765	fixation cross	n/a	n/a	94	231.14231910003582	3.190001007169485e-05	n/a	n/a	n/a	n/a	n/a	n/a
3	n/a	n/a	fix_cross_iti	231.14231910003582	0.0	trigger	n/a	n/a	94	n/a	n/a	n/a	n/a	n/a	n/a	n/a	n/a
3	1	50	break_instruction	231.94097690004855	15.023946466626768	break	n/a	n/a	81	231.94101670000236	3.979995381087065e-05	n/a	n/a	n/a	n/a	n/a	n/a
3	n/a	n/a	break_start	231.94101670000236	0.0	trigger	n/a	n/a	81	n/a	n/a	n/a	n/a	n/a	n/a	n/a	n/a
3	n/a	n/a	break_end	260.63510240003234	0.0	trigger	n/a	n/a	82	n/a	n/a	n/a	n/a	n/a	n/a	n/a	n/a
3	2	51	image	260.6862907000468	0.7621562666647606	image	chair	chair_06.jpg	4	260.6863766000024	8.589995559304953e-05	n/a	n/a	n/a	n/a	1	n/a
3	n/a	n/a	image	260.6863766000024	0.0	trigger	n/a	n/a	4	n/a	n/a	n/a	n/a	n/a	n/a	n/a	n/a
3	2	51	word	261.4483510000282	0.5657763666861229	word	Stuhl_german	n/a	104	261.44837800000096	2.6999972760677338e-05	n/a	n/a	n/a	n/a	1	n/a
3	n/a	n/a	word	261.44837800000096	0.0	trigger	n/a	n/a	104	n/a	n/a	n/a	n/a	n/a	n/a	n/a	n/a
3	2	51	possible_button_press	262.95035130000906	0.0	response	n/a	n/a	n/a	n/a	n/a	n/a	n/a	m	m	1	1
3	2	51	fix_cross_after_trial	262.96458130003884	0.8828214666611984	fixation cross	n/a	n/a	94	262.96461080003064	2.9499991796910763e-05	n/a	n/a	n/a	n/a	n/a	n/a
3	n/a	n/a	fix_cross_iti	262.96461080003064	0.0	trigger	n/a	n/a	94	n/a	n/a	n/a	n/a	n/a	n/a	n/a	n/a
3	2	52	image	263.92119210003875	0.7596667666259691	image	hammer	hammer_23.jpg	7	263.9212880000123	9.589997353032231e-05	n/a	n/a	n/a	n/a	1	n/a
3	n/a	n/a	image	263.9212880000123	0.0	trigger	n/a	n/a	7	n/a	n/a	n/a	n/a	n/a	n/a	n/a	n/a
3	2	52	word	264.68070240004454	0.5164008666217796	word	Hammer_german	n/a	107	264.6807364000124	3.3999967854470015e-05	n/a	n/a	n/a	n/a	1	n/a
3	n/a	n/a	word	264.6807364000124	0.0	trigger	n/a	n/a	107	n/a	n/a	n/a	n/a	n/a	n/a	n/a	n/a
3	2	52	possible_button_press	266.1828564000316	0.0	response	n/a	n/a	n/a	n/a	n/a	n/a	n/a	m	m	1	1
3	2	52	fix_cross_after_trial	266.1968412999995	0.9829603667060383	fixation cross	n/a	n/a	94	266.19686470000306	2.340000355616212e-05	n/a	n/a	n/a	n/a	n/a	n/a
3	n/a	n/a	fix_cross_iti	266.19686470000306	0.0	trigger	n/a	n/a	94	n/a	n/a	n/a	n/a	n/a	n/a	n/a	n/a
3	2	53	image	267.21825340000214	0.761628566662921	image	dog	dog_12.jpg	5	267.2183386000106	8.520000847056508e-05	n/a	n/a	n/a	n/a	1	n/a
3	n/a	n/a	image	267.2183386000106	0.0	trigger	n/a	n/a	5	n/a	n/a	n/a	n/a	n/a	n/a	n/a	n/a
3	2	53	word	267.97976800001925	0.49920176668479144	word	Hund_german	n/a	105	267.9798056000145	3.759999526664615e-05	n/a	n/a	n/a	n/a	1	n/a
3	n/a	n/a	word	267.9798056000145	0.0	trigger	n/a	n/a	105	n/a	n/a	n/a	n/a	n/a	n/a	n/a	n/a
3	2	53	possible_button_press	269.48160340002505	0.0	response	n/a	n/a	n/a	n/a	n/a	n/a	n/a	m	m	1	1
3	2	53	fix_cross_after_trial	269.4957536000293	0.9997857666496657	fixation cross	n/a	n/a	94	269.4957818000112	2.8199981898069382e-05	n/a	n/a	n/a	n/a	n/a	n/a
3	n/a	n/a	fix_cross_iti	269.4957818000112	0.0	trigger	n/a	n/a	94	n/a	n/a	n/a	n/a	n/a	n/a	n/a	n/a
3	2	54	image	270.54823030001717	0.76368466666122	image	bread	bread_24.jpg	3	270.5483148000203	8.450000314041972e-05	n/a	n/a	n/a	n/a	1	n/a
3	n/a	n/a	image	270.5483148000203	0.0	trigger	n/a	n/a	3	n/a	n/a	n/a	n/a	n/a	n/a	n/a	n/a
3	2	54	word	271.3119375000242	0.9326632666673049	word	Brot_german	n/a	103	271.31197850004537	4.1000021155923605e-05	n/a	n/a	n/a	n/a	1	n/a
3	n/a	n/a	word	271.31197850004537	0.0	trigger	n/a	n/a	103	n/a	n/a	n/a	n/a	n/a	n/a	n/a	n/a
3	2	54	possible_button_press	272.814282700012	0.0	response	n/a	n/a	n/a	n/a	n/a	n/a	n/a	m	m	1	1
3	2	54	fix_cross_after_trial	272.8294983000378	1.1316688666740902	fixation cross	n/a	n/a	94	272.8295379000483	3.960001049563289e-05	n/a	n/a	n/a	n/a	n/a	n/a
3	n/a	n/a	fix_cross_iti	272.8295379000483	0.0	trigger	n/a	n/a	94	n/a	n/a	n/a	n/a	n/a	n/a	n/a	n/a
3	2	55	image	274.0178534000297	0.7538792666784957	image	dog	dog_49.jpg	5	274.01793370000087	8.029997115954757e-05	n/a	n/a	n/a	n/a	1	n/a
3	n/a	n/a	image	274.01793370000087	0.0	trigger	n/a	n/a	5	n/a	n/a	n/a	n/a	n/a	n/a	n/a	n/a
3	2	55	word	274.7819018000155	0.4781795666824564	word	Hund_german	n/a	105	274.7819589000428	5.7100027333945036e-05	n/a	n/a	n/a	n/a	1	n/a
3	n/a	n/a	word	274.7819589000428	0.0	trigger	n/a	n/a	105	n/a	n/a	n/a	n/a	n/a	n/a	n/a	n/a
3	2	55	possible_button_press	276.2631446000305	0.0	response	n/a	n/a	n/a	n/a	n/a	n/a	n/a	m	m	1	1
3	2	55	fix_cross_after_trial	276.2781711000134	0.9820698666774206	fixation cross	n/a	n/a	94	276.2782073999988	3.6299985367804766e-05	n/a	n/a	n/a	n/a	n/a	n/a
3	n/a	n/a	fix_cross_iti	276.2782073999988	0.0	trigger	n/a	n/a	94	n/a	n/a	n/a	n/a	n/a	n/a	n/a	n/a
3	2	56	image	277.39834910002537	0.7613421666358136	image	ball	ball_14.jpg	1	277.39843890001066	8.979998528957367e-05	n/a	n/a	n/a	n/a	0	n/a
3	n/a	n/a	image	277.39843890001066	0.0	trigger	n/a	n/a	1	n/a	n/a	n/a	n/a	n/a	n/a	n/a	n/a
3	2	56	word	278.15976100001717	0.7175248666937932	word	Fahrrad_german	n/a	102	278.1597946000402	3.360002301633358e-05	n/a	n/a	n/a	n/a	0	n/a
3	n/a	n/a	word	278.1597946000402	0.0	trigger	n/a	n/a	102	n/a	n/a	n/a	n/a	n/a	n/a	n/a	n/a
3	2	56	feedback	279.6599226000253	0.0	trigger	n/a	n/a	96	n/a	n/a	n/a	n/a	n/a	n/a	n/a	n/a
3	2	56	possible_button_press	279.86271010001656	0.0	response	n/a	n/a	n/a	n/a	n/a	n/a	n/a	m	r	0	0
3	2	56	fix_cross_after_trial	279.87664000003133	1.1323048666274644	fixation cross	n/a	n/a	94	279.8767025000416	6.250001024454832e-05	n/a	n/a	n/a	n/a	n/a	n/a
3	n/a	n/a	fix_cross_iti	279.8767025000416	0.0	trigger	n/a	n/a	94	n/a	n/a	n/a	n/a	n/a	n/a	n/a	n/a
3	2	57	image	281.06597769999644	0.767862566692429	image	hand	hand_33.jpg	8	281.06607110000914	9.34000127017498e-05	n/a	n/a	n/a	n/a	1	n/a
3	n/a	n/a	image	281.06607110000914	0.0	trigger	n/a	n/a	8	n/a	n/a	n/a	n/a	n/a	n/a	n/a	n/a
3	2	57	word	281.8425028999918	0.4840322667189412	word	Hand_german	n/a	108	281.84254189999774	3.9000005926936865e-05	n/a	n/a	n/a	n/a	1	n/a
3	n/a	n/a	word	281.84254189999774	0.0	trigger	n/a	n/a	108	n/a	n/a	n/a	n/a	n/a	n/a	n/a	n/a
3	2	57	possible_button_press	283.3280456000357	0.0	response	n/a	n/a	n/a	n/a	n/a	n/a	n/a	m	m	1	1
3	2	57	fix_cross_after_trial	283.3421207999927	1.1491856667018965	fixation cross	n/a	n/a	94	283.342169200012	4.840001929551363e-05	n/a	n/a	n/a	n/a	n/a	n/a
3	n/a	n/a	fix_cross_iti	283.342169200012	0.0	trigger	n/a	n/a	94	n/a	n/a	n/a	n/a	n/a	n/a	n/a	n/a
3	2	58	image	284.5440430000308	0.763588766629482	image	flower	flower_30.jpg	6	284.54413570003817	9.270000737160444e-05	n/a	n/a	n/a	n/a	1	n/a
3	n/a	n/a	image	284.54413570003817	0.0	trigger	n/a	n/a	6	n/a	n/a	n/a	n/a	n/a	n/a	n/a	n/a
3	2	58	word	285.3079686000128	0.900375566681987	word	Blume_german	n/a	106	285.308001300029	3.270001616328955e-05	n/a	n/a	n/a	n/a	1	n/a
3	n/a	n/a	word	285.308001300029	0.0	trigger	n/a	n/a	106	n/a	n/a	n/a	n/a	n/a	n/a	n/a	n/a
3	2	58	possible_button_press	286.8096504000132	0.0	response	n/a	n/a	n/a	n/a	n/a	n/a	n/a	m	m	1	1
3	2	58	fix_cross_after_trial	286.8237924000132	0.8328147666800305	fixation cross	n/a	n/a	94	286.8238250000286	3.260001540184021e-05	n/a	n/a	n/a	n/a	n/a	n/a
3	n/a	n/a	fix_cross_iti	286.8238250000286	0.0	trigger	n/a	n/a	94	n/a	n/a	n/a	n/a	n/a	n/a	n/a	n/a
3	2	59	image	287.7137180000427	0.7614604666634932	image	house	house_48.jpg	9	287.713803199993	8.519995026290417e-05	n/a	n/a	n/a	n/a	1	n/a
3	n/a	n/a	image	287.713803199993	0.0	trigger	n/a	n/a	9	n/a	n/a	n/a	n/a	n/a	n/a	n/a	n/a
3	2	59	word	288.4896158000338	0.5330692666505001	word	Haus_german	n/a	109	288.4896611000295	4.529999569058418e-05	n/a	n/a	n/a	n/a	1	n/a
3	n/a	n/a	word	288.4896611000295	0.0	trigger	n/a	n/a	109	n/a	n/a	n/a	n/a	n/a	n/a	n/a	n/a
3	2	59	possible_button_press	289.9755204000394	0.0	response	n/a	n/a	n/a	n/a	n/a	n/a	n/a	m	m	1	1
3	2	59	fix_cross_after_trial	289.98950389999663	1.232879366671341	fixation cross	n/a	n/a	94	289.9895424999995	3.860000288113952e-05	n/a	n/a	n/a	n/a	n/a	n/a
3	n/a	n/a	fix_cross_iti	289.9895424999995	0.0	trigger	n/a	n/a	94	n/a	n/a	n/a	n/a	n/a	n/a	n/a	n/a
3	2	60	image	291.27824250003323	0.7607682666314304	image	jacket	jacket_28.jpg	10	291.2783583000419	0.00011580000864341855	n/a	n/a	n/a	n/a	1	n/a
3	n/a	n/a	image	291.2783583000419	0.0	trigger	n/a	n/a	10	n/a	n/a	n/a	n/a	n/a	n/a	n/a	n/a
3	2	60	word	292.03880239999853	0.5492664667001463	word	Jacke_german	n/a	110	292.0388413000037	3.890000516548753e-05	n/a	n/a	n/a	n/a	1	n/a
3	n/a	n/a	word	292.0388413000037	0.0	trigger	n/a	n/a	110	n/a	n/a	n/a	n/a	n/a	n/a	n/a	n/a
3	2	60	possible_button_press	293.5406293999986	0.0	response	n/a	n/a	n/a	n/a	n/a	n/a	n/a	m	m	1	1
3	2	60	fix_cross_after_trial	293.5548626999953	0.8497192667020954	fixation cross	n/a	n/a	94	293.55489720002515	3.450002986937761e-05	n/a	n/a	n/a	n/a	n/a	n/a
3	n/a	n/a	fix_cross_iti	293.55489720002515	0.0	trigger	n/a	n/a	94	n/a	n/a	n/a	n/a	n/a	n/a	n/a	n/a
3	2	61	image	294.4892187000369	0.7654344666555062	image	flower	flower_44.jpg	6	294.48929660004796	7.790001109242439e-05	n/a	n/a	n/a	n/a	1	n/a
3	n/a	n/a	image	294.48929660004796	0.0	trigger	n/a	n/a	6	n/a	n/a	n/a	n/a	n/a	n/a	n/a	n/a
3	2	61	word	295.25447530002566	0.8989234666844368	word	Blume_german	n/a	106	295.2545142000308	3.890000516548753e-05	n/a	n/a	n/a	n/a	1	n/a
3	n/a	n/a	word	295.2545142000308	0.0	trigger	n/a	n/a	106	n/a	n/a	n/a	n/a	n/a	n/a	n/a	n/a
3	2	61	possible_button_press	296.7569766000379	0.0	response	n/a	n/a	n/a	n/a	n/a	n/a	n/a	m	m	1	1
3	2	61	fix_cross_after_trial	296.7706327000051	0.9494965666710868	fixation cross	n/a	n/a	94	296.7706666000304	3.390002530068159e-05	n/a	n/a	n/a	n/a	n/a	n/a
3	n/a	n/a	fix_cross_iti	296.7706666000304	0.0	trigger	n/a	n/a	94	n/a	n/a	n/a	n/a	n/a	n/a	n/a	n/a
3	2	62	image	297.7573931000079	0.7647192666811407	image	bread	bread_04.jpg	3	297.7574691000045	7.599999662488699e-05	n/a	n/a	n/a	n/a	1	n/a
3	n/a	n/a	image	297.7574691000045	0.0	trigger	n/a	n/a	3	n/a	n/a	n/a	n/a	n/a	n/a	n/a	n/a
3	2	62	word	298.52049980004085	0.9323912666334309	word	Brot_german	n/a	103	298.5205447000335	4.4899992644786835e-05	n/a	n/a	n/a	n/a	1	n/a
3	n/a	n/a	word	298.5205447000335	0.0	trigger	n/a	n/a	103	n/a	n/a	n/a	n/a	n/a	n/a	n/a	n/a
3	2	62	possible_button_press	300.022635500005	0.0	response	n/a	n/a	n/a	n/a	n/a	n/a	n/a	m	m	1	1
3	2	62	fix_cross_after_trial	300.0384066000115	0.9321785667018503	fixation cross	n/a	n/a	94	300.0384622000274	5.560001591220498e-05	n/a	n/a	n/a	n/a	n/a	n/a
3	n/a	n/a	fix_cross_iti	300.0384622000274	0.0	trigger	n/a	n/a	94	n/a	n/a	n/a	n/a	n/a	n/a	n/a	n/a
3	2	63	image	301.0052768000169	0.7639825666594788	image	bicycle	bicycle_28.jpg	2	301.0053654999938	8.869997691363096e-05	n/a	n/a	n/a	n/a	0	n/a
3	n/a	n/a	image	301.0053654999938	0.0	trigger	n/a	n/a	2	n/a	n/a	n/a	n/a	n/a	n/a	n/a	n/a
3	2	63	word	301.76921110000694	0.7838298666795254	word	Ball_german	n/a	101	301.7692508000182	3.9700011257082224e-05	n/a	n/a	n/a	n/a	0	n/a
3	n/a	n/a	word	301.7692508000182	0.0	trigger	n/a	n/a	101	n/a	n/a	n/a	n/a	n/a	n/a	n/a	n/a
3	2	63	feedback	303.2853117000195	0.0	trigger	n/a	n/a	96	n/a	n/a	n/a	n/a	n/a	n/a	n/a	n/a
3	2	63	possible_button_press	303.4720152000082	0.0	response	n/a	n/a	n/a	n/a	n/a	n/a	n/a	m	r	0	0
3	2	63	fix_cross_after_trial	303.486595400027	1.1482937666626185	fixation cross	n/a	n/a	94	303.4866427000379	4.730001091957092e-05	n/a	n/a	n/a	n/a	n/a	n/a
3	n/a	n/a	fix_cross_iti	303.4866427000379	0.0	trigger	n/a	n/a	94	n/a	n/a	n/a	n/a	n/a	n/a	n/a	n/a
3	2	64	image	304.6708937000367	0.7640204666570298	image	hammer	hammer_32.jpg	7	304.67101670004195	0.0001230000052601099	n/a	n/a	n/a	n/a	1	n/a
3	n/a	n/a	image	304.67101670004195	0.0	trigger	n/a	n/a	7	n/a	n/a	n/a	n/a	n/a	n/a	n/a	n/a
3	2	64	word	305.43462410004577	0.5163960666434377	word	Hammer_german	n/a	107	305.4346683000331	4.4199987314641476e-05	n/a	n/a	n/a	n/a	1	n/a
3	n/a	n/a	word	305.4346683000331	0.0	trigger	n/a	n/a	107	n/a	n/a	n/a	n/a	n/a	n/a	n/a	n/a
3	2	64	possible_button_press	306.9216149999993	0.0	response	n/a	n/a	n/a	n/a	n/a	n/a	n/a	m	m	1	1
3	2	64	fix_cross_after_trial	306.9350788000156	0.8001895666859582	fixation cross	n/a	n/a	94	306.9351190000307	4.020001506432891e-05	n/a	n/a	n/a	n/a	n/a	n/a
3	n/a	n/a	fix_cross_iti	306.9351190000307	0.0	trigger	n/a	n/a	94	n/a	n/a	n/a	n/a	n/a	n/a	n/a	n/a
3	2	65	image	307.7875181999989	0.7490120666955136	image	flower	flower_28.jpg	6	307.7876031000051	8.490000618621707e-05	n/a	n/a	n/a	n/a	1	n/a
3	n/a	n/a	image	307.7876031000051	0.0	trigger	n/a	n/a	6	n/a	n/a	n/a	n/a	n/a	n/a	n/a	n/a
3	2	65	word	308.5504496000358	0.9016909666281663	word	Blume_german	n/a	106	308.55049910000525	4.9499969463795424e-05	n/a	n/a	n/a	n/a	1	n/a
3	n/a	n/a	word	308.55049910000525	0.0	trigger	n/a	n/a	106	n/a	n/a	n/a	n/a	n/a	n/a	n/a	n/a
3	2	65	possible_button_press	310.0384754000115	0.0	response	n/a	n/a	n/a	n/a	n/a	n/a	n/a	m	m	1	1
3	2	65	fix_cross_after_trial	310.05149630003143	1.1648574666508011	fixation cross	n/a	n/a	94	310.05154800001765	5.169998621568084e-05	n/a	n/a	n/a	n/a	n/a	n/a
3	n/a	n/a	fix_cross_iti	310.05154800001765	0.0	trigger	n/a	n/a	94	n/a	n/a	n/a	n/a	n/a	n/a	n/a	n/a
3	2	66	image	311.2694523000391	0.7630562666493006	image	bread	bread_03.jpg	3	311.26955180004006	9.950000094249845e-05	n/a	n/a	n/a	n/a	1	n/a
3	n/a	n/a	image	311.26955180004006	0.0	trigger	n/a	n/a	3	n/a	n/a	n/a	n/a	n/a	n/a	n/a	n/a
3	2	66	word	312.0326156000374	0.9160634666370697	word	Brot_german	n/a	103	312.0326583000133	4.269997589290142e-05	n/a	n/a	n/a	n/a	1	n/a
3	n/a	n/a	word	312.0326583000133	0.0	trigger	n/a	n/a	103	n/a	n/a	n/a	n/a	n/a	n/a	n/a	n/a
3	2	66	possible_button_press	313.521615100035	0.0	response	n/a	n/a	n/a	n/a	n/a	n/a	n/a	m	m	1	1
3	2	66	fix_cross_after_trial	313.53210880002007	1.1495931666615888	fixation cross	n/a	n/a	94	313.5321475000237	3.8700003642588854e-05	n/a	n/a	n/a	n/a	n/a	n/a
3	n/a	n/a	fix_cross_iti	313.5321475000237	0.0	trigger	n/a	n/a	94	n/a	n/a	n/a	n/a	n/a	n/a	n/a	n/a
3	2	67	image	314.7349569000071	0.7634090666581415	image	hand	hand_16.jpg	8	314.7350425000186	8.560001151636243e-05	n/a	n/a	n/a	n/a	1	n/a
3	n/a	n/a	image	314.7350425000186	0.0	trigger	n/a	n/a	8	n/a	n/a	n/a	n/a	n/a	n/a	n/a	n/a
3	2	67	word	315.498113300011	0.5106836666857362	word	Hand_german	n/a	108	315.49815620004665	4.290003562346101e-05	n/a	n/a	n/a	n/a	1	n/a
3	n/a	n/a	word	315.49815620004665	0.0	trigger	n/a	n/a	108	n/a	n/a	n/a	n/a	n/a	n/a	n/a	n/a
3	2	67	possible_button_press	317.0003552000271	0.0	response	n/a	n/a	n/a	n/a	n/a	n/a	n/a	m	m	1	1
3	2	67	fix_cross_after_trial	317.01423680002335	0.7836136666630864	fixation cross	n/a	n/a	94	317.0142727000057	3.589998232200742e-05	n/a	n/a	n/a	n/a	n/a	n/a
3	n/a	n/a	fix_cross_iti	317.0142727000057	0.0	trigger	n/a	n/a	94	n/a	n/a	n/a	n/a	n/a	n/a	n/a	n/a
3	2	68	image	317.8335854000179	0.7637852666705385	image	chair	chair_03.jpg	4	317.8336711000302	8.570001227781177e-05	n/a	n/a	n/a	n/a	1	n/a
3	n/a	n/a	image	317.8336711000302	0.0	trigger	n/a	n/a	4	n/a	n/a	n/a	n/a	n/a	n/a	n/a	n/a
3	2	68	word	318.59727190004196	0.5663062666465066	word	Stuhl_german	n/a	104	318.5973193999962	4.7499954234808683e-05	n/a	n/a	n/a	n/a	1	n/a
3	n/a	n/a	word	318.5973193999962	0.0	trigger	n/a	n/a	104	n/a	n/a	n/a	n/a	n/a	n/a	n/a	n/a
3	2	68	possible_button_press	320.0996207999997	0.0	response	n/a	n/a	n/a	n/a	n/a	n/a	n/a	m	m	1	1
3	2	68	fix_cross_after_trial	320.1134213000187	1.2161321666828826	fixation cross	n/a	n/a	94	320.1134541000356	3.2800016924738884e-05	n/a	n/a	n/a	n/a	n/a	n/a
3	n/a	n/a	fix_cross_iti	320.1134541000356	0.0	trigger	n/a	n/a	94	n/a	n/a	n/a	n/a	n/a	n/a	n/a	n/a
3	2	69	image	321.3656564000412	0.7638690666683488	image	hammer	hammer_22.jpg	7	321.36574570002267	8.929998148232698e-05	n/a	n/a	n/a	n/a	1	n/a
3	n/a	n/a	image	321.36574570002267	0.0	trigger	n/a	n/a	7	n/a	n/a	n/a	n/a	n/a	n/a	n/a	n/a
3	2	69	word	322.12933590001194	0.5163432666488461	word	Hammer_german	n/a	107	322.12936590000754	2.9999995604157448e-05	n/a	n/a	n/a	n/a	1	n/a
3	n/a	n/a	word	322.12936590000754	0.0	trigger	n/a	n/a	107	n/a	n/a	n/a	n/a	n/a	n/a	n/a	n/a
3	2	69	possible_button_press	323.6317593000131	0.0	response	n/a	n/a	n/a	n/a	n/a	n/a	n/a	m	m	1	1
3	2	69	fix_cross_after_trial	323.6454257000005	1.100056566709327	fixation cross	n/a	n/a	94	323.64545400004135	2.8300040867179632e-05	n/a	n/a	n/a	n/a	n/a	n/a
3	n/a	n/a	fix_cross_iti	323.64545400004135	0.0	trigger	n/a	n/a	94	n/a	n/a	n/a	n/a	n/a	n/a	n/a	n/a
3	2	70	image	324.78142630000366	0.7635915667090103	image	jacket	jacket_03.jpg	10	324.7815154000418	8.910003816708922e-05	n/a	n/a	n/a	n/a	1	n/a
3	n/a	n/a	image	324.7815154000418	0.0	trigger	n/a	n/a	10	n/a	n/a	n/a	n/a	n/a	n/a	n/a	n/a
3	2	70	word	325.54488840000704	0.5331498666821517	word	Jacke_german	n/a	110	325.54492360004224	3.520003519952297e-05	n/a	n/a	n/a	n/a	1	n/a
3	n/a	n/a	word	325.54492360004224	0.0	trigger	n/a	n/a	110	n/a	n/a	n/a	n/a	n/a	n/a	n/a	n/a
3	2	70	possible_button_press	327.0471255000448	0.0	response	n/a	n/a	n/a	n/a	n/a	n/a	n/a	m	m	1	1
3	2	70	fix_cross_after_trial	327.0608232000377	1.0497206666661896	fixation cross	n/a	n/a	94	327.060846700042	2.3500004317611456e-05	n/a	n/a	n/a	n/a	n/a	n/a
3	n/a	n/a	fix_cross_iti	327.060846700042	0.0	trigger	n/a	n/a	94	n/a	n/a	n/a	n/a	n/a	n/a	n/a	n/a
3	2	71	image	328.14664960000664	0.7638773666733414	image	bicycle	bicycle_20.jpg	2	328.146733600006	8.399999933317304e-05	n/a	n/a	n/a	n/a	1	n/a
3	n/a	n/a	image	328.146733600006	0.0	trigger	n/a	n/a	2	n/a	n/a	n/a	n/a	n/a	n/a	n/a	n/a
3	2	71	word	328.9104427000275	0.699983166651009	word	Fahrrad_german	n/a	102	328.9104750000406	3.23000131174922e-05	n/a	n/a	n/a	n/a	1	n/a
3	n/a	n/a	word	328.9104750000406	0.0	trigger	n/a	n/a	102	n/a	n/a	n/a	n/a	n/a	n/a	n/a	n/a
3	2	71	possible_button_press	330.4132861000253	0.0	response	n/a	n/a	n/a	n/a	n/a	n/a	n/a	m	m	1	1
3	2	71	fix_cross_after_trial	330.42663930001436	1.032822266690573	fixation cross	n/a	n/a	94	330.42666910000844	2.9799994081258774e-05	n/a	n/a	n/a	n/a	n/a	n/a
3	n/a	n/a	fix_cross_iti	330.42666910000844	0.0	trigger	n/a	n/a	94	n/a	n/a	n/a	n/a	n/a	n/a	n/a	n/a
3	2	72	image	331.4957882000017	0.7638546666751154	image	house	house_07.jpg	9	331.49589930003276	0.00011110003106296062	n/a	n/a	n/a	n/a	1	n/a
3	n/a	n/a	image	331.49589930003276	0.0	trigger	n/a	n/a	9	n/a	n/a	n/a	n/a	n/a	n/a	n/a	n/a
3	2	72	word	332.2594639000017	0.5502902666960381	word	Haus_german	n/a	109	332.259497400024	3.350002225488424e-05	n/a	n/a	n/a	n/a	1	n/a
3	n/a	n/a	word	332.259497400024	0.0	trigger	n/a	n/a	109	n/a	n/a	n/a	n/a	n/a	n/a	n/a	n/a
3	2	72	possible_button_press	333.74785580002936	0.0	response	n/a	n/a	n/a	n/a	n/a	n/a	n/a	m	m	1	1
3	2	72	fix_cross_after_trial	333.76872100000037	1.0901113667098343	fixation cross	n/a	n/a	94	333.7688066000119	8.560001151636243e-05	n/a	n/a	n/a	n/a	n/a	n/a
3	n/a	n/a	fix_cross_iti	333.7688066000119	0.0	trigger	n/a	n/a	94	n/a	n/a	n/a	n/a	n/a	n/a	n/a	n/a
3	2	73	image	334.89529950002907	0.7634612666481644	image	jacket	jacket_37.jpg	10	334.8954647000064	0.00016519997734576464	n/a	n/a	n/a	n/a	1	n/a
3	n/a	n/a	image	334.8954647000064	0.0	trigger	n/a	n/a	10	n/a	n/a	n/a	n/a	n/a	n/a	n/a	n/a
3	2	73	word	335.65851939999266	0.5487779667057566	word	Jacke_german	n/a	110	335.65856110001914	4.1700026486068964e-05	n/a	n/a	n/a	n/a	1	n/a
3	n/a	n/a	word	335.65856110001914	0.0	trigger	n/a	n/a	110	n/a	n/a	n/a	n/a	n/a	n/a	n/a	n/a
3	2	73	possible_button_press	337.1602236000472	0.0	response	n/a	n/a	n/a	n/a	n/a	n/a	n/a	m	m	1	1
3	2	73	fix_cross_after_trial	337.17443700000877	0.871288966682414	fixation cross	n/a	n/a	94	337.1744653999922	2.8399983420968056e-05	n/a	n/a	n/a	n/a	n/a	n/a
3	n/a	n/a	fix_cross_iti	337.1744653999922	0.0	trigger	n/a	n/a	94	n/a	n/a	n/a	n/a	n/a	n/a	n/a	n/a
3	2	74	image	338.0781578000169	0.7625057666484736	image	hand	hand_31.jpg	8	338.07825370004866	9.590003173798323e-05	n/a	n/a	n/a	n/a	1	n/a
3	n/a	n/a	image	338.07825370004866	0.0	trigger	n/a	n/a	8	n/a	n/a	n/a	n/a	n/a	n/a	n/a	n/a
3	2	74	word	338.84068300004583	0.4832835666641131	word	Hand_german	n/a	108	338.8407102000201	2.719997428357601e-05	n/a	n/a	n/a	n/a	1	n/a
3	n/a	n/a	word	338.8407102000201	0.0	trigger	n/a	n/a	108	n/a	n/a	n/a	n/a	n/a	n/a	n/a	n/a
3	2	74	possible_button_press	340.34265310002957	0.0	response	n/a	n/a	n/a	n/a	n/a	n/a	n/a	m	m	1	1
3	2	74	fix_cross_after_trial	340.3567081000074	1.1163665666865654	fixation cross	n/a	n/a	94	340.3567267000326	1.8600025214254856e-05	n/a	n/a	n/a	n/a	n/a	n/a
3	n/a	n/a	fix_cross_iti	340.3567267000326	0.0	trigger	n/a	n/a	94	n/a	n/a	n/a	n/a	n/a	n/a	n/a	n/a
3	2	75	image	341.5099443999934	0.7627371667224452	image	jacket	jacket_15.jpg	10	341.5100476000225	0.00010320002911612391	n/a	n/a	n/a	n/a	0	n/a
3	n/a	n/a	image	341.5100476000225	0.0	trigger	n/a	n/a	10	n/a	n/a	n/a	n/a	n/a	n/a	n/a	n/a
3	2	75	word	342.27286870003445	0.4993548666282095	word	Hund_german	n/a	105	342.2729012000491	3.250001464039087e-05	n/a	n/a	n/a	n/a	0	n/a
3	n/a	n/a	word	342.2729012000491	0.0	trigger	n/a	n/a	105	n/a	n/a	n/a	n/a	n/a	n/a	n/a	n/a
3	2	75	feedback	343.78920230001677	0.0	trigger	n/a	n/a	96	n/a	n/a	n/a	n/a	n/a	n/a	n/a	n/a
3	2	75	possible_button_press	343.9911922000465	0.0	response	n/a	n/a	n/a	n/a	n/a	n/a	n/a	m	r	0	0
3	2	75	fix_cross_after_trial	344.00549860001775	0.8496891666475221	fixation cross	n/a	n/a	94	344.00552679999964	2.8199981898069382e-05	n/a	n/a	n/a	n/a	n/a	n/a
3	n/a	n/a	fix_cross_iti	344.00552679999964	0.0	trigger	n/a	n/a	94	n/a	n/a	n/a	n/a	n/a	n/a	n/a	n/a
3	2	76	image	344.87464540003566	0.7643332666523293	image	bicycle	bicycle_46.jpg	2	344.87471420003567	6.880000000819564e-05	n/a	n/a	n/a	n/a	1	n/a
3	n/a	n/a	image	344.87471420003567	0.0	trigger	n/a	n/a	2	n/a	n/a	n/a	n/a	n/a	n/a	n/a	n/a
3	2	76	word	345.63851890002843	0.7164010666349441	word	Fahrrad_german	n/a	102	345.63854700000957	2.8099981136620045e-05	n/a	n/a	n/a	n/a	1	n/a
3	n/a	n/a	word	345.63854700000957	0.0	trigger	n/a	n/a	102	n/a	n/a	n/a	n/a	n/a	n/a	n/a	n/a
3	2	76	possible_button_press	347.1402577999979	0.0	response	n/a	n/a	n/a	n/a	n/a	n/a	n/a	m	m	1	1
3	2	76	fix_cross_after_trial	347.1544123000349	1.25016506662746	fixation cross	n/a	n/a	94	347.1544314000057	1.9099970813840628e-05	n/a	n/a	n/a	n/a	n/a	n/a
3	n/a	n/a	fix_cross_iti	347.1544314000057	0.0	trigger	n/a	n/a	94	n/a	n/a	n/a	n/a	n/a	n/a	n/a	n/a
3	2	77	image	348.4403382000164	0.7636151666558817	image	flower	flower_02.jpg	6	348.4404228000203	8.460000390186906e-05	n/a	n/a	n/a	n/a	1	n/a
3	n/a	n/a	image	348.4404228000203	0.0	trigger	n/a	n/a	6	n/a	n/a	n/a	n/a	n/a	n/a	n/a	n/a
3	2	77	word	349.2040438000113	0.8993617667040326	word	Blume_german	n/a	106	349.20407520001754	3.1400006264448166e-05	n/a	n/a	n/a	n/a	1	n/a
3	n/a	n/a	word	349.20407520001754	0.0	trigger	n/a	n/a	106	n/a	n/a	n/a	n/a	n/a	n/a	n/a	n/a
3	2	77	possible_button_press	350.705705600034	0.0	response	n/a	n/a	n/a	n/a	n/a	n/a	n/a	m	m	1	1
3	2	77	fix_cross_after_trial	350.7201992000337	0.9359883666659243	fixation cross	n/a	n/a	94	350.7202251999988	2.5999965146183968e-05	n/a	n/a	n/a	n/a	n/a	n/a
3	n/a	n/a	fix_cross_iti	350.7202251999988	0.0	trigger	n/a	n/a	94	n/a	n/a	n/a	n/a	n/a	n/a	n/a	n/a
3	2	78	image	351.7596251000068	0.770043766653771	image	chair	chair_12.jpg	4	351.75978490000125	0.00015979999443516135	n/a	n/a	n/a	n/a	1	n/a
3	n/a	n/a	image	351.75978490000125	0.0	trigger	n/a	n/a	4	n/a	n/a	n/a	n/a	n/a	n/a	n/a	n/a
3	2	78	word	352.53953609999735	0.5646455666903876	word	Stuhl_german	n/a	104	352.5396402000333	0.00010410003596916795	n/a	n/a	n/a	n/a	1	n/a
3	n/a	n/a	word	352.5396402000333	0.0	trigger	n/a	n/a	104	n/a	n/a	n/a	n/a	n/a	n/a	n/a	n/a
3	2	78	possible_button_press	354.0234352000407	0.0	response	n/a	n/a	n/a	n/a	n/a	n/a	n/a	m	m	1	1
3	2	78	fix_cross_after_trial	354.03659259999404	1.1324473666647918	fixation cross	n/a	n/a	94	354.03664200002095	4.9400026910007e-05	n/a	n/a	n/a	n/a	n/a	n/a
3	n/a	n/a	fix_cross_iti	354.03664200002095	0.0	trigger	n/a	n/a	94	n/a	n/a	n/a	n/a	n/a	n/a	n/a	n/a
3	2	79	image	355.1882118000067	0.7637300666576721	image	dog	dog_24.jpg	5	355.18828870001016	7.690000347793102e-05	n/a	n/a	n/a	n/a	1	n/a
3	n/a	n/a	image	355.18828870001016	0.0	trigger	n/a	n/a	5	n/a	n/a	n/a	n/a	n/a	n/a	n/a	n/a
3	2	79	word	355.9518089000485	0.4992052666532345	word	Hund_german	n/a	105	355.9518370000296	2.8099981136620045e-05	n/a	n/a	n/a	n/a	1	n/a
3	n/a	n/a	word	355.9518370000296	0.0	trigger	n/a	n/a	105	n/a	n/a	n/a	n/a	n/a	n/a	n/a	n/a
3	2	79	possible_button_press	357.4533954000217	0.0	response	n/a	n/a	n/a	n/a	n/a	n/a	n/a	m	m	1	1
3	2	79	fix_cross_after_trial	357.46791649999795	1.0332319666670173	fixation cross	n/a	n/a	94	357.4679361000308	1.9600032828748226e-05	n/a	n/a	n/a	n/a	n/a	n/a
3	n/a	n/a	fix_cross_iti	357.4679361000308	0.0	trigger	n/a	n/a	94	n/a	n/a	n/a	n/a	n/a	n/a	n/a	n/a
3	2	80	image	358.5376426000148	0.7632757666908674	image	bicycle	bicycle_39.jpg	2	358.5377262000111	8.359999628737569e-05	n/a	n/a	n/a	n/a	1	n/a
3	n/a	n/a	image	358.5377262000111	0.0	trigger	n/a	n/a	2	n/a	n/a	n/a	n/a	n/a	n/a	n/a	n/a
3	2	80	word	359.30092010000953	0.716228966663266	word	Fahrrad_german	n/a	102	359.3009482000489	2.8100039344280958e-05	n/a	n/a	n/a	n/a	1	n/a
3	n/a	n/a	word	359.3009482000489	0.0	trigger	n/a	n/a	102	n/a	n/a	n/a	n/a	n/a	n/a	n/a	n/a
3	2	80	possible_button_press	360.8035918000387	0.0	response	n/a	n/a	n/a	n/a	n/a	n/a	n/a	m	m	1	1
3	2	80	fix_cross_after_trial	360.8208064000355	0.8968569666651547	fixation cross	n/a	n/a	94	360.8208437000285	3.7299992982298136e-05	n/a	n/a	n/a	n/a	n/a	n/a
3	n/a	n/a	fix_cross_iti	360.8208437000285	0.0	trigger	n/a	n/a	94	n/a	n/a	n/a	n/a	n/a	n/a	n/a	n/a
3	2	81	image	361.7533575000125	0.7700104666912466	image	house	house_32.jpg	9	361.7534494000138	9.190000128000975e-05	n/a	n/a	n/a	n/a	1	n/a
3	n/a	n/a	image	361.7534494000138	0.0	trigger	n/a	n/a	9	n/a	n/a	n/a	n/a	n/a	n/a	n/a	n/a
3	2	81	word	362.53259220003383	0.5337541666269772	word	Haus_german	n/a	109	362.53263460000744	4.239997360855341e-05	n/a	n/a	n/a	n/a	1	n/a
3	n/a	n/a	word	362.53263460000744	0.0	trigger	n/a	n/a	109	n/a	n/a	n/a	n/a	n/a	n/a	n/a	n/a
3	2	81	possible_button_press	364.0273681000108	0.0	response	n/a	n/a	n/a	n/a	n/a	n/a	n/a	m	m	1	1
3	2	81	fix_cross_after_trial	364.05045100004645	0.99845766666499	fixation cross	n/a	n/a	94	364.0504901999957	3.9199949242174625e-05	n/a	n/a	n/a	n/a	n/a	n/a
3	n/a	n/a	fix_cross_iti	364.0504901999957	0.0	trigger	n/a	n/a	94	n/a	n/a	n/a	n/a	n/a	n/a	n/a	n/a
3	2	82	image	365.1322050000308	0.7510341666677505	image	ball	ball_12.jpg	1	365.1322875000187	8.249998791143298e-05	n/a	n/a	n/a	n/a	1	n/a
3	n/a	n/a	image	365.1322875000187	0.0	trigger	n/a	n/a	1	n/a	n/a	n/a	n/a	n/a	n/a	n/a	n/a
3	2	82	word	365.8883272000239	0.7764209666677289	word	Ball_german	n/a	101	365.88836670003366	3.950000973418355e-05	n/a	n/a	n/a	n/a	1	n/a
3	n/a	n/a	word	365.88836670003366	0.0	trigger	n/a	n/a	101	n/a	n/a	n/a	n/a	n/a	n/a	n/a	n/a
3	2	82	possible_button_press	367.3839433999965	0.0	response	n/a	n/a	n/a	n/a	n/a	n/a	n/a	m	m	1	1
3	2	82	fix_cross_after_trial	367.3983092000126	0.9328103666814513	fixation cross	n/a	n/a	94	367.3983423000318	3.3100019209086895e-05	n/a	n/a	n/a	n/a	n/a	n/a
3	n/a	n/a	fix_cross_iti	367.3983423000318	0.0	trigger	n/a	n/a	94	n/a	n/a	n/a	n/a	n/a	n/a	n/a	n/a
3	2	83	image	368.38721720001195	0.7605420666552618	image	dog	dog_43.jpg	5	368.38733769999817	0.00012049998622387648	n/a	n/a	n/a	n/a	1	n/a
3	n/a	n/a	image	368.38733769999817	0.0	trigger	n/a	n/a	5	n/a	n/a	n/a	n/a	n/a	n/a	n/a	n/a
3	2	83	word	369.14773310004966	0.4993131666599311	word	Hund_german	n/a	105	369.1477591000148	2.5999965146183968e-05	n/a	n/a	n/a	n/a	1	n/a
3	n/a	n/a	word	369.1477591000148	0.0	trigger	n/a	n/a	105	n/a	n/a	n/a	n/a	n/a	n/a	n/a	n/a
3	2	83	possible_button_press	370.64966789999744	0.0	response	n/a	n/a	n/a	n/a	n/a	n/a	n/a	m	m	1	1
3	2	83	fix_cross_after_trial	370.66390200000023	0.883144466675958	fixation cross	n/a	n/a	94	370.6639352000202	3.320001997053623e-05	n/a	n/a	n/a	n/a	n/a	n/a
3	n/a	n/a	fix_cross_iti	370.6639352000202	0.0	trigger	n/a	n/a	94	n/a	n/a	n/a	n/a	n/a	n/a	n/a	n/a
3	2	84	image	371.5839660000056	0.763217666655919	image	ball	ball_34.jpg	1	371.58404919999884	8.319999324157834e-05	n/a	n/a	n/a	n/a	1	n/a
3	n/a	n/a	image	371.58404919999884	0.0	trigger	n/a	n/a	1	n/a	n/a	n/a	n/a	n/a	n/a	n/a	n/a
3	2	84	word	372.3469553000177	0.7860151666720867	word	Ball_german	n/a	101	372.3469944000244	3.91000066883862e-05	n/a	n/a	n/a	n/a	1	n/a
3	n/a	n/a	word	372.3469944000244	0.0	trigger	n/a	n/a	101	n/a	n/a	n/a	n/a	n/a	n/a	n/a	n/a
3	2	84	possible_button_press	373.849788099993	0.0	response	n/a	n/a	n/a	n/a	n/a	n/a	n/a	m	m	1	1
3	2	84	fix_cross_after_trial	373.86342520004837	1.1323640666125812	fixation cross	n/a	n/a	94	373.86345530004473	3.0099996365606785e-05	n/a	n/a	n/a	n/a	n/a	n/a
3	n/a	n/a	fix_cross_iti	373.86345530004473	0.0	trigger	n/a	n/a	94	n/a	n/a	n/a	n/a	n/a	n/a	n/a	n/a
3	2	85	image	375.0150987000088	0.7705493666619532	image	jacket	jacket_41.jpg	10	375.0151877000462	8.900003740563989e-05	n/a	n/a	n/a	n/a	1	n/a
3	n/a	n/a	image	375.0151877000462	0.0	trigger	n/a	n/a	10	n/a	n/a	n/a	n/a	n/a	n/a	n/a	n/a
3	2	85	word	375.79505990003236	0.5329688666427046	word	Jacke_german	n/a	110	375.7950996000436	3.9700011257082224e-05	n/a	n/a	n/a	n/a	1	n/a
3	n/a	n/a	word	375.7950996000436	0.0	trigger	n/a	n/a	110	n/a	n/a	n/a	n/a	n/a	n/a	n/a	n/a
3	2	85	possible_button_press	377.2824184000492	0.0	response	n/a	n/a	n/a	n/a	n/a	n/a	n/a	m	m	1	1
3	2	85	fix_cross_after_trial	377.29618870001286	0.9321508666655518	fixation cross	n/a	n/a	94	377.2962205000222	3.1800009310245514e-05	n/a	n/a	n/a	n/a	n/a	n/a
3	n/a	n/a	fix_cross_iti	377.2962205000222	0.0	trigger	n/a	n/a	94	n/a	n/a	n/a	n/a	n/a	n/a	n/a	n/a
3	2	86	image	378.2640665000072	0.7638950666917026	image	hammer	hammer_16.jpg	7	378.2641516000149	8.510000770911574e-05	n/a	n/a	n/a	n/a	1	n/a
3	n/a	n/a	image	378.2641516000149	0.0	trigger	n/a	n/a	7	n/a	n/a	n/a	n/a	n/a	n/a	n/a	n/a
3	2	86	word	379.02828280004906	0.5159157666532792	word	Hammer_german	n/a	107	379.02831900003366	3.619998460635543e-05	n/a	n/a	n/a	n/a	1	n/a
3	n/a	n/a	word	379.02831900003366	0.0	trigger	n/a	n/a	107	n/a	n/a	n/a	n/a	n/a	n/a	n/a	n/a
3	2	86	possible_button_press	380.5199933000258	0.0	response	n/a	n/a	n/a	n/a	n/a	n/a	n/a	m	m	1	1
3	2	86	fix_cross_after_trial	380.5286286000046	1.100207966698008	fixation cross	n/a	n/a	94	380.5286718000425	4.320003790780902e-05	n/a	n/a	n/a	n/a	n/a	n/a
3	n/a	n/a	fix_cross_iti	380.5286718000425	0.0	trigger	n/a	n/a	94	n/a	n/a	n/a	n/a	n/a	n/a	n/a	n/a
3	2	87	image	381.756785900041	0.7544162666347347	image	bread	bread_43.jpg	3	381.7569831000292	0.00019719998817890882	n/a	n/a	n/a	n/a	1	n/a
3	n/a	n/a	image	381.7569831000292	0.0	trigger	n/a	n/a	3	n/a	n/a	n/a	n/a	n/a	n/a	n/a	n/a
3	2	87	word	382.51077759999316	0.9485710666670002	word	Brot_german	n/a	103	382.5108234999934	4.5900000259280205e-05	n/a	n/a	n/a	n/a	1	n/a
3	n/a	n/a	word	382.5108234999934	0.0	trigger	n/a	n/a	103	n/a	n/a	n/a	n/a	n/a	n/a	n/a	n/a
3	2	87	possible_button_press	384.01304930000333	0.0	response	n/a	n/a	n/a	n/a	n/a	n/a	n/a	m	m	1	1
3	2	87	fix_cross_after_trial	384.03506950003793	0.8244968666733712	fixation cross	n/a	n/a	94	384.0351071000332	3.759999526664615e-05	n/a	n/a	n/a	n/a	n/a	n/a
3	n/a	n/a	fix_cross_iti	384.0351071000332	0.0	trigger	n/a	n/a	94	n/a	n/a	n/a	n/a	n/a	n/a	n/a	n/a
3	2	88	image	384.9139856999973	0.7522636667165443	image	house	house_09.jpg	9	384.9140757000423	9.000004502013326e-05	n/a	n/a	n/a	n/a	0	n/a
3	n/a	n/a	image	384.9140757000423	0.0	trigger	n/a	n/a	9	n/a	n/a	n/a	n/a	n/a	n/a	n/a	n/a
3	2	88	word	385.67597149999347	0.7659467667147055	word	Ball_german	n/a	101	385.6760173999937	4.5900000259280205e-05	n/a	n/a	n/a	n/a	0	n/a
3	n/a	n/a	word	385.6760173999937	0.0	trigger	n/a	n/a	101	n/a	n/a	n/a	n/a	n/a	n/a	n/a	n/a
3	2	88	feedback	387.17563420004444	0.0	trigger	n/a	n/a	96	n/a	n/a	n/a	n/a	n/a	n/a	n/a	n/a
3	2	88	possible_button_press	387.3779053000035	0.0	response	n/a	n/a	n/a	n/a	n/a	n/a	n/a	m	r	0	0
3	2	88	fix_cross_after_trial	387.3921800000244	0.8831000666871205	fixation cross	n/a	n/a	94	387.3922240000102	4.39999857917428e-05	n/a	n/a	n/a	n/a	n/a	n/a
3	n/a	n/a	fix_cross_iti	387.3922240000102	0.0	trigger	n/a	n/a	94	n/a	n/a	n/a	n/a	n/a	n/a	n/a	n/a
3	2	89	image	388.3532523000031	0.7561126666880682	image	hand	hand_44.jpg	8	388.35335849999683	0.00010619999375194311	n/a	n/a	n/a	n/a	1	n/a
3	n/a	n/a	image	388.35335849999683	0.0	trigger	n/a	n/a	8	n/a	n/a	n/a	n/a	n/a	n/a	n/a	n/a
3	2	89	word	389.11500660004094	0.47678636666773855	word	Hand_german	n/a	108	389.11505700001726	5.0399976316839457e-05	n/a	n/a	n/a	n/a	1	n/a
3	n/a	n/a	word	389.11505700001726	0.0	trigger	n/a	n/a	108	n/a	n/a	n/a	n/a	n/a	n/a	n/a	n/a
3	2	89	possible_button_press	390.6011489999946	0.0	response	n/a	n/a	n/a	n/a	n/a	n/a	n/a	m	m	1	1
3	2	89	fix_cross_after_trial	390.60880800004816	0.7819610666522294	fixation cross	n/a	n/a	94	390.6088529000408	4.4899992644786835e-05	n/a	n/a	n/a	n/a	n/a	n/a
3	n/a	n/a	fix_cross_iti	390.6088529000408	0.0	trigger	n/a	n/a	94	n/a	n/a	n/a	n/a	n/a	n/a	n/a	n/a
3	2	90	image	391.42834100004984	0.7625905666538983	image	flower	flower_01.jpg	6	391.4284174000495	7.639999967068434e-05	n/a	n/a	n/a	n/a	1	n/a
3	n/a	n/a	image	391.4284174000495	0.0	trigger	n/a	n/a	6	n/a	n/a	n/a	n/a	n/a	n/a	n/a	n/a
3	2	90	word	392.1974483000231	0.8939679666693792	word	Blume_german	n/a	106	392.1974941000226	4.579999949783087e-05	n/a	n/a	n/a	n/a	1	n/a
3	n/a	n/a	word	392.1974941000226	0.0	trigger	n/a	n/a	106	n/a	n/a	n/a	n/a	n/a	n/a	n/a	n/a
3	2	90	possible_button_press	393.6922140000388	0.0	response	n/a	n/a	n/a	n/a	n/a	n/a	n/a	m	m	1	1
3	2	90	fix_cross_after_trial	393.70648130000336	1.1838247666639745	fixation cross	n/a	n/a	94	393.706513800018	3.250001464039087e-05	n/a	n/a	n/a	n/a	n/a	n/a
3	n/a	n/a	fix_cross_iti	393.706513800018	0.0	trigger	n/a	n/a	94	n/a	n/a	n/a	n/a	n/a	n/a	n/a	n/a
3	2	91	image	395.0864708000445	0.753633966615098	image	ball	ball_15.jpg	1	395.08656810002867	9.729998419061303e-05	n/a	n/a	n/a	n/a	1	n/a
3	n/a	n/a	image	395.08656810002867	0.0	trigger	n/a	n/a	1	n/a	n/a	n/a	n/a	n/a	n/a	n/a	n/a
3	2	91	word	395.8394181000185	0.7825195666557647	word	Ball_german	n/a	101	395.8394559000153	3.779999678954482e-05	n/a	n/a	n/a	n/a	1	n/a
3	n/a	n/a	word	395.8394559000153	0.0	trigger	n/a	n/a	101	n/a	n/a	n/a	n/a	n/a	n/a	n/a	n/a
3	2	91	possible_button_press	397.34143760002917	0.0	response	n/a	n/a	n/a	n/a	n/a	n/a	n/a	m	m	1	1
3	2	91	fix_cross_after_trial	397.35549139999785	0.9499014666691892	fixation cross	n/a	n/a	94	397.35552010004176	2.870004391297698e-05	n/a	n/a	n/a	n/a	n/a	n/a
3	n/a	n/a	fix_cross_iti	397.35552010004176	0.0	trigger	n/a	n/a	94	n/a	n/a	n/a	n/a	n/a	n/a	n/a	n/a
3	2	92	image	398.34463190002134	0.7604277666580401	image	chair	chair_34.jpg	4	398.3447265000432	9.460002183914185e-05	n/a	n/a	n/a	n/a	1	n/a
3	n/a	n/a	image	398.3447265000432	0.0	trigger	n/a	n/a	4	n/a	n/a	n/a	n/a	n/a	n/a	n/a	n/a
3	2	92	word	399.1050072000362	0.5658872666574553	word	Stuhl_german	n/a	104	399.1050440000254	3.679998917505145e-05	n/a	n/a	n/a	n/a	1	n/a
3	n/a	n/a	word	399.1050440000254	0.0	trigger	n/a	n/a	104	n/a	n/a	n/a	n/a	n/a	n/a	n/a	n/a
3	2	92	possible_button_press	400.5908707000199	0.0	response	n/a	n/a	n/a	n/a	n/a	n/a	n/a	m	m	1	1
3	2	92	fix_cross_after_trial	400.60443629999645	0.7834145667186476	fixation cross	n/a	n/a	94	400.60446110001067	2.4800014216452837e-05	n/a	n/a	n/a	n/a	n/a	n/a
3	n/a	n/a	fix_cross_iti	400.60446110001067	0.0	trigger	n/a	n/a	94	n/a	n/a	n/a	n/a	n/a	n/a	n/a	n/a
3	2	93	image	401.42427220003447	0.7632138666269839	image	bicycle	bicycle_30.jpg	2	401.4243740999955	0.00010189996100962162	n/a	n/a	n/a	n/a	1	n/a
3	n/a	n/a	image	401.4243740999955	0.0	trigger	n/a	n/a	2	n/a	n/a	n/a	n/a	n/a	n/a	n/a	n/a
3	2	93	word	402.19421490002424	0.7089787666375287	word	Fahrrad_german	n/a	102	402.1942597000161	4.47999918833375e-05	n/a	n/a	n/a	n/a	1	n/a
3	n/a	n/a	word	402.1942597000161	0.0	trigger	n/a	n/a	102	n/a	n/a	n/a	n/a	n/a	n/a	n/a	n/a
3	2	93	possible_button_press	403.6895949000027	0.0	response	n/a	n/a	n/a	n/a	n/a	n/a	n/a	m	m	1	1
3	2	93	fix_cross_after_trial	403.703544100048	0.9332690666235521	fixation cross	n/a	n/a	94	403.70357920002425	3.509997623041272e-05	n/a	n/a	n/a	n/a	n/a	n/a
3	n/a	n/a	fix_cross_iti	403.70357920002425	0.0	trigger	n/a	n/a	94	n/a	n/a	n/a	n/a	n/a	n/a	n/a	n/a
3	2	94	image	404.6739485000144	0.7625679666564338	image	hammer	hammer_08.jpg	7	404.6740418000263	9.330001194030046e-05	n/a	n/a	n/a	n/a	1	n/a
3	n/a	n/a	image	404.6740418000263	0.0	trigger	n/a	n/a	7	n/a	n/a	n/a	n/a	n/a	n/a	n/a	n/a
3	2	94	word	405.4364196000388	0.5170066666362345	word	Hammer_german	n/a	107	405.43646029999945	4.069996066391468e-05	n/a	n/a	n/a	n/a	1	n/a
3	n/a	n/a	word	405.43646029999945	0.0	trigger	n/a	n/a	107	n/a	n/a	n/a	n/a	n/a	n/a	n/a	n/a
3	2	94	possible_button_press	406.93911610002397	0.0	response	n/a	n/a	n/a	n/a	n/a	n/a	n/a	m	m	1	1
3	2	94	fix_cross_after_trial	406.9530572000076	0.8493535666532352	fixation cross	n/a	n/a	94	406.9530948000029	3.759999526664615e-05	n/a	n/a	n/a	n/a	n/a	n/a
3	n/a	n/a	fix_cross_iti	406.9530948000029	0.0	trigger	n/a	n/a	94	n/a	n/a	n/a	n/a	n/a	n/a	n/a	n/a
3	2	95	image	407.8391470000497	0.7634004666508645	image	house	house_40.jpg	9	407.8392556000035	0.00010859995381906629	n/a	n/a	n/a	n/a	1	n/a
3	n/a	n/a	image	407.8392556000035	0.0	trigger	n/a	n/a	9	n/a	n/a	n/a	n/a	n/a	n/a	n/a	n/a
3	2	95	word	408.62481770000886	0.5273547666768081	word	Haus_german	n/a	109	408.6248698999989	5.219999002292752e-05	n/a	n/a	n/a	n/a	1	n/a
3	n/a	n/a	word	408.6248698999989	0.0	trigger	n/a	n/a	109	n/a	n/a	n/a	n/a	n/a	n/a	n/a	n/a
3	2	95	possible_button_press	410.0895129000419	0.0	response	n/a	n/a	n/a	n/a	n/a	n/a	n/a	m	m	1	1
3	2	95	fix_cross_after_trial	410.10230600001523	0.8990266666553453	fixation cross	n/a	n/a	94	410.1023623000365	5.630002124235034e-05	n/a	n/a	n/a	n/a	n/a	n/a
3	n/a	n/a	fix_cross_iti	410.1023623000365	0.0	trigger	n/a	n/a	94	n/a	n/a	n/a	n/a	n/a	n/a	n/a	n/a
3	2	96	image	411.03702150000026	0.7642141666767657	image	chair	chair_36.jpg	4	411.03711060003843	8.910003816708922e-05	n/a	n/a	n/a	n/a	1	n/a
3	n/a	n/a	image	411.03711060003843	0.0	trigger	n/a	n/a	4	n/a	n/a	n/a	n/a	n/a	n/a	n/a	n/a
3	2	96	word	411.80093020002823	0.5672601666340142	word	Stuhl_german	n/a	104	411.80096100002993	3.0800001695752144e-05	n/a	n/a	n/a	n/a	1	n/a
3	n/a	n/a	word	411.80096100002993	0.0	trigger	n/a	n/a	104	n/a	n/a	n/a	n/a	n/a	n/a	n/a	n/a
3	2	96	possible_button_press	413.3036772000487	0.0	response	n/a	n/a	n/a	n/a	n/a	n/a	n/a	m	m	1	1
3	2	96	fix_cross_after_trial	413.31716520001646	0.8996118666875645	fixation cross	n/a	n/a	94	413.31719060003525	2.540001878514886e-05	n/a	n/a	n/a	n/a	n/a	n/a
3	n/a	n/a	fix_cross_iti	413.31719060003525	0.0	trigger	n/a	n/a	94	n/a	n/a	n/a	n/a	n/a	n/a	n/a	n/a
3	2	97	image	414.2691491000005	0.76434626669311	image	bread	bread_25.jpg	3	414.26923880004324	8.970004273578525e-05	n/a	n/a	n/a	n/a	1	n/a
3	n/a	n/a	image	414.26923880004324	0.0	trigger	n/a	n/a	3	n/a	n/a	n/a	n/a	n/a	n/a	n/a	n/a
3	2	97	word	415.05131670000264	0.9149353666618936	word	Brot_german	n/a	103	415.05136610002955	4.9400026910007e-05	n/a	n/a	n/a	n/a	1	n/a
3	n/a	n/a	word	415.05136610002955	0.0	trigger	n/a	n/a	103	n/a	n/a	n/a	n/a	n/a	n/a	n/a	n/a
3	2	97	possible_button_press	416.51975209999364	0.0	response	n/a	n/a	n/a	n/a	n/a	n/a	n/a	m	m	1	1
3	2	97	fix_cross_after_trial	416.53318770002807	0.9828266666775107	fixation cross	n/a	n/a	94	416.53322650003247	3.880000440403819e-05	n/a	n/a	n/a	n/a	n/a	n/a
3	n/a	n/a	fix_cross_iti	416.53322650003247	0.0	trigger	n/a	n/a	94	n/a	n/a	n/a	n/a	n/a	n/a	n/a	n/a
3	2	98	image	417.5515362000442	0.7640755666691348	image	dog	dog_06.jpg	5	417.55164010002045	0.00010389997623860836	n/a	n/a	n/a	n/a	1	n/a
3	n/a	n/a	image	417.55164010002045	0.0	trigger	n/a	n/a	5	n/a	n/a	n/a	n/a	n/a	n/a	n/a	n/a
3	2	98	word	418.3151820000494	0.4845888666498013	word	Hund_german	n/a	105	418.3152148000081	3.279995871707797e-05	n/a	n/a	n/a	n/a	1	n/a
3	n/a	n/a	word	418.3152148000081	0.0	trigger	n/a	n/a	105	n/a	n/a	n/a	n/a	n/a	n/a	n/a	n/a
3	2	98	possible_button_press	419.817859200004	0.0	response	n/a	n/a	n/a	n/a	n/a	n/a	n/a	m	m	1	1
3	2	98	fix_cross_after_trial	419.8391299000359	0.8453674666272946	fixation cross	n/a	n/a	94	419.83916530001443	3.539997851476073e-05	n/a	n/a	n/a	n/a	n/a	n/a
3	n/a	n/a	fix_cross_iti	419.83916530001443	0.0	trigger	n/a	n/a	94	n/a	n/a	n/a	n/a	n/a	n/a	n/a	n/a
3	2	99	image	420.7346635000431	0.7634330666662663	image	hand	hand_03.jpg	8	420.73475910001434	9.55999712459743e-05	n/a	n/a	n/a	n/a	0	n/a
3	n/a	n/a	image	420.73475910001434	0.0	trigger	n/a	n/a	8	n/a	n/a	n/a	n/a	n/a	n/a	n/a	n/a
3	2	99	word	421.49784620001446	0.5663889666941486	word	Stuhl_german	n/a	104	421.4978892999934	4.309997893869877e-05	n/a	n/a	n/a	n/a	0	n/a
3	n/a	n/a	word	421.4978892999934	0.0	trigger	n/a	n/a	104	n/a	n/a	n/a	n/a	n/a	n/a	n/a	n/a
3	2	99	feedback	423.01930889999494	0.0	trigger	n/a	n/a	96	n/a	n/a	n/a	n/a	n/a	n/a	n/a	n/a
3	2	99	possible_button_press	423.2167105000117	0.0	response	n/a	n/a	n/a	n/a	n/a	n/a	n/a	m	r	0	0
3	2	99	fix_cross_after_trial	423.230669600016	1.0495490666983187	fixation cross	n/a	n/a	94	423.23071540001547	4.579999949783087e-05	n/a	n/a	n/a	n/a	n/a	n/a
3	n/a	n/a	fix_cross_iti	423.23071540001547	0.0	trigger	n/a	n/a	94	n/a	n/a	n/a	n/a	n/a	n/a	n/a	n/a
3	2	100	image	424.3828055000049	0.753495866669482	image	ball	ball_11.jpg	1	424.3829028000473	9.730004239827394e-05	n/a	n/a	n/a	n/a	1	n/a
3	n/a	n/a	image	424.3829028000473	0.0	trigger	n/a	n/a	1	n/a	n/a	n/a	n/a	n/a	n/a	n/a	n/a
3	2	100	word	425.1460083000129	0.7829088666514963	word	Ball_german	n/a	101	425.14604050002526	3.220001235604286e-05	n/a	n/a	n/a	n/a	1	n/a
3	n/a	n/a	word	425.14604050002526	0.0	trigger	n/a	n/a	101	n/a	n/a	n/a	n/a	n/a	n/a	n/a	n/a
3	2	100	possible_button_press	426.63220310001634	0.0	response	n/a	n/a	n/a	n/a	n/a	n/a	n/a	m	m	1	1
3	2	100	fix_cross_after_trial	426.64485740003875	0.8529188666764185	fixation cross	n/a	n/a	94	426.6449100000318	5.259999306872487e-05	n/a	n/a	n/a	n/a	n/a	n/a
3	n/a	n/a	fix_cross_iti	426.6449100000318	0.0	trigger	n/a	n/a	94	n/a	n/a	n/a	n/a	n/a	n/a	n/a	n/a
3	2	100	break_instruction	427.4971022999962	15.010808066701657	break	n/a	n/a	81	427.4971517000231	4.9400026910007e-05	n/a	n/a	n/a	n/a	n/a	n/a
3	n/a	n/a	break_start	427.4971517000231	0.0	trigger	n/a	n/a	81	n/a	n/a	n/a	n/a	n/a	n/a	n/a	n/a
3	n/a	n/a	break_end	449.30883580003865	0.0	trigger	n/a	n/a	82	n/a	n/a	n/a	n/a	n/a	n/a	n/a	n/a
3	3	101	image	449.4055532000493	0.7571283666222826	image	dog	dog_41.jpg	5	449.40564030001406	8.709996473044157e-05	n/a	n/a	n/a	n/a	1	n/a
3	n/a	n/a	image	449.40564030001406	0.0	trigger	n/a	n/a	5	n/a	n/a	n/a	n/a	n/a	n/a	n/a	n/a
3	3	101	word	450.17318770004204	0.4825677666269712	word	Hund_german	n/a	105	450.17323630000465	4.859996261075139e-05	n/a	n/a	n/a	n/a	1	n/a
3	n/a	n/a	word	450.17323630000465	0.0	trigger	n/a	n/a	105	n/a	n/a	n/a	n/a	n/a	n/a	n/a	n/a
3	3	101	possible_button_press	451.65904960001353	0.0	response	n/a	n/a	n/a	n/a	n/a	n/a	n/a	m	m	1	1
3	3	101	fix_cross_after_trial	451.6726282000309	0.8487951666504614	fixation cross	n/a	n/a	94	451.67266890004976	4.0700018871575594e-05	n/a	n/a	n/a	n/a	n/a	n/a
3	n/a	n/a	fix_cross_iti	451.67266890004976	0.0	trigger	n/a	n/a	94	n/a	n/a	n/a	n/a	n/a	n/a	n/a	n/a
3	3	102	image	452.56484290002845	0.7568936666395985	image	chair	chair_11.jpg	4	452.5649454999948	0.00010259996633976698	n/a	n/a	n/a	n/a	1	n/a
3	n/a	n/a	image	452.5649454999948	0.0	trigger	n/a	n/a	4	n/a	n/a	n/a	n/a	n/a	n/a	n/a	n/a
3	3	102	word	453.3215504999971	0.5668967667190827	word	Stuhl_german	n/a	104	453.3215865000384	3.600004129111767e-05	n/a	n/a	n/a	n/a	1	n/a
3	n/a	n/a	word	453.3215865000384	0.0	trigger	n/a	n/a	104	n/a	n/a	n/a	n/a	n/a	n/a	n/a	n/a
3	3	102	possible_button_press	454.8138389000087	0.0	response	n/a	n/a	n/a	n/a	n/a	n/a	n/a	m	m	1	1
3	3	102	fix_cross_after_trial	454.82222570001613	1.09776136669484	fixation cross	n/a	n/a	94	454.822272600024	4.6900007873773575e-05	n/a	n/a	n/a	n/a	n/a	n/a
3	n/a	n/a	fix_cross_iti	454.822272600024	0.0	trigger	n/a	n/a	94	n/a	n/a	n/a	n/a	n/a	n/a	n/a	n/a
3	3	103	image	455.94081390002975	0.7632055666801989	image	hammer	hammer_32.jpg	7	455.94090879999567	9.489996591582894e-05	n/a	n/a	n/a	n/a	1	n/a
3	n/a	n/a	image	455.94090879999567	0.0	trigger	n/a	n/a	7	n/a	n/a	n/a	n/a	n/a	n/a	n/a	n/a
3	3	103	word	456.7038601000095	0.5161002666611694	word	Hammer_german	n/a	107	456.70389280002564	3.270001616328955e-05	n/a	n/a	n/a	n/a	1	n/a
3	n/a	n/a	word	456.70389280002564	0.0	trigger	n/a	n/a	107	n/a	n/a	n/a	n/a	n/a	n/a	n/a	n/a
3	3	103	possible_button_press	458.1914088000194	0.0	response	n/a	n/a	n/a	n/a	n/a	n/a	n/a	m	m	1	1
3	3	103	fix_cross_after_trial	458.20390990003943	0.9320226666206963	fixation cross	n/a	n/a	94	458.2039633000386	5.339999916031957e-05	n/a	n/a	n/a	n/a	n/a	n/a
3	n/a	n/a	fix_cross_iti	458.2039633000386	0.0	trigger	n/a	n/a	94	n/a	n/a	n/a	n/a	n/a	n/a	n/a	n/a
3	3	104	image	459.15657460002694	0.7538000666575044	image	jacket	jacket_16.jpg	10	459.1566586000263	8.399999933317304e-05	n/a	n/a	n/a	n/a	0	n/a
3	n/a	n/a	image	459.1566586000263	0.0	trigger	n/a	n/a	10	n/a	n/a	n/a	n/a	n/a	n/a	n/a	n/a
3	3	104	word	459.9185838000267	0.7668902666812301	word	Ball_german	n/a	101	459.9186158000375	3.200001083314419e-05	n/a	n/a	n/a	n/a	0	n/a
3	n/a	n/a	word	459.9186158000375	0.0	trigger	n/a	n/a	101	n/a	n/a	n/a	n/a	n/a	n/a	n/a	n/a
3	3	104	feedback	461.4200440000277	0.0	trigger	n/a	n/a	96	n/a	n/a	n/a	n/a	n/a	n/a	n/a	n/a
3	3	104	possible_button_press	461.62108250003075	0.0	response	n/a	n/a	n/a	n/a	n/a	n/a	n/a	m	r	0	0
3	3	104	fix_cross_after_trial	461.6352006000234	0.7998221666823611	fixation cross	n/a	n/a	94	461.6352314000251	3.0800001695752144e-05	n/a	n/a	n/a	n/a	n/a	n/a
3	n/a	n/a	fix_cross_iti	461.6352314000251	0.0	trigger	n/a	n/a	94	n/a	n/a	n/a	n/a	n/a	n/a	n/a	n/a
3	3	105	image	462.4550310000195	0.7638921666696206	image	bicycle	bicycle_28.jpg	2	462.45511189999525	8.089997572824359e-05	n/a	n/a	n/a	n/a	1	n/a
3	n/a	n/a	image	462.45511189999525	0.0	trigger	n/a	n/a	2	n/a	n/a	n/a	n/a	n/a	n/a	n/a	n/a
3	3	105	word	463.218298199994	0.7175485666996337	word	Fahrrad_german	n/a	102	463.21833689999767	3.8700003642588854e-05	n/a	n/a	n/a	n/a	1	n/a
3	n/a	n/a	word	463.21833689999767	0.0	trigger	n/a	n/a	102	n/a	n/a	n/a	n/a	n/a	n/a	n/a	n/a
3	3	105	possible_button_press	464.720122800034	0.0	response	n/a	n/a	n/a	n/a	n/a	n/a	n/a	m	m	1	1
3	3	105	fix_cross_after_trial	464.73432079999475	0.9664209666700572	fixation cross	n/a	n/a	94	464.7343519999995	3.120000474154949e-05	n/a	n/a	n/a	n/a	n/a	n/a
3	n/a	n/a	fix_cross_iti	464.7343519999995	0.0	trigger	n/a	n/a	94	n/a	n/a	n/a	n/a	n/a	n/a	n/a	n/a
3	3	106	image	465.7377560000168	0.7518227666771509	image	house	house_35.jpg	9	465.7378352000378	7.920002099126577e-05	n/a	n/a	n/a	n/a	1	n/a
3	n/a	n/a	image	465.7378352000378	0.0	trigger	n/a	n/a	9	n/a	n/a	n/a	n/a	n/a	n/a	n/a	n/a
3	3	106	word	466.50011890003225	0.5341158666453794	word	Haus_german	n/a	109	466.50016260001576	4.369998350739479e-05	n/a	n/a	n/a	n/a	1	n/a
3	n/a	n/a	word	466.50016260001576	0.0	trigger	n/a	n/a	109	n/a	n/a	n/a	n/a	n/a	n/a	n/a	n/a
3	3	106	possible_button_press	467.9858125000028	0.0	response	n/a	n/a	n/a	n/a	n/a	n/a	n/a	m	m	1	1
3	3	106	fix_cross_after_trial	468.0000287000439	1.1835266666641928	fixation cross	n/a	n/a	94	468.00006890000077	4.0199956856667995e-05	n/a	n/a	n/a	n/a	n/a	n/a
3	n/a	n/a	fix_cross_iti	468.00006890000077	0.0	trigger	n/a	n/a	94	n/a	n/a	n/a	n/a	n/a	n/a	n/a	n/a
3	3	107	image	469.202569200017	0.7634213666935921	image	hand	hand_02.jpg	8	469.20266050001374	9.129999671131372e-05	n/a	n/a	n/a	n/a	1	n/a
3	n/a	n/a	image	469.20266050001374	0.0	trigger	n/a	n/a	8	n/a	n/a	n/a	n/a	n/a	n/a	n/a	n/a
3	3	107	word	469.9659632000257	0.48468276666631027	word	Hand_german	n/a	108	469.9659949000343	3.170000854879618e-05	n/a	n/a	n/a	n/a	1	n/a
3	n/a	n/a	word	469.9659949000343	0.0	trigger	n/a	n/a	108	n/a	n/a	n/a	n/a	n/a	n/a	n/a	n/a
3	3	107	possible_button_press	471.4532700999989	0.0	response	n/a	n/a	n/a	n/a	n/a	n/a	n/a	m	m	1	1
3	3	107	fix_cross_after_trial	471.4691171000013	0.7643180667112119	fixation cross	n/a	n/a	94	471.4691658000229	4.870002157986164e-05	n/a	n/a	n/a	n/a	n/a	n/a
3	n/a	n/a	fix_cross_iti	471.4691658000229	0.0	trigger	n/a	n/a	94	n/a	n/a	n/a	n/a	n/a	n/a	n/a	n/a
3	3	108	image	472.28908150002826	0.7595143666878812	image	flower	flower_02.jpg	6	472.28921240003547	0.0001309000072069466	n/a	n/a	n/a	n/a	1	n/a
3	n/a	n/a	image	472.28921240003547	0.0	trigger	n/a	n/a	6	n/a	n/a	n/a	n/a	n/a	n/a	n/a	n/a
3	3	108	word	473.04842569999164	0.9165635667197876	word	Blume_german	n/a	106	473.048474900017	4.9200025387108326e-05	n/a	n/a	n/a	n/a	1	n/a
3	n/a	n/a	word	473.048474900017	0.0	trigger	n/a	n/a	106	n/a	n/a	n/a	n/a	n/a	n/a	n/a	n/a
3	3	108	possible_button_press	474.55034390004585	0.0	response	n/a	n/a	n/a	n/a	n/a	n/a	n/a	m	m	1	1
3	3	108	fix_cross_after_trial	474.5640790000325	0.866321666635713	fixation cross	n/a	n/a	94	474.5641039000475	2.4900014977902174e-05	n/a	n/a	n/a	n/a	n/a	n/a
3	n/a	n/a	fix_cross_iti	474.5641039000475	0.0	trigger	n/a	n/a	94	n/a	n/a	n/a	n/a	n/a	n/a	n/a	n/a
3	3	109	image	475.5494212000049	0.7560214666921183	image	bread	bread_36.jpg	3	475.5495093000354	8.810003055259585e-05	n/a	n/a	n/a	n/a	1	n/a
3	n/a	n/a	image	475.5495093000354	0.0	trigger	n/a	n/a	3	n/a	n/a	n/a	n/a	n/a	n/a	n/a	n/a
3	3	109	word	476.3149025000166	0.9151801666632764	word	Brot_german	n/a	103	476.3149502000306	4.770001396536827e-05	n/a	n/a	n/a	n/a	1	n/a
3	n/a	n/a	word	476.3149502000306	0.0	trigger	n/a	n/a	103	n/a	n/a	n/a	n/a	n/a	n/a	n/a	n/a
3	3	109	possible_button_press	477.80074900004547	0.0	response	n/a	n/a	n/a	n/a	n/a	n/a	n/a	m	m	1	1
3	3	109	fix_cross_after_trial	477.8146961000166	0.9150124666668944	fixation cross	n/a	n/a	94	477.8147427000222	4.6600005589425564e-05	n/a	n/a	n/a	n/a	n/a	n/a
3	n/a	n/a	fix_cross_iti	477.8147427000222	0.0	trigger	n/a	n/a	94	n/a	n/a	n/a	n/a	n/a	n/a	n/a	n/a
3	3	110	image	478.7527236000169	0.7602826666591227	image	dog	dog_07.jpg	5	478.7528248000308	0.00010120001388713717	n/a	n/a	n/a	n/a	1	n/a
3	n/a	n/a	image	478.7528248000308	0.0	trigger	n/a	n/a	5	n/a	n/a	n/a	n/a	n/a	n/a	n/a	n/a
3	3	110	word	479.51273459999356	0.5005778666857168	word	Hund_german	n/a	105	479.51279000000795	5.540001438930631e-05	n/a	n/a	n/a	n/a	1	n/a
3	n/a	n/a	word	479.51279000000795	0.0	trigger	n/a	n/a	105	n/a	n/a	n/a	n/a	n/a	n/a	n/a	n/a
3	3	110	possible_button_press	481.01803690003	0.0	response	n/a	n/a	n/a	n/a	n/a	n/a	n/a	m	m	1	1
3	3	110	fix_cross_after_trial	481.02928980003344	0.9493736666665882	fixation cross	n/a	n/a	94	481.0293214000412	3.160000778734684e-05	n/a	n/a	n/a	n/a	n/a	n/a
3	n/a	n/a	fix_cross_iti	481.0293214000412	0.0	trigger	n/a	n/a	94	n/a	n/a	n/a	n/a	n/a	n/a	n/a	n/a
3	3	111	image	482.0909997000126	0.7540410666881598	image	ball	ball_19.jpg	1	482.09109220001847	9.250000584870577e-05	n/a	n/a	n/a	n/a	1	n/a
3	n/a	n/a	image	482.09109220001847	0.0	trigger	n/a	n/a	1	n/a	n/a	n/a	n/a	n/a	n/a	n/a	n/a
3	3	111	word	482.84501560003264	0.782817566654785	word	Ball_german	n/a	101	482.84505770000396	4.20999713242054e-05	n/a	n/a	n/a	n/a	1	n/a
3	n/a	n/a	word	482.84505770000396	0.0	trigger	n/a	n/a	101	n/a	n/a	n/a	n/a	n/a	n/a	n/a	n/a
3	3	111	possible_button_press	484.34683960000984	0.0	response	n/a	n/a	n/a	n/a	n/a	n/a	n/a	m	m	1	1
3	3	111	fix_cross_after_trial	484.3612730000168	0.7993468666720673	fixation cross	n/a	n/a	94	484.3613095000037	3.649998689070344e-05	n/a	n/a	n/a	n/a	n/a	n/a
3	n/a	n/a	fix_cross_iti	484.3613095000037	0.0	trigger	n/a	n/a	94	n/a	n/a	n/a	n/a	n/a	n/a	n/a	n/a
3	3	112	image	485.2345869000419	0.7592592666662767	image	jacket	jacket_44.jpg	10	485.2346850000322	9.809999028220773e-05	n/a	n/a	n/a	n/a	1	n/a
3	n/a	n/a	image	485.2346850000322	0.0	trigger	n/a	n/a	10	n/a	n/a	n/a	n/a	n/a	n/a	n/a	n/a
3	3	112	word	485.99382180004613	0.5336763666166462	word	Jacke_german	n/a	110	485.99385280004935	3.100000321865082e-05	n/a	n/a	n/a	n/a	1	n/a
3	n/a	n/a	word	485.99385280004935	0.0	trigger	n/a	n/a	110	n/a	n/a	n/a	n/a	n/a	n/a	n/a	n/a
3	3	112	possible_button_press	487.49577080004383	0.0	response	n/a	n/a	n/a	n/a	n/a	n/a	n/a	m	m	1	1
3	3	112	fix_cross_after_trial	487.5134597000433	1.0627648666306868	fixation cross	n/a	n/a	94	487.5134931000066	3.339996328577399e-05	n/a	n/a	n/a	n/a	n/a	n/a
3	n/a	n/a	fix_cross_iti	487.5134931000066	0.0	trigger	n/a	n/a	94	n/a	n/a	n/a	n/a	n/a	n/a	n/a	n/a
3	3	113	image	488.6305496999994	0.7627955667014703	image	bicycle	bicycle_48.jpg	2	488.63063180004247	8.210004307329655e-05	n/a	n/a	n/a	n/a	1	n/a
3	n/a	n/a	image	488.63063180004247	0.0	trigger	n/a	n/a	2	n/a	n/a	n/a	n/a	n/a	n/a	n/a	n/a
3	3	113	word	489.3928501000046	0.7161260666946418	word	Fahrrad_german	n/a	102	489.3928927000379	4.2600033339113e-05	n/a	n/a	n/a	n/a	1	n/a
3	n/a	n/a	word	489.3928927000379	0.0	trigger	n/a	n/a	102	n/a	n/a	n/a	n/a	n/a	n/a	n/a	n/a
3	3	113	possible_button_press	490.89598210004624	0.0	response	n/a	n/a	n/a	n/a	n/a	n/a	n/a	m	m	1	1
3	3	113	fix_cross_after_trial	490.91024719999405	0.9653188667182349	fixation cross	n/a	n/a	94	490.9102809000178	3.370002377778292e-05	n/a	n/a	n/a	n/a	n/a	n/a
3	n/a	n/a	fix_cross_iti	490.9102809000178	0.0	trigger	n/a	n/a	94	n/a	n/a	n/a	n/a	n/a	n/a	n/a	n/a
3	3	114	image	491.89929319999646	0.7592414667053617	image	hammer	hammer_08.jpg	7	491.8994162000017	0.0001230000052601099	n/a	n/a	n/a	n/a	1	n/a
3	n/a	n/a	image	491.8994162000017	0.0	trigger	n/a	n/a	7	n/a	n/a	n/a	n/a	n/a	n/a	n/a	n/a
3	3	114	word	492.6586771000293	0.516332266681502	word	Hammer_german	n/a	107	492.6587182999938	4.1199964471161366e-05	n/a	n/a	n/a	n/a	1	n/a
3	n/a	n/a	word	492.6587182999938	0.0	trigger	n/a	n/a	107	n/a	n/a	n/a	n/a	n/a	n/a	n/a	n/a
3	3	114	possible_button_press	494.1600476000458	0.0	response	n/a	n/a	n/a	n/a	n/a	n/a	n/a	m	m	1	1
3	3	114	fix_cross_after_trial	494.17439100000774	1.2163875667067714	fixation cross	n/a	n/a	94	494.17441630002577	2.5300018023699522e-05	n/a	n/a	n/a	n/a	n/a	n/a
3	n/a	n/a	fix_cross_iti	494.17441630002577	0.0	trigger	n/a	n/a	94	n/a	n/a	n/a	n/a	n/a	n/a	n/a	n/a
3	3	115	image	495.4439772000187	0.7632296666890852	image	bread	bread_25.jpg	3	495.44406190002337	8.47000046633184e-05	n/a	n/a	n/a	n/a	1	n/a
3	n/a	n/a	image	495.44406190002337	0.0	trigger	n/a	n/a	3	n/a	n/a	n/a	n/a	n/a	n/a	n/a	n/a
3	3	115	word	496.20717340003466	0.9178631666620731	word	Brot_german	n/a	103	496.2072057000478	3.23000131174922e-05	n/a	n/a	n/a	n/a	1	n/a
3	n/a	n/a	word	496.2072057000478	0.0	trigger	n/a	n/a	103	n/a	n/a	n/a	n/a	n/a	n/a	n/a	n/a
3	3	115	possible_button_press	497.6957899000263	0.0	response	n/a	n/a	n/a	n/a	n/a	n/a	n/a	m	m	1	1
3	3	115	fix_cross_after_trial	497.7068317999947	1.0162985667159319	fixation cross	n/a	n/a	94	497.7068685000413	3.670004662126303e-05	n/a	n/a	n/a	n/a	n/a	n/a
3	n/a	n/a	fix_cross_iti	497.7068685000413	0.0	trigger	n/a	n/a	94	n/a	n/a	n/a	n/a	n/a	n/a	n/a	n/a
3	3	116	image	498.7430585999973	0.7646081667082854	image	chair	chair_03.jpg	4	498.7431370000122	7.840001489967108e-05	n/a	n/a	n/a	n/a	1	n/a
3	n/a	n/a	image	498.7431370000122	0.0	trigger	n/a	n/a	4	n/a	n/a	n/a	n/a	n/a	n/a	n/a	n/a
3	3	116	word	499.50747270003194	0.569581366671855	word	Stuhl_german	n/a	104	499.50754770002095	7.499998901039362e-05	n/a	n/a	n/a	n/a	1	n/a
3	n/a	n/a	word	499.50754770002095	0.0	trigger	n/a	n/a	104	n/a	n/a	n/a	n/a	n/a	n/a	n/a	n/a
3	3	116	possible_button_press	501.0086480000173	0.0	response	n/a	n/a	n/a	n/a	n/a	n/a	n/a	m	m	1	1
3	3	116	fix_cross_after_trial	501.0236719000386	0.8820047666706614	fixation cross	n/a	n/a	94	501.0236994000152	2.7499976567924023e-05	n/a	n/a	n/a	n/a	n/a	n/a
3	n/a	n/a	fix_cross_iti	501.0236994000152	0.0	trigger	n/a	n/a	94	n/a	n/a	n/a	n/a	n/a	n/a	n/a	n/a
3	3	117	image	501.97091279999586	0.7511881666762292	image	ball	ball_42.jpg	1	501.97100700001465	9.42000187933445e-05	n/a	n/a	n/a	n/a	1	n/a
3	n/a	n/a	image	501.97100700001465	0.0	trigger	n/a	n/a	1	n/a	n/a	n/a	n/a	n/a	n/a	n/a	n/a
3	3	117	word	502.72233190003317	0.7821442666502207	word	Ball_german	n/a	101	502.7223737000022	4.179996903985739e-05	n/a	n/a	n/a	n/a	1	n/a
3	n/a	n/a	word	502.7223737000022	0.0	trigger	n/a	n/a	101	n/a	n/a	n/a	n/a	n/a	n/a	n/a	n/a
3	3	117	possible_button_press	504.2235020000371	0.0	response	n/a	n/a	n/a	n/a	n/a	n/a	n/a	m	m	1	1
3	3	117	fix_cross_after_trial	504.2378862000187	1.233013566645468	fixation cross	n/a	n/a	94	504.23791349999374	2.729997504502535e-05	n/a	n/a	n/a	n/a	n/a	n/a
3	n/a	n/a	fix_cross_iti	504.23791349999374	0.0	trigger	n/a	n/a	94	n/a	n/a	n/a	n/a	n/a	n/a	n/a	n/a
3	3	118	image	505.49332220002543	0.7506023666394412	image	hand	hand_19.jpg	8	505.493401899992	7.969996659085155e-05	n/a	n/a	n/a	n/a	1	n/a
3	n/a	n/a	image	505.493401899992	0.0	trigger	n/a	n/a	8	n/a	n/a	n/a	n/a	n/a	n/a	n/a	n/a
3	3	118	word	506.2569108000025	0.4825469667014204	word	Hand_german	n/a	108	506.2569574000081	4.6600005589425564e-05	n/a	n/a	n/a	n/a	1	n/a
3	n/a	n/a	word	506.2569574000081	0.0	trigger	n/a	n/a	108	n/a	n/a	n/a	n/a	n/a	n/a	n/a	n/a
3	3	118	possible_button_press	507.7406508999993	0.0	response	n/a	n/a	n/a	n/a	n/a	n/a	n/a	m	m	1	1
3	3	118	fix_cross_after_trial	507.75385360000655	1.0328254666567318	fixation cross	n/a	n/a	94	507.75388650002424	3.290001768618822e-05	n/a	n/a	n/a	n/a	n/a	n/a
3	n/a	n/a	fix_cross_iti	507.75388650002424	0.0	trigger	n/a	n/a	94	n/a	n/a	n/a	n/a	n/a	n/a	n/a	n/a
3	3	119	image	508.82354080001824	0.7628947666419208	image	flower	flower_14.jpg	6	508.8236320000142	9.119999594986439e-05	n/a	n/a	n/a	n/a	1	n/a
3	n/a	n/a	image	508.8236320000142	0.0	trigger	n/a	n/a	6	n/a	n/a	n/a	n/a	n/a	n/a	n/a	n/a
3	3	119	word	509.5890440000221	0.8841780666882642	word	Blume_german	n/a	106	509.58908350003185	3.950000973418355e-05	n/a	n/a	n/a	n/a	1	n/a
3	n/a	n/a	word	509.58908350003185	0.0	trigger	n/a	n/a	106	n/a	n/a	n/a	n/a	n/a	n/a	n/a	n/a
3	3	119	possible_button_press	511.08889559999807	0.0	response	n/a	n/a	n/a	n/a	n/a	n/a	n/a	m	m	1	1
3	3	119	fix_cross_after_trial	511.10577470000135	0.7801656666599683	fixation cross	n/a	n/a	94	511.1058152000187	4.050001734867692e-05	n/a	n/a	n/a	n/a	n/a	n/a
3	n/a	n/a	fix_cross_iti	511.1058152000187	0.0	trigger	n/a	n/a	94	n/a	n/a	n/a	n/a	n/a	n/a	n/a	n/a
3	3	120	image	511.9062518000137	0.7628949667016514	image	ball	ball_29.jpg	1	511.9063318000408	8.000002708286047e-05	n/a	n/a	n/a	n/a	0	n/a
3	n/a	n/a	image	511.9063318000408	0.0	trigger	n/a	n/a	1	n/a	n/a	n/a	n/a	n/a	n/a	n/a	n/a
3	3	120	word	512.6692626000149	0.5506696666745938	word	Haus_german	n/a	109	512.6693067000015	4.409998655319214e-05	n/a	n/a	n/a	n/a	0	n/a
3	n/a	n/a	word	512.6693067000015	0.0	trigger	n/a	n/a	109	n/a	n/a	n/a	n/a	n/a	n/a	n/a	n/a
3	3	120	feedback	514.1706571000395	0.0	trigger	n/a	n/a	96	n/a	n/a	n/a	n/a	n/a	n/a	n/a	n/a
3	3	120	possible_button_press	514.3713547000079	0.0	response	n/a	n/a	n/a	n/a	n/a	n/a	n/a	m	r	0	0
3	3	120	fix_cross_after_trial	514.3852430999978	1.0495194667057604	fixation cross	n/a	n/a	94	514.3852807999938	3.7699996028095484e-05	n/a	n/a	n/a	n/a	n/a	n/a
3	n/a	n/a	fix_cross_iti	514.3852807999938	0.0	trigger	n/a	n/a	94	n/a	n/a	n/a	n/a	n/a	n/a	n/a	n/a
3	3	121	image	515.5246736000408	0.7643920666344002	image	hand	hand_44.jpg	8	515.5247729000403	9.929999941959977e-05	n/a	n/a	n/a	n/a	1	n/a
3	n/a	n/a	image	515.5247729000403	0.0	trigger	n/a	n/a	8	n/a	n/a	n/a	n/a	n/a	n/a	n/a	n/a
3	3	121	word	516.3011146000354	0.48327486665607466	word	Hand_german	n/a	108	516.3011607000371	4.610000178217888e-05	n/a	n/a	n/a	n/a	1	n/a
3	n/a	n/a	word	516.3011607000371	0.0	trigger	n/a	n/a	108	n/a	n/a	n/a	n/a	n/a	n/a	n/a	n/a
3	3	121	possible_button_press	517.7884222000139	0.0	response	n/a	n/a	n/a	n/a	n/a	n/a	n/a	m	m	1	1
3	3	121	fix_cross_after_trial	517.8013134000357	0.8321101666699633	fixation cross	n/a	n/a	94	517.8013627000037	4.929996794089675e-05	n/a	n/a	n/a	n/a	n/a	n/a
3	n/a	n/a	fix_cross_iti	517.8013627000037	0.0	trigger	n/a	n/a	94	n/a	n/a	n/a	n/a	n/a	n/a	n/a	n/a
3	3	122	image	518.6561359000043	0.7609900666905105	image	chair	chair_13.jpg	4	518.6562352000037	9.929999941959977e-05	n/a	n/a	n/a	n/a	1	n/a
3	n/a	n/a	image	518.6562352000037	0.0	trigger	n/a	n/a	4	n/a	n/a	n/a	n/a	n/a	n/a	n/a	n/a
3	3	122	word	519.4170674000052	0.5830734666708395	word	Stuhl_german	n/a	104	519.4171149000176	4.75000124424696e-05	n/a	n/a	n/a	n/a	1	n/a
3	n/a	n/a	word	519.4171149000176	0.0	trigger	n/a	n/a	104	n/a	n/a	n/a	n/a	n/a	n/a	n/a	n/a
3	3	122	possible_button_press	520.905289700022	0.0	response	n/a	n/a	n/a	n/a	n/a	n/a	n/a	m	m	1	1
3	3	122	fix_cross_after_trial	520.9161452000262	1.1663024666524962	fixation cross	n/a	n/a	94	520.9161717999959	2.659996971487999e-05	n/a	n/a	n/a	n/a	n/a	n/a
3	n/a	n/a	fix_cross_iti	520.9161717999959	0.0	trigger	n/a	n/a	94	n/a	n/a	n/a	n/a	n/a	n/a	n/a	n/a
3	3	123	image	522.1190280000446	0.7500299666464798	image	house	house_32.jpg	9	522.1190986000001	7.059995550662279e-05	n/a	n/a	n/a	n/a	0	n/a
3	n/a	n/a	image	522.1190986000001	0.0	trigger	n/a	n/a	9	n/a	n/a	n/a	n/a	n/a	n/a	n/a	n/a
3	3	123	word	522.8670757000218	0.5163592666542627	word	Hammer_german	n/a	107	522.8671235000365	4.780001472681761e-05	n/a	n/a	n/a	n/a	0	n/a
3	n/a	n/a	word	522.8671235000365	0.0	trigger	n/a	n/a	107	n/a	n/a	n/a	n/a	n/a	n/a	n/a	n/a
3	3	123	feedback	524.3819523000275	0.0	trigger	n/a	n/a	96	n/a	n/a	n/a	n/a	n/a	n/a	n/a	n/a
3	3	123	possible_button_press	524.584246900049	0.0	response	n/a	n/a	n/a	n/a	n/a	n/a	n/a	m	r	0	0
3	3	123	fix_cross_after_trial	524.5988353000139	0.9656439666907772	fixation cross	n/a	n/a	94	524.598880400008	4.509999416768551e-05	n/a	n/a	n/a	n/a	n/a	n/a
3	n/a	n/a	fix_cross_iti	524.598880400008	0.0	trigger	n/a	n/a	94	n/a	n/a	n/a	n/a	n/a	n/a	n/a	n/a
3	3	124	image	525.6347503000288	0.7558768666388005	image	jacket	jacket_29.jpg	10	525.6348423000309	9.200000204145908e-05	n/a	n/a	n/a	n/a	1	n/a
3	n/a	n/a	image	525.6348423000309	0.0	trigger	n/a	n/a	10	n/a	n/a	n/a	n/a	n/a	n/a	n/a	n/a
3	3	124	word	526.4010416000383	0.5313112666519828	word	Jacke_german	n/a	110	526.4010937000276	5.2099989261478186e-05	n/a	n/a	n/a	n/a	1	n/a
3	n/a	n/a	word	526.4010937000276	0.0	trigger	n/a	n/a	110	n/a	n/a	n/a	n/a	n/a	n/a	n/a	n/a
3	3	124	possible_button_press	527.8850555000245	0.0	response	n/a	n/a	n/a	n/a	n/a	n/a	n/a	m	m	1	1
3	3	124	fix_cross_after_trial	527.8977928000386	0.9196220666674435	fixation cross	n/a	n/a	94	527.8978314000415	3.860000288113952e-05	n/a	n/a	n/a	n/a	n/a	n/a
3	n/a	n/a	fix_cross_iti	527.8978314000415	0.0	trigger	n/a	n/a	94	n/a	n/a	n/a	n/a	n/a	n/a	n/a	n/a
3	3	125	image	528.8687299000449	0.7504226666681006	image	flower	flower_01.jpg	6	528.8688510000356	0.0001210999907925725	n/a	n/a	n/a	n/a	1	n/a
3	n/a	n/a	image	528.8688510000356	0.0	trigger	n/a	n/a	6	n/a	n/a	n/a	n/a	n/a	n/a	n/a	n/a
3	3	125	word	529.6304826000123	0.8990883666594982	word	Blume_german	n/a	106	529.6305315000354	4.8900023102760315e-05	n/a	n/a	n/a	n/a	1	n/a
3	n/a	n/a	word	529.6305315000354	0.0	trigger	n/a	n/a	106	n/a	n/a	n/a	n/a	n/a	n/a	n/a	n/a
3	3	125	possible_button_press	531.1173708999995	0.0	response	n/a	n/a	n/a	n/a	n/a	n/a	n/a	m	m	1	1
3	3	125	fix_cross_after_trial	531.1342529000249	1.062715366661223	fixation cross	n/a	n/a	94	531.1343056000187	5.269999383017421e-05	n/a	n/a	n/a	n/a	n/a	n/a
3	n/a	n/a	fix_cross_iti	531.1343056000187	0.0	trigger	n/a	n/a	94	n/a	n/a	n/a	n/a	n/a	n/a	n/a	n/a
3	3	126	image	532.2714997000294	0.7581562666493937	image	bread	bread_42.jpg	3	532.2716044000117	0.00010469998233020306	n/a	n/a	n/a	n/a	1	n/a
3	n/a	n/a	image	532.2716044000117	0.0	trigger	n/a	n/a	3	n/a	n/a	n/a	n/a	n/a	n/a	n/a	n/a
3	3	126	word	533.0295449999976	0.9163455666896425	word	Brot_german	n/a	103	533.029583399999	3.840000135824084e-05	n/a	n/a	n/a	n/a	1	n/a
3	n/a	n/a	word	533.029583399999	0.0	trigger	n/a	n/a	103	n/a	n/a	n/a	n/a	n/a	n/a	n/a	n/a
3	3	126	possible_button_press	534.5319351000362	0.0	response	n/a	n/a	n/a	n/a	n/a	n/a	n/a	m	m	1	1
3	3	126	fix_cross_after_trial	534.5457933000289	1.1328887666497849	fixation cross	n/a	n/a	94	534.5458266999922	3.339996328577399e-05	n/a	n/a	n/a	n/a	n/a	n/a
3	n/a	n/a	fix_cross_iti	534.5458266999922	0.0	trigger	n/a	n/a	94	n/a	n/a	n/a	n/a	n/a	n/a	n/a	n/a
3	3	127	image	535.7332343000453	0.7617769666287586	image	dog	dog_44.jpg	5	535.7333375000162	0.000103199970908463	n/a	n/a	n/a	n/a	1	n/a
3	n/a	n/a	image	535.7333375000162	0.0	trigger	n/a	n/a	5	n/a	n/a	n/a	n/a	n/a	n/a	n/a	n/a
3	3	127	word	536.4950176000129	0.4990420666911177	word	Hund_german	n/a	105	536.4950514000375	3.3800024539232254e-05	n/a	n/a	n/a	n/a	1	n/a
3	n/a	n/a	word	536.4950514000375	0.0	trigger	n/a	n/a	105	n/a	n/a	n/a	n/a	n/a	n/a	n/a	n/a
3	3	127	possible_button_press	537.9971648000064	0.0	response	n/a	n/a	n/a	n/a	n/a	n/a	n/a	m	m	1	1
3	3	127	fix_cross_after_trial	538.0148813000415	0.8459804666383661	fixation cross	n/a	n/a	94	538.0149149000063	3.3599964808672667e-05	n/a	n/a	n/a	n/a	n/a	n/a
3	n/a	n/a	fix_cross_iti	538.0149149000063	0.0	trigger	n/a	n/a	94	n/a	n/a	n/a	n/a	n/a	n/a	n/a	n/a
3	3	128	image	538.9642801000155	0.7635131666941106	image	ball	ball_12.jpg	1	538.9643973000348	0.00011720001930370927	n/a	n/a	n/a	n/a	1	n/a
3	n/a	n/a	image	538.9643973000348	0.0	trigger	n/a	n/a	1	n/a	n/a	n/a	n/a	n/a	n/a	n/a	n/a
3	3	128	word	539.7274474000442	0.784188466616115	word	Ball_german	n/a	101	539.7274884000071	4.099996294826269e-05	n/a	n/a	n/a	n/a	1	n/a
3	n/a	n/a	word	539.7274884000071	0.0	trigger	n/a	n/a	101	n/a	n/a	n/a	n/a	n/a	n/a	n/a	n/a
3	3	128	possible_button_press	541.2286467000376	0.0	response	n/a	n/a	n/a	n/a	n/a	n/a	n/a	m	m	1	1
3	3	128	fix_cross_after_trial	541.2459205000196	0.7826486666492656	fixation cross	n/a	n/a	94	541.2459555999958	3.509997623041272e-05	n/a	n/a	n/a	n/a	n/a	n/a
3	n/a	n/a	fix_cross_iti	541.2459555999958	0.0	trigger	n/a	n/a	94	n/a	n/a	n/a	n/a	n/a	n/a	n/a	n/a
3	3	129	image	542.0478817000403	0.7693002666385382	image	jacket	jacket_03.jpg	10	542.0479781000176	9.6399977337569e-05	n/a	n/a	n/a	n/a	1	n/a
3	n/a	n/a	image	542.0479781000176	0.0	trigger	n/a	n/a	10	n/a	n/a	n/a	n/a	n/a	n/a	n/a	n/a
3	3	129	word	542.825777399994	0.5331444666992411	word	Jacke_german	n/a	110	542.8258207000326	4.3300038669258356e-05	n/a	n/a	n/a	n/a	1	n/a
3	n/a	n/a	word	542.8258207000326	0.0	trigger	n/a	n/a	110	n/a	n/a	n/a	n/a	n/a	n/a	n/a	n/a
3	3	129	possible_button_press	544.3197960000252	0.0	response	n/a	n/a	n/a	n/a	n/a	n/a	n/a	m	m	1	1
3	3	129	fix_cross_after_trial	544.344068800041	1.0816698666351385	fixation cross	n/a	n/a	94	544.3441160999937	4.729995271191001e-05	n/a	n/a	n/a	n/a	n/a	n/a
3	n/a	n/a	fix_cross_iti	544.3441160999937	0.0	trigger	n/a	n/a	94	n/a	n/a	n/a	n/a	n/a	n/a	n/a	n/a
3	3	130	image	545.4796490000444	0.7626765666684605	image	bread	bread_03.jpg	3	545.4797490999917	0.00010009994730353355	n/a	n/a	n/a	n/a	1	n/a
3	n/a	n/a	image	545.4797490999917	0.0	trigger	n/a	n/a	3	n/a	n/a	n/a	n/a	n/a	n/a	n/a	n/a
3	3	130	word	546.2584783000057	0.9160380666764922	word	Brot_german	n/a	103	546.2585218000459	4.350004019215703e-05	n/a	n/a	n/a	n/a	1	n/a
3	n/a	n/a	word	546.2585218000459	0.0	trigger	n/a	n/a	103	n/a	n/a	n/a	n/a	n/a	n/a	n/a	n/a
3	3	130	possible_button_press	547.7314542999957	0.0	response	n/a	n/a	n/a	n/a	n/a	n/a	n/a	m	m	1	1
3	3	130	fix_cross_after_trial	547.7435431000195	0.9730283666906416	fixation cross	n/a	n/a	94	547.7436057000305	6.260001100599766e-05	n/a	n/a	n/a	n/a	n/a	n/a
3	n/a	n/a	fix_cross_iti	547.7436057000305	0.0	trigger	n/a	n/a	94	n/a	n/a	n/a	n/a	n/a	n/a	n/a	n/a
3	3	131	image	548.7618365000235	0.7624556666744411	image	hand	hand_16.jpg	8	548.7619734000182	0.00013689999468624592	n/a	n/a	n/a	n/a	1	n/a
3	n/a	n/a	image	548.7619734000182	0.0	trigger	n/a	n/a	8	n/a	n/a	n/a	n/a	n/a	n/a	n/a	n/a
3	3	131	word	549.5245532999979	0.49936146667846515	word	Hand_german	n/a	108	549.5245837999973	3.0499999411404133e-05	n/a	n/a	n/a	n/a	1	n/a
3	n/a	n/a	word	549.5245837999973	0.0	trigger	n/a	n/a	108	n/a	n/a	n/a	n/a	n/a	n/a	n/a	n/a
3	3	131	possible_button_press	551.0259794000303	0.0	response	n/a	n/a	n/a	n/a	n/a	n/a	n/a	m	m	1	1
3	3	131	fix_cross_after_trial	551.0401959000155	1.1998147666492969	fixation cross	n/a	n/a	94	551.0402192000183	2.3300002794712782e-05	n/a	n/a	n/a	n/a	n/a	n/a
3	n/a	n/a	fix_cross_iti	551.0402192000183	0.0	trigger	n/a	n/a	94	n/a	n/a	n/a	n/a	n/a	n/a	n/a	n/a
3	3	132	image	552.329564100015	0.7599831666486807	image	ball	ball_14.jpg	1	552.3296635000152	9.940000018104911e-05	n/a	n/a	n/a	n/a	1	n/a
3	n/a	n/a	image	552.3296635000152	0.0	trigger	n/a	n/a	1	n/a	n/a	n/a	n/a	n/a	n/a	n/a	n/a
3	3	132	word	553.0896947000292	0.7826579666618727	word	Ball_german	n/a	101	553.0897200000472	2.5300018023699522e-05	n/a	n/a	n/a	n/a	1	n/a
3	n/a	n/a	word	553.0897200000472	0.0	trigger	n/a	n/a	101	n/a	n/a	n/a	n/a	n/a	n/a	n/a	n/a
3	3	132	possible_button_press	554.5911887999973	0.0	response	n/a	n/a	n/a	n/a	n/a	n/a	n/a	m	m	1	1
3	3	132	fix_cross_after_trial	554.6057729000458	1.2499816666279457	fixation cross	n/a	n/a	94	554.6057913000113	1.839996548369527e-05	n/a	n/a	n/a	n/a	n/a	n/a
3	n/a	n/a	fix_cross_iti	554.6057913000113	0.0	trigger	n/a	n/a	94	n/a	n/a	n/a	n/a	n/a	n/a	n/a	n/a
3	3	133	image	555.8759747000295	0.7631854666435629	image	dog	dog_24.jpg	5	555.8760502000223	7.54999928176403e-05	n/a	n/a	n/a	n/a	1	n/a
3	n/a	n/a	image	555.8760502000223	0.0	trigger	n/a	n/a	5	n/a	n/a	n/a	n/a	n/a	n/a	n/a	n/a
3	3	133	word	556.6387012000196	0.49904566666032224	word	Hund_german	n/a	105	556.6387275000452	2.6300025638192892e-05	n/a	n/a	n/a	n/a	1	n/a
3	n/a	n/a	word	556.6387275000452	0.0	trigger	n/a	n/a	105	n/a	n/a	n/a	n/a	n/a	n/a	n/a	n/a
3	3	133	possible_button_press	558.1435667000478	0.0	response	n/a	n/a	n/a	n/a	n/a	n/a	n/a	m	m	1	1
3	3	133	fix_cross_after_trial	558.1618506000377	1.1760542666345373	fixation cross	n/a	n/a	94	558.1619096000213	5.8999983593821526e-05	n/a	n/a	n/a	n/a	n/a	n/a
3	n/a	n/a	fix_cross_iti	558.1619096000213	0.0	trigger	n/a	n/a	94	n/a	n/a	n/a	n/a	n/a	n/a	n/a	n/a
3	3	134	image	559.3737764999969	0.7662247666778512	image	flower	flower_24.jpg	6	559.3738594000461	8.290004916489124e-05	n/a	n/a	n/a	n/a	1	n/a
3	n/a	n/a	image	559.3738594000461	0.0	trigger	n/a	n/a	6	n/a	n/a	n/a	n/a	n/a	n/a	n/a	n/a
3	3	134	word	560.156393900048	0.8806029666486666	word	Blume_german	n/a	106	560.1564410999999	4.719995195046067e-05	n/a	n/a	n/a	n/a	1	n/a
3	n/a	n/a	word	560.1564410999999	0.0	trigger	n/a	n/a	106	n/a	n/a	n/a	n/a	n/a	n/a	n/a	n/a
3	3	134	possible_button_press	561.6399310000124	0.0	response	n/a	n/a	n/a	n/a	n/a	n/a	n/a	m	m	1	1
3	3	134	fix_cross_after_trial	561.6536265000468	0.8500301666247196	fixation cross	n/a	n/a	94	561.6536510000005	2.4499953724443913e-05	n/a	n/a	n/a	n/a	n/a	n/a
3	n/a	n/a	fix_cross_iti	561.6536510000005	0.0	trigger	n/a	n/a	94	n/a	n/a	n/a	n/a	n/a	n/a	n/a	n/a
3	3	135	image	562.5227588000125	0.7542040666487537	image	bicycle	bicycle_20.jpg	2	562.5228553000488	9.650003630667925e-05	n/a	n/a	n/a	n/a	1	n/a
3	n/a	n/a	image	562.5228553000488	0.0	trigger	n/a	n/a	2	n/a	n/a	n/a	n/a	n/a	n/a	n/a	n/a
3	3	135	word	563.2957115000463	0.6904244666259274	word	Fahrrad_german	n/a	102	563.2957616000203	5.0099974032491446e-05	n/a	n/a	n/a	n/a	1	n/a
3	n/a	n/a	word	563.2957616000203	0.0	trigger	n/a	n/a	102	n/a	n/a	n/a	n/a	n/a	n/a	n/a	n/a
3	3	135	possible_button_press	564.771936300036	0.0	response	n/a	n/a	n/a	n/a	n/a	n/a	n/a	m	m	1	1
3	3	135	fix_cross_after_trial	564.7860333000426	0.9161782666380986	fixation cross	n/a	n/a	94	564.78606090002	2.759997732937336e-05	n/a	n/a	n/a	n/a	n/a	n/a
3	n/a	n/a	fix_cross_iti	564.78606090002	0.0	trigger	n/a	n/a	94	n/a	n/a	n/a	n/a	n/a	n/a	n/a	n/a
3	3	136	image	565.7216279000277	0.764006866669888	image	hammer	hammer_16.jpg	7	565.7217051000334	7.720000576227903e-05	n/a	n/a	n/a	n/a	1	n/a
3	n/a	n/a	image	565.7217051000334	0.0	trigger	n/a	n/a	7	n/a	n/a	n/a	n/a	n/a	n/a	n/a	n/a
3	3	136	word	566.4855730000418	0.5162157666675284	word	Hammer_german	n/a	107	566.4856018000282	2.8799986466765404e-05	n/a	n/a	n/a	n/a	1	n/a
3	n/a	n/a	word	566.4856018000282	0.0	trigger	n/a	n/a	107	n/a	n/a	n/a	n/a	n/a	n/a	n/a	n/a
3	3	136	possible_button_press	567.9717303999932	0.0	response	n/a	n/a	n/a	n/a	n/a	n/a	n/a	m	m	1	1
3	3	136	fix_cross_after_trial	567.9855052999919	0.9562445667145312	fixation cross	n/a	n/a	94	567.985548000026	4.2700034100562334e-05	n/a	n/a	n/a	n/a	n/a	n/a
3	n/a	n/a	fix_cross_iti	567.985548000026	0.0	trigger	n/a	n/a	94	n/a	n/a	n/a	n/a	n/a	n/a	n/a	n/a
3	3	137	image	568.9710524000111	0.7529541666774549	image	house	house_07.jpg	9	568.9711423999979	8.999998681247234e-05	n/a	n/a	n/a	n/a	1	n/a
3	n/a	n/a	image	568.9711423999979	0.0	trigger	n/a	n/a	9	n/a	n/a	n/a	n/a	n/a	n/a	n/a	n/a
3	3	137	word	569.7360404999927	0.531428566672048	word	Haus_german	n/a	109	569.7360866999952	4.6200002543628216e-05	n/a	n/a	n/a	n/a	1	n/a
3	n/a	n/a	word	569.7360866999952	0.0	trigger	n/a	n/a	109	n/a	n/a	n/a	n/a	n/a	n/a	n/a	n/a
3	3	137	possible_button_press	571.2227543000481	0.0	response	n/a	n/a	n/a	n/a	n/a	n/a	n/a	m	m	1	1
3	3	137	fix_cross_after_trial	571.2346850000322	0.9991296666596554	fixation cross	n/a	n/a	94	571.2347280000104	4.299997817724943e-05	n/a	n/a	n/a	n/a	n/a	n/a
3	n/a	n/a	fix_cross_iti	571.2347280000104	0.0	trigger	n/a	n/a	94	n/a	n/a	n/a	n/a	n/a	n/a	n/a	n/a
3	3	138	image	572.2695487000165	0.7638341666936412	image	hammer	hammer_22.jpg	7	572.2696332000196	8.450000314041972e-05	n/a	n/a	n/a	n/a	1	n/a
3	n/a	n/a	image	572.2696332000196	0.0	trigger	n/a	n/a	7	n/a	n/a	n/a	n/a	n/a	n/a	n/a	n/a
3	3	138	word	573.0334028000361	0.5167285666723274	word	Hammer_german	n/a	107	573.0334353999933	3.2599957194179296e-05	n/a	n/a	n/a	n/a	1	n/a
3	n/a	n/a	word	573.0334353999933	0.0	trigger	n/a	n/a	107	n/a	n/a	n/a	n/a	n/a	n/a	n/a	n/a
3	3	138	possible_button_press	574.5255542999948	0.0	response	n/a	n/a	n/a	n/a	n/a	n/a	n/a	m	m	1	1
3	3	138	fix_cross_after_trial	574.5338847000385	0.8341024666481189	fixation cross	n/a	n/a	94	574.5339192000101	3.44999716617167e-05	n/a	n/a	n/a	n/a	n/a	n/a
3	n/a	n/a	fix_cross_iti	574.5339192000101	0.0	trigger	n/a	n/a	94	n/a	n/a	n/a	n/a	n/a	n/a	n/a	n/a
3	3	139	image	575.421184100036	0.7619311666387603	image	bicycle	bicycle_30.jpg	2	575.4212897000252	0.00010559998918324709	n/a	n/a	n/a	n/a	0	n/a
3	n/a	n/a	image	575.4212897000252	0.0	trigger	n/a	n/a	2	n/a	n/a	n/a	n/a	n/a	n/a	n/a	n/a
3	3	139	word	576.1994337000069	0.4825537666949913	word	Hund_german	n/a	105	576.1995012999978	6.75999908708036e-05	n/a	n/a	n/a	n/a	0	n/a
3	n/a	n/a	word	576.1995012999978	0.0	trigger	n/a	n/a	105	n/a	n/a	n/a	n/a	n/a	n/a	n/a	n/a
3	3	139	feedback	577.698880800046	0.0	trigger	n/a	n/a	96	n/a	n/a	n/a	n/a	n/a	n/a	n/a	n/a
3	3	139	possible_button_press	577.902324100025	0.0	response	n/a	n/a	n/a	n/a	n/a	n/a	n/a	m	r	0	0
3	3	139	fix_cross_after_trial	577.9218525000033	1.0543009666764647	fixation cross	n/a	n/a	94	577.9218940000283	4.150002496317029e-05	n/a	n/a	n/a	n/a	n/a	n/a
3	n/a	n/a	fix_cross_iti	577.9218940000283	0.0	trigger	n/a	n/a	94	n/a	n/a	n/a	n/a	n/a	n/a	n/a	n/a
3	3	140	image	579.0024928000057	0.7623219667041212	image	house	house_40.jpg	9	579.0025983999949	0.00010559998918324709	n/a	n/a	n/a	n/a	1	n/a
3	n/a	n/a	image	579.0025983999949	0.0	trigger	n/a	n/a	9	n/a	n/a	n/a	n/a	n/a	n/a	n/a	n/a
3	3	140	word	579.7648321000161	0.5608549666978888	word	Haus_german	n/a	109	579.7648731000372	4.1000021155923605e-05	n/a	n/a	n/a	n/a	1	n/a
3	n/a	n/a	word	579.7648731000372	0.0	trigger	n/a	n/a	109	n/a	n/a	n/a	n/a	n/a	n/a	n/a	n/a
3	3	140	possible_button_press	581.2662599000032	0.0	response	n/a	n/a	n/a	n/a	n/a	n/a	n/a	m	m	1	1
3	3	140	fix_cross_after_trial	581.2806496000267	0.7663120666441046	fixation cross	n/a	n/a	94	581.280670600012	2.099998528137803e-05	n/a	n/a	n/a	n/a	n/a	n/a
3	n/a	n/a	fix_cross_iti	581.280670600012	0.0	trigger	n/a	n/a	94	n/a	n/a	n/a	n/a	n/a	n/a	n/a	n/a
3	3	141	image	582.082844300021	0.7646636666652284	image	bread	bread_12.jpg	3	582.0829125000164	6.819999543949962e-05	n/a	n/a	n/a	n/a	0	n/a
3	n/a	n/a	image	582.0829125000164	0.0	trigger	n/a	n/a	3	n/a	n/a	n/a	n/a	n/a	n/a	n/a	n/a
3	3	141	word	582.8472429999965	0.5161914667153269	word	Hammer_german	n/a	107	582.8472881000489	4.510005237534642e-05	n/a	n/a	n/a	n/a	0	n/a
3	n/a	n/a	word	582.8472881000489	0.0	trigger	n/a	n/a	107	n/a	n/a	n/a	n/a	n/a	n/a	n/a	n/a
3	3	141	feedback	584.3578312000027	0.0	trigger	n/a	n/a	96	n/a	n/a	n/a	n/a	n/a	n/a	n/a	n/a
3	3	141	possible_button_press	584.5491133000469	0.0	response	n/a	n/a	n/a	n/a	n/a	n/a	n/a	m	r	0	0
3	3	141	fix_cross_after_trial	584.5634112000116	0.9331360666585624	fixation cross	n/a	n/a	94	584.5634499000153	3.8700003642588854e-05	n/a	n/a	n/a	n/a	n/a	n/a
3	n/a	n/a	fix_cross_iti	584.5634499000153	0.0	trigger	n/a	n/a	94	n/a	n/a	n/a	n/a	n/a	n/a	n/a	n/a
3	3	142	image	585.549999400042	0.762965566657158	image	house	house_09.jpg	9	585.5501489000162	0.00014949997421354055	n/a	n/a	n/a	n/a	1	n/a
3	n/a	n/a	image	585.5501489000162	0.0	trigger	n/a	n/a	9	n/a	n/a	n/a	n/a	n/a	n/a	n/a	n/a
3	3	142	word	586.3129177000374	0.5526824666342236	word	Haus_german	n/a	109	586.3129633000353	4.5599997974932194e-05	n/a	n/a	n/a	n/a	1	n/a
3	n/a	n/a	word	586.3129633000353	0.0	trigger	n/a	n/a	109	n/a	n/a	n/a	n/a	n/a	n/a	n/a	n/a
3	3	142	possible_button_press	587.8147740000277	0.0	response	n/a	n/a	n/a	n/a	n/a	n/a	n/a	m	m	1	1
3	3	142	fix_cross_after_trial	587.832586100034	0.8126021666723773	fixation cross	n/a	n/a	94	587.8326385000255	5.23999915458262e-05	n/a	n/a	n/a	n/a	n/a	n/a
3	n/a	n/a	fix_cross_iti	587.8326385000255	0.0	trigger	n/a	n/a	94	n/a	n/a	n/a	n/a	n/a	n/a	n/a	n/a
3	3	143	image	588.6641926000011	0.7751156666820407	image	jacket	jacket_15.jpg	10	588.6642620000057	6.940000457689166e-05	n/a	n/a	n/a	n/a	1	n/a
3	n/a	n/a	image	588.6642620000057	0.0	trigger	n/a	n/a	10	n/a	n/a	n/a	n/a	n/a	n/a	n/a	n/a
3	3	143	word	589.4468282000162	0.5327773666979283	word	Jacke_german	n/a	110	589.4468767000362	4.850002005696297e-05	n/a	n/a	n/a	n/a	1	n/a
3	n/a	n/a	word	589.4468767000362	0.0	trigger	n/a	n/a	110	n/a	n/a	n/a	n/a	n/a	n/a	n/a	n/a
3	3	143	possible_button_press	590.9485800000257	0.0	response	n/a	n/a	n/a	n/a	n/a	n/a	n/a	m	m	1	1
3	3	143	fix_cross_after_trial	590.9657258000225	1.2122537666621156	fixation cross	n/a	n/a	94	590.965769500006	4.369998350739479e-05	n/a	n/a	n/a	n/a	n/a	n/a
3	n/a	n/a	fix_cross_iti	590.965769500006	0.0	trigger	n/a	n/a	94	n/a	n/a	n/a	n/a	n/a	n/a	n/a	n/a
3	3	144	image	592.2371168000391	0.7568846666292757	image	hand	hand_25.jpg	8	592.2372099000495	9.310001041740179e-05	n/a	n/a	n/a	n/a	1	n/a
3	n/a	n/a	image	592.2372099000495	0.0	trigger	n/a	n/a	8	n/a	n/a	n/a	n/a	n/a	n/a	n/a	n/a
3	3	144	word	592.9939573000302	0.49930466665341555	word	Hand_german	n/a	108	592.9939892000402	3.190001007169485e-05	n/a	n/a	n/a	n/a	1	n/a
3	n/a	n/a	word	592.9939892000402	0.0	trigger	n/a	n/a	108	n/a	n/a	n/a	n/a	n/a	n/a	n/a	n/a
3	3	144	possible_button_press	594.4955642000423	0.0	response	n/a	n/a	n/a	n/a	n/a	n/a	n/a	m	m	1	1
3	3	144	fix_cross_after_trial	594.5104482000461	1.0913656666564293	fixation cross	n/a	n/a	94	594.5104808000033	3.2599957194179296e-05	n/a	n/a	n/a	n/a	n/a	n/a
3	n/a	n/a	fix_cross_iti	594.5104808000033	0.0	trigger	n/a	n/a	94	n/a	n/a	n/a	n/a	n/a	n/a	n/a	n/a
3	3	145	image	595.6318133000168	0.760921866695071	image	chair	chair_04.jpg	4	595.6318944999948	8.11999780125916e-05	n/a	n/a	n/a	n/a	1	n/a
3	n/a	n/a	image	595.6318944999948	0.0	trigger	n/a	n/a	4	n/a	n/a	n/a	n/a	n/a	n/a	n/a	n/a
3	3	145	word	596.3993489000131	0.5601272666865498	word	Stuhl_german	n/a	104	596.3993904000381	4.150002496317029e-05	n/a	n/a	n/a	n/a	1	n/a
3	n/a	n/a	word	596.3993904000381	0.0	trigger	n/a	n/a	104	n/a	n/a	n/a	n/a	n/a	n/a	n/a	n/a
3	3	145	possible_button_press	597.895279599994	0.0	response	n/a	n/a	n/a	n/a	n/a	n/a	n/a	m	m	1	1
3	3	145	fix_cross_after_trial	597.9090301000397	1.182835566640506	fixation cross	n/a	n/a	94	597.9090702999965	4.0199956856667995e-05	n/a	n/a	n/a	n/a	n/a	n/a
3	n/a	n/a	fix_cross_iti	597.9090702999965	0.0	trigger	n/a	n/a	94	n/a	n/a	n/a	n/a	n/a	n/a	n/a	n/a
3	3	146	image	599.1279040999943	0.7639419666995764	image	dog	dog_06.jpg	5	599.1279725000495	6.84000551700592e-05	n/a	n/a	n/a	n/a	1	n/a
3	n/a	n/a	image	599.1279725000495	0.0	trigger	n/a	n/a	5	n/a	n/a	n/a	n/a	n/a	n/a	n/a	n/a
3	3	146	word	599.8916810000082	0.4990275666971229	word	Hund_german	n/a	105	599.891720900021	3.99000127799809e-05	n/a	n/a	n/a	n/a	1	n/a
3	n/a	n/a	word	599.891720900021	0.0	trigger	n/a	n/a	105	n/a	n/a	n/a	n/a	n/a	n/a	n/a	n/a
3	3	146	possible_button_press	601.393283100042	0.0	response	n/a	n/a	n/a	n/a	n/a	n/a	n/a	m	m	1	1
3	3	146	fix_cross_after_trial	601.4076742000179	0.8162905666433744	fixation cross	n/a	n/a	94	601.4076939999941	1.9799976143985987e-05	n/a	n/a	n/a	n/a	n/a	n/a
3	n/a	n/a	fix_cross_iti	601.4076939999941	0.0	trigger	n/a	n/a	94	n/a	n/a	n/a	n/a	n/a	n/a	n/a	n/a
3	3	147	image	602.305566199997	0.7520317666969731	image	hammer	hammer_23.jpg	7	602.30570180004	0.00013560004299506545	n/a	n/a	n/a	n/a	1	n/a
3	n/a	n/a	image	602.30570180004	0.0	trigger	n/a	n/a	7	n/a	n/a	n/a	n/a	n/a	n/a	n/a	n/a
3	3	147	word	603.0574170000036	0.5170181666655935	word	Hammer_german	n/a	107	603.0574577000225	4.0700018871575594e-05	n/a	n/a	n/a	n/a	1	n/a
3	n/a	n/a	word	603.0574577000225	0.0	trigger	n/a	n/a	107	n/a	n/a	n/a	n/a	n/a	n/a	n/a	n/a
3	3	147	possible_button_press	604.5603890000493	0.0	response	n/a	n/a	n/a	n/a	n/a	n/a	n/a	m	m	1	1
3	3	147	fix_cross_after_trial	604.5738826000015	1.0999947667044125	fixation cross	n/a	n/a	94	604.5739229000174	4.0300015825778246e-05	n/a	n/a	n/a	n/a	n/a	n/a
3	n/a	n/a	fix_cross_iti	604.5739229000174	0.0	trigger	n/a	n/a	94	n/a	n/a	n/a	n/a	n/a	n/a	n/a	n/a
3	3	148	image	605.7369761000155	0.7530216666675642	image	flower	flower_17.jpg	6	605.7371708000428	0.0001947000273503363	n/a	n/a	n/a	n/a	1	n/a
3	n/a	n/a	image	605.7371708000428	0.0	trigger	n/a	n/a	6	n/a	n/a	n/a	n/a	n/a	n/a	n/a	n/a
3	3	148	word	606.5060000999947	0.8857417667206846	word	Blume_german	n/a	106	606.5060511000338	5.100003909319639e-05	n/a	n/a	n/a	n/a	1	n/a
3	n/a	n/a	word	606.5060511000338	0.0	trigger	n/a	n/a	106	n/a	n/a	n/a	n/a	n/a	n/a	n/a	n/a
3	3	148	possible_button_press	607.9920083000325	0.0	response	n/a	n/a	n/a	n/a	n/a	n/a	n/a	m	m	1	1
3	3	148	fix_cross_after_trial	608.0058345000143	1.2329191666833594	fixation cross	n/a	n/a	94	608.0058675000328	3.300001844763756e-05	n/a	n/a	n/a	n/a	n/a	n/a
3	n/a	n/a	fix_cross_iti	608.0058675000328	0.0	trigger	n/a	n/a	94	n/a	n/a	n/a	n/a	n/a	n/a	n/a	n/a
3	3	149	image	609.2590915000183	0.7629617666864306	image	chair	chair_12.jpg	4	609.2591874999925	9.599997429177165e-05	n/a	n/a	n/a	n/a	1	n/a
3	n/a	n/a	image	609.2591874999925	0.0	trigger	n/a	n/a	4	n/a	n/a	n/a	n/a	n/a	n/a	n/a	n/a
3	3	149	word	610.0283029000275	0.5592262666361876	word	Stuhl_german	n/a	104	610.028344899998	4.199997056275606e-05	n/a	n/a	n/a	n/a	1	n/a
3	n/a	n/a	word	610.028344899998	0.0	trigger	n/a	n/a	104	n/a	n/a	n/a	n/a	n/a	n/a	n/a	n/a
3	3	149	possible_button_press	611.5242023000028	0.0	response	n/a	n/a	n/a	n/a	n/a	n/a	n/a	m	m	1	1
3	3	149	fix_cross_after_trial	611.5381605000002	1.21603266668194	fixation cross	n/a	n/a	94	611.5382009000168	4.040001658722758e-05	n/a	n/a	n/a	n/a	n/a	n/a
3	n/a	n/a	fix_cross_iti	611.5382009000168	0.0	trigger	n/a	n/a	94	n/a	n/a	n/a	n/a	n/a	n/a	n/a	n/a
3	3	150	image	612.7737720000441	0.7640137666642204	image	bicycle	bicycle_11.jpg	2	612.7738536000252	8.159998105838895e-05	n/a	n/a	n/a	n/a	1	n/a
3	n/a	n/a	image	612.7738536000252	0.0	trigger	n/a	n/a	2	n/a	n/a	n/a	n/a	n/a	n/a	n/a	n/a
3	3	150	word	613.5445622000261	0.7087268666402906	word	Fahrrad_german	n/a	102	613.5446120999986	4.989997250959277e-05	n/a	n/a	n/a	n/a	1	n/a
3	n/a	n/a	word	613.5446120999986	0.0	trigger	n/a	n/a	102	n/a	n/a	n/a	n/a	n/a	n/a	n/a	n/a
3	3	150	possible_button_press	615.0397363000084	0.0	response	n/a	n/a	n/a	n/a	n/a	n/a	n/a	m	m	1	1
3	3	150	fix_cross_after_trial	615.0535627999925	1.149961466672039	fixation cross	n/a	n/a	94	615.0535985000315	3.570003900676966e-05	n/a	n/a	n/a	n/a	n/a	n/a
3	n/a	n/a	fix_cross_iti	615.0535985000315	0.0	trigger	n/a	n/a	94	n/a	n/a	n/a	n/a	n/a	n/a	n/a	n/a
3	3	150	break_instruction	616.203481500037	15.011877166635031	break	n/a	n/a	81	616.2035276000388	4.610000178217888e-05	n/a	n/a	n/a	n/a	n/a	n/a
3	n/a	n/a	break_start	616.2035276000388	0.0	trigger	n/a	n/a	81	n/a	n/a	n/a	n/a	n/a	n/a	n/a	n/a
3	n/a	n/a	break_end	651.3296699000057	0.0	trigger	n/a	n/a	82	n/a	n/a	n/a	n/a	n/a	n/a	n/a	n/a
3	4	151	image	651.378303800011	0.765539166696044	image	hammer	hammer_06.jpg	7	651.3783813000191	7.750000804662704e-05	n/a	n/a	n/a	n/a	1	n/a
3	n/a	n/a	image	651.3783813000191	0.0	trigger	n/a	n/a	7	n/a	n/a	n/a	n/a	n/a	n/a	n/a	n/a
3	4	151	word	652.1429497000063	0.5153193666521929	word	Hammer_german	n/a	107	652.1429949000012	4.5199994929134846e-05	n/a	n/a	n/a	n/a	1	n/a
3	n/a	n/a	word	652.1429949000012	0.0	trigger	n/a	n/a	107	n/a	n/a	n/a	n/a	n/a	n/a	n/a	n/a
3	4	151	possible_button_press	653.6555720000179	0.0	response	n/a	n/a	n/a	n/a	n/a	n/a	n/a	m	m	1	1
3	4	151	fix_cross_after_trial	653.6789690000005	1.1121740666606001	fixation cross	n/a	n/a	94	653.6790189000312	4.9900030717253685e-05	n/a	n/a	n/a	n/a	n/a	n/a
3	n/a	n/a	fix_cross_iti	653.6790189000312	0.0	trigger	n/a	n/a	94	n/a	n/a	n/a	n/a	n/a	n/a	n/a	n/a
3	4	152	image	654.8606152000139	0.7500707666661128	image	jacket	jacket_37.jpg	10	654.8607318000286	0.00011660001473501325	n/a	n/a	n/a	n/a	1	n/a
3	n/a	n/a	image	654.8607318000286	0.0	trigger	n/a	n/a	10	n/a	n/a	n/a	n/a	n/a	n/a	n/a	n/a
3	4	152	word	655.6238369999919	0.5426545667035043	word	Jacke_german	n/a	110	655.6238863000181	4.930002614855766e-05	n/a	n/a	n/a	n/a	1	n/a
3	n/a	n/a	word	655.6238863000181	0.0	trigger	n/a	n/a	110	n/a	n/a	n/a	n/a	n/a	n/a	n/a	n/a
3	4	152	possible_button_press	657.1110503000091	0.0	response	n/a	n/a	n/a	n/a	n/a	n/a	n/a	m	m	1	1
3	4	152	fix_cross_after_trial	657.1245267000049	1.1326535666632935	fixation cross	n/a	n/a	94	657.1245769000379	5.0200033001601696e-05	n/a	n/a	n/a	n/a	n/a	n/a
3	n/a	n/a	fix_cross_iti	657.1245769000379	0.0	trigger	n/a	n/a	94	n/a	n/a	n/a	n/a	n/a	n/a	n/a	n/a
3	4	153	image	658.2762718000449	0.7632097666539721	image	bicycle	bicycle_40.jpg	2	658.2763568999944	8.509994950145483e-05	n/a	n/a	n/a	n/a	1	n/a
3	n/a	n/a	image	658.2763568999944	0.0	trigger	n/a	n/a	2	n/a	n/a	n/a	n/a	n/a	n/a	n/a	n/a
3	4	153	word	659.0393100000219	0.7171420666893482	word	Fahrrad_german	n/a	102	659.0393517000484	4.1700026486068964e-05	n/a	n/a	n/a	n/a	1	n/a
3	n/a	n/a	word	659.0393517000484	0.0	trigger	n/a	n/a	102	n/a	n/a	n/a	n/a	n/a	n/a	n/a	n/a
3	4	153	possible_button_press	660.5310107000405	0.0	response	n/a	n/a	n/a	n/a	n/a	n/a	n/a	m	m	1	1
3	4	153	fix_cross_after_trial	660.5426836000406	0.8635500666607641	fixation cross	n/a	n/a	94	660.5427617999958	7.819995516911149e-05	n/a	n/a	n/a	n/a	n/a	n/a
3	n/a	n/a	fix_cross_iti	660.5427617999958	0.0	trigger	n/a	n/a	94	n/a	n/a	n/a	n/a	n/a	n/a	n/a	n/a
3	4	154	image	661.4759297000128	0.7631803666629366	image	house	house_33.jpg	9	661.4760711000417	0.00014140002895146608	n/a	n/a	n/a	n/a	1	n/a
3	n/a	n/a	image	661.4760711000417	0.0	trigger	n/a	n/a	9	n/a	n/a	n/a	n/a	n/a	n/a	n/a	n/a
3	4	154	word	662.2383430000045	0.557598966701562	word	Haus_german	n/a	109	662.2383870000485	4.4000043999403715e-05	n/a	n/a	n/a	n/a	1	n/a
3	n/a	n/a	word	662.2383870000485	0.0	trigger	n/a	n/a	109	n/a	n/a	n/a	n/a	n/a	n/a	n/a	n/a
3	4	154	possible_button_press	663.7276697000489	0.0	response	n/a	n/a	n/a	n/a	n/a	n/a	n/a	m	m	1	1
3	4	154	fix_cross_after_trial	663.740817700047	1.1300511666379407	fixation cross	n/a	n/a	94	663.7408831000212	6.539997411891818e-05	n/a	n/a	n/a	n/a	n/a	n/a
3	n/a	n/a	fix_cross_iti	663.7408831000212	0.0	trigger	n/a	n/a	94	n/a	n/a	n/a	n/a	n/a	n/a	n/a	n/a
3	4	155	image	664.8908545000013	0.7539234666658103	image	ball	ball_04.jpg	1	664.89095000003	9.550002869218588e-05	n/a	n/a	n/a	n/a	1	n/a
3	n/a	n/a	image	664.89095000003	0.0	trigger	n/a	n/a	1	n/a	n/a	n/a	n/a	n/a	n/a	n/a	n/a
3	4	155	word	665.662387599994	0.7584169667136393	word	Ball_german	n/a	101	665.6624349000049	4.730001091957092e-05	n/a	n/a	n/a	n/a	1	n/a
3	n/a	n/a	word	665.6624349000049	0.0	trigger	n/a	n/a	101	n/a	n/a	n/a	n/a	n/a	n/a	n/a	n/a
3	4	155	possible_button_press	667.1429802000057	0.0	response	n/a	n/a	n/a	n/a	n/a	n/a	n/a	m	m	1	1
3	4	155	fix_cross_after_trial	667.1562973000109	1.2464856666667856	fixation cross	n/a	n/a	94	667.1563362000161	3.890000516548753e-05	n/a	n/a	n/a	n/a	n/a	n/a
3	n/a	n/a	fix_cross_iti	667.1563362000161	0.0	trigger	n/a	n/a	94	n/a	n/a	n/a	n/a	n/a	n/a	n/a	n/a
3	4	156	image	668.467336200003	0.7522720666640907	image	dog	dog_43.jpg	5	668.4674318000325	9.560002945363522e-05	n/a	n/a	n/a	n/a	1	n/a
3	n/a	n/a	image	668.4674318000325	0.0	trigger	n/a	n/a	5	n/a	n/a	n/a	n/a	n/a	n/a	n/a	n/a
3	4	156	word	669.2194487000233	0.4999829666378446	word	Hund_german	n/a	105	669.2194872000255	3.850000211969018e-05	n/a	n/a	n/a	n/a	1	n/a
3	n/a	n/a	word	669.2194872000255	0.0	trigger	n/a	n/a	105	n/a	n/a	n/a	n/a	n/a	n/a	n/a	n/a
3	4	156	possible_button_press	670.7218610999989	0.0	response	n/a	n/a	n/a	n/a	n/a	n/a	n/a	m	m	1	1
3	4	156	fix_cross_after_trial	670.7356712000328	1.0530378666628621	fixation cross	n/a	n/a	94	670.7357073000167	3.609998384490609e-05	n/a	n/a	n/a	n/a	n/a	n/a
3	n/a	n/a	fix_cross_iti	670.7357073000167	0.0	trigger	n/a	n/a	94	n/a	n/a	n/a	n/a	n/a	n/a	n/a	n/a
3	4	157	image	671.9408311000443	0.760749266661378	image	ball	ball_03.jpg	1	671.9409276000224	9.649997809901834e-05	n/a	n/a	n/a	n/a	1	n/a
3	n/a	n/a	image	671.9409276000224	0.0	trigger	n/a	n/a	1	n/a	n/a	n/a	n/a	n/a	n/a	n/a	n/a
3	4	157	word	672.701935900026	0.781875666642236	word	Ball_german	n/a	101	672.7019963000203	6.0399994254112244e-05	n/a	n/a	n/a	n/a	1	n/a
3	n/a	n/a	word	672.7019963000203	0.0	trigger	n/a	n/a	101	n/a	n/a	n/a	n/a	n/a	n/a	n/a	n/a
3	4	157	possible_button_press	674.1887630000128	0.0	response	n/a	n/a	n/a	n/a	n/a	n/a	n/a	m	m	1	1
3	4	157	fix_cross_after_trial	674.2021843999973	1.2155637666621715	fixation cross	n/a	n/a	94	674.2022435000399	5.9100042562931776e-05	n/a	n/a	n/a	n/a	n/a	n/a
3	n/a	n/a	fix_cross_iti	674.2022435000399	0.0	trigger	n/a	n/a	94	n/a	n/a	n/a	n/a	n/a	n/a	n/a	n/a
3	4	158	image	675.4491105000488	0.7512218666417994	image	chair	chair_06.jpg	4	675.4491922000307	8.169998181983829e-05	n/a	n/a	n/a	n/a	0	n/a
3	n/a	n/a	image	675.4491922000307	0.0	trigger	n/a	n/a	4	n/a	n/a	n/a	n/a	n/a	n/a	n/a	n/a
3	4	158	word	676.2002796000452	0.9168596666461326	word	Brot_german	n/a	103	676.2003078000271	2.8199981898069382e-05	n/a	n/a	n/a	n/a	0	n/a
3	n/a	n/a	word	676.2003078000271	0.0	trigger	n/a	n/a	103	n/a	n/a	n/a	n/a	n/a	n/a	n/a	n/a
3	4	158	feedback	677.716962800012	0.0	trigger	n/a	n/a	96	n/a	n/a	n/a	n/a	n/a	n/a	n/a	n/a
3	4	158	possible_button_press	677.9187467000447	0.0	response	n/a	n/a	n/a	n/a	n/a	n/a	n/a	m	r	0	0
3	4	158	fix_cross_after_trial	677.9330775000271	0.8058626666354485	fixation cross	n/a	n/a	94	677.9331039999961	2.6499968953430653e-05	n/a	n/a	n/a	n/a	n/a	n/a
3	n/a	n/a	fix_cross_iti	677.9331039999961	0.0	trigger	n/a	n/a	94	n/a	n/a	n/a	n/a	n/a	n/a	n/a	n/a
3	4	159	image	678.8266170000425	0.7570737666721925	image	flower	flower_25.jpg	6	678.8267201000126	0.00010309997014701366	n/a	n/a	n/a	n/a	1	n/a
3	n/a	n/a	image	678.8267201000126	0.0	trigger	n/a	n/a	6	n/a	n/a	n/a	n/a	n/a	n/a	n/a	n/a
3	4	159	word	679.5836526000057	0.8986599666570783	word	Blume_german	n/a	106	679.5837254000362	7.280003046616912e-05	n/a	n/a	n/a	n/a	1	n/a
3	n/a	n/a	word	679.5837254000362	0.0	trigger	n/a	n/a	106	n/a	n/a	n/a	n/a	n/a	n/a	n/a	n/a
3	4	159	possible_button_press	681.0844586000312	0.0	response	n/a	n/a	n/a	n/a	n/a	n/a	n/a	m	m	1	1
3	4	159	fix_cross_after_trial	681.0988040000084	0.9019664666886911	fixation cross	n/a	n/a	94	681.0988295000279	2.5500019546598196e-05	n/a	n/a	n/a	n/a	n/a	n/a
3	n/a	n/a	fix_cross_iti	681.0988295000279	0.0	trigger	n/a	n/a	94	n/a	n/a	n/a	n/a	n/a	n/a	n/a	n/a
3	4	160	image	682.0540345000336	0.7613582666419916	image	bread	bread_29.jpg	3	682.0541263000341	9.180000051856041e-05	n/a	n/a	n/a	n/a	1	n/a
3	n/a	n/a	image	682.0541263000341	0.0	trigger	n/a	n/a	3	n/a	n/a	n/a	n/a	n/a	n/a	n/a	n/a
3	4	160	word	682.8160900000366	0.9152561666599013	word	Brot_german	n/a	103	682.8161333000171	4.329998046159744e-05	n/a	n/a	n/a	n/a	1	n/a
3	n/a	n/a	word	682.8161333000171	0.0	trigger	n/a	n/a	103	n/a	n/a	n/a	n/a	n/a	n/a	n/a	n/a
3	4	160	possible_button_press	684.3174171000137	0.0	response	n/a	n/a	n/a	n/a	n/a	n/a	n/a	m	m	1	1
3	4	160	fix_cross_after_trial	684.3314129000064	0.9330878666989975	fixation cross	n/a	n/a	94	684.3314515000093	3.860000288113952e-05	n/a	n/a	n/a	n/a	n/a	n/a
3	n/a	n/a	fix_cross_iti	684.3314515000093	0.0	trigger	n/a	n/a	94	n/a	n/a	n/a	n/a	n/a	n/a	n/a	n/a
3	4	161	image	685.2862069000257	0.7522655666728042	image	dog	dog_35.jpg	5	685.2862961000064	8.919998072087765e-05	n/a	n/a	n/a	n/a	1	n/a
3	n/a	n/a	image	685.2862961000064	0.0	trigger	n/a	n/a	5	n/a	n/a	n/a	n/a	n/a	n/a	n/a	n/a
3	4	161	word	686.0559288000222	0.47479976667477786	word	Hund_german	n/a	105	686.0559768000385	4.800001624971628e-05	n/a	n/a	n/a	n/a	1	n/a
3	n/a	n/a	word	686.0559768000385	0.0	trigger	n/a	n/a	105	n/a	n/a	n/a	n/a	n/a	n/a	n/a	n/a
3	4	161	possible_button_press	687.5377088999958	0.0	response	n/a	n/a	n/a	n/a	n/a	n/a	n/a	m	m	1	1
3	4	161	fix_cross_after_trial	687.5514015000081	1.212133566678176	fixation cross	n/a	n/a	94	687.551440100011	3.860000288113952e-05	n/a	n/a	n/a	n/a	n/a	n/a
3	n/a	n/a	fix_cross_iti	687.551440100011	0.0	trigger	n/a	n/a	94	n/a	n/a	n/a	n/a	n/a	n/a	n/a	n/a
3	4	162	image	688.8009330000496	0.7707477666592695	image	bicycle	bicycle_39.jpg	2	688.8010360000189	0.00010299996938556433	n/a	n/a	n/a	n/a	1	n/a
3	n/a	n/a	image	688.8010360000189	0.0	trigger	n/a	n/a	2	n/a	n/a	n/a	n/a	n/a	n/a	n/a	n/a
3	4	162	word	689.5815716999932	0.7000318666725889	word	Fahrrad_german	n/a	102	689.5816214000224	4.970002919435501e-05	n/a	n/a	n/a	n/a	1	n/a
3	n/a	n/a	word	689.5816214000224	0.0	trigger	n/a	n/a	102	n/a	n/a	n/a	n/a	n/a	n/a	n/a	n/a
3	4	162	possible_button_press	691.0663393000141	0.0	response	n/a	n/a	n/a	n/a	n/a	n/a	n/a	m	m	1	1
3	4	162	fix_cross_after_trial	691.0809799000272	0.7834365666533358	fixation cross	n/a	n/a	94	691.081013899995	3.3999967854470015e-05	n/a	n/a	n/a	n/a	n/a	n/a
3	n/a	n/a	fix_cross_iti	691.081013899995	0.0	trigger	n/a	n/a	94	n/a	n/a	n/a	n/a	n/a	n/a	n/a	n/a
3	4	163	image	691.8992755000363	0.763786866624514	image	chair	chair_24.jpg	4	691.8993609000463	8.540000999346375e-05	n/a	n/a	n/a	n/a	1	n/a
3	n/a	n/a	image	691.8993609000463	0.0	trigger	n/a	n/a	4	n/a	n/a	n/a	n/a	n/a	n/a	n/a	n/a
3	4	163	word	692.6636926000356	0.5679941666351169	word	Stuhl_german	n/a	104	692.6637248000479	3.220001235604286e-05	n/a	n/a	n/a	n/a	1	n/a
3	n/a	n/a	word	692.6637248000479	0.0	trigger	n/a	n/a	104	n/a	n/a	n/a	n/a	n/a	n/a	n/a	n/a
3	4	163	possible_button_press	694.1648588000098	0.0	response	n/a	n/a	n/a	n/a	n/a	n/a	n/a	m	m	1	1
3	4	163	fix_cross_after_trial	694.1794766000239	1.0016739666500598	fixation cross	n/a	n/a	94	694.1795104000485	3.3800024539232254e-05	n/a	n/a	n/a	n/a	n/a	n/a
3	n/a	n/a	fix_cross_iti	694.1795104000485	0.0	trigger	n/a	n/a	94	n/a	n/a	n/a	n/a	n/a	n/a	n/a	n/a
3	4	164	image	695.2149701000308	0.7662396666748919	image	hammer	hammer_17.jpg	7	695.2150622000336	9.210000280290842e-05	n/a	n/a	n/a	n/a	1	n/a
3	n/a	n/a	image	695.2150622000336	0.0	trigger	n/a	n/a	7	n/a	n/a	n/a	n/a	n/a	n/a	n/a	n/a
3	4	164	word	695.9943566000438	0.5011817666274965	word	Hammer_german	n/a	107	695.9944009000319	4.429998807609081e-05	n/a	n/a	n/a	n/a	1	n/a
3	n/a	n/a	word	695.9944009000319	0.0	trigger	n/a	n/a	107	n/a	n/a	n/a	n/a	n/a	n/a	n/a	n/a
3	4	164	possible_button_press	697.4897496000049	0.0	response	n/a	n/a	n/a	n/a	n/a	n/a	n/a	m	m	1	1
3	4	164	fix_cross_after_trial	697.5101931000245	0.8357344666767403	fixation cross	n/a	n/a	94	697.510228500003	3.539997851476073e-05	n/a	n/a	n/a	n/a	n/a	n/a
3	n/a	n/a	fix_cross_iti	697.510228500003	0.0	trigger	n/a	n/a	94	n/a	n/a	n/a	n/a	n/a	n/a	n/a	n/a
3	4	165	image	698.3977102999925	0.7628249666925058	image	bread	bread_24.jpg	3	698.3978109000018	0.00010060000931844115	n/a	n/a	n/a	n/a	1	n/a
3	n/a	n/a	image	698.3978109000018	0.0	trigger	n/a	n/a	3	n/a	n/a	n/a	n/a	n/a	n/a	n/a	n/a
3	4	165	word	699.1607676999993	0.9323801666653253	word	Brot_german	n/a	103	699.1608232000144	5.5500015150755644e-05	n/a	n/a	n/a	n/a	1	n/a
3	n/a	n/a	word	699.1608232000144	0.0	trigger	n/a	n/a	103	n/a	n/a	n/a	n/a	n/a	n/a	n/a	n/a
3	4	165	possible_button_press	700.654040399997	0.0	response	n/a	n/a	n/a	n/a	n/a	n/a	n/a	m	m	1	1
3	4	165	fix_cross_after_trial	700.6783100000466	1.1977388666166462	fixation cross	n/a	n/a	94	700.6783548000385	4.47999918833375e-05	n/a	n/a	n/a	n/a	n/a	n/a
3	n/a	n/a	fix_cross_iti	700.6783548000385	0.0	trigger	n/a	n/a	94	n/a	n/a	n/a	n/a	n/a	n/a	n/a	n/a
3	4	166	image	701.8965234000352	0.7516514666533567	image	jacket	jacket_41.jpg	10	701.8966674000258	0.00014399999054148793	n/a	n/a	n/a	n/a	0	n/a
3	n/a	n/a	image	701.8966674000258	0.0	trigger	n/a	n/a	10	n/a	n/a	n/a	n/a	n/a	n/a	n/a	n/a
3	4	166	word	702.6626991000376	0.47929716663588806	word	Hand_german	n/a	108	702.662758600025	5.949998740106821e-05	n/a	n/a	n/a	n/a	0	n/a
3	n/a	n/a	word	702.662758600025	0.0	trigger	n/a	n/a	108	n/a	n/a	n/a	n/a	n/a	n/a	n/a	n/a
3	4	166	feedback	704.1584806000465	0.0	trigger	n/a	n/a	96	n/a	n/a	n/a	n/a	n/a	n/a	n/a	n/a
3	4	166	possible_button_press	704.3500541000394	0.0	response	n/a	n/a	n/a	n/a	n/a	n/a	n/a	m	r	0	0
3	4	166	fix_cross_after_trial	704.36518230004	1.242437666635169	fixation cross	n/a	n/a	94	704.3652308000019	4.8499961849302053e-05	n/a	n/a	n/a	n/a	n/a	n/a
3	n/a	n/a	fix_cross_iti	704.3652308000019	0.0	trigger	n/a	n/a	94	n/a	n/a	n/a	n/a	n/a	n/a	n/a	n/a
3	4	167	image	705.6281619000365	0.7629509666624017	image	house	house_38.jpg	9	705.628249100002	8.719996549189091e-05	n/a	n/a	n/a	n/a	1	n/a
3	n/a	n/a	image	705.628249100002	0.0	trigger	n/a	n/a	9	n/a	n/a	n/a	n/a	n/a	n/a	n/a	n/a
3	4	167	word	706.3912048999919	0.5494794666922189	word	Haus_german	n/a	109	706.3912430000491	3.8100057281553745e-05	n/a	n/a	n/a	n/a	1	n/a
3	n/a	n/a	word	706.3912430000491	0.0	trigger	n/a	n/a	109	n/a	n/a	n/a	n/a	n/a	n/a	n/a	n/a
3	4	167	possible_button_press	707.8929362000199	0.0	response	n/a	n/a	n/a	n/a	n/a	n/a	n/a	m	m	1	1
3	4	167	fix_cross_after_trial	707.9069168000133	0.7832202666943431	fixation cross	n/a	n/a	94	707.9069362000446	1.9400031305849552e-05	n/a	n/a	n/a	n/a	n/a	n/a
3	n/a	n/a	fix_cross_iti	707.9069362000446	0.0	trigger	n/a	n/a	94	n/a	n/a	n/a	n/a	n/a	n/a	n/a	n/a
3	4	168	image	708.7268478000187	0.763166566674272	image	jacket	jacket_28.jpg	10	708.726929299999	8.149998029693961e-05	n/a	n/a	n/a	n/a	1	n/a
3	n/a	n/a	image	708.726929299999	0.0	trigger	n/a	n/a	10	n/a	n/a	n/a	n/a	n/a	n/a	n/a	n/a
3	4	168	word	709.4900436000316	0.5493664666466884	word	Jacke_german	n/a	110	709.4900842000498	4.060001811012626e-05	n/a	n/a	n/a	n/a	1	n/a
3	n/a	n/a	word	709.4900842000498	0.0	trigger	n/a	n/a	110	n/a	n/a	n/a	n/a	n/a	n/a	n/a	n/a
3	4	168	possible_button_press	710.9766720000189	0.0	response	n/a	n/a	n/a	n/a	n/a	n/a	n/a	m	m	1	1
3	4	168	fix_cross_after_trial	710.9906304000178	1.1316294666651174	fixation cross	n/a	n/a	94	710.9906703000306	3.99000127799809e-05	n/a	n/a	n/a	n/a	n/a	n/a
3	n/a	n/a	fix_cross_iti	710.9906703000306	0.0	trigger	n/a	n/a	94	n/a	n/a	n/a	n/a	n/a	n/a	n/a	n/a
3	4	169	image	712.1592541999999	0.7634021666638091	image	flower	flower_30.jpg	6	712.159322099993	6.78999931551516e-05	n/a	n/a	n/a	n/a	1	n/a
3	n/a	n/a	image	712.159322099993	0.0	trigger	n/a	n/a	6	n/a	n/a	n/a	n/a	n/a	n/a	n/a	n/a
3	4	169	word	712.9227325000102	0.9000280666552953	word	Blume_german	n/a	106	712.922795600025	6.310001481324434e-05	n/a	n/a	n/a	n/a	1	n/a
3	n/a	n/a	word	712.922795600025	0.0	trigger	n/a	n/a	106	n/a	n/a	n/a	n/a	n/a	n/a	n/a	n/a
3	4	169	possible_button_press	714.4105878000264	0.0	response	n/a	n/a	n/a	n/a	n/a	n/a	n/a	m	m	1	1
3	4	169	fix_cross_after_trial	714.4218314000173	1.134372566655884	fixation cross	n/a	n/a	94	714.4218664999935	3.509997623041272e-05	n/a	n/a	n/a	n/a	n/a	n/a
3	n/a	n/a	fix_cross_iti	714.4218664999935	0.0	trigger	n/a	n/a	94	n/a	n/a	n/a	n/a	n/a	n/a	n/a	n/a
3	4	170	image	715.5774843000108	0.7635916666515641	image	bicycle	bicycle_06.jpg	2	715.5775772000197	9.290000889450312e-05	n/a	n/a	n/a	n/a	1	n/a
3	n/a	n/a	image	715.5775772000197	0.0	trigger	n/a	n/a	2	n/a	n/a	n/a	n/a	n/a	n/a	n/a	n/a
3	4	170	word	716.3437950999942	0.7113799667024523	word	Fahrrad_german	n/a	102	716.3438460000325	5.0900038331747055e-05	n/a	n/a	n/a	n/a	1	n/a
3	n/a	n/a	word	716.3438460000325	0.0	trigger	n/a	n/a	102	n/a	n/a	n/a	n/a	n/a	n/a	n/a	n/a
3	4	170	possible_button_press	717.8409931000206	0.0	response	n/a	n/a	n/a	n/a	n/a	n/a	n/a	m	m	1	1
3	4	170	fix_cross_after_trial	717.8555503000389	0.9816978666387968	fixation cross	n/a	n/a	94	717.8555930000148	4.269997589290142e-05	n/a	n/a	n/a	n/a	n/a	n/a
3	n/a	n/a	fix_cross_iti	717.8555930000148	0.0	trigger	n/a	n/a	94	n/a	n/a	n/a	n/a	n/a	n/a	n/a	n/a
3	4	171	image	718.8738545000087	0.7631462666943207	image	bread	bread_04.jpg	3	718.8739397000172	8.520000847056508e-05	n/a	n/a	n/a	n/a	1	n/a
3	n/a	n/a	image	718.8739397000172	0.0	trigger	n/a	n/a	3	n/a	n/a	n/a	n/a	n/a	n/a	n/a	n/a
3	4	171	word	719.6370014999993	0.9162576666606128	word	Brot_german	n/a	103	719.6370360000292	3.450002986937761e-05	n/a	n/a	n/a	n/a	1	n/a
3	n/a	n/a	word	719.6370360000292	0.0	trigger	n/a	n/a	103	n/a	n/a	n/a	n/a	n/a	n/a	n/a	n/a
3	4	171	possible_button_press	721.1277867000317	0.0	response	n/a	n/a	n/a	n/a	n/a	n/a	n/a	m	m	1	1
3	4	171	fix_cross_after_trial	721.1414779000334	1.194554466641648	fixation cross	n/a	n/a	94	721.1415225000237	4.4599990360438824e-05	n/a	n/a	n/a	n/a	n/a	n/a
3	n/a	n/a	fix_cross_iti	721.1415225000237	0.0	trigger	n/a	n/a	94	n/a	n/a	n/a	n/a	n/a	n/a	n/a	n/a
3	4	172	image	722.3565884000272	0.7626429666454442	image	bicycle	bicycle_08.jpg	2	722.3566630000132	7.459998596459627e-05	n/a	n/a	n/a	n/a	0	n/a
3	n/a	n/a	image	722.3566630000132	0.0	trigger	n/a	n/a	2	n/a	n/a	n/a	n/a	n/a	n/a	n/a	n/a
3	4	172	word	723.1199071000447	0.5504824666461445	word	Haus_german	n/a	109	723.1199667000328	5.959998816251755e-05	n/a	n/a	n/a	n/a	0	n/a
3	n/a	n/a	word	723.1199667000328	0.0	trigger	n/a	n/a	109	n/a	n/a	n/a	n/a	n/a	n/a	n/a	n/a
3	4	172	feedback	724.6654805000289	0.0	trigger	n/a	n/a	96	n/a	n/a	n/a	n/a	n/a	n/a	n/a	n/a
3	4	172	possible_button_press	724.8405505000264	0.0	response	n/a	n/a	n/a	n/a	n/a	n/a	n/a	m	r	0	0
3	4	172	fix_cross_after_trial	724.852535300015	1.0160363666984722	fixation cross	n/a	n/a	94	724.8525802000077	4.4899992644786835e-05	n/a	n/a	n/a	n/a	n/a	n/a
3	n/a	n/a	fix_cross_iti	724.8525802000077	0.0	trigger	n/a	n/a	94	n/a	n/a	n/a	n/a	n/a	n/a	n/a	n/a
3	4	173	image	725.9218247000244	0.7494463666846514	image	hand	hand_03.jpg	8	725.9219441000023	0.00011939997784793377	n/a	n/a	n/a	n/a	1	n/a
3	n/a	n/a	image	725.9219441000023	0.0	trigger	n/a	n/a	8	n/a	n/a	n/a	n/a	n/a	n/a	n/a	n/a
3	4	173	word	726.6848938000039	0.49158666667449324	word	Hand_german	n/a	108	726.6849549000035	6.10999995842576e-05	n/a	n/a	n/a	n/a	1	n/a
3	n/a	n/a	word	726.6849549000035	0.0	trigger	n/a	n/a	108	n/a	n/a	n/a	n/a	n/a	n/a	n/a	n/a
3	4	173	possible_button_press	728.1618143999949	0.0	response	n/a	n/a	n/a	n/a	n/a	n/a	n/a	m	m	1	1
3	4	173	fix_cross_after_trial	728.184888400021	1.1680857666690372	fixation cross	n/a	n/a	94	728.1849407000118	5.229999078437686e-05	n/a	n/a	n/a	n/a	n/a	n/a
3	n/a	n/a	fix_cross_iti	728.1849407000118	0.0	trigger	n/a	n/a	94	n/a	n/a	n/a	n/a	n/a	n/a	n/a	n/a
3	4	174	image	729.4066497000167	0.7683201666843615	image	chair	chair_34.jpg	4	729.4068225999945	0.00017289997776970267	n/a	n/a	n/a	n/a	1	n/a
3	n/a	n/a	image	729.4068225999945	0.0	trigger	n/a	n/a	4	n/a	n/a	n/a	n/a	n/a	n/a	n/a	n/a
3	4	174	word	730.1900319000124	0.5597588666753381	word	Stuhl_german	n/a	104	730.1901281000464	9.620003402233124e-05	n/a	n/a	n/a	n/a	1	n/a
3	n/a	n/a	word	730.1901281000464	0.0	trigger	n/a	n/a	104	n/a	n/a	n/a	n/a	n/a	n/a	n/a	n/a
3	4	174	possible_button_press	731.6690279000322	0.0	response	n/a	n/a	n/a	n/a	n/a	n/a	n/a	m	m	1	1
3	4	174	fix_cross_after_trial	731.6832257000497	1.1327162666168533	fixation cross	n/a	n/a	94	731.6832556000445	2.989999484270811e-05	n/a	n/a	n/a	n/a	n/a	n/a
3	n/a	n/a	fix_cross_iti	731.6832556000445	0.0	trigger	n/a	n/a	94	n/a	n/a	n/a	n/a	n/a	n/a	n/a	n/a
3	4	175	image	732.8523930000374	0.7636626666683242	image	hammer	hammer_37.jpg	7	732.8524793999968	8.639995940029621e-05	n/a	n/a	n/a	n/a	1	n/a
3	n/a	n/a	image	732.8524793999968	0.0	trigger	n/a	n/a	7	n/a	n/a	n/a	n/a	n/a	n/a	n/a	n/a
3	4	175	word	733.6157697000308	0.5166329666428737	word	Hammer_german	n/a	107	733.6158047000063	3.4999975468963385e-05	n/a	n/a	n/a	n/a	1	n/a
3	n/a	n/a	word	733.6158047000063	0.0	trigger	n/a	n/a	107	n/a	n/a	n/a	n/a	n/a	n/a	n/a	n/a
3	4	175	possible_button_press	735.1053064000444	0.0	response	n/a	n/a	n/a	n/a	n/a	n/a	n/a	m	m	1	1
3	4	175	fix_cross_after_trial	735.1153486000258	0.8008263666454241	fixation cross	n/a	n/a	94	735.1153888000408	4.020001506432891e-05	n/a	n/a	n/a	n/a	n/a	n/a
3	n/a	n/a	fix_cross_iti	735.1153888000408	0.0	trigger	n/a	n/a	94	n/a	n/a	n/a	n/a	n/a	n/a	n/a	n/a
3	4	176	image	736.0350617000367	0.7630515666717201	image	flower	flower_44.jpg	6	736.0351609000354	9.919999865815043e-05	n/a	n/a	n/a	n/a	1	n/a
3	n/a	n/a	image	736.0351609000354	0.0	trigger	n/a	n/a	6	n/a	n/a	n/a	n/a	n/a	n/a	n/a	n/a
3	4	176	word	736.7981030000374	0.8995443666392475	word	Blume_german	n/a	106	736.7981321000261	2.9099988751113415e-05	n/a	n/a	n/a	n/a	1	n/a
3	n/a	n/a	word	736.7981321000261	0.0	trigger	n/a	n/a	106	n/a	n/a	n/a	n/a	n/a	n/a	n/a	n/a
3	4	176	possible_button_press	738.2894739000476	0.0	response	n/a	n/a	n/a	n/a	n/a	n/a	n/a	m	m	1	1
3	4	176	fix_cross_after_trial	738.2976131000323	1.1331022666456647	fixation cross	n/a	n/a	94	738.2976469999994	3.389996709302068e-05	n/a	n/a	n/a	n/a	n/a	n/a
3	n/a	n/a	fix_cross_iti	738.2976469999994	0.0	trigger	n/a	n/a	94	n/a	n/a	n/a	n/a	n/a	n/a	n/a	n/a
3	4	177	image	739.4899901000317	0.7570277666711718	image	hand	hand_21.jpg	8	739.4901506000315	0.0001604999997653067	n/a	n/a	n/a	n/a	1	n/a
3	n/a	n/a	image	739.4901506000315	0.0	trigger	n/a	n/a	8	n/a	n/a	n/a	n/a	n/a	n/a	n/a	n/a
3	4	177	word	740.2469744000118	0.4861514666738458	word	Hand_german	n/a	108	740.2470021000481	2.770003629848361e-05	n/a	n/a	n/a	n/a	1	n/a
3	n/a	n/a	word	740.2470021000481	0.0	trigger	n/a	n/a	108	n/a	n/a	n/a	n/a	n/a	n/a	n/a	n/a
3	4	177	possible_button_press	741.7429044000455	0.0	response	n/a	n/a	n/a	n/a	n/a	n/a	n/a	m	m	1	1
3	4	177	fix_cross_after_trial	741.7629411999951	1.0001014666670471	fixation cross	n/a	n/a	94	741.7629780000425	3.6800047382712364e-05	n/a	n/a	n/a	n/a	n/a	n/a
3	n/a	n/a	fix_cross_iti	741.7629780000425	0.0	trigger	n/a	n/a	94	n/a	n/a	n/a	n/a	n/a	n/a	n/a	n/a
3	4	178	image	742.7996010000352	0.7634788666657641	image	ball	ball_34.jpg	1	742.7996834000223	8.239998714998364e-05	n/a	n/a	n/a	n/a	1	n/a
3	n/a	n/a	image	742.7996834000223	0.0	trigger	n/a	n/a	1	n/a	n/a	n/a	n/a	n/a	n/a	n/a	n/a
3	4	178	word	743.5627010000171	0.7825052666632928	word	Ball_german	n/a	101	743.5627393000177	3.8300000596791506e-05	n/a	n/a	n/a	n/a	1	n/a
3	n/a	n/a	word	743.5627393000177	0.0	trigger	n/a	n/a	101	n/a	n/a	n/a	n/a	n/a	n/a	n/a	n/a
3	4	178	possible_button_press	745.0647442000336	0.0	response	n/a	n/a	n/a	n/a	n/a	n/a	n/a	m	m	1	1
3	4	178	fix_cross_after_trial	745.0785344000324	0.8838225666588642	fixation cross	n/a	n/a	94	745.0785572000314	2.2799998987466097e-05	n/a	n/a	n/a	n/a	n/a	n/a
3	n/a	n/a	fix_cross_iti	745.0785572000314	0.0	trigger	n/a	n/a	94	n/a	n/a	n/a	n/a	n/a	n/a	n/a	n/a
3	4	179	image	746.0325268000015	0.7623288666984536	image	dog	dog_12.jpg	5	746.0326355000143	0.00010870001278817654	n/a	n/a	n/a	n/a	1	n/a
3	n/a	n/a	image	746.0326355000143	0.0	trigger	n/a	n/a	5	n/a	n/a	n/a	n/a	n/a	n/a	n/a	n/a
3	4	179	word	746.7949414000032	0.4833737667106561	word	Hund_german	n/a	105	746.7949757000315	3.430002834647894e-05	n/a	n/a	n/a	n/a	1	n/a
3	n/a	n/a	word	746.7949757000315	0.0	trigger	n/a	n/a	105	n/a	n/a	n/a	n/a	n/a	n/a	n/a	n/a
3	4	179	possible_button_press	748.28073150001	0.0	response	n/a	n/a	n/a	n/a	n/a	n/a	n/a	m	m	1	1
3	4	179	fix_cross_after_trial	748.2945992000168	0.8457496666853785	fixation cross	n/a	n/a	94	748.2946414000471	4.220003029331565e-05	n/a	n/a	n/a	n/a	n/a	n/a
3	n/a	n/a	fix_cross_iti	748.2946414000471	0.0	trigger	n/a	n/a	94	n/a	n/a	n/a	n/a	n/a	n/a	n/a	n/a
3	4	180	image	749.1673870999948	0.7619474667046688	image	hammer	hammer_13.jpg	7	749.167484500038	9.740004315972328e-05	n/a	n/a	n/a	n/a	1	n/a
3	n/a	n/a	image	749.167484500038	0.0	trigger	n/a	n/a	7	n/a	n/a	n/a	n/a	n/a	n/a	n/a	n/a
3	4	180	word	749.9444603000302	0.5159995666510895	word	Hammer_german	n/a	107	749.9445783999981	0.00011809996794909239	n/a	n/a	n/a	n/a	1	n/a
3	n/a	n/a	word	749.9445783999981	0.0	trigger	n/a	n/a	107	n/a	n/a	n/a	n/a	n/a	n/a	n/a	n/a
3	4	180	possible_button_press	751.4424826000468	0.0	response	n/a	n/a	n/a	n/a	n/a	n/a	n/a	m	m	1	1
3	4	180	fix_cross_after_trial	751.4622734000441	0.7894074666585311	fixation cross	n/a	n/a	94	751.4623167000245	4.329998046159744e-05	n/a	n/a	n/a	n/a	n/a	n/a
3	n/a	n/a	fix_cross_iti	751.4623167000245	0.0	trigger	n/a	n/a	94	n/a	n/a	n/a	n/a	n/a	n/a	n/a	n/a
3	4	181	image	752.2964221000439	0.763426766618295	image	flower	flower_39.jpg	6	752.2965241000056	0.00010199996177107096	n/a	n/a	n/a	n/a	1	n/a
3	n/a	n/a	image	752.2965241000056	0.0	trigger	n/a	n/a	6	n/a	n/a	n/a	n/a	n/a	n/a	n/a	n/a
3	4	181	word	753.0597650000127	0.8994196666792504	word	Blume_german	n/a	106	753.0598019000026	3.689998993650079e-05	n/a	n/a	n/a	n/a	1	n/a
3	n/a	n/a	word	753.0598019000026	0.0	trigger	n/a	n/a	106	n/a	n/a	n/a	n/a	n/a	n/a	n/a	n/a
3	4	181	possible_button_press	754.5623788000084	0.0	response	n/a	n/a	n/a	n/a	n/a	n/a	n/a	m	m	1	1
3	4	181	fix_cross_after_trial	754.5760787000181	1.0829370666799605	fixation cross	n/a	n/a	94	754.5761143999989	3.5699980799108744e-05	n/a	n/a	n/a	n/a	n/a	n/a
3	n/a	n/a	fix_cross_iti	754.5761143999989	0.0	trigger	n/a	n/a	94	n/a	n/a	n/a	n/a	n/a	n/a	n/a	n/a
3	4	182	image	755.7602842000197	0.7649216666507073	image	house	house_48.jpg	9	755.7604078000295	0.00012360000982880592	n/a	n/a	n/a	n/a	1	n/a
3	n/a	n/a	image	755.7604078000295	0.0	trigger	n/a	n/a	9	n/a	n/a	n/a	n/a	n/a	n/a	n/a	n/a
3	4	182	word	756.5252814000123	0.5496448666710876	word	Haus_german	n/a	109	756.52531430003	3.290001768618822e-05	n/a	n/a	n/a	n/a	1	n/a
3	n/a	n/a	word	756.52531430003	0.0	trigger	n/a	n/a	109	n/a	n/a	n/a	n/a	n/a	n/a	n/a	n/a
3	4	182	possible_button_press	758.0274975000066	0.0	response	n/a	n/a	n/a	n/a	n/a	n/a	n/a	m	m	1	1
3	4	182	fix_cross_after_trial	758.0414526000386	1.1829624666754626	fixation cross	n/a	n/a	94	758.0414922000491	3.960001049563289e-05	n/a	n/a	n/a	n/a	n/a	n/a
3	n/a	n/a	fix_cross_iti	758.0414922000491	0.0	trigger	n/a	n/a	94	n/a	n/a	n/a	n/a	n/a	n/a	n/a	n/a
3	4	183	image	759.2971622000332	0.7601771666707009	image	bread	bread_43.jpg	3	759.2972597000189	9.74999857135117e-05	n/a	n/a	n/a	n/a	0	n/a
3	n/a	n/a	image	759.2972597000189	0.0	trigger	n/a	n/a	3	n/a	n/a	n/a	n/a	n/a	n/a	n/a	n/a
3	4	183	word	760.0573433000245	0.7910794666424863	word	Ball_german	n/a	101	760.0573716000072	2.829998265951872e-05	n/a	n/a	n/a	n/a	0	n/a
3	n/a	n/a	word	760.0573716000072	0.0	trigger	n/a	n/a	101	n/a	n/a	n/a	n/a	n/a	n/a	n/a	n/a
3	4	183	feedback	761.5737724000355	0.0	trigger	n/a	n/a	96	n/a	n/a	n/a	n/a	n/a	n/a	n/a	n/a
3	4	183	possible_button_press	761.7681300000404	0.0	response	n/a	n/a	n/a	n/a	n/a	n/a	n/a	m	r	0	0
3	4	183	fix_cross_after_trial	761.7900186000043	0.7665996666803494	fixation cross	n/a	n/a	94	761.7900584000163	3.980001201853156e-05	n/a	n/a	n/a	n/a	n/a	n/a
3	n/a	n/a	fix_cross_iti	761.7900584000163	0.0	trigger	n/a	n/a	94	n/a	n/a	n/a	n/a	n/a	n/a	n/a	n/a
3	4	184	image	762.6111652000109	0.7620094666528985	image	hand	hand_46.jpg	8	762.6112417000113	7.650000043213367e-05	n/a	n/a	n/a	n/a	1	n/a
3	n/a	n/a	image	762.6112417000113	0.0	trigger	n/a	n/a	8	n/a	n/a	n/a	n/a	n/a	n/a	n/a	n/a
3	4	184	word	763.3734728000127	0.4826773666466124	word	Hand_german	n/a	108	763.3735144000384	4.160002572461963e-05	n/a	n/a	n/a	n/a	1	n/a
3	n/a	n/a	word	763.3735144000384	0.0	trigger	n/a	n/a	108	n/a	n/a	n/a	n/a	n/a	n/a	n/a	n/a
3	4	184	possible_button_press	764.8757582000108	0.0	response	n/a	n/a	n/a	n/a	n/a	n/a	n/a	m	m	1	1
3	4	184	fix_cross_after_trial	764.8901353999972	0.9491290666667282	fixation cross	n/a	n/a	94	764.8901706000324	3.520003519952297e-05	n/a	n/a	n/a	n/a	n/a	n/a
3	n/a	n/a	fix_cross_iti	764.8901706000324	0.0	trigger	n/a	n/a	94	n/a	n/a	n/a	n/a	n/a	n/a	n/a	n/a
3	4	185	image	765.9108501000446	0.7613015666177034	image	chair	chair_47.jpg	4	765.9109511999995	0.00010109995491802692	n/a	n/a	n/a	n/a	1	n/a
3	n/a	n/a	image	765.9109511999995	0.0	trigger	n/a	n/a	4	n/a	n/a	n/a	n/a	n/a	n/a	n/a	n/a
3	4	185	word	766.6720733999973	0.5663363667010799	word	Stuhl_german	n/a	104	766.6721141000162	4.0700018871575594e-05	n/a	n/a	n/a	n/a	1	n/a
3	n/a	n/a	word	766.6721141000162	0.0	trigger	n/a	n/a	104	n/a	n/a	n/a	n/a	n/a	n/a	n/a	n/a
3	4	185	possible_button_press	768.1589846000425	0.0	response	n/a	n/a	n/a	n/a	n/a	n/a	n/a	m	m	1	1
3	4	185	fix_cross_after_trial	768.172068600019	1.2294144666559532	fixation cross	n/a	n/a	94	768.1721130000078	4.439998883754015e-05	n/a	n/a	n/a	n/a	n/a	n/a
3	n/a	n/a	fix_cross_iti	768.1721130000078	0.0	trigger	n/a	n/a	94	n/a	n/a	n/a	n/a	n/a	n/a	n/a	n/a
3	4	186	image	769.4772804999957	0.7604679666731045	image	dog	dog_49.jpg	5	769.477376600029	9.61000332608819e-05	n/a	n/a	n/a	n/a	1	n/a
3	n/a	n/a	image	769.477376600029	0.0	trigger	n/a	n/a	5	n/a	n/a	n/a	n/a	n/a	n/a	n/a	n/a
3	4	186	word	770.2375303000445	0.48892696662028357	word	Hund_german	n/a	105	770.2375604000408	3.0099996365606785e-05	n/a	n/a	n/a	n/a	1	n/a
3	n/a	n/a	word	770.2375604000408	0.0	trigger	n/a	n/a	105	n/a	n/a	n/a	n/a	n/a	n/a	n/a	n/a
3	4	186	possible_button_press	771.7249849000364	0.0	response	n/a	n/a	n/a	n/a	n/a	n/a	n/a	m	m	1	1
3	4	186	fix_cross_after_trial	771.7383920000284	1.1813216666380413	fixation cross	n/a	n/a	94	771.7384558000485	6.38000201433897e-05	n/a	n/a	n/a	n/a	n/a	n/a
3	n/a	n/a	fix_cross_iti	771.7384558000485	0.0	trigger	n/a	n/a	94	n/a	n/a	n/a	n/a	n/a	n/a	n/a	n/a
3	4	187	image	772.9796294000116	0.7569872666538231	image	hammer	hammer_19.jpg	7	772.9797237000312	9.430001955479383e-05	n/a	n/a	n/a	n/a	1	n/a
3	n/a	n/a	image	772.9797237000312	0.0	trigger	n/a	n/a	7	n/a	n/a	n/a	n/a	n/a	n/a	n/a	n/a
3	4	187	word	773.7364773000008	0.5162490666882604	word	Hammer_german	n/a	107	773.7365097000147	3.2400013878941536e-05	n/a	n/a	n/a	n/a	1	n/a
3	n/a	n/a	word	773.7365097000147	0.0	trigger	n/a	n/a	107	n/a	n/a	n/a	n/a	n/a	n/a	n/a	n/a
3	4	187	possible_button_press	775.2385650000069	0.0	response	n/a	n/a	n/a	n/a	n/a	n/a	n/a	m	m	1	1
3	4	187	fix_cross_after_trial	775.2524237000034	1.0998831666695423	fixation cross	n/a	n/a	94	775.2524497000268	2.600002335384488e-05	n/a	n/a	n/a	n/a	n/a	n/a
3	n/a	n/a	fix_cross_iti	775.2524497000268	0.0	trigger	n/a	n/a	94	n/a	n/a	n/a	n/a	n/a	n/a	n/a	n/a
3	4	188	image	776.4055370000424	0.7550418666253336	image	bread	bread_27.jpg	3	776.4056267000269	8.969998452812433e-05	n/a	n/a	n/a	n/a	1	n/a
3	n/a	n/a	image	776.4056267000269	0.0	trigger	n/a	n/a	3	n/a	n/a	n/a	n/a	n/a	n/a	n/a	n/a
3	4	188	word	777.1685599000193	0.9164177666573323	word	Brot_german	n/a	103	777.1686240000417	6.410002242773771e-05	n/a	n/a	n/a	n/a	1	n/a
3	n/a	n/a	word	777.1686240000417	0.0	trigger	n/a	n/a	103	n/a	n/a	n/a	n/a	n/a	n/a	n/a	n/a
3	4	188	possible_button_press	778.6551136000198	0.0	response	n/a	n/a	n/a	n/a	n/a	n/a	n/a	m	m	1	1
3	4	188	fix_cross_after_trial	778.6698477000464	1.033801066634851	fixation cross	n/a	n/a	94	778.6698829000234	3.519997699186206e-05	n/a	n/a	n/a	n/a	n/a	n/a
3	n/a	n/a	fix_cross_iti	778.6698829000234	0.0	trigger	n/a	n/a	94	n/a	n/a	n/a	n/a	n/a	n/a	n/a	n/a
3	4	189	image	779.7397615000373	0.7638994666669987	image	hand	hand_33.jpg	8	779.7398564000032	9.489996591582894e-05	n/a	n/a	n/a	n/a	1	n/a
3	n/a	n/a	image	779.7398564000032	0.0	trigger	n/a	n/a	8	n/a	n/a	n/a	n/a	n/a	n/a	n/a	n/a
3	4	189	word	780.5029581999988	0.48742366669853254	word	Hand_german	n/a	108	780.5030048000044	4.6600005589425564e-05	n/a	n/a	n/a	n/a	1	n/a
3	n/a	n/a	word	780.5030048000044	0.0	trigger	n/a	n/a	108	n/a	n/a	n/a	n/a	n/a	n/a	n/a	n/a
3	4	189	possible_button_press	781.9920088000363	0.0	response	n/a	n/a	n/a	n/a	n/a	n/a	n/a	m	m	1	1
3	4	189	fix_cross_after_trial	782.0016498000477	0.7988514666251376	fixation cross	n/a	n/a	94	782.0016862000339	3.63999861292541e-05	n/a	n/a	n/a	n/a	n/a	n/a
3	n/a	n/a	fix_cross_iti	782.0016862000339	0.0	trigger	n/a	n/a	94	n/a	n/a	n/a	n/a	n/a	n/a	n/a	n/a
3	4	190	image	782.8366838000366	0.7638582666443199	image	flower	flower_28.jpg	6	782.8367535000434	6.970000686123967e-05	n/a	n/a	n/a	n/a	1	n/a
3	n/a	n/a	image	782.8367535000434	0.0	trigger	n/a	n/a	6	n/a	n/a	n/a	n/a	n/a	n/a	n/a	n/a
3	4	190	word	783.6003577000229	0.8991748666778676	word	Blume_german	n/a	106	783.600390400039	3.270001616328955e-05	n/a	n/a	n/a	n/a	1	n/a
3	n/a	n/a	word	783.600390400039	0.0	trigger	n/a	n/a	106	n/a	n/a	n/a	n/a	n/a	n/a	n/a	n/a
3	4	190	possible_button_press	785.102514200029	0.0	response	n/a	n/a	n/a	n/a	n/a	n/a	n/a	m	m	1	1
3	4	190	fix_cross_after_trial	785.1166071000043	1.2000313666687816	fixation cross	n/a	n/a	94	785.1166360000498	2.8900045435875654e-05	n/a	n/a	n/a	n/a	n/a	n/a
3	n/a	n/a	fix_cross_iti	785.1166360000498	0.0	trigger	n/a	n/a	94	n/a	n/a	n/a	n/a	n/a	n/a	n/a	n/a
3	4	191	image	786.3357556000119	0.763961466673436	image	house	house_12.jpg	9	786.3358235000051	6.78999931551516e-05	n/a	n/a	n/a	n/a	1	n/a
3	n/a	n/a	image	786.3358235000051	0.0	trigger	n/a	n/a	9	n/a	n/a	n/a	n/a	n/a	n/a	n/a	n/a
3	4	191	word	787.0994791000267	0.5489007666512862	word	Haus_german	n/a	109	787.0995165000204	3.739999374374747e-05	n/a	n/a	n/a	n/a	1	n/a
3	n/a	n/a	word	787.0995165000204	0.0	trigger	n/a	n/a	109	n/a	n/a	n/a	n/a	n/a	n/a	n/a	n/a
3	4	191	possible_button_press	788.601558400027	0.0	response	n/a	n/a	n/a	n/a	n/a	n/a	n/a	m	m	1	1
3	4	191	fix_cross_after_trial	788.6155037000426	0.749794666659227	fixation cross	n/a	n/a	94	788.6155279999948	2.429995220154524e-05	n/a	n/a	n/a	n/a	n/a	n/a
3	n/a	n/a	fix_cross_iti	788.6155279999948	0.0	trigger	n/a	n/a	94	n/a	n/a	n/a	n/a	n/a	n/a	n/a	n/a
3	4	192	image	789.4516506000073	0.7634465666526467	image	ball	ball_15.jpg	1	789.4517664000159	0.00011580000864341855	n/a	n/a	n/a	n/a	1	n/a
3	n/a	n/a	image	789.4517664000159	0.0	trigger	n/a	n/a	1	n/a	n/a	n/a	n/a	n/a	n/a	n/a	n/a
3	4	192	word	790.2149243000313	0.782609966645623	word	Ball_german	n/a	101	790.2149550000322	3.070000093430281e-05	n/a	n/a	n/a	n/a	1	n/a
3	n/a	n/a	word	790.2149550000322	0.0	trigger	n/a	n/a	101	n/a	n/a	n/a	n/a	n/a	n/a	n/a	n/a
3	4	192	possible_button_press	791.7015167000354	0.0	response	n/a	n/a	n/a	n/a	n/a	n/a	n/a	m	m	1	1
3	4	192	fix_cross_after_trial	791.7152394000441	1.2532840666283391	fixation cross	n/a	n/a	94	791.7152978000231	5.8399979025125504e-05	n/a	n/a	n/a	n/a	n/a	n/a
3	n/a	n/a	fix_cross_iti	791.7152978000231	0.0	trigger	n/a	n/a	94	n/a	n/a	n/a	n/a	n/a	n/a	n/a	n/a
3	4	193	image	793.0017791000428	0.7620668666243091	image	chair	chair_36.jpg	4	793.0018665000098	8.739996701478958e-05	n/a	n/a	n/a	n/a	1	n/a
3	n/a	n/a	image	793.0018665000098	0.0	trigger	n/a	n/a	4	n/a	n/a	n/a	n/a	n/a	n/a	n/a	n/a
3	4	193	word	793.7638664999977	0.5666274667057678	word	Stuhl_german	n/a	104	793.7639005000237	3.400002606213093e-05	n/a	n/a	n/a	n/a	1	n/a
3	n/a	n/a	word	793.7639005000237	0.0	trigger	n/a	n/a	104	n/a	n/a	n/a	n/a	n/a	n/a	n/a	n/a
3	4	193	possible_button_press	795.267610400042	0.0	response	n/a	n/a	n/a	n/a	n/a	n/a	n/a	m	m	1	1
3	4	193	fix_cross_after_trial	795.2808474000194	0.7993188666916922	fixation cross	n/a	n/a	94	795.2808855000185	3.809999907389283e-05	n/a	n/a	n/a	n/a	n/a	n/a
3	n/a	n/a	fix_cross_iti	795.2808855000185	0.0	trigger	n/a	n/a	94	n/a	n/a	n/a	n/a	n/a	n/a	n/a	n/a
3	4	194	image	796.0991845999961	0.7638445667146243	image	bicycle	bicycle_46.jpg	2	796.0992756000487	9.100005263462663e-05	n/a	n/a	n/a	n/a	1	n/a
3	n/a	n/a	image	796.0992756000487	0.0	trigger	n/a	n/a	2	n/a	n/a	n/a	n/a	n/a	n/a	n/a	n/a
3	4	194	word	796.8631349000498	0.7154673666266262	word	Fahrrad_german	n/a	102	796.8631786000333	4.369998350739479e-05	n/a	n/a	n/a	n/a	1	n/a
3	n/a	n/a	word	796.8631786000333	0.0	trigger	n/a	n/a	102	n/a	n/a	n/a	n/a	n/a	n/a	n/a	n/a
3	4	194	possible_button_press	798.3658264999976	0.0	response	n/a	n/a	n/a	n/a	n/a	n/a	n/a	m	m	1	1
3	4	194	fix_cross_after_trial	798.3793986000237	1.2337395666438624	fixation cross	n/a	n/a	94	798.3794277000125	2.9099988751113415e-05	n/a	n/a	n/a	n/a	n/a	n/a
3	n/a	n/a	fix_cross_iti	798.3794277000125	0.0	trigger	n/a	n/a	94	n/a	n/a	n/a	n/a	n/a	n/a	n/a	n/a
3	4	195	image	799.6491259000031	0.7640872667000167	image	dog	dog_28.jpg	5	799.6492129000253	8.700002217665315e-05	n/a	n/a	n/a	n/a	1	n/a
3	n/a	n/a	image	799.6492129000253	0.0	trigger	n/a	n/a	5	n/a	n/a	n/a	n/a	n/a	n/a	n/a	n/a
3	4	195	word	800.41314650001	0.49777846667370795	word	Hund_german	n/a	105	800.413187600032	4.110002191737294e-05	n/a	n/a	n/a	n/a	1	n/a
3	n/a	n/a	word	800.413187600032	0.0	trigger	n/a	n/a	105	n/a	n/a	n/a	n/a	n/a	n/a	n/a	n/a
3	4	195	possible_button_press	801.9149157000356	0.0	response	n/a	n/a	n/a	n/a	n/a	n/a	n/a	m	m	1	1
3	4	195	fix_cross_after_trial	801.9295850000344	1.1810099666511178	fixation cross	n/a	n/a	94	801.9296520000207	6.699998630210757e-05	n/a	n/a	n/a	n/a	n/a	n/a
3	n/a	n/a	fix_cross_iti	801.9296520000207	0.0	trigger	n/a	n/a	94	n/a	n/a	n/a	n/a	n/a	n/a	n/a	n/a
3	4	196	image	803.1472726000356	0.7652518666620836	image	jacket	jacket_07.jpg	10	803.1473845000146	0.00011189997894689441	n/a	n/a	n/a	n/a	1	n/a
3	n/a	n/a	image	803.1473845000146	0.0	trigger	n/a	n/a	10	n/a	n/a	n/a	n/a	n/a	n/a	n/a	n/a
3	4	196	word	803.9266528000007	0.5337159666853495	word	Jacke_german	n/a	110	803.9266983999987	4.5599997974932194e-05	n/a	n/a	n/a	n/a	1	n/a
3	n/a	n/a	word	803.9266983999987	0.0	trigger	n/a	n/a	110	n/a	n/a	n/a	n/a	n/a	n/a	n/a	n/a
3	4	196	possible_button_press	805.402151300048	0.0	response	n/a	n/a	n/a	n/a	n/a	n/a	n/a	m	m	1	1
3	4	196	fix_cross_after_trial	805.4106023000204	1.0825716666915923	fixation cross	n/a	n/a	94	805.4106362000457	3.390002530068159e-05	n/a	n/a	n/a	n/a	n/a	n/a
3	n/a	n/a	fix_cross_iti	805.4106362000457	0.0	trigger	n/a	n/a	94	n/a	n/a	n/a	n/a	n/a	n/a	n/a	n/a
3	4	197	image	806.5800624000258	0.7629958666550465	image	ball	ball_11.jpg	1	806.5801506999996	8.829997386783361e-05	n/a	n/a	n/a	n/a	0	n/a
3	n/a	n/a	image	806.5801506999996	0.0	trigger	n/a	n/a	1	n/a	n/a	n/a	n/a	n/a	n/a	n/a	n/a
3	4	197	word	807.3429664000287	0.9006820666875228	word	Blume_german	n/a	106	807.3430034000194	3.6999990697950125e-05	n/a	n/a	n/a	n/a	0	n/a
3	n/a	n/a	word	807.3430034000194	0.0	trigger	n/a	n/a	106	n/a	n/a	n/a	n/a	n/a	n/a	n/a	n/a
3	4	197	feedback	808.8590758999926	0.0	trigger	n/a	n/a	96	n/a	n/a	n/a	n/a	n/a	n/a	n/a	n/a
3	4	197	possible_button_press	809.0613730000332	0.0	response	n/a	n/a	n/a	n/a	n/a	n/a	n/a	m	r	0	0
3	4	197	fix_cross_after_trial	809.0755723000038	0.9673300666656814	fixation cross	n/a	n/a	94	809.0755989000318	2.6600027922540903e-05	n/a	n/a	n/a	n/a	n/a	n/a
3	n/a	n/a	fix_cross_iti	809.0755989000318	0.0	trigger	n/a	n/a	94	n/a	n/a	n/a	n/a	n/a	n/a	n/a	n/a
3	4	198	image	810.0628973999992	0.7624701666684359	image	jacket	jacket_36.jpg	10	810.06298290001	8.550001075491309e-05	n/a	n/a	n/a	n/a	1	n/a
3	n/a	n/a	image	810.06298290001	0.0	trigger	n/a	n/a	10	n/a	n/a	n/a	n/a	n/a	n/a	n/a	n/a
3	4	198	word	810.8252108000452	0.5329767666446514	word	Jacke_german	n/a	110	810.8252438000054	3.2999960239976645e-05	n/a	n/a	n/a	n/a	1	n/a
3	n/a	n/a	word	810.8252438000054	0.0	trigger	n/a	n/a	110	n/a	n/a	n/a	n/a	n/a	n/a	n/a	n/a
3	4	198	possible_button_press	812.3270609000465	0.0	response	n/a	n/a	n/a	n/a	n/a	n/a	n/a	m	m	1	1
3	4	198	fix_cross_after_trial	812.3414097000496	1.0328780666498005	fixation cross	n/a	n/a	94	812.3414354000124	2.5699962861835957e-05	n/a	n/a	n/a	n/a	n/a	n/a
3	n/a	n/a	fix_cross_iti	812.3414354000124	0.0	trigger	n/a	n/a	94	n/a	n/a	n/a	n/a	n/a	n/a	n/a	n/a
3	4	199	image	813.3937881000456	0.7639501666455999	image	hand	hand_31.jpg	8	813.3938803000492	9.220000356435776e-05	n/a	n/a	n/a	n/a	1	n/a
3	n/a	n/a	image	813.3938803000492	0.0	trigger	n/a	n/a	8	n/a	n/a	n/a	n/a	n/a	n/a	n/a	n/a
3	4	199	word	814.157755799999	0.4994076666810088	word	Hand_german	n/a	108	814.1577992000384	4.340003943070769e-05	n/a	n/a	n/a	n/a	1	n/a
3	n/a	n/a	word	814.1577992000384	0.0	trigger	n/a	n/a	108	n/a	n/a	n/a	n/a	n/a	n/a	n/a	n/a
3	4	199	possible_button_press	815.6601357000181	0.0	response	n/a	n/a	n/a	n/a	n/a	n/a	n/a	m	m	1	1
3	4	199	fix_cross_after_trial	815.6738643000135	0.9996921666936487	fixation cross	n/a	n/a	94	815.6738970000297	3.270001616328955e-05	n/a	n/a	n/a	n/a	n/a	n/a
3	n/a	n/a	fix_cross_iti	815.6738970000297	0.0	trigger	n/a	n/a	94	n/a	n/a	n/a	n/a	n/a	n/a	n/a	n/a
3	4	200	image	816.7298253000481	0.7599974666411526	image	house	house_43.jpg	9	816.7299146000296	8.929998148232698e-05	n/a	n/a	n/a	n/a	1	n/a
3	n/a	n/a	image	816.7299146000296	0.0	trigger	n/a	n/a	9	n/a	n/a	n/a	n/a	n/a	n/a	n/a	n/a
3	4	200	word	817.489827900019	0.549189466695907	word	Haus_german	n/a	109	817.4898814000189	5.3499999921768904e-05	n/a	n/a	n/a	n/a	1	n/a
3	n/a	n/a	word	817.4898814000189	0.0	trigger	n/a	n/a	109	n/a	n/a	n/a	n/a	n/a	n/a	n/a	n/a
3	4	200	possible_button_press	818.9923169999965	0.0	response	n/a	n/a	n/a	n/a	n/a	n/a	n/a	m	m	1	1
3	4	200	fix_cross_after_trial	819.0060733000282	0.9494561666544996	fixation cross	n/a	n/a	94	819.0061035000253	3.0199997127056122e-05	n/a	n/a	n/a	n/a	n/a	n/a
3	n/a	n/a	fix_cross_iti	819.0061035000253	0.0	trigger	n/a	n/a	94	n/a	n/a	n/a	n/a	n/a	n/a	n/a	n/a
3	4	200	break_instruction	819.9555968000204	15.012253166645905	break	n/a	n/a	81	819.955626400013	2.95999925583601e-05	n/a	n/a	n/a	n/a	n/a	n/a
3	n/a	n/a	break_start	819.955626400013	0.0	trigger	n/a	n/a	81	n/a	n/a	n/a	n/a	n/a	n/a	n/a	n/a
3	n/a	n/a	break_end	842.2683776000049	0.0	trigger	n/a	n/a	82	n/a	n/a	n/a	n/a	n/a	n/a	n/a	n/a
3	5	201	image	842.3207672000281	0.7609180666661359	image	chair	chair_04.jpg	4	842.3208492000122	8.19999841041863e-05	n/a	n/a	n/a	n/a	1	n/a
3	n/a	n/a	image	842.3208492000122	0.0	trigger	n/a	n/a	4	n/a	n/a	n/a	n/a	n/a	n/a	n/a	n/a
3	5	201	word	843.0818479000009	0.5655937666927002	word	Stuhl_german	n/a	104	843.0818890000228	4.110002191737294e-05	n/a	n/a	n/a	n/a	1	n/a
3	n/a	n/a	word	843.0818890000228	0.0	trigger	n/a	n/a	104	n/a	n/a	n/a	n/a	n/a	n/a	n/a	n/a
3	5	201	possible_button_press	844.5688570000348	0.0	response	n/a	n/a	n/a	n/a	n/a	n/a	n/a	m	m	1	1
3	5	201	fix_cross_after_trial	844.5830355000217	0.9821602666672788	fixation cross	n/a	n/a	94	844.5830787000014	4.3199979700148106e-05	n/a	n/a	n/a	n/a	n/a	n/a
3	n/a	n/a	fix_cross_iti	844.5830787000014	0.0	trigger	n/a	n/a	94	n/a	n/a	n/a	n/a	n/a	n/a	n/a	n/a
3	5	202	image	845.6386499000364	0.7679469666366003	image	hammer	hammer_23.jpg	7	845.6387416000362	9.169999975711107e-05	n/a	n/a	n/a	n/a	1	n/a
3	n/a	n/a	image	845.6387416000362	0.0	trigger	n/a	n/a	7	n/a	n/a	n/a	n/a	n/a	n/a	n/a	n/a
3	5	202	word	846.4134138000081	0.5198361667028166	word	Hammer_german	n/a	107	846.4134567000438	4.290003562346101e-05	n/a	n/a	n/a	n/a	1	n/a
3	n/a	n/a	word	846.4134567000438	0.0	trigger	n/a	n/a	107	n/a	n/a	n/a	n/a	n/a	n/a	n/a	n/a
3	5	202	possible_button_press	847.9022773000179	0.0	response	n/a	n/a	n/a	n/a	n/a	n/a	n/a	m	m	1	1
3	5	202	fix_cross_after_trial	847.9155988999992	0.9138759666859642	fixation cross	n/a	n/a	94	847.9156308000092	3.190001007169485e-05	n/a	n/a	n/a	n/a	n/a	n/a
3	n/a	n/a	fix_cross_iti	847.9156308000092	0.0	trigger	n/a	n/a	94	n/a	n/a	n/a	n/a	n/a	n/a	n/a	n/a
3	5	203	image	848.8667222000076	0.762947766696243	image	chair	chair_24.jpg	4	848.8667887000483	6.65000407025218e-05	n/a	n/a	n/a	n/a	1	n/a
3	n/a	n/a	image	848.8667887000483	0.0	trigger	n/a	n/a	4	n/a	n/a	n/a	n/a	n/a	n/a	n/a	n/a
3	5	203	word	849.6292906000162	0.5662238666593566	word	Stuhl_german	n/a	104	849.6293269000016	3.6299985367804766e-05	n/a	n/a	n/a	n/a	1	n/a
3	n/a	n/a	word	849.6293269000016	0.0	trigger	n/a	n/a	104	n/a	n/a	n/a	n/a	n/a	n/a	n/a	n/a
3	5	203	possible_button_press	851.1179551000241	0.0	response	n/a	n/a	n/a	n/a	n/a	n/a	n/a	m	m	1	1
3	5	203	fix_cross_after_trial	851.134853800002	1.0939959666613959	fixation cross	n/a	n/a	94	851.1348985999939	4.47999918833375e-05	n/a	n/a	n/a	n/a	n/a	n/a
3	n/a	n/a	fix_cross_iti	851.1348985999939	0.0	trigger	n/a	n/a	94	n/a	n/a	n/a	n/a	n/a	n/a	n/a	n/a
3	5	204	image	852.3046256999951	0.7632257667175963	image	flower	flower_44.jpg	6	852.304727300012	0.00010160001693293452	n/a	n/a	n/a	n/a	1	n/a
3	n/a	n/a	image	852.304727300012	0.0	trigger	n/a	n/a	6	n/a	n/a	n/a	n/a	n/a	n/a	n/a	n/a
3	5	204	word	853.0780134000233	0.8827624666776046	word	Blume_german	n/a	106	853.078077400045	6.400002166628838e-05	n/a	n/a	n/a	n/a	1	n/a
3	n/a	n/a	word	853.078077400045	0.0	trigger	n/a	n/a	106	n/a	n/a	n/a	n/a	n/a	n/a	n/a	n/a
3	5	204	possible_button_press	854.5548437000252	0.0	response	n/a	n/a	n/a	n/a	n/a	n/a	n/a	m	m	1	1
3	5	204	fix_cross_after_trial	854.5676341000362	0.7764421666545331	fixation cross	n/a	n/a	94	854.5676703000208	3.619998460635543e-05	n/a	n/a	n/a	n/a	n/a	n/a
3	n/a	n/a	fix_cross_iti	854.5676703000208	0.0	trigger	n/a	n/a	94	n/a	n/a	n/a	n/a	n/a	n/a	n/a	n/a
3	5	205	image	855.3824120000354	0.7720032666732095	image	hand	hand_21.jpg	8	855.382495900034	8.38999985717237e-05	n/a	n/a	n/a	n/a	1	n/a
3	n/a	n/a	image	855.382495900034	0.0	trigger	n/a	n/a	8	n/a	n/a	n/a	n/a	n/a	n/a	n/a	n/a
3	5	205	word	856.1790367999929	0.48124996672072484	word	Hand_german	n/a	108	856.1791052000481	6.84000551700592e-05	n/a	n/a	n/a	n/a	1	n/a
3	n/a	n/a	word	856.1791052000481	0.0	trigger	n/a	n/a	108	n/a	n/a	n/a	n/a	n/a	n/a	n/a	n/a
3	5	205	possible_button_press	857.6482694000006	0.0	response	n/a	n/a	n/a	n/a	n/a	n/a	n/a	m	m	1	1
3	5	205	fix_cross_after_trial	857.6605757999932	0.9493176667058378	fixation cross	n/a	n/a	94	857.6606103000231	3.450002986937761e-05	n/a	n/a	n/a	n/a	n/a	n/a
3	n/a	n/a	fix_cross_iti	857.6606103000231	0.0	trigger	n/a	n/a	94	n/a	n/a	n/a	n/a	n/a	n/a	n/a	n/a
3	5	206	image	858.6632326000254	0.7628916666765235	image	flower	flower_24.jpg	6	858.6633330000332	0.00010040000779554248	n/a	n/a	n/a	n/a	1	n/a
3	n/a	n/a	image	858.6633330000332	0.0	trigger	n/a	n/a	6	n/a	n/a	n/a	n/a	n/a	n/a	n/a	n/a
3	5	206	word	859.4262126000249	0.9006801666730553	word	Blume_german	n/a	106	859.4262565000099	4.3899985030293465e-05	n/a	n/a	n/a	n/a	1	n/a
3	n/a	n/a	word	859.4262565000099	0.0	trigger	n/a	n/a	106	n/a	n/a	n/a	n/a	n/a	n/a	n/a	n/a
3	5	206	possible_button_press	860.9145190000418	0.0	response	n/a	n/a	n/a	n/a	n/a	n/a	n/a	m	m	1	1
3	5	206	fix_cross_after_trial	860.9256853000261	0.9994154666821942	fixation cross	n/a	n/a	94	860.9257225000183	3.71999922208488e-05	n/a	n/a	n/a	n/a	n/a	n/a
3	n/a	n/a	fix_cross_iti	860.9257225000183	0.0	trigger	n/a	n/a	94	n/a	n/a	n/a	n/a	n/a	n/a	n/a	n/a
3	5	207	image	861.9451651000418	0.7642926666342191	image	jacket	jacket_16.jpg	10	861.9452481000335	8.299999171867967e-05	n/a	n/a	n/a	n/a	1	n/a
3	n/a	n/a	image	861.9452481000335	0.0	trigger	n/a	n/a	10	n/a	n/a	n/a	n/a	n/a	n/a	n/a	n/a
3	5	207	word	862.7087092000293	0.5342305666456468	word	Jacke_german	n/a	110	862.708771500038	6.230000872164965e-05	n/a	n/a	n/a	n/a	1	n/a
3	n/a	n/a	word	862.708771500038	0.0	trigger	n/a	n/a	110	n/a	n/a	n/a	n/a	n/a	n/a	n/a	n/a
3	5	207	possible_button_press	864.2005231000367	0.0	response	n/a	n/a	n/a	n/a	n/a	n/a	n/a	m	m	1	1
3	5	207	fix_cross_after_trial	864.2080440000282	1.1556298666439488	fixation cross	n/a	n/a	94	864.2080832000356	3.920000744983554e-05	n/a	n/a	n/a	n/a	n/a	n/a
3	n/a	n/a	fix_cross_iti	864.2080832000356	0.0	trigger	n/a	n/a	94	n/a	n/a	n/a	n/a	n/a	n/a	n/a	n/a
3	5	208	image	865.3772594000329	0.7635157666557006	image	hand	hand_19.jpg	8	865.3773193000234	5.989999044686556e-05	n/a	n/a	n/a	n/a	1	n/a
3	n/a	n/a	image	865.3773193000234	0.0	trigger	n/a	n/a	8	n/a	n/a	n/a	n/a	n/a	n/a	n/a	n/a
3	5	208	word	866.1406827000319	0.49930486665493845	word	Hand_german	n/a	108	866.140716599999	3.389996709302068e-05	n/a	n/a	n/a	n/a	1	n/a
3	n/a	n/a	word	866.140716599999	0.0	trigger	n/a	n/a	108	n/a	n/a	n/a	n/a	n/a	n/a	n/a	n/a
3	5	208	possible_button_press	867.6312651000335	0.0	response	n/a	n/a	n/a	n/a	n/a	n/a	n/a	m	m	1	1
3	5	208	fix_cross_after_trial	867.6486324000289	1.1908126666714907	fixation cross	n/a	n/a	94	867.6486913000117	5.889998283237219e-05	n/a	n/a	n/a	n/a	n/a	n/a
3	n/a	n/a	fix_cross_iti	867.6486913000117	0.0	trigger	n/a	n/a	94	n/a	n/a	n/a	n/a	n/a	n/a	n/a	n/a
3	5	209	image	868.8600147000398	0.762803366644448	image	bicycle	bicycle_20.jpg	2	868.8600912000402	7.650000043213367e-05	n/a	n/a	n/a	n/a	0	n/a
3	n/a	n/a	image	868.8600912000402	0.0	trigger	n/a	n/a	2	n/a	n/a	n/a	n/a	n/a	n/a	n/a	n/a
3	5	209	word	869.6229247000301	0.9162850666364193	word	Brot_german	n/a	103	869.6229598000064	3.509997623041272e-05	n/a	n/a	n/a	n/a	0	n/a
3	n/a	n/a	word	869.6229598000064	0.0	trigger	n/a	n/a	103	n/a	n/a	n/a	n/a	n/a	n/a	n/a	n/a
3	5	209	feedback	871.1392321000458	0.0	trigger	n/a	n/a	96	n/a	n/a	n/a	n/a	n/a	n/a	n/a	n/a
3	5	209	possible_button_press	871.3409274000442	0.0	response	n/a	n/a	n/a	n/a	n/a	n/a	n/a	m	r	0	0
3	5	209	fix_cross_after_trial	871.3553178000147	0.7834767666684002	fixation cross	n/a	n/a	94	871.3553404000122	2.2599997464567423e-05	n/a	n/a	n/a	n/a	n/a	n/a
3	n/a	n/a	fix_cross_iti	871.3553404000122	0.0	trigger	n/a	n/a	94	n/a	n/a	n/a	n/a	n/a	n/a	n/a	n/a
3	5	210	image	872.1958598000347	0.7593611666272864	image	dog	dog_49.jpg	5	872.1959387999959	7.899996126070619e-05	n/a	n/a	n/a	n/a	1	n/a
3	n/a	n/a	image	872.1959387999959	0.0	trigger	n/a	n/a	5	n/a	n/a	n/a	n/a	n/a	n/a	n/a	n/a
3	5	210	word	872.955303900002	0.4992038667007819	word	Hund_german	n/a	105	872.9553485999932	4.469999112188816e-05	n/a	n/a	n/a	n/a	1	n/a
3	n/a	n/a	word	872.9553485999932	0.0	trigger	n/a	n/a	105	n/a	n/a	n/a	n/a	n/a	n/a	n/a	n/a
3	5	210	possible_button_press	874.4568460000446	0.0	response	n/a	n/a	n/a	n/a	n/a	n/a	n/a	m	m	1	1
3	5	210	fix_cross_after_trial	874.471474800026	1.0833533666484527	fixation cross	n/a	n/a	94	874.4715108000091	3.5999983083456755e-05	n/a	n/a	n/a	n/a	n/a	n/a
3	n/a	n/a	fix_cross_iti	874.4715108000091	0.0	trigger	n/a	n/a	94	n/a	n/a	n/a	n/a	n/a	n/a	n/a	n/a
3	5	211	image	875.5758754000417	0.7614135666556194	image	jacket	jacket_37.jpg	10	875.5759642000194	8.87999776750803e-05	n/a	n/a	n/a	n/a	1	n/a
3	n/a	n/a	image	875.5759642000194	0.0	trigger	n/a	n/a	10	n/a	n/a	n/a	n/a	n/a	n/a	n/a	n/a
3	5	211	word	876.3373701000237	0.5493725666349292	word	Jacke_german	n/a	110	876.3373960000463	2.5900022592395544e-05	n/a	n/a	n/a	n/a	1	n/a
3	n/a	n/a	word	876.3373960000463	0.0	trigger	n/a	n/a	110	n/a	n/a	n/a	n/a	n/a	n/a	n/a	n/a
3	5	211	possible_button_press	877.8294146000408	0.0	response	n/a	n/a	n/a	n/a	n/a	n/a	n/a	m	m	1	1
3	5	211	fix_cross_after_trial	877.8370810000342	1.165905566657102	fixation cross	n/a	n/a	94	877.8371178000234	3.679998917505145e-05	n/a	n/a	n/a	n/a	n/a	n/a
3	n/a	n/a	fix_cross_iti	877.8371178000234	0.0	trigger	n/a	n/a	94	n/a	n/a	n/a	n/a	n/a	n/a	n/a	n/a
3	5	212	image	879.0649874000228	0.7549995666524865	image	bread	bread_42.jpg	3	879.0650864000199	9.899999713525176e-05	n/a	n/a	n/a	n/a	1	n/a
3	n/a	n/a	image	879.0650864000199	0.0	trigger	n/a	n/a	3	n/a	n/a	n/a	n/a	n/a	n/a	n/a	n/a
3	5	212	word	879.8195659000194	0.9229993666560858	word	Brot_german	n/a	103	879.8195921000442	2.6200024876743555e-05	n/a	n/a	n/a	n/a	1	n/a
3	n/a	n/a	word	879.8195921000442	0.0	trigger	n/a	n/a	103	n/a	n/a	n/a	n/a	n/a	n/a	n/a	n/a
3	5	212	possible_button_press	881.321908300044	0.0	response	n/a	n/a	n/a	n/a	n/a	n/a	n/a	m	m	1	1
3	5	212	fix_cross_after_trial	881.3355453000404	0.9832455666658007	fixation cross	n/a	n/a	94	881.3355655000196	2.0199979189783335e-05	n/a	n/a	n/a	n/a	n/a	n/a
3	n/a	n/a	fix_cross_iti	881.3355655000196	0.0	trigger	n/a	n/a	94	n/a	n/a	n/a	n/a	n/a	n/a	n/a	n/a
3	5	213	image	882.3560946999933	0.7623266666817017	image	dog	dog_12.jpg	5	882.3561629000469	6.820005364716053e-05	n/a	n/a	n/a	n/a	1	n/a
3	n/a	n/a	image	882.3561629000469	0.0	trigger	n/a	n/a	5	n/a	n/a	n/a	n/a	n/a	n/a	n/a	n/a
3	5	213	word	883.1184990000329	0.4873134666743226	word	Hund_german	n/a	105	883.118524199992	2.519995905458927e-05	n/a	n/a	n/a	n/a	1	n/a
3	n/a	n/a	word	883.118524199992	0.0	trigger	n/a	n/a	105	n/a	n/a	n/a	n/a	n/a	n/a	n/a	n/a
3	5	213	possible_button_press	884.6205337000429	0.0	response	n/a	n/a	n/a	n/a	n/a	n/a	n/a	m	m	1	1
3	5	213	fix_cross_after_trial	884.6348655000329	0.7828479666534349	fixation cross	n/a	n/a	94	884.634897400043	3.190001007169485e-05	n/a	n/a	n/a	n/a	n/a	n/a
3	n/a	n/a	fix_cross_iti	884.634897400043	0.0	trigger	n/a	n/a	94	n/a	n/a	n/a	n/a	n/a	n/a	n/a	n/a
3	5	214	image	885.4375802000286	0.7633669666868172	image	chair	chair_12.jpg	4	885.4376582000405	7.800001185387373e-05	n/a	n/a	n/a	n/a	0	n/a
3	n/a	n/a	image	885.4376582000405	0.0	trigger	n/a	n/a	4	n/a	n/a	n/a	n/a	n/a	n/a	n/a	n/a
3	5	214	word	886.2009611999965	0.5397696666807406	word	Jacke_german	n/a	110	886.2009857000085	2.4500011932104826e-05	n/a	n/a	n/a	n/a	0	n/a
3	n/a	n/a	word	886.2009857000085	0.0	trigger	n/a	n/a	110	n/a	n/a	n/a	n/a	n/a	n/a	n/a	n/a
3	5	214	feedback	887.7005834000302	0.0	trigger	n/a	n/a	96	n/a	n/a	n/a	n/a	n/a	n/a	n/a	n/a
3	5	214	possible_button_press	887.9024561000406	0.0	response	n/a	n/a	n/a	n/a	n/a	n/a	n/a	m	r	0	0
3	5	214	fix_cross_after_trial	887.916968000005	1.016719666662766	fixation cross	n/a	n/a	94	887.916995000036	2.700003096833825e-05	n/a	n/a	n/a	n/a	n/a	n/a
3	n/a	n/a	fix_cross_iti	887.916995000036	0.0	trigger	n/a	n/a	94	n/a	n/a	n/a	n/a	n/a	n/a	n/a	n/a
3	5	215	image	888.9529849000392	0.763391766642826	image	bicycle	bicycle_46.jpg	2	888.9530548000475	6.990000838413835e-05	n/a	n/a	n/a	n/a	1	n/a
3	n/a	n/a	image	888.9530548000475	0.0	trigger	n/a	n/a	2	n/a	n/a	n/a	n/a	n/a	n/a	n/a	n/a
3	5	215	word	889.7164920000359	0.7164985666788652	word	Fahrrad_german	n/a	102	889.7165191000095	2.7099973522126675e-05	n/a	n/a	n/a	n/a	1	n/a
3	n/a	n/a	word	889.7165191000095	0.0	trigger	n/a	n/a	102	n/a	n/a	n/a	n/a	n/a	n/a	n/a	n/a
3	5	215	possible_button_press	891.2183656000416	0.0	response	n/a	n/a	n/a	n/a	n/a	n/a	n/a	m	m	1	1
3	5	215	fix_cross_after_trial	891.2327079999959	0.899568566707103	fixation cross	n/a	n/a	94	891.2327390999999	3.1100003980100155e-05	n/a	n/a	n/a	n/a	n/a	n/a
3	n/a	n/a	fix_cross_iti	891.2327390999999	0.0	trigger	n/a	n/a	94	n/a	n/a	n/a	n/a	n/a	n/a	n/a	n/a
3	5	216	image	892.2682153000496	0.7642199666627221	image	bread	bread_36.jpg	3	892.2683075999958	9.229994611814618e-05	n/a	n/a	n/a	n/a	1	n/a
3	n/a	n/a	image	892.2683075999958	0.0	trigger	n/a	n/a	3	n/a	n/a	n/a	n/a	n/a	n/a	n/a	n/a
3	5	216	word	893.0322945000371	0.932667666642601	word	Brot_german	n/a	103	893.0323333000415	3.880000440403819e-05	n/a	n/a	n/a	n/a	1	n/a
3	n/a	n/a	word	893.0323333000415	0.0	trigger	n/a	n/a	103	n/a	n/a	n/a	n/a	n/a	n/a	n/a	n/a
3	5	216	possible_button_press	894.533464600041	0.0	response	n/a	n/a	n/a	n/a	n/a	n/a	n/a	m	m	1	1
3	5	216	fix_cross_after_trial	894.5479903999949	1.1667439666964583	fixation cross	n/a	n/a	94	894.5480071000056	1.6700010746717453e-05	n/a	n/a	n/a	n/a	n/a	n/a
3	n/a	n/a	fix_cross_iti	894.5480071000056	0.0	trigger	n/a	n/a	94	n/a	n/a	n/a	n/a	n/a	n/a	n/a	n/a
3	5	217	image	895.7369164000265	0.7676056666571185	image	house	house_32.jpg	9	895.7369959000498	7.950002327561378e-05	n/a	n/a	n/a	n/a	1	n/a
3	n/a	n/a	image	895.7369959000498	0.0	trigger	n/a	n/a	9	n/a	n/a	n/a	n/a	n/a	n/a	n/a	n/a
3	5	217	word	896.5139156000223	0.5332628666694745	word	Haus_german	n/a	109	896.513944300008	2.8699985705316067e-05	n/a	n/a	n/a	n/a	1	n/a
3	n/a	n/a	word	896.513944300008	0.0	trigger	n/a	n/a	109	n/a	n/a	n/a	n/a	n/a	n/a	n/a	n/a
3	5	217	possible_button_press	897.9999692999991	0.0	response	n/a	n/a	n/a	n/a	n/a	n/a	n/a	m	m	1	1
3	5	217	fix_cross_after_trial	898.0138314000214	1.2163924666858748	fixation cross	n/a	n/a	94	898.0138625000254	3.1100003980100155e-05	n/a	n/a	n/a	n/a	n/a	n/a
3	n/a	n/a	fix_cross_iti	898.0138625000254	0.0	trigger	n/a	n/a	94	n/a	n/a	n/a	n/a	n/a	n/a	n/a	n/a
3	5	218	image	899.2509219000349	0.7624895666415341	image	hammer	hammer_08.jpg	7	899.251023000048	0.00010110001312568784	n/a	n/a	n/a	n/a	1	n/a
3	n/a	n/a	image	899.251023000048	0.0	trigger	n/a	n/a	7	n/a	n/a	n/a	n/a	n/a	n/a	n/a	n/a
3	5	218	word	900.0132269000169	0.517224766667141	word	Hammer_german	n/a	107	900.0132638000068	3.689998993650079e-05	n/a	n/a	n/a	n/a	1	n/a
3	n/a	n/a	word	900.0132638000068	0.0	trigger	n/a	n/a	107	n/a	n/a	n/a	n/a	n/a	n/a	n/a	n/a
3	5	218	possible_button_press	901.516247600026	0.0	response	n/a	n/a	n/a	n/a	n/a	n/a	n/a	m	m	1	1
3	5	218	fix_cross_after_trial	901.5300419999985	0.9556517666826494	fixation cross	n/a	n/a	94	901.530089500011	4.75000124424696e-05	n/a	n/a	n/a	n/a	n/a	n/a
3	n/a	n/a	fix_cross_iti	901.530089500011	0.0	trigger	n/a	n/a	94	n/a	n/a	n/a	n/a	n/a	n/a	n/a	n/a
3	5	219	image	902.5155885000131	0.7634251666643195	image	bread	bread_12.jpg	3	902.515662299993	7.379997987300158e-05	n/a	n/a	n/a	n/a	1	n/a
3	n/a	n/a	image	902.515662299993	0.0	trigger	n/a	n/a	3	n/a	n/a	n/a	n/a	n/a	n/a	n/a	n/a
3	5	219	word	903.2791429000208	0.9227729666783944	word	Brot_german	n/a	103	903.2791904000333	4.75000124424696e-05	n/a	n/a	n/a	n/a	1	n/a
3	n/a	n/a	word	903.2791904000333	0.0	trigger	n/a	n/a	103	n/a	n/a	n/a	n/a	n/a	n/a	n/a	n/a
3	5	219	possible_button_press	904.7719472000026	0.0	response	n/a	n/a	n/a	n/a	n/a	n/a	n/a	m	m	1	1
3	5	219	fix_cross_after_trial	904.7786459000199	0.7496850666395858	fixation cross	n/a	n/a	94	904.7786877000472	4.18000272475183e-05	n/a	n/a	n/a	n/a	n/a	n/a
3	n/a	n/a	fix_cross_iti	904.7786877000472	0.0	trigger	n/a	n/a	94	n/a	n/a	n/a	n/a	n/a	n/a	n/a	n/a
3	5	220	image	905.5846145999967	0.7599510666952938	image	hand	hand_46.jpg	8	905.584714800003	0.0001002000062726438	n/a	n/a	n/a	n/a	1	n/a
3	n/a	n/a	image	905.584714800003	0.0	trigger	n/a	n/a	8	n/a	n/a	n/a	n/a	n/a	n/a	n/a	n/a
3	5	220	word	906.3452195000136	0.49871356669268607	word	Hand_german	n/a	108	906.3452639000025	4.439998883754015e-05	n/a	n/a	n/a	n/a	1	n/a
3	n/a	n/a	word	906.3452639000025	0.0	trigger	n/a	n/a	108	n/a	n/a	n/a	n/a	n/a	n/a	n/a	n/a
3	5	220	possible_button_press	907.8459438999998	0.0	response	n/a	n/a	n/a	n/a	n/a	n/a	n/a	m	m	1	1
3	5	220	fix_cross_after_trial	907.860393800016	1.0329540666464254	fixation cross	n/a	n/a	94	907.8604160000104	2.2199994418770075e-05	n/a	n/a	n/a	n/a	n/a	n/a
3	n/a	n/a	fix_cross_iti	907.8604160000104	0.0	trigger	n/a	n/a	94	n/a	n/a	n/a	n/a	n/a	n/a	n/a	n/a
3	5	221	image	908.9793569000321	0.7539447666533761	image	ball	ball_11.jpg	1	908.9794325000257	7.559999357908964e-05	n/a	n/a	n/a	n/a	1	n/a
3	n/a	n/a	image	908.9794325000257	0.0	trigger	n/a	n/a	1	n/a	n/a	n/a	n/a	n/a	n/a	n/a	n/a
3	5	221	word	909.7432228000253	0.766629766676715	word	Ball_german	n/a	101	909.7432580000022	3.519997699186206e-05	n/a	n/a	n/a	n/a	1	n/a
3	n/a	n/a	word	909.7432580000022	0.0	trigger	n/a	n/a	101	n/a	n/a	n/a	n/a	n/a	n/a	n/a	n/a
3	5	221	possible_button_press	911.2291273000301	0.0	response	n/a	n/a	n/a	n/a	n/a	n/a	n/a	m	m	1	1
3	5	221	fix_cross_after_trial	911.2437325000064	1.0155365666762464	fixation cross	n/a	n/a	94	911.2437834000448	5.0900038331747055e-05	n/a	n/a	n/a	n/a	n/a	n/a
3	n/a	n/a	fix_cross_iti	911.2437834000448	0.0	trigger	n/a	n/a	94	n/a	n/a	n/a	n/a	n/a	n/a	n/a	n/a
3	5	222	image	912.280470800004	0.7618878666582987	image	hand	hand_31.jpg	8	912.280537600047	6.680004298686981e-05	n/a	n/a	n/a	n/a	1	n/a
3	n/a	n/a	image	912.280537600047	0.0	trigger	n/a	n/a	8	n/a	n/a	n/a	n/a	n/a	n/a	n/a	n/a
3	5	222	word	913.0423783000442	0.48387026664954647	word	Hand_german	n/a	108	913.0424154000357	3.709999145939946e-05	n/a	n/a	n/a	n/a	1	n/a
3	n/a	n/a	word	913.0424154000357	0.0	trigger	n/a	n/a	108	n/a	n/a	n/a	n/a	n/a	n/a	n/a	n/a
3	5	222	possible_button_press	914.5305071000475	0.0	response	n/a	n/a	n/a	n/a	n/a	n/a	n/a	m	m	1	1
3	5	222	fix_cross_after_trial	914.5421880999929	1.0994381667153448	fixation cross	n/a	n/a	94	914.5422314000316	4.3300038669258356e-05	n/a	n/a	n/a	n/a	n/a	n/a
3	n/a	n/a	fix_cross_iti	914.5422314000316	0.0	trigger	n/a	n/a	94	n/a	n/a	n/a	n/a	n/a	n/a	n/a	n/a
3	5	223	image	915.6617346000276	0.7635244666637391	image	ball	ball_04.jpg	1	915.6618519000476	0.0001173000200651586	n/a	n/a	n/a	n/a	1	n/a
3	n/a	n/a	image	915.6618519000476	0.0	trigger	n/a	n/a	1	n/a	n/a	n/a	n/a	n/a	n/a	n/a	n/a
3	5	223	word	916.4249610000406	0.7828107666612141	word	Ball_german	n/a	101	916.4250115000177	5.0499977078288794e-05	n/a	n/a	n/a	n/a	1	n/a
3	n/a	n/a	word	916.4250115000177	0.0	trigger	n/a	n/a	101	n/a	n/a	n/a	n/a	n/a	n/a	n/a	n/a
3	5	223	possible_button_press	917.928229400015	0.0	response	n/a	n/a	n/a	n/a	n/a	n/a	n/a	m	m	1	1
3	5	223	fix_cross_after_trial	917.9412951000268	0.9007798666755207	fixation cross	n/a	n/a	94	917.9413504000404	5.530001362785697e-05	n/a	n/a	n/a	n/a	n/a	n/a
3	n/a	n/a	fix_cross_iti	917.9413504000404	0.0	trigger	n/a	n/a	94	n/a	n/a	n/a	n/a	n/a	n/a	n/a	n/a
3	5	224	image	918.8778677000082	0.7629100667002149	image	hand	hand_16.jpg	8	918.8779806999955	0.00011299998732283711	n/a	n/a	n/a	n/a	1	n/a
3	n/a	n/a	image	918.8779806999955	0.0	trigger	n/a	n/a	8	n/a	n/a	n/a	n/a	n/a	n/a	n/a	n/a
3	5	224	word	919.640549600008	0.5062656666889325	word	Hand_german	n/a	108	919.6406052000239	5.560001591220498e-05	n/a	n/a	n/a	n/a	1	n/a
3	n/a	n/a	word	919.6406052000239	0.0	trigger	n/a	n/a	108	n/a	n/a	n/a	n/a	n/a	n/a	n/a	n/a
3	5	224	possible_button_press	921.1424218000029	0.0	response	n/a	n/a	n/a	n/a	n/a	n/a	n/a	m	m	1	1
3	5	224	fix_cross_after_trial	921.1567023000098	1.1166569666859232	fixation cross	n/a	n/a	94	921.1567299000453	2.7600035537034273e-05	n/a	n/a	n/a	n/a	n/a	n/a
3	n/a	n/a	fix_cross_iti	921.1567299000453	0.0	trigger	n/a	n/a	94	n/a	n/a	n/a	n/a	n/a	n/a	n/a	n/a
3	5	225	image	922.3428878000122	0.7634564666698225	image	house	house_35.jpg	9	922.3429715000093	8.369999704882503e-05	n/a	n/a	n/a	n/a	1	n/a
3	n/a	n/a	image	922.3429715000093	0.0	trigger	n/a	n/a	9	n/a	n/a	n/a	n/a	n/a	n/a	n/a	n/a
3	5	225	word	923.1059538000263	0.5497583666622177	word	Haus_german	n/a	109	923.1059815000044	2.7699978090822697e-05	n/a	n/a	n/a	n/a	1	n/a
3	n/a	n/a	word	923.1059815000044	0.0	trigger	n/a	n/a	109	n/a	n/a	n/a	n/a	n/a	n/a	n/a	n/a
3	5	225	possible_button_press	924.6085748000187	0.0	response	n/a	n/a	n/a	n/a	n/a	n/a	n/a	m	m	1	1
3	5	225	fix_cross_after_trial	924.6224473000038	1.2328409666699827	fixation cross	n/a	n/a	94	924.6224830000428	3.570003900676966e-05	n/a	n/a	n/a	n/a	n/a	n/a
3	n/a	n/a	fix_cross_iti	924.6224830000428	0.0	trigger	n/a	n/a	94	n/a	n/a	n/a	n/a	n/a	n/a	n/a	n/a
3	5	226	image	925.8923880000366	0.7629930666337259	image	flower	flower_02.jpg	6	925.8925376000116	0.0001495999749749899	n/a	n/a	n/a	n/a	1	n/a
3	n/a	n/a	image	925.8925376000116	0.0	trigger	n/a	n/a	6	n/a	n/a	n/a	n/a	n/a	n/a	n/a	n/a
3	5	226	word	926.655396200018	0.9002633666425481	word	Blume_german	n/a	106	926.6554427000228	4.650000482797623e-05	n/a	n/a	n/a	n/a	1	n/a
3	n/a	n/a	word	926.6554427000228	0.0	trigger	n/a	n/a	106	n/a	n/a	n/a	n/a	n/a	n/a	n/a	n/a
3	5	226	possible_button_press	928.1576366000227	0.0	response	n/a	n/a	n/a	n/a	n/a	n/a	n/a	m	m	1	1
3	5	226	fix_cross_after_trial	928.1711030000006	0.8999656667040199	fixation cross	n/a	n/a	94	928.1711341000046	3.1100003980100155e-05	n/a	n/a	n/a	n/a	n/a	n/a
3	n/a	n/a	fix_cross_iti	928.1711341000046	0.0	trigger	n/a	n/a	94	n/a	n/a	n/a	n/a	n/a	n/a	n/a	n/a
3	5	227	image	929.0905812000274	0.7636602666500494	image	bicycle	bicycle_11.jpg	2	929.0906845999998	0.00010339997243136168	n/a	n/a	n/a	n/a	1	n/a
3	n/a	n/a	image	929.0906845999998	0.0	trigger	n/a	n/a	2	n/a	n/a	n/a	n/a	n/a	n/a	n/a	n/a
3	5	227	word	929.8540281000314	0.716583966630651	word	Fahrrad_german	n/a	102	929.854068500048	4.040001658722758e-05	n/a	n/a	n/a	n/a	1	n/a
3	n/a	n/a	word	929.854068500048	0.0	trigger	n/a	n/a	102	n/a	n/a	n/a	n/a	n/a	n/a	n/a	n/a
3	5	227	possible_button_press	931.3570473000291	0.0	response	n/a	n/a	n/a	n/a	n/a	n/a	n/a	m	m	1	1
3	5	227	fix_cross_after_trial	931.3704550000257	0.8327283666624226	fixation cross	n/a	n/a	94	931.3704904000042	3.539997851476073e-05	n/a	n/a	n/a	n/a	n/a	n/a
3	n/a	n/a	fix_cross_iti	931.3704904000042	0.0	trigger	n/a	n/a	94	n/a	n/a	n/a	n/a	n/a	n/a	n/a	n/a
3	5	228	image	932.2394935000339	0.7641374666748106	image	jacket	jacket_29.jpg	10	932.2395781000378	8.460000390186906e-05	n/a	n/a	n/a	n/a	1	n/a
3	n/a	n/a	image	932.2395781000378	0.0	trigger	n/a	n/a	10	n/a	n/a	n/a	n/a	n/a	n/a	n/a	n/a
3	5	228	word	933.0197583000408	0.5169247666528918	word	Jacke_german	n/a	110	933.0198106000316	5.229999078437686e-05	n/a	n/a	n/a	n/a	1	n/a
3	n/a	n/a	word	933.0198106000316	0.0	trigger	n/a	n/a	110	n/a	n/a	n/a	n/a	n/a	n/a	n/a	n/a
3	5	228	possible_button_press	934.4907887000008	0.0	response	n/a	n/a	n/a	n/a	n/a	n/a	n/a	m	m	1	1
3	5	228	fix_cross_after_trial	934.503290600027	0.9497110666745812	fixation cross	n/a	n/a	94	934.5033377000364	4.710000939667225e-05	n/a	n/a	n/a	n/a	n/a	n/a
3	n/a	n/a	fix_cross_iti	934.5033377000364	0.0	trigger	n/a	n/a	94	n/a	n/a	n/a	n/a	n/a	n/a	n/a	n/a
3	5	229	image	935.4903078000061	0.7621404666608669	image	dog	dog_24.jpg	5	935.4905104000354	0.00020260002929717302	n/a	n/a	n/a	n/a	0	n/a
3	n/a	n/a	image	935.4905104000354	0.0	trigger	n/a	n/a	5	n/a	n/a	n/a	n/a	n/a	n/a	n/a	n/a
3	5	229	word	936.2689843000262	0.5335664666529283	word	Haus_german	n/a	109	936.2690427000052	5.8399979025125504e-05	n/a	n/a	n/a	n/a	0	n/a
3	n/a	n/a	word	936.2690427000052	0.0	trigger	n/a	n/a	109	n/a	n/a	n/a	n/a	n/a	n/a	n/a	n/a
3	5	229	feedback	937.7686232000124	0.0	trigger	n/a	n/a	96	n/a	n/a	n/a	n/a	n/a	n/a	n/a	n/a
3	5	229	possible_button_press	937.9583991999971	0.0	response	n/a	n/a	n/a	n/a	n/a	n/a	n/a	m	r	0	0
3	5	229	fix_cross_after_trial	937.9689739000169	0.7823992666710637	fixation cross	n/a	n/a	94	937.9690361000248	6.220000796020031e-05	n/a	n/a	n/a	n/a	n/a	n/a
3	n/a	n/a	fix_cross_iti	937.9690361000248	0.0	trigger	n/a	n/a	94	n/a	n/a	n/a	n/a	n/a	n/a	n/a	n/a
3	5	230	image	938.7713694000267	0.7635991666504651	image	hammer	hammer_17.jpg	7	938.7714752000174	0.00010579999070614576	n/a	n/a	n/a	n/a	1	n/a
3	n/a	n/a	image	938.7714752000174	0.0	trigger	n/a	n/a	7	n/a	n/a	n/a	n/a	n/a	n/a	n/a	n/a
3	5	230	word	939.534458100039	0.5328442666252613	word	Hammer_german	n/a	107	939.5345059999963	4.789995728060603e-05	n/a	n/a	n/a	n/a	1	n/a
3	n/a	n/a	word	939.5345059999963	0.0	trigger	n/a	n/a	107	n/a	n/a	n/a	n/a	n/a	n/a	n/a	n/a
3	5	230	possible_button_press	941.0364375000354	0.0	response	n/a	n/a	n/a	n/a	n/a	n/a	n/a	m	m	1	1
3	5	230	fix_cross_after_trial	941.050384800008	1.1997063666970007	fixation cross	n/a	n/a	94	941.0504204000463	3.560003824532032e-05	n/a	n/a	n/a	n/a	n/a	n/a
3	n/a	n/a	fix_cross_iti	941.0504204000463	0.0	trigger	n/a	n/a	94	n/a	n/a	n/a	n/a	n/a	n/a	n/a	n/a
3	5	231	image	942.2703463000362	0.7629883666561454	image	jacket	jacket_03.jpg	10	942.2705833000364	0.00023700000019744039	n/a	n/a	n/a	n/a	1	n/a
3	n/a	n/a	image	942.2705833000364	0.0	trigger	n/a	n/a	10	n/a	n/a	n/a	n/a	n/a	n/a	n/a	n/a
3	5	231	word	943.0334706000285	0.5330996666491501	word	Jacke_german	n/a	110	943.033520099998	4.9499969463795424e-05	n/a	n/a	n/a	n/a	1	n/a
3	n/a	n/a	word	943.033520099998	0.0	trigger	n/a	n/a	110	n/a	n/a	n/a	n/a	n/a	n/a	n/a	n/a
3	5	231	possible_button_press	944.5354655000265	0.0	response	n/a	n/a	n/a	n/a	n/a	n/a	n/a	m	m	1	1
3	5	231	fix_cross_after_trial	944.5494230000186	1.0825821666551292	fixation cross	n/a	n/a	94	944.5494576000492	3.460003063082695e-05	n/a	n/a	n/a	n/a	n/a	n/a
3	n/a	n/a	fix_cross_iti	944.5494576000492	0.0	trigger	n/a	n/a	94	n/a	n/a	n/a	n/a	n/a	n/a	n/a	n/a
3	5	232	image	945.6678867000155	0.7640699666847013	image	house	house_33.jpg	9	945.6679841000005	9.739998495206237e-05	n/a	n/a	n/a	n/a	1	n/a
3	n/a	n/a	image	945.6679841000005	0.0	trigger	n/a	n/a	9	n/a	n/a	n/a	n/a	n/a	n/a	n/a	n/a
3	5	232	word	946.4319538000273	0.5497019666402139	word	Haus_german	n/a	109	946.4319821000099	2.829998265951872e-05	n/a	n/a	n/a	n/a	1	n/a
3	n/a	n/a	word	946.4319821000099	0.0	trigger	n/a	n/a	109	n/a	n/a	n/a	n/a	n/a	n/a	n/a	n/a
3	5	232	possible_button_press	947.934390200011	0.0	response	n/a	n/a	n/a	n/a	n/a	n/a	n/a	m	m	1	1
3	5	232	fix_cross_after_trial	947.9481131000211	1.2330508666384503	fixation cross	n/a	n/a	94	947.9481427000137	2.95999925583601e-05	n/a	n/a	n/a	n/a	n/a	n/a
3	n/a	n/a	fix_cross_iti	947.9481427000137	0.0	trigger	n/a	n/a	94	n/a	n/a	n/a	n/a	n/a	n/a	n/a	n/a
3	5	233	image	949.2587523999973	0.7555888667159252	image	chair	chair_47.jpg	4	949.2588414000347	8.900003740563989e-05	n/a	n/a	n/a	n/a	1	n/a
3	n/a	n/a	image	949.2588414000347	0.0	trigger	n/a	n/a	4	n/a	n/a	n/a	n/a	n/a	n/a	n/a	n/a
3	5	233	word	950.0142624000437	0.5667702666289642	word	Stuhl_german	n/a	104	950.0142941999948	3.17999511025846e-05	n/a	n/a	n/a	n/a	1	n/a
3	n/a	n/a	word	950.0142941999948	0.0	trigger	n/a	n/a	104	n/a	n/a	n/a	n/a	n/a	n/a	n/a	n/a
3	5	233	possible_button_press	951.5164708000375	0.0	response	n/a	n/a	n/a	n/a	n/a	n/a	n/a	m	m	1	1
3	5	233	fix_cross_after_trial	951.5304698999971	1.1163072667006873	fixation cross	n/a	n/a	94	951.5305022000102	3.23000131174922e-05	n/a	n/a	n/a	n/a	n/a	n/a
3	n/a	n/a	fix_cross_iti	951.5305022000102	0.0	trigger	n/a	n/a	94	n/a	n/a	n/a	n/a	n/a	n/a	n/a	n/a
3	5	234	image	952.7187419999973	0.7610892666891687	image	dog	dog_44.jpg	5	952.7188451000256	0.00010310002835467458	n/a	n/a	n/a	n/a	1	n/a
3	n/a	n/a	image	952.7188451000256	0.0	trigger	n/a	n/a	5	n/a	n/a	n/a	n/a	n/a	n/a	n/a	n/a
3	5	234	word	953.4796837000176	0.499635566670122	word	Hund_german	n/a	105	953.479714200017	3.0499999411404133e-05	n/a	n/a	n/a	n/a	1	n/a
3	n/a	n/a	word	953.479714200017	0.0	trigger	n/a	n/a	105	n/a	n/a	n/a	n/a	n/a	n/a	n/a	n/a
3	5	234	possible_button_press	954.9824326999951	0.0	response	n/a	n/a	n/a	n/a	n/a	n/a	n/a	m	m	1	1
3	5	234	fix_cross_after_trial	954.9984220000333	0.9636536666696429	fixation cross	n/a	n/a	94	954.998459000024	3.6999990697950125e-05	n/a	n/a	n/a	n/a	n/a	n/a
3	n/a	n/a	fix_cross_iti	954.998459000024	0.0	trigger	n/a	n/a	94	n/a	n/a	n/a	n/a	n/a	n/a	n/a	n/a
3	5	235	image	956.0011817000341	0.7611801666246265	image	flower	flower_28.jpg	6	956.0012632000144	8.149998029693961e-05	n/a	n/a	n/a	n/a	1	n/a
3	n/a	n/a	image	956.0012632000144	0.0	trigger	n/a	n/a	6	n/a	n/a	n/a	n/a	n/a	n/a	n/a	n/a
3	5	235	word	956.762168300047	0.8993306666418448	word	Blume_german	n/a	106	956.7622030000202	3.4699973184615374e-05	n/a	n/a	n/a	n/a	1	n/a
3	n/a	n/a	word	956.7622030000202	0.0	trigger	n/a	n/a	106	n/a	n/a	n/a	n/a	n/a	n/a	n/a	n/a
3	5	235	possible_button_press	958.2636147000012	0.0	response	n/a	n/a	n/a	n/a	n/a	n/a	n/a	m	m	1	1
3	5	235	fix_cross_after_trial	958.2779074000427	0.9004287666214168	fixation cross	n/a	n/a	94	958.2779295000364	2.2099993657320738e-05	n/a	n/a	n/a	n/a	n/a	n/a
3	n/a	n/a	fix_cross_iti	958.2779295000364	0.0	trigger	n/a	n/a	94	n/a	n/a	n/a	n/a	n/a	n/a	n/a	n/a
3	5	236	image	959.1979062000173	0.7634651666778609	image	bicycle	bicycle_39.jpg	2	959.1979916000273	8.540000999346375e-05	n/a	n/a	n/a	n/a	1	n/a
3	n/a	n/a	image	959.1979916000273	0.0	trigger	n/a	n/a	2	n/a	n/a	n/a	n/a	n/a	n/a	n/a	n/a
3	5	236	word	959.961175400007	0.7158693666608542	word	Fahrrad_german	n/a	102	959.9612220000126	4.6600005589425564e-05	n/a	n/a	n/a	n/a	1	n/a
3	n/a	n/a	word	959.9612220000126	0.0	trigger	n/a	n/a	102	n/a	n/a	n/a	n/a	n/a	n/a	n/a	n/a
3	5	236	possible_button_press	961.4626301000244	0.0	response	n/a	n/a	n/a	n/a	n/a	n/a	n/a	m	m	1	1
3	5	236	fix_cross_after_trial	961.4769427000429	1.1330003666264474	fixation cross	n/a	n/a	94	961.4769656000426	2.2899999748915434e-05	n/a	n/a	n/a	n/a	n/a	n/a
3	n/a	n/a	fix_cross_iti	961.4769656000426	0.0	trigger	n/a	n/a	94	n/a	n/a	n/a	n/a	n/a	n/a	n/a	n/a
3	5	237	image	962.6469669000362	0.7628235666236378	image	bread	bread_29.jpg	3	962.6470483000157	8.139997953549027e-05	n/a	n/a	n/a	n/a	0	n/a
3	n/a	n/a	image	962.6470483000157	0.0	trigger	n/a	n/a	3	n/a	n/a	n/a	n/a	n/a	n/a	n/a	n/a
3	5	237	word	963.4099279000075	0.5670020667059816	word	Stuhl_german	n/a	104	963.4099609000259	3.300001844763756e-05	n/a	n/a	n/a	n/a	0	n/a
3	n/a	n/a	word	963.4099609000259	0.0	trigger	n/a	n/a	104	n/a	n/a	n/a	n/a	n/a	n/a	n/a	n/a
3	5	237	feedback	964.9097907000105	0.0	trigger	n/a	n/a	96	n/a	n/a	n/a	n/a	n/a	n/a	n/a	n/a
3	5	237	possible_button_press	965.1115419000271	0.0	response	n/a	n/a	n/a	n/a	n/a	n/a	n/a	m	r	0	0
3	5	237	fix_cross_after_trial	965.1258078000392	1.1499248666261792	fixation cross	n/a	n/a	94	965.1258340000059	2.619996666908264e-05	n/a	n/a	n/a	n/a	n/a	n/a
3	n/a	n/a	fix_cross_iti	965.1258340000059	0.0	trigger	n/a	n/a	94	n/a	n/a	n/a	n/a	n/a	n/a	n/a	n/a
3	5	238	image	966.2957238000236	0.7631072666883938	image	bicycle	bicycle_30.jpg	2	966.2957963999943	7.259997073560953e-05	n/a	n/a	n/a	n/a	1	n/a
3	n/a	n/a	image	966.2957963999943	0.0	trigger	n/a	n/a	2	n/a	n/a	n/a	n/a	n/a	n/a	n/a	n/a
3	5	238	word	967.0588046000339	0.699962466668012	word	Fahrrad_german	n/a	102	967.0588345000288	2.989999484270811e-05	n/a	n/a	n/a	n/a	1	n/a
3	n/a	n/a	word	967.0588345000288	0.0	trigger	n/a	n/a	102	n/a	n/a	n/a	n/a	n/a	n/a	n/a	n/a
3	5	238	possible_button_press	968.5452680000453	0.0	response	n/a	n/a	n/a	n/a	n/a	n/a	n/a	m	m	1	1
3	5	238	fix_cross_after_trial	968.5585113000125	1.032675666680234	fixation cross	n/a	n/a	94	968.558547099994	3.579998156055808e-05	n/a	n/a	n/a	n/a	n/a	n/a
3	n/a	n/a	fix_cross_iti	968.558547099994	0.0	trigger	n/a	n/a	94	n/a	n/a	n/a	n/a	n/a	n/a	n/a	n/a
3	5	239	image	969.7338851999957	0.7569101667070299	image	ball	ball_19.jpg	1	969.7339789000107	9.370001498609781e-05	n/a	n/a	n/a	n/a	1	n/a
3	n/a	n/a	image	969.7339789000107	0.0	trigger	n/a	n/a	1	n/a	n/a	n/a	n/a	n/a	n/a	n/a	n/a
3	5	239	word	970.4911106000072	0.7828654666702732	word	Ball_german	n/a	101	970.4911416000105	3.100000321865082e-05	n/a	n/a	n/a	n/a	1	n/a
3	n/a	n/a	word	970.4911416000105	0.0	trigger	n/a	n/a	101	n/a	n/a	n/a	n/a	n/a	n/a	n/a	n/a
3	5	239	possible_button_press	971.9930046999943	0.0	response	n/a	n/a	n/a	n/a	n/a	n/a	n/a	m	m	1	1
3	5	239	fix_cross_after_trial	972.0074934000149	1.0826341666436292	fixation cross	n/a	n/a	94	972.0075246000197	3.120000474154949e-05	n/a	n/a	n/a	n/a	n/a	n/a
3	n/a	n/a	fix_cross_iti	972.0075246000197	0.0	trigger	n/a	n/a	94	n/a	n/a	n/a	n/a	n/a	n/a	n/a	n/a
3	5	240	image	973.1302521000034	0.7597242666563488	image	bread	bread_25.jpg	3	973.1303565000417	0.00010440003825351596	n/a	n/a	n/a	n/a	1	n/a
3	n/a	n/a	image	973.1303565000417	0.0	trigger	n/a	n/a	3	n/a	n/a	n/a	n/a	n/a	n/a	n/a	n/a
3	5	240	word	973.8899794000317	0.9331115666466303	word	Brot_german	n/a	103	973.8900113000418	3.190001007169485e-05	n/a	n/a	n/a	n/a	1	n/a
3	n/a	n/a	word	973.8900113000418	0.0	trigger	n/a	n/a	103	n/a	n/a	n/a	n/a	n/a	n/a	n/a	n/a
3	5	240	possible_button_press	975.3916913000285	0.0	response	n/a	n/a	n/a	n/a	n/a	n/a	n/a	m	m	1	1
3	5	240	fix_cross_after_trial	975.4060907000094	0.9499589666995689	fixation cross	n/a	n/a	94	975.406118700048	2.800003858283162e-05	n/a	n/a	n/a	n/a	n/a	n/a
3	n/a	n/a	fix_cross_iti	975.406118700048	0.0	trigger	n/a	n/a	94	n/a	n/a	n/a	n/a	n/a	n/a	n/a	n/a
3	5	241	image	976.376474299992	0.7626443667143121	image	chair	chair_06.jpg	4	976.3765453000087	7.100001676008105e-05	n/a	n/a	n/a	n/a	1	n/a
3	n/a	n/a	image	976.3765453000087	0.0	trigger	n/a	n/a	4	n/a	n/a	n/a	n/a	n/a	n/a	n/a	n/a
3	5	241	word	977.1389223000151	0.5662254666715398	word	Stuhl_german	n/a	104	977.1389512000023	2.889998722821474e-05	n/a	n/a	n/a	n/a	1	n/a
3	n/a	n/a	word	977.1389512000023	0.0	trigger	n/a	n/a	104	n/a	n/a	n/a	n/a	n/a	n/a	n/a	n/a
3	5	241	possible_button_press	978.640845899994	0.0	response	n/a	n/a	n/a	n/a	n/a	n/a	n/a	m	m	1	1
3	5	241	fix_cross_after_trial	978.6548954000464	0.9331313666227743	fixation cross	n/a	n/a	94	978.6549148000195	1.939997309818864e-05	n/a	n/a	n/a	n/a	n/a	n/a
3	n/a	n/a	fix_cross_iti	978.6549148000195	0.0	trigger	n/a	n/a	94	n/a	n/a	n/a	n/a	n/a	n/a	n/a	n/a
3	5	242	image	979.608687800006	0.7624581666934773	image	house	house_12.jpg	9	979.6087576000136	6.980000762268901e-05	n/a	n/a	n/a	n/a	1	n/a
3	n/a	n/a	image	979.6087576000136	0.0	trigger	n/a	n/a	9	n/a	n/a	n/a	n/a	n/a	n/a	n/a	n/a
3	5	242	word	980.3714254000224	0.5496104666419797	word	Haus_german	n/a	109	980.3714647000306	3.9300008211284876e-05	n/a	n/a	n/a	n/a	1	n/a
3	n/a	n/a	word	980.3714647000306	0.0	trigger	n/a	n/a	109	n/a	n/a	n/a	n/a	n/a	n/a	n/a	n/a
3	5	242	possible_button_press	981.8741332000354	0.0	response	n/a	n/a	n/a	n/a	n/a	n/a	n/a	m	m	1	1
3	5	242	fix_cross_after_trial	981.8878769000294	0.8991514666743115	fixation cross	n/a	n/a	94	981.8879089000402	3.200001083314419e-05	n/a	n/a	n/a	n/a	n/a	n/a
3	n/a	n/a	fix_cross_iti	981.8879089000402	0.0	trigger	n/a	n/a	94	n/a	n/a	n/a	n/a	n/a	n/a	n/a	n/a
3	5	243	image	982.8070356000098	0.7633352666782685	image	ball	ball_29.jpg	1	982.8071051000152	6.9500005338341e-05	n/a	n/a	n/a	n/a	1	n/a
3	n/a	n/a	image	982.8071051000152	0.0	trigger	n/a	n/a	1	n/a	n/a	n/a	n/a	n/a	n/a	n/a	n/a
3	5	243	word	983.570381700003	0.7827386666942857	word	Ball_german	n/a	101	983.5704099000432	2.8200040105730295e-05	n/a	n/a	n/a	n/a	1	n/a
3	n/a	n/a	word	983.5704099000432	0.0	trigger	n/a	n/a	101	n/a	n/a	n/a	n/a	n/a	n/a	n/a	n/a
3	5	243	possible_button_press	985.0717820000136	0.0	response	n/a	n/a	n/a	n/a	n/a	n/a	n/a	m	m	1	1
3	5	243	fix_cross_after_trial	985.0865695000393	0.916214466622705	fixation cross	n/a	n/a	94	985.0866026000003	3.309996100142598e-05	n/a	n/a	n/a	n/a	n/a	n/a
3	n/a	n/a	fix_cross_iti	985.0866026000003	0.0	trigger	n/a	n/a	94	n/a	n/a	n/a	n/a	n/a	n/a	n/a	n/a
3	5	244	image	986.076902300003	0.7589893667066008	image	dog	dog_43.jpg	5	986.0769853999955	8.3099992480129e-05	n/a	n/a	n/a	n/a	1	n/a
3	n/a	n/a	image	986.0769853999955	0.0	trigger	n/a	n/a	5	n/a	n/a	n/a	n/a	n/a	n/a	n/a	n/a
3	5	244	word	986.8359509000438	0.48305796663430556	word	Hund_german	n/a	105	986.8359820000478	3.1100003980100155e-05	n/a	n/a	n/a	n/a	1	n/a
3	n/a	n/a	word	986.8359820000478	0.0	trigger	n/a	n/a	105	n/a	n/a	n/a	n/a	n/a	n/a	n/a	n/a
3	5	244	possible_button_press	988.3380306000472	0.0	response	n/a	n/a	n/a	n/a	n/a	n/a	n/a	m	m	1	1
3	5	244	fix_cross_after_trial	988.3522002000245	1.232735266680038	fixation cross	n/a	n/a	94	988.3522303000209	3.0099996365606785e-05	n/a	n/a	n/a	n/a	n/a	n/a
3	n/a	n/a	fix_cross_iti	988.3522303000209	0.0	trigger	n/a	n/a	94	n/a	n/a	n/a	n/a	n/a	n/a	n/a	n/a
3	5	245	image	989.6075951000093	0.7611433666936591	image	hammer	hammer_13.jpg	7	989.6076817000285	8.66000191308558e-05	n/a	n/a	n/a	n/a	1	n/a
3	n/a	n/a	image	989.6076817000285	0.0	trigger	n/a	n/a	7	n/a	n/a	n/a	n/a	n/a	n/a	n/a	n/a
3	5	245	word	990.3684092000476	0.5170526666372552	word	Hammer_german	n/a	107	990.3684578000102	4.859996261075139e-05	n/a	n/a	n/a	n/a	1	n/a
3	n/a	n/a	word	990.3684578000102	0.0	trigger	n/a	n/a	107	n/a	n/a	n/a	n/a	n/a	n/a	n/a	n/a
3	5	245	possible_button_press	991.8579602999962	0.0	response	n/a	n/a	n/a	n/a	n/a	n/a	n/a	m	m	1	1
3	5	245	fix_cross_after_trial	991.8680494000437	0.7658510666262828	fixation cross	n/a	n/a	94	991.8680969999987	4.759995499625802e-05	n/a	n/a	n/a	n/a	n/a	n/a
3	n/a	n/a	fix_cross_iti	991.8680969999987	0.0	trigger	n/a	n/a	94	n/a	n/a	n/a	n/a	n/a	n/a	n/a	n/a
3	5	246	image	992.6540041000117	0.7631157666949093	image	jacket	jacket_41.jpg	10	992.6540759000345	7.180002285167575e-05	n/a	n/a	n/a	n/a	1	n/a
3	n/a	n/a	image	992.6540759000345	0.0	trigger	n/a	n/a	10	n/a	n/a	n/a	n/a	n/a	n/a	n/a	n/a
3	5	246	word	993.4171735999989	0.5494569666955158	word	Jacke_german	n/a	110	993.4172105000471	3.69000481441617e-05	n/a	n/a	n/a	n/a	1	n/a
3	n/a	n/a	word	993.4172105000471	0.0	trigger	n/a	n/a	110	n/a	n/a	n/a	n/a	n/a	n/a	n/a	n/a
3	5	246	possible_button_press	994.9034453000058	0.0	response	n/a	n/a	n/a	n/a	n/a	n/a	n/a	m	m	1	1
3	5	246	fix_cross_after_trial	994.9168976999936	1.0333954666896261	fixation cross	n/a	n/a	94	994.9169403000269	4.2600033339113e-05	n/a	n/a	n/a	n/a	n/a	n/a
3	n/a	n/a	fix_cross_iti	994.9169403000269	0.0	trigger	n/a	n/a	94	n/a	n/a	n/a	n/a	n/a	n/a	n/a	n/a
3	5	247	image	996.0275623000343	0.7557864666489422	image	flower	flower_25.jpg	6	996.0276586000109	9.629997657611966e-05	n/a	n/a	n/a	n/a	1	n/a
3	n/a	n/a	image	996.0276586000109	0.0	trigger	n/a	n/a	6	n/a	n/a	n/a	n/a	n/a	n/a	n/a	n/a
3	5	247	word	996.7829361000331	0.899424166655308	word	Blume_german	n/a	106	996.782978400006	4.229997284710407e-05	n/a	n/a	n/a	n/a	1	n/a
3	n/a	n/a	word	996.782978400006	0.0	trigger	n/a	n/a	106	n/a	n/a	n/a	n/a	n/a	n/a	n/a	n/a
3	5	247	possible_button_press	998.2848506000009	0.0	response	n/a	n/a	n/a	n/a	n/a	n/a	n/a	m	m	1	1
3	5	247	fix_cross_after_trial	998.2988050000276	1.033391866662214	fixation cross	n/a	n/a	94	998.2988288000342	2.3800006601959467e-05	n/a	n/a	n/a	n/a	n/a	n/a
3	n/a	n/a	fix_cross_iti	998.2988288000342	0.0	trigger	n/a	n/a	94	n/a	n/a	n/a	n/a	n/a	n/a	n/a	n/a
3	5	248	image	999.4498584000394	0.7652032666412651	image	ball	ball_03.jpg	1	999.4499541000114	9.569997200742364e-05	n/a	n/a	n/a	n/a	0	n/a
3	n/a	n/a	image	999.4499541000114	0.0	trigger	n/a	n/a	1	n/a	n/a	n/a	n/a	n/a	n/a	n/a	n/a
3	5	248	word	1000.2152192000067	0.9324901666880123	word	Brot_german	n/a	103	1000.2152557999943	3.659998765215278e-05	n/a	n/a	n/a	n/a	0	n/a
3	n/a	n/a	word	1000.2152557999943	0.0	trigger	n/a	n/a	103	n/a	n/a	n/a	n/a	n/a	n/a	n/a	n/a
3	5	248	feedback	1001.7313354000216	0.0	trigger	n/a	n/a	96	n/a	n/a	n/a	n/a	n/a	n/a	n/a	n/a
3	5	248	possible_button_press	1001.9336658000248	0.0	response	n/a	n/a	n/a	n/a	n/a	n/a	n/a	m	r	0	0
3	5	248	fix_cross_after_trial	1001.9477166000288	0.8336927666716747	fixation cross	n/a	n/a	94	1001.9477640000405	4.740001168102026e-05	n/a	n/a	n/a	n/a	n/a	n/a
3	n/a	n/a	fix_cross_iti	1001.9477640000405	0.0	trigger	n/a	n/a	94	n/a	n/a	n/a	n/a	n/a	n/a	n/a	n/a
3	5	249	image	1002.8201845000149	0.7602436666531958	image	hammer	hammer_22.jpg	7	1002.8202760000131	9.14999982342124e-05	n/a	n/a	n/a	n/a	1	n/a
3	n/a	n/a	image	1002.8202760000131	0.0	trigger	n/a	n/a	7	n/a	n/a	n/a	n/a	n/a	n/a	n/a	n/a
3	5	249	word	1003.5806408000062	0.5330031666710511	word	Hammer_german	n/a	107	1003.580672000011	3.120000474154949e-05	n/a	n/a	n/a	n/a	1	n/a
3	n/a	n/a	word	1003.580672000011	0.0	trigger	n/a	n/a	107	n/a	n/a	n/a	n/a	n/a	n/a	n/a	n/a
3	5	249	possible_button_press	1005.0830984000349	0.0	response	n/a	n/a	n/a	n/a	n/a	n/a	n/a	m	m	1	1
3	5	249	fix_cross_after_trial	1005.0967802000232	0.8496308666692585	fixation cross	n/a	n/a	94	1005.0968029000214	2.269999822601676e-05	n/a	n/a	n/a	n/a	n/a	n/a
3	n/a	n/a	fix_cross_iti	1005.0968029000214	0.0	trigger	n/a	n/a	94	n/a	n/a	n/a	n/a	n/a	n/a	n/a	n/a
3	5	250	image	1005.9668759000488	0.7631182666557379	image	house	house_07.jpg	9	1005.9669470000081	7.109995931386948e-05	n/a	n/a	n/a	n/a	1	n/a
3	n/a	n/a	image	1005.9669470000081	0.0	trigger	n/a	n/a	9	n/a	n/a	n/a	n/a	n/a	n/a	n/a	n/a
3	5	250	word	1006.7296311000246	0.5500936666542202	word	Haus_german	n/a	109	1006.7296629000339	3.1800009310245514e-05	n/a	n/a	n/a	n/a	1	n/a
3	n/a	n/a	word	1006.7296629000339	0.0	trigger	n/a	n/a	109	n/a	n/a	n/a	n/a	n/a	n/a	n/a	n/a
3	5	250	possible_button_press	1008.2313374000369	0.0	response	n/a	n/a	n/a	n/a	n/a	n/a	n/a	m	m	1	1
3	5	250	fix_cross_after_trial	1008.2455916000181	0.8664720666749872	fixation cross	n/a	n/a	94	1008.245611899998	2.0299979951232672e-05	n/a	n/a	n/a	n/a	n/a	n/a
3	n/a	n/a	fix_cross_iti	1008.245611899998	0.0	trigger	n/a	n/a	94	n/a	n/a	n/a	n/a	n/a	n/a	n/a	n/a
3	5	250	break_instruction	1009.1121493999963	15.012199466702668	break	n/a	n/a	81	1009.1121807000018	3.130000550299883e-05	n/a	n/a	n/a	n/a	n/a	n/a
3	n/a	n/a	break_start	1009.1121807000018	0.0	trigger	n/a	n/a	81	n/a	n/a	n/a	n/a	n/a	n/a	n/a	n/a
3	n/a	n/a	break_end	1061.8977785000461	0.0	trigger	n/a	n/a	82	n/a	n/a	n/a	n/a	n/a	n/a	n/a	n/a
3	6	251	image	1061.9785617000307	0.7499227666451134	image	hand	hand_44.jpg	8	1061.9786601000233	9.839999256655574e-05	n/a	n/a	n/a	n/a	1	n/a
3	n/a	n/a	image	1061.9786601000233	0.0	trigger	n/a	n/a	8	n/a	n/a	n/a	n/a	n/a	n/a	n/a	n/a
3	6	251	word	1062.7284516000072	0.5047279666798659	word	Hand_german	n/a	108	1062.7285033999942	5.1799986977130175e-05	n/a	n/a	n/a	n/a	1	n/a
3	n/a	n/a	word	1062.7285033999942	0.0	trigger	n/a	n/a	108	n/a	n/a	n/a	n/a	n/a	n/a	n/a	n/a
3	6	251	possible_button_press	1064.2159184000338	0.0	response	n/a	n/a	n/a	n/a	n/a	n/a	n/a	m	m	1	1
3	6	251	fix_cross_after_trial	1064.2294744999963	0.8311752667107157	fixation cross	n/a	n/a	94	1064.229509100027	3.460003063082695e-05	n/a	n/a	n/a	n/a	n/a	n/a
3	n/a	n/a	fix_cross_iti	1064.229509100027	0.0	trigger	n/a	n/a	94	n/a	n/a	n/a	n/a	n/a	n/a	n/a	n/a
3	6	252	image	1065.1307863999973	0.7626728666984945	image	bread	bread_03.jpg	3	1065.1308747000294	8.830003207549453e-05	n/a	n/a	n/a	n/a	1	n/a
3	n/a	n/a	image	1065.1308747000294	0.0	trigger	n/a	n/a	3	n/a	n/a	n/a	n/a	n/a	n/a	n/a	n/a
3	6	252	word	1065.8938594000065	0.9326978666979358	word	Brot_german	n/a	103	1065.893906000012	4.6600005589425564e-05	n/a	n/a	n/a	n/a	1	n/a
3	n/a	n/a	word	1065.893906000012	0.0	trigger	n/a	n/a	103	n/a	n/a	n/a	n/a	n/a	n/a	n/a	n/a
3	6	252	possible_button_press	1067.395084800024	0.0	response	n/a	n/a	n/a	n/a	n/a	n/a	n/a	m	m	1	1
3	6	252	fix_cross_after_trial	1067.409415000002	1.2529702666836329	fixation cross	n/a	n/a	94	1067.40943900001	2.400000812485814e-05	n/a	n/a	n/a	n/a	n/a	n/a
3	n/a	n/a	fix_cross_iti	1067.40943900001	0.0	trigger	n/a	n/a	94	n/a	n/a	n/a	n/a	n/a	n/a	n/a	n/a
3	6	253	image	1068.678623600048	0.7582692666367166	image	bicycle	bicycle_08.jpg	2	1068.6787046000245	8.099997648969293e-05	n/a	n/a	n/a	n/a	1	n/a
3	n/a	n/a	image	1068.6787046000245	0.0	trigger	n/a	n/a	2	n/a	n/a	n/a	n/a	n/a	n/a	n/a	n/a
3	6	253	word	1069.4429014000343	0.6998721666789152	word	Fahrrad_german	n/a	102	1069.4429448000155	4.339998122304678e-05	n/a	n/a	n/a	n/a	1	n/a
3	n/a	n/a	word	1069.4429448000155	0.0	trigger	n/a	n/a	102	n/a	n/a	n/a	n/a	n/a	n/a	n/a	n/a
3	6	253	possible_button_press	1070.6787311999942	0.0	response	n/a	n/a	n/a	n/a	n/a	1.1195575000019744	1070.5624589000363	r	m	1	0
3	6	253	response	1070.678745900048	0.0	trigger	n/a	n/a	128	n/a	n/a	n/a	n/a	n/a	n/a	n/a	n/a
3	6	253	feedback	1070.7085540000116	0.0	trigger	n/a	n/a	96	n/a	n/a	n/a	n/a	n/a	n/a	n/a	n/a
3	6	253	fix_cross_after_trial	1070.908845100028	2.18284136668467	fixation cross	n/a	n/a	94	1070.9088681000285	2.300000051036477e-05	n/a	n/a	n/a	n/a	n/a	n/a
3	n/a	n/a	fix_cross_iti	1070.9088681000285	0.0	trigger	n/a	n/a	94	n/a	n/a	n/a	n/a	n/a	n/a	n/a	n/a
3	6	254	image	1073.1273371000425	0.7641530666189738	image	flower	flower_01.jpg	6	1073.1274126000353	7.54999928176403e-05	n/a	n/a	n/a	n/a	1	n/a
3	n/a	n/a	image	1073.1274126000353	0.0	trigger	n/a	n/a	6	n/a	n/a	n/a	n/a	n/a	n/a	n/a	n/a
3	6	254	word	1073.8914135000086	n/a	word	Blume_german	n/a	106	1073.8914464000263	3.290001768618822e-05	n/a	n/a	n/a	n/a	1	n/a
3	n/a	n/a	word	1073.8914464000263	0.0	trigger	n/a	n/a	106	n/a	n/a	n/a	n/a	n/a	n/a	n/a	n/a
3	6	254	possible_button_press	1074.3605709000258	0.0	response	n/a	n/a	n/a	n/a	n/a	0.3552911000442691	1074.246704600053	r	m	1	0
3	6	254	response	1074.3605820999946	0.0	trigger	n/a	n/a	128	n/a	n/a	n/a	n/a	n/a	n/a	n/a	n/a
3	6	254	feedback	1074.3905375000322	0.0	trigger	n/a	n/a	96	n/a	n/a	n/a	n/a	n/a	n/a	n/a	n/a
3	6	254	fix_cross_after_trial	1074.6074881000095	1.9332541666847192	fixation cross	n/a	n/a	94	1074.6075158000458	2.770003629848361e-05	n/a	n/a	n/a	n/a	n/a	n/a
3	n/a	n/a	fix_cross_iti	1074.6075158000458	0.0	trigger	n/a	n/a	94	n/a	n/a	n/a	n/a	n/a	n/a	n/a	n/a
3	6	255	image	1076.559542700008	0.7642706666995309	image	dog	dog_07.jpg	5	1076.559623600042	8.09000339359045e-05	n/a	n/a	n/a	n/a	1	n/a
3	n/a	n/a	image	1076.559623600042	0.0	trigger	n/a	n/a	5	n/a	n/a	n/a	n/a	n/a	n/a	n/a	n/a
3	6	255	word	1077.3238324000267	0.49887976667764633	word	Hund_german	n/a	105	1077.323873699992	4.12999652326107e-05	n/a	n/a	n/a	n/a	1	n/a
3	n/a	n/a	word	1077.323873699992	0.0	trigger	n/a	n/a	105	n/a	n/a	n/a	n/a	n/a	n/a	n/a	n/a
3	6	255	possible_button_press	1077.7424882000196	0.0	response	n/a	n/a	n/a	n/a	n/a	0.2674347000429407	1077.5912671000697	r	m	1	0
3	6	255	response	1077.7424989000428	0.0	trigger	n/a	n/a	128	n/a	n/a	n/a	n/a	n/a	n/a	n/a	n/a
3	6	255	feedback	1077.772813700023	0.0	trigger	n/a	n/a	96	n/a	n/a	n/a	n/a	n/a	n/a	n/a	n/a
3	6	255	fix_cross_after_trial	1077.9569251000066	1.916057466707798	fixation cross	n/a	n/a	94	1077.9569559000083	3.0800001695752144e-05	n/a	n/a	n/a	n/a	n/a	n/a
3	n/a	n/a	fix_cross_iti	1077.9569559000083	0.0	trigger	n/a	n/a	94	n/a	n/a	n/a	n/a	n/a	n/a	n/a	n/a
3	6	256	image	1079.9485847000033	0.7572838667003907	image	bread	bread_43.jpg	3	1079.9486862000194	0.00010150001617148519	n/a	n/a	n/a	n/a	1	n/a
3	n/a	n/a	image	1079.9486862000194	0.0	trigger	n/a	n/a	3	n/a	n/a	n/a	n/a	n/a	n/a	n/a	n/a
3	6	256	word	1080.7059736000374	0.9164347666703634	word	Brot_german	n/a	103	1080.7060159000102	4.229997284710407e-05	n/a	n/a	n/a	n/a	1	n/a
3	n/a	n/a	word	1080.7060159000102	0.0	trigger	n/a	n/a	103	n/a	n/a	n/a	n/a	n/a	n/a	n/a	n/a
3	6	256	possible_button_press	1081.6248201000271	0.0	response	n/a	n/a	n/a	n/a	n/a	0.8201916999532841	1081.5261652999907	r	m	1	0
3	6	256	response	1081.6248310999945	0.0	trigger	n/a	n/a	128	n/a	n/a	n/a	n/a	n/a	n/a	n/a	n/a
3	6	256	feedback	1081.6551636999939	0.0	trigger	n/a	n/a	96	n/a	n/a	n/a	n/a	n/a	n/a	n/a	n/a
3	6	256	fix_cross_after_trial	1081.855989100004	2.0156128666751556	fixation cross	n/a	n/a	94	1081.8560154000297	2.6300025638192892e-05	n/a	n/a	n/a	n/a	n/a	n/a
3	n/a	n/a	fix_cross_iti	1081.8560154000297	0.0	trigger	n/a	n/a	94	n/a	n/a	n/a	n/a	n/a	n/a	n/a	n/a
3	6	257	image	1083.9084058000008	0.762989166662237	image	hand	hand_33.jpg	8	1083.908498600009	9.280000813305378e-05	n/a	n/a	n/a	n/a	1	n/a
3	n/a	n/a	image	1083.908498600009	0.0	trigger	n/a	n/a	8	n/a	n/a	n/a	n/a	n/a	n/a	n/a	n/a
3	6	257	word	1084.6714179000119	0.4992209666563667	word	Hand_german	n/a	108	1084.6714558000094	3.789999755099416e-05	n/a	n/a	n/a	n/a	1	n/a
3	n/a	n/a	word	1084.6714558000094	0.0	trigger	n/a	n/a	108	n/a	n/a	n/a	n/a	n/a	n/a	n/a	n/a
3	6	257	possible_button_press	1086.1732881999924	0.0	response	n/a	n/a	n/a	n/a	n/a	n/a	n/a	m	m	1	1
3	6	257	fix_cross_after_trial	1086.1874462999986	1.1329270667085893	fixation cross	n/a	n/a	94	1086.1874978000415	5.150004290044308e-05	n/a	n/a	n/a	n/a	n/a	n/a
3	n/a	n/a	fix_cross_iti	1086.1874978000415	0.0	trigger	n/a	n/a	94	n/a	n/a	n/a	n/a	n/a	n/a	n/a	n/a
3	6	258	image	1087.3393832000438	0.764104466656363	image	house	house_40.jpg	9	1087.3394502000301	6.699998630210757e-05	n/a	n/a	n/a	n/a	1	n/a
3	n/a	n/a	image	1087.3394502000301	0.0	trigger	n/a	n/a	9	n/a	n/a	n/a	n/a	n/a	n/a	n/a	n/a
3	6	258	word	1088.1034085000283	0.5495203666544057	word	Haus_german	n/a	109	1088.1034390000277	3.0499999411404133e-05	n/a	n/a	n/a	n/a	1	n/a
3	n/a	n/a	word	1088.1034390000277	0.0	trigger	n/a	n/a	109	n/a	n/a	n/a	n/a	n/a	n/a	n/a	n/a
3	6	258	possible_button_press	1089.60471460002	0.0	response	n/a	n/a	n/a	n/a	n/a	n/a	n/a	m	m	1	1
3	6	258	fix_cross_after_trial	1089.6190777000156	0.9333178666458934	fixation cross	n/a	n/a	94	1089.6190965000424	1.880002673715353e-05	n/a	n/a	n/a	n/a	n/a	n/a
3	n/a	n/a	fix_cross_iti	1089.6190965000424	0.0	trigger	n/a	n/a	94	n/a	n/a	n/a	n/a	n/a	n/a	n/a	n/a
3	6	259	image	1090.5719072000356	0.7635100666705057	image	chair	chair_11.jpg	4	1090.571991200035	8.399999933317304e-05	n/a	n/a	n/a	n/a	1	n/a
3	n/a	n/a	image	1090.571991200035	0.0	trigger	n/a	n/a	4	n/a	n/a	n/a	n/a	n/a	n/a	n/a	n/a
3	6	259	word	1091.3353914000327	0.5670361666745976	word	Stuhl_german	n/a	104	1091.3354144000332	2.300000051036477e-05	n/a	n/a	n/a	n/a	1	n/a
3	n/a	n/a	word	1091.3354144000332	0.0	trigger	n/a	n/a	104	n/a	n/a	n/a	n/a	n/a	n/a	n/a	n/a
3	6	259	possible_button_press	1092.8374903000076	0.0	response	n/a	n/a	n/a	n/a	n/a	n/a	n/a	m	m	1	1
3	6	259	fix_cross_after_trial	1092.8516320000053	0.8332066666955598	fixation cross	n/a	n/a	94	1092.8516575000249	2.5500019546598196e-05	n/a	n/a	n/a	n/a	n/a	n/a
3	n/a	n/a	fix_cross_iti	1092.8516575000249	0.0	trigger	n/a	n/a	94	n/a	n/a	n/a	n/a	n/a	n/a	n/a	n/a
3	6	260	image	1093.7206622000085	0.7638696666729174	image	flower	flower_14.jpg	6	1093.7207464000094	8.420000085607171e-05	n/a	n/a	n/a	n/a	0	n/a
3	n/a	n/a	image	1093.7207464000094	0.0	trigger	n/a	n/a	6	n/a	n/a	n/a	n/a	n/a	n/a	n/a	n/a
3	6	260	word	1094.484416100022	0.7163665666632824	word	Fahrrad_german	n/a	102	1094.4844474000274	3.130000550299883e-05	n/a	n/a	n/a	n/a	0	n/a
3	n/a	n/a	word	1094.4844474000274	0.0	trigger	n/a	n/a	102	n/a	n/a	n/a	n/a	n/a	n/a	n/a	n/a
3	6	260	feedback	1096.0007679000264	0.0	trigger	n/a	n/a	96	n/a	n/a	n/a	n/a	n/a	n/a	n/a	n/a
3	6	260	possible_button_press	1096.1886116000242	0.0	response	n/a	n/a	n/a	n/a	n/a	n/a	n/a	m	r	0	0
3	6	260	fix_cross_after_trial	1096.2073506000452	1.2426145666433968	fixation cross	n/a	n/a	94	1096.2073961000424	4.549999721348286e-05	n/a	n/a	n/a	n/a	n/a	n/a
3	n/a	n/a	fix_cross_iti	1096.2073961000424	0.0	trigger	n/a	n/a	94	n/a	n/a	n/a	n/a	n/a	n/a	n/a	n/a
3	6	261	image	1097.4698150000186	0.763457466677437	image	house	house_38.jpg	9	1097.4699210000108	0.00010599999222904444	n/a	n/a	n/a	n/a	1	n/a
3	n/a	n/a	image	1097.4699210000108	0.0	trigger	n/a	n/a	9	n/a	n/a	n/a	n/a	n/a	n/a	n/a	n/a
3	6	261	word	1098.2331638000323	0.5331122666286774	word	Haus_german	n/a	109	1098.2331879000412	2.4100008886307478e-05	n/a	n/a	n/a	n/a	1	n/a
3	n/a	n/a	word	1098.2331879000412	0.0	trigger	n/a	n/a	109	n/a	n/a	n/a	n/a	n/a	n/a	n/a	n/a
3	6	261	possible_button_press	1099.7353481000173	0.0	response	n/a	n/a	n/a	n/a	n/a	n/a	n/a	m	m	1	1
3	6	261	fix_cross_after_trial	1099.749526700005	0.8328839666830845	fixation cross	n/a	n/a	94	1099.7495570000028	3.029999788850546e-05	n/a	n/a	n/a	n/a	n/a	n/a
3	n/a	n/a	fix_cross_iti	1099.7495570000028	0.0	trigger	n/a	n/a	94	n/a	n/a	n/a	n/a	n/a	n/a	n/a	n/a
3	6	262	image	1100.6018156000064	0.752708466669219	image	chair	chair_13.jpg	4	1100.6018872000277	7.160002132877707e-05	n/a	n/a	n/a	n/a	0	n/a
3	n/a	n/a	image	1100.6018872000277	0.0	trigger	n/a	n/a	4	n/a	n/a	n/a	n/a	n/a	n/a	n/a	n/a
3	6	262	word	1101.3652353000361	0.4833854666251227	word	Hand_german	n/a	108	1101.3652741000406	3.880000440403819e-05	n/a	n/a	n/a	n/a	0	n/a
3	n/a	n/a	word	1101.3652741000406	0.0	trigger	n/a	n/a	108	n/a	n/a	n/a	n/a	n/a	n/a	n/a	n/a
3	6	262	feedback	1102.8651837999932	0.0	trigger	n/a	n/a	96	n/a	n/a	n/a	n/a	n/a	n/a	n/a	n/a
3	6	262	possible_button_press	1103.0564645000268	0.0	response	n/a	n/a	n/a	n/a	n/a	n/a	n/a	m	r	0	0
3	6	262	fix_cross_after_trial	1103.0664907000028	0.9317727666968949	fixation cross	n/a	n/a	94	1103.066519999993	2.929999027401209e-05	n/a	n/a	n/a	n/a	n/a	n/a
3	n/a	n/a	fix_cross_iti	1103.066519999993	0.0	trigger	n/a	n/a	94	n/a	n/a	n/a	n/a	n/a	n/a	n/a	n/a
3	6	263	image	1104.1608480000286	0.7539117666349284	image	ball	ball_12.jpg	1	1104.160932800034	8.480000542476773e-05	n/a	n/a	n/a	n/a	1	n/a
3	n/a	n/a	image	1104.160932800034	0.0	trigger	n/a	n/a	1	n/a	n/a	n/a	n/a	n/a	n/a	n/a	n/a
3	6	263	word	1104.9146342000458	0.7834529666617982	word	Ball_german	n/a	101	1104.9146674000076	3.319996176287532e-05	n/a	n/a	n/a	n/a	1	n/a
3	n/a	n/a	word	1104.9146674000076	0.0	trigger	n/a	n/a	101	n/a	n/a	n/a	n/a	n/a	n/a	n/a	n/a
3	6	263	possible_button_press	1106.416943200049	0.0	response	n/a	n/a	n/a	n/a	n/a	n/a	n/a	m	m	1	1
3	6	263	fix_cross_after_trial	1106.436356500024	0.7606007666365713	fixation cross	n/a	n/a	94	1106.4363908999949	3.439997090026736e-05	n/a	n/a	n/a	n/a	n/a	n/a
3	n/a	n/a	fix_cross_iti	1106.4363908999949	0.0	trigger	n/a	n/a	94	n/a	n/a	n/a	n/a	n/a	n/a	n/a	n/a
3	6	264	image	1107.271140900033	0.7593606666816868	image	jacket	jacket_44.jpg	10	1107.2712243000278	8.339999476447701e-05	n/a	n/a	n/a	n/a	1	n/a
3	n/a	n/a	image	1107.2712243000278	0.0	trigger	n/a	n/a	10	n/a	n/a	n/a	n/a	n/a	n/a	n/a	n/a
3	6	264	word	1108.030369700049	0.5492702666126661	word	Jacke_german	n/a	110	1108.0304110000143	4.12999652326107e-05	n/a	n/a	n/a	n/a	1	n/a
3	n/a	n/a	word	1108.0304110000143	0.0	trigger	n/a	n/a	110	n/a	n/a	n/a	n/a	n/a	n/a	n/a	n/a
3	6	264	possible_button_press	1109.5322965999949	0.0	response	n/a	n/a	n/a	n/a	n/a	n/a	n/a	m	m	1	1
3	6	264	fix_cross_after_trial	1109.5464359000325	0.883174866674608	fixation cross	n/a	n/a	94	1109.5464579000254	2.19999928958714e-05	n/a	n/a	n/a	n/a	n/a	n/a
3	n/a	n/a	fix_cross_iti	1109.5464579000254	0.0	trigger	n/a	n/a	94	n/a	n/a	n/a	n/a	n/a	n/a	n/a	n/a
3	6	265	image	1110.4522950000246	0.7603799666433133	image	dog	dog_35.jpg	5	1110.4523840000038	8.899997919797897e-05	n/a	n/a	n/a	n/a	1	n/a
3	n/a	n/a	image	1110.4523840000038	0.0	trigger	n/a	n/a	5	n/a	n/a	n/a	n/a	n/a	n/a	n/a	n/a
3	6	265	word	1111.2125746000092	0.5002009666679896	word	Hund_german	n/a	105	1111.212608700036	3.4100026823580265e-05	n/a	n/a	n/a	n/a	1	n/a
3	n/a	n/a	word	1111.212608700036	0.0	trigger	n/a	n/a	105	n/a	n/a	n/a	n/a	n/a	n/a	n/a	n/a
3	6	265	possible_button_press	1112.7145639000228	0.0	response	n/a	n/a	n/a	n/a	n/a	n/a	n/a	m	m	1	1
3	6	265	fix_cross_after_trial	1112.728430200019	0.9667150666393809	fixation cross	n/a	n/a	94	1112.7284494000487	1.9200029782950878e-05	n/a	n/a	n/a	n/a	n/a	n/a
3	n/a	n/a	fix_cross_iti	1112.7284494000487	0.0	trigger	n/a	n/a	94	n/a	n/a	n/a	n/a	n/a	n/a	n/a	n/a
3	6	266	image	1113.7151392000378	0.7628009666261732	image	bicycle	bicycle_06.jpg	2	1113.7152146000299	7.539999205619097e-05	n/a	n/a	n/a	n/a	1	n/a
3	n/a	n/a	image	1113.7152146000299	0.0	trigger	n/a	n/a	2	n/a	n/a	n/a	n/a	n/a	n/a	n/a	n/a
3	6	266	word	1114.4781463000108	0.6999281666978732	word	Fahrrad_german	n/a	102	1114.4781884000404	4.210002953186631e-05	n/a	n/a	n/a	n/a	1	n/a
3	n/a	n/a	word	1114.4781884000404	0.0	trigger	n/a	n/a	102	n/a	n/a	n/a	n/a	n/a	n/a	n/a	n/a
3	6	266	possible_button_press	1115.9646054000477	0.0	response	n/a	n/a	n/a	n/a	n/a	n/a	n/a	m	m	1	1
3	6	266	fix_cross_after_trial	1115.977995800029	1.234171866675979	fixation cross	n/a	n/a	94	1115.9780374999973	4.169996827840805e-05	n/a	n/a	n/a	n/a	n/a	n/a
3	n/a	n/a	fix_cross_iti	1115.9780374999973	0.0	trigger	n/a	n/a	94	n/a	n/a	n/a	n/a	n/a	n/a	n/a	n/a
3	6	267	image	1117.2689928000327	0.7618471666394271	image	bread	bread_24.jpg	3	1117.2691139000235	0.0001210999907925725	n/a	n/a	n/a	n/a	1	n/a
3	n/a	n/a	image	1117.2691139000235	0.0	trigger	n/a	n/a	3	n/a	n/a	n/a	n/a	n/a	n/a	n/a	n/a
3	6	267	word	1118.0439686000464	0.9165541666482113	word	Brot_german	n/a	103	1118.0440169000067	4.829996032640338e-05	n/a	n/a	n/a	n/a	1	n/a
3	n/a	n/a	word	1118.0440169000067	0.0	trigger	n/a	n/a	103	n/a	n/a	n/a	n/a	n/a	n/a	n/a	n/a
3	6	267	possible_button_press	1119.5283928000135	0.0	response	n/a	n/a	n/a	n/a	n/a	n/a	n/a	m	m	1	1
3	6	267	fix_cross_after_trial	1119.5432615000173	0.7661106666821524	fixation cross	n/a	n/a	94	1119.543298900011	3.739999374374747e-05	n/a	n/a	n/a	n/a	n/a	n/a
3	n/a	n/a	fix_cross_iti	1119.543298900011	0.0	trigger	n/a	n/a	94	n/a	n/a	n/a	n/a	n/a	n/a	n/a	n/a
3	6	268	image	1120.3298888000427	0.7632841666384138	image	hammer	hammer_19.jpg	7	1120.3299571000389	6.829999620094895e-05	n/a	n/a	n/a	n/a	1	n/a
3	n/a	n/a	image	1120.3299571000389	0.0	trigger	n/a	n/a	7	n/a	n/a	n/a	n/a	n/a	n/a	n/a	n/a
3	6	268	word	1121.0967726000235	0.5125372666554995	word	Hammer_german	n/a	107	1121.0968194000307	4.680000711232424e-05	n/a	n/a	n/a	n/a	1	n/a
3	n/a	n/a	word	1121.0968194000307	0.0	trigger	n/a	n/a	107	n/a	n/a	n/a	n/a	n/a	n/a	n/a	n/a
3	6	268	possible_button_press	1122.5945275000413	0.0	response	n/a	n/a	n/a	n/a	n/a	n/a	n/a	m	m	1	1
3	6	268	fix_cross_after_trial	1122.608904600027	0.76614556665686	fixation cross	n/a	n/a	94	1122.608932300005	2.7699978090822697e-05	n/a	n/a	n/a	n/a	n/a	n/a
3	n/a	n/a	fix_cross_iti	1122.608932300005	0.0	trigger	n/a	n/a	94	n/a	n/a	n/a	n/a	n/a	n/a	n/a	n/a
3	6	269	image	1123.4122291000094	0.7493974666615486	image	house	house_09.jpg	9	1123.4122994000209	7.03000114299357e-05	n/a	n/a	n/a	n/a	1	n/a
3	n/a	n/a	image	1123.4122994000209	0.0	trigger	n/a	n/a	9	n/a	n/a	n/a	n/a	n/a	n/a	n/a	n/a
3	6	269	word	1124.163388200046	0.528346166658821	word	Haus_german	n/a	109	1124.163426300045	3.809999907389283e-05	n/a	n/a	n/a	n/a	1	n/a
3	n/a	n/a	word	1124.163426300045	0.0	trigger	n/a	n/a	109	n/a	n/a	n/a	n/a	n/a	n/a	n/a	n/a
3	6	269	possible_button_press	1125.6599176000454	0.0	response	n/a	n/a	n/a	n/a	n/a	n/a	n/a	m	m	1	1
3	6	269	fix_cross_after_trial	1125.6743928000215	0.7999172666497998	fixation cross	n/a	n/a	94	1125.6744188000448	2.600002335384488e-05	n/a	n/a	n/a	n/a	n/a	n/a
3	n/a	n/a	fix_cross_iti	1125.6744188000448	0.0	trigger	n/a	n/a	94	n/a	n/a	n/a	n/a	n/a	n/a	n/a	n/a
3	6	270	image	1126.4943929000292	0.7631855666443244	image	hammer	hammer_16.jpg	7	1126.4944806999993	8.779997006058693e-05	n/a	n/a	n/a	n/a	1	n/a
3	n/a	n/a	image	1126.4944806999993	0.0	trigger	n/a	n/a	7	n/a	n/a	n/a	n/a	n/a	n/a	n/a	n/a
3	6	270	word	1127.2574203000404	0.516460066665104	word	Hammer_german	n/a	107	1127.2574444999918	2.41999514400959e-05	n/a	n/a	n/a	n/a	1	n/a
3	n/a	n/a	word	1127.2574444999918	0.0	trigger	n/a	n/a	107	n/a	n/a	n/a	n/a	n/a	n/a	n/a	n/a
3	6	270	possible_button_press	1128.7587137999944	0.0	response	n/a	n/a	n/a	n/a	n/a	n/a	n/a	m	m	1	1
3	6	270	fix_cross_after_trial	1128.7739184999955	1.0656804667125925	fixation cross	n/a	n/a	94	1128.773951100011	3.260001540184021e-05	n/a	n/a	n/a	n/a	n/a	n/a
3	n/a	n/a	fix_cross_iti	1128.773951100011	0.0	trigger	n/a	n/a	94	n/a	n/a	n/a	n/a	n/a	n/a	n/a	n/a
3	6	271	image	1129.8762939000153	0.7637437666455753	image	dog	dog_06.jpg	5	1129.8763652000343	7.130001904442906e-05	n/a	n/a	n/a	n/a	0	n/a
3	n/a	n/a	image	1129.8763652000343	0.0	trigger	n/a	n/a	5	n/a	n/a	n/a	n/a	n/a	n/a	n/a	n/a
3	6	271	word	1130.6399554000236	0.8991115666615315	word	Blume_german	n/a	106	1130.6400140000042	5.859998054802418e-05	n/a	n/a	n/a	n/a	0	n/a
3	n/a	n/a	word	1130.6400140000042	0.0	trigger	n/a	n/a	106	n/a	n/a	n/a	n/a	n/a	n/a	n/a	n/a
3	6	271	feedback	1132.156171700044	0.0	trigger	n/a	n/a	96	n/a	n/a	n/a	n/a	n/a	n/a	n/a	n/a
3	6	271	possible_button_press	1132.3424139000126	0.0	response	n/a	n/a	n/a	n/a	n/a	n/a	n/a	m	r	0	0
3	6	271	fix_cross_after_trial	1132.3560896000126	1.0991680666959383	fixation cross	n/a	n/a	94	1132.356130900036	4.1300023440271616e-05	n/a	n/a	n/a	n/a	n/a	n/a
3	n/a	n/a	fix_cross_iti	1132.356130900036	0.0	trigger	n/a	n/a	94	n/a	n/a	n/a	n/a	n/a	n/a	n/a	n/a
3	6	272	image	1133.4757078000112	0.7630304666856773	image	hammer	hammer_32.jpg	7	1133.475774999999	6.719998782500625e-05	n/a	n/a	n/a	n/a	1	n/a
3	n/a	n/a	image	1133.475774999999	0.0	trigger	n/a	n/a	7	n/a	n/a	n/a	n/a	n/a	n/a	n/a	n/a
3	6	272	word	1134.2386992000393	0.5162275666409641	word	Hammer_german	n/a	107	1134.2387367000338	3.749999450519681e-05	n/a	n/a	n/a	n/a	1	n/a
3	n/a	n/a	word	1134.2387367000338	0.0	trigger	n/a	n/a	107	n/a	n/a	n/a	n/a	n/a	n/a	n/a	n/a
3	6	272	possible_button_press	1135.7441355000483	0.0	response	n/a	n/a	n/a	n/a	n/a	n/a	n/a	m	m	1	1
3	6	272	fix_cross_after_trial	1135.7545398999937	0.8007833666672468	fixation cross	n/a	n/a	94	1135.7545565000037	1.6600009985268116e-05	n/a	n/a	n/a	n/a	n/a	n/a
3	n/a	n/a	fix_cross_iti	1135.7545565000037	0.0	trigger	n/a	n/a	94	n/a	n/a	n/a	n/a	n/a	n/a	n/a	n/a
3	6	273	image	1136.5908211000497	0.7637367666504815	image	flower	flower_30.jpg	6	1136.5909036000376	8.249998791143298e-05	n/a	n/a	n/a	n/a	1	n/a
3	n/a	n/a	image	1136.5909036000376	0.0	trigger	n/a	n/a	6	n/a	n/a	n/a	n/a	n/a	n/a	n/a	n/a
3	6	273	word	1137.3544544000179	0.8995437666928865	word	Blume_german	n/a	106	1137.3544941000291	3.9700011257082224e-05	n/a	n/a	n/a	n/a	1	n/a
3	n/a	n/a	word	1137.3544941000291	0.0	trigger	n/a	n/a	106	n/a	n/a	n/a	n/a	n/a	n/a	n/a	n/a
3	6	273	possible_button_press	1138.8561980000231	0.0	response	n/a	n/a	n/a	n/a	n/a	n/a	n/a	m	m	1	1
3	6	273	fix_cross_after_trial	1138.8701959000318	1.166607866649656	fixation cross	n/a	n/a	94	1138.8702173000202	2.139998832717538e-05	n/a	n/a	n/a	n/a	n/a	n/a
3	n/a	n/a	fix_cross_iti	1138.8702173000202	0.0	trigger	n/a	n/a	94	n/a	n/a	n/a	n/a	n/a	n/a	n/a	n/a
3	6	274	image	1140.0565380000044	0.763631766665867	image	chair	chair_36.jpg	4	1140.056607000006	6.900000153109431e-05	n/a	n/a	n/a	n/a	1	n/a
3	n/a	n/a	image	1140.056607000006	0.0	trigger	n/a	n/a	4	n/a	n/a	n/a	n/a	n/a	n/a	n/a	n/a
3	6	274	word	1140.820014099998	0.5663099666746803	word	Stuhl_german	n/a	104	1140.8200573000358	4.320003790780902e-05	n/a	n/a	n/a	n/a	1	n/a
3	n/a	n/a	word	1140.8200573000358	0.0	trigger	n/a	n/a	104	n/a	n/a	n/a	n/a	n/a	n/a	n/a	n/a
3	6	274	possible_button_press	1142.3212607000023	0.0	response	n/a	n/a	n/a	n/a	n/a	n/a	n/a	m	m	1	1
3	6	274	fix_cross_after_trial	1142.335701700009	1.0500576666711368	fixation cross	n/a	n/a	94	1142.3357189000235	1.7200014553964138e-05	n/a	n/a	n/a	n/a	n/a	n/a
3	n/a	n/a	fix_cross_iti	1142.3357189000235	0.0	trigger	n/a	n/a	94	n/a	n/a	n/a	n/a	n/a	n/a	n/a	n/a
3	6	275	image	1143.4598700000206	0.7590236666767396	image	ball	ball_42.jpg	1	1143.459946500021	7.650000043213367e-05	n/a	n/a	n/a	n/a	1	n/a
3	n/a	n/a	image	1143.459946500021	0.0	trigger	n/a	n/a	1	n/a	n/a	n/a	n/a	n/a	n/a	n/a	n/a
3	6	275	word	1144.2187027000473	0.7832303666548341	word	Ball_german	n/a	101	1144.2187265999964	2.389994915574789e-05	n/a	n/a	n/a	n/a	1	n/a
3	n/a	n/a	word	1144.2187265999964	0.0	trigger	n/a	n/a	101	n/a	n/a	n/a	n/a	n/a	n/a	n/a	n/a
3	6	275	possible_button_press	1145.720374400029	0.0	response	n/a	n/a	n/a	n/a	n/a	n/a	n/a	m	m	1	1
3	6	275	fix_cross_after_trial	1145.73473190004	1.2330853666683197	fixation cross	n/a	n/a	94	1145.734758400009	2.6499968953430653e-05	n/a	n/a	n/a	n/a	n/a	n/a
3	n/a	n/a	fix_cross_iti	1145.734758400009	0.0	trigger	n/a	n/a	94	n/a	n/a	n/a	n/a	n/a	n/a	n/a	n/a
3	6	276	image	1147.0064465000178	0.761170866670227	image	jacket	jacket_07.jpg	10	1147.0065263000433	7.98000255599618e-05	n/a	n/a	n/a	n/a	1	n/a
3	n/a	n/a	image	1147.0065263000433	0.0	trigger	n/a	n/a	10	n/a	n/a	n/a	n/a	n/a	n/a	n/a	n/a
3	6	276	word	1147.767699500022	0.533080066674529	word	Jacke_german	n/a	110	1147.7677212000126	2.169999061152339e-05	n/a	n/a	n/a	n/a	1	n/a
3	n/a	n/a	word	1147.7677212000126	0.0	trigger	n/a	n/a	110	n/a	n/a	n/a	n/a	n/a	n/a	n/a	n/a
3	6	276	possible_button_press	1149.2691381000332	0.0	response	n/a	n/a	n/a	n/a	n/a	n/a	n/a	m	m	1	1
3	6	276	fix_cross_after_trial	1149.2836991000222	1.2331644666885495	fixation cross	n/a	n/a	94	1149.2837190999999	1.999997766688466e-05	n/a	n/a	n/a	n/a	n/a	n/a
3	n/a	n/a	fix_cross_iti	1149.2837190999999	0.0	trigger	n/a	n/a	94	n/a	n/a	n/a	n/a	n/a	n/a	n/a	n/a
3	6	277	image	1150.5364574000123	0.7632129666783385	image	hand	hand_02.jpg	8	1150.5365266000153	6.920000305399299e-05	n/a	n/a	n/a	n/a	1	n/a
3	n/a	n/a	image	1150.5365266000153	0.0	trigger	n/a	n/a	8	n/a	n/a	n/a	n/a	n/a	n/a	n/a	n/a
3	6	277	word	1151.2997476000455	0.4831178666247524	word	Hand_german	n/a	108	1151.2997734000091	2.5799963623285294e-05	n/a	n/a	n/a	n/a	1	n/a
3	n/a	n/a	word	1151.2997734000091	0.0	trigger	n/a	n/a	108	n/a	n/a	n/a	n/a	n/a	n/a	n/a	n/a
3	6	277	possible_button_press	1152.7899107999983	0.0	response	n/a	n/a	n/a	n/a	n/a	n/a	n/a	m	m	1	1
3	6	277	fix_cross_after_trial	1152.799547600036	0.899585266659642	fixation cross	n/a	n/a	94	1152.7995868000435	3.920000744983554e-05	n/a	n/a	n/a	n/a	n/a	n/a
3	n/a	n/a	fix_cross_iti	1152.7995868000435	0.0	trigger	n/a	n/a	94	n/a	n/a	n/a	n/a	n/a	n/a	n/a	n/a
3	6	278	image	1153.7196235000156	0.7628351666537583	image	bicycle	bicycle_28.jpg	2	1153.719710400037	8.690002141520381e-05	n/a	n/a	n/a	n/a	1	n/a
3	n/a	n/a	image	1153.719710400037	0.0	trigger	n/a	n/a	2	n/a	n/a	n/a	n/a	n/a	n/a	n/a	n/a
3	6	278	word	1154.4823223000276	0.7001023666855417	word	Fahrrad_german	n/a	102	1154.4823654000065	4.309997893869877e-05	n/a	n/a	n/a	n/a	1	n/a
3	n/a	n/a	word	1154.4823654000065	0.0	trigger	n/a	n/a	102	n/a	n/a	n/a	n/a	n/a	n/a	n/a	n/a
3	6	278	possible_button_press	1155.9835740000126	0.0	response	n/a	n/a	n/a	n/a	n/a	n/a	n/a	m	m	1	1
3	6	278	fix_cross_after_trial	1155.9983854000457	0.7663076666688085	fixation cross	n/a	n/a	94	1155.9984246999957	3.929995000362396e-05	n/a	n/a	n/a	n/a	n/a	n/a
3	n/a	n/a	fix_cross_iti	1155.9984246999957	0.0	trigger	n/a	n/a	94	n/a	n/a	n/a	n/a	n/a	n/a	n/a	n/a
3	6	279	image	1156.784560400003	0.7632727666680239	image	chair	chair_03.jpg	4	1156.7846382000134	7.780001033097506e-05	n/a	n/a	n/a	n/a	1	n/a
3	n/a	n/a	image	1156.7846382000134	0.0	trigger	n/a	n/a	4	n/a	n/a	n/a	n/a	n/a	n/a	n/a	n/a
3	6	279	word	1157.5479005000088	0.5669499666585125	word	Stuhl_german	n/a	104	1157.5479268000345	2.6300025638192892e-05	n/a	n/a	n/a	n/a	1	n/a
3	n/a	n/a	word	1157.5479268000345	0.0	trigger	n/a	n/a	104	n/a	n/a	n/a	n/a	n/a	n/a	n/a	n/a
3	6	279	possible_button_press	1159.049420299998	0.0	response	n/a	n/a	n/a	n/a	n/a	n/a	n/a	m	m	1	1
3	6	279	fix_cross_after_trial	1159.0637947000214	1.0002707666756123	fixation cross	n/a	n/a	94	1159.0638195000356	2.4800014216452837e-05	n/a	n/a	n/a	n/a	n/a	n/a
3	n/a	n/a	fix_cross_iti	1159.0638195000356	0.0	trigger	n/a	n/a	94	n/a	n/a	n/a	n/a	n/a	n/a	n/a	n/a
3	6	280	image	1160.1006580000394	0.7628296666700862	image	bread	bread_04.jpg	3	1160.1007479000255	8.9899986051023e-05	n/a	n/a	n/a	n/a	1	n/a
3	n/a	n/a	image	1160.1007479000255	0.0	trigger	n/a	n/a	3	n/a	n/a	n/a	n/a	n/a	n/a	n/a	n/a
3	6	280	word	1160.8634968000115	0.9326441666964911	word	Brot_german	n/a	103	1160.8635376000311	4.080001963302493e-05	n/a	n/a	n/a	n/a	1	n/a
3	n/a	n/a	word	1160.8635376000311	0.0	trigger	n/a	n/a	103	n/a	n/a	n/a	n/a	n/a	n/a	n/a	n/a
3	6	280	possible_button_press	1162.365398199996	0.0	response	n/a	n/a	n/a	n/a	n/a	n/a	n/a	m	m	1	1
3	6	280	fix_cross_after_trial	1162.3795053000213	1.19949816668327	fixation cross	n/a	n/a	94	1162.3795235000434	1.8200022168457508e-05	n/a	n/a	n/a	n/a	n/a	n/a
3	n/a	n/a	fix_cross_iti	1162.3795235000434	0.0	trigger	n/a	n/a	94	n/a	n/a	n/a	n/a	n/a	n/a	n/a	n/a
3	6	281	image	1163.6629744000384	0.7495021666438788	image	ball	ball_14.jpg	1	1163.6630543000065	7.989996811375022e-05	n/a	n/a	n/a	n/a	1	n/a
3	n/a	n/a	image	1163.6630543000065	0.0	trigger	n/a	n/a	1	n/a	n/a	n/a	n/a	n/a	n/a	n/a	n/a
3	6	281	word	1164.4124247000436	0.7660623666636184	word	Ball_german	n/a	101	1164.4124528000248	2.8099981136620045e-05	n/a	n/a	n/a	n/a	1	n/a
3	n/a	n/a	word	1164.4124528000248	0.0	trigger	n/a	n/a	101	n/a	n/a	n/a	n/a	n/a	n/a	n/a	n/a
3	6	281	possible_button_press	1165.9138830000302	0.0	response	n/a	n/a	n/a	n/a	n/a	n/a	n/a	m	m	1	1
3	6	281	fix_cross_after_trial	1165.9282733	1.2331305666632488	fixation cross	n/a	n/a	94	1165.928304000001	3.070000093430281e-05	n/a	n/a	n/a	n/a	n/a	n/a
3	n/a	n/a	fix_cross_iti	1165.928304000001	0.0	trigger	n/a	n/a	94	n/a	n/a	n/a	n/a	n/a	n/a	n/a	n/a
3	6	282	image	1167.1825200000312	0.7619732666682921	image	chair	chair_34.jpg	4	1167.1825960000278	7.599999662488699e-05	n/a	n/a	n/a	n/a	1	n/a
3	n/a	n/a	image	1167.1825960000278	0.0	trigger	n/a	n/a	4	n/a	n/a	n/a	n/a	n/a	n/a	n/a	n/a
3	6	282	word	1167.9446157999919	0.5662145667049572	word	Stuhl_german	n/a	104	1167.944638600049	2.280005719512701e-05	n/a	n/a	n/a	n/a	1	n/a
3	n/a	n/a	word	1167.944638600049	0.0	trigger	n/a	n/a	104	n/a	n/a	n/a	n/a	n/a	n/a	n/a	n/a
3	6	282	possible_button_press	1169.446567600011	0.0	response	n/a	n/a	n/a	n/a	n/a	n/a	n/a	m	m	1	1
3	6	282	fix_cross_after_trial	1169.460750200029	0.8494780666699171	fixation cross	n/a	n/a	94	1169.4607682999922	1.8099963199347258e-05	n/a	n/a	n/a	n/a	n/a	n/a
3	n/a	n/a	fix_cross_iti	1169.4607682999922	0.0	trigger	n/a	n/a	94	n/a	n/a	n/a	n/a	n/a	n/a	n/a	n/a
3	6	283	image	1170.3847790000145	0.7588259666847534	image	dog	dog_41.jpg	5	1170.3848596000462	8.060003165155649e-05	n/a	n/a	n/a	n/a	1	n/a
3	n/a	n/a	image	1170.3848596000462	0.0	trigger	n/a	n/a	5	n/a	n/a	n/a	n/a	n/a	n/a	n/a	n/a
3	6	283	word	1171.143974800012	0.48873196664885654	word	Hund_german	n/a	105	1171.1440141000203	3.9300008211284876e-05	n/a	n/a	n/a	n/a	1	n/a
3	n/a	n/a	word	1171.1440141000203	0.0	trigger	n/a	n/a	105	n/a	n/a	n/a	n/a	n/a	n/a	n/a	n/a
3	6	283	possible_button_press	1172.64543090004	0.0	response	n/a	n/a	n/a	n/a	n/a	n/a	n/a	m	m	1	1
3	6	283	fix_cross_after_trial	1172.659558000043	0.9167269666252196	fixation cross	n/a	n/a	94	1172.6595864000265	2.8399983420968056e-05	n/a	n/a	n/a	n/a	n/a	n/a
3	n/a	n/a	fix_cross_iti	1172.6595864000265	0.0	trigger	n/a	n/a	94	n/a	n/a	n/a	n/a	n/a	n/a	n/a	n/a
3	6	284	image	1173.6308036000119	0.7615969666551337	image	house	house_43.jpg	9	1173.630888900021	8.530000923201442e-05	n/a	n/a	n/a	n/a	1	n/a
3	n/a	n/a	image	1173.630888900021	0.0	trigger	n/a	n/a	9	n/a	n/a	n/a	n/a	n/a	n/a	n/a	n/a
3	6	284	word	1174.3926805999945	0.5332327666731089	word	Haus_german	n/a	109	1174.3927362000104	5.560001591220498e-05	n/a	n/a	n/a	n/a	1	n/a
3	n/a	n/a	word	1174.3927362000104	0.0	trigger	n/a	n/a	109	n/a	n/a	n/a	n/a	n/a	n/a	n/a	n/a
3	6	284	possible_button_press	1175.8782525000279	0.0	response	n/a	n/a	n/a	n/a	n/a	n/a	n/a	m	m	1	1
3	6	284	fix_cross_after_trial	1175.8930200000177	1.115252066698531	fixation cross	n/a	n/a	94	1175.893064200005	4.4199987314641476e-05	n/a	n/a	n/a	n/a	n/a	n/a
3	n/a	n/a	fix_cross_iti	1175.893064200005	0.0	trigger	n/a	n/a	94	n/a	n/a	n/a	n/a	n/a	n/a	n/a	n/a
3	6	285	image	1177.0464598000399	0.76177706662952	image	bread	bread_27.jpg	3	1177.046534300025	7.449998520314693e-05	n/a	n/a	n/a	n/a	0	n/a
3	n/a	n/a	image	1177.046534300025	0.0	trigger	n/a	n/a	3	n/a	n/a	n/a	n/a	n/a	n/a	n/a	n/a
3	6	285	word	1177.8081919000251	0.6998503666875422	word	Fahrrad_german	n/a	102	1177.808229200018	3.7299992982298136e-05	n/a	n/a	n/a	n/a	0	n/a
3	n/a	n/a	word	1177.808229200018	0.0	trigger	n/a	n/a	102	n/a	n/a	n/a	n/a	n/a	n/a	n/a	n/a
3	6	285	feedback	1179.3245031000115	0.0	trigger	n/a	n/a	96	n/a	n/a	n/a	n/a	n/a	n/a	n/a	n/a
3	6	285	possible_button_press	1179.5171285000397	0.0	response	n/a	n/a	n/a	n/a	n/a	n/a	n/a	m	r	0	0
3	6	285	fix_cross_after_trial	1179.5298558000359	0.9443019666398413	fixation cross	n/a	n/a	94	1179.5299003000255	4.449998959898949e-05	n/a	n/a	n/a	n/a	n/a	n/a
3	n/a	n/a	fix_cross_iti	1179.5299003000255	0.0	trigger	n/a	n/a	94	n/a	n/a	n/a	n/a	n/a	n/a	n/a	n/a
3	6	286	image	1180.5100863000262	0.7639004666746132	image	flower	flower_17.jpg	6	1180.5101625000243	7.619999814778566e-05	n/a	n/a	n/a	n/a	1	n/a
3	n/a	n/a	image	1180.5101625000243	0.0	trigger	n/a	n/a	6	n/a	n/a	n/a	n/a	n/a	n/a	n/a	n/a
3	6	286	word	1181.2796816000482	0.8937272666410081	word	Blume_german	n/a	106	1181.279724800028	4.3199979700148106e-05	n/a	n/a	n/a	n/a	1	n/a
3	n/a	n/a	word	1181.279724800028	0.0	trigger	n/a	n/a	106	n/a	n/a	n/a	n/a	n/a	n/a	n/a	n/a
3	6	286	possible_button_press	1182.776578799996	0.0	response	n/a	n/a	n/a	n/a	n/a	n/a	n/a	m	m	1	1
3	6	286	fix_cross_after_trial	1182.790332100005	1.2156768667084634	fixation cross	n/a	n/a	94	1182.7903757000458	4.360004095360637e-05	n/a	n/a	n/a	n/a	n/a	n/a
3	n/a	n/a	fix_cross_iti	1182.7903757000458	0.0	trigger	n/a	n/a	94	n/a	n/a	n/a	n/a	n/a	n/a	n/a	n/a
3	6	287	image	1184.0261223000125	0.7634524666975722	image	bicycle	bicycle_40.jpg	2	1184.0262157000252	9.34000127017498e-05	n/a	n/a	n/a	n/a	1	n/a
3	n/a	n/a	image	1184.0262157000252	0.0	trigger	n/a	n/a	2	n/a	n/a	n/a	n/a	n/a	n/a	n/a	n/a
3	6	287	word	1184.7894085000153	0.7166484666561246	word	Fahrrad_german	n/a	102	1184.789448400028	3.99000127799809e-05	n/a	n/a	n/a	n/a	1	n/a
3	n/a	n/a	word	1184.789448400028	0.0	trigger	n/a	n/a	102	n/a	n/a	n/a	n/a	n/a	n/a	n/a	n/a
3	6	287	possible_button_press	1186.2975209000288	0.0	response	n/a	n/a	n/a	n/a	n/a	n/a	n/a	m	m	1	1
3	6	287	fix_cross_after_trial	1186.3063650000258	0.998675566636166	fixation cross	n/a	n/a	94	1186.306396400032	3.1400006264448166e-05	n/a	n/a	n/a	n/a	n/a	n/a
3	n/a	n/a	fix_cross_iti	1186.306396400032	0.0	trigger	n/a	n/a	94	n/a	n/a	n/a	n/a	n/a	n/a	n/a	n/a
3	6	288	image	1187.3246677000425	0.7638180666292556	image	jacket	jacket_15.jpg	10	1187.3247304999968	6.279995432123542e-05	n/a	n/a	n/a	n/a	1	n/a
3	n/a	n/a	image	1187.3247304999968	0.0	trigger	n/a	n/a	10	n/a	n/a	n/a	n/a	n/a	n/a	n/a	n/a
3	6	288	word	1188.0918293000432	0.530866366640339	word	Jacke_german	n/a	110	1188.0918653000263	3.5999983083456755e-05	n/a	n/a	n/a	n/a	1	n/a
3	n/a	n/a	word	1188.0918653000263	0.0	trigger	n/a	n/a	110	n/a	n/a	n/a	n/a	n/a	n/a	n/a	n/a
3	6	288	possible_button_press	1189.5901914000278	0.0	response	n/a	n/a	n/a	n/a	n/a	n/a	n/a	m	m	1	1
3	6	288	fix_cross_after_trial	1189.604489499994	0.882700166668883	fixation cross	n/a	n/a	94	1189.6045214000042	3.190001007169485e-05	n/a	n/a	n/a	n/a	n/a	n/a
3	n/a	n/a	fix_cross_iti	1189.6045214000042	0.0	trigger	n/a	n/a	94	n/a	n/a	n/a	n/a	n/a	n/a	n/a	n/a
3	6	289	image	1190.5240503000095	0.7631492666589565	image	flower	flower_39.jpg	6	1190.5241316000465	8.130003698170185e-05	n/a	n/a	n/a	n/a	1	n/a
3	n/a	n/a	image	1190.5241316000465	0.0	trigger	n/a	n/a	6	n/a	n/a	n/a	n/a	n/a	n/a	n/a	n/a
3	6	289	word	1191.2871704000281	0.8996358666374817	word	Blume_german	n/a	106	1191.2871911000111	2.069998299703002e-05	n/a	n/a	n/a	n/a	1	n/a
3	n/a	n/a	word	1191.2871911000111	0.0	trigger	n/a	n/a	106	n/a	n/a	n/a	n/a	n/a	n/a	n/a	n/a
3	6	289	possible_button_press	1192.7729598000296	0.0	response	n/a	n/a	n/a	n/a	n/a	n/a	n/a	m	m	1	1
3	6	289	fix_cross_after_trial	1192.7867735000327	0.7904829666406386	fixation cross	n/a	n/a	94	1192.7868139999919	4.0499959141016006e-05	n/a	n/a	n/a	n/a	n/a	n/a
3	n/a	n/a	fix_cross_iti	1192.7868139999919	0.0	trigger	n/a	n/a	94	n/a	n/a	n/a	n/a	n/a	n/a	n/a	n/a
3	6	290	image	1193.6514798999997	0.7521525666854814	image	hand	hand_25.jpg	8	1193.651663800003	0.00018390000332146883	n/a	n/a	n/a	n/a	1	n/a
3	n/a	n/a	image	1193.651663800003	0.0	trigger	n/a	n/a	8	n/a	n/a	n/a	n/a	n/a	n/a	n/a	n/a
3	6	290	word	1194.403773500002	0.5006154666809834	word	Hand_german	n/a	108	1194.403817500046	4.4000043999403715e-05	n/a	n/a	n/a	n/a	1	n/a
3	n/a	n/a	word	1194.403817500046	0.0	trigger	n/a	n/a	108	n/a	n/a	n/a	n/a	n/a	n/a	n/a	n/a
3	6	290	possible_button_press	1195.9050932000391	0.0	response	n/a	n/a	n/a	n/a	n/a	n/a	n/a	m	m	1	1
3	6	290	fix_cross_after_trial	1195.9195427999948	0.8332446666938722	fixation cross	n/a	n/a	94	1195.9195660999976	2.3300002794712782e-05	n/a	n/a	n/a	n/a	n/a	n/a
3	n/a	n/a	fix_cross_iti	1195.9195660999976	0.0	trigger	n/a	n/a	94	n/a	n/a	n/a	n/a	n/a	n/a	n/a	n/a
3	6	291	image	1196.791112100007	0.7628121666532479	image	jacket	jacket_28.jpg	10	1196.7912006000406	8.85000335983932e-05	n/a	n/a	n/a	n/a	1	n/a
3	n/a	n/a	image	1196.7912006000406	0.0	trigger	n/a	n/a	10	n/a	n/a	n/a	n/a	n/a	n/a	n/a	n/a
3	6	291	word	1197.553954700008	0.559939966657339	word	Jacke_german	n/a	110	1197.5539977000444	4.3000036384910345e-05	n/a	n/a	n/a	n/a	1	n/a
3	n/a	n/a	word	1197.5539977000444	0.0	trigger	n/a	n/a	110	n/a	n/a	n/a	n/a	n/a	n/a	n/a	n/a
3	6	291	possible_button_press	1199.0541219000006	0.0	response	n/a	n/a	n/a	n/a	n/a	n/a	n/a	m	m	1	1
3	6	291	fix_cross_after_trial	1199.068277900049	0.7828169666502163	fixation cross	n/a	n/a	94	1199.0683136000298	3.5699980799108744e-05	n/a	n/a	n/a	n/a	n/a	n/a
3	n/a	n/a	fix_cross_iti	1199.0683136000298	0.0	trigger	n/a	n/a	94	n/a	n/a	n/a	n/a	n/a	n/a	n/a	n/a
3	6	292	image	1199.8711803000188	0.7631360666748606	image	hammer	hammer_06.jpg	7	1199.871249400021	6.910000229254365e-05	n/a	n/a	n/a	n/a	1	n/a
3	n/a	n/a	image	1199.871249400021	0.0	trigger	n/a	n/a	7	n/a	n/a	n/a	n/a	n/a	n/a	n/a	n/a
3	6	292	word	1200.63422800001	0.5180073666890621	word	Hammer_german	n/a	107	1200.634261600033	3.360002301633358e-05	n/a	n/a	n/a	n/a	1	n/a
3	n/a	n/a	word	1200.634261600033	0.0	trigger	n/a	n/a	107	n/a	n/a	n/a	n/a	n/a	n/a	n/a	n/a
3	6	292	possible_button_press	1202.1356563000008	0.0	response	n/a	n/a	n/a	n/a	n/a	n/a	n/a	m	m	1	1
3	6	292	fix_cross_after_trial	1202.1503464000416	1.0831109666653447	fixation cross	n/a	n/a	94	1202.1503651000094	1.869996776804328e-05	n/a	n/a	n/a	n/a	n/a	n/a
3	n/a	n/a	fix_cross_iti	1202.1503651000094	0.0	trigger	n/a	n/a	94	n/a	n/a	n/a	n/a	n/a	n/a	n/a	n/a
3	6	293	image	1203.3776321000187	0.7556103666468061	image	ball	ball_15.jpg	1	1203.3777222000062	9.009998757392168e-05	n/a	n/a	n/a	n/a	1	n/a
3	n/a	n/a	image	1203.3777222000062	0.0	trigger	n/a	n/a	1	n/a	n/a	n/a	n/a	n/a	n/a	n/a	n/a
3	6	293	word	1204.133292500046	0.7832422666290313	word	Ball_german	n/a	101	1204.133324399998	3.189995186403394e-05	n/a	n/a	n/a	n/a	1	n/a
3	n/a	n/a	word	1204.133324399998	0.0	trigger	n/a	n/a	101	n/a	n/a	n/a	n/a	n/a	n/a	n/a	n/a
3	6	293	possible_button_press	1205.6348011000082	0.0	response	n/a	n/a	n/a	n/a	n/a	n/a	n/a	m	m	1	1
3	6	293	fix_cross_after_trial	1205.6552467000438	1.22686006664685	fixation cross	n/a	n/a	94	1205.655276900041	3.0199997127056122e-05	n/a	n/a	n/a	n/a	n/a	n/a
3	n/a	n/a	fix_cross_iti	1205.655276900041	0.0	trigger	n/a	n/a	94	n/a	n/a	n/a	n/a	n/a	n/a	n/a	n/a
3	6	294	image	1206.9396730000153	0.7590432666513607	image	house	house_48.jpg	9	1206.9397600000375	8.700002217665315e-05	n/a	n/a	n/a	n/a	1	n/a
3	n/a	n/a	image	1206.9397600000375	0.0	trigger	n/a	n/a	9	n/a	n/a	n/a	n/a	n/a	n/a	n/a	n/a
3	6	294	word	1207.6989029000397	0.5493689666657247	word	Haus_german	n/a	109	1207.6989385000197	3.559998003765941e-05	n/a	n/a	n/a	n/a	1	n/a
3	n/a	n/a	word	1207.6989385000197	0.0	trigger	n/a	n/a	109	n/a	n/a	n/a	n/a	n/a	n/a	n/a	n/a
3	6	294	possible_button_press	1209.2002579999971	0.0	response	n/a	n/a	n/a	n/a	n/a	n/a	n/a	m	m	1	1
3	6	294	fix_cross_after_trial	1209.2147182000335	0.9221009666255213	fixation cross	n/a	n/a	94	1209.214737400005	1.9199971575289965e-05	n/a	n/a	n/a	n/a	n/a	n/a
3	n/a	n/a	fix_cross_iti	1209.214737400005	0.0	trigger	n/a	n/a	94	n/a	n/a	n/a	n/a	n/a	n/a	n/a	n/a
3	6	295	image	1210.185971800005	0.7616065666700251	image	hand	hand_03.jpg	8	1210.1860463000485	7.450004341080785e-05	n/a	n/a	n/a	n/a	1	n/a
3	n/a	n/a	image	1210.1860463000485	0.0	trigger	n/a	n/a	8	n/a	n/a	n/a	n/a	n/a	n/a	n/a	n/a
3	6	295	word	1210.9478272999986	0.5004535666705578	word	Hand_german	n/a	108	1210.9478657	3.840000135824084e-05	n/a	n/a	n/a	n/a	1	n/a
3	n/a	n/a	word	1210.9478657	0.0	trigger	n/a	n/a	108	n/a	n/a	n/a	n/a	n/a	n/a	n/a	n/a
3	6	295	possible_button_press	1212.434501700045	0.0	response	n/a	n/a	n/a	n/a	n/a	n/a	n/a	m	m	1	1
3	6	295	fix_cross_after_trial	1212.4473405000172	1.0830912666899621	fixation cross	n/a	n/a	94	1212.4473817000398	4.120002267882228e-05	n/a	n/a	n/a	n/a	n/a	n/a
3	n/a	n/a	fix_cross_iti	1212.4473817000398	0.0	trigger	n/a	n/a	94	n/a	n/a	n/a	n/a	n/a	n/a	n/a	n/a
3	6	296	image	1213.56761930004	0.7626070666631222	image	ball	ball_34.jpg	1	1213.567709200026	8.9899986051023e-05	n/a	n/a	n/a	n/a	1	n/a
3	n/a	n/a	image	1213.567709200026	0.0	trigger	n/a	n/a	1	n/a	n/a	n/a	n/a	n/a	n/a	n/a	n/a
3	6	296	word	1214.3301238000276	0.7825604666761592	word	Ball_german	n/a	101	1214.3301657999982	4.199997056275606e-05	n/a	n/a	n/a	n/a	1	n/a
3	n/a	n/a	word	1214.3301657999982	0.0	trigger	n/a	n/a	101	n/a	n/a	n/a	n/a	n/a	n/a	n/a	n/a
3	6	296	possible_button_press	1215.8319334000116	0.0	response	n/a	n/a	n/a	n/a	n/a	n/a	n/a	m	m	1	1
3	6	296	fix_cross_after_trial	1215.8461815000046	1.2006117666644514	fixation cross	n/a	n/a	94	1215.8462115000002	2.9999995604157448e-05	n/a	n/a	n/a	n/a	n/a	n/a
3	n/a	n/a	fix_cross_iti	1215.8462115000002	0.0	trigger	n/a	n/a	94	n/a	n/a	n/a	n/a	n/a	n/a	n/a	n/a
3	6	297	image	1217.1063529000385	0.7562433666355446	image	bicycle	bicycle_48.jpg	2	1217.106428100029	7.51999905332923e-05	n/a	n/a	n/a	n/a	0	n/a
3	n/a	n/a	image	1217.106428100029	0.0	trigger	n/a	n/a	2	n/a	n/a	n/a	n/a	n/a	n/a	n/a	n/a
3	6	297	word	1217.8622716999962	0.9009970666995741	word	Blume_german	n/a	106	1217.862329900032	5.820003570988774e-05	n/a	n/a	n/a	n/a	0	n/a
3	n/a	n/a	word	1217.862329900032	0.0	trigger	n/a	n/a	106	n/a	n/a	n/a	n/a	n/a	n/a	n/a	n/a
3	6	297	feedback	1219.3620363000082	0.0	trigger	n/a	n/a	96	n/a	n/a	n/a	n/a	n/a	n/a	n/a	n/a
3	6	297	possible_button_press	1219.5643198000034	0.0	response	n/a	n/a	n/a	n/a	n/a	n/a	n/a	m	r	0	0
3	6	297	fix_cross_after_trial	1219.578340500011	0.9836289666748144	fixation cross	n/a	n/a	94	1219.578386100009	4.5599997974932194e-05	n/a	n/a	n/a	n/a	n/a	n/a
3	n/a	n/a	fix_cross_iti	1219.578386100009	0.0	trigger	n/a	n/a	94	n/a	n/a	n/a	n/a	n/a	n/a	n/a	n/a
3	6	298	image	1220.6025563000003	0.7589141667160675	image	jacket	jacket_36.jpg	10	1220.6026658000192	0.00010950001887977123	n/a	n/a	n/a	n/a	1	n/a
3	n/a	n/a	image	1220.6026658000192	0.0	trigger	n/a	n/a	10	n/a	n/a	n/a	n/a	n/a	n/a	n/a	n/a
3	6	298	word	1221.3615491000237	0.5324619666828312	word	Jacke_german	n/a	110	1221.3616005000076	5.139998393133283e-05	n/a	n/a	n/a	n/a	1	n/a
3	n/a	n/a	word	1221.3616005000076	0.0	trigger	n/a	n/a	110	n/a	n/a	n/a	n/a	n/a	n/a	n/a	n/a
3	6	298	possible_button_press	1222.8635355000151	0.0	response	n/a	n/a	n/a	n/a	n/a	n/a	n/a	m	m	1	1
3	6	298	fix_cross_after_trial	1222.8775858000154	0.7992511667000599	fixation cross	n/a	n/a	94	1222.8776202000445	3.4400029107928276e-05	n/a	n/a	n/a	n/a	n/a	n/a
3	n/a	n/a	fix_cross_iti	1222.8776202000445	0.0	trigger	n/a	n/a	94	n/a	n/a	n/a	n/a	n/a	n/a	n/a	n/a
3	6	299	image	1223.71355580003	0.7632161666444972	image	hammer	hammer_37.jpg	7	1223.713625400036	6.960000609979033e-05	n/a	n/a	n/a	n/a	1	n/a
3	n/a	n/a	image	1223.713625400036	0.0	trigger	n/a	n/a	7	n/a	n/a	n/a	n/a	n/a	n/a	n/a	n/a
3	6	299	word	1224.4825450000353	0.5108518666277178	word	Hammer_german	n/a	107	1224.4825875000097	4.2499974370002747e-05	n/a	n/a	n/a	n/a	1	n/a
3	n/a	n/a	word	1224.4825875000097	0.0	trigger	n/a	n/a	107	n/a	n/a	n/a	n/a	n/a	n/a	n/a	n/a
3	6	299	possible_button_press	1225.9794212999986	0.0	response	n/a	n/a	n/a	n/a	n/a	n/a	n/a	m	m	1	1
3	6	299	fix_cross_after_trial	1225.9930879000458	0.9399627666609831	fixation cross	n/a	n/a	94	1225.99311510002	2.719997428357601e-05	n/a	n/a	n/a	n/a	n/a	n/a
3	n/a	n/a	fix_cross_iti	1225.99311510002	0.0	trigger	n/a	n/a	94	n/a	n/a	n/a	n/a	n/a	n/a	n/a	n/a
3	6	300	image	1226.9827611999935	0.7600538667213641	image	dog	dog_28.jpg	5	1226.9828606999945	9.950000094249845e-05	n/a	n/a	n/a	n/a	1	n/a
3	n/a	n/a	image	1226.9828606999945	0.0	trigger	n/a	n/a	5	n/a	n/a	n/a	n/a	n/a	n/a	n/a	n/a
3	6	300	word	1227.7428357000463	0.49904806662038936	word	Hund_german	n/a	105	1227.7428741000476	3.840000135824084e-05	n/a	n/a	n/a	n/a	1	n/a
3	n/a	n/a	word	1227.7428741000476	0.0	trigger	n/a	n/a	105	n/a	n/a	n/a	n/a	n/a	n/a	n/a	n/a
3	6	300	possible_button_press	1229.2460165999946	0.0	response	n/a	n/a	n/a	n/a	n/a	n/a	n/a	m	m	1	1
3	6	300	fix_cross_after_trial	1229.2599039000343	0.8485832666667648	fixation cross	n/a	n/a	94	1229.2599262000294	2.2299995180219412e-05	n/a	n/a	n/a	n/a	n/a	n/a
3	n/a	n/a	fix_cross_iti	1229.2599262000294	0.0	trigger	n/a	n/a	94	n/a	n/a	n/a	n/a	n/a	n/a	n/a	n/a
3	6	300	break_instruction	1230.1101495000185	15.011245066653146	break	n/a	n/a	81	1230.1101906000404	4.110002191737294e-05	n/a	n/a	n/a	n/a	n/a	n/a
3	n/a	n/a	break_start	1230.1101906000404	0.0	trigger	n/a	n/a	81	n/a	n/a	n/a	n/a	n/a	n/a	n/a	n/a
3	n/a	n/a	break_end	1302.1719160000212	0.0	trigger	n/a	n/a	82	n/a	n/a	n/a	n/a	n/a	n/a	n/a	n/a
3	7	301	image	1302.2398031000048	0.7628513666606977	image	house	house_33.jpg	9	1302.2399519000319	0.0001488000270910561	n/a	n/a	n/a	n/a	1	n/a
3	n/a	n/a	image	1302.2399519000319	0.0	trigger	n/a	n/a	9	n/a	n/a	n/a	n/a	n/a	n/a	n/a	n/a
3	7	301	word	1303.002551600046	0.5492626666130036	word	Haus_german	n/a	109	1303.0025825000484	3.090000245720148e-05	n/a	n/a	n/a	n/a	1	n/a
3	n/a	n/a	word	1303.0025825000484	0.0	trigger	n/a	n/a	109	n/a	n/a	n/a	n/a	n/a	n/a	n/a	n/a
3	7	301	possible_button_press	1304.5045649000094	0.0	response	n/a	n/a	n/a	n/a	n/a	n/a	n/a	m	m	1	1
3	7	301	fix_cross_after_trial	1304.5186168000218	0.9997038666663229	fixation cross	n/a	n/a	94	1304.5186398000224	2.300000051036477e-05	n/a	n/a	n/a	n/a	n/a	n/a
3	n/a	n/a	fix_cross_iti	1304.5186398000224	0.0	trigger	n/a	n/a	94	n/a	n/a	n/a	n/a	n/a	n/a	n/a	n/a
3	7	302	image	1305.5534448000253	0.7649290666488469	image	dog	dog_12.jpg	5	1305.5535157000413	7.090001599863172e-05	n/a	n/a	n/a	n/a	1	n/a
3	n/a	n/a	image	1305.5535157000413	0.0	trigger	n/a	n/a	5	n/a	n/a	n/a	n/a	n/a	n/a	n/a	n/a
3	7	302	word	1306.318092600035	0.4992532666694842	word	Hund_german	n/a	105	1306.318124100042	3.15000070258975e-05	n/a	n/a	n/a	n/a	1	n/a
3	n/a	n/a	word	1306.318124100042	0.0	trigger	n/a	n/a	105	n/a	n/a	n/a	n/a	n/a	n/a	n/a	n/a
3	7	302	possible_button_press	1307.8199397000135	0.0	response	n/a	n/a	n/a	n/a	n/a	n/a	n/a	m	m	1	1
3	7	302	fix_cross_after_trial	1307.8342694000457	0.7497096666522793	fixation cross	n/a	n/a	94	1307.8342937999987	2.4399952962994576e-05	n/a	n/a	n/a	n/a	n/a	n/a
3	n/a	n/a	fix_cross_iti	1307.8342937999987	0.0	trigger	n/a	n/a	94	n/a	n/a	n/a	n/a	n/a	n/a	n/a	n/a
3	7	303	image	1308.6204871000373	0.7634667666318364	image	flower	flower_28.jpg	6	1308.6205655999947	7.84999574534595e-05	n/a	n/a	n/a	n/a	0	n/a
3	n/a	n/a	image	1308.6205655999947	0.0	trigger	n/a	n/a	6	n/a	n/a	n/a	n/a	n/a	n/a	n/a	n/a
3	7	303	word	1309.3837167000165	0.9163232666944623	word	Brot_german	n/a	103	1309.3837437000475	2.700003096833825e-05	n/a	n/a	n/a	n/a	0	n/a
3	n/a	n/a	word	1309.3837437000475	0.0	trigger	n/a	n/a	103	n/a	n/a	n/a	n/a	n/a	n/a	n/a	n/a
3	7	303	feedback	1310.9001258999924	0.0	trigger	n/a	n/a	96	n/a	n/a	n/a	n/a	n/a	n/a	n/a	n/a
3	7	303	possible_button_press	1311.1022512000054	0.0	response	n/a	n/a	n/a	n/a	n/a	n/a	n/a	m	r	0	0
3	7	303	fix_cross_after_trial	1311.1164288000436	0.9832044666438833	fixation cross	n/a	n/a	94	1311.1164552000118	2.6399968191981316e-05	n/a	n/a	n/a	n/a	n/a	n/a
3	n/a	n/a	fix_cross_iti	1311.1164552000118	0.0	trigger	n/a	n/a	94	n/a	n/a	n/a	n/a	n/a	n/a	n/a	n/a
3	7	304	image	1312.1197115000105	0.7630285666712098	image	ball	ball_04.jpg	1	1312.1198061000323	9.460002183914185e-05	n/a	n/a	n/a	n/a	1	n/a
3	n/a	n/a	image	1312.1198061000323	0.0	trigger	n/a	n/a	1	n/a	n/a	n/a	n/a	n/a	n/a	n/a	n/a
3	7	304	word	1312.8827514000004	0.7824736667137131	word	Ball_german	n/a	101	1312.8827780000283	2.6600027922540903e-05	n/a	n/a	n/a	n/a	1	n/a
3	n/a	n/a	word	1312.8827780000283	0.0	trigger	n/a	n/a	101	n/a	n/a	n/a	n/a	n/a	n/a	n/a	n/a
3	7	304	possible_button_press	1314.3847815000336	0.0	response	n/a	n/a	n/a	n/a	n/a	n/a	n/a	m	m	1	1
3	7	304	fix_cross_after_trial	1314.3988799999934	0.932937266716408	fixation cross	n/a	n/a	94	1314.398909700045	2.970005152747035e-05	n/a	n/a	n/a	n/a	n/a	n/a
3	n/a	n/a	fix_cross_iti	1314.398909700045	0.0	trigger	n/a	n/a	94	n/a	n/a	n/a	n/a	n/a	n/a	n/a	n/a
3	7	305	image	1315.3514587000245	0.7639868666340135	image	bicycle	bicycle_40.jpg	2	1315.3515490000136	9.029998909682035e-05	n/a	n/a	n/a	n/a	1	n/a
3	n/a	n/a	image	1315.3515490000136	0.0	trigger	n/a	n/a	2	n/a	n/a	n/a	n/a	n/a	n/a	n/a	n/a
3	7	305	word	1316.115290799993	0.6995927667051092	word	Fahrrad_german	n/a	102	1316.1153345000348	4.3700041715055704e-05	n/a	n/a	n/a	n/a	1	n/a
3	n/a	n/a	word	1316.1153345000348	0.0	trigger	n/a	n/a	102	n/a	n/a	n/a	n/a	n/a	n/a	n/a	n/a
3	7	305	possible_button_press	1317.6169198999996	0.0	response	n/a	n/a	n/a	n/a	n/a	n/a	n/a	m	m	1	1
3	7	305	fix_cross_after_trial	1317.631195200025	1.2329557666710116	fixation cross	n/a	n/a	94	1317.631218000024	2.2799998987466097e-05	n/a	n/a	n/a	n/a	n/a	n/a
3	n/a	n/a	fix_cross_iti	1317.631218000024	0.0	trigger	n/a	n/a	94	n/a	n/a	n/a	n/a	n/a	n/a	n/a	n/a
3	7	306	image	1318.9215288000414	0.7594345666623212	image	hand	hand_25.jpg	8	1318.921604400035	7.559999357908964e-05	n/a	n/a	n/a	n/a	1	n/a
3	n/a	n/a	image	1318.921604400035	0.0	trigger	n/a	n/a	8	n/a	n/a	n/a	n/a	n/a	n/a	n/a	n/a
3	7	306	word	1319.6811126000248	0.4989769666610755	word	Hand_german	n/a	108	1319.681161799992	4.919996717944741e-05	n/a	n/a	n/a	n/a	1	n/a
3	n/a	n/a	word	1319.681161799992	0.0	trigger	n/a	n/a	108	n/a	n/a	n/a	n/a	n/a	n/a	n/a	n/a
3	7	306	possible_button_press	1321.1831910000183	0.0	response	n/a	n/a	n/a	n/a	n/a	n/a	n/a	m	m	1	1
3	7	306	fix_cross_after_trial	1321.1969903000281	1.232701766657783	fixation cross	n/a	n/a	94	1321.1970256000059	3.5299977753311396e-05	n/a	n/a	n/a	n/a	n/a	n/a
3	n/a	n/a	fix_cross_iti	1321.1970256000059	0.0	trigger	n/a	n/a	94	n/a	n/a	n/a	n/a	n/a	n/a	n/a	n/a
3	7	307	image	1322.4522689000005	0.7610265666774012	image	house	house_38.jpg	9	1322.4523564000265	8.750002598389983e-05	n/a	n/a	n/a	n/a	1	n/a
3	n/a	n/a	image	1322.4523564000265	0.0	trigger	n/a	n/a	9	n/a	n/a	n/a	n/a	n/a	n/a	n/a	n/a
3	7	307	word	1323.2132214000449	0.5487642666596457	word	Haus_german	n/a	109	1323.2132691000006	4.769995575770736e-05	n/a	n/a	n/a	n/a	1	n/a
3	n/a	n/a	word	1323.2132691000006	0.0	trigger	n/a	n/a	109	n/a	n/a	n/a	n/a	n/a	n/a	n/a	n/a
3	7	307	possible_button_press	1324.7155106000137	0.0	response	n/a	n/a	n/a	n/a	n/a	n/a	n/a	m	m	1	1
3	7	307	fix_cross_after_trial	1324.7292674000491	0.7829911666378848	fixation cross	n/a	n/a	94	1324.7293102000258	4.279997665435076e-05	n/a	n/a	n/a	n/a	n/a	n/a
3	n/a	n/a	fix_cross_iti	1324.7293102000258	0.0	trigger	n/a	n/a	94	n/a	n/a	n/a	n/a	n/a	n/a	n/a	n/a
3	7	308	image	1325.5483544000308	0.7636375666518234	image	hand	hand_21.jpg	8	1325.5484445000184	9.009998757392168e-05	n/a	n/a	n/a	n/a	1	n/a
3	n/a	n/a	image	1325.5484445000184	0.0	trigger	n/a	n/a	8	n/a	n/a	n/a	n/a	n/a	n/a	n/a	n/a
3	7	308	word	1326.3117375000147	0.4832732666438915	word	Hand_german	n/a	108	1326.3117699000286	3.2400013878941536e-05	n/a	n/a	n/a	n/a	1	n/a
3	n/a	n/a	word	1326.3117699000286	0.0	trigger	n/a	n/a	108	n/a	n/a	n/a	n/a	n/a	n/a	n/a	n/a
3	7	308	possible_button_press	1327.7979594999924	0.0	response	n/a	n/a	n/a	n/a	n/a	n/a	n/a	m	m	1	1
3	7	308	fix_cross_after_trial	1327.8182476999937	0.8428843666954435	fixation cross	n/a	n/a	94	1327.8182842000388	3.650004509836435e-05	n/a	n/a	n/a	n/a	n/a	n/a
3	n/a	n/a	fix_cross_iti	1327.8182842000388	0.0	trigger	n/a	n/a	94	n/a	n/a	n/a	n/a	n/a	n/a	n/a	n/a
3	7	309	image	1328.7187104000477	0.7586581666294023	image	ball	ball_42.jpg	1	1328.7187912000227	8.079997496679425e-05	n/a	n/a	n/a	n/a	1	n/a
3	n/a	n/a	image	1328.7187912000227	0.0	trigger	n/a	n/a	1	n/a	n/a	n/a	n/a	n/a	n/a	n/a	n/a
3	7	309	word	1329.4773257000488	0.7848585666545205	word	Ball_german	n/a	101	1329.477355500043	2.9799994081258774e-05	n/a	n/a	n/a	n/a	1	n/a
3	n/a	n/a	word	1329.477355500043	0.0	trigger	n/a	n/a	101	n/a	n/a	n/a	n/a	n/a	n/a	n/a	n/a
3	7	309	possible_button_press	1330.9633648000308	0.0	response	n/a	n/a	n/a	n/a	n/a	n/a	n/a	m	m	1	1
3	7	309	fix_cross_after_trial	1330.9773326000432	0.882861866619578	fixation cross	n/a	n/a	94	1330.9773761000251	4.349998198449612e-05	n/a	n/a	n/a	n/a	n/a	n/a
3	n/a	n/a	fix_cross_iti	1330.9773761000251	0.0	trigger	n/a	n/a	94	n/a	n/a	n/a	n/a	n/a	n/a	n/a	n/a
3	7	310	image	1331.8810234999983	0.7623590666955806	image	chair	chair_06.jpg	4	1331.8811114000273	8.790002902969718e-05	n/a	n/a	n/a	n/a	1	n/a
3	n/a	n/a	image	1331.8811114000273	0.0	trigger	n/a	n/a	4	n/a	n/a	n/a	n/a	n/a	n/a	n/a	n/a
3	7	310	word	1332.6432567000156	0.5664608666595541	word	Stuhl_german	n/a	104	1332.6432971000322	4.040001658722758e-05	n/a	n/a	n/a	n/a	1	n/a
3	n/a	n/a	word	1332.6432971000322	0.0	trigger	n/a	n/a	104	n/a	n/a	n/a	n/a	n/a	n/a	n/a	n/a
3	7	310	possible_button_press	1334.145660100039	0.0	response	n/a	n/a	n/a	n/a	n/a	n/a	n/a	m	m	1	1
3	7	310	fix_cross_after_trial	1334.1594060000498	0.899487366612675	fixation cross	n/a	n/a	94	1334.1594371999963	3.119994653388858e-05	n/a	n/a	n/a	n/a	n/a	n/a
3	n/a	n/a	fix_cross_iti	1334.1594371999963	0.0	trigger	n/a	n/a	94	n/a	n/a	n/a	n/a	n/a	n/a	n/a	n/a
3	7	311	image	1335.0789086000295	0.7633643666670196	image	bicycle	bicycle_08.jpg	2	1335.0789786000387	7.000000914558768e-05	n/a	n/a	n/a	n/a	1	n/a
3	n/a	n/a	image	1335.0789786000387	0.0	trigger	n/a	n/a	2	n/a	n/a	n/a	n/a	n/a	n/a	n/a	n/a
3	7	311	word	1335.842341700045	0.7165529666274324	word	Fahrrad_german	n/a	102	1335.842384700023	4.299997817724943e-05	n/a	n/a	n/a	n/a	1	n/a
3	n/a	n/a	word	1335.842384700023	0.0	trigger	n/a	n/a	102	n/a	n/a	n/a	n/a	n/a	n/a	n/a	n/a
3	7	311	possible_button_press	1337.3440971000236	0.0	response	n/a	n/a	n/a	n/a	n/a	n/a	n/a	m	m	1	1
3	7	311	fix_cross_after_trial	1337.358635600016	0.9495884666723668	fixation cross	n/a	n/a	94	1337.3586655000108	2.989999484270811e-05	n/a	n/a	n/a	n/a	n/a	n/a
3	n/a	n/a	fix_cross_iti	1337.3586655000108	0.0	trigger	n/a	n/a	94	n/a	n/a	n/a	n/a	n/a	n/a	n/a	n/a
3	7	312	image	1338.3609518000158	0.7637552666749343	image	bread	bread_27.jpg	3	1338.3610803000047	0.00012849998893216252	n/a	n/a	n/a	n/a	1	n/a
3	n/a	n/a	image	1338.3610803000047	0.0	trigger	n/a	n/a	3	n/a	n/a	n/a	n/a	n/a	n/a	n/a	n/a
3	7	312	word	1339.124559400021	0.917054366673483	word	Brot_german	n/a	103	1339.1245958000072	3.63999861292541e-05	n/a	n/a	n/a	n/a	1	n/a
3	n/a	n/a	word	1339.1245958000072	0.0	trigger	n/a	n/a	103	n/a	n/a	n/a	n/a	n/a	n/a	n/a	n/a
3	7	312	possible_button_press	1340.6171148000285	0.0	response	n/a	n/a	n/a	n/a	n/a	n/a	n/a	m	m	1	1
3	7	312	fix_cross_after_trial	1340.624616999994	0.9989215667048938	fixation cross	n/a	n/a	94	1340.6246451000334	2.8100039344280958e-05	n/a	n/a	n/a	n/a	n/a	n/a
3	n/a	n/a	fix_cross_iti	1340.6246451000334	0.0	trigger	n/a	n/a	94	n/a	n/a	n/a	n/a	n/a	n/a	n/a	n/a
3	7	313	image	1341.6762013999978	0.7507748666723728	image	house	house_09.jpg	9	1341.6762744000298	7.300003198906779e-05	n/a	n/a	n/a	n/a	1	n/a
3	n/a	n/a	image	1341.6762744000298	0.0	trigger	n/a	n/a	9	n/a	n/a	n/a	n/a	n/a	n/a	n/a	n/a
3	7	313	word	1342.4409370000358	0.5314923666339837	word	Haus_german	n/a	109	1342.4409845000482	4.75000124424696e-05	n/a	n/a	n/a	n/a	1	n/a
3	n/a	n/a	word	1342.4409845000482	0.0	trigger	n/a	n/a	109	n/a	n/a	n/a	n/a	n/a	n/a	n/a	n/a
3	7	313	possible_button_press	1343.9256453000125	0.0	response	n/a	n/a	n/a	n/a	n/a	n/a	n/a	m	m	1	1
3	7	313	fix_cross_after_trial	1343.9396506000194	0.8996663666951008	fixation cross	n/a	n/a	94	1343.9396805000142	2.989999484270811e-05	n/a	n/a	n/a	n/a	n/a	n/a
3	n/a	n/a	fix_cross_iti	1343.9396805000142	0.0	trigger	n/a	n/a	94	n/a	n/a	n/a	n/a	n/a	n/a	n/a	n/a
3	7	314	image	1344.8768182000495	0.7625085666115865	image	chair	chair_36.jpg	4	1344.876903299999	8.509994950145483e-05	n/a	n/a	n/a	n/a	1	n/a
3	n/a	n/a	image	1344.876903299999	0.0	trigger	n/a	n/a	4	n/a	n/a	n/a	n/a	n/a	n/a	n/a	n/a
3	7	314	word	1345.6393320000498	0.5655956666489601	word	Stuhl_german	n/a	104	1345.6393742000218	4.2199972085654736e-05	n/a	n/a	n/a	n/a	1	n/a
3	n/a	n/a	word	1345.6393742000218	0.0	trigger	n/a	n/a	104	n/a	n/a	n/a	n/a	n/a	n/a	n/a	n/a
3	7	314	possible_button_press	1347.1407507000258	0.0	response	n/a	n/a	n/a	n/a	n/a	n/a	n/a	m	m	1	1
3	7	314	fix_cross_after_trial	1347.155045600026	1.0996766666687563	fixation cross	n/a	n/a	94	1347.1550697000348	2.4100008886307478e-05	n/a	n/a	n/a	n/a	n/a	n/a
3	n/a	n/a	fix_cross_iti	1347.1550697000348	0.0	trigger	n/a	n/a	94	n/a	n/a	n/a	n/a	n/a	n/a	n/a	n/a
3	7	315	image	1348.3175207000459	0.7537614666546233	image	bread	bread_43.jpg	3	1348.3176086000167	8.789997082203627e-05	n/a	n/a	n/a	n/a	1	n/a
3	n/a	n/a	image	1348.3176086000167	0.0	trigger	n/a	n/a	3	n/a	n/a	n/a	n/a	n/a	n/a	n/a	n/a
3	7	315	word	1349.0713353000465	0.9326822666373573	word	Brot_german	n/a	103	1349.0713644000352	2.9099988751113415e-05	n/a	n/a	n/a	n/a	1	n/a
3	n/a	n/a	word	1349.0713644000352	0.0	trigger	n/a	n/a	103	n/a	n/a	n/a	n/a	n/a	n/a	n/a	n/a
3	7	315	possible_button_press	1350.5734509000322	0.0	response	n/a	n/a	n/a	n/a	n/a	n/a	n/a	m	m	1	1
3	7	315	fix_cross_after_trial	1350.5876102000475	1.0000005666554443	fixation cross	n/a	n/a	94	1350.5876416999963	3.149994881823659e-05	n/a	n/a	n/a	n/a	n/a	n/a
3	n/a	n/a	fix_cross_iti	1350.5876416999963	0.0	trigger	n/a	n/a	94	n/a	n/a	n/a	n/a	n/a	n/a	n/a	n/a
3	7	316	image	1351.6250010000076	0.7622656666828789	image	flower	flower_24.jpg	6	1351.6250866000191	8.560001151636243e-05	n/a	n/a	n/a	n/a	1	n/a
3	n/a	n/a	image	1351.6250866000191	0.0	trigger	n/a	n/a	6	n/a	n/a	n/a	n/a	n/a	n/a	n/a	n/a
3	7	316	word	1352.3871092000045	0.8994483666649558	word	Blume_german	n/a	106	1352.3871486000135	3.940000897273421e-05	n/a	n/a	n/a	n/a	1	n/a
3	n/a	n/a	word	1352.3871486000135	0.0	trigger	n/a	n/a	106	n/a	n/a	n/a	n/a	n/a	n/a	n/a	n/a
3	7	316	possible_button_press	1353.8886671999935	0.0	response	n/a	n/a	n/a	n/a	n/a	n/a	n/a	m	m	1	1
3	7	316	fix_cross_after_trial	1353.902905600029	0.9669302666482054	fixation cross	n/a	n/a	94	1353.902926300012	2.069998299703002e-05	n/a	n/a	n/a	n/a	n/a	n/a
3	n/a	n/a	fix_cross_iti	1353.902926300012	0.0	trigger	n/a	n/a	94	n/a	n/a	n/a	n/a	n/a	n/a	n/a	n/a
3	7	317	image	1354.8895137000363	0.7637707666765436	image	hammer	hammer_13.jpg	7	1354.8896164000034	0.00010269996710121632	n/a	n/a	n/a	n/a	0	n/a
3	n/a	n/a	image	1354.8896164000034	0.0	trigger	n/a	n/a	7	n/a	n/a	n/a	n/a	n/a	n/a	n/a	n/a
3	7	317	word	1355.6530559000093	0.4991412666897759	word	Hand_german	n/a	108	1355.6531209000386	6.500002928078175e-05	n/a	n/a	n/a	n/a	0	n/a
3	n/a	n/a	word	1355.6531209000386	0.0	trigger	n/a	n/a	108	n/a	n/a	n/a	n/a	n/a	n/a	n/a	n/a
3	7	317	feedback	1357.1687096999958	0.0	trigger	n/a	n/a	96	n/a	n/a	n/a	n/a	n/a	n/a	n/a	n/a
3	7	317	possible_button_press	1357.3547342999955	0.0	response	n/a	n/a	n/a	n/a	n/a	n/a	n/a	m	r	0	0
3	7	317	fix_cross_after_trial	1357.3688740000362	0.8995834666459359	fixation cross	n/a	n/a	94	1357.3689183000242	4.429998807609081e-05	n/a	n/a	n/a	n/a	n/a	n/a
3	n/a	n/a	fix_cross_iti	1357.3689183000242	0.0	trigger	n/a	n/a	94	n/a	n/a	n/a	n/a	n/a	n/a	n/a	n/a
3	7	318	image	1358.3273842000053	0.7577592666532382	image	dog	dog_43.jpg	5	1358.3274654000415	8.120003622025251e-05	n/a	n/a	n/a	n/a	1	n/a
3	n/a	n/a	image	1358.3274654000415	0.0	trigger	n/a	n/a	5	n/a	n/a	n/a	n/a	n/a	n/a	n/a	n/a
3	7	318	word	1359.0850115999929	0.4988066667031035	word	Hund_german	n/a	105	1359.085055500036	4.390004323795438e-05	n/a	n/a	n/a	n/a	1	n/a
3	n/a	n/a	word	1359.085055500036	0.0	trigger	n/a	n/a	105	n/a	n/a	n/a	n/a	n/a	n/a	n/a	n/a
3	7	318	possible_button_press	1360.5868797000148	0.0	response	n/a	n/a	n/a	n/a	n/a	n/a	n/a	m	m	1	1
3	7	318	fix_cross_after_trial	1360.6007459000102	1.0668104667022362	fixation cross	n/a	n/a	94	1360.6007642000332	1.8300022929906845e-05	n/a	n/a	n/a	n/a	n/a	n/a
3	n/a	n/a	fix_cross_iti	1360.6007642000332	0.0	trigger	n/a	n/a	94	n/a	n/a	n/a	n/a	n/a	n/a	n/a	n/a
3	7	319	image	1361.7214688000386	0.7623990666509144	image	bread	bread_42.jpg	3	1361.7215596000315	9.079999290406704e-05	n/a	n/a	n/a	n/a	1	n/a
3	n/a	n/a	image	1361.7215596000315	0.0	trigger	n/a	n/a	3	n/a	n/a	n/a	n/a	n/a	n/a	n/a	n/a
3	7	319	word	1362.483788500016	0.9165068666954994	word	Brot_german	n/a	103	1362.4838214000338	3.290001768618822e-05	n/a	n/a	n/a	n/a	1	n/a
3	n/a	n/a	word	1362.4838214000338	0.0	trigger	n/a	n/a	103	n/a	n/a	n/a	n/a	n/a	n/a	n/a	n/a
3	7	319	possible_button_press	1363.986218200007	0.0	response	n/a	n/a	n/a	n/a	n/a	n/a	n/a	m	m	1	1
3	7	319	fix_cross_after_trial	1364.0002021000255	1.1326579666385896	fixation cross	n/a	n/a	94	1364.000236699998	3.4599972423166037e-05	n/a	n/a	n/a	n/a	n/a	n/a
3	n/a	n/a	fix_cross_iti	1364.000236699998	0.0	trigger	n/a	n/a	94	n/a	n/a	n/a	n/a	n/a	n/a	n/a	n/a
3	7	320	image	1365.1538678000215	0.7623665666944817	image	hammer	hammer_06.jpg	7	1365.153947999992	8.019997039809823e-05	n/a	n/a	n/a	n/a	1	n/a
3	n/a	n/a	image	1365.153947999992	0.0	trigger	n/a	n/a	7	n/a	n/a	n/a	n/a	n/a	n/a	n/a	n/a
3	7	320	word	1365.916091800027	0.5165427666545384	word	Hammer_german	n/a	107	1365.9161267000018	3.489997470751405e-05	n/a	n/a	n/a	n/a	1	n/a
3	n/a	n/a	word	1365.9161267000018	0.0	trigger	n/a	n/a	107	n/a	n/a	n/a	n/a	n/a	n/a	n/a	n/a
3	7	320	possible_button_press	1367.4179865000187	0.0	response	n/a	n/a	n/a	n/a	n/a	n/a	n/a	m	m	1	1
3	7	320	fix_cross_after_trial	1367.432026800001	0.9832137667146981	fixation cross	n/a	n/a	94	1367.4320536000305	2.6800029445439577e-05	n/a	n/a	n/a	n/a	n/a	n/a
3	n/a	n/a	fix_cross_iti	1367.4320536000305	0.0	trigger	n/a	n/a	94	n/a	n/a	n/a	n/a	n/a	n/a	n/a	n/a
3	7	321	image	1368.4347503000172	0.7635577666844711	image	bicycle	bicycle_39.jpg	2	1368.4348447000375	9.440002031624317e-05	n/a	n/a	n/a	n/a	1	n/a
3	n/a	n/a	image	1368.4348447000375	0.0	trigger	n/a	n/a	2	n/a	n/a	n/a	n/a	n/a	n/a	n/a	n/a
3	7	321	word	1369.198945800017	0.6992311666874684	word	Fahrrad_german	n/a	102	1369.1989883999922	4.2599975131452084e-05	n/a	n/a	n/a	n/a	1	n/a
3	n/a	n/a	word	1369.1989883999922	0.0	trigger	n/a	n/a	102	n/a	n/a	n/a	n/a	n/a	n/a	n/a	n/a
3	7	321	possible_button_press	1370.7005013000453	0.0	response	n/a	n/a	n/a	n/a	n/a	n/a	n/a	m	m	1	1
3	7	321	fix_cross_after_trial	1370.7146129000466	0.89947216661335	fixation cross	n/a	n/a	94	1370.7146553000202	4.239997360855341e-05	n/a	n/a	n/a	n/a	n/a	n/a
3	n/a	n/a	fix_cross_iti	1370.7146553000202	0.0	trigger	n/a	n/a	94	n/a	n/a	n/a	n/a	n/a	n/a	n/a	n/a
3	7	322	image	1371.6502443000209	0.7636899666433692	image	flower	flower_14.jpg	6	1371.6503170999931	7.27999722585082e-05	n/a	n/a	n/a	n/a	1	n/a
3	n/a	n/a	image	1371.6503170999931	0.0	trigger	n/a	n/a	6	n/a	n/a	n/a	n/a	n/a	n/a	n/a	n/a
3	7	322	word	1372.413918300008	0.8991188666589096	word	Blume_german	n/a	106	1372.4139428000199	2.4500011932104826e-05	n/a	n/a	n/a	n/a	1	n/a
3	n/a	n/a	word	1372.4139428000199	0.0	trigger	n/a	n/a	106	n/a	n/a	n/a	n/a	n/a	n/a	n/a	n/a
3	7	322	possible_button_press	1373.9157027000329	0.0	response	n/a	n/a	n/a	n/a	n/a	n/a	n/a	m	m	1	1
3	7	322	fix_cross_after_trial	1373.9299159999937	0.9498431666909255	fixation cross	n/a	n/a	94	1373.9299388999934	2.2899999748915434e-05	n/a	n/a	n/a	n/a	n/a	n/a
3	n/a	n/a	fix_cross_iti	1373.9299388999934	0.0	trigger	n/a	n/a	94	n/a	n/a	n/a	n/a	n/a	n/a	n/a	n/a
3	7	323	image	1374.8994469000027	0.7640214666646443	image	house	house_32.jpg	9	1374.8995310000028	8.410000009462237e-05	n/a	n/a	n/a	n/a	1	n/a
3	n/a	n/a	image	1374.8995310000028	0.0	trigger	n/a	n/a	9	n/a	n/a	n/a	n/a	n/a	n/a	n/a	n/a
3	7	323	word	1375.663229400001	0.5489788666639015	word	Haus_german	n/a	109	1375.6632763000089	4.6900007873773575e-05	n/a	n/a	n/a	n/a	1	n/a
3	n/a	n/a	word	1375.6632763000089	0.0	trigger	n/a	n/a	109	n/a	n/a	n/a	n/a	n/a	n/a	n/a	n/a
3	7	323	possible_button_press	1377.1647644000477	0.0	response	n/a	n/a	n/a	n/a	n/a	n/a	n/a	m	m	1	1
3	7	323	fix_cross_after_trial	1377.179211700044	1.0497831666182265	fixation cross	n/a	n/a	94	1377.1792401000275	2.8399983420968056e-05	n/a	n/a	n/a	n/a	n/a	n/a
3	n/a	n/a	fix_cross_iti	1377.1792401000275	0.0	trigger	n/a	n/a	94	n/a	n/a	n/a	n/a	n/a	n/a	n/a	n/a
3	7	324	image	1378.2645630000043	0.754567566680862	image	bread	bread_03.jpg	3	1378.2646467000013	8.369999704882503e-05	n/a	n/a	n/a	n/a	0	n/a
3	n/a	n/a	image	1378.2646467000013	0.0	trigger	n/a	n/a	3	n/a	n/a	n/a	n/a	n/a	n/a	n/a	n/a
3	7	324	word	1379.0279555000016	0.4837889666707724	word	Hund_german	n/a	105	1379.0279875000124	3.200001083314419e-05	n/a	n/a	n/a	n/a	0	n/a
3	n/a	n/a	word	1379.0279875000124	0.0	trigger	n/a	n/a	105	n/a	n/a	n/a	n/a	n/a	n/a	n/a	n/a
3	7	324	feedback	1380.5283169000177	0.0	trigger	n/a	n/a	96	n/a	n/a	n/a	n/a	n/a	n/a	n/a	n/a
3	7	324	possible_button_press	1380.7309920000262	0.0	response	n/a	n/a	n/a	n/a	n/a	n/a	n/a	m	r	0	0
3	7	324	fix_cross_after_trial	1380.7447218000307	0.9331063666652426	fixation cross	n/a	n/a	94	1380.744763900002	4.20999713242054e-05	n/a	n/a	n/a	n/a	n/a	n/a
3	n/a	n/a	fix_cross_iti	1380.744763900002	0.0	trigger	n/a	n/a	94	n/a	n/a	n/a	n/a	n/a	n/a	n/a	n/a
3	7	325	image	1381.7140953000053	0.763827966704639	image	jacket	jacket_07.jpg	10	1381.714187400008	9.210000280290842e-05	n/a	n/a	n/a	n/a	1	n/a
3	n/a	n/a	image	1381.714187400008	0.0	trigger	n/a	n/a	10	n/a	n/a	n/a	n/a	n/a	n/a	n/a	n/a
3	7	325	word	1382.4779258000199	0.5488826666880868	word	Jacke_german	n/a	110	1382.4779744000407	4.8600020818412304e-05	n/a	n/a	n/a	n/a	1	n/a
3	n/a	n/a	word	1382.4779744000407	0.0	trigger	n/a	n/a	110	n/a	n/a	n/a	n/a	n/a	n/a	n/a	n/a
3	7	325	possible_button_press	1383.9793641000288	0.0	response	n/a	n/a	n/a	n/a	n/a	n/a	n/a	m	m	1	1
3	7	325	fix_cross_after_trial	1383.9934457000345	1.0331889666306324	fixation cross	n/a	n/a	94	1383.9934648000053	1.9099970813840628e-05	n/a	n/a	n/a	n/a	n/a	n/a
3	n/a	n/a	fix_cross_iti	1383.9934648000053	0.0	trigger	n/a	n/a	94	n/a	n/a	n/a	n/a	n/a	n/a	n/a	n/a
3	7	326	image	1385.062506999995	0.76397866668799	image	ball	ball_34.jpg	1	1385.0625940000173	8.700002217665315e-05	n/a	n/a	n/a	n/a	1	n/a
3	n/a	n/a	image	1385.0625940000173	0.0	trigger	n/a	n/a	1	n/a	n/a	n/a	n/a	n/a	n/a	n/a	n/a
3	7	326	word	1385.8261639000266	0.7829953666698657	word	Ball_german	n/a	101	1385.8262026000302	3.8700003642588854e-05	n/a	n/a	n/a	n/a	1	n/a
3	n/a	n/a	word	1385.8262026000302	0.0	trigger	n/a	n/a	101	n/a	n/a	n/a	n/a	n/a	n/a	n/a	n/a
3	7	326	possible_button_press	1387.3280578000122	0.0	response	n/a	n/a	n/a	n/a	n/a	n/a	n/a	m	m	1	1
3	7	326	fix_cross_after_trial	1387.3424221000168	0.7902017666531265	fixation cross	n/a	n/a	94	1387.3424480000394	2.5900022592395544e-05	n/a	n/a	n/a	n/a	n/a	n/a
3	n/a	n/a	fix_cross_iti	1387.3424480000394	0.0	trigger	n/a	n/a	94	n/a	n/a	n/a	n/a	n/a	n/a	n/a	n/a
3	7	327	image	1388.1614823000273	0.7639016666837506	image	chair	chair_12.jpg	4	1388.1615586000262	7.6299998909235e-05	n/a	n/a	n/a	n/a	1	n/a
3	n/a	n/a	image	1388.1615586000262	0.0	trigger	n/a	n/a	4	n/a	n/a	n/a	n/a	n/a	n/a	n/a	n/a
3	7	327	word	1388.9254441999947	0.5656830666741826	word	Stuhl_german	n/a	104	1388.9254750999971	3.090000245720148e-05	n/a	n/a	n/a	n/a	1	n/a
3	n/a	n/a	word	1388.9254750999971	0.0	trigger	n/a	n/a	104	n/a	n/a	n/a	n/a	n/a	n/a	n/a	n/a
3	7	327	possible_button_press	1390.4276122000301	0.0	response	n/a	n/a	n/a	n/a	n/a	n/a	n/a	m	m	1	1
3	7	327	fix_cross_after_trial	1390.4418295000214	1.0829654666633814	fixation cross	n/a	n/a	94	1390.441855000041	2.5500019546598196e-05	n/a	n/a	n/a	n/a	n/a	n/a
3	n/a	n/a	fix_cross_iti	1390.441855000041	0.0	trigger	n/a	n/a	94	n/a	n/a	n/a	n/a	n/a	n/a	n/a	n/a
3	7	328	image	1391.5603658000473	0.7639543666193731	image	hand	hand_16.jpg	8	1391.5604400000302	7.419998291879892e-05	n/a	n/a	n/a	n/a	1	n/a
3	n/a	n/a	image	1391.5604400000302	0.0	trigger	n/a	n/a	8	n/a	n/a	n/a	n/a	n/a	n/a	n/a	n/a
3	7	328	word	1392.3242880000034	0.49927496666009574	word	Hand_german	n/a	108	1392.324317199993	2.9199989512562752e-05	n/a	n/a	n/a	n/a	1	n/a
3	n/a	n/a	word	1392.324317199993	0.0	trigger	n/a	n/a	108	n/a	n/a	n/a	n/a	n/a	n/a	n/a	n/a
3	7	328	possible_button_press	1393.8261022000224	0.0	response	n/a	n/a	n/a	n/a	n/a	n/a	n/a	m	m	1	1
3	7	328	fix_cross_after_trial	1393.8403201000183	1.1829919666672595	fixation cross	n/a	n/a	94	1393.840343900025	2.3800006601959467e-05	n/a	n/a	n/a	n/a	n/a	n/a
3	n/a	n/a	fix_cross_iti	1393.840343900025	0.0	trigger	n/a	n/a	94	n/a	n/a	n/a	n/a	n/a	n/a	n/a	n/a
3	7	329	image	1395.043530200026	0.764026666646032	image	bicycle	bicycle_46.jpg	2	1395.0436168000451	8.66000191308558e-05	n/a	n/a	n/a	n/a	1	n/a
3	n/a	n/a	image	1395.0436168000451	0.0	trigger	n/a	n/a	2	n/a	n/a	n/a	n/a	n/a	n/a	n/a	n/a
3	7	329	word	1395.8067815999966	0.7157099666694648	word	Fahrrad_german	n/a	102	1395.8068213000079	3.9700011257082224e-05	n/a	n/a	n/a	n/a	1	n/a
3	n/a	n/a	word	1395.8068213000079	0.0	trigger	n/a	n/a	102	n/a	n/a	n/a	n/a	n/a	n/a	n/a	n/a
3	7	329	possible_button_press	1397.3088876000256	0.0	response	n/a	n/a	n/a	n/a	n/a	n/a	n/a	m	m	1	1
3	7	329	fix_cross_after_trial	1397.3229193000006	0.7832048666934952	fixation cross	n/a	n/a	94	1397.3229499000008	3.060000017285347e-05	n/a	n/a	n/a	n/a	n/a	n/a
3	n/a	n/a	fix_cross_iti	1397.3229499000008	0.0	trigger	n/a	n/a	94	n/a	n/a	n/a	n/a	n/a	n/a	n/a	n/a
3	7	330	image	1398.1418745000265	0.7639560666323177	image	bread	bread_12.jpg	3	1398.141959700035	8.520000847056508e-05	n/a	n/a	n/a	n/a	1	n/a
3	n/a	n/a	image	1398.141959700035	0.0	trigger	n/a	n/a	3	n/a	n/a	n/a	n/a	n/a	n/a	n/a	n/a
3	7	330	word	1398.9055841999943	0.9321746666721538	word	Brot_german	n/a	103	1398.9056239000056	3.9700011257082224e-05	n/a	n/a	n/a	n/a	1	n/a
3	n/a	n/a	word	1398.9056239000056	0.0	trigger	n/a	n/a	103	n/a	n/a	n/a	n/a	n/a	n/a	n/a	n/a
3	7	330	possible_button_press	1400.4073895000038	0.0	response	n/a	n/a	n/a	n/a	n/a	n/a	n/a	m	m	1	1
3	7	330	fix_cross_after_trial	1400.4217502000392	1.0329673666312829	fixation cross	n/a	n/a	94	1400.4217736000428	2.340000355616212e-05	n/a	n/a	n/a	n/a	n/a	n/a
3	n/a	n/a	fix_cross_iti	1400.4217736000428	0.0	trigger	n/a	n/a	94	n/a	n/a	n/a	n/a	n/a	n/a	n/a	n/a
3	7	331	image	1401.4906679000123	0.76381646667528	image	chair	chair_24.jpg	4	1401.4907784000388	0.0001105000264942646	n/a	n/a	n/a	n/a	0	n/a
3	n/a	n/a	image	1401.4907784000388	0.0	trigger	n/a	n/a	4	n/a	n/a	n/a	n/a	n/a	n/a	n/a	n/a
3	7	331	word	1402.2545065000304	0.8996758666510232	word	Blume_german	n/a	106	1402.254536100023	2.95999925583601e-05	n/a	n/a	n/a	n/a	0	n/a
3	n/a	n/a	word	1402.254536100023	0.0	trigger	n/a	n/a	106	n/a	n/a	n/a	n/a	n/a	n/a	n/a	n/a
3	7	331	feedback	1403.7707976000383	0.0	trigger	n/a	n/a	96	n/a	n/a	n/a	n/a	n/a	n/a	n/a	n/a
3	7	331	possible_button_press	1403.963254900009	0.0	response	n/a	n/a	n/a	n/a	n/a	n/a	n/a	m	r	0	0
3	7	331	fix_cross_after_trial	1403.971360400028	1.1822085666392468	fixation cross	n/a	n/a	94	1403.9713899000199	2.9499991796910763e-05	n/a	n/a	n/a	n/a	n/a	n/a
3	n/a	n/a	fix_cross_iti	1403.9713899000199	0.0	trigger	n/a	n/a	94	n/a	n/a	n/a	n/a	n/a	n/a	n/a	n/a
3	7	332	image	1405.2555740000098	0.7644775667033628	image	ball	ball_03.jpg	1	1405.2556748000206	0.00010080001084133983	n/a	n/a	n/a	n/a	1	n/a
3	n/a	n/a	image	1405.2556748000206	0.0	trigger	n/a	n/a	1	n/a	n/a	n/a	n/a	n/a	n/a	n/a	n/a
3	7	332	word	1406.0200399000314	0.7664841666739903	word	Ball_german	n/a	101	1406.020073599997	3.3699965570122004e-05	n/a	n/a	n/a	n/a	1	n/a
3	n/a	n/a	word	1406.020073599997	0.0	trigger	n/a	n/a	101	n/a	n/a	n/a	n/a	n/a	n/a	n/a	n/a
3	7	332	possible_button_press	1407.522289000044	0.0	response	n/a	n/a	n/a	n/a	n/a	n/a	n/a	m	m	1	1
3	7	332	fix_cross_after_trial	1407.536234900006	0.8497818666548937	fixation cross	n/a	n/a	94	1407.536265600007	3.070000093430281e-05	n/a	n/a	n/a	n/a	n/a	n/a
3	n/a	n/a	fix_cross_iti	1407.536265600007	0.0	trigger	n/a	n/a	94	n/a	n/a	n/a	n/a	n/a	n/a	n/a	n/a
3	7	333	image	1408.415725000028	0.7535644666679673	image	house	house_12.jpg	9	1408.4158302000142	0.00010519998613744974	n/a	n/a	n/a	n/a	1	n/a
3	n/a	n/a	image	1408.4158302000142	0.0	trigger	n/a	n/a	9	n/a	n/a	n/a	n/a	n/a	n/a	n/a	n/a
3	7	333	word	1409.1691948000225	0.5491098666718699	word	Haus_german	n/a	109	1409.169236500049	4.1700026486068964e-05	n/a	n/a	n/a	n/a	1	n/a
3	n/a	n/a	word	1409.169236500049	0.0	trigger	n/a	n/a	109	n/a	n/a	n/a	n/a	n/a	n/a	n/a	n/a
3	7	333	possible_button_press	1410.6616288000369	0.0	response	n/a	n/a	n/a	n/a	n/a	n/a	n/a	m	m	1	1
3	7	333	fix_cross_after_trial	1410.6693427000428	1.1819896666604564	fixation cross	n/a	n/a	94	1410.669376500009	3.379996633157134e-05	n/a	n/a	n/a	n/a	n/a	n/a
3	n/a	n/a	fix_cross_iti	1410.669376500009	0.0	trigger	n/a	n/a	94	n/a	n/a	n/a	n/a	n/a	n/a	n/a	n/a
3	7	334	image	1411.8707370000193	0.7640203666562684	image	dog	dog_35.jpg	5	1411.8708214000217	8.440000237897038e-05	n/a	n/a	n/a	n/a	1	n/a
3	n/a	n/a	image	1411.8708214000217	0.0	trigger	n/a	n/a	5	n/a	n/a	n/a	n/a	n/a	n/a	n/a	n/a
3	7	334	word	1412.6346161999973	0.49915106670619025	word	Hund_german	n/a	105	1412.6346494000172	3.320001997053623e-05	n/a	n/a	n/a	n/a	1	n/a
3	n/a	n/a	word	1412.6346494000172	0.0	trigger	n/a	n/a	105	n/a	n/a	n/a	n/a	n/a	n/a	n/a	n/a
3	7	334	possible_button_press	1414.1208071000292	0.0	response	n/a	n/a	n/a	n/a	n/a	n/a	n/a	m	m	1	1
3	7	334	fix_cross_after_trial	1414.1341415999923	1.233019366689632	fixation cross	n/a	n/a	94	1414.1341730999993	3.15000070258975e-05	n/a	n/a	n/a	n/a	n/a	n/a
3	n/a	n/a	fix_cross_iti	1414.1341730999993	0.0	trigger	n/a	n/a	94	n/a	n/a	n/a	n/a	n/a	n/a	n/a	n/a
3	7	335	image	1415.4488081000163	0.7511191666746981	image	jacket	jacket_44.jpg	10	1415.448920499999	0.00011239998275414109	n/a	n/a	n/a	n/a	1	n/a
3	n/a	n/a	image	1415.448920499999	0.0	trigger	n/a	n/a	10	n/a	n/a	n/a	n/a	n/a	n/a	n/a	n/a
3	7	335	word	1416.2009969000355	0.5484578666548714	word	Jacke_german	n/a	110	1416.2010388000053	4.1899969801306725e-05	n/a	n/a	n/a	n/a	1	n/a
3	n/a	n/a	word	1416.2010388000053	0.0	trigger	n/a	n/a	110	n/a	n/a	n/a	n/a	n/a	n/a	n/a	n/a
3	7	335	possible_button_press	1417.7025658000493	0.0	response	n/a	n/a	n/a	n/a	n/a	n/a	n/a	m	m	1	1
3	7	335	fix_cross_after_trial	1417.716453400033	1.0831236666456334	fixation cross	n/a	n/a	94	1417.7164923000382	3.890000516548753e-05	n/a	n/a	n/a	n/a	n/a	n/a
3	n/a	n/a	fix_cross_iti	1417.7164923000382	0.0	trigger	n/a	n/a	94	n/a	n/a	n/a	n/a	n/a	n/a	n/a	n/a
3	7	336	image	1418.8199679999962	0.762728066711361	image	hammer	hammer_17.jpg	7	1418.8200656000408	9.760004468262196e-05	n/a	n/a	n/a	n/a	1	n/a
3	n/a	n/a	image	1418.8200656000408	0.0	trigger	n/a	n/a	7	n/a	n/a	n/a	n/a	n/a	n/a	n/a	n/a
3	7	336	word	1419.5826009000302	0.5164940666329585	word	Hammer_german	n/a	107	1419.58264040004	3.950000973418355e-05	n/a	n/a	n/a	n/a	1	n/a
3	n/a	n/a	word	1419.58264040004	0.0	trigger	n/a	n/a	107	n/a	n/a	n/a	n/a	n/a	n/a	n/a	n/a
3	7	336	possible_button_press	1421.0709070000448	0.0	response	n/a	n/a	n/a	n/a	n/a	n/a	n/a	m	m	1	1
3	7	336	fix_cross_after_trial	1421.082800400036	1.0819552666546315	fixation cross	n/a	n/a	94	1421.0828433000133	4.2899977415800095e-05	n/a	n/a	n/a	n/a	n/a	n/a
3	n/a	n/a	fix_cross_iti	1421.0828433000133	0.0	trigger	n/a	n/a	94	n/a	n/a	n/a	n/a	n/a	n/a	n/a	n/a
3	7	337	image	1422.2229788000113	0.7583436666793659	image	dog	dog_44.jpg	5	1422.2230670000426	8.820003131404519e-05	n/a	n/a	n/a	n/a	1	n/a
3	n/a	n/a	image	1422.2230670000426	0.0	trigger	n/a	n/a	5	n/a	n/a	n/a	n/a	n/a	n/a	n/a	n/a
3	7	337	word	1422.9814079000498	0.4991201666455254	word	Hund_german	n/a	105	1422.9814375000424	2.95999925583601e-05	n/a	n/a	n/a	n/a	1	n/a
3	n/a	n/a	word	1422.9814375000424	0.0	trigger	n/a	n/a	105	n/a	n/a	n/a	n/a	n/a	n/a	n/a	n/a
3	7	337	possible_button_press	1424.4678442000295	0.0	response	n/a	n/a	n/a	n/a	n/a	n/a	n/a	m	m	1	1
3	7	337	fix_cross_after_trial	1424.4811233000364	1.1829542666712314	fixation cross	n/a	n/a	94	1424.4811693000374	4.600000102072954e-05	n/a	n/a	n/a	n/a	n/a	n/a
3	n/a	n/a	fix_cross_iti	1424.4811693000374	0.0	trigger	n/a	n/a	94	n/a	n/a	n/a	n/a	n/a	n/a	n/a	n/a
3	7	338	image	1425.6839433000423	0.7630584666660525	image	bicycle	bicycle_06.jpg	2	1425.6840204000473	7.71000050008297e-05	n/a	n/a	n/a	n/a	1	n/a
3	n/a	n/a	image	1425.6840204000473	0.0	trigger	n/a	n/a	2	n/a	n/a	n/a	n/a	n/a	n/a	n/a	n/a
3	7	338	word	1426.446987400006	0.6997126666867644	word	Fahrrad_german	n/a	102	1426.4470165999955	2.9199989512562752e-05	n/a	n/a	n/a	n/a	1	n/a
3	n/a	n/a	word	1426.4470165999955	0.0	trigger	n/a	n/a	102	n/a	n/a	n/a	n/a	n/a	n/a	n/a	n/a
3	7	338	possible_button_press	1427.9485712000169	0.0	response	n/a	n/a	n/a	n/a	n/a	n/a	n/a	m	m	1	1
3	7	338	fix_cross_after_trial	1427.9629088999936	1.0491117666863374	fixation cross	n/a	n/a	94	1427.9629317999934	2.2899999748915434e-05	n/a	n/a	n/a	n/a	n/a	n/a
3	n/a	n/a	fix_cross_iti	1427.9629317999934	0.0	trigger	n/a	n/a	94	n/a	n/a	n/a	n/a	n/a	n/a	n/a	n/a
3	7	339	image	1429.0485791999963	0.7639880667013585	image	jacket	jacket_28.jpg	10	1429.0486458000378	6.660004146397114e-05	n/a	n/a	n/a	n/a	1	n/a
3	n/a	n/a	image	1429.0486458000378	0.0	trigger	n/a	n/a	10	n/a	n/a	n/a	n/a	n/a	n/a	n/a	n/a
3	7	339	word	1429.8125431000371	0.5329088666514963	word	Jacke_german	n/a	110	1429.8125691000023	2.5999965146183968e-05	n/a	n/a	n/a	n/a	1	n/a
3	n/a	n/a	word	1429.8125691000023	0.0	trigger	n/a	n/a	110	n/a	n/a	n/a	n/a	n/a	n/a	n/a	n/a
3	7	339	possible_button_press	1431.2987785000005	0.0	response	n/a	n/a	n/a	n/a	n/a	n/a	n/a	m	m	1	1
3	7	339	fix_cross_after_trial	1431.3124542000005	1.1328027666934304	fixation cross	n/a	n/a	94	1431.312497200037	4.3000036384910345e-05	n/a	n/a	n/a	n/a	n/a	n/a
3	n/a	n/a	fix_cross_iti	1431.312497200037	0.0	trigger	n/a	n/a	94	n/a	n/a	n/a	n/a	n/a	n/a	n/a	n/a
3	7	340	image	1432.4641242999933	0.7648736666926652	image	hand	hand_02.jpg	8	1432.4642205000273	9.620003402233124e-05	n/a	n/a	n/a	n/a	1	n/a
3	n/a	n/a	image	1432.4642205000273	0.0	trigger	n/a	n/a	8	n/a	n/a	n/a	n/a	n/a	n/a	n/a	n/a
3	7	340	word	1433.228297900001	0.48340766667774915	word	Hand_german	n/a	108	1433.2283397000283	4.18000272475183e-05	n/a	n/a	n/a	n/a	1	n/a
3	n/a	n/a	word	1433.2283397000283	0.0	trigger	n/a	n/a	108	n/a	n/a	n/a	n/a	n/a	n/a	n/a	n/a
3	7	340	possible_button_press	1434.7298828000203	0.0	response	n/a	n/a	n/a	n/a	n/a	n/a	n/a	m	m	1	1
3	7	340	fix_cross_after_trial	1434.7441556000267	1.1997117666799113	fixation cross	n/a	n/a	94	1434.7441782000242	2.2599997464567423e-05	n/a	n/a	n/a	n/a	n/a	n/a
3	n/a	n/a	fix_cross_iti	1434.7441782000242	0.0	trigger	n/a	n/a	94	n/a	n/a	n/a	n/a	n/a	n/a	n/a	n/a
3	7	341	image	1435.9792498000315	0.7658080666481055	image	jacket	jacket_37.jpg	10	1435.9793336000293	8.379999781027436e-05	n/a	n/a	n/a	n/a	1	n/a
3	n/a	n/a	image	1435.9793336000293	0.0	trigger	n/a	n/a	10	n/a	n/a	n/a	n/a	n/a	n/a	n/a	n/a
3	7	341	word	1436.7439385000034	0.5491913667103745	word	Jacke_german	n/a	110	1436.7439760999987	3.759999526664615e-05	n/a	n/a	n/a	n/a	1	n/a
3	n/a	n/a	word	1436.7439760999987	0.0	trigger	n/a	n/a	110	n/a	n/a	n/a	n/a	n/a	n/a	n/a	n/a
3	7	341	possible_button_press	1438.245788500004	0.0	response	n/a	n/a	n/a	n/a	n/a	n/a	n/a	m	m	1	1
3	7	341	fix_cross_after_trial	1438.2597364000394	0.7670152666435115	fixation cross	n/a	n/a	94	1438.259761399997	2.4999957531690598e-05	n/a	n/a	n/a	n/a	n/a	n/a
3	n/a	n/a	fix_cross_iti	1438.259761399997	0.0	trigger	n/a	n/a	94	n/a	n/a	n/a	n/a	n/a	n/a	n/a	n/a
3	7	342	image	1439.0618719000486	0.7648013666660063	image	dog	dog_28.jpg	5	1439.061963700049	9.180000051856041e-05	n/a	n/a	n/a	n/a	0	n/a
3	n/a	n/a	image	1439.061963700049	0.0	trigger	n/a	n/a	5	n/a	n/a	n/a	n/a	n/a	n/a	n/a	n/a
3	7	342	word	1439.8261457000044	0.7170440666998275	word	Fahrrad_german	n/a	102	1439.8261841000058	3.840000135824084e-05	n/a	n/a	n/a	n/a	0	n/a
3	n/a	n/a	word	1439.8261841000058	0.0	trigger	n/a	n/a	102	n/a	n/a	n/a	n/a	n/a	n/a	n/a	n/a
3	7	342	feedback	1441.342322100012	0.0	trigger	n/a	n/a	96	n/a	n/a	n/a	n/a	n/a	n/a	n/a	n/a
3	7	342	possible_button_press	1441.5455434000469	0.0	response	n/a	n/a	n/a	n/a	n/a	n/a	n/a	m	r	0	0
3	7	342	fix_cross_after_trial	1441.5590859000222	0.7663821666540116	fixation cross	n/a	n/a	94	1441.5591313000186	4.539999645203352e-05	n/a	n/a	n/a	n/a	n/a	n/a
3	n/a	n/a	fix_cross_iti	1441.5591313000186	0.0	trigger	n/a	n/a	94	n/a	n/a	n/a	n/a	n/a	n/a	n/a	n/a
3	7	343	image	1442.3443344000261	0.7640571666454434	image	chair	chair_11.jpg	4	1442.344422299997	8.789997082203627e-05	n/a	n/a	n/a	n/a	1	n/a
3	n/a	n/a	image	1442.344422299997	0.0	trigger	n/a	n/a	4	n/a	n/a	n/a	n/a	n/a	n/a	n/a	n/a
3	7	343	word	1443.1083767000237	0.5665040666392542	word	Stuhl_german	n/a	104	1443.1084059000132	2.9199989512562752e-05	n/a	n/a	n/a	n/a	1	n/a
3	n/a	n/a	word	1443.1084059000132	0.0	trigger	n/a	n/a	104	n/a	n/a	n/a	n/a	n/a	n/a	n/a	n/a
3	7	343	possible_button_press	1444.603699600033	0.0	response	n/a	n/a	n/a	n/a	n/a	n/a	n/a	m	m	1	1
3	7	343	fix_cross_after_trial	1444.6276588000474	0.8006288666549608	fixation cross	n/a	n/a	94	1444.6277384000132	7.959996582940221e-05	n/a	n/a	n/a	n/a	n/a	n/a
3	n/a	n/a	fix_cross_iti	1444.6277384000132	0.0	trigger	n/a	n/a	94	n/a	n/a	n/a	n/a	n/a	n/a	n/a	n/a
3	7	344	image	1445.5441985999933	0.762801866691234	image	flower	flower_25.jpg	6	1445.544398500002	0.00019990000873804092	n/a	n/a	n/a	n/a	1	n/a
3	n/a	n/a	image	1445.544398500002	0.0	trigger	n/a	n/a	6	n/a	n/a	n/a	n/a	n/a	n/a	n/a	n/a
3	7	344	word	1446.3072572000092	0.9004110666612632	word	Blume_german	n/a	106	1446.3073002000456	4.3000036384910345e-05	n/a	n/a	n/a	n/a	1	n/a
3	n/a	n/a	word	1446.3073002000456	0.0	trigger	n/a	n/a	106	n/a	n/a	n/a	n/a	n/a	n/a	n/a	n/a
3	7	344	possible_button_press	1447.7931702000205	0.0	response	n/a	n/a	n/a	n/a	n/a	n/a	n/a	m	m	1	1
3	7	344	fix_cross_after_trial	1447.8067503000493	1.2424897666244306	fixation cross	n/a	n/a	94	1447.8067928000237	4.2499974370002747e-05	n/a	n/a	n/a	n/a	n/a	n/a
3	n/a	n/a	fix_cross_iti	1447.8067928000237	0.0	trigger	n/a	n/a	94	n/a	n/a	n/a	n/a	n/a	n/a	n/a	n/a
3	7	345	image	1449.1114875000203	0.7730629666514233	image	hand	hand_46.jpg	8	1449.111573400034	8.590001380071044e-05	n/a	n/a	n/a	n/a	1	n/a
3	n/a	n/a	image	1449.111573400034	0.0	trigger	n/a	n/a	8	n/a	n/a	n/a	n/a	n/a	n/a	n/a	n/a
3	7	345	word	1449.8916070000269	0.4816602666435301	word	Hand_german	n/a	108	1449.8916497000027	4.269997589290142e-05	n/a	n/a	n/a	n/a	1	n/a
3	n/a	n/a	word	1449.8916497000027	0.0	trigger	n/a	n/a	108	n/a	n/a	n/a	n/a	n/a	n/a	n/a	n/a
3	7	345	possible_button_press	1451.3738617000054	0.0	response	n/a	n/a	n/a	n/a	n/a	n/a	n/a	m	m	1	1
3	7	345	fix_cross_after_trial	1451.3884178000153	0.9999757666994356	fixation cross	n/a	n/a	94	1451.3884464000002	2.859998494386673e-05	n/a	n/a	n/a	n/a	n/a	n/a
3	n/a	n/a	fix_cross_iti	1451.3884464000002	0.0	trigger	n/a	n/a	94	n/a	n/a	n/a	n/a	n/a	n/a	n/a	n/a
3	7	346	image	1452.4272484999965	0.7608847667036116	image	hammer	hammer_22.jpg	7	1452.4273408000008	9.23000043258071e-05	n/a	n/a	n/a	n/a	1	n/a
3	n/a	n/a	image	1452.4273408000008	0.0	trigger	n/a	n/a	7	n/a	n/a	n/a	n/a	n/a	n/a	n/a	n/a
3	7	346	word	1453.1880660000024	0.5159996667100586	word	Hammer_german	n/a	107	1453.1880957999965	2.9799994081258774e-05	n/a	n/a	n/a	n/a	1	n/a
3	n/a	n/a	word	1453.1880957999965	0.0	trigger	n/a	n/a	107	n/a	n/a	n/a	n/a	n/a	n/a	n/a	n/a
3	7	346	possible_button_press	1454.6904363000067	0.0	response	n/a	n/a	n/a	n/a	n/a	n/a	n/a	m	m	1	1
3	7	346	fix_cross_after_trial	1454.7043620000477	1.1832885666556194	fixation cross	n/a	n/a	94	1454.7044059000327	4.3899985030293465e-05	n/a	n/a	n/a	n/a	n/a	n/a
3	n/a	n/a	fix_cross_iti	1454.7044059000327	0.0	trigger	n/a	n/a	94	n/a	n/a	n/a	n/a	n/a	n/a	n/a	n/a
3	7	347	image	1455.9877539000008	0.7512176666680261	image	ball	ball_15.jpg	1	1455.9878572000307	0.00010330002987757325	n/a	n/a	n/a	n/a	1	n/a
3	n/a	n/a	image	1455.9878572000307	0.0	trigger	n/a	n/a	1	n/a	n/a	n/a	n/a	n/a	n/a	n/a	n/a
3	7	347	word	1456.7371559000458	0.785730266656401	word	Ball_german	n/a	101	1456.737185200036	2.929999027401209e-05	n/a	n/a	n/a	n/a	1	n/a
3	n/a	n/a	word	1456.737185200036	0.0	trigger	n/a	n/a	101	n/a	n/a	n/a	n/a	n/a	n/a	n/a	n/a
3	7	347	possible_button_press	1458.2395480000414	0.0	response	n/a	n/a	n/a	n/a	n/a	n/a	n/a	m	m	1	1
3	7	347	fix_cross_after_trial	1458.253308400046	1.2506857666342057	fixation cross	n/a	n/a	94	1458.2533446000307	3.619998460635543e-05	n/a	n/a	n/a	n/a	n/a	n/a
3	n/a	n/a	fix_cross_iti	1458.2533446000307	0.0	trigger	n/a	n/a	94	n/a	n/a	n/a	n/a	n/a	n/a	n/a	n/a
3	7	348	image	1459.5771529000485	0.758980066635786	image	flower	flower_44.jpg	6	1459.5772478000144	9.489996591582894e-05	n/a	n/a	n/a	n/a	1	n/a
3	n/a	n/a	image	1459.5772478000144	0.0	trigger	n/a	n/a	6	n/a	n/a	n/a	n/a	n/a	n/a	n/a	n/a
3	7	348	word	1460.335983900004	0.8994775666544683	word	Blume_german	n/a	106	1460.3360226000077	3.8700003642588854e-05	n/a	n/a	n/a	n/a	1	n/a
3	n/a	n/a	word	1460.3360226000077	0.0	trigger	n/a	n/a	106	n/a	n/a	n/a	n/a	n/a	n/a	n/a	n/a
3	7	348	possible_button_press	1461.8375303000212	0.0	response	n/a	n/a	n/a	n/a	n/a	n/a	n/a	m	m	1	1
3	7	348	fix_cross_after_trial	1461.8520016000257	0.9332633666383572	fixation cross	n/a	n/a	94	1461.852031700022	3.0099996365606785e-05	n/a	n/a	n/a	n/a	n/a	n/a
3	n/a	n/a	fix_cross_iti	1461.852031700022	0.0	trigger	n/a	n/a	94	n/a	n/a	n/a	n/a	n/a	n/a	n/a	n/a
3	7	349	image	1462.8083852000418	0.7599543666622139	image	jacket	jacket_15.jpg	10	1462.8084960000124	0.0001107999705709517	n/a	n/a	n/a	n/a	1	n/a
3	n/a	n/a	image	1462.8084960000124	0.0	trigger	n/a	n/a	10	n/a	n/a	n/a	n/a	n/a	n/a	n/a	n/a
3	7	349	word	1463.5681351000094	0.5329376666961707	word	Jacke_german	n/a	110	1463.5681692000362	3.4100026823580265e-05	n/a	n/a	n/a	n/a	1	n/a
3	n/a	n/a	word	1463.5681692000362	0.0	trigger	n/a	n/a	110	n/a	n/a	n/a	n/a	n/a	n/a	n/a	n/a
3	7	349	possible_button_press	1465.0703327000374	0.0	response	n/a	n/a	n/a	n/a	n/a	n/a	n/a	m	m	1	1
3	7	349	fix_cross_after_trial	1465.0846521000494	1.21619746665624	fixation cross	n/a	n/a	94	1465.0846956000314	4.349998198449612e-05	n/a	n/a	n/a	n/a	n/a	n/a
3	n/a	n/a	fix_cross_iti	1465.0846956000314	0.0	trigger	n/a	n/a	94	n/a	n/a	n/a	n/a	n/a	n/a	n/a	n/a
3	7	350	image	1466.3377681000275	0.7633231666443407	image	hammer	hammer_16.jpg	7	1466.3378649000078	9.679998038336635e-05	n/a	n/a	n/a	n/a	1	n/a
3	n/a	n/a	image	1466.3378649000078	0.0	trigger	n/a	n/a	7	n/a	n/a	n/a	n/a	n/a	n/a	n/a	n/a
3	7	350	word	1467.1005679999944	0.517741366700875	word	Hammer_german	n/a	107	1467.1006307000061	6.2700011767447e-05	n/a	n/a	n/a	n/a	1	n/a
3	n/a	n/a	word	1467.1006307000061	0.0	trigger	n/a	n/a	107	n/a	n/a	n/a	n/a	n/a	n/a	n/a	n/a
3	7	350	possible_button_press	1468.6034270999953	0.0	response	n/a	n/a	n/a	n/a	n/a	n/a	n/a	m	m	1	1
3	7	350	fix_cross_after_trial	1468.6203744999948	1.0288907666729301	fixation cross	n/a	n/a	94	1468.6204125999939	3.809999907389283e-05	n/a	n/a	n/a	n/a	n/a	n/a
3	n/a	n/a	fix_cross_iti	1468.6204125999939	0.0	trigger	n/a	n/a	94	n/a	n/a	n/a	n/a	n/a	n/a	n/a	n/a
3	7	350	break_instruction	1469.6493765000487	15.014943566642842	break	n/a	n/a	81	1469.6494001999963	2.3699947632849216e-05	n/a	n/a	n/a	n/a	n/a	n/a
3	n/a	n/a	break_start	1469.6494001999963	0.0	trigger	n/a	n/a	81	n/a	n/a	n/a	n/a	n/a	n/a	n/a	n/a
3	n/a	n/a	break_end	1644.9159742000047	0.0	trigger	n/a	n/a	82	n/a	n/a	n/a	n/a	n/a	n/a	n/a	n/a
3	8	351	image	1645.0839540000306	0.760758766675508	image	ball	ball_12.jpg	1	1645.0842639000039	0.00030989997321739793	n/a	n/a	n/a	n/a	1	n/a
3	n/a	n/a	image	1645.0842639000039	0.0	trigger	n/a	n/a	1	n/a	n/a	n/a	n/a	n/a	n/a	n/a	n/a
3	8	351	word	1645.860574099992	0.7828997666986197	word	Ball_german	n/a	101	1645.8606132999994	3.920000744983554e-05	n/a	n/a	n/a	n/a	1	n/a
3	n/a	n/a	word	1645.8606132999994	0.0	trigger	n/a	n/a	101	n/a	n/a	n/a	n/a	n/a	n/a	n/a	n/a
3	8	351	possible_button_press	1647.3474552000407	0.0	response	n/a	n/a	n/a	n/a	n/a	n/a	n/a	m	m	1	1
3	8	351	fix_cross_after_trial	1647.3602269000257	0.9996585666706324	fixation cross	n/a	n/a	94	1647.3602691999986	4.229997284710407e-05	n/a	n/a	n/a	n/a	n/a	n/a
3	n/a	n/a	fix_cross_iti	1647.3602691999986	0.0	trigger	n/a	n/a	94	n/a	n/a	n/a	n/a	n/a	n/a	n/a	n/a
3	8	352	image	1648.3986189000425	0.7681014666488863	image	chair	chair_04.jpg	4	1648.398689499998	7.059995550662279e-05	n/a	n/a	n/a	n/a	1	n/a
3	n/a	n/a	image	1648.398689499998	0.0	trigger	n/a	n/a	4	n/a	n/a	n/a	n/a	n/a	n/a	n/a	n/a
3	8	352	word	1649.1758962000022	0.5504261666831098	word	Stuhl_german	n/a	104	1649.1759317000397	3.550003748387098e-05	n/a	n/a	n/a	n/a	1	n/a
3	n/a	n/a	word	1649.1759317000397	0.0	trigger	n/a	n/a	104	n/a	n/a	n/a	n/a	n/a	n/a	n/a	n/a
3	8	352	possible_button_press	1650.6619437000481	0.0	response	n/a	n/a	n/a	n/a	n/a	n/a	n/a	m	m	1	1
3	8	352	fix_cross_after_trial	1650.6755926000187	1.1332226666893348	fixation cross	n/a	n/a	94	1650.6756172000314	2.4600012693554163e-05	n/a	n/a	n/a	n/a	n/a	n/a
3	n/a	n/a	fix_cross_iti	1650.6756172000314	0.0	trigger	n/a	n/a	94	n/a	n/a	n/a	n/a	n/a	n/a	n/a	n/a
3	8	353	image	1651.8453695999924	0.7629837666793264	image	flower	flower_30.jpg	6	1651.8454388999962	6.930000381544232e-05	n/a	n/a	n/a	n/a	0	n/a
3	n/a	n/a	image	1651.8454388999962	0.0	trigger	n/a	n/a	6	n/a	n/a	n/a	n/a	n/a	n/a	n/a	n/a
3	8	353	word	1652.6084906000178	0.49959896668246984	word	Hand_german	n/a	108	1652.6085140000214	2.340000355616212e-05	n/a	n/a	n/a	n/a	0	n/a
3	n/a	n/a	word	1652.6085140000214	0.0	trigger	n/a	n/a	108	n/a	n/a	n/a	n/a	n/a	n/a	n/a	n/a
3	8	353	feedback	1654.126639700029	0.0	trigger	n/a	n/a	96	n/a	n/a	n/a	n/a	n/a	n/a	n/a	n/a
3	8	353	possible_button_press	1654.3265528000193	0.0	response	n/a	n/a	n/a	n/a	n/a	n/a	n/a	m	r	0	0
3	8	353	fix_cross_after_trial	1654.3412318000337	0.933302566645807	fixation cross	n/a	n/a	94	1654.341261100024	2.929999027401209e-05	n/a	n/a	n/a	n/a	n/a	n/a
3	n/a	n/a	fix_cross_iti	1654.341261100024	0.0	trigger	n/a	n/a	94	n/a	n/a	n/a	n/a	n/a	n/a	n/a	n/a
3	8	354	image	1655.3534278000006	0.7550621666634925	image	house	house_48.jpg	9	1655.3535227000248	9.490002412348986e-05	n/a	n/a	n/a	n/a	1	n/a
3	n/a	n/a	image	1655.3535227000248	0.0	trigger	n/a	n/a	9	n/a	n/a	n/a	n/a	n/a	n/a	n/a	n/a
3	8	354	word	1656.1240104000317	0.5331252666694581	word	Haus_german	n/a	109	1656.1240649000392	5.4500007536262274e-05	n/a	n/a	n/a	n/a	1	n/a
3	n/a	n/a	word	1656.1240649000392	0.0	trigger	n/a	n/a	109	n/a	n/a	n/a	n/a	n/a	n/a	n/a	n/a
3	8	354	possible_button_press	1657.6094445000053	0.0	response	n/a	n/a	n/a	n/a	n/a	n/a	n/a	m	m	1	1
3	8	354	fix_cross_after_trial	1657.6235677000368	0.8331792666615456	fixation cross	n/a	n/a	94	1657.623594500008	2.6799971237778664e-05	n/a	n/a	n/a	n/a	n/a	n/a
3	n/a	n/a	fix_cross_iti	1657.623594500008	0.0	trigger	n/a	n/a	94	n/a	n/a	n/a	n/a	n/a	n/a	n/a	n/a
3	8	355	image	1658.478967800038	0.7608357666215397	image	bicycle	bicycle_11.jpg	2	1658.4790663000313	9.849999332800508e-05	n/a	n/a	n/a	n/a	1	n/a
3	n/a	n/a	image	1658.4790663000313	0.0	trigger	n/a	n/a	2	n/a	n/a	n/a	n/a	n/a	n/a	n/a	n/a
3	8	355	word	1659.2397543000407	0.7024873666271105	word	Fahrrad_german	n/a	102	1659.2397816000157	2.729997504502535e-05	n/a	n/a	n/a	n/a	1	n/a
3	n/a	n/a	word	1659.2397816000157	0.0	trigger	n/a	n/a	102	n/a	n/a	n/a	n/a	n/a	n/a	n/a	n/a
3	8	355	possible_button_press	1660.7257005000138	0.0	response	n/a	n/a	n/a	n/a	n/a	n/a	n/a	m	m	1	1
3	8	355	fix_cross_after_trial	1660.7394187000464	0.9328713666220665	fixation cross	n/a	n/a	94	1660.7394599000108	4.1199964471161366e-05	n/a	n/a	n/a	n/a	n/a	n/a
3	n/a	n/a	fix_cross_iti	1660.7394599000108	0.0	trigger	n/a	n/a	94	n/a	n/a	n/a	n/a	n/a	n/a	n/a	n/a
3	8	356	image	1661.7088770000264	0.7632301666346848	image	bread	bread_29.jpg	3	1661.7089531000238	7.609999738633633e-05	n/a	n/a	n/a	n/a	1	n/a
3	n/a	n/a	image	1661.7089531000238	0.0	trigger	n/a	n/a	3	n/a	n/a	n/a	n/a	n/a	n/a	n/a	n/a
3	8	356	word	1662.4721128999954	0.9165848667073533	word	Brot_german	n/a	103	1662.4721410000348	2.8100039344280958e-05	n/a	n/a	n/a	n/a	1	n/a
3	n/a	n/a	word	1662.4721410000348	0.0	trigger	n/a	n/a	103	n/a	n/a	n/a	n/a	n/a	n/a	n/a	n/a
3	8	356	possible_button_press	1663.973368100007	0.0	response	n/a	n/a	n/a	n/a	n/a	n/a	n/a	m	m	1	1
3	8	356	fix_cross_after_trial	1663.9883759000222	0.8496342666369401	fixation cross	n/a	n/a	94	1663.9884059000178	2.9999995604157448e-05	n/a	n/a	n/a	n/a	n/a	n/a
3	n/a	n/a	fix_cross_iti	1663.9884059000178	0.0	trigger	n/a	n/a	94	n/a	n/a	n/a	n/a	n/a	n/a	n/a	n/a
3	8	357	image	1664.9141565000173	0.7572234666479289	image	bicycle	bicycle_48.jpg	2	1664.9142413000227	8.480000542476773e-05	n/a	n/a	n/a	n/a	1	n/a
3	n/a	n/a	image	1664.9142413000227	0.0	trigger	n/a	n/a	2	n/a	n/a	n/a	n/a	n/a	n/a	n/a	n/a
3	8	357	word	1665.6712277000188	0.6994799666611016	word	Fahrrad_german	n/a	102	1665.6712704999954	4.279997665435076e-05	n/a	n/a	n/a	n/a	1	n/a
3	n/a	n/a	word	1665.6712704999954	0.0	trigger	n/a	n/a	102	n/a	n/a	n/a	n/a	n/a	n/a	n/a	n/a
3	8	357	possible_button_press	1667.1736393000465	0.0	response	n/a	n/a	n/a	n/a	n/a	n/a	n/a	m	m	1	1
3	8	357	fix_cross_after_trial	1667.1875383000006	0.9993777666861661	fixation cross	n/a	n/a	94	1667.187573400035	3.5100034438073635e-05	n/a	n/a	n/a	n/a	n/a	n/a
3	n/a	n/a	fix_cross_iti	1667.187573400035	0.0	trigger	n/a	n/a	94	n/a	n/a	n/a	n/a	n/a	n/a	n/a	n/a
3	8	358	image	1668.2325187000097	0.7542763666754126	image	hand	hand_03.jpg	8	1668.2326681000413	0.00014940003165975213	n/a	n/a	n/a	n/a	1	n/a
3	n/a	n/a	image	1668.2326681000413	0.0	trigger	n/a	n/a	8	n/a	n/a	n/a	n/a	n/a	n/a	n/a	n/a
3	8	358	word	1668.9868637000327	0.49936666665985285	word	Hand_german	n/a	108	1668.9868944000336	3.070000093430281e-05	n/a	n/a	n/a	n/a	1	n/a
3	n/a	n/a	word	1668.9868944000336	0.0	trigger	n/a	n/a	108	n/a	n/a	n/a	n/a	n/a	n/a	n/a	n/a
3	8	358	possible_button_press	1670.474017600005	0.0	response	n/a	n/a	n/a	n/a	n/a	n/a	n/a	m	m	1	1
3	8	358	fix_cross_after_trial	1670.4878450999968	0.8146514666771054	fixation cross	n/a	n/a	94	1670.4879146000021	6.9500005338341e-05	n/a	n/a	n/a	n/a	n/a	n/a
3	n/a	n/a	fix_cross_iti	1670.4879146000021	0.0	trigger	n/a	n/a	94	n/a	n/a	n/a	n/a	n/a	n/a	n/a	n/a
3	8	359	image	1671.3228306000237	0.7632765666387513	image	house	house_40.jpg	9	1671.3229028999922	7.229996845126152e-05	n/a	n/a	n/a	n/a	1	n/a
3	n/a	n/a	image	1671.3229028999922	0.0	trigger	n/a	n/a	9	n/a	n/a	n/a	n/a	n/a	n/a	n/a	n/a
3	8	359	word	1672.08598730003	0.549105666639889	word	Haus_german	n/a	109	1672.0860313000157	4.39999857917428e-05	n/a	n/a	n/a	n/a	1	n/a
3	n/a	n/a	word	1672.0860313000157	0.0	trigger	n/a	n/a	109	n/a	n/a	n/a	n/a	n/a	n/a	n/a	n/a
3	8	359	possible_button_press	1673.5727525000111	0.0	response	n/a	n/a	n/a	n/a	n/a	n/a	n/a	m	m	1	1
3	8	359	fix_cross_after_trial	1673.585292600037	0.8328917666260622	fixation cross	n/a	n/a	94	1673.585329500027	3.689998993650079e-05	n/a	n/a	n/a	n/a	n/a	n/a
3	n/a	n/a	fix_cross_iti	1673.585329500027	0.0	trigger	n/a	n/a	94	n/a	n/a	n/a	n/a	n/a	n/a	n/a	n/a
3	8	360	image	1674.4551993000205	0.763174066673173	image	hand	hand_33.jpg	8	1674.455291900027	9.26000066101551e-05	n/a	n/a	n/a	n/a	1	n/a
3	n/a	n/a	image	1674.455291900027	0.0	trigger	n/a	n/a	8	n/a	n/a	n/a	n/a	n/a	n/a	n/a	n/a
3	8	360	word	1675.2182728000334	0.483332866632054	word	Hand_german	n/a	108	1675.2183102000272	3.739999374374747e-05	n/a	n/a	n/a	n/a	1	n/a
3	n/a	n/a	word	1675.2183102000272	0.0	trigger	n/a	n/a	108	n/a	n/a	n/a	n/a	n/a	n/a	n/a	n/a
3	8	360	possible_button_press	1676.7206429000362	0.0	response	n/a	n/a	n/a	n/a	n/a	n/a	n/a	m	m	1	1
3	8	360	fix_cross_after_trial	1676.7343287999975	0.8338549666843846	fixation cross	n/a	n/a	94	1676.7343563000322	2.7500034775584936e-05	n/a	n/a	n/a	n/a	n/a	n/a
3	n/a	n/a	fix_cross_iti	1676.7343563000322	0.0	trigger	n/a	n/a	94	n/a	n/a	n/a	n/a	n/a	n/a	n/a	n/a
3	8	361	image	1677.5882890000357	0.7625801666329153	image	dog	dog_07.jpg	5	1677.5883812000393	9.220000356435776e-05	n/a	n/a	n/a	n/a	1	n/a
3	n/a	n/a	image	1677.5883812000393	0.0	trigger	n/a	n/a	5	n/a	n/a	n/a	n/a	n/a	n/a	n/a	n/a
3	8	361	word	1678.357709200005	0.49226736667719706	word	Hund_german	n/a	105	1678.3577585000312	4.930002614855766e-05	n/a	n/a	n/a	n/a	1	n/a
3	n/a	n/a	word	1678.3577585000312	0.0	trigger	n/a	n/a	105	n/a	n/a	n/a	n/a	n/a	n/a	n/a	n/a
3	8	361	possible_button_press	1679.8540197000257	0.0	response	n/a	n/a	n/a	n/a	n/a	n/a	n/a	m	m	1	1
3	8	361	fix_cross_after_trial	1679.8686242999975	1.0497860666985162	fixation cross	n/a	n/a	94	1679.8686695999932	4.529999569058418e-05	n/a	n/a	n/a	n/a	n/a	n/a
3	n/a	n/a	fix_cross_iti	1679.8686695999932	0.0	trigger	n/a	n/a	94	n/a	n/a	n/a	n/a	n/a	n/a	n/a	n/a
3	8	362	image	1680.9363404000178	0.7648729666873351	image	bicycle	bicycle_30.jpg	2	1680.9364146000007	7.419998291879892e-05	n/a	n/a	n/a	n/a	1	n/a
3	n/a	n/a	image	1680.9364146000007	0.0	trigger	n/a	n/a	2	n/a	n/a	n/a	n/a	n/a	n/a	n/a	n/a
3	8	362	word	1681.7006200000178	0.7153007666968278	word	Fahrrad_german	n/a	102	1681.700657600013	3.759999526664615e-05	n/a	n/a	n/a	n/a	1	n/a
3	n/a	n/a	word	1681.700657600013	0.0	trigger	n/a	n/a	102	n/a	n/a	n/a	n/a	n/a	n/a	n/a	n/a
3	8	362	possible_button_press	1683.20201790001	0.0	response	n/a	n/a	n/a	n/a	n/a	n/a	n/a	m	m	1	1
3	8	362	fix_cross_after_trial	1683.2227038000128	1.2496462666933894	fixation cross	n/a	n/a	94	1683.2227446000325	4.080001963302493e-05	n/a	n/a	n/a	n/a	n/a	n/a
3	n/a	n/a	fix_cross_iti	1683.2227446000325	0.0	trigger	n/a	n/a	94	n/a	n/a	n/a	n/a	n/a	n/a	n/a	n/a
3	8	363	image	1684.5016211000038	0.764017466692394	image	jacket	jacket_03.jpg	10	1684.5016906000092	6.9500005338341e-05	n/a	n/a	n/a	n/a	1	n/a
3	n/a	n/a	image	1684.5016906000092	0.0	trigger	n/a	n/a	10	n/a	n/a	n/a	n/a	n/a	n/a	n/a	n/a
3	8	363	word	1685.2651060000062	0.5331491666768216	word	Jacke_german	n/a	110	1685.2651711000362	6.510003004223108e-05	n/a	n/a	n/a	n/a	1	n/a
3	n/a	n/a	word	1685.2651711000362	0.0	trigger	n/a	n/a	110	n/a	n/a	n/a	n/a	n/a	n/a	n/a	n/a
3	8	363	possible_button_press	1686.76750050002	0.0	response	n/a	n/a	n/a	n/a	n/a	n/a	n/a	m	m	1	1
3	8	363	fix_cross_after_trial	1686.7815010000486	1.099180466615735	fixation cross	n/a	n/a	94	1686.7815367000294	3.5699980799108744e-05	n/a	n/a	n/a	n/a	n/a	n/a
3	n/a	n/a	fix_cross_iti	1686.7815367000294	0.0	trigger	n/a	n/a	94	n/a	n/a	n/a	n/a	n/a	n/a	n/a	n/a
3	8	364	image	1687.9393152000266	0.7607231666372627	image	bread	bread_25.jpg	3	1687.9394095000462	9.430001955479383e-05	n/a	n/a	n/a	n/a	1	n/a
3	n/a	n/a	image	1687.9394095000462	0.0	trigger	n/a	n/a	3	n/a	n/a	n/a	n/a	n/a	n/a	n/a	n/a
3	8	364	word	1688.7000462000142	0.9161413666481621	word	Brot_german	n/a	103	1688.700097199995	5.099998088553548e-05	n/a	n/a	n/a	n/a	1	n/a
3	n/a	n/a	word	1688.700097199995	0.0	trigger	n/a	n/a	103	n/a	n/a	n/a	n/a	n/a	n/a	n/a	n/a
3	8	364	possible_button_press	1690.1862062000437	0.0	response	n/a	n/a	n/a	n/a	n/a	n/a	n/a	m	m	1	1
3	8	364	fix_cross_after_trial	1690.2067259000032	1.1408998667068317	fixation cross	n/a	n/a	94	1690.2067833000328	5.740002961829305e-05	n/a	n/a	n/a	n/a	n/a	n/a
3	n/a	n/a	fix_cross_iti	1690.2067833000328	0.0	trigger	n/a	n/a	94	n/a	n/a	n/a	n/a	n/a	n/a	n/a	n/a
3	8	365	image	1691.4099810000043	0.7543385666833728	image	chair	chair_47.jpg	4	1691.410100100038	0.00011910003377124667	n/a	n/a	n/a	n/a	1	n/a
3	n/a	n/a	image	1691.410100100038	0.0	trigger	n/a	n/a	4	n/a	n/a	n/a	n/a	n/a	n/a	n/a	n/a
3	8	365	word	1692.1644117000396	0.5648146666392222	word	Stuhl_german	n/a	104	1692.1644539000117	4.2199972085654736e-05	n/a	n/a	n/a	n/a	1	n/a
3	n/a	n/a	word	1692.1644539000117	0.0	trigger	n/a	n/a	104	n/a	n/a	n/a	n/a	n/a	n/a	n/a	n/a
3	8	365	possible_button_press	1693.6516627999954	0.0	response	n/a	n/a	n/a	n/a	n/a	n/a	n/a	m	m	1	1
3	8	365	fix_cross_after_trial	1693.6646459000185	1.1149953666647434	fixation cross	n/a	n/a	94	1693.6646882000496	4.2300031054764986e-05	n/a	n/a	n/a	n/a	n/a	n/a
3	n/a	n/a	fix_cross_iti	1693.6646882000496	0.0	trigger	n/a	n/a	94	n/a	n/a	n/a	n/a	n/a	n/a	n/a	n/a
3	8	366	image	1694.8203094000346	0.7581609666269742	image	flower	flower_02.jpg	6	1694.820387200045	7.780001033097506e-05	n/a	n/a	n/a	n/a	1	n/a
3	n/a	n/a	image	1694.820387200045	0.0	trigger	n/a	n/a	6	n/a	n/a	n/a	n/a	n/a	n/a	n/a	n/a
3	8	366	word	1695.5783088000026	0.8999475666826129	word	Blume_german	n/a	106	1695.578337300045	2.8500042390078306e-05	n/a	n/a	n/a	n/a	1	n/a
3	n/a	n/a	word	1695.578337300045	0.0	trigger	n/a	n/a	106	n/a	n/a	n/a	n/a	n/a	n/a	n/a	n/a
3	8	366	possible_button_press	1697.0796622000053	0.0	response	n/a	n/a	n/a	n/a	n/a	n/a	n/a	m	m	1	1
3	8	366	fix_cross_after_trial	1697.094151300029	1.2330634666761853	fixation cross	n/a	n/a	94	1697.0941716000088	2.0299979951232672e-05	n/a	n/a	n/a	n/a	n/a	n/a
3	n/a	n/a	fix_cross_iti	1697.0941716000088	0.0	trigger	n/a	n/a	94	n/a	n/a	n/a	n/a	n/a	n/a	n/a	n/a
3	8	367	image	1698.3476278000162	0.7532072666838303	image	ball	ball_29.jpg	1	1698.3477102000033	8.239998714998364e-05	n/a	n/a	n/a	n/a	1	n/a
3	n/a	n/a	image	1698.3477102000033	0.0	trigger	n/a	n/a	1	n/a	n/a	n/a	n/a	n/a	n/a	n/a	n/a
3	8	367	word	1699.1102885000291	0.7665327666366011	word	Ball_german	n/a	101	1699.110333700024	4.5199994929134846e-05	n/a	n/a	n/a	n/a	1	n/a
3	n/a	n/a	word	1699.110333700024	0.0	trigger	n/a	n/a	101	n/a	n/a	n/a	n/a	n/a	n/a	n/a	n/a
3	8	367	possible_button_press	1700.5957832999993	0.0	response	n/a	n/a	n/a	n/a	n/a	n/a	n/a	m	m	1	1
3	8	367	fix_cross_after_trial	1700.609945400036	1.0002386666640177	fixation cross	n/a	n/a	94	1700.6099823000259	3.689998993650079e-05	n/a	n/a	n/a	n/a	n/a	n/a
3	n/a	n/a	fix_cross_iti	1700.6099823000259	0.0	trigger	n/a	n/a	94	n/a	n/a	n/a	n/a	n/a	n/a	n/a	n/a
3	8	368	image	1701.6304153000237	0.7644763666360177	image	hammer	hammer_32.jpg	7	1701.630514700024	9.940000018104911e-05	n/a	n/a	n/a	n/a	0	n/a
3	n/a	n/a	image	1701.630514700024	0.0	trigger	n/a	n/a	7	n/a	n/a	n/a	n/a	n/a	n/a	n/a	n/a
3	8	368	word	1702.3944185000146	0.9312337666672192	word	Brot_german	n/a	103	1702.3944615999935	4.309997893869877e-05	n/a	n/a	n/a	n/a	0	n/a
3	n/a	n/a	word	1702.3944615999935	0.0	trigger	n/a	n/a	103	n/a	n/a	n/a	n/a	n/a	n/a	n/a	n/a
3	8	368	feedback	1703.9091662000283	0.0	trigger	n/a	n/a	96	n/a	n/a	n/a	n/a	n/a	n/a	n/a	n/a
3	8	368	possible_button_press	1704.0972895000014	0.0	response	n/a	n/a	n/a	n/a	n/a	n/a	n/a	m	r	0	0
3	8	368	fix_cross_after_trial	1704.1107861000346	0.847793466648227	fixation cross	n/a	n/a	94	1704.1108221000177	3.5999983083456755e-05	n/a	n/a	n/a	n/a	n/a	n/a
3	n/a	n/a	fix_cross_iti	1704.1108221000177	0.0	trigger	n/a	n/a	94	n/a	n/a	n/a	n/a	n/a	n/a	n/a	n/a
3	8	369	image	1705.0770187000162	0.7650290666535966	image	ball	ball_14.jpg	1	1705.0771165000042	9.779998799785972e-05	n/a	n/a	n/a	n/a	1	n/a
3	n/a	n/a	image	1705.0771165000042	0.0	trigger	n/a	n/a	1	n/a	n/a	n/a	n/a	n/a	n/a	n/a	n/a
3	8	369	word	1705.8434322000248	0.7815482666521802	word	Ball_german	n/a	101	1705.8434705000254	3.8300000596791506e-05	n/a	n/a	n/a	n/a	1	n/a
3	n/a	n/a	word	1705.8434705000254	0.0	trigger	n/a	n/a	101	n/a	n/a	n/a	n/a	n/a	n/a	n/a	n/a
3	8	369	possible_button_press	1707.3443995999987	0.0	response	n/a	n/a	n/a	n/a	n/a	n/a	n/a	m	m	1	1
3	8	369	fix_cross_after_trial	1707.3584944000468	0.9990817666441671	fixation cross	n/a	n/a	94	1707.3585345000029	4.009995609521866e-05	n/a	n/a	n/a	n/a	n/a	n/a
3	n/a	n/a	fix_cross_iti	1707.3585345000029	0.0	trigger	n/a	n/a	94	n/a	n/a	n/a	n/a	n/a	n/a	n/a	n/a
3	8	370	image	1708.396716200048	0.7605571666538253	image	house	house_07.jpg	9	1708.3968056000303	8.939998224377632e-05	n/a	n/a	n/a	n/a	1	n/a
3	n/a	n/a	image	1708.3968056000303	0.0	trigger	n/a	n/a	9	n/a	n/a	n/a	n/a	n/a	n/a	n/a	n/a
3	8	370	word	1709.1574157000287	0.5348107666397937	word	Haus_german	n/a	109	1709.1574764000252	6.0699996538460255e-05	n/a	n/a	n/a	n/a	1	n/a
3	n/a	n/a	word	1709.1574764000252	0.0	trigger	n/a	n/a	109	n/a	n/a	n/a	n/a	n/a	n/a	n/a	n/a
3	8	370	possible_button_press	1710.6661513000145	0.0	response	n/a	n/a	n/a	n/a	n/a	n/a	n/a	m	m	1	1
3	8	370	fix_cross_after_trial	1710.6746045000036	1.031964766680403	fixation cross	n/a	n/a	94	1710.674630500027	2.600002335384488e-05	n/a	n/a	n/a	n/a	n/a	n/a
3	n/a	n/a	fix_cross_iti	1710.674630500027	0.0	trigger	n/a	n/a	94	n/a	n/a	n/a	n/a	n/a	n/a	n/a	n/a
3	8	371	image	1711.837362900027	0.752339766655723	image	ball	ball_11.jpg	1	1711.837456200039	9.330001194030046e-05	n/a	n/a	n/a	n/a	1	n/a
3	n/a	n/a	image	1711.837456200039	0.0	trigger	n/a	n/a	1	n/a	n/a	n/a	n/a	n/a	n/a	n/a	n/a
3	8	371	word	1712.589680300036	0.7829342666702814	word	Ball_german	n/a	101	1712.5897091000224	2.8799986466765404e-05	n/a	n/a	n/a	n/a	1	n/a
3	n/a	n/a	word	1712.5897091000224	0.0	trigger	n/a	n/a	101	n/a	n/a	n/a	n/a	n/a	n/a	n/a	n/a
3	8	371	possible_button_press	1714.0912333000451	0.0	response	n/a	n/a	n/a	n/a	n/a	n/a	n/a	m	m	1	1
3	8	371	fix_cross_after_trial	1714.1058153000195	1.199058466653014	fixation cross	n/a	n/a	94	1714.105844500009	2.9199989512562752e-05	n/a	n/a	n/a	n/a	n/a	n/a
3	n/a	n/a	fix_cross_iti	1714.105844500009	0.0	trigger	n/a	n/a	94	n/a	n/a	n/a	n/a	n/a	n/a	n/a	n/a
3	8	372	image	1715.3447310000192	0.7609380666438028	image	bicycle	bicycle_28.jpg	2	1715.3448193999939	8.839997462928295e-05	n/a	n/a	n/a	n/a	1	n/a
3	n/a	n/a	image	1715.3448193999939	0.0	trigger	n/a	n/a	2	n/a	n/a	n/a	n/a	n/a	n/a	n/a	n/a
3	8	372	word	1716.105429599993	0.6995151666963011	word	Fahrrad_german	n/a	102	1716.105488900037	5.930004408583045e-05	n/a	n/a	n/a	n/a	1	n/a
3	n/a	n/a	word	1716.105488900037	0.0	trigger	n/a	n/a	102	n/a	n/a	n/a	n/a	n/a	n/a	n/a	n/a
3	8	372	possible_button_press	1717.6065418000217	0.0	response	n/a	n/a	n/a	n/a	n/a	n/a	n/a	m	m	1	1
3	8	372	fix_cross_after_trial	1717.6211076000473	0.8501401666474067	fixation cross	n/a	n/a	94	1717.6211366000352	2.8999987989664078e-05	n/a	n/a	n/a	n/a	n/a	n/a
3	n/a	n/a	fix_cross_iti	1717.6211366000352	0.0	trigger	n/a	n/a	94	n/a	n/a	n/a	n/a	n/a	n/a	n/a	n/a
3	8	373	image	1718.4914913999964	0.7627838666705884	image	jacket	jacket_16.jpg	10	1718.491577000008	8.560001151636243e-05	n/a	n/a	n/a	n/a	1	n/a
3	n/a	n/a	image	1718.491577000008	0.0	trigger	n/a	n/a	10	n/a	n/a	n/a	n/a	n/a	n/a	n/a	n/a
3	8	373	word	1719.2543008000357	0.5514860666628465	word	Jacke_german	n/a	110	1719.2543332000496	3.2400013878941536e-05	n/a	n/a	n/a	n/a	1	n/a
3	n/a	n/a	word	1719.2543332000496	0.0	trigger	n/a	n/a	110	n/a	n/a	n/a	n/a	n/a	n/a	n/a	n/a
3	8	373	possible_button_press	1720.7564714000328	0.0	response	n/a	n/a	n/a	n/a	n/a	n/a	n/a	m	m	1	1
3	8	373	fix_cross_after_trial	1720.770823400002	1.1826598666996233	fixation cross	n/a	n/a	94	1720.7708519000444	2.8500042390078306e-05	n/a	n/a	n/a	n/a	n/a	n/a
3	n/a	n/a	fix_cross_iti	1720.7708519000444	0.0	trigger	n/a	n/a	94	n/a	n/a	n/a	n/a	n/a	n/a	n/a	n/a
3	8	374	image	1721.9734050999978	0.7629846666861795	image	chair	chair_03.jpg	4	1721.973506200011	0.00010110001312568784	n/a	n/a	n/a	n/a	0	n/a
3	n/a	n/a	image	1721.973506200011	0.0	trigger	n/a	n/a	4	n/a	n/a	n/a	n/a	n/a	n/a	n/a	n/a
3	8	374	word	1722.7363277000259	0.5498300666843079	word	Haus_german	n/a	109	1722.736362800002	3.509997623041272e-05	n/a	n/a	n/a	n/a	0	n/a
3	n/a	n/a	word	1722.736362800002	0.0	trigger	n/a	n/a	109	n/a	n/a	n/a	n/a	n/a	n/a	n/a	n/a
3	8	374	feedback	1724.2525279000401	0.0	trigger	n/a	n/a	96	n/a	n/a	n/a	n/a	n/a	n/a	n/a	n/a
3	8	374	possible_button_press	1724.4387232000008	0.0	response	n/a	n/a	n/a	n/a	n/a	n/a	n/a	m	r	0	0
3	8	374	fix_cross_after_trial	1724.4525699000224	1.2162974666609898	fixation cross	n/a	n/a	94	1724.4526097000344	3.980001201853156e-05	n/a	n/a	n/a	n/a	n/a	n/a
3	n/a	n/a	fix_cross_iti	1724.4526097000344	0.0	trigger	n/a	n/a	94	n/a	n/a	n/a	n/a	n/a	n/a	n/a	n/a
3	8	375	image	1725.7386650000117	0.7711692666673571	image	bread	bread_24.jpg	3	1725.7387491000118	8.410000009462237e-05	n/a	n/a	n/a	n/a	1	n/a
3	n/a	n/a	image	1725.7387491000118	0.0	trigger	n/a	n/a	3	n/a	n/a	n/a	n/a	n/a	n/a	n/a	n/a
3	8	375	word	1726.519747400016	0.9150300666844942	word	Brot_german	n/a	103	1726.519788500038	4.110002191737294e-05	n/a	n/a	n/a	n/a	1	n/a
3	n/a	n/a	word	1726.519788500038	0.0	trigger	n/a	n/a	103	n/a	n/a	n/a	n/a	n/a	n/a	n/a	n/a
3	8	375	possible_button_press	1728.0041637000395	0.0	response	n/a	n/a	n/a	n/a	n/a	n/a	n/a	m	m	1	1
3	8	375	fix_cross_after_trial	1728.0183315000031	1.1836643666649707	fixation cross	n/a	n/a	94	1728.0183671000414	3.560003824532032e-05	n/a	n/a	n/a	n/a	n/a	n/a
3	n/a	n/a	fix_cross_iti	1728.0183671000414	0.0	trigger	n/a	n/a	94	n/a	n/a	n/a	n/a	n/a	n/a	n/a	n/a
3	8	376	image	1729.2764366000192	0.7577632666836962	image	dog	dog_49.jpg	5	1729.2765419000061	0.00010529998689889908	n/a	n/a	n/a	n/a	1	n/a
3	n/a	n/a	image	1729.2765419000061	0.0	trigger	n/a	n/a	5	n/a	n/a	n/a	n/a	n/a	n/a	n/a	n/a
3	8	376	word	1730.03429770004	0.48545016663069873	word	Hund_german	n/a	105	1730.0343345000292	3.679998917505145e-05	n/a	n/a	n/a	n/a	1	n/a
3	n/a	n/a	word	1730.0343345000292	0.0	trigger	n/a	n/a	105	n/a	n/a	n/a	n/a	n/a	n/a	n/a	n/a
3	8	376	possible_button_press	1731.536569100048	0.0	response	n/a	n/a	n/a	n/a	n/a	n/a	n/a	m	m	1	1
3	8	376	fix_cross_after_trial	1731.55045780004	0.9837500666656069	fixation cross	n/a	n/a	94	1731.5504905999987	3.279995871707797e-05	n/a	n/a	n/a	n/a	n/a	n/a
3	n/a	n/a	fix_cross_iti	1731.5504905999987	0.0	trigger	n/a	n/a	94	n/a	n/a	n/a	n/a	n/a	n/a	n/a	n/a
3	8	377	image	1732.5881943000131	0.7620452666926667	image	hand	hand_44.jpg	8	1732.5882883000304	9.400001727044582e-05	n/a	n/a	n/a	n/a	1	n/a
3	n/a	n/a	image	1732.5882883000304	0.0	trigger	n/a	n/a	8	n/a	n/a	n/a	n/a	n/a	n/a	n/a	n/a
3	8	377	word	1733.3500610000337	0.48227916664131953	word	Hand_german	n/a	108	1733.3501059000264	4.4899992644786835e-05	n/a	n/a	n/a	n/a	1	n/a
3	n/a	n/a	word	1733.3501059000264	0.0	trigger	n/a	n/a	108	n/a	n/a	n/a	n/a	n/a	n/a	n/a	n/a
3	8	377	possible_button_press	1734.8515513000311	0.0	response	n/a	n/a	n/a	n/a	n/a	n/a	n/a	m	m	1	1
3	8	377	fix_cross_after_trial	1734.865739800036	1.0498291666774549	fixation cross	n/a	n/a	94	1734.865762600035	2.2799998987466097e-05	n/a	n/a	n/a	n/a	n/a	n/a
3	n/a	n/a	fix_cross_iti	1734.865762600035	0.0	trigger	n/a	n/a	94	n/a	n/a	n/a	n/a	n/a	n/a	n/a	n/a
3	8	378	image	1735.9547020000173	0.7609791666657202	image	house	house_35.jpg	9	1735.9547922000056	9.019998833537102e-05	n/a	n/a	n/a	n/a	1	n/a
3	n/a	n/a	image	1735.9547922000056	0.0	trigger	n/a	n/a	9	n/a	n/a	n/a	n/a	n/a	n/a	n/a	n/a
3	8	378	word	1736.7154022000032	0.5519715666926004	word	Haus_german	n/a	109	1736.7154414000106	3.920000744983554e-05	n/a	n/a	n/a	n/a	1	n/a
3	n/a	n/a	word	1736.7154414000106	0.0	trigger	n/a	n/a	109	n/a	n/a	n/a	n/a	n/a	n/a	n/a	n/a
3	8	378	possible_button_press	1738.2188749000197	0.0	response	n/a	n/a	n/a	n/a	n/a	n/a	n/a	m	m	1	1
3	8	378	fix_cross_after_trial	1738.2317230000044	0.7686170666750058	fixation cross	n/a	n/a	94	1738.2317575000343	3.450002986937761e-05	n/a	n/a	n/a	n/a	n/a	n/a
3	n/a	n/a	fix_cross_iti	1738.2317575000343	0.0	trigger	n/a	n/a	94	n/a	n/a	n/a	n/a	n/a	n/a	n/a	n/a
3	8	379	image	1739.0752457000199	0.7571361666816756	image	hammer	hammer_23.jpg	7	1739.075340200041	9.450002107769251e-05	n/a	n/a	n/a	n/a	1	n/a
3	n/a	n/a	image	1739.075340200041	0.0	trigger	n/a	n/a	7	n/a	n/a	n/a	n/a	n/a	n/a	n/a	n/a
3	8	379	word	1739.8312125999946	0.5176780666845389	word	Hammer_german	n/a	107	1739.8312463000184	3.370002377778292e-05	n/a	n/a	n/a	n/a	1	n/a
3	n/a	n/a	word	1739.8312463000184	0.0	trigger	n/a	n/a	107	n/a	n/a	n/a	n/a	n/a	n/a	n/a	n/a
3	8	379	possible_button_press	1741.3329435000196	0.0	response	n/a	n/a	n/a	n/a	n/a	n/a	n/a	m	m	1	1
3	8	379	fix_cross_after_trial	1741.3471441000002	1.1833165666942023	fixation cross	n/a	n/a	94	1741.3471649000421	2.080004196614027e-05	n/a	n/a	n/a	n/a	n/a	n/a
3	n/a	n/a	fix_cross_iti	1741.3471649000421	0.0	trigger	n/a	n/a	94	n/a	n/a	n/a	n/a	n/a	n/a	n/a	n/a
3	8	380	image	1742.7182571000303	0.7621074666424192	image	bread	bread_36.jpg	3	1742.7183503000415	9.320001117885113e-05	n/a	n/a	n/a	n/a	1	n/a
3	n/a	n/a	image	1742.7183503000415	0.0	trigger	n/a	n/a	3	n/a	n/a	n/a	n/a	n/a	n/a	n/a	n/a
3	8	380	word	1743.4806176000275	0.9325420666757509	word	Brot_german	n/a	103	1743.4806745999958	5.6999968364834785e-05	n/a	n/a	n/a	n/a	1	n/a
3	n/a	n/a	word	1743.4806745999958	0.0	trigger	n/a	n/a	103	n/a	n/a	n/a	n/a	n/a	n/a	n/a	n/a
3	8	380	possible_button_press	1744.982003400044	0.0	response	n/a	n/a	n/a	n/a	n/a	n/a	n/a	m	m	1	1
3	8	380	fix_cross_after_trial	1744.9962562000146	1.1661551666950345	fixation cross	n/a	n/a	94	1744.996285500005	2.929999027401209e-05	n/a	n/a	n/a	n/a	n/a	n/a
3	n/a	n/a	fix_cross_iti	1744.996285500005	0.0	trigger	n/a	n/a	94	n/a	n/a	n/a	n/a	n/a	n/a	n/a	n/a
3	8	381	image	1746.2011287999921	0.7615072666706055	image	flower	flower_17.jpg	6	1746.2012103000307	8.150003850460052e-05	n/a	n/a	n/a	n/a	1	n/a
3	n/a	n/a	image	1746.2012103000307	0.0	trigger	n/a	n/a	6	n/a	n/a	n/a	n/a	n/a	n/a	n/a	n/a
3	8	381	word	1746.9628029000014	0.900316066694586	word	Blume_german	n/a	106	1746.9628655000124	6.260001100599766e-05	n/a	n/a	n/a	n/a	1	n/a
3	n/a	n/a	word	1746.9628655000124	0.0	trigger	n/a	n/a	106	n/a	n/a	n/a	n/a	n/a	n/a	n/a	n/a
3	8	381	possible_button_press	1748.463786300039	0.0	response	n/a	n/a	n/a	n/a	n/a	n/a	n/a	m	m	1	1
3	8	381	fix_cross_after_trial	1748.4781144000008	1.082988266662369	fixation cross	n/a	n/a	94	1748.478135900048	2.150004729628563e-05	n/a	n/a	n/a	n/a	n/a	n/a
3	n/a	n/a	fix_cross_iti	1748.478135900048	0.0	trigger	n/a	n/a	94	n/a	n/a	n/a	n/a	n/a	n/a	n/a	n/a
3	8	382	image	1749.597885199997	0.7635330666710161	image	dog	dog_06.jpg	5	1749.597966100031	8.09000339359045e-05	n/a	n/a	n/a	n/a	1	n/a
3	n/a	n/a	image	1749.597966100031	0.0	trigger	n/a	n/a	5	n/a	n/a	n/a	n/a	n/a	n/a	n/a	n/a
3	8	382	word	1750.3613947000122	0.49930526665798425	word	Hund_german	n/a	105	1750.3614383999957	4.369998350739479e-05	n/a	n/a	n/a	n/a	1	n/a
3	n/a	n/a	word	1750.3614383999957	0.0	trigger	n/a	n/a	105	n/a	n/a	n/a	n/a	n/a	n/a	n/a	n/a
3	8	382	possible_button_press	1751.86392470001	0.0	response	n/a	n/a	n/a	n/a	n/a	n/a	n/a	m	m	1	1
3	8	382	fix_cross_after_trial	1751.8777643000358	0.8829249666343912	fixation cross	n/a	n/a	94	1751.8778092000284	4.4899992644786835e-05	n/a	n/a	n/a	n/a	n/a	n/a
3	n/a	n/a	fix_cross_iti	1751.8778092000284	0.0	trigger	n/a	n/a	94	n/a	n/a	n/a	n/a	n/a	n/a	n/a	n/a
3	8	383	image	1752.8403760000365	0.7531581666592047	image	house	house_43.jpg	9	1752.8404811000219	0.0001050999853760004	n/a	n/a	n/a	n/a	1	n/a
3	n/a	n/a	image	1752.8404811000219	0.0	trigger	n/a	n/a	9	n/a	n/a	n/a	n/a	n/a	n/a	n/a	n/a
3	8	383	word	1753.5933262000326	0.5332745666421488	word	Haus_german	n/a	109	1753.593358800048	3.260001540184021e-05	n/a	n/a	n/a	n/a	1	n/a
3	n/a	n/a	word	1753.593358800048	0.0	trigger	n/a	n/a	109	n/a	n/a	n/a	n/a	n/a	n/a	n/a	n/a
3	8	383	possible_button_press	1755.095717600023	0.0	response	n/a	n/a	n/a	n/a	n/a	n/a	n/a	m	m	1	1
3	8	383	fix_cross_after_trial	1755.1093118000426	1.049684366622614	fixation cross	n/a	n/a	94	1755.1093364999979	2.4699955247342587e-05	n/a	n/a	n/a	n/a	n/a	n/a
3	n/a	n/a	fix_cross_iti	1755.1093364999979	0.0	trigger	n/a	n/a	94	n/a	n/a	n/a	n/a	n/a	n/a	n/a	n/a
3	8	384	image	1756.2748943000333	0.7506906666715167	image	ball	ball_19.jpg	1	1756.2750028000446	0.00010850001126527786	n/a	n/a	n/a	n/a	1	n/a
3	n/a	n/a	image	1756.2750028000446	0.0	trigger	n/a	n/a	1	n/a	n/a	n/a	n/a	n/a	n/a	n/a	n/a
3	8	384	word	1757.025633400015	0.783066866690433	word	Ball_german	n/a	101	1757.0256681000465	3.470003139227629e-05	n/a	n/a	n/a	n/a	1	n/a
3	n/a	n/a	word	1757.0256681000465	0.0	trigger	n/a	n/a	101	n/a	n/a	n/a	n/a	n/a	n/a	n/a	n/a
3	8	384	possible_button_press	1758.527790400025	0.0	response	n/a	n/a	n/a	n/a	n/a	n/a	n/a	m	m	1	1
3	8	384	fix_cross_after_trial	1758.5418276000419	0.9673710666286297	fixation cross	n/a	n/a	94	1758.541860199999	3.2599957194179296e-05	n/a	n/a	n/a	n/a	n/a	n/a
3	n/a	n/a	fix_cross_iti	1758.541860199999	0.0	trigger	n/a	n/a	94	n/a	n/a	n/a	n/a	n/a	n/a	n/a	n/a
3	8	385	image	1759.5514541000011	0.7565263666949704	image	hammer	hammer_37.jpg	7	1759.5515314000077	7.730000652372837e-05	n/a	n/a	n/a	n/a	1	n/a
3	n/a	n/a	image	1759.5515314000077	0.0	trigger	n/a	n/a	7	n/a	n/a	n/a	n/a	n/a	n/a	n/a	n/a
3	8	385	word	1760.307828799996	0.5331789666709028	word	Hammer_german	n/a	107	1760.3078660000465	3.720005042850971e-05	n/a	n/a	n/a	n/a	1	n/a
3	n/a	n/a	word	1760.3078660000465	0.0	trigger	n/a	n/a	107	n/a	n/a	n/a	n/a	n/a	n/a	n/a	n/a
3	8	385	possible_button_press	1761.7949128000182	0.0	response	n/a	n/a	n/a	n/a	n/a	n/a	n/a	m	m	1	1
3	8	385	fix_cross_after_trial	1761.808071400039	0.95087856665873	fixation cross	n/a	n/a	94	1761.808126399992	5.4999953135848045e-05	n/a	n/a	n/a	n/a	n/a	n/a
3	n/a	n/a	fix_cross_iti	1761.808126399992	0.0	trigger	n/a	n/a	94	n/a	n/a	n/a	n/a	n/a	n/a	n/a	n/a
3	8	386	image	1762.8327404000447	0.7578554666290529	image	dog	dog_41.jpg	5	1762.8328544000397	0.00011399999493733048	n/a	n/a	n/a	n/a	0	n/a
3	n/a	n/a	image	1762.8328544000397	0.0	trigger	n/a	n/a	5	n/a	n/a	n/a	n/a	n/a	n/a	n/a	n/a
3	8	386	word	1763.5912558000418	0.49915656663165464	word	Hand_german	n/a	108	1763.591325400048	6.960000609979033e-05	n/a	n/a	n/a	n/a	0	n/a
3	n/a	n/a	word	1763.591325400048	0.0	trigger	n/a	n/a	108	n/a	n/a	n/a	n/a	n/a	n/a	n/a	n/a
3	8	386	feedback	1765.1065791000146	0.0	trigger	n/a	n/a	96	n/a	n/a	n/a	n/a	n/a	n/a	n/a	n/a
3	8	386	possible_button_press	1765.3094170000404	0.0	response	n/a	n/a	n/a	n/a	n/a	n/a	n/a	m	r	0	0
3	8	386	fix_cross_after_trial	1765.3231859999942	0.8498749666653111	fixation cross	n/a	n/a	94	1765.3232252000016	3.920000744983554e-05	n/a	n/a	n/a	n/a	n/a	n/a
3	n/a	n/a	fix_cross_iti	1765.3232252000016	0.0	trigger	n/a	n/a	94	n/a	n/a	n/a	n/a	n/a	n/a	n/a	n/a
3	8	387	image	1766.2118753000395	0.7605779666375838	image	jacket	jacket_29.jpg	10	1766.21197210002	9.679998038336635e-05	n/a	n/a	n/a	n/a	1	n/a
3	n/a	n/a	image	1766.21197210002	0.0	trigger	n/a	n/a	10	n/a	n/a	n/a	n/a	n/a	n/a	n/a	n/a
3	8	387	word	1766.9724950999953	0.5328570666645192	word	Jacke_german	n/a	110	1766.9725259999977	3.090000245720148e-05	n/a	n/a	n/a	n/a	1	n/a
3	n/a	n/a	word	1766.9725259999977	0.0	trigger	n/a	n/a	110	n/a	n/a	n/a	n/a	n/a	n/a	n/a	n/a
3	8	387	possible_button_press	1768.4581062000361	0.0	response	n/a	n/a	n/a	n/a	n/a	n/a	n/a	m	m	1	1
3	8	387	fix_cross_after_trial	1768.4719843000057	1.2252485666579105	fixation cross	n/a	n/a	94	1768.4720330000273	4.870002157986164e-05	n/a	n/a	n/a	n/a	n/a	n/a
3	n/a	n/a	fix_cross_iti	1768.4720330000273	0.0	trigger	n/a	n/a	94	n/a	n/a	n/a	n/a	n/a	n/a	n/a	n/a
3	8	388	image	1769.7755830000388	0.7624914666560016	image	flower	flower_39.jpg	6	1769.7756905000424	0.00010750000365078449	n/a	n/a	n/a	n/a	1	n/a
3	n/a	n/a	image	1769.7756905000424	0.0	trigger	n/a	n/a	6	n/a	n/a	n/a	n/a	n/a	n/a	n/a	n/a
3	8	388	word	1770.543022400001	0.8945029666685969	word	Blume_german	n/a	106	1770.5430655000382	4.310003714635968e-05	n/a	n/a	n/a	n/a	1	n/a
3	n/a	n/a	word	1770.5430655000382	0.0	trigger	n/a	n/a	106	n/a	n/a	n/a	n/a	n/a	n/a	n/a	n/a
3	8	388	possible_button_press	1772.040386400011	0.0	response	n/a	n/a	n/a	n/a	n/a	n/a	n/a	m	m	1	1
3	8	388	fix_cross_after_trial	1772.0545649999985	0.9991181666885041	fixation cross	n/a	n/a	94	1772.0545966000063	3.160000778734684e-05	n/a	n/a	n/a	n/a	n/a	n/a
3	n/a	n/a	fix_cross_iti	1772.0545966000063	0.0	trigger	n/a	n/a	94	n/a	n/a	n/a	n/a	n/a	n/a	n/a	n/a
3	8	389	image	1773.0738602000056	0.763328566685459	image	chair	chair_34.jpg	4	1773.0739427999943	8.259998867288232e-05	n/a	n/a	n/a	n/a	1	n/a
3	n/a	n/a	image	1773.0739427999943	0.0	trigger	n/a	n/a	4	n/a	n/a	n/a	n/a	n/a	n/a	n/a	n/a
3	8	389	word	1773.8371580000385	0.565935266673705	word	Stuhl_german	n/a	104	1773.8371964000398	3.840000135824084e-05	n/a	n/a	n/a	n/a	1	n/a
3	n/a	n/a	word	1773.8371964000398	0.0	trigger	n/a	n/a	104	n/a	n/a	n/a	n/a	n/a	n/a	n/a	n/a
3	8	389	possible_button_press	1775.3389338999987	0.0	response	n/a	n/a	n/a	n/a	n/a	n/a	n/a	m	m	1	1
3	8	389	fix_cross_after_trial	1775.3531929000164	0.9829837666513868	fixation cross	n/a	n/a	94	1775.3532358999946	4.299997817724943e-05	n/a	n/a	n/a	n/a	n/a	n/a
3	n/a	n/a	fix_cross_iti	1775.3532358999946	0.0	trigger	n/a	n/a	94	n/a	n/a	n/a	n/a	n/a	n/a	n/a	n/a
3	8	390	image	1776.3565534999943	0.7632273666715719	image	hand	hand_19.jpg	8	1776.3566448999918	9.139999747276306e-05	n/a	n/a	n/a	n/a	1	n/a
3	n/a	n/a	image	1776.3566448999918	0.0	trigger	n/a	n/a	8	n/a	n/a	n/a	n/a	n/a	n/a	n/a	n/a
3	8	390	word	1777.1193058000063	0.48298416665443256	word	Hand_german	n/a	108	1777.119334499992	2.8699985705316067e-05	n/a	n/a	n/a	n/a	1	n/a
3	n/a	n/a	word	1777.119334499992	0.0	trigger	n/a	n/a	108	n/a	n/a	n/a	n/a	n/a	n/a	n/a	n/a
3	8	390	possible_button_press	1778.6221231000382	0.0	response	n/a	n/a	n/a	n/a	n/a	n/a	n/a	m	m	1	1
3	8	390	fix_cross_after_trial	1778.6430793000036	1.1253516667095482	fixation cross	n/a	n/a	94	1778.643113600032	3.430002834647894e-05	n/a	n/a	n/a	n/a	n/a	n/a
3	n/a	n/a	fix_cross_iti	1778.643113600032	0.0	trigger	n/a	n/a	94	n/a	n/a	n/a	n/a	n/a	n/a	n/a	n/a
3	8	391	image	1779.8054165000212	0.7538120666906707	image	hammer	hammer_19.jpg	7	1779.8055085000233	9.200000204145908e-05	n/a	n/a	n/a	n/a	1	n/a
3	n/a	n/a	image	1779.8055085000233	0.0	trigger	n/a	n/a	7	n/a	n/a	n/a	n/a	n/a	n/a	n/a	n/a
3	8	391	word	1780.5696762000443	0.5148489666210025	word	Hammer_german	n/a	107	1780.5697221000446	4.5900000259280205e-05	n/a	n/a	n/a	n/a	1	n/a
3	n/a	n/a	word	1780.5697221000446	0.0	trigger	n/a	n/a	107	n/a	n/a	n/a	n/a	n/a	n/a	n/a	n/a
3	8	391	possible_button_press	1782.053345900029	0.0	response	n/a	n/a	n/a	n/a	n/a	n/a	n/a	m	m	1	1
3	8	391	fix_cross_after_trial	1782.0677677000058	1.24966996669923	fixation cross	n/a	n/a	94	1782.0677984000067	3.070000093430281e-05	n/a	n/a	n/a	n/a	n/a	n/a
3	n/a	n/a	fix_cross_iti	1782.0677984000067	0.0	trigger	n/a	n/a	94	n/a	n/a	n/a	n/a	n/a	n/a	n/a	n/a
3	8	392	image	1783.3537020999938	0.7539524667120077	image	bread	bread_04.jpg	3	1783.353770100046	6.800005212426186e-05	n/a	n/a	n/a	n/a	1	n/a
3	n/a	n/a	image	1783.353770100046	0.0	trigger	n/a	n/a	3	n/a	n/a	n/a	n/a	n/a	n/a	n/a	n/a
3	8	392	word	1784.116878800036	0.9161922666282862	word	Brot_german	n/a	103	1784.1169080000254	2.9199989512562752e-05	n/a	n/a	n/a	n/a	1	n/a
3	n/a	n/a	word	1784.1169080000254	0.0	trigger	n/a	n/a	103	n/a	n/a	n/a	n/a	n/a	n/a	n/a	n/a
3	8	392	possible_button_press	1785.6026682000374	0.0	response	n/a	n/a	n/a	n/a	n/a	n/a	n/a	m	m	1	1
3	8	392	fix_cross_after_trial	1785.617052400019	0.8162732666862667	fixation cross	n/a	n/a	94	1785.6170794999925	2.7099973522126675e-05	n/a	n/a	n/a	n/a	n/a	n/a
3	n/a	n/a	fix_cross_iti	1785.6170794999925	0.0	trigger	n/a	n/a	94	n/a	n/a	n/a	n/a	n/a	n/a	n/a	n/a
3	8	393	image	1786.4531396999955	0.7648345666859768	image	bicycle	bicycle_20.jpg	2	1786.4532156999921	7.599999662488699e-05	n/a	n/a	n/a	n/a	1	n/a
3	n/a	n/a	image	1786.4532156999921	0.0	trigger	n/a	n/a	2	n/a	n/a	n/a	n/a	n/a	n/a	n/a	n/a
3	8	393	word	1787.21641980001	0.716148566691345	word	Fahrrad_german	n/a	102	1787.2164651000057	4.529999569058418e-05	n/a	n/a	n/a	n/a	1	n/a
3	n/a	n/a	word	1787.2164651000057	0.0	trigger	n/a	n/a	102	n/a	n/a	n/a	n/a	n/a	n/a	n/a	n/a
3	8	393	possible_button_press	1788.7180567000178	0.0	response	n/a	n/a	n/a	n/a	n/a	n/a	n/a	m	m	1	1
3	8	393	fix_cross_after_trial	1788.731927899993	1.2498637667197272	fixation cross	n/a	n/a	94	1788.7319467000198	1.880002673715353e-05	n/a	n/a	n/a	n/a	n/a	n/a
3	n/a	n/a	fix_cross_iti	1788.7319467000198	0.0	trigger	n/a	n/a	94	n/a	n/a	n/a	n/a	n/a	n/a	n/a	n/a
3	8	394	image	1790.0020296000293	0.7631172666481234	image	hand	hand_31.jpg	8	1790.0021057000267	7.609999738633633e-05	n/a	n/a	n/a	n/a	0	n/a
3	n/a	n/a	image	1790.0021057000267	0.0	trigger	n/a	n/a	8	n/a	n/a	n/a	n/a	n/a	n/a	n/a	n/a
3	8	394	word	1790.765054700023	0.516147366670566	word	Hammer_german	n/a	107	1790.7650892999955	3.4599972423166037e-05	n/a	n/a	n/a	n/a	0	n/a
3	n/a	n/a	word	1790.7650892999955	0.0	trigger	n/a	n/a	107	n/a	n/a	n/a	n/a	n/a	n/a	n/a	n/a
3	8	394	feedback	1792.2813588000135	0.0	trigger	n/a	n/a	96	n/a	n/a	n/a	n/a	n/a	n/a	n/a	n/a
3	8	394	possible_button_press	1792.4674636000418	0.0	response	n/a	n/a	n/a	n/a	n/a	n/a	n/a	m	r	0	0
3	8	394	fix_cross_after_trial	1792.4884044000064	0.8091532666624062	fixation cross	n/a	n/a	94	1792.4884485999937	4.4199987314641476e-05	n/a	n/a	n/a	n/a	n/a	n/a
3	n/a	n/a	fix_cross_iti	1792.4884485999937	0.0	trigger	n/a	n/a	94	n/a	n/a	n/a	n/a	n/a	n/a	n/a	n/a
3	8	395	image	1793.3181179999956	0.7708560666690119	image	jacket	jacket_41.jpg	10	1793.3182142000296	9.620003402233124e-05	n/a	n/a	n/a	n/a	1	n/a
3	n/a	n/a	image	1793.3182142000296	0.0	trigger	n/a	n/a	10	n/a	n/a	n/a	n/a	n/a	n/a	n/a	n/a
3	8	395	word	1794.0970839000074	0.5333717666837856	word	Jacke_german	n/a	110	1794.0971144000068	3.0499999411404133e-05	n/a	n/a	n/a	n/a	1	n/a
3	n/a	n/a	word	1794.0971144000068	0.0	trigger	n/a	n/a	110	n/a	n/a	n/a	n/a	n/a	n/a	n/a	n/a
3	8	395	possible_button_press	1795.582461300015	0.0	response	n/a	n/a	n/a	n/a	n/a	n/a	n/a	m	m	1	1
3	8	395	fix_cross_after_trial	1795.596600399993	1.15011026669913	fixation cross	n/a	n/a	94	1795.5966326000053	3.220001235604286e-05	n/a	n/a	n/a	n/a	n/a	n/a
3	n/a	n/a	fix_cross_iti	1795.5966326000053	0.0	trigger	n/a	n/a	94	n/a	n/a	n/a	n/a	n/a	n/a	n/a	n/a
3	8	396	image	1796.7671689999988	0.762500366665563	image	dog	dog_24.jpg	5	1796.767254700011	8.570001227781177e-05	n/a	n/a	n/a	n/a	1	n/a
3	n/a	n/a	image	1796.767254700011	0.0	trigger	n/a	n/a	5	n/a	n/a	n/a	n/a	n/a	n/a	n/a	n/a
3	8	396	word	1797.529416400008	0.4997886666717477	word	Hund_german	n/a	105	1797.5294447000488	2.8300040867179632e-05	n/a	n/a	n/a	n/a	1	n/a
3	n/a	n/a	word	1797.5294447000488	0.0	trigger	n/a	n/a	105	n/a	n/a	n/a	n/a	n/a	n/a	n/a	n/a
3	8	396	possible_button_press	1799.0308804000379	0.0	response	n/a	n/a	n/a	n/a	n/a	n/a	n/a	m	m	1	1
3	8	396	fix_cross_after_trial	1799.0455969000468	1.1022284666580617	fixation cross	n/a	n/a	94	1799.045627100044	3.0199997127056122e-05	n/a	n/a	n/a	n/a	n/a	n/a
3	n/a	n/a	fix_cross_iti	1799.045627100044	0.0	trigger	n/a	n/a	94	n/a	n/a	n/a	n/a	n/a	n/a	n/a	n/a
3	8	397	image	1800.18192860001	0.7631510666726626	image	flower	flower_01.jpg	6	1800.1820058000158	7.720000576227903e-05	n/a	n/a	n/a	n/a	1	n/a
3	n/a	n/a	image	1800.1820058000158	0.0	trigger	n/a	n/a	6	n/a	n/a	n/a	n/a	n/a	n/a	n/a	n/a
3	8	397	word	1800.945254500024	0.8992837666921787	word	Blume_german	n/a	106	1800.945277300023	2.2799998987466097e-05	n/a	n/a	n/a	n/a	1	n/a
3	n/a	n/a	word	1800.945277300023	0.0	trigger	n/a	n/a	106	n/a	n/a	n/a	n/a	n/a	n/a	n/a	n/a
3	8	397	possible_button_press	1802.4475954000372	0.0	response	n/a	n/a	n/a	n/a	n/a	n/a	n/a	m	m	1	1
3	8	397	fix_cross_after_trial	1802.4616626000497	0.832842166655837	fixation cross	n/a	n/a	94	1802.4617075000424	4.4899992644786835e-05	n/a	n/a	n/a	n/a	n/a	n/a
3	n/a	n/a	fix_cross_iti	1802.4617075000424	0.0	trigger	n/a	n/a	94	n/a	n/a	n/a	n/a	n/a	n/a	n/a	n/a
3	8	398	image	1803.3142845000257	0.7631192666633524	image	hammer	hammer_08.jpg	7	1803.3143612000276	7.670000195503235e-05	n/a	n/a	n/a	n/a	1	n/a
3	n/a	n/a	image	1803.3143612000276	0.0	trigger	n/a	n/a	7	n/a	n/a	n/a	n/a	n/a	n/a	n/a	n/a
3	8	398	word	1804.0776628000312	0.5159876666768923	word	Hammer_german	n/a	107	1804.0776834000135	2.0599982235580683e-05	n/a	n/a	n/a	n/a	1	n/a
3	n/a	n/a	word	1804.0776834000135	0.0	trigger	n/a	n/a	107	n/a	n/a	n/a	n/a	n/a	n/a	n/a	n/a
3	8	398	possible_button_press	1805.5791239000391	0.0	response	n/a	n/a	n/a	n/a	n/a	n/a	n/a	m	m	1	1
3	8	398	fix_cross_after_trial	1805.5933807000401	0.8496440666533545	fixation cross	n/a	n/a	94	1805.593408900022	2.8199981898069382e-05	n/a	n/a	n/a	n/a	n/a	n/a
3	n/a	n/a	fix_cross_iti	1805.593408900022	0.0	trigger	n/a	n/a	94	n/a	n/a	n/a	n/a	n/a	n/a	n/a	n/a
3	8	399	image	1806.4634170000209	0.7632614666401878	image	chair	chair_13.jpg	4	1806.4634822999942	6.529997335746884e-05	n/a	n/a	n/a	n/a	1	n/a
3	n/a	n/a	image	1806.4634822999942	0.0	trigger	n/a	n/a	4	n/a	n/a	n/a	n/a	n/a	n/a	n/a	n/a
3	8	399	word	1807.2265703000012	0.5665295666588008	word	Stuhl_german	n/a	104	1807.2266045000288	3.42000275850296e-05	n/a	n/a	n/a	n/a	1	n/a
3	n/a	n/a	word	1807.2266045000288	0.0	trigger	n/a	n/a	104	n/a	n/a	n/a	n/a	n/a	n/a	n/a	n/a
3	8	399	possible_button_press	1808.7289791000076	0.0	response	n/a	n/a	n/a	n/a	n/a	n/a	n/a	m	m	1	1
3	8	399	fix_cross_after_trial	1808.7426539000007	1.2493640666982628	fixation cross	n/a	n/a	94	1808.7426784000127	2.4500011932104826e-05	n/a	n/a	n/a	n/a	n/a	n/a
3	n/a	n/a	fix_cross_iti	1808.7426784000127	0.0	trigger	n/a	n/a	94	n/a	n/a	n/a	n/a	n/a	n/a	n/a	n/a
3	8	400	image	1810.0124375000014	0.762811366705364	image	jacket	jacket_36.jpg	10	1810.0125241000205	8.66000191308558e-05	n/a	n/a	n/a	n/a	1	n/a
3	n/a	n/a	image	1810.0125241000205	0.0	trigger	n/a	n/a	10	n/a	n/a	n/a	n/a	n/a	n/a	n/a	n/a
3	8	400	word	1810.7752540000365	0.5334503666420005	word	Jacke_german	n/a	110	1810.7752819000161	2.789997961372137e-05	n/a	n/a	n/a	n/a	1	n/a
3	n/a	n/a	word	1810.7752819000161	0.0	trigger	n/a	n/a	110	n/a	n/a	n/a	n/a	n/a	n/a	n/a	n/a
3	8	400	possible_button_press	1812.277513500012	0.0	response	n/a	n/a	n/a	n/a	n/a	n/a	n/a	m	m	1	1
3	8	400	fix_cross_after_trial	1812.29164890002	1.1665661666813776	fixation cross	n/a	n/a	94	1812.2916835999931	3.4699973184615374e-05	n/a	n/a	n/a	n/a	n/a	n/a
3	n/a	n/a	fix_cross_iti	1812.2916835999931	0.0	trigger	n/a	n/a	94	n/a	n/a	n/a	n/a	n/a	n/a	n/a	n/a
3	8	400	break_instruction	1813.458235100028	15.003369666639855	break	n/a	n/a	81	1813.4582757000462	4.060001811012626e-05	n/a	n/a	n/a	n/a	n/a	n/a
3	n/a	n/a	break_start	1813.4582757000462	0.0	trigger	n/a	n/a	81	n/a	n/a	n/a	n/a	n/a	n/a	n/a	n/a
3	n/a	n/a	break_end	2025.2944003000157	0.0	trigger	n/a	n/a	82	n/a	n/a	n/a	n/a	n/a	n/a	n/a	n/a
3	9	401	image	2025.3780512000085	0.7632230666970372	image	dog	dog_28.jpg	5	2025.3781533000292	0.00010210002074018121	n/a	n/a	n/a	n/a	1	n/a
3	n/a	n/a	image	2025.3781533000292	0.0	trigger	n/a	n/a	5	n/a	n/a	n/a	n/a	n/a	n/a	n/a	n/a
3	9	401	word	2026.1412142000045	0.49929326668302565	word	Hund_german	n/a	105	2026.141245900013	3.170000854879618e-05	n/a	n/a	n/a	n/a	1	n/a
3	n/a	n/a	word	2026.141245900013	0.0	trigger	n/a	n/a	105	n/a	n/a	n/a	n/a	n/a	n/a	n/a	n/a
3	9	401	possible_button_press	2027.6432684000465	0.0	response	n/a	n/a	n/a	n/a	n/a	n/a	n/a	m	m	1	1
3	9	401	fix_cross_after_trial	2027.6573075000197	1.0333147666572131	fixation cross	n/a	n/a	94	2027.657338900026	3.1400006264448166e-05	n/a	n/a	n/a	n/a	n/a	n/a
3	n/a	n/a	fix_cross_iti	2027.657338900026	0.0	trigger	n/a	n/a	94	n/a	n/a	n/a	n/a	n/a	n/a	n/a	n/a
3	9	402	image	2028.742690300045	0.7644110666626602	image	house	house_38.jpg	9	2028.7427926000091	0.00010229996405541897	n/a	n/a	n/a	n/a	1	n/a
3	n/a	n/a	image	2028.7427926000091	0.0	trigger	n/a	n/a	9	n/a	n/a	n/a	n/a	n/a	n/a	n/a	n/a
3	9	402	word	2029.5229890000192	0.5332092666687913	word	Haus_german	n/a	109	2029.5230312000494	4.220003029331565e-05	n/a	n/a	n/a	n/a	1	n/a
3	n/a	n/a	word	2029.5230312000494	0.0	trigger	n/a	n/a	109	n/a	n/a	n/a	n/a	n/a	n/a	n/a	n/a
3	9	402	possible_button_press	2031.003718300024	0.0	response	n/a	n/a	n/a	n/a	n/a	n/a	n/a	m	m	1	1
3	9	402	fix_cross_after_trial	2031.022751600016	1.1499276666474998	fixation cross	n/a	n/a	94	2031.0228102999972	5.8699981309473515e-05	n/a	n/a	n/a	n/a	n/a	n/a
3	n/a	n/a	fix_cross_iti	2031.0228102999972	0.0	trigger	n/a	n/a	94	n/a	n/a	n/a	n/a	n/a	n/a	n/a	n/a
3	9	403	image	2032.1920895000221	0.7640140666665047	image	hammer	hammer_32.jpg	7	2032.1921585000237	6.900000153109431e-05	n/a	n/a	n/a	n/a	1	n/a
3	n/a	n/a	image	2032.1921585000237	0.0	trigger	n/a	n/a	7	n/a	n/a	n/a	n/a	n/a	n/a	n/a	n/a
3	9	403	word	2032.955987000023	0.5161090666699693	word	Hammer_german	n/a	107	2032.9560255000251	3.850000211969018e-05	n/a	n/a	n/a	n/a	1	n/a
3	n/a	n/a	word	2032.9560255000251	0.0	trigger	n/a	n/a	107	n/a	n/a	n/a	n/a	n/a	n/a	n/a	n/a
3	9	403	possible_button_press	2034.460721200041	0.0	response	n/a	n/a	n/a	n/a	n/a	n/a	n/a	m	m	1	1
3	9	403	fix_cross_after_trial	2034.4720877000364	1.0493716666280761	fixation cross	n/a	n/a	94	2034.4721377000096	4.999997327104211e-05	n/a	n/a	n/a	n/a	n/a	n/a
3	n/a	n/a	fix_cross_iti	2034.4721377000096	0.0	trigger	n/a	n/a	94	n/a	n/a	n/a	n/a	n/a	n/a	n/a	n/a
3	9	404	image	2035.606951099995	0.7643263667162046	image	ball	ball_03.jpg	1	2035.6070510999998	0.00010000000474974513	n/a	n/a	n/a	n/a	1	n/a
3	n/a	n/a	image	2035.6070510999998	0.0	trigger	n/a	n/a	1	n/a	n/a	n/a	n/a	n/a	n/a	n/a	n/a
3	9	404	word	2036.371618700039	0.7845261666263923	word	Ball_german	n/a	101	2036.371655200026	3.649998689070344e-05	n/a	n/a	n/a	n/a	1	n/a
3	n/a	n/a	word	2036.371655200026	0.0	trigger	n/a	n/a	101	n/a	n/a	n/a	n/a	n/a	n/a	n/a	n/a
3	9	404	possible_button_press	2037.8576071000425	0.0	response	n/a	n/a	n/a	n/a	n/a	n/a	n/a	m	m	1	1
3	9	404	fix_cross_after_trial	2037.8773194000241	0.7934579666509762	fixation cross	n/a	n/a	94	2037.8773701000027	5.069997860118747e-05	n/a	n/a	n/a	n/a	n/a	n/a
3	n/a	n/a	fix_cross_iti	2037.8773701000027	0.0	trigger	n/a	n/a	94	n/a	n/a	n/a	n/a	n/a	n/a	n/a	n/a
3	9	405	image	2038.696119500033	0.7616924666256182	image	house	house_40.jpg	9	2038.6962294999976	0.000109999964479357	n/a	n/a	n/a	n/a	1	n/a
3	n/a	n/a	image	2038.6962294999976	0.0	trigger	n/a	n/a	9	n/a	n/a	n/a	n/a	n/a	n/a	n/a	n/a
3	9	405	word	2039.4728011999978	0.5311350667072929	word	Haus_german	n/a	109	2039.4728771999944	7.599999662488699e-05	n/a	n/a	n/a	n/a	1	n/a
3	n/a	n/a	word	2039.4728771999944	0.0	trigger	n/a	n/a	109	n/a	n/a	n/a	n/a	n/a	n/a	n/a	n/a
3	9	405	possible_button_press	2040.9580077000428	0.0	response	n/a	n/a	n/a	n/a	n/a	n/a	n/a	m	m	1	1
3	9	405	fix_cross_after_trial	2040.970056399994	0.8849353666921616	fixation cross	n/a	n/a	94	2040.9700911000255	3.470003139227629e-05	n/a	n/a	n/a	n/a	n/a	n/a
3	n/a	n/a	fix_cross_iti	2040.9700911000255	0.0	trigger	n/a	n/a	94	n/a	n/a	n/a	n/a	n/a	n/a	n/a	n/a
3	9	406	image	2041.9076100999955	0.761928966680216	image	hand	hand_16.jpg	8	2041.9077139000292	0.00010380003368481994	n/a	n/a	n/a	n/a	1	n/a
3	n/a	n/a	image	2041.9077139000292	0.0	trigger	n/a	n/a	8	n/a	n/a	n/a	n/a	n/a	n/a	n/a	n/a
3	9	406	word	2042.6695462000207	0.48412086669509335	word	Hand_german	n/a	108	2042.6695906000095	4.439998883754015e-05	n/a	n/a	n/a	n/a	1	n/a
3	n/a	n/a	word	2042.6695906000095	0.0	trigger	n/a	n/a	108	n/a	n/a	n/a	n/a	n/a	n/a	n/a	n/a
3	9	406	possible_button_press	2044.1714009999996	0.0	response	n/a	n/a	n/a	n/a	n/a	n/a	n/a	m	m	1	1
3	9	406	fix_cross_after_trial	2044.185618300049	0.8660415666565768	fixation cross	n/a	n/a	94	2044.1856512000086	3.289995947852731e-05	n/a	n/a	n/a	n/a	n/a	n/a
3	n/a	n/a	fix_cross_iti	2044.1856512000086	0.0	trigger	n/a	n/a	94	n/a	n/a	n/a	n/a	n/a	n/a	n/a	n/a
3	9	407	image	2045.0711746000452	0.7642724666550293	image	hammer	hammer_16.jpg	7	2045.0712479000213	7.329997606575489e-05	n/a	n/a	n/a	n/a	0	n/a
3	n/a	n/a	image	2045.0712479000213	0.0	trigger	n/a	n/a	7	n/a	n/a	n/a	n/a	n/a	n/a	n/a	n/a
3	9	407	word	2045.834989199997	0.4993071666724518	word	Hund_german	n/a	105	2045.8350142000127	2.500001573935151e-05	n/a	n/a	n/a	n/a	0	n/a
3	n/a	n/a	word	2045.8350142000127	0.0	trigger	n/a	n/a	105	n/a	n/a	n/a	n/a	n/a	n/a	n/a	n/a
3	9	407	feedback	2047.3671575000044	0.0	trigger	n/a	n/a	96	n/a	n/a	n/a	n/a	n/a	n/a	n/a	n/a
3	9	407	possible_button_press	2047.5532876999932	0.0	response	n/a	n/a	n/a	n/a	n/a	n/a	n/a	m	r	0	0
3	9	407	fix_cross_after_trial	2047.5676282000495	0.9831974666490169	fixation cross	n/a	n/a	94	2047.5676516999956	2.3499946109950542e-05	n/a	n/a	n/a	n/a	n/a	n/a
3	n/a	n/a	fix_cross_iti	2047.5676516999956	0.0	trigger	n/a	n/a	94	n/a	n/a	n/a	n/a	n/a	n/a	n/a	n/a
3	9	408	image	2048.5704210000113	0.7636978667037511	image	chair	chair_03.jpg	4	2048.570516400039	9.540002793073654e-05	n/a	n/a	n/a	n/a	1	n/a
3	n/a	n/a	image	2048.570516400039	0.0	trigger	n/a	n/a	4	n/a	n/a	n/a	n/a	n/a	n/a	n/a	n/a
3	9	408	word	2049.334001200041	0.5656777666340531	word	Stuhl_german	n/a	104	2049.3340409999946	3.979995381087065e-05	n/a	n/a	n/a	n/a	1	n/a
3	n/a	n/a	word	2049.3340409999946	0.0	trigger	n/a	n/a	104	n/a	n/a	n/a	n/a	n/a	n/a	n/a	n/a
3	9	408	possible_button_press	2050.835998499999	0.0	response	n/a	n/a	n/a	n/a	n/a	n/a	n/a	m	m	1	1
3	9	408	fix_cross_after_trial	2050.8500937999925	1.2163972667226517	fixation cross	n/a	n/a	94	2050.85012300004	2.9200047720223665e-05	n/a	n/a	n/a	n/a	n/a	n/a
3	n/a	n/a	fix_cross_iti	2050.85012300004	0.0	trigger	n/a	n/a	94	n/a	n/a	n/a	n/a	n/a	n/a	n/a	n/a
3	9	409	image	2052.126219000027	0.7655236666364544	image	jacket	jacket_44.jpg	10	2052.126307600003	8.859997615218163e-05	n/a	n/a	n/a	n/a	1	n/a
3	n/a	n/a	image	2052.126307600003	0.0	trigger	n/a	n/a	10	n/a	n/a	n/a	n/a	n/a	n/a	n/a	n/a
3	9	409	word	2052.898815100023	0.5336352666531639	word	Jacke_german	n/a	110	2052.898859000008	4.3899985030293465e-05	n/a	n/a	n/a	n/a	1	n/a
3	n/a	n/a	word	2052.898859000008	0.0	trigger	n/a	n/a	110	n/a	n/a	n/a	n/a	n/a	n/a	n/a	n/a
3	9	409	possible_button_press	2054.3856345000095	0.0	response	n/a	n/a	n/a	n/a	n/a	n/a	n/a	m	m	1	1
3	9	409	fix_cross_after_trial	2054.398847800039	1.0996053666499392	fixation cross	n/a	n/a	94	2054.3988833000185	3.549997927621007e-05	n/a	n/a	n/a	n/a	n/a	n/a
3	n/a	n/a	fix_cross_iti	2054.3988833000185	0.0	trigger	n/a	n/a	94	n/a	n/a	n/a	n/a	n/a	n/a	n/a	n/a
3	9	410	image	2055.5357174000237	0.7628659666556814	image	bread	bread_04.jpg	3	2055.5357959000394	7.850001566112041e-05	n/a	n/a	n/a	n/a	1	n/a
3	n/a	n/a	image	2055.5357959000394	0.0	trigger	n/a	n/a	3	n/a	n/a	n/a	n/a	n/a	n/a	n/a	n/a
3	9	410	word	2056.2989847999997	0.9316236666677469	word	Brot_german	n/a	103	2056.299029500049	4.4700049329549074e-05	n/a	n/a	n/a	n/a	1	n/a
3	n/a	n/a	word	2056.299029500049	0.0	trigger	n/a	n/a	103	n/a	n/a	n/a	n/a	n/a	n/a	n/a	n/a
3	9	410	possible_button_press	2057.800338000001	0.0	response	n/a	n/a	n/a	n/a	n/a	n/a	n/a	m	m	1	1
3	9	410	fix_cross_after_trial	2057.8145527000306	1.1163979666348496	fixation cross	n/a	n/a	94	2057.81458450004	3.1800009310245514e-05	n/a	n/a	n/a	n/a	n/a	n/a
3	n/a	n/a	fix_cross_iti	2057.81458450004	0.0	trigger	n/a	n/a	94	n/a	n/a	n/a	n/a	n/a	n/a	n/a	n/a
3	9	411	image	2058.9924365000334	0.7550215666456097	image	flower	flower_44.jpg	6	2058.99256340001	0.00012689997674897313	n/a	n/a	n/a	n/a	0	n/a
3	n/a	n/a	image	2058.99256340001	0.0	trigger	n/a	n/a	6	n/a	n/a	n/a	n/a	n/a	n/a	n/a	n/a
3	9	411	word	2059.7505022000405	0.5625985666451925	word	Stuhl_german	n/a	104	2059.750553300022	5.1099981646984816e-05	n/a	n/a	n/a	n/a	0	n/a
3	n/a	n/a	word	2059.750553300022	0.0	trigger	n/a	n/a	104	n/a	n/a	n/a	n/a	n/a	n/a	n/a	n/a
3	9	411	feedback	2061.263601600018	0.0	trigger	n/a	n/a	96	n/a	n/a	n/a	n/a	n/a	n/a	n/a	n/a
3	9	411	possible_button_press	2061.4655729000224	0.0	response	n/a	n/a	n/a	n/a	n/a	n/a	n/a	m	r	0	0
3	9	411	fix_cross_after_trial	2061.4805143999984	1.232623066699034	fixation cross	n/a	n/a	94	2061.4805553000188	4.090002039447427e-05	n/a	n/a	n/a	n/a	n/a	n/a
3	n/a	n/a	fix_cross_iti	2061.4805553000188	0.0	trigger	n/a	n/a	94	n/a	n/a	n/a	n/a	n/a	n/a	n/a	n/a
3	9	412	image	2062.7510952000157	0.7623533666524054	image	hand	hand_21.jpg	8	2062.751186700014	9.14999982342124e-05	n/a	n/a	n/a	n/a	1	n/a
3	n/a	n/a	image	2062.751186700014	0.0	trigger	n/a	n/a	8	n/a	n/a	n/a	n/a	n/a	n/a	n/a	n/a
3	9	412	word	2063.513070999994	0.49889676669090477	word	Hand_german	n/a	108	2063.5131151000387	4.410004476085305e-05	n/a	n/a	n/a	n/a	1	n/a
3	n/a	n/a	word	2063.5131151000387	0.0	trigger	n/a	n/a	108	n/a	n/a	n/a	n/a	n/a	n/a	n/a	n/a
3	9	412	possible_button_press	2065.015019600047	0.0	response	n/a	n/a	n/a	n/a	n/a	n/a	n/a	m	m	1	1
3	9	412	fix_cross_after_trial	2065.029083900037	1.099388866631216	fixation cross	n/a	n/a	94	2065.029116199992	3.2299954909831285e-05	n/a	n/a	n/a	n/a	n/a	n/a
3	n/a	n/a	fix_cross_iti	2065.029116199992	0.0	trigger	n/a	n/a	94	n/a	n/a	n/a	n/a	n/a	n/a	n/a	n/a
3	9	413	image	2066.187510000018	0.7575687666580961	image	house	house_43.jpg	9	2066.1876117000356	0.00010170001769438386	n/a	n/a	n/a	n/a	1	n/a
3	n/a	n/a	image	2066.1876117000356	0.0	trigger	n/a	n/a	9	n/a	n/a	n/a	n/a	n/a	n/a	n/a	n/a
3	9	413	word	2066.9450558000244	0.5492339666857333	word	Haus_german	n/a	109	2066.945092500013	3.6699988413602114e-05	n/a	n/a	n/a	n/a	1	n/a
3	n/a	n/a	word	2066.945092500013	0.0	trigger	n/a	n/a	109	n/a	n/a	n/a	n/a	n/a	n/a	n/a	n/a
3	9	413	possible_button_press	2068.447071900009	0.0	response	n/a	n/a	n/a	n/a	n/a	n/a	n/a	m	m	1	1
3	9	413	fix_cross_after_trial	2068.4612966999994	1.0894836667034724	fixation cross	n/a	n/a	94	2068.4613291000132	3.2400013878941536e-05	n/a	n/a	n/a	n/a	n/a	n/a
3	n/a	n/a	fix_cross_iti	2068.4613291000132	0.0	trigger	n/a	n/a	94	n/a	n/a	n/a	n/a	n/a	n/a	n/a	n/a
3	9	414	image	2069.6002691000467	0.7639337666373649	image	dog	dog_12.jpg	5	2069.6003712000092	0.0001020999625325203	n/a	n/a	n/a	n/a	1	n/a
3	n/a	n/a	image	2069.6003712000092	0.0	trigger	n/a	n/a	5	n/a	n/a	n/a	n/a	n/a	n/a	n/a	n/a
3	9	414	word	2070.367834500037	0.4965584666392715	word	Hund_german	n/a	105	2070.3678827999975	4.829996032640338e-05	n/a	n/a	n/a	n/a	1	n/a
3	n/a	n/a	word	2070.3678827999975	0.0	trigger	n/a	n/a	105	n/a	n/a	n/a	n/a	n/a	n/a	n/a	n/a
3	9	414	possible_button_press	2071.863787600014	0.0	response	n/a	n/a	n/a	n/a	n/a	n/a	n/a	m	m	1	1
3	9	414	fix_cross_after_trial	2071.877095100004	0.8163042666897127	fixation cross	n/a	n/a	94	2071.877135800023	4.0700018871575594e-05	n/a	n/a	n/a	n/a	n/a	n/a
3	n/a	n/a	fix_cross_iti	2071.877135800023	0.0	trigger	n/a	n/a	94	n/a	n/a	n/a	n/a	n/a	n/a	n/a	n/a
3	9	415	image	2072.7297699000337	0.7633974666282484	image	flower	flower_14.jpg	6	2072.7298861000454	0.0001162000116892159	n/a	n/a	n/a	n/a	1	n/a
3	n/a	n/a	image	2072.7298861000454	0.0	trigger	n/a	n/a	6	n/a	n/a	n/a	n/a	n/a	n/a	n/a	n/a
3	9	415	word	2073.4932249000412	0.8989671666681716	word	Blume_german	n/a	106	2073.493276400026	5.1499984692782164e-05	n/a	n/a	n/a	n/a	1	n/a
3	n/a	n/a	word	2073.493276400026	0.0	trigger	n/a	n/a	106	n/a	n/a	n/a	n/a	n/a	n/a	n/a	n/a
3	9	415	possible_button_press	2074.980534500035	0.0	response	n/a	n/a	n/a	n/a	n/a	n/a	n/a	m	m	1	1
3	9	415	fix_cross_after_trial	2074.993898100045	1.20696606662068	fixation cross	n/a	n/a	94	2074.993963200017	6.509997183457017e-05	n/a	n/a	n/a	n/a	n/a	n/a
3	n/a	n/a	fix_cross_iti	2074.993963200017	0.0	trigger	n/a	n/a	94	n/a	n/a	n/a	n/a	n/a	n/a	n/a	n/a
3	9	416	image	2076.246692500019	0.7625389666686715	image	bicycle	bicycle_06.jpg	2	2076.2468440000084	0.0001514999894425273	n/a	n/a	n/a	n/a	1	n/a
3	n/a	n/a	image	2076.2468440000084	0.0	trigger	n/a	n/a	2	n/a	n/a	n/a	n/a	n/a	n/a	n/a	n/a
3	9	416	word	2077.0095349000185	0.7156539666507342	word	Fahrrad_german	n/a	102	2077.0095922000473	5.730002885684371e-05	n/a	n/a	n/a	n/a	1	n/a
3	n/a	n/a	word	2077.0095922000473	0.0	trigger	n/a	n/a	102	n/a	n/a	n/a	n/a	n/a	n/a	n/a	n/a
3	9	416	possible_button_press	2078.4975093000103	0.0	response	n/a	n/a	n/a	n/a	n/a	n/a	n/a	m	m	1	1
3	9	416	fix_cross_after_trial	2078.5085067000473	1.0325280666625076	fixation cross	n/a	n/a	94	2078.5085509000346	4.4199987314641476e-05	n/a	n/a	n/a	n/a	n/a	n/a
3	n/a	n/a	fix_cross_iti	2078.5085509000346	0.0	trigger	n/a	n/a	94	n/a	n/a	n/a	n/a	n/a	n/a	n/a	n/a
3	9	417	image	2079.5782878000173	0.7626864666858637	image	ball	ball_34.jpg	1	2079.5784245000104	0.00013669999316334724	n/a	n/a	n/a	n/a	1	n/a
3	n/a	n/a	image	2079.5784245000104	0.0	trigger	n/a	n/a	1	n/a	n/a	n/a	n/a	n/a	n/a	n/a	n/a
3	9	417	word	2080.34078030003	0.7827814666711674	word	Ball_german	n/a	101	2080.3408252000227	4.4899992644786835e-05	n/a	n/a	n/a	n/a	1	n/a
3	n/a	n/a	word	2080.3408252000227	0.0	trigger	n/a	n/a	101	n/a	n/a	n/a	n/a	n/a	n/a	n/a	n/a
3	9	417	possible_button_press	2081.842745700036	0.0	response	n/a	n/a	n/a	n/a	n/a	n/a	n/a	m	m	1	1
3	9	417	fix_cross_after_trial	2081.8569177000318	0.8001496666734056	fixation cross	n/a	n/a	94	2081.856942500046	2.4800014216452837e-05	n/a	n/a	n/a	n/a	n/a	n/a
3	n/a	n/a	fix_cross_iti	2081.856942500046	0.0	trigger	n/a	n/a	94	n/a	n/a	n/a	n/a	n/a	n/a	n/a	n/a
3	9	418	image	2082.6770047000027	0.7628224666736969	image	bicycle	bicycle_40.jpg	2	2082.677107400028	0.00010270002530887723	n/a	n/a	n/a	n/a	1	n/a
3	n/a	n/a	image	2082.677107400028	0.0	trigger	n/a	n/a	2	n/a	n/a	n/a	n/a	n/a	n/a	n/a	n/a
3	9	418	word	2083.4398297000444	0.6995874666649797	word	Fahrrad_german	n/a	102	2083.4398727000225	4.299997817724943e-05	n/a	n/a	n/a	n/a	1	n/a
3	n/a	n/a	word	2083.4398727000225	0.0	trigger	n/a	n/a	102	n/a	n/a	n/a	n/a	n/a	n/a	n/a	n/a
3	9	418	possible_button_press	2084.9420442000264	0.0	response	n/a	n/a	n/a	n/a	n/a	n/a	n/a	m	m	1	1
3	9	418	fix_cross_after_trial	2084.9560457000043	0.8664533667074465	fixation cross	n/a	n/a	94	2084.9560772000114	3.15000070258975e-05	n/a	n/a	n/a	n/a	n/a	n/a
3	n/a	n/a	fix_cross_iti	2084.9560772000114	0.0	trigger	n/a	n/a	94	n/a	n/a	n/a	n/a	n/a	n/a	n/a	n/a
3	9	419	image	2085.858799700043	0.7632616666419381	image	dog	dog_06.jpg	5	2085.8588936000015	9.389995830133557e-05	n/a	n/a	n/a	n/a	1	n/a
3	n/a	n/a	image	2085.8588936000015	0.0	trigger	n/a	n/a	5	n/a	n/a	n/a	n/a	n/a	n/a	n/a	n/a
3	9	419	word	2086.622239200049	0.4846252666361579	word	Hund_german	n/a	105	2086.622279400006	4.0199956856667995e-05	n/a	n/a	n/a	n/a	1	n/a
3	n/a	n/a	word	2086.622279400006	0.0	trigger	n/a	n/a	105	n/a	n/a	n/a	n/a	n/a	n/a	n/a	n/a
3	9	419	possible_button_press	2088.126700200024	0.0	response	n/a	n/a	n/a	n/a	n/a	n/a	n/a	m	m	1	1
3	9	419	fix_cross_after_trial	2088.145840000012	0.9417589666595632	fixation cross	n/a	n/a	94	2088.1459089000127	6.890000076964498e-05	n/a	n/a	n/a	n/a	n/a	n/a
3	n/a	n/a	fix_cross_iti	2088.1459089000127	0.0	trigger	n/a	n/a	94	n/a	n/a	n/a	n/a	n/a	n/a	n/a	n/a
3	9	420	image	2089.124077900022	0.7650788666837798	image	jacket	jacket_28.jpg	10	2089.124161200016	8.329999400302768e-05	n/a	n/a	n/a	n/a	1	n/a
3	n/a	n/a	image	2089.124161200016	0.0	trigger	n/a	n/a	10	n/a	n/a	n/a	n/a	n/a	n/a	n/a	n/a
3	9	420	word	2089.904162699997	0.5369165666675144	word	Jacke_german	n/a	110	2089.904209200002	4.650000482797623e-05	n/a	n/a	n/a	n/a	1	n/a
3	n/a	n/a	word	2089.904209200002	0.0	trigger	n/a	n/a	110	n/a	n/a	n/a	n/a	n/a	n/a	n/a	n/a
3	9	420	possible_button_press	2091.3812635000213	0.0	response	n/a	n/a	n/a	n/a	n/a	n/a	n/a	m	m	1	1
3	9	420	fix_cross_after_trial	2091.3872596000438	1.0328584666171992	fixation cross	n/a	n/a	94	2091.387297600042	3.7999998312443495e-05	n/a	n/a	n/a	n/a	n/a	n/a
3	n/a	n/a	fix_cross_iti	2091.387297600042	0.0	trigger	n/a	n/a	94	n/a	n/a	n/a	n/a	n/a	n/a	n/a	n/a
3	9	421	image	2092.5013440000475	0.753414866635012	image	ball	ball_42.jpg	1	2092.5014438999933	9.989994578063488e-05	n/a	n/a	n/a	n/a	1	n/a
3	n/a	n/a	image	2092.5014438999933	0.0	trigger	n/a	n/a	1	n/a	n/a	n/a	n/a	n/a	n/a	n/a	n/a
3	9	421	word	2093.252972999995	0.7825673666707189	word	Ball_german	n/a	101	2093.2530043000006	3.130000550299883e-05	n/a	n/a	n/a	n/a	1	n/a
3	n/a	n/a	word	2093.2530043000006	0.0	trigger	n/a	n/a	101	n/a	n/a	n/a	n/a	n/a	n/a	n/a	n/a
3	9	421	possible_button_press	2094.758624500013	0.0	response	n/a	n/a	n/a	n/a	n/a	n/a	n/a	m	m	1	1
3	9	421	fix_cross_after_trial	2094.7707813000306	0.7978735666297325	fixation cross	n/a	n/a	94	2094.770821400045	4.010001430287957e-05	n/a	n/a	n/a	n/a	n/a	n/a
3	n/a	n/a	fix_cross_iti	2094.770821400045	0.0	trigger	n/a	n/a	94	n/a	n/a	n/a	n/a	n/a	n/a	n/a	n/a
3	9	422	image	2095.6078681999934	0.760946266706469	image	bread	bread_27.jpg	3	2095.6079448999953	7.670000195503235e-05	n/a	n/a	n/a	n/a	1	n/a
3	n/a	n/a	image	2095.6079448999953	0.0	trigger	n/a	n/a	3	n/a	n/a	n/a	n/a	n/a	n/a	n/a	n/a
3	9	422	word	2096.368810200016	0.9168155666598068	word	Brot_german	n/a	103	2096.3688647000236	5.4500007536262274e-05	n/a	n/a	n/a	n/a	1	n/a
3	n/a	n/a	word	2096.3688647000236	0.0	trigger	n/a	n/a	103	n/a	n/a	n/a	n/a	n/a	n/a	n/a	n/a
3	9	422	possible_button_press	2097.8715124000446	0.0	response	n/a	n/a	n/a	n/a	n/a	n/a	n/a	m	m	1	1
3	9	422	fix_cross_after_trial	2097.885203700047	1.2490235666668923	fixation cross	n/a	n/a	94	2097.885248100036	4.439998883754015e-05	n/a	n/a	n/a	n/a	n/a	n/a
3	n/a	n/a	fix_cross_iti	2097.885248100036	0.0	trigger	n/a	n/a	94	n/a	n/a	n/a	n/a	n/a	n/a	n/a	n/a
3	9	423	image	2099.154631000012	0.7700968666508743	image	house	house_07.jpg	9	2099.154727200046	9.620003402233124e-05	n/a	n/a	n/a	n/a	1	n/a
3	n/a	n/a	image	2099.154727200046	0.0	trigger	n/a	n/a	9	n/a	n/a	n/a	n/a	n/a	n/a	n/a	n/a
3	9	423	word	2099.933943500044	0.5347959666437418	word	Haus_german	n/a	109	2099.9339847000083	4.1199964471161366e-05	n/a	n/a	n/a	n/a	1	n/a
3	n/a	n/a	word	2099.9339847000083	0.0	trigger	n/a	n/a	109	n/a	n/a	n/a	n/a	n/a	n/a	n/a	n/a
3	9	423	possible_button_press	2101.422040500038	0.0	response	n/a	n/a	n/a	n/a	n/a	n/a	n/a	m	m	1	1
3	9	423	fix_cross_after_trial	2101.4341194000444	1.1509125666384534	fixation cross	n/a	n/a	94	2101.434160100005	4.069996066391468e-05	n/a	n/a	n/a	n/a	n/a	n/a
3	n/a	n/a	fix_cross_iti	2101.434160100005	0.0	trigger	n/a	n/a	94	n/a	n/a	n/a	n/a	n/a	n/a	n/a	n/a
3	9	424	image	2102.603529600019	0.7631522666820274	image	hammer	hammer_13.jpg	7	2102.6036180999945	8.849997539073229e-05	n/a	n/a	n/a	n/a	1	n/a
3	n/a	n/a	image	2102.6036180999945	0.0	trigger	n/a	n/a	7	n/a	n/a	n/a	n/a	n/a	n/a	n/a	n/a
3	9	424	word	2103.366750999994	0.5164240666822479	word	Hammer_german	n/a	107	2103.3667964000488	4.540005465969443e-05	n/a	n/a	n/a	n/a	1	n/a
3	n/a	n/a	word	2103.3667964000488	0.0	trigger	n/a	n/a	107	n/a	n/a	n/a	n/a	n/a	n/a	n/a	n/a
3	9	424	possible_button_press	2104.868893000006	0.0	response	n/a	n/a	n/a	n/a	n/a	n/a	n/a	m	m	1	1
3	9	424	fix_cross_after_trial	2104.882876400021	1.082745166674158	fixation cross	n/a	n/a	94	2104.8829209000105	4.449998959898949e-05	n/a	n/a	n/a	n/a	n/a	n/a
3	n/a	n/a	fix_cross_iti	2104.8829209000105	0.0	trigger	n/a	n/a	94	n/a	n/a	n/a	n/a	n/a	n/a	n/a	n/a
3	9	425	image	2105.986995000043	0.7620383666403541	image	bicycle	bicycle_30.jpg	2	2105.9870868000435	9.180000051856041e-05	n/a	n/a	n/a	n/a	1	n/a
3	n/a	n/a	image	2105.9870868000435	0.0	trigger	n/a	n/a	2	n/a	n/a	n/a	n/a	n/a	n/a	n/a	n/a
3	9	425	word	2106.7488335000235	0.6994758666883172	word	Fahrrad_german	n/a	102	2106.7488704000134	3.689998993650079e-05	n/a	n/a	n/a	n/a	1	n/a
3	n/a	n/a	word	2106.7488704000134	0.0	trigger	n/a	n/a	102	n/a	n/a	n/a	n/a	n/a	n/a	n/a	n/a
3	9	425	possible_button_press	2108.2512332000188	0.0	response	n/a	n/a	n/a	n/a	n/a	n/a	n/a	m	m	1	1
3	9	425	fix_cross_after_trial	2108.2651270000497	0.9158549666212821	fixation cross	n/a	n/a	94	2108.265162900032	3.589998232200742e-05	n/a	n/a	n/a	n/a	n/a	n/a
3	n/a	n/a	fix_cross_iti	2108.265162900032	0.0	trigger	n/a	n/a	94	n/a	n/a	n/a	n/a	n/a	n/a	n/a	n/a
3	9	426	image	2109.2175432000076	0.763252666689823	image	flower	flower_01.jpg	6	2109.217615200032	7.200002437457442e-05	n/a	n/a	n/a	n/a	1	n/a
3	n/a	n/a	image	2109.217615200032	0.0	trigger	n/a	n/a	6	n/a	n/a	n/a	n/a	n/a	n/a	n/a	n/a
3	9	426	word	2109.980948200042	0.9003064666217142	word	Blume_german	n/a	106	2109.98097460001	2.6399968191981316e-05	n/a	n/a	n/a	n/a	1	n/a
3	n/a	n/a	word	2109.98097460001	0.0	trigger	n/a	n/a	106	n/a	n/a	n/a	n/a	n/a	n/a	n/a	n/a
3	9	426	possible_button_press	2111.466977700009	0.0	response	n/a	n/a	n/a	n/a	n/a	n/a	n/a	m	m	1	1
3	9	426	fix_cross_after_trial	2111.4805853000144	1.1160088666988486	fixation cross	n/a	n/a	94	2111.480624000018	3.8700003642588854e-05	n/a	n/a	n/a	n/a	n/a	n/a
3	n/a	n/a	fix_cross_iti	2111.480624000018	0.0	trigger	n/a	n/a	94	n/a	n/a	n/a	n/a	n/a	n/a	n/a	n/a
3	9	427	image	2112.6751127000316	0.7550820666406253	image	hand	hand_44.jpg	8	2112.6752052000375	9.250000584870577e-05	n/a	n/a	n/a	n/a	1	n/a
3	n/a	n/a	image	2112.6752052000375	0.0	trigger	n/a	n/a	8	n/a	n/a	n/a	n/a	n/a	n/a	n/a	n/a
3	9	427	word	2113.430047200003	0.5007843666867302	word	Hand_german	n/a	108	2113.4300860000076	3.880000440403819e-05	n/a	n/a	n/a	n/a	1	n/a
3	n/a	n/a	word	2113.4300860000076	0.0	trigger	n/a	n/a	108	n/a	n/a	n/a	n/a	n/a	n/a	n/a	n/a
3	9	427	possible_button_press	2114.9319034999935	0.0	response	n/a	n/a	n/a	n/a	n/a	n/a	n/a	m	m	1	1
3	9	427	fix_cross_after_trial	2114.9461281000404	0.9332026666420461	fixation cross	n/a	n/a	94	2114.9461516000447	2.3500004317611456e-05	n/a	n/a	n/a	n/a	n/a	n/a
3	n/a	n/a	fix_cross_iti	2114.9461516000447	0.0	trigger	n/a	n/a	94	n/a	n/a	n/a	n/a	n/a	n/a	n/a	n/a
3	9	428	image	2115.9019007000024	0.7603100666933642	image	dog	dog_35.jpg	5	2115.901995500026	9.480002336204052e-05	n/a	n/a	n/a	n/a	0	n/a
3	n/a	n/a	image	2115.901995500026	0.0	trigger	n/a	n/a	5	n/a	n/a	n/a	n/a	n/a	n/a	n/a	n/a
3	9	428	word	2116.6622630000347	0.5501530666410872	word	Jacke_german	n/a	110	2116.662296900002	3.389996709302068e-05	n/a	n/a	n/a	n/a	0	n/a
3	n/a	n/a	word	2116.662296900002	0.0	trigger	n/a	n/a	110	n/a	n/a	n/a	n/a	n/a	n/a	n/a	n/a
3	9	428	feedback	2118.178541100002	0.0	trigger	n/a	n/a	96	n/a	n/a	n/a	n/a	n/a	n/a	n/a	n/a
3	9	428	possible_button_press	2118.3643858000287	0.0	response	n/a	n/a	n/a	n/a	n/a	n/a	n/a	m	r	0	0
3	9	428	fix_cross_after_trial	2118.3785850999993	1.199583166690445	fixation cross	n/a	n/a	94	2118.3786220000475	3.69000481441617e-05	n/a	n/a	n/a	n/a	n/a	n/a
3	n/a	n/a	fix_cross_iti	2118.3786220000475	0.0	trigger	n/a	n/a	94	n/a	n/a	n/a	n/a	n/a	n/a	n/a	n/a
3	9	429	image	2119.5984656999935	0.7632600666879625	image	chair	chair_13.jpg	4	2119.5985461000237	8.040003012865782e-05	n/a	n/a	n/a	n/a	1	n/a
3	n/a	n/a	image	2119.5985461000237	0.0	trigger	n/a	n/a	4	n/a	n/a	n/a	n/a	n/a	n/a	n/a	n/a
3	9	429	word	2120.3610606000293	0.5668059666681984	word	Stuhl_german	n/a	104	2120.3610948999994	3.4299970138818026e-05	n/a	n/a	n/a	n/a	1	n/a
3	n/a	n/a	word	2120.3610948999994	0.0	trigger	n/a	n/a	104	n/a	n/a	n/a	n/a	n/a	n/a	n/a	n/a
3	9	429	possible_button_press	2121.866397100035	0.0	response	n/a	n/a	n/a	n/a	n/a	n/a	n/a	m	m	1	1
3	9	429	fix_cross_after_trial	2121.8831956000067	1.2104750666808286	fixation cross	n/a	n/a	94	2121.8832537000417	5.8100034948438406e-05	n/a	n/a	n/a	n/a	n/a	n/a
3	n/a	n/a	fix_cross_iti	2121.8832537000417	0.0	trigger	n/a	n/a	94	n/a	n/a	n/a	n/a	n/a	n/a	n/a	n/a
3	9	430	image	2123.130411799997	0.7630131666705893	image	bread	bread_03.jpg	3	2123.1305095000425	9.770004544407129e-05	n/a	n/a	n/a	n/a	1	n/a
3	n/a	n/a	image	2123.1305095000425	0.0	trigger	n/a	n/a	3	n/a	n/a	n/a	n/a	n/a	n/a	n/a	n/a
3	9	430	word	2123.8935315000126	0.9160284666618281	word	Brot_german	n/a	103	2123.8935679999995	3.649998689070344e-05	n/a	n/a	n/a	n/a	1	n/a
3	n/a	n/a	word	2123.8935679999995	0.0	trigger	n/a	n/a	103	n/a	n/a	n/a	n/a	n/a	n/a	n/a	n/a
3	9	430	possible_button_press	2125.3960138999973	0.0	response	n/a	n/a	n/a	n/a	n/a	n/a	n/a	m	m	1	1
3	9	430	fix_cross_after_trial	2125.409268699994	1.0665694666718082	fixation cross	n/a	n/a	94	2125.4092900000396	2.1300045773386955e-05	n/a	n/a	n/a	n/a	n/a	n/a
3	n/a	n/a	fix_cross_iti	2125.4092900000396	0.0	trigger	n/a	n/a	94	n/a	n/a	n/a	n/a	n/a	n/a	n/a	n/a
3	9	431	image	2126.512220500037	0.7639307666727291	image	chair	chair_24.jpg	4	2126.5123053000425	8.480000542476773e-05	n/a	n/a	n/a	n/a	1	n/a
3	n/a	n/a	image	2126.5123053000425	0.0	trigger	n/a	n/a	4	n/a	n/a	n/a	n/a	n/a	n/a	n/a	n/a
3	9	431	word	2127.2756162000005	0.5663769666612097	word	Stuhl_german	n/a	104	2127.2756460999954	2.989999484270811e-05	n/a	n/a	n/a	n/a	1	n/a
3	n/a	n/a	word	2127.2756460999954	0.0	trigger	n/a	n/a	104	n/a	n/a	n/a	n/a	n/a	n/a	n/a	n/a
3	9	431	possible_button_press	2128.777232100023	0.0	response	n/a	n/a	n/a	n/a	n/a	n/a	n/a	m	m	1	1
3	9	431	fix_cross_after_trial	2128.791743800044	1.199219466656814	fixation cross	n/a	n/a	94	2128.791777300008	3.349996404722333e-05	n/a	n/a	n/a	n/a	n/a	n/a
3	n/a	n/a	fix_cross_iti	2128.791777300008	0.0	trigger	n/a	n/a	94	n/a	n/a	n/a	n/a	n/a	n/a	n/a	n/a
3	9	432	image	2130.065786799998	0.7586590666946904	image	hand	hand_46.jpg	8	2130.065867600031	8.080003317445517e-05	n/a	n/a	n/a	n/a	0	n/a
3	n/a	n/a	image	2130.065867600031	0.0	trigger	n/a	n/a	8	n/a	n/a	n/a	n/a	n/a	n/a	n/a	n/a
3	9	432	word	2130.8244791000034	0.5330242666573213	word	Haus_german	n/a	109	2130.824504100019	2.500001573935151e-05	n/a	n/a	n/a	n/a	0	n/a
3	n/a	n/a	word	2130.824504100019	0.0	trigger	n/a	n/a	109	n/a	n/a	n/a	n/a	n/a	n/a	n/a	n/a
3	9	432	feedback	2132.3404506000225	0.0	trigger	n/a	n/a	96	n/a	n/a	n/a	n/a	n/a	n/a	n/a	n/a
3	9	432	possible_button_press	2132.5263909000205	0.0	response	n/a	n/a	n/a	n/a	n/a	n/a	n/a	m	r	0	0
3	9	432	fix_cross_after_trial	2132.540294400009	0.8009272666572542	fixation cross	n/a	n/a	94	2132.5403170000063	2.2599997464567423e-05	n/a	n/a	n/a	n/a	n/a	n/a
3	n/a	n/a	fix_cross_iti	2132.5403170000063	0.0	trigger	n/a	n/a	94	n/a	n/a	n/a	n/a	n/a	n/a	n/a	n/a
3	9	433	image	2133.378962000017	0.7615941666922481	image	jacket	jacket_07.jpg	10	2133.3790386000182	7.660000119358301e-05	n/a	n/a	n/a	n/a	1	n/a
3	n/a	n/a	image	2133.3790386000182	0.0	trigger	n/a	n/a	10	n/a	n/a	n/a	n/a	n/a	n/a	n/a	n/a
3	9	433	word	2134.1401303000166	0.5328311666421541	word	Jacke_german	n/a	110	2134.1401742000016	4.3899985030293465e-05	n/a	n/a	n/a	n/a	1	n/a
3	n/a	n/a	word	2134.1401742000016	0.0	trigger	n/a	n/a	110	n/a	n/a	n/a	n/a	n/a	n/a	n/a	n/a
3	9	433	possible_button_press	2135.6278833000106	0.0	response	n/a	n/a	n/a	n/a	n/a	n/a	n/a	m	m	1	1
3	9	433	fix_cross_after_trial	2135.6407649000175	1.1488734666531855	fixation cross	n/a	n/a	94	2135.6408180000144	5.3099996875971556e-05	n/a	n/a	n/a	n/a	n/a	n/a
3	n/a	n/a	fix_cross_iti	2135.6408180000144	0.0	trigger	n/a	n/a	94	n/a	n/a	n/a	n/a	n/a	n/a	n/a	n/a
3	9	434	image	2136.810453400016	0.7630598666769401	image	ball	ball_04.jpg	1	2136.8105490000453	9.560002945363522e-05	n/a	n/a	n/a	n/a	1	n/a
3	n/a	n/a	image	2136.8105490000453	0.0	trigger	n/a	n/a	1	n/a	n/a	n/a	n/a	n/a	n/a	n/a	n/a
3	9	434	word	2137.572316100006	0.7831997666548887	word	Ball_german	n/a	101	2137.572350200033	3.4100026823580265e-05	n/a	n/a	n/a	n/a	1	n/a
3	n/a	n/a	word	2137.572350200033	0.0	trigger	n/a	n/a	101	n/a	n/a	n/a	n/a	n/a	n/a	n/a	n/a
3	9	434	possible_button_press	2139.0743034000043	0.0	response	n/a	n/a	n/a	n/a	n/a	n/a	n/a	m	m	1	1
3	9	434	fix_cross_after_trial	2139.088440900028	0.832922566686193	fixation cross	n/a	n/a	94	2139.088467900001	2.6999972760677338e-05	n/a	n/a	n/a	n/a	n/a	n/a
3	n/a	n/a	fix_cross_iti	2139.088467900001	0.0	trigger	n/a	n/a	94	n/a	n/a	n/a	n/a	n/a	n/a	n/a	n/a
3	9	435	image	2139.95807350002	0.7650801666936786	image	flower	flower_30.jpg	6	2139.958148400008	7.489998824894428e-05	n/a	n/a	n/a	n/a	1	n/a
3	n/a	n/a	image	2139.958148400008	0.0	trigger	n/a	n/a	6	n/a	n/a	n/a	n/a	n/a	n/a	n/a	n/a
3	9	435	word	2140.7284461000236	0.8925840666674958	word	Blume_german	n/a	106	2140.728492700029	4.6600005589425564e-05	n/a	n/a	n/a	n/a	1	n/a
3	n/a	n/a	word	2140.728492700029	0.0	trigger	n/a	n/a	106	n/a	n/a	n/a	n/a	n/a	n/a	n/a	n/a
3	9	435	possible_button_press	2142.2231888000388	0.0	response	n/a	n/a	n/a	n/a	n/a	n/a	n/a	m	m	1	1
3	9	435	fix_cross_after_trial	2142.237191000022	0.9022110666887784	fixation cross	n/a	n/a	94	2142.237225000048	3.400002606213093e-05	n/a	n/a	n/a	n/a	n/a	n/a
3	n/a	n/a	fix_cross_iti	2142.237225000048	0.0	trigger	n/a	n/a	94	n/a	n/a	n/a	n/a	n/a	n/a	n/a	n/a
3	9	436	image	2143.174127800041	0.7628848666249723	image	hammer	hammer_06.jpg	7	2143.1742527000024	0.0001248999615199864	n/a	n/a	n/a	n/a	1	n/a
3	n/a	n/a	image	2143.1742527000024	0.0	trigger	n/a	n/a	7	n/a	n/a	n/a	n/a	n/a	n/a	n/a	n/a
3	9	436	word	2143.937177200045	0.5162476666196198	word	Hammer_german	n/a	107	2143.9372189000132	4.169996827840805e-05	n/a	n/a	n/a	n/a	1	n/a
3	n/a	n/a	word	2143.9372189000132	0.0	trigger	n/a	n/a	107	n/a	n/a	n/a	n/a	n/a	n/a	n/a	n/a
3	9	436	possible_button_press	2145.431464000023	0.0	response	n/a	n/a	n/a	n/a	n/a	n/a	n/a	m	m	1	1
3	9	436	fix_cross_after_trial	2145.4547720000264	1.2316311666550064	fixation cross	n/a	n/a	94	2145.454932100023	0.00016009999671950936	n/a	n/a	n/a	n/a	n/a	n/a
3	n/a	n/a	fix_cross_iti	2145.454932100023	0.0	trigger	n/a	n/a	94	n/a	n/a	n/a	n/a	n/a	n/a	n/a	n/a
3	9	437	image	2146.862654800003	0.756780066706142	image	ball	ball_19.jpg	1	2146.862740500015	8.570001227781177e-05	n/a	n/a	n/a	n/a	1	n/a
3	n/a	n/a	image	2146.862740500015	0.0	trigger	n/a	n/a	1	n/a	n/a	n/a	n/a	n/a	n/a	n/a	n/a
3	9	437	word	2147.619191100006	0.782623166688154	word	Ball_german	n/a	101	2147.619227599993	3.649998689070344e-05	n/a	n/a	n/a	n/a	1	n/a
3	n/a	n/a	word	2147.619227599993	0.0	trigger	n/a	n/a	101	n/a	n/a	n/a	n/a	n/a	n/a	n/a	n/a
3	9	437	possible_button_press	2149.121576000005	0.0	response	n/a	n/a	n/a	n/a	n/a	n/a	n/a	m	m	1	1
3	9	437	fix_cross_after_trial	2149.135327199998	1.1170784666942382	fixation cross	n/a	n/a	94	2149.135359900014	3.270001616328955e-05	n/a	n/a	n/a	n/a	n/a	n/a
3	n/a	n/a	fix_cross_iti	2149.135359900014	0.0	trigger	n/a	n/a	94	n/a	n/a	n/a	n/a	n/a	n/a	n/a	n/a
3	9	438	image	2150.364636400016	0.7552342666936056	image	bread	bread_36.jpg	3	2150.3647904000245	0.00015400000847876072	n/a	n/a	n/a	n/a	1	n/a
3	n/a	n/a	image	2150.3647904000245	0.0	trigger	n/a	n/a	3	n/a	n/a	n/a	n/a	n/a	n/a	n/a	n/a
3	9	438	word	2151.1198487000074	0.9326789666706645	word	Brot_german	n/a	103	2151.1198980000336	4.930002614855766e-05	n/a	n/a	n/a	n/a	1	n/a
3	n/a	n/a	word	2151.1198980000336	0.0	trigger	n/a	n/a	103	n/a	n/a	n/a	n/a	n/a	n/a	n/a	n/a
3	9	438	possible_button_press	2152.620672100049	0.0	response	n/a	n/a	n/a	n/a	n/a	n/a	n/a	m	m	1	1
3	9	438	fix_cross_after_trial	2152.6343914000317	1.0326736666652323	fixation cross	n/a	n/a	94	2152.634434700012	4.329998046159744e-05	n/a	n/a	n/a	n/a	n/a	n/a
3	n/a	n/a	fix_cross_iti	2152.634434700012	0.0	trigger	n/a	n/a	94	n/a	n/a	n/a	n/a	n/a	n/a	n/a	n/a
3	9	439	image	2153.6893218000187	0.7608469666488418	image	jacket	jacket_15.jpg	10	2153.689418199996	9.6399977337569e-05	n/a	n/a	n/a	n/a	1	n/a
3	n/a	n/a	image	2153.689418199996	0.0	trigger	n/a	n/a	10	n/a	n/a	n/a	n/a	n/a	n/a	n/a	n/a
3	9	439	word	2154.4502918000217	0.5331204666913436	word	Jacke_german	n/a	110	2154.450333799992	4.199997056275606e-05	n/a	n/a	n/a	n/a	1	n/a
3	n/a	n/a	word	2154.450333799992	0.0	trigger	n/a	n/a	110	n/a	n/a	n/a	n/a	n/a	n/a	n/a	n/a
3	9	439	possible_button_press	2155.959078700049	0.0	response	n/a	n/a	n/a	n/a	n/a	n/a	n/a	m	m	1	1
3	9	439	fix_cross_after_trial	2155.966438100033	1.1827280666370825	fixation cross	n/a	n/a	94	2155.966460900032	2.2799998987466097e-05	n/a	n/a	n/a	n/a	n/a	n/a
3	n/a	n/a	fix_cross_iti	2155.966460900032	0.0	trigger	n/a	n/a	94	n/a	n/a	n/a	n/a	n/a	n/a	n/a	n/a
3	9	440	image	2157.185876200034	0.7632766666397401	image	bread	bread_29.jpg	3	2157.185949000006	7.27999722585082e-05	n/a	n/a	n/a	n/a	1	n/a
3	n/a	n/a	image	2157.185949000006	0.0	trigger	n/a	n/a	3	n/a	n/a	n/a	n/a	n/a	n/a	n/a	n/a
3	9	440	word	2157.9492632000474	0.9162019666441665	word	Brot_german	n/a	103	2157.949306000024	4.279997665435076e-05	n/a	n/a	n/a	n/a	1	n/a
3	n/a	n/a	word	2157.949306000024	0.0	trigger	n/a	n/a	103	n/a	n/a	n/a	n/a	n/a	n/a	n/a	n/a
3	9	440	possible_button_press	2159.4514392000274	0.0	response	n/a	n/a	n/a	n/a	n/a	n/a	n/a	m	m	1	1
3	9	440	fix_cross_after_trial	2159.465162000037	0.800595966637502	fixation cross	n/a	n/a	94	2159.4651866000495	2.4600012693554163e-05	n/a	n/a	n/a	n/a	n/a	n/a
3	n/a	n/a	fix_cross_iti	2159.4651866000495	0.0	trigger	n/a	n/a	94	n/a	n/a	n/a	n/a	n/a	n/a	n/a	n/a
3	9	441	image	2160.286489900027	0.7623324666678855	image	hammer	hammer_17.jpg	7	2160.2867052000365	0.000215300009585917	n/a	n/a	n/a	n/a	1	n/a
3	n/a	n/a	image	2160.2867052000365	0.0	trigger	n/a	n/a	7	n/a	n/a	n/a	n/a	n/a	n/a	n/a	n/a
3	9	441	word	2161.04830210004	0.5167018666438707	word	Hammer_german	n/a	107	2161.0483359000064	3.379996633157134e-05	n/a	n/a	n/a	n/a	1	n/a
3	n/a	n/a	word	2161.0483359000064	0.0	trigger	n/a	n/a	107	n/a	n/a	n/a	n/a	n/a	n/a	n/a	n/a
3	9	441	possible_button_press	2162.550747600035	0.0	response	n/a	n/a	n/a	n/a	n/a	n/a	n/a	m	m	1	1
3	9	441	fix_cross_after_trial	2162.564429400023	1.1669420666917176	fixation cross	n/a	n/a	94	2162.564458100009	2.8699985705316067e-05	n/a	n/a	n/a	n/a	n/a	n/a
3	n/a	n/a	fix_cross_iti	2162.564458100009	0.0	trigger	n/a	n/a	94	n/a	n/a	n/a	n/a	n/a	n/a	n/a	n/a
3	9	442	image	2163.7587429000414	0.7552771666710214	image	hand	hand_02.jpg	8	2163.7588497000397	0.00010679999832063913	n/a	n/a	n/a	n/a	1	n/a
3	n/a	n/a	image	2163.7588497000397	0.0	trigger	n/a	n/a	8	n/a	n/a	n/a	n/a	n/a	n/a	n/a	n/a
3	9	442	word	2164.5138493000413	0.4995069666224481	word	Hand_german	n/a	108	2164.5138932000264	4.3899985030293465e-05	n/a	n/a	n/a	n/a	1	n/a
3	n/a	n/a	word	2164.5138932000264	0.0	trigger	n/a	n/a	108	n/a	n/a	n/a	n/a	n/a	n/a	n/a	n/a
3	9	442	possible_button_press	2166.015850900032	0.0	response	n/a	n/a	n/a	n/a	n/a	n/a	n/a	m	m	1	1
3	9	442	fix_cross_after_trial	2166.030029800022	1.0829829666804471	fixation cross	n/a	n/a	94	2166.030060400022	3.060000017285347e-05	n/a	n/a	n/a	n/a	n/a	n/a
3	n/a	n/a	fix_cross_iti	2166.030060400022	0.0	trigger	n/a	n/a	94	n/a	n/a	n/a	n/a	n/a	n/a	n/a	n/a
3	9	443	image	2167.1330752000213	0.7636805666884356	image	dog	dog_24.jpg	5	2167.1331585000153	8.329999400302768e-05	n/a	n/a	n/a	n/a	1	n/a
3	n/a	n/a	image	2167.1331585000153	0.0	trigger	n/a	n/a	5	n/a	n/a	n/a	n/a	n/a	n/a	n/a	n/a
3	9	443	word	2167.896240000031	0.4994980666710944	word	Hund_german	n/a	105	2167.896326599992	8.659996092319489e-05	n/a	n/a	n/a	n/a	1	n/a
3	n/a	n/a	word	2167.896326599992	0.0	trigger	n/a	n/a	105	n/a	n/a	n/a	n/a	n/a	n/a	n/a	n/a
3	9	443	possible_button_press	2169.398236600042	0.0	response	n/a	n/a	n/a	n/a	n/a	n/a	n/a	m	m	1	1
3	9	443	fix_cross_after_trial	2169.4122034000466	0.9170622666174495	fixation cross	n/a	n/a	94	2169.412227099994	2.3699947632849216e-05	n/a	n/a	n/a	n/a	n/a	n/a
3	n/a	n/a	fix_cross_iti	2169.412227099994	0.0	trigger	n/a	n/a	94	n/a	n/a	n/a	n/a	n/a	n/a	n/a	n/a
3	9	444	image	2170.350851700001	0.7610198666848191	image	jacket	jacket_03.jpg	10	2170.35095750005	0.00010580004891380668	n/a	n/a	n/a	n/a	1	n/a
3	n/a	n/a	image	2170.35095750005	0.0	trigger	n/a	n/a	10	n/a	n/a	n/a	n/a	n/a	n/a	n/a	n/a
3	9	444	word	2171.1284023000044	0.533007066700975	word	Jacke_german	n/a	110	2171.1284544999944	5.219999002292752e-05	n/a	n/a	n/a	n/a	1	n/a
3	n/a	n/a	word	2171.1284544999944	0.0	trigger	n/a	n/a	110	n/a	n/a	n/a	n/a	n/a	n/a	n/a	n/a
3	9	444	possible_button_press	2172.614471000037	0.0	response	n/a	n/a	n/a	n/a	n/a	n/a	n/a	m	m	1	1
3	9	444	fix_cross_after_trial	2172.628326700011	1.216003466692655	fixation cross	n/a	n/a	94	2172.628371400002	4.469999112188816e-05	n/a	n/a	n/a	n/a	n/a	n/a
3	n/a	n/a	fix_cross_iti	2172.628371400002	0.0	trigger	n/a	n/a	94	n/a	n/a	n/a	n/a	n/a	n/a	n/a	n/a
3	9	445	image	2173.8646545000374	0.7626162666751952	image	chair	chair_12.jpg	4	2173.8647772000404	0.0001227000029757619	n/a	n/a	n/a	n/a	1	n/a
3	n/a	n/a	image	2173.8647772000404	0.0	trigger	n/a	n/a	4	n/a	n/a	n/a	n/a	n/a	n/a	n/a	n/a
3	9	445	word	2174.633675899997	0.5604347666999274	word	Stuhl_german	n/a	104	2174.6337219999987	4.610000178217888e-05	n/a	n/a	n/a	n/a	1	n/a
3	n/a	n/a	word	2174.6337219999987	0.0	trigger	n/a	n/a	104	n/a	n/a	n/a	n/a	n/a	n/a	n/a	n/a
3	9	445	possible_button_press	2176.129374100012	0.0	response	n/a	n/a	n/a	n/a	n/a	n/a	n/a	m	m	1	1
3	9	445	fix_cross_after_trial	2176.1436659000465	0.8164752666530148	fixation cross	n/a	n/a	94	2176.1437057000003	3.979995381087065e-05	n/a	n/a	n/a	n/a	n/a	n/a
3	n/a	n/a	fix_cross_iti	2176.1437057000003	0.0	trigger	n/a	n/a	94	n/a	n/a	n/a	n/a	n/a	n/a	n/a	n/a
3	9	446	image	2177.0381654000375	0.7557284666731903	image	house	house_48.jpg	9	2177.038296600047	0.00013120000949129462	n/a	n/a	n/a	n/a	0	n/a
3	n/a	n/a	image	2177.038296600047	0.0	trigger	n/a	n/a	9	n/a	n/a	n/a	n/a	n/a	n/a	n/a	n/a
3	9	446	word	2177.793521900021	0.5010832666926035	word	Hund_german	n/a	105	2177.7935673000175	4.539999645203352e-05	n/a	n/a	n/a	n/a	0	n/a
3	n/a	n/a	word	2177.7935673000175	0.0	trigger	n/a	n/a	105	n/a	n/a	n/a	n/a	n/a	n/a	n/a	n/a
3	9	446	feedback	2179.3090314000146	0.0	trigger	n/a	n/a	96	n/a	n/a	n/a	n/a	n/a	n/a	n/a	n/a
3	9	446	possible_button_press	2179.495311900042	0.0	response	n/a	n/a	n/a	n/a	n/a	n/a	n/a	m	r	0	0
3	9	446	fix_cross_after_trial	2179.516013500048	0.8093670666607977	fixation cross	n/a	n/a	94	2179.5160538000055	4.029995761811733e-05	n/a	n/a	n/a	n/a	n/a	n/a
3	n/a	n/a	fix_cross_iti	2179.5160538000055	0.0	trigger	n/a	n/a	94	n/a	n/a	n/a	n/a	n/a	n/a	n/a	n/a
3	9	447	image	2180.3476418000064	0.76116796670658	image	bicycle	bicycle_28.jpg	2	2180.3477210000274	7.920002099126577e-05	n/a	n/a	n/a	n/a	1	n/a
3	n/a	n/a	image	2180.3477210000274	0.0	trigger	n/a	n/a	2	n/a	n/a	n/a	n/a	n/a	n/a	n/a	n/a
3	9	447	word	2181.108652600029	0.6996830666362257	word	Fahrrad_german	n/a	102	2181.1086976000224	4.499999340623617e-05	n/a	n/a	n/a	n/a	1	n/a
3	n/a	n/a	word	2181.1086976000224	0.0	trigger	n/a	n/a	102	n/a	n/a	n/a	n/a	n/a	n/a	n/a	n/a
3	9	447	possible_button_press	2182.6104243000154	0.0	response	n/a	n/a	n/a	n/a	n/a	n/a	n/a	m	m	1	1
3	9	447	fix_cross_after_trial	2182.6245987000293	1.1996283666853742	fixation cross	n/a	n/a	94	2182.6246289000264	3.0199997127056122e-05	n/a	n/a	n/a	n/a	n/a	n/a
3	n/a	n/a	fix_cross_iti	2182.6246289000264	0.0	trigger	n/a	n/a	94	n/a	n/a	n/a	n/a	n/a	n/a	n/a	n/a
3	9	448	image	2183.8611031000037	0.7631395667017387	image	flower	flower_39.jpg	6	2183.8611916000373	8.85000335983932e-05	n/a	n/a	n/a	n/a	1	n/a
3	n/a	n/a	image	2183.8611916000373	0.0	trigger	n/a	n/a	6	n/a	n/a	n/a	n/a	n/a	n/a	n/a	n/a
3	9	448	word	2184.62419100001	0.8997582666966082	word	Blume_german	n/a	106	2184.624230700021	3.9700011257082224e-05	n/a	n/a	n/a	n/a	1	n/a
3	n/a	n/a	word	2184.624230700021	0.0	trigger	n/a	n/a	106	n/a	n/a	n/a	n/a	n/a	n/a	n/a	n/a
3	9	448	possible_button_press	2186.126236800046	0.0	response	n/a	n/a	n/a	n/a	n/a	n/a	n/a	m	m	1	1
3	9	448	fix_cross_after_trial	2186.140150399995	0.9168049666955085	fixation cross	n/a	n/a	94	2186.1401768000214	2.640002639964223e-05	n/a	n/a	n/a	n/a	n/a	n/a
3	n/a	n/a	fix_cross_iti	2186.1401768000214	0.0	trigger	n/a	n/a	94	n/a	n/a	n/a	n/a	n/a	n/a	n/a	n/a
3	9	449	image	2187.0765684000216	0.7636333666782775	image	chair	chair_04.jpg	4	2187.0766526000225	8.420000085607171e-05	n/a	n/a	n/a	n/a	1	n/a
3	n/a	n/a	image	2187.0766526000225	0.0	trigger	n/a	n/a	4	n/a	n/a	n/a	n/a	n/a	n/a	n/a	n/a
3	9	449	word	2187.840055800043	0.5663611666573161	word	Stuhl_german	n/a	104	2187.8400921000284	3.6299985367804766e-05	n/a	n/a	n/a	n/a	1	n/a
3	n/a	n/a	word	2187.8400921000284	0.0	trigger	n/a	n/a	104	n/a	n/a	n/a	n/a	n/a	n/a	n/a	n/a
3	9	449	possible_button_press	2189.328045100032	0.0	response	n/a	n/a	n/a	n/a	n/a	n/a	n/a	m	m	1	1
3	9	449	fix_cross_after_trial	2189.339510700025	0.816189066685638	fixation cross	n/a	n/a	94	2189.339554300008	4.3599982745945454e-05	n/a	n/a	n/a	n/a	n/a	n/a
3	n/a	n/a	fix_cross_iti	2189.339554300008	0.0	trigger	n/a	n/a	94	n/a	n/a	n/a	n/a	n/a	n/a	n/a	n/a
3	9	450	image	2190.2328235000023	0.7552613666671277	image	bicycle	bicycle_48.jpg	2	2190.232911900035	8.840003283694386e-05	n/a	n/a	n/a	n/a	1	n/a
3	n/a	n/a	image	2190.232911900035	0.0	trigger	n/a	n/a	2	n/a	n/a	n/a	n/a	n/a	n/a	n/a	n/a
3	9	450	word	2190.9889640000183	0.6994055666768872	word	Fahrrad_german	n/a	102	2190.98899480002	3.0800001695752144e-05	n/a	n/a	n/a	n/a	1	n/a
3	n/a	n/a	word	2190.98899480002	0.0	trigger	n/a	n/a	102	n/a	n/a	n/a	n/a	n/a	n/a	n/a	n/a
3	9	450	possible_button_press	2192.474182600039	0.0	response	n/a	n/a	n/a	n/a	n/a	n/a	n/a	m	m	1	1
3	9	450	fix_cross_after_trial	2192.4882891000016	1.033091266701831	fixation cross	n/a	n/a	94	2192.488323300029	3.42000275850296e-05	n/a	n/a	n/a	n/a	n/a	n/a
3	n/a	n/a	fix_cross_iti	2192.488323300029	0.0	trigger	n/a	n/a	94	n/a	n/a	n/a	n/a	n/a	n/a	n/a	n/a
3	9	450	break_instruction	2193.5283923000097	15.00479526666868	break	n/a	n/a	81	2193.528429099999	3.679998917505145e-05	n/a	n/a	n/a	n/a	n/a	n/a
3	n/a	n/a	break_start	2193.528429099999	0.0	trigger	n/a	n/a	81	n/a	n/a	n/a	n/a	n/a	n/a	n/a	n/a
3	n/a	n/a	break_end	2585.5877624000423	0.0	trigger	n/a	n/a	82	n/a	n/a	n/a	n/a	n/a	n/a	n/a	n/a
3	10	451	image	2585.812495400023	0.7536312666529739	image	hand	hand_19.jpg	8	2585.8142294000136	0.0017339999903924763	n/a	n/a	n/a	n/a	1	n/a
3	n/a	n/a	image	2585.8142294000136	0.0	trigger	n/a	n/a	8	n/a	n/a	n/a	n/a	n/a	n/a	n/a	n/a
3	10	451	word	2586.6326304000104	0.48229516670517114	word	Hand_german	n/a	108	2586.63267750002	4.710000939667225e-05	n/a	n/a	n/a	n/a	1	n/a
3	n/a	n/a	word	2586.63267750002	0.0	trigger	n/a	n/a	108	n/a	n/a	n/a	n/a	n/a	n/a	n/a	n/a
3	10	451	possible_button_press	2588.0666060000076	0.0	response	n/a	n/a	n/a	n/a	n/a	n/a	n/a	m	m	1	1
3	10	451	fix_cross_after_trial	2588.080824600009	1.1332890666712956	fixation cross	n/a	n/a	94	2588.0808584000333	3.3800024539232254e-05	n/a	n/a	n/a	n/a	n/a	n/a
3	n/a	n/a	fix_cross_iti	2588.0808584000333	0.0	trigger	n/a	n/a	94	n/a	n/a	n/a	n/a	n/a	n/a	n/a	n/a
3	10	452	image	2589.2659134000423	0.7645582666195878	image	dog	dog_07.jpg	5	2589.2659949000226	8.149998029693961e-05	n/a	n/a	n/a	n/a	1	n/a
3	n/a	n/a	image	2589.2659949000226	0.0	trigger	n/a	n/a	5	n/a	n/a	n/a	n/a	n/a	n/a	n/a	n/a
3	10	452	word	2590.030469499994	0.4827446666936339	word	Hund_german	n/a	105	2590.030512200028	4.2700034100562334e-05	n/a	n/a	n/a	n/a	1	n/a
3	n/a	n/a	word	2590.030512200028	0.0	trigger	n/a	n/a	105	n/a	n/a	n/a	n/a	n/a	n/a	n/a	n/a
3	10	452	possible_button_press	2591.532296899997	0.0	response	n/a	n/a	n/a	n/a	n/a	n/a	n/a	m	m	1	1
3	10	452	fix_cross_after_trial	2591.5462950000074	1.249566266666534	fixation cross	n/a	n/a	94	2591.5463272000197	3.220001235604286e-05	n/a	n/a	n/a	n/a	n/a	n/a
3	n/a	n/a	fix_cross_iti	2591.5463272000197	0.0	trigger	n/a	n/a	94	n/a	n/a	n/a	n/a	n/a	n/a	n/a	n/a
3	10	453	image	2592.848360200005	0.7637448666541786	image	hammer	hammer_19.jpg	7	2592.848446400021	8.620001608505845e-05	n/a	n/a	n/a	n/a	1	n/a
3	n/a	n/a	image	2592.848446400021	0.0	trigger	n/a	n/a	7	n/a	n/a	n/a	n/a	n/a	n/a	n/a	n/a
3	10	453	word	2593.628330300038	0.5003286666510576	word	Hammer_german	n/a	107	2593.6283721000073	4.179996903985739e-05	n/a	n/a	n/a	n/a	1	n/a
3	n/a	n/a	word	2593.6283721000073	0.0	trigger	n/a	n/a	107	n/a	n/a	n/a	n/a	n/a	n/a	n/a	n/a
3	10	453	possible_button_press	2595.1146305000293	0.0	response	n/a	n/a	n/a	n/a	n/a	n/a	n/a	m	m	1	1
3	10	453	fix_cross_after_trial	2595.128659500042	1.0829215666203709	fixation cross	n/a	n/a	94	2595.128700800007	4.12999652326107e-05	n/a	n/a	n/a	n/a	n/a	n/a
3	n/a	n/a	fix_cross_iti	2595.128700800007	0.0	trigger	n/a	n/a	94	n/a	n/a	n/a	n/a	n/a	n/a	n/a	n/a
3	10	454	image	2596.230586300022	0.7639489666366899	image	ball	ball_29.jpg	1	2596.230704100046	0.00011780002387240529	n/a	n/a	n/a	n/a	1	n/a
3	n/a	n/a	image	2596.230704100046	0.0	trigger	n/a	n/a	1	n/a	n/a	n/a	n/a	n/a	n/a	n/a	n/a
3	10	454	word	2596.994471700047	0.782513766611828	word	Ball_german	n/a	101	2596.9945028999937	3.119994653388858e-05	n/a	n/a	n/a	n/a	1	n/a
3	n/a	n/a	word	2596.9945028999937	0.0	trigger	n/a	n/a	101	n/a	n/a	n/a	n/a	n/a	n/a	n/a	n/a
3	10	454	possible_button_press	2598.4967793000396	0.0	response	n/a	n/a	n/a	n/a	n/a	n/a	n/a	m	m	1	1
3	10	454	fix_cross_after_trial	2598.510844500037	1.2161969666526602	fixation cross	n/a	n/a	94	2598.510875200038	3.070000093430281e-05	n/a	n/a	n/a	n/a	n/a	n/a
3	n/a	n/a	fix_cross_iti	2598.510875200038	0.0	trigger	n/a	n/a	94	n/a	n/a	n/a	n/a	n/a	n/a	n/a	n/a
3	10	455	image	2599.762516500021	0.7645398666541041	image	house	house_09.jpg	9	2599.762596000044	7.950002327561378e-05	n/a	n/a	n/a	n/a	1	n/a
3	n/a	n/a	image	2599.762596000044	0.0	trigger	n/a	n/a	9	n/a	n/a	n/a	n/a	n/a	n/a	n/a	n/a
3	10	455	word	2600.5448509000125	0.5475348666700484	word	Haus_german	n/a	109	2600.5448990000295	4.810001701116562e-05	n/a	n/a	n/a	n/a	1	n/a
3	n/a	n/a	word	2600.5448990000295	0.0	trigger	n/a	n/a	109	n/a	n/a	n/a	n/a	n/a	n/a	n/a	n/a
3	10	455	possible_button_press	2602.028773900005	0.0	response	n/a	n/a	n/a	n/a	n/a	n/a	n/a	m	m	1	1
3	10	455	fix_cross_after_trial	2602.0427687000483	0.8667780666187355	fixation cross	n/a	n/a	94	2602.0427911000443	2.239999594166875e-05	n/a	n/a	n/a	n/a	n/a	n/a
3	n/a	n/a	fix_cross_iti	2602.0427911000443	0.0	trigger	n/a	n/a	94	n/a	n/a	n/a	n/a	n/a	n/a	n/a	n/a
3	10	456	image	2602.9449659000384	0.7640431666554832	image	bread	bread_12.jpg	3	2602.9450574000366	9.14999982342124e-05	n/a	n/a	n/a	n/a	1	n/a
3	n/a	n/a	image	2602.9450574000366	0.0	trigger	n/a	n/a	3	n/a	n/a	n/a	n/a	n/a	n/a	n/a	n/a
3	10	456	word	2603.7092696000473	0.932396266613523	word	Brot_german	n/a	103	2603.709313700034	4.409998655319214e-05	n/a	n/a	n/a	n/a	1	n/a
3	n/a	n/a	word	2603.709313700034	0.0	trigger	n/a	n/a	103	n/a	n/a	n/a	n/a	n/a	n/a	n/a	n/a
3	10	456	possible_button_press	2605.210630500049	0.0	response	n/a	n/a	n/a	n/a	n/a	n/a	n/a	m	m	1	1
3	10	456	fix_cross_after_trial	2605.2251871000044	1.033380166689767	fixation cross	n/a	n/a	94	2605.225215000042	2.7900037821382284e-05	n/a	n/a	n/a	n/a	n/a	n/a
3	n/a	n/a	fix_cross_iti	2605.225215000042	0.0	trigger	n/a	n/a	94	n/a	n/a	n/a	n/a	n/a	n/a	n/a	n/a
3	10	457	image	2606.2940700000036	0.7641794667038084	image	house	house_35.jpg	9	2606.2942062999937	0.0001362999901175499	n/a	n/a	n/a	n/a	1	n/a
3	n/a	n/a	image	2606.2942062999937	0.0	trigger	n/a	n/a	9	n/a	n/a	n/a	n/a	n/a	n/a	n/a	n/a
3	10	457	word	2607.058170400036	0.5491447666468048	word	Haus_german	n/a	109	2607.058208900038	3.850000211969018e-05	n/a	n/a	n/a	n/a	1	n/a
3	n/a	n/a	word	2607.058208900038	0.0	trigger	n/a	n/a	109	n/a	n/a	n/a	n/a	n/a	n/a	n/a	n/a
3	10	457	possible_button_press	2608.560108000005	0.0	response	n/a	n/a	n/a	n/a	n/a	n/a	n/a	m	m	1	1
3	10	457	fix_cross_after_trial	2608.5739188000443	0.8831157666322724	fixation cross	n/a	n/a	94	2608.573936700006	1.7899961676448584e-05	n/a	n/a	n/a	n/a	n/a	n/a
3	n/a	n/a	fix_cross_iti	2608.573936700006	0.0	trigger	n/a	n/a	94	n/a	n/a	n/a	n/a	n/a	n/a	n/a	n/a
3	10	458	image	2609.49253280001	0.7650235666701519	image	bread	bread_25.jpg	3	2609.4926022000145	6.940000457689166e-05	n/a	n/a	n/a	n/a	1	n/a
3	n/a	n/a	image	2609.4926022000145	0.0	trigger	n/a	n/a	3	n/a	n/a	n/a	n/a	n/a	n/a	n/a	n/a
3	10	458	word	2610.2573776000063	0.9327702666673758	word	Brot_german	n/a	103	2610.257426700031	4.910002462565899e-05	n/a	n/a	n/a	n/a	1	n/a
3	n/a	n/a	word	2610.257426700031	0.0	trigger	n/a	n/a	103	n/a	n/a	n/a	n/a	n/a	n/a	n/a	n/a
3	10	458	possible_button_press	2611.7588722000364	0.0	response	n/a	n/a	n/a	n/a	n/a	n/a	n/a	m	m	1	1
3	10	458	fix_cross_after_trial	2611.7730378000415	0.8497244666255028	fixation cross	n/a	n/a	94	2611.7730621999945	2.4399952962994576e-05	n/a	n/a	n/a	n/a	n/a	n/a
3	n/a	n/a	fix_cross_iti	2611.7730621999945	0.0	trigger	n/a	n/a	94	n/a	n/a	n/a	n/a	n/a	n/a	n/a	n/a
3	10	459	image	2612.641898000031	0.764113666668436	image	jacket	jacket_37.jpg	10	2612.6419743000297	7.6299998909235e-05	n/a	n/a	n/a	n/a	0	n/a
3	n/a	n/a	image	2612.6419743000297	0.0	trigger	n/a	n/a	10	n/a	n/a	n/a	n/a	n/a	n/a	n/a	n/a
3	10	459	word	2613.4061334000435	0.5163405666285144	word	Hammer_german	n/a	107	2613.4061648000497	3.1400006264448166e-05	n/a	n/a	n/a	n/a	0	n/a
3	n/a	n/a	word	2613.4061648000497	0.0	trigger	n/a	n/a	107	n/a	n/a	n/a	n/a	n/a	n/a	n/a	n/a
3	10	459	feedback	2614.905864600034	0.0	trigger	n/a	n/a	96	n/a	n/a	n/a	n/a	n/a	n/a	n/a	n/a
3	10	459	possible_button_press	2615.1086997000384	0.0	response	n/a	n/a	n/a	n/a	n/a	n/a	n/a	m	r	0	0
3	10	459	fix_cross_after_trial	2615.1223447000375	1.0996842666686462	fixation cross	n/a	n/a	94	2615.1223903000355	4.5599997974932194e-05	n/a	n/a	n/a	n/a	n/a	n/a
3	n/a	n/a	fix_cross_iti	2615.1223903000355	0.0	trigger	n/a	n/a	94	n/a	n/a	n/a	n/a	n/a	n/a	n/a	n/a
3	10	460	image	2616.2744317000033	0.7645474667119743	image	bread	bread_24.jpg	3	2616.2745308000012	9.90999978967011e-05	n/a	n/a	n/a	n/a	1	n/a
3	n/a	n/a	image	2616.2745308000012	0.0	trigger	n/a	n/a	3	n/a	n/a	n/a	n/a	n/a	n/a	n/a	n/a
3	10	460	word	2617.038179300027	0.9166037666768716	word	Brot_german	n/a	103	2617.03821160004	3.23000131174922e-05	n/a	n/a	n/a	n/a	1	n/a
3	n/a	n/a	word	2617.03821160004	0.0	trigger	n/a	n/a	103	n/a	n/a	n/a	n/a	n/a	n/a	n/a	n/a
3	10	460	possible_button_press	2618.5410571999964	0.0	response	n/a	n/a	n/a	n/a	n/a	n/a	n/a	m	m	1	1
3	10	460	fix_cross_after_trial	2618.554722300032	0.9497744666336985	fixation cross	n/a	n/a	94	2618.5547603000305	3.7999998312443495e-05	n/a	n/a	n/a	n/a	n/a	n/a
3	n/a	n/a	fix_cross_iti	2618.5547603000305	0.0	trigger	n/a	n/a	94	n/a	n/a	n/a	n/a	n/a	n/a	n/a	n/a
3	10	461	image	2619.5233429000364	0.7640297666698643	image	jacket	jacket_16.jpg	10	2619.5234622000135	0.00011929997708648443	n/a	n/a	n/a	n/a	1	n/a
3	n/a	n/a	image	2619.5234622000135	0.0	trigger	n/a	n/a	10	n/a	n/a	n/a	n/a	n/a	n/a	n/a	n/a
3	10	461	word	2620.3032744000084	0.532955666658836	word	Jacke_german	n/a	110	2620.3033166000387	4.220003029331565e-05	n/a	n/a	n/a	n/a	1	n/a
3	n/a	n/a	word	2620.3033166000387	0.0	trigger	n/a	n/a	110	n/a	n/a	n/a	n/a	n/a	n/a	n/a	n/a
3	10	461	possible_button_press	2621.789039199997	0.0	response	n/a	n/a	n/a	n/a	n/a	n/a	n/a	m	m	1	1
3	10	461	fix_cross_after_trial	2621.803352900024	1.0996984666603566	fixation cross	n/a	n/a	94	2621.8033859000425	3.300001844763756e-05	n/a	n/a	n/a	n/a	n/a	n/a
3	n/a	n/a	fix_cross_iti	2621.8033859000425	0.0	trigger	n/a	n/a	94	n/a	n/a	n/a	n/a	n/a	n/a	n/a	n/a
3	10	462	image	2622.979290599993	0.7577491666929745	image	dog	dog_41.jpg	5	2622.979378900025	8.830003207549453e-05	n/a	n/a	n/a	n/a	1	n/a
3	n/a	n/a	image	2622.979378900025	0.0	trigger	n/a	n/a	5	n/a	n/a	n/a	n/a	n/a	n/a	n/a	n/a
3	10	462	word	2623.737375900033	0.48171796667566014	word	Hund_german	n/a	105	2623.7374155000434	3.960001049563289e-05	n/a	n/a	n/a	n/a	1	n/a
3	n/a	n/a	word	2623.7374155000434	0.0	trigger	n/a	n/a	105	n/a	n/a	n/a	n/a	n/a	n/a	n/a	n/a
3	10	462	possible_button_press	2625.2389648000244	0.0	response	n/a	n/a	n/a	n/a	n/a	n/a	n/a	m	m	1	1
3	10	462	fix_cross_after_trial	2625.252401500009	0.8832576666650311	fixation cross	n/a	n/a	94	2625.2524386000005	3.709999145939946e-05	n/a	n/a	n/a	n/a	n/a	n/a
3	n/a	n/a	fix_cross_iti	2625.2524386000005	0.0	trigger	n/a	n/a	94	n/a	n/a	n/a	n/a	n/a	n/a	n/a	n/a
3	10	463	image	2626.172074300004	0.7631566666573235	image	flower	flower_24.jpg	6	2626.172161500028	8.720002369955182e-05	n/a	n/a	n/a	n/a	1	n/a
3	n/a	n/a	image	2626.172161500028	0.0	trigger	n/a	n/a	6	n/a	n/a	n/a	n/a	n/a	n/a	n/a	n/a
3	10	463	word	2626.9350789000164	0.8991740666720034	word	Blume_german	n/a	106	2626.935110200022	3.130000550299883e-05	n/a	n/a	n/a	n/a	1	n/a
3	n/a	n/a	word	2626.935110200022	0.0	trigger	n/a	n/a	106	n/a	n/a	n/a	n/a	n/a	n/a	n/a	n/a
3	10	463	possible_button_press	2628.437427000026	0.0	response	n/a	n/a	n/a	n/a	n/a	n/a	n/a	m	m	1	1
3	10	463	fix_cross_after_trial	2628.451291800011	0.933245666678431	fixation cross	n/a	n/a	94	2628.4513235000195	3.170000854879618e-05	n/a	n/a	n/a	n/a	n/a	n/a
3	n/a	n/a	fix_cross_iti	2628.4513235000195	0.0	trigger	n/a	n/a	94	n/a	n/a	n/a	n/a	n/a	n/a	n/a	n/a
3	10	464	image	2629.4710108000436	0.7633283666259558	image	ball	ball_12.jpg	1	2629.4711166000343	0.00010579999070614576	n/a	n/a	n/a	n/a	1	n/a
3	n/a	n/a	image	2629.4711166000343	0.0	trigger	n/a	n/a	1	n/a	n/a	n/a	n/a	n/a	n/a	n/a	n/a
3	10	464	word	2630.234174500045	0.7844003666582466	word	Ball_german	n/a	101	2630.2342138999957	3.93999507650733e-05	n/a	n/a	n/a	n/a	1	n/a
3	n/a	n/a	word	2630.2342138999957	0.0	trigger	n/a	n/a	101	n/a	n/a	n/a	n/a	n/a	n/a	n/a	n/a
3	10	464	possible_button_press	2631.736256300006	0.0	response	n/a	n/a	n/a	n/a	n/a	n/a	n/a	m	m	1	1
3	10	464	fix_cross_after_trial	2631.750305099995	0.8998995666665905	fixation cross	n/a	n/a	94	2631.7503389000194	3.3800024539232254e-05	n/a	n/a	n/a	n/a	n/a	n/a
3	n/a	n/a	fix_cross_iti	2631.7503389000194	0.0	trigger	n/a	n/a	94	n/a	n/a	n/a	n/a	n/a	n/a	n/a	n/a
3	10	465	image	2632.6715400000103	0.7682181666646102	image	bicycle	bicycle_11.jpg	2	2632.671659100044	0.00011910003377124667	n/a	n/a	n/a	n/a	1	n/a
3	n/a	n/a	image	2632.671659100044	0.0	trigger	n/a	n/a	2	n/a	n/a	n/a	n/a	n/a	n/a	n/a	n/a
3	10	465	word	2633.449097600009	0.700338366678352	word	Fahrrad_german	n/a	102	2633.449153100024	5.5500015150755644e-05	n/a	n/a	n/a	n/a	1	n/a
3	n/a	n/a	word	2633.449153100024	0.0	trigger	n/a	n/a	102	n/a	n/a	n/a	n/a	n/a	n/a	n/a	n/a
3	10	465	possible_button_press	2634.935118400026	0.0	response	n/a	n/a	n/a	n/a	n/a	n/a	n/a	m	m	1	1
3	10	465	fix_cross_after_trial	2634.949082600011	1.083046866701352	fixation cross	n/a	n/a	94	2634.949111599999	2.8999987989664078e-05	n/a	n/a	n/a	n/a	n/a	n/a
3	n/a	n/a	fix_cross_iti	2634.949111599999	0.0	trigger	n/a	n/a	94	n/a	n/a	n/a	n/a	n/a	n/a	n/a	n/a
3	10	466	image	2636.0678674000083	0.7640183666994744	image	chair	chair_36.jpg	4	2636.0679597000126	9.23000043258071e-05	n/a	n/a	n/a	n/a	1	n/a
3	n/a	n/a	image	2636.0679597000126	0.0	trigger	n/a	n/a	4	n/a	n/a	n/a	n/a	n/a	n/a	n/a	n/a
3	10	466	word	2636.8320259000175	0.5663355666952157	word	Stuhl_german	n/a	104	2636.83205680002	3.090000245720148e-05	n/a	n/a	n/a	n/a	1	n/a
3	n/a	n/a	word	2636.83205680002	0.0	trigger	n/a	n/a	104	n/a	n/a	n/a	n/a	n/a	n/a	n/a	n/a
3	10	466	possible_button_press	2638.3242672000197	0.0	response	n/a	n/a	n/a	n/a	n/a	n/a	n/a	m	m	1	1
3	10	466	fix_cross_after_trial	2638.3323190000374	0.8658238666289435	fixation cross	n/a	n/a	94	2638.3323589999927	3.999995533376932e-05	n/a	n/a	n/a	n/a	n/a	n/a
3	n/a	n/a	fix_cross_iti	2638.3323589999927	0.0	trigger	n/a	n/a	94	n/a	n/a	n/a	n/a	n/a	n/a	n/a	n/a
3	10	467	image	2639.233234400046	0.7647535666515068	image	hand	hand_33.jpg	8	2639.233310300042	7.589999586343765e-05	n/a	n/a	n/a	n/a	0	n/a
3	n/a	n/a	image	2639.233310300042	0.0	trigger	n/a	n/a	8	n/a	n/a	n/a	n/a	n/a	n/a	n/a	n/a
3	10	467	word	2639.997880000039	0.5487209666212038	word	Jacke_german	n/a	110	2639.9979242000263	4.4199987314641476e-05	n/a	n/a	n/a	n/a	0	n/a
3	n/a	n/a	word	2639.9979242000263	0.0	trigger	n/a	n/a	110	n/a	n/a	n/a	n/a	n/a	n/a	n/a	n/a
3	10	467	feedback	2641.514564300014	0.0	trigger	n/a	n/a	96	n/a	n/a	n/a	n/a	n/a	n/a	n/a	n/a
3	10	467	possible_button_press	2641.716493300046	0.0	response	n/a	n/a	n/a	n/a	n/a	n/a	n/a	m	r	0	0
3	10	467	fix_cross_after_trial	2641.7303976000403	0.9003871666541272	fixation cross	n/a	n/a	94	2641.7304297999945	3.219995414838195e-05	n/a	n/a	n/a	n/a	n/a	n/a
3	n/a	n/a	fix_cross_iti	2641.7304297999945	0.0	trigger	n/a	n/a	94	n/a	n/a	n/a	n/a	n/a	n/a	n/a	n/a
3	10	468	image	2642.649175400031	0.7644044666708396	image	bicycle	bicycle_46.jpg	2	2642.649283900042	0.00010850001126527786	n/a	n/a	n/a	n/a	1	n/a
3	n/a	n/a	image	2642.649283900042	0.0	trigger	n/a	n/a	2	n/a	n/a	n/a	n/a	n/a	n/a	n/a	n/a
3	10	468	word	2643.413258000044	0.7162184666417488	word	Fahrrad_german	n/a	102	2643.413295300037	3.7299992982298136e-05	n/a	n/a	n/a	n/a	1	n/a
3	n/a	n/a	word	2643.413295300037	0.0	trigger	n/a	n/a	102	n/a	n/a	n/a	n/a	n/a	n/a	n/a	n/a
3	10	468	possible_button_press	2644.9155877000303	0.0	response	n/a	n/a	n/a	n/a	n/a	n/a	n/a	m	m	1	1
3	10	468	fix_cross_after_trial	2644.9295067000203	1.2164817666675845	fixation cross	n/a	n/a	94	2644.929537900025	3.120000474154949e-05	n/a	n/a	n/a	n/a	n/a	n/a
3	n/a	n/a	fix_cross_iti	2644.929537900025	0.0	trigger	n/a	n/a	94	n/a	n/a	n/a	n/a	n/a	n/a	n/a	n/a
3	10	469	image	2646.1647661000025	0.7646332666668059	image	jacket	jacket_41.jpg	10	2646.1648548000376	8.870003512129188e-05	n/a	n/a	n/a	n/a	1	n/a
3	n/a	n/a	image	2646.1648548000376	0.0	trigger	n/a	n/a	10	n/a	n/a	n/a	n/a	n/a	n/a	n/a	n/a
3	10	469	word	2646.929175199999	0.5488487666630135	word	Jacke_german	n/a	110	2646.929221700004	4.650000482797623e-05	n/a	n/a	n/a	n/a	1	n/a
3	n/a	n/a	word	2646.929221700004	0.0	trigger	n/a	n/a	110	n/a	n/a	n/a	n/a	n/a	n/a	n/a	n/a
3	10	469	possible_button_press	2648.430573299993	0.0	response	n/a	n/a	n/a	n/a	n/a	n/a	n/a	m	m	1	1
3	10	469	fix_cross_after_trial	2648.4449687000015	0.8832105667138421	fixation cross	n/a	n/a	94	2648.444996300037	2.7600035537034273e-05	n/a	n/a	n/a	n/a	n/a	n/a
3	n/a	n/a	fix_cross_iti	2648.444996300037	0.0	trigger	n/a	n/a	94	n/a	n/a	n/a	n/a	n/a	n/a	n/a	n/a
3	10	470	image	2649.4128416000167	0.764838666659216	image	ball	ball_15.jpg	1	2649.412951800041	0.00011020002420991659	n/a	n/a	n/a	n/a	1	n/a
3	n/a	n/a	image	2649.412951800041	0.0	trigger	n/a	n/a	1	n/a	n/a	n/a	n/a	n/a	n/a	n/a	n/a
3	10	470	word	2650.1778807000373	0.7825172666384788	word	Ball_german	n/a	101	2650.1779151000082	3.439997090026736e-05	n/a	n/a	n/a	n/a	1	n/a
3	n/a	n/a	word	2650.1779151000082	0.0	trigger	n/a	n/a	101	n/a	n/a	n/a	n/a	n/a	n/a	n/a	n/a
3	10	470	possible_button_press	2651.66402820003	0.0	response	n/a	n/a	n/a	n/a	n/a	n/a	n/a	m	m	1	1
3	10	470	fix_cross_after_trial	2651.685564100044	1.1746860666357861	fixation cross	n/a	n/a	94	2651.685607100022	4.299997817724943e-05	n/a	n/a	n/a	n/a	n/a	n/a
3	n/a	n/a	fix_cross_iti	2651.685607100022	0.0	trigger	n/a	n/a	94	n/a	n/a	n/a	n/a	n/a	n/a	n/a	n/a
3	10	471	image	2652.9340282000485	0.7594360666157627	image	bread	bread_42.jpg	3	2652.9341367000015	0.00010849995305761695	n/a	n/a	n/a	n/a	1	n/a
3	n/a	n/a	image	2652.9341367000015	0.0	trigger	n/a	n/a	3	n/a	n/a	n/a	n/a	n/a	n/a	n/a	n/a
3	10	471	word	2653.6934484000085	0.9163277666707472	word	Brot_german	n/a	103	2653.693482300034	3.390002530068159e-05	n/a	n/a	n/a	n/a	1	n/a
3	n/a	n/a	word	2653.693482300034	0.0	trigger	n/a	n/a	103	n/a	n/a	n/a	n/a	n/a	n/a	n/a	n/a
3	10	471	possible_button_press	2655.1952730000485	0.0	response	n/a	n/a	n/a	n/a	n/a	n/a	n/a	m	m	1	1
3	10	471	fix_cross_after_trial	2655.209497300035	0.933103266641865	fixation cross	n/a	n/a	94	2655.2095276000327	3.029999788850546e-05	n/a	n/a	n/a	n/a	n/a	n/a
3	n/a	n/a	fix_cross_iti	2655.2095276000327	0.0	trigger	n/a	n/a	94	n/a	n/a	n/a	n/a	n/a	n/a	n/a	n/a
3	10	472	image	2656.1964480000315	0.7623886666301587	image	hammer	hammer_23.jpg	7	2656.1965334000415	8.540000999346375e-05	n/a	n/a	n/a	n/a	1	n/a
3	n/a	n/a	image	2656.1965334000415	0.0	trigger	n/a	n/a	7	n/a	n/a	n/a	n/a	n/a	n/a	n/a	n/a
3	10	472	word	2656.958946000028	0.5164127666544118	word	Hammer_german	n/a	107	2656.9589765000273	3.0499999411404133e-05	n/a	n/a	n/a	n/a	1	n/a
3	n/a	n/a	word	2656.9589765000273	0.0	trigger	n/a	n/a	107	n/a	n/a	n/a	n/a	n/a	n/a	n/a	n/a
3	10	472	possible_button_press	2658.4611023000325	0.0	response	n/a	n/a	n/a	n/a	n/a	n/a	n/a	m	m	1	1
3	10	472	fix_cross_after_trial	2658.4749811000074	1.1507405666675368	fixation cross	n/a	n/a	94	2658.475002799998	2.169999061152339e-05	n/a	n/a	n/a	n/a	n/a	n/a
3	n/a	n/a	fix_cross_iti	2658.475002799998	0.0	trigger	n/a	n/a	94	n/a	n/a	n/a	n/a	n/a	n/a	n/a	n/a
3	10	473	image	2659.6786959000165	0.7627095666871355	image	chair	chair_47.jpg	4	2659.6787933000014	9.739998495206237e-05	n/a	n/a	n/a	n/a	1	n/a
3	n/a	n/a	image	2659.6787933000014	0.0	trigger	n/a	n/a	4	n/a	n/a	n/a	n/a	n/a	n/a	n/a	n/a
3	10	473	word	2660.441770400037	0.565116266665882	word	Stuhl_german	n/a	104	2660.441814800026	4.439998883754015e-05	n/a	n/a	n/a	n/a	1	n/a
3	n/a	n/a	word	2660.441814800026	0.0	trigger	n/a	n/a	104	n/a	n/a	n/a	n/a	n/a	n/a	n/a	n/a
3	10	473	possible_button_press	2661.943515699997	0.0	response	n/a	n/a	n/a	n/a	n/a	n/a	n/a	m	m	1	1
3	10	473	fix_cross_after_trial	2661.957893600047	1.1992735666613044	fixation cross	n/a	n/a	94	2661.957928400021	3.479997394606471e-05	n/a	n/a	n/a	n/a	n/a	n/a
3	n/a	n/a	fix_cross_iti	2661.957928400021	0.0	trigger	n/a	n/a	94	n/a	n/a	n/a	n/a	n/a	n/a	n/a	n/a
3	10	474	image	2663.1977610000176	0.7592075666802884	image	flower	flower_28.jpg	6	2663.1978565000463	9.550002869218588e-05	n/a	n/a	n/a	n/a	1	n/a
3	n/a	n/a	image	2663.1978565000463	0.0	trigger	n/a	n/a	6	n/a	n/a	n/a	n/a	n/a	n/a	n/a	n/a
3	10	474	word	2663.9569908000412	0.8988445666659572	word	Blume_german	n/a	106	2663.957033200015	4.239997360855341e-05	n/a	n/a	n/a	n/a	1	n/a
3	n/a	n/a	word	2663.957033200015	0.0	trigger	n/a	n/a	106	n/a	n/a	n/a	n/a	n/a	n/a	n/a	n/a
3	10	474	possible_button_press	2665.4584555000183	0.0	response	n/a	n/a	n/a	n/a	n/a	n/a	n/a	m	m	1	1
3	10	474	fix_cross_after_trial	2665.4728543999954	1.199596566676064	fixation cross	n/a	n/a	94	2665.4728770999936	2.269999822601676e-05	n/a	n/a	n/a	n/a	n/a	n/a
3	n/a	n/a	fix_cross_iti	2665.4728770999936	0.0	trigger	n/a	n/a	94	n/a	n/a	n/a	n/a	n/a	n/a	n/a	n/a
3	10	475	image	2666.724488000036	0.7645787666592696	image	house	house_33.jpg	9	2666.7245641000336	7.609999738633633e-05	n/a	n/a	n/a	n/a	1	n/a
3	n/a	n/a	image	2666.7245641000336	0.0	trigger	n/a	n/a	9	n/a	n/a	n/a	n/a	n/a	n/a	n/a	n/a
3	10	475	word	2667.4915254000225	0.5469927666749754	word	Haus_german	n/a	109	2667.4915710000205	4.5599997974932194e-05	n/a	n/a	n/a	n/a	1	n/a
3	n/a	n/a	word	2667.4915710000205	0.0	trigger	n/a	n/a	109	n/a	n/a	n/a	n/a	n/a	n/a	n/a	n/a
3	10	475	possible_button_press	2668.975742300041	0.0	response	n/a	n/a	n/a	n/a	n/a	n/a	n/a	m	m	1	1
3	10	475	fix_cross_after_trial	2668.988537300029	1.2163122666574964	fixation cross	n/a	n/a	94	2668.9885661000153	2.8799986466765404e-05	n/a	n/a	n/a	n/a	n/a	n/a
3	n/a	n/a	fix_cross_iti	2668.9885661000153	0.0	trigger	n/a	n/a	94	n/a	n/a	n/a	n/a	n/a	n/a	n/a	n/a
3	10	476	image	2670.223804600013	0.7640263667021827	image	bicycle	bicycle_08.jpg	2	2670.223892900045	8.830003207549453e-05	n/a	n/a	n/a	n/a	1	n/a
3	n/a	n/a	image	2670.223892900045	0.0	trigger	n/a	n/a	2	n/a	n/a	n/a	n/a	n/a	n/a	n/a	n/a
3	10	476	word	2670.9878444000497	0.6996339666116	word	Fahrrad_german	n/a	102	2670.987879000022	3.4599972423166037e-05	n/a	n/a	n/a	n/a	1	n/a
3	n/a	n/a	word	2670.987879000022	0.0	trigger	n/a	n/a	102	n/a	n/a	n/a	n/a	n/a	n/a	n/a	n/a
3	10	476	possible_button_press	2672.490092299995	0.0	response	n/a	n/a	n/a	n/a	n/a	n/a	n/a	m	m	1	1
3	10	476	fix_cross_after_trial	2672.5041878000484	0.8828253666329147	fixation cross	n/a	n/a	94	2672.5042222000193	3.439997090026736e-05	n/a	n/a	n/a	n/a	n/a	n/a
3	n/a	n/a	fix_cross_iti	2672.5042222000193	0.0	trigger	n/a	n/a	94	n/a	n/a	n/a	n/a	n/a	n/a	n/a	n/a
3	10	477	image	2673.468191699998	0.7525533667107993	image	ball	ball_14.jpg	1	2673.46828630002	9.460002183914185e-05	n/a	n/a	n/a	n/a	1	n/a
3	n/a	n/a	image	2673.46828630002	0.0	trigger	n/a	n/a	1	n/a	n/a	n/a	n/a	n/a	n/a	n/a	n/a
3	10	477	word	2674.2268761000014	0.7760439667076753	word	Ball_german	n/a	101	2674.2269254000275	4.930002614855766e-05	n/a	n/a	n/a	n/a	1	n/a
3	n/a	n/a	word	2674.2269254000275	0.0	trigger	n/a	n/a	101	n/a	n/a	n/a	n/a	n/a	n/a	n/a	n/a
3	10	477	possible_button_press	2675.70872590004	0.0	response	n/a	n/a	n/a	n/a	n/a	n/a	n/a	m	m	1	1
3	10	477	fix_cross_after_trial	2675.7202871000045	1.116014666684805	fixation cross	n/a	n/a	94	2675.7203311000485	4.4000043999403715e-05	n/a	n/a	n/a	n/a	n/a	n/a
3	n/a	n/a	fix_cross_iti	2675.7203311000485	0.0	trigger	n/a	n/a	94	n/a	n/a	n/a	n/a	n/a	n/a	n/a	n/a
3	10	478	image	2676.856525500014	0.762830866679451	image	house	house_12.jpg	9	2676.8566103000194	8.480000542476773e-05	n/a	n/a	n/a	n/a	0	n/a
3	n/a	n/a	image	2676.8566103000194	0.0	trigger	n/a	n/a	9	n/a	n/a	n/a	n/a	n/a	n/a	n/a	n/a
3	10	478	word	2677.6192789000343	0.6980381666257927	word	Fahrrad_german	n/a	102	2677.619326200045	4.730001091957092e-05	n/a	n/a	n/a	n/a	0	n/a
3	n/a	n/a	word	2677.619326200045	0.0	trigger	n/a	n/a	102	n/a	n/a	n/a	n/a	n/a	n/a	n/a	n/a
3	10	478	feedback	2679.1196602000273	0.0	trigger	n/a	n/a	96	n/a	n/a	n/a	n/a	n/a	n/a	n/a	n/a
3	10	478	possible_button_press	2679.3215633000364	0.0	response	n/a	n/a	n/a	n/a	n/a	n/a	n/a	m	r	0	0
3	10	478	fix_cross_after_trial	2679.3354615000426	0.8993930666515553	fixation cross	n/a	n/a	94	2679.3355055000284	4.39999857917428e-05	n/a	n/a	n/a	n/a	n/a	n/a
3	n/a	n/a	fix_cross_iti	2679.3355055000284	0.0	trigger	n/a	n/a	94	n/a	n/a	n/a	n/a	n/a	n/a	n/a	n/a
3	10	479	image	2680.2539535000105	0.7640125666553104	image	hammer	hammer_08.jpg	7	2680.254023700021	7.020001066848636e-05	n/a	n/a	n/a	n/a	1	n/a
3	n/a	n/a	image	2680.254023700021	0.0	trigger	n/a	n/a	7	n/a	n/a	n/a	n/a	n/a	n/a	n/a	n/a
3	10	479	word	2681.018098200031	0.5163330666296133	word	Hammer_german	n/a	107	2681.018144200032	4.600000102072954e-05	n/a	n/a	n/a	n/a	1	n/a
3	n/a	n/a	word	2681.018144200032	0.0	trigger	n/a	n/a	107	n/a	n/a	n/a	n/a	n/a	n/a	n/a	n/a
3	10	479	possible_button_press	2682.5040430999943	0.0	response	n/a	n/a	n/a	n/a	n/a	n/a	n/a	m	m	1	1
3	10	479	fix_cross_after_trial	2682.5176349999965	0.8676384667091952	fixation cross	n/a	n/a	94	2682.5176727999933	3.779999678954482e-05	n/a	n/a	n/a	n/a	n/a	n/a
3	n/a	n/a	fix_cross_iti	2682.5176727999933	0.0	trigger	n/a	n/a	94	n/a	n/a	n/a	n/a	n/a	n/a	n/a	n/a
3	10	480	image	2683.402859700029	0.764459666683706	image	hand	hand_31.jpg	8	2683.4029345000163	7.479998748749495e-05	n/a	n/a	n/a	n/a	1	n/a
3	n/a	n/a	image	2683.4029345000163	0.0	trigger	n/a	n/a	8	n/a	n/a	n/a	n/a	n/a	n/a	n/a	n/a
3	10	480	word	2684.1671478000353	0.48226046667377886	word	Hand_german	n/a	108	2684.167186400038	3.860000288113952e-05	n/a	n/a	n/a	n/a	1	n/a
3	n/a	n/a	word	2684.167186400038	0.0	trigger	n/a	n/a	108	n/a	n/a	n/a	n/a	n/a	n/a	n/a	n/a
3	10	480	possible_button_press	2685.6686255999957	0.0	response	n/a	n/a	n/a	n/a	n/a	n/a	n/a	m	m	1	1
3	10	480	fix_cross_after_trial	2685.683006300009	1.2330349666922302	fixation cross	n/a	n/a	94	2685.68302940001	2.3100001271814108e-05	n/a	n/a	n/a	n/a	n/a	n/a
3	n/a	n/a	fix_cross_iti	2685.68302940001	0.0	trigger	n/a	n/a	94	n/a	n/a	n/a	n/a	n/a	n/a	n/a	n/a
3	10	481	image	2686.9518122000154	0.7640755666693622	image	jacket	jacket_29.jpg	10	2686.951889900025	7.770000956952572e-05	n/a	n/a	n/a	n/a	1	n/a
3	n/a	n/a	image	2686.951889900025	0.0	trigger	n/a	n/a	10	n/a	n/a	n/a	n/a	n/a	n/a	n/a	n/a
3	10	481	word	2687.7164466000395	0.5326097666443275	word	Jacke_german	n/a	110	2687.7164876000024	4.099996294826269e-05	n/a	n/a	n/a	n/a	1	n/a
3	n/a	n/a	word	2687.7164876000024	0.0	trigger	n/a	n/a	110	n/a	n/a	n/a	n/a	n/a	n/a	n/a	n/a
3	10	481	possible_button_press	2689.202088900027	0.0	response	n/a	n/a	n/a	n/a	n/a	n/a	n/a	m	m	1	1
3	10	481	fix_cross_after_trial	2689.2162298000185	0.8488623666967214	fixation cross	n/a	n/a	94	2689.2162663000054	3.649998689070344e-05	n/a	n/a	n/a	n/a	n/a	n/a
3	n/a	n/a	fix_cross_iti	2689.2162663000054	0.0	trigger	n/a	n/a	94	n/a	n/a	n/a	n/a	n/a	n/a	n/a	n/a
3	10	482	image	2690.1206470000325	0.7613365666516074	image	dog	dog_43.jpg	5	2690.1207283000113	8.129997877404094e-05	n/a	n/a	n/a	n/a	1	n/a
3	n/a	n/a	image	2690.1207283000113	0.0	trigger	n/a	n/a	5	n/a	n/a	n/a	n/a	n/a	n/a	n/a	n/a
3	10	482	word	2690.881759700016	0.4988721666782112	word	Hund_german	n/a	105	2690.881805400015	4.569999873638153e-05	n/a	n/a	n/a	n/a	1	n/a
3	n/a	n/a	word	2690.881805400015	0.0	trigger	n/a	n/a	105	n/a	n/a	n/a	n/a	n/a	n/a	n/a	n/a
3	10	482	possible_button_press	2692.383633600024	0.0	response	n/a	n/a	n/a	n/a	n/a	n/a	n/a	m	m	1	1
3	10	482	fix_cross_after_trial	2692.397619299998	1.2163066666730629	fixation cross	n/a	n/a	94	2692.397643300006	2.400000812485814e-05	n/a	n/a	n/a	n/a	n/a	n/a
3	n/a	n/a	fix_cross_iti	2692.397643300006	0.0	trigger	n/a	n/a	94	n/a	n/a	n/a	n/a	n/a	n/a	n/a	n/a
3	10	483	image	2693.63398600003	0.7637806666357392	image	bicycle	bicycle_39.jpg	2	2693.6340640000417	7.800001185387373e-05	n/a	n/a	n/a	n/a	1	n/a
3	n/a	n/a	image	2693.6340640000417	0.0	trigger	n/a	n/a	2	n/a	n/a	n/a	n/a	n/a	n/a	n/a	n/a
3	10	483	word	2694.397184200003	0.7166287666809694	word	Fahrrad_german	n/a	102	2694.3972578000394	7.360003655776381e-05	n/a	n/a	n/a	n/a	1	n/a
3	n/a	n/a	word	2694.3972578000394	0.0	trigger	n/a	n/a	102	n/a	n/a	n/a	n/a	n/a	n/a	n/a	n/a
3	10	483	possible_button_press	2695.8999403000344	0.0	response	n/a	n/a	n/a	n/a	n/a	n/a	n/a	m	m	1	1
3	10	483	fix_cross_after_trial	2695.913405200001	1.0998833666712926	fixation cross	n/a	n/a	94	2695.913432100031	2.6900030206888914e-05	n/a	n/a	n/a	n/a	n/a	n/a
3	n/a	n/a	fix_cross_iti	2695.913432100031	0.0	trigger	n/a	n/a	94	n/a	n/a	n/a	n/a	n/a	n/a	n/a	n/a
3	10	484	image	2697.069648500008	0.7597243666573377	image	flower	flower_25.jpg	6	2697.069736500038	8.800002979114652e-05	n/a	n/a	n/a	n/a	1	n/a
3	n/a	n/a	image	2697.069736500038	0.0	trigger	n/a	n/a	6	n/a	n/a	n/a	n/a	n/a	n/a	n/a	n/a
3	10	484	word	2697.82935070002	0.8996807666885616	word	Blume_german	n/a	106	2697.8293823000276	3.160000778734684e-05	n/a	n/a	n/a	n/a	1	n/a
3	n/a	n/a	word	2697.8293823000276	0.0	trigger	n/a	n/a	106	n/a	n/a	n/a	n/a	n/a	n/a	n/a	n/a
3	10	484	possible_button_press	2699.330891599995	0.0	response	n/a	n/a	n/a	n/a	n/a	n/a	n/a	m	m	1	1
3	10	484	fix_cross_after_trial	2699.345701800019	0.9995081666897931	fixation cross	n/a	n/a	94	2699.3457315000123	2.9699993319809437e-05	n/a	n/a	n/a	n/a	n/a	n/a
3	n/a	n/a	fix_cross_iti	2699.3457315000123	0.0	trigger	n/a	n/a	94	n/a	n/a	n/a	n/a	n/a	n/a	n/a	n/a
3	10	485	image	2700.3815680000116	0.7637286666472392	image	hammer	hammer_22.jpg	7	2700.3816460000235	7.800001185387373e-05	n/a	n/a	n/a	n/a	0	n/a
3	n/a	n/a	image	2700.3816460000235	0.0	trigger	n/a	n/a	7	n/a	n/a	n/a	n/a	n/a	n/a	n/a	n/a
3	10	485	word	2701.145179800049	0.5655635666375929	word	Stuhl_german	n/a	104	2701.1452244000393	4.4599990360438824e-05	n/a	n/a	n/a	n/a	0	n/a
3	n/a	n/a	word	2701.1452244000393	0.0	trigger	n/a	n/a	104	n/a	n/a	n/a	n/a	n/a	n/a	n/a	n/a
3	10	485	feedback	2702.6610383000225	0.0	trigger	n/a	n/a	96	n/a	n/a	n/a	n/a	n/a	n/a	n/a	n/a
3	10	485	possible_button_press	2702.8470287999953	0.0	response	n/a	n/a	n/a	n/a	n/a	n/a	n/a	m	r	0	0
3	10	485	fix_cross_after_trial	2702.867619000026	1.0265163666376793	fixation cross	n/a	n/a	94	2702.867657900031	3.890000516548753e-05	n/a	n/a	n/a	n/a	n/a	n/a
3	n/a	n/a	fix_cross_iti	2702.867657900031	0.0	trigger	n/a	n/a	94	n/a	n/a	n/a	n/a	n/a	n/a	n/a	n/a
3	10	486	image	2703.9130572000286	0.7641101666417853	image	bicycle	bicycle_20.jpg	2	2703.9131317000138	7.449998520314693e-05	n/a	n/a	n/a	n/a	1	n/a
3	n/a	n/a	image	2703.9131317000138	0.0	trigger	n/a	n/a	2	n/a	n/a	n/a	n/a	n/a	n/a	n/a	n/a
3	10	486	word	2704.683474700025	0.6981780666433224	word	Fahrrad_german	n/a	102	2704.6835178000038	4.309997893869877e-05	n/a	n/a	n/a	n/a	1	n/a
3	n/a	n/a	word	2704.6835178000038	0.0	trigger	n/a	n/a	102	n/a	n/a	n/a	n/a	n/a	n/a	n/a	n/a
3	10	486	possible_button_press	2706.1794304000214	0.0	response	n/a	n/a	n/a	n/a	n/a	n/a	n/a	m	m	1	1
3	10	486	fix_cross_after_trial	2706.1932693000417	1.232907266651182	fixation cross	n/a	n/a	94	2706.1932967000175	2.7399975806474686e-05	n/a	n/a	n/a	n/a	n/a	n/a
3	n/a	n/a	fix_cross_iti	2706.1932967000175	0.0	trigger	n/a	n/a	94	n/a	n/a	n/a	n/a	n/a	n/a	n/a	n/a
3	10	487	image	2707.4826145000407	0.7601640666293861	image	hand	hand_25.jpg	8	2707.4826982000377	8.369999704882503e-05	n/a	n/a	n/a	n/a	1	n/a
3	n/a	n/a	image	2707.4826982000377	0.0	trigger	n/a	n/a	8	n/a	n/a	n/a	n/a	n/a	n/a	n/a	n/a
3	10	487	word	2708.2427754999953	0.48252086667753247	word	Hand_german	n/a	108	2708.2428049000446	2.940004924312234e-05	n/a	n/a	n/a	n/a	1	n/a
3	n/a	n/a	word	2708.2428049000446	0.0	trigger	n/a	n/a	108	n/a	n/a	n/a	n/a	n/a	n/a	n/a	n/a
3	10	487	possible_button_press	2709.7449800000177	0.0	response	n/a	n/a	n/a	n/a	n/a	n/a	n/a	m	m	1	1
3	10	487	fix_cross_after_trial	2709.7590478000348	1.0665199666441367	fixation cross	n/a	n/a	94	2709.759079200041	3.1400006264448166e-05	n/a	n/a	n/a	n/a	n/a	n/a
3	n/a	n/a	fix_cross_iti	2709.759079200041	0.0	trigger	n/a	n/a	94	n/a	n/a	n/a	n/a	n/a	n/a	n/a	n/a
3	10	488	image	2710.846050399996	0.7623602667049454	image	jacket	jacket_36.jpg	10	2710.846146200027	9.580003097653389e-05	n/a	n/a	n/a	n/a	1	n/a
3	n/a	n/a	image	2710.846146200027	0.0	trigger	n/a	n/a	10	n/a	n/a	n/a	n/a	n/a	n/a	n/a	n/a
3	10	488	word	2711.608512900013	0.5493106666876884	word	Jacke_german	n/a	110	2711.6085455000284	3.260001540184021e-05	n/a	n/a	n/a	n/a	1	n/a
3	n/a	n/a	word	2711.6085455000284	0.0	trigger	n/a	n/a	110	n/a	n/a	n/a	n/a	n/a	n/a	n/a	n/a
3	10	488	possible_button_press	2713.110008799995	0.0	response	n/a	n/a	n/a	n/a	n/a	n/a	n/a	m	m	1	1
3	10	488	fix_cross_after_trial	2713.1244282000116	1.08323726669596	fixation cross	n/a	n/a	94	2713.124450400006	2.2199994418770075e-05	n/a	n/a	n/a	n/a	n/a	n/a
3	n/a	n/a	fix_cross_iti	2713.124450400006	0.0	trigger	n/a	n/a	94	n/a	n/a	n/a	n/a	n/a	n/a	n/a	n/a
3	10	489	image	2714.263568399998	0.7603780666872808	image	bread	bread_43.jpg	3	2714.2638288000016	0.0002604000037536025	n/a	n/a	n/a	n/a	1	n/a
3	n/a	n/a	image	2714.2638288000016	0.0	trigger	n/a	n/a	3	n/a	n/a	n/a	n/a	n/a	n/a	n/a	n/a
3	10	489	word	2715.0238973000087	0.9167341666802713	word	Brot_german	n/a	103	2715.0239266999997	2.9399991035461426e-05	n/a	n/a	n/a	n/a	1	n/a
3	n/a	n/a	word	2715.0239266999997	0.0	trigger	n/a	n/a	103	n/a	n/a	n/a	n/a	n/a	n/a	n/a	n/a
3	10	489	possible_button_press	2716.510219100048	0.0	response	n/a	n/a	n/a	n/a	n/a	n/a	n/a	m	m	1	1
3	10	489	fix_cross_after_trial	2716.523707000015	0.7996919666807116	fixation cross	n/a	n/a	94	2716.523753300018	4.630000330507755e-05	n/a	n/a	n/a	n/a	n/a	n/a
3	n/a	n/a	fix_cross_iti	2716.523753300018	0.0	trigger	n/a	n/a	94	n/a	n/a	n/a	n/a	n/a	n/a	n/a	n/a
3	10	490	image	2717.359943200019	0.7530352666549334	image	flower	flower_17.jpg	6	2717.3600297000376	8.650001836940646e-05	n/a	n/a	n/a	n/a	1	n/a
3	n/a	n/a	image	2717.3600297000376	0.0	trigger	n/a	n/a	6	n/a	n/a	n/a	n/a	n/a	n/a	n/a	n/a
3	10	490	word	2718.122372200014	0.9000783666892858	word	Blume_german	n/a	106	2718.122407000046	3.4800032153725624e-05	n/a	n/a	n/a	n/a	1	n/a
3	n/a	n/a	word	2718.122407000046	0.0	trigger	n/a	n/a	106	n/a	n/a	n/a	n/a	n/a	n/a	n/a	n/a
3	10	490	possible_button_press	2719.6084857000387	0.0	response	n/a	n/a	n/a	n/a	n/a	n/a	n/a	m	m	1	1
3	10	490	fix_cross_after_trial	2719.6225639000186	0.9400886666885526	fixation cross	n/a	n/a	94	2719.6226051000413	4.120002267882228e-05	n/a	n/a	n/a	n/a	n/a	n/a
3	n/a	n/a	fix_cross_iti	2719.6226051000413	0.0	trigger	n/a	n/a	94	n/a	n/a	n/a	n/a	n/a	n/a	n/a	n/a
3	10	491	image	2720.5747058000416	0.7644317666458846	image	chair	chair_06.jpg	4	2720.5747975000413	9.169999975711107e-05	n/a	n/a	n/a	n/a	1	n/a
3	n/a	n/a	image	2720.5747975000413	0.0	trigger	n/a	n/a	4	n/a	n/a	n/a	n/a	n/a	n/a	n/a	n/a
3	10	491	word	2721.3388988000224	0.5659150666365349	word	Stuhl_german	n/a	104	2721.338944500021	4.569999873638153e-05	n/a	n/a	n/a	n/a	1	n/a
3	n/a	n/a	word	2721.338944500021	0.0	trigger	n/a	n/a	104	n/a	n/a	n/a	n/a	n/a	n/a	n/a	n/a
3	10	491	possible_button_press	2722.840852399997	0.0	response	n/a	n/a	n/a	n/a	n/a	n/a	n/a	m	m	1	1
3	10	491	fix_cross_after_trial	2722.854991900036	0.7561533666489595	fixation cross	n/a	n/a	94	2722.8550241000485	3.220001235604286e-05	n/a	n/a	n/a	n/a	n/a	n/a
3	n/a	n/a	fix_cross_iti	2722.8550241000485	0.0	trigger	n/a	n/a	94	n/a	n/a	n/a	n/a	n/a	n/a	n/a	n/a
3	10	492	image	2723.690987800015	0.7639045666478523	image	ball	ball_11.jpg	1	2723.6910959000234	0.00010810000821948051	n/a	n/a	n/a	n/a	1	n/a
3	n/a	n/a	image	2723.6910959000234	0.0	trigger	n/a	n/a	1	n/a	n/a	n/a	n/a	n/a	n/a	n/a	n/a
3	10	492	word	2724.4545428000274	0.7824063666671464	word	Ball_german	n/a	101	2724.4545884000254	4.5599997974932194e-05	n/a	n/a	n/a	n/a	1	n/a
3	n/a	n/a	word	2724.4545884000254	0.0	trigger	n/a	n/a	101	n/a	n/a	n/a	n/a	n/a	n/a	n/a	n/a
3	10	492	possible_button_press	2725.956270500028	0.0	response	n/a	n/a	n/a	n/a	n/a	n/a	n/a	m	m	1	1
3	10	492	fix_cross_after_trial	2725.970468500047	0.9998129666241766	fixation cross	n/a	n/a	94	2725.970496300026	2.7799978852272034e-05	n/a	n/a	n/a	n/a	n/a	n/a
3	n/a	n/a	fix_cross_iti	2725.970496300026	0.0	trigger	n/a	n/a	94	n/a	n/a	n/a	n/a	n/a	n/a	n/a	n/a
3	10	493	image	2727.023485200014	0.7633020666585253	image	hammer	hammer_37.jpg	7	2727.0235703000217	8.510000770911574e-05	n/a	n/a	n/a	n/a	1	n/a
3	n/a	n/a	image	2727.0235703000217	0.0	trigger	n/a	n/a	7	n/a	n/a	n/a	n/a	n/a	n/a	n/a	n/a
3	10	493	word	2727.7867605999927	0.5162791666848534	word	Hammer_german	n/a	107	2727.7867959000287	3.530003596097231e-05	n/a	n/a	n/a	n/a	1	n/a
3	n/a	n/a	word	2727.7867959000287	0.0	trigger	n/a	n/a	107	n/a	n/a	n/a	n/a	n/a	n/a	n/a	n/a
3	10	493	possible_button_press	2729.2889549999963	0.0	response	n/a	n/a	n/a	n/a	n/a	n/a	n/a	m	m	1	1
3	10	493	fix_cross_after_trial	2729.3029217000003	0.7998443666770072	fixation cross	n/a	n/a	94	2729.302957200038	3.550003748387098e-05	n/a	n/a	n/a	n/a	n/a	n/a
3	n/a	n/a	fix_cross_iti	2729.302957200038	0.0	trigger	n/a	n/a	94	n/a	n/a	n/a	n/a	n/a	n/a	n/a	n/a
3	10	494	image	2730.1219488999923	0.7638093666796522	image	house	house_32.jpg	9	2730.122034800006	8.590001380071044e-05	n/a	n/a	n/a	n/a	1	n/a
3	n/a	n/a	image	2730.122034800006	0.0	trigger	n/a	n/a	9	n/a	n/a	n/a	n/a	n/a	n/a	n/a	n/a
3	10	494	word	2730.885832900007	0.533188866688306	word	Haus_german	n/a	109	2730.8858762000455	4.3300038669258356e-05	n/a	n/a	n/a	n/a	1	n/a
3	n/a	n/a	word	2730.8858762000455	0.0	trigger	n/a	n/a	109	n/a	n/a	n/a	n/a	n/a	n/a	n/a	n/a
3	10	494	possible_button_press	2732.38746920001	0.0	response	n/a	n/a	n/a	n/a	n/a	n/a	n/a	m	m	1	1
3	10	494	fix_cross_after_trial	2732.40174380003	0.8996507666347497	fixation cross	n/a	n/a	94	2732.4017686000443	2.4800014216452837e-05	n/a	n/a	n/a	n/a	n/a	n/a
3	n/a	n/a	fix_cross_iti	2732.4017686000443	0.0	trigger	n/a	n/a	94	n/a	n/a	n/a	n/a	n/a	n/a	n/a	n/a
3	10	495	image	2733.3385047000484	0.7630130666116202	image	flower	flower_02.jpg	6	2733.338591500011	8.679996244609356e-05	n/a	n/a	n/a	n/a	0	n/a
3	n/a	n/a	image	2733.338591500011	0.0	trigger	n/a	n/a	6	n/a	n/a	n/a	n/a	n/a	n/a	n/a	n/a
3	10	495	word	2734.1013460000395	0.51675726665826	word	Hammer_german	n/a	107	2734.1013794000028	3.339996328577399e-05	n/a	n/a	n/a	n/a	0	n/a
3	n/a	n/a	word	2734.1013794000028	0.0	trigger	n/a	n/a	107	n/a	n/a	n/a	n/a	n/a	n/a	n/a	n/a
3	10	495	feedback	2735.601781400037	0.0	trigger	n/a	n/a	96	n/a	n/a	n/a	n/a	n/a	n/a	n/a	n/a
3	10	495	possible_button_press	2735.788702000049	0.0	response	n/a	n/a	n/a	n/a	n/a	n/a	n/a	m	r	0	0
3	10	495	fix_cross_after_trial	2735.801855000027	0.9821712666348503	fixation cross	n/a	n/a	94	2735.8019108000444	5.5800017435103655e-05	n/a	n/a	n/a	n/a	n/a	n/a
3	n/a	n/a	fix_cross_iti	2735.8019108000444	0.0	trigger	n/a	n/a	94	n/a	n/a	n/a	n/a	n/a	n/a	n/a	n/a
3	10	496	image	2736.8401916000294	0.7603751666651988	image	dog	dog_49.jpg	5	2736.840309899999	0.00011829996947199106	n/a	n/a	n/a	n/a	1	n/a
3	n/a	n/a	image	2736.840309899999	0.0	trigger	n/a	n/a	5	n/a	n/a	n/a	n/a	n/a	n/a	n/a	n/a
3	10	496	word	2737.6068838000065	0.49264996668034655	word	Hund_german	n/a	105	2737.6069288	4.499999340623617e-05	n/a	n/a	n/a	n/a	1	n/a
3	n/a	n/a	word	2737.6069288	0.0	trigger	n/a	n/a	105	n/a	n/a	n/a	n/a	n/a	n/a	n/a	n/a
3	10	496	possible_button_press	2739.1025632999954	0.0	response	n/a	n/a	n/a	n/a	n/a	n/a	n/a	m	m	1	1
3	10	496	fix_cross_after_trial	2739.1166050000465	1.2495142666198262	fixation cross	n/a	n/a	94	2739.116646300012	4.12999652326107e-05	n/a	n/a	n/a	n/a	n/a	n/a
3	n/a	n/a	fix_cross_iti	2739.116646300012	0.0	trigger	n/a	n/a	94	n/a	n/a	n/a	n/a	n/a	n/a	n/a	n/a
3	10	497	image	2740.3862405000255	0.7630033666541749	image	chair	chair_34.jpg	4	2740.3863305000123	8.999998681247234e-05	n/a	n/a	n/a	n/a	1	n/a
3	n/a	n/a	image	2740.3863305000123	0.0	trigger	n/a	n/a	4	n/a	n/a	n/a	n/a	n/a	n/a	n/a	n/a
3	10	497	word	2741.1492558000027	0.5658295666839877	word	Stuhl_german	n/a	104	2741.149295400013	3.960001049563289e-05	n/a	n/a	n/a	n/a	1	n/a
3	n/a	n/a	word	2741.149295400013	0.0	trigger	n/a	n/a	104	n/a	n/a	n/a	n/a	n/a	n/a	n/a	n/a
3	10	497	possible_button_press	2742.6510555000277	0.0	response	n/a	n/a	n/a	n/a	n/a	n/a	n/a	m	m	1	1
3	10	497	fix_cross_after_trial	2742.6651077000424	0.749931866656425	fixation cross	n/a	n/a	94	2742.6651312000467	2.3500004317611456e-05	n/a	n/a	n/a	n/a	n/a	n/a
3	n/a	n/a	fix_cross_iti	2742.6651312000467	0.0	trigger	n/a	n/a	94	n/a	n/a	n/a	n/a	n/a	n/a	n/a	n/a
3	10	498	image	2743.4498487000237	0.7649928666692176	image	hand	hand_03.jpg	8	2743.449926100031	7.740000728517771e-05	n/a	n/a	n/a	n/a	1	n/a
3	n/a	n/a	image	2743.449926100031	0.0	trigger	n/a	n/a	8	n/a	n/a	n/a	n/a	n/a	n/a	n/a	n/a
3	10	498	word	2744.214948500041	0.49924646661793304	word	Hand_german	n/a	108	2744.214980699995	3.219995414838195e-05	n/a	n/a	n/a	n/a	1	n/a
3	n/a	n/a	word	2744.214980699995	0.0	trigger	n/a	n/a	108	n/a	n/a	n/a	n/a	n/a	n/a	n/a	n/a
3	10	498	possible_button_press	2745.7171818000497	0.0	response	n/a	n/a	n/a	n/a	n/a	n/a	n/a	m	m	1	1
3	10	498	fix_cross_after_trial	2745.731098500022	1.1327224666642906	fixation cross	n/a	n/a	94	2745.7311282000155	2.9699993319809437e-05	n/a	n/a	n/a	n/a	n/a	n/a
3	n/a	n/a	fix_cross_iti	2745.7311282000155	0.0	trigger	n/a	n/a	94	n/a	n/a	n/a	n/a	n/a	n/a	n/a	n/a
3	10	499	image	2746.919605400006	0.7610920667107166	image	dog	dog_44.jpg	5	2746.9196865000413	8.110003545880318e-05	n/a	n/a	n/a	n/a	1	n/a
3	n/a	n/a	image	2746.9196865000413	0.0	trigger	n/a	n/a	5	n/a	n/a	n/a	n/a	n/a	n/a	n/a	n/a
3	10	499	word	2747.680555800034	0.4989731666323678	word	Hund_german	n/a	105	2747.68059980002	4.39999857917428e-05	n/a	n/a	n/a	n/a	1	n/a
3	n/a	n/a	word	2747.68059980002	0.0	trigger	n/a	n/a	105	n/a	n/a	n/a	n/a	n/a	n/a	n/a	n/a
3	10	499	possible_button_press	2749.1828597999993	0.0	response	n/a	n/a	n/a	n/a	n/a	n/a	n/a	m	m	1	1
3	10	499	fix_cross_after_trial	2749.196403900045	0.9166182666708664	fixation cross	n/a	n/a	94	2749.1964306000154	2.6699970476329327e-05	n/a	n/a	n/a	n/a	n/a	n/a
3	n/a	n/a	fix_cross_iti	2749.1964306000154	0.0	trigger	n/a	n/a	94	n/a	n/a	n/a	n/a	n/a	n/a	n/a	n/a
3	10	500	image	2750.133169800043	0.7630752666195804	image	chair	chair_11.jpg	4	2750.1332604000345	9.059999138116837e-05	n/a	n/a	n/a	n/a	1	n/a
3	n/a	n/a	image	2750.1332604000345	0.0	trigger	n/a	n/a	4	n/a	n/a	n/a	n/a	n/a	n/a	n/a	n/a
3	10	500	word	2750.896329100011	0.5655526666710102	word	Stuhl_german	n/a	104	2750.8963711000397	4.2000028770416975e-05	n/a	n/a	n/a	n/a	1	n/a
3	n/a	n/a	word	2750.8963711000397	0.0	trigger	n/a	n/a	104	n/a	n/a	n/a	n/a	n/a	n/a	n/a	n/a
3	10	500	possible_button_press	2752.3977376000257	0.0	response	n/a	n/a	n/a	n/a	n/a	n/a	n/a	m	m	1	1
3	10	500	fix_cross_after_trial	2752.4120559000294	1.0996765666682222	fixation cross	n/a	n/a	94	2752.412077100016	2.1199986804276705e-05	n/a	n/a	n/a	n/a	n/a	n/a
3	n/a	n/a	fix_cross_iti	2752.412077100016	0.0	trigger	n/a	n/a	94	n/a	n/a	n/a	n/a	n/a	n/a	n/a	n/a
3	n/a	n/a	instruction_end	2755.2941086000064	22.746204200026114	instructions	n/a	n/a	255	2755.2941406000173	3.200001083314419e-05	n/a	n/a	n/a	n/a	n/a	n/a
3	n/a	n/a	exp_end	2755.2941406000173	0.0	trigger	n/a	n/a	255	n/a	n/a	n/a	n/a	n/a	n/a	n/a	n/a
