10.7484 	DEBUG 	Fullscreen settings ignored as running in pilot mode.
10.7493 	INFO 	Loaded monitor calibration from ['2025_07_24 17:26']
10.9879 	INFO 	Using renderer 'AMD Radeon (TM) Graphics' for graphics
10.9879 	INFO 	OpenGL version supported by driver is 4..
11.0131 	EXP 	Created window1 = Window(allowGUI=False, allowStencil=True, autoLog=True, backendConf=UNKNOWN, backgroundFit=<method-wrapper '__getattribute__' of attributeSetter object at 0x0000026759AC65E0>, backgroundImage=<method-wrapper '__getattribute__' of attributeSetter object at 0x0000026759AC6580>, bitsMode=UNKNOWN, blendMode='avg', bpc=(8, 8, 8), color=array([0.3255, 0.3255, 0.3255]), colorSpace='rgb', depthBits=8, fullscr=False, gamma=None, gammaErrorPolicy='raise', infoMsg=UNKNOWN, lms=UNKNOWN, monitor=<psychopy.monitors.calibTools.Monitor object at 0x0000026759795A90>, multiSample=False, name='window1', numSamples=2, pos=[560.0, 240.0], screen=0, size=array([800, 600]), stencilBits=8, stereo=False, title='PsychoPy', units='height', useFBO=False, useRetina=False, viewOri=0.0, viewPos=None, viewScale=None, waitBlanking=True, winType='pyglet')
11.0131 	EXP 	window1: backgroundImage = ''
11.0131 	EXP 	window1: backgroundFit = 'none'
11.0355 	DEBUG 	TextBox2 loaded 1 chars with 0 blanks and 1 valid
11.0498 	DEBUG 	TextBox2 loaded 1 chars with 0 blanks and 1 valid
11.0644 	DEBUG 	TextBox2 loaded 1 chars with 0 blanks and 1 valid
11.0787 	DEBUG 	TextBox2 loaded 1 chars with 0 blanks and 1 valid
11.0928 	DEBUG 	TextBox2 loaded 1 chars with 0 blanks and 1 valid
11.1069 	DEBUG 	TextBox2 loaded 1 chars with 0 blanks and 1 valid
11.1207 	DEBUG 	TextBox2 loaded 1 chars with 0 blanks and 1 valid
11.1350 	DEBUG 	TextBox2 loaded 1 chars with 0 blanks and 1 valid
11.1496 	DEBUG 	TextBox2 loaded 1 chars with 0 blanks and 1 valid
11.1631 	DEBUG 	TextBox2 loaded 1 chars with 0 blanks and 1 valid
11.1772 	DEBUG 	TextBox2 loaded 1 chars with 0 blanks and 1 valid
11.1914 	DEBUG 	TextBox2 loaded 1 chars with 0 blanks and 1 valid
11.2060 	DEBUG 	TextBox2 loaded 1 chars with 0 blanks and 1 valid
11.2210 	DEBUG 	TextBox2 loaded 1 chars with 0 blanks and 1 valid
11.2354 	DEBUG 	TextBox2 loaded 1 chars with 0 blanks and 1 valid
11.2504 	DEBUG 	TextBox2 loaded 1 chars with 0 blanks and 1 valid
11.2651 	DEBUG 	TextBox2 loaded 1 chars with 0 blanks and 1 valid
11.2794 	DEBUG 	TextBox2 loaded 1 chars with 0 blanks and 1 valid
11.2939 	DEBUG 	TextBox2 loaded 1 chars with 0 blanks and 1 valid
11.3089 	DEBUG 	TextBox2 loaded 1 chars with 0 blanks and 1 valid
11.3231 	DEBUG 	TextBox2 loaded 1 chars with 0 blanks and 1 valid
11.3236 	DEBUG 	Uploading Texture Font fontname to graphics card
11.3249 	DEBUG 	Upload of Texture Font fontname complete
11.3456 	DEBUG 	TextBox2 loaded 1 chars with 0 blanks and 1 valid
11.3607 	DEBUG 	TextBox2 loaded 1 chars with 0 blanks and 1 valid
11.3753 	DEBUG 	TextBox2 loaded 1 chars with 0 blanks and 1 valid
11.3757 	DEBUG 	Uploading Texture Font fontname to graphics card
11.3766 	DEBUG 	Upload of Texture Font fontname complete
11.3789 	EXP 	window1: Attempting to measure frame rate of screen (0) ...
11.3789 	EXP 	window1: recordFrameIntervals = False
11.5533 	EXP 	window1: recordFrameIntervals = True
11.7370 	EXP 	Screen (0) actual frame rate measured at 59.82Hz
11.7370 	EXP 	window1: recordFrameIntervals = False
11.7562 	DEBUG 	TextBox2 loaded 1 chars with 0 blanks and 1 valid
11.7713 	DEBUG 	TextBox2 loaded 1 chars with 0 blanks and 1 valid
11.7866 	DEBUG 	TextBox2 loaded 1 chars with 0 blanks and 1 valid
11.8016 	DEBUG 	TextBox2 loaded 1 chars with 0 blanks and 1 valid
11.8162 	DEBUG 	TextBox2 loaded 1 chars with 0 blanks and 1 valid
11.8305 	DEBUG 	TextBox2 loaded 1 chars with 0 blanks and 1 valid
11.8444 	DEBUG 	TextBox2 loaded 1 chars with 0 blanks and 1 valid
11.8594 	DEBUG 	TextBox2 loaded 1 chars with 0 blanks and 1 valid
11.8741 	DEBUG 	TextBox2 loaded 1 chars with 0 blanks and 1 valid
11.8885 	DEBUG 	TextBox2 loaded 1 chars with 0 blanks and 1 valid
11.8889 	DEBUG 	Uploading Texture Font fontname to graphics card
11.8901 	DEBUG 	Upload of Texture Font fontname complete
12.1653 	INFO 	keyboard.Keyboard is using ptb backend.
12.1655 	INFO 	keyboard.Keyboard is using ptb backend.
12.1655 	INFO 	keyboard.Keyboard is using ptb backend.
12.1655 	INFO 	keyboard.Keyboard is using ptb backend.
12.1656 	INFO 	keyboard.Keyboard is using ptb backend.
12.1656 	INFO 	keyboard.Keyboard is using ptb backend.
12.1657 	INFO 	keyboard.Keyboard is using ptb backend.
12.1657 	INFO 	keyboard.Keyboard is using ptb backend.
12.1657 	INFO 	keyboard.Keyboard is using ptb backend.
12.1658 	INFO 	keyboard.Keyboard is using ptb backend.
12.1658 	INFO 	keyboard.Keyboard is using ptb backend.
12.1658 	INFO 	keyboard.Keyboard is using ptb backend.
12.1659 	INFO 	keyboard.Keyboard is using ptb backend.
12.1659 	INFO 	keyboard.Keyboard is using ptb backend.
12.1659 	INFO 	keyboard.Keyboard is using ptb backend.
12.1660 	INFO 	keyboard.Keyboard is using ptb backend.
12.1660 	INFO 	keyboard.Keyboard is using ptb backend.
12.1660 	INFO 	keyboard.Keyboard is using ptb backend.
12.1661 	INFO 	keyboard.Keyboard is using ptb backend.
12.1661 	INFO 	keyboard.Keyboard is using ptb backend.
12.1661 	INFO 	keyboard.Keyboard is using ptb backend.
12.1662 	INFO 	keyboard.Keyboard is using ptb backend.
12.1662 	INFO 	keyboard.Keyboard is using ptb backend.
12.1662 	INFO 	keyboard.Keyboard is using ptb backend.
12.1663 	INFO 	keyboard.Keyboard is using ptb backend.
12.1663 	INFO 	keyboard.Keyboard is using ptb backend.
12.1663 	INFO 	keyboard.Keyboard is using ptb backend.
12.1663 	EXP 	TSRlearn_main-blocks: status = STARTED
12.2602 	EXP 	Created instruction_part1 = TextStim(__class__=<class 'psychopy.visual.text.TextStim'>, alignHoriz=method-wrapper(...), alignText='center', alignVert=method-wrapper(...), anchorHoriz='center', anchorVert='center', antialias=True, autoDraw=False, autoLog=True, bold=False, color=array([1., 1., 1.]), colorSpace='rgb', contrast=1.0, depth=-2.0, draggable=False, flipHoriz=False, flipVert=False, font='Sans Sherif', fontFiles=[], height=0.025, italic=False, languageStyle='LTR', name='instruction_part1', opacity=1, ori=0.0, pos=array([0., 0.]), rgb=UNKNOWN, text='', units='height', win=Window(...), wrapWidth=1)
12.2613 	EXP 	Created instruction_part2 = TextStim(__class__=<class 'psychopy.visual.text.TextStim'>, alignHoriz=method-wrapper(...), alignText='center', alignVert=method-wrapper(...), anchorHoriz='center', anchorVert='center', antialias=True, autoDraw=False, autoLog=True, bold=False, color=array([1., 1., 1.]), colorSpace='rgb', contrast=1.0, depth=0.0, draggable=False, flipHoriz=False, flipVert=False, font='Sans Sherif', fontFiles=[], height=0.025, italic=False, languageStyle='LTR', name='instruction_part2', opacity=1, ori=0.0, pos=array([0., 0.]), rgb=UNKNOWN, text='', units='height', win=Window(...), wrapWidth=1)
12.2625 	EXP 	Created instruction_part3 = TextStim(__class__=<class 'psychopy.visual.text.TextStim'>, alignHoriz=method-wrapper(...), alignText='center', alignVert=method-wrapper(...), anchorHoriz='center', anchorVert='center', antialias=True, autoDraw=False, autoLog=True, bold=False, color=array([1., 1., 1.]), colorSpace='rgb', contrast=1.0, depth=0.0, draggable=False, flipHoriz=False, flipVert=False, font='Sans Sherif', fontFiles=[], height=0.025, italic=False, languageStyle='LTR', name='instruction_part3', opacity=1, ori=0.0, pos=array([0., 0.]), rgb=UNKNOWN, text='', units='height', win=Window(...), wrapWidth=1)
12.2634 	EXP 	Created instruction_part4 = TextStim(__class__=<class 'psychopy.visual.text.TextStim'>, alignHoriz=method-wrapper(...), alignText='center', alignVert=method-wrapper(...), anchorHoriz='center', anchorVert='center', antialias=True, autoDraw=False, autoLog=True, bold=False, color=array([1., 1., 1.]), colorSpace='rgb', contrast=1.0, depth=0.0, draggable=False, flipHoriz=False, flipVert=False, font='Sans Sherif', fontFiles=[], height=0.025, italic=False, languageStyle='LTR', name='instruction_part4', opacity=1, ori=0.0, pos=array([0., 0.]), rgb=UNKNOWN, text='', units='height', win=Window(...), wrapWidth=1)
12.2643 	EXP 	Created instruction_part5 = TextStim(__class__=<class 'psychopy.visual.text.TextStim'>, alignHoriz=method-wrapper(...), alignText='center', alignVert=method-wrapper(...), anchorHoriz='center', anchorVert='center', antialias=True, autoDraw=False, autoLog=True, bold=False, color=array([1., 1., 1.]), colorSpace='rgb', contrast=1.0, depth=-1.0, draggable=False, flipHoriz=False, flipVert=False, font='Sans Sherif', fontFiles=[], height=0.025, italic=False, languageStyle='LTR', name='instruction_part5', opacity=1, ori=0.0, pos=array([0., 0.]), rgb=UNKNOWN, text='', units='height', win=Window(...), wrapWidth=1)
12.2652 	EXP 	Created instruction_part6 = TextStim(__class__=<class 'psychopy.visual.text.TextStim'>, alignHoriz=method-wrapper(...), alignText='center', alignVert=method-wrapper(...), anchorHoriz='center', anchorVert='center', antialias=True, autoDraw=False, autoLog=True, bold=False, color=array([1., 1., 1.]), colorSpace='rgb', contrast=1.0, depth=-1.0, draggable=False, flipHoriz=False, flipVert=False, font='Sans Sherif', fontFiles=[], height=0.025, italic=False, languageStyle='LTR', name='instruction_part6', opacity=1, ori=0.0, pos=array([0., 0.]), rgb=UNKNOWN, text='', units='height', win=Window(...), wrapWidth=1)
12.2661 	EXP 	Created instructions_part16 = TextStim(__class__=<class 'psychopy.visual.text.TextStim'>, alignHoriz=method-wrapper(...), alignText='center', alignVert=method-wrapper(...), anchorHoriz='center', anchorVert='center', antialias=True, autoDraw=False, autoLog=True, bold=False, color=array([1., 1., 1.]), colorSpace='rgb', contrast=1.0, depth=0.0, draggable=False, flipHoriz=False, flipVert=False, font='Sans Sherif', fontFiles=[], height=0.025, italic=False, languageStyle='LTR', name='instructions_part16', opacity=1, ori=0.0, pos=array([0., 0.]), rgb=UNKNOWN, text='', units='height', win=Window(...), wrapWidth=1)
12.2672 	EXP 	Created polygon = Rect(__class__=<class 'psychopy.visual.rect.Rect'>, anchor=('center', 'center'), autoDraw=False, autoLog=True, closeShape=True, color=method-wrapper(...), colorSpace='rgb', contrast=None, depth=-1.0, draggable=False, fillColor=array([1, 1, 1]), fillColorSpace='rgb', fillRGB=array([1, 1, 1]), interpolate=True, lineColor=array([1., 1., 1.]), lineColorSpace='rgb', lineRGB=array([1, 1, 1]), lineWidth=1.0, name='polygon', opacity=1.0, ori=0.0, pos=array([0., 0.]), size=array([0.16, 0.16]), units='height', vertices=ndarray(...), win=Window(...))
12.2723 	EXP 	Created prompt_prc = ImageStim(__class__=<class 'psychopy.visual.image.ImageStim'>, anchor=('center', 'center'), autoLog=True, color=array([1., 1., 1.]), colorSpace='rgb', contrast=1.0, depth=-2.0, draggable=False, flipHoriz=False, flipVert=False, image='default.png', interpolate=True, mask=None, maskParams=None, name='prompt_prc', opacity=1, ori=0.0, pos=array([0., 0.]), size=array([0.15, 0.15]), texRes=128.0, units='height', win=Window(...))
12.2759 	EXP 	Created dist_01_prc = ImageStim(__class__=<class 'psychopy.visual.image.ImageStim'>, anchor=('center', 'center'), autoLog=True, color=array([1., 1., 1.]), colorSpace='rgb', contrast=1.0, depth=-3.0, draggable=False, flipHoriz=False, flipVert=False, image='default.png', interpolate=True, mask=None, maskParams=None, name='dist_01_prc', opacity=1, ori=0.0, pos=array([0., 0.]), size=array([0.15, 0.15]), texRes=128.0, units='height', win=Window(...))
12.2793 	EXP 	Created dist_02_prc = ImageStim(__class__=<class 'psychopy.visual.image.ImageStim'>, anchor=('center', 'center'), autoLog=True, color=array([1., 1., 1.]), colorSpace='rgb', contrast=1.0, depth=-4.0, draggable=False, flipHoriz=False, flipVert=False, image='default.png', interpolate=True, mask=None, maskParams=None, name='dist_02_prc', opacity=1, ori=0.0, pos=array([0., 0.]), size=array([0.15, 0.15]), texRes=128.0, units='height', win=Window(...))
12.2827 	EXP 	Created correct_prc = ImageStim(__class__=<class 'psychopy.visual.image.ImageStim'>, anchor=('center', 'center'), autoLog=True, color=array([1., 1., 1.]), colorSpace='rgb', contrast=1.0, depth=-5.0, draggable=False, flipHoriz=False, flipVert=False, image='default.png', interpolate=True, mask=None, maskParams=None, name='correct_prc', opacity=1, ori=0.0, pos=array([0., 0.]), size=array([0.15, 0.15]), texRes=128.0, units='height', win=Window(...))
12.2839 	EXP 	Created instructions_choose_2 = TextStim(__class__=<class 'psychopy.visual.text.TextStim'>, alignHoriz=method-wrapper(...), alignText='center', alignVert=method-wrapper(...), anchorHoriz='center', anchorVert='center', antialias=True, autoDraw=False, autoLog=True, bold=False, color=array([1., 1., 1.]), colorSpace='rgb', contrast=1.0, depth=-8.0, draggable=False, flipHoriz=False, flipVert=False, font='Sans Sherif', fontFiles=[], height=0.025, italic=False, languageStyle='LTR', name='instructions_choose_2', opacity=1, ori=0.0, pos=array([0. , 0.2]), rgb=UNKNOWN, text='', units='height', win=Window(...), wrapWidth=1)
12.2849 	EXP 	Created polygon_7 = Rect(__class__=<class 'psychopy.visual.rect.Rect'>, anchor=('center', 'center'), autoDraw=False, autoLog=True, closeShape=True, color=method-wrapper(...), colorSpace='rgb', contrast=None, depth=-2.0, draggable=False, fillColor=array([0, 0, 0]), fillColorSpace='rgb', fillRGB=array([0, 0, 0]), interpolate=True, lineColor=array([0.0039, 0.0039, 0.0039]), lineColorSpace='rgb', lineRGB=array([0.0039, 0.0039, 0.0039]), lineWidth=1.0, name='polygon_7', opacity=0.0, ori=0.0, pos=array([0., 0.]), size=array([0.16, 0.16]), units='height', vertices=ndarray(...), win=Window(...))
12.2884 	EXP 	Created prompt_prc_2 = ImageStim(__class__=<class 'psychopy.visual.image.ImageStim'>, anchor=('center', 'center'), autoLog=True, color=array([1., 1., 1.]), colorSpace='rgb', contrast=1.0, depth=-3.0, draggable=False, flipHoriz=False, flipVert=False, image='default.png', interpolate=True, mask=None, maskParams=None, name='prompt_prc_2', opacity=1, ori=0.0, pos=array([0., 0.]), size=array([0.15, 0.15]), texRes=128.0, units='height', win=Window(...))
12.2919 	EXP 	Created dist_01_prc_2 = ImageStim(__class__=<class 'psychopy.visual.image.ImageStim'>, anchor=('center', 'center'), autoLog=True, color=array([1., 1., 1.]), colorSpace='rgb', contrast=1.0, depth=-4.0, draggable=False, flipHoriz=False, flipVert=False, image='default.png', interpolate=True, mask=None, maskParams=None, name='dist_01_prc_2', opacity=1, ori=0.0, pos=array([0., 0.]), size=array([0.15, 0.15]), texRes=128.0, units='height', win=Window(...))
12.2953 	EXP 	Created dist_02_prc_2 = ImageStim(__class__=<class 'psychopy.visual.image.ImageStim'>, anchor=('center', 'center'), autoLog=True, color=array([1., 1., 1.]), colorSpace='rgb', contrast=1.0, depth=-5.0, draggable=False, flipHoriz=False, flipVert=False, image='default.png', interpolate=True, mask=None, maskParams=None, name='dist_02_prc_2', opacity=1, ori=0.0, pos=array([0., 0.]), size=array([0.15, 0.15]), texRes=128.0, units='height', win=Window(...))
12.2984 	EXP 	Created correct_prc_2 = ImageStim(__class__=<class 'psychopy.visual.image.ImageStim'>, anchor=('center', 'center'), autoLog=True, color=array([1., 1., 1.]), colorSpace='rgb', contrast=1.0, depth=-6.0, draggable=False, flipHoriz=False, flipVert=False, image='default.png', interpolate=True, mask=None, maskParams=None, name='correct_prc_2', opacity=1, ori=0.0, pos=array([0., 0.]), size=array([0.15, 0.15]), texRes=128.0, units='height', win=Window(...))
12.3039 	EXP 	Created fix_cross_2 = TextStim(__class__=<class 'psychopy.visual.text.TextStim'>, alignHoriz=method-wrapper(...), alignText='center', alignVert=method-wrapper(...), anchorHoriz='center', anchorVert='center', antialias=True, autoDraw=False, autoLog=True, bold=False, color=array([1., 1., 1.]), colorSpace='rgb', contrast=1.0, depth=0.0, draggable=False, flipHoriz=False, flipVert=False, font='Sans Sherif', fontFiles=[], height=0.03, italic=False, languageStyle='LTR', name='fix_cross_2', opacity=1, ori=0.0, pos=array([0., 0.]), rgb=UNKNOWN, text='+', units='height', win=Window(...), wrapWidth=1)
12.3049 	EXP 	Created rest_instruction = TextStim(__class__=<class 'psychopy.visual.text.TextStim'>, alignHoriz=method-wrapper(...), alignText='center', alignVert=method-wrapper(...), anchorHoriz='center', anchorVert='center', antialias=True, autoDraw=False, autoLog=True, bold=False, color=array([1., 1., 1.]), colorSpace='rgb', contrast=1.0, depth=-1.0, draggable=False, flipHoriz=False, flipVert=False, font='Sans Sherif', fontFiles=[], height=0.025, italic=False, languageStyle='LTR', name='rest_instruction', opacity=1, ori=0.0, pos=array([0. , 0.1]), rgb=UNKNOWN, text='', units='height', win=Window(...), wrapWidth=1)
12.3060 	EXP 	Created instruction_part7 = TextStim(__class__=<class 'psychopy.visual.text.TextStim'>, alignHoriz=method-wrapper(...), alignText='center', alignVert=method-wrapper(...), anchorHoriz='center', anchorVert='center', antialias=True, autoDraw=False, autoLog=True, bold=False, color=array([1., 1., 1.]), colorSpace='rgb', contrast=1.0, depth=0.0, draggable=False, flipHoriz=False, flipVert=False, font='Sans Sherif', fontFiles=[], height=0.025, italic=False, languageStyle='LTR', name='instruction_part7', opacity=1, ori=0.0, pos=array([0., 0.]), rgb=UNKNOWN, text='', units='height', win=Window(...), wrapWidth=1)
12.3069 	EXP 	Created instruction_part10 = TextStim(__class__=<class 'psychopy.visual.text.TextStim'>, alignHoriz=method-wrapper(...), alignText='center', alignVert=method-wrapper(...), anchorHoriz='center', anchorVert='center', antialias=True, autoDraw=False, autoLog=True, bold=False, color=array([1., 1., 1.]), colorSpace='rgb', contrast=1.0, depth=0.0, draggable=False, flipHoriz=False, flipVert=False, font='Sans Sherif', fontFiles=[], height=0.025, italic=False, languageStyle='LTR', name='instruction_part10', opacity=1, ori=0.0, pos=array([0., 0.]), rgb=UNKNOWN, text='', units='height', win=Window(...), wrapWidth=1)
12.3079 	EXP 	Created instruction_part13 = TextStim(__class__=<class 'psychopy.visual.text.TextStim'>, alignHoriz=method-wrapper(...), alignText='center', alignVert=method-wrapper(...), anchorHoriz='center', anchorVert='center', antialias=True, autoDraw=False, autoLog=True, bold=False, color=array([1., 1., 1.]), colorSpace='rgb', contrast=1.0, depth=0.0, draggable=False, flipHoriz=False, flipVert=False, font='Sans Sherif', fontFiles=[], height=0.025, italic=False, languageStyle='LTR', name='instruction_part13', opacity=1, ori=0.0, pos=array([0., 0.]), rgb=UNKNOWN, text='', units='height', win=Window(...), wrapWidth=1)
12.3088 	EXP 	Created instruction_part11 = TextStim(__class__=<class 'psychopy.visual.text.TextStim'>, alignHoriz=method-wrapper(...), alignText='center', alignVert=method-wrapper(...), anchorHoriz='center', anchorVert='center', antialias=True, autoDraw=False, autoLog=True, bold=False, color=array([1., 1., 1.]), colorSpace='rgb', contrast=1.0, depth=0.0, draggable=False, flipHoriz=False, flipVert=False, font='Sans Sherif', fontFiles=[], height=0.025, italic=False, languageStyle='LTR', name='instruction_part11', opacity=1, ori=0.0, pos=array([0., 0.]), rgb=UNKNOWN, text='', units='height', win=Window(...), wrapWidth=1)
12.3097 	EXP 	Created instruction_part14 = TextStim(__class__=<class 'psychopy.visual.text.TextStim'>, alignHoriz=method-wrapper(...), alignText='center', alignVert=method-wrapper(...), anchorHoriz='center', anchorVert='center', antialias=True, autoDraw=False, autoLog=True, bold=False, color=array([1., 1., 1.]), colorSpace='rgb', contrast=1.0, depth=0.0, draggable=False, flipHoriz=False, flipVert=False, font='Sans Sherif', fontFiles=[], height=0.025, italic=False, languageStyle='LTR', name='instruction_part14', opacity=1, ori=0.0, pos=array([0., 0.]), rgb=UNKNOWN, text='', units='height', win=Window(...), wrapWidth=1)
12.3106 	EXP 	Created instruction_part12 = TextStim(__class__=<class 'psychopy.visual.text.TextStim'>, alignHoriz=method-wrapper(...), alignText='center', alignVert=method-wrapper(...), anchorHoriz='center', anchorVert='center', antialias=True, autoDraw=False, autoLog=True, bold=False, color=array([1., 1., 1.]), colorSpace='rgb', contrast=1.0, depth=0.0, draggable=False, flipHoriz=False, flipVert=False, font='Sans Sherif', fontFiles=[], height=0.025, italic=False, languageStyle='LTR', name='instruction_part12', opacity=1, ori=0.0, pos=array([0., 0.]), rgb=UNKNOWN, text='', units='height', win=Window(...), wrapWidth=1)
12.3115 	EXP 	Created instruction_part15 = TextStim(__class__=<class 'psychopy.visual.text.TextStim'>, alignHoriz=method-wrapper(...), alignText='center', alignVert=method-wrapper(...), anchorHoriz='center', anchorVert='center', antialias=True, autoDraw=False, autoLog=True, bold=False, color=array([1., 1., 1.]), colorSpace='rgb', contrast=1.0, depth=0.0, draggable=False, flipHoriz=False, flipVert=False, font='Sans Sherif', fontFiles=[], height=0.025, italic=False, languageStyle='LTR', name='instruction_part15', opacity=1, ori=0.0, pos=array([0., 0.]), rgb=UNKNOWN, text='', units='height', win=Window(...), wrapWidth=1)
12.3124 	EXP 	Created instruction_info = TextStim(__class__=<class 'psychopy.visual.text.TextStim'>, alignHoriz=method-wrapper(...), alignText='center', alignVert=method-wrapper(...), anchorHoriz='center', anchorVert='center', antialias=True, autoDraw=False, autoLog=True, bold=False, color=array([1., 1., 1.]), colorSpace='rgb', contrast=1.0, depth=0.0, draggable=False, flipHoriz=False, flipVert=False, font='Sans Sherif', fontFiles=[], height=0.025, italic=False, languageStyle='LTR', name='instruction_info', opacity=1, ori=0.0, pos=array([0., 0.]), rgb=UNKNOWN, text='', units='height', win=Window(...), wrapWidth=1)
12.3133 	EXP 	Created instruction_part8 = TextStim(__class__=<class 'psychopy.visual.text.TextStim'>, alignHoriz=method-wrapper(...), alignText='center', alignVert=method-wrapper(...), anchorHoriz='center', anchorVert='center', antialias=True, autoDraw=False, autoLog=True, bold=False, color=array([1., 1., 1.]), colorSpace='rgb', contrast=1.0, depth=0.0, draggable=False, flipHoriz=False, flipVert=False, font='Sans Sherif', fontFiles=[], height=0.025, italic=False, languageStyle='LTR', name='instruction_part8', opacity=1, ori=0.0, pos=array([0., 0.]), rgb=UNKNOWN, text='', units='height', win=Window(...), wrapWidth=1)
12.3140 	EXP 	Created fix_cross_retrbegin = TextStim(__class__=<class 'psychopy.visual.text.TextStim'>, alignHoriz=method-wrapper(...), alignText='center', alignVert=method-wrapper(...), anchorHoriz='center', anchorVert='center', antialias=True, autoDraw=False, autoLog=True, bold=False, color=array([1., 1., 1.]), colorSpace='rgb', contrast=1.0, depth=0.0, draggable=False, flipHoriz=False, flipVert=False, font='Sans Sherif', fontFiles=[], height=0.03, italic=False, languageStyle='LTR', name='fix_cross_retrbegin', opacity=1, ori=0.0, pos=array([0., 0.]), rgb=UNKNOWN, text='', units='height', win=Window(...), wrapWidth=1)
12.3188 	EXP 	Created image_1_prc = ImageStim(__class__=<class 'psychopy.visual.image.ImageStim'>, anchor=('center', 'center'), autoLog=True, color=array([1., 1., 1.]), colorSpace='rgb', contrast=1.0, depth=0.0, draggable=False, flipHoriz=False, flipVert=False, image='default.png', interpolate=True, mask=None, maskParams=None, name='image_1_prc', opacity=1, ori=0.0, pos=array([0., 0.]), size=array([0.15, 0.15]), texRes=128.0, units='height', win=Window(...))
12.3235 	EXP 	Created info_example_3 = ImageStim(__class__=<class 'psychopy.visual.image.ImageStim'>, anchor=('center', 'center'), autoLog=True, color=array([1., 1., 1.]), colorSpace='rgb', contrast=1.0, depth=-1.0, draggable=False, flipHoriz=False, flipVert=False, image='default.png', interpolate=True, mask=None, maskParams=None, name='info_example_3', opacity=1, ori=0.0, pos=array([ 0. , -0.2]), size=array([0.7, 0.7]), texRes=128.0, units='height', win=Window(...))
12.3284 	EXP 	Created mask_img1 = ImageStim(__class__=<class 'psychopy.visual.image.ImageStim'>, anchor=('center', 'center'), autoLog=True, color=array([1., 1., 1.]), colorSpace='rgb', contrast=1.0, depth=0.0, draggable=False, flipHoriz=False, flipVert=False, image='stimuli/mask_images/mask_00.png', interpolate=True, mask=None, maskParams=None, name='mask_img1', opacity=1, ori=0.0, pos=array([0., 0.]), size=array([0.15, 0.15]), texRes=128.0, units='height', win=Window(...))
12.3327 	EXP 	Created info_example_4 = ImageStim(__class__=<class 'psychopy.visual.image.ImageStim'>, anchor=('center', 'center'), autoLog=True, color=array([1., 1., 1.]), colorSpace='rgb', contrast=1.0, depth=-1.0, draggable=False, flipHoriz=False, flipVert=False, image='default.png', interpolate=True, mask=None, maskParams=None, name='info_example_4', opacity=1, ori=0.0, pos=array([ 0. , -0.2]), size=array([0.7, 0.7]), texRes=128.0, units='height', win=Window(...))
12.3369 	EXP 	Created image_2_prc = ImageStim(__class__=<class 'psychopy.visual.image.ImageStim'>, anchor=('center', 'center'), autoLog=True, color=array([1., 1., 1.]), colorSpace='rgb', contrast=1.0, depth=0.0, draggable=False, flipHoriz=False, flipVert=False, image='default.png', interpolate=True, mask=None, maskParams=None, name='image_2_prc', opacity=1, ori=0.0, pos=array([0., 0.]), size=array([0.15, 0.15]), texRes=128.0, units='height', win=Window(...))
12.3410 	EXP 	Created info_example_5 = ImageStim(__class__=<class 'psychopy.visual.image.ImageStim'>, anchor=('center', 'center'), autoLog=True, color=array([1., 1., 1.]), colorSpace='rgb', contrast=1.0, depth=-1.0, draggable=False, flipHoriz=False, flipVert=False, image='default.png', interpolate=True, mask=None, maskParams=None, name='info_example_5', opacity=1, ori=0.0, pos=array([ 0. , -0.2]), size=array([0.7, 0.7]), texRes=128.0, units='height', win=Window(...))
12.3458 	EXP 	Created mask_img2 = ImageStim(__class__=<class 'psychopy.visual.image.ImageStim'>, anchor=('center', 'center'), autoLog=True, color=array([1., 1., 1.]), colorSpace='rgb', contrast=1.0, depth=0.0, draggable=False, flipHoriz=False, flipVert=False, image='stimuli/mask_images/mask_01.png', interpolate=True, mask=None, maskParams=None, name='mask_img2', opacity=1, ori=0.0, pos=array([0., 0.]), size=array([0.15, 0.15]), texRes=128.0, units='height', win=Window(...))
12.3509 	EXP 	Created info_example_6 = ImageStim(__class__=<class 'psychopy.visual.image.ImageStim'>, anchor=('center', 'center'), autoLog=True, color=array([1., 1., 1.]), colorSpace='rgb', contrast=1.0, depth=-1.0, draggable=False, flipHoriz=False, flipVert=False, image='default.png', interpolate=True, mask=None, maskParams=None, name='info_example_6', opacity=1, ori=0.0, pos=array([ 0. , -0.2]), size=array([0.7, 0.7]), texRes=128.0, units='height', win=Window(...))
12.3532 	EXP 	Created fix_cross_reflretr_2 = TextStim(__class__=<class 'psychopy.visual.text.TextStim'>, alignHoriz=method-wrapper(...), alignText='center', alignVert=method-wrapper(...), anchorHoriz='center', anchorVert='center', antialias=True, autoDraw=False, autoLog=True, bold=False, color=array([1., 1., 1.]), colorSpace='rgb', contrast=1.0, depth=0.0, draggable=False, flipHoriz=False, flipVert=False, font='Sans Sherif', fontFiles=[], height=0.03, italic=False, languageStyle='LTR', name='fix_cross_reflretr_2', opacity=1, ori=0.0, pos=array([0., 0.]), rgb=UNKNOWN, text='+', units='height', win=Window(...), wrapWidth=1)
12.3670 	EXP 	Created text = TextStim(__class__=<class 'psychopy.visual.text.TextStim'>, alignHoriz=method-wrapper(...), alignText='center', alignVert=method-wrapper(...), anchorHoriz='center', anchorVert='center', antialias=True, autoDraw=False, autoLog=True, bold=False, color=array([1., 1., 1.]), colorSpace='rgb', contrast=1.0, depth=-1.0, draggable=False, flipHoriz=False, flipVert=False, font='Sans Sherif', fontFiles=[], height=0.02, italic=False, languageStyle='LTR', name='text', opacity=1, ori=0.0, pos=array([0. , 0.1]), rgb=UNKNOWN, text='Denken Sie jetzt über die Antworten nach. ', units='height', win=Window(...), wrapWidth=1)
12.3697 	EXP 	Created yes_txt_3 = TextStim(__class__=<class 'psychopy.visual.text.TextStim'>, alignHoriz=method-wrapper(...), alignText='center', alignVert=method-wrapper(...), anchorHoriz='center', anchorVert='center', antialias=True, autoDraw=False, autoLog=True, bold=False, color=array([1., 1., 1.]), colorSpace='rgb', contrast=1.0, depth=-1.0, draggable=False, flipHoriz=False, flipVert=False, font='Sans Sherif', fontFiles=[], height=0.03, italic=False, languageStyle='LTR', name='yes_txt_3', opacity=1, ori=0.0, pos=array([0., 0.]), rgb=UNKNOWN, text='', units='height', win=Window(...), wrapWidth=1)
12.3716 	EXP 	Created no_txt_3 = TextStim(__class__=<class 'psychopy.visual.text.TextStim'>, alignHoriz=method-wrapper(...), alignText='center', alignVert=method-wrapper(...), anchorHoriz='center', anchorVert='center', antialias=True, autoDraw=False, autoLog=True, bold=False, color=array([1., 1., 1.]), colorSpace='rgb', contrast=1.0, depth=-2.0, draggable=False, flipHoriz=False, flipVert=False, font='Sans Sherif', fontFiles=[], height=0.03, italic=False, languageStyle='LTR', name='no_txt_3', opacity=1, ori=0.0, pos=array([0., 0.]), rgb=UNKNOWN, text='', units='height', win=Window(...), wrapWidth=1)
12.3738 	EXP 	Created polygon_9 = Rect(__class__=<class 'psychopy.visual.rect.Rect'>, anchor=('center', 'center'), autoDraw=False, autoLog=True, closeShape=True, color=method-wrapper(...), colorSpace='rgb', contrast=None, depth=-3.0, draggable=False, fillColor=array([0, 0, 0]), fillColorSpace='rgb', fillRGB=array([0, 0, 0]), interpolate=True, lineColor=array([0.0039, 0.0039, 0.0039]), lineColorSpace='rgb', lineRGB=array([0.0039, 0.0039, 0.0039]), lineWidth=2.0, name='polygon_9', opacity=0.0, ori=0.0, pos=array([0., 0.]), size=array([0.08, 0.03]), units='height', vertices=ndarray(...), win=Window(...))
12.3797 	EXP 	Created info_example_7 = ImageStim(__class__=<class 'psychopy.visual.image.ImageStim'>, anchor=('center', 'center'), autoLog=True, color=array([1., 1., 1.]), colorSpace='rgb', contrast=1.0, depth=-7.0, draggable=False, flipHoriz=False, flipVert=False, image='default.png', interpolate=True, mask=None, maskParams=None, name='info_example_7', opacity=1, ori=0.0, pos=array([ 0. , -0.2]), size=array([0.7, 0.7]), texRes=128.0, units='height', win=Window(...))
12.3811 	EXP 	Created text_question_order = TextStim(__class__=<class 'psychopy.visual.text.TextStim'>, alignHoriz=method-wrapper(...), alignText='center', alignVert=method-wrapper(...), anchorHoriz='center', anchorVert='center', antialias=True, autoDraw=False, autoLog=True, bold=False, color=array([1., 1., 1.]), colorSpace='rgb', contrast=1.0, depth=-9.0, draggable=False, flipHoriz=False, flipVert=False, font='Sans Sherif', fontFiles=[], height=0.03, italic=False, languageStyle='LTR', name='text_question_order', opacity=1, ori=0.0, pos=array([0. , 0.1]), rgb=UNKNOWN, text='', units='height', win=Window(...), wrapWidth=1)
12.3863 	EXP 	Created info_example = ImageStim(__class__=<class 'psychopy.visual.image.ImageStim'>, anchor=('center', 'center'), autoLog=True, color=array([1., 1., 1.]), colorSpace='rgb', contrast=1.0, depth=-3.0, draggable=False, flipHoriz=False, flipVert=False, image='default.png', interpolate=True, mask=None, maskParams=None, name='info_example', opacity=1, ori=0.0, pos=array([ 0. , -0.2]), size=array([0.7, 0.7]), texRes=128.0, units='height', win=Window(...))
12.3913 	EXP 	Created opt_2_prc = TextStim(__class__=<class 'psychopy.visual.text.TextStim'>, alignHoriz=method-wrapper(...), alignText='center', alignVert=method-wrapper(...), anchorHoriz='center', anchorVert='center', antialias=True, autoDraw=False, autoLog=True, bold=False, color=array([1., 1., 1.]), colorSpace='rgb', contrast=1.0, depth=-4.0, draggable=False, flipHoriz=False, flipVert=False, font='Sans Sherif', fontFiles=[], height=0.03, italic=False, languageStyle='LTR', name='opt_2_prc', opacity=1, ori=0.0, pos=array([0.  , 0.05]), rgb=UNKNOWN, text='2', units='height', win=Window(...), wrapWidth=1)
12.3944 	EXP 	Created opt_3_prc = TextStim(__class__=<class 'psychopy.visual.text.TextStim'>, alignHoriz=method-wrapper(...), alignText='center', alignVert=method-wrapper(...), anchorHoriz='center', anchorVert='center', antialias=True, autoDraw=False, autoLog=True, bold=False, color=array([1., 1., 1.]), colorSpace='rgb', contrast=1.0, depth=-5.0, draggable=False, flipHoriz=False, flipVert=False, font='Sans Sherif', fontFiles=[], height=0.03, italic=False, languageStyle='LTR', name='opt_3_prc', opacity=1, ori=0.0, pos=array([0.05, 0.  ]), rgb=UNKNOWN, text='3', units='height', win=Window(...), wrapWidth=1)
12.3977 	EXP 	Created opt_4_prc = TextStim(__class__=<class 'psychopy.visual.text.TextStim'>, alignHoriz=method-wrapper(...), alignText='center', alignVert=method-wrapper(...), anchorHoriz='center', anchorVert='center', antialias=True, autoDraw=False, autoLog=True, bold=False, color=array([1., 1., 1.]), colorSpace='rgb', contrast=1.0, depth=-6.0, draggable=False, flipHoriz=False, flipVert=False, font='Sans Sherif', fontFiles=[], height=0.03, italic=False, languageStyle='LTR', name='opt_4_prc', opacity=1, ori=0.0, pos=array([ 0.  , -0.05]), rgb=UNKNOWN, text='4', units='height', win=Window(...), wrapWidth=1)
12.4014 	EXP 	Created opt_5_prc = TextStim(__class__=<class 'psychopy.visual.text.TextStim'>, alignHoriz=method-wrapper(...), alignText='center', alignVert=method-wrapper(...), anchorHoriz='center', anchorVert='center', antialias=True, autoDraw=False, autoLog=True, bold=False, color=array([1., 1., 1.]), colorSpace='rgb', contrast=1.0, depth=-7.0, draggable=False, flipHoriz=False, flipVert=False, font='Sans Sherif', fontFiles=[], height=0.03, italic=False, languageStyle='LTR', name='opt_5_prc', opacity=1, ori=0.0, pos=array([-0.05,  0.  ]), rgb=UNKNOWN, text='5', units='height', win=Window(...), wrapWidth=1)
12.4026 	EXP 	Created text_question_retrieval = TextStim(__class__=<class 'psychopy.visual.text.TextStim'>, alignHoriz=method-wrapper(...), alignText='center', alignVert=method-wrapper(...), anchorHoriz='center', anchorVert='center', antialias=True, autoDraw=False, autoLog=True, bold=False, color=array([1., 1., 1.]), colorSpace='rgb', contrast=1.0, depth=-9.0, draggable=False, flipHoriz=False, flipVert=False, font='Sans Sherif', fontFiles=[], height=0.03, italic=False, languageStyle='LTR', name='text_question_retrieval', opacity=1, ori=0.0, pos=array([0. , 0.1]), rgb=UNKNOWN, text='', units='height', win=Window(...), wrapWidth=1)
12.4039 	EXP 	Created text_feedback = TextStim(__class__=<class 'psychopy.visual.text.TextStim'>, alignHoriz=method-wrapper(...), alignText='center', alignVert=method-wrapper(...), anchorHoriz='center', anchorVert='center', antialias=True, autoDraw=False, autoLog=True, bold=False, color=array([1., 1., 1.]), colorSpace='rgb', contrast=1.0, depth=0.0, draggable=False, flipHoriz=False, flipVert=False, font='Sans Sherif', fontFiles=[], height=0.025, italic=False, languageStyle='LTR', name='text_feedback', opacity=1, ori=0.0, pos=array([0. , 0.2]), rgb=UNKNOWN, text='', units='height', win=Window(...), wrapWidth=1)
12.4083 	EXP 	Created info_example_2 = ImageStim(__class__=<class 'psychopy.visual.image.ImageStim'>, anchor=('center', 'center'), autoLog=True, color=array([1., 1., 1.]), colorSpace='rgb', contrast=1.0, depth=-2.0, draggable=False, flipHoriz=False, flipVert=False, image='default.png', interpolate=True, mask=None, maskParams=None, name='info_example_2', opacity=1, ori=0.0, pos=array([0., 0.]), size=array([0.8, 0.8]), texRes=128.0, units='height', win=Window(...))
12.4096 	EXP 	Created text_continue = TextStim(__class__=<class 'psychopy.visual.text.TextStim'>, alignHoriz=method-wrapper(...), alignText='center', alignVert=method-wrapper(...), anchorHoriz='center', anchorVert='center', antialias=True, autoDraw=False, autoLog=True, bold=False, color=array([1., 1., 1.]), colorSpace='rgb', contrast=1.0, depth=-5.0, draggable=False, flipHoriz=False, flipVert=False, font='Sans Sherif', fontFiles=[], height=0.025, italic=False, languageStyle='LTR', name='text_continue', opacity=1, ori=0.0, pos=array([ 0.  , -0.15]), rgb=UNKNOWN, text='', units='height', win=Window(...), wrapWidth=1)
12.4116 	EXP 	Created instructions_part7 = TextStim(__class__=<class 'psychopy.visual.text.TextStim'>, alignHoriz=method-wrapper(...), alignText='center', alignVert=method-wrapper(...), anchorHoriz='center', anchorVert='center', antialias=True, autoDraw=False, autoLog=True, bold=False, color=array([1., 1., 1.]), colorSpace='rgb', contrast=1.0, depth=0.0, draggable=False, flipHoriz=False, flipVert=False, font='Sans Sherif', fontFiles=[], height=0.025, italic=False, languageStyle='LTR', name='instructions_part7', opacity=1, ori=0.0, pos=array([0., 0.]), rgb=UNKNOWN, text='', units='height', win=Window(...), wrapWidth=1)
12.4160 	EXP 	Created scene_image = ImageStim(__class__=<class 'psychopy.visual.image.ImageStim'>, anchor=('center', 'center'), autoLog=True, color=array([1., 1., 1.]), colorSpace='rgb', contrast=1.0, depth=0.0, draggable=False, flipHoriz=False, flipVert=False, image='default.png', interpolate=True, mask=None, maskParams=None, name='scene_image', opacity=1, ori=0.0, pos=array([0., 0.]), size=array([1., 1.]), texRes=128.0, units='height', win=Window(...))
12.4215 	EXP 	Created scene_image_2 = ImageStim(__class__=<class 'psychopy.visual.image.ImageStim'>, anchor=('center', 'center'), autoLog=True, color=array([1., 1., 1.]), colorSpace='rgb', contrast=1.0, depth=0.0, draggable=False, flipHoriz=False, flipVert=False, image='default.png', interpolate=True, mask=None, maskParams=None, name='scene_image_2', opacity=1, ori=0.0, pos=array([0., 0.]), size=array([1., 1.]), texRes=128.0, units='height', win=Window(...))
12.4229 	EXP 	Created polygon_4 = Rect(__class__=<class 'psychopy.visual.rect.Rect'>, anchor=('center', 'center'), autoDraw=False, autoLog=True, closeShape=True, color=method-wrapper(...), colorSpace='rgb', contrast=None, depth=-4.0, draggable=False, fillColor=array([1, 1, 1]), fillColorSpace='rgb', fillRGB=array([1, 1, 1]), interpolate=True, lineColor=array([1., 1., 1.]), lineColorSpace='rgb', lineRGB=array([1, 1, 1]), lineWidth=1.0, name='polygon_4', opacity=0.0, ori=0.0, pos=array([0., 0.]), size=array([0.16, 0.16]), units='height', vertices=ndarray(...), win=Window(...))
12.4272 	EXP 	Created prompt = ImageStim(__class__=<class 'psychopy.visual.image.ImageStim'>, anchor=('center', 'center'), autoLog=True, color=array([1., 1., 1.]), colorSpace='rgb', contrast=1.0, depth=-5.0, draggable=False, flipHoriz=False, flipVert=False, image='default.png', interpolate=True, mask=None, maskParams=None, name='prompt', opacity=1, ori=0.0, pos=array([0., 0.]), size=array([0.15, 0.15]), texRes=128.0, units='height', win=Window(...))
12.4315 	EXP 	Created dist_01 = ImageStim(__class__=<class 'psychopy.visual.image.ImageStim'>, anchor=('center', 'center'), autoLog=True, color=array([1., 1., 1.]), colorSpace='rgb', contrast=1.0, depth=-6.0, draggable=False, flipHoriz=False, flipVert=False, image='default.png', interpolate=True, mask=None, maskParams=None, name='dist_01', opacity=1, ori=0.0, pos=array([0., 0.]), size=array([0.15, 0.15]), texRes=128.0, units='height', win=Window(...))
12.4355 	EXP 	Created dist_02 = ImageStim(__class__=<class 'psychopy.visual.image.ImageStim'>, anchor=('center', 'center'), autoLog=True, color=array([1., 1., 1.]), colorSpace='rgb', contrast=1.0, depth=-7.0, draggable=False, flipHoriz=False, flipVert=False, image='default.png', interpolate=True, mask=None, maskParams=None, name='dist_02', opacity=1, ori=0.0, pos=array([0., 0.]), size=array([0.15, 0.15]), texRes=128.0, units='height', win=Window(...))
12.4392 	EXP 	Created correct = ImageStim(__class__=<class 'psychopy.visual.image.ImageStim'>, anchor=('center', 'center'), autoLog=True, color=array([1., 1., 1.]), colorSpace='rgb', contrast=1.0, depth=-8.0, draggable=False, flipHoriz=False, flipVert=False, image='default.png', interpolate=True, mask=None, maskParams=None, name='correct', opacity=1, ori=0.0, pos=array([0., 0.]), size=array([0.15, 0.15]), texRes=128.0, units='height', win=Window(...))
12.4449 	EXP 	Created chooseNowText = TextStim(__class__=<class 'psychopy.visual.text.TextStim'>, alignHoriz=method-wrapper(...), alignText='center', alignVert=method-wrapper(...), anchorHoriz='center', anchorVert='center', antialias=True, autoDraw=False, autoLog=True, bold=False, color=array([1., 1., 1.]), colorSpace='rgb', contrast=1.0, depth=-10.0, draggable=False, flipHoriz=False, flipVert=False, font='Sans Sherif', fontFiles=[], height=0.02, italic=False, languageStyle='LTR', name='chooseNowText', opacity=1.0, ori=0.0, pos=array([0. , 0.2]), rgb=UNKNOWN, text='Bitte antworten Sie jetzt', units='height', win=Window(...), wrapWidth=1)
12.4514 	EXP 	Created scene_image_3 = ImageStim(__class__=<class 'psychopy.visual.image.ImageStim'>, anchor=('center', 'center'), autoLog=True, color=array([1., 1., 1.]), colorSpace='rgb', contrast=1.0, depth=0.0, draggable=False, flipHoriz=False, flipVert=False, image='default.png', interpolate=True, mask=None, maskParams=None, name='scene_image_3', opacity=1, ori=0.0, pos=array([0., 0.]), size=array([1., 1.]), texRes=128.0, units='height', win=Window(...))
12.4524 	EXP 	Created polygon_8 = Rect(__class__=<class 'psychopy.visual.rect.Rect'>, anchor=('center', 'center'), autoDraw=False, autoLog=True, closeShape=True, color=method-wrapper(...), colorSpace='rgb', contrast=None, depth=-3.0, draggable=False, fillColor=array([0., 0., 0.]), fillColorSpace='rgb', fillRGB=array([0., 0., 0.]), interpolate=True, lineColor=array([0.0039, 0.0039, 0.0039]), lineColorSpace='rgb', lineRGB=array([0.0039, 0.0039, 0.0039]), lineWidth=1.0, name='polygon_8', opacity=0.0, ori=0.0, pos=array([0., 0.]), size=array([0.16, 0.16]), units='height', vertices=ndarray(...), win=Window(...))
12.4566 	EXP 	Created prompt_2 = ImageStim(__class__=<class 'psychopy.visual.image.ImageStim'>, anchor=('center', 'center'), autoLog=True, color=array([1., 1., 1.]), colorSpace='rgb', contrast=1.0, depth=-5.0, draggable=False, flipHoriz=False, flipVert=False, image='default.png', interpolate=True, mask=None, maskParams=None, name='prompt_2', opacity=1, ori=0.0, pos=array([0., 0.]), size=array([0.15, 0.15]), texRes=128.0, units='height', win=Window(...))
12.4606 	EXP 	Created dist_01_2 = ImageStim(__class__=<class 'psychopy.visual.image.ImageStim'>, anchor=('center', 'center'), autoLog=True, color=array([1., 1., 1.]), colorSpace='rgb', contrast=1.0, depth=-6.0, draggable=False, flipHoriz=False, flipVert=False, image='default.png', interpolate=True, mask=None, maskParams=None, name='dist_01_2', opacity=1, ori=0.0, pos=array([0., 0.]), size=array([0.15, 0.15]), texRes=128.0, units='height', win=Window(...))
12.4644 	EXP 	Created dist_02_2 = ImageStim(__class__=<class 'psychopy.visual.image.ImageStim'>, anchor=('center', 'center'), autoLog=True, color=array([1., 1., 1.]), colorSpace='rgb', contrast=1.0, depth=-7.0, draggable=False, flipHoriz=False, flipVert=False, image='default.png', interpolate=True, mask=None, maskParams=None, name='dist_02_2', opacity=1, ori=0.0, pos=array([0., 0.]), size=array([0.15, 0.15]), texRes=128.0, units='height', win=Window(...))
12.4685 	EXP 	Created correct_2 = ImageStim(__class__=<class 'psychopy.visual.image.ImageStim'>, anchor=('center', 'center'), autoLog=True, color=array([1., 1., 1.]), colorSpace='rgb', contrast=1.0, depth=-8.0, draggable=False, flipHoriz=False, flipVert=False, image='default.png', interpolate=True, mask=None, maskParams=None, name='correct_2', opacity=1, ori=0.0, pos=array([0., 0.]), size=array([0.15, 0.15]), texRes=128.0, units='height', win=Window(...))
12.4722 	EXP 	Created scene_image_4 = ImageStim(__class__=<class 'psychopy.visual.image.ImageStim'>, anchor=('center', 'center'), autoLog=True, color=array([1., 1., 1.]), colorSpace='rgb', contrast=1.0, depth=-1.0, draggable=False, flipHoriz=False, flipVert=False, image='default.png', interpolate=True, mask=None, maskParams=None, name='scene_image_4', opacity=1, ori=0.0, pos=array([0., 0.]), size=array([1., 1.]), texRes=128.0, units='height', win=Window(...))
12.4734 	EXP 	Created tooSlowtext = TextStim(__class__=<class 'psychopy.visual.text.TextStim'>, alignHoriz=method-wrapper(...), alignText='center', alignVert=method-wrapper(...), anchorHoriz='center', anchorVert='center', antialias=True, autoDraw=False, autoLog=True, bold=False, color=array([1., 1., 1.]), colorSpace='rgb', contrast=1.0, depth=-2.0, draggable=False, flipHoriz=False, flipVert=False, font='Sans Sherif', fontFiles=[], height=0.02, italic=False, languageStyle='LTR', name='tooSlowtext', opacity=1, ori=0.0, pos=array([0., 0.]), rgb=UNKNOWN, text='', units='height', win=Window(...), wrapWidth=1)
12.4751 	EXP 	Created fix_cross = TextStim(__class__=<class 'psychopy.visual.text.TextStim'>, alignHoriz=method-wrapper(...), alignText='center', alignVert=method-wrapper(...), anchorHoriz='center', anchorVert='center', antialias=True, autoDraw=False, autoLog=True, bold=False, color=array([1., 1., 1.]), colorSpace='rgb', contrast=1.0, depth=-2.0, draggable=False, flipHoriz=False, flipVert=False, font='Sans Sherif', fontFiles=[], height=0.03, italic=False, languageStyle='LTR', name='fix_cross', opacity=1, ori=0.0, pos=array([0., 0.]), rgb=UNKNOWN, text='+', units='height', win=Window(...), wrapWidth=1)
12.4761 	EXP 	Created instruction_now_retr = TextStim(__class__=<class 'psychopy.visual.text.TextStim'>, alignHoriz=method-wrapper(...), alignText='center', alignVert=method-wrapper(...), anchorHoriz='center', anchorVert='center', antialias=True, autoDraw=False, autoLog=True, bold=False, color=array([1., 1., 1.]), colorSpace='rgb', contrast=1.0, depth=0.0, draggable=False, flipHoriz=False, flipVert=False, font='Sans Sherif', fontFiles=[], height=0.025, italic=False, languageStyle='LTR', name='instruction_now_retr', opacity=1, ori=0.0, pos=array([0., 0.]), rgb=UNKNOWN, text='', units='height', win=Window(...), wrapWidth=1)
12.4767 	EXP 	Created fix_cross_retrbegin_2 = TextStim(__class__=<class 'psychopy.visual.text.TextStim'>, alignHoriz=method-wrapper(...), alignText='center', alignVert=method-wrapper(...), anchorHoriz='center', anchorVert='center', antialias=True, autoDraw=False, autoLog=True, bold=False, color=array([1., 1., 1.]), colorSpace='rgb', contrast=1.0, depth=-1.0, draggable=False, flipHoriz=False, flipVert=False, font='Sans Sherif', fontFiles=[], height=0.03, italic=False, languageStyle='LTR', name='fix_cross_retrbegin_2', opacity=1, ori=0.0, pos=array([0., 0.]), rgb=UNKNOWN, text='', units='height', win=Window(...), wrapWidth=1)
12.4808 	EXP 	Created image_1 = ImageStim(__class__=<class 'psychopy.visual.image.ImageStim'>, anchor=('center', 'center'), autoLog=True, color=array([1., 1., 1.]), colorSpace='rgb', contrast=1.0, depth=-1.0, draggable=False, flipHoriz=False, flipVert=False, image='default.png', interpolate=True, mask=None, maskParams=None, name='image_1', opacity=1, ori=0.0, pos=array([0., 0.]), size=array([0.15, 0.15]), texRes=128.0, units='height', win=Window(...))
12.4851 	EXP 	Created mask_img1_2 = ImageStim(__class__=<class 'psychopy.visual.image.ImageStim'>, anchor=('center', 'center'), autoLog=True, color=array([1., 1., 1.]), colorSpace='rgb', contrast=1.0, depth=0.0, draggable=False, flipHoriz=False, flipVert=False, image='stimuli/mask_images/mask_00.png', interpolate=True, mask=None, maskParams=None, name='mask_img1_2', opacity=1, ori=0.0, pos=array([0., 0.]), size=array([0.15, 0.15]), texRes=128.0, units='height', win=Window(...))
12.4883 	EXP 	Created image_2 = ImageStim(__class__=<class 'psychopy.visual.image.ImageStim'>, anchor=('center', 'center'), autoLog=True, color=array([1., 1., 1.]), colorSpace='rgb', contrast=1.0, depth=-1.0, draggable=False, flipHoriz=False, flipVert=False, image='default.png', interpolate=True, mask=None, maskParams=None, name='image_2', opacity=1, ori=0.0, pos=array([0., 0.]), size=array([0.15, 0.15]), texRes=128.0, units='height', win=Window(...))
12.4925 	EXP 	Created mask_img2_2 = ImageStim(__class__=<class 'psychopy.visual.image.ImageStim'>, anchor=('center', 'center'), autoLog=True, color=array([1., 1., 1.]), colorSpace='rgb', contrast=1.0, depth=0.0, draggable=False, flipHoriz=False, flipVert=False, image='stimuli/mask_images/mask_01.png', interpolate=True, mask=None, maskParams=None, name='mask_img2_2', opacity=1, ori=0.0, pos=array([0., 0.]), size=array([0.15, 0.15]), texRes=128.0, units='height', win=Window(...))
12.4942 	EXP 	Created fix_cross_reflretr = TextStim(__class__=<class 'psychopy.visual.text.TextStim'>, alignHoriz=method-wrapper(...), alignText='center', alignVert=method-wrapper(...), anchorHoriz='center', anchorVert='center', antialias=True, autoDraw=False, autoLog=True, bold=False, color=array([1., 1., 1.]), colorSpace='rgb', contrast=1.0, depth=-1.0, draggable=False, flipHoriz=False, flipVert=False, font='Sans Sherif', fontFiles=[], height=0.03, italic=False, languageStyle='LTR', name='fix_cross_reflretr', opacity=1, ori=0.0, pos=array([0., 0.]), rgb=UNKNOWN, text='+', units='height', win=Window(...), wrapWidth=1)
12.4952 	EXP 	Created polygon_6 = Rect(__class__=<class 'psychopy.visual.rect.Rect'>, anchor=('center', 'center'), autoDraw=False, autoLog=True, closeShape=True, color=method-wrapper(...), colorSpace='rgb', contrast=None, depth=-2.0, draggable=False, fillColor=array([0, 0, 0]), fillColorSpace='rgb', fillRGB=array([0, 0, 0]), interpolate=True, lineColor=array([0.0039, 0.0039, 0.0039]), lineColorSpace='rgb', lineRGB=array([0.0039, 0.0039, 0.0039]), lineWidth=1.5, name='polygon_6', opacity=0.0, ori=0.0, pos=array([0., 0.]), size=array([0.08, 0.03]), units='height', vertices=ndarray(...), win=Window(...))
12.4962 	EXP 	Created yes_txt = TextStim(__class__=<class 'psychopy.visual.text.TextStim'>, alignHoriz=method-wrapper(...), alignText='center', alignVert=method-wrapper(...), anchorHoriz='center', anchorVert='center', antialias=True, autoDraw=False, autoLog=True, bold=False, color=array([1., 1., 1.]), colorSpace='rgb', contrast=1.0, depth=-3.0, draggable=False, flipHoriz=False, flipVert=False, font='Sans Sherif', fontFiles=[], height=0.03, italic=False, languageStyle='LTR', name='yes_txt', opacity=1, ori=0.0, pos=array([0., 0.]), rgb=UNKNOWN, text='', units='height', win=Window(...), wrapWidth=1)
12.4971 	EXP 	Created no_txt = TextStim(__class__=<class 'psychopy.visual.text.TextStim'>, alignHoriz=method-wrapper(...), alignText='center', alignVert=method-wrapper(...), anchorHoriz='center', anchorVert='center', antialias=True, autoDraw=False, autoLog=True, bold=False, color=array([1., 1., 1.]), colorSpace='rgb', contrast=1.0, depth=-4.0, draggable=False, flipHoriz=False, flipVert=False, font='Sans Sherif', fontFiles=[], height=0.03, italic=False, languageStyle='LTR', name='no_txt', opacity=1, ori=0.0, pos=array([0., 0.]), rgb=UNKNOWN, text='', units='height', win=Window(...), wrapWidth=1)
12.5032 	EXP 	Created chooseNowText_2 = TextStim(__class__=<class 'psychopy.visual.text.TextStim'>, alignHoriz=method-wrapper(...), alignText='center', alignVert=method-wrapper(...), anchorHoriz='center', anchorVert='center', antialias=True, autoDraw=False, autoLog=True, bold=False, color=array([1., 1., 1.]), colorSpace='rgb', contrast=1.0, depth=-7.0, draggable=False, flipHoriz=False, flipVert=False, font='Sans Sherif', fontFiles=[], height=0.025, italic=False, languageStyle='LTR', name='chooseNowText_2', opacity=1.0, ori=0.0, pos=array([0.  , 0.15]), rgb=UNKNOWN, text='Bitte antworten Sie jetzt', units='height', win=Window(...), wrapWidth=1)
12.5050 	EXP 	Created tooSlowtext_4 = TextStim(__class__=<class 'psychopy.visual.text.TextStim'>, alignHoriz=method-wrapper(...), alignText='center', alignVert=method-wrapper(...), anchorHoriz='center', anchorVert='center', antialias=True, autoDraw=False, autoLog=True, bold=False, color=array([1., 1., 1.]), colorSpace='rgb', contrast=1.0, depth=-1.0, draggable=False, flipHoriz=False, flipVert=False, font='Sans Sherif', fontFiles=[], height=0.025, italic=False, languageStyle='LTR', name='tooSlowtext_4', opacity=1, ori=0.0, pos=array([0., 0.]), rgb=UNKNOWN, text='', units='height', win=Window(...), wrapWidth=1)
12.5109 	EXP 	Created chooseNowText_3 = TextStim(__class__=<class 'psychopy.visual.text.TextStim'>, alignHoriz=method-wrapper(...), alignText='center', alignVert=method-wrapper(...), anchorHoriz='center', anchorVert='center', antialias=True, autoDraw=False, autoLog=True, bold=False, color=array([1., 1., 1.]), colorSpace='rgb', contrast=1.0, depth=-3.0, draggable=False, flipHoriz=False, flipVert=False, font='Sans Sherif', fontFiles=[], height=0.025, italic=False, languageStyle='LTR', name='chooseNowText_3', opacity=1.0, ori=0.0, pos=array([0.  , 0.15]), rgb=UNKNOWN, text='Bitte antworten Sie jetzt', units='height', win=Window(...), wrapWidth=1)
12.5142 	EXP 	Created opt_2 = TextStim(__class__=<class 'psychopy.visual.text.TextStim'>, alignHoriz=method-wrapper(...), alignText='center', alignVert=method-wrapper(...), anchorHoriz='center', anchorVert='center', antialias=True, autoDraw=False, autoLog=True, bold=False, color=array([1., 1., 1.]), colorSpace='rgb', contrast=1.0, depth=-5.0, draggable=False, flipHoriz=False, flipVert=False, font='Sans Sherif', fontFiles=[], height=0.03, italic=False, languageStyle='LTR', name='opt_2', opacity=1, ori=0.0, pos=array([0.  , 0.05]), rgb=UNKNOWN, text='2', units='height', win=Window(...), wrapWidth=1)
12.5164 	EXP 	Created opt_3 = TextStim(__class__=<class 'psychopy.visual.text.TextStim'>, alignHoriz=method-wrapper(...), alignText='center', alignVert=method-wrapper(...), anchorHoriz='center', anchorVert='center', antialias=True, autoDraw=False, autoLog=True, bold=False, color=array([1., 1., 1.]), colorSpace='rgb', contrast=1.0, depth=-6.0, draggable=False, flipHoriz=False, flipVert=False, font='Sans Sherif', fontFiles=[], height=0.03, italic=False, languageStyle='LTR', name='opt_3', opacity=1, ori=0.0, pos=array([0.05, 0.  ]), rgb=UNKNOWN, text='3', units='height', win=Window(...), wrapWidth=1)
12.5186 	EXP 	Created opt_4 = TextStim(__class__=<class 'psychopy.visual.text.TextStim'>, alignHoriz=method-wrapper(...), alignText='center', alignVert=method-wrapper(...), anchorHoriz='center', anchorVert='center', antialias=True, autoDraw=False, autoLog=True, bold=False, color=array([1., 1., 1.]), colorSpace='rgb', contrast=1.0, depth=-7.0, draggable=False, flipHoriz=False, flipVert=False, font='Sans Sherif', fontFiles=[], height=0.03, italic=False, languageStyle='LTR', name='opt_4', opacity=1, ori=0.0, pos=array([ 0.  , -0.05]), rgb=UNKNOWN, text='4', units='height', win=Window(...), wrapWidth=1)
12.5208 	EXP 	Created opt_5 = TextStim(__class__=<class 'psychopy.visual.text.TextStim'>, alignHoriz=method-wrapper(...), alignText='center', alignVert=method-wrapper(...), anchorHoriz='center', anchorVert='center', antialias=True, autoDraw=False, autoLog=True, bold=False, color=array([1., 1., 1.]), colorSpace='rgb', contrast=1.0, depth=-8.0, draggable=False, flipHoriz=False, flipVert=False, font='Sans Sherif', fontFiles=[], height=0.03, italic=False, languageStyle='LTR', name='opt_5', opacity=1, ori=0.0, pos=array([-0.05,  0.  ]), rgb=UNKNOWN, text='5', units='height', win=Window(...), wrapWidth=1)
12.5219 	EXP 	Created tooSlowtext_2 = TextStim(__class__=<class 'psychopy.visual.text.TextStim'>, alignHoriz=method-wrapper(...), alignText='center', alignVert=method-wrapper(...), anchorHoriz='center', anchorVert='center', antialias=True, autoDraw=False, autoLog=True, bold=False, color=array([1., 1., 1.]), colorSpace='rgb', contrast=1.0, depth=-1.0, draggable=False, flipHoriz=False, flipVert=False, font='Sans Sherif', fontFiles=[], height=0.025, italic=False, languageStyle='LTR', name='tooSlowtext_2', opacity=1, ori=0.0, pos=array([0., 0.]), rgb=UNKNOWN, text='', units='height', win=Window(...), wrapWidth=1)
12.5228 	EXP 	Created break_instruction = TextStim(__class__=<class 'psychopy.visual.text.TextStim'>, alignHoriz=method-wrapper(...), alignText='center', alignVert=method-wrapper(...), anchorHoriz='center', anchorVert='center', antialias=True, autoDraw=False, autoLog=True, bold=False, color=array([1., 1., 1.]), colorSpace='rgb', contrast=1.0, depth=-2.0, draggable=False, flipHoriz=False, flipVert=False, font='Sans Sherif', fontFiles=[], height=0.025, italic=False, languageStyle='LTR', name='break_instruction', opacity=1, ori=0.0, pos=array([0., 0.]), rgb=UNKNOWN, text='', units='height', win=Window(...), wrapWidth=1)
12.5278 	EXP 	Created instruction_text_newroute = TextStim(__class__=<class 'psychopy.visual.text.TextStim'>, alignHoriz=method-wrapper(...), alignText='center', alignVert=method-wrapper(...), anchorHoriz='center', anchorVert='center', antialias=True, autoDraw=False, autoLog=True, bold=False, color=array([1., 1., 1.]), colorSpace='rgb', contrast=1.0, depth=-1.0, draggable=False, flipHoriz=False, flipVert=False, font='Sans Sherif', fontFiles=[], height=0.025, italic=False, languageStyle='LTR', name='instruction_text_newroute', opacity=1, ori=0.0, pos=array([0., 0.]), rgb=UNKNOWN, text='', units='height', win=Window(...), wrapWidth=1)
12.5289 	EXP 	Created instructions_end_text = TextStim(__class__=<class 'psychopy.visual.text.TextStim'>, alignHoriz=method-wrapper(...), alignText='center', alignVert=method-wrapper(...), anchorHoriz='center', anchorVert='center', antialias=True, autoDraw=False, autoLog=True, bold=False, color=array([1., 1., 1.]), colorSpace='rgb', contrast=1.0, depth=-1.0, draggable=False, flipHoriz=False, flipVert=False, font='Sans Sherif', fontFiles=[], height=0.025, italic=False, languageStyle='LTR', name='instructions_end_text', opacity=1, ori=0.0, pos=array([0., 0.]), rgb=UNKNOWN, text='', units='height', win=Window(...), wrapWidth=1)
0.0007 	DATA 	Mouse: Left button down, pos=(276,151)
0.0010 	DATA 	Mouse:  Left button up, pos=(276,151)
0.0062 	EXP 	break_instruction: height = 0.025
0.0062 	EXP 	break_instruction: height = 0.025
0.0062 	EXP 	break_instruction: height = 0.025
0.0062 	EXP 	break_instruction: text = 'Kurze Pause. Es geht gleich weiter.'
0.0400 	EXP 	instruction_part1: height = 0.025
0.0400 	EXP 	instruction_part1: height = 0.025
0.0400 	EXP 	instruction_part1: height = 0.025
0.0400 	EXP 	instruction_part1: text = 'Willkommen zu der Aufgabe.\n\nIn diesem Experiment lernen Sie verschiedene Bildsequenzen.\n\nDie Lernphasen wechseln sich mit Abrufphasen ab.\nIn den Abrufphasen beantworten Sie Fragen zu den zuvor\ngelernten Sequenzen.\n\nDrücken Sie eine beliebige Taste, um fortzufahren.'
0.0400 	EXP 	instruction_part1: autoDraw = True
1.2807 	EXP 	Device response: <KeyPress from None: t=1.2650034999242052, value=r, duration=None>
1.2812 	DATA 	Keypress: r
1.3592 	EXP 	Device response: <KeyPress from None: t=1.2650034999242052, value=r, duration=0.08564060006756335>
1.6915 	EXP 	Device response: <KeyPress from None: t=1.6759411999955773, value=r, duration=None>
1.6918 	DATA 	Keypress: r
1.7417 	EXP 	Device response: <KeyPress from None: t=1.6759411999955773, value=r, duration=0.0635115000186488>
2.1585 	EXP 	Device response: <KeyPress from None: t=2.1556893999222666, value=r, duration=None>
2.1588 	DATA 	Keypress: r
2.3418 	EXP 	Device response: <KeyPress from None: t=2.1556893999222666, value=r, duration=0.17784900008700788>
3.0226 	INFO 	Keyboard events cleared
3.4588 	EXP 	Device response: <KeyPress from None: t=3.4585618999553844, value=r, duration=None>
3.4689 	DATA 	Keypress: r
3.4726 	EXP 	instruction_part1: autoDraw = False
3.4726 	EXP 	instruction_part2: height = 0.025
3.4726 	EXP 	instruction_part2: height = 0.025
3.4726 	EXP 	instruction_part2: height = 0.025
3.4726 	EXP 	instruction_part2: text = 'Um sich die Reihenfolge besser zu merken, verbinden Sie die\nBilder gedanklich zu einer Geschichte.\n\nZum Beispiel: Der Hund spielt Gitarre, danach geht die Lampe an.\n\nZunächst üben Sie die Lernphasen.\n\nDrücken Sie eine beliebige Taste, um zu erfahren, wie diese ablaufen.'
3.4726 	EXP 	instruction_part2: autoDraw = True
3.6082 	EXP 	Device response: <KeyPress from None: t=3.4585618999553844, value=r, duration=0.14622310001868755>
6.1578 	DATA 	Mouse: Left button down, pos=(276,151)
6.3078 	DATA 	Mouse:  Left button up, pos=(276,151)
6.4716 	INFO 	Keyboard events cleared
6.7410 	EXP 	Device response: <KeyPress from None: t=6.736473400029354, value=r, duration=None>
6.7482 	DATA 	Keypress: r
6.7549 	EXP 	instruction_part2: autoDraw = False
6.7549 	EXP 	instruction_part3: height = 0.025
6.7549 	EXP 	instruction_part3: height = 0.025
6.7549 	EXP 	instruction_part3: height = 0.025
6.7549 	EXP 	instruction_part3: text = 'In jedem Lerndurchgang sehen Sie unten das aktuelle Bild\nder Sequenz. Oben werden drei Bilder angezeigt.\n\nWählen Sie das Bild aus, das als Nächstes in der Sequenz folgt.\n\nDrücken Sie eine beliebige Taste, um fortzufahren.'
6.7549 	EXP 	instruction_part3: autoDraw = True
6.9573 	EXP 	Device response: <KeyPress from None: t=6.736473400029354, value=r, duration=0.21983399998862296>
7.8752 	DATA 	Mouse: Left button down, pos=(276,151)
8.0409 	DATA 	Mouse:  Left button up, pos=(276,151)
8.8400 	EXP 	Device response: <KeyPress from None: t=8.825637999922037, value=r, duration=None>
8.8404 	DATA 	Keypress: r
9.0397 	EXP 	Device response: <KeyPress from None: t=8.825637999922037, value=r, duration=0.20633340009953827>
9.3895 	EXP 	Device response: <KeyPress from None: t=9.375481499941088, value=r, duration=None>
9.3900 	DATA 	Keypress: r
9.4894 	EXP 	Device response: <KeyPress from None: t=9.375481499941088, value=r, duration=0.10982840007636696>
9.6731 	EXP 	Device response: <KeyPress from None: t=9.668657599948347, value=r, duration=None>
9.6734 	DATA 	Keypress: r
9.7395 	EXP 	Device response: <KeyPress from None: t=9.668657599948347, value=r, duration=0.06543610000517219>
9.7541 	INFO 	Keyboard events cleared
10.2901 	DATA 	Mouse: Left button down, pos=(366,216)
10.4393 	DATA 	Mouse:  Left button up, pos=(366,216)
10.5729 	EXP 	Device response: <KeyPress from None: t=10.562913300003856, value=r, duration=None>
10.5828 	DATA 	Keypress: r
10.5871 	EXP 	instruction_part3: autoDraw = False
10.5871 	EXP 	instruction_part4: height = 0.025
10.5871 	EXP 	instruction_part4: height = 0.025
10.5871 	EXP 	instruction_part4: height = 0.025
10.5871 	EXP 	instruction_part4: text = 'Verwenden Sie die linke grüne, die rechte blaue\nund die obere rote Taste, um das linke, rechte oder mittlere\nBild auszuwählen.\n\nDie Position der Bilder auf dem Bildschirm\nhat keine Bedeutung für die Reihenfolge der Sequenz.\nJedes Bild kann an jeder Position erscheinen.\n\nDrücken Sie eine beliebige Taste, um fortzufahren.'
10.5871 	EXP 	instruction_part4: autoDraw = True
10.6726 	EXP 	Device response: <KeyPress from None: t=10.562913300003856, value=r, duration=0.09961799997836351>
10.8892 	EXP 	Device response: <KeyPress from None: t=10.88538150000386, value=r, duration=None>
10.8896 	DATA 	Keypress: r
10.9388 	EXP 	Device response: <KeyPress from None: t=10.88538150000386, value=r, duration=0.04712220001965761>
11.1387 	EXP 	Device response: <KeyPress from None: t=11.129360600025393, value=r, duration=None>
11.1391 	DATA 	Keypress: r
11.1886 	EXP 	Device response: <KeyPress from None: t=11.129360600025393, value=r, duration=0.05348999996203929>
11.4722 	DATA 	Mouse: Left button down, pos=(366,216)
11.6231 	DATA 	Mouse:  Left button up, pos=(366,216)
12.6052 	EXP 	Device response: <KeyPress from None: t=12.591238599969074, value=r, duration=None>
12.6056 	DATA 	Keypress: r
12.6384 	EXP 	Device response: <KeyPress from None: t=12.591238599969074, value=r, duration=0.04339010000694543>
12.8890 	EXP 	Device response: <KeyPress from None: t=12.873331299982965, value=r, duration=None>
12.8894 	DATA 	Keypress: r
12.9226 	EXP 	Device response: <KeyPress from None: t=12.873331299982965, value=r, duration=0.04332649998832494>
13.1052 	EXP 	Device response: <KeyPress from None: t=13.100005200016312, value=r, duration=None>
13.1056 	DATA 	Keypress: r
13.1719 	EXP 	Device response: <KeyPress from None: t=13.100005200016312, value=r, duration=0.07047469995450228>
13.5216 	EXP 	Device response: <KeyPress from None: t=13.506788300001062, value=r, duration=None>
13.5221 	DATA 	Keypress: r
13.5721 	EXP 	Device response: <KeyPress from None: t=13.506788300001062, value=r, duration=0.061621899949386716>
13.5863 	INFO 	Keyboard events cleared
13.7382 	EXP 	Device response: <KeyPress from None: t=13.736501700012013, value=r, duration=None>
13.7437 	DATA 	Keypress: r
13.7528 	EXP 	instruction_part4: autoDraw = False
13.7528 	EXP 	instruction_part5: height = 0.025
13.7528 	EXP 	instruction_part5: height = 0.025
13.7528 	EXP 	instruction_part5: height = 0.025
13.7528 	EXP 	instruction_part5: text = 'Nach Ihrer Auswahl erhalten Sie Feedback:\nDas richtige nächste Bild bewegt sich nach unten\nund wird zum aktuellen Bild für den nächsten Lerndurchgang.\n\nDrücken Sie eine beliebige Taste, um fortzufahren.'
13.7528 	EXP 	instruction_part5: autoDraw = True
13.8225 	EXP 	Device response: <KeyPress from None: t=13.736501700012013, value=r, duration=0.08211740001570433>
14.6383 	DATA 	Mouse: Left button down, pos=(366,216)
14.8386 	DATA 	Mouse:  Left button up, pos=(366,216)
15.4719 	EXP 	Device response: <KeyPress from None: t=15.467991999932565, value=r, duration=None>
15.4722 	DATA 	Keypress: r
15.5545 	EXP 	Device response: <KeyPress from None: t=15.467991999932565, value=r, duration=0.07122779998462647>
15.7038 	EXP 	Device response: <KeyPress from None: t=15.702504199929535, value=r, duration=None>
15.7041 	DATA 	Keypress: r
15.7540 	EXP 	Device response: <KeyPress from None: t=15.702504199929535, value=r, duration=0.04511410009581596>
15.9039 	EXP 	Device response: <KeyPress from None: t=15.90183089999482, value=r, duration=None>
15.9043 	DATA 	Keypress: r
15.9703 	EXP 	Device response: <KeyPress from None: t=15.90183089999482, value=r, duration=0.06331200001295656>
16.1040 	EXP 	Device response: <KeyPress from None: t=16.09517520002555, value=r, duration=None>
16.1046 	DATA 	Keypress: r
16.2039 	EXP 	Device response: <KeyPress from None: t=16.09517520002555, value=r, duration=0.09254559990949929>
16.3211 	EXP 	Device response: <KeyPress from None: t=16.317092699930072, value=r, duration=None>
16.3215 	DATA 	Keypress: r
16.4208 	EXP 	Device response: <KeyPress from None: t=16.317092699930072, value=r, duration=0.09519140003249049>
16.6376 	EXP 	Device response: <KeyPress from None: t=16.628926199977286, value=r, duration=None>
16.6380 	DATA 	Keypress: r
16.7045 	EXP 	Device response: <KeyPress from None: t=16.628926199977286, value=r, duration=0.06346520001534373>
16.7518 	INFO 	Keyboard events cleared
16.8709 	EXP 	Device response: <KeyPress from None: t=16.85854779998772, value=r, duration=None>
16.8793 	DATA 	Keypress: r
16.8852 	EXP 	instruction_part5: autoDraw = False
16.8852 	EXP 	instruction_part6: height = 0.025
16.8852 	EXP 	instruction_part6: height = 0.025
16.8852 	EXP 	instruction_part6: height = 0.025
16.8852 	EXP 	instruction_part6: text = 'Wichtig: Auch bei einer falschen Antwort bewegt\nsich immer das richtige nächste Bild nach unten.\n\nSo lernen Sie die Sequenz schrittweise durch Versuch\nund Irrtum. Antworten Sie bitte so schnell und genau wie möglich.\n\nDrücken Sie eine beliebige Taste, um fortzufahren'
16.8852 	EXP 	instruction_part6: autoDraw = True
16.9205 	EXP 	Device response: <KeyPress from None: t=16.85854779998772, value=r, duration=0.05129720002878457>
17.1034 	EXP 	Device response: <KeyPress from None: t=17.09115979995113, value=r, duration=None>
17.1040 	DATA 	Keypress: r
17.1539 	EXP 	Device response: <KeyPress from None: t=17.09115979995113, value=r, duration=0.059964500018395483>
17.3370 	EXP 	Device response: <KeyPress from None: t=17.331148299970664, value=r, duration=None>
17.3373 	DATA 	Keypress: r
17.3881 	EXP 	Device response: <KeyPress from None: t=17.331148299970664, value=r, duration=0.051572500029578805>
17.7204 	DATA 	Mouse: Left button down, pos=(366,216)
17.8546 	DATA 	Mouse:  Left button up, pos=(366,216)
18.6374 	DATA 	Keypress: r
18.6536 	EXP 	Device response: <KeyPress from None: t=18.63713629997801, value=r, duration=None>
18.7038 	EXP 	Device response: <KeyPress from None: t=18.63713629997801, value=r, duration=0.06152520002797246>
18.8867 	EXP 	Device response: <KeyPress from None: t=18.882964799995534, value=r, duration=None>
18.8871 	DATA 	Keypress: r
18.9360 	EXP 	Device response: <KeyPress from None: t=18.882964799995534, value=r, duration=0.04111839993856847>
19.1038 	EXP 	Device response: <KeyPress from None: t=19.090340900002047, value=r, duration=None>
19.1044 	DATA 	Keypress: r
19.1531 	EXP 	Device response: <KeyPress from None: t=19.090340900002047, value=r, duration=0.05560029996559024>
19.3197 	EXP 	Device response: <KeyPress from None: t=19.316104999976233, value=r, duration=None>
19.3200 	DATA 	Keypress: r
19.3870 	EXP 	Device response: <KeyPress from None: t=19.316104999976233, value=r, duration=0.05921840004157275>
19.5363 	EXP 	Device response: <KeyPress from None: t=19.535512599977665, value=r, duration=None>
19.5367 	DATA 	Keypress: r
19.6029 	EXP 	Device response: <KeyPress from None: t=19.535512599977665, value=r, duration=0.057350700022652745>
19.7528 	EXP 	Device response: <KeyPress from None: t=19.752025999943726, value=r, duration=None>
19.7532 	DATA 	Keypress: r
19.8199 	EXP 	Device response: <KeyPress from None: t=19.752025999943726, value=r, duration=0.051298300037160516>
19.8847 	INFO 	Keyboard events cleared
20.2368 	EXP 	Device response: <KeyPress from None: t=20.227465600008145, value=r, duration=None>
20.2438 	DATA 	Keypress: r
20.2509 	EXP 	instruction_part6: autoDraw = False
20.2509 	EXP 	instructions_part16: height = 0.025
20.2509 	EXP 	instructions_part16: height = 0.025
20.2509 	EXP 	instructions_part16: height = 0.025
20.2509 	EXP 	instructions_part16: text = 'Nach jedem Lerndurchlauf erscheint für kurze Zeit\nein Fixationskreuz.\n\nDiese Wartezeit ist keine Pause.\nBitte bleiben Sie weiterhin ruhig sitzen und schauen\nSie auf das Fixationskreuz.\n\nDrücken Sie eine beliebige Taste, um das Lernen zu üben.'
20.2509 	EXP 	instructions_part16: autoDraw = True
20.2862 	EXP 	Device response: <KeyPress from None: t=20.227465600008145, value=r, duration=0.04927839990705252>
20.4362 	EXP 	Device response: <KeyPress from None: t=20.42881579999812, value=r, duration=None>
20.4365 	DATA 	Keypress: r
20.4857 	EXP 	Device response: <KeyPress from None: t=20.42881579999812, value=r, duration=0.05157419992610812>
20.6531 	EXP 	Device response: <KeyPress from None: t=20.637304899981245, value=r, duration=None>
20.6535 	DATA 	Keypress: r
20.7192 	EXP 	Device response: <KeyPress from None: t=20.637304899981245, value=r, duration=0.07146490004379302>
21.0373 	DATA 	Mouse: Left button down, pos=(366,216)
21.2031 	DATA 	Mouse:  Left button up, pos=(366,216)
21.2508 	INFO 	Keyboard events cleared
22.0521 	EXP 	Device response: <KeyPress from None: t=22.04224450001493, value=r, duration=None>
22.0579 	DEBUG 	Read excel file with openpyxl: sequences/main_trials_prc.xlsx
22.0588 	EXP 	Imported sequences/main_trials_prc.xlsx as conditions, 6 conditions, 8 params
22.0590 	EXP 	New trial (rep=0, index=0): <Trial 0 (0 in rep 0) data={'promptFile': 'stimuli/practice_images/anchor.jpg', 'correctFile': 'stimuli/practice_images/cow.jpg', 'dist_01File': 'stimuli/practice_images/bread.jpg', 'dist_02File': 'stimuli/practice_images/plane.jpg', 'correct_pos': 'right', 'dist01_pos': 'left', 'dist02_pos': 'center', 'correct_ans': 'right', 'thisN': 0, 'thisTrialN': 0, 'thisRepN': 0}>
22.0591 	INFO 	Keyboard events cleared
22.1659 	INFO 	Keyboard events cleared
22.1687 	DATA 	Keypress: r
22.2299 	EXP 	instructions_part16: autoDraw = False
22.2299 	EXP 	prompt_prc: image = 'stimuli/practice_images/anchor.jpg'
22.2299 	EXP 	dist_01_prc: image = 'stimuli/practice_images/bread.jpg'
22.2299 	EXP 	dist_02_prc: image = 'stimuli/practice_images/plane.jpg'
22.2299 	EXP 	correct_prc: image = 'stimuli/practice_images/cow.jpg'
22.2299 	EXP 	instructions_choose_2: height = 0.025
22.2299 	EXP 	instructions_choose_2: height = 0.025
22.2299 	EXP 	instructions_choose_2: height = 0.025
22.2299 	EXP 	instructions_choose_2: text = 'Wählen Sie das nächste Bild in der Sequenz.'
22.2299 	EXP 	polygon: autoDraw = True
22.2299 	EXP 	polygon: borderColor = <psychopy.colors.Color: none, alpha=0.0>
22.2299 	EXP 	prompt_prc: autoDraw = True
22.2299 	EXP 	dist_01_prc: autoDraw = True
22.2299 	EXP 	dist_02_prc: autoDraw = True
22.2299 	EXP 	correct_prc: autoDraw = True
22.2299 	EXP 	instructions_choose_2: autoDraw = True
22.2503 	EXP 	polygon: borderColor = <psychopy.colors.Color: none, alpha=0.0>
22.2671 	EXP 	polygon: borderColor = <psychopy.colors.Color: none, alpha=0.0>
22.2694 	EXP 	Device response: <KeyPress from None: t=22.259817800018936, value=r, duration=None>
22.2709 	DATA 	Keypress: r
22.2839 	EXP 	polygon: borderColor = <psychopy.colors.Color: none, alpha=0.0>
22.2839 	EXP 	polygon: fillColor = <psychopy.colors.Color: red, alpha=1.0>
22.2839 	EXP 	polygon: borderColor = <psychopy.colors.Color: red, alpha=1.0>
22.3005 	EXP 	polygon: borderColor = <psychopy.colors.Color: (0.0, 0.0, 0.0, 1.0)>
22.3171 	EXP 	polygon: borderColor = <psychopy.colors.Color: (0.0, 0.0, 0.0, 1.0)>
22.3195 	EXP 	Device response: <KeyPress from None: t=22.04224450001493, value=r, duration=0.2689513999503106>
22.3338 	EXP 	polygon: borderColor = <psychopy.colors.Color: (0.0, 0.0, 0.0, 1.0)>
22.3502 	EXP 	polygon: borderColor = <psychopy.colors.Color: (0.0, 0.0, 0.0, 1.0)>
22.3670 	EXP 	polygon: borderColor = <psychopy.colors.Color: (0.0, 0.0, 0.0, 1.0)>
22.3834 	EXP 	polygon: borderColor = <psychopy.colors.Color: (0.0, 0.0, 0.0, 1.0)>
22.4920 	EXP 	Device response: <KeyPress from None: t=22.449492699932307, value=r, duration=None>
22.4938 	DATA 	Keypress: r
22.5431 	EXP 	polygon: borderColor = <psychopy.colors.Color: (0.0, 0.0, 0.0, 1.0)>
22.5431 	EXP 	polygon: autoDraw = False
22.5431 	EXP 	prompt_prc: autoDraw = False
22.5431 	EXP 	dist_01_prc: autoDraw = False
22.5431 	EXP 	dist_02_prc: autoDraw = False
22.5431 	EXP 	correct_prc: autoDraw = False
22.5431 	EXP 	instructions_choose_2: autoDraw = False
22.5431 	EXP 	polygon_7: fillColor = <psychopy.colors.Color: red, alpha=1.0>
22.5431 	EXP 	polygon_7: borderColor = <psychopy.colors.Color: red, alpha=1.0>
22.5431 	EXP 	prompt_prc_2: image = 'stimuli/practice_images/anchor.jpg'
22.5431 	EXP 	dist_01_prc_2: image = 'stimuli/practice_images/bread.jpg'
22.5431 	EXP 	dist_02_prc_2: image = 'stimuli/practice_images/plane.jpg'
22.5431 	EXP 	correct_prc_2: image = 'stimuli/practice_images/cow.jpg'
22.5431 	EXP 	polygon_7: autoDraw = True
22.5431 	EXP 	prompt_prc_2: autoDraw = True
22.5431 	EXP 	dist_01_prc_2: autoDraw = True
22.5431 	EXP 	dist_02_prc_2: autoDraw = True
22.5431 	EXP 	correct_prc_2: autoDraw = True
22.5454 	EXP 	Device response: <KeyPress from None: t=22.259817800018936, value=r, duration=0.2668283999664709>
23.5188 	EXP 	New trial (rep=0, index=1): <Trial 1 (1 in rep 0) data={'promptFile': 'stimuli/practice_images/cow.jpg', 'correctFile': 'stimuli/practice_images/ant.jpg', 'dist_01File': 'stimuli/practice_images/banana.jpg', 'dist_02File': 'stimuli/practice_images/glasses.jpg', 'correct_pos': 'left', 'dist01_pos': 'right', 'dist02_pos': 'center', 'correct_ans': 'left', 'thisN': 1, 'thisTrialN': 1, 'thisRepN': 0}>
23.5189 	INFO 	Keyboard events cleared
23.6172 	INFO 	Keyboard events cleared
23.6443 	EXP 	polygon_7: autoDraw = False
23.6443 	EXP 	prompt_prc_2: autoDraw = False
23.6443 	EXP 	dist_01_prc_2: autoDraw = False
23.6443 	EXP 	dist_02_prc_2: autoDraw = False
23.6443 	EXP 	correct_prc_2: autoDraw = False
23.6443 	EXP 	prompt_prc: image = 'stimuli/practice_images/cow.jpg'
23.6443 	EXP 	dist_01_prc: image = 'stimuli/practice_images/banana.jpg'
23.6443 	EXP 	dist_02_prc: image = 'stimuli/practice_images/glasses.jpg'
23.6443 	EXP 	correct_prc: image = 'stimuli/practice_images/ant.jpg'
23.6443 	EXP 	instructions_choose_2: text = 'Wählen Sie das nächste Bild in der Sequenz.'
23.6443 	EXP 	polygon: autoDraw = True
23.6443 	EXP 	polygon: borderColor = <psychopy.colors.Color: none, alpha=0.0>
23.6443 	EXP 	prompt_prc: autoDraw = True
23.6443 	EXP 	dist_01_prc: autoDraw = True
23.6443 	EXP 	dist_02_prc: autoDraw = True
23.6443 	EXP 	correct_prc: autoDraw = True
23.6443 	EXP 	instructions_choose_2: autoDraw = True
23.6664 	EXP 	polygon: borderColor = <psychopy.colors.Color: none, alpha=0.0>
23.6835 	EXP 	polygon: borderColor = <psychopy.colors.Color: none, alpha=0.0>
23.7002 	EXP 	polygon: borderColor = <psychopy.colors.Color: none, alpha=0.0>
23.7168 	EXP 	polygon: borderColor = <psychopy.colors.Color: none, alpha=0.0>
23.7338 	EXP 	polygon: borderColor = <psychopy.colors.Color: none, alpha=0.0>
23.7503 	EXP 	polygon: borderColor = <psychopy.colors.Color: none, alpha=0.0>
23.7668 	EXP 	polygon: borderColor = <psychopy.colors.Color: none, alpha=0.0>
23.7837 	EXP 	polygon: borderColor = <psychopy.colors.Color: none, alpha=0.0>
23.8002 	EXP 	polygon: borderColor = <psychopy.colors.Color: none, alpha=0.0>
23.8168 	EXP 	polygon: borderColor = <psychopy.colors.Color: none, alpha=0.0>
23.8334 	EXP 	polygon: borderColor = <psychopy.colors.Color: none, alpha=0.0>
23.8498 	EXP 	polygon: borderColor = <psychopy.colors.Color: none, alpha=0.0>
23.8668 	EXP 	polygon: borderColor = <psychopy.colors.Color: none, alpha=0.0>
23.8692 	EXP 	Device response: <KeyPress from None: t=23.861364000011235, value=b, duration=None>
23.8707 	DATA 	Keypress: b
23.8832 	EXP 	polygon: borderColor = <psychopy.colors.Color: none, alpha=0.0>
23.8832 	EXP 	polygon: fillColor = <psychopy.colors.Color: red, alpha=1.0>
23.8832 	EXP 	polygon: borderColor = <psychopy.colors.Color: red, alpha=1.0>
23.8999 	EXP 	polygon: borderColor = <psychopy.colors.Color: (0.0, 0.0, 0.0, 1.0)>
23.9164 	EXP 	polygon: borderColor = <psychopy.colors.Color: (0.0, 0.0, 0.0, 1.0)>
23.9330 	EXP 	polygon: borderColor = <psychopy.colors.Color: (0.0, 0.0, 0.0, 1.0)>
23.9498 	EXP 	polygon: borderColor = <psychopy.colors.Color: (0.0, 0.0, 0.0, 1.0)>
23.9670 	EXP 	polygon: borderColor = <psychopy.colors.Color: (0.0, 0.0, 0.0, 1.0)>
23.9833 	EXP 	polygon: borderColor = <psychopy.colors.Color: (0.0, 0.0, 0.0, 1.0)>
24.0849 	EXP 	Device response: <KeyPress from None: t=23.861364000011235, value=b, duration=0.1714690999360755>
24.1113 	EXP 	polygon: borderColor = <psychopy.colors.Color: (0.0, 0.0, 0.0, 1.0)>
24.1113 	EXP 	polygon: autoDraw = False
24.1113 	EXP 	prompt_prc: autoDraw = False
24.1113 	EXP 	dist_01_prc: autoDraw = False
24.1113 	EXP 	dist_02_prc: autoDraw = False
24.1113 	EXP 	correct_prc: autoDraw = False
24.1113 	EXP 	instructions_choose_2: autoDraw = False
24.1113 	EXP 	polygon_7: fillColor = <psychopy.colors.Color: red, alpha=1.0>
24.1113 	EXP 	polygon_7: borderColor = <psychopy.colors.Color: red, alpha=1.0>
24.1113 	EXP 	prompt_prc_2: image = 'stimuli/practice_images/cow.jpg'
24.1113 	EXP 	dist_01_prc_2: image = 'stimuli/practice_images/banana.jpg'
24.1113 	EXP 	dist_02_prc_2: image = 'stimuli/practice_images/glasses.jpg'
24.1113 	EXP 	correct_prc_2: image = 'stimuli/practice_images/ant.jpg'
24.1113 	EXP 	polygon_7: autoDraw = True
24.1113 	EXP 	prompt_prc_2: autoDraw = True
24.1113 	EXP 	dist_01_prc_2: autoDraw = True
24.1113 	EXP 	dist_02_prc_2: autoDraw = True
24.1113 	EXP 	correct_prc_2: autoDraw = True
25.1021 	EXP 	New trial (rep=0, index=2): <Trial 2 (2 in rep 0) data={'promptFile': 'stimuli/practice_images/ant.jpg', 'correctFile': 'stimuli/practice_images/basket.jpg', 'dist_01File': 'stimuli/practice_images/axe.jpg', 'dist_02File': 'stimuli/practice_images/duck.jpg', 'correct_pos': 'center', 'dist01_pos': 'left', 'dist02_pos': 'right', 'correct_ans': 'up', 'thisN': 2, 'thisTrialN': 2, 'thisRepN': 0}>
25.1021 	INFO 	Keyboard events cleared
25.2027 	INFO 	Keyboard events cleared
25.2273 	EXP 	polygon_7: autoDraw = False
25.2273 	EXP 	prompt_prc_2: autoDraw = False
25.2273 	EXP 	dist_01_prc_2: autoDraw = False
25.2273 	EXP 	dist_02_prc_2: autoDraw = False
25.2273 	EXP 	correct_prc_2: autoDraw = False
25.2273 	EXP 	prompt_prc: image = 'stimuli/practice_images/ant.jpg'
25.2273 	EXP 	dist_01_prc: image = 'stimuli/practice_images/axe.jpg'
25.2273 	EXP 	dist_02_prc: image = 'stimuli/practice_images/duck.jpg'
25.2273 	EXP 	correct_prc: image = 'stimuli/practice_images/basket.jpg'
25.2273 	EXP 	instructions_choose_2: text = 'Wählen Sie das nächste Bild in der Sequenz.'
25.2273 	EXP 	polygon: autoDraw = True
25.2273 	EXP 	polygon: borderColor = <psychopy.colors.Color: none, alpha=0.0>
25.2273 	EXP 	prompt_prc: autoDraw = True
25.2273 	EXP 	dist_01_prc: autoDraw = True
25.2273 	EXP 	dist_02_prc: autoDraw = True
25.2273 	EXP 	correct_prc: autoDraw = True
25.2273 	EXP 	instructions_choose_2: autoDraw = True
25.2491 	EXP 	polygon: borderColor = <psychopy.colors.Color: none, alpha=0.0>
25.2658 	EXP 	polygon: borderColor = <psychopy.colors.Color: none, alpha=0.0>
25.2826 	EXP 	polygon: borderColor = <psychopy.colors.Color: none, alpha=0.0>
25.2847 	EXP 	Device response: <KeyPress from None: t=25.271312099997886, value=r, duration=None>
25.2861 	DATA 	Keypress: r
25.2994 	EXP 	polygon: borderColor = <psychopy.colors.Color: none, alpha=0.0>
25.2994 	EXP 	polygon: fillColor = <psychopy.colors.Color: (0.0, 1.0, 0.0, 1.0)>
25.2994 	EXP 	polygon: borderColor = <psychopy.colors.Color: (0.0, 1.0, 0.0, 1.0)>
25.3158 	EXP 	polygon: borderColor = <psychopy.colors.Color: (0.0, 0.0, 0.0, 1.0)>
25.3331 	EXP 	polygon: borderColor = <psychopy.colors.Color: (0.0, 0.0, 0.0, 1.0)>
25.3498 	EXP 	polygon: borderColor = <psychopy.colors.Color: (0.0, 0.0, 0.0, 1.0)>
25.3661 	EXP 	polygon: borderColor = <psychopy.colors.Color: (0.0, 0.0, 0.0, 1.0)>
25.3829 	EXP 	polygon: borderColor = <psychopy.colors.Color: (0.0, 0.0, 0.0, 1.0)>
25.3999 	EXP 	polygon: borderColor = <psychopy.colors.Color: (0.0, 0.0, 0.0, 1.0)>
25.5032 	EXP 	Device response: <KeyPress from None: t=22.449492699932307, value=r, duration=3.0103084000293165>
25.5271 	EXP 	polygon: borderColor = <psychopy.colors.Color: (0.0, 0.0, 0.0, 1.0)>
25.5271 	EXP 	polygon: autoDraw = False
25.5271 	EXP 	prompt_prc: autoDraw = False
25.5271 	EXP 	dist_01_prc: autoDraw = False
25.5271 	EXP 	dist_02_prc: autoDraw = False
25.5271 	EXP 	correct_prc: autoDraw = False
25.5271 	EXP 	instructions_choose_2: autoDraw = False
25.5271 	EXP 	polygon_7: fillColor = <psychopy.colors.Color: (0.0, 1.0, 0.0, 1.0)>
25.5271 	EXP 	polygon_7: borderColor = <psychopy.colors.Color: (0.0, 1.0, 0.0, 1.0)>
25.5271 	EXP 	prompt_prc_2: image = 'stimuli/practice_images/ant.jpg'
25.5271 	EXP 	dist_01_prc_2: image = 'stimuli/practice_images/axe.jpg'
25.5271 	EXP 	dist_02_prc_2: image = 'stimuli/practice_images/duck.jpg'
25.5271 	EXP 	correct_prc_2: image = 'stimuli/practice_images/basket.jpg'
25.5271 	EXP 	polygon_7: autoDraw = True
25.5271 	EXP 	prompt_prc_2: autoDraw = True
25.5271 	EXP 	dist_01_prc_2: autoDraw = True
25.5271 	EXP 	dist_02_prc_2: autoDraw = True
25.5271 	EXP 	correct_prc_2: autoDraw = True
26.5189 	EXP 	New trial (rep=0, index=3): <Trial 3 (3 in rep 0) data={'promptFile': 'stimuli/practice_images/basket.jpg', 'correctFile': 'stimuli/practice_images/bed.jpg', 'dist_01File': 'stimuli/practice_images/belt.jpg', 'dist_02File': 'stimuli/practice_images/bread.jpg', 'correct_pos': 'center', 'dist01_pos': 'right', 'dist02_pos': 'left', 'correct_ans': 'up', 'thisN': 3, 'thisTrialN': 3, 'thisRepN': 0}>
26.5189 	INFO 	Keyboard events cleared
26.6358 	INFO 	Keyboard events cleared
26.6602 	EXP 	polygon_7: autoDraw = False
26.6602 	EXP 	prompt_prc_2: autoDraw = False
26.6602 	EXP 	dist_01_prc_2: autoDraw = False
26.6602 	EXP 	dist_02_prc_2: autoDraw = False
26.6602 	EXP 	correct_prc_2: autoDraw = False
26.6602 	EXP 	prompt_prc: image = 'stimuli/practice_images/basket.jpg'
26.6602 	EXP 	dist_01_prc: image = 'stimuli/practice_images/belt.jpg'
26.6602 	EXP 	dist_02_prc: image = 'stimuli/practice_images/bread.jpg'
26.6602 	EXP 	correct_prc: image = 'stimuli/practice_images/bed.jpg'
26.6602 	EXP 	instructions_choose_2: text = 'Wählen Sie das nächste Bild in der Sequenz.'
26.6602 	EXP 	polygon: autoDraw = True
26.6602 	EXP 	polygon: borderColor = <psychopy.colors.Color: none, alpha=0.0>
26.6602 	EXP 	prompt_prc: autoDraw = True
26.6602 	EXP 	dist_01_prc: autoDraw = True
26.6602 	EXP 	dist_02_prc: autoDraw = True
26.6602 	EXP 	correct_prc: autoDraw = True
26.6602 	EXP 	instructions_choose_2: autoDraw = True
26.6826 	EXP 	polygon: borderColor = <psychopy.colors.Color: none, alpha=0.0>
26.6994 	EXP 	polygon: borderColor = <psychopy.colors.Color: none, alpha=0.0>
26.7158 	EXP 	polygon: borderColor = <psychopy.colors.Color: none, alpha=0.0>
26.7324 	EXP 	polygon: borderColor = <psychopy.colors.Color: none, alpha=0.0>
26.7488 	EXP 	polygon: borderColor = <psychopy.colors.Color: none, alpha=0.0>
26.7655 	EXP 	polygon: borderColor = <psychopy.colors.Color: none, alpha=0.0>
26.7678 	EXP 	Device response: <KeyPress from None: t=26.75463470001705, value=g, duration=None>
26.7692 	DATA 	Keypress: g
26.7826 	EXP 	polygon: borderColor = <psychopy.colors.Color: none, alpha=0.0>
26.7826 	EXP 	polygon: fillColor = <psychopy.colors.Color: red, alpha=1.0>
26.7826 	EXP 	polygon: borderColor = <psychopy.colors.Color: red, alpha=1.0>
26.7989 	EXP 	polygon: borderColor = <psychopy.colors.Color: (0.0, 0.0, 0.0, 1.0)>
26.8155 	EXP 	polygon: borderColor = <psychopy.colors.Color: (0.0, 0.0, 0.0, 1.0)>
26.8320 	EXP 	polygon: borderColor = <psychopy.colors.Color: (0.0, 0.0, 0.0, 1.0)>
26.8491 	EXP 	polygon: borderColor = <psychopy.colors.Color: (0.0, 0.0, 0.0, 1.0)>
26.8659 	EXP 	polygon: borderColor = <psychopy.colors.Color: (0.0, 0.0, 0.0, 1.0)>
26.9831 	EXP 	Device response: <KeyPress from None: t=26.75463470001705, value=g, duration=0.21478679997380823>
27.0102 	EXP 	polygon: borderColor = <psychopy.colors.Color: (0.0, 0.0, 0.0, 1.0)>
27.0102 	EXP 	polygon: autoDraw = False
27.0102 	EXP 	prompt_prc: autoDraw = False
27.0102 	EXP 	dist_01_prc: autoDraw = False
27.0102 	EXP 	dist_02_prc: autoDraw = False
27.0102 	EXP 	correct_prc: autoDraw = False
27.0102 	EXP 	instructions_choose_2: autoDraw = False
27.0102 	EXP 	polygon_7: fillColor = <psychopy.colors.Color: red, alpha=1.0>
27.0102 	EXP 	polygon_7: borderColor = <psychopy.colors.Color: red, alpha=1.0>
27.0102 	EXP 	prompt_prc_2: image = 'stimuli/practice_images/basket.jpg'
27.0102 	EXP 	dist_01_prc_2: image = 'stimuli/practice_images/belt.jpg'
27.0102 	EXP 	dist_02_prc_2: image = 'stimuli/practice_images/bread.jpg'
27.0102 	EXP 	correct_prc_2: image = 'stimuli/practice_images/bed.jpg'
27.0102 	EXP 	polygon_7: autoDraw = True
27.0102 	EXP 	prompt_prc_2: autoDraw = True
27.0102 	EXP 	dist_01_prc_2: autoDraw = True
27.0102 	EXP 	dist_02_prc_2: autoDraw = True
27.0102 	EXP 	correct_prc_2: autoDraw = True
28.0016 	EXP 	New trial (rep=0, index=4): <Trial 4 (4 in rep 0) data={'promptFile': 'stimuli/practice_images/bed.jpg', 'correctFile': 'stimuli/practice_images/belt.jpg', 'dist_01File': 'stimuli/practice_images/anchor.jpg', 'dist_02File': 'stimuli/practice_images/desk.jpg', 'correct_pos': 'left', 'dist01_pos': 'center', 'dist02_pos': 'right', 'correct_ans': 'left', 'thisN': 4, 'thisTrialN': 4, 'thisRepN': 0}>
28.0016 	INFO 	Keyboard events cleared
28.1136 	INFO 	Keyboard events cleared
28.1432 	EXP 	polygon_7: autoDraw = False
28.1432 	EXP 	prompt_prc_2: autoDraw = False
28.1432 	EXP 	dist_01_prc_2: autoDraw = False
28.1432 	EXP 	dist_02_prc_2: autoDraw = False
28.1432 	EXP 	correct_prc_2: autoDraw = False
28.1432 	EXP 	prompt_prc: image = 'stimuli/practice_images/bed.jpg'
28.1432 	EXP 	dist_01_prc: image = 'stimuli/practice_images/anchor.jpg'
28.1432 	EXP 	dist_02_prc: image = 'stimuli/practice_images/desk.jpg'
28.1432 	EXP 	correct_prc: image = 'stimuli/practice_images/belt.jpg'
28.1432 	EXP 	instructions_choose_2: text = 'Wählen Sie das nächste Bild in der Sequenz.'
28.1432 	EXP 	polygon: autoDraw = True
28.1432 	EXP 	polygon: borderColor = <psychopy.colors.Color: none, alpha=0.0>
28.1432 	EXP 	prompt_prc: autoDraw = True
28.1432 	EXP 	dist_01_prc: autoDraw = True
28.1432 	EXP 	dist_02_prc: autoDraw = True
28.1432 	EXP 	correct_prc: autoDraw = True
28.1432 	EXP 	instructions_choose_2: autoDraw = True
28.1651 	EXP 	polygon: borderColor = <psychopy.colors.Color: none, alpha=0.0>
28.1824 	EXP 	polygon: borderColor = <psychopy.colors.Color: none, alpha=0.0>
28.1985 	EXP 	polygon: borderColor = <psychopy.colors.Color: none, alpha=0.0>
28.2153 	EXP 	polygon: borderColor = <psychopy.colors.Color: none, alpha=0.0>
28.2322 	EXP 	polygon: borderColor = <psychopy.colors.Color: none, alpha=0.0>
28.2486 	EXP 	polygon: borderColor = <psychopy.colors.Color: none, alpha=0.0>
28.2653 	EXP 	polygon: borderColor = <psychopy.colors.Color: none, alpha=0.0>
28.2817 	EXP 	polygon: borderColor = <psychopy.colors.Color: none, alpha=0.0>
28.2984 	EXP 	polygon: borderColor = <psychopy.colors.Color: none, alpha=0.0>
28.3154 	EXP 	polygon: borderColor = <psychopy.colors.Color: none, alpha=0.0>
28.3319 	EXP 	polygon: borderColor = <psychopy.colors.Color: none, alpha=0.0>
28.3485 	EXP 	polygon: borderColor = <psychopy.colors.Color: none, alpha=0.0>
28.3648 	EXP 	polygon: borderColor = <psychopy.colors.Color: none, alpha=0.0>
28.3820 	EXP 	polygon: borderColor = <psychopy.colors.Color: none, alpha=0.0>
28.3986 	EXP 	polygon: borderColor = <psychopy.colors.Color: none, alpha=0.0>
28.4154 	EXP 	polygon: borderColor = <psychopy.colors.Color: none, alpha=0.0>
28.4323 	EXP 	polygon: borderColor = <psychopy.colors.Color: none, alpha=0.0>
28.4488 	EXP 	polygon: borderColor = <psychopy.colors.Color: none, alpha=0.0>
28.4653 	EXP 	polygon: borderColor = <psychopy.colors.Color: none, alpha=0.0>
28.4818 	EXP 	polygon: borderColor = <psychopy.colors.Color: none, alpha=0.0>
28.4985 	EXP 	polygon: borderColor = <psychopy.colors.Color: none, alpha=0.0>
28.5017 	DATA 	Mouse: Left button down, pos=(366,216)
28.5151 	EXP 	polygon: borderColor = <psychopy.colors.Color: none, alpha=0.0>
28.5318 	EXP 	polygon: borderColor = <psychopy.colors.Color: none, alpha=0.0>
28.5483 	EXP 	polygon: borderColor = <psychopy.colors.Color: none, alpha=0.0>
28.5652 	EXP 	polygon: borderColor = <psychopy.colors.Color: none, alpha=0.0>
28.5818 	EXP 	polygon: borderColor = <psychopy.colors.Color: none, alpha=0.0>
28.5981 	EXP 	polygon: borderColor = <psychopy.colors.Color: none, alpha=0.0>
28.6153 	EXP 	polygon: borderColor = <psychopy.colors.Color: none, alpha=0.0>
28.6314 	EXP 	polygon: borderColor = <psychopy.colors.Color: none, alpha=0.0>
28.6481 	EXP 	polygon: borderColor = <psychopy.colors.Color: none, alpha=0.0>
28.6510 	DATA 	Mouse:  Left button up, pos=(366,216)
28.6656 	EXP 	polygon: borderColor = <psychopy.colors.Color: none, alpha=0.0>
28.6816 	EXP 	polygon: borderColor = <psychopy.colors.Color: none, alpha=0.0>
28.6984 	EXP 	polygon: borderColor = <psychopy.colors.Color: none, alpha=0.0>
28.7153 	EXP 	polygon: borderColor = <psychopy.colors.Color: none, alpha=0.0>
28.7323 	EXP 	polygon: borderColor = <psychopy.colors.Color: none, alpha=0.0>
28.7483 	EXP 	polygon: borderColor = <psychopy.colors.Color: none, alpha=0.0>
28.7648 	EXP 	polygon: borderColor = <psychopy.colors.Color: none, alpha=0.0>
28.7814 	EXP 	polygon: borderColor = <psychopy.colors.Color: none, alpha=0.0>
28.7984 	EXP 	polygon: borderColor = <psychopy.colors.Color: none, alpha=0.0>
28.8148 	EXP 	polygon: borderColor = <psychopy.colors.Color: none, alpha=0.0>
28.8171 	EXP 	Device response: <KeyPress from None: t=28.80623589991592, value=b, duration=None>
28.8185 	DATA 	Keypress: b
28.8314 	EXP 	polygon: borderColor = <psychopy.colors.Color: none, alpha=0.0>
28.8314 	EXP 	polygon: fillColor = <psychopy.colors.Color: red, alpha=1.0>
28.8314 	EXP 	polygon: borderColor = <psychopy.colors.Color: red, alpha=1.0>
28.8481 	EXP 	polygon: borderColor = <psychopy.colors.Color: (0.0, 0.0, 0.0, 1.0)>
28.8648 	EXP 	polygon: borderColor = <psychopy.colors.Color: (0.0, 0.0, 0.0, 1.0)>
28.8817 	EXP 	polygon: borderColor = <psychopy.colors.Color: (0.0, 0.0, 0.0, 1.0)>
28.8985 	EXP 	polygon: borderColor = <psychopy.colors.Color: (0.0, 0.0, 0.0, 1.0)>
28.9150 	EXP 	polygon: borderColor = <psychopy.colors.Color: (0.0, 0.0, 0.0, 1.0)>
28.9317 	EXP 	polygon: borderColor = <psychopy.colors.Color: (0.0, 0.0, 0.0, 1.0)>
29.0390 	EXP 	Device response: <KeyPress from None: t=28.80623589991592, value=b, duration=0.18843110010493547>
29.0599 	EXP 	polygon: borderColor = <psychopy.colors.Color: (0.0, 0.0, 0.0, 1.0)>
29.0599 	EXP 	polygon: autoDraw = False
29.0599 	EXP 	prompt_prc: autoDraw = False
29.0599 	EXP 	dist_01_prc: autoDraw = False
29.0599 	EXP 	dist_02_prc: autoDraw = False
29.0599 	EXP 	correct_prc: autoDraw = False
29.0599 	EXP 	instructions_choose_2: autoDraw = False
29.0599 	EXP 	polygon_7: fillColor = <psychopy.colors.Color: red, alpha=1.0>
29.0599 	EXP 	polygon_7: borderColor = <psychopy.colors.Color: red, alpha=1.0>
29.0599 	EXP 	prompt_prc_2: image = 'stimuli/practice_images/bed.jpg'
29.0599 	EXP 	dist_01_prc_2: image = 'stimuli/practice_images/anchor.jpg'
29.0599 	EXP 	dist_02_prc_2: image = 'stimuli/practice_images/desk.jpg'
29.0599 	EXP 	correct_prc_2: image = 'stimuli/practice_images/belt.jpg'
29.0599 	EXP 	polygon_7: autoDraw = True
29.0599 	EXP 	prompt_prc_2: autoDraw = True
29.0599 	EXP 	dist_01_prc_2: autoDraw = True
29.0599 	EXP 	dist_02_prc_2: autoDraw = True
29.0599 	EXP 	correct_prc_2: autoDraw = True
30.0504 	EXP 	New trial (rep=0, index=5): <Trial 5 (5 in rep 0) data={'promptFile': 'stimuli/practice_images/belt.jpg', 'correctFile': 'stimuli/practice_images/bird.jpg', 'dist_01File': 'stimuli/practice_images/ant.jpg', 'dist_02File': 'stimuli/practice_images/crocodile.jpg', 'correct_pos': 'right', 'dist01_pos': 'left', 'dist02_pos': 'center', 'correct_ans': 'right', 'thisN': 5, 'thisTrialN': 5, 'thisRepN': 0}>
30.0504 	INFO 	Keyboard events cleared
30.1509 	INFO 	Keyboard events cleared
30.1762 	EXP 	polygon_7: autoDraw = False
30.1762 	EXP 	prompt_prc_2: autoDraw = False
30.1762 	EXP 	dist_01_prc_2: autoDraw = False
30.1762 	EXP 	dist_02_prc_2: autoDraw = False
30.1762 	EXP 	correct_prc_2: autoDraw = False
30.1762 	EXP 	prompt_prc: image = 'stimuli/practice_images/belt.jpg'
30.1762 	EXP 	dist_01_prc: image = 'stimuli/practice_images/ant.jpg'
30.1762 	EXP 	dist_02_prc: image = 'stimuli/practice_images/crocodile.jpg'
30.1762 	EXP 	correct_prc: image = 'stimuli/practice_images/bird.jpg'
30.1762 	EXP 	instructions_choose_2: text = 'Wählen Sie das nächste Bild in der Sequenz.'
30.1762 	EXP 	polygon: autoDraw = True
30.1762 	EXP 	polygon: borderColor = <psychopy.colors.Color: none, alpha=0.0>
30.1762 	EXP 	prompt_prc: autoDraw = True
30.1762 	EXP 	dist_01_prc: autoDraw = True
30.1762 	EXP 	dist_02_prc: autoDraw = True
30.1762 	EXP 	correct_prc: autoDraw = True
30.1762 	EXP 	instructions_choose_2: autoDraw = True
30.1971 	EXP 	polygon: borderColor = <psychopy.colors.Color: none, alpha=0.0>
30.2143 	EXP 	polygon: borderColor = <psychopy.colors.Color: none, alpha=0.0>
30.2311 	EXP 	polygon: borderColor = <psychopy.colors.Color: none, alpha=0.0>
30.2476 	EXP 	polygon: borderColor = <psychopy.colors.Color: none, alpha=0.0>
30.2644 	EXP 	polygon: borderColor = <psychopy.colors.Color: none, alpha=0.0>
30.2813 	EXP 	polygon: borderColor = <psychopy.colors.Color: none, alpha=0.0>
30.2978 	EXP 	polygon: borderColor = <psychopy.colors.Color: none, alpha=0.0>
30.3147 	EXP 	polygon: borderColor = <psychopy.colors.Color: none, alpha=0.0>
30.3310 	EXP 	polygon: borderColor = <psychopy.colors.Color: none, alpha=0.0>
30.3475 	EXP 	polygon: borderColor = <psychopy.colors.Color: none, alpha=0.0>
30.3497 	EXP 	Device response: <KeyPress from None: t=30.341054999968037, value=r, duration=None>
30.3511 	DATA 	Keypress: r
30.3645 	EXP 	polygon: borderColor = <psychopy.colors.Color: none, alpha=0.0>
30.3645 	EXP 	polygon: fillColor = <psychopy.colors.Color: red, alpha=1.0>
30.3645 	EXP 	polygon: borderColor = <psychopy.colors.Color: red, alpha=1.0>
30.3809 	EXP 	polygon: borderColor = <psychopy.colors.Color: (0.0, 0.0, 0.0, 1.0)>
30.3976 	EXP 	polygon: borderColor = <psychopy.colors.Color: (0.0, 0.0, 0.0, 1.0)>
30.4151 	EXP 	polygon: borderColor = <psychopy.colors.Color: (0.0, 0.0, 0.0, 1.0)>
30.4316 	EXP 	polygon: borderColor = <psychopy.colors.Color: (0.0, 0.0, 0.0, 1.0)>
30.4480 	EXP 	polygon: borderColor = <psychopy.colors.Color: (0.0, 0.0, 0.0, 1.0)>
30.5759 	EXP 	polygon: borderColor = <psychopy.colors.Color: (0.0, 0.0, 0.0, 1.0)>
30.5759 	EXP 	polygon: autoDraw = False
30.5759 	EXP 	prompt_prc: autoDraw = False
30.5759 	EXP 	dist_01_prc: autoDraw = False
30.5759 	EXP 	dist_02_prc: autoDraw = False
30.5759 	EXP 	correct_prc: autoDraw = False
30.5759 	EXP 	instructions_choose_2: autoDraw = False
30.5759 	EXP 	polygon_7: fillColor = <psychopy.colors.Color: red, alpha=1.0>
30.5759 	EXP 	polygon_7: borderColor = <psychopy.colors.Color: red, alpha=1.0>
30.5759 	EXP 	prompt_prc_2: image = 'stimuli/practice_images/belt.jpg'
30.5759 	EXP 	dist_01_prc_2: image = 'stimuli/practice_images/ant.jpg'
30.5759 	EXP 	dist_02_prc_2: image = 'stimuli/practice_images/crocodile.jpg'
30.5759 	EXP 	correct_prc_2: image = 'stimuli/practice_images/bird.jpg'
30.5759 	EXP 	polygon_7: autoDraw = True
30.5759 	EXP 	prompt_prc_2: autoDraw = True
30.5759 	EXP 	dist_01_prc_2: autoDraw = True
30.5759 	EXP 	dist_02_prc_2: autoDraw = True
30.5759 	EXP 	correct_prc_2: autoDraw = True
30.6170 	EXP 	Device response: <KeyPress from None: t=25.271312099997886, value=r, duration=5.32860799995251>
31.5804 	EXP 	polygon_7: autoDraw = False
31.5804 	EXP 	prompt_prc_2: autoDraw = False
31.5804 	EXP 	dist_01_prc_2: autoDraw = False
31.5804 	EXP 	dist_02_prc_2: autoDraw = False
31.5804 	EXP 	correct_prc_2: autoDraw = False
31.5804 	EXP 	rest_instruction: height = 0.025
31.5804 	EXP 	rest_instruction: height = 0.025
31.5804 	EXP 	rest_instruction: height = 0.025
31.5804 	EXP 	rest_instruction: text = 'Kurze Pause. Bitte warten Sie.\nDies ist keine Ruhepause'
31.5804 	EXP 	fix_cross_2: autoDraw = True
31.5804 	EXP 	rest_instruction: autoDraw = True
31.8657 	EXP 	Device response: <KeyPress from None: t=31.851782299927436, value=b, duration=None>
31.8661 	DATA 	Keypress: b
32.0323 	EXP 	Device response: <KeyPress from None: t=31.851782299927436, value=b, duration=0.176312500028871>
32.3826 	DATA 	Mouse: Left button down, pos=(366,216)
32.5487 	DATA 	Mouse:  Left button up, pos=(366,216)
35.1652 	EXP 	Device response: <KeyPress from None: t=35.15924960002303, value=g, duration=None>
35.1658 	DATA 	Keypress: g
35.3486 	EXP 	Device response: <KeyPress from None: t=35.15924960002303, value=g, duration=0.18922820000443608>
36.5961 	EXP 	fix_cross_2: autoDraw = False
36.5961 	EXP 	rest_instruction: autoDraw = False
36.5961 	EXP 	fix_cross_2: autoDraw = False
36.5961 	EXP 	rest_instruction: autoDraw = False
36.5961 	EXP 	instruction_part7: height = 0.025
36.5961 	EXP 	instruction_part7: height = 0.025
36.5961 	EXP 	instruction_part7: height = 0.025
36.5961 	EXP 	instruction_part7: text = 'Gut gemacht!\n\nDie Lernphasen wechseln sich mit Abrufphasen ab.\nDabei beantworten Sie Fragen zu den gelernten Sequenzen.\n\nIn jedem Abrufdurchgang sehen Sie nacheinander zwei\nBilder aus einer Sequenz.\n\nDrücken Sie eine beliebige Taste, um fortzufahren.'
36.5961 	EXP 	instruction_part7: autoDraw = True
37.2803 	EXP 	Device response: <KeyPress from None: t=37.27017419994809, value=g, duration=None>
37.2806 	DATA 	Keypress: g
37.3972 	EXP 	Device response: <KeyPress from None: t=37.27017419994809, value=g, duration=0.1128073000581935>
38.5630 	EXP 	Device response: <KeyPress from None: t=38.54830689996015, value=g, duration=None>
38.5633 	DATA 	Keypress: g
38.6298 	EXP 	Device response: <KeyPress from None: t=38.54830689996015, value=g, duration=0.06941979995463043>
38.8804 	EXP 	Device response: <KeyPress from None: t=38.868482299963944, value=g, duration=None>
38.8807 	DATA 	Keypress: g
38.9475 	EXP 	Device response: <KeyPress from None: t=38.868482299963944, value=g, duration=0.06544410006608814>
39.1135 	EXP 	Device response: <KeyPress from None: t=39.10021039994899, value=g, duration=None>
39.1139 	DATA 	Keypress: g
39.1640 	EXP 	Device response: <KeyPress from None: t=39.10021039994899, value=g, duration=0.05532699998002499>
39.5945 	INFO 	Keyboard events cleared
40.6304 	DATA 	Mouse: Left button down, pos=(513,294)
40.7467 	DATA 	Mouse:  Left button up, pos=(513,294)
40.8293 	EXP 	Device response: <KeyPress from None: t=40.82652080000844, value=r, duration=None>
40.8356 	DATA 	Keypress: r
40.8442 	EXP 	instruction_part7: autoDraw = False
40.8442 	EXP 	instruction_part10: height = 0.025
40.8442 	EXP 	instruction_part10: height = 0.025
40.8442 	EXP 	instruction_part10: height = 0.025
40.8442 	EXP 	instruction_part10: text = 'Abruf Teil 1: Reihenfolge\n\nNach der Präsentation der beiden Bilder geben Sie an,\nob sie in der gelernten Sequenz in dieser Reihenfolge\nvorkamen.\n\nDrücken Sie eine beliebige Taste, um fortzufahren.'
40.8442 	EXP 	instruction_part10: autoDraw = True
40.9127 	EXP 	Device response: <KeyPress from None: t=30.341054999968037, value=r, duration=10.560993900056928>
41.4463 	DATA 	Mouse: Left button down, pos=(513,294)
41.5632 	DATA 	Mouse:  Left button up, pos=(513,294)
41.7965 	DATA 	Keypress: r
41.8127 	EXP 	Device response: <KeyPress from None: t=41.79625369992573, value=r, duration=None>
41.8795 	EXP 	Device response: <KeyPress from None: t=40.82652080000844, value=r, duration=1.0436662000138313>
42.1121 	EXP 	Device response: <KeyPress from None: t=42.10146169993095, value=r, duration=None>
42.1124 	DATA 	Keypress: r
42.1630 	EXP 	Device response: <KeyPress from None: t=41.79625369992573, value=r, duration=0.3646652000024915>
42.9293 	DATA 	Mouse: Left button down, pos=(485,268)
43.0791 	DATA 	Mouse:  Left button up, pos=(485,268)
43.4628 	EXP 	Device response: <KeyPress from None: t=43.46119299996644, value=g, duration=None>
43.4631 	DATA 	Keypress: g
43.5129 	EXP 	Device response: <KeyPress from None: t=43.46119299996644, value=g, duration=0.04124940000474453>
43.7949 	EXP 	Device response: <KeyPress from None: t=43.78670890000649, value=g, duration=None>
43.7952 	DATA 	Keypress: g
43.8434 	INFO 	Keyboard events cleared
43.8617 	EXP 	Device response: <KeyPress from None: t=43.78670890000649, value=g, duration=0.06971519999206066>
44.0618 	EXP 	Device response: <KeyPress from None: t=44.05573599995114, value=g, duration=None>
44.0687 	DATA 	Keypress: g
44.0766 	EXP 	instruction_part10: autoDraw = False
44.0766 	EXP 	instruction_part13: height = 0.025
44.0766 	EXP 	instruction_part13: height = 0.025
44.0766 	EXP 	instruction_part13: height = 0.025
44.0766 	EXP 	instruction_part13: text = 'Wählen Sie „Ja“ oder „Nein“ mit der linken\ngrünen oder rechten blauen Taste. Die Zuordnung\nwechselt zwischen den Durchgängen. Beachten Sie daher\ndie Anzeige auf dem Bildschirm.\n\nDrücken Sie eine beliebige Taste, um fortzufahren.'
44.0766 	EXP 	instruction_part13: autoDraw = True
44.1283 	EXP 	Device response: <KeyPress from None: t=44.05573599995114, value=g, duration=0.0669684000313282>
44.2963 	DATA 	Keypress: g
44.3125 	EXP 	Device response: <KeyPress from None: t=44.29600899992511, value=g, duration=None>
44.3783 	EXP 	Device response: <KeyPress from None: t=44.29600899992511, value=g, duration=0.06743430008646101>
44.5619 	EXP 	Device response: <KeyPress from None: t=44.55282280000392, value=g, duration=None>
44.5624 	DATA 	Keypress: g
44.6289 	EXP 	Device response: <KeyPress from None: t=44.55282280000392, value=g, duration=0.05933099996764213>
44.7785 	EXP 	Device response: <KeyPress from None: t=44.77237659995444, value=g, duration=None>
44.7789 	DATA 	Keypress: g
44.8452 	EXP 	Device response: <KeyPress from None: t=44.77237659995444, value=g, duration=0.06780409999191761>
45.0949 	DATA 	Mouse: Left button down, pos=(485,268)
45.2117 	DATA 	Mouse:  Left button up, pos=(485,268)
45.2945 	EXP 	Device response: <KeyPress from None: t=45.28803860000335, value=g, duration=None>
45.2948 	DATA 	Keypress: g
45.3616 	EXP 	Device response: <KeyPress from None: t=45.28803860000335, value=g, duration=0.05728489998728037>
45.5118 	DATA 	Keypress: g
45.5272 	EXP 	Device response: <KeyPress from None: t=45.511546100024134, value=g, duration=None>
45.5781 	EXP 	Device response: <KeyPress from None: t=45.511546100024134, value=g, duration=0.06146040000021458>
45.7281 	EXP 	Device response: <KeyPress from None: t=45.72106020001229, value=g, duration=None>
45.7288 	DATA 	Keypress: g
45.7949 	EXP 	Device response: <KeyPress from None: t=45.72106020001229, value=g, duration=0.06550559995230287>
45.9281 	EXP 	Device response: <KeyPress from None: t=45.91445579996798, value=g, duration=None>
45.9285 	DATA 	Keypress: g
46.0285 	EXP 	Device response: <KeyPress from None: t=45.91445579996798, value=g, duration=0.10185059998184443>
46.1444 	EXP 	Device response: <KeyPress from None: t=46.13605370000005, value=g, duration=None>
46.1447 	DATA 	Keypress: g
46.2611 	EXP 	Device response: <KeyPress from None: t=46.13605370000005, value=g, duration=0.11166729999240488>
46.3611 	EXP 	Device response: <KeyPress from None: t=46.3558324999176, value=g, duration=None>
46.3614 	DATA 	Keypress: g
46.4441 	EXP 	Device response: <KeyPress from None: t=46.3558324999176, value=g, duration=0.07829990005120635>
46.7442 	EXP 	Device response: <KeyPress from None: t=46.73325779999141, value=g, duration=None>
46.7447 	DATA 	Keypress: g
46.7767 	EXP 	Device response: <KeyPress from None: t=46.73325779999141, value=g, duration=0.033190199988894165>
46.9780 	EXP 	Device response: <KeyPress from None: t=46.97694169997703, value=g, duration=None>
46.9784 	DATA 	Keypress: g
47.0274 	EXP 	Device response: <KeyPress from None: t=46.97694169997703, value=g, duration=0.041472399956546724>
47.0755 	INFO 	Keyboard events cleared
47.1777 	EXP 	Device response: <KeyPress from None: t=47.17237990000285, value=g, duration=None>
47.1873 	DATA 	Keypress: g
47.1924 	EXP 	instruction_part13: autoDraw = False
47.1924 	EXP 	instruction_part11: height = 0.025
47.1924 	EXP 	instruction_part11: height = 0.025
47.1924 	EXP 	instruction_part11: height = 0.025
47.1924 	EXP 	instruction_part11: text = 'Abruf Teil 2: Distanz\n\nNach der Frage zur Reihenfolge geben Sie an,\nwie weit die beiden Bilder in der Sequenz voneinander\nentfernt sind.\n\nDie möglichen Distanzen reichen von 2 bis 5.\n\nDrücken Sie eine beliebige Taste, um fortzufahren.'
47.1924 	EXP 	instruction_part11: autoDraw = True
47.2281 	EXP 	Device response: <KeyPress from None: t=47.17237990000285, value=g, duration=0.0552948999684304>
47.4270 	EXP 	Device response: <KeyPress from None: t=47.412031800020486, value=g, duration=None>
47.4274 	DATA 	Keypress: g
47.4774 	EXP 	Device response: <KeyPress from None: t=47.412031800020486, value=g, duration=0.05735159991309047>
47.7107 	EXP 	Device response: <KeyPress from None: t=47.697093199938536, value=g, duration=None>
47.7111 	DATA 	Keypress: g
47.7608 	EXP 	Device response: <KeyPress from None: t=47.697093199938536, value=g, duration=0.06342140003107488>
47.9269 	EXP 	Device response: <KeyPress from None: t=47.91665859997738, value=g, duration=None>
47.9272 	DATA 	Keypress: g
47.9775 	EXP 	Device response: <KeyPress from None: t=47.91665859997738, value=g, duration=0.05340860004071146>
48.1436 	EXP 	Device response: <KeyPress from None: t=48.131111999973655, value=g, duration=None>
48.1440 	DATA 	Keypress: g
48.2107 	EXP 	Device response: <KeyPress from None: t=48.131111999973655, value=g, duration=0.06549880001693964>
48.3772 	EXP 	Device response: <KeyPress from None: t=48.363843200029805, value=g, duration=None>
48.3776 	DATA 	Keypress: g
48.4272 	EXP 	Device response: <KeyPress from None: t=48.363843200029805, value=g, duration=0.06152529991231859>
48.5772 	EXP 	Device response: <KeyPress from None: t=48.570269600022584, value=g, duration=None>
48.5776 	DATA 	Keypress: g
48.6266 	EXP 	Device response: <KeyPress from None: t=48.570269600022584, value=g, duration=0.04932589991949499>
48.8441 	DATA 	Mouse: Left button down, pos=(485,268)
49.0110 	DATA 	Mouse:  Left button up, pos=(485,268)
49.0773 	EXP 	Device response: <KeyPress from None: t=49.07078149996232, value=g, duration=None>
49.0776 	DATA 	Keypress: g
49.1438 	EXP 	Device response: <KeyPress from None: t=49.07078149996232, value=g, duration=0.057401300058700144>
49.2767 	EXP 	Device response: <KeyPress from None: t=49.27338899997994, value=g, duration=None>
49.2770 	DATA 	Keypress: g
49.3435 	EXP 	Device response: <KeyPress from None: t=49.27338899997994, value=g, duration=0.05720719997771084>
49.4939 	EXP 	Device response: <KeyPress from None: t=49.48889729997609, value=g, duration=None>
49.4945 	DATA 	Keypress: g
49.5607 	EXP 	Device response: <KeyPress from None: t=49.48889729997609, value=g, duration=0.05729549995157868>
49.6936 	EXP 	Device response: <KeyPress from None: t=49.69325799995568, value=g, duration=None>
49.6940 	DATA 	Keypress: g
49.7604 	EXP 	Device response: <KeyPress from None: t=49.69325799995568, value=g, duration=0.06164560001343489>
49.8771 	EXP 	Device response: <KeyPress from None: t=49.87256259995047, value=g, duration=None>
49.8776 	DATA 	Keypress: g
50.0265 	EXP 	Device response: <KeyPress from None: t=49.87256259995047, value=g, duration=0.1486552000278607>
50.1913 	INFO 	Keyboard events cleared
50.2266 	EXP 	Device response: <KeyPress from None: t=50.210944499936886, value=g, duration=None>
50.2328 	DATA 	Keypress: g
50.2414 	EXP 	instruction_part11: autoDraw = False
50.2414 	EXP 	instruction_part14: height = 0.025
50.2414 	EXP 	instruction_part14: height = 0.025
50.2414 	EXP 	instruction_part14: height = 0.025
50.2414 	EXP 	instruction_part14: text = 'Bei Distanz 2 liegt ein Bild dazwischen,\nbei Distanz 5 liegen vier Bilder dazwischen.\n\nAntworten Sie mit den vier Tasten.\nDie jeweilige Tastenbelegung wird auf dem Bildschirm angezeigt.\n\nDrücken Sie eine beliebige Taste, um fortzufahren.'
50.2414 	EXP 	instruction_part14: autoDraw = True
50.3603 	EXP 	Device response: <KeyPress from None: t=50.210944499936886, value=g, duration=0.13993760000448674>
50.7766 	EXP 	Device response: <KeyPress from None: t=50.77591389999725, value=g, duration=None>
50.7769 	DATA 	Keypress: g
50.8098 	EXP 	Device response: <KeyPress from None: t=50.77591389999725, value=g, duration=0.027484799968078732>
50.8604 	DATA 	Mouse: Left button down, pos=(457,231)
51.0102 	DATA 	Mouse:  Left button up, pos=(457,231)
51.1926 	EXP 	Device response: <KeyPress from None: t=51.17780820000917, value=g, duration=None>
51.1930 	DATA 	Keypress: g
51.2432 	EXP 	Device response: <KeyPress from None: t=51.17780820000917, value=g, duration=0.061591099947690964>
51.3760 	EXP 	Device response: <KeyPress from None: t=51.37328759999946, value=g, duration=None>
51.3763 	DATA 	Keypress: g
51.4429 	EXP 	Device response: <KeyPress from None: t=51.37328759999946, value=g, duration=0.06674599996767938>
51.9600 	EXP 	Device response: <KeyPress from None: t=51.94425679999404, value=g, duration=None>
51.9603 	DATA 	Keypress: g
51.9928 	EXP 	Device response: <KeyPress from None: t=51.94425679999404, value=g, duration=0.0412034000037238>
52.1424 	EXP 	Device response: <KeyPress from None: t=52.13874879991636, value=g, duration=None>
52.1427 	DATA 	Keypress: g
52.2093 	EXP 	Device response: <KeyPress from None: t=52.13874879991636, value=g, duration=0.05518210004083812>
52.3426 	EXP 	Device response: <KeyPress from None: t=52.333959999959916, value=g, duration=None>
52.3430 	DATA 	Keypress: g
52.3918 	EXP 	Device response: <KeyPress from None: t=52.333959999959916, value=g, duration=0.057331199990585446>
52.5418 	EXP 	Device response: <KeyPress from None: t=52.54144569998607, value=g, duration=None>
52.5422 	DATA 	Keypress: g
52.6425 	EXP 	Device response: <KeyPress from None: t=52.54144569998607, value=g, duration=0.08956600003875792>
52.7758 	EXP 	Device response: <KeyPress from None: t=52.7599624999566, value=g, duration=None>
52.7762 	DATA 	Keypress: g
52.8258 	EXP 	Device response: <KeyPress from None: t=52.7599624999566, value=g, duration=0.061494700028561056>
53.2406 	INFO 	Keyboard events cleared
53.3425 	EXP 	Device response: <KeyPress from None: t=53.342137299943715, value=g, duration=None>
53.3476 	DATA 	Keypress: g
53.3569 	EXP 	instruction_part14: autoDraw = False
53.3569 	EXP 	instruction_part12: height = 0.025
53.3569 	EXP 	instruction_part12: height = 0.025
53.3569 	EXP 	instruction_part12: height = 0.025
53.3569 	EXP 	instruction_part12: text = 'Abruf: Reflexionsperiode\n\nBevor Sie die Fragen zur Reihenfolge und Distanz\nbeantworten, erscheint kurz ein Fixationskreuz.\n\nDrücken Sie eine beliebige Taste, um fortzufahren.'
53.3569 	EXP 	instruction_part12: autoDraw = True
53.3756 	EXP 	Device response: <KeyPress from None: t=53.342137299943715, value=g, duration=0.027146500069648027>
53.5921 	EXP 	Device response: <KeyPress from None: t=53.582861999981105, value=g, duration=None>
53.5924 	DATA 	Keypress: g
53.6420 	EXP 	Device response: <KeyPress from None: t=53.582861999981105, value=g, duration=0.0431774000171572>
53.7925 	EXP 	Device response: <KeyPress from None: t=53.787310599931516, value=g, duration=None>
53.7929 	DATA 	Keypress: g
53.8590 	EXP 	Device response: <KeyPress from None: t=53.787310599931516, value=g, duration=0.06394720007665455>
53.9934 	DATA 	Mouse: Left button down, pos=(457,231)
54.1261 	DATA 	Mouse:  Left button up, pos=(457,231)
54.2589 	DATA 	Keypress: g
54.2757 	EXP 	Device response: <KeyPress from None: t=54.258608900010586, value=g, duration=None>
54.3257 	EXP 	Device response: <KeyPress from None: t=54.258608900010586, value=g, duration=0.051294000004418194>
54.4756 	EXP 	Device response: <KeyPress from None: t=54.46705859992653, value=g, duration=None>
54.4759 	DATA 	Keypress: g
54.5249 	EXP 	Device response: <KeyPress from None: t=54.46705859992653, value=g, duration=0.05557790002785623>
54.7083 	EXP 	Device response: <KeyPress from None: t=54.70177709998097, value=g, duration=None>
54.7089 	DATA 	Keypress: g
54.7581 	EXP 	Device response: <KeyPress from None: t=54.70177709998097, value=g, duration=0.04923490004148334>
54.9244 	EXP 	Device response: <KeyPress from None: t=54.91045279998798, value=g, duration=None>
54.9247 	DATA 	Keypress: g
54.9760 	EXP 	Device response: <KeyPress from None: t=54.91045279998798, value=g, duration=0.057187499944120646>
55.1249 	EXP 	Device response: <KeyPress from None: t=55.1229862999171, value=g, duration=None>
55.1254 	DATA 	Keypress: g
55.1916 	EXP 	Device response: <KeyPress from None: t=55.1229862999171, value=g, duration=0.055131400004029274>
55.3420 	EXP 	Device response: <KeyPress from None: t=55.34125930001028, value=g, duration=None>
55.3424 	DATA 	Keypress: g
55.4085 	EXP 	Device response: <KeyPress from None: t=55.34125930001028, value=g, duration=0.05140699993353337>
55.5760 	EXP 	Device response: <KeyPress from None: t=55.559964400017634, value=g, duration=None>
55.5764 	DATA 	Keypress: g
55.6088 	EXP 	Device response: <KeyPress from None: t=55.559964400017634, value=g, duration=0.04726759996265173>
55.7752 	EXP 	Device response: <KeyPress from None: t=55.77036879991647, value=g, duration=None>
55.7756 	DATA 	Keypress: g
55.8424 	EXP 	Device response: <KeyPress from None: t=55.77036879991647, value=g, duration=0.05732530006207526>
56.0119 	EXP 	Device response: <KeyPress from None: t=55.99462299991865, value=g, duration=None>
56.0125 	DATA 	Keypress: g
56.0415 	EXP 	Device response: <KeyPress from None: t=55.99462299991865, value=g, duration=0.04263760009780526>
56.2085 	EXP 	Device response: <KeyPress from None: t=56.1943463999778, value=g, duration=None>
56.2089 	DATA 	Keypress: g
56.2749 	EXP 	Device response: <KeyPress from None: t=56.1943463999778, value=g, duration=0.07345959998201579>
56.3558 	INFO 	Keyboard events cleared
56.4246 	EXP 	Device response: <KeyPress from None: t=56.408835700014606, value=g, duration=None>
56.4322 	DATA 	Keypress: g
56.4392 	EXP 	instruction_part12: autoDraw = False
56.4392 	EXP 	instruction_part15: height = 0.025
56.4392 	EXP 	instruction_part15: height = 0.025
56.4392 	EXP 	instruction_part15: height = 0.025
56.4392 	EXP 	instruction_part15: text = 'Überlegen Sie in dieser Zeit bereits, ob die Bilder\nin dieser Reihenfolge vorkamen und wie weit sie in\nder Sequenz voneinander entfernt sind.\n\nDies ist wichtig, da die Zeit für die anschließenden\nAntworten kurz ist.\n\nDrücken Sie eine beliebige Taste, um fortzufahren.'
56.4392 	EXP 	instruction_part15: autoDraw = True
56.4749 	EXP 	Device response: <KeyPress from None: t=56.408835700014606, value=g, duration=0.05937969998922199>
56.6256 	DATA 	Keypress: g
56.6411 	EXP 	Device response: <KeyPress from None: t=56.62538629991468, value=g, duration=None>
56.6921 	EXP 	Device response: <KeyPress from None: t=56.62538629991468, value=g, duration=0.053343100007623434>
56.8768 	EXP 	Device response: <KeyPress from None: t=56.868415899924, value=g, duration=None>
56.8772 	DATA 	Keypress: g
56.9411 	EXP 	Device response: <KeyPress from None: t=56.868415899924, value=g, duration=0.061088900081813335>
57.1748 	DATA 	Mouse: Left button down, pos=(458,241)
57.3093 	DATA 	Mouse:  Left button up, pos=(458,241)
57.4248 	EXP 	Device response: <KeyPress from None: t=57.41505369998049, value=g, duration=None>
57.4251 	DATA 	Keypress: g
57.4746 	EXP 	Device response: <KeyPress from None: t=57.41505369998049, value=g, duration=0.05639379995409399>
57.6080 	EXP 	Device response: <KeyPress from None: t=57.60655079991557, value=g, duration=None>
57.6084 	DATA 	Keypress: g
57.6747 	EXP 	Device response: <KeyPress from None: t=57.60655079991557, value=g, duration=0.06557560001965612>
57.8246 	EXP 	Device response: <KeyPress from None: t=57.81378239998594, value=g, duration=None>
57.8250 	DATA 	Keypress: g
57.8749 	EXP 	Device response: <KeyPress from None: t=57.81378239998594, value=g, duration=0.055519299930892885>
58.0406 	EXP 	Device response: <KeyPress from None: t=58.036841699969955, value=g, duration=None>
58.0409 	DATA 	Keypress: g
58.0910 	EXP 	Device response: <KeyPress from None: t=58.036841699969955, value=g, duration=0.05131590005476028>
58.2577 	EXP 	Device response: <KeyPress from None: t=58.252968700020574, value=g, duration=None>
58.2580 	DATA 	Keypress: g
58.3242 	EXP 	Device response: <KeyPress from None: t=58.252968700020574, value=g, duration=0.061312399921007454>
58.4914 	EXP 	Device response: <KeyPress from None: t=58.48787099996116, value=g, duration=None>
58.4917 	DATA 	Keypress: g
58.5578 	EXP 	Device response: <KeyPress from None: t=58.48787099996116, value=g, duration=0.05513650004286319>
58.7071 	EXP 	Device response: <KeyPress from None: t=58.70213310001418, value=g, duration=None>
58.7075 	DATA 	Keypress: g
58.7735 	EXP 	Device response: <KeyPress from None: t=58.70213310001418, value=g, duration=0.0695603999774903>
58.9243 	EXP 	Device response: <KeyPress from None: t=58.92269789997954, value=g, duration=None>
58.9247 	DATA 	Keypress: g
58.9907 	EXP 	Device response: <KeyPress from None: t=58.92269789997954, value=g, duration=0.057316599995829165>
59.1735 	EXP 	Device response: <KeyPress from None: t=59.15937419992406, value=g, duration=None>
59.1738 	DATA 	Keypress: g
59.2234 	EXP 	Device response: <KeyPress from None: t=59.15937419992406, value=g, duration=0.05753810005262494>
59.4381 	INFO 	Keyboard events cleared
59.5563 	EXP 	Device response: <KeyPress from None: t=59.55143999995198, value=g, duration=None>
59.5640 	DATA 	Keypress: g
59.5714 	EXP 	instruction_part15: autoDraw = False
59.5714 	EXP 	instruction_info: height = 0.025
59.5714 	EXP 	instruction_info: height = 0.025
59.5714 	EXP 	instruction_info: height = 0.025
59.5714 	EXP 	instruction_info: text = 'In den Übungsdurchgängen erhalten Sie unten\nauf dem Bildschirm zusätzliche Hinweise zur Struktur\nder Bildsequenz.\n\nIn der Hauptaufgabe werden diese Hinweise nicht\nmehr angezeigt. Dort müssen Sie die Struktur aus\nden gelernten Bildpaaren ableiten.\n\nDrücken Sie eine beliebige Taste, um fortzufahren.'
59.5714 	EXP 	instruction_info: autoDraw = True
59.6068 	EXP 	Device response: <KeyPress from None: t=59.55143999995198, value=g, duration=0.0470189000479877>
59.8403 	EXP 	Device response: <KeyPress from None: t=59.839400599943474, value=g, duration=None>
59.8406 	DATA 	Keypress: g
59.8904 	EXP 	Device response: <KeyPress from None: t=59.839400599943474, value=g, duration=0.04299460002221167>
60.0719 	INFO 	Keyboard events cleared
60.2411 	DATA 	Mouse: Left button down, pos=(458,241)
60.4238 	DATA 	Mouse:  Left button up, pos=(458,241)
60.5236 	EXP 	Device response: <KeyPress from None: t=60.51190529996529, value=g, duration=None>
60.5297 	DATA 	Keypress: g
60.5375 	EXP 	instruction_info: autoDraw = False
60.5375 	EXP 	instruction_part8: height = 0.025
60.5375 	EXP 	instruction_part8: height = 0.025
60.5375 	EXP 	instruction_part8: height = 0.025
60.5375 	EXP 	instruction_part8: text = 'Sie sind nun bereit, die Abrufdurchgänge zu üben.\n\nNutzen Sie die kurze Pause nach der Bildpräsentation,\num bereits über die Reihenfolge und die Distanz nachzudenken.\n\nDrücken Sie eine beliebige Taste, um die Übung zu starten.'
60.5375 	EXP 	instruction_part8: autoDraw = True
60.6062 	EXP 	Device response: <KeyPress from None: t=60.51190529996529, value=g, duration=0.0836291000014171>
60.7568 	EXP 	Device response: <KeyPress from None: t=60.754795099957846, value=g, duration=None>
60.7571 	DATA 	Keypress: g
60.8230 	EXP 	Device response: <KeyPress from None: t=60.754795099957846, value=g, duration=0.05140440003015101>
61.0377 	INFO 	Keyboard events cleared
61.2735 	DATA 	Keypress: g
61.2898 	EXP 	Device response: <KeyPress from None: t=61.27331159997266, value=g, duration=None>
61.2944 	DEBUG 	Read excel file with openpyxl: sequences/retr_trials_prc_03.xlsx
61.2950 	EXP 	Imported sequences/retr_trials_prc_03.xlsx as conditions, 3 conditions, 14 params
61.2953 	EXP 	New trial (rep=0, index=0): <Trial 0 (0 in rep 0) data={'trial_type': 3, 'img_first': 'stimuli/practice_images/cow.jpg', 'img_second': 'stimuli/practice_images/basket.jpg', 'img_third': None, 'opt_left': 'yes', 'opt_right': 'no', 'correct_side': 'left', 'correct_key': 'left', 'distance_correct': 2, 'image_dur_retr': 2, 'fix_dur_retr': 0.5, 'ImageExamplePath': 'stimuli/practice_images/practice_sequence_overview_t3_01.jpg', 'iti_dur_retr': 0.45, 'reflection_win_dur': 1.95, 'thisN': 0, 'thisTrialN': 0, 'thisRepN': 0}>
61.2977 	EXP 	New trial (rep=0, index=0): <Trial 0 (0 in rep 0) data={'thisN': 0, 'thisTrialN': 0, 'thisRepN': 0}>
61.3043 	EXP 	instruction_part8: autoDraw = False
61.3043 	EXP 	fix_cross_retrbegin: height = 0.03
61.3043 	EXP 	fix_cross_retrbegin: height = 0.03
61.3043 	EXP 	fix_cross_retrbegin: height = 0.03
61.3043 	EXP 	fix_cross_retrbegin: text = '+'
61.3043 	EXP 	fix_cross_retrbegin: autoDraw = True
61.3232 	EXP 	Device response: <KeyPress from None: t=61.27331159997266, value=g, duration=0.0432818999979645>
61.5064 	EXP 	Device response: <KeyPress from None: t=61.49394890002441, value=g, duration=None>
61.5067 	DATA 	Keypress: g
61.5395 	EXP 	Device response: <KeyPress from None: t=61.49394890002441, value=g, duration=0.03917909995652735>
61.7929 	EXP 	fix_cross_retrbegin: autoDraw = False
61.7929 	EXP 	fix_cross_retrbegin: autoDraw = False
61.7929 	EXP 	image_1_prc: image = 'stimuli/practice_images/cow.jpg'
61.7929 	EXP 	info_example_3: image = 'stimuli/practice_images/practice_sequence_overview_t3_01.jpg'
61.7929 	EXP 	image_1_prc: autoDraw = True
61.7929 	EXP 	info_example_3: autoDraw = True
63.3049 	EXP 	image_1_prc: autoDraw = False
63.3049 	EXP 	info_example_3: autoDraw = False
63.3049 	EXP 	image_1_prc: autoDraw = False
63.3049 	EXP 	info_example_3: autoDraw = False
63.3049 	EXP 	info_example_4: image = 'stimuli/practice_images/practice_sequence_overview_t3_01.jpg'
63.3049 	EXP 	mask_img1: autoDraw = True
63.3049 	EXP 	info_example_4: autoDraw = True
63.5940 	EXP 	mask_img1: autoDraw = False
63.5940 	EXP 	info_example_4: autoDraw = False
63.5940 	EXP 	image_2_prc: image = 'stimuli/practice_images/basket.jpg'
63.5940 	EXP 	info_example_5: image = 'stimuli/practice_images/practice_sequence_overview_t3_01.jpg'
63.5940 	EXP 	image_2_prc: autoDraw = True
63.5940 	EXP 	info_example_5: autoDraw = True
65.1053 	EXP 	image_2_prc: autoDraw = False
65.1053 	EXP 	info_example_5: autoDraw = False
65.1053 	EXP 	image_2_prc: autoDraw = False
65.1053 	EXP 	info_example_5: autoDraw = False
65.1053 	EXP 	info_example_6: image = 'stimuli/practice_images/practice_sequence_overview_t3_01.jpg'
65.1053 	EXP 	mask_img2: autoDraw = True
65.1053 	EXP 	info_example_6: autoDraw = True
65.3708 	EXP 	mask_img2: autoDraw = False
65.3708 	EXP 	info_example_6: autoDraw = False
65.3708 	EXP 	fix_cross_reflretr_2: autoDraw = True
65.3708 	EXP 	text: autoDraw = True
69.3206 	INFO 	Keyboard events cleared
69.3315 	INFO 	Keyboard events cleared
69.3514 	EXP 	fix_cross_reflretr_2: autoDraw = False
69.3514 	EXP 	text: autoDraw = False
69.3514 	EXP 	fix_cross_reflretr_2: autoDraw = False
69.3514 	EXP 	text: autoDraw = False
69.3514 	EXP 	yes_txt_3: height = 0.03
69.3514 	EXP 	yes_txt_3: height = 0.03
69.3514 	EXP 	yes_txt_3: height = 0.03
69.3514 	EXP 	yes_txt_3: text = 'ja'
69.3514 	EXP 	no_txt_3: height = 0.03
69.3514 	EXP 	no_txt_3: height = 0.03
69.3514 	EXP 	no_txt_3: height = 0.03
69.3514 	EXP 	no_txt_3: text = 'nein'
69.3514 	EXP 	info_example_7: image = 'stimuli/practice_images/practice_sequence_overview_t3_01.jpg'
69.3514 	EXP 	text_question_order: height = 0.03
69.3514 	EXP 	text_question_order: height = 0.03
69.3514 	EXP 	text_question_order: height = 0.03
69.3514 	EXP 	text_question_order: text = 'Präsentationsreihenfolge entspricht Sequenzreihenfolge?'
69.3514 	EXP 	yes_txt_3: autoDraw = True
69.3514 	EXP 	no_txt_3: autoDraw = True
69.3514 	EXP 	polygon_9: autoDraw = True
69.3514 	EXP 	info_example_7: autoDraw = True
69.3514 	EXP 	text_question_order: autoDraw = True
70.6041 	EXP 	Device response: <KeyPress from None: t=70.6009717999259, value=g, duration=None>
70.6052 	DATA 	Keypress: g
70.7202 	INFO 	Keyboard events cleared
70.7262 	INFO 	Keyboard events cleared
70.7347 	EXP 	yes_txt_3: autoDraw = False
70.7347 	EXP 	no_txt_3: autoDraw = False
70.7347 	EXP 	polygon_9: autoDraw = False
70.7347 	EXP 	info_example_7: autoDraw = False
70.7347 	EXP 	text_question_order: autoDraw = False
70.7347 	EXP 	info_example: image = 'stimuli/practice_images/practice_sequence_overview_t3_01.jpg'
70.7347 	EXP 	opt_2_prc: foreColor = <psychopy.colors.Color: white, alpha=1.0>
70.7347 	EXP 	opt_3_prc: foreColor = <psychopy.colors.Color: white, alpha=1.0>
70.7347 	EXP 	opt_4_prc: foreColor = <psychopy.colors.Color: white, alpha=1.0>
70.7347 	EXP 	opt_5_prc: foreColor = <psychopy.colors.Color: white, alpha=1.0>
70.7347 	EXP 	text_question_retrieval: height = 0.03
70.7347 	EXP 	text_question_retrieval: height = 0.03
70.7347 	EXP 	text_question_retrieval: height = 0.03
70.7347 	EXP 	text_question_retrieval: text = 'Wie viele Schritte zum ersten bis zum zweiten Bild?'
70.7347 	EXP 	info_example: autoDraw = True
70.7347 	EXP 	opt_2_prc: autoDraw = True
70.7347 	EXP 	opt_3_prc: autoDraw = True
70.7347 	EXP 	opt_4_prc: autoDraw = True
70.7347 	EXP 	opt_5_prc: autoDraw = True
70.7347 	EXP 	text_question_retrieval: autoDraw = True
70.8873 	EXP 	Device response: <KeyPress from None: t=70.6009717999259, value=g, duration=0.2724644000409171>
72.9029 	EXP 	Device response: <KeyPress from None: t=72.89570180000737, value=r, duration=None>
72.9043 	DATA 	Keypress: r
72.9177 	EXP 	opt_2_prc: foreColor = 'blue'
73.0361 	EXP 	info_example: autoDraw = False
73.0361 	EXP 	opt_2_prc: autoDraw = False
73.0361 	EXP 	opt_3_prc: autoDraw = False
73.0361 	EXP 	opt_4_prc: autoDraw = False
73.0361 	EXP 	opt_5_prc: autoDraw = False
73.0361 	EXP 	text_question_retrieval: autoDraw = False
73.0361 	EXP 	text_feedback: height = 0.025
73.0361 	EXP 	text_feedback: height = 0.025
73.0361 	EXP 	text_feedback: height = 0.025
73.0361 	EXP 	text_feedback: text = 'Gut gemacht! Sie haben Abruf verstanden.'
73.0361 	EXP 	info_example_2: image = 'stimuli/practice_images/practice_sequence_overview_t3_01.jpg'
73.0361 	EXP 	text_continue: height = 0.025
73.0361 	EXP 	text_continue: height = 0.025
73.0361 	EXP 	text_continue: height = 0.025
73.0361 	EXP 	text_continue: text = 'Drücken Sie eine beliebige Taste, um weiterzumachen.'
73.0361 	EXP 	text_feedback: autoDraw = True
73.0361 	EXP 	text_continue: autoDraw = True
73.1196 	EXP 	Device response: <KeyPress from None: t=42.10146169993095, value=r, duration=31.008763400022872>
73.5339 	INFO 	Keyboard events cleared
73.5695 	EXP 	Device response: <KeyPress from None: t=73.56759719992988, value=r, duration=None>
73.5706 	EXP 	New trial (rep=0, index=1): <Trial 1 (1 in rep 0) data={'trial_type': 3, 'img_first': 'stimuli/practice_images/cow.jpg', 'img_second': 'stimuli/practice_images/belt.jpg', 'img_third': None, 'opt_left': 'no', 'opt_right': 'yes', 'correct_side': 'right', 'correct_key': 'right', 'distance_correct': 4, 'image_dur_retr': 2, 'fix_dur_retr': 0.5, 'ImageExamplePath': 'stimuli/practice_images/practice_sequence_overview_t3_02.jpg', 'iti_dur_retr': 0.52, 'reflection_win_dur': 1.89, 'thisN': 1, 'thisTrialN': 1, 'thisRepN': 0}>
73.5729 	EXP 	New trial (rep=0, index=0): <Trial 0 (0 in rep 0) data={'thisN': 0, 'thisTrialN': 0, 'thisRepN': 0}>
73.5734 	DATA 	Keypress: r
73.5836 	EXP 	text_feedback: autoDraw = False
73.5836 	EXP 	info_example_2: autoDraw = False
73.5836 	EXP 	text_continue: autoDraw = False
73.5836 	EXP 	fix_cross_retrbegin: text = '+'
73.5836 	EXP 	fix_cross_retrbegin: autoDraw = True
73.6860 	EXP 	Device response: <KeyPress from None: t=72.89570180000737, value=r, duration=0.7867821999825537>
74.1544 	EXP 	fix_cross_retrbegin: autoDraw = False
74.1544 	EXP 	fix_cross_retrbegin: autoDraw = False
74.1544 	EXP 	image_1_prc: image = 'stimuli/practice_images/cow.jpg'
74.1544 	EXP 	info_example_3: image = 'stimuli/practice_images/practice_sequence_overview_t3_02.jpg'
74.1544 	EXP 	image_1_prc: autoDraw = True
74.1544 	EXP 	info_example_3: autoDraw = True
75.6676 	EXP 	image_1_prc: autoDraw = False
75.6676 	EXP 	info_example_3: autoDraw = False
75.6676 	EXP 	image_1_prc: autoDraw = False
75.6676 	EXP 	info_example_3: autoDraw = False
75.6676 	EXP 	info_example_4: image = 'stimuli/practice_images/practice_sequence_overview_t3_02.jpg'
75.6676 	EXP 	mask_img1: autoDraw = True
75.6676 	EXP 	info_example_4: autoDraw = True
75.9537 	EXP 	mask_img1: autoDraw = False
75.9537 	EXP 	info_example_4: autoDraw = False
75.9537 	EXP 	image_2_prc: image = 'stimuli/practice_images/belt.jpg'
75.9537 	EXP 	info_example_5: image = 'stimuli/practice_images/practice_sequence_overview_t3_02.jpg'
75.9537 	EXP 	image_2_prc: autoDraw = True
75.9537 	EXP 	info_example_5: autoDraw = True
77.4668 	EXP 	image_2_prc: autoDraw = False
77.4668 	EXP 	info_example_5: autoDraw = False
77.4668 	EXP 	image_2_prc: autoDraw = False
77.4668 	EXP 	info_example_5: autoDraw = False
77.4668 	EXP 	info_example_6: image = 'stimuli/practice_images/practice_sequence_overview_t3_02.jpg'
77.4668 	EXP 	mask_img2: autoDraw = True
77.4668 	EXP 	info_example_6: autoDraw = True
77.7159 	EXP 	mask_img2: autoDraw = False
77.7159 	EXP 	info_example_6: autoDraw = False
77.7159 	EXP 	mask_img2: autoDraw = False
77.7159 	EXP 	info_example_6: autoDraw = False
77.7159 	EXP 	fix_cross_reflretr_2: autoDraw = True
77.7159 	EXP 	text: autoDraw = True
81.6005 	INFO 	Keyboard events cleared
81.6034 	INFO 	Keyboard events cleared
81.6154 	EXP 	fix_cross_reflretr_2: autoDraw = False
81.6154 	EXP 	text: autoDraw = False
81.6154 	EXP 	fix_cross_reflretr_2: autoDraw = False
81.6154 	EXP 	text: autoDraw = False
81.6154 	EXP 	yes_txt_3: text = 'ja'
81.6154 	EXP 	no_txt_3: text = 'nein'
81.6154 	EXP 	info_example_7: image = 'stimuli/practice_images/practice_sequence_overview_t3_02.jpg'
81.6154 	EXP 	text_question_order: text = 'Präsentationsreihenfolge entspricht Sequenzreihenfolge?'
81.6154 	EXP 	yes_txt_3: autoDraw = True
81.6154 	EXP 	no_txt_3: autoDraw = True
81.6154 	EXP 	polygon_9: autoDraw = True
81.6154 	EXP 	info_example_7: autoDraw = True
81.6154 	EXP 	text_question_order: autoDraw = True
83.6664 	EXP 	Device response: <KeyPress from None: t=83.65500279993284, value=b, duration=None>
83.6678 	DATA 	Keypress: b
83.7829 	INFO 	Keyboard events cleared
83.7858 	INFO 	Keyboard events cleared
83.7981 	EXP 	yes_txt_3: autoDraw = False
83.7981 	EXP 	no_txt_3: autoDraw = False
83.7981 	EXP 	polygon_9: autoDraw = False
83.7981 	EXP 	info_example_7: autoDraw = False
83.7981 	EXP 	text_question_order: autoDraw = False
83.7981 	EXP 	info_example: image = 'stimuli/practice_images/practice_sequence_overview_t3_02.jpg'
83.7981 	EXP 	opt_2_prc: foreColor = <psychopy.colors.Color: white, alpha=1.0>
83.7981 	EXP 	opt_3_prc: foreColor = <psychopy.colors.Color: white, alpha=1.0>
83.7981 	EXP 	opt_4_prc: foreColor = <psychopy.colors.Color: white, alpha=1.0>
83.7981 	EXP 	opt_5_prc: foreColor = <psychopy.colors.Color: white, alpha=1.0>
83.7981 	EXP 	text_question_retrieval: text = 'Wie viele Schritte zum ersten bis zum zweiten Bild?'
83.7981 	EXP 	info_example: autoDraw = True
83.7981 	EXP 	opt_2_prc: autoDraw = True
83.7981 	EXP 	opt_3_prc: autoDraw = True
83.7981 	EXP 	opt_4_prc: autoDraw = True
83.7981 	EXP 	opt_5_prc: autoDraw = True
83.7981 	EXP 	text_question_retrieval: autoDraw = True
83.8494 	EXP 	Device response: <KeyPress from None: t=83.65500279993284, value=b, duration=0.1924965000944212>
87.6152 	EXP 	Device response: <KeyPress from None: t=87.61328829999547, value=y, duration=None>
87.6166 	DATA 	Keypress: y
87.6306 	EXP 	opt_4_prc: foreColor = 'blue'
87.7470 	EXP 	info_example: autoDraw = False
87.7470 	EXP 	opt_2_prc: autoDraw = False
87.7470 	EXP 	opt_3_prc: autoDraw = False
87.7470 	EXP 	opt_4_prc: autoDraw = False
87.7470 	EXP 	opt_5_prc: autoDraw = False
87.7470 	EXP 	text_question_retrieval: autoDraw = False
87.7470 	EXP 	text_feedback: text = 'Gut gemacht! Sie haben Abruf verstanden.'
87.7470 	EXP 	info_example_2: image = 'stimuli/practice_images/practice_sequence_overview_t3_02.jpg'
87.7470 	EXP 	text_continue: text = 'Drücken Sie eine beliebige Taste, um weiterzumachen.'
87.7470 	EXP 	text_feedback: autoDraw = True
87.7470 	EXP 	text_continue: autoDraw = True
87.7491 	EXP 	Device response: <KeyPress from None: t=87.61328829999547, value=y, duration=0.13378549995832145>
88.2460 	INFO 	Keyboard events cleared
88.3149 	EXP 	Device response: <KeyPress from None: t=88.300038699992, value=y, duration=None>
88.3160 	EXP 	New trial (rep=0, index=2): <Trial 2 (2 in rep 0) data={'trial_type': 3, 'img_first': 'stimuli/practice_images/belt.jpg', 'img_second': 'stimuli/practice_images/ant.jpg', 'img_third': None, 'opt_left': 'yes', 'opt_right': 'no', 'correct_side': 'right', 'correct_key': 'up', 'distance_correct': 3, 'image_dur_retr': 2, 'fix_dur_retr': 0.5, 'ImageExamplePath': 'stimuli/practice_images/practice_sequence_overview_t3_03.jpg', 'iti_dur_retr': 0.61, 'reflection_win_dur': 2.15, 'thisN': 2, 'thisTrialN': 2, 'thisRepN': 0}>
88.3184 	EXP 	New trial (rep=0, index=0): <Trial 0 (0 in rep 0) data={'thisN': 0, 'thisTrialN': 0, 'thisRepN': 0}>
88.3189 	DATA 	Keypress: y
88.3295 	EXP 	text_feedback: autoDraw = False
88.3295 	EXP 	info_example_2: autoDraw = False
88.3295 	EXP 	text_continue: autoDraw = False
88.3295 	EXP 	fix_cross_retrbegin: text = '+'
88.3295 	EXP 	fix_cross_retrbegin: autoDraw = True
88.3811 	EXP 	Device response: <KeyPress from None: t=88.300038699992, value=y, duration=0.07760540000163019>
89.0001 	EXP 	fix_cross_retrbegin: autoDraw = False
89.0001 	EXP 	fix_cross_retrbegin: autoDraw = False
89.0001 	EXP 	image_1_prc: image = 'stimuli/practice_images/belt.jpg'
89.0001 	EXP 	info_example_3: image = 'stimuli/practice_images/practice_sequence_overview_t3_03.jpg'
89.0001 	EXP 	image_1_prc: autoDraw = True
89.0001 	EXP 	info_example_3: autoDraw = True
90.5418 	EXP 	image_1_prc: autoDraw = False
90.5418 	EXP 	info_example_3: autoDraw = False
90.5418 	EXP 	image_1_prc: autoDraw = False
90.5418 	EXP 	info_example_3: autoDraw = False
90.5418 	EXP 	info_example_4: image = 'stimuli/practice_images/practice_sequence_overview_t3_03.jpg'
90.5418 	EXP 	mask_img1: autoDraw = True
90.5418 	EXP 	info_example_4: autoDraw = True
90.8223 	EXP 	mask_img1: autoDraw = False
90.8223 	EXP 	info_example_4: autoDraw = False
90.8223 	EXP 	image_2_prc: image = 'stimuli/practice_images/ant.jpg'
90.8223 	EXP 	info_example_5: image = 'stimuli/practice_images/practice_sequence_overview_t3_03.jpg'
90.8223 	EXP 	image_2_prc: autoDraw = True
90.8223 	EXP 	info_example_5: autoDraw = True
92.3614 	EXP 	image_2_prc: autoDraw = False
92.3614 	EXP 	info_example_5: autoDraw = False
92.3614 	EXP 	image_2_prc: autoDraw = False
92.3614 	EXP 	info_example_5: autoDraw = False
92.3614 	EXP 	info_example_6: image = 'stimuli/practice_images/practice_sequence_overview_t3_03.jpg'
92.3614 	EXP 	mask_img2: autoDraw = True
92.3614 	EXP 	info_example_6: autoDraw = True
92.5946 	EXP 	mask_img2: autoDraw = False
92.5946 	EXP 	info_example_6: autoDraw = False
92.5946 	EXP 	fix_cross_reflretr_2: autoDraw = True
92.5946 	EXP 	text: autoDraw = True
96.7454 	INFO 	Keyboard events cleared
96.7567 	INFO 	Keyboard events cleared
96.7840 	EXP 	fix_cross_reflretr_2: autoDraw = False
96.7840 	EXP 	text: autoDraw = False
96.7840 	EXP 	fix_cross_reflretr_2: autoDraw = False
96.7840 	EXP 	text: autoDraw = False
96.7840 	EXP 	yes_txt_3: text = 'ja'
96.7840 	EXP 	no_txt_3: text = 'nein'
96.7840 	EXP 	info_example_7: image = 'stimuli/practice_images/practice_sequence_overview_t3_03.jpg'
96.7840 	EXP 	text_question_order: text = 'Präsentationsreihenfolge entspricht Sequenzreihenfolge?'
96.7840 	EXP 	yes_txt_3: autoDraw = True
96.7840 	EXP 	no_txt_3: autoDraw = True
96.7840 	EXP 	polygon_9: autoDraw = True
96.7840 	EXP 	info_example_7: autoDraw = True
96.7840 	EXP 	text_question_order: autoDraw = True
97.3452 	EXP 	Device response: <KeyPress from None: t=97.33759309991729, value=b, duration=None>
97.3461 	DATA 	Keypress: b
97.4455 	INFO 	Keyboard events cleared
97.4574 	INFO 	Keyboard events cleared
97.4884 	EXP 	yes_txt_3: autoDraw = False
97.4884 	EXP 	no_txt_3: autoDraw = False
97.4884 	EXP 	polygon_9: autoDraw = False
97.4884 	EXP 	info_example_7: autoDraw = False
97.4884 	EXP 	text_question_order: autoDraw = False
97.4884 	EXP 	info_example: image = 'stimuli/practice_images/practice_sequence_overview_t3_03.jpg'
97.4884 	EXP 	opt_2_prc: foreColor = <psychopy.colors.Color: white, alpha=1.0>
97.4884 	EXP 	opt_3_prc: foreColor = <psychopy.colors.Color: white, alpha=1.0>
97.4884 	EXP 	opt_4_prc: foreColor = <psychopy.colors.Color: white, alpha=1.0>
97.4884 	EXP 	opt_5_prc: foreColor = <psychopy.colors.Color: white, alpha=1.0>
97.4884 	EXP 	text_question_retrieval: text = 'Wie viele Schritte zum ersten bis zum zweiten Bild?'
97.4884 	EXP 	info_example: autoDraw = True
97.4884 	EXP 	opt_2_prc: autoDraw = True
97.4884 	EXP 	opt_3_prc: autoDraw = True
97.4884 	EXP 	opt_4_prc: autoDraw = True
97.4884 	EXP 	opt_5_prc: autoDraw = True
97.4884 	EXP 	text_question_retrieval: autoDraw = True
97.5291 	EXP 	Device response: <KeyPress from None: t=97.33759309991729, value=b, duration=0.18170930002816021>
99.5115 	EXP 	Device response: <KeyPress from None: t=99.49736529996153, value=b, duration=None>
99.5128 	DATA 	Keypress: b
99.5259 	EXP 	opt_3_prc: foreColor = 'blue'
99.6486 	EXP 	info_example: autoDraw = False
99.6486 	EXP 	opt_2_prc: autoDraw = False
99.6486 	EXP 	opt_3_prc: autoDraw = False
99.6486 	EXP 	opt_4_prc: autoDraw = False
99.6486 	EXP 	opt_5_prc: autoDraw = False
99.6486 	EXP 	text_question_retrieval: autoDraw = False
99.6486 	EXP 	text_feedback: text = 'Gut gemacht! Sie haben Abruf verstanden.'
99.6486 	EXP 	info_example_2: image = 'stimuli/practice_images/practice_sequence_overview_t3_03.jpg'
99.6486 	EXP 	text_continue: text = 'Drücken Sie eine beliebige Taste, um weiterzumachen.'
99.6486 	EXP 	text_feedback: autoDraw = True
99.6486 	EXP 	text_continue: autoDraw = True
99.6616 	EXP 	Device response: <KeyPress from None: t=99.49736529996153, value=b, duration=0.16035140003077686>
100.0614 	EXP 	Device response: <KeyPress from None: t=100.05766069993842, value=b, duration=None>
100.0618 	DATA 	Keypress: b
100.1261 	INFO 	Keyboard events cleared
100.2112 	EXP 	Device response: <KeyPress from None: t=100.05766069993842, value=b, duration=0.13761380000505596>
100.5786 	EXP 	Device response: <KeyPress from None: t=100.56077109999023, value=b, duration=None>
100.5871 	DATA 	Keypress: b
100.5924 	EXP 	text_feedback: autoDraw = False
100.5924 	EXP 	info_example_2: autoDraw = False
100.5924 	EXP 	text_continue: autoDraw = False
100.5924 	EXP 	instructions_part7: height = 0.025
100.5924 	EXP 	instructions_part7: height = 0.025
100.5924 	EXP 	instructions_part7: height = 0.025
100.5924 	EXP 	instructions_part7: text = 'Sie haben alle Übungsdurchgänge beendet.\nNun beginnt die Hauptaufgabe.\n\nBitte bewegen Sie Körper und Augen während der\nAufgabenphasen so wenig wie möglich.\n\nZu Beginn kennen Sie die richtige Sequenz noch nicht.\nSie lernen sie schrittweise durch Versuch und Irrtum.\n\nDrücken Sie eine beliebige Taste, um die Hauptaufgabe zu starten.'
100.5924 	EXP 	instructions_part7: autoDraw = True
100.6446 	EXP 	Device response: <KeyPress from None: t=100.56077109999023, value=b, duration=0.07364089996553957>
101.3600 	EXP 	Device response: <KeyPress from None: t=101.34440039994661, value=b, duration=None>
101.3603 	DATA 	Keypress: b
101.4269 	EXP 	Device response: <KeyPress from None: t=101.34440039994661, value=b, duration=0.07552289997693151>
101.5918 	INFO 	Keyboard events cleared
101.8780 	DATA 	Keypress: b
101.8940 	EXP 	Device response: <KeyPress from None: t=101.87775169999804, value=b, duration=None>
101.8982 	DEBUG 	Read excel file with openpyxl: sequences/block_conditions.xlsx
101.8986 	EXP 	Imported sequences/block_conditions.xlsx as conditions, 4 conditions, 3 params
101.8989 	EXP 	New trial (rep=0, index=0): <Trial 0 (0 in rep 0) data={'condFileLearning': 'sequences/learning_block1_fixed-middle-10_0{participant_ID}.xlsx', 'condFileRetrieval': 'sequences/retrieval_block1_fixed-middle-10_0{participant_ID}.xlsx', 'n_routes_block': 6, 'thisN': 0, 'thisTrialN': 0, 'thisRepN': 0}>
101.8991 	EXP 	New trial (rep=0, index=0): <Trial 0 (0 in rep 0) data={'thisN': 0, 'thisTrialN': 0, 'thisRepN': 0}>
101.9261 	EXP 	instructions_part7: autoDraw = False
101.9261 	EXP 	scene_image: image = 'stimuli\\context_images\\sea_01.jpg'
101.9261 	EXP 	scene_image: autoDraw = True
101.9603 	EXP 	Device response: <KeyPress from None: t=101.87775169999804, value=b, duration=0.07291410001926124>
102.1439 	EXP 	Device response: <KeyPress from None: t=102.12790540000424, value=b, duration=None>
102.1442 	DATA 	Keypress: b
102.1943 	EXP 	Device response: <KeyPress from None: t=102.12790540000424, value=b, duration=0.055432099965400994>
102.4402 	DEBUG 	Read excel file with openpyxl: sequences/learning_block1_fixed-middle-10_03.xlsx
102.4709 	EXP 	Imported sequences/learning_block1_fixed-middle-10_03.xlsx as conditions, 13 conditions, 35 params
102.4712 	EXP 	New trial (rep=0, index=0): <Trial 0 (0 in rep 0) data={'block': 1.0, 'learningSeq': 'A', 'runIndexWithinSeq': 1, 'currPosInSeq': 1, 'promptFile': 'stimuli/lamp/lamp_01.jpg', 'correctFile': 'stimuli/key/key_01.jpg', 'dist_01File': 'stimuli/bicycle/bicycle_06.jpg', 'dist_02File': 'stimuli/bread/bread_29.jpg', 'promptConcept': 'lamp', 'correctConcept': 'key', 'dist01Concept': 'bicycle', 'dist02Concept': 'bread', 'correct_pos': 'right', 'dist01_pos': 'center', 'dist02_pos': 'left', 'dist01_diff': 0.53, 'dist02_diff': 0.42, 'correct_ans': 'right', 'pairTargetPosInSeq': 2, 'buf1Concept': 'lamp', 'buf1Exemplar': 1, 'buf1File': 'stimuli/lamp/lamp_01.jpg', 'buf2Concept': 'key', 'buf2Exemplar': 1, 'buf2File': 'stimuli/key/key_01.jpg', 'buf13Concept': 'pencil', 'buf13Exemplar': 1, 'buf13File': 'stimuli/pencil/pencil_01.jpg', 'buf14Concept': 'phone', 'buf14Exemplar': 1, 'buf14File': 'stimuli/phone/phone_01.jpg', 'promptTrigNumber': 14, 'correctTrigNumber': 15, 'dist01TrigNumber': 2, 'dist02TrigNumber': 3, 'thisN': 0, 'thisTrialN': 0, 'thisRepN': 0}>
102.4765 	INFO 	Keyboard events cleared
102.6694 	INFO 	Keyboard events cleared
102.7995 	EXP 	scene_image: autoDraw = False
102.7995 	EXP 	scene_image_2: image = 'stimuli\\context_images\\sea_01.jpg'
102.7995 	EXP 	prompt: image = 'stimuli/lamp/lamp_01.jpg'
102.7995 	EXP 	dist_01: image = 'stimuli/bicycle/bicycle_06.jpg'
102.7995 	EXP 	dist_02: image = 'stimuli/bread/bread_29.jpg'
102.7995 	EXP 	correct: image = 'stimuli/key/key_01.jpg'
102.7995 	EXP 	chooseNowText: height = 0.02
102.7995 	EXP 	chooseNowText: height = 0.02
102.7995 	EXP 	chooseNowText: height = 0.02
102.7995 	EXP 	scene_image_2: autoDraw = True
102.7995 	EXP 	polygon_4: autoDraw = True
102.7995 	EXP 	polygon_4: borderColor = <psychopy.colors.Color: none, alpha=0.0>
102.7995 	EXP 	prompt: autoDraw = True
102.7995 	EXP 	dist_01: autoDraw = True
102.7995 	EXP 	dist_02: autoDraw = True
102.7995 	EXP 	correct: autoDraw = True
102.7995 	EXP 	chooseNowText: autoDraw = True
102.8086 	EXP 	polygon_4: borderColor = <psychopy.colors.Color: none, alpha=0.0>
102.8254 	EXP 	polygon_4: borderColor = <psychopy.colors.Color: none, alpha=0.0>
102.8418 	EXP 	polygon_4: borderColor = <psychopy.colors.Color: none, alpha=0.0>
102.8585 	EXP 	polygon_4: borderColor = <psychopy.colors.Color: none, alpha=0.0>
102.8755 	EXP 	polygon_4: borderColor = <psychopy.colors.Color: none, alpha=0.0>
102.8923 	EXP 	polygon_4: borderColor = <psychopy.colors.Color: none, alpha=0.0>
102.9088 	EXP 	polygon_4: borderColor = <psychopy.colors.Color: none, alpha=0.0>
102.9256 	EXP 	polygon_4: borderColor = <psychopy.colors.Color: none, alpha=0.0>
102.9422 	EXP 	polygon_4: borderColor = <psychopy.colors.Color: none, alpha=0.0>
102.9591 	EXP 	polygon_4: borderColor = <psychopy.colors.Color: none, alpha=0.0>
102.9756 	EXP 	polygon_4: borderColor = <psychopy.colors.Color: none, alpha=0.0>
102.9919 	EXP 	polygon_4: borderColor = <psychopy.colors.Color: none, alpha=0.0>
103.0086 	EXP 	polygon_4: borderColor = <psychopy.colors.Color: none, alpha=0.0>
103.0254 	EXP 	polygon_4: borderColor = <psychopy.colors.Color: none, alpha=0.0>
103.0421 	EXP 	polygon_4: borderColor = <psychopy.colors.Color: none, alpha=0.0>
103.0589 	EXP 	polygon_4: borderColor = <psychopy.colors.Color: none, alpha=0.0>
103.0751 	EXP 	polygon_4: borderColor = <psychopy.colors.Color: none, alpha=0.0>
103.0918 	EXP 	polygon_4: borderColor = <psychopy.colors.Color: none, alpha=0.0>
103.1084 	EXP 	polygon_4: borderColor = <psychopy.colors.Color: none, alpha=0.0>
103.1249 	EXP 	polygon_4: borderColor = <psychopy.colors.Color: none, alpha=0.0>
103.1419 	EXP 	polygon_4: borderColor = <psychopy.colors.Color: none, alpha=0.0>
103.1584 	EXP 	polygon_4: borderColor = <psychopy.colors.Color: none, alpha=0.0>
103.1749 	EXP 	polygon_4: borderColor = <psychopy.colors.Color: none, alpha=0.0>
103.1916 	EXP 	polygon_4: borderColor = <psychopy.colors.Color: none, alpha=0.0>
103.2082 	EXP 	polygon_4: borderColor = <psychopy.colors.Color: none, alpha=0.0>
103.2252 	EXP 	polygon_4: borderColor = <psychopy.colors.Color: none, alpha=0.0>
103.2421 	EXP 	polygon_4: borderColor = <psychopy.colors.Color: none, alpha=0.0>
103.2585 	EXP 	polygon_4: borderColor = <psychopy.colors.Color: none, alpha=0.0>
103.2754 	EXP 	polygon_4: borderColor = <psychopy.colors.Color: none, alpha=0.0>
103.2919 	EXP 	polygon_4: borderColor = <psychopy.colors.Color: none, alpha=0.0>
103.3082 	EXP 	polygon_4: borderColor = <psychopy.colors.Color: none, alpha=0.0>
103.3252 	EXP 	polygon_4: borderColor = <psychopy.colors.Color: none, alpha=0.0>
103.3419 	EXP 	polygon_4: borderColor = <psychopy.colors.Color: none, alpha=0.0>
103.3586 	EXP 	polygon_4: borderColor = <psychopy.colors.Color: none, alpha=0.0>
103.3754 	EXP 	polygon_4: borderColor = <psychopy.colors.Color: none, alpha=0.0>
103.3920 	EXP 	polygon_4: borderColor = <psychopy.colors.Color: none, alpha=0.0>
103.4086 	EXP 	polygon_4: borderColor = <psychopy.colors.Color: none, alpha=0.0>
103.4254 	EXP 	polygon_4: borderColor = <psychopy.colors.Color: none, alpha=0.0>
103.4417 	EXP 	polygon_4: borderColor = <psychopy.colors.Color: none, alpha=0.0>
103.4585 	EXP 	polygon_4: borderColor = <psychopy.colors.Color: none, alpha=0.0>
103.4751 	EXP 	polygon_4: borderColor = <psychopy.colors.Color: none, alpha=0.0>
103.4921 	EXP 	polygon_4: borderColor = <psychopy.colors.Color: none, alpha=0.0>
103.5088 	EXP 	polygon_4: borderColor = <psychopy.colors.Color: none, alpha=0.0>
103.5254 	EXP 	polygon_4: borderColor = <psychopy.colors.Color: none, alpha=0.0>
103.5419 	EXP 	polygon_4: borderColor = <psychopy.colors.Color: none, alpha=0.0>
103.5589 	EXP 	polygon_4: borderColor = <psychopy.colors.Color: none, alpha=0.0>
103.5615 	DATA 	Keypress: g
103.5750 	EXP 	polygon_4: borderColor = <psychopy.colors.Color: none, alpha=0.0>
103.5774 	EXP 	Device response: <KeyPress from None: t=103.56111639994197, value=g, duration=None>
103.6078 	EXP 	polygon_4: borderColor = <psychopy.colors.Color: none, alpha=0.0>
103.6078 	EXP 	polygon_4: fillColor = <psychopy.colors.Color: red, alpha=1.0>
103.6078 	EXP 	polygon_4: borderColor = <psychopy.colors.Color: red, alpha=1.0>
103.6252 	EXP 	polygon_4: borderColor = <psychopy.colors.Color: (0.0, 0.0, 0.0, 1.0)>
103.6415 	EXP 	polygon_4: borderColor = <psychopy.colors.Color: (0.0, 0.0, 0.0, 1.0)>
103.6583 	EXP 	polygon_4: borderColor = <psychopy.colors.Color: (0.0, 0.0, 0.0, 1.0)>
103.6753 	EXP 	polygon_4: borderColor = <psychopy.colors.Color: (0.0, 0.0, 0.0, 1.0)>
103.6918 	EXP 	polygon_4: borderColor = <psychopy.colors.Color: (0.0, 0.0, 0.0, 1.0)>
103.6943 	EXP 	Device response: <KeyPress from None: t=103.56111639994197, value=g, duration=0.1280048000626266>
103.9462 	EXP 	polygon_4: borderColor = <psychopy.colors.Color: (0.0, 0.0, 0.0, 1.0)>
103.9462 	EXP 	scene_image_2: autoDraw = False
103.9462 	EXP 	polygon_4: autoDraw = False
103.9462 	EXP 	prompt: autoDraw = False
103.9462 	EXP 	dist_01: autoDraw = False
103.9462 	EXP 	dist_02: autoDraw = False
103.9462 	EXP 	correct: autoDraw = False
103.9462 	EXP 	chooseNowText: autoDraw = False
103.9462 	EXP 	scene_image_3: image = 'stimuli\\context_images\\sea_01.jpg'
103.9462 	EXP 	polygon_8: fillColor = <psychopy.colors.Color: red, alpha=1.0>
103.9462 	EXP 	polygon_8: borderColor = <psychopy.colors.Color: red, alpha=1.0>
103.9462 	EXP 	prompt_2: image = 'stimuli/lamp/lamp_01.jpg'
103.9462 	EXP 	dist_01_2: image = 'stimuli/bicycle/bicycle_06.jpg'
103.9462 	EXP 	dist_02_2: image = 'stimuli/bread/bread_29.jpg'
103.9462 	EXP 	correct_2: image = 'stimuli/key/key_01.jpg'
103.9462 	EXP 	scene_image_3: autoDraw = True
103.9462 	EXP 	polygon_8: autoDraw = True
103.9462 	EXP 	prompt_2: autoDraw = True
103.9462 	EXP 	dist_01_2: autoDraw = True
103.9462 	EXP 	dist_02_2: autoDraw = True
103.9462 	EXP 	correct_2: autoDraw = True
104.9368 	EXP 	New trial (rep=0, index=1): <Trial 1 (1 in rep 0) data={'block': 1.0, 'learningSeq': 'A', 'runIndexWithinSeq': 1, 'currPosInSeq': 2, 'promptFile': 'stimuli/key/key_01.jpg', 'correctFile': 'stimuli/hand/hand_16.jpg', 'dist_01File': 'stimuli/flower/flower_17.jpg', 'dist_02File': 'stimuli/chair/chair_11.jpg', 'promptConcept': 'key', 'correctConcept': 'hand', 'dist01Concept': 'flower', 'dist02Concept': 'chair', 'correct_pos': 'right', 'dist01_pos': 'center', 'dist02_pos': 'left', 'dist01_diff': 0.69, 'dist02_diff': 0.53, 'correct_ans': 'right', 'pairTargetPosInSeq': 3, 'buf1Concept': 'lamp', 'buf1Exemplar': 1, 'buf1File': 'stimuli/lamp/lamp_01.jpg', 'buf2Concept': 'key', 'buf2Exemplar': 1, 'buf2File': 'stimuli/key/key_01.jpg', 'buf13Concept': 'pencil', 'buf13Exemplar': 1, 'buf13File': 'stimuli/pencil/pencil_01.jpg', 'buf14Concept': 'phone', 'buf14Exemplar': 1, 'buf14File': 'stimuli/phone/phone_01.jpg', 'promptTrigNumber': 15, 'correctTrigNumber': 8, 'dist01TrigNumber': 6, 'dist02TrigNumber': 4, 'thisN': 1, 'thisTrialN': 1, 'thisRepN': 0}>
104.9442 	INFO 	Keyboard events cleared
105.0823 	INFO 	Keyboard events cleared
105.1155 	EXP 	scene_image_3: autoDraw = False
105.1155 	EXP 	polygon_8: autoDraw = False
105.1155 	EXP 	prompt_2: autoDraw = False
105.1155 	EXP 	dist_01_2: autoDraw = False
105.1155 	EXP 	dist_02_2: autoDraw = False
105.1155 	EXP 	correct_2: autoDraw = False
105.1155 	EXP 	scene_image_4: image = 'stimuli\\context_images\\sea_01.jpg'
105.1155 	EXP 	tooSlowtext: text = ''
105.1155 	EXP 	tooSlowtext: height = 0.02
105.1155 	EXP 	tooSlowtext: height = 0.02
105.1155 	EXP 	tooSlowtext: height = 0.02
105.1155 	EXP 	tooSlowtext: text = 'Zu langsam. Sie müssen schneller antworten.'
105.1155 	EXP 	scene_image_4: autoDraw = False
105.1155 	EXP 	tooSlowtext: autoDraw = False
105.1155 	EXP 	scene_image_2: image = 'stimuli\\context_images\\sea_01.jpg'
105.1155 	EXP 	prompt: image = 'stimuli/key/key_01.jpg'
105.1155 	EXP 	dist_01: image = 'stimuli/flower/flower_17.jpg'
105.1155 	EXP 	dist_02: image = 'stimuli/chair/chair_11.jpg'
105.1155 	EXP 	correct: image = 'stimuli/hand/hand_16.jpg'
105.1155 	EXP 	chooseNowText: height = 0.02
105.1155 	EXP 	chooseNowText: height = 0.02
105.1155 	EXP 	chooseNowText: height = 0.02
105.1155 	EXP 	scene_image_2: autoDraw = True
105.1155 	EXP 	polygon_4: autoDraw = True
105.1155 	EXP 	polygon_4: borderColor = <psychopy.colors.Color: none, alpha=0.0>
105.1155 	EXP 	prompt: autoDraw = True
105.1155 	EXP 	dist_01: autoDraw = True
105.1155 	EXP 	dist_02: autoDraw = True
105.1155 	EXP 	correct: autoDraw = True
105.1155 	EXP 	chooseNowText: autoDraw = True
105.1249 	EXP 	polygon_4: borderColor = <psychopy.colors.Color: none, alpha=0.0>
105.1410 	EXP 	polygon_4: borderColor = <psychopy.colors.Color: none, alpha=0.0>
105.1432 	EXP 	Device response: <KeyPress from None: t=105.12825860001612, value=b, duration=None>
105.1461 	DATA 	Keypress: b
105.1746 	EXP 	polygon_4: borderColor = <psychopy.colors.Color: none, alpha=0.0>
105.1746 	EXP 	polygon_4: fillColor = <psychopy.colors.Color: (0.0, 1.0, 0.0, 1.0)>
105.1746 	EXP 	polygon_4: borderColor = <psychopy.colors.Color: (0.0, 1.0, 0.0, 1.0)>
105.1911 	EXP 	polygon_4: borderColor = <psychopy.colors.Color: (0.0, 0.0, 0.0, 1.0)>
105.2084 	EXP 	polygon_4: borderColor = <psychopy.colors.Color: (0.0, 0.0, 0.0, 1.0)>
105.2247 	EXP 	polygon_4: borderColor = <psychopy.colors.Color: (0.0, 0.0, 0.0, 1.0)>
105.2415 	EXP 	polygon_4: borderColor = <psychopy.colors.Color: (0.0, 0.0, 0.0, 1.0)>
105.2581 	EXP 	polygon_4: borderColor = <psychopy.colors.Color: (0.0, 0.0, 0.0, 1.0)>
105.3979 	EXP 	Device response: <KeyPress from None: t=105.12825860001612, value=b, duration=0.24287749989889562>
105.4300 	EXP 	polygon_4: borderColor = <psychopy.colors.Color: (0.0, 0.0, 0.0, 1.0)>
105.4300 	EXP 	scene_image_2: autoDraw = False
105.4300 	EXP 	polygon_4: autoDraw = False
105.4300 	EXP 	prompt: autoDraw = False
105.4300 	EXP 	dist_01: autoDraw = False
105.4300 	EXP 	dist_02: autoDraw = False
105.4300 	EXP 	correct: autoDraw = False
105.4300 	EXP 	chooseNowText: autoDraw = False
105.4300 	EXP 	scene_image_3: image = 'stimuli\\context_images\\sea_01.jpg'
105.4300 	EXP 	polygon_8: fillColor = <psychopy.colors.Color: (0.0, 1.0, 0.0, 1.0)>
105.4300 	EXP 	polygon_8: borderColor = <psychopy.colors.Color: (0.0, 1.0, 0.0, 1.0)>
105.4300 	EXP 	prompt_2: image = 'stimuli/key/key_01.jpg'
105.4300 	EXP 	dist_01_2: image = 'stimuli/flower/flower_17.jpg'
105.4300 	EXP 	dist_02_2: image = 'stimuli/chair/chair_11.jpg'
105.4300 	EXP 	correct_2: image = 'stimuli/hand/hand_16.jpg'
105.4300 	EXP 	scene_image_3: autoDraw = True
105.4300 	EXP 	polygon_8: autoDraw = True
105.4300 	EXP 	prompt_2: autoDraw = True
105.4300 	EXP 	dist_01_2: autoDraw = True
105.4300 	EXP 	dist_02_2: autoDraw = True
105.4300 	EXP 	correct_2: autoDraw = True
106.4177 	EXP 	New trial (rep=0, index=2): <Trial 2 (2 in rep 0) data={'block': 1.0, 'learningSeq': 'A', 'runIndexWithinSeq': 1, 'currPosInSeq': 3, 'promptFile': 'stimuli/hand/hand_16.jpg', 'correctFile': 'stimuli/ball/ball_11.jpg', 'dist_01File': 'stimuli/dog/dog_49.jpg', 'dist_02File': 'stimuli/house/house_35.jpg', 'promptConcept': 'hand', 'correctConcept': 'ball', 'dist01Concept': 'dog', 'dist02Concept': 'house', 'correct_pos': 'center', 'dist01_pos': 'left', 'dist02_pos': 'right', 'dist01_diff': 0.8, 'dist02_diff': 0.47, 'correct_ans': 'center', 'pairTargetPosInSeq': 4, 'buf1Concept': 'lamp', 'buf1Exemplar': 1, 'buf1File': 'stimuli/lamp/lamp_01.jpg', 'buf2Concept': 'key', 'buf2Exemplar': 1, 'buf2File': 'stimuli/key/key_01.jpg', 'buf13Concept': 'pencil', 'buf13Exemplar': 1, 'buf13File': 'stimuli/pencil/pencil_01.jpg', 'buf14Concept': 'phone', 'buf14Exemplar': 1, 'buf14File': 'stimuli/phone/phone_01.jpg', 'promptTrigNumber': 8, 'correctTrigNumber': 1, 'dist01TrigNumber': 5, 'dist02TrigNumber': 9, 'thisN': 2, 'thisTrialN': 2, 'thisRepN': 0}>
106.4233 	INFO 	Keyboard events cleared
106.5918 	INFO 	Keyboard events cleared
106.6622 	EXP 	scene_image_3: autoDraw = False
106.6622 	EXP 	polygon_8: autoDraw = False
106.6622 	EXP 	prompt_2: autoDraw = False
106.6622 	EXP 	dist_01_2: autoDraw = False
106.6622 	EXP 	dist_02_2: autoDraw = False
106.6622 	EXP 	correct_2: autoDraw = False
106.6622 	EXP 	scene_image_4: image = 'stimuli\\context_images\\sea_01.jpg'
106.6622 	EXP 	tooSlowtext: height = 0.02
106.6622 	EXP 	tooSlowtext: height = 0.02
106.6622 	EXP 	tooSlowtext: height = 0.02
106.6622 	EXP 	tooSlowtext: text = ''
106.6622 	EXP 	tooSlowtext: height = 0.02
106.6622 	EXP 	tooSlowtext: height = 0.02
106.6622 	EXP 	tooSlowtext: height = 0.02
106.6622 	EXP 	tooSlowtext: text = 'Zu langsam. Sie müssen schneller antworten.'
106.6622 	EXP 	scene_image_4: autoDraw = False
106.6622 	EXP 	tooSlowtext: autoDraw = False
106.6622 	EXP 	scene_image_2: image = 'stimuli\\context_images\\sea_01.jpg'
106.6622 	EXP 	prompt: image = 'stimuli/hand/hand_16.jpg'
106.6622 	EXP 	dist_01: image = 'stimuli/dog/dog_49.jpg'
106.6622 	EXP 	dist_02: image = 'stimuli/house/house_35.jpg'
106.6622 	EXP 	correct: image = 'stimuli/ball/ball_11.jpg'
106.6622 	EXP 	chooseNowText: height = 0.02
106.6622 	EXP 	chooseNowText: height = 0.02
106.6622 	EXP 	chooseNowText: height = 0.02
106.6622 	EXP 	scene_image_2: autoDraw = True
106.6622 	EXP 	polygon_4: autoDraw = True
106.6622 	EXP 	polygon_4: borderColor = <psychopy.colors.Color: none, alpha=0.0>
106.6622 	EXP 	prompt: autoDraw = True
106.6622 	EXP 	dist_01: autoDraw = True
106.6622 	EXP 	dist_02: autoDraw = True
106.6622 	EXP 	correct: autoDraw = True
106.6622 	EXP 	chooseNowText: autoDraw = True
106.6742 	EXP 	polygon_4: borderColor = <psychopy.colors.Color: none, alpha=0.0>
106.6905 	EXP 	polygon_4: borderColor = <psychopy.colors.Color: none, alpha=0.0>
106.7071 	EXP 	polygon_4: borderColor = <psychopy.colors.Color: none, alpha=0.0>
106.7238 	EXP 	polygon_4: borderColor = <psychopy.colors.Color: none, alpha=0.0>
106.7410 	EXP 	polygon_4: borderColor = <psychopy.colors.Color: none, alpha=0.0>
106.7574 	EXP 	polygon_4: borderColor = <psychopy.colors.Color: none, alpha=0.0>
106.7744 	EXP 	polygon_4: borderColor = <psychopy.colors.Color: none, alpha=0.0>
106.7910 	EXP 	polygon_4: borderColor = <psychopy.colors.Color: none, alpha=0.0>
106.8075 	EXP 	polygon_4: borderColor = <psychopy.colors.Color: none, alpha=0.0>
106.8240 	EXP 	polygon_4: borderColor = <psychopy.colors.Color: none, alpha=0.0>
106.8408 	EXP 	polygon_4: borderColor = <psychopy.colors.Color: none, alpha=0.0>
106.8574 	EXP 	polygon_4: borderColor = <psychopy.colors.Color: none, alpha=0.0>
106.8742 	EXP 	polygon_4: borderColor = <psychopy.colors.Color: none, alpha=0.0>
106.8912 	EXP 	polygon_4: borderColor = <psychopy.colors.Color: none, alpha=0.0>
106.9077 	EXP 	polygon_4: borderColor = <psychopy.colors.Color: none, alpha=0.0>
106.9101 	EXP 	Device response: <KeyPress from None: t=106.89985029993113, value=r, duration=None>
106.9131 	DATA 	Keypress: r
106.9405 	EXP 	polygon_4: borderColor = <psychopy.colors.Color: none, alpha=0.0>
106.9405 	EXP 	polygon_4: fillColor = <psychopy.colors.Color: (0.0, 1.0, 0.0, 1.0)>
106.9405 	EXP 	polygon_4: borderColor = <psychopy.colors.Color: (0.0, 1.0, 0.0, 1.0)>
106.9577 	EXP 	polygon_4: borderColor = <psychopy.colors.Color: (0.0, 0.0, 0.0, 1.0)>
106.9745 	EXP 	polygon_4: borderColor = <psychopy.colors.Color: (0.0, 0.0, 0.0, 1.0)>
106.9909 	EXP 	polygon_4: borderColor = <psychopy.colors.Color: (0.0, 0.0, 0.0, 1.0)>
107.0076 	EXP 	polygon_4: borderColor = <psychopy.colors.Color: (0.0, 0.0, 0.0, 1.0)>
107.0242 	EXP 	polygon_4: borderColor = <psychopy.colors.Color: (0.0, 0.0, 0.0, 1.0)>
107.2448 	EXP 	polygon_4: borderColor = <psychopy.colors.Color: (0.0, 0.0, 0.0, 1.0)>
107.2448 	EXP 	scene_image_2: autoDraw = False
107.2448 	EXP 	polygon_4: autoDraw = False
107.2448 	EXP 	prompt: autoDraw = False
107.2448 	EXP 	dist_01: autoDraw = False
107.2448 	EXP 	dist_02: autoDraw = False
107.2448 	EXP 	correct: autoDraw = False
107.2448 	EXP 	chooseNowText: autoDraw = False
107.2448 	EXP 	scene_image_3: image = 'stimuli\\context_images\\sea_01.jpg'
107.2448 	EXP 	polygon_8: fillColor = <psychopy.colors.Color: (0.0, 1.0, 0.0, 1.0)>
107.2448 	EXP 	polygon_8: borderColor = <psychopy.colors.Color: (0.0, 1.0, 0.0, 1.0)>
107.2448 	EXP 	prompt_2: image = 'stimuli/hand/hand_16.jpg'
107.2448 	EXP 	dist_01_2: image = 'stimuli/dog/dog_49.jpg'
107.2448 	EXP 	dist_02_2: image = 'stimuli/house/house_35.jpg'
107.2448 	EXP 	correct_2: image = 'stimuli/ball/ball_11.jpg'
107.2448 	EXP 	scene_image_3: autoDraw = True
107.2448 	EXP 	polygon_8: autoDraw = True
107.2448 	EXP 	prompt_2: autoDraw = True
107.2448 	EXP 	dist_01_2: autoDraw = True
107.2448 	EXP 	dist_02_2: autoDraw = True
107.2448 	EXP 	correct_2: autoDraw = True
107.2479 	EXP 	Device response: <KeyPress from None: t=73.56759719992988, value=r, duration=33.64563030004501>
108.2338 	EXP 	New trial (rep=0, index=3): <Trial 3 (3 in rep 0) data={'block': 1.0, 'learningSeq': 'A', 'runIndexWithinSeq': 1, 'currPosInSeq': 4, 'promptFile': 'stimuli/ball/ball_11.jpg', 'correctFile': 'stimuli/dog/dog_49.jpg', 'dist_01File': 'stimuli/jacket/jacket_44.jpg', 'dist_02File': 'stimuli/phone/phone_01.jpg', 'promptConcept': 'ball', 'correctConcept': 'dog', 'dist01Concept': 'jacket', 'dist02Concept': 'phone', 'correct_pos': 'center', 'dist01_pos': 'left', 'dist02_pos': 'right', 'dist01_diff': 0.75, 'dist02_diff': 0.36, 'correct_ans': 'center', 'pairTargetPosInSeq': 5, 'buf1Concept': 'lamp', 'buf1Exemplar': 1, 'buf1File': 'stimuli/lamp/lamp_01.jpg', 'buf2Concept': 'key', 'buf2Exemplar': 1, 'buf2File': 'stimuli/key/key_01.jpg', 'buf13Concept': 'pencil', 'buf13Exemplar': 1, 'buf13File': 'stimuli/pencil/pencil_01.jpg', 'buf14Concept': 'phone', 'buf14Exemplar': 1, 'buf14File': 'stimuli/phone/phone_01.jpg', 'promptTrigNumber': 1, 'correctTrigNumber': 5, 'dist01TrigNumber': 10, 'dist02TrigNumber': 17, 'thisN': 3, 'thisTrialN': 3, 'thisRepN': 0}>
108.2387 	INFO 	Keyboard events cleared
108.4112 	INFO 	Keyboard events cleared
108.4649 	EXP 	scene_image_3: autoDraw = False
108.4649 	EXP 	polygon_8: autoDraw = False
108.4649 	EXP 	prompt_2: autoDraw = False
108.4649 	EXP 	dist_01_2: autoDraw = False
108.4649 	EXP 	dist_02_2: autoDraw = False
108.4649 	EXP 	correct_2: autoDraw = False
108.4649 	EXP 	scene_image_4: image = 'stimuli\\context_images\\sea_01.jpg'
108.4649 	EXP 	tooSlowtext: height = 0.02
108.4649 	EXP 	tooSlowtext: height = 0.02
108.4649 	EXP 	tooSlowtext: height = 0.02
108.4649 	EXP 	tooSlowtext: text = ''
108.4649 	EXP 	tooSlowtext: height = 0.02
108.4649 	EXP 	tooSlowtext: height = 0.02
108.4649 	EXP 	tooSlowtext: height = 0.02
108.4649 	EXP 	tooSlowtext: text = 'Zu langsam. Sie müssen schneller antworten.'
108.4649 	EXP 	scene_image_4: autoDraw = False
108.4649 	EXP 	tooSlowtext: autoDraw = False
108.4649 	EXP 	scene_image_2: image = 'stimuli\\context_images\\sea_01.jpg'
108.4649 	EXP 	prompt: image = 'stimuli/ball/ball_11.jpg'
108.4649 	EXP 	dist_01: image = 'stimuli/jacket/jacket_44.jpg'
108.4649 	EXP 	dist_02: image = 'stimuli/phone/phone_01.jpg'
108.4649 	EXP 	correct: image = 'stimuli/dog/dog_49.jpg'
108.4649 	EXP 	chooseNowText: height = 0.02
108.4649 	EXP 	chooseNowText: height = 0.02
108.4649 	EXP 	chooseNowText: height = 0.02
108.4649 	EXP 	scene_image_2: autoDraw = True
108.4649 	EXP 	polygon_4: autoDraw = True
108.4649 	EXP 	polygon_4: borderColor = <psychopy.colors.Color: none, alpha=0.0>
108.4649 	EXP 	prompt: autoDraw = True
108.4649 	EXP 	dist_01: autoDraw = True
108.4649 	EXP 	dist_02: autoDraw = True
108.4649 	EXP 	correct: autoDraw = True
108.4649 	EXP 	chooseNowText: autoDraw = True
108.4734 	EXP 	polygon_4: borderColor = <psychopy.colors.Color: none, alpha=0.0>
108.4902 	EXP 	polygon_4: borderColor = <psychopy.colors.Color: none, alpha=0.0>
108.5066 	EXP 	polygon_4: borderColor = <psychopy.colors.Color: none, alpha=0.0>
108.5234 	EXP 	polygon_4: borderColor = <psychopy.colors.Color: none, alpha=0.0>
108.5404 	EXP 	polygon_4: borderColor = <psychopy.colors.Color: none, alpha=0.0>
108.5569 	EXP 	polygon_4: borderColor = <psychopy.colors.Color: none, alpha=0.0>
108.5735 	EXP 	polygon_4: borderColor = <psychopy.colors.Color: none, alpha=0.0>
108.5901 	EXP 	polygon_4: borderColor = <psychopy.colors.Color: none, alpha=0.0>
108.6065 	EXP 	polygon_4: borderColor = <psychopy.colors.Color: none, alpha=0.0>
108.6232 	EXP 	polygon_4: borderColor = <psychopy.colors.Color: none, alpha=0.0>
108.6399 	EXP 	polygon_4: borderColor = <psychopy.colors.Color: none, alpha=0.0>
108.6568 	EXP 	polygon_4: borderColor = <psychopy.colors.Color: none, alpha=0.0>
108.6736 	EXP 	polygon_4: borderColor = <psychopy.colors.Color: none, alpha=0.0>
108.6899 	EXP 	polygon_4: borderColor = <psychopy.colors.Color: none, alpha=0.0>
108.7067 	EXP 	polygon_4: borderColor = <psychopy.colors.Color: none, alpha=0.0>
108.7232 	EXP 	polygon_4: borderColor = <psychopy.colors.Color: none, alpha=0.0>
108.7401 	EXP 	polygon_4: borderColor = <psychopy.colors.Color: none, alpha=0.0>
108.7421 	EXP 	Device response: <KeyPress from None: t=108.73378100001719, value=b, duration=None>
108.7451 	DATA 	Keypress: b
108.7734 	EXP 	polygon_4: borderColor = <psychopy.colors.Color: none, alpha=0.0>
108.7734 	EXP 	polygon_4: fillColor = <psychopy.colors.Color: red, alpha=1.0>
108.7734 	EXP 	polygon_4: borderColor = <psychopy.colors.Color: red, alpha=1.0>
108.7903 	EXP 	polygon_4: borderColor = <psychopy.colors.Color: (0.0, 0.0, 0.0, 1.0)>
108.8075 	EXP 	polygon_4: borderColor = <psychopy.colors.Color: (0.0, 0.0, 0.0, 1.0)>
108.8237 	EXP 	polygon_4: borderColor = <psychopy.colors.Color: (0.0, 0.0, 0.0, 1.0)>
108.8404 	EXP 	polygon_4: borderColor = <psychopy.colors.Color: (0.0, 0.0, 0.0, 1.0)>
109.0070 	EXP 	Device response: <KeyPress from None: t=108.73378100001719, value=b, duration=0.16052959999069571>
109.0559 	EXP 	polygon_4: borderColor = <psychopy.colors.Color: (0.0, 0.0, 0.0, 1.0)>
109.0559 	EXP 	scene_image_2: autoDraw = False
109.0559 	EXP 	polygon_4: autoDraw = False
109.0559 	EXP 	prompt: autoDraw = False
109.0559 	EXP 	dist_01: autoDraw = False
109.0559 	EXP 	dist_02: autoDraw = False
109.0559 	EXP 	correct: autoDraw = False
109.0559 	EXP 	chooseNowText: autoDraw = False
109.0559 	EXP 	scene_image_3: image = 'stimuli\\context_images\\sea_01.jpg'
109.0559 	EXP 	polygon_8: fillColor = <psychopy.colors.Color: red, alpha=1.0>
109.0559 	EXP 	polygon_8: borderColor = <psychopy.colors.Color: red, alpha=1.0>
109.0559 	EXP 	prompt_2: image = 'stimuli/ball/ball_11.jpg'
109.0559 	EXP 	dist_01_2: image = 'stimuli/jacket/jacket_44.jpg'
109.0559 	EXP 	dist_02_2: image = 'stimuli/phone/phone_01.jpg'
109.0559 	EXP 	correct_2: image = 'stimuli/dog/dog_49.jpg'
109.0559 	EXP 	scene_image_3: autoDraw = True
109.0559 	EXP 	polygon_8: autoDraw = True
109.0559 	EXP 	prompt_2: autoDraw = True
109.0559 	EXP 	dist_01_2: autoDraw = True
109.0559 	EXP 	dist_02_2: autoDraw = True
109.0559 	EXP 	correct_2: autoDraw = True
110.0495 	EXP 	New trial (rep=0, index=4): <Trial 4 (4 in rep 0) data={'block': 1.0, 'learningSeq': 'A', 'runIndexWithinSeq': 1, 'currPosInSeq': 5, 'promptFile': 'stimuli/dog/dog_49.jpg', 'correctFile': 'stimuli/flower/flower_17.jpg', 'dist_01File': 'stimuli/bread/bread_29.jpg', 'dist_02File': 'stimuli/hammer/hammer_16.jpg', 'promptConcept': 'dog', 'correctConcept': 'flower', 'dist01Concept': 'bread', 'dist02Concept': 'hammer', 'correct_pos': 'left', 'dist01_pos': 'right', 'dist02_pos': 'center', 'dist01_diff': 0.64, 'dist02_diff': 0.53, 'correct_ans': 'left', 'pairTargetPosInSeq': 6, 'buf1Concept': 'lamp', 'buf1Exemplar': 1, 'buf1File': 'stimuli/lamp/lamp_01.jpg', 'buf2Concept': 'key', 'buf2Exemplar': 1, 'buf2File': 'stimuli/key/key_01.jpg', 'buf13Concept': 'pencil', 'buf13Exemplar': 1, 'buf13File': 'stimuli/pencil/pencil_01.jpg', 'buf14Concept': 'phone', 'buf14Exemplar': 1, 'buf14File': 'stimuli/phone/phone_01.jpg', 'promptTrigNumber': 5, 'correctTrigNumber': 6, 'dist01TrigNumber': 3, 'dist02TrigNumber': 7, 'thisN': 4, 'thisTrialN': 4, 'thisRepN': 0}>
110.0549 	INFO 	Keyboard events cleared
110.1779 	INFO 	Keyboard events cleared
110.2305 	EXP 	scene_image_3: autoDraw = False
110.2305 	EXP 	polygon_8: autoDraw = False
110.2305 	EXP 	prompt_2: autoDraw = False
110.2305 	EXP 	dist_01_2: autoDraw = False
110.2305 	EXP 	dist_02_2: autoDraw = False
110.2305 	EXP 	correct_2: autoDraw = False
110.2305 	EXP 	scene_image_4: image = 'stimuli\\context_images\\sea_01.jpg'
110.2305 	EXP 	tooSlowtext: height = 0.02
110.2305 	EXP 	tooSlowtext: height = 0.02
110.2305 	EXP 	tooSlowtext: height = 0.02
110.2305 	EXP 	tooSlowtext: text = ''
110.2305 	EXP 	tooSlowtext: height = 0.02
110.2305 	EXP 	tooSlowtext: height = 0.02
110.2305 	EXP 	tooSlowtext: height = 0.02
110.2305 	EXP 	tooSlowtext: text = 'Zu langsam. Sie müssen schneller antworten.'
110.2305 	EXP 	scene_image_4: autoDraw = False
110.2305 	EXP 	tooSlowtext: autoDraw = False
110.2305 	EXP 	scene_image_2: image = 'stimuli\\context_images\\sea_01.jpg'
110.2305 	EXP 	prompt: image = 'stimuli/dog/dog_49.jpg'
110.2305 	EXP 	dist_01: image = 'stimuli/bread/bread_29.jpg'
110.2305 	EXP 	dist_02: image = 'stimuli/hammer/hammer_16.jpg'
110.2305 	EXP 	correct: image = 'stimuli/flower/flower_17.jpg'
110.2305 	EXP 	chooseNowText: height = 0.02
110.2305 	EXP 	chooseNowText: height = 0.02
110.2305 	EXP 	chooseNowText: height = 0.02
110.2305 	EXP 	scene_image_2: autoDraw = True
110.2305 	EXP 	polygon_4: autoDraw = True
110.2305 	EXP 	polygon_4: borderColor = <psychopy.colors.Color: none, alpha=0.0>
110.2305 	EXP 	prompt: autoDraw = True
110.2305 	EXP 	dist_01: autoDraw = True
110.2305 	EXP 	dist_02: autoDraw = True
110.2305 	EXP 	correct: autoDraw = True
110.2305 	EXP 	chooseNowText: autoDraw = True
110.2398 	EXP 	polygon_4: borderColor = <psychopy.colors.Color: none, alpha=0.0>
110.2561 	EXP 	polygon_4: borderColor = <psychopy.colors.Color: none, alpha=0.0>
110.2727 	EXP 	polygon_4: borderColor = <psychopy.colors.Color: none, alpha=0.0>
110.2892 	EXP 	polygon_4: borderColor = <psychopy.colors.Color: none, alpha=0.0>
110.3059 	EXP 	polygon_4: borderColor = <psychopy.colors.Color: none, alpha=0.0>
110.3229 	EXP 	polygon_4: borderColor = <psychopy.colors.Color: none, alpha=0.0>
110.3395 	EXP 	polygon_4: borderColor = <psychopy.colors.Color: none, alpha=0.0>
110.3559 	EXP 	polygon_4: borderColor = <psychopy.colors.Color: none, alpha=0.0>
110.3733 	EXP 	polygon_4: borderColor = <psychopy.colors.Color: none, alpha=0.0>
110.3900 	EXP 	polygon_4: borderColor = <psychopy.colors.Color: none, alpha=0.0>
110.4068 	EXP 	polygon_4: borderColor = <psychopy.colors.Color: none, alpha=0.0>
110.4231 	EXP 	polygon_4: borderColor = <psychopy.colors.Color: none, alpha=0.0>
110.4400 	EXP 	polygon_4: borderColor = <psychopy.colors.Color: none, alpha=0.0>
110.4563 	EXP 	polygon_4: borderColor = <psychopy.colors.Color: none, alpha=0.0>
110.4593 	DATA 	Keypress: g
110.4730 	EXP 	polygon_4: borderColor = <psychopy.colors.Color: none, alpha=0.0>
110.4753 	EXP 	Device response: <KeyPress from None: t=110.45906929997727, value=g, duration=None>
110.5057 	EXP 	polygon_4: borderColor = <psychopy.colors.Color: none, alpha=0.0>
110.5057 	EXP 	polygon_4: fillColor = <psychopy.colors.Color: (0.0, 1.0, 0.0, 1.0)>
110.5057 	EXP 	polygon_4: borderColor = <psychopy.colors.Color: (0.0, 1.0, 0.0, 1.0)>
110.5230 	EXP 	polygon_4: borderColor = <psychopy.colors.Color: (0.0, 0.0, 0.0, 1.0)>
110.5397 	EXP 	polygon_4: borderColor = <psychopy.colors.Color: (0.0, 0.0, 0.0, 1.0)>
110.5563 	EXP 	polygon_4: borderColor = <psychopy.colors.Color: (0.0, 0.0, 0.0, 1.0)>
110.5726 	EXP 	polygon_4: borderColor = <psychopy.colors.Color: (0.0, 0.0, 0.0, 1.0)>
110.5893 	EXP 	polygon_4: borderColor = <psychopy.colors.Color: (0.0, 0.0, 0.0, 1.0)>
110.7063 	EXP 	Device response: <KeyPress from None: t=110.45906929997727, value=g, duration=0.20862459996715188>
110.7413 	EXP 	polygon_4: borderColor = <psychopy.colors.Color: (0.0, 0.0, 0.0, 1.0)>
110.7413 	EXP 	scene_image_2: autoDraw = False
110.7413 	EXP 	polygon_4: autoDraw = False
110.7413 	EXP 	prompt: autoDraw = False
110.7413 	EXP 	dist_01: autoDraw = False
110.7413 	EXP 	dist_02: autoDraw = False
110.7413 	EXP 	correct: autoDraw = False
110.7413 	EXP 	chooseNowText: autoDraw = False
110.7413 	EXP 	scene_image_3: image = 'stimuli\\context_images\\sea_01.jpg'
110.7413 	EXP 	polygon_8: fillColor = <psychopy.colors.Color: (0.0, 1.0, 0.0, 1.0)>
110.7413 	EXP 	polygon_8: borderColor = <psychopy.colors.Color: (0.0, 1.0, 0.0, 1.0)>
110.7413 	EXP 	prompt_2: image = 'stimuli/dog/dog_49.jpg'
110.7413 	EXP 	dist_01_2: image = 'stimuli/bread/bread_29.jpg'
110.7413 	EXP 	dist_02_2: image = 'stimuli/hammer/hammer_16.jpg'
110.7413 	EXP 	correct_2: image = 'stimuli/flower/flower_17.jpg'
110.7413 	EXP 	scene_image_3: autoDraw = True
110.7413 	EXP 	polygon_8: autoDraw = True
110.7413 	EXP 	prompt_2: autoDraw = True
110.7413 	EXP 	dist_01_2: autoDraw = True
110.7413 	EXP 	dist_02_2: autoDraw = True
110.7413 	EXP 	correct_2: autoDraw = True
111.7327 	EXP 	New trial (rep=0, index=5): <Trial 5 (5 in rep 0) data={'block': 1.0, 'learningSeq': 'A', 'runIndexWithinSeq': 1, 'currPosInSeq': 6, 'promptFile': 'stimuli/flower/flower_17.jpg', 'correctFile': 'stimuli/jacket/jacket_44.jpg', 'dist_01File': 'stimuli/chair/chair_11.jpg', 'dist_02File': 'stimuli/pencil/pencil_01.jpg', 'promptConcept': 'flower', 'correctConcept': 'jacket', 'dist01Concept': 'chair', 'dist02Concept': 'pencil', 'correct_pos': 'right', 'dist01_pos': 'center', 'dist02_pos': 'left', 'dist01_diff': 0.75, 'dist02_diff': 0.53, 'correct_ans': 'right', 'pairTargetPosInSeq': 7, 'buf1Concept': 'lamp', 'buf1Exemplar': 1, 'buf1File': 'stimuli/lamp/lamp_01.jpg', 'buf2Concept': 'key', 'buf2Exemplar': 1, 'buf2File': 'stimuli/key/key_01.jpg', 'buf13Concept': 'pencil', 'buf13Exemplar': 1, 'buf13File': 'stimuli/pencil/pencil_01.jpg', 'buf14Concept': 'phone', 'buf14Exemplar': 1, 'buf14File': 'stimuli/phone/phone_01.jpg', 'promptTrigNumber': 6, 'correctTrigNumber': 10, 'dist01TrigNumber': 4, 'dist02TrigNumber': 16, 'thisN': 5, 'thisTrialN': 5, 'thisRepN': 0}>
111.7378 	INFO 	Keyboard events cleared
111.8426 	INFO 	Keyboard events cleared
111.8749 	EXP 	scene_image_3: autoDraw = False
111.8749 	EXP 	polygon_8: autoDraw = False
111.8749 	EXP 	prompt_2: autoDraw = False
111.8749 	EXP 	dist_01_2: autoDraw = False
111.8749 	EXP 	dist_02_2: autoDraw = False
111.8749 	EXP 	correct_2: autoDraw = False
111.8749 	EXP 	scene_image_4: image = 'stimuli\\context_images\\sea_01.jpg'
111.8749 	EXP 	tooSlowtext: height = 0.02
111.8749 	EXP 	tooSlowtext: height = 0.02
111.8749 	EXP 	tooSlowtext: height = 0.02
111.8749 	EXP 	tooSlowtext: text = ''
111.8749 	EXP 	tooSlowtext: height = 0.02
111.8749 	EXP 	tooSlowtext: height = 0.02
111.8749 	EXP 	tooSlowtext: height = 0.02
111.8749 	EXP 	tooSlowtext: text = 'Zu langsam. Sie müssen schneller antworten.'
111.8749 	EXP 	scene_image_4: autoDraw = False
111.8749 	EXP 	tooSlowtext: autoDraw = False
111.8749 	EXP 	scene_image_2: image = 'stimuli\\context_images\\sea_01.jpg'
111.8749 	EXP 	prompt: image = 'stimuli/flower/flower_17.jpg'
111.8749 	EXP 	dist_01: image = 'stimuli/chair/chair_11.jpg'
111.8749 	EXP 	dist_02: image = 'stimuli/pencil/pencil_01.jpg'
111.8749 	EXP 	correct: image = 'stimuli/jacket/jacket_44.jpg'
111.8749 	EXP 	chooseNowText: height = 0.02
111.8749 	EXP 	chooseNowText: height = 0.02
111.8749 	EXP 	chooseNowText: height = 0.02
111.8749 	EXP 	scene_image_2: autoDraw = True
111.8749 	EXP 	polygon_4: autoDraw = True
111.8749 	EXP 	polygon_4: borderColor = <psychopy.colors.Color: none, alpha=0.0>
111.8749 	EXP 	prompt: autoDraw = True
111.8749 	EXP 	dist_01: autoDraw = True
111.8749 	EXP 	dist_02: autoDraw = True
111.8749 	EXP 	correct: autoDraw = True
111.8749 	EXP 	chooseNowText: autoDraw = True
111.8893 	EXP 	polygon_4: borderColor = <psychopy.colors.Color: none, alpha=0.0>
111.9064 	EXP 	polygon_4: borderColor = <psychopy.colors.Color: none, alpha=0.0>
111.9228 	EXP 	polygon_4: borderColor = <psychopy.colors.Color: none, alpha=0.0>
111.9391 	EXP 	polygon_4: borderColor = <psychopy.colors.Color: none, alpha=0.0>
111.9559 	EXP 	polygon_4: borderColor = <psychopy.colors.Color: none, alpha=0.0>
111.9725 	EXP 	polygon_4: borderColor = <psychopy.colors.Color: none, alpha=0.0>
111.9895 	EXP 	polygon_4: borderColor = <psychopy.colors.Color: none, alpha=0.0>
112.0060 	EXP 	polygon_4: borderColor = <psychopy.colors.Color: none, alpha=0.0>
112.0222 	EXP 	polygon_4: borderColor = <psychopy.colors.Color: none, alpha=0.0>
112.0390 	EXP 	polygon_4: borderColor = <psychopy.colors.Color: none, alpha=0.0>
112.0554 	EXP 	polygon_4: borderColor = <psychopy.colors.Color: none, alpha=0.0>
112.0723 	EXP 	polygon_4: borderColor = <psychopy.colors.Color: none, alpha=0.0>
112.0889 	EXP 	polygon_4: borderColor = <psychopy.colors.Color: none, alpha=0.0>
112.1057 	EXP 	polygon_4: borderColor = <psychopy.colors.Color: none, alpha=0.0>
112.1224 	EXP 	polygon_4: borderColor = <psychopy.colors.Color: none, alpha=0.0>
112.1389 	EXP 	polygon_4: borderColor = <psychopy.colors.Color: none, alpha=0.0>
112.1408 	EXP 	Device response: <KeyPress from None: t=112.13295939995442, value=g, duration=None>
112.1422 	DATA 	Keypress: g
112.1720 	EXP 	polygon_4: borderColor = <psychopy.colors.Color: none, alpha=0.0>
112.1720 	EXP 	polygon_4: fillColor = <psychopy.colors.Color: red, alpha=1.0>
112.1720 	EXP 	polygon_4: borderColor = <psychopy.colors.Color: red, alpha=1.0>
112.1889 	EXP 	polygon_4: borderColor = <psychopy.colors.Color: (0.0, 0.0, 0.0, 1.0)>
112.1911 	EXP 	Device response: <KeyPress from None: t=112.13295939995442, value=g, duration=0.057325800065882504>
112.2057 	EXP 	polygon_4: borderColor = <psychopy.colors.Color: (0.0, 0.0, 0.0, 1.0)>
112.2225 	EXP 	polygon_4: borderColor = <psychopy.colors.Color: (0.0, 0.0, 0.0, 1.0)>
112.2390 	EXP 	polygon_4: borderColor = <psychopy.colors.Color: (0.0, 0.0, 0.0, 1.0)>
112.2556 	EXP 	polygon_4: borderColor = <psychopy.colors.Color: (0.0, 0.0, 0.0, 1.0)>
112.3883 	EXP 	polygon_4: borderColor = <psychopy.colors.Color: (0.0, 0.0, 0.0, 1.0)>
112.3883 	EXP 	scene_image_2: autoDraw = False
112.3883 	EXP 	polygon_4: autoDraw = False
112.3883 	EXP 	prompt: autoDraw = False
112.3883 	EXP 	dist_01: autoDraw = False
112.3883 	EXP 	dist_02: autoDraw = False
112.3883 	EXP 	correct: autoDraw = False
112.3883 	EXP 	chooseNowText: autoDraw = False
112.3883 	EXP 	scene_image_3: image = 'stimuli\\context_images\\sea_01.jpg'
112.3883 	EXP 	polygon_8: fillColor = <psychopy.colors.Color: red, alpha=1.0>
112.3883 	EXP 	polygon_8: borderColor = <psychopy.colors.Color: red, alpha=1.0>
112.3883 	EXP 	prompt_2: image = 'stimuli/flower/flower_17.jpg'
112.3883 	EXP 	dist_01_2: image = 'stimuli/chair/chair_11.jpg'
112.3883 	EXP 	dist_02_2: image = 'stimuli/pencil/pencil_01.jpg'
112.3883 	EXP 	correct_2: image = 'stimuli/jacket/jacket_44.jpg'
112.3883 	EXP 	scene_image_3: autoDraw = True
112.3883 	EXP 	polygon_8: autoDraw = True
112.3883 	EXP 	prompt_2: autoDraw = True
112.3883 	EXP 	dist_01_2: autoDraw = True
112.3883 	EXP 	dist_02_2: autoDraw = True
112.3883 	EXP 	correct_2: autoDraw = True
113.3802 	EXP 	New trial (rep=0, index=6): <Trial 6 (6 in rep 0) data={'block': 1.0, 'learningSeq': 'A', 'runIndexWithinSeq': 1, 'currPosInSeq': 7, 'promptFile': 'stimuli/jacket/jacket_44.jpg', 'correctFile': 'stimuli/bicycle/bicycle_06.jpg', 'dist_01File': 'stimuli/hand/hand_16.jpg', 'dist_02File': 'stimuli/dog/dog_49.jpg', 'promptConcept': 'jacket', 'correctConcept': 'bicycle', 'dist01Concept': 'hand', 'dist02Concept': 'dog', 'correct_pos': 'left', 'dist01_pos': 'right', 'dist02_pos': 'center', 'dist01_diff': 0.33, 'dist02_diff': 0.2, 'correct_ans': 'left', 'pairTargetPosInSeq': 8, 'buf1Concept': 'lamp', 'buf1Exemplar': 1, 'buf1File': 'stimuli/lamp/lamp_01.jpg', 'buf2Concept': 'key', 'buf2Exemplar': 1, 'buf2File': 'stimuli/key/key_01.jpg', 'buf13Concept': 'pencil', 'buf13Exemplar': 1, 'buf13File': 'stimuli/pencil/pencil_01.jpg', 'buf14Concept': 'phone', 'buf14Exemplar': 1, 'buf14File': 'stimuli/phone/phone_01.jpg', 'promptTrigNumber': 10, 'correctTrigNumber': 2, 'dist01TrigNumber': 8, 'dist02TrigNumber': 5, 'thisN': 6, 'thisTrialN': 6, 'thisRepN': 0}>
113.3852 	INFO 	Keyboard events cleared
113.5163 	INFO 	Keyboard events cleared
113.5620 	EXP 	scene_image_3: autoDraw = False
113.5620 	EXP 	polygon_8: autoDraw = False
113.5620 	EXP 	prompt_2: autoDraw = False
113.5620 	EXP 	dist_01_2: autoDraw = False
113.5620 	EXP 	dist_02_2: autoDraw = False
113.5620 	EXP 	correct_2: autoDraw = False
113.5620 	EXP 	scene_image_4: image = 'stimuli\\context_images\\sea_01.jpg'
113.5620 	EXP 	tooSlowtext: height = 0.02
113.5620 	EXP 	tooSlowtext: height = 0.02
113.5620 	EXP 	tooSlowtext: height = 0.02
113.5620 	EXP 	tooSlowtext: text = ''
113.5620 	EXP 	tooSlowtext: height = 0.02
113.5620 	EXP 	tooSlowtext: height = 0.02
113.5620 	EXP 	tooSlowtext: height = 0.02
113.5620 	EXP 	tooSlowtext: text = 'Zu langsam. Sie müssen schneller antworten.'
113.5620 	EXP 	scene_image_4: autoDraw = False
113.5620 	EXP 	tooSlowtext: autoDraw = False
113.5620 	EXP 	scene_image_2: image = 'stimuli\\context_images\\sea_01.jpg'
113.5620 	EXP 	prompt: image = 'stimuli/jacket/jacket_44.jpg'
113.5620 	EXP 	dist_01: image = 'stimuli/hand/hand_16.jpg'
113.5620 	EXP 	dist_02: image = 'stimuli/dog/dog_49.jpg'
113.5620 	EXP 	correct: image = 'stimuli/bicycle/bicycle_06.jpg'
113.5620 	EXP 	chooseNowText: height = 0.02
113.5620 	EXP 	chooseNowText: height = 0.02
113.5620 	EXP 	chooseNowText: height = 0.02
113.5620 	EXP 	scene_image_2: autoDraw = True
113.5620 	EXP 	polygon_4: autoDraw = True
113.5620 	EXP 	polygon_4: borderColor = <psychopy.colors.Color: none, alpha=0.0>
113.5620 	EXP 	prompt: autoDraw = True
113.5620 	EXP 	dist_01: autoDraw = True
113.5620 	EXP 	dist_02: autoDraw = True
113.5620 	EXP 	correct: autoDraw = True
113.5620 	EXP 	chooseNowText: autoDraw = True
113.5724 	EXP 	polygon_4: borderColor = <psychopy.colors.Color: none, alpha=0.0>
113.5888 	EXP 	polygon_4: borderColor = <psychopy.colors.Color: none, alpha=0.0>
113.6052 	EXP 	polygon_4: borderColor = <psychopy.colors.Color: none, alpha=0.0>
113.6220 	EXP 	polygon_4: borderColor = <psychopy.colors.Color: none, alpha=0.0>
113.6386 	EXP 	polygon_4: borderColor = <psychopy.colors.Color: none, alpha=0.0>
113.6553 	EXP 	polygon_4: borderColor = <psychopy.colors.Color: none, alpha=0.0>
113.6722 	EXP 	polygon_4: borderColor = <psychopy.colors.Color: none, alpha=0.0>
113.6883 	EXP 	polygon_4: borderColor = <psychopy.colors.Color: none, alpha=0.0>
113.7050 	EXP 	polygon_4: borderColor = <psychopy.colors.Color: none, alpha=0.0>
113.7217 	EXP 	polygon_4: borderColor = <psychopy.colors.Color: none, alpha=0.0>
113.7388 	EXP 	polygon_4: borderColor = <psychopy.colors.Color: none, alpha=0.0>
113.7559 	EXP 	polygon_4: borderColor = <psychopy.colors.Color: none, alpha=0.0>
113.7720 	EXP 	polygon_4: borderColor = <psychopy.colors.Color: none, alpha=0.0>
113.7887 	EXP 	polygon_4: borderColor = <psychopy.colors.Color: none, alpha=0.0>
113.8053 	EXP 	polygon_4: borderColor = <psychopy.colors.Color: none, alpha=0.0>
113.8220 	EXP 	polygon_4: borderColor = <psychopy.colors.Color: none, alpha=0.0>
113.8243 	EXP 	Device response: <KeyPress from None: t=113.81941539992113, value=g, duration=None>
113.8271 	DATA 	Keypress: g
113.8548 	EXP 	polygon_4: borderColor = <psychopy.colors.Color: none, alpha=0.0>
113.8548 	EXP 	polygon_4: fillColor = <psychopy.colors.Color: (0.0, 1.0, 0.0, 1.0)>
113.8548 	EXP 	polygon_4: borderColor = <psychopy.colors.Color: (0.0, 1.0, 0.0, 1.0)>
113.8728 	EXP 	polygon_4: borderColor = <psychopy.colors.Color: (0.0, 0.0, 0.0, 1.0)>
113.8889 	EXP 	polygon_4: borderColor = <psychopy.colors.Color: (0.0, 0.0, 0.0, 1.0)>
113.9054 	EXP 	polygon_4: borderColor = <psychopy.colors.Color: (0.0, 0.0, 0.0, 1.0)>
113.9220 	EXP 	polygon_4: borderColor = <psychopy.colors.Color: (0.0, 0.0, 0.0, 1.0)>
113.9388 	EXP 	polygon_4: borderColor = <psychopy.colors.Color: (0.0, 0.0, 0.0, 1.0)>
114.0742 	EXP 	Device response: <KeyPress from None: t=113.81941539992113, value=g, duration=0.1496155000058934>
114.1095 	EXP 	polygon_4: borderColor = <psychopy.colors.Color: (0.0, 0.0, 0.0, 1.0)>
114.1095 	EXP 	scene_image_2: autoDraw = False
114.1095 	EXP 	polygon_4: autoDraw = False
114.1095 	EXP 	prompt: autoDraw = False
114.1095 	EXP 	dist_01: autoDraw = False
114.1095 	EXP 	dist_02: autoDraw = False
114.1095 	EXP 	correct: autoDraw = False
114.1095 	EXP 	chooseNowText: autoDraw = False
114.1095 	EXP 	scene_image_3: image = 'stimuli\\context_images\\sea_01.jpg'
114.1095 	EXP 	polygon_8: fillColor = <psychopy.colors.Color: (0.0, 1.0, 0.0, 1.0)>
114.1095 	EXP 	polygon_8: borderColor = <psychopy.colors.Color: (0.0, 1.0, 0.0, 1.0)>
114.1095 	EXP 	prompt_2: image = 'stimuli/jacket/jacket_44.jpg'
114.1095 	EXP 	dist_01_2: image = 'stimuli/hand/hand_16.jpg'
114.1095 	EXP 	dist_02_2: image = 'stimuli/dog/dog_49.jpg'
114.1095 	EXP 	correct_2: image = 'stimuli/bicycle/bicycle_06.jpg'
114.1095 	EXP 	scene_image_3: autoDraw = True
114.1095 	EXP 	polygon_8: autoDraw = True
114.1095 	EXP 	prompt_2: autoDraw = True
114.1095 	EXP 	dist_01_2: autoDraw = True
114.1095 	EXP 	dist_02_2: autoDraw = True
114.1095 	EXP 	correct_2: autoDraw = True
115.0983 	EXP 	New trial (rep=0, index=7): <Trial 7 (7 in rep 0) data={'block': 1.0, 'learningSeq': 'A', 'runIndexWithinSeq': 1, 'currPosInSeq': 8, 'promptFile': 'stimuli/bicycle/bicycle_06.jpg', 'correctFile': 'stimuli/chair/chair_11.jpg', 'dist_01File': 'stimuli/key/key_01.jpg', 'dist_02File': 'stimuli/ball/ball_11.jpg', 'promptConcept': 'bicycle', 'correctConcept': 'chair', 'dist01Concept': 'key', 'dist02Concept': 'ball', 'correct_pos': 'left', 'dist01_pos': 'center', 'dist02_pos': 'right', 'dist01_diff': 0.47, 'dist02_diff': 0.33, 'correct_ans': 'left', 'pairTargetPosInSeq': 9, 'buf1Concept': 'lamp', 'buf1Exemplar': 1, 'buf1File': 'stimuli/lamp/lamp_01.jpg', 'buf2Concept': 'key', 'buf2Exemplar': 1, 'buf2File': 'stimuli/key/key_01.jpg', 'buf13Concept': 'pencil', 'buf13Exemplar': 1, 'buf13File': 'stimuli/pencil/pencil_01.jpg', 'buf14Concept': 'phone', 'buf14Exemplar': 1, 'buf14File': 'stimuli/phone/phone_01.jpg', 'promptTrigNumber': 2, 'correctTrigNumber': 4, 'dist01TrigNumber': 15, 'dist02TrigNumber': 1, 'thisN': 7, 'thisTrialN': 7, 'thisRepN': 0}>
115.1040 	INFO 	Keyboard events cleared
115.2891 	INFO 	Keyboard events cleared
115.4162 	EXP 	scene_image_3: autoDraw = False
115.4162 	EXP 	polygon_8: autoDraw = False
115.4162 	EXP 	prompt_2: autoDraw = False
115.4162 	EXP 	dist_01_2: autoDraw = False
115.4162 	EXP 	dist_02_2: autoDraw = False
115.4162 	EXP 	correct_2: autoDraw = False
115.4162 	EXP 	scene_image_4: image = 'stimuli\\context_images\\sea_01.jpg'
115.4162 	EXP 	tooSlowtext: height = 0.02
115.4162 	EXP 	tooSlowtext: height = 0.02
115.4162 	EXP 	tooSlowtext: height = 0.02
115.4162 	EXP 	tooSlowtext: text = ''
115.4162 	EXP 	tooSlowtext: height = 0.02
115.4162 	EXP 	tooSlowtext: height = 0.02
115.4162 	EXP 	tooSlowtext: height = 0.02
115.4162 	EXP 	tooSlowtext: text = 'Zu langsam. Sie müssen schneller antworten.'
115.4162 	EXP 	scene_image_4: autoDraw = False
115.4162 	EXP 	tooSlowtext: autoDraw = False
115.4162 	EXP 	scene_image_2: image = 'stimuli\\context_images\\sea_01.jpg'
115.4162 	EXP 	prompt: image = 'stimuli/bicycle/bicycle_06.jpg'
115.4162 	EXP 	dist_01: image = 'stimuli/key/key_01.jpg'
115.4162 	EXP 	dist_02: image = 'stimuli/ball/ball_11.jpg'
115.4162 	EXP 	correct: image = 'stimuli/chair/chair_11.jpg'
115.4162 	EXP 	chooseNowText: height = 0.02
115.4162 	EXP 	chooseNowText: height = 0.02
115.4162 	EXP 	chooseNowText: height = 0.02
115.4162 	EXP 	scene_image_2: autoDraw = True
115.4162 	EXP 	polygon_4: autoDraw = True
115.4162 	EXP 	polygon_4: borderColor = <psychopy.colors.Color: none, alpha=0.0>
115.4162 	EXP 	prompt: autoDraw = True
115.4162 	EXP 	dist_01: autoDraw = True
115.4162 	EXP 	dist_02: autoDraw = True
115.4162 	EXP 	correct: autoDraw = True
115.4162 	EXP 	chooseNowText: autoDraw = True
115.4374 	EXP 	polygon_4: borderColor = <psychopy.colors.Color: none, alpha=0.0>
115.4549 	EXP 	polygon_4: borderColor = <psychopy.colors.Color: none, alpha=0.0>
115.4712 	EXP 	polygon_4: borderColor = <psychopy.colors.Color: none, alpha=0.0>
115.4879 	EXP 	polygon_4: borderColor = <psychopy.colors.Color: none, alpha=0.0>
115.5049 	EXP 	polygon_4: borderColor = <psychopy.colors.Color: none, alpha=0.0>
115.5214 	EXP 	polygon_4: borderColor = <psychopy.colors.Color: none, alpha=0.0>
115.5381 	EXP 	polygon_4: borderColor = <psychopy.colors.Color: none, alpha=0.0>
115.5551 	EXP 	polygon_4: borderColor = <psychopy.colors.Color: none, alpha=0.0>
115.5718 	EXP 	polygon_4: borderColor = <psychopy.colors.Color: none, alpha=0.0>
115.5884 	EXP 	polygon_4: borderColor = <psychopy.colors.Color: none, alpha=0.0>
115.6049 	EXP 	polygon_4: borderColor = <psychopy.colors.Color: none, alpha=0.0>
115.6213 	EXP 	polygon_4: borderColor = <psychopy.colors.Color: none, alpha=0.0>
115.6377 	EXP 	polygon_4: borderColor = <psychopy.colors.Color: none, alpha=0.0>
115.6546 	EXP 	polygon_4: borderColor = <psychopy.colors.Color: none, alpha=0.0>
115.6713 	EXP 	polygon_4: borderColor = <psychopy.colors.Color: none, alpha=0.0>
115.6883 	EXP 	polygon_4: borderColor = <psychopy.colors.Color: none, alpha=0.0>
115.6905 	EXP 	Device response: <KeyPress from None: t=115.69014820002485, value=r, duration=None>
115.6927 	DATA 	Keypress: r
115.7213 	EXP 	polygon_4: borderColor = <psychopy.colors.Color: none, alpha=0.0>
115.7213 	EXP 	polygon_4: fillColor = <psychopy.colors.Color: red, alpha=1.0>
115.7213 	EXP 	polygon_4: borderColor = <psychopy.colors.Color: red, alpha=1.0>
115.7381 	EXP 	polygon_4: borderColor = <psychopy.colors.Color: (0.0, 0.0, 0.0, 1.0)>
115.7545 	EXP 	polygon_4: borderColor = <psychopy.colors.Color: (0.0, 0.0, 0.0, 1.0)>
115.7714 	EXP 	polygon_4: borderColor = <psychopy.colors.Color: (0.0, 0.0, 0.0, 1.0)>
115.7879 	EXP 	polygon_4: borderColor = <psychopy.colors.Color: (0.0, 0.0, 0.0, 1.0)>
115.8050 	EXP 	polygon_4: borderColor = <psychopy.colors.Color: (0.0, 0.0, 0.0, 1.0)>
115.9723 	EXP 	Device response: <KeyPress from None: t=106.89985029993113, value=r, duration=9.051182000082918>
116.0441 	EXP 	polygon_4: borderColor = <psychopy.colors.Color: (0.0, 0.0, 0.0, 1.0)>
116.0441 	EXP 	scene_image_2: autoDraw = False
116.0441 	EXP 	polygon_4: autoDraw = False
116.0441 	EXP 	prompt: autoDraw = False
116.0441 	EXP 	dist_01: autoDraw = False
116.0441 	EXP 	dist_02: autoDraw = False
116.0441 	EXP 	correct: autoDraw = False
116.0441 	EXP 	chooseNowText: autoDraw = False
116.0441 	EXP 	scene_image_3: image = 'stimuli\\context_images\\sea_01.jpg'
116.0441 	EXP 	polygon_8: fillColor = <psychopy.colors.Color: red, alpha=1.0>
116.0441 	EXP 	polygon_8: borderColor = <psychopy.colors.Color: red, alpha=1.0>
116.0441 	EXP 	prompt_2: image = 'stimuli/bicycle/bicycle_06.jpg'
116.0441 	EXP 	dist_01_2: image = 'stimuli/key/key_01.jpg'
116.0441 	EXP 	dist_02_2: image = 'stimuli/ball/ball_11.jpg'
116.0441 	EXP 	correct_2: image = 'stimuli/chair/chair_11.jpg'
116.0441 	EXP 	scene_image_3: autoDraw = True
116.0441 	EXP 	polygon_8: autoDraw = True
116.0441 	EXP 	prompt_2: autoDraw = True
116.0441 	EXP 	dist_01_2: autoDraw = True
116.0441 	EXP 	dist_02_2: autoDraw = True
116.0441 	EXP 	correct_2: autoDraw = True
117.0306 	EXP 	New trial (rep=0, index=8): <Trial 8 (8 in rep 0) data={'block': 1.0, 'learningSeq': 'A', 'runIndexWithinSeq': 1, 'currPosInSeq': 9, 'promptFile': 'stimuli/chair/chair_11.jpg', 'correctFile': 'stimuli/bread/bread_29.jpg', 'dist_01File': 'stimuli/lamp/lamp_01.jpg', 'dist_02File': 'stimuli/flower/flower_17.jpg', 'promptConcept': 'chair', 'correctConcept': 'bread', 'dist01Concept': 'lamp', 'dist02Concept': 'flower', 'correct_pos': 'right', 'dist01_pos': 'left', 'dist02_pos': 'center', 'dist01_diff': 0.6, 'dist02_diff': 0.27, 'correct_ans': 'right', 'pairTargetPosInSeq': 10, 'buf1Concept': 'lamp', 'buf1Exemplar': 1, 'buf1File': 'stimuli/lamp/lamp_01.jpg', 'buf2Concept': 'key', 'buf2Exemplar': 1, 'buf2File': 'stimuli/key/key_01.jpg', 'buf13Concept': 'pencil', 'buf13Exemplar': 1, 'buf13File': 'stimuli/pencil/pencil_01.jpg', 'buf14Concept': 'phone', 'buf14Exemplar': 1, 'buf14File': 'stimuli/phone/phone_01.jpg', 'promptTrigNumber': 4, 'correctTrigNumber': 3, 'dist01TrigNumber': 14, 'dist02TrigNumber': 6, 'thisN': 8, 'thisTrialN': 8, 'thisRepN': 0}>
117.0355 	INFO 	Keyboard events cleared
117.2040 	INFO 	Keyboard events cleared
117.2710 	EXP 	scene_image_3: autoDraw = False
117.2710 	EXP 	polygon_8: autoDraw = False
117.2710 	EXP 	prompt_2: autoDraw = False
117.2710 	EXP 	dist_01_2: autoDraw = False
117.2710 	EXP 	dist_02_2: autoDraw = False
117.2710 	EXP 	correct_2: autoDraw = False
117.2710 	EXP 	scene_image_4: image = 'stimuli\\context_images\\sea_01.jpg'
117.2710 	EXP 	tooSlowtext: height = 0.02
117.2710 	EXP 	tooSlowtext: height = 0.02
117.2710 	EXP 	tooSlowtext: height = 0.02
117.2710 	EXP 	tooSlowtext: text = ''
117.2710 	EXP 	tooSlowtext: height = 0.02
117.2710 	EXP 	tooSlowtext: height = 0.02
117.2710 	EXP 	tooSlowtext: height = 0.02
117.2710 	EXP 	tooSlowtext: text = 'Zu langsam. Sie müssen schneller antworten.'
117.2710 	EXP 	scene_image_4: autoDraw = False
117.2710 	EXP 	tooSlowtext: autoDraw = False
117.2710 	EXP 	scene_image_2: image = 'stimuli\\context_images\\sea_01.jpg'
117.2710 	EXP 	prompt: image = 'stimuli/chair/chair_11.jpg'
117.2710 	EXP 	dist_01: image = 'stimuli/lamp/lamp_01.jpg'
117.2710 	EXP 	dist_02: image = 'stimuli/flower/flower_17.jpg'
117.2710 	EXP 	correct: image = 'stimuli/bread/bread_29.jpg'
117.2710 	EXP 	chooseNowText: height = 0.02
117.2710 	EXP 	chooseNowText: height = 0.02
117.2710 	EXP 	chooseNowText: height = 0.02
117.2710 	EXP 	scene_image_2: autoDraw = True
117.2710 	EXP 	polygon_4: autoDraw = True
117.2710 	EXP 	polygon_4: borderColor = <psychopy.colors.Color: none, alpha=0.0>
117.2710 	EXP 	prompt: autoDraw = True
117.2710 	EXP 	dist_01: autoDraw = True
117.2710 	EXP 	dist_02: autoDraw = True
117.2710 	EXP 	correct: autoDraw = True
117.2710 	EXP 	chooseNowText: autoDraw = True
117.2876 	EXP 	polygon_4: borderColor = <psychopy.colors.Color: none, alpha=0.0>
117.3039 	EXP 	polygon_4: borderColor = <psychopy.colors.Color: none, alpha=0.0>
117.3209 	EXP 	polygon_4: borderColor = <psychopy.colors.Color: none, alpha=0.0>
117.3373 	EXP 	polygon_4: borderColor = <psychopy.colors.Color: none, alpha=0.0>
117.3543 	EXP 	polygon_4: borderColor = <psychopy.colors.Color: none, alpha=0.0>
117.3708 	EXP 	polygon_4: borderColor = <psychopy.colors.Color: none, alpha=0.0>
117.3876 	EXP 	polygon_4: borderColor = <psychopy.colors.Color: none, alpha=0.0>
117.4040 	EXP 	polygon_4: borderColor = <psychopy.colors.Color: none, alpha=0.0>
117.4209 	EXP 	polygon_4: borderColor = <psychopy.colors.Color: none, alpha=0.0>
117.4371 	EXP 	polygon_4: borderColor = <psychopy.colors.Color: none, alpha=0.0>
117.4540 	EXP 	polygon_4: borderColor = <psychopy.colors.Color: none, alpha=0.0>
117.4710 	EXP 	polygon_4: borderColor = <psychopy.colors.Color: none, alpha=0.0>
117.4877 	EXP 	polygon_4: borderColor = <psychopy.colors.Color: none, alpha=0.0>
117.5044 	EXP 	polygon_4: borderColor = <psychopy.colors.Color: none, alpha=0.0>
117.5068 	EXP 	Device response: <KeyPress from None: t=117.4949599999236, value=b, duration=None>
117.5101 	DATA 	Keypress: b
117.5372 	EXP 	polygon_4: borderColor = <psychopy.colors.Color: none, alpha=0.0>
117.5372 	EXP 	polygon_4: fillColor = <psychopy.colors.Color: (0.0, 1.0, 0.0, 1.0)>
117.5372 	EXP 	polygon_4: borderColor = <psychopy.colors.Color: (0.0, 1.0, 0.0, 1.0)>
117.5541 	EXP 	polygon_4: borderColor = <psychopy.colors.Color: (0.0, 0.0, 0.0, 1.0)>
117.5709 	EXP 	polygon_4: borderColor = <psychopy.colors.Color: (0.0, 0.0, 0.0, 1.0)>
117.5875 	EXP 	polygon_4: borderColor = <psychopy.colors.Color: (0.0, 0.0, 0.0, 1.0)>
117.6044 	EXP 	polygon_4: borderColor = <psychopy.colors.Color: (0.0, 0.0, 0.0, 1.0)>
117.6210 	EXP 	polygon_4: borderColor = <psychopy.colors.Color: (0.0, 0.0, 0.0, 1.0)>
117.7555 	EXP 	Device response: <KeyPress from None: t=117.4949599999236, value=b, duration=0.21875920007005334>
117.7923 	EXP 	polygon_4: borderColor = <psychopy.colors.Color: (0.0, 0.0, 0.0, 1.0)>
117.7923 	EXP 	scene_image_2: autoDraw = False
117.7923 	EXP 	polygon_4: autoDraw = False
117.7923 	EXP 	prompt: autoDraw = False
117.7923 	EXP 	dist_01: autoDraw = False
117.7923 	EXP 	dist_02: autoDraw = False
117.7923 	EXP 	correct: autoDraw = False
117.7923 	EXP 	chooseNowText: autoDraw = False
117.7923 	EXP 	scene_image_3: image = 'stimuli\\context_images\\sea_01.jpg'
117.7923 	EXP 	polygon_8: fillColor = <psychopy.colors.Color: (0.0, 1.0, 0.0, 1.0)>
117.7923 	EXP 	polygon_8: borderColor = <psychopy.colors.Color: (0.0, 1.0, 0.0, 1.0)>
117.7923 	EXP 	prompt_2: image = 'stimuli/chair/chair_11.jpg'
117.7923 	EXP 	dist_01_2: image = 'stimuli/lamp/lamp_01.jpg'
117.7923 	EXP 	dist_02_2: image = 'stimuli/flower/flower_17.jpg'
117.7923 	EXP 	correct_2: image = 'stimuli/bread/bread_29.jpg'
117.7923 	EXP 	scene_image_3: autoDraw = True
117.7923 	EXP 	polygon_8: autoDraw = True
117.7923 	EXP 	prompt_2: autoDraw = True
117.7923 	EXP 	dist_01_2: autoDraw = True
117.7923 	EXP 	dist_02_2: autoDraw = True
117.7923 	EXP 	correct_2: autoDraw = True
118.7975 	EXP 	New trial (rep=0, index=9): <Trial 9 (9 in rep 0) data={'block': 1.0, 'learningSeq': 'A', 'runIndexWithinSeq': 1, 'currPosInSeq': 10, 'promptFile': 'stimuli/bread/bread_29.jpg', 'correctFile': 'stimuli/house/house_35.jpg', 'dist_01File': 'stimuli/ball/ball_11.jpg', 'dist_02File': 'stimuli/bicycle/bicycle_06.jpg', 'promptConcept': 'bread', 'correctConcept': 'house', 'dist01Concept': 'ball', 'dist02Concept': 'bicycle', 'correct_pos': 'left', 'dist01_pos': 'center', 'dist02_pos': 'right', 'dist01_diff': 0.47, 'dist02_diff': 0.2, 'correct_ans': 'left', 'pairTargetPosInSeq': 11, 'buf1Concept': 'lamp', 'buf1Exemplar': 1, 'buf1File': 'stimuli/lamp/lamp_01.jpg', 'buf2Concept': 'key', 'buf2Exemplar': 1, 'buf2File': 'stimuli/key/key_01.jpg', 'buf13Concept': 'pencil', 'buf13Exemplar': 1, 'buf13File': 'stimuli/pencil/pencil_01.jpg', 'buf14Concept': 'phone', 'buf14Exemplar': 1, 'buf14File': 'stimuli/phone/phone_01.jpg', 'promptTrigNumber': 3, 'correctTrigNumber': 9, 'dist01TrigNumber': 1, 'dist02TrigNumber': 2, 'thisN': 9, 'thisTrialN': 9, 'thisRepN': 0}>
118.8030 	INFO 	Keyboard events cleared
118.9509 	INFO 	Keyboard events cleared
118.9908 	EXP 	scene_image_3: autoDraw = False
118.9908 	EXP 	polygon_8: autoDraw = False
118.9908 	EXP 	prompt_2: autoDraw = False
118.9908 	EXP 	dist_01_2: autoDraw = False
118.9908 	EXP 	dist_02_2: autoDraw = False
118.9908 	EXP 	correct_2: autoDraw = False
118.9908 	EXP 	scene_image_4: image = 'stimuli\\context_images\\sea_01.jpg'
118.9908 	EXP 	tooSlowtext: height = 0.02
118.9908 	EXP 	tooSlowtext: height = 0.02
118.9908 	EXP 	tooSlowtext: height = 0.02
118.9908 	EXP 	tooSlowtext: text = ''
118.9908 	EXP 	tooSlowtext: height = 0.02
118.9908 	EXP 	tooSlowtext: height = 0.02
118.9908 	EXP 	tooSlowtext: height = 0.02
118.9908 	EXP 	tooSlowtext: text = 'Zu langsam. Sie müssen schneller antworten.'
118.9908 	EXP 	scene_image_4: autoDraw = False
118.9908 	EXP 	tooSlowtext: autoDraw = False
118.9908 	EXP 	scene_image_2: image = 'stimuli\\context_images\\sea_01.jpg'
118.9908 	EXP 	prompt: image = 'stimuli/bread/bread_29.jpg'
118.9908 	EXP 	dist_01: image = 'stimuli/ball/ball_11.jpg'
118.9908 	EXP 	dist_02: image = 'stimuli/bicycle/bicycle_06.jpg'
118.9908 	EXP 	correct: image = 'stimuli/house/house_35.jpg'
118.9908 	EXP 	chooseNowText: height = 0.02
118.9908 	EXP 	chooseNowText: height = 0.02
118.9908 	EXP 	chooseNowText: height = 0.02
118.9908 	EXP 	scene_image_2: autoDraw = True
118.9908 	EXP 	polygon_4: autoDraw = True
118.9908 	EXP 	polygon_4: borderColor = <psychopy.colors.Color: none, alpha=0.0>
118.9908 	EXP 	prompt: autoDraw = True
118.9908 	EXP 	dist_01: autoDraw = True
118.9908 	EXP 	dist_02: autoDraw = True
118.9908 	EXP 	correct: autoDraw = True
118.9908 	EXP 	chooseNowText: autoDraw = True
119.0035 	EXP 	polygon_4: borderColor = <psychopy.colors.Color: none, alpha=0.0>
119.0206 	EXP 	polygon_4: borderColor = <psychopy.colors.Color: none, alpha=0.0>
119.0372 	EXP 	polygon_4: borderColor = <psychopy.colors.Color: none, alpha=0.0>
119.0536 	EXP 	polygon_4: borderColor = <psychopy.colors.Color: none, alpha=0.0>
119.0700 	EXP 	polygon_4: borderColor = <psychopy.colors.Color: none, alpha=0.0>
119.0869 	EXP 	polygon_4: borderColor = <psychopy.colors.Color: none, alpha=0.0>
119.1035 	EXP 	polygon_4: borderColor = <psychopy.colors.Color: none, alpha=0.0>
119.1203 	EXP 	polygon_4: borderColor = <psychopy.colors.Color: none, alpha=0.0>
119.1370 	EXP 	polygon_4: borderColor = <psychopy.colors.Color: none, alpha=0.0>
119.1533 	EXP 	polygon_4: borderColor = <psychopy.colors.Color: none, alpha=0.0>
119.1702 	EXP 	polygon_4: borderColor = <psychopy.colors.Color: none, alpha=0.0>
119.1865 	EXP 	polygon_4: borderColor = <psychopy.colors.Color: none, alpha=0.0>
119.2031 	EXP 	polygon_4: borderColor = <psychopy.colors.Color: none, alpha=0.0>
119.2204 	EXP 	polygon_4: borderColor = <psychopy.colors.Color: none, alpha=0.0>
119.2370 	EXP 	polygon_4: borderColor = <psychopy.colors.Color: none, alpha=0.0>
119.2531 	EXP 	polygon_4: borderColor = <psychopy.colors.Color: none, alpha=0.0>
119.2705 	EXP 	polygon_4: borderColor = <psychopy.colors.Color: none, alpha=0.0>
119.2866 	EXP 	polygon_4: borderColor = <psychopy.colors.Color: none, alpha=0.0>
119.3037 	EXP 	polygon_4: borderColor = <psychopy.colors.Color: none, alpha=0.0>
119.3198 	EXP 	polygon_4: borderColor = <psychopy.colors.Color: none, alpha=0.0>
119.3373 	EXP 	polygon_4: borderColor = <psychopy.colors.Color: none, alpha=0.0>
119.3538 	EXP 	polygon_4: borderColor = <psychopy.colors.Color: none, alpha=0.0>
119.3560 	EXP 	Device response: <KeyPress from None: t=119.35427329991944, value=g, duration=None>
119.3582 	DATA 	Keypress: g
119.3862 	EXP 	polygon_4: borderColor = <psychopy.colors.Color: none, alpha=0.0>
119.3862 	EXP 	polygon_4: fillColor = <psychopy.colors.Color: (0.0, 1.0, 0.0, 1.0)>
119.3862 	EXP 	polygon_4: borderColor = <psychopy.colors.Color: (0.0, 1.0, 0.0, 1.0)>
119.4033 	EXP 	polygon_4: borderColor = <psychopy.colors.Color: (0.0, 0.0, 0.0, 1.0)>
119.4201 	EXP 	polygon_4: borderColor = <psychopy.colors.Color: (0.0, 0.0, 0.0, 1.0)>
119.4367 	EXP 	polygon_4: borderColor = <psychopy.colors.Color: (0.0, 0.0, 0.0, 1.0)>
119.4536 	EXP 	polygon_4: borderColor = <psychopy.colors.Color: (0.0, 0.0, 0.0, 1.0)>
119.4703 	EXP 	polygon_4: borderColor = <psychopy.colors.Color: (0.0, 0.0, 0.0, 1.0)>
119.6394 	EXP 	polygon_4: borderColor = <psychopy.colors.Color: (0.0, 0.0, 0.0, 1.0)>
119.6394 	EXP 	scene_image_2: autoDraw = False
119.6394 	EXP 	polygon_4: autoDraw = False
119.6394 	EXP 	prompt: autoDraw = False
119.6394 	EXP 	dist_01: autoDraw = False
119.6394 	EXP 	dist_02: autoDraw = False
119.6394 	EXP 	correct: autoDraw = False
119.6394 	EXP 	chooseNowText: autoDraw = False
119.6394 	EXP 	scene_image_3: image = 'stimuli\\context_images\\sea_01.jpg'
119.6394 	EXP 	polygon_8: fillColor = <psychopy.colors.Color: (0.0, 1.0, 0.0, 1.0)>
119.6394 	EXP 	polygon_8: borderColor = <psychopy.colors.Color: (0.0, 1.0, 0.0, 1.0)>
119.6394 	EXP 	prompt_2: image = 'stimuli/bread/bread_29.jpg'
119.6394 	EXP 	dist_01_2: image = 'stimuli/ball/ball_11.jpg'
119.6394 	EXP 	dist_02_2: image = 'stimuli/bicycle/bicycle_06.jpg'
119.6394 	EXP 	correct_2: image = 'stimuli/house/house_35.jpg'
119.6394 	EXP 	scene_image_3: autoDraw = True
119.6394 	EXP 	polygon_8: autoDraw = True
119.6394 	EXP 	prompt_2: autoDraw = True
119.6394 	EXP 	dist_01_2: autoDraw = True
119.6394 	EXP 	dist_02_2: autoDraw = True
119.6394 	EXP 	correct_2: autoDraw = True
119.6731 	EXP 	Device response: <KeyPress from None: t=119.35427329991944, value=g, duration=0.3133037000661716>
120.6285 	EXP 	New trial (rep=0, index=10): <Trial 10 (10 in rep 0) data={'block': 1.0, 'learningSeq': 'A', 'runIndexWithinSeq': 1, 'currPosInSeq': 11, 'promptFile': 'stimuli/house/house_35.jpg', 'correctFile': 'stimuli/hammer/hammer_16.jpg', 'dist_01File': 'stimuli/key/key_01.jpg', 'dist_02File': 'stimuli/dog/dog_49.jpg', 'promptConcept': 'house', 'correctConcept': 'hammer', 'dist01Concept': 'key', 'dist02Concept': 'dog', 'correct_pos': 'center', 'dist01_pos': 'right', 'dist02_pos': 'left', 'dist01_diff': 0.67, 'dist02_diff': 0.47, 'correct_ans': 'center', 'pairTargetPosInSeq': 12, 'buf1Concept': 'lamp', 'buf1Exemplar': 1, 'buf1File': 'stimuli/lamp/lamp_01.jpg', 'buf2Concept': 'key', 'buf2Exemplar': 1, 'buf2File': 'stimuli/key/key_01.jpg', 'buf13Concept': 'pencil', 'buf13Exemplar': 1, 'buf13File': 'stimuli/pencil/pencil_01.jpg', 'buf14Concept': 'phone', 'buf14Exemplar': 1, 'buf14File': 'stimuli/phone/phone_01.jpg', 'promptTrigNumber': 9, 'correctTrigNumber': 7, 'dist01TrigNumber': 15, 'dist02TrigNumber': 5, 'thisN': 10, 'thisTrialN': 10, 'thisRepN': 0}>
120.6330 	INFO 	Keyboard events cleared
120.7874 	INFO 	Keyboard events cleared
120.8310 	EXP 	scene_image_3: autoDraw = False
120.8310 	EXP 	polygon_8: autoDraw = False
120.8310 	EXP 	prompt_2: autoDraw = False
120.8310 	EXP 	dist_01_2: autoDraw = False
120.8310 	EXP 	dist_02_2: autoDraw = False
120.8310 	EXP 	correct_2: autoDraw = False
120.8310 	EXP 	scene_image_4: image = 'stimuli\\context_images\\sea_01.jpg'
120.8310 	EXP 	tooSlowtext: height = 0.02
120.8310 	EXP 	tooSlowtext: height = 0.02
120.8310 	EXP 	tooSlowtext: height = 0.02
120.8310 	EXP 	tooSlowtext: text = ''
120.8310 	EXP 	tooSlowtext: height = 0.02
120.8310 	EXP 	tooSlowtext: height = 0.02
120.8310 	EXP 	tooSlowtext: height = 0.02
120.8310 	EXP 	tooSlowtext: text = 'Zu langsam. Sie müssen schneller antworten.'
120.8310 	EXP 	scene_image_4: autoDraw = False
120.8310 	EXP 	tooSlowtext: autoDraw = False
120.8310 	EXP 	scene_image_2: image = 'stimuli\\context_images\\sea_01.jpg'
120.8310 	EXP 	prompt: image = 'stimuli/house/house_35.jpg'
120.8310 	EXP 	dist_01: image = 'stimuli/key/key_01.jpg'
120.8310 	EXP 	dist_02: image = 'stimuli/dog/dog_49.jpg'
120.8310 	EXP 	correct: image = 'stimuli/hammer/hammer_16.jpg'
120.8310 	EXP 	chooseNowText: height = 0.02
120.8310 	EXP 	chooseNowText: height = 0.02
120.8310 	EXP 	chooseNowText: height = 0.02
120.8310 	EXP 	scene_image_2: autoDraw = True
120.8310 	EXP 	polygon_4: autoDraw = True
120.8310 	EXP 	polygon_4: borderColor = <psychopy.colors.Color: none, alpha=0.0>
120.8310 	EXP 	prompt: autoDraw = True
120.8310 	EXP 	dist_01: autoDraw = True
120.8310 	EXP 	dist_02: autoDraw = True
120.8310 	EXP 	correct: autoDraw = True
120.8310 	EXP 	chooseNowText: autoDraw = True
120.8525 	EXP 	polygon_4: borderColor = <psychopy.colors.Color: none, alpha=0.0>
120.8695 	EXP 	polygon_4: borderColor = <psychopy.colors.Color: none, alpha=0.0>
120.8863 	EXP 	polygon_4: borderColor = <psychopy.colors.Color: none, alpha=0.0>
120.9034 	EXP 	polygon_4: borderColor = <psychopy.colors.Color: none, alpha=0.0>
120.9196 	EXP 	polygon_4: borderColor = <psychopy.colors.Color: none, alpha=0.0>
120.9365 	EXP 	polygon_4: borderColor = <psychopy.colors.Color: none, alpha=0.0>
120.9530 	EXP 	polygon_4: borderColor = <psychopy.colors.Color: none, alpha=0.0>
120.9700 	EXP 	polygon_4: borderColor = <psychopy.colors.Color: none, alpha=0.0>
120.9865 	EXP 	polygon_4: borderColor = <psychopy.colors.Color: none, alpha=0.0>
121.0036 	EXP 	polygon_4: borderColor = <psychopy.colors.Color: none, alpha=0.0>
121.0197 	EXP 	polygon_4: borderColor = <psychopy.colors.Color: none, alpha=0.0>
121.0365 	EXP 	polygon_4: borderColor = <psychopy.colors.Color: none, alpha=0.0>
121.0531 	EXP 	polygon_4: borderColor = <psychopy.colors.Color: none, alpha=0.0>
121.0697 	EXP 	polygon_4: borderColor = <psychopy.colors.Color: none, alpha=0.0>
121.0866 	EXP 	polygon_4: borderColor = <psychopy.colors.Color: none, alpha=0.0>
121.1029 	EXP 	polygon_4: borderColor = <psychopy.colors.Color: none, alpha=0.0>
121.1198 	EXP 	polygon_4: borderColor = <psychopy.colors.Color: none, alpha=0.0>
121.1362 	EXP 	polygon_4: borderColor = <psychopy.colors.Color: none, alpha=0.0>
121.1530 	EXP 	polygon_4: borderColor = <psychopy.colors.Color: none, alpha=0.0>
121.1699 	EXP 	polygon_4: borderColor = <psychopy.colors.Color: none, alpha=0.0>
121.1861 	EXP 	polygon_4: borderColor = <psychopy.colors.Color: none, alpha=0.0>
121.2032 	EXP 	polygon_4: borderColor = <psychopy.colors.Color: none, alpha=0.0>
121.2198 	EXP 	polygon_4: borderColor = <psychopy.colors.Color: none, alpha=0.0>
121.2362 	EXP 	polygon_4: borderColor = <psychopy.colors.Color: none, alpha=0.0>
121.2580 	EXP 	polygon_4: borderColor = <psychopy.colors.Color: none, alpha=0.0>
121.2705 	EXP 	polygon_4: borderColor = <psychopy.colors.Color: none, alpha=0.0>
121.2868 	EXP 	polygon_4: borderColor = <psychopy.colors.Color: none, alpha=0.0>
121.2889 	EXP 	Device response: <KeyPress from None: t=121.287876999937, value=g, duration=None>
121.2905 	DATA 	Keypress: g
121.3190 	EXP 	polygon_4: borderColor = <psychopy.colors.Color: none, alpha=0.0>
121.3190 	EXP 	polygon_4: fillColor = <psychopy.colors.Color: red, alpha=1.0>
121.3190 	EXP 	polygon_4: borderColor = <psychopy.colors.Color: red, alpha=1.0>
121.3362 	EXP 	polygon_4: borderColor = <psychopy.colors.Color: (0.0, 0.0, 0.0, 1.0)>
121.3527 	EXP 	polygon_4: borderColor = <psychopy.colors.Color: (0.0, 0.0, 0.0, 1.0)>
121.3695 	EXP 	polygon_4: borderColor = <psychopy.colors.Color: (0.0, 0.0, 0.0, 1.0)>
121.3862 	EXP 	polygon_4: borderColor = <psychopy.colors.Color: (0.0, 0.0, 0.0, 1.0)>
121.4027 	EXP 	polygon_4: borderColor = <psychopy.colors.Color: (0.0, 0.0, 0.0, 1.0)>
121.5955 	EXP 	polygon_4: borderColor = <psychopy.colors.Color: (0.0, 0.0, 0.0, 1.0)>
121.5955 	EXP 	scene_image_2: autoDraw = False
121.5955 	EXP 	polygon_4: autoDraw = False
121.5955 	EXP 	prompt: autoDraw = False
121.5955 	EXP 	dist_01: autoDraw = False
121.5955 	EXP 	dist_02: autoDraw = False
121.5955 	EXP 	correct: autoDraw = False
121.5955 	EXP 	chooseNowText: autoDraw = False
121.5955 	EXP 	scene_image_3: image = 'stimuli\\context_images\\sea_01.jpg'
121.5955 	EXP 	polygon_8: fillColor = <psychopy.colors.Color: red, alpha=1.0>
121.5955 	EXP 	polygon_8: borderColor = <psychopy.colors.Color: red, alpha=1.0>
121.5955 	EXP 	prompt_2: image = 'stimuli/house/house_35.jpg'
121.5955 	EXP 	dist_01_2: image = 'stimuli/key/key_01.jpg'
121.5955 	EXP 	dist_02_2: image = 'stimuli/dog/dog_49.jpg'
121.5955 	EXP 	correct_2: image = 'stimuli/hammer/hammer_16.jpg'
121.5955 	EXP 	scene_image_3: autoDraw = True
121.5955 	EXP 	polygon_8: autoDraw = True
121.5955 	EXP 	prompt_2: autoDraw = True
121.5955 	EXP 	dist_01_2: autoDraw = True
121.5955 	EXP 	dist_02_2: autoDraw = True
121.5955 	EXP 	correct_2: autoDraw = True
121.6729 	EXP 	Device response: <KeyPress from None: t=121.287876999937, value=g, duration=0.38004580000415444>
122.5793 	EXP 	New trial (rep=0, index=11): <Trial 11 (11 in rep 0) data={'block': 1.0, 'learningSeq': 'A', 'runIndexWithinSeq': 1, 'currPosInSeq': 12, 'promptFile': 'stimuli/hammer/hammer_16.jpg', 'correctFile': 'stimuli/pencil/pencil_01.jpg', 'dist_01File': 'stimuli/lamp/lamp_01.jpg', 'dist_02File': 'stimuli/jacket/jacket_44.jpg', 'promptConcept': 'hammer', 'correctConcept': 'pencil', 'dist01Concept': 'lamp', 'dist02Concept': 'jacket', 'correct_pos': 'center', 'dist01_pos': 'right', 'dist02_pos': 'left', 'dist01_diff': 0.8, 'dist02_diff': 0.4, 'correct_ans': 'center', 'pairTargetPosInSeq': 13, 'buf1Concept': 'lamp', 'buf1Exemplar': 1, 'buf1File': 'stimuli/lamp/lamp_01.jpg', 'buf2Concept': 'key', 'buf2Exemplar': 1, 'buf2File': 'stimuli/key/key_01.jpg', 'buf13Concept': 'pencil', 'buf13Exemplar': 1, 'buf13File': 'stimuli/pencil/pencil_01.jpg', 'buf14Concept': 'phone', 'buf14Exemplar': 1, 'buf14File': 'stimuli/phone/phone_01.jpg', 'promptTrigNumber': 7, 'correctTrigNumber': 16, 'dist01TrigNumber': 14, 'dist02TrigNumber': 10, 'thisN': 11, 'thisTrialN': 11, 'thisRepN': 0}>
122.5841 	INFO 	Keyboard events cleared
122.7200 	INFO 	Keyboard events cleared
122.7587 	EXP 	scene_image_3: autoDraw = False
122.7587 	EXP 	polygon_8: autoDraw = False
122.7587 	EXP 	prompt_2: autoDraw = False
122.7587 	EXP 	dist_01_2: autoDraw = False
122.7587 	EXP 	dist_02_2: autoDraw = False
122.7587 	EXP 	correct_2: autoDraw = False
122.7587 	EXP 	scene_image_4: image = 'stimuli\\context_images\\sea_01.jpg'
122.7587 	EXP 	tooSlowtext: height = 0.02
122.7587 	EXP 	tooSlowtext: height = 0.02
122.7587 	EXP 	tooSlowtext: height = 0.02
122.7587 	EXP 	tooSlowtext: text = ''
122.7587 	EXP 	tooSlowtext: height = 0.02
122.7587 	EXP 	tooSlowtext: height = 0.02
122.7587 	EXP 	tooSlowtext: height = 0.02
122.7587 	EXP 	tooSlowtext: text = 'Zu langsam. Sie müssen schneller antworten.'
122.7587 	EXP 	scene_image_4: autoDraw = False
122.7587 	EXP 	tooSlowtext: autoDraw = False
122.7587 	EXP 	scene_image_2: image = 'stimuli\\context_images\\sea_01.jpg'
122.7587 	EXP 	prompt: image = 'stimuli/hammer/hammer_16.jpg'
122.7587 	EXP 	dist_01: image = 'stimuli/lamp/lamp_01.jpg'
122.7587 	EXP 	dist_02: image = 'stimuli/jacket/jacket_44.jpg'
122.7587 	EXP 	correct: image = 'stimuli/pencil/pencil_01.jpg'
122.7587 	EXP 	chooseNowText: height = 0.02
122.7587 	EXP 	chooseNowText: height = 0.02
122.7587 	EXP 	chooseNowText: height = 0.02
122.7587 	EXP 	scene_image_2: autoDraw = True
122.7587 	EXP 	polygon_4: autoDraw = True
122.7587 	EXP 	polygon_4: borderColor = <psychopy.colors.Color: none, alpha=0.0>
122.7587 	EXP 	prompt: autoDraw = True
122.7587 	EXP 	dist_01: autoDraw = True
122.7587 	EXP 	dist_02: autoDraw = True
122.7587 	EXP 	correct: autoDraw = True
122.7587 	EXP 	chooseNowText: autoDraw = True
122.7690 	EXP 	polygon_4: borderColor = <psychopy.colors.Color: none, alpha=0.0>
122.7856 	EXP 	polygon_4: borderColor = <psychopy.colors.Color: none, alpha=0.0>
122.8022 	EXP 	polygon_4: borderColor = <psychopy.colors.Color: none, alpha=0.0>
122.8189 	EXP 	polygon_4: borderColor = <psychopy.colors.Color: none, alpha=0.0>
122.8357 	EXP 	polygon_4: borderColor = <psychopy.colors.Color: none, alpha=0.0>
122.8520 	EXP 	polygon_4: borderColor = <psychopy.colors.Color: none, alpha=0.0>
122.8690 	EXP 	polygon_4: borderColor = <psychopy.colors.Color: none, alpha=0.0>
122.8858 	EXP 	polygon_4: borderColor = <psychopy.colors.Color: none, alpha=0.0>
122.9025 	EXP 	polygon_4: borderColor = <psychopy.colors.Color: none, alpha=0.0>
122.9194 	EXP 	polygon_4: borderColor = <psychopy.colors.Color: none, alpha=0.0>
122.9358 	EXP 	polygon_4: borderColor = <psychopy.colors.Color: none, alpha=0.0>
122.9525 	EXP 	polygon_4: borderColor = <psychopy.colors.Color: none, alpha=0.0>
122.9692 	EXP 	polygon_4: borderColor = <psychopy.colors.Color: none, alpha=0.0>
122.9860 	EXP 	polygon_4: borderColor = <psychopy.colors.Color: none, alpha=0.0>
123.0023 	EXP 	polygon_4: borderColor = <psychopy.colors.Color: none, alpha=0.0>
123.0190 	EXP 	polygon_4: borderColor = <psychopy.colors.Color: none, alpha=0.0>
123.0358 	EXP 	polygon_4: borderColor = <psychopy.colors.Color: none, alpha=0.0>
123.0524 	EXP 	polygon_4: borderColor = <psychopy.colors.Color: none, alpha=0.0>
123.0692 	EXP 	polygon_4: borderColor = <psychopy.colors.Color: none, alpha=0.0>
123.0858 	EXP 	polygon_4: borderColor = <psychopy.colors.Color: none, alpha=0.0>
123.1025 	EXP 	polygon_4: borderColor = <psychopy.colors.Color: none, alpha=0.0>
123.1193 	EXP 	polygon_4: borderColor = <psychopy.colors.Color: none, alpha=0.0>
123.1358 	EXP 	polygon_4: borderColor = <psychopy.colors.Color: none, alpha=0.0>
123.1524 	EXP 	polygon_4: borderColor = <psychopy.colors.Color: none, alpha=0.0>
123.1690 	EXP 	polygon_4: borderColor = <psychopy.colors.Color: none, alpha=0.0>
123.1859 	EXP 	polygon_4: borderColor = <psychopy.colors.Color: none, alpha=0.0>
123.2022 	EXP 	polygon_4: borderColor = <psychopy.colors.Color: none, alpha=0.0>
123.2197 	EXP 	polygon_4: borderColor = <psychopy.colors.Color: none, alpha=0.0>
123.2360 	EXP 	polygon_4: borderColor = <psychopy.colors.Color: none, alpha=0.0>
123.2383 	EXP 	Device response: <KeyPress from None: t=123.22459569992498, value=b, duration=None>
123.2405 	DATA 	Keypress: b
123.2681 	EXP 	polygon_4: borderColor = <psychopy.colors.Color: none, alpha=0.0>
123.2681 	EXP 	polygon_4: fillColor = <psychopy.colors.Color: red, alpha=1.0>
123.2681 	EXP 	polygon_4: borderColor = <psychopy.colors.Color: red, alpha=1.0>
123.2857 	EXP 	polygon_4: borderColor = <psychopy.colors.Color: (0.0, 0.0, 0.0, 1.0)>
123.3023 	EXP 	polygon_4: borderColor = <psychopy.colors.Color: (0.0, 0.0, 0.0, 1.0)>
123.3191 	EXP 	polygon_4: borderColor = <psychopy.colors.Color: (0.0, 0.0, 0.0, 1.0)>
123.3356 	EXP 	polygon_4: borderColor = <psychopy.colors.Color: (0.0, 0.0, 0.0, 1.0)>
123.3525 	EXP 	polygon_4: borderColor = <psychopy.colors.Color: (0.0, 0.0, 0.0, 1.0)>
123.5408 	EXP 	polygon_4: borderColor = <psychopy.colors.Color: (0.0, 0.0, 0.0, 1.0)>
123.5408 	EXP 	scene_image_2: autoDraw = False
123.5408 	EXP 	polygon_4: autoDraw = False
123.5408 	EXP 	prompt: autoDraw = False
123.5408 	EXP 	dist_01: autoDraw = False
123.5408 	EXP 	dist_02: autoDraw = False
123.5408 	EXP 	correct: autoDraw = False
123.5408 	EXP 	chooseNowText: autoDraw = False
123.5408 	EXP 	scene_image_3: image = 'stimuli\\context_images\\sea_01.jpg'
123.5408 	EXP 	polygon_8: fillColor = <psychopy.colors.Color: red, alpha=1.0>
123.5408 	EXP 	polygon_8: borderColor = <psychopy.colors.Color: red, alpha=1.0>
123.5408 	EXP 	prompt_2: image = 'stimuli/hammer/hammer_16.jpg'
123.5408 	EXP 	dist_01_2: image = 'stimuli/lamp/lamp_01.jpg'
123.5408 	EXP 	dist_02_2: image = 'stimuli/jacket/jacket_44.jpg'
123.5408 	EXP 	correct_2: image = 'stimuli/pencil/pencil_01.jpg'
123.5408 	EXP 	scene_image_3: autoDraw = True
123.5408 	EXP 	polygon_8: autoDraw = True
123.5408 	EXP 	prompt_2: autoDraw = True
123.5408 	EXP 	dist_01_2: autoDraw = True
123.5408 	EXP 	dist_02_2: autoDraw = True
123.5408 	EXP 	correct_2: autoDraw = True
123.5441 	EXP 	Device response: <KeyPress from None: t=123.22459569992498, value=b, duration=0.31135050009470433>
124.5279 	EXP 	New trial (rep=0, index=12): <Trial 12 (12 in rep 0) data={'block': 1.0, 'learningSeq': 'A', 'runIndexWithinSeq': 1, 'currPosInSeq': 13, 'promptFile': 'stimuli/pencil/pencil_01.jpg', 'correctFile': 'stimuli/phone/phone_01.jpg', 'dist_01File': 'stimuli/hand/hand_16.jpg', 'dist_02File': 'stimuli/bread/bread_29.jpg', 'promptConcept': 'pencil', 'correctConcept': 'phone', 'dist01Concept': 'hand', 'dist02Concept': 'bread', 'correct_pos': 'left', 'dist01_pos': 'center', 'dist02_pos': 'right', 'dist01_diff': 0.73, 'dist02_diff': 0.27, 'correct_ans': 'left', 'pairTargetPosInSeq': 14, 'buf1Concept': 'lamp', 'buf1Exemplar': 1, 'buf1File': 'stimuli/lamp/lamp_01.jpg', 'buf2Concept': 'key', 'buf2Exemplar': 1, 'buf2File': 'stimuli/key/key_01.jpg', 'buf13Concept': 'pencil', 'buf13Exemplar': 1, 'buf13File': 'stimuli/pencil/pencil_01.jpg', 'buf14Concept': 'phone', 'buf14Exemplar': 1, 'buf14File': 'stimuli/phone/phone_01.jpg', 'promptTrigNumber': 16, 'correctTrigNumber': 17, 'dist01TrigNumber': 8, 'dist02TrigNumber': 3, 'thisN': 12, 'thisTrialN': 12, 'thisRepN': 0}>
124.5326 	INFO 	Keyboard events cleared
124.6210 	INFO 	Keyboard events cleared
124.6588 	EXP 	scene_image_3: autoDraw = False
124.6588 	EXP 	polygon_8: autoDraw = False
124.6588 	EXP 	prompt_2: autoDraw = False
124.6588 	EXP 	dist_01_2: autoDraw = False
124.6588 	EXP 	dist_02_2: autoDraw = False
124.6588 	EXP 	correct_2: autoDraw = False
124.6588 	EXP 	scene_image_4: image = 'stimuli\\context_images\\sea_01.jpg'
124.6588 	EXP 	tooSlowtext: height = 0.02
124.6588 	EXP 	tooSlowtext: height = 0.02
124.6588 	EXP 	tooSlowtext: height = 0.02
124.6588 	EXP 	tooSlowtext: text = ''
124.6588 	EXP 	tooSlowtext: height = 0.02
124.6588 	EXP 	tooSlowtext: height = 0.02
124.6588 	EXP 	tooSlowtext: height = 0.02
124.6588 	EXP 	tooSlowtext: text = 'Zu langsam. Sie müssen schneller antworten.'
124.6588 	EXP 	scene_image_4: autoDraw = False
124.6588 	EXP 	tooSlowtext: autoDraw = False
124.6588 	EXP 	scene_image_2: image = 'stimuli\\context_images\\sea_01.jpg'
124.6588 	EXP 	prompt: image = 'stimuli/pencil/pencil_01.jpg'
124.6588 	EXP 	dist_01: image = 'stimuli/hand/hand_16.jpg'
124.6588 	EXP 	dist_02: image = 'stimuli/bread/bread_29.jpg'
124.6588 	EXP 	correct: image = 'stimuli/phone/phone_01.jpg'
124.6588 	EXP 	chooseNowText: height = 0.02
124.6588 	EXP 	chooseNowText: height = 0.02
124.6588 	EXP 	chooseNowText: height = 0.02
124.6588 	EXP 	scene_image_2: autoDraw = True
124.6588 	EXP 	polygon_4: autoDraw = True
124.6588 	EXP 	polygon_4: borderColor = <psychopy.colors.Color: none, alpha=0.0>
124.6588 	EXP 	prompt: autoDraw = True
124.6588 	EXP 	dist_01: autoDraw = True
124.6588 	EXP 	dist_02: autoDraw = True
124.6588 	EXP 	correct: autoDraw = True
124.6588 	EXP 	chooseNowText: autoDraw = True
124.6688 	EXP 	polygon_4: borderColor = <psychopy.colors.Color: none, alpha=0.0>
124.6852 	EXP 	polygon_4: borderColor = <psychopy.colors.Color: none, alpha=0.0>
124.7017 	EXP 	polygon_4: borderColor = <psychopy.colors.Color: none, alpha=0.0>
124.7185 	EXP 	polygon_4: borderColor = <psychopy.colors.Color: none, alpha=0.0>
124.7351 	EXP 	polygon_4: borderColor = <psychopy.colors.Color: none, alpha=0.0>
124.7517 	EXP 	polygon_4: borderColor = <psychopy.colors.Color: none, alpha=0.0>
124.7686 	EXP 	polygon_4: borderColor = <psychopy.colors.Color: none, alpha=0.0>
124.7852 	EXP 	polygon_4: borderColor = <psychopy.colors.Color: none, alpha=0.0>
124.8019 	EXP 	polygon_4: borderColor = <psychopy.colors.Color: none, alpha=0.0>
124.8185 	EXP 	polygon_4: borderColor = <psychopy.colors.Color: none, alpha=0.0>
124.8355 	EXP 	polygon_4: borderColor = <psychopy.colors.Color: none, alpha=0.0>
124.8531 	EXP 	polygon_4: borderColor = <psychopy.colors.Color: none, alpha=0.0>
124.8682 	EXP 	polygon_4: borderColor = <psychopy.colors.Color: none, alpha=0.0>
124.8851 	EXP 	polygon_4: borderColor = <psychopy.colors.Color: none, alpha=0.0>
124.9019 	EXP 	polygon_4: borderColor = <psychopy.colors.Color: none, alpha=0.0>
124.9184 	EXP 	polygon_4: borderColor = <psychopy.colors.Color: none, alpha=0.0>
124.9349 	EXP 	polygon_4: borderColor = <psychopy.colors.Color: none, alpha=0.0>
124.9518 	EXP 	polygon_4: borderColor = <psychopy.colors.Color: none, alpha=0.0>
124.9686 	EXP 	polygon_4: borderColor = <psychopy.colors.Color: none, alpha=0.0>
124.9855 	EXP 	polygon_4: borderColor = <psychopy.colors.Color: none, alpha=0.0>
125.0017 	EXP 	polygon_4: borderColor = <psychopy.colors.Color: none, alpha=0.0>
125.0190 	EXP 	polygon_4: borderColor = <psychopy.colors.Color: none, alpha=0.0>
125.0353 	EXP 	polygon_4: borderColor = <psychopy.colors.Color: none, alpha=0.0>
125.0519 	EXP 	polygon_4: borderColor = <psychopy.colors.Color: none, alpha=0.0>
125.0683 	EXP 	polygon_4: borderColor = <psychopy.colors.Color: none, alpha=0.0>
125.0855 	EXP 	polygon_4: borderColor = <psychopy.colors.Color: none, alpha=0.0>
125.1022 	EXP 	polygon_4: borderColor = <psychopy.colors.Color: none, alpha=0.0>
125.1181 	EXP 	polygon_4: borderColor = <psychopy.colors.Color: none, alpha=0.0>
125.1346 	EXP 	polygon_4: borderColor = <psychopy.colors.Color: none, alpha=0.0>
125.1513 	EXP 	polygon_4: borderColor = <psychopy.colors.Color: none, alpha=0.0>
125.1681 	EXP 	polygon_4: borderColor = <psychopy.colors.Color: none, alpha=0.0>
125.1849 	EXP 	polygon_4: borderColor = <psychopy.colors.Color: none, alpha=0.0>
125.2016 	EXP 	polygon_4: borderColor = <psychopy.colors.Color: none, alpha=0.0>
125.2183 	EXP 	polygon_4: borderColor = <psychopy.colors.Color: none, alpha=0.0>
125.2348 	EXP 	polygon_4: borderColor = <psychopy.colors.Color: none, alpha=0.0>
125.2515 	EXP 	polygon_4: borderColor = <psychopy.colors.Color: none, alpha=0.0>
125.2680 	EXP 	polygon_4: borderColor = <psychopy.colors.Color: none, alpha=0.0>
125.2851 	EXP 	polygon_4: borderColor = <psychopy.colors.Color: none, alpha=0.0>
125.3016 	EXP 	polygon_4: borderColor = <psychopy.colors.Color: none, alpha=0.0>
125.3182 	EXP 	polygon_4: borderColor = <psychopy.colors.Color: none, alpha=0.0>
125.3349 	EXP 	polygon_4: borderColor = <psychopy.colors.Color: none, alpha=0.0>
125.3514 	EXP 	polygon_4: borderColor = <psychopy.colors.Color: none, alpha=0.0>
125.3684 	EXP 	polygon_4: borderColor = <psychopy.colors.Color: none, alpha=0.0>
125.3709 	EXP 	Device response: <KeyPress from None: t=125.36274599994067, value=r, duration=None>
125.3721 	DATA 	Keypress: r
125.4012 	EXP 	polygon_4: borderColor = <psychopy.colors.Color: none, alpha=0.0>
125.4012 	EXP 	polygon_4: fillColor = <psychopy.colors.Color: red, alpha=1.0>
125.4012 	EXP 	polygon_4: borderColor = <psychopy.colors.Color: red, alpha=1.0>
125.4185 	EXP 	polygon_4: borderColor = <psychopy.colors.Color: (0.0, 0.0, 0.0, 1.0)>
125.4350 	EXP 	polygon_4: borderColor = <psychopy.colors.Color: (0.0, 0.0, 0.0, 1.0)>
125.4515 	EXP 	polygon_4: borderColor = <psychopy.colors.Color: (0.0, 0.0, 0.0, 1.0)>
125.4681 	EXP 	polygon_4: borderColor = <psychopy.colors.Color: (0.0, 0.0, 0.0, 1.0)>
125.4849 	EXP 	polygon_4: borderColor = <psychopy.colors.Color: (0.0, 0.0, 0.0, 1.0)>
125.6009 	EXP 	polygon_4: borderColor = <psychopy.colors.Color: (0.0, 0.0, 0.0, 1.0)>
125.6009 	EXP 	scene_image_2: autoDraw = False
125.6009 	EXP 	polygon_4: autoDraw = False
125.6009 	EXP 	prompt: autoDraw = False
125.6009 	EXP 	dist_01: autoDraw = False
125.6009 	EXP 	dist_02: autoDraw = False
125.6009 	EXP 	correct: autoDraw = False
125.6009 	EXP 	chooseNowText: autoDraw = False
125.6009 	EXP 	scene_image_3: image = 'stimuli\\context_images\\sea_01.jpg'
125.6009 	EXP 	polygon_8: fillColor = <psychopy.colors.Color: red, alpha=1.0>
125.6009 	EXP 	polygon_8: borderColor = <psychopy.colors.Color: red, alpha=1.0>
125.6009 	EXP 	prompt_2: image = 'stimuli/pencil/pencil_01.jpg'
125.6009 	EXP 	dist_01_2: image = 'stimuli/hand/hand_16.jpg'
125.6009 	EXP 	dist_02_2: image = 'stimuli/bread/bread_29.jpg'
125.6009 	EXP 	correct_2: image = 'stimuli/phone/phone_01.jpg'
125.6009 	EXP 	scene_image_3: autoDraw = True
125.6009 	EXP 	polygon_8: autoDraw = True
125.6009 	EXP 	prompt_2: autoDraw = True
125.6009 	EXP 	dist_01_2: autoDraw = True
125.6009 	EXP 	dist_02_2: autoDraw = True
125.6009 	EXP 	correct_2: autoDraw = True
125.6533 	EXP 	Device response: <KeyPress from None: t=115.69014820002485, value=r, duration=9.956615599920042>
126.6181 	EXP 	scene_image_3: autoDraw = False
126.6181 	EXP 	polygon_8: autoDraw = False
126.6181 	EXP 	prompt_2: autoDraw = False
126.6181 	EXP 	dist_01_2: autoDraw = False
126.6181 	EXP 	dist_02_2: autoDraw = False
126.6181 	EXP 	correct_2: autoDraw = False
126.6181 	EXP 	scene_image_4: image = 'stimuli\\context_images\\sea_01.jpg'
126.6181 	EXP 	tooSlowtext: height = 0.02
126.6181 	EXP 	tooSlowtext: height = 0.02
126.6181 	EXP 	tooSlowtext: height = 0.02
126.6181 	EXP 	tooSlowtext: text = ''
126.6181 	EXP 	tooSlowtext: height = 0.02
126.6181 	EXP 	tooSlowtext: height = 0.02
126.6181 	EXP 	tooSlowtext: height = 0.02
126.6181 	EXP 	tooSlowtext: text = 'Zu langsam. Sie müssen schneller antworten.'
126.6181 	EXP 	scene_image_4: autoDraw = False
126.6181 	EXP 	tooSlowtext: autoDraw = False
126.6181 	EXP 	fix_cross: autoDraw = True
131.6327 	INFO 	Keyboard events cleared
131.6326 	EXP 	fix_cross: autoDraw = False
131.6326 	EXP 	fix_cross: autoDraw = False
131.6326 	EXP 	instruction_now_retr: height = 0.025
131.6326 	EXP 	instruction_now_retr: height = 0.025
131.6326 	EXP 	instruction_now_retr: height = 0.025
131.6326 	EXP 	instruction_now_retr: text = 'Sie werden nun die gelernten\nAssoziationen abrufen.'
131.6326 	EXP 	instruction_now_retr: autoDraw = True
132.6679 	DEBUG 	Read excel file with openpyxl: sequences/retrieval_block1_fixed-middle-10_03.xlsx
132.7284 	EXP 	Imported sequences/retrieval_block1_fixed-middle-10_03.xlsx as conditions, 20 conditions, 23 params
132.7290 	EXP 	New trial (rep=0, index=0): <Trial 0 (0 in rep 0) data={'learningSeq': 'A', 'block': 'block1', 'runIndexWithinSeq': 1, 'miniblockWithinRun': 0, 'coupleIndexWithinRoute': 0, 'img_first': 'stimuli/bread/bread_29.jpg', 'img_second': 'stimuli/dog/dog_49.jpg', 'img_third': None, 'distance_correct': 5, 'trial_type': 1, 'opt_left': 'no', 'opt_right': 'yes', 'correct_side': 'left', 'correct_key': 'left', 'is_yes': 0, 'image_dur_retr': 1.2, 'fix_dur_retr': 0.2, 'iti_dur_retr': 0.32, 'reflection_win_dur': 2.11, 'routeIndexWithinBlock': 1, 'seqOfRoute': 'A', 'retrIm1Trig': 3, 'retrIm2Trig': 5, 'thisN': 0, 'thisTrialN': 0, 'thisRepN': 0}>
132.7481 	EXP 	instruction_now_retr: autoDraw = False
132.7481 	EXP 	instruction_now_retr: autoDraw = False
132.7481 	EXP 	fix_cross_retrbegin_2: height = 0.03
132.7481 	EXP 	fix_cross_retrbegin_2: height = 0.03
132.7481 	EXP 	fix_cross_retrbegin_2: height = 0.03
132.7481 	EXP 	fix_cross_retrbegin_2: text = '+'
132.7481 	EXP 	fix_cross_retrbegin_2: autoDraw = True
132.9186 	EXP 	Device response: <KeyPress from None: t=132.9126453999197, value=g, duration=None>
132.9190 	DATA 	Keypress: g
133.1031 	EXP 	fix_cross_retrbegin_2: autoDraw = False
133.1031 	EXP 	fix_cross_retrbegin_2: autoDraw = False
133.1031 	EXP 	image_1: image = 'stimuli/bread/bread_29.jpg'
133.1031 	EXP 	image_1: autoDraw = True
133.1506 	EXP 	Device response: <KeyPress from None: t=132.9126453999197, value=g, duration=0.22915920009836555>
134.1148 	EXP 	image_1: autoDraw = False
134.1148 	EXP 	image_1: autoDraw = False
134.1148 	EXP 	mask_img1_2: autoDraw = True
134.4058 	EXP 	mask_img1_2: autoDraw = False
134.4058 	EXP 	mask_img1_2: autoDraw = False
134.4058 	EXP 	image_2: image = 'stimuli/dog/dog_49.jpg'
134.4058 	EXP 	image_2: autoDraw = True
135.4149 	EXP 	image_2: autoDraw = False
135.4149 	EXP 	image_2: autoDraw = False
135.4149 	EXP 	mask_img2_2: autoDraw = True
135.6645 	EXP 	mask_img2_2: autoDraw = False
135.6645 	EXP 	mask_img2_2: autoDraw = False
135.6645 	EXP 	fix_cross_reflretr: autoDraw = True
137.7760 	INFO 	Keyboard events cleared
137.7964 	INFO 	Keyboard events cleared
137.7963 	EXP 	fix_cross_reflretr: autoDraw = False
137.7963 	EXP 	fix_cross_reflretr: autoDraw = False
137.7963 	EXP 	yes_txt: height = 0.03
137.7963 	EXP 	yes_txt: height = 0.03
137.7963 	EXP 	yes_txt: height = 0.03
137.7963 	EXP 	yes_txt: text = 'ja'
137.7963 	EXP 	no_txt: height = 0.03
137.7963 	EXP 	no_txt: height = 0.03
137.7963 	EXP 	no_txt: height = 0.03
137.7963 	EXP 	no_txt: text = 'nein'
137.7963 	EXP 	chooseNowText_2: height = 0.025
137.7963 	EXP 	chooseNowText_2: height = 0.025
137.7963 	EXP 	chooseNowText_2: height = 0.025
137.7963 	EXP 	polygon_6: autoDraw = True
137.7963 	EXP 	yes_txt: autoDraw = True
137.7963 	EXP 	no_txt: autoDraw = True
137.7963 	EXP 	chooseNowText_2: autoDraw = True
138.5652 	EXP 	Device response: <KeyPress from None: t=138.56433259998448, value=b, duration=None>
138.5667 	DATA 	Keypress: b
138.6681 	INFO 	Keyboard events cleared
138.6966 	EXP 	polygon_6: autoDraw = False
138.6966 	EXP 	yes_txt: autoDraw = False
138.6966 	EXP 	no_txt: autoDraw = False
138.6966 	EXP 	chooseNowText_2: autoDraw = False
138.6966 	EXP 	tooSlowtext_4: text = ''
138.6966 	EXP 	tooSlowtext_4: height = 0.025
138.6966 	EXP 	tooSlowtext_4: height = 0.025
138.6966 	EXP 	tooSlowtext_4: height = 0.025
138.6966 	EXP 	tooSlowtext_4: text = 'Zu langsam. Sie müssen schneller antworten.'
138.6966 	EXP 	tooSlowtext_4: autoDraw = False
138.6966 	EXP 	chooseNowText_3: height = 0.025
138.6966 	EXP 	chooseNowText_3: height = 0.025
138.6966 	EXP 	chooseNowText_3: height = 0.025
138.6966 	EXP 	opt_2: foreColor = <psychopy.colors.Color: white, alpha=1.0>
138.6966 	EXP 	opt_3: foreColor = <psychopy.colors.Color: white, alpha=1.0>
138.6966 	EXP 	opt_4: foreColor = <psychopy.colors.Color: white, alpha=1.0>
138.6966 	EXP 	opt_5: foreColor = <psychopy.colors.Color: white, alpha=1.0>
138.6966 	EXP 	chooseNowText_3: autoDraw = True
138.6966 	EXP 	opt_2: autoDraw = True
138.6966 	EXP 	opt_3: autoDraw = True
138.6966 	EXP 	opt_4: autoDraw = True
138.6966 	EXP 	opt_5: autoDraw = True
138.7987 	EXP 	Device response: <KeyPress from None: t=138.56433259998448, value=b, duration=0.229154699947685>
139.0657 	DATA 	Keypress: g
139.0822 	EXP 	Device response: <KeyPress from None: t=139.0649663999211, value=g, duration=None>
139.1796 	INFO 	Keyboard events cleared
139.2317 	EXP 	Device response: <KeyPress from None: t=139.0649663999211, value=g, duration=0.16606449999380857>
139.4821 	EXP 	Device response: <KeyPress from None: t=139.46771719993558, value=g, duration=None>
139.4841 	DATA 	Keypress: g
139.5125 	EXP 	opt_5: foreColor = 'blue'
139.6019 	EXP 	New trial (rep=0, index=1): <Trial 1 (1 in rep 0) data={'learningSeq': 'A', 'block': 'block1', 'runIndexWithinSeq': 1, 'miniblockWithinRun': 0, 'coupleIndexWithinRoute': 1, 'img_first': 'stimuli/flower/flower_17.jpg', 'img_second': 'stimuli/hand/hand_16.jpg', 'img_third': None, 'distance_correct': 3, 'trial_type': 1, 'opt_left': 'yes', 'opt_right': 'no', 'correct_side': 'right', 'correct_key': 'right', 'is_yes': 0, 'image_dur_retr': 1.2, 'fix_dur_retr': 0.2, 'iti_dur_retr': 0.26, 'reflection_win_dur': 1.82, 'routeIndexWithinBlock': 1, 'seqOfRoute': 'A', 'retrIm1Trig': 6, 'retrIm2Trig': 8, 'thisN': 1, 'thisTrialN': 1, 'thisRepN': 0}>
139.6132 	EXP 	chooseNowText_3: autoDraw = False
139.6132 	EXP 	opt_2: autoDraw = False
139.6132 	EXP 	opt_3: autoDraw = False
139.6132 	EXP 	opt_4: autoDraw = False
139.6132 	EXP 	opt_5: autoDraw = False
139.6132 	EXP 	tooSlowtext_2: text = ''
139.6132 	EXP 	tooSlowtext_2: height = 0.025
139.6132 	EXP 	tooSlowtext_2: height = 0.025
139.6132 	EXP 	tooSlowtext_2: height = 0.025
139.6132 	EXP 	tooSlowtext_2: text = 'Zu langsam. Sie müssen schneller antworten.'
139.6132 	EXP 	tooSlowtext_2: autoDraw = False
139.6132 	EXP 	fix_cross_retrbegin_2: text = '+'
139.6132 	EXP 	fix_cross_retrbegin_2: autoDraw = True
139.6326 	EXP 	Device response: <KeyPress from None: t=139.46771719993558, value=g, duration=0.1623133000684902>
139.6656 	EXP 	Device response: <KeyPress from None: t=139.65601329994388, value=r, duration=None>
139.6660 	DATA 	Keypress: r
139.7996 	EXP 	Device response: <KeyPress from None: t=125.36274599994067, value=r, duration=14.429321500007063>
139.9160 	EXP 	fix_cross_retrbegin_2: autoDraw = False
139.9160 	EXP 	fix_cross_retrbegin_2: autoDraw = False
139.9160 	EXP 	image_1: image = 'stimuli/flower/flower_17.jpg'
139.9160 	EXP 	image_1: autoDraw = True
140.9294 	EXP 	image_1: autoDraw = False
140.9294 	EXP 	image_1: autoDraw = False
140.9294 	EXP 	mask_img1_2: autoDraw = True
141.2003 	EXP 	mask_img1_2: autoDraw = False
141.2003 	EXP 	mask_img1_2: autoDraw = False
141.2003 	EXP 	image_2: image = 'stimuli/hand/hand_16.jpg'
141.2003 	EXP 	image_2: autoDraw = True
142.2126 	EXP 	image_2: autoDraw = False
142.2126 	EXP 	image_2: autoDraw = False
142.2126 	EXP 	mask_img2_2: autoDraw = True
142.4620 	EXP 	mask_img2_2: autoDraw = False
142.4620 	EXP 	mask_img2_2: autoDraw = False
142.4620 	EXP 	fix_cross_reflretr: autoDraw = True
144.2907 	INFO 	Keyboard events cleared
144.3110 	INFO 	Keyboard events cleared
144.3108 	EXP 	fix_cross_reflretr: autoDraw = False
144.3108 	EXP 	fix_cross_reflretr: autoDraw = False
144.3108 	EXP 	yes_txt: text = 'ja'
144.3108 	EXP 	no_txt: text = 'nein'
144.3108 	EXP 	chooseNowText_2: height = 0.025
144.3108 	EXP 	chooseNowText_2: height = 0.025
144.3108 	EXP 	chooseNowText_2: height = 0.025
144.3108 	EXP 	polygon_6: autoDraw = True
144.3108 	EXP 	yes_txt: autoDraw = True
144.3108 	EXP 	no_txt: autoDraw = True
144.3108 	EXP 	chooseNowText_2: autoDraw = True
144.9137 	EXP 	Device response: <KeyPress from None: t=144.90427699999418, value=b, duration=None>
144.9152 	DATA 	Keypress: b
145.0320 	INFO 	Keyboard events cleared
145.0610 	EXP 	polygon_6: autoDraw = False
145.0610 	EXP 	yes_txt: autoDraw = False
145.0610 	EXP 	no_txt: autoDraw = False
145.0610 	EXP 	chooseNowText_2: autoDraw = False
145.0610 	EXP 	tooSlowtext_4: height = 0.025
145.0610 	EXP 	tooSlowtext_4: height = 0.025
145.0610 	EXP 	tooSlowtext_4: height = 0.025
145.0610 	EXP 	tooSlowtext_4: text = ''
145.0610 	EXP 	tooSlowtext_4: height = 0.025
145.0610 	EXP 	tooSlowtext_4: height = 0.025
145.0610 	EXP 	tooSlowtext_4: height = 0.025
145.0610 	EXP 	tooSlowtext_4: text = 'Zu langsam. Sie müssen schneller antworten.'
145.0610 	EXP 	tooSlowtext_4: autoDraw = False
145.0610 	EXP 	chooseNowText_3: height = 0.025
145.0610 	EXP 	chooseNowText_3: height = 0.025
145.0610 	EXP 	chooseNowText_3: height = 0.025
145.0610 	EXP 	opt_2: foreColor = <psychopy.colors.Color: white, alpha=1.0>
145.0610 	EXP 	opt_3: foreColor = <psychopy.colors.Color: white, alpha=1.0>
145.0610 	EXP 	opt_4: foreColor = <psychopy.colors.Color: white, alpha=1.0>
145.0610 	EXP 	opt_5: foreColor = <psychopy.colors.Color: white, alpha=1.0>
145.0610 	EXP 	chooseNowText_3: autoDraw = True
145.0610 	EXP 	opt_2: autoDraw = True
145.0610 	EXP 	opt_3: autoDraw = True
145.0610 	EXP 	opt_4: autoDraw = True
145.0610 	EXP 	opt_5: autoDraw = True
145.1129 	EXP 	Device response: <KeyPress from None: t=144.90427699999418, value=b, duration=0.19729409995488822>
145.3800 	EXP 	Device response: <KeyPress from None: t=145.36575320002157, value=g, duration=None>
145.3810 	DATA 	Keypress: g
145.5449 	INFO 	Keyboard events cleared
145.5797 	EXP 	Device response: <KeyPress from None: t=145.36575320002157, value=g, duration=0.20626519992947578>
145.8299 	EXP 	Device response: <KeyPress from None: t=145.8208617999917, value=g, duration=None>
145.8322 	DATA 	Keypress: g
145.8604 	EXP 	opt_5: foreColor = 'blue'
145.9487 	EXP 	New trial (rep=0, index=2): <Trial 2 (2 in rep 0) data={'learningSeq': 'A', 'block': 'block1', 'runIndexWithinSeq': 1, 'miniblockWithinRun': 0, 'coupleIndexWithinRoute': 2, 'img_first': 'stimuli/bicycle/bicycle_06.jpg', 'img_second': 'stimuli/hammer/hammer_16.jpg', 'img_third': None, 'distance_correct': 4, 'trial_type': 1, 'opt_left': 'no', 'opt_right': 'yes', 'correct_side': 'right', 'correct_key': 'right', 'is_yes': 1, 'image_dur_retr': 1.2, 'fix_dur_retr': 0.2, 'iti_dur_retr': 0.73, 'reflection_win_dur': 2.2, 'routeIndexWithinBlock': 1, 'seqOfRoute': 'A', 'retrIm1Trig': 2, 'retrIm2Trig': 7, 'thisN': 2, 'thisTrialN': 2, 'thisRepN': 0}>
145.9613 	EXP 	chooseNowText_3: autoDraw = False
145.9613 	EXP 	opt_2: autoDraw = False
145.9613 	EXP 	opt_3: autoDraw = False
145.9613 	EXP 	opt_4: autoDraw = False
145.9613 	EXP 	opt_5: autoDraw = False
145.9613 	EXP 	tooSlowtext_2: height = 0.025
145.9613 	EXP 	tooSlowtext_2: height = 0.025
145.9613 	EXP 	tooSlowtext_2: height = 0.025
145.9613 	EXP 	tooSlowtext_2: text = ''
145.9613 	EXP 	tooSlowtext_2: height = 0.025
145.9613 	EXP 	tooSlowtext_2: height = 0.025
145.9613 	EXP 	tooSlowtext_2: height = 0.025
145.9613 	EXP 	tooSlowtext_2: text = 'Zu langsam. Sie müssen schneller antworten.'
145.9613 	EXP 	tooSlowtext_2: autoDraw = False
145.9613 	EXP 	fix_cross_retrbegin_2: text = '+'
145.9613 	EXP 	fix_cross_retrbegin_2: autoDraw = True
146.0136 	EXP 	Device response: <KeyPress from None: t=145.8208617999917, value=g, duration=0.17813359992578626>
146.7135 	EXP 	fix_cross_retrbegin_2: autoDraw = False
146.7135 	EXP 	fix_cross_retrbegin_2: autoDraw = False
146.7135 	EXP 	image_1: image = 'stimuli/bicycle/bicycle_06.jpg'
146.7135 	EXP 	image_1: autoDraw = True
147.7277 	EXP 	image_1: autoDraw = False
147.7277 	EXP 	image_1: autoDraw = False
147.7277 	EXP 	mask_img1_2: autoDraw = True
147.9964 	EXP 	mask_img1_2: autoDraw = False
147.9964 	EXP 	image_2: image = 'stimuli/hammer/hammer_16.jpg'
147.9964 	EXP 	image_2: autoDraw = True
149.0102 	EXP 	image_2: autoDraw = False
149.0102 	EXP 	image_2: autoDraw = False
149.0102 	EXP 	mask_img2_2: autoDraw = True
149.2603 	EXP 	mask_img2_2: autoDraw = False
149.2603 	EXP 	fix_cross_reflretr: autoDraw = True
151.0286 	EXP 	Device response: <KeyPress from None: t=151.0227088999236, value=b, duration=None>
151.0289 	DATA 	Keypress: b
151.1621 	EXP 	Device response: <KeyPress from None: t=151.0227088999236, value=b, duration=0.1257915000896901>
151.4726 	INFO 	Keyboard events cleared
151.4921 	INFO 	Keyboard events cleared
151.4919 	EXP 	fix_cross_reflretr: autoDraw = False
151.4919 	EXP 	fix_cross_reflretr: autoDraw = False
151.4919 	EXP 	yes_txt: text = 'ja'
151.4919 	EXP 	no_txt: text = 'nein'
151.4919 	EXP 	chooseNowText_2: height = 0.025
151.4919 	EXP 	chooseNowText_2: height = 0.025
151.4919 	EXP 	chooseNowText_2: height = 0.025
151.4919 	EXP 	polygon_6: autoDraw = True
151.4919 	EXP 	yes_txt: autoDraw = True
151.4919 	EXP 	no_txt: autoDraw = True
151.4919 	EXP 	chooseNowText_2: autoDraw = True
151.9115 	EXP 	Device response: <KeyPress from None: t=151.9109279999975, value=g, duration=None>
151.9129 	DATA 	Keypress: g
152.0143 	INFO 	Keyboard events cleared
152.0420 	EXP 	polygon_6: autoDraw = False
152.0420 	EXP 	yes_txt: autoDraw = False
152.0420 	EXP 	no_txt: autoDraw = False
152.0420 	EXP 	chooseNowText_2: autoDraw = False
152.0420 	EXP 	tooSlowtext_4: height = 0.025
152.0420 	EXP 	tooSlowtext_4: height = 0.025
152.0420 	EXP 	tooSlowtext_4: height = 0.025
152.0420 	EXP 	tooSlowtext_4: text = ''
152.0420 	EXP 	tooSlowtext_4: height = 0.025
152.0420 	EXP 	tooSlowtext_4: height = 0.025
152.0420 	EXP 	tooSlowtext_4: height = 0.025
152.0420 	EXP 	tooSlowtext_4: text = 'Zu langsam. Sie müssen schneller antworten.'
152.0420 	EXP 	tooSlowtext_4: autoDraw = False
152.0420 	EXP 	chooseNowText_3: height = 0.025
152.0420 	EXP 	chooseNowText_3: height = 0.025
152.0420 	EXP 	chooseNowText_3: height = 0.025
152.0420 	EXP 	opt_2: foreColor = <psychopy.colors.Color: white, alpha=1.0>
152.0420 	EXP 	opt_3: foreColor = <psychopy.colors.Color: white, alpha=1.0>
152.0420 	EXP 	opt_4: foreColor = <psychopy.colors.Color: white, alpha=1.0>
152.0420 	EXP 	opt_5: foreColor = <psychopy.colors.Color: white, alpha=1.0>
152.0420 	EXP 	chooseNowText_3: autoDraw = True
152.0420 	EXP 	opt_2: autoDraw = True
152.0420 	EXP 	opt_3: autoDraw = True
152.0420 	EXP 	opt_4: autoDraw = True
152.0420 	EXP 	opt_5: autoDraw = True
152.1944 	EXP 	Device response: <KeyPress from None: t=151.9109279999975, value=g, duration=0.2689609000226483>
152.3948 	EXP 	Device response: <KeyPress from None: t=152.39439339993987, value=b, duration=None>
152.3955 	DATA 	Keypress: b
152.5255 	INFO 	Keyboard events cleared
152.5784 	EXP 	Device response: <KeyPress from None: t=152.39439339993987, value=b, duration=0.18235310004092753>
152.8110 	EXP 	Device response: <KeyPress from None: t=152.80331839993596, value=b, duration=None>
152.8135 	DATA 	Keypress: b
152.8417 	EXP 	opt_3: foreColor = 'blue'
152.9309 	EXP 	New trial (rep=0, index=3): <Trial 3 (3 in rep 0) data={'learningSeq': 'A', 'block': 'block1', 'runIndexWithinSeq': 1, 'miniblockWithinRun': 0, 'coupleIndexWithinRoute': 3, 'img_first': 'stimuli/jacket/jacket_44.jpg', 'img_second': 'stimuli/chair/chair_11.jpg', 'img_third': None, 'distance_correct': 2, 'trial_type': 1, 'opt_left': 'yes', 'opt_right': 'no', 'correct_side': 'left', 'correct_key': 'left', 'is_yes': 1, 'image_dur_retr': 1.2, 'fix_dur_retr': 0.2, 'iti_dur_retr': 0.43, 'reflection_win_dur': 1.76, 'routeIndexWithinBlock': 1, 'seqOfRoute': 'A', 'retrIm1Trig': 10, 'retrIm2Trig': 4, 'thisN': 3, 'thisTrialN': 3, 'thisRepN': 0}>
152.9423 	EXP 	chooseNowText_3: autoDraw = False
152.9423 	EXP 	opt_2: autoDraw = False
152.9423 	EXP 	opt_3: autoDraw = False
152.9423 	EXP 	opt_4: autoDraw = False
152.9423 	EXP 	opt_5: autoDraw = False
152.9423 	EXP 	tooSlowtext_2: height = 0.025
152.9423 	EXP 	tooSlowtext_2: height = 0.025
152.9423 	EXP 	tooSlowtext_2: height = 0.025
152.9423 	EXP 	tooSlowtext_2: text = ''
152.9423 	EXP 	tooSlowtext_2: height = 0.025
152.9423 	EXP 	tooSlowtext_2: height = 0.025
152.9423 	EXP 	tooSlowtext_2: height = 0.025
152.9423 	EXP 	tooSlowtext_2: text = 'Zu langsam. Sie müssen schneller antworten.'
152.9423 	EXP 	tooSlowtext_2: autoDraw = False
152.9423 	EXP 	fix_cross_retrbegin_2: text = '+'
152.9423 	EXP 	fix_cross_retrbegin_2: autoDraw = True
152.9448 	EXP 	Device response: <KeyPress from None: t=152.80331839993596, value=b, duration=0.1298363000387326>
153.2608 	EXP 	Device response: <KeyPress from None: t=153.25351249997038, value=b, duration=None>
153.2611 	DATA 	Keypress: b
153.3608 	EXP 	Device response: <KeyPress from None: t=153.25351249997038, value=b, duration=0.10010000003967434>
153.4164 	EXP 	fix_cross_retrbegin_2: autoDraw = False
153.4164 	EXP 	fix_cross_retrbegin_2: autoDraw = False
153.4164 	EXP 	image_1: image = 'stimuli/jacket/jacket_44.jpg'
153.4164 	EXP 	image_1: autoDraw = True
153.4780 	EXP 	Device response: <KeyPress from None: t=153.46193779993337, value=b, duration=None>
153.4784 	DATA 	Keypress: b
153.5610 	EXP 	Device response: <KeyPress from None: t=153.46193779993337, value=b, duration=0.08760349999647588>
153.6603 	EXP 	Device response: <KeyPress from None: t=153.65255519992206, value=b, duration=None>
153.6606 	DATA 	Keypress: b
153.7493 	EXP 	Device response: <KeyPress from None: t=153.65255519992206, value=b, duration=0.07762019999790937>
153.8606 	EXP 	Device response: <KeyPress from None: t=153.852789400029, value=b, duration=None>
153.8610 	DATA 	Keypress: b
153.9450 	EXP 	Device response: <KeyPress from None: t=153.852789400029, value=b, duration=0.08593589998781681>
154.4254 	EXP 	image_1: autoDraw = False
154.4254 	EXP 	image_1: autoDraw = False
154.4254 	EXP 	mask_img1_2: autoDraw = True
154.6949 	EXP 	mask_img1_2: autoDraw = False
154.6949 	EXP 	image_2: image = 'stimuli/chair/chair_11.jpg'
154.6949 	EXP 	image_2: autoDraw = True
155.7084 	EXP 	image_2: autoDraw = False
155.7084 	EXP 	image_2: autoDraw = False
155.7084 	EXP 	mask_img2_2: autoDraw = True
155.9582 	EXP 	mask_img2_2: autoDraw = False
155.9582 	EXP 	fix_cross_reflretr: autoDraw = True
157.7218 	INFO 	Keyboard events cleared
157.7400 	INFO 	Keyboard events cleared
157.7399 	EXP 	fix_cross_reflretr: autoDraw = False
157.7399 	EXP 	fix_cross_reflretr: autoDraw = False
157.7399 	EXP 	yes_txt: text = 'ja'
157.7399 	EXP 	no_txt: text = 'nein'
157.7399 	EXP 	chooseNowText_2: height = 0.025
157.7399 	EXP 	chooseNowText_2: height = 0.025
157.7399 	EXP 	chooseNowText_2: height = 0.025
157.7399 	EXP 	polygon_6: autoDraw = True
157.7399 	EXP 	yes_txt: autoDraw = True
157.7399 	EXP 	no_txt: autoDraw = True
157.7399 	EXP 	chooseNowText_2: autoDraw = True
158.1088 	EXP 	Device response: <KeyPress from None: t=158.1049038999481, value=g, duration=None>
158.1100 	DATA 	Keypress: g
158.2122 	INFO 	Keyboard events cleared
158.2402 	EXP 	polygon_6: autoDraw = False
158.2402 	EXP 	yes_txt: autoDraw = False
158.2402 	EXP 	no_txt: autoDraw = False
158.2402 	EXP 	chooseNowText_2: autoDraw = False
158.2402 	EXP 	tooSlowtext_4: height = 0.025
158.2402 	EXP 	tooSlowtext_4: height = 0.025
158.2402 	EXP 	tooSlowtext_4: height = 0.025
158.2402 	EXP 	tooSlowtext_4: text = ''
158.2402 	EXP 	tooSlowtext_4: height = 0.025
158.2402 	EXP 	tooSlowtext_4: height = 0.025
158.2402 	EXP 	tooSlowtext_4: height = 0.025
158.2402 	EXP 	tooSlowtext_4: text = 'Zu langsam. Sie müssen schneller antworten.'
158.2402 	EXP 	tooSlowtext_4: autoDraw = False
158.2402 	EXP 	chooseNowText_3: height = 0.025
158.2402 	EXP 	chooseNowText_3: height = 0.025
158.2402 	EXP 	chooseNowText_3: height = 0.025
158.2402 	EXP 	opt_2: foreColor = <psychopy.colors.Color: white, alpha=1.0>
158.2402 	EXP 	opt_3: foreColor = <psychopy.colors.Color: white, alpha=1.0>
158.2402 	EXP 	opt_4: foreColor = <psychopy.colors.Color: white, alpha=1.0>
158.2402 	EXP 	opt_5: foreColor = <psychopy.colors.Color: white, alpha=1.0>
158.2402 	EXP 	chooseNowText_3: autoDraw = True
158.2402 	EXP 	opt_2: autoDraw = True
158.2402 	EXP 	opt_3: autoDraw = True
158.2402 	EXP 	opt_4: autoDraw = True
158.2402 	EXP 	opt_5: autoDraw = True
158.3263 	EXP 	Device response: <KeyPress from None: t=158.1049038999481, value=g, duration=0.2144994999980554>
158.7107 	EXP 	Device response: <KeyPress from None: t=158.70133569999598, value=g, duration=None>
158.7116 	DATA 	Keypress: g
158.7242 	INFO 	Keyboard events cleared
158.8093 	EXP 	Device response: <KeyPress from None: t=158.70133569999598, value=g, duration=0.09559299994725734>
158.9261 	EXP 	Device response: <KeyPress from None: t=158.92187660001218, value=g, duration=None>
158.9285 	DATA 	Keypress: g
158.9571 	EXP 	opt_5: foreColor = 'blue'
159.0254 	EXP 	Device response: <KeyPress from None: t=158.92187660001218, value=g, duration=0.09159699990414083>
159.0444 	EXP 	New trial (rep=0, index=4): <Trial 4 (4 in rep 0) data={'learningSeq': 'A', 'block': 'block1', 'runIndexWithinSeq': 1, 'miniblockWithinRun': 1, 'coupleIndexWithinRoute': 4, 'img_first': 'stimuli/bicycle/bicycle_06.jpg', 'img_second': 'stimuli/ball/ball_11.jpg', 'img_third': None, 'distance_correct': 4, 'trial_type': 1, 'opt_left': 'no', 'opt_right': 'yes', 'correct_side': 'left', 'correct_key': 'left', 'is_yes': 0, 'image_dur_retr': 1.2, 'fix_dur_retr': 0.2, 'iti_dur_retr': 0.45, 'reflection_win_dur': 1.95, 'routeIndexWithinBlock': 1, 'seqOfRoute': 'A', 'retrIm1Trig': 2, 'retrIm2Trig': 1, 'thisN': 4, 'thisTrialN': 4, 'thisRepN': 0}>
159.0571 	EXP 	chooseNowText_3: autoDraw = False
159.0571 	EXP 	opt_2: autoDraw = False
159.0571 	EXP 	opt_3: autoDraw = False
159.0571 	EXP 	opt_4: autoDraw = False
159.0571 	EXP 	opt_5: autoDraw = False
159.0571 	EXP 	tooSlowtext_2: height = 0.025
159.0571 	EXP 	tooSlowtext_2: height = 0.025
159.0571 	EXP 	tooSlowtext_2: height = 0.025
159.0571 	EXP 	tooSlowtext_2: text = ''
159.0571 	EXP 	tooSlowtext_2: height = 0.025
159.0571 	EXP 	tooSlowtext_2: height = 0.025
159.0571 	EXP 	tooSlowtext_2: height = 0.025
159.0571 	EXP 	tooSlowtext_2: text = 'Zu langsam. Sie müssen schneller antworten.'
159.0571 	EXP 	tooSlowtext_2: autoDraw = False
159.0571 	EXP 	fix_cross_retrbegin_2: text = '+'
159.0571 	EXP 	fix_cross_retrbegin_2: autoDraw = True
159.5081 	EXP 	Device response: <KeyPress from None: t=159.50694120000117, value=b, duration=None>
159.5089 	DATA 	Keypress: b
159.5280 	EXP 	fix_cross_retrbegin_2: autoDraw = False
159.5280 	EXP 	fix_cross_retrbegin_2: autoDraw = False
159.5280 	EXP 	image_1: image = 'stimuli/bicycle/bicycle_06.jpg'
159.5280 	EXP 	image_1: autoDraw = True
159.5754 	EXP 	Device response: <KeyPress from None: t=159.50694120000117, value=b, duration=0.06639429996721447>
159.9430 	EXP 	Device response: <KeyPress from None: t=159.9317974000005, value=b, duration=None>
159.9433 	DATA 	Keypress: b
160.0084 	EXP 	Device response: <KeyPress from None: t=159.9317974000005, value=b, duration=0.06143899995367974>
160.1256 	EXP 	Device response: <KeyPress from None: t=160.1091341000283, value=b, duration=None>
160.1258 	DATA 	Keypress: b
160.1923 	EXP 	Device response: <KeyPress from None: t=160.1091341000283, value=b, duration=0.07144819991663098>
160.3089 	EXP 	Device response: <KeyPress from None: t=160.2964076999342, value=b, duration=None>
160.3091 	DATA 	Keypress: b
160.3920 	EXP 	Device response: <KeyPress from None: t=160.2964076999342, value=b, duration=0.08353900001384318>
160.5098 	EXP 	Device response: <KeyPress from None: t=160.5090276999399, value=b, duration=None>
160.5105 	DATA 	Keypress: b
160.5400 	EXP 	image_1: autoDraw = False
160.5400 	EXP 	image_1: autoDraw = False
160.5400 	EXP 	mask_img1_2: autoDraw = True
160.5925 	EXP 	Device response: <KeyPress from None: t=160.5090276999399, value=b, duration=0.07952350005507469>
160.8822 	EXP 	mask_img1_2: autoDraw = False
160.8822 	EXP 	image_2: image = 'stimuli/ball/ball_11.jpg'
160.8822 	EXP 	image_2: autoDraw = True
161.3583 	EXP 	Device response: <KeyPress from None: t=161.34993279993068, value=b, duration=None>
161.3585 	DATA 	Keypress: b
161.4083 	EXP 	Device response: <KeyPress from None: t=161.40226839995012, value=g, duration=None>
161.4085 	DATA 	Keypress: g
161.5918 	EXP 	Device response: <KeyPress from None: t=161.34993279993068, value=b, duration=0.22653450001962483>
161.6417 	EXP 	Device response: <KeyPress from None: t=161.40226839995012, value=g, duration=0.23482949996832758>
161.8895 	EXP 	image_2: autoDraw = False
161.8895 	EXP 	image_2: autoDraw = False
161.8895 	EXP 	mask_img2_2: autoDraw = True
162.1395 	EXP 	mask_img2_2: autoDraw = False
162.1395 	EXP 	mask_img2_2: autoDraw = False
162.1395 	EXP 	fix_cross_reflretr: autoDraw = True
164.0851 	INFO 	Keyboard events cleared
164.1052 	INFO 	Keyboard events cleared
164.1051 	EXP 	fix_cross_reflretr: autoDraw = False
164.1051 	EXP 	fix_cross_reflretr: autoDraw = False
164.1051 	EXP 	yes_txt: text = 'ja'
164.1051 	EXP 	no_txt: text = 'nein'
164.1051 	EXP 	chooseNowText_2: height = 0.025
164.1051 	EXP 	chooseNowText_2: height = 0.025
164.1051 	EXP 	chooseNowText_2: height = 0.025
164.1051 	EXP 	polygon_6: autoDraw = True
164.1051 	EXP 	yes_txt: autoDraw = True
164.1051 	EXP 	no_txt: autoDraw = True
164.1051 	EXP 	chooseNowText_2: autoDraw = True
166.1048 	EXP 	chooseNowText_2: height = 0.025
166.1048 	EXP 	chooseNowText_2: height = 0.025
166.1048 	EXP 	chooseNowText_2: height = 0.025
166.1216 	EXP 	chooseNowText_2: height = 0.025
166.1216 	EXP 	chooseNowText_2: height = 0.025
166.1216 	EXP 	chooseNowText_2: height = 0.025
166.1442 	EXP 	chooseNowText_2: height = 0.025
166.1442 	EXP 	chooseNowText_2: height = 0.025
166.1442 	EXP 	chooseNowText_2: height = 0.025
166.1551 	EXP 	chooseNowText_2: height = 0.025
166.1551 	EXP 	chooseNowText_2: height = 0.025
166.1551 	EXP 	chooseNowText_2: height = 0.025
166.1714 	EXP 	chooseNowText_2: height = 0.025
166.1714 	EXP 	chooseNowText_2: height = 0.025
166.1714 	EXP 	chooseNowText_2: height = 0.025
166.1885 	EXP 	chooseNowText_2: height = 0.025
166.1885 	EXP 	chooseNowText_2: height = 0.025
166.1885 	EXP 	chooseNowText_2: height = 0.025
166.2051 	EXP 	chooseNowText_2: height = 0.025
166.2051 	EXP 	chooseNowText_2: height = 0.025
166.2051 	EXP 	chooseNowText_2: height = 0.025
166.2218 	EXP 	chooseNowText_2: height = 0.025
166.2218 	EXP 	chooseNowText_2: height = 0.025
166.2218 	EXP 	chooseNowText_2: height = 0.025
166.2383 	EXP 	chooseNowText_2: height = 0.025
166.2383 	EXP 	chooseNowText_2: height = 0.025
166.2383 	EXP 	chooseNowText_2: height = 0.025
166.2545 	EXP 	chooseNowText_2: height = 0.025
166.2545 	EXP 	chooseNowText_2: height = 0.025
166.2545 	EXP 	chooseNowText_2: height = 0.025
166.2714 	EXP 	chooseNowText_2: height = 0.025
166.2714 	EXP 	chooseNowText_2: height = 0.025
166.2714 	EXP 	chooseNowText_2: height = 0.025
166.2880 	EXP 	chooseNowText_2: height = 0.025
166.2880 	EXP 	chooseNowText_2: height = 0.025
166.2880 	EXP 	chooseNowText_2: height = 0.025
166.3046 	EXP 	chooseNowText_2: height = 0.025
166.3046 	EXP 	chooseNowText_2: height = 0.025
166.3046 	EXP 	chooseNowText_2: height = 0.025
166.3213 	EXP 	chooseNowText_2: height = 0.025
166.3213 	EXP 	chooseNowText_2: height = 0.025
166.3213 	EXP 	chooseNowText_2: height = 0.025
166.3379 	EXP 	chooseNowText_2: height = 0.025
166.3379 	EXP 	chooseNowText_2: height = 0.025
166.3379 	EXP 	chooseNowText_2: height = 0.025
166.3546 	EXP 	chooseNowText_2: height = 0.025
166.3546 	EXP 	chooseNowText_2: height = 0.025
166.3546 	EXP 	chooseNowText_2: height = 0.025
166.3712 	EXP 	chooseNowText_2: height = 0.025
166.3712 	EXP 	chooseNowText_2: height = 0.025
166.3712 	EXP 	chooseNowText_2: height = 0.025
166.3879 	EXP 	chooseNowText_2: height = 0.025
166.3879 	EXP 	chooseNowText_2: height = 0.025
166.3879 	EXP 	chooseNowText_2: height = 0.025
166.4047 	EXP 	chooseNowText_2: height = 0.025
166.4047 	EXP 	chooseNowText_2: height = 0.025
166.4047 	EXP 	chooseNowText_2: height = 0.025
166.4212 	EXP 	chooseNowText_2: height = 0.025
166.4212 	EXP 	chooseNowText_2: height = 0.025
166.4212 	EXP 	chooseNowText_2: height = 0.025
166.4382 	EXP 	chooseNowText_2: height = 0.025
166.4382 	EXP 	chooseNowText_2: height = 0.025
166.4382 	EXP 	chooseNowText_2: height = 0.025
166.4547 	EXP 	chooseNowText_2: height = 0.025
166.4547 	EXP 	chooseNowText_2: height = 0.025
166.4547 	EXP 	chooseNowText_2: height = 0.025
166.5686 	EXP 	chooseNowText_2: height = 0.025
166.5686 	EXP 	chooseNowText_2: height = 0.025
166.5686 	EXP 	chooseNowText_2: height = 0.025
166.5873 	EXP 	chooseNowText_2: height = 0.025
166.5873 	EXP 	chooseNowText_2: height = 0.025
166.5873 	EXP 	chooseNowText_2: height = 0.025
166.6048 	EXP 	chooseNowText_2: height = 0.025
166.6048 	EXP 	chooseNowText_2: height = 0.025
166.6048 	EXP 	chooseNowText_2: height = 0.025
166.6215 	EXP 	chooseNowText_2: height = 0.025
166.6215 	EXP 	chooseNowText_2: height = 0.025
166.6215 	EXP 	chooseNowText_2: height = 0.025
166.6379 	EXP 	chooseNowText_2: height = 0.025
166.6379 	EXP 	chooseNowText_2: height = 0.025
166.6379 	EXP 	chooseNowText_2: height = 0.025
166.6554 	EXP 	chooseNowText_2: height = 0.025
166.6554 	EXP 	chooseNowText_2: height = 0.025
166.6554 	EXP 	chooseNowText_2: height = 0.025
166.6727 	EXP 	chooseNowText_2: height = 0.025
166.6727 	EXP 	chooseNowText_2: height = 0.025
166.6727 	EXP 	chooseNowText_2: height = 0.025
166.7006 	EXP 	chooseNowText_2: height = 0.025
166.7006 	EXP 	chooseNowText_2: height = 0.025
166.7006 	EXP 	chooseNowText_2: height = 0.025
166.7254 	EXP 	chooseNowText_2: height = 0.025
166.7254 	EXP 	chooseNowText_2: height = 0.025
166.7254 	EXP 	chooseNowText_2: height = 0.025
166.7452 	EXP 	chooseNowText_2: height = 0.025
166.7452 	EXP 	chooseNowText_2: height = 0.025
166.7452 	EXP 	chooseNowText_2: height = 0.025
166.7721 	EXP 	chooseNowText_2: height = 0.025
166.7721 	EXP 	chooseNowText_2: height = 0.025
166.7721 	EXP 	chooseNowText_2: height = 0.025
166.7962 	EXP 	chooseNowText_2: height = 0.025
166.7962 	EXP 	chooseNowText_2: height = 0.025
166.7962 	EXP 	chooseNowText_2: height = 0.025
166.8221 	EXP 	chooseNowText_2: height = 0.025
166.8221 	EXP 	chooseNowText_2: height = 0.025
166.8221 	EXP 	chooseNowText_2: height = 0.025
166.8464 	EXP 	chooseNowText_2: height = 0.025
166.8464 	EXP 	chooseNowText_2: height = 0.025
166.8464 	EXP 	chooseNowText_2: height = 0.025
166.8727 	EXP 	chooseNowText_2: height = 0.025
166.8727 	EXP 	chooseNowText_2: height = 0.025
166.8727 	EXP 	chooseNowText_2: height = 0.025
166.8975 	EXP 	chooseNowText_2: height = 0.025
166.8975 	EXP 	chooseNowText_2: height = 0.025
166.8975 	EXP 	chooseNowText_2: height = 0.025
166.9224 	EXP 	chooseNowText_2: height = 0.025
166.9224 	EXP 	chooseNowText_2: height = 0.025
166.9224 	EXP 	chooseNowText_2: height = 0.025
166.9472 	EXP 	chooseNowText_2: height = 0.025
166.9472 	EXP 	chooseNowText_2: height = 0.025
166.9472 	EXP 	chooseNowText_2: height = 0.025
166.9728 	EXP 	chooseNowText_2: height = 0.025
166.9728 	EXP 	chooseNowText_2: height = 0.025
166.9728 	EXP 	chooseNowText_2: height = 0.025
166.9967 	EXP 	chooseNowText_2: height = 0.025
166.9967 	EXP 	chooseNowText_2: height = 0.025
166.9967 	EXP 	chooseNowText_2: height = 0.025
167.0226 	EXP 	chooseNowText_2: height = 0.025
167.0226 	EXP 	chooseNowText_2: height = 0.025
167.0226 	EXP 	chooseNowText_2: height = 0.025
167.0456 	EXP 	chooseNowText_2: height = 0.025
167.0456 	EXP 	chooseNowText_2: height = 0.025
167.0456 	EXP 	chooseNowText_2: height = 0.025
167.0720 	EXP 	chooseNowText_2: height = 0.025
167.0720 	EXP 	chooseNowText_2: height = 0.025
167.0720 	EXP 	chooseNowText_2: height = 0.025
167.0926 	EXP 	chooseNowText_2: height = 0.025
167.0926 	EXP 	chooseNowText_2: height = 0.025
167.0926 	EXP 	chooseNowText_2: height = 0.025
167.1205 	EXP 	yes_txt: autoDraw = False
167.1205 	EXP 	no_txt: autoDraw = False
167.1205 	EXP 	chooseNowText_2: height = 0.025
167.1205 	EXP 	chooseNowText_2: height = 0.025
167.1205 	EXP 	chooseNowText_2: height = 0.025
167.1205 	EXP 	polygon_6: autoDraw = False
167.1205 	EXP 	yes_txt: autoDraw = False
167.1205 	EXP 	no_txt: autoDraw = False
167.1205 	EXP 	chooseNowText_2: autoDraw = False
167.1205 	EXP 	tooSlowtext_4: height = 0.025
167.1205 	EXP 	tooSlowtext_4: height = 0.025
167.1205 	EXP 	tooSlowtext_4: height = 0.025
167.1205 	EXP 	tooSlowtext_4: text = ''
167.1205 	EXP 	tooSlowtext_4: height = 0.025
167.1205 	EXP 	tooSlowtext_4: height = 0.025
167.1205 	EXP 	tooSlowtext_4: height = 0.025
167.1205 	EXP 	tooSlowtext_4: text = 'Zu langsam. Sie müssen schneller antworten.'
167.1205 	EXP 	tooSlowtext_4: autoDraw = True
167.6063 	INFO 	Keyboard events cleared
167.6372 	EXP 	tooSlowtext_4: autoDraw = False
167.6372 	EXP 	tooSlowtext_4: autoDraw = False
167.6372 	EXP 	chooseNowText_3: height = 0.025
167.6372 	EXP 	chooseNowText_3: height = 0.025
167.6372 	EXP 	chooseNowText_3: height = 0.025
167.6372 	EXP 	opt_2: foreColor = <psychopy.colors.Color: white, alpha=1.0>
167.6372 	EXP 	opt_3: foreColor = <psychopy.colors.Color: white, alpha=1.0>
167.6372 	EXP 	opt_4: foreColor = <psychopy.colors.Color: white, alpha=1.0>
167.6372 	EXP 	opt_5: foreColor = <psychopy.colors.Color: white, alpha=1.0>
167.6372 	EXP 	chooseNowText_3: autoDraw = True
167.6372 	EXP 	opt_2: autoDraw = True
167.6372 	EXP 	opt_3: autoDraw = True
167.6372 	EXP 	opt_4: autoDraw = True
167.6372 	EXP 	opt_5: autoDraw = True
168.1206 	INFO 	Keyboard events cleared
169.6372 	EXP 	chooseNowText_3: height = 0.025
169.6372 	EXP 	chooseNowText_3: height = 0.025
169.6372 	EXP 	chooseNowText_3: height = 0.025
169.6535 	EXP 	chooseNowText_3: height = 0.025
169.6535 	EXP 	chooseNowText_3: height = 0.025
169.6535 	EXP 	chooseNowText_3: height = 0.025
169.6701 	EXP 	chooseNowText_3: height = 0.025
169.6701 	EXP 	chooseNowText_3: height = 0.025
169.6701 	EXP 	chooseNowText_3: height = 0.025
169.6870 	EXP 	chooseNowText_3: height = 0.025
169.6870 	EXP 	chooseNowText_3: height = 0.025
169.6870 	EXP 	chooseNowText_3: height = 0.025
169.7035 	EXP 	chooseNowText_3: height = 0.025
169.7035 	EXP 	chooseNowText_3: height = 0.025
169.7035 	EXP 	chooseNowText_3: height = 0.025
169.7204 	EXP 	chooseNowText_3: height = 0.025
169.7204 	EXP 	chooseNowText_3: height = 0.025
169.7204 	EXP 	chooseNowText_3: height = 0.025
169.7368 	EXP 	chooseNowText_3: height = 0.025
169.7368 	EXP 	chooseNowText_3: height = 0.025
169.7368 	EXP 	chooseNowText_3: height = 0.025
169.7541 	EXP 	chooseNowText_3: height = 0.025
169.7541 	EXP 	chooseNowText_3: height = 0.025
169.7541 	EXP 	chooseNowText_3: height = 0.025
169.7703 	EXP 	chooseNowText_3: height = 0.025
169.7703 	EXP 	chooseNowText_3: height = 0.025
169.7703 	EXP 	chooseNowText_3: height = 0.025
169.7868 	EXP 	chooseNowText_3: height = 0.025
169.7868 	EXP 	chooseNowText_3: height = 0.025
169.7868 	EXP 	chooseNowText_3: height = 0.025
169.8033 	EXP 	chooseNowText_3: height = 0.025
169.8033 	EXP 	chooseNowText_3: height = 0.025
169.8033 	EXP 	chooseNowText_3: height = 0.025
169.8202 	EXP 	chooseNowText_3: height = 0.025
169.8202 	EXP 	chooseNowText_3: height = 0.025
169.8202 	EXP 	chooseNowText_3: height = 0.025
169.8370 	EXP 	chooseNowText_3: height = 0.025
169.8370 	EXP 	chooseNowText_3: height = 0.025
169.8370 	EXP 	chooseNowText_3: height = 0.025
169.8533 	EXP 	chooseNowText_3: height = 0.025
169.8533 	EXP 	chooseNowText_3: height = 0.025
169.8533 	EXP 	chooseNowText_3: height = 0.025
169.8700 	EXP 	chooseNowText_3: height = 0.025
169.8700 	EXP 	chooseNowText_3: height = 0.025
169.8700 	EXP 	chooseNowText_3: height = 0.025
169.8870 	EXP 	chooseNowText_3: height = 0.025
169.8870 	EXP 	chooseNowText_3: height = 0.025
169.8870 	EXP 	chooseNowText_3: height = 0.025
169.9038 	EXP 	chooseNowText_3: height = 0.025
169.9038 	EXP 	chooseNowText_3: height = 0.025
169.9038 	EXP 	chooseNowText_3: height = 0.025
169.9203 	EXP 	chooseNowText_3: height = 0.025
169.9203 	EXP 	chooseNowText_3: height = 0.025
169.9203 	EXP 	chooseNowText_3: height = 0.025
169.9368 	EXP 	chooseNowText_3: height = 0.025
169.9368 	EXP 	chooseNowText_3: height = 0.025
169.9368 	EXP 	chooseNowText_3: height = 0.025
169.9540 	EXP 	chooseNowText_3: height = 0.025
169.9540 	EXP 	chooseNowText_3: height = 0.025
169.9540 	EXP 	chooseNowText_3: height = 0.025
169.9704 	EXP 	chooseNowText_3: height = 0.025
169.9704 	EXP 	chooseNowText_3: height = 0.025
169.9704 	EXP 	chooseNowText_3: height = 0.025
169.9871 	EXP 	chooseNowText_3: height = 0.025
169.9871 	EXP 	chooseNowText_3: height = 0.025
169.9871 	EXP 	chooseNowText_3: height = 0.025
170.0042 	EXP 	chooseNowText_3: height = 0.025
170.0042 	EXP 	chooseNowText_3: height = 0.025
170.0042 	EXP 	chooseNowText_3: height = 0.025
170.0206 	EXP 	chooseNowText_3: height = 0.025
170.0206 	EXP 	chooseNowText_3: height = 0.025
170.0206 	EXP 	chooseNowText_3: height = 0.025
170.0370 	EXP 	chooseNowText_3: height = 0.025
170.0370 	EXP 	chooseNowText_3: height = 0.025
170.0370 	EXP 	chooseNowText_3: height = 0.025
170.0536 	EXP 	chooseNowText_3: height = 0.025
170.0536 	EXP 	chooseNowText_3: height = 0.025
170.0536 	EXP 	chooseNowText_3: height = 0.025
170.0703 	EXP 	chooseNowText_3: height = 0.025
170.0703 	EXP 	chooseNowText_3: height = 0.025
170.0703 	EXP 	chooseNowText_3: height = 0.025
170.0869 	EXP 	chooseNowText_3: height = 0.025
170.0869 	EXP 	chooseNowText_3: height = 0.025
170.0869 	EXP 	chooseNowText_3: height = 0.025
170.1035 	EXP 	chooseNowText_3: height = 0.025
170.1035 	EXP 	chooseNowText_3: height = 0.025
170.1035 	EXP 	chooseNowText_3: height = 0.025
170.1202 	EXP 	chooseNowText_3: height = 0.025
170.1202 	EXP 	chooseNowText_3: height = 0.025
170.1202 	EXP 	chooseNowText_3: height = 0.025
170.1367 	EXP 	chooseNowText_3: height = 0.025
170.1367 	EXP 	chooseNowText_3: height = 0.025
170.1367 	EXP 	chooseNowText_3: height = 0.025
170.1535 	EXP 	chooseNowText_3: height = 0.025
170.1535 	EXP 	chooseNowText_3: height = 0.025
170.1535 	EXP 	chooseNowText_3: height = 0.025
170.1700 	EXP 	chooseNowText_3: height = 0.025
170.1700 	EXP 	chooseNowText_3: height = 0.025
170.1700 	EXP 	chooseNowText_3: height = 0.025
170.1870 	EXP 	chooseNowText_3: height = 0.025
170.1870 	EXP 	chooseNowText_3: height = 0.025
170.1870 	EXP 	chooseNowText_3: height = 0.025
170.2036 	EXP 	chooseNowText_3: height = 0.025
170.2036 	EXP 	chooseNowText_3: height = 0.025
170.2036 	EXP 	chooseNowText_3: height = 0.025
170.2204 	EXP 	chooseNowText_3: height = 0.025
170.2204 	EXP 	chooseNowText_3: height = 0.025
170.2204 	EXP 	chooseNowText_3: height = 0.025
170.2366 	EXP 	chooseNowText_3: height = 0.025
170.2366 	EXP 	chooseNowText_3: height = 0.025
170.2366 	EXP 	chooseNowText_3: height = 0.025
170.2532 	EXP 	chooseNowText_3: height = 0.025
170.2532 	EXP 	chooseNowText_3: height = 0.025
170.2532 	EXP 	chooseNowText_3: height = 0.025
170.2700 	EXP 	chooseNowText_3: height = 0.025
170.2700 	EXP 	chooseNowText_3: height = 0.025
170.2700 	EXP 	chooseNowText_3: height = 0.025
170.2865 	EXP 	chooseNowText_3: height = 0.025
170.2865 	EXP 	chooseNowText_3: height = 0.025
170.2865 	EXP 	chooseNowText_3: height = 0.025
170.3035 	EXP 	chooseNowText_3: height = 0.025
170.3035 	EXP 	chooseNowText_3: height = 0.025
170.3035 	EXP 	chooseNowText_3: height = 0.025
170.3201 	EXP 	chooseNowText_3: height = 0.025
170.3201 	EXP 	chooseNowText_3: height = 0.025
170.3201 	EXP 	chooseNowText_3: height = 0.025
170.3366 	EXP 	chooseNowText_3: height = 0.025
170.3366 	EXP 	chooseNowText_3: height = 0.025
170.3366 	EXP 	chooseNowText_3: height = 0.025
170.3532 	EXP 	chooseNowText_3: height = 0.025
170.3532 	EXP 	chooseNowText_3: height = 0.025
170.3532 	EXP 	chooseNowText_3: height = 0.025
170.3700 	EXP 	chooseNowText_3: height = 0.025
170.3700 	EXP 	chooseNowText_3: height = 0.025
170.3700 	EXP 	chooseNowText_3: height = 0.025
170.3866 	EXP 	chooseNowText_3: height = 0.025
170.3866 	EXP 	chooseNowText_3: height = 0.025
170.3866 	EXP 	chooseNowText_3: height = 0.025
170.4034 	EXP 	chooseNowText_3: height = 0.025
170.4034 	EXP 	chooseNowText_3: height = 0.025
170.4034 	EXP 	chooseNowText_3: height = 0.025
170.4199 	EXP 	chooseNowText_3: height = 0.025
170.4199 	EXP 	chooseNowText_3: height = 0.025
170.4199 	EXP 	chooseNowText_3: height = 0.025
170.4366 	EXP 	chooseNowText_3: height = 0.025
170.4366 	EXP 	chooseNowText_3: height = 0.025
170.4366 	EXP 	chooseNowText_3: height = 0.025
170.4535 	EXP 	chooseNowText_3: height = 0.025
170.4535 	EXP 	chooseNowText_3: height = 0.025
170.4535 	EXP 	chooseNowText_3: height = 0.025
170.4701 	EXP 	chooseNowText_3: height = 0.025
170.4701 	EXP 	chooseNowText_3: height = 0.025
170.4701 	EXP 	chooseNowText_3: height = 0.025
170.4869 	EXP 	chooseNowText_3: height = 0.025
170.4869 	EXP 	chooseNowText_3: height = 0.025
170.4869 	EXP 	chooseNowText_3: height = 0.025
170.5036 	EXP 	chooseNowText_3: height = 0.025
170.5036 	EXP 	chooseNowText_3: height = 0.025
170.5036 	EXP 	chooseNowText_3: height = 0.025
170.5203 	EXP 	chooseNowText_3: height = 0.025
170.5203 	EXP 	chooseNowText_3: height = 0.025
170.5203 	EXP 	chooseNowText_3: height = 0.025
170.5370 	EXP 	chooseNowText_3: height = 0.025
170.5370 	EXP 	chooseNowText_3: height = 0.025
170.5370 	EXP 	chooseNowText_3: height = 0.025
170.5537 	EXP 	chooseNowText_3: height = 0.025
170.5537 	EXP 	chooseNowText_3: height = 0.025
170.5537 	EXP 	chooseNowText_3: height = 0.025
170.5702 	EXP 	chooseNowText_3: height = 0.025
170.5702 	EXP 	chooseNowText_3: height = 0.025
170.5702 	EXP 	chooseNowText_3: height = 0.025
170.5869 	EXP 	chooseNowText_3: height = 0.025
170.5869 	EXP 	chooseNowText_3: height = 0.025
170.5869 	EXP 	chooseNowText_3: height = 0.025
170.6034 	EXP 	chooseNowText_3: height = 0.025
170.6034 	EXP 	chooseNowText_3: height = 0.025
170.6034 	EXP 	chooseNowText_3: height = 0.025
170.6200 	EXP 	chooseNowText_3: height = 0.025
170.6200 	EXP 	chooseNowText_3: height = 0.025
170.6200 	EXP 	chooseNowText_3: height = 0.025
170.6200 	EXP 	chooseNowText_3: autoDraw = False
170.6200 	EXP 	opt_2: autoDraw = False
170.6200 	EXP 	opt_3: autoDraw = False
170.6200 	EXP 	opt_4: autoDraw = False
170.6200 	EXP 	opt_5: autoDraw = False
170.6200 	EXP 	tooSlowtext_2: height = 0.025
170.6200 	EXP 	tooSlowtext_2: height = 0.025
170.6200 	EXP 	tooSlowtext_2: height = 0.025
170.6200 	EXP 	tooSlowtext_2: text = ''
170.6200 	EXP 	tooSlowtext_2: height = 0.025
170.6200 	EXP 	tooSlowtext_2: height = 0.025
170.6200 	EXP 	tooSlowtext_2: height = 0.025
170.6200 	EXP 	tooSlowtext_2: text = 'Zu langsam. Sie müssen schneller antworten.'
170.6200 	EXP 	tooSlowtext_2: autoDraw = True
171.1110 	EXP 	New trial (rep=0, index=5): <Trial 5 (5 in rep 0) data={'learningSeq': 'A', 'block': 'block1', 'runIndexWithinSeq': 1, 'miniblockWithinRun': 1, 'coupleIndexWithinRoute': 5, 'img_first': 'stimuli/house/house_35.jpg', 'img_second': 'stimuli/flower/flower_17.jpg', 'img_third': None, 'distance_correct': 5, 'trial_type': 1, 'opt_left': 'yes', 'opt_right': 'no', 'correct_side': 'right', 'correct_key': 'right', 'is_yes': 0, 'image_dur_retr': 1.2, 'fix_dur_retr': 0.2, 'iti_dur_retr': 0.64, 'reflection_win_dur': 2.15, 'routeIndexWithinBlock': 1, 'seqOfRoute': 'A', 'retrIm1Trig': 9, 'retrIm2Trig': 6, 'thisN': 5, 'thisTrialN': 5, 'thisRepN': 0}>
171.1208 	EXP 	tooSlowtext_2: autoDraw = False
171.1208 	EXP 	tooSlowtext_2: autoDraw = False
171.1208 	EXP 	fix_cross_retrbegin_2: text = '+'
171.1208 	EXP 	fix_cross_retrbegin_2: autoDraw = True
171.8054 	EXP 	fix_cross_retrbegin_2: autoDraw = False
171.8054 	EXP 	fix_cross_retrbegin_2: autoDraw = False
171.8054 	EXP 	image_1: image = 'stimuli/house/house_35.jpg'
171.8054 	EXP 	image_1: autoDraw = True
172.1271 	DATA 	Mouse: Left button down, pos=(579,180)
172.2603 	DATA 	Mouse:  Left button up, pos=(579,180)
172.8190 	EXP 	image_1: autoDraw = False
172.8190 	EXP 	image_1: autoDraw = False
172.8190 	EXP 	mask_img1_2: autoDraw = True
173.0909 	EXP 	mask_img1_2: autoDraw = False
173.0909 	EXP 	mask_img1_2: autoDraw = False
173.0909 	EXP 	image_2: image = 'stimuli/flower/flower_17.jpg'
173.0909 	EXP 	image_2: autoDraw = True
174.1027 	EXP 	image_2: autoDraw = False
174.1027 	EXP 	image_2: autoDraw = False
174.1027 	EXP 	mask_img2_2: autoDraw = True
174.3521 	EXP 	mask_img2_2: autoDraw = False
174.3521 	EXP 	mask_img2_2: autoDraw = False
174.3521 	EXP 	fix_cross_reflretr: autoDraw = True
176.4981 	INFO 	Keyboard events cleared
176.5178 	INFO 	Keyboard events cleared
176.5177 	EXP 	fix_cross_reflretr: autoDraw = False
176.5177 	EXP 	fix_cross_reflretr: autoDraw = False
176.5177 	EXP 	yes_txt: text = 'ja'
176.5177 	EXP 	no_txt: text = 'nein'
176.5177 	EXP 	chooseNowText_2: height = 0.025
176.5177 	EXP 	chooseNowText_2: height = 0.025
176.5177 	EXP 	chooseNowText_2: height = 0.025
176.5177 	EXP 	polygon_6: autoDraw = True
176.5177 	EXP 	yes_txt: autoDraw = True
176.5177 	EXP 	no_txt: autoDraw = True
176.5177 	EXP 	chooseNowText_2: autoDraw = True
177.5541 	DATA 	Keypress: b
177.5701 	EXP 	Device response: <KeyPress from None: t=177.5537743999157, value=b, duration=None>
177.6728 	INFO 	Keyboard events cleared
177.7003 	EXP 	polygon_6: autoDraw = False
177.7003 	EXP 	yes_txt: autoDraw = False
177.7003 	EXP 	no_txt: autoDraw = False
177.7003 	EXP 	chooseNowText_2: autoDraw = False
177.7003 	EXP 	tooSlowtext_4: height = 0.025
177.7003 	EXP 	tooSlowtext_4: height = 0.025
177.7003 	EXP 	tooSlowtext_4: height = 0.025
177.7003 	EXP 	tooSlowtext_4: text = ''
177.7003 	EXP 	tooSlowtext_4: height = 0.025
177.7003 	EXP 	tooSlowtext_4: height = 0.025
177.7003 	EXP 	tooSlowtext_4: height = 0.025
177.7003 	EXP 	tooSlowtext_4: text = 'Zu langsam. Sie müssen schneller antworten.'
177.7003 	EXP 	tooSlowtext_4: autoDraw = False
177.7003 	EXP 	chooseNowText_3: height = 0.025
177.7003 	EXP 	chooseNowText_3: height = 0.025
177.7003 	EXP 	chooseNowText_3: height = 0.025
177.7003 	EXP 	opt_2: foreColor = <psychopy.colors.Color: white, alpha=1.0>
177.7003 	EXP 	opt_3: foreColor = <psychopy.colors.Color: white, alpha=1.0>
177.7003 	EXP 	opt_4: foreColor = <psychopy.colors.Color: white, alpha=1.0>
177.7003 	EXP 	opt_5: foreColor = <psychopy.colors.Color: white, alpha=1.0>
177.7003 	EXP 	chooseNowText_3: autoDraw = True
177.7003 	EXP 	opt_2: autoDraw = True
177.7003 	EXP 	opt_3: autoDraw = True
177.7003 	EXP 	opt_4: autoDraw = True
177.7003 	EXP 	opt_5: autoDraw = True
177.7028 	EXP 	Device response: <KeyPress from None: t=177.5537743999157, value=b, duration=0.13591890002135187>
178.0207 	DATA 	Keypress: g
178.0362 	EXP 	Device response: <KeyPress from None: t=178.02004550001584, value=g, duration=None>
178.1694 	EXP 	Device response: <KeyPress from None: t=178.02004550001584, value=g, duration=0.14007969992235303>
178.1849 	INFO 	Keyboard events cleared
178.4363 	EXP 	Device response: <KeyPress from None: t=178.42087259993423, value=g, duration=None>
178.4385 	DATA 	Keypress: g
178.4668 	EXP 	opt_5: foreColor = 'blue'
178.4858 	EXP 	Device response: <KeyPress from None: t=178.42087259993423, value=g, duration=0.06358050007838756>
178.5550 	EXP 	New trial (rep=0, index=6): <Trial 6 (6 in rep 0) data={'learningSeq': 'A', 'block': 'block1', 'runIndexWithinSeq': 1, 'miniblockWithinRun': 1, 'coupleIndexWithinRoute': 6, 'img_first': 'stimuli/dog/dog_49.jpg', 'img_second': 'stimuli/jacket/jacket_44.jpg', 'img_third': None, 'distance_correct': 2, 'trial_type': 1, 'opt_left': 'no', 'opt_right': 'yes', 'correct_side': 'right', 'correct_key': 'right', 'is_yes': 1, 'image_dur_retr': 1.2, 'fix_dur_retr': 0.2, 'iti_dur_retr': 0.28, 'reflection_win_dur': 1.95, 'routeIndexWithinBlock': 1, 'seqOfRoute': 'A', 'retrIm1Trig': 5, 'retrIm2Trig': 10, 'thisN': 6, 'thisTrialN': 6, 'thisRepN': 0}>
178.5675 	EXP 	chooseNowText_3: autoDraw = False
178.5675 	EXP 	opt_2: autoDraw = False
178.5675 	EXP 	opt_3: autoDraw = False
178.5675 	EXP 	opt_4: autoDraw = False
178.5675 	EXP 	opt_5: autoDraw = False
178.5675 	EXP 	tooSlowtext_2: height = 0.025
178.5675 	EXP 	tooSlowtext_2: height = 0.025
178.5675 	EXP 	tooSlowtext_2: height = 0.025
178.5675 	EXP 	tooSlowtext_2: text = ''
178.5675 	EXP 	tooSlowtext_2: height = 0.025
178.5675 	EXP 	tooSlowtext_2: height = 0.025
178.5675 	EXP 	tooSlowtext_2: height = 0.025
178.5675 	EXP 	tooSlowtext_2: text = 'Zu langsam. Sie müssen schneller antworten.'
178.5675 	EXP 	tooSlowtext_2: autoDraw = False
178.5675 	EXP 	fix_cross_retrbegin_2: text = '+'
178.5675 	EXP 	fix_cross_retrbegin_2: autoDraw = True
178.6370 	DATA 	Keypress: g
178.6535 	EXP 	Device response: <KeyPress from None: t=178.6365541999694, value=g, duration=None>
178.7531 	EXP 	Device response: <KeyPress from None: t=178.6365541999694, value=g, duration=0.09955909999553114>
178.8927 	EXP 	fix_cross_retrbegin_2: autoDraw = False
178.8927 	EXP 	fix_cross_retrbegin_2: autoDraw = False
178.8927 	EXP 	image_1: image = 'stimuli/dog/dog_49.jpg'
178.8927 	EXP 	image_1: autoDraw = True
179.9006 	EXP 	image_1: autoDraw = False
179.9006 	EXP 	image_1: autoDraw = False
179.9006 	EXP 	mask_img1_2: autoDraw = True
180.1910 	EXP 	mask_img1_2: autoDraw = False
180.1910 	EXP 	mask_img1_2: autoDraw = False
180.1910 	EXP 	image_2: image = 'stimuli/jacket/jacket_44.jpg'
180.1910 	EXP 	image_2: autoDraw = True
181.1997 	EXP 	image_2: autoDraw = False
181.1997 	EXP 	image_2: autoDraw = False
181.1997 	EXP 	mask_img2_2: autoDraw = True
181.4504 	EXP 	mask_img2_2: autoDraw = False
181.4504 	EXP 	fix_cross_reflretr: autoDraw = True
183.3970 	INFO 	Keyboard events cleared
183.4158 	INFO 	Keyboard events cleared
183.4156 	EXP 	fix_cross_reflretr: autoDraw = False
183.4156 	EXP 	fix_cross_reflretr: autoDraw = False
183.4156 	EXP 	yes_txt: text = 'ja'
183.4156 	EXP 	no_txt: text = 'nein'
183.4156 	EXP 	chooseNowText_2: height = 0.025
183.4156 	EXP 	chooseNowText_2: height = 0.025
183.4156 	EXP 	chooseNowText_2: height = 0.025
183.4156 	EXP 	polygon_6: autoDraw = True
183.4156 	EXP 	yes_txt: autoDraw = True
183.4156 	EXP 	no_txt: autoDraw = True
183.4156 	EXP 	chooseNowText_2: autoDraw = True
183.4360 	DATA 	Mouse: Left button down, pos=(579,180)
183.5688 	DATA 	Mouse:  Left button up, pos=(579,180)
184.9012 	EXP 	Device response: <KeyPress from None: t=184.89180749992374, value=escape, duration=None>
184.9021 	DATA 	Keypress: escape
185.0006 	EXP 	Device response: <KeyPress from None: t=184.89180749992374, value=escape, duration=0.10767900000791997>
185.0006 	EXP 	TSRlearn_main-blocks: status = STOPPED
185.0153 	EXP 	polygon_6: autoDraw = False
185.0153 	EXP 	yes_txt: autoDraw = False
185.0153 	EXP 	no_txt: autoDraw = False
185.0153 	EXP 	chooseNowText_2: autoDraw = False
185.0171 	EXP 	TSRlearn_main-blocks: status = STOPPED
185.0681 	INFO 	saved data to 'C:\\sync_folder\\TSRlearn-task\\psychopy_exp_files\\data\\3_TSRlearn_main-blocks_2026-08-11_13h37.26.814.csv'
185.0700 	INFO 	saved data to C:\sync_folder\TSRlearn-task\psychopy_exp_files\data\3_TSRlearn_main-blocks_2026-08-11_13h37.26.814.psydat
185.2448 	DEBUG 	Saving data for TSRlearn_main-blocks ExperimentHandler
185.2488 	WARNING 	Stopping key buffers but this could be dangerous ifother keyboards rely on the same.
185.3079 	WARNING 	Stopping key buffers but this could be dangerous ifother keyboards rely on the same.
185.3079 	WARNING 	Stopping key buffers but this could be dangerous ifother keyboards rely on the same.
185.3079 	WARNING 	Stopping key buffers but this could be dangerous ifother keyboards rely on the same.
185.3079 	WARNING 	Stopping key buffers but this could be dangerous ifother keyboards rely on the same.
185.3079 	WARNING 	Stopping key buffers but this could be dangerous ifother keyboards rely on the same.
185.3079 	WARNING 	Stopping key buffers but this could be dangerous ifother keyboards rely on the same.
185.3080 	WARNING 	Stopping key buffers but this could be dangerous ifother keyboards rely on the same.
185.3080 	WARNING 	Stopping key buffers but this could be dangerous ifother keyboards rely on the same.
185.3080 	WARNING 	Stopping key buffers but this could be dangerous ifother keyboards rely on the same.
185.3080 	WARNING 	Stopping key buffers but this could be dangerous ifother keyboards rely on the same.
185.3080 	WARNING 	Stopping key buffers but this could be dangerous ifother keyboards rely on the same.
185.3080 	WARNING 	Stopping key buffers but this could be dangerous ifother keyboards rely on the same.
185.3080 	WARNING 	Stopping key buffers but this could be dangerous ifother keyboards rely on the same.
185.3080 	WARNING 	Stopping key buffers but this could be dangerous ifother keyboards rely on the same.
185.3080 	WARNING 	Stopping key buffers but this could be dangerous ifother keyboards rely on the same.
185.3080 	WARNING 	Stopping key buffers but this could be dangerous ifother keyboards rely on the same.
185.3080 	WARNING 	Stopping key buffers but this could be dangerous ifother keyboards rely on the same.
185.3080 	WARNING 	Stopping key buffers but this could be dangerous ifother keyboards rely on the same.
185.3080 	WARNING 	Stopping key buffers but this could be dangerous ifother keyboards rely on the same.
185.3080 	WARNING 	Stopping key buffers but this could be dangerous ifother keyboards rely on the same.
185.3080 	WARNING 	Stopping key buffers but this could be dangerous ifother keyboards rely on the same.
185.3080 	WARNING 	Stopping key buffers but this could be dangerous ifother keyboards rely on the same.
185.3080 	WARNING 	Stopping key buffers but this could be dangerous ifother keyboards rely on the same.
185.3080 	WARNING 	Stopping key buffers but this could be dangerous ifother keyboards rely on the same.
185.3080 	WARNING 	Stopping key buffers but this could be dangerous ifother keyboards rely on the same.
185.3081 	WARNING 	Stopping key buffers but this could be dangerous ifother keyboards rely on the same.
