24.6956 	DEBUG 	Fullscreen settings ignored as running in pilot mode.
24.6973 	INFO 	Loaded monitor calibration from ['2025_07_24 17:26']
25.0121 	INFO 	Using renderer 'AMD Radeon (TM) Graphics' for graphics
25.0121 	INFO 	OpenGL version supported by driver is 4..
25.0391 	EXP 	Created window1 = Window(allowGUI=False, allowStencil=True, autoLog=True, backendConf=UNKNOWN, backgroundFit=<method-wrapper '__getattribute__' of attributeSetter object at 0x00000157A8A685E0>, backgroundImage=<method-wrapper '__getattribute__' of attributeSetter object at 0x00000157A8A68580>, bitsMode=UNKNOWN, blendMode='avg', bpc=(8, 8, 8), color=array([0.3255, 0.3255, 0.3255]), colorSpace='rgb', depthBits=8, fullscr=False, gamma=None, gammaErrorPolicy='raise', infoMsg=UNKNOWN, lms=UNKNOWN, monitor=<psychopy.monitors.calibTools.Monitor object at 0x00000157A8737A90>, multiSample=False, name='window1', numSamples=2, pos=[560.0, 240.0], screen=0, size=array([800, 600]), stencilBits=8, stereo=False, title='PsychoPy', units='height', useFBO=False, useRetina=False, viewOri=0.0, viewPos=None, viewScale=None, waitBlanking=True, winType='pyglet')
25.0391 	EXP 	window1: backgroundImage = ''
25.0392 	EXP 	window1: backgroundFit = 'none'
25.0646 	DEBUG 	TextBox2 loaded 1 chars with 0 blanks and 1 valid
25.0800 	DEBUG 	TextBox2 loaded 1 chars with 0 blanks and 1 valid
25.0956 	DEBUG 	TextBox2 loaded 1 chars with 0 blanks and 1 valid
25.1114 	DEBUG 	TextBox2 loaded 1 chars with 0 blanks and 1 valid
25.1274 	DEBUG 	TextBox2 loaded 1 chars with 0 blanks and 1 valid
25.1432 	DEBUG 	TextBox2 loaded 1 chars with 0 blanks and 1 valid
25.1589 	DEBUG 	TextBox2 loaded 1 chars with 0 blanks and 1 valid
25.1752 	DEBUG 	TextBox2 loaded 1 chars with 0 blanks and 1 valid
25.1905 	DEBUG 	TextBox2 loaded 1 chars with 0 blanks and 1 valid
25.2064 	DEBUG 	TextBox2 loaded 1 chars with 0 blanks and 1 valid
25.2223 	DEBUG 	TextBox2 loaded 1 chars with 0 blanks and 1 valid
25.2385 	DEBUG 	TextBox2 loaded 1 chars with 0 blanks and 1 valid
25.2544 	DEBUG 	TextBox2 loaded 1 chars with 0 blanks and 1 valid
25.2707 	DEBUG 	TextBox2 loaded 1 chars with 0 blanks and 1 valid
25.2885 	DEBUG 	TextBox2 loaded 1 chars with 0 blanks and 1 valid
25.3048 	DEBUG 	TextBox2 loaded 1 chars with 0 blanks and 1 valid
25.3209 	DEBUG 	TextBox2 loaded 1 chars with 0 blanks and 1 valid
25.3372 	DEBUG 	TextBox2 loaded 1 chars with 0 blanks and 1 valid
25.3538 	DEBUG 	TextBox2 loaded 1 chars with 0 blanks and 1 valid
25.3720 	DEBUG 	TextBox2 loaded 1 chars with 0 blanks and 1 valid
25.3882 	DEBUG 	TextBox2 loaded 1 chars with 0 blanks and 1 valid
25.3887 	DEBUG 	Uploading Texture Font fontname to graphics card
25.3901 	DEBUG 	Upload of Texture Font fontname complete
25.4122 	DEBUG 	TextBox2 loaded 1 chars with 0 blanks and 1 valid
25.4292 	DEBUG 	TextBox2 loaded 1 chars with 0 blanks and 1 valid
25.4456 	DEBUG 	TextBox2 loaded 1 chars with 0 blanks and 1 valid
25.4459 	DEBUG 	Uploading Texture Font fontname to graphics card
25.4469 	DEBUG 	Upload of Texture Font fontname complete
25.4493 	EXP 	window1: Attempting to measure frame rate of screen (0) ...
25.4494 	EXP 	window1: recordFrameIntervals = False
25.6129 	EXP 	window1: recordFrameIntervals = True
25.7966 	EXP 	Screen (0) actual frame rate measured at 59.86Hz
25.7966 	EXP 	window1: recordFrameIntervals = False
25.8188 	DEBUG 	TextBox2 loaded 1 chars with 0 blanks and 1 valid
25.8367 	DEBUG 	TextBox2 loaded 1 chars with 0 blanks and 1 valid
25.8546 	DEBUG 	TextBox2 loaded 1 chars with 0 blanks and 1 valid
25.8725 	DEBUG 	TextBox2 loaded 1 chars with 0 blanks and 1 valid
25.8901 	DEBUG 	TextBox2 loaded 1 chars with 0 blanks and 1 valid
25.9074 	DEBUG 	TextBox2 loaded 1 chars with 0 blanks and 1 valid
25.9241 	DEBUG 	TextBox2 loaded 1 chars with 0 blanks and 1 valid
25.9405 	DEBUG 	TextBox2 loaded 1 chars with 0 blanks and 1 valid
25.9569 	DEBUG 	TextBox2 loaded 1 chars with 0 blanks and 1 valid
25.9726 	DEBUG 	TextBox2 loaded 1 chars with 0 blanks and 1 valid
25.9730 	DEBUG 	Uploading Texture Font fontname to graphics card
25.9740 	DEBUG 	Upload of Texture Font fontname complete
26.2773 	INFO 	keyboard.Keyboard is using ptb backend.
26.2775 	INFO 	keyboard.Keyboard is using ptb backend.
26.2775 	INFO 	keyboard.Keyboard is using ptb backend.
26.2776 	INFO 	keyboard.Keyboard is using ptb backend.
26.2776 	INFO 	keyboard.Keyboard is using ptb backend.
26.2776 	INFO 	keyboard.Keyboard is using ptb backend.
26.2777 	INFO 	keyboard.Keyboard is using ptb backend.
26.2777 	INFO 	keyboard.Keyboard is using ptb backend.
26.2778 	INFO 	keyboard.Keyboard is using ptb backend.
26.2778 	INFO 	keyboard.Keyboard is using ptb backend.
26.2778 	INFO 	keyboard.Keyboard is using ptb backend.
26.2779 	INFO 	keyboard.Keyboard is using ptb backend.
26.2779 	INFO 	keyboard.Keyboard is using ptb backend.
26.2779 	INFO 	keyboard.Keyboard is using ptb backend.
26.2780 	INFO 	keyboard.Keyboard is using ptb backend.
26.2780 	INFO 	keyboard.Keyboard is using ptb backend.
26.2781 	INFO 	keyboard.Keyboard is using ptb backend.
26.2781 	INFO 	keyboard.Keyboard is using ptb backend.
26.2781 	INFO 	keyboard.Keyboard is using ptb backend.
26.2781 	INFO 	keyboard.Keyboard is using ptb backend.
26.2782 	INFO 	keyboard.Keyboard is using ptb backend.
26.2782 	INFO 	keyboard.Keyboard is using ptb backend.
26.2782 	INFO 	keyboard.Keyboard is using ptb backend.
26.2783 	INFO 	keyboard.Keyboard is using ptb backend.
26.2783 	INFO 	keyboard.Keyboard is using ptb backend.
26.2783 	INFO 	keyboard.Keyboard is using ptb backend.
26.2784 	INFO 	keyboard.Keyboard is using ptb backend.
26.2784 	EXP 	TSRlearn_main-blocks: status = STARTED
26.3908 	EXP 	Created instruction_part1 = TextStim(__class__=<class 'psychopy.visual.text.TextStim'>, alignHoriz=method-wrapper(...), alignText='center', alignVert=method-wrapper(...), anchorHoriz='center', anchorVert='center', antialias=True, autoDraw=False, autoLog=True, bold=False, color=array([1., 1., 1.]), colorSpace='rgb', contrast=1.0, depth=-2.0, draggable=False, flipHoriz=False, flipVert=False, font='Sans Sherif', fontFiles=[], height=0.025, italic=False, languageStyle='LTR', name='instruction_part1', opacity=1, ori=0.0, pos=array([0., 0.]), rgb=UNKNOWN, text='', units='height', win=Window(...), wrapWidth=1)
26.3919 	EXP 	Created instruction_part2 = TextStim(__class__=<class 'psychopy.visual.text.TextStim'>, alignHoriz=method-wrapper(...), alignText='center', alignVert=method-wrapper(...), anchorHoriz='center', anchorVert='center', antialias=True, autoDraw=False, autoLog=True, bold=False, color=array([1., 1., 1.]), colorSpace='rgb', contrast=1.0, depth=0.0, draggable=False, flipHoriz=False, flipVert=False, font='Sans Sherif', fontFiles=[], height=0.025, italic=False, languageStyle='LTR', name='instruction_part2', opacity=1, ori=0.0, pos=array([0., 0.]), rgb=UNKNOWN, text='', units='height', win=Window(...), wrapWidth=1)
26.3930 	EXP 	Created instruction_part3 = TextStim(__class__=<class 'psychopy.visual.text.TextStim'>, alignHoriz=method-wrapper(...), alignText='center', alignVert=method-wrapper(...), anchorHoriz='center', anchorVert='center', antialias=True, autoDraw=False, autoLog=True, bold=False, color=array([1., 1., 1.]), colorSpace='rgb', contrast=1.0, depth=0.0, draggable=False, flipHoriz=False, flipVert=False, font='Sans Sherif', fontFiles=[], height=0.025, italic=False, languageStyle='LTR', name='instruction_part3', opacity=1, ori=0.0, pos=array([0., 0.]), rgb=UNKNOWN, text='', units='height', win=Window(...), wrapWidth=1)
26.3940 	EXP 	Created instruction_part4 = TextStim(__class__=<class 'psychopy.visual.text.TextStim'>, alignHoriz=method-wrapper(...), alignText='center', alignVert=method-wrapper(...), anchorHoriz='center', anchorVert='center', antialias=True, autoDraw=False, autoLog=True, bold=False, color=array([1., 1., 1.]), colorSpace='rgb', contrast=1.0, depth=0.0, draggable=False, flipHoriz=False, flipVert=False, font='Sans Sherif', fontFiles=[], height=0.025, italic=False, languageStyle='LTR', name='instruction_part4', opacity=1, ori=0.0, pos=array([0., 0.]), rgb=UNKNOWN, text='', units='height', win=Window(...), wrapWidth=1)
26.3949 	EXP 	Created instruction_part5 = TextStim(__class__=<class 'psychopy.visual.text.TextStim'>, alignHoriz=method-wrapper(...), alignText='center', alignVert=method-wrapper(...), anchorHoriz='center', anchorVert='center', antialias=True, autoDraw=False, autoLog=True, bold=False, color=array([1., 1., 1.]), colorSpace='rgb', contrast=1.0, depth=-1.0, draggable=False, flipHoriz=False, flipVert=False, font='Sans Sherif', fontFiles=[], height=0.025, italic=False, languageStyle='LTR', name='instruction_part5', opacity=1, ori=0.0, pos=array([0., 0.]), rgb=UNKNOWN, text='', units='height', win=Window(...), wrapWidth=1)
26.3959 	EXP 	Created instruction_part6 = TextStim(__class__=<class 'psychopy.visual.text.TextStim'>, alignHoriz=method-wrapper(...), alignText='center', alignVert=method-wrapper(...), anchorHoriz='center', anchorVert='center', antialias=True, autoDraw=False, autoLog=True, bold=False, color=array([1., 1., 1.]), colorSpace='rgb', contrast=1.0, depth=-1.0, draggable=False, flipHoriz=False, flipVert=False, font='Sans Sherif', fontFiles=[], height=0.025, italic=False, languageStyle='LTR', name='instruction_part6', opacity=1, ori=0.0, pos=array([0., 0.]), rgb=UNKNOWN, text='', units='height', win=Window(...), wrapWidth=1)
26.3968 	EXP 	Created instructions_part16 = TextStim(__class__=<class 'psychopy.visual.text.TextStim'>, alignHoriz=method-wrapper(...), alignText='center', alignVert=method-wrapper(...), anchorHoriz='center', anchorVert='center', antialias=True, autoDraw=False, autoLog=True, bold=False, color=array([1., 1., 1.]), colorSpace='rgb', contrast=1.0, depth=0.0, draggable=False, flipHoriz=False, flipVert=False, font='Sans Sherif', fontFiles=[], height=0.025, italic=False, languageStyle='LTR', name='instructions_part16', opacity=1, ori=0.0, pos=array([0., 0.]), rgb=UNKNOWN, text='', units='height', win=Window(...), wrapWidth=1)
26.3980 	EXP 	Created polygon = Rect(__class__=<class 'psychopy.visual.rect.Rect'>, anchor=('center', 'center'), autoDraw=False, autoLog=True, closeShape=True, color=method-wrapper(...), colorSpace='rgb', contrast=None, depth=-1.0, draggable=False, fillColor=array([1, 1, 1]), fillColorSpace='rgb', fillRGB=array([1, 1, 1]), interpolate=True, lineColor=array([1., 1., 1.]), lineColorSpace='rgb', lineRGB=array([1, 1, 1]), lineWidth=1.0, name='polygon', opacity=1.0, ori=0.0, pos=array([0., 0.]), size=array([0.16, 0.16]), units='height', vertices=ndarray(...), win=Window(...))
26.4034 	EXP 	Created prompt_prc = ImageStim(__class__=<class 'psychopy.visual.image.ImageStim'>, anchor=('center', 'center'), autoLog=True, color=array([1., 1., 1.]), colorSpace='rgb', contrast=1.0, depth=-2.0, draggable=False, flipHoriz=False, flipVert=False, image='default.png', interpolate=True, mask=None, maskParams=None, name='prompt_prc', opacity=1, ori=0.0, pos=array([0., 0.]), size=array([0.15, 0.15]), texRes=128.0, units='height', win=Window(...))
26.4072 	EXP 	Created dist_01_prc = ImageStim(__class__=<class 'psychopy.visual.image.ImageStim'>, anchor=('center', 'center'), autoLog=True, color=array([1., 1., 1.]), colorSpace='rgb', contrast=1.0, depth=-3.0, draggable=False, flipHoriz=False, flipVert=False, image='default.png', interpolate=True, mask=None, maskParams=None, name='dist_01_prc', opacity=1, ori=0.0, pos=array([0., 0.]), size=array([0.15, 0.15]), texRes=128.0, units='height', win=Window(...))
26.4108 	EXP 	Created dist_02_prc = ImageStim(__class__=<class 'psychopy.visual.image.ImageStim'>, anchor=('center', 'center'), autoLog=True, color=array([1., 1., 1.]), colorSpace='rgb', contrast=1.0, depth=-4.0, draggable=False, flipHoriz=False, flipVert=False, image='default.png', interpolate=True, mask=None, maskParams=None, name='dist_02_prc', opacity=1, ori=0.0, pos=array([0., 0.]), size=array([0.15, 0.15]), texRes=128.0, units='height', win=Window(...))
26.4145 	EXP 	Created correct_prc = ImageStim(__class__=<class 'psychopy.visual.image.ImageStim'>, anchor=('center', 'center'), autoLog=True, color=array([1., 1., 1.]), colorSpace='rgb', contrast=1.0, depth=-5.0, draggable=False, flipHoriz=False, flipVert=False, image='default.png', interpolate=True, mask=None, maskParams=None, name='correct_prc', opacity=1, ori=0.0, pos=array([0., 0.]), size=array([0.15, 0.15]), texRes=128.0, units='height', win=Window(...))
26.4162 	EXP 	Created instructions_choose_2 = TextStim(__class__=<class 'psychopy.visual.text.TextStim'>, alignHoriz=method-wrapper(...), alignText='center', alignVert=method-wrapper(...), anchorHoriz='center', anchorVert='center', antialias=True, autoDraw=False, autoLog=True, bold=False, color=array([1., 1., 1.]), colorSpace='rgb', contrast=1.0, depth=-8.0, draggable=False, flipHoriz=False, flipVert=False, font='Sans Sherif', fontFiles=[], height=0.025, italic=False, languageStyle='LTR', name='instructions_choose_2', opacity=1, ori=0.0, pos=array([0. , 0.2]), rgb=UNKNOWN, text='', units='height', win=Window(...), wrapWidth=1)
26.4173 	EXP 	Created polygon_7 = Rect(__class__=<class 'psychopy.visual.rect.Rect'>, anchor=('center', 'center'), autoDraw=False, autoLog=True, closeShape=True, color=method-wrapper(...), colorSpace='rgb', contrast=None, depth=-2.0, draggable=False, fillColor=array([0, 0, 0]), fillColorSpace='rgb', fillRGB=array([0, 0, 0]), interpolate=True, lineColor=array([0.0039, 0.0039, 0.0039]), lineColorSpace='rgb', lineRGB=array([0.0039, 0.0039, 0.0039]), lineWidth=1.0, name='polygon_7', opacity=0.0, ori=0.0, pos=array([0., 0.]), size=array([0.16, 0.16]), units='height', vertices=ndarray(...), win=Window(...))
26.4217 	EXP 	Created prompt_prc_2 = ImageStim(__class__=<class 'psychopy.visual.image.ImageStim'>, anchor=('center', 'center'), autoLog=True, color=array([1., 1., 1.]), colorSpace='rgb', contrast=1.0, depth=-3.0, draggable=False, flipHoriz=False, flipVert=False, image='default.png', interpolate=True, mask=None, maskParams=None, name='prompt_prc_2', opacity=1, ori=0.0, pos=array([0., 0.]), size=array([0.15, 0.15]), texRes=128.0, units='height', win=Window(...))
26.4252 	EXP 	Created dist_01_prc_2 = ImageStim(__class__=<class 'psychopy.visual.image.ImageStim'>, anchor=('center', 'center'), autoLog=True, color=array([1., 1., 1.]), colorSpace='rgb', contrast=1.0, depth=-4.0, draggable=False, flipHoriz=False, flipVert=False, image='default.png', interpolate=True, mask=None, maskParams=None, name='dist_01_prc_2', opacity=1, ori=0.0, pos=array([0., 0.]), size=array([0.15, 0.15]), texRes=128.0, units='height', win=Window(...))
26.4288 	EXP 	Created dist_02_prc_2 = ImageStim(__class__=<class 'psychopy.visual.image.ImageStim'>, anchor=('center', 'center'), autoLog=True, color=array([1., 1., 1.]), colorSpace='rgb', contrast=1.0, depth=-5.0, draggable=False, flipHoriz=False, flipVert=False, image='default.png', interpolate=True, mask=None, maskParams=None, name='dist_02_prc_2', opacity=1, ori=0.0, pos=array([0., 0.]), size=array([0.15, 0.15]), texRes=128.0, units='height', win=Window(...))
26.4324 	EXP 	Created correct_prc_2 = ImageStim(__class__=<class 'psychopy.visual.image.ImageStim'>, anchor=('center', 'center'), autoLog=True, color=array([1., 1., 1.]), colorSpace='rgb', contrast=1.0, depth=-6.0, draggable=False, flipHoriz=False, flipVert=False, image='default.png', interpolate=True, mask=None, maskParams=None, name='correct_prc_2', opacity=1, ori=0.0, pos=array([0., 0.]), size=array([0.15, 0.15]), texRes=128.0, units='height', win=Window(...))
26.4377 	EXP 	Created fix_cross_2 = TextStim(__class__=<class 'psychopy.visual.text.TextStim'>, alignHoriz=method-wrapper(...), alignText='center', alignVert=method-wrapper(...), anchorHoriz='center', anchorVert='center', antialias=True, autoDraw=False, autoLog=True, bold=False, color=array([1., 1., 1.]), colorSpace='rgb', contrast=1.0, depth=0.0, draggable=False, flipHoriz=False, flipVert=False, font='Sans Sherif', fontFiles=[], height=0.03, italic=False, languageStyle='LTR', name='fix_cross_2', opacity=1, ori=0.0, pos=array([0., 0.]), rgb=UNKNOWN, text='+', units='height', win=Window(...), wrapWidth=1)
26.4391 	EXP 	Created rest_instruction = TextStim(__class__=<class 'psychopy.visual.text.TextStim'>, alignHoriz=method-wrapper(...), alignText='center', alignVert=method-wrapper(...), anchorHoriz='center', anchorVert='center', antialias=True, autoDraw=False, autoLog=True, bold=False, color=array([1., 1., 1.]), colorSpace='rgb', contrast=1.0, depth=-1.0, draggable=False, flipHoriz=False, flipVert=False, font='Sans Sherif', fontFiles=[], height=0.025, italic=False, languageStyle='LTR', name='rest_instruction', opacity=1, ori=0.0, pos=array([0. , 0.1]), rgb=UNKNOWN, text='', units='height', win=Window(...), wrapWidth=1)
26.4404 	EXP 	Created instruction_part7 = TextStim(__class__=<class 'psychopy.visual.text.TextStim'>, alignHoriz=method-wrapper(...), alignText='center', alignVert=method-wrapper(...), anchorHoriz='center', anchorVert='center', antialias=True, autoDraw=False, autoLog=True, bold=False, color=array([1., 1., 1.]), colorSpace='rgb', contrast=1.0, depth=0.0, draggable=False, flipHoriz=False, flipVert=False, font='Sans Sherif', fontFiles=[], height=0.025, italic=False, languageStyle='LTR', name='instruction_part7', opacity=1, ori=0.0, pos=array([0., 0.]), rgb=UNKNOWN, text='', units='height', win=Window(...), wrapWidth=1)
26.4415 	EXP 	Created instruction_part10 = TextStim(__class__=<class 'psychopy.visual.text.TextStim'>, alignHoriz=method-wrapper(...), alignText='center', alignVert=method-wrapper(...), anchorHoriz='center', anchorVert='center', antialias=True, autoDraw=False, autoLog=True, bold=False, color=array([1., 1., 1.]), colorSpace='rgb', contrast=1.0, depth=0.0, draggable=False, flipHoriz=False, flipVert=False, font='Sans Sherif', fontFiles=[], height=0.025, italic=False, languageStyle='LTR', name='instruction_part10', opacity=1, ori=0.0, pos=array([0., 0.]), rgb=UNKNOWN, text='', units='height', win=Window(...), wrapWidth=1)
26.4426 	EXP 	Created instruction_part13 = TextStim(__class__=<class 'psychopy.visual.text.TextStim'>, alignHoriz=method-wrapper(...), alignText='center', alignVert=method-wrapper(...), anchorHoriz='center', anchorVert='center', antialias=True, autoDraw=False, autoLog=True, bold=False, color=array([1., 1., 1.]), colorSpace='rgb', contrast=1.0, depth=0.0, draggable=False, flipHoriz=False, flipVert=False, font='Sans Sherif', fontFiles=[], height=0.025, italic=False, languageStyle='LTR', name='instruction_part13', opacity=1, ori=0.0, pos=array([0., 0.]), rgb=UNKNOWN, text='', units='height', win=Window(...), wrapWidth=1)
26.4437 	EXP 	Created instruction_part11 = TextStim(__class__=<class 'psychopy.visual.text.TextStim'>, alignHoriz=method-wrapper(...), alignText='center', alignVert=method-wrapper(...), anchorHoriz='center', anchorVert='center', antialias=True, autoDraw=False, autoLog=True, bold=False, color=array([1., 1., 1.]), colorSpace='rgb', contrast=1.0, depth=0.0, draggable=False, flipHoriz=False, flipVert=False, font='Sans Sherif', fontFiles=[], height=0.025, italic=False, languageStyle='LTR', name='instruction_part11', opacity=1, ori=0.0, pos=array([0., 0.]), rgb=UNKNOWN, text='', units='height', win=Window(...), wrapWidth=1)
26.4449 	EXP 	Created instruction_part14 = TextStim(__class__=<class 'psychopy.visual.text.TextStim'>, alignHoriz=method-wrapper(...), alignText='center', alignVert=method-wrapper(...), anchorHoriz='center', anchorVert='center', antialias=True, autoDraw=False, autoLog=True, bold=False, color=array([1., 1., 1.]), colorSpace='rgb', contrast=1.0, depth=0.0, draggable=False, flipHoriz=False, flipVert=False, font='Sans Sherif', fontFiles=[], height=0.025, italic=False, languageStyle='LTR', name='instruction_part14', opacity=1, ori=0.0, pos=array([0., 0.]), rgb=UNKNOWN, text='', units='height', win=Window(...), wrapWidth=1)
26.4462 	EXP 	Created instruction_part12 = TextStim(__class__=<class 'psychopy.visual.text.TextStim'>, alignHoriz=method-wrapper(...), alignText='center', alignVert=method-wrapper(...), anchorHoriz='center', anchorVert='center', antialias=True, autoDraw=False, autoLog=True, bold=False, color=array([1., 1., 1.]), colorSpace='rgb', contrast=1.0, depth=0.0, draggable=False, flipHoriz=False, flipVert=False, font='Sans Sherif', fontFiles=[], height=0.025, italic=False, languageStyle='LTR', name='instruction_part12', opacity=1, ori=0.0, pos=array([0., 0.]), rgb=UNKNOWN, text='', units='height', win=Window(...), wrapWidth=1)
26.4474 	EXP 	Created instruction_part15 = TextStim(__class__=<class 'psychopy.visual.text.TextStim'>, alignHoriz=method-wrapper(...), alignText='center', alignVert=method-wrapper(...), anchorHoriz='center', anchorVert='center', antialias=True, autoDraw=False, autoLog=True, bold=False, color=array([1., 1., 1.]), colorSpace='rgb', contrast=1.0, depth=0.0, draggable=False, flipHoriz=False, flipVert=False, font='Sans Sherif', fontFiles=[], height=0.025, italic=False, languageStyle='LTR', name='instruction_part15', opacity=1, ori=0.0, pos=array([0., 0.]), rgb=UNKNOWN, text='', units='height', win=Window(...), wrapWidth=1)
26.4485 	EXP 	Created instruction_info = TextStim(__class__=<class 'psychopy.visual.text.TextStim'>, alignHoriz=method-wrapper(...), alignText='center', alignVert=method-wrapper(...), anchorHoriz='center', anchorVert='center', antialias=True, autoDraw=False, autoLog=True, bold=False, color=array([1., 1., 1.]), colorSpace='rgb', contrast=1.0, depth=0.0, draggable=False, flipHoriz=False, flipVert=False, font='Sans Sherif', fontFiles=[], height=0.025, italic=False, languageStyle='LTR', name='instruction_info', opacity=1, ori=0.0, pos=array([0., 0.]), rgb=UNKNOWN, text='', units='height', win=Window(...), wrapWidth=1)
26.4496 	EXP 	Created instruction_part8 = TextStim(__class__=<class 'psychopy.visual.text.TextStim'>, alignHoriz=method-wrapper(...), alignText='center', alignVert=method-wrapper(...), anchorHoriz='center', anchorVert='center', antialias=True, autoDraw=False, autoLog=True, bold=False, color=array([1., 1., 1.]), colorSpace='rgb', contrast=1.0, depth=0.0, draggable=False, flipHoriz=False, flipVert=False, font='Sans Sherif', fontFiles=[], height=0.025, italic=False, languageStyle='LTR', name='instruction_part8', opacity=1, ori=0.0, pos=array([0., 0.]), rgb=UNKNOWN, text='', units='height', win=Window(...), wrapWidth=1)
26.4505 	EXP 	Created fix_cross_retrbegin = TextStim(__class__=<class 'psychopy.visual.text.TextStim'>, alignHoriz=method-wrapper(...), alignText='center', alignVert=method-wrapper(...), anchorHoriz='center', anchorVert='center', antialias=True, autoDraw=False, autoLog=True, bold=False, color=array([1., 1., 1.]), colorSpace='rgb', contrast=1.0, depth=0.0, draggable=False, flipHoriz=False, flipVert=False, font='Sans Sherif', fontFiles=[], height=0.03, italic=False, languageStyle='LTR', name='fix_cross_retrbegin', opacity=1, ori=0.0, pos=array([0., 0.]), rgb=UNKNOWN, text='', units='height', win=Window(...), wrapWidth=1)
26.4551 	EXP 	Created image_1_prc = ImageStim(__class__=<class 'psychopy.visual.image.ImageStim'>, anchor=('center', 'center'), autoLog=True, color=array([1., 1., 1.]), colorSpace='rgb', contrast=1.0, depth=0.0, draggable=False, flipHoriz=False, flipVert=False, image='default.png', interpolate=True, mask=None, maskParams=None, name='image_1_prc', opacity=1, ori=0.0, pos=array([0., 0.]), size=array([0.15, 0.15]), texRes=128.0, units='height', win=Window(...))
26.4596 	EXP 	Created info_example_3 = ImageStim(__class__=<class 'psychopy.visual.image.ImageStim'>, anchor=('center', 'center'), autoLog=True, color=array([1., 1., 1.]), colorSpace='rgb', contrast=1.0, depth=-1.0, draggable=False, flipHoriz=False, flipVert=False, image='default.png', interpolate=True, mask=None, maskParams=None, name='info_example_3', opacity=1, ori=0.0, pos=array([ 0. , -0.2]), size=array([0.7, 0.7]), texRes=128.0, units='height', win=Window(...))
26.4659 	EXP 	Created mask_img1 = ImageStim(__class__=<class 'psychopy.visual.image.ImageStim'>, anchor=('center', 'center'), autoLog=True, color=array([1., 1., 1.]), colorSpace='rgb', contrast=1.0, depth=0.0, draggable=False, flipHoriz=False, flipVert=False, image='stimuli/mask_images/mask_00.png', interpolate=True, mask=None, maskParams=None, name='mask_img1', opacity=1, ori=0.0, pos=array([0., 0.]), size=array([0.15, 0.15]), texRes=128.0, units='height', win=Window(...))
26.4707 	EXP 	Created info_example_4 = ImageStim(__class__=<class 'psychopy.visual.image.ImageStim'>, anchor=('center', 'center'), autoLog=True, color=array([1., 1., 1.]), colorSpace='rgb', contrast=1.0, depth=-1.0, draggable=False, flipHoriz=False, flipVert=False, image='default.png', interpolate=True, mask=None, maskParams=None, name='info_example_4', opacity=1, ori=0.0, pos=array([ 0. , -0.2]), size=array([0.7, 0.7]), texRes=128.0, units='height', win=Window(...))
26.4748 	EXP 	Created image_2_prc = ImageStim(__class__=<class 'psychopy.visual.image.ImageStim'>, anchor=('center', 'center'), autoLog=True, color=array([1., 1., 1.]), colorSpace='rgb', contrast=1.0, depth=0.0, draggable=False, flipHoriz=False, flipVert=False, image='default.png', interpolate=True, mask=None, maskParams=None, name='image_2_prc', opacity=1, ori=0.0, pos=array([0., 0.]), size=array([0.15, 0.15]), texRes=128.0, units='height', win=Window(...))
26.4797 	EXP 	Created info_example_5 = ImageStim(__class__=<class 'psychopy.visual.image.ImageStim'>, anchor=('center', 'center'), autoLog=True, color=array([1., 1., 1.]), colorSpace='rgb', contrast=1.0, depth=-1.0, draggable=False, flipHoriz=False, flipVert=False, image='default.png', interpolate=True, mask=None, maskParams=None, name='info_example_5', opacity=1, ori=0.0, pos=array([ 0. , -0.2]), size=array([0.7, 0.7]), texRes=128.0, units='height', win=Window(...))
26.4850 	EXP 	Created mask_img2 = ImageStim(__class__=<class 'psychopy.visual.image.ImageStim'>, anchor=('center', 'center'), autoLog=True, color=array([1., 1., 1.]), colorSpace='rgb', contrast=1.0, depth=0.0, draggable=False, flipHoriz=False, flipVert=False, image='stimuli/mask_images/mask_01.png', interpolate=True, mask=None, maskParams=None, name='mask_img2', opacity=1, ori=0.0, pos=array([0., 0.]), size=array([0.15, 0.15]), texRes=128.0, units='height', win=Window(...))
26.4896 	EXP 	Created info_example_6 = ImageStim(__class__=<class 'psychopy.visual.image.ImageStim'>, anchor=('center', 'center'), autoLog=True, color=array([1., 1., 1.]), colorSpace='rgb', contrast=1.0, depth=-1.0, draggable=False, flipHoriz=False, flipVert=False, image='default.png', interpolate=True, mask=None, maskParams=None, name='info_example_6', opacity=1, ori=0.0, pos=array([ 0. , -0.2]), size=array([0.7, 0.7]), texRes=128.0, units='height', win=Window(...))
26.4917 	EXP 	Created fix_cross_reflretr_2 = TextStim(__class__=<class 'psychopy.visual.text.TextStim'>, alignHoriz=method-wrapper(...), alignText='center', alignVert=method-wrapper(...), anchorHoriz='center', anchorVert='center', antialias=True, autoDraw=False, autoLog=True, bold=False, color=array([1., 1., 1.]), colorSpace='rgb', contrast=1.0, depth=0.0, draggable=False, flipHoriz=False, flipVert=False, font='Sans Sherif', fontFiles=[], height=0.03, italic=False, languageStyle='LTR', name='fix_cross_reflretr_2', opacity=1, ori=0.0, pos=array([0., 0.]), rgb=UNKNOWN, text='+', units='height', win=Window(...), wrapWidth=1)
26.5079 	EXP 	Created text = TextStim(__class__=<class 'psychopy.visual.text.TextStim'>, alignHoriz=method-wrapper(...), alignText='center', alignVert=method-wrapper(...), anchorHoriz='center', anchorVert='center', antialias=True, autoDraw=False, autoLog=True, bold=False, color=array([1., 1., 1.]), colorSpace='rgb', contrast=1.0, depth=-1.0, draggable=False, flipHoriz=False, flipVert=False, font='Sans Sherif', fontFiles=[], height=0.02, italic=False, languageStyle='LTR', name='text', opacity=1, ori=0.0, pos=array([0. , 0.1]), rgb=UNKNOWN, text='Denken Sie jetzt über die Antworten nach. ', units='height', win=Window(...), wrapWidth=1)
26.5097 	EXP 	Created yes_txt_3 = TextStim(__class__=<class 'psychopy.visual.text.TextStim'>, alignHoriz=method-wrapper(...), alignText='center', alignVert=method-wrapper(...), anchorHoriz='center', anchorVert='center', antialias=True, autoDraw=False, autoLog=True, bold=False, color=array([1., 1., 1.]), colorSpace='rgb', contrast=1.0, depth=-1.0, draggable=False, flipHoriz=False, flipVert=False, font='Sans Sherif', fontFiles=[], height=0.03, italic=False, languageStyle='LTR', name='yes_txt_3', opacity=1, ori=0.0, pos=array([0., 0.]), rgb=UNKNOWN, text='', units='height', win=Window(...), wrapWidth=1)
26.5110 	EXP 	Created no_txt_3 = TextStim(__class__=<class 'psychopy.visual.text.TextStim'>, alignHoriz=method-wrapper(...), alignText='center', alignVert=method-wrapper(...), anchorHoriz='center', anchorVert='center', antialias=True, autoDraw=False, autoLog=True, bold=False, color=array([1., 1., 1.]), colorSpace='rgb', contrast=1.0, depth=-2.0, draggable=False, flipHoriz=False, flipVert=False, font='Sans Sherif', fontFiles=[], height=0.03, italic=False, languageStyle='LTR', name='no_txt_3', opacity=1, ori=0.0, pos=array([0., 0.]), rgb=UNKNOWN, text='', units='height', win=Window(...), wrapWidth=1)
26.5123 	EXP 	Created polygon_9 = Rect(__class__=<class 'psychopy.visual.rect.Rect'>, anchor=('center', 'center'), autoDraw=False, autoLog=True, closeShape=True, color=method-wrapper(...), colorSpace='rgb', contrast=None, depth=-3.0, draggable=False, fillColor=array([0, 0, 0]), fillColorSpace='rgb', fillRGB=array([0, 0, 0]), interpolate=True, lineColor=array([0.0039, 0.0039, 0.0039]), lineColorSpace='rgb', lineRGB=array([0.0039, 0.0039, 0.0039]), lineWidth=2.0, name='polygon_9', opacity=0.0, ori=0.0, pos=array([0., 0.]), size=array([0.08, 0.03]), units='height', vertices=ndarray(...), win=Window(...))
26.5187 	EXP 	Created info_example_7 = ImageStim(__class__=<class 'psychopy.visual.image.ImageStim'>, anchor=('center', 'center'), autoLog=True, color=array([1., 1., 1.]), colorSpace='rgb', contrast=1.0, depth=-7.0, draggable=False, flipHoriz=False, flipVert=False, image='default.png', interpolate=True, mask=None, maskParams=None, name='info_example_7', opacity=1, ori=0.0, pos=array([ 0. , -0.2]), size=array([0.7, 0.7]), texRes=128.0, units='height', win=Window(...))
26.5201 	EXP 	Created text_question_order = TextStim(__class__=<class 'psychopy.visual.text.TextStim'>, alignHoriz=method-wrapper(...), alignText='center', alignVert=method-wrapper(...), anchorHoriz='center', anchorVert='center', antialias=True, autoDraw=False, autoLog=True, bold=False, color=array([1., 1., 1.]), colorSpace='rgb', contrast=1.0, depth=-9.0, draggable=False, flipHoriz=False, flipVert=False, font='Sans Sherif', fontFiles=[], height=0.03, italic=False, languageStyle='LTR', name='text_question_order', opacity=1, ori=0.0, pos=array([0. , 0.1]), rgb=UNKNOWN, text='', units='height', win=Window(...), wrapWidth=1)
26.5248 	EXP 	Created info_example = ImageStim(__class__=<class 'psychopy.visual.image.ImageStim'>, anchor=('center', 'center'), autoLog=True, color=array([1., 1., 1.]), colorSpace='rgb', contrast=1.0, depth=-3.0, draggable=False, flipHoriz=False, flipVert=False, image='default.png', interpolate=True, mask=None, maskParams=None, name='info_example', opacity=1, ori=0.0, pos=array([ 0. , -0.2]), size=array([0.7, 0.7]), texRes=128.0, units='height', win=Window(...))
26.5301 	EXP 	Created opt_2_prc = TextStim(__class__=<class 'psychopy.visual.text.TextStim'>, alignHoriz=method-wrapper(...), alignText='center', alignVert=method-wrapper(...), anchorHoriz='center', anchorVert='center', antialias=True, autoDraw=False, autoLog=True, bold=False, color=array([1., 1., 1.]), colorSpace='rgb', contrast=1.0, depth=-4.0, draggable=False, flipHoriz=False, flipVert=False, font='Sans Sherif', fontFiles=[], height=0.03, italic=False, languageStyle='LTR', name='opt_2_prc', opacity=1, ori=0.0, pos=array([0.  , 0.05]), rgb=UNKNOWN, text='2', units='height', win=Window(...), wrapWidth=1)
26.5331 	EXP 	Created opt_3_prc = TextStim(__class__=<class 'psychopy.visual.text.TextStim'>, alignHoriz=method-wrapper(...), alignText='center', alignVert=method-wrapper(...), anchorHoriz='center', anchorVert='center', antialias=True, autoDraw=False, autoLog=True, bold=False, color=array([1., 1., 1.]), colorSpace='rgb', contrast=1.0, depth=-5.0, draggable=False, flipHoriz=False, flipVert=False, font='Sans Sherif', fontFiles=[], height=0.03, italic=False, languageStyle='LTR', name='opt_3_prc', opacity=1, ori=0.0, pos=array([0.05, 0.  ]), rgb=UNKNOWN, text='3', units='height', win=Window(...), wrapWidth=1)
26.5360 	EXP 	Created opt_4_prc = TextStim(__class__=<class 'psychopy.visual.text.TextStim'>, alignHoriz=method-wrapper(...), alignText='center', alignVert=method-wrapper(...), anchorHoriz='center', anchorVert='center', antialias=True, autoDraw=False, autoLog=True, bold=False, color=array([1., 1., 1.]), colorSpace='rgb', contrast=1.0, depth=-6.0, draggable=False, flipHoriz=False, flipVert=False, font='Sans Sherif', fontFiles=[], height=0.03, italic=False, languageStyle='LTR', name='opt_4_prc', opacity=1, ori=0.0, pos=array([ 0.  , -0.05]), rgb=UNKNOWN, text='4', units='height', win=Window(...), wrapWidth=1)
26.5389 	EXP 	Created opt_5_prc = TextStim(__class__=<class 'psychopy.visual.text.TextStim'>, alignHoriz=method-wrapper(...), alignText='center', alignVert=method-wrapper(...), anchorHoriz='center', anchorVert='center', antialias=True, autoDraw=False, autoLog=True, bold=False, color=array([1., 1., 1.]), colorSpace='rgb', contrast=1.0, depth=-7.0, draggable=False, flipHoriz=False, flipVert=False, font='Sans Sherif', fontFiles=[], height=0.03, italic=False, languageStyle='LTR', name='opt_5_prc', opacity=1, ori=0.0, pos=array([-0.05,  0.  ]), rgb=UNKNOWN, text='5', units='height', win=Window(...), wrapWidth=1)
26.5408 	EXP 	Created text_question_retrieval = TextStim(__class__=<class 'psychopy.visual.text.TextStim'>, alignHoriz=method-wrapper(...), alignText='center', alignVert=method-wrapper(...), anchorHoriz='center', anchorVert='center', antialias=True, autoDraw=False, autoLog=True, bold=False, color=array([1., 1., 1.]), colorSpace='rgb', contrast=1.0, depth=-9.0, draggable=False, flipHoriz=False, flipVert=False, font='Sans Sherif', fontFiles=[], height=0.03, italic=False, languageStyle='LTR', name='text_question_retrieval', opacity=1, ori=0.0, pos=array([0. , 0.1]), rgb=UNKNOWN, text='', units='height', win=Window(...), wrapWidth=1)
26.5432 	EXP 	Created text_feedback = TextStim(__class__=<class 'psychopy.visual.text.TextStim'>, alignHoriz=method-wrapper(...), alignText='center', alignVert=method-wrapper(...), anchorHoriz='center', anchorVert='center', antialias=True, autoDraw=False, autoLog=True, bold=False, color=array([1., 1., 1.]), colorSpace='rgb', contrast=1.0, depth=0.0, draggable=False, flipHoriz=False, flipVert=False, font='Sans Sherif', fontFiles=[], height=0.025, italic=False, languageStyle='LTR', name='text_feedback', opacity=1, ori=0.0, pos=array([0. , 0.2]), rgb=UNKNOWN, text='', units='height', win=Window(...), wrapWidth=1)
26.5496 	EXP 	Created info_example_2 = ImageStim(__class__=<class 'psychopy.visual.image.ImageStim'>, anchor=('center', 'center'), autoLog=True, color=array([1., 1., 1.]), colorSpace='rgb', contrast=1.0, depth=-2.0, draggable=False, flipHoriz=False, flipVert=False, image='default.png', interpolate=True, mask=None, maskParams=None, name='info_example_2', opacity=1, ori=0.0, pos=array([0., 0.]), size=array([0.8, 0.8]), texRes=128.0, units='height', win=Window(...))
26.5513 	EXP 	Created text_continue = TextStim(__class__=<class 'psychopy.visual.text.TextStim'>, alignHoriz=method-wrapper(...), alignText='center', alignVert=method-wrapper(...), anchorHoriz='center', anchorVert='center', antialias=True, autoDraw=False, autoLog=True, bold=False, color=array([1., 1., 1.]), colorSpace='rgb', contrast=1.0, depth=-5.0, draggable=False, flipHoriz=False, flipVert=False, font='Sans Sherif', fontFiles=[], height=0.025, italic=False, languageStyle='LTR', name='text_continue', opacity=1, ori=0.0, pos=array([ 0.  , -0.15]), rgb=UNKNOWN, text='', units='height', win=Window(...), wrapWidth=1)
26.5527 	EXP 	Created instructions_part7 = TextStim(__class__=<class 'psychopy.visual.text.TextStim'>, alignHoriz=method-wrapper(...), alignText='center', alignVert=method-wrapper(...), anchorHoriz='center', anchorVert='center', antialias=True, autoDraw=False, autoLog=True, bold=False, color=array([1., 1., 1.]), colorSpace='rgb', contrast=1.0, depth=0.0, draggable=False, flipHoriz=False, flipVert=False, font='Sans Sherif', fontFiles=[], height=0.025, italic=False, languageStyle='LTR', name='instructions_part7', opacity=1, ori=0.0, pos=array([0., 0.]), rgb=UNKNOWN, text='', units='height', win=Window(...), wrapWidth=1)
26.5590 	EXP 	Created scene_image = ImageStim(__class__=<class 'psychopy.visual.image.ImageStim'>, anchor=('center', 'center'), autoLog=True, color=array([1., 1., 1.]), colorSpace='rgb', contrast=1.0, depth=0.0, draggable=False, flipHoriz=False, flipVert=False, image='default.png', interpolate=True, mask=None, maskParams=None, name='scene_image', opacity=1, ori=0.0, pos=array([0., 0.]), size=array([1., 1.]), texRes=128.0, units='height', win=Window(...))
26.5641 	EXP 	Created scene_image_2 = ImageStim(__class__=<class 'psychopy.visual.image.ImageStim'>, anchor=('center', 'center'), autoLog=True, color=array([1., 1., 1.]), colorSpace='rgb', contrast=1.0, depth=0.0, draggable=False, flipHoriz=False, flipVert=False, image='default.png', interpolate=True, mask=None, maskParams=None, name='scene_image_2', opacity=1, ori=0.0, pos=array([0., 0.]), size=array([1., 1.]), texRes=128.0, units='height', win=Window(...))
26.5657 	EXP 	Created polygon_4 = Rect(__class__=<class 'psychopy.visual.rect.Rect'>, anchor=('center', 'center'), autoDraw=False, autoLog=True, closeShape=True, color=method-wrapper(...), colorSpace='rgb', contrast=None, depth=-4.0, draggable=False, fillColor=array([1, 1, 1]), fillColorSpace='rgb', fillRGB=array([1, 1, 1]), interpolate=True, lineColor=array([1., 1., 1.]), lineColorSpace='rgb', lineRGB=array([1, 1, 1]), lineWidth=1.0, name='polygon_4', opacity=0.0, ori=0.0, pos=array([0., 0.]), size=array([0.16, 0.16]), units='height', vertices=ndarray(...), win=Window(...))
26.5719 	EXP 	Created prompt = ImageStim(__class__=<class 'psychopy.visual.image.ImageStim'>, anchor=('center', 'center'), autoLog=True, color=array([1., 1., 1.]), colorSpace='rgb', contrast=1.0, depth=-5.0, draggable=False, flipHoriz=False, flipVert=False, image='default.png', interpolate=True, mask=None, maskParams=None, name='prompt', opacity=1, ori=0.0, pos=array([0., 0.]), size=array([0.15, 0.15]), texRes=128.0, units='height', win=Window(...))
26.5770 	EXP 	Created dist_01 = ImageStim(__class__=<class 'psychopy.visual.image.ImageStim'>, anchor=('center', 'center'), autoLog=True, color=array([1., 1., 1.]), colorSpace='rgb', contrast=1.0, depth=-6.0, draggable=False, flipHoriz=False, flipVert=False, image='default.png', interpolate=True, mask=None, maskParams=None, name='dist_01', opacity=1, ori=0.0, pos=array([0., 0.]), size=array([0.15, 0.15]), texRes=128.0, units='height', win=Window(...))
26.5820 	EXP 	Created dist_02 = ImageStim(__class__=<class 'psychopy.visual.image.ImageStim'>, anchor=('center', 'center'), autoLog=True, color=array([1., 1., 1.]), colorSpace='rgb', contrast=1.0, depth=-7.0, draggable=False, flipHoriz=False, flipVert=False, image='default.png', interpolate=True, mask=None, maskParams=None, name='dist_02', opacity=1, ori=0.0, pos=array([0., 0.]), size=array([0.15, 0.15]), texRes=128.0, units='height', win=Window(...))
26.5872 	EXP 	Created correct = ImageStim(__class__=<class 'psychopy.visual.image.ImageStim'>, anchor=('center', 'center'), autoLog=True, color=array([1., 1., 1.]), colorSpace='rgb', contrast=1.0, depth=-8.0, draggable=False, flipHoriz=False, flipVert=False, image='default.png', interpolate=True, mask=None, maskParams=None, name='correct', opacity=1, ori=0.0, pos=array([0., 0.]), size=array([0.15, 0.15]), texRes=128.0, units='height', win=Window(...))
26.5936 	EXP 	Created chooseNowText = TextStim(__class__=<class 'psychopy.visual.text.TextStim'>, alignHoriz=method-wrapper(...), alignText='center', alignVert=method-wrapper(...), anchorHoriz='center', anchorVert='center', antialias=True, autoDraw=False, autoLog=True, bold=False, color=array([1., 1., 1.]), colorSpace='rgb', contrast=1.0, depth=-10.0, draggable=False, flipHoriz=False, flipVert=False, font='Sans Sherif', fontFiles=[], height=0.02, italic=False, languageStyle='LTR', name='chooseNowText', opacity=1.0, ori=0.0, pos=array([0. , 0.2]), rgb=UNKNOWN, text='Bitte antworten Sie jetzt', units='height', win=Window(...), wrapWidth=1)
26.5992 	EXP 	Created scene_image_3 = ImageStim(__class__=<class 'psychopy.visual.image.ImageStim'>, anchor=('center', 'center'), autoLog=True, color=array([1., 1., 1.]), colorSpace='rgb', contrast=1.0, depth=0.0, draggable=False, flipHoriz=False, flipVert=False, image='default.png', interpolate=True, mask=None, maskParams=None, name='scene_image_3', opacity=1, ori=0.0, pos=array([0., 0.]), size=array([1., 1.]), texRes=128.0, units='height', win=Window(...))
26.6006 	EXP 	Created polygon_8 = Rect(__class__=<class 'psychopy.visual.rect.Rect'>, anchor=('center', 'center'), autoDraw=False, autoLog=True, closeShape=True, color=method-wrapper(...), colorSpace='rgb', contrast=None, depth=-3.0, draggable=False, fillColor=array([0., 0., 0.]), fillColorSpace='rgb', fillRGB=array([0., 0., 0.]), interpolate=True, lineColor=array([0.0039, 0.0039, 0.0039]), lineColorSpace='rgb', lineRGB=array([0.0039, 0.0039, 0.0039]), lineWidth=1.0, name='polygon_8', opacity=0.0, ori=0.0, pos=array([0., 0.]), size=array([0.16, 0.16]), units='height', vertices=ndarray(...), win=Window(...))
26.6062 	EXP 	Created prompt_2 = ImageStim(__class__=<class 'psychopy.visual.image.ImageStim'>, anchor=('center', 'center'), autoLog=True, color=array([1., 1., 1.]), colorSpace='rgb', contrast=1.0, depth=-5.0, draggable=False, flipHoriz=False, flipVert=False, image='default.png', interpolate=True, mask=None, maskParams=None, name='prompt_2', opacity=1, ori=0.0, pos=array([0., 0.]), size=array([0.15, 0.15]), texRes=128.0, units='height', win=Window(...))
26.6115 	EXP 	Created dist_01_2 = ImageStim(__class__=<class 'psychopy.visual.image.ImageStim'>, anchor=('center', 'center'), autoLog=True, color=array([1., 1., 1.]), colorSpace='rgb', contrast=1.0, depth=-6.0, draggable=False, flipHoriz=False, flipVert=False, image='default.png', interpolate=True, mask=None, maskParams=None, name='dist_01_2', opacity=1, ori=0.0, pos=array([0., 0.]), size=array([0.15, 0.15]), texRes=128.0, units='height', win=Window(...))
26.6191 	EXP 	Created dist_02_2 = ImageStim(__class__=<class 'psychopy.visual.image.ImageStim'>, anchor=('center', 'center'), autoLog=True, color=array([1., 1., 1.]), colorSpace='rgb', contrast=1.0, depth=-7.0, draggable=False, flipHoriz=False, flipVert=False, image='default.png', interpolate=True, mask=None, maskParams=None, name='dist_02_2', opacity=1, ori=0.0, pos=array([0., 0.]), size=array([0.15, 0.15]), texRes=128.0, units='height', win=Window(...))
26.6254 	EXP 	Created correct_2 = ImageStim(__class__=<class 'psychopy.visual.image.ImageStim'>, anchor=('center', 'center'), autoLog=True, color=array([1., 1., 1.]), colorSpace='rgb', contrast=1.0, depth=-8.0, draggable=False, flipHoriz=False, flipVert=False, image='default.png', interpolate=True, mask=None, maskParams=None, name='correct_2', opacity=1, ori=0.0, pos=array([0., 0.]), size=array([0.15, 0.15]), texRes=128.0, units='height', win=Window(...))
26.6325 	EXP 	Created scene_image_4 = ImageStim(__class__=<class 'psychopy.visual.image.ImageStim'>, anchor=('center', 'center'), autoLog=True, color=array([1., 1., 1.]), colorSpace='rgb', contrast=1.0, depth=-1.0, draggable=False, flipHoriz=False, flipVert=False, image='default.png', interpolate=True, mask=None, maskParams=None, name='scene_image_4', opacity=1, ori=0.0, pos=array([0., 0.]), size=array([1., 1.]), texRes=128.0, units='height', win=Window(...))
26.6350 	EXP 	Created tooSlowtext = TextStim(__class__=<class 'psychopy.visual.text.TextStim'>, alignHoriz=method-wrapper(...), alignText='center', alignVert=method-wrapper(...), anchorHoriz='center', anchorVert='center', antialias=True, autoDraw=False, autoLog=True, bold=False, color=array([1., 1., 1.]), colorSpace='rgb', contrast=1.0, depth=-2.0, draggable=False, flipHoriz=False, flipVert=False, font='Sans Sherif', fontFiles=[], height=0.02, italic=False, languageStyle='LTR', name='tooSlowtext', opacity=1, ori=0.0, pos=array([0., 0.]), rgb=UNKNOWN, text='', units='height', win=Window(...), wrapWidth=1)
26.6382 	EXP 	Created fix_cross = TextStim(__class__=<class 'psychopy.visual.text.TextStim'>, alignHoriz=method-wrapper(...), alignText='center', alignVert=method-wrapper(...), anchorHoriz='center', anchorVert='center', antialias=True, autoDraw=False, autoLog=True, bold=False, color=array([1., 1., 1.]), colorSpace='rgb', contrast=1.0, depth=-2.0, draggable=False, flipHoriz=False, flipVert=False, font='Sans Sherif', fontFiles=[], height=0.03, italic=False, languageStyle='LTR', name='fix_cross', opacity=1, ori=0.0, pos=array([0., 0.]), rgb=UNKNOWN, text='+', units='height', win=Window(...), wrapWidth=1)
26.6396 	EXP 	Created instruction_now_retr = TextStim(__class__=<class 'psychopy.visual.text.TextStim'>, alignHoriz=method-wrapper(...), alignText='center', alignVert=method-wrapper(...), anchorHoriz='center', anchorVert='center', antialias=True, autoDraw=False, autoLog=True, bold=False, color=array([1., 1., 1.]), colorSpace='rgb', contrast=1.0, depth=0.0, draggable=False, flipHoriz=False, flipVert=False, font='Sans Sherif', fontFiles=[], height=0.025, italic=False, languageStyle='LTR', name='instruction_now_retr', opacity=1, ori=0.0, pos=array([0., 0.]), rgb=UNKNOWN, text='', units='height', win=Window(...), wrapWidth=1)
26.6405 	EXP 	Created fix_cross_retrbegin_2 = TextStim(__class__=<class 'psychopy.visual.text.TextStim'>, alignHoriz=method-wrapper(...), alignText='center', alignVert=method-wrapper(...), anchorHoriz='center', anchorVert='center', antialias=True, autoDraw=False, autoLog=True, bold=False, color=array([1., 1., 1.]), colorSpace='rgb', contrast=1.0, depth=-1.0, draggable=False, flipHoriz=False, flipVert=False, font='Sans Sherif', fontFiles=[], height=0.03, italic=False, languageStyle='LTR', name='fix_cross_retrbegin_2', opacity=1, ori=0.0, pos=array([0., 0.]), rgb=UNKNOWN, text='', units='height', win=Window(...), wrapWidth=1)
26.6455 	EXP 	Created image_1 = ImageStim(__class__=<class 'psychopy.visual.image.ImageStim'>, anchor=('center', 'center'), autoLog=True, color=array([1., 1., 1.]), colorSpace='rgb', contrast=1.0, depth=-1.0, draggable=False, flipHoriz=False, flipVert=False, image='default.png', interpolate=True, mask=None, maskParams=None, name='image_1', opacity=1, ori=0.0, pos=array([0., 0.]), size=array([0.15, 0.15]), texRes=128.0, units='height', win=Window(...))
26.6524 	EXP 	Created mask_img1_2 = ImageStim(__class__=<class 'psychopy.visual.image.ImageStim'>, anchor=('center', 'center'), autoLog=True, color=array([1., 1., 1.]), colorSpace='rgb', contrast=1.0, depth=0.0, draggable=False, flipHoriz=False, flipVert=False, image='stimuli/mask_images/mask_00.png', interpolate=True, mask=None, maskParams=None, name='mask_img1_2', opacity=1, ori=0.0, pos=array([0., 0.]), size=array([0.15, 0.15]), texRes=128.0, units='height', win=Window(...))
26.6591 	EXP 	Created image_2 = ImageStim(__class__=<class 'psychopy.visual.image.ImageStim'>, anchor=('center', 'center'), autoLog=True, color=array([1., 1., 1.]), colorSpace='rgb', contrast=1.0, depth=-1.0, draggable=False, flipHoriz=False, flipVert=False, image='default.png', interpolate=True, mask=None, maskParams=None, name='image_2', opacity=1, ori=0.0, pos=array([0., 0.]), size=array([0.15, 0.15]), texRes=128.0, units='height', win=Window(...))
26.6668 	EXP 	Created mask_img2_2 = ImageStim(__class__=<class 'psychopy.visual.image.ImageStim'>, anchor=('center', 'center'), autoLog=True, color=array([1., 1., 1.]), colorSpace='rgb', contrast=1.0, depth=0.0, draggable=False, flipHoriz=False, flipVert=False, image='stimuli/mask_images/mask_01.png', interpolate=True, mask=None, maskParams=None, name='mask_img2_2', opacity=1, ori=0.0, pos=array([0., 0.]), size=array([0.15, 0.15]), texRes=128.0, units='height', win=Window(...))
26.6700 	EXP 	Created fix_cross_reflretr = TextStim(__class__=<class 'psychopy.visual.text.TextStim'>, alignHoriz=method-wrapper(...), alignText='center', alignVert=method-wrapper(...), anchorHoriz='center', anchorVert='center', antialias=True, autoDraw=False, autoLog=True, bold=False, color=array([1., 1., 1.]), colorSpace='rgb', contrast=1.0, depth=-1.0, draggable=False, flipHoriz=False, flipVert=False, font='Sans Sherif', fontFiles=[], height=0.03, italic=False, languageStyle='LTR', name='fix_cross_reflretr', opacity=1, ori=0.0, pos=array([0., 0.]), rgb=UNKNOWN, text='+', units='height', win=Window(...), wrapWidth=1)
26.6714 	EXP 	Created polygon_6 = Rect(__class__=<class 'psychopy.visual.rect.Rect'>, anchor=('center', 'center'), autoDraw=False, autoLog=True, closeShape=True, color=method-wrapper(...), colorSpace='rgb', contrast=None, depth=-2.0, draggable=False, fillColor=array([0, 0, 0]), fillColorSpace='rgb', fillRGB=array([0, 0, 0]), interpolate=True, lineColor=array([0.0039, 0.0039, 0.0039]), lineColorSpace='rgb', lineRGB=array([0.0039, 0.0039, 0.0039]), lineWidth=1.5, name='polygon_6', opacity=0.0, ori=0.0, pos=array([0., 0.]), size=array([0.08, 0.03]), units='height', vertices=ndarray(...), win=Window(...))
26.6727 	EXP 	Created yes_txt = TextStim(__class__=<class 'psychopy.visual.text.TextStim'>, alignHoriz=method-wrapper(...), alignText='center', alignVert=method-wrapper(...), anchorHoriz='center', anchorVert='center', antialias=True, autoDraw=False, autoLog=True, bold=False, color=array([1., 1., 1.]), colorSpace='rgb', contrast=1.0, depth=-3.0, draggable=False, flipHoriz=False, flipVert=False, font='Sans Sherif', fontFiles=[], height=0.03, italic=False, languageStyle='LTR', name='yes_txt', opacity=1, ori=0.0, pos=array([0., 0.]), rgb=UNKNOWN, text='', units='height', win=Window(...), wrapWidth=1)
26.6738 	EXP 	Created no_txt = TextStim(__class__=<class 'psychopy.visual.text.TextStim'>, alignHoriz=method-wrapper(...), alignText='center', alignVert=method-wrapper(...), anchorHoriz='center', anchorVert='center', antialias=True, autoDraw=False, autoLog=True, bold=False, color=array([1., 1., 1.]), colorSpace='rgb', contrast=1.0, depth=-4.0, draggable=False, flipHoriz=False, flipVert=False, font='Sans Sherif', fontFiles=[], height=0.03, italic=False, languageStyle='LTR', name='no_txt', opacity=1, ori=0.0, pos=array([0., 0.]), rgb=UNKNOWN, text='', units='height', win=Window(...), wrapWidth=1)
26.6826 	EXP 	Created chooseNowText_2 = TextStim(__class__=<class 'psychopy.visual.text.TextStim'>, alignHoriz=method-wrapper(...), alignText='center', alignVert=method-wrapper(...), anchorHoriz='center', anchorVert='center', antialias=True, autoDraw=False, autoLog=True, bold=False, color=array([1., 1., 1.]), colorSpace='rgb', contrast=1.0, depth=-7.0, draggable=False, flipHoriz=False, flipVert=False, font='Sans Sherif', fontFiles=[], height=0.025, italic=False, languageStyle='LTR', name='chooseNowText_2', opacity=1.0, ori=0.0, pos=array([0.  , 0.15]), rgb=UNKNOWN, text='Bitte antworten Sie jetzt', units='height', win=Window(...), wrapWidth=1)
26.6846 	EXP 	Created tooSlowtext_4 = TextStim(__class__=<class 'psychopy.visual.text.TextStim'>, alignHoriz=method-wrapper(...), alignText='center', alignVert=method-wrapper(...), anchorHoriz='center', anchorVert='center', antialias=True, autoDraw=False, autoLog=True, bold=False, color=array([1., 1., 1.]), colorSpace='rgb', contrast=1.0, depth=-1.0, draggable=False, flipHoriz=False, flipVert=False, font='Sans Sherif', fontFiles=[], height=0.025, italic=False, languageStyle='LTR', name='tooSlowtext_4', opacity=1, ori=0.0, pos=array([0., 0.]), rgb=UNKNOWN, text='', units='height', win=Window(...), wrapWidth=1)
26.6925 	EXP 	Created chooseNowText_3 = TextStim(__class__=<class 'psychopy.visual.text.TextStim'>, alignHoriz=method-wrapper(...), alignText='center', alignVert=method-wrapper(...), anchorHoriz='center', anchorVert='center', antialias=True, autoDraw=False, autoLog=True, bold=False, color=array([1., 1., 1.]), colorSpace='rgb', contrast=1.0, depth=-3.0, draggable=False, flipHoriz=False, flipVert=False, font='Sans Sherif', fontFiles=[], height=0.025, italic=False, languageStyle='LTR', name='chooseNowText_3', opacity=1.0, ori=0.0, pos=array([0.  , 0.15]), rgb=UNKNOWN, text='Bitte antworten Sie jetzt', units='height', win=Window(...), wrapWidth=1)
26.6975 	EXP 	Created opt_2 = TextStim(__class__=<class 'psychopy.visual.text.TextStim'>, alignHoriz=method-wrapper(...), alignText='center', alignVert=method-wrapper(...), anchorHoriz='center', anchorVert='center', antialias=True, autoDraw=False, autoLog=True, bold=False, color=array([1., 1., 1.]), colorSpace='rgb', contrast=1.0, depth=-5.0, draggable=False, flipHoriz=False, flipVert=False, font='Sans Sherif', fontFiles=[], height=0.03, italic=False, languageStyle='LTR', name='opt_2', opacity=1, ori=0.0, pos=array([0.  , 0.05]), rgb=UNKNOWN, text='2', units='height', win=Window(...), wrapWidth=1)
26.7008 	EXP 	Created opt_3 = TextStim(__class__=<class 'psychopy.visual.text.TextStim'>, alignHoriz=method-wrapper(...), alignText='center', alignVert=method-wrapper(...), anchorHoriz='center', anchorVert='center', antialias=True, autoDraw=False, autoLog=True, bold=False, color=array([1., 1., 1.]), colorSpace='rgb', contrast=1.0, depth=-6.0, draggable=False, flipHoriz=False, flipVert=False, font='Sans Sherif', fontFiles=[], height=0.03, italic=False, languageStyle='LTR', name='opt_3', opacity=1, ori=0.0, pos=array([0.05, 0.  ]), rgb=UNKNOWN, text='3', units='height', win=Window(...), wrapWidth=1)
26.7037 	EXP 	Created opt_4 = TextStim(__class__=<class 'psychopy.visual.text.TextStim'>, alignHoriz=method-wrapper(...), alignText='center', alignVert=method-wrapper(...), anchorHoriz='center', anchorVert='center', antialias=True, autoDraw=False, autoLog=True, bold=False, color=array([1., 1., 1.]), colorSpace='rgb', contrast=1.0, depth=-7.0, draggable=False, flipHoriz=False, flipVert=False, font='Sans Sherif', fontFiles=[], height=0.03, italic=False, languageStyle='LTR', name='opt_4', opacity=1, ori=0.0, pos=array([ 0.  , -0.05]), rgb=UNKNOWN, text='4', units='height', win=Window(...), wrapWidth=1)
26.7065 	EXP 	Created opt_5 = TextStim(__class__=<class 'psychopy.visual.text.TextStim'>, alignHoriz=method-wrapper(...), alignText='center', alignVert=method-wrapper(...), anchorHoriz='center', anchorVert='center', antialias=True, autoDraw=False, autoLog=True, bold=False, color=array([1., 1., 1.]), colorSpace='rgb', contrast=1.0, depth=-8.0, draggable=False, flipHoriz=False, flipVert=False, font='Sans Sherif', fontFiles=[], height=0.03, italic=False, languageStyle='LTR', name='opt_5', opacity=1, ori=0.0, pos=array([-0.05,  0.  ]), rgb=UNKNOWN, text='5', units='height', win=Window(...), wrapWidth=1)
26.7078 	EXP 	Created tooSlowtext_2 = TextStim(__class__=<class 'psychopy.visual.text.TextStim'>, alignHoriz=method-wrapper(...), alignText='center', alignVert=method-wrapper(...), anchorHoriz='center', anchorVert='center', antialias=True, autoDraw=False, autoLog=True, bold=False, color=array([1., 1., 1.]), colorSpace='rgb', contrast=1.0, depth=-1.0, draggable=False, flipHoriz=False, flipVert=False, font='Sans Sherif', fontFiles=[], height=0.025, italic=False, languageStyle='LTR', name='tooSlowtext_2', opacity=1, ori=0.0, pos=array([0., 0.]), rgb=UNKNOWN, text='', units='height', win=Window(...), wrapWidth=1)
26.7090 	EXP 	Created break_instruction = TextStim(__class__=<class 'psychopy.visual.text.TextStim'>, alignHoriz=method-wrapper(...), alignText='center', alignVert=method-wrapper(...), anchorHoriz='center', anchorVert='center', antialias=True, autoDraw=False, autoLog=True, bold=False, color=array([1., 1., 1.]), colorSpace='rgb', contrast=1.0, depth=-2.0, draggable=False, flipHoriz=False, flipVert=False, font='Sans Sherif', fontFiles=[], height=0.025, italic=False, languageStyle='LTR', name='break_instruction', opacity=1, ori=0.0, pos=array([0., 0.]), rgb=UNKNOWN, text='', units='height', win=Window(...), wrapWidth=1)
26.7191 	EXP 	Created instruction_text_newroute = TextStim(__class__=<class 'psychopy.visual.text.TextStim'>, alignHoriz=method-wrapper(...), alignText='center', alignVert=method-wrapper(...), anchorHoriz='center', anchorVert='center', antialias=True, autoDraw=False, autoLog=True, bold=False, color=array([1., 1., 1.]), colorSpace='rgb', contrast=1.0, depth=-1.0, draggable=False, flipHoriz=False, flipVert=False, font='Sans Sherif', fontFiles=[], height=0.025, italic=False, languageStyle='LTR', name='instruction_text_newroute', opacity=1, ori=0.0, pos=array([0., 0.]), rgb=UNKNOWN, text='', units='height', win=Window(...), wrapWidth=1)
26.7206 	EXP 	Created instructions_end_text = TextStim(__class__=<class 'psychopy.visual.text.TextStim'>, alignHoriz=method-wrapper(...), alignText='center', alignVert=method-wrapper(...), anchorHoriz='center', anchorVert='center', antialias=True, autoDraw=False, autoLog=True, bold=False, color=array([1., 1., 1.]), colorSpace='rgb', contrast=1.0, depth=-1.0, draggable=False, flipHoriz=False, flipVert=False, font='Sans Sherif', fontFiles=[], height=0.025, italic=False, languageStyle='LTR', name='instructions_end_text', opacity=1, ori=0.0, pos=array([0., 0.]), rgb=UNKNOWN, text='', units='height', win=Window(...), wrapWidth=1)
0.0085 	EXP 	break_instruction: height = 0.025
0.0085 	EXP 	break_instruction: height = 0.025
0.0085 	EXP 	break_instruction: height = 0.025
0.0085 	EXP 	break_instruction: text = 'Kurze Pause. Es geht gleich weiter.'
0.0412 	EXP 	instruction_part1: height = 0.025
0.0412 	EXP 	instruction_part1: height = 0.025
0.0412 	EXP 	instruction_part1: height = 0.025
0.0412 	EXP 	instruction_part1: text = 'Willkommen zu der Aufgabe.\n\nIn diesem Experiment lernen Sie verschiedene Bildsequenzen.\n\nDie Lernphasen wechseln sich mit Abrufphasen ab.\nIn den Abrufphasen beantworten Sie Fragen zu den zuvor\ngelernten Sequenzen.\n\nDrücken Sie eine beliebige Taste, um fortzufahren.'
0.0412 	EXP 	instruction_part1: autoDraw = True
0.9440 	DATA 	Mouse: Left button down, pos=(442,246)
1.0945 	DATA 	Mouse:  Left button up, pos=(442,246)
3.0243 	INFO 	Keyboard events cleared
3.0658 	EXP 	Device response: <KeyPress from None: t=3.0439995999913663, value=r, duration=None>
3.0813 	DATA 	Keypress: r
3.0901 	EXP 	instruction_part1: autoDraw = False
3.0901 	EXP 	instruction_part2: height = 0.025
3.0901 	EXP 	instruction_part2: height = 0.025
3.0901 	EXP 	instruction_part2: height = 0.025
3.0901 	EXP 	instruction_part2: text = 'Um sich die Reihenfolge besser zu merken, verbinden Sie die\nBilder gedanklich zu einer Geschichte.\n\nZum Beispiel: Der Hund spielt Gitarre, danach geht die Lampe an.\n\nZunächst üben Sie die Lernphasen.\n\nDrücken Sie eine beliebige Taste, um zu erfahren, wie diese ablaufen.'
3.0901 	EXP 	instruction_part2: autoDraw = True
3.1761 	EXP 	Device response: <KeyPress from None: t=3.0439995999913663, value=r, duration=0.12386599997989833>
3.3929 	EXP 	Device response: <KeyPress from None: t=3.3839219000656158, value=r, duration=None>
3.3934 	DATA 	Keypress: r
3.5432 	EXP 	Device response: <KeyPress from None: t=3.3839219000656158, value=r, duration=0.151483399909921>
3.7430 	EXP 	Device response: <KeyPress from None: t=3.728867999976501, value=r, duration=None>
3.7435 	DATA 	Keypress: r
3.8926 	EXP 	Device response: <KeyPress from None: t=3.728867999976501, value=r, duration=0.150010000099428>
4.1764 	EXP 	Device response: <KeyPress from None: t=4.176011100062169, value=r, duration=None>
4.1768 	DATA 	Keypress: r
4.3592 	EXP 	Device response: <KeyPress from None: t=4.176011100062169, value=r, duration=0.16816569992806762>
5.5089 	EXP 	Device response: <KeyPress from None: t=5.506582300062291, value=r, duration=None>
5.5094 	DATA 	Keypress: r
5.6586 	EXP 	Device response: <KeyPress from None: t=5.506582300062291, value=r, duration=0.14616829995065928>
5.9752 	EXP 	Device response: <KeyPress from None: t=5.96868779999204, value=r, duration=None>
5.9756 	DATA 	Keypress: r
6.0583 	EXP 	Device response: <KeyPress from None: t=5.96868779999204, value=r, duration=0.08564030006527901>
6.0733 	INFO 	Keyboard events cleared
6.2258 	EXP 	Device response: <KeyPress from None: t=6.223640599986538, value=r, duration=None>
6.2342 	DATA 	Keypress: r
6.2398 	EXP 	instruction_part2: autoDraw = False
6.2398 	EXP 	instruction_part3: height = 0.025
6.2398 	EXP 	instruction_part3: height = 0.025
6.2398 	EXP 	instruction_part3: height = 0.025
6.2398 	EXP 	instruction_part3: text = 'In jedem Lerndurchgang sehen Sie unten das aktuelle Bild\nder Sequenz. Oben werden drei Bilder angezeigt.\n\nWählen Sie das Bild aus, das als Nächstes in der Sequenz folgt.\n\nDrücken Sie eine beliebige Taste, um fortzufahren.'
6.2398 	EXP 	instruction_part3: autoDraw = True
6.3087 	EXP 	Device response: <KeyPress from None: t=6.223640599986538, value=r, duration=0.07348230003844947>
6.4258 	EXP 	Device response: <KeyPress from None: t=6.413960700039752, value=r, duration=None>
6.4262 	DATA 	Keypress: r
6.5087 	EXP 	Device response: <KeyPress from None: t=6.413960700039752, value=r, duration=0.08951910003088415>
6.8918 	EXP 	Device response: <KeyPress from None: t=6.8837387000676244, value=r, duration=None>
6.8922 	DATA 	Keypress: r
6.9749 	EXP 	Device response: <KeyPress from None: t=6.8837387000676244, value=r, duration=0.07498489995487034>
7.1086 	EXP 	Device response: <KeyPress from None: t=7.094822900020517, value=r, duration=None>
7.1090 	DATA 	Keypress: r
7.1752 	EXP 	Device response: <KeyPress from None: t=7.094822900020517, value=r, duration=0.07345150003675371>
7.2917 	EXP 	Device response: <KeyPress from None: t=7.2759819000493735, value=r, duration=None>
7.2921 	DATA 	Keypress: r
7.3751 	EXP 	Device response: <KeyPress from None: t=7.2759819000493735, value=r, duration=0.08997610001824796>
7.5083 	EXP 	Device response: <KeyPress from None: t=7.497927900054492, value=r, duration=None>
7.5089 	DATA 	Keypress: r
7.5918 	EXP 	Device response: <KeyPress from None: t=7.497927900054492, value=r, duration=0.08718829997815192>
7.7086 	EXP 	Device response: <KeyPress from None: t=7.701263000024483, value=r, duration=None>
7.7090 	DATA 	Keypress: r
7.8251 	EXP 	Device response: <KeyPress from None: t=7.701263000024483, value=r, duration=0.11968999996315688>
8.3917 	EXP 	Device response: <KeyPress from None: t=8.38389180006925, value=r, duration=None>
8.3922 	DATA 	Keypress: r
8.5084 	EXP 	Device response: <KeyPress from None: t=8.38389180006925, value=r, duration=0.12191439990419894>
8.7747 	EXP 	Device response: <KeyPress from None: t=8.763533900026232, value=r, duration=None>
8.7751 	DATA 	Keypress: r
8.8420 	EXP 	Device response: <KeyPress from None: t=8.763533900026232, value=r, duration=0.06345340004190803>
9.0754 	EXP 	Device response: <KeyPress from None: t=9.068745600059628, value=r, duration=None>
9.0760 	DATA 	Keypress: r
9.1584 	EXP 	Device response: <KeyPress from None: t=9.068745600059628, value=r, duration=0.07374459994025528>
9.2386 	INFO 	Keyboard events cleared
9.2908 	EXP 	Device response: <KeyPress from None: t=9.290231300052255, value=r, duration=None>
9.3010 	DATA 	Keypress: r
9.3054 	EXP 	instruction_part3: autoDraw = False
9.3054 	EXP 	instruction_part4: height = 0.025
9.3054 	EXP 	instruction_part4: height = 0.025
9.3054 	EXP 	instruction_part4: height = 0.025
9.3054 	EXP 	instruction_part4: text = 'Verwenden Sie die linke grüne, die rechte blaue\nund die obere rote Taste, um das linke, rechte oder mittlere\nBild auszuwählen.\n\nDie Position der Bilder auf dem Bildschirm\nhat keine Bedeutung für die Reihenfolge der Sequenz.\nJedes Bild kann an jeder Position erscheinen.\n\nDrücken Sie eine beliebige Taste, um fortzufahren.'
9.3054 	EXP 	instruction_part4: autoDraw = True
9.3745 	EXP 	Device response: <KeyPress from None: t=9.290231300052255, value=r, duration=0.06745480000972748>
9.5574 	EXP 	Device response: <KeyPress from None: t=9.541957800043747, value=r, duration=None>
9.5578 	DATA 	Keypress: r
9.6242 	EXP 	Device response: <KeyPress from None: t=9.541957800043747, value=r, duration=0.08159560000058264>
9.7739 	EXP 	Device response: <KeyPress from None: t=9.768931400030851, value=r, duration=None>
9.7743 	DATA 	Keypress: r
9.8578 	EXP 	Device response: <KeyPress from None: t=9.768931400030851, value=r, duration=0.08123549993615597>
12.1734 	EXP 	Device response: <KeyPress from None: t=12.172657300019637, value=r, duration=None>
12.1738 	DATA 	Keypress: r
12.3048 	INFO 	Keyboard events cleared
12.4404 	EXP 	Device response: <KeyPress from None: t=12.172657300019637, value=r, duration=0.2527711000293493>
13.0902 	EXP 	Device response: <KeyPress from None: t=13.081118699978106, value=r, duration=None>
13.0967 	DATA 	Keypress: r
13.1044 	EXP 	instruction_part4: autoDraw = False
13.1044 	EXP 	instruction_part5: height = 0.025
13.1044 	EXP 	instruction_part5: height = 0.025
13.1044 	EXP 	instruction_part5: height = 0.025
13.1044 	EXP 	instruction_part5: text = 'Nach Ihrer Auswahl erhalten Sie Feedback:\nDas richtige nächste Bild bewegt sich nach unten\nund wird zum aktuellen Bild für den nächsten Lerndurchgang.\n\nDrücken Sie eine beliebige Taste, um fortzufahren.'
13.1044 	EXP 	instruction_part5: autoDraw = True
13.2233 	EXP 	Device response: <KeyPress from None: t=13.081118699978106, value=r, duration=0.13185150001663715>
13.3726 	EXP 	Device response: <KeyPress from None: t=13.370312300045043, value=r, duration=None>
13.3730 	DATA 	Keypress: r
13.5062 	EXP 	Device response: <KeyPress from None: t=13.370312300045043, value=r, duration=0.12774339993484318>
13.6237 	EXP 	Device response: <KeyPress from None: t=13.62294050003402, value=r, duration=None>
13.6241 	DATA 	Keypress: r
13.7239 	EXP 	Device response: <KeyPress from None: t=13.62294050003402, value=r, duration=0.0937115999404341>
13.8232 	EXP 	Device response: <KeyPress from None: t=13.80721130000893, value=r, duration=None>
13.8236 	DATA 	Keypress: r
13.9233 	EXP 	Device response: <KeyPress from None: t=13.80721130000893, value=r, duration=0.09972499997820705>
14.0898 	EXP 	Device response: <KeyPress from None: t=14.079149299999699, value=r, duration=None>
14.0902 	DATA 	Keypress: r
14.2232 	EXP 	Device response: <KeyPress from None: t=14.079149299999699, value=r, duration=0.13598760007880628>
14.3726 	EXP 	Device response: <KeyPress from None: t=14.35923439997714, value=r, duration=None>
14.3730 	DATA 	Keypress: r
14.5062 	EXP 	Device response: <KeyPress from None: t=14.35923439997714, value=r, duration=0.13181250006891787>
14.5894 	EXP 	Device response: <KeyPress from None: t=14.581742700072937, value=r, duration=None>
14.5898 	DATA 	Keypress: r
14.7229 	EXP 	Device response: <KeyPress from None: t=14.581742700072937, value=r, duration=0.13998149998951703>
14.8231 	EXP 	Device response: <KeyPress from None: t=14.810378200025298, value=r, duration=None>
14.8235 	DATA 	Keypress: r
14.9397 	EXP 	Device response: <KeyPress from None: t=14.810378200025298, value=r, duration=0.12182570004370064>
15.0234 	EXP 	Device response: <KeyPress from None: t=15.021870100055821, value=r, duration=None>
15.0240 	DATA 	Keypress: r
15.1899 	EXP 	Device response: <KeyPress from None: t=15.021870100055821, value=r, duration=0.16462409996893257>
15.3227 	EXP 	Device response: <KeyPress from None: t=15.30990059999749, value=r, duration=None>
15.3231 	DATA 	Keypress: r
15.4894 	EXP 	Device response: <KeyPress from None: t=15.30990059999749, value=r, duration=0.16620680002961308>
15.7224 	EXP 	Device response: <KeyPress from None: t=15.712773100007325, value=r, duration=None>
15.7229 	DATA 	Keypress: r
15.8557 	EXP 	Device response: <KeyPress from None: t=15.712773100007325, value=r, duration=0.12978259997908026>
16.0570 	EXP 	Device response: <KeyPress from None: t=16.052466699969955, value=r, duration=None>
16.0575 	DATA 	Keypress: r
16.1039 	INFO 	Keyboard events cleared
16.2228 	EXP 	Device response: <KeyPress from None: t=16.052466699969955, value=r, duration=0.17000600008759648>
16.4234 	EXP 	Device response: <KeyPress from None: t=16.410770300077274, value=r, duration=None>
16.4351 	DATA 	Keypress: r
16.4530 	EXP 	instruction_part5: autoDraw = False
16.4530 	EXP 	instruction_part6: height = 0.025
16.4530 	EXP 	instruction_part6: height = 0.025
16.4530 	EXP 	instruction_part6: height = 0.025
16.4530 	EXP 	instruction_part6: text = 'Wichtig: Auch bei einer falschen Antwort bewegt\nsich immer das richtige nächste Bild nach unten.\n\nSo lernen Sie die Sequenz schrittweise durch Versuch\nund Irrtum. Antworten Sie bitte so schnell und genau wie möglich.\n\nDrücken Sie eine beliebige Taste, um fortzufahren'
16.4530 	EXP 	instruction_part6: autoDraw = True
16.5731 	EXP 	Device response: <KeyPress from None: t=16.410770300077274, value=r, duration=0.15009349992033094>
16.9057 	EXP 	Device response: <KeyPress from None: t=16.89306909998413, value=r, duration=None>
16.9062 	DATA 	Keypress: r
16.9888 	EXP 	Device response: <KeyPress from None: t=16.89306909998413, value=r, duration=0.0918888000305742>
17.1557 	EXP 	Device response: <KeyPress from None: t=17.14387180004269, value=r, duration=None>
17.1563 	DATA 	Keypress: r
17.2722 	EXP 	Device response: <KeyPress from None: t=17.14387180004269, value=r, duration=0.11384529992938042>
17.6720 	EXP 	Device response: <KeyPress from None: t=17.660585800069384, value=r, duration=None>
17.6724 	DATA 	Keypress: r
17.8384 	EXP 	Device response: <KeyPress from None: t=17.660585800069384, value=r, duration=0.166048499988392>
18.0546 	EXP 	Device response: <KeyPress from None: t=18.04930549999699, value=r, duration=None>
18.0550 	DATA 	Keypress: r
18.2553 	EXP 	Device response: <KeyPress from None: t=18.04930549999699, value=r, duration=0.19473390001803637>
18.4886 	EXP 	Device response: <KeyPress from None: t=18.480371300014667, value=r, duration=None>
18.4891 	DATA 	Keypress: r
18.6878 	EXP 	Device response: <KeyPress from None: t=18.480371300014667, value=r, duration=0.20501679996959865>
19.2381 	EXP 	Device response: <KeyPress from None: t=19.229668900021352, value=r, duration=None>
19.2385 	DATA 	Keypress: r
19.4359 	INFO 	Keyboard events cleared
19.4713 	EXP 	Device response: <KeyPress from None: t=19.229668900021352, value=r, duration=0.2326376000419259>
19.6216 	DATA 	Keypress: r
19.6380 	EXP 	Device response: <KeyPress from None: t=19.621418899972923, value=r, duration=None>
19.6524 	EXP 	instruction_part6: autoDraw = False
19.6524 	EXP 	instructions_part16: height = 0.025
19.6524 	EXP 	instructions_part16: height = 0.025
19.6524 	EXP 	instructions_part16: height = 0.025
19.6524 	EXP 	instructions_part16: text = 'Nach jedem Lerndurchlauf erscheint für kurze Zeit\nein Fixationskreuz.\n\nDiese Wartezeit ist keine Pause.\nBitte bleiben Sie weiterhin ruhig sitzen und schauen\nSie auf das Fixationskreuz.\n\nDrücken Sie eine beliebige Taste, um das Lernen zu üben.'
19.6524 	EXP 	instructions_part16: autoDraw = True
19.7558 	EXP 	Device response: <KeyPress from None: t=19.621418899972923, value=r, duration=0.132056700065732>
20.1217 	EXP 	Device response: <KeyPress from None: t=20.1130955000408, value=r, duration=None>
20.1222 	DATA 	Keypress: r
20.2214 	EXP 	Device response: <KeyPress from None: t=20.1130955000408, value=r, duration=0.10382590000517666>
20.3540 	EXP 	Device response: <KeyPress from None: t=20.34861039998941, value=r, duration=None>
20.3543 	DATA 	Keypress: r
20.5044 	EXP 	Device response: <KeyPress from None: t=20.34861039998941, value=r, duration=0.14804650004953146>
20.6044 	EXP 	Device response: <KeyPress from None: t=20.596438999986276, value=r, duration=None>
20.6048 	DATA 	Keypress: r
20.6522 	INFO 	Keyboard events cleared
20.7212 	EXP 	Device response: <KeyPress from None: t=20.596438999986276, value=r, duration=0.11373290000483394>
20.8540 	EXP 	Device response: <KeyPress from None: t=20.851292100036517, value=r, duration=None>
20.8597 	DEBUG 	Read excel file with openpyxl: sequences/main_trials_prc.xlsx
20.8605 	EXP 	Imported sequences/main_trials_prc.xlsx as conditions, 6 conditions, 8 params
20.8608 	EXP 	New trial (rep=0, index=0): <Trial 0 (0 in rep 0) data={'promptFile': 'stimuli/practice_images/anchor.jpg', 'correctFile': 'stimuli/practice_images/cow.jpg', 'dist_01File': 'stimuli/practice_images/bread.jpg', 'dist_02File': 'stimuli/practice_images/plane.jpg', 'correct_pos': 'right', 'dist01_pos': 'left', 'dist02_pos': 'center', 'correct_ans': 'right', 'thisN': 0, 'thisTrialN': 0, 'thisRepN': 0}>
20.8609 	INFO 	Keyboard events cleared
20.9724 	INFO 	Keyboard events cleared
20.9753 	DATA 	Keypress: r
21.0069 	EXP 	instructions_part16: autoDraw = False
21.0069 	EXP 	prompt_prc: image = 'stimuli/practice_images/anchor.jpg'
21.0069 	EXP 	dist_01_prc: image = 'stimuli/practice_images/bread.jpg'
21.0069 	EXP 	dist_02_prc: image = 'stimuli/practice_images/plane.jpg'
21.0069 	EXP 	correct_prc: image = 'stimuli/practice_images/cow.jpg'
21.0069 	EXP 	instructions_choose_2: height = 0.025
21.0069 	EXP 	instructions_choose_2: height = 0.025
21.0069 	EXP 	instructions_choose_2: height = 0.025
21.0069 	EXP 	instructions_choose_2: text = 'Wählen Sie das nächste Bild in der Sequenz.'
21.0069 	EXP 	polygon: autoDraw = True
21.0069 	EXP 	polygon: borderColor = <psychopy.colors.Color: none, alpha=0.0>
21.0069 	EXP 	prompt_prc: autoDraw = True
21.0069 	EXP 	dist_01_prc: autoDraw = True
21.0069 	EXP 	dist_02_prc: autoDraw = True
21.0069 	EXP 	correct_prc: autoDraw = True
21.0069 	EXP 	instructions_choose_2: autoDraw = True
21.0190 	EXP 	polygon: borderColor = <psychopy.colors.Color: none, alpha=0.0>
21.0356 	EXP 	polygon: borderColor = <psychopy.colors.Color: none, alpha=0.0>
21.0522 	EXP 	polygon: borderColor = <psychopy.colors.Color: none, alpha=0.0>
21.0689 	EXP 	polygon: borderColor = <psychopy.colors.Color: none, alpha=0.0>
21.0857 	EXP 	polygon: borderColor = <psychopy.colors.Color: none, alpha=0.0>
21.1022 	EXP 	polygon: borderColor = <psychopy.colors.Color: none, alpha=0.0>
21.1188 	EXP 	polygon: borderColor = <psychopy.colors.Color: none, alpha=0.0>
21.1354 	EXP 	polygon: borderColor = <psychopy.colors.Color: none, alpha=0.0>
21.1521 	EXP 	polygon: borderColor = <psychopy.colors.Color: none, alpha=0.0>
21.1689 	EXP 	polygon: borderColor = <psychopy.colors.Color: none, alpha=0.0>
21.1855 	EXP 	polygon: borderColor = <psychopy.colors.Color: none, alpha=0.0>
21.2021 	EXP 	polygon: borderColor = <psychopy.colors.Color: none, alpha=0.0>
21.2189 	EXP 	polygon: borderColor = <psychopy.colors.Color: none, alpha=0.0>
21.2354 	EXP 	polygon: borderColor = <psychopy.colors.Color: none, alpha=0.0>
21.2522 	EXP 	polygon: borderColor = <psychopy.colors.Color: none, alpha=0.0>
21.2691 	EXP 	polygon: borderColor = <psychopy.colors.Color: none, alpha=0.0>
21.2855 	EXP 	polygon: borderColor = <psychopy.colors.Color: none, alpha=0.0>
21.3022 	EXP 	polygon: borderColor = <psychopy.colors.Color: none, alpha=0.0>
21.3190 	EXP 	polygon: borderColor = <psychopy.colors.Color: none, alpha=0.0>
21.3362 	EXP 	polygon: borderColor = <psychopy.colors.Color: none, alpha=0.0>
21.3522 	EXP 	polygon: borderColor = <psychopy.colors.Color: none, alpha=0.0>
21.3687 	EXP 	polygon: borderColor = <psychopy.colors.Color: none, alpha=0.0>
21.3854 	EXP 	polygon: borderColor = <psychopy.colors.Color: none, alpha=0.0>
21.4022 	EXP 	polygon: borderColor = <psychopy.colors.Color: none, alpha=0.0>
21.4186 	EXP 	polygon: borderColor = <psychopy.colors.Color: none, alpha=0.0>
21.4353 	EXP 	polygon: borderColor = <psychopy.colors.Color: none, alpha=0.0>
21.4519 	EXP 	polygon: borderColor = <psychopy.colors.Color: none, alpha=0.0>
21.4686 	EXP 	polygon: borderColor = <psychopy.colors.Color: none, alpha=0.0>
21.4854 	EXP 	polygon: borderColor = <psychopy.colors.Color: none, alpha=0.0>
21.5019 	EXP 	polygon: borderColor = <psychopy.colors.Color: none, alpha=0.0>
21.5190 	EXP 	polygon: borderColor = <psychopy.colors.Color: none, alpha=0.0>
21.5357 	EXP 	polygon: borderColor = <psychopy.colors.Color: none, alpha=0.0>
21.5520 	EXP 	polygon: borderColor = <psychopy.colors.Color: none, alpha=0.0>
21.5686 	EXP 	polygon: borderColor = <psychopy.colors.Color: none, alpha=0.0>
21.5851 	EXP 	polygon: borderColor = <psychopy.colors.Color: none, alpha=0.0>
21.6018 	EXP 	polygon: borderColor = <psychopy.colors.Color: none, alpha=0.0>
21.6187 	EXP 	polygon: borderColor = <psychopy.colors.Color: none, alpha=0.0>
21.6352 	EXP 	polygon: borderColor = <psychopy.colors.Color: none, alpha=0.0>
21.6519 	EXP 	polygon: borderColor = <psychopy.colors.Color: none, alpha=0.0>
21.6686 	EXP 	polygon: borderColor = <psychopy.colors.Color: none, alpha=0.0>
21.6851 	EXP 	polygon: borderColor = <psychopy.colors.Color: none, alpha=0.0>
21.7020 	EXP 	polygon: borderColor = <psychopy.colors.Color: none, alpha=0.0>
21.7185 	EXP 	polygon: borderColor = <psychopy.colors.Color: none, alpha=0.0>
21.7354 	EXP 	polygon: borderColor = <psychopy.colors.Color: none, alpha=0.0>
21.7519 	EXP 	polygon: borderColor = <psychopy.colors.Color: none, alpha=0.0>
21.7683 	EXP 	polygon: borderColor = <psychopy.colors.Color: none, alpha=0.0>
21.7710 	EXP 	Device response: <KeyPress from None: t=21.7646804000251, value=r, duration=None>
21.7725 	DATA 	Keypress: r
21.7852 	EXP 	polygon: borderColor = <psychopy.colors.Color: none, alpha=0.0>
21.7852 	EXP 	polygon: fillColor = <psychopy.colors.Color: red, alpha=1.0>
21.7852 	EXP 	polygon: borderColor = <psychopy.colors.Color: red, alpha=1.0>
21.8021 	EXP 	polygon: borderColor = <psychopy.colors.Color: (0.0, 0.0, 0.0, 1.0)>
21.8184 	EXP 	polygon: borderColor = <psychopy.colors.Color: (0.0, 0.0, 0.0, 1.0)>
21.8351 	EXP 	polygon: borderColor = <psychopy.colors.Color: (0.0, 0.0, 0.0, 1.0)>
21.8520 	EXP 	polygon: borderColor = <psychopy.colors.Color: (0.0, 0.0, 0.0, 1.0)>
21.8684 	EXP 	polygon: borderColor = <psychopy.colors.Color: (0.0, 0.0, 0.0, 1.0)>
21.8852 	EXP 	polygon: borderColor = <psychopy.colors.Color: (0.0, 0.0, 0.0, 1.0)>
22.0067 	EXP 	Device response: <KeyPress from None: t=20.851292100036517, value=r, duration=1.1017440999858081>
22.0374 	EXP 	polygon: borderColor = <psychopy.colors.Color: (0.0, 0.0, 0.0, 1.0)>
22.0374 	EXP 	polygon: autoDraw = False
22.0374 	EXP 	prompt_prc: autoDraw = False
22.0374 	EXP 	dist_01_prc: autoDraw = False
22.0374 	EXP 	dist_02_prc: autoDraw = False
22.0374 	EXP 	correct_prc: autoDraw = False
22.0374 	EXP 	instructions_choose_2: autoDraw = False
22.0374 	EXP 	polygon_7: fillColor = <psychopy.colors.Color: red, alpha=1.0>
22.0374 	EXP 	polygon_7: borderColor = <psychopy.colors.Color: red, alpha=1.0>
22.0374 	EXP 	prompt_prc_2: image = 'stimuli/practice_images/anchor.jpg'
22.0374 	EXP 	dist_01_prc_2: image = 'stimuli/practice_images/bread.jpg'
22.0374 	EXP 	dist_02_prc_2: image = 'stimuli/practice_images/plane.jpg'
22.0374 	EXP 	correct_prc_2: image = 'stimuli/practice_images/cow.jpg'
22.0374 	EXP 	polygon_7: autoDraw = True
22.0374 	EXP 	prompt_prc_2: autoDraw = True
22.0374 	EXP 	dist_01_prc_2: autoDraw = True
22.0374 	EXP 	dist_02_prc_2: autoDraw = True
22.0374 	EXP 	correct_prc_2: autoDraw = True
23.0214 	EXP 	New trial (rep=0, index=1): <Trial 1 (1 in rep 0) data={'promptFile': 'stimuli/practice_images/cow.jpg', 'correctFile': 'stimuli/practice_images/ant.jpg', 'dist_01File': 'stimuli/practice_images/banana.jpg', 'dist_02File': 'stimuli/practice_images/glasses.jpg', 'correct_pos': 'left', 'dist01_pos': 'right', 'dist02_pos': 'center', 'correct_ans': 'left', 'thisN': 1, 'thisTrialN': 1, 'thisRepN': 0}>
23.0215 	INFO 	Keyboard events cleared
23.1515 	INFO 	Keyboard events cleared
23.1782 	EXP 	polygon_7: autoDraw = False
23.1782 	EXP 	prompt_prc_2: autoDraw = False
23.1782 	EXP 	dist_01_prc_2: autoDraw = False
23.1782 	EXP 	dist_02_prc_2: autoDraw = False
23.1782 	EXP 	correct_prc_2: autoDraw = False
23.1782 	EXP 	prompt_prc: image = 'stimuli/practice_images/cow.jpg'
23.1782 	EXP 	dist_01_prc: image = 'stimuli/practice_images/banana.jpg'
23.1782 	EXP 	dist_02_prc: image = 'stimuli/practice_images/glasses.jpg'
23.1782 	EXP 	correct_prc: image = 'stimuli/practice_images/ant.jpg'
23.1782 	EXP 	instructions_choose_2: text = 'Wählen Sie das nächste Bild in der Sequenz.'
23.1782 	EXP 	polygon: autoDraw = True
23.1782 	EXP 	polygon: borderColor = <psychopy.colors.Color: none, alpha=0.0>
23.1782 	EXP 	prompt_prc: autoDraw = True
23.1782 	EXP 	dist_01_prc: autoDraw = True
23.1782 	EXP 	dist_02_prc: autoDraw = True
23.1782 	EXP 	correct_prc: autoDraw = True
23.1782 	EXP 	instructions_choose_2: autoDraw = True
23.2013 	EXP 	polygon: borderColor = <psychopy.colors.Color: none, alpha=0.0>
23.2187 	EXP 	polygon: borderColor = <psychopy.colors.Color: none, alpha=0.0>
23.2351 	EXP 	polygon: borderColor = <psychopy.colors.Color: none, alpha=0.0>
23.2518 	EXP 	polygon: borderColor = <psychopy.colors.Color: none, alpha=0.0>
23.2688 	EXP 	polygon: borderColor = <psychopy.colors.Color: none, alpha=0.0>
23.2849 	EXP 	polygon: borderColor = <psychopy.colors.Color: none, alpha=0.0>
23.3013 	EXP 	polygon: borderColor = <psychopy.colors.Color: none, alpha=0.0>
23.3180 	EXP 	polygon: borderColor = <psychopy.colors.Color: none, alpha=0.0>
23.3349 	EXP 	polygon: borderColor = <psychopy.colors.Color: none, alpha=0.0>
23.3513 	EXP 	polygon: borderColor = <psychopy.colors.Color: none, alpha=0.0>
23.3683 	EXP 	polygon: borderColor = <psychopy.colors.Color: none, alpha=0.0>
23.3848 	EXP 	polygon: borderColor = <psychopy.colors.Color: none, alpha=0.0>
23.4015 	EXP 	polygon: borderColor = <psychopy.colors.Color: none, alpha=0.0>
23.4039 	EXP 	Device response: <KeyPress from None: t=23.390133199980482, value=g, duration=None>
23.4056 	DATA 	Keypress: g
23.4181 	EXP 	polygon: borderColor = <psychopy.colors.Color: none, alpha=0.0>
23.4181 	EXP 	polygon: fillColor = <psychopy.colors.Color: (0.0, 1.0, 0.0, 1.0)>
23.4181 	EXP 	polygon: borderColor = <psychopy.colors.Color: (0.0, 1.0, 0.0, 1.0)>
23.4348 	EXP 	polygon: borderColor = <psychopy.colors.Color: (0.0, 0.0, 0.0, 1.0)>
23.4515 	EXP 	polygon: borderColor = <psychopy.colors.Color: (0.0, 0.0, 0.0, 1.0)>
23.4684 	EXP 	polygon: borderColor = <psychopy.colors.Color: (0.0, 0.0, 0.0, 1.0)>
23.4848 	EXP 	polygon: borderColor = <psychopy.colors.Color: (0.0, 0.0, 0.0, 1.0)>
23.5015 	EXP 	polygon: borderColor = <psychopy.colors.Color: (0.0, 0.0, 0.0, 1.0)>
23.5179 	EXP 	polygon: borderColor = <psychopy.colors.Color: (0.0, 0.0, 0.0, 1.0)>
23.5206 	EXP 	Device response: <KeyPress from None: t=23.390133199980482, value=g, duration=0.12797560007311404>
23.6621 	EXP 	polygon: borderColor = <psychopy.colors.Color: (0.0, 0.0, 0.0, 1.0)>
23.6621 	EXP 	polygon: autoDraw = False
23.6621 	EXP 	prompt_prc: autoDraw = False
23.6621 	EXP 	dist_01_prc: autoDraw = False
23.6621 	EXP 	dist_02_prc: autoDraw = False
23.6621 	EXP 	correct_prc: autoDraw = False
23.6621 	EXP 	instructions_choose_2: autoDraw = False
23.6621 	EXP 	polygon_7: fillColor = <psychopy.colors.Color: (0.0, 1.0, 0.0, 1.0)>
23.6621 	EXP 	polygon_7: borderColor = <psychopy.colors.Color: (0.0, 1.0, 0.0, 1.0)>
23.6621 	EXP 	prompt_prc_2: image = 'stimuli/practice_images/cow.jpg'
23.6621 	EXP 	dist_01_prc_2: image = 'stimuli/practice_images/banana.jpg'
23.6621 	EXP 	dist_02_prc_2: image = 'stimuli/practice_images/glasses.jpg'
23.6621 	EXP 	correct_prc_2: image = 'stimuli/practice_images/ant.jpg'
23.6621 	EXP 	polygon_7: autoDraw = True
23.6621 	EXP 	prompt_prc_2: autoDraw = True
23.6621 	EXP 	dist_01_prc_2: autoDraw = True
23.6621 	EXP 	dist_02_prc_2: autoDraw = True
23.6621 	EXP 	correct_prc_2: autoDraw = True
24.6540 	EXP 	New trial (rep=0, index=2): <Trial 2 (2 in rep 0) data={'promptFile': 'stimuli/practice_images/ant.jpg', 'correctFile': 'stimuli/practice_images/basket.jpg', 'dist_01File': 'stimuli/practice_images/axe.jpg', 'dist_02File': 'stimuli/practice_images/duck.jpg', 'correct_pos': 'center', 'dist01_pos': 'left', 'dist02_pos': 'right', 'correct_ans': 'up', 'thisN': 2, 'thisTrialN': 2, 'thisRepN': 0}>
24.6541 	INFO 	Keyboard events cleared
24.7745 	INFO 	Keyboard events cleared
24.7947 	EXP 	polygon_7: autoDraw = False
24.7947 	EXP 	prompt_prc_2: autoDraw = False
24.7947 	EXP 	dist_01_prc_2: autoDraw = False
24.7947 	EXP 	dist_02_prc_2: autoDraw = False
24.7947 	EXP 	correct_prc_2: autoDraw = False
24.7947 	EXP 	prompt_prc: image = 'stimuli/practice_images/ant.jpg'
24.7947 	EXP 	dist_01_prc: image = 'stimuli/practice_images/axe.jpg'
24.7947 	EXP 	dist_02_prc: image = 'stimuli/practice_images/duck.jpg'
24.7947 	EXP 	correct_prc: image = 'stimuli/practice_images/basket.jpg'
24.7947 	EXP 	instructions_choose_2: text = 'Wählen Sie das nächste Bild in der Sequenz.'
24.7947 	EXP 	polygon: autoDraw = True
24.7947 	EXP 	polygon: borderColor = <psychopy.colors.Color: none, alpha=0.0>
24.7947 	EXP 	prompt_prc: autoDraw = True
24.7947 	EXP 	dist_01_prc: autoDraw = True
24.7947 	EXP 	dist_02_prc: autoDraw = True
24.7947 	EXP 	correct_prc: autoDraw = True
24.7947 	EXP 	instructions_choose_2: autoDraw = True
24.8177 	EXP 	polygon: borderColor = <psychopy.colors.Color: none, alpha=0.0>
24.8345 	EXP 	polygon: borderColor = <psychopy.colors.Color: none, alpha=0.0>
24.8512 	EXP 	polygon: borderColor = <psychopy.colors.Color: none, alpha=0.0>
24.8680 	EXP 	polygon: borderColor = <psychopy.colors.Color: none, alpha=0.0>
24.8845 	EXP 	polygon: borderColor = <psychopy.colors.Color: none, alpha=0.0>
24.9011 	EXP 	polygon: borderColor = <psychopy.colors.Color: none, alpha=0.0>
24.9178 	EXP 	polygon: borderColor = <psychopy.colors.Color: none, alpha=0.0>
24.9208 	EXP 	Device response: <KeyPress from None: t=24.907946999999695, value=b, duration=None>
24.9228 	DATA 	Keypress: b
24.9344 	EXP 	polygon: borderColor = <psychopy.colors.Color: none, alpha=0.0>
24.9344 	EXP 	polygon: fillColor = <psychopy.colors.Color: red, alpha=1.0>
24.9344 	EXP 	polygon: borderColor = <psychopy.colors.Color: red, alpha=1.0>
24.9514 	EXP 	polygon: borderColor = <psychopy.colors.Color: (0.0, 0.0, 0.0, 1.0)>
24.9679 	EXP 	polygon: borderColor = <psychopy.colors.Color: (0.0, 0.0, 0.0, 1.0)>
24.9846 	EXP 	polygon: borderColor = <psychopy.colors.Color: (0.0, 0.0, 0.0, 1.0)>
25.0010 	EXP 	polygon: borderColor = <psychopy.colors.Color: (0.0, 0.0, 0.0, 1.0)>
25.0177 	EXP 	polygon: borderColor = <psychopy.colors.Color: (0.0, 0.0, 0.0, 1.0)>
25.0345 	EXP 	polygon: borderColor = <psychopy.colors.Color: (0.0, 0.0, 0.0, 1.0)>
25.1671 	EXP 	Device response: <KeyPress from None: t=24.907946999999695, value=b, duration=0.19051039998885244>
25.1947 	EXP 	polygon: borderColor = <psychopy.colors.Color: (0.0, 0.0, 0.0, 1.0)>
25.1947 	EXP 	polygon: autoDraw = False
25.1947 	EXP 	prompt_prc: autoDraw = False
25.1947 	EXP 	dist_01_prc: autoDraw = False
25.1947 	EXP 	dist_02_prc: autoDraw = False
25.1947 	EXP 	correct_prc: autoDraw = False
25.1947 	EXP 	instructions_choose_2: autoDraw = False
25.1947 	EXP 	polygon_7: fillColor = <psychopy.colors.Color: red, alpha=1.0>
25.1947 	EXP 	polygon_7: borderColor = <psychopy.colors.Color: red, alpha=1.0>
25.1947 	EXP 	prompt_prc_2: image = 'stimuli/practice_images/ant.jpg'
25.1947 	EXP 	dist_01_prc_2: image = 'stimuli/practice_images/axe.jpg'
25.1947 	EXP 	dist_02_prc_2: image = 'stimuli/practice_images/duck.jpg'
25.1947 	EXP 	correct_prc_2: image = 'stimuli/practice_images/basket.jpg'
25.1947 	EXP 	polygon_7: autoDraw = True
25.1947 	EXP 	prompt_prc_2: autoDraw = True
25.1947 	EXP 	dist_01_prc_2: autoDraw = True
25.1947 	EXP 	dist_02_prc_2: autoDraw = True
25.1947 	EXP 	correct_prc_2: autoDraw = True
26.1866 	EXP 	New trial (rep=0, index=3): <Trial 3 (3 in rep 0) data={'promptFile': 'stimuli/practice_images/basket.jpg', 'correctFile': 'stimuli/practice_images/bed.jpg', 'dist_01File': 'stimuli/practice_images/belt.jpg', 'dist_02File': 'stimuli/practice_images/bread.jpg', 'correct_pos': 'center', 'dist01_pos': 'right', 'dist02_pos': 'left', 'correct_ans': 'up', 'thisN': 3, 'thisTrialN': 3, 'thisRepN': 0}>
26.1866 	INFO 	Keyboard events cleared
26.3047 	INFO 	Keyboard events cleared
26.3276 	EXP 	polygon_7: autoDraw = False
26.3276 	EXP 	prompt_prc_2: autoDraw = False
26.3276 	EXP 	dist_01_prc_2: autoDraw = False
26.3276 	EXP 	dist_02_prc_2: autoDraw = False
26.3276 	EXP 	correct_prc_2: autoDraw = False
26.3276 	EXP 	prompt_prc: image = 'stimuli/practice_images/basket.jpg'
26.3276 	EXP 	dist_01_prc: image = 'stimuli/practice_images/belt.jpg'
26.3276 	EXP 	dist_02_prc: image = 'stimuli/practice_images/bread.jpg'
26.3276 	EXP 	correct_prc: image = 'stimuli/practice_images/bed.jpg'
26.3276 	EXP 	instructions_choose_2: text = 'Wählen Sie das nächste Bild in der Sequenz.'
26.3276 	EXP 	polygon: autoDraw = True
26.3276 	EXP 	polygon: borderColor = <psychopy.colors.Color: none, alpha=0.0>
26.3276 	EXP 	prompt_prc: autoDraw = True
26.3276 	EXP 	dist_01_prc: autoDraw = True
26.3276 	EXP 	dist_02_prc: autoDraw = True
26.3276 	EXP 	correct_prc: autoDraw = True
26.3276 	EXP 	instructions_choose_2: autoDraw = True
26.3502 	EXP 	polygon: borderColor = <psychopy.colors.Color: none, alpha=0.0>
26.3673 	EXP 	polygon: borderColor = <psychopy.colors.Color: none, alpha=0.0>
26.3842 	EXP 	polygon: borderColor = <psychopy.colors.Color: none, alpha=0.0>
26.4010 	EXP 	polygon: borderColor = <psychopy.colors.Color: none, alpha=0.0>
26.4178 	EXP 	polygon: borderColor = <psychopy.colors.Color: none, alpha=0.0>
26.4341 	EXP 	polygon: borderColor = <psychopy.colors.Color: none, alpha=0.0>
26.4507 	EXP 	polygon: borderColor = <psychopy.colors.Color: none, alpha=0.0>
26.4674 	EXP 	polygon: borderColor = <psychopy.colors.Color: none, alpha=0.0>
26.4843 	EXP 	polygon: borderColor = <psychopy.colors.Color: none, alpha=0.0>
26.5006 	EXP 	polygon: borderColor = <psychopy.colors.Color: none, alpha=0.0>
26.5172 	EXP 	polygon: borderColor = <psychopy.colors.Color: none, alpha=0.0>
26.5344 	EXP 	polygon: borderColor = <psychopy.colors.Color: none, alpha=0.0>
26.5504 	EXP 	polygon: borderColor = <psychopy.colors.Color: none, alpha=0.0>
26.5672 	EXP 	polygon: borderColor = <psychopy.colors.Color: none, alpha=0.0>
26.5837 	EXP 	polygon: borderColor = <psychopy.colors.Color: none, alpha=0.0>
26.6006 	EXP 	polygon: borderColor = <psychopy.colors.Color: none, alpha=0.0>
26.6174 	EXP 	polygon: borderColor = <psychopy.colors.Color: none, alpha=0.0>
26.6339 	EXP 	polygon: borderColor = <psychopy.colors.Color: none, alpha=0.0>
26.6505 	EXP 	polygon: borderColor = <psychopy.colors.Color: none, alpha=0.0>
26.6674 	EXP 	polygon: borderColor = <psychopy.colors.Color: none, alpha=0.0>
26.6836 	EXP 	polygon: borderColor = <psychopy.colors.Color: none, alpha=0.0>
26.7004 	EXP 	polygon: borderColor = <psychopy.colors.Color: none, alpha=0.0>
26.7169 	EXP 	polygon: borderColor = <psychopy.colors.Color: none, alpha=0.0>
26.7336 	EXP 	polygon: borderColor = <psychopy.colors.Color: none, alpha=0.0>
26.7502 	EXP 	polygon: borderColor = <psychopy.colors.Color: none, alpha=0.0>
26.7669 	EXP 	polygon: borderColor = <psychopy.colors.Color: none, alpha=0.0>
26.7837 	EXP 	polygon: borderColor = <psychopy.colors.Color: none, alpha=0.0>
26.7861 	EXP 	Device response: <KeyPress from None: t=26.778190899989568, value=g, duration=None>
26.7877 	DATA 	Keypress: g
26.8003 	EXP 	polygon: borderColor = <psychopy.colors.Color: none, alpha=0.0>
26.8003 	EXP 	polygon: fillColor = <psychopy.colors.Color: red, alpha=1.0>
26.8003 	EXP 	polygon: borderColor = <psychopy.colors.Color: red, alpha=1.0>
26.8173 	EXP 	polygon: borderColor = <psychopy.colors.Color: (0.0, 0.0, 0.0, 1.0)>
26.8338 	EXP 	polygon: borderColor = <psychopy.colors.Color: (0.0, 0.0, 0.0, 1.0)>
26.8506 	EXP 	polygon: borderColor = <psychopy.colors.Color: (0.0, 0.0, 0.0, 1.0)>
26.8671 	EXP 	polygon: borderColor = <psychopy.colors.Color: (0.0, 0.0, 0.0, 1.0)>
26.8837 	EXP 	polygon: borderColor = <psychopy.colors.Color: (0.0, 0.0, 0.0, 1.0)>
26.9006 	EXP 	polygon: borderColor = <psychopy.colors.Color: (0.0, 0.0, 0.0, 1.0)>
27.0159 	EXP 	Device response: <KeyPress from None: t=26.778190899989568, value=g, duration=0.1956733000697568>
27.0438 	EXP 	polygon: borderColor = <psychopy.colors.Color: (0.0, 0.0, 0.0, 1.0)>
27.0438 	EXP 	polygon: autoDraw = False
27.0438 	EXP 	prompt_prc: autoDraw = False
27.0438 	EXP 	dist_01_prc: autoDraw = False
27.0438 	EXP 	dist_02_prc: autoDraw = False
27.0438 	EXP 	correct_prc: autoDraw = False
27.0438 	EXP 	instructions_choose_2: autoDraw = False
27.0438 	EXP 	polygon_7: fillColor = <psychopy.colors.Color: red, alpha=1.0>
27.0438 	EXP 	polygon_7: borderColor = <psychopy.colors.Color: red, alpha=1.0>
27.0438 	EXP 	prompt_prc_2: image = 'stimuli/practice_images/basket.jpg'
27.0438 	EXP 	dist_01_prc_2: image = 'stimuli/practice_images/belt.jpg'
27.0438 	EXP 	dist_02_prc_2: image = 'stimuli/practice_images/bread.jpg'
27.0438 	EXP 	correct_prc_2: image = 'stimuli/practice_images/bed.jpg'
27.0438 	EXP 	polygon_7: autoDraw = True
27.0438 	EXP 	prompt_prc_2: autoDraw = True
27.0438 	EXP 	dist_01_prc_2: autoDraw = True
27.0438 	EXP 	dist_02_prc_2: autoDraw = True
27.0438 	EXP 	correct_prc_2: autoDraw = True
28.0367 	EXP 	New trial (rep=0, index=4): <Trial 4 (4 in rep 0) data={'promptFile': 'stimuli/practice_images/bed.jpg', 'correctFile': 'stimuli/practice_images/belt.jpg', 'dist_01File': 'stimuli/practice_images/anchor.jpg', 'dist_02File': 'stimuli/practice_images/desk.jpg', 'correct_pos': 'left', 'dist01_pos': 'center', 'dist02_pos': 'right', 'correct_ans': 'left', 'thisN': 4, 'thisTrialN': 4, 'thisRepN': 0}>
28.0367 	INFO 	Keyboard events cleared
28.1754 	INFO 	Keyboard events cleared
28.1938 	EXP 	polygon_7: autoDraw = False
28.1938 	EXP 	prompt_prc_2: autoDraw = False
28.1938 	EXP 	dist_01_prc_2: autoDraw = False
28.1938 	EXP 	dist_02_prc_2: autoDraw = False
28.1938 	EXP 	correct_prc_2: autoDraw = False
28.1938 	EXP 	prompt_prc: image = 'stimuli/practice_images/bed.jpg'
28.1938 	EXP 	dist_01_prc: image = 'stimuli/practice_images/anchor.jpg'
28.1938 	EXP 	dist_02_prc: image = 'stimuli/practice_images/desk.jpg'
28.1938 	EXP 	correct_prc: image = 'stimuli/practice_images/belt.jpg'
28.1938 	EXP 	instructions_choose_2: text = 'Wählen Sie das nächste Bild in der Sequenz.'
28.1938 	EXP 	polygon: autoDraw = True
28.1938 	EXP 	polygon: borderColor = <psychopy.colors.Color: none, alpha=0.0>
28.1938 	EXP 	prompt_prc: autoDraw = True
28.1938 	EXP 	dist_01_prc: autoDraw = True
28.1938 	EXP 	dist_02_prc: autoDraw = True
28.1938 	EXP 	correct_prc: autoDraw = True
28.1938 	EXP 	instructions_choose_2: autoDraw = True
28.2162 	EXP 	polygon: borderColor = <psychopy.colors.Color: none, alpha=0.0>
28.2334 	EXP 	polygon: borderColor = <psychopy.colors.Color: none, alpha=0.0>
28.2500 	EXP 	polygon: borderColor = <psychopy.colors.Color: none, alpha=0.0>
28.2669 	EXP 	polygon: borderColor = <psychopy.colors.Color: none, alpha=0.0>
28.2833 	EXP 	polygon: borderColor = <psychopy.colors.Color: none, alpha=0.0>
28.2998 	EXP 	polygon: borderColor = <psychopy.colors.Color: none, alpha=0.0>
28.3166 	EXP 	polygon: borderColor = <psychopy.colors.Color: none, alpha=0.0>
28.3335 	EXP 	polygon: borderColor = <psychopy.colors.Color: none, alpha=0.0>
28.3499 	EXP 	polygon: borderColor = <psychopy.colors.Color: none, alpha=0.0>
28.3667 	EXP 	polygon: borderColor = <psychopy.colors.Color: none, alpha=0.0>
28.3834 	EXP 	polygon: borderColor = <psychopy.colors.Color: none, alpha=0.0>
28.4001 	EXP 	polygon: borderColor = <psychopy.colors.Color: none, alpha=0.0>
28.4170 	EXP 	polygon: borderColor = <psychopy.colors.Color: none, alpha=0.0>
28.4334 	EXP 	polygon: borderColor = <psychopy.colors.Color: none, alpha=0.0>
28.4507 	EXP 	polygon: borderColor = <psychopy.colors.Color: none, alpha=0.0>
28.4668 	EXP 	polygon: borderColor = <psychopy.colors.Color: none, alpha=0.0>
28.4833 	EXP 	polygon: borderColor = <psychopy.colors.Color: none, alpha=0.0>
28.5000 	EXP 	polygon: borderColor = <psychopy.colors.Color: none, alpha=0.0>
28.5166 	EXP 	polygon: borderColor = <psychopy.colors.Color: none, alpha=0.0>
28.5332 	EXP 	polygon: borderColor = <psychopy.colors.Color: none, alpha=0.0>
28.5500 	EXP 	polygon: borderColor = <psychopy.colors.Color: none, alpha=0.0>
28.5528 	EXP 	Device response: <KeyPress from None: t=28.54211340006441, value=g, duration=None>
28.5547 	DATA 	Keypress: g
28.5666 	EXP 	polygon: borderColor = <psychopy.colors.Color: none, alpha=0.0>
28.5666 	EXP 	polygon: fillColor = <psychopy.colors.Color: (0.0, 1.0, 0.0, 1.0)>
28.5666 	EXP 	polygon: borderColor = <psychopy.colors.Color: (0.0, 1.0, 0.0, 1.0)>
28.5836 	EXP 	polygon: borderColor = <psychopy.colors.Color: (0.0, 0.0, 0.0, 1.0)>
28.5999 	EXP 	polygon: borderColor = <psychopy.colors.Color: (0.0, 0.0, 0.0, 1.0)>
28.6166 	EXP 	polygon: borderColor = <psychopy.colors.Color: (0.0, 0.0, 0.0, 1.0)>
28.6333 	EXP 	polygon: borderColor = <psychopy.colors.Color: (0.0, 0.0, 0.0, 1.0)>
28.6499 	EXP 	polygon: borderColor = <psychopy.colors.Color: (0.0, 0.0, 0.0, 1.0)>
28.6664 	EXP 	polygon: borderColor = <psychopy.colors.Color: (0.0, 0.0, 0.0, 1.0)>
28.7941 	EXP 	Device response: <KeyPress from None: t=28.54211340006441, value=g, duration=0.18411899998318404>
28.8272 	EXP 	polygon: borderColor = <psychopy.colors.Color: (0.0, 0.0, 0.0, 1.0)>
28.8272 	EXP 	polygon: autoDraw = False
28.8272 	EXP 	prompt_prc: autoDraw = False
28.8272 	EXP 	dist_01_prc: autoDraw = False
28.8272 	EXP 	dist_02_prc: autoDraw = False
28.8272 	EXP 	correct_prc: autoDraw = False
28.8272 	EXP 	instructions_choose_2: autoDraw = False
28.8272 	EXP 	polygon_7: fillColor = <psychopy.colors.Color: (0.0, 1.0, 0.0, 1.0)>
28.8272 	EXP 	polygon_7: borderColor = <psychopy.colors.Color: (0.0, 1.0, 0.0, 1.0)>
28.8272 	EXP 	prompt_prc_2: image = 'stimuli/practice_images/bed.jpg'
28.8272 	EXP 	dist_01_prc_2: image = 'stimuli/practice_images/anchor.jpg'
28.8272 	EXP 	dist_02_prc_2: image = 'stimuli/practice_images/desk.jpg'
28.8272 	EXP 	correct_prc_2: image = 'stimuli/practice_images/belt.jpg'
28.8272 	EXP 	polygon_7: autoDraw = True
28.8272 	EXP 	prompt_prc_2: autoDraw = True
28.8272 	EXP 	dist_01_prc_2: autoDraw = True
28.8272 	EXP 	dist_02_prc_2: autoDraw = True
28.8272 	EXP 	correct_prc_2: autoDraw = True
29.8205 	EXP 	New trial (rep=0, index=5): <Trial 5 (5 in rep 0) data={'promptFile': 'stimuli/practice_images/belt.jpg', 'correctFile': 'stimuli/practice_images/bird.jpg', 'dist_01File': 'stimuli/practice_images/ant.jpg', 'dist_02File': 'stimuli/practice_images/crocodile.jpg', 'correct_pos': 'right', 'dist01_pos': 'left', 'dist02_pos': 'center', 'correct_ans': 'right', 'thisN': 5, 'thisTrialN': 5, 'thisRepN': 0}>
29.8206 	INFO 	Keyboard events cleared
29.9205 	INFO 	Keyboard events cleared
29.9424 	EXP 	polygon_7: autoDraw = False
29.9424 	EXP 	prompt_prc_2: autoDraw = False
29.9424 	EXP 	dist_01_prc_2: autoDraw = False
29.9424 	EXP 	dist_02_prc_2: autoDraw = False
29.9424 	EXP 	correct_prc_2: autoDraw = False
29.9424 	EXP 	prompt_prc: image = 'stimuli/practice_images/belt.jpg'
29.9424 	EXP 	dist_01_prc: image = 'stimuli/practice_images/ant.jpg'
29.9424 	EXP 	dist_02_prc: image = 'stimuli/practice_images/crocodile.jpg'
29.9424 	EXP 	correct_prc: image = 'stimuli/practice_images/bird.jpg'
29.9424 	EXP 	instructions_choose_2: text = 'Wählen Sie das nächste Bild in der Sequenz.'
29.9424 	EXP 	polygon: autoDraw = True
29.9424 	EXP 	polygon: borderColor = <psychopy.colors.Color: none, alpha=0.0>
29.9424 	EXP 	prompt_prc: autoDraw = True
29.9424 	EXP 	dist_01_prc: autoDraw = True
29.9424 	EXP 	dist_02_prc: autoDraw = True
29.9424 	EXP 	correct_prc: autoDraw = True
29.9424 	EXP 	instructions_choose_2: autoDraw = True
29.9495 	EXP 	polygon: borderColor = <psychopy.colors.Color: none, alpha=0.0>
29.9660 	EXP 	polygon: borderColor = <psychopy.colors.Color: none, alpha=0.0>
29.9829 	EXP 	polygon: borderColor = <psychopy.colors.Color: none, alpha=0.0>
29.9993 	EXP 	polygon: borderColor = <psychopy.colors.Color: none, alpha=0.0>
30.0160 	EXP 	polygon: borderColor = <psychopy.colors.Color: none, alpha=0.0>
30.0328 	EXP 	polygon: borderColor = <psychopy.colors.Color: none, alpha=0.0>
30.0493 	EXP 	polygon: borderColor = <psychopy.colors.Color: none, alpha=0.0>
30.0661 	EXP 	polygon: borderColor = <psychopy.colors.Color: none, alpha=0.0>
30.0828 	EXP 	polygon: borderColor = <psychopy.colors.Color: none, alpha=0.0>
30.0994 	EXP 	polygon: borderColor = <psychopy.colors.Color: none, alpha=0.0>
30.1163 	EXP 	polygon: borderColor = <psychopy.colors.Color: none, alpha=0.0>
30.1330 	EXP 	polygon: borderColor = <psychopy.colors.Color: none, alpha=0.0>
30.1495 	EXP 	polygon: borderColor = <psychopy.colors.Color: none, alpha=0.0>
30.1661 	EXP 	polygon: borderColor = <psychopy.colors.Color: none, alpha=0.0>
30.1831 	EXP 	polygon: borderColor = <psychopy.colors.Color: none, alpha=0.0>
30.1993 	EXP 	polygon: borderColor = <psychopy.colors.Color: none, alpha=0.0>
30.2159 	EXP 	polygon: borderColor = <psychopy.colors.Color: none, alpha=0.0>
30.2325 	EXP 	polygon: borderColor = <psychopy.colors.Color: none, alpha=0.0>
30.2494 	EXP 	polygon: borderColor = <psychopy.colors.Color: none, alpha=0.0>
30.2660 	EXP 	polygon: borderColor = <psychopy.colors.Color: none, alpha=0.0>
30.2826 	EXP 	polygon: borderColor = <psychopy.colors.Color: none, alpha=0.0>
30.2991 	EXP 	polygon: borderColor = <psychopy.colors.Color: none, alpha=0.0>
30.3158 	EXP 	polygon: borderColor = <psychopy.colors.Color: none, alpha=0.0>
30.3326 	EXP 	polygon: borderColor = <psychopy.colors.Color: none, alpha=0.0>
30.3496 	EXP 	polygon: borderColor = <psychopy.colors.Color: none, alpha=0.0>
30.3659 	EXP 	polygon: borderColor = <psychopy.colors.Color: none, alpha=0.0>
30.3830 	EXP 	polygon: borderColor = <psychopy.colors.Color: none, alpha=0.0>
30.3991 	EXP 	polygon: borderColor = <psychopy.colors.Color: none, alpha=0.0>
30.4159 	EXP 	polygon: borderColor = <psychopy.colors.Color: none, alpha=0.0>
30.4327 	EXP 	polygon: borderColor = <psychopy.colors.Color: none, alpha=0.0>
30.4492 	EXP 	polygon: borderColor = <psychopy.colors.Color: none, alpha=0.0>
30.4660 	EXP 	polygon: borderColor = <psychopy.colors.Color: none, alpha=0.0>
30.4830 	EXP 	polygon: borderColor = <psychopy.colors.Color: none, alpha=0.0>
30.4994 	EXP 	polygon: borderColor = <psychopy.colors.Color: none, alpha=0.0>
30.5160 	EXP 	polygon: borderColor = <psychopy.colors.Color: none, alpha=0.0>
30.5328 	EXP 	polygon: borderColor = <psychopy.colors.Color: none, alpha=0.0>
30.5492 	EXP 	polygon: borderColor = <psychopy.colors.Color: none, alpha=0.0>
30.5661 	EXP 	polygon: borderColor = <psychopy.colors.Color: none, alpha=0.0>
30.5826 	EXP 	polygon: borderColor = <psychopy.colors.Color: none, alpha=0.0>
30.5992 	EXP 	polygon: borderColor = <psychopy.colors.Color: none, alpha=0.0>
30.6015 	EXP 	Device response: <KeyPress from None: t=30.58814040001016, value=b, duration=None>
30.6034 	DATA 	Keypress: b
30.6160 	EXP 	polygon: borderColor = <psychopy.colors.Color: none, alpha=0.0>
30.6160 	EXP 	polygon: fillColor = <psychopy.colors.Color: (0.0, 1.0, 0.0, 1.0)>
30.6160 	EXP 	polygon: borderColor = <psychopy.colors.Color: (0.0, 1.0, 0.0, 1.0)>
30.6324 	EXP 	polygon: borderColor = <psychopy.colors.Color: (0.0, 0.0, 0.0, 1.0)>
30.6492 	EXP 	polygon: borderColor = <psychopy.colors.Color: (0.0, 0.0, 0.0, 1.0)>
30.6656 	EXP 	polygon: borderColor = <psychopy.colors.Color: (0.0, 0.0, 0.0, 1.0)>
30.6822 	EXP 	polygon: borderColor = <psychopy.colors.Color: (0.0, 0.0, 0.0, 1.0)>
30.6990 	EXP 	polygon: borderColor = <psychopy.colors.Color: (0.0, 0.0, 0.0, 1.0)>
30.7156 	EXP 	polygon: borderColor = <psychopy.colors.Color: (0.0, 0.0, 0.0, 1.0)>
30.8212 	EXP 	Device response: <KeyPress from None: t=30.58814040001016, value=b, duration=0.19466170005034655>
30.8428 	EXP 	polygon: borderColor = <psychopy.colors.Color: (0.0, 0.0, 0.0, 1.0)>
30.8428 	EXP 	polygon: autoDraw = False
30.8428 	EXP 	prompt_prc: autoDraw = False
30.8428 	EXP 	dist_01_prc: autoDraw = False
30.8428 	EXP 	dist_02_prc: autoDraw = False
30.8428 	EXP 	correct_prc: autoDraw = False
30.8428 	EXP 	instructions_choose_2: autoDraw = False
30.8428 	EXP 	polygon_7: fillColor = <psychopy.colors.Color: (0.0, 1.0, 0.0, 1.0)>
30.8428 	EXP 	polygon_7: borderColor = <psychopy.colors.Color: (0.0, 1.0, 0.0, 1.0)>
30.8428 	EXP 	prompt_prc_2: image = 'stimuli/practice_images/belt.jpg'
30.8428 	EXP 	dist_01_prc_2: image = 'stimuli/practice_images/ant.jpg'
30.8428 	EXP 	dist_02_prc_2: image = 'stimuli/practice_images/crocodile.jpg'
30.8428 	EXP 	correct_prc_2: image = 'stimuli/practice_images/bird.jpg'
30.8428 	EXP 	polygon_7: autoDraw = True
30.8428 	EXP 	prompt_prc_2: autoDraw = True
30.8428 	EXP 	dist_01_prc_2: autoDraw = True
30.8428 	EXP 	dist_02_prc_2: autoDraw = True
30.8428 	EXP 	correct_prc_2: autoDraw = True
31.8486 	EXP 	polygon_7: autoDraw = False
31.8486 	EXP 	prompt_prc_2: autoDraw = False
31.8486 	EXP 	dist_01_prc_2: autoDraw = False
31.8486 	EXP 	dist_02_prc_2: autoDraw = False
31.8486 	EXP 	correct_prc_2: autoDraw = False
31.8486 	EXP 	rest_instruction: height = 0.025
31.8486 	EXP 	rest_instruction: height = 0.025
31.8486 	EXP 	rest_instruction: height = 0.025
31.8486 	EXP 	rest_instruction: text = 'Kurze Pause. Bitte warten Sie.\nDies ist keine Ruhepause'
31.8486 	EXP 	fix_cross_2: autoDraw = True
31.8486 	EXP 	rest_instruction: autoDraw = True
36.8634 	EXP 	fix_cross_2: autoDraw = False
36.8634 	EXP 	rest_instruction: autoDraw = False
36.8634 	EXP 	fix_cross_2: autoDraw = False
36.8634 	EXP 	rest_instruction: autoDraw = False
36.8634 	EXP 	instruction_part7: height = 0.025
36.8634 	EXP 	instruction_part7: height = 0.025
36.8634 	EXP 	instruction_part7: height = 0.025
36.8634 	EXP 	instruction_part7: text = 'Gut gemacht!\n\nDie Lernphasen wechseln sich mit Abrufphasen ab.\nDabei beantworten Sie Fragen zu den gelernten Sequenzen.\n\nIn jedem Abrufdurchgang sehen Sie nacheinander zwei\nBilder aus einer Sequenz.\n\nDrücken Sie eine beliebige Taste, um fortzufahren.'
36.8634 	EXP 	instruction_part7: autoDraw = True
37.6490 	EXP 	Device response: <KeyPress from None: t=37.64729100000113, value=b, duration=None>
37.6494 	DATA 	Keypress: b
37.9160 	EXP 	Device response: <KeyPress from None: t=37.64729100000113, value=b, duration=0.2526120999827981>
38.3156 	EXP 	Device response: <KeyPress from None: t=38.30381080007646, value=b, duration=None>
38.3160 	DATA 	Keypress: b
38.4320 	EXP 	Device response: <KeyPress from None: t=38.30381080007646, value=b, duration=0.11578909994568676>
38.7156 	EXP 	Device response: <KeyPress from None: t=38.70360900007654, value=g, duration=None>
38.7160 	DATA 	Keypress: g
38.8817 	EXP 	Device response: <KeyPress from None: t=38.70360900007654, value=g, duration=0.17101339995861053>
39.0653 	EXP 	Device response: <KeyPress from None: t=39.06412100000307, value=g, duration=None>
39.0656 	DATA 	Keypress: g
39.1652 	EXP 	Device response: <KeyPress from None: t=39.06412100000307, value=g, duration=0.09175570006482303>
39.3483 	EXP 	Device response: <KeyPress from None: t=39.34217700001318, value=g, duration=None>
39.3487 	DATA 	Keypress: g
39.4483 	EXP 	Device response: <KeyPress from None: t=39.34217700001318, value=g, duration=0.10384530003648251>
39.8150 	EXP 	Device response: <KeyPress from None: t=39.807526999968104, value=b, duration=None>
39.8154 	DATA 	Keypress: b
39.8629 	INFO 	Keyboard events cleared
39.9318 	EXP 	Device response: <KeyPress from None: t=39.807526999968104, value=b, duration=0.11170670005958527>
40.2814 	EXP 	Device response: <KeyPress from None: t=40.26866679999512, value=b, duration=None>
40.2894 	DATA 	Keypress: b
40.2956 	EXP 	instruction_part7: autoDraw = False
40.2956 	EXP 	instruction_part10: height = 0.025
40.2956 	EXP 	instruction_part10: height = 0.025
40.2956 	EXP 	instruction_part10: height = 0.025
40.2956 	EXP 	instruction_part10: text = 'Abruf Teil 1: Reihenfolge\n\nNach der Präsentation der beiden Bilder geben Sie an,\nob sie in der gelernten Sequenz in dieser Reihenfolge\nvorkamen.\n\nDrücken Sie eine beliebige Taste, um fortzufahren.'
40.2956 	EXP 	instruction_part10: autoDraw = True
40.3317 	EXP 	Device response: <KeyPress from None: t=40.26866679999512, value=b, duration=0.047339700045995414>
41.4815 	EXP 	Device response: <KeyPress from None: t=41.481357800075784, value=b, duration=None>
41.4820 	DATA 	Keypress: b
41.6476 	EXP 	Device response: <KeyPress from None: t=41.481357800075784, value=b, duration=0.15806899999734014>
42.0145 	EXP 	Device response: <KeyPress from None: t=42.007076899986714, value=b, duration=None>
42.0149 	DATA 	Keypress: b
42.0646 	EXP 	Device response: <KeyPress from None: t=42.007076899986714, value=b, duration=0.04528479999862611>
42.3144 	EXP 	Device response: <KeyPress from None: t=42.30626930005383, value=b, duration=None>
42.3148 	DATA 	Keypress: b
42.3975 	EXP 	Device response: <KeyPress from None: t=42.30626930005383, value=b, duration=0.08537230000365525>
42.4980 	EXP 	Device response: <KeyPress from None: t=42.497492800001055, value=b, duration=None>
42.4983 	DATA 	Keypress: b
42.6310 	EXP 	Device response: <KeyPress from None: t=42.497492800001055, value=b, duration=0.13185330003034323>
42.7474 	EXP 	Device response: <KeyPress from None: t=42.74133820005227, value=b, duration=None>
42.7478 	DATA 	Keypress: b
42.9140 	EXP 	Device response: <KeyPress from None: t=42.74133820005227, value=b, duration=0.17207430000416934>
43.2138 	EXP 	Device response: <KeyPress from None: t=43.20150189998094, value=b, duration=None>
43.2142 	DATA 	Keypress: b
43.2948 	INFO 	Keyboard events cleared
43.3303 	EXP 	Device response: <KeyPress from None: t=43.20150189998094, value=b, duration=0.11376010009553283>
43.5806 	EXP 	Device response: <KeyPress from None: t=43.56738050002605, value=b, duration=None>
43.5894 	DATA 	Keypress: b
43.5946 	EXP 	instruction_part10: autoDraw = False
43.5946 	EXP 	instruction_part13: height = 0.025
43.5946 	EXP 	instruction_part13: height = 0.025
43.5946 	EXP 	instruction_part13: height = 0.025
43.5946 	EXP 	instruction_part13: text = 'Wählen Sie „Ja“ oder „Nein“ mit der linken\ngrünen oder rechten blauen Taste. Die Zuordnung\nwechselt zwischen den Durchgängen. Beachten Sie daher\ndie Anzeige auf dem Bildschirm.\n\nDrücken Sie eine beliebige Taste, um fortzufahren.'
43.5946 	EXP 	instruction_part13: autoDraw = True
43.6471 	EXP 	Device response: <KeyPress from None: t=43.56738050002605, value=b, duration=0.06308550003450364>
43.9471 	EXP 	Device response: <KeyPress from None: t=43.9407984999707, value=b, duration=None>
43.9478 	DATA 	Keypress: b
43.9974 	EXP 	Device response: <KeyPress from None: t=43.9407984999707, value=b, duration=0.05435320001561195>
44.6306 	EXP 	Device response: <KeyPress from None: t=44.618760799989104, value=b, duration=None>
44.6311 	DATA 	Keypress: b
44.6637 	EXP 	Device response: <KeyPress from None: t=44.618760799989104, value=b, duration=0.03911920008249581>
44.9976 	DATA 	Keypress: b
45.0133 	EXP 	Device response: <KeyPress from None: t=44.99722420005128, value=b, duration=None>
45.0464 	EXP 	Device response: <KeyPress from None: t=44.99722420005128, value=b, duration=0.042214600020088255>
45.2968 	EXP 	Device response: <KeyPress from None: t=45.295310000074096, value=b, duration=None>
45.2973 	DATA 	Keypress: b
45.3634 	EXP 	Device response: <KeyPress from None: t=45.295310000074096, value=b, duration=0.05344839999452233>
46.5939 	INFO 	Keyboard events cleared
46.6463 	EXP 	Device response: <KeyPress from None: t=46.63279699999839, value=b, duration=None>
46.6548 	DATA 	Keypress: b
46.6604 	EXP 	instruction_part13: autoDraw = False
46.6604 	EXP 	instruction_part11: height = 0.025
46.6604 	EXP 	instruction_part11: height = 0.025
46.6604 	EXP 	instruction_part11: height = 0.025
46.6604 	EXP 	instruction_part11: text = 'Abruf Teil 2: Distanz\n\nNach der Frage zur Reihenfolge geben Sie an,\nwie weit die beiden Bilder in der Sequenz voneinander\nentfernt sind.\n\nDie möglichen Distanzen reichen von 2 bis 5.\n\nDrücken Sie eine beliebige Taste, um fortzufahren.'
46.6604 	EXP 	instruction_part11: autoDraw = True
46.7463 	EXP 	Device response: <KeyPress from None: t=46.63279699999839, value=b, duration=0.11184050003066659>
46.9293 	EXP 	Device response: <KeyPress from None: t=46.9233438000083, value=b, duration=None>
46.9296 	DATA 	Keypress: b
47.0295 	EXP 	Device response: <KeyPress from None: t=46.9233438000083, value=b, duration=0.0961935999803245>
47.1801 	EXP 	Device response: <KeyPress from None: t=47.169680200051516, value=b, duration=None>
47.1808 	DATA 	Keypress: b
47.2632 	EXP 	Device response: <KeyPress from None: t=47.169680200051516, value=b, duration=0.08759839995764196>
47.4130 	EXP 	Device response: <KeyPress from None: t=47.40843569999561, value=b, duration=None>
47.4134 	DATA 	Keypress: b
47.5128 	EXP 	Device response: <KeyPress from None: t=47.40843569999561, value=b, duration=0.09971820004284382>
47.6959 	EXP 	Device response: <KeyPress from None: t=47.68835660000332, value=b, duration=None>
47.6965 	DATA 	Keypress: b
47.8295 	EXP 	Device response: <KeyPress from None: t=47.68835660000332, value=b, duration=0.12582580000162125>
48.0622 	EXP 	Device response: <KeyPress from None: t=48.05187169997953, value=b, duration=None>
48.0626 	DATA 	Keypress: b
48.1792 	EXP 	Device response: <KeyPress from None: t=48.05187169997953, value=b, duration=0.12179890007246286>
48.5625 	EXP 	Device response: <KeyPress from None: t=48.55981220002286, value=b, duration=None>
48.5629 	DATA 	Keypress: b
48.6789 	EXP 	Device response: <KeyPress from None: t=48.55981220002286, value=b, duration=0.10731550003401935>
49.0453 	EXP 	Device response: <KeyPress from None: t=49.040952900075354, value=b, duration=None>
49.0458 	DATA 	Keypress: b
49.1956 	EXP 	Device response: <KeyPress from None: t=49.040952900075354, value=b, duration=0.14598919998388737>
49.6453 	DATA 	Keypress: b
49.6597 	INFO 	Keyboard events cleared
49.9949 	EXP 	Device response: <KeyPress from None: t=49.987584299989976, value=b, duration=None>
50.0017 	DATA 	Keypress: b
50.0095 	EXP 	instruction_part11: autoDraw = False
50.0095 	EXP 	instruction_part14: height = 0.025
50.0095 	EXP 	instruction_part14: height = 0.025
50.0095 	EXP 	instruction_part14: height = 0.025
50.0095 	EXP 	instruction_part14: text = 'Bei Distanz 2 liegt ein Bild dazwischen,\nbei Distanz 5 liegen vier Bilder dazwischen.\n\nAntworten Sie mit den vier Tasten.\nDie jeweilige Tastenbelegung wird auf dem Bildschirm angezeigt.\n\nDrücken Sie eine beliebige Taste, um fortzufahren.'
50.0095 	EXP 	instruction_part14: autoDraw = True
50.0782 	EXP 	Device response: <KeyPress from None: t=49.987584299989976, value=b, duration=0.0835367999970913>
50.6617 	EXP 	Device response: <KeyPress from None: t=50.65129690000322, value=b, duration=None>
50.6622 	DATA 	Keypress: b
50.7451 	EXP 	Device response: <KeyPress from None: t=50.65129690000322, value=b, duration=0.08764140005223453>
51.5782 	EXP 	Device response: <KeyPress from None: t=51.57673580001574, value=b, duration=None>
51.5786 	DATA 	Keypress: b
51.7278 	EXP 	Device response: <KeyPress from None: t=51.57673580001574, value=b, duration=0.13802660000510514>
52.2441 	EXP 	Device response: <KeyPress from None: t=52.23159520002082, value=b, duration=None>
52.2445 	DATA 	Keypress: b
52.3443 	EXP 	Device response: <KeyPress from None: t=52.23159520002082, value=b, duration=0.11154710000846535>
52.6776 	EXP 	Device response: <KeyPress from None: t=52.67059270001482, value=b, duration=None>
52.6781 	DATA 	Keypress: b
52.7944 	EXP 	Device response: <KeyPress from None: t=52.67059270001482, value=b, duration=0.11374249996151775>
53.0087 	INFO 	Keyboard events cleared
53.0443 	EXP 	Device response: <KeyPress from None: t=53.03722280007787, value=b, duration=None>
53.0501 	DATA 	Keypress: b
53.0585 	EXP 	instruction_part14: autoDraw = False
53.0585 	EXP 	instruction_part12: height = 0.025
53.0585 	EXP 	instruction_part12: height = 0.025
53.0585 	EXP 	instruction_part12: height = 0.025
53.0585 	EXP 	instruction_part12: text = 'Abruf: Reflexionsperiode\n\nBevor Sie die Fragen zur Reihenfolge und Distanz\nbeantworten, erscheint kurz ein Fixationskreuz.\n\nDrücken Sie eine beliebige Taste, um fortzufahren.'
53.0585 	EXP 	instruction_part12: autoDraw = True
53.1278 	EXP 	Device response: <KeyPress from None: t=53.03722280007787, value=b, duration=0.08374329993966967>
53.7102 	EXP 	Device response: <KeyPress from None: t=53.70380760007538, value=b, duration=None>
53.7106 	DATA 	Keypress: b
53.8106 	EXP 	Device response: <KeyPress from None: t=53.70380760007538, value=b, duration=0.09770319995004684>
54.0438 	EXP 	Device response: <KeyPress from None: t=54.02915650000796, value=b, duration=None>
54.0443 	DATA 	Keypress: b
54.1268 	EXP 	Device response: <KeyPress from None: t=54.02915650000796, value=b, duration=0.09171249996870756>
54.2773 	EXP 	Device response: <KeyPress from None: t=54.276935299974866, value=b, duration=None>
54.2777 	DATA 	Keypress: b
54.3777 	EXP 	Device response: <KeyPress from None: t=54.276935299974866, value=b, duration=0.09167570003774017>
54.6437 	EXP 	Device response: <KeyPress from None: t=54.63054869999178, value=b, duration=None>
54.6442 	DATA 	Keypress: b
54.7435 	EXP 	Device response: <KeyPress from None: t=54.63054869999178, value=b, duration=0.11165500001516193>
54.9435 	EXP 	Device response: <KeyPress from None: t=54.92961860005744, value=b, duration=None>
54.9440 	DATA 	Keypress: b
55.0266 	EXP 	Device response: <KeyPress from None: t=54.92961860005744, value=b, duration=0.08143499994184822>
55.4599 	EXP 	Device response: <KeyPress from None: t=55.45748590002768, value=b, duration=None>
55.4603 	DATA 	Keypress: b
55.5269 	EXP 	Device response: <KeyPress from None: t=55.45748590002768, value=b, duration=0.053147600032389164>
55.7937 	EXP 	Device response: <KeyPress from None: t=55.78999770001974, value=b, duration=None>
55.7942 	DATA 	Keypress: b
55.8599 	EXP 	Device response: <KeyPress from None: t=55.78999770001974, value=b, duration=0.06913319998420775>
56.0573 	INFO 	Keyboard events cleared
56.1929 	EXP 	Device response: <KeyPress from None: t=56.177420699968934, value=b, duration=None>
56.2017 	DATA 	Keypress: b
56.2072 	EXP 	instruction_part12: autoDraw = False
56.2072 	EXP 	instruction_part15: height = 0.025
56.2072 	EXP 	instruction_part15: height = 0.025
56.2072 	EXP 	instruction_part15: height = 0.025
56.2072 	EXP 	instruction_part15: text = 'Überlegen Sie in dieser Zeit bereits, ob die Bilder\nin dieser Reihenfolge vorkamen und wie weit sie in\nder Sequenz voneinander entfernt sind.\n\nDies ist wichtig, da die Zeit für die anschließenden\nAntworten kurz ist.\n\nDrücken Sie eine beliebige Taste, um fortzufahren.'
56.2072 	EXP 	instruction_part15: autoDraw = True
56.2600 	EXP 	Device response: <KeyPress from None: t=56.177420699968934, value=b, duration=0.0653810000512749>
56.7766 	EXP 	Device response: <KeyPress from None: t=56.77177890005987, value=b, duration=None>
56.7770 	DATA 	Keypress: b
56.9097 	EXP 	Device response: <KeyPress from None: t=56.77177890005987, value=b, duration=0.1359154999954626>
57.1594 	EXP 	Device response: <KeyPress from None: t=57.15835559996776, value=b, duration=None>
57.1598 	DATA 	Keypress: b
57.3092 	EXP 	Device response: <KeyPress from None: t=57.15835559996776, value=b, duration=0.14998620003461838>
57.4932 	EXP 	Device response: <KeyPress from None: t=57.49272259999998, value=b, duration=None>
57.4937 	DATA 	Keypress: b
57.5764 	EXP 	Device response: <KeyPress from None: t=57.49272259999998, value=b, duration=0.07753800007048994>
57.7599 	EXP 	Device response: <KeyPress from None: t=57.74559559999034, value=b, duration=None>
57.7603 	DATA 	Keypress: b
57.8594 	EXP 	Device response: <KeyPress from None: t=57.74559559999034, value=b, duration=0.10560930008068681>
58.2757 	EXP 	Device response: <KeyPress from None: t=58.26311250007711, value=b, duration=None>
58.2761 	DATA 	Keypress: b
58.3425 	EXP 	Device response: <KeyPress from None: t=58.26311250007711, value=b, duration=0.07776929996907711>
58.4928 	EXP 	Device response: <KeyPress from None: t=58.48915759997908, value=b, duration=None>
58.4932 	DATA 	Keypress: b
58.5592 	EXP 	Device response: <KeyPress from None: t=58.48915759997908, value=b, duration=0.05695170001126826>
58.7430 	EXP 	Device response: <KeyPress from None: t=58.74268280004617, value=b, duration=None>
58.7434 	DATA 	Keypress: b
58.8093 	EXP 	Device response: <KeyPress from None: t=58.74268280004617, value=b, duration=0.055269000004045665>
58.9260 	EXP 	Device response: <KeyPress from None: t=58.92492510005832, value=b, duration=None>
58.9263 	DATA 	Keypress: b
59.0089 	EXP 	Device response: <KeyPress from None: t=58.92492510005832, value=b, duration=0.0777910000178963>
59.1423 	EXP 	Device response: <KeyPress from None: t=59.130325600039214, value=b, duration=None>
59.1427 	DATA 	Keypress: b
59.2067 	INFO 	Keyboard events cleared
59.2259 	EXP 	Device response: <KeyPress from None: t=59.130325600039214, value=b, duration=0.0796755999326706>
59.4088 	EXP 	Device response: <KeyPress from None: t=59.40132449998055, value=b, duration=None>
59.4176 	DATA 	Keypress: b
59.4232 	EXP 	instruction_part15: autoDraw = False
59.4232 	EXP 	instruction_info: height = 0.025
59.4232 	EXP 	instruction_info: height = 0.025
59.4232 	EXP 	instruction_info: height = 0.025
59.4232 	EXP 	instruction_info: text = 'In den Übungsdurchgängen erhalten Sie unten\nauf dem Bildschirm zusätzliche Hinweise zur Struktur\nder Bildsequenz.\n\nIn der Hauptaufgabe werden diese Hinweise nicht\nmehr angezeigt. Dort müssen Sie die Struktur aus\nden gelernten Bildpaaren ableiten.\n\nDrücken Sie eine beliebige Taste, um fortzufahren.'
59.4232 	EXP 	instruction_info: autoDraw = True
59.5593 	EXP 	Device response: <KeyPress from None: t=59.40132449998055, value=b, duration=0.14832360006403178>
59.7920 	EXP 	Device response: <KeyPress from None: t=59.78099870006554, value=b, duration=None>
59.7925 	DATA 	Keypress: b
59.9231 	INFO 	Keyboard events cleared
60.2257 	EXP 	Device response: <KeyPress from None: t=60.221205400070176, value=b, duration=None>
60.2324 	DATA 	Keypress: b
60.2397 	EXP 	instruction_info: autoDraw = False
60.2397 	EXP 	instruction_part8: height = 0.025
60.2397 	EXP 	instruction_part8: height = 0.025
60.2397 	EXP 	instruction_part8: height = 0.025
60.2397 	EXP 	instruction_part8: text = 'Sie sind nun bereit, die Abrufdurchgänge zu üben.\n\nNutzen Sie die kurze Pause nach der Bildpräsentation,\num bereits über die Reihenfolge und die Distanz nachzudenken.\n\nDrücken Sie eine beliebige Taste, um die Übung zu starten.'
60.2397 	EXP 	instruction_part8: autoDraw = True
60.2759 	EXP 	Device response: <KeyPress from None: t=59.78099870006554, value=b, duration=0.4934275000123307>
60.4927 	EXP 	Device response: <KeyPress from None: t=60.478947299998254, value=b, duration=None>
60.4931 	DATA 	Keypress: b
60.5751 	EXP 	Device response: <KeyPress from None: t=60.221205400070176, value=b, duration=0.3473493999335915>
60.7394 	INFO 	Keyboard events cleared
61.1252 	EXP 	Device response: <KeyPress from None: t=61.117677700007334, value=b, duration=None>
61.1308 	DEBUG 	Read excel file with openpyxl: sequences/retr_trials_prc_03.xlsx
61.1317 	EXP 	Imported sequences/retr_trials_prc_03.xlsx as conditions, 3 conditions, 14 params
61.1320 	EXP 	New trial (rep=0, index=0): <Trial 0 (0 in rep 0) data={'trial_type': 3, 'img_first': 'stimuli/practice_images/cow.jpg', 'img_second': 'stimuli/practice_images/basket.jpg', 'img_third': None, 'opt_left': 'yes', 'opt_right': 'no', 'correct_side': 'left', 'correct_key': 'left', 'distance_correct': 2, 'image_dur_retr': 2, 'fix_dur_retr': 0.5, 'ImageExamplePath': 'stimuli/practice_images/practice_sequence_overview_t3_01.jpg', 'iti_dur_retr': 0.45, 'reflection_win_dur': 1.95, 'thisN': 0, 'thisTrialN': 0, 'thisRepN': 0}>
61.1349 	EXP 	New trial (rep=0, index=0): <Trial 0 (0 in rep 0) data={'thisN': 0, 'thisTrialN': 0, 'thisRepN': 0}>
61.1392 	DATA 	Keypress: b
61.1555 	EXP 	instruction_part8: autoDraw = False
61.1555 	EXP 	fix_cross_retrbegin: height = 0.03
61.1555 	EXP 	fix_cross_retrbegin: height = 0.03
61.1555 	EXP 	fix_cross_retrbegin: height = 0.03
61.1555 	EXP 	fix_cross_retrbegin: text = '+'
61.1555 	EXP 	fix_cross_retrbegin: autoDraw = True
61.1915 	EXP 	Device response: <KeyPress from None: t=60.478947299998254, value=b, duration=0.700030800071545>
61.6458 	EXP 	fix_cross_retrbegin: autoDraw = False
61.6458 	EXP 	fix_cross_retrbegin: autoDraw = False
61.6458 	EXP 	image_1_prc: image = 'stimuli/practice_images/cow.jpg'
61.6458 	EXP 	info_example_3: image = 'stimuli/practice_images/practice_sequence_overview_t3_01.jpg'
61.6458 	EXP 	image_1_prc: autoDraw = True
61.6458 	EXP 	info_example_3: autoDraw = True
63.1564 	EXP 	image_1_prc: autoDraw = False
63.1564 	EXP 	info_example_3: autoDraw = False
63.1564 	EXP 	image_1_prc: autoDraw = False
63.1564 	EXP 	info_example_3: autoDraw = False
63.1564 	EXP 	info_example_4: image = 'stimuli/practice_images/practice_sequence_overview_t3_01.jpg'
63.1564 	EXP 	mask_img1: autoDraw = True
63.1564 	EXP 	info_example_4: autoDraw = True
63.4444 	EXP 	mask_img1: autoDraw = False
63.4444 	EXP 	info_example_4: autoDraw = False
63.4444 	EXP 	mask_img1: autoDraw = False
63.4444 	EXP 	info_example_4: autoDraw = False
63.4444 	EXP 	image_2_prc: image = 'stimuli/practice_images/basket.jpg'
63.4444 	EXP 	info_example_5: image = 'stimuli/practice_images/practice_sequence_overview_t3_01.jpg'
63.4444 	EXP 	image_2_prc: autoDraw = True
63.4444 	EXP 	info_example_5: autoDraw = True
64.9567 	EXP 	image_2_prc: autoDraw = False
64.9567 	EXP 	info_example_5: autoDraw = False
64.9567 	EXP 	image_2_prc: autoDraw = False
64.9567 	EXP 	info_example_5: autoDraw = False
64.9567 	EXP 	info_example_6: image = 'stimuli/practice_images/practice_sequence_overview_t3_01.jpg'
64.9567 	EXP 	mask_img2: autoDraw = True
64.9567 	EXP 	info_example_6: autoDraw = True
65.2048 	EXP 	mask_img2: autoDraw = False
65.2048 	EXP 	info_example_6: autoDraw = False
65.2048 	EXP 	fix_cross_reflretr_2: autoDraw = True
65.2048 	EXP 	text: autoDraw = True
69.1559 	INFO 	Keyboard events cleared
69.1693 	INFO 	Keyboard events cleared
69.1862 	EXP 	fix_cross_reflretr_2: autoDraw = False
69.1862 	EXP 	text: autoDraw = False
69.1862 	EXP 	fix_cross_reflretr_2: autoDraw = False
69.1862 	EXP 	text: autoDraw = False
69.1862 	EXP 	yes_txt_3: height = 0.03
69.1862 	EXP 	yes_txt_3: height = 0.03
69.1862 	EXP 	yes_txt_3: height = 0.03
69.1862 	EXP 	yes_txt_3: text = 'ja'
69.1862 	EXP 	no_txt_3: height = 0.03
69.1862 	EXP 	no_txt_3: height = 0.03
69.1862 	EXP 	no_txt_3: height = 0.03
69.1862 	EXP 	no_txt_3: text = 'nein'
69.1862 	EXP 	info_example_7: image = 'stimuli/practice_images/practice_sequence_overview_t3_01.jpg'
69.1862 	EXP 	text_question_order: height = 0.03
69.1862 	EXP 	text_question_order: height = 0.03
69.1862 	EXP 	text_question_order: height = 0.03
69.1862 	EXP 	text_question_order: text = 'Präsentationsreihenfolge entspricht Sequenzreihenfolge?'
69.1862 	EXP 	yes_txt_3: autoDraw = True
69.1862 	EXP 	no_txt_3: autoDraw = True
69.1862 	EXP 	polygon_9: autoDraw = True
69.1862 	EXP 	info_example_7: autoDraw = True
69.1862 	EXP 	text_question_order: autoDraw = True
73.0545 	EXP 	Device response: <KeyPress from None: t=73.0470097999787, value=g, duration=None>
73.0562 	DATA 	Keypress: g
73.1716 	INFO 	Keyboard events cleared
73.1793 	INFO 	Keyboard events cleared
73.2016 	EXP 	yes_txt_3: autoDraw = False
73.2016 	EXP 	no_txt_3: autoDraw = False
73.2016 	EXP 	polygon_9: autoDraw = False
73.2016 	EXP 	info_example_7: autoDraw = False
73.2016 	EXP 	text_question_order: autoDraw = False
73.2016 	EXP 	info_example: image = 'stimuli/practice_images/practice_sequence_overview_t3_01.jpg'
73.2016 	EXP 	opt_2_prc: foreColor = <psychopy.colors.Color: white, alpha=1.0>
73.2016 	EXP 	opt_3_prc: foreColor = <psychopy.colors.Color: white, alpha=1.0>
73.2016 	EXP 	opt_4_prc: foreColor = <psychopy.colors.Color: white, alpha=1.0>
73.2016 	EXP 	opt_5_prc: foreColor = <psychopy.colors.Color: white, alpha=1.0>
73.2016 	EXP 	text_question_retrieval: height = 0.03
73.2016 	EXP 	text_question_retrieval: height = 0.03
73.2016 	EXP 	text_question_retrieval: height = 0.03
73.2016 	EXP 	text_question_retrieval: text = 'Wie viele Schritte zum ersten bis zum zweiten Bild?'
73.2016 	EXP 	info_example: autoDraw = True
73.2016 	EXP 	opt_2_prc: autoDraw = True
73.2016 	EXP 	opt_3_prc: autoDraw = True
73.2016 	EXP 	opt_4_prc: autoDraw = True
73.2016 	EXP 	opt_5_prc: autoDraw = True
73.2016 	EXP 	text_question_retrieval: autoDraw = True
73.3212 	EXP 	Device response: <KeyPress from None: t=73.0470097999787, value=g, duration=0.27013070008251816>
75.8040 	EXP 	Device response: <KeyPress from None: t=75.80293090001214, value=r, duration=None>
75.8054 	DATA 	Keypress: r
75.8179 	EXP 	opt_2_prc: foreColor = 'blue'
75.9367 	EXP 	info_example: autoDraw = False
75.9367 	EXP 	opt_2_prc: autoDraw = False
75.9367 	EXP 	opt_3_prc: autoDraw = False
75.9367 	EXP 	opt_4_prc: autoDraw = False
75.9367 	EXP 	opt_5_prc: autoDraw = False
75.9367 	EXP 	text_question_retrieval: autoDraw = False
75.9367 	EXP 	text_feedback: height = 0.025
75.9367 	EXP 	text_feedback: height = 0.025
75.9367 	EXP 	text_feedback: height = 0.025
75.9367 	EXP 	text_feedback: text = 'Gut gemacht! Sie haben Abruf verstanden.'
75.9367 	EXP 	info_example_2: image = 'stimuli/practice_images/practice_sequence_overview_t3_01.jpg'
75.9367 	EXP 	text_continue: height = 0.025
75.9367 	EXP 	text_continue: height = 0.025
75.9367 	EXP 	text_continue: height = 0.025
75.9367 	EXP 	text_continue: text = 'Drücken Sie eine beliebige Taste, um weiterzumachen.'
75.9367 	EXP 	text_feedback: autoDraw = True
75.9367 	EXP 	text_continue: autoDraw = True
76.0035 	EXP 	Device response: <KeyPress from None: t=21.7646804000251, value=r, duration=54.238121400005184>
76.4348 	INFO 	Keyboard events cleared
76.7371 	EXP 	Device response: <KeyPress from None: t=76.7280696000671, value=r, duration=None>
76.7384 	EXP 	New trial (rep=0, index=1): <Trial 1 (1 in rep 0) data={'trial_type': 3, 'img_first': 'stimuli/practice_images/cow.jpg', 'img_second': 'stimuli/practice_images/belt.jpg', 'img_third': None, 'opt_left': 'no', 'opt_right': 'yes', 'correct_side': 'right', 'correct_key': 'right', 'distance_correct': 4, 'image_dur_retr': 2, 'fix_dur_retr': 0.5, 'ImageExamplePath': 'stimuli/practice_images/practice_sequence_overview_t3_02.jpg', 'iti_dur_retr': 0.52, 'reflection_win_dur': 1.89, 'thisN': 1, 'thisTrialN': 1, 'thisRepN': 0}>
76.7412 	EXP 	New trial (rep=0, index=0): <Trial 0 (0 in rep 0) data={'thisN': 0, 'thisTrialN': 0, 'thisRepN': 0}>
76.7418 	DATA 	Keypress: r
76.7509 	EXP 	text_feedback: autoDraw = False
76.7509 	EXP 	info_example_2: autoDraw = False
76.7509 	EXP 	text_continue: autoDraw = False
76.7509 	EXP 	fix_cross_retrbegin: text = '+'
76.7509 	EXP 	fix_cross_retrbegin: autoDraw = True
76.9031 	EXP 	Device response: <KeyPress from None: t=75.80293090001214, value=r, duration=1.0932907999958843>
77.3210 	EXP 	fix_cross_retrbegin: autoDraw = False
77.3210 	EXP 	fix_cross_retrbegin: autoDraw = False
77.3210 	EXP 	image_1_prc: image = 'stimuli/practice_images/cow.jpg'
77.3210 	EXP 	info_example_3: image = 'stimuli/practice_images/practice_sequence_overview_t3_02.jpg'
77.3210 	EXP 	image_1_prc: autoDraw = True
77.3210 	EXP 	info_example_3: autoDraw = True
78.8345 	EXP 	image_1_prc: autoDraw = False
78.8345 	EXP 	info_example_3: autoDraw = False
78.8345 	EXP 	image_1_prc: autoDraw = False
78.8345 	EXP 	info_example_3: autoDraw = False
78.8345 	EXP 	info_example_4: image = 'stimuli/practice_images/practice_sequence_overview_t3_02.jpg'
78.8345 	EXP 	mask_img1: autoDraw = True
78.8345 	EXP 	info_example_4: autoDraw = True
79.1205 	EXP 	mask_img1: autoDraw = False
79.1205 	EXP 	info_example_4: autoDraw = False
79.1205 	EXP 	mask_img1: autoDraw = False
79.1205 	EXP 	info_example_4: autoDraw = False
79.1205 	EXP 	image_2_prc: image = 'stimuli/practice_images/belt.jpg'
79.1205 	EXP 	info_example_5: image = 'stimuli/practice_images/practice_sequence_overview_t3_02.jpg'
79.1205 	EXP 	image_2_prc: autoDraw = True
79.1205 	EXP 	info_example_5: autoDraw = True
80.6338 	EXP 	image_2_prc: autoDraw = False
80.6338 	EXP 	info_example_5: autoDraw = False
80.6338 	EXP 	image_2_prc: autoDraw = False
80.6338 	EXP 	info_example_5: autoDraw = False
80.6338 	EXP 	info_example_6: image = 'stimuli/practice_images/practice_sequence_overview_t3_02.jpg'
80.6338 	EXP 	mask_img2: autoDraw = True
80.6338 	EXP 	info_example_6: autoDraw = True
80.8828 	EXP 	mask_img2: autoDraw = False
80.8828 	EXP 	info_example_6: autoDraw = False
80.8828 	EXP 	fix_cross_reflretr_2: autoDraw = True
80.8828 	EXP 	text: autoDraw = True
84.7678 	INFO 	Keyboard events cleared
84.7708 	INFO 	Keyboard events cleared
84.7828 	EXP 	fix_cross_reflretr_2: autoDraw = False
84.7828 	EXP 	text: autoDraw = False
84.7828 	EXP 	fix_cross_reflretr_2: autoDraw = False
84.7828 	EXP 	text: autoDraw = False
84.7828 	EXP 	yes_txt_3: text = 'ja'
84.7828 	EXP 	no_txt_3: text = 'nein'
84.7828 	EXP 	info_example_7: image = 'stimuli/practice_images/practice_sequence_overview_t3_02.jpg'
84.7828 	EXP 	text_question_order: text = 'Präsentationsreihenfolge entspricht Sequenzreihenfolge?'
84.7828 	EXP 	yes_txt_3: autoDraw = True
84.7828 	EXP 	no_txt_3: autoDraw = True
84.7828 	EXP 	polygon_9: autoDraw = True
84.7828 	EXP 	info_example_7: autoDraw = True
84.7828 	EXP 	text_question_order: autoDraw = True
87.4337 	EXP 	Device response: <KeyPress from None: t=87.4283015000401, value=b, duration=None>
87.4350 	DATA 	Keypress: b
87.5507 	INFO 	Keyboard events cleared
87.5551 	INFO 	Keyboard events cleared
87.5651 	EXP 	yes_txt_3: autoDraw = False
87.5651 	EXP 	no_txt_3: autoDraw = False
87.5651 	EXP 	polygon_9: autoDraw = False
87.5651 	EXP 	info_example_7: autoDraw = False
87.5651 	EXP 	text_question_order: autoDraw = False
87.5651 	EXP 	info_example: image = 'stimuli/practice_images/practice_sequence_overview_t3_02.jpg'
87.5651 	EXP 	opt_2_prc: foreColor = <psychopy.colors.Color: white, alpha=1.0>
87.5651 	EXP 	opt_3_prc: foreColor = <psychopy.colors.Color: white, alpha=1.0>
87.5651 	EXP 	opt_4_prc: foreColor = <psychopy.colors.Color: white, alpha=1.0>
87.5651 	EXP 	opt_5_prc: foreColor = <psychopy.colors.Color: white, alpha=1.0>
87.5651 	EXP 	text_question_retrieval: text = 'Wie viele Schritte zum ersten bis zum zweiten Bild?'
87.5651 	EXP 	info_example: autoDraw = True
87.5651 	EXP 	opt_2_prc: autoDraw = True
87.5651 	EXP 	opt_3_prc: autoDraw = True
87.5651 	EXP 	opt_4_prc: autoDraw = True
87.5651 	EXP 	opt_5_prc: autoDraw = True
87.5651 	EXP 	text_question_retrieval: autoDraw = True
87.6670 	EXP 	Device response: <KeyPress from None: t=61.117677700007334, value=b, duration=26.54080179997254>
89.5827 	EXP 	Device response: <KeyPress from None: t=89.57100880006328, value=y, duration=None>
89.5841 	DATA 	Keypress: y
89.5969 	EXP 	opt_4_prc: foreColor = 'blue'
89.6974 	EXP 	info_example: autoDraw = False
89.6974 	EXP 	opt_2_prc: autoDraw = False
89.6974 	EXP 	opt_3_prc: autoDraw = False
89.6974 	EXP 	opt_4_prc: autoDraw = False
89.6974 	EXP 	opt_5_prc: autoDraw = False
89.6974 	EXP 	text_question_retrieval: autoDraw = False
89.6974 	EXP 	text_feedback: text = 'Gut gemacht! Sie haben Abruf verstanden.'
89.6974 	EXP 	info_example_2: image = 'stimuli/practice_images/practice_sequence_overview_t3_02.jpg'
89.6974 	EXP 	text_continue: text = 'Drücken Sie eine beliebige Taste, um weiterzumachen.'
89.6974 	EXP 	text_feedback: autoDraw = True
89.6974 	EXP 	text_continue: autoDraw = True
89.7493 	EXP 	Device response: <KeyPress from None: t=89.57100880006328, value=y, duration=0.17435869993641973>
90.1969 	INFO 	Keyboard events cleared
90.3156 	EXP 	Device response: <KeyPress from None: t=90.30317039997317, value=y, duration=None>
90.3167 	EXP 	New trial (rep=0, index=2): <Trial 2 (2 in rep 0) data={'trial_type': 3, 'img_first': 'stimuli/practice_images/belt.jpg', 'img_second': 'stimuli/practice_images/ant.jpg', 'img_third': None, 'opt_left': 'yes', 'opt_right': 'no', 'correct_side': 'right', 'correct_key': 'up', 'distance_correct': 3, 'image_dur_retr': 2, 'fix_dur_retr': 0.5, 'ImageExamplePath': 'stimuli/practice_images/practice_sequence_overview_t3_03.jpg', 'iti_dur_retr': 0.61, 'reflection_win_dur': 2.15, 'thisN': 2, 'thisTrialN': 2, 'thisRepN': 0}>
90.3194 	EXP 	New trial (rep=0, index=0): <Trial 0 (0 in rep 0) data={'thisN': 0, 'thisTrialN': 0, 'thisRepN': 0}>
90.3199 	DATA 	Keypress: y
90.3300 	EXP 	text_feedback: autoDraw = False
90.3300 	EXP 	info_example_2: autoDraw = False
90.3300 	EXP 	text_continue: autoDraw = False
90.3300 	EXP 	fix_cross_retrbegin: text = '+'
90.3300 	EXP 	fix_cross_retrbegin: autoDraw = True
90.3824 	EXP 	Device response: <KeyPress from None: t=90.30317039997317, value=y, duration=0.06337170000188053>
90.9880 	EXP 	fix_cross_retrbegin: autoDraw = False
90.9880 	EXP 	fix_cross_retrbegin: autoDraw = False
90.9880 	EXP 	image_1_prc: image = 'stimuli/practice_images/belt.jpg'
90.9880 	EXP 	info_example_3: image = 'stimuli/practice_images/practice_sequence_overview_t3_03.jpg'
90.9880 	EXP 	image_1_prc: autoDraw = True
90.9880 	EXP 	info_example_3: autoDraw = True
92.5183 	EXP 	image_1_prc: autoDraw = False
92.5183 	EXP 	info_example_3: autoDraw = False
92.5183 	EXP 	image_1_prc: autoDraw = False
92.5183 	EXP 	info_example_3: autoDraw = False
92.5183 	EXP 	info_example_4: image = 'stimuli/practice_images/practice_sequence_overview_t3_03.jpg'
92.5183 	EXP 	mask_img1: autoDraw = True
92.5183 	EXP 	info_example_4: autoDraw = True
92.8029 	EXP 	mask_img1: autoDraw = False
92.8029 	EXP 	info_example_4: autoDraw = False
92.8029 	EXP 	image_2_prc: image = 'stimuli/practice_images/ant.jpg'
92.8029 	EXP 	info_example_5: image = 'stimuli/practice_images/practice_sequence_overview_t3_03.jpg'
92.8029 	EXP 	image_2_prc: autoDraw = True
92.8029 	EXP 	info_example_5: autoDraw = True
94.3352 	EXP 	image_2_prc: autoDraw = False
94.3352 	EXP 	info_example_5: autoDraw = False
94.3352 	EXP 	image_2_prc: autoDraw = False
94.3352 	EXP 	info_example_5: autoDraw = False
94.3352 	EXP 	info_example_6: image = 'stimuli/practice_images/practice_sequence_overview_t3_03.jpg'
94.3352 	EXP 	mask_img2: autoDraw = True
94.3352 	EXP 	info_example_6: autoDraw = True
94.5787 	EXP 	mask_img2: autoDraw = False
94.5787 	EXP 	info_example_6: autoDraw = False
94.5787 	EXP 	fix_cross_reflretr_2: autoDraw = True
94.5787 	EXP 	text: autoDraw = True
98.7295 	INFO 	Keyboard events cleared
98.7426 	INFO 	Keyboard events cleared
98.7667 	EXP 	fix_cross_reflretr_2: autoDraw = False
98.7667 	EXP 	text: autoDraw = False
98.7667 	EXP 	fix_cross_reflretr_2: autoDraw = False
98.7667 	EXP 	text: autoDraw = False
98.7667 	EXP 	yes_txt_3: text = 'ja'
98.7667 	EXP 	no_txt_3: text = 'nein'
98.7667 	EXP 	info_example_7: image = 'stimuli/practice_images/practice_sequence_overview_t3_03.jpg'
98.7667 	EXP 	text_question_order: text = 'Präsentationsreihenfolge entspricht Sequenzreihenfolge?'
98.7667 	EXP 	yes_txt_3: autoDraw = True
98.7667 	EXP 	no_txt_3: autoDraw = True
98.7667 	EXP 	polygon_9: autoDraw = True
98.7667 	EXP 	info_example_7: autoDraw = True
98.7667 	EXP 	text_question_order: autoDraw = True
101.1460 	EXP 	Device response: <KeyPress from None: t=101.13793880003504, value=b, duration=None>
101.1472 	DATA 	Keypress: b
101.2632 	INFO 	Keyboard events cleared
101.2760 	INFO 	Keyboard events cleared
101.2989 	EXP 	yes_txt_3: autoDraw = False
101.2989 	EXP 	no_txt_3: autoDraw = False
101.2989 	EXP 	polygon_9: autoDraw = False
101.2989 	EXP 	info_example_7: autoDraw = False
101.2989 	EXP 	text_question_order: autoDraw = False
101.2989 	EXP 	info_example: image = 'stimuli/practice_images/practice_sequence_overview_t3_03.jpg'
101.2989 	EXP 	opt_2_prc: foreColor = <psychopy.colors.Color: white, alpha=1.0>
101.2989 	EXP 	opt_3_prc: foreColor = <psychopy.colors.Color: white, alpha=1.0>
101.2989 	EXP 	opt_4_prc: foreColor = <psychopy.colors.Color: white, alpha=1.0>
101.2989 	EXP 	opt_5_prc: foreColor = <psychopy.colors.Color: white, alpha=1.0>
101.2989 	EXP 	text_question_retrieval: text = 'Wie viele Schritte zum ersten bis zum zweiten Bild?'
101.2989 	EXP 	info_example: autoDraw = True
101.2989 	EXP 	opt_2_prc: autoDraw = True
101.2989 	EXP 	opt_3_prc: autoDraw = True
101.2989 	EXP 	opt_4_prc: autoDraw = True
101.2989 	EXP 	opt_5_prc: autoDraw = True
101.2989 	EXP 	text_question_retrieval: autoDraw = True
101.3630 	EXP 	Device response: <KeyPress from None: t=87.4283015000401, value=b, duration=13.932359499973245>
105.2111 	EXP 	Device response: <KeyPress from None: t=105.19867349998094, value=b, duration=None>
105.2127 	DATA 	Keypress: b
105.2252 	EXP 	opt_3_prc: foreColor = 'blue'
105.3639 	EXP 	info_example: autoDraw = False
105.3639 	EXP 	opt_2_prc: autoDraw = False
105.3639 	EXP 	opt_3_prc: autoDraw = False
105.3639 	EXP 	opt_4_prc: autoDraw = False
105.3639 	EXP 	opt_5_prc: autoDraw = False
105.3639 	EXP 	text_question_retrieval: autoDraw = False
105.3639 	EXP 	text_feedback: text = 'Gut gemacht! Sie haben Abruf verstanden.'
105.3639 	EXP 	info_example_2: image = 'stimuli/practice_images/practice_sequence_overview_t3_03.jpg'
105.3639 	EXP 	text_continue: text = 'Drücken Sie eine beliebige Taste, um weiterzumachen.'
105.3639 	EXP 	text_feedback: autoDraw = True
105.3639 	EXP 	text_continue: autoDraw = True
105.3943 	EXP 	Device response: <KeyPress from None: t=101.13793880003504, value=b, duration=4.244985400000587>
105.8418 	INFO 	Keyboard events cleared
105.9108 	EXP 	Device response: <KeyPress from None: t=105.89669900003355, value=b, duration=None>
105.9208 	DATA 	Keypress: b
105.9250 	EXP 	text_feedback: autoDraw = False
105.9250 	EXP 	info_example_2: autoDraw = False
105.9250 	EXP 	text_continue: autoDraw = False
105.9250 	EXP 	instructions_part7: height = 0.025
105.9250 	EXP 	instructions_part7: height = 0.025
105.9250 	EXP 	instructions_part7: height = 0.025
105.9250 	EXP 	instructions_part7: text = 'Sie haben alle Übungsdurchgänge beendet.\nNun beginnt die Hauptaufgabe.\n\nBitte bewegen Sie Körper und Augen während der\nAufgabenphasen so wenig wie möglich.\n\nZu Beginn kennen Sie die richtige Sequenz noch nicht.\nSie lernen sie schrittweise durch Versuch und Irrtum.\n\nDrücken Sie eine beliebige Taste, um die Hauptaufgabe zu starten.'
105.9250 	EXP 	instructions_part7: autoDraw = True
106.0442 	EXP 	Device response: <KeyPress from None: t=105.19867349998094, value=b, duration=0.8358975000446662>
106.5937 	EXP 	Device response: <KeyPress from None: t=106.59111060004216, value=b, duration=None>
106.5941 	DATA 	Keypress: b
106.7273 	EXP 	Device response: <KeyPress from None: t=105.89669900003355, value=b, duration=0.823726800037548>
106.9247 	INFO 	Keyboard events cleared
107.1104 	EXP 	Device response: <KeyPress from None: t=107.10317610006314, value=b, duration=None>
107.1146 	DEBUG 	Read excel file with openpyxl: sequences/block_conditions.xlsx
107.1151 	EXP 	Imported sequences/block_conditions.xlsx as conditions, 4 conditions, 3 params
107.1154 	EXP 	New trial (rep=0, index=0): <Trial 0 (0 in rep 0) data={'condFileLearning': 'sequences/learning_block1_fixed-middle-10_0{participant_ID}.xlsx', 'condFileRetrieval': 'sequences/retrieval_block1_fixed-middle-10_0{participant_ID}.xlsx', 'n_routes_block': 6, 'thisN': 0, 'thisTrialN': 0, 'thisRepN': 0}>
107.1156 	EXP 	New trial (rep=0, index=0): <Trial 0 (0 in rep 0) data={'thisN': 0, 'thisTrialN': 0, 'thisRepN': 0}>
107.1216 	DATA 	Keypress: b
107.1419 	EXP 	instructions_part7: autoDraw = False
107.1419 	EXP 	scene_image: image = 'stimuli\\context_images\\sea_01.jpg'
107.1419 	EXP 	scene_image: autoDraw = True
107.1941 	EXP 	Device response: <KeyPress from None: t=106.59111060004216, value=b, duration=0.5956567999674007>
107.6599 	DEBUG 	Read excel file with openpyxl: sequences/learning_block1_fixed-middle-10_03.xlsx
107.6945 	EXP 	Imported sequences/learning_block1_fixed-middle-10_03.xlsx as conditions, 13 conditions, 35 params
107.6950 	EXP 	New trial (rep=0, index=0): <Trial 0 (0 in rep 0) data={'block': 1.0, 'learningSeq': 'A', 'runIndexWithinSeq': 1, 'currPosInSeq': 1, 'promptFile': 'stimuli/lamp/lamp_01.jpg', 'correctFile': 'stimuli/key/key_01.jpg', 'dist_01File': 'stimuli/bicycle/bicycle_06.jpg', 'dist_02File': 'stimuli/bread/bread_29.jpg', 'promptConcept': 'lamp', 'correctConcept': 'key', 'dist01Concept': 'bicycle', 'dist02Concept': 'bread', 'correct_pos': 'right', 'dist01_pos': 'center', 'dist02_pos': 'left', 'dist01_diff': 0.53, 'dist02_diff': 0.42, 'correct_ans': 'right', 'pairTargetPosInSeq': 2, 'buf1Concept': 'lamp', 'buf1Exemplar': 1, 'buf1File': 'stimuli/lamp/lamp_01.jpg', 'buf2Concept': 'key', 'buf2Exemplar': 1, 'buf2File': 'stimuli/key/key_01.jpg', 'buf13Concept': 'pencil', 'buf13Exemplar': 1, 'buf13File': 'stimuli/pencil/pencil_01.jpg', 'buf14Concept': 'phone', 'buf14Exemplar': 1, 'buf14File': 'stimuli/phone/phone_01.jpg', 'promptTrigNumber': 14, 'correctTrigNumber': 15, 'dist01TrigNumber': 2, 'dist02TrigNumber': 3, 'thisN': 0, 'thisTrialN': 0, 'thisRepN': 0}>
107.7003 	INFO 	Keyboard events cleared
107.8787 	INFO 	Keyboard events cleared
107.9596 	EXP 	scene_image: autoDraw = False
107.9596 	EXP 	scene_image_2: image = 'stimuli\\context_images\\sea_01.jpg'
107.9596 	EXP 	prompt: image = 'stimuli/lamp/lamp_01.jpg'
107.9596 	EXP 	dist_01: image = 'stimuli/bicycle/bicycle_06.jpg'
107.9596 	EXP 	dist_02: image = 'stimuli/bread/bread_29.jpg'
107.9596 	EXP 	correct: image = 'stimuli/key/key_01.jpg'
107.9596 	EXP 	chooseNowText: height = 0.02
107.9596 	EXP 	chooseNowText: height = 0.02
107.9596 	EXP 	chooseNowText: height = 0.02
107.9596 	EXP 	scene_image_2: autoDraw = True
107.9596 	EXP 	polygon_4: autoDraw = True
107.9596 	EXP 	polygon_4: borderColor = <psychopy.colors.Color: none, alpha=0.0>
107.9596 	EXP 	prompt: autoDraw = True
107.9596 	EXP 	dist_01: autoDraw = True
107.9596 	EXP 	dist_02: autoDraw = True
107.9596 	EXP 	correct: autoDraw = True
107.9596 	EXP 	chooseNowText: autoDraw = True
107.9754 	EXP 	polygon_4: borderColor = <psychopy.colors.Color: none, alpha=0.0>
107.9919 	EXP 	polygon_4: borderColor = <psychopy.colors.Color: none, alpha=0.0>
108.0088 	EXP 	polygon_4: borderColor = <psychopy.colors.Color: none, alpha=0.0>
108.0253 	EXP 	polygon_4: borderColor = <psychopy.colors.Color: none, alpha=0.0>
108.0422 	EXP 	polygon_4: borderColor = <psychopy.colors.Color: none, alpha=0.0>
108.0590 	EXP 	polygon_4: borderColor = <psychopy.colors.Color: none, alpha=0.0>
108.0755 	EXP 	polygon_4: borderColor = <psychopy.colors.Color: none, alpha=0.0>
108.0917 	EXP 	polygon_4: borderColor = <psychopy.colors.Color: none, alpha=0.0>
108.1082 	EXP 	polygon_4: borderColor = <psychopy.colors.Color: none, alpha=0.0>
108.1249 	EXP 	polygon_4: borderColor = <psychopy.colors.Color: none, alpha=0.0>
108.1418 	EXP 	polygon_4: borderColor = <psychopy.colors.Color: none, alpha=0.0>
108.1581 	EXP 	polygon_4: borderColor = <psychopy.colors.Color: none, alpha=0.0>
108.1749 	EXP 	polygon_4: borderColor = <psychopy.colors.Color: none, alpha=0.0>
108.1917 	EXP 	polygon_4: borderColor = <psychopy.colors.Color: none, alpha=0.0>
108.2087 	EXP 	polygon_4: borderColor = <psychopy.colors.Color: none, alpha=0.0>
108.2251 	EXP 	polygon_4: borderColor = <psychopy.colors.Color: none, alpha=0.0>
108.2415 	EXP 	polygon_4: borderColor = <psychopy.colors.Color: none, alpha=0.0>
108.2582 	EXP 	polygon_4: borderColor = <psychopy.colors.Color: none, alpha=0.0>
108.2749 	EXP 	polygon_4: borderColor = <psychopy.colors.Color: none, alpha=0.0>
108.2918 	EXP 	polygon_4: borderColor = <psychopy.colors.Color: none, alpha=0.0>
108.3084 	EXP 	polygon_4: borderColor = <psychopy.colors.Color: none, alpha=0.0>
108.3250 	EXP 	polygon_4: borderColor = <psychopy.colors.Color: none, alpha=0.0>
108.3416 	EXP 	polygon_4: borderColor = <psychopy.colors.Color: none, alpha=0.0>
108.3583 	EXP 	polygon_4: borderColor = <psychopy.colors.Color: none, alpha=0.0>
108.3750 	EXP 	polygon_4: borderColor = <psychopy.colors.Color: none, alpha=0.0>
108.3916 	EXP 	polygon_4: borderColor = <psychopy.colors.Color: none, alpha=0.0>
108.4081 	EXP 	polygon_4: borderColor = <psychopy.colors.Color: none, alpha=0.0>
108.4247 	EXP 	polygon_4: borderColor = <psychopy.colors.Color: none, alpha=0.0>
108.4273 	EXP 	Device response: <KeyPress from None: t=108.41651870007627, value=g, duration=None>
108.4302 	DATA 	Keypress: g
108.4577 	EXP 	polygon_4: borderColor = <psychopy.colors.Color: none, alpha=0.0>
108.4577 	EXP 	polygon_4: fillColor = <psychopy.colors.Color: red, alpha=1.0>
108.4577 	EXP 	polygon_4: borderColor = <psychopy.colors.Color: red, alpha=1.0>
108.4748 	EXP 	polygon_4: borderColor = <psychopy.colors.Color: (0.0, 0.0, 0.0, 1.0)>
108.4918 	EXP 	polygon_4: borderColor = <psychopy.colors.Color: (0.0, 0.0, 0.0, 1.0)>
108.5087 	EXP 	polygon_4: borderColor = <psychopy.colors.Color: (0.0, 0.0, 0.0, 1.0)>
108.5249 	EXP 	polygon_4: borderColor = <psychopy.colors.Color: (0.0, 0.0, 0.0, 1.0)>
108.5418 	EXP 	polygon_4: borderColor = <psychopy.colors.Color: (0.0, 0.0, 0.0, 1.0)>
108.7134 	EXP 	Device response: <KeyPress from None: t=108.41651870007627, value=g, duration=0.19860000000335276>
108.7892 	EXP 	polygon_4: borderColor = <psychopy.colors.Color: (0.0, 0.0, 0.0, 1.0)>
108.7892 	EXP 	scene_image_2: autoDraw = False
108.7892 	EXP 	polygon_4: autoDraw = False
108.7892 	EXP 	prompt: autoDraw = False
108.7892 	EXP 	dist_01: autoDraw = False
108.7892 	EXP 	dist_02: autoDraw = False
108.7892 	EXP 	correct: autoDraw = False
108.7892 	EXP 	chooseNowText: autoDraw = False
108.7892 	EXP 	scene_image_3: image = 'stimuli\\context_images\\sea_01.jpg'
108.7892 	EXP 	polygon_8: fillColor = <psychopy.colors.Color: red, alpha=1.0>
108.7892 	EXP 	polygon_8: borderColor = <psychopy.colors.Color: red, alpha=1.0>
108.7892 	EXP 	prompt_2: image = 'stimuli/lamp/lamp_01.jpg'
108.7892 	EXP 	dist_01_2: image = 'stimuli/bicycle/bicycle_06.jpg'
108.7892 	EXP 	dist_02_2: image = 'stimuli/bread/bread_29.jpg'
108.7892 	EXP 	correct_2: image = 'stimuli/key/key_01.jpg'
108.7892 	EXP 	scene_image_3: autoDraw = True
108.7892 	EXP 	polygon_8: autoDraw = True
108.7892 	EXP 	prompt_2: autoDraw = True
108.7892 	EXP 	dist_01_2: autoDraw = True
108.7892 	EXP 	dist_02_2: autoDraw = True
108.7892 	EXP 	correct_2: autoDraw = True
109.8198 	EXP 	New trial (rep=0, index=1): <Trial 1 (1 in rep 0) data={'block': 1.0, 'learningSeq': 'A', 'runIndexWithinSeq': 1, 'currPosInSeq': 2, 'promptFile': 'stimuli/key/key_01.jpg', 'correctFile': 'stimuli/hand/hand_16.jpg', 'dist_01File': 'stimuli/flower/flower_17.jpg', 'dist_02File': 'stimuli/chair/chair_11.jpg', 'promptConcept': 'key', 'correctConcept': 'hand', 'dist01Concept': 'flower', 'dist02Concept': 'chair', 'correct_pos': 'right', 'dist01_pos': 'center', 'dist02_pos': 'left', 'dist01_diff': 0.69, 'dist02_diff': 0.53, 'correct_ans': 'right', 'pairTargetPosInSeq': 3, 'buf1Concept': 'lamp', 'buf1Exemplar': 1, 'buf1File': 'stimuli/lamp/lamp_01.jpg', 'buf2Concept': 'key', 'buf2Exemplar': 1, 'buf2File': 'stimuli/key/key_01.jpg', 'buf13Concept': 'pencil', 'buf13Exemplar': 1, 'buf13File': 'stimuli/pencil/pencil_01.jpg', 'buf14Concept': 'phone', 'buf14Exemplar': 1, 'buf14File': 'stimuli/phone/phone_01.jpg', 'promptTrigNumber': 15, 'correctTrigNumber': 8, 'dist01TrigNumber': 6, 'dist02TrigNumber': 4, 'thisN': 1, 'thisTrialN': 1, 'thisRepN': 0}>
109.8258 	INFO 	Keyboard events cleared
109.9811 	INFO 	Keyboard events cleared
110.0175 	EXP 	scene_image_3: autoDraw = False
110.0175 	EXP 	polygon_8: autoDraw = False
110.0175 	EXP 	prompt_2: autoDraw = False
110.0175 	EXP 	dist_01_2: autoDraw = False
110.0175 	EXP 	dist_02_2: autoDraw = False
110.0175 	EXP 	correct_2: autoDraw = False
110.0175 	EXP 	scene_image_4: image = 'stimuli\\context_images\\sea_01.jpg'
110.0175 	EXP 	tooSlowtext: text = ''
110.0175 	EXP 	tooSlowtext: height = 0.02
110.0175 	EXP 	tooSlowtext: height = 0.02
110.0175 	EXP 	tooSlowtext: height = 0.02
110.0175 	EXP 	tooSlowtext: text = 'Zu langsam. Sie müssen schneller antworten.'
110.0175 	EXP 	scene_image_4: autoDraw = False
110.0175 	EXP 	tooSlowtext: autoDraw = False
110.0175 	EXP 	scene_image_2: image = 'stimuli\\context_images\\sea_01.jpg'
110.0175 	EXP 	prompt: image = 'stimuli/key/key_01.jpg'
110.0175 	EXP 	dist_01: image = 'stimuli/flower/flower_17.jpg'
110.0175 	EXP 	dist_02: image = 'stimuli/chair/chair_11.jpg'
110.0175 	EXP 	correct: image = 'stimuli/hand/hand_16.jpg'
110.0175 	EXP 	chooseNowText: height = 0.02
110.0175 	EXP 	chooseNowText: height = 0.02
110.0175 	EXP 	chooseNowText: height = 0.02
110.0175 	EXP 	scene_image_2: autoDraw = True
110.0175 	EXP 	polygon_4: autoDraw = True
110.0175 	EXP 	polygon_4: borderColor = <psychopy.colors.Color: none, alpha=0.0>
110.0175 	EXP 	prompt: autoDraw = True
110.0175 	EXP 	dist_01: autoDraw = True
110.0175 	EXP 	dist_02: autoDraw = True
110.0175 	EXP 	correct: autoDraw = True
110.0175 	EXP 	chooseNowText: autoDraw = True
110.0409 	EXP 	polygon_4: borderColor = <psychopy.colors.Color: none, alpha=0.0>
110.0584 	EXP 	polygon_4: borderColor = <psychopy.colors.Color: none, alpha=0.0>
110.0798 	EXP 	polygon_4: borderColor = <psychopy.colors.Color: none, alpha=0.0>
110.0917 	EXP 	polygon_4: borderColor = <psychopy.colors.Color: none, alpha=0.0>
110.1084 	EXP 	polygon_4: borderColor = <psychopy.colors.Color: none, alpha=0.0>
110.1302 	EXP 	polygon_4: borderColor = <psychopy.colors.Color: none, alpha=0.0>
110.1420 	EXP 	polygon_4: borderColor = <psychopy.colors.Color: none, alpha=0.0>
110.1583 	EXP 	polygon_4: borderColor = <psychopy.colors.Color: none, alpha=0.0>
110.1742 	EXP 	polygon_4: borderColor = <psychopy.colors.Color: none, alpha=0.0>
110.1910 	EXP 	polygon_4: borderColor = <psychopy.colors.Color: none, alpha=0.0>
110.2075 	EXP 	polygon_4: borderColor = <psychopy.colors.Color: none, alpha=0.0>
110.2241 	EXP 	polygon_4: borderColor = <psychopy.colors.Color: none, alpha=0.0>
110.2265 	EXP 	Device response: <KeyPress from None: t=110.221293300041, value=r, duration=None>
110.2290 	DATA 	Keypress: r
110.2572 	EXP 	polygon_4: borderColor = <psychopy.colors.Color: none, alpha=0.0>
110.2572 	EXP 	polygon_4: fillColor = <psychopy.colors.Color: red, alpha=1.0>
110.2572 	EXP 	polygon_4: borderColor = <psychopy.colors.Color: red, alpha=1.0>
110.2742 	EXP 	polygon_4: borderColor = <psychopy.colors.Color: (0.0, 0.0, 0.0, 1.0)>
110.2907 	EXP 	polygon_4: borderColor = <psychopy.colors.Color: (0.0, 0.0, 0.0, 1.0)>
110.3078 	EXP 	polygon_4: borderColor = <psychopy.colors.Color: (0.0, 0.0, 0.0, 1.0)>
110.3244 	EXP 	polygon_4: borderColor = <psychopy.colors.Color: (0.0, 0.0, 0.0, 1.0)>
110.3410 	EXP 	polygon_4: borderColor = <psychopy.colors.Color: (0.0, 0.0, 0.0, 1.0)>
110.4838 	EXP 	Device response: <KeyPress from None: t=76.7280696000671, value=r, duration=33.665701899910346>
110.5149 	EXP 	polygon_4: borderColor = <psychopy.colors.Color: (0.0, 0.0, 0.0, 1.0)>
110.5149 	EXP 	scene_image_2: autoDraw = False
110.5149 	EXP 	polygon_4: autoDraw = False
110.5149 	EXP 	prompt: autoDraw = False
110.5149 	EXP 	dist_01: autoDraw = False
110.5149 	EXP 	dist_02: autoDraw = False
110.5149 	EXP 	correct: autoDraw = False
110.5149 	EXP 	chooseNowText: autoDraw = False
110.5149 	EXP 	scene_image_3: image = 'stimuli\\context_images\\sea_01.jpg'
110.5149 	EXP 	polygon_8: fillColor = <psychopy.colors.Color: red, alpha=1.0>
110.5149 	EXP 	polygon_8: borderColor = <psychopy.colors.Color: red, alpha=1.0>
110.5149 	EXP 	prompt_2: image = 'stimuli/key/key_01.jpg'
110.5149 	EXP 	dist_01_2: image = 'stimuli/flower/flower_17.jpg'
110.5149 	EXP 	dist_02_2: image = 'stimuli/chair/chair_11.jpg'
110.5149 	EXP 	correct_2: image = 'stimuli/hand/hand_16.jpg'
110.5149 	EXP 	scene_image_3: autoDraw = True
110.5149 	EXP 	polygon_8: autoDraw = True
110.5149 	EXP 	prompt_2: autoDraw = True
110.5149 	EXP 	dist_01_2: autoDraw = True
110.5149 	EXP 	dist_02_2: autoDraw = True
110.5149 	EXP 	correct_2: autoDraw = True
111.5013 	EXP 	New trial (rep=0, index=2): <Trial 2 (2 in rep 0) data={'block': 1.0, 'learningSeq': 'A', 'runIndexWithinSeq': 1, 'currPosInSeq': 3, 'promptFile': 'stimuli/hand/hand_16.jpg', 'correctFile': 'stimuli/ball/ball_11.jpg', 'dist_01File': 'stimuli/dog/dog_49.jpg', 'dist_02File': 'stimuli/house/house_35.jpg', 'promptConcept': 'hand', 'correctConcept': 'ball', 'dist01Concept': 'dog', 'dist02Concept': 'house', 'correct_pos': 'center', 'dist01_pos': 'left', 'dist02_pos': 'right', 'dist01_diff': 0.8, 'dist02_diff': 0.47, 'correct_ans': 'center', 'pairTargetPosInSeq': 4, 'buf1Concept': 'lamp', 'buf1Exemplar': 1, 'buf1File': 'stimuli/lamp/lamp_01.jpg', 'buf2Concept': 'key', 'buf2Exemplar': 1, 'buf2File': 'stimuli/key/key_01.jpg', 'buf13Concept': 'pencil', 'buf13Exemplar': 1, 'buf13File': 'stimuli/pencil/pencil_01.jpg', 'buf14Concept': 'phone', 'buf14Exemplar': 1, 'buf14File': 'stimuli/phone/phone_01.jpg', 'promptTrigNumber': 8, 'correctTrigNumber': 1, 'dist01TrigNumber': 5, 'dist02TrigNumber': 9, 'thisN': 2, 'thisTrialN': 2, 'thisRepN': 0}>
111.5070 	INFO 	Keyboard events cleared
111.6987 	INFO 	Keyboard events cleared
111.7626 	EXP 	scene_image_3: autoDraw = False
111.7626 	EXP 	polygon_8: autoDraw = False
111.7626 	EXP 	prompt_2: autoDraw = False
111.7626 	EXP 	dist_01_2: autoDraw = False
111.7626 	EXP 	dist_02_2: autoDraw = False
111.7626 	EXP 	correct_2: autoDraw = False
111.7626 	EXP 	scene_image_4: image = 'stimuli\\context_images\\sea_01.jpg'
111.7626 	EXP 	tooSlowtext: height = 0.02
111.7626 	EXP 	tooSlowtext: height = 0.02
111.7626 	EXP 	tooSlowtext: height = 0.02
111.7626 	EXP 	tooSlowtext: text = ''
111.7626 	EXP 	tooSlowtext: height = 0.02
111.7626 	EXP 	tooSlowtext: height = 0.02
111.7626 	EXP 	tooSlowtext: height = 0.02
111.7626 	EXP 	tooSlowtext: text = 'Zu langsam. Sie müssen schneller antworten.'
111.7626 	EXP 	scene_image_4: autoDraw = False
111.7626 	EXP 	tooSlowtext: autoDraw = False
111.7626 	EXP 	scene_image_2: image = 'stimuli\\context_images\\sea_01.jpg'
111.7626 	EXP 	prompt: image = 'stimuli/hand/hand_16.jpg'
111.7626 	EXP 	dist_01: image = 'stimuli/dog/dog_49.jpg'
111.7626 	EXP 	dist_02: image = 'stimuli/house/house_35.jpg'
111.7626 	EXP 	correct: image = 'stimuli/ball/ball_11.jpg'
111.7626 	EXP 	chooseNowText: height = 0.02
111.7626 	EXP 	chooseNowText: height = 0.02
111.7626 	EXP 	chooseNowText: height = 0.02
111.7626 	EXP 	scene_image_2: autoDraw = True
111.7626 	EXP 	polygon_4: autoDraw = True
111.7626 	EXP 	polygon_4: borderColor = <psychopy.colors.Color: none, alpha=0.0>
111.7626 	EXP 	prompt: autoDraw = True
111.7626 	EXP 	dist_01: autoDraw = True
111.7626 	EXP 	dist_02: autoDraw = True
111.7626 	EXP 	correct: autoDraw = True
111.7626 	EXP 	chooseNowText: autoDraw = True
111.7736 	EXP 	polygon_4: borderColor = <psychopy.colors.Color: none, alpha=0.0>
111.7902 	EXP 	polygon_4: borderColor = <psychopy.colors.Color: none, alpha=0.0>
111.8070 	EXP 	polygon_4: borderColor = <psychopy.colors.Color: none, alpha=0.0>
111.8240 	EXP 	polygon_4: borderColor = <psychopy.colors.Color: none, alpha=0.0>
111.8405 	EXP 	polygon_4: borderColor = <psychopy.colors.Color: none, alpha=0.0>
111.8573 	EXP 	polygon_4: borderColor = <psychopy.colors.Color: none, alpha=0.0>
111.8739 	EXP 	polygon_4: borderColor = <psychopy.colors.Color: none, alpha=0.0>
111.8906 	EXP 	polygon_4: borderColor = <psychopy.colors.Color: none, alpha=0.0>
111.9072 	EXP 	polygon_4: borderColor = <psychopy.colors.Color: none, alpha=0.0>
111.9238 	EXP 	polygon_4: borderColor = <psychopy.colors.Color: none, alpha=0.0>
111.9405 	EXP 	polygon_4: borderColor = <psychopy.colors.Color: none, alpha=0.0>
111.9572 	EXP 	polygon_4: borderColor = <psychopy.colors.Color: none, alpha=0.0>
111.9596 	EXP 	Device response: <KeyPress from None: t=111.95856519998051, value=b, duration=None>
111.9617 	DATA 	Keypress: b
111.9901 	EXP 	polygon_4: borderColor = <psychopy.colors.Color: none, alpha=0.0>
111.9901 	EXP 	polygon_4: fillColor = <psychopy.colors.Color: red, alpha=1.0>
111.9901 	EXP 	polygon_4: borderColor = <psychopy.colors.Color: red, alpha=1.0>
112.0071 	EXP 	polygon_4: borderColor = <psychopy.colors.Color: (0.0, 0.0, 0.0, 1.0)>
112.0237 	EXP 	polygon_4: borderColor = <psychopy.colors.Color: (0.0, 0.0, 0.0, 1.0)>
112.0404 	EXP 	polygon_4: borderColor = <psychopy.colors.Color: (0.0, 0.0, 0.0, 1.0)>
112.0572 	EXP 	polygon_4: borderColor = <psychopy.colors.Color: (0.0, 0.0, 0.0, 1.0)>
112.0738 	EXP 	polygon_4: borderColor = <psychopy.colors.Color: (0.0, 0.0, 0.0, 1.0)>
112.2528 	EXP 	Device response: <KeyPress from None: t=107.10317610006314, value=b, duration=5.086303999996744>
112.3042 	EXP 	polygon_4: borderColor = <psychopy.colors.Color: (0.0, 0.0, 0.0, 1.0)>
112.3042 	EXP 	scene_image_2: autoDraw = False
112.3042 	EXP 	polygon_4: autoDraw = False
112.3042 	EXP 	prompt: autoDraw = False
112.3042 	EXP 	dist_01: autoDraw = False
112.3042 	EXP 	dist_02: autoDraw = False
112.3042 	EXP 	correct: autoDraw = False
112.3042 	EXP 	chooseNowText: autoDraw = False
112.3042 	EXP 	scene_image_3: image = 'stimuli\\context_images\\sea_01.jpg'
112.3042 	EXP 	polygon_8: fillColor = <psychopy.colors.Color: red, alpha=1.0>
112.3042 	EXP 	polygon_8: borderColor = <psychopy.colors.Color: red, alpha=1.0>
112.3042 	EXP 	prompt_2: image = 'stimuli/hand/hand_16.jpg'
112.3042 	EXP 	dist_01_2: image = 'stimuli/dog/dog_49.jpg'
112.3042 	EXP 	dist_02_2: image = 'stimuli/house/house_35.jpg'
112.3042 	EXP 	correct_2: image = 'stimuli/ball/ball_11.jpg'
112.3042 	EXP 	scene_image_3: autoDraw = True
112.3042 	EXP 	polygon_8: autoDraw = True
112.3042 	EXP 	prompt_2: autoDraw = True
112.3042 	EXP 	dist_01_2: autoDraw = True
112.3042 	EXP 	dist_02_2: autoDraw = True
112.3042 	EXP 	correct_2: autoDraw = True
113.3004 	EXP 	New trial (rep=0, index=3): <Trial 3 (3 in rep 0) data={'block': 1.0, 'learningSeq': 'A', 'runIndexWithinSeq': 1, 'currPosInSeq': 4, 'promptFile': 'stimuli/ball/ball_11.jpg', 'correctFile': 'stimuli/dog/dog_49.jpg', 'dist_01File': 'stimuli/jacket/jacket_44.jpg', 'dist_02File': 'stimuli/phone/phone_01.jpg', 'promptConcept': 'ball', 'correctConcept': 'dog', 'dist01Concept': 'jacket', 'dist02Concept': 'phone', 'correct_pos': 'center', 'dist01_pos': 'left', 'dist02_pos': 'right', 'dist01_diff': 0.75, 'dist02_diff': 0.36, 'correct_ans': 'center', 'pairTargetPosInSeq': 5, 'buf1Concept': 'lamp', 'buf1Exemplar': 1, 'buf1File': 'stimuli/lamp/lamp_01.jpg', 'buf2Concept': 'key', 'buf2Exemplar': 1, 'buf2File': 'stimuli/key/key_01.jpg', 'buf13Concept': 'pencil', 'buf13Exemplar': 1, 'buf13File': 'stimuli/pencil/pencil_01.jpg', 'buf14Concept': 'phone', 'buf14Exemplar': 1, 'buf14File': 'stimuli/phone/phone_01.jpg', 'promptTrigNumber': 1, 'correctTrigNumber': 5, 'dist01TrigNumber': 10, 'dist02TrigNumber': 17, 'thisN': 3, 'thisTrialN': 3, 'thisRepN': 0}>
113.3061 	INFO 	Keyboard events cleared
113.4819 	INFO 	Keyboard events cleared
113.5169 	EXP 	scene_image_3: autoDraw = False
113.5169 	EXP 	polygon_8: autoDraw = False
113.5169 	EXP 	prompt_2: autoDraw = False
113.5169 	EXP 	dist_01_2: autoDraw = False
113.5169 	EXP 	dist_02_2: autoDraw = False
113.5169 	EXP 	correct_2: autoDraw = False
113.5169 	EXP 	scene_image_4: image = 'stimuli\\context_images\\sea_01.jpg'
113.5169 	EXP 	tooSlowtext: height = 0.02
113.5169 	EXP 	tooSlowtext: height = 0.02
113.5169 	EXP 	tooSlowtext: height = 0.02
113.5169 	EXP 	tooSlowtext: text = ''
113.5169 	EXP 	tooSlowtext: height = 0.02
113.5169 	EXP 	tooSlowtext: height = 0.02
113.5169 	EXP 	tooSlowtext: height = 0.02
113.5169 	EXP 	tooSlowtext: text = 'Zu langsam. Sie müssen schneller antworten.'
113.5169 	EXP 	scene_image_4: autoDraw = False
113.5169 	EXP 	tooSlowtext: autoDraw = False
113.5169 	EXP 	scene_image_2: image = 'stimuli\\context_images\\sea_01.jpg'
113.5169 	EXP 	prompt: image = 'stimuli/ball/ball_11.jpg'
113.5169 	EXP 	dist_01: image = 'stimuli/jacket/jacket_44.jpg'
113.5169 	EXP 	dist_02: image = 'stimuli/phone/phone_01.jpg'
113.5169 	EXP 	correct: image = 'stimuli/dog/dog_49.jpg'
113.5169 	EXP 	chooseNowText: height = 0.02
113.5169 	EXP 	chooseNowText: height = 0.02
113.5169 	EXP 	chooseNowText: height = 0.02
113.5169 	EXP 	scene_image_2: autoDraw = True
113.5169 	EXP 	polygon_4: autoDraw = True
113.5169 	EXP 	polygon_4: borderColor = <psychopy.colors.Color: none, alpha=0.0>
113.5169 	EXP 	prompt: autoDraw = True
113.5169 	EXP 	dist_01: autoDraw = True
113.5169 	EXP 	dist_02: autoDraw = True
113.5169 	EXP 	correct: autoDraw = True
113.5169 	EXP 	chooseNowText: autoDraw = True
113.5396 	EXP 	polygon_4: borderColor = <psychopy.colors.Color: none, alpha=0.0>
113.5563 	EXP 	polygon_4: borderColor = <psychopy.colors.Color: none, alpha=0.0>
113.5731 	EXP 	polygon_4: borderColor = <psychopy.colors.Color: none, alpha=0.0>
113.5896 	EXP 	polygon_4: borderColor = <psychopy.colors.Color: none, alpha=0.0>
113.6062 	EXP 	polygon_4: borderColor = <psychopy.colors.Color: none, alpha=0.0>
113.6233 	EXP 	polygon_4: borderColor = <psychopy.colors.Color: none, alpha=0.0>
113.6396 	EXP 	polygon_4: borderColor = <psychopy.colors.Color: none, alpha=0.0>
113.6560 	EXP 	polygon_4: borderColor = <psychopy.colors.Color: none, alpha=0.0>
113.6729 	EXP 	polygon_4: borderColor = <psychopy.colors.Color: none, alpha=0.0>
113.6900 	EXP 	polygon_4: borderColor = <psychopy.colors.Color: none, alpha=0.0>
113.7067 	EXP 	polygon_4: borderColor = <psychopy.colors.Color: none, alpha=0.0>
113.7234 	EXP 	polygon_4: borderColor = <psychopy.colors.Color: none, alpha=0.0>
113.7413 	EXP 	polygon_4: borderColor = <psychopy.colors.Color: none, alpha=0.0>
113.7439 	EXP 	Device response: <KeyPress from None: t=113.73009790002834, value=r, duration=None>
113.7458 	DATA 	Keypress: r
113.7716 	EXP 	polygon_4: borderColor = <psychopy.colors.Color: none, alpha=0.0>
113.7716 	EXP 	polygon_4: fillColor = <psychopy.colors.Color: (0.0, 1.0, 0.0, 1.0)>
113.7716 	EXP 	polygon_4: borderColor = <psychopy.colors.Color: (0.0, 1.0, 0.0, 1.0)>
113.7895 	EXP 	polygon_4: borderColor = <psychopy.colors.Color: (0.0, 0.0, 0.0, 1.0)>
113.8062 	EXP 	polygon_4: borderColor = <psychopy.colors.Color: (0.0, 0.0, 0.0, 1.0)>
113.8229 	EXP 	polygon_4: borderColor = <psychopy.colors.Color: (0.0, 0.0, 0.0, 1.0)>
113.8394 	EXP 	polygon_4: borderColor = <psychopy.colors.Color: (0.0, 0.0, 0.0, 1.0)>
113.8563 	EXP 	polygon_4: borderColor = <psychopy.colors.Color: (0.0, 0.0, 0.0, 1.0)>
114.0306 	EXP 	Device response: <KeyPress from None: t=110.221293300041, value=r, duration=3.7757630000123754>
114.0681 	EXP 	polygon_4: borderColor = <psychopy.colors.Color: (0.0, 0.0, 0.0, 1.0)>
114.0681 	EXP 	scene_image_2: autoDraw = False
114.0681 	EXP 	polygon_4: autoDraw = False
114.0681 	EXP 	prompt: autoDraw = False
114.0681 	EXP 	dist_01: autoDraw = False
114.0681 	EXP 	dist_02: autoDraw = False
114.0681 	EXP 	correct: autoDraw = False
114.0681 	EXP 	chooseNowText: autoDraw = False
114.0681 	EXP 	scene_image_3: image = 'stimuli\\context_images\\sea_01.jpg'
114.0681 	EXP 	polygon_8: fillColor = <psychopy.colors.Color: (0.0, 1.0, 0.0, 1.0)>
114.0681 	EXP 	polygon_8: borderColor = <psychopy.colors.Color: (0.0, 1.0, 0.0, 1.0)>
114.0681 	EXP 	prompt_2: image = 'stimuli/ball/ball_11.jpg'
114.0681 	EXP 	dist_01_2: image = 'stimuli/jacket/jacket_44.jpg'
114.0681 	EXP 	dist_02_2: image = 'stimuli/phone/phone_01.jpg'
114.0681 	EXP 	correct_2: image = 'stimuli/dog/dog_49.jpg'
114.0681 	EXP 	scene_image_3: autoDraw = True
114.0681 	EXP 	polygon_8: autoDraw = True
114.0681 	EXP 	prompt_2: autoDraw = True
114.0681 	EXP 	dist_01_2: autoDraw = True
114.0681 	EXP 	dist_02_2: autoDraw = True
114.0681 	EXP 	correct_2: autoDraw = True
115.0663 	EXP 	New trial (rep=0, index=4): <Trial 4 (4 in rep 0) data={'block': 1.0, 'learningSeq': 'A', 'runIndexWithinSeq': 1, 'currPosInSeq': 5, 'promptFile': 'stimuli/dog/dog_49.jpg', 'correctFile': 'stimuli/flower/flower_17.jpg', 'dist_01File': 'stimuli/bread/bread_29.jpg', 'dist_02File': 'stimuli/hammer/hammer_16.jpg', 'promptConcept': 'dog', 'correctConcept': 'flower', 'dist01Concept': 'bread', 'dist02Concept': 'hammer', 'correct_pos': 'left', 'dist01_pos': 'right', 'dist02_pos': 'center', 'dist01_diff': 0.64, 'dist02_diff': 0.53, 'correct_ans': 'left', 'pairTargetPosInSeq': 6, 'buf1Concept': 'lamp', 'buf1Exemplar': 1, 'buf1File': 'stimuli/lamp/lamp_01.jpg', 'buf2Concept': 'key', 'buf2Exemplar': 1, 'buf2File': 'stimuli/key/key_01.jpg', 'buf13Concept': 'pencil', 'buf13Exemplar': 1, 'buf13File': 'stimuli/pencil/pencil_01.jpg', 'buf14Concept': 'phone', 'buf14Exemplar': 1, 'buf14File': 'stimuli/phone/phone_01.jpg', 'promptTrigNumber': 5, 'correctTrigNumber': 6, 'dist01TrigNumber': 3, 'dist02TrigNumber': 7, 'thisN': 4, 'thisTrialN': 4, 'thisRepN': 0}>
115.0717 	INFO 	Keyboard events cleared
115.2128 	INFO 	Keyboard events cleared
115.2606 	EXP 	scene_image_3: autoDraw = False
115.2606 	EXP 	polygon_8: autoDraw = False
115.2606 	EXP 	prompt_2: autoDraw = False
115.2606 	EXP 	dist_01_2: autoDraw = False
115.2606 	EXP 	dist_02_2: autoDraw = False
115.2606 	EXP 	correct_2: autoDraw = False
115.2606 	EXP 	scene_image_4: image = 'stimuli\\context_images\\sea_01.jpg'
115.2606 	EXP 	tooSlowtext: height = 0.02
115.2606 	EXP 	tooSlowtext: height = 0.02
115.2606 	EXP 	tooSlowtext: height = 0.02
115.2606 	EXP 	tooSlowtext: text = ''
115.2606 	EXP 	tooSlowtext: height = 0.02
115.2606 	EXP 	tooSlowtext: height = 0.02
115.2606 	EXP 	tooSlowtext: height = 0.02
115.2606 	EXP 	tooSlowtext: text = 'Zu langsam. Sie müssen schneller antworten.'
115.2606 	EXP 	scene_image_4: autoDraw = False
115.2606 	EXP 	tooSlowtext: autoDraw = False
115.2606 	EXP 	scene_image_2: image = 'stimuli\\context_images\\sea_01.jpg'
115.2606 	EXP 	prompt: image = 'stimuli/dog/dog_49.jpg'
115.2606 	EXP 	dist_01: image = 'stimuli/bread/bread_29.jpg'
115.2606 	EXP 	dist_02: image = 'stimuli/hammer/hammer_16.jpg'
115.2606 	EXP 	correct: image = 'stimuli/flower/flower_17.jpg'
115.2606 	EXP 	chooseNowText: height = 0.02
115.2606 	EXP 	chooseNowText: height = 0.02
115.2606 	EXP 	chooseNowText: height = 0.02
115.2606 	EXP 	scene_image_2: autoDraw = True
115.2606 	EXP 	polygon_4: autoDraw = True
115.2606 	EXP 	polygon_4: borderColor = <psychopy.colors.Color: none, alpha=0.0>
115.2606 	EXP 	prompt: autoDraw = True
115.2606 	EXP 	dist_01: autoDraw = True
115.2606 	EXP 	dist_02: autoDraw = True
115.2606 	EXP 	correct: autoDraw = True
115.2606 	EXP 	chooseNowText: autoDraw = True
115.2730 	EXP 	polygon_4: borderColor = <psychopy.colors.Color: none, alpha=0.0>
115.2892 	EXP 	polygon_4: borderColor = <psychopy.colors.Color: none, alpha=0.0>
115.3062 	EXP 	polygon_4: borderColor = <psychopy.colors.Color: none, alpha=0.0>
115.3228 	EXP 	polygon_4: borderColor = <psychopy.colors.Color: none, alpha=0.0>
115.3393 	EXP 	polygon_4: borderColor = <psychopy.colors.Color: none, alpha=0.0>
115.3561 	EXP 	polygon_4: borderColor = <psychopy.colors.Color: none, alpha=0.0>
115.3723 	EXP 	polygon_4: borderColor = <psychopy.colors.Color: none, alpha=0.0>
115.3889 	EXP 	polygon_4: borderColor = <psychopy.colors.Color: none, alpha=0.0>
115.4057 	EXP 	polygon_4: borderColor = <psychopy.colors.Color: none, alpha=0.0>
115.4228 	EXP 	polygon_4: borderColor = <psychopy.colors.Color: none, alpha=0.0>
115.4394 	EXP 	polygon_4: borderColor = <psychopy.colors.Color: none, alpha=0.0>
115.4560 	EXP 	polygon_4: borderColor = <psychopy.colors.Color: none, alpha=0.0>
115.4730 	EXP 	polygon_4: borderColor = <psychopy.colors.Color: none, alpha=0.0>
115.4894 	EXP 	polygon_4: borderColor = <psychopy.colors.Color: none, alpha=0.0>
115.5061 	EXP 	polygon_4: borderColor = <psychopy.colors.Color: none, alpha=0.0>
115.5227 	EXP 	polygon_4: borderColor = <psychopy.colors.Color: none, alpha=0.0>
115.5392 	EXP 	polygon_4: borderColor = <psychopy.colors.Color: none, alpha=0.0>
115.5558 	EXP 	polygon_4: borderColor = <psychopy.colors.Color: none, alpha=0.0>
115.5724 	EXP 	polygon_4: borderColor = <psychopy.colors.Color: none, alpha=0.0>
115.5894 	EXP 	polygon_4: borderColor = <psychopy.colors.Color: none, alpha=0.0>
115.6056 	EXP 	polygon_4: borderColor = <psychopy.colors.Color: none, alpha=0.0>
115.6077 	EXP 	Device response: <KeyPress from None: t=115.59933450003155, value=r, duration=None>
115.6096 	DATA 	Keypress: r
115.6389 	EXP 	polygon_4: borderColor = <psychopy.colors.Color: none, alpha=0.0>
115.6389 	EXP 	polygon_4: fillColor = <psychopy.colors.Color: red, alpha=1.0>
115.6389 	EXP 	polygon_4: borderColor = <psychopy.colors.Color: red, alpha=1.0>
115.6559 	EXP 	polygon_4: borderColor = <psychopy.colors.Color: (0.0, 0.0, 0.0, 1.0)>
115.6724 	EXP 	polygon_4: borderColor = <psychopy.colors.Color: (0.0, 0.0, 0.0, 1.0)>
115.6897 	EXP 	polygon_4: borderColor = <psychopy.colors.Color: (0.0, 0.0, 0.0, 1.0)>
115.7056 	EXP 	polygon_4: borderColor = <psychopy.colors.Color: (0.0, 0.0, 0.0, 1.0)>
115.7226 	EXP 	polygon_4: borderColor = <psychopy.colors.Color: (0.0, 0.0, 0.0, 1.0)>
115.8732 	EXP 	polygon_4: borderColor = <psychopy.colors.Color: (0.0, 0.0, 0.0, 1.0)>
115.8732 	EXP 	scene_image_2: autoDraw = False
115.8732 	EXP 	polygon_4: autoDraw = False
115.8732 	EXP 	prompt: autoDraw = False
115.8732 	EXP 	dist_01: autoDraw = False
115.8732 	EXP 	dist_02: autoDraw = False
115.8732 	EXP 	correct: autoDraw = False
115.8732 	EXP 	chooseNowText: autoDraw = False
115.8732 	EXP 	scene_image_3: image = 'stimuli\\context_images\\sea_01.jpg'
115.8732 	EXP 	polygon_8: fillColor = <psychopy.colors.Color: red, alpha=1.0>
115.8732 	EXP 	polygon_8: borderColor = <psychopy.colors.Color: red, alpha=1.0>
115.8732 	EXP 	prompt_2: image = 'stimuli/dog/dog_49.jpg'
115.8732 	EXP 	dist_01_2: image = 'stimuli/bread/bread_29.jpg'
115.8732 	EXP 	dist_02_2: image = 'stimuli/hammer/hammer_16.jpg'
115.8732 	EXP 	correct_2: image = 'stimuli/flower/flower_17.jpg'
115.8732 	EXP 	scene_image_3: autoDraw = True
115.8732 	EXP 	polygon_8: autoDraw = True
115.8732 	EXP 	prompt_2: autoDraw = True
115.8732 	EXP 	dist_01_2: autoDraw = True
115.8732 	EXP 	dist_02_2: autoDraw = True
115.8732 	EXP 	correct_2: autoDraw = True
115.8915 	EXP 	Device response: <KeyPress from None: t=113.73009790002834, value=r, duration=2.1522915000095963>
116.8657 	EXP 	New trial (rep=0, index=5): <Trial 5 (5 in rep 0) data={'block': 1.0, 'learningSeq': 'A', 'runIndexWithinSeq': 1, 'currPosInSeq': 6, 'promptFile': 'stimuli/flower/flower_17.jpg', 'correctFile': 'stimuli/jacket/jacket_44.jpg', 'dist_01File': 'stimuli/chair/chair_11.jpg', 'dist_02File': 'stimuli/pencil/pencil_01.jpg', 'promptConcept': 'flower', 'correctConcept': 'jacket', 'dist01Concept': 'chair', 'dist02Concept': 'pencil', 'correct_pos': 'right', 'dist01_pos': 'center', 'dist02_pos': 'left', 'dist01_diff': 0.75, 'dist02_diff': 0.53, 'correct_ans': 'right', 'pairTargetPosInSeq': 7, 'buf1Concept': 'lamp', 'buf1Exemplar': 1, 'buf1File': 'stimuli/lamp/lamp_01.jpg', 'buf2Concept': 'key', 'buf2Exemplar': 1, 'buf2File': 'stimuli/key/key_01.jpg', 'buf13Concept': 'pencil', 'buf13Exemplar': 1, 'buf13File': 'stimuli/pencil/pencil_01.jpg', 'buf14Concept': 'phone', 'buf14Exemplar': 1, 'buf14File': 'stimuli/phone/phone_01.jpg', 'promptTrigNumber': 6, 'correctTrigNumber': 10, 'dist01TrigNumber': 4, 'dist02TrigNumber': 16, 'thisN': 5, 'thisTrialN': 5, 'thisRepN': 0}>
116.8708 	INFO 	Keyboard events cleared
116.9764 	INFO 	Keyboard events cleared
117.0043 	EXP 	scene_image_3: autoDraw = False
117.0043 	EXP 	polygon_8: autoDraw = False
117.0043 	EXP 	prompt_2: autoDraw = False
117.0043 	EXP 	dist_01_2: autoDraw = False
117.0043 	EXP 	dist_02_2: autoDraw = False
117.0043 	EXP 	correct_2: autoDraw = False
117.0043 	EXP 	scene_image_4: image = 'stimuli\\context_images\\sea_01.jpg'
117.0043 	EXP 	tooSlowtext: height = 0.02
117.0043 	EXP 	tooSlowtext: height = 0.02
117.0043 	EXP 	tooSlowtext: height = 0.02
117.0043 	EXP 	tooSlowtext: text = ''
117.0043 	EXP 	tooSlowtext: height = 0.02
117.0043 	EXP 	tooSlowtext: height = 0.02
117.0043 	EXP 	tooSlowtext: height = 0.02
117.0043 	EXP 	tooSlowtext: text = 'Zu langsam. Sie müssen schneller antworten.'
117.0043 	EXP 	scene_image_4: autoDraw = False
117.0043 	EXP 	tooSlowtext: autoDraw = False
117.0043 	EXP 	scene_image_2: image = 'stimuli\\context_images\\sea_01.jpg'
117.0043 	EXP 	prompt: image = 'stimuli/flower/flower_17.jpg'
117.0043 	EXP 	dist_01: image = 'stimuli/chair/chair_11.jpg'
117.0043 	EXP 	dist_02: image = 'stimuli/pencil/pencil_01.jpg'
117.0043 	EXP 	correct: image = 'stimuli/jacket/jacket_44.jpg'
117.0043 	EXP 	chooseNowText: height = 0.02
117.0043 	EXP 	chooseNowText: height = 0.02
117.0043 	EXP 	chooseNowText: height = 0.02
117.0043 	EXP 	scene_image_2: autoDraw = True
117.0043 	EXP 	polygon_4: autoDraw = True
117.0043 	EXP 	polygon_4: borderColor = <psychopy.colors.Color: none, alpha=0.0>
117.0043 	EXP 	prompt: autoDraw = True
117.0043 	EXP 	dist_01: autoDraw = True
117.0043 	EXP 	dist_02: autoDraw = True
117.0043 	EXP 	correct: autoDraw = True
117.0043 	EXP 	chooseNowText: autoDraw = True
117.0221 	EXP 	polygon_4: borderColor = <psychopy.colors.Color: none, alpha=0.0>
117.0385 	EXP 	polygon_4: borderColor = <psychopy.colors.Color: none, alpha=0.0>
117.0550 	EXP 	polygon_4: borderColor = <psychopy.colors.Color: none, alpha=0.0>
117.0722 	EXP 	polygon_4: borderColor = <psychopy.colors.Color: none, alpha=0.0>
117.0885 	EXP 	polygon_4: borderColor = <psychopy.colors.Color: none, alpha=0.0>
117.1055 	EXP 	polygon_4: borderColor = <psychopy.colors.Color: none, alpha=0.0>
117.1222 	EXP 	polygon_4: borderColor = <psychopy.colors.Color: none, alpha=0.0>
117.1385 	EXP 	polygon_4: borderColor = <psychopy.colors.Color: none, alpha=0.0>
117.1555 	EXP 	polygon_4: borderColor = <psychopy.colors.Color: none, alpha=0.0>
117.1721 	EXP 	polygon_4: borderColor = <psychopy.colors.Color: none, alpha=0.0>
117.1886 	EXP 	polygon_4: borderColor = <psychopy.colors.Color: none, alpha=0.0>
117.2057 	EXP 	polygon_4: borderColor = <psychopy.colors.Color: none, alpha=0.0>
117.2224 	EXP 	polygon_4: borderColor = <psychopy.colors.Color: none, alpha=0.0>
117.2389 	EXP 	polygon_4: borderColor = <psychopy.colors.Color: none, alpha=0.0>
117.2558 	EXP 	polygon_4: borderColor = <psychopy.colors.Color: none, alpha=0.0>
117.2719 	EXP 	polygon_4: borderColor = <psychopy.colors.Color: none, alpha=0.0>
117.2885 	EXP 	polygon_4: borderColor = <psychopy.colors.Color: none, alpha=0.0>
117.2910 	EXP 	Device response: <KeyPress from None: t=117.27844060002826, value=b, duration=None>
117.2932 	DATA 	Keypress: b
117.3215 	EXP 	polygon_4: borderColor = <psychopy.colors.Color: none, alpha=0.0>
117.3215 	EXP 	polygon_4: fillColor = <psychopy.colors.Color: (0.0, 1.0, 0.0, 1.0)>
117.3215 	EXP 	polygon_4: borderColor = <psychopy.colors.Color: (0.0, 1.0, 0.0, 1.0)>
117.3388 	EXP 	polygon_4: borderColor = <psychopy.colors.Color: (0.0, 0.0, 0.0, 1.0)>
117.3555 	EXP 	polygon_4: borderColor = <psychopy.colors.Color: (0.0, 0.0, 0.0, 1.0)>
117.3726 	EXP 	polygon_4: borderColor = <psychopy.colors.Color: (0.0, 0.0, 0.0, 1.0)>
117.3889 	EXP 	polygon_4: borderColor = <psychopy.colors.Color: (0.0, 0.0, 0.0, 1.0)>
117.4055 	EXP 	polygon_4: borderColor = <psychopy.colors.Color: (0.0, 0.0, 0.0, 1.0)>
117.5045 	EXP 	Device response: <KeyPress from None: t=111.95856519998051, value=b, duration=5.530418800073676>
117.5361 	EXP 	polygon_4: borderColor = <psychopy.colors.Color: (0.0, 0.0, 0.0, 1.0)>
117.5361 	EXP 	scene_image_2: autoDraw = False
117.5361 	EXP 	polygon_4: autoDraw = False
117.5361 	EXP 	prompt: autoDraw = False
117.5361 	EXP 	dist_01: autoDraw = False
117.5361 	EXP 	dist_02: autoDraw = False
117.5361 	EXP 	correct: autoDraw = False
117.5361 	EXP 	chooseNowText: autoDraw = False
117.5361 	EXP 	scene_image_3: image = 'stimuli\\context_images\\sea_01.jpg'
117.5361 	EXP 	polygon_8: fillColor = <psychopy.colors.Color: (0.0, 1.0, 0.0, 1.0)>
117.5361 	EXP 	polygon_8: borderColor = <psychopy.colors.Color: (0.0, 1.0, 0.0, 1.0)>
117.5361 	EXP 	prompt_2: image = 'stimuli/flower/flower_17.jpg'
117.5361 	EXP 	dist_01_2: image = 'stimuli/chair/chair_11.jpg'
117.5361 	EXP 	dist_02_2: image = 'stimuli/pencil/pencil_01.jpg'
117.5361 	EXP 	correct_2: image = 'stimuli/jacket/jacket_44.jpg'
117.5361 	EXP 	scene_image_3: autoDraw = True
117.5361 	EXP 	polygon_8: autoDraw = True
117.5361 	EXP 	prompt_2: autoDraw = True
117.5361 	EXP 	dist_01_2: autoDraw = True
117.5361 	EXP 	dist_02_2: autoDraw = True
117.5361 	EXP 	correct_2: autoDraw = True
118.5319 	EXP 	New trial (rep=0, index=6): <Trial 6 (6 in rep 0) data={'block': 1.0, 'learningSeq': 'A', 'runIndexWithinSeq': 1, 'currPosInSeq': 7, 'promptFile': 'stimuli/jacket/jacket_44.jpg', 'correctFile': 'stimuli/bicycle/bicycle_06.jpg', 'dist_01File': 'stimuli/hand/hand_16.jpg', 'dist_02File': 'stimuli/dog/dog_49.jpg', 'promptConcept': 'jacket', 'correctConcept': 'bicycle', 'dist01Concept': 'hand', 'dist02Concept': 'dog', 'correct_pos': 'left', 'dist01_pos': 'right', 'dist02_pos': 'center', 'dist01_diff': 0.33, 'dist02_diff': 0.2, 'correct_ans': 'left', 'pairTargetPosInSeq': 8, 'buf1Concept': 'lamp', 'buf1Exemplar': 1, 'buf1File': 'stimuli/lamp/lamp_01.jpg', 'buf2Concept': 'key', 'buf2Exemplar': 1, 'buf2File': 'stimuli/key/key_01.jpg', 'buf13Concept': 'pencil', 'buf13Exemplar': 1, 'buf13File': 'stimuli/pencil/pencil_01.jpg', 'buf14Concept': 'phone', 'buf14Exemplar': 1, 'buf14File': 'stimuli/phone/phone_01.jpg', 'promptTrigNumber': 10, 'correctTrigNumber': 2, 'dist01TrigNumber': 8, 'dist02TrigNumber': 5, 'thisN': 6, 'thisTrialN': 6, 'thisRepN': 0}>
118.5378 	INFO 	Keyboard events cleared
118.6726 	INFO 	Keyboard events cleared
118.7124 	EXP 	scene_image_3: autoDraw = False
118.7124 	EXP 	polygon_8: autoDraw = False
118.7124 	EXP 	prompt_2: autoDraw = False
118.7124 	EXP 	dist_01_2: autoDraw = False
118.7124 	EXP 	dist_02_2: autoDraw = False
118.7124 	EXP 	correct_2: autoDraw = False
118.7124 	EXP 	scene_image_4: image = 'stimuli\\context_images\\sea_01.jpg'
118.7124 	EXP 	tooSlowtext: height = 0.02
118.7124 	EXP 	tooSlowtext: height = 0.02
118.7124 	EXP 	tooSlowtext: height = 0.02
118.7124 	EXP 	tooSlowtext: text = ''
118.7124 	EXP 	tooSlowtext: height = 0.02
118.7124 	EXP 	tooSlowtext: height = 0.02
118.7124 	EXP 	tooSlowtext: height = 0.02
118.7124 	EXP 	tooSlowtext: text = 'Zu langsam. Sie müssen schneller antworten.'
118.7124 	EXP 	scene_image_4: autoDraw = False
118.7124 	EXP 	tooSlowtext: autoDraw = False
118.7124 	EXP 	scene_image_2: image = 'stimuli\\context_images\\sea_01.jpg'
118.7124 	EXP 	prompt: image = 'stimuli/jacket/jacket_44.jpg'
118.7124 	EXP 	dist_01: image = 'stimuli/hand/hand_16.jpg'
118.7124 	EXP 	dist_02: image = 'stimuli/dog/dog_49.jpg'
118.7124 	EXP 	correct: image = 'stimuli/bicycle/bicycle_06.jpg'
118.7124 	EXP 	chooseNowText: height = 0.02
118.7124 	EXP 	chooseNowText: height = 0.02
118.7124 	EXP 	chooseNowText: height = 0.02
118.7124 	EXP 	scene_image_2: autoDraw = True
118.7124 	EXP 	polygon_4: autoDraw = True
118.7124 	EXP 	polygon_4: borderColor = <psychopy.colors.Color: none, alpha=0.0>
118.7124 	EXP 	prompt: autoDraw = True
118.7124 	EXP 	dist_01: autoDraw = True
118.7124 	EXP 	dist_02: autoDraw = True
118.7124 	EXP 	correct: autoDraw = True
118.7124 	EXP 	chooseNowText: autoDraw = True
118.7219 	EXP 	polygon_4: borderColor = <psychopy.colors.Color: none, alpha=0.0>
118.7384 	EXP 	polygon_4: borderColor = <psychopy.colors.Color: none, alpha=0.0>
118.7549 	EXP 	polygon_4: borderColor = <psychopy.colors.Color: none, alpha=0.0>
118.7717 	EXP 	polygon_4: borderColor = <psychopy.colors.Color: none, alpha=0.0>
118.7882 	EXP 	polygon_4: borderColor = <psychopy.colors.Color: none, alpha=0.0>
118.8047 	EXP 	polygon_4: borderColor = <psychopy.colors.Color: none, alpha=0.0>
118.8220 	EXP 	polygon_4: borderColor = <psychopy.colors.Color: none, alpha=0.0>
118.8386 	EXP 	polygon_4: borderColor = <psychopy.colors.Color: none, alpha=0.0>
118.8548 	EXP 	polygon_4: borderColor = <psychopy.colors.Color: none, alpha=0.0>
118.8711 	EXP 	polygon_4: borderColor = <psychopy.colors.Color: none, alpha=0.0>
118.8879 	EXP 	polygon_4: borderColor = <psychopy.colors.Color: none, alpha=0.0>
118.9045 	EXP 	polygon_4: borderColor = <psychopy.colors.Color: none, alpha=0.0>
118.9210 	EXP 	polygon_4: borderColor = <psychopy.colors.Color: none, alpha=0.0>
118.9379 	EXP 	polygon_4: borderColor = <psychopy.colors.Color: none, alpha=0.0>
118.9548 	EXP 	polygon_4: borderColor = <psychopy.colors.Color: none, alpha=0.0>
118.9716 	EXP 	polygon_4: borderColor = <psychopy.colors.Color: none, alpha=0.0>
118.9882 	EXP 	polygon_4: borderColor = <psychopy.colors.Color: none, alpha=0.0>
119.0049 	EXP 	polygon_4: borderColor = <psychopy.colors.Color: none, alpha=0.0>
119.0076 	EXP 	Device response: <KeyPress from None: t=119.00375919998623, value=g, duration=None>
119.0100 	DATA 	Keypress: g
119.0382 	EXP 	polygon_4: borderColor = <psychopy.colors.Color: none, alpha=0.0>
119.0382 	EXP 	polygon_4: fillColor = <psychopy.colors.Color: (0.0, 1.0, 0.0, 1.0)>
119.0382 	EXP 	polygon_4: borderColor = <psychopy.colors.Color: (0.0, 1.0, 0.0, 1.0)>
119.0550 	EXP 	polygon_4: borderColor = <psychopy.colors.Color: (0.0, 0.0, 0.0, 1.0)>
119.0714 	EXP 	polygon_4: borderColor = <psychopy.colors.Color: (0.0, 0.0, 0.0, 1.0)>
119.0882 	EXP 	polygon_4: borderColor = <psychopy.colors.Color: (0.0, 0.0, 0.0, 1.0)>
119.1052 	EXP 	polygon_4: borderColor = <psychopy.colors.Color: (0.0, 0.0, 0.0, 1.0)>
119.1226 	EXP 	polygon_4: borderColor = <psychopy.colors.Color: (0.0, 0.0, 0.0, 1.0)>
119.2906 	EXP 	polygon_4: borderColor = <psychopy.colors.Color: (0.0, 0.0, 0.0, 1.0)>
119.2906 	EXP 	scene_image_2: autoDraw = False
119.2906 	EXP 	polygon_4: autoDraw = False
119.2906 	EXP 	prompt: autoDraw = False
119.2906 	EXP 	dist_01: autoDraw = False
119.2906 	EXP 	dist_02: autoDraw = False
119.2906 	EXP 	correct: autoDraw = False
119.2906 	EXP 	chooseNowText: autoDraw = False
119.2906 	EXP 	scene_image_3: image = 'stimuli\\context_images\\sea_01.jpg'
119.2906 	EXP 	polygon_8: fillColor = <psychopy.colors.Color: (0.0, 1.0, 0.0, 1.0)>
119.2906 	EXP 	polygon_8: borderColor = <psychopy.colors.Color: (0.0, 1.0, 0.0, 1.0)>
119.2906 	EXP 	prompt_2: image = 'stimuli/jacket/jacket_44.jpg'
119.2906 	EXP 	dist_01_2: image = 'stimuli/hand/hand_16.jpg'
119.2906 	EXP 	dist_02_2: image = 'stimuli/dog/dog_49.jpg'
119.2906 	EXP 	correct_2: image = 'stimuli/bicycle/bicycle_06.jpg'
119.2906 	EXP 	scene_image_3: autoDraw = True
119.2906 	EXP 	polygon_8: autoDraw = True
119.2906 	EXP 	prompt_2: autoDraw = True
119.2906 	EXP 	dist_01_2: autoDraw = True
119.2906 	EXP 	dist_02_2: autoDraw = True
119.2906 	EXP 	correct_2: autoDraw = True
119.3576 	EXP 	Device response: <KeyPress from None: t=119.00375919998623, value=g, duration=0.3512629000470042>
120.2823 	EXP 	New trial (rep=0, index=7): <Trial 7 (7 in rep 0) data={'block': 1.0, 'learningSeq': 'A', 'runIndexWithinSeq': 1, 'currPosInSeq': 8, 'promptFile': 'stimuli/bicycle/bicycle_06.jpg', 'correctFile': 'stimuli/chair/chair_11.jpg', 'dist_01File': 'stimuli/key/key_01.jpg', 'dist_02File': 'stimuli/ball/ball_11.jpg', 'promptConcept': 'bicycle', 'correctConcept': 'chair', 'dist01Concept': 'key', 'dist02Concept': 'ball', 'correct_pos': 'left', 'dist01_pos': 'center', 'dist02_pos': 'right', 'dist01_diff': 0.47, 'dist02_diff': 0.33, 'correct_ans': 'left', 'pairTargetPosInSeq': 9, 'buf1Concept': 'lamp', 'buf1Exemplar': 1, 'buf1File': 'stimuli/lamp/lamp_01.jpg', 'buf2Concept': 'key', 'buf2Exemplar': 1, 'buf2File': 'stimuli/key/key_01.jpg', 'buf13Concept': 'pencil', 'buf13Exemplar': 1, 'buf13File': 'stimuli/pencil/pencil_01.jpg', 'buf14Concept': 'phone', 'buf14Exemplar': 1, 'buf14File': 'stimuli/phone/phone_01.jpg', 'promptTrigNumber': 2, 'correctTrigNumber': 4, 'dist01TrigNumber': 15, 'dist02TrigNumber': 1, 'thisN': 7, 'thisTrialN': 7, 'thisRepN': 0}>
120.2875 	INFO 	Keyboard events cleared
120.4798 	INFO 	Keyboard events cleared
120.5683 	EXP 	scene_image_3: autoDraw = False
120.5683 	EXP 	polygon_8: autoDraw = False
120.5683 	EXP 	prompt_2: autoDraw = False
120.5683 	EXP 	dist_01_2: autoDraw = False
120.5683 	EXP 	dist_02_2: autoDraw = False
120.5683 	EXP 	correct_2: autoDraw = False
120.5683 	EXP 	scene_image_4: image = 'stimuli\\context_images\\sea_01.jpg'
120.5683 	EXP 	tooSlowtext: height = 0.02
120.5683 	EXP 	tooSlowtext: height = 0.02
120.5683 	EXP 	tooSlowtext: height = 0.02
120.5683 	EXP 	tooSlowtext: text = ''
120.5683 	EXP 	tooSlowtext: height = 0.02
120.5683 	EXP 	tooSlowtext: height = 0.02
120.5683 	EXP 	tooSlowtext: height = 0.02
120.5683 	EXP 	tooSlowtext: text = 'Zu langsam. Sie müssen schneller antworten.'
120.5683 	EXP 	scene_image_4: autoDraw = False
120.5683 	EXP 	tooSlowtext: autoDraw = False
120.5683 	EXP 	scene_image_2: image = 'stimuli\\context_images\\sea_01.jpg'
120.5683 	EXP 	prompt: image = 'stimuli/bicycle/bicycle_06.jpg'
120.5683 	EXP 	dist_01: image = 'stimuli/key/key_01.jpg'
120.5683 	EXP 	dist_02: image = 'stimuli/ball/ball_11.jpg'
120.5683 	EXP 	correct: image = 'stimuli/chair/chair_11.jpg'
120.5683 	EXP 	chooseNowText: height = 0.02
120.5683 	EXP 	chooseNowText: height = 0.02
120.5683 	EXP 	chooseNowText: height = 0.02
120.5683 	EXP 	scene_image_2: autoDraw = True
120.5683 	EXP 	polygon_4: autoDraw = True
120.5683 	EXP 	polygon_4: borderColor = <psychopy.colors.Color: none, alpha=0.0>
120.5683 	EXP 	prompt: autoDraw = True
120.5683 	EXP 	dist_01: autoDraw = True
120.5683 	EXP 	dist_02: autoDraw = True
120.5683 	EXP 	correct: autoDraw = True
120.5683 	EXP 	chooseNowText: autoDraw = True
120.5879 	EXP 	polygon_4: borderColor = <psychopy.colors.Color: none, alpha=0.0>
120.6044 	EXP 	polygon_4: borderColor = <psychopy.colors.Color: none, alpha=0.0>
120.6274 	EXP 	polygon_4: borderColor = <psychopy.colors.Color: none, alpha=0.0>
120.6385 	EXP 	polygon_4: borderColor = <psychopy.colors.Color: none, alpha=0.0>
120.6551 	EXP 	polygon_4: borderColor = <psychopy.colors.Color: none, alpha=0.0>
120.6712 	EXP 	polygon_4: borderColor = <psychopy.colors.Color: none, alpha=0.0>
120.6877 	EXP 	polygon_4: borderColor = <psychopy.colors.Color: none, alpha=0.0>
120.7045 	EXP 	polygon_4: borderColor = <psychopy.colors.Color: none, alpha=0.0>
120.7271 	EXP 	polygon_4: borderColor = <psychopy.colors.Color: none, alpha=0.0>
120.7385 	EXP 	polygon_4: borderColor = <psychopy.colors.Color: none, alpha=0.0>
120.7551 	EXP 	polygon_4: borderColor = <psychopy.colors.Color: none, alpha=0.0>
120.7708 	EXP 	polygon_4: borderColor = <psychopy.colors.Color: none, alpha=0.0>
120.7876 	EXP 	polygon_4: borderColor = <psychopy.colors.Color: none, alpha=0.0>
120.8043 	EXP 	polygon_4: borderColor = <psychopy.colors.Color: none, alpha=0.0>
120.8209 	EXP 	polygon_4: borderColor = <psychopy.colors.Color: none, alpha=0.0>
120.8376 	EXP 	polygon_4: borderColor = <psychopy.colors.Color: none, alpha=0.0>
120.8546 	EXP 	polygon_4: borderColor = <psychopy.colors.Color: none, alpha=0.0>
120.8709 	EXP 	polygon_4: borderColor = <psychopy.colors.Color: none, alpha=0.0>
120.8876 	EXP 	polygon_4: borderColor = <psychopy.colors.Color: none, alpha=0.0>
120.9043 	EXP 	polygon_4: borderColor = <psychopy.colors.Color: none, alpha=0.0>
120.9211 	EXP 	polygon_4: borderColor = <psychopy.colors.Color: none, alpha=0.0>
120.9378 	EXP 	polygon_4: borderColor = <psychopy.colors.Color: none, alpha=0.0>
120.9399 	EXP 	Device response: <KeyPress from None: t=120.93670550000388, value=g, duration=None>
120.9422 	DATA 	Keypress: g
120.9704 	EXP 	polygon_4: borderColor = <psychopy.colors.Color: none, alpha=0.0>
120.9704 	EXP 	polygon_4: fillColor = <psychopy.colors.Color: (0.0, 1.0, 0.0, 1.0)>
120.9704 	EXP 	polygon_4: borderColor = <psychopy.colors.Color: (0.0, 1.0, 0.0, 1.0)>
120.9876 	EXP 	polygon_4: borderColor = <psychopy.colors.Color: (0.0, 0.0, 0.0, 1.0)>
121.0042 	EXP 	polygon_4: borderColor = <psychopy.colors.Color: (0.0, 0.0, 0.0, 1.0)>
121.0209 	EXP 	polygon_4: borderColor = <psychopy.colors.Color: (0.0, 0.0, 0.0, 1.0)>
121.0378 	EXP 	polygon_4: borderColor = <psychopy.colors.Color: (0.0, 0.0, 0.0, 1.0)>
121.0544 	EXP 	polygon_4: borderColor = <psychopy.colors.Color: (0.0, 0.0, 0.0, 1.0)>
121.2349 	EXP 	Device response: <KeyPress from None: t=120.93670550000388, value=g, duration=0.20622910000383854>
121.3161 	EXP 	polygon_4: borderColor = <psychopy.colors.Color: (0.0, 0.0, 0.0, 1.0)>
121.3161 	EXP 	scene_image_2: autoDraw = False
121.3161 	EXP 	polygon_4: autoDraw = False
121.3161 	EXP 	prompt: autoDraw = False
121.3161 	EXP 	dist_01: autoDraw = False
121.3161 	EXP 	dist_02: autoDraw = False
121.3161 	EXP 	correct: autoDraw = False
121.3161 	EXP 	chooseNowText: autoDraw = False
121.3161 	EXP 	scene_image_3: image = 'stimuli\\context_images\\sea_01.jpg'
121.3161 	EXP 	polygon_8: fillColor = <psychopy.colors.Color: (0.0, 1.0, 0.0, 1.0)>
121.3161 	EXP 	polygon_8: borderColor = <psychopy.colors.Color: (0.0, 1.0, 0.0, 1.0)>
121.3161 	EXP 	prompt_2: image = 'stimuli/bicycle/bicycle_06.jpg'
121.3161 	EXP 	dist_01_2: image = 'stimuli/key/key_01.jpg'
121.3161 	EXP 	dist_02_2: image = 'stimuli/ball/ball_11.jpg'
121.3161 	EXP 	correct_2: image = 'stimuli/chair/chair_11.jpg'
121.3161 	EXP 	scene_image_3: autoDraw = True
121.3161 	EXP 	polygon_8: autoDraw = True
121.3161 	EXP 	prompt_2: autoDraw = True
121.3161 	EXP 	dist_01_2: autoDraw = True
121.3161 	EXP 	dist_02_2: autoDraw = True
121.3161 	EXP 	correct_2: autoDraw = True
122.3150 	EXP 	New trial (rep=0, index=8): <Trial 8 (8 in rep 0) data={'block': 1.0, 'learningSeq': 'A', 'runIndexWithinSeq': 1, 'currPosInSeq': 9, 'promptFile': 'stimuli/chair/chair_11.jpg', 'correctFile': 'stimuli/bread/bread_29.jpg', 'dist_01File': 'stimuli/lamp/lamp_01.jpg', 'dist_02File': 'stimuli/flower/flower_17.jpg', 'promptConcept': 'chair', 'correctConcept': 'bread', 'dist01Concept': 'lamp', 'dist02Concept': 'flower', 'correct_pos': 'right', 'dist01_pos': 'left', 'dist02_pos': 'center', 'dist01_diff': 0.6, 'dist02_diff': 0.27, 'correct_ans': 'right', 'pairTargetPosInSeq': 10, 'buf1Concept': 'lamp', 'buf1Exemplar': 1, 'buf1File': 'stimuli/lamp/lamp_01.jpg', 'buf2Concept': 'key', 'buf2Exemplar': 1, 'buf2File': 'stimuli/key/key_01.jpg', 'buf13Concept': 'pencil', 'buf13Exemplar': 1, 'buf13File': 'stimuli/pencil/pencil_01.jpg', 'buf14Concept': 'phone', 'buf14Exemplar': 1, 'buf14File': 'stimuli/phone/phone_01.jpg', 'promptTrigNumber': 4, 'correctTrigNumber': 3, 'dist01TrigNumber': 14, 'dist02TrigNumber': 6, 'thisN': 8, 'thisTrialN': 8, 'thisRepN': 0}>
122.3211 	INFO 	Keyboard events cleared
122.4746 	INFO 	Keyboard events cleared
122.5085 	EXP 	scene_image_3: autoDraw = False
122.5085 	EXP 	polygon_8: autoDraw = False
122.5085 	EXP 	prompt_2: autoDraw = False
122.5085 	EXP 	dist_01_2: autoDraw = False
122.5085 	EXP 	dist_02_2: autoDraw = False
122.5085 	EXP 	correct_2: autoDraw = False
122.5085 	EXP 	scene_image_4: image = 'stimuli\\context_images\\sea_01.jpg'
122.5085 	EXP 	tooSlowtext: height = 0.02
122.5085 	EXP 	tooSlowtext: height = 0.02
122.5085 	EXP 	tooSlowtext: height = 0.02
122.5085 	EXP 	tooSlowtext: text = ''
122.5085 	EXP 	tooSlowtext: height = 0.02
122.5085 	EXP 	tooSlowtext: height = 0.02
122.5085 	EXP 	tooSlowtext: height = 0.02
122.5085 	EXP 	tooSlowtext: text = 'Zu langsam. Sie müssen schneller antworten.'
122.5085 	EXP 	scene_image_4: autoDraw = False
122.5085 	EXP 	tooSlowtext: autoDraw = False
122.5085 	EXP 	scene_image_2: image = 'stimuli\\context_images\\sea_01.jpg'
122.5085 	EXP 	prompt: image = 'stimuli/chair/chair_11.jpg'
122.5085 	EXP 	dist_01: image = 'stimuli/lamp/lamp_01.jpg'
122.5085 	EXP 	dist_02: image = 'stimuli/flower/flower_17.jpg'
122.5085 	EXP 	correct: image = 'stimuli/bread/bread_29.jpg'
122.5085 	EXP 	chooseNowText: height = 0.02
122.5085 	EXP 	chooseNowText: height = 0.02
122.5085 	EXP 	chooseNowText: height = 0.02
122.5085 	EXP 	scene_image_2: autoDraw = True
122.5085 	EXP 	polygon_4: autoDraw = True
122.5085 	EXP 	polygon_4: borderColor = <psychopy.colors.Color: none, alpha=0.0>
122.5085 	EXP 	prompt: autoDraw = True
122.5085 	EXP 	dist_01: autoDraw = True
122.5085 	EXP 	dist_02: autoDraw = True
122.5085 	EXP 	correct: autoDraw = True
122.5085 	EXP 	chooseNowText: autoDraw = True
122.5204 	EXP 	polygon_4: borderColor = <psychopy.colors.Color: none, alpha=0.0>
122.5369 	EXP 	polygon_4: borderColor = <psychopy.colors.Color: none, alpha=0.0>
122.5538 	EXP 	polygon_4: borderColor = <psychopy.colors.Color: none, alpha=0.0>
122.5704 	EXP 	polygon_4: borderColor = <psychopy.colors.Color: none, alpha=0.0>
122.5871 	EXP 	polygon_4: borderColor = <psychopy.colors.Color: none, alpha=0.0>
122.6039 	EXP 	polygon_4: borderColor = <psychopy.colors.Color: none, alpha=0.0>
122.6205 	EXP 	polygon_4: borderColor = <psychopy.colors.Color: none, alpha=0.0>
122.6374 	EXP 	polygon_4: borderColor = <psychopy.colors.Color: none, alpha=0.0>
122.6535 	EXP 	polygon_4: borderColor = <psychopy.colors.Color: none, alpha=0.0>
122.6703 	EXP 	polygon_4: borderColor = <psychopy.colors.Color: none, alpha=0.0>
122.6870 	EXP 	polygon_4: borderColor = <psychopy.colors.Color: none, alpha=0.0>
122.7036 	EXP 	polygon_4: borderColor = <psychopy.colors.Color: none, alpha=0.0>
122.7201 	EXP 	polygon_4: borderColor = <psychopy.colors.Color: none, alpha=0.0>
122.7371 	EXP 	polygon_4: borderColor = <psychopy.colors.Color: none, alpha=0.0>
122.7534 	EXP 	polygon_4: borderColor = <psychopy.colors.Color: none, alpha=0.0>
122.7704 	EXP 	polygon_4: borderColor = <psychopy.colors.Color: none, alpha=0.0>
122.7870 	EXP 	polygon_4: borderColor = <psychopy.colors.Color: none, alpha=0.0>
122.8036 	EXP 	polygon_4: borderColor = <psychopy.colors.Color: none, alpha=0.0>
122.8200 	EXP 	polygon_4: borderColor = <psychopy.colors.Color: none, alpha=0.0>
122.8366 	EXP 	polygon_4: borderColor = <psychopy.colors.Color: none, alpha=0.0>
122.8533 	EXP 	polygon_4: borderColor = <psychopy.colors.Color: none, alpha=0.0>
122.8698 	EXP 	polygon_4: borderColor = <psychopy.colors.Color: none, alpha=0.0>
122.8870 	EXP 	polygon_4: borderColor = <psychopy.colors.Color: none, alpha=0.0>
122.9034 	EXP 	polygon_4: borderColor = <psychopy.colors.Color: none, alpha=0.0>
122.9205 	EXP 	polygon_4: borderColor = <psychopy.colors.Color: none, alpha=0.0>
122.9369 	EXP 	polygon_4: borderColor = <psychopy.colors.Color: none, alpha=0.0>
122.9535 	EXP 	polygon_4: borderColor = <psychopy.colors.Color: none, alpha=0.0>
122.9700 	EXP 	polygon_4: borderColor = <psychopy.colors.Color: none, alpha=0.0>
122.9866 	EXP 	polygon_4: borderColor = <psychopy.colors.Color: none, alpha=0.0>
123.0030 	EXP 	polygon_4: borderColor = <psychopy.colors.Color: none, alpha=0.0>
123.0197 	EXP 	polygon_4: borderColor = <psychopy.colors.Color: none, alpha=0.0>
123.0367 	EXP 	polygon_4: borderColor = <psychopy.colors.Color: none, alpha=0.0>
123.0533 	EXP 	polygon_4: borderColor = <psychopy.colors.Color: none, alpha=0.0>
123.0700 	EXP 	polygon_4: borderColor = <psychopy.colors.Color: none, alpha=0.0>
123.0867 	EXP 	polygon_4: borderColor = <psychopy.colors.Color: none, alpha=0.0>
123.1037 	EXP 	polygon_4: borderColor = <psychopy.colors.Color: none, alpha=0.0>
123.1201 	EXP 	polygon_4: borderColor = <psychopy.colors.Color: none, alpha=0.0>
123.1369 	EXP 	polygon_4: borderColor = <psychopy.colors.Color: none, alpha=0.0>
123.1534 	EXP 	polygon_4: borderColor = <psychopy.colors.Color: none, alpha=0.0>
123.1703 	EXP 	polygon_4: borderColor = <psychopy.colors.Color: none, alpha=0.0>
123.1870 	EXP 	polygon_4: borderColor = <psychopy.colors.Color: none, alpha=0.0>
123.2035 	EXP 	polygon_4: borderColor = <psychopy.colors.Color: none, alpha=0.0>
123.2201 	EXP 	polygon_4: borderColor = <psychopy.colors.Color: none, alpha=0.0>
123.2229 	DATA 	Keypress: b
123.2370 	EXP 	polygon_4: borderColor = <psychopy.colors.Color: none, alpha=0.0>
123.2393 	EXP 	Device response: <KeyPress from None: t=123.22232040006202, value=b, duration=None>
123.2698 	EXP 	polygon_4: borderColor = <psychopy.colors.Color: none, alpha=0.0>
123.2698 	EXP 	polygon_4: fillColor = <psychopy.colors.Color: (0.0, 1.0, 0.0, 1.0)>
123.2698 	EXP 	polygon_4: borderColor = <psychopy.colors.Color: (0.0, 1.0, 0.0, 1.0)>
123.2867 	EXP 	polygon_4: borderColor = <psychopy.colors.Color: (0.0, 0.0, 0.0, 1.0)>
123.3033 	EXP 	polygon_4: borderColor = <psychopy.colors.Color: (0.0, 0.0, 0.0, 1.0)>
123.3197 	EXP 	polygon_4: borderColor = <psychopy.colors.Color: (0.0, 0.0, 0.0, 1.0)>
123.3365 	EXP 	polygon_4: borderColor = <psychopy.colors.Color: (0.0, 0.0, 0.0, 1.0)>
123.3535 	EXP 	polygon_4: borderColor = <psychopy.colors.Color: (0.0, 0.0, 0.0, 1.0)>
123.4955 	EXP 	Device response: <KeyPress from None: t=117.27844060002826, value=b, duration=6.136456300038844>
123.5256 	EXP 	polygon_4: borderColor = <psychopy.colors.Color: (0.0, 0.0, 0.0, 1.0)>
123.5256 	EXP 	scene_image_2: autoDraw = False
123.5256 	EXP 	polygon_4: autoDraw = False
123.5256 	EXP 	prompt: autoDraw = False
123.5256 	EXP 	dist_01: autoDraw = False
123.5256 	EXP 	dist_02: autoDraw = False
123.5256 	EXP 	correct: autoDraw = False
123.5256 	EXP 	chooseNowText: autoDraw = False
123.5256 	EXP 	scene_image_3: image = 'stimuli\\context_images\\sea_01.jpg'
123.5256 	EXP 	polygon_8: fillColor = <psychopy.colors.Color: (0.0, 1.0, 0.0, 1.0)>
123.5256 	EXP 	polygon_8: borderColor = <psychopy.colors.Color: (0.0, 1.0, 0.0, 1.0)>
123.5256 	EXP 	prompt_2: image = 'stimuli/chair/chair_11.jpg'
123.5256 	EXP 	dist_01_2: image = 'stimuli/lamp/lamp_01.jpg'
123.5256 	EXP 	dist_02_2: image = 'stimuli/flower/flower_17.jpg'
123.5256 	EXP 	correct_2: image = 'stimuli/bread/bread_29.jpg'
123.5256 	EXP 	scene_image_3: autoDraw = True
123.5256 	EXP 	polygon_8: autoDraw = True
123.5256 	EXP 	prompt_2: autoDraw = True
123.5256 	EXP 	dist_01_2: autoDraw = True
123.5256 	EXP 	dist_02_2: autoDraw = True
123.5256 	EXP 	correct_2: autoDraw = True
124.5136 	EXP 	New trial (rep=0, index=9): <Trial 9 (9 in rep 0) data={'block': 1.0, 'learningSeq': 'A', 'runIndexWithinSeq': 1, 'currPosInSeq': 10, 'promptFile': 'stimuli/bread/bread_29.jpg', 'correctFile': 'stimuli/house/house_35.jpg', 'dist_01File': 'stimuli/ball/ball_11.jpg', 'dist_02File': 'stimuli/bicycle/bicycle_06.jpg', 'promptConcept': 'bread', 'correctConcept': 'house', 'dist01Concept': 'ball', 'dist02Concept': 'bicycle', 'correct_pos': 'left', 'dist01_pos': 'center', 'dist02_pos': 'right', 'dist01_diff': 0.47, 'dist02_diff': 0.2, 'correct_ans': 'left', 'pairTargetPosInSeq': 11, 'buf1Concept': 'lamp', 'buf1Exemplar': 1, 'buf1File': 'stimuli/lamp/lamp_01.jpg', 'buf2Concept': 'key', 'buf2Exemplar': 1, 'buf2File': 'stimuli/key/key_01.jpg', 'buf13Concept': 'pencil', 'buf13Exemplar': 1, 'buf13File': 'stimuli/pencil/pencil_01.jpg', 'buf14Concept': 'phone', 'buf14Exemplar': 1, 'buf14File': 'stimuli/phone/phone_01.jpg', 'promptTrigNumber': 3, 'correctTrigNumber': 9, 'dist01TrigNumber': 1, 'dist02TrigNumber': 2, 'thisN': 9, 'thisTrialN': 9, 'thisRepN': 0}>
124.5187 	INFO 	Keyboard events cleared
124.6565 	INFO 	Keyboard events cleared
124.6900 	EXP 	scene_image_3: autoDraw = False
124.6900 	EXP 	polygon_8: autoDraw = False
124.6900 	EXP 	prompt_2: autoDraw = False
124.6900 	EXP 	dist_01_2: autoDraw = False
124.6900 	EXP 	dist_02_2: autoDraw = False
124.6900 	EXP 	correct_2: autoDraw = False
124.6900 	EXP 	scene_image_4: image = 'stimuli\\context_images\\sea_01.jpg'
124.6900 	EXP 	tooSlowtext: height = 0.02
124.6900 	EXP 	tooSlowtext: height = 0.02
124.6900 	EXP 	tooSlowtext: height = 0.02
124.6900 	EXP 	tooSlowtext: text = ''
124.6900 	EXP 	tooSlowtext: height = 0.02
124.6900 	EXP 	tooSlowtext: height = 0.02
124.6900 	EXP 	tooSlowtext: height = 0.02
124.6900 	EXP 	tooSlowtext: text = 'Zu langsam. Sie müssen schneller antworten.'
124.6900 	EXP 	scene_image_4: autoDraw = False
124.6900 	EXP 	tooSlowtext: autoDraw = False
124.6900 	EXP 	scene_image_2: image = 'stimuli\\context_images\\sea_01.jpg'
124.6900 	EXP 	prompt: image = 'stimuli/bread/bread_29.jpg'
124.6900 	EXP 	dist_01: image = 'stimuli/ball/ball_11.jpg'
124.6900 	EXP 	dist_02: image = 'stimuli/bicycle/bicycle_06.jpg'
124.6900 	EXP 	correct: image = 'stimuli/house/house_35.jpg'
124.6900 	EXP 	chooseNowText: height = 0.02
124.6900 	EXP 	chooseNowText: height = 0.02
124.6900 	EXP 	chooseNowText: height = 0.02
124.6900 	EXP 	scene_image_2: autoDraw = True
124.6900 	EXP 	polygon_4: autoDraw = True
124.6900 	EXP 	polygon_4: borderColor = <psychopy.colors.Color: none, alpha=0.0>
124.6900 	EXP 	prompt: autoDraw = True
124.6900 	EXP 	dist_01: autoDraw = True
124.6900 	EXP 	dist_02: autoDraw = True
124.6900 	EXP 	correct: autoDraw = True
124.6900 	EXP 	chooseNowText: autoDraw = True
124.7038 	EXP 	polygon_4: borderColor = <psychopy.colors.Color: none, alpha=0.0>
124.7200 	EXP 	polygon_4: borderColor = <psychopy.colors.Color: none, alpha=0.0>
124.7365 	EXP 	polygon_4: borderColor = <psychopy.colors.Color: none, alpha=0.0>
124.7532 	EXP 	polygon_4: borderColor = <psychopy.colors.Color: none, alpha=0.0>
124.7696 	EXP 	polygon_4: borderColor = <psychopy.colors.Color: none, alpha=0.0>
124.7864 	EXP 	polygon_4: borderColor = <psychopy.colors.Color: none, alpha=0.0>
124.8032 	EXP 	polygon_4: borderColor = <psychopy.colors.Color: none, alpha=0.0>
124.8196 	EXP 	polygon_4: borderColor = <psychopy.colors.Color: none, alpha=0.0>
124.8362 	EXP 	polygon_4: borderColor = <psychopy.colors.Color: none, alpha=0.0>
124.8527 	EXP 	polygon_4: borderColor = <psychopy.colors.Color: none, alpha=0.0>
124.8692 	EXP 	polygon_4: borderColor = <psychopy.colors.Color: none, alpha=0.0>
124.8858 	EXP 	polygon_4: borderColor = <psychopy.colors.Color: none, alpha=0.0>
124.9030 	EXP 	polygon_4: borderColor = <psychopy.colors.Color: none, alpha=0.0>
124.9198 	EXP 	polygon_4: borderColor = <psychopy.colors.Color: none, alpha=0.0>
124.9365 	EXP 	polygon_4: borderColor = <psychopy.colors.Color: none, alpha=0.0>
124.9532 	EXP 	polygon_4: borderColor = <psychopy.colors.Color: none, alpha=0.0>
124.9698 	EXP 	polygon_4: borderColor = <psychopy.colors.Color: none, alpha=0.0>
124.9865 	EXP 	polygon_4: borderColor = <psychopy.colors.Color: none, alpha=0.0>
125.0031 	EXP 	polygon_4: borderColor = <psychopy.colors.Color: none, alpha=0.0>
125.0196 	EXP 	polygon_4: borderColor = <psychopy.colors.Color: none, alpha=0.0>
125.0361 	EXP 	polygon_4: borderColor = <psychopy.colors.Color: none, alpha=0.0>
125.0528 	EXP 	polygon_4: borderColor = <psychopy.colors.Color: none, alpha=0.0>
125.0697 	EXP 	polygon_4: borderColor = <psychopy.colors.Color: none, alpha=0.0>
125.0860 	EXP 	polygon_4: borderColor = <psychopy.colors.Color: none, alpha=0.0>
125.1029 	EXP 	polygon_4: borderColor = <psychopy.colors.Color: none, alpha=0.0>
125.1195 	EXP 	polygon_4: borderColor = <psychopy.colors.Color: none, alpha=0.0>
125.1360 	EXP 	polygon_4: borderColor = <psychopy.colors.Color: none, alpha=0.0>
125.1530 	EXP 	polygon_4: borderColor = <psychopy.colors.Color: none, alpha=0.0>
125.1692 	EXP 	polygon_4: borderColor = <psychopy.colors.Color: none, alpha=0.0>
125.1863 	EXP 	polygon_4: borderColor = <psychopy.colors.Color: none, alpha=0.0>
125.2029 	EXP 	polygon_4: borderColor = <psychopy.colors.Color: none, alpha=0.0>
125.2052 	EXP 	Device response: <KeyPress from None: t=125.20155800005887, value=b, duration=None>
125.2063 	DATA 	Keypress: b
125.2367 	EXP 	polygon_4: borderColor = <psychopy.colors.Color: none, alpha=0.0>
125.2367 	EXP 	polygon_4: fillColor = <psychopy.colors.Color: red, alpha=1.0>
125.2367 	EXP 	polygon_4: borderColor = <psychopy.colors.Color: red, alpha=1.0>
125.2532 	EXP 	polygon_4: borderColor = <psychopy.colors.Color: (0.0, 0.0, 0.0, 1.0)>
125.2693 	EXP 	polygon_4: borderColor = <psychopy.colors.Color: (0.0, 0.0, 0.0, 1.0)>
125.2859 	EXP 	polygon_4: borderColor = <psychopy.colors.Color: (0.0, 0.0, 0.0, 1.0)>
125.3027 	EXP 	polygon_4: borderColor = <psychopy.colors.Color: (0.0, 0.0, 0.0, 1.0)>
125.3195 	EXP 	polygon_4: borderColor = <psychopy.colors.Color: (0.0, 0.0, 0.0, 1.0)>
125.4535 	EXP 	Device response: <KeyPress from None: t=123.22232040006202, value=b, duration=2.161853799945675>
125.4889 	EXP 	polygon_4: borderColor = <psychopy.colors.Color: (0.0, 0.0, 0.0, 1.0)>
125.4889 	EXP 	scene_image_2: autoDraw = False
125.4889 	EXP 	polygon_4: autoDraw = False
125.4889 	EXP 	prompt: autoDraw = False
125.4889 	EXP 	dist_01: autoDraw = False
125.4889 	EXP 	dist_02: autoDraw = False
125.4889 	EXP 	correct: autoDraw = False
125.4889 	EXP 	chooseNowText: autoDraw = False
125.4889 	EXP 	scene_image_3: image = 'stimuli\\context_images\\sea_01.jpg'
125.4889 	EXP 	polygon_8: fillColor = <psychopy.colors.Color: red, alpha=1.0>
125.4889 	EXP 	polygon_8: borderColor = <psychopy.colors.Color: red, alpha=1.0>
125.4889 	EXP 	prompt_2: image = 'stimuli/bread/bread_29.jpg'
125.4889 	EXP 	dist_01_2: image = 'stimuli/ball/ball_11.jpg'
125.4889 	EXP 	dist_02_2: image = 'stimuli/bicycle/bicycle_06.jpg'
125.4889 	EXP 	correct_2: image = 'stimuli/house/house_35.jpg'
125.4889 	EXP 	scene_image_3: autoDraw = True
125.4889 	EXP 	polygon_8: autoDraw = True
125.4889 	EXP 	prompt_2: autoDraw = True
125.4889 	EXP 	dist_01_2: autoDraw = True
125.4889 	EXP 	dist_02_2: autoDraw = True
125.4889 	EXP 	correct_2: autoDraw = True
126.4806 	EXP 	New trial (rep=0, index=10): <Trial 10 (10 in rep 0) data={'block': 1.0, 'learningSeq': 'A', 'runIndexWithinSeq': 1, 'currPosInSeq': 11, 'promptFile': 'stimuli/house/house_35.jpg', 'correctFile': 'stimuli/hammer/hammer_16.jpg', 'dist_01File': 'stimuli/key/key_01.jpg', 'dist_02File': 'stimuli/dog/dog_49.jpg', 'promptConcept': 'house', 'correctConcept': 'hammer', 'dist01Concept': 'key', 'dist02Concept': 'dog', 'correct_pos': 'center', 'dist01_pos': 'right', 'dist02_pos': 'left', 'dist01_diff': 0.67, 'dist02_diff': 0.47, 'correct_ans': 'center', 'pairTargetPosInSeq': 12, 'buf1Concept': 'lamp', 'buf1Exemplar': 1, 'buf1File': 'stimuli/lamp/lamp_01.jpg', 'buf2Concept': 'key', 'buf2Exemplar': 1, 'buf2File': 'stimuli/key/key_01.jpg', 'buf13Concept': 'pencil', 'buf13Exemplar': 1, 'buf13File': 'stimuli/pencil/pencil_01.jpg', 'buf14Concept': 'phone', 'buf14Exemplar': 1, 'buf14File': 'stimuli/phone/phone_01.jpg', 'promptTrigNumber': 9, 'correctTrigNumber': 7, 'dist01TrigNumber': 15, 'dist02TrigNumber': 5, 'thisN': 10, 'thisTrialN': 10, 'thisRepN': 0}>
126.4873 	INFO 	Keyboard events cleared
126.6462 	INFO 	Keyboard events cleared
126.6794 	EXP 	scene_image_3: autoDraw = False
126.6794 	EXP 	polygon_8: autoDraw = False
126.6794 	EXP 	prompt_2: autoDraw = False
126.6794 	EXP 	dist_01_2: autoDraw = False
126.6794 	EXP 	dist_02_2: autoDraw = False
126.6794 	EXP 	correct_2: autoDraw = False
126.6794 	EXP 	scene_image_4: image = 'stimuli\\context_images\\sea_01.jpg'
126.6794 	EXP 	tooSlowtext: height = 0.02
126.6794 	EXP 	tooSlowtext: height = 0.02
126.6794 	EXP 	tooSlowtext: height = 0.02
126.6794 	EXP 	tooSlowtext: text = ''
126.6794 	EXP 	tooSlowtext: height = 0.02
126.6794 	EXP 	tooSlowtext: height = 0.02
126.6794 	EXP 	tooSlowtext: height = 0.02
126.6794 	EXP 	tooSlowtext: text = 'Zu langsam. Sie müssen schneller antworten.'
126.6794 	EXP 	scene_image_4: autoDraw = False
126.6794 	EXP 	tooSlowtext: autoDraw = False
126.6794 	EXP 	scene_image_2: image = 'stimuli\\context_images\\sea_01.jpg'
126.6794 	EXP 	prompt: image = 'stimuli/house/house_35.jpg'
126.6794 	EXP 	dist_01: image = 'stimuli/key/key_01.jpg'
126.6794 	EXP 	dist_02: image = 'stimuli/dog/dog_49.jpg'
126.6794 	EXP 	correct: image = 'stimuli/hammer/hammer_16.jpg'
126.6794 	EXP 	chooseNowText: height = 0.02
126.6794 	EXP 	chooseNowText: height = 0.02
126.6794 	EXP 	chooseNowText: height = 0.02
126.6794 	EXP 	scene_image_2: autoDraw = True
126.6794 	EXP 	polygon_4: autoDraw = True
126.6794 	EXP 	polygon_4: borderColor = <psychopy.colors.Color: none, alpha=0.0>
126.6794 	EXP 	prompt: autoDraw = True
126.6794 	EXP 	dist_01: autoDraw = True
126.6794 	EXP 	dist_02: autoDraw = True
126.6794 	EXP 	correct: autoDraw = True
126.6794 	EXP 	chooseNowText: autoDraw = True
126.7018 	EXP 	polygon_4: borderColor = <psychopy.colors.Color: none, alpha=0.0>
126.7192 	EXP 	polygon_4: borderColor = <psychopy.colors.Color: none, alpha=0.0>
126.7359 	EXP 	polygon_4: borderColor = <psychopy.colors.Color: none, alpha=0.0>
126.7524 	EXP 	polygon_4: borderColor = <psychopy.colors.Color: none, alpha=0.0>
126.7693 	EXP 	polygon_4: borderColor = <psychopy.colors.Color: none, alpha=0.0>
126.7853 	EXP 	polygon_4: borderColor = <psychopy.colors.Color: none, alpha=0.0>
126.8020 	EXP 	polygon_4: borderColor = <psychopy.colors.Color: none, alpha=0.0>
126.8186 	EXP 	polygon_4: borderColor = <psychopy.colors.Color: none, alpha=0.0>
126.8355 	EXP 	polygon_4: borderColor = <psychopy.colors.Color: none, alpha=0.0>
126.8521 	EXP 	polygon_4: borderColor = <psychopy.colors.Color: none, alpha=0.0>
126.8693 	EXP 	polygon_4: borderColor = <psychopy.colors.Color: none, alpha=0.0>
126.8855 	EXP 	polygon_4: borderColor = <psychopy.colors.Color: none, alpha=0.0>
126.9025 	EXP 	polygon_4: borderColor = <psychopy.colors.Color: none, alpha=0.0>
126.9188 	EXP 	polygon_4: borderColor = <psychopy.colors.Color: none, alpha=0.0>
126.9354 	EXP 	polygon_4: borderColor = <psychopy.colors.Color: none, alpha=0.0>
126.9523 	EXP 	polygon_4: borderColor = <psychopy.colors.Color: none, alpha=0.0>
126.9688 	EXP 	polygon_4: borderColor = <psychopy.colors.Color: none, alpha=0.0>
126.9861 	EXP 	polygon_4: borderColor = <psychopy.colors.Color: none, alpha=0.0>
127.0021 	EXP 	polygon_4: borderColor = <psychopy.colors.Color: none, alpha=0.0>
127.0191 	EXP 	polygon_4: borderColor = <psychopy.colors.Color: none, alpha=0.0>
127.0357 	EXP 	polygon_4: borderColor = <psychopy.colors.Color: none, alpha=0.0>
127.0525 	EXP 	polygon_4: borderColor = <psychopy.colors.Color: none, alpha=0.0>
127.0691 	EXP 	polygon_4: borderColor = <psychopy.colors.Color: none, alpha=0.0>
127.0857 	EXP 	polygon_4: borderColor = <psychopy.colors.Color: none, alpha=0.0>
127.1027 	EXP 	polygon_4: borderColor = <psychopy.colors.Color: none, alpha=0.0>
127.1190 	EXP 	polygon_4: borderColor = <psychopy.colors.Color: none, alpha=0.0>
127.1357 	EXP 	polygon_4: borderColor = <psychopy.colors.Color: none, alpha=0.0>
127.1522 	EXP 	polygon_4: borderColor = <psychopy.colors.Color: none, alpha=0.0>
127.1690 	EXP 	polygon_4: borderColor = <psychopy.colors.Color: none, alpha=0.0>
127.1858 	EXP 	polygon_4: borderColor = <psychopy.colors.Color: none, alpha=0.0>
127.2022 	EXP 	polygon_4: borderColor = <psychopy.colors.Color: none, alpha=0.0>
127.2193 	EXP 	polygon_4: borderColor = <psychopy.colors.Color: none, alpha=0.0>
127.2354 	EXP 	polygon_4: borderColor = <psychopy.colors.Color: none, alpha=0.0>
127.2522 	EXP 	polygon_4: borderColor = <psychopy.colors.Color: none, alpha=0.0>
127.2689 	EXP 	polygon_4: borderColor = <psychopy.colors.Color: none, alpha=0.0>
127.2854 	EXP 	polygon_4: borderColor = <psychopy.colors.Color: none, alpha=0.0>
127.3022 	EXP 	polygon_4: borderColor = <psychopy.colors.Color: none, alpha=0.0>
127.3190 	EXP 	polygon_4: borderColor = <psychopy.colors.Color: none, alpha=0.0>
127.3216 	EXP 	Device response: <KeyPress from None: t=127.3123449999839, value=g, duration=None>
127.3235 	DATA 	Keypress: g
127.3518 	EXP 	polygon_4: borderColor = <psychopy.colors.Color: none, alpha=0.0>
127.3518 	EXP 	polygon_4: fillColor = <psychopy.colors.Color: red, alpha=1.0>
127.3518 	EXP 	polygon_4: borderColor = <psychopy.colors.Color: red, alpha=1.0>
127.3691 	EXP 	polygon_4: borderColor = <psychopy.colors.Color: (0.0, 0.0, 0.0, 1.0)>
127.3856 	EXP 	polygon_4: borderColor = <psychopy.colors.Color: (0.0, 0.0, 0.0, 1.0)>
127.4022 	EXP 	polygon_4: borderColor = <psychopy.colors.Color: (0.0, 0.0, 0.0, 1.0)>
127.4188 	EXP 	polygon_4: borderColor = <psychopy.colors.Color: (0.0, 0.0, 0.0, 1.0)>
127.4355 	EXP 	polygon_4: borderColor = <psychopy.colors.Color: (0.0, 0.0, 0.0, 1.0)>
127.5848 	EXP 	Device response: <KeyPress from None: t=127.3123449999839, value=g, duration=0.22667460003867745>
127.6268 	EXP 	polygon_4: borderColor = <psychopy.colors.Color: (0.0, 0.0, 0.0, 1.0)>
127.6268 	EXP 	scene_image_2: autoDraw = False
127.6268 	EXP 	polygon_4: autoDraw = False
127.6268 	EXP 	prompt: autoDraw = False
127.6268 	EXP 	dist_01: autoDraw = False
127.6268 	EXP 	dist_02: autoDraw = False
127.6268 	EXP 	correct: autoDraw = False
127.6268 	EXP 	chooseNowText: autoDraw = False
127.6268 	EXP 	scene_image_3: image = 'stimuli\\context_images\\sea_01.jpg'
127.6268 	EXP 	polygon_8: fillColor = <psychopy.colors.Color: red, alpha=1.0>
127.6268 	EXP 	polygon_8: borderColor = <psychopy.colors.Color: red, alpha=1.0>
127.6268 	EXP 	prompt_2: image = 'stimuli/house/house_35.jpg'
127.6268 	EXP 	dist_01_2: image = 'stimuli/key/key_01.jpg'
127.6268 	EXP 	dist_02_2: image = 'stimuli/dog/dog_49.jpg'
127.6268 	EXP 	correct_2: image = 'stimuli/hammer/hammer_16.jpg'
127.6268 	EXP 	scene_image_3: autoDraw = True
127.6268 	EXP 	polygon_8: autoDraw = True
127.6268 	EXP 	prompt_2: autoDraw = True
127.6268 	EXP 	dist_01_2: autoDraw = True
127.6268 	EXP 	dist_02_2: autoDraw = True
127.6268 	EXP 	correct_2: autoDraw = True
128.6119 	EXP 	New trial (rep=0, index=11): <Trial 11 (11 in rep 0) data={'block': 1.0, 'learningSeq': 'A', 'runIndexWithinSeq': 1, 'currPosInSeq': 12, 'promptFile': 'stimuli/hammer/hammer_16.jpg', 'correctFile': 'stimuli/pencil/pencil_01.jpg', 'dist_01File': 'stimuli/lamp/lamp_01.jpg', 'dist_02File': 'stimuli/jacket/jacket_44.jpg', 'promptConcept': 'hammer', 'correctConcept': 'pencil', 'dist01Concept': 'lamp', 'dist02Concept': 'jacket', 'correct_pos': 'center', 'dist01_pos': 'right', 'dist02_pos': 'left', 'dist01_diff': 0.8, 'dist02_diff': 0.4, 'correct_ans': 'center', 'pairTargetPosInSeq': 13, 'buf1Concept': 'lamp', 'buf1Exemplar': 1, 'buf1File': 'stimuli/lamp/lamp_01.jpg', 'buf2Concept': 'key', 'buf2Exemplar': 1, 'buf2File': 'stimuli/key/key_01.jpg', 'buf13Concept': 'pencil', 'buf13Exemplar': 1, 'buf13File': 'stimuli/pencil/pencil_01.jpg', 'buf14Concept': 'phone', 'buf14Exemplar': 1, 'buf14File': 'stimuli/phone/phone_01.jpg', 'promptTrigNumber': 7, 'correctTrigNumber': 16, 'dist01TrigNumber': 14, 'dist02TrigNumber': 10, 'thisN': 11, 'thisTrialN': 11, 'thisRepN': 0}>
128.6174 	INFO 	Keyboard events cleared
128.7492 	INFO 	Keyboard events cleared
128.7905 	EXP 	scene_image_3: autoDraw = False
128.7905 	EXP 	polygon_8: autoDraw = False
128.7905 	EXP 	prompt_2: autoDraw = False
128.7905 	EXP 	dist_01_2: autoDraw = False
128.7905 	EXP 	dist_02_2: autoDraw = False
128.7905 	EXP 	correct_2: autoDraw = False
128.7905 	EXP 	scene_image_4: image = 'stimuli\\context_images\\sea_01.jpg'
128.7905 	EXP 	tooSlowtext: height = 0.02
128.7905 	EXP 	tooSlowtext: height = 0.02
128.7905 	EXP 	tooSlowtext: height = 0.02
128.7905 	EXP 	tooSlowtext: text = ''
128.7905 	EXP 	tooSlowtext: height = 0.02
128.7905 	EXP 	tooSlowtext: height = 0.02
128.7905 	EXP 	tooSlowtext: height = 0.02
128.7905 	EXP 	tooSlowtext: text = 'Zu langsam. Sie müssen schneller antworten.'
128.7905 	EXP 	scene_image_4: autoDraw = False
128.7905 	EXP 	tooSlowtext: autoDraw = False
128.7905 	EXP 	scene_image_2: image = 'stimuli\\context_images\\sea_01.jpg'
128.7905 	EXP 	prompt: image = 'stimuli/hammer/hammer_16.jpg'
128.7905 	EXP 	dist_01: image = 'stimuli/lamp/lamp_01.jpg'
128.7905 	EXP 	dist_02: image = 'stimuli/jacket/jacket_44.jpg'
128.7905 	EXP 	correct: image = 'stimuli/pencil/pencil_01.jpg'
128.7905 	EXP 	chooseNowText: height = 0.02
128.7905 	EXP 	chooseNowText: height = 0.02
128.7905 	EXP 	chooseNowText: height = 0.02
128.7905 	EXP 	scene_image_2: autoDraw = True
128.7905 	EXP 	polygon_4: autoDraw = True
128.7905 	EXP 	polygon_4: borderColor = <psychopy.colors.Color: none, alpha=0.0>
128.7905 	EXP 	prompt: autoDraw = True
128.7905 	EXP 	dist_01: autoDraw = True
128.7905 	EXP 	dist_02: autoDraw = True
128.7905 	EXP 	correct: autoDraw = True
128.7905 	EXP 	chooseNowText: autoDraw = True
128.8020 	EXP 	polygon_4: borderColor = <psychopy.colors.Color: none, alpha=0.0>
128.8183 	EXP 	polygon_4: borderColor = <psychopy.colors.Color: none, alpha=0.0>
128.8350 	EXP 	polygon_4: borderColor = <psychopy.colors.Color: none, alpha=0.0>
128.8519 	EXP 	polygon_4: borderColor = <psychopy.colors.Color: none, alpha=0.0>
128.8682 	EXP 	polygon_4: borderColor = <psychopy.colors.Color: none, alpha=0.0>
128.8849 	EXP 	polygon_4: borderColor = <psychopy.colors.Color: none, alpha=0.0>
128.9016 	EXP 	polygon_4: borderColor = <psychopy.colors.Color: none, alpha=0.0>
128.9182 	EXP 	polygon_4: borderColor = <psychopy.colors.Color: none, alpha=0.0>
128.9349 	EXP 	polygon_4: borderColor = <psychopy.colors.Color: none, alpha=0.0>
128.9515 	EXP 	polygon_4: borderColor = <psychopy.colors.Color: none, alpha=0.0>
128.9682 	EXP 	polygon_4: borderColor = <psychopy.colors.Color: none, alpha=0.0>
128.9852 	EXP 	polygon_4: borderColor = <psychopy.colors.Color: none, alpha=0.0>
129.0018 	EXP 	polygon_4: borderColor = <psychopy.colors.Color: none, alpha=0.0>
129.0184 	EXP 	polygon_4: borderColor = <psychopy.colors.Color: none, alpha=0.0>
129.0351 	EXP 	polygon_4: borderColor = <psychopy.colors.Color: none, alpha=0.0>
129.0515 	EXP 	polygon_4: borderColor = <psychopy.colors.Color: none, alpha=0.0>
129.0683 	EXP 	polygon_4: borderColor = <psychopy.colors.Color: none, alpha=0.0>
129.0853 	EXP 	polygon_4: borderColor = <psychopy.colors.Color: none, alpha=0.0>
129.1024 	EXP 	polygon_4: borderColor = <psychopy.colors.Color: none, alpha=0.0>
129.1184 	EXP 	polygon_4: borderColor = <psychopy.colors.Color: none, alpha=0.0>
129.1351 	EXP 	polygon_4: borderColor = <psychopy.colors.Color: none, alpha=0.0>
129.1515 	EXP 	polygon_4: borderColor = <psychopy.colors.Color: none, alpha=0.0>
129.1680 	EXP 	polygon_4: borderColor = <psychopy.colors.Color: none, alpha=0.0>
129.1848 	EXP 	polygon_4: borderColor = <psychopy.colors.Color: none, alpha=0.0>
129.2014 	EXP 	polygon_4: borderColor = <psychopy.colors.Color: none, alpha=0.0>
129.2182 	EXP 	polygon_4: borderColor = <psychopy.colors.Color: none, alpha=0.0>
129.2347 	EXP 	polygon_4: borderColor = <psychopy.colors.Color: none, alpha=0.0>
129.2517 	EXP 	polygon_4: borderColor = <psychopy.colors.Color: none, alpha=0.0>
129.2684 	EXP 	polygon_4: borderColor = <psychopy.colors.Color: none, alpha=0.0>
129.2853 	EXP 	polygon_4: borderColor = <psychopy.colors.Color: none, alpha=0.0>
129.3016 	EXP 	polygon_4: borderColor = <psychopy.colors.Color: none, alpha=0.0>
129.3183 	EXP 	polygon_4: borderColor = <psychopy.colors.Color: none, alpha=0.0>
129.3349 	EXP 	polygon_4: borderColor = <psychopy.colors.Color: none, alpha=0.0>
129.3518 	EXP 	polygon_4: borderColor = <psychopy.colors.Color: none, alpha=0.0>
129.3683 	EXP 	polygon_4: borderColor = <psychopy.colors.Color: none, alpha=0.0>
129.3846 	EXP 	polygon_4: borderColor = <psychopy.colors.Color: none, alpha=0.0>
129.4015 	EXP 	polygon_4: borderColor = <psychopy.colors.Color: none, alpha=0.0>
129.4186 	EXP 	polygon_4: borderColor = <psychopy.colors.Color: none, alpha=0.0>
129.4350 	EXP 	polygon_4: borderColor = <psychopy.colors.Color: none, alpha=0.0>
129.4517 	EXP 	polygon_4: borderColor = <psychopy.colors.Color: none, alpha=0.0>
129.4683 	EXP 	polygon_4: borderColor = <psychopy.colors.Color: none, alpha=0.0>
129.4850 	EXP 	polygon_4: borderColor = <psychopy.colors.Color: none, alpha=0.0>
129.4875 	EXP 	Device response: <KeyPress from None: t=129.47769710002467, value=g, duration=None>
129.4888 	DATA 	Keypress: g
129.5176 	EXP 	polygon_4: borderColor = <psychopy.colors.Color: none, alpha=0.0>
129.5176 	EXP 	polygon_4: fillColor = <psychopy.colors.Color: red, alpha=1.0>
129.5176 	EXP 	polygon_4: borderColor = <psychopy.colors.Color: red, alpha=1.0>
129.5351 	EXP 	polygon_4: borderColor = <psychopy.colors.Color: (0.0, 0.0, 0.0, 1.0)>
129.5517 	EXP 	polygon_4: borderColor = <psychopy.colors.Color: (0.0, 0.0, 0.0, 1.0)>
129.5682 	EXP 	polygon_4: borderColor = <psychopy.colors.Color: (0.0, 0.0, 0.0, 1.0)>
129.5850 	EXP 	polygon_4: borderColor = <psychopy.colors.Color: (0.0, 0.0, 0.0, 1.0)>
129.6014 	EXP 	polygon_4: borderColor = <psychopy.colors.Color: (0.0, 0.0, 0.0, 1.0)>
129.7557 	EXP 	polygon_4: borderColor = <psychopy.colors.Color: (0.0, 0.0, 0.0, 1.0)>
129.7557 	EXP 	scene_image_2: autoDraw = False
129.7557 	EXP 	polygon_4: autoDraw = False
129.7557 	EXP 	prompt: autoDraw = False
129.7557 	EXP 	dist_01: autoDraw = False
129.7557 	EXP 	dist_02: autoDraw = False
129.7557 	EXP 	correct: autoDraw = False
129.7557 	EXP 	chooseNowText: autoDraw = False
129.7557 	EXP 	scene_image_3: image = 'stimuli\\context_images\\sea_01.jpg'
129.7557 	EXP 	polygon_8: fillColor = <psychopy.colors.Color: red, alpha=1.0>
129.7557 	EXP 	polygon_8: borderColor = <psychopy.colors.Color: red, alpha=1.0>
129.7557 	EXP 	prompt_2: image = 'stimuli/hammer/hammer_16.jpg'
129.7557 	EXP 	dist_01_2: image = 'stimuli/lamp/lamp_01.jpg'
129.7557 	EXP 	dist_02_2: image = 'stimuli/jacket/jacket_44.jpg'
129.7557 	EXP 	correct_2: image = 'stimuli/pencil/pencil_01.jpg'
129.7557 	EXP 	scene_image_3: autoDraw = True
129.7557 	EXP 	polygon_8: autoDraw = True
129.7557 	EXP 	prompt_2: autoDraw = True
129.7557 	EXP 	dist_01_2: autoDraw = True
129.7557 	EXP 	dist_02_2: autoDraw = True
129.7557 	EXP 	correct_2: autoDraw = True
129.8041 	EXP 	Device response: <KeyPress from None: t=129.47769710002467, value=g, duration=0.3131528999656439>
130.7454 	EXP 	New trial (rep=0, index=12): <Trial 12 (12 in rep 0) data={'block': 1.0, 'learningSeq': 'A', 'runIndexWithinSeq': 1, 'currPosInSeq': 13, 'promptFile': 'stimuli/pencil/pencil_01.jpg', 'correctFile': 'stimuli/phone/phone_01.jpg', 'dist_01File': 'stimuli/hand/hand_16.jpg', 'dist_02File': 'stimuli/bread/bread_29.jpg', 'promptConcept': 'pencil', 'correctConcept': 'phone', 'dist01Concept': 'hand', 'dist02Concept': 'bread', 'correct_pos': 'left', 'dist01_pos': 'center', 'dist02_pos': 'right', 'dist01_diff': 0.73, 'dist02_diff': 0.27, 'correct_ans': 'left', 'pairTargetPosInSeq': 14, 'buf1Concept': 'lamp', 'buf1Exemplar': 1, 'buf1File': 'stimuli/lamp/lamp_01.jpg', 'buf2Concept': 'key', 'buf2Exemplar': 1, 'buf2File': 'stimuli/key/key_01.jpg', 'buf13Concept': 'pencil', 'buf13Exemplar': 1, 'buf13File': 'stimuli/pencil/pencil_01.jpg', 'buf14Concept': 'phone', 'buf14Exemplar': 1, 'buf14File': 'stimuli/phone/phone_01.jpg', 'promptTrigNumber': 16, 'correctTrigNumber': 17, 'dist01TrigNumber': 8, 'dist02TrigNumber': 3, 'thisN': 12, 'thisTrialN': 12, 'thisRepN': 0}>
130.7516 	INFO 	Keyboard events cleared
130.8454 	INFO 	Keyboard events cleared
130.8849 	EXP 	scene_image_3: autoDraw = False
130.8849 	EXP 	polygon_8: autoDraw = False
130.8849 	EXP 	prompt_2: autoDraw = False
130.8849 	EXP 	dist_01_2: autoDraw = False
130.8849 	EXP 	dist_02_2: autoDraw = False
130.8849 	EXP 	correct_2: autoDraw = False
130.8849 	EXP 	scene_image_4: image = 'stimuli\\context_images\\sea_01.jpg'
130.8849 	EXP 	tooSlowtext: height = 0.02
130.8849 	EXP 	tooSlowtext: height = 0.02
130.8849 	EXP 	tooSlowtext: height = 0.02
130.8849 	EXP 	tooSlowtext: text = ''
130.8849 	EXP 	tooSlowtext: height = 0.02
130.8849 	EXP 	tooSlowtext: height = 0.02
130.8849 	EXP 	tooSlowtext: height = 0.02
130.8849 	EXP 	tooSlowtext: text = 'Zu langsam. Sie müssen schneller antworten.'
130.8849 	EXP 	scene_image_4: autoDraw = False
130.8849 	EXP 	tooSlowtext: autoDraw = False
130.8849 	EXP 	scene_image_2: image = 'stimuli\\context_images\\sea_01.jpg'
130.8849 	EXP 	prompt: image = 'stimuli/pencil/pencil_01.jpg'
130.8849 	EXP 	dist_01: image = 'stimuli/hand/hand_16.jpg'
130.8849 	EXP 	dist_02: image = 'stimuli/bread/bread_29.jpg'
130.8849 	EXP 	correct: image = 'stimuli/phone/phone_01.jpg'
130.8849 	EXP 	chooseNowText: height = 0.02
130.8849 	EXP 	chooseNowText: height = 0.02
130.8849 	EXP 	chooseNowText: height = 0.02
130.8849 	EXP 	scene_image_2: autoDraw = True
130.8849 	EXP 	polygon_4: autoDraw = True
130.8849 	EXP 	polygon_4: borderColor = <psychopy.colors.Color: none, alpha=0.0>
130.8849 	EXP 	prompt: autoDraw = True
130.8849 	EXP 	dist_01: autoDraw = True
130.8849 	EXP 	dist_02: autoDraw = True
130.8849 	EXP 	correct: autoDraw = True
130.8849 	EXP 	chooseNowText: autoDraw = True
130.9020 	EXP 	polygon_4: borderColor = <psychopy.colors.Color: none, alpha=0.0>
130.9187 	EXP 	polygon_4: borderColor = <psychopy.colors.Color: none, alpha=0.0>
130.9345 	EXP 	polygon_4: borderColor = <psychopy.colors.Color: none, alpha=0.0>
130.9572 	EXP 	polygon_4: borderColor = <psychopy.colors.Color: none, alpha=0.0>
130.9684 	EXP 	polygon_4: borderColor = <psychopy.colors.Color: none, alpha=0.0>
130.9903 	EXP 	polygon_4: borderColor = <psychopy.colors.Color: none, alpha=0.0>
131.0018 	EXP 	polygon_4: borderColor = <psychopy.colors.Color: none, alpha=0.0>
131.0188 	EXP 	polygon_4: borderColor = <psychopy.colors.Color: none, alpha=0.0>
131.0405 	EXP 	polygon_4: borderColor = <psychopy.colors.Color: none, alpha=0.0>
131.0517 	EXP 	polygon_4: borderColor = <psychopy.colors.Color: none, alpha=0.0>
131.0682 	EXP 	polygon_4: borderColor = <psychopy.colors.Color: none, alpha=0.0>
131.0847 	EXP 	polygon_4: borderColor = <psychopy.colors.Color: none, alpha=0.0>
131.1009 	EXP 	polygon_4: borderColor = <psychopy.colors.Color: none, alpha=0.0>
131.1176 	EXP 	polygon_4: borderColor = <psychopy.colors.Color: none, alpha=0.0>
131.1344 	EXP 	polygon_4: borderColor = <psychopy.colors.Color: none, alpha=0.0>
131.1507 	EXP 	polygon_4: borderColor = <psychopy.colors.Color: none, alpha=0.0>
131.1674 	EXP 	polygon_4: borderColor = <psychopy.colors.Color: none, alpha=0.0>
131.1839 	EXP 	polygon_4: borderColor = <psychopy.colors.Color: none, alpha=0.0>
131.2007 	EXP 	polygon_4: borderColor = <psychopy.colors.Color: none, alpha=0.0>
131.2174 	EXP 	polygon_4: borderColor = <psychopy.colors.Color: none, alpha=0.0>
131.2338 	EXP 	polygon_4: borderColor = <psychopy.colors.Color: none, alpha=0.0>
131.2509 	EXP 	polygon_4: borderColor = <psychopy.colors.Color: none, alpha=0.0>
131.2676 	EXP 	polygon_4: borderColor = <psychopy.colors.Color: none, alpha=0.0>
131.2848 	EXP 	polygon_4: borderColor = <psychopy.colors.Color: none, alpha=0.0>
131.3008 	EXP 	polygon_4: borderColor = <psychopy.colors.Color: none, alpha=0.0>
131.3176 	EXP 	polygon_4: borderColor = <psychopy.colors.Color: none, alpha=0.0>
131.3340 	EXP 	polygon_4: borderColor = <psychopy.colors.Color: none, alpha=0.0>
131.3515 	EXP 	polygon_4: borderColor = <psychopy.colors.Color: none, alpha=0.0>
131.3673 	EXP 	polygon_4: borderColor = <psychopy.colors.Color: none, alpha=0.0>
131.3841 	EXP 	polygon_4: borderColor = <psychopy.colors.Color: none, alpha=0.0>
131.4004 	EXP 	polygon_4: borderColor = <psychopy.colors.Color: none, alpha=0.0>
131.4174 	EXP 	polygon_4: borderColor = <psychopy.colors.Color: none, alpha=0.0>
131.4339 	EXP 	polygon_4: borderColor = <psychopy.colors.Color: none, alpha=0.0>
131.4507 	EXP 	polygon_4: borderColor = <psychopy.colors.Color: none, alpha=0.0>
131.4671 	EXP 	polygon_4: borderColor = <psychopy.colors.Color: none, alpha=0.0>
131.4840 	EXP 	polygon_4: borderColor = <psychopy.colors.Color: none, alpha=0.0>
131.5011 	EXP 	polygon_4: borderColor = <psychopy.colors.Color: none, alpha=0.0>
131.5037 	EXP 	Device response: <KeyPress from None: t=131.49301470001228, value=g, duration=None>
131.5067 	DATA 	Keypress: g
131.5339 	EXP 	polygon_4: borderColor = <psychopy.colors.Color: none, alpha=0.0>
131.5339 	EXP 	polygon_4: fillColor = <psychopy.colors.Color: (0.0, 1.0, 0.0, 1.0)>
131.5339 	EXP 	polygon_4: borderColor = <psychopy.colors.Color: (0.0, 1.0, 0.0, 1.0)>
131.5510 	EXP 	polygon_4: borderColor = <psychopy.colors.Color: (0.0, 0.0, 0.0, 1.0)>
131.5677 	EXP 	polygon_4: borderColor = <psychopy.colors.Color: (0.0, 0.0, 0.0, 1.0)>
131.5843 	EXP 	polygon_4: borderColor = <psychopy.colors.Color: (0.0, 0.0, 0.0, 1.0)>
131.6008 	EXP 	polygon_4: borderColor = <psychopy.colors.Color: (0.0, 0.0, 0.0, 1.0)>
131.6173 	EXP 	polygon_4: borderColor = <psychopy.colors.Color: (0.0, 0.0, 0.0, 1.0)>
131.7330 	EXP 	polygon_4: borderColor = <psychopy.colors.Color: (0.0, 0.0, 0.0, 1.0)>
131.7330 	EXP 	scene_image_2: autoDraw = False
131.7330 	EXP 	polygon_4: autoDraw = False
131.7330 	EXP 	prompt: autoDraw = False
131.7330 	EXP 	dist_01: autoDraw = False
131.7330 	EXP 	dist_02: autoDraw = False
131.7330 	EXP 	correct: autoDraw = False
131.7330 	EXP 	chooseNowText: autoDraw = False
131.7330 	EXP 	scene_image_3: image = 'stimuli\\context_images\\sea_01.jpg'
131.7330 	EXP 	polygon_8: fillColor = <psychopy.colors.Color: (0.0, 1.0, 0.0, 1.0)>
131.7330 	EXP 	polygon_8: borderColor = <psychopy.colors.Color: (0.0, 1.0, 0.0, 1.0)>
131.7330 	EXP 	prompt_2: image = 'stimuli/pencil/pencil_01.jpg'
131.7330 	EXP 	dist_01_2: image = 'stimuli/hand/hand_16.jpg'
131.7330 	EXP 	dist_02_2: image = 'stimuli/bread/bread_29.jpg'
131.7330 	EXP 	correct_2: image = 'stimuli/phone/phone_01.jpg'
131.7330 	EXP 	scene_image_3: autoDraw = True
131.7330 	EXP 	polygon_8: autoDraw = True
131.7330 	EXP 	prompt_2: autoDraw = True
131.7330 	EXP 	dist_01_2: autoDraw = True
131.7330 	EXP 	dist_02_2: autoDraw = True
131.7330 	EXP 	correct_2: autoDraw = True
131.7695 	EXP 	Device response: <KeyPress from None: t=131.49301470001228, value=g, duration=0.2719314000569284>
132.7549 	EXP 	scene_image_3: autoDraw = False
132.7549 	EXP 	polygon_8: autoDraw = False
132.7549 	EXP 	prompt_2: autoDraw = False
132.7549 	EXP 	dist_01_2: autoDraw = False
132.7549 	EXP 	dist_02_2: autoDraw = False
132.7549 	EXP 	correct_2: autoDraw = False
132.7549 	EXP 	scene_image_4: image = 'stimuli\\context_images\\sea_01.jpg'
132.7549 	EXP 	tooSlowtext: height = 0.02
132.7549 	EXP 	tooSlowtext: height = 0.02
132.7549 	EXP 	tooSlowtext: height = 0.02
132.7549 	EXP 	tooSlowtext: text = ''
132.7549 	EXP 	tooSlowtext: height = 0.02
132.7549 	EXP 	tooSlowtext: height = 0.02
132.7549 	EXP 	tooSlowtext: height = 0.02
132.7549 	EXP 	tooSlowtext: text = 'Zu langsam. Sie müssen schneller antworten.'
132.7549 	EXP 	scene_image_4: autoDraw = False
132.7549 	EXP 	tooSlowtext: autoDraw = False
132.7549 	EXP 	fix_cross: autoDraw = True
137.7653 	INFO 	Keyboard events cleared
137.7651 	EXP 	fix_cross: autoDraw = False
137.7651 	EXP 	fix_cross: autoDraw = False
137.7651 	EXP 	instruction_now_retr: height = 0.025
137.7651 	EXP 	instruction_now_retr: height = 0.025
137.7651 	EXP 	instruction_now_retr: height = 0.025
137.7651 	EXP 	instruction_now_retr: text = 'Sie werden nun die gelernten\nAssoziationen abrufen.'
137.7651 	EXP 	instruction_now_retr: autoDraw = True
138.8043 	DEBUG 	Read excel file with openpyxl: sequences/retrieval_block1_fixed-middle-10_03.xlsx
138.8772 	EXP 	Imported sequences/retrieval_block1_fixed-middle-10_03.xlsx as conditions, 20 conditions, 23 params
138.8783 	EXP 	New trial (rep=0, index=0): <Trial 0 (0 in rep 0) data={'learningSeq': 'A', 'block': 'block1', 'runIndexWithinSeq': 1, 'miniblockWithinRun': 0, 'coupleIndexWithinRoute': 0, 'img_first': 'stimuli/bread/bread_29.jpg', 'img_second': 'stimuli/dog/dog_49.jpg', 'img_third': None, 'distance_correct': 5, 'trial_type': 1, 'opt_left': 'no', 'opt_right': 'yes', 'correct_side': 'left', 'correct_key': 'left', 'is_yes': 0, 'image_dur_retr': 1.2, 'fix_dur_retr': 0.2, 'iti_dur_retr': 0.32, 'reflection_win_dur': 2.11, 'routeIndexWithinBlock': 1, 'seqOfRoute': 'A', 'retrIm1Trig': 3, 'retrIm2Trig': 5, 'thisN': 0, 'thisTrialN': 0, 'thisRepN': 0}>
138.8976 	EXP 	instruction_now_retr: autoDraw = False
138.8976 	EXP 	instruction_now_retr: autoDraw = False
138.8976 	EXP 	fix_cross_retrbegin_2: height = 0.03
138.8976 	EXP 	fix_cross_retrbegin_2: height = 0.03
138.8976 	EXP 	fix_cross_retrbegin_2: height = 0.03
138.8976 	EXP 	fix_cross_retrbegin_2: text = '+'
138.8976 	EXP 	fix_cross_retrbegin_2: autoDraw = True
139.0167 	EXP 	Device response: <KeyPress from None: t=139.01357860001735, value=b, duration=None>
139.0170 	DATA 	Keypress: b
139.1843 	EXP 	Device response: <KeyPress from None: t=125.20155800005887, value=b, duration=13.96577469992917>
139.2693 	EXP 	fix_cross_retrbegin_2: autoDraw = False
139.2693 	EXP 	fix_cross_retrbegin_2: autoDraw = False
139.2693 	EXP 	image_1: image = 'stimuli/bread/bread_29.jpg'
139.2693 	EXP 	image_1: autoDraw = True
140.2807 	EXP 	image_1: autoDraw = False
140.2807 	EXP 	image_1: autoDraw = False
140.2807 	EXP 	mask_img1_2: autoDraw = True
140.5718 	EXP 	mask_img1_2: autoDraw = False
140.5718 	EXP 	mask_img1_2: autoDraw = False
140.5718 	EXP 	image_2: image = 'stimuli/dog/dog_49.jpg'
140.5718 	EXP 	image_2: autoDraw = True
141.5805 	EXP 	image_2: autoDraw = False
141.5805 	EXP 	image_2: autoDraw = False
141.5805 	EXP 	mask_img2_2: autoDraw = True
141.8300 	EXP 	mask_img2_2: autoDraw = False
141.8300 	EXP 	mask_img2_2: autoDraw = False
141.8300 	EXP 	fix_cross_reflretr: autoDraw = True
143.9425 	INFO 	Keyboard events cleared
143.9797 	INFO 	Keyboard events cleared
143.9794 	EXP 	fix_cross_reflretr: autoDraw = False
143.9794 	EXP 	fix_cross_reflretr: autoDraw = False
143.9794 	EXP 	yes_txt: height = 0.03
143.9794 	EXP 	yes_txt: height = 0.03
143.9794 	EXP 	yes_txt: height = 0.03
143.9794 	EXP 	yes_txt: text = 'ja'
143.9794 	EXP 	no_txt: height = 0.03
143.9794 	EXP 	no_txt: height = 0.03
143.9794 	EXP 	no_txt: height = 0.03
143.9794 	EXP 	no_txt: text = 'nein'
143.9794 	EXP 	chooseNowText_2: height = 0.025
143.9794 	EXP 	chooseNowText_2: height = 0.025
143.9794 	EXP 	chooseNowText_2: height = 0.025
143.9794 	EXP 	polygon_6: autoDraw = True
143.9794 	EXP 	yes_txt: autoDraw = True
143.9794 	EXP 	no_txt: autoDraw = True
143.9794 	EXP 	chooseNowText_2: autoDraw = True
145.9622 	EXP 	chooseNowText_2: height = 0.025
145.9622 	EXP 	chooseNowText_2: height = 0.025
145.9622 	EXP 	chooseNowText_2: height = 0.025
145.9788 	EXP 	chooseNowText_2: height = 0.025
145.9788 	EXP 	chooseNowText_2: height = 0.025
145.9788 	EXP 	chooseNowText_2: height = 0.025
145.9957 	EXP 	chooseNowText_2: height = 0.025
145.9957 	EXP 	chooseNowText_2: height = 0.025
145.9957 	EXP 	chooseNowText_2: height = 0.025
146.0128 	EXP 	chooseNowText_2: height = 0.025
146.0128 	EXP 	chooseNowText_2: height = 0.025
146.0128 	EXP 	chooseNowText_2: height = 0.025
146.0289 	EXP 	chooseNowText_2: height = 0.025
146.0289 	EXP 	chooseNowText_2: height = 0.025
146.0289 	EXP 	chooseNowText_2: height = 0.025
146.0458 	EXP 	chooseNowText_2: height = 0.025
146.0458 	EXP 	chooseNowText_2: height = 0.025
146.0458 	EXP 	chooseNowText_2: height = 0.025
146.0624 	EXP 	chooseNowText_2: height = 0.025
146.0624 	EXP 	chooseNowText_2: height = 0.025
146.0624 	EXP 	chooseNowText_2: height = 0.025
146.0648 	EXP 	Device response: <KeyPress from None: t=146.05407539999578, value=g, duration=None>
146.0666 	DATA 	Keypress: g
146.1844 	INFO 	Keyboard events cleared
146.2121 	EXP 	polygon_6: autoDraw = False
146.2121 	EXP 	yes_txt: autoDraw = False
146.2121 	EXP 	no_txt: autoDraw = False
146.2121 	EXP 	chooseNowText_2: autoDraw = False
146.2121 	EXP 	tooSlowtext_4: text = ''
146.2121 	EXP 	tooSlowtext_4: height = 0.025
146.2121 	EXP 	tooSlowtext_4: height = 0.025
146.2121 	EXP 	tooSlowtext_4: height = 0.025
146.2121 	EXP 	tooSlowtext_4: text = 'Zu langsam. Sie müssen schneller antworten.'
146.2121 	EXP 	tooSlowtext_4: autoDraw = False
146.2121 	EXP 	chooseNowText_3: height = 0.025
146.2121 	EXP 	chooseNowText_3: height = 0.025
146.2121 	EXP 	chooseNowText_3: height = 0.025
146.2121 	EXP 	opt_2: foreColor = <psychopy.colors.Color: white, alpha=1.0>
146.2121 	EXP 	opt_3: foreColor = <psychopy.colors.Color: white, alpha=1.0>
146.2121 	EXP 	opt_4: foreColor = <psychopy.colors.Color: white, alpha=1.0>
146.2121 	EXP 	opt_5: foreColor = <psychopy.colors.Color: white, alpha=1.0>
146.2121 	EXP 	chooseNowText_3: autoDraw = True
146.2121 	EXP 	opt_2: autoDraw = True
146.2121 	EXP 	opt_3: autoDraw = True
146.2121 	EXP 	opt_4: autoDraw = True
146.2121 	EXP 	opt_5: autoDraw = True
146.3478 	EXP 	Device response: <KeyPress from None: t=146.05407539999578, value=g, duration=0.2810308000771329>
146.6955 	INFO 	Keyboard events cleared
147.9655 	EXP 	Device response: <KeyPress from None: t=147.95563720003702, value=r, duration=None>
147.9664 	DATA 	Keypress: r
148.0801 	EXP 	Device response: <KeyPress from None: t=115.59933450003155, value=r, duration=32.467987600015476>
148.2119 	EXP 	chooseNowText_3: height = 0.025
148.2119 	EXP 	chooseNowText_3: height = 0.025
148.2119 	EXP 	chooseNowText_3: height = 0.025
148.2284 	EXP 	chooseNowText_3: height = 0.025
148.2284 	EXP 	chooseNowText_3: height = 0.025
148.2284 	EXP 	chooseNowText_3: height = 0.025
148.2453 	EXP 	chooseNowText_3: height = 0.025
148.2453 	EXP 	chooseNowText_3: height = 0.025
148.2453 	EXP 	chooseNowText_3: height = 0.025
148.2617 	EXP 	chooseNowText_3: height = 0.025
148.2617 	EXP 	chooseNowText_3: height = 0.025
148.2617 	EXP 	chooseNowText_3: height = 0.025
148.2783 	EXP 	chooseNowText_3: height = 0.025
148.2783 	EXP 	chooseNowText_3: height = 0.025
148.2783 	EXP 	chooseNowText_3: height = 0.025
148.2952 	EXP 	chooseNowText_3: height = 0.025
148.2952 	EXP 	chooseNowText_3: height = 0.025
148.2952 	EXP 	chooseNowText_3: height = 0.025
148.3120 	EXP 	chooseNowText_3: height = 0.025
148.3120 	EXP 	chooseNowText_3: height = 0.025
148.3120 	EXP 	chooseNowText_3: height = 0.025
148.3284 	EXP 	chooseNowText_3: height = 0.025
148.3284 	EXP 	chooseNowText_3: height = 0.025
148.3284 	EXP 	chooseNowText_3: height = 0.025
148.3453 	EXP 	chooseNowText_3: height = 0.025
148.3453 	EXP 	chooseNowText_3: height = 0.025
148.3453 	EXP 	chooseNowText_3: height = 0.025
148.3616 	EXP 	chooseNowText_3: height = 0.025
148.3616 	EXP 	chooseNowText_3: height = 0.025
148.3616 	EXP 	chooseNowText_3: height = 0.025
148.3782 	EXP 	chooseNowText_3: height = 0.025
148.3782 	EXP 	chooseNowText_3: height = 0.025
148.3782 	EXP 	chooseNowText_3: height = 0.025
148.3948 	EXP 	chooseNowText_3: height = 0.025
148.3948 	EXP 	chooseNowText_3: height = 0.025
148.3948 	EXP 	chooseNowText_3: height = 0.025
148.4117 	EXP 	chooseNowText_3: height = 0.025
148.4117 	EXP 	chooseNowText_3: height = 0.025
148.4117 	EXP 	chooseNowText_3: height = 0.025
148.4284 	EXP 	chooseNowText_3: height = 0.025
148.4284 	EXP 	chooseNowText_3: height = 0.025
148.4284 	EXP 	chooseNowText_3: height = 0.025
148.4451 	EXP 	chooseNowText_3: height = 0.025
148.4451 	EXP 	chooseNowText_3: height = 0.025
148.4451 	EXP 	chooseNowText_3: height = 0.025
148.4618 	EXP 	chooseNowText_3: height = 0.025
148.4618 	EXP 	chooseNowText_3: height = 0.025
148.4618 	EXP 	chooseNowText_3: height = 0.025
148.4785 	EXP 	chooseNowText_3: height = 0.025
148.4785 	EXP 	chooseNowText_3: height = 0.025
148.4785 	EXP 	chooseNowText_3: height = 0.025
148.4950 	EXP 	chooseNowText_3: height = 0.025
148.4950 	EXP 	chooseNowText_3: height = 0.025
148.4950 	EXP 	chooseNowText_3: height = 0.025
148.5120 	EXP 	chooseNowText_3: height = 0.025
148.5120 	EXP 	chooseNowText_3: height = 0.025
148.5120 	EXP 	chooseNowText_3: height = 0.025
148.5286 	EXP 	chooseNowText_3: height = 0.025
148.5286 	EXP 	chooseNowText_3: height = 0.025
148.5286 	EXP 	chooseNowText_3: height = 0.025
148.5457 	EXP 	chooseNowText_3: height = 0.025
148.5457 	EXP 	chooseNowText_3: height = 0.025
148.5457 	EXP 	chooseNowText_3: height = 0.025
148.5481 	EXP 	Device response: <KeyPress from None: t=148.54673870000988, value=g, duration=None>
148.5514 	DATA 	Keypress: g
148.5617 	EXP 	chooseNowText_3: height = 0.025
148.5617 	EXP 	chooseNowText_3: height = 0.025
148.5617 	EXP 	chooseNowText_3: height = 0.025
148.5786 	EXP 	chooseNowText_3: height = 0.025
148.5786 	EXP 	chooseNowText_3: height = 0.025
148.5786 	EXP 	chooseNowText_3: height = 0.025
148.5949 	EXP 	chooseNowText_3: height = 0.025
148.5949 	EXP 	chooseNowText_3: height = 0.025
148.5949 	EXP 	chooseNowText_3: height = 0.025
148.6117 	EXP 	chooseNowText_3: height = 0.025
148.6117 	EXP 	chooseNowText_3: height = 0.025
148.6117 	EXP 	chooseNowText_3: height = 0.025
148.6286 	EXP 	chooseNowText_3: height = 0.025
148.6286 	EXP 	chooseNowText_3: height = 0.025
148.6286 	EXP 	chooseNowText_3: height = 0.025
148.6449 	EXP 	chooseNowText_3: height = 0.025
148.6449 	EXP 	chooseNowText_3: height = 0.025
148.6449 	EXP 	chooseNowText_3: height = 0.025
148.6616 	EXP 	chooseNowText_3: height = 0.025
148.6616 	EXP 	chooseNowText_3: height = 0.025
148.6616 	EXP 	chooseNowText_3: height = 0.025
148.6782 	EXP 	chooseNowText_3: height = 0.025
148.6782 	EXP 	chooseNowText_3: height = 0.025
148.6782 	EXP 	chooseNowText_3: height = 0.025
148.6951 	EXP 	chooseNowText_3: height = 0.025
148.6951 	EXP 	chooseNowText_3: height = 0.025
148.6951 	EXP 	chooseNowText_3: height = 0.025
148.6994 	EXP 	Device response: <KeyPress from None: t=148.54673870000988, value=g, duration=0.15102850005496293>
148.7118 	EXP 	chooseNowText_3: height = 0.025
148.7118 	EXP 	chooseNowText_3: height = 0.025
148.7118 	EXP 	chooseNowText_3: height = 0.025
148.7284 	EXP 	chooseNowText_3: height = 0.025
148.7284 	EXP 	chooseNowText_3: height = 0.025
148.7284 	EXP 	chooseNowText_3: height = 0.025
148.7451 	EXP 	chooseNowText_3: height = 0.025
148.7451 	EXP 	chooseNowText_3: height = 0.025
148.7451 	EXP 	chooseNowText_3: height = 0.025
148.7619 	EXP 	chooseNowText_3: height = 0.025
148.7619 	EXP 	chooseNowText_3: height = 0.025
148.7619 	EXP 	chooseNowText_3: height = 0.025
148.7783 	EXP 	chooseNowText_3: height = 0.025
148.7783 	EXP 	chooseNowText_3: height = 0.025
148.7783 	EXP 	chooseNowText_3: height = 0.025
148.7951 	EXP 	chooseNowText_3: height = 0.025
148.7951 	EXP 	chooseNowText_3: height = 0.025
148.7951 	EXP 	chooseNowText_3: height = 0.025
148.8117 	EXP 	chooseNowText_3: height = 0.025
148.8117 	EXP 	chooseNowText_3: height = 0.025
148.8117 	EXP 	chooseNowText_3: height = 0.025
148.8283 	EXP 	chooseNowText_3: height = 0.025
148.8283 	EXP 	chooseNowText_3: height = 0.025
148.8283 	EXP 	chooseNowText_3: height = 0.025
148.8450 	EXP 	chooseNowText_3: height = 0.025
148.8450 	EXP 	chooseNowText_3: height = 0.025
148.8450 	EXP 	chooseNowText_3: height = 0.025
148.8616 	EXP 	chooseNowText_3: height = 0.025
148.8616 	EXP 	chooseNowText_3: height = 0.025
148.8616 	EXP 	chooseNowText_3: height = 0.025
148.9446 	EXP 	chooseNowText_3: height = 0.025
148.9446 	EXP 	chooseNowText_3: height = 0.025
148.9446 	EXP 	chooseNowText_3: height = 0.025
148.9618 	EXP 	chooseNowText_3: height = 0.025
148.9618 	EXP 	chooseNowText_3: height = 0.025
148.9618 	EXP 	chooseNowText_3: height = 0.025
148.9786 	EXP 	chooseNowText_3: height = 0.025
148.9786 	EXP 	chooseNowText_3: height = 0.025
148.9786 	EXP 	chooseNowText_3: height = 0.025
148.9950 	EXP 	chooseNowText_3: height = 0.025
148.9950 	EXP 	chooseNowText_3: height = 0.025
148.9950 	EXP 	chooseNowText_3: height = 0.025
149.0177 	EXP 	chooseNowText_3: height = 0.025
149.0177 	EXP 	chooseNowText_3: height = 0.025
149.0177 	EXP 	chooseNowText_3: height = 0.025
149.0290 	EXP 	chooseNowText_3: height = 0.025
149.0290 	EXP 	chooseNowText_3: height = 0.025
149.0290 	EXP 	chooseNowText_3: height = 0.025
149.0347 	DATA 	Keypress: g
149.0455 	EXP 	chooseNowText_3: height = 0.025
149.0455 	EXP 	chooseNowText_3: height = 0.025
149.0455 	EXP 	chooseNowText_3: height = 0.025
149.0481 	EXP 	Device response: <KeyPress from None: t=149.03427210007794, value=g, duration=None>
149.0616 	EXP 	chooseNowText_3: height = 0.025
149.0616 	EXP 	chooseNowText_3: height = 0.025
149.0616 	EXP 	chooseNowText_3: height = 0.025
149.0781 	EXP 	chooseNowText_3: height = 0.025
149.0781 	EXP 	chooseNowText_3: height = 0.025
149.0781 	EXP 	chooseNowText_3: height = 0.025
149.1009 	EXP 	chooseNowText_3: height = 0.025
149.1009 	EXP 	chooseNowText_3: height = 0.025
149.1009 	EXP 	chooseNowText_3: height = 0.025
149.1122 	EXP 	chooseNowText_3: height = 0.025
149.1122 	EXP 	chooseNowText_3: height = 0.025
149.1122 	EXP 	chooseNowText_3: height = 0.025
149.1289 	EXP 	chooseNowText_3: height = 0.025
149.1289 	EXP 	chooseNowText_3: height = 0.025
149.1289 	EXP 	chooseNowText_3: height = 0.025
149.1318 	EXP 	Device response: <KeyPress from None: t=149.03427210007794, value=g, duration=0.08387989993207157>
149.1449 	EXP 	chooseNowText_3: height = 0.025
149.1449 	EXP 	chooseNowText_3: height = 0.025
149.1449 	EXP 	chooseNowText_3: height = 0.025
149.1615 	EXP 	chooseNowText_3: height = 0.025
149.1615 	EXP 	chooseNowText_3: height = 0.025
149.1615 	EXP 	chooseNowText_3: height = 0.025
149.1782 	EXP 	chooseNowText_3: height = 0.025
149.1782 	EXP 	chooseNowText_3: height = 0.025
149.1782 	EXP 	chooseNowText_3: height = 0.025
149.1949 	EXP 	chooseNowText_3: height = 0.025
149.1949 	EXP 	chooseNowText_3: height = 0.025
149.1949 	EXP 	chooseNowText_3: height = 0.025
149.2116 	EXP 	chooseNowText_3: height = 0.025
149.2116 	EXP 	chooseNowText_3: height = 0.025
149.2116 	EXP 	chooseNowText_3: height = 0.025
149.2116 	EXP 	chooseNowText_3: autoDraw = False
149.2116 	EXP 	opt_2: autoDraw = False
149.2116 	EXP 	opt_3: autoDraw = False
149.2116 	EXP 	opt_4: autoDraw = False
149.2116 	EXP 	opt_5: autoDraw = False
149.2280 	EXP 	chooseNowText_3: height = 0.025
149.2280 	EXP 	chooseNowText_3: height = 0.025
149.2280 	EXP 	chooseNowText_3: height = 0.025
149.2450 	EXP 	chooseNowText_3: height = 0.025
149.2450 	EXP 	chooseNowText_3: height = 0.025
149.2450 	EXP 	chooseNowText_3: height = 0.025
149.2631 	EXP 	chooseNowText_3: height = 0.025
149.2631 	EXP 	chooseNowText_3: height = 0.025
149.2631 	EXP 	chooseNowText_3: height = 0.025
149.2780 	EXP 	chooseNowText_3: height = 0.025
149.2780 	EXP 	chooseNowText_3: height = 0.025
149.2780 	EXP 	chooseNowText_3: height = 0.025
149.2945 	EXP 	chooseNowText_3: height = 0.025
149.2945 	EXP 	chooseNowText_3: height = 0.025
149.2945 	EXP 	chooseNowText_3: height = 0.025
149.3113 	EXP 	chooseNowText_3: height = 0.025
149.3113 	EXP 	chooseNowText_3: height = 0.025
149.3113 	EXP 	chooseNowText_3: height = 0.025
149.3281 	EXP 	chooseNowText_3: height = 0.025
149.3281 	EXP 	chooseNowText_3: height = 0.025
149.3281 	EXP 	chooseNowText_3: height = 0.025
149.3446 	EXP 	chooseNowText_3: height = 0.025
149.3446 	EXP 	chooseNowText_3: height = 0.025
149.3446 	EXP 	chooseNowText_3: height = 0.025
149.3613 	EXP 	chooseNowText_3: height = 0.025
149.3613 	EXP 	chooseNowText_3: height = 0.025
149.3613 	EXP 	chooseNowText_3: height = 0.025
149.3782 	EXP 	chooseNowText_3: height = 0.025
149.3782 	EXP 	chooseNowText_3: height = 0.025
149.3782 	EXP 	chooseNowText_3: height = 0.025
149.3947 	EXP 	chooseNowText_3: height = 0.025
149.3947 	EXP 	chooseNowText_3: height = 0.025
149.3947 	EXP 	chooseNowText_3: height = 0.025
149.4114 	EXP 	chooseNowText_3: height = 0.025
149.4114 	EXP 	chooseNowText_3: height = 0.025
149.4114 	EXP 	chooseNowText_3: height = 0.025
149.4284 	EXP 	chooseNowText_3: height = 0.025
149.4284 	EXP 	chooseNowText_3: height = 0.025
149.4284 	EXP 	chooseNowText_3: height = 0.025
149.4448 	EXP 	chooseNowText_3: height = 0.025
149.4448 	EXP 	chooseNowText_3: height = 0.025
149.4448 	EXP 	chooseNowText_3: height = 0.025
149.4613 	EXP 	chooseNowText_3: height = 0.025
149.4613 	EXP 	chooseNowText_3: height = 0.025
149.4613 	EXP 	chooseNowText_3: height = 0.025
149.4778 	EXP 	chooseNowText_3: height = 0.025
149.4778 	EXP 	chooseNowText_3: height = 0.025
149.4778 	EXP 	chooseNowText_3: height = 0.025
149.4945 	EXP 	chooseNowText_3: height = 0.025
149.4945 	EXP 	chooseNowText_3: height = 0.025
149.4945 	EXP 	chooseNowText_3: height = 0.025
149.5113 	EXP 	chooseNowText_3: height = 0.025
149.5113 	EXP 	chooseNowText_3: height = 0.025
149.5113 	EXP 	chooseNowText_3: height = 0.025
149.5282 	EXP 	chooseNowText_3: height = 0.025
149.5282 	EXP 	chooseNowText_3: height = 0.025
149.5282 	EXP 	chooseNowText_3: height = 0.025
149.5445 	EXP 	chooseNowText_3: height = 0.025
149.5445 	EXP 	chooseNowText_3: height = 0.025
149.5445 	EXP 	chooseNowText_3: height = 0.025
149.5613 	EXP 	chooseNowText_3: height = 0.025
149.5613 	EXP 	chooseNowText_3: height = 0.025
149.5613 	EXP 	chooseNowText_3: height = 0.025
149.5782 	EXP 	chooseNowText_3: height = 0.025
149.5782 	EXP 	chooseNowText_3: height = 0.025
149.5782 	EXP 	chooseNowText_3: height = 0.025
149.5946 	EXP 	chooseNowText_3: height = 0.025
149.5946 	EXP 	chooseNowText_3: height = 0.025
149.5946 	EXP 	chooseNowText_3: height = 0.025
149.6112 	EXP 	chooseNowText_3: height = 0.025
149.6112 	EXP 	chooseNowText_3: height = 0.025
149.6112 	EXP 	chooseNowText_3: height = 0.025
149.6277 	EXP 	chooseNowText_3: height = 0.025
149.6277 	EXP 	chooseNowText_3: height = 0.025
149.6277 	EXP 	chooseNowText_3: height = 0.025
149.6448 	EXP 	chooseNowText_3: height = 0.025
149.6448 	EXP 	chooseNowText_3: height = 0.025
149.6448 	EXP 	chooseNowText_3: height = 0.025
149.6613 	EXP 	chooseNowText_3: height = 0.025
149.6613 	EXP 	chooseNowText_3: height = 0.025
149.6613 	EXP 	chooseNowText_3: height = 0.025
149.6780 	EXP 	chooseNowText_3: height = 0.025
149.6780 	EXP 	chooseNowText_3: height = 0.025
149.6780 	EXP 	chooseNowText_3: height = 0.025
149.6949 	EXP 	chooseNowText_3: height = 0.025
149.6949 	EXP 	chooseNowText_3: height = 0.025
149.6949 	EXP 	chooseNowText_3: height = 0.025
149.6949 	EXP 	chooseNowText_3: autoDraw = False
149.6949 	EXP 	opt_2: autoDraw = False
149.6949 	EXP 	opt_3: autoDraw = False
149.6949 	EXP 	opt_4: autoDraw = False
149.6949 	EXP 	opt_5: autoDraw = False
149.6949 	EXP 	tooSlowtext_2: text = ''
149.6949 	EXP 	tooSlowtext_2: height = 0.025
149.6949 	EXP 	tooSlowtext_2: height = 0.025
149.6949 	EXP 	tooSlowtext_2: height = 0.025
149.6949 	EXP 	tooSlowtext_2: text = 'Zu langsam. Sie müssen schneller antworten.'
149.6949 	EXP 	tooSlowtext_2: autoDraw = True
150.1805 	EXP 	New trial (rep=0, index=1): <Trial 1 (1 in rep 0) data={'learningSeq': 'A', 'block': 'block1', 'runIndexWithinSeq': 1, 'miniblockWithinRun': 0, 'coupleIndexWithinRoute': 1, 'img_first': 'stimuli/flower/flower_17.jpg', 'img_second': 'stimuli/hand/hand_16.jpg', 'img_third': None, 'distance_correct': 3, 'trial_type': 1, 'opt_left': 'yes', 'opt_right': 'no', 'correct_side': 'right', 'correct_key': 'right', 'is_yes': 0, 'image_dur_retr': 1.2, 'fix_dur_retr': 0.2, 'iti_dur_retr': 0.26, 'reflection_win_dur': 1.82, 'routeIndexWithinBlock': 1, 'seqOfRoute': 'A', 'retrIm1Trig': 6, 'retrIm2Trig': 8, 'thisN': 1, 'thisTrialN': 1, 'thisRepN': 0}>
150.1946 	EXP 	tooSlowtext_2: autoDraw = False
150.1946 	EXP 	tooSlowtext_2: autoDraw = False
150.1946 	EXP 	fix_cross_retrbegin_2: text = '+'
150.1946 	EXP 	fix_cross_retrbegin_2: autoDraw = True
150.4807 	EXP 	fix_cross_retrbegin_2: autoDraw = False
150.4807 	EXP 	fix_cross_retrbegin_2: autoDraw = False
150.4807 	EXP 	image_1: image = 'stimuli/flower/flower_17.jpg'
150.4807 	EXP 	image_1: autoDraw = True
151.4940 	EXP 	image_1: autoDraw = False
151.4940 	EXP 	image_1: autoDraw = False
151.4940 	EXP 	mask_img1_2: autoDraw = True
151.7651 	EXP 	mask_img1_2: autoDraw = False
151.7651 	EXP 	mask_img1_2: autoDraw = False
151.7651 	EXP 	image_2: image = 'stimuli/hand/hand_16.jpg'
151.7651 	EXP 	image_2: autoDraw = True
152.7769 	EXP 	image_2: autoDraw = False
152.7769 	EXP 	image_2: autoDraw = False
152.7769 	EXP 	mask_img2_2: autoDraw = True
153.0266 	EXP 	mask_img2_2: autoDraw = False
153.0266 	EXP 	mask_img2_2: autoDraw = False
153.0266 	EXP 	fix_cross_reflretr: autoDraw = True
154.8567 	INFO 	Keyboard events cleared
154.8755 	INFO 	Keyboard events cleared
154.8754 	EXP 	fix_cross_reflretr: autoDraw = False
154.8754 	EXP 	fix_cross_reflretr: autoDraw = False
154.8754 	EXP 	yes_txt: text = 'ja'
154.8754 	EXP 	no_txt: text = 'nein'
154.8754 	EXP 	chooseNowText_2: height = 0.025
154.8754 	EXP 	chooseNowText_2: height = 0.025
154.8754 	EXP 	chooseNowText_2: height = 0.025
154.8754 	EXP 	polygon_6: autoDraw = True
154.8754 	EXP 	yes_txt: autoDraw = True
154.8754 	EXP 	no_txt: autoDraw = True
154.8754 	EXP 	chooseNowText_2: autoDraw = True
156.7277 	EXP 	Device response: <KeyPress from None: t=156.7166613000445, value=g, duration=None>
156.7291 	DATA 	Keypress: g
156.8305 	INFO 	Keyboard events cleared
156.8588 	EXP 	polygon_6: autoDraw = False
156.8588 	EXP 	yes_txt: autoDraw = False
156.8588 	EXP 	no_txt: autoDraw = False
156.8588 	EXP 	chooseNowText_2: autoDraw = False
156.8588 	EXP 	tooSlowtext_4: height = 0.025
156.8588 	EXP 	tooSlowtext_4: height = 0.025
156.8588 	EXP 	tooSlowtext_4: height = 0.025
156.8588 	EXP 	tooSlowtext_4: text = ''
156.8588 	EXP 	tooSlowtext_4: height = 0.025
156.8588 	EXP 	tooSlowtext_4: height = 0.025
156.8588 	EXP 	tooSlowtext_4: height = 0.025
156.8588 	EXP 	tooSlowtext_4: text = 'Zu langsam. Sie müssen schneller antworten.'
156.8588 	EXP 	tooSlowtext_4: autoDraw = False
156.8588 	EXP 	chooseNowText_3: height = 0.025
156.8588 	EXP 	chooseNowText_3: height = 0.025
156.8588 	EXP 	chooseNowText_3: height = 0.025
156.8588 	EXP 	opt_2: foreColor = <psychopy.colors.Color: white, alpha=1.0>
156.8588 	EXP 	opt_3: foreColor = <psychopy.colors.Color: white, alpha=1.0>
156.8588 	EXP 	opt_4: foreColor = <psychopy.colors.Color: white, alpha=1.0>
156.8588 	EXP 	opt_5: foreColor = <psychopy.colors.Color: white, alpha=1.0>
156.8588 	EXP 	chooseNowText_3: autoDraw = True
156.8588 	EXP 	opt_2: autoDraw = True
156.8588 	EXP 	opt_3: autoDraw = True
156.8588 	EXP 	opt_4: autoDraw = True
156.8588 	EXP 	opt_5: autoDraw = True
156.9284 	EXP 	Device response: <KeyPress from None: t=156.7166613000445, value=g, duration=0.2064629999222234>
157.3418 	INFO 	Keyboard events cleared
157.3941 	EXP 	Device response: <KeyPress from None: t=157.39251669996884, value=b, duration=None>
157.3948 	DATA 	Keypress: b
157.6103 	EXP 	Device response: <KeyPress from None: t=139.01357860001735, value=b, duration=18.595345900044776>
158.3274 	EXP 	Device response: <KeyPress from None: t=158.31998410006054, value=b, duration=None>
158.3283 	DATA 	Keypress: b
158.4770 	EXP 	Device response: <KeyPress from None: t=157.39251669996884, value=b, duration=1.0755229000933468>
158.8580 	EXP 	chooseNowText_3: height = 0.025
158.8580 	EXP 	chooseNowText_3: height = 0.025
158.8580 	EXP 	chooseNowText_3: height = 0.025
158.8749 	EXP 	chooseNowText_3: height = 0.025
158.8749 	EXP 	chooseNowText_3: height = 0.025
158.8749 	EXP 	chooseNowText_3: height = 0.025
158.8917 	EXP 	chooseNowText_3: height = 0.025
158.8917 	EXP 	chooseNowText_3: height = 0.025
158.8917 	EXP 	chooseNowText_3: height = 0.025
158.9082 	EXP 	chooseNowText_3: height = 0.025
158.9082 	EXP 	chooseNowText_3: height = 0.025
158.9082 	EXP 	chooseNowText_3: height = 0.025
158.9248 	EXP 	chooseNowText_3: height = 0.025
158.9248 	EXP 	chooseNowText_3: height = 0.025
158.9248 	EXP 	chooseNowText_3: height = 0.025
158.9412 	EXP 	chooseNowText_3: height = 0.025
158.9412 	EXP 	chooseNowText_3: height = 0.025
158.9412 	EXP 	chooseNowText_3: height = 0.025
158.9583 	EXP 	chooseNowText_3: height = 0.025
158.9583 	EXP 	chooseNowText_3: height = 0.025
158.9583 	EXP 	chooseNowText_3: height = 0.025
158.9750 	EXP 	chooseNowText_3: height = 0.025
158.9750 	EXP 	chooseNowText_3: height = 0.025
158.9750 	EXP 	chooseNowText_3: height = 0.025
158.9919 	EXP 	chooseNowText_3: height = 0.025
158.9919 	EXP 	chooseNowText_3: height = 0.025
158.9919 	EXP 	chooseNowText_3: height = 0.025
159.0084 	EXP 	chooseNowText_3: height = 0.025
159.0084 	EXP 	chooseNowText_3: height = 0.025
159.0084 	EXP 	chooseNowText_3: height = 0.025
159.0251 	EXP 	chooseNowText_3: height = 0.025
159.0251 	EXP 	chooseNowText_3: height = 0.025
159.0251 	EXP 	chooseNowText_3: height = 0.025
159.0418 	EXP 	chooseNowText_3: height = 0.025
159.0418 	EXP 	chooseNowText_3: height = 0.025
159.0418 	EXP 	chooseNowText_3: height = 0.025
159.0584 	EXP 	chooseNowText_3: height = 0.025
159.0584 	EXP 	chooseNowText_3: height = 0.025
159.0584 	EXP 	chooseNowText_3: height = 0.025
159.0751 	EXP 	chooseNowText_3: height = 0.025
159.0751 	EXP 	chooseNowText_3: height = 0.025
159.0751 	EXP 	chooseNowText_3: height = 0.025
159.0919 	EXP 	chooseNowText_3: height = 0.025
159.0919 	EXP 	chooseNowText_3: height = 0.025
159.0919 	EXP 	chooseNowText_3: height = 0.025
159.1085 	EXP 	chooseNowText_3: height = 0.025
159.1085 	EXP 	chooseNowText_3: height = 0.025
159.1085 	EXP 	chooseNowText_3: height = 0.025
159.1251 	EXP 	chooseNowText_3: height = 0.025
159.1251 	EXP 	chooseNowText_3: height = 0.025
159.1251 	EXP 	chooseNowText_3: height = 0.025
159.1416 	EXP 	chooseNowText_3: height = 0.025
159.1416 	EXP 	chooseNowText_3: height = 0.025
159.1416 	EXP 	chooseNowText_3: height = 0.025
159.1583 	EXP 	chooseNowText_3: height = 0.025
159.1583 	EXP 	chooseNowText_3: height = 0.025
159.1583 	EXP 	chooseNowText_3: height = 0.025
159.1750 	EXP 	chooseNowText_3: height = 0.025
159.1750 	EXP 	chooseNowText_3: height = 0.025
159.1750 	EXP 	chooseNowText_3: height = 0.025
159.1916 	EXP 	chooseNowText_3: height = 0.025
159.1916 	EXP 	chooseNowText_3: height = 0.025
159.1916 	EXP 	chooseNowText_3: height = 0.025
159.2084 	EXP 	chooseNowText_3: height = 0.025
159.2084 	EXP 	chooseNowText_3: height = 0.025
159.2084 	EXP 	chooseNowText_3: height = 0.025
159.2249 	EXP 	chooseNowText_3: height = 0.025
159.2249 	EXP 	chooseNowText_3: height = 0.025
159.2249 	EXP 	chooseNowText_3: height = 0.025
159.2419 	EXP 	chooseNowText_3: height = 0.025
159.2419 	EXP 	chooseNowText_3: height = 0.025
159.2419 	EXP 	chooseNowText_3: height = 0.025
159.2587 	EXP 	chooseNowText_3: height = 0.025
159.2587 	EXP 	chooseNowText_3: height = 0.025
159.2587 	EXP 	chooseNowText_3: height = 0.025
159.2750 	EXP 	chooseNowText_3: height = 0.025
159.2750 	EXP 	chooseNowText_3: height = 0.025
159.2750 	EXP 	chooseNowText_3: height = 0.025
159.2918 	EXP 	chooseNowText_3: height = 0.025
159.2918 	EXP 	chooseNowText_3: height = 0.025
159.2918 	EXP 	chooseNowText_3: height = 0.025
159.3086 	EXP 	chooseNowText_3: height = 0.025
159.3086 	EXP 	chooseNowText_3: height = 0.025
159.3086 	EXP 	chooseNowText_3: height = 0.025
159.3249 	EXP 	chooseNowText_3: height = 0.025
159.3249 	EXP 	chooseNowText_3: height = 0.025
159.3249 	EXP 	chooseNowText_3: height = 0.025
159.3276 	EXP 	Device response: <KeyPress from None: t=159.31809580000117, value=y, duration=None>
159.3309 	DATA 	Keypress: y
159.3418 	EXP 	chooseNowText_3: height = 0.025
159.3418 	EXP 	chooseNowText_3: height = 0.025
159.3418 	EXP 	chooseNowText_3: height = 0.025
159.3590 	EXP 	chooseNowText_3: height = 0.025
159.3590 	EXP 	chooseNowText_3: height = 0.025
159.3590 	EXP 	chooseNowText_3: height = 0.025
159.3750 	EXP 	chooseNowText_3: height = 0.025
159.3750 	EXP 	chooseNowText_3: height = 0.025
159.3750 	EXP 	chooseNowText_3: height = 0.025
159.3917 	EXP 	chooseNowText_3: height = 0.025
159.3917 	EXP 	chooseNowText_3: height = 0.025
159.3917 	EXP 	chooseNowText_3: height = 0.025
159.4083 	EXP 	chooseNowText_3: height = 0.025
159.4083 	EXP 	chooseNowText_3: height = 0.025
159.4083 	EXP 	chooseNowText_3: height = 0.025
159.4270 	EXP 	chooseNowText_3: height = 0.025
159.4270 	EXP 	chooseNowText_3: height = 0.025
159.4270 	EXP 	chooseNowText_3: height = 0.025
159.4297 	EXP 	Device response: <KeyPress from None: t=159.31809580000117, value=y, duration=0.10165670001879334>
159.4418 	EXP 	chooseNowText_3: height = 0.025
159.4418 	EXP 	chooseNowText_3: height = 0.025
159.4418 	EXP 	chooseNowText_3: height = 0.025
159.4583 	EXP 	chooseNowText_3: height = 0.025
159.4583 	EXP 	chooseNowText_3: height = 0.025
159.4583 	EXP 	chooseNowText_3: height = 0.025
159.4750 	EXP 	chooseNowText_3: height = 0.025
159.4750 	EXP 	chooseNowText_3: height = 0.025
159.4750 	EXP 	chooseNowText_3: height = 0.025
159.4918 	EXP 	chooseNowText_3: height = 0.025
159.4918 	EXP 	chooseNowText_3: height = 0.025
159.4918 	EXP 	chooseNowText_3: height = 0.025
159.5082 	EXP 	chooseNowText_3: height = 0.025
159.5082 	EXP 	chooseNowText_3: height = 0.025
159.5082 	EXP 	chooseNowText_3: height = 0.025
159.5249 	EXP 	chooseNowText_3: height = 0.025
159.5249 	EXP 	chooseNowText_3: height = 0.025
159.5249 	EXP 	chooseNowText_3: height = 0.025
159.5417 	EXP 	chooseNowText_3: height = 0.025
159.5417 	EXP 	chooseNowText_3: height = 0.025
159.5417 	EXP 	chooseNowText_3: height = 0.025
159.5580 	EXP 	chooseNowText_3: height = 0.025
159.5580 	EXP 	chooseNowText_3: height = 0.025
159.5580 	EXP 	chooseNowText_3: height = 0.025
159.5748 	EXP 	chooseNowText_3: height = 0.025
159.5748 	EXP 	chooseNowText_3: height = 0.025
159.5748 	EXP 	chooseNowText_3: height = 0.025
159.5914 	EXP 	chooseNowText_3: height = 0.025
159.5914 	EXP 	chooseNowText_3: height = 0.025
159.5914 	EXP 	chooseNowText_3: height = 0.025
159.6081 	EXP 	chooseNowText_3: height = 0.025
159.6081 	EXP 	chooseNowText_3: height = 0.025
159.6081 	EXP 	chooseNowText_3: height = 0.025
159.6245 	EXP 	chooseNowText_3: height = 0.025
159.6245 	EXP 	chooseNowText_3: height = 0.025
159.6245 	EXP 	chooseNowText_3: height = 0.025
159.6412 	EXP 	chooseNowText_3: height = 0.025
159.6412 	EXP 	chooseNowText_3: height = 0.025
159.6412 	EXP 	chooseNowText_3: height = 0.025
159.6578 	EXP 	chooseNowText_3: height = 0.025
159.6578 	EXP 	chooseNowText_3: height = 0.025
159.6578 	EXP 	chooseNowText_3: height = 0.025
159.6744 	EXP 	chooseNowText_3: height = 0.025
159.6744 	EXP 	chooseNowText_3: height = 0.025
159.6744 	EXP 	chooseNowText_3: height = 0.025
159.6912 	EXP 	chooseNowText_3: height = 0.025
159.6912 	EXP 	chooseNowText_3: height = 0.025
159.6912 	EXP 	chooseNowText_3: height = 0.025
159.7080 	EXP 	chooseNowText_3: height = 0.025
159.7080 	EXP 	chooseNowText_3: height = 0.025
159.7080 	EXP 	chooseNowText_3: height = 0.025
159.7243 	EXP 	chooseNowText_3: height = 0.025
159.7243 	EXP 	chooseNowText_3: height = 0.025
159.7243 	EXP 	chooseNowText_3: height = 0.025
159.7416 	EXP 	chooseNowText_3: height = 0.025
159.7416 	EXP 	chooseNowText_3: height = 0.025
159.7416 	EXP 	chooseNowText_3: height = 0.025
159.7581 	EXP 	chooseNowText_3: height = 0.025
159.7581 	EXP 	chooseNowText_3: height = 0.025
159.7581 	EXP 	chooseNowText_3: height = 0.025
159.7747 	EXP 	chooseNowText_3: height = 0.025
159.7747 	EXP 	chooseNowText_3: height = 0.025
159.7747 	EXP 	chooseNowText_3: height = 0.025
159.7915 	EXP 	chooseNowText_3: height = 0.025
159.7915 	EXP 	chooseNowText_3: height = 0.025
159.7915 	EXP 	chooseNowText_3: height = 0.025
159.8080 	EXP 	chooseNowText_3: height = 0.025
159.8080 	EXP 	chooseNowText_3: height = 0.025
159.8080 	EXP 	chooseNowText_3: height = 0.025
159.8247 	EXP 	chooseNowText_3: height = 0.025
159.8247 	EXP 	chooseNowText_3: height = 0.025
159.8247 	EXP 	chooseNowText_3: height = 0.025
159.8417 	EXP 	chooseNowText_3: height = 0.025
159.8417 	EXP 	chooseNowText_3: height = 0.025
159.8417 	EXP 	chooseNowText_3: height = 0.025
159.8579 	EXP 	chooseNowText_3: height = 0.025
159.8579 	EXP 	chooseNowText_3: height = 0.025
159.8579 	EXP 	chooseNowText_3: height = 0.025
159.8579 	EXP 	chooseNowText_3: autoDraw = False
159.8579 	EXP 	opt_2: autoDraw = False
159.8579 	EXP 	opt_3: autoDraw = False
159.8579 	EXP 	opt_4: autoDraw = False
159.8579 	EXP 	opt_5: autoDraw = False
159.8748 	EXP 	chooseNowText_3: height = 0.025
159.8748 	EXP 	chooseNowText_3: height = 0.025
159.8748 	EXP 	chooseNowText_3: height = 0.025
159.8916 	EXP 	chooseNowText_3: height = 0.025
159.8916 	EXP 	chooseNowText_3: height = 0.025
159.8916 	EXP 	chooseNowText_3: height = 0.025
159.9082 	EXP 	chooseNowText_3: height = 0.025
159.9082 	EXP 	chooseNowText_3: height = 0.025
159.9082 	EXP 	chooseNowText_3: height = 0.025
159.9247 	EXP 	chooseNowText_3: height = 0.025
159.9247 	EXP 	chooseNowText_3: height = 0.025
159.9247 	EXP 	chooseNowText_3: height = 0.025
159.9412 	EXP 	chooseNowText_3: height = 0.025
159.9412 	EXP 	chooseNowText_3: height = 0.025
159.9412 	EXP 	chooseNowText_3: height = 0.025
159.9577 	EXP 	chooseNowText_3: height = 0.025
159.9577 	EXP 	chooseNowText_3: height = 0.025
159.9577 	EXP 	chooseNowText_3: height = 0.025
159.9748 	EXP 	chooseNowText_3: height = 0.025
159.9748 	EXP 	chooseNowText_3: height = 0.025
159.9748 	EXP 	chooseNowText_3: height = 0.025
159.9912 	EXP 	chooseNowText_3: height = 0.025
159.9912 	EXP 	chooseNowText_3: height = 0.025
159.9912 	EXP 	chooseNowText_3: height = 0.025
160.0083 	EXP 	chooseNowText_3: height = 0.025
160.0083 	EXP 	chooseNowText_3: height = 0.025
160.0083 	EXP 	chooseNowText_3: height = 0.025
160.0246 	EXP 	chooseNowText_3: height = 0.025
160.0246 	EXP 	chooseNowText_3: height = 0.025
160.0246 	EXP 	chooseNowText_3: height = 0.025
160.0411 	EXP 	chooseNowText_3: height = 0.025
160.0411 	EXP 	chooseNowText_3: height = 0.025
160.0411 	EXP 	chooseNowText_3: height = 0.025
160.0580 	EXP 	chooseNowText_3: height = 0.025
160.0580 	EXP 	chooseNowText_3: height = 0.025
160.0580 	EXP 	chooseNowText_3: height = 0.025
160.0744 	EXP 	chooseNowText_3: height = 0.025
160.0744 	EXP 	chooseNowText_3: height = 0.025
160.0744 	EXP 	chooseNowText_3: height = 0.025
160.0910 	EXP 	chooseNowText_3: height = 0.025
160.0910 	EXP 	chooseNowText_3: height = 0.025
160.0910 	EXP 	chooseNowText_3: height = 0.025
160.1081 	EXP 	chooseNowText_3: height = 0.025
160.1081 	EXP 	chooseNowText_3: height = 0.025
160.1081 	EXP 	chooseNowText_3: height = 0.025
160.1246 	EXP 	chooseNowText_3: height = 0.025
160.1246 	EXP 	chooseNowText_3: height = 0.025
160.1246 	EXP 	chooseNowText_3: height = 0.025
160.1416 	EXP 	chooseNowText_3: height = 0.025
160.1416 	EXP 	chooseNowText_3: height = 0.025
160.1416 	EXP 	chooseNowText_3: height = 0.025
160.1583 	EXP 	chooseNowText_3: height = 0.025
160.1583 	EXP 	chooseNowText_3: height = 0.025
160.1583 	EXP 	chooseNowText_3: height = 0.025
160.1744 	EXP 	chooseNowText_3: height = 0.025
160.1744 	EXP 	chooseNowText_3: height = 0.025
160.1744 	EXP 	chooseNowText_3: height = 0.025
160.1911 	EXP 	chooseNowText_3: height = 0.025
160.1911 	EXP 	chooseNowText_3: height = 0.025
160.1911 	EXP 	chooseNowText_3: height = 0.025
160.2077 	EXP 	chooseNowText_3: height = 0.025
160.2077 	EXP 	chooseNowText_3: height = 0.025
160.2077 	EXP 	chooseNowText_3: height = 0.025
160.2245 	EXP 	chooseNowText_3: height = 0.025
160.2245 	EXP 	chooseNowText_3: height = 0.025
160.2245 	EXP 	chooseNowText_3: height = 0.025
160.2412 	EXP 	chooseNowText_3: height = 0.025
160.2412 	EXP 	chooseNowText_3: height = 0.025
160.2412 	EXP 	chooseNowText_3: height = 0.025
160.2577 	EXP 	chooseNowText_3: height = 0.025
160.2577 	EXP 	chooseNowText_3: height = 0.025
160.2577 	EXP 	chooseNowText_3: height = 0.025
160.2745 	EXP 	chooseNowText_3: height = 0.025
160.2745 	EXP 	chooseNowText_3: height = 0.025
160.2745 	EXP 	chooseNowText_3: height = 0.025
160.2913 	EXP 	chooseNowText_3: height = 0.025
160.2913 	EXP 	chooseNowText_3: height = 0.025
160.2913 	EXP 	chooseNowText_3: height = 0.025
160.3078 	EXP 	chooseNowText_3: height = 0.025
160.3078 	EXP 	chooseNowText_3: height = 0.025
160.3078 	EXP 	chooseNowText_3: height = 0.025
160.3244 	EXP 	chooseNowText_3: height = 0.025
160.3244 	EXP 	chooseNowText_3: height = 0.025
160.3244 	EXP 	chooseNowText_3: height = 0.025
160.3412 	EXP 	chooseNowText_3: height = 0.025
160.3412 	EXP 	chooseNowText_3: height = 0.025
160.3412 	EXP 	chooseNowText_3: height = 0.025
160.3412 	EXP 	chooseNowText_3: autoDraw = False
160.3412 	EXP 	opt_2: autoDraw = False
160.3412 	EXP 	opt_3: autoDraw = False
160.3412 	EXP 	opt_4: autoDraw = False
160.3412 	EXP 	opt_5: autoDraw = False
160.3412 	EXP 	tooSlowtext_2: height = 0.025
160.3412 	EXP 	tooSlowtext_2: height = 0.025
160.3412 	EXP 	tooSlowtext_2: height = 0.025
160.3412 	EXP 	tooSlowtext_2: text = ''
160.3412 	EXP 	tooSlowtext_2: height = 0.025
160.3412 	EXP 	tooSlowtext_2: height = 0.025
160.3412 	EXP 	tooSlowtext_2: height = 0.025
160.3412 	EXP 	tooSlowtext_2: text = 'Zu langsam. Sie müssen schneller antworten.'
160.3412 	EXP 	tooSlowtext_2: autoDraw = True
160.8273 	EXP 	New trial (rep=0, index=2): <Trial 2 (2 in rep 0) data={'learningSeq': 'A', 'block': 'block1', 'runIndexWithinSeq': 1, 'miniblockWithinRun': 0, 'coupleIndexWithinRoute': 2, 'img_first': 'stimuli/bicycle/bicycle_06.jpg', 'img_second': 'stimuli/hammer/hammer_16.jpg', 'img_third': None, 'distance_correct': 4, 'trial_type': 1, 'opt_left': 'no', 'opt_right': 'yes', 'correct_side': 'right', 'correct_key': 'right', 'is_yes': 1, 'image_dur_retr': 1.2, 'fix_dur_retr': 0.2, 'iti_dur_retr': 0.73, 'reflection_win_dur': 2.2, 'routeIndexWithinBlock': 1, 'seqOfRoute': 'A', 'retrIm1Trig': 2, 'retrIm2Trig': 7, 'thisN': 2, 'thisTrialN': 2, 'thisRepN': 0}>
160.8415 	EXP 	tooSlowtext_2: autoDraw = False
160.8415 	EXP 	tooSlowtext_2: autoDraw = False
160.8415 	EXP 	fix_cross_retrbegin_2: text = '+'
160.8415 	EXP 	fix_cross_retrbegin_2: autoDraw = True
161.5934 	EXP 	fix_cross_retrbegin_2: autoDraw = False
161.5934 	EXP 	fix_cross_retrbegin_2: autoDraw = False
161.5934 	EXP 	image_1: image = 'stimuli/bicycle/bicycle_06.jpg'
161.5934 	EXP 	image_1: autoDraw = True
162.6073 	EXP 	image_1: autoDraw = False
162.6073 	EXP 	image_1: autoDraw = False
162.6073 	EXP 	mask_img1_2: autoDraw = True
162.8765 	EXP 	mask_img1_2: autoDraw = False
162.8765 	EXP 	mask_img1_2: autoDraw = False
162.8765 	EXP 	image_2: image = 'stimuli/hammer/hammer_16.jpg'
162.8765 	EXP 	image_2: autoDraw = True
163.8896 	EXP 	image_2: autoDraw = False
163.8896 	EXP 	image_2: autoDraw = False
163.8896 	EXP 	mask_img2_2: autoDraw = True
164.1398 	EXP 	mask_img2_2: autoDraw = False
164.1398 	EXP 	fix_cross_reflretr: autoDraw = True
166.3365 	INFO 	Keyboard events cleared
166.3557 	INFO 	Keyboard events cleared
166.3555 	EXP 	fix_cross_reflretr: autoDraw = False
166.3555 	EXP 	fix_cross_reflretr: autoDraw = False
166.3555 	EXP 	yes_txt: text = 'ja'
166.3555 	EXP 	no_txt: text = 'nein'
166.3555 	EXP 	chooseNowText_2: height = 0.025
166.3555 	EXP 	chooseNowText_2: height = 0.025
166.3555 	EXP 	chooseNowText_2: height = 0.025
166.3555 	EXP 	polygon_6: autoDraw = True
166.3555 	EXP 	yes_txt: autoDraw = True
166.3555 	EXP 	no_txt: autoDraw = True
166.3555 	EXP 	chooseNowText_2: autoDraw = True
166.9418 	EXP 	Device response: <KeyPress from None: t=166.9329829000635, value=b, duration=None>
166.9435 	DATA 	Keypress: b
167.0609 	INFO 	Keyboard events cleared
167.0886 	EXP 	polygon_6: autoDraw = False
167.0886 	EXP 	yes_txt: autoDraw = False
167.0886 	EXP 	no_txt: autoDraw = False
167.0886 	EXP 	chooseNowText_2: autoDraw = False
167.0886 	EXP 	tooSlowtext_4: height = 0.025
167.0886 	EXP 	tooSlowtext_4: height = 0.025
167.0886 	EXP 	tooSlowtext_4: height = 0.025
167.0886 	EXP 	tooSlowtext_4: text = ''
167.0886 	EXP 	tooSlowtext_4: height = 0.025
167.0886 	EXP 	tooSlowtext_4: height = 0.025
167.0886 	EXP 	tooSlowtext_4: height = 0.025
167.0886 	EXP 	tooSlowtext_4: text = 'Zu langsam. Sie müssen schneller antworten.'
167.0886 	EXP 	tooSlowtext_4: autoDraw = False
167.0886 	EXP 	chooseNowText_3: height = 0.025
167.0886 	EXP 	chooseNowText_3: height = 0.025
167.0886 	EXP 	chooseNowText_3: height = 0.025
167.0886 	EXP 	opt_2: foreColor = <psychopy.colors.Color: white, alpha=1.0>
167.0886 	EXP 	opt_3: foreColor = <psychopy.colors.Color: white, alpha=1.0>
167.0886 	EXP 	opt_4: foreColor = <psychopy.colors.Color: white, alpha=1.0>
167.0886 	EXP 	opt_5: foreColor = <psychopy.colors.Color: white, alpha=1.0>
167.0886 	EXP 	chooseNowText_3: autoDraw = True
167.0886 	EXP 	opt_2: autoDraw = True
167.0886 	EXP 	opt_3: autoDraw = True
167.0886 	EXP 	opt_4: autoDraw = True
167.0886 	EXP 	opt_5: autoDraw = True
167.1251 	EXP 	Device response: <KeyPress from None: t=158.31998410006054, value=b, duration=8.791350099956617>
167.5727 	INFO 	Keyboard events cleared
168.3916 	EXP 	Device response: <KeyPress from None: t=168.38647600007243, value=r, duration=None>
168.3926 	DATA 	Keypress: r
168.5752 	EXP 	Device response: <KeyPress from None: t=147.95563720003702, value=r, duration=20.6152886999771>
168.8409 	EXP 	Device response: <KeyPress from None: t=168.82919359998778, value=g, duration=None>
168.8418 	DATA 	Keypress: g
169.0078 	EXP 	Device response: <KeyPress from None: t=168.82919359998778, value=g, duration=0.1653781000059098>
169.0885 	EXP 	chooseNowText_3: height = 0.025
169.0885 	EXP 	chooseNowText_3: height = 0.025
169.0885 	EXP 	chooseNowText_3: height = 0.025
169.1055 	EXP 	chooseNowText_3: height = 0.025
169.1055 	EXP 	chooseNowText_3: height = 0.025
169.1055 	EXP 	chooseNowText_3: height = 0.025
169.1220 	EXP 	chooseNowText_3: height = 0.025
169.1220 	EXP 	chooseNowText_3: height = 0.025
169.1220 	EXP 	chooseNowText_3: height = 0.025
169.1386 	EXP 	chooseNowText_3: height = 0.025
169.1386 	EXP 	chooseNowText_3: height = 0.025
169.1386 	EXP 	chooseNowText_3: height = 0.025
169.1552 	EXP 	chooseNowText_3: height = 0.025
169.1552 	EXP 	chooseNowText_3: height = 0.025
169.1552 	EXP 	chooseNowText_3: height = 0.025
169.1717 	EXP 	chooseNowText_3: height = 0.025
169.1717 	EXP 	chooseNowText_3: height = 0.025
169.1717 	EXP 	chooseNowText_3: height = 0.025
169.1887 	EXP 	chooseNowText_3: height = 0.025
169.1887 	EXP 	chooseNowText_3: height = 0.025
169.1887 	EXP 	chooseNowText_3: height = 0.025
169.2052 	EXP 	chooseNowText_3: height = 0.025
169.2052 	EXP 	chooseNowText_3: height = 0.025
169.2052 	EXP 	chooseNowText_3: height = 0.025
169.2221 	EXP 	chooseNowText_3: height = 0.025
169.2221 	EXP 	chooseNowText_3: height = 0.025
169.2221 	EXP 	chooseNowText_3: height = 0.025
169.2391 	EXP 	chooseNowText_3: height = 0.025
169.2391 	EXP 	chooseNowText_3: height = 0.025
169.2391 	EXP 	chooseNowText_3: height = 0.025
169.2553 	EXP 	chooseNowText_3: height = 0.025
169.2553 	EXP 	chooseNowText_3: height = 0.025
169.2553 	EXP 	chooseNowText_3: height = 0.025
169.2724 	EXP 	chooseNowText_3: height = 0.025
169.2724 	EXP 	chooseNowText_3: height = 0.025
169.2724 	EXP 	chooseNowText_3: height = 0.025
169.2882 	EXP 	chooseNowText_3: height = 0.025
169.2882 	EXP 	chooseNowText_3: height = 0.025
169.2882 	EXP 	chooseNowText_3: height = 0.025
169.3053 	EXP 	chooseNowText_3: height = 0.025
169.3053 	EXP 	chooseNowText_3: height = 0.025
169.3053 	EXP 	chooseNowText_3: height = 0.025
169.3073 	EXP 	Device response: <KeyPress from None: t=169.29873510007747, value=b, duration=None>
169.3101 	DATA 	Keypress: b
169.3217 	EXP 	chooseNowText_3: height = 0.025
169.3217 	EXP 	chooseNowText_3: height = 0.025
169.3217 	EXP 	chooseNowText_3: height = 0.025
169.3386 	EXP 	chooseNowText_3: height = 0.025
169.3386 	EXP 	chooseNowText_3: height = 0.025
169.3386 	EXP 	chooseNowText_3: height = 0.025
169.3550 	EXP 	chooseNowText_3: height = 0.025
169.3550 	EXP 	chooseNowText_3: height = 0.025
169.3550 	EXP 	chooseNowText_3: height = 0.025
169.3715 	EXP 	chooseNowText_3: height = 0.025
169.3715 	EXP 	chooseNowText_3: height = 0.025
169.3715 	EXP 	chooseNowText_3: height = 0.025
169.3885 	EXP 	chooseNowText_3: height = 0.025
169.3885 	EXP 	chooseNowText_3: height = 0.025
169.3885 	EXP 	chooseNowText_3: height = 0.025
169.4051 	EXP 	chooseNowText_3: height = 0.025
169.4051 	EXP 	chooseNowText_3: height = 0.025
169.4051 	EXP 	chooseNowText_3: height = 0.025
169.4219 	EXP 	chooseNowText_3: height = 0.025
169.4219 	EXP 	chooseNowText_3: height = 0.025
169.4219 	EXP 	chooseNowText_3: height = 0.025
169.4384 	EXP 	chooseNowText_3: height = 0.025
169.4384 	EXP 	chooseNowText_3: height = 0.025
169.4384 	EXP 	chooseNowText_3: height = 0.025
169.4552 	EXP 	chooseNowText_3: height = 0.025
169.4552 	EXP 	chooseNowText_3: height = 0.025
169.4552 	EXP 	chooseNowText_3: height = 0.025
169.4717 	EXP 	chooseNowText_3: height = 0.025
169.4717 	EXP 	chooseNowText_3: height = 0.025
169.4717 	EXP 	chooseNowText_3: height = 0.025
169.4884 	EXP 	chooseNowText_3: height = 0.025
169.4884 	EXP 	chooseNowText_3: height = 0.025
169.4884 	EXP 	chooseNowText_3: height = 0.025
169.4905 	EXP 	Device response: <KeyPress from None: t=166.9329829000635, value=b, duration=2.5480729999253526>
169.5053 	EXP 	chooseNowText_3: height = 0.025
169.5053 	EXP 	chooseNowText_3: height = 0.025
169.5053 	EXP 	chooseNowText_3: height = 0.025
169.5217 	EXP 	chooseNowText_3: height = 0.025
169.5217 	EXP 	chooseNowText_3: height = 0.025
169.5217 	EXP 	chooseNowText_3: height = 0.025
169.5384 	EXP 	chooseNowText_3: height = 0.025
169.5384 	EXP 	chooseNowText_3: height = 0.025
169.5384 	EXP 	chooseNowText_3: height = 0.025
169.5549 	EXP 	chooseNowText_3: height = 0.025
169.5549 	EXP 	chooseNowText_3: height = 0.025
169.5549 	EXP 	chooseNowText_3: height = 0.025
169.5717 	EXP 	chooseNowText_3: height = 0.025
169.5717 	EXP 	chooseNowText_3: height = 0.025
169.5717 	EXP 	chooseNowText_3: height = 0.025
169.5885 	EXP 	chooseNowText_3: height = 0.025
169.5885 	EXP 	chooseNowText_3: height = 0.025
169.5885 	EXP 	chooseNowText_3: height = 0.025
169.6052 	EXP 	chooseNowText_3: height = 0.025
169.6052 	EXP 	chooseNowText_3: height = 0.025
169.6052 	EXP 	chooseNowText_3: height = 0.025
169.6218 	EXP 	chooseNowText_3: height = 0.025
169.6218 	EXP 	chooseNowText_3: height = 0.025
169.6218 	EXP 	chooseNowText_3: height = 0.025
169.6386 	EXP 	chooseNowText_3: height = 0.025
169.6386 	EXP 	chooseNowText_3: height = 0.025
169.6386 	EXP 	chooseNowText_3: height = 0.025
169.6549 	EXP 	chooseNowText_3: height = 0.025
169.6549 	EXP 	chooseNowText_3: height = 0.025
169.6549 	EXP 	chooseNowText_3: height = 0.025
169.6717 	EXP 	chooseNowText_3: height = 0.025
169.6717 	EXP 	chooseNowText_3: height = 0.025
169.6717 	EXP 	chooseNowText_3: height = 0.025
169.6883 	EXP 	chooseNowText_3: height = 0.025
169.6883 	EXP 	chooseNowText_3: height = 0.025
169.6883 	EXP 	chooseNowText_3: height = 0.025
169.7051 	EXP 	chooseNowText_3: height = 0.025
169.7051 	EXP 	chooseNowText_3: height = 0.025
169.7051 	EXP 	chooseNowText_3: height = 0.025
169.7217 	EXP 	chooseNowText_3: height = 0.025
169.7217 	EXP 	chooseNowText_3: height = 0.025
169.7217 	EXP 	chooseNowText_3: height = 0.025
169.7388 	EXP 	chooseNowText_3: height = 0.025
169.7388 	EXP 	chooseNowText_3: height = 0.025
169.7388 	EXP 	chooseNowText_3: height = 0.025
169.7550 	EXP 	chooseNowText_3: height = 0.025
169.7550 	EXP 	chooseNowText_3: height = 0.025
169.7550 	EXP 	chooseNowText_3: height = 0.025
169.7716 	EXP 	chooseNowText_3: height = 0.025
169.7716 	EXP 	chooseNowText_3: height = 0.025
169.7716 	EXP 	chooseNowText_3: height = 0.025
169.7882 	EXP 	chooseNowText_3: height = 0.025
169.7882 	EXP 	chooseNowText_3: height = 0.025
169.7882 	EXP 	chooseNowText_3: height = 0.025
169.7906 	EXP 	Device response: <KeyPress from None: t=169.7851824000245, value=b, duration=None>
169.7939 	DATA 	Keypress: b
169.8048 	EXP 	chooseNowText_3: height = 0.025
169.8048 	EXP 	chooseNowText_3: height = 0.025
169.8048 	EXP 	chooseNowText_3: height = 0.025
169.8216 	EXP 	chooseNowText_3: height = 0.025
169.8216 	EXP 	chooseNowText_3: height = 0.025
169.8216 	EXP 	chooseNowText_3: height = 0.025
169.8383 	EXP 	chooseNowText_3: height = 0.025
169.8383 	EXP 	chooseNowText_3: height = 0.025
169.8383 	EXP 	chooseNowText_3: height = 0.025
169.8549 	EXP 	chooseNowText_3: height = 0.025
169.8549 	EXP 	chooseNowText_3: height = 0.025
169.8549 	EXP 	chooseNowText_3: height = 0.025
169.8715 	EXP 	chooseNowText_3: height = 0.025
169.8715 	EXP 	chooseNowText_3: height = 0.025
169.8715 	EXP 	chooseNowText_3: height = 0.025
169.8742 	EXP 	Device response: <KeyPress from None: t=169.29873510007747, value=b, duration=0.571112799923867>
169.8883 	EXP 	chooseNowText_3: height = 0.025
169.8883 	EXP 	chooseNowText_3: height = 0.025
169.8883 	EXP 	chooseNowText_3: height = 0.025
169.9051 	EXP 	chooseNowText_3: height = 0.025
169.9051 	EXP 	chooseNowText_3: height = 0.025
169.9051 	EXP 	chooseNowText_3: height = 0.025
169.9217 	EXP 	chooseNowText_3: height = 0.025
169.9217 	EXP 	chooseNowText_3: height = 0.025
169.9217 	EXP 	chooseNowText_3: height = 0.025
169.9384 	EXP 	chooseNowText_3: height = 0.025
169.9384 	EXP 	chooseNowText_3: height = 0.025
169.9384 	EXP 	chooseNowText_3: height = 0.025
169.9552 	EXP 	chooseNowText_3: height = 0.025
169.9552 	EXP 	chooseNowText_3: height = 0.025
169.9552 	EXP 	chooseNowText_3: height = 0.025
169.9716 	EXP 	chooseNowText_3: height = 0.025
169.9716 	EXP 	chooseNowText_3: height = 0.025
169.9716 	EXP 	chooseNowText_3: height = 0.025
169.9883 	EXP 	chooseNowText_3: height = 0.025
169.9883 	EXP 	chooseNowText_3: height = 0.025
169.9883 	EXP 	chooseNowText_3: height = 0.025
170.0048 	EXP 	chooseNowText_3: height = 0.025
170.0048 	EXP 	chooseNowText_3: height = 0.025
170.0048 	EXP 	chooseNowText_3: height = 0.025
170.0079 	EXP 	Device response: <KeyPress from None: t=169.9957480999874, value=b, duration=None>
170.0114 	DATA 	Keypress: b
170.0216 	EXP 	chooseNowText_3: height = 0.025
170.0216 	EXP 	chooseNowText_3: height = 0.025
170.0216 	EXP 	chooseNowText_3: height = 0.025
170.0388 	EXP 	chooseNowText_3: height = 0.025
170.0388 	EXP 	chooseNowText_3: height = 0.025
170.0388 	EXP 	chooseNowText_3: height = 0.025
170.0551 	EXP 	chooseNowText_3: height = 0.025
170.0551 	EXP 	chooseNowText_3: height = 0.025
170.0551 	EXP 	chooseNowText_3: height = 0.025
170.0716 	EXP 	chooseNowText_3: height = 0.025
170.0716 	EXP 	chooseNowText_3: height = 0.025
170.0716 	EXP 	chooseNowText_3: height = 0.025
170.0884 	EXP 	chooseNowText_3: height = 0.025
170.0884 	EXP 	chooseNowText_3: height = 0.025
170.0884 	EXP 	chooseNowText_3: height = 0.025
170.0884 	EXP 	chooseNowText_3: autoDraw = False
170.0884 	EXP 	opt_2: autoDraw = False
170.0884 	EXP 	opt_3: autoDraw = False
170.0884 	EXP 	opt_4: autoDraw = False
170.0884 	EXP 	opt_5: autoDraw = False
170.0908 	EXP 	Device response: <KeyPress from None: t=169.7851824000245, value=b, duration=0.29808049998246133>
170.1047 	EXP 	chooseNowText_3: height = 0.025
170.1047 	EXP 	chooseNowText_3: height = 0.025
170.1047 	EXP 	chooseNowText_3: height = 0.025
170.1215 	EXP 	chooseNowText_3: height = 0.025
170.1215 	EXP 	chooseNowText_3: height = 0.025
170.1215 	EXP 	chooseNowText_3: height = 0.025
170.1380 	EXP 	chooseNowText_3: height = 0.025
170.1380 	EXP 	chooseNowText_3: height = 0.025
170.1380 	EXP 	chooseNowText_3: height = 0.025
170.1547 	EXP 	chooseNowText_3: height = 0.025
170.1547 	EXP 	chooseNowText_3: height = 0.025
170.1547 	EXP 	chooseNowText_3: height = 0.025
170.1715 	EXP 	chooseNowText_3: height = 0.025
170.1715 	EXP 	chooseNowText_3: height = 0.025
170.1715 	EXP 	chooseNowText_3: height = 0.025
170.1881 	EXP 	chooseNowText_3: height = 0.025
170.1881 	EXP 	chooseNowText_3: height = 0.025
170.1881 	EXP 	chooseNowText_3: height = 0.025
170.2048 	EXP 	chooseNowText_3: height = 0.025
170.2048 	EXP 	chooseNowText_3: height = 0.025
170.2048 	EXP 	chooseNowText_3: height = 0.025
170.2072 	EXP 	Device response: <KeyPress from None: t=170.2001610000152, value=b, duration=None>
170.2093 	DATA 	Keypress: b
170.2217 	EXP 	chooseNowText_3: height = 0.025
170.2217 	EXP 	chooseNowText_3: height = 0.025
170.2217 	EXP 	chooseNowText_3: height = 0.025
170.2383 	EXP 	chooseNowText_3: height = 0.025
170.2383 	EXP 	chooseNowText_3: height = 0.025
170.2383 	EXP 	chooseNowText_3: height = 0.025
170.2549 	EXP 	chooseNowText_3: height = 0.025
170.2549 	EXP 	chooseNowText_3: height = 0.025
170.2549 	EXP 	chooseNowText_3: height = 0.025
170.2715 	EXP 	chooseNowText_3: height = 0.025
170.2715 	EXP 	chooseNowText_3: height = 0.025
170.2715 	EXP 	chooseNowText_3: height = 0.025
170.2880 	EXP 	chooseNowText_3: height = 0.025
170.2880 	EXP 	chooseNowText_3: height = 0.025
170.2880 	EXP 	chooseNowText_3: height = 0.025
170.3050 	EXP 	chooseNowText_3: height = 0.025
170.3050 	EXP 	chooseNowText_3: height = 0.025
170.3050 	EXP 	chooseNowText_3: height = 0.025
170.3219 	EXP 	chooseNowText_3: height = 0.025
170.3219 	EXP 	chooseNowText_3: height = 0.025
170.3219 	EXP 	chooseNowText_3: height = 0.025
170.3243 	EXP 	Device response: <KeyPress from None: t=169.9957480999874, value=b, duration=0.31415250001009554>
170.3379 	EXP 	chooseNowText_3: height = 0.025
170.3379 	EXP 	chooseNowText_3: height = 0.025
170.3379 	EXP 	chooseNowText_3: height = 0.025
170.3549 	EXP 	chooseNowText_3: height = 0.025
170.3549 	EXP 	chooseNowText_3: height = 0.025
170.3549 	EXP 	chooseNowText_3: height = 0.025
170.3712 	EXP 	chooseNowText_3: height = 0.025
170.3712 	EXP 	chooseNowText_3: height = 0.025
170.3712 	EXP 	chooseNowText_3: height = 0.025
170.3880 	EXP 	chooseNowText_3: height = 0.025
170.3880 	EXP 	chooseNowText_3: height = 0.025
170.3880 	EXP 	chooseNowText_3: height = 0.025
170.4047 	EXP 	chooseNowText_3: height = 0.025
170.4047 	EXP 	chooseNowText_3: height = 0.025
170.4047 	EXP 	chooseNowText_3: height = 0.025
170.4212 	EXP 	chooseNowText_3: height = 0.025
170.4212 	EXP 	chooseNowText_3: height = 0.025
170.4212 	EXP 	chooseNowText_3: height = 0.025
170.4386 	EXP 	chooseNowText_3: height = 0.025
170.4386 	EXP 	chooseNowText_3: height = 0.025
170.4386 	EXP 	chooseNowText_3: height = 0.025
170.4548 	EXP 	chooseNowText_3: height = 0.025
170.4548 	EXP 	chooseNowText_3: height = 0.025
170.4548 	EXP 	chooseNowText_3: height = 0.025
170.4714 	EXP 	chooseNowText_3: height = 0.025
170.4714 	EXP 	chooseNowText_3: height = 0.025
170.4714 	EXP 	chooseNowText_3: height = 0.025
170.4882 	EXP 	chooseNowText_3: height = 0.025
170.4882 	EXP 	chooseNowText_3: height = 0.025
170.4882 	EXP 	chooseNowText_3: height = 0.025
170.5048 	EXP 	chooseNowText_3: height = 0.025
170.5048 	EXP 	chooseNowText_3: height = 0.025
170.5048 	EXP 	chooseNowText_3: height = 0.025
170.5214 	EXP 	chooseNowText_3: height = 0.025
170.5214 	EXP 	chooseNowText_3: height = 0.025
170.5214 	EXP 	chooseNowText_3: height = 0.025
170.5383 	EXP 	chooseNowText_3: height = 0.025
170.5383 	EXP 	chooseNowText_3: height = 0.025
170.5383 	EXP 	chooseNowText_3: height = 0.025
170.5547 	EXP 	chooseNowText_3: height = 0.025
170.5547 	EXP 	chooseNowText_3: height = 0.025
170.5547 	EXP 	chooseNowText_3: height = 0.025
170.5717 	EXP 	chooseNowText_3: height = 0.025
170.5717 	EXP 	chooseNowText_3: height = 0.025
170.5717 	EXP 	chooseNowText_3: height = 0.025
170.5880 	EXP 	chooseNowText_3: height = 0.025
170.5880 	EXP 	chooseNowText_3: height = 0.025
170.5880 	EXP 	chooseNowText_3: height = 0.025
170.5880 	EXP 	chooseNowText_3: autoDraw = False
170.5880 	EXP 	opt_2: autoDraw = False
170.5880 	EXP 	opt_3: autoDraw = False
170.5880 	EXP 	opt_4: autoDraw = False
170.5880 	EXP 	opt_5: autoDraw = False
170.5880 	EXP 	tooSlowtext_2: height = 0.025
170.5880 	EXP 	tooSlowtext_2: height = 0.025
170.5880 	EXP 	tooSlowtext_2: height = 0.025
170.5880 	EXP 	tooSlowtext_2: text = ''
170.5880 	EXP 	tooSlowtext_2: height = 0.025
170.5880 	EXP 	tooSlowtext_2: height = 0.025
170.5880 	EXP 	tooSlowtext_2: height = 0.025
170.5880 	EXP 	tooSlowtext_2: text = 'Zu langsam. Sie müssen schneller antworten.'
170.5880 	EXP 	tooSlowtext_2: autoDraw = True
171.0739 	EXP 	New trial (rep=0, index=3): <Trial 3 (3 in rep 0) data={'learningSeq': 'A', 'block': 'block1', 'runIndexWithinSeq': 1, 'miniblockWithinRun': 0, 'coupleIndexWithinRoute': 3, 'img_first': 'stimuli/jacket/jacket_44.jpg', 'img_second': 'stimuli/chair/chair_11.jpg', 'img_third': None, 'distance_correct': 2, 'trial_type': 1, 'opt_left': 'yes', 'opt_right': 'no', 'correct_side': 'left', 'correct_key': 'left', 'is_yes': 1, 'image_dur_retr': 1.2, 'fix_dur_retr': 0.2, 'iti_dur_retr': 0.43, 'reflection_win_dur': 1.76, 'routeIndexWithinBlock': 1, 'seqOfRoute': 'A', 'retrIm1Trig': 10, 'retrIm2Trig': 4, 'thisN': 3, 'thisTrialN': 3, 'thisRepN': 0}>
171.0879 	EXP 	tooSlowtext_2: autoDraw = False
171.0879 	EXP 	tooSlowtext_2: autoDraw = False
171.0879 	EXP 	fix_cross_retrbegin_2: text = '+'
171.0879 	EXP 	fix_cross_retrbegin_2: autoDraw = True
171.5617 	EXP 	fix_cross_retrbegin_2: autoDraw = False
171.5617 	EXP 	fix_cross_retrbegin_2: autoDraw = False
171.5617 	EXP 	image_1: image = 'stimuli/jacket/jacket_44.jpg'
171.5617 	EXP 	image_1: autoDraw = True
172.5707 	EXP 	image_1: autoDraw = False
172.5707 	EXP 	image_1: autoDraw = False
172.5707 	EXP 	mask_img1_2: autoDraw = True
172.8401 	EXP 	mask_img1_2: autoDraw = False
172.8401 	EXP 	image_2: image = 'stimuli/chair/chair_11.jpg'
172.8401 	EXP 	image_2: autoDraw = True
173.8537 	EXP 	image_2: autoDraw = False
173.8537 	EXP 	image_2: autoDraw = False
173.8537 	EXP 	mask_img2_2: autoDraw = True
174.1036 	EXP 	mask_img2_2: autoDraw = False
174.1036 	EXP 	mask_img2_2: autoDraw = False
174.1036 	EXP 	fix_cross_reflretr: autoDraw = True
175.8658 	INFO 	Keyboard events cleared
175.8862 	INFO 	Keyboard events cleared
175.8860 	EXP 	fix_cross_reflretr: autoDraw = False
175.8860 	EXP 	fix_cross_reflretr: autoDraw = False
175.8860 	EXP 	yes_txt: text = 'ja'
175.8860 	EXP 	no_txt: text = 'nein'
175.8860 	EXP 	chooseNowText_2: height = 0.025
175.8860 	EXP 	chooseNowText_2: height = 0.025
175.8860 	EXP 	chooseNowText_2: height = 0.025
175.8860 	EXP 	polygon_6: autoDraw = True
175.8860 	EXP 	yes_txt: autoDraw = True
175.8860 	EXP 	no_txt: autoDraw = True
175.8860 	EXP 	chooseNowText_2: autoDraw = True
176.4553 	EXP 	Device response: <KeyPress from None: t=176.4464530000696, value=b, duration=None>
176.4577 	DATA 	Keypress: b
176.5740 	INFO 	Keyboard events cleared
176.6022 	EXP 	polygon_6: autoDraw = False
176.6022 	EXP 	yes_txt: autoDraw = False
176.6022 	EXP 	no_txt: autoDraw = False
176.6022 	EXP 	chooseNowText_2: autoDraw = False
176.6022 	EXP 	tooSlowtext_4: height = 0.025
176.6022 	EXP 	tooSlowtext_4: height = 0.025
176.6022 	EXP 	tooSlowtext_4: height = 0.025
176.6022 	EXP 	tooSlowtext_4: text = ''
176.6022 	EXP 	tooSlowtext_4: height = 0.025
176.6022 	EXP 	tooSlowtext_4: height = 0.025
176.6022 	EXP 	tooSlowtext_4: height = 0.025
176.6022 	EXP 	tooSlowtext_4: text = 'Zu langsam. Sie müssen schneller antworten.'
176.6022 	EXP 	tooSlowtext_4: autoDraw = False
176.6022 	EXP 	chooseNowText_3: height = 0.025
176.6022 	EXP 	chooseNowText_3: height = 0.025
176.6022 	EXP 	chooseNowText_3: height = 0.025
176.6022 	EXP 	opt_2: foreColor = <psychopy.colors.Color: white, alpha=1.0>
176.6022 	EXP 	opt_3: foreColor = <psychopy.colors.Color: white, alpha=1.0>
176.6022 	EXP 	opt_4: foreColor = <psychopy.colors.Color: white, alpha=1.0>
176.6022 	EXP 	opt_5: foreColor = <psychopy.colors.Color: white, alpha=1.0>
176.6022 	EXP 	chooseNowText_3: autoDraw = True
176.6022 	EXP 	opt_2: autoDraw = True
176.6022 	EXP 	opt_3: autoDraw = True
176.6022 	EXP 	opt_4: autoDraw = True
176.6022 	EXP 	opt_5: autoDraw = True
176.7219 	EXP 	Device response: <KeyPress from None: t=170.2001610000152, value=b, duration=6.521083700004965>
177.0861 	INFO 	Keyboard events cleared
177.2053 	EXP 	Device response: <KeyPress from None: t=177.19571090000682, value=r, duration=None>
177.2061 	DATA 	Keypress: r
177.4221 	EXP 	Device response: <KeyPress from None: t=168.38647600007243, value=r, duration=9.023767899954692>
177.6554 	EXP 	Device response: <KeyPress from None: t=177.65104250004515, value=g, duration=None>
177.6563 	DATA 	Keypress: g
177.9215 	EXP 	Device response: <KeyPress from None: t=177.65104250004515, value=g, duration=0.2566365000093356>
177.9544 	EXP 	Device response: <KeyPress from None: t=177.94395179999992, value=b, duration=None>
177.9552 	DATA 	Keypress: b
178.0377 	EXP 	Device response: <KeyPress from None: t=178.02862970007118, value=g, duration=None>
178.0385 	DATA 	Keypress: g
178.2545 	EXP 	Device response: <KeyPress from None: t=176.4464530000696, value=b, duration=1.8067076998995617>
178.2717 	EXP 	Device response: <KeyPress from None: t=178.02862970007118, value=g, duration=0.23064239998348057>
178.4892 	DATA 	Keypress: y
178.5052 	EXP 	Device response: <KeyPress from None: t=178.48899270000402, value=y, duration=None>
178.6024 	EXP 	chooseNowText_3: height = 0.025
178.6024 	EXP 	chooseNowText_3: height = 0.025
178.6024 	EXP 	chooseNowText_3: height = 0.025
178.6191 	EXP 	chooseNowText_3: height = 0.025
178.6191 	EXP 	chooseNowText_3: height = 0.025
178.6191 	EXP 	chooseNowText_3: height = 0.025
178.6355 	EXP 	chooseNowText_3: height = 0.025
178.6355 	EXP 	chooseNowText_3: height = 0.025
178.6355 	EXP 	chooseNowText_3: height = 0.025
178.6523 	EXP 	chooseNowText_3: height = 0.025
178.6523 	EXP 	chooseNowText_3: height = 0.025
178.6523 	EXP 	chooseNowText_3: height = 0.025
178.6691 	EXP 	chooseNowText_3: height = 0.025
178.6691 	EXP 	chooseNowText_3: height = 0.025
178.6691 	EXP 	chooseNowText_3: height = 0.025
178.6856 	EXP 	chooseNowText_3: height = 0.025
178.6856 	EXP 	chooseNowText_3: height = 0.025
178.6856 	EXP 	chooseNowText_3: height = 0.025
178.7022 	EXP 	chooseNowText_3: height = 0.025
178.7022 	EXP 	chooseNowText_3: height = 0.025
178.7022 	EXP 	chooseNowText_3: height = 0.025
178.7053 	EXP 	Device response: <KeyPress from None: t=178.48899270000402, value=y, duration=0.21285919996444136>
178.7189 	EXP 	chooseNowText_3: height = 0.025
178.7189 	EXP 	chooseNowText_3: height = 0.025
178.7189 	EXP 	chooseNowText_3: height = 0.025
178.7357 	EXP 	chooseNowText_3: height = 0.025
178.7357 	EXP 	chooseNowText_3: height = 0.025
178.7357 	EXP 	chooseNowText_3: height = 0.025
178.7523 	EXP 	chooseNowText_3: height = 0.025
178.7523 	EXP 	chooseNowText_3: height = 0.025
178.7523 	EXP 	chooseNowText_3: height = 0.025
178.7697 	EXP 	chooseNowText_3: height = 0.025
178.7697 	EXP 	chooseNowText_3: height = 0.025
178.7697 	EXP 	chooseNowText_3: height = 0.025
178.7858 	EXP 	chooseNowText_3: height = 0.025
178.7858 	EXP 	chooseNowText_3: height = 0.025
178.7858 	EXP 	chooseNowText_3: height = 0.025
178.8026 	EXP 	chooseNowText_3: height = 0.025
178.8026 	EXP 	chooseNowText_3: height = 0.025
178.8026 	EXP 	chooseNowText_3: height = 0.025
178.8188 	EXP 	chooseNowText_3: height = 0.025
178.8188 	EXP 	chooseNowText_3: height = 0.025
178.8188 	EXP 	chooseNowText_3: height = 0.025
178.8354 	EXP 	chooseNowText_3: height = 0.025
178.8354 	EXP 	chooseNowText_3: height = 0.025
178.8354 	EXP 	chooseNowText_3: height = 0.025
178.8519 	EXP 	chooseNowText_3: height = 0.025
178.8519 	EXP 	chooseNowText_3: height = 0.025
178.8519 	EXP 	chooseNowText_3: height = 0.025
178.8687 	EXP 	chooseNowText_3: height = 0.025
178.8687 	EXP 	chooseNowText_3: height = 0.025
178.8687 	EXP 	chooseNowText_3: height = 0.025
178.8855 	EXP 	chooseNowText_3: height = 0.025
178.8855 	EXP 	chooseNowText_3: height = 0.025
178.8855 	EXP 	chooseNowText_3: height = 0.025
178.8880 	EXP 	Device response: <KeyPress from None: t=178.87461389997043, value=y, duration=None>
178.8914 	DATA 	Keypress: y
178.9021 	EXP 	chooseNowText_3: height = 0.025
178.9021 	EXP 	chooseNowText_3: height = 0.025
178.9021 	EXP 	chooseNowText_3: height = 0.025
178.9188 	EXP 	chooseNowText_3: height = 0.025
178.9188 	EXP 	chooseNowText_3: height = 0.025
178.9188 	EXP 	chooseNowText_3: height = 0.025
178.9355 	EXP 	chooseNowText_3: height = 0.025
178.9355 	EXP 	chooseNowText_3: height = 0.025
178.9355 	EXP 	chooseNowText_3: height = 0.025
178.9519 	EXP 	chooseNowText_3: height = 0.025
178.9519 	EXP 	chooseNowText_3: height = 0.025
178.9519 	EXP 	chooseNowText_3: height = 0.025
178.9687 	EXP 	chooseNowText_3: height = 0.025
178.9687 	EXP 	chooseNowText_3: height = 0.025
178.9687 	EXP 	chooseNowText_3: height = 0.025
178.9854 	EXP 	chooseNowText_3: height = 0.025
178.9854 	EXP 	chooseNowText_3: height = 0.025
178.9854 	EXP 	chooseNowText_3: height = 0.025
179.0017 	EXP 	chooseNowText_3: height = 0.025
179.0017 	EXP 	chooseNowText_3: height = 0.025
179.0017 	EXP 	chooseNowText_3: height = 0.025
179.0039 	EXP 	Device response: <KeyPress from None: t=178.87461389997043, value=y, duration=0.12388230010401458>
179.0187 	EXP 	chooseNowText_3: height = 0.025
179.0187 	EXP 	chooseNowText_3: height = 0.025
179.0187 	EXP 	chooseNowText_3: height = 0.025
179.0353 	EXP 	chooseNowText_3: height = 0.025
179.0353 	EXP 	chooseNowText_3: height = 0.025
179.0353 	EXP 	chooseNowText_3: height = 0.025
179.0518 	EXP 	chooseNowText_3: height = 0.025
179.0518 	EXP 	chooseNowText_3: height = 0.025
179.0518 	EXP 	chooseNowText_3: height = 0.025
179.0684 	EXP 	chooseNowText_3: height = 0.025
179.0684 	EXP 	chooseNowText_3: height = 0.025
179.0684 	EXP 	chooseNowText_3: height = 0.025
179.0720 	EXP 	Device response: <KeyPress from None: t=179.07096589996945, value=y, duration=None>
179.0729 	DATA 	Keypress: y
179.1013 	EXP 	chooseNowText_3: height = 0.025
179.1013 	EXP 	chooseNowText_3: height = 0.025
179.1013 	EXP 	chooseNowText_3: height = 0.025
179.1189 	EXP 	chooseNowText_3: height = 0.025
179.1189 	EXP 	chooseNowText_3: height = 0.025
179.1189 	EXP 	chooseNowText_3: height = 0.025
179.1353 	EXP 	chooseNowText_3: height = 0.025
179.1353 	EXP 	chooseNowText_3: height = 0.025
179.1353 	EXP 	chooseNowText_3: height = 0.025
179.1520 	EXP 	chooseNowText_3: height = 0.025
179.1520 	EXP 	chooseNowText_3: height = 0.025
179.1520 	EXP 	chooseNowText_3: height = 0.025
179.1685 	EXP 	chooseNowText_3: height = 0.025
179.1685 	EXP 	chooseNowText_3: height = 0.025
179.1685 	EXP 	chooseNowText_3: height = 0.025
179.1859 	EXP 	chooseNowText_3: height = 0.025
179.1859 	EXP 	chooseNowText_3: height = 0.025
179.1859 	EXP 	chooseNowText_3: height = 0.025
179.1887 	EXP 	Device response: <KeyPress from None: t=179.07096589996945, value=y, duration=0.11402280000038445>
179.2021 	EXP 	chooseNowText_3: height = 0.025
179.2021 	EXP 	chooseNowText_3: height = 0.025
179.2021 	EXP 	chooseNowText_3: height = 0.025
179.2185 	EXP 	chooseNowText_3: height = 0.025
179.2185 	EXP 	chooseNowText_3: height = 0.025
179.2185 	EXP 	chooseNowText_3: height = 0.025
179.2354 	EXP 	chooseNowText_3: height = 0.025
179.2354 	EXP 	chooseNowText_3: height = 0.025
179.2354 	EXP 	chooseNowText_3: height = 0.025
179.2520 	EXP 	chooseNowText_3: height = 0.025
179.2520 	EXP 	chooseNowText_3: height = 0.025
179.2520 	EXP 	chooseNowText_3: height = 0.025
179.2564 	EXP 	Device response: <KeyPress from None: t=179.25626130006276, value=y, duration=None>
179.2578 	DATA 	Keypress: y
179.2686 	EXP 	chooseNowText_3: height = 0.025
179.2686 	EXP 	chooseNowText_3: height = 0.025
179.2686 	EXP 	chooseNowText_3: height = 0.025
179.2852 	EXP 	chooseNowText_3: height = 0.025
179.2852 	EXP 	chooseNowText_3: height = 0.025
179.2852 	EXP 	chooseNowText_3: height = 0.025
179.3016 	EXP 	chooseNowText_3: height = 0.025
179.3016 	EXP 	chooseNowText_3: height = 0.025
179.3016 	EXP 	chooseNowText_3: height = 0.025
179.3186 	EXP 	chooseNowText_3: height = 0.025
179.3186 	EXP 	chooseNowText_3: height = 0.025
179.3186 	EXP 	chooseNowText_3: height = 0.025
179.3353 	EXP 	chooseNowText_3: height = 0.025
179.3353 	EXP 	chooseNowText_3: height = 0.025
179.3353 	EXP 	chooseNowText_3: height = 0.025
179.3519 	EXP 	chooseNowText_3: height = 0.025
179.3519 	EXP 	chooseNowText_3: height = 0.025
179.3519 	EXP 	chooseNowText_3: height = 0.025
179.3684 	EXP 	chooseNowText_3: height = 0.025
179.3684 	EXP 	chooseNowText_3: height = 0.025
179.3684 	EXP 	chooseNowText_3: height = 0.025
179.3707 	EXP 	Device response: <KeyPress from None: t=179.25626130006276, value=y, duration=0.09978950000368059>
179.3855 	EXP 	chooseNowText_3: height = 0.025
179.3855 	EXP 	chooseNowText_3: height = 0.025
179.3855 	EXP 	chooseNowText_3: height = 0.025
179.4019 	EXP 	chooseNowText_3: height = 0.025
179.4019 	EXP 	chooseNowText_3: height = 0.025
179.4019 	EXP 	chooseNowText_3: height = 0.025
179.4186 	EXP 	chooseNowText_3: height = 0.025
179.4186 	EXP 	chooseNowText_3: height = 0.025
179.4186 	EXP 	chooseNowText_3: height = 0.025
179.4232 	EXP 	Device response: <KeyPress from None: t=179.4224758000346, value=y, duration=None>
179.4245 	DATA 	Keypress: y
179.4353 	EXP 	chooseNowText_3: height = 0.025
179.4353 	EXP 	chooseNowText_3: height = 0.025
179.4353 	EXP 	chooseNowText_3: height = 0.025
179.4519 	EXP 	chooseNowText_3: height = 0.025
179.4519 	EXP 	chooseNowText_3: height = 0.025
179.4519 	EXP 	chooseNowText_3: height = 0.025
179.4686 	EXP 	chooseNowText_3: height = 0.025
179.4686 	EXP 	chooseNowText_3: height = 0.025
179.4686 	EXP 	chooseNowText_3: height = 0.025
179.4854 	EXP 	chooseNowText_3: height = 0.025
179.4854 	EXP 	chooseNowText_3: height = 0.025
179.4854 	EXP 	chooseNowText_3: height = 0.025
179.5020 	EXP 	chooseNowText_3: height = 0.025
179.5020 	EXP 	chooseNowText_3: height = 0.025
179.5020 	EXP 	chooseNowText_3: height = 0.025
179.5187 	EXP 	chooseNowText_3: height = 0.025
179.5187 	EXP 	chooseNowText_3: height = 0.025
179.5187 	EXP 	chooseNowText_3: height = 0.025
179.5351 	EXP 	chooseNowText_3: height = 0.025
179.5351 	EXP 	chooseNowText_3: height = 0.025
179.5351 	EXP 	chooseNowText_3: height = 0.025
179.5379 	EXP 	Device response: <KeyPress from None: t=179.4224758000346, value=y, duration=0.10168299998622388>
179.5518 	EXP 	chooseNowText_3: height = 0.025
179.5518 	EXP 	chooseNowText_3: height = 0.025
179.5518 	EXP 	chooseNowText_3: height = 0.025
179.5689 	EXP 	chooseNowText_3: height = 0.025
179.5689 	EXP 	chooseNowText_3: height = 0.025
179.5689 	EXP 	chooseNowText_3: height = 0.025
179.5851 	EXP 	chooseNowText_3: height = 0.025
179.5851 	EXP 	chooseNowText_3: height = 0.025
179.5851 	EXP 	chooseNowText_3: height = 0.025
179.6025 	EXP 	chooseNowText_3: height = 0.025
179.6025 	EXP 	chooseNowText_3: height = 0.025
179.6025 	EXP 	chooseNowText_3: height = 0.025
179.6025 	EXP 	chooseNowText_3: autoDraw = False
179.6025 	EXP 	opt_2: autoDraw = False
179.6025 	EXP 	opt_3: autoDraw = False
179.6025 	EXP 	opt_4: autoDraw = False
179.6025 	EXP 	opt_5: autoDraw = False
179.6187 	EXP 	chooseNowText_3: height = 0.025
179.6187 	EXP 	chooseNowText_3: height = 0.025
179.6187 	EXP 	chooseNowText_3: height = 0.025
179.6211 	EXP 	Device response: <KeyPress from None: t=179.61392999999225, value=y, duration=None>
179.6230 	DATA 	Keypress: y
179.6349 	EXP 	chooseNowText_3: height = 0.025
179.6349 	EXP 	chooseNowText_3: height = 0.025
179.6349 	EXP 	chooseNowText_3: height = 0.025
179.6519 	EXP 	chooseNowText_3: height = 0.025
179.6519 	EXP 	chooseNowText_3: height = 0.025
179.6519 	EXP 	chooseNowText_3: height = 0.025
179.6681 	EXP 	chooseNowText_3: height = 0.025
179.6681 	EXP 	chooseNowText_3: height = 0.025
179.6681 	EXP 	chooseNowText_3: height = 0.025
179.6853 	EXP 	chooseNowText_3: height = 0.025
179.6853 	EXP 	chooseNowText_3: height = 0.025
179.6853 	EXP 	chooseNowText_3: height = 0.025
179.7018 	EXP 	chooseNowText_3: height = 0.025
179.7018 	EXP 	chooseNowText_3: height = 0.025
179.7018 	EXP 	chooseNowText_3: height = 0.025
179.7182 	EXP 	chooseNowText_3: height = 0.025
179.7182 	EXP 	chooseNowText_3: height = 0.025
179.7182 	EXP 	chooseNowText_3: height = 0.025
179.7355 	EXP 	chooseNowText_3: height = 0.025
179.7355 	EXP 	chooseNowText_3: height = 0.025
179.7355 	EXP 	chooseNowText_3: height = 0.025
179.7376 	EXP 	Device response: <KeyPress from None: t=179.61392999999225, value=y, duration=0.12002650008071214>
179.7516 	EXP 	chooseNowText_3: height = 0.025
179.7516 	EXP 	chooseNowText_3: height = 0.025
179.7516 	EXP 	chooseNowText_3: height = 0.025
179.7684 	EXP 	chooseNowText_3: height = 0.025
179.7684 	EXP 	chooseNowText_3: height = 0.025
179.7684 	EXP 	chooseNowText_3: height = 0.025
179.7851 	EXP 	chooseNowText_3: height = 0.025
179.7851 	EXP 	chooseNowText_3: height = 0.025
179.7851 	EXP 	chooseNowText_3: height = 0.025
179.8018 	EXP 	chooseNowText_3: height = 0.025
179.8018 	EXP 	chooseNowText_3: height = 0.025
179.8018 	EXP 	chooseNowText_3: height = 0.025
179.8184 	EXP 	chooseNowText_3: height = 0.025
179.8184 	EXP 	chooseNowText_3: height = 0.025
179.8184 	EXP 	chooseNowText_3: height = 0.025
179.8209 	EXP 	Device response: <KeyPress from None: t=179.81123810005374, value=y, duration=None>
179.8230 	DATA 	Keypress: y
179.8353 	EXP 	chooseNowText_3: height = 0.025
179.8353 	EXP 	chooseNowText_3: height = 0.025
179.8353 	EXP 	chooseNowText_3: height = 0.025
179.8517 	EXP 	chooseNowText_3: height = 0.025
179.8517 	EXP 	chooseNowText_3: height = 0.025
179.8517 	EXP 	chooseNowText_3: height = 0.025
179.8684 	EXP 	chooseNowText_3: height = 0.025
179.8684 	EXP 	chooseNowText_3: height = 0.025
179.8684 	EXP 	chooseNowText_3: height = 0.025
179.8852 	EXP 	chooseNowText_3: height = 0.025
179.8852 	EXP 	chooseNowText_3: height = 0.025
179.8852 	EXP 	chooseNowText_3: height = 0.025
179.9018 	EXP 	chooseNowText_3: height = 0.025
179.9018 	EXP 	chooseNowText_3: height = 0.025
179.9018 	EXP 	chooseNowText_3: height = 0.025
179.9195 	EXP 	chooseNowText_3: height = 0.025
179.9195 	EXP 	chooseNowText_3: height = 0.025
179.9195 	EXP 	chooseNowText_3: height = 0.025
179.9219 	EXP 	Device response: <KeyPress from None: t=179.81123810005374, value=y, duration=0.10647270001936704>
179.9348 	EXP 	chooseNowText_3: height = 0.025
179.9348 	EXP 	chooseNowText_3: height = 0.025
179.9348 	EXP 	chooseNowText_3: height = 0.025
179.9518 	EXP 	chooseNowText_3: height = 0.025
179.9518 	EXP 	chooseNowText_3: height = 0.025
179.9518 	EXP 	chooseNowText_3: height = 0.025
179.9684 	EXP 	chooseNowText_3: height = 0.025
179.9684 	EXP 	chooseNowText_3: height = 0.025
179.9684 	EXP 	chooseNowText_3: height = 0.025
179.9850 	EXP 	chooseNowText_3: height = 0.025
179.9850 	EXP 	chooseNowText_3: height = 0.025
179.9850 	EXP 	chooseNowText_3: height = 0.025
180.0015 	EXP 	chooseNowText_3: height = 0.025
180.0015 	EXP 	chooseNowText_3: height = 0.025
180.0015 	EXP 	chooseNowText_3: height = 0.025
180.0036 	EXP 	Device response: <KeyPress from None: t=179.99788120004814, value=y, duration=None>
180.0055 	DATA 	Keypress: y
180.0181 	EXP 	chooseNowText_3: height = 0.025
180.0181 	EXP 	chooseNowText_3: height = 0.025
180.0181 	EXP 	chooseNowText_3: height = 0.025
180.0347 	EXP 	chooseNowText_3: height = 0.025
180.0347 	EXP 	chooseNowText_3: height = 0.025
180.0347 	EXP 	chooseNowText_3: height = 0.025
180.0517 	EXP 	chooseNowText_3: height = 0.025
180.0517 	EXP 	chooseNowText_3: height = 0.025
180.0517 	EXP 	chooseNowText_3: height = 0.025
180.0681 	EXP 	chooseNowText_3: height = 0.025
180.0681 	EXP 	chooseNowText_3: height = 0.025
180.0681 	EXP 	chooseNowText_3: height = 0.025
180.0848 	EXP 	chooseNowText_3: height = 0.025
180.0848 	EXP 	chooseNowText_3: height = 0.025
180.0848 	EXP 	chooseNowText_3: height = 0.025
180.1013 	EXP 	chooseNowText_3: height = 0.025
180.1013 	EXP 	chooseNowText_3: height = 0.025
180.1013 	EXP 	chooseNowText_3: height = 0.025
180.1013 	EXP 	chooseNowText_3: autoDraw = False
180.1013 	EXP 	opt_2: autoDraw = False
180.1013 	EXP 	opt_3: autoDraw = False
180.1013 	EXP 	opt_4: autoDraw = False
180.1013 	EXP 	opt_5: autoDraw = False
180.1013 	EXP 	tooSlowtext_2: height = 0.025
180.1013 	EXP 	tooSlowtext_2: height = 0.025
180.1013 	EXP 	tooSlowtext_2: height = 0.025
180.1013 	EXP 	tooSlowtext_2: text = ''
180.1013 	EXP 	tooSlowtext_2: height = 0.025
180.1013 	EXP 	tooSlowtext_2: height = 0.025
180.1013 	EXP 	tooSlowtext_2: height = 0.025
180.1013 	EXP 	tooSlowtext_2: text = 'Zu langsam. Sie müssen schneller antworten.'
180.1013 	EXP 	tooSlowtext_2: autoDraw = True
180.1543 	EXP 	Device response: <KeyPress from None: t=179.99788120004814, value=y, duration=0.14380620000883937>
180.5870 	EXP 	New trial (rep=0, index=4): <Trial 4 (4 in rep 0) data={'learningSeq': 'A', 'block': 'block1', 'runIndexWithinSeq': 1, 'miniblockWithinRun': 1, 'coupleIndexWithinRoute': 4, 'img_first': 'stimuli/bicycle/bicycle_06.jpg', 'img_second': 'stimuli/ball/ball_11.jpg', 'img_third': None, 'distance_correct': 4, 'trial_type': 1, 'opt_left': 'no', 'opt_right': 'yes', 'correct_side': 'left', 'correct_key': 'left', 'is_yes': 0, 'image_dur_retr': 1.2, 'fix_dur_retr': 0.2, 'iti_dur_retr': 0.45, 'reflection_win_dur': 1.95, 'routeIndexWithinBlock': 1, 'seqOfRoute': 'A', 'retrIm1Trig': 2, 'retrIm2Trig': 1, 'thisN': 4, 'thisTrialN': 4, 'thisRepN': 0}>
180.6012 	EXP 	tooSlowtext_2: autoDraw = False
180.6012 	EXP 	tooSlowtext_2: autoDraw = False
180.6012 	EXP 	fix_cross_retrbegin_2: text = '+'
180.6012 	EXP 	fix_cross_retrbegin_2: autoDraw = True
181.0745 	EXP 	fix_cross_retrbegin_2: autoDraw = False
181.0745 	EXP 	fix_cross_retrbegin_2: autoDraw = False
181.0745 	EXP 	image_1: image = 'stimuli/bicycle/bicycle_06.jpg'
181.0745 	EXP 	image_1: autoDraw = True
182.0842 	EXP 	image_1: autoDraw = False
182.0842 	EXP 	image_1: autoDraw = False
182.0842 	EXP 	mask_img1_2: autoDraw = True
182.4751 	EXP 	mask_img1_2: autoDraw = False
182.4751 	EXP 	image_2: image = 'stimuli/ball/ball_11.jpg'
182.4751 	EXP 	image_2: autoDraw = True
183.4838 	EXP 	image_2: autoDraw = False
183.4838 	EXP 	image_2: autoDraw = False
183.4838 	EXP 	mask_img2_2: autoDraw = True
183.7340 	EXP 	mask_img2_2: autoDraw = False
183.7340 	EXP 	mask_img2_2: autoDraw = False
183.7340 	EXP 	fix_cross_reflretr: autoDraw = True
185.6802 	INFO 	Keyboard events cleared
185.6994 	INFO 	Keyboard events cleared
185.6993 	EXP 	fix_cross_reflretr: autoDraw = False
185.6993 	EXP 	fix_cross_reflretr: autoDraw = False
185.6993 	EXP 	yes_txt: text = 'ja'
185.6993 	EXP 	no_txt: text = 'nein'
185.6993 	EXP 	chooseNowText_2: height = 0.025
185.6993 	EXP 	chooseNowText_2: height = 0.025
185.6993 	EXP 	chooseNowText_2: height = 0.025
185.6993 	EXP 	polygon_6: autoDraw = True
185.6993 	EXP 	yes_txt: autoDraw = True
185.6993 	EXP 	no_txt: autoDraw = True
185.6993 	EXP 	chooseNowText_2: autoDraw = True
186.2357 	EXP 	Device response: <KeyPress from None: t=186.2283770000795, value=b, duration=None>
186.2367 	DATA 	Keypress: b
186.3540 	INFO 	Keyboard events cleared
186.3824 	EXP 	polygon_6: autoDraw = False
186.3824 	EXP 	yes_txt: autoDraw = False
186.3824 	EXP 	no_txt: autoDraw = False
186.3824 	EXP 	chooseNowText_2: autoDraw = False
186.3824 	EXP 	tooSlowtext_4: height = 0.025
186.3824 	EXP 	tooSlowtext_4: height = 0.025
186.3824 	EXP 	tooSlowtext_4: height = 0.025
186.3824 	EXP 	tooSlowtext_4: text = ''
186.3824 	EXP 	tooSlowtext_4: height = 0.025
186.3824 	EXP 	tooSlowtext_4: height = 0.025
186.3824 	EXP 	tooSlowtext_4: height = 0.025
186.3824 	EXP 	tooSlowtext_4: text = 'Zu langsam. Sie müssen schneller antworten.'
186.3824 	EXP 	tooSlowtext_4: autoDraw = False
186.3824 	EXP 	chooseNowText_3: height = 0.025
186.3824 	EXP 	chooseNowText_3: height = 0.025
186.3824 	EXP 	chooseNowText_3: height = 0.025
186.3824 	EXP 	opt_2: foreColor = <psychopy.colors.Color: white, alpha=1.0>
186.3824 	EXP 	opt_3: foreColor = <psychopy.colors.Color: white, alpha=1.0>
186.3824 	EXP 	opt_4: foreColor = <psychopy.colors.Color: white, alpha=1.0>
186.3824 	EXP 	opt_5: foreColor = <psychopy.colors.Color: white, alpha=1.0>
186.3824 	EXP 	chooseNowText_3: autoDraw = True
186.3824 	EXP 	opt_2: autoDraw = True
186.3824 	EXP 	opt_3: autoDraw = True
186.3824 	EXP 	opt_4: autoDraw = True
186.3824 	EXP 	opt_5: autoDraw = True
186.4852 	EXP 	Device response: <KeyPress from None: t=177.94395179999992, value=b, duration=8.528412500047125>
186.8663 	INFO 	Keyboard events cleared
187.0023 	EXP 	Device response: <KeyPress from None: t=186.99012430000585, value=b, duration=None>
187.0032 	DATA 	Keypress: b
187.2688 	EXP 	Device response: <KeyPress from None: t=186.2283770000795, value=b, duration=1.030976399895735>
187.5023 	EXP 	Device response: <KeyPress from None: t=187.4978523000609, value=b, duration=None>
187.5034 	DATA 	Keypress: b
187.7346 	EXP 	Device response: <KeyPress from None: t=186.99012430000585, value=b, duration=0.7301757000386715>
187.8845 	EXP 	Device response: <KeyPress from None: t=187.87836870003957, value=b, duration=None>
187.8854 	DATA 	Keypress: b
188.1012 	EXP 	Device response: <KeyPress from None: t=187.4978523000609, value=b, duration=0.5901396999834105>
188.3014 	EXP 	Device response: <KeyPress from None: t=188.29133480007295, value=g, duration=None>
188.3023 	DATA 	Keypress: g
188.3821 	EXP 	chooseNowText_3: height = 0.025
188.3821 	EXP 	chooseNowText_3: height = 0.025
188.3821 	EXP 	chooseNowText_3: height = 0.025
188.3990 	EXP 	chooseNowText_3: height = 0.025
188.3990 	EXP 	chooseNowText_3: height = 0.025
188.3990 	EXP 	chooseNowText_3: height = 0.025
188.4154 	EXP 	chooseNowText_3: height = 0.025
188.4154 	EXP 	chooseNowText_3: height = 0.025
188.4154 	EXP 	chooseNowText_3: height = 0.025
188.4321 	EXP 	chooseNowText_3: height = 0.025
188.4321 	EXP 	chooseNowText_3: height = 0.025
188.4321 	EXP 	chooseNowText_3: height = 0.025
188.4491 	EXP 	chooseNowText_3: height = 0.025
188.4491 	EXP 	chooseNowText_3: height = 0.025
188.4491 	EXP 	chooseNowText_3: height = 0.025
188.4513 	EXP 	Device response: <KeyPress from None: t=188.29133480007295, value=g, duration=0.1459989999420941>
188.4658 	EXP 	chooseNowText_3: height = 0.025
188.4658 	EXP 	chooseNowText_3: height = 0.025
188.4658 	EXP 	chooseNowText_3: height = 0.025
188.4827 	EXP 	chooseNowText_3: height = 0.025
188.4827 	EXP 	chooseNowText_3: height = 0.025
188.4827 	EXP 	chooseNowText_3: height = 0.025
188.4992 	EXP 	chooseNowText_3: height = 0.025
188.4992 	EXP 	chooseNowText_3: height = 0.025
188.4992 	EXP 	chooseNowText_3: height = 0.025
188.5158 	EXP 	chooseNowText_3: height = 0.025
188.5158 	EXP 	chooseNowText_3: height = 0.025
188.5158 	EXP 	chooseNowText_3: height = 0.025
188.5322 	EXP 	chooseNowText_3: height = 0.025
188.5322 	EXP 	chooseNowText_3: height = 0.025
188.5322 	EXP 	chooseNowText_3: height = 0.025
188.5487 	EXP 	chooseNowText_3: height = 0.025
188.5487 	EXP 	chooseNowText_3: height = 0.025
188.5487 	EXP 	chooseNowText_3: height = 0.025
188.5658 	EXP 	chooseNowText_3: height = 0.025
188.5658 	EXP 	chooseNowText_3: height = 0.025
188.5658 	EXP 	chooseNowText_3: height = 0.025
188.5823 	EXP 	chooseNowText_3: height = 0.025
188.5823 	EXP 	chooseNowText_3: height = 0.025
188.5823 	EXP 	chooseNowText_3: height = 0.025
188.5864 	EXP 	Device response: <KeyPress from None: t=188.58547150006052, value=g, duration=None>
188.5873 	DATA 	Keypress: g
188.6153 	EXP 	chooseNowText_3: height = 0.025
188.6153 	EXP 	chooseNowText_3: height = 0.025
188.6153 	EXP 	chooseNowText_3: height = 0.025
188.6322 	EXP 	chooseNowText_3: height = 0.025
188.6322 	EXP 	chooseNowText_3: height = 0.025
188.6322 	EXP 	chooseNowText_3: height = 0.025
188.6488 	EXP 	chooseNowText_3: height = 0.025
188.6488 	EXP 	chooseNowText_3: height = 0.025
188.6488 	EXP 	chooseNowText_3: height = 0.025
188.6655 	EXP 	chooseNowText_3: height = 0.025
188.6655 	EXP 	chooseNowText_3: height = 0.025
188.6655 	EXP 	chooseNowText_3: height = 0.025
188.6820 	EXP 	chooseNowText_3: height = 0.025
188.6820 	EXP 	chooseNowText_3: height = 0.025
188.6820 	EXP 	chooseNowText_3: height = 0.025
188.6991 	EXP 	chooseNowText_3: height = 0.025
188.6991 	EXP 	chooseNowText_3: height = 0.025
188.6991 	EXP 	chooseNowText_3: height = 0.025
188.7157 	EXP 	chooseNowText_3: height = 0.025
188.7157 	EXP 	chooseNowText_3: height = 0.025
188.7157 	EXP 	chooseNowText_3: height = 0.025
188.7194 	EXP 	Device response: <KeyPress from None: t=188.58547150006052, value=g, duration=0.13386259996332228>
188.7327 	EXP 	chooseNowText_3: height = 0.025
188.7327 	EXP 	chooseNowText_3: height = 0.025
188.7327 	EXP 	chooseNowText_3: height = 0.025
188.7488 	EXP 	chooseNowText_3: height = 0.025
188.7488 	EXP 	chooseNowText_3: height = 0.025
188.7488 	EXP 	chooseNowText_3: height = 0.025
188.7657 	EXP 	chooseNowText_3: height = 0.025
188.7657 	EXP 	chooseNowText_3: height = 0.025
188.7657 	EXP 	chooseNowText_3: height = 0.025
188.7836 	EXP 	chooseNowText_3: height = 0.025
188.7836 	EXP 	chooseNowText_3: height = 0.025
188.7836 	EXP 	chooseNowText_3: height = 0.025
188.7999 	EXP 	chooseNowText_3: height = 0.025
188.7999 	EXP 	chooseNowText_3: height = 0.025
188.7999 	EXP 	chooseNowText_3: height = 0.025
188.8163 	EXP 	chooseNowText_3: height = 0.025
188.8163 	EXP 	chooseNowText_3: height = 0.025
188.8163 	EXP 	chooseNowText_3: height = 0.025
188.8330 	EXP 	chooseNowText_3: height = 0.025
188.8330 	EXP 	chooseNowText_3: height = 0.025
188.8330 	EXP 	chooseNowText_3: height = 0.025
188.8374 	EXP 	Device response: <KeyPress from None: t=188.83362420008052, value=g, duration=None>
188.8440 	DATA 	Keypress: g
188.8505 	EXP 	chooseNowText_3: height = 0.025
188.8505 	EXP 	chooseNowText_3: height = 0.025
188.8505 	EXP 	chooseNowText_3: height = 0.025
188.8666 	EXP 	chooseNowText_3: height = 0.025
188.8666 	EXP 	chooseNowText_3: height = 0.025
188.8666 	EXP 	chooseNowText_3: height = 0.025
188.8829 	EXP 	chooseNowText_3: height = 0.025
188.8829 	EXP 	chooseNowText_3: height = 0.025
188.8829 	EXP 	chooseNowText_3: height = 0.025
188.9012 	EXP 	chooseNowText_3: height = 0.025
188.9012 	EXP 	chooseNowText_3: height = 0.025
188.9012 	EXP 	chooseNowText_3: height = 0.025
188.9159 	EXP 	chooseNowText_3: height = 0.025
188.9159 	EXP 	chooseNowText_3: height = 0.025
188.9159 	EXP 	chooseNowText_3: height = 0.025
188.9324 	EXP 	chooseNowText_3: height = 0.025
188.9324 	EXP 	chooseNowText_3: height = 0.025
188.9324 	EXP 	chooseNowText_3: height = 0.025
188.9350 	EXP 	Device response: <KeyPress from None: t=188.83362420008052, value=g, duration=0.09128089994192123>
188.9491 	EXP 	chooseNowText_3: height = 0.025
188.9491 	EXP 	chooseNowText_3: height = 0.025
188.9491 	EXP 	chooseNowText_3: height = 0.025
188.9659 	EXP 	chooseNowText_3: height = 0.025
188.9659 	EXP 	chooseNowText_3: height = 0.025
188.9659 	EXP 	chooseNowText_3: height = 0.025
188.9825 	EXP 	chooseNowText_3: height = 0.025
188.9825 	EXP 	chooseNowText_3: height = 0.025
188.9825 	EXP 	chooseNowText_3: height = 0.025
188.9993 	EXP 	chooseNowText_3: height = 0.025
188.9993 	EXP 	chooseNowText_3: height = 0.025
188.9993 	EXP 	chooseNowText_3: height = 0.025
189.0160 	EXP 	chooseNowText_3: height = 0.025
189.0160 	EXP 	chooseNowText_3: height = 0.025
189.0160 	EXP 	chooseNowText_3: height = 0.025
189.0324 	EXP 	chooseNowText_3: height = 0.025
189.0324 	EXP 	chooseNowText_3: height = 0.025
189.0324 	EXP 	chooseNowText_3: height = 0.025
189.0353 	EXP 	Device response: <KeyPress from None: t=189.02954250003677, value=g, duration=None>
189.0388 	DATA 	Keypress: g
189.0492 	EXP 	chooseNowText_3: height = 0.025
189.0492 	EXP 	chooseNowText_3: height = 0.025
189.0492 	EXP 	chooseNowText_3: height = 0.025
189.0657 	EXP 	chooseNowText_3: height = 0.025
189.0657 	EXP 	chooseNowText_3: height = 0.025
189.0657 	EXP 	chooseNowText_3: height = 0.025
189.0823 	EXP 	chooseNowText_3: height = 0.025
189.0823 	EXP 	chooseNowText_3: height = 0.025
189.0823 	EXP 	chooseNowText_3: height = 0.025
189.0989 	EXP 	chooseNowText_3: height = 0.025
189.0989 	EXP 	chooseNowText_3: height = 0.025
189.0989 	EXP 	chooseNowText_3: height = 0.025
189.1158 	EXP 	chooseNowText_3: height = 0.025
189.1158 	EXP 	chooseNowText_3: height = 0.025
189.1158 	EXP 	chooseNowText_3: height = 0.025
189.1324 	EXP 	chooseNowText_3: height = 0.025
189.1324 	EXP 	chooseNowText_3: height = 0.025
189.1324 	EXP 	chooseNowText_3: height = 0.025
189.1490 	EXP 	chooseNowText_3: height = 0.025
189.1490 	EXP 	chooseNowText_3: height = 0.025
189.1490 	EXP 	chooseNowText_3: height = 0.025
189.1656 	EXP 	chooseNowText_3: height = 0.025
189.1656 	EXP 	chooseNowText_3: height = 0.025
189.1656 	EXP 	chooseNowText_3: height = 0.025
189.1718 	EXP 	Device response: <KeyPress from None: t=189.02954250003677, value=g, duration=0.13999469997361302>
189.1825 	EXP 	chooseNowText_3: height = 0.025
189.1825 	EXP 	chooseNowText_3: height = 0.025
189.1825 	EXP 	chooseNowText_3: height = 0.025
189.1989 	EXP 	chooseNowText_3: height = 0.025
189.1989 	EXP 	chooseNowText_3: height = 0.025
189.1989 	EXP 	chooseNowText_3: height = 0.025
189.2156 	EXP 	chooseNowText_3: height = 0.025
189.2156 	EXP 	chooseNowText_3: height = 0.025
189.2156 	EXP 	chooseNowText_3: height = 0.025
189.2321 	EXP 	chooseNowText_3: height = 0.025
189.2321 	EXP 	chooseNowText_3: height = 0.025
189.2321 	EXP 	chooseNowText_3: height = 0.025
189.2489 	EXP 	chooseNowText_3: height = 0.025
189.2489 	EXP 	chooseNowText_3: height = 0.025
189.2489 	EXP 	chooseNowText_3: height = 0.025
189.2657 	EXP 	chooseNowText_3: height = 0.025
189.2657 	EXP 	chooseNowText_3: height = 0.025
189.2657 	EXP 	chooseNowText_3: height = 0.025
189.2821 	EXP 	chooseNowText_3: height = 0.025
189.2821 	EXP 	chooseNowText_3: height = 0.025
189.2821 	EXP 	chooseNowText_3: height = 0.025
189.2988 	EXP 	chooseNowText_3: height = 0.025
189.2988 	EXP 	chooseNowText_3: height = 0.025
189.2988 	EXP 	chooseNowText_3: height = 0.025
189.3157 	EXP 	chooseNowText_3: height = 0.025
189.3157 	EXP 	chooseNowText_3: height = 0.025
189.3157 	EXP 	chooseNowText_3: height = 0.025
189.3320 	EXP 	chooseNowText_3: height = 0.025
189.3320 	EXP 	chooseNowText_3: height = 0.025
189.3320 	EXP 	chooseNowText_3: height = 0.025
189.3489 	EXP 	chooseNowText_3: height = 0.025
189.3489 	EXP 	chooseNowText_3: height = 0.025
189.3489 	EXP 	chooseNowText_3: height = 0.025
189.3657 	EXP 	chooseNowText_3: height = 0.025
189.3657 	EXP 	chooseNowText_3: height = 0.025
189.3657 	EXP 	chooseNowText_3: height = 0.025
189.3821 	EXP 	chooseNowText_3: height = 0.025
189.3821 	EXP 	chooseNowText_3: height = 0.025
189.3821 	EXP 	chooseNowText_3: height = 0.025
189.3821 	EXP 	chooseNowText_3: autoDraw = False
189.3821 	EXP 	opt_2: autoDraw = False
189.3821 	EXP 	opt_3: autoDraw = False
189.3821 	EXP 	opt_4: autoDraw = False
189.3821 	EXP 	opt_5: autoDraw = False
189.3989 	EXP 	chooseNowText_3: height = 0.025
189.3989 	EXP 	chooseNowText_3: height = 0.025
189.3989 	EXP 	chooseNowText_3: height = 0.025
189.4155 	EXP 	chooseNowText_3: height = 0.025
189.4155 	EXP 	chooseNowText_3: height = 0.025
189.4155 	EXP 	chooseNowText_3: height = 0.025
189.4327 	EXP 	chooseNowText_3: height = 0.025
189.4327 	EXP 	chooseNowText_3: height = 0.025
189.4327 	EXP 	chooseNowText_3: height = 0.025
189.4490 	EXP 	chooseNowText_3: height = 0.025
189.4490 	EXP 	chooseNowText_3: height = 0.025
189.4490 	EXP 	chooseNowText_3: height = 0.025
189.4655 	EXP 	chooseNowText_3: height = 0.025
189.4655 	EXP 	chooseNowText_3: height = 0.025
189.4655 	EXP 	chooseNowText_3: height = 0.025
189.4821 	EXP 	chooseNowText_3: height = 0.025
189.4821 	EXP 	chooseNowText_3: height = 0.025
189.4821 	EXP 	chooseNowText_3: height = 0.025
189.4992 	EXP 	chooseNowText_3: height = 0.025
189.4992 	EXP 	chooseNowText_3: height = 0.025
189.4992 	EXP 	chooseNowText_3: height = 0.025
189.5168 	EXP 	chooseNowText_3: height = 0.025
189.5168 	EXP 	chooseNowText_3: height = 0.025
189.5168 	EXP 	chooseNowText_3: height = 0.025
189.5321 	EXP 	chooseNowText_3: height = 0.025
189.5321 	EXP 	chooseNowText_3: height = 0.025
189.5321 	EXP 	chooseNowText_3: height = 0.025
189.5487 	EXP 	chooseNowText_3: height = 0.025
189.5487 	EXP 	chooseNowText_3: height = 0.025
189.5487 	EXP 	chooseNowText_3: height = 0.025
189.5653 	EXP 	chooseNowText_3: height = 0.025
189.5653 	EXP 	chooseNowText_3: height = 0.025
189.5653 	EXP 	chooseNowText_3: height = 0.025
189.5820 	EXP 	chooseNowText_3: height = 0.025
189.5820 	EXP 	chooseNowText_3: height = 0.025
189.5820 	EXP 	chooseNowText_3: height = 0.025
189.5985 	EXP 	chooseNowText_3: height = 0.025
189.5985 	EXP 	chooseNowText_3: height = 0.025
189.5985 	EXP 	chooseNowText_3: height = 0.025
189.6153 	EXP 	chooseNowText_3: height = 0.025
189.6153 	EXP 	chooseNowText_3: height = 0.025
189.6153 	EXP 	chooseNowText_3: height = 0.025
189.6318 	EXP 	chooseNowText_3: height = 0.025
189.6318 	EXP 	chooseNowText_3: height = 0.025
189.6318 	EXP 	chooseNowText_3: height = 0.025
189.6487 	EXP 	chooseNowText_3: height = 0.025
189.6487 	EXP 	chooseNowText_3: height = 0.025
189.6487 	EXP 	chooseNowText_3: height = 0.025
189.6653 	EXP 	chooseNowText_3: height = 0.025
189.6653 	EXP 	chooseNowText_3: height = 0.025
189.6653 	EXP 	chooseNowText_3: height = 0.025
189.6817 	EXP 	chooseNowText_3: height = 0.025
189.6817 	EXP 	chooseNowText_3: height = 0.025
189.6817 	EXP 	chooseNowText_3: height = 0.025
189.6984 	EXP 	chooseNowText_3: height = 0.025
189.6984 	EXP 	chooseNowText_3: height = 0.025
189.6984 	EXP 	chooseNowText_3: height = 0.025
189.7149 	EXP 	chooseNowText_3: height = 0.025
189.7149 	EXP 	chooseNowText_3: height = 0.025
189.7149 	EXP 	chooseNowText_3: height = 0.025
189.7316 	EXP 	chooseNowText_3: height = 0.025
189.7316 	EXP 	chooseNowText_3: height = 0.025
189.7316 	EXP 	chooseNowText_3: height = 0.025
189.7485 	EXP 	chooseNowText_3: height = 0.025
189.7485 	EXP 	chooseNowText_3: height = 0.025
189.7485 	EXP 	chooseNowText_3: height = 0.025
189.7649 	EXP 	chooseNowText_3: height = 0.025
189.7649 	EXP 	chooseNowText_3: height = 0.025
189.7649 	EXP 	chooseNowText_3: height = 0.025
189.7816 	EXP 	chooseNowText_3: height = 0.025
189.7816 	EXP 	chooseNowText_3: height = 0.025
189.7816 	EXP 	chooseNowText_3: height = 0.025
189.7983 	EXP 	chooseNowText_3: height = 0.025
189.7983 	EXP 	chooseNowText_3: height = 0.025
189.7983 	EXP 	chooseNowText_3: height = 0.025
189.8150 	EXP 	chooseNowText_3: height = 0.025
189.8150 	EXP 	chooseNowText_3: height = 0.025
189.8150 	EXP 	chooseNowText_3: height = 0.025
189.8318 	EXP 	chooseNowText_3: height = 0.025
189.8318 	EXP 	chooseNowText_3: height = 0.025
189.8318 	EXP 	chooseNowText_3: height = 0.025
189.8484 	EXP 	chooseNowText_3: height = 0.025
189.8484 	EXP 	chooseNowText_3: height = 0.025
189.8484 	EXP 	chooseNowText_3: height = 0.025
189.8652 	EXP 	chooseNowText_3: height = 0.025
189.8652 	EXP 	chooseNowText_3: height = 0.025
189.8652 	EXP 	chooseNowText_3: height = 0.025
189.8880 	EXP 	chooseNowText_3: height = 0.025
189.8880 	EXP 	chooseNowText_3: height = 0.025
189.8880 	EXP 	chooseNowText_3: height = 0.025
189.8880 	EXP 	chooseNowText_3: autoDraw = False
189.8880 	EXP 	opt_2: autoDraw = False
189.8880 	EXP 	opt_3: autoDraw = False
189.8880 	EXP 	opt_4: autoDraw = False
189.8880 	EXP 	opt_5: autoDraw = False
189.8880 	EXP 	tooSlowtext_2: height = 0.025
189.8880 	EXP 	tooSlowtext_2: height = 0.025
189.8880 	EXP 	tooSlowtext_2: height = 0.025
189.8880 	EXP 	tooSlowtext_2: text = ''
189.8880 	EXP 	tooSlowtext_2: height = 0.025
189.8880 	EXP 	tooSlowtext_2: height = 0.025
189.8880 	EXP 	tooSlowtext_2: height = 0.025
189.8880 	EXP 	tooSlowtext_2: text = 'Zu langsam. Sie müssen schneller antworten.'
189.8880 	EXP 	tooSlowtext_2: autoDraw = True
190.3846 	EXP 	New trial (rep=0, index=5): <Trial 5 (5 in rep 0) data={'learningSeq': 'A', 'block': 'block1', 'runIndexWithinSeq': 1, 'miniblockWithinRun': 1, 'coupleIndexWithinRoute': 5, 'img_first': 'stimuli/house/house_35.jpg', 'img_second': 'stimuli/flower/flower_17.jpg', 'img_third': None, 'distance_correct': 5, 'trial_type': 1, 'opt_left': 'yes', 'opt_right': 'no', 'correct_side': 'right', 'correct_key': 'right', 'is_yes': 0, 'image_dur_retr': 1.2, 'fix_dur_retr': 0.2, 'iti_dur_retr': 0.64, 'reflection_win_dur': 2.15, 'routeIndexWithinBlock': 1, 'seqOfRoute': 'A', 'retrIm1Trig': 9, 'retrIm2Trig': 6, 'thisN': 5, 'thisTrialN': 5, 'thisRepN': 0}>
190.3983 	EXP 	tooSlowtext_2: autoDraw = False
190.3983 	EXP 	tooSlowtext_2: autoDraw = False
190.3983 	EXP 	fix_cross_retrbegin_2: text = '+'
190.3983 	EXP 	fix_cross_retrbegin_2: autoDraw = True
191.0846 	EXP 	fix_cross_retrbegin_2: autoDraw = False
191.0846 	EXP 	fix_cross_retrbegin_2: autoDraw = False
191.0846 	EXP 	image_1: image = 'stimuli/house/house_35.jpg'
191.0846 	EXP 	image_1: autoDraw = True
192.1004 	EXP 	image_1: autoDraw = False
192.1004 	EXP 	image_1: autoDraw = False
192.1004 	EXP 	mask_img1_2: autoDraw = True
192.3692 	EXP 	mask_img1_2: autoDraw = False
192.3692 	EXP 	image_2: image = 'stimuli/flower/flower_17.jpg'
192.3692 	EXP 	image_2: autoDraw = True
193.3807 	EXP 	image_2: autoDraw = False
193.3807 	EXP 	image_2: autoDraw = False
193.3807 	EXP 	mask_img2_2: autoDraw = True
193.6309 	EXP 	mask_img2_2: autoDraw = False
193.6309 	EXP 	mask_img2_2: autoDraw = False
193.6309 	EXP 	fix_cross_reflretr: autoDraw = True
195.7867 	INFO 	Keyboard events cleared
195.8133 	INFO 	Keyboard events cleared
195.8130 	EXP 	fix_cross_reflretr: autoDraw = False
195.8130 	EXP 	fix_cross_reflretr: autoDraw = False
195.8130 	EXP 	yes_txt: text = 'ja'
195.8130 	EXP 	no_txt: text = 'nein'
195.8130 	EXP 	chooseNowText_2: height = 0.025
195.8130 	EXP 	chooseNowText_2: height = 0.025
195.8130 	EXP 	chooseNowText_2: height = 0.025
195.8130 	EXP 	polygon_6: autoDraw = True
195.8130 	EXP 	yes_txt: autoDraw = True
195.8130 	EXP 	no_txt: autoDraw = True
195.8130 	EXP 	chooseNowText_2: autoDraw = True
197.8128 	EXP 	chooseNowText_2: height = 0.025
197.8128 	EXP 	chooseNowText_2: height = 0.025
197.8128 	EXP 	chooseNowText_2: height = 0.025
197.8294 	EXP 	chooseNowText_2: height = 0.025
197.8294 	EXP 	chooseNowText_2: height = 0.025
197.8294 	EXP 	chooseNowText_2: height = 0.025
197.8466 	EXP 	chooseNowText_2: height = 0.025
197.8466 	EXP 	chooseNowText_2: height = 0.025
197.8466 	EXP 	chooseNowText_2: height = 0.025
197.8632 	EXP 	chooseNowText_2: height = 0.025
197.8632 	EXP 	chooseNowText_2: height = 0.025
197.8632 	EXP 	chooseNowText_2: height = 0.025
197.8797 	EXP 	chooseNowText_2: height = 0.025
197.8797 	EXP 	chooseNowText_2: height = 0.025
197.8797 	EXP 	chooseNowText_2: height = 0.025
197.8967 	EXP 	chooseNowText_2: height = 0.025
197.8967 	EXP 	chooseNowText_2: height = 0.025
197.8967 	EXP 	chooseNowText_2: height = 0.025
197.9133 	EXP 	chooseNowText_2: height = 0.025
197.9133 	EXP 	chooseNowText_2: height = 0.025
197.9133 	EXP 	chooseNowText_2: height = 0.025
197.9295 	EXP 	chooseNowText_2: height = 0.025
197.9295 	EXP 	chooseNowText_2: height = 0.025
197.9295 	EXP 	chooseNowText_2: height = 0.025
197.9467 	EXP 	chooseNowText_2: height = 0.025
197.9467 	EXP 	chooseNowText_2: height = 0.025
197.9467 	EXP 	chooseNowText_2: height = 0.025
197.9690 	EXP 	chooseNowText_2: height = 0.025
197.9690 	EXP 	chooseNowText_2: height = 0.025
197.9690 	EXP 	chooseNowText_2: height = 0.025
197.9956 	EXP 	chooseNowText_2: height = 0.025
197.9956 	EXP 	chooseNowText_2: height = 0.025
197.9956 	EXP 	chooseNowText_2: height = 0.025
198.0131 	EXP 	chooseNowText_2: height = 0.025
198.0131 	EXP 	chooseNowText_2: height = 0.025
198.0131 	EXP 	chooseNowText_2: height = 0.025
198.0294 	EXP 	chooseNowText_2: height = 0.025
198.0294 	EXP 	chooseNowText_2: height = 0.025
198.0294 	EXP 	chooseNowText_2: height = 0.025
198.0462 	EXP 	chooseNowText_2: height = 0.025
198.0462 	EXP 	chooseNowText_2: height = 0.025
198.0462 	EXP 	chooseNowText_2: height = 0.025
198.0629 	EXP 	chooseNowText_2: height = 0.025
198.0629 	EXP 	chooseNowText_2: height = 0.025
198.0629 	EXP 	chooseNowText_2: height = 0.025
198.0875 	EXP 	chooseNowText_2: height = 0.025
198.0875 	EXP 	chooseNowText_2: height = 0.025
198.0875 	EXP 	chooseNowText_2: height = 0.025
198.1130 	EXP 	chooseNowText_2: height = 0.025
198.1130 	EXP 	chooseNowText_2: height = 0.025
198.1130 	EXP 	chooseNowText_2: height = 0.025
198.1296 	EXP 	chooseNowText_2: height = 0.025
198.1296 	EXP 	chooseNowText_2: height = 0.025
198.1296 	EXP 	chooseNowText_2: height = 0.025
198.1470 	EXP 	chooseNowText_2: height = 0.025
198.1470 	EXP 	chooseNowText_2: height = 0.025
198.1470 	EXP 	chooseNowText_2: height = 0.025
198.1634 	EXP 	chooseNowText_2: height = 0.025
198.1634 	EXP 	chooseNowText_2: height = 0.025
198.1634 	EXP 	chooseNowText_2: height = 0.025
198.1793 	EXP 	chooseNowText_2: height = 0.025
198.1793 	EXP 	chooseNowText_2: height = 0.025
198.1793 	EXP 	chooseNowText_2: height = 0.025
198.1960 	EXP 	chooseNowText_2: height = 0.025
198.1960 	EXP 	chooseNowText_2: height = 0.025
198.1960 	EXP 	chooseNowText_2: height = 0.025
198.2125 	EXP 	chooseNowText_2: height = 0.025
198.2125 	EXP 	chooseNowText_2: height = 0.025
198.2125 	EXP 	chooseNowText_2: height = 0.025
198.2293 	EXP 	chooseNowText_2: height = 0.025
198.2293 	EXP 	chooseNowText_2: height = 0.025
198.2293 	EXP 	chooseNowText_2: height = 0.025
198.2463 	EXP 	chooseNowText_2: height = 0.025
198.2463 	EXP 	chooseNowText_2: height = 0.025
198.2463 	EXP 	chooseNowText_2: height = 0.025
198.2627 	EXP 	chooseNowText_2: height = 0.025
198.2627 	EXP 	chooseNowText_2: height = 0.025
198.2627 	EXP 	chooseNowText_2: height = 0.025
198.2794 	EXP 	chooseNowText_2: height = 0.025
198.2794 	EXP 	chooseNowText_2: height = 0.025
198.2794 	EXP 	chooseNowText_2: height = 0.025
198.2963 	EXP 	chooseNowText_2: height = 0.025
198.2963 	EXP 	chooseNowText_2: height = 0.025
198.2963 	EXP 	chooseNowText_2: height = 0.025
198.3179 	EXP 	chooseNowText_2: height = 0.025
198.3179 	EXP 	chooseNowText_2: height = 0.025
198.3179 	EXP 	chooseNowText_2: height = 0.025
198.3292 	EXP 	chooseNowText_2: height = 0.025
198.3292 	EXP 	chooseNowText_2: height = 0.025
198.3292 	EXP 	chooseNowText_2: height = 0.025
198.3461 	EXP 	chooseNowText_2: height = 0.025
198.3461 	EXP 	chooseNowText_2: height = 0.025
198.3461 	EXP 	chooseNowText_2: height = 0.025
198.3633 	EXP 	chooseNowText_2: height = 0.025
198.3633 	EXP 	chooseNowText_2: height = 0.025
198.3633 	EXP 	chooseNowText_2: height = 0.025
198.3793 	EXP 	chooseNowText_2: height = 0.025
198.3793 	EXP 	chooseNowText_2: height = 0.025
198.3793 	EXP 	chooseNowText_2: height = 0.025
198.3960 	EXP 	chooseNowText_2: height = 0.025
198.3960 	EXP 	chooseNowText_2: height = 0.025
198.3960 	EXP 	chooseNowText_2: height = 0.025
198.4129 	EXP 	chooseNowText_2: height = 0.025
198.4129 	EXP 	chooseNowText_2: height = 0.025
198.4129 	EXP 	chooseNowText_2: height = 0.025
198.4291 	EXP 	chooseNowText_2: height = 0.025
198.4291 	EXP 	chooseNowText_2: height = 0.025
198.4291 	EXP 	chooseNowText_2: height = 0.025
198.4458 	EXP 	chooseNowText_2: height = 0.025
198.4458 	EXP 	chooseNowText_2: height = 0.025
198.4458 	EXP 	chooseNowText_2: height = 0.025
198.4624 	EXP 	chooseNowText_2: height = 0.025
198.4624 	EXP 	chooseNowText_2: height = 0.025
198.4624 	EXP 	chooseNowText_2: height = 0.025
198.4792 	EXP 	chooseNowText_2: height = 0.025
198.4792 	EXP 	chooseNowText_2: height = 0.025
198.4792 	EXP 	chooseNowText_2: height = 0.025
198.4959 	EXP 	chooseNowText_2: height = 0.025
198.4959 	EXP 	chooseNowText_2: height = 0.025
198.4959 	EXP 	chooseNowText_2: height = 0.025
198.5124 	EXP 	chooseNowText_2: height = 0.025
198.5124 	EXP 	chooseNowText_2: height = 0.025
198.5124 	EXP 	chooseNowText_2: height = 0.025
198.5293 	EXP 	chooseNowText_2: height = 0.025
198.5293 	EXP 	chooseNowText_2: height = 0.025
198.5293 	EXP 	chooseNowText_2: height = 0.025
198.5460 	EXP 	chooseNowText_2: height = 0.025
198.5460 	EXP 	chooseNowText_2: height = 0.025
198.5460 	EXP 	chooseNowText_2: height = 0.025
198.5625 	EXP 	chooseNowText_2: height = 0.025
198.5625 	EXP 	chooseNowText_2: height = 0.025
198.5625 	EXP 	chooseNowText_2: height = 0.025
198.5793 	EXP 	chooseNowText_2: height = 0.025
198.5793 	EXP 	chooseNowText_2: height = 0.025
198.5793 	EXP 	chooseNowText_2: height = 0.025
198.5961 	EXP 	chooseNowText_2: height = 0.025
198.5961 	EXP 	chooseNowText_2: height = 0.025
198.5961 	EXP 	chooseNowText_2: height = 0.025
198.6126 	EXP 	chooseNowText_2: height = 0.025
198.6126 	EXP 	chooseNowText_2: height = 0.025
198.6126 	EXP 	chooseNowText_2: height = 0.025
198.6292 	EXP 	chooseNowText_2: height = 0.025
198.6292 	EXP 	chooseNowText_2: height = 0.025
198.6292 	EXP 	chooseNowText_2: height = 0.025
198.6460 	EXP 	chooseNowText_2: height = 0.025
198.6460 	EXP 	chooseNowText_2: height = 0.025
198.6460 	EXP 	chooseNowText_2: height = 0.025
198.6628 	EXP 	chooseNowText_2: height = 0.025
198.6628 	EXP 	chooseNowText_2: height = 0.025
198.6628 	EXP 	chooseNowText_2: height = 0.025
198.6792 	EXP 	chooseNowText_2: height = 0.025
198.6792 	EXP 	chooseNowText_2: height = 0.025
198.6792 	EXP 	chooseNowText_2: height = 0.025
198.6976 	EXP 	chooseNowText_2: height = 0.025
198.6976 	EXP 	chooseNowText_2: height = 0.025
198.6976 	EXP 	chooseNowText_2: height = 0.025
198.7137 	EXP 	chooseNowText_2: height = 0.025
198.7137 	EXP 	chooseNowText_2: height = 0.025
198.7137 	EXP 	chooseNowText_2: height = 0.025
198.7294 	EXP 	chooseNowText_2: height = 0.025
198.7294 	EXP 	chooseNowText_2: height = 0.025
198.7294 	EXP 	chooseNowText_2: height = 0.025
198.7463 	EXP 	chooseNowText_2: height = 0.025
198.7463 	EXP 	chooseNowText_2: height = 0.025
198.7463 	EXP 	chooseNowText_2: height = 0.025
198.7631 	EXP 	chooseNowText_2: height = 0.025
198.7631 	EXP 	chooseNowText_2: height = 0.025
198.7631 	EXP 	chooseNowText_2: height = 0.025
198.7795 	EXP 	chooseNowText_2: height = 0.025
198.7795 	EXP 	chooseNowText_2: height = 0.025
198.7795 	EXP 	chooseNowText_2: height = 0.025
198.8102 	EXP 	chooseNowText_2: height = 0.025
198.8102 	EXP 	chooseNowText_2: height = 0.025
198.8102 	EXP 	chooseNowText_2: height = 0.025
198.8395 	EXP 	yes_txt: autoDraw = False
198.8395 	EXP 	no_txt: autoDraw = False
198.8395 	EXP 	chooseNowText_2: height = 0.025
198.8395 	EXP 	chooseNowText_2: height = 0.025
198.8395 	EXP 	chooseNowText_2: height = 0.025
198.8395 	EXP 	polygon_6: autoDraw = False
198.8395 	EXP 	yes_txt: autoDraw = False
198.8395 	EXP 	no_txt: autoDraw = False
198.8395 	EXP 	chooseNowText_2: autoDraw = False
198.8395 	EXP 	tooSlowtext_4: height = 0.025
198.8395 	EXP 	tooSlowtext_4: height = 0.025
198.8395 	EXP 	tooSlowtext_4: height = 0.025
198.8395 	EXP 	tooSlowtext_4: text = ''
198.8395 	EXP 	tooSlowtext_4: height = 0.025
198.8395 	EXP 	tooSlowtext_4: height = 0.025
198.8395 	EXP 	tooSlowtext_4: height = 0.025
198.8395 	EXP 	tooSlowtext_4: text = 'Zu langsam. Sie müssen schneller antworten.'
198.8395 	EXP 	tooSlowtext_4: autoDraw = True
199.3319 	INFO 	Keyboard events cleared
199.3617 	EXP 	tooSlowtext_4: autoDraw = False
199.3617 	EXP 	tooSlowtext_4: autoDraw = False
199.3617 	EXP 	chooseNowText_3: height = 0.025
199.3617 	EXP 	chooseNowText_3: height = 0.025
199.3617 	EXP 	chooseNowText_3: height = 0.025
199.3617 	EXP 	opt_2: foreColor = <psychopy.colors.Color: white, alpha=1.0>
199.3617 	EXP 	opt_3: foreColor = <psychopy.colors.Color: white, alpha=1.0>
199.3617 	EXP 	opt_4: foreColor = <psychopy.colors.Color: white, alpha=1.0>
199.3617 	EXP 	opt_5: foreColor = <psychopy.colors.Color: white, alpha=1.0>
199.3617 	EXP 	chooseNowText_3: autoDraw = True
199.3617 	EXP 	opt_2: autoDraw = True
199.3617 	EXP 	opt_3: autoDraw = True
199.3617 	EXP 	opt_4: autoDraw = True
199.3617 	EXP 	opt_5: autoDraw = True
199.8460 	INFO 	Keyboard events cleared
201.3620 	EXP 	chooseNowText_3: height = 0.025
201.3620 	EXP 	chooseNowText_3: height = 0.025
201.3620 	EXP 	chooseNowText_3: height = 0.025
201.3786 	EXP 	chooseNowText_3: height = 0.025
201.3786 	EXP 	chooseNowText_3: height = 0.025
201.3786 	EXP 	chooseNowText_3: height = 0.025
201.3950 	EXP 	chooseNowText_3: height = 0.025
201.3950 	EXP 	chooseNowText_3: height = 0.025
201.3950 	EXP 	chooseNowText_3: height = 0.025
201.4116 	EXP 	chooseNowText_3: height = 0.025
201.4116 	EXP 	chooseNowText_3: height = 0.025
201.4116 	EXP 	chooseNowText_3: height = 0.025
201.4282 	EXP 	chooseNowText_3: height = 0.025
201.4282 	EXP 	chooseNowText_3: height = 0.025
201.4282 	EXP 	chooseNowText_3: height = 0.025
201.4450 	EXP 	chooseNowText_3: height = 0.025
201.4450 	EXP 	chooseNowText_3: height = 0.025
201.4450 	EXP 	chooseNowText_3: height = 0.025
201.4619 	EXP 	chooseNowText_3: height = 0.025
201.4619 	EXP 	chooseNowText_3: height = 0.025
201.4619 	EXP 	chooseNowText_3: height = 0.025
201.4783 	EXP 	chooseNowText_3: height = 0.025
201.4783 	EXP 	chooseNowText_3: height = 0.025
201.4783 	EXP 	chooseNowText_3: height = 0.025
201.4950 	EXP 	chooseNowText_3: height = 0.025
201.4950 	EXP 	chooseNowText_3: height = 0.025
201.4950 	EXP 	chooseNowText_3: height = 0.025
201.5115 	EXP 	chooseNowText_3: height = 0.025
201.5115 	EXP 	chooseNowText_3: height = 0.025
201.5115 	EXP 	chooseNowText_3: height = 0.025
201.5284 	EXP 	chooseNowText_3: height = 0.025
201.5284 	EXP 	chooseNowText_3: height = 0.025
201.5284 	EXP 	chooseNowText_3: height = 0.025
201.5451 	EXP 	chooseNowText_3: height = 0.025
201.5451 	EXP 	chooseNowText_3: height = 0.025
201.5451 	EXP 	chooseNowText_3: height = 0.025
201.5617 	EXP 	chooseNowText_3: height = 0.025
201.5617 	EXP 	chooseNowText_3: height = 0.025
201.5617 	EXP 	chooseNowText_3: height = 0.025
201.5785 	EXP 	chooseNowText_3: height = 0.025
201.5785 	EXP 	chooseNowText_3: height = 0.025
201.5785 	EXP 	chooseNowText_3: height = 0.025
201.5951 	EXP 	chooseNowText_3: height = 0.025
201.5951 	EXP 	chooseNowText_3: height = 0.025
201.5951 	EXP 	chooseNowText_3: height = 0.025
201.6119 	EXP 	chooseNowText_3: height = 0.025
201.6119 	EXP 	chooseNowText_3: height = 0.025
201.6119 	EXP 	chooseNowText_3: height = 0.025
201.6284 	EXP 	chooseNowText_3: height = 0.025
201.6284 	EXP 	chooseNowText_3: height = 0.025
201.6284 	EXP 	chooseNowText_3: height = 0.025
201.6450 	EXP 	chooseNowText_3: height = 0.025
201.6450 	EXP 	chooseNowText_3: height = 0.025
201.6450 	EXP 	chooseNowText_3: height = 0.025
201.6617 	EXP 	chooseNowText_3: height = 0.025
201.6617 	EXP 	chooseNowText_3: height = 0.025
201.6617 	EXP 	chooseNowText_3: height = 0.025
201.6784 	EXP 	chooseNowText_3: height = 0.025
201.6784 	EXP 	chooseNowText_3: height = 0.025
201.6784 	EXP 	chooseNowText_3: height = 0.025
201.6949 	EXP 	chooseNowText_3: height = 0.025
201.6949 	EXP 	chooseNowText_3: height = 0.025
201.6949 	EXP 	chooseNowText_3: height = 0.025
201.7116 	EXP 	chooseNowText_3: height = 0.025
201.7116 	EXP 	chooseNowText_3: height = 0.025
201.7116 	EXP 	chooseNowText_3: height = 0.025
201.7284 	EXP 	chooseNowText_3: height = 0.025
201.7284 	EXP 	chooseNowText_3: height = 0.025
201.7284 	EXP 	chooseNowText_3: height = 0.025
201.7449 	EXP 	chooseNowText_3: height = 0.025
201.7449 	EXP 	chooseNowText_3: height = 0.025
201.7449 	EXP 	chooseNowText_3: height = 0.025
201.7615 	EXP 	chooseNowText_3: height = 0.025
201.7615 	EXP 	chooseNowText_3: height = 0.025
201.7615 	EXP 	chooseNowText_3: height = 0.025
201.7783 	EXP 	chooseNowText_3: height = 0.025
201.7783 	EXP 	chooseNowText_3: height = 0.025
201.7783 	EXP 	chooseNowText_3: height = 0.025
201.7955 	EXP 	chooseNowText_3: height = 0.025
201.7955 	EXP 	chooseNowText_3: height = 0.025
201.7955 	EXP 	chooseNowText_3: height = 0.025
201.8115 	EXP 	chooseNowText_3: height = 0.025
201.8115 	EXP 	chooseNowText_3: height = 0.025
201.8115 	EXP 	chooseNowText_3: height = 0.025
201.8283 	EXP 	chooseNowText_3: height = 0.025
201.8283 	EXP 	chooseNowText_3: height = 0.025
201.8283 	EXP 	chooseNowText_3: height = 0.025
201.8450 	EXP 	chooseNowText_3: height = 0.025
201.8450 	EXP 	chooseNowText_3: height = 0.025
201.8450 	EXP 	chooseNowText_3: height = 0.025
201.8617 	EXP 	chooseNowText_3: height = 0.025
201.8617 	EXP 	chooseNowText_3: height = 0.025
201.8617 	EXP 	chooseNowText_3: height = 0.025
201.8786 	EXP 	chooseNowText_3: height = 0.025
201.8786 	EXP 	chooseNowText_3: height = 0.025
201.8786 	EXP 	chooseNowText_3: height = 0.025
201.8949 	EXP 	chooseNowText_3: height = 0.025
201.8949 	EXP 	chooseNowText_3: height = 0.025
201.8949 	EXP 	chooseNowText_3: height = 0.025
201.9119 	EXP 	chooseNowText_3: height = 0.025
201.9119 	EXP 	chooseNowText_3: height = 0.025
201.9119 	EXP 	chooseNowText_3: height = 0.025
201.9281 	EXP 	chooseNowText_3: height = 0.025
201.9281 	EXP 	chooseNowText_3: height = 0.025
201.9281 	EXP 	chooseNowText_3: height = 0.025
201.9449 	EXP 	chooseNowText_3: height = 0.025
201.9449 	EXP 	chooseNowText_3: height = 0.025
201.9449 	EXP 	chooseNowText_3: height = 0.025
201.9611 	EXP 	chooseNowText_3: height = 0.025
201.9611 	EXP 	chooseNowText_3: height = 0.025
201.9611 	EXP 	chooseNowText_3: height = 0.025
201.9780 	EXP 	chooseNowText_3: height = 0.025
201.9780 	EXP 	chooseNowText_3: height = 0.025
201.9780 	EXP 	chooseNowText_3: height = 0.025
201.9949 	EXP 	chooseNowText_3: height = 0.025
201.9949 	EXP 	chooseNowText_3: height = 0.025
201.9949 	EXP 	chooseNowText_3: height = 0.025
202.0114 	EXP 	chooseNowText_3: height = 0.025
202.0114 	EXP 	chooseNowText_3: height = 0.025
202.0114 	EXP 	chooseNowText_3: height = 0.025
202.0279 	EXP 	chooseNowText_3: height = 0.025
202.0279 	EXP 	chooseNowText_3: height = 0.025
202.0279 	EXP 	chooseNowText_3: height = 0.025
202.0448 	EXP 	chooseNowText_3: height = 0.025
202.0448 	EXP 	chooseNowText_3: height = 0.025
202.0448 	EXP 	chooseNowText_3: height = 0.025
202.0621 	EXP 	chooseNowText_3: height = 0.025
202.0621 	EXP 	chooseNowText_3: height = 0.025
202.0621 	EXP 	chooseNowText_3: height = 0.025
202.0780 	EXP 	chooseNowText_3: height = 0.025
202.0780 	EXP 	chooseNowText_3: height = 0.025
202.0780 	EXP 	chooseNowText_3: height = 0.025
202.0950 	EXP 	chooseNowText_3: height = 0.025
202.0950 	EXP 	chooseNowText_3: height = 0.025
202.0950 	EXP 	chooseNowText_3: height = 0.025
202.1122 	EXP 	chooseNowText_3: height = 0.025
202.1122 	EXP 	chooseNowText_3: height = 0.025
202.1122 	EXP 	chooseNowText_3: height = 0.025
202.1282 	EXP 	chooseNowText_3: height = 0.025
202.1282 	EXP 	chooseNowText_3: height = 0.025
202.1282 	EXP 	chooseNowText_3: height = 0.025
202.1447 	EXP 	chooseNowText_3: height = 0.025
202.1447 	EXP 	chooseNowText_3: height = 0.025
202.1447 	EXP 	chooseNowText_3: height = 0.025
202.1615 	EXP 	chooseNowText_3: height = 0.025
202.1615 	EXP 	chooseNowText_3: height = 0.025
202.1615 	EXP 	chooseNowText_3: height = 0.025
202.1785 	EXP 	chooseNowText_3: height = 0.025
202.1785 	EXP 	chooseNowText_3: height = 0.025
202.1785 	EXP 	chooseNowText_3: height = 0.025
202.1949 	EXP 	chooseNowText_3: height = 0.025
202.1949 	EXP 	chooseNowText_3: height = 0.025
202.1949 	EXP 	chooseNowText_3: height = 0.025
202.2115 	EXP 	chooseNowText_3: height = 0.025
202.2115 	EXP 	chooseNowText_3: height = 0.025
202.2115 	EXP 	chooseNowText_3: height = 0.025
202.2288 	EXP 	chooseNowText_3: height = 0.025
202.2288 	EXP 	chooseNowText_3: height = 0.025
202.2288 	EXP 	chooseNowText_3: height = 0.025
202.2450 	EXP 	chooseNowText_3: height = 0.025
202.2450 	EXP 	chooseNowText_3: height = 0.025
202.2450 	EXP 	chooseNowText_3: height = 0.025
202.2613 	EXP 	chooseNowText_3: height = 0.025
202.2613 	EXP 	chooseNowText_3: height = 0.025
202.2613 	EXP 	chooseNowText_3: height = 0.025
202.2789 	EXP 	chooseNowText_3: height = 0.025
202.2789 	EXP 	chooseNowText_3: height = 0.025
202.2789 	EXP 	chooseNowText_3: height = 0.025
202.2948 	EXP 	chooseNowText_3: height = 0.025
202.2948 	EXP 	chooseNowText_3: height = 0.025
202.2948 	EXP 	chooseNowText_3: height = 0.025
202.3113 	EXP 	chooseNowText_3: height = 0.025
202.3113 	EXP 	chooseNowText_3: height = 0.025
202.3113 	EXP 	chooseNowText_3: height = 0.025
202.3281 	EXP 	chooseNowText_3: height = 0.025
202.3281 	EXP 	chooseNowText_3: height = 0.025
202.3281 	EXP 	chooseNowText_3: height = 0.025
202.3449 	EXP 	chooseNowText_3: height = 0.025
202.3449 	EXP 	chooseNowText_3: height = 0.025
202.3449 	EXP 	chooseNowText_3: height = 0.025
202.3612 	EXP 	chooseNowText_3: height = 0.025
202.3612 	EXP 	chooseNowText_3: height = 0.025
202.3612 	EXP 	chooseNowText_3: height = 0.025
202.3612 	EXP 	chooseNowText_3: autoDraw = False
202.3612 	EXP 	opt_2: autoDraw = False
202.3612 	EXP 	opt_3: autoDraw = False
202.3612 	EXP 	opt_4: autoDraw = False
202.3612 	EXP 	opt_5: autoDraw = False
202.3780 	EXP 	chooseNowText_3: height = 0.025
202.3780 	EXP 	chooseNowText_3: height = 0.025
202.3780 	EXP 	chooseNowText_3: height = 0.025
202.3958 	EXP 	chooseNowText_3: height = 0.025
202.3958 	EXP 	chooseNowText_3: height = 0.025
202.3958 	EXP 	chooseNowText_3: height = 0.025
202.4119 	EXP 	chooseNowText_3: height = 0.025
202.4119 	EXP 	chooseNowText_3: height = 0.025
202.4119 	EXP 	chooseNowText_3: height = 0.025
202.4281 	EXP 	chooseNowText_3: height = 0.025
202.4281 	EXP 	chooseNowText_3: height = 0.025
202.4281 	EXP 	chooseNowText_3: height = 0.025
202.4448 	EXP 	chooseNowText_3: height = 0.025
202.4448 	EXP 	chooseNowText_3: height = 0.025
202.4448 	EXP 	chooseNowText_3: height = 0.025
202.4615 	EXP 	chooseNowText_3: height = 0.025
202.4615 	EXP 	chooseNowText_3: height = 0.025
202.4615 	EXP 	chooseNowText_3: height = 0.025
202.4781 	EXP 	chooseNowText_3: height = 0.025
202.4781 	EXP 	chooseNowText_3: height = 0.025
202.4781 	EXP 	chooseNowText_3: height = 0.025
202.4948 	EXP 	chooseNowText_3: height = 0.025
202.4948 	EXP 	chooseNowText_3: height = 0.025
202.4948 	EXP 	chooseNowText_3: height = 0.025
202.5113 	EXP 	chooseNowText_3: height = 0.025
202.5113 	EXP 	chooseNowText_3: height = 0.025
202.5113 	EXP 	chooseNowText_3: height = 0.025
202.5283 	EXP 	chooseNowText_3: height = 0.025
202.5283 	EXP 	chooseNowText_3: height = 0.025
202.5283 	EXP 	chooseNowText_3: height = 0.025
202.5448 	EXP 	chooseNowText_3: height = 0.025
202.5448 	EXP 	chooseNowText_3: height = 0.025
202.5448 	EXP 	chooseNowText_3: height = 0.025
202.5613 	EXP 	chooseNowText_3: height = 0.025
202.5613 	EXP 	chooseNowText_3: height = 0.025
202.5613 	EXP 	chooseNowText_3: height = 0.025
202.5783 	EXP 	chooseNowText_3: height = 0.025
202.5783 	EXP 	chooseNowText_3: height = 0.025
202.5783 	EXP 	chooseNowText_3: height = 0.025
202.5953 	EXP 	chooseNowText_3: height = 0.025
202.5953 	EXP 	chooseNowText_3: height = 0.025
202.5953 	EXP 	chooseNowText_3: height = 0.025
202.6112 	EXP 	chooseNowText_3: height = 0.025
202.6112 	EXP 	chooseNowText_3: height = 0.025
202.6112 	EXP 	chooseNowText_3: height = 0.025
202.6278 	EXP 	chooseNowText_3: height = 0.025
202.6278 	EXP 	chooseNowText_3: height = 0.025
202.6278 	EXP 	chooseNowText_3: height = 0.025
202.6444 	EXP 	chooseNowText_3: height = 0.025
202.6444 	EXP 	chooseNowText_3: height = 0.025
202.6444 	EXP 	chooseNowText_3: height = 0.025
202.6613 	EXP 	chooseNowText_3: height = 0.025
202.6613 	EXP 	chooseNowText_3: height = 0.025
202.6613 	EXP 	chooseNowText_3: height = 0.025
202.6784 	EXP 	chooseNowText_3: height = 0.025
202.6784 	EXP 	chooseNowText_3: height = 0.025
202.6784 	EXP 	chooseNowText_3: height = 0.025
202.6945 	EXP 	chooseNowText_3: height = 0.025
202.6945 	EXP 	chooseNowText_3: height = 0.025
202.6945 	EXP 	chooseNowText_3: height = 0.025
202.7113 	EXP 	chooseNowText_3: height = 0.025
202.7113 	EXP 	chooseNowText_3: height = 0.025
202.7113 	EXP 	chooseNowText_3: height = 0.025
202.7285 	EXP 	chooseNowText_3: height = 0.025
202.7285 	EXP 	chooseNowText_3: height = 0.025
202.7285 	EXP 	chooseNowText_3: height = 0.025
202.7454 	EXP 	chooseNowText_3: height = 0.025
202.7454 	EXP 	chooseNowText_3: height = 0.025
202.7454 	EXP 	chooseNowText_3: height = 0.025
202.7612 	EXP 	chooseNowText_3: height = 0.025
202.7612 	EXP 	chooseNowText_3: height = 0.025
202.7612 	EXP 	chooseNowText_3: height = 0.025
202.7779 	EXP 	chooseNowText_3: height = 0.025
202.7779 	EXP 	chooseNowText_3: height = 0.025
202.7779 	EXP 	chooseNowText_3: height = 0.025
202.7947 	EXP 	chooseNowText_3: height = 0.025
202.7947 	EXP 	chooseNowText_3: height = 0.025
202.7947 	EXP 	chooseNowText_3: height = 0.025
202.8114 	EXP 	chooseNowText_3: height = 0.025
202.8114 	EXP 	chooseNowText_3: height = 0.025
202.8114 	EXP 	chooseNowText_3: height = 0.025
202.8280 	EXP 	chooseNowText_3: height = 0.025
202.8280 	EXP 	chooseNowText_3: height = 0.025
202.8280 	EXP 	chooseNowText_3: height = 0.025
202.8447 	EXP 	chooseNowText_3: height = 0.025
202.8447 	EXP 	chooseNowText_3: height = 0.025
202.8447 	EXP 	chooseNowText_3: height = 0.025
202.8614 	EXP 	chooseNowText_3: height = 0.025
202.8614 	EXP 	chooseNowText_3: height = 0.025
202.8614 	EXP 	chooseNowText_3: height = 0.025
202.8614 	EXP 	chooseNowText_3: autoDraw = False
202.8614 	EXP 	opt_2: autoDraw = False
202.8614 	EXP 	opt_3: autoDraw = False
202.8614 	EXP 	opt_4: autoDraw = False
202.8614 	EXP 	opt_5: autoDraw = False
202.8614 	EXP 	tooSlowtext_2: height = 0.025
202.8614 	EXP 	tooSlowtext_2: height = 0.025
202.8614 	EXP 	tooSlowtext_2: height = 0.025
202.8614 	EXP 	tooSlowtext_2: text = ''
202.8614 	EXP 	tooSlowtext_2: height = 0.025
202.8614 	EXP 	tooSlowtext_2: height = 0.025
202.8614 	EXP 	tooSlowtext_2: height = 0.025
202.8614 	EXP 	tooSlowtext_2: text = 'Zu langsam. Sie müssen schneller antworten.'
202.8614 	EXP 	tooSlowtext_2: autoDraw = True
203.3471 	EXP 	New trial (rep=0, index=6): <Trial 6 (6 in rep 0) data={'learningSeq': 'A', 'block': 'block1', 'runIndexWithinSeq': 1, 'miniblockWithinRun': 1, 'coupleIndexWithinRoute': 6, 'img_first': 'stimuli/dog/dog_49.jpg', 'img_second': 'stimuli/jacket/jacket_44.jpg', 'img_third': None, 'distance_correct': 2, 'trial_type': 1, 'opt_left': 'no', 'opt_right': 'yes', 'correct_side': 'right', 'correct_key': 'right', 'is_yes': 1, 'image_dur_retr': 1.2, 'fix_dur_retr': 0.2, 'iti_dur_retr': 0.28, 'reflection_win_dur': 1.95, 'routeIndexWithinBlock': 1, 'seqOfRoute': 'A', 'retrIm1Trig': 5, 'retrIm2Trig': 10, 'thisN': 6, 'thisTrialN': 6, 'thisRepN': 0}>
203.3612 	EXP 	tooSlowtext_2: autoDraw = False
203.3612 	EXP 	tooSlowtext_2: autoDraw = False
203.3612 	EXP 	fix_cross_retrbegin_2: text = '+'
203.3612 	EXP 	fix_cross_retrbegin_2: autoDraw = True
203.7030 	EXP 	fix_cross_retrbegin_2: autoDraw = False
203.7030 	EXP 	fix_cross_retrbegin_2: autoDraw = False
203.7030 	EXP 	image_1: image = 'stimuli/dog/dog_49.jpg'
203.7030 	EXP 	image_1: autoDraw = True
204.7102 	EXP 	image_1: autoDraw = False
204.7102 	EXP 	image_1: autoDraw = False
204.7102 	EXP 	mask_img1_2: autoDraw = True
205.0188 	EXP 	mask_img1_2: autoDraw = False
205.0188 	EXP 	image_2: image = 'stimuli/jacket/jacket_44.jpg'
205.0188 	EXP 	image_2: autoDraw = True
206.0271 	EXP 	image_2: autoDraw = False
206.0271 	EXP 	image_2: autoDraw = False
206.0271 	EXP 	mask_img2_2: autoDraw = True
206.2769 	EXP 	mask_img2_2: autoDraw = False
206.2769 	EXP 	fix_cross_reflretr: autoDraw = True
208.2222 	INFO 	Keyboard events cleared
208.2426 	INFO 	Keyboard events cleared
208.2424 	EXP 	fix_cross_reflretr: autoDraw = False
208.2424 	EXP 	fix_cross_reflretr: autoDraw = False
208.2424 	EXP 	yes_txt: text = 'ja'
208.2424 	EXP 	no_txt: text = 'nein'
208.2424 	EXP 	chooseNowText_2: height = 0.025
208.2424 	EXP 	chooseNowText_2: height = 0.025
208.2424 	EXP 	chooseNowText_2: height = 0.025
208.2424 	EXP 	polygon_6: autoDraw = True
208.2424 	EXP 	yes_txt: autoDraw = True
208.2424 	EXP 	no_txt: autoDraw = True
208.2424 	EXP 	chooseNowText_2: autoDraw = True
210.2421 	EXP 	chooseNowText_2: height = 0.025
210.2421 	EXP 	chooseNowText_2: height = 0.025
210.2421 	EXP 	chooseNowText_2: height = 0.025
210.2590 	EXP 	chooseNowText_2: height = 0.025
210.2590 	EXP 	chooseNowText_2: height = 0.025
210.2590 	EXP 	chooseNowText_2: height = 0.025
210.2755 	EXP 	chooseNowText_2: height = 0.025
210.2755 	EXP 	chooseNowText_2: height = 0.025
210.2755 	EXP 	chooseNowText_2: height = 0.025
210.2923 	EXP 	chooseNowText_2: height = 0.025
210.2923 	EXP 	chooseNowText_2: height = 0.025
210.2923 	EXP 	chooseNowText_2: height = 0.025
210.3089 	EXP 	chooseNowText_2: height = 0.025
210.3089 	EXP 	chooseNowText_2: height = 0.025
210.3089 	EXP 	chooseNowText_2: height = 0.025
210.3253 	EXP 	chooseNowText_2: height = 0.025
210.3253 	EXP 	chooseNowText_2: height = 0.025
210.3253 	EXP 	chooseNowText_2: height = 0.025
210.3419 	EXP 	chooseNowText_2: height = 0.025
210.3419 	EXP 	chooseNowText_2: height = 0.025
210.3419 	EXP 	chooseNowText_2: height = 0.025
210.3590 	EXP 	chooseNowText_2: height = 0.025
210.3590 	EXP 	chooseNowText_2: height = 0.025
210.3590 	EXP 	chooseNowText_2: height = 0.025
210.3755 	EXP 	chooseNowText_2: height = 0.025
210.3755 	EXP 	chooseNowText_2: height = 0.025
210.3755 	EXP 	chooseNowText_2: height = 0.025
210.3921 	EXP 	chooseNowText_2: height = 0.025
210.3921 	EXP 	chooseNowText_2: height = 0.025
210.3921 	EXP 	chooseNowText_2: height = 0.025
210.4092 	EXP 	chooseNowText_2: height = 0.025
210.4092 	EXP 	chooseNowText_2: height = 0.025
210.4092 	EXP 	chooseNowText_2: height = 0.025
210.4255 	EXP 	chooseNowText_2: height = 0.025
210.4255 	EXP 	chooseNowText_2: height = 0.025
210.4255 	EXP 	chooseNowText_2: height = 0.025
210.4421 	EXP 	chooseNowText_2: height = 0.025
210.4421 	EXP 	chooseNowText_2: height = 0.025
210.4421 	EXP 	chooseNowText_2: height = 0.025
210.4589 	EXP 	chooseNowText_2: height = 0.025
210.4589 	EXP 	chooseNowText_2: height = 0.025
210.4589 	EXP 	chooseNowText_2: height = 0.025
210.4753 	EXP 	chooseNowText_2: height = 0.025
210.4753 	EXP 	chooseNowText_2: height = 0.025
210.4753 	EXP 	chooseNowText_2: height = 0.025
210.4918 	EXP 	chooseNowText_2: height = 0.025
210.4918 	EXP 	chooseNowText_2: height = 0.025
210.4918 	EXP 	chooseNowText_2: height = 0.025
210.5086 	EXP 	chooseNowText_2: height = 0.025
210.5086 	EXP 	chooseNowText_2: height = 0.025
210.5086 	EXP 	chooseNowText_2: height = 0.025
210.5254 	EXP 	chooseNowText_2: height = 0.025
210.5254 	EXP 	chooseNowText_2: height = 0.025
210.5254 	EXP 	chooseNowText_2: height = 0.025
210.5428 	EXP 	chooseNowText_2: height = 0.025
210.5428 	EXP 	chooseNowText_2: height = 0.025
210.5428 	EXP 	chooseNowText_2: height = 0.025
210.5589 	EXP 	chooseNowText_2: height = 0.025
210.5589 	EXP 	chooseNowText_2: height = 0.025
210.5589 	EXP 	chooseNowText_2: height = 0.025
210.5754 	EXP 	chooseNowText_2: height = 0.025
210.5754 	EXP 	chooseNowText_2: height = 0.025
210.5754 	EXP 	chooseNowText_2: height = 0.025
210.5925 	EXP 	chooseNowText_2: height = 0.025
210.5925 	EXP 	chooseNowText_2: height = 0.025
210.5925 	EXP 	chooseNowText_2: height = 0.025
210.6087 	EXP 	chooseNowText_2: height = 0.025
210.6087 	EXP 	chooseNowText_2: height = 0.025
210.6087 	EXP 	chooseNowText_2: height = 0.025
210.6253 	EXP 	chooseNowText_2: height = 0.025
210.6253 	EXP 	chooseNowText_2: height = 0.025
210.6253 	EXP 	chooseNowText_2: height = 0.025
210.6419 	EXP 	chooseNowText_2: height = 0.025
210.6419 	EXP 	chooseNowText_2: height = 0.025
210.6419 	EXP 	chooseNowText_2: height = 0.025
210.6590 	EXP 	chooseNowText_2: height = 0.025
210.6590 	EXP 	chooseNowText_2: height = 0.025
210.6590 	EXP 	chooseNowText_2: height = 0.025
210.6757 	EXP 	chooseNowText_2: height = 0.025
210.6757 	EXP 	chooseNowText_2: height = 0.025
210.6757 	EXP 	chooseNowText_2: height = 0.025
210.6925 	EXP 	chooseNowText_2: height = 0.025
210.6925 	EXP 	chooseNowText_2: height = 0.025
210.6925 	EXP 	chooseNowText_2: height = 0.025
210.7089 	EXP 	chooseNowText_2: height = 0.025
210.7089 	EXP 	chooseNowText_2: height = 0.025
210.7089 	EXP 	chooseNowText_2: height = 0.025
210.7253 	EXP 	chooseNowText_2: height = 0.025
210.7253 	EXP 	chooseNowText_2: height = 0.025
210.7253 	EXP 	chooseNowText_2: height = 0.025
210.7421 	EXP 	chooseNowText_2: height = 0.025
210.7421 	EXP 	chooseNowText_2: height = 0.025
210.7421 	EXP 	chooseNowText_2: height = 0.025
210.7587 	EXP 	chooseNowText_2: height = 0.025
210.7587 	EXP 	chooseNowText_2: height = 0.025
210.7587 	EXP 	chooseNowText_2: height = 0.025
210.7760 	EXP 	chooseNowText_2: height = 0.025
210.7760 	EXP 	chooseNowText_2: height = 0.025
210.7760 	EXP 	chooseNowText_2: height = 0.025
210.7919 	EXP 	chooseNowText_2: height = 0.025
210.7919 	EXP 	chooseNowText_2: height = 0.025
210.7919 	EXP 	chooseNowText_2: height = 0.025
210.8087 	EXP 	chooseNowText_2: height = 0.025
210.8087 	EXP 	chooseNowText_2: height = 0.025
210.8087 	EXP 	chooseNowText_2: height = 0.025
210.8254 	EXP 	chooseNowText_2: height = 0.025
210.8254 	EXP 	chooseNowText_2: height = 0.025
210.8254 	EXP 	chooseNowText_2: height = 0.025
210.8422 	EXP 	chooseNowText_2: height = 0.025
210.8422 	EXP 	chooseNowText_2: height = 0.025
210.8422 	EXP 	chooseNowText_2: height = 0.025
210.8589 	EXP 	chooseNowText_2: height = 0.025
210.8589 	EXP 	chooseNowText_2: height = 0.025
210.8589 	EXP 	chooseNowText_2: height = 0.025
210.8755 	EXP 	chooseNowText_2: height = 0.025
210.8755 	EXP 	chooseNowText_2: height = 0.025
210.8755 	EXP 	chooseNowText_2: height = 0.025
210.8920 	EXP 	chooseNowText_2: height = 0.025
210.8920 	EXP 	chooseNowText_2: height = 0.025
210.8920 	EXP 	chooseNowText_2: height = 0.025
210.9087 	EXP 	chooseNowText_2: height = 0.025
210.9087 	EXP 	chooseNowText_2: height = 0.025
210.9087 	EXP 	chooseNowText_2: height = 0.025
210.9254 	EXP 	chooseNowText_2: height = 0.025
210.9254 	EXP 	chooseNowText_2: height = 0.025
210.9254 	EXP 	chooseNowText_2: height = 0.025
210.9422 	EXP 	chooseNowText_2: height = 0.025
210.9422 	EXP 	chooseNowText_2: height = 0.025
210.9422 	EXP 	chooseNowText_2: height = 0.025
210.9588 	EXP 	chooseNowText_2: height = 0.025
210.9588 	EXP 	chooseNowText_2: height = 0.025
210.9588 	EXP 	chooseNowText_2: height = 0.025
210.9816 	EXP 	chooseNowText_2: height = 0.025
210.9816 	EXP 	chooseNowText_2: height = 0.025
210.9816 	EXP 	chooseNowText_2: height = 0.025
210.9918 	EXP 	chooseNowText_2: height = 0.025
210.9918 	EXP 	chooseNowText_2: height = 0.025
210.9918 	EXP 	chooseNowText_2: height = 0.025
211.0085 	EXP 	chooseNowText_2: height = 0.025
211.0085 	EXP 	chooseNowText_2: height = 0.025
211.0085 	EXP 	chooseNowText_2: height = 0.025
211.0249 	EXP 	chooseNowText_2: height = 0.025
211.0249 	EXP 	chooseNowText_2: height = 0.025
211.0249 	EXP 	chooseNowText_2: height = 0.025
211.0419 	EXP 	chooseNowText_2: height = 0.025
211.0419 	EXP 	chooseNowText_2: height = 0.025
211.0419 	EXP 	chooseNowText_2: height = 0.025
211.0586 	EXP 	chooseNowText_2: height = 0.025
211.0586 	EXP 	chooseNowText_2: height = 0.025
211.0586 	EXP 	chooseNowText_2: height = 0.025
211.0753 	EXP 	chooseNowText_2: height = 0.025
211.0753 	EXP 	chooseNowText_2: height = 0.025
211.0753 	EXP 	chooseNowText_2: height = 0.025
211.0916 	EXP 	chooseNowText_2: height = 0.025
211.0916 	EXP 	chooseNowText_2: height = 0.025
211.0916 	EXP 	chooseNowText_2: height = 0.025
211.1084 	EXP 	chooseNowText_2: height = 0.025
211.1084 	EXP 	chooseNowText_2: height = 0.025
211.1084 	EXP 	chooseNowText_2: height = 0.025
211.1253 	EXP 	chooseNowText_2: height = 0.025
211.1253 	EXP 	chooseNowText_2: height = 0.025
211.1253 	EXP 	chooseNowText_2: height = 0.025
211.1419 	EXP 	chooseNowText_2: height = 0.025
211.1419 	EXP 	chooseNowText_2: height = 0.025
211.1419 	EXP 	chooseNowText_2: height = 0.025
211.1588 	EXP 	chooseNowText_2: height = 0.025
211.1588 	EXP 	chooseNowText_2: height = 0.025
211.1588 	EXP 	chooseNowText_2: height = 0.025
211.1755 	EXP 	chooseNowText_2: height = 0.025
211.1755 	EXP 	chooseNowText_2: height = 0.025
211.1755 	EXP 	chooseNowText_2: height = 0.025
211.1921 	EXP 	chooseNowText_2: height = 0.025
211.1921 	EXP 	chooseNowText_2: height = 0.025
211.1921 	EXP 	chooseNowText_2: height = 0.025
211.2088 	EXP 	chooseNowText_2: height = 0.025
211.2088 	EXP 	chooseNowText_2: height = 0.025
211.2088 	EXP 	chooseNowText_2: height = 0.025
211.2254 	EXP 	chooseNowText_2: height = 0.025
211.2254 	EXP 	chooseNowText_2: height = 0.025
211.2254 	EXP 	chooseNowText_2: height = 0.025
211.2421 	EXP 	yes_txt: autoDraw = False
211.2421 	EXP 	no_txt: autoDraw = False
211.2421 	EXP 	chooseNowText_2: height = 0.025
211.2421 	EXP 	chooseNowText_2: height = 0.025
211.2421 	EXP 	chooseNowText_2: height = 0.025
211.2421 	EXP 	polygon_6: autoDraw = False
211.2421 	EXP 	yes_txt: autoDraw = False
211.2421 	EXP 	no_txt: autoDraw = False
211.2421 	EXP 	chooseNowText_2: autoDraw = False
211.2421 	EXP 	tooSlowtext_4: height = 0.025
211.2421 	EXP 	tooSlowtext_4: height = 0.025
211.2421 	EXP 	tooSlowtext_4: height = 0.025
211.2421 	EXP 	tooSlowtext_4: text = ''
211.2421 	EXP 	tooSlowtext_4: height = 0.025
211.2421 	EXP 	tooSlowtext_4: height = 0.025
211.2421 	EXP 	tooSlowtext_4: height = 0.025
211.2421 	EXP 	tooSlowtext_4: text = 'Zu langsam. Sie müssen schneller antworten.'
211.2421 	EXP 	tooSlowtext_4: autoDraw = True
211.7273 	INFO 	Keyboard events cleared
211.7576 	EXP 	tooSlowtext_4: autoDraw = False
211.7576 	EXP 	tooSlowtext_4: autoDraw = False
211.7576 	EXP 	chooseNowText_3: height = 0.025
211.7576 	EXP 	chooseNowText_3: height = 0.025
211.7576 	EXP 	chooseNowText_3: height = 0.025
211.7576 	EXP 	opt_2: foreColor = <psychopy.colors.Color: white, alpha=1.0>
211.7576 	EXP 	opt_3: foreColor = <psychopy.colors.Color: white, alpha=1.0>
211.7576 	EXP 	opt_4: foreColor = <psychopy.colors.Color: white, alpha=1.0>
211.7576 	EXP 	opt_5: foreColor = <psychopy.colors.Color: white, alpha=1.0>
211.7576 	EXP 	chooseNowText_3: autoDraw = True
211.7576 	EXP 	opt_2: autoDraw = True
211.7576 	EXP 	opt_3: autoDraw = True
211.7576 	EXP 	opt_4: autoDraw = True
211.7576 	EXP 	opt_5: autoDraw = True
212.2413 	INFO 	Keyboard events cleared
213.7577 	EXP 	chooseNowText_3: height = 0.025
213.7577 	EXP 	chooseNowText_3: height = 0.025
213.7577 	EXP 	chooseNowText_3: height = 0.025
213.7744 	EXP 	chooseNowText_3: height = 0.025
213.7744 	EXP 	chooseNowText_3: height = 0.025
213.7744 	EXP 	chooseNowText_3: height = 0.025
213.7911 	EXP 	chooseNowText_3: height = 0.025
213.7911 	EXP 	chooseNowText_3: height = 0.025
213.7911 	EXP 	chooseNowText_3: height = 0.025
213.8076 	EXP 	chooseNowText_3: height = 0.025
213.8076 	EXP 	chooseNowText_3: height = 0.025
213.8076 	EXP 	chooseNowText_3: height = 0.025
213.8247 	EXP 	chooseNowText_3: height = 0.025
213.8247 	EXP 	chooseNowText_3: height = 0.025
213.8247 	EXP 	chooseNowText_3: height = 0.025
213.8412 	EXP 	chooseNowText_3: height = 0.025
213.8412 	EXP 	chooseNowText_3: height = 0.025
213.8412 	EXP 	chooseNowText_3: height = 0.025
213.8576 	EXP 	chooseNowText_3: height = 0.025
213.8576 	EXP 	chooseNowText_3: height = 0.025
213.8576 	EXP 	chooseNowText_3: height = 0.025
213.8742 	EXP 	chooseNowText_3: height = 0.025
213.8742 	EXP 	chooseNowText_3: height = 0.025
213.8742 	EXP 	chooseNowText_3: height = 0.025
213.8909 	EXP 	chooseNowText_3: height = 0.025
213.8909 	EXP 	chooseNowText_3: height = 0.025
213.8909 	EXP 	chooseNowText_3: height = 0.025
213.9080 	EXP 	chooseNowText_3: height = 0.025
213.9080 	EXP 	chooseNowText_3: height = 0.025
213.9080 	EXP 	chooseNowText_3: height = 0.025
213.9252 	EXP 	chooseNowText_3: height = 0.025
213.9252 	EXP 	chooseNowText_3: height = 0.025
213.9252 	EXP 	chooseNowText_3: height = 0.025
213.9413 	EXP 	chooseNowText_3: height = 0.025
213.9413 	EXP 	chooseNowText_3: height = 0.025
213.9413 	EXP 	chooseNowText_3: height = 0.025
213.9577 	EXP 	chooseNowText_3: height = 0.025
213.9577 	EXP 	chooseNowText_3: height = 0.025
213.9577 	EXP 	chooseNowText_3: height = 0.025
213.9743 	EXP 	chooseNowText_3: height = 0.025
213.9743 	EXP 	chooseNowText_3: height = 0.025
213.9743 	EXP 	chooseNowText_3: height = 0.025
213.9911 	EXP 	chooseNowText_3: height = 0.025
213.9911 	EXP 	chooseNowText_3: height = 0.025
213.9911 	EXP 	chooseNowText_3: height = 0.025
214.0076 	EXP 	chooseNowText_3: height = 0.025
214.0076 	EXP 	chooseNowText_3: height = 0.025
214.0076 	EXP 	chooseNowText_3: height = 0.025
214.0245 	EXP 	chooseNowText_3: height = 0.025
214.0245 	EXP 	chooseNowText_3: height = 0.025
214.0245 	EXP 	chooseNowText_3: height = 0.025
214.0409 	EXP 	chooseNowText_3: height = 0.025
214.0409 	EXP 	chooseNowText_3: height = 0.025
214.0409 	EXP 	chooseNowText_3: height = 0.025
214.0575 	EXP 	chooseNowText_3: height = 0.025
214.0575 	EXP 	chooseNowText_3: height = 0.025
214.0575 	EXP 	chooseNowText_3: height = 0.025
214.0745 	EXP 	chooseNowText_3: height = 0.025
214.0745 	EXP 	chooseNowText_3: height = 0.025
214.0745 	EXP 	chooseNowText_3: height = 0.025
214.0913 	EXP 	chooseNowText_3: height = 0.025
214.0913 	EXP 	chooseNowText_3: height = 0.025
214.0913 	EXP 	chooseNowText_3: height = 0.025
214.1075 	EXP 	chooseNowText_3: height = 0.025
214.1075 	EXP 	chooseNowText_3: height = 0.025
214.1075 	EXP 	chooseNowText_3: height = 0.025
214.1244 	EXP 	chooseNowText_3: height = 0.025
214.1244 	EXP 	chooseNowText_3: height = 0.025
214.1244 	EXP 	chooseNowText_3: height = 0.025
214.1409 	EXP 	chooseNowText_3: height = 0.025
214.1409 	EXP 	chooseNowText_3: height = 0.025
214.1409 	EXP 	chooseNowText_3: height = 0.025
214.1576 	EXP 	chooseNowText_3: height = 0.025
214.1576 	EXP 	chooseNowText_3: height = 0.025
214.1576 	EXP 	chooseNowText_3: height = 0.025
214.1742 	EXP 	chooseNowText_3: height = 0.025
214.1742 	EXP 	chooseNowText_3: height = 0.025
214.1742 	EXP 	chooseNowText_3: height = 0.025
214.1910 	EXP 	chooseNowText_3: height = 0.025
214.1910 	EXP 	chooseNowText_3: height = 0.025
214.1910 	EXP 	chooseNowText_3: height = 0.025
214.2077 	EXP 	chooseNowText_3: height = 0.025
214.2077 	EXP 	chooseNowText_3: height = 0.025
214.2077 	EXP 	chooseNowText_3: height = 0.025
214.2243 	EXP 	chooseNowText_3: height = 0.025
214.2243 	EXP 	chooseNowText_3: height = 0.025
214.2243 	EXP 	chooseNowText_3: height = 0.025
214.2409 	EXP 	chooseNowText_3: height = 0.025
214.2409 	EXP 	chooseNowText_3: height = 0.025
214.2409 	EXP 	chooseNowText_3: height = 0.025
214.2575 	EXP 	chooseNowText_3: height = 0.025
214.2575 	EXP 	chooseNowText_3: height = 0.025
214.2575 	EXP 	chooseNowText_3: height = 0.025
214.2743 	EXP 	chooseNowText_3: height = 0.025
214.2743 	EXP 	chooseNowText_3: height = 0.025
214.2743 	EXP 	chooseNowText_3: height = 0.025
214.2910 	EXP 	chooseNowText_3: height = 0.025
214.2910 	EXP 	chooseNowText_3: height = 0.025
214.2910 	EXP 	chooseNowText_3: height = 0.025
214.3078 	EXP 	chooseNowText_3: height = 0.025
214.3078 	EXP 	chooseNowText_3: height = 0.025
214.3078 	EXP 	chooseNowText_3: height = 0.025
214.3243 	EXP 	chooseNowText_3: height = 0.025
214.3243 	EXP 	chooseNowText_3: height = 0.025
214.3243 	EXP 	chooseNowText_3: height = 0.025
214.3412 	EXP 	chooseNowText_3: height = 0.025
214.3412 	EXP 	chooseNowText_3: height = 0.025
214.3412 	EXP 	chooseNowText_3: height = 0.025
214.3578 	EXP 	chooseNowText_3: height = 0.025
214.3578 	EXP 	chooseNowText_3: height = 0.025
214.3578 	EXP 	chooseNowText_3: height = 0.025
214.3750 	EXP 	chooseNowText_3: height = 0.025
214.3750 	EXP 	chooseNowText_3: height = 0.025
214.3750 	EXP 	chooseNowText_3: height = 0.025
214.3912 	EXP 	chooseNowText_3: height = 0.025
214.3912 	EXP 	chooseNowText_3: height = 0.025
214.3912 	EXP 	chooseNowText_3: height = 0.025
214.4077 	EXP 	chooseNowText_3: height = 0.025
214.4077 	EXP 	chooseNowText_3: height = 0.025
214.4077 	EXP 	chooseNowText_3: height = 0.025
214.4242 	EXP 	chooseNowText_3: height = 0.025
214.4242 	EXP 	chooseNowText_3: height = 0.025
214.4242 	EXP 	chooseNowText_3: height = 0.025
214.4409 	EXP 	chooseNowText_3: height = 0.025
214.4409 	EXP 	chooseNowText_3: height = 0.025
214.4409 	EXP 	chooseNowText_3: height = 0.025
214.4576 	EXP 	chooseNowText_3: height = 0.025
214.4576 	EXP 	chooseNowText_3: height = 0.025
214.4576 	EXP 	chooseNowText_3: height = 0.025
214.4743 	EXP 	chooseNowText_3: height = 0.025
214.4743 	EXP 	chooseNowText_3: height = 0.025
214.4743 	EXP 	chooseNowText_3: height = 0.025
214.4910 	EXP 	chooseNowText_3: height = 0.025
214.4910 	EXP 	chooseNowText_3: height = 0.025
214.4910 	EXP 	chooseNowText_3: height = 0.025
214.5076 	EXP 	chooseNowText_3: height = 0.025
214.5076 	EXP 	chooseNowText_3: height = 0.025
214.5076 	EXP 	chooseNowText_3: height = 0.025
214.5243 	EXP 	chooseNowText_3: height = 0.025
214.5243 	EXP 	chooseNowText_3: height = 0.025
214.5243 	EXP 	chooseNowText_3: height = 0.025
214.5410 	EXP 	chooseNowText_3: height = 0.025
214.5410 	EXP 	chooseNowText_3: height = 0.025
214.5410 	EXP 	chooseNowText_3: height = 0.025
214.5576 	EXP 	chooseNowText_3: height = 0.025
214.5576 	EXP 	chooseNowText_3: height = 0.025
214.5576 	EXP 	chooseNowText_3: height = 0.025
214.5742 	EXP 	chooseNowText_3: height = 0.025
214.5742 	EXP 	chooseNowText_3: height = 0.025
214.5742 	EXP 	chooseNowText_3: height = 0.025
214.5909 	EXP 	chooseNowText_3: height = 0.025
214.5909 	EXP 	chooseNowText_3: height = 0.025
214.5909 	EXP 	chooseNowText_3: height = 0.025
214.6077 	EXP 	chooseNowText_3: height = 0.025
214.6077 	EXP 	chooseNowText_3: height = 0.025
214.6077 	EXP 	chooseNowText_3: height = 0.025
214.6243 	EXP 	chooseNowText_3: height = 0.025
214.6243 	EXP 	chooseNowText_3: height = 0.025
214.6243 	EXP 	chooseNowText_3: height = 0.025
214.6407 	EXP 	chooseNowText_3: height = 0.025
214.6407 	EXP 	chooseNowText_3: height = 0.025
214.6407 	EXP 	chooseNowText_3: height = 0.025
214.6576 	EXP 	chooseNowText_3: height = 0.025
214.6576 	EXP 	chooseNowText_3: height = 0.025
214.6576 	EXP 	chooseNowText_3: height = 0.025
214.6740 	EXP 	chooseNowText_3: height = 0.025
214.6740 	EXP 	chooseNowText_3: height = 0.025
214.6740 	EXP 	chooseNowText_3: height = 0.025
214.6906 	EXP 	chooseNowText_3: height = 0.025
214.6906 	EXP 	chooseNowText_3: height = 0.025
214.6906 	EXP 	chooseNowText_3: height = 0.025
214.7074 	EXP 	chooseNowText_3: height = 0.025
214.7074 	EXP 	chooseNowText_3: height = 0.025
214.7074 	EXP 	chooseNowText_3: height = 0.025
214.7241 	EXP 	chooseNowText_3: height = 0.025
214.7241 	EXP 	chooseNowText_3: height = 0.025
214.7241 	EXP 	chooseNowText_3: height = 0.025
214.7408 	EXP 	chooseNowText_3: height = 0.025
214.7408 	EXP 	chooseNowText_3: height = 0.025
214.7408 	EXP 	chooseNowText_3: height = 0.025
214.7577 	EXP 	chooseNowText_3: height = 0.025
214.7577 	EXP 	chooseNowText_3: height = 0.025
214.7577 	EXP 	chooseNowText_3: height = 0.025
214.7577 	EXP 	chooseNowText_3: autoDraw = False
214.7577 	EXP 	opt_2: autoDraw = False
214.7577 	EXP 	opt_3: autoDraw = False
214.7577 	EXP 	opt_4: autoDraw = False
214.7577 	EXP 	opt_5: autoDraw = False
214.7746 	EXP 	chooseNowText_3: height = 0.025
214.7746 	EXP 	chooseNowText_3: height = 0.025
214.7746 	EXP 	chooseNowText_3: height = 0.025
214.7909 	EXP 	chooseNowText_3: height = 0.025
214.7909 	EXP 	chooseNowText_3: height = 0.025
214.7909 	EXP 	chooseNowText_3: height = 0.025
214.8076 	EXP 	chooseNowText_3: height = 0.025
214.8076 	EXP 	chooseNowText_3: height = 0.025
214.8076 	EXP 	chooseNowText_3: height = 0.025
214.8242 	EXP 	chooseNowText_3: height = 0.025
214.8242 	EXP 	chooseNowText_3: height = 0.025
214.8242 	EXP 	chooseNowText_3: height = 0.025
214.8417 	EXP 	chooseNowText_3: height = 0.025
214.8417 	EXP 	chooseNowText_3: height = 0.025
214.8417 	EXP 	chooseNowText_3: height = 0.025
214.8573 	EXP 	chooseNowText_3: height = 0.025
214.8573 	EXP 	chooseNowText_3: height = 0.025
214.8573 	EXP 	chooseNowText_3: height = 0.025
214.8741 	EXP 	chooseNowText_3: height = 0.025
214.8741 	EXP 	chooseNowText_3: height = 0.025
214.8741 	EXP 	chooseNowText_3: height = 0.025
214.8907 	EXP 	chooseNowText_3: height = 0.025
214.8907 	EXP 	chooseNowText_3: height = 0.025
214.8907 	EXP 	chooseNowText_3: height = 0.025
214.9072 	EXP 	chooseNowText_3: height = 0.025
214.9072 	EXP 	chooseNowText_3: height = 0.025
214.9072 	EXP 	chooseNowText_3: height = 0.025
214.9240 	EXP 	chooseNowText_3: height = 0.025
214.9240 	EXP 	chooseNowText_3: height = 0.025
214.9240 	EXP 	chooseNowText_3: height = 0.025
214.9407 	EXP 	chooseNowText_3: height = 0.025
214.9407 	EXP 	chooseNowText_3: height = 0.025
214.9407 	EXP 	chooseNowText_3: height = 0.025
214.9573 	EXP 	chooseNowText_3: height = 0.025
214.9573 	EXP 	chooseNowText_3: height = 0.025
214.9573 	EXP 	chooseNowText_3: height = 0.025
214.9738 	EXP 	chooseNowText_3: height = 0.025
214.9738 	EXP 	chooseNowText_3: height = 0.025
214.9738 	EXP 	chooseNowText_3: height = 0.025
214.9904 	EXP 	chooseNowText_3: height = 0.025
214.9904 	EXP 	chooseNowText_3: height = 0.025
214.9904 	EXP 	chooseNowText_3: height = 0.025
215.0072 	EXP 	chooseNowText_3: height = 0.025
215.0072 	EXP 	chooseNowText_3: height = 0.025
215.0072 	EXP 	chooseNowText_3: height = 0.025
215.0238 	EXP 	chooseNowText_3: height = 0.025
215.0238 	EXP 	chooseNowText_3: height = 0.025
215.0238 	EXP 	chooseNowText_3: height = 0.025
215.0406 	EXP 	chooseNowText_3: height = 0.025
215.0406 	EXP 	chooseNowText_3: height = 0.025
215.0406 	EXP 	chooseNowText_3: height = 0.025
215.0573 	EXP 	chooseNowText_3: height = 0.025
215.0573 	EXP 	chooseNowText_3: height = 0.025
215.0573 	EXP 	chooseNowText_3: height = 0.025
215.0736 	EXP 	chooseNowText_3: height = 0.025
215.0736 	EXP 	chooseNowText_3: height = 0.025
215.0736 	EXP 	chooseNowText_3: height = 0.025
215.0906 	EXP 	chooseNowText_3: height = 0.025
215.0906 	EXP 	chooseNowText_3: height = 0.025
215.0906 	EXP 	chooseNowText_3: height = 0.025
215.1073 	EXP 	chooseNowText_3: height = 0.025
215.1073 	EXP 	chooseNowText_3: height = 0.025
215.1073 	EXP 	chooseNowText_3: height = 0.025
215.1239 	EXP 	chooseNowText_3: height = 0.025
215.1239 	EXP 	chooseNowText_3: height = 0.025
215.1239 	EXP 	chooseNowText_3: height = 0.025
215.1406 	EXP 	chooseNowText_3: height = 0.025
215.1406 	EXP 	chooseNowText_3: height = 0.025
215.1406 	EXP 	chooseNowText_3: height = 0.025
215.1574 	EXP 	chooseNowText_3: height = 0.025
215.1574 	EXP 	chooseNowText_3: height = 0.025
215.1574 	EXP 	chooseNowText_3: height = 0.025
215.1738 	EXP 	chooseNowText_3: height = 0.025
215.1738 	EXP 	chooseNowText_3: height = 0.025
215.1738 	EXP 	chooseNowText_3: height = 0.025
215.1908 	EXP 	chooseNowText_3: height = 0.025
215.1908 	EXP 	chooseNowText_3: height = 0.025
215.1908 	EXP 	chooseNowText_3: height = 0.025
215.2071 	EXP 	chooseNowText_3: height = 0.025
215.2071 	EXP 	chooseNowText_3: height = 0.025
215.2071 	EXP 	chooseNowText_3: height = 0.025
215.2237 	EXP 	chooseNowText_3: height = 0.025
215.2237 	EXP 	chooseNowText_3: height = 0.025
215.2237 	EXP 	chooseNowText_3: height = 0.025
215.2406 	EXP 	chooseNowText_3: height = 0.025
215.2406 	EXP 	chooseNowText_3: height = 0.025
215.2406 	EXP 	chooseNowText_3: height = 0.025
215.2406 	EXP 	chooseNowText_3: autoDraw = False
215.2406 	EXP 	opt_2: autoDraw = False
215.2406 	EXP 	opt_3: autoDraw = False
215.2406 	EXP 	opt_4: autoDraw = False
215.2406 	EXP 	opt_5: autoDraw = False
215.2406 	EXP 	tooSlowtext_2: height = 0.025
215.2406 	EXP 	tooSlowtext_2: height = 0.025
215.2406 	EXP 	tooSlowtext_2: height = 0.025
215.2406 	EXP 	tooSlowtext_2: text = ''
215.2406 	EXP 	tooSlowtext_2: height = 0.025
215.2406 	EXP 	tooSlowtext_2: height = 0.025
215.2406 	EXP 	tooSlowtext_2: height = 0.025
215.2406 	EXP 	tooSlowtext_2: text = 'Zu langsam. Sie müssen schneller antworten.'
215.2406 	EXP 	tooSlowtext_2: autoDraw = True
215.7269 	EXP 	New trial (rep=0, index=7): <Trial 7 (7 in rep 0) data={'learningSeq': 'A', 'block': 'block1', 'runIndexWithinSeq': 1, 'miniblockWithinRun': 1, 'coupleIndexWithinRoute': 7, 'img_first': 'stimuli/hammer/hammer_16.jpg', 'img_second': 'stimuli/chair/chair_11.jpg', 'img_third': None, 'distance_correct': 3, 'trial_type': 1, 'opt_left': 'no', 'opt_right': 'yes', 'correct_side': 'left', 'correct_key': 'left', 'is_yes': 0, 'image_dur_retr': 1.2, 'fix_dur_retr': 0.2, 'iti_dur_retr': 0.42, 'reflection_win_dur': 1.97, 'routeIndexWithinBlock': 1, 'seqOfRoute': 'A', 'retrIm1Trig': 7, 'retrIm2Trig': 4, 'thisN': 7, 'thisTrialN': 7, 'thisRepN': 0}>
215.7404 	EXP 	tooSlowtext_2: autoDraw = False
215.7404 	EXP 	tooSlowtext_2: autoDraw = False
215.7404 	EXP 	fix_cross_retrbegin_2: text = '+'
215.7404 	EXP 	fix_cross_retrbegin_2: autoDraw = True
216.1991 	EXP 	fix_cross_retrbegin_2: autoDraw = False
216.1991 	EXP 	fix_cross_retrbegin_2: autoDraw = False
216.1991 	EXP 	image_1: image = 'stimuli/hammer/hammer_16.jpg'
216.1991 	EXP 	image_1: autoDraw = True
217.2067 	EXP 	image_1: autoDraw = False
217.2067 	EXP 	image_1: autoDraw = False
217.2067 	EXP 	mask_img1_2: autoDraw = True
217.4789 	EXP 	mask_img1_2: autoDraw = False
217.4789 	EXP 	mask_img1_2: autoDraw = False
217.4789 	EXP 	image_2: image = 'stimuli/chair/chair_11.jpg'
217.4789 	EXP 	image_2: autoDraw = True
218.4899 	EXP 	image_2: autoDraw = False
218.4899 	EXP 	image_2: autoDraw = False
218.4899 	EXP 	mask_img2_2: autoDraw = True
218.7396 	EXP 	mask_img2_2: autoDraw = False
218.7396 	EXP 	mask_img2_2: autoDraw = False
218.7396 	EXP 	fix_cross_reflretr: autoDraw = True
220.7181 	INFO 	Keyboard events cleared
220.7385 	INFO 	Keyboard events cleared
220.7383 	EXP 	fix_cross_reflretr: autoDraw = False
220.7383 	EXP 	fix_cross_reflretr: autoDraw = False
220.7383 	EXP 	yes_txt: text = 'ja'
220.7383 	EXP 	no_txt: text = 'nein'
220.7383 	EXP 	chooseNowText_2: height = 0.025
220.7383 	EXP 	chooseNowText_2: height = 0.025
220.7383 	EXP 	chooseNowText_2: height = 0.025
220.7383 	EXP 	polygon_6: autoDraw = True
220.7383 	EXP 	yes_txt: autoDraw = True
220.7383 	EXP 	no_txt: autoDraw = True
220.7383 	EXP 	chooseNowText_2: autoDraw = True
222.7384 	EXP 	chooseNowText_2: height = 0.025
222.7384 	EXP 	chooseNowText_2: height = 0.025
222.7384 	EXP 	chooseNowText_2: height = 0.025
222.7551 	EXP 	chooseNowText_2: height = 0.025
222.7551 	EXP 	chooseNowText_2: height = 0.025
222.7551 	EXP 	chooseNowText_2: height = 0.025
222.7723 	EXP 	chooseNowText_2: height = 0.025
222.7723 	EXP 	chooseNowText_2: height = 0.025
222.7723 	EXP 	chooseNowText_2: height = 0.025
222.7884 	EXP 	chooseNowText_2: height = 0.025
222.7884 	EXP 	chooseNowText_2: height = 0.025
222.7884 	EXP 	chooseNowText_2: height = 0.025
222.8050 	EXP 	chooseNowText_2: height = 0.025
222.8050 	EXP 	chooseNowText_2: height = 0.025
222.8050 	EXP 	chooseNowText_2: height = 0.025
222.8217 	EXP 	chooseNowText_2: height = 0.025
222.8217 	EXP 	chooseNowText_2: height = 0.025
222.8217 	EXP 	chooseNowText_2: height = 0.025
222.8384 	EXP 	chooseNowText_2: height = 0.025
222.8384 	EXP 	chooseNowText_2: height = 0.025
222.8384 	EXP 	chooseNowText_2: height = 0.025
222.8550 	EXP 	chooseNowText_2: height = 0.025
222.8550 	EXP 	chooseNowText_2: height = 0.025
222.8550 	EXP 	chooseNowText_2: height = 0.025
222.8717 	EXP 	chooseNowText_2: height = 0.025
222.8717 	EXP 	chooseNowText_2: height = 0.025
222.8717 	EXP 	chooseNowText_2: height = 0.025
222.8883 	EXP 	chooseNowText_2: height = 0.025
222.8883 	EXP 	chooseNowText_2: height = 0.025
222.8883 	EXP 	chooseNowText_2: height = 0.025
222.9049 	EXP 	chooseNowText_2: height = 0.025
222.9049 	EXP 	chooseNowText_2: height = 0.025
222.9049 	EXP 	chooseNowText_2: height = 0.025
222.9219 	EXP 	chooseNowText_2: height = 0.025
222.9219 	EXP 	chooseNowText_2: height = 0.025
222.9219 	EXP 	chooseNowText_2: height = 0.025
222.9386 	EXP 	chooseNowText_2: height = 0.025
222.9386 	EXP 	chooseNowText_2: height = 0.025
222.9386 	EXP 	chooseNowText_2: height = 0.025
222.9550 	EXP 	chooseNowText_2: height = 0.025
222.9550 	EXP 	chooseNowText_2: height = 0.025
222.9550 	EXP 	chooseNowText_2: height = 0.025
222.9716 	EXP 	chooseNowText_2: height = 0.025
222.9716 	EXP 	chooseNowText_2: height = 0.025
222.9716 	EXP 	chooseNowText_2: height = 0.025
222.9882 	EXP 	chooseNowText_2: height = 0.025
222.9882 	EXP 	chooseNowText_2: height = 0.025
222.9882 	EXP 	chooseNowText_2: height = 0.025
223.0048 	EXP 	chooseNowText_2: height = 0.025
223.0048 	EXP 	chooseNowText_2: height = 0.025
223.0048 	EXP 	chooseNowText_2: height = 0.025
223.0213 	EXP 	chooseNowText_2: height = 0.025
223.0213 	EXP 	chooseNowText_2: height = 0.025
223.0213 	EXP 	chooseNowText_2: height = 0.025
223.0382 	EXP 	chooseNowText_2: height = 0.025
223.0382 	EXP 	chooseNowText_2: height = 0.025
223.0382 	EXP 	chooseNowText_2: height = 0.025
223.0546 	EXP 	chooseNowText_2: height = 0.025
223.0546 	EXP 	chooseNowText_2: height = 0.025
223.0546 	EXP 	chooseNowText_2: height = 0.025
223.0715 	EXP 	chooseNowText_2: height = 0.025
223.0715 	EXP 	chooseNowText_2: height = 0.025
223.0715 	EXP 	chooseNowText_2: height = 0.025
223.0881 	EXP 	chooseNowText_2: height = 0.025
223.0881 	EXP 	chooseNowText_2: height = 0.025
223.0881 	EXP 	chooseNowText_2: height = 0.025
223.1046 	EXP 	chooseNowText_2: height = 0.025
223.1046 	EXP 	chooseNowText_2: height = 0.025
223.1046 	EXP 	chooseNowText_2: height = 0.025
223.1216 	EXP 	chooseNowText_2: height = 0.025
223.1216 	EXP 	chooseNowText_2: height = 0.025
223.1216 	EXP 	chooseNowText_2: height = 0.025
223.1383 	EXP 	chooseNowText_2: height = 0.025
223.1383 	EXP 	chooseNowText_2: height = 0.025
223.1383 	EXP 	chooseNowText_2: height = 0.025
223.1551 	EXP 	chooseNowText_2: height = 0.025
223.1551 	EXP 	chooseNowText_2: height = 0.025
223.1551 	EXP 	chooseNowText_2: height = 0.025
223.1722 	EXP 	chooseNowText_2: height = 0.025
223.1722 	EXP 	chooseNowText_2: height = 0.025
223.1722 	EXP 	chooseNowText_2: height = 0.025
223.1884 	EXP 	chooseNowText_2: height = 0.025
223.1884 	EXP 	chooseNowText_2: height = 0.025
223.1884 	EXP 	chooseNowText_2: height = 0.025
223.2049 	EXP 	chooseNowText_2: height = 0.025
223.2049 	EXP 	chooseNowText_2: height = 0.025
223.2049 	EXP 	chooseNowText_2: height = 0.025
223.2216 	EXP 	chooseNowText_2: height = 0.025
223.2216 	EXP 	chooseNowText_2: height = 0.025
223.2216 	EXP 	chooseNowText_2: height = 0.025
223.2381 	EXP 	chooseNowText_2: height = 0.025
223.2381 	EXP 	chooseNowText_2: height = 0.025
223.2381 	EXP 	chooseNowText_2: height = 0.025
223.2548 	EXP 	chooseNowText_2: height = 0.025
223.2548 	EXP 	chooseNowText_2: height = 0.025
223.2548 	EXP 	chooseNowText_2: height = 0.025
223.2717 	EXP 	chooseNowText_2: height = 0.025
223.2717 	EXP 	chooseNowText_2: height = 0.025
223.2717 	EXP 	chooseNowText_2: height = 0.025
223.2881 	EXP 	chooseNowText_2: height = 0.025
223.2881 	EXP 	chooseNowText_2: height = 0.025
223.2881 	EXP 	chooseNowText_2: height = 0.025
223.3048 	EXP 	chooseNowText_2: height = 0.025
223.3048 	EXP 	chooseNowText_2: height = 0.025
223.3048 	EXP 	chooseNowText_2: height = 0.025
223.3215 	EXP 	chooseNowText_2: height = 0.025
223.3215 	EXP 	chooseNowText_2: height = 0.025
223.3215 	EXP 	chooseNowText_2: height = 0.025
223.3380 	EXP 	chooseNowText_2: height = 0.025
223.3380 	EXP 	chooseNowText_2: height = 0.025
223.3380 	EXP 	chooseNowText_2: height = 0.025
223.3547 	EXP 	chooseNowText_2: height = 0.025
223.3547 	EXP 	chooseNowText_2: height = 0.025
223.3547 	EXP 	chooseNowText_2: height = 0.025
223.3715 	EXP 	chooseNowText_2: height = 0.025
223.3715 	EXP 	chooseNowText_2: height = 0.025
223.3715 	EXP 	chooseNowText_2: height = 0.025
223.3883 	EXP 	chooseNowText_2: height = 0.025
223.3883 	EXP 	chooseNowText_2: height = 0.025
223.3883 	EXP 	chooseNowText_2: height = 0.025
223.4045 	EXP 	chooseNowText_2: height = 0.025
223.4045 	EXP 	chooseNowText_2: height = 0.025
223.4045 	EXP 	chooseNowText_2: height = 0.025
223.4215 	EXP 	chooseNowText_2: height = 0.025
223.4215 	EXP 	chooseNowText_2: height = 0.025
223.4215 	EXP 	chooseNowText_2: height = 0.025
223.4382 	EXP 	chooseNowText_2: height = 0.025
223.4382 	EXP 	chooseNowText_2: height = 0.025
223.4382 	EXP 	chooseNowText_2: height = 0.025
223.4546 	EXP 	chooseNowText_2: height = 0.025
223.4546 	EXP 	chooseNowText_2: height = 0.025
223.4546 	EXP 	chooseNowText_2: height = 0.025
223.4711 	EXP 	chooseNowText_2: height = 0.025
223.4711 	EXP 	chooseNowText_2: height = 0.025
223.4711 	EXP 	chooseNowText_2: height = 0.025
223.4879 	EXP 	chooseNowText_2: height = 0.025
223.4879 	EXP 	chooseNowText_2: height = 0.025
223.4879 	EXP 	chooseNowText_2: height = 0.025
223.5048 	EXP 	chooseNowText_2: height = 0.025
223.5048 	EXP 	chooseNowText_2: height = 0.025
223.5048 	EXP 	chooseNowText_2: height = 0.025
223.5216 	EXP 	chooseNowText_2: height = 0.025
223.5216 	EXP 	chooseNowText_2: height = 0.025
223.5216 	EXP 	chooseNowText_2: height = 0.025
223.5381 	EXP 	chooseNowText_2: height = 0.025
223.5381 	EXP 	chooseNowText_2: height = 0.025
223.5381 	EXP 	chooseNowText_2: height = 0.025
223.5550 	EXP 	chooseNowText_2: height = 0.025
223.5550 	EXP 	chooseNowText_2: height = 0.025
223.5550 	EXP 	chooseNowText_2: height = 0.025
223.5718 	EXP 	chooseNowText_2: height = 0.025
223.5718 	EXP 	chooseNowText_2: height = 0.025
223.5718 	EXP 	chooseNowText_2: height = 0.025
223.5880 	EXP 	chooseNowText_2: height = 0.025
223.5880 	EXP 	chooseNowText_2: height = 0.025
223.5880 	EXP 	chooseNowText_2: height = 0.025
223.6049 	EXP 	chooseNowText_2: height = 0.025
223.6049 	EXP 	chooseNowText_2: height = 0.025
223.6049 	EXP 	chooseNowText_2: height = 0.025
223.6214 	EXP 	chooseNowText_2: height = 0.025
223.6214 	EXP 	chooseNowText_2: height = 0.025
223.6214 	EXP 	chooseNowText_2: height = 0.025
223.6381 	EXP 	chooseNowText_2: height = 0.025
223.6381 	EXP 	chooseNowText_2: height = 0.025
223.6381 	EXP 	chooseNowText_2: height = 0.025
223.6549 	EXP 	chooseNowText_2: height = 0.025
223.6549 	EXP 	chooseNowText_2: height = 0.025
223.6549 	EXP 	chooseNowText_2: height = 0.025
223.6714 	EXP 	chooseNowText_2: height = 0.025
223.6714 	EXP 	chooseNowText_2: height = 0.025
223.6714 	EXP 	chooseNowText_2: height = 0.025
223.6882 	EXP 	chooseNowText_2: height = 0.025
223.6882 	EXP 	chooseNowText_2: height = 0.025
223.6882 	EXP 	chooseNowText_2: height = 0.025
223.7053 	EXP 	chooseNowText_2: height = 0.025
223.7053 	EXP 	chooseNowText_2: height = 0.025
223.7053 	EXP 	chooseNowText_2: height = 0.025
223.7216 	EXP 	chooseNowText_2: height = 0.025
223.7216 	EXP 	chooseNowText_2: height = 0.025
223.7216 	EXP 	chooseNowText_2: height = 0.025
223.7382 	EXP 	yes_txt: autoDraw = False
223.7382 	EXP 	no_txt: autoDraw = False
223.7382 	EXP 	chooseNowText_2: height = 0.025
223.7382 	EXP 	chooseNowText_2: height = 0.025
223.7382 	EXP 	chooseNowText_2: height = 0.025
223.7382 	EXP 	polygon_6: autoDraw = False
223.7382 	EXP 	yes_txt: autoDraw = False
223.7382 	EXP 	no_txt: autoDraw = False
223.7382 	EXP 	chooseNowText_2: autoDraw = False
223.7382 	EXP 	tooSlowtext_4: height = 0.025
223.7382 	EXP 	tooSlowtext_4: height = 0.025
223.7382 	EXP 	tooSlowtext_4: height = 0.025
223.7382 	EXP 	tooSlowtext_4: text = ''
223.7382 	EXP 	tooSlowtext_4: height = 0.025
223.7382 	EXP 	tooSlowtext_4: height = 0.025
223.7382 	EXP 	tooSlowtext_4: height = 0.025
223.7382 	EXP 	tooSlowtext_4: text = 'Zu langsam. Sie müssen schneller antworten.'
223.7382 	EXP 	tooSlowtext_4: autoDraw = True
224.2237 	INFO 	Keyboard events cleared
224.2542 	EXP 	tooSlowtext_4: autoDraw = False
224.2542 	EXP 	tooSlowtext_4: autoDraw = False
224.2542 	EXP 	chooseNowText_3: height = 0.025
224.2542 	EXP 	chooseNowText_3: height = 0.025
224.2542 	EXP 	chooseNowText_3: height = 0.025
224.2542 	EXP 	opt_2: foreColor = <psychopy.colors.Color: white, alpha=1.0>
224.2542 	EXP 	opt_3: foreColor = <psychopy.colors.Color: white, alpha=1.0>
224.2542 	EXP 	opt_4: foreColor = <psychopy.colors.Color: white, alpha=1.0>
224.2542 	EXP 	opt_5: foreColor = <psychopy.colors.Color: white, alpha=1.0>
224.2542 	EXP 	chooseNowText_3: autoDraw = True
224.2542 	EXP 	opt_2: autoDraw = True
224.2542 	EXP 	opt_3: autoDraw = True
224.2542 	EXP 	opt_4: autoDraw = True
224.2542 	EXP 	opt_5: autoDraw = True
224.7382 	INFO 	Keyboard events cleared
226.2538 	EXP 	chooseNowText_3: height = 0.025
226.2538 	EXP 	chooseNowText_3: height = 0.025
226.2538 	EXP 	chooseNowText_3: height = 0.025
226.2705 	EXP 	chooseNowText_3: height = 0.025
226.2705 	EXP 	chooseNowText_3: height = 0.025
226.2705 	EXP 	chooseNowText_3: height = 0.025
226.2872 	EXP 	chooseNowText_3: height = 0.025
226.2872 	EXP 	chooseNowText_3: height = 0.025
226.2872 	EXP 	chooseNowText_3: height = 0.025
226.3039 	EXP 	chooseNowText_3: height = 0.025
226.3039 	EXP 	chooseNowText_3: height = 0.025
226.3039 	EXP 	chooseNowText_3: height = 0.025
226.3203 	EXP 	chooseNowText_3: height = 0.025
226.3203 	EXP 	chooseNowText_3: height = 0.025
226.3203 	EXP 	chooseNowText_3: height = 0.025
226.3372 	EXP 	chooseNowText_3: height = 0.025
226.3372 	EXP 	chooseNowText_3: height = 0.025
226.3372 	EXP 	chooseNowText_3: height = 0.025
226.3545 	EXP 	chooseNowText_3: height = 0.025
226.3545 	EXP 	chooseNowText_3: height = 0.025
226.3545 	EXP 	chooseNowText_3: height = 0.025
226.3713 	EXP 	chooseNowText_3: height = 0.025
226.3713 	EXP 	chooseNowText_3: height = 0.025
226.3713 	EXP 	chooseNowText_3: height = 0.025
226.3871 	EXP 	chooseNowText_3: height = 0.025
226.3871 	EXP 	chooseNowText_3: height = 0.025
226.3871 	EXP 	chooseNowText_3: height = 0.025
226.4038 	EXP 	chooseNowText_3: height = 0.025
226.4038 	EXP 	chooseNowText_3: height = 0.025
226.4038 	EXP 	chooseNowText_3: height = 0.025
226.4206 	EXP 	chooseNowText_3: height = 0.025
226.4206 	EXP 	chooseNowText_3: height = 0.025
226.4206 	EXP 	chooseNowText_3: height = 0.025
226.4377 	EXP 	chooseNowText_3: height = 0.025
226.4377 	EXP 	chooseNowText_3: height = 0.025
226.4377 	EXP 	chooseNowText_3: height = 0.025
226.4539 	EXP 	chooseNowText_3: height = 0.025
226.4539 	EXP 	chooseNowText_3: height = 0.025
226.4539 	EXP 	chooseNowText_3: height = 0.025
226.4706 	EXP 	chooseNowText_3: height = 0.025
226.4706 	EXP 	chooseNowText_3: height = 0.025
226.4706 	EXP 	chooseNowText_3: height = 0.025
226.4872 	EXP 	chooseNowText_3: height = 0.025
226.4872 	EXP 	chooseNowText_3: height = 0.025
226.4872 	EXP 	chooseNowText_3: height = 0.025
226.5040 	EXP 	chooseNowText_3: height = 0.025
226.5040 	EXP 	chooseNowText_3: height = 0.025
226.5040 	EXP 	chooseNowText_3: height = 0.025
226.5207 	EXP 	chooseNowText_3: height = 0.025
226.5207 	EXP 	chooseNowText_3: height = 0.025
226.5207 	EXP 	chooseNowText_3: height = 0.025
226.5373 	EXP 	chooseNowText_3: height = 0.025
226.5373 	EXP 	chooseNowText_3: height = 0.025
226.5373 	EXP 	chooseNowText_3: height = 0.025
226.5540 	EXP 	chooseNowText_3: height = 0.025
226.5540 	EXP 	chooseNowText_3: height = 0.025
226.5540 	EXP 	chooseNowText_3: height = 0.025
226.5706 	EXP 	chooseNowText_3: height = 0.025
226.5706 	EXP 	chooseNowText_3: height = 0.025
226.5706 	EXP 	chooseNowText_3: height = 0.025
226.5873 	EXP 	chooseNowText_3: height = 0.025
226.5873 	EXP 	chooseNowText_3: height = 0.025
226.5873 	EXP 	chooseNowText_3: height = 0.025
226.6039 	EXP 	chooseNowText_3: height = 0.025
226.6039 	EXP 	chooseNowText_3: height = 0.025
226.6039 	EXP 	chooseNowText_3: height = 0.025
226.6206 	EXP 	chooseNowText_3: height = 0.025
226.6206 	EXP 	chooseNowText_3: height = 0.025
226.6206 	EXP 	chooseNowText_3: height = 0.025
226.6371 	EXP 	chooseNowText_3: height = 0.025
226.6371 	EXP 	chooseNowText_3: height = 0.025
226.6371 	EXP 	chooseNowText_3: height = 0.025
226.6537 	EXP 	chooseNowText_3: height = 0.025
226.6537 	EXP 	chooseNowText_3: height = 0.025
226.6537 	EXP 	chooseNowText_3: height = 0.025
226.6708 	EXP 	chooseNowText_3: height = 0.025
226.6708 	EXP 	chooseNowText_3: height = 0.025
226.6708 	EXP 	chooseNowText_3: height = 0.025
226.6871 	EXP 	chooseNowText_3: height = 0.025
226.6871 	EXP 	chooseNowText_3: height = 0.025
226.6871 	EXP 	chooseNowText_3: height = 0.025
226.7040 	EXP 	chooseNowText_3: height = 0.025
226.7040 	EXP 	chooseNowText_3: height = 0.025
226.7040 	EXP 	chooseNowText_3: height = 0.025
226.7204 	EXP 	chooseNowText_3: height = 0.025
226.7204 	EXP 	chooseNowText_3: height = 0.025
226.7204 	EXP 	chooseNowText_3: height = 0.025
226.7371 	EXP 	chooseNowText_3: height = 0.025
226.7371 	EXP 	chooseNowText_3: height = 0.025
226.7371 	EXP 	chooseNowText_3: height = 0.025
226.7539 	EXP 	chooseNowText_3: height = 0.025
226.7539 	EXP 	chooseNowText_3: height = 0.025
226.7539 	EXP 	chooseNowText_3: height = 0.025
226.7705 	EXP 	chooseNowText_3: height = 0.025
226.7705 	EXP 	chooseNowText_3: height = 0.025
226.7705 	EXP 	chooseNowText_3: height = 0.025
226.7872 	EXP 	chooseNowText_3: height = 0.025
226.7872 	EXP 	chooseNowText_3: height = 0.025
226.7872 	EXP 	chooseNowText_3: height = 0.025
226.8038 	EXP 	chooseNowText_3: height = 0.025
226.8038 	EXP 	chooseNowText_3: height = 0.025
226.8038 	EXP 	chooseNowText_3: height = 0.025
226.8204 	EXP 	chooseNowText_3: height = 0.025
226.8204 	EXP 	chooseNowText_3: height = 0.025
226.8204 	EXP 	chooseNowText_3: height = 0.025
226.8371 	EXP 	chooseNowText_3: height = 0.025
226.8371 	EXP 	chooseNowText_3: height = 0.025
226.8371 	EXP 	chooseNowText_3: height = 0.025
226.8537 	EXP 	chooseNowText_3: height = 0.025
226.8537 	EXP 	chooseNowText_3: height = 0.025
226.8537 	EXP 	chooseNowText_3: height = 0.025
226.8704 	EXP 	chooseNowText_3: height = 0.025
226.8704 	EXP 	chooseNowText_3: height = 0.025
226.8704 	EXP 	chooseNowText_3: height = 0.025
226.8871 	EXP 	chooseNowText_3: height = 0.025
226.8871 	EXP 	chooseNowText_3: height = 0.025
226.8871 	EXP 	chooseNowText_3: height = 0.025
226.9036 	EXP 	chooseNowText_3: height = 0.025
226.9036 	EXP 	chooseNowText_3: height = 0.025
226.9036 	EXP 	chooseNowText_3: height = 0.025
226.9214 	EXP 	chooseNowText_3: height = 0.025
226.9214 	EXP 	chooseNowText_3: height = 0.025
226.9214 	EXP 	chooseNowText_3: height = 0.025
226.9369 	EXP 	chooseNowText_3: height = 0.025
226.9369 	EXP 	chooseNowText_3: height = 0.025
226.9369 	EXP 	chooseNowText_3: height = 0.025
226.9542 	EXP 	chooseNowText_3: height = 0.025
226.9542 	EXP 	chooseNowText_3: height = 0.025
226.9542 	EXP 	chooseNowText_3: height = 0.025
226.9700 	EXP 	chooseNowText_3: height = 0.025
226.9700 	EXP 	chooseNowText_3: height = 0.025
226.9700 	EXP 	chooseNowText_3: height = 0.025
226.9868 	EXP 	chooseNowText_3: height = 0.025
226.9868 	EXP 	chooseNowText_3: height = 0.025
226.9868 	EXP 	chooseNowText_3: height = 0.025
227.0037 	EXP 	chooseNowText_3: height = 0.025
227.0037 	EXP 	chooseNowText_3: height = 0.025
227.0037 	EXP 	chooseNowText_3: height = 0.025
227.0204 	EXP 	chooseNowText_3: height = 0.025
227.0204 	EXP 	chooseNowText_3: height = 0.025
227.0204 	EXP 	chooseNowText_3: height = 0.025
227.0369 	EXP 	chooseNowText_3: height = 0.025
227.0369 	EXP 	chooseNowText_3: height = 0.025
227.0369 	EXP 	chooseNowText_3: height = 0.025
227.0536 	EXP 	chooseNowText_3: height = 0.025
227.0536 	EXP 	chooseNowText_3: height = 0.025
227.0536 	EXP 	chooseNowText_3: height = 0.025
227.0703 	EXP 	chooseNowText_3: height = 0.025
227.0703 	EXP 	chooseNowText_3: height = 0.025
227.0703 	EXP 	chooseNowText_3: height = 0.025
227.0870 	EXP 	chooseNowText_3: height = 0.025
227.0870 	EXP 	chooseNowText_3: height = 0.025
227.0870 	EXP 	chooseNowText_3: height = 0.025
227.1035 	EXP 	chooseNowText_3: height = 0.025
227.1035 	EXP 	chooseNowText_3: height = 0.025
227.1035 	EXP 	chooseNowText_3: height = 0.025
227.1202 	EXP 	chooseNowText_3: height = 0.025
227.1202 	EXP 	chooseNowText_3: height = 0.025
227.1202 	EXP 	chooseNowText_3: height = 0.025
227.1370 	EXP 	chooseNowText_3: height = 0.025
227.1370 	EXP 	chooseNowText_3: height = 0.025
227.1370 	EXP 	chooseNowText_3: height = 0.025
227.1537 	EXP 	chooseNowText_3: height = 0.025
227.1537 	EXP 	chooseNowText_3: height = 0.025
227.1537 	EXP 	chooseNowText_3: height = 0.025
227.1703 	EXP 	chooseNowText_3: height = 0.025
227.1703 	EXP 	chooseNowText_3: height = 0.025
227.1703 	EXP 	chooseNowText_3: height = 0.025
227.1870 	EXP 	chooseNowText_3: height = 0.025
227.1870 	EXP 	chooseNowText_3: height = 0.025
227.1870 	EXP 	chooseNowText_3: height = 0.025
227.2037 	EXP 	chooseNowText_3: height = 0.025
227.2037 	EXP 	chooseNowText_3: height = 0.025
227.2037 	EXP 	chooseNowText_3: height = 0.025
227.2202 	EXP 	chooseNowText_3: height = 0.025
227.2202 	EXP 	chooseNowText_3: height = 0.025
227.2202 	EXP 	chooseNowText_3: height = 0.025
227.2373 	EXP 	chooseNowText_3: height = 0.025
227.2373 	EXP 	chooseNowText_3: height = 0.025
227.2373 	EXP 	chooseNowText_3: height = 0.025
227.2536 	EXP 	chooseNowText_3: height = 0.025
227.2536 	EXP 	chooseNowText_3: height = 0.025
227.2536 	EXP 	chooseNowText_3: height = 0.025
227.2536 	EXP 	chooseNowText_3: autoDraw = False
227.2536 	EXP 	opt_2: autoDraw = False
227.2536 	EXP 	opt_3: autoDraw = False
227.2536 	EXP 	opt_4: autoDraw = False
227.2536 	EXP 	opt_5: autoDraw = False
227.2702 	EXP 	chooseNowText_3: height = 0.025
227.2702 	EXP 	chooseNowText_3: height = 0.025
227.2702 	EXP 	chooseNowText_3: height = 0.025
227.2868 	EXP 	chooseNowText_3: height = 0.025
227.2868 	EXP 	chooseNowText_3: height = 0.025
227.2868 	EXP 	chooseNowText_3: height = 0.025
227.3034 	EXP 	chooseNowText_3: height = 0.025
227.3034 	EXP 	chooseNowText_3: height = 0.025
227.3034 	EXP 	chooseNowText_3: height = 0.025
227.3202 	EXP 	chooseNowText_3: height = 0.025
227.3202 	EXP 	chooseNowText_3: height = 0.025
227.3202 	EXP 	chooseNowText_3: height = 0.025
227.3366 	EXP 	chooseNowText_3: height = 0.025
227.3366 	EXP 	chooseNowText_3: height = 0.025
227.3366 	EXP 	chooseNowText_3: height = 0.025
227.3537 	EXP 	chooseNowText_3: height = 0.025
227.3537 	EXP 	chooseNowText_3: height = 0.025
227.3537 	EXP 	chooseNowText_3: height = 0.025
227.3702 	EXP 	chooseNowText_3: height = 0.025
227.3702 	EXP 	chooseNowText_3: height = 0.025
227.3702 	EXP 	chooseNowText_3: height = 0.025
227.3869 	EXP 	chooseNowText_3: height = 0.025
227.3869 	EXP 	chooseNowText_3: height = 0.025
227.3869 	EXP 	chooseNowText_3: height = 0.025
227.4034 	EXP 	chooseNowText_3: height = 0.025
227.4034 	EXP 	chooseNowText_3: height = 0.025
227.4034 	EXP 	chooseNowText_3: height = 0.025
227.4200 	EXP 	chooseNowText_3: height = 0.025
227.4200 	EXP 	chooseNowText_3: height = 0.025
227.4200 	EXP 	chooseNowText_3: height = 0.025
227.4367 	EXP 	chooseNowText_3: height = 0.025
227.4367 	EXP 	chooseNowText_3: height = 0.025
227.4367 	EXP 	chooseNowText_3: height = 0.025
227.4533 	EXP 	chooseNowText_3: height = 0.025
227.4533 	EXP 	chooseNowText_3: height = 0.025
227.4533 	EXP 	chooseNowText_3: height = 0.025
227.4699 	EXP 	chooseNowText_3: height = 0.025
227.4699 	EXP 	chooseNowText_3: height = 0.025
227.4699 	EXP 	chooseNowText_3: height = 0.025
227.4866 	EXP 	chooseNowText_3: height = 0.025
227.4866 	EXP 	chooseNowText_3: height = 0.025
227.4866 	EXP 	chooseNowText_3: height = 0.025
227.5032 	EXP 	chooseNowText_3: height = 0.025
227.5032 	EXP 	chooseNowText_3: height = 0.025
227.5032 	EXP 	chooseNowText_3: height = 0.025
227.5200 	EXP 	chooseNowText_3: height = 0.025
227.5200 	EXP 	chooseNowText_3: height = 0.025
227.5200 	EXP 	chooseNowText_3: height = 0.025
227.5365 	EXP 	chooseNowText_3: height = 0.025
227.5365 	EXP 	chooseNowText_3: height = 0.025
227.5365 	EXP 	chooseNowText_3: height = 0.025
227.5531 	EXP 	chooseNowText_3: height = 0.025
227.5531 	EXP 	chooseNowText_3: height = 0.025
227.5531 	EXP 	chooseNowText_3: height = 0.025
227.5700 	EXP 	chooseNowText_3: height = 0.025
227.5700 	EXP 	chooseNowText_3: height = 0.025
227.5700 	EXP 	chooseNowText_3: height = 0.025
227.5864 	EXP 	chooseNowText_3: height = 0.025
227.5864 	EXP 	chooseNowText_3: height = 0.025
227.5864 	EXP 	chooseNowText_3: height = 0.025
227.6031 	EXP 	chooseNowText_3: height = 0.025
227.6031 	EXP 	chooseNowText_3: height = 0.025
227.6031 	EXP 	chooseNowText_3: height = 0.025
227.6199 	EXP 	chooseNowText_3: height = 0.025
227.6199 	EXP 	chooseNowText_3: height = 0.025
227.6199 	EXP 	chooseNowText_3: height = 0.025
227.6368 	EXP 	chooseNowText_3: height = 0.025
227.6368 	EXP 	chooseNowText_3: height = 0.025
227.6368 	EXP 	chooseNowText_3: height = 0.025
227.6535 	EXP 	chooseNowText_3: height = 0.025
227.6535 	EXP 	chooseNowText_3: height = 0.025
227.6535 	EXP 	chooseNowText_3: height = 0.025
227.6701 	EXP 	chooseNowText_3: height = 0.025
227.6701 	EXP 	chooseNowText_3: height = 0.025
227.6701 	EXP 	chooseNowText_3: height = 0.025
227.6868 	EXP 	chooseNowText_3: height = 0.025
227.6868 	EXP 	chooseNowText_3: height = 0.025
227.6868 	EXP 	chooseNowText_3: height = 0.025
227.7035 	EXP 	chooseNowText_3: height = 0.025
227.7035 	EXP 	chooseNowText_3: height = 0.025
227.7035 	EXP 	chooseNowText_3: height = 0.025
227.7200 	EXP 	chooseNowText_3: height = 0.025
227.7200 	EXP 	chooseNowText_3: height = 0.025
227.7200 	EXP 	chooseNowText_3: height = 0.025
227.7366 	EXP 	chooseNowText_3: height = 0.025
227.7366 	EXP 	chooseNowText_3: height = 0.025
227.7366 	EXP 	chooseNowText_3: height = 0.025
227.7533 	EXP 	chooseNowText_3: height = 0.025
227.7533 	EXP 	chooseNowText_3: height = 0.025
227.7533 	EXP 	chooseNowText_3: height = 0.025
227.7533 	EXP 	chooseNowText_3: autoDraw = False
227.7533 	EXP 	opt_2: autoDraw = False
227.7533 	EXP 	opt_3: autoDraw = False
227.7533 	EXP 	opt_4: autoDraw = False
227.7533 	EXP 	opt_5: autoDraw = False
227.7533 	EXP 	tooSlowtext_2: height = 0.025
227.7533 	EXP 	tooSlowtext_2: height = 0.025
227.7533 	EXP 	tooSlowtext_2: height = 0.025
227.7533 	EXP 	tooSlowtext_2: text = ''
227.7533 	EXP 	tooSlowtext_2: height = 0.025
227.7533 	EXP 	tooSlowtext_2: height = 0.025
227.7533 	EXP 	tooSlowtext_2: height = 0.025
227.7533 	EXP 	tooSlowtext_2: text = 'Zu langsam. Sie müssen schneller antworten.'
227.7533 	EXP 	tooSlowtext_2: autoDraw = True
228.2393 	EXP 	New trial (rep=0, index=8): <Trial 8 (8 in rep 0) data={'learningSeq': 'A', 'block': 'block1', 'runIndexWithinSeq': 1, 'miniblockWithinRun': 2, 'coupleIndexWithinRoute': 8, 'img_first': 'stimuli/dog/dog_49.jpg', 'img_second': 'stimuli/hand/hand_16.jpg', 'img_third': None, 'distance_correct': 2, 'trial_type': 1, 'opt_left': 'yes', 'opt_right': 'no', 'correct_side': 'right', 'correct_key': 'right', 'is_yes': 0, 'image_dur_retr': 1.2, 'fix_dur_retr': 0.2, 'iti_dur_retr': 0.4, 'reflection_win_dur': 1.89, 'routeIndexWithinBlock': 1, 'seqOfRoute': 'A', 'retrIm1Trig': 5, 'retrIm2Trig': 8, 'thisN': 8, 'thisTrialN': 8, 'thisRepN': 0}>
228.2532 	EXP 	tooSlowtext_2: autoDraw = False
228.2532 	EXP 	tooSlowtext_2: autoDraw = False
228.2532 	EXP 	fix_cross_retrbegin_2: text = '+'
228.2532 	EXP 	fix_cross_retrbegin_2: autoDraw = True
228.7115 	EXP 	fix_cross_retrbegin_2: autoDraw = False
228.7115 	EXP 	fix_cross_retrbegin_2: autoDraw = False
228.7115 	EXP 	image_1: image = 'stimuli/dog/dog_49.jpg'
228.7115 	EXP 	image_1: autoDraw = True
229.7196 	EXP 	image_1: autoDraw = False
229.7196 	EXP 	image_1: autoDraw = False
229.7196 	EXP 	mask_img1_2: autoDraw = True
229.9900 	EXP 	mask_img1_2: autoDraw = False
229.9900 	EXP 	mask_img1_2: autoDraw = False
229.9900 	EXP 	image_2: image = 'stimuli/hand/hand_16.jpg'
229.9900 	EXP 	image_2: autoDraw = True
231.0024 	EXP 	image_2: autoDraw = False
231.0024 	EXP 	image_2: autoDraw = False
231.0024 	EXP 	mask_img2_2: autoDraw = True
231.2523 	EXP 	mask_img2_2: autoDraw = False
231.2523 	EXP 	fix_cross_reflretr: autoDraw = True
233.1484 	INFO 	Keyboard events cleared
233.1677 	INFO 	Keyboard events cleared
233.1676 	EXP 	fix_cross_reflretr: autoDraw = False
233.1676 	EXP 	fix_cross_reflretr: autoDraw = False
233.1676 	EXP 	yes_txt: text = 'ja'
233.1676 	EXP 	no_txt: text = 'nein'
233.1676 	EXP 	chooseNowText_2: height = 0.025
233.1676 	EXP 	chooseNowText_2: height = 0.025
233.1676 	EXP 	chooseNowText_2: height = 0.025
233.1676 	EXP 	polygon_6: autoDraw = True
233.1676 	EXP 	yes_txt: autoDraw = True
233.1676 	EXP 	no_txt: autoDraw = True
233.1676 	EXP 	chooseNowText_2: autoDraw = True
235.1678 	EXP 	chooseNowText_2: height = 0.025
235.1678 	EXP 	chooseNowText_2: height = 0.025
235.1678 	EXP 	chooseNowText_2: height = 0.025
235.1844 	EXP 	chooseNowText_2: height = 0.025
235.1844 	EXP 	chooseNowText_2: height = 0.025
235.1844 	EXP 	chooseNowText_2: height = 0.025
235.2014 	EXP 	chooseNowText_2: height = 0.025
235.2014 	EXP 	chooseNowText_2: height = 0.025
235.2014 	EXP 	chooseNowText_2: height = 0.025
235.2177 	EXP 	chooseNowText_2: height = 0.025
235.2177 	EXP 	chooseNowText_2: height = 0.025
235.2177 	EXP 	chooseNowText_2: height = 0.025
235.2343 	EXP 	chooseNowText_2: height = 0.025
235.2343 	EXP 	chooseNowText_2: height = 0.025
235.2343 	EXP 	chooseNowText_2: height = 0.025
235.2511 	EXP 	chooseNowText_2: height = 0.025
235.2511 	EXP 	chooseNowText_2: height = 0.025
235.2511 	EXP 	chooseNowText_2: height = 0.025
235.2677 	EXP 	chooseNowText_2: height = 0.025
235.2677 	EXP 	chooseNowText_2: height = 0.025
235.2677 	EXP 	chooseNowText_2: height = 0.025
235.2848 	EXP 	chooseNowText_2: height = 0.025
235.2848 	EXP 	chooseNowText_2: height = 0.025
235.2848 	EXP 	chooseNowText_2: height = 0.025
235.3008 	EXP 	chooseNowText_2: height = 0.025
235.3008 	EXP 	chooseNowText_2: height = 0.025
235.3008 	EXP 	chooseNowText_2: height = 0.025
235.3176 	EXP 	chooseNowText_2: height = 0.025
235.3176 	EXP 	chooseNowText_2: height = 0.025
235.3176 	EXP 	chooseNowText_2: height = 0.025
235.3341 	EXP 	chooseNowText_2: height = 0.025
235.3341 	EXP 	chooseNowText_2: height = 0.025
235.3341 	EXP 	chooseNowText_2: height = 0.025
235.3507 	EXP 	chooseNowText_2: height = 0.025
235.3507 	EXP 	chooseNowText_2: height = 0.025
235.3507 	EXP 	chooseNowText_2: height = 0.025
235.3672 	EXP 	chooseNowText_2: height = 0.025
235.3672 	EXP 	chooseNowText_2: height = 0.025
235.3672 	EXP 	chooseNowText_2: height = 0.025
235.3848 	EXP 	chooseNowText_2: height = 0.025
235.3848 	EXP 	chooseNowText_2: height = 0.025
235.3848 	EXP 	chooseNowText_2: height = 0.025
235.4010 	EXP 	chooseNowText_2: height = 0.025
235.4010 	EXP 	chooseNowText_2: height = 0.025
235.4010 	EXP 	chooseNowText_2: height = 0.025
235.4174 	EXP 	chooseNowText_2: height = 0.025
235.4174 	EXP 	chooseNowText_2: height = 0.025
235.4174 	EXP 	chooseNowText_2: height = 0.025
235.4344 	EXP 	chooseNowText_2: height = 0.025
235.4344 	EXP 	chooseNowText_2: height = 0.025
235.4344 	EXP 	chooseNowText_2: height = 0.025
235.4510 	EXP 	chooseNowText_2: height = 0.025
235.4510 	EXP 	chooseNowText_2: height = 0.025
235.4510 	EXP 	chooseNowText_2: height = 0.025
235.4673 	EXP 	chooseNowText_2: height = 0.025
235.4673 	EXP 	chooseNowText_2: height = 0.025
235.4673 	EXP 	chooseNowText_2: height = 0.025
235.4843 	EXP 	chooseNowText_2: height = 0.025
235.4843 	EXP 	chooseNowText_2: height = 0.025
235.4843 	EXP 	chooseNowText_2: height = 0.025
235.5008 	EXP 	chooseNowText_2: height = 0.025
235.5008 	EXP 	chooseNowText_2: height = 0.025
235.5008 	EXP 	chooseNowText_2: height = 0.025
235.5179 	EXP 	chooseNowText_2: height = 0.025
235.5179 	EXP 	chooseNowText_2: height = 0.025
235.5179 	EXP 	chooseNowText_2: height = 0.025
235.5343 	EXP 	chooseNowText_2: height = 0.025
235.5343 	EXP 	chooseNowText_2: height = 0.025
235.5343 	EXP 	chooseNowText_2: height = 0.025
235.5511 	EXP 	chooseNowText_2: height = 0.025
235.5511 	EXP 	chooseNowText_2: height = 0.025
235.5511 	EXP 	chooseNowText_2: height = 0.025
235.5673 	EXP 	chooseNowText_2: height = 0.025
235.5673 	EXP 	chooseNowText_2: height = 0.025
235.5673 	EXP 	chooseNowText_2: height = 0.025
235.5839 	EXP 	chooseNowText_2: height = 0.025
235.5839 	EXP 	chooseNowText_2: height = 0.025
235.5839 	EXP 	chooseNowText_2: height = 0.025
235.6005 	EXP 	chooseNowText_2: height = 0.025
235.6005 	EXP 	chooseNowText_2: height = 0.025
235.6005 	EXP 	chooseNowText_2: height = 0.025
235.6183 	EXP 	chooseNowText_2: height = 0.025
235.6183 	EXP 	chooseNowText_2: height = 0.025
235.6183 	EXP 	chooseNowText_2: height = 0.025
235.6344 	EXP 	chooseNowText_2: height = 0.025
235.6344 	EXP 	chooseNowText_2: height = 0.025
235.6344 	EXP 	chooseNowText_2: height = 0.025
235.6510 	EXP 	chooseNowText_2: height = 0.025
235.6510 	EXP 	chooseNowText_2: height = 0.025
235.6510 	EXP 	chooseNowText_2: height = 0.025
235.6678 	EXP 	chooseNowText_2: height = 0.025
235.6678 	EXP 	chooseNowText_2: height = 0.025
235.6678 	EXP 	chooseNowText_2: height = 0.025
235.6844 	EXP 	chooseNowText_2: height = 0.025
235.6844 	EXP 	chooseNowText_2: height = 0.025
235.6844 	EXP 	chooseNowText_2: height = 0.025
235.7005 	EXP 	chooseNowText_2: height = 0.025
235.7005 	EXP 	chooseNowText_2: height = 0.025
235.7005 	EXP 	chooseNowText_2: height = 0.025
235.7171 	EXP 	chooseNowText_2: height = 0.025
235.7171 	EXP 	chooseNowText_2: height = 0.025
235.7171 	EXP 	chooseNowText_2: height = 0.025
235.7343 	EXP 	chooseNowText_2: height = 0.025
235.7343 	EXP 	chooseNowText_2: height = 0.025
235.7343 	EXP 	chooseNowText_2: height = 0.025
235.7510 	EXP 	chooseNowText_2: height = 0.025
235.7510 	EXP 	chooseNowText_2: height = 0.025
235.7510 	EXP 	chooseNowText_2: height = 0.025
235.7672 	EXP 	chooseNowText_2: height = 0.025
235.7672 	EXP 	chooseNowText_2: height = 0.025
235.7672 	EXP 	chooseNowText_2: height = 0.025
235.7847 	EXP 	chooseNowText_2: height = 0.025
235.7847 	EXP 	chooseNowText_2: height = 0.025
235.7847 	EXP 	chooseNowText_2: height = 0.025
235.8012 	EXP 	chooseNowText_2: height = 0.025
235.8012 	EXP 	chooseNowText_2: height = 0.025
235.8012 	EXP 	chooseNowText_2: height = 0.025
235.8176 	EXP 	chooseNowText_2: height = 0.025
235.8176 	EXP 	chooseNowText_2: height = 0.025
235.8176 	EXP 	chooseNowText_2: height = 0.025
235.8347 	EXP 	chooseNowText_2: height = 0.025
235.8347 	EXP 	chooseNowText_2: height = 0.025
235.8347 	EXP 	chooseNowText_2: height = 0.025
235.8507 	EXP 	chooseNowText_2: height = 0.025
235.8507 	EXP 	chooseNowText_2: height = 0.025
235.8507 	EXP 	chooseNowText_2: height = 0.025
235.8674 	EXP 	chooseNowText_2: height = 0.025
235.8674 	EXP 	chooseNowText_2: height = 0.025
235.8674 	EXP 	chooseNowText_2: height = 0.025
235.8845 	EXP 	chooseNowText_2: height = 0.025
235.8845 	EXP 	chooseNowText_2: height = 0.025
235.8845 	EXP 	chooseNowText_2: height = 0.025
235.9009 	EXP 	chooseNowText_2: height = 0.025
235.9009 	EXP 	chooseNowText_2: height = 0.025
235.9009 	EXP 	chooseNowText_2: height = 0.025
235.9171 	EXP 	chooseNowText_2: height = 0.025
235.9171 	EXP 	chooseNowText_2: height = 0.025
235.9171 	EXP 	chooseNowText_2: height = 0.025
235.9338 	EXP 	chooseNowText_2: height = 0.025
235.9338 	EXP 	chooseNowText_2: height = 0.025
235.9338 	EXP 	chooseNowText_2: height = 0.025
235.9514 	EXP 	chooseNowText_2: height = 0.025
235.9514 	EXP 	chooseNowText_2: height = 0.025
235.9514 	EXP 	chooseNowText_2: height = 0.025
235.9676 	EXP 	chooseNowText_2: height = 0.025
235.9676 	EXP 	chooseNowText_2: height = 0.025
235.9676 	EXP 	chooseNowText_2: height = 0.025
235.9842 	EXP 	chooseNowText_2: height = 0.025
235.9842 	EXP 	chooseNowText_2: height = 0.025
235.9842 	EXP 	chooseNowText_2: height = 0.025
236.0008 	EXP 	chooseNowText_2: height = 0.025
236.0008 	EXP 	chooseNowText_2: height = 0.025
236.0008 	EXP 	chooseNowText_2: height = 0.025
236.0174 	EXP 	chooseNowText_2: height = 0.025
236.0174 	EXP 	chooseNowText_2: height = 0.025
236.0174 	EXP 	chooseNowText_2: height = 0.025
236.0344 	EXP 	chooseNowText_2: height = 0.025
236.0344 	EXP 	chooseNowText_2: height = 0.025
236.0344 	EXP 	chooseNowText_2: height = 0.025
236.0510 	EXP 	chooseNowText_2: height = 0.025
236.0510 	EXP 	chooseNowText_2: height = 0.025
236.0510 	EXP 	chooseNowText_2: height = 0.025
236.0675 	EXP 	chooseNowText_2: height = 0.025
236.0675 	EXP 	chooseNowText_2: height = 0.025
236.0675 	EXP 	chooseNowText_2: height = 0.025
236.0841 	EXP 	chooseNowText_2: height = 0.025
236.0841 	EXP 	chooseNowText_2: height = 0.025
236.0841 	EXP 	chooseNowText_2: height = 0.025
236.1009 	EXP 	chooseNowText_2: height = 0.025
236.1009 	EXP 	chooseNowText_2: height = 0.025
236.1009 	EXP 	chooseNowText_2: height = 0.025
236.1180 	EXP 	chooseNowText_2: height = 0.025
236.1180 	EXP 	chooseNowText_2: height = 0.025
236.1180 	EXP 	chooseNowText_2: height = 0.025
236.1344 	EXP 	chooseNowText_2: height = 0.025
236.1344 	EXP 	chooseNowText_2: height = 0.025
236.1344 	EXP 	chooseNowText_2: height = 0.025
236.1509 	EXP 	chooseNowText_2: height = 0.025
236.1509 	EXP 	chooseNowText_2: height = 0.025
236.1509 	EXP 	chooseNowText_2: height = 0.025
236.1680 	EXP 	yes_txt: autoDraw = False
236.1680 	EXP 	no_txt: autoDraw = False
236.1680 	EXP 	chooseNowText_2: height = 0.025
236.1680 	EXP 	chooseNowText_2: height = 0.025
236.1680 	EXP 	chooseNowText_2: height = 0.025
236.1680 	EXP 	polygon_6: autoDraw = False
236.1680 	EXP 	yes_txt: autoDraw = False
236.1680 	EXP 	no_txt: autoDraw = False
236.1680 	EXP 	chooseNowText_2: autoDraw = False
236.1680 	EXP 	tooSlowtext_4: height = 0.025
236.1680 	EXP 	tooSlowtext_4: height = 0.025
236.1680 	EXP 	tooSlowtext_4: height = 0.025
236.1680 	EXP 	tooSlowtext_4: text = ''
236.1680 	EXP 	tooSlowtext_4: height = 0.025
236.1680 	EXP 	tooSlowtext_4: height = 0.025
236.1680 	EXP 	tooSlowtext_4: height = 0.025
236.1680 	EXP 	tooSlowtext_4: text = 'Zu langsam. Sie müssen schneller antworten.'
236.1680 	EXP 	tooSlowtext_4: autoDraw = True
236.6690 	INFO 	Keyboard events cleared
236.6997 	EXP 	tooSlowtext_4: autoDraw = False
236.6997 	EXP 	tooSlowtext_4: autoDraw = False
236.6997 	EXP 	chooseNowText_3: height = 0.025
236.6997 	EXP 	chooseNowText_3: height = 0.025
236.6997 	EXP 	chooseNowText_3: height = 0.025
236.6997 	EXP 	opt_2: foreColor = <psychopy.colors.Color: white, alpha=1.0>
236.6997 	EXP 	opt_3: foreColor = <psychopy.colors.Color: white, alpha=1.0>
236.6997 	EXP 	opt_4: foreColor = <psychopy.colors.Color: white, alpha=1.0>
236.6997 	EXP 	opt_5: foreColor = <psychopy.colors.Color: white, alpha=1.0>
236.6997 	EXP 	chooseNowText_3: autoDraw = True
236.6997 	EXP 	opt_2: autoDraw = True
236.6997 	EXP 	opt_3: autoDraw = True
236.6997 	EXP 	opt_4: autoDraw = True
236.6997 	EXP 	opt_5: autoDraw = True
237.1839 	INFO 	Keyboard events cleared
238.7000 	EXP 	chooseNowText_3: height = 0.025
238.7000 	EXP 	chooseNowText_3: height = 0.025
238.7000 	EXP 	chooseNowText_3: height = 0.025
238.7166 	EXP 	chooseNowText_3: height = 0.025
238.7166 	EXP 	chooseNowText_3: height = 0.025
238.7166 	EXP 	chooseNowText_3: height = 0.025
238.7334 	EXP 	chooseNowText_3: height = 0.025
238.7334 	EXP 	chooseNowText_3: height = 0.025
238.7334 	EXP 	chooseNowText_3: height = 0.025
238.7498 	EXP 	chooseNowText_3: height = 0.025
238.7498 	EXP 	chooseNowText_3: height = 0.025
238.7498 	EXP 	chooseNowText_3: height = 0.025
238.7670 	EXP 	chooseNowText_3: height = 0.025
238.7670 	EXP 	chooseNowText_3: height = 0.025
238.7670 	EXP 	chooseNowText_3: height = 0.025
238.7835 	EXP 	chooseNowText_3: height = 0.025
238.7835 	EXP 	chooseNowText_3: height = 0.025
238.7835 	EXP 	chooseNowText_3: height = 0.025
238.7998 	EXP 	chooseNowText_3: height = 0.025
238.7998 	EXP 	chooseNowText_3: height = 0.025
238.7998 	EXP 	chooseNowText_3: height = 0.025
238.8165 	EXP 	chooseNowText_3: height = 0.025
238.8165 	EXP 	chooseNowText_3: height = 0.025
238.8165 	EXP 	chooseNowText_3: height = 0.025
238.8329 	EXP 	chooseNowText_3: height = 0.025
238.8329 	EXP 	chooseNowText_3: height = 0.025
238.8329 	EXP 	chooseNowText_3: height = 0.025
238.8498 	EXP 	chooseNowText_3: height = 0.025
238.8498 	EXP 	chooseNowText_3: height = 0.025
238.8498 	EXP 	chooseNowText_3: height = 0.025
238.8665 	EXP 	chooseNowText_3: height = 0.025
238.8665 	EXP 	chooseNowText_3: height = 0.025
238.8665 	EXP 	chooseNowText_3: height = 0.025
238.8830 	EXP 	chooseNowText_3: height = 0.025
238.8830 	EXP 	chooseNowText_3: height = 0.025
238.8830 	EXP 	chooseNowText_3: height = 0.025
238.8996 	EXP 	chooseNowText_3: height = 0.025
238.8996 	EXP 	chooseNowText_3: height = 0.025
238.8996 	EXP 	chooseNowText_3: height = 0.025
238.9164 	EXP 	chooseNowText_3: height = 0.025
238.9164 	EXP 	chooseNowText_3: height = 0.025
238.9164 	EXP 	chooseNowText_3: height = 0.025
238.9335 	EXP 	chooseNowText_3: height = 0.025
238.9335 	EXP 	chooseNowText_3: height = 0.025
238.9335 	EXP 	chooseNowText_3: height = 0.025
238.9499 	EXP 	chooseNowText_3: height = 0.025
238.9499 	EXP 	chooseNowText_3: height = 0.025
238.9499 	EXP 	chooseNowText_3: height = 0.025
238.9662 	EXP 	chooseNowText_3: height = 0.025
238.9662 	EXP 	chooseNowText_3: height = 0.025
238.9662 	EXP 	chooseNowText_3: height = 0.025
238.9829 	EXP 	chooseNowText_3: height = 0.025
238.9829 	EXP 	chooseNowText_3: height = 0.025
238.9829 	EXP 	chooseNowText_3: height = 0.025
238.9996 	EXP 	chooseNowText_3: height = 0.025
238.9996 	EXP 	chooseNowText_3: height = 0.025
238.9996 	EXP 	chooseNowText_3: height = 0.025
239.0166 	EXP 	chooseNowText_3: height = 0.025
239.0166 	EXP 	chooseNowText_3: height = 0.025
239.0166 	EXP 	chooseNowText_3: height = 0.025
239.0331 	EXP 	chooseNowText_3: height = 0.025
239.0331 	EXP 	chooseNowText_3: height = 0.025
239.0331 	EXP 	chooseNowText_3: height = 0.025
239.0496 	EXP 	chooseNowText_3: height = 0.025
239.0496 	EXP 	chooseNowText_3: height = 0.025
239.0496 	EXP 	chooseNowText_3: height = 0.025
239.0668 	EXP 	chooseNowText_3: height = 0.025
239.0668 	EXP 	chooseNowText_3: height = 0.025
239.0668 	EXP 	chooseNowText_3: height = 0.025
239.0833 	EXP 	chooseNowText_3: height = 0.025
239.0833 	EXP 	chooseNowText_3: height = 0.025
239.0833 	EXP 	chooseNowText_3: height = 0.025
239.1001 	EXP 	chooseNowText_3: height = 0.025
239.1001 	EXP 	chooseNowText_3: height = 0.025
239.1001 	EXP 	chooseNowText_3: height = 0.025
239.1164 	EXP 	chooseNowText_3: height = 0.025
239.1164 	EXP 	chooseNowText_3: height = 0.025
239.1164 	EXP 	chooseNowText_3: height = 0.025
239.1332 	EXP 	chooseNowText_3: height = 0.025
239.1332 	EXP 	chooseNowText_3: height = 0.025
239.1332 	EXP 	chooseNowText_3: height = 0.025
239.1500 	EXP 	chooseNowText_3: height = 0.025
239.1500 	EXP 	chooseNowText_3: height = 0.025
239.1500 	EXP 	chooseNowText_3: height = 0.025
239.1665 	EXP 	chooseNowText_3: height = 0.025
239.1665 	EXP 	chooseNowText_3: height = 0.025
239.1665 	EXP 	chooseNowText_3: height = 0.025
239.1832 	EXP 	chooseNowText_3: height = 0.025
239.1832 	EXP 	chooseNowText_3: height = 0.025
239.1832 	EXP 	chooseNowText_3: height = 0.025
239.1999 	EXP 	chooseNowText_3: height = 0.025
239.1999 	EXP 	chooseNowText_3: height = 0.025
239.1999 	EXP 	chooseNowText_3: height = 0.025
239.2169 	EXP 	chooseNowText_3: height = 0.025
239.2169 	EXP 	chooseNowText_3: height = 0.025
239.2169 	EXP 	chooseNowText_3: height = 0.025
239.2332 	EXP 	chooseNowText_3: height = 0.025
239.2332 	EXP 	chooseNowText_3: height = 0.025
239.2332 	EXP 	chooseNowText_3: height = 0.025
239.2500 	EXP 	chooseNowText_3: height = 0.025
239.2500 	EXP 	chooseNowText_3: height = 0.025
239.2500 	EXP 	chooseNowText_3: height = 0.025
239.2664 	EXP 	chooseNowText_3: height = 0.025
239.2664 	EXP 	chooseNowText_3: height = 0.025
239.2664 	EXP 	chooseNowText_3: height = 0.025
239.2831 	EXP 	chooseNowText_3: height = 0.025
239.2831 	EXP 	chooseNowText_3: height = 0.025
239.2831 	EXP 	chooseNowText_3: height = 0.025
239.2997 	EXP 	chooseNowText_3: height = 0.025
239.2997 	EXP 	chooseNowText_3: height = 0.025
239.2997 	EXP 	chooseNowText_3: height = 0.025
239.3166 	EXP 	chooseNowText_3: height = 0.025
239.3166 	EXP 	chooseNowText_3: height = 0.025
239.3166 	EXP 	chooseNowText_3: height = 0.025
239.3333 	EXP 	chooseNowText_3: height = 0.025
239.3333 	EXP 	chooseNowText_3: height = 0.025
239.3333 	EXP 	chooseNowText_3: height = 0.025
239.3499 	EXP 	chooseNowText_3: height = 0.025
239.3499 	EXP 	chooseNowText_3: height = 0.025
239.3499 	EXP 	chooseNowText_3: height = 0.025
239.3664 	EXP 	chooseNowText_3: height = 0.025
239.3664 	EXP 	chooseNowText_3: height = 0.025
239.3664 	EXP 	chooseNowText_3: height = 0.025
239.3828 	EXP 	chooseNowText_3: height = 0.025
239.3828 	EXP 	chooseNowText_3: height = 0.025
239.3828 	EXP 	chooseNowText_3: height = 0.025
239.3995 	EXP 	chooseNowText_3: height = 0.025
239.3995 	EXP 	chooseNowText_3: height = 0.025
239.3995 	EXP 	chooseNowText_3: height = 0.025
239.4163 	EXP 	chooseNowText_3: height = 0.025
239.4163 	EXP 	chooseNowText_3: height = 0.025
239.4163 	EXP 	chooseNowText_3: height = 0.025
239.4329 	EXP 	chooseNowText_3: height = 0.025
239.4329 	EXP 	chooseNowText_3: height = 0.025
239.4329 	EXP 	chooseNowText_3: height = 0.025
239.4495 	EXP 	chooseNowText_3: height = 0.025
239.4495 	EXP 	chooseNowText_3: height = 0.025
239.4495 	EXP 	chooseNowText_3: height = 0.025
239.4666 	EXP 	chooseNowText_3: height = 0.025
239.4666 	EXP 	chooseNowText_3: height = 0.025
239.4666 	EXP 	chooseNowText_3: height = 0.025
239.4829 	EXP 	chooseNowText_3: height = 0.025
239.4829 	EXP 	chooseNowText_3: height = 0.025
239.4829 	EXP 	chooseNowText_3: height = 0.025
239.4995 	EXP 	chooseNowText_3: height = 0.025
239.4995 	EXP 	chooseNowText_3: height = 0.025
239.4995 	EXP 	chooseNowText_3: height = 0.025
239.5165 	EXP 	chooseNowText_3: height = 0.025
239.5165 	EXP 	chooseNowText_3: height = 0.025
239.5165 	EXP 	chooseNowText_3: height = 0.025
239.5330 	EXP 	chooseNowText_3: height = 0.025
239.5330 	EXP 	chooseNowText_3: height = 0.025
239.5330 	EXP 	chooseNowText_3: height = 0.025
239.5496 	EXP 	chooseNowText_3: height = 0.025
239.5496 	EXP 	chooseNowText_3: height = 0.025
239.5496 	EXP 	chooseNowText_3: height = 0.025
239.5661 	EXP 	chooseNowText_3: height = 0.025
239.5661 	EXP 	chooseNowText_3: height = 0.025
239.5661 	EXP 	chooseNowText_3: height = 0.025
239.5831 	EXP 	chooseNowText_3: height = 0.025
239.5831 	EXP 	chooseNowText_3: height = 0.025
239.5831 	EXP 	chooseNowText_3: height = 0.025
239.5998 	EXP 	chooseNowText_3: height = 0.025
239.5998 	EXP 	chooseNowText_3: height = 0.025
239.5998 	EXP 	chooseNowText_3: height = 0.025
239.6164 	EXP 	chooseNowText_3: height = 0.025
239.6164 	EXP 	chooseNowText_3: height = 0.025
239.6164 	EXP 	chooseNowText_3: height = 0.025
239.6332 	EXP 	chooseNowText_3: height = 0.025
239.6332 	EXP 	chooseNowText_3: height = 0.025
239.6332 	EXP 	chooseNowText_3: height = 0.025
239.6499 	EXP 	chooseNowText_3: height = 0.025
239.6499 	EXP 	chooseNowText_3: height = 0.025
239.6499 	EXP 	chooseNowText_3: height = 0.025
239.6663 	EXP 	chooseNowText_3: height = 0.025
239.6663 	EXP 	chooseNowText_3: height = 0.025
239.6663 	EXP 	chooseNowText_3: height = 0.025
239.6830 	EXP 	chooseNowText_3: height = 0.025
239.6830 	EXP 	chooseNowText_3: height = 0.025
239.6830 	EXP 	chooseNowText_3: height = 0.025
239.6996 	EXP 	chooseNowText_3: height = 0.025
239.6996 	EXP 	chooseNowText_3: height = 0.025
239.6996 	EXP 	chooseNowText_3: height = 0.025
239.6996 	EXP 	chooseNowText_3: autoDraw = False
239.6996 	EXP 	opt_2: autoDraw = False
239.6996 	EXP 	opt_3: autoDraw = False
239.6996 	EXP 	opt_4: autoDraw = False
239.6996 	EXP 	opt_5: autoDraw = False
239.7162 	EXP 	chooseNowText_3: height = 0.025
239.7162 	EXP 	chooseNowText_3: height = 0.025
239.7162 	EXP 	chooseNowText_3: height = 0.025
239.7328 	EXP 	chooseNowText_3: height = 0.025
239.7328 	EXP 	chooseNowText_3: height = 0.025
239.7328 	EXP 	chooseNowText_3: height = 0.025
239.7495 	EXP 	chooseNowText_3: height = 0.025
239.7495 	EXP 	chooseNowText_3: height = 0.025
239.7495 	EXP 	chooseNowText_3: height = 0.025
239.7663 	EXP 	chooseNowText_3: height = 0.025
239.7663 	EXP 	chooseNowText_3: height = 0.025
239.7663 	EXP 	chooseNowText_3: height = 0.025
239.7827 	EXP 	chooseNowText_3: height = 0.025
239.7827 	EXP 	chooseNowText_3: height = 0.025
239.7827 	EXP 	chooseNowText_3: height = 0.025
239.7995 	EXP 	chooseNowText_3: height = 0.025
239.7995 	EXP 	chooseNowText_3: height = 0.025
239.7995 	EXP 	chooseNowText_3: height = 0.025
239.8160 	EXP 	chooseNowText_3: height = 0.025
239.8160 	EXP 	chooseNowText_3: height = 0.025
239.8160 	EXP 	chooseNowText_3: height = 0.025
239.8333 	EXP 	chooseNowText_3: height = 0.025
239.8333 	EXP 	chooseNowText_3: height = 0.025
239.8333 	EXP 	chooseNowText_3: height = 0.025
239.8496 	EXP 	chooseNowText_3: height = 0.025
239.8496 	EXP 	chooseNowText_3: height = 0.025
239.8496 	EXP 	chooseNowText_3: height = 0.025
239.8664 	EXP 	chooseNowText_3: height = 0.025
239.8664 	EXP 	chooseNowText_3: height = 0.025
239.8664 	EXP 	chooseNowText_3: height = 0.025
239.8830 	EXP 	chooseNowText_3: height = 0.025
239.8830 	EXP 	chooseNowText_3: height = 0.025
239.8830 	EXP 	chooseNowText_3: height = 0.025
239.8996 	EXP 	chooseNowText_3: height = 0.025
239.8996 	EXP 	chooseNowText_3: height = 0.025
239.8996 	EXP 	chooseNowText_3: height = 0.025
239.9165 	EXP 	chooseNowText_3: height = 0.025
239.9165 	EXP 	chooseNowText_3: height = 0.025
239.9165 	EXP 	chooseNowText_3: height = 0.025
239.9332 	EXP 	chooseNowText_3: height = 0.025
239.9332 	EXP 	chooseNowText_3: height = 0.025
239.9332 	EXP 	chooseNowText_3: height = 0.025
239.9500 	EXP 	chooseNowText_3: height = 0.025
239.9500 	EXP 	chooseNowText_3: height = 0.025
239.9500 	EXP 	chooseNowText_3: height = 0.025
239.9661 	EXP 	chooseNowText_3: height = 0.025
239.9661 	EXP 	chooseNowText_3: height = 0.025
239.9661 	EXP 	chooseNowText_3: height = 0.025
239.9828 	EXP 	chooseNowText_3: height = 0.025
239.9828 	EXP 	chooseNowText_3: height = 0.025
239.9828 	EXP 	chooseNowText_3: height = 0.025
239.9994 	EXP 	chooseNowText_3: height = 0.025
239.9994 	EXP 	chooseNowText_3: height = 0.025
239.9994 	EXP 	chooseNowText_3: height = 0.025
240.0161 	EXP 	chooseNowText_3: height = 0.025
240.0161 	EXP 	chooseNowText_3: height = 0.025
240.0161 	EXP 	chooseNowText_3: height = 0.025
240.0328 	EXP 	chooseNowText_3: height = 0.025
240.0328 	EXP 	chooseNowText_3: height = 0.025
240.0328 	EXP 	chooseNowText_3: height = 0.025
240.0494 	EXP 	chooseNowText_3: height = 0.025
240.0494 	EXP 	chooseNowText_3: height = 0.025
240.0494 	EXP 	chooseNowText_3: height = 0.025
240.0659 	EXP 	chooseNowText_3: height = 0.025
240.0659 	EXP 	chooseNowText_3: height = 0.025
240.0659 	EXP 	chooseNowText_3: height = 0.025
240.0826 	EXP 	chooseNowText_3: height = 0.025
240.0826 	EXP 	chooseNowText_3: height = 0.025
240.0826 	EXP 	chooseNowText_3: height = 0.025
240.0992 	EXP 	chooseNowText_3: height = 0.025
240.0992 	EXP 	chooseNowText_3: height = 0.025
240.0992 	EXP 	chooseNowText_3: height = 0.025
240.1162 	EXP 	chooseNowText_3: height = 0.025
240.1162 	EXP 	chooseNowText_3: height = 0.025
240.1162 	EXP 	chooseNowText_3: height = 0.025
240.1328 	EXP 	chooseNowText_3: height = 0.025
240.1328 	EXP 	chooseNowText_3: height = 0.025
240.1328 	EXP 	chooseNowText_3: height = 0.025
240.1495 	EXP 	chooseNowText_3: height = 0.025
240.1495 	EXP 	chooseNowText_3: height = 0.025
240.1495 	EXP 	chooseNowText_3: height = 0.025
240.1662 	EXP 	chooseNowText_3: height = 0.025
240.1662 	EXP 	chooseNowText_3: height = 0.025
240.1662 	EXP 	chooseNowText_3: height = 0.025
240.1828 	EXP 	chooseNowText_3: height = 0.025
240.1828 	EXP 	chooseNowText_3: height = 0.025
240.1828 	EXP 	chooseNowText_3: height = 0.025
240.1828 	EXP 	chooseNowText_3: autoDraw = False
240.1828 	EXP 	opt_2: autoDraw = False
240.1828 	EXP 	opt_3: autoDraw = False
240.1828 	EXP 	opt_4: autoDraw = False
240.1828 	EXP 	opt_5: autoDraw = False
240.1828 	EXP 	tooSlowtext_2: height = 0.025
240.1828 	EXP 	tooSlowtext_2: height = 0.025
240.1828 	EXP 	tooSlowtext_2: height = 0.025
240.1828 	EXP 	tooSlowtext_2: text = ''
240.1828 	EXP 	tooSlowtext_2: height = 0.025
240.1828 	EXP 	tooSlowtext_2: height = 0.025
240.1828 	EXP 	tooSlowtext_2: height = 0.025
240.1828 	EXP 	tooSlowtext_2: text = 'Zu langsam. Sie müssen schneller antworten.'
240.1828 	EXP 	tooSlowtext_2: autoDraw = True
240.6690 	EXP 	New trial (rep=0, index=9): <Trial 9 (9 in rep 0) data={'learningSeq': 'A', 'block': 'block1', 'runIndexWithinSeq': 1, 'miniblockWithinRun': 2, 'coupleIndexWithinRoute': 9, 'img_first': 'stimuli/flower/flower_17.jpg', 'img_second': 'stimuli/bread/bread_29.jpg', 'img_third': None, 'distance_correct': 4, 'trial_type': 1, 'opt_left': 'yes', 'opt_right': 'no', 'correct_side': 'left', 'correct_key': 'left', 'is_yes': 1, 'image_dur_retr': 1.2, 'fix_dur_retr': 0.2, 'iti_dur_retr': 0.6, 'reflection_win_dur': 1.76, 'routeIndexWithinBlock': 1, 'seqOfRoute': 'A', 'retrIm1Trig': 6, 'retrIm2Trig': 3, 'thisN': 9, 'thisTrialN': 9, 'thisRepN': 0}>
240.6826 	EXP 	tooSlowtext_2: autoDraw = False
240.6826 	EXP 	tooSlowtext_2: autoDraw = False
240.6826 	EXP 	fix_cross_retrbegin_2: text = '+'
240.6826 	EXP 	fix_cross_retrbegin_2: autoDraw = True
241.3224 	EXP 	fix_cross_retrbegin_2: autoDraw = False
241.3224 	EXP 	fix_cross_retrbegin_2: autoDraw = False
241.3224 	EXP 	image_1: image = 'stimuli/flower/flower_17.jpg'
241.3224 	EXP 	image_1: autoDraw = True
242.3324 	EXP 	image_1: autoDraw = False
242.3324 	EXP 	image_1: autoDraw = False
242.3324 	EXP 	mask_img1_2: autoDraw = True
242.6186 	EXP 	mask_img1_2: autoDraw = False
242.6186 	EXP 	mask_img1_2: autoDraw = False
242.6186 	EXP 	image_2: image = 'stimuli/bread/bread_29.jpg'
242.6186 	EXP 	image_2: autoDraw = True
243.6315 	EXP 	image_2: autoDraw = False
243.6315 	EXP 	image_2: autoDraw = False
243.6315 	EXP 	mask_img2_2: autoDraw = True
243.8816 	EXP 	mask_img2_2: autoDraw = False
243.8816 	EXP 	mask_img2_2: autoDraw = False
243.8816 	EXP 	fix_cross_reflretr: autoDraw = True
245.6449 	INFO 	Keyboard events cleared
245.6638 	INFO 	Keyboard events cleared
245.6636 	EXP 	fix_cross_reflretr: autoDraw = False
245.6636 	EXP 	fix_cross_reflretr: autoDraw = False
245.6636 	EXP 	yes_txt: text = 'ja'
245.6636 	EXP 	no_txt: text = 'nein'
245.6636 	EXP 	chooseNowText_2: height = 0.025
245.6636 	EXP 	chooseNowText_2: height = 0.025
245.6636 	EXP 	chooseNowText_2: height = 0.025
245.6636 	EXP 	polygon_6: autoDraw = True
245.6636 	EXP 	yes_txt: autoDraw = True
245.6636 	EXP 	no_txt: autoDraw = True
245.6636 	EXP 	chooseNowText_2: autoDraw = True
247.6639 	EXP 	chooseNowText_2: height = 0.025
247.6639 	EXP 	chooseNowText_2: height = 0.025
247.6639 	EXP 	chooseNowText_2: height = 0.025
247.6806 	EXP 	chooseNowText_2: height = 0.025
247.6806 	EXP 	chooseNowText_2: height = 0.025
247.6806 	EXP 	chooseNowText_2: height = 0.025
247.6973 	EXP 	chooseNowText_2: height = 0.025
247.6973 	EXP 	chooseNowText_2: height = 0.025
247.6973 	EXP 	chooseNowText_2: height = 0.025
247.7139 	EXP 	chooseNowText_2: height = 0.025
247.7139 	EXP 	chooseNowText_2: height = 0.025
247.7139 	EXP 	chooseNowText_2: height = 0.025
247.7306 	EXP 	chooseNowText_2: height = 0.025
247.7306 	EXP 	chooseNowText_2: height = 0.025
247.7306 	EXP 	chooseNowText_2: height = 0.025
247.7473 	EXP 	chooseNowText_2: height = 0.025
247.7473 	EXP 	chooseNowText_2: height = 0.025
247.7473 	EXP 	chooseNowText_2: height = 0.025
247.7639 	EXP 	chooseNowText_2: height = 0.025
247.7639 	EXP 	chooseNowText_2: height = 0.025
247.7639 	EXP 	chooseNowText_2: height = 0.025
247.7806 	EXP 	chooseNowText_2: height = 0.025
247.7806 	EXP 	chooseNowText_2: height = 0.025
247.7806 	EXP 	chooseNowText_2: height = 0.025
247.7976 	EXP 	chooseNowText_2: height = 0.025
247.7976 	EXP 	chooseNowText_2: height = 0.025
247.7976 	EXP 	chooseNowText_2: height = 0.025
247.8138 	EXP 	chooseNowText_2: height = 0.025
247.8138 	EXP 	chooseNowText_2: height = 0.025
247.8138 	EXP 	chooseNowText_2: height = 0.025
247.8303 	EXP 	chooseNowText_2: height = 0.025
247.8303 	EXP 	chooseNowText_2: height = 0.025
247.8303 	EXP 	chooseNowText_2: height = 0.025
247.8472 	EXP 	chooseNowText_2: height = 0.025
247.8472 	EXP 	chooseNowText_2: height = 0.025
247.8472 	EXP 	chooseNowText_2: height = 0.025
247.8640 	EXP 	chooseNowText_2: height = 0.025
247.8640 	EXP 	chooseNowText_2: height = 0.025
247.8640 	EXP 	chooseNowText_2: height = 0.025
247.8805 	EXP 	chooseNowText_2: height = 0.025
247.8805 	EXP 	chooseNowText_2: height = 0.025
247.8805 	EXP 	chooseNowText_2: height = 0.025
247.8972 	EXP 	chooseNowText_2: height = 0.025
247.8972 	EXP 	chooseNowText_2: height = 0.025
247.8972 	EXP 	chooseNowText_2: height = 0.025
247.9138 	EXP 	chooseNowText_2: height = 0.025
247.9138 	EXP 	chooseNowText_2: height = 0.025
247.9138 	EXP 	chooseNowText_2: height = 0.025
247.9306 	EXP 	chooseNowText_2: height = 0.025
247.9306 	EXP 	chooseNowText_2: height = 0.025
247.9306 	EXP 	chooseNowText_2: height = 0.025
247.9472 	EXP 	chooseNowText_2: height = 0.025
247.9472 	EXP 	chooseNowText_2: height = 0.025
247.9472 	EXP 	chooseNowText_2: height = 0.025
247.9640 	EXP 	chooseNowText_2: height = 0.025
247.9640 	EXP 	chooseNowText_2: height = 0.025
247.9640 	EXP 	chooseNowText_2: height = 0.025
247.9805 	EXP 	chooseNowText_2: height = 0.025
247.9805 	EXP 	chooseNowText_2: height = 0.025
247.9805 	EXP 	chooseNowText_2: height = 0.025
247.9972 	EXP 	chooseNowText_2: height = 0.025
247.9972 	EXP 	chooseNowText_2: height = 0.025
247.9972 	EXP 	chooseNowText_2: height = 0.025
248.0138 	EXP 	chooseNowText_2: height = 0.025
248.0138 	EXP 	chooseNowText_2: height = 0.025
248.0138 	EXP 	chooseNowText_2: height = 0.025
248.0304 	EXP 	chooseNowText_2: height = 0.025
248.0304 	EXP 	chooseNowText_2: height = 0.025
248.0304 	EXP 	chooseNowText_2: height = 0.025
248.0472 	EXP 	chooseNowText_2: height = 0.025
248.0472 	EXP 	chooseNowText_2: height = 0.025
248.0472 	EXP 	chooseNowText_2: height = 0.025
248.0639 	EXP 	chooseNowText_2: height = 0.025
248.0639 	EXP 	chooseNowText_2: height = 0.025
248.0639 	EXP 	chooseNowText_2: height = 0.025
248.0805 	EXP 	chooseNowText_2: height = 0.025
248.0805 	EXP 	chooseNowText_2: height = 0.025
248.0805 	EXP 	chooseNowText_2: height = 0.025
248.0970 	EXP 	chooseNowText_2: height = 0.025
248.0970 	EXP 	chooseNowText_2: height = 0.025
248.0970 	EXP 	chooseNowText_2: height = 0.025
248.1137 	EXP 	chooseNowText_2: height = 0.025
248.1137 	EXP 	chooseNowText_2: height = 0.025
248.1137 	EXP 	chooseNowText_2: height = 0.025
248.1302 	EXP 	chooseNowText_2: height = 0.025
248.1302 	EXP 	chooseNowText_2: height = 0.025
248.1302 	EXP 	chooseNowText_2: height = 0.025
248.1472 	EXP 	chooseNowText_2: height = 0.025
248.1472 	EXP 	chooseNowText_2: height = 0.025
248.1472 	EXP 	chooseNowText_2: height = 0.025
248.1637 	EXP 	chooseNowText_2: height = 0.025
248.1637 	EXP 	chooseNowText_2: height = 0.025
248.1637 	EXP 	chooseNowText_2: height = 0.025
248.1805 	EXP 	chooseNowText_2: height = 0.025
248.1805 	EXP 	chooseNowText_2: height = 0.025
248.1805 	EXP 	chooseNowText_2: height = 0.025
248.1972 	EXP 	chooseNowText_2: height = 0.025
248.1972 	EXP 	chooseNowText_2: height = 0.025
248.1972 	EXP 	chooseNowText_2: height = 0.025
248.2137 	EXP 	chooseNowText_2: height = 0.025
248.2137 	EXP 	chooseNowText_2: height = 0.025
248.2137 	EXP 	chooseNowText_2: height = 0.025
248.2304 	EXP 	chooseNowText_2: height = 0.025
248.2304 	EXP 	chooseNowText_2: height = 0.025
248.2304 	EXP 	chooseNowText_2: height = 0.025
248.2471 	EXP 	chooseNowText_2: height = 0.025
248.2471 	EXP 	chooseNowText_2: height = 0.025
248.2471 	EXP 	chooseNowText_2: height = 0.025
248.2639 	EXP 	chooseNowText_2: height = 0.025
248.2639 	EXP 	chooseNowText_2: height = 0.025
248.2639 	EXP 	chooseNowText_2: height = 0.025
248.2805 	EXP 	chooseNowText_2: height = 0.025
248.2805 	EXP 	chooseNowText_2: height = 0.025
248.2805 	EXP 	chooseNowText_2: height = 0.025
248.2970 	EXP 	chooseNowText_2: height = 0.025
248.2970 	EXP 	chooseNowText_2: height = 0.025
248.2970 	EXP 	chooseNowText_2: height = 0.025
248.3134 	EXP 	chooseNowText_2: height = 0.025
248.3134 	EXP 	chooseNowText_2: height = 0.025
248.3134 	EXP 	chooseNowText_2: height = 0.025
248.3301 	EXP 	chooseNowText_2: height = 0.025
248.3301 	EXP 	chooseNowText_2: height = 0.025
248.3301 	EXP 	chooseNowText_2: height = 0.025
248.3469 	EXP 	chooseNowText_2: height = 0.025
248.3469 	EXP 	chooseNowText_2: height = 0.025
248.3469 	EXP 	chooseNowText_2: height = 0.025
248.3635 	EXP 	chooseNowText_2: height = 0.025
248.3635 	EXP 	chooseNowText_2: height = 0.025
248.3635 	EXP 	chooseNowText_2: height = 0.025
248.3803 	EXP 	chooseNowText_2: height = 0.025
248.3803 	EXP 	chooseNowText_2: height = 0.025
248.3803 	EXP 	chooseNowText_2: height = 0.025
248.3968 	EXP 	chooseNowText_2: height = 0.025
248.3968 	EXP 	chooseNowText_2: height = 0.025
248.3968 	EXP 	chooseNowText_2: height = 0.025
248.4134 	EXP 	chooseNowText_2: height = 0.025
248.4134 	EXP 	chooseNowText_2: height = 0.025
248.4134 	EXP 	chooseNowText_2: height = 0.025
248.4300 	EXP 	chooseNowText_2: height = 0.025
248.4300 	EXP 	chooseNowText_2: height = 0.025
248.4300 	EXP 	chooseNowText_2: height = 0.025
248.4469 	EXP 	chooseNowText_2: height = 0.025
248.4469 	EXP 	chooseNowText_2: height = 0.025
248.4469 	EXP 	chooseNowText_2: height = 0.025
248.4633 	EXP 	chooseNowText_2: height = 0.025
248.4633 	EXP 	chooseNowText_2: height = 0.025
248.4633 	EXP 	chooseNowText_2: height = 0.025
248.4805 	EXP 	chooseNowText_2: height = 0.025
248.4805 	EXP 	chooseNowText_2: height = 0.025
248.4805 	EXP 	chooseNowText_2: height = 0.025
248.4970 	EXP 	chooseNowText_2: height = 0.025
248.4970 	EXP 	chooseNowText_2: height = 0.025
248.4970 	EXP 	chooseNowText_2: height = 0.025
248.5136 	EXP 	chooseNowText_2: height = 0.025
248.5136 	EXP 	chooseNowText_2: height = 0.025
248.5136 	EXP 	chooseNowText_2: height = 0.025
248.5302 	EXP 	chooseNowText_2: height = 0.025
248.5302 	EXP 	chooseNowText_2: height = 0.025
248.5302 	EXP 	chooseNowText_2: height = 0.025
248.5468 	EXP 	chooseNowText_2: height = 0.025
248.5468 	EXP 	chooseNowText_2: height = 0.025
248.5468 	EXP 	chooseNowText_2: height = 0.025
248.5634 	EXP 	chooseNowText_2: height = 0.025
248.5634 	EXP 	chooseNowText_2: height = 0.025
248.5634 	EXP 	chooseNowText_2: height = 0.025
248.5805 	EXP 	chooseNowText_2: height = 0.025
248.5805 	EXP 	chooseNowText_2: height = 0.025
248.5805 	EXP 	chooseNowText_2: height = 0.025
248.5967 	EXP 	chooseNowText_2: height = 0.025
248.5967 	EXP 	chooseNowText_2: height = 0.025
248.5967 	EXP 	chooseNowText_2: height = 0.025
248.6145 	EXP 	chooseNowText_2: height = 0.025
248.6145 	EXP 	chooseNowText_2: height = 0.025
248.6145 	EXP 	chooseNowText_2: height = 0.025
248.6307 	EXP 	chooseNowText_2: height = 0.025
248.6307 	EXP 	chooseNowText_2: height = 0.025
248.6307 	EXP 	chooseNowText_2: height = 0.025
248.6475 	EXP 	chooseNowText_2: height = 0.025
248.6475 	EXP 	chooseNowText_2: height = 0.025
248.6475 	EXP 	chooseNowText_2: height = 0.025
248.6638 	EXP 	yes_txt: autoDraw = False
248.6638 	EXP 	no_txt: autoDraw = False
248.6638 	EXP 	chooseNowText_2: height = 0.025
248.6638 	EXP 	chooseNowText_2: height = 0.025
248.6638 	EXP 	chooseNowText_2: height = 0.025
248.6638 	EXP 	polygon_6: autoDraw = False
248.6638 	EXP 	yes_txt: autoDraw = False
248.6638 	EXP 	no_txt: autoDraw = False
248.6638 	EXP 	chooseNowText_2: autoDraw = False
248.6638 	EXP 	tooSlowtext_4: height = 0.025
248.6638 	EXP 	tooSlowtext_4: height = 0.025
248.6638 	EXP 	tooSlowtext_4: height = 0.025
248.6638 	EXP 	tooSlowtext_4: text = ''
248.6638 	EXP 	tooSlowtext_4: height = 0.025
248.6638 	EXP 	tooSlowtext_4: height = 0.025
248.6638 	EXP 	tooSlowtext_4: height = 0.025
248.6638 	EXP 	tooSlowtext_4: text = 'Zu langsam. Sie müssen schneller antworten.'
248.6638 	EXP 	tooSlowtext_4: autoDraw = True
249.1493 	INFO 	Keyboard events cleared
249.1798 	EXP 	tooSlowtext_4: autoDraw = False
249.1798 	EXP 	tooSlowtext_4: autoDraw = False
249.1798 	EXP 	chooseNowText_3: height = 0.025
249.1798 	EXP 	chooseNowText_3: height = 0.025
249.1798 	EXP 	chooseNowText_3: height = 0.025
249.1798 	EXP 	opt_2: foreColor = <psychopy.colors.Color: white, alpha=1.0>
249.1798 	EXP 	opt_3: foreColor = <psychopy.colors.Color: white, alpha=1.0>
249.1798 	EXP 	opt_4: foreColor = <psychopy.colors.Color: white, alpha=1.0>
249.1798 	EXP 	opt_5: foreColor = <psychopy.colors.Color: white, alpha=1.0>
249.1798 	EXP 	chooseNowText_3: autoDraw = True
249.1798 	EXP 	opt_2: autoDraw = True
249.1798 	EXP 	opt_3: autoDraw = True
249.1798 	EXP 	opt_4: autoDraw = True
249.1798 	EXP 	opt_5: autoDraw = True
249.6633 	INFO 	Keyboard events cleared
251.1795 	EXP 	chooseNowText_3: height = 0.025
251.1795 	EXP 	chooseNowText_3: height = 0.025
251.1795 	EXP 	chooseNowText_3: height = 0.025
251.1960 	EXP 	chooseNowText_3: height = 0.025
251.1960 	EXP 	chooseNowText_3: height = 0.025
251.1960 	EXP 	chooseNowText_3: height = 0.025
251.2126 	EXP 	chooseNowText_3: height = 0.025
251.2126 	EXP 	chooseNowText_3: height = 0.025
251.2126 	EXP 	chooseNowText_3: height = 0.025
251.2298 	EXP 	chooseNowText_3: height = 0.025
251.2298 	EXP 	chooseNowText_3: height = 0.025
251.2298 	EXP 	chooseNowText_3: height = 0.025
251.2458 	EXP 	chooseNowText_3: height = 0.025
251.2458 	EXP 	chooseNowText_3: height = 0.025
251.2458 	EXP 	chooseNowText_3: height = 0.025
251.2627 	EXP 	chooseNowText_3: height = 0.025
251.2627 	EXP 	chooseNowText_3: height = 0.025
251.2627 	EXP 	chooseNowText_3: height = 0.025
251.2792 	EXP 	chooseNowText_3: height = 0.025
251.2792 	EXP 	chooseNowText_3: height = 0.025
251.2792 	EXP 	chooseNowText_3: height = 0.025
251.2959 	EXP 	chooseNowText_3: height = 0.025
251.2959 	EXP 	chooseNowText_3: height = 0.025
251.2959 	EXP 	chooseNowText_3: height = 0.025
251.3125 	EXP 	chooseNowText_3: height = 0.025
251.3125 	EXP 	chooseNowText_3: height = 0.025
251.3125 	EXP 	chooseNowText_3: height = 0.025
251.3291 	EXP 	chooseNowText_3: height = 0.025
251.3291 	EXP 	chooseNowText_3: height = 0.025
251.3291 	EXP 	chooseNowText_3: height = 0.025
251.3462 	EXP 	chooseNowText_3: height = 0.025
251.3462 	EXP 	chooseNowText_3: height = 0.025
251.3462 	EXP 	chooseNowText_3: height = 0.025
251.3626 	EXP 	chooseNowText_3: height = 0.025
251.3626 	EXP 	chooseNowText_3: height = 0.025
251.3626 	EXP 	chooseNowText_3: height = 0.025
251.3794 	EXP 	chooseNowText_3: height = 0.025
251.3794 	EXP 	chooseNowText_3: height = 0.025
251.3794 	EXP 	chooseNowText_3: height = 0.025
251.3960 	EXP 	chooseNowText_3: height = 0.025
251.3960 	EXP 	chooseNowText_3: height = 0.025
251.3960 	EXP 	chooseNowText_3: height = 0.025
251.4125 	EXP 	chooseNowText_3: height = 0.025
251.4125 	EXP 	chooseNowText_3: height = 0.025
251.4125 	EXP 	chooseNowText_3: height = 0.025
251.4292 	EXP 	chooseNowText_3: height = 0.025
251.4292 	EXP 	chooseNowText_3: height = 0.025
251.4292 	EXP 	chooseNowText_3: height = 0.025
251.4458 	EXP 	chooseNowText_3: height = 0.025
251.4458 	EXP 	chooseNowText_3: height = 0.025
251.4458 	EXP 	chooseNowText_3: height = 0.025
251.4626 	EXP 	chooseNowText_3: height = 0.025
251.4626 	EXP 	chooseNowText_3: height = 0.025
251.4626 	EXP 	chooseNowText_3: height = 0.025
251.4798 	EXP 	chooseNowText_3: height = 0.025
251.4798 	EXP 	chooseNowText_3: height = 0.025
251.4798 	EXP 	chooseNowText_3: height = 0.025
251.4962 	EXP 	chooseNowText_3: height = 0.025
251.4962 	EXP 	chooseNowText_3: height = 0.025
251.4962 	EXP 	chooseNowText_3: height = 0.025
251.5124 	EXP 	chooseNowText_3: height = 0.025
251.5124 	EXP 	chooseNowText_3: height = 0.025
251.5124 	EXP 	chooseNowText_3: height = 0.025
251.5293 	EXP 	chooseNowText_3: height = 0.025
251.5293 	EXP 	chooseNowText_3: height = 0.025
251.5293 	EXP 	chooseNowText_3: height = 0.025
251.5460 	EXP 	chooseNowText_3: height = 0.025
251.5460 	EXP 	chooseNowText_3: height = 0.025
251.5460 	EXP 	chooseNowText_3: height = 0.025
251.5626 	EXP 	chooseNowText_3: height = 0.025
251.5626 	EXP 	chooseNowText_3: height = 0.025
251.5626 	EXP 	chooseNowText_3: height = 0.025
251.5793 	EXP 	chooseNowText_3: height = 0.025
251.5793 	EXP 	chooseNowText_3: height = 0.025
251.5793 	EXP 	chooseNowText_3: height = 0.025
251.5959 	EXP 	chooseNowText_3: height = 0.025
251.5959 	EXP 	chooseNowText_3: height = 0.025
251.5959 	EXP 	chooseNowText_3: height = 0.025
251.6126 	EXP 	chooseNowText_3: height = 0.025
251.6126 	EXP 	chooseNowText_3: height = 0.025
251.6126 	EXP 	chooseNowText_3: height = 0.025
251.6291 	EXP 	chooseNowText_3: height = 0.025
251.6291 	EXP 	chooseNowText_3: height = 0.025
251.6291 	EXP 	chooseNowText_3: height = 0.025
251.6459 	EXP 	chooseNowText_3: height = 0.025
251.6459 	EXP 	chooseNowText_3: height = 0.025
251.6459 	EXP 	chooseNowText_3: height = 0.025
251.6626 	EXP 	chooseNowText_3: height = 0.025
251.6626 	EXP 	chooseNowText_3: height = 0.025
251.6626 	EXP 	chooseNowText_3: height = 0.025
251.6792 	EXP 	chooseNowText_3: height = 0.025
251.6792 	EXP 	chooseNowText_3: height = 0.025
251.6792 	EXP 	chooseNowText_3: height = 0.025
251.6961 	EXP 	chooseNowText_3: height = 0.025
251.6961 	EXP 	chooseNowText_3: height = 0.025
251.6961 	EXP 	chooseNowText_3: height = 0.025
251.7126 	EXP 	chooseNowText_3: height = 0.025
251.7126 	EXP 	chooseNowText_3: height = 0.025
251.7126 	EXP 	chooseNowText_3: height = 0.025
251.7297 	EXP 	chooseNowText_3: height = 0.025
251.7297 	EXP 	chooseNowText_3: height = 0.025
251.7297 	EXP 	chooseNowText_3: height = 0.025
251.7460 	EXP 	chooseNowText_3: height = 0.025
251.7460 	EXP 	chooseNowText_3: height = 0.025
251.7460 	EXP 	chooseNowText_3: height = 0.025
251.7625 	EXP 	chooseNowText_3: height = 0.025
251.7625 	EXP 	chooseNowText_3: height = 0.025
251.7625 	EXP 	chooseNowText_3: height = 0.025
251.7793 	EXP 	chooseNowText_3: height = 0.025
251.7793 	EXP 	chooseNowText_3: height = 0.025
251.7793 	EXP 	chooseNowText_3: height = 0.025
251.7959 	EXP 	chooseNowText_3: height = 0.025
251.7959 	EXP 	chooseNowText_3: height = 0.025
251.7959 	EXP 	chooseNowText_3: height = 0.025
251.8126 	EXP 	chooseNowText_3: height = 0.025
251.8126 	EXP 	chooseNowText_3: height = 0.025
251.8126 	EXP 	chooseNowText_3: height = 0.025
251.8292 	EXP 	chooseNowText_3: height = 0.025
251.8292 	EXP 	chooseNowText_3: height = 0.025
251.8292 	EXP 	chooseNowText_3: height = 0.025
251.8461 	EXP 	chooseNowText_3: height = 0.025
251.8461 	EXP 	chooseNowText_3: height = 0.025
251.8461 	EXP 	chooseNowText_3: height = 0.025
251.8625 	EXP 	chooseNowText_3: height = 0.025
251.8625 	EXP 	chooseNowText_3: height = 0.025
251.8625 	EXP 	chooseNowText_3: height = 0.025
251.8792 	EXP 	chooseNowText_3: height = 0.025
251.8792 	EXP 	chooseNowText_3: height = 0.025
251.8792 	EXP 	chooseNowText_3: height = 0.025
251.8959 	EXP 	chooseNowText_3: height = 0.025
251.8959 	EXP 	chooseNowText_3: height = 0.025
251.8959 	EXP 	chooseNowText_3: height = 0.025
251.9124 	EXP 	chooseNowText_3: height = 0.025
251.9124 	EXP 	chooseNowText_3: height = 0.025
251.9124 	EXP 	chooseNowText_3: height = 0.025
251.9290 	EXP 	chooseNowText_3: height = 0.025
251.9290 	EXP 	chooseNowText_3: height = 0.025
251.9290 	EXP 	chooseNowText_3: height = 0.025
251.9457 	EXP 	chooseNowText_3: height = 0.025
251.9457 	EXP 	chooseNowText_3: height = 0.025
251.9457 	EXP 	chooseNowText_3: height = 0.025
251.9624 	EXP 	chooseNowText_3: height = 0.025
251.9624 	EXP 	chooseNowText_3: height = 0.025
251.9624 	EXP 	chooseNowText_3: height = 0.025
251.9791 	EXP 	chooseNowText_3: height = 0.025
251.9791 	EXP 	chooseNowText_3: height = 0.025
251.9791 	EXP 	chooseNowText_3: height = 0.025
251.9955 	EXP 	chooseNowText_3: height = 0.025
251.9955 	EXP 	chooseNowText_3: height = 0.025
251.9955 	EXP 	chooseNowText_3: height = 0.025
252.0122 	EXP 	chooseNowText_3: height = 0.025
252.0122 	EXP 	chooseNowText_3: height = 0.025
252.0122 	EXP 	chooseNowText_3: height = 0.025
252.0288 	EXP 	chooseNowText_3: height = 0.025
252.0288 	EXP 	chooseNowText_3: height = 0.025
252.0288 	EXP 	chooseNowText_3: height = 0.025
252.0458 	EXP 	chooseNowText_3: height = 0.025
252.0458 	EXP 	chooseNowText_3: height = 0.025
252.0458 	EXP 	chooseNowText_3: height = 0.025
252.0623 	EXP 	chooseNowText_3: height = 0.025
252.0623 	EXP 	chooseNowText_3: height = 0.025
252.0623 	EXP 	chooseNowText_3: height = 0.025
252.0792 	EXP 	chooseNowText_3: height = 0.025
252.0792 	EXP 	chooseNowText_3: height = 0.025
252.0792 	EXP 	chooseNowText_3: height = 0.025
252.0960 	EXP 	chooseNowText_3: height = 0.025
252.0960 	EXP 	chooseNowText_3: height = 0.025
252.0960 	EXP 	chooseNowText_3: height = 0.025
252.1126 	EXP 	chooseNowText_3: height = 0.025
252.1126 	EXP 	chooseNowText_3: height = 0.025
252.1126 	EXP 	chooseNowText_3: height = 0.025
252.1290 	EXP 	chooseNowText_3: height = 0.025
252.1290 	EXP 	chooseNowText_3: height = 0.025
252.1290 	EXP 	chooseNowText_3: height = 0.025
252.1457 	EXP 	chooseNowText_3: height = 0.025
252.1457 	EXP 	chooseNowText_3: height = 0.025
252.1457 	EXP 	chooseNowText_3: height = 0.025
252.1625 	EXP 	chooseNowText_3: height = 0.025
252.1625 	EXP 	chooseNowText_3: height = 0.025
252.1625 	EXP 	chooseNowText_3: height = 0.025
252.1791 	EXP 	chooseNowText_3: height = 0.025
252.1791 	EXP 	chooseNowText_3: height = 0.025
252.1791 	EXP 	chooseNowText_3: height = 0.025
252.1791 	EXP 	chooseNowText_3: autoDraw = False
252.1791 	EXP 	opt_2: autoDraw = False
252.1791 	EXP 	opt_3: autoDraw = False
252.1791 	EXP 	opt_4: autoDraw = False
252.1791 	EXP 	opt_5: autoDraw = False
252.1956 	EXP 	chooseNowText_3: height = 0.025
252.1956 	EXP 	chooseNowText_3: height = 0.025
252.1956 	EXP 	chooseNowText_3: height = 0.025
252.2122 	EXP 	chooseNowText_3: height = 0.025
252.2122 	EXP 	chooseNowText_3: height = 0.025
252.2122 	EXP 	chooseNowText_3: height = 0.025
252.2295 	EXP 	chooseNowText_3: height = 0.025
252.2295 	EXP 	chooseNowText_3: height = 0.025
252.2295 	EXP 	chooseNowText_3: height = 0.025
252.2459 	EXP 	chooseNowText_3: height = 0.025
252.2459 	EXP 	chooseNowText_3: height = 0.025
252.2459 	EXP 	chooseNowText_3: height = 0.025
252.2623 	EXP 	chooseNowText_3: height = 0.025
252.2623 	EXP 	chooseNowText_3: height = 0.025
252.2623 	EXP 	chooseNowText_3: height = 0.025
252.2788 	EXP 	chooseNowText_3: height = 0.025
252.2788 	EXP 	chooseNowText_3: height = 0.025
252.2788 	EXP 	chooseNowText_3: height = 0.025
252.2954 	EXP 	chooseNowText_3: height = 0.025
252.2954 	EXP 	chooseNowText_3: height = 0.025
252.2954 	EXP 	chooseNowText_3: height = 0.025
252.3125 	EXP 	chooseNowText_3: height = 0.025
252.3125 	EXP 	chooseNowText_3: height = 0.025
252.3125 	EXP 	chooseNowText_3: height = 0.025
252.3289 	EXP 	chooseNowText_3: height = 0.025
252.3289 	EXP 	chooseNowText_3: height = 0.025
252.3289 	EXP 	chooseNowText_3: height = 0.025
252.3456 	EXP 	chooseNowText_3: height = 0.025
252.3456 	EXP 	chooseNowText_3: height = 0.025
252.3456 	EXP 	chooseNowText_3: height = 0.025
252.3624 	EXP 	chooseNowText_3: height = 0.025
252.3624 	EXP 	chooseNowText_3: height = 0.025
252.3624 	EXP 	chooseNowText_3: height = 0.025
252.3791 	EXP 	chooseNowText_3: height = 0.025
252.3791 	EXP 	chooseNowText_3: height = 0.025
252.3791 	EXP 	chooseNowText_3: height = 0.025
252.3956 	EXP 	chooseNowText_3: height = 0.025
252.3956 	EXP 	chooseNowText_3: height = 0.025
252.3956 	EXP 	chooseNowText_3: height = 0.025
252.4123 	EXP 	chooseNowText_3: height = 0.025
252.4123 	EXP 	chooseNowText_3: height = 0.025
252.4123 	EXP 	chooseNowText_3: height = 0.025
252.4287 	EXP 	chooseNowText_3: height = 0.025
252.4287 	EXP 	chooseNowText_3: height = 0.025
252.4287 	EXP 	chooseNowText_3: height = 0.025
252.4458 	EXP 	chooseNowText_3: height = 0.025
252.4458 	EXP 	chooseNowText_3: height = 0.025
252.4458 	EXP 	chooseNowText_3: height = 0.025
252.4625 	EXP 	chooseNowText_3: height = 0.025
252.4625 	EXP 	chooseNowText_3: height = 0.025
252.4625 	EXP 	chooseNowText_3: height = 0.025
252.4791 	EXP 	chooseNowText_3: height = 0.025
252.4791 	EXP 	chooseNowText_3: height = 0.025
252.4791 	EXP 	chooseNowText_3: height = 0.025
252.4956 	EXP 	chooseNowText_3: height = 0.025
252.4956 	EXP 	chooseNowText_3: height = 0.025
252.4956 	EXP 	chooseNowText_3: height = 0.025
252.5126 	EXP 	chooseNowText_3: height = 0.025
252.5126 	EXP 	chooseNowText_3: height = 0.025
252.5126 	EXP 	chooseNowText_3: height = 0.025
252.5288 	EXP 	chooseNowText_3: height = 0.025
252.5288 	EXP 	chooseNowText_3: height = 0.025
252.5288 	EXP 	chooseNowText_3: height = 0.025
252.5455 	EXP 	chooseNowText_3: height = 0.025
252.5455 	EXP 	chooseNowText_3: height = 0.025
252.5455 	EXP 	chooseNowText_3: height = 0.025
252.5622 	EXP 	chooseNowText_3: height = 0.025
252.5622 	EXP 	chooseNowText_3: height = 0.025
252.5622 	EXP 	chooseNowText_3: height = 0.025
252.5792 	EXP 	chooseNowText_3: height = 0.025
252.5792 	EXP 	chooseNowText_3: height = 0.025
252.5792 	EXP 	chooseNowText_3: height = 0.025
252.5955 	EXP 	chooseNowText_3: height = 0.025
252.5955 	EXP 	chooseNowText_3: height = 0.025
252.5955 	EXP 	chooseNowText_3: height = 0.025
252.6124 	EXP 	chooseNowText_3: height = 0.025
252.6124 	EXP 	chooseNowText_3: height = 0.025
252.6124 	EXP 	chooseNowText_3: height = 0.025
252.6288 	EXP 	chooseNowText_3: height = 0.025
252.6288 	EXP 	chooseNowText_3: height = 0.025
252.6288 	EXP 	chooseNowText_3: height = 0.025
252.6455 	EXP 	chooseNowText_3: height = 0.025
252.6455 	EXP 	chooseNowText_3: height = 0.025
252.6455 	EXP 	chooseNowText_3: height = 0.025
252.6623 	EXP 	chooseNowText_3: height = 0.025
252.6623 	EXP 	chooseNowText_3: height = 0.025
252.6623 	EXP 	chooseNowText_3: height = 0.025
252.6795 	EXP 	chooseNowText_3: height = 0.025
252.6795 	EXP 	chooseNowText_3: height = 0.025
252.6795 	EXP 	chooseNowText_3: height = 0.025
252.6795 	EXP 	chooseNowText_3: autoDraw = False
252.6795 	EXP 	opt_2: autoDraw = False
252.6795 	EXP 	opt_3: autoDraw = False
252.6795 	EXP 	opt_4: autoDraw = False
252.6795 	EXP 	opt_5: autoDraw = False
252.6795 	EXP 	tooSlowtext_2: height = 0.025
252.6795 	EXP 	tooSlowtext_2: height = 0.025
252.6795 	EXP 	tooSlowtext_2: height = 0.025
252.6795 	EXP 	tooSlowtext_2: text = ''
252.6795 	EXP 	tooSlowtext_2: height = 0.025
252.6795 	EXP 	tooSlowtext_2: height = 0.025
252.6795 	EXP 	tooSlowtext_2: height = 0.025
252.6795 	EXP 	tooSlowtext_2: text = 'Zu langsam. Sie müssen schneller antworten.'
252.6795 	EXP 	tooSlowtext_2: autoDraw = True
253.1651 	EXP 	New trial (rep=0, index=10): <Trial 10 (10 in rep 0) data={'learningSeq': 'A', 'block': 'block1', 'runIndexWithinSeq': 1, 'miniblockWithinRun': 2, 'coupleIndexWithinRoute': 10, 'img_first': 'stimuli/bicycle/bicycle_06.jpg', 'img_second': 'stimuli/house/house_35.jpg', 'img_third': None, 'distance_correct': 3, 'trial_type': 1, 'opt_left': 'no', 'opt_right': 'yes', 'correct_side': 'right', 'correct_key': 'right', 'is_yes': 1, 'image_dur_retr': 1.2, 'fix_dur_retr': 0.2, 'iti_dur_retr': 0.65, 'reflection_win_dur': 1.84, 'routeIndexWithinBlock': 1, 'seqOfRoute': 'A', 'retrIm1Trig': 2, 'retrIm2Trig': 9, 'thisN': 10, 'thisTrialN': 10, 'thisRepN': 0}>
253.1788 	EXP 	tooSlowtext_2: autoDraw = False
253.1788 	EXP 	tooSlowtext_2: autoDraw = False
253.1788 	EXP 	fix_cross_retrbegin_2: text = '+'
253.1788 	EXP 	fix_cross_retrbegin_2: autoDraw = True
253.8484 	EXP 	fix_cross_retrbegin_2: autoDraw = False
253.8484 	EXP 	fix_cross_retrbegin_2: autoDraw = False
253.8484 	EXP 	image_1: image = 'stimuli/bicycle/bicycle_06.jpg'
253.8484 	EXP 	image_1: autoDraw = True
254.8615 	EXP 	image_1: autoDraw = False
254.8615 	EXP 	image_1: autoDraw = False
254.8615 	EXP 	mask_img1_2: autoDraw = True
255.1480 	EXP 	mask_img1_2: autoDraw = False
255.1480 	EXP 	image_2: image = 'stimuli/house/house_35.jpg'
255.1480 	EXP 	image_2: autoDraw = True
256.1612 	EXP 	image_2: autoDraw = False
256.1612 	EXP 	image_2: autoDraw = False
256.1612 	EXP 	mask_img2_2: autoDraw = True
256.4112 	EXP 	mask_img2_2: autoDraw = False
256.4112 	EXP 	fix_cross_reflretr: autoDraw = True
258.2582 	INFO 	Keyboard events cleared
258.2765 	INFO 	Keyboard events cleared
258.2764 	EXP 	fix_cross_reflretr: autoDraw = False
258.2764 	EXP 	fix_cross_reflretr: autoDraw = False
258.2764 	EXP 	yes_txt: text = 'ja'
258.2764 	EXP 	no_txt: text = 'nein'
258.2764 	EXP 	chooseNowText_2: height = 0.025
258.2764 	EXP 	chooseNowText_2: height = 0.025
258.2764 	EXP 	chooseNowText_2: height = 0.025
258.2764 	EXP 	polygon_6: autoDraw = True
258.2764 	EXP 	yes_txt: autoDraw = True
258.2764 	EXP 	no_txt: autoDraw = True
258.2764 	EXP 	chooseNowText_2: autoDraw = True
260.2765 	EXP 	chooseNowText_2: height = 0.025
260.2765 	EXP 	chooseNowText_2: height = 0.025
260.2765 	EXP 	chooseNowText_2: height = 0.025
260.2932 	EXP 	chooseNowText_2: height = 0.025
260.2932 	EXP 	chooseNowText_2: height = 0.025
260.2932 	EXP 	chooseNowText_2: height = 0.025
260.3098 	EXP 	chooseNowText_2: height = 0.025
260.3098 	EXP 	chooseNowText_2: height = 0.025
260.3098 	EXP 	chooseNowText_2: height = 0.025
260.3264 	EXP 	chooseNowText_2: height = 0.025
260.3264 	EXP 	chooseNowText_2: height = 0.025
260.3264 	EXP 	chooseNowText_2: height = 0.025
260.3430 	EXP 	chooseNowText_2: height = 0.025
260.3430 	EXP 	chooseNowText_2: height = 0.025
260.3430 	EXP 	chooseNowText_2: height = 0.025
260.3596 	EXP 	chooseNowText_2: height = 0.025
260.3596 	EXP 	chooseNowText_2: height = 0.025
260.3596 	EXP 	chooseNowText_2: height = 0.025
260.3764 	EXP 	chooseNowText_2: height = 0.025
260.3764 	EXP 	chooseNowText_2: height = 0.025
260.3764 	EXP 	chooseNowText_2: height = 0.025
260.3929 	EXP 	chooseNowText_2: height = 0.025
260.3929 	EXP 	chooseNowText_2: height = 0.025
260.3929 	EXP 	chooseNowText_2: height = 0.025
260.4101 	EXP 	chooseNowText_2: height = 0.025
260.4101 	EXP 	chooseNowText_2: height = 0.025
260.4101 	EXP 	chooseNowText_2: height = 0.025
260.4263 	EXP 	chooseNowText_2: height = 0.025
260.4263 	EXP 	chooseNowText_2: height = 0.025
260.4263 	EXP 	chooseNowText_2: height = 0.025
260.4432 	EXP 	chooseNowText_2: height = 0.025
260.4432 	EXP 	chooseNowText_2: height = 0.025
260.4432 	EXP 	chooseNowText_2: height = 0.025
260.4598 	EXP 	chooseNowText_2: height = 0.025
260.4598 	EXP 	chooseNowText_2: height = 0.025
260.4598 	EXP 	chooseNowText_2: height = 0.025
260.4761 	EXP 	chooseNowText_2: height = 0.025
260.4761 	EXP 	chooseNowText_2: height = 0.025
260.4761 	EXP 	chooseNowText_2: height = 0.025
260.4932 	EXP 	chooseNowText_2: height = 0.025
260.4932 	EXP 	chooseNowText_2: height = 0.025
260.4932 	EXP 	chooseNowText_2: height = 0.025
260.5097 	EXP 	chooseNowText_2: height = 0.025
260.5097 	EXP 	chooseNowText_2: height = 0.025
260.5097 	EXP 	chooseNowText_2: height = 0.025
260.5276 	EXP 	chooseNowText_2: height = 0.025
260.5276 	EXP 	chooseNowText_2: height = 0.025
260.5276 	EXP 	chooseNowText_2: height = 0.025
260.5429 	EXP 	chooseNowText_2: height = 0.025
260.5429 	EXP 	chooseNowText_2: height = 0.025
260.5429 	EXP 	chooseNowText_2: height = 0.025
260.5595 	EXP 	chooseNowText_2: height = 0.025
260.5595 	EXP 	chooseNowText_2: height = 0.025
260.5595 	EXP 	chooseNowText_2: height = 0.025
260.5768 	EXP 	chooseNowText_2: height = 0.025
260.5768 	EXP 	chooseNowText_2: height = 0.025
260.5768 	EXP 	chooseNowText_2: height = 0.025
260.5938 	EXP 	chooseNowText_2: height = 0.025
260.5938 	EXP 	chooseNowText_2: height = 0.025
260.5938 	EXP 	chooseNowText_2: height = 0.025
260.6097 	EXP 	chooseNowText_2: height = 0.025
260.6097 	EXP 	chooseNowText_2: height = 0.025
260.6097 	EXP 	chooseNowText_2: height = 0.025
260.6262 	EXP 	chooseNowText_2: height = 0.025
260.6262 	EXP 	chooseNowText_2: height = 0.025
260.6262 	EXP 	chooseNowText_2: height = 0.025
260.6429 	EXP 	chooseNowText_2: height = 0.025
260.6429 	EXP 	chooseNowText_2: height = 0.025
260.6429 	EXP 	chooseNowText_2: height = 0.025
260.6599 	EXP 	chooseNowText_2: height = 0.025
260.6599 	EXP 	chooseNowText_2: height = 0.025
260.6599 	EXP 	chooseNowText_2: height = 0.025
260.6762 	EXP 	chooseNowText_2: height = 0.025
260.6762 	EXP 	chooseNowText_2: height = 0.025
260.6762 	EXP 	chooseNowText_2: height = 0.025
260.6928 	EXP 	chooseNowText_2: height = 0.025
260.6928 	EXP 	chooseNowText_2: height = 0.025
260.6928 	EXP 	chooseNowText_2: height = 0.025
260.7100 	EXP 	chooseNowText_2: height = 0.025
260.7100 	EXP 	chooseNowText_2: height = 0.025
260.7100 	EXP 	chooseNowText_2: height = 0.025
260.7261 	EXP 	chooseNowText_2: height = 0.025
260.7261 	EXP 	chooseNowText_2: height = 0.025
260.7261 	EXP 	chooseNowText_2: height = 0.025
260.7426 	EXP 	chooseNowText_2: height = 0.025
260.7426 	EXP 	chooseNowText_2: height = 0.025
260.7426 	EXP 	chooseNowText_2: height = 0.025
260.7597 	EXP 	chooseNowText_2: height = 0.025
260.7597 	EXP 	chooseNowText_2: height = 0.025
260.7597 	EXP 	chooseNowText_2: height = 0.025
260.7764 	EXP 	chooseNowText_2: height = 0.025
260.7764 	EXP 	chooseNowText_2: height = 0.025
260.7764 	EXP 	chooseNowText_2: height = 0.025
260.7931 	EXP 	chooseNowText_2: height = 0.025
260.7931 	EXP 	chooseNowText_2: height = 0.025
260.7931 	EXP 	chooseNowText_2: height = 0.025
260.8102 	EXP 	chooseNowText_2: height = 0.025
260.8102 	EXP 	chooseNowText_2: height = 0.025
260.8102 	EXP 	chooseNowText_2: height = 0.025
260.8264 	EXP 	chooseNowText_2: height = 0.025
260.8264 	EXP 	chooseNowText_2: height = 0.025
260.8264 	EXP 	chooseNowText_2: height = 0.025
260.8431 	EXP 	chooseNowText_2: height = 0.025
260.8431 	EXP 	chooseNowText_2: height = 0.025
260.8431 	EXP 	chooseNowText_2: height = 0.025
260.8596 	EXP 	chooseNowText_2: height = 0.025
260.8596 	EXP 	chooseNowText_2: height = 0.025
260.8596 	EXP 	chooseNowText_2: height = 0.025
260.8762 	EXP 	chooseNowText_2: height = 0.025
260.8762 	EXP 	chooseNowText_2: height = 0.025
260.8762 	EXP 	chooseNowText_2: height = 0.025
260.8934 	EXP 	chooseNowText_2: height = 0.025
260.8934 	EXP 	chooseNowText_2: height = 0.025
260.8934 	EXP 	chooseNowText_2: height = 0.025
260.9104 	EXP 	chooseNowText_2: height = 0.025
260.9104 	EXP 	chooseNowText_2: height = 0.025
260.9104 	EXP 	chooseNowText_2: height = 0.025
260.9265 	EXP 	chooseNowText_2: height = 0.025
260.9265 	EXP 	chooseNowText_2: height = 0.025
260.9265 	EXP 	chooseNowText_2: height = 0.025
260.9429 	EXP 	chooseNowText_2: height = 0.025
260.9429 	EXP 	chooseNowText_2: height = 0.025
260.9429 	EXP 	chooseNowText_2: height = 0.025
260.9594 	EXP 	chooseNowText_2: height = 0.025
260.9594 	EXP 	chooseNowText_2: height = 0.025
260.9594 	EXP 	chooseNowText_2: height = 0.025
260.9758 	EXP 	chooseNowText_2: height = 0.025
260.9758 	EXP 	chooseNowText_2: height = 0.025
260.9758 	EXP 	chooseNowText_2: height = 0.025
260.9925 	EXP 	chooseNowText_2: height = 0.025
260.9925 	EXP 	chooseNowText_2: height = 0.025
260.9925 	EXP 	chooseNowText_2: height = 0.025
261.0096 	EXP 	chooseNowText_2: height = 0.025
261.0096 	EXP 	chooseNowText_2: height = 0.025
261.0096 	EXP 	chooseNowText_2: height = 0.025
261.0261 	EXP 	chooseNowText_2: height = 0.025
261.0261 	EXP 	chooseNowText_2: height = 0.025
261.0261 	EXP 	chooseNowText_2: height = 0.025
261.0428 	EXP 	chooseNowText_2: height = 0.025
261.0428 	EXP 	chooseNowText_2: height = 0.025
261.0428 	EXP 	chooseNowText_2: height = 0.025
261.0597 	EXP 	chooseNowText_2: height = 0.025
261.0597 	EXP 	chooseNowText_2: height = 0.025
261.0597 	EXP 	chooseNowText_2: height = 0.025
261.0765 	EXP 	chooseNowText_2: height = 0.025
261.0765 	EXP 	chooseNowText_2: height = 0.025
261.0765 	EXP 	chooseNowText_2: height = 0.025
261.0925 	EXP 	chooseNowText_2: height = 0.025
261.0925 	EXP 	chooseNowText_2: height = 0.025
261.0925 	EXP 	chooseNowText_2: height = 0.025
261.1097 	EXP 	chooseNowText_2: height = 0.025
261.1097 	EXP 	chooseNowText_2: height = 0.025
261.1097 	EXP 	chooseNowText_2: height = 0.025
261.1264 	EXP 	chooseNowText_2: height = 0.025
261.1264 	EXP 	chooseNowText_2: height = 0.025
261.1264 	EXP 	chooseNowText_2: height = 0.025
261.1431 	EXP 	chooseNowText_2: height = 0.025
261.1431 	EXP 	chooseNowText_2: height = 0.025
261.1431 	EXP 	chooseNowText_2: height = 0.025
261.1600 	EXP 	chooseNowText_2: height = 0.025
261.1600 	EXP 	chooseNowText_2: height = 0.025
261.1600 	EXP 	chooseNowText_2: height = 0.025
261.1764 	EXP 	chooseNowText_2: height = 0.025
261.1764 	EXP 	chooseNowText_2: height = 0.025
261.1764 	EXP 	chooseNowText_2: height = 0.025
261.1930 	EXP 	chooseNowText_2: height = 0.025
261.1930 	EXP 	chooseNowText_2: height = 0.025
261.1930 	EXP 	chooseNowText_2: height = 0.025
261.2097 	EXP 	chooseNowText_2: height = 0.025
261.2097 	EXP 	chooseNowText_2: height = 0.025
261.2097 	EXP 	chooseNowText_2: height = 0.025
261.2262 	EXP 	chooseNowText_2: height = 0.025
261.2262 	EXP 	chooseNowText_2: height = 0.025
261.2262 	EXP 	chooseNowText_2: height = 0.025
261.2437 	EXP 	chooseNowText_2: height = 0.025
261.2437 	EXP 	chooseNowText_2: height = 0.025
261.2437 	EXP 	chooseNowText_2: height = 0.025
261.2598 	EXP 	chooseNowText_2: height = 0.025
261.2598 	EXP 	chooseNowText_2: height = 0.025
261.2598 	EXP 	chooseNowText_2: height = 0.025
261.2762 	EXP 	yes_txt: autoDraw = False
261.2762 	EXP 	no_txt: autoDraw = False
261.2762 	EXP 	chooseNowText_2: height = 0.025
261.2762 	EXP 	chooseNowText_2: height = 0.025
261.2762 	EXP 	chooseNowText_2: height = 0.025
261.2762 	EXP 	polygon_6: autoDraw = False
261.2762 	EXP 	yes_txt: autoDraw = False
261.2762 	EXP 	no_txt: autoDraw = False
261.2762 	EXP 	chooseNowText_2: autoDraw = False
261.2762 	EXP 	tooSlowtext_4: height = 0.025
261.2762 	EXP 	tooSlowtext_4: height = 0.025
261.2762 	EXP 	tooSlowtext_4: height = 0.025
261.2762 	EXP 	tooSlowtext_4: text = ''
261.2762 	EXP 	tooSlowtext_4: height = 0.025
261.2762 	EXP 	tooSlowtext_4: height = 0.025
261.2762 	EXP 	tooSlowtext_4: height = 0.025
261.2762 	EXP 	tooSlowtext_4: text = 'Zu langsam. Sie müssen schneller antworten.'
261.2762 	EXP 	tooSlowtext_4: autoDraw = True
261.7615 	INFO 	Keyboard events cleared
261.7922 	EXP 	tooSlowtext_4: autoDraw = False
261.7922 	EXP 	tooSlowtext_4: autoDraw = False
261.7922 	EXP 	chooseNowText_3: height = 0.025
261.7922 	EXP 	chooseNowText_3: height = 0.025
261.7922 	EXP 	chooseNowText_3: height = 0.025
261.7922 	EXP 	opt_2: foreColor = <psychopy.colors.Color: white, alpha=1.0>
261.7922 	EXP 	opt_3: foreColor = <psychopy.colors.Color: white, alpha=1.0>
261.7922 	EXP 	opt_4: foreColor = <psychopy.colors.Color: white, alpha=1.0>
261.7922 	EXP 	opt_5: foreColor = <psychopy.colors.Color: white, alpha=1.0>
261.7922 	EXP 	chooseNowText_3: autoDraw = True
261.7922 	EXP 	opt_2: autoDraw = True
261.7922 	EXP 	opt_3: autoDraw = True
261.7922 	EXP 	opt_4: autoDraw = True
261.7922 	EXP 	opt_5: autoDraw = True
262.2761 	INFO 	Keyboard events cleared
263.7756 	EXP 	chooseNowText_3: height = 0.025
263.7756 	EXP 	chooseNowText_3: height = 0.025
263.7756 	EXP 	chooseNowText_3: height = 0.025
263.7923 	EXP 	chooseNowText_3: height = 0.025
263.7923 	EXP 	chooseNowText_3: height = 0.025
263.7923 	EXP 	chooseNowText_3: height = 0.025
263.8092 	EXP 	chooseNowText_3: height = 0.025
263.8092 	EXP 	chooseNowText_3: height = 0.025
263.8092 	EXP 	chooseNowText_3: height = 0.025
263.8259 	EXP 	chooseNowText_3: height = 0.025
263.8259 	EXP 	chooseNowText_3: height = 0.025
263.8259 	EXP 	chooseNowText_3: height = 0.025
263.8428 	EXP 	chooseNowText_3: height = 0.025
263.8428 	EXP 	chooseNowText_3: height = 0.025
263.8428 	EXP 	chooseNowText_3: height = 0.025
263.8596 	EXP 	chooseNowText_3: height = 0.025
263.8596 	EXP 	chooseNowText_3: height = 0.025
263.8596 	EXP 	chooseNowText_3: height = 0.025
263.8768 	EXP 	chooseNowText_3: height = 0.025
263.8768 	EXP 	chooseNowText_3: height = 0.025
263.8768 	EXP 	chooseNowText_3: height = 0.025
263.8932 	EXP 	chooseNowText_3: height = 0.025
263.8932 	EXP 	chooseNowText_3: height = 0.025
263.8932 	EXP 	chooseNowText_3: height = 0.025
263.9092 	EXP 	chooseNowText_3: height = 0.025
263.9092 	EXP 	chooseNowText_3: height = 0.025
263.9092 	EXP 	chooseNowText_3: height = 0.025
263.9260 	EXP 	chooseNowText_3: height = 0.025
263.9260 	EXP 	chooseNowText_3: height = 0.025
263.9260 	EXP 	chooseNowText_3: height = 0.025
263.9434 	EXP 	chooseNowText_3: height = 0.025
263.9434 	EXP 	chooseNowText_3: height = 0.025
263.9434 	EXP 	chooseNowText_3: height = 0.025
263.9590 	EXP 	chooseNowText_3: height = 0.025
263.9590 	EXP 	chooseNowText_3: height = 0.025
263.9590 	EXP 	chooseNowText_3: height = 0.025
263.9756 	EXP 	chooseNowText_3: height = 0.025
263.9756 	EXP 	chooseNowText_3: height = 0.025
263.9756 	EXP 	chooseNowText_3: height = 0.025
263.9923 	EXP 	chooseNowText_3: height = 0.025
263.9923 	EXP 	chooseNowText_3: height = 0.025
263.9923 	EXP 	chooseNowText_3: height = 0.025
264.0092 	EXP 	chooseNowText_3: height = 0.025
264.0092 	EXP 	chooseNowText_3: height = 0.025
264.0092 	EXP 	chooseNowText_3: height = 0.025
264.0258 	EXP 	chooseNowText_3: height = 0.025
264.0258 	EXP 	chooseNowText_3: height = 0.025
264.0258 	EXP 	chooseNowText_3: height = 0.025
264.0422 	EXP 	chooseNowText_3: height = 0.025
264.0422 	EXP 	chooseNowText_3: height = 0.025
264.0422 	EXP 	chooseNowText_3: height = 0.025
264.0586 	EXP 	chooseNowText_3: height = 0.025
264.0586 	EXP 	chooseNowText_3: height = 0.025
264.0586 	EXP 	chooseNowText_3: height = 0.025
264.0750 	EXP 	chooseNowText_3: height = 0.025
264.0750 	EXP 	chooseNowText_3: height = 0.025
264.0750 	EXP 	chooseNowText_3: height = 0.025
264.0919 	EXP 	chooseNowText_3: height = 0.025
264.0919 	EXP 	chooseNowText_3: height = 0.025
264.0919 	EXP 	chooseNowText_3: height = 0.025
264.1087 	EXP 	chooseNowText_3: height = 0.025
264.1087 	EXP 	chooseNowText_3: height = 0.025
264.1087 	EXP 	chooseNowText_3: height = 0.025
264.1252 	EXP 	chooseNowText_3: height = 0.025
264.1252 	EXP 	chooseNowText_3: height = 0.025
264.1252 	EXP 	chooseNowText_3: height = 0.025
264.1419 	EXP 	chooseNowText_3: height = 0.025
264.1419 	EXP 	chooseNowText_3: height = 0.025
264.1419 	EXP 	chooseNowText_3: height = 0.025
264.1587 	EXP 	chooseNowText_3: height = 0.025
264.1587 	EXP 	chooseNowText_3: height = 0.025
264.1587 	EXP 	chooseNowText_3: height = 0.025
264.1752 	EXP 	chooseNowText_3: height = 0.025
264.1752 	EXP 	chooseNowText_3: height = 0.025
264.1752 	EXP 	chooseNowText_3: height = 0.025
264.1920 	EXP 	chooseNowText_3: height = 0.025
264.1920 	EXP 	chooseNowText_3: height = 0.025
264.1920 	EXP 	chooseNowText_3: height = 0.025
264.2087 	EXP 	chooseNowText_3: height = 0.025
264.2087 	EXP 	chooseNowText_3: height = 0.025
264.2087 	EXP 	chooseNowText_3: height = 0.025
264.2253 	EXP 	chooseNowText_3: height = 0.025
264.2253 	EXP 	chooseNowText_3: height = 0.025
264.2253 	EXP 	chooseNowText_3: height = 0.025
264.2422 	EXP 	chooseNowText_3: height = 0.025
264.2422 	EXP 	chooseNowText_3: height = 0.025
264.2422 	EXP 	chooseNowText_3: height = 0.025
264.2588 	EXP 	chooseNowText_3: height = 0.025
264.2588 	EXP 	chooseNowText_3: height = 0.025
264.2588 	EXP 	chooseNowText_3: height = 0.025
264.2753 	EXP 	chooseNowText_3: height = 0.025
264.2753 	EXP 	chooseNowText_3: height = 0.025
264.2753 	EXP 	chooseNowText_3: height = 0.025
264.2919 	EXP 	chooseNowText_3: height = 0.025
264.2919 	EXP 	chooseNowText_3: height = 0.025
264.2919 	EXP 	chooseNowText_3: height = 0.025
264.3085 	EXP 	chooseNowText_3: height = 0.025
264.3085 	EXP 	chooseNowText_3: height = 0.025
264.3085 	EXP 	chooseNowText_3: height = 0.025
264.3252 	EXP 	chooseNowText_3: height = 0.025
264.3252 	EXP 	chooseNowText_3: height = 0.025
264.3252 	EXP 	chooseNowText_3: height = 0.025
264.3422 	EXP 	chooseNowText_3: height = 0.025
264.3422 	EXP 	chooseNowText_3: height = 0.025
264.3422 	EXP 	chooseNowText_3: height = 0.025
264.3586 	EXP 	chooseNowText_3: height = 0.025
264.3586 	EXP 	chooseNowText_3: height = 0.025
264.3586 	EXP 	chooseNowText_3: height = 0.025
264.3761 	EXP 	chooseNowText_3: height = 0.025
264.3761 	EXP 	chooseNowText_3: height = 0.025
264.3761 	EXP 	chooseNowText_3: height = 0.025
264.3922 	EXP 	chooseNowText_3: height = 0.025
264.3922 	EXP 	chooseNowText_3: height = 0.025
264.3922 	EXP 	chooseNowText_3: height = 0.025
264.4089 	EXP 	chooseNowText_3: height = 0.025
264.4089 	EXP 	chooseNowText_3: height = 0.025
264.4089 	EXP 	chooseNowText_3: height = 0.025
264.4252 	EXP 	chooseNowText_3: height = 0.025
264.4252 	EXP 	chooseNowText_3: height = 0.025
264.4252 	EXP 	chooseNowText_3: height = 0.025
264.4417 	EXP 	chooseNowText_3: height = 0.025
264.4417 	EXP 	chooseNowText_3: height = 0.025
264.4417 	EXP 	chooseNowText_3: height = 0.025
264.4584 	EXP 	chooseNowText_3: height = 0.025
264.4584 	EXP 	chooseNowText_3: height = 0.025
264.4584 	EXP 	chooseNowText_3: height = 0.025
264.4751 	EXP 	chooseNowText_3: height = 0.025
264.4751 	EXP 	chooseNowText_3: height = 0.025
264.4751 	EXP 	chooseNowText_3: height = 0.025
264.4927 	EXP 	chooseNowText_3: height = 0.025
264.4927 	EXP 	chooseNowText_3: height = 0.025
264.4927 	EXP 	chooseNowText_3: height = 0.025
264.5083 	EXP 	chooseNowText_3: height = 0.025
264.5083 	EXP 	chooseNowText_3: height = 0.025
264.5083 	EXP 	chooseNowText_3: height = 0.025
264.5249 	EXP 	chooseNowText_3: height = 0.025
264.5249 	EXP 	chooseNowText_3: height = 0.025
264.5249 	EXP 	chooseNowText_3: height = 0.025
264.5416 	EXP 	chooseNowText_3: height = 0.025
264.5416 	EXP 	chooseNowText_3: height = 0.025
264.5416 	EXP 	chooseNowText_3: height = 0.025
264.5583 	EXP 	chooseNowText_3: height = 0.025
264.5583 	EXP 	chooseNowText_3: height = 0.025
264.5583 	EXP 	chooseNowText_3: height = 0.025
264.5749 	EXP 	chooseNowText_3: height = 0.025
264.5749 	EXP 	chooseNowText_3: height = 0.025
264.5749 	EXP 	chooseNowText_3: height = 0.025
264.5918 	EXP 	chooseNowText_3: height = 0.025
264.5918 	EXP 	chooseNowText_3: height = 0.025
264.5918 	EXP 	chooseNowText_3: height = 0.025
264.6083 	EXP 	chooseNowText_3: height = 0.025
264.6083 	EXP 	chooseNowText_3: height = 0.025
264.6083 	EXP 	chooseNowText_3: height = 0.025
264.6255 	EXP 	chooseNowText_3: height = 0.025
264.6255 	EXP 	chooseNowText_3: height = 0.025
264.6255 	EXP 	chooseNowText_3: height = 0.025
264.6417 	EXP 	chooseNowText_3: height = 0.025
264.6417 	EXP 	chooseNowText_3: height = 0.025
264.6417 	EXP 	chooseNowText_3: height = 0.025
264.6582 	EXP 	chooseNowText_3: height = 0.025
264.6582 	EXP 	chooseNowText_3: height = 0.025
264.6582 	EXP 	chooseNowText_3: height = 0.025
264.6749 	EXP 	chooseNowText_3: height = 0.025
264.6749 	EXP 	chooseNowText_3: height = 0.025
264.6749 	EXP 	chooseNowText_3: height = 0.025
264.6917 	EXP 	chooseNowText_3: height = 0.025
264.6917 	EXP 	chooseNowText_3: height = 0.025
264.6917 	EXP 	chooseNowText_3: height = 0.025
264.7084 	EXP 	chooseNowText_3: height = 0.025
264.7084 	EXP 	chooseNowText_3: height = 0.025
264.7084 	EXP 	chooseNowText_3: height = 0.025
264.7248 	EXP 	chooseNowText_3: height = 0.025
264.7248 	EXP 	chooseNowText_3: height = 0.025
264.7248 	EXP 	chooseNowText_3: height = 0.025
264.7414 	EXP 	chooseNowText_3: height = 0.025
264.7414 	EXP 	chooseNowText_3: height = 0.025
264.7414 	EXP 	chooseNowText_3: height = 0.025
264.7582 	EXP 	chooseNowText_3: height = 0.025
264.7582 	EXP 	chooseNowText_3: height = 0.025
264.7582 	EXP 	chooseNowText_3: height = 0.025
264.7751 	EXP 	chooseNowText_3: height = 0.025
264.7751 	EXP 	chooseNowText_3: height = 0.025
264.7751 	EXP 	chooseNowText_3: height = 0.025
264.7919 	EXP 	chooseNowText_3: height = 0.025
264.7919 	EXP 	chooseNowText_3: height = 0.025
264.7919 	EXP 	chooseNowText_3: height = 0.025
264.7919 	EXP 	chooseNowText_3: autoDraw = False
264.7919 	EXP 	opt_2: autoDraw = False
264.7919 	EXP 	opt_3: autoDraw = False
264.7919 	EXP 	opt_4: autoDraw = False
264.7919 	EXP 	opt_5: autoDraw = False
264.8085 	EXP 	chooseNowText_3: height = 0.025
264.8085 	EXP 	chooseNowText_3: height = 0.025
264.8085 	EXP 	chooseNowText_3: height = 0.025
264.8252 	EXP 	chooseNowText_3: height = 0.025
264.8252 	EXP 	chooseNowText_3: height = 0.025
264.8252 	EXP 	chooseNowText_3: height = 0.025
264.8419 	EXP 	chooseNowText_3: height = 0.025
264.8419 	EXP 	chooseNowText_3: height = 0.025
264.8419 	EXP 	chooseNowText_3: height = 0.025
264.8584 	EXP 	chooseNowText_3: height = 0.025
264.8584 	EXP 	chooseNowText_3: height = 0.025
264.8584 	EXP 	chooseNowText_3: height = 0.025
264.8751 	EXP 	chooseNowText_3: height = 0.025
264.8751 	EXP 	chooseNowText_3: height = 0.025
264.8751 	EXP 	chooseNowText_3: height = 0.025
264.8920 	EXP 	chooseNowText_3: height = 0.025
264.8920 	EXP 	chooseNowText_3: height = 0.025
264.8920 	EXP 	chooseNowText_3: height = 0.025
264.9082 	EXP 	chooseNowText_3: height = 0.025
264.9082 	EXP 	chooseNowText_3: height = 0.025
264.9082 	EXP 	chooseNowText_3: height = 0.025
264.9253 	EXP 	chooseNowText_3: height = 0.025
264.9253 	EXP 	chooseNowText_3: height = 0.025
264.9253 	EXP 	chooseNowText_3: height = 0.025
264.9416 	EXP 	chooseNowText_3: height = 0.025
264.9416 	EXP 	chooseNowText_3: height = 0.025
264.9416 	EXP 	chooseNowText_3: height = 0.025
264.9581 	EXP 	chooseNowText_3: height = 0.025
264.9581 	EXP 	chooseNowText_3: height = 0.025
264.9581 	EXP 	chooseNowText_3: height = 0.025
264.9749 	EXP 	chooseNowText_3: height = 0.025
264.9749 	EXP 	chooseNowText_3: height = 0.025
264.9749 	EXP 	chooseNowText_3: height = 0.025
264.9922 	EXP 	chooseNowText_3: height = 0.025
264.9922 	EXP 	chooseNowText_3: height = 0.025
264.9922 	EXP 	chooseNowText_3: height = 0.025
265.0081 	EXP 	chooseNowText_3: height = 0.025
265.0081 	EXP 	chooseNowText_3: height = 0.025
265.0081 	EXP 	chooseNowText_3: height = 0.025
265.0250 	EXP 	chooseNowText_3: height = 0.025
265.0250 	EXP 	chooseNowText_3: height = 0.025
265.0250 	EXP 	chooseNowText_3: height = 0.025
265.0417 	EXP 	chooseNowText_3: height = 0.025
265.0417 	EXP 	chooseNowText_3: height = 0.025
265.0417 	EXP 	chooseNowText_3: height = 0.025
265.0583 	EXP 	chooseNowText_3: height = 0.025
265.0583 	EXP 	chooseNowText_3: height = 0.025
265.0583 	EXP 	chooseNowText_3: height = 0.025
265.0750 	EXP 	chooseNowText_3: height = 0.025
265.0750 	EXP 	chooseNowText_3: height = 0.025
265.0750 	EXP 	chooseNowText_3: height = 0.025
265.0917 	EXP 	chooseNowText_3: height = 0.025
265.0917 	EXP 	chooseNowText_3: height = 0.025
265.0917 	EXP 	chooseNowText_3: height = 0.025
265.1084 	EXP 	chooseNowText_3: height = 0.025
265.1084 	EXP 	chooseNowText_3: height = 0.025
265.1084 	EXP 	chooseNowText_3: height = 0.025
265.1249 	EXP 	chooseNowText_3: height = 0.025
265.1249 	EXP 	chooseNowText_3: height = 0.025
265.1249 	EXP 	chooseNowText_3: height = 0.025
265.1416 	EXP 	chooseNowText_3: height = 0.025
265.1416 	EXP 	chooseNowText_3: height = 0.025
265.1416 	EXP 	chooseNowText_3: height = 0.025
265.1582 	EXP 	chooseNowText_3: height = 0.025
265.1582 	EXP 	chooseNowText_3: height = 0.025
265.1582 	EXP 	chooseNowText_3: height = 0.025
265.1750 	EXP 	chooseNowText_3: height = 0.025
265.1750 	EXP 	chooseNowText_3: height = 0.025
265.1750 	EXP 	chooseNowText_3: height = 0.025
265.1918 	EXP 	chooseNowText_3: height = 0.025
265.1918 	EXP 	chooseNowText_3: height = 0.025
265.1918 	EXP 	chooseNowText_3: height = 0.025
265.2084 	EXP 	chooseNowText_3: height = 0.025
265.2084 	EXP 	chooseNowText_3: height = 0.025
265.2084 	EXP 	chooseNowText_3: height = 0.025
265.2247 	EXP 	chooseNowText_3: height = 0.025
265.2247 	EXP 	chooseNowText_3: height = 0.025
265.2247 	EXP 	chooseNowText_3: height = 0.025
265.2417 	EXP 	chooseNowText_3: height = 0.025
265.2417 	EXP 	chooseNowText_3: height = 0.025
265.2417 	EXP 	chooseNowText_3: height = 0.025
265.2585 	EXP 	chooseNowText_3: height = 0.025
265.2585 	EXP 	chooseNowText_3: height = 0.025
265.2585 	EXP 	chooseNowText_3: height = 0.025
265.2750 	EXP 	chooseNowText_3: height = 0.025
265.2750 	EXP 	chooseNowText_3: height = 0.025
265.2750 	EXP 	chooseNowText_3: height = 0.025
265.2750 	EXP 	chooseNowText_3: autoDraw = False
265.2750 	EXP 	opt_2: autoDraw = False
265.2750 	EXP 	opt_3: autoDraw = False
265.2750 	EXP 	opt_4: autoDraw = False
265.2750 	EXP 	opt_5: autoDraw = False
265.2750 	EXP 	tooSlowtext_2: height = 0.025
265.2750 	EXP 	tooSlowtext_2: height = 0.025
265.2750 	EXP 	tooSlowtext_2: height = 0.025
265.2750 	EXP 	tooSlowtext_2: text = ''
265.2750 	EXP 	tooSlowtext_2: height = 0.025
265.2750 	EXP 	tooSlowtext_2: height = 0.025
265.2750 	EXP 	tooSlowtext_2: height = 0.025
265.2750 	EXP 	tooSlowtext_2: text = 'Zu langsam. Sie müssen schneller antworten.'
265.2750 	EXP 	tooSlowtext_2: autoDraw = True
265.7604 	EXP 	New trial (rep=0, index=11): <Trial 11 (11 in rep 0) data={'learningSeq': 'A', 'block': 'block1', 'runIndexWithinSeq': 1, 'miniblockWithinRun': 2, 'coupleIndexWithinRoute': 11, 'img_first': 'stimuli/jacket/jacket_44.jpg', 'img_second': 'stimuli/hammer/hammer_16.jpg', 'img_third': None, 'distance_correct': 5, 'trial_type': 1, 'opt_left': 'yes', 'opt_right': 'no', 'correct_side': 'left', 'correct_key': 'left', 'is_yes': 1, 'image_dur_retr': 1.2, 'fix_dur_retr': 0.2, 'iti_dur_retr': 0.59, 'reflection_win_dur': 2.22, 'routeIndexWithinBlock': 1, 'seqOfRoute': 'A', 'retrIm1Trig': 10, 'retrIm2Trig': 7, 'thisN': 11, 'thisTrialN': 11, 'thisRepN': 0}>
265.7745 	EXP 	tooSlowtext_2: autoDraw = False
265.7745 	EXP 	tooSlowtext_2: autoDraw = False
265.7745 	EXP 	fix_cross_retrbegin_2: text = '+'
265.7745 	EXP 	fix_cross_retrbegin_2: autoDraw = True
266.4423 	EXP 	fix_cross_retrbegin_2: autoDraw = False
266.4423 	EXP 	fix_cross_retrbegin_2: autoDraw = False
266.4423 	EXP 	image_1: image = 'stimuli/jacket/jacket_44.jpg'
266.4423 	EXP 	image_1: autoDraw = True
267.4412 	EXP 	image_1: autoDraw = False
267.4412 	EXP 	image_1: autoDraw = False
267.4412 	EXP 	mask_img1_2: autoDraw = True
267.7103 	EXP 	mask_img1_2: autoDraw = False
267.7103 	EXP 	mask_img1_2: autoDraw = False
267.7103 	EXP 	image_2: image = 'stimuli/hammer/hammer_16.jpg'
267.7103 	EXP 	image_2: autoDraw = True
268.7240 	EXP 	image_2: autoDraw = False
268.7240 	EXP 	image_2: autoDraw = False
268.7240 	EXP 	mask_img2_2: autoDraw = True
268.9734 	EXP 	mask_img2_2: autoDraw = False
268.9734 	EXP 	mask_img2_2: autoDraw = False
268.9734 	EXP 	fix_cross_reflretr: autoDraw = True
271.2038 	INFO 	Keyboard events cleared
271.2393 	INFO 	Keyboard events cleared
271.2391 	EXP 	fix_cross_reflretr: autoDraw = False
271.2391 	EXP 	fix_cross_reflretr: autoDraw = False
271.2391 	EXP 	yes_txt: text = 'ja'
271.2391 	EXP 	no_txt: text = 'nein'
271.2391 	EXP 	chooseNowText_2: height = 0.025
271.2391 	EXP 	chooseNowText_2: height = 0.025
271.2391 	EXP 	chooseNowText_2: height = 0.025
271.2391 	EXP 	polygon_6: autoDraw = True
271.2391 	EXP 	yes_txt: autoDraw = True
271.2391 	EXP 	no_txt: autoDraw = True
271.2391 	EXP 	chooseNowText_2: autoDraw = True
273.2223 	EXP 	chooseNowText_2: height = 0.025
273.2223 	EXP 	chooseNowText_2: height = 0.025
273.2223 	EXP 	chooseNowText_2: height = 0.025
273.2391 	EXP 	chooseNowText_2: height = 0.025
273.2391 	EXP 	chooseNowText_2: height = 0.025
273.2391 	EXP 	chooseNowText_2: height = 0.025
273.2560 	EXP 	chooseNowText_2: height = 0.025
273.2560 	EXP 	chooseNowText_2: height = 0.025
273.2560 	EXP 	chooseNowText_2: height = 0.025
273.2723 	EXP 	chooseNowText_2: height = 0.025
273.2723 	EXP 	chooseNowText_2: height = 0.025
273.2723 	EXP 	chooseNowText_2: height = 0.025
273.2889 	EXP 	chooseNowText_2: height = 0.025
273.2889 	EXP 	chooseNowText_2: height = 0.025
273.2889 	EXP 	chooseNowText_2: height = 0.025
273.3057 	EXP 	chooseNowText_2: height = 0.025
273.3057 	EXP 	chooseNowText_2: height = 0.025
273.3057 	EXP 	chooseNowText_2: height = 0.025
273.3224 	EXP 	chooseNowText_2: height = 0.025
273.3224 	EXP 	chooseNowText_2: height = 0.025
273.3224 	EXP 	chooseNowText_2: height = 0.025
273.3391 	EXP 	chooseNowText_2: height = 0.025
273.3391 	EXP 	chooseNowText_2: height = 0.025
273.3391 	EXP 	chooseNowText_2: height = 0.025
273.3558 	EXP 	chooseNowText_2: height = 0.025
273.3558 	EXP 	chooseNowText_2: height = 0.025
273.3558 	EXP 	chooseNowText_2: height = 0.025
273.3725 	EXP 	chooseNowText_2: height = 0.025
273.3725 	EXP 	chooseNowText_2: height = 0.025
273.3725 	EXP 	chooseNowText_2: height = 0.025
273.3889 	EXP 	chooseNowText_2: height = 0.025
273.3889 	EXP 	chooseNowText_2: height = 0.025
273.3889 	EXP 	chooseNowText_2: height = 0.025
273.4056 	EXP 	chooseNowText_2: height = 0.025
273.4056 	EXP 	chooseNowText_2: height = 0.025
273.4056 	EXP 	chooseNowText_2: height = 0.025
273.4277 	EXP 	chooseNowText_2: height = 0.025
273.4277 	EXP 	chooseNowText_2: height = 0.025
273.4277 	EXP 	chooseNowText_2: height = 0.025
273.4553 	EXP 	chooseNowText_2: height = 0.025
273.4553 	EXP 	chooseNowText_2: height = 0.025
273.4553 	EXP 	chooseNowText_2: height = 0.025
273.4723 	EXP 	chooseNowText_2: height = 0.025
273.4723 	EXP 	chooseNowText_2: height = 0.025
273.4723 	EXP 	chooseNowText_2: height = 0.025
273.4888 	EXP 	chooseNowText_2: height = 0.025
273.4888 	EXP 	chooseNowText_2: height = 0.025
273.4888 	EXP 	chooseNowText_2: height = 0.025
273.5053 	EXP 	chooseNowText_2: height = 0.025
273.5053 	EXP 	chooseNowText_2: height = 0.025
273.5053 	EXP 	chooseNowText_2: height = 0.025
273.5220 	EXP 	chooseNowText_2: height = 0.025
273.5220 	EXP 	chooseNowText_2: height = 0.025
273.5220 	EXP 	chooseNowText_2: height = 0.025
273.5391 	EXP 	chooseNowText_2: height = 0.025
273.5391 	EXP 	chooseNowText_2: height = 0.025
273.5391 	EXP 	chooseNowText_2: height = 0.025
273.5599 	EXP 	chooseNowText_2: height = 0.025
273.5599 	EXP 	chooseNowText_2: height = 0.025
273.5599 	EXP 	chooseNowText_2: height = 0.025
273.5791 	EXP 	chooseNowText_2: height = 0.025
273.5791 	EXP 	chooseNowText_2: height = 0.025
273.5791 	EXP 	chooseNowText_2: height = 0.025
273.5891 	EXP 	chooseNowText_2: height = 0.025
273.5891 	EXP 	chooseNowText_2: height = 0.025
273.5891 	EXP 	chooseNowText_2: height = 0.025
273.6058 	EXP 	chooseNowText_2: height = 0.025
273.6058 	EXP 	chooseNowText_2: height = 0.025
273.6058 	EXP 	chooseNowText_2: height = 0.025
273.6225 	EXP 	chooseNowText_2: height = 0.025
273.6225 	EXP 	chooseNowText_2: height = 0.025
273.6225 	EXP 	chooseNowText_2: height = 0.025
273.6389 	EXP 	chooseNowText_2: height = 0.025
273.6389 	EXP 	chooseNowText_2: height = 0.025
273.6389 	EXP 	chooseNowText_2: height = 0.025
273.6558 	EXP 	chooseNowText_2: height = 0.025
273.6558 	EXP 	chooseNowText_2: height = 0.025
273.6558 	EXP 	chooseNowText_2: height = 0.025
273.6724 	EXP 	chooseNowText_2: height = 0.025
273.6724 	EXP 	chooseNowText_2: height = 0.025
273.6724 	EXP 	chooseNowText_2: height = 0.025
273.6891 	EXP 	chooseNowText_2: height = 0.025
273.6891 	EXP 	chooseNowText_2: height = 0.025
273.6891 	EXP 	chooseNowText_2: height = 0.025
273.7056 	EXP 	chooseNowText_2: height = 0.025
273.7056 	EXP 	chooseNowText_2: height = 0.025
273.7056 	EXP 	chooseNowText_2: height = 0.025
273.7222 	EXP 	chooseNowText_2: height = 0.025
273.7222 	EXP 	chooseNowText_2: height = 0.025
273.7222 	EXP 	chooseNowText_2: height = 0.025
273.7390 	EXP 	chooseNowText_2: height = 0.025
273.7390 	EXP 	chooseNowText_2: height = 0.025
273.7390 	EXP 	chooseNowText_2: height = 0.025
273.7555 	EXP 	chooseNowText_2: height = 0.025
273.7555 	EXP 	chooseNowText_2: height = 0.025
273.7555 	EXP 	chooseNowText_2: height = 0.025
273.7719 	EXP 	chooseNowText_2: height = 0.025
273.7719 	EXP 	chooseNowText_2: height = 0.025
273.7719 	EXP 	chooseNowText_2: height = 0.025
273.7890 	EXP 	chooseNowText_2: height = 0.025
273.7890 	EXP 	chooseNowText_2: height = 0.025
273.7890 	EXP 	chooseNowText_2: height = 0.025
273.8055 	EXP 	chooseNowText_2: height = 0.025
273.8055 	EXP 	chooseNowText_2: height = 0.025
273.8055 	EXP 	chooseNowText_2: height = 0.025
273.8220 	EXP 	chooseNowText_2: height = 0.025
273.8220 	EXP 	chooseNowText_2: height = 0.025
273.8220 	EXP 	chooseNowText_2: height = 0.025
273.8389 	EXP 	chooseNowText_2: height = 0.025
273.8389 	EXP 	chooseNowText_2: height = 0.025
273.8389 	EXP 	chooseNowText_2: height = 0.025
273.8552 	EXP 	chooseNowText_2: height = 0.025
273.8552 	EXP 	chooseNowText_2: height = 0.025
273.8552 	EXP 	chooseNowText_2: height = 0.025
273.8722 	EXP 	chooseNowText_2: height = 0.025
273.8722 	EXP 	chooseNowText_2: height = 0.025
273.8722 	EXP 	chooseNowText_2: height = 0.025
273.8886 	EXP 	chooseNowText_2: height = 0.025
273.8886 	EXP 	chooseNowText_2: height = 0.025
273.8886 	EXP 	chooseNowText_2: height = 0.025
273.9055 	EXP 	chooseNowText_2: height = 0.025
273.9055 	EXP 	chooseNowText_2: height = 0.025
273.9055 	EXP 	chooseNowText_2: height = 0.025
273.9223 	EXP 	chooseNowText_2: height = 0.025
273.9223 	EXP 	chooseNowText_2: height = 0.025
273.9223 	EXP 	chooseNowText_2: height = 0.025
273.9387 	EXP 	chooseNowText_2: height = 0.025
273.9387 	EXP 	chooseNowText_2: height = 0.025
273.9387 	EXP 	chooseNowText_2: height = 0.025
273.9554 	EXP 	chooseNowText_2: height = 0.025
273.9554 	EXP 	chooseNowText_2: height = 0.025
273.9554 	EXP 	chooseNowText_2: height = 0.025
273.9720 	EXP 	chooseNowText_2: height = 0.025
273.9720 	EXP 	chooseNowText_2: height = 0.025
273.9720 	EXP 	chooseNowText_2: height = 0.025
273.9886 	EXP 	chooseNowText_2: height = 0.025
273.9886 	EXP 	chooseNowText_2: height = 0.025
273.9886 	EXP 	chooseNowText_2: height = 0.025
274.0055 	EXP 	chooseNowText_2: height = 0.025
274.0055 	EXP 	chooseNowText_2: height = 0.025
274.0055 	EXP 	chooseNowText_2: height = 0.025
274.0221 	EXP 	chooseNowText_2: height = 0.025
274.0221 	EXP 	chooseNowText_2: height = 0.025
274.0221 	EXP 	chooseNowText_2: height = 0.025
274.0385 	EXP 	chooseNowText_2: height = 0.025
274.0385 	EXP 	chooseNowText_2: height = 0.025
274.0385 	EXP 	chooseNowText_2: height = 0.025
274.0555 	EXP 	chooseNowText_2: height = 0.025
274.0555 	EXP 	chooseNowText_2: height = 0.025
274.0555 	EXP 	chooseNowText_2: height = 0.025
274.0722 	EXP 	chooseNowText_2: height = 0.025
274.0722 	EXP 	chooseNowText_2: height = 0.025
274.0722 	EXP 	chooseNowText_2: height = 0.025
274.0886 	EXP 	chooseNowText_2: height = 0.025
274.0886 	EXP 	chooseNowText_2: height = 0.025
274.0886 	EXP 	chooseNowText_2: height = 0.025
274.1057 	EXP 	chooseNowText_2: height = 0.025
274.1057 	EXP 	chooseNowText_2: height = 0.025
274.1057 	EXP 	chooseNowText_2: height = 0.025
274.1219 	EXP 	chooseNowText_2: height = 0.025
274.1219 	EXP 	chooseNowText_2: height = 0.025
274.1219 	EXP 	chooseNowText_2: height = 0.025
274.1383 	EXP 	chooseNowText_2: height = 0.025
274.1383 	EXP 	chooseNowText_2: height = 0.025
274.1383 	EXP 	chooseNowText_2: height = 0.025
274.1554 	EXP 	chooseNowText_2: height = 0.025
274.1554 	EXP 	chooseNowText_2: height = 0.025
274.1554 	EXP 	chooseNowText_2: height = 0.025
274.1721 	EXP 	chooseNowText_2: height = 0.025
274.1721 	EXP 	chooseNowText_2: height = 0.025
274.1721 	EXP 	chooseNowText_2: height = 0.025
274.1889 	EXP 	chooseNowText_2: height = 0.025
274.1889 	EXP 	chooseNowText_2: height = 0.025
274.1889 	EXP 	chooseNowText_2: height = 0.025
274.2053 	EXP 	chooseNowText_2: height = 0.025
274.2053 	EXP 	chooseNowText_2: height = 0.025
274.2053 	EXP 	chooseNowText_2: height = 0.025
274.2219 	EXP 	chooseNowText_2: height = 0.025
274.2219 	EXP 	chooseNowText_2: height = 0.025
274.2219 	EXP 	chooseNowText_2: height = 0.025
274.2219 	EXP 	polygon_6: autoDraw = False
274.2219 	EXP 	yes_txt: autoDraw = False
274.2219 	EXP 	no_txt: autoDraw = False
274.2219 	EXP 	chooseNowText_2: autoDraw = False
274.2219 	EXP 	tooSlowtext_4: height = 0.025
274.2219 	EXP 	tooSlowtext_4: height = 0.025
274.2219 	EXP 	tooSlowtext_4: height = 0.025
274.2219 	EXP 	tooSlowtext_4: text = ''
274.2219 	EXP 	tooSlowtext_4: height = 0.025
274.2219 	EXP 	tooSlowtext_4: height = 0.025
274.2219 	EXP 	tooSlowtext_4: height = 0.025
274.2219 	EXP 	tooSlowtext_4: text = 'Zu langsam. Sie müssen schneller antworten.'
274.2219 	EXP 	tooSlowtext_4: autoDraw = True
274.7075 	INFO 	Keyboard events cleared
274.7380 	EXP 	tooSlowtext_4: autoDraw = False
274.7380 	EXP 	tooSlowtext_4: autoDraw = False
274.7380 	EXP 	chooseNowText_3: height = 0.025
274.7380 	EXP 	chooseNowText_3: height = 0.025
274.7380 	EXP 	chooseNowText_3: height = 0.025
274.7380 	EXP 	opt_2: foreColor = <psychopy.colors.Color: white, alpha=1.0>
274.7380 	EXP 	opt_3: foreColor = <psychopy.colors.Color: white, alpha=1.0>
274.7380 	EXP 	opt_4: foreColor = <psychopy.colors.Color: white, alpha=1.0>
274.7380 	EXP 	opt_5: foreColor = <psychopy.colors.Color: white, alpha=1.0>
274.7380 	EXP 	chooseNowText_3: autoDraw = True
274.7380 	EXP 	opt_2: autoDraw = True
274.7380 	EXP 	opt_3: autoDraw = True
274.7380 	EXP 	opt_4: autoDraw = True
274.7380 	EXP 	opt_5: autoDraw = True
275.2059 	INFO 	Keyboard events cleared
276.7435 	EXP 	chooseNowText_3: height = 0.025
276.7435 	EXP 	chooseNowText_3: height = 0.025
276.7435 	EXP 	chooseNowText_3: height = 0.025
276.7544 	EXP 	chooseNowText_3: height = 0.025
276.7544 	EXP 	chooseNowText_3: height = 0.025
276.7544 	EXP 	chooseNowText_3: height = 0.025
276.7714 	EXP 	chooseNowText_3: height = 0.025
276.7714 	EXP 	chooseNowText_3: height = 0.025
276.7714 	EXP 	chooseNowText_3: height = 0.025
276.7879 	EXP 	chooseNowText_3: height = 0.025
276.7879 	EXP 	chooseNowText_3: height = 0.025
276.7879 	EXP 	chooseNowText_3: height = 0.025
276.8066 	EXP 	chooseNowText_3: height = 0.025
276.8066 	EXP 	chooseNowText_3: height = 0.025
276.8066 	EXP 	chooseNowText_3: height = 0.025
276.8294 	EXP 	chooseNowText_3: height = 0.025
276.8294 	EXP 	chooseNowText_3: height = 0.025
276.8294 	EXP 	chooseNowText_3: height = 0.025
276.8542 	EXP 	chooseNowText_3: height = 0.025
276.8542 	EXP 	chooseNowText_3: height = 0.025
276.8542 	EXP 	chooseNowText_3: height = 0.025
276.8712 	EXP 	chooseNowText_3: height = 0.025
276.8712 	EXP 	chooseNowText_3: height = 0.025
276.8712 	EXP 	chooseNowText_3: height = 0.025
276.8880 	EXP 	chooseNowText_3: height = 0.025
276.8880 	EXP 	chooseNowText_3: height = 0.025
276.8880 	EXP 	chooseNowText_3: height = 0.025
276.9047 	EXP 	chooseNowText_3: height = 0.025
276.9047 	EXP 	chooseNowText_3: height = 0.025
276.9047 	EXP 	chooseNowText_3: height = 0.025
276.9213 	EXP 	chooseNowText_3: height = 0.025
276.9213 	EXP 	chooseNowText_3: height = 0.025
276.9213 	EXP 	chooseNowText_3: height = 0.025
276.9380 	EXP 	chooseNowText_3: height = 0.025
276.9380 	EXP 	chooseNowText_3: height = 0.025
276.9380 	EXP 	chooseNowText_3: height = 0.025
276.9546 	EXP 	chooseNowText_3: height = 0.025
276.9546 	EXP 	chooseNowText_3: height = 0.025
276.9546 	EXP 	chooseNowText_3: height = 0.025
276.9712 	EXP 	chooseNowText_3: height = 0.025
276.9712 	EXP 	chooseNowText_3: height = 0.025
276.9712 	EXP 	chooseNowText_3: height = 0.025
276.9879 	EXP 	chooseNowText_3: height = 0.025
276.9879 	EXP 	chooseNowText_3: height = 0.025
276.9879 	EXP 	chooseNowText_3: height = 0.025
277.0046 	EXP 	chooseNowText_3: height = 0.025
277.0046 	EXP 	chooseNowText_3: height = 0.025
277.0046 	EXP 	chooseNowText_3: height = 0.025
277.0213 	EXP 	chooseNowText_3: height = 0.025
277.0213 	EXP 	chooseNowText_3: height = 0.025
277.0213 	EXP 	chooseNowText_3: height = 0.025
277.0379 	EXP 	chooseNowText_3: height = 0.025
277.0379 	EXP 	chooseNowText_3: height = 0.025
277.0379 	EXP 	chooseNowText_3: height = 0.025
277.0548 	EXP 	chooseNowText_3: height = 0.025
277.0548 	EXP 	chooseNowText_3: height = 0.025
277.0548 	EXP 	chooseNowText_3: height = 0.025
277.0715 	EXP 	chooseNowText_3: height = 0.025
277.0715 	EXP 	chooseNowText_3: height = 0.025
277.0715 	EXP 	chooseNowText_3: height = 0.025
277.0879 	EXP 	chooseNowText_3: height = 0.025
277.0879 	EXP 	chooseNowText_3: height = 0.025
277.0879 	EXP 	chooseNowText_3: height = 0.025
277.1043 	EXP 	chooseNowText_3: height = 0.025
277.1043 	EXP 	chooseNowText_3: height = 0.025
277.1043 	EXP 	chooseNowText_3: height = 0.025
277.1217 	EXP 	chooseNowText_3: height = 0.025
277.1217 	EXP 	chooseNowText_3: height = 0.025
277.1217 	EXP 	chooseNowText_3: height = 0.025
277.1381 	EXP 	chooseNowText_3: height = 0.025
277.1381 	EXP 	chooseNowText_3: height = 0.025
277.1381 	EXP 	chooseNowText_3: height = 0.025
277.1547 	EXP 	chooseNowText_3: height = 0.025
277.1547 	EXP 	chooseNowText_3: height = 0.025
277.1547 	EXP 	chooseNowText_3: height = 0.025
277.1714 	EXP 	chooseNowText_3: height = 0.025
277.1714 	EXP 	chooseNowText_3: height = 0.025
277.1714 	EXP 	chooseNowText_3: height = 0.025
277.1880 	EXP 	chooseNowText_3: height = 0.025
277.1880 	EXP 	chooseNowText_3: height = 0.025
277.1880 	EXP 	chooseNowText_3: height = 0.025
277.2047 	EXP 	chooseNowText_3: height = 0.025
277.2047 	EXP 	chooseNowText_3: height = 0.025
277.2047 	EXP 	chooseNowText_3: height = 0.025
277.2212 	EXP 	chooseNowText_3: height = 0.025
277.2212 	EXP 	chooseNowText_3: height = 0.025
277.2212 	EXP 	chooseNowText_3: height = 0.025
277.2380 	EXP 	chooseNowText_3: height = 0.025
277.2380 	EXP 	chooseNowText_3: height = 0.025
277.2380 	EXP 	chooseNowText_3: height = 0.025
277.2550 	EXP 	chooseNowText_3: height = 0.025
277.2550 	EXP 	chooseNowText_3: height = 0.025
277.2550 	EXP 	chooseNowText_3: height = 0.025
277.2712 	EXP 	chooseNowText_3: height = 0.025
277.2712 	EXP 	chooseNowText_3: height = 0.025
277.2712 	EXP 	chooseNowText_3: height = 0.025
277.2877 	EXP 	chooseNowText_3: height = 0.025
277.2877 	EXP 	chooseNowText_3: height = 0.025
277.2877 	EXP 	chooseNowText_3: height = 0.025
277.3044 	EXP 	chooseNowText_3: height = 0.025
277.3044 	EXP 	chooseNowText_3: height = 0.025
277.3044 	EXP 	chooseNowText_3: height = 0.025
277.3209 	EXP 	chooseNowText_3: height = 0.025
277.3209 	EXP 	chooseNowText_3: height = 0.025
277.3209 	EXP 	chooseNowText_3: height = 0.025
277.3375 	EXP 	chooseNowText_3: height = 0.025
277.3375 	EXP 	chooseNowText_3: height = 0.025
277.3375 	EXP 	chooseNowText_3: height = 0.025
277.3542 	EXP 	chooseNowText_3: height = 0.025
277.3542 	EXP 	chooseNowText_3: height = 0.025
277.3542 	EXP 	chooseNowText_3: height = 0.025
277.3711 	EXP 	chooseNowText_3: height = 0.025
277.3711 	EXP 	chooseNowText_3: height = 0.025
277.3711 	EXP 	chooseNowText_3: height = 0.025
277.3877 	EXP 	chooseNowText_3: height = 0.025
277.3877 	EXP 	chooseNowText_3: height = 0.025
277.3877 	EXP 	chooseNowText_3: height = 0.025
277.4043 	EXP 	chooseNowText_3: height = 0.025
277.4043 	EXP 	chooseNowText_3: height = 0.025
277.4043 	EXP 	chooseNowText_3: height = 0.025
277.4212 	EXP 	chooseNowText_3: height = 0.025
277.4212 	EXP 	chooseNowText_3: height = 0.025
277.4212 	EXP 	chooseNowText_3: height = 0.025
277.4375 	EXP 	chooseNowText_3: height = 0.025
277.4375 	EXP 	chooseNowText_3: height = 0.025
277.4375 	EXP 	chooseNowText_3: height = 0.025
277.4541 	EXP 	chooseNowText_3: height = 0.025
277.4541 	EXP 	chooseNowText_3: height = 0.025
277.4541 	EXP 	chooseNowText_3: height = 0.025
277.4709 	EXP 	chooseNowText_3: height = 0.025
277.4709 	EXP 	chooseNowText_3: height = 0.025
277.4709 	EXP 	chooseNowText_3: height = 0.025
277.4876 	EXP 	chooseNowText_3: height = 0.025
277.4876 	EXP 	chooseNowText_3: height = 0.025
277.4876 	EXP 	chooseNowText_3: height = 0.025
277.5044 	EXP 	chooseNowText_3: height = 0.025
277.5044 	EXP 	chooseNowText_3: height = 0.025
277.5044 	EXP 	chooseNowText_3: height = 0.025
277.5210 	EXP 	chooseNowText_3: height = 0.025
277.5210 	EXP 	chooseNowText_3: height = 0.025
277.5210 	EXP 	chooseNowText_3: height = 0.025
277.5377 	EXP 	chooseNowText_3: height = 0.025
277.5377 	EXP 	chooseNowText_3: height = 0.025
277.5377 	EXP 	chooseNowText_3: height = 0.025
277.5544 	EXP 	chooseNowText_3: height = 0.025
277.5544 	EXP 	chooseNowText_3: height = 0.025
277.5544 	EXP 	chooseNowText_3: height = 0.025
277.5710 	EXP 	chooseNowText_3: height = 0.025
277.5710 	EXP 	chooseNowText_3: height = 0.025
277.5710 	EXP 	chooseNowText_3: height = 0.025
277.5875 	EXP 	chooseNowText_3: height = 0.025
277.5875 	EXP 	chooseNowText_3: height = 0.025
277.5875 	EXP 	chooseNowText_3: height = 0.025
277.6042 	EXP 	chooseNowText_3: height = 0.025
277.6042 	EXP 	chooseNowText_3: height = 0.025
277.6042 	EXP 	chooseNowText_3: height = 0.025
277.6209 	EXP 	chooseNowText_3: height = 0.025
277.6209 	EXP 	chooseNowText_3: height = 0.025
277.6209 	EXP 	chooseNowText_3: height = 0.025
277.6374 	EXP 	chooseNowText_3: height = 0.025
277.6374 	EXP 	chooseNowText_3: height = 0.025
277.6374 	EXP 	chooseNowText_3: height = 0.025
277.6545 	EXP 	chooseNowText_3: height = 0.025
277.6545 	EXP 	chooseNowText_3: height = 0.025
277.6545 	EXP 	chooseNowText_3: height = 0.025
277.6710 	EXP 	chooseNowText_3: height = 0.025
277.6710 	EXP 	chooseNowText_3: height = 0.025
277.6710 	EXP 	chooseNowText_3: height = 0.025
277.6876 	EXP 	chooseNowText_3: height = 0.025
277.6876 	EXP 	chooseNowText_3: height = 0.025
277.6876 	EXP 	chooseNowText_3: height = 0.025
277.7045 	EXP 	chooseNowText_3: height = 0.025
277.7045 	EXP 	chooseNowText_3: height = 0.025
277.7045 	EXP 	chooseNowText_3: height = 0.025
277.7211 	EXP 	chooseNowText_3: height = 0.025
277.7211 	EXP 	chooseNowText_3: height = 0.025
277.7211 	EXP 	chooseNowText_3: height = 0.025
277.7373 	EXP 	chooseNowText_3: height = 0.025
277.7373 	EXP 	chooseNowText_3: height = 0.025
277.7373 	EXP 	chooseNowText_3: height = 0.025
277.7373 	EXP 	chooseNowText_3: autoDraw = False
277.7373 	EXP 	opt_2: autoDraw = False
277.7373 	EXP 	opt_3: autoDraw = False
277.7373 	EXP 	opt_4: autoDraw = False
277.7373 	EXP 	opt_5: autoDraw = False
277.7541 	EXP 	chooseNowText_3: height = 0.025
277.7541 	EXP 	chooseNowText_3: height = 0.025
277.7541 	EXP 	chooseNowText_3: height = 0.025
277.7708 	EXP 	chooseNowText_3: height = 0.025
277.7708 	EXP 	chooseNowText_3: height = 0.025
277.7708 	EXP 	chooseNowText_3: height = 0.025
277.7876 	EXP 	chooseNowText_3: height = 0.025
277.7876 	EXP 	chooseNowText_3: height = 0.025
277.7876 	EXP 	chooseNowText_3: height = 0.025
277.8043 	EXP 	chooseNowText_3: height = 0.025
277.8043 	EXP 	chooseNowText_3: height = 0.025
277.8043 	EXP 	chooseNowText_3: height = 0.025
277.8210 	EXP 	chooseNowText_3: height = 0.025
277.8210 	EXP 	chooseNowText_3: height = 0.025
277.8210 	EXP 	chooseNowText_3: height = 0.025
277.8373 	EXP 	chooseNowText_3: height = 0.025
277.8373 	EXP 	chooseNowText_3: height = 0.025
277.8373 	EXP 	chooseNowText_3: height = 0.025
277.8543 	EXP 	chooseNowText_3: height = 0.025
277.8543 	EXP 	chooseNowText_3: height = 0.025
277.8543 	EXP 	chooseNowText_3: height = 0.025
277.8711 	EXP 	chooseNowText_3: height = 0.025
277.8711 	EXP 	chooseNowText_3: height = 0.025
277.8711 	EXP 	chooseNowText_3: height = 0.025
277.8876 	EXP 	chooseNowText_3: height = 0.025
277.8876 	EXP 	chooseNowText_3: height = 0.025
277.8876 	EXP 	chooseNowText_3: height = 0.025
277.9041 	EXP 	chooseNowText_3: height = 0.025
277.9041 	EXP 	chooseNowText_3: height = 0.025
277.9041 	EXP 	chooseNowText_3: height = 0.025
277.9211 	EXP 	chooseNowText_3: height = 0.025
277.9211 	EXP 	chooseNowText_3: height = 0.025
277.9211 	EXP 	chooseNowText_3: height = 0.025
277.9374 	EXP 	chooseNowText_3: height = 0.025
277.9374 	EXP 	chooseNowText_3: height = 0.025
277.9374 	EXP 	chooseNowText_3: height = 0.025
277.9541 	EXP 	chooseNowText_3: height = 0.025
277.9541 	EXP 	chooseNowText_3: height = 0.025
277.9541 	EXP 	chooseNowText_3: height = 0.025
277.9708 	EXP 	chooseNowText_3: height = 0.025
277.9708 	EXP 	chooseNowText_3: height = 0.025
277.9708 	EXP 	chooseNowText_3: height = 0.025
277.9875 	EXP 	chooseNowText_3: height = 0.025
277.9875 	EXP 	chooseNowText_3: height = 0.025
277.9875 	EXP 	chooseNowText_3: height = 0.025
278.0043 	EXP 	chooseNowText_3: height = 0.025
278.0043 	EXP 	chooseNowText_3: height = 0.025
278.0043 	EXP 	chooseNowText_3: height = 0.025
278.0207 	EXP 	chooseNowText_3: height = 0.025
278.0207 	EXP 	chooseNowText_3: height = 0.025
278.0207 	EXP 	chooseNowText_3: height = 0.025
278.0374 	EXP 	chooseNowText_3: height = 0.025
278.0374 	EXP 	chooseNowText_3: height = 0.025
278.0374 	EXP 	chooseNowText_3: height = 0.025
278.0540 	EXP 	chooseNowText_3: height = 0.025
278.0540 	EXP 	chooseNowText_3: height = 0.025
278.0540 	EXP 	chooseNowText_3: height = 0.025
278.0709 	EXP 	chooseNowText_3: height = 0.025
278.0709 	EXP 	chooseNowText_3: height = 0.025
278.0709 	EXP 	chooseNowText_3: height = 0.025
278.0876 	EXP 	chooseNowText_3: height = 0.025
278.0876 	EXP 	chooseNowText_3: height = 0.025
278.0876 	EXP 	chooseNowText_3: height = 0.025
278.1042 	EXP 	chooseNowText_3: height = 0.025
278.1042 	EXP 	chooseNowText_3: height = 0.025
278.1042 	EXP 	chooseNowText_3: height = 0.025
278.1209 	EXP 	chooseNowText_3: height = 0.025
278.1209 	EXP 	chooseNowText_3: height = 0.025
278.1209 	EXP 	chooseNowText_3: height = 0.025
278.1376 	EXP 	chooseNowText_3: height = 0.025
278.1376 	EXP 	chooseNowText_3: height = 0.025
278.1376 	EXP 	chooseNowText_3: height = 0.025
278.1542 	EXP 	chooseNowText_3: height = 0.025
278.1542 	EXP 	chooseNowText_3: height = 0.025
278.1542 	EXP 	chooseNowText_3: height = 0.025
278.1708 	EXP 	chooseNowText_3: height = 0.025
278.1708 	EXP 	chooseNowText_3: height = 0.025
278.1708 	EXP 	chooseNowText_3: height = 0.025
278.1876 	EXP 	chooseNowText_3: height = 0.025
278.1876 	EXP 	chooseNowText_3: height = 0.025
278.1876 	EXP 	chooseNowText_3: height = 0.025
278.2042 	EXP 	chooseNowText_3: height = 0.025
278.2042 	EXP 	chooseNowText_3: height = 0.025
278.2042 	EXP 	chooseNowText_3: height = 0.025
278.2210 	EXP 	chooseNowText_3: height = 0.025
278.2210 	EXP 	chooseNowText_3: height = 0.025
278.2210 	EXP 	chooseNowText_3: height = 0.025
278.2210 	EXP 	chooseNowText_3: autoDraw = False
278.2210 	EXP 	opt_2: autoDraw = False
278.2210 	EXP 	opt_3: autoDraw = False
278.2210 	EXP 	opt_4: autoDraw = False
278.2210 	EXP 	opt_5: autoDraw = False
278.2210 	EXP 	tooSlowtext_2: height = 0.025
278.2210 	EXP 	tooSlowtext_2: height = 0.025
278.2210 	EXP 	tooSlowtext_2: height = 0.025
278.2210 	EXP 	tooSlowtext_2: text = ''
278.2210 	EXP 	tooSlowtext_2: height = 0.025
278.2210 	EXP 	tooSlowtext_2: height = 0.025
278.2210 	EXP 	tooSlowtext_2: height = 0.025
278.2210 	EXP 	tooSlowtext_2: text = 'Zu langsam. Sie müssen schneller antworten.'
278.2210 	EXP 	tooSlowtext_2: autoDraw = True
278.7067 	EXP 	New trial (rep=0, index=12): <Trial 12 (12 in rep 0) data={'learningSeq': 'A', 'block': 'block1', 'runIndexWithinSeq': 1, 'miniblockWithinRun': 3, 'coupleIndexWithinRoute': 12, 'img_first': 'stimuli/flower/flower_17.jpg', 'img_second': 'stimuli/ball/ball_11.jpg', 'img_third': None, 'distance_correct': 2, 'trial_type': 1, 'opt_left': 'no', 'opt_right': 'yes', 'correct_side': 'left', 'correct_key': 'left', 'is_yes': 0, 'image_dur_retr': 1.2, 'fix_dur_retr': 0.2, 'iti_dur_retr': 0.36, 'reflection_win_dur': 2.19, 'routeIndexWithinBlock': 1, 'seqOfRoute': 'A', 'retrIm1Trig': 6, 'retrIm2Trig': 1, 'thisN': 12, 'thisTrialN': 12, 'thisRepN': 0}>
278.7206 	EXP 	tooSlowtext_2: autoDraw = False
278.7206 	EXP 	tooSlowtext_2: autoDraw = False
278.7206 	EXP 	fix_cross_retrbegin_2: text = '+'
278.7206 	EXP 	fix_cross_retrbegin_2: autoDraw = True
279.1262 	EXP 	fix_cross_retrbegin_2: autoDraw = False
279.1262 	EXP 	fix_cross_retrbegin_2: autoDraw = False
279.1262 	EXP 	image_1: image = 'stimuli/flower/flower_17.jpg'
279.1262 	EXP 	image_1: autoDraw = True
280.1477 	EXP 	image_1: autoDraw = False
280.1477 	EXP 	image_1: autoDraw = False
280.1477 	EXP 	mask_img1_2: autoDraw = True
280.4806 	EXP 	mask_img1_2: autoDraw = False
280.4806 	EXP 	image_2: image = 'stimuli/ball/ball_11.jpg'
280.4806 	EXP 	image_2: autoDraw = True
281.4861 	EXP 	image_2: autoDraw = False
281.4861 	EXP 	image_2: autoDraw = False
281.4861 	EXP 	mask_img2_2: autoDraw = True
281.7363 	EXP 	mask_img2_2: autoDraw = False
281.7363 	EXP 	fix_cross_reflretr: autoDraw = True
283.9321 	INFO 	Keyboard events cleared
283.9517 	INFO 	Keyboard events cleared
283.9516 	EXP 	fix_cross_reflretr: autoDraw = False
283.9516 	EXP 	fix_cross_reflretr: autoDraw = False
283.9516 	EXP 	yes_txt: text = 'ja'
283.9516 	EXP 	no_txt: text = 'nein'
283.9516 	EXP 	chooseNowText_2: height = 0.025
283.9516 	EXP 	chooseNowText_2: height = 0.025
283.9516 	EXP 	chooseNowText_2: height = 0.025
283.9516 	EXP 	polygon_6: autoDraw = True
283.9516 	EXP 	yes_txt: autoDraw = True
283.9516 	EXP 	no_txt: autoDraw = True
283.9516 	EXP 	chooseNowText_2: autoDraw = True
285.9520 	EXP 	chooseNowText_2: height = 0.025
285.9520 	EXP 	chooseNowText_2: height = 0.025
285.9520 	EXP 	chooseNowText_2: height = 0.025
285.9687 	EXP 	chooseNowText_2: height = 0.025
285.9687 	EXP 	chooseNowText_2: height = 0.025
285.9687 	EXP 	chooseNowText_2: height = 0.025
285.9851 	EXP 	chooseNowText_2: height = 0.025
285.9851 	EXP 	chooseNowText_2: height = 0.025
285.9851 	EXP 	chooseNowText_2: height = 0.025
286.0017 	EXP 	chooseNowText_2: height = 0.025
286.0017 	EXP 	chooseNowText_2: height = 0.025
286.0017 	EXP 	chooseNowText_2: height = 0.025
286.0188 	EXP 	chooseNowText_2: height = 0.025
286.0188 	EXP 	chooseNowText_2: height = 0.025
286.0188 	EXP 	chooseNowText_2: height = 0.025
286.0348 	EXP 	chooseNowText_2: height = 0.025
286.0348 	EXP 	chooseNowText_2: height = 0.025
286.0348 	EXP 	chooseNowText_2: height = 0.025
286.0518 	EXP 	chooseNowText_2: height = 0.025
286.0518 	EXP 	chooseNowText_2: height = 0.025
286.0518 	EXP 	chooseNowText_2: height = 0.025
286.0682 	EXP 	chooseNowText_2: height = 0.025
286.0682 	EXP 	chooseNowText_2: height = 0.025
286.0682 	EXP 	chooseNowText_2: height = 0.025
286.0848 	EXP 	chooseNowText_2: height = 0.025
286.0848 	EXP 	chooseNowText_2: height = 0.025
286.0848 	EXP 	chooseNowText_2: height = 0.025
286.1018 	EXP 	chooseNowText_2: height = 0.025
286.1018 	EXP 	chooseNowText_2: height = 0.025
286.1018 	EXP 	chooseNowText_2: height = 0.025
286.1183 	EXP 	chooseNowText_2: height = 0.025
286.1183 	EXP 	chooseNowText_2: height = 0.025
286.1183 	EXP 	chooseNowText_2: height = 0.025
286.1353 	EXP 	chooseNowText_2: height = 0.025
286.1353 	EXP 	chooseNowText_2: height = 0.025
286.1353 	EXP 	chooseNowText_2: height = 0.025
286.1523 	EXP 	chooseNowText_2: height = 0.025
286.1523 	EXP 	chooseNowText_2: height = 0.025
286.1523 	EXP 	chooseNowText_2: height = 0.025
286.1683 	EXP 	chooseNowText_2: height = 0.025
286.1683 	EXP 	chooseNowText_2: height = 0.025
286.1683 	EXP 	chooseNowText_2: height = 0.025
286.1849 	EXP 	chooseNowText_2: height = 0.025
286.1849 	EXP 	chooseNowText_2: height = 0.025
286.1849 	EXP 	chooseNowText_2: height = 0.025
286.2016 	EXP 	chooseNowText_2: height = 0.025
286.2016 	EXP 	chooseNowText_2: height = 0.025
286.2016 	EXP 	chooseNowText_2: height = 0.025
286.2183 	EXP 	chooseNowText_2: height = 0.025
286.2183 	EXP 	chooseNowText_2: height = 0.025
286.2183 	EXP 	chooseNowText_2: height = 0.025
286.2351 	EXP 	chooseNowText_2: height = 0.025
286.2351 	EXP 	chooseNowText_2: height = 0.025
286.2351 	EXP 	chooseNowText_2: height = 0.025
286.2552 	EXP 	chooseNowText_2: height = 0.025
286.2552 	EXP 	chooseNowText_2: height = 0.025
286.2552 	EXP 	chooseNowText_2: height = 0.025
286.2743 	EXP 	chooseNowText_2: height = 0.025
286.2743 	EXP 	chooseNowText_2: height = 0.025
286.2743 	EXP 	chooseNowText_2: height = 0.025
286.2848 	EXP 	chooseNowText_2: height = 0.025
286.2848 	EXP 	chooseNowText_2: height = 0.025
286.2848 	EXP 	chooseNowText_2: height = 0.025
286.3049 	EXP 	chooseNowText_2: height = 0.025
286.3049 	EXP 	chooseNowText_2: height = 0.025
286.3049 	EXP 	chooseNowText_2: height = 0.025
286.3242 	EXP 	chooseNowText_2: height = 0.025
286.3242 	EXP 	chooseNowText_2: height = 0.025
286.3242 	EXP 	chooseNowText_2: height = 0.025
286.3347 	EXP 	chooseNowText_2: height = 0.025
286.3347 	EXP 	chooseNowText_2: height = 0.025
286.3347 	EXP 	chooseNowText_2: height = 0.025
286.3516 	EXP 	chooseNowText_2: height = 0.025
286.3516 	EXP 	chooseNowText_2: height = 0.025
286.3516 	EXP 	chooseNowText_2: height = 0.025
286.3679 	EXP 	chooseNowText_2: height = 0.025
286.3679 	EXP 	chooseNowText_2: height = 0.025
286.3679 	EXP 	chooseNowText_2: height = 0.025
286.3849 	EXP 	chooseNowText_2: height = 0.025
286.3849 	EXP 	chooseNowText_2: height = 0.025
286.3849 	EXP 	chooseNowText_2: height = 0.025
286.4018 	EXP 	chooseNowText_2: height = 0.025
286.4018 	EXP 	chooseNowText_2: height = 0.025
286.4018 	EXP 	chooseNowText_2: height = 0.025
286.4182 	EXP 	chooseNowText_2: height = 0.025
286.4182 	EXP 	chooseNowText_2: height = 0.025
286.4182 	EXP 	chooseNowText_2: height = 0.025
286.4350 	EXP 	chooseNowText_2: height = 0.025
286.4350 	EXP 	chooseNowText_2: height = 0.025
286.4350 	EXP 	chooseNowText_2: height = 0.025
286.4520 	EXP 	chooseNowText_2: height = 0.025
286.4520 	EXP 	chooseNowText_2: height = 0.025
286.4520 	EXP 	chooseNowText_2: height = 0.025
286.4684 	EXP 	chooseNowText_2: height = 0.025
286.4684 	EXP 	chooseNowText_2: height = 0.025
286.4684 	EXP 	chooseNowText_2: height = 0.025
286.4850 	EXP 	chooseNowText_2: height = 0.025
286.4850 	EXP 	chooseNowText_2: height = 0.025
286.4850 	EXP 	chooseNowText_2: height = 0.025
286.5011 	EXP 	chooseNowText_2: height = 0.025
286.5011 	EXP 	chooseNowText_2: height = 0.025
286.5011 	EXP 	chooseNowText_2: height = 0.025
286.5177 	EXP 	chooseNowText_2: height = 0.025
286.5177 	EXP 	chooseNowText_2: height = 0.025
286.5177 	EXP 	chooseNowText_2: height = 0.025
286.5345 	EXP 	chooseNowText_2: height = 0.025
286.5345 	EXP 	chooseNowText_2: height = 0.025
286.5345 	EXP 	chooseNowText_2: height = 0.025
286.5512 	EXP 	chooseNowText_2: height = 0.025
286.5512 	EXP 	chooseNowText_2: height = 0.025
286.5512 	EXP 	chooseNowText_2: height = 0.025
286.5678 	EXP 	chooseNowText_2: height = 0.025
286.5678 	EXP 	chooseNowText_2: height = 0.025
286.5678 	EXP 	chooseNowText_2: height = 0.025
286.5849 	EXP 	chooseNowText_2: height = 0.025
286.5849 	EXP 	chooseNowText_2: height = 0.025
286.5849 	EXP 	chooseNowText_2: height = 0.025
286.6016 	EXP 	chooseNowText_2: height = 0.025
286.6016 	EXP 	chooseNowText_2: height = 0.025
286.6016 	EXP 	chooseNowText_2: height = 0.025
286.6183 	EXP 	chooseNowText_2: height = 0.025
286.6183 	EXP 	chooseNowText_2: height = 0.025
286.6183 	EXP 	chooseNowText_2: height = 0.025
286.6350 	EXP 	chooseNowText_2: height = 0.025
286.6350 	EXP 	chooseNowText_2: height = 0.025
286.6350 	EXP 	chooseNowText_2: height = 0.025
286.6516 	EXP 	chooseNowText_2: height = 0.025
286.6516 	EXP 	chooseNowText_2: height = 0.025
286.6516 	EXP 	chooseNowText_2: height = 0.025
286.6683 	EXP 	chooseNowText_2: height = 0.025
286.6683 	EXP 	chooseNowText_2: height = 0.025
286.6683 	EXP 	chooseNowText_2: height = 0.025
286.6854 	EXP 	chooseNowText_2: height = 0.025
286.6854 	EXP 	chooseNowText_2: height = 0.025
286.6854 	EXP 	chooseNowText_2: height = 0.025
286.7017 	EXP 	chooseNowText_2: height = 0.025
286.7017 	EXP 	chooseNowText_2: height = 0.025
286.7017 	EXP 	chooseNowText_2: height = 0.025
286.7181 	EXP 	chooseNowText_2: height = 0.025
286.7181 	EXP 	chooseNowText_2: height = 0.025
286.7181 	EXP 	chooseNowText_2: height = 0.025
286.7351 	EXP 	chooseNowText_2: height = 0.025
286.7351 	EXP 	chooseNowText_2: height = 0.025
286.7351 	EXP 	chooseNowText_2: height = 0.025
286.7515 	EXP 	chooseNowText_2: height = 0.025
286.7515 	EXP 	chooseNowText_2: height = 0.025
286.7515 	EXP 	chooseNowText_2: height = 0.025
286.7681 	EXP 	chooseNowText_2: height = 0.025
286.7681 	EXP 	chooseNowText_2: height = 0.025
286.7681 	EXP 	chooseNowText_2: height = 0.025
286.7913 	EXP 	chooseNowText_2: height = 0.025
286.7913 	EXP 	chooseNowText_2: height = 0.025
286.7913 	EXP 	chooseNowText_2: height = 0.025
286.8059 	EXP 	chooseNowText_2: height = 0.025
286.8059 	EXP 	chooseNowText_2: height = 0.025
286.8059 	EXP 	chooseNowText_2: height = 0.025
286.8182 	EXP 	chooseNowText_2: height = 0.025
286.8182 	EXP 	chooseNowText_2: height = 0.025
286.8182 	EXP 	chooseNowText_2: height = 0.025
286.8347 	EXP 	chooseNowText_2: height = 0.025
286.8347 	EXP 	chooseNowText_2: height = 0.025
286.8347 	EXP 	chooseNowText_2: height = 0.025
286.8514 	EXP 	chooseNowText_2: height = 0.025
286.8514 	EXP 	chooseNowText_2: height = 0.025
286.8514 	EXP 	chooseNowText_2: height = 0.025
286.8681 	EXP 	chooseNowText_2: height = 0.025
286.8681 	EXP 	chooseNowText_2: height = 0.025
286.8681 	EXP 	chooseNowText_2: height = 0.025
286.8848 	EXP 	chooseNowText_2: height = 0.025
286.8848 	EXP 	chooseNowText_2: height = 0.025
286.8848 	EXP 	chooseNowText_2: height = 0.025
286.9014 	EXP 	chooseNowText_2: height = 0.025
286.9014 	EXP 	chooseNowText_2: height = 0.025
286.9014 	EXP 	chooseNowText_2: height = 0.025
286.9180 	EXP 	chooseNowText_2: height = 0.025
286.9180 	EXP 	chooseNowText_2: height = 0.025
286.9180 	EXP 	chooseNowText_2: height = 0.025
286.9350 	EXP 	chooseNowText_2: height = 0.025
286.9350 	EXP 	chooseNowText_2: height = 0.025
286.9350 	EXP 	chooseNowText_2: height = 0.025
286.9518 	EXP 	yes_txt: autoDraw = False
286.9518 	EXP 	no_txt: autoDraw = False
286.9518 	EXP 	chooseNowText_2: height = 0.025
286.9518 	EXP 	chooseNowText_2: height = 0.025
286.9518 	EXP 	chooseNowText_2: height = 0.025
286.9518 	EXP 	polygon_6: autoDraw = False
286.9518 	EXP 	yes_txt: autoDraw = False
286.9518 	EXP 	no_txt: autoDraw = False
286.9518 	EXP 	chooseNowText_2: autoDraw = False
286.9518 	EXP 	tooSlowtext_4: height = 0.025
286.9518 	EXP 	tooSlowtext_4: height = 0.025
286.9518 	EXP 	tooSlowtext_4: height = 0.025
286.9518 	EXP 	tooSlowtext_4: text = ''
286.9518 	EXP 	tooSlowtext_4: height = 0.025
286.9518 	EXP 	tooSlowtext_4: height = 0.025
286.9518 	EXP 	tooSlowtext_4: height = 0.025
286.9518 	EXP 	tooSlowtext_4: text = 'Zu langsam. Sie müssen schneller antworten.'
286.9518 	EXP 	tooSlowtext_4: autoDraw = True
287.4447 	INFO 	Keyboard events cleared
287.4681 	EXP 	tooSlowtext_4: autoDraw = False
287.4681 	EXP 	tooSlowtext_4: autoDraw = False
287.4681 	EXP 	chooseNowText_3: height = 0.025
287.4681 	EXP 	chooseNowText_3: height = 0.025
287.4681 	EXP 	chooseNowText_3: height = 0.025
287.4681 	EXP 	opt_2: foreColor = <psychopy.colors.Color: white, alpha=1.0>
287.4681 	EXP 	opt_3: foreColor = <psychopy.colors.Color: white, alpha=1.0>
287.4681 	EXP 	opt_4: foreColor = <psychopy.colors.Color: white, alpha=1.0>
287.4681 	EXP 	opt_5: foreColor = <psychopy.colors.Color: white, alpha=1.0>
287.4681 	EXP 	chooseNowText_3: autoDraw = True
287.4681 	EXP 	opt_2: autoDraw = True
287.4681 	EXP 	opt_3: autoDraw = True
287.4681 	EXP 	opt_4: autoDraw = True
287.4681 	EXP 	opt_5: autoDraw = True
287.9512 	INFO 	Keyboard events cleared
289.4670 	EXP 	chooseNowText_3: height = 0.025
289.4670 	EXP 	chooseNowText_3: height = 0.025
289.4670 	EXP 	chooseNowText_3: height = 0.025
289.4838 	EXP 	chooseNowText_3: height = 0.025
289.4838 	EXP 	chooseNowText_3: height = 0.025
289.4838 	EXP 	chooseNowText_3: height = 0.025
289.5008 	EXP 	chooseNowText_3: height = 0.025
289.5008 	EXP 	chooseNowText_3: height = 0.025
289.5008 	EXP 	chooseNowText_3: height = 0.025
289.5177 	EXP 	chooseNowText_3: height = 0.025
289.5177 	EXP 	chooseNowText_3: height = 0.025
289.5177 	EXP 	chooseNowText_3: height = 0.025
289.5349 	EXP 	chooseNowText_3: height = 0.025
289.5349 	EXP 	chooseNowText_3: height = 0.025
289.5349 	EXP 	chooseNowText_3: height = 0.025
289.5506 	EXP 	chooseNowText_3: height = 0.025
289.5506 	EXP 	chooseNowText_3: height = 0.025
289.5506 	EXP 	chooseNowText_3: height = 0.025
289.5671 	EXP 	chooseNowText_3: height = 0.025
289.5671 	EXP 	chooseNowText_3: height = 0.025
289.5671 	EXP 	chooseNowText_3: height = 0.025
289.5839 	EXP 	chooseNowText_3: height = 0.025
289.5839 	EXP 	chooseNowText_3: height = 0.025
289.5839 	EXP 	chooseNowText_3: height = 0.025
289.6007 	EXP 	chooseNowText_3: height = 0.025
289.6007 	EXP 	chooseNowText_3: height = 0.025
289.6007 	EXP 	chooseNowText_3: height = 0.025
289.6170 	EXP 	chooseNowText_3: height = 0.025
289.6170 	EXP 	chooseNowText_3: height = 0.025
289.6170 	EXP 	chooseNowText_3: height = 0.025
289.6340 	EXP 	chooseNowText_3: height = 0.025
289.6340 	EXP 	chooseNowText_3: height = 0.025
289.6340 	EXP 	chooseNowText_3: height = 0.025
289.6507 	EXP 	chooseNowText_3: height = 0.025
289.6507 	EXP 	chooseNowText_3: height = 0.025
289.6507 	EXP 	chooseNowText_3: height = 0.025
289.6672 	EXP 	chooseNowText_3: height = 0.025
289.6672 	EXP 	chooseNowText_3: height = 0.025
289.6672 	EXP 	chooseNowText_3: height = 0.025
289.6839 	EXP 	chooseNowText_3: height = 0.025
289.6839 	EXP 	chooseNowText_3: height = 0.025
289.6839 	EXP 	chooseNowText_3: height = 0.025
289.7007 	EXP 	chooseNowText_3: height = 0.025
289.7007 	EXP 	chooseNowText_3: height = 0.025
289.7007 	EXP 	chooseNowText_3: height = 0.025
289.7184 	EXP 	chooseNowText_3: height = 0.025
289.7184 	EXP 	chooseNowText_3: height = 0.025
289.7184 	EXP 	chooseNowText_3: height = 0.025
289.7352 	EXP 	chooseNowText_3: height = 0.025
289.7352 	EXP 	chooseNowText_3: height = 0.025
289.7352 	EXP 	chooseNowText_3: height = 0.025
289.7505 	EXP 	chooseNowText_3: height = 0.025
289.7505 	EXP 	chooseNowText_3: height = 0.025
289.7505 	EXP 	chooseNowText_3: height = 0.025
289.7676 	EXP 	chooseNowText_3: height = 0.025
289.7676 	EXP 	chooseNowText_3: height = 0.025
289.7676 	EXP 	chooseNowText_3: height = 0.025
289.7845 	EXP 	chooseNowText_3: height = 0.025
289.7845 	EXP 	chooseNowText_3: height = 0.025
289.7845 	EXP 	chooseNowText_3: height = 0.025
289.8005 	EXP 	chooseNowText_3: height = 0.025
289.8005 	EXP 	chooseNowText_3: height = 0.025
289.8005 	EXP 	chooseNowText_3: height = 0.025
289.8169 	EXP 	chooseNowText_3: height = 0.025
289.8169 	EXP 	chooseNowText_3: height = 0.025
289.8169 	EXP 	chooseNowText_3: height = 0.025
289.8335 	EXP 	chooseNowText_3: height = 0.025
289.8335 	EXP 	chooseNowText_3: height = 0.025
289.8335 	EXP 	chooseNowText_3: height = 0.025
289.8503 	EXP 	chooseNowText_3: height = 0.025
289.8503 	EXP 	chooseNowText_3: height = 0.025
289.8503 	EXP 	chooseNowText_3: height = 0.025
289.8668 	EXP 	chooseNowText_3: height = 0.025
289.8668 	EXP 	chooseNowText_3: height = 0.025
289.8668 	EXP 	chooseNowText_3: height = 0.025
289.8846 	EXP 	chooseNowText_3: height = 0.025
289.8846 	EXP 	chooseNowText_3: height = 0.025
289.8846 	EXP 	chooseNowText_3: height = 0.025
289.9006 	EXP 	chooseNowText_3: height = 0.025
289.9006 	EXP 	chooseNowText_3: height = 0.025
289.9006 	EXP 	chooseNowText_3: height = 0.025
289.9175 	EXP 	chooseNowText_3: height = 0.025
289.9175 	EXP 	chooseNowText_3: height = 0.025
289.9175 	EXP 	chooseNowText_3: height = 0.025
289.9338 	EXP 	chooseNowText_3: height = 0.025
289.9338 	EXP 	chooseNowText_3: height = 0.025
289.9338 	EXP 	chooseNowText_3: height = 0.025
289.9504 	EXP 	chooseNowText_3: height = 0.025
289.9504 	EXP 	chooseNowText_3: height = 0.025
289.9504 	EXP 	chooseNowText_3: height = 0.025
289.9671 	EXP 	chooseNowText_3: height = 0.025
289.9671 	EXP 	chooseNowText_3: height = 0.025
289.9671 	EXP 	chooseNowText_3: height = 0.025
289.9847 	EXP 	chooseNowText_3: height = 0.025
289.9847 	EXP 	chooseNowText_3: height = 0.025
289.9847 	EXP 	chooseNowText_3: height = 0.025
290.0004 	EXP 	chooseNowText_3: height = 0.025
290.0004 	EXP 	chooseNowText_3: height = 0.025
290.0004 	EXP 	chooseNowText_3: height = 0.025
290.0178 	EXP 	chooseNowText_3: height = 0.025
290.0178 	EXP 	chooseNowText_3: height = 0.025
290.0178 	EXP 	chooseNowText_3: height = 0.025
290.0337 	EXP 	chooseNowText_3: height = 0.025
290.0337 	EXP 	chooseNowText_3: height = 0.025
290.0337 	EXP 	chooseNowText_3: height = 0.025
290.0508 	EXP 	chooseNowText_3: height = 0.025
290.0508 	EXP 	chooseNowText_3: height = 0.025
290.0508 	EXP 	chooseNowText_3: height = 0.025
290.0673 	EXP 	chooseNowText_3: height = 0.025
290.0673 	EXP 	chooseNowText_3: height = 0.025
290.0673 	EXP 	chooseNowText_3: height = 0.025
290.0835 	EXP 	chooseNowText_3: height = 0.025
290.0835 	EXP 	chooseNowText_3: height = 0.025
290.0835 	EXP 	chooseNowText_3: height = 0.025
290.1002 	EXP 	chooseNowText_3: height = 0.025
290.1002 	EXP 	chooseNowText_3: height = 0.025
290.1002 	EXP 	chooseNowText_3: height = 0.025
290.1171 	EXP 	chooseNowText_3: height = 0.025
290.1171 	EXP 	chooseNowText_3: height = 0.025
290.1171 	EXP 	chooseNowText_3: height = 0.025
290.1336 	EXP 	chooseNowText_3: height = 0.025
290.1336 	EXP 	chooseNowText_3: height = 0.025
290.1336 	EXP 	chooseNowText_3: height = 0.025
290.1504 	EXP 	chooseNowText_3: height = 0.025
290.1504 	EXP 	chooseNowText_3: height = 0.025
290.1504 	EXP 	chooseNowText_3: height = 0.025
290.1669 	EXP 	chooseNowText_3: height = 0.025
290.1669 	EXP 	chooseNowText_3: height = 0.025
290.1669 	EXP 	chooseNowText_3: height = 0.025
290.1836 	EXP 	chooseNowText_3: height = 0.025
290.1836 	EXP 	chooseNowText_3: height = 0.025
290.1836 	EXP 	chooseNowText_3: height = 0.025
290.2005 	EXP 	chooseNowText_3: height = 0.025
290.2005 	EXP 	chooseNowText_3: height = 0.025
290.2005 	EXP 	chooseNowText_3: height = 0.025
290.2171 	EXP 	chooseNowText_3: height = 0.025
290.2171 	EXP 	chooseNowText_3: height = 0.025
290.2171 	EXP 	chooseNowText_3: height = 0.025
290.2339 	EXP 	chooseNowText_3: height = 0.025
290.2339 	EXP 	chooseNowText_3: height = 0.025
290.2339 	EXP 	chooseNowText_3: height = 0.025
290.2506 	EXP 	chooseNowText_3: height = 0.025
290.2506 	EXP 	chooseNowText_3: height = 0.025
290.2506 	EXP 	chooseNowText_3: height = 0.025
290.2677 	EXP 	chooseNowText_3: height = 0.025
290.2677 	EXP 	chooseNowText_3: height = 0.025
290.2677 	EXP 	chooseNowText_3: height = 0.025
290.2839 	EXP 	chooseNowText_3: height = 0.025
290.2839 	EXP 	chooseNowText_3: height = 0.025
290.2839 	EXP 	chooseNowText_3: height = 0.025
290.3004 	EXP 	chooseNowText_3: height = 0.025
290.3004 	EXP 	chooseNowText_3: height = 0.025
290.3004 	EXP 	chooseNowText_3: height = 0.025
290.3170 	EXP 	chooseNowText_3: height = 0.025
290.3170 	EXP 	chooseNowText_3: height = 0.025
290.3170 	EXP 	chooseNowText_3: height = 0.025
290.3337 	EXP 	chooseNowText_3: height = 0.025
290.3337 	EXP 	chooseNowText_3: height = 0.025
290.3337 	EXP 	chooseNowText_3: height = 0.025
290.3505 	EXP 	chooseNowText_3: height = 0.025
290.3505 	EXP 	chooseNowText_3: height = 0.025
290.3505 	EXP 	chooseNowText_3: height = 0.025
290.3674 	EXP 	chooseNowText_3: height = 0.025
290.3674 	EXP 	chooseNowText_3: height = 0.025
290.3674 	EXP 	chooseNowText_3: height = 0.025
290.3839 	EXP 	chooseNowText_3: height = 0.025
290.3839 	EXP 	chooseNowText_3: height = 0.025
290.3839 	EXP 	chooseNowText_3: height = 0.025
290.4005 	EXP 	chooseNowText_3: height = 0.025
290.4005 	EXP 	chooseNowText_3: height = 0.025
290.4005 	EXP 	chooseNowText_3: height = 0.025
290.4171 	EXP 	chooseNowText_3: height = 0.025
290.4171 	EXP 	chooseNowText_3: height = 0.025
290.4171 	EXP 	chooseNowText_3: height = 0.025
290.4337 	EXP 	chooseNowText_3: height = 0.025
290.4337 	EXP 	chooseNowText_3: height = 0.025
290.4337 	EXP 	chooseNowText_3: height = 0.025
290.4505 	EXP 	chooseNowText_3: height = 0.025
290.4505 	EXP 	chooseNowText_3: height = 0.025
290.4505 	EXP 	chooseNowText_3: height = 0.025
290.4670 	EXP 	chooseNowText_3: height = 0.025
290.4670 	EXP 	chooseNowText_3: height = 0.025
290.4670 	EXP 	chooseNowText_3: height = 0.025
290.4670 	EXP 	chooseNowText_3: autoDraw = False
290.4670 	EXP 	opt_2: autoDraw = False
290.4670 	EXP 	opt_3: autoDraw = False
290.4670 	EXP 	opt_4: autoDraw = False
290.4670 	EXP 	opt_5: autoDraw = False
290.4838 	EXP 	chooseNowText_3: height = 0.025
290.4838 	EXP 	chooseNowText_3: height = 0.025
290.4838 	EXP 	chooseNowText_3: height = 0.025
290.5005 	EXP 	chooseNowText_3: height = 0.025
290.5005 	EXP 	chooseNowText_3: height = 0.025
290.5005 	EXP 	chooseNowText_3: height = 0.025
290.5174 	EXP 	chooseNowText_3: height = 0.025
290.5174 	EXP 	chooseNowText_3: height = 0.025
290.5174 	EXP 	chooseNowText_3: height = 0.025
290.5340 	EXP 	chooseNowText_3: height = 0.025
290.5340 	EXP 	chooseNowText_3: height = 0.025
290.5340 	EXP 	chooseNowText_3: height = 0.025
290.5505 	EXP 	chooseNowText_3: height = 0.025
290.5505 	EXP 	chooseNowText_3: height = 0.025
290.5505 	EXP 	chooseNowText_3: height = 0.025
290.5679 	EXP 	chooseNowText_3: height = 0.025
290.5679 	EXP 	chooseNowText_3: height = 0.025
290.5679 	EXP 	chooseNowText_3: height = 0.025
290.5838 	EXP 	chooseNowText_3: height = 0.025
290.5838 	EXP 	chooseNowText_3: height = 0.025
290.5838 	EXP 	chooseNowText_3: height = 0.025
290.6006 	EXP 	chooseNowText_3: height = 0.025
290.6006 	EXP 	chooseNowText_3: height = 0.025
290.6006 	EXP 	chooseNowText_3: height = 0.025
290.6169 	EXP 	chooseNowText_3: height = 0.025
290.6169 	EXP 	chooseNowText_3: height = 0.025
290.6169 	EXP 	chooseNowText_3: height = 0.025
290.6335 	EXP 	chooseNowText_3: height = 0.025
290.6335 	EXP 	chooseNowText_3: height = 0.025
290.6335 	EXP 	chooseNowText_3: height = 0.025
290.6500 	EXP 	chooseNowText_3: height = 0.025
290.6500 	EXP 	chooseNowText_3: height = 0.025
290.6500 	EXP 	chooseNowText_3: height = 0.025
290.6668 	EXP 	chooseNowText_3: height = 0.025
290.6668 	EXP 	chooseNowText_3: height = 0.025
290.6668 	EXP 	chooseNowText_3: height = 0.025
290.6838 	EXP 	chooseNowText_3: height = 0.025
290.6838 	EXP 	chooseNowText_3: height = 0.025
290.6838 	EXP 	chooseNowText_3: height = 0.025
290.7000 	EXP 	chooseNowText_3: height = 0.025
290.7000 	EXP 	chooseNowText_3: height = 0.025
290.7000 	EXP 	chooseNowText_3: height = 0.025
290.7167 	EXP 	chooseNowText_3: height = 0.025
290.7167 	EXP 	chooseNowText_3: height = 0.025
290.7167 	EXP 	chooseNowText_3: height = 0.025
290.7334 	EXP 	chooseNowText_3: height = 0.025
290.7334 	EXP 	chooseNowText_3: height = 0.025
290.7334 	EXP 	chooseNowText_3: height = 0.025
290.7503 	EXP 	chooseNowText_3: height = 0.025
290.7503 	EXP 	chooseNowText_3: height = 0.025
290.7503 	EXP 	chooseNowText_3: height = 0.025
290.7673 	EXP 	chooseNowText_3: height = 0.025
290.7673 	EXP 	chooseNowText_3: height = 0.025
290.7673 	EXP 	chooseNowText_3: height = 0.025
290.7842 	EXP 	chooseNowText_3: height = 0.025
290.7842 	EXP 	chooseNowText_3: height = 0.025
290.7842 	EXP 	chooseNowText_3: height = 0.025
290.8000 	EXP 	chooseNowText_3: height = 0.025
290.8000 	EXP 	chooseNowText_3: height = 0.025
290.8000 	EXP 	chooseNowText_3: height = 0.025
290.8168 	EXP 	chooseNowText_3: height = 0.025
290.8168 	EXP 	chooseNowText_3: height = 0.025
290.8168 	EXP 	chooseNowText_3: height = 0.025
290.8336 	EXP 	chooseNowText_3: height = 0.025
290.8336 	EXP 	chooseNowText_3: height = 0.025
290.8336 	EXP 	chooseNowText_3: height = 0.025
290.8502 	EXP 	chooseNowText_3: height = 0.025
290.8502 	EXP 	chooseNowText_3: height = 0.025
290.8502 	EXP 	chooseNowText_3: height = 0.025
290.8667 	EXP 	chooseNowText_3: height = 0.025
290.8667 	EXP 	chooseNowText_3: height = 0.025
290.8667 	EXP 	chooseNowText_3: height = 0.025
290.8834 	EXP 	chooseNowText_3: height = 0.025
290.8834 	EXP 	chooseNowText_3: height = 0.025
290.8834 	EXP 	chooseNowText_3: height = 0.025
290.9001 	EXP 	chooseNowText_3: height = 0.025
290.9001 	EXP 	chooseNowText_3: height = 0.025
290.9001 	EXP 	chooseNowText_3: height = 0.025
290.9167 	EXP 	chooseNowText_3: height = 0.025
290.9167 	EXP 	chooseNowText_3: height = 0.025
290.9167 	EXP 	chooseNowText_3: height = 0.025
290.9342 	EXP 	chooseNowText_3: height = 0.025
290.9342 	EXP 	chooseNowText_3: height = 0.025
290.9342 	EXP 	chooseNowText_3: height = 0.025
290.9498 	EXP 	chooseNowText_3: height = 0.025
290.9498 	EXP 	chooseNowText_3: height = 0.025
290.9498 	EXP 	chooseNowText_3: height = 0.025
290.9498 	EXP 	chooseNowText_3: autoDraw = False
290.9498 	EXP 	opt_2: autoDraw = False
290.9498 	EXP 	opt_3: autoDraw = False
290.9498 	EXP 	opt_4: autoDraw = False
290.9498 	EXP 	opt_5: autoDraw = False
290.9498 	EXP 	tooSlowtext_2: height = 0.025
290.9498 	EXP 	tooSlowtext_2: height = 0.025
290.9498 	EXP 	tooSlowtext_2: height = 0.025
290.9498 	EXP 	tooSlowtext_2: text = ''
290.9498 	EXP 	tooSlowtext_2: height = 0.025
290.9498 	EXP 	tooSlowtext_2: height = 0.025
290.9498 	EXP 	tooSlowtext_2: height = 0.025
290.9498 	EXP 	tooSlowtext_2: text = 'Zu langsam. Sie müssen schneller antworten.'
290.9498 	EXP 	tooSlowtext_2: autoDraw = True
291.4363 	EXP 	New trial (rep=0, index=13): <Trial 13 (13 in rep 0) data={'learningSeq': 'A', 'block': 'block1', 'runIndexWithinSeq': 1, 'miniblockWithinRun': 3, 'coupleIndexWithinRoute': 13, 'img_first': 'stimuli/jacket/jacket_44.jpg', 'img_second': 'stimuli/bread/bread_29.jpg', 'img_third': None, 'distance_correct': 3, 'trial_type': 1, 'opt_left': 'yes', 'opt_right': 'no', 'correct_side': 'left', 'correct_key': 'left', 'is_yes': 1, 'image_dur_retr': 1.2, 'fix_dur_retr': 0.2, 'iti_dur_retr': 0.43, 'reflection_win_dur': 2.23, 'routeIndexWithinBlock': 1, 'seqOfRoute': 'A', 'retrIm1Trig': 10, 'retrIm2Trig': 3, 'thisN': 13, 'thisTrialN': 13, 'thisRepN': 0}>
291.4501 	EXP 	tooSlowtext_2: autoDraw = False
291.4501 	EXP 	tooSlowtext_2: autoDraw = False
291.4501 	EXP 	fix_cross_retrbegin_2: text = '+'
291.4501 	EXP 	fix_cross_retrbegin_2: autoDraw = True
291.9453 	EXP 	fix_cross_retrbegin_2: autoDraw = False
291.9453 	EXP 	fix_cross_retrbegin_2: autoDraw = False
291.9453 	EXP 	image_1: image = 'stimuli/jacket/jacket_44.jpg'
291.9453 	EXP 	image_1: autoDraw = True
292.9492 	EXP 	image_1: autoDraw = False
292.9492 	EXP 	image_1: autoDraw = False
292.9492 	EXP 	mask_img1_2: autoDraw = True
293.2368 	EXP 	mask_img1_2: autoDraw = False
293.2368 	EXP 	image_2: image = 'stimuli/bread/bread_29.jpg'
293.2368 	EXP 	image_2: autoDraw = True
294.2493 	EXP 	image_2: autoDraw = False
294.2493 	EXP 	image_2: autoDraw = False
294.2493 	EXP 	mask_img2_2: autoDraw = True
294.4989 	EXP 	mask_img2_2: autoDraw = False
294.4989 	EXP 	mask_img2_2: autoDraw = False
294.4989 	EXP 	fix_cross_reflretr: autoDraw = True
296.7280 	INFO 	Keyboard events cleared
296.7478 	INFO 	Keyboard events cleared
296.7476 	EXP 	fix_cross_reflretr: autoDraw = False
296.7476 	EXP 	fix_cross_reflretr: autoDraw = False
296.7476 	EXP 	yes_txt: text = 'ja'
296.7476 	EXP 	no_txt: text = 'nein'
296.7476 	EXP 	chooseNowText_2: height = 0.025
296.7476 	EXP 	chooseNowText_2: height = 0.025
296.7476 	EXP 	chooseNowText_2: height = 0.025
296.7476 	EXP 	polygon_6: autoDraw = True
296.7476 	EXP 	yes_txt: autoDraw = True
296.7476 	EXP 	no_txt: autoDraw = True
296.7476 	EXP 	chooseNowText_2: autoDraw = True
298.7476 	EXP 	chooseNowText_2: height = 0.025
298.7476 	EXP 	chooseNowText_2: height = 0.025
298.7476 	EXP 	chooseNowText_2: height = 0.025
298.7642 	EXP 	chooseNowText_2: height = 0.025
298.7642 	EXP 	chooseNowText_2: height = 0.025
298.7642 	EXP 	chooseNowText_2: height = 0.025
298.7810 	EXP 	chooseNowText_2: height = 0.025
298.7810 	EXP 	chooseNowText_2: height = 0.025
298.7810 	EXP 	chooseNowText_2: height = 0.025
298.7976 	EXP 	chooseNowText_2: height = 0.025
298.7976 	EXP 	chooseNowText_2: height = 0.025
298.7976 	EXP 	chooseNowText_2: height = 0.025
298.8144 	EXP 	chooseNowText_2: height = 0.025
298.8144 	EXP 	chooseNowText_2: height = 0.025
298.8144 	EXP 	chooseNowText_2: height = 0.025
298.8314 	EXP 	chooseNowText_2: height = 0.025
298.8314 	EXP 	chooseNowText_2: height = 0.025
298.8314 	EXP 	chooseNowText_2: height = 0.025
298.8476 	EXP 	chooseNowText_2: height = 0.025
298.8476 	EXP 	chooseNowText_2: height = 0.025
298.8476 	EXP 	chooseNowText_2: height = 0.025
298.8644 	EXP 	chooseNowText_2: height = 0.025
298.8644 	EXP 	chooseNowText_2: height = 0.025
298.8644 	EXP 	chooseNowText_2: height = 0.025
298.8811 	EXP 	chooseNowText_2: height = 0.025
298.8811 	EXP 	chooseNowText_2: height = 0.025
298.8811 	EXP 	chooseNowText_2: height = 0.025
298.8977 	EXP 	chooseNowText_2: height = 0.025
298.8977 	EXP 	chooseNowText_2: height = 0.025
298.8977 	EXP 	chooseNowText_2: height = 0.025
298.9143 	EXP 	chooseNowText_2: height = 0.025
298.9143 	EXP 	chooseNowText_2: height = 0.025
298.9143 	EXP 	chooseNowText_2: height = 0.025
298.9309 	EXP 	chooseNowText_2: height = 0.025
298.9309 	EXP 	chooseNowText_2: height = 0.025
298.9309 	EXP 	chooseNowText_2: height = 0.025
298.9476 	EXP 	chooseNowText_2: height = 0.025
298.9476 	EXP 	chooseNowText_2: height = 0.025
298.9476 	EXP 	chooseNowText_2: height = 0.025
298.9644 	EXP 	chooseNowText_2: height = 0.025
298.9644 	EXP 	chooseNowText_2: height = 0.025
298.9644 	EXP 	chooseNowText_2: height = 0.025
298.9808 	EXP 	chooseNowText_2: height = 0.025
298.9808 	EXP 	chooseNowText_2: height = 0.025
298.9808 	EXP 	chooseNowText_2: height = 0.025
298.9975 	EXP 	chooseNowText_2: height = 0.025
298.9975 	EXP 	chooseNowText_2: height = 0.025
298.9975 	EXP 	chooseNowText_2: height = 0.025
299.0140 	EXP 	chooseNowText_2: height = 0.025
299.0140 	EXP 	chooseNowText_2: height = 0.025
299.0140 	EXP 	chooseNowText_2: height = 0.025
299.0306 	EXP 	chooseNowText_2: height = 0.025
299.0306 	EXP 	chooseNowText_2: height = 0.025
299.0306 	EXP 	chooseNowText_2: height = 0.025
299.0471 	EXP 	chooseNowText_2: height = 0.025
299.0471 	EXP 	chooseNowText_2: height = 0.025
299.0471 	EXP 	chooseNowText_2: height = 0.025
299.0641 	EXP 	chooseNowText_2: height = 0.025
299.0641 	EXP 	chooseNowText_2: height = 0.025
299.0641 	EXP 	chooseNowText_2: height = 0.025
299.0807 	EXP 	chooseNowText_2: height = 0.025
299.0807 	EXP 	chooseNowText_2: height = 0.025
299.0807 	EXP 	chooseNowText_2: height = 0.025
299.0974 	EXP 	chooseNowText_2: height = 0.025
299.0974 	EXP 	chooseNowText_2: height = 0.025
299.0974 	EXP 	chooseNowText_2: height = 0.025
299.1139 	EXP 	chooseNowText_2: height = 0.025
299.1139 	EXP 	chooseNowText_2: height = 0.025
299.1139 	EXP 	chooseNowText_2: height = 0.025
299.1307 	EXP 	chooseNowText_2: height = 0.025
299.1307 	EXP 	chooseNowText_2: height = 0.025
299.1307 	EXP 	chooseNowText_2: height = 0.025
299.1475 	EXP 	chooseNowText_2: height = 0.025
299.1475 	EXP 	chooseNowText_2: height = 0.025
299.1475 	EXP 	chooseNowText_2: height = 0.025
299.1639 	EXP 	chooseNowText_2: height = 0.025
299.1639 	EXP 	chooseNowText_2: height = 0.025
299.1639 	EXP 	chooseNowText_2: height = 0.025
299.1809 	EXP 	chooseNowText_2: height = 0.025
299.1809 	EXP 	chooseNowText_2: height = 0.025
299.1809 	EXP 	chooseNowText_2: height = 0.025
299.1974 	EXP 	chooseNowText_2: height = 0.025
299.1974 	EXP 	chooseNowText_2: height = 0.025
299.1974 	EXP 	chooseNowText_2: height = 0.025
299.2141 	EXP 	chooseNowText_2: height = 0.025
299.2141 	EXP 	chooseNowText_2: height = 0.025
299.2141 	EXP 	chooseNowText_2: height = 0.025
299.2308 	EXP 	chooseNowText_2: height = 0.025
299.2308 	EXP 	chooseNowText_2: height = 0.025
299.2308 	EXP 	chooseNowText_2: height = 0.025
299.2474 	EXP 	chooseNowText_2: height = 0.025
299.2474 	EXP 	chooseNowText_2: height = 0.025
299.2474 	EXP 	chooseNowText_2: height = 0.025
299.2646 	EXP 	chooseNowText_2: height = 0.025
299.2646 	EXP 	chooseNowText_2: height = 0.025
299.2646 	EXP 	chooseNowText_2: height = 0.025
299.2810 	EXP 	chooseNowText_2: height = 0.025
299.2810 	EXP 	chooseNowText_2: height = 0.025
299.2810 	EXP 	chooseNowText_2: height = 0.025
299.2976 	EXP 	chooseNowText_2: height = 0.025
299.2976 	EXP 	chooseNowText_2: height = 0.025
299.2976 	EXP 	chooseNowText_2: height = 0.025
299.3141 	EXP 	chooseNowText_2: height = 0.025
299.3141 	EXP 	chooseNowText_2: height = 0.025
299.3141 	EXP 	chooseNowText_2: height = 0.025
299.3304 	EXP 	chooseNowText_2: height = 0.025
299.3304 	EXP 	chooseNowText_2: height = 0.025
299.3304 	EXP 	chooseNowText_2: height = 0.025
299.3472 	EXP 	chooseNowText_2: height = 0.025
299.3472 	EXP 	chooseNowText_2: height = 0.025
299.3472 	EXP 	chooseNowText_2: height = 0.025
299.3642 	EXP 	chooseNowText_2: height = 0.025
299.3642 	EXP 	chooseNowText_2: height = 0.025
299.3642 	EXP 	chooseNowText_2: height = 0.025
299.3807 	EXP 	chooseNowText_2: height = 0.025
299.3807 	EXP 	chooseNowText_2: height = 0.025
299.3807 	EXP 	chooseNowText_2: height = 0.025
299.3973 	EXP 	chooseNowText_2: height = 0.025
299.3973 	EXP 	chooseNowText_2: height = 0.025
299.3973 	EXP 	chooseNowText_2: height = 0.025
299.4138 	EXP 	chooseNowText_2: height = 0.025
299.4138 	EXP 	chooseNowText_2: height = 0.025
299.4138 	EXP 	chooseNowText_2: height = 0.025
299.4307 	EXP 	chooseNowText_2: height = 0.025
299.4307 	EXP 	chooseNowText_2: height = 0.025
299.4307 	EXP 	chooseNowText_2: height = 0.025
299.4474 	EXP 	chooseNowText_2: height = 0.025
299.4474 	EXP 	chooseNowText_2: height = 0.025
299.4474 	EXP 	chooseNowText_2: height = 0.025
299.4637 	EXP 	chooseNowText_2: height = 0.025
299.4637 	EXP 	chooseNowText_2: height = 0.025
299.4637 	EXP 	chooseNowText_2: height = 0.025
299.4804 	EXP 	chooseNowText_2: height = 0.025
299.4804 	EXP 	chooseNowText_2: height = 0.025
299.4804 	EXP 	chooseNowText_2: height = 0.025
299.4970 	EXP 	chooseNowText_2: height = 0.025
299.4970 	EXP 	chooseNowText_2: height = 0.025
299.4970 	EXP 	chooseNowText_2: height = 0.025
299.5139 	EXP 	chooseNowText_2: height = 0.025
299.5139 	EXP 	chooseNowText_2: height = 0.025
299.5139 	EXP 	chooseNowText_2: height = 0.025
299.5307 	EXP 	chooseNowText_2: height = 0.025
299.5307 	EXP 	chooseNowText_2: height = 0.025
299.5307 	EXP 	chooseNowText_2: height = 0.025
299.5476 	EXP 	chooseNowText_2: height = 0.025
299.5476 	EXP 	chooseNowText_2: height = 0.025
299.5476 	EXP 	chooseNowText_2: height = 0.025
299.5641 	EXP 	chooseNowText_2: height = 0.025
299.5641 	EXP 	chooseNowText_2: height = 0.025
299.5641 	EXP 	chooseNowText_2: height = 0.025
299.5806 	EXP 	chooseNowText_2: height = 0.025
299.5806 	EXP 	chooseNowText_2: height = 0.025
299.5806 	EXP 	chooseNowText_2: height = 0.025
299.5972 	EXP 	chooseNowText_2: height = 0.025
299.5972 	EXP 	chooseNowText_2: height = 0.025
299.5972 	EXP 	chooseNowText_2: height = 0.025
299.6140 	EXP 	chooseNowText_2: height = 0.025
299.6140 	EXP 	chooseNowText_2: height = 0.025
299.6140 	EXP 	chooseNowText_2: height = 0.025
299.6312 	EXP 	chooseNowText_2: height = 0.025
299.6312 	EXP 	chooseNowText_2: height = 0.025
299.6312 	EXP 	chooseNowText_2: height = 0.025
299.6473 	EXP 	chooseNowText_2: height = 0.025
299.6473 	EXP 	chooseNowText_2: height = 0.025
299.6473 	EXP 	chooseNowText_2: height = 0.025
299.6638 	EXP 	chooseNowText_2: height = 0.025
299.6638 	EXP 	chooseNowText_2: height = 0.025
299.6638 	EXP 	chooseNowText_2: height = 0.025
299.6806 	EXP 	chooseNowText_2: height = 0.025
299.6806 	EXP 	chooseNowText_2: height = 0.025
299.6806 	EXP 	chooseNowText_2: height = 0.025
299.6976 	EXP 	chooseNowText_2: height = 0.025
299.6976 	EXP 	chooseNowText_2: height = 0.025
299.6976 	EXP 	chooseNowText_2: height = 0.025
299.7144 	EXP 	chooseNowText_2: height = 0.025
299.7144 	EXP 	chooseNowText_2: height = 0.025
299.7144 	EXP 	chooseNowText_2: height = 0.025
299.7305 	EXP 	chooseNowText_2: height = 0.025
299.7305 	EXP 	chooseNowText_2: height = 0.025
299.7305 	EXP 	chooseNowText_2: height = 0.025
299.7472 	EXP 	yes_txt: autoDraw = False
299.7472 	EXP 	no_txt: autoDraw = False
299.7472 	EXP 	chooseNowText_2: height = 0.025
299.7472 	EXP 	chooseNowText_2: height = 0.025
299.7472 	EXP 	chooseNowText_2: height = 0.025
299.7472 	EXP 	polygon_6: autoDraw = False
299.7472 	EXP 	yes_txt: autoDraw = False
299.7472 	EXP 	no_txt: autoDraw = False
299.7472 	EXP 	chooseNowText_2: autoDraw = False
299.7472 	EXP 	tooSlowtext_4: height = 0.025
299.7472 	EXP 	tooSlowtext_4: height = 0.025
299.7472 	EXP 	tooSlowtext_4: height = 0.025
299.7472 	EXP 	tooSlowtext_4: text = ''
299.7472 	EXP 	tooSlowtext_4: height = 0.025
299.7472 	EXP 	tooSlowtext_4: height = 0.025
299.7472 	EXP 	tooSlowtext_4: height = 0.025
299.7472 	EXP 	tooSlowtext_4: text = 'Zu langsam. Sie müssen schneller antworten.'
299.7472 	EXP 	tooSlowtext_4: autoDraw = True
300.2332 	INFO 	Keyboard events cleared
300.2634 	EXP 	tooSlowtext_4: autoDraw = False
300.2634 	EXP 	tooSlowtext_4: autoDraw = False
300.2634 	EXP 	chooseNowText_3: height = 0.025
300.2634 	EXP 	chooseNowText_3: height = 0.025
300.2634 	EXP 	chooseNowText_3: height = 0.025
300.2634 	EXP 	opt_2: foreColor = <psychopy.colors.Color: white, alpha=1.0>
300.2634 	EXP 	opt_3: foreColor = <psychopy.colors.Color: white, alpha=1.0>
300.2634 	EXP 	opt_4: foreColor = <psychopy.colors.Color: white, alpha=1.0>
300.2634 	EXP 	opt_5: foreColor = <psychopy.colors.Color: white, alpha=1.0>
300.2634 	EXP 	chooseNowText_3: autoDraw = True
300.2634 	EXP 	opt_2: autoDraw = True
300.2634 	EXP 	opt_3: autoDraw = True
300.2634 	EXP 	opt_4: autoDraw = True
300.2634 	EXP 	opt_5: autoDraw = True
300.7471 	INFO 	Keyboard events cleared
302.2470 	EXP 	chooseNowText_3: height = 0.025
302.2470 	EXP 	chooseNowText_3: height = 0.025
302.2470 	EXP 	chooseNowText_3: height = 0.025
302.2638 	EXP 	chooseNowText_3: height = 0.025
302.2638 	EXP 	chooseNowText_3: height = 0.025
302.2638 	EXP 	chooseNowText_3: height = 0.025
302.2803 	EXP 	chooseNowText_3: height = 0.025
302.2803 	EXP 	chooseNowText_3: height = 0.025
302.2803 	EXP 	chooseNowText_3: height = 0.025
302.2967 	EXP 	chooseNowText_3: height = 0.025
302.2967 	EXP 	chooseNowText_3: height = 0.025
302.2967 	EXP 	chooseNowText_3: height = 0.025
302.3133 	EXP 	chooseNowText_3: height = 0.025
302.3133 	EXP 	chooseNowText_3: height = 0.025
302.3133 	EXP 	chooseNowText_3: height = 0.025
302.3300 	EXP 	chooseNowText_3: height = 0.025
302.3300 	EXP 	chooseNowText_3: height = 0.025
302.3300 	EXP 	chooseNowText_3: height = 0.025
302.3467 	EXP 	chooseNowText_3: height = 0.025
302.3467 	EXP 	chooseNowText_3: height = 0.025
302.3467 	EXP 	chooseNowText_3: height = 0.025
302.3632 	EXP 	chooseNowText_3: height = 0.025
302.3632 	EXP 	chooseNowText_3: height = 0.025
302.3632 	EXP 	chooseNowText_3: height = 0.025
302.3798 	EXP 	chooseNowText_3: height = 0.025
302.3798 	EXP 	chooseNowText_3: height = 0.025
302.3798 	EXP 	chooseNowText_3: height = 0.025
302.3965 	EXP 	chooseNowText_3: height = 0.025
302.3965 	EXP 	chooseNowText_3: height = 0.025
302.3965 	EXP 	chooseNowText_3: height = 0.025
302.4132 	EXP 	chooseNowText_3: height = 0.025
302.4132 	EXP 	chooseNowText_3: height = 0.025
302.4132 	EXP 	chooseNowText_3: height = 0.025
302.4300 	EXP 	chooseNowText_3: height = 0.025
302.4300 	EXP 	chooseNowText_3: height = 0.025
302.4300 	EXP 	chooseNowText_3: height = 0.025
302.4465 	EXP 	chooseNowText_3: height = 0.025
302.4465 	EXP 	chooseNowText_3: height = 0.025
302.4465 	EXP 	chooseNowText_3: height = 0.025
302.4633 	EXP 	chooseNowText_3: height = 0.025
302.4633 	EXP 	chooseNowText_3: height = 0.025
302.4633 	EXP 	chooseNowText_3: height = 0.025
302.4799 	EXP 	chooseNowText_3: height = 0.025
302.4799 	EXP 	chooseNowText_3: height = 0.025
302.4799 	EXP 	chooseNowText_3: height = 0.025
302.4966 	EXP 	chooseNowText_3: height = 0.025
302.4966 	EXP 	chooseNowText_3: height = 0.025
302.4966 	EXP 	chooseNowText_3: height = 0.025
302.5133 	EXP 	chooseNowText_3: height = 0.025
302.5133 	EXP 	chooseNowText_3: height = 0.025
302.5133 	EXP 	chooseNowText_3: height = 0.025
302.5297 	EXP 	chooseNowText_3: height = 0.025
302.5297 	EXP 	chooseNowText_3: height = 0.025
302.5297 	EXP 	chooseNowText_3: height = 0.025
302.5464 	EXP 	chooseNowText_3: height = 0.025
302.5464 	EXP 	chooseNowText_3: height = 0.025
302.5464 	EXP 	chooseNowText_3: height = 0.025
302.5630 	EXP 	chooseNowText_3: height = 0.025
302.5630 	EXP 	chooseNowText_3: height = 0.025
302.5630 	EXP 	chooseNowText_3: height = 0.025
302.5797 	EXP 	chooseNowText_3: height = 0.025
302.5797 	EXP 	chooseNowText_3: height = 0.025
302.5797 	EXP 	chooseNowText_3: height = 0.025
302.5964 	EXP 	chooseNowText_3: height = 0.025
302.5964 	EXP 	chooseNowText_3: height = 0.025
302.5964 	EXP 	chooseNowText_3: height = 0.025
302.6127 	EXP 	chooseNowText_3: height = 0.025
302.6127 	EXP 	chooseNowText_3: height = 0.025
302.6127 	EXP 	chooseNowText_3: height = 0.025
302.6295 	EXP 	chooseNowText_3: height = 0.025
302.6295 	EXP 	chooseNowText_3: height = 0.025
302.6295 	EXP 	chooseNowText_3: height = 0.025
302.6461 	EXP 	chooseNowText_3: height = 0.025
302.6461 	EXP 	chooseNowText_3: height = 0.025
302.6461 	EXP 	chooseNowText_3: height = 0.025
302.6627 	EXP 	chooseNowText_3: height = 0.025
302.6627 	EXP 	chooseNowText_3: height = 0.025
302.6627 	EXP 	chooseNowText_3: height = 0.025
302.6798 	EXP 	chooseNowText_3: height = 0.025
302.6798 	EXP 	chooseNowText_3: height = 0.025
302.6798 	EXP 	chooseNowText_3: height = 0.025
302.6963 	EXP 	chooseNowText_3: height = 0.025
302.6963 	EXP 	chooseNowText_3: height = 0.025
302.6963 	EXP 	chooseNowText_3: height = 0.025
302.7130 	EXP 	chooseNowText_3: height = 0.025
302.7130 	EXP 	chooseNowText_3: height = 0.025
302.7130 	EXP 	chooseNowText_3: height = 0.025
302.7296 	EXP 	chooseNowText_3: height = 0.025
302.7296 	EXP 	chooseNowText_3: height = 0.025
302.7296 	EXP 	chooseNowText_3: height = 0.025
302.7462 	EXP 	chooseNowText_3: height = 0.025
302.7462 	EXP 	chooseNowText_3: height = 0.025
302.7462 	EXP 	chooseNowText_3: height = 0.025
302.7629 	EXP 	chooseNowText_3: height = 0.025
302.7629 	EXP 	chooseNowText_3: height = 0.025
302.7629 	EXP 	chooseNowText_3: height = 0.025
302.7803 	EXP 	chooseNowText_3: height = 0.025
302.7803 	EXP 	chooseNowText_3: height = 0.025
302.7803 	EXP 	chooseNowText_3: height = 0.025
302.7967 	EXP 	chooseNowText_3: height = 0.025
302.7967 	EXP 	chooseNowText_3: height = 0.025
302.7967 	EXP 	chooseNowText_3: height = 0.025
302.8132 	EXP 	chooseNowText_3: height = 0.025
302.8132 	EXP 	chooseNowText_3: height = 0.025
302.8132 	EXP 	chooseNowText_3: height = 0.025
302.8294 	EXP 	chooseNowText_3: height = 0.025
302.8294 	EXP 	chooseNowText_3: height = 0.025
302.8294 	EXP 	chooseNowText_3: height = 0.025
302.8460 	EXP 	chooseNowText_3: height = 0.025
302.8460 	EXP 	chooseNowText_3: height = 0.025
302.8460 	EXP 	chooseNowText_3: height = 0.025
302.8630 	EXP 	chooseNowText_3: height = 0.025
302.8630 	EXP 	chooseNowText_3: height = 0.025
302.8630 	EXP 	chooseNowText_3: height = 0.025
302.8793 	EXP 	chooseNowText_3: height = 0.025
302.8793 	EXP 	chooseNowText_3: height = 0.025
302.8793 	EXP 	chooseNowText_3: height = 0.025
302.8961 	EXP 	chooseNowText_3: height = 0.025
302.8961 	EXP 	chooseNowText_3: height = 0.025
302.8961 	EXP 	chooseNowText_3: height = 0.025
302.9130 	EXP 	chooseNowText_3: height = 0.025
302.9130 	EXP 	chooseNowText_3: height = 0.025
302.9130 	EXP 	chooseNowText_3: height = 0.025
302.9296 	EXP 	chooseNowText_3: height = 0.025
302.9296 	EXP 	chooseNowText_3: height = 0.025
302.9296 	EXP 	chooseNowText_3: height = 0.025
302.9464 	EXP 	chooseNowText_3: height = 0.025
302.9464 	EXP 	chooseNowText_3: height = 0.025
302.9464 	EXP 	chooseNowText_3: height = 0.025
302.9637 	EXP 	chooseNowText_3: height = 0.025
302.9637 	EXP 	chooseNowText_3: height = 0.025
302.9637 	EXP 	chooseNowText_3: height = 0.025
302.9793 	EXP 	chooseNowText_3: height = 0.025
302.9793 	EXP 	chooseNowText_3: height = 0.025
302.9793 	EXP 	chooseNowText_3: height = 0.025
302.9960 	EXP 	chooseNowText_3: height = 0.025
302.9960 	EXP 	chooseNowText_3: height = 0.025
302.9960 	EXP 	chooseNowText_3: height = 0.025
303.0127 	EXP 	chooseNowText_3: height = 0.025
303.0127 	EXP 	chooseNowText_3: height = 0.025
303.0127 	EXP 	chooseNowText_3: height = 0.025
303.0294 	EXP 	chooseNowText_3: height = 0.025
303.0294 	EXP 	chooseNowText_3: height = 0.025
303.0294 	EXP 	chooseNowText_3: height = 0.025
303.0464 	EXP 	chooseNowText_3: height = 0.025
303.0464 	EXP 	chooseNowText_3: height = 0.025
303.0464 	EXP 	chooseNowText_3: height = 0.025
303.0628 	EXP 	chooseNowText_3: height = 0.025
303.0628 	EXP 	chooseNowText_3: height = 0.025
303.0628 	EXP 	chooseNowText_3: height = 0.025
303.0797 	EXP 	chooseNowText_3: height = 0.025
303.0797 	EXP 	chooseNowText_3: height = 0.025
303.0797 	EXP 	chooseNowText_3: height = 0.025
303.0962 	EXP 	chooseNowText_3: height = 0.025
303.0962 	EXP 	chooseNowText_3: height = 0.025
303.0962 	EXP 	chooseNowText_3: height = 0.025
303.1126 	EXP 	chooseNowText_3: height = 0.025
303.1126 	EXP 	chooseNowText_3: height = 0.025
303.1126 	EXP 	chooseNowText_3: height = 0.025
303.1293 	EXP 	chooseNowText_3: height = 0.025
303.1293 	EXP 	chooseNowText_3: height = 0.025
303.1293 	EXP 	chooseNowText_3: height = 0.025
303.1463 	EXP 	chooseNowText_3: height = 0.025
303.1463 	EXP 	chooseNowText_3: height = 0.025
303.1463 	EXP 	chooseNowText_3: height = 0.025
303.1627 	EXP 	chooseNowText_3: height = 0.025
303.1627 	EXP 	chooseNowText_3: height = 0.025
303.1627 	EXP 	chooseNowText_3: height = 0.025
303.1796 	EXP 	chooseNowText_3: height = 0.025
303.1796 	EXP 	chooseNowText_3: height = 0.025
303.1796 	EXP 	chooseNowText_3: height = 0.025
303.1961 	EXP 	chooseNowText_3: height = 0.025
303.1961 	EXP 	chooseNowText_3: height = 0.025
303.1961 	EXP 	chooseNowText_3: height = 0.025
303.2129 	EXP 	chooseNowText_3: height = 0.025
303.2129 	EXP 	chooseNowText_3: height = 0.025
303.2129 	EXP 	chooseNowText_3: height = 0.025
303.2294 	EXP 	chooseNowText_3: height = 0.025
303.2294 	EXP 	chooseNowText_3: height = 0.025
303.2294 	EXP 	chooseNowText_3: height = 0.025
303.2460 	EXP 	chooseNowText_3: height = 0.025
303.2460 	EXP 	chooseNowText_3: height = 0.025
303.2460 	EXP 	chooseNowText_3: height = 0.025
303.2628 	EXP 	chooseNowText_3: height = 0.025
303.2628 	EXP 	chooseNowText_3: height = 0.025
303.2628 	EXP 	chooseNowText_3: height = 0.025
303.2628 	EXP 	chooseNowText_3: autoDraw = False
303.2628 	EXP 	opt_2: autoDraw = False
303.2628 	EXP 	opt_3: autoDraw = False
303.2628 	EXP 	opt_4: autoDraw = False
303.2628 	EXP 	opt_5: autoDraw = False
303.2793 	EXP 	chooseNowText_3: height = 0.025
303.2793 	EXP 	chooseNowText_3: height = 0.025
303.2793 	EXP 	chooseNowText_3: height = 0.025
303.2959 	EXP 	chooseNowText_3: height = 0.025
303.2959 	EXP 	chooseNowText_3: height = 0.025
303.2959 	EXP 	chooseNowText_3: height = 0.025
303.3129 	EXP 	chooseNowText_3: height = 0.025
303.3129 	EXP 	chooseNowText_3: height = 0.025
303.3129 	EXP 	chooseNowText_3: height = 0.025
303.3293 	EXP 	chooseNowText_3: height = 0.025
303.3293 	EXP 	chooseNowText_3: height = 0.025
303.3293 	EXP 	chooseNowText_3: height = 0.025
303.3459 	EXP 	chooseNowText_3: height = 0.025
303.3459 	EXP 	chooseNowText_3: height = 0.025
303.3459 	EXP 	chooseNowText_3: height = 0.025
303.3629 	EXP 	chooseNowText_3: height = 0.025
303.3629 	EXP 	chooseNowText_3: height = 0.025
303.3629 	EXP 	chooseNowText_3: height = 0.025
303.3795 	EXP 	chooseNowText_3: height = 0.025
303.3795 	EXP 	chooseNowText_3: height = 0.025
303.3795 	EXP 	chooseNowText_3: height = 0.025
303.3961 	EXP 	chooseNowText_3: height = 0.025
303.3961 	EXP 	chooseNowText_3: height = 0.025
303.3961 	EXP 	chooseNowText_3: height = 0.025
303.4126 	EXP 	chooseNowText_3: height = 0.025
303.4126 	EXP 	chooseNowText_3: height = 0.025
303.4126 	EXP 	chooseNowText_3: height = 0.025
303.4295 	EXP 	chooseNowText_3: height = 0.025
303.4295 	EXP 	chooseNowText_3: height = 0.025
303.4295 	EXP 	chooseNowText_3: height = 0.025
303.4463 	EXP 	chooseNowText_3: height = 0.025
303.4463 	EXP 	chooseNowText_3: height = 0.025
303.4463 	EXP 	chooseNowText_3: height = 0.025
303.4629 	EXP 	chooseNowText_3: height = 0.025
303.4629 	EXP 	chooseNowText_3: height = 0.025
303.4629 	EXP 	chooseNowText_3: height = 0.025
303.4795 	EXP 	chooseNowText_3: height = 0.025
303.4795 	EXP 	chooseNowText_3: height = 0.025
303.4795 	EXP 	chooseNowText_3: height = 0.025
303.4962 	EXP 	chooseNowText_3: height = 0.025
303.4962 	EXP 	chooseNowText_3: height = 0.025
303.4962 	EXP 	chooseNowText_3: height = 0.025
303.5127 	EXP 	chooseNowText_3: height = 0.025
303.5127 	EXP 	chooseNowText_3: height = 0.025
303.5127 	EXP 	chooseNowText_3: height = 0.025
303.5294 	EXP 	chooseNowText_3: height = 0.025
303.5294 	EXP 	chooseNowText_3: height = 0.025
303.5294 	EXP 	chooseNowText_3: height = 0.025
303.5461 	EXP 	chooseNowText_3: height = 0.025
303.5461 	EXP 	chooseNowText_3: height = 0.025
303.5461 	EXP 	chooseNowText_3: height = 0.025
303.5627 	EXP 	chooseNowText_3: height = 0.025
303.5627 	EXP 	chooseNowText_3: height = 0.025
303.5627 	EXP 	chooseNowText_3: height = 0.025
303.5794 	EXP 	chooseNowText_3: height = 0.025
303.5794 	EXP 	chooseNowText_3: height = 0.025
303.5794 	EXP 	chooseNowText_3: height = 0.025
303.5962 	EXP 	chooseNowText_3: height = 0.025
303.5962 	EXP 	chooseNowText_3: height = 0.025
303.5962 	EXP 	chooseNowText_3: height = 0.025
303.6128 	EXP 	chooseNowText_3: height = 0.025
303.6128 	EXP 	chooseNowText_3: height = 0.025
303.6128 	EXP 	chooseNowText_3: height = 0.025
303.6295 	EXP 	chooseNowText_3: height = 0.025
303.6295 	EXP 	chooseNowText_3: height = 0.025
303.6295 	EXP 	chooseNowText_3: height = 0.025
303.6464 	EXP 	chooseNowText_3: height = 0.025
303.6464 	EXP 	chooseNowText_3: height = 0.025
303.6464 	EXP 	chooseNowText_3: height = 0.025
303.6629 	EXP 	chooseNowText_3: height = 0.025
303.6629 	EXP 	chooseNowText_3: height = 0.025
303.6629 	EXP 	chooseNowText_3: height = 0.025
303.6796 	EXP 	chooseNowText_3: height = 0.025
303.6796 	EXP 	chooseNowText_3: height = 0.025
303.6796 	EXP 	chooseNowText_3: height = 0.025
303.6961 	EXP 	chooseNowText_3: height = 0.025
303.6961 	EXP 	chooseNowText_3: height = 0.025
303.6961 	EXP 	chooseNowText_3: height = 0.025
303.7126 	EXP 	chooseNowText_3: height = 0.025
303.7126 	EXP 	chooseNowText_3: height = 0.025
303.7126 	EXP 	chooseNowText_3: height = 0.025
303.7294 	EXP 	chooseNowText_3: height = 0.025
303.7294 	EXP 	chooseNowText_3: height = 0.025
303.7294 	EXP 	chooseNowText_3: height = 0.025
303.7460 	EXP 	chooseNowText_3: height = 0.025
303.7460 	EXP 	chooseNowText_3: height = 0.025
303.7460 	EXP 	chooseNowText_3: height = 0.025
303.7460 	EXP 	chooseNowText_3: autoDraw = False
303.7460 	EXP 	opt_2: autoDraw = False
303.7460 	EXP 	opt_3: autoDraw = False
303.7460 	EXP 	opt_4: autoDraw = False
303.7460 	EXP 	opt_5: autoDraw = False
303.7460 	EXP 	tooSlowtext_2: height = 0.025
303.7460 	EXP 	tooSlowtext_2: height = 0.025
303.7460 	EXP 	tooSlowtext_2: height = 0.025
303.7460 	EXP 	tooSlowtext_2: text = ''
303.7460 	EXP 	tooSlowtext_2: height = 0.025
303.7460 	EXP 	tooSlowtext_2: height = 0.025
303.7460 	EXP 	tooSlowtext_2: height = 0.025
303.7460 	EXP 	tooSlowtext_2: text = 'Zu langsam. Sie müssen schneller antworten.'
303.7460 	EXP 	tooSlowtext_2: autoDraw = True
304.2325 	EXP 	New trial (rep=0, index=14): <Trial 14 (14 in rep 0) data={'learningSeq': 'A', 'block': 'block1', 'runIndexWithinSeq': 1, 'miniblockWithinRun': 3, 'coupleIndexWithinRoute': 14, 'img_first': 'stimuli/hand/hand_16.jpg', 'img_second': 'stimuli/bicycle/bicycle_06.jpg', 'img_third': None, 'distance_correct': 5, 'trial_type': 1, 'opt_left': 'no', 'opt_right': 'yes', 'correct_side': 'right', 'correct_key': 'right', 'is_yes': 1, 'image_dur_retr': 1.2, 'fix_dur_retr': 0.2, 'iti_dur_retr': 0.68, 'reflection_win_dur': 1.8, 'routeIndexWithinBlock': 1, 'seqOfRoute': 'A', 'retrIm1Trig': 8, 'retrIm2Trig': 2, 'thisN': 14, 'thisTrialN': 14, 'thisRepN': 0}>
304.2459 	EXP 	tooSlowtext_2: autoDraw = False
304.2459 	EXP 	tooSlowtext_2: autoDraw = False
304.2459 	EXP 	fix_cross_retrbegin_2: text = '+'
304.2459 	EXP 	fix_cross_retrbegin_2: autoDraw = True
304.9674 	EXP 	fix_cross_retrbegin_2: autoDraw = False
304.9674 	EXP 	fix_cross_retrbegin_2: autoDraw = False
304.9674 	EXP 	image_1: image = 'stimuli/hand/hand_16.jpg'
304.9674 	EXP 	image_1: autoDraw = True
305.9789 	EXP 	image_1: autoDraw = False
305.9789 	EXP 	image_1: autoDraw = False
305.9789 	EXP 	mask_img1_2: autoDraw = True
306.2476 	EXP 	mask_img1_2: autoDraw = False
306.2476 	EXP 	mask_img1_2: autoDraw = False
306.2476 	EXP 	image_2: image = 'stimuli/bicycle/bicycle_06.jpg'
306.2476 	EXP 	image_2: autoDraw = True
307.2619 	EXP 	image_2: autoDraw = False
307.2619 	EXP 	image_2: autoDraw = False
307.2619 	EXP 	mask_img2_2: autoDraw = True
307.5112 	EXP 	mask_img2_2: autoDraw = False
307.5112 	EXP 	mask_img2_2: autoDraw = False
307.5112 	EXP 	fix_cross_reflretr: autoDraw = True
309.3070 	INFO 	Keyboard events cleared
309.3270 	INFO 	Keyboard events cleared
309.3269 	EXP 	fix_cross_reflretr: autoDraw = False
309.3269 	EXP 	fix_cross_reflretr: autoDraw = False
309.3269 	EXP 	yes_txt: text = 'ja'
309.3269 	EXP 	no_txt: text = 'nein'
309.3269 	EXP 	chooseNowText_2: height = 0.025
309.3269 	EXP 	chooseNowText_2: height = 0.025
309.3269 	EXP 	chooseNowText_2: height = 0.025
309.3269 	EXP 	polygon_6: autoDraw = True
309.3269 	EXP 	yes_txt: autoDraw = True
309.3269 	EXP 	no_txt: autoDraw = True
309.3269 	EXP 	chooseNowText_2: autoDraw = True
311.3271 	EXP 	chooseNowText_2: height = 0.025
311.3271 	EXP 	chooseNowText_2: height = 0.025
311.3271 	EXP 	chooseNowText_2: height = 0.025
311.3436 	EXP 	chooseNowText_2: height = 0.025
311.3436 	EXP 	chooseNowText_2: height = 0.025
311.3436 	EXP 	chooseNowText_2: height = 0.025
311.3602 	EXP 	chooseNowText_2: height = 0.025
311.3602 	EXP 	chooseNowText_2: height = 0.025
311.3602 	EXP 	chooseNowText_2: height = 0.025
311.3769 	EXP 	chooseNowText_2: height = 0.025
311.3769 	EXP 	chooseNowText_2: height = 0.025
311.3769 	EXP 	chooseNowText_2: height = 0.025
311.3934 	EXP 	chooseNowText_2: height = 0.025
311.3934 	EXP 	chooseNowText_2: height = 0.025
311.3934 	EXP 	chooseNowText_2: height = 0.025
311.4101 	EXP 	chooseNowText_2: height = 0.025
311.4101 	EXP 	chooseNowText_2: height = 0.025
311.4101 	EXP 	chooseNowText_2: height = 0.025
311.4268 	EXP 	chooseNowText_2: height = 0.025
311.4268 	EXP 	chooseNowText_2: height = 0.025
311.4268 	EXP 	chooseNowText_2: height = 0.025
311.4435 	EXP 	chooseNowText_2: height = 0.025
311.4435 	EXP 	chooseNowText_2: height = 0.025
311.4435 	EXP 	chooseNowText_2: height = 0.025
311.4601 	EXP 	chooseNowText_2: height = 0.025
311.4601 	EXP 	chooseNowText_2: height = 0.025
311.4601 	EXP 	chooseNowText_2: height = 0.025
311.4772 	EXP 	chooseNowText_2: height = 0.025
311.4772 	EXP 	chooseNowText_2: height = 0.025
311.4772 	EXP 	chooseNowText_2: height = 0.025
311.4935 	EXP 	chooseNowText_2: height = 0.025
311.4935 	EXP 	chooseNowText_2: height = 0.025
311.4935 	EXP 	chooseNowText_2: height = 0.025
311.5101 	EXP 	chooseNowText_2: height = 0.025
311.5101 	EXP 	chooseNowText_2: height = 0.025
311.5101 	EXP 	chooseNowText_2: height = 0.025
311.5267 	EXP 	chooseNowText_2: height = 0.025
311.5267 	EXP 	chooseNowText_2: height = 0.025
311.5267 	EXP 	chooseNowText_2: height = 0.025
311.5437 	EXP 	chooseNowText_2: height = 0.025
311.5437 	EXP 	chooseNowText_2: height = 0.025
311.5437 	EXP 	chooseNowText_2: height = 0.025
311.5602 	EXP 	chooseNowText_2: height = 0.025
311.5602 	EXP 	chooseNowText_2: height = 0.025
311.5602 	EXP 	chooseNowText_2: height = 0.025
311.5767 	EXP 	chooseNowText_2: height = 0.025
311.5767 	EXP 	chooseNowText_2: height = 0.025
311.5767 	EXP 	chooseNowText_2: height = 0.025
311.5935 	EXP 	chooseNowText_2: height = 0.025
311.5935 	EXP 	chooseNowText_2: height = 0.025
311.5935 	EXP 	chooseNowText_2: height = 0.025
311.6101 	EXP 	chooseNowText_2: height = 0.025
311.6101 	EXP 	chooseNowText_2: height = 0.025
311.6101 	EXP 	chooseNowText_2: height = 0.025
311.6269 	EXP 	chooseNowText_2: height = 0.025
311.6269 	EXP 	chooseNowText_2: height = 0.025
311.6269 	EXP 	chooseNowText_2: height = 0.025
311.6435 	EXP 	chooseNowText_2: height = 0.025
311.6435 	EXP 	chooseNowText_2: height = 0.025
311.6435 	EXP 	chooseNowText_2: height = 0.025
311.6605 	EXP 	chooseNowText_2: height = 0.025
311.6605 	EXP 	chooseNowText_2: height = 0.025
311.6605 	EXP 	chooseNowText_2: height = 0.025
311.6766 	EXP 	chooseNowText_2: height = 0.025
311.6766 	EXP 	chooseNowText_2: height = 0.025
311.6766 	EXP 	chooseNowText_2: height = 0.025
311.6937 	EXP 	chooseNowText_2: height = 0.025
311.6937 	EXP 	chooseNowText_2: height = 0.025
311.6937 	EXP 	chooseNowText_2: height = 0.025
311.7106 	EXP 	chooseNowText_2: height = 0.025
311.7106 	EXP 	chooseNowText_2: height = 0.025
311.7106 	EXP 	chooseNowText_2: height = 0.025
311.7267 	EXP 	chooseNowText_2: height = 0.025
311.7267 	EXP 	chooseNowText_2: height = 0.025
311.7267 	EXP 	chooseNowText_2: height = 0.025
311.7434 	EXP 	chooseNowText_2: height = 0.025
311.7434 	EXP 	chooseNowText_2: height = 0.025
311.7434 	EXP 	chooseNowText_2: height = 0.025
311.7609 	EXP 	chooseNowText_2: height = 0.025
311.7609 	EXP 	chooseNowText_2: height = 0.025
311.7609 	EXP 	chooseNowText_2: height = 0.025
311.7768 	EXP 	chooseNowText_2: height = 0.025
311.7768 	EXP 	chooseNowText_2: height = 0.025
311.7768 	EXP 	chooseNowText_2: height = 0.025
311.7939 	EXP 	chooseNowText_2: height = 0.025
311.7939 	EXP 	chooseNowText_2: height = 0.025
311.7939 	EXP 	chooseNowText_2: height = 0.025
311.8102 	EXP 	chooseNowText_2: height = 0.025
311.8102 	EXP 	chooseNowText_2: height = 0.025
311.8102 	EXP 	chooseNowText_2: height = 0.025
311.8270 	EXP 	chooseNowText_2: height = 0.025
311.8270 	EXP 	chooseNowText_2: height = 0.025
311.8270 	EXP 	chooseNowText_2: height = 0.025
311.8436 	EXP 	chooseNowText_2: height = 0.025
311.8436 	EXP 	chooseNowText_2: height = 0.025
311.8436 	EXP 	chooseNowText_2: height = 0.025
311.8603 	EXP 	chooseNowText_2: height = 0.025
311.8603 	EXP 	chooseNowText_2: height = 0.025
311.8603 	EXP 	chooseNowText_2: height = 0.025
311.8771 	EXP 	chooseNowText_2: height = 0.025
311.8771 	EXP 	chooseNowText_2: height = 0.025
311.8771 	EXP 	chooseNowText_2: height = 0.025
311.8937 	EXP 	chooseNowText_2: height = 0.025
311.8937 	EXP 	chooseNowText_2: height = 0.025
311.8937 	EXP 	chooseNowText_2: height = 0.025
311.9103 	EXP 	chooseNowText_2: height = 0.025
311.9103 	EXP 	chooseNowText_2: height = 0.025
311.9103 	EXP 	chooseNowText_2: height = 0.025
311.9268 	EXP 	chooseNowText_2: height = 0.025
311.9268 	EXP 	chooseNowText_2: height = 0.025
311.9268 	EXP 	chooseNowText_2: height = 0.025
311.9435 	EXP 	chooseNowText_2: height = 0.025
311.9435 	EXP 	chooseNowText_2: height = 0.025
311.9435 	EXP 	chooseNowText_2: height = 0.025
311.9604 	EXP 	chooseNowText_2: height = 0.025
311.9604 	EXP 	chooseNowText_2: height = 0.025
311.9604 	EXP 	chooseNowText_2: height = 0.025
311.9770 	EXP 	chooseNowText_2: height = 0.025
311.9770 	EXP 	chooseNowText_2: height = 0.025
311.9770 	EXP 	chooseNowText_2: height = 0.025
311.9937 	EXP 	chooseNowText_2: height = 0.025
311.9937 	EXP 	chooseNowText_2: height = 0.025
311.9937 	EXP 	chooseNowText_2: height = 0.025
312.0101 	EXP 	chooseNowText_2: height = 0.025
312.0101 	EXP 	chooseNowText_2: height = 0.025
312.0101 	EXP 	chooseNowText_2: height = 0.025
312.0267 	EXP 	chooseNowText_2: height = 0.025
312.0267 	EXP 	chooseNowText_2: height = 0.025
312.0267 	EXP 	chooseNowText_2: height = 0.025
312.0435 	EXP 	chooseNowText_2: height = 0.025
312.0435 	EXP 	chooseNowText_2: height = 0.025
312.0435 	EXP 	chooseNowText_2: height = 0.025
312.0602 	EXP 	chooseNowText_2: height = 0.025
312.0602 	EXP 	chooseNowText_2: height = 0.025
312.0602 	EXP 	chooseNowText_2: height = 0.025
312.0768 	EXP 	chooseNowText_2: height = 0.025
312.0768 	EXP 	chooseNowText_2: height = 0.025
312.0768 	EXP 	chooseNowText_2: height = 0.025
312.0935 	EXP 	chooseNowText_2: height = 0.025
312.0935 	EXP 	chooseNowText_2: height = 0.025
312.0935 	EXP 	chooseNowText_2: height = 0.025
312.1102 	EXP 	chooseNowText_2: height = 0.025
312.1102 	EXP 	chooseNowText_2: height = 0.025
312.1102 	EXP 	chooseNowText_2: height = 0.025
312.1268 	EXP 	chooseNowText_2: height = 0.025
312.1268 	EXP 	chooseNowText_2: height = 0.025
312.1268 	EXP 	chooseNowText_2: height = 0.025
312.1435 	EXP 	chooseNowText_2: height = 0.025
312.1435 	EXP 	chooseNowText_2: height = 0.025
312.1435 	EXP 	chooseNowText_2: height = 0.025
312.1600 	EXP 	chooseNowText_2: height = 0.025
312.1600 	EXP 	chooseNowText_2: height = 0.025
312.1600 	EXP 	chooseNowText_2: height = 0.025
312.1768 	EXP 	chooseNowText_2: height = 0.025
312.1768 	EXP 	chooseNowText_2: height = 0.025
312.1768 	EXP 	chooseNowText_2: height = 0.025
312.1940 	EXP 	chooseNowText_2: height = 0.025
312.1940 	EXP 	chooseNowText_2: height = 0.025
312.1940 	EXP 	chooseNowText_2: height = 0.025
312.2112 	EXP 	chooseNowText_2: height = 0.025
312.2112 	EXP 	chooseNowText_2: height = 0.025
312.2112 	EXP 	chooseNowText_2: height = 0.025
312.2276 	EXP 	chooseNowText_2: height = 0.025
312.2276 	EXP 	chooseNowText_2: height = 0.025
312.2276 	EXP 	chooseNowText_2: height = 0.025
312.2446 	EXP 	chooseNowText_2: height = 0.025
312.2446 	EXP 	chooseNowText_2: height = 0.025
312.2446 	EXP 	chooseNowText_2: height = 0.025
312.2601 	EXP 	chooseNowText_2: height = 0.025
312.2601 	EXP 	chooseNowText_2: height = 0.025
312.2601 	EXP 	chooseNowText_2: height = 0.025
312.2767 	EXP 	chooseNowText_2: height = 0.025
312.2767 	EXP 	chooseNowText_2: height = 0.025
312.2767 	EXP 	chooseNowText_2: height = 0.025
312.2941 	EXP 	chooseNowText_2: height = 0.025
312.2941 	EXP 	chooseNowText_2: height = 0.025
312.2941 	EXP 	chooseNowText_2: height = 0.025
312.3100 	EXP 	chooseNowText_2: height = 0.025
312.3100 	EXP 	chooseNowText_2: height = 0.025
312.3100 	EXP 	chooseNowText_2: height = 0.025
312.3267 	EXP 	yes_txt: autoDraw = False
312.3267 	EXP 	no_txt: autoDraw = False
312.3267 	EXP 	chooseNowText_2: height = 0.025
312.3267 	EXP 	chooseNowText_2: height = 0.025
312.3267 	EXP 	chooseNowText_2: height = 0.025
312.3267 	EXP 	polygon_6: autoDraw = False
312.3267 	EXP 	yes_txt: autoDraw = False
312.3267 	EXP 	no_txt: autoDraw = False
312.3267 	EXP 	chooseNowText_2: autoDraw = False
312.3267 	EXP 	tooSlowtext_4: height = 0.025
312.3267 	EXP 	tooSlowtext_4: height = 0.025
312.3267 	EXP 	tooSlowtext_4: height = 0.025
312.3267 	EXP 	tooSlowtext_4: text = ''
312.3267 	EXP 	tooSlowtext_4: height = 0.025
312.3267 	EXP 	tooSlowtext_4: height = 0.025
312.3267 	EXP 	tooSlowtext_4: height = 0.025
312.3267 	EXP 	tooSlowtext_4: text = 'Zu langsam. Sie müssen schneller antworten.'
312.3267 	EXP 	tooSlowtext_4: autoDraw = True
312.8126 	INFO 	Keyboard events cleared
312.8424 	EXP 	tooSlowtext_4: autoDraw = False
312.8424 	EXP 	tooSlowtext_4: autoDraw = False
312.8424 	EXP 	chooseNowText_3: height = 0.025
312.8424 	EXP 	chooseNowText_3: height = 0.025
312.8424 	EXP 	chooseNowText_3: height = 0.025
312.8424 	EXP 	opt_2: foreColor = <psychopy.colors.Color: white, alpha=1.0>
312.8424 	EXP 	opt_3: foreColor = <psychopy.colors.Color: white, alpha=1.0>
312.8424 	EXP 	opt_4: foreColor = <psychopy.colors.Color: white, alpha=1.0>
312.8424 	EXP 	opt_5: foreColor = <psychopy.colors.Color: white, alpha=1.0>
312.8424 	EXP 	chooseNowText_3: autoDraw = True
312.8424 	EXP 	opt_2: autoDraw = True
312.8424 	EXP 	opt_3: autoDraw = True
312.8424 	EXP 	opt_4: autoDraw = True
312.8424 	EXP 	opt_5: autoDraw = True
313.3108 	INFO 	Keyboard events cleared
314.8429 	EXP 	chooseNowText_3: height = 0.025
314.8429 	EXP 	chooseNowText_3: height = 0.025
314.8429 	EXP 	chooseNowText_3: height = 0.025
314.8593 	EXP 	chooseNowText_3: height = 0.025
314.8593 	EXP 	chooseNowText_3: height = 0.025
314.8593 	EXP 	chooseNowText_3: height = 0.025
314.8770 	EXP 	chooseNowText_3: height = 0.025
314.8770 	EXP 	chooseNowText_3: height = 0.025
314.8770 	EXP 	chooseNowText_3: height = 0.025
314.8989 	EXP 	chooseNowText_3: height = 0.025
314.8989 	EXP 	chooseNowText_3: height = 0.025
314.8989 	EXP 	chooseNowText_3: height = 0.025
314.9138 	EXP 	chooseNowText_3: height = 0.025
314.9138 	EXP 	chooseNowText_3: height = 0.025
314.9138 	EXP 	chooseNowText_3: height = 0.025
314.9320 	EXP 	chooseNowText_3: height = 0.025
314.9320 	EXP 	chooseNowText_3: height = 0.025
314.9320 	EXP 	chooseNowText_3: height = 0.025
314.9425 	EXP 	chooseNowText_3: height = 0.025
314.9425 	EXP 	chooseNowText_3: height = 0.025
314.9425 	EXP 	chooseNowText_3: height = 0.025
314.9592 	EXP 	chooseNowText_3: height = 0.025
314.9592 	EXP 	chooseNowText_3: height = 0.025
314.9592 	EXP 	chooseNowText_3: height = 0.025
314.9758 	EXP 	chooseNowText_3: height = 0.025
314.9758 	EXP 	chooseNowText_3: height = 0.025
314.9758 	EXP 	chooseNowText_3: height = 0.025
314.9934 	EXP 	chooseNowText_3: height = 0.025
314.9934 	EXP 	chooseNowText_3: height = 0.025
314.9934 	EXP 	chooseNowText_3: height = 0.025
315.0092 	EXP 	chooseNowText_3: height = 0.025
315.0092 	EXP 	chooseNowText_3: height = 0.025
315.0092 	EXP 	chooseNowText_3: height = 0.025
315.0259 	EXP 	chooseNowText_3: height = 0.025
315.0259 	EXP 	chooseNowText_3: height = 0.025
315.0259 	EXP 	chooseNowText_3: height = 0.025
315.0426 	EXP 	chooseNowText_3: height = 0.025
315.0426 	EXP 	chooseNowText_3: height = 0.025
315.0426 	EXP 	chooseNowText_3: height = 0.025
315.0594 	EXP 	chooseNowText_3: height = 0.025
315.0594 	EXP 	chooseNowText_3: height = 0.025
315.0594 	EXP 	chooseNowText_3: height = 0.025
315.0757 	EXP 	chooseNowText_3: height = 0.025
315.0757 	EXP 	chooseNowText_3: height = 0.025
315.0757 	EXP 	chooseNowText_3: height = 0.025
315.0925 	EXP 	chooseNowText_3: height = 0.025
315.0925 	EXP 	chooseNowText_3: height = 0.025
315.0925 	EXP 	chooseNowText_3: height = 0.025
315.1094 	EXP 	chooseNowText_3: height = 0.025
315.1094 	EXP 	chooseNowText_3: height = 0.025
315.1094 	EXP 	chooseNowText_3: height = 0.025
315.1257 	EXP 	chooseNowText_3: height = 0.025
315.1257 	EXP 	chooseNowText_3: height = 0.025
315.1257 	EXP 	chooseNowText_3: height = 0.025
315.1424 	EXP 	chooseNowText_3: height = 0.025
315.1424 	EXP 	chooseNowText_3: height = 0.025
315.1424 	EXP 	chooseNowText_3: height = 0.025
315.1594 	EXP 	chooseNowText_3: height = 0.025
315.1594 	EXP 	chooseNowText_3: height = 0.025
315.1594 	EXP 	chooseNowText_3: height = 0.025
315.1758 	EXP 	chooseNowText_3: height = 0.025
315.1758 	EXP 	chooseNowText_3: height = 0.025
315.1758 	EXP 	chooseNowText_3: height = 0.025
315.1927 	EXP 	chooseNowText_3: height = 0.025
315.1927 	EXP 	chooseNowText_3: height = 0.025
315.1927 	EXP 	chooseNowText_3: height = 0.025
315.2092 	EXP 	chooseNowText_3: height = 0.025
315.2092 	EXP 	chooseNowText_3: height = 0.025
315.2092 	EXP 	chooseNowText_3: height = 0.025
315.2258 	EXP 	chooseNowText_3: height = 0.025
315.2258 	EXP 	chooseNowText_3: height = 0.025
315.2258 	EXP 	chooseNowText_3: height = 0.025
315.2428 	EXP 	chooseNowText_3: height = 0.025
315.2428 	EXP 	chooseNowText_3: height = 0.025
315.2428 	EXP 	chooseNowText_3: height = 0.025
315.2594 	EXP 	chooseNowText_3: height = 0.025
315.2594 	EXP 	chooseNowText_3: height = 0.025
315.2594 	EXP 	chooseNowText_3: height = 0.025
315.2762 	EXP 	chooseNowText_3: height = 0.025
315.2762 	EXP 	chooseNowText_3: height = 0.025
315.2762 	EXP 	chooseNowText_3: height = 0.025
315.2925 	EXP 	chooseNowText_3: height = 0.025
315.2925 	EXP 	chooseNowText_3: height = 0.025
315.2925 	EXP 	chooseNowText_3: height = 0.025
315.3093 	EXP 	chooseNowText_3: height = 0.025
315.3093 	EXP 	chooseNowText_3: height = 0.025
315.3093 	EXP 	chooseNowText_3: height = 0.025
315.3258 	EXP 	chooseNowText_3: height = 0.025
315.3258 	EXP 	chooseNowText_3: height = 0.025
315.3258 	EXP 	chooseNowText_3: height = 0.025
315.3423 	EXP 	chooseNowText_3: height = 0.025
315.3423 	EXP 	chooseNowText_3: height = 0.025
315.3423 	EXP 	chooseNowText_3: height = 0.025
315.3590 	EXP 	chooseNowText_3: height = 0.025
315.3590 	EXP 	chooseNowText_3: height = 0.025
315.3590 	EXP 	chooseNowText_3: height = 0.025
315.3756 	EXP 	chooseNowText_3: height = 0.025
315.3756 	EXP 	chooseNowText_3: height = 0.025
315.3756 	EXP 	chooseNowText_3: height = 0.025
315.3923 	EXP 	chooseNowText_3: height = 0.025
315.3923 	EXP 	chooseNowText_3: height = 0.025
315.3923 	EXP 	chooseNowText_3: height = 0.025
315.4092 	EXP 	chooseNowText_3: height = 0.025
315.4092 	EXP 	chooseNowText_3: height = 0.025
315.4092 	EXP 	chooseNowText_3: height = 0.025
315.4255 	EXP 	chooseNowText_3: height = 0.025
315.4255 	EXP 	chooseNowText_3: height = 0.025
315.4255 	EXP 	chooseNowText_3: height = 0.025
315.4423 	EXP 	chooseNowText_3: height = 0.025
315.4423 	EXP 	chooseNowText_3: height = 0.025
315.4423 	EXP 	chooseNowText_3: height = 0.025
315.4592 	EXP 	chooseNowText_3: height = 0.025
315.4592 	EXP 	chooseNowText_3: height = 0.025
315.4592 	EXP 	chooseNowText_3: height = 0.025
315.4756 	EXP 	chooseNowText_3: height = 0.025
315.4756 	EXP 	chooseNowText_3: height = 0.025
315.4756 	EXP 	chooseNowText_3: height = 0.025
315.4926 	EXP 	chooseNowText_3: height = 0.025
315.4926 	EXP 	chooseNowText_3: height = 0.025
315.4926 	EXP 	chooseNowText_3: height = 0.025
315.5092 	EXP 	chooseNowText_3: height = 0.025
315.5092 	EXP 	chooseNowText_3: height = 0.025
315.5092 	EXP 	chooseNowText_3: height = 0.025
315.5259 	EXP 	chooseNowText_3: height = 0.025
315.5259 	EXP 	chooseNowText_3: height = 0.025
315.5259 	EXP 	chooseNowText_3: height = 0.025
315.5425 	EXP 	chooseNowText_3: height = 0.025
315.5425 	EXP 	chooseNowText_3: height = 0.025
315.5425 	EXP 	chooseNowText_3: height = 0.025
315.5593 	EXP 	chooseNowText_3: height = 0.025
315.5593 	EXP 	chooseNowText_3: height = 0.025
315.5593 	EXP 	chooseNowText_3: height = 0.025
315.5758 	EXP 	chooseNowText_3: height = 0.025
315.5758 	EXP 	chooseNowText_3: height = 0.025
315.5758 	EXP 	chooseNowText_3: height = 0.025
315.5924 	EXP 	chooseNowText_3: height = 0.025
315.5924 	EXP 	chooseNowText_3: height = 0.025
315.5924 	EXP 	chooseNowText_3: height = 0.025
315.6091 	EXP 	chooseNowText_3: height = 0.025
315.6091 	EXP 	chooseNowText_3: height = 0.025
315.6091 	EXP 	chooseNowText_3: height = 0.025
315.6260 	EXP 	chooseNowText_3: height = 0.025
315.6260 	EXP 	chooseNowText_3: height = 0.025
315.6260 	EXP 	chooseNowText_3: height = 0.025
315.6424 	EXP 	chooseNowText_3: height = 0.025
315.6424 	EXP 	chooseNowText_3: height = 0.025
315.6424 	EXP 	chooseNowText_3: height = 0.025
315.6590 	EXP 	chooseNowText_3: height = 0.025
315.6590 	EXP 	chooseNowText_3: height = 0.025
315.6590 	EXP 	chooseNowText_3: height = 0.025
315.6758 	EXP 	chooseNowText_3: height = 0.025
315.6758 	EXP 	chooseNowText_3: height = 0.025
315.6758 	EXP 	chooseNowText_3: height = 0.025
315.6924 	EXP 	chooseNowText_3: height = 0.025
315.6924 	EXP 	chooseNowText_3: height = 0.025
315.6924 	EXP 	chooseNowText_3: height = 0.025
315.7091 	EXP 	chooseNowText_3: height = 0.025
315.7091 	EXP 	chooseNowText_3: height = 0.025
315.7091 	EXP 	chooseNowText_3: height = 0.025
315.7258 	EXP 	chooseNowText_3: height = 0.025
315.7258 	EXP 	chooseNowText_3: height = 0.025
315.7258 	EXP 	chooseNowText_3: height = 0.025
315.7424 	EXP 	chooseNowText_3: height = 0.025
315.7424 	EXP 	chooseNowText_3: height = 0.025
315.7424 	EXP 	chooseNowText_3: height = 0.025
315.7591 	EXP 	chooseNowText_3: height = 0.025
315.7591 	EXP 	chooseNowText_3: height = 0.025
315.7591 	EXP 	chooseNowText_3: height = 0.025
315.7758 	EXP 	chooseNowText_3: height = 0.025
315.7758 	EXP 	chooseNowText_3: height = 0.025
315.7758 	EXP 	chooseNowText_3: height = 0.025
315.7925 	EXP 	chooseNowText_3: height = 0.025
315.7925 	EXP 	chooseNowText_3: height = 0.025
315.7925 	EXP 	chooseNowText_3: height = 0.025
315.8090 	EXP 	chooseNowText_3: height = 0.025
315.8090 	EXP 	chooseNowText_3: height = 0.025
315.8090 	EXP 	chooseNowText_3: height = 0.025
315.8257 	EXP 	chooseNowText_3: height = 0.025
315.8257 	EXP 	chooseNowText_3: height = 0.025
315.8257 	EXP 	chooseNowText_3: height = 0.025
315.8422 	EXP 	chooseNowText_3: height = 0.025
315.8422 	EXP 	chooseNowText_3: height = 0.025
315.8422 	EXP 	chooseNowText_3: height = 0.025
315.8422 	EXP 	chooseNowText_3: autoDraw = False
315.8422 	EXP 	opt_2: autoDraw = False
315.8422 	EXP 	opt_3: autoDraw = False
315.8422 	EXP 	opt_4: autoDraw = False
315.8422 	EXP 	opt_5: autoDraw = False
315.8590 	EXP 	chooseNowText_3: height = 0.025
315.8590 	EXP 	chooseNowText_3: height = 0.025
315.8590 	EXP 	chooseNowText_3: height = 0.025
315.8758 	EXP 	chooseNowText_3: height = 0.025
315.8758 	EXP 	chooseNowText_3: height = 0.025
315.8758 	EXP 	chooseNowText_3: height = 0.025
315.8922 	EXP 	chooseNowText_3: height = 0.025
315.8922 	EXP 	chooseNowText_3: height = 0.025
315.8922 	EXP 	chooseNowText_3: height = 0.025
315.9088 	EXP 	chooseNowText_3: height = 0.025
315.9088 	EXP 	chooseNowText_3: height = 0.025
315.9088 	EXP 	chooseNowText_3: height = 0.025
315.9255 	EXP 	chooseNowText_3: height = 0.025
315.9255 	EXP 	chooseNowText_3: height = 0.025
315.9255 	EXP 	chooseNowText_3: height = 0.025
315.9423 	EXP 	chooseNowText_3: height = 0.025
315.9423 	EXP 	chooseNowText_3: height = 0.025
315.9423 	EXP 	chooseNowText_3: height = 0.025
315.9589 	EXP 	chooseNowText_3: height = 0.025
315.9589 	EXP 	chooseNowText_3: height = 0.025
315.9589 	EXP 	chooseNowText_3: height = 0.025
315.9761 	EXP 	chooseNowText_3: height = 0.025
315.9761 	EXP 	chooseNowText_3: height = 0.025
315.9761 	EXP 	chooseNowText_3: height = 0.025
315.9922 	EXP 	chooseNowText_3: height = 0.025
315.9922 	EXP 	chooseNowText_3: height = 0.025
315.9922 	EXP 	chooseNowText_3: height = 0.025
316.0091 	EXP 	chooseNowText_3: height = 0.025
316.0091 	EXP 	chooseNowText_3: height = 0.025
316.0091 	EXP 	chooseNowText_3: height = 0.025
316.0258 	EXP 	chooseNowText_3: height = 0.025
316.0258 	EXP 	chooseNowText_3: height = 0.025
316.0258 	EXP 	chooseNowText_3: height = 0.025
316.0425 	EXP 	chooseNowText_3: height = 0.025
316.0425 	EXP 	chooseNowText_3: height = 0.025
316.0425 	EXP 	chooseNowText_3: height = 0.025
316.0593 	EXP 	chooseNowText_3: height = 0.025
316.0593 	EXP 	chooseNowText_3: height = 0.025
316.0593 	EXP 	chooseNowText_3: height = 0.025
316.0754 	EXP 	chooseNowText_3: height = 0.025
316.0754 	EXP 	chooseNowText_3: height = 0.025
316.0754 	EXP 	chooseNowText_3: height = 0.025
316.0920 	EXP 	chooseNowText_3: height = 0.025
316.0920 	EXP 	chooseNowText_3: height = 0.025
316.0920 	EXP 	chooseNowText_3: height = 0.025
316.1087 	EXP 	chooseNowText_3: height = 0.025
316.1087 	EXP 	chooseNowText_3: height = 0.025
316.1087 	EXP 	chooseNowText_3: height = 0.025
316.1254 	EXP 	chooseNowText_3: height = 0.025
316.1254 	EXP 	chooseNowText_3: height = 0.025
316.1254 	EXP 	chooseNowText_3: height = 0.025
316.1423 	EXP 	chooseNowText_3: height = 0.025
316.1423 	EXP 	chooseNowText_3: height = 0.025
316.1423 	EXP 	chooseNowText_3: height = 0.025
316.1594 	EXP 	chooseNowText_3: height = 0.025
316.1594 	EXP 	chooseNowText_3: height = 0.025
316.1594 	EXP 	chooseNowText_3: height = 0.025
316.1756 	EXP 	chooseNowText_3: height = 0.025
316.1756 	EXP 	chooseNowText_3: height = 0.025
316.1756 	EXP 	chooseNowText_3: height = 0.025
316.1923 	EXP 	chooseNowText_3: height = 0.025
316.1923 	EXP 	chooseNowText_3: height = 0.025
316.1923 	EXP 	chooseNowText_3: height = 0.025
316.2088 	EXP 	chooseNowText_3: height = 0.025
316.2088 	EXP 	chooseNowText_3: height = 0.025
316.2088 	EXP 	chooseNowText_3: height = 0.025
316.2255 	EXP 	chooseNowText_3: height = 0.025
316.2255 	EXP 	chooseNowText_3: height = 0.025
316.2255 	EXP 	chooseNowText_3: height = 0.025
316.2421 	EXP 	chooseNowText_3: height = 0.025
316.2421 	EXP 	chooseNowText_3: height = 0.025
316.2421 	EXP 	chooseNowText_3: height = 0.025
316.2589 	EXP 	chooseNowText_3: height = 0.025
316.2589 	EXP 	chooseNowText_3: height = 0.025
316.2589 	EXP 	chooseNowText_3: height = 0.025
316.2755 	EXP 	chooseNowText_3: height = 0.025
316.2755 	EXP 	chooseNowText_3: height = 0.025
316.2755 	EXP 	chooseNowText_3: height = 0.025
316.2923 	EXP 	chooseNowText_3: height = 0.025
316.2923 	EXP 	chooseNowText_3: height = 0.025
316.2923 	EXP 	chooseNowText_3: height = 0.025
316.3089 	EXP 	chooseNowText_3: height = 0.025
316.3089 	EXP 	chooseNowText_3: height = 0.025
316.3089 	EXP 	chooseNowText_3: height = 0.025
316.3253 	EXP 	chooseNowText_3: height = 0.025
316.3253 	EXP 	chooseNowText_3: height = 0.025
316.3253 	EXP 	chooseNowText_3: height = 0.025
316.3253 	EXP 	chooseNowText_3: autoDraw = False
316.3253 	EXP 	opt_2: autoDraw = False
316.3253 	EXP 	opt_3: autoDraw = False
316.3253 	EXP 	opt_4: autoDraw = False
316.3253 	EXP 	opt_5: autoDraw = False
316.3253 	EXP 	tooSlowtext_2: height = 0.025
316.3253 	EXP 	tooSlowtext_2: height = 0.025
316.3253 	EXP 	tooSlowtext_2: height = 0.025
316.3253 	EXP 	tooSlowtext_2: text = ''
316.3253 	EXP 	tooSlowtext_2: height = 0.025
316.3253 	EXP 	tooSlowtext_2: height = 0.025
316.3253 	EXP 	tooSlowtext_2: height = 0.025
316.3253 	EXP 	tooSlowtext_2: text = 'Zu langsam. Sie müssen schneller antworten.'
316.3253 	EXP 	tooSlowtext_2: autoDraw = True
316.8129 	EXP 	New trial (rep=0, index=15): <Trial 15 (15 in rep 0) data={'learningSeq': 'A', 'block': 'block1', 'runIndexWithinSeq': 1, 'miniblockWithinRun': 3, 'coupleIndexWithinRoute': 15, 'img_first': 'stimuli/chair/chair_11.jpg', 'img_second': 'stimuli/dog/dog_49.jpg', 'img_third': None, 'distance_correct': 4, 'trial_type': 1, 'opt_left': 'no', 'opt_right': 'yes', 'correct_side': 'left', 'correct_key': 'left', 'is_yes': 0, 'image_dur_retr': 1.2, 'fix_dur_retr': 0.2, 'iti_dur_retr': 0.25, 'reflection_win_dur': 2.24, 'routeIndexWithinBlock': 1, 'seqOfRoute': 'A', 'retrIm1Trig': 4, 'retrIm2Trig': 5, 'thisN': 15, 'thisTrialN': 15, 'thisRepN': 0}>
316.8256 	EXP 	tooSlowtext_2: autoDraw = False
316.8256 	EXP 	tooSlowtext_2: autoDraw = False
316.8256 	EXP 	fix_cross_retrbegin_2: text = '+'
316.8256 	EXP 	fix_cross_retrbegin_2: autoDraw = True
317.0944 	EXP 	fix_cross_retrbegin_2: autoDraw = False
317.0944 	EXP 	fix_cross_retrbegin_2: autoDraw = False
317.0944 	EXP 	image_1: image = 'stimuli/chair/chair_11.jpg'
317.0944 	EXP 	image_1: autoDraw = True
318.1083 	EXP 	image_1: autoDraw = False
318.1083 	EXP 	image_1: autoDraw = False
318.1083 	EXP 	mask_img1_2: autoDraw = True
318.4167 	EXP 	mask_img1_2: autoDraw = False
318.4167 	EXP 	mask_img1_2: autoDraw = False
318.4167 	EXP 	image_2: image = 'stimuli/dog/dog_49.jpg'
318.4167 	EXP 	image_2: autoDraw = True
319.4245 	EXP 	image_2: autoDraw = False
319.4245 	EXP 	image_2: autoDraw = False
319.4245 	EXP 	mask_img2_2: autoDraw = True
319.6745 	EXP 	mask_img2_2: autoDraw = False
319.6745 	EXP 	mask_img2_2: autoDraw = False
319.6745 	EXP 	fix_cross_reflretr: autoDraw = True
321.8447 	EXP 	Device response: <KeyPress from None: t=321.83942089998163, value=backspace, duration=None>
321.8891 	EXP 	Device response: <KeyPress from None: t=321.83942089998163, value=backspace, duration=0.04781190003268421>
321.9216 	INFO 	Keyboard events cleared
321.9632 	INFO 	Keyboard events cleared
321.9630 	EXP 	fix_cross_reflretr: autoDraw = False
321.9630 	EXP 	fix_cross_reflretr: autoDraw = False
321.9630 	EXP 	yes_txt: text = 'ja'
321.9630 	EXP 	no_txt: text = 'nein'
321.9630 	EXP 	chooseNowText_2: height = 0.025
321.9630 	EXP 	chooseNowText_2: height = 0.025
321.9630 	EXP 	chooseNowText_2: height = 0.025
321.9630 	EXP 	polygon_6: autoDraw = True
321.9630 	EXP 	yes_txt: autoDraw = True
321.9630 	EXP 	no_txt: autoDraw = True
321.9630 	EXP 	chooseNowText_2: autoDraw = True
323.9397 	EXP 	chooseNowText_2: height = 0.025
323.9397 	EXP 	chooseNowText_2: height = 0.025
323.9397 	EXP 	chooseNowText_2: height = 0.025
323.9566 	EXP 	chooseNowText_2: height = 0.025
323.9566 	EXP 	chooseNowText_2: height = 0.025
323.9566 	EXP 	chooseNowText_2: height = 0.025
323.9731 	EXP 	chooseNowText_2: height = 0.025
323.9731 	EXP 	chooseNowText_2: height = 0.025
323.9731 	EXP 	chooseNowText_2: height = 0.025
323.9897 	EXP 	chooseNowText_2: height = 0.025
323.9897 	EXP 	chooseNowText_2: height = 0.025
323.9897 	EXP 	chooseNowText_2: height = 0.025
324.0065 	EXP 	chooseNowText_2: height = 0.025
324.0065 	EXP 	chooseNowText_2: height = 0.025
324.0065 	EXP 	chooseNowText_2: height = 0.025
324.0237 	EXP 	chooseNowText_2: height = 0.025
324.0237 	EXP 	chooseNowText_2: height = 0.025
324.0237 	EXP 	chooseNowText_2: height = 0.025
324.0451 	EXP 	chooseNowText_2: height = 0.025
324.0451 	EXP 	chooseNowText_2: height = 0.025
324.0451 	EXP 	chooseNowText_2: height = 0.025
324.0568 	EXP 	chooseNowText_2: height = 0.025
324.0568 	EXP 	chooseNowText_2: height = 0.025
324.0568 	EXP 	chooseNowText_2: height = 0.025
324.0732 	EXP 	chooseNowText_2: height = 0.025
324.0732 	EXP 	chooseNowText_2: height = 0.025
324.0732 	EXP 	chooseNowText_2: height = 0.025
324.0899 	EXP 	chooseNowText_2: height = 0.025
324.0899 	EXP 	chooseNowText_2: height = 0.025
324.0899 	EXP 	chooseNowText_2: height = 0.025
324.1064 	EXP 	chooseNowText_2: height = 0.025
324.1064 	EXP 	chooseNowText_2: height = 0.025
324.1064 	EXP 	chooseNowText_2: height = 0.025
324.1232 	EXP 	chooseNowText_2: height = 0.025
324.1232 	EXP 	chooseNowText_2: height = 0.025
324.1232 	EXP 	chooseNowText_2: height = 0.025
324.1398 	EXP 	chooseNowText_2: height = 0.025
324.1398 	EXP 	chooseNowText_2: height = 0.025
324.1398 	EXP 	chooseNowText_2: height = 0.025
324.1565 	EXP 	chooseNowText_2: height = 0.025
324.1565 	EXP 	chooseNowText_2: height = 0.025
324.1565 	EXP 	chooseNowText_2: height = 0.025
324.1745 	EXP 	chooseNowText_2: height = 0.025
324.1745 	EXP 	chooseNowText_2: height = 0.025
324.1745 	EXP 	chooseNowText_2: height = 0.025
324.1906 	EXP 	chooseNowText_2: height = 0.025
324.1906 	EXP 	chooseNowText_2: height = 0.025
324.1906 	EXP 	chooseNowText_2: height = 0.025
324.2078 	EXP 	chooseNowText_2: height = 0.025
324.2078 	EXP 	chooseNowText_2: height = 0.025
324.2078 	EXP 	chooseNowText_2: height = 0.025
324.2233 	EXP 	chooseNowText_2: height = 0.025
324.2233 	EXP 	chooseNowText_2: height = 0.025
324.2233 	EXP 	chooseNowText_2: height = 0.025
324.2409 	EXP 	chooseNowText_2: height = 0.025
324.2409 	EXP 	chooseNowText_2: height = 0.025
324.2409 	EXP 	chooseNowText_2: height = 0.025
324.2566 	EXP 	chooseNowText_2: height = 0.025
324.2566 	EXP 	chooseNowText_2: height = 0.025
324.2566 	EXP 	chooseNowText_2: height = 0.025
324.2732 	EXP 	chooseNowText_2: height = 0.025
324.2732 	EXP 	chooseNowText_2: height = 0.025
324.2732 	EXP 	chooseNowText_2: height = 0.025
324.2900 	EXP 	chooseNowText_2: height = 0.025
324.2900 	EXP 	chooseNowText_2: height = 0.025
324.2900 	EXP 	chooseNowText_2: height = 0.025
324.3066 	EXP 	chooseNowText_2: height = 0.025
324.3066 	EXP 	chooseNowText_2: height = 0.025
324.3066 	EXP 	chooseNowText_2: height = 0.025
324.3231 	EXP 	chooseNowText_2: height = 0.025
324.3231 	EXP 	chooseNowText_2: height = 0.025
324.3231 	EXP 	chooseNowText_2: height = 0.025
324.3398 	EXP 	chooseNowText_2: height = 0.025
324.3398 	EXP 	chooseNowText_2: height = 0.025
324.3398 	EXP 	chooseNowText_2: height = 0.025
324.3565 	EXP 	chooseNowText_2: height = 0.025
324.3565 	EXP 	chooseNowText_2: height = 0.025
324.3565 	EXP 	chooseNowText_2: height = 0.025
324.3732 	EXP 	chooseNowText_2: height = 0.025
324.3732 	EXP 	chooseNowText_2: height = 0.025
324.3732 	EXP 	chooseNowText_2: height = 0.025
324.3898 	EXP 	chooseNowText_2: height = 0.025
324.3898 	EXP 	chooseNowText_2: height = 0.025
324.3898 	EXP 	chooseNowText_2: height = 0.025
324.4066 	EXP 	chooseNowText_2: height = 0.025
324.4066 	EXP 	chooseNowText_2: height = 0.025
324.4066 	EXP 	chooseNowText_2: height = 0.025
324.4234 	EXP 	chooseNowText_2: height = 0.025
324.4234 	EXP 	chooseNowText_2: height = 0.025
324.4234 	EXP 	chooseNowText_2: height = 0.025
324.4402 	EXP 	chooseNowText_2: height = 0.025
324.4402 	EXP 	chooseNowText_2: height = 0.025
324.4402 	EXP 	chooseNowText_2: height = 0.025
324.4569 	EXP 	chooseNowText_2: height = 0.025
324.4569 	EXP 	chooseNowText_2: height = 0.025
324.4569 	EXP 	chooseNowText_2: height = 0.025
324.4735 	EXP 	chooseNowText_2: height = 0.025
324.4735 	EXP 	chooseNowText_2: height = 0.025
324.4735 	EXP 	chooseNowText_2: height = 0.025
324.4900 	EXP 	chooseNowText_2: height = 0.025
324.4900 	EXP 	chooseNowText_2: height = 0.025
324.4900 	EXP 	chooseNowText_2: height = 0.025
324.5064 	EXP 	chooseNowText_2: height = 0.025
324.5064 	EXP 	chooseNowText_2: height = 0.025
324.5064 	EXP 	chooseNowText_2: height = 0.025
324.5231 	EXP 	chooseNowText_2: height = 0.025
324.5231 	EXP 	chooseNowText_2: height = 0.025
324.5231 	EXP 	chooseNowText_2: height = 0.025
324.5407 	EXP 	chooseNowText_2: height = 0.025
324.5407 	EXP 	chooseNowText_2: height = 0.025
324.5407 	EXP 	chooseNowText_2: height = 0.025
324.5594 	EXP 	chooseNowText_2: height = 0.025
324.5594 	EXP 	chooseNowText_2: height = 0.025
324.5594 	EXP 	chooseNowText_2: height = 0.025
324.5729 	EXP 	chooseNowText_2: height = 0.025
324.5729 	EXP 	chooseNowText_2: height = 0.025
324.5729 	EXP 	chooseNowText_2: height = 0.025
324.5897 	EXP 	chooseNowText_2: height = 0.025
324.5897 	EXP 	chooseNowText_2: height = 0.025
324.5897 	EXP 	chooseNowText_2: height = 0.025
324.6061 	EXP 	chooseNowText_2: height = 0.025
324.6061 	EXP 	chooseNowText_2: height = 0.025
324.6061 	EXP 	chooseNowText_2: height = 0.025
324.6240 	EXP 	chooseNowText_2: height = 0.025
324.6240 	EXP 	chooseNowText_2: height = 0.025
324.6240 	EXP 	chooseNowText_2: height = 0.025
324.6457 	EXP 	chooseNowText_2: height = 0.025
324.6457 	EXP 	chooseNowText_2: height = 0.025
324.6457 	EXP 	chooseNowText_2: height = 0.025
324.6723 	EXP 	chooseNowText_2: height = 0.025
324.6723 	EXP 	chooseNowText_2: height = 0.025
324.6723 	EXP 	chooseNowText_2: height = 0.025
324.6924 	EXP 	chooseNowText_2: height = 0.025
324.6924 	EXP 	chooseNowText_2: height = 0.025
324.6924 	EXP 	chooseNowText_2: height = 0.025
324.7061 	EXP 	chooseNowText_2: height = 0.025
324.7061 	EXP 	chooseNowText_2: height = 0.025
324.7061 	EXP 	chooseNowText_2: height = 0.025
324.7226 	EXP 	chooseNowText_2: height = 0.025
324.7226 	EXP 	chooseNowText_2: height = 0.025
324.7226 	EXP 	chooseNowText_2: height = 0.025
324.7397 	EXP 	chooseNowText_2: height = 0.025
324.7397 	EXP 	chooseNowText_2: height = 0.025
324.7397 	EXP 	chooseNowText_2: height = 0.025
324.7565 	EXP 	chooseNowText_2: height = 0.025
324.7565 	EXP 	chooseNowText_2: height = 0.025
324.7565 	EXP 	chooseNowText_2: height = 0.025
324.7726 	EXP 	chooseNowText_2: height = 0.025
324.7726 	EXP 	chooseNowText_2: height = 0.025
324.7726 	EXP 	chooseNowText_2: height = 0.025
324.7893 	EXP 	chooseNowText_2: height = 0.025
324.7893 	EXP 	chooseNowText_2: height = 0.025
324.7893 	EXP 	chooseNowText_2: height = 0.025
324.8061 	EXP 	chooseNowText_2: height = 0.025
324.8061 	EXP 	chooseNowText_2: height = 0.025
324.8061 	EXP 	chooseNowText_2: height = 0.025
324.8226 	EXP 	chooseNowText_2: height = 0.025
324.8226 	EXP 	chooseNowText_2: height = 0.025
324.8226 	EXP 	chooseNowText_2: height = 0.025
324.8393 	EXP 	chooseNowText_2: height = 0.025
324.8393 	EXP 	chooseNowText_2: height = 0.025
324.8393 	EXP 	chooseNowText_2: height = 0.025
324.8559 	EXP 	chooseNowText_2: height = 0.025
324.8559 	EXP 	chooseNowText_2: height = 0.025
324.8559 	EXP 	chooseNowText_2: height = 0.025
324.8727 	EXP 	chooseNowText_2: height = 0.025
324.8727 	EXP 	chooseNowText_2: height = 0.025
324.8727 	EXP 	chooseNowText_2: height = 0.025
324.8895 	EXP 	chooseNowText_2: height = 0.025
324.8895 	EXP 	chooseNowText_2: height = 0.025
324.8895 	EXP 	chooseNowText_2: height = 0.025
324.9060 	EXP 	chooseNowText_2: height = 0.025
324.9060 	EXP 	chooseNowText_2: height = 0.025
324.9060 	EXP 	chooseNowText_2: height = 0.025
324.9226 	EXP 	chooseNowText_2: height = 0.025
324.9226 	EXP 	chooseNowText_2: height = 0.025
324.9226 	EXP 	chooseNowText_2: height = 0.025
324.9393 	EXP 	chooseNowText_2: height = 0.025
324.9393 	EXP 	chooseNowText_2: height = 0.025
324.9393 	EXP 	chooseNowText_2: height = 0.025
324.9393 	EXP 	polygon_6: autoDraw = False
324.9393 	EXP 	yes_txt: autoDraw = False
324.9393 	EXP 	no_txt: autoDraw = False
324.9393 	EXP 	chooseNowText_2: autoDraw = False
324.9393 	EXP 	tooSlowtext_4: height = 0.025
324.9393 	EXP 	tooSlowtext_4: height = 0.025
324.9393 	EXP 	tooSlowtext_4: height = 0.025
324.9393 	EXP 	tooSlowtext_4: text = ''
324.9393 	EXP 	tooSlowtext_4: height = 0.025
324.9393 	EXP 	tooSlowtext_4: height = 0.025
324.9393 	EXP 	tooSlowtext_4: height = 0.025
324.9393 	EXP 	tooSlowtext_4: text = 'Zu langsam. Sie müssen schneller antworten.'
324.9393 	EXP 	tooSlowtext_4: autoDraw = True
325.1441 	DATA 	Mouse: Left button down, pos=(341,269)
325.1924 	DATA 	Mouse:  Left button up, pos=(341,269)
325.4247 	INFO 	Keyboard events cleared
325.4554 	EXP 	tooSlowtext_4: autoDraw = False
325.4554 	EXP 	tooSlowtext_4: autoDraw = False
325.4554 	EXP 	chooseNowText_3: height = 0.025
325.4554 	EXP 	chooseNowText_3: height = 0.025
325.4554 	EXP 	chooseNowText_3: height = 0.025
325.4554 	EXP 	opt_2: foreColor = <psychopy.colors.Color: white, alpha=1.0>
325.4554 	EXP 	opt_3: foreColor = <psychopy.colors.Color: white, alpha=1.0>
325.4554 	EXP 	opt_4: foreColor = <psychopy.colors.Color: white, alpha=1.0>
325.4554 	EXP 	opt_5: foreColor = <psychopy.colors.Color: white, alpha=1.0>
325.4554 	EXP 	chooseNowText_3: autoDraw = True
325.4554 	EXP 	opt_2: autoDraw = True
325.4554 	EXP 	opt_3: autoDraw = True
325.4554 	EXP 	opt_4: autoDraw = True
325.4554 	EXP 	opt_5: autoDraw = True
325.7245 	EXP 	Device response: <KeyPress from None: t=325.7117594999727, value=escape, duration=None>
325.7253 	DATA 	Keypress: escape
325.8747 	EXP 	Device response: <KeyPress from None: t=325.7117594999727, value=escape, duration=0.1582175000803545>
325.8748 	EXP 	TSRlearn_main-blocks: status = STOPPED
325.8890 	EXP 	chooseNowText_3: autoDraw = False
325.8890 	EXP 	opt_2: autoDraw = False
325.8890 	EXP 	opt_3: autoDraw = False
325.8890 	EXP 	opt_4: autoDraw = False
325.8890 	EXP 	opt_5: autoDraw = False
325.8913 	EXP 	TSRlearn_main-blocks: status = STOPPED
326.0173 	INFO 	saved data to 'C:\\sync_folder\\TSRlearn-task\\psychopy_exp_files\\data\\3_TSRlearn_main-blocks_2026-08-11_13h13.20.286.csv'
326.0197 	INFO 	saved data to C:\sync_folder\TSRlearn-task\psychopy_exp_files\data\3_TSRlearn_main-blocks_2026-08-11_13h13.20.286.psydat
326.0201 	DATA 	Keypress: escape
326.2317 	DEBUG 	Saving data for TSRlearn_main-blocks ExperimentHandler
326.2336 	WARNING 	Stopping key buffers but this could be dangerous ifother keyboards rely on the same.
326.2638 	WARNING 	Stopping key buffers but this could be dangerous ifother keyboards rely on the same.
326.2638 	WARNING 	Stopping key buffers but this could be dangerous ifother keyboards rely on the same.
326.2638 	WARNING 	Stopping key buffers but this could be dangerous ifother keyboards rely on the same.
326.2638 	WARNING 	Stopping key buffers but this could be dangerous ifother keyboards rely on the same.
326.2638 	WARNING 	Stopping key buffers but this could be dangerous ifother keyboards rely on the same.
326.2638 	WARNING 	Stopping key buffers but this could be dangerous ifother keyboards rely on the same.
326.2638 	WARNING 	Stopping key buffers but this could be dangerous ifother keyboards rely on the same.
326.2639 	WARNING 	Stopping key buffers but this could be dangerous ifother keyboards rely on the same.
326.2639 	WARNING 	Stopping key buffers but this could be dangerous ifother keyboards rely on the same.
326.2639 	WARNING 	Stopping key buffers but this could be dangerous ifother keyboards rely on the same.
326.2639 	WARNING 	Stopping key buffers but this could be dangerous ifother keyboards rely on the same.
326.2639 	WARNING 	Stopping key buffers but this could be dangerous ifother keyboards rely on the same.
326.2639 	WARNING 	Stopping key buffers but this could be dangerous ifother keyboards rely on the same.
326.2639 	WARNING 	Stopping key buffers but this could be dangerous ifother keyboards rely on the same.
326.2639 	WARNING 	Stopping key buffers but this could be dangerous ifother keyboards rely on the same.
326.2639 	WARNING 	Stopping key buffers but this could be dangerous ifother keyboards rely on the same.
326.2639 	WARNING 	Stopping key buffers but this could be dangerous ifother keyboards rely on the same.
326.2639 	WARNING 	Stopping key buffers but this could be dangerous ifother keyboards rely on the same.
326.2639 	WARNING 	Stopping key buffers but this could be dangerous ifother keyboards rely on the same.
326.2639 	WARNING 	Stopping key buffers but this could be dangerous ifother keyboards rely on the same.
326.2639 	WARNING 	Stopping key buffers but this could be dangerous ifother keyboards rely on the same.
326.2640 	WARNING 	Stopping key buffers but this could be dangerous ifother keyboards rely on the same.
326.2640 	WARNING 	Stopping key buffers but this could be dangerous ifother keyboards rely on the same.
326.2640 	WARNING 	Stopping key buffers but this could be dangerous ifother keyboards rely on the same.
326.2640 	WARNING 	Stopping key buffers but this could be dangerous ifother keyboards rely on the same.
326.2640 	WARNING 	Stopping key buffers but this could be dangerous ifother keyboards rely on the same.
