subject	block_num	trial_num	component_label	onset	duration	type_of_stimulus	concept_label	concept_examplar	trigger_value	trigger_onset	trigger_delay	response_time	press_onset_est	response	expected_response	wrd_img_match	correct
3	n/a	n/a	exp_start	0.001235299976542592	0.0	trigger	n/a	n/a	255	n/a	n/a	n/a	n/a	n/a	n/a	n/a	n/a
3	n/a	n/a	instruction_part1	0.04825249995337799	3.690111300034914	instructions	n/a	n/a	n/a	n/a	n/a	n/a	n/a	n/a	n/a	n/a	n/a
3	n/a	n/a	instruction_part2	3.7527036999817938	0.6361442999914289	instructions	n/a	n/a	n/a	n/a	n/a	n/a	n/a	n/a	n/a	n/a	n/a
3	n/a	n/a	instruction_part3	4.4857770999660715	0.4709022000315599	instructions	n/a	n/a	n/a	n/a	n/a	n/a	n/a	n/a	n/a	n/a	n/a
3	n/a	n/a	instruction_part4	4.970071499992628	0.519886799971573	instructions	n/a	n/a	n/a	n/a	n/a	n/a	n/a	n/a	n/a	n/a	n/a
3	n/a	n/a	instruction_start	42.27421929995762	2.206309900037013	instructions	n/a	n/a	n/a	n/a	n/a	n/a	n/a	n/a	n/a	n/a	n/a
3	n/a	n/a	instruction_start_2	44.509939899959136	n/a	instructions	n/a	n/a	n/a	n/a	n/a	n/a	n/a	n/a	n/a	n/a	n/a
3	1	1	image	45.39751189999515	0.7655530666272767	image	book	book_06.png	7	45.39758399996208	7.209996692836285e-05	n/a	n/a	n/a	n/a	1	n/a
3	n/a	n/a	image	45.39758399996208	0.0	trigger	n/a	n/a	7	n/a	n/a	n/a	n/a	n/a	n/a	n/a	n/a
3	1	1	word	46.16306599997915	0.8830599666728318	word	Buch_german	n/a	107	46.16310720000183	4.120002267882228e-05	n/a	n/a	n/a	n/a	1	n/a
3	n/a	n/a	word	46.16310720000183	0.0	trigger	n/a	n/a	107	n/a	n/a	n/a	n/a	n/a	n/a	n/a	n/a
3	1	1	possible_button_press	47.65056789998198	0.0	response	n/a	n/a	n/a	n/a	n/a	n/a	n/a	m	m	1	1
3	1	1	fix_cross_after_trial	47.664475099998526	1.0682029666534305	fixation cross	n/a	n/a	94	47.664511499984656	3.63999861292541e-05	n/a	n/a	n/a	n/a	n/a	n/a
3	n/a	n/a	fix_cross_iti	47.664511499984656	0.0	trigger	n/a	n/a	94	n/a	n/a	n/a	n/a	n/a	n/a	n/a	n/a
3	1	2	image	48.76630670001032	0.7496386666355335	image	car	car_06.png	5	48.766396299994085	8.9599983766675e-05	n/a	n/a	n/a	n/a	1	n/a
3	n/a	n/a	image	48.766396299994085	0.0	trigger	n/a	n/a	5	n/a	n/a	n/a	n/a	n/a	n/a	n/a	n/a
3	1	2	word	49.51608119998127	0.9505922666906059	word	Auto_german	n/a	105	49.51610869995784	2.7499976567924023e-05	n/a	n/a	n/a	n/a	1	n/a
3	n/a	n/a	word	49.51610869995784	0.0	trigger	n/a	n/a	105	n/a	n/a	n/a	n/a	n/a	n/a	n/a	n/a
3	1	2	possible_button_press	51.00366849999409	0.0	response	n/a	n/a	n/a	n/a	n/a	n/a	n/a	m	m	1	1
3	1	2	fix_cross_after_trial	51.0178978999611	0.7672152667112329	fixation cross	n/a	n/a	94	51.017936199961696	3.8300000596791506e-05	n/a	n/a	n/a	n/a	n/a	n/a
3	n/a	n/a	fix_cross_iti	51.017936199961696	0.0	trigger	n/a	n/a	94	n/a	n/a	n/a	n/a	n/a	n/a	n/a	n/a
3	1	3	image	51.80360759998439	0.7491390666730382	image	dress	dress_05.png	3	51.803679500008	7.190002361312509e-05	n/a	n/a	n/a	n/a	1	n/a
3	n/a	n/a	image	51.803679500008	0.0	trigger	n/a	n/a	3	n/a	n/a	n/a	n/a	n/a	n/a	n/a	n/a
3	1	3	word	52.552586500009056	0.9506236666386627	word	Kleid_german	n/a	103	52.55262639996363	3.9899954572319984e-05	n/a	n/a	n/a	n/a	1	n/a
3	n/a	n/a	word	52.55262639996363	0.0	trigger	n/a	n/a	103	n/a	n/a	n/a	n/a	n/a	n/a	n/a	n/a
3	1	3	possible_button_press	54.03948669997044	0.0	response	n/a	n/a	n/a	n/a	n/a	n/a	n/a	m	m	1	1
3	1	3	fix_cross_after_trial	54.0538561999565	0.9845715666927077	fixation cross	n/a	n/a	94	54.0538799999631	2.3800006601959467e-05	n/a	n/a	n/a	n/a	n/a	n/a
3	n/a	n/a	fix_cross_iti	54.0538799999631	0.0	trigger	n/a	n/a	94	n/a	n/a	n/a	n/a	n/a	n/a	n/a	n/a
3	1	4	image	55.05743689998053	0.7655042666631431	image	door	door_07.png	4	55.057504799973685	6.78999931551516e-05	n/a	n/a	n/a	n/a	1	n/a
3	n/a	n/a	image	55.057504799973685	0.0	trigger	n/a	n/a	4	n/a	n/a	n/a	n/a	n/a	n/a	n/a	n/a
3	1	4	word	55.822756799985655	0.81710496667462	word	Tür_german	n/a	104	55.82279710000148	4.0300015825778246e-05	n/a	n/a	n/a	n/a	1	n/a
3	n/a	n/a	word	55.82279710000148	0.0	trigger	n/a	n/a	104	n/a	n/a	n/a	n/a	n/a	n/a	n/a	n/a
3	1	4	possible_button_press	57.31060470000375	0.0	response	n/a	n/a	n/a	n/a	n/a	n/a	n/a	m	m	1	1
3	1	4	fix_cross_after_trial	57.324352799972985	0.8173155666484178	fixation cross	n/a	n/a	94	57.324410300003365	5.7500030379742384e-05	n/a	n/a	n/a	n/a	n/a	n/a
3	n/a	n/a	fix_cross_iti	57.324410300003365	0.0	trigger	n/a	n/a	94	n/a	n/a	n/a	n/a	n/a	n/a	n/a	n/a
3	1	5	image	58.16157969995402	0.7651738667084516	image	car	car_05.png	5	58.161664599960204	8.490000618621707e-05	n/a	n/a	n/a	n/a	1	n/a
3	n/a	n/a	image	58.161664599960204	0.0	trigger	n/a	n/a	5	n/a	n/a	n/a	n/a	n/a	n/a	n/a	n/a
3	1	5	word	58.926214699982665	0.9502020666880213	word	Auto_german	n/a	105	58.92625499999849	4.0300015825778246e-05	n/a	n/a	n/a	n/a	1	n/a
3	n/a	n/a	word	58.92625499999849	0.0	trigger	n/a	n/a	105	n/a	n/a	n/a	n/a	n/a	n/a	n/a	n/a
3	1	5	possible_button_press	60.4140510999714	0.0	response	n/a	n/a	n/a	n/a	n/a	n/a	n/a	m	m	1	1
3	1	5	fix_cross_after_trial	60.42910209996626	0.9996789667095669	fixation cross	n/a	n/a	94	60.429163999971934	6.19000056758523e-05	n/a	n/a	n/a	n/a	n/a	n/a
3	n/a	n/a	fix_cross_iti	60.429163999971934	0.0	trigger	n/a	n/a	94	n/a	n/a	n/a	n/a	n/a	n/a	n/a	n/a
3	1	6	image	61.447342599974945	0.7653655666547508	image	ball	ball_06.png	6	61.44741999998223	7.740000728517771e-05	n/a	n/a	n/a	n/a	1	n/a
3	n/a	n/a	image	61.44741999998223	0.0	trigger	n/a	n/a	6	n/a	n/a	n/a	n/a	n/a	n/a	n/a	n/a
3	1	6	word	62.21278020000318	0.7670018666579068	word	Ball_german	n/a	106	62.21283209999092	5.189998773857951e-05	n/a	n/a	n/a	n/a	1	n/a
3	n/a	n/a	word	62.21283209999092	0.0	trigger	n/a	n/a	106	n/a	n/a	n/a	n/a	n/a	n/a	n/a	n/a
3	1	6	possible_button_press	63.699350799957756	0.0	response	n/a	n/a	n/a	n/a	n/a	n/a	n/a	m	m	1	1
3	1	6	fix_cross_after_trial	63.71393909998005	0.951248766683662	fixation cross	n/a	n/a	94	63.713963699992746	2.4600012693554163e-05	n/a	n/a	n/a	n/a	n/a	n/a
3	n/a	n/a	fix_cross_iti	63.713963699992746	0.0	trigger	n/a	n/a	94	n/a	n/a	n/a	n/a	n/a	n/a	n/a	n/a
3	1	7	image	64.68379109998932	0.7652337666406908	image	saw	saw_04.png	10	64.68387809995329	8.699996396899223e-05	n/a	n/a	n/a	n/a	0	n/a
3	n/a	n/a	image	64.68387809995329	0.0	trigger	n/a	n/a	10	n/a	n/a	n/a	n/a	n/a	n/a	n/a	n/a
3	1	7	word	65.44914069998777	0.9172505666540616	word	Rose_german	n/a	109	65.449181999953	4.12999652326107e-05	n/a	n/a	n/a	n/a	0	n/a
3	n/a	n/a	word	65.449181999953	0.0	trigger	n/a	n/a	109	n/a	n/a	n/a	n/a	n/a	n/a	n/a	n/a
3	1	7	feedback	66.95074319996638	0.0	trigger	n/a	n/a	96	n/a	n/a	n/a	n/a	n/a	n/a	n/a	n/a
3	1	7	possible_button_press	67.13677439995809	0.0	response	n/a	n/a	n/a	n/a	n/a	n/a	n/a	m	r	0	0
3	1	7	fix_cross_after_trial	67.15083999995841	0.9344759666748956	fixation cross	n/a	n/a	94	67.15086970000993	2.970005152747035e-05	n/a	n/a	n/a	n/a	n/a	n/a
3	n/a	n/a	fix_cross_iti	67.15086970000993	0.0	trigger	n/a	n/a	94	n/a	n/a	n/a	n/a	n/a	n/a	n/a	n/a
3	1	8	image	68.10427839995828	0.7649633666772075	image	dress	dress_06.png	3	68.1043662999873	8.790002902969718e-05	n/a	n/a	n/a	n/a	1	n/a
3	n/a	n/a	image	68.1043662999873	0.0	trigger	n/a	n/a	3	n/a	n/a	n/a	n/a	n/a	n/a	n/a	n/a
3	1	8	word	68.86923759995261	0.9341811667002418	word	Kleid_german	n/a	103	68.86926569999196	2.8100039344280958e-05	n/a	n/a	n/a	n/a	1	n/a
3	n/a	n/a	word	68.86926569999196	0.0	trigger	n/a	n/a	103	n/a	n/a	n/a	n/a	n/a	n/a	n/a	n/a
3	1	8	possible_button_press	70.35647090000566	0.0	response	n/a	n/a	n/a	n/a	n/a	n/a	n/a	m	m	1	1
3	1	8	fix_cross_after_trial	70.37061679997714	1.1512557666903973	fixation cross	n/a	n/a	94	70.37064129998907	2.4500011932104826e-05	n/a	n/a	n/a	n/a	n/a	n/a
3	n/a	n/a	fix_cross_iti	70.37064129998907	0.0	trigger	n/a	n/a	94	n/a	n/a	n/a	n/a	n/a	n/a	n/a	n/a
3	1	9	image	71.54246709996369	0.750131366661904	image	bag	bag_08.png	1	71.54254609998316	7.90000194683671e-05	n/a	n/a	n/a	n/a	1	n/a
3	n/a	n/a	image	71.54254609998316	0.0	trigger	n/a	n/a	1	n/a	n/a	n/a	n/a	n/a	n/a	n/a	n/a
3	1	9	word	72.29330620000837	0.8968916666383535	word	Tasche_german	n/a	101	72.29334309999831	3.689998993650079e-05	n/a	n/a	n/a	n/a	1	n/a
3	n/a	n/a	word	72.29334309999831	0.0	trigger	n/a	n/a	101	n/a	n/a	n/a	n/a	n/a	n/a	n/a	n/a
3	1	9	possible_button_press	73.79415529995458	0.0	response	n/a	n/a	n/a	n/a	n/a	n/a	n/a	m	m	1	1
3	1	9	fix_cross_after_trial	73.8076912999968	1.0340655666698382	fixation cross	n/a	n/a	94	73.8077313999529	4.009995609521866e-05	n/a	n/a	n/a	n/a	n/a	n/a
3	n/a	n/a	fix_cross_iti	73.8077313999529	0.0	trigger	n/a	n/a	94	n/a	n/a	n/a	n/a	n/a	n/a	n/a	n/a
3	1	10	image	74.86087659996701	0.7655837666864187	image	door	door_08.png	4	74.86095060000662	7.400003960356116e-05	n/a	n/a	n/a	n/a	1	n/a
3	n/a	n/a	image	74.86095060000662	0.0	trigger	n/a	n/a	4	n/a	n/a	n/a	n/a	n/a	n/a	n/a	n/a
3	1	10	word	75.6262573999702	0.8333194666813739	word	Tür_german	n/a	104	75.62629469996318	3.7299992982298136e-05	n/a	n/a	n/a	n/a	1	n/a
3	n/a	n/a	word	75.62629469996318	0.0	trigger	n/a	n/a	104	n/a	n/a	n/a	n/a	n/a	n/a	n/a	n/a
3	1	10	possible_button_press	77.11360719997901	0.0	response	n/a	n/a	n/a	n/a	n/a	n/a	n/a	m	m	1	1
3	1	10	fix_cross_after_trial	77.12756180000724	1.1179039666351542	fixation cross	n/a	n/a	94	77.127582599991	2.0799983758479357e-05	n/a	n/a	n/a	n/a	n/a	n/a
3	n/a	n/a	fix_cross_iti	77.127582599991	0.0	trigger	n/a	n/a	94	n/a	n/a	n/a	n/a	n/a	n/a	n/a	n/a
3	1	11	image	78.26367739995476	0.7494328666982852	image	rose	rose_10.png	9	78.26374329999089	6.590003613382578e-05	n/a	n/a	n/a	n/a	1	n/a
3	n/a	n/a	image	78.26374329999089	0.0	trigger	n/a	n/a	9	n/a	n/a	n/a	n/a	n/a	n/a	n/a	n/a
3	1	11	word	79.01320049999049	0.9332884666548722	word	Rose_german	n/a	109	79.01324169995496	4.1199964471161366e-05	n/a	n/a	n/a	n/a	1	n/a
3	n/a	n/a	word	79.01324169995496	0.0	trigger	n/a	n/a	109	n/a	n/a	n/a	n/a	n/a	n/a	n/a	n/a
3	1	11	possible_button_press	80.5005691999686	0.0	response	n/a	n/a	n/a	n/a	n/a	n/a	n/a	m	m	1	1
3	1	11	fix_cross_after_trial	80.51456529996358	0.8343293666878395	fixation cross	n/a	n/a	94	80.51459909998812	3.3800024539232254e-05	n/a	n/a	n/a	n/a	n/a	n/a
3	n/a	n/a	fix_cross_iti	80.51459909998812	0.0	trigger	n/a	n/a	94	n/a	n/a	n/a	n/a	n/a	n/a	n/a	n/a
3	1	12	image	81.36699209996732	0.7493175666934491	image	chair	chair_03.png	8	81.36705489997985	6.280001252889633e-05	n/a	n/a	n/a	n/a	1	n/a
3	n/a	n/a	image	81.36705489997985	0.0	trigger	n/a	n/a	8	n/a	n/a	n/a	n/a	n/a	n/a	n/a	n/a
3	1	12	word	82.11612319998676	0.9178246666599676	word	Stuhl_german	n/a	108	82.11615419998998	3.100000321865082e-05	n/a	n/a	n/a	n/a	1	n/a
3	n/a	n/a	word	82.11615419998998	0.0	trigger	n/a	n/a	108	n/a	n/a	n/a	n/a	n/a	n/a	n/a	n/a
3	1	12	possible_button_press	83.60324999998556	0.0	response	n/a	n/a	n/a	n/a	n/a	n/a	n/a	m	m	1	1
3	1	12	fix_cross_after_trial	83.61758610000834	0.8344996666458115	fixation cross	n/a	n/a	94	83.6176148999948	2.8799986466765404e-05	n/a	n/a	n/a	n/a	n/a	n/a
3	n/a	n/a	fix_cross_iti	83.6176148999948	0.0	trigger	n/a	n/a	94	n/a	n/a	n/a	n/a	n/a	n/a	n/a	n/a
3	1	13	image	84.47091829997953	0.7653868666423165	image	saw	saw_01.png	10	84.47099020000314	7.190002361312509e-05	n/a	n/a	n/a	n/a	1	n/a
3	n/a	n/a	image	84.47099020000314	0.0	trigger	n/a	n/a	10	n/a	n/a	n/a	n/a	n/a	n/a	n/a	n/a
3	1	13	word	85.23619579995284	0.9507953667237103	word	Säge_german	n/a	110	85.23623889998998	4.310003714635968e-05	n/a	n/a	n/a	n/a	1	n/a
3	n/a	n/a	word	85.23623889998998	0.0	trigger	n/a	n/a	110	n/a	n/a	n/a	n/a	n/a	n/a	n/a	n/a
3	1	13	possible_button_press	86.72292129998095	0.0	response	n/a	n/a	n/a	n/a	n/a	n/a	n/a	m	m	1	1
3	1	13	fix_cross_after_trial	86.73736349999672	1.1513254666390509	fixation cross	n/a	n/a	94	86.73738979996415	2.629996743053198e-05	n/a	n/a	n/a	n/a	n/a	n/a
3	n/a	n/a	fix_cross_iti	86.73738979996415	0.0	trigger	n/a	n/a	94	n/a	n/a	n/a	n/a	n/a	n/a	n/a	n/a
3	1	14	image	87.92416339996271	0.7655899666754209	image	rose	rose_02.png	9	87.92423929995857	7.589999586343765e-05	n/a	n/a	n/a	n/a	1	n/a
3	n/a	n/a	image	87.92423929995857	0.0	trigger	n/a	n/a	9	n/a	n/a	n/a	n/a	n/a	n/a	n/a	n/a
3	1	14	word	88.68969899998046	0.9335583666727558	word	Rose_german	n/a	109	88.68974899995374	4.999997327104211e-05	n/a	n/a	n/a	n/a	1	n/a
3	n/a	n/a	word	88.68974899995374	0.0	trigger	n/a	n/a	109	n/a	n/a	n/a	n/a	n/a	n/a	n/a	n/a
3	1	14	possible_button_press	90.17792159999954	0.0	response	n/a	n/a	n/a	n/a	n/a	n/a	n/a	m	m	1	1
3	1	14	fix_cross_after_trial	90.191334299976	1.200926366673471	fixation cross	n/a	n/a	94	90.19137359998422	3.9300008211284876e-05	n/a	n/a	n/a	n/a	n/a	n/a
3	n/a	n/a	fix_cross_iti	90.19137359998422	0.0	trigger	n/a	n/a	94	n/a	n/a	n/a	n/a	n/a	n/a	n/a	n/a
3	1	15	image	91.41505199996755	0.7614411666911707	image	chair	chair_10.png	8	91.41512899997178	7.700000423938036e-05	n/a	n/a	n/a	n/a	0	n/a
3	n/a	n/a	image	91.41512899997178	0.0	trigger	n/a	n/a	8	n/a	n/a	n/a	n/a	n/a	n/a	n/a	n/a
3	1	15	word	92.17656110000098	0.8832260666570306	word	Buch_german	n/a	107	92.17658969998593	2.859998494386673e-05	n/a	n/a	n/a	n/a	0	n/a
3	n/a	n/a	word	92.17658969998593	0.0	trigger	n/a	n/a	107	n/a	n/a	n/a	n/a	n/a	n/a	n/a	n/a
3	1	15	feedback	93.67824469995685	0.0	trigger	n/a	n/a	96	n/a	n/a	n/a	n/a	n/a	n/a	n/a	n/a
3	1	15	possible_button_press	93.88100069999928	0.0	response	n/a	n/a	n/a	n/a	n/a	n/a	n/a	m	r	0	0
3	1	15	fix_cross_after_trial	93.89516139996704	1.2012259666846745	fixation cross	n/a	n/a	94	93.89520019997144	3.880000440403819e-05	n/a	n/a	n/a	n/a	n/a	n/a
3	n/a	n/a	fix_cross_iti	93.89520019997144	0.0	trigger	n/a	n/a	94	n/a	n/a	n/a	n/a	n/a	n/a	n/a	n/a
3	1	16	image	95.11475229996722	0.7654345666562818	image	fish	fish_01.png	2	95.11483969999244	8.74000252224505e-05	n/a	n/a	n/a	n/a	1	n/a
3	n/a	n/a	image	95.11483969999244	0.0	trigger	n/a	n/a	2	n/a	n/a	n/a	n/a	n/a	n/a	n/a	n/a
3	1	16	word	95.88030099996831	0.8833468667037465	word	Fisch_german	n/a	102	95.88033009995706	2.9099988751113415e-05	n/a	n/a	n/a	n/a	1	n/a
3	n/a	n/a	word	95.88033009995706	0.0	trigger	n/a	n/a	102	n/a	n/a	n/a	n/a	n/a	n/a	n/a	n/a
3	1	16	possible_button_press	97.36795349995373	0.0	response	n/a	n/a	n/a	n/a	n/a	n/a	n/a	m	m	1	1
3	1	16	fix_cross_after_trial	97.38182619999861	1.0842716666559369	fixation cross	n/a	n/a	94	97.38186249998398	3.6299985367804766e-05	n/a	n/a	n/a	n/a	n/a	n/a
3	n/a	n/a	fix_cross_iti	97.38186249998398	0.0	trigger	n/a	n/a	94	n/a	n/a	n/a	n/a	n/a	n/a	n/a	n/a
3	1	17	image	98.4856072999537	0.7649754667111353	image	bag	bag_06.png	1	98.48568479996175	7.750000804662704e-05	n/a	n/a	n/a	n/a	1	n/a
3	n/a	n/a	image	98.48568479996175	0.0	trigger	n/a	n/a	1	n/a	n/a	n/a	n/a	n/a	n/a	n/a	n/a
3	1	17	word	99.2503233999596	0.9004071666897886	word	Tasche_german	n/a	101	99.25035300001036	2.9600050766021013e-05	n/a	n/a	n/a	n/a	1	n/a
3	n/a	n/a	word	99.25035300001036	0.0	trigger	n/a	n/a	101	n/a	n/a	n/a	n/a	n/a	n/a	n/a	n/a
3	1	17	possible_button_press	100.73776649998035	0.0	response	n/a	n/a	n/a	n/a	n/a	n/a	n/a	m	m	1	1
3	1	17	fix_cross_after_trial	100.75169999996433	1.1343772666916863	fixation cross	n/a	n/a	94	100.75172249996103	2.2499996703118086e-05	n/a	n/a	n/a	n/a	n/a	n/a
3	n/a	n/a	fix_cross_iti	100.75172249996103	0.0	trigger	n/a	n/a	94	n/a	n/a	n/a	n/a	n/a	n/a	n/a	n/a
3	1	18	image	101.90522189997137	0.7651934666830726	image	book	book_05.png	7	101.90528810000978	6.620003841817379e-05	n/a	n/a	n/a	n/a	1	n/a
3	n/a	n/a	image	101.90528810000978	0.0	trigger	n/a	n/a	7	n/a	n/a	n/a	n/a	n/a	n/a	n/a	n/a
3	1	18	word	102.67038669995964	0.8677848666595906	word	Buch_german	n/a	107	102.67041620000964	2.9500050004571676e-05	n/a	n/a	n/a	n/a	1	n/a
3	n/a	n/a	word	102.67041620000964	0.0	trigger	n/a	n/a	107	n/a	n/a	n/a	n/a	n/a	n/a	n/a	n/a
3	1	18	possible_button_press	104.1582801999757	0.0	response	n/a	n/a	n/a	n/a	n/a	n/a	n/a	m	m	1	1
3	1	18	fix_cross_after_trial	104.17192100000102	0.934199466664964	fixation cross	n/a	n/a	94	104.17195270000957	3.170000854879618e-05	n/a	n/a	n/a	n/a	n/a	n/a
3	n/a	n/a	fix_cross_iti	104.17195270000957	0.0	trigger	n/a	n/a	94	n/a	n/a	n/a	n/a	n/a	n/a	n/a	n/a
3	1	19	image	105.17744040000252	0.7632897666228615	image	ball	ball_02.png	6	105.17753469996387	9.429996134713292e-05	n/a	n/a	n/a	n/a	1	n/a
3	n/a	n/a	image	105.17753469996387	0.0	trigger	n/a	n/a	6	n/a	n/a	n/a	n/a	n/a	n/a	n/a	n/a
3	1	19	word	105.94053939997684	0.7834966666453198	word	Ball_german	n/a	106	105.94057609996526	3.6699988413602114e-05	n/a	n/a	n/a	n/a	1	n/a
3	n/a	n/a	word	105.94057609996526	0.0	trigger	n/a	n/a	106	n/a	n/a	n/a	n/a	n/a	n/a	n/a	n/a
3	1	19	possible_button_press	107.42786219995469	0.0	response	n/a	n/a	n/a	n/a	n/a	n/a	n/a	m	m	1	1
3	1	19	fix_cross_after_trial	107.44189899996854	0.8679799666899868	fixation cross	n/a	n/a	94	107.44192509999266	2.6100024115294218e-05	n/a	n/a	n/a	n/a	n/a	n/a
3	n/a	n/a	fix_cross_iti	107.44192509999266	0.0	trigger	n/a	n/a	94	n/a	n/a	n/a	n/a	n/a	n/a	n/a	n/a
3	1	20	image	108.40961709996918	0.750963266651766	image	chair	chair_05.png	8	108.4097225999576	0.00010549998842179775	n/a	n/a	n/a	n/a	1	n/a
3	n/a	n/a	image	108.4097225999576	0.0	trigger	n/a	n/a	8	n/a	n/a	n/a	n/a	n/a	n/a	n/a	n/a
3	1	20	word	109.16038650000701	0.9178231666485459	word	Stuhl_german	n/a	108	109.16041459998814	2.8099981136620045e-05	n/a	n/a	n/a	n/a	1	n/a
3	n/a	n/a	word	109.16041459998814	0.0	trigger	n/a	n/a	108	n/a	n/a	n/a	n/a	n/a	n/a	n/a	n/a
3	1	20	possible_button_press	110.64826539997011	0.0	response	n/a	n/a	n/a	n/a	n/a	n/a	n/a	m	m	1	1
3	1	20	fix_cross_after_trial	110.66212739999173	1.0507655666481384	fixation cross	n/a	n/a	94	110.66216439998243	3.6999990697950125e-05	n/a	n/a	n/a	n/a	n/a	n/a
3	n/a	n/a	fix_cross_iti	110.66216439998243	0.0	trigger	n/a	n/a	94	n/a	n/a	n/a	n/a	n/a	n/a	n/a	n/a
3	1	21	image	112.16236600000411	0.751896766658561	image	bag	bag_02.png	1	112.16247549996478	0.00010949996067211032	n/a	n/a	n/a	n/a	1	n/a
3	n/a	n/a	image	112.16247549996478	0.0	trigger	n/a	n/a	1	n/a	n/a	n/a	n/a	n/a	n/a	n/a	n/a
3	1	21	word	112.91445749998093	0.8999150666679867	word	Tasche_german	n/a	101	112.9144937999663	3.6299985367804766e-05	n/a	n/a	n/a	n/a	1	n/a
3	n/a	n/a	word	112.9144937999663	0.0	trigger	n/a	n/a	101	n/a	n/a	n/a	n/a	n/a	n/a	n/a	n/a
3	1	21	possible_button_press	114.4015284999623	0.0	response	n/a	n/a	n/a	n/a	n/a	n/a	n/a	m	m	1	1
3	1	21	fix_cross_after_trial	114.41608669998823	0.9003169666432456	fixation cross	n/a	n/a	94	114.41612529999111	3.860000288113952e-05	n/a	n/a	n/a	n/a	n/a	n/a
3	n/a	n/a	fix_cross_iti	114.41612529999111	0.0	trigger	n/a	n/a	94	n/a	n/a	n/a	n/a	n/a	n/a	n/a	n/a
3	1	22	image	115.33655239996733	0.7642400666993723	image	car	car_09.png	5	115.33662600000389	7.360003655776381e-05	n/a	n/a	n/a	n/a	1	n/a
3	n/a	n/a	image	115.33662600000389	0.0	trigger	n/a	n/a	5	n/a	n/a	n/a	n/a	n/a	n/a	n/a	n/a
3	1	22	word	116.10074739996344	0.9506014667024516	word	Auto_german	n/a	105	116.10078109998722	3.370002377778292e-05	n/a	n/a	n/a	n/a	1	n/a
3	n/a	n/a	word	116.10078109998722	0.0	trigger	n/a	n/a	105	n/a	n/a	n/a	n/a	n/a	n/a	n/a	n/a
3	1	22	possible_button_press	117.5883508999832	0.0	response	n/a	n/a	n/a	n/a	n/a	n/a	n/a	m	m	1	1
3	1	22	fix_cross_after_trial	117.60206720000133	0.9846274666526966	fixation cross	n/a	n/a	94	117.60209329996724	2.6099965907633305e-05	n/a	n/a	n/a	n/a	n/a	n/a
3	n/a	n/a	fix_cross_iti	117.60209329996724	0.0	trigger	n/a	n/a	94	n/a	n/a	n/a	n/a	n/a	n/a	n/a	n/a
3	1	23	image	118.60615439998219	0.7650542666708731	image	dress	dress_09.png	3	118.60622570000123	7.130001904442906e-05	n/a	n/a	n/a	n/a	1	n/a
3	n/a	n/a	image	118.60622570000123	0.0	trigger	n/a	n/a	3	n/a	n/a	n/a	n/a	n/a	n/a	n/a	n/a
3	1	23	word	119.37114629999269	0.9498425666281634	word	Kleid_german	n/a	103	119.37118879996706	4.2499974370002747e-05	n/a	n/a	n/a	n/a	1	n/a
3	n/a	n/a	word	119.37118879996706	0.0	trigger	n/a	n/a	103	n/a	n/a	n/a	n/a	n/a	n/a	n/a	n/a
3	1	23	possible_button_press	120.86497890000464	0.0	response	n/a	n/a	n/a	n/a	n/a	n/a	n/a	m	m	1	1
3	1	23	fix_cross_after_trial	120.8736201999709	1.150010566696679	fixation cross	n/a	n/a	94	120.87366079998901	4.060001811012626e-05	n/a	n/a	n/a	n/a	n/a	n/a
3	n/a	n/a	fix_cross_iti	120.87366079998901	0.0	trigger	n/a	n/a	94	n/a	n/a	n/a	n/a	n/a	n/a	n/a	n/a
3	1	24	image	122.04820139997173	0.7600089666705259	image	saw	saw_05.png	10	122.04829479998443	9.34000127017498e-05	n/a	n/a	n/a	n/a	1	n/a
3	n/a	n/a	image	122.04829479998443	0.0	trigger	n/a	n/a	10	n/a	n/a	n/a	n/a	n/a	n/a	n/a	n/a
3	1	24	word	122.80794899998	0.9502433666532539	word	Säge_german	n/a	110	122.80798139999388	3.2400013878941536e-05	n/a	n/a	n/a	n/a	1	n/a
3	n/a	n/a	word	122.80798139999388	0.0	trigger	n/a	n/a	110	n/a	n/a	n/a	n/a	n/a	n/a	n/a	n/a
3	1	24	possible_button_press	124.29579679999733	0.0	response	n/a	n/a	n/a	n/a	n/a	n/a	n/a	m	m	1	1
3	1	24	fix_cross_after_trial	124.30991630000062	0.9001086666287534	fixation cross	n/a	n/a	94	124.30995609995443	3.979995381087065e-05	n/a	n/a	n/a	n/a	n/a	n/a
3	n/a	n/a	fix_cross_iti	124.30995609995443	0.0	trigger	n/a	n/a	94	n/a	n/a	n/a	n/a	n/a	n/a	n/a	n/a
3	1	25	image	125.58345109998481	0.7611427666891046	image	ball	ball_03.png	6	125.58355809998466	0.00010699999984353781	n/a	n/a	n/a	n/a	1	n/a
3	n/a	n/a	image	125.58355809998466	0.0	trigger	n/a	n/a	6	n/a	n/a	n/a	n/a	n/a	n/a	n/a	n/a
3	1	25	word	126.34441979997791	0.7836508666553215	word	Ball_german	n/a	106	126.34444549999898	2.570002106949687e-05	n/a	n/a	n/a	n/a	1	n/a
3	n/a	n/a	word	126.34444549999898	0.0	trigger	n/a	n/a	106	n/a	n/a	n/a	n/a	n/a	n/a	n/a	n/a
3	1	25	possible_button_press	127.83139050001046	0.0	response	n/a	n/a	n/a	n/a	n/a	n/a	n/a	m	m	1	1
3	1	25	fix_cross_after_trial	127.84601310000289	1.1845997666280539	fixation cross	n/a	n/a	94	127.8460461999639	3.309996100142598e-05	n/a	n/a	n/a	n/a	n/a	n/a
3	n/a	n/a	fix_cross_iti	127.8460461999639	0.0	trigger	n/a	n/a	94	n/a	n/a	n/a	n/a	n/a	n/a	n/a	n/a
3	1	26	image	129.04885049996665	0.7492505667071612	image	dress	dress_02.png	3	129.04892239999026	7.190002361312509e-05	n/a	n/a	n/a	n/a	1	n/a
3	n/a	n/a	image	129.04892239999026	0.0	trigger	n/a	n/a	3	n/a	n/a	n/a	n/a	n/a	n/a	n/a	n/a
3	1	26	word	129.7982195999939	0.9509045666821123	word	Kleid_german	n/a	103	129.79824460000964	2.500001573935151e-05	n/a	n/a	n/a	n/a	1	n/a
3	n/a	n/a	word	129.79824460000964	0.0	trigger	n/a	n/a	103	n/a	n/a	n/a	n/a	n/a	n/a	n/a	n/a
3	1	26	possible_button_press	131.28559559996938	0.0	response	n/a	n/a	n/a	n/a	n/a	n/a	n/a	m	m	1	1
3	1	26	fix_cross_after_trial	131.29971569997724	0.9843557666793288	fixation cross	n/a	n/a	94	131.29973629995948	2.0599982235580683e-05	n/a	n/a	n/a	n/a	n/a	n/a
3	n/a	n/a	fix_cross_iti	131.29973629995948	0.0	trigger	n/a	n/a	94	n/a	n/a	n/a	n/a	n/a	n/a	n/a	n/a
3	1	27	image	132.302977299958	0.7655782667027609	image	bag	bag_01.png	1	132.30305789998965	8.060003165155649e-05	n/a	n/a	n/a	n/a	0	n/a
3	n/a	n/a	image	132.30305789998965	0.0	trigger	n/a	n/a	1	n/a	n/a	n/a	n/a	n/a	n/a	n/a	n/a
3	1	27	word	133.06826989998808	0.9503080666802646	word	Auto_german	n/a	105	133.06830819998868	3.8300000596791506e-05	n/a	n/a	n/a	n/a	0	n/a
3	n/a	n/a	word	133.06830819998868	0.0	trigger	n/a	n/a	105	n/a	n/a	n/a	n/a	n/a	n/a	n/a	n/a
3	1	27	feedback	134.56983599998057	0.0	trigger	n/a	n/a	96	n/a	n/a	n/a	n/a	n/a	n/a	n/a	n/a
3	1	27	possible_button_press	134.77223549998598	0.0	response	n/a	n/a	n/a	n/a	n/a	n/a	n/a	m	r	0	0
3	1	27	fix_cross_after_trial	134.78676079999423	0.8341826666767531	fixation cross	n/a	n/a	94	134.78679879999254	3.7999998312443495e-05	n/a	n/a	n/a	n/a	n/a	n/a
3	n/a	n/a	fix_cross_iti	134.78679879999254	0.0	trigger	n/a	n/a	94	n/a	n/a	n/a	n/a	n/a	n/a	n/a	n/a
3	1	28	image	135.65919879998546	0.7624582666360595	image	door	door_05.png	4	135.65937249996932	0.00017369998386129737	n/a	n/a	n/a	n/a	1	n/a
3	n/a	n/a	image	135.65937249996932	0.0	trigger	n/a	n/a	4	n/a	n/a	n/a	n/a	n/a	n/a	n/a	n/a
3	1	28	word	136.42178849998163	0.817263366658409	word	Tür_german	n/a	104	136.42182369995862	3.519997699186206e-05	n/a	n/a	n/a	n/a	1	n/a
3	n/a	n/a	word	136.42182369995862	0.0	trigger	n/a	n/a	104	n/a	n/a	n/a	n/a	n/a	n/a	n/a	n/a
3	1	28	possible_button_press	137.90928009996423	0.0	response	n/a	n/a	n/a	n/a	n/a	n/a	n/a	m	m	1	1
3	1	28	fix_cross_after_trial	137.9231207999983	0.8853679666683831	fixation cross	n/a	n/a	94	137.92314889997942	2.8099981136620045e-05	n/a	n/a	n/a	n/a	n/a	n/a
3	n/a	n/a	fix_cross_iti	137.92314889997942	0.0	trigger	n/a	n/a	94	n/a	n/a	n/a	n/a	n/a	n/a	n/a	n/a
3	1	29	image	138.84463909995975	0.7639580667057828	image	fish	fish_03.png	2	138.84472399996594	8.490000618621707e-05	n/a	n/a	n/a	n/a	1	n/a
3	n/a	n/a	image	138.84472399996594	0.0	trigger	n/a	n/a	2	n/a	n/a	n/a	n/a	n/a	n/a	n/a	n/a
3	1	29	word	139.60826599999564	0.8676022666661822	word	Fisch_german	n/a	102	139.6082991999574	3.319996176287532e-05	n/a	n/a	n/a	n/a	1	n/a
3	n/a	n/a	word	139.6082991999574	0.0	trigger	n/a	n/a	102	n/a	n/a	n/a	n/a	n/a	n/a	n/a	n/a
3	1	29	possible_button_press	141.09584859997267	0.0	response	n/a	n/a	n/a	n/a	n/a	n/a	n/a	m	m	1	1
3	1	29	fix_cross_after_trial	141.10953779995907	1.1354346667106086	fixation cross	n/a	n/a	94	141.10955989995273	2.2099993657320738e-05	n/a	n/a	n/a	n/a	n/a	n/a
3	n/a	n/a	fix_cross_iti	141.10955989995273	0.0	trigger	n/a	n/a	94	n/a	n/a	n/a	n/a	n/a	n/a	n/a	n/a
3	1	30	image	142.26438589999452	0.7641998666261145	image	chair	chair_07.png	8	142.26448119996348	9.529996896162629e-05	n/a	n/a	n/a	n/a	1	n/a
3	n/a	n/a	image	142.26448119996348	0.0	trigger	n/a	n/a	8	n/a	n/a	n/a	n/a	n/a	n/a	n/a	n/a
3	1	30	word	143.02843030000804	0.9337454666422502	word	Stuhl_german	n/a	108	143.02846080000745	3.0499999411404133e-05	n/a	n/a	n/a	n/a	1	n/a
3	n/a	n/a	word	143.02846080000745	0.0	trigger	n/a	n/a	108	n/a	n/a	n/a	n/a	n/a	n/a	n/a	n/a
3	1	30	possible_button_press	144.5159607999958	0.0	response	n/a	n/a	n/a	n/a	n/a	n/a	n/a	m	m	1	1
3	1	30	fix_cross_after_trial	144.52973809995456	0.8345624667165623	fixation cross	n/a	n/a	94	144.5297617999604	2.370000584051013e-05	n/a	n/a	n/a	n/a	n/a	n/a
3	n/a	n/a	fix_cross_iti	144.5297617999604	0.0	trigger	n/a	n/a	94	n/a	n/a	n/a	n/a	n/a	n/a	n/a	n/a
3	1	31	image	145.38199550000718	0.7500343666218043	image	book	book_04.png	7	145.38208049995592	8.499994874000549e-05	n/a	n/a	n/a	n/a	1	n/a
3	n/a	n/a	image	145.38208049995592	0.0	trigger	n/a	n/a	7	n/a	n/a	n/a	n/a	n/a	n/a	n/a	n/a
3	1	31	word	146.13225809996948	0.8828223666680799	word	Buch_german	n/a	107	146.13231529999757	5.720002809539437e-05	n/a	n/a	n/a	n/a	1	n/a
3	n/a	n/a	word	146.13231529999757	0.0	trigger	n/a	n/a	107	n/a	n/a	n/a	n/a	n/a	n/a	n/a	n/a
3	1	31	possible_button_press	147.6363639999763	0.0	response	n/a	n/a	n/a	n/a	n/a	n/a	n/a	m	m	1	1
3	1	31	fix_cross_after_trial	147.64989379997132	0.8678090666692526	fixation cross	n/a	n/a	94	147.64992549997987	3.170000854879618e-05	n/a	n/a	n/a	n/a	n/a	n/a
3	n/a	n/a	fix_cross_iti	147.64992549997987	0.0	trigger	n/a	n/a	94	n/a	n/a	n/a	n/a	n/a	n/a	n/a	n/a
3	1	32	image	148.55364189995453	0.7499744666895651	image	rose	rose_05.png	9	148.55375749996165	0.00011560000712051988	n/a	n/a	n/a	n/a	1	n/a
3	n/a	n/a	image	148.55375749996165	0.0	trigger	n/a	n/a	9	n/a	n/a	n/a	n/a	n/a	n/a	n/a	n/a
3	1	32	word	149.30200570001034	0.9338033666174681	word	Rose_german	n/a	109	149.30206129996805	5.559995770454407e-05	n/a	n/a	n/a	n/a	1	n/a
3	n/a	n/a	word	149.30206129996805	0.0	trigger	n/a	n/a	109	n/a	n/a	n/a	n/a	n/a	n/a	n/a	n/a
3	1	32	possible_button_press	150.80542449996574	0.0	response	n/a	n/a	n/a	n/a	n/a	n/a	n/a	m	m	1	1
3	1	32	fix_cross_after_trial	150.81961279996904	0.8011787666512475	fixation cross	n/a	n/a	94	150.81964070000686	2.7900037821382284e-05	n/a	n/a	n/a	n/a	n/a	n/a
3	n/a	n/a	fix_cross_iti	150.81964070000686	0.0	trigger	n/a	n/a	94	n/a	n/a	n/a	n/a	n/a	n/a	n/a	n/a
3	1	33	image	151.6386155000073	0.7495225666246199	image	door	door_01.png	4	151.638712999993	9.74999857135117e-05	n/a	n/a	n/a	n/a	1	n/a
3	n/a	n/a	image	151.638712999993	0.0	trigger	n/a	n/a	4	n/a	n/a	n/a	n/a	n/a	n/a	n/a	n/a
3	1	33	word	152.38909919996513	0.8322542666612947	word	Tür_german	n/a	104	152.38913530000718	3.6100042052567005e-05	n/a	n/a	n/a	n/a	1	n/a
3	n/a	n/a	word	152.38913530000718	0.0	trigger	n/a	n/a	104	n/a	n/a	n/a	n/a	n/a	n/a	n/a	n/a
3	1	33	possible_button_press	153.8756801999989	0.0	response	n/a	n/a	n/a	n/a	n/a	n/a	n/a	m	m	1	1
3	1	33	fix_cross_after_trial	153.89056359999813	0.8331476666537867	fixation cross	n/a	n/a	94	153.89060669997707	4.309997893869877e-05	n/a	n/a	n/a	n/a	n/a	n/a
3	n/a	n/a	fix_cross_iti	153.89060669997707	0.0	trigger	n/a	n/a	94	n/a	n/a	n/a	n/a	n/a	n/a	n/a	n/a
3	1	34	image	154.74240879999707	0.7490121666380958	image	rose	rose_07.png	9	154.74248650000663	7.770000956952572e-05	n/a	n/a	n/a	n/a	1	n/a
3	n/a	n/a	image	154.74248650000663	0.0	trigger	n/a	n/a	9	n/a	n/a	n/a	n/a	n/a	n/a	n/a	n/a
3	1	34	word	155.49122229998466	0.9339019666697652	word	Rose_german	n/a	109	155.49125779996393	3.549997927621007e-05	n/a	n/a	n/a	n/a	1	n/a
3	n/a	n/a	word	155.49125779996393	0.0	trigger	n/a	n/a	109	n/a	n/a	n/a	n/a	n/a	n/a	n/a	n/a
3	1	34	possible_button_press	156.97823649999918	0.0	response	n/a	n/a	n/a	n/a	n/a	n/a	n/a	m	m	1	1
3	1	34	fix_cross_after_trial	156.9925051999744	1.0011472666558632	fixation cross	n/a	n/a	94	156.9925271999673	2.19999928958714e-05	n/a	n/a	n/a	n/a	n/a	n/a
3	n/a	n/a	fix_cross_iti	156.9925271999673	0.0	trigger	n/a	n/a	94	n/a	n/a	n/a	n/a	n/a	n/a	n/a	n/a
3	1	35	image	158.01293470000383	0.7652668666599141	image	book	book_09.png	7	158.01301639998564	8.169998181983829e-05	n/a	n/a	n/a	n/a	1	n/a
3	n/a	n/a	image	158.01301639998564	0.0	trigger	n/a	n/a	7	n/a	n/a	n/a	n/a	n/a	n/a	n/a	n/a
3	1	35	word	158.77814429998398	0.8670373666721218	word	Buch_german	n/a	107	158.77818739996292	4.309997893869877e-05	n/a	n/a	n/a	n/a	1	n/a
3	n/a	n/a	word	158.77818739996292	0.0	trigger	n/a	n/a	107	n/a	n/a	n/a	n/a	n/a	n/a	n/a	n/a
3	1	35	possible_button_press	160.26570970000466	0.0	response	n/a	n/a	n/a	n/a	n/a	n/a	n/a	m	m	1	1
3	1	35	fix_cross_after_trial	160.27945229999023	0.8006598666582079	fixation cross	n/a	n/a	94	160.27948769996874	3.539997851476073e-05	n/a	n/a	n/a	n/a	n/a	n/a
3	n/a	n/a	fix_cross_iti	160.27948769996874	0.0	trigger	n/a	n/a	94	n/a	n/a	n/a	n/a	n/a	n/a	n/a	n/a
3	1	36	image	161.0981608000002	0.7495393666361281	image	rose	rose_04.png	9	161.0982207999914	5.9999991208314896e-05	n/a	n/a	n/a	n/a	0	n/a
3	n/a	n/a	image	161.0982207999914	0.0	trigger	n/a	n/a	9	n/a	n/a	n/a	n/a	n/a	n/a	n/a	n/a
3	1	36	word	161.84766639996087	0.9175441666777999	word	Stuhl_german	n/a	108	161.84770059998846	3.42000275850296e-05	n/a	n/a	n/a	n/a	0	n/a
3	n/a	n/a	word	161.84770059998846	0.0	trigger	n/a	n/a	108	n/a	n/a	n/a	n/a	n/a	n/a	n/a	n/a
3	1	36	feedback	163.34889470000053	0.0	trigger	n/a	n/a	96	n/a	n/a	n/a	n/a	n/a	n/a	n/a	n/a
3	1	36	possible_button_press	163.55148019996705	0.0	response	n/a	n/a	n/a	n/a	n/a	n/a	n/a	m	r	0	0
3	1	36	fix_cross_after_trial	163.5659032999538	1.101016166682058	fixation cross	n/a	n/a	94	163.5659311999916	2.7900037821382284e-05	n/a	n/a	n/a	n/a	n/a	n/a
3	n/a	n/a	fix_cross_iti	163.5659311999916	0.0	trigger	n/a	n/a	94	n/a	n/a	n/a	n/a	n/a	n/a	n/a	n/a
3	1	37	image	164.6839178999653	0.750575366666709	image	car	car_01.png	5	164.6839917000034	7.380003808066249e-05	n/a	n/a	n/a	n/a	1	n/a
3	n/a	n/a	image	164.6839917000034	0.0	trigger	n/a	n/a	5	n/a	n/a	n/a	n/a	n/a	n/a	n/a	n/a
3	1	37	word	165.43455499998527	0.9511425666899243	word	Auto_german	n/a	105	165.43458299996564	2.7999980375170708e-05	n/a	n/a	n/a	n/a	1	n/a
3	n/a	n/a	word	165.43458299996564	0.0	trigger	n/a	n/a	105	n/a	n/a	n/a	n/a	n/a	n/a	n/a	n/a
3	1	37	possible_button_press	166.92173770000227	0.0	response	n/a	n/a	n/a	n/a	n/a	n/a	n/a	m	m	1	1
3	1	37	fix_cross_after_trial	166.93590039998526	1.1014186666618855	fixation cross	n/a	n/a	94	166.93592439999338	2.400000812485814e-05	n/a	n/a	n/a	n/a	n/a	n/a
3	n/a	n/a	fix_cross_iti	166.93592439999338	0.0	trigger	n/a	n/a	94	n/a	n/a	n/a	n/a	n/a	n/a	n/a	n/a
3	1	38	image	168.05663299997104	0.7648736666926936	image	saw	saw_08.png	10	168.05671059997985	7.760000880807638e-05	n/a	n/a	n/a	n/a	1	n/a
3	n/a	n/a	image	168.05671059997985	0.0	trigger	n/a	n/a	10	n/a	n/a	n/a	n/a	n/a	n/a	n/a	n/a
3	1	38	word	168.82153759995708	0.9504414667065078	word	Säge_german	n/a	110	168.82157939998433	4.18000272475183e-05	n/a	n/a	n/a	n/a	1	n/a
3	n/a	n/a	word	168.82157939998433	0.0	trigger	n/a	n/a	110	n/a	n/a	n/a	n/a	n/a	n/a	n/a	n/a
3	1	38	possible_button_press	170.30865139997331	0.0	response	n/a	n/a	n/a	n/a	n/a	n/a	n/a	m	m	1	1
3	1	38	fix_cross_after_trial	170.32270239997888	0.9012200666514047	fixation cross	n/a	n/a	94	170.32272779999766	2.540001878514886e-05	n/a	n/a	n/a	n/a	n/a	n/a
3	n/a	n/a	fix_cross_iti	170.32272779999766	0.0	trigger	n/a	n/a	94	n/a	n/a	n/a	n/a	n/a	n/a	n/a	n/a
3	1	39	image	171.26224079995882	0.7624072667133817	image	fish	fish_04.png	2	171.26232739997795	8.66000191308558e-05	n/a	n/a	n/a	n/a	1	n/a
3	n/a	n/a	image	171.26232739997795	0.0	trigger	n/a	n/a	2	n/a	n/a	n/a	n/a	n/a	n/a	n/a	n/a
3	1	39	word	172.02467590000015	0.8672774666377165	word	Fisch_german	n/a	102	172.0247406999697	6.479996955022216e-05	n/a	n/a	n/a	n/a	1	n/a
3	n/a	n/a	word	172.0247406999697	0.0	trigger	n/a	n/a	102	n/a	n/a	n/a	n/a	n/a	n/a	n/a	n/a
3	1	39	possible_button_press	173.5122969999793	0.0	response	n/a	n/a	n/a	n/a	n/a	n/a	n/a	m	m	1	1
3	1	39	fix_cross_after_trial	173.52637639996829	1.0844275666788974	fixation cross	n/a	n/a	94	173.5264143999666	3.7999998312443495e-05	n/a	n/a	n/a	n/a	n/a	n/a
3	n/a	n/a	fix_cross_iti	173.5264143999666	0.0	trigger	n/a	n/a	94	n/a	n/a	n/a	n/a	n/a	n/a	n/a	n/a
3	1	40	image	174.630240199971	0.7644689666961142	image	chair	chair_04.png	8	174.6303196999943	7.950002327561378e-05	n/a	n/a	n/a	n/a	1	n/a
3	n/a	n/a	image	174.6303196999943	0.0	trigger	n/a	n/a	8	n/a	n/a	n/a	n/a	n/a	n/a	n/a	n/a
3	1	40	word	175.39471449999837	0.9335667666785241	word	Stuhl_german	n/a	108	175.39474059996428	2.6099965907633305e-05	n/a	n/a	n/a	n/a	1	n/a
3	n/a	n/a	word	175.39474059996428	0.0	trigger	n/a	n/a	108	n/a	n/a	n/a	n/a	n/a	n/a	n/a	n/a
3	1	40	possible_button_press	176.88211559999036	0.0	response	n/a	n/a	n/a	n/a	n/a	n/a	n/a	m	m	1	1
3	1	40	fix_cross_after_trial	176.89694780000718	1.2005799666551695	fixation cross	n/a	n/a	94	176.8969788000104	3.100000321865082e-05	n/a	n/a	n/a	n/a	n/a	n/a
3	n/a	n/a	fix_cross_iti	176.8969788000104	0.0	trigger	n/a	n/a	94	n/a	n/a	n/a	n/a	n/a	n/a	n/a	n/a
3	1	41	image	178.19206659996416	0.7565117667002426	image	fish	fish_02.png	2	178.19214939995436	8.279999019578099e-05	n/a	n/a	n/a	n/a	1	n/a
3	n/a	n/a	image	178.19214939995436	0.0	trigger	n/a	n/a	2	n/a	n/a	n/a	n/a	n/a	n/a	n/a	n/a
3	1	41	word	178.9483329000068	0.883564766616729	word	Fisch_german	n/a	102	178.9483620999963	2.9199989512562752e-05	n/a	n/a	n/a	n/a	1	n/a
3	n/a	n/a	word	178.9483620999963	0.0	trigger	n/a	n/a	102	n/a	n/a	n/a	n/a	n/a	n/a	n/a	n/a
3	1	41	possible_button_press	180.4359409000026	0.0	response	n/a	n/a	n/a	n/a	n/a	n/a	n/a	m	m	1	1
3	1	41	fix_cross_after_trial	180.45001450000564	0.9673536666707889	fixation cross	n/a	n/a	94	180.45005169999786	3.71999922208488e-05	n/a	n/a	n/a	n/a	n/a	n/a
3	n/a	n/a	fix_cross_iti	180.45005169999786	0.0	trigger	n/a	n/a	94	n/a	n/a	n/a	n/a	n/a	n/a	n/a	n/a
3	1	42	image	181.4367062000092	0.7651302666675122	image	saw	saw_10.png	10	181.4367773999693	7.119996007531881e-05	n/a	n/a	n/a	n/a	1	n/a
3	n/a	n/a	image	181.4367773999693	0.0	trigger	n/a	n/a	10	n/a	n/a	n/a	n/a	n/a	n/a	n/a	n/a
3	1	42	word	182.2018955000094	0.9512573666327455	word	Säge_german	n/a	110	182.2019371999777	4.169996827840805e-05	n/a	n/a	n/a	n/a	1	n/a
3	n/a	n/a	word	182.2019371999777	0.0	trigger	n/a	n/a	110	n/a	n/a	n/a	n/a	n/a	n/a	n/a	n/a
3	1	42	possible_button_press	183.68991279997863	0.0	response	n/a	n/a	n/a	n/a	n/a	n/a	n/a	m	m	1	1
3	1	42	fix_cross_after_trial	183.70357989997137	0.8340482667011031	fixation cross	n/a	n/a	94	183.7036214999971	4.160002572461963e-05	n/a	n/a	n/a	n/a	n/a	n/a
3	n/a	n/a	fix_cross_iti	183.7036214999971	0.0	trigger	n/a	n/a	94	n/a	n/a	n/a	n/a	n/a	n/a	n/a	n/a
3	1	43	image	184.55588569998508	0.7504638666908079	image	book	book_01.png	7	184.55596989998594	8.420000085607171e-05	n/a	n/a	n/a	n/a	0	n/a
3	n/a	n/a	image	184.55596989998594	0.0	trigger	n/a	n/a	7	n/a	n/a	n/a	n/a	n/a	n/a	n/a	n/a
3	1	43	word	185.30663479998475	0.949119866654911	word	Auto_german	n/a	105	185.30666489998112	3.0099996365606785e-05	n/a	n/a	n/a	n/a	0	n/a
3	n/a	n/a	word	185.30666489998112	0.0	trigger	n/a	n/a	105	n/a	n/a	n/a	n/a	n/a	n/a	n/a	n/a
3	1	43	feedback	186.80665699997917	0.0	trigger	n/a	n/a	96	n/a	n/a	n/a	n/a	n/a	n/a	n/a	n/a
3	1	43	possible_button_press	186.9937977999798	0.0	response	n/a	n/a	n/a	n/a	n/a	n/a	n/a	m	r	0	0
3	1	43	fix_cross_after_trial	187.00677049998194	1.018158866678533	fixation cross	n/a	n/a	94	187.0068070999696	3.659998765215278e-05	n/a	n/a	n/a	n/a	n/a	n/a
3	n/a	n/a	fix_cross_iti	187.0068070999696	0.0	trigger	n/a	n/a	94	n/a	n/a	n/a	n/a	n/a	n/a	n/a	n/a
3	1	44	image	188.0429063999909	0.7660015666663469	image	ball	ball_10.png	6	188.04298279999057	7.639999967068434e-05	n/a	n/a	n/a	n/a	1	n/a
3	n/a	n/a	image	188.04298279999057	0.0	trigger	n/a	n/a	6	n/a	n/a	n/a	n/a	n/a	n/a	n/a	n/a
3	1	44	word	188.80846380000003	0.7836806666494169	word	Ball_german	n/a	106	188.80850019998616	3.63999861292541e-05	n/a	n/a	n/a	n/a	1	n/a
3	n/a	n/a	word	188.80850019998616	0.0	trigger	n/a	n/a	106	n/a	n/a	n/a	n/a	n/a	n/a	n/a	n/a
3	1	44	possible_button_press	190.2958529999596	0.0	response	n/a	n/a	n/a	n/a	n/a	n/a	n/a	m	m	1	1
3	1	44	fix_cross_after_trial	190.30989380000392	1.1178023666182355	fixation cross	n/a	n/a	94	190.30991819995688	2.4399952962994576e-05	n/a	n/a	n/a	n/a	n/a	n/a
3	n/a	n/a	fix_cross_iti	190.30991819995688	0.0	trigger	n/a	n/a	94	n/a	n/a	n/a	n/a	n/a	n/a	n/a	n/a
3	1	45	image	191.44632950000232	0.7658101666641244	image	dress	dress_01.png	3	191.44640529999742	7.579999510198832e-05	n/a	n/a	n/a	n/a	1	n/a
3	n/a	n/a	image	191.44640529999742	0.0	trigger	n/a	n/a	3	n/a	n/a	n/a	n/a	n/a	n/a	n/a	n/a
3	1	45	word	192.2120517999865	0.9502969666539514	word	Kleid_german	n/a	103	192.21209019998787	3.840000135824084e-05	n/a	n/a	n/a	n/a	1	n/a
3	n/a	n/a	word	192.21209019998787	0.0	trigger	n/a	n/a	103	n/a	n/a	n/a	n/a	n/a	n/a	n/a	n/a
3	1	45	possible_button_press	193.69914310000604	0.0	response	n/a	n/a	n/a	n/a	n/a	n/a	n/a	m	m	1	1
3	1	45	fix_cross_after_trial	193.71323439996922	1.0011974666888648	fixation cross	n/a	n/a	94	193.7132582999766	2.3900007363408804e-05	n/a	n/a	n/a	n/a	n/a	n/a
3	n/a	n/a	fix_cross_iti	193.7132582999766	0.0	trigger	n/a	n/a	94	n/a	n/a	n/a	n/a	n/a	n/a	n/a	n/a
3	1	46	image	194.73216309997952	0.7499902666934588	image	car	car_02.png	5	194.73224549996667	8.239998714998364e-05	n/a	n/a	n/a	n/a	1	n/a
3	n/a	n/a	image	194.73224549996667	0.0	trigger	n/a	n/a	5	n/a	n/a	n/a	n/a	n/a	n/a	n/a	n/a
3	1	46	word	195.48235469998326	0.9504312666870476	word	Auto_german	n/a	105	195.48240469995653	4.999997327104211e-05	n/a	n/a	n/a	n/a	1	n/a
3	n/a	n/a	word	195.48240469995653	0.0	trigger	n/a	n/a	105	n/a	n/a	n/a	n/a	n/a	n/a	n/a	n/a
3	1	46	possible_button_press	196.96947579999687	0.0	response	n/a	n/a	n/a	n/a	n/a	n/a	n/a	m	m	1	1
3	1	46	fix_cross_after_trial	196.98349720000988	1.0345011666106814	fixation cross	n/a	n/a	94	196.9835247999872	2.759997732937336e-05	n/a	n/a	n/a	n/a	n/a	n/a
3	n/a	n/a	fix_cross_iti	196.9835247999872	0.0	trigger	n/a	n/a	94	n/a	n/a	n/a	n/a	n/a	n/a	n/a	n/a
3	1	47	image	198.0729325999855	0.7624289666457855	image	fish	fish_07.png	2	198.07301920000464	8.66000191308558e-05	n/a	n/a	n/a	n/a	1	n/a
3	n/a	n/a	image	198.07301920000464	0.0	trigger	n/a	n/a	2	n/a	n/a	n/a	n/a	n/a	n/a	n/a	n/a
3	1	47	word	198.83541319996584	0.8673297666867086	word	Fisch_german	n/a	102	198.8354493000079	3.6100042052567005e-05	n/a	n/a	n/a	n/a	1	n/a
3	n/a	n/a	word	198.8354493000079	0.0	trigger	n/a	n/a	102	n/a	n/a	n/a	n/a	n/a	n/a	n/a	n/a
3	1	47	possible_button_press	200.32305069995346	0.0	response	n/a	n/a	n/a	n/a	n/a	n/a	n/a	m	m	1	1
3	1	47	fix_cross_after_trial	200.33678179996787	0.9510226667082691	fixation cross	n/a	n/a	94	200.33681409998098	3.23000131174922e-05	n/a	n/a	n/a	n/a	n/a	n/a
3	n/a	n/a	fix_cross_iti	200.33681409998098	0.0	trigger	n/a	n/a	94	n/a	n/a	n/a	n/a	n/a	n/a	n/a	n/a
3	1	48	image	201.32546899997396	0.7631820666759097	image	door	door_03.png	4	201.32555829995545	8.929998148232698e-05	n/a	n/a	n/a	n/a	1	n/a
3	n/a	n/a	image	201.32555829995545	0.0	trigger	n/a	n/a	4	n/a	n/a	n/a	n/a	n/a	n/a	n/a	n/a
3	1	48	word	202.0885358999949	0.8337329666285598	word	Tür_german	n/a	104	202.08856429997832	2.8399983420968056e-05	n/a	n/a	n/a	n/a	1	n/a
3	n/a	n/a	word	202.08856429997832	0.0	trigger	n/a	n/a	104	n/a	n/a	n/a	n/a	n/a	n/a	n/a	n/a
3	1	48	possible_button_press	203.5759071999928	0.0	response	n/a	n/a	n/a	n/a	n/a	n/a	n/a	m	m	1	1
3	1	48	fix_cross_after_trial	203.5899233999662	0.9344979666678057	fixation cross	n/a	n/a	94	203.58994939998956	2.600002335384488e-05	n/a	n/a	n/a	n/a	n/a	n/a
3	n/a	n/a	fix_cross_iti	203.58994939998956	0.0	trigger	n/a	n/a	94	n/a	n/a	n/a	n/a	n/a	n/a	n/a	n/a
3	1	49	image	204.543494499987	0.765582666678057	image	bag	bag_09.png	1	204.5435870999936	9.26000066101551e-05	n/a	n/a	n/a	n/a	1	n/a
3	n/a	n/a	image	204.5435870999936	0.0	trigger	n/a	n/a	1	n/a	n/a	n/a	n/a	n/a	n/a	n/a	n/a
3	1	49	word	205.30867589998525	0.9005038666694247	word	Tasche_german	n/a	101	205.3087244000053	4.850002005696297e-05	n/a	n/a	n/a	n/a	1	n/a
3	n/a	n/a	word	205.3087244000053	0.0	trigger	n/a	n/a	101	n/a	n/a	n/a	n/a	n/a	n/a	n/a	n/a
3	1	49	possible_button_press	206.79588419996435	0.0	response	n/a	n/a	n/a	n/a	n/a	n/a	n/a	m	m	1	1
3	1	49	fix_cross_after_trial	206.8102832000004	1.1345794666597442	fixation cross	n/a	n/a	94	206.81031099997927	2.7799978852272034e-05	n/a	n/a	n/a	n/a	n/a	n/a
3	n/a	n/a	fix_cross_iti	206.81031099997927	0.0	trigger	n/a	n/a	94	n/a	n/a	n/a	n/a	n/a	n/a	n/a	n/a
3	1	50	image	207.9637632999802	0.7490842666632318	image	ball	ball_01.png	6	207.96382989996346	6.659998325631022e-05	n/a	n/a	n/a	n/a	1	n/a
3	n/a	n/a	image	207.96382989996346	0.0	trigger	n/a	n/a	6	n/a	n/a	n/a	n/a	n/a	n/a	n/a	n/a
3	1	50	word	208.7126328999875	0.7837947666451157	word	Ball_german	n/a	106	208.7126813000068	4.840001929551363e-05	n/a	n/a	n/a	n/a	1	n/a
3	n/a	n/a	word	208.7126813000068	0.0	trigger	n/a	n/a	106	n/a	n/a	n/a	n/a	n/a	n/a	n/a	n/a
3	1	50	possible_button_press	210.2003199000028	0.0	response	n/a	n/a	n/a	n/a	n/a	n/a	n/a	m	m	1	1
3	1	50	fix_cross_after_trial	210.21414469997399	0.9340175666768857	fixation cross	n/a	n/a	94	210.21418989996891	4.5199994929134846e-05	n/a	n/a	n/a	n/a	n/a	n/a
3	n/a	n/a	fix_cross_iti	210.21418989996891	0.0	trigger	n/a	n/a	94	n/a	n/a	n/a	n/a	n/a	n/a	n/a	n/a
3	1	50	break_instruction	211.148212399974	15.015442666659766	break	n/a	n/a	81	211.14825669996208	4.429998807609081e-05	n/a	n/a	n/a	n/a	n/a	n/a
3	n/a	n/a	break_start	211.14825669996208	0.0	trigger	n/a	n/a	81	n/a	n/a	n/a	n/a	n/a	n/a	n/a	n/a
3	n/a	n/a	break_end	226.7168446999858	0.0	trigger	n/a	n/a	82	n/a	n/a	n/a	n/a	n/a	n/a	n/a	n/a
3	2	51	image	226.76716669998132	0.7643746666765594	image	dress	dress_07.png	3	226.76725559995975	8.889997843652964e-05	n/a	n/a	n/a	n/a	1	n/a
3	n/a	n/a	image	226.76725559995975	0.0	trigger	n/a	n/a	3	n/a	n/a	n/a	n/a	n/a	n/a	n/a	n/a
3	2	51	word	227.53192669997225	0.9499312666632989	word	Kleid_german	n/a	103	227.53196619998198	3.950000973418355e-05	n/a	n/a	n/a	n/a	1	n/a
3	n/a	n/a	word	227.53196619998198	0.0	trigger	n/a	n/a	103	n/a	n/a	n/a	n/a	n/a	n/a	n/a	n/a
3	2	51	possible_button_press	229.0182279999717	0.0	response	n/a	n/a	n/a	n/a	n/a	n/a	n/a	m	m	1	1
3	2	51	fix_cross_after_trial	229.03259749995777	1.0844551667144344	fixation cross	n/a	n/a	94	229.03261850000126	2.1000043489038944e-05	n/a	n/a	n/a	n/a	n/a	n/a
3	n/a	n/a	fix_cross_iti	229.03261850000126	0.0	trigger	n/a	n/a	94	n/a	n/a	n/a	n/a	n/a	n/a	n/a	n/a
3	2	52	image	230.13615579996258	0.7656574666655445	image	book	book_03.png	7	230.13622240000404	6.660004146397114e-05	n/a	n/a	n/a	n/a	1	n/a
3	n/a	n/a	image	230.13622240000404	0.0	trigger	n/a	n/a	7	n/a	n/a	n/a	n/a	n/a	n/a	n/a	n/a
3	2	52	word	230.9018090000027	0.8671034666515709	word	Buch_german	n/a	107	230.90186209999956	5.3099996875971556e-05	n/a	n/a	n/a	n/a	1	n/a
3	n/a	n/a	word	230.90186209999956	0.0	trigger	n/a	n/a	107	n/a	n/a	n/a	n/a	n/a	n/a	n/a	n/a
3	2	52	possible_button_press	232.38906909996876	0.0	response	n/a	n/a	n/a	n/a	n/a	n/a	n/a	m	m	1	1
3	2	52	fix_cross_after_trial	232.40313669998432	0.8173586666855783	fixation cross	n/a	n/a	94	232.40317389997654	3.71999922208488e-05	n/a	n/a	n/a	n/a	n/a	n/a
3	n/a	n/a	fix_cross_iti	232.40317389997654	0.0	trigger	n/a	n/a	94	n/a	n/a	n/a	n/a	n/a	n/a	n/a	n/a
3	2	53	image	233.25792369997362	0.7633258666649283	image	dress	dress_03.png	3	233.25803389999783	0.00011020002420991659	n/a	n/a	n/a	n/a	1	n/a
3	n/a	n/a	image	233.25803389999783	0.0	trigger	n/a	n/a	3	n/a	n/a	n/a	n/a	n/a	n/a	n/a	n/a
3	2	53	word	234.02127799997106	0.9511335666796015	word	Kleid_german	n/a	103	234.02130459999898	2.6600027922540903e-05	n/a	n/a	n/a	n/a	1	n/a
3	n/a	n/a	word	234.02130459999898	0.0	trigger	n/a	n/a	103	n/a	n/a	n/a	n/a	n/a	n/a	n/a	n/a
3	2	53	possible_button_press	235.5084279999719	0.0	response	n/a	n/a	n/a	n/a	n/a	n/a	n/a	m	m	1	1
3	2	53	fix_cross_after_trial	235.52280459995382	1.1508798666802988	fixation cross	n/a	n/a	94	235.5228361999616	3.160000778734684e-05	n/a	n/a	n/a	n/a	n/a	n/a
3	n/a	n/a	fix_cross_iti	235.5228361999616	0.0	trigger	n/a	n/a	94	n/a	n/a	n/a	n/a	n/a	n/a	n/a	n/a
3	2	54	image	236.6922892999719	0.7491190666953855	image	bag	bag_05.png	1	236.69237070000963	8.140003774315119e-05	n/a	n/a	n/a	n/a	0	n/a
3	n/a	n/a	image	236.69237070000963	0.0	trigger	n/a	n/a	1	n/a	n/a	n/a	n/a	n/a	n/a	n/a	n/a
3	2	54	word	237.44141959998524	0.8174638666717158	word	Tür_german	n/a	104	237.4414475999656	2.7999980375170708e-05	n/a	n/a	n/a	n/a	0	n/a
3	n/a	n/a	word	237.4414475999656	0.0	trigger	n/a	n/a	104	n/a	n/a	n/a	n/a	n/a	n/a	n/a	n/a
3	2	54	feedback	238.942896499997	0.0	trigger	n/a	n/a	96	n/a	n/a	n/a	n/a	n/a	n/a	n/a	n/a
3	2	54	possible_button_press	239.12867619999452	0.0	response	n/a	n/a	n/a	n/a	n/a	n/a	n/a	m	r	0	0
3	2	54	fix_cross_after_trial	239.1430225999793	1.0510445666771204	fixation cross	n/a	n/a	94	239.14304549997905	2.2899999748915434e-05	n/a	n/a	n/a	n/a	n/a	n/a
3	n/a	n/a	fix_cross_iti	239.14304549997905	0.0	trigger	n/a	n/a	94	n/a	n/a	n/a	n/a	n/a	n/a	n/a	n/a
3	2	55	image	240.21327889995882	0.765340066693426	image	rose	rose_01.png	9	240.2133529999992	7.41000403650105e-05	n/a	n/a	n/a	n/a	1	n/a
3	n/a	n/a	image	240.2133529999992	0.0	trigger	n/a	n/a	9	n/a	n/a	n/a	n/a	n/a	n/a	n/a	n/a
3	2	55	word	240.9785358000081	0.9174168666397975	word	Rose_german	n/a	109	240.97857089998433	3.509997623041272e-05	n/a	n/a	n/a	n/a	1	n/a
3	n/a	n/a	word	240.97857089998433	0.0	trigger	n/a	n/a	109	n/a	n/a	n/a	n/a	n/a	n/a	n/a	n/a
3	2	55	possible_button_press	242.4655950999586	0.0	response	n/a	n/a	n/a	n/a	n/a	n/a	n/a	m	m	1	1
3	2	55	fix_cross_after_trial	242.48049439996248	1.1174474667098195	fixation cross	n/a	n/a	94	242.4805271999794	3.2800016924738884e-05	n/a	n/a	n/a	n/a	n/a	n/a
3	n/a	n/a	fix_cross_iti	242.4805271999794	0.0	trigger	n/a	n/a	94	n/a	n/a	n/a	n/a	n/a	n/a	n/a	n/a
3	2	56	image	243.6161504999618	0.7492228666708627	image	chair	chair_01.png	8	243.616235399968	8.490000618621707e-05	n/a	n/a	n/a	n/a	1	n/a
3	n/a	n/a	image	243.616235399968	0.0	trigger	n/a	n/a	8	n/a	n/a	n/a	n/a	n/a	n/a	n/a	n/a
3	2	56	word	244.3655243999674	0.9170265666946591	word	Stuhl_german	n/a	108	244.36556199996267	3.759999526664615e-05	n/a	n/a	n/a	n/a	1	n/a
3	n/a	n/a	word	244.36556199996267	0.0	trigger	n/a	n/a	108	n/a	n/a	n/a	n/a	n/a	n/a	n/a	n/a
3	2	56	possible_button_press	245.85351469996385	0.0	response	n/a	n/a	n/a	n/a	n/a	n/a	n/a	m	m	1	1
3	2	56	fix_cross_after_trial	245.8669038999942	1.2010977666398333	fixation cross	n/a	n/a	94	245.86694649996934	4.2599975131452084e-05	n/a	n/a	n/a	n/a	n/a	n/a
3	n/a	n/a	fix_cross_iti	245.86694649996934	0.0	trigger	n/a	n/a	94	n/a	n/a	n/a	n/a	n/a	n/a	n/a	n/a
3	2	57	image	247.08622679999098	0.7492954666415983	image	rose	rose_08.png	9	247.08628899999894	6.220000796020031e-05	n/a	n/a	n/a	n/a	1	n/a
3	n/a	n/a	image	247.08628899999894	0.0	trigger	n/a	n/a	9	n/a	n/a	n/a	n/a	n/a	n/a	n/a	n/a
3	2	57	word	247.83581650000997	0.9329929666166947	word	Rose_german	n/a	109	247.8358569999691	4.0499959141016006e-05	n/a	n/a	n/a	n/a	1	n/a
3	n/a	n/a	word	247.8358569999691	0.0	trigger	n/a	n/a	109	n/a	n/a	n/a	n/a	n/a	n/a	n/a	n/a
3	2	57	possible_button_press	249.32298559998162	0.0	response	n/a	n/a	n/a	n/a	n/a	n/a	n/a	m	m	1	1
3	2	57	fix_cross_after_trial	249.33724179997807	0.88374396664247	fixation cross	n/a	n/a	94	249.33728139998857	3.960001049563289e-05	n/a	n/a	n/a	n/a	n/a	n/a
3	n/a	n/a	fix_cross_iti	249.33728139998857	0.0	trigger	n/a	n/a	94	n/a	n/a	n/a	n/a	n/a	n/a	n/a	n/a
3	2	58	image	250.25921509996988	0.7628550666888998	image	chair	chair_02.png	8	250.25929969997378	8.460000390186906e-05	n/a	n/a	n/a	n/a	1	n/a
3	n/a	n/a	image	250.25929969997378	0.0	trigger	n/a	n/a	8	n/a	n/a	n/a	n/a	n/a	n/a	n/a	n/a
3	2	58	word	251.0221647999715	0.9175980666807675	word	Stuhl_german	n/a	108	251.02218879997963	2.400000812485814e-05	n/a	n/a	n/a	n/a	1	n/a
3	n/a	n/a	word	251.02218879997963	0.0	trigger	n/a	n/a	108	n/a	n/a	n/a	n/a	n/a	n/a	n/a	n/a
3	2	58	possible_button_press	252.50933929998428	0.0	response	n/a	n/a	n/a	n/a	n/a	n/a	n/a	m	m	1	1
3	2	58	fix_cross_after_trial	252.52346120000584	1.0342276666235932	fixation cross	n/a	n/a	94	252.52349449996836	3.3299962524324656e-05	n/a	n/a	n/a	n/a	n/a	n/a
3	n/a	n/a	fix_cross_iti	252.52349449996836	0.0	trigger	n/a	n/a	94	n/a	n/a	n/a	n/a	n/a	n/a	n/a	n/a
3	2	59	image	253.57791609998094	0.7643216666804449	image	car	car_04.png	5	253.57798669999465	7.06000137142837e-05	n/a	n/a	n/a	n/a	1	n/a
3	n/a	n/a	image	253.57798669999465	0.0	trigger	n/a	n/a	5	n/a	n/a	n/a	n/a	n/a	n/a	n/a	n/a
3	2	59	word	254.34226839995245	0.95087676670326	word	Auto_german	n/a	105	254.34230069996556	3.23000131174922e-05	n/a	n/a	n/a	n/a	1	n/a
3	n/a	n/a	word	254.34230069996556	0.0	trigger	n/a	n/a	105	n/a	n/a	n/a	n/a	n/a	n/a	n/a	n/a
3	2	59	possible_button_press	255.82999469997594	0.0	response	n/a	n/a	n/a	n/a	n/a	n/a	n/a	m	m	1	1
3	2	59	fix_cross_after_trial	255.84377439995296	1.0841778666983828	fixation cross	n/a	n/a	94	255.84380579995923	3.1400006264448166e-05	n/a	n/a	n/a	n/a	n/a	n/a
3	n/a	n/a	fix_cross_iti	255.84380579995923	0.0	trigger	n/a	n/a	94	n/a	n/a	n/a	n/a	n/a	n/a	n/a	n/a
3	2	60	image	256.946278599964	0.7493809667105324	image	saw	saw_06.png	10	256.94634949998	7.090001599863172e-05	n/a	n/a	n/a	n/a	1	n/a
3	n/a	n/a	image	256.94634949998	0.0	trigger	n/a	n/a	10	n/a	n/a	n/a	n/a	n/a	n/a	n/a	n/a
3	2	60	word	257.69568229996366	0.9501025666870646	word	Säge_german	n/a	110	257.69572009996045	3.779999678954482e-05	n/a	n/a	n/a	n/a	1	n/a
3	n/a	n/a	word	257.69572009996045	0.0	trigger	n/a	n/a	110	n/a	n/a	n/a	n/a	n/a	n/a	n/a	n/a
3	2	60	possible_button_press	259.1838322999538	0.0	response	n/a	n/a	n/a	n/a	n/a	n/a	n/a	m	m	1	1
3	2	60	fix_cross_after_trial	259.1972639999585	1.0343381667082667	fixation cross	n/a	n/a	94	259.1973022999591	3.8300000596791506e-05	n/a	n/a	n/a	n/a	n/a	n/a
3	n/a	n/a	fix_cross_iti	259.1973022999591	0.0	trigger	n/a	n/a	94	n/a	n/a	n/a	n/a	n/a	n/a	n/a	n/a
3	2	61	image	260.2502240999602	0.7652112667021811	image	car	car_08.png	5	260.2502941999701	7.010000990703702e-05	n/a	n/a	n/a	n/a	1	n/a
3	n/a	n/a	image	260.2502941999701	0.0	trigger	n/a	n/a	5	n/a	n/a	n/a	n/a	n/a	n/a	n/a	n/a
3	2	61	word	261.0155017999932	0.9503195666513875	word	Auto_german	n/a	105	261.0155323999934	3.060000017285347e-05	n/a	n/a	n/a	n/a	1	n/a
3	n/a	n/a	word	261.0155323999934	0.0	trigger	n/a	n/a	105	n/a	n/a	n/a	n/a	n/a	n/a	n/a	n/a
3	2	61	possible_button_press	262.50331409997307	0.0	response	n/a	n/a	n/a	n/a	n/a	n/a	n/a	m	m	1	1
3	2	61	fix_cross_after_trial	262.5174026999739	0.8170837666878015	fixation cross	n/a	n/a	94	262.51744339999277	4.0700018871575594e-05	n/a	n/a	n/a	n/a	n/a	n/a
3	n/a	n/a	fix_cross_iti	262.51744339999277	0.0	trigger	n/a	n/a	94	n/a	n/a	n/a	n/a	n/a	n/a	n/a	n/a
3	2	62	image	263.3546876999899	0.7642102666470691	image	bag	bag_03.png	1	263.3547757999622	8.809997234493494e-05	n/a	n/a	n/a	n/a	1	n/a
3	n/a	n/a	image	263.3547757999622	0.0	trigger	n/a	n/a	1	n/a	n/a	n/a	n/a	n/a	n/a	n/a	n/a
3	2	62	word	264.1186820999719	0.9004480666519612	word	Tasche_german	n/a	101	264.1187084999983	2.640002639964223e-05	n/a	n/a	n/a	n/a	1	n/a
3	n/a	n/a	word	264.1187084999983	0.0	trigger	n/a	n/a	101	n/a	n/a	n/a	n/a	n/a	n/a	n/a	n/a
3	2	62	possible_button_press	265.60642560000997	0.0	response	n/a	n/a	n/a	n/a	n/a	n/a	n/a	m	m	1	1
3	2	62	fix_cross_after_trial	265.62030039995443	0.9840298667006664	fixation cross	n/a	n/a	94	265.6203350999858	3.470003139227629e-05	n/a	n/a	n/a	n/a	n/a	n/a
3	n/a	n/a	fix_cross_iti	265.6203350999858	0.0	trigger	n/a	n/a	94	n/a	n/a	n/a	n/a	n/a	n/a	n/a	n/a
3	2	63	image	266.6220717999968	0.7506329666396141	image	door	door_10.png	4	266.62213239999255	6.059999577701092e-05	n/a	n/a	n/a	n/a	1	n/a
3	n/a	n/a	image	266.62213239999255	0.0	trigger	n/a	n/a	4	n/a	n/a	n/a	n/a	n/a	n/a	n/a	n/a
3	2	63	word	267.37238779995823	0.8167949667006269	word	Tür_german	n/a	104	267.3724284999771	4.0700018871575594e-05	n/a	n/a	n/a	n/a	1	n/a
3	n/a	n/a	word	267.3724284999771	0.0	trigger	n/a	n/a	104	n/a	n/a	n/a	n/a	n/a	n/a	n/a	n/a
3	2	63	possible_button_press	268.8607917999616	0.0	response	n/a	n/a	n/a	n/a	n/a	n/a	n/a	m	m	1	1
3	2	63	fix_cross_after_trial	268.87399259995436	1.1676989666923419	fixation cross	n/a	n/a	94	268.87403299997095	4.040001658722758e-05	n/a	n/a	n/a	n/a	n/a	n/a
3	n/a	n/a	fix_cross_iti	268.87403299997095	0.0	trigger	n/a	n/a	94	n/a	n/a	n/a	n/a	n/a	n/a	n/a	n/a
3	2	64	image	270.07880379998824	0.7633592666863933	image	rose	rose_09.png	9	270.0789138999535	0.00011009996524080634	n/a	n/a	n/a	n/a	1	n/a
3	n/a	n/a	image	270.0789138999535	0.0	trigger	n/a	n/a	9	n/a	n/a	n/a	n/a	n/a	n/a	n/a	n/a
3	2	64	word	270.8423862999771	0.9334040666619785	word	Rose_german	n/a	109	270.84241689997725	3.060000017285347e-05	n/a	n/a	n/a	n/a	1	n/a
3	n/a	n/a	word	270.84241689997725	0.0	trigger	n/a	n/a	109	n/a	n/a	n/a	n/a	n/a	n/a	n/a	n/a
3	2	64	possible_button_press	272.33051599998726	0.0	response	n/a	n/a	n/a	n/a	n/a	n/a	n/a	m	m	1	1
3	2	64	fix_cross_after_trial	272.34430719999364	1.1340032666378193	fixation cross	n/a	n/a	94	272.3443476000102	4.040001658722758e-05	n/a	n/a	n/a	n/a	n/a	n/a
3	n/a	n/a	fix_cross_iti	272.3443476000102	0.0	trigger	n/a	n/a	94	n/a	n/a	n/a	n/a	n/a	n/a	n/a	n/a
3	2	65	image	273.4969061999582	0.7490763666612565	image	bag	bag_07.png	1	273.49698619998526	8.000002708286047e-05	n/a	n/a	n/a	n/a	1	n/a
3	n/a	n/a	image	273.49698619998526	0.0	trigger	n/a	n/a	1	n/a	n/a	n/a	n/a	n/a	n/a	n/a	n/a
3	2	65	word	274.2459298999747	0.9001267666501462	word	Tasche_german	n/a	101	274.2459578999551	2.7999980375170708e-05	n/a	n/a	n/a	n/a	1	n/a
3	n/a	n/a	word	274.2459578999551	0.0	trigger	n/a	n/a	101	n/a	n/a	n/a	n/a	n/a	n/a	n/a	n/a
3	2	65	possible_button_press	275.73364240000956	0.0	response	n/a	n/a	n/a	n/a	n/a	n/a	n/a	m	m	1	1
3	2	65	fix_cross_after_trial	275.74702269997215	0.9510156666549392	fixation cross	n/a	n/a	94	275.74704549997114	2.2799998987466097e-05	n/a	n/a	n/a	n/a	n/a	n/a
3	n/a	n/a	fix_cross_iti	275.74704549997114	0.0	trigger	n/a	n/a	94	n/a	n/a	n/a	n/a	n/a	n/a	n/a	n/a
3	2	66	image	276.73696579999523	0.7625818666458599	image	chair	chair_08.png	8	276.73703919997206	7.339997682720423e-05	n/a	n/a	n/a	n/a	0	n/a
3	n/a	n/a	image	276.73703919997206	0.0	trigger	n/a	n/a	8	n/a	n/a	n/a	n/a	n/a	n/a	n/a	n/a
3	2	66	word	277.4994816999533	0.9506809666675053	word	Kleid_german	n/a	103	277.49953979998827	5.8100034948438406e-05	n/a	n/a	n/a	n/a	0	n/a
3	n/a	n/a	word	277.49953979998827	0.0	trigger	n/a	n/a	103	n/a	n/a	n/a	n/a	n/a	n/a	n/a	n/a
3	2	66	feedback	279.00067019998096	0.0	trigger	n/a	n/a	96	n/a	n/a	n/a	n/a	n/a	n/a	n/a	n/a
3	2	66	possible_button_press	279.20274609996704	0.0	response	n/a	n/a	n/a	n/a	n/a	n/a	n/a	m	r	0	0
3	2	66	fix_cross_after_trial	279.2174346999964	1.017631166676665	fixation cross	n/a	n/a	94	279.2174617999699	2.7099973522126675e-05	n/a	n/a	n/a	n/a	n/a	n/a
3	n/a	n/a	fix_cross_iti	279.2174617999699	0.0	trigger	n/a	n/a	94	n/a	n/a	n/a	n/a	n/a	n/a	n/a	n/a
3	2	67	image	280.2540324999718	0.7654925666904546	image	fish	fish_05.png	2	280.2541057000053	7.320003351196647e-05	n/a	n/a	n/a	n/a	1	n/a
3	n/a	n/a	image	280.2541057000053	0.0	trigger	n/a	n/a	2	n/a	n/a	n/a	n/a	n/a	n/a	n/a	n/a
3	2	67	word	281.0191943999962	0.8837755666502289	word	Fisch_german	n/a	102	281.0192253999994	3.100000321865082e-05	n/a	n/a	n/a	n/a	1	n/a
3	n/a	n/a	word	281.0192253999994	0.0	trigger	n/a	n/a	102	n/a	n/a	n/a	n/a	n/a	n/a	n/a	n/a
3	2	67	possible_button_press	282.5063620999572	0.0	response	n/a	n/a	n/a	n/a	n/a	n/a	n/a	m	m	1	1
3	2	67	fix_cross_after_trial	282.5206998999929	1.2344892666480973	fixation cross	n/a	n/a	94	282.520727599971	2.7699978090822697e-05	n/a	n/a	n/a	n/a	n/a	n/a
3	n/a	n/a	fix_cross_iti	282.520727599971	0.0	trigger	n/a	n/a	94	n/a	n/a	n/a	n/a	n/a	n/a	n/a	n/a
3	2	68	image	283.7738516999525	0.7493435667167887	image	chair	chair_09.png	8	283.7739187999978	6.710004527121782e-05	n/a	n/a	n/a	n/a	1	n/a
3	n/a	n/a	image	283.7739187999978	0.0	trigger	n/a	n/a	8	n/a	n/a	n/a	n/a	n/a	n/a	n/a	n/a
3	2	68	word	284.523166399973	0.917328066662094	word	Stuhl_german	n/a	108	284.5232161000022	4.970002919435501e-05	n/a	n/a	n/a	n/a	1	n/a
3	n/a	n/a	word	284.5232161000022	0.0	trigger	n/a	n/a	108	n/a	n/a	n/a	n/a	n/a	n/a	n/a	n/a
3	2	68	possible_button_press	286.0106508999597	0.0	response	n/a	n/a	n/a	n/a	n/a	n/a	n/a	m	m	1	1
3	2	68	fix_cross_after_trial	286.0243799999589	1.2015885667099155	fixation cross	n/a	n/a	94	286.0244149999926	3.50000336766243e-05	n/a	n/a	n/a	n/a	n/a	n/a
3	n/a	n/a	fix_cross_iti	286.0244149999926	0.0	trigger	n/a	n/a	94	n/a	n/a	n/a	n/a	n/a	n/a	n/a	n/a
3	2	69	image	287.24449549999554	0.7651805666430391	image	saw	saw_03.png	10	287.24457509996137	7.959996582940221e-05	n/a	n/a	n/a	n/a	1	n/a
3	n/a	n/a	image	287.24457509996137	0.0	trigger	n/a	n/a	10	n/a	n/a	n/a	n/a	n/a	n/a	n/a	n/a
3	2	69	word	288.00978049996775	0.9502396666832738	word	Säge_german	n/a	110	288.0098119999748	3.15000070258975e-05	n/a	n/a	n/a	n/a	1	n/a
3	n/a	n/a	word	288.0098119999748	0.0	trigger	n/a	n/a	110	n/a	n/a	n/a	n/a	n/a	n/a	n/a	n/a
3	2	69	possible_button_press	289.4974639999564	0.0	response	n/a	n/a	n/a	n/a	n/a	n/a	n/a	m	m	1	1
3	2	69	fix_cross_after_trial	289.51151529996423	0.9338388666549235	fixation cross	n/a	n/a	94	289.5115497999941	3.450002986937761e-05	n/a	n/a	n/a	n/a	n/a	n/a
3	n/a	n/a	fix_cross_iti	289.5115497999941	0.0	trigger	n/a	n/a	94	n/a	n/a	n/a	n/a	n/a	n/a	n/a	n/a
3	2	70	image	290.46402809995925	0.7656919666953854	image	ball	ball_09.png	6	290.4641003999859	7.230002665892243e-05	n/a	n/a	n/a	n/a	1	n/a
3	n/a	n/a	image	290.4641003999859	0.0	trigger	n/a	n/a	6	n/a	n/a	n/a	n/a	n/a	n/a	n/a	n/a
3	2	70	word	291.22973949997686	0.7839211666762367	word	Ball_german	n/a	106	291.2297665000078	2.700003096833825e-05	n/a	n/a	n/a	n/a	1	n/a
3	n/a	n/a	word	291.2297665000078	0.0	trigger	n/a	n/a	106	n/a	n/a	n/a	n/a	n/a	n/a	n/a	n/a
3	2	70	possible_button_press	292.7167135999771	0.0	response	n/a	n/a	n/a	n/a	n/a	n/a	n/a	m	m	1	1
3	2	70	fix_cross_after_trial	292.7310552999843	0.7841317666500345	fixation cross	n/a	n/a	94	292.7310814000084	2.6100024115294218e-05	n/a	n/a	n/a	n/a	n/a	n/a
3	n/a	n/a	fix_cross_iti	292.7310814000084	0.0	trigger	n/a	n/a	94	n/a	n/a	n/a	n/a	n/a	n/a	n/a	n/a
3	2	71	image	293.532968399988	0.7502550666724801	image	saw	saw_09.png	10	293.5330364999827	6.809999467805028e-05	n/a	n/a	n/a	n/a	1	n/a
3	n/a	n/a	image	293.5330364999827	0.0	trigger	n/a	n/a	10	n/a	n/a	n/a	n/a	n/a	n/a	n/a	n/a
3	2	71	word	294.2831166999531	0.9501231666693002	word	Säge_german	n/a	110	294.28315929998644	4.2600033339113e-05	n/a	n/a	n/a	n/a	1	n/a
3	n/a	n/a	word	294.28315929998644	0.0	trigger	n/a	n/a	110	n/a	n/a	n/a	n/a	n/a	n/a	n/a	n/a
3	2	71	possible_button_press	295.7706734999665	0.0	response	n/a	n/a	n/a	n/a	n/a	n/a	n/a	m	m	1	1
3	2	71	fix_cross_after_trial	295.78445549996104	1.0845610667058736	fixation cross	n/a	n/a	94	295.7844870999688	3.160000778734684e-05	n/a	n/a	n/a	n/a	n/a	n/a
3	n/a	n/a	fix_cross_iti	295.7844870999688	0.0	trigger	n/a	n/a	94	n/a	n/a	n/a	n/a	n/a	n/a	n/a	n/a
3	2	72	image	296.90663979999954	0.7629920666261114	image	fish	fish_09.png	2	296.90672929998254	8.949998300522566e-05	n/a	n/a	n/a	n/a	1	n/a
3	n/a	n/a	image	296.90672929998254	0.0	trigger	n/a	n/a	2	n/a	n/a	n/a	n/a	n/a	n/a	n/a	n/a
3	2	72	word	297.66980269999476	0.8833683666346133	word	Fisch_german	n/a	102	297.66983869997784	3.5999983083456755e-05	n/a	n/a	n/a	n/a	1	n/a
3	n/a	n/a	word	297.66983869997784	0.0	trigger	n/a	n/a	102	n/a	n/a	n/a	n/a	n/a	n/a	n/a	n/a
3	2	72	possible_button_press	299.1587093999842	0.0	response	n/a	n/a	n/a	n/a	n/a	n/a	n/a	m	m	1	1
3	2	72	fix_cross_after_trial	299.1714923999971	0.817047466644226	fixation cross	n/a	n/a	94	299.17152689996874	3.44999716617167e-05	n/a	n/a	n/a	n/a	n/a	n/a
3	n/a	n/a	fix_cross_iti	299.17152689996874	0.0	trigger	n/a	n/a	94	n/a	n/a	n/a	n/a	n/a	n/a	n/a	n/a
3	2	73	image	300.0075305000064	0.7652069666694388	image	dress	dress_10.png	3	300.00759429996833	6.379996193572879e-05	n/a	n/a	n/a	n/a	1	n/a
3	n/a	n/a	image	300.00759429996833	0.0	trigger	n/a	n/a	3	n/a	n/a	n/a	n/a	n/a	n/a	n/a	n/a
3	2	73	word	300.7727562999935	0.9346627666420773	word	Kleid_german	n/a	103	300.77278140001	2.5100016500800848e-05	n/a	n/a	n/a	n/a	1	n/a
3	n/a	n/a	word	300.77278140001	0.0	trigger	n/a	n/a	103	n/a	n/a	n/a	n/a	n/a	n/a	n/a	n/a
3	2	73	possible_button_press	302.25997199997073	0.0	response	n/a	n/a	n/a	n/a	n/a	n/a	n/a	m	m	1	1
3	2	73	fix_cross_after_trial	302.2742377999821	1.03443496668865	fixation cross	n/a	n/a	94	302.27426299999934	2.5200017262250185e-05	n/a	n/a	n/a	n/a	n/a	n/a
3	n/a	n/a	fix_cross_iti	302.27426299999934	0.0	trigger	n/a	n/a	94	n/a	n/a	n/a	n/a	n/a	n/a	n/a	n/a
3	2	74	image	303.32762160000857	0.7654455666236117	image	book	book_02.png	7	303.32768579997355	6.419996498152614e-05	n/a	n/a	n/a	n/a	1	n/a
3	n/a	n/a	image	303.32768579997355	0.0	trigger	n/a	n/a	7	n/a	n/a	n/a	n/a	n/a	n/a	n/a	n/a
3	2	74	word	304.0929649999598	0.8840566666951872	word	Buch_german	n/a	107	304.0929988999851	3.390002530068159e-05	n/a	n/a	n/a	n/a	1	n/a
3	n/a	n/a	word	304.0929988999851	0.0	trigger	n/a	n/a	107	n/a	n/a	n/a	n/a	n/a	n/a	n/a	n/a
3	2	74	possible_button_press	305.58128469996154	0.0	response	n/a	n/a	n/a	n/a	n/a	n/a	n/a	m	m	1	1
3	2	74	fix_cross_after_trial	305.59468519996153	1.051181866674824	fixation cross	n/a	n/a	94	305.5947152999579	3.0099996365606785e-05	n/a	n/a	n/a	n/a	n/a	n/a
3	n/a	n/a	fix_cross_iti	305.5947152999579	0.0	trigger	n/a	n/a	94	n/a	n/a	n/a	n/a	n/a	n/a	n/a	n/a
3	2	75	image	306.6651969999657	0.7643957666625738	image	dress	dress_08.png	3	306.6652943000081	9.730004239827394e-05	n/a	n/a	n/a	n/a	1	n/a
3	n/a	n/a	image	306.6652943000081	0.0	trigger	n/a	n/a	3	n/a	n/a	n/a	n/a	n/a	n/a	n/a	n/a
3	2	75	word	307.4297882000101	0.9507929666472137	word	Kleid_german	n/a	103	307.4298284999677	4.029995761811733e-05	n/a	n/a	n/a	n/a	1	n/a
3	n/a	n/a	word	307.4298284999677	0.0	trigger	n/a	n/a	103	n/a	n/a	n/a	n/a	n/a	n/a	n/a	n/a
3	2	75	possible_button_press	308.9183599000098	0.0	response	n/a	n/a	n/a	n/a	n/a	n/a	n/a	m	m	1	1
3	2	75	fix_cross_after_trial	308.9315116999787	0.8837106666799173	fixation cross	n/a	n/a	94	308.9315507999854	3.91000066883862e-05	n/a	n/a	n/a	n/a	n/a	n/a
3	n/a	n/a	fix_cross_iti	308.9315507999854	0.0	trigger	n/a	n/a	94	n/a	n/a	n/a	n/a	n/a	n/a	n/a	n/a
3	2	76	image	310.0111624999554	0.7553817667105704	image	ball	ball_07.png	6	310.01127849996556	0.00011600001016631722	n/a	n/a	n/a	n/a	1	n/a
3	n/a	n/a	image	310.01127849996556	0.0	trigger	n/a	n/a	6	n/a	n/a	n/a	n/a	n/a	n/a	n/a	n/a
3	2	76	word	310.76635649998207	0.783836166669289	word	Ball_german	n/a	106	310.7663869999815	3.0499999411404133e-05	n/a	n/a	n/a	n/a	1	n/a
3	n/a	n/a	word	310.7663869999815	0.0	trigger	n/a	n/a	106	n/a	n/a	n/a	n/a	n/a	n/a	n/a	n/a
3	2	76	possible_button_press	312.2540433999966	0.0	response	n/a	n/a	n/a	n/a	n/a	n/a	n/a	m	m	1	1
3	2	76	fix_cross_after_trial	312.2680396999931	1.251753366672574	fixation cross	n/a	n/a	94	312.2680760999792	3.63999861292541e-05	n/a	n/a	n/a	n/a	n/a	n/a
3	n/a	n/a	fix_cross_iti	312.2680760999792	0.0	trigger	n/a	n/a	94	n/a	n/a	n/a	n/a	n/a	n/a	n/a	n/a
3	2	77	image	313.5581859999802	0.762552366654063	image	door	door_09.png	4	313.5582839999697	9.799998952075839e-05	n/a	n/a	n/a	n/a	1	n/a
3	n/a	n/a	image	313.5582839999697	0.0	trigger	n/a	n/a	4	n/a	n/a	n/a	n/a	n/a	n/a	n/a	n/a
3	2	77	word	314.3203163999715	0.8173653666783594	word	Tür_german	n/a	104	314.320358500001	4.210002953186631e-05	n/a	n/a	n/a	n/a	1	n/a
3	n/a	n/a	word	314.320358500001	0.0	trigger	n/a	n/a	104	n/a	n/a	n/a	n/a	n/a	n/a	n/a	n/a
3	2	77	possible_button_press	315.8072581999586	0.0	response	n/a	n/a	n/a	n/a	n/a	n/a	n/a	m	m	1	1
3	2	77	fix_cross_after_trial	315.821499499958	1.1345580666713886	fixation cross	n/a	n/a	94	315.821526899992	2.74000340141356e-05	n/a	n/a	n/a	n/a	n/a	n/a
3	n/a	n/a	fix_cross_iti	315.821526899992	0.0	trigger	n/a	n/a	94	n/a	n/a	n/a	n/a	n/a	n/a	n/a	n/a
3	2	78	image	316.9753006999963	0.76523676666352	image	book	book_10.png	7	316.975387399958	8.669996168464422e-05	n/a	n/a	n/a	n/a	1	n/a
3	n/a	n/a	image	316.975387399958	0.0	trigger	n/a	n/a	7	n/a	n/a	n/a	n/a	n/a	n/a	n/a	n/a
3	2	78	word	317.7403928999556	0.8671220666767567	word	Buch_german	n/a	107	317.7404405999696	4.770001396536827e-05	n/a	n/a	n/a	n/a	1	n/a
3	n/a	n/a	word	317.7404405999696	0.0	trigger	n/a	n/a	107	n/a	n/a	n/a	n/a	n/a	n/a	n/a	n/a
3	2	78	possible_button_press	319.227499599976	0.0	response	n/a	n/a	n/a	n/a	n/a	n/a	n/a	m	m	1	1
3	2	78	fix_cross_after_trial	319.24156559997937	0.9011530666650742	fixation cross	n/a	n/a	94	319.24158689996693	2.1299987565726042e-05	n/a	n/a	n/a	n/a	n/a	n/a
3	n/a	n/a	fix_cross_iti	319.24158689996693	0.0	trigger	n/a	n/a	94	n/a	n/a	n/a	n/a	n/a	n/a	n/a	n/a
3	2	79	image	320.1815882999799	0.7618747666749641	image	ball	ball_04.png	6	320.1816708999686	8.259998867288232e-05	n/a	n/a	n/a	n/a	1	n/a
3	n/a	n/a	image	320.1816708999686	0.0	trigger	n/a	n/a	6	n/a	n/a	n/a	n/a	n/a	n/a	n/a	n/a
3	2	79	word	320.9435354999732	0.7671129666889556	word	Ball_german	n/a	106	320.9435658999719	3.0399998649954796e-05	n/a	n/a	n/a	n/a	1	n/a
3	n/a	n/a	word	320.9435658999719	0.0	trigger	n/a	n/a	106	n/a	n/a	n/a	n/a	n/a	n/a	n/a	n/a
3	2	79	possible_button_press	322.43150079995394	0.0	response	n/a	n/a	n/a	n/a	n/a	n/a	n/a	m	m	1	1
3	2	79	fix_cross_after_trial	322.44526629999746	1.0006600666713439	fixation cross	n/a	n/a	94	322.44530409999425	3.779999678954482e-05	n/a	n/a	n/a	n/a	n/a	n/a
3	n/a	n/a	fix_cross_iti	322.44530409999425	0.0	trigger	n/a	n/a	94	n/a	n/a	n/a	n/a	n/a	n/a	n/a	n/a
3	2	80	image	323.46495769999456	0.7652284666585274	image	saw	saw_07.png	10	323.465023799974	6.609997944906354e-05	n/a	n/a	n/a	n/a	0	n/a
3	n/a	n/a	image	323.465023799974	0.0	trigger	n/a	n/a	10	n/a	n/a	n/a	n/a	n/a	n/a	n/a	n/a
3	2	80	word	324.23012480000034	0.8677227666523777	word	Fisch_german	n/a	102	324.23015580000356	3.100000321865082e-05	n/a	n/a	n/a	n/a	0	n/a
3	n/a	n/a	word	324.23015580000356	0.0	trigger	n/a	n/a	102	n/a	n/a	n/a	n/a	n/a	n/a	n/a	n/a
3	2	80	feedback	325.731627799978	0.0	trigger	n/a	n/a	96	n/a	n/a	n/a	n/a	n/a	n/a	n/a	n/a
3	2	80	possible_button_press	325.9337100999546	0.0	response	n/a	n/a	n/a	n/a	n/a	n/a	n/a	m	r	0	0
3	2	80	fix_cross_after_trial	325.9483622999978	1.1845471666349567	fixation cross	n/a	n/a	94	325.94838779995916	2.5499961338937283e-05	n/a	n/a	n/a	n/a	n/a	n/a
3	n/a	n/a	fix_cross_iti	325.94838779995916	0.0	trigger	n/a	n/a	94	n/a	n/a	n/a	n/a	n/a	n/a	n/a	n/a
3	2	81	image	327.15207609999925	0.7653532666774936	image	car	car_07.png	5	327.1521397999604	6.369996117427945e-05	n/a	n/a	n/a	n/a	1	n/a
3	n/a	n/a	image	327.1521397999604	0.0	trigger	n/a	n/a	5	n/a	n/a	n/a	n/a	n/a	n/a	n/a	n/a
3	2	81	word	327.91726459999336	0.9506250666493088	word	Auto_german	n/a	105	327.9172918999684	2.729997504502535e-05	n/a	n/a	n/a	n/a	1	n/a
3	n/a	n/a	word	327.9172918999684	0.0	trigger	n/a	n/a	105	n/a	n/a	n/a	n/a	n/a	n/a	n/a	n/a
3	2	81	possible_button_press	329.4047646999825	0.0	response	n/a	n/a	n/a	n/a	n/a	n/a	n/a	m	m	1	1
3	2	81	fix_cross_after_trial	329.41883069998585	1.0510506666653328	fixation cross	n/a	n/a	94	329.4188615999883	3.090000245720148e-05	n/a	n/a	n/a	n/a	n/a	n/a
3	n/a	n/a	fix_cross_iti	329.4188615999883	0.0	trigger	n/a	n/a	94	n/a	n/a	n/a	n/a	n/a	n/a	n/a	n/a
3	2	82	image	330.4910425999551	0.7631675666818865	image	dress	dress_04.png	3	330.49111050000647	6.790005136281252e-05	n/a	n/a	n/a	n/a	1	n/a
3	n/a	n/a	image	330.49111050000647	0.0	trigger	n/a	n/a	3	n/a	n/a	n/a	n/a	n/a	n/a	n/a	n/a
3	2	82	word	331.254177899973	0.9502407666916497	word	Kleid_german	n/a	103	331.25421349995304	3.559998003765941e-05	n/a	n/a	n/a	n/a	1	n/a
3	n/a	n/a	word	331.25421349995304	0.0	trigger	n/a	n/a	103	n/a	n/a	n/a	n/a	n/a	n/a	n/a	n/a
3	2	82	possible_button_press	332.7411590999691	0.0	response	n/a	n/a	n/a	n/a	n/a	n/a	n/a	m	m	1	1
3	2	82	fix_cross_after_trial	332.75535940000555	1.1510601666561797	fixation cross	n/a	n/a	94	332.7553853999707	2.5999965146183968e-05	n/a	n/a	n/a	n/a	n/a	n/a
3	n/a	n/a	fix_cross_iti	332.7553853999707	0.0	trigger	n/a	n/a	94	n/a	n/a	n/a	n/a	n/a	n/a	n/a	n/a
3	2	83	image	333.94506060000276	0.762762566624815	image	bag	bag_04.png	1	333.94513509998797	7.449998520314693e-05	n/a	n/a	n/a	n/a	1	n/a
3	n/a	n/a	image	333.94513509998797	0.0	trigger	n/a	n/a	1	n/a	n/a	n/a	n/a	n/a	n/a	n/a	n/a
3	2	83	word	334.70767089998117	0.8999747666568965	word	Tasche_german	n/a	101	334.70770899998024	3.809999907389283e-05	n/a	n/a	n/a	n/a	1	n/a
3	n/a	n/a	word	334.70770899998024	0.0	trigger	n/a	n/a	101	n/a	n/a	n/a	n/a	n/a	n/a	n/a	n/a
3	2	83	possible_button_press	336.1948321000091	0.0	response	n/a	n/a	n/a	n/a	n/a	n/a	n/a	m	m	1	1
3	2	83	fix_cross_after_trial	336.2090428000083	1.1348350666269198	fixation cross	n/a	n/a	94	336.20907350000925	3.070000093430281e-05	n/a	n/a	n/a	n/a	n/a	n/a
3	n/a	n/a	fix_cross_iti	336.20907350000925	0.0	trigger	n/a	n/a	94	n/a	n/a	n/a	n/a	n/a	n/a	n/a	n/a
3	2	84	image	337.36197009996977	0.7657696667049549	image	fish	fish_06.png	2	337.3620595000102	8.940004045143723e-05	n/a	n/a	n/a	n/a	1	n/a
3	n/a	n/a	image	337.3620595000102	0.0	trigger	n/a	n/a	2	n/a	n/a	n/a	n/a	n/a	n/a	n/a	n/a
3	2	84	word	338.1276651999797	0.8674880666696936	word	Fisch_german	n/a	102	338.12769529997604	3.0099996365606785e-05	n/a	n/a	n/a	n/a	1	n/a
3	n/a	n/a	word	338.12769529997604	0.0	trigger	n/a	n/a	102	n/a	n/a	n/a	n/a	n/a	n/a	n/a	n/a
3	2	84	possible_button_press	339.6154281999916	0.0	response	n/a	n/a	n/a	n/a	n/a	n/a	n/a	m	m	1	1
3	2	84	fix_cross_after_trial	339.6292614999693	0.8340827666727364	fixation cross	n/a	n/a	94	339.6292964000022	3.490003291517496e-05	n/a	n/a	n/a	n/a	n/a	n/a
3	n/a	n/a	fix_cross_iti	339.6292964000022	0.0	trigger	n/a	n/a	94	n/a	n/a	n/a	n/a	n/a	n/a	n/a	n/a
3	2	85	image	340.48222720000194	0.7653362666644625	image	rose	rose_06.png	9	340.48230659996625	7.939996430650353e-05	n/a	n/a	n/a	n/a	0	n/a
3	n/a	n/a	image	340.48230659996625	0.0	trigger	n/a	n/a	9	n/a	n/a	n/a	n/a	n/a	n/a	n/a	n/a
3	2	85	word	341.247477900004	0.9010748666516974	word	Tasche_german	n/a	101	341.2475071999943	2.929999027401209e-05	n/a	n/a	n/a	n/a	0	n/a
3	n/a	n/a	word	341.2475071999943	0.0	trigger	n/a	n/a	101	n/a	n/a	n/a	n/a	n/a	n/a	n/a	n/a
3	2	85	feedback	342.7489096999634	0.0	trigger	n/a	n/a	96	n/a	n/a	n/a	n/a	n/a	n/a	n/a	n/a
3	2	85	possible_button_press	342.93466599995736	0.0	response	n/a	n/a	n/a	n/a	n/a	n/a	n/a	m	r	0	0
3	2	85	fix_cross_after_trial	342.9492090999847	1.2511524666372225	fixation cross	n/a	n/a	94	342.94922999996925	2.0899984519928694e-05	n/a	n/a	n/a	n/a	n/a	n/a
3	n/a	n/a	fix_cross_iti	342.94922999996925	0.0	trigger	n/a	n/a	94	n/a	n/a	n/a	n/a	n/a	n/a	n/a	n/a
3	2	86	image	344.2367259999737	0.7643994666907474	image	ball	ball_05.png	6	344.2367945999722	6.859999848529696e-05	n/a	n/a	n/a	n/a	1	n/a
3	n/a	n/a	image	344.2367945999722	0.0	trigger	n/a	n/a	6	n/a	n/a	n/a	n/a	n/a	n/a	n/a	n/a
3	2	86	word	345.0012648999691	0.7837473666916139	word	Ball_german	n/a	106	345.0012921000016	2.7200032491236925e-05	n/a	n/a	n/a	n/a	1	n/a
3	n/a	n/a	word	345.0012921000016	0.0	trigger	n/a	n/a	106	n/a	n/a	n/a	n/a	n/a	n/a	n/a	n/a
3	2	86	possible_button_press	346.4882213000092	0.0	response	n/a	n/a	n/a	n/a	n/a	n/a	n/a	m	m	1	1
3	2	86	fix_cross_after_trial	346.5026412999723	1.2513283666960433	fixation cross	n/a	n/a	94	346.5026671999949	2.5900022592395544e-05	n/a	n/a	n/a	n/a	n/a	n/a
3	n/a	n/a	fix_cross_iti	346.5026671999949	0.0	trigger	n/a	n/a	94	n/a	n/a	n/a	n/a	n/a	n/a	n/a	n/a
3	2	87	image	347.75480409996817	0.7502106666836426	image	book	book_07.png	7	347.7548728999682	6.880000000819564e-05	n/a	n/a	n/a	n/a	1	n/a
3	n/a	n/a	image	347.7548728999682	0.0	trigger	n/a	n/a	7	n/a	n/a	n/a	n/a	n/a	n/a	n/a	n/a
3	2	87	word	348.5050953999744	0.8675207666858569	word	Buch_german	n/a	107	348.50512889999663	3.350002225488424e-05	n/a	n/a	n/a	n/a	1	n/a
3	n/a	n/a	word	348.50512889999663	0.0	trigger	n/a	n/a	107	n/a	n/a	n/a	n/a	n/a	n/a	n/a	n/a
3	2	87	possible_button_press	349.992149800004	0.0	response	n/a	n/a	n/a	n/a	n/a	n/a	n/a	m	m	1	1
3	2	87	fix_cross_after_trial	350.0062663999852	1.2178164666440807	fixation cross	n/a	n/a	94	350.006302499969	3.609998384490609e-05	n/a	n/a	n/a	n/a	n/a	n/a
3	n/a	n/a	fix_cross_iti	350.006302499969	0.0	trigger	n/a	n/a	94	n/a	n/a	n/a	n/a	n/a	n/a	n/a	n/a
3	2	88	image	351.2636327999644	0.7615106666964948	image	chair	chair_06.png	8	351.2637199999881	8.720002369955182e-05	n/a	n/a	n/a	n/a	1	n/a
3	n/a	n/a	image	351.2637199999881	0.0	trigger	n/a	n/a	8	n/a	n/a	n/a	n/a	n/a	n/a	n/a	n/a
3	2	88	word	352.0251540999743	0.9176637666571423	word	Stuhl_german	n/a	108	352.02518140000757	2.7300033252686262e-05	n/a	n/a	n/a	n/a	1	n/a
3	n/a	n/a	word	352.02518140000757	0.0	trigger	n/a	n/a	108	n/a	n/a	n/a	n/a	n/a	n/a	n/a	n/a
3	2	88	possible_button_press	353.51249479997205	0.0	response	n/a	n/a	n/a	n/a	n/a	n/a	n/a	m	m	1	1
3	2	88	fix_cross_after_trial	353.52663340000436	1.151054866615823	fixation cross	n/a	n/a	94	353.5266568000079	2.340000355616212e-05	n/a	n/a	n/a	n/a	n/a	n/a
3	n/a	n/a	fix_cross_iti	353.5266568000079	0.0	trigger	n/a	n/a	94	n/a	n/a	n/a	n/a	n/a	n/a	n/a	n/a
3	2	89	image	354.6954504000023	0.7499849666530736	image	fish	fish_10.png	2	354.6955160999787	6.569997640326619e-05	n/a	n/a	n/a	n/a	1	n/a
3	n/a	n/a	image	354.6955160999787	0.0	trigger	n/a	n/a	2	n/a	n/a	n/a	n/a	n/a	n/a	n/a	n/a
3	2	89	word	355.44545699999435	0.8673820666774645	word	Fisch_german	n/a	102	355.44549839996034	4.139996599406004e-05	n/a	n/a	n/a	n/a	1	n/a
3	n/a	n/a	word	355.44549839996034	0.0	trigger	n/a	n/a	102	n/a	n/a	n/a	n/a	n/a	n/a	n/a	n/a
3	2	89	possible_button_press	356.9334842999815	0.0	response	n/a	n/a	n/a	n/a	n/a	n/a	n/a	m	m	1	1
3	2	89	fix_cross_after_trial	356.9472303999937	1.1843926666808784	fixation cross	n/a	n/a	94	356.94727689999854	4.650000482797623e-05	n/a	n/a	n/a	n/a	n/a	n/a
3	n/a	n/a	fix_cross_iti	356.94727689999854	0.0	trigger	n/a	n/a	94	n/a	n/a	n/a	n/a	n/a	n/a	n/a	n/a
3	2	90	image	358.15006600000197	0.749009866620554	image	door	door_02.png	4	358.1501520999591	8.60999571159482e-05	n/a	n/a	n/a	n/a	1	n/a
3	n/a	n/a	image	358.1501520999591	0.0	trigger	n/a	n/a	4	n/a	n/a	n/a	n/a	n/a	n/a	n/a	n/a
3	2	90	word	358.8990526999696	0.8341116666599646	word	Tür_german	n/a	104	358.899091499974	3.880000440403819e-05	n/a	n/a	n/a	n/a	1	n/a
3	n/a	n/a	word	358.899091499974	0.0	trigger	n/a	n/a	104	n/a	n/a	n/a	n/a	n/a	n/a	n/a	n/a
3	2	90	possible_button_press	360.3870353999664	0.0	response	n/a	n/a	n/a	n/a	n/a	n/a	n/a	m	m	1	1
3	2	90	fix_cross_after_trial	360.4006761999917	0.9505417666553058	fixation cross	n/a	n/a	94	360.400742799975	6.659998325631022e-05	n/a	n/a	n/a	n/a	n/a	n/a
3	n/a	n/a	fix_cross_iti	360.400742799975	0.0	trigger	n/a	n/a	94	n/a	n/a	n/a	n/a	n/a	n/a	n/a	n/a
3	2	91	image	361.3691108999774	0.7496168666441463	image	car	car_10.png	5	361.3691861999687	7.529999129474163e-05	n/a	n/a	n/a	n/a	1	n/a
3	n/a	n/a	image	361.3691861999687	0.0	trigger	n/a	n/a	5	n/a	n/a	n/a	n/a	n/a	n/a	n/a	n/a
3	2	91	word	362.11890529998345	0.95110226667407	word	Auto_german	n/a	105	362.1189273999771	2.2099993657320738e-05	n/a	n/a	n/a	n/a	1	n/a
3	n/a	n/a	word	362.1189273999771	0.0	trigger	n/a	n/a	105	n/a	n/a	n/a	n/a	n/a	n/a	n/a	n/a
3	2	91	possible_button_press	363.6064029999543	0.0	response	n/a	n/a	n/a	n/a	n/a	n/a	n/a	m	m	1	1
3	2	91	fix_cross_after_trial	363.6203198999865	0.7839482666497588	fixation cross	n/a	n/a	94	363.6203521999996	3.23000131174922e-05	n/a	n/a	n/a	n/a	n/a	n/a
3	n/a	n/a	fix_cross_iti	363.6203521999996	0.0	trigger	n/a	n/a	94	n/a	n/a	n/a	n/a	n/a	n/a	n/a	n/a
3	2	92	image	364.42326089995913	0.7654890666638039	image	ball	ball_08.png	6	364.423326499993	6.560003384947777e-05	n/a	n/a	n/a	n/a	1	n/a
3	n/a	n/a	image	364.423326499993	0.0	trigger	n/a	n/a	6	n/a	n/a	n/a	n/a	n/a	n/a	n/a	n/a
3	2	92	word	365.1888427999802	0.7832897666414738	word	Ball_german	n/a	106	365.18888329999754	4.050001734867692e-05	n/a	n/a	n/a	n/a	1	n/a
3	n/a	n/a	word	365.18888329999754	0.0	trigger	n/a	n/a	106	n/a	n/a	n/a	n/a	n/a	n/a	n/a	n/a
3	2	92	possible_button_press	366.6765627999557	0.0	response	n/a	n/a	n/a	n/a	n/a	n/a	n/a	m	m	1	1
3	2	92	fix_cross_after_trial	366.69021989998873	1.0846047666311733	fixation cross	n/a	n/a	94	366.69025369995506	3.379996633157134e-05	n/a	n/a	n/a	n/a	n/a	n/a
3	n/a	n/a	fix_cross_iti	366.69025369995506	0.0	trigger	n/a	n/a	94	n/a	n/a	n/a	n/a	n/a	n/a	n/a	n/a
3	2	93	image	367.81142049998743	0.7640398666883357	image	door	door_06.png	4	367.81149449996883	7.399998139590025e-05	n/a	n/a	n/a	n/a	1	n/a
3	n/a	n/a	image	367.81149449996883	0.0	trigger	n/a	n/a	4	n/a	n/a	n/a	n/a	n/a	n/a	n/a	n/a
3	2	93	word	368.57543510000687	0.8333640666135125	word	Tür_german	n/a	104	368.5754642999964	2.9199989512562752e-05	n/a	n/a	n/a	n/a	1	n/a
3	n/a	n/a	word	368.5754642999964	0.0	trigger	n/a	n/a	104	n/a	n/a	n/a	n/a	n/a	n/a	n/a	n/a
3	2	93	possible_button_press	370.06337879999774	0.0	response	n/a	n/a	n/a	n/a	n/a	n/a	n/a	m	m	1	1
3	2	93	fix_cross_after_trial	370.07714299997315	0.9839447666929573	fixation cross	n/a	n/a	94	370.0771810999722	3.809999907389283e-05	n/a	n/a	n/a	n/a	n/a	n/a
3	n/a	n/a	fix_cross_iti	370.0771810999722	0.0	trigger	n/a	n/a	94	n/a	n/a	n/a	n/a	n/a	n/a	n/a	n/a
3	2	94	image	371.08011729997816	0.7652526666681752	image	book	book_08.png	7	371.08018509997055	6.779999239370227e-05	n/a	n/a	n/a	n/a	1	n/a
3	n/a	n/a	image	371.08018509997055	0.0	trigger	n/a	n/a	7	n/a	n/a	n/a	n/a	n/a	n/a	n/a	n/a
3	2	94	word	371.84535269998014	0.8678217666495129	word	Buch_german	n/a	107	371.8453814999666	2.8799986466765404e-05	n/a	n/a	n/a	n/a	1	n/a
3	n/a	n/a	word	371.8453814999666	0.0	trigger	n/a	n/a	107	n/a	n/a	n/a	n/a	n/a	n/a	n/a	n/a
3	2	94	possible_button_press	373.3329543999862	0.0	response	n/a	n/a	n/a	n/a	n/a	n/a	n/a	m	m	1	1
3	2	94	fix_cross_after_trial	373.347007400007	0.7672649666239977	fixation cross	n/a	n/a	94	373.3470368999988	2.9499991796910763e-05	n/a	n/a	n/a	n/a	n/a	n/a
3	n/a	n/a	fix_cross_iti	373.3470368999988	0.0	trigger	n/a	n/a	94	n/a	n/a	n/a	n/a	n/a	n/a	n/a	n/a
3	2	95	image	374.131791599968	0.7503494666927963	image	rose	rose_03.png	9	374.1318618999794	7.03000114299357e-05	n/a	n/a	n/a	n/a	1	n/a
3	n/a	n/a	image	374.1318618999794	0.0	trigger	n/a	n/a	9	n/a	n/a	n/a	n/a	n/a	n/a	n/a	n/a
3	2	95	word	374.88203639996937	0.9174601666784383	word	Rose_german	n/a	109	374.88207970000803	4.3300038669258356e-05	n/a	n/a	n/a	n/a	1	n/a
3	n/a	n/a	word	374.88207970000803	0.0	trigger	n/a	n/a	109	n/a	n/a	n/a	n/a	n/a	n/a	n/a	n/a
3	2	95	possible_button_press	376.3697809999576	0.0	response	n/a	n/a	n/a	n/a	n/a	n/a	n/a	m	m	1	1
3	2	95	fix_cross_after_trial	376.38363979995484	1.0845762667051986	fixation cross	n/a	n/a	94	376.38367079995805	3.100000321865082e-05	n/a	n/a	n/a	n/a	n/a	n/a
3	n/a	n/a	fix_cross_iti	376.38367079995805	0.0	trigger	n/a	n/a	94	n/a	n/a	n/a	n/a	n/a	n/a	n/a	n/a
3	2	96	image	377.5065148999565	0.7624676667076073	image	fish	fish_08.png	2	377.5066171999788	0.00010230002226307988	n/a	n/a	n/a	n/a	0	n/a
3	n/a	n/a	image	377.5066171999788	0.0	trigger	n/a	n/a	2	n/a	n/a	n/a	n/a	n/a	n/a	n/a	n/a
3	2	96	word	378.26872619998176	0.7689841666763186	word	Ball_german	n/a	106	378.2687578999903	3.170000854879618e-05	n/a	n/a	n/a	n/a	0	n/a
3	n/a	n/a	word	378.2687578999903	0.0	trigger	n/a	n/a	106	n/a	n/a	n/a	n/a	n/a	n/a	n/a	n/a
3	2	96	feedback	379.7712633999763	0.0	trigger	n/a	n/a	96	n/a	n/a	n/a	n/a	n/a	n/a	n/a	n/a
3	2	96	possible_button_press	379.9576083999709	0.0	response	n/a	n/a	n/a	n/a	n/a	n/a	n/a	m	r	0	0
3	2	96	fix_cross_after_trial	379.971484699985	1.133631266657403	fixation cross	n/a	n/a	94	379.9715247999993	4.010001430287957e-05	n/a	n/a	n/a	n/a	n/a	n/a
3	n/a	n/a	fix_cross_iti	379.9715247999993	0.0	trigger	n/a	n/a	94	n/a	n/a	n/a	n/a	n/a	n/a	n/a	n/a
3	2	97	image	381.1240601000027	0.7649763666597664	image	saw	saw_02.png	10	381.12414529995294	8.519995026290417e-05	n/a	n/a	n/a	n/a	1	n/a
3	n/a	n/a	image	381.12414529995294	0.0	trigger	n/a	n/a	10	n/a	n/a	n/a	n/a	n/a	n/a	n/a	n/a
3	2	97	word	381.88922279997496	0.9504853666915096	word	Säge_german	n/a	110	381.8892534999759	3.070000093430281e-05	n/a	n/a	n/a	n/a	1	n/a
3	n/a	n/a	word	381.8892534999759	0.0	trigger	n/a	n/a	110	n/a	n/a	n/a	n/a	n/a	n/a	n/a	n/a
3	2	97	possible_button_press	383.37778789998265	0.0	response	n/a	n/a	n/a	n/a	n/a	n/a	n/a	m	m	1	1
3	2	97	fix_cross_after_trial	383.39062119997106	1.2347132666657217	fixation cross	n/a	n/a	94	383.3906471999944	2.600002335384488e-05	n/a	n/a	n/a	n/a	n/a	n/a
3	n/a	n/a	fix_cross_iti	383.3906471999944	0.0	trigger	n/a	n/a	94	n/a	n/a	n/a	n/a	n/a	n/a	n/a	n/a
3	2	98	image	384.6437622999656	0.7490159666670024	image	bag	bag_10.png	1	384.6438504999969	8.820003131404519e-05	n/a	n/a	n/a	n/a	1	n/a
3	n/a	n/a	image	384.6438504999969	0.0	trigger	n/a	n/a	1	n/a	n/a	n/a	n/a	n/a	n/a	n/a	n/a
3	2	98	word	385.39267869998	0.9004456666918941	word	Tasche_german	n/a	101	385.392707699968	2.8999987989664078e-05	n/a	n/a	n/a	n/a	1	n/a
3	n/a	n/a	word	385.392707699968	0.0	trigger	n/a	n/a	101	n/a	n/a	n/a	n/a	n/a	n/a	n/a	n/a
3	2	98	possible_button_press	386.8800163999549	0.0	response	n/a	n/a	n/a	n/a	n/a	n/a	n/a	m	m	1	1
3	2	98	fix_cross_after_trial	386.8941924999817	1.2179124666765802	fixation cross	n/a	n/a	94	386.8942255000002	3.300001844763756e-05	n/a	n/a	n/a	n/a	n/a	n/a
3	n/a	n/a	fix_cross_iti	386.8942255000002	0.0	trigger	n/a	n/a	94	n/a	n/a	n/a	n/a	n/a	n/a	n/a	n/a
3	2	99	image	388.1311868999619	0.765495766714821	image	door	door_04.png	4	388.13127109996276	8.420000085607171e-05	n/a	n/a	n/a	n/a	1	n/a
3	n/a	n/a	image	388.13127109996276	0.0	trigger	n/a	n/a	4	n/a	n/a	n/a	n/a	n/a	n/a	n/a	n/a
3	2	99	word	388.8973169999663	0.8330718666586563	word	Tür_german	n/a	104	388.8973680000054	5.100003909319639e-05	n/a	n/a	n/a	n/a	1	n/a
3	n/a	n/a	word	388.8973680000054	0.0	trigger	n/a	n/a	104	n/a	n/a	n/a	n/a	n/a	n/a	n/a	n/a
3	2	99	possible_button_press	390.38394009997137	0.0	response	n/a	n/a	n/a	n/a	n/a	n/a	n/a	m	m	1	1
3	2	99	fix_cross_after_trial	390.3982213999843	1.2509297666877046	fixation cross	n/a	n/a	94	390.39826970000286	4.830001853406429e-05	n/a	n/a	n/a	n/a	n/a	n/a
3	n/a	n/a	fix_cross_iti	390.39826970000286	0.0	trigger	n/a	n/a	94	n/a	n/a	n/a	n/a	n/a	n/a	n/a	n/a
3	2	100	image	391.6683458999614	0.764761466711434	image	car	car_03.png	5	391.66841719998047	7.130001904442906e-05	n/a	n/a	n/a	n/a	1	n/a
3	n/a	n/a	image	391.66841719998047	0.0	trigger	n/a	n/a	5	n/a	n/a	n/a	n/a	n/a	n/a	n/a	n/a
3	2	100	word	392.433117699984	0.9344081666824877	word	Auto_german	n/a	105	392.4331506000017	3.290001768618822e-05	n/a	n/a	n/a	n/a	1	n/a
3	n/a	n/a	word	392.4331506000017	0.0	trigger	n/a	n/a	105	n/a	n/a	n/a	n/a	n/a	n/a	n/a	n/a
3	2	100	possible_button_press	393.92040109995287	0.0	response	n/a	n/a	n/a	n/a	n/a	n/a	n/a	m	m	1	1
3	2	100	fix_cross_after_trial	393.93454940000083	1.0177770666234665	fixation cross	n/a	n/a	94	393.934571699996	2.2299995180219412e-05	n/a	n/a	n/a	n/a	n/a	n/a
3	n/a	n/a	fix_cross_iti	393.934571699996	0.0	trigger	n/a	n/a	94	n/a	n/a	n/a	n/a	n/a	n/a	n/a	n/a
3	2	100	break_instruction	394.95237349998206	15.015207166670962	break	n/a	n/a	81	394.95240069995634	2.719997428357601e-05	n/a	n/a	n/a	n/a	n/a	n/a
3	n/a	n/a	break_start	394.95240069995634	0.0	trigger	n/a	n/a	81	n/a	n/a	n/a	n/a	n/a	n/a	n/a	n/a
3	n/a	n/a	break_end	410.6047663000063	0.0	trigger	n/a	n/a	82	n/a	n/a	n/a	n/a	n/a	n/a	n/a	n/a
3	3	101	image	410.6360178999603	0.7497601666875653	image	dress	dress_02.png	3	410.6360876999679	6.980000762268901e-05	n/a	n/a	n/a	n/a	1	n/a
3	n/a	n/a	image	410.6360876999679	0.0	trigger	n/a	n/a	3	n/a	n/a	n/a	n/a	n/a	n/a	n/a	n/a
3	3	101	word	411.3858182999538	0.950390066722548	word	Kleid_german	n/a	103	411.38584639999317	2.8100039344280958e-05	n/a	n/a	n/a	n/a	1	n/a
3	n/a	n/a	word	411.38584639999317	0.0	trigger	n/a	n/a	103	n/a	n/a	n/a	n/a	n/a	n/a	n/a	n/a
3	3	101	possible_button_press	412.8734302999801	0.0	response	n/a	n/a	n/a	n/a	n/a	n/a	n/a	m	m	1	1
3	3	101	fix_cross_after_trial	412.88736619998235	1.2512842666512825	fixation cross	n/a	n/a	94	412.8873950999696	2.889998722821474e-05	n/a	n/a	n/a	n/a	n/a	n/a
3	n/a	n/a	fix_cross_iti	412.8873950999696	0.0	trigger	n/a	n/a	94	n/a	n/a	n/a	n/a	n/a	n/a	n/a	n/a
3	3	102	image	414.1574745999533	0.7653066666719042	image	bag	bag_06.png	1	414.15755720000016	8.260004688054323e-05	n/a	n/a	n/a	n/a	1	n/a
3	n/a	n/a	image	414.15755720000016	0.0	trigger	n/a	n/a	1	n/a	n/a	n/a	n/a	n/a	n/a	n/a	n/a
3	3	102	word	414.9227841999964	0.9001407666403338	word	Tasche_german	n/a	101	414.9228154000011	3.120000474154949e-05	n/a	n/a	n/a	n/a	1	n/a
3	n/a	n/a	word	414.9228154000011	0.0	trigger	n/a	n/a	101	n/a	n/a	n/a	n/a	n/a	n/a	n/a	n/a
3	3	102	possible_button_press	416.41018169996096	0.0	response	n/a	n/a	n/a	n/a	n/a	n/a	n/a	m	m	1	1
3	3	102	fix_cross_after_trial	416.42451909999363	1.0839890666577503	fixation cross	n/a	n/a	94	416.42455599998357	3.689998993650079e-05	n/a	n/a	n/a	n/a	n/a	n/a
3	n/a	n/a	fix_cross_iti	416.42455599998357	0.0	trigger	n/a	n/a	94	n/a	n/a	n/a	n/a	n/a	n/a	n/a	n/a
3	3	103	image	417.526924100006	0.7492422666439325	image	rose	rose_09.png	9	417.52698679995956	6.269995355978608e-05	n/a	n/a	n/a	n/a	0	n/a
3	n/a	n/a	image	417.52698679995956	0.0	trigger	n/a	n/a	9	n/a	n/a	n/a	n/a	n/a	n/a	n/a	n/a
3	3	103	word	418.2762889000005	0.9504645666495435	word	Säge_german	n/a	110	418.27632479998283	3.589998232200742e-05	n/a	n/a	n/a	n/a	0	n/a
3	n/a	n/a	word	418.27632479998283	0.0	trigger	n/a	n/a	110	n/a	n/a	n/a	n/a	n/a	n/a	n/a	n/a
3	3	103	feedback	419.77755579998484	0.0	trigger	n/a	n/a	96	n/a	n/a	n/a	n/a	n/a	n/a	n/a	n/a
3	3	103	possible_button_press	419.9643228999921	0.0	response	n/a	n/a	n/a	n/a	n/a	n/a	n/a	m	r	0	0
3	3	103	fix_cross_after_trial	419.9782892999938	1.0841649666583635	fixation cross	n/a	n/a	94	419.97832299995935	3.3699965570122004e-05	n/a	n/a	n/a	n/a	n/a	n/a
3	n/a	n/a	fix_cross_iti	419.97832299995935	0.0	trigger	n/a	n/a	94	n/a	n/a	n/a	n/a	n/a	n/a	n/a	n/a
3	3	104	image	421.0805715000024	0.7493061666648373	image	door	door_07.png	4	421.0806369999773	6.549997488036752e-05	n/a	n/a	n/a	n/a	1	n/a
3	n/a	n/a	image	421.0806369999773	0.0	trigger	n/a	n/a	4	n/a	n/a	n/a	n/a	n/a	n/a	n/a	n/a
3	3	104	word	421.8297770000063	0.8176886666371956	word	Tür_german	n/a	104	421.8298115999787	3.4599972423166037e-05	n/a	n/a	n/a	n/a	1	n/a
3	n/a	n/a	word	421.8298115999787	0.0	trigger	n/a	n/a	104	n/a	n/a	n/a	n/a	n/a	n/a	n/a	n/a
3	3	104	possible_button_press	423.31766199995764	0.0	response	n/a	n/a	n/a	n/a	n/a	n/a	n/a	m	m	1	1
3	3	104	fix_cross_after_trial	423.3325628999737	1.0330491666720718	fixation cross	n/a	n/a	94	423.3325960999937	3.320001997053623e-05	n/a	n/a	n/a	n/a	n/a	n/a
3	n/a	n/a	fix_cross_iti	423.3325960999937	0.0	trigger	n/a	n/a	94	n/a	n/a	n/a	n/a	n/a	n/a	n/a	n/a
3	3	105	image	424.3838973999955	0.7494329666408248	image	book	book_08.png	7	424.3839608999551	6.349995965138078e-05	n/a	n/a	n/a	n/a	1	n/a
3	n/a	n/a	image	424.3839608999551	0.0	trigger	n/a	n/a	7	n/a	n/a	n/a	n/a	n/a	n/a	n/a	n/a
3	3	105	word	425.13339400000405	0.8672861666457266	word	Buch_german	n/a	107	425.13342939998256	3.539997851476073e-05	n/a	n/a	n/a	n/a	1	n/a
3	n/a	n/a	word	425.13342939998256	0.0	trigger	n/a	n/a	107	n/a	n/a	n/a	n/a	n/a	n/a	n/a	n/a
3	3	105	possible_button_press	426.6205079999636	0.0	response	n/a	n/a	n/a	n/a	n/a	n/a	n/a	m	m	1	1
3	3	105	fix_cross_after_trial	426.6346476000035	1.001322266649595	fixation cross	n/a	n/a	94	426.6346732999664	2.5699962861835957e-05	n/a	n/a	n/a	n/a	n/a	n/a
3	n/a	n/a	fix_cross_iti	426.6346732999664	0.0	trigger	n/a	n/a	94	n/a	n/a	n/a	n/a	n/a	n/a	n/a	n/a
3	3	106	image	427.6541540999897	0.7491842666679531	image	chair	chair_01.png	8	427.6542414999567	8.739996701478958e-05	n/a	n/a	n/a	n/a	1	n/a
3	n/a	n/a	image	427.6542414999567	0.0	trigger	n/a	n/a	8	n/a	n/a	n/a	n/a	n/a	n/a	n/a	n/a
3	3	106	word	428.4033089999575	0.9335337667182557	word	Stuhl_german	n/a	108	428.40334229997825	3.330002073198557e-05	n/a	n/a	n/a	n/a	1	n/a
3	n/a	n/a	word	428.40334229997825	0.0	trigger	n/a	n/a	108	n/a	n/a	n/a	n/a	n/a	n/a	n/a	n/a
3	3	106	possible_button_press	429.8910634999629	0.0	response	n/a	n/a	n/a	n/a	n/a	n/a	n/a	m	m	1	1
3	3	106	fix_cross_after_trial	429.9049808999989	0.9673162666770168	fixation cross	n/a	n/a	94	429.90502379997633	4.2899977415800095e-05	n/a	n/a	n/a	n/a	n/a	n/a
3	n/a	n/a	fix_cross_iti	429.90502379997633	0.0	trigger	n/a	n/a	94	n/a	n/a	n/a	n/a	n/a	n/a	n/a	n/a
3	3	107	image	430.8918622999918	0.7641930666325152	image	saw	saw_01.png	10	430.8919561000075	9.380001574754715e-05	n/a	n/a	n/a	n/a	1	n/a
3	n/a	n/a	image	430.8919561000075	0.0	trigger	n/a	n/a	10	n/a	n/a	n/a	n/a	n/a	n/a	n/a	n/a
3	3	107	word	431.65617529995507	0.9342867666894108	word	Säge_german	n/a	110	431.6562002999708	2.500001573935151e-05	n/a	n/a	n/a	n/a	1	n/a
3	n/a	n/a	word	431.6562002999708	0.0	trigger	n/a	n/a	110	n/a	n/a	n/a	n/a	n/a	n/a	n/a	n/a
3	3	107	possible_button_press	433.1436440999969	0.0	response	n/a	n/a	n/a	n/a	n/a	n/a	n/a	m	m	1	1
3	3	107	fix_cross_after_trial	433.15771060000407	1.0507070666683376	fixation cross	n/a	n/a	94	433.15773320000153	2.2599997464567423e-05	n/a	n/a	n/a	n/a	n/a	n/a
3	n/a	n/a	fix_cross_iti	433.15773320000153	0.0	trigger	n/a	n/a	94	n/a	n/a	n/a	n/a	n/a	n/a	n/a	n/a
3	3	108	image	434.2266316000023	0.7512105666721709	image	car	car_10.png	5	434.22670309996465	7.149996235966682e-05	n/a	n/a	n/a	n/a	1	n/a
3	n/a	n/a	image	434.22670309996465	0.0	trigger	n/a	n/a	5	n/a	n/a	n/a	n/a	n/a	n/a	n/a	n/a
3	3	108	word	434.97648079996	0.9519790667147845	word	Auto_german	n/a	105	434.976525200007	4.440004704520106e-05	n/a	n/a	n/a	n/a	1	n/a
3	n/a	n/a	word	434.976525200007	0.0	trigger	n/a	n/a	105	n/a	n/a	n/a	n/a	n/a	n/a	n/a	n/a
3	3	108	possible_button_press	436.48010069999145	0.0	response	n/a	n/a	n/a	n/a	n/a	n/a	n/a	m	m	1	1
3	3	108	fix_cross_after_trial	436.49430869997013	0.9009526666525289	fixation cross	n/a	n/a	94	436.4943345999927	2.5900022592395544e-05	n/a	n/a	n/a	n/a	n/a	n/a
3	n/a	n/a	fix_cross_iti	436.4943345999927	0.0	trigger	n/a	n/a	94	n/a	n/a	n/a	n/a	n/a	n/a	n/a	n/a
3	3	109	image	437.6369978999719	0.755832466649963	image	ball	ball_03.png	6	437.6370821999735	8.430000161752105e-05	n/a	n/a	n/a	n/a	1	n/a
3	n/a	n/a	image	437.6370821999735	0.0	trigger	n/a	n/a	6	n/a	n/a	n/a	n/a	n/a	n/a	n/a	n/a
3	3	109	word	438.39240209996933	0.7823216666622557	word	Ball_german	n/a	106	438.39244649995817	4.439998883754015e-05	n/a	n/a	n/a	n/a	1	n/a
3	n/a	n/a	word	438.39244649995817	0.0	trigger	n/a	n/a	106	n/a	n/a	n/a	n/a	n/a	n/a	n/a	n/a
3	3	109	possible_button_press	439.8943498999579	0.0	response	n/a	n/a	n/a	n/a	n/a	n/a	n/a	m	m	1	1
3	3	109	fix_cross_after_trial	439.9083319999627	0.8991576666633136	fixation cross	n/a	n/a	94	439.90836339996895	3.1400006264448166e-05	n/a	n/a	n/a	n/a	n/a	n/a
3	n/a	n/a	fix_cross_iti	439.90836339996895	0.0	trigger	n/a	n/a	94	n/a	n/a	n/a	n/a	n/a	n/a	n/a	n/a
3	3	110	image	440.8305801000097	0.7611703666664198	image	door	door_02.png	4	440.83068389998516	0.00010379997547715902	n/a	n/a	n/a	n/a	1	n/a
3	n/a	n/a	image	440.83068389998516	0.0	trigger	n/a	n/a	4	n/a	n/a	n/a	n/a	n/a	n/a	n/a	n/a
3	3	110	word	441.5914532999741	0.8327667666637808	word	Tür_german	n/a	104	441.59149639995303	4.309997893869877e-05	n/a	n/a	n/a	n/a	1	n/a
3	n/a	n/a	word	441.59149639995303	0.0	trigger	n/a	n/a	104	n/a	n/a	n/a	n/a	n/a	n/a	n/a	n/a
3	3	110	possible_button_press	443.0929223999847	0.0	response	n/a	n/a	n/a	n/a	n/a	n/a	n/a	m	m	1	1
3	3	110	fix_cross_after_trial	443.1068787999684	1.1833345666566402	fixation cross	n/a	n/a	94	443.10690009995596	2.1299987565726042e-05	n/a	n/a	n/a	n/a	n/a	n/a
3	n/a	n/a	fix_cross_iti	443.10690009995596	0.0	trigger	n/a	n/a	94	n/a	n/a	n/a	n/a	n/a	n/a	n/a	n/a
3	3	111	image	444.30944919999456	0.7639399666261397	image	rose	rose_02.png	9	444.30953119997866	8.19999841041863e-05	n/a	n/a	n/a	n/a	1	n/a
3	n/a	n/a	image	444.30953119997866	0.0	trigger	n/a	n/a	9	n/a	n/a	n/a	n/a	n/a	n/a	n/a	n/a
3	3	111	word	445.0733853999991	0.9161592666680463	word	Rose_german	n/a	109	445.0734262999613	4.0899962186813354e-05	n/a	n/a	n/a	n/a	1	n/a
3	n/a	n/a	word	445.0734262999613	0.0	trigger	n/a	n/a	109	n/a	n/a	n/a	n/a	n/a	n/a	n/a	n/a
3	3	111	possible_button_press	446.57486699998844	0.0	response	n/a	n/a	n/a	n/a	n/a	n/a	n/a	m	m	1	1
3	3	111	fix_cross_after_trial	446.58923739998136	1.1830805666434117	fixation cross	n/a	n/a	94	446.5892592999735	2.1899992134422064e-05	n/a	n/a	n/a	n/a	n/a	n/a
3	n/a	n/a	fix_cross_iti	446.5892592999735	0.0	trigger	n/a	n/a	94	n/a	n/a	n/a	n/a	n/a	n/a	n/a	n/a
3	3	112	image	447.7908005999634	0.7491005666709043	image	chair	chair_07.png	8	447.79086959996494	6.900000153109431e-05	n/a	n/a	n/a	n/a	1	n/a
3	n/a	n/a	image	447.79086959996494	0.0	trigger	n/a	n/a	8	n/a	n/a	n/a	n/a	n/a	n/a	n/a	n/a
3	3	112	word	448.55546040000627	0.9005379666380122	word	Stuhl_german	n/a	108	448.55550499999663	4.4599990360438824e-05	n/a	n/a	n/a	n/a	1	n/a
3	n/a	n/a	word	448.55550499999663	0.0	trigger	n/a	n/a	108	n/a	n/a	n/a	n/a	n/a	n/a	n/a	n/a
3	3	112	possible_button_press	450.0409294999554	0.0	response	n/a	n/a	n/a	n/a	n/a	n/a	n/a	m	m	1	1
3	3	112	fix_cross_after_trial	450.0551398000098	1.132942566651991	fixation cross	n/a	n/a	94	450.05517710000277	3.7299992982298136e-05	n/a	n/a	n/a	n/a	n/a	n/a
3	n/a	n/a	fix_cross_iti	450.05517710000277	0.0	trigger	n/a	n/a	94	n/a	n/a	n/a	n/a	n/a	n/a	n/a	n/a
3	3	113	image	451.24206889997004	0.762599766665744	image	fish	fish_09.png	2	451.2421473999857	7.850001566112041e-05	n/a	n/a	n/a	n/a	1	n/a
3	n/a	n/a	image	451.2421473999857	0.0	trigger	n/a	n/a	2	n/a	n/a	n/a	n/a	n/a	n/a	n/a	n/a
3	3	113	word	452.0045481999987	0.8661887666714847	word	Fisch_german	n/a	102	452.00459099997533	4.279997665435076e-05	n/a	n/a	n/a	n/a	1	n/a
3	n/a	n/a	word	452.00459099997533	0.0	trigger	n/a	n/a	102	n/a	n/a	n/a	n/a	n/a	n/a	n/a	n/a
3	3	113	possible_button_press	453.50725139997667	0.0	response	n/a	n/a	n/a	n/a	n/a	n/a	n/a	m	m	1	1
3	3	113	fix_cross_after_trial	453.52057970000897	0.8164527666560843	fixation cross	n/a	n/a	94	453.5206059999764	2.629996743053198e-05	n/a	n/a	n/a	n/a	n/a	n/a
3	n/a	n/a	fix_cross_iti	453.5206059999764	0.0	trigger	n/a	n/a	94	n/a	n/a	n/a	n/a	n/a	n/a	n/a	n/a
3	3	114	image	454.3568644999759	0.7632492666637063	image	dress	dress_10.png	3	454.3569503999897	8.590001380071044e-05	n/a	n/a	n/a	n/a	1	n/a
3	n/a	n/a	image	454.3569503999897	0.0	trigger	n/a	n/a	3	n/a	n/a	n/a	n/a	n/a	n/a	n/a	n/a
3	3	114	word	455.120111599972	0.9495647666665263	word	Kleid_german	n/a	103	455.1201413999661	2.9799994081258774e-05	n/a	n/a	n/a	n/a	1	n/a
3	n/a	n/a	word	455.1201413999661	0.0	trigger	n/a	n/a	103	n/a	n/a	n/a	n/a	n/a	n/a	n/a	n/a
3	3	114	possible_button_press	456.6222815999645	0.0	response	n/a	n/a	n/a	n/a	n/a	n/a	n/a	m	m	1	1
3	3	114	fix_cross_after_trial	456.6360358999809	0.8666440666459039	fixation cross	n/a	n/a	94	456.63605809997534	2.2199994418770075e-05	n/a	n/a	n/a	n/a	n/a	n/a
3	n/a	n/a	fix_cross_iti	456.63605809997534	0.0	trigger	n/a	n/a	94	n/a	n/a	n/a	n/a	n/a	n/a	n/a	n/a
3	3	115	image	457.5214812000049	0.7509823666225657	image	bag	bag_10.png	1	457.5215681999689	8.699996396899223e-05	n/a	n/a	n/a	n/a	1	n/a
3	n/a	n/a	image	457.5215681999689	0.0	trigger	n/a	n/a	1	n/a	n/a	n/a	n/a	n/a	n/a	n/a	n/a
3	3	115	word	458.26946669997415	0.8990298666797116	word	Tasche_german	n/a	101	458.26950499997474	3.8300000596791506e-05	n/a	n/a	n/a	n/a	1	n/a
3	n/a	n/a	word	458.26950499997474	0.0	trigger	n/a	n/a	101	n/a	n/a	n/a	n/a	n/a	n/a	n/a	n/a
3	3	115	possible_button_press	459.77235509996535	0.0	response	n/a	n/a	n/a	n/a	n/a	n/a	n/a	m	m	1	1
3	3	115	fix_cross_after_trial	459.7854767999961	0.9995124666641004	fixation cross	n/a	n/a	94	459.7855073999963	3.060000017285347e-05	n/a	n/a	n/a	n/a	n/a	n/a
3	n/a	n/a	fix_cross_iti	459.7855073999963	0.0	trigger	n/a	n/a	94	n/a	n/a	n/a	n/a	n/a	n/a	n/a	n/a
3	3	116	image	460.7868241999531	0.7657578666733116	image	book	book_07.png	7	460.7869036999764	7.950002327561378e-05	n/a	n/a	n/a	n/a	1	n/a
3	n/a	n/a	image	460.7869036999764	0.0	trigger	n/a	n/a	7	n/a	n/a	n/a	n/a	n/a	n/a	n/a	n/a
3	3	116	word	461.5513672999805	0.8665385666574821	word	Buch_german	n/a	107	461.55139089998556	2.3600005079060793e-05	n/a	n/a	n/a	n/a	1	n/a
3	n/a	n/a	word	461.55139089998556	0.0	trigger	n/a	n/a	107	n/a	n/a	n/a	n/a	n/a	n/a	n/a	n/a
3	3	116	possible_button_press	463.0530303999549	0.0	response	n/a	n/a	n/a	n/a	n/a	n/a	n/a	m	m	1	1
3	3	116	fix_cross_after_trial	463.0672036999604	1.1499688666701786	fixation cross	n/a	n/a	94	463.06721849995665	1.479999627918005e-05	n/a	n/a	n/a	n/a	n/a	n/a
3	n/a	n/a	fix_cross_iti	463.06721849995665	0.0	trigger	n/a	n/a	94	n/a	n/a	n/a	n/a	n/a	n/a	n/a	n/a
3	3	117	image	464.23584909999045	0.7644089666466698	image	dress	dress_01.png	3	464.2359466999769	9.759998647496104e-05	n/a	n/a	n/a	n/a	1	n/a
3	n/a	n/a	image	464.2359466999769	0.0	trigger	n/a	n/a	3	n/a	n/a	n/a	n/a	n/a	n/a	n/a	n/a
3	3	117	word	465.000283100002	0.9334170666445516	word	Kleid_german	n/a	103	465.0003156999592	3.2599957194179296e-05	n/a	n/a	n/a	n/a	1	n/a
3	n/a	n/a	word	465.0003156999592	0.0	trigger	n/a	n/a	103	n/a	n/a	n/a	n/a	n/a	n/a	n/a	n/a
3	3	117	possible_button_press	466.4863156999927	0.0	response	n/a	n/a	n/a	n/a	n/a	n/a	n/a	m	m	1	1
3	3	117	fix_cross_after_trial	466.49973929999396	0.9830206666413233	fixation cross	n/a	n/a	94	466.49977349996334	3.419996937736869e-05	n/a	n/a	n/a	n/a	n/a	n/a
3	n/a	n/a	fix_cross_iti	466.49977349996334	0.0	trigger	n/a	n/a	94	n/a	n/a	n/a	n/a	n/a	n/a	n/a	n/a
3	3	118	image	467.5026743999915	0.7633536666437521	image	ball	ball_06.png	6	467.50274599995464	7.159996312111616e-05	n/a	n/a	n/a	n/a	1	n/a
3	n/a	n/a	image	467.50274599995464	0.0	trigger	n/a	n/a	6	n/a	n/a	n/a	n/a	n/a	n/a	n/a	n/a
3	3	118	word	468.2659496999695	0.7828604666904084	word	Ball_german	n/a	106	468.2659844000009	3.470003139227629e-05	n/a	n/a	n/a	n/a	1	n/a
3	n/a	n/a	word	468.2659844000009	0.0	trigger	n/a	n/a	106	n/a	n/a	n/a	n/a	n/a	n/a	n/a	n/a
3	3	118	possible_button_press	469.7679875000031	0.0	response	n/a	n/a	n/a	n/a	n/a	n/a	n/a	m	m	1	1
3	3	118	fix_cross_after_trial	469.7822092999704	1.0500294666892387	fixation cross	n/a	n/a	94	469.7822359999991	2.670002868399024e-05	n/a	n/a	n/a	n/a	n/a	n/a
3	n/a	n/a	fix_cross_iti	469.7822359999991	0.0	trigger	n/a	n/a	94	n/a	n/a	n/a	n/a	n/a	n/a	n/a	n/a
3	3	119	image	470.85009739996167	0.7493728667070627	image	saw	saw_09.png	10	470.8501847999869	8.74000252224505e-05	n/a	n/a	n/a	n/a	1	n/a
3	n/a	n/a	image	470.8501847999869	0.0	trigger	n/a	n/a	10	n/a	n/a	n/a	n/a	n/a	n/a	n/a	n/a
3	3	119	word	471.59851459995843	0.9496681666971654	word	Säge_german	n/a	110	471.5985405999818	2.600002335384488e-05	n/a	n/a	n/a	n/a	1	n/a
3	n/a	n/a	word	471.5985405999818	0.0	trigger	n/a	n/a	110	n/a	n/a	n/a	n/a	n/a	n/a	n/a	n/a
3	3	119	possible_button_press	473.1008791999775	0.0	response	n/a	n/a	n/a	n/a	n/a	n/a	n/a	m	m	1	1
3	3	119	fix_cross_after_trial	473.11477320000995	0.949619066614332	fixation cross	n/a	n/a	94	473.114802600001	2.9399991035461426e-05	n/a	n/a	n/a	n/a	n/a	n/a
3	n/a	n/a	fix_cross_iti	473.114802600001	0.0	trigger	n/a	n/a	94	n/a	n/a	n/a	n/a	n/a	n/a	n/a	n/a
3	3	120	image	474.10187179996865	0.7623755667048044	image	dress	dress_03.png	3	474.1019583999878	8.66000191308558e-05	n/a	n/a	n/a	n/a	0	n/a
3	n/a	n/a	image	474.1019583999878	0.0	trigger	n/a	n/a	3	n/a	n/a	n/a	n/a	n/a	n/a	n/a	n/a
3	3	120	word	474.865502199973	0.8986530666627459	word	Tasche_german	n/a	101	474.8655403999728	3.819999983534217e-05	n/a	n/a	n/a	n/a	0	n/a
3	n/a	n/a	word	474.8655403999728	0.0	trigger	n/a	n/a	101	n/a	n/a	n/a	n/a	n/a	n/a	n/a	n/a
3	3	120	feedback	476.36473339999793	0.0	trigger	n/a	n/a	96	n/a	n/a	n/a	n/a	n/a	n/a	n/a	n/a
3	3	120	possible_button_press	476.5666105999844	0.0	response	n/a	n/a	n/a	n/a	n/a	n/a	n/a	m	r	0	0
3	3	120	fix_cross_after_trial	476.5801318999729	0.9666462666975804	fixation cross	n/a	n/a	94	476.58016359998146	3.170000854879618e-05	n/a	n/a	n/a	n/a	n/a	n/a
3	n/a	n/a	fix_cross_iti	476.58016359998146	0.0	trigger	n/a	n/a	94	n/a	n/a	n/a	n/a	n/a	n/a	n/a	n/a
3	3	121	image	477.58291599998483	0.7650809666413352	image	book	book_05.png	7	477.58300859999144	9.26000066101551e-05	n/a	n/a	n/a	n/a	1	n/a
3	n/a	n/a	image	477.58300859999144	0.0	trigger	n/a	n/a	7	n/a	n/a	n/a	n/a	n/a	n/a	n/a	n/a
3	3	121	word	478.3467120999703	0.8887172666766219	word	Buch_german	n/a	107	478.34675649995916	4.439998883754015e-05	n/a	n/a	n/a	n/a	1	n/a
3	n/a	n/a	word	478.34675649995916	0.0	trigger	n/a	n/a	107	n/a	n/a	n/a	n/a	n/a	n/a	n/a	n/a
3	3	121	possible_button_press	479.8484819000005	0.0	response	n/a	n/a	n/a	n/a	n/a	n/a	n/a	m	m	1	1
3	3	121	fix_cross_after_trial	479.8624942000024	1.0333501666357279	fixation cross	n/a	n/a	94	479.8625159999938	2.1799991372972727e-05	n/a	n/a	n/a	n/a	n/a	n/a
3	n/a	n/a	fix_cross_iti	479.8625159999938	0.0	trigger	n/a	n/a	94	n/a	n/a	n/a	n/a	n/a	n/a	n/a	n/a
3	3	122	image	480.914539099962	0.7661141667088032	image	car	car_08.png	5	480.91461629996775	7.720000576227903e-05	n/a	n/a	n/a	n/a	1	n/a
3	n/a	n/a	image	480.91461629996775	0.0	trigger	n/a	n/a	5	n/a	n/a	n/a	n/a	n/a	n/a	n/a	n/a
3	3	122	word	481.67913780000526	0.9487272666340232	word	Auto_german	n/a	105	481.6791824999964	4.469999112188816e-05	n/a	n/a	n/a	n/a	1	n/a
3	n/a	n/a	word	481.6791824999964	0.0	trigger	n/a	n/a	105	n/a	n/a	n/a	n/a	n/a	n/a	n/a	n/a
3	3	122	possible_button_press	483.1684052000055	0.0	response	n/a	n/a	n/a	n/a	n/a	n/a	n/a	m	m	1	1
3	3	122	fix_cross_after_trial	483.17894660000456	0.7987650666657373	fixation cross	n/a	n/a	94	483.17901099997107	6.439996650442481e-05	n/a	n/a	n/a	n/a	n/a	n/a
3	n/a	n/a	fix_cross_iti	483.17901099997107	0.0	trigger	n/a	n/a	94	n/a	n/a	n/a	n/a	n/a	n/a	n/a	n/a
3	3	123	image	483.99877089995425	0.7620973666819282	image	saw	saw_08.png	10	483.9988679999951	9.710004087537527e-05	n/a	n/a	n/a	n/a	0	n/a
3	n/a	n/a	image	483.9988679999951	0.0	trigger	n/a	n/a	10	n/a	n/a	n/a	n/a	n/a	n/a	n/a	n/a
3	3	123	word	484.76086579996627	0.7860915666717574	word	Ball_german	n/a	106	484.7609000999946	3.430002834647894e-05	n/a	n/a	n/a	n/a	0	n/a
3	n/a	n/a	word	484.7609000999946	0.0	trigger	n/a	n/a	106	n/a	n/a	n/a	n/a	n/a	n/a	n/a	n/a
3	3	123	feedback	486.26123499998357	0.0	trigger	n/a	n/a	96	n/a	n/a	n/a	n/a	n/a	n/a	n/a	n/a
3	3	123	possible_button_press	486.4639456999721	0.0	response	n/a	n/a	n/a	n/a	n/a	n/a	n/a	m	r	0	0
3	3	123	fix_cross_after_trial	486.47739179997006	0.800913866671408	fixation cross	n/a	n/a	94	486.47743039997295	3.860000288113952e-05	n/a	n/a	n/a	n/a	n/a	n/a
3	n/a	n/a	fix_cross_iti	486.47743039997295	0.0	trigger	n/a	n/a	94	n/a	n/a	n/a	n/a	n/a	n/a	n/a	n/a
3	3	124	image	487.29769350000424	0.7623605666487947	image	car	car_03.png	5	487.29777780000586	8.430000161752105e-05	n/a	n/a	n/a	n/a	1	n/a
3	n/a	n/a	image	487.29777780000586	0.0	trigger	n/a	n/a	5	n/a	n/a	n/a	n/a	n/a	n/a	n/a	n/a
3	3	124	word	488.0598433999694	0.9500938666790262	word	Auto_german	n/a	105	488.05988489999436	4.150002496317029e-05	n/a	n/a	n/a	n/a	1	n/a
3	n/a	n/a	word	488.05988489999436	0.0	trigger	n/a	n/a	105	n/a	n/a	n/a	n/a	n/a	n/a	n/a	n/a
3	3	124	possible_button_press	489.5692707999842	0.0	response	n/a	n/a	n/a	n/a	n/a	n/a	n/a	m	m	1	1
3	3	124	fix_cross_after_trial	489.5767971999594	1.04964986670916	fixation cross	n/a	n/a	94	489.57683019997785	3.300001844763756e-05	n/a	n/a	n/a	n/a	n/a	n/a
3	n/a	n/a	fix_cross_iti	489.57683019997785	0.0	trigger	n/a	n/a	94	n/a	n/a	n/a	n/a	n/a	n/a	n/a	n/a
3	3	125	image	490.8654404999688	0.7603524666667454	image	ball	ball_07.png	6	490.86557500000345	0.00013450003461912274	n/a	n/a	n/a	n/a	1	n/a
3	n/a	n/a	image	490.86557500000345	0.0	trigger	n/a	n/a	6	n/a	n/a	n/a	n/a	n/a	n/a	n/a	n/a
3	3	125	word	491.625476599962	0.7842329666639216	word	Ball_german	n/a	106	491.6255173999816	4.080001963302493e-05	n/a	n/a	n/a	n/a	1	n/a
3	n/a	n/a	word	491.6255173999816	0.0	trigger	n/a	n/a	106	n/a	n/a	n/a	n/a	n/a	n/a	n/a	n/a
3	3	125	possible_button_press	493.129350800009	0.0	response	n/a	n/a	n/a	n/a	n/a	n/a	n/a	m	m	1	1
3	3	125	fix_cross_after_trial	493.1416921999771	1.099194866667176	fixation cross	n/a	n/a	94	493.1417230999796	3.090000245720148e-05	n/a	n/a	n/a	n/a	n/a	n/a
3	n/a	n/a	fix_cross_iti	493.1417230999796	0.0	trigger	n/a	n/a	94	n/a	n/a	n/a	n/a	n/a	n/a	n/a	n/a
3	3	126	image	494.27941129996907	0.7623192666835621	image	door	door_03.png	4	494.2794867999619	7.54999928176403e-05	n/a	n/a	n/a	n/a	1	n/a
3	n/a	n/a	image	494.2794867999619	0.0	trigger	n/a	n/a	4	n/a	n/a	n/a	n/a	n/a	n/a	n/a	n/a
3	3	126	word	495.0417130999849	0.8325709666862622	word	Tür_german	n/a	104	495.0417543000076	4.120002267882228e-05	n/a	n/a	n/a	n/a	1	n/a
3	n/a	n/a	word	495.0417543000076	0.0	trigger	n/a	n/a	104	n/a	n/a	n/a	n/a	n/a	n/a	n/a	n/a
3	3	126	possible_button_press	496.5427247000043	0.0	response	n/a	n/a	n/a	n/a	n/a	n/a	n/a	m	m	1	1
3	3	126	fix_cross_after_trial	496.5569624999771	1.0514116666784048	fixation cross	n/a	n/a	94	496.5569883999997	2.5900022592395544e-05	n/a	n/a	n/a	n/a	n/a	n/a
3	n/a	n/a	fix_cross_iti	496.5569883999997	0.0	trigger	n/a	n/a	94	n/a	n/a	n/a	n/a	n/a	n/a	n/a	n/a
3	3	127	image	497.62655139999697	0.7655077666315719	image	rose	rose_01.png	9	497.62663779995637	8.639995940029621e-05	n/a	n/a	n/a	n/a	1	n/a
3	n/a	n/a	image	497.62663779995637	0.0	trigger	n/a	n/a	9	n/a	n/a	n/a	n/a	n/a	n/a	n/a	n/a
3	3	127	word	498.39185019995784	0.914268666707585	word	Rose_german	n/a	109	498.3918960999581	4.5900000259280205e-05	n/a	n/a	n/a	n/a	1	n/a
3	n/a	n/a	word	498.3918960999581	0.0	trigger	n/a	n/a	109	n/a	n/a	n/a	n/a	n/a	n/a	n/a	n/a
3	3	127	possible_button_press	499.88301109999884	0.0	response	n/a	n/a	n/a	n/a	n/a	n/a	n/a	m	m	1	1
3	3	127	fix_cross_after_trial	499.8915783999837	0.9180033666818872	fixation cross	n/a	n/a	94	499.8916201000102	4.1700026486068964e-05	n/a	n/a	n/a	n/a	n/a	n/a
3	n/a	n/a	fix_cross_iti	499.8916201000102	0.0	trigger	n/a	n/a	94	n/a	n/a	n/a	n/a	n/a	n/a	n/a	n/a
3	3	128	image	500.878565299965	0.7601927666730717	image	chair	chair_08.png	8	500.8787261999678	0.00016090000281110406	n/a	n/a	n/a	n/a	1	n/a
3	n/a	n/a	image	500.8787261999678	0.0	trigger	n/a	n/a	8	n/a	n/a	n/a	n/a	n/a	n/a	n/a	n/a
3	3	128	word	501.63884689996485	0.9168873666824311	word	Stuhl_german	n/a	108	501.63887789996807	3.100000321865082e-05	n/a	n/a	n/a	n/a	1	n/a
3	n/a	n/a	word	501.63887789996807	0.0	trigger	n/a	n/a	108	n/a	n/a	n/a	n/a	n/a	n/a	n/a	n/a
3	3	128	possible_button_press	503.1268469999777	0.0	response	n/a	n/a	n/a	n/a	n/a	n/a	n/a	m	m	1	1
3	3	128	fix_cross_after_trial	503.1385497999727	1.1824423666732855	fixation cross	n/a	n/a	94	503.13858889997937	3.91000066883862e-05	n/a	n/a	n/a	n/a	n/a	n/a
3	n/a	n/a	fix_cross_iti	503.13858889997937	0.0	trigger	n/a	n/a	94	n/a	n/a	n/a	n/a	n/a	n/a	n/a	n/a
3	3	129	image	504.33631230000174	0.7511115666750356	image	saw	saw_10.png	10	504.3363769999705	6.469996878877282e-05	n/a	n/a	n/a	n/a	1	n/a
3	n/a	n/a	image	504.3363769999705	0.0	trigger	n/a	n/a	10	n/a	n/a	n/a	n/a	n/a	n/a	n/a	n/a
3	3	129	word	505.0875272999983	0.9500803666344382	word	Säge_german	n/a	110	505.08755100000417	2.370000584051013e-05	n/a	n/a	n/a	n/a	1	n/a
3	n/a	n/a	word	505.08755100000417	0.0	trigger	n/a	n/a	110	n/a	n/a	n/a	n/a	n/a	n/a	n/a	n/a
3	3	129	possible_button_press	506.58927469997434	0.0	response	n/a	n/a	n/a	n/a	n/a	n/a	n/a	m	m	1	1
3	3	129	fix_cross_after_trial	506.6035520999576	0.8496822667113975	fixation cross	n/a	n/a	94	506.60356929997215	1.7200014553964138e-05	n/a	n/a	n/a	n/a	n/a	n/a
3	n/a	n/a	fix_cross_iti	506.60356929997215	0.0	trigger	n/a	n/a	94	n/a	n/a	n/a	n/a	n/a	n/a	n/a	n/a
3	3	130	image	507.4712509000092	0.7491626666198954	image	ball	ball_10.png	6	507.4713234999799	7.259997073560953e-05	n/a	n/a	n/a	n/a	1	n/a
3	n/a	n/a	image	507.4713234999799	0.0	trigger	n/a	n/a	6	n/a	n/a	n/a	n/a	n/a	n/a	n/a	n/a
3	3	130	word	508.22016460000305	0.766974366623117	word	Ball_german	n/a	106	508.22020699997665	4.239997360855341e-05	n/a	n/a	n/a	n/a	1	n/a
3	n/a	n/a	word	508.22020699997665	0.0	trigger	n/a	n/a	106	n/a	n/a	n/a	n/a	n/a	n/a	n/a	n/a
3	3	130	possible_button_press	509.7070444999845	0.0	response	n/a	n/a	n/a	n/a	n/a	n/a	n/a	m	m	1	1
3	3	130	fix_cross_after_trial	509.720211799955	0.89900746668377	fixation cross	n/a	n/a	94	509.72026189998724	5.010003224015236e-05	n/a	n/a	n/a	n/a	n/a	n/a
3	n/a	n/a	fix_cross_iti	509.72026189998724	0.0	trigger	n/a	n/a	94	n/a	n/a	n/a	n/a	n/a	n/a	n/a	n/a
3	3	131	image	510.6380552999908	0.7641890666602649	image	rose	rose_07.png	9	510.6381262000068	7.090001599863172e-05	n/a	n/a	n/a	n/a	1	n/a
3	n/a	n/a	image	510.6381262000068	0.0	trigger	n/a	n/a	9	n/a	n/a	n/a	n/a	n/a	n/a	n/a	n/a
3	3	131	word	511.40214019996347	0.9165061666901693	word	Rose_german	n/a	109	511.4021649999777	2.4800014216452837e-05	n/a	n/a	n/a	n/a	1	n/a
3	n/a	n/a	word	511.4021649999777	0.0	trigger	n/a	n/a	109	n/a	n/a	n/a	n/a	n/a	n/a	n/a	n/a
3	3	131	possible_button_press	512.9041450999794	0.0	response	n/a	n/a	n/a	n/a	n/a	n/a	n/a	m	m	1	1
3	3	131	fix_cross_after_trial	512.9183036999893	1.0498352666656956	fixation cross	n/a	n/a	94	512.9183202999993	1.6600009985268116e-05	n/a	n/a	n/a	n/a	n/a	n/a
3	n/a	n/a	fix_cross_iti	512.9183202999993	0.0	trigger	n/a	n/a	94	n/a	n/a	n/a	n/a	n/a	n/a	n/a	n/a
3	3	132	image	513.9888185999589	0.7625180666839242	image	fish	fish_03.png	2	513.9889033999643	8.480000542476773e-05	n/a	n/a	n/a	n/a	1	n/a
3	n/a	n/a	image	513.9889033999643	0.0	trigger	n/a	n/a	2	n/a	n/a	n/a	n/a	n/a	n/a	n/a	n/a
3	3	132	word	514.7513676999952	0.8828620666793086	word	Fisch_german	n/a	102	514.7514008999569	3.319996176287532e-05	n/a	n/a	n/a	n/a	1	n/a
3	n/a	n/a	word	514.7514008999569	0.0	trigger	n/a	n/a	102	n/a	n/a	n/a	n/a	n/a	n/a	n/a	n/a
3	3	132	possible_button_press	516.2526642999728	0.0	response	n/a	n/a	n/a	n/a	n/a	n/a	n/a	m	m	1	1
3	3	132	fix_cross_after_trial	516.2670918999938	0.7835957666432023	fixation cross	n/a	n/a	94	516.2671087000053	1.680001150816679e-05	n/a	n/a	n/a	n/a	n/a	n/a
3	n/a	n/a	fix_cross_iti	516.2671087000053	0.0	trigger	n/a	n/a	94	n/a	n/a	n/a	n/a	n/a	n/a	n/a	n/a
3	3	133	image	517.0698314000037	0.7636931666677356	image	bag	bag_07.png	1	517.0699205999845	8.919998072087765e-05	n/a	n/a	n/a	n/a	0	n/a
3	n/a	n/a	image	517.0699205999845	0.0	trigger	n/a	n/a	1	n/a	n/a	n/a	n/a	n/a	n/a	n/a	n/a
3	3	133	word	517.8336958999862	0.9160560666389301	word	Rose_german	n/a	109	517.8337376999552	4.179996903985739e-05	n/a	n/a	n/a	n/a	0	n/a
3	n/a	n/a	word	517.8337376999552	0.0	trigger	n/a	n/a	109	n/a	n/a	n/a	n/a	n/a	n/a	n/a	n/a
3	3	133	feedback	519.349770699977	0.0	trigger	n/a	n/a	96	n/a	n/a	n/a	n/a	n/a	n/a	n/a	n/a
3	3	133	possible_button_press	519.5359125999967	0.0	response	n/a	n/a	n/a	n/a	n/a	n/a	n/a	m	r	0	0
3	3	133	fix_cross_after_trial	519.5496580000035	1.249825066657877	fixation cross	n/a	n/a	94	519.5496887000045	3.070000093430281e-05	n/a	n/a	n/a	n/a	n/a	n/a
3	n/a	n/a	fix_cross_iti	519.5496887000045	0.0	trigger	n/a	n/a	94	n/a	n/a	n/a	n/a	n/a	n/a	n/a	n/a
3	3	134	image	520.8193189000012	0.7630212666738316	image	saw	saw_05.png	10	520.8194021999952	8.329999400302768e-05	n/a	n/a	n/a	n/a	1	n/a
3	n/a	n/a	image	520.8194021999952	0.0	trigger	n/a	n/a	10	n/a	n/a	n/a	n/a	n/a	n/a	n/a	n/a
3	3	134	word	521.5822787999641	0.9495139666871637	word	Säge_german	n/a	110	521.5823058999958	2.7100031729787588e-05	n/a	n/a	n/a	n/a	1	n/a
3	n/a	n/a	word	521.5823058999958	0.0	trigger	n/a	n/a	110	n/a	n/a	n/a	n/a	n/a	n/a	n/a	n/a
3	3	134	possible_button_press	523.0683723999537	0.0	response	n/a	n/a	n/a	n/a	n/a	n/a	n/a	m	m	1	1
3	3	134	fix_cross_after_trial	523.0822827999946	0.9659221666554458	fixation cross	n/a	n/a	94	523.0823222000035	3.940000897273421e-05	n/a	n/a	n/a	n/a	n/a	n/a
3	n/a	n/a	fix_cross_iti	523.0823222000035	0.0	trigger	n/a	n/a	94	n/a	n/a	n/a	n/a	n/a	n/a	n/a	n/a
3	3	135	image	524.0666134000057	0.7647309666538149	image	fish	fish_10.png	2	524.0666976000066	8.420000085607171e-05	n/a	n/a	n/a	n/a	1	n/a
3	n/a	n/a	image	524.0666976000066	0.0	trigger	n/a	n/a	2	n/a	n/a	n/a	n/a	n/a	n/a	n/a	n/a
3	3	135	word	524.831231899967	0.8662391667060092	word	Fisch_german	n/a	102	524.831257599988	2.570002106949687e-05	n/a	n/a	n/a	n/a	1	n/a
3	n/a	n/a	word	524.831257599988	0.0	trigger	n/a	n/a	102	n/a	n/a	n/a	n/a	n/a	n/a	n/a	n/a
3	3	135	possible_button_press	526.333035699965	0.0	response	n/a	n/a	n/a	n/a	n/a	n/a	n/a	m	m	1	1
3	3	135	fix_cross_after_trial	526.3471648999839	0.7836696666820444	fixation cross	n/a	n/a	94	526.3471823	1.7400016076862812e-05	n/a	n/a	n/a	n/a	n/a	n/a
3	n/a	n/a	fix_cross_iti	526.3471823	0.0	trigger	n/a	n/a	94	n/a	n/a	n/a	n/a	n/a	n/a	n/a	n/a
3	3	136	image	527.1511119999923	0.7627973666569687	image	door	door_09.png	4	527.1511821000022	7.010000990703702e-05	n/a	n/a	n/a	n/a	1	n/a
3	n/a	n/a	image	527.1511821000022	0.0	trigger	n/a	n/a	4	n/a	n/a	n/a	n/a	n/a	n/a	n/a	n/a
3	3	136	word	527.913897499966	0.8161441666927658	word	Tür_german	n/a	104	527.9139364999719	3.9000005926936865e-05	n/a	n/a	n/a	n/a	1	n/a
3	n/a	n/a	word	527.9139364999719	0.0	trigger	n/a	n/a	104	n/a	n/a	n/a	n/a	n/a	n/a	n/a	n/a
3	3	136	possible_button_press	529.4151113999542	0.0	response	n/a	n/a	n/a	n/a	n/a	n/a	n/a	m	m	1	1
3	3	136	fix_cross_after_trial	529.4295186999952	0.9001958666524388	fixation cross	n/a	n/a	94	529.4295387999737	2.0099978428333998e-05	n/a	n/a	n/a	n/a	n/a	n/a
3	n/a	n/a	fix_cross_iti	529.4295387999737	0.0	trigger	n/a	n/a	94	n/a	n/a	n/a	n/a	n/a	n/a	n/a	n/a
3	3	137	image	530.349912799953	0.7626645666935019	image	car	car_09.png	5	530.3500034000026	9.060004958882928e-05	n/a	n/a	n/a	n/a	1	n/a
3	n/a	n/a	image	530.3500034000026	0.0	trigger	n/a	n/a	5	n/a	n/a	n/a	n/a	n/a	n/a	n/a	n/a
3	3	137	word	531.1127260999638	0.9491772666845009	word	Auto_german	n/a	105	531.1127642999636	3.819999983534217e-05	n/a	n/a	n/a	n/a	1	n/a
3	n/a	n/a	word	531.1127642999636	0.0	trigger	n/a	n/a	105	n/a	n/a	n/a	n/a	n/a	n/a	n/a	n/a
3	3	137	possible_button_press	532.5983270999859	0.0	response	n/a	n/a	n/a	n/a	n/a	n/a	n/a	m	m	1	1
3	3	137	fix_cross_after_trial	532.6125850999961	1.1160435666718058	fixation cross	n/a	n/a	94	532.6126210999792	3.5999983083456755e-05	n/a	n/a	n/a	n/a	n/a	n/a
3	n/a	n/a	fix_cross_iti	532.6126210999792	0.0	trigger	n/a	n/a	94	n/a	n/a	n/a	n/a	n/a	n/a	n/a	n/a
3	3	138	image	533.7493626999785	0.7622415666739926	image	dress	dress_04.png	3	533.7494636999909	0.0001010000123642385	n/a	n/a	n/a	n/a	1	n/a
3	n/a	n/a	image	533.7494636999909	0.0	trigger	n/a	n/a	3	n/a	n/a	n/a	n/a	n/a	n/a	n/a	n/a
3	3	138	word	534.5114685999579	0.95028206671509	word	Kleid_german	n/a	103	534.5115040999954	3.550003748387098e-05	n/a	n/a	n/a	n/a	1	n/a
3	n/a	n/a	word	534.5115040999954	0.0	trigger	n/a	n/a	103	n/a	n/a	n/a	n/a	n/a	n/a	n/a	n/a
3	3	138	possible_button_press	536.0130690999795	0.0	response	n/a	n/a	n/a	n/a	n/a	n/a	n/a	m	m	1	1
3	3	138	fix_cross_after_trial	536.0277202999569	1.033009366718261	fixation cross	n/a	n/a	94	536.0277437999612	2.3500004317611456e-05	n/a	n/a	n/a	n/a	n/a	n/a
3	n/a	n/a	fix_cross_iti	536.0277437999612	0.0	trigger	n/a	n/a	94	n/a	n/a	n/a	n/a	n/a	n/a	n/a	n/a
3	3	139	image	537.0811479999684	0.7628169666897975	image	chair	chair_04.png	8	537.0812193999882	7.14000198058784e-05	n/a	n/a	n/a	n/a	1	n/a
3	n/a	n/a	image	537.0812193999882	0.0	trigger	n/a	n/a	8	n/a	n/a	n/a	n/a	n/a	n/a	n/a	n/a
3	3	139	word	537.843877199979	0.9172596666651316	word	Stuhl_german	n/a	108	537.8439018999925	2.47000134550035e-05	n/a	n/a	n/a	n/a	1	n/a
3	n/a	n/a	word	537.8439018999925	0.0	trigger	n/a	n/a	108	n/a	n/a	n/a	n/a	n/a	n/a	n/a	n/a
3	3	139	possible_button_press	539.3455420999671	0.0	response	n/a	n/a	n/a	n/a	n/a	n/a	n/a	m	m	1	1
3	3	139	fix_cross_after_trial	539.3600533999852	0.9992894666540906	fixation cross	n/a	n/a	94	539.3600793000078	2.5900022592395544e-05	n/a	n/a	n/a	n/a	n/a	n/a
3	n/a	n/a	fix_cross_iti	539.3600793000078	0.0	trigger	n/a	n/a	94	n/a	n/a	n/a	n/a	n/a	n/a	n/a	n/a
3	3	140	image	540.6271117999568	0.7494351667157844	image	bag	bag_02.png	1	540.6272173000034	0.00010550004662945867	n/a	n/a	n/a	n/a	1	n/a
3	n/a	n/a	image	540.6272173000034	0.0	trigger	n/a	n/a	1	n/a	n/a	n/a	n/a	n/a	n/a	n/a	n/a
3	3	140	word	541.3764737999882	0.8827418666371614	word	Tasche_german	n/a	101	541.3765114999842	3.7699996028095484e-05	n/a	n/a	n/a	n/a	1	n/a
3	n/a	n/a	word	541.3765114999842	0.0	trigger	n/a	n/a	101	n/a	n/a	n/a	n/a	n/a	n/a	n/a	n/a
3	3	140	possible_button_press	542.8785132999765	0.0	response	n/a	n/a	n/a	n/a	n/a	n/a	n/a	m	m	1	1
3	3	140	fix_cross_after_trial	542.89233469998	0.9665043666648216	fixation cross	n/a	n/a	94	542.8923564999714	2.1799991372972727e-05	n/a	n/a	n/a	n/a	n/a	n/a
3	n/a	n/a	fix_cross_iti	542.8923564999714	0.0	trigger	n/a	n/a	94	n/a	n/a	n/a	n/a	n/a	n/a	n/a	n/a
3	3	141	image	543.8786976999836	0.763253566638241	image	door	door_04.png	4	543.8787753999932	7.770000956952572e-05	n/a	n/a	n/a	n/a	1	n/a
3	n/a	n/a	image	543.8787753999932	0.0	trigger	n/a	n/a	4	n/a	n/a	n/a	n/a	n/a	n/a	n/a	n/a
3	3	141	word	544.6416878000018	0.8332300666409083	word	Tür_german	n/a	104	544.6417124999571	2.4699955247342587e-05	n/a	n/a	n/a	n/a	1	n/a
3	n/a	n/a	word	544.6417124999571	0.0	trigger	n/a	n/a	104	n/a	n/a	n/a	n/a	n/a	n/a	n/a	n/a
3	3	141	possible_button_press	546.1282587999594	0.0	response	n/a	n/a	n/a	n/a	n/a	n/a	n/a	m	m	1	1
3	3	141	fix_cross_after_trial	546.141574899957	0.7827606666871816	fixation cross	n/a	n/a	94	546.1416151999729	4.0300015825778246e-05	n/a	n/a	n/a	n/a	n/a	n/a
3	n/a	n/a	fix_cross_iti	546.1416151999729	0.0	trigger	n/a	n/a	94	n/a	n/a	n/a	n/a	n/a	n/a	n/a	n/a
3	3	142	image	546.9437908999971	0.7641732666563712	image	book	book_06.png	7	546.9438611000078	7.020001066848636e-05	n/a	n/a	n/a	n/a	1	n/a
3	n/a	n/a	image	546.9438611000078	0.0	trigger	n/a	n/a	7	n/a	n/a	n/a	n/a	n/a	n/a	n/a	n/a
3	3	142	word	547.7077029999928	0.8826687666626185	word	Buch_german	n/a	107	547.7077424000017	3.940000897273421e-05	n/a	n/a	n/a	n/a	1	n/a
3	n/a	n/a	word	547.7077424000017	0.0	trigger	n/a	n/a	107	n/a	n/a	n/a	n/a	n/a	n/a	n/a	n/a
3	3	142	possible_button_press	549.1951230999548	0.0	response	n/a	n/a	n/a	n/a	n/a	n/a	n/a	m	m	1	1
3	3	142	fix_cross_after_trial	549.2071743999841	1.0994792666790545	fixation cross	n/a	n/a	94	549.2072101999656	3.579998156055808e-05	n/a	n/a	n/a	n/a	n/a	n/a
3	n/a	n/a	fix_cross_iti	549.2072101999656	0.0	trigger	n/a	n/a	94	n/a	n/a	n/a	n/a	n/a	n/a	n/a	n/a
3	3	143	image	550.3267059999635	0.76335696666888	image	chair	chair_10.png	8	550.3267758999718	6.990000838413835e-05	n/a	n/a	n/a	n/a	1	n/a
3	n/a	n/a	image	550.3267758999718	0.0	trigger	n/a	n/a	8	n/a	n/a	n/a	n/a	n/a	n/a	n/a	n/a
3	3	143	word	551.0899565999862	0.9161015666361436	word	Stuhl_german	n/a	108	551.0900038999971	4.730001091957092e-05	n/a	n/a	n/a	n/a	1	n/a
3	n/a	n/a	word	551.0900038999971	0.0	trigger	n/a	n/a	108	n/a	n/a	n/a	n/a	n/a	n/a	n/a	n/a
3	3	143	possible_button_press	552.5919849000056	0.0	response	n/a	n/a	n/a	n/a	n/a	n/a	n/a	m	m	1	1
3	3	143	fix_cross_after_trial	552.6060367999598	1.0493971667058304	fixation cross	n/a	n/a	94	552.6060620999779	2.5300018023699522e-05	n/a	n/a	n/a	n/a	n/a	n/a
3	n/a	n/a	fix_cross_iti	552.6060620999779	0.0	trigger	n/a	n/a	94	n/a	n/a	n/a	n/a	n/a	n/a	n/a	n/a
3	3	144	image	553.6741399999592	0.7643901666781403	image	fish	fish_06.png	2	553.6742035999778	6.360001862049103e-05	n/a	n/a	n/a	n/a	0	n/a
3	n/a	n/a	image	553.6742035999778	0.0	trigger	n/a	n/a	2	n/a	n/a	n/a	n/a	n/a	n/a	n/a	n/a
3	3	144	word	554.4394220999675	0.8656431667079687	word	Buch_german	n/a	107	554.4394646000001	4.250003257766366e-05	n/a	n/a	n/a	n/a	0	n/a
3	n/a	n/a	word	554.4394646000001	0.0	trigger	n/a	n/a	107	n/a	n/a	n/a	n/a	n/a	n/a	n/a	n/a
3	3	144	feedback	555.9384571999544	0.0	trigger	n/a	n/a	96	n/a	n/a	n/a	n/a	n/a	n/a	n/a	n/a
3	3	144	possible_button_press	556.14083509997	0.0	response	n/a	n/a	n/a	n/a	n/a	n/a	n/a	m	r	0	0
3	3	144	fix_cross_after_trial	556.1546796999755	0.9332301666765943	fixation cross	n/a	n/a	94	556.154708499962	2.8799986466765404e-05	n/a	n/a	n/a	n/a	n/a	n/a
3	n/a	n/a	fix_cross_iti	556.154708499962	0.0	trigger	n/a	n/a	94	n/a	n/a	n/a	n/a	n/a	n/a	n/a	n/a
3	3	145	image	557.1059670000104	0.7647191666221715	image	bag	bag_01.png	1	557.106057500001	9.049999061971903e-05	n/a	n/a	n/a	n/a	1	n/a
3	n/a	n/a	image	557.106057500001	0.0	trigger	n/a	n/a	1	n/a	n/a	n/a	n/a	n/a	n/a	n/a	n/a
3	3	145	word	557.8709611999802	0.8992658666722946	word	Tasche_german	n/a	101	557.8709915999789	3.0399998649954796e-05	n/a	n/a	n/a	n/a	1	n/a
3	n/a	n/a	word	557.8709915999789	0.0	trigger	n/a	n/a	101	n/a	n/a	n/a	n/a	n/a	n/a	n/a	n/a
3	3	145	possible_button_press	559.3576347999624	0.0	response	n/a	n/a	n/a	n/a	n/a	n/a	n/a	m	m	1	1
3	3	145	fix_cross_after_trial	559.3709967999603	0.8496267666962467	fixation cross	n/a	n/a	94	559.371036699973	3.99000127799809e-05	n/a	n/a	n/a	n/a	n/a	n/a
3	n/a	n/a	fix_cross_iti	559.371036699973	0.0	trigger	n/a	n/a	94	n/a	n/a	n/a	n/a	n/a	n/a	n/a	n/a
3	3	146	image	560.2396867999923	0.763432766663982	image	book	book_03.png	7	560.2397715999978	8.480000542476773e-05	n/a	n/a	n/a	n/a	1	n/a
3	n/a	n/a	image	560.2397715999978	0.0	trigger	n/a	n/a	7	n/a	n/a	n/a	n/a	n/a	n/a	n/a	n/a
3	3	146	word	561.0031899999594	0.8830138666710354	word	Buch_german	n/a	107	561.0032236999832	3.370002377778292e-05	n/a	n/a	n/a	n/a	1	n/a
3	n/a	n/a	word	561.0032236999832	0.0	trigger	n/a	n/a	107	n/a	n/a	n/a	n/a	n/a	n/a	n/a	n/a
3	3	146	possible_button_press	562.4890431999811	0.0	response	n/a	n/a	n/a	n/a	n/a	n/a	n/a	m	m	1	1
3	3	146	fix_cross_after_trial	562.5028351999936	1.2492437666553542	fixation cross	n/a	n/a	94	562.5028613999602	2.619996666908264e-05	n/a	n/a	n/a	n/a	n/a	n/a
3	n/a	n/a	fix_cross_iti	562.5028613999602	0.0	trigger	n/a	n/a	94	n/a	n/a	n/a	n/a	n/a	n/a	n/a	n/a
3	3	147	image	563.8096293999697	0.7594024666507266	image	ball	ball_02.png	6	563.8097072999808	7.790001109242439e-05	n/a	n/a	n/a	n/a	1	n/a
3	n/a	n/a	image	563.8097072999808	0.0	trigger	n/a	n/a	6	n/a	n/a	n/a	n/a	n/a	n/a	n/a	n/a
3	3	147	word	564.5690619999659	0.7822535666675776	word	Ball_german	n/a	106	564.5690969999996	3.50000336766243e-05	n/a	n/a	n/a	n/a	1	n/a
3	n/a	n/a	word	564.5690969999996	0.0	trigger	n/a	n/a	106	n/a	n/a	n/a	n/a	n/a	n/a	n/a	n/a
3	3	147	possible_button_press	566.0703719999874	0.0	response	n/a	n/a	n/a	n/a	n/a	n/a	n/a	m	m	1	1
3	3	147	fix_cross_after_trial	566.0847845999524	0.9996179667107299	fixation cross	n/a	n/a	94	566.0848041999852	1.9600032828748226e-05	n/a	n/a	n/a	n/a	n/a	n/a
3	n/a	n/a	fix_cross_iti	566.0848041999852	0.0	trigger	n/a	n/a	94	n/a	n/a	n/a	n/a	n/a	n/a	n/a	n/a
3	3	148	image	567.1781970000011	0.756435866646143	image	fish	fish_02.png	2	567.1782735000015	7.650000043213367e-05	n/a	n/a	n/a	n/a	1	n/a
3	n/a	n/a	image	567.1782735000015	0.0	trigger	n/a	n/a	2	n/a	n/a	n/a	n/a	n/a	n/a	n/a	n/a
3	3	148	word	567.9345461999765	0.8663362666886769	word	Fisch_german	n/a	102	567.9345801000018	3.390002530068159e-05	n/a	n/a	n/a	n/a	1	n/a
3	n/a	n/a	word	567.9345801000018	0.0	trigger	n/a	n/a	102	n/a	n/a	n/a	n/a	n/a	n/a	n/a	n/a
3	3	148	possible_button_press	569.4210321999853	0.0	response	n/a	n/a	n/a	n/a	n/a	n/a	n/a	m	m	1	1
3	3	148	fix_cross_after_trial	569.4348293999792	1.0156681666887835	fixation cross	n/a	n/a	94	569.43486509996	3.5699980799108744e-05	n/a	n/a	n/a	n/a	n/a	n/a
3	n/a	n/a	fix_cross_iti	569.43486509996	0.0	trigger	n/a	n/a	94	n/a	n/a	n/a	n/a	n/a	n/a	n/a	n/a
3	3	149	image	570.4695996000082	0.7638539666115776	image	rose	rose_10.png	9	570.4696904000011	9.079999290406704e-05	n/a	n/a	n/a	n/a	1	n/a
3	n/a	n/a	image	570.4696904000011	0.0	trigger	n/a	n/a	9	n/a	n/a	n/a	n/a	n/a	n/a	n/a	n/a
3	3	149	word	571.2334037999972	0.9162778666398026	word	Rose_german	n/a	109	571.2334329999867	2.9199989512562752e-05	n/a	n/a	n/a	n/a	1	n/a
3	n/a	n/a	word	571.2334329999867	0.0	trigger	n/a	n/a	109	n/a	n/a	n/a	n/a	n/a	n/a	n/a	n/a
3	3	149	possible_button_press	572.7349303999799	0.0	response	n/a	n/a	n/a	n/a	n/a	n/a	n/a	m	m	1	1
3	3	149	fix_cross_after_trial	572.749735099962	0.8493999666573018	fixation cross	n/a	n/a	94	572.7497646999545	2.95999925583601e-05	n/a	n/a	n/a	n/a	n/a	n/a
3	n/a	n/a	fix_cross_iti	572.7497646999545	0.0	trigger	n/a	n/a	94	n/a	n/a	n/a	n/a	n/a	n/a	n/a	n/a
3	3	150	image	573.6169703999767	0.7655033666562758	image	car	car_05.png	5	573.6170429000049	7.250002818182111e-05	n/a	n/a	n/a	n/a	1	n/a
3	n/a	n/a	image	573.6170429000049	0.0	trigger	n/a	n/a	5	n/a	n/a	n/a	n/a	n/a	n/a	n/a	n/a
3	3	150	word	574.382368999999	0.950084566666419	word	Auto_german	n/a	105	574.3823967999779	2.7799978852272034e-05	n/a	n/a	n/a	n/a	1	n/a
3	n/a	n/a	word	574.3823967999779	0.0	trigger	n/a	n/a	105	n/a	n/a	n/a	n/a	n/a	n/a	n/a	n/a
3	3	150	possible_button_press	575.8843404999934	0.0	response	n/a	n/a	n/a	n/a	n/a	n/a	n/a	m	m	1	1
3	3	150	fix_cross_after_trial	575.898689900001	1.0827010666291699	fixation cross	n/a	n/a	94	575.8987130000023	2.3100001271814108e-05	n/a	n/a	n/a	n/a	n/a	n/a
3	n/a	n/a	fix_cross_iti	575.8987130000023	0.0	trigger	n/a	n/a	94	n/a	n/a	n/a	n/a	n/a	n/a	n/a	n/a
3	3	150	break_instruction	576.9812798000057	15.012707866615756	break	n/a	n/a	81	576.9813145999797	3.479997394606471e-05	n/a	n/a	n/a	n/a	n/a	n/a
3	n/a	n/a	break_start	576.9813145999797	0.0	trigger	n/a	n/a	81	n/a	n/a	n/a	n/a	n/a	n/a	n/a	n/a
3	n/a	n/a	break_end	3162.969809299975	0.0	trigger	n/a	n/a	82	n/a	n/a	n/a	n/a	n/a	n/a	n/a	n/a
3	4	151	image	3163.0016344999894	0.7651510666514696	image	saw	saw_06.png	10	3163.001700899971	6.639998173341155e-05	n/a	n/a	n/a	n/a	1	n/a
3	n/a	n/a	image	3163.001700899971	0.0	trigger	n/a	n/a	10	n/a	n/a	n/a	n/a	n/a	n/a	n/a	n/a
3	4	151	word	3163.767001500004	0.9485097666661204	word	Säge_german	n/a	110	3163.7670410999563	3.9599952287971973e-05	n/a	n/a	n/a	n/a	1	n/a
3	n/a	n/a	word	3163.7670410999563	0.0	trigger	n/a	n/a	110	n/a	n/a	n/a	n/a	n/a	n/a	n/a	n/a
3	4	151	possible_button_press	3165.269260399975	0.0	response	n/a	n/a	n/a	n/a	n/a	n/a	n/a	m	m	1	1
3	4	151	fix_cross_after_trial	3165.283368000004	0.8660937666468271	fixation cross	n/a	n/a	94	3165.2833967999904	2.8799986466765404e-05	n/a	n/a	n/a	n/a	n/a	n/a
3	n/a	n/a	fix_cross_iti	3165.2833967999904	0.0	trigger	n/a	n/a	94	n/a	n/a	n/a	n/a	n/a	n/a	n/a	n/a
3	4	152	image	3166.1658373999526	0.7502196666941927	image	car	car_01.png	5	3166.1659162999713	7.890001870691776e-05	n/a	n/a	n/a	n/a	1	n/a
3	n/a	n/a	image	3166.1659162999713	0.0	trigger	n/a	n/a	5	n/a	n/a	n/a	n/a	n/a	n/a	n/a	n/a
3	4	152	word	3166.9157264999812	0.950174366651936	word	Auto_german	n/a	105	3166.915760200005	3.370002377778292e-05	n/a	n/a	n/a	n/a	1	n/a
3	n/a	n/a	word	3166.915760200005	0.0	trigger	n/a	n/a	105	n/a	n/a	n/a	n/a	n/a	n/a	n/a	n/a
3	4	152	possible_button_press	3168.4170009999652	0.0	response	n/a	n/a	n/a	n/a	n/a	n/a	n/a	m	m	1	1
3	4	152	fix_cross_after_trial	3168.431201600004	1.085092966623506	fixation cross	n/a	n/a	94	3168.4312291999813	2.759997732937336e-05	n/a	n/a	n/a	n/a	n/a	n/a
3	n/a	n/a	fix_cross_iti	3168.4312291999813	0.0	trigger	n/a	n/a	94	n/a	n/a	n/a	n/a	n/a	n/a	n/a	n/a
3	4	153	image	3169.5366421999643	0.7613798666902767	image	door	door_01.png	4	3169.536734299967	9.210000280290842e-05	n/a	n/a	n/a	n/a	1	n/a
3	n/a	n/a	image	3169.536734299967	0.0	trigger	n/a	n/a	4	n/a	n/a	n/a	n/a	n/a	n/a	n/a	n/a
3	4	153	word	3170.2975154999876	0.8331462666433254	word	Tür_german	n/a	104	3170.2975537999882	3.8300000596791506e-05	n/a	n/a	n/a	n/a	1	n/a
3	n/a	n/a	word	3170.2975537999882	0.0	trigger	n/a	n/a	104	n/a	n/a	n/a	n/a	n/a	n/a	n/a	n/a
3	4	153	possible_button_press	3171.800088399963	0.0	response	n/a	n/a	n/a	n/a	n/a	n/a	n/a	m	m	1	1
3	4	153	fix_cross_after_trial	3171.8134111999534	1.23482146667493	fixation cross	n/a	n/a	94	3171.8134332000045	2.2000051103532314e-05	n/a	n/a	n/a	n/a	n/a	n/a
3	n/a	n/a	fix_cross_iti	3171.8134332000045	0.0	trigger	n/a	n/a	94	n/a	n/a	n/a	n/a	n/a	n/a	n/a	n/a
3	4	154	image	3173.0923417999875	0.7549307666527056	image	rose	rose_08.png	9	3173.092468799965	0.00012699997751042247	n/a	n/a	n/a	n/a	1	n/a
3	n/a	n/a	image	3173.092468799965	0.0	trigger	n/a	n/a	9	n/a	n/a	n/a	n/a	n/a	n/a	n/a	n/a
3	4	154	word	3173.846282399958	0.9327752667054483	word	Rose_german	n/a	109	3173.8463122000103	2.9800052288919687e-05	n/a	n/a	n/a	n/a	1	n/a
3	n/a	n/a	word	3173.8463122000103	0.0	trigger	n/a	n/a	109	n/a	n/a	n/a	n/a	n/a	n/a	n/a	n/a
3	4	154	possible_button_press	3175.348572799994	0.0	response	n/a	n/a	n/a	n/a	n/a	n/a	n/a	m	m	1	1
3	4	154	fix_cross_after_trial	3175.362413099967	0.7999355666729571	fixation cross	n/a	n/a	94	3175.3624406000017	2.7500034775584936e-05	n/a	n/a	n/a	n/a	n/a	n/a
3	n/a	n/a	fix_cross_iti	3175.3624406000017	0.0	trigger	n/a	n/a	94	n/a	n/a	n/a	n/a	n/a	n/a	n/a	n/a
3	4	155	image	3176.181800499966	0.7636235666618632	image	bag	bag_05.png	1	3176.1818827999523	8.229998638853431e-05	n/a	n/a	n/a	n/a	1	n/a
3	n/a	n/a	image	3176.1818827999523	0.0	trigger	n/a	n/a	1	n/a	n/a	n/a	n/a	n/a	n/a	n/a	n/a
3	4	155	word	3176.945418999996	0.901064066627896	word	Tasche_german	n/a	101	3176.9454482999863	2.929999027401209e-05	n/a	n/a	n/a	n/a	1	n/a
3	n/a	n/a	word	3176.9454482999863	0.0	trigger	n/a	n/a	101	n/a	n/a	n/a	n/a	n/a	n/a	n/a	n/a
3	4	155	possible_button_press	3178.448026600003	0.0	response	n/a	n/a	n/a	n/a	n/a	n/a	n/a	m	m	1	1
3	4	155	fix_cross_after_trial	3178.461927599972	1.0494500667014108	fixation cross	n/a	n/a	94	3178.4619592999807	3.170000854879618e-05	n/a	n/a	n/a	n/a	n/a	n/a
3	n/a	n/a	fix_cross_iti	3178.4619592999807	0.0	trigger	n/a	n/a	94	n/a	n/a	n/a	n/a	n/a	n/a	n/a	n/a
3	4	156	image	3179.53174929996	0.7626532666658932	image	book	book_01.png	7	3179.531848099956	9.879999561235309e-05	n/a	n/a	n/a	n/a	1	n/a
3	n/a	n/a	image	3179.531848099956	0.0	trigger	n/a	n/a	7	n/a	n/a	n/a	n/a	n/a	n/a	n/a	n/a
3	4	156	word	3180.2943866999703	0.8724013666546853	word	Buch_german	n/a	107	3180.2944202999934	3.360002301633358e-05	n/a	n/a	n/a	n/a	1	n/a
3	n/a	n/a	word	3180.2944202999934	0.0	trigger	n/a	n/a	107	n/a	n/a	n/a	n/a	n/a	n/a	n/a	n/a
3	4	156	possible_button_press	3181.796315799991	0.0	response	n/a	n/a	n/a	n/a	n/a	n/a	n/a	m	m	1	1
3	4	156	fix_cross_after_trial	3181.8108025999973	1.016120566641348	fixation cross	n/a	n/a	94	3181.8108341000043	3.15000070258975e-05	n/a	n/a	n/a	n/a	n/a	n/a
3	n/a	n/a	fix_cross_iti	3181.8108341000043	0.0	trigger	n/a	n/a	94	n/a	n/a	n/a	n/a	n/a	n/a	n/a	n/a
3	4	157	image	3182.846475499973	0.7545119666651772	image	dress	dress_09.png	3	3182.8465541999904	7.870001718401909e-05	n/a	n/a	n/a	n/a	1	n/a
3	n/a	n/a	image	3182.8465541999904	0.0	trigger	n/a	n/a	3	n/a	n/a	n/a	n/a	n/a	n/a	n/a	n/a
3	4	157	word	3183.616036499967	0.9266316666657985	word	Kleid_german	n/a	103	3183.61608539999	4.8900023102760315e-05	n/a	n/a	n/a	n/a	1	n/a
3	n/a	n/a	word	3183.61608539999	0.0	trigger	n/a	n/a	103	n/a	n/a	n/a	n/a	n/a	n/a	n/a	n/a
3	4	157	possible_button_press	3185.0945636999677	0.0	response	n/a	n/a	n/a	n/a	n/a	n/a	n/a	m	m	1	1
3	4	157	fix_cross_after_trial	3185.1096594999544	1.0347296667209775	fixation cross	n/a	n/a	94	3185.109690299956	3.0800001695752144e-05	n/a	n/a	n/a	n/a	n/a	n/a
3	n/a	n/a	fix_cross_iti	3185.109690299956	0.0	trigger	n/a	n/a	94	n/a	n/a	n/a	n/a	n/a	n/a	n/a	n/a
3	4	158	image	3186.169767799962	0.7612436667009206	image	bag	bag_09.png	1	3186.169867599965	9.980000322684646e-05	n/a	n/a	n/a	n/a	1	n/a
3	n/a	n/a	image	3186.169867599965	0.0	trigger	n/a	n/a	1	n/a	n/a	n/a	n/a	n/a	n/a	n/a	n/a
3	4	158	word	3186.946179899969	0.8961581666994789	word	Tasche_german	n/a	101	3186.9462245999603	4.469999112188816e-05	n/a	n/a	n/a	n/a	1	n/a
3	n/a	n/a	word	3186.9462245999603	0.0	trigger	n/a	n/a	101	n/a	n/a	n/a	n/a	n/a	n/a	n/a	n/a
3	4	158	possible_button_press	3188.4287417999585	0.0	response	n/a	n/a	n/a	n/a	n/a	n/a	n/a	m	m	1	1
3	4	158	fix_cross_after_trial	3188.4429919999675	0.9318983666639724	fixation cross	n/a	n/a	94	3188.4430222999654	3.029999788850546e-05	n/a	n/a	n/a	n/a	n/a	n/a
3	n/a	n/a	fix_cross_iti	3188.4430222999654	0.0	trigger	n/a	n/a	94	n/a	n/a	n/a	n/a	n/a	n/a	n/a	n/a
3	4	159	image	3189.415584400005	0.7592176666407795	image	door	door_05.png	4	3189.415677599958	9.319995297119021e-05	n/a	n/a	n/a	n/a	0	n/a
3	n/a	n/a	image	3189.415677599958	0.0	trigger	n/a	n/a	4	n/a	n/a	n/a	n/a	n/a	n/a	n/a	n/a
3	4	159	word	3190.1758847999736	0.9483592666842924	word	Kleid_german	n/a	103	3190.1759290999616	4.429998807609081e-05	n/a	n/a	n/a	n/a	0	n/a
3	n/a	n/a	word	3190.1759290999616	0.0	trigger	n/a	n/a	103	n/a	n/a	n/a	n/a	n/a	n/a	n/a	n/a
3	4	159	feedback	3191.6914008999593	0.0	trigger	n/a	n/a	96	n/a	n/a	n/a	n/a	n/a	n/a	n/a	n/a
3	4	159	possible_button_press	3191.8933734999737	0.0	response	n/a	n/a	n/a	n/a	n/a	n/a	n/a	m	r	0	0
3	4	159	fix_cross_after_trial	3191.907273399993	0.7498538666445711	fixation cross	n/a	n/a	94	3191.907303499989	3.0099996365606785e-05	n/a	n/a	n/a	n/a	n/a	n/a
3	n/a	n/a	fix_cross_iti	3191.907303499989	0.0	trigger	n/a	n/a	94	n/a	n/a	n/a	n/a	n/a	n/a	n/a	n/a
3	4	160	image	3192.6791916000075	0.7610617666546204	image	car	car_04.png	5	3192.6793120999937	0.00012049998622387648	n/a	n/a	n/a	n/a	1	n/a
3	n/a	n/a	image	3192.6793120999937	0.0	trigger	n/a	n/a	5	n/a	n/a	n/a	n/a	n/a	n/a	n/a	n/a
3	4	160	word	3193.4402371000033	0.9494091666460918	word	Auto_german	n/a	105	3193.440271199972	3.409996861591935e-05	n/a	n/a	n/a	n/a	1	n/a
3	n/a	n/a	word	3193.440271199972	0.0	trigger	n/a	n/a	105	n/a	n/a	n/a	n/a	n/a	n/a	n/a	n/a
3	4	160	possible_button_press	3194.9425932999584	0.0	response	n/a	n/a	n/a	n/a	n/a	n/a	n/a	m	m	1	1
3	4	160	fix_cross_after_trial	3194.9566763999755	0.9336639666621522	fixation cross	n/a	n/a	94	3194.9567071999772	3.0800001695752144e-05	n/a	n/a	n/a	n/a	n/a	n/a
3	n/a	n/a	fix_cross_iti	3194.9567071999772	0.0	trigger	n/a	n/a	94	n/a	n/a	n/a	n/a	n/a	n/a	n/a	n/a
3	4	161	image	3195.929151199991	0.7603749666636759	image	dress	dress_05.png	3	3195.9292854999658	0.00013429997488856316	n/a	n/a	n/a	n/a	1	n/a
3	n/a	n/a	image	3195.9292854999658	0.0	trigger	n/a	n/a	3	n/a	n/a	n/a	n/a	n/a	n/a	n/a	n/a
3	4	161	word	3196.6889640999725	0.9494813666719892	word	Kleid_german	n/a	103	3196.6889907000004	2.6600027922540903e-05	n/a	n/a	n/a	n/a	1	n/a
3	n/a	n/a	word	3196.6889907000004	0.0	trigger	n/a	n/a	103	n/a	n/a	n/a	n/a	n/a	n/a	n/a	n/a
3	4	161	possible_button_press	3198.1908603999764	0.0	response	n/a	n/a	n/a	n/a	n/a	n/a	n/a	m	m	1	1
3	4	161	fix_cross_after_trial	3198.2053301999695	0.9496315666515329	fixation cross	n/a	n/a	94	3198.205360299966	3.0099996365606785e-05	n/a	n/a	n/a	n/a	n/a	n/a
3	n/a	n/a	fix_cross_iti	3198.205360299966	0.0	trigger	n/a	n/a	94	n/a	n/a	n/a	n/a	n/a	n/a	n/a	n/a
3	4	162	image	3199.174055099953	0.7639456666697697	image	saw	saw_04.png	10	3199.174126399972	7.130001904442906e-05	n/a	n/a	n/a	n/a	1	n/a
3	n/a	n/a	image	3199.174126399972	0.0	trigger	n/a	n/a	10	n/a	n/a	n/a	n/a	n/a	n/a	n/a	n/a
3	4	162	word	3199.937843199994	0.9502078666741909	word	Säge_german	n/a	110	3199.937868399953	2.519995905458927e-05	n/a	n/a	n/a	n/a	1	n/a
3	n/a	n/a	word	3199.937868399953	0.0	trigger	n/a	n/a	110	n/a	n/a	n/a	n/a	n/a	n/a	n/a	n/a
3	4	162	possible_button_press	3201.4266067999997	0.0	response	n/a	n/a	n/a	n/a	n/a	n/a	n/a	m	m	1	1
3	4	162	fix_cross_after_trial	3201.4380981999566	0.9331003666779907	fixation cross	n/a	n/a	94	3201.438143999956	4.579999949783087e-05	n/a	n/a	n/a	n/a	n/a	n/a
3	n/a	n/a	fix_cross_iti	3201.438143999956	0.0	trigger	n/a	n/a	94	n/a	n/a	n/a	n/a	n/a	n/a	n/a	n/a
3	4	163	image	3202.408903000003	0.7612309666624242	image	ball	ball_05.png	6	3202.4089835999766	8.059997344389558e-05	n/a	n/a	n/a	n/a	1	n/a
3	n/a	n/a	image	3202.4089835999766	0.0	trigger	n/a	n/a	6	n/a	n/a	n/a	n/a	n/a	n/a	n/a	n/a
3	4	163	word	3203.1706192999845	0.783281366635947	word	Ball_german	n/a	106	3203.170646099956	2.6799971237778664e-05	n/a	n/a	n/a	n/a	1	n/a
3	n/a	n/a	word	3203.170646099956	0.0	trigger	n/a	n/a	106	n/a	n/a	n/a	n/a	n/a	n/a	n/a	n/a
3	4	163	possible_button_press	3204.6560280999984	0.0	response	n/a	n/a	n/a	n/a	n/a	n/a	n/a	m	m	1	1
3	4	163	fix_cross_after_trial	3204.670049999957	0.8163618666626462	fixation cross	n/a	n/a	94	3204.6700878999545	3.789999755099416e-05	n/a	n/a	n/a	n/a	n/a	n/a
3	n/a	n/a	fix_cross_iti	3204.6700878999545	0.0	trigger	n/a	n/a	94	n/a	n/a	n/a	n/a	n/a	n/a	n/a	n/a
3	4	164	image	3205.506556999986	0.7628813666565293	image	door	door_08.png	4	3205.506643700006	8.670001989230514e-05	n/a	n/a	n/a	n/a	1	n/a
3	n/a	n/a	image	3205.506643700006	0.0	trigger	n/a	n/a	4	n/a	n/a	n/a	n/a	n/a	n/a	n/a	n/a
3	4	164	word	3206.269818999979	0.8323294666520269	word	Tür_german	n/a	104	3206.2698604000034	4.140002420172095e-05	n/a	n/a	n/a	n/a	1	n/a
3	n/a	n/a	word	3206.2698604000034	0.0	trigger	n/a	n/a	104	n/a	n/a	n/a	n/a	n/a	n/a	n/a	n/a
3	4	164	possible_button_press	3207.7720165000064	0.0	response	n/a	n/a	n/a	n/a	n/a	n/a	n/a	m	m	1	1
3	4	164	fix_cross_after_trial	3207.7855751999887	0.8834485666634464	fixation cross	n/a	n/a	94	3207.785601199954	2.5999965146183968e-05	n/a	n/a	n/a	n/a	n/a	n/a
3	n/a	n/a	fix_cross_iti	3207.785601199954	0.0	trigger	n/a	n/a	94	n/a	n/a	n/a	n/a	n/a	n/a	n/a	n/a
3	4	165	image	3208.6879717999836	0.7646450666402416	image	saw	saw_02.png	10	3208.688062399975	9.059999138116837e-05	n/a	n/a	n/a	n/a	0	n/a
3	n/a	n/a	image	3208.688062399975	0.0	trigger	n/a	n/a	10	n/a	n/a	n/a	n/a	n/a	n/a	n/a	n/a
3	4	165	word	3209.452516399964	0.8824740666937032	word	Buch_german	n/a	107	3209.45256299997	4.6600005589425564e-05	n/a	n/a	n/a	n/a	0	n/a
3	n/a	n/a	word	3209.45256299997	0.0	trigger	n/a	n/a	107	n/a	n/a	n/a	n/a	n/a	n/a	n/a	n/a
3	4	165	feedback	3210.968229499995	0.0	trigger	n/a	n/a	96	n/a	n/a	n/a	n/a	n/a	n/a	n/a	n/a
3	4	165	possible_button_press	3211.169884999981	0.0	response	n/a	n/a	n/a	n/a	n/a	n/a	n/a	m	r	0	0
3	4	165	fix_cross_after_trial	3211.184370999981	1.0833644666749933	fixation cross	n/a	n/a	94	3211.184402599989	3.160000778734684e-05	n/a	n/a	n/a	n/a	n/a	n/a
3	n/a	n/a	fix_cross_iti	3211.184402599989	0.0	trigger	n/a	n/a	94	n/a	n/a	n/a	n/a	n/a	n/a	n/a	n/a
3	4	166	image	3212.2862553999876	0.7678922666859762	image	ball	ball_01.png	6	3212.2863460999797	9.06999921426177e-05	n/a	n/a	n/a	n/a	1	n/a
3	n/a	n/a	image	3212.2863460999797	0.0	trigger	n/a	n/a	6	n/a	n/a	n/a	n/a	n/a	n/a	n/a	n/a
3	4	166	word	3213.050612699997	0.7830977666349099	word	Ball_german	n/a	106	3213.050650799996	3.809999907389283e-05	n/a	n/a	n/a	n/a	1	n/a
3	n/a	n/a	word	3213.050650799996	0.0	trigger	n/a	n/a	106	n/a	n/a	n/a	n/a	n/a	n/a	n/a	n/a
3	4	166	possible_button_press	3214.5525352999684	0.0	response	n/a	n/a	n/a	n/a	n/a	n/a	n/a	m	m	1	1
3	4	166	fix_cross_after_trial	3214.5665686999564	0.9666255667148107	fixation cross	n/a	n/a	94	3214.56659100001	2.2300053387880325e-05	n/a	n/a	n/a	n/a	n/a	n/a
3	n/a	n/a	fix_cross_iti	3214.56659100001	0.0	trigger	n/a	n/a	94	n/a	n/a	n/a	n/a	n/a	n/a	n/a	n/a
3	4	167	image	3215.572009299998	0.7612049666390703	image	door	door_06.png	4	3215.572093099996	8.379999781027436e-05	n/a	n/a	n/a	n/a	1	n/a
3	n/a	n/a	image	3215.572093099996	0.0	trigger	n/a	n/a	4	n/a	n/a	n/a	n/a	n/a	n/a	n/a	n/a
3	4	167	word	3216.3330503999605	0.8339222666731985	word	Tür_german	n/a	104	3216.3330921999877	4.18000272475183e-05	n/a	n/a	n/a	n/a	1	n/a
3	n/a	n/a	word	3216.3330921999877	0.0	trigger	n/a	n/a	104	n/a	n/a	n/a	n/a	n/a	n/a	n/a	n/a
3	4	167	possible_button_press	3217.8352458999725	0.0	response	n/a	n/a	n/a	n/a	n/a	n/a	n/a	m	m	1	1
3	4	167	fix_cross_after_trial	3217.849115799996	1.0829680666251988	fixation cross	n/a	n/a	94	3217.8491420999635	2.629996743053198e-05	n/a	n/a	n/a	n/a	n/a	n/a
3	n/a	n/a	fix_cross_iti	3217.8491420999635	0.0	trigger	n/a	n/a	94	n/a	n/a	n/a	n/a	n/a	n/a	n/a	n/a
3	4	168	image	3218.991473399976	0.7573759666452133	image	chair	chair_06.png	8	3218.9915647999733	9.139999747276306e-05	n/a	n/a	n/a	n/a	1	n/a
3	n/a	n/a	image	3218.9915647999733	0.0	trigger	n/a	n/a	8	n/a	n/a	n/a	n/a	n/a	n/a	n/a	n/a
3	4	168	word	3219.748479300004	0.9162002666312219	word	Stuhl_german	n/a	108	3219.7485125999665	3.3299962524324656e-05	n/a	n/a	n/a	n/a	1	n/a
3	n/a	n/a	word	3219.7485125999665	0.0	trigger	n/a	n/a	108	n/a	n/a	n/a	n/a	n/a	n/a	n/a	n/a
3	4	168	possible_button_press	3221.251206999994	0.0	response	n/a	n/a	n/a	n/a	n/a	n/a	n/a	m	m	1	1
3	4	168	fix_cross_after_trial	3221.2648065999965	0.932965966644133	fixation cross	n/a	n/a	94	3221.2648386000074	3.200001083314419e-05	n/a	n/a	n/a	n/a	n/a	n/a
3	n/a	n/a	fix_cross_iti	3221.2648386000074	0.0	trigger	n/a	n/a	94	n/a	n/a	n/a	n/a	n/a	n/a	n/a	n/a
3	4	169	image	3222.25431639998	0.7598042666836591	image	fish	fish_07.png	2	3222.254402199993	8.58000130392611e-05	n/a	n/a	n/a	n/a	1	n/a
3	n/a	n/a	image	3222.254402199993	0.0	trigger	n/a	n/a	2	n/a	n/a	n/a	n/a	n/a	n/a	n/a	n/a
3	4	169	word	3223.0140165999765	0.8666347666917318	word	Fisch_german	n/a	102	3223.014043000003	2.640002639964223e-05	n/a	n/a	n/a	n/a	1	n/a
3	n/a	n/a	word	3223.014043000003	0.0	trigger	n/a	n/a	102	n/a	n/a	n/a	n/a	n/a	n/a	n/a	n/a
3	4	169	possible_button_press	3224.5173945999704	0.0	response	n/a	n/a	n/a	n/a	n/a	n/a	n/a	m	m	1	1
3	4	169	fix_cross_after_trial	3224.530517599953	1.1328853666823306	fixation cross	n/a	n/a	94	3224.5305476000067	3.000005381181836e-05	n/a	n/a	n/a	n/a	n/a	n/a
3	n/a	n/a	fix_cross_iti	3224.5305476000067	0.0	trigger	n/a	n/a	94	n/a	n/a	n/a	n/a	n/a	n/a	n/a	n/a
3	4	170	image	3225.703857399989	0.7591401666327329	image	chair	chair_02.png	8	3225.7039482999826	9.089999366551638e-05	n/a	n/a	n/a	n/a	1	n/a
3	n/a	n/a	image	3225.7039482999826	0.0	trigger	n/a	n/a	8	n/a	n/a	n/a	n/a	n/a	n/a	n/a	n/a
3	4	170	word	3226.4629800999537	0.9168390667223321	word	Stuhl_german	n/a	108	3226.463010599953	3.0499999411404133e-05	n/a	n/a	n/a	n/a	1	n/a
3	n/a	n/a	word	3226.463010599953	0.0	trigger	n/a	n/a	108	n/a	n/a	n/a	n/a	n/a	n/a	n/a	n/a
3	4	170	possible_button_press	3227.96507440001	0.0	response	n/a	n/a	n/a	n/a	n/a	n/a	n/a	m	m	1	1
3	4	170	fix_cross_after_trial	3227.979075499985	0.9161606666789339	fixation cross	n/a	n/a	94	3227.9790984999854	2.300000051036477e-05	n/a	n/a	n/a	n/a	n/a	n/a
3	n/a	n/a	fix_cross_iti	3227.9790984999854	0.0	trigger	n/a	n/a	94	n/a	n/a	n/a	n/a	n/a	n/a	n/a	n/a
3	4	171	image	3228.9134545999696	0.7656533666927317	image	door	door_10.png	4	3228.913525299984	7.070001447573304e-05	n/a	n/a	n/a	n/a	1	n/a
3	n/a	n/a	image	3228.913525299984	0.0	trigger	n/a	n/a	4	n/a	n/a	n/a	n/a	n/a	n/a	n/a	n/a
3	4	171	word	3229.6785984999733	0.8326981666655229	word	Tür_german	n/a	104	3229.6786374999792	3.9000005926936865e-05	n/a	n/a	n/a	n/a	1	n/a
3	n/a	n/a	word	3229.6786374999792	0.0	trigger	n/a	n/a	104	n/a	n/a	n/a	n/a	n/a	n/a	n/a	n/a
3	4	171	possible_button_press	3231.1813252999564	0.0	response	n/a	n/a	n/a	n/a	n/a	n/a	n/a	m	m	1	1
3	4	171	fix_cross_after_trial	3231.1948776000063	0.7834635666263239	fixation cross	n/a	n/a	94	3231.194905399985	2.7799978852272034e-05	n/a	n/a	n/a	n/a	n/a	n/a
3	n/a	n/a	fix_cross_iti	3231.194905399985	0.0	trigger	n/a	n/a	94	n/a	n/a	n/a	n/a	n/a	n/a	n/a	n/a
3	4	172	image	3231.9962407999556	0.7653197667136737	image	rose	rose_03.png	9	3231.9963270999724	8.630001684650779e-05	n/a	n/a	n/a	n/a	1	n/a
3	n/a	n/a	image	3231.9963270999724	0.0	trigger	n/a	n/a	9	n/a	n/a	n/a	n/a	n/a	n/a	n/a	n/a
3	4	172	word	3232.761265899986	0.9164263666648367	word	Rose_german	n/a	109	3232.7613016999676	3.579998156055808e-05	n/a	n/a	n/a	n/a	1	n/a
3	n/a	n/a	word	3232.7613016999676	0.0	trigger	n/a	n/a	109	n/a	n/a	n/a	n/a	n/a	n/a	n/a	n/a
3	4	172	possible_button_press	3234.2632478000014	0.0	response	n/a	n/a	n/a	n/a	n/a	n/a	n/a	m	m	1	1
3	4	172	fix_cross_after_trial	3234.277187199972	1.0501033666701005	fixation cross	n/a	n/a	94	3234.2772123999894	2.5200017262250185e-05	n/a	n/a	n/a	n/a	n/a	n/a
3	n/a	n/a	fix_cross_iti	3234.2772123999894	0.0	trigger	n/a	n/a	94	n/a	n/a	n/a	n/a	n/a	n/a	n/a	n/a
3	4	173	image	3235.3670180999907	0.7599030666792714	image	fish	fish_08.png	2	3235.3671089999843	9.089999366551638e-05	n/a	n/a	n/a	n/a	1	n/a
3	n/a	n/a	image	3235.3671089999843	0.0	trigger	n/a	n/a	2	n/a	n/a	n/a	n/a	n/a	n/a	n/a	n/a
3	4	173	word	3236.1268023999874	0.8664888666867228	word	Fisch_german	n/a	102	3236.1268316999776	2.929999027401209e-05	n/a	n/a	n/a	n/a	1	n/a
3	n/a	n/a	word	3236.1268316999776	0.0	trigger	n/a	n/a	102	n/a	n/a	n/a	n/a	n/a	n/a	n/a	n/a
3	4	173	possible_button_press	3237.629679100006	0.0	response	n/a	n/a	n/a	n/a	n/a	n/a	n/a	m	m	1	1
3	4	173	fix_cross_after_trial	3237.6430062999716	1.1996067666955241	fixation cross	n/a	n/a	94	3237.6430327999988	2.6500027161091566e-05	n/a	n/a	n/a	n/a	n/a	n/a
3	n/a	n/a	fix_cross_iti	3237.6430327999988	0.0	trigger	n/a	n/a	94	n/a	n/a	n/a	n/a	n/a	n/a	n/a	n/a
3	4	174	image	3238.862614499987	0.7634852666565166	image	car	car_06.png	5	3238.8626992999925	8.480000542476773e-05	n/a	n/a	n/a	n/a	1	n/a
3	n/a	n/a	image	3238.8626992999925	0.0	trigger	n/a	n/a	5	n/a	n/a	n/a	n/a	n/a	n/a	n/a	n/a
3	4	174	word	3239.6263369999942	0.949030866675912	word	Auto_german	n/a	105	3239.626377599954	4.0599959902465343e-05	n/a	n/a	n/a	n/a	1	n/a
3	n/a	n/a	word	3239.626377599954	0.0	trigger	n/a	n/a	105	n/a	n/a	n/a	n/a	n/a	n/a	n/a	n/a
3	4	174	possible_button_press	3241.127804799995	0.0	response	n/a	n/a	n/a	n/a	n/a	n/a	n/a	m	m	1	1
3	4	174	fix_cross_after_trial	3241.1415244999807	1.0331144666456566	fixation cross	n/a	n/a	94	3241.141548899992	2.440001117065549e-05	n/a	n/a	n/a	n/a	n/a	n/a
3	n/a	n/a	fix_cross_iti	3241.141548899992	0.0	trigger	n/a	n/a	94	n/a	n/a	n/a	n/a	n/a	n/a	n/a	n/a
3	4	175	image	3242.252448699961	0.7556346667156504	image	chair	chair_05.png	8	3242.2525838	0.00013510003918781877	n/a	n/a	n/a	n/a	1	n/a
3	n/a	n/a	image	3242.2525838	0.0	trigger	n/a	n/a	8	n/a	n/a	n/a	n/a	n/a	n/a	n/a	n/a
3	4	175	word	3243.0079578000004	0.9331551666296036	word	Stuhl_german	n/a	108	3243.007995299995	3.749999450519681e-05	n/a	n/a	n/a	n/a	1	n/a
3	n/a	n/a	word	3243.007995299995	0.0	trigger	n/a	n/a	108	n/a	n/a	n/a	n/a	n/a	n/a	n/a	n/a
3	4	175	possible_button_press	3244.5103663000045	0.0	response	n/a	n/a	n/a	n/a	n/a	n/a	n/a	m	m	1	1
3	4	175	fix_cross_after_trial	3244.5242996999878	1.082807766685164	fixation cross	n/a	n/a	94	3244.5243304999894	3.0800001695752144e-05	n/a	n/a	n/a	n/a	n/a	n/a
3	n/a	n/a	fix_cross_iti	3244.5243304999894	0.0	trigger	n/a	n/a	94	n/a	n/a	n/a	n/a	n/a	n/a	n/a	n/a
3	4	176	image	3245.62750969996	0.7624236666638353	image	dress	dress_06.png	3	3245.6275915000006	8.180004078894854e-05	n/a	n/a	n/a	n/a	0	n/a
3	n/a	n/a	image	3245.6275915000006	0.0	trigger	n/a	n/a	3	n/a	n/a	n/a	n/a	n/a	n/a	n/a	n/a
3	4	176	word	3246.3899490999756	0.9171450666658529	word	Rose_german	n/a	109	3246.3899727999815	2.370000584051013e-05	n/a	n/a	n/a	n/a	0	n/a
3	n/a	n/a	word	3246.3899727999815	0.0	trigger	n/a	n/a	109	n/a	n/a	n/a	n/a	n/a	n/a	n/a	n/a
3	4	176	feedback	3247.890902699961	0.0	trigger	n/a	n/a	96	n/a	n/a	n/a	n/a	n/a	n/a	n/a	n/a
3	4	176	possible_button_press	3248.092198700004	0.0	response	n/a	n/a	n/a	n/a	n/a	n/a	n/a	m	r	0	0
3	4	176	fix_cross_after_trial	3248.106461999996	1.183511866668141	fixation cross	n/a	n/a	94	3248.1065013000043	3.9300008211284876e-05	n/a	n/a	n/a	n/a	n/a	n/a
3	n/a	n/a	fix_cross_iti	3248.1065013000043	0.0	trigger	n/a	n/a	94	n/a	n/a	n/a	n/a	n/a	n/a	n/a	n/a
3	4	177	image	3249.3102432999876	0.7635398666648143	image	book	book_02.png	7	3249.310329400003	8.610001532360911e-05	n/a	n/a	n/a	n/a	1	n/a
3	n/a	n/a	image	3249.310329400003	0.0	trigger	n/a	n/a	7	n/a	n/a	n/a	n/a	n/a	n/a	n/a	n/a
3	4	177	word	3250.073074999964	0.8678188666858659	word	Buch_german	n/a	107	3250.0731029000017	2.7900037821382284e-05	n/a	n/a	n/a	n/a	1	n/a
3	n/a	n/a	word	3250.0731029000017	0.0	trigger	n/a	n/a	107	n/a	n/a	n/a	n/a	n/a	n/a	n/a	n/a
3	4	177	possible_button_press	3251.5624289999832	0.0	response	n/a	n/a	n/a	n/a	n/a	n/a	n/a	m	m	1	1
3	4	177	fix_cross_after_trial	3251.5729822999565	0.9991805666982145	fixation cross	n/a	n/a	94	3251.5730197000084	3.7400051951408386e-05	n/a	n/a	n/a	n/a	n/a	n/a
3	n/a	n/a	fix_cross_iti	3251.5730197000084	0.0	trigger	n/a	n/a	94	n/a	n/a	n/a	n/a	n/a	n/a	n/a	n/a
3	4	178	image	3252.591363399988	0.7646921666496382	image	rose	rose_06.png	9	3252.5914357999573	7.239996921271086e-05	n/a	n/a	n/a	n/a	1	n/a
3	n/a	n/a	image	3252.5914357999573	0.0	trigger	n/a	n/a	9	n/a	n/a	n/a	n/a	n/a	n/a	n/a	n/a
3	4	178	word	3253.3554180999636	0.9328384666628153	word	Rose_german	n/a	109	3253.3554447999923	2.670002868399024e-05	n/a	n/a	n/a	n/a	1	n/a
3	n/a	n/a	word	3253.3554447999923	0.0	trigger	n/a	n/a	109	n/a	n/a	n/a	n/a	n/a	n/a	n/a	n/a
3	4	178	possible_button_press	3254.8573210999602	0.0	response	n/a	n/a	n/a	n/a	n/a	n/a	n/a	m	m	1	1
3	4	178	fix_cross_after_trial	3254.8714215999935	0.8005577666376666	fixation cross	n/a	n/a	94	3254.8714572999743	3.5699980799108744e-05	n/a	n/a	n/a	n/a	n/a	n/a
3	n/a	n/a	fix_cross_iti	3254.8714572999743	0.0	trigger	n/a	n/a	94	n/a	n/a	n/a	n/a	n/a	n/a	n/a	n/a
3	4	179	image	3255.6910618999973	0.7643827666220204	image	ball	ball_08.png	6	3255.6911400999525	7.819995516911149e-05	n/a	n/a	n/a	n/a	1	n/a
3	n/a	n/a	image	3255.6911400999525	0.0	trigger	n/a	n/a	6	n/a	n/a	n/a	n/a	n/a	n/a	n/a	n/a
3	4	179	word	3256.4554654000094	0.7823148666107045	word	Ball_german	n/a	106	3256.455506599974	4.1199964471161366e-05	n/a	n/a	n/a	n/a	1	n/a
3	n/a	n/a	word	3256.455506599974	0.0	trigger	n/a	n/a	106	n/a	n/a	n/a	n/a	n/a	n/a	n/a	n/a
3	4	179	possible_button_press	3257.956201299967	0.0	response	n/a	n/a	n/a	n/a	n/a	n/a	n/a	m	m	1	1
3	4	179	fix_cross_after_trial	3257.9700685999705	1.1500393666833588	fixation cross	n/a	n/a	94	3257.970107799978	3.920000744983554e-05	n/a	n/a	n/a	n/a	n/a	n/a
3	n/a	n/a	fix_cross_iti	3257.970107799978	0.0	trigger	n/a	n/a	94	n/a	n/a	n/a	n/a	n/a	n/a	n/a	n/a
3	4	180	image	3259.158828799962	0.760993366657658	image	car	car_07.png	5	3259.1589591999655	0.00013040000339969993	n/a	n/a	n/a	n/a	1	n/a
3	n/a	n/a	image	3259.1589591999655	0.0	trigger	n/a	n/a	5	n/a	n/a	n/a	n/a	n/a	n/a	n/a	n/a
3	4	180	word	3259.9309293999686	0.9386990667012469	word	Auto_german	n/a	105	3259.9309866999974	5.730002885684371e-05	n/a	n/a	n/a	n/a	1	n/a
3	n/a	n/a	word	3259.9309866999974	0.0	trigger	n/a	n/a	105	n/a	n/a	n/a	n/a	n/a	n/a	n/a	n/a
3	4	180	possible_button_press	3261.4207065000082	0.0	response	n/a	n/a	n/a	n/a	n/a	n/a	n/a	m	m	1	1
3	4	180	fix_cross_after_trial	3261.435411399987	1.0031134666683101	fixation cross	n/a	n/a	94	3261.4354489999823	3.759999526664615e-05	n/a	n/a	n/a	n/a	n/a	n/a
3	n/a	n/a	fix_cross_iti	3261.4354489999823	0.0	trigger	n/a	n/a	94	n/a	n/a	n/a	n/a	n/a	n/a	n/a	n/a
3	4	181	image	3262.4770843999577	0.8329860667040521	image	dress	dress_07.png	3	3262.4771951999865	0.00011080002877861261	n/a	n/a	n/a	n/a	1	n/a
3	n/a	n/a	image	3262.4771951999865	0.0	trigger	n/a	n/a	3	n/a	n/a	n/a	n/a	n/a	n/a	n/a	n/a
3	4	181	word	3263.3184988999856	0.9512725666904771	word	Kleid_german	n/a	103	3263.3185550000053	5.6100019719451666e-05	n/a	n/a	n/a	n/a	1	n/a
3	n/a	n/a	word	3263.3185550000053	0.0	trigger	n/a	n/a	103	n/a	n/a	n/a	n/a	n/a	n/a	n/a	n/a
3	4	181	possible_button_press	3264.803705899976	0.0	response	n/a	n/a	n/a	n/a	n/a	n/a	n/a	m	m	1	1
3	4	181	fix_cross_after_trial	3264.8177307999576	0.9165638666640916	fixation cross	n/a	n/a	94	3264.8177593	2.8500042390078306e-05	n/a	n/a	n/a	n/a	n/a	n/a
3	n/a	n/a	fix_cross_iti	3264.8177593	0.0	trigger	n/a	n/a	94	n/a	n/a	n/a	n/a	n/a	n/a	n/a	n/a
3	4	182	image	3265.7547013000003	0.7632535666384683	image	book	book_10.png	7	3265.7547960999655	9.47999651543796e-05	n/a	n/a	n/a	n/a	1	n/a
3	n/a	n/a	image	3265.7547960999655	0.0	trigger	n/a	n/a	7	n/a	n/a	n/a	n/a	n/a	n/a	n/a	n/a
3	4	182	word	3266.5214522999595	0.8806716667063483	word	Buch_german	n/a	107	3266.5215508999536	9.859999408945441e-05	n/a	n/a	n/a	n/a	1	n/a
3	n/a	n/a	word	3266.5215508999536	0.0	trigger	n/a	n/a	107	n/a	n/a	n/a	n/a	n/a	n/a	n/a	n/a
3	4	182	possible_button_press	3268.0197222999996	0.0	response	n/a	n/a	n/a	n/a	n/a	n/a	n/a	m	m	1	1
3	4	182	fix_cross_after_trial	3268.0333288999973	1.2497671666246788	fixation cross	n/a	n/a	94	3268.033362899965	3.3999967854470015e-05	n/a	n/a	n/a	n/a	n/a	n/a
3	n/a	n/a	fix_cross_iti	3268.033362899965	0.0	trigger	n/a	n/a	94	n/a	n/a	n/a	n/a	n/a	n/a	n/a	n/a
3	4	183	image	3269.3032174999826	0.7631253666518205	image	ball	ball_09.png	6	3269.3033240999794	0.00010659999679774046	n/a	n/a	n/a	n/a	1	n/a
3	n/a	n/a	image	3269.3033240999794	0.0	trigger	n/a	n/a	6	n/a	n/a	n/a	n/a	n/a	n/a	n/a	n/a
3	4	183	word	3270.0663386000087	0.7830767666496286	word	Ball_german	n/a	106	3270.0663875999744	4.899996565654874e-05	n/a	n/a	n/a	n/a	1	n/a
3	n/a	n/a	word	3270.0663875999744	0.0	trigger	n/a	n/a	106	n/a	n/a	n/a	n/a	n/a	n/a	n/a	n/a
3	4	183	possible_button_press	3271.552658199973	0.0	response	n/a	n/a	n/a	n/a	n/a	n/a	n/a	m	m	1	1
3	4	183	fix_cross_after_trial	3271.566028499976	0.7831796666764603	fixation cross	n/a	n/a	94	3271.5660584999714	2.9999995604157448e-05	n/a	n/a	n/a	n/a	n/a	n/a
3	n/a	n/a	fix_cross_iti	3271.5660584999714	0.0	trigger	n/a	n/a	94	n/a	n/a	n/a	n/a	n/a	n/a	n/a	n/a
3	4	184	image	3272.3688381999964	0.764247166637233	image	rose	rose_04.png	9	3272.3689210999873	8.289999095723033e-05	n/a	n/a	n/a	n/a	1	n/a
3	n/a	n/a	image	3272.3689210999873	0.0	trigger	n/a	n/a	9	n/a	n/a	n/a	n/a	n/a	n/a	n/a	n/a
3	4	184	word	3273.1329949999927	0.9315954666276411	word	Rose_german	n/a	109	3273.13303919998	4.4199987314641476e-05	n/a	n/a	n/a	n/a	1	n/a
3	n/a	n/a	word	3273.13303919998	0.0	trigger	n/a	n/a	109	n/a	n/a	n/a	n/a	n/a	n/a	n/a	n/a
3	4	184	possible_button_press	3274.633727599983	0.0	response	n/a	n/a	n/a	n/a	n/a	n/a	n/a	m	m	1	1
3	4	184	fix_cross_after_trial	3274.6478536999784	0.833209666660423	fixation cross	n/a	n/a	94	3274.6478871	3.3400021493434906e-05	n/a	n/a	n/a	n/a	n/a	n/a
3	n/a	n/a	fix_cross_iti	3274.6478871	0.0	trigger	n/a	n/a	94	n/a	n/a	n/a	n/a	n/a	n/a	n/a	n/a
3	4	185	image	3275.500384999963	0.764062766688312	image	chair	chair_03.png	8	3275.5004638999817	7.890001870691776e-05	n/a	n/a	n/a	n/a	1	n/a
3	n/a	n/a	image	3275.5004638999817	0.0	trigger	n/a	n/a	8	n/a	n/a	n/a	n/a	n/a	n/a	n/a	n/a
3	4	185	word	3276.2639618999674	0.9168653666897626	word	Stuhl_german	n/a	108	3276.2639884999953	2.6600027922540903e-05	n/a	n/a	n/a	n/a	1	n/a
3	n/a	n/a	word	3276.2639884999953	0.0	trigger	n/a	n/a	108	n/a	n/a	n/a	n/a	n/a	n/a	n/a	n/a
3	4	185	possible_button_press	3277.766356099979	0.0	response	n/a	n/a	n/a	n/a	n/a	n/a	n/a	m	m	1	1
3	4	185	fix_cross_after_trial	3277.780178899993	0.7495649666566351	fixation cross	n/a	n/a	94	3277.780214599974	3.5699980799108744e-05	n/a	n/a	n/a	n/a	n/a	n/a
3	n/a	n/a	fix_cross_iti	3277.780214599974	0.0	trigger	n/a	n/a	94	n/a	n/a	n/a	n/a	n/a	n/a	n/a	n/a
3	4	186	image	3278.5723834999953	0.7578259666374834	image	bag	bag_04.png	1	3278.57246559998	8.209998486563563e-05	n/a	n/a	n/a	n/a	1	n/a
3	n/a	n/a	image	3278.57246559998	0.0	trigger	n/a	n/a	1	n/a	n/a	n/a	n/a	n/a	n/a	n/a	n/a
3	4	186	word	3279.3298600999988	0.899822966665397	word	Tasche_german	n/a	101	3279.329902299971	4.2199972085654736e-05	n/a	n/a	n/a	n/a	1	n/a
3	n/a	n/a	word	3279.329902299971	0.0	trigger	n/a	n/a	101	n/a	n/a	n/a	n/a	n/a	n/a	n/a	n/a
3	4	186	possible_button_press	3280.8311279999907	0.0	response	n/a	n/a	n/a	n/a	n/a	n/a	n/a	m	m	1	1
3	4	186	fix_cross_after_trial	3280.845528099977	1.1330384666839564	fixation cross	n/a	n/a	94	3280.8455473000067	1.9200029782950878e-05	n/a	n/a	n/a	n/a	n/a	n/a
3	n/a	n/a	fix_cross_iti	3280.8455473000067	0.0	trigger	n/a	n/a	94	n/a	n/a	n/a	n/a	n/a	n/a	n/a	n/a
3	4	187	image	3281.998910199967	0.7632170667097853	image	saw	saw_07.png	10	3281.998993999965	8.379999781027436e-05	n/a	n/a	n/a	n/a	1	n/a
3	n/a	n/a	image	3281.998993999965	0.0	trigger	n/a	n/a	10	n/a	n/a	n/a	n/a	n/a	n/a	n/a	n/a
3	4	187	word	3282.7620158999925	0.9495039666694538	word	Säge_german	n/a	110	3282.762041799957	2.589996438473463e-05	n/a	n/a	n/a	n/a	1	n/a
3	n/a	n/a	word	3282.762041799957	0.0	trigger	n/a	n/a	110	n/a	n/a	n/a	n/a	n/a	n/a	n/a	n/a
3	4	187	possible_button_press	3284.2638439	0.0	response	n/a	n/a	n/a	n/a	n/a	n/a	n/a	m	m	1	1
3	4	187	fix_cross_after_trial	3284.2779480000027	1.0333110666292669	fixation cross	n/a	n/a	94	3284.27796929999	2.1299987565726042e-05	n/a	n/a	n/a	n/a	n/a	n/a
3	n/a	n/a	fix_cross_iti	3284.27796929999	0.0	trigger	n/a	n/a	94	n/a	n/a	n/a	n/a	n/a	n/a	n/a	n/a
3	4	188	image	3285.3297477999586	0.7648293667048165	image	car	car_02.png	5	3285.329835499986	8.77000275067985e-05	n/a	n/a	n/a	n/a	1	n/a
3	n/a	n/a	image	3285.329835499986	0.0	trigger	n/a	n/a	5	n/a	n/a	n/a	n/a	n/a	n/a	n/a	n/a
3	4	188	word	3286.0942437999765	0.9496773666510308	word	Auto_german	n/a	105	3286.0942744999775	3.070000093430281e-05	n/a	n/a	n/a	n/a	1	n/a
3	n/a	n/a	word	3286.0942744999775	0.0	trigger	n/a	n/a	105	n/a	n/a	n/a	n/a	n/a	n/a	n/a	n/a
3	4	188	possible_button_press	3287.5958432999905	0.0	response	n/a	n/a	n/a	n/a	n/a	n/a	n/a	m	m	1	1
3	4	188	fix_cross_after_trial	3287.6101312999963	0.9833775666234033	fixation cross	n/a	n/a	94	3287.610154199996	2.2899999748915434e-05	n/a	n/a	n/a	n/a	n/a	n/a
3	n/a	n/a	fix_cross_iti	3287.610154199996	0.0	trigger	n/a	n/a	94	n/a	n/a	n/a	n/a	n/a	n/a	n/a	n/a
3	4	189	image	3288.614671999996	0.7616909666726315	image	bag	bag_03.png	1	3288.614756199997	8.420000085607171e-05	n/a	n/a	n/a	n/a	0	n/a
3	n/a	n/a	image	3288.614756199997	0.0	trigger	n/a	n/a	1	n/a	n/a	n/a	n/a	n/a	n/a	n/a	n/a
3	4	189	word	3289.3765345999855	0.9166809666826339	word	Stuhl_german	n/a	108	3289.3765693999594	3.479997394606471e-05	n/a	n/a	n/a	n/a	0	n/a
3	n/a	n/a	word	3289.3765693999594	0.0	trigger	n/a	n/a	108	n/a	n/a	n/a	n/a	n/a	n/a	n/a	n/a
3	4	189	feedback	3290.892938199977	0.0	trigger	n/a	n/a	96	n/a	n/a	n/a	n/a	n/a	n/a	n/a	n/a
3	4	189	possible_button_press	3291.095074999961	0.0	response	n/a	n/a	n/a	n/a	n/a	n/a	n/a	m	r	0	0
3	4	189	fix_cross_after_trial	3291.1090385999996	1.0999385666259514	fixation cross	n/a	n/a	94	3291.109061199997	2.2599997464567423e-05	n/a	n/a	n/a	n/a	n/a	n/a
3	n/a	n/a	fix_cross_iti	3291.109061199997	0.0	trigger	n/a	n/a	94	n/a	n/a	n/a	n/a	n/a	n/a	n/a	n/a
3	4	190	image	3292.2277459999896	0.7640315666835704	image	book	book_04.png	7	3292.2278330999543	8.709996473044157e-05	n/a	n/a	n/a	n/a	1	n/a
3	n/a	n/a	image	3292.2278330999543	0.0	trigger	n/a	n/a	7	n/a	n/a	n/a	n/a	n/a	n/a	n/a	n/a
3	4	190	word	3292.9919247999787	0.8664976666955226	word	Buch_german	n/a	107	3292.9919533999637	2.859998494386673e-05	n/a	n/a	n/a	n/a	1	n/a
3	n/a	n/a	word	3292.9919533999637	0.0	trigger	n/a	n/a	107	n/a	n/a	n/a	n/a	n/a	n/a	n/a	n/a
3	4	190	possible_button_press	3294.4944586000056	0.0	response	n/a	n/a	n/a	n/a	n/a	n/a	n/a	m	m	1	1
3	4	190	fix_cross_after_trial	3294.5088889999897	0.9323720666620829	fixation cross	n/a	n/a	94	3294.5089218000066	3.2800016924738884e-05	n/a	n/a	n/a	n/a	n/a	n/a
3	n/a	n/a	fix_cross_iti	3294.5089218000066	0.0	trigger	n/a	n/a	94	n/a	n/a	n/a	n/a	n/a	n/a	n/a	n/a
3	4	191	image	3295.4618747999775	0.7626043666427904	image	dress	dress_08.png	3	3295.461943799979	6.900000153109431e-05	n/a	n/a	n/a	n/a	1	n/a
3	n/a	n/a	image	3295.461943799979	0.0	trigger	n/a	n/a	3	n/a	n/a	n/a	n/a	n/a	n/a	n/a	n/a
3	4	191	word	3296.224432799965	0.949222166677373	word	Kleid_german	n/a	103	3296.224463599967	3.0800001695752144e-05	n/a	n/a	n/a	n/a	1	n/a
3	n/a	n/a	word	3296.224463599967	0.0	trigger	n/a	n/a	103	n/a	n/a	n/a	n/a	n/a	n/a	n/a	n/a
3	4	191	possible_button_press	3297.7263867	0.0	response	n/a	n/a	n/a	n/a	n/a	n/a	n/a	m	m	1	1
3	4	191	fix_cross_after_trial	3297.740235299978	1.0499278666725331	fixation cross	n/a	n/a	94	3297.740254300006	1.9000028260052204e-05	n/a	n/a	n/a	n/a	n/a	n/a
3	n/a	n/a	fix_cross_iti	3297.740254300006	0.0	trigger	n/a	n/a	94	n/a	n/a	n/a	n/a	n/a	n/a	n/a	n/a
3	4	192	image	3298.809552599967	0.7638686666655303	image	fish	fish_01.png	2	3298.8096169999917	6.440002471208572e-05	n/a	n/a	n/a	n/a	0	n/a
3	n/a	n/a	image	3298.8096169999917	0.0	trigger	n/a	n/a	2	n/a	n/a	n/a	n/a	n/a	n/a	n/a	n/a
3	4	192	word	3299.573179800005	0.8164813666412556	word	Tür_german	n/a	104	3299.573203899956	2.4099950678646564e-05	n/a	n/a	n/a	n/a	0	n/a
3	n/a	n/a	word	3299.573203899956	0.0	trigger	n/a	n/a	104	n/a	n/a	n/a	n/a	n/a	n/a	n/a	n/a
3	4	192	feedback	3301.0891664999654	0.0	trigger	n/a	n/a	96	n/a	n/a	n/a	n/a	n/a	n/a	n/a	n/a
3	4	192	possible_button_press	3301.2914803999593	0.0	response	n/a	n/a	n/a	n/a	n/a	n/a	n/a	m	r	0	0
3	4	192	fix_cross_after_trial	3301.3059244999895	0.8998696666717478	fixation cross	n/a	n/a	94	3301.3059517999645	2.729997504502535e-05	n/a	n/a	n/a	n/a	n/a	n/a
3	n/a	n/a	fix_cross_iti	3301.3059517999645	0.0	trigger	n/a	n/a	94	n/a	n/a	n/a	n/a	n/a	n/a	n/a	n/a
3	4	193	image	3302.22681610001	0.7621664666262404	image	chair	chair_09.png	8	3302.226893699961	7.759995060041547e-05	n/a	n/a	n/a	n/a	1	n/a
3	n/a	n/a	image	3302.226893699961	0.0	trigger	n/a	n/a	8	n/a	n/a	n/a	n/a	n/a	n/a	n/a	n/a
3	4	193	word	3302.9888847999973	0.9326408666715906	word	Stuhl_german	n/a	108	3302.9889153999975	3.060000017285347e-05	n/a	n/a	n/a	n/a	1	n/a
3	n/a	n/a	word	3302.9889153999975	0.0	trigger	n/a	n/a	108	n/a	n/a	n/a	n/a	n/a	n/a	n/a	n/a
3	4	193	possible_button_press	3304.4911277999636	0.0	response	n/a	n/a	n/a	n/a	n/a	n/a	n/a	m	m	1	1
3	4	193	fix_cross_after_trial	3304.505109199963	1.1659681666683355	fixation cross	n/a	n/a	94	3304.505141599977	3.2400013878941536e-05	n/a	n/a	n/a	n/a	n/a	n/a
3	n/a	n/a	fix_cross_iti	3304.505141599977	0.0	trigger	n/a	n/a	94	n/a	n/a	n/a	n/a	n/a	n/a	n/a	n/a
3	4	194	image	3305.6904378999607	0.764349066714658	image	rose	rose_05.png	9	3305.690517299983	7.940002251416445e-05	n/a	n/a	n/a	n/a	1	n/a
3	n/a	n/a	image	3305.690517299983	0.0	trigger	n/a	n/a	9	n/a	n/a	n/a	n/a	n/a	n/a	n/a	n/a
3	4	194	word	3306.4545794999576	0.9330417666974427	word	Rose_german	n/a	109	3306.454621199984	4.1700026486068964e-05	n/a	n/a	n/a	n/a	1	n/a
3	n/a	n/a	word	3306.454621199984	0.0	trigger	n/a	n/a	109	n/a	n/a	n/a	n/a	n/a	n/a	n/a	n/a
3	4	194	possible_button_press	3307.9567380999797	0.0	response	n/a	n/a	n/a	n/a	n/a	n/a	n/a	m	m	1	1
3	4	194	fix_cross_after_trial	3307.9763251999975	0.7604641666443968	fixation cross	n/a	n/a	94	3307.9763537999825	2.859998494386673e-05	n/a	n/a	n/a	n/a	n/a	n/a
3	n/a	n/a	fix_cross_iti	3307.9763537999825	0.0	trigger	n/a	n/a	94	n/a	n/a	n/a	n/a	n/a	n/a	n/a	n/a
3	4	195	image	3308.756744399958	0.7637863666791418	image	saw	saw_03.png	10	3308.7568183999974	7.400003960356116e-05	n/a	n/a	n/a	n/a	1	n/a
3	n/a	n/a	image	3308.7568183999974	0.0	trigger	n/a	n/a	10	n/a	n/a	n/a	n/a	n/a	n/a	n/a	n/a
3	4	195	word	3309.5202141999616	0.9495986666920544	word	Säge_german	n/a	110	3309.520245499967	3.130000550299883e-05	n/a	n/a	n/a	n/a	1	n/a
3	n/a	n/a	word	3309.520245499967	0.0	trigger	n/a	n/a	110	n/a	n/a	n/a	n/a	n/a	n/a	n/a	n/a
3	4	195	possible_button_press	3311.0225609999616	0.0	response	n/a	n/a	n/a	n/a	n/a	n/a	n/a	m	m	1	1
3	4	195	fix_cross_after_trial	3311.0363900999655	1.0996616666711816	fixation cross	n/a	n/a	94	3311.0364166999934	2.6600027922540903e-05	n/a	n/a	n/a	n/a	n/a	n/a
3	n/a	n/a	fix_cross_iti	3311.0364166999934	0.0	trigger	n/a	n/a	94	n/a	n/a	n/a	n/a	n/a	n/a	n/a	n/a
3	4	196	image	3312.1564001999795	0.762923666687584	image	book	book_09.png	7	3312.1564904999686	9.029998909682035e-05	n/a	n/a	n/a	n/a	1	n/a
3	n/a	n/a	image	3312.1564904999686	0.0	trigger	n/a	n/a	7	n/a	n/a	n/a	n/a	n/a	n/a	n/a	n/a
3	4	196	word	3312.9192424999783	0.8834330666618371	word	Buch_german	n/a	107	3312.9192870999686	4.4599990360438824e-05	n/a	n/a	n/a	n/a	1	n/a
3	n/a	n/a	word	3312.9192870999686	0.0	trigger	n/a	n/a	107	n/a	n/a	n/a	n/a	n/a	n/a	n/a	n/a
3	4	196	possible_button_press	3314.406387099996	0.0	response	n/a	n/a	n/a	n/a	n/a	n/a	n/a	m	m	1	1
3	4	196	fix_cross_after_trial	3314.4193899999955	0.932529166635959	fixation cross	n/a	n/a	94	3314.4194500999874	6.009999196976423e-05	n/a	n/a	n/a	n/a	n/a	n/a
3	n/a	n/a	fix_cross_iti	3314.4194500999874	0.0	trigger	n/a	n/a	94	n/a	n/a	n/a	n/a	n/a	n/a	n/a	n/a
3	4	197	image	3315.3918955999543	0.759888666686038	image	fish	fish_04.png	2	3315.3919813999673	8.58000130392611e-05	n/a	n/a	n/a	n/a	1	n/a
3	n/a	n/a	image	3315.3919813999673	0.0	trigger	n/a	n/a	2	n/a	n/a	n/a	n/a	n/a	n/a	n/a	n/a
3	4	197	word	3316.151564700005	0.8825891666388088	word	Fisch_german	n/a	102	3316.1515976999654	3.2999960239976645e-05	n/a	n/a	n/a	n/a	1	n/a
3	n/a	n/a	word	3316.1515976999654	0.0	trigger	n/a	n/a	102	n/a	n/a	n/a	n/a	n/a	n/a	n/a	n/a
3	4	197	possible_button_press	3317.6531225999934	0.0	response	n/a	n/a	n/a	n/a	n/a	n/a	n/a	m	m	1	1
3	4	197	fix_cross_after_trial	3317.6676134999725	0.9996997666935385	fixation cross	n/a	n/a	94	3317.6676321999985	1.8700025975704193e-05	n/a	n/a	n/a	n/a	n/a	n/a
3	n/a	n/a	fix_cross_iti	3317.6676321999985	0.0	trigger	n/a	n/a	94	n/a	n/a	n/a	n/a	n/a	n/a	n/a	n/a
3	4	198	image	3318.7050378999556	0.7624526667100326	image	ball	ball_04.png	6	3318.705130999966	9.310001041740179e-05	n/a	n/a	n/a	n/a	1	n/a
3	n/a	n/a	image	3318.705130999966	0.0	trigger	n/a	n/a	6	n/a	n/a	n/a	n/a	n/a	n/a	n/a	n/a
3	4	198	word	3319.466875199985	0.7830947666702741	word	Ball_german	n/a	106	3319.46690140001	2.6200024876743555e-05	n/a	n/a	n/a	n/a	1	n/a
3	n/a	n/a	word	3319.46690140001	0.0	trigger	n/a	n/a	106	n/a	n/a	n/a	n/a	n/a	n/a	n/a	n/a
3	4	198	possible_button_press	3320.969582599995	0.0	response	n/a	n/a	n/a	n/a	n/a	n/a	n/a	m	m	1	1
3	4	198	fix_cross_after_trial	3320.9825601999764	0.8835956666775928	fixation cross	n/a	n/a	94	3320.982585299993	2.5100016500800848e-05	n/a	n/a	n/a	n/a	n/a	n/a
3	n/a	n/a	fix_cross_iti	3320.982585299993	0.0	trigger	n/a	n/a	94	n/a	n/a	n/a	n/a	n/a	n/a	n/a	n/a
3	4	199	image	3321.886873099953	0.7624393666669675	image	fish	fish_05.png	2	3321.8869562000036	8.310005068778992e-05	n/a	n/a	n/a	n/a	1	n/a
3	n/a	n/a	image	3321.8869562000036	0.0	trigger	n/a	n/a	2	n/a	n/a	n/a	n/a	n/a	n/a	n/a	n/a
3	4	199	word	3322.649227099959	0.8833230666973577	word	Fisch_german	n/a	102	3322.6492559000035	2.8800044674426317e-05	n/a	n/a	n/a	n/a	1	n/a
3	n/a	n/a	word	3322.6492559000035	0.0	trigger	n/a	n/a	102	n/a	n/a	n/a	n/a	n/a	n/a	n/a	n/a
3	4	199	possible_button_press	3324.15101099998	0.0	response	n/a	n/a	n/a	n/a	n/a	n/a	n/a	m	m	1	1
3	4	199	fix_cross_after_trial	3324.165219999966	0.9000306666753204	fixation cross	n/a	n/a	94	3324.165240900009	2.0900042727589607e-05	n/a	n/a	n/a	n/a	n/a	n/a
3	n/a	n/a	fix_cross_iti	3324.165240900009	0.0	trigger	n/a	n/a	94	n/a	n/a	n/a	n/a	n/a	n/a	n/a	n/a
3	4	200	image	3325.1031457000063	0.7617757666198486	image	bag	bag_08.png	1	3325.103235399991	8.969998452812433e-05	n/a	n/a	n/a	n/a	1	n/a
3	n/a	n/a	image	3325.103235399991	0.0	trigger	n/a	n/a	1	n/a	n/a	n/a	n/a	n/a	n/a	n/a	n/a
3	4	200	word	3325.8649702999974	0.8993120666750656	word	Tasche_german	n/a	101	3325.864995699958	2.5399960577487946e-05	n/a	n/a	n/a	n/a	1	n/a
3	n/a	n/a	word	3325.864995699958	0.0	trigger	n/a	n/a	101	n/a	n/a	n/a	n/a	n/a	n/a	n/a	n/a
3	4	200	possible_button_press	3327.366992199968	0.0	response	n/a	n/a	n/a	n/a	n/a	n/a	n/a	m	m	1	1
3	4	200	fix_cross_after_trial	3327.3810325000086	0.8501951666589775	fixation cross	n/a	n/a	94	3327.3810568999615	2.4399952962994576e-05	n/a	n/a	n/a	n/a	n/a	n/a
3	n/a	n/a	fix_cross_iti	3327.3810568999615	0.0	trigger	n/a	n/a	94	n/a	n/a	n/a	n/a	n/a	n/a	n/a	n/a
3	4	200	break_instruction	3328.2311230999767	15.011920766676212	break	n/a	n/a	81	3328.231158499955	3.539997851476073e-05	n/a	n/a	n/a	n/a	n/a	n/a
3	n/a	n/a	break_start	3328.231158499955	0.0	trigger	n/a	n/a	81	n/a	n/a	n/a	n/a	n/a	n/a	n/a	n/a
3	n/a	n/a	break_end	3373.186753099959	0.0	trigger	n/a	n/a	82	n/a	n/a	n/a	n/a	n/a	n/a	n/a	n/a
3	5	201	image	3373.238259500009	0.7620529666351104	image	rose	rose_09.png	9	3373.2383317999775	7.229996845126152e-05	n/a	n/a	n/a	n/a	1	n/a
3	n/a	n/a	image	3373.2383317999775	0.0	trigger	n/a	n/a	9	n/a	n/a	n/a	n/a	n/a	n/a	n/a	n/a
3	5	201	word	3374.0001749999938	0.9326614666538262	word	Rose_german	n/a	109	3374.0002067000023	3.170000854879618e-05	n/a	n/a	n/a	n/a	1	n/a
3	n/a	n/a	word	3374.0002067000023	0.0	trigger	n/a	n/a	109	n/a	n/a	n/a	n/a	n/a	n/a	n/a	n/a
3	5	201	possible_button_press	3375.5036363999825	0.0	response	n/a	n/a	n/a	n/a	n/a	n/a	n/a	m	m	1	1
3	5	201	fix_cross_after_trial	3375.5170241000014	0.9490194666473144	fixation cross	n/a	n/a	94	3375.517056099954	3.1999952625483274e-05	n/a	n/a	n/a	n/a	n/a	n/a
3	n/a	n/a	fix_cross_iti	3375.517056099954	0.0	trigger	n/a	n/a	94	n/a	n/a	n/a	n/a	n/a	n/a	n/a	n/a
3	5	202	image	3376.5206580999657	0.7625338666880452	image	fish	fish_09.png	2	3376.5207357999752	7.770000956952572e-05	n/a	n/a	n/a	n/a	0	n/a
3	n/a	n/a	image	3376.5207357999752	0.0	trigger	n/a	n/a	2	n/a	n/a	n/a	n/a	n/a	n/a	n/a	n/a
3	5	202	word	3377.2831837999984	0.9325766666484014	word	Stuhl_german	n/a	108	3377.2832224000013	3.860000288113952e-05	n/a	n/a	n/a	n/a	0	n/a
3	n/a	n/a	word	3377.2832224000013	0.0	trigger	n/a	n/a	108	n/a	n/a	n/a	n/a	n/a	n/a	n/a	n/a
3	5	202	feedback	3378.798927499971	0.0	trigger	n/a	n/a	96	n/a	n/a	n/a	n/a	n/a	n/a	n/a	n/a
3	5	202	possible_button_press	3379.0008634999976	0.0	response	n/a	n/a	n/a	n/a	n/a	n/a	n/a	m	r	0	0
3	5	202	fix_cross_after_trial	3379.0155958000105	1.0164265666430765	fixation cross	n/a	n/a	94	3379.0156206999673	2.489995677024126e-05	n/a	n/a	n/a	n/a	n/a	n/a
3	n/a	n/a	fix_cross_iti	3379.0156206999673	0.0	trigger	n/a	n/a	94	n/a	n/a	n/a	n/a	n/a	n/a	n/a	n/a
3	5	203	image	3380.0512130999705	0.7641123666585372	image	rose	rose_01.png	9	3380.0512967999675	8.369999704882503e-05	n/a	n/a	n/a	n/a	1	n/a
3	n/a	n/a	image	3380.0512967999675	0.0	trigger	n/a	n/a	9	n/a	n/a	n/a	n/a	n/a	n/a	n/a	n/a
3	5	203	word	3380.8151216999977	0.9318225666688704	word	Rose_german	n/a	109	3380.8151630999637	4.139996599406004e-05	n/a	n/a	n/a	n/a	1	n/a
3	n/a	n/a	word	3380.8151630999637	0.0	trigger	n/a	n/a	109	n/a	n/a	n/a	n/a	n/a	n/a	n/a	n/a
3	5	203	possible_button_press	3382.31644949998	0.0	response	n/a	n/a	n/a	n/a	n/a	n/a	n/a	m	m	1	1
3	5	203	fix_cross_after_trial	3382.330710399954	0.8166978667181866	fixation cross	n/a	n/a	94	3382.330736199976	2.5800021830946207e-05	n/a	n/a	n/a	n/a	n/a	n/a
3	n/a	n/a	fix_cross_iti	3382.330736199976	0.0	trigger	n/a	n/a	94	n/a	n/a	n/a	n/a	n/a	n/a	n/a	n/a
3	5	204	image	3383.166324699996	0.7643515666754865	image	fish	fish_01.png	2	3383.1664504999644	0.00012579996837303042	n/a	n/a	n/a	n/a	1	n/a
3	n/a	n/a	image	3383.1664504999644	0.0	trigger	n/a	n/a	2	n/a	n/a	n/a	n/a	n/a	n/a	n/a	n/a
3	5	204	word	3383.9306694999686	0.8819709667045572	word	Fisch_german	n/a	102	3383.9307124000043	4.290003562346101e-05	n/a	n/a	n/a	n/a	1	n/a
3	n/a	n/a	word	3383.9307124000043	0.0	trigger	n/a	n/a	102	n/a	n/a	n/a	n/a	n/a	n/a	n/a	n/a
3	5	204	possible_button_press	3385.4325897999806	0.0	response	n/a	n/a	n/a	n/a	n/a	n/a	n/a	m	m	1	1
3	5	204	fix_cross_after_trial	3385.44660679996	0.7830445666954802	fixation cross	n/a	n/a	94	3385.4466326999827	2.5900022592395544e-05	n/a	n/a	n/a	n/a	n/a	n/a
3	n/a	n/a	fix_cross_iti	3385.4466326999827	0.0	trigger	n/a	n/a	94	n/a	n/a	n/a	n/a	n/a	n/a	n/a	n/a
3	5	205	image	3386.2506288999575	0.7622785666649179	image	bag	bag_03.png	1	3386.2506977999583	6.890000076964498e-05	n/a	n/a	n/a	n/a	1	n/a
3	n/a	n/a	image	3386.2506977999583	0.0	trigger	n/a	n/a	1	n/a	n/a	n/a	n/a	n/a	n/a	n/a	n/a
3	5	205	word	3387.0128406999866	0.8994080666493574	word	Tasche_german	n/a	101	3387.0128708999837	3.0199997127056122e-05	n/a	n/a	n/a	n/a	1	n/a
3	n/a	n/a	word	3387.0128708999837	0.0	trigger	n/a	n/a	101	n/a	n/a	n/a	n/a	n/a	n/a	n/a	n/a
3	5	205	possible_button_press	3388.5146353999735	0.0	response	n/a	n/a	n/a	n/a	n/a	n/a	n/a	m	m	1	1
3	5	205	fix_cross_after_trial	3388.5288377999677	1.0665743667091192	fixation cross	n/a	n/a	94	3388.5288606999675	2.2899999748915434e-05	n/a	n/a	n/a	n/a	n/a	n/a
3	n/a	n/a	fix_cross_iti	3388.5288606999675	0.0	trigger	n/a	n/a	94	n/a	n/a	n/a	n/a	n/a	n/a	n/a	n/a
3	5	206	image	3389.6163350999705	0.7620921667007678	image	door	door_07.png	4	3389.6164229999995	8.790002902969718e-05	n/a	n/a	n/a	n/a	1	n/a
3	n/a	n/a	image	3389.6164229999995	0.0	trigger	n/a	n/a	4	n/a	n/a	n/a	n/a	n/a	n/a	n/a	n/a
3	5	206	word	3390.3786761999945	0.8320994666469232	word	Tür_german	n/a	104	3390.3787157000042	3.950000973418355e-05	n/a	n/a	n/a	n/a	1	n/a
3	n/a	n/a	word	3390.3787157000042	0.0	trigger	n/a	n/a	104	n/a	n/a	n/a	n/a	n/a	n/a	n/a	n/a
3	5	206	possible_button_press	3391.8801570999785	0.0	response	n/a	n/a	n/a	n/a	n/a	n/a	n/a	m	m	1	1
3	5	206	fix_cross_after_trial	3391.8943766999873	0.8828963666496747	fixation cross	n/a	n/a	94	3391.894397499971	2.0799983758479357e-05	n/a	n/a	n/a	n/a	n/a	n/a
3	n/a	n/a	fix_cross_iti	3391.894397499971	0.0	trigger	n/a	n/a	94	n/a	n/a	n/a	n/a	n/a	n/a	n/a	n/a
3	5	207	image	3392.79644929996	0.7643995666917363	image	chair	chair_03.png	8	3392.796523199999	7.390003884211183e-05	n/a	n/a	n/a	n/a	1	n/a
3	n/a	n/a	image	3392.796523199999	0.0	trigger	n/a	n/a	8	n/a	n/a	n/a	n/a	n/a	n/a	n/a	n/a
3	5	207	word	3393.5607954000006	0.9328046666382761	word	Stuhl_german	n/a	108	3393.560823799984	2.8399983420968056e-05	n/a	n/a	n/a	n/a	1	n/a
3	n/a	n/a	word	3393.560823799984	0.0	trigger	n/a	n/a	108	n/a	n/a	n/a	n/a	n/a	n/a	n/a	n/a
3	5	207	possible_button_press	3395.0622527999803	0.0	response	n/a	n/a	n/a	n/a	n/a	n/a	n/a	m	m	1	1
3	5	207	fix_cross_after_trial	3395.076704999956	1.2000263666891442	fixation cross	n/a	n/a	94	3395.076721099962	1.610000617802143e-05	n/a	n/a	n/a	n/a	n/a	n/a
3	n/a	n/a	fix_cross_iti	3395.076721099962	0.0	trigger	n/a	n/a	94	n/a	n/a	n/a	n/a	n/a	n/a	n/a	n/a
3	5	208	image	3396.314579900005	0.7614903666585633	image	door	door_06.png	4	3396.314662699995	8.279999019578099e-05	n/a	n/a	n/a	n/a	1	n/a
3	n/a	n/a	image	3396.314662699995	0.0	trigger	n/a	n/a	4	n/a	n/a	n/a	n/a	n/a	n/a	n/a	n/a
3	5	208	word	3397.0761375	0.8324304666643911	word	Tür_german	n/a	104	3397.076160800003	2.3300002794712782e-05	n/a	n/a	n/a	n/a	1	n/a
3	n/a	n/a	word	3397.076160800003	0.0	trigger	n/a	n/a	104	n/a	n/a	n/a	n/a	n/a	n/a	n/a	n/a
3	5	208	possible_button_press	3398.56196859997	0.0	response	n/a	n/a	n/a	n/a	n/a	n/a	n/a	m	m	1	1
3	5	208	fix_cross_after_trial	3398.57574369997	0.9663011666893908	fixation cross	n/a	n/a	94	3398.5757770999917	3.3400021493434906e-05	n/a	n/a	n/a	n/a	n/a	n/a
3	n/a	n/a	fix_cross_iti	3398.5757770999917	0.0	trigger	n/a	n/a	94	n/a	n/a	n/a	n/a	n/a	n/a	n/a	n/a
3	5	209	image	3399.5615671999985	0.7636148666538247	image	car	car_08.png	5	3399.561639999971	7.27999722585082e-05	n/a	n/a	n/a	n/a	1	n/a
3	n/a	n/a	image	3399.561639999971	0.0	trigger	n/a	n/a	5	n/a	n/a	n/a	n/a	n/a	n/a	n/a	n/a
3	5	209	word	3400.325146499963	0.9499303666566448	word	Auto_german	n/a	105	3400.325178899977	3.2400013878941536e-05	n/a	n/a	n/a	n/a	1	n/a
3	n/a	n/a	word	3400.325178899977	0.0	trigger	n/a	n/a	105	n/a	n/a	n/a	n/a	n/a	n/a	n/a	n/a
3	5	209	possible_button_press	3401.8267507999553	0.0	response	n/a	n/a	n/a	n/a	n/a	n/a	n/a	m	m	1	1
3	5	209	fix_cross_after_trial	3401.841289200005	0.7666996666271189	fixation cross	n/a	n/a	94	3401.841309499985	2.0299979951232672e-05	n/a	n/a	n/a	n/a	n/a	n/a
3	n/a	n/a	fix_cross_iti	3401.841309499985	0.0	trigger	n/a	n/a	94	n/a	n/a	n/a	n/a	n/a	n/a	n/a	n/a
3	5	210	image	3402.6483700999524	0.7594960667233863	image	ball	ball_04.png	6	3402.6484606000013	9.050004882737994e-05	n/a	n/a	n/a	n/a	1	n/a
3	n/a	n/a	image	3402.6484606000013	0.0	trigger	n/a	n/a	6	n/a	n/a	n/a	n/a	n/a	n/a	n/a	n/a
3	5	210	word	3403.4077187000075	0.7821859666187265	word	Ball_german	n/a	106	3403.4077604999766	4.179996903985739e-05	n/a	n/a	n/a	n/a	1	n/a
3	n/a	n/a	word	3403.4077604999766	0.0	trigger	n/a	n/a	106	n/a	n/a	n/a	n/a	n/a	n/a	n/a	n/a
3	5	210	possible_button_press	3404.9099433000083	0.0	response	n/a	n/a	n/a	n/a	n/a	n/a	n/a	m	m	1	1
3	5	210	fix_cross_after_trial	3404.92433119996	0.7997278666630336	fixation cross	n/a	n/a	94	3404.924362199963	3.100000321865082e-05	n/a	n/a	n/a	n/a	n/a	n/a
3	n/a	n/a	fix_cross_iti	3404.924362199963	0.0	trigger	n/a	n/a	94	n/a	n/a	n/a	n/a	n/a	n/a	n/a	n/a
3	5	211	image	3405.761326499982	0.7624966666376167	image	dress	dress_03.png	3	3405.7614194999915	9.300000965595245e-05	n/a	n/a	n/a	n/a	1	n/a
3	n/a	n/a	image	3405.7614194999915	0.0	trigger	n/a	n/a	3	n/a	n/a	n/a	n/a	n/a	n/a	n/a	n/a
3	5	211	word	3406.52357879997	0.9497542666545087	word	Kleid_german	n/a	103	3406.5236096999724	3.090000245720148e-05	n/a	n/a	n/a	n/a	1	n/a
3	n/a	n/a	word	3406.5236096999724	0.0	trigger	n/a	n/a	103	n/a	n/a	n/a	n/a	n/a	n/a	n/a	n/a
3	5	211	possible_button_press	3408.0255093000014	0.0	response	n/a	n/a	n/a	n/a	n/a	n/a	n/a	m	m	1	1
3	5	211	fix_cross_after_trial	3408.0396639999817	1.199821066639288	fixation cross	n/a	n/a	94	3408.039685899974	2.1899992134422064e-05	n/a	n/a	n/a	n/a	n/a	n/a
3	n/a	n/a	fix_cross_iti	3408.039685899974	0.0	trigger	n/a	n/a	94	n/a	n/a	n/a	n/a	n/a	n/a	n/a	n/a
3	5	212	image	3409.2590990999597	0.7635344666819037	image	book	book_06.png	7	3409.2591642999905	6.520003080368042e-05	n/a	n/a	n/a	n/a	1	n/a
3	n/a	n/a	image	3409.2591642999905	0.0	trigger	n/a	n/a	7	n/a	n/a	n/a	n/a	n/a	n/a	n/a	n/a
3	5	212	word	3410.0224653999903	0.8823239666567133	word	Buch_german	n/a	107	3410.0224964999943	3.1100003980100155e-05	n/a	n/a	n/a	n/a	1	n/a
3	n/a	n/a	word	3410.0224964999943	0.0	trigger	n/a	n/a	107	n/a	n/a	n/a	n/a	n/a	n/a	n/a	n/a
3	5	212	possible_button_press	3411.524267599976	0.0	response	n/a	n/a	n/a	n/a	n/a	n/a	n/a	m	m	1	1
3	5	212	fix_cross_after_trial	3411.538218199974	0.8832158666959913	fixation cross	n/a	n/a	94	3411.5382376000052	1.9400031305849552e-05	n/a	n/a	n/a	n/a	n/a	n/a
3	n/a	n/a	fix_cross_iti	3411.5382376000052	0.0	trigger	n/a	n/a	94	n/a	n/a	n/a	n/a	n/a	n/a	n/a	n/a
3	5	213	image	3412.4395866999985	0.7647867666714774	image	dress	dress_02.png	3	3412.439708299993	0.00012159999459981918	n/a	n/a	n/a	n/a	0	n/a
3	n/a	n/a	image	3412.439708299993	0.0	trigger	n/a	n/a	3	n/a	n/a	n/a	n/a	n/a	n/a	n/a	n/a
3	5	213	word	3413.204470800003	0.8323040666332417	word	Tür_german	n/a	104	3413.204495999962	2.519995905458927e-05	n/a	n/a	n/a	n/a	0	n/a
3	n/a	n/a	word	3413.204495999962	0.0	trigger	n/a	n/a	104	n/a	n/a	n/a	n/a	n/a	n/a	n/a	n/a
3	5	213	feedback	3414.7206509999814	0.0	trigger	n/a	n/a	96	n/a	n/a	n/a	n/a	n/a	n/a	n/a	n/a
3	5	213	possible_button_press	3414.906226299994	0.0	response	n/a	n/a	n/a	n/a	n/a	n/a	n/a	m	r	0	0
3	5	213	fix_cross_after_trial	3414.920411899977	0.9167464666575142	fixation cross	n/a	n/a	94	3414.920432499959	2.0599982235580683e-05	n/a	n/a	n/a	n/a	n/a	n/a
3	n/a	n/a	fix_cross_iti	3414.920432499959	0.0	trigger	n/a	n/a	94	n/a	n/a	n/a	n/a	n/a	n/a	n/a	n/a
3	5	214	image	3415.857197999954	0.7636029666796276	image	saw	saw_01.png	10	3415.857267799962	6.980000762268901e-05	n/a	n/a	n/a	n/a	1	n/a
3	n/a	n/a	image	3415.857267799962	0.0	trigger	n/a	n/a	10	n/a	n/a	n/a	n/a	n/a	n/a	n/a	n/a
3	5	214	word	3416.620304399985	0.9487463666632721	word	Säge_german	n/a	110	3416.620351599995	4.7200010158121586e-05	n/a	n/a	n/a	n/a	1	n/a
3	n/a	n/a	word	3416.620351599995	0.0	trigger	n/a	n/a	110	n/a	n/a	n/a	n/a	n/a	n/a	n/a	n/a
3	5	214	possible_button_press	3418.122490299982	0.0	response	n/a	n/a	n/a	n/a	n/a	n/a	n/a	m	m	1	1
3	5	214	fix_cross_after_trial	3418.1393327999976	0.8803181666339697	fixation cross	n/a	n/a	94	3418.1393644000054	3.160000778734684e-05	n/a	n/a	n/a	n/a	n/a	n/a
3	n/a	n/a	fix_cross_iti	3418.1393644000054	0.0	trigger	n/a	n/a	94	n/a	n/a	n/a	n/a	n/a	n/a	n/a	n/a
3	5	215	image	3419.0778255999903	0.7577741666505062	image	ball	ball_02.png	6	3419.078021299967	0.00019569997675716877	n/a	n/a	n/a	n/a	1	n/a
3	n/a	n/a	image	3419.078021299967	0.0	trigger	n/a	n/a	6	n/a	n/a	n/a	n/a	n/a	n/a	n/a	n/a
3	5	215	word	3419.8358485999634	0.7824816666584411	word	Ball_german	n/a	106	3419.8358887999784	4.020001506432891e-05	n/a	n/a	n/a	n/a	1	n/a
3	n/a	n/a	word	3419.8358887999784	0.0	trigger	n/a	n/a	106	n/a	n/a	n/a	n/a	n/a	n/a	n/a	n/a
3	5	215	possible_button_press	3421.337565199996	0.0	response	n/a	n/a	n/a	n/a	n/a	n/a	n/a	m	m	1	1
3	5	215	fix_cross_after_trial	3421.3520247999695	0.9838818666798943	fixation cross	n/a	n/a	94	3421.352055599971	3.0800001695752144e-05	n/a	n/a	n/a	n/a	n/a	n/a
3	n/a	n/a	fix_cross_iti	3421.352055599971	0.0	trigger	n/a	n/a	94	n/a	n/a	n/a	n/a	n/a	n/a	n/a	n/a
3	5	216	image	3422.4465350999963	0.7553036666399748	image	fish	fish_02.png	2	3422.446620600007	8.550001075491309e-05	n/a	n/a	n/a	n/a	1	n/a
3	n/a	n/a	image	3422.446620600007	0.0	trigger	n/a	n/a	2	n/a	n/a	n/a	n/a	n/a	n/a	n/a	n/a
3	5	216	word	3423.201566500007	0.8664053666329892	word	Fisch_german	n/a	102	3423.201606799965	4.029995761811733e-05	n/a	n/a	n/a	n/a	1	n/a
3	n/a	n/a	word	3423.201606799965	0.0	trigger	n/a	n/a	102	n/a	n/a	n/a	n/a	n/a	n/a	n/a	n/a
3	5	216	possible_button_press	3424.7031764999847	0.0	response	n/a	n/a	n/a	n/a	n/a	n/a	n/a	m	m	1	1
3	5	216	fix_cross_after_trial	3424.7173094999744	1.1163861666614139	fixation cross	n/a	n/a	94	3424.717332799977	2.3300002794712782e-05	n/a	n/a	n/a	n/a	n/a	n/a
3	n/a	n/a	fix_cross_iti	3424.717332799977	0.0	trigger	n/a	n/a	94	n/a	n/a	n/a	n/a	n/a	n/a	n/a	n/a
3	5	217	image	3425.8736579999677	0.7602821666555428	image	chair	chair_02.png	8	3425.8737371999887	7.920002099126577e-05	n/a	n/a	n/a	n/a	1	n/a
3	n/a	n/a	image	3425.8737371999887	0.0	trigger	n/a	n/a	8	n/a	n/a	n/a	n/a	n/a	n/a	n/a	n/a
3	5	217	word	3426.6338003999554	0.9162310666911253	word	Stuhl_german	n/a	108	3426.6338417999796	4.140002420172095e-05	n/a	n/a	n/a	n/a	1	n/a
3	n/a	n/a	word	3426.6338417999796	0.0	trigger	n/a	n/a	108	n/a	n/a	n/a	n/a	n/a	n/a	n/a	n/a
3	5	217	possible_button_press	3428.135881199967	0.0	response	n/a	n/a	n/a	n/a	n/a	n/a	n/a	m	m	1	1
3	5	217	fix_cross_after_trial	3428.1496577999787	1.183210566643993	fixation cross	n/a	n/a	94	3428.149680999981	2.3200002033263445e-05	n/a	n/a	n/a	n/a	n/a	n/a
3	n/a	n/a	fix_cross_iti	3428.149680999981	0.0	trigger	n/a	n/a	94	n/a	n/a	n/a	n/a	n/a	n/a	n/a	n/a
3	5	218	image	3429.3513786999974	0.7644445666269348	image	saw	saw_03.png	10	3429.3514452999807	6.659998325631022e-05	n/a	n/a	n/a	n/a	1	n/a
3	n/a	n/a	image	3429.3514452999807	0.0	trigger	n/a	n/a	10	n/a	n/a	n/a	n/a	n/a	n/a	n/a	n/a
3	5	218	word	3430.116077099985	0.9496912666404569	word	Säge_german	n/a	110	3430.1161357999663	5.8699981309473515e-05	n/a	n/a	n/a	n/a	1	n/a
3	n/a	n/a	word	3430.1161357999663	0.0	trigger	n/a	n/a	110	n/a	n/a	n/a	n/a	n/a	n/a	n/a	n/a
3	5	218	possible_button_press	3431.617665699974	0.0	response	n/a	n/a	n/a	n/a	n/a	n/a	n/a	m	m	1	1
3	5	218	fix_cross_after_trial	3431.6319402999943	0.9334670666762577	fixation cross	n/a	n/a	94	3431.631970699993	3.0399998649954796e-05	n/a	n/a	n/a	n/a	n/a	n/a
3	n/a	n/a	fix_cross_iti	3431.631970699993	0.0	trigger	n/a	n/a	94	n/a	n/a	n/a	n/a	n/a	n/a	n/a	n/a
3	5	219	image	3432.5912255999865	0.7568835666793348	image	car	car_03.png	5	3432.5913170999847	9.14999982342124e-05	n/a	n/a	n/a	n/a	1	n/a
3	n/a	n/a	image	3432.5913170999847	0.0	trigger	n/a	n/a	5	n/a	n/a	n/a	n/a	n/a	n/a	n/a	n/a
3	5	219	word	3433.3481826999923	0.9489828666596622	word	Auto_german	n/a	105	3433.3482107999735	2.8099981136620045e-05	n/a	n/a	n/a	n/a	1	n/a
3	n/a	n/a	word	3433.3482107999735	0.0	trigger	n/a	n/a	105	n/a	n/a	n/a	n/a	n/a	n/a	n/a	n/a
3	5	219	possible_button_press	3434.850658999989	0.0	response	n/a	n/a	n/a	n/a	n/a	n/a	n/a	m	m	1	1
3	5	219	fix_cross_after_trial	3434.8648478999967	0.7993182666291432	fixation cross	n/a	n/a	94	3434.8648764999816	2.859998494386673e-05	n/a	n/a	n/a	n/a	n/a	n/a
3	n/a	n/a	fix_cross_iti	3434.8648764999816	0.0	trigger	n/a	n/a	94	n/a	n/a	n/a	n/a	n/a	n/a	n/a	n/a
3	5	220	image	3435.682356999954	0.7647553666652129	image	book	book_09.png	7	3435.6824298999854	7.290003122761846e-05	n/a	n/a	n/a	n/a	1	n/a
3	n/a	n/a	image	3435.6824298999854	0.0	trigger	n/a	n/a	7	n/a	n/a	n/a	n/a	n/a	n/a	n/a	n/a
3	5	220	word	3436.4478720999905	0.8816694666788862	word	Buch_german	n/a	107	3436.4479073999682	3.5299977753311396e-05	n/a	n/a	n/a	n/a	1	n/a
3	n/a	n/a	word	3436.4479073999682	0.0	trigger	n/a	n/a	107	n/a	n/a	n/a	n/a	n/a	n/a	n/a	n/a
3	5	220	possible_button_press	3437.9491259999922	0.0	response	n/a	n/a	n/a	n/a	n/a	n/a	n/a	m	m	1	1
3	5	220	fix_cross_after_trial	3437.963418999978	0.9167239666608111	fixation cross	n/a	n/a	94	3437.9634444999974	2.5500019546598196e-05	n/a	n/a	n/a	n/a	n/a	n/a
3	n/a	n/a	fix_cross_iti	3437.9634444999974	0.0	trigger	n/a	n/a	94	n/a	n/a	n/a	n/a	n/a	n/a	n/a	n/a
3	5	221	image	3438.8995857999544	0.7635130666935765	image	dress	dress_08.png	3	3438.8996558999643	7.010000990703702e-05	n/a	n/a	n/a	n/a	1	n/a
3	n/a	n/a	image	3438.8996558999643	0.0	trigger	n/a	n/a	3	n/a	n/a	n/a	n/a	n/a	n/a	n/a	n/a
3	5	221	word	3439.6627744999714	0.9493455666856789	word	Kleid_german	n/a	103	3439.662800499995	2.600002335384488e-05	n/a	n/a	n/a	n/a	1	n/a
3	n/a	n/a	word	3439.662800499995	0.0	trigger	n/a	n/a	103	n/a	n/a	n/a	n/a	n/a	n/a	n/a	n/a
3	5	221	possible_button_press	3441.1653756999876	0.0	response	n/a	n/a	n/a	n/a	n/a	n/a	n/a	m	m	1	1
3	5	221	fix_cross_after_trial	3441.1790351999807	1.1829941666842387	fixation cross	n/a	n/a	94	3441.179063699965	2.8499984182417393e-05	n/a	n/a	n/a	n/a	n/a	n/a
3	n/a	n/a	fix_cross_iti	3441.179063699965	0.0	trigger	n/a	n/a	94	n/a	n/a	n/a	n/a	n/a	n/a	n/a	n/a
3	5	222	image	3442.3815413999837	0.7638044666423411	image	book	book_05.png	7	3442.381628800009	8.74000252224505e-05	n/a	n/a	n/a	n/a	1	n/a
3	n/a	n/a	image	3442.381628800009	0.0	trigger	n/a	n/a	7	n/a	n/a	n/a	n/a	n/a	n/a	n/a	n/a
3	5	222	word	3443.1453165999847	0.8824119666865045	word	Buch_german	n/a	107	3443.145355099987	3.850000211969018e-05	n/a	n/a	n/a	n/a	1	n/a
3	n/a	n/a	word	3443.145355099987	0.0	trigger	n/a	n/a	107	n/a	n/a	n/a	n/a	n/a	n/a	n/a	n/a
3	5	222	possible_button_press	3444.647594099981	0.0	response	n/a	n/a	n/a	n/a	n/a	n/a	n/a	m	m	1	1
3	5	222	fix_cross_after_trial	3444.6615143999807	1.1829002666677297	fixation cross	n/a	n/a	94	3444.6615464999923	3.2100011594593525e-05	n/a	n/a	n/a	n/a	n/a	n/a
3	n/a	n/a	fix_cross_iti	3444.6615464999923	0.0	trigger	n/a	n/a	94	n/a	n/a	n/a	n/a	n/a	n/a	n/a	n/a
3	5	223	image	3445.8650792999542	0.7625760667183386	image	saw	saw_07.png	10	3445.8651741999784	9.490002412348986e-05	n/a	n/a	n/a	n/a	1	n/a
3	n/a	n/a	image	3445.8651741999784	0.0	trigger	n/a	n/a	10	n/a	n/a	n/a	n/a	n/a	n/a	n/a	n/a
3	5	223	word	3446.627546600008	0.9490220666671121	word	Säge_german	n/a	110	3446.627592600009	4.600000102072954e-05	n/a	n/a	n/a	n/a	1	n/a
3	n/a	n/a	word	3446.627592600009	0.0	trigger	n/a	n/a	110	n/a	n/a	n/a	n/a	n/a	n/a	n/a	n/a
3	5	223	possible_button_press	3448.1289052999928	0.0	response	n/a	n/a	n/a	n/a	n/a	n/a	n/a	m	m	1	1
3	5	223	fix_cross_after_trial	3448.1432936000056	0.8001191666157865	fixation cross	n/a	n/a	94	3448.1433168000076	2.3200002033263445e-05	n/a	n/a	n/a	n/a	n/a	n/a
3	n/a	n/a	fix_cross_iti	3448.1433168000076	0.0	trigger	n/a	n/a	94	n/a	n/a	n/a	n/a	n/a	n/a	n/a	n/a
3	5	224	image	3448.9619256999576	0.7648386667174236	image	door	door_08.png	4	3448.962008600007	8.290004916489124e-05	n/a	n/a	n/a	n/a	0	n/a
3	n/a	n/a	image	3448.962008600007	0.0	trigger	n/a	n/a	4	n/a	n/a	n/a	n/a	n/a	n/a	n/a	n/a
3	5	224	word	3449.7266775000026	0.9495376666350239	word	Auto_german	n/a	105	3449.7267201999784	4.269997589290142e-05	n/a	n/a	n/a	n/a	0	n/a
3	n/a	n/a	word	3449.7267201999784	0.0	trigger	n/a	n/a	105	n/a	n/a	n/a	n/a	n/a	n/a	n/a	n/a
3	5	224	feedback	3451.242620099976	0.0	trigger	n/a	n/a	96	n/a	n/a	n/a	n/a	n/a	n/a	n/a	n/a
3	5	224	possible_button_press	3451.4450059999945	0.0	response	n/a	n/a	n/a	n/a	n/a	n/a	n/a	m	r	0	0
3	5	224	fix_cross_after_trial	3451.458957900002	1.2498693666461804	fixation cross	n/a	n/a	94	3451.4589832999627	2.5399960577487946e-05	n/a	n/a	n/a	n/a	n/a	n/a
3	n/a	n/a	fix_cross_iti	3451.4589832999627	0.0	trigger	n/a	n/a	94	n/a	n/a	n/a	n/a	n/a	n/a	n/a	n/a
3	5	225	image	3452.727313899959	0.7644039666670324	image	saw	saw_06.png	10	3452.727400199976	8.630001684650779e-05	n/a	n/a	n/a	n/a	1	n/a
3	n/a	n/a	image	3452.727400199976	0.0	trigger	n/a	n/a	10	n/a	n/a	n/a	n/a	n/a	n/a	n/a	n/a
3	5	225	word	3453.491778799973	0.9492654666578346	word	Säge_german	n/a	110	3453.491811099986	3.23000131174922e-05	n/a	n/a	n/a	n/a	1	n/a
3	n/a	n/a	word	3453.491811099986	0.0	trigger	n/a	n/a	110	n/a	n/a	n/a	n/a	n/a	n/a	n/a	n/a
3	5	225	possible_button_press	3454.993284999975	0.0	response	n/a	n/a	n/a	n/a	n/a	n/a	n/a	m	m	1	1
3	5	225	fix_cross_after_trial	3455.0079614999704	0.8995695666567372	fixation cross	n/a	n/a	94	3455.0079982999596	3.679998917505145e-05	n/a	n/a	n/a	n/a	n/a	n/a
3	n/a	n/a	fix_cross_iti	3455.0079982999596	0.0	trigger	n/a	n/a	94	n/a	n/a	n/a	n/a	n/a	n/a	n/a	n/a
3	5	226	image	3455.927270199987	0.7633963666780801	image	dress	dress_07.png	3	3455.927354399988	8.420000085607171e-05	n/a	n/a	n/a	n/a	1	n/a
3	n/a	n/a	image	3455.927354399988	0.0	trigger	n/a	n/a	3	n/a	n/a	n/a	n/a	n/a	n/a	n/a	n/a
3	5	226	word	3456.6907397999894	0.9493485666503148	word	Kleid_german	n/a	103	3456.6907782999915	3.850000211969018e-05	n/a	n/a	n/a	n/a	1	n/a
3	n/a	n/a	word	3456.6907782999915	0.0	trigger	n/a	n/a	103	n/a	n/a	n/a	n/a	n/a	n/a	n/a	n/a
3	5	226	possible_button_press	3458.1764285999816	0.0	response	n/a	n/a	n/a	n/a	n/a	n/a	n/a	m	m	1	1
3	5	226	fix_cross_after_trial	3458.1902232999564	1.1663638667127998	fixation cross	n/a	n/a	94	3458.1902547999634	3.15000070258975e-05	n/a	n/a	n/a	n/a	n/a	n/a
3	n/a	n/a	fix_cross_iti	3458.1902547999634	0.0	trigger	n/a	n/a	94	n/a	n/a	n/a	n/a	n/a	n/a	n/a	n/a
3	5	227	image	3459.397689799953	0.7588140667107837	image	chair	chair_06.png	8	3459.397774299956	8.450000314041972e-05	n/a	n/a	n/a	n/a	1	n/a
3	n/a	n/a	image	3459.397774299956	0.0	trigger	n/a	n/a	8	n/a	n/a	n/a	n/a	n/a	n/a	n/a	n/a
3	5	227	word	3460.1563906999654	0.932418366665388	word	Stuhl_german	n/a	108	3460.15642449999	3.3800024539232254e-05	n/a	n/a	n/a	n/a	1	n/a
3	n/a	n/a	word	3460.15642449999	0.0	trigger	n/a	n/a	108	n/a	n/a	n/a	n/a	n/a	n/a	n/a	n/a
3	5	227	possible_button_press	3461.658906699973	0.0	response	n/a	n/a	n/a	n/a	n/a	n/a	n/a	m	m	1	1
3	5	227	fix_cross_after_trial	3461.67277309997	1.1330207666655951	fixation cross	n/a	n/a	94	3461.672808500007	3.5400036722421646e-05	n/a	n/a	n/a	n/a	n/a	n/a
3	n/a	n/a	fix_cross_iti	3461.672808500007	0.0	trigger	n/a	n/a	94	n/a	n/a	n/a	n/a	n/a	n/a	n/a	n/a
3	5	228	image	3462.8449811000028	0.7607722666621157	image	bag	bag_04.png	1	3462.8450631999876	8.209998486563563e-05	n/a	n/a	n/a	n/a	1	n/a
3	n/a	n/a	image	3462.8450631999876	0.0	trigger	n/a	n/a	1	n/a	n/a	n/a	n/a	n/a	n/a	n/a	n/a
3	5	228	word	3463.6054463000037	0.8988653666497157	word	Tasche_german	n/a	101	3463.605485799955	3.9499951526522636e-05	n/a	n/a	n/a	n/a	1	n/a
3	n/a	n/a	word	3463.605485799955	0.0	trigger	n/a	n/a	101	n/a	n/a	n/a	n/a	n/a	n/a	n/a	n/a
3	5	228	possible_button_press	3465.107639199996	0.0	response	n/a	n/a	n/a	n/a	n/a	n/a	n/a	m	m	1	1
3	5	228	fix_cross_after_trial	3465.121539399959	0.8168318666907908	fixation cross	n/a	n/a	94	3465.1215583999874	1.9000028260052204e-05	n/a	n/a	n/a	n/a	n/a	n/a
3	n/a	n/a	fix_cross_iti	3465.1215583999874	0.0	trigger	n/a	n/a	94	n/a	n/a	n/a	n/a	n/a	n/a	n/a	n/a
3	5	229	image	3465.958376900002	0.7630412666517259	image	dress	dress_04.png	3	3465.9584651999758	8.829997386783361e-05	n/a	n/a	n/a	n/a	1	n/a
3	n/a	n/a	image	3465.9584651999758	0.0	trigger	n/a	n/a	3	n/a	n/a	n/a	n/a	n/a	n/a	n/a	n/a
3	5	229	word	3466.721222699969	0.9490783666883544	word	Kleid_german	n/a	103	3466.721248499991	2.5800021830946207e-05	n/a	n/a	n/a	n/a	1	n/a
3	n/a	n/a	word	3466.721248499991	0.0	trigger	n/a	n/a	103	n/a	n/a	n/a	n/a	n/a	n/a	n/a	n/a
3	5	229	possible_button_press	3468.2232778999605	0.0	response	n/a	n/a	n/a	n/a	n/a	n/a	n/a	m	m	1	1
3	5	229	fix_cross_after_trial	3468.237425500003	0.9997490666614794	fixation cross	n/a	n/a	94	3468.2374469999922	2.1499989088624716e-05	n/a	n/a	n/a	n/a	n/a	n/a
3	n/a	n/a	fix_cross_iti	3468.2374469999922	0.0	trigger	n/a	n/a	94	n/a	n/a	n/a	n/a	n/a	n/a	n/a	n/a
3	5	230	image	3469.2545290999697	0.7663262666942501	image	car	car_05.png	5	3469.254598599975	6.9500005338341e-05	n/a	n/a	n/a	n/a	1	n/a
3	n/a	n/a	image	3469.254598599975	0.0	trigger	n/a	n/a	5	n/a	n/a	n/a	n/a	n/a	n/a	n/a	n/a
3	5	230	word	3470.0208123999764	0.9490984666667828	word	Auto_german	n/a	105	3470.020855299954	4.2899977415800095e-05	n/a	n/a	n/a	n/a	1	n/a
3	n/a	n/a	word	3470.020855299954	0.0	trigger	n/a	n/a	105	n/a	n/a	n/a	n/a	n/a	n/a	n/a	n/a
3	5	230	possible_button_press	3471.52126020001	0.0	response	n/a	n/a	n/a	n/a	n/a	n/a	n/a	m	m	1	1
3	5	230	fix_cross_after_trial	3471.5357800999773	0.816588566642622	fixation cross	n/a	n/a	94	3471.5358007999603	2.069998299703002e-05	n/a	n/a	n/a	n/a	n/a	n/a
3	n/a	n/a	fix_cross_iti	3471.5358007999603	0.0	trigger	n/a	n/a	94	n/a	n/a	n/a	n/a	n/a	n/a	n/a	n/a
3	5	231	image	3472.390377499978	0.7619853666442395	image	door	door_03.png	4	3472.390463299991	8.58000130392611e-05	n/a	n/a	n/a	n/a	1	n/a
3	n/a	n/a	image	3472.390463299991	0.0	trigger	n/a	n/a	4	n/a	n/a	n/a	n/a	n/a	n/a	n/a	n/a
3	5	231	word	3473.1522605000064	0.8322831666487218	word	Tür_german	n/a	104	3473.1522872999776	2.6799971237778664e-05	n/a	n/a	n/a	n/a	1	n/a
3	n/a	n/a	word	3473.1522872999776	0.0	trigger	n/a	n/a	104	n/a	n/a	n/a	n/a	n/a	n/a	n/a	n/a
3	5	231	possible_button_press	3474.6545056999894	0.0	response	n/a	n/a	n/a	n/a	n/a	n/a	n/a	m	m	1	1
3	5	231	fix_cross_after_trial	3474.668273099989	0.8830282666644962	fixation cross	n/a	n/a	94	3474.6682927999645	1.969997538253665e-05	n/a	n/a	n/a	n/a	n/a	n/a
3	n/a	n/a	fix_cross_iti	3474.6682927999645	0.0	trigger	n/a	n/a	94	n/a	n/a	n/a	n/a	n/a	n/a	n/a	n/a
3	5	232	image	3475.5521958000027	0.7655834666261399	image	book	book_07.png	7	3475.552253199974	5.7399971410632133e-05	n/a	n/a	n/a	n/a	1	n/a
3	n/a	n/a	image	3475.552253199974	0.0	trigger	n/a	n/a	7	n/a	n/a	n/a	n/a	n/a	n/a	n/a	n/a
3	5	232	word	3476.317846699967	0.8824687666533464	word	Buch_german	n/a	107	3476.317872799991	2.6100024115294218e-05	n/a	n/a	n/a	n/a	1	n/a
3	n/a	n/a	word	3476.317872799991	0.0	trigger	n/a	n/a	107	n/a	n/a	n/a	n/a	n/a	n/a	n/a	n/a
3	5	232	possible_button_press	3477.819184299966	0.0	response	n/a	n/a	n/a	n/a	n/a	n/a	n/a	m	m	1	1
3	5	232	fix_cross_after_trial	3477.833847299975	1.0832148667000183	fixation cross	n/a	n/a	94	3477.833868399961	2.1099986042827368e-05	n/a	n/a	n/a	n/a	n/a	n/a
3	n/a	n/a	fix_cross_iti	3477.833868399961	0.0	trigger	n/a	n/a	94	n/a	n/a	n/a	n/a	n/a	n/a	n/a	n/a
3	5	233	image	3478.9938272999716	0.7566658666514741	image	chair	chair_05.png	8	3478.9939078000025	8.050003089010715e-05	n/a	n/a	n/a	n/a	1	n/a
3	n/a	n/a	image	3478.9939078000025	0.0	trigger	n/a	n/a	8	n/a	n/a	n/a	n/a	n/a	n/a	n/a	n/a
3	5	233	word	3479.7503404999734	0.9323290666839057	word	Stuhl_german	n/a	108	3479.750383799954	4.329998046159744e-05	n/a	n/a	n/a	n/a	1	n/a
3	n/a	n/a	word	3479.750383799954	0.0	trigger	n/a	n/a	108	n/a	n/a	n/a	n/a	n/a	n/a	n/a	n/a
3	5	233	possible_button_press	3481.2524319000077	0.0	response	n/a	n/a	n/a	n/a	n/a	n/a	n/a	m	m	1	1
3	5	233	fix_cross_after_trial	3481.266317599977	0.9832678666612082	fixation cross	n/a	n/a	94	3481.2663379999576	2.039998071268201e-05	n/a	n/a	n/a	n/a	n/a	n/a
3	n/a	n/a	fix_cross_iti	3481.2663379999576	0.0	trigger	n/a	n/a	94	n/a	n/a	n/a	n/a	n/a	n/a	n/a	n/a
3	5	234	image	3482.2674190999824	0.7652491666417518	image	bag	bag_01.png	1	3482.267495599983	7.650000043213367e-05	n/a	n/a	n/a	n/a	1	n/a
3	n/a	n/a	image	3482.267495599983	0.0	trigger	n/a	n/a	1	n/a	n/a	n/a	n/a	n/a	n/a	n/a	n/a
3	5	234	word	3483.033235799987	0.8981197666767002	word	Tasche_german	n/a	101	3483.0332727999776	3.6999990697950125e-05	n/a	n/a	n/a	n/a	1	n/a
3	n/a	n/a	word	3483.0332727999776	0.0	trigger	n/a	n/a	101	n/a	n/a	n/a	n/a	n/a	n/a	n/a	n/a
3	5	234	possible_button_press	3484.5349397999817	0.0	response	n/a	n/a	n/a	n/a	n/a	n/a	n/a	m	m	1	1
3	5	234	fix_cross_after_trial	3484.548852799984	0.8829865666380101	fixation cross	n/a	n/a	94	3484.548890999984	3.819999983534217e-05	n/a	n/a	n/a	n/a	n/a	n/a
3	n/a	n/a	fix_cross_iti	3484.548890999984	0.0	trigger	n/a	n/a	94	n/a	n/a	n/a	n/a	n/a	n/a	n/a	n/a
3	5	235	image	3485.662715899991	0.7519699666340784	image	ball	ball_07.png	6	3485.6628146999865	9.879999561235309e-05	n/a	n/a	n/a	n/a	1	n/a
3	n/a	n/a	image	3485.6628146999865	0.0	trigger	n/a	n/a	6	n/a	n/a	n/a	n/a	n/a	n/a	n/a	n/a
3	5	235	word	3486.4146781999734	0.7822937666828693	word	Ball_german	n/a	106	3486.4147066999576	2.8499984182417393e-05	n/a	n/a	n/a	n/a	1	n/a
3	n/a	n/a	word	3486.4147066999576	0.0	trigger	n/a	n/a	106	n/a	n/a	n/a	n/a	n/a	n/a	n/a	n/a
3	5	235	possible_button_press	3487.9164073999855	0.0	response	n/a	n/a	n/a	n/a	n/a	n/a	n/a	m	m	1	1
3	5	235	fix_cross_after_trial	3487.930610499985	0.8001702666556412	fixation cross	n/a	n/a	94	3487.930629499955	1.899997005239129e-05	n/a	n/a	n/a	n/a	n/a	n/a
3	n/a	n/a	fix_cross_iti	3487.930629499955	0.0	trigger	n/a	n/a	94	n/a	n/a	n/a	n/a	n/a	n/a	n/a	n/a
3	5	236	image	3488.750649900001	0.7632310666417652	image	car	car_09.png	5	3488.750737399969	8.749996777623892e-05	n/a	n/a	n/a	n/a	1	n/a
3	n/a	n/a	image	3488.750737399969	0.0	trigger	n/a	n/a	5	n/a	n/a	n/a	n/a	n/a	n/a	n/a	n/a
3	5	236	word	3489.514526099956	0.9490275667089918	word	Auto_german	n/a	105	3489.5145570999593	3.100000321865082e-05	n/a	n/a	n/a	n/a	1	n/a
3	n/a	n/a	word	3489.5145570999593	0.0	trigger	n/a	n/a	105	n/a	n/a	n/a	n/a	n/a	n/a	n/a	n/a
3	5	236	possible_button_press	3491.016043999989	0.0	response	n/a	n/a	n/a	n/a	n/a	n/a	n/a	m	m	1	1
3	5	236	fix_cross_after_trial	3491.0297941999743	1.0663315666647577	fixation cross	n/a	n/a	94	3491.0298181999824	2.400000812485814e-05	n/a	n/a	n/a	n/a	n/a	n/a
3	n/a	n/a	fix_cross_iti	3491.0298181999824	0.0	trigger	n/a	n/a	94	n/a	n/a	n/a	n/a	n/a	n/a	n/a	n/a
3	5	237	image	3492.114507499966	0.7650154666666822	image	rose	rose_05.png	9	3492.1145789999864	7.150002056732774e-05	n/a	n/a	n/a	n/a	1	n/a
3	n/a	n/a	image	3492.1145789999864	0.0	trigger	n/a	n/a	9	n/a	n/a	n/a	n/a	n/a	n/a	n/a	n/a
3	5	237	word	3492.8798748999834	0.9325904666370661	word	Rose_german	n/a	109	3492.879919899977	4.499999340623617e-05	n/a	n/a	n/a	n/a	1	n/a
3	n/a	n/a	word	3492.879919899977	0.0	trigger	n/a	n/a	109	n/a	n/a	n/a	n/a	n/a	n/a	n/a	n/a
3	5	237	possible_button_press	3494.380762899993	0.0	response	n/a	n/a	n/a	n/a	n/a	n/a	n/a	m	m	1	1
3	5	237	fix_cross_after_trial	3494.395334300003	1.1170315666281567	fixation cross	n/a	n/a	94	3494.3953589999583	2.4699955247342587e-05	n/a	n/a	n/a	n/a	n/a	n/a
3	n/a	n/a	fix_cross_iti	3494.3953589999583	0.0	trigger	n/a	n/a	94	n/a	n/a	n/a	n/a	n/a	n/a	n/a	n/a
3	5	238	image	3495.5484162999783	0.7637314666685597	image	ball	ball_06.png	6	3495.548490999965	7.469998672604561e-05	n/a	n/a	n/a	n/a	1	n/a
3	n/a	n/a	image	3495.548490999965	0.0	trigger	n/a	n/a	6	n/a	n/a	n/a	n/a	n/a	n/a	n/a	n/a
3	5	238	word	3496.3118262999924	0.782225966632268	word	Ball_german	n/a	106	3496.311860899965	3.4599972423166037e-05	n/a	n/a	n/a	n/a	1	n/a
3	n/a	n/a	word	3496.311860899965	0.0	trigger	n/a	n/a	106	n/a	n/a	n/a	n/a	n/a	n/a	n/a	n/a
3	5	238	possible_button_press	3497.813992099953	0.0	response	n/a	n/a	n/a	n/a	n/a	n/a	n/a	m	m	1	1
3	5	238	fix_cross_after_trial	3497.8278889000067	1.0995626666158387	fixation cross	n/a	n/a	94	3497.8279174999916	2.859998494386673e-05	n/a	n/a	n/a	n/a	n/a	n/a
3	n/a	n/a	fix_cross_iti	3497.8279174999916	0.0	trigger	n/a	n/a	94	n/a	n/a	n/a	n/a	n/a	n/a	n/a	n/a
3	5	239	image	3498.947436699993	0.7635592666379125	image	bag	bag_06.png	1	3498.9475358999916	9.919999865815043e-05	n/a	n/a	n/a	n/a	0	n/a
3	n/a	n/a	image	3498.9475358999916	0.0	trigger	n/a	n/a	1	n/a	n/a	n/a	n/a	n/a	n/a	n/a	n/a
3	5	239	word	3499.7108687	0.9494320666458407	word	Säge_german	n/a	110	3499.7109000000055	3.130000550299883e-05	n/a	n/a	n/a	n/a	0	n/a
3	n/a	n/a	word	3499.7109000000055	0.0	trigger	n/a	n/a	110	n/a	n/a	n/a	n/a	n/a	n/a	n/a	n/a
3	5	239	feedback	3501.22708599997	0.0	trigger	n/a	n/a	96	n/a	n/a	n/a	n/a	n/a	n/a	n/a	n/a
3	5	239	possible_button_press	3501.4133456999552	0.0	response	n/a	n/a	n/a	n/a	n/a	n/a	n/a	m	r	0	0
3	5	239	fix_cross_after_trial	3501.427610899962	1.1988575666950965	fixation cross	n/a	n/a	94	3501.427672299964	6.140000186860561e-05	n/a	n/a	n/a	n/a	n/a	n/a
3	n/a	n/a	fix_cross_iti	3501.427672299964	0.0	trigger	n/a	n/a	94	n/a	n/a	n/a	n/a	n/a	n/a	n/a	n/a
3	5	240	image	3502.645135400002	0.764621566635924	image	rose	rose_10.png	9	3502.645223099971	8.769996929913759e-05	n/a	n/a	n/a	n/a	1	n/a
3	n/a	n/a	image	3502.645223099971	0.0	trigger	n/a	n/a	9	n/a	n/a	n/a	n/a	n/a	n/a	n/a	n/a
3	5	240	word	3503.4096989999525	0.9320013666915656	word	Rose_german	n/a	109	3503.409743199998	4.420004552230239e-05	n/a	n/a	n/a	n/a	1	n/a
3	n/a	n/a	word	3503.409743199998	0.0	trigger	n/a	n/a	109	n/a	n/a	n/a	n/a	n/a	n/a	n/a	n/a
3	5	240	possible_button_press	3504.9112548999838	0.0	response	n/a	n/a	n/a	n/a	n/a	n/a	n/a	m	m	1	1
3	5	240	fix_cross_after_trial	3504.9256218000082	1.216159466658155	fixation cross	n/a	n/a	94	3504.9256435999996	2.1799991372972727e-05	n/a	n/a	n/a	n/a	n/a	n/a
3	n/a	n/a	fix_cross_iti	3504.9256435999996	0.0	trigger	n/a	n/a	94	n/a	n/a	n/a	n/a	n/a	n/a	n/a	n/a
3	5	241	image	3506.1611406999873	0.7643847666372494	image	bag	bag_05.png	1	3506.161236899963	9.619997581467032e-05	n/a	n/a	n/a	n/a	1	n/a
3	n/a	n/a	image	3506.161236899963	0.0	trigger	n/a	n/a	1	n/a	n/a	n/a	n/a	n/a	n/a	n/a	n/a
3	5	241	word	3506.9251300999895	0.8987299666664512	word	Tasche_german	n/a	101	3506.9251668999786	3.679998917505145e-05	n/a	n/a	n/a	n/a	1	n/a
3	n/a	n/a	word	3506.9251668999786	0.0	trigger	n/a	n/a	101	n/a	n/a	n/a	n/a	n/a	n/a	n/a	n/a
3	5	241	possible_button_press	3508.4266384000075	0.0	response	n/a	n/a	n/a	n/a	n/a	n/a	n/a	m	m	1	1
3	5	241	fix_cross_after_trial	3508.440911899961	0.9835956667125174	fixation cross	n/a	n/a	94	3508.4409319999977	2.010003663599491e-05	n/a	n/a	n/a	n/a	n/a	n/a
3	n/a	n/a	fix_cross_iti	3508.4409319999977	0.0	trigger	n/a	n/a	94	n/a	n/a	n/a	n/a	n/a	n/a	n/a	n/a
3	5	242	image	3509.442872399988	0.7646853666560673	image	saw	saw_09.png	10	3509.442964499991	9.210000280290842e-05	n/a	n/a	n/a	n/a	1	n/a
3	n/a	n/a	image	3509.442964499991	0.0	trigger	n/a	n/a	10	n/a	n/a	n/a	n/a	n/a	n/a	n/a	n/a
3	5	242	word	3510.20785919996	0.9492983666755208	word	Säge_german	n/a	110	3510.207909699995	5.050003528594971e-05	n/a	n/a	n/a	n/a	1	n/a
3	n/a	n/a	word	3510.207909699995	0.0	trigger	n/a	n/a	110	n/a	n/a	n/a	n/a	n/a	n/a	n/a	n/a
3	5	242	possible_button_press	3511.7094911999884	0.0	response	n/a	n/a	n/a	n/a	n/a	n/a	n/a	m	m	1	1
3	5	242	fix_cross_after_trial	3511.723289799993	0.8832079666358368	fixation cross	n/a	n/a	94	3511.7233173999703	2.759997732937336e-05	n/a	n/a	n/a	n/a	n/a	n/a
3	n/a	n/a	fix_cross_iti	3511.7233173999703	0.0	trigger	n/a	n/a	94	n/a	n/a	n/a	n/a	n/a	n/a	n/a	n/a
3	5	243	image	3512.8584371999605	0.7647797666763836	image	ball	ball_03.png	6	3512.8585365999606	9.940000018104911e-05	n/a	n/a	n/a	n/a	1	n/a
3	n/a	n/a	image	3512.8585365999606	0.0	trigger	n/a	n/a	6	n/a	n/a	n/a	n/a	n/a	n/a	n/a	n/a
3	5	243	word	3513.6231052000076	0.7822948666330376	word	Ball_german	n/a	106	3513.6231503000017	4.509999416768551e-05	n/a	n/a	n/a	n/a	1	n/a
3	n/a	n/a	word	3513.6231503000017	0.0	trigger	n/a	n/a	106	n/a	n/a	n/a	n/a	n/a	n/a	n/a	n/a
3	5	243	possible_button_press	3515.1243289999547	0.0	response	n/a	n/a	n/a	n/a	n/a	n/a	n/a	m	m	1	1
3	5	243	fix_cross_after_trial	3515.138757799985	1.0832896666875058	fixation cross	n/a	n/a	94	3515.138780499983	2.269999822601676e-05	n/a	n/a	n/a	n/a	n/a	n/a
3	n/a	n/a	fix_cross_iti	3515.138780499983	0.0	trigger	n/a	n/a	94	n/a	n/a	n/a	n/a	n/a	n/a	n/a	n/a
3	5	244	image	3516.240428799996	0.7644829666282931	image	door	door_10.png	4	3516.240514300007	8.550001075491309e-05	n/a	n/a	n/a	n/a	1	n/a
3	n/a	n/a	image	3516.240514300007	0.0	trigger	n/a	n/a	4	n/a	n/a	n/a	n/a	n/a	n/a	n/a	n/a
3	5	244	word	3517.0051832000026	0.8165701666189307	word	Tür_german	n/a	104	3517.0052204999956	3.7299992982298136e-05	n/a	n/a	n/a	n/a	1	n/a
3	n/a	n/a	word	3517.0052204999956	0.0	trigger	n/a	n/a	104	n/a	n/a	n/a	n/a	n/a	n/a	n/a	n/a
3	5	244	possible_button_press	3518.5064030999783	0.0	response	n/a	n/a	n/a	n/a	n/a	n/a	n/a	m	m	1	1
3	5	244	fix_cross_after_trial	3518.521054099954	1.083520666700224	fixation cross	n/a	n/a	94	3518.5210784999654	2.440001117065549e-05	n/a	n/a	n/a	n/a	n/a	n/a
3	n/a	n/a	fix_cross_iti	3518.5210784999654	0.0	trigger	n/a	n/a	94	n/a	n/a	n/a	n/a	n/a	n/a	n/a	n/a
3	5	245	image	3519.6552615999826	0.749074166644732	image	fish	fish_04.png	2	3519.655369999993	0.00010840001050382853	n/a	n/a	n/a	n/a	1	n/a
3	n/a	n/a	image	3519.655369999993	0.0	trigger	n/a	n/a	2	n/a	n/a	n/a	n/a	n/a	n/a	n/a	n/a
3	5	245	word	3520.4042625	0.8820194666664065	word	Fisch_german	n/a	102	3520.4043024999555	3.999995533376932e-05	n/a	n/a	n/a	n/a	1	n/a
3	n/a	n/a	word	3520.4043024999555	0.0	trigger	n/a	n/a	102	n/a	n/a	n/a	n/a	n/a	n/a	n/a	n/a
3	5	245	possible_button_press	3521.906193199975	0.0	response	n/a	n/a	n/a	n/a	n/a	n/a	n/a	m	m	1	1
3	5	245	fix_cross_after_trial	3521.9205774999573	1.132727466702363	fixation cross	n/a	n/a	94	3521.920607899956	3.0399998649954796e-05	n/a	n/a	n/a	n/a	n/a	n/a
3	n/a	n/a	fix_cross_iti	3521.920607899956	0.0	trigger	n/a	n/a	94	n/a	n/a	n/a	n/a	n/a	n/a	n/a	n/a
3	5	246	image	3523.0740671000094	0.7621151666430706	image	chair	chair_04.png	8	3523.0741536999703	8.659996092319489e-05	n/a	n/a	n/a	n/a	1	n/a
3	n/a	n/a	image	3523.0741536999703	0.0	trigger	n/a	n/a	8	n/a	n/a	n/a	n/a	n/a	n/a	n/a	n/a
3	5	246	word	3523.8363533999654	0.9165723666706072	word	Stuhl_german	n/a	108	3523.8363910999615	3.7699996028095484e-05	n/a	n/a	n/a	n/a	1	n/a
3	n/a	n/a	word	3523.8363910999615	0.0	trigger	n/a	n/a	108	n/a	n/a	n/a	n/a	n/a	n/a	n/a	n/a
3	5	246	possible_button_press	3525.3382906999905	0.0	response	n/a	n/a	n/a	n/a	n/a	n/a	n/a	m	m	1	1
3	5	246	fix_cross_after_trial	3525.352928999986	0.8995198666857505	fixation cross	n/a	n/a	94	3525.35296009999	3.1100003980100155e-05	n/a	n/a	n/a	n/a	n/a	n/a
3	n/a	n/a	fix_cross_iti	3525.35296009999	0.0	trigger	n/a	n/a	94	n/a	n/a	n/a	n/a	n/a	n/a	n/a	n/a
3	5	247	image	3526.27095679997	0.7649922666646489	image	rose	rose_02.png	9	3526.271028599993	7.180002285167575e-05	n/a	n/a	n/a	n/a	1	n/a
3	n/a	n/a	image	3526.271028599993	0.0	trigger	n/a	n/a	9	n/a	n/a	n/a	n/a	n/a	n/a	n/a	n/a
3	5	247	word	3527.0356128999847	0.9164129666792178	word	Rose_german	n/a	109	3527.0356445999932	3.170000854879618e-05	n/a	n/a	n/a	n/a	1	n/a
3	n/a	n/a	word	3527.0356445999932	0.0	trigger	n/a	n/a	109	n/a	n/a	n/a	n/a	n/a	n/a	n/a	n/a
3	5	247	possible_button_press	3528.537521899969	0.0	response	n/a	n/a	n/a	n/a	n/a	n/a	n/a	m	m	1	1
3	5	247	fix_cross_after_trial	3528.5516208999907	0.8666612666606852	fixation cross	n/a	n/a	94	3528.551640599966	1.969997538253665e-05	n/a	n/a	n/a	n/a	n/a	n/a
3	n/a	n/a	fix_cross_iti	3528.551640599966	0.0	trigger	n/a	n/a	94	n/a	n/a	n/a	n/a	n/a	n/a	n/a	n/a
3	5	248	image	3529.434870900004	0.7493887666537375	image	car	car_01.png	5	3529.4349528999883	8.19999841041863e-05	n/a	n/a	n/a	n/a	0	n/a
3	n/a	n/a	image	3529.4349528999883	0.0	trigger	n/a	n/a	5	n/a	n/a	n/a	n/a	n/a	n/a	n/a	n/a
3	5	248	word	3530.184674099961	0.781848066665134	word	Ball_german	n/a	106	3530.1847108000075	3.670004662126303e-05	n/a	n/a	n/a	n/a	0	n/a
3	n/a	n/a	word	3530.1847108000075	0.0	trigger	n/a	n/a	106	n/a	n/a	n/a	n/a	n/a	n/a	n/a	n/a
3	5	248	feedback	3531.684060200001	0.0	trigger	n/a	n/a	96	n/a	n/a	n/a	n/a	n/a	n/a	n/a	n/a
3	5	248	possible_button_press	3531.8868637999985	0.0	response	n/a	n/a	n/a	n/a	n/a	n/a	n/a	m	r	0	0
3	5	248	fix_cross_after_trial	3531.900591599988	0.8826609666616605	fixation cross	n/a	n/a	94	3531.9006252999534	3.3699965570122004e-05	n/a	n/a	n/a	n/a	n/a	n/a
3	n/a	n/a	fix_cross_iti	3531.9006252999534	0.0	trigger	n/a	n/a	94	n/a	n/a	n/a	n/a	n/a	n/a	n/a	n/a
3	5	249	image	3532.8227262999862	0.7608779666520604	image	fish	fish_07.png	2	3532.8227969	7.06000137142837e-05	n/a	n/a	n/a	n/a	1	n/a
3	n/a	n/a	image	3532.8227969	0.0	trigger	n/a	n/a	2	n/a	n/a	n/a	n/a	n/a	n/a	n/a	n/a
3	5	249	word	3533.583574499993	0.865702566636628	word	Fisch_german	n/a	102	3533.5836149000097	4.040001658722758e-05	n/a	n/a	n/a	n/a	1	n/a
3	n/a	n/a	word	3533.5836149000097	0.0	trigger	n/a	n/a	102	n/a	n/a	n/a	n/a	n/a	n/a	n/a	n/a
3	5	249	possible_button_press	3535.0858049999806	0.0	response	n/a	n/a	n/a	n/a	n/a	n/a	n/a	m	m	1	1
3	5	249	fix_cross_after_trial	3535.099628099997	0.7992711666779542	fixation cross	n/a	n/a	94	3535.0996534999576	2.5399960577487946e-05	n/a	n/a	n/a	n/a	n/a	n/a
3	n/a	n/a	fix_cross_iti	3535.0996534999576	0.0	trigger	n/a	n/a	94	n/a	n/a	n/a	n/a	n/a	n/a	n/a	n/a
3	5	250	image	3535.9180325999623	0.7642478667007708	image	book	book_08.png	7	3535.918091300002	5.870003951713443e-05	n/a	n/a	n/a	n/a	1	n/a
3	n/a	n/a	image	3535.918091300002	0.0	trigger	n/a	n/a	7	n/a	n/a	n/a	n/a	n/a	n/a	n/a	n/a
3	5	250	word	3536.68220619997	0.8823757667018981	word	Buch_german	n/a	107	3536.682232399995	2.6200024876743555e-05	n/a	n/a	n/a	n/a	1	n/a
3	n/a	n/a	word	3536.682232399995	0.0	trigger	n/a	n/a	107	n/a	n/a	n/a	n/a	n/a	n/a	n/a	n/a
3	5	250	possible_button_press	3538.18370210001	0.0	response	n/a	n/a	n/a	n/a	n/a	n/a	n/a	m	m	1	1
3	5	250	fix_cross_after_trial	3538.1981473999913	1.2329935666680285	fixation cross	n/a	n/a	94	3538.1981651000096	1.7700018361210823e-05	n/a	n/a	n/a	n/a	n/a	n/a
3	n/a	n/a	fix_cross_iti	3538.1981651000096	0.0	trigger	n/a	n/a	94	n/a	n/a	n/a	n/a	n/a	n/a	n/a	n/a
3	5	250	break_instruction	3539.431235499971	15.012192666651117	break	n/a	n/a	81	3539.431261299993	2.5800021830946207e-05	n/a	n/a	n/a	n/a	n/a	n/a
3	n/a	n/a	break_start	3539.431261299993	0.0	trigger	n/a	n/a	81	n/a	n/a	n/a	n/a	n/a	n/a	n/a	n/a
3	n/a	n/a	break_end	4210.273961299972	0.0	trigger	n/a	n/a	82	n/a	n/a	n/a	n/a	n/a	n/a	n/a	n/a
3	6	251	image	4210.321652199957	0.7650575666957593	image	rose	rose_04.png	9	4210.3217352000065	8.300004992634058e-05	n/a	n/a	n/a	n/a	1	n/a
3	n/a	n/a	image	4210.3217352000065	0.0	trigger	n/a	n/a	9	n/a	n/a	n/a	n/a	n/a	n/a	n/a	n/a
3	6	251	word	4211.08639479999	0.9324651666720456	word	Rose_german	n/a	109	4211.08642909996	3.4299970138818026e-05	n/a	n/a	n/a	n/a	1	n/a
3	n/a	n/a	word	4211.08642909996	0.0	trigger	n/a	n/a	109	n/a	n/a	n/a	n/a	n/a	n/a	n/a	n/a
3	6	251	possible_button_press	4212.589561000001	0.0	response	n/a	n/a	n/a	n/a	n/a	n/a	n/a	m	m	1	1
3	6	251	fix_cross_after_trial	4212.602754799998	0.8498329666363134	fixation cross	n/a	n/a	94	4212.602787499956	3.2699957955628633e-05	n/a	n/a	n/a	n/a	n/a	n/a
3	n/a	n/a	fix_cross_iti	4212.602787499956	0.0	trigger	n/a	n/a	94	n/a	n/a	n/a	n/a	n/a	n/a	n/a	n/a
3	6	252	image	4213.490549399983	0.7614805666416942	image	door	door_05.png	4	4213.490641099983	9.169999975711107e-05	n/a	n/a	n/a	n/a	1	n/a
3	n/a	n/a	image	4213.490641099983	0.0	trigger	n/a	n/a	4	n/a	n/a	n/a	n/a	n/a	n/a	n/a	n/a
3	6	252	word	4214.251987600001	0.8166253666313423	word	Tür_german	n/a	104	4214.25201279996	2.519995905458927e-05	n/a	n/a	n/a	n/a	1	n/a
3	n/a	n/a	word	4214.25201279996	0.0	trigger	n/a	n/a	104	n/a	n/a	n/a	n/a	n/a	n/a	n/a	n/a
3	6	252	possible_button_press	4215.7380735999905	0.0	response	n/a	n/a	n/a	n/a	n/a	n/a	n/a	m	m	1	1
3	6	252	fix_cross_after_trial	4215.752419099968	0.9491568667035608	fixation cross	n/a	n/a	94	4215.752468499995	4.9400026910007e-05	n/a	n/a	n/a	n/a	n/a	n/a
3	n/a	n/a	fix_cross_iti	4215.752468499995	0.0	trigger	n/a	n/a	94	n/a	n/a	n/a	n/a	n/a	n/a	n/a	n/a
3	6	253	image	4216.719731599966	0.7649183666835597	image	saw	saw_04.png	10	4216.71980859997	7.700000423938036e-05	n/a	n/a	n/a	n/a	1	n/a
3	n/a	n/a	image	4216.71980859997	0.0	trigger	n/a	n/a	10	n/a	n/a	n/a	n/a	n/a	n/a	n/a	n/a
3	6	253	word	4217.484399100009	0.9327313666617556	word	Säge_german	n/a	110	4217.484426699986	2.759997732937336e-05	n/a	n/a	n/a	n/a	1	n/a
3	n/a	n/a	word	4217.484426699986	0.0	trigger	n/a	n/a	110	n/a	n/a	n/a	n/a	n/a	n/a	n/a	n/a
3	6	253	possible_button_press	4218.986047399987	0.0	response	n/a	n/a	n/a	n/a	n/a	n/a	n/a	m	m	1	1
3	6	253	fix_cross_after_trial	4219.00082029996	0.8829464666814602	fixation cross	n/a	n/a	94	4219.0008477999945	2.7500034775584936e-05	n/a	n/a	n/a	n/a	n/a	n/a
3	n/a	n/a	fix_cross_iti	4219.0008477999945	0.0	trigger	n/a	n/a	94	n/a	n/a	n/a	n/a	n/a	n/a	n/a	n/a
3	6	254	image	4219.901941399963	0.7648837667111366	image	dress	dress_09.png	3	4219.902008400008	6.700004450976849e-05	n/a	n/a	n/a	n/a	1	n/a
3	n/a	n/a	image	4219.902008400008	0.0	trigger	n/a	n/a	3	n/a	n/a	n/a	n/a	n/a	n/a	n/a	n/a
3	6	254	word	4220.667022299953	0.9493242666976585	word	Kleid_german	n/a	103	4220.667076599959	5.43000060133636e-05	n/a	n/a	n/a	n/a	1	n/a
3	n/a	n/a	word	4220.667076599959	0.0	trigger	n/a	n/a	103	n/a	n/a	n/a	n/a	n/a	n/a	n/a	n/a
3	6	254	possible_button_press	4222.169006399985	0.0	response	n/a	n/a	n/a	n/a	n/a	n/a	n/a	m	m	1	1
3	6	254	fix_cross_after_trial	4222.182874099992	1.116505566638807	fixation cross	n/a	n/a	94	4222.182904099987	2.9999995604157448e-05	n/a	n/a	n/a	n/a	n/a	n/a
3	n/a	n/a	fix_cross_iti	4222.182904099987	0.0	trigger	n/a	n/a	94	n/a	n/a	n/a	n/a	n/a	n/a	n/a	n/a
3	6	255	image	4223.318663399958	0.763490866698703	image	chair	chair_07.png	8	4223.318752699997	8.93000396899879e-05	n/a	n/a	n/a	n/a	1	n/a
3	n/a	n/a	image	4223.318752699997	0.0	trigger	n/a	n/a	8	n/a	n/a	n/a	n/a	n/a	n/a	n/a	n/a
3	6	255	word	4224.082118299964	0.9162346666598751	word	Stuhl_german	n/a	108	4224.082144099986	2.5800021830946207e-05	n/a	n/a	n/a	n/a	1	n/a
3	n/a	n/a	word	4224.082144099986	0.0	trigger	n/a	n/a	108	n/a	n/a	n/a	n/a	n/a	n/a	n/a	n/a
3	6	255	possible_button_press	4225.583706200006	0.0	response	n/a	n/a	n/a	n/a	n/a	n/a	n/a	m	m	1	1
3	6	255	fix_cross_after_trial	4225.598146700009	0.7830502666220127	fixation cross	n/a	n/a	94	4225.598164199968	1.7499958630651236e-05	n/a	n/a	n/a	n/a	n/a	n/a
3	n/a	n/a	fix_cross_iti	4225.598164199968	0.0	trigger	n/a	n/a	94	n/a	n/a	n/a	n/a	n/a	n/a	n/a	n/a
3	6	256	image	4226.399779699976	0.7646496666748135	image	bag	bag_09.png	1	4226.399848399975	6.86999992467463e-05	n/a	n/a	n/a	n/a	1	n/a
3	n/a	n/a	image	4226.399848399975	0.0	trigger	n/a	n/a	1	n/a	n/a	n/a	n/a	n/a	n/a	n/a	n/a
3	6	256	word	4227.164543999999	0.8989629666357359	word	Tasche_german	n/a	101	4227.164574499999	3.0499999411404133e-05	n/a	n/a	n/a	n/a	1	n/a
3	n/a	n/a	word	4227.164574499999	0.0	trigger	n/a	n/a	101	n/a	n/a	n/a	n/a	n/a	n/a	n/a	n/a
3	6	256	possible_button_press	4228.650165500003	0.0	response	n/a	n/a	n/a	n/a	n/a	n/a	n/a	m	m	1	1
3	6	256	fix_cross_after_trial	4228.664439199958	0.8829013666872925	fixation cross	n/a	n/a	94	4228.664474899997	3.570003900676966e-05	n/a	n/a	n/a	n/a	n/a	n/a
3	n/a	n/a	fix_cross_iti	4228.664474899997	0.0	trigger	n/a	n/a	94	n/a	n/a	n/a	n/a	n/a	n/a	n/a	n/a
3	6	257	image	4229.568539800006	0.7619756666281319	image	book	book_02.png	7	4229.568636699987	9.689998114481568e-05	n/a	n/a	n/a	n/a	1	n/a
3	n/a	n/a	image	4229.568636699987	0.0	trigger	n/a	n/a	7	n/a	n/a	n/a	n/a	n/a	n/a	n/a	n/a
3	6	257	word	4230.330337299965	0.88220176665709	word	Buch_german	n/a	107	4230.3303808000055	4.350004019215703e-05	n/a	n/a	n/a	n/a	1	n/a
3	n/a	n/a	word	4230.3303808000055	0.0	trigger	n/a	n/a	107	n/a	n/a	n/a	n/a	n/a	n/a	n/a	n/a
3	6	257	possible_button_press	4231.83278170001	0.0	response	n/a	n/a	n/a	n/a	n/a	n/a	n/a	m	m	1	1
3	6	257	fix_cross_after_trial	4231.8466553000035	1.2496949666565342	fixation cross	n/a	n/a	94	4231.846683099982	2.7799978852272034e-05	n/a	n/a	n/a	n/a	n/a	n/a
3	n/a	n/a	fix_cross_iti	4231.846683099982	0.0	trigger	n/a	n/a	94	n/a	n/a	n/a	n/a	n/a	n/a	n/a	n/a
3	6	258	image	4233.116036799969	0.7633642666660307	image	saw	saw_08.png	10	4233.116125800007	8.900003740563989e-05	n/a	n/a	n/a	n/a	1	n/a
3	n/a	n/a	image	4233.116125800007	0.0	trigger	n/a	n/a	10	n/a	n/a	n/a	n/a	n/a	n/a	n/a	n/a
3	6	258	word	4233.879374199954	0.9492048667198105	word	Säge_german	n/a	110	4233.879416099982	4.190002800896764e-05	n/a	n/a	n/a	n/a	1	n/a
3	n/a	n/a	word	4233.879416099982	0.0	trigger	n/a	n/a	110	n/a	n/a	n/a	n/a	n/a	n/a	n/a	n/a
3	6	258	possible_button_press	4235.381324899965	0.0	response	n/a	n/a	n/a	n/a	n/a	n/a	n/a	m	m	1	1
3	6	258	fix_cross_after_trial	4235.395433400001	1.0993033666200063	fixation cross	n/a	n/a	94	4235.395465000009	3.160000778734684e-05	n/a	n/a	n/a	n/a	n/a	n/a
3	n/a	n/a	fix_cross_iti	4235.395465000009	0.0	trigger	n/a	n/a	94	n/a	n/a	n/a	n/a	n/a	n/a	n/a	n/a
3	6	259	image	4236.512427299982	0.766049166679295	image	rose	rose_03.png	9	4236.512488899985	6.160000339150429e-05	n/a	n/a	n/a	n/a	1	n/a
3	n/a	n/a	image	4236.512488899985	0.0	trigger	n/a	n/a	9	n/a	n/a	n/a	n/a	n/a	n/a	n/a	n/a
3	6	259	word	4237.277972799959	0.9165531666985771	word	Rose_german	n/a	109	4237.278000399994	2.7600035537034273e-05	n/a	n/a	n/a	n/a	1	n/a
3	n/a	n/a	word	4237.278000399994	0.0	trigger	n/a	n/a	109	n/a	n/a	n/a	n/a	n/a	n/a	n/a	n/a
3	6	259	possible_button_press	4238.780443099968	0.0	response	n/a	n/a	n/a	n/a	n/a	n/a	n/a	m	m	1	1
3	6	259	fix_cross_after_trial	4238.794633499987	1.1991748666659987	fixation cross	n/a	n/a	94	4238.794660699961	2.719997428357601e-05	n/a	n/a	n/a	n/a	n/a	n/a
3	n/a	n/a	fix_cross_iti	4238.794660699961	0.0	trigger	n/a	n/a	94	n/a	n/a	n/a	n/a	n/a	n/a	n/a	n/a
3	6	260	image	4240.011661899975	0.7651999666741176	image	ball	ball_10.png	6	4240.011740099988	7.82000133767724e-05	n/a	n/a	n/a	n/a	0	n/a
3	n/a	n/a	image	4240.011740099988	0.0	trigger	n/a	n/a	6	n/a	n/a	n/a	n/a	n/a	n/a	n/a	n/a
3	6	260	word	4240.776982599986	0.9490511666554085	word	Auto_german	n/a	105	4240.777015	3.2400013878941536e-05	n/a	n/a	n/a	n/a	0	n/a
3	n/a	n/a	word	4240.777015	0.0	trigger	n/a	n/a	105	n/a	n/a	n/a	n/a	n/a	n/a	n/a	n/a
3	6	260	feedback	4242.280872199975	0.0	trigger	n/a	n/a	96	n/a	n/a	n/a	n/a	n/a	n/a	n/a	n/a
3	6	260	possible_button_press	4242.478402599983	0.0	response	n/a	n/a	n/a	n/a	n/a	n/a	n/a	m	r	0	0
3	6	260	fix_cross_after_trial	4242.492881699989	0.783363566679327	fixation cross	n/a	n/a	94	4242.492913399998	3.170000854879618e-05	n/a	n/a	n/a	n/a	n/a	n/a
3	n/a	n/a	fix_cross_iti	4242.492913399998	0.0	trigger	n/a	n/a	94	n/a	n/a	n/a	n/a	n/a	n/a	n/a	n/a
3	6	261	image	4243.295124299999	0.7641637666420138	image	saw	saw_02.png	10	4243.295191799989	6.749999010935426e-05	n/a	n/a	n/a	n/a	1	n/a
3	n/a	n/a	image	4243.295191799989	0.0	trigger	n/a	n/a	10	n/a	n/a	n/a	n/a	n/a	n/a	n/a	n/a
3	6	261	word	4244.059399399965	0.9499935666717647	word	Säge_german	n/a	110	4244.05942939996	2.9999995604157448e-05	n/a	n/a	n/a	n/a	1	n/a
3	n/a	n/a	word	4244.05942939996	0.0	trigger	n/a	n/a	110	n/a	n/a	n/a	n/a	n/a	n/a	n/a	n/a
3	6	261	possible_button_press	4245.560813899967	0.0	response	n/a	n/a	n/a	n/a	n/a	n/a	n/a	m	m	1	1
3	6	261	fix_cross_after_trial	4245.575210599985	0.8496727666388324	fixation cross	n/a	n/a	94	4245.575229399954	1.8799968529492617e-05	n/a	n/a	n/a	n/a	n/a	n/a
3	n/a	n/a	fix_cross_iti	4245.575229399954	0.0	trigger	n/a	n/a	94	n/a	n/a	n/a	n/a	n/a	n/a	n/a	n/a
3	6	262	image	4246.445528199954	0.7631346667221806	image	fish	fish_03.png	2	4246.44559670001	6.850005593150854e-05	n/a	n/a	n/a	n/a	0	n/a
3	n/a	n/a	image	4246.44559670001	0.0	trigger	n/a	n/a	2	n/a	n/a	n/a	n/a	n/a	n/a	n/a	n/a
3	6	262	word	4247.20860969997	0.8986783666805422	word	Tasche_german	n/a	101	4247.208646499959	3.679998917505145e-05	n/a	n/a	n/a	n/a	0	n/a
3	n/a	n/a	word	4247.208646499959	0.0	trigger	n/a	n/a	101	n/a	n/a	n/a	n/a	n/a	n/a	n/a	n/a
3	6	262	feedback	4248.724761599966	0.0	trigger	n/a	n/a	96	n/a	n/a	n/a	n/a	n/a	n/a	n/a	n/a
3	6	262	possible_button_press	4248.927215899981	0.0	response	n/a	n/a	n/a	n/a	n/a	n/a	n/a	m	r	0	0
3	6	262	fix_cross_after_trial	4248.941304899985	1.2325700666442572	fixation cross	n/a	n/a	94	4248.941329699999	2.4800014216452837e-05	n/a	n/a	n/a	n/a	n/a	n/a
3	n/a	n/a	fix_cross_iti	4248.941329699999	0.0	trigger	n/a	n/a	94	n/a	n/a	n/a	n/a	n/a	n/a	n/a	n/a
3	6	263	image	4250.193022299965	0.7644111666631943	image	dress	dress_01.png	3	4250.193092799978	7.050001295283437e-05	n/a	n/a	n/a	n/a	1	n/a
3	n/a	n/a	image	4250.193092799978	0.0	trigger	n/a	n/a	3	n/a	n/a	n/a	n/a	n/a	n/a	n/a	n/a
3	6	263	word	4250.957577399968	0.9484421666747949	word	Kleid_german	n/a	103	4250.957620700006	4.3300038669258356e-05	n/a	n/a	n/a	n/a	1	n/a
3	n/a	n/a	word	4250.957620700006	0.0	trigger	n/a	n/a	103	n/a	n/a	n/a	n/a	n/a	n/a	n/a	n/a
3	6	263	possible_button_press	4252.4594272999675	0.0	response	n/a	n/a	n/a	n/a	n/a	n/a	n/a	m	m	1	1
3	6	263	fix_cross_after_trial	4252.473296199983	1.032919066670729	fixation cross	n/a	n/a	94	4252.473331499961	3.5299977753311396e-05	n/a	n/a	n/a	n/a	n/a	n/a
3	n/a	n/a	fix_cross_iti	4252.473331499961	0.0	trigger	n/a	n/a	94	n/a	n/a	n/a	n/a	n/a	n/a	n/a	n/a
3	6	264	image	4253.52562510001	0.7636293666473648	image	saw	saw_05.png	10	4253.525713499985	8.839997462928295e-05	n/a	n/a	n/a	n/a	1	n/a
3	n/a	n/a	image	4253.525713499985	0.0	trigger	n/a	n/a	10	n/a	n/a	n/a	n/a	n/a	n/a	n/a	n/a
3	6	264	word	4254.289353600005	0.9494644666592649	word	Säge_german	n/a	110	4254.28939489997	4.12999652326107e-05	n/a	n/a	n/a	n/a	1	n/a
3	n/a	n/a	word	4254.28939489997	0.0	trigger	n/a	n/a	110	n/a	n/a	n/a	n/a	n/a	n/a	n/a	n/a
3	6	264	possible_button_press	4255.775357200007	0.0	response	n/a	n/a	n/a	n/a	n/a	n/a	n/a	m	m	1	1
3	6	264	fix_cross_after_trial	4255.789292900008	0.7825305666228815	fixation cross	n/a	n/a	94	4255.789340299962	4.7399953473359346e-05	n/a	n/a	n/a	n/a	n/a	n/a
3	n/a	n/a	fix_cross_iti	4255.789340299962	0.0	trigger	n/a	n/a	94	n/a	n/a	n/a	n/a	n/a	n/a	n/a	n/a
3	6	265	image	4256.612520599971	0.7577692666709481	image	chair	chair_08.png	8	4256.612592499994	7.190002361312509e-05	n/a	n/a	n/a	n/a	1	n/a
3	n/a	n/a	image	4256.612592499994	0.0	trigger	n/a	n/a	8	n/a	n/a	n/a	n/a	n/a	n/a	n/a	n/a
3	6	265	word	4257.371606100001	0.9327074666543922	word	Stuhl_german	n/a	108	4257.37163389998	2.7799978852272034e-05	n/a	n/a	n/a	n/a	1	n/a
3	n/a	n/a	word	4257.37163389998	0.0	trigger	n/a	n/a	108	n/a	n/a	n/a	n/a	n/a	n/a	n/a	n/a
3	6	265	possible_button_press	4258.857620699971	0.0	response	n/a	n/a	n/a	n/a	n/a	n/a	n/a	m	m	1	1
3	6	265	fix_cross_after_trial	4258.871218099957	1.0495026666940248	fixation cross	n/a	n/a	94	4258.871251099976	3.300001844763756e-05	n/a	n/a	n/a	n/a	n/a	n/a
3	n/a	n/a	fix_cross_iti	4258.871251099976	0.0	trigger	n/a	n/a	94	n/a	n/a	n/a	n/a	n/a	n/a	n/a	n/a
3	6	266	image	4259.939973699977	0.7643422666624247	image	rose	rose_06.png	9	4259.940115000005	0.00014130002819001675	n/a	n/a	n/a	n/a	1	n/a
3	n/a	n/a	image	4259.940115000005	0.0	trigger	n/a	n/a	9	n/a	n/a	n/a	n/a	n/a	n/a	n/a	n/a
3	6	266	word	4260.704110099992	0.9333504666610679	word	Rose_german	n/a	109	4260.704144799965	3.4699973184615374e-05	n/a	n/a	n/a	n/a	1	n/a
3	n/a	n/a	word	4260.704144799965	0.0	trigger	n/a	n/a	109	n/a	n/a	n/a	n/a	n/a	n/a	n/a	n/a
3	6	266	possible_button_press	4262.205981799983	0.0	response	n/a	n/a	n/a	n/a	n/a	n/a	n/a	m	m	1	1
3	6	266	fix_cross_after_trial	4262.220373999968	1.0659740666778816	fixation cross	n/a	n/a	94	4262.220407299988	3.330002073198557e-05	n/a	n/a	n/a	n/a	n/a	n/a
3	n/a	n/a	fix_cross_iti	4262.220407299988	0.0	trigger	n/a	n/a	94	n/a	n/a	n/a	n/a	n/a	n/a	n/a	n/a
3	6	267	image	4263.304342299991	0.765490066671191	image	fish	fish_10.png	2	4263.3044020999805	5.979998968541622e-05	n/a	n/a	n/a	n/a	1	n/a
3	n/a	n/a	image	4263.3044020999805	0.0	trigger	n/a	n/a	2	n/a	n/a	n/a	n/a	n/a	n/a	n/a	n/a
3	6	267	word	4264.070102899976	0.8817519666663429	word	Fisch_german	n/a	102	4264.070138599956	3.5699980799108744e-05	n/a	n/a	n/a	n/a	1	n/a
3	n/a	n/a	word	4264.070138599956	0.0	trigger	n/a	n/a	102	n/a	n/a	n/a	n/a	n/a	n/a	n/a	n/a
3	6	267	possible_button_press	4265.572006099974	0.0	response	n/a	n/a	n/a	n/a	n/a	n/a	n/a	m	m	1	1
3	6	267	fix_cross_after_trial	4265.585746099998	1.2328374666431046	fixation cross	n/a	n/a	94	4265.585773399973	2.729997504502535e-05	n/a	n/a	n/a	n/a	n/a	n/a
3	n/a	n/a	fix_cross_iti	4265.585773399973	0.0	trigger	n/a	n/a	94	n/a	n/a	n/a	n/a	n/a	n/a	n/a	n/a
3	6	268	image	4266.837273799989	0.7646947666689812	image	bag	bag_07.png	1	4266.837350499991	7.670000195503235e-05	n/a	n/a	n/a	n/a	1	n/a
3	n/a	n/a	image	4266.837350499991	0.0	trigger	n/a	n/a	1	n/a	n/a	n/a	n/a	n/a	n/a	n/a	n/a
3	6	268	word	4267.601856999972	0.8990550666967465	word	Tasche_german	n/a	101	4267.601894699968	3.7699996028095484e-05	n/a	n/a	n/a	n/a	1	n/a
3	n/a	n/a	word	4267.601894699968	0.0	trigger	n/a	n/a	101	n/a	n/a	n/a	n/a	n/a	n/a	n/a	n/a
3	6	268	possible_button_press	4269.104179999966	0.0	response	n/a	n/a	n/a	n/a	n/a	n/a	n/a	m	m	1	1
3	6	268	fix_cross_after_trial	4269.1180819	1.0494392666187196	fixation cross	n/a	n/a	94	4269.118114599958	3.2699957955628633e-05	n/a	n/a	n/a	n/a	n/a	n/a
3	n/a	n/a	fix_cross_iti	4269.118114599958	0.0	trigger	n/a	n/a	94	n/a	n/a	n/a	n/a	n/a	n/a	n/a	n/a
3	6	269	image	4270.186579099973	0.7640931666865072	image	book	book_10.png	7	4270.186664799985	8.570001227781177e-05	n/a	n/a	n/a	n/a	1	n/a
3	n/a	n/a	image	4270.186664799985	0.0	trigger	n/a	n/a	7	n/a	n/a	n/a	n/a	n/a	n/a	n/a	n/a
3	6	269	word	4270.950724199996	0.8823625666591397	word	Buch_german	n/a	107	4270.950752999983	2.8799986466765404e-05	n/a	n/a	n/a	n/a	1	n/a
3	n/a	n/a	word	4270.950752999983	0.0	trigger	n/a	n/a	107	n/a	n/a	n/a	n/a	n/a	n/a	n/a	n/a
3	6	269	possible_button_press	4272.452961599978	0.0	response	n/a	n/a	n/a	n/a	n/a	n/a	n/a	m	m	1	1
3	6	269	fix_cross_after_trial	4272.466987999971	0.832838766687928	fixation cross	n/a	n/a	94	4272.467015500006	2.7500034775584936e-05	n/a	n/a	n/a	n/a	n/a	n/a
3	n/a	n/a	fix_cross_iti	4272.467015500006	0.0	trigger	n/a	n/a	94	n/a	n/a	n/a	n/a	n/a	n/a	n/a	n/a
3	6	270	image	4273.320602699998	0.762764866642101	image	door	door_09.png	4	4273.320764999953	0.00016229995526373386	n/a	n/a	n/a	n/a	1	n/a
3	n/a	n/a	image	4273.320764999953	0.0	trigger	n/a	n/a	4	n/a	n/a	n/a	n/a	n/a	n/a	n/a	n/a
3	6	270	word	4274.083262800006	0.8165876666353142	word	Tür_german	n/a	104	4274.08330259996	3.979995381087065e-05	n/a	n/a	n/a	n/a	1	n/a
3	n/a	n/a	word	4274.08330259996	0.0	trigger	n/a	n/a	104	n/a	n/a	n/a	n/a	n/a	n/a	n/a	n/a
3	6	270	possible_button_press	4275.5846941999625	0.0	response	n/a	n/a	n/a	n/a	n/a	n/a	n/a	m	m	1	1
3	6	270	fix_cross_after_trial	4275.599579499976	0.8498439666618651	fixation cross	n/a	n/a	94	4275.599603699986	2.4200009647756815e-05	n/a	n/a	n/a	n/a	n/a	n/a
3	n/a	n/a	fix_cross_iti	4275.599603699986	0.0	trigger	n/a	n/a	94	n/a	n/a	n/a	n/a	n/a	n/a	n/a	n/a
3	6	271	image	4276.467462299974	0.765274966663128	image	ball	ball_09.png	6	4276.467533999996	7.170002209022641e-05	n/a	n/a	n/a	n/a	1	n/a
3	n/a	n/a	image	4276.467533999996	0.0	trigger	n/a	n/a	6	n/a	n/a	n/a	n/a	n/a	n/a	n/a	n/a
3	6	271	word	4277.232488899957	0.7819701666630863	word	Ball_german	n/a	106	4277.23253139999	4.250003257766366e-05	n/a	n/a	n/a	n/a	1	n/a
3	n/a	n/a	word	4277.23253139999	0.0	trigger	n/a	n/a	106	n/a	n/a	n/a	n/a	n/a	n/a	n/a	n/a
3	6	271	possible_button_press	4278.734778399987	0.0	response	n/a	n/a	n/a	n/a	n/a	n/a	n/a	m	m	1	1
3	6	271	fix_cross_after_trial	4278.74880989996	1.1826506666875503	fixation cross	n/a	n/a	94	4278.748841399967	3.15000070258975e-05	n/a	n/a	n/a	n/a	n/a	n/a
3	n/a	n/a	fix_cross_iti	4278.748841399967	0.0	trigger	n/a	n/a	94	n/a	n/a	n/a	n/a	n/a	n/a	n/a	n/a
3	6	272	image	4279.949397999968	0.7653835666751547	image	car	car_10.png	5	4279.949481399963	8.339999476447701e-05	n/a	n/a	n/a	n/a	1	n/a
3	n/a	n/a	image	4279.949481399963	0.0	trigger	n/a	n/a	5	n/a	n/a	n/a	n/a	n/a	n/a	n/a	n/a
3	6	272	word	4280.71467159997	0.9489003666712961	word	Auto_german	n/a	105	4280.714701499965	2.989999484270811e-05	n/a	n/a	n/a	n/a	1	n/a
3	n/a	n/a	word	4280.714701499965	0.0	trigger	n/a	n/a	105	n/a	n/a	n/a	n/a	n/a	n/a	n/a	n/a
3	6	272	possible_button_press	4282.216393199982	0.0	response	n/a	n/a	n/a	n/a	n/a	n/a	n/a	m	m	1	1
3	6	272	fix_cross_after_trial	4282.230406699993	1.1664053666791006	fixation cross	n/a	n/a	94	4282.230426299968	1.9599974621087313e-05	n/a	n/a	n/a	n/a	n/a	n/a
3	n/a	n/a	fix_cross_iti	4282.230426299968	0.0	trigger	n/a	n/a	94	n/a	n/a	n/a	n/a	n/a	n/a	n/a	n/a
3	6	273	image	4283.415514699998	0.7645717666637211	image	rose	rose_08.png	9	4283.415586299961	7.159996312111616e-05	n/a	n/a	n/a	n/a	1	n/a
3	n/a	n/a	image	4283.415586299961	0.0	trigger	n/a	n/a	9	n/a	n/a	n/a	n/a	n/a	n/a	n/a	n/a
3	6	273	word	4284.17986959999	0.9161529666780552	word	Rose_german	n/a	109	4284.179898599978	2.8999987989664078e-05	n/a	n/a	n/a	n/a	1	n/a
3	n/a	n/a	word	4284.179898599978	0.0	trigger	n/a	n/a	109	n/a	n/a	n/a	n/a	n/a	n/a	n/a	n/a
3	6	273	possible_button_press	4285.6676171	0.0	response	n/a	n/a	n/a	n/a	n/a	n/a	n/a	m	m	1	1
3	6	273	fix_cross_after_trial	4285.679630699975	0.9326106666740088	fixation cross	n/a	n/a	94	4285.6796710999915	4.040001658722758e-05	n/a	n/a	n/a	n/a	n/a	n/a
3	n/a	n/a	fix_cross_iti	4285.6796710999915	0.0	trigger	n/a	n/a	94	n/a	n/a	n/a	n/a	n/a	n/a	n/a	n/a
3	6	274	image	4286.6305669999565	0.7648548666657007	image	book	book_03.png	7	4286.6306653000065	9.830005001276731e-05	n/a	n/a	n/a	n/a	1	n/a
3	n/a	n/a	image	4286.6306653000065	0.0	trigger	n/a	n/a	7	n/a	n/a	n/a	n/a	n/a	n/a	n/a	n/a
3	6	274	word	4287.395518300007	0.8824376666489115	word	Buch_german	n/a	107	4287.395541200007	2.2899999748915434e-05	n/a	n/a	n/a	n/a	1	n/a
3	n/a	n/a	word	4287.395541200007	0.0	trigger	n/a	n/a	107	n/a	n/a	n/a	n/a	n/a	n/a	n/a	n/a
3	6	274	possible_button_press	4288.881655499979	0.0	response	n/a	n/a	n/a	n/a	n/a	n/a	n/a	m	m	1	1
3	6	274	fix_cross_after_trial	4288.895191799966	0.7833889666981122	fixation cross	n/a	n/a	94	4288.89522929996	3.749999450519681e-05	n/a	n/a	n/a	n/a	n/a	n/a
3	n/a	n/a	fix_cross_iti	4288.89522929996	0.0	trigger	n/a	n/a	94	n/a	n/a	n/a	n/a	n/a	n/a	n/a	n/a
3	6	275	image	4289.696592699969	0.764888466688717	image	car	car_02.png	5	4289.696682799957	9.009998757392168e-05	n/a	n/a	n/a	n/a	1	n/a
3	n/a	n/a	image	4289.696682799957	0.0	trigger	n/a	n/a	5	n/a	n/a	n/a	n/a	n/a	n/a	n/a	n/a
3	6	275	word	4290.461420999956	0.9496212666890642	word	Auto_german	n/a	105	4290.461467899964	4.6900007873773575e-05	n/a	n/a	n/a	n/a	1	n/a
3	n/a	n/a	word	4290.461467899964	0.0	trigger	n/a	n/a	105	n/a	n/a	n/a	n/a	n/a	n/a	n/a	n/a
3	6	275	possible_button_press	4291.963936199958	0.0	response	n/a	n/a	n/a	n/a	n/a	n/a	n/a	m	m	1	1
3	6	275	fix_cross_after_trial	4291.977626000007	1.049813566616649	fixation cross	n/a	n/a	94	4291.977653499984	2.7499976567924023e-05	n/a	n/a	n/a	n/a	n/a	n/a
3	n/a	n/a	fix_cross_iti	4291.977653499984	0.0	trigger	n/a	n/a	94	n/a	n/a	n/a	n/a	n/a	n/a	n/a	n/a
3	6	276	image	4293.064657899959	0.7621637666634342	image	bag	bag_08.png	1	4293.0647577999625	9.99000039882958e-05	n/a	n/a	n/a	n/a	1	n/a
3	n/a	n/a	image	4293.0647577999625	0.0	trigger	n/a	n/a	1	n/a	n/a	n/a	n/a	n/a	n/a	n/a	n/a
3	6	276	word	4293.826913799974	0.8990603666788957	word	Tasche_german	n/a	101	4293.8269397999975	2.600002335384488e-05	n/a	n/a	n/a	n/a	1	n/a
3	n/a	n/a	word	4293.8269397999975	0.0	trigger	n/a	n/a	101	n/a	n/a	n/a	n/a	n/a	n/a	n/a	n/a
3	6	276	possible_button_press	4295.328276499989	0.0	response	n/a	n/a	n/a	n/a	n/a	n/a	n/a	m	m	1	1
3	6	276	fix_cross_after_trial	4295.3428229999845	1.19964516663822	fixation cross	n/a	n/a	94	4295.342842299957	1.92999723367393e-05	n/a	n/a	n/a	n/a	n/a	n/a
3	n/a	n/a	fix_cross_iti	4295.342842299957	0.0	trigger	n/a	n/a	94	n/a	n/a	n/a	n/a	n/a	n/a	n/a	n/a
3	6	277	image	4296.582074299979	0.7603230666754826	image	fish	fish_08.png	2	4296.582162699953	8.839997462928295e-05	n/a	n/a	n/a	n/a	1	n/a
3	n/a	n/a	image	4296.582162699953	0.0	trigger	n/a	n/a	2	n/a	n/a	n/a	n/a	n/a	n/a	n/a	n/a
3	6	277	word	4297.342858099961	0.88217756670565	word	Fisch_german	n/a	102	4297.342893599998	3.550003748387098e-05	n/a	n/a	n/a	n/a	1	n/a
3	n/a	n/a	word	4297.342893599998	0.0	trigger	n/a	n/a	102	n/a	n/a	n/a	n/a	n/a	n/a	n/a	n/a
3	6	277	possible_button_press	4298.84442009998	0.0	response	n/a	n/a	n/a	n/a	n/a	n/a	n/a	m	m	1	1
3	6	277	fix_cross_after_trial	4298.858486099984	1.1661904666725604	fixation cross	n/a	n/a	94	4298.8585105999955	2.4500011932104826e-05	n/a	n/a	n/a	n/a	n/a	n/a
3	n/a	n/a	fix_cross_iti	4298.8585105999955	0.0	trigger	n/a	n/a	94	n/a	n/a	n/a	n/a	n/a	n/a	n/a	n/a
3	6	278	image	4300.043802500004	0.76401546661873	image	dress	dress_10.png	3	4300.043868299981	6.579997716471553e-05	n/a	n/a	n/a	n/a	0	n/a
3	n/a	n/a	image	4300.043868299981	0.0	trigger	n/a	n/a	3	n/a	n/a	n/a	n/a	n/a	n/a	n/a	n/a
3	6	278	word	4300.807993699971	0.9498749667000084	word	Säge_german	n/a	110	4300.808025699982	3.200001083314419e-05	n/a	n/a	n/a	n/a	0	n/a
3	n/a	n/a	word	4300.808025699982	0.0	trigger	n/a	n/a	110	n/a	n/a	n/a	n/a	n/a	n/a	n/a	n/a
3	6	278	feedback	4302.3239589	0.0	trigger	n/a	n/a	96	n/a	n/a	n/a	n/a	n/a	n/a	n/a	n/a
3	6	278	possible_button_press	4302.50959490001	0.0	response	n/a	n/a	n/a	n/a	n/a	n/a	n/a	m	r	0	0
3	6	278	fix_cross_after_trial	4302.524156900006	0.8331237666461675	fixation cross	n/a	n/a	94	4302.524181699962	2.4799956008791924e-05	n/a	n/a	n/a	n/a	n/a	n/a
3	n/a	n/a	fix_cross_iti	4302.524181699962	0.0	trigger	n/a	n/a	94	n/a	n/a	n/a	n/a	n/a	n/a	n/a	n/a
3	6	279	image	4303.374985000002	0.7656328666525951	image	door	door_01.png	4	4303.375056599965	7.159996312111616e-05	n/a	n/a	n/a	n/a	1	n/a
3	n/a	n/a	image	4303.375056599965	0.0	trigger	n/a	n/a	4	n/a	n/a	n/a	n/a	n/a	n/a	n/a	n/a
3	6	279	word	4304.140660799982	0.8325235666743538	word	Tür_german	n/a	104	4304.140734499961	7.369997911155224e-05	n/a	n/a	n/a	n/a	1	n/a
3	n/a	n/a	word	4304.140734499961	0.0	trigger	n/a	n/a	104	n/a	n/a	n/a	n/a	n/a	n/a	n/a	n/a
3	6	279	possible_button_press	4305.642392599955	0.0	response	n/a	n/a	n/a	n/a	n/a	n/a	n/a	m	m	1	1
3	6	279	fix_cross_after_trial	4305.656706999987	1.2494109666477016	fixation cross	n/a	n/a	94	4305.656730199989	2.3200002033263445e-05	n/a	n/a	n/a	n/a	n/a	n/a
3	n/a	n/a	fix_cross_iti	4305.656730199989	0.0	trigger	n/a	n/a	94	n/a	n/a	n/a	n/a	n/a	n/a	n/a	n/a
3	6	280	image	4306.924797599961	0.7645114666702284	image	saw	saw_10.png	10	4306.924869299983	7.170002209022641e-05	n/a	n/a	n/a	n/a	1	n/a
3	n/a	n/a	image	4306.924869299983	0.0	trigger	n/a	n/a	10	n/a	n/a	n/a	n/a	n/a	n/a	n/a	n/a
3	6	280	word	4307.689427300007	0.9497775666568486	word	Säge_german	n/a	110	4307.689462899987	3.559998003765941e-05	n/a	n/a	n/a	n/a	1	n/a
3	n/a	n/a	word	4307.689462899987	0.0	trigger	n/a	n/a	110	n/a	n/a	n/a	n/a	n/a	n/a	n/a	n/a
3	6	280	possible_button_press	4309.193062199978	0.0	response	n/a	n/a	n/a	n/a	n/a	n/a	n/a	m	m	1	1
3	6	280	fix_cross_after_trial	4309.206003099971	1.2320299666644132	fixation cross	n/a	n/a	94	4309.206034499977	3.1400006264448166e-05	n/a	n/a	n/a	n/a	n/a	n/a
3	n/a	n/a	fix_cross_iti	4309.206034499977	0.0	trigger	n/a	n/a	94	n/a	n/a	n/a	n/a	n/a	n/a	n/a	n/a
3	6	281	image	4310.456904699968	0.7652669666604197	image	book	book_01.png	7	4310.456971200008	6.65000407025218e-05	n/a	n/a	n/a	n/a	1	n/a
3	n/a	n/a	image	4310.456971200008	0.0	trigger	n/a	n/a	7	n/a	n/a	n/a	n/a	n/a	n/a	n/a	n/a
3	6	281	word	4311.22183309996	0.8656786666870175	word	Buch_german	n/a	107	4311.221875999996	4.290003562346101e-05	n/a	n/a	n/a	n/a	1	n/a
3	n/a	n/a	word	4311.221875999996	0.0	trigger	n/a	n/a	107	n/a	n/a	n/a	n/a	n/a	n/a	n/a	n/a
3	6	281	possible_button_press	4312.723482700007	0.0	response	n/a	n/a	n/a	n/a	n/a	n/a	n/a	m	m	1	1
3	6	281	fix_cross_after_trial	4312.737644799985	0.749721166681411	fixation cross	n/a	n/a	94	4312.737669199996	2.440001117065549e-05	n/a	n/a	n/a	n/a	n/a	n/a
3	n/a	n/a	fix_cross_iti	4312.737669199996	0.0	trigger	n/a	n/a	94	n/a	n/a	n/a	n/a	n/a	n/a	n/a	n/a
3	6	282	image	4313.505876899988	0.7646838666441909	image	ball	ball_01.png	6	4313.505961399991	8.450000314041972e-05	n/a	n/a	n/a	n/a	1	n/a
3	n/a	n/a	image	4313.505961399991	0.0	trigger	n/a	n/a	6	n/a	n/a	n/a	n/a	n/a	n/a	n/a	n/a
3	6	282	word	4314.270367399964	0.7827284666745982	word	Ball_german	n/a	106	4314.270394299994	2.6900030206888914e-05	n/a	n/a	n/a	n/a	1	n/a
3	n/a	n/a	word	4314.270394299994	0.0	trigger	n/a	n/a	106	n/a	n/a	n/a	n/a	n/a	n/a	n/a	n/a
3	6	282	possible_button_press	4315.7720644999645	0.0	response	n/a	n/a	n/a	n/a	n/a	n/a	n/a	m	m	1	1
3	6	282	fix_cross_after_trial	4315.786505799973	0.8661808666693105	fixation cross	n/a	n/a	94	4315.786529699981	2.3900007363408804e-05	n/a	n/a	n/a	n/a	n/a	n/a
3	n/a	n/a	fix_cross_iti	4315.786529699981	0.0	trigger	n/a	n/a	94	n/a	n/a	n/a	n/a	n/a	n/a	n/a	n/a
3	6	283	image	4316.67152579996	0.7648563666771224	image	rose	rose_07.png	9	4316.671604699979	7.890001870691776e-05	n/a	n/a	n/a	n/a	1	n/a
3	n/a	n/a	image	4316.671604699979	0.0	trigger	n/a	n/a	9	n/a	n/a	n/a	n/a	n/a	n/a	n/a	n/a
3	6	283	word	4317.43628959998	0.9324530666963255	word	Rose_german	n/a	109	4317.43633279996	4.3199979700148106e-05	n/a	n/a	n/a	n/a	1	n/a
3	n/a	n/a	word	4317.43633279996	0.0	trigger	n/a	n/a	109	n/a	n/a	n/a	n/a	n/a	n/a	n/a	n/a
3	6	283	possible_button_press	4318.937654399953	0.0	response	n/a	n/a	n/a	n/a	n/a	n/a	n/a	m	m	1	1
3	6	283	fix_cross_after_trial	4318.9520401000045	1.133164366652636	fixation cross	n/a	n/a	94	4318.952060899988	2.0799983758479357e-05	n/a	n/a	n/a	n/a	n/a	n/a
3	n/a	n/a	fix_cross_iti	4318.952060899988	0.0	trigger	n/a	n/a	94	n/a	n/a	n/a	n/a	n/a	n/a	n/a	n/a
3	6	284	image	4320.105689799995	0.7627806666459946	image	car	car_04.png	5	4320.105761399958	7.159996312111616e-05	n/a	n/a	n/a	n/a	0	n/a
3	n/a	n/a	image	4320.105761399958	0.0	trigger	n/a	n/a	5	n/a	n/a	n/a	n/a	n/a	n/a	n/a	n/a
3	6	284	word	4320.868447999994	0.9162188666559814	word	Stuhl_german	n/a	108	4320.868480200006	3.220001235604286e-05	n/a	n/a	n/a	n/a	0	n/a
3	n/a	n/a	word	4320.868480200006	0.0	trigger	n/a	n/a	108	n/a	n/a	n/a	n/a	n/a	n/a	n/a	n/a
3	6	284	feedback	4322.384323099977	0.0	trigger	n/a	n/a	96	n/a	n/a	n/a	n/a	n/a	n/a	n/a	n/a
3	6	284	possible_button_press	4322.570706599974	0.0	response	n/a	n/a	n/a	n/a	n/a	n/a	n/a	m	r	0	0
3	6	284	fix_cross_after_trial	4322.584608999954	0.8006728666987328	fixation cross	n/a	n/a	94	4322.5846462000045	3.720005042850971e-05	n/a	n/a	n/a	n/a	n/a	n/a
3	n/a	n/a	fix_cross_iti	4322.5846462000045	0.0	trigger	n/a	n/a	94	n/a	n/a	n/a	n/a	n/a	n/a	n/a	n/a
3	6	285	image	4323.403976599977	0.7640142666678003	image	fish	fish_05.png	2	4323.404082799971	0.00010619999375194311	n/a	n/a	n/a	n/a	1	n/a
3	n/a	n/a	image	4323.404082799971	0.0	trigger	n/a	n/a	2	n/a	n/a	n/a	n/a	n/a	n/a	n/a	n/a
3	6	285	word	4324.167537299974	0.882181066674093	word	Fisch_german	n/a	102	4324.167582699971	4.539999645203352e-05	n/a	n/a	n/a	n/a	1	n/a
3	n/a	n/a	word	4324.167582699971	0.0	trigger	n/a	n/a	102	n/a	n/a	n/a	n/a	n/a	n/a	n/a	n/a
3	6	285	possible_button_press	4325.670227799972	0.0	response	n/a	n/a	n/a	n/a	n/a	n/a	n/a	m	m	1	1
3	6	285	fix_cross_after_trial	4325.683736599982	1.1992546666915587	fixation cross	n/a	n/a	94	4325.683769800002	3.320001997053623e-05	n/a	n/a	n/a	n/a	n/a	n/a
3	n/a	n/a	fix_cross_iti	4325.683769800002	0.0	trigger	n/a	n/a	94	n/a	n/a	n/a	n/a	n/a	n/a	n/a	n/a
3	6	286	image	4326.902411499992	0.7639005666751473	image	car	car_07.png	5	4326.90249790001	8.640001760795712e-05	n/a	n/a	n/a	n/a	1	n/a
3	n/a	n/a	image	4326.90249790001	0.0	trigger	n/a	n/a	5	n/a	n/a	n/a	n/a	n/a	n/a	n/a	n/a
3	6	286	word	4327.666162599984	0.9497675666389114	word	Auto_german	n/a	105	4327.6661926999805	3.0099996365606785e-05	n/a	n/a	n/a	n/a	1	n/a
3	n/a	n/a	word	4327.6661926999805	0.0	trigger	n/a	n/a	105	n/a	n/a	n/a	n/a	n/a	n/a	n/a	n/a
3	6	286	possible_button_press	4329.168431799975	0.0	response	n/a	n/a	n/a	n/a	n/a	n/a	n/a	m	m	1	1
3	6	286	fix_cross_after_trial	4329.182364799955	1.0664855666727817	fixation cross	n/a	n/a	94	4329.182382999978	1.8200022168457508e-05	n/a	n/a	n/a	n/a	n/a	n/a
3	n/a	n/a	fix_cross_iti	4329.182382999978	0.0	trigger	n/a	n/a	94	n/a	n/a	n/a	n/a	n/a	n/a	n/a	n/a
3	6	287	image	4330.266789699963	0.7652288666613458	image	fish	fish_06.png	2	4330.26686839998	7.870001718401909e-05	n/a	n/a	n/a	n/a	1	n/a
3	n/a	n/a	image	4330.26686839998	0.0	trigger	n/a	n/a	2	n/a	n/a	n/a	n/a	n/a	n/a	n/a	n/a
3	6	287	word	4331.03192769998	0.8662926666474959	word	Fisch_german	n/a	102	4331.031955199956	2.7499976567924023e-05	n/a	n/a	n/a	n/a	1	n/a
3	n/a	n/a	word	4331.031955199956	0.0	trigger	n/a	n/a	102	n/a	n/a	n/a	n/a	n/a	n/a	n/a	n/a
3	6	287	possible_button_press	4332.53321199998	0.0	response	n/a	n/a	n/a	n/a	n/a	n/a	n/a	m	m	1	1
3	6	287	fix_cross_after_trial	4332.547783499991	1.133350566673471	fixation cross	n/a	n/a	94	4332.547802899964	1.939997309818864e-05	n/a	n/a	n/a	n/a	n/a	n/a
3	n/a	n/a	fix_cross_iti	4332.547802899964	0.0	trigger	n/a	n/a	94	n/a	n/a	n/a	n/a	n/a	n/a	n/a	n/a
3	6	288	image	4333.699560299981	0.7651022666868812	image	door	door_02.png	4	4333.6996443999815	8.410000009462237e-05	n/a	n/a	n/a	n/a	1	n/a
3	n/a	n/a	image	4333.6996443999815	0.0	trigger	n/a	n/a	4	n/a	n/a	n/a	n/a	n/a	n/a	n/a	n/a
3	6	288	word	4334.4644635999575	0.8322251666722877	word	Tür_german	n/a	104	4334.464502399962	3.880000440403819e-05	n/a	n/a	n/a	n/a	1	n/a
3	n/a	n/a	word	4334.464502399962	0.0	trigger	n/a	n/a	104	n/a	n/a	n/a	n/a	n/a	n/a	n/a	n/a
3	6	288	possible_button_press	4335.966471599997	0.0	response	n/a	n/a	n/a	n/a	n/a	n/a	n/a	m	m	1	1
3	6	288	fix_cross_after_trial	4335.9805552999605	1.182498566693539	fixation cross	n/a	n/a	94	4335.980579999974	2.47000134550035e-05	n/a	n/a	n/a	n/a	n/a	n/a
3	n/a	n/a	fix_cross_iti	4335.980579999974	0.0	trigger	n/a	n/a	94	n/a	n/a	n/a	n/a	n/a	n/a	n/a	n/a
3	6	289	image	4337.181862999976	0.7651150666679314	image	dress	dress_05.png	3	4337.181942399999	7.940002251416445e-05	n/a	n/a	n/a	n/a	1	n/a
3	n/a	n/a	image	4337.181942399999	0.0	trigger	n/a	n/a	3	n/a	n/a	n/a	n/a	n/a	n/a	n/a	n/a
3	6	289	word	4337.94697769999	0.9493257666508725	word	Kleid_german	n/a	103	4337.947023399989	4.569999873638153e-05	n/a	n/a	n/a	n/a	1	n/a
3	n/a	n/a	word	4337.947023399989	0.0	trigger	n/a	n/a	103	n/a	n/a	n/a	n/a	n/a	n/a	n/a	n/a
3	6	289	possible_button_press	4339.44840210001	0.0	response	n/a	n/a	n/a	n/a	n/a	n/a	n/a	m	m	1	1
3	6	289	fix_cross_after_trial	4339.46265989996	0.9497061666952504	fixation cross	n/a	n/a	94	4339.462689499953	2.95999925583601e-05	n/a	n/a	n/a	n/a	n/a	n/a
3	n/a	n/a	fix_cross_iti	4339.462689499953	0.0	trigger	n/a	n/a	94	n/a	n/a	n/a	n/a	n/a	n/a	n/a	n/a
3	6	290	image	4340.432015899976	0.7635443666986248	image	ball	ball_08.png	6	4340.432104499952	8.859997615218163e-05	n/a	n/a	n/a	n/a	1	n/a
3	n/a	n/a	image	4340.432104499952	0.0	trigger	n/a	n/a	6	n/a	n/a	n/a	n/a	n/a	n/a	n/a	n/a
3	6	290	word	4341.195664500003	0.78234406665797	word	Ball_german	n/a	106	4341.195693299989	2.8799986466765404e-05	n/a	n/a	n/a	n/a	1	n/a
3	n/a	n/a	word	4341.195693299989	0.0	trigger	n/a	n/a	106	n/a	n/a	n/a	n/a	n/a	n/a	n/a	n/a
3	6	290	possible_button_press	4342.68156269996	0.0	response	n/a	n/a	n/a	n/a	n/a	n/a	n/a	m	m	1	1
3	6	290	fix_cross_after_trial	4342.694893999957	0.93265876669102	fixation cross	n/a	n/a	94	4342.694931799953	3.779999678954482e-05	n/a	n/a	n/a	n/a	n/a	n/a
3	n/a	n/a	fix_cross_iti	4342.694931799953	0.0	trigger	n/a	n/a	94	n/a	n/a	n/a	n/a	n/a	n/a	n/a	n/a
3	6	291	image	4343.647234399978	0.7635911666475295	image	chair	chair_10.png	8	4343.647301899968	6.749999010935426e-05	n/a	n/a	n/a	n/a	1	n/a
3	n/a	n/a	image	4343.647301899968	0.0	trigger	n/a	n/a	8	n/a	n/a	n/a	n/a	n/a	n/a	n/a	n/a
3	6	291	word	4344.411007699964	0.9163668666769809	word	Stuhl_german	n/a	108	4344.411041199986	3.350002225488424e-05	n/a	n/a	n/a	n/a	1	n/a
3	n/a	n/a	word	4344.411041199986	0.0	trigger	n/a	n/a	108	n/a	n/a	n/a	n/a	n/a	n/a	n/a	n/a
3	6	291	possible_button_press	4345.912639099988	0.0	response	n/a	n/a	n/a	n/a	n/a	n/a	n/a	m	m	1	1
3	6	291	fix_cross_after_trial	4345.926881099993	0.9330195666443615	fixation cross	n/a	n/a	94	4345.926902999985	2.1899992134422064e-05	n/a	n/a	n/a	n/a	n/a	n/a
3	n/a	n/a	fix_cross_iti	4345.926902999985	0.0	trigger	n/a	n/a	94	n/a	n/a	n/a	n/a	n/a	n/a	n/a	n/a
3	6	292	image	4346.878214799974	0.7653624666891119	image	bag	bag_10.png	1	4346.878293099988	7.830001413822174e-05	n/a	n/a	n/a	n/a	1	n/a
3	n/a	n/a	image	4346.878293099988	0.0	trigger	n/a	n/a	1	n/a	n/a	n/a	n/a	n/a	n/a	n/a	n/a
3	6	292	word	4347.6433848000015	0.8994628666587232	word	Tasche_german	n/a	101	4347.643427299976	4.2499974370002747e-05	n/a	n/a	n/a	n/a	1	n/a
3	n/a	n/a	word	4347.643427299976	0.0	trigger	n/a	n/a	101	n/a	n/a	n/a	n/a	n/a	n/a	n/a	n/a
3	6	292	possible_button_press	4349.145396999957	0.0	response	n/a	n/a	n/a	n/a	n/a	n/a	n/a	m	m	1	1
3	6	292	fix_cross_after_trial	4349.159512999991	0.8497560666328354	fixation cross	n/a	n/a	94	4349.159543899994	3.090000245720148e-05	n/a	n/a	n/a	n/a	n/a	n/a
3	n/a	n/a	fix_cross_iti	4349.159543899994	0.0	trigger	n/a	n/a	94	n/a	n/a	n/a	n/a	n/a	n/a	n/a	n/a
3	6	293	image	4350.029266599973	0.7629185666482954	image	dress	dress_06.png	3	4350.029362900008	9.630003478378057e-05	n/a	n/a	n/a	n/a	1	n/a
3	n/a	n/a	image	4350.029362900008	0.0	trigger	n/a	n/a	3	n/a	n/a	n/a	n/a	n/a	n/a	n/a	n/a
3	6	293	word	4350.792175999959	0.9496810666787496	word	Kleid_german	n/a	103	4350.792203099991	2.7100031729787588e-05	n/a	n/a	n/a	n/a	1	n/a
3	n/a	n/a	word	4350.792203099991	0.0	trigger	n/a	n/a	103	n/a	n/a	n/a	n/a	n/a	n/a	n/a	n/a
3	6	293	possible_button_press	4352.281746399996	0.0	response	n/a	n/a	n/a	n/a	n/a	n/a	n/a	m	m	1	1
3	6	293	fix_cross_after_trial	4352.292402199993	0.8657199666522502	fixation cross	n/a	n/a	94	4352.29243599996	3.379996633157134e-05	n/a	n/a	n/a	n/a	n/a	n/a
3	n/a	n/a	fix_cross_iti	4352.29243599996	0.0	trigger	n/a	n/a	94	n/a	n/a	n/a	n/a	n/a	n/a	n/a	n/a
3	6	294	image	4353.194471099996	0.7634871666705294	image	ball	ball_05.png	6	4353.194558599964	8.749996777623892e-05	n/a	n/a	n/a	n/a	1	n/a
3	n/a	n/a	image	4353.194558599964	0.0	trigger	n/a	n/a	6	n/a	n/a	n/a	n/a	n/a	n/a	n/a	n/a
3	6	294	word	4353.957774799957	0.7666412667058466	word	Ball_german	n/a	106	4353.95780069998	2.5900022592395544e-05	n/a	n/a	n/a	n/a	1	n/a
3	n/a	n/a	word	4353.95780069998	0.0	trigger	n/a	n/a	106	n/a	n/a	n/a	n/a	n/a	n/a	n/a	n/a
3	6	294	possible_button_press	4355.460104800004	0.0	response	n/a	n/a	n/a	n/a	n/a	n/a	n/a	m	m	1	1
3	6	294	fix_cross_after_trial	4355.4739490000065	0.9999828666368558	fixation cross	n/a	n/a	94	4355.473966099962	1.7099955584853888e-05	n/a	n/a	n/a	n/a	n/a	n/a
3	n/a	n/a	fix_cross_iti	4355.473966099962	0.0	trigger	n/a	n/a	94	n/a	n/a	n/a	n/a	n/a	n/a	n/a	n/a
3	6	295	image	4356.761420399998	0.7622487666703819	image	bag	bag_02.png	1	4356.76151869999	9.82999918051064e-05	n/a	n/a	n/a	n/a	1	n/a
3	n/a	n/a	image	4356.76151869999	0.0	trigger	n/a	n/a	1	n/a	n/a	n/a	n/a	n/a	n/a	n/a	n/a
3	6	295	word	4357.523554199957	0.8988968667144945	word	Tasche_german	n/a	101	4357.523586199968	3.200001083314419e-05	n/a	n/a	n/a	n/a	1	n/a
3	n/a	n/a	word	4357.523586199968	0.0	trigger	n/a	n/a	101	n/a	n/a	n/a	n/a	n/a	n/a	n/a	n/a
3	6	295	possible_button_press	4359.025517400005	0.0	response	n/a	n/a	n/a	n/a	n/a	n/a	n/a	m	m	1	1
3	6	295	fix_cross_after_trial	4359.039833399991	0.8496061666555761	fixation cross	n/a	n/a	94	4359.039860699966	2.729997504502535e-05	n/a	n/a	n/a	n/a	n/a	n/a
3	n/a	n/a	fix_cross_iti	4359.039860699966	0.0	trigger	n/a	n/a	94	n/a	n/a	n/a	n/a	n/a	n/a	n/a	n/a
3	6	296	image	4359.909639999969	0.7631764666912204	image	chair	chair_01.png	8	4359.909733099979	9.310001041740179e-05	n/a	n/a	n/a	n/a	1	n/a
3	n/a	n/a	image	4359.909733099979	0.0	trigger	n/a	n/a	8	n/a	n/a	n/a	n/a	n/a	n/a	n/a	n/a
3	6	296	word	4360.672614799987	0.9161510666635877	word	Stuhl_german	n/a	108	4360.672657399962	4.2599975131452084e-05	n/a	n/a	n/a	n/a	1	n/a
3	n/a	n/a	word	4360.672657399962	0.0	trigger	n/a	n/a	108	n/a	n/a	n/a	n/a	n/a	n/a	n/a	n/a
3	6	296	possible_button_press	4362.159578699968	0.0	response	n/a	n/a	n/a	n/a	n/a	n/a	n/a	m	m	1	1
3	6	296	fix_cross_after_trial	4362.172660799988	0.8658497666510812	fixation cross	n/a	n/a	94	4362.172699899995	3.91000066883862e-05	n/a	n/a	n/a	n/a	n/a	n/a
3	n/a	n/a	fix_cross_iti	4362.172699899995	0.0	trigger	n/a	n/a	94	n/a	n/a	n/a	n/a	n/a	n/a	n/a	n/a
3	6	297	image	4363.05627989996	0.7651251666866301	image	book	book_04.png	7	4363.056367399986	8.750002598389983e-05	n/a	n/a	n/a	n/a	1	n/a
3	n/a	n/a	image	4363.056367399986	0.0	trigger	n/a	n/a	7	n/a	n/a	n/a	n/a	n/a	n/a	n/a	n/a
3	6	297	word	4363.821432199969	0.8664548666602059	word	Buch_german	n/a	107	4363.821461899963	2.9699993319809437e-05	n/a	n/a	n/a	n/a	1	n/a
3	n/a	n/a	word	4363.821461899963	0.0	trigger	n/a	n/a	107	n/a	n/a	n/a	n/a	n/a	n/a	n/a	n/a
3	6	297	possible_button_press	4365.307310500008	0.0	response	n/a	n/a	n/a	n/a	n/a	n/a	n/a	m	m	1	1
3	6	297	fix_cross_after_trial	4365.321338699956	0.7992774666672631	fixation cross	n/a	n/a	94	4365.321373099985	3.4400029107928276e-05	n/a	n/a	n/a	n/a	n/a	n/a
3	n/a	n/a	fix_cross_iti	4365.321373099985	0.0	trigger	n/a	n/a	94	n/a	n/a	n/a	n/a	n/a	n/a	n/a	n/a
3	6	298	image	4366.140122399956	0.7639402666864044	image	car	car_06.png	5	4366.1402124000015	9.000004502013326e-05	n/a	n/a	n/a	n/a	1	n/a
3	n/a	n/a	image	4366.1402124000015	0.0	trigger	n/a	n/a	5	n/a	n/a	n/a	n/a	n/a	n/a	n/a	n/a
3	6	298	word	4366.904051199963	0.9487812666957325	word	Auto_german	n/a	105	4366.904078399995	2.7200032491236925e-05	n/a	n/a	n/a	n/a	1	n/a
3	n/a	n/a	word	4366.904078399995	0.0	trigger	n/a	n/a	105	n/a	n/a	n/a	n/a	n/a	n/a	n/a	n/a
3	6	298	possible_button_press	4368.4059728999855	0.0	response	n/a	n/a	n/a	n/a	n/a	n/a	n/a	m	m	1	1
3	6	298	fix_cross_after_trial	4368.420036099968	0.8001123666799685	fixation cross	n/a	n/a	94	4368.4200556	1.950003206729889e-05	n/a	n/a	n/a	n/a	n/a	n/a
3	n/a	n/a	fix_cross_iti	4368.4200556	0.0	trigger	n/a	n/a	94	n/a	n/a	n/a	n/a	n/a	n/a	n/a	n/a
3	6	299	image	4369.242690599989	0.7605519666722103	image	door	door_04.png	4	4369.242772699974	8.209998486563563e-05	n/a	n/a	n/a	n/a	0	n/a
3	n/a	n/a	image	4369.242772699974	0.0	trigger	n/a	n/a	4	n/a	n/a	n/a	n/a	n/a	n/a	n/a	n/a
3	6	299	word	4370.002833299979	0.8823356666871405	word	Buch_german	n/a	107	4370.002860599954	2.729997504502535e-05	n/a	n/a	n/a	n/a	0	n/a
3	n/a	n/a	word	4370.002860599954	0.0	trigger	n/a	n/a	107	n/a	n/a	n/a	n/a	n/a	n/a	n/a	n/a
3	6	299	feedback	4371.519256800006	0.0	trigger	n/a	n/a	96	n/a	n/a	n/a	n/a	n/a	n/a	n/a	n/a
3	6	299	possible_button_press	4371.72100109997	0.0	response	n/a	n/a	n/a	n/a	n/a	n/a	n/a	m	r	0	0
3	6	299	fix_cross_after_trial	4371.735357799975	0.9836003666896431	fixation cross	n/a	n/a	94	4371.735380899976	2.3100001271814108e-05	n/a	n/a	n/a	n/a	n/a	n/a
3	n/a	n/a	fix_cross_iti	4371.735380899976	0.0	trigger	n/a	n/a	94	n/a	n/a	n/a	n/a	n/a	n/a	n/a	n/a
3	6	300	image	4372.737682799983	0.7644035666635318	image	chair	chair_09.png	8	4372.737770100008	8.730002446100116e-05	n/a	n/a	n/a	n/a	1	n/a
3	n/a	n/a	image	4372.737770100008	0.0	trigger	n/a	n/a	8	n/a	n/a	n/a	n/a	n/a	n/a	n/a	n/a
3	6	300	word	4373.501845199964	0.9323214666837885	word	Stuhl_german	n/a	108	4373.501874799957	2.95999925583601e-05	n/a	n/a	n/a	n/a	1	n/a
3	n/a	n/a	word	4373.501874799957	0.0	trigger	n/a	n/a	108	n/a	n/a	n/a	n/a	n/a	n/a	n/a	n/a
3	6	300	possible_button_press	4375.0033864	0.0	response	n/a	n/a	n/a	n/a	n/a	n/a	n/a	m	m	1	1
3	6	300	fix_cross_after_trial	4375.017996399954	0.7495322666982247	fixation cross	n/a	n/a	94	4375.018026799953	3.0399998649954796e-05	n/a	n/a	n/a	n/a	n/a	n/a
3	n/a	n/a	fix_cross_iti	4375.018026799953	0.0	trigger	n/a	n/a	94	n/a	n/a	n/a	n/a	n/a	n/a	n/a	n/a
3	6	300	break_instruction	4375.7675955999875	15.012048966662405	break	n/a	n/a	81	4375.767622699961	2.7099973522126675e-05	n/a	n/a	n/a	n/a	n/a	n/a
3	n/a	n/a	break_start	4375.767622699961	0.0	trigger	n/a	n/a	81	n/a	n/a	n/a	n/a	n/a	n/a	n/a	n/a
3	n/a	n/a	break_end	4395.364309199969	0.0	trigger	n/a	n/a	82	n/a	n/a	n/a	n/a	n/a	n/a	n/a	n/a
3	7	301	image	4395.4512400999665	0.7618648666575609	image	ball	ball_02.png	6	4395.451322699955	8.259998867288232e-05	n/a	n/a	n/a	n/a	1	n/a
3	n/a	n/a	image	4395.451322699955	0.0	trigger	n/a	n/a	6	n/a	n/a	n/a	n/a	n/a	n/a	n/a	n/a
3	7	301	word	4396.2115644000005	0.7821872666281706	word	Ball_german	n/a	106	4396.211598099966	3.3699965570122004e-05	n/a	n/a	n/a	n/a	1	n/a
3	n/a	n/a	word	4396.211598099966	0.0	trigger	n/a	n/a	106	n/a	n/a	n/a	n/a	n/a	n/a	n/a	n/a
3	7	301	possible_button_press	4397.715250000008	0.0	response	n/a	n/a	n/a	n/a	n/a	n/a	n/a	m	m	1	1
3	7	301	fix_cross_after_trial	4397.727567499969	1.1497145666544384	fixation cross	n/a	n/a	94	4397.7275909999735	2.3500004317611456e-05	n/a	n/a	n/a	n/a	n/a	n/a
3	n/a	n/a	fix_cross_iti	4397.7275909999735	0.0	trigger	n/a	n/a	94	n/a	n/a	n/a	n/a	n/a	n/a	n/a	n/a
3	7	302	image	4398.895315099973	0.7650088666741794	image	saw	saw_06.png	10	4398.8953754999675	6.0399994254112244e-05	n/a	n/a	n/a	n/a	1	n/a
3	n/a	n/a	image	4398.8953754999675	0.0	trigger	n/a	n/a	10	n/a	n/a	n/a	n/a	n/a	n/a	n/a	n/a
3	7	302	word	4399.660210600006	0.9496803666152118	word	Säge_german	n/a	110	4399.66024269996	3.209995338693261e-05	n/a	n/a	n/a	n/a	1	n/a
3	n/a	n/a	word	4399.66024269996	0.0	trigger	n/a	n/a	110	n/a	n/a	n/a	n/a	n/a	n/a	n/a	n/a
3	7	302	possible_button_press	4401.162030799955	0.0	response	n/a	n/a	n/a	n/a	n/a	n/a	n/a	m	m	1	1
3	7	302	fix_cross_after_trial	4401.176745300007	0.8327061666677764	fixation cross	n/a	n/a	94	4401.176766399993	2.1099986042827368e-05	n/a	n/a	n/a	n/a	n/a	n/a
3	n/a	n/a	fix_cross_iti	4401.176766399993	0.0	trigger	n/a	n/a	94	n/a	n/a	n/a	n/a	n/a	n/a	n/a	n/a
3	7	303	image	4402.028073099966	0.7642662666657998	image	dress	dress_05.png	3	4402.028152099985	7.90000194683671e-05	n/a	n/a	n/a	n/a	1	n/a
3	n/a	n/a	image	4402.028152099985	0.0	trigger	n/a	n/a	3	n/a	n/a	n/a	n/a	n/a	n/a	n/a	n/a
3	7	303	word	4402.792371099989	0.9495858666523418	word	Kleid_german	n/a	103	4402.79239779996	2.6699970476329327e-05	n/a	n/a	n/a	n/a	1	n/a
3	n/a	n/a	word	4402.79239779996	0.0	trigger	n/a	n/a	103	n/a	n/a	n/a	n/a	n/a	n/a	n/a	n/a
3	7	303	possible_button_press	4404.2964664999745	0.0	response	n/a	n/a	n/a	n/a	n/a	n/a	n/a	m	m	1	1
3	7	303	fix_cross_after_trial	4404.308963899966	0.7993248666789441	fixation cross	n/a	n/a	94	4404.308997699991	3.3800024539232254e-05	n/a	n/a	n/a	n/a	n/a	n/a
3	n/a	n/a	fix_cross_iti	4404.308997699991	0.0	trigger	n/a	n/a	94	n/a	n/a	n/a	n/a	n/a	n/a	n/a	n/a
3	7	304	image	4405.109187199967	0.749006466652645	image	car	car_01.png	5	4405.109257199976	7.000000914558768e-05	n/a	n/a	n/a	n/a	1	n/a
3	n/a	n/a	image	4405.109257199976	0.0	trigger	n/a	n/a	5	n/a	n/a	n/a	n/a	n/a	n/a	n/a	n/a
3	7	304	word	4405.858199599956	0.949538366698107	word	Auto_german	n/a	105	4405.8582253999775	2.5800021830946207e-05	n/a	n/a	n/a	n/a	1	n/a
3	n/a	n/a	word	4405.8582253999775	0.0	trigger	n/a	n/a	105	n/a	n/a	n/a	n/a	n/a	n/a	n/a	n/a
3	7	304	possible_button_press	4407.344127299963	0.0	response	n/a	n/a	n/a	n/a	n/a	n/a	n/a	m	m	1	1
3	7	304	fix_cross_after_trial	4407.357757499965	0.9829068667058891	fixation cross	n/a	n/a	94	4407.357789699978	3.220001235604286e-05	n/a	n/a	n/a	n/a	n/a	n/a
3	n/a	n/a	fix_cross_iti	4407.357789699978	0.0	trigger	n/a	n/a	94	n/a	n/a	n/a	n/a	n/a	n/a	n/a	n/a
3	7	305	image	4408.359651400009	0.7645381666407047	image	bag	bag_06.png	1	4408.359716799983	6.539997411891818e-05	n/a	n/a	n/a	n/a	1	n/a
3	n/a	n/a	image	4408.359716799983	0.0	trigger	n/a	n/a	1	n/a	n/a	n/a	n/a	n/a	n/a	n/a	n/a
3	7	305	word	4409.12422399997	0.8987618666760682	word	Tasche_german	n/a	101	4409.1242815000005	5.7500030379742384e-05	n/a	n/a	n/a	n/a	1	n/a
3	n/a	n/a	word	4409.1242815000005	0.0	trigger	n/a	n/a	101	n/a	n/a	n/a	n/a	n/a	n/a	n/a	n/a
3	7	305	possible_button_press	4410.626154600002	0.0	response	n/a	n/a	n/a	n/a	n/a	n/a	n/a	m	m	1	1
3	7	305	fix_cross_after_trial	4410.640052700008	0.7666126666626951	fixation cross	n/a	n/a	94	4410.64007959998	2.6899971999228e-05	n/a	n/a	n/a	n/a	n/a	n/a
3	n/a	n/a	fix_cross_iti	4410.64007959998	0.0	trigger	n/a	n/a	94	n/a	n/a	n/a	n/a	n/a	n/a	n/a	n/a
3	7	306	image	4411.426367999986	0.7633630666568934	image	dress	dress_08.png	3	4411.426451599982	8.359999628737569e-05	n/a	n/a	n/a	n/a	0	n/a
3	n/a	n/a	image	4411.426451599982	0.0	trigger	n/a	n/a	3	n/a	n/a	n/a	n/a	n/a	n/a	n/a	n/a
3	7	306	word	4412.189589499962	0.782322266666597	word	Ball_german	n/a	106	4412.189624099992	3.460003063082695e-05	n/a	n/a	n/a	n/a	0	n/a
3	n/a	n/a	word	4412.189624099992	0.0	trigger	n/a	n/a	106	n/a	n/a	n/a	n/a	n/a	n/a	n/a	n/a
3	7	306	feedback	4413.705759299977	0.0	trigger	n/a	n/a	96	n/a	n/a	n/a	n/a	n/a	n/a	n/a	n/a
3	7	306	possible_button_press	4413.893446600006	0.0	response	n/a	n/a	n/a	n/a	n/a	n/a	n/a	m	r	0	0
3	7	306	fix_cross_after_trial	4413.905852600001	0.8494757666521764	fixation cross	n/a	n/a	94	4413.905888599984	3.5999983083456755e-05	n/a	n/a	n/a	n/a	n/a	n/a
3	n/a	n/a	fix_cross_iti	4413.905888599984	0.0	trigger	n/a	n/a	94	n/a	n/a	n/a	n/a	n/a	n/a	n/a	n/a
3	7	307	image	4414.774335799972	0.7641483666993736	image	door	door_08.png	4	4414.774405999982	7.020001066848636e-05	n/a	n/a	n/a	n/a	1	n/a
3	n/a	n/a	image	4414.774405999982	0.0	trigger	n/a	n/a	4	n/a	n/a	n/a	n/a	n/a	n/a	n/a	n/a
3	7	307	word	4415.538536100008	0.8164233666648215	word	Tür_german	n/a	104	4415.538566200004	3.0099996365606785e-05	n/a	n/a	n/a	n/a	1	n/a
3	n/a	n/a	word	4415.538566200004	0.0	trigger	n/a	n/a	104	n/a	n/a	n/a	n/a	n/a	n/a	n/a	n/a
3	7	307	possible_button_press	4417.041078499984	0.0	response	n/a	n/a	n/a	n/a	n/a	n/a	n/a	m	m	1	1
3	7	307	fix_cross_after_trial	4417.054695400002	1.0995450666559918	fixation cross	n/a	n/a	94	4417.0547352999565	3.9899954572319984e-05	n/a	n/a	n/a	n/a	n/a	n/a
3	n/a	n/a	fix_cross_iti	4417.0547352999565	0.0	trigger	n/a	n/a	94	n/a	n/a	n/a	n/a	n/a	n/a	n/a	n/a
3	7	308	image	4418.172543599969	0.7652860666894412	image	car	car_08.png	5	4418.172603099956	5.949998740106821e-05	n/a	n/a	n/a	n/a	1	n/a
3	n/a	n/a	image	4418.172603099956	0.0	trigger	n/a	n/a	5	n/a	n/a	n/a	n/a	n/a	n/a	n/a	n/a
3	7	308	word	4418.937608499953	0.9493000666880107	word	Auto_german	n/a	105	4418.93765420001	4.5700056944042444e-05	n/a	n/a	n/a	n/a	1	n/a
3	n/a	n/a	word	4418.93765420001	0.0	trigger	n/a	n/a	105	n/a	n/a	n/a	n/a	n/a	n/a	n/a	n/a
3	7	308	possible_button_press	4420.439330399968	0.0	response	n/a	n/a	n/a	n/a	n/a	n/a	n/a	m	m	1	1
3	7	308	fix_cross_after_trial	4420.453551299986	1.0996789666860423	fixation cross	n/a	n/a	94	4420.453576600004	2.5300018023699522e-05	n/a	n/a	n/a	n/a	n/a	n/a
3	n/a	n/a	fix_cross_iti	4420.453576600004	0.0	trigger	n/a	n/a	94	n/a	n/a	n/a	n/a	n/a	n/a	n/a	n/a
3	7	309	image	4421.591676899989	0.7616027666408627	image	chair	chair_02.png	8	4421.59175089997	7.399998139590025e-05	n/a	n/a	n/a	n/a	1	n/a
3	n/a	n/a	image	4421.59175089997	0.0	trigger	n/a	n/a	8	n/a	n/a	n/a	n/a	n/a	n/a	n/a	n/a
3	7	309	word	4422.3530953999725	0.9164105666604883	word	Stuhl_german	n/a	108	4422.3531307000085	3.530003596097231e-05	n/a	n/a	n/a	n/a	1	n/a
3	n/a	n/a	word	4422.3531307000085	0.0	trigger	n/a	n/a	108	n/a	n/a	n/a	n/a	n/a	n/a	n/a	n/a
3	7	309	possible_button_press	4423.855636799999	0.0	response	n/a	n/a	n/a	n/a	n/a	n/a	n/a	m	m	1	1
3	7	309	fix_cross_after_trial	4423.8692467999645	0.983215766671492	fixation cross	n/a	n/a	94	4423.869271899981	2.5100016500800848e-05	n/a	n/a	n/a	n/a	n/a	n/a
3	n/a	n/a	fix_cross_iti	4423.869271899981	0.0	trigger	n/a	n/a	94	n/a	n/a	n/a	n/a	n/a	n/a	n/a	n/a
3	7	310	image	4424.87232319999	0.763616866668599	image	door	door_07.png	4	4424.872406299983	8.3099992480129e-05	n/a	n/a	n/a	n/a	1	n/a
3	n/a	n/a	image	4424.872406299983	0.0	trigger	n/a	n/a	4	n/a	n/a	n/a	n/a	n/a	n/a	n/a	n/a
3	7	310	word	4425.635675499972	0.8163142666489875	word	Tür_german	n/a	104	4425.635706999979	3.15000070258975e-05	n/a	n/a	n/a	n/a	1	n/a
3	n/a	n/a	word	4425.635706999979	0.0	trigger	n/a	n/a	104	n/a	n/a	n/a	n/a	n/a	n/a	n/a	n/a
3	7	310	possible_button_press	4427.138442499971	0.0	response	n/a	n/a	n/a	n/a	n/a	n/a	n/a	m	m	1	1
3	7	310	fix_cross_after_trial	4427.151987999969	1.032477866687259	fixation cross	n/a	n/a	94	4427.152018299967	3.029999788850546e-05	n/a	n/a	n/a	n/a	n/a	n/a
3	n/a	n/a	fix_cross_iti	4427.152018299967	0.0	trigger	n/a	n/a	94	n/a	n/a	n/a	n/a	n/a	n/a	n/a	n/a
3	7	311	image	4428.201933899953	0.7494474666927999	image	ball	ball_10.png	6	4428.202004299965	7.040001219138503e-05	n/a	n/a	n/a	n/a	1	n/a
3	n/a	n/a	image	4428.202004299965	0.0	trigger	n/a	n/a	6	n/a	n/a	n/a	n/a	n/a	n/a	n/a	n/a
3	7	311	word	4428.9513772999635	0.7824960667094274	word	Ball_german	n/a	106	4428.951413100003	3.5800039768218994e-05	n/a	n/a	n/a	n/a	1	n/a
3	n/a	n/a	word	4428.951413100003	0.0	trigger	n/a	n/a	106	n/a	n/a	n/a	n/a	n/a	n/a	n/a	n/a
3	7	311	possible_button_press	4430.453300599998	0.0	response	n/a	n/a	n/a	n/a	n/a	n/a	n/a	m	m	1	1
3	7	311	fix_cross_after_trial	4430.467108199955	0.8331527666923648	fixation cross	n/a	n/a	94	4430.467131399957	2.3200002033263445e-05	n/a	n/a	n/a	n/a	n/a	n/a
3	n/a	n/a	fix_cross_iti	4430.467131399957	0.0	trigger	n/a	n/a	94	n/a	n/a	n/a	n/a	n/a	n/a	n/a	n/a
3	7	312	image	4431.319225299987	0.7641801666504762	image	rose	rose_05.png	9	4431.31929059996	6.529997335746884e-05	n/a	n/a	n/a	n/a	1	n/a
3	n/a	n/a	image	4431.31929059996	0.0	trigger	n/a	n/a	9	n/a	n/a	n/a	n/a	n/a	n/a	n/a	n/a
3	7	312	word	4432.083303199965	0.9321856666974782	word	Rose_german	n/a	109	4432.0833400999545	3.689998993650079e-05	n/a	n/a	n/a	n/a	1	n/a
3	n/a	n/a	word	4432.0833400999545	0.0	trigger	n/a	n/a	109	n/a	n/a	n/a	n/a	n/a	n/a	n/a	n/a
3	7	312	possible_button_press	4433.585675799986	0.0	response	n/a	n/a	n/a	n/a	n/a	n/a	n/a	m	m	1	1
3	7	312	fix_cross_after_trial	4433.599568400008	0.9494928666426858	fixation cross	n/a	n/a	94	4433.59958899999	2.0599982235580683e-05	n/a	n/a	n/a	n/a	n/a	n/a
3	n/a	n/a	fix_cross_iti	4433.59958899999	0.0	trigger	n/a	n/a	94	n/a	n/a	n/a	n/a	n/a	n/a	n/a	n/a
3	7	313	image	4434.590591999993	0.7584943666624895	image	fish	fish_08.png	2	4434.59067299997	8.099997648969293e-05	n/a	n/a	n/a	n/a	1	n/a
3	n/a	n/a	image	4434.59067299997	0.0	trigger	n/a	n/a	2	n/a	n/a	n/a	n/a	n/a	n/a	n/a	n/a
3	7	313	word	4435.3489176	0.8823118666223309	word	Fisch_german	n/a	102	4435.348948300001	3.070000093430281e-05	n/a	n/a	n/a	n/a	1	n/a
3	n/a	n/a	word	4435.348948300001	0.0	trigger	n/a	n/a	102	n/a	n/a	n/a	n/a	n/a	n/a	n/a	n/a
3	7	313	possible_button_press	4436.851043400005	0.0	response	n/a	n/a	n/a	n/a	n/a	n/a	n/a	m	m	1	1
3	7	313	fix_cross_after_trial	4436.865228799987	0.9160669666634931	fixation cross	n/a	n/a	94	4436.86526349996	3.4699973184615374e-05	n/a	n/a	n/a	n/a	n/a	n/a
3	n/a	n/a	fix_cross_iti	4436.86526349996	0.0	trigger	n/a	n/a	94	n/a	n/a	n/a	n/a	n/a	n/a	n/a	n/a
3	7	314	image	4437.79954659997	0.7649067666534393	image	door	door_10.png	4	4437.799622499966	7.589999586343765e-05	n/a	n/a	n/a	n/a	0	n/a
3	n/a	n/a	image	4437.799622499966	0.0	trigger	n/a	n/a	4	n/a	n/a	n/a	n/a	n/a	n/a	n/a	n/a
3	7	314	word	4438.564633000002	0.916633766672021	word	Stuhl_german	n/a	108	4438.564679500007	4.650000482797623e-05	n/a	n/a	n/a	n/a	0	n/a
3	n/a	n/a	word	4438.564679500007	0.0	trigger	n/a	n/a	108	n/a	n/a	n/a	n/a	n/a	n/a	n/a	n/a
3	7	314	feedback	4440.0806426999625	0.0	trigger	n/a	n/a	96	n/a	n/a	n/a	n/a	n/a	n/a	n/a	n/a
3	7	314	possible_button_press	4440.266696200008	0.0	response	n/a	n/a	n/a	n/a	n/a	n/a	n/a	m	r	0	0
3	7	314	fix_cross_after_trial	4440.281087599986	1.1825656666806026	fixation cross	n/a	n/a	94	4440.281136200007	4.8600020818412304e-05	n/a	n/a	n/a	n/a	n/a	n/a
3	n/a	n/a	fix_cross_iti	4440.281136200007	0.0	trigger	n/a	n/a	94	n/a	n/a	n/a	n/a	n/a	n/a	n/a	n/a
3	7	315	image	4441.482726499962	0.7639935666848032	image	book	book_01.png	7	4441.48281419999	8.77000275067985e-05	n/a	n/a	n/a	n/a	1	n/a
3	n/a	n/a	image	4441.48281419999	0.0	trigger	n/a	n/a	7	n/a	n/a	n/a	n/a	n/a	n/a	n/a	n/a
3	7	315	word	4442.246705700003	0.8665849666613212	word	Buch_german	n/a	107	4442.246736500005	3.0800001695752144e-05	n/a	n/a	n/a	n/a	1	n/a
3	n/a	n/a	word	4442.246736500005	0.0	trigger	n/a	n/a	107	n/a	n/a	n/a	n/a	n/a	n/a	n/a	n/a
3	7	315	possible_button_press	4443.748414099973	0.0	response	n/a	n/a	n/a	n/a	n/a	n/a	n/a	m	m	1	1
3	7	315	fix_cross_after_trial	4443.76274809998	1.2166395666463359	fixation cross	n/a	n/a	94	4443.762766300002	1.8200022168457508e-05	n/a	n/a	n/a	n/a	n/a	n/a
3	n/a	n/a	fix_cross_iti	4443.762766300002	0.0	trigger	n/a	n/a	94	n/a	n/a	n/a	n/a	n/a	n/a	n/a	n/a
3	7	316	image	4444.998037399957	0.7642770666898286	image	bag	bag_05.png	1	4444.998128100007	9.070005035027862e-05	n/a	n/a	n/a	n/a	1	n/a
3	n/a	n/a	image	4444.998128100007	0.0	trigger	n/a	n/a	1	n/a	n/a	n/a	n/a	n/a	n/a	n/a	n/a
3	7	316	word	4445.76217219996	0.8993406666595547	word	Tasche_german	n/a	101	4445.7621961999685	2.400000812485814e-05	n/a	n/a	n/a	n/a	1	n/a
3	n/a	n/a	word	4445.7621961999685	0.0	trigger	n/a	n/a	101	n/a	n/a	n/a	n/a	n/a	n/a	n/a	n/a
3	7	316	possible_button_press	4447.26458909997	0.0	response	n/a	n/a	n/a	n/a	n/a	n/a	n/a	m	m	1	1
3	7	316	fix_cross_after_trial	4447.278580999991	1.0996702666780038	fixation cross	n/a	n/a	94	4447.278610899986	2.989999484270811e-05	n/a	n/a	n/a	n/a	n/a	n/a
3	n/a	n/a	fix_cross_iti	4447.278610899986	0.0	trigger	n/a	n/a	94	n/a	n/a	n/a	n/a	n/a	n/a	n/a	n/a
3	7	317	image	4448.39727029996	0.7642556667015015	image	saw	saw_01.png	10	4448.39737999998	0.0001097000204026699	n/a	n/a	n/a	n/a	1	n/a
3	n/a	n/a	image	4448.39737999998	0.0	trigger	n/a	n/a	10	n/a	n/a	n/a	n/a	n/a	n/a	n/a	n/a
3	7	317	word	4449.161412199959	0.9496865666624217	word	Säge_german	n/a	110	4449.161455299996	4.310003714635968e-05	n/a	n/a	n/a	n/a	1	n/a
3	n/a	n/a	word	4449.161455299996	0.0	trigger	n/a	n/a	110	n/a	n/a	n/a	n/a	n/a	n/a	n/a	n/a
3	7	317	possible_button_press	4450.662851599976	0.0	response	n/a	n/a	n/a	n/a	n/a	n/a	n/a	m	m	1	1
3	7	317	fix_cross_after_trial	4450.677256900002	1.1997898666340916	fixation cross	n/a	n/a	94	4450.677272700006	1.580000389367342e-05	n/a	n/a	n/a	n/a	n/a	n/a
3	n/a	n/a	fix_cross_iti	4450.677272700006	0.0	trigger	n/a	n/a	94	n/a	n/a	n/a	n/a	n/a	n/a	n/a	n/a
3	7	318	image	4451.896052600001	0.7641963666574156	image	book	book_05.png	7	4451.896114000003	6.140000186860561e-05	n/a	n/a	n/a	n/a	1	n/a
3	n/a	n/a	image	4451.896114000003	0.0	trigger	n/a	n/a	7	n/a	n/a	n/a	n/a	n/a	n/a	n/a	n/a
3	7	318	word	4452.660200699989	0.8822212666309497	word	Buch_german	n/a	107	4452.660238399985	3.7699996028095484e-05	n/a	n/a	n/a	n/a	1	n/a
3	n/a	n/a	word	4452.660238399985	0.0	trigger	n/a	n/a	107	n/a	n/a	n/a	n/a	n/a	n/a	n/a	n/a
3	7	318	possible_button_press	4454.162722999987	0.0	response	n/a	n/a	n/a	n/a	n/a	n/a	n/a	m	m	1	1
3	7	318	fix_cross_after_trial	4454.176166199963	1.1662163666951528	fixation cross	n/a	n/a	94	4454.176188599959	2.239999594166875e-05	n/a	n/a	n/a	n/a	n/a	n/a
3	n/a	n/a	fix_cross_iti	4454.176188599959	0.0	trigger	n/a	n/a	94	n/a	n/a	n/a	n/a	n/a	n/a	n/a	n/a
3	7	319	image	4455.378944099997	0.7639611666709243	image	chair	chair_10.png	8	4455.379015799961	7.16999638825655e-05	n/a	n/a	n/a	n/a	1	n/a
3	n/a	n/a	image	4455.379015799961	0.0	trigger	n/a	n/a	8	n/a	n/a	n/a	n/a	n/a	n/a	n/a	n/a
3	7	319	word	4456.142790999962	0.9324283666828705	word	Stuhl_german	n/a	108	4456.142832599988	4.160002572461963e-05	n/a	n/a	n/a	n/a	1	n/a
3	n/a	n/a	word	4456.142832599988	0.0	trigger	n/a	n/a	108	n/a	n/a	n/a	n/a	n/a	n/a	n/a	n/a
3	7	319	possible_button_press	4457.644840099965	0.0	response	n/a	n/a	n/a	n/a	n/a	n/a	n/a	m	m	1	1
3	7	319	fix_cross_after_trial	4457.658905999968	0.9332100666979386	fixation cross	n/a	n/a	94	4457.6589331	2.7100031729787588e-05	n/a	n/a	n/a	n/a	n/a	n/a
3	n/a	n/a	fix_cross_iti	4457.6589331	0.0	trigger	n/a	n/a	94	n/a	n/a	n/a	n/a	n/a	n/a	n/a	n/a
3	7	320	image	4458.610489999992	0.7645856666531472	image	saw	saw_10.png	10	4458.610563399969	7.339997682720423e-05	n/a	n/a	n/a	n/a	1	n/a
3	n/a	n/a	image	4458.610563399969	0.0	trigger	n/a	n/a	10	n/a	n/a	n/a	n/a	n/a	n/a	n/a	n/a
3	7	320	word	4459.37499479996	0.9487092666713579	word	Säge_german	n/a	110	4459.375023400004	2.8600043151527643e-05	n/a	n/a	n/a	n/a	1	n/a
3	n/a	n/a	word	4459.375023400004	0.0	trigger	n/a	n/a	110	n/a	n/a	n/a	n/a	n/a	n/a	n/a	n/a
3	7	320	possible_button_press	4460.877345199988	0.0	response	n/a	n/a	n/a	n/a	n/a	n/a	n/a	m	m	1	1
3	7	320	fix_cross_after_trial	4460.891293499968	0.8324305666646978	fixation cross	n/a	n/a	94	4460.891325199977	3.170000854879618e-05	n/a	n/a	n/a	n/a	n/a	n/a
3	n/a	n/a	fix_cross_iti	4460.891325199977	0.0	trigger	n/a	n/a	94	n/a	n/a	n/a	n/a	n/a	n/a	n/a	n/a
3	7	321	image	4461.742050500005	0.7651990666672646	image	book	book_06.png	7	4461.742124399985	7.389998063445091e-05	n/a	n/a	n/a	n/a	0	n/a
3	n/a	n/a	image	4461.742124399985	0.0	trigger	n/a	n/a	7	n/a	n/a	n/a	n/a	n/a	n/a	n/a	n/a
3	7	321	word	4462.507116599998	0.7824552666315867	word	Ball_german	n/a	106	4462.507148200006	3.160000778734684e-05	n/a	n/a	n/a	n/a	0	n/a
3	n/a	n/a	word	4462.507148200006	0.0	trigger	n/a	n/a	106	n/a	n/a	n/a	n/a	n/a	n/a	n/a	n/a
3	7	321	feedback	4464.023040100001	0.0	trigger	n/a	n/a	96	n/a	n/a	n/a	n/a	n/a	n/a	n/a	n/a
3	7	321	possible_button_press	4464.208508099953	0.0	response	n/a	n/a	n/a	n/a	n/a	n/a	n/a	m	r	0	0
3	7	321	fix_cross_after_trial	4464.223018399964	1.0162919666654489	fixation cross	n/a	n/a	94	4464.223051499983	3.3100019209086895e-05	n/a	n/a	n/a	n/a	n/a	n/a
3	n/a	n/a	fix_cross_iti	4464.223051499983	0.0	trigger	n/a	n/a	94	n/a	n/a	n/a	n/a	n/a	n/a	n/a	n/a
3	7	322	image	4465.256946999987	0.749182766656304	image	door	door_01.png	4	4465.257008899993	6.19000056758523e-05	n/a	n/a	n/a	n/a	1	n/a
3	n/a	n/a	image	4465.257008899993	0.0	trigger	n/a	n/a	4	n/a	n/a	n/a	n/a	n/a	n/a	n/a	n/a
3	7	322	word	4466.005973099964	0.8328245666962175	word	Tür_german	n/a	104	4466.006016200001	4.310003714635968e-05	n/a	n/a	n/a	n/a	1	n/a
3	n/a	n/a	word	4466.006016200001	0.0	trigger	n/a	n/a	104	n/a	n/a	n/a	n/a	n/a	n/a	n/a	n/a
3	7	322	possible_button_press	4467.507325799961	0.0	response	n/a	n/a	n/a	n/a	n/a	n/a	n/a	m	m	1	1
3	7	322	fix_cross_after_trial	4467.521870900004	1.1695574666409811	fixation cross	n/a	n/a	94	4467.521894999954	2.4099950678646564e-05	n/a	n/a	n/a	n/a	n/a	n/a
3	n/a	n/a	fix_cross_iti	4467.521894999954	0.0	trigger	n/a	n/a	94	n/a	n/a	n/a	n/a	n/a	n/a	n/a	n/a
3	7	323	image	4468.727160499955	0.7610056666926539	image	saw	saw_05.png	10	4468.727260899963	0.00010040000779554248	n/a	n/a	n/a	n/a	1	n/a
3	n/a	n/a	image	4468.727260899963	0.0	trigger	n/a	n/a	10	n/a	n/a	n/a	n/a	n/a	n/a	n/a	n/a
3	7	323	word	4469.488089399994	0.9491658666556759	word	Säge_german	n/a	110	4469.488117099972	2.7699978090822697e-05	n/a	n/a	n/a	n/a	1	n/a
3	n/a	n/a	word	4469.488117099972	0.0	trigger	n/a	n/a	110	n/a	n/a	n/a	n/a	n/a	n/a	n/a	n/a
3	7	323	possible_button_press	4470.990470599965	0.0	response	n/a	n/a	n/a	n/a	n/a	n/a	n/a	m	m	1	1
3	7	323	fix_cross_after_trial	4471.004458299954	0.9497053666891588	fixation cross	n/a	n/a	94	4471.004487900005	2.9600050766021013e-05	n/a	n/a	n/a	n/a	n/a	n/a
3	n/a	n/a	fix_cross_iti	4471.004487900005	0.0	trigger	n/a	n/a	94	n/a	n/a	n/a	n/a	n/a	n/a	n/a	n/a
3	7	324	image	4471.971863499959	0.765168966670899	image	dress	dress_02.png	3	4471.9719366999925	7.320003351196647e-05	n/a	n/a	n/a	n/a	1	n/a
3	n/a	n/a	image	4471.9719366999925	0.0	trigger	n/a	n/a	3	n/a	n/a	n/a	n/a	n/a	n/a	n/a	n/a
3	7	324	word	4472.737146299973	0.949490966686426	word	Kleid_german	n/a	103	4472.737176899973	3.060000017285347e-05	n/a	n/a	n/a	n/a	1	n/a
3	n/a	n/a	word	4472.737176899973	0.0	trigger	n/a	n/a	103	n/a	n/a	n/a	n/a	n/a	n/a	n/a	n/a
3	7	324	possible_button_press	4474.239808399987	0.0	response	n/a	n/a	n/a	n/a	n/a	n/a	n/a	m	m	1	1
3	7	324	fix_cross_after_trial	4474.253456300008	0.8327789666400349	fixation cross	n/a	n/a	94	4474.253490699979	3.439997090026736e-05	n/a	n/a	n/a	n/a	n/a	n/a
3	n/a	n/a	fix_cross_iti	4474.253490699979	0.0	trigger	n/a	n/a	94	n/a	n/a	n/a	n/a	n/a	n/a	n/a	n/a
3	7	325	image	4475.144998500007	0.7583225666348881	image	chair	chair_05.png	8	4475.145089900005	9.139999747276306e-05	n/a	n/a	n/a	n/a	1	n/a
3	n/a	n/a	image	4475.145089900005	0.0	trigger	n/a	n/a	8	n/a	n/a	n/a	n/a	n/a	n/a	n/a	n/a
3	7	325	word	4475.903314499999	0.9321283666686213	word	Stuhl_german	n/a	108	4475.903373799985	5.9299985878169537e-05	n/a	n/a	n/a	n/a	1	n/a
3	n/a	n/a	word	4475.903373799985	0.0	trigger	n/a	n/a	108	n/a	n/a	n/a	n/a	n/a	n/a	n/a	n/a
3	7	325	possible_button_press	4477.4067516999785	0.0	response	n/a	n/a	n/a	n/a	n/a	n/a	n/a	m	m	1	1
3	7	325	fix_cross_after_trial	4477.419645899965	0.8831577666605881	fixation cross	n/a	n/a	94	4477.419677399972	3.15000070258975e-05	n/a	n/a	n/a	n/a	n/a	n/a
3	n/a	n/a	fix_cross_iti	4477.419677399972	0.0	trigger	n/a	n/a	94	n/a	n/a	n/a	n/a	n/a	n/a	n/a	n/a
3	7	326	image	4478.34077509999	0.7618088666386029	image	car	car_04.png	5	4478.340892599954	0.00011749996338039637	n/a	n/a	n/a	n/a	1	n/a
3	n/a	n/a	image	4478.340892599954	0.0	trigger	n/a	n/a	5	n/a	n/a	n/a	n/a	n/a	n/a	n/a	n/a
3	7	326	word	4479.1021745000035	0.9489852666192746	word	Auto_german	n/a	105	4479.102217799984	4.329998046159744e-05	n/a	n/a	n/a	n/a	1	n/a
3	n/a	n/a	word	4479.102217799984	0.0	trigger	n/a	n/a	105	n/a	n/a	n/a	n/a	n/a	n/a	n/a	n/a
3	7	326	possible_button_press	4480.603903299954	0.0	response	n/a	n/a	n/a	n/a	n/a	n/a	n/a	m	m	1	1
3	7	326	fix_cross_after_trial	4480.61755809997	0.9504763666809595	fixation cross	n/a	n/a	94	4480.61757979996	2.169999061152339e-05	n/a	n/a	n/a	n/a	n/a	n/a
3	n/a	n/a	fix_cross_iti	4480.61757979996	0.0	trigger	n/a	n/a	94	n/a	n/a	n/a	n/a	n/a	n/a	n/a	n/a
3	7	327	image	4481.587281899992	0.7634970666294976	image	book	book_10.png	7	4481.587371599977	8.969998452812433e-05	n/a	n/a	n/a	n/a	1	n/a
3	n/a	n/a	image	4481.587371599977	0.0	trigger	n/a	n/a	7	n/a	n/a	n/a	n/a	n/a	n/a	n/a	n/a
3	7	327	word	4482.350779099972	0.8825007666637248	word	Buch_german	n/a	107	4482.350815199956	3.609998384490609e-05	n/a	n/a	n/a	n/a	1	n/a
3	n/a	n/a	word	4482.350815199956	0.0	trigger	n/a	n/a	107	n/a	n/a	n/a	n/a	n/a	n/a	n/a	n/a
3	7	327	possible_button_press	4483.852639199991	0.0	response	n/a	n/a	n/a	n/a	n/a	n/a	n/a	m	m	1	1
3	7	327	fix_cross_after_trial	4483.86676569999	0.8003495666816889	fixation cross	n/a	n/a	94	4483.866784499958	1.8799968529492617e-05	n/a	n/a	n/a	n/a	n/a	n/a
3	n/a	n/a	fix_cross_iti	4483.866784499958	0.0	trigger	n/a	n/a	94	n/a	n/a	n/a	n/a	n/a	n/a	n/a	n/a
3	7	328	image	4484.6848876999575	0.7648041666870995	image	ball	ball_01.png	6	4484.6849693999975	8.17000400274992e-05	n/a	n/a	n/a	n/a	1	n/a
3	n/a	n/a	image	4484.6849693999975	0.0	trigger	n/a	n/a	6	n/a	n/a	n/a	n/a	n/a	n/a	n/a	n/a
3	7	328	word	4485.449930100003	0.7666431666621065	word	Ball_german	n/a	106	4485.449968500005	3.840000135824084e-05	n/a	n/a	n/a	n/a	1	n/a
3	n/a	n/a	word	4485.449968500005	0.0	trigger	n/a	n/a	106	n/a	n/a	n/a	n/a	n/a	n/a	n/a	n/a
3	7	328	possible_button_press	4486.951434199989	0.0	response	n/a	n/a	n/a	n/a	n/a	n/a	n/a	m	m	1	1
3	7	328	fix_cross_after_trial	4486.966186999984	0.7667466666352993	fixation cross	n/a	n/a	94	4486.966204700002	1.7700018361210823e-05	n/a	n/a	n/a	n/a	n/a	n/a
3	n/a	n/a	fix_cross_iti	4486.966204700002	0.0	trigger	n/a	n/a	94	n/a	n/a	n/a	n/a	n/a	n/a	n/a	n/a
3	7	329	image	4487.750178299961	0.7653731667123793	image	fish	fish_10.png	2	4487.750251299993	7.300003198906779e-05	n/a	n/a	n/a	n/a	1	n/a
3	n/a	n/a	image	4487.750251299993	0.0	trigger	n/a	n/a	2	n/a	n/a	n/a	n/a	n/a	n/a	n/a	n/a
3	7	329	word	4488.5155853999895	0.8822701666540524	word	Fisch_german	n/a	102	4488.515623399988	3.7999998312443495e-05	n/a	n/a	n/a	n/a	1	n/a
3	n/a	n/a	word	4488.515623399988	0.0	trigger	n/a	n/a	102	n/a	n/a	n/a	n/a	n/a	n/a	n/a	n/a
3	7	329	possible_button_press	4490.001263599959	0.0	response	n/a	n/a	n/a	n/a	n/a	n/a	n/a	m	m	1	1
3	7	329	fix_cross_after_trial	4490.0157287999755	0.9824029666524439	fixation cross	n/a	n/a	94	4490.015767699981	3.890000516548753e-05	n/a	n/a	n/a	n/a	n/a	n/a
3	n/a	n/a	fix_cross_iti	4490.015767699981	0.0	trigger	n/a	n/a	94	n/a	n/a	n/a	n/a	n/a	n/a	n/a	n/a
3	7	330	image	4491.017137399991	0.7642358666671498	image	ball	ball_08.png	6	4491.017213299987	7.589999586343765e-05	n/a	n/a	n/a	n/a	1	n/a
3	n/a	n/a	image	4491.017213299987	0.0	trigger	n/a	n/a	6	n/a	n/a	n/a	n/a	n/a	n/a	n/a	n/a
3	7	330	word	4491.781176599965	0.7824330666953756	word	Ball_german	n/a	106	4491.781207999971	3.1400006264448166e-05	n/a	n/a	n/a	n/a	1	n/a
3	n/a	n/a	word	4491.781207999971	0.0	trigger	n/a	n/a	106	n/a	n/a	n/a	n/a	n/a	n/a	n/a	n/a
3	7	330	possible_button_press	4493.282682499965	0.0	response	n/a	n/a	n/a	n/a	n/a	n/a	n/a	m	m	1	1
3	7	330	fix_cross_after_trial	4493.297175999964	0.7835434667103982	fixation cross	n/a	n/a	94	4493.29719979997	2.3800006601959467e-05	n/a	n/a	n/a	n/a	n/a	n/a
3	n/a	n/a	fix_cross_iti	4493.29719979997	0.0	trigger	n/a	n/a	94	n/a	n/a	n/a	n/a	n/a	n/a	n/a	n/a
3	7	331	image	4494.09817339998	0.7655185666553734	image	saw	saw_09.png	10	4494.098253999953	8.059997344389558e-05	n/a	n/a	n/a	n/a	1	n/a
3	n/a	n/a	image	4494.098253999953	0.0	trigger	n/a	n/a	10	n/a	n/a	n/a	n/a	n/a	n/a	n/a	n/a
3	7	331	word	4494.863678499998	0.9487214666478394	word	Säge_german	n/a	110	4494.863735799969	5.7299970649182796e-05	n/a	n/a	n/a	n/a	1	n/a
3	n/a	n/a	word	4494.863735799969	0.0	trigger	n/a	n/a	110	n/a	n/a	n/a	n/a	n/a	n/a	n/a	n/a
3	7	331	possible_button_press	4496.36508269998	0.0	response	n/a	n/a	n/a	n/a	n/a	n/a	n/a	m	m	1	1
3	7	331	fix_cross_after_trial	4496.379454399983	0.8165868666874303	fixation cross	n/a	n/a	94	4496.379472800007	1.8400023691356182e-05	n/a	n/a	n/a	n/a	n/a	n/a
3	n/a	n/a	fix_cross_iti	4496.379472800007	0.0	trigger	n/a	n/a	94	n/a	n/a	n/a	n/a	n/a	n/a	n/a	n/a
3	7	332	image	4497.2146882999805	0.7647776666599384	image	fish	fish_01.png	2	4497.214779299975	9.099999442696571e-05	n/a	n/a	n/a	n/a	1	n/a
3	n/a	n/a	image	4497.214779299975	0.0	trigger	n/a	n/a	2	n/a	n/a	n/a	n/a	n/a	n/a	n/a	n/a
3	7	332	word	4497.979270799959	0.8824709666696435	word	Fisch_german	n/a	102	4497.979303999979	3.320001997053623e-05	n/a	n/a	n/a	n/a	1	n/a
3	n/a	n/a	word	4497.979303999979	0.0	trigger	n/a	n/a	102	n/a	n/a	n/a	n/a	n/a	n/a	n/a	n/a
3	7	332	possible_button_press	4499.480713199999	0.0	response	n/a	n/a	n/a	n/a	n/a	n/a	n/a	m	m	1	1
3	7	332	fix_cross_after_trial	4499.495137599995	1.2496644666571228	fixation cross	n/a	n/a	94	4499.495155199955	1.7599959392100573e-05	n/a	n/a	n/a	n/a	n/a	n/a
3	n/a	n/a	fix_cross_iti	4499.495155199955	0.0	trigger	n/a	n/a	94	n/a	n/a	n/a	n/a	n/a	n/a	n/a	n/a
3	7	333	image	4500.763734299981	0.764119766656222	image	rose	rose_06.png	9	4500.76380169997	6.739998934790492e-05	n/a	n/a	n/a	n/a	1	n/a
3	n/a	n/a	image	4500.76380169997	0.0	trigger	n/a	n/a	9	n/a	n/a	n/a	n/a	n/a	n/a	n/a	n/a
3	7	333	word	4501.527972499956	0.9326727666812076	word	Rose_german	n/a	109	4501.5280196999665	4.7200010158121586e-05	n/a	n/a	n/a	n/a	1	n/a
3	n/a	n/a	word	4501.5280196999665	0.0	trigger	n/a	n/a	109	n/a	n/a	n/a	n/a	n/a	n/a	n/a	n/a
3	7	333	possible_button_press	4503.030061999976	0.0	response	n/a	n/a	n/a	n/a	n/a	n/a	n/a	m	m	1	1
3	7	333	fix_cross_after_trial	4503.044242299977	0.8827606666636711	fixation cross	n/a	n/a	94	4503.044259599992	1.7300015315413475e-05	n/a	n/a	n/a	n/a	n/a	n/a
3	n/a	n/a	fix_cross_iti	4503.044259599992	0.0	trigger	n/a	n/a	94	n/a	n/a	n/a	n/a	n/a	n/a	n/a	n/a
3	7	334	image	4503.944740100007	0.7656351666119008	image	car	car_10.png	5	4503.944805099978	6.499997107312083e-05	n/a	n/a	n/a	n/a	1	n/a
3	n/a	n/a	image	4503.944805099978	0.0	trigger	n/a	n/a	5	n/a	n/a	n/a	n/a	n/a	n/a	n/a	n/a
3	7	334	word	4504.710403400008	0.9491232666223368	word	Auto_german	n/a	105	4504.710440499999	3.709999145939946e-05	n/a	n/a	n/a	n/a	1	n/a
3	n/a	n/a	word	4504.710440499999	0.0	trigger	n/a	n/a	105	n/a	n/a	n/a	n/a	n/a	n/a	n/a	n/a
3	7	334	possible_button_press	4506.212462999974	0.0	response	n/a	n/a	n/a	n/a	n/a	n/a	n/a	m	m	1	1
3	7	334	fix_cross_after_trial	4506.22659039998	0.8828020666878729	fixation cross	n/a	n/a	94	4506.226609100006	1.8700025975704193e-05	n/a	n/a	n/a	n/a	n/a	n/a
3	n/a	n/a	fix_cross_iti	4506.226609100006	0.0	trigger	n/a	n/a	94	n/a	n/a	n/a	n/a	n/a	n/a	n/a	n/a
3	7	335	image	4507.128284699982	0.7644936666511057	image	rose	rose_02.png	9	4507.128352399974	6.769999163225293e-05	n/a	n/a	n/a	n/a	1	n/a
3	n/a	n/a	image	4507.128352399974	0.0	trigger	n/a	n/a	9	n/a	n/a	n/a	n/a	n/a	n/a	n/a	n/a
3	7	335	word	4507.892695699993	0.9330085666770174	word	Rose_german	n/a	109	4507.892724199977	2.8499984182417393e-05	n/a	n/a	n/a	n/a	1	n/a
3	n/a	n/a	word	4507.892724199977	0.0	trigger	n/a	n/a	109	n/a	n/a	n/a	n/a	n/a	n/a	n/a	n/a
3	7	335	possible_button_press	4509.395056199981	0.0	response	n/a	n/a	n/a	n/a	n/a	n/a	n/a	m	m	1	1
3	7	335	fix_cross_after_trial	4509.4090681999805	0.9326032666758692	fixation cross	n/a	n/a	94	4509.4090967999655	2.859998494386673e-05	n/a	n/a	n/a	n/a	n/a	n/a
3	n/a	n/a	fix_cross_iti	4509.4090967999655	0.0	trigger	n/a	n/a	94	n/a	n/a	n/a	n/a	n/a	n/a	n/a	n/a
3	7	336	image	4510.360310099961	0.764952166708099	image	dress	dress_01.png	3	4510.360379299964	6.920000305399299e-05	n/a	n/a	n/a	n/a	1	n/a
3	n/a	n/a	image	4510.360379299964	0.0	trigger	n/a	n/a	3	n/a	n/a	n/a	n/a	n/a	n/a	n/a	n/a
3	7	336	word	4511.125092200004	0.9498445666431508	word	Kleid_german	n/a	103	4511.125129399996	3.71999922208488e-05	n/a	n/a	n/a	n/a	1	n/a
3	n/a	n/a	word	4511.125129399996	0.0	trigger	n/a	n/a	103	n/a	n/a	n/a	n/a	n/a	n/a	n/a	n/a
3	7	336	possible_button_press	4512.627675700001	0.0	response	n/a	n/a	n/a	n/a	n/a	n/a	n/a	m	m	1	1
3	7	336	fix_cross_after_trial	4512.641205099993	0.9665337666556297	fixation cross	n/a	n/a	94	4512.641232299968	2.719997428357601e-05	n/a	n/a	n/a	n/a	n/a	n/a
3	n/a	n/a	fix_cross_iti	4512.641232299968	0.0	trigger	n/a	n/a	94	n/a	n/a	n/a	n/a	n/a	n/a	n/a	n/a
3	7	337	image	4513.626296699978	0.7646709666623792	image	fish	fish_06.png	2	4513.626384700008	8.800002979114652e-05	n/a	n/a	n/a	n/a	1	n/a
3	n/a	n/a	image	4513.626384700008	0.0	trigger	n/a	n/a	2	n/a	n/a	n/a	n/a	n/a	n/a	n/a	n/a
3	7	337	word	4514.391167299997	0.8828735666502325	word	Fisch_german	n/a	102	4514.3912082999595	4.099996294826269e-05	n/a	n/a	n/a	n/a	1	n/a
3	n/a	n/a	word	4514.3912082999595	0.0	trigger	n/a	n/a	102	n/a	n/a	n/a	n/a	n/a	n/a	n/a	n/a
3	7	337	possible_button_press	4515.892402799975	0.0	response	n/a	n/a	n/a	n/a	n/a	n/a	n/a	m	m	1	1
3	7	337	fix_cross_after_trial	4515.906653399987	1.1334940666602051	fixation cross	n/a	n/a	94	4515.906670800003	1.7400016076862812e-05	n/a	n/a	n/a	n/a	n/a	n/a
3	n/a	n/a	fix_cross_iti	4515.906670800003	0.0	trigger	n/a	n/a	94	n/a	n/a	n/a	n/a	n/a	n/a	n/a	n/a
3	7	338	image	4517.252476900001	0.7540149666638172	image	ball	ball_07.png	6	4517.252604899986	0.00012799998512491584	n/a	n/a	n/a	n/a	0	n/a
3	n/a	n/a	image	4517.252604899986	0.0	trigger	n/a	n/a	6	n/a	n/a	n/a	n/a	n/a	n/a	n/a	n/a
3	7	338	word	4518.006776699971	0.9491840666778444	word	Säge_german	n/a	110	4518.006818299997	4.160002572461963e-05	n/a	n/a	n/a	n/a	0	n/a
3	n/a	n/a	word	4518.006818299997	0.0	trigger	n/a	n/a	110	n/a	n/a	n/a	n/a	n/a	n/a	n/a	n/a
3	7	338	feedback	4519.522560299956	0.0	trigger	n/a	n/a	96	n/a	n/a	n/a	n/a	n/a	n/a	n/a	n/a
3	7	338	possible_button_press	4519.724665599992	0.0	response	n/a	n/a	n/a	n/a	n/a	n/a	n/a	m	r	0	0
3	7	338	fix_cross_after_trial	4519.739489700005	0.932424466653174	fixation cross	n/a	n/a	94	4519.739527800004	3.809999907389283e-05	n/a	n/a	n/a	n/a	n/a	n/a
3	n/a	n/a	fix_cross_iti	4519.739527800004	0.0	trigger	n/a	n/a	94	n/a	n/a	n/a	n/a	n/a	n/a	n/a	n/a
3	7	339	image	4520.710763099953	0.7620787667146942	image	bag	bag_04.png	1	4520.710830900003	6.780005060136318e-05	n/a	n/a	n/a	n/a	1	n/a
3	n/a	n/a	image	4520.710830900003	0.0	trigger	n/a	n/a	1	n/a	n/a	n/a	n/a	n/a	n/a	n/a	n/a
3	7	339	word	4521.472250299994	0.8989186666476598	word	Tasche_german	n/a	101	4521.472290000005	3.9700011257082224e-05	n/a	n/a	n/a	n/a	1	n/a
3	n/a	n/a	word	4521.472290000005	0.0	trigger	n/a	n/a	101	n/a	n/a	n/a	n/a	n/a	n/a	n/a	n/a
3	7	339	possible_button_press	4522.974137499987	0.0	response	n/a	n/a	n/a	n/a	n/a	n/a	n/a	m	m	1	1
3	7	339	fix_cross_after_trial	4522.988324199978	0.9493185666542558	fixation cross	n/a	n/a	94	4522.9883694999735	4.529999569058418e-05	n/a	n/a	n/a	n/a	n/a	n/a
3	n/a	n/a	fix_cross_iti	4522.9883694999735	0.0	trigger	n/a	n/a	94	n/a	n/a	n/a	n/a	n/a	n/a	n/a	n/a
3	7	340	image	4523.957017699955	0.7636706666708051	image	dress	dress_06.png	3	4523.957185000007	0.00016730005154386163	n/a	n/a	n/a	n/a	1	n/a
3	n/a	n/a	image	4523.957185000007	0.0	trigger	n/a	n/a	3	n/a	n/a	n/a	n/a	n/a	n/a	n/a	n/a
3	7	340	word	4524.720590099983	0.9489952666372119	word	Kleid_german	n/a	103	4524.7206177999615	2.7699978090822697e-05	n/a	n/a	n/a	n/a	1	n/a
3	n/a	n/a	word	4524.7206177999615	0.0	trigger	n/a	n/a	103	n/a	n/a	n/a	n/a	n/a	n/a	n/a	n/a
3	7	340	possible_button_press	4526.206456499989	0.0	response	n/a	n/a	n/a	n/a	n/a	n/a	n/a	m	m	1	1
3	7	340	fix_cross_after_trial	4526.220468099986	0.9492518666702381	fixation cross	n/a	n/a	94	4526.220505999983	3.789999755099416e-05	n/a	n/a	n/a	n/a	n/a	n/a
3	n/a	n/a	fix_cross_iti	4526.220505999983	0.0	trigger	n/a	n/a	94	n/a	n/a	n/a	n/a	n/a	n/a	n/a	n/a
3	7	341	image	4527.2083779000095	0.7616592666636279	image	fish	fish_04.png	2	4527.208455999964	7.809995440766215e-05	n/a	n/a	n/a	n/a	1	n/a
3	n/a	n/a	image	4527.208455999964	0.0	trigger	n/a	n/a	2	n/a	n/a	n/a	n/a	n/a	n/a	n/a	n/a
3	7	341	word	4527.969658499991	0.8826372666553652	word	Fisch_german	n/a	102	4527.969699000008	4.050001734867692e-05	n/a	n/a	n/a	n/a	1	n/a
3	n/a	n/a	word	4527.969699000008	0.0	trigger	n/a	n/a	102	n/a	n/a	n/a	n/a	n/a	n/a	n/a	n/a
3	7	341	possible_button_press	4529.472118599981	0.0	response	n/a	n/a	n/a	n/a	n/a	n/a	n/a	m	m	1	1
3	7	341	fix_cross_after_trial	4529.486014799972	1.1823845666986017	fixation cross	n/a	n/a	94	4529.486045299971	3.0499999411404133e-05	n/a	n/a	n/a	n/a	n/a	n/a
3	n/a	n/a	fix_cross_iti	4529.486045299971	0.0	trigger	n/a	n/a	94	n/a	n/a	n/a	n/a	n/a	n/a	n/a	n/a
3	7	342	image	4530.687932399975	0.7640808666510566	image	rose	rose_10.png	9	4530.688026899996	9.450002107769251e-05	n/a	n/a	n/a	n/a	1	n/a
3	n/a	n/a	image	4530.688026899996	0.0	trigger	n/a	n/a	9	n/a	n/a	n/a	n/a	n/a	n/a	n/a	n/a
3	7	342	word	4531.45243169996	0.9155618667173258	word	Rose_german	n/a	109	4531.452470599965	3.890000516548753e-05	n/a	n/a	n/a	n/a	1	n/a
3	n/a	n/a	word	4531.452470599965	0.0	trigger	n/a	n/a	109	n/a	n/a	n/a	n/a	n/a	n/a	n/a	n/a
3	7	342	possible_button_press	4532.953876099957	0.0	response	n/a	n/a	n/a	n/a	n/a	n/a	n/a	m	m	1	1
3	7	342	fix_cross_after_trial	4532.968109699956	1.0329779667117691	fixation cross	n/a	n/a	94	4532.968131900008	2.220005262643099e-05	n/a	n/a	n/a	n/a	n/a	n/a
3	n/a	n/a	fix_cross_iti	4532.968131900008	0.0	trigger	n/a	n/a	94	n/a	n/a	n/a	n/a	n/a	n/a	n/a	n/a
3	7	343	image	4534.020070599974	0.7642125666643551	image	bag	bag_07.png	1	4534.020152199955	8.159998105838895e-05	n/a	n/a	n/a	n/a	1	n/a
3	n/a	n/a	image	4534.020152199955	0.0	trigger	n/a	n/a	1	n/a	n/a	n/a	n/a	n/a	n/a	n/a	n/a
3	7	343	word	4534.784484500007	0.8994214666345215	word	Tasche_german	n/a	101	4534.7845282999915	4.379998426884413e-05	n/a	n/a	n/a	n/a	1	n/a
3	n/a	n/a	word	4534.7845282999915	0.0	trigger	n/a	n/a	101	n/a	n/a	n/a	n/a	n/a	n/a	n/a	n/a
3	7	343	possible_button_press	4536.270250200003	0.0	response	n/a	n/a	n/a	n/a	n/a	n/a	n/a	m	m	1	1
3	7	343	fix_cross_after_trial	4536.28401850001	1.0662776666613354	fixation cross	n/a	n/a	94	4536.284057599958	3.909994848072529e-05	n/a	n/a	n/a	n/a	n/a	n/a
3	n/a	n/a	fix_cross_iti	4536.284057599958	0.0	trigger	n/a	n/a	94	n/a	n/a	n/a	n/a	n/a	n/a	n/a	n/a
3	7	344	image	4537.37031009997	0.7627781666851661	image	rose	rose_09.png	9	4537.370390900003	8.080003317445517e-05	n/a	n/a	n/a	n/a	1	n/a
3	n/a	n/a	image	4537.370390900003	0.0	trigger	n/a	n/a	9	n/a	n/a	n/a	n/a	n/a	n/a	n/a	n/a
3	7	344	word	4538.133403799962	0.9160230666784628	word	Rose_german	n/a	109	4538.133436999982	3.320001997053623e-05	n/a	n/a	n/a	n/a	1	n/a
3	n/a	n/a	word	4538.133436999982	0.0	trigger	n/a	n/a	109	n/a	n/a	n/a	n/a	n/a	n/a	n/a	n/a
3	7	344	possible_button_press	4539.61949849996	0.0	response	n/a	n/a	n/a	n/a	n/a	n/a	n/a	m	m	1	1
3	7	344	fix_cross_after_trial	4539.633121099963	0.9825043666678539	fixation cross	n/a	n/a	94	4539.633161399979	4.0300015825778246e-05	n/a	n/a	n/a	n/a	n/a	n/a
3	n/a	n/a	fix_cross_iti	4539.633161399979	0.0	trigger	n/a	n/a	94	n/a	n/a	n/a	n/a	n/a	n/a	n/a	n/a
3	7	345	image	4540.633291299979	0.7490420666908904	image	car	car_05.png	5	4540.633358199964	6.689998554065824e-05	n/a	n/a	n/a	n/a	0	n/a
3	n/a	n/a	image	4540.633358199964	0.0	trigger	n/a	n/a	5	n/a	n/a	n/a	n/a	n/a	n/a	n/a	n/a
3	7	345	word	4541.382300800004	0.864888266663911	word	Fisch_german	n/a	102	4541.382342799974	4.199997056275606e-05	n/a	n/a	n/a	n/a	0	n/a
3	n/a	n/a	word	4541.382342799974	0.0	trigger	n/a	n/a	102	n/a	n/a	n/a	n/a	n/a	n/a	n/a	n/a
3	7	345	feedback	4542.8981416999595	0.0	trigger	n/a	n/a	96	n/a	n/a	n/a	n/a	n/a	n/a	n/a	n/a
3	7	345	possible_button_press	4543.0842481	0.0	response	n/a	n/a	n/a	n/a	n/a	n/a	n/a	m	r	0	0
3	7	345	fix_cross_after_trial	4543.098316599964	0.8165429667024	fixation cross	n/a	n/a	94	4543.098348899977	3.23000131174922e-05	n/a	n/a	n/a	n/a	n/a	n/a
3	n/a	n/a	fix_cross_iti	4543.098348899977	0.0	trigger	n/a	n/a	94	n/a	n/a	n/a	n/a	n/a	n/a	n/a	n/a
3	7	346	image	4543.9509416999645	0.764134366709186	image	door	door_05.png	4	4543.951011799974	7.010000990703702e-05	n/a	n/a	n/a	n/a	1	n/a
3	n/a	n/a	image	4543.951011799974	0.0	trigger	n/a	n/a	4	n/a	n/a	n/a	n/a	n/a	n/a	n/a	n/a
3	7	346	word	4544.714896999998	0.8162791666727571	word	Tür_german	n/a	104	4544.7149366000085	3.960001049563289e-05	n/a	n/a	n/a	n/a	1	n/a
3	n/a	n/a	word	4544.7149366000085	0.0	trigger	n/a	n/a	104	n/a	n/a	n/a	n/a	n/a	n/a	n/a	n/a
3	7	346	possible_button_press	4546.216758899973	0.0	response	n/a	n/a	n/a	n/a	n/a	n/a	n/a	m	m	1	1
3	7	346	fix_cross_after_trial	4546.230888999999	0.9998427666760108	fixation cross	n/a	n/a	94	4546.230915699969	2.6699970476329327e-05	n/a	n/a	n/a	n/a	n/a	n/a
3	n/a	n/a	fix_cross_iti	4546.230915699969	0.0	trigger	n/a	n/a	94	n/a	n/a	n/a	n/a	n/a	n/a	n/a	n/a
3	7	347	image	4547.2695344999665	0.7613917666640191	image	chair	chair_08.png	8	4547.269634699973	0.0001002000062726438	n/a	n/a	n/a	n/a	1	n/a
3	n/a	n/a	image	4547.269634699973	0.0	trigger	n/a	n/a	8	n/a	n/a	n/a	n/a	n/a	n/a	n/a	n/a
3	7	347	word	4548.031323699979	0.9149635666435643	word	Stuhl_german	n/a	108	4548.031367199961	4.349998198449612e-05	n/a	n/a	n/a	n/a	1	n/a
3	n/a	n/a	word	4548.031367199961	0.0	trigger	n/a	n/a	108	n/a	n/a	n/a	n/a	n/a	n/a	n/a	n/a
3	7	347	possible_button_press	4549.53292149998	0.0	response	n/a	n/a	n/a	n/a	n/a	n/a	n/a	m	m	1	1
3	7	347	fix_cross_after_trial	4549.54707749997	0.8989037666506192	fixation cross	n/a	n/a	94	4549.547114799963	3.7299992982298136e-05	n/a	n/a	n/a	n/a	n/a	n/a
3	n/a	n/a	fix_cross_iti	4549.547114799963	0.0	trigger	n/a	n/a	94	n/a	n/a	n/a	n/a	n/a	n/a	n/a	n/a
3	7	348	image	4550.46457359998	0.765098666659469	image	book	book_04.png	7	4550.46465629997	8.269998943433166e-05	n/a	n/a	n/a	n/a	1	n/a
3	n/a	n/a	image	4550.46465629997	0.0	trigger	n/a	n/a	7	n/a	n/a	n/a	n/a	n/a	n/a	n/a	n/a
3	7	348	word	4551.229373199982	0.8662162666478253	word	Buch_german	n/a	107	4551.229406500002	3.330002073198557e-05	n/a	n/a	n/a	n/a	1	n/a
3	n/a	n/a	word	4551.229406500002	0.0	trigger	n/a	n/a	107	n/a	n/a	n/a	n/a	n/a	n/a	n/a	n/a
3	7	348	possible_button_press	4552.731472799962	0.0	response	n/a	n/a	n/a	n/a	n/a	n/a	n/a	m	m	1	1
3	7	348	fix_cross_after_trial	4552.745275900001	0.9496765666444844	fixation cross	n/a	n/a	94	4552.745304099983	2.8199981898069382e-05	n/a	n/a	n/a	n/a	n/a	n/a
3	n/a	n/a	fix_cross_iti	4552.745304099983	0.0	trigger	n/a	n/a	94	n/a	n/a	n/a	n/a	n/a	n/a	n/a	n/a
3	7	349	image	4553.961829599983	0.7494373666741012	image	bag	bag_02.png	1	4553.961927699973	9.809999028220773e-05	n/a	n/a	n/a	n/a	1	n/a
3	n/a	n/a	image	4553.961927699973	0.0	trigger	n/a	n/a	1	n/a	n/a	n/a	n/a	n/a	n/a	n/a	n/a
3	7	349	word	4554.711139299965	0.9000070666697866	word	Tasche_german	n/a	101	4554.711165599991	2.6300025638192892e-05	n/a	n/a	n/a	n/a	1	n/a
3	n/a	n/a	word	4554.711165599991	0.0	trigger	n/a	n/a	101	n/a	n/a	n/a	n/a	n/a	n/a	n/a	n/a
3	7	349	possible_button_press	4556.2132384	0.0	response	n/a	n/a	n/a	n/a	n/a	n/a	n/a	m	m	1	1
3	7	349	fix_cross_after_trial	4556.227453599975	1.1505639666611387	fixation cross	n/a	n/a	94	4556.227473599953	1.999997766688466e-05	n/a	n/a	n/a	n/a	n/a	n/a
3	n/a	n/a	fix_cross_iti	4556.227473599953	0.0	trigger	n/a	n/a	94	n/a	n/a	n/a	n/a	n/a	n/a	n/a	n/a
3	7	350	image	4557.397923799988	0.7626060666552803	image	chair	chair_04.png	8	4557.398007199983	8.339999476447701e-05	n/a	n/a	n/a	n/a	1	n/a
3	n/a	n/a	image	4557.398007199983	0.0	trigger	n/a	n/a	8	n/a	n/a	n/a	n/a	n/a	n/a	n/a	n/a
3	7	350	word	4558.160280499957	0.91628976667198	word	Stuhl_german	n/a	108	4558.160318199953	3.7699996028095484e-05	n/a	n/a	n/a	n/a	1	n/a
3	n/a	n/a	word	4558.160318199953	0.0	trigger	n/a	n/a	108	n/a	n/a	n/a	n/a	n/a	n/a	n/a	n/a
3	7	350	possible_button_press	4559.662420999957	0.0	response	n/a	n/a	n/a	n/a	n/a	n/a	n/a	m	m	1	1
3	7	350	fix_cross_after_trial	4559.676827399991	0.7996333666415012	fixation cross	n/a	n/a	94	4559.6768608999555	3.349996404722333e-05	n/a	n/a	n/a	n/a	n/a	n/a
3	n/a	n/a	fix_cross_iti	4559.6768608999555	0.0	trigger	n/a	n/a	94	n/a	n/a	n/a	n/a	n/a	n/a	n/a	n/a
3	7	350	break_instruction	4560.480338399997	15.008068866623944	break	n/a	n/a	81	4560.480383499991	4.509999416768551e-05	n/a	n/a	n/a	n/a	n/a	n/a
3	n/a	n/a	break_start	4560.480383499991	0.0	trigger	n/a	n/a	81	n/a	n/a	n/a	n/a	n/a	n/a	n/a	n/a
3	n/a	n/a	break_end	5271.570537099964	0.0	trigger	n/a	n/a	82	n/a	n/a	n/a	n/a	n/a	n/a	n/a	n/a
3	8	351	image	5271.620772399998	0.7645044666751346	image	book	book_08.png	7	5271.620842200005	6.980000762268901e-05	n/a	n/a	n/a	n/a	1	n/a
3	n/a	n/a	image	5271.620842200005	0.0	trigger	n/a	n/a	7	n/a	n/a	n/a	n/a	n/a	n/a	n/a	n/a
3	8	351	word	5272.385204099992	0.8823506666849426	word	Buch_german	n/a	107	5272.385231599968	2.7499976567924023e-05	n/a	n/a	n/a	n/a	1	n/a
3	n/a	n/a	word	5272.385231599968	0.0	trigger	n/a	n/a	107	n/a	n/a	n/a	n/a	n/a	n/a	n/a	n/a
3	8	351	possible_button_press	5273.887365599978	0.0	response	n/a	n/a	n/a	n/a	n/a	n/a	n/a	m	m	1	1
3	8	351	fix_cross_after_trial	5273.9012411999865	0.7828477666516847	fixation cross	n/a	n/a	94	5273.9012635999825	2.239999594166875e-05	n/a	n/a	n/a	n/a	n/a	n/a
3	n/a	n/a	fix_cross_iti	5273.9012635999825	0.0	trigger	n/a	n/a	94	n/a	n/a	n/a	n/a	n/a	n/a	n/a	n/a
3	8	352	image	5274.701585499977	0.7494800666499941	image	car	car_02.png	5	5274.701664299995	7.880001794546843e-05	n/a	n/a	n/a	n/a	1	n/a
3	n/a	n/a	image	5274.701664299995	0.0	trigger	n/a	n/a	5	n/a	n/a	n/a	n/a	n/a	n/a	n/a	n/a
3	8	352	word	5275.450855500007	0.9490542666208057	word	Auto_german	n/a	105	5275.450897499977	4.199997056275606e-05	n/a	n/a	n/a	n/a	1	n/a
3	n/a	n/a	word	5275.450897499977	0.0	trigger	n/a	n/a	105	n/a	n/a	n/a	n/a	n/a	n/a	n/a	n/a
3	8	352	possible_button_press	5276.952265899978	0.0	response	n/a	n/a	n/a	n/a	n/a	n/a	n/a	m	m	1	1
3	8	352	fix_cross_after_trial	5276.966747300001	0.9331257666381134	fixation cross	n/a	n/a	94	5276.96678149997	3.419996937736869e-05	n/a	n/a	n/a	n/a	n/a	n/a
3	n/a	n/a	fix_cross_iti	5276.96678149997	0.0	trigger	n/a	n/a	94	n/a	n/a	n/a	n/a	n/a	n/a	n/a	n/a
3	8	353	image	5277.9368647999945	0.7629977666692866	image	fish	fish_09.png	2	5277.936938799976	7.399998139590025e-05	n/a	n/a	n/a	n/a	1	n/a
3	n/a	n/a	image	5277.936938799976	0.0	trigger	n/a	n/a	2	n/a	n/a	n/a	n/a	n/a	n/a	n/a	n/a
3	8	353	word	5278.699777300004	0.8824632666692196	word	Fisch_german	n/a	102	5278.699812299979	3.4999975468963385e-05	n/a	n/a	n/a	n/a	1	n/a
3	n/a	n/a	word	5278.699812299979	0.0	trigger	n/a	n/a	102	n/a	n/a	n/a	n/a	n/a	n/a	n/a	n/a
3	8	353	possible_button_press	5280.202065799967	0.0	response	n/a	n/a	n/a	n/a	n/a	n/a	n/a	m	m	1	1
3	8	353	fix_cross_after_trial	5280.216018899984	0.9995958666586375	fixation cross	n/a	n/a	94	5280.216049799987	3.090000245720148e-05	n/a	n/a	n/a	n/a	n/a	n/a
3	n/a	n/a	fix_cross_iti	5280.216049799987	0.0	trigger	n/a	n/a	94	n/a	n/a	n/a	n/a	n/a	n/a	n/a	n/a
3	8	354	image	5281.235156199953	0.7634073667031771	image	bag	bag_03.png	1	5281.23522589996	6.970000686123967e-05	n/a	n/a	n/a	n/a	1	n/a
3	n/a	n/a	image	5281.23522589996	0.0	trigger	n/a	n/a	1	n/a	n/a	n/a	n/a	n/a	n/a	n/a	n/a
3	8	354	word	5281.998570900003	0.8991383666325419	word	Tasche_german	n/a	101	5281.998595699959	2.4799956008791924e-05	n/a	n/a	n/a	n/a	1	n/a
3	n/a	n/a	word	5281.998595699959	0.0	trigger	n/a	n/a	101	n/a	n/a	n/a	n/a	n/a	n/a	n/a	n/a
3	8	354	possible_button_press	5283.500981599966	0.0	response	n/a	n/a	n/a	n/a	n/a	n/a	n/a	m	m	1	1
3	8	354	fix_cross_after_trial	5283.514805099985	1.1996715666646196	fixation cross	n/a	n/a	94	5283.514834099973	2.8999987989664078e-05	n/a	n/a	n/a	n/a	n/a	n/a
3	n/a	n/a	fix_cross_iti	5283.514834099973	0.0	trigger	n/a	n/a	94	n/a	n/a	n/a	n/a	n/a	n/a	n/a	n/a
3	8	355	image	5284.733451000007	0.7641268666520773	image	dress	dress_10.png	3	5284.7335250999895	7.409998215734959e-05	n/a	n/a	n/a	n/a	1	n/a
3	n/a	n/a	image	5284.7335250999895	0.0	trigger	n/a	n/a	3	n/a	n/a	n/a	n/a	n/a	n/a	n/a	n/a
3	8	355	word	5285.497574799985	0.9490724666429742	word	Kleid_german	n/a	103	5285.497601199953	2.6399968191981316e-05	n/a	n/a	n/a	n/a	1	n/a
3	n/a	n/a	word	5285.497601199953	0.0	trigger	n/a	n/a	103	n/a	n/a	n/a	n/a	n/a	n/a	n/a	n/a
3	8	355	possible_button_press	5287.000207899953	0.0	response	n/a	n/a	n/a	n/a	n/a	n/a	n/a	m	m	1	1
3	8	355	fix_cross_after_trial	5287.0141230999725	1.099183966700366	fixation cross	n/a	n/a	94	5287.014152599964	2.9499991796910763e-05	n/a	n/a	n/a	n/a	n/a	n/a
3	n/a	n/a	fix_cross_iti	5287.014152599964	0.0	trigger	n/a	n/a	94	n/a	n/a	n/a	n/a	n/a	n/a	n/a	n/a
3	8	356	image	5288.132614000002	0.7638326666237845	image	saw	saw_07.png	10	5288.132699000009	8.50000069476664e-05	n/a	n/a	n/a	n/a	1	n/a
3	n/a	n/a	image	5288.132699000009	0.0	trigger	n/a	n/a	10	n/a	n/a	n/a	n/a	n/a	n/a	n/a	n/a
3	8	356	word	5288.896714099974	0.949650066675531	word	Säge_german	n/a	110	5288.896744699974	3.060000017285347e-05	n/a	n/a	n/a	n/a	1	n/a
3	n/a	n/a	word	5288.896744699974	0.0	trigger	n/a	n/a	110	n/a	n/a	n/a	n/a	n/a	n/a	n/a	n/a
3	8	356	possible_button_press	5290.398185500002	0.0	response	n/a	n/a	n/a	n/a	n/a	n/a	n/a	m	m	1	1
3	8	356	fix_cross_after_trial	5290.412573599955	1.1495442666964664	fixation cross	n/a	n/a	94	5290.412595700007	2.210005186498165e-05	n/a	n/a	n/a	n/a	n/a	n/a
3	n/a	n/a	fix_cross_iti	5290.412595700007	0.0	trigger	n/a	n/a	94	n/a	n/a	n/a	n/a	n/a	n/a	n/a	n/a
3	8	357	image	5291.602877099998	0.7594888666681072	image	chair	chair_06.png	8	5291.602955499955	7.839995669201016e-05	n/a	n/a	n/a	n/a	1	n/a
3	n/a	n/a	image	5291.602955499955	0.0	trigger	n/a	n/a	8	n/a	n/a	n/a	n/a	n/a	n/a	n/a	n/a
3	8	357	word	5292.36268630001	0.9154752666399872	word	Stuhl_german	n/a	108	5292.362728999986	4.269997589290142e-05	n/a	n/a	n/a	n/a	1	n/a
3	n/a	n/a	word	5292.362728999986	0.0	trigger	n/a	n/a	108	n/a	n/a	n/a	n/a	n/a	n/a	n/a	n/a
3	8	357	possible_button_press	5293.863858099969	0.0	response	n/a	n/a	n/a	n/a	n/a	n/a	n/a	m	m	1	1
3	8	357	fix_cross_after_trial	5293.878012600006	1.100065866663499	fixation cross	n/a	n/a	94	5293.878037499962	2.489995677024126e-05	n/a	n/a	n/a	n/a	n/a	n/a
3	n/a	n/a	fix_cross_iti	5293.878037499962	0.0	trigger	n/a	n/a	94	n/a	n/a	n/a	n/a	n/a	n/a	n/a	n/a
3	8	358	image	5295.015812699974	0.7627918666730693	image	ball	ball_04.png	6	5295.015899899998	8.720002369955182e-05	n/a	n/a	n/a	n/a	0	n/a
3	n/a	n/a	image	5295.015899899998	0.0	trigger	n/a	n/a	6	n/a	n/a	n/a	n/a	n/a	n/a	n/a	n/a
3	8	358	word	5295.777938399988	0.9493231666310749	word	Kleid_german	n/a	103	5295.777970299998	3.190001007169485e-05	n/a	n/a	n/a	n/a	0	n/a
3	n/a	n/a	word	5295.777970299998	0.0	trigger	n/a	n/a	103	n/a	n/a	n/a	n/a	n/a	n/a	n/a	n/a
3	8	358	feedback	5297.293888899963	0.0	trigger	n/a	n/a	96	n/a	n/a	n/a	n/a	n/a	n/a	n/a	n/a
3	8	358	possible_button_press	5297.495809999993	0.0	response	n/a	n/a	n/a	n/a	n/a	n/a	n/a	m	r	0	0
3	8	358	fix_cross_after_trial	5297.5106871000025	0.7998869666516839	fixation cross	n/a	n/a	94	5297.510717199999	3.0099996365606785e-05	n/a	n/a	n/a	n/a	n/a	n/a
3	n/a	n/a	fix_cross_iti	5297.510717199999	0.0	trigger	n/a	n/a	94	n/a	n/a	n/a	n/a	n/a	n/a	n/a	n/a
3	8	359	image	5298.3294137999765	0.7639765666717722	image	chair	chair_01.png	8	5298.329501500004	8.77000275067985e-05	n/a	n/a	n/a	n/a	1	n/a
3	n/a	n/a	image	5298.329501500004	0.0	trigger	n/a	n/a	8	n/a	n/a	n/a	n/a	n/a	n/a	n/a	n/a
3	8	359	word	5299.094163800008	0.9320291666117555	word	Stuhl_german	n/a	108	5299.094205199974	4.139996599406004e-05	n/a	n/a	n/a	n/a	1	n/a
3	n/a	n/a	word	5299.094205199974	0.0	trigger	n/a	n/a	108	n/a	n/a	n/a	n/a	n/a	n/a	n/a	n/a
3	8	359	possible_button_press	5300.595600000001	0.0	response	n/a	n/a	n/a	n/a	n/a	n/a	n/a	m	m	1	1
3	8	359	fix_cross_after_trial	5300.6097435999545	0.7832407666755898	fixation cross	n/a	n/a	94	5300.609767599963	2.400000812485814e-05	n/a	n/a	n/a	n/a	n/a	n/a
3	n/a	n/a	fix_cross_iti	5300.609767599963	0.0	trigger	n/a	n/a	94	n/a	n/a	n/a	n/a	n/a	n/a	n/a	n/a
3	8	360	image	5301.410722200002	0.7650909666590451	image	saw	saw_02.png	10	5301.410806300002	8.410000009462237e-05	n/a	n/a	n/a	n/a	1	n/a
3	n/a	n/a	image	5301.410806300002	0.0	trigger	n/a	n/a	10	n/a	n/a	n/a	n/a	n/a	n/a	n/a	n/a
3	8	360	word	5302.175740799983	0.9497568666738516	word	Säge_german	n/a	110	5302.175774000003	3.320001997053623e-05	n/a	n/a	n/a	n/a	1	n/a
3	n/a	n/a	word	5302.175774000003	0.0	trigger	n/a	n/a	110	n/a	n/a	n/a	n/a	n/a	n/a	n/a	n/a
3	8	360	possible_button_press	5303.677716400009	0.0	response	n/a	n/a	n/a	n/a	n/a	n/a	n/a	m	m	1	1
3	8	360	fix_cross_after_trial	5303.691595199984	1.1496391666623822	fixation cross	n/a	n/a	94	5303.691614499956	1.92999723367393e-05	n/a	n/a	n/a	n/a	n/a	n/a
3	n/a	n/a	fix_cross_iti	5303.691614499956	0.0	trigger	n/a	n/a	94	n/a	n/a	n/a	n/a	n/a	n/a	n/a	n/a
3	8	361	image	5304.862303000002	0.7624897666428296	image	door	door_09.png	4	5304.862381799961	7.879995973780751e-05	n/a	n/a	n/a	n/a	0	n/a
3	n/a	n/a	image	5304.862381799961	0.0	trigger	n/a	n/a	4	n/a	n/a	n/a	n/a	n/a	n/a	n/a	n/a
3	8	361	word	5305.624654399988	0.9161977666699386	word	Rose_german	n/a	109	5305.624682799971	2.8399983420968056e-05	n/a	n/a	n/a	n/a	0	n/a
3	n/a	n/a	word	5305.624682799971	0.0	trigger	n/a	n/a	109	n/a	n/a	n/a	n/a	n/a	n/a	n/a	n/a
3	8	361	feedback	5307.140941199963	0.0	trigger	n/a	n/a	96	n/a	n/a	n/a	n/a	n/a	n/a	n/a	n/a
3	8	361	possible_button_press	5307.326746099978	0.0	response	n/a	n/a	n/a	n/a	n/a	n/a	n/a	m	r	0	0
3	8	361	fix_cross_after_trial	5307.340668799996	0.8495654666367045	fixation cross	n/a	n/a	94	5307.340702099958	3.3299962524324656e-05	n/a	n/a	n/a	n/a	n/a	n/a
3	n/a	n/a	fix_cross_iti	5307.340702099958	0.0	trigger	n/a	n/a	94	n/a	n/a	n/a	n/a	n/a	n/a	n/a	n/a
3	8	362	image	5308.210059200006	0.7639067666641495	image	fish	fish_03.png	2	5308.2101353000035	7.609999738633633e-05	n/a	n/a	n/a	n/a	1	n/a
3	n/a	n/a	image	5308.2101353000035	0.0	trigger	n/a	n/a	2	n/a	n/a	n/a	n/a	n/a	n/a	n/a	n/a
3	8	362	word	5308.973773799953	0.8830625666923879	word	Fisch_german	n/a	102	5308.9738171999925	4.340003943070769e-05	n/a	n/a	n/a	n/a	1	n/a
3	n/a	n/a	word	5308.9738171999925	0.0	trigger	n/a	n/a	102	n/a	n/a	n/a	n/a	n/a	n/a	n/a	n/a
3	8	362	possible_button_press	5310.475845100009	0.0	response	n/a	n/a	n/a	n/a	n/a	n/a	n/a	m	m	1	1
3	8	362	fix_cross_after_trial	5310.489869799989	0.8328531666811614	fixation cross	n/a	n/a	94	5310.489900099987	3.029999788850546e-05	n/a	n/a	n/a	n/a	n/a	n/a
3	n/a	n/a	fix_cross_iti	5310.489900099987	0.0	trigger	n/a	n/a	94	n/a	n/a	n/a	n/a	n/a	n/a	n/a	n/a
3	8	363	image	5311.3235679999925	0.765471066642931	image	book	book_07.png	7	5311.3236404999625	7.24999699741602e-05	n/a	n/a	n/a	n/a	1	n/a
3	n/a	n/a	image	5311.3236404999625	0.0	trigger	n/a	n/a	7	n/a	n/a	n/a	n/a	n/a	n/a	n/a	n/a
3	8	363	word	5312.089154299989	0.8823430666852801	word	Buch_german	n/a	107	5312.089183999982	2.9699993319809437e-05	n/a	n/a	n/a	n/a	1	n/a
3	n/a	n/a	word	5312.089183999982	0.0	trigger	n/a	n/a	107	n/a	n/a	n/a	n/a	n/a	n/a	n/a	n/a
3	8	363	possible_button_press	5313.574942699983	0.0	response	n/a	n/a	n/a	n/a	n/a	n/a	n/a	m	m	1	1
3	8	363	fix_cross_after_trial	5313.58888429997	0.9159323666863202	fixation cross	n/a	n/a	94	5313.588920899958	3.659998765215278e-05	n/a	n/a	n/a	n/a	n/a	n/a
3	n/a	n/a	fix_cross_iti	5313.588920899958	0.0	trigger	n/a	n/a	94	n/a	n/a	n/a	n/a	n/a	n/a	n/a	n/a
3	8	364	image	5314.582243499986	0.7560994666455372	image	fish	fish_02.png	2	5314.582321299997	7.780001033097506e-05	n/a	n/a	n/a	n/a	1	n/a
3	n/a	n/a	image	5314.582321299997	0.0	trigger	n/a	n/a	2	n/a	n/a	n/a	n/a	n/a	n/a	n/a	n/a
3	8	364	word	5315.338188999973	0.8824259666762373	word	Fisch_german	n/a	102	5315.338226299966	3.7299992982298136e-05	n/a	n/a	n/a	n/a	1	n/a
3	n/a	n/a	word	5315.338226299966	0.0	trigger	n/a	n/a	102	n/a	n/a	n/a	n/a	n/a	n/a	n/a	n/a
3	8	364	possible_button_press	5316.840530799993	0.0	response	n/a	n/a	n/a	n/a	n/a	n/a	n/a	m	m	1	1
3	8	364	fix_cross_after_trial	5316.854379899974	0.9828848666547856	fixation cross	n/a	n/a	94	5316.854411599983	3.170000854879618e-05	n/a	n/a	n/a	n/a	n/a	n/a
3	n/a	n/a	fix_cross_iti	5316.854411599983	0.0	trigger	n/a	n/a	94	n/a	n/a	n/a	n/a	n/a	n/a	n/a	n/a
3	8	365	image	5317.856426399958	0.7641333667015715	image	rose	rose_04.png	9	5317.856500199996	7.380003808066249e-05	n/a	n/a	n/a	n/a	1	n/a
3	n/a	n/a	image	5317.856500199996	0.0	trigger	n/a	n/a	9	n/a	n/a	n/a	n/a	n/a	n/a	n/a	n/a
3	8	365	word	5318.620432699972	0.9161260666478483	word	Rose_german	n/a	109	5318.620466499997	3.3800024539232254e-05	n/a	n/a	n/a	n/a	1	n/a
3	n/a	n/a	word	5318.620466499997	0.0	trigger	n/a	n/a	109	n/a	n/a	n/a	n/a	n/a	n/a	n/a	n/a
3	8	365	possible_button_press	5320.1228445000015	0.0	response	n/a	n/a	n/a	n/a	n/a	n/a	n/a	m	m	1	1
3	8	365	fix_cross_after_trial	5320.1366653000005	0.8168956666522718	fixation cross	n/a	n/a	94	5320.136691799969	2.6499968953430653e-05	n/a	n/a	n/a	n/a	n/a	n/a
3	n/a	n/a	fix_cross_iti	5320.136691799969	0.0	trigger	n/a	n/a	94	n/a	n/a	n/a	n/a	n/a	n/a	n/a	n/a
3	8	366	image	5320.971697499976	0.7642418666546291	image	book	book_03.png	7	5320.97177949996	8.19999841041863e-05	n/a	n/a	n/a	n/a	1	n/a
3	n/a	n/a	image	5320.97177949996	0.0	trigger	n/a	n/a	7	n/a	n/a	n/a	n/a	n/a	n/a	n/a	n/a
3	8	366	word	5321.73620330001	0.866361666649027	word	Buch_german	n/a	107	5321.736235599965	3.2299954909831285e-05	n/a	n/a	n/a	n/a	1	n/a
3	n/a	n/a	word	5321.736235599965	0.0	trigger	n/a	n/a	107	n/a	n/a	n/a	n/a	n/a	n/a	n/a	n/a
3	8	366	possible_button_press	5323.237792400003	0.0	response	n/a	n/a	n/a	n/a	n/a	n/a	n/a	m	m	1	1
3	8	366	fix_cross_after_trial	5323.252126599953	1.2333057667165122	fixation cross	n/a	n/a	94	5323.252146399987	1.98000343516469e-05	n/a	n/a	n/a	n/a	n/a	n/a
3	n/a	n/a	fix_cross_iti	5323.252146399987	0.0	trigger	n/a	n/a	94	n/a	n/a	n/a	n/a	n/a	n/a	n/a	n/a
3	8	367	image	5324.503252399969	0.7656774667011632	image	bag	bag_01.png	1	5324.503343099961	9.06999921426177e-05	n/a	n/a	n/a	n/a	1	n/a
3	n/a	n/a	image	5324.503343099961	0.0	trigger	n/a	n/a	1	n/a	n/a	n/a	n/a	n/a	n/a	n/a	n/a
3	8	367	word	5325.269287000003	0.8991750666209555	word	Tasche_german	n/a	101	5325.269334099954	4.7099951189011335e-05	n/a	n/a	n/a	n/a	1	n/a
3	n/a	n/a	word	5325.269334099954	0.0	trigger	n/a	n/a	101	n/a	n/a	n/a	n/a	n/a	n/a	n/a	n/a
3	8	367	possible_button_press	5326.77071849996	0.0	response	n/a	n/a	n/a	n/a	n/a	n/a	n/a	m	m	1	1
3	8	367	fix_cross_after_trial	5326.78458919999	1.149410366666416	fixation cross	n/a	n/a	94	5326.784616599965	2.7399975806474686e-05	n/a	n/a	n/a	n/a	n/a	n/a
3	n/a	n/a	fix_cross_iti	5326.784616599965	0.0	trigger	n/a	n/a	94	n/a	n/a	n/a	n/a	n/a	n/a	n/a	n/a
3	8	368	image	5327.953608299955	0.7643153666904254	image	rose	rose_01.png	9	5327.953693799966	8.550001075491309e-05	n/a	n/a	n/a	n/a	1	n/a
3	n/a	n/a	image	5327.953693799966	0.0	trigger	n/a	n/a	9	n/a	n/a	n/a	n/a	n/a	n/a	n/a	n/a
3	8	368	word	5328.717710900004	0.9163793666557467	word	Rose_german	n/a	109	5328.717742599954	3.1699950341135263e-05	n/a	n/a	n/a	n/a	1	n/a
3	n/a	n/a	word	5328.717742599954	0.0	trigger	n/a	n/a	109	n/a	n/a	n/a	n/a	n/a	n/a	n/a	n/a
3	8	368	possible_button_press	5330.2192101999535	0.0	response	n/a	n/a	n/a	n/a	n/a	n/a	n/a	m	m	1	1
3	8	368	fix_cross_after_trial	5330.233337599959	1.133527766683983	fixation cross	n/a	n/a	94	5330.2333538999665	1.6300007700920105e-05	n/a	n/a	n/a	n/a	n/a	n/a
3	n/a	n/a	fix_cross_iti	5330.2333538999665	0.0	trigger	n/a	n/a	94	n/a	n/a	n/a	n/a	n/a	n/a	n/a	n/a
3	8	369	image	5331.38660779997	0.7632956666675454	image	dress	dress_04.png	3	5331.3866925999755	8.480000542476773e-05	n/a	n/a	n/a	n/a	1	n/a
3	n/a	n/a	image	5331.3866925999755	0.0	trigger	n/a	n/a	3	n/a	n/a	n/a	n/a	n/a	n/a	n/a	n/a
3	8	369	word	5332.149846699962	0.9495534666966705	word	Kleid_german	n/a	103	5332.149890600005	4.390004323795438e-05	n/a	n/a	n/a	n/a	1	n/a
3	n/a	n/a	word	5332.149890600005	0.0	trigger	n/a	n/a	103	n/a	n/a	n/a	n/a	n/a	n/a	n/a	n/a
3	8	369	possible_button_press	5333.651208799973	0.0	response	n/a	n/a	n/a	n/a	n/a	n/a	n/a	m	m	1	1
3	8	369	fix_cross_after_trial	5333.665544099989	0.9000979666634521	fixation cross	n/a	n/a	94	5333.665563599963	1.9499973859637976e-05	n/a	n/a	n/a	n/a	n/a	n/a
3	n/a	n/a	fix_cross_iti	5333.665563599963	0.0	trigger	n/a	n/a	94	n/a	n/a	n/a	n/a	n/a	n/a	n/a	n/a
3	8	370	image	5334.585009699978	0.764389066669537	image	car	car_09.png	5	5334.585101099976	9.139999747276306e-05	n/a	n/a	n/a	n/a	1	n/a
3	n/a	n/a	image	5334.585101099976	0.0	trigger	n/a	n/a	5	n/a	n/a	n/a	n/a	n/a	n/a	n/a	n/a
3	8	370	word	5335.348445199954	0.9495946667193493	word	Auto_german	n/a	105	5335.348474700004	2.9500050004571676e-05	n/a	n/a	n/a	n/a	1	n/a
3	n/a	n/a	word	5335.348474700004	0.0	trigger	n/a	n/a	105	n/a	n/a	n/a	n/a	n/a	n/a	n/a	n/a
3	8	370	possible_button_press	5336.850119399955	0.0	response	n/a	n/a	n/a	n/a	n/a	n/a	n/a	m	m	1	1
3	8	370	fix_cross_after_trial	5336.864539199974	0.9836445666769578	fixation cross	n/a	n/a	94	5336.86456019996	2.099998528137803e-05	n/a	n/a	n/a	n/a	n/a	n/a
3	n/a	n/a	fix_cross_iti	5336.86456019996	0.0	trigger	n/a	n/a	94	n/a	n/a	n/a	n/a	n/a	n/a	n/a	n/a
3	8	371	image	5337.866785799968	0.7639746666573046	image	saw	saw_03.png	10	5337.866876999964	9.119999594986439e-05	n/a	n/a	n/a	n/a	1	n/a
3	n/a	n/a	image	5337.866876999964	0.0	trigger	n/a	n/a	10	n/a	n/a	n/a	n/a	n/a	n/a	n/a	n/a
3	8	371	word	5338.631086699956	0.9486077667133941	word	Säge_german	n/a	110	5338.631118899968	3.220001235604286e-05	n/a	n/a	n/a	n/a	1	n/a
3	n/a	n/a	word	5338.631118899968	0.0	trigger	n/a	n/a	110	n/a	n/a	n/a	n/a	n/a	n/a	n/a	n/a
3	8	371	possible_button_press	5340.132684299955	0.0	response	n/a	n/a	n/a	n/a	n/a	n/a	n/a	m	m	1	1
3	8	371	fix_cross_after_trial	5340.14676969999	0.9830098666752747	fixation cross	n/a	n/a	94	5340.1467896999675	1.999997766688466e-05	n/a	n/a	n/a	n/a	n/a	n/a
3	n/a	n/a	fix_cross_iti	5340.1467896999675	0.0	trigger	n/a	n/a	94	n/a	n/a	n/a	n/a	n/a	n/a	n/a	n/a
3	8	372	image	5341.167934399971	0.7620434666787332	image	fish	fish_07.png	2	5341.168012799986	7.840001489967108e-05	n/a	n/a	n/a	n/a	1	n/a
3	n/a	n/a	image	5341.168012799986	0.0	trigger	n/a	n/a	2	n/a	n/a	n/a	n/a	n/a	n/a	n/a	n/a
3	8	372	word	5341.9298890999635	0.882558366694866	word	Fisch_german	n/a	102	5341.929926999961	3.789999755099416e-05	n/a	n/a	n/a	n/a	1	n/a
3	n/a	n/a	word	5341.929926999961	0.0	trigger	n/a	n/a	102	n/a	n/a	n/a	n/a	n/a	n/a	n/a	n/a
3	8	372	possible_button_press	5343.43139459996	0.0	response	n/a	n/a	n/a	n/a	n/a	n/a	n/a	m	m	1	1
3	8	372	fix_cross_after_trial	5343.445772400009	0.8666136666470265	fixation cross	n/a	n/a	94	5343.445790999976	1.8599967006593943e-05	n/a	n/a	n/a	n/a	n/a	n/a
3	n/a	n/a	fix_cross_iti	5343.445790999976	0.0	trigger	n/a	n/a	94	n/a	n/a	n/a	n/a	n/a	n/a	n/a	n/a
3	8	373	image	5344.349326999974	0.7630657666632032	image	ball	ball_05.png	6	5344.349412399984	8.540000999346375e-05	n/a	n/a	n/a	n/a	1	n/a
3	n/a	n/a	image	5344.349412399984	0.0	trigger	n/a	n/a	6	n/a	n/a	n/a	n/a	n/a	n/a	n/a	n/a
3	8	373	word	5345.1122138999635	0.7821124666988908	word	Ball_german	n/a	106	5345.112256599998	4.2700034100562334e-05	n/a	n/a	n/a	n/a	1	n/a
3	n/a	n/a	word	5345.112256599998	0.0	trigger	n/a	n/a	106	n/a	n/a	n/a	n/a	n/a	n/a	n/a	n/a
3	8	373	possible_button_press	5346.614545699966	0.0	response	n/a	n/a	n/a	n/a	n/a	n/a	n/a	m	m	1	1
3	8	373	fix_cross_after_trial	5346.628431899997	1.1830179666321783	fixation cross	n/a	n/a	94	5346.628463800007	3.190001007169485e-05	n/a	n/a	n/a	n/a	n/a	n/a
3	n/a	n/a	fix_cross_iti	5346.628463800007	0.0	trigger	n/a	n/a	94	n/a	n/a	n/a	n/a	n/a	n/a	n/a	n/a
3	8	374	image	5347.831483499962	0.7627831666650309	image	car	car_06.png	5	5347.831577899982	9.440002031624317e-05	n/a	n/a	n/a	n/a	1	n/a
3	n/a	n/a	image	5347.831577899982	0.0	trigger	n/a	n/a	5	n/a	n/a	n/a	n/a	n/a	n/a	n/a	n/a
3	8	374	word	5348.594222899992	0.949037866670551	word	Auto_german	n/a	105	5348.5942480000085	2.5100016500800848e-05	n/a	n/a	n/a	n/a	1	n/a
3	n/a	n/a	word	5348.5942480000085	0.0	trigger	n/a	n/a	105	n/a	n/a	n/a	n/a	n/a	n/a	n/a	n/a
3	8	374	possible_button_press	5350.096138299967	0.0	response	n/a	n/a	n/a	n/a	n/a	n/a	n/a	m	m	1	1
3	8	374	fix_cross_after_trial	5350.110409899964	1.149719166689465	fixation cross	n/a	n/a	94	5350.110437700001	2.7800037059932947e-05	n/a	n/a	n/a	n/a	n/a	n/a
3	n/a	n/a	fix_cross_iti	5350.110437700001	0.0	trigger	n/a	n/a	94	n/a	n/a	n/a	n/a	n/a	n/a	n/a	n/a
3	8	375	image	5351.2787885	0.7643238666387333	image	chair	chair_03.png	8	5351.278858500009	7.000000914558768e-05	n/a	n/a	n/a	n/a	1	n/a
3	n/a	n/a	image	5351.278858500009	0.0	trigger	n/a	n/a	8	n/a	n/a	n/a	n/a	n/a	n/a	n/a	n/a
3	8	375	word	5352.043178399967	0.9323617666996142	word	Stuhl_german	n/a	108	5352.043205099995	2.670002868399024e-05	n/a	n/a	n/a	n/a	1	n/a
3	n/a	n/a	word	5352.043205099995	0.0	trigger	n/a	n/a	108	n/a	n/a	n/a	n/a	n/a	n/a	n/a	n/a
3	8	375	possible_button_press	5353.5290717000025	0.0	response	n/a	n/a	n/a	n/a	n/a	n/a	n/a	m	m	1	1
3	8	375	fix_cross_after_trial	5353.542744099977	1.149787666687189	fixation cross	n/a	n/a	94	5353.542776799994	3.270001616328955e-05	n/a	n/a	n/a	n/a	n/a	n/a
3	n/a	n/a	fix_cross_iti	5353.542776799994	0.0	trigger	n/a	n/a	94	n/a	n/a	n/a	n/a	n/a	n/a	n/a	n/a
3	8	376	image	5354.7111821	0.7645040666720888	image	dress	dress_09.png	3	5354.711296399997	0.0001142999972216785	n/a	n/a	n/a	n/a	1	n/a
3	n/a	n/a	image	5354.711296399997	0.0	trigger	n/a	n/a	3	n/a	n/a	n/a	n/a	n/a	n/a	n/a	n/a
3	8	376	word	5355.475757799984	0.9490796666395909	word	Kleid_german	n/a	103	5355.475789899996	3.2100011594593525e-05	n/a	n/a	n/a	n/a	1	n/a
3	n/a	n/a	word	5355.475789899996	0.0	trigger	n/a	n/a	103	n/a	n/a	n/a	n/a	n/a	n/a	n/a	n/a
3	8	376	possible_button_press	5356.962261599954	0.0	response	n/a	n/a	n/a	n/a	n/a	n/a	n/a	m	m	1	1
3	8	376	fix_cross_after_trial	5356.975389799976	1.0338636666456296	fixation cross	n/a	n/a	94	5356.975423099997	3.330002073198557e-05	n/a	n/a	n/a	n/a	n/a	n/a
3	n/a	n/a	fix_cross_iti	5356.975423099997	0.0	trigger	n/a	n/a	94	n/a	n/a	n/a	n/a	n/a	n/a	n/a	n/a
3	8	377	image	5358.044103199965	0.7642501666596218	image	saw	saw_08.png	10	5358.044186499959	8.329999400302768e-05	n/a	n/a	n/a	n/a	1	n/a
3	n/a	n/a	image	5358.044186499959	0.0	trigger	n/a	n/a	10	n/a	n/a	n/a	n/a	n/a	n/a	n/a	n/a
3	8	377	word	5358.808202099986	0.9493932666409819	word	Säge_german	n/a	110	5358.808242500003	4.040001658722758e-05	n/a	n/a	n/a	n/a	1	n/a
3	n/a	n/a	word	5358.808242500003	0.0	trigger	n/a	n/a	110	n/a	n/a	n/a	n/a	n/a	n/a	n/a	n/a
3	8	377	possible_button_press	5360.310124699958	0.0	response	n/a	n/a	n/a	n/a	n/a	n/a	n/a	m	m	1	1
3	8	377	fix_cross_after_trial	5360.324080999999	1.1330224666198774	fixation cross	n/a	n/a	94	5360.324103699997	2.269999822601676e-05	n/a	n/a	n/a	n/a	n/a	n/a
3	n/a	n/a	fix_cross_iti	5360.324103699997	0.0	trigger	n/a	n/a	94	n/a	n/a	n/a	n/a	n/a	n/a	n/a	n/a
3	8	378	image	5361.475779899978	0.7643457666890754	image	book	book_02.png	7	5361.475861199957	8.129997877404094e-05	n/a	n/a	n/a	n/a	1	n/a
3	n/a	n/a	image	5361.475861199957	0.0	trigger	n/a	n/a	7	n/a	n/a	n/a	n/a	n/a	n/a	n/a	n/a
3	8	378	word	5362.240106399986	0.8661160666415526	word	Buch_german	n/a	107	5362.240136299981	2.989999484270811e-05	n/a	n/a	n/a	n/a	1	n/a
3	n/a	n/a	word	5362.240136299981	0.0	trigger	n/a	n/a	107	n/a	n/a	n/a	n/a	n/a	n/a	n/a	n/a
3	8	378	possible_button_press	5363.741928300005	0.0	response	n/a	n/a	n/a	n/a	n/a	n/a	n/a	m	m	1	1
3	8	378	fix_cross_after_trial	5363.756221899996	0.849511566633737	fixation cross	n/a	n/a	94	5363.756242499978	2.0599982235580683e-05	n/a	n/a	n/a	n/a	n/a	n/a
3	n/a	n/a	fix_cross_iti	5363.756242499978	0.0	trigger	n/a	n/a	94	n/a	n/a	n/a	n/a	n/a	n/a	n/a	n/a
3	8	379	image	5364.624899499991	0.7640529666714428	image	chair	chair_09.png	8	5364.6249723999645	7.289997301995754e-05	n/a	n/a	n/a	n/a	0	n/a
3	n/a	n/a	image	5364.6249723999645	0.0	trigger	n/a	n/a	8	n/a	n/a	n/a	n/a	n/a	n/a	n/a	n/a
3	8	379	word	5365.389021799958	0.8330470667024201	word	Tür_german	n/a	104	5365.3890503	2.8500042390078306e-05	n/a	n/a	n/a	n/a	0	n/a
3	n/a	n/a	word	5365.3890503	0.0	trigger	n/a	n/a	104	n/a	n/a	n/a	n/a	n/a	n/a	n/a	n/a
3	8	379	feedback	5366.905243499961	0.0	trigger	n/a	n/a	96	n/a	n/a	n/a	n/a	n/a	n/a	n/a	n/a
3	8	379	possible_button_press	5367.107507499983	0.0	response	n/a	n/a	n/a	n/a	n/a	n/a	n/a	m	r	0	0
3	8	379	fix_cross_after_trial	5367.121738599963	0.8833413666616252	fixation cross	n/a	n/a	94	5367.121763999981	2.540001878514886e-05	n/a	n/a	n/a	n/a	n/a	n/a
3	n/a	n/a	fix_cross_iti	5367.121763999981	0.0	trigger	n/a	n/a	94	n/a	n/a	n/a	n/a	n/a	n/a	n/a	n/a
3	8	380	image	5368.0242139999755	0.7648973666982783	image	ball	ball_06.png	6	5368.024310000008	9.600003249943256e-05	n/a	n/a	n/a	n/a	1	n/a
3	n/a	n/a	image	5368.024310000008	0.0	trigger	n/a	n/a	6	n/a	n/a	n/a	n/a	n/a	n/a	n/a	n/a
3	8	380	word	5368.7893747999915	0.7818917666481866	word	Ball_german	n/a	106	5368.789416699961	4.1899969801306725e-05	n/a	n/a	n/a	n/a	1	n/a
3	n/a	n/a	word	5368.789416699961	0.0	trigger	n/a	n/a	106	n/a	n/a	n/a	n/a	n/a	n/a	n/a	n/a
3	8	380	possible_button_press	5370.2903657999705	0.0	response	n/a	n/a	n/a	n/a	n/a	n/a	n/a	m	m	1	1
3	8	380	fix_cross_after_trial	5370.304216099961	1.032827166669449	fixation cross	n/a	n/a	94	5370.304252600006	3.650004509836435e-05	n/a	n/a	n/a	n/a	n/a	n/a
3	n/a	n/a	fix_cross_iti	5370.304252600006	0.0	trigger	n/a	n/a	94	n/a	n/a	n/a	n/a	n/a	n/a	n/a	n/a
3	8	381	image	5371.355970899982	0.7645226666390954	image	chair	chair_07.png	8	5371.3560485999915	7.770000956952572e-05	n/a	n/a	n/a	n/a	1	n/a
3	n/a	n/a	image	5371.3560485999915	0.0	trigger	n/a	n/a	8	n/a	n/a	n/a	n/a	n/a	n/a	n/a	n/a
3	8	381	word	5372.120338999957	0.9321692666890158	word	Stuhl_german	n/a	108	5372.1203828	4.380004247650504e-05	n/a	n/a	n/a	n/a	1	n/a
3	n/a	n/a	word	5372.1203828	0.0	trigger	n/a	n/a	108	n/a	n/a	n/a	n/a	n/a	n/a	n/a	n/a
3	8	381	possible_button_press	5373.622231699992	0.0	response	n/a	n/a	n/a	n/a	n/a	n/a	n/a	m	m	1	1
3	8	381	fix_cross_after_trial	5373.636369999964	0.8498844666792138	fixation cross	n/a	n/a	94	5373.63639239996	2.239999594166875e-05	n/a	n/a	n/a	n/a	n/a	n/a
3	n/a	n/a	fix_cross_iti	5373.63639239996	0.0	trigger	n/a	n/a	94	n/a	n/a	n/a	n/a	n/a	n/a	n/a	n/a
3	8	382	image	5374.52389849996	0.7623112666806264	image	door	door_03.png	4	5374.523994099989	9.560002945363522e-05	n/a	n/a	n/a	n/a	1	n/a
3	n/a	n/a	image	5374.523994099989	0.0	trigger	n/a	n/a	4	n/a	n/a	n/a	n/a	n/a	n/a	n/a	n/a
3	8	382	word	5375.286049599992	0.8326643666405289	word	Tür_german	n/a	104	5375.286092699971	4.309997893869877e-05	n/a	n/a	n/a	n/a	1	n/a
3	n/a	n/a	word	5375.286092699971	0.0	trigger	n/a	n/a	104	n/a	n/a	n/a	n/a	n/a	n/a	n/a	n/a
3	8	382	possible_button_press	5376.78755529999	0.0	response	n/a	n/a	n/a	n/a	n/a	n/a	n/a	m	m	1	1
3	8	382	fix_cross_after_trial	5376.802033099986	1.0996046666441543	fixation cross	n/a	n/a	94	5376.802054299973	2.1199986804276705e-05	n/a	n/a	n/a	n/a	n/a	n/a
3	n/a	n/a	fix_cross_iti	5376.802054299973	0.0	trigger	n/a	n/a	94	n/a	n/a	n/a	n/a	n/a	n/a	n/a	n/a
3	8	383	image	5377.920623399958	0.7642730667175783	image	ball	ball_09.png	6	5377.9206981000025	7.470004493370652e-05	n/a	n/a	n/a	n/a	1	n/a
3	n/a	n/a	image	5377.9206981000025	0.0	trigger	n/a	n/a	6	n/a	n/a	n/a	n/a	n/a	n/a	n/a	n/a
3	8	383	word	5378.6847863	0.7825943666430248	word	Ball_german	n/a	106	5378.684818399954	3.209995338693261e-05	n/a	n/a	n/a	n/a	1	n/a
3	n/a	n/a	word	5378.684818399954	0.0	trigger	n/a	n/a	106	n/a	n/a	n/a	n/a	n/a	n/a	n/a	n/a
3	8	383	possible_button_press	5380.170498099993	0.0	response	n/a	n/a	n/a	n/a	n/a	n/a	n/a	m	m	1	1
3	8	383	fix_cross_after_trial	5380.184404300002	0.7996449666716217	fixation cross	n/a	n/a	94	5380.1844379999675	3.3699965570122004e-05	n/a	n/a	n/a	n/a	n/a	n/a
3	n/a	n/a	fix_cross_iti	5380.1844379999675	0.0	trigger	n/a	n/a	94	n/a	n/a	n/a	n/a	n/a	n/a	n/a	n/a
3	8	384	image	5381.002020899963	0.7653808667128033	image	rose	rose_03.png	9	5381.002096099954	7.51999905332923e-05	n/a	n/a	n/a	n/a	1	n/a
3	n/a	n/a	image	5381.002096099954	0.0	trigger	n/a	n/a	9	n/a	n/a	n/a	n/a	n/a	n/a	n/a	n/a
3	8	384	word	5381.767388699984	0.9162001666882134	word	Rose_german	n/a	109	5381.76743040001	4.1700026486068964e-05	n/a	n/a	n/a	n/a	1	n/a
3	n/a	n/a	word	5381.76743040001	0.0	trigger	n/a	n/a	109	n/a	n/a	n/a	n/a	n/a	n/a	n/a	n/a
3	8	384	possible_button_press	5383.268584000005	0.0	response	n/a	n/a	n/a	n/a	n/a	n/a	n/a	m	m	1	1
3	8	384	fix_cross_after_trial	5383.283107299998	1.016628066663543	fixation cross	n/a	n/a	94	5383.28312659997	1.92999723367393e-05	n/a	n/a	n/a	n/a	n/a	n/a
3	n/a	n/a	fix_cross_iti	5383.28312659997	0.0	trigger	n/a	n/a	94	n/a	n/a	n/a	n/a	n/a	n/a	n/a	n/a
3	8	385	image	5384.523449599976	0.760249366696371	image	ball	ball_03.png	6	5384.523541099974	9.14999982342124e-05	n/a	n/a	n/a	n/a	1	n/a
3	n/a	n/a	image	5384.523541099974	0.0	trigger	n/a	n/a	6	n/a	n/a	n/a	n/a	n/a	n/a	n/a	n/a
3	8	385	word	5385.283084900002	0.7820571666270553	word	Ball_german	n/a	106	5385.283117299958	3.239995567128062e-05	n/a	n/a	n/a	n/a	1	n/a
3	n/a	n/a	word	5385.283117299958	0.0	trigger	n/a	n/a	106	n/a	n/a	n/a	n/a	n/a	n/a	n/a	n/a
3	8	385	possible_button_press	5386.784833799989	0.0	response	n/a	n/a	n/a	n/a	n/a	n/a	n/a	m	m	1	1
3	8	385	fix_cross_after_trial	5386.7988538999925	1.000214566654904	fixation cross	n/a	n/a	94	5386.798873999971	2.0099978428333998e-05	n/a	n/a	n/a	n/a	n/a	n/a
3	n/a	n/a	fix_cross_iti	5386.798873999971	0.0	trigger	n/a	n/a	94	n/a	n/a	n/a	n/a	n/a	n/a	n/a	n/a
3	8	386	image	5387.836707999988	0.7623075666524528	image	bag	bag_08.png	1	5387.836797799973	8.979998528957367e-05	n/a	n/a	n/a	n/a	1	n/a
3	n/a	n/a	image	5387.836797799973	0.0	trigger	n/a	n/a	1	n/a	n/a	n/a	n/a	n/a	n/a	n/a	n/a
3	8	386	word	5388.598749199999	0.8995250666666834	word	Tasche_german	n/a	101	5388.598791999975	4.279997665435076e-05	n/a	n/a	n/a	n/a	1	n/a
3	n/a	n/a	word	5388.598791999975	0.0	trigger	n/a	n/a	101	n/a	n/a	n/a	n/a	n/a	n/a	n/a	n/a
3	8	386	possible_button_press	5390.101806799998	0.0	response	n/a	n/a	n/a	n/a	n/a	n/a	n/a	m	m	1	1
3	8	386	fix_cross_after_trial	5390.114789499959	1.133122066679789	fixation cross	n/a	n/a	94	5390.1148151999805	2.570002106949687e-05	n/a	n/a	n/a	n/a	n/a	n/a
3	n/a	n/a	fix_cross_iti	5390.1148151999805	0.0	trigger	n/a	n/a	94	n/a	n/a	n/a	n/a	n/a	n/a	n/a	n/a
3	8	387	image	5391.266660999972	0.7639126666508673	image	fish	fish_05.png	2	5391.266739199986	7.82000133767724e-05	n/a	n/a	n/a	n/a	1	n/a
3	n/a	n/a	image	5391.266739199986	0.0	trigger	n/a	n/a	2	n/a	n/a	n/a	n/a	n/a	n/a	n/a	n/a
3	8	387	word	5392.03067269997	0.866179866661696	word	Fisch_german	n/a	102	5392.030703199969	3.0499999411404133e-05	n/a	n/a	n/a	n/a	1	n/a
3	n/a	n/a	word	5392.030703199969	0.0	trigger	n/a	n/a	102	n/a	n/a	n/a	n/a	n/a	n/a	n/a	n/a
3	8	387	possible_button_press	5393.516877499991	0.0	response	n/a	n/a	n/a	n/a	n/a	n/a	n/a	m	m	1	1
3	8	387	fix_cross_after_trial	5393.530123099976	1.1995540666430315	fixation cross	n/a	n/a	94	5393.530159499962	3.63999861292541e-05	n/a	n/a	n/a	n/a	n/a	n/a
3	n/a	n/a	fix_cross_iti	5393.530159499962	0.0	trigger	n/a	n/a	94	n/a	n/a	n/a	n/a	n/a	n/a	n/a	n/a
3	8	388	image	5394.766702299996	0.7626094666229619	image	dress	dress_03.png	3	5394.766791799979	8.949998300522566e-05	n/a	n/a	n/a	n/a	1	n/a
3	n/a	n/a	image	5394.766791799979	0.0	trigger	n/a	n/a	3	n/a	n/a	n/a	n/a	n/a	n/a	n/a	n/a
3	8	388	word	5395.52953900001	0.9492008666311449	word	Kleid_german	n/a	103	5395.529577799956	3.879994619637728e-05	n/a	n/a	n/a	n/a	1	n/a
3	n/a	n/a	word	5395.529577799956	0.0	trigger	n/a	n/a	103	n/a	n/a	n/a	n/a	n/a	n/a	n/a	n/a
3	8	388	possible_button_press	5397.0154228999745	0.0	response	n/a	n/a	n/a	n/a	n/a	n/a	n/a	m	m	1	1
3	8	388	fix_cross_after_trial	5397.029425899964	0.9991514667090087	fixation cross	n/a	n/a	94	5397.029464399966	3.850000211969018e-05	n/a	n/a	n/a	n/a	n/a	n/a
3	n/a	n/a	fix_cross_iti	5397.029464399966	0.0	trigger	n/a	n/a	94	n/a	n/a	n/a	n/a	n/a	n/a	n/a	n/a
3	8	389	image	5398.0654785999795	0.7633612666431873	image	door	door_06.png	4	5398.065550700005	7.210002513602376e-05	n/a	n/a	n/a	n/a	1	n/a
3	n/a	n/a	image	5398.065550700005	0.0	trigger	n/a	n/a	4	n/a	n/a	n/a	n/a	n/a	n/a	n/a	n/a
3	8	389	word	5398.828827099991	0.8324806666387303	word	Tür_german	n/a	104	5398.828867200005	4.010001430287957e-05	n/a	n/a	n/a	n/a	1	n/a
3	n/a	n/a	word	5398.828867200005	0.0	trigger	n/a	n/a	104	n/a	n/a	n/a	n/a	n/a	n/a	n/a	n/a
3	8	389	possible_button_press	5400.330309199984	0.0	response	n/a	n/a	n/a	n/a	n/a	n/a	n/a	m	m	1	1
3	8	389	fix_cross_after_trial	5400.344505399989	1.0496418666480167	fixation cross	n/a	n/a	94	5400.344531599956	2.619996666908264e-05	n/a	n/a	n/a	n/a	n/a	n/a
3	n/a	n/a	fix_cross_iti	5400.344531599956	0.0	trigger	n/a	n/a	94	n/a	n/a	n/a	n/a	n/a	n/a	n/a	n/a
3	8	390	image	5401.413179199968	0.7642931666960067	image	book	book_09.png	7	5401.413260900008	8.17000400274992e-05	n/a	n/a	n/a	n/a	0	n/a
3	n/a	n/a	image	5401.413260900008	0.0	trigger	n/a	n/a	7	n/a	n/a	n/a	n/a	n/a	n/a	n/a	n/a
3	8	390	word	5402.177553499991	0.8825430666365719	word	Fisch_german	n/a	102	5402.1775920999935	3.860000288113952e-05	n/a	n/a	n/a	n/a	0	n/a
3	n/a	n/a	word	5402.1775920999935	0.0	trigger	n/a	n/a	102	n/a	n/a	n/a	n/a	n/a	n/a	n/a	n/a
3	8	390	feedback	5403.693607599998	0.0	trigger	n/a	n/a	96	n/a	n/a	n/a	n/a	n/a	n/a	n/a	n/a
3	8	390	possible_button_press	5403.895521499973	0.0	response	n/a	n/a	n/a	n/a	n/a	n/a	n/a	m	r	0	0
3	8	390	fix_cross_after_trial	5403.909945499967	1.0000108666754386	fixation cross	n/a	n/a	94	5403.90997009998	2.4600012693554163e-05	n/a	n/a	n/a	n/a	n/a	n/a
3	n/a	n/a	fix_cross_iti	5403.90997009998	0.0	trigger	n/a	n/a	94	n/a	n/a	n/a	n/a	n/a	n/a	n/a	n/a
3	8	391	image	5404.929034099972	0.7642264666537812	image	saw	saw_04.png	10	5404.929115599953	8.149998029693961e-05	n/a	n/a	n/a	n/a	1	n/a
3	n/a	n/a	image	5404.929115599953	0.0	trigger	n/a	n/a	10	n/a	n/a	n/a	n/a	n/a	n/a	n/a	n/a
3	8	391	word	5405.693100099976	0.9489782666823885	word	Säge_german	n/a	110	5405.693130599975	3.0499999411404133e-05	n/a	n/a	n/a	n/a	1	n/a
3	n/a	n/a	word	5405.693130599975	0.0	trigger	n/a	n/a	110	n/a	n/a	n/a	n/a	n/a	n/a	n/a	n/a
3	8	391	possible_button_press	5407.1954582000035	0.0	response	n/a	n/a	n/a	n/a	n/a	n/a	n/a	m	m	1	1
3	8	391	fix_cross_after_trial	5407.209393099998	0.9329541666702426	fixation cross	n/a	n/a	94	5407.209424000001	3.090000245720148e-05	n/a	n/a	n/a	n/a	n/a	n/a
3	n/a	n/a	fix_cross_iti	5407.209424000001	0.0	trigger	n/a	n/a	94	n/a	n/a	n/a	n/a	n/a	n/a	n/a	n/a
3	8	392	image	5408.160406699986	0.7648726666848233	image	bag	bag_10.png	1	5408.160488799971	8.209998486563563e-05	n/a	n/a	n/a	n/a	1	n/a
3	n/a	n/a	image	5408.160488799971	0.0	trigger	n/a	n/a	1	n/a	n/a	n/a	n/a	n/a	n/a	n/a	n/a
3	8	392	word	5408.925368199998	0.8988330666361435	word	Tasche_german	n/a	101	5408.925395499973	2.729997504502535e-05	n/a	n/a	n/a	n/a	1	n/a
3	n/a	n/a	word	5408.925395499973	0.0	trigger	n/a	n/a	101	n/a	n/a	n/a	n/a	n/a	n/a	n/a	n/a
3	8	392	possible_button_press	5410.4281959999935	0.0	response	n/a	n/a	n/a	n/a	n/a	n/a	n/a	m	m	1	1
3	8	392	fix_cross_after_trial	5410.4415056	0.8330721666607133	fixation cross	n/a	n/a	94	5410.44153359998	2.7999980375170708e-05	n/a	n/a	n/a	n/a	n/a	n/a
3	n/a	n/a	fix_cross_iti	5410.44153359998	0.0	trigger	n/a	n/a	94	n/a	n/a	n/a	n/a	n/a	n/a	n/a	n/a
3	8	393	image	5411.293683199969	0.7644810666715784	image	car	car_07.png	5	5411.293777099985	9.390001650899649e-05	n/a	n/a	n/a	n/a	1	n/a
3	n/a	n/a	image	5411.293777099985	0.0	trigger	n/a	n/a	5	n/a	n/a	n/a	n/a	n/a	n/a	n/a	n/a
3	8	393	word	5412.057798199996	0.9497189666763006	word	Auto_german	n/a	105	5412.057843999995	4.579999949783087e-05	n/a	n/a	n/a	n/a	1	n/a
3	n/a	n/a	word	5412.057843999995	0.0	trigger	n/a	n/a	105	n/a	n/a	n/a	n/a	n/a	n/a	n/a	n/a
3	8	393	possible_button_press	5413.560120099981	0.0	response	n/a	n/a	n/a	n/a	n/a	n/a	n/a	m	m	1	1
3	8	393	fix_cross_after_trial	5413.573865299986	1.0501591666870809	fixation cross	n/a	n/a	94	5413.5738966999925	3.1400006264448166e-05	n/a	n/a	n/a	n/a	n/a	n/a
3	n/a	n/a	fix_cross_iti	5413.5738966999925	0.0	trigger	n/a	n/a	94	n/a	n/a	n/a	n/a	n/a	n/a	n/a	n/a
3	8	394	image	5414.659612699994	0.7645546666499285	image	rose	rose_08.png	9	5414.659706300008	9.360001422464848e-05	n/a	n/a	n/a	n/a	1	n/a
3	n/a	n/a	image	5414.659706300008	0.0	trigger	n/a	n/a	9	n/a	n/a	n/a	n/a	n/a	n/a	n/a	n/a
3	8	394	word	5415.423448499991	0.9327185666807054	word	Rose_german	n/a	109	5415.423487699998	3.920000744983554e-05	n/a	n/a	n/a	n/a	1	n/a
3	n/a	n/a	word	5415.423487699998	0.0	trigger	n/a	n/a	109	n/a	n/a	n/a	n/a	n/a	n/a	n/a	n/a
3	8	394	possible_button_press	5416.925380899978	0.0	response	n/a	n/a	n/a	n/a	n/a	n/a	n/a	m	m	1	1
3	8	394	fix_cross_after_trial	5416.9457106000045	1.093835666662926	fixation cross	n/a	n/a	94	5416.945740700001	3.0099996365606785e-05	n/a	n/a	n/a	n/a	n/a	n/a
3	n/a	n/a	fix_cross_iti	5416.945740700001	0.0	trigger	n/a	n/a	94	n/a	n/a	n/a	n/a	n/a	n/a	n/a	n/a
3	8	395	image	5418.057797199988	0.7646688666463888	image	door	door_04.png	4	5418.057867700001	7.050001295283437e-05	n/a	n/a	n/a	n/a	1	n/a
3	n/a	n/a	image	5418.057867700001	0.0	trigger	n/a	n/a	4	n/a	n/a	n/a	n/a	n/a	n/a	n/a	n/a
3	8	395	word	5418.822221399983	0.8323676666514075	word	Tür_german	n/a	104	5418.822249799967	2.8399983420968056e-05	n/a	n/a	n/a	n/a	1	n/a
3	n/a	n/a	word	5418.822249799967	0.0	trigger	n/a	n/a	104	n/a	n/a	n/a	n/a	n/a	n/a	n/a	n/a
3	8	395	possible_button_press	5420.323980699992	0.0	response	n/a	n/a	n/a	n/a	n/a	n/a	n/a	m	m	1	1
3	8	395	fix_cross_after_trial	5420.3387701999745	0.9494203666727117	fixation cross	n/a	n/a	94	5420.338801899983	3.170000854879618e-05	n/a	n/a	n/a	n/a	n/a	n/a
3	n/a	n/a	fix_cross_iti	5420.338801899983	0.0	trigger	n/a	n/a	94	n/a	n/a	n/a	n/a	n/a	n/a	n/a	n/a
3	8	396	image	5421.307927899994	0.7635363666377089	image	dress	dress_07.png	3	5421.308015099959	8.719996549189091e-05	n/a	n/a	n/a	n/a	1	n/a
3	n/a	n/a	image	5421.308015099959	0.0	trigger	n/a	n/a	3	n/a	n/a	n/a	n/a	n/a	n/a	n/a	n/a
3	8	396	word	5422.071190499992	0.9498511666351988	word	Kleid_german	n/a	103	5422.071217499964	2.6999972760677338e-05	n/a	n/a	n/a	n/a	1	n/a
3	n/a	n/a	word	5422.071217499964	0.0	trigger	n/a	n/a	103	n/a	n/a	n/a	n/a	n/a	n/a	n/a	n/a
3	8	396	possible_button_press	5423.57252539997	0.0	response	n/a	n/a	n/a	n/a	n/a	n/a	n/a	m	m	1	1
3	8	396	fix_cross_after_trial	5423.587053199997	0.9997167666479072	fixation cross	n/a	n/a	94	5423.587069500005	1.6300007700920105e-05	n/a	n/a	n/a	n/a	n/a	n/a
3	n/a	n/a	fix_cross_iti	5423.587069500005	0.0	trigger	n/a	n/a	94	n/a	n/a	n/a	n/a	n/a	n/a	n/a	n/a
3	8	397	image	5424.605210599955	0.7648858666689193	image	door	door_02.png	4	5424.605276599992	6.600003689527512e-05	n/a	n/a	n/a	n/a	1	n/a
3	n/a	n/a	image	5424.605276599992	0.0	trigger	n/a	n/a	4	n/a	n/a	n/a	n/a	n/a	n/a	n/a	n/a
3	8	397	word	5425.370009899954	0.8333662666882447	word	Tür_german	n/a	104	5425.370035599975	2.570002106949687e-05	n/a	n/a	n/a	n/a	1	n/a
3	n/a	n/a	word	5425.370035599975	0.0	trigger	n/a	n/a	104	n/a	n/a	n/a	n/a	n/a	n/a	n/a	n/a
3	8	397	possible_button_press	5426.8718985999585	0.0	response	n/a	n/a	n/a	n/a	n/a	n/a	n/a	m	m	1	1
3	8	397	fix_cross_after_trial	5426.886110399966	0.8166578667041904	fixation cross	n/a	n/a	94	5426.886131899955	2.1499989088624716e-05	n/a	n/a	n/a	n/a	n/a	n/a
3	n/a	n/a	fix_cross_iti	5426.886131899955	0.0	trigger	n/a	n/a	94	n/a	n/a	n/a	n/a	n/a	n/a	n/a	n/a
3	8	398	image	5427.72100379999	0.7493322666305176	image	bag	bag_09.png	1	5427.721085999976	8.219998562708497e-05	n/a	n/a	n/a	n/a	1	n/a
3	n/a	n/a	image	5427.721085999976	0.0	trigger	n/a	n/a	1	n/a	n/a	n/a	n/a	n/a	n/a	n/a	n/a
3	8	398	word	5428.469359599985	0.9000630666887446	word	Tasche_german	n/a	101	5428.469413299987	5.370000144466758e-05	n/a	n/a	n/a	n/a	1	n/a
3	n/a	n/a	word	5428.469413299987	0.0	trigger	n/a	n/a	101	n/a	n/a	n/a	n/a	n/a	n/a	n/a	n/a
3	8	398	possible_button_press	5429.973674499954	0.0	response	n/a	n/a	n/a	n/a	n/a	n/a	n/a	m	m	1	1
3	8	398	fix_cross_after_trial	5429.985717499978	0.799534366644366	fixation cross	n/a	n/a	94	5429.985757199989	3.9700011257082224e-05	n/a	n/a	n/a	n/a	n/a	n/a
3	n/a	n/a	fix_cross_iti	5429.985757199989	0.0	trigger	n/a	n/a	94	n/a	n/a	n/a	n/a	n/a	n/a	n/a	n/a
3	8	399	image	5430.804145200003	0.7641104666436149	image	car	car_03.png	5	5430.804230299953	8.509994950145483e-05	n/a	n/a	n/a	n/a	0	n/a
3	n/a	n/a	image	5430.804230299953	0.0	trigger	n/a	n/a	5	n/a	n/a	n/a	n/a	n/a	n/a	n/a	n/a
3	8	399	word	5431.568275299971	0.9493926666946209	word	Säge_german	n/a	110	5431.568316199991	4.090002039447427e-05	n/a	n/a	n/a	n/a	0	n/a
3	n/a	n/a	word	5431.568316199991	0.0	trigger	n/a	n/a	110	n/a	n/a	n/a	n/a	n/a	n/a	n/a	n/a
3	8	399	feedback	5433.084033899999	0.0	trigger	n/a	n/a	96	n/a	n/a	n/a	n/a	n/a	n/a	n/a	n/a
3	8	399	possible_button_press	5433.271033399971	0.0	response	n/a	n/a	n/a	n/a	n/a	n/a	n/a	m	r	0	0
3	8	399	fix_cross_after_trial	5433.284414599999	0.8830142666738539	fixation cross	n/a	n/a	94	5433.284452299995	3.7699996028095484e-05	n/a	n/a	n/a	n/a	n/a	n/a
3	n/a	n/a	fix_cross_iti	5433.284452299995	0.0	trigger	n/a	n/a	94	n/a	n/a	n/a	n/a	n/a	n/a	n/a	n/a
3	8	400	image	5434.185840899998	0.7645836666379182	image	rose	rose_07.png	9	5434.185907699983	6.67999847792089e-05	n/a	n/a	n/a	n/a	1	n/a
3	n/a	n/a	image	5434.185907699983	0.0	trigger	n/a	n/a	9	n/a	n/a	n/a	n/a	n/a	n/a	n/a	n/a
3	8	400	word	5434.950300399971	0.9162226666849165	word	Rose_german	n/a	109	5434.950328300009	2.7900037821382284e-05	n/a	n/a	n/a	n/a	1	n/a
3	n/a	n/a	word	5434.950328300009	0.0	trigger	n/a	n/a	109	n/a	n/a	n/a	n/a	n/a	n/a	n/a	n/a
3	8	400	possible_button_press	5436.453013799968	0.0	response	n/a	n/a	n/a	n/a	n/a	n/a	n/a	m	m	1	1
3	8	400	fix_cross_after_trial	5436.467010199965	1.1660608666752523	fixation cross	n/a	n/a	94	5436.467042599979	3.2400013878941536e-05	n/a	n/a	n/a	n/a	n/a	n/a
3	n/a	n/a	fix_cross_iti	5436.467042599979	0.0	trigger	n/a	n/a	94	n/a	n/a	n/a	n/a	n/a	n/a	n/a	n/a
3	8	400	break_instruction	5437.633143999963	15.012507266659668	break	n/a	n/a	81	5437.633186899999	4.290003562346101e-05	n/a	n/a	n/a	n/a	n/a	n/a
3	n/a	n/a	break_start	5437.633186899999	0.0	trigger	n/a	n/a	81	n/a	n/a	n/a	n/a	n/a	n/a	n/a	n/a
3	n/a	n/a	break_end	5523.94171569997	0.0	trigger	n/a	n/a	82	n/a	n/a	n/a	n/a	n/a	n/a	n/a	n/a
3	9	401	image	5523.991488299973	0.7641868667014933	image	book	book_06.png	7	5523.99156309996	7.479998748749495e-05	n/a	n/a	n/a	n/a	1	n/a
3	n/a	n/a	image	5523.99156309996	0.0	trigger	n/a	n/a	7	n/a	n/a	n/a	n/a	n/a	n/a	n/a	n/a
3	9	401	word	5524.7555251999875	0.882164966667915	word	Buch_german	n/a	107	5524.75555979996	3.4599972423166037e-05	n/a	n/a	n/a	n/a	1	n/a
3	n/a	n/a	word	5524.75555979996	0.0	trigger	n/a	n/a	107	n/a	n/a	n/a	n/a	n/a	n/a	n/a	n/a
3	9	401	possible_button_press	5526.256943099957	0.0	response	n/a	n/a	n/a	n/a	n/a	n/a	n/a	m	m	1	1
3	9	401	fix_cross_after_trial	5526.271592699981	1.0831072666951513	fixation cross	n/a	n/a	94	5526.2716105	1.780001912266016e-05	n/a	n/a	n/a	n/a	n/a	n/a
3	n/a	n/a	fix_cross_iti	5526.2716105	0.0	trigger	n/a	n/a	94	n/a	n/a	n/a	n/a	n/a	n/a	n/a	n/a
3	9	402	image	5527.372136499966	0.7490620666685572	image	saw	saw_10.png	10	5527.372213399969	7.690000347793102e-05	n/a	n/a	n/a	n/a	1	n/a
3	n/a	n/a	image	5527.372213399969	0.0	trigger	n/a	n/a	10	n/a	n/a	n/a	n/a	n/a	n/a	n/a	n/a
3	9	402	word	5528.121111599961	0.9495486666601209	word	Säge_german	n/a	110	5528.121142299962	3.070000093430281e-05	n/a	n/a	n/a	n/a	1	n/a
3	n/a	n/a	word	5528.121142299962	0.0	trigger	n/a	n/a	110	n/a	n/a	n/a	n/a	n/a	n/a	n/a	n/a
3	9	402	possible_button_press	5529.623371900001	0.0	response	n/a	n/a	n/a	n/a	n/a	n/a	n/a	m	m	1	1
3	9	402	fix_cross_after_trial	5529.637445900007	1.1831886666514038	fixation cross	n/a	n/a	94	5529.637476400007	3.0499999411404133e-05	n/a	n/a	n/a	n/a	n/a	n/a
3	n/a	n/a	fix_cross_iti	5529.637476400007	0.0	trigger	n/a	n/a	94	n/a	n/a	n/a	n/a	n/a	n/a	n/a	n/a
3	9	403	image	5530.839559499989	0.7640253666359058	image	dress	dress_01.png	3	5530.839651799994	9.23000043258071e-05	n/a	n/a	n/a	n/a	1	n/a
3	n/a	n/a	image	5530.839651799994	0.0	trigger	n/a	n/a	3	n/a	n/a	n/a	n/a	n/a	n/a	n/a	n/a
3	9	403	word	5531.60346329998	0.9488460666652827	word	Kleid_german	n/a	103	5531.603498299955	3.4999975468963385e-05	n/a	n/a	n/a	n/a	1	n/a
3	n/a	n/a	word	5531.603498299955	0.0	trigger	n/a	n/a	103	n/a	n/a	n/a	n/a	n/a	n/a	n/a	n/a
3	9	403	possible_button_press	5533.105959899956	0.0	response	n/a	n/a	n/a	n/a	n/a	n/a	n/a	m	m	1	1
3	9	403	fix_cross_after_trial	5533.119658699958	1.1326646666893794	fixation cross	n/a	n/a	94	5533.119691599975	3.290001768618822e-05	n/a	n/a	n/a	n/a	n/a	n/a
3	n/a	n/a	fix_cross_iti	5533.119691599975	0.0	trigger	n/a	n/a	94	n/a	n/a	n/a	n/a	n/a	n/a	n/a	n/a
3	9	404	image	5534.29178889998	0.7611272666872537	image	chair	chair_06.png	8	5534.291878699965	8.979998528957367e-05	n/a	n/a	n/a	n/a	0	n/a
3	n/a	n/a	image	5534.291878699965	0.0	trigger	n/a	n/a	8	n/a	n/a	n/a	n/a	n/a	n/a	n/a	n/a
3	9	404	word	5535.052783899999	0.8658903666691913	word	Fisch_german	n/a	102	5535.052810599969	2.6699970476329327e-05	n/a	n/a	n/a	n/a	0	n/a
3	n/a	n/a	word	5535.052810599969	0.0	trigger	n/a	n/a	102	n/a	n/a	n/a	n/a	n/a	n/a	n/a	n/a
3	9	404	feedback	5536.56863709999	0.0	trigger	n/a	n/a	96	n/a	n/a	n/a	n/a	n/a	n/a	n/a	n/a
3	9	404	possible_button_press	5536.754701099999	0.0	response	n/a	n/a	n/a	n/a	n/a	n/a	n/a	m	r	0	0
3	9	404	fix_cross_after_trial	5536.768778999976	0.8660289666768222	fixation cross	n/a	n/a	94	5536.768814099953	3.509997623041272e-05	n/a	n/a	n/a	n/a	n/a	n/a
3	n/a	n/a	fix_cross_iti	5536.768814099953	0.0	trigger	n/a	n/a	94	n/a	n/a	n/a	n/a	n/a	n/a	n/a	n/a
3	9	405	image	5537.690255299967	0.7610284666916414	image	ball	ball_02.png	6	5537.690332899976	7.760000880807638e-05	n/a	n/a	n/a	n/a	1	n/a
3	n/a	n/a	image	5537.690332899976	0.0	trigger	n/a	n/a	6	n/a	n/a	n/a	n/a	n/a	n/a	n/a	n/a
3	9	405	word	5538.4512960999855	0.7830936666614434	word	Ball_german	n/a	106	5538.451330799959	3.4699973184615374e-05	n/a	n/a	n/a	n/a	1	n/a
3	n/a	n/a	word	5538.451330799959	0.0	trigger	n/a	n/a	106	n/a	n/a	n/a	n/a	n/a	n/a	n/a	n/a
3	9	405	possible_button_press	5539.953345199989	0.0	response	n/a	n/a	n/a	n/a	n/a	n/a	n/a	m	m	1	1
3	9	405	fix_cross_after_trial	5539.96750639996	1.1996393667104712	fixation cross	n/a	n/a	94	5539.967525199987	1.880002673715353e-05	n/a	n/a	n/a	n/a	n/a	n/a
3	n/a	n/a	fix_cross_iti	5539.967525199987	0.0	trigger	n/a	n/a	94	n/a	n/a	n/a	n/a	n/a	n/a	n/a	n/a
3	9	406	image	5541.186389199982	0.7636425666896685	image	book	book_01.png	7	5541.186471899971	8.269998943433166e-05	n/a	n/a	n/a	n/a	1	n/a
3	n/a	n/a	image	5541.186471899971	0.0	trigger	n/a	n/a	7	n/a	n/a	n/a	n/a	n/a	n/a	n/a	n/a
3	9	406	word	5541.95016030001	0.8822658666213101	word	Buch_german	n/a	107	5541.950186199974	2.589996438473463e-05	n/a	n/a	n/a	n/a	1	n/a
3	n/a	n/a	word	5541.950186199974	0.0	trigger	n/a	n/a	107	n/a	n/a	n/a	n/a	n/a	n/a	n/a	n/a
3	9	406	possible_button_press	5543.453513999993	0.0	response	n/a	n/a	n/a	n/a	n/a	n/a	n/a	m	m	1	1
3	9	406	fix_cross_after_trial	5543.466302899993	1.0497771666305198	fixation cross	n/a	n/a	94	5543.466323199973	2.0299979951232672e-05	n/a	n/a	n/a	n/a	n/a	n/a
3	n/a	n/a	fix_cross_iti	5543.466323199973	0.0	trigger	n/a	n/a	94	n/a	n/a	n/a	n/a	n/a	n/a	n/a	n/a
3	9	407	image	5544.5351922999835	0.763818766692566	image	saw	saw_04.png	10	5544.535274099966	8.179998258128762e-05	n/a	n/a	n/a	n/a	1	n/a
3	n/a	n/a	image	5544.535274099966	0.0	trigger	n/a	n/a	10	n/a	n/a	n/a	n/a	n/a	n/a	n/a	n/a
3	9	407	word	5545.29914409999	0.9494204666734731	word	Säge_german	n/a	110	5545.299170499959	2.6399968191981316e-05	n/a	n/a	n/a	n/a	1	n/a
3	n/a	n/a	word	5545.299170499959	0.0	trigger	n/a	n/a	110	n/a	n/a	n/a	n/a	n/a	n/a	n/a	n/a
3	9	407	possible_button_press	5546.800570499967	0.0	response	n/a	n/a	n/a	n/a	n/a	n/a	n/a	m	m	1	1
3	9	407	fix_cross_after_trial	5546.814878999954	0.9503715666978678	fixation cross	n/a	n/a	94	5546.814895699965	1.6700010746717453e-05	n/a	n/a	n/a	n/a	n/a	n/a
3	n/a	n/a	fix_cross_iti	5546.814895699965	0.0	trigger	n/a	n/a	94	n/a	n/a	n/a	n/a	n/a	n/a	n/a	n/a
3	9	408	image	5547.804289899999	0.7608330666589609	image	fish	fish_04.png	2	5547.804385299969	9.539996972307563e-05	n/a	n/a	n/a	n/a	1	n/a
3	n/a	n/a	image	5547.804385299969	0.0	trigger	n/a	n/a	2	n/a	n/a	n/a	n/a	n/a	n/a	n/a	n/a
3	9	408	word	5548.565750299953	0.8654907667114458	word	Fisch_german	n/a	102	5548.565792899986	4.2600033339113e-05	n/a	n/a	n/a	n/a	1	n/a
3	n/a	n/a	word	5548.565792899986	0.0	trigger	n/a	n/a	102	n/a	n/a	n/a	n/a	n/a	n/a	n/a	n/a
3	9	408	possible_button_press	5550.052574899979	0.0	response	n/a	n/a	n/a	n/a	n/a	n/a	n/a	m	m	1	1
3	9	408	fix_cross_after_trial	5550.064498599968	1.2328262666742376	fixation cross	n/a	n/a	94	5550.06453839998	3.980001201853156e-05	n/a	n/a	n/a	n/a	n/a	n/a
3	n/a	n/a	fix_cross_iti	5550.06453839998	0.0	trigger	n/a	n/a	94	n/a	n/a	n/a	n/a	n/a	n/a	n/a	n/a
3	9	409	image	5551.314931800007	0.7653658666567935	image	car	car_05.png	5	5551.315009199956	7.73999490775168e-05	n/a	n/a	n/a	n/a	1	n/a
3	n/a	n/a	image	5551.315009199956	0.0	trigger	n/a	n/a	5	n/a	n/a	n/a	n/a	n/a	n/a	n/a	n/a
3	9	409	word	5552.080352299963	0.949359166672366	word	Auto_german	n/a	105	5552.080392999982	4.0700018871575594e-05	n/a	n/a	n/a	n/a	1	n/a
3	n/a	n/a	word	5552.080392999982	0.0	trigger	n/a	n/a	105	n/a	n/a	n/a	n/a	n/a	n/a	n/a	n/a
3	9	409	possible_button_press	5553.5822613000055	0.0	response	n/a	n/a	n/a	n/a	n/a	n/a	n/a	m	m	1	1
3	9	409	fix_cross_after_trial	5553.596310499997	1.0662401666668302	fixation cross	n/a	n/a	94	5553.5963306999765	2.0199979189783335e-05	n/a	n/a	n/a	n/a	n/a	n/a
3	n/a	n/a	fix_cross_iti	5553.5963306999765	0.0	trigger	n/a	n/a	94	n/a	n/a	n/a	n/a	n/a	n/a	n/a	n/a
3	9	410	image	5554.681833699986	0.7639678666637337	image	rose	rose_09.png	9	5554.681956199987	0.00012250000145286322	n/a	n/a	n/a	n/a	1	n/a
3	n/a	n/a	image	5554.681956199987	0.0	trigger	n/a	n/a	9	n/a	n/a	n/a	n/a	n/a	n/a	n/a	n/a
3	9	410	word	5555.445886600006	0.9162217666198558	word	Rose_german	n/a	109	5555.445922899991	3.6299985367804766e-05	n/a	n/a	n/a	n/a	1	n/a
3	n/a	n/a	word	5555.445922899991	0.0	trigger	n/a	n/a	109	n/a	n/a	n/a	n/a	n/a	n/a	n/a	n/a
3	9	410	possible_button_press	5556.947550299985	0.0	response	n/a	n/a	n/a	n/a	n/a	n/a	n/a	m	m	1	1
3	9	410	fix_cross_after_trial	5556.961928999983	1.0493794666872418	fixation cross	n/a	n/a	94	5556.961952099984	2.3100001271814108e-05	n/a	n/a	n/a	n/a	n/a	n/a
3	n/a	n/a	fix_cross_iti	5556.961952099984	0.0	trigger	n/a	n/a	94	n/a	n/a	n/a	n/a	n/a	n/a	n/a	n/a
3	9	411	image	5558.029779799981	0.7651154666709772	image	door	door_02.png	4	5558.029856999987	7.720000576227903e-05	n/a	n/a	n/a	n/a	1	n/a
3	n/a	n/a	image	5558.029856999987	0.0	trigger	n/a	n/a	4	n/a	n/a	n/a	n/a	n/a	n/a	n/a	n/a
3	9	411	word	5558.79488989996	0.8321839667078166	word	Tür_german	n/a	104	5558.794926400005	3.650004509836435e-05	n/a	n/a	n/a	n/a	1	n/a
3	n/a	n/a	word	5558.794926400005	0.0	trigger	n/a	n/a	104	n/a	n/a	n/a	n/a	n/a	n/a	n/a	n/a
3	9	411	possible_button_press	5560.296709399961	0.0	response	n/a	n/a	n/a	n/a	n/a	n/a	n/a	m	m	1	1
3	9	411	fix_cross_after_trial	5560.310873399954	0.9164352666739433	fixation cross	n/a	n/a	94	5560.310897199961	2.3800006601959467e-05	n/a	n/a	n/a	n/a	n/a	n/a
3	n/a	n/a	fix_cross_iti	5560.310897199961	0.0	trigger	n/a	n/a	94	n/a	n/a	n/a	n/a	n/a	n/a	n/a	n/a
3	9	412	image	5561.418118499976	0.7593093666982895	image	ball	ball_07.png	6	5561.418214600009	9.61000332608819e-05	n/a	n/a	n/a	n/a	1	n/a
3	n/a	n/a	image	5561.418214600009	0.0	trigger	n/a	n/a	6	n/a	n/a	n/a	n/a	n/a	n/a	n/a	n/a
3	9	412	word	5562.177270199987	0.7821506666405185	word	Ball_german	n/a	106	5562.177304999961	3.479997394606471e-05	n/a	n/a	n/a	n/a	1	n/a
3	n/a	n/a	word	5562.177304999961	0.0	trigger	n/a	n/a	106	n/a	n/a	n/a	n/a	n/a	n/a	n/a	n/a
3	9	412	possible_button_press	5563.6789896999835	0.0	response	n/a	n/a	n/a	n/a	n/a	n/a	n/a	m	m	1	1
3	9	412	fix_cross_after_trial	5563.693096200004	0.9335767666379979	fixation cross	n/a	n/a	94	5563.693114499969	1.829996472224593e-05	n/a	n/a	n/a	n/a	n/a	n/a
3	n/a	n/a	fix_cross_iti	5563.693114499969	0.0	trigger	n/a	n/a	94	n/a	n/a	n/a	n/a	n/a	n/a	n/a	n/a
3	9	413	image	5564.646308599971	0.7629014666927105	image	dress	dress_10.png	3	5564.646391399961	8.279999019578099e-05	n/a	n/a	n/a	n/a	1	n/a
3	n/a	n/a	image	5564.646391399961	0.0	trigger	n/a	n/a	3	n/a	n/a	n/a	n/a	n/a	n/a	n/a	n/a
3	9	413	word	5565.409376800002	0.9495923666436283	word	Kleid_german	n/a	103	5565.40943	5.319999763742089e-05	n/a	n/a	n/a	n/a	1	n/a
3	n/a	n/a	word	5565.40943	0.0	trigger	n/a	n/a	103	n/a	n/a	n/a	n/a	n/a	n/a	n/a	n/a
3	9	413	possible_button_press	5566.895493399992	0.0	response	n/a	n/a	n/a	n/a	n/a	n/a	n/a	m	m	1	1
3	9	413	fix_cross_after_trial	5566.909140500007	0.8330139666250034	fixation cross	n/a	n/a	94	5566.909178900009	3.840000135824084e-05	n/a	n/a	n/a	n/a	n/a	n/a
3	n/a	n/a	fix_cross_iti	5566.909178900009	0.0	trigger	n/a	n/a	94	n/a	n/a	n/a	n/a	n/a	n/a	n/a	n/a
3	9	414	image	5567.7609930000035	0.7646577666200756	image	chair	chair_09.png	8	5567.761060799996	6.779999239370227e-05	n/a	n/a	n/a	n/a	1	n/a
3	n/a	n/a	image	5567.761060799996	0.0	trigger	n/a	n/a	8	n/a	n/a	n/a	n/a	n/a	n/a	n/a	n/a
3	9	414	word	5568.525647000002	0.9160965666560514	word	Stuhl_german	n/a	108	5568.525681699975	3.4699973184615374e-05	n/a	n/a	n/a	n/a	1	n/a
3	n/a	n/a	word	5568.525681699975	0.0	trigger	n/a	n/a	108	n/a	n/a	n/a	n/a	n/a	n/a	n/a	n/a
3	9	414	possible_button_press	5570.026837999991	0.0	response	n/a	n/a	n/a	n/a	n/a	n/a	n/a	m	m	1	1
3	9	414	fix_cross_after_trial	5570.041192299977	1.2163687666798069	fixation cross	n/a	n/a	94	5570.041211100004	1.880002673715353e-05	n/a	n/a	n/a	n/a	n/a	n/a
3	n/a	n/a	fix_cross_iti	5570.041211100004	0.0	trigger	n/a	n/a	94	n/a	n/a	n/a	n/a	n/a	n/a	n/a	n/a
3	9	415	image	5571.274863499973	0.7492988666672318	image	car	car_10.png	5	5571.274936400005	7.290003122761846e-05	n/a	n/a	n/a	n/a	1	n/a
3	n/a	n/a	image	5571.274936400005	0.0	trigger	n/a	n/a	5	n/a	n/a	n/a	n/a	n/a	n/a	n/a	n/a
3	9	415	word	5572.0239876999985	0.9331021666330344	word	Auto_german	n/a	105	5572.024025099992	3.739999374374747e-05	n/a	n/a	n/a	n/a	1	n/a
3	n/a	n/a	word	5572.024025099992	0.0	trigger	n/a	n/a	105	n/a	n/a	n/a	n/a	n/a	n/a	n/a	n/a
3	9	415	possible_button_press	5573.5268012000015	0.0	response	n/a	n/a	n/a	n/a	n/a	n/a	n/a	m	m	1	1
3	9	415	fix_cross_after_trial	5573.540267399978	0.7663389666740841	fixation cross	n/a	n/a	94	5573.540293900005	2.6500027161091566e-05	n/a	n/a	n/a	n/a	n/a	n/a
3	n/a	n/a	fix_cross_iti	5573.540293900005	0.0	trigger	n/a	n/a	94	n/a	n/a	n/a	n/a	n/a	n/a	n/a	n/a
3	9	416	image	5574.3255209999625	0.7640108667001186	image	book	book_03.png	7	5574.325605499966	8.450000314041972e-05	n/a	n/a	n/a	n/a	1	n/a
3	n/a	n/a	image	5574.325605499966	0.0	trigger	n/a	n/a	7	n/a	n/a	n/a	n/a	n/a	n/a	n/a	n/a
3	9	416	word	5575.089566099981	0.8825531666552706	word	Buch_german	n/a	107	5575.089592999953	2.6899971999228e-05	n/a	n/a	n/a	n/a	1	n/a
3	n/a	n/a	word	5575.089592999953	0.0	trigger	n/a	n/a	107	n/a	n/a	n/a	n/a	n/a	n/a	n/a	n/a
3	9	416	possible_button_press	5576.591969100002	0.0	response	n/a	n/a	n/a	n/a	n/a	n/a	n/a	m	m	1	1
3	9	416	fix_cross_after_trial	5576.60578459996	0.7827793667129299	fixation cross	n/a	n/a	94	5576.605813000002	2.840004162862897e-05	n/a	n/a	n/a	n/a	n/a	n/a
3	n/a	n/a	fix_cross_iti	5576.605813000002	0.0	trigger	n/a	n/a	94	n/a	n/a	n/a	n/a	n/a	n/a	n/a	n/a
3	9	417	image	5577.408065799973	0.7640676666669606	image	chair	chair_04.png	8	5577.408142599976	7.680000271648169e-05	n/a	n/a	n/a	n/a	1	n/a
3	n/a	n/a	image	5577.408142599976	0.0	trigger	n/a	n/a	8	n/a	n/a	n/a	n/a	n/a	n/a	n/a	n/a
3	9	417	word	5578.172003399988	0.9322526666837803	word	Stuhl_german	n/a	108	5578.172031499969	2.8099981136620045e-05	n/a	n/a	n/a	n/a	1	n/a
3	n/a	n/a	word	5578.172031499969	0.0	trigger	n/a	n/a	108	n/a	n/a	n/a	n/a	n/a	n/a	n/a	n/a
3	9	417	possible_button_press	5579.674348599976	0.0	response	n/a	n/a	n/a	n/a	n/a	n/a	n/a	m	m	1	1
3	9	417	fix_cross_after_trial	5579.688376299979	1.1992204666639736	fixation cross	n/a	n/a	94	5579.688407799986	3.15000070258975e-05	n/a	n/a	n/a	n/a	n/a	n/a
3	n/a	n/a	fix_cross_iti	5579.688407799986	0.0	trigger	n/a	n/a	94	n/a	n/a	n/a	n/a	n/a	n/a	n/a	n/a
3	9	418	image	5580.906320000009	0.7648576666288136	image	rose	rose_07.png	9	5580.9063878000015	6.779999239370227e-05	n/a	n/a	n/a	n/a	1	n/a
3	n/a	n/a	image	5580.9063878000015	0.0	trigger	n/a	n/a	9	n/a	n/a	n/a	n/a	n/a	n/a	n/a	n/a
3	9	418	word	5581.671016999986	0.9322385666346236	word	Rose_german	n/a	109	5581.671060199966	4.3199979700148106e-05	n/a	n/a	n/a	n/a	1	n/a
3	n/a	n/a	word	5581.671060199966	0.0	trigger	n/a	n/a	109	n/a	n/a	n/a	n/a	n/a	n/a	n/a	n/a
3	9	418	possible_button_press	5583.172710099956	0.0	response	n/a	n/a	n/a	n/a	n/a	n/a	n/a	m	m	1	1
3	9	418	fix_cross_after_trial	5583.187132199993	1.0993116666832066	fixation cross	n/a	n/a	94	5583.187161699985	2.9499991796910763e-05	n/a	n/a	n/a	n/a	n/a	n/a
3	n/a	n/a	fix_cross_iti	5583.187161699985	0.0	trigger	n/a	n/a	94	n/a	n/a	n/a	n/a	n/a	n/a	n/a	n/a
3	9	419	image	5584.3052811999805	0.7646401666606835	image	book	book_02.png	7	5584.305350199982	6.900000153109431e-05	n/a	n/a	n/a	n/a	0	n/a
3	n/a	n/a	image	5584.305350199982	0.0	trigger	n/a	n/a	7	n/a	n/a	n/a	n/a	n/a	n/a	n/a	n/a
3	9	419	word	5585.069819699973	0.9489165666782355	word	Kleid_german	n/a	103	5585.069846900005	2.7200032491236925e-05	n/a	n/a	n/a	n/a	0	n/a
3	n/a	n/a	word	5585.069846900005	0.0	trigger	n/a	n/a	103	n/a	n/a	n/a	n/a	n/a	n/a	n/a	n/a
3	9	419	feedback	5586.5861684999545	0.0	trigger	n/a	n/a	96	n/a	n/a	n/a	n/a	n/a	n/a	n/a	n/a
3	9	419	possible_button_press	5586.788061600004	0.0	response	n/a	n/a	n/a	n/a	n/a	n/a	n/a	m	r	0	0
3	9	419	fix_cross_after_trial	5586.802446499991	0.8005513666466868	fixation cross	n/a	n/a	94	5586.802473599964	2.7099973522126675e-05	n/a	n/a	n/a	n/a	n/a	n/a
3	n/a	n/a	fix_cross_iti	5586.802473599964	0.0	trigger	n/a	n/a	94	n/a	n/a	n/a	n/a	n/a	n/a	n/a	n/a
3	9	420	image	5587.656724500004	0.7619873666590138	image	fish	fish_09.png	2	5587.65681309998	8.859997615218163e-05	n/a	n/a	n/a	n/a	1	n/a
3	n/a	n/a	image	5587.65681309998	0.0	trigger	n/a	n/a	2	n/a	n/a	n/a	n/a	n/a	n/a	n/a	n/a
3	9	420	word	5588.418678199989	0.8661217666849552	word	Fisch_german	n/a	102	5588.418704899959	2.6699970476329327e-05	n/a	n/a	n/a	n/a	1	n/a
3	n/a	n/a	word	5588.418704899959	0.0	trigger	n/a	n/a	102	n/a	n/a	n/a	n/a	n/a	n/a	n/a	n/a
3	9	420	possible_button_press	5589.920047399995	0.0	response	n/a	n/a	n/a	n/a	n/a	n/a	n/a	m	m	1	1
3	9	420	fix_cross_after_trial	5589.934745499981	1.0665513666499464	fixation cross	n/a	n/a	94	5589.934770399996	2.4900014977902174e-05	n/a	n/a	n/a	n/a	n/a	n/a
3	n/a	n/a	fix_cross_iti	5589.934770399996	0.0	trigger	n/a	n/a	94	n/a	n/a	n/a	n/a	n/a	n/a	n/a	n/a
3	9	421	image	5591.020179999992	0.7640102666373423	image	dress	dress_06.png	3	5591.020259399957	7.939996430650353e-05	n/a	n/a	n/a	n/a	1	n/a
3	n/a	n/a	image	5591.020259399957	0.0	trigger	n/a	n/a	3	n/a	n/a	n/a	n/a	n/a	n/a	n/a	n/a
3	9	421	word	5591.784139299998	0.9497517666350177	word	Kleid_german	n/a	103	5591.784164699959	2.5399960577487946e-05	n/a	n/a	n/a	n/a	1	n/a
3	n/a	n/a	word	5591.784164699959	0.0	trigger	n/a	n/a	103	n/a	n/a	n/a	n/a	n/a	n/a	n/a	n/a
3	9	421	possible_button_press	5593.270049999992	0.0	response	n/a	n/a	n/a	n/a	n/a	n/a	n/a	m	m	1	1
3	9	421	fix_cross_after_trial	5593.28482120001	1.2327073666419892	fixation cross	n/a	n/a	94	5593.284858200001	3.6999990697950125e-05	n/a	n/a	n/a	n/a	n/a	n/a
3	n/a	n/a	fix_cross_iti	5593.284858200001	0.0	trigger	n/a	n/a	94	n/a	n/a	n/a	n/a	n/a	n/a	n/a	n/a
3	9	422	image	5594.535241200007	0.7650168666186801	image	ball	ball_01.png	6	5594.5353215999785	8.03999719209969e-05	n/a	n/a	n/a	n/a	0	n/a
3	n/a	n/a	image	5594.5353215999785	0.0	trigger	n/a	n/a	6	n/a	n/a	n/a	n/a	n/a	n/a	n/a	n/a
3	9	422	word	5595.3002309	0.8663263666712737	word	Buch_german	n/a	107	5595.300267399987	3.649998689070344e-05	n/a	n/a	n/a	n/a	0	n/a
3	n/a	n/a	word	5595.300267399987	0.0	trigger	n/a	n/a	107	n/a	n/a	n/a	n/a	n/a	n/a	n/a	n/a
3	9	422	feedback	5596.815815799986	0.0	trigger	n/a	n/a	96	n/a	n/a	n/a	n/a	n/a	n/a	n/a	n/a
3	9	422	possible_button_press	5597.002998199954	0.0	response	n/a	n/a	n/a	n/a	n/a	n/a	n/a	m	r	0	0
3	9	422	fix_cross_after_trial	5597.016396599996	0.882709666624578	fixation cross	n/a	n/a	94	5597.01643139997	3.479997394606471e-05	n/a	n/a	n/a	n/a	n/a	n/a
3	n/a	n/a	fix_cross_iti	5597.01643139997	0.0	trigger	n/a	n/a	94	n/a	n/a	n/a	n/a	n/a	n/a	n/a	n/a
3	9	423	image	5597.937888199987	0.7614564666328079	image	fish	fish_08.png	2	5597.937978799979	9.059999138116837e-05	n/a	n/a	n/a	n/a	1	n/a
3	n/a	n/a	image	5597.937978799979	0.0	trigger	n/a	n/a	2	n/a	n/a	n/a	n/a	n/a	n/a	n/a	n/a
3	9	423	word	5598.699378099991	0.881760366672097	word	Fisch_german	n/a	102	5598.69941489998	3.679998917505145e-05	n/a	n/a	n/a	n/a	1	n/a
3	n/a	n/a	word	5598.69941489998	0.0	trigger	n/a	n/a	102	n/a	n/a	n/a	n/a	n/a	n/a	n/a	n/a
3	9	423	possible_button_press	5600.200795099954	0.0	response	n/a	n/a	n/a	n/a	n/a	n/a	n/a	m	m	1	1
3	9	423	fix_cross_after_trial	5600.215126099996	0.999938866651064	fixation cross	n/a	n/a	94	5600.2151495	2.340000355616212e-05	n/a	n/a	n/a	n/a	n/a	n/a
3	n/a	n/a	fix_cross_iti	5600.2151495	0.0	trigger	n/a	n/a	94	n/a	n/a	n/a	n/a	n/a	n/a	n/a	n/a
3	9	424	image	5601.251364999975	0.7630753666780947	image	door	door_03.png	4	5601.251441199973	7.619999814778566e-05	n/a	n/a	n/a	n/a	1	n/a
3	n/a	n/a	image	5601.251441199973	0.0	trigger	n/a	n/a	4	n/a	n/a	n/a	n/a	n/a	n/a	n/a	n/a
3	9	424	word	5602.01445670001	0.8324326666224806	word	Tür_german	n/a	104	5602.014485199994	2.8499984182417393e-05	n/a	n/a	n/a	n/a	1	n/a
3	n/a	n/a	word	5602.014485199994	0.0	trigger	n/a	n/a	104	n/a	n/a	n/a	n/a	n/a	n/a	n/a	n/a
3	9	424	possible_button_press	5603.515970999957	0.0	response	n/a	n/a	n/a	n/a	n/a	n/a	n/a	m	m	1	1
3	9	424	fix_cross_after_trial	5603.530465399963	1.0831941666583589	fixation cross	n/a	n/a	94	5603.530484399991	1.9000028260052204e-05	n/a	n/a	n/a	n/a	n/a	n/a
3	n/a	n/a	fix_cross_iti	5603.530484399991	0.0	trigger	n/a	n/a	94	n/a	n/a	n/a	n/a	n/a	n/a	n/a	n/a
3	9	425	image	5604.632721900009	0.7641536666233151	image	saw	saw_02.png	10	5604.632828200003	0.00010629999451339245	n/a	n/a	n/a	n/a	1	n/a
3	n/a	n/a	image	5604.632828200003	0.0	trigger	n/a	n/a	10	n/a	n/a	n/a	n/a	n/a	n/a	n/a	n/a
3	9	425	word	5605.396771800006	0.9496122666205338	word	Säge_german	n/a	110	5605.396806999983	3.519997699186206e-05	n/a	n/a	n/a	n/a	1	n/a
3	n/a	n/a	word	5605.396806999983	0.0	trigger	n/a	n/a	110	n/a	n/a	n/a	n/a	n/a	n/a	n/a	n/a
3	9	425	possible_button_press	5606.900068999967	0.0	response	n/a	n/a	n/a	n/a	n/a	n/a	n/a	m	m	1	1
3	9	425	fix_cross_after_trial	5606.913108999957	0.8828877667001507	fixation cross	n/a	n/a	94	5606.9131441999925	3.520003519952297e-05	n/a	n/a	n/a	n/a	n/a	n/a
3	n/a	n/a	fix_cross_iti	5606.9131441999925	0.0	trigger	n/a	n/a	94	n/a	n/a	n/a	n/a	n/a	n/a	n/a	n/a
3	9	426	image	5607.835528099968	0.760546866691584	image	chair	chair_08.png	8	5607.835605999979	7.790001109242439e-05	n/a	n/a	n/a	n/a	1	n/a
3	n/a	n/a	image	5607.835605999979	0.0	trigger	n/a	n/a	8	n/a	n/a	n/a	n/a	n/a	n/a	n/a	n/a
3	9	426	word	5608.596210899996	0.9320183666459343	word	Stuhl_german	n/a	108	5608.596255199984	4.429998807609081e-05	n/a	n/a	n/a	n/a	1	n/a
3	n/a	n/a	word	5608.596255199984	0.0	trigger	n/a	n/a	108	n/a	n/a	n/a	n/a	n/a	n/a	n/a	n/a
3	9	426	possible_button_press	5610.098422699957	0.0	response	n/a	n/a	n/a	n/a	n/a	n/a	n/a	m	m	1	1
3	9	426	fix_cross_after_trial	5610.112286599993	1.0490403666663042	fixation cross	n/a	n/a	94	5610.112321399967	3.479997394606471e-05	n/a	n/a	n/a	n/a	n/a	n/a
3	n/a	n/a	fix_cross_iti	5610.112321399967	0.0	trigger	n/a	n/a	94	n/a	n/a	n/a	n/a	n/a	n/a	n/a	n/a
3	9	427	image	5611.179888199957	0.7647171666649228	image	dress	dress_05.png	3	5611.1799578999635	6.970000686123967e-05	n/a	n/a	n/a	n/a	1	n/a
3	n/a	n/a	image	5611.1799578999635	0.0	trigger	n/a	n/a	3	n/a	n/a	n/a	n/a	n/a	n/a	n/a	n/a
3	9	427	word	5611.944608699996	0.9490068666673324	word	Kleid_german	n/a	103	5611.94463719998	2.8499984182417393e-05	n/a	n/a	n/a	n/a	1	n/a
3	n/a	n/a	word	5611.94463719998	0.0	trigger	n/a	n/a	103	n/a	n/a	n/a	n/a	n/a	n/a	n/a	n/a
3	9	427	possible_button_press	5613.447337999998	0.0	response	n/a	n/a	n/a	n/a	n/a	n/a	n/a	m	m	1	1
3	9	427	fix_cross_after_trial	5613.461092099955	1.1658498666984087	fixation cross	n/a	n/a	94	5613.461123899964	3.1800009310245514e-05	n/a	n/a	n/a	n/a	n/a	n/a
3	n/a	n/a	fix_cross_iti	5613.461123899964	0.0	trigger	n/a	n/a	94	n/a	n/a	n/a	n/a	n/a	n/a	n/a	n/a
3	9	428	image	5614.646353799966	0.7640713666951342	image	car	car_03.png	5	5614.646446799976	9.300000965595245e-05	n/a	n/a	n/a	n/a	1	n/a
3	n/a	n/a	image	5614.646446799976	0.0	trigger	n/a	n/a	5	n/a	n/a	n/a	n/a	n/a	n/a	n/a	n/a
3	9	428	word	5615.410522199993	0.9489354666475265	word	Auto_german	n/a	105	5615.4105673999875	4.5199994929134846e-05	n/a	n/a	n/a	n/a	1	n/a
3	n/a	n/a	word	5615.4105673999875	0.0	trigger	n/a	n/a	105	n/a	n/a	n/a	n/a	n/a	n/a	n/a	n/a
3	9	428	possible_button_press	5616.912453399971	0.0	response	n/a	n/a	n/a	n/a	n/a	n/a	n/a	m	m	1	1
3	9	428	fix_cross_after_trial	5616.926262299996	0.9333274666605575	fixation cross	n/a	n/a	94	5616.926296899968	3.4599972423166037e-05	n/a	n/a	n/a	n/a	n/a	n/a
3	n/a	n/a	fix_cross_iti	5616.926296899968	0.0	trigger	n/a	n/a	94	n/a	n/a	n/a	n/a	n/a	n/a	n/a	n/a
3	9	429	image	5617.877702299971	0.7651443666582054	image	bag	bag_10.png	1	5617.877777699963	7.539999205619097e-05	n/a	n/a	n/a	n/a	1	n/a
3	n/a	n/a	image	5617.877777699963	0.0	trigger	n/a	n/a	1	n/a	n/a	n/a	n/a	n/a	n/a	n/a	n/a
3	9	429	word	5618.64269269997	0.8987508666505164	word	Tasche_german	n/a	101	5618.64273719996	4.449998959898949e-05	n/a	n/a	n/a	n/a	1	n/a
3	n/a	n/a	word	5618.64273719996	0.0	trigger	n/a	n/a	101	n/a	n/a	n/a	n/a	n/a	n/a	n/a	n/a
3	9	429	possible_button_press	5620.145037799957	0.0	response	n/a	n/a	n/a	n/a	n/a	n/a	n/a	m	m	1	1
3	9	429	fix_cross_after_trial	5620.158869499981	1.1329718666420376	fixation cross	n/a	n/a	94	5620.158899599977	3.0099996365606785e-05	n/a	n/a	n/a	n/a	n/a	n/a
3	n/a	n/a	fix_cross_iti	5620.158899599977	0.0	trigger	n/a	n/a	94	n/a	n/a	n/a	n/a	n/a	n/a	n/a	n/a
3	9	430	image	5621.311088299961	0.7638153666666767	image	saw	saw_08.png	10	5621.3111667999765	7.850001566112041e-05	n/a	n/a	n/a	n/a	1	n/a
3	n/a	n/a	image	5621.3111667999765	0.0	trigger	n/a	n/a	10	n/a	n/a	n/a	n/a	n/a	n/a	n/a	n/a
3	9	430	word	5622.074902399967	0.9495241667063965	word	Säge_german	n/a	110	5622.074936099991	3.370002377778292e-05	n/a	n/a	n/a	n/a	1	n/a
3	n/a	n/a	word	5622.074936099991	0.0	trigger	n/a	n/a	110	n/a	n/a	n/a	n/a	n/a	n/a	n/a	n/a
3	9	430	possible_button_press	5623.577740799985	0.0	response	n/a	n/a	n/a	n/a	n/a	n/a	n/a	m	m	1	1
3	9	430	fix_cross_after_trial	5623.590393999999	1.0848623666715866	fixation cross	n/a	n/a	94	5623.590427799965	3.379996633157134e-05	n/a	n/a	n/a	n/a	n/a	n/a
3	n/a	n/a	fix_cross_iti	5623.590427799965	0.0	trigger	n/a	n/a	94	n/a	n/a	n/a	n/a	n/a	n/a	n/a	n/a
3	9	431	image	5624.711225599982	0.7630102666480525	image	rose	rose_08.png	9	5624.711323599971	9.799998952075839e-05	n/a	n/a	n/a	n/a	0	n/a
3	n/a	n/a	image	5624.711323599971	0.0	trigger	n/a	n/a	9	n/a	n/a	n/a	n/a	n/a	n/a	n/a	n/a
3	9	431	word	5625.473927199957	0.8824221667055099	word	Fisch_german	n/a	102	5625.47396480001	3.760005347430706e-05	n/a	n/a	n/a	n/a	0	n/a
3	n/a	n/a	word	5625.47396480001	0.0	trigger	n/a	n/a	102	n/a	n/a	n/a	n/a	n/a	n/a	n/a	n/a
3	9	431	feedback	5626.990019799967	0.0	trigger	n/a	n/a	96	n/a	n/a	n/a	n/a	n/a	n/a	n/a	n/a
3	9	431	possible_button_press	5627.192666699993	0.0	response	n/a	n/a	n/a	n/a	n/a	n/a	n/a	m	r	0	0
3	9	431	fix_cross_after_trial	5627.206870800001	1.1324338666199765	fixation cross	n/a	n/a	94	5627.206907199987	3.63999861292541e-05	n/a	n/a	n/a	n/a	n/a	n/a
3	n/a	n/a	fix_cross_iti	5627.206907199987	0.0	trigger	n/a	n/a	94	n/a	n/a	n/a	n/a	n/a	n/a	n/a	n/a
3	9	432	image	5628.340075999964	0.7490847666667833	image	book	book_07.png	7	5628.340138499974	6.250001024454832e-05	n/a	n/a	n/a	n/a	1	n/a
3	n/a	n/a	image	5628.340138499974	0.0	trigger	n/a	n/a	7	n/a	n/a	n/a	n/a	n/a	n/a	n/a	n/a
3	9	432	word	5629.08941299998	0.8826426666964835	word	Buch_german	n/a	107	5629.089452999993	4.0000013541430235e-05	n/a	n/a	n/a	n/a	1	n/a
3	n/a	n/a	word	5629.089452999993	0.0	trigger	n/a	n/a	107	n/a	n/a	n/a	n/a	n/a	n/a	n/a	n/a
3	9	432	possible_button_press	5630.590724399954	0.0	response	n/a	n/a	n/a	n/a	n/a	n/a	n/a	m	m	1	1
3	9	432	fix_cross_after_trial	5630.60577319999	1.0326145666804223	fixation cross	n/a	n/a	94	5630.605801899976	2.8699985705316067e-05	n/a	n/a	n/a	n/a	n/a	n/a
3	n/a	n/a	fix_cross_iti	5630.605801899976	0.0	trigger	n/a	n/a	94	n/a	n/a	n/a	n/a	n/a	n/a	n/a	n/a
3	9	433	image	5631.656970199954	0.7646766667057818	image	door	door_04.png	4	5631.657042899984	7.270002970471978e-05	n/a	n/a	n/a	n/a	1	n/a
3	n/a	n/a	image	5631.657042899984	0.0	trigger	n/a	n/a	4	n/a	n/a	n/a	n/a	n/a	n/a	n/a	n/a
3	9	433	word	5632.4215120999725	0.8165590666503704	word	Tür_german	n/a	104	5632.421537899994	2.5800021830946207e-05	n/a	n/a	n/a	n/a	1	n/a
3	n/a	n/a	word	5632.421537899994	0.0	trigger	n/a	n/a	104	n/a	n/a	n/a	n/a	n/a	n/a	n/a	n/a
3	9	433	possible_button_press	5633.923278399976	0.0	response	n/a	n/a	n/a	n/a	n/a	n/a	n/a	m	m	1	1
3	9	433	fix_cross_after_trial	5633.937720299989	1.0829963666656113	fixation cross	n/a	n/a	94	5633.937739899964	1.9599974621087313e-05	n/a	n/a	n/a	n/a	n/a	n/a
3	n/a	n/a	fix_cross_iti	5633.937739899964	0.0	trigger	n/a	n/a	94	n/a	n/a	n/a	n/a	n/a	n/a	n/a	n/a
3	9	434	image	5635.0576490999665	0.7632976666827744	image	ball	ball_05.png	6	5635.057730500004	8.140003774315119e-05	n/a	n/a	n/a	n/a	1	n/a
3	n/a	n/a	image	5635.057730500004	0.0	trigger	n/a	n/a	6	n/a	n/a	n/a	n/a	n/a	n/a	n/a	n/a
3	9	434	word	5635.820652799972	0.7820509666962607	word	Ball_german	n/a	106	5635.820707199979	5.440000677481294e-05	n/a	n/a	n/a	n/a	1	n/a
3	n/a	n/a	word	5635.820707199979	0.0	trigger	n/a	n/a	106	n/a	n/a	n/a	n/a	n/a	n/a	n/a	n/a
3	9	434	possible_button_press	5637.322175399982	0.0	response	n/a	n/a	n/a	n/a	n/a	n/a	n/a	m	m	1	1
3	9	434	fix_cross_after_trial	5637.33643039997	1.133097166664811	fixation cross	n/a	n/a	94	5637.336447799986	1.7400016076862812e-05	n/a	n/a	n/a	n/a	n/a	n/a
3	n/a	n/a	fix_cross_iti	5637.336447799986	0.0	trigger	n/a	n/a	94	n/a	n/a	n/a	n/a	n/a	n/a	n/a	n/a
3	9	435	image	5638.489156699972	0.7639440666571318	image	car	car_09.png	5	5638.489234999986	7.830001413822174e-05	n/a	n/a	n/a	n/a	1	n/a
3	n/a	n/a	image	5638.489234999986	0.0	trigger	n/a	n/a	5	n/a	n/a	n/a	n/a	n/a	n/a	n/a	n/a
3	9	435	word	5639.253308999992	0.949001666627737	word	Auto_german	n/a	105	5639.253353099979	4.409998655319214e-05	n/a	n/a	n/a	n/a	1	n/a
3	n/a	n/a	word	5639.253353099979	0.0	trigger	n/a	n/a	105	n/a	n/a	n/a	n/a	n/a	n/a	n/a	n/a
3	9	435	possible_button_press	5640.755630499974	0.0	response	n/a	n/a	n/a	n/a	n/a	n/a	n/a	m	m	1	1
3	9	435	fix_cross_after_trial	5640.769023299974	1.032912666680204	fixation cross	n/a	n/a	94	5640.769061299972	3.7999998312443495e-05	n/a	n/a	n/a	n/a	n/a	n/a
3	n/a	n/a	fix_cross_iti	5640.769061299972	0.0	trigger	n/a	n/a	94	n/a	n/a	n/a	n/a	n/a	n/a	n/a	n/a
3	9	436	image	5641.820690699969	0.7641091666919237	image	bag	bag_05.png	1	5641.820774299966	8.359999628737569e-05	n/a	n/a	n/a	n/a	1	n/a
3	n/a	n/a	image	5641.820774299966	0.0	trigger	n/a	n/a	1	n/a	n/a	n/a	n/a	n/a	n/a	n/a	n/a
3	9	436	word	5642.584826699982	0.899339166648133	word	Tasche_german	n/a	101	5642.58485069999	2.400000812485814e-05	n/a	n/a	n/a	n/a	1	n/a
3	n/a	n/a	word	5642.58485069999	0.0	trigger	n/a	n/a	101	n/a	n/a	n/a	n/a	n/a	n/a	n/a	n/a
3	9	436	possible_button_press	5644.087225999974	0.0	response	n/a	n/a	n/a	n/a	n/a	n/a	n/a	m	m	1	1
3	9	436	fix_cross_after_trial	5644.101366999967	1.115942066655407	fixation cross	n/a	n/a	94	5644.1013997999835	3.2800016924738884e-05	n/a	n/a	n/a	n/a	n/a	n/a
3	n/a	n/a	fix_cross_iti	5644.1013997999835	0.0	trigger	n/a	n/a	94	n/a	n/a	n/a	n/a	n/a	n/a	n/a	n/a
3	9	437	image	5645.2956188999815	0.7551014666714764	image	fish	fish_02.png	2	5645.295826499991	0.00020760000916197896	n/a	n/a	n/a	n/a	1	n/a
3	n/a	n/a	image	5645.295826499991	0.0	trigger	n/a	n/a	2	n/a	n/a	n/a	n/a	n/a	n/a	n/a	n/a
3	9	437	word	5646.050622899958	0.8663673666924296	word	Fisch_german	n/a	102	5646.050655499974	3.260001540184021e-05	n/a	n/a	n/a	n/a	1	n/a
3	n/a	n/a	word	5646.050655499974	0.0	trigger	n/a	n/a	102	n/a	n/a	n/a	n/a	n/a	n/a	n/a	n/a
3	9	437	possible_button_press	5647.552500799997	0.0	response	n/a	n/a	n/a	n/a	n/a	n/a	n/a	m	m	1	1
3	9	437	fix_cross_after_trial	5647.566551800002	1.1330591666664986	fixation cross	n/a	n/a	94	5647.5665736999945	2.1899992134422064e-05	n/a	n/a	n/a	n/a	n/a	n/a
3	n/a	n/a	fix_cross_iti	5647.5665736999945	0.0	trigger	n/a	n/a	94	n/a	n/a	n/a	n/a	n/a	n/a	n/a	n/a
3	9	438	image	5648.7361055999645	0.7632614666981681	image	dress	dress_03.png	3	5648.736180999957	7.539999205619097e-05	n/a	n/a	n/a	n/a	1	n/a
3	n/a	n/a	image	5648.736180999957	0.0	trigger	n/a	n/a	3	n/a	n/a	n/a	n/a	n/a	n/a	n/a	n/a
3	9	438	word	5649.499561099976	0.9491224666744529	word	Kleid_german	n/a	103	5649.499599099974	3.7999998312443495e-05	n/a	n/a	n/a	n/a	1	n/a
3	n/a	n/a	word	5649.499599099974	0.0	trigger	n/a	n/a	103	n/a	n/a	n/a	n/a	n/a	n/a	n/a	n/a
3	9	438	possible_button_press	5651.001340299961	0.0	response	n/a	n/a	n/a	n/a	n/a	n/a	n/a	m	m	1	1
3	9	438	fix_cross_after_trial	5651.0154812999535	1.199736266691616	fixation cross	n/a	n/a	94	5651.0155016999925	2.0400038920342922e-05	n/a	n/a	n/a	n/a	n/a	n/a
3	n/a	n/a	fix_cross_iti	5651.0155016999925	0.0	trigger	n/a	n/a	94	n/a	n/a	n/a	n/a	n/a	n/a	n/a	n/a
3	9	439	image	5652.233088199981	0.7653591666639841	image	saw	saw_09.png	10	5652.233166199992	7.800001185387373e-05	n/a	n/a	n/a	n/a	1	n/a
3	n/a	n/a	image	5652.233166199992	0.0	trigger	n/a	n/a	10	n/a	n/a	n/a	n/a	n/a	n/a	n/a	n/a
3	9	439	word	5652.9984271999565	0.9489237666748522	word	Säge_german	n/a	110	5652.998471700004	4.45000478066504e-05	n/a	n/a	n/a	n/a	1	n/a
3	n/a	n/a	word	5652.998471700004	0.0	trigger	n/a	n/a	110	n/a	n/a	n/a	n/a	n/a	n/a	n/a	n/a
3	9	439	possible_button_press	5654.501090299978	0.0	response	n/a	n/a	n/a	n/a	n/a	n/a	n/a	m	m	1	1
3	9	439	fix_cross_after_trial	5654.51501480001	1.04935896664756	fixation cross	n/a	n/a	94	5654.515040199971	2.5399960577487946e-05	n/a	n/a	n/a	n/a	n/a	n/a
3	n/a	n/a	fix_cross_iti	5654.515040199971	0.0	trigger	n/a	n/a	94	n/a	n/a	n/a	n/a	n/a	n/a	n/a	n/a
3	9	440	image	5655.58293069998	0.7645951666672772	image	rose	rose_01.png	9	5655.583007699985	7.700000423938036e-05	n/a	n/a	n/a	n/a	1	n/a
3	n/a	n/a	image	5655.583007699985	0.0	trigger	n/a	n/a	9	n/a	n/a	n/a	n/a	n/a	n/a	n/a	n/a
3	9	440	word	5656.348109299957	0.9166567666725314	word	Rose_german	n/a	109	5656.34815179999	4.250003257766366e-05	n/a	n/a	n/a	n/a	1	n/a
3	n/a	n/a	word	5656.34815179999	0.0	trigger	n/a	n/a	109	n/a	n/a	n/a	n/a	n/a	n/a	n/a	n/a
3	9	440	possible_button_press	5657.849723999971	0.0	response	n/a	n/a	n/a	n/a	n/a	n/a	n/a	m	m	1	1
3	9	440	fix_cross_after_trial	5657.863777399994	1.0828632666416524	fixation cross	n/a	n/a	94	5657.863802200009	2.4800014216452837e-05	n/a	n/a	n/a	n/a	n/a	n/a
3	n/a	n/a	fix_cross_iti	5657.863802200009	0.0	trigger	n/a	n/a	94	n/a	n/a	n/a	n/a	n/a	n/a	n/a	n/a
3	9	441	image	5658.964870299969	0.7648727666855848	image	bag	bag_01.png	1	5658.964945599961	7.529999129474163e-05	n/a	n/a	n/a	n/a	1	n/a
3	n/a	n/a	image	5658.964945599961	0.0	trigger	n/a	n/a	1	n/a	n/a	n/a	n/a	n/a	n/a	n/a	n/a
3	9	441	word	5659.729901599989	0.899700166661205	word	Tasche_german	n/a	101	5659.729932899994	3.130000550299883e-05	n/a	n/a	n/a	n/a	1	n/a
3	n/a	n/a	word	5659.729932899994	0.0	trigger	n/a	n/a	101	n/a	n/a	n/a	n/a	n/a	n/a	n/a	n/a
3	9	441	possible_button_press	5661.231570999953	0.0	response	n/a	n/a	n/a	n/a	n/a	n/a	n/a	m	m	1	1
3	9	441	fix_cross_after_trial	5661.24566429999	1.1828580666369817	fixation cross	n/a	n/a	94	5661.245681900007	1.7600017599761486e-05	n/a	n/a	n/a	n/a	n/a	n/a
3	n/a	n/a	fix_cross_iti	5661.245681900007	0.0	trigger	n/a	n/a	94	n/a	n/a	n/a	n/a	n/a	n/a	n/a	n/a
3	9	442	image	5662.447394299961	0.7643460666913597	image	rose	rose_06.png	9	5662.4474662999855	7.200002437457442e-05	n/a	n/a	n/a	n/a	1	n/a
3	n/a	n/a	image	5662.4474662999855	0.0	trigger	n/a	n/a	9	n/a	n/a	n/a	n/a	n/a	n/a	n/a	n/a
3	9	442	word	5663.211778600002	0.9164337666625215	word	Rose_german	n/a	109	5663.211812899972	3.4299970138818026e-05	n/a	n/a	n/a	n/a	1	n/a
3	n/a	n/a	word	5663.211812899972	0.0	trigger	n/a	n/a	109	n/a	n/a	n/a	n/a	n/a	n/a	n/a	n/a
3	9	442	possible_button_press	5664.714102400001	0.0	response	n/a	n/a	n/a	n/a	n/a	n/a	n/a	m	m	1	1
3	9	442	fix_cross_after_trial	5664.728254099959	0.8827197667014843	fixation cross	n/a	n/a	94	5664.728282199998	2.8100039344280958e-05	n/a	n/a	n/a	n/a	n/a	n/a
3	n/a	n/a	fix_cross_iti	5664.728282199998	0.0	trigger	n/a	n/a	94	n/a	n/a	n/a	n/a	n/a	n/a	n/a	n/a
3	9	443	image	5665.628514899989	0.7655156666332914	image	door	door_10.png	4	5665.6285762999905	6.140000186860561e-05	n/a	n/a	n/a	n/a	1	n/a
3	n/a	n/a	image	5665.6285762999905	0.0	trigger	n/a	n/a	4	n/a	n/a	n/a	n/a	n/a	n/a	n/a	n/a
3	9	443	word	5666.393978799984	0.8324976666517614	word	Tür_german	n/a	104	5666.394003499998	2.47000134550035e-05	n/a	n/a	n/a	n/a	1	n/a
3	n/a	n/a	word	5666.394003499998	0.0	trigger	n/a	n/a	104	n/a	n/a	n/a	n/a	n/a	n/a	n/a	n/a
3	9	443	possible_button_press	5667.895751499978	0.0	response	n/a	n/a	n/a	n/a	n/a	n/a	n/a	m	m	1	1
3	9	443	fix_cross_after_trial	5667.910195899953	1.0665376667202509	fixation cross	n/a	n/a	94	5667.910218799952	2.2899999748915434e-05	n/a	n/a	n/a	n/a	n/a	n/a
3	n/a	n/a	fix_cross_iti	5667.910218799952	0.0	trigger	n/a	n/a	94	n/a	n/a	n/a	n/a	n/a	n/a	n/a	n/a
3	9	444	image	5669.032041699975	0.7625558666804864	image	fish	fish_07.png	2	5669.032128199993	8.650001836940646e-05	n/a	n/a	n/a	n/a	1	n/a
3	n/a	n/a	image	5669.032128199993	0.0	trigger	n/a	n/a	2	n/a	n/a	n/a	n/a	n/a	n/a	n/a	n/a
3	9	444	word	5669.793753799982	0.8819660666667914	word	Fisch_german	n/a	102	5669.793790099968	3.6299985367804766e-05	n/a	n/a	n/a	n/a	1	n/a
3	n/a	n/a	word	5669.793790099968	0.0	trigger	n/a	n/a	102	n/a	n/a	n/a	n/a	n/a	n/a	n/a	n/a
3	9	444	possible_button_press	5671.295330699999	0.0	response	n/a	n/a	n/a	n/a	n/a	n/a	n/a	m	m	1	1
3	9	444	fix_cross_after_trial	5671.309354899975	1.0330172666617727	fixation cross	n/a	n/a	94	5671.309390199953	3.5299977753311396e-05	n/a	n/a	n/a	n/a	n/a	n/a
3	n/a	n/a	fix_cross_iti	5671.309390199953	0.0	trigger	n/a	n/a	94	n/a	n/a	n/a	n/a	n/a	n/a	n/a	n/a
3	9	445	image	5672.382605899998	0.7599057666411682	image	ball	ball_04.png	6	5672.38269910001	9.320001117885113e-05	n/a	n/a	n/a	n/a	1	n/a
3	n/a	n/a	image	5672.38269910001	0.0	trigger	n/a	n/a	6	n/a	n/a	n/a	n/a	n/a	n/a	n/a	n/a
3	9	445	word	5673.142085900006	0.782315366614057	word	Ball_german	n/a	106	5673.1421244000085	3.850000211969018e-05	n/a	n/a	n/a	n/a	1	n/a
3	n/a	n/a	word	5673.1421244000085	0.0	trigger	n/a	n/a	106	n/a	n/a	n/a	n/a	n/a	n/a	n/a	n/a
3	9	445	possible_button_press	5674.64443559997	0.0	response	n/a	n/a	n/a	n/a	n/a	n/a	n/a	m	m	1	1
3	9	445	fix_cross_after_trial	5674.658386099967	1.1493307667005865	fixation cross	n/a	n/a	94	5674.65841839998	3.23000131174922e-05	n/a	n/a	n/a	n/a	n/a	n/a
3	n/a	n/a	fix_cross_iti	5674.65841839998	0.0	trigger	n/a	n/a	94	n/a	n/a	n/a	n/a	n/a	n/a	n/a	n/a
3	9	446	image	5675.826190799999	0.7650292666548921	image	bag	bag_09.png	1	5675.826334799989	0.00014399999054148793	n/a	n/a	n/a	n/a	1	n/a
3	n/a	n/a	image	5675.826334799989	0.0	trigger	n/a	n/a	1	n/a	n/a	n/a	n/a	n/a	n/a	n/a	n/a
3	9	446	word	5676.591094899981	0.8995232666529773	word	Tasche_german	n/a	101	5676.591133199981	3.8300000596791506e-05	n/a	n/a	n/a	n/a	1	n/a
3	n/a	n/a	word	5676.591133199981	0.0	trigger	n/a	n/a	101	n/a	n/a	n/a	n/a	n/a	n/a	n/a	n/a
3	9	446	possible_button_press	5678.092627100006	0.0	response	n/a	n/a	n/a	n/a	n/a	n/a	n/a	m	m	1	1
3	9	446	fix_cross_after_trial	5678.10690059996	0.9664861667006335	fixation cross	n/a	n/a	94	5678.106921099999	2.050003968179226e-05	n/a	n/a	n/a	n/a	n/a	n/a
3	n/a	n/a	fix_cross_iti	5678.106921099999	0.0	trigger	n/a	n/a	94	n/a	n/a	n/a	n/a	n/a	n/a	n/a	n/a
3	9	447	image	5679.092611	0.7639013666230312	image	car	car_08.png	5	5679.09270139999	9.039998985826969e-05	n/a	n/a	n/a	n/a	0	n/a
3	n/a	n/a	image	5679.09270139999	0.0	trigger	n/a	n/a	5	n/a	n/a	n/a	n/a	n/a	n/a	n/a	n/a
3	9	447	word	5679.856431699998	0.8166142666632368	word	Tür_german	n/a	104	5679.856457599963	2.589996438473463e-05	n/a	n/a	n/a	n/a	0	n/a
3	n/a	n/a	word	5679.856457599963	0.0	trigger	n/a	n/a	104	n/a	n/a	n/a	n/a	n/a	n/a	n/a	n/a
3	9	447	feedback	5681.372687899973	0.0	trigger	n/a	n/a	96	n/a	n/a	n/a	n/a	n/a	n/a	n/a	n/a
3	9	447	possible_button_press	5681.558671200008	0.0	response	n/a	n/a	n/a	n/a	n/a	n/a	n/a	m	r	0	0
3	9	447	fix_cross_after_trial	5681.5728282000055	1.015965366623277	fixation cross	n/a	n/a	94	5681.572868599964	4.039995837956667e-05	n/a	n/a	n/a	n/a	n/a	n/a
3	n/a	n/a	fix_cross_iti	5681.572868599964	0.0	trigger	n/a	n/a	94	n/a	n/a	n/a	n/a	n/a	n/a	n/a	n/a
3	9	448	image	5682.607476699981	0.764733066669578	image	chair	chair_07.png	8	5682.607549200009	7.250002818182111e-05	n/a	n/a	n/a	n/a	1	n/a
3	n/a	n/a	image	5682.607549200009	0.0	trigger	n/a	n/a	8	n/a	n/a	n/a	n/a	n/a	n/a	n/a	n/a
3	9	448	word	5683.372135999962	0.9164826666856243	word	Stuhl_german	n/a	108	5683.372165100009	2.9100046958774328e-05	n/a	n/a	n/a	n/a	1	n/a
3	n/a	n/a	word	5683.372165100009	0.0	trigger	n/a	n/a	108	n/a	n/a	n/a	n/a	n/a	n/a	n/a	n/a
3	9	448	possible_button_press	5684.858378799981	0.0	response	n/a	n/a	n/a	n/a	n/a	n/a	n/a	m	m	1	1
3	9	448	fix_cross_after_trial	5684.872054699983	0.8994998666494212	fixation cross	n/a	n/a	94	5684.872085099982	3.0399998649954796e-05	n/a	n/a	n/a	n/a	n/a	n/a
3	n/a	n/a	fix_cross_iti	5684.872085099982	0.0	trigger	n/a	n/a	94	n/a	n/a	n/a	n/a	n/a	n/a	n/a	n/a
3	9	449	image	5685.808649199957	0.7626151666663645	image	door	door_06.png	4	5685.808722299989	7.310003275051713e-05	n/a	n/a	n/a	n/a	1	n/a
3	n/a	n/a	image	5685.808722299989	0.0	trigger	n/a	n/a	4	n/a	n/a	n/a	n/a	n/a	n/a	n/a	n/a
3	9	449	word	5686.571019899973	0.8323822666461638	word	Tür_german	n/a	104	5686.571046700003	2.6800029445439577e-05	n/a	n/a	n/a	n/a	1	n/a
3	n/a	n/a	word	5686.571046700003	0.0	trigger	n/a	n/a	104	n/a	n/a	n/a	n/a	n/a	n/a	n/a	n/a
3	9	449	possible_button_press	5688.073123699985	0.0	response	n/a	n/a	n/a	n/a	n/a	n/a	n/a	m	m	1	1
3	9	449	fix_cross_after_trial	5688.087202999974	1.1335417666741705	fixation cross	n/a	n/a	94	5688.087219499983	1.650000922381878e-05	n/a	n/a	n/a	n/a	n/a	n/a
3	n/a	n/a	fix_cross_iti	5688.087219499983	0.0	trigger	n/a	n/a	94	n/a	n/a	n/a	n/a	n/a	n/a	n/a	n/a
3	9	450	image	5689.258404999971	0.7619738666726334	image	bag	bag_04.png	1	5689.258492699999	8.77000275067985e-05	n/a	n/a	n/a	n/a	1	n/a
3	n/a	n/a	image	5689.258492699999	0.0	trigger	n/a	n/a	1	n/a	n/a	n/a	n/a	n/a	n/a	n/a	n/a
3	9	450	word	5690.020517600002	0.8988594666625431	word	Tasche_german	n/a	101	5690.0205633000005	4.569999873638153e-05	n/a	n/a	n/a	n/a	1	n/a
3	n/a	n/a	word	5690.0205633000005	0.0	trigger	n/a	n/a	101	n/a	n/a	n/a	n/a	n/a	n/a	n/a	n/a
3	9	450	possible_button_press	5691.522393699968	0.0	response	n/a	n/a	n/a	n/a	n/a	n/a	n/a	m	m	1	1
3	9	450	fix_cross_after_trial	5691.5364149999805	0.9994826666697918	fixation cross	n/a	n/a	94	5691.5364490000065	3.400002606213093e-05	n/a	n/a	n/a	n/a	n/a	n/a
3	n/a	n/a	fix_cross_iti	5691.5364490000065	0.0	trigger	n/a	n/a	94	n/a	n/a	n/a	n/a	n/a	n/a	n/a	n/a
3	9	450	break_instruction	5692.535745700006	15.012074566624506	break	n/a	n/a	81	5692.535774899996	2.9199989512562752e-05	n/a	n/a	n/a	n/a	n/a	n/a
3	n/a	n/a	break_start	5692.535774899996	0.0	trigger	n/a	n/a	81	n/a	n/a	n/a	n/a	n/a	n/a	n/a	n/a
3	n/a	n/a	break_end	5725.710726899968	0.0	trigger	n/a	n/a	82	n/a	n/a	n/a	n/a	n/a	n/a	n/a	n/a
3	10	451	image	5725.743808400002	0.7648802666262782	image	saw	saw_03.png	10	5725.743862999952	5.45999500900507e-05	n/a	n/a	n/a	n/a	1	n/a
3	n/a	n/a	image	5725.743862999952	0.0	trigger	n/a	n/a	10	n/a	n/a	n/a	n/a	n/a	n/a	n/a	n/a
3	10	451	word	5726.508674199984	0.9490656666494033	word	Säge_german	n/a	110	5726.5087099999655	3.579998156055808e-05	n/a	n/a	n/a	n/a	1	n/a
3	n/a	n/a	word	5726.5087099999655	0.0	trigger	n/a	n/a	110	n/a	n/a	n/a	n/a	n/a	n/a	n/a	n/a
3	10	451	possible_button_press	5728.010351600009	0.0	response	n/a	n/a	n/a	n/a	n/a	n/a	n/a	m	m	1	1
3	10	451	fix_cross_after_trial	5728.024698599998	0.9998780666537641	fixation cross	n/a	n/a	94	5728.024722000002	2.340000355616212e-05	n/a	n/a	n/a	n/a	n/a	n/a
3	n/a	n/a	fix_cross_iti	5728.024722000002	0.0	trigger	n/a	n/a	94	n/a	n/a	n/a	n/a	n/a	n/a	n/a	n/a
3	10	452	image	5729.0608502000105	0.7641104666436149	image	book	book_05.png	7	5729.060941500007	9.129999671131372e-05	n/a	n/a	n/a	n/a	1	n/a
3	n/a	n/a	image	5729.060941500007	0.0	trigger	n/a	n/a	7	n/a	n/a	n/a	n/a	n/a	n/a	n/a	n/a
3	10	452	word	5729.824344599969	0.8821602666903345	word	Buch_german	n/a	107	5729.824397499964	5.289999535307288e-05	n/a	n/a	n/a	n/a	1	n/a
3	n/a	n/a	word	5729.824397499964	0.0	trigger	n/a	n/a	107	n/a	n/a	n/a	n/a	n/a	n/a	n/a	n/a
3	10	452	possible_button_press	5731.326460399956	0.0	response	n/a	n/a	n/a	n/a	n/a	n/a	n/a	m	m	1	1
3	10	452	fix_cross_after_trial	5731.340531199996	0.8993447666325665	fixation cross	n/a	n/a	94	5731.340563500009	3.23000131174922e-05	n/a	n/a	n/a	n/a	n/a	n/a
3	n/a	n/a	fix_cross_iti	5731.340563500009	0.0	trigger	n/a	n/a	94	n/a	n/a	n/a	n/a	n/a	n/a	n/a	n/a
3	10	453	image	5732.25956539996	0.763606566706585	image	car	car_07.png	5	5732.2596533999895	8.800002979114652e-05	n/a	n/a	n/a	n/a	1	n/a
3	n/a	n/a	image	5732.2596533999895	0.0	trigger	n/a	n/a	5	n/a	n/a	n/a	n/a	n/a	n/a	n/a	n/a
3	10	453	word	5733.023059699975	0.9495401666536054	word	Auto_german	n/a	105	5733.023083599983	2.3900007363408804e-05	n/a	n/a	n/a	n/a	1	n/a
3	n/a	n/a	word	5733.023083599983	0.0	trigger	n/a	n/a	105	n/a	n/a	n/a	n/a	n/a	n/a	n/a	n/a
3	10	453	possible_button_press	5734.524940499978	0.0	response	n/a	n/a	n/a	n/a	n/a	n/a	n/a	m	m	1	1
3	10	453	fix_cross_after_trial	5734.539532299968	0.9327461666580348	fixation cross	n/a	n/a	94	5734.539551399997	1.910002902150154e-05	n/a	n/a	n/a	n/a	n/a	n/a
3	n/a	n/a	fix_cross_iti	5734.539551399997	0.0	trigger	n/a	n/a	94	n/a	n/a	n/a	n/a	n/a	n/a	n/a	n/a
3	10	454	image	5735.491185799998	0.7644098666532955	image	book	book_10.png	7	5735.491255100002	6.930000381544232e-05	n/a	n/a	n/a	n/a	1	n/a
3	n/a	n/a	image	5735.491255100002	0.0	trigger	n/a	n/a	7	n/a	n/a	n/a	n/a	n/a	n/a	n/a	n/a
3	10	454	word	5736.255540899991	0.8824284666370659	word	Buch_german	n/a	107	5736.255575499963	3.4599972423166037e-05	n/a	n/a	n/a	n/a	1	n/a
3	n/a	n/a	word	5736.255575499963	0.0	trigger	n/a	n/a	107	n/a	n/a	n/a	n/a	n/a	n/a	n/a	n/a
3	10	454	possible_button_press	5737.757079800009	0.0	response	n/a	n/a	n/a	n/a	n/a	n/a	n/a	m	m	1	1
3	10	454	fix_cross_after_trial	5737.771367899957	0.9337039666752389	fixation cross	n/a	n/a	94	5737.771385499975	1.7600017599761486e-05	n/a	n/a	n/a	n/a	n/a	n/a
3	n/a	n/a	fix_cross_iti	5737.771385499975	0.0	trigger	n/a	n/a	94	n/a	n/a	n/a	n/a	n/a	n/a	n/a	n/a
3	10	455	image	5738.722337499959	0.7490030666849634	image	rose	rose_03.png	9	5738.722427800007	9.030004730448127e-05	n/a	n/a	n/a	n/a	0	n/a
3	n/a	n/a	image	5738.722427800007	0.0	trigger	n/a	n/a	9	n/a	n/a	n/a	n/a	n/a	n/a	n/a	n/a
3	10	455	word	5739.471430099977	0.9485982666992641	word	Auto_german	n/a	105	5739.471473999962	4.3899985030293465e-05	n/a	n/a	n/a	n/a	0	n/a
3	n/a	n/a	word	5739.471473999962	0.0	trigger	n/a	n/a	105	n/a	n/a	n/a	n/a	n/a	n/a	n/a	n/a
3	10	455	feedback	5740.987482399971	0.0	trigger	n/a	n/a	96	n/a	n/a	n/a	n/a	n/a	n/a	n/a	n/a
3	10	455	possible_button_press	5741.189617299999	0.0	response	n/a	n/a	n/a	n/a	n/a	n/a	n/a	m	r	0	0
3	10	455	fix_cross_after_trial	5741.2037812999915	0.9497068666423729	fixation cross	n/a	n/a	94	5741.203804899997	2.3600005079060793e-05	n/a	n/a	n/a	n/a	n/a	n/a
3	n/a	n/a	fix_cross_iti	5741.203804899997	0.0	trigger	n/a	n/a	94	n/a	n/a	n/a	n/a	n/a	n/a	n/a	n/a
3	10	456	image	5742.172548700008	0.7640948666412442	image	dress	dress_07.png	3	5742.172637099982	8.839997462928295e-05	n/a	n/a	n/a	n/a	1	n/a
3	n/a	n/a	image	5742.172637099982	0.0	trigger	n/a	n/a	3	n/a	n/a	n/a	n/a	n/a	n/a	n/a	n/a
3	10	456	word	5742.936673599994	0.9496360666271357	word	Kleid_german	n/a	103	5742.9367043999955	3.0800001695752144e-05	n/a	n/a	n/a	n/a	1	n/a
3	n/a	n/a	word	5742.9367043999955	0.0	trigger	n/a	n/a	103	n/a	n/a	n/a	n/a	n/a	n/a	n/a	n/a
3	10	456	possible_button_press	5744.422736399982	0.0	response	n/a	n/a	n/a	n/a	n/a	n/a	n/a	m	m	1	1
3	10	456	fix_cross_after_trial	5744.436671899981	1.0997101666907838	fixation cross	n/a	n/a	94	5744.436705700005	3.3800024539232254e-05	n/a	n/a	n/a	n/a	n/a	n/a
3	n/a	n/a	fix_cross_iti	5744.436705700005	0.0	trigger	n/a	n/a	94	n/a	n/a	n/a	n/a	n/a	n/a	n/a	n/a
3	10	457	image	5745.55448240001	0.7644218666282541	image	chair	chair_03.png	8	5745.554563099984	8.069997420534492e-05	n/a	n/a	n/a	n/a	1	n/a
3	n/a	n/a	image	5745.554563099984	0.0	trigger	n/a	n/a	8	n/a	n/a	n/a	n/a	n/a	n/a	n/a	n/a
3	10	457	word	5746.319162599975	0.9164407666576153	word	Stuhl_german	n/a	108	5746.319192599971	2.9999995604157448e-05	n/a	n/a	n/a	n/a	1	n/a
3	n/a	n/a	word	5746.319192599971	0.0	trigger	n/a	n/a	108	n/a	n/a	n/a	n/a	n/a	n/a	n/a	n/a
3	10	457	possible_button_press	5747.805666900007	0.0	response	n/a	n/a	n/a	n/a	n/a	n/a	n/a	m	m	1	1
3	10	457	fix_cross_after_trial	5747.8183479	0.9165998666467203	fixation cross	n/a	n/a	94	5747.818372499954	2.459995448589325e-05	n/a	n/a	n/a	n/a	n/a	n/a
3	n/a	n/a	fix_cross_iti	5747.818372499954	0.0	trigger	n/a	n/a	94	n/a	n/a	n/a	n/a	n/a	n/a	n/a	n/a
3	10	458	image	5748.754276399966	0.7643526666834077	image	ball	ball_06.png	6	5748.754356599995	8.020002860575914e-05	n/a	n/a	n/a	n/a	1	n/a
3	n/a	n/a	image	5748.754356599995	0.0	trigger	n/a	n/a	6	n/a	n/a	n/a	n/a	n/a	n/a	n/a	n/a
3	10	458	word	5749.518445199996	0.7825986666757672	word	Ball_german	n/a	106	5749.518484900007	3.9700011257082224e-05	n/a	n/a	n/a	n/a	1	n/a
3	n/a	n/a	word	5749.518484900007	0.0	trigger	n/a	n/a	106	n/a	n/a	n/a	n/a	n/a	n/a	n/a	n/a
3	10	458	possible_button_press	5751.020010999986	0.0	response	n/a	n/a	n/a	n/a	n/a	n/a	n/a	m	m	1	1
3	10	458	fix_cross_after_trial	5751.034478199959	0.9990542666673718	fixation cross	n/a	n/a	94	5751.034506199998	2.800003858283162e-05	n/a	n/a	n/a	n/a	n/a	n/a
3	n/a	n/a	fix_cross_iti	5751.034506199998	0.0	trigger	n/a	n/a	94	n/a	n/a	n/a	n/a	n/a	n/a	n/a	n/a
3	10	459	image	5752.054320499999	0.762767766664183	image	fish	fish_03.png	2	5752.054387799988	6.729998858645558e-05	n/a	n/a	n/a	n/a	1	n/a
3	n/a	n/a	image	5752.054387799988	0.0	trigger	n/a	n/a	2	n/a	n/a	n/a	n/a	n/a	n/a	n/a	n/a
3	10	459	word	5752.81703809998	0.8660019666458538	word	Fisch_german	n/a	102	5752.817079100001	4.1000021155923605e-05	n/a	n/a	n/a	n/a	1	n/a
3	n/a	n/a	word	5752.817079100001	0.0	trigger	n/a	n/a	102	n/a	n/a	n/a	n/a	n/a	n/a	n/a	n/a
3	10	459	possible_button_press	5754.319398999971	0.0	response	n/a	n/a	n/a	n/a	n/a	n/a	n/a	m	m	1	1
3	10	459	fix_cross_after_trial	5754.333471199963	1.249286366688466	fixation cross	n/a	n/a	94	5754.333499400003	2.8200040105730295e-05	n/a	n/a	n/a	n/a	n/a	n/a
3	n/a	n/a	fix_cross_iti	5754.333499400003	0.0	trigger	n/a	n/a	94	n/a	n/a	n/a	n/a	n/a	n/a	n/a	n/a
3	10	460	image	5755.599734799995	0.7495624666371441	image	car	car_01.png	5	5755.599813399953	7.859995821490884e-05	n/a	n/a	n/a	n/a	1	n/a
3	n/a	n/a	image	5755.599813399953	0.0	trigger	n/a	n/a	5	n/a	n/a	n/a	n/a	n/a	n/a	n/a	n/a
3	10	460	word	5756.349317599961	0.9489555666841625	word	Auto_german	n/a	105	5756.349360499997	4.290003562346101e-05	n/a	n/a	n/a	n/a	1	n/a
3	n/a	n/a	word	5756.349360499997	0.0	trigger	n/a	n/a	105	n/a	n/a	n/a	n/a	n/a	n/a	n/a	n/a
3	10	460	possible_button_press	5757.852347099979	0.0	response	n/a	n/a	n/a	n/a	n/a	n/a	n/a	m	m	1	1
3	10	460	fix_cross_after_trial	5757.865904699953	0.7825227666799037	fixation cross	n/a	n/a	94	5757.865938599978	3.390002530068159e-05	n/a	n/a	n/a	n/a	n/a	n/a
3	n/a	n/a	fix_cross_iti	5757.865938599978	0.0	trigger	n/a	n/a	94	n/a	n/a	n/a	n/a	n/a	n/a	n/a	n/a
3	10	461	image	5758.666847799963	0.7646588666866592	image	ball	ball_09.png	6	5758.66692779999	8.000002708286047e-05	n/a	n/a	n/a	n/a	1	n/a
3	n/a	n/a	image	5758.66692779999	0.0	trigger	n/a	n/a	6	n/a	n/a	n/a	n/a	n/a	n/a	n/a	n/a
3	10	461	word	5759.431491800002	0.7825431666606164	word	Ball_german	n/a	106	5759.431529499998	3.7699996028095484e-05	n/a	n/a	n/a	n/a	1	n/a
3	n/a	n/a	word	5759.431529499998	0.0	trigger	n/a	n/a	106	n/a	n/a	n/a	n/a	n/a	n/a	n/a	n/a
3	10	461	possible_button_press	5760.933261199971	0.0	response	n/a	n/a	n/a	n/a	n/a	n/a	n/a	m	m	1	1
3	10	461	fix_cross_after_trial	5760.9474969999865	1.0329072666390857	fixation cross	n/a	n/a	94	5760.947514800006	1.780001912266016e-05	n/a	n/a	n/a	n/a	n/a	n/a
3	n/a	n/a	fix_cross_iti	5760.947514800006	0.0	trigger	n/a	n/a	94	n/a	n/a	n/a	n/a	n/a	n/a	n/a	n/a
3	10	462	image	5761.9994165999815	0.7645808666748053	image	rose	rose_04.png	9	5761.9994853999815	6.880000000819564e-05	n/a	n/a	n/a	n/a	1	n/a
3	n/a	n/a	image	5761.9994853999815	0.0	trigger	n/a	n/a	9	n/a	n/a	n/a	n/a	n/a	n/a	n/a	n/a
3	10	462	word	5762.763854899968	0.9322484666517994	word	Rose_german	n/a	109	5762.763890300004	3.5400036722421646e-05	n/a	n/a	n/a	n/a	1	n/a
3	n/a	n/a	word	5762.763890300004	0.0	trigger	n/a	n/a	109	n/a	n/a	n/a	n/a	n/a	n/a	n/a	n/a
3	10	462	possible_button_press	5764.266312499996	0.0	response	n/a	n/a	n/a	n/a	n/a	n/a	n/a	m	m	1	1
3	10	462	fix_cross_after_trial	5764.279914099956	0.8665435666953272	fixation cross	n/a	n/a	94	5764.279938299966	2.4200009647756815e-05	n/a	n/a	n/a	n/a	n/a	n/a
3	n/a	n/a	fix_cross_iti	5764.279938299966	0.0	trigger	n/a	n/a	94	n/a	n/a	n/a	n/a	n/a	n/a	n/a	n/a
3	10	463	image	5765.384638299991	0.761428766654717	image	ball	ball_03.png	6	5765.384759299981	0.00012099999003112316	n/a	n/a	n/a	n/a	1	n/a
3	n/a	n/a	image	5765.384759299981	0.0	trigger	n/a	n/a	6	n/a	n/a	n/a	n/a	n/a	n/a	n/a	n/a
3	10	463	word	5766.145926599973	0.7824475666893704	word	Ball_german	n/a	106	5766.145957799978	3.120000474154949e-05	n/a	n/a	n/a	n/a	1	n/a
3	n/a	n/a	word	5766.145957799978	0.0	trigger	n/a	n/a	106	n/a	n/a	n/a	n/a	n/a	n/a	n/a	n/a
3	10	463	possible_button_press	5767.6483768000035	0.0	response	n/a	n/a	n/a	n/a	n/a	n/a	n/a	m	m	1	1
3	10	463	fix_cross_after_trial	5767.6621999999625	1.232899366706988	fixation cross	n/a	n/a	94	5767.662225799984	2.5800021830946207e-05	n/a	n/a	n/a	n/a	n/a	n/a
3	n/a	n/a	fix_cross_iti	5767.662225799984	0.0	trigger	n/a	n/a	94	n/a	n/a	n/a	n/a	n/a	n/a	n/a	n/a
3	10	464	image	5768.915730000008	0.7626334666310868	image	bag	bag_08.png	1	5768.915817699977	8.769996929913759e-05	n/a	n/a	n/a	n/a	1	n/a
3	n/a	n/a	image	5768.915817699977	0.0	trigger	n/a	n/a	1	n/a	n/a	n/a	n/a	n/a	n/a	n/a	n/a
3	10	464	word	5769.678339199978	0.8991383666907495	word	Tasche_german	n/a	101	5769.678373600007	3.4400029107928276e-05	n/a	n/a	n/a	n/a	1	n/a
3	n/a	n/a	word	5769.678373600007	0.0	trigger	n/a	n/a	101	n/a	n/a	n/a	n/a	n/a	n/a	n/a	n/a
3	10	464	possible_button_press	5771.180510899983	0.0	response	n/a	n/a	n/a	n/a	n/a	n/a	n/a	m	m	1	1
3	10	464	fix_cross_after_trial	5771.1944165999885	0.8498633666349633	fixation cross	n/a	n/a	94	5771.194448399998	3.1800009310245514e-05	n/a	n/a	n/a	n/a	n/a	n/a
3	n/a	n/a	fix_cross_iti	5771.194448399998	0.0	trigger	n/a	n/a	94	n/a	n/a	n/a	n/a	n/a	n/a	n/a	n/a
3	10	465	image	5772.063168999972	0.7662013666740677	image	saw	saw_07.png	10	5772.063248499995	7.950002327561378e-05	n/a	n/a	n/a	n/a	1	n/a
3	n/a	n/a	image	5772.063248499995	0.0	trigger	n/a	n/a	10	n/a	n/a	n/a	n/a	n/a	n/a	n/a	n/a
3	10	465	word	5772.827382799995	0.9492285666674434	word	Säge_german	n/a	110	5772.827408299956	2.5499961338937283e-05	n/a	n/a	n/a	n/a	1	n/a
3	n/a	n/a	word	5772.827408299956	0.0	trigger	n/a	n/a	110	n/a	n/a	n/a	n/a	n/a	n/a	n/a	n/a
3	10	465	possible_button_press	5774.329203100002	0.0	response	n/a	n/a	n/a	n/a	n/a	n/a	n/a	m	m	1	1
3	10	465	fix_cross_after_trial	5774.34363670001	1.0496037666489428	fixation cross	n/a	n/a	94	5774.343678099976	4.139996599406004e-05	n/a	n/a	n/a	n/a	n/a	n/a
3	n/a	n/a	fix_cross_iti	5774.343678099976	0.0	trigger	n/a	n/a	94	n/a	n/a	n/a	n/a	n/a	n/a	n/a	n/a
3	10	466	image	5775.411673899973	0.7647013666610292	image	door	door_07.png	4	5775.411754000001	8.010002784430981e-05	n/a	n/a	n/a	n/a	1	n/a
3	n/a	n/a	image	5775.411754000001	0.0	trigger	n/a	n/a	4	n/a	n/a	n/a	n/a	n/a	n/a	n/a	n/a
3	10	466	word	5776.176221699978	0.8165147666622943	word	Tür_german	n/a	104	5776.176251599973	2.989999484270811e-05	n/a	n/a	n/a	n/a	1	n/a
3	n/a	n/a	word	5776.176251599973	0.0	trigger	n/a	n/a	104	n/a	n/a	n/a	n/a	n/a	n/a	n/a	n/a
3	10	466	possible_button_press	5777.67878419999	0.0	response	n/a	n/a	n/a	n/a	n/a	n/a	n/a	m	m	1	1
3	10	466	fix_cross_after_trial	5777.692945599963	1.099226266673213	fixation cross	n/a	n/a	94	5777.692976099963	3.0499999411404133e-05	n/a	n/a	n/a	n/a	n/a	n/a
3	n/a	n/a	fix_cross_iti	5777.692976099963	0.0	trigger	n/a	n/a	94	n/a	n/a	n/a	n/a	n/a	n/a	n/a	n/a
3	10	467	image	5778.830142999999	0.7620810666739999	image	chair	chair_02.png	8	5778.830215299968	7.229996845126152e-05	n/a	n/a	n/a	n/a	0	n/a
3	n/a	n/a	image	5778.830215299968	0.0	trigger	n/a	n/a	8	n/a	n/a	n/a	n/a	n/a	n/a	n/a	n/a
3	10	467	word	5779.591982199985	0.8990266666551179	word	Tasche_german	n/a	101	5779.59201600001	3.3800024539232254e-05	n/a	n/a	n/a	n/a	0	n/a
3	n/a	n/a	word	5779.59201600001	0.0	trigger	n/a	n/a	101	n/a	n/a	n/a	n/a	n/a	n/a	n/a	n/a
3	10	467	feedback	5781.108329899958	0.0	trigger	n/a	n/a	96	n/a	n/a	n/a	n/a	n/a	n/a	n/a	n/a
3	10	467	possible_button_press	5781.310025399958	0.0	response	n/a	n/a	n/a	n/a	n/a	n/a	n/a	m	r	0	0
3	10	467	fix_cross_after_trial	5781.32466849999	1.1499085666764586	fixation cross	n/a	n/a	94	5781.324689899979	2.139998832717538e-05	n/a	n/a	n/a	n/a	n/a	n/a
3	n/a	n/a	fix_cross_iti	5781.324689899979	0.0	trigger	n/a	n/a	94	n/a	n/a	n/a	n/a	n/a	n/a	n/a	n/a
3	10	468	image	5782.491946199967	0.7655247667025833	image	door	door_01.png	4	5782.4920193	7.310003275051713e-05	n/a	n/a	n/a	n/a	1	n/a
3	n/a	n/a	image	5782.4920193	0.0	trigger	n/a	n/a	4	n/a	n/a	n/a	n/a	n/a	n/a	n/a	n/a
3	10	468	word	5783.257454000006	0.8324026666268765	word	Tür_german	n/a	104	5783.257494699967	4.069996066391468e-05	n/a	n/a	n/a	n/a	1	n/a
3	n/a	n/a	word	5783.257494699967	0.0	trigger	n/a	n/a	104	n/a	n/a	n/a	n/a	n/a	n/a	n/a	n/a
3	10	468	possible_button_press	5784.758783600002	0.0	response	n/a	n/a	n/a	n/a	n/a	n/a	n/a	m	m	1	1
3	10	468	fix_cross_after_trial	5784.7733088000095	1.0828376666213444	fixation cross	n/a	n/a	94	5784.773331000004	2.2199994418770075e-05	n/a	n/a	n/a	n/a	n/a	n/a
3	n/a	n/a	fix_cross_iti	5784.773331000004	0.0	trigger	n/a	n/a	94	n/a	n/a	n/a	n/a	n/a	n/a	n/a	n/a
3	10	469	image	5785.875945999986	0.7638710666833504	image	dress	dress_04.png	3	5785.876047800004	0.0001018000184558332	n/a	n/a	n/a	n/a	1	n/a
3	n/a	n/a	image	5785.876047800004	0.0	trigger	n/a	n/a	3	n/a	n/a	n/a	n/a	n/a	n/a	n/a	n/a
3	10	469	word	5786.639820599987	0.9490002666752844	word	Kleid_german	n/a	103	5786.6398645999725	4.39999857917428e-05	n/a	n/a	n/a	n/a	1	n/a
3	n/a	n/a	word	5786.6398645999725	0.0	trigger	n/a	n/a	103	n/a	n/a	n/a	n/a	n/a	n/a	n/a	n/a
3	10	469	possible_button_press	5788.1414350999985	0.0	response	n/a	n/a	n/a	n/a	n/a	n/a	n/a	m	m	1	1
3	10	469	fix_cross_after_trial	5788.155585100001	1.116662266667845	fixation cross	n/a	n/a	94	5788.155606999993	2.1899992134422064e-05	n/a	n/a	n/a	n/a	n/a	n/a
3	n/a	n/a	fix_cross_iti	5788.155606999993	0.0	trigger	n/a	n/a	94	n/a	n/a	n/a	n/a	n/a	n/a	n/a	n/a
3	10	470	image	5789.2915515999775	0.7637710666786006	image	car	car_06.png	5	5789.291644699988	9.310001041740179e-05	n/a	n/a	n/a	n/a	1	n/a
3	n/a	n/a	image	5789.291644699988	0.0	trigger	n/a	n/a	5	n/a	n/a	n/a	n/a	n/a	n/a	n/a	n/a
3	10	470	word	5790.055419299984	0.9486185666792153	word	Auto_german	n/a	105	5790.055461799959	4.2499974370002747e-05	n/a	n/a	n/a	n/a	1	n/a
3	n/a	n/a	word	5790.055461799959	0.0	trigger	n/a	n/a	105	n/a	n/a	n/a	n/a	n/a	n/a	n/a	n/a
3	10	470	possible_button_press	5791.5588010000065	0.0	response	n/a	n/a	n/a	n/a	n/a	n/a	n/a	m	m	1	1
3	10	470	fix_cross_after_trial	5791.571545399958	0.7659194666812255	fixation cross	n/a	n/a	94	5791.571577199968	3.1800009310245514e-05	n/a	n/a	n/a	n/a	n/a	n/a
3	n/a	n/a	fix_cross_iti	5791.571577199968	0.0	trigger	n/a	n/a	94	n/a	n/a	n/a	n/a	n/a	n/a	n/a	n/a
3	10	471	image	5792.355265799968	0.7655467666954792	image	fish	fish_10.png	2	5792.355337999994	7.22000258974731e-05	n/a	n/a	n/a	n/a	1	n/a
3	n/a	n/a	image	5792.355337999994	0.0	trigger	n/a	n/a	2	n/a	n/a	n/a	n/a	n/a	n/a	n/a	n/a
3	10	471	word	5793.120736599958	0.8832967666712648	word	Fisch_german	n/a	102	5793.120770599984	3.400002606213093e-05	n/a	n/a	n/a	n/a	1	n/a
3	n/a	n/a	word	5793.120770599984	0.0	trigger	n/a	n/a	102	n/a	n/a	n/a	n/a	n/a	n/a	n/a	n/a
3	10	471	possible_button_press	5794.622378200002	0.0	response	n/a	n/a	n/a	n/a	n/a	n/a	n/a	m	m	1	1
3	10	471	fix_cross_after_trial	5794.636939199991	0.8331316666481143	fixation cross	n/a	n/a	94	5794.6369615999865	2.239999594166875e-05	n/a	n/a	n/a	n/a	n/a	n/a
3	n/a	n/a	fix_cross_iti	5794.6369615999865	0.0	trigger	n/a	n/a	94	n/a	n/a	n/a	n/a	n/a	n/a	n/a	n/a
3	10	472	image	5795.488934499968	0.7656629667071684	image	book	book_09.png	7	5795.489010799967	7.6299998909235e-05	n/a	n/a	n/a	n/a	1	n/a
3	n/a	n/a	image	5795.489010799967	0.0	trigger	n/a	n/a	7	n/a	n/a	n/a	n/a	n/a	n/a	n/a	n/a
3	10	472	word	5796.2533559	0.8658910666745214	word	Buch_german	n/a	107	5796.253397199966	4.12999652326107e-05	n/a	n/a	n/a	n/a	1	n/a
3	n/a	n/a	word	5796.253397199966	0.0	trigger	n/a	n/a	107	n/a	n/a	n/a	n/a	n/a	n/a	n/a	n/a
3	10	472	possible_button_press	5797.755391499959	0.0	response	n/a	n/a	n/a	n/a	n/a	n/a	n/a	m	m	1	1
3	10	472	fix_cross_after_trial	5797.769448599953	1.2329029666761926	fixation cross	n/a	n/a	94	5797.769476699992	2.8100039344280958e-05	n/a	n/a	n/a	n/a	n/a	n/a
3	n/a	n/a	fix_cross_iti	5797.769476699992	0.0	trigger	n/a	n/a	94	n/a	n/a	n/a	n/a	n/a	n/a	n/a	n/a
3	10	473	image	5799.020768899994	0.7645333666623628	image	fish	fish_06.png	2	5799.020847899956	7.899996126070619e-05	n/a	n/a	n/a	n/a	1	n/a
3	n/a	n/a	image	5799.020847899956	0.0	trigger	n/a	n/a	2	n/a	n/a	n/a	n/a	n/a	n/a	n/a	n/a
3	10	473	word	5799.78565679997	0.8659227666830702	word	Fisch_german	n/a	102	5799.7857173999655	6.059999577701092e-05	n/a	n/a	n/a	n/a	1	n/a
3	n/a	n/a	word	5799.7857173999655	0.0	trigger	n/a	n/a	102	n/a	n/a	n/a	n/a	n/a	n/a	n/a	n/a
3	10	473	possible_button_press	5801.287791599985	0.0	response	n/a	n/a	n/a	n/a	n/a	n/a	n/a	m	m	1	1
3	10	473	fix_cross_after_trial	5801.301669699955	1.200160866665101	fixation cross	n/a	n/a	94	5801.301703399979	3.370002377778292e-05	n/a	n/a	n/a	n/a	n/a	n/a
3	n/a	n/a	fix_cross_iti	5801.301703399979	0.0	trigger	n/a	n/a	94	n/a	n/a	n/a	n/a	n/a	n/a	n/a	n/a
3	10	474	image	5802.520505299966	0.7642794667081034	image	saw	saw_05.png	10	5802.520586600003	8.130003698170185e-05	n/a	n/a	n/a	n/a	1	n/a
3	n/a	n/a	image	5802.520586600003	0.0	trigger	n/a	n/a	10	n/a	n/a	n/a	n/a	n/a	n/a	n/a	n/a
3	10	474	word	5803.284418099967	0.9488411666861793	word	Säge_german	n/a	110	5803.284450599982	3.250001464039087e-05	n/a	n/a	n/a	n/a	1	n/a
3	n/a	n/a	word	5803.284450599982	0.0	trigger	n/a	n/a	110	n/a	n/a	n/a	n/a	n/a	n/a	n/a	n/a
3	10	474	possible_button_press	5804.787346799974	0.0	response	n/a	n/a	n/a	n/a	n/a	n/a	n/a	m	m	1	1
3	10	474	fix_cross_after_trial	5804.800767100009	1.18294586666525	fixation cross	n/a	n/a	94	5804.800794399984	2.729997504502535e-05	n/a	n/a	n/a	n/a	n/a	n/a
3	n/a	n/a	fix_cross_iti	5804.800794399984	0.0	trigger	n/a	n/a	94	n/a	n/a	n/a	n/a	n/a	n/a	n/a	n/a
3	10	475	image	5806.019361399987	0.7643055666740111	image	rose	rose_02.png	9	5806.019440999953	7.959996582940221e-05	n/a	n/a	n/a	n/a	1	n/a
3	n/a	n/a	image	5806.019440999953	0.0	trigger	n/a	n/a	9	n/a	n/a	n/a	n/a	n/a	n/a	n/a	n/a
3	10	475	word	5806.783417399973	0.9163894666744454	word	Rose_german	n/a	109	5806.783445799956	2.8399983420968056e-05	n/a	n/a	n/a	n/a	1	n/a
3	n/a	n/a	word	5806.783445799956	0.0	trigger	n/a	n/a	109	n/a	n/a	n/a	n/a	n/a	n/a	n/a	n/a
3	10	475	possible_button_press	5808.285930899961	0.0	response	n/a	n/a	n/a	n/a	n/a	n/a	n/a	m	m	1	1
3	10	475	fix_cross_after_trial	5808.299514799961	0.8161253666658013	fixation cross	n/a	n/a	94	5808.2995451999595	3.0399998649954796e-05	n/a	n/a	n/a	n/a	n/a	n/a
3	n/a	n/a	fix_cross_iti	5808.2995451999595	0.0	trigger	n/a	n/a	94	n/a	n/a	n/a	n/a	n/a	n/a	n/a	n/a
3	10	476	image	5809.133296399959	0.7495472666960268	image	dress	dress_02.png	3	5809.1333725999575	7.619999814778566e-05	n/a	n/a	n/a	n/a	1	n/a
3	n/a	n/a	image	5809.1333725999575	0.0	trigger	n/a	n/a	3	n/a	n/a	n/a	n/a	n/a	n/a	n/a	n/a
3	10	476	word	5809.882600199955	0.9487704666717036	word	Kleid_german	n/a	103	5809.882627099985	2.6900030206888914e-05	n/a	n/a	n/a	n/a	1	n/a
3	n/a	n/a	word	5809.882627099985	0.0	trigger	n/a	n/a	103	n/a	n/a	n/a	n/a	n/a	n/a	n/a	n/a
3	10	476	possible_button_press	5811.384058900003	0.0	response	n/a	n/a	n/a	n/a	n/a	n/a	n/a	m	m	1	1
3	10	476	fix_cross_after_trial	5811.398626399983	1.149320466680365	fixation cross	n/a	n/a	94	5811.398651800002	2.540001878514886e-05	n/a	n/a	n/a	n/a	n/a	n/a
3	n/a	n/a	fix_cross_iti	5811.398651800002	0.0	trigger	n/a	n/a	94	n/a	n/a	n/a	n/a	n/a	n/a	n/a	n/a
3	10	477	image	5812.565917200001	0.7654733666604443	image	car	car_02.png	5	5812.566007299989	9.009998757392168e-05	n/a	n/a	n/a	n/a	1	n/a
3	n/a	n/a	image	5812.566007299989	0.0	trigger	n/a	n/a	5	n/a	n/a	n/a	n/a	n/a	n/a	n/a	n/a
3	10	477	word	5813.331386899983	0.9495094666526711	word	Auto_german	n/a	105	5813.331436599954	4.96999709866941e-05	n/a	n/a	n/a	n/a	1	n/a
3	n/a	n/a	word	5813.331436599954	0.0	trigger	n/a	n/a	105	n/a	n/a	n/a	n/a	n/a	n/a	n/a	n/a
3	10	477	possible_button_press	5814.833141799958	0.0	response	n/a	n/a	n/a	n/a	n/a	n/a	n/a	m	m	1	1
3	10	477	fix_cross_after_trial	5814.847231799969	0.96656296670335	fixation cross	n/a	n/a	94	5814.847254899971	2.3100001271814108e-05	n/a	n/a	n/a	n/a	n/a	n/a
3	n/a	n/a	fix_cross_iti	5814.847254899971	0.0	trigger	n/a	n/a	94	n/a	n/a	n/a	n/a	n/a	n/a	n/a	n/a
3	10	478	image	5815.889784200001	0.7574910666480719	image	chair	chair_05.png	8	5815.889870499959	8.629995863884687e-05	n/a	n/a	n/a	n/a	1	n/a
3	n/a	n/a	image	5815.889870499959	0.0	trigger	n/a	n/a	8	n/a	n/a	n/a	n/a	n/a	n/a	n/a	n/a
3	10	478	word	5816.647044799989	0.9159596666613652	word	Stuhl_german	n/a	108	5816.64709079999	4.600000102072954e-05	n/a	n/a	n/a	n/a	1	n/a
3	n/a	n/a	word	5816.64709079999	0.0	trigger	n/a	n/a	108	n/a	n/a	n/a	n/a	n/a	n/a	n/a	n/a
3	10	478	possible_button_press	5818.149132599996	0.0	response	n/a	n/a	n/a	n/a	n/a	n/a	n/a	m	m	1	1
3	10	478	fix_cross_after_trial	5818.163143299986	1.1329425666517636	fixation cross	n/a	n/a	94	5818.163175599999	3.23000131174922e-05	n/a	n/a	n/a	n/a	n/a	n/a
3	n/a	n/a	fix_cross_iti	5818.163175599999	0.0	trigger	n/a	n/a	94	n/a	n/a	n/a	n/a	n/a	n/a	n/a	n/a
3	10	479	image	5819.314112799999	0.7647521666403918	image	book	book_04.png	7	5819.3142058000085	9.300000965595245e-05	n/a	n/a	n/a	n/a	0	n/a
3	n/a	n/a	image	5819.3142058000085	0.0	trigger	n/a	n/a	7	n/a	n/a	n/a	n/a	n/a	n/a	n/a	n/a
3	10	479	word	5820.078875899955	0.9162764666871226	word	Rose_german	n/a	109	5820.078902399982	2.6500027161091566e-05	n/a	n/a	n/a	n/a	0	n/a
3	n/a	n/a	word	5820.078902399982	0.0	trigger	n/a	n/a	109	n/a	n/a	n/a	n/a	n/a	n/a	n/a	n/a
3	10	479	feedback	5821.57864979998	0.0	trigger	n/a	n/a	96	n/a	n/a	n/a	n/a	n/a	n/a	n/a	n/a
3	10	479	possible_button_press	5821.764734899974	0.0	response	n/a	n/a	n/a	n/a	n/a	n/a	n/a	m	r	0	0
3	10	479	fix_cross_after_trial	5821.778753899969	0.9498221667054167	fixation cross	n/a	n/a	94	5821.7787939999835	4.010001430287957e-05	n/a	n/a	n/a	n/a	n/a	n/a
3	n/a	n/a	fix_cross_iti	5821.7787939999835	0.0	trigger	n/a	n/a	94	n/a	n/a	n/a	n/a	n/a	n/a	n/a	n/a
3	10	480	image	5822.747066399956	0.7644588666771597	image	bag	bag_07.png	1	5822.74715760001	9.12000541575253e-05	n/a	n/a	n/a	n/a	1	n/a
3	n/a	n/a	image	5822.74715760001	0.0	trigger	n/a	n/a	1	n/a	n/a	n/a	n/a	n/a	n/a	n/a	n/a
3	10	480	word	5823.511373799993	0.8992928666448279	word	Tasche_german	n/a	101	5823.51141029998	3.649998689070344e-05	n/a	n/a	n/a	n/a	1	n/a
3	n/a	n/a	word	5823.51141029998	0.0	trigger	n/a	n/a	101	n/a	n/a	n/a	n/a	n/a	n/a	n/a	n/a
3	10	480	possible_button_press	5825.013208499993	0.0	response	n/a	n/a	n/a	n/a	n/a	n/a	n/a	m	m	1	1
3	10	480	fix_cross_after_trial	5825.027425499982	1.2327704666568025	fixation cross	n/a	n/a	94	5825.0274590000045	3.350002225488424e-05	n/a	n/a	n/a	n/a	n/a	n/a
3	n/a	n/a	fix_cross_iti	5825.0274590000045	0.0	trigger	n/a	n/a	94	n/a	n/a	n/a	n/a	n/a	n/a	n/a	n/a
3	10	481	image	5826.280152799969	0.7636265666842519	image	car	car_04.png	5	5826.280236499966	8.369999704882503e-05	n/a	n/a	n/a	n/a	1	n/a
3	n/a	n/a	image	5826.280236499966	0.0	trigger	n/a	n/a	5	n/a	n/a	n/a	n/a	n/a	n/a	n/a	n/a
3	10	481	word	5827.043575399963	0.9493926666946209	word	Auto_german	n/a	105	5827.043614299968	3.890000516548753e-05	n/a	n/a	n/a	n/a	1	n/a
3	n/a	n/a	word	5827.043614299968	0.0	trigger	n/a	n/a	105	n/a	n/a	n/a	n/a	n/a	n/a	n/a	n/a
3	10	481	possible_button_press	5828.545478699962	0.0	response	n/a	n/a	n/a	n/a	n/a	n/a	n/a	m	m	1	1
3	10	481	fix_cross_after_trial	5828.559465600003	0.7832058666426747	fixation cross	n/a	n/a	94	5828.5594886000035	2.300000051036477e-05	n/a	n/a	n/a	n/a	n/a	n/a
3	n/a	n/a	fix_cross_iti	5828.5594886000035	0.0	trigger	n/a	n/a	94	n/a	n/a	n/a	n/a	n/a	n/a	n/a	n/a
3	10	482	image	5829.362305599963	0.763906666663388	image	rose	rose_05.png	9	5829.3623821999645	7.660000119358301e-05	n/a	n/a	n/a	n/a	1	n/a
3	n/a	n/a	image	5829.3623821999645	0.0	trigger	n/a	n/a	9	n/a	n/a	n/a	n/a	n/a	n/a	n/a	n/a
3	10	482	word	5830.125943599967	0.9320630666952638	word	Rose_german	n/a	109	5830.125979500008	3.590004052966833e-05	n/a	n/a	n/a	n/a	1	n/a
3	n/a	n/a	word	5830.125979500008	0.0	trigger	n/a	n/a	109	n/a	n/a	n/a	n/a	n/a	n/a	n/a	n/a
3	10	482	possible_button_press	5831.627770499967	0.0	response	n/a	n/a	n/a	n/a	n/a	n/a	n/a	m	m	1	1
3	10	482	fix_cross_after_trial	5831.641868799983	1.0832742666862032	fixation cross	n/a	n/a	94	5831.641890299972	2.1499989088624716e-05	n/a	n/a	n/a	n/a	n/a	n/a
3	n/a	n/a	fix_cross_iti	5831.641890299972	0.0	trigger	n/a	n/a	94	n/a	n/a	n/a	n/a	n/a	n/a	n/a	n/a
3	10	483	image	5832.9906586	0.7510485666607565	image	bag	bag_02.png	1	5832.990759200009	0.00010060000931844115	n/a	n/a	n/a	n/a	1	n/a
3	n/a	n/a	image	5832.990759200009	0.0	trigger	n/a	n/a	1	n/a	n/a	n/a	n/a	n/a	n/a	n/a	n/a
3	10	483	word	5833.741469600005	0.8990820666695072	word	Tasche_german	n/a	101	5833.74150959996	3.999995533376932e-05	n/a	n/a	n/a	n/a	1	n/a
3	n/a	n/a	word	5833.74150959996	0.0	trigger	n/a	n/a	101	n/a	n/a	n/a	n/a	n/a	n/a	n/a	n/a
3	10	483	possible_button_press	5835.243559299968	0.0	response	n/a	n/a	n/a	n/a	n/a	n/a	n/a	m	m	1	1
3	10	483	fix_cross_after_trial	5835.257924099977	0.9333132666688471	fixation cross	n/a	n/a	94	5835.257945999969	2.1899992134422064e-05	n/a	n/a	n/a	n/a	n/a	n/a
3	n/a	n/a	fix_cross_iti	5835.257945999969	0.0	trigger	n/a	n/a	94	n/a	n/a	n/a	n/a	n/a	n/a	n/a	n/a
3	10	484	image	5836.2108265999705	0.7630238666934019	image	fish	fish_05.png	2	5836.210909599962	8.299999171867967e-05	n/a	n/a	n/a	n/a	1	n/a
3	n/a	n/a	image	5836.210909599962	0.0	trigger	n/a	n/a	2	n/a	n/a	n/a	n/a	n/a	n/a	n/a	n/a
3	10	484	word	5836.97363709996	0.8825306667167752	word	Fisch_german	n/a	102	5836.973668599967	3.15000070258975e-05	n/a	n/a	n/a	n/a	1	n/a
3	n/a	n/a	word	5836.973668599967	0.0	trigger	n/a	n/a	102	n/a	n/a	n/a	n/a	n/a	n/a	n/a	n/a
3	10	484	possible_button_press	5838.476225399994	0.0	response	n/a	n/a	n/a	n/a	n/a	n/a	n/a	m	m	1	1
3	10	484	fix_cross_after_trial	5838.490282399987	0.8994568666712439	fixation cross	n/a	n/a	94	5838.490310199966	2.7799978852272034e-05	n/a	n/a	n/a	n/a	n/a	n/a
3	n/a	n/a	fix_cross_iti	5838.490310199966	0.0	trigger	n/a	n/a	94	n/a	n/a	n/a	n/a	n/a	n/a	n/a	n/a
3	10	485	image	5839.407655799994	0.7650275666419475	image	ball	ball_10.png	6	5839.4077266000095	7.080001523718238e-05	n/a	n/a	n/a	n/a	1	n/a
3	n/a	n/a	image	5839.4077266000095	0.0	trigger	n/a	n/a	6	n/a	n/a	n/a	n/a	n/a	n/a	n/a	n/a
3	10	485	word	5840.173111699987	0.7824608666742279	word	Ball_german	n/a	106	5840.173146799963	3.509997623041272e-05	n/a	n/a	n/a	n/a	1	n/a
3	n/a	n/a	word	5840.173146799963	0.0	trigger	n/a	n/a	106	n/a	n/a	n/a	n/a	n/a	n/a	n/a	n/a
3	10	485	possible_button_press	5841.6743368000025	0.0	response	n/a	n/a	n/a	n/a	n/a	n/a	n/a	m	m	1	1
3	10	485	fix_cross_after_trial	5841.688760399993	1.2332193666406965	fixation cross	n/a	n/a	94	5841.688787299965	2.6899971999228e-05	n/a	n/a	n/a	n/a	n/a	n/a
3	n/a	n/a	fix_cross_iti	5841.688787299965	0.0	trigger	n/a	n/a	94	n/a	n/a	n/a	n/a	n/a	n/a	n/a	n/a
3	10	486	image	5842.940075299994	0.7650590666489734	image	dress	dress_09.png	3	5842.940143199987	6.78999931551516e-05	n/a	n/a	n/a	n/a	1	n/a
3	n/a	n/a	image	5842.940143199987	0.0	trigger	n/a	n/a	3	n/a	n/a	n/a	n/a	n/a	n/a	n/a	n/a
3	10	486	word	5843.705207799969	0.9495623667062318	word	Kleid_german	n/a	103	5843.705243500008	3.570003900676966e-05	n/a	n/a	n/a	n/a	1	n/a
3	n/a	n/a	word	5843.705243500008	0.0	trigger	n/a	n/a	103	n/a	n/a	n/a	n/a	n/a	n/a	n/a	n/a
3	10	486	possible_button_press	5845.192096199957	0.0	response	n/a	n/a	n/a	n/a	n/a	n/a	n/a	m	m	1	1
3	10	486	fix_cross_after_trial	5845.204604799976	0.8330468667008972	fixation cross	n/a	n/a	94	5845.2046491999645	4.439998883754015e-05	n/a	n/a	n/a	n/a	n/a	n/a
3	n/a	n/a	fix_cross_iti	5845.2046491999645	0.0	trigger	n/a	n/a	94	n/a	n/a	n/a	n/a	n/a	n/a	n/a	n/a
3	10	487	image	5846.073689499986	0.763965266643936	image	door	door_05.png	4	5846.073774499993	8.50000069476664e-05	n/a	n/a	n/a	n/a	1	n/a
3	n/a	n/a	image	5846.073774499993	0.0	trigger	n/a	n/a	4	n/a	n/a	n/a	n/a	n/a	n/a	n/a	n/a
3	10	487	word	5846.837700099975	0.8158687666909827	word	Tür_german	n/a	104	5846.837741399999	4.1300023440271616e-05	n/a	n/a	n/a	n/a	1	n/a
3	n/a	n/a	word	5846.837741399999	0.0	trigger	n/a	n/a	104	n/a	n/a	n/a	n/a	n/a	n/a	n/a	n/a
3	10	487	possible_button_press	5848.339604499983	0.0	response	n/a	n/a	n/a	n/a	n/a	n/a	n/a	m	m	1	1
3	10	487	fix_cross_after_trial	5848.35362889996	0.9495575666696823	fixation cross	n/a	n/a	94	5848.353660899971	3.200001083314419e-05	n/a	n/a	n/a	n/a	n/a	n/a
3	n/a	n/a	fix_cross_iti	5848.353660899971	0.0	trigger	n/a	n/a	94	n/a	n/a	n/a	n/a	n/a	n/a	n/a	n/a
3	10	488	image	5849.321890799969	0.7647967666889599	image	saw	saw_06.png	10	5849.321976199979	8.540000999346375e-05	n/a	n/a	n/a	n/a	0	n/a
3	n/a	n/a	image	5849.321976199979	0.0	trigger	n/a	n/a	10	n/a	n/a	n/a	n/a	n/a	n/a	n/a	n/a
3	10	488	word	5850.086388800002	0.9493708666450402	word	Kleid_german	n/a	103	5850.086432899989	4.409998655319214e-05	n/a	n/a	n/a	n/a	0	n/a
3	n/a	n/a	word	5850.086432899989	0.0	trigger	n/a	n/a	103	n/a	n/a	n/a	n/a	n/a	n/a	n/a	n/a
3	10	488	feedback	5851.602665199956	0.0	trigger	n/a	n/a	96	n/a	n/a	n/a	n/a	n/a	n/a	n/a	n/a
3	10	488	possible_button_press	5851.788927499962	0.0	response	n/a	n/a	n/a	n/a	n/a	n/a	n/a	m	r	0	0
3	10	488	fix_cross_after_trial	5851.802527499967	0.9825972666767484	fixation cross	n/a	n/a	94	5851.802567299979	3.980001201853156e-05	n/a	n/a	n/a	n/a	n/a	n/a
3	n/a	n/a	fix_cross_iti	5851.802567299979	0.0	trigger	n/a	n/a	94	n/a	n/a	n/a	n/a	n/a	n/a	n/a	n/a
3	10	489	image	5852.805019499967	0.7634036666750035	image	door	door_09.png	4	5852.805100199999	8.070003241300583e-05	n/a	n/a	n/a	n/a	1	n/a
3	n/a	n/a	image	5852.805100199999	0.0	trigger	n/a	n/a	4	n/a	n/a	n/a	n/a	n/a	n/a	n/a	n/a
3	10	489	word	5853.56840769999	0.8167773666827998	word	Tür_german	n/a	104	5853.5684375999845	2.989999484270811e-05	n/a	n/a	n/a	n/a	1	n/a
3	n/a	n/a	word	5853.5684375999845	0.0	trigger	n/a	n/a	104	n/a	n/a	n/a	n/a	n/a	n/a	n/a	n/a
3	10	489	possible_button_press	5855.070473800006	0.0	response	n/a	n/a	n/a	n/a	n/a	n/a	n/a	m	m	1	1
3	10	489	fix_cross_after_trial	5855.084509499953	1.2162292667235306	fixation cross	n/a	n/a	94	5855.084529199987	1.9700033590197563e-05	n/a	n/a	n/a	n/a	n/a	n/a
3	n/a	n/a	fix_cross_iti	5855.084529199987	0.0	trigger	n/a	n/a	94	n/a	n/a	n/a	n/a	n/a	n/a	n/a	n/a
3	10	490	image	5856.320815799991	0.763621466645418	image	bag	bag_03.png	1	5856.320885299996	6.9500005338341e-05	n/a	n/a	n/a	n/a	1	n/a
3	n/a	n/a	image	5856.320885299996	0.0	trigger	n/a	n/a	1	n/a	n/a	n/a	n/a	n/a	n/a	n/a	n/a
3	10	490	word	5857.08418939996	0.899096566663502	word	Tasche_german	n/a	101	5857.0842338000075	4.440004704520106e-05	n/a	n/a	n/a	n/a	1	n/a
3	n/a	n/a	word	5857.0842338000075	0.0	trigger	n/a	n/a	101	n/a	n/a	n/a	n/a	n/a	n/a	n/a	n/a
3	10	490	possible_button_press	5858.586055699969	0.0	response	n/a	n/a	n/a	n/a	n/a	n/a	n/a	m	m	1	1
3	10	490	fix_cross_after_trial	5858.60027429997	0.9330989666668756	fixation cross	n/a	n/a	94	5858.600301800005	2.7500034775584936e-05	n/a	n/a	n/a	n/a	n/a	n/a
3	n/a	n/a	fix_cross_iti	5858.600301800005	0.0	trigger	n/a	n/a	94	n/a	n/a	n/a	n/a	n/a	n/a	n/a	n/a
3	10	491	image	5859.570073899988	0.7634377666436194	image	dress	dress_08.png	3	5859.5701812999905	0.00010740000288933516	n/a	n/a	n/a	n/a	1	n/a
3	n/a	n/a	image	5859.5701812999905	0.0	trigger	n/a	n/a	3	n/a	n/a	n/a	n/a	n/a	n/a	n/a	n/a
3	10	491	word	5860.333293100004	0.9492073666224314	word	Kleid_german	n/a	103	5860.3333334999625	4.039995837956667e-05	n/a	n/a	n/a	n/a	1	n/a
3	n/a	n/a	word	5860.3333334999625	0.0	trigger	n/a	n/a	103	n/a	n/a	n/a	n/a	n/a	n/a	n/a	n/a
3	10	491	possible_button_press	5861.835651799978	0.0	response	n/a	n/a	n/a	n/a	n/a	n/a	n/a	m	m	1	1
3	10	491	fix_cross_after_trial	5861.8492781000095	1.1996865666624217	fixation cross	n/a	n/a	94	5861.849310099962	3.1999952625483274e-05	n/a	n/a	n/a	n/a	n/a	n/a
3	n/a	n/a	fix_cross_iti	5861.849310099962	0.0	trigger	n/a	n/a	94	n/a	n/a	n/a	n/a	n/a	n/a	n/a	n/a
3	10	492	image	5863.067631499958	0.7641930666904955	image	fish	fish_01.png	2	5863.067722599953	9.109999518841505e-05	n/a	n/a	n/a	n/a	1	n/a
3	n/a	n/a	image	5863.067722599953	0.0	trigger	n/a	n/a	2	n/a	n/a	n/a	n/a	n/a	n/a	n/a	n/a
3	10	492	word	5863.831798399973	0.866520166691771	word	Fisch_german	n/a	102	5863.831825500005	2.7100031729787588e-05	n/a	n/a	n/a	n/a	1	n/a
3	n/a	n/a	word	5863.831825500005	0.0	trigger	n/a	n/a	102	n/a	n/a	n/a	n/a	n/a	n/a	n/a	n/a
3	10	492	possible_button_press	5865.333633099974	0.0	response	n/a	n/a	n/a	n/a	n/a	n/a	n/a	m	m	1	1
3	10	492	fix_cross_after_trial	5865.347764899954	1.1501899666654936	fixation cross	n/a	n/a	94	5865.347780299955	1.5400000847876072e-05	n/a	n/a	n/a	n/a	n/a	n/a
3	n/a	n/a	fix_cross_iti	5865.347780299955	0.0	trigger	n/a	n/a	94	n/a	n/a	n/a	n/a	n/a	n/a	n/a	n/a
3	10	493	image	5866.517613500007	0.763792066663882	image	saw	saw_01.png	10	5866.517703699996	9.019998833537102e-05	n/a	n/a	n/a	n/a	1	n/a
3	n/a	n/a	image	5866.517703699996	0.0	trigger	n/a	n/a	10	n/a	n/a	n/a	n/a	n/a	n/a	n/a	n/a
3	10	493	word	5867.281290499959	0.9497153667070961	word	Säge_german	n/a	110	5867.281317399989	2.6900030206888914e-05	n/a	n/a	n/a	n/a	1	n/a
3	n/a	n/a	word	5867.281317399989	0.0	trigger	n/a	n/a	110	n/a	n/a	n/a	n/a	n/a	n/a	n/a	n/a
3	10	493	possible_button_press	5868.783307000005	0.0	response	n/a	n/a	n/a	n/a	n/a	n/a	n/a	m	m	1	1
3	10	493	fix_cross_after_trial	5868.797450299957	1.250165666690009	fixation cross	n/a	n/a	94	5868.797483299975	3.300001844763756e-05	n/a	n/a	n/a	n/a	n/a	n/a
3	n/a	n/a	fix_cross_iti	5868.797483299975	0.0	trigger	n/a	n/a	94	n/a	n/a	n/a	n/a	n/a	n/a	n/a	n/a
3	10	494	image	5870.065132199961	0.764812666693615	image	rose	rose_10.png	9	5870.065215299954	8.3099992480129e-05	n/a	n/a	n/a	n/a	1	n/a
3	n/a	n/a	image	5870.065215299954	0.0	trigger	n/a	n/a	9	n/a	n/a	n/a	n/a	n/a	n/a	n/a	n/a
3	10	494	word	5870.829952400003	0.9319570666448271	word	Rose_german	n/a	109	5870.829991599952	3.9199949242174625e-05	n/a	n/a	n/a	n/a	1	n/a
3	n/a	n/a	word	5870.829991599952	0.0	trigger	n/a	n/a	109	n/a	n/a	n/a	n/a	n/a	n/a	n/a	n/a
3	10	494	possible_button_press	5872.331558400008	0.0	response	n/a	n/a	n/a	n/a	n/a	n/a	n/a	m	m	1	1
3	10	494	fix_cross_after_trial	5872.345694699965	1.0496035667056276	fixation cross	n/a	n/a	94	5872.3457118999795	1.7200014553964138e-05	n/a	n/a	n/a	n/a	n/a	n/a
3	n/a	n/a	fix_cross_iti	5872.3457118999795	0.0	trigger	n/a	n/a	94	n/a	n/a	n/a	n/a	n/a	n/a	n/a	n/a
3	10	495	image	5873.4143809999805	0.764412866676139	image	ball	ball_08.png	6	5873.414445600007	6.46000262349844e-05	n/a	n/a	n/a	n/a	0	n/a
3	n/a	n/a	image	5873.414445600007	0.0	trigger	n/a	n/a	6	n/a	n/a	n/a	n/a	n/a	n/a	n/a	n/a
3	10	495	word	5874.178769499995	0.8997603666539362	word	Tasche_german	n/a	101	5874.178804999974	3.549997927621007e-05	n/a	n/a	n/a	n/a	0	n/a
3	n/a	n/a	word	5874.178804999974	0.0	trigger	n/a	n/a	101	n/a	n/a	n/a	n/a	n/a	n/a	n/a	n/a
3	10	495	feedback	5875.694613999978	0.0	trigger	n/a	n/a	96	n/a	n/a	n/a	n/a	n/a	n/a	n/a	n/a
3	10	495	possible_button_press	5875.880814099975	0.0	response	n/a	n/a	n/a	n/a	n/a	n/a	n/a	m	r	0	0
3	10	495	fix_cross_after_trial	5875.894880899985	0.949542066668073	fixation cross	n/a	n/a	94	5875.894924099965	4.3199979700148106e-05	n/a	n/a	n/a	n/a	n/a	n/a
3	n/a	n/a	fix_cross_iti	5875.894924099965	0.0	trigger	n/a	n/a	94	n/a	n/a	n/a	n/a	n/a	n/a	n/a	n/a
3	10	496	image	5876.863301399979	0.7645573666704877	image	book	book_08.png	7	5876.863367199956	6.579997716471553e-05	n/a	n/a	n/a	n/a	1	n/a
3	n/a	n/a	image	5876.863367199956	0.0	trigger	n/a	n/a	7	n/a	n/a	n/a	n/a	n/a	n/a	n/a	n/a
3	10	496	word	5877.627569999953	0.8825912667125522	word	Buch_german	n/a	107	5877.627604199981	3.42000275850296e-05	n/a	n/a	n/a	n/a	1	n/a
3	n/a	n/a	word	5877.627604199981	0.0	trigger	n/a	n/a	107	n/a	n/a	n/a	n/a	n/a	n/a	n/a	n/a
3	10	496	possible_button_press	5879.1289861999685	0.0	response	n/a	n/a	n/a	n/a	n/a	n/a	n/a	m	m	1	1
3	10	496	fix_cross_after_trial	5879.143482999993	0.8999518666569202	fixation cross	n/a	n/a	94	5879.143503399973	2.039998071268201e-05	n/a	n/a	n/a	n/a	n/a	n/a
3	n/a	n/a	fix_cross_iti	5879.143503399973	0.0	trigger	n/a	n/a	94	n/a	n/a	n/a	n/a	n/a	n/a	n/a	n/a
3	10	497	image	5880.061756099982	0.765382066663733	image	bag	bag_06.png	1	5880.061851200007	9.510002564638853e-05	n/a	n/a	n/a	n/a	1	n/a
3	n/a	n/a	image	5880.061851200007	0.0	trigger	n/a	n/a	1	n/a	n/a	n/a	n/a	n/a	n/a	n/a	n/a
3	10	497	word	5880.826725799998	0.8991103666521667	word	Tasche_german	n/a	101	5880.826769799984	4.39999857917428e-05	n/a	n/a	n/a	n/a	1	n/a
3	n/a	n/a	word	5880.826769799984	0.0	trigger	n/a	n/a	101	n/a	n/a	n/a	n/a	n/a	n/a	n/a	n/a
3	10	497	possible_button_press	5882.329068699968	0.0	response	n/a	n/a	n/a	n/a	n/a	n/a	n/a	m	m	1	1
3	10	497	fix_cross_after_trial	5882.342879300006	0.8997099666194117	fixation cross	n/a	n/a	94	5882.342910999956	3.1699950341135263e-05	n/a	n/a	n/a	n/a	n/a	n/a
3	n/a	n/a	fix_cross_iti	5882.342910999956	0.0	trigger	n/a	n/a	94	n/a	n/a	n/a	n/a	n/a	n/a	n/a	n/a
3	10	498	image	5883.260848500009	0.7648146666506364	image	chair	chair_01.png	8	5883.26093769999	8.919998072087765e-05	n/a	n/a	n/a	n/a	1	n/a
3	n/a	n/a	image	5883.26093769999	0.0	trigger	n/a	n/a	8	n/a	n/a	n/a	n/a	n/a	n/a	n/a	n/a
3	10	498	word	5884.02566569997	0.9319976666629373	word	Stuhl_german	n/a	108	5884.025697999983	3.23000131174922e-05	n/a	n/a	n/a	n/a	1	n/a
3	n/a	n/a	word	5884.025697999983	0.0	trigger	n/a	n/a	108	n/a	n/a	n/a	n/a	n/a	n/a	n/a	n/a
3	10	498	possible_button_press	5885.527188099979	0.0	response	n/a	n/a	n/a	n/a	n/a	n/a	n/a	m	m	1	1
3	10	498	fix_cross_after_trial	5885.541475299979	1.1830221666641592	fixation cross	n/a	n/a	94	5885.541491399985	1.610000617802143e-05	n/a	n/a	n/a	n/a	n/a	n/a
3	n/a	n/a	fix_cross_iti	5885.541491399985	0.0	trigger	n/a	n/a	94	n/a	n/a	n/a	n/a	n/a	n/a	n/a	n/a
3	10	499	image	5886.742831799958	0.7648661666935368	image	door	door_08.png	4	5886.742896999989	6.520003080368042e-05	n/a	n/a	n/a	n/a	1	n/a
3	n/a	n/a	image	5886.742896999989	0.0	trigger	n/a	n/a	4	n/a	n/a	n/a	n/a	n/a	n/a	n/a	n/a
3	10	499	word	5887.507619199983	0.8327406666394381	word	Tür_german	n/a	104	5887.507641599979	2.239999594166875e-05	n/a	n/a	n/a	n/a	1	n/a
3	n/a	n/a	word	5887.507641599979	0.0	trigger	n/a	n/a	104	n/a	n/a	n/a	n/a	n/a	n/a	n/a	n/a
3	10	499	possible_button_press	5889.009509800002	0.0	response	n/a	n/a	n/a	n/a	n/a	n/a	n/a	m	m	1	1
3	10	499	fix_cross_after_trial	5889.023730899964	0.8497073666694632	fixation cross	n/a	n/a	94	5889.023755399976	2.4500011932104826e-05	n/a	n/a	n/a	n/a	n/a	n/a
3	n/a	n/a	fix_cross_iti	5889.023755399976	0.0	trigger	n/a	n/a	94	n/a	n/a	n/a	n/a	n/a	n/a	n/a	n/a
3	10	500	image	5889.893157099956	0.7637978667080461	image	chair	chair_10.png	8	5889.893227599969	7.050001295283437e-05	n/a	n/a	n/a	n/a	1	n/a
3	n/a	n/a	image	5889.893227599969	0.0	trigger	n/a	n/a	8	n/a	n/a	n/a	n/a	n/a	n/a	n/a	n/a
3	10	500	word	5890.656954899954	0.9159966667102708	word	Stuhl_german	n/a	108	5890.656998799997	4.390004323795438e-05	n/a	n/a	n/a	n/a	1	n/a
3	n/a	n/a	word	5890.656998799997	0.0	trigger	n/a	n/a	108	n/a	n/a	n/a	n/a	n/a	n/a	n/a	n/a
3	10	500	possible_button_press	5892.158801799989	0.0	response	n/a	n/a	n/a	n/a	n/a	n/a	n/a	m	m	1	1
3	10	500	fix_cross_after_trial	5892.172713399981	0.8999928666780761	fixation cross	n/a	n/a	94	5892.172732599953	1.9199971575289965e-05	n/a	n/a	n/a	n/a	n/a	n/a
3	n/a	n/a	fix_cross_iti	5892.172732599953	0.0	trigger	n/a	n/a	94	n/a	n/a	n/a	n/a	n/a	n/a	n/a	n/a
3	n/a	n/a	instruction_end	5894.488450000004	19.946286499965936	instructions	n/a	n/a	255	5894.4884859999875	3.5999983083456755e-05	n/a	n/a	n/a	n/a	n/a	n/a
3	n/a	n/a	exp_end	5894.4884859999875	0.0	trigger	n/a	n/a	255	n/a	n/a	n/a	n/a	n/a	n/a	n/a	n/a
