12.3066 	DEBUG 	Fullscreen settings ignored as running in pilot mode.
12.3078 	INFO 	Loaded monitor calibration from ['2025_07_24 17:26']
12.8856 	INFO 	Using renderer 'AMD Radeon (TM) Graphics' for graphics
12.8856 	INFO 	OpenGL version supported by driver is 4..
12.9260 	EXP 	Created window1 = Window(allowGUI=False, allowStencil=False, autoLog=True, backendConf=UNKNOWN, backgroundFit=<method-wrapper '__getattribute__' of attributeSetter object at 0x00000150EF637F40>, backgroundImage=<method-wrapper '__getattribute__' of attributeSetter object at 0x00000150EF637EE0>, bitsMode=UNKNOWN, blendMode='avg', bpc=(8, 8, 8), color=array([0., 0., 0.]), colorSpace='rgb', depthBits=8, fullscr=False, gamma=None, gammaErrorPolicy='raise', infoMsg=UNKNOWN, lms=UNKNOWN, monitor=<psychopy.monitors.calibTools.Monitor object at 0x00000150EF79D490>, multiSample=False, name='window1', numSamples=2, pos=[560.0, 240.0], screen=0, size=array([800, 600]), stencilBits=0, stereo=False, title='PsychoPy', units='height', useFBO=True, useRetina=False, viewOri=0.0, viewPos=None, viewScale=None, waitBlanking=True, winType='pyglet')
12.9261 	EXP 	window1: backgroundImage = ''
12.9261 	EXP 	window1: backgroundFit = 'none'
12.9546 	DEBUG 	TextBox2 loaded 1 chars with 0 blanks and 1 valid
12.9732 	DEBUG 	TextBox2 loaded 1 chars with 0 blanks and 1 valid
12.9926 	DEBUG 	TextBox2 loaded 1 chars with 0 blanks and 1 valid
13.0116 	DEBUG 	TextBox2 loaded 1 chars with 0 blanks and 1 valid
13.0308 	DEBUG 	TextBox2 loaded 1 chars with 0 blanks and 1 valid
13.0524 	DEBUG 	TextBox2 loaded 1 chars with 0 blanks and 1 valid
13.0747 	DEBUG 	TextBox2 loaded 1 chars with 0 blanks and 1 valid
13.0947 	DEBUG 	TextBox2 loaded 1 chars with 0 blanks and 1 valid
13.1143 	DEBUG 	TextBox2 loaded 1 chars with 0 blanks and 1 valid
13.1349 	DEBUG 	TextBox2 loaded 1 chars with 0 blanks and 1 valid
13.1573 	DEBUG 	TextBox2 loaded 1 chars with 0 blanks and 1 valid
13.1776 	DEBUG 	TextBox2 loaded 1 chars with 0 blanks and 1 valid
13.1978 	DEBUG 	TextBox2 loaded 1 chars with 0 blanks and 1 valid
13.2185 	DEBUG 	TextBox2 loaded 1 chars with 0 blanks and 1 valid
13.2396 	DEBUG 	TextBox2 loaded 1 chars with 0 blanks and 1 valid
13.2597 	DEBUG 	TextBox2 loaded 1 chars with 0 blanks and 1 valid
13.2795 	DEBUG 	TextBox2 loaded 1 chars with 0 blanks and 1 valid
13.3000 	DEBUG 	TextBox2 loaded 1 chars with 0 blanks and 1 valid
13.3270 	DEBUG 	TextBox2 loaded 1 chars with 0 blanks and 1 valid
13.3537 	DEBUG 	TextBox2 loaded 1 chars with 0 blanks and 1 valid
13.3765 	DEBUG 	TextBox2 loaded 1 chars with 0 blanks and 1 valid
13.3779 	DEBUG 	Uploading Texture Font fontname to graphics card
13.3826 	DEBUG 	Upload of Texture Font fontname complete
13.4176 	DEBUG 	TextBox2 loaded 1 chars with 0 blanks and 1 valid
13.4372 	DEBUG 	TextBox2 loaded 1 chars with 0 blanks and 1 valid
13.4573 	DEBUG 	TextBox2 loaded 1 chars with 0 blanks and 1 valid
13.4581 	DEBUG 	Uploading Texture Font fontname to graphics card
13.4607 	DEBUG 	Upload of Texture Font fontname complete
13.4669 	EXP 	window1: Attempting to measure frame rate of screen (0) ...
13.4670 	EXP 	window1: recordFrameIntervals = False
13.6660 	EXP 	window1: recordFrameIntervals = True
13.8453 	WARNING 	t of last frame was 29.22ms (=1/34)
13.8682 	WARNING 	t of last frame was 22.95ms (=1/43)
13.9718 	WARNING 	t of last frame was 21.98ms (=1/45)
15.0918 	WARNING 	t of last frame was 23.31ms (=1/42)
15.1157 	WARNING 	Multiple dropped frames have occurred - I'll stop bothering you about them!
15.3840 	WARNING 	Couldn't measure a consistent frame rate!
  - Is your graphics card set to sync to vertical blank?
  - Are you running other processes on your computer?

15.4108 	DEBUG 	TextBox2 loaded 1 chars with 0 blanks and 1 valid
15.4318 	DEBUG 	TextBox2 loaded 1 chars with 0 blanks and 1 valid
15.4538 	DEBUG 	TextBox2 loaded 1 chars with 0 blanks and 1 valid
15.4763 	DEBUG 	TextBox2 loaded 1 chars with 0 blanks and 1 valid
15.4973 	DEBUG 	TextBox2 loaded 1 chars with 0 blanks and 1 valid
15.5168 	DEBUG 	TextBox2 loaded 1 chars with 0 blanks and 1 valid
15.5393 	DEBUG 	TextBox2 loaded 1 chars with 0 blanks and 1 valid
15.5629 	DEBUG 	TextBox2 loaded 1 chars with 0 blanks and 1 valid
15.5901 	DEBUG 	TextBox2 loaded 1 chars with 0 blanks and 1 valid
15.6108 	DEBUG 	TextBox2 loaded 1 chars with 0 blanks and 1 valid
15.6116 	DEBUG 	Uploading Texture Font fontname to graphics card
15.6157 	DEBUG 	Upload of Texture Font fontname complete
16.0219 	INFO 	keyboard.Keyboard is using ptb backend.
16.0220 	EXP 	TSRlearn_localizer-concepts: status = STARTED
16.2411 	EXP 	Created instruction_part1 = TextStim(__class__=<class 'psychopy.visual.text.TextStim'>, alignHoriz=method-wrapper(...), alignText='center', alignVert=method-wrapper(...), anchorHoriz='center', anchorVert='center', antialias=True, autoDraw=False, autoLog=True, bold=False, color=array([1., 1., 1.]), colorSpace='rgb', contrast=1.0, depth=-1.0, draggable=False, flipHoriz=False, flipVert=False, font='Sans Sherif', fontFiles=[], height=0.025, italic=False, languageStyle='LTR', name='instruction_part1', opacity=1, ori=0.0, pos=array([0., 0.]), rgb=UNKNOWN, text='', units='height', win=Window(...), wrapWidth=1)
16.2430 	EXP 	Created instruction_part2 = TextStim(__class__=<class 'psychopy.visual.text.TextStim'>, alignHoriz=method-wrapper(...), alignText='center', alignVert=method-wrapper(...), anchorHoriz='center', anchorVert='center', antialias=True, autoDraw=False, autoLog=True, bold=False, color=array([1., 1., 1.]), colorSpace='rgb', contrast=1.0, depth=-1.0, draggable=False, flipHoriz=False, flipVert=False, font='Sans Sherif', fontFiles=[], height=0.025, italic=False, languageStyle='LTR', name='instruction_part2', opacity=1, ori=0.0, pos=array([0., 0.]), rgb=UNKNOWN, text='', units='height', win=Window(...), wrapWidth=1)
16.2445 	EXP 	Created instruction_part3 = TextStim(__class__=<class 'psychopy.visual.text.TextStim'>, alignHoriz=method-wrapper(...), alignText='center', alignVert=method-wrapper(...), anchorHoriz='center', anchorVert='center', antialias=True, autoDraw=False, autoLog=True, bold=False, color=array([1., 1., 1.]), colorSpace='rgb', contrast=1.0, depth=-1.0, draggable=False, flipHoriz=False, flipVert=False, font='Sans Sherif', fontFiles=[], height=0.025, italic=False, languageStyle='LTR', name='instruction_part3', opacity=1, ori=0.0, pos=array([0., 0.]), rgb=UNKNOWN, text='', units='height', win=Window(...), wrapWidth=1)
16.2457 	EXP 	Created instruction_part4 = TextStim(__class__=<class 'psychopy.visual.text.TextStim'>, alignHoriz=method-wrapper(...), alignText='center', alignVert=method-wrapper(...), anchorHoriz='center', anchorVert='center', antialias=True, autoDraw=False, autoLog=True, bold=False, color=array([1., 1., 1.]), colorSpace='rgb', contrast=1.0, depth=-1.0, draggable=False, flipHoriz=False, flipVert=False, font='Sans Sherif', fontFiles=[], height=0.025, italic=False, languageStyle='LTR', name='instruction_part4', opacity=1, ori=0.0, pos=array([0., 0.]), rgb=UNKNOWN, text='', units='height', win=Window(...), wrapWidth=1)
16.2522 	EXP 	Created image_prc = ImageStim(__class__=<class 'psychopy.visual.image.ImageStim'>, anchor=('center', 'center'), autoLog=True, color=array([1., 1., 1.]), colorSpace='rgb', contrast=1.0, depth=0.0, draggable=False, flipHoriz=False, flipVert=False, image='default.png', interpolate=True, mask=None, maskParams=None, name='image_prc', opacity=1, ori=0.0, pos=array([0., 0.]), size=array([0.2, 0.2]), texRes=128.0, units='height', win=Window(...))
16.4450 	INFO 	Loaded psychtoolbox audio version 3.0.19.696976569
16.8198 	WARNING 	No default speaker specified in Preferences / Hardware, using first speaker found: Lautsprecher (Realtek(R) Audio)
16.8199 	DEBUG 	Found speaker device: Lautsprecher (Realtek(R) Audio) (4.0)
17.4595 	INFO 	Created stream for speaker device: Lautsprecher (Realtek(R) Audio) (4.0)
17.4613 	EXP 	spoken_word_prc: sampleRate = 48000
17.4613 	EXP 	spoken_word_prc: channels = None
17.4727 	DEBUG 	Converted audio clip from mono to stereo
17.4797 	EXP 	Sound spoken_word_prc set volume 1.000
17.4873 	EXP 	Created fix_cross_prc = TextStim(__class__=<class 'psychopy.visual.text.TextStim'>, alignHoriz=method-wrapper(...), alignText='center', alignVert=method-wrapper(...), anchorHoriz='center', anchorVert='center', antialias=True, autoDraw=False, autoLog=True, bold=False, color=array([1., 1., 1.]), colorSpace='rgb', contrast=1.0, depth=-2.0, draggable=False, flipHoriz=False, flipVert=False, font='Sans Sherif', fontFiles=[], height=0.03, italic=False, languageStyle='LTR', name='fix_cross_prc', opacity=1, ori=0.0, pos=array([0., 0.]), rgb=UNKNOWN, text='+', units='height', win=Window(...), wrapWidth=1)
17.4895 	EXP 	Created fix_cross_2_prc = TextStim(__class__=<class 'psychopy.visual.text.TextStim'>, alignHoriz=method-wrapper(...), alignText='center', alignVert=method-wrapper(...), anchorHoriz='center', anchorVert='center', antialias=True, autoDraw=False, autoLog=True, bold=False, color=array([1., 1., 1.]), colorSpace='rgb', contrast=1.0, depth=0.0, draggable=False, flipHoriz=False, flipVert=False, font='Sans Sherif', fontFiles=[], height=0.03, italic=False, languageStyle='LTR', name='fix_cross_2_prc', opacity=1, ori=0.0, pos=array([0., 0.]), rgb=UNKNOWN, text='+', units='height', win=Window(...), wrapWidth=1)
17.4909 	EXP 	Created instruction_startexp = TextStim(__class__=<class 'psychopy.visual.text.TextStim'>, alignHoriz=method-wrapper(...), alignText='center', alignVert=method-wrapper(...), anchorHoriz='center', anchorVert='center', antialias=True, autoDraw=False, autoLog=True, bold=False, color=array([1., 1., 1.]), colorSpace='rgb', contrast=1.0, depth=-1.0, draggable=False, flipHoriz=False, flipVert=False, font='Sans Sherif', fontFiles=[], height=0.025, italic=False, languageStyle='LTR', name='instruction_startexp', opacity=1, ori=0.0, pos=array([0., 0.]), rgb=UNKNOWN, text='', units='height', win=Window(...), wrapWidth=1)
17.4921 	EXP 	Created instruction_startexp_2 = TextStim(__class__=<class 'psychopy.visual.text.TextStim'>, alignHoriz=method-wrapper(...), alignText='center', alignVert=method-wrapper(...), anchorHoriz='center', anchorVert='center', antialias=True, autoDraw=False, autoLog=True, bold=False, color=array([1., 1., 1.]), colorSpace='rgb', contrast=1.0, depth=-1.0, draggable=False, flipHoriz=False, flipVert=False, font='Sans Sherif', fontFiles=[], height=0.025, italic=False, languageStyle='LTR', name='instruction_startexp_2', opacity=1, ori=0.0, pos=array([0., 0.]), rgb=UNKNOWN, text='', units='height', win=Window(...), wrapWidth=1)
17.4993 	EXP 	Created image = ImageStim(__class__=<class 'psychopy.visual.image.ImageStim'>, anchor=('center', 'center'), autoLog=True, color=array([1., 1., 1.]), colorSpace='rgb', contrast=1.0, depth=-3.0, draggable=False, flipHoriz=False, flipVert=False, image='default.png', interpolate=True, mask=None, maskParams=None, name='image', opacity=1, ori=0.0, pos=array([0., 0.]), size=array([0.2, 0.2]), texRes=128.0, units='height', win=Window(...))
17.5420 	WARNING 	No default speaker specified in Preferences / Hardware, using first speaker found: Lautsprecher (Realtek(R) Audio)
17.5420 	DEBUG 	Found speaker device: Lautsprecher (Realtek(R) Audio) (4.0)
17.5585 	INFO 	Created stream for speaker device: Lautsprecher (Realtek(R) Audio) (4.0)
17.5602 	EXP 	spoken_word: sampleRate = 48000
17.5602 	EXP 	spoken_word: channels = None
17.5702 	DEBUG 	Converted audio clip from mono to stereo
17.5764 	EXP 	Sound spoken_word set volume 1.000
17.5792 	EXP 	Created fix_cross = TextStim(__class__=<class 'psychopy.visual.text.TextStim'>, alignHoriz=method-wrapper(...), alignText='center', alignVert=method-wrapper(...), anchorHoriz='center', anchorVert='center', antialias=True, autoDraw=False, autoLog=True, bold=False, color=array([1., 1., 1.]), colorSpace='rgb', contrast=1.0, depth=-4.0, draggable=False, flipHoriz=False, flipVert=False, font='Sans Sherif', fontFiles=[], height=0.03, italic=False, languageStyle='LTR', name='fix_cross', opacity=1, ori=0.0, pos=array([0., 0.]), rgb=UNKNOWN, text='+', units='height', win=Window(...), wrapWidth=1)
17.5812 	EXP 	Created fix_cross_2 = TextStim(__class__=<class 'psychopy.visual.text.TextStim'>, alignHoriz=method-wrapper(...), alignText='center', alignVert=method-wrapper(...), anchorHoriz='center', anchorVert='center', antialias=True, autoDraw=False, autoLog=True, bold=False, color=array([1., 1., 1.]), colorSpace='rgb', contrast=1.0, depth=-3.0, draggable=False, flipHoriz=False, flipVert=False, font='Sans Sherif', fontFiles=[], height=0.03, italic=False, languageStyle='LTR', name='fix_cross_2', opacity=1, ori=0.0, pos=array([0., 0.]), rgb=UNKNOWN, text='+', units='height', win=Window(...), wrapWidth=1)
17.5826 	EXP 	Created breaks_instruction = TextStim(__class__=<class 'psychopy.visual.text.TextStim'>, alignHoriz=method-wrapper(...), alignText='center', alignVert=method-wrapper(...), anchorHoriz='center', anchorVert='center', antialias=True, autoDraw=False, autoLog=True, bold=False, color=array([1., 1., 1.]), colorSpace='rgb', contrast=1.0, depth=-3.0, draggable=False, flipHoriz=False, flipVert=False, font='Sans Sherif', fontFiles=[], height=0.025, italic=False, languageStyle='LTR', name='breaks_instruction', opacity=1, ori=0.0, pos=array([0., 0.]), rgb=UNKNOWN, text='', units='height', win=Window(...), wrapWidth=1)
17.5896 	EXP 	Created progress_bar_breaks = Progress(__class__=<class 'psychopy.visual.progress.Progress'>, anchor=('left', 'center'), autoDraw=False, autoLog=True, closeShape=True, color=method-wrapper(...), colorSpace='rgb', contrast=None, depth=-6, draggable=False, fillColor=array([0, 0, 0]), fillColorSpace='rgb', fillRGB=array([0, 0, 0]), interpolate=True, lineColor=array([1., 1., 1.]), lineColorSpace='rgb', lineRGB=array([1, 1, 1]), lineWidth=4.0, name='progress_bar_breaks', opacity=1.0, ori=0.0, pos=array([-0.2 , -0.07]), size=array([0.4  , 0.015]), units='height', vertices=ndarray(...), win=Window(...), windingRule=None)
17.5913 	EXP 	Created progress_bar_breaksBar = ShapeStim(__class__=<class 'psychopy.visual.shape.ShapeStim'>, anchor=('left', 'center'), autoDraw=False, autoLog=True, closeShape=True, color=method-wrapper(...), colorSpace='rgb', contrast=None, depth=-6, draggable=False, fillColor=array([1, 1, 1]), fillColorSpace='rgb', fillRGB=array([1, 1, 1]), interpolate=True, lineColor=array([0., 0., 0.]), lineColorSpace='rgb', lineRGB=array([0, 0, 0]), lineWidth=1.5, name='progress_bar_breaksBar', opacity=1.0, ori=0.0, pos=array([-0.2 , -0.07]), size=array([0.4  , 0.015]), units='height', vertices=ndarray(...), win=Window(...), windingRule=None)
17.5927 	EXP 	Created instruction_continuebreak = TextStim(__class__=<class 'psychopy.visual.text.TextStim'>, alignHoriz=method-wrapper(...), alignText='center', alignVert=method-wrapper(...), anchorHoriz='center', anchorVert='center', antialias=True, autoDraw=False, autoLog=True, bold=False, color=array([1., 1., 1.]), colorSpace='rgb', contrast=1.0, depth=-8.0, draggable=False, flipHoriz=False, flipVert=False, font='Sans Sherif', fontFiles=[], height=0.025, italic=False, languageStyle='LTR', name='instruction_continuebreak', opacity=1, ori=0.0, pos=array([0., 0.]), rgb=UNKNOWN, text='', units='height', win=Window(...), wrapWidth=1)
17.5938 	EXP 	Created instruction_end = TextStim(__class__=<class 'psychopy.visual.text.TextStim'>, alignHoriz=method-wrapper(...), alignText='center', alignVert=method-wrapper(...), anchorHoriz='center', anchorVert='center', antialias=True, autoDraw=False, autoLog=True, bold=False, color=array([1., 1., 1.]), colorSpace='rgb', contrast=1.0, depth=-2.0, draggable=False, flipHoriz=False, flipVert=False, font='Sans Sherif', fontFiles=[], height=0.025, italic=False, languageStyle='LTR', name='instruction_end', opacity=1, ori=0.0, pos=array([0., 0.]), rgb=UNKNOWN, text='', units='height', win=Window(...), wrapWidth=1)
2026-08-06_16:54:31.609629 	DATA 	Mouse: Left button down, pos=(385,289)
2026-08-06_16:54:31.609960 	DATA 	Mouse:  Left button up, pos=(385,289)
2026-08-06_16:54:31.629777 	EXP 	progress_bar_breaks: direction = 'horizontal'
2026-08-06_16:54:31.629777 	EXP 	progress_bar_breaks: progress = 0.0
2026-08-06_16:54:31.680664 	EXP 	instruction_part1: height = 0.025
2026-08-06_16:54:31.680664 	EXP 	instruction_part1: height = 0.025
2026-08-06_16:54:31.680664 	EXP 	instruction_part1: height = 0.025
2026-08-06_16:54:31.680664 	EXP 	instruction_part1: text = 'Willkommen zum ersten Teil des Experiments.\nIn diesem Teil sehen Sie verschiedene Bilder\nund hören Wörter.\nIhre Aufgabe ist es zu entscheiden, ob die Wörter\ndie Dinge beschreiben, die Sie auf den Bildern sehen.\n\n[Drücken Sie eine beliebige Taste, um fortzufahren.]'
2026-08-06_16:54:31.680664 	EXP 	instruction_part1: autoDraw = True
2026-08-06_16:54:32.146562 	INFO 	Keyboard events cleared
2026-08-06_16:54:32.776079 	EXP 	Device response: <KeyPress from None: t=1.1579719000001205, value=r, duration=None>
2026-08-06_16:54:32.777502 	DATA 	Keypress: r
2026-08-06_16:54:32.933946 	EXP 	Device response: <KeyPress from None: t=1.1579719000001205, value=r, duration=0.1601840999937849>
2026-08-06_16:54:32.962695 	EXP 	instruction_part1: autoDraw = False
2026-08-06_16:54:32.962695 	EXP 	instruction_part2: height = 0.025
2026-08-06_16:54:32.962695 	EXP 	instruction_part2: height = 0.025
2026-08-06_16:54:32.962695 	EXP 	instruction_part2: height = 0.025
2026-08-06_16:54:32.962695 	EXP 	instruction_part2: text = 'Sie sehen zuerst ein Bild.\nDanach hören Sie ein gesprochenes Wort.\nEntscheiden Sie, ob das Wort zu dem Bild passt oder nicht.\n\n[Drücken Sie eine beliebige Taste, um fortzufahren.]'
2026-08-06_16:54:32.962695 	EXP 	instruction_part2: autoDraw = True
2026-08-06_16:54:33.400136 	EXP 	Device response: <KeyPress from None: t=1.7789691000070889, value=r, duration=None>
2026-08-06_16:54:33.401230 	DATA 	Keypress: r
2026-08-06_16:54:33.446497 	INFO 	Keyboard events cleared
2026-08-06_16:54:33.498915 	EXP 	Device response: <KeyPress from None: t=1.7789691000070889, value=r, duration=0.10089929999958258>
2026-08-06_16:54:33.528879 	EXP 	instruction_part2: autoDraw = False
2026-08-06_16:54:33.528879 	EXP 	instruction_part3: height = 0.025
2026-08-06_16:54:33.528879 	EXP 	instruction_part3: height = 0.025
2026-08-06_16:54:33.528879 	EXP 	instruction_part3: height = 0.025
2026-08-06_16:54:33.528879 	EXP 	instruction_part3: text = 'Wenn das Wort nicht zu dem Bild passt, reagieren Sie bitte sofort.\nDrücken Sie die obere Taste (rot), wenn das Wort\nnicht zu dem Bild passt, das Sie gerade gesehen haben.\n\nWenn das Wort zu dem Bild passt, drücken Sie keine Taste.\n\nDas Fixationskreuz verändert kurz seine Farbe,\num anzuzeigen, ob Ihre Antwort richtig war.\n\n[Drücken Sie eine beliebige Taste, um fortzufahren.]'
2026-08-06_16:54:33.528879 	EXP 	instruction_part3: autoDraw = True
2026-08-06_16:54:33.915650 	EXP 	Device response: <KeyPress from None: t=2.2959248999977717, value=r, duration=None>
2026-08-06_16:54:33.916248 	DATA 	Keypress: r
2026-08-06_16:54:34.012657 	INFO 	Keyboard events cleared
2026-08-06_16:54:34.032806 	EXP 	Device response: <KeyPress from None: t=2.2959248999977717, value=r, duration=0.12366270000347868>
2026-08-06_16:54:34.062795 	EXP 	instruction_part3: autoDraw = False
2026-08-06_16:54:34.062795 	EXP 	instruction_part4: height = 0.025
2026-08-06_16:54:34.062795 	EXP 	instruction_part4: height = 0.025
2026-08-06_16:54:34.062795 	EXP 	instruction_part4: height = 0.025
2026-08-06_16:54:34.062795 	EXP 	instruction_part4: text = 'Bitte antworten Sie so schnell und genau wie möglich.\nWir beginnen nun mit einigen Übungsdurchgängen.\nNutzen Sie die obere Taste (rot) für Nicht-Übereinstimmungen.\n\n[Drücken Sie eine beliebige Taste, um fortzufahren.]'
2026-08-06_16:54:34.062795 	EXP 	instruction_part4: autoDraw = True
2026-08-06_16:54:34.414788 	EXP 	Device response: <KeyPress from None: t=2.8025887999974657, value=r, duration=None>
2026-08-06_16:54:34.415478 	DATA 	Keypress: r
2026-08-06_16:54:34.563015 	INFO 	Keyboard events cleared
2026-08-06_16:54:35.134264 	EXP 	Device response: <KeyPress from None: t=3.5182755999994697, value=r, duration=None>
2026-08-06_16:54:35.134952 	DATA 	Keypress: r
2026-08-06_16:54:35.334443 	EXP 	Device response: <KeyPress from None: t=2.8025887999974657, value=r, duration=0.9138082999998005>
2026-08-06_16:54:35.345570 	DEBUG 	Read excel file with openpyxl: sequences/localiser_trials_prc.xlsx
2026-08-06_16:54:35.347094 	EXP 	Imported sequences/localiser_trials_prc.xlsx as conditions, 11 conditions, 8 params
2026-08-06_16:54:35.347572 	EXP 	New trial (rep=0, index=0): <Trial 0 (0 in rep 0) data={'image_shown': 'anchor.jpg', 'word_shown_german': 'Anker', 'word_shown_french': 'ancre', 'word_shown_english': 'anchor', 'ITI_length': 0.75, 'correct_response': 'y', 'match_idx': 1, 'nonmatch_pres_side': 'right', 'thisN': 0, 'thisTrialN': 0, 'thisRepN': 0}>
2026-08-06_16:54:35.423681 	EXP 	instruction_part4: autoDraw = False
2026-08-06_16:54:35.423681 	EXP 	image_prc: image = 'stimuli\\practice_images\\anchor.jpg'
2026-08-06_16:54:35.423681 	EXP 	image_prc: autoDraw = True
2026-08-06_16:54:36.168787 	EXP 	spoken_word_prc: sampleRate = 44100
2026-08-06_16:54:36.173730 	INFO 	Resampled audio from 44100Hz to 48000Hz using method 'default'.
2026-08-06_16:54:36.173763 	DEBUG 	Converted audio clip from mono to stereo
2026-08-06_16:54:36.175072 	EXP 	Sound spoken_word_prc reached end of file
4.5718 	EXP 	Playing sound spoken_word_prc on speaker Lautsprecher (Realtek(R) Audio)
2026-08-06_16:54:36.194756 	INFO 	Keyboard events cleared
2026-08-06_16:54:36.194643 	EXP 	image_prc: autoDraw = False
2026-08-06_16:54:36.194643 	EXP 	image_prc: autoDraw = False
2026-08-06_16:54:36.194643 	EXP 	fix_cross_prc: foreColor = <psychopy.colors.Color: white, alpha=1.0>
2026-08-06_16:54:36.194643 	EXP 	fix_cross_prc: autoDraw = True
2026-08-06_16:54:36.721840 	EXP 	Sound spoken_word_prc reached end of file
2026-08-06_16:54:36.731202 	EXP 	Sound spoken_word_prc reached end of file
2026-08-06_16:54:37.696126 	EXP 	fix_cross_prc: autoDraw = True
2026-08-06_16:54:37.696126 	EXP 	fix_cross_prc: autoDraw = False
2026-08-06_16:54:37.696126 	EXP 	fix_cross_2_prc: autoDraw = True
2026-08-06_16:54:38.433415 	EXP 	New trial (rep=0, index=1): <Trial 1 (1 in rep 0) data={'image_shown': 'ant.jpg', 'word_shown_german': 'Ameise', 'word_shown_french': 'fourmi', 'word_shown_english': 'ant', 'ITI_length': 0.89, 'correct_response': 'r', 'match_idx': 1, 'nonmatch_pres_side': 'left', 'thisN': 1, 'thisTrialN': 1, 'thisRepN': 0}>
2026-08-06_16:54:38.480645 	EXP 	fix_cross_2_prc: autoDraw = False
2026-08-06_16:54:38.480645 	EXP 	fix_cross_2_prc: autoDraw = False
2026-08-06_16:54:38.480645 	EXP 	image_prc: image = 'stimuli\\practice_images\\ant.jpg'
2026-08-06_16:54:38.480645 	EXP 	image_prc: autoDraw = True
2026-08-06_16:54:39.235101 	EXP 	spoken_word_prc: sampleRate = 44100
2026-08-06_16:54:39.243641 	INFO 	Resampled audio from 44100Hz to 48000Hz using method 'default'.
2026-08-06_16:54:39.243689 	DEBUG 	Converted audio clip from mono to stereo
2026-08-06_16:54:39.244490 	EXP 	Sound spoken_word_prc reached end of file
7.6383 	EXP 	Playing sound spoken_word_prc on speaker Lautsprecher (Realtek(R) Audio)
2026-08-06_16:54:39.260353 	INFO 	Keyboard events cleared
2026-08-06_16:54:39.260244 	EXP 	image_prc: autoDraw = False
2026-08-06_16:54:39.260244 	EXP 	image_prc: autoDraw = False
2026-08-06_16:54:39.260244 	EXP 	fix_cross_prc: foreColor = <psychopy.colors.Color: white, alpha=1.0>
2026-08-06_16:54:39.260244 	EXP 	fix_cross_prc: autoDraw = True
2026-08-06_16:54:39.953134 	EXP 	Sound spoken_word_prc reached end of file
2026-08-06_16:54:39.966729 	EXP 	Sound spoken_word_prc reached end of file
2026-08-06_16:54:40.760648 	EXP 	fix_cross_prc: autoDraw = True
2026-08-06_16:54:40.760648 	EXP 	fix_cross_prc: autoDraw = False
2026-08-06_16:54:40.760648 	EXP 	fix_cross_2_prc: autoDraw = True
2026-08-06_16:54:41.648129 	EXP 	New trial (rep=0, index=2): <Trial 2 (2 in rep 0) data={'image_shown': 'axe.jpg', 'word_shown_german': 'Pferd', 'word_shown_french': 'cheval', 'word_shown_english': 'horse', 'ITI_length': 0.85, 'correct_response': 'y', 'match_idx': 0, 'nonmatch_pres_side': 'left', 'thisN': 2, 'thisTrialN': 2, 'thisRepN': 0}>
2026-08-06_16:54:41.696831 	EXP 	fix_cross_2_prc: autoDraw = False
2026-08-06_16:54:41.696831 	EXP 	fix_cross_2_prc: autoDraw = False
2026-08-06_16:54:41.696831 	EXP 	image_prc: image = 'stimuli\\practice_images\\axe.jpg'
2026-08-06_16:54:41.696831 	EXP 	image_prc: autoDraw = True
2026-08-06_16:54:42.446909 	EXP 	spoken_word_prc: sampleRate = 44100
2026-08-06_16:54:42.449870 	INFO 	Resampled audio from 44100Hz to 48000Hz using method 'default'.
2026-08-06_16:54:42.449915 	DEBUG 	Converted audio clip from mono to stereo
2026-08-06_16:54:42.450710 	EXP 	Sound spoken_word_prc reached end of file
10.8514 	EXP 	Playing sound spoken_word_prc on speaker Lautsprecher (Realtek(R) Audio)
2026-08-06_16:54:42.462669 	INFO 	Keyboard events cleared
2026-08-06_16:54:42.462473 	EXP 	image_prc: autoDraw = False
2026-08-06_16:54:42.462473 	EXP 	image_prc: autoDraw = False
2026-08-06_16:54:42.462473 	EXP 	fix_cross_prc: foreColor = <psychopy.colors.Color: white, alpha=1.0>
2026-08-06_16:54:42.462473 	EXP 	fix_cross_prc: autoDraw = True
2026-08-06_16:54:42.996137 	EXP 	Sound spoken_word_prc reached end of file
2026-08-06_16:54:43.015126 	EXP 	Sound spoken_word_prc reached end of file
2026-08-06_16:54:43.959809 	EXP 	fix_cross_prc: foreColor = <psychopy.colors.Color: red, alpha=1.0>
2026-08-06_16:54:44.177150 	EXP 	fix_cross_prc: autoDraw = False
2026-08-06_16:54:44.177150 	EXP 	fix_cross_2_prc: autoDraw = True
2026-08-06_16:54:45.013366 	EXP 	New trial (rep=0, index=3): <Trial 3 (3 in rep 0) data={'image_shown': 'bus.jpg', 'word_shown_german': 'Bus', 'word_shown_french': 'bus', 'word_shown_english': 'bus', 'ITI_length': 1.01, 'correct_response': 'y', 'match_idx': 1, 'nonmatch_pres_side': 'right', 'thisN': 3, 'thisTrialN': 3, 'thisRepN': 0}>
2026-08-06_16:54:45.062223 	EXP 	fix_cross_2_prc: autoDraw = False
2026-08-06_16:54:45.062223 	EXP 	fix_cross_2_prc: autoDraw = False
2026-08-06_16:54:45.062223 	EXP 	image_prc: image = 'stimuli\\practice_images\\bus.jpg'
2026-08-06_16:54:45.062223 	EXP 	image_prc: autoDraw = True
2026-08-06_16:54:45.799205 	EXP 	spoken_word_prc: sampleRate = 44100
2026-08-06_16:54:45.803047 	INFO 	Resampled audio from 44100Hz to 48000Hz using method 'default'.
2026-08-06_16:54:45.803081 	DEBUG 	Converted audio clip from mono to stereo
2026-08-06_16:54:45.803869 	EXP 	Sound spoken_word_prc reached end of file
14.2027 	EXP 	Playing sound spoken_word_prc on speaker Lautsprecher (Realtek(R) Audio)
2026-08-06_16:54:45.825525 	INFO 	Keyboard events cleared
2026-08-06_16:54:45.825367 	EXP 	image_prc: autoDraw = False
2026-08-06_16:54:45.825367 	EXP 	image_prc: autoDraw = False
2026-08-06_16:54:45.825367 	EXP 	fix_cross_prc: foreColor = <psychopy.colors.Color: white, alpha=1.0>
2026-08-06_16:54:45.825367 	EXP 	fix_cross_prc: autoDraw = True
2026-08-06_16:54:46.283713 	EXP 	Sound spoken_word_prc reached end of file
2026-08-06_16:54:46.295708 	EXP 	Sound spoken_word_prc reached end of file
2026-08-06_16:54:47.325064 	EXP 	fix_cross_prc: autoDraw = True
2026-08-06_16:54:47.325064 	EXP 	fix_cross_prc: autoDraw = False
2026-08-06_16:54:47.325064 	EXP 	fix_cross_2_prc: autoDraw = True
2026-08-06_16:54:48.327223 	EXP 	New trial (rep=0, index=4): <Trial 4 (4 in rep 0) data={'image_shown': 'ball.jpg', 'word_shown_german': 'Gesicht', 'word_shown_french': 'visage', 'word_shown_english': 'face', 'ITI_length': 1.04, 'correct_response': 'r', 'match_idx': 0, 'nonmatch_pres_side': 'right', 'thisN': 4, 'thisTrialN': 4, 'thisRepN': 0}>
2026-08-06_16:54:48.395059 	EXP 	fix_cross_2_prc: autoDraw = False
2026-08-06_16:54:48.395059 	EXP 	fix_cross_2_prc: autoDraw = False
2026-08-06_16:54:48.395059 	EXP 	image_prc: image = 'stimuli\\practice_images\\ball.jpg'
2026-08-06_16:54:48.395059 	EXP 	image_prc: autoDraw = True
2026-08-06_16:54:49.147444 	EXP 	spoken_word_prc: sampleRate = 44100
2026-08-06_16:54:49.149949 	INFO 	Resampled audio from 44100Hz to 48000Hz using method 'default'.
2026-08-06_16:54:49.149972 	DEBUG 	Converted audio clip from mono to stereo
2026-08-06_16:54:49.150796 	EXP 	Sound spoken_word_prc reached end of file
17.5504 	EXP 	Playing sound spoken_word_prc on speaker Lautsprecher (Realtek(R) Audio)
2026-08-06_16:54:49.158583 	INFO 	Keyboard events cleared
2026-08-06_16:54:49.158451 	EXP 	image_prc: autoDraw = False
2026-08-06_16:54:49.158451 	EXP 	image_prc: autoDraw = False
2026-08-06_16:54:49.158451 	EXP 	fix_cross_prc: foreColor = <psychopy.colors.Color: white, alpha=1.0>
2026-08-06_16:54:49.158451 	EXP 	fix_cross_prc: autoDraw = True
2026-08-06_16:54:49.764129 	EXP 	Sound spoken_word_prc reached end of file
2026-08-06_16:54:49.776648 	EXP 	Sound spoken_word_prc reached end of file
2026-08-06_16:54:50.673851 	EXP 	fix_cross_prc: foreColor = <psychopy.colors.Color: red, alpha=1.0>
2026-08-06_16:54:50.875227 	EXP 	fix_cross_prc: autoDraw = False
2026-08-06_16:54:50.875227 	EXP 	fix_cross_2_prc: autoDraw = True
2026-08-06_16:54:51.909549 	EXP 	New trial (rep=0, index=5): <Trial 5 (5 in rep 0) data={'image_shown': 'banana.jpg', 'word_shown_german': 'Banane', 'word_shown_french': 'banane', 'word_shown_english': 'banana', 'ITI_length': 0.99, 'correct_response': 'y', 'match_idx': 1, 'nonmatch_pres_side': 'right', 'thisN': 5, 'thisTrialN': 5, 'thisRepN': 0}>
2026-08-06_16:54:51.961301 	EXP 	fix_cross_2_prc: autoDraw = False
2026-08-06_16:54:51.961301 	EXP 	fix_cross_2_prc: autoDraw = False
2026-08-06_16:54:51.961301 	EXP 	image_prc: image = 'stimuli\\practice_images\\banana.jpg'
2026-08-06_16:54:51.961301 	EXP 	image_prc: autoDraw = True
2026-08-06_16:54:52.711232 	EXP 	spoken_word_prc: sampleRate = 44100
2026-08-06_16:54:52.719052 	INFO 	Resampled audio from 44100Hz to 48000Hz using method 'default'.
2026-08-06_16:54:52.719098 	DEBUG 	Converted audio clip from mono to stereo
2026-08-06_16:54:52.720006 	EXP 	Sound spoken_word_prc reached end of file
21.1156 	EXP 	Playing sound spoken_word_prc on speaker Lautsprecher (Realtek(R) Audio)
2026-08-06_16:54:52.740325 	INFO 	Keyboard events cleared
2026-08-06_16:54:52.740183 	EXP 	image_prc: autoDraw = False
2026-08-06_16:54:52.740183 	EXP 	image_prc: autoDraw = False
2026-08-06_16:54:52.740183 	EXP 	fix_cross_prc: foreColor = <psychopy.colors.Color: white, alpha=1.0>
2026-08-06_16:54:52.740183 	EXP 	fix_cross_prc: autoDraw = True
2026-08-06_16:54:53.361917 	EXP 	Sound spoken_word_prc reached end of file
2026-08-06_16:54:53.375283 	EXP 	Sound spoken_word_prc reached end of file
2026-08-06_16:54:54.239651 	EXP 	fix_cross_prc: autoDraw = True
2026-08-06_16:54:54.239651 	EXP 	fix_cross_prc: autoDraw = False
2026-08-06_16:54:54.239651 	EXP 	fix_cross_2_prc: autoDraw = True
2026-08-06_16:54:55.224946 	EXP 	New trial (rep=0, index=6): <Trial 6 (6 in rep 0) data={'image_shown': 'glasses.jpg', 'word_shown_german': 'Brille', 'word_shown_french': 'lunettes', 'word_shown_english': 'glasses', 'ITI_length': 0.79, 'correct_response': 'r', 'match_idx': 1, 'nonmatch_pres_side': 'left', 'thisN': 6, 'thisTrialN': 6, 'thisRepN': 0}>
2026-08-06_16:54:55.275154 	EXP 	fix_cross_2_prc: autoDraw = False
2026-08-06_16:54:55.275154 	EXP 	fix_cross_2_prc: autoDraw = False
2026-08-06_16:54:55.275154 	EXP 	image_prc: image = 'stimuli\\practice_images\\glasses.jpg'
2026-08-06_16:54:55.275154 	EXP 	image_prc: autoDraw = True
2026-08-06_16:54:56.025802 	EXP 	spoken_word_prc: sampleRate = 44100
2026-08-06_16:54:56.029231 	INFO 	Resampled audio from 44100Hz to 48000Hz using method 'default'.
2026-08-06_16:54:56.029256 	DEBUG 	Converted audio clip from mono to stereo
2026-08-06_16:54:56.029825 	EXP 	Sound spoken_word_prc reached end of file
24.4304 	EXP 	Playing sound spoken_word_prc on speaker Lautsprecher (Realtek(R) Audio)
2026-08-06_16:54:56.038869 	INFO 	Keyboard events cleared
2026-08-06_16:54:56.038768 	EXP 	image_prc: autoDraw = False
2026-08-06_16:54:56.038768 	EXP 	image_prc: autoDraw = False
2026-08-06_16:54:56.038768 	EXP 	fix_cross_prc: foreColor = <psychopy.colors.Color: white, alpha=1.0>
2026-08-06_16:54:56.038768 	EXP 	fix_cross_prc: autoDraw = True
2026-08-06_16:54:56.524200 	EXP 	Sound spoken_word_prc reached end of file
2026-08-06_16:54:56.541058 	EXP 	Sound spoken_word_prc reached end of file
2026-08-06_16:54:57.554996 	EXP 	fix_cross_prc: autoDraw = True
2026-08-06_16:54:57.554996 	EXP 	fix_cross_prc: autoDraw = False
2026-08-06_16:54:57.554996 	EXP 	fix_cross_2_prc: autoDraw = True
2026-08-06_16:54:58.340213 	EXP 	New trial (rep=0, index=7): <Trial 7 (7 in rep 0) data={'image_shown': 'basket.jpg', 'word_shown_german': 'Korb', 'word_shown_french': 'panier', 'word_shown_english': 'basket', 'ITI_length': 0.77, 'correct_response': 'y', 'match_idx': 1, 'nonmatch_pres_side': 'right', 'thisN': 7, 'thisTrialN': 7, 'thisRepN': 0}>
2026-08-06_16:54:58.390639 	EXP 	fix_cross_2_prc: autoDraw = False
2026-08-06_16:54:58.390639 	EXP 	fix_cross_2_prc: autoDraw = False
2026-08-06_16:54:58.390639 	EXP 	image_prc: image = 'stimuli\\practice_images\\basket.jpg'
2026-08-06_16:54:58.390639 	EXP 	image_prc: autoDraw = True
2026-08-06_16:54:59.141712 	EXP 	spoken_word_prc: sampleRate = 44100
2026-08-06_16:54:59.144202 	INFO 	Resampled audio from 44100Hz to 48000Hz using method 'default'.
2026-08-06_16:54:59.144227 	DEBUG 	Converted audio clip from mono to stereo
2026-08-06_16:54:59.144835 	EXP 	Sound spoken_word_prc reached end of file
27.5462 	EXP 	Playing sound spoken_word_prc on speaker Lautsprecher (Realtek(R) Audio)
2026-08-06_16:54:59.154656 	INFO 	Keyboard events cleared
2026-08-06_16:54:59.154539 	EXP 	image_prc: autoDraw = False
2026-08-06_16:54:59.154539 	EXP 	image_prc: autoDraw = False
2026-08-06_16:54:59.154539 	EXP 	fix_cross_prc: foreColor = <psychopy.colors.Color: white, alpha=1.0>
2026-08-06_16:54:59.154539 	EXP 	fix_cross_prc: autoDraw = True
2026-08-06_16:54:59.616049 	EXP 	Sound spoken_word_prc reached end of file
2026-08-06_16:54:59.639213 	EXP 	Sound spoken_word_prc reached end of file
2026-08-06_16:55:00.670521 	EXP 	fix_cross_prc: autoDraw = True
2026-08-06_16:55:00.670521 	EXP 	fix_cross_prc: autoDraw = False
2026-08-06_16:55:00.670521 	EXP 	fix_cross_2_prc: autoDraw = True
2026-08-06_16:55:01.440008 	EXP 	New trial (rep=0, index=8): <Trial 8 (8 in rep 0) data={'image_shown': 'bear.jpg', 'word_shown_german': 'Milch', 'word_shown_french': 'lait', 'word_shown_english': 'milk', 'ITI_length': 1.23, 'correct_response': 'r', 'match_idx': 0, 'nonmatch_pres_side': 'right', 'thisN': 8, 'thisTrialN': 8, 'thisRepN': 0}>
2026-08-06_16:55:01.490089 	EXP 	fix_cross_2_prc: autoDraw = False
2026-08-06_16:55:01.490089 	EXP 	fix_cross_2_prc: autoDraw = False
2026-08-06_16:55:01.490089 	EXP 	image_prc: image = 'stimuli\\practice_images\\bear.jpg'
2026-08-06_16:55:01.490089 	EXP 	image_prc: autoDraw = True
2026-08-06_16:55:02.240398 	EXP 	spoken_word_prc: sampleRate = 44100
2026-08-06_16:55:02.242900 	INFO 	Resampled audio from 44100Hz to 48000Hz using method 'default'.
2026-08-06_16:55:02.242924 	DEBUG 	Converted audio clip from mono to stereo
2026-08-06_16:55:02.243464 	EXP 	Sound spoken_word_prc reached end of file
30.6449 	EXP 	Playing sound spoken_word_prc on speaker Lautsprecher (Realtek(R) Audio)
2026-08-06_16:55:02.253532 	INFO 	Keyboard events cleared
2026-08-06_16:55:02.253446 	EXP 	image_prc: autoDraw = False
2026-08-06_16:55:02.253446 	EXP 	image_prc: autoDraw = False
2026-08-06_16:55:02.253446 	EXP 	fix_cross_prc: foreColor = <psychopy.colors.Color: white, alpha=1.0>
2026-08-06_16:55:02.253446 	EXP 	fix_cross_prc: autoDraw = True
2026-08-06_16:55:02.783000 	EXP 	Sound spoken_word_prc reached end of file
2026-08-06_16:55:02.805974 	EXP 	Sound spoken_word_prc reached end of file
2026-08-06_16:55:03.769535 	EXP 	fix_cross_prc: foreColor = <psychopy.colors.Color: red, alpha=1.0>
2026-08-06_16:55:03.969650 	EXP 	fix_cross_prc: autoDraw = False
2026-08-06_16:55:03.969650 	EXP 	fix_cross_2_prc: autoDraw = True
2026-08-06_16:55:05.188852 	EXP 	New trial (rep=0, index=9): <Trial 9 (9 in rep 0) data={'image_shown': 'belt.jpg', 'word_shown_german': 'Gürtel', 'word_shown_french': 'ceinture', 'word_shown_english': 'belt', 'ITI_length': 1.1, 'correct_response': 'y', 'match_idx': 1, 'nonmatch_pres_side': 'left', 'thisN': 9, 'thisTrialN': 9, 'thisRepN': 0}>
2026-08-06_16:55:05.239033 	EXP 	fix_cross_2_prc: autoDraw = False
2026-08-06_16:55:05.239033 	EXP 	fix_cross_2_prc: autoDraw = False
2026-08-06_16:55:05.239033 	EXP 	image_prc: image = 'stimuli\\practice_images\\belt.jpg'
2026-08-06_16:55:05.239033 	EXP 	image_prc: autoDraw = True
2026-08-06_16:55:05.989037 	EXP 	spoken_word_prc: sampleRate = 48000
2026-08-06_16:55:05.989854 	DEBUG 	Converted audio clip from mono to stereo
2026-08-06_16:55:05.990411 	EXP 	Sound spoken_word_prc reached end of file
34.3939 	EXP 	Playing sound spoken_word_prc on speaker Lautsprecher (Realtek(R) Audio)
2026-08-06_16:55:06.002431 	INFO 	Keyboard events cleared
2026-08-06_16:55:06.002328 	EXP 	image_prc: autoDraw = False
2026-08-06_16:55:06.002328 	EXP 	image_prc: autoDraw = False
2026-08-06_16:55:06.002328 	EXP 	fix_cross_prc: foreColor = <psychopy.colors.Color: white, alpha=1.0>
2026-08-06_16:55:06.002328 	EXP 	fix_cross_prc: autoDraw = True
2026-08-06_16:55:06.561479 	EXP 	Sound spoken_word_prc reached end of file
2026-08-06_16:55:06.571038 	EXP 	Sound spoken_word_prc reached end of file
2026-08-06_16:55:07.518548 	EXP 	fix_cross_prc: autoDraw = True
2026-08-06_16:55:07.518548 	EXP 	fix_cross_prc: autoDraw = False
2026-08-06_16:55:07.518548 	EXP 	fix_cross_2_prc: autoDraw = True
2026-08-06_16:55:08.603976 	EXP 	New trial (rep=0, index=10): <Trial 10 (10 in rep 0) data={'image_shown': 'bike.jpg', 'word_shown_german': 'Fahrrad', 'word_shown_french': 'vélo', 'word_shown_english': 'bicycle', 'ITI_length': 1.25, 'correct_response': 'y', 'match_idx': 1, 'nonmatch_pres_side': 'left', 'thisN': 10, 'thisTrialN': 10, 'thisRepN': 0}>
2026-08-06_16:55:08.654219 	EXP 	fix_cross_2_prc: autoDraw = False
2026-08-06_16:55:08.654219 	EXP 	fix_cross_2_prc: autoDraw = False
2026-08-06_16:55:08.654219 	EXP 	image_prc: image = 'stimuli\\practice_images\\bike.jpg'
2026-08-06_16:55:08.654219 	EXP 	image_prc: autoDraw = True
2026-08-06_16:55:09.404725 	EXP 	spoken_word_prc: sampleRate = 48000
2026-08-06_16:55:09.405692 	DEBUG 	Converted audio clip from mono to stereo
2026-08-06_16:55:09.406314 	EXP 	Sound spoken_word_prc reached end of file
37.8096 	EXP 	Playing sound spoken_word_prc on speaker Lautsprecher (Realtek(R) Audio)
2026-08-06_16:55:09.417881 	INFO 	Keyboard events cleared
2026-08-06_16:55:09.417760 	EXP 	image_prc: autoDraw = False
2026-08-06_16:55:09.417760 	EXP 	image_prc: autoDraw = False
2026-08-06_16:55:09.417760 	EXP 	fix_cross_prc: foreColor = <psychopy.colors.Color: white, alpha=1.0>
2026-08-06_16:55:09.417760 	EXP 	fix_cross_prc: autoDraw = True
2026-08-06_16:55:10.095049 	EXP 	Sound spoken_word_prc reached end of file
2026-08-06_16:55:10.103892 	EXP 	Sound spoken_word_prc reached end of file
2026-08-06_16:55:10.934127 	EXP 	fix_cross_prc: autoDraw = True
2026-08-06_16:55:10.934127 	EXP 	fix_cross_prc: autoDraw = False
2026-08-06_16:55:10.934127 	EXP 	fix_cross_2_prc: autoDraw = True
2026-08-06_16:55:12.302586 	INFO 	saved data to C:\sync_folder\TSRlearn-task\psychopy_exp_files\data\3_TSRlearn_localizer-concepts_2026-08-06_16h54.21.415_trials_practice.csv
2026-08-06_16:55:12.332427 	EXP 	fix_cross_2_prc: autoDraw = False
2026-08-06_16:55:12.332427 	EXP 	fix_cross_2_prc: autoDraw = False
2026-08-06_16:55:12.332427 	EXP 	instruction_startexp: height = 0.025
2026-08-06_16:55:12.332427 	EXP 	instruction_startexp: height = 0.025
2026-08-06_16:55:12.332427 	EXP 	instruction_startexp: height = 0.025
2026-08-06_16:55:12.332427 	EXP 	instruction_startexp: text = 'Sie haben alle Übungsdurchgänge abgeschlossen.\n\nDie Hauptaufgabe beginnt jetzt.\n\nDrücken Sie immer die obere Taste (rot), wenn das Wort\nnicht zu dem vorherigen Bild passt.\n\n[Drücken Sie eine beliebige Taste, um weiterzumachen.]'
2026-08-06_16:55:12.332427 	EXP 	instruction_startexp: autoDraw = True
2026-08-06_16:55:12.683646 	INFO 	Keyboard events cleared
2026-08-06_16:55:17.001173 	EXP 	Device response: <KeyPress from None: t=45.38199870000244, value=r, duration=None>
2026-08-06_16:55:17.001713 	DATA 	Keypress: r
2026-08-06_16:55:17.151187 	EXP 	Device response: <KeyPress from None: t=3.5182755999994697, value=r, duration=42.02376310000545>
2026-08-06_16:55:17.180825 	EXP 	instruction_startexp: autoDraw = False
2026-08-06_16:55:17.180825 	EXP 	instruction_startexp_2: height = 0.025
2026-08-06_16:55:17.180825 	EXP 	instruction_startexp_2: height = 0.025
2026-08-06_16:55:17.180825 	EXP 	instruction_startexp_2: height = 0.025
2026-08-06_16:55:17.180825 	EXP 	instruction_startexp_2: text = 'Das MEG-Signal ist sehr empfindlich gegenüber\nAugen- und Körperbewegungen. Bitte bewegen und blinzeln Sie\nwährend der Aufgabenblöcke so wenig wie möglich.\n\nNach jedem Block gibt es eine kurze Pause, in der Sie sich\nbewegen und ausruhen können.\n\nSobald die Aufgabe wieder beginnt, sitzen Sie bitte wieder still.\n\n[Drücken Sie eine beliebige Taste, um die Hauptaufgabe zu starten.]'
2026-08-06_16:55:17.180825 	EXP 	instruction_startexp_2: autoDraw = True
2026-08-06_16:55:17.665347 	INFO 	Keyboard events cleared
2026-08-06_16:55:17.700799 	EXP 	Device response: <KeyPress from None: t=46.07686040000408, value=r, duration=None>
2026-08-06_16:55:17.701326 	DATA 	Keypress: r
2026-08-06_16:55:17.801024 	EXP 	Device response: <KeyPress from None: t=45.38199870000244, value=r, duration=0.8007321000040974>
2026-08-06_16:55:17.937971 	DEBUG 	Read excel file with openpyxl: sequences/localizer_conditions_03_old.xlsx
2026-08-06_16:55:18.035870 	EXP 	Imported sequences/localizer_conditions_03_old.xlsx as conditions, 500 conditions, 15 params
2026-08-06_16:55:18.041577 	EXP 	New trial (rep=0, index=0): <Trial 0 (0 in rep 0) data={'block': 1, 'trial_in_block': 1, 'concept': 'house', 'concept_num': 9, 'concept_num_word': 9, 'exemplar_num': 29, 'image_shown': 'house\\house_29.jpg', 'word_shown_english': 'house', 'word_shown_german': 'Haus', 'word_shown_french': 'Maison', 'is_prompt': 1, 'is_mismatch': 0, 'ITI_length': 1.15, 'correct_response': None, 'nonmatch_pres_side': None, 'thisN': 0, 'thisTrialN': 0, 'thisRepN': 0}>
2026-08-06_16:55:18.073383 	EXP 	Device response: <KeyPress from None: t=46.33686399999715, value=r, duration=None>
2026-08-06_16:55:18.074613 	DATA 	Keypress: r
2026-08-06_16:55:18.086954 	EXP 	instruction_startexp_2: autoDraw = False
2026-08-06_16:55:18.086954 	EXP 	image: image = 'stimuli\\house\\house_29.jpg'
2026-08-06_16:55:18.086954 	EXP 	image: autoDraw = True
2026-08-06_16:55:18.101511 	EXP 	Device response: <KeyPress from None: t=46.07686040000408, value=r, duration=0.410057200002484>
2026-08-06_16:55:18.834978 	EXP 	spoken_word: sampleRate = 44100
2026-08-06_16:55:18.841282 	INFO 	Resampled audio from 44100Hz to 48000Hz using method 'default'.
2026-08-06_16:55:18.841316 	DEBUG 	Converted audio clip from mono to stereo
2026-08-06_16:55:18.842315 	EXP 	Sound spoken_word reached end of file
47.2397 	EXP 	Playing sound spoken_word on speaker Lautsprecher (Realtek(R) Audio)
2026-08-06_16:55:18.848495 	INFO 	Keyboard events cleared
2026-08-06_16:55:18.848352 	EXP 	image: autoDraw = False
2026-08-06_16:55:18.848352 	EXP 	image: autoDraw = False
2026-08-06_16:55:18.848352 	EXP 	fix_cross: foreColor = <psychopy.colors.Color: white, alpha=1.0>
2026-08-06_16:55:18.848352 	EXP 	fix_cross: autoDraw = True
2026-08-06_16:55:19.367479 	EXP 	Sound spoken_word reached end of file
2026-08-06_16:55:19.383655 	EXP 	Sound spoken_word reached end of file
2026-08-06_16:55:20.347574 	EXP 	fix_cross: autoDraw = False
2026-08-06_16:55:20.364427 	EXP 	fix_cross: foreColor = <psychopy.colors.Color: white, alpha=1.0>
2026-08-06_16:55:20.364427 	EXP 	fix_cross_prc: autoDraw = True
2026-08-06_16:55:20.364427 	EXP 	fix_cross: autoDraw = False
2026-08-06_16:55:20.364427 	EXP 	fix_cross_2: autoDraw = True
2026-08-06_16:55:21.508710 	EXP 	New trial (rep=0, index=1): <Trial 1 (1 in rep 0) data={'block': 1, 'trial_in_block': 2, 'concept': 'bicycle', 'concept_num': 2, 'concept_num_word': 2, 'exemplar_num': 44, 'image_shown': 'bicycle\\bicycle_44.jpg', 'word_shown_english': 'bicycle', 'word_shown_german': 'Fahrrad', 'word_shown_french': 'Vélo', 'is_prompt': 1, 'is_mismatch': 0, 'ITI_length': 1.01, 'correct_response': None, 'nonmatch_pres_side': None, 'thisN': 1, 'thisTrialN': 1, 'thisRepN': 0}>
2026-08-06_16:55:21.585343 	EXP 	fix_cross_2: autoDraw = False
2026-08-06_16:55:21.585343 	EXP 	fix_cross_2: autoDraw = False
2026-08-06_16:55:21.585343 	EXP 	breaks_instruction: height = 0.025
2026-08-06_16:55:21.585343 	EXP 	breaks_instruction: height = 0.025
2026-08-06_16:55:21.585343 	EXP 	breaks_instruction: height = 0.025
2026-08-06_16:55:21.585343 	EXP 	breaks_instruction: text = 'Pause, die Aufgabe geht gleich weiter.\nEs sind noch 9 Blöcke übrig.'
2026-08-06_16:55:21.585343 	EXP 	instruction_continuebreak: height = 0.025
2026-08-06_16:55:21.585343 	EXP 	instruction_continuebreak: height = 0.025
2026-08-06_16:55:21.585343 	EXP 	instruction_continuebreak: height = 0.025
2026-08-06_16:55:21.585343 	EXP 	instruction_continuebreak: text = 'Die Pause ist vorbei.\nBitte drücken Sie eine beliebige Taste,\nsobald sie bereit sind, weiterzumachen.'
2026-08-06_16:55:21.585343 	EXP 	breaks_instruction: autoDraw = False
2026-08-06_16:55:21.585343 	EXP 	progress_bar_breaks: autoDraw = False
2026-08-06_16:55:21.585343 	EXP 	instruction_continuebreak: autoDraw = False
2026-08-06_16:55:21.585343 	EXP 	image: image = 'stimuli\\bicycle\\bicycle_44.jpg'
2026-08-06_16:55:21.585343 	EXP 	image: autoDraw = True
2026-08-06_16:55:22.334495 	EXP 	spoken_word: sampleRate = 48000
2026-08-06_16:55:22.335380 	DEBUG 	Converted audio clip from mono to stereo
2026-08-06_16:55:22.335983 	EXP 	Sound spoken_word reached end of file
50.7389 	EXP 	Playing sound spoken_word on speaker Lautsprecher (Realtek(R) Audio)
2026-08-06_16:55:22.347796 	INFO 	Keyboard events cleared
2026-08-06_16:55:22.347607 	EXP 	image: autoDraw = False
2026-08-06_16:55:22.347607 	EXP 	image: autoDraw = False
2026-08-06_16:55:22.347607 	EXP 	fix_cross: foreColor = <psychopy.colors.Color: white, alpha=1.0>
2026-08-06_16:55:22.347607 	EXP 	fix_cross: autoDraw = True
2026-08-06_16:55:22.351567 	DATA 	Mouse: Left button down, pos=(385,289)
2026-08-06_16:55:22.535157 	DATA 	Mouse:  Left button up, pos=(385,286)
2026-08-06_16:55:23.034415 	EXP 	Sound spoken_word reached end of file
2026-08-06_16:55:23.049359 	EXP 	Sound spoken_word reached end of file
2026-08-06_16:55:23.863243 	EXP 	fix_cross: autoDraw = False
2026-08-06_16:55:23.863243 	EXP 	fix_cross: foreColor = <psychopy.colors.Color: white, alpha=1.0>
2026-08-06_16:55:23.863243 	EXP 	fix_cross_prc: autoDraw = True
2026-08-06_16:55:23.863243 	EXP 	fix_cross: autoDraw = False
2026-08-06_16:55:23.863243 	EXP 	fix_cross_2: autoDraw = True
2026-08-06_16:55:24.865706 	EXP 	New trial (rep=0, index=2): <Trial 2 (2 in rep 0) data={'block': 1, 'trial_in_block': 3, 'concept': 'chair', 'concept_num': 4, 'concept_num_word': 4, 'exemplar_num': 18, 'image_shown': 'chair\\chair_18.jpg', 'word_shown_english': 'chair', 'word_shown_german': 'Stuhl', 'word_shown_french': 'Chaise', 'is_prompt': 1, 'is_mismatch': 0, 'ITI_length': 0.86, 'correct_response': None, 'nonmatch_pres_side': None, 'thisN': 2, 'thisTrialN': 2, 'thisRepN': 0}>
2026-08-06_16:55:24.901135 	EXP 	fix_cross_2: autoDraw = False
2026-08-06_16:55:24.901135 	EXP 	fix_cross_2: autoDraw = False
2026-08-06_16:55:24.901135 	EXP 	breaks_instruction: text = 'Pause, die Aufgabe geht gleich weiter.\nEs sind noch 9 Blöcke übrig.'
2026-08-06_16:55:24.901135 	EXP 	instruction_continuebreak: text = 'Die Pause ist vorbei.\nBitte drücken Sie eine beliebige Taste,\nsobald sie bereit sind, weiterzumachen.'
2026-08-06_16:55:24.901135 	EXP 	breaks_instruction: autoDraw = False
2026-08-06_16:55:24.901135 	EXP 	progress_bar_breaks: autoDraw = False
2026-08-06_16:55:24.901135 	EXP 	instruction_continuebreak: autoDraw = False
2026-08-06_16:55:24.901135 	EXP 	image: image = 'stimuli\\chair\\chair_18.jpg'
2026-08-06_16:55:24.901135 	EXP 	image: autoDraw = True
2026-08-06_16:55:25.667238 	EXP 	spoken_word: sampleRate = 44100
2026-08-06_16:55:25.669904 	INFO 	Resampled audio from 44100Hz to 48000Hz using method 'default'.
2026-08-06_16:55:25.669928 	DEBUG 	Converted audio clip from mono to stereo
2026-08-06_16:55:25.670535 	EXP 	Sound spoken_word reached end of file
54.0710 	EXP 	Playing sound spoken_word on speaker Lautsprecher (Realtek(R) Audio)
2026-08-06_16:55:25.678945 	INFO 	Keyboard events cleared
2026-08-06_16:55:25.678793 	EXP 	image: autoDraw = False
2026-08-06_16:55:25.678793 	EXP 	image: autoDraw = False
2026-08-06_16:55:25.678793 	EXP 	fix_cross: foreColor = <psychopy.colors.Color: white, alpha=1.0>
2026-08-06_16:55:25.678793 	EXP 	fix_cross: autoDraw = True
2026-08-06_16:55:26.213736 	EXP 	Sound spoken_word reached end of file
2026-08-06_16:55:26.231064 	EXP 	Sound spoken_word reached end of file
2026-08-06_16:55:27.178942 	EXP 	fix_cross: autoDraw = False
2026-08-06_16:55:27.178942 	EXP 	fix_cross: foreColor = <psychopy.colors.Color: white, alpha=1.0>
2026-08-06_16:55:27.178942 	EXP 	fix_cross_prc: autoDraw = True
2026-08-06_16:55:27.178942 	EXP 	fix_cross: autoDraw = False
2026-08-06_16:55:27.178942 	EXP 	fix_cross_2: autoDraw = True
2026-08-06_16:55:28.031354 	EXP 	New trial (rep=0, index=3): <Trial 3 (3 in rep 0) data={'block': 1, 'trial_in_block': 4, 'concept': 'jacket', 'concept_num': 10, 'concept_num_word': 10, 'exemplar_num': 20, 'image_shown': 'jacket\\jacket_20.jpg', 'word_shown_english': 'jacket', 'word_shown_german': 'Jacke', 'word_shown_french': 'Veste', 'is_prompt': 1, 'is_mismatch': 0, 'ITI_length': 0.92, 'correct_response': None, 'nonmatch_pres_side': None, 'thisN': 3, 'thisTrialN': 3, 'thisRepN': 0}>
2026-08-06_16:55:28.069723 	EXP 	Device response: <KeyPress from None: t=56.44038549999823, value=r, duration=None>
2026-08-06_16:55:28.070613 	DATA 	Keypress: r
2026-08-06_16:55:28.081284 	EXP 	fix_cross_2: autoDraw = False
2026-08-06_16:55:28.081284 	EXP 	fix_cross_2: autoDraw = False
2026-08-06_16:55:28.081284 	EXP 	breaks_instruction: text = 'Pause, die Aufgabe geht gleich weiter.\nEs sind noch 9 Blöcke übrig.'
2026-08-06_16:55:28.081284 	EXP 	instruction_continuebreak: text = 'Die Pause ist vorbei.\nBitte drücken Sie eine beliebige Taste,\nsobald sie bereit sind, weiterzumachen.'
2026-08-06_16:55:28.081284 	EXP 	breaks_instruction: autoDraw = False
2026-08-06_16:55:28.081284 	EXP 	progress_bar_breaks: autoDraw = False
2026-08-06_16:55:28.081284 	EXP 	instruction_continuebreak: autoDraw = False
2026-08-06_16:55:28.081284 	EXP 	image: image = 'stimuli\\jacket\\jacket_20.jpg'
2026-08-06_16:55:28.081284 	EXP 	image: autoDraw = True
2026-08-06_16:55:28.198173 	EXP 	Device response: <KeyPress from None: t=46.33686399999715, value=r, duration=10.245654800004559>
2026-08-06_16:55:28.831956 	EXP 	spoken_word: sampleRate = 44100
2026-08-06_16:55:28.835377 	INFO 	Resampled audio from 44100Hz to 48000Hz using method 'default'.
2026-08-06_16:55:28.835399 	DEBUG 	Converted audio clip from mono to stereo
2026-08-06_16:55:28.835995 	EXP 	Sound spoken_word reached end of file
57.2366 	EXP 	Playing sound spoken_word on speaker Lautsprecher (Realtek(R) Audio)
2026-08-06_16:55:28.845459 	INFO 	Keyboard events cleared
2026-08-06_16:55:28.845274 	EXP 	image: autoDraw = False
2026-08-06_16:55:28.845274 	EXP 	image: autoDraw = False
2026-08-06_16:55:28.845274 	EXP 	fix_cross: foreColor = <psychopy.colors.Color: white, alpha=1.0>
2026-08-06_16:55:28.845274 	EXP 	fix_cross: autoDraw = True
2026-08-06_16:55:29.359137 	EXP 	Sound spoken_word reached end of file
2026-08-06_16:55:29.380038 	EXP 	Sound spoken_word reached end of file
2026-08-06_16:55:30.344449 	EXP 	fix_cross: autoDraw = False
2026-08-06_16:55:30.361189 	EXP 	fix_cross: foreColor = <psychopy.colors.Color: white, alpha=1.0>
2026-08-06_16:55:30.361189 	EXP 	fix_cross_prc: autoDraw = True
2026-08-06_16:55:30.361189 	EXP 	fix_cross: autoDraw = False
2026-08-06_16:55:30.361189 	EXP 	fix_cross_2: autoDraw = True
2026-08-06_16:55:30.364287 	EXP 	Device response: <KeyPress from None: t=58.751910499995574, value=r, duration=None>
2026-08-06_16:55:30.364943 	DATA 	Keypress: r
2026-08-06_16:55:30.564425 	EXP 	Device response: <KeyPress from None: t=56.44038549999823, value=r, duration=2.510234200002742>
2026-08-06_16:55:31.280435 	EXP 	New trial (rep=0, index=4): <Trial 4 (4 in rep 0) data={'block': 1, 'trial_in_block': 5, 'concept': 'flower', 'concept_num': 6, 'concept_num_word': 6, 'exemplar_num': 17, 'image_shown': 'flower\\flower_17.jpg', 'word_shown_english': 'flower', 'word_shown_german': 'Blume', 'word_shown_french': 'Fleur', 'is_prompt': 1, 'is_mismatch': 0, 'ITI_length': 1.01, 'correct_response': None, 'nonmatch_pres_side': None, 'thisN': 4, 'thisTrialN': 4, 'thisRepN': 0}>
2026-08-06_16:55:31.330593 	EXP 	fix_cross_2: autoDraw = False
2026-08-06_16:55:31.330593 	EXP 	fix_cross_2: autoDraw = False
2026-08-06_16:55:31.330593 	EXP 	breaks_instruction: text = 'Pause, die Aufgabe geht gleich weiter.\nEs sind noch 9 Blöcke übrig.'
2026-08-06_16:55:31.330593 	EXP 	instruction_continuebreak: text = 'Die Pause ist vorbei.\nBitte drücken Sie eine beliebige Taste,\nsobald sie bereit sind, weiterzumachen.'
2026-08-06_16:55:31.330593 	EXP 	breaks_instruction: autoDraw = False
2026-08-06_16:55:31.330593 	EXP 	progress_bar_breaks: autoDraw = False
2026-08-06_16:55:31.330593 	EXP 	instruction_continuebreak: autoDraw = False
2026-08-06_16:55:31.330593 	EXP 	image: image = 'stimuli\\flower\\flower_17.jpg'
2026-08-06_16:55:31.330593 	EXP 	image: autoDraw = True
2026-08-06_16:55:32.085600 	EXP 	spoken_word: sampleRate = 24000
2026-08-06_16:55:32.087783 	INFO 	Resampled audio from 24000Hz to 48000Hz using method 'default'.
2026-08-06_16:55:32.087812 	DEBUG 	Converted audio clip from mono to stereo
2026-08-06_16:55:32.088524 	EXP 	Sound spoken_word reached end of file
60.4891 	EXP 	Playing sound spoken_word on speaker Lautsprecher (Realtek(R) Audio)
2026-08-06_16:55:32.110517 	INFO 	Keyboard events cleared
2026-08-06_16:55:32.110292 	EXP 	image: autoDraw = False
2026-08-06_16:55:32.110292 	EXP 	image: autoDraw = False
2026-08-06_16:55:32.110292 	EXP 	fix_cross: foreColor = <psychopy.colors.Color: white, alpha=1.0>
2026-08-06_16:55:32.110292 	EXP 	fix_cross: autoDraw = True
2026-08-06_16:55:32.974215 	EXP 	Sound spoken_word reached end of file
2026-08-06_16:55:32.995205 	EXP 	Sound spoken_word reached end of file
2026-08-06_16:55:33.610343 	EXP 	fix_cross: autoDraw = False
2026-08-06_16:55:33.610343 	EXP 	fix_cross: foreColor = <psychopy.colors.Color: white, alpha=1.0>
2026-08-06_16:55:33.610343 	EXP 	fix_cross_prc: autoDraw = True
2026-08-06_16:55:33.610343 	EXP 	fix_cross: autoDraw = False
2026-08-06_16:55:33.610343 	EXP 	fix_cross_2: autoDraw = True
2026-08-06_16:55:34.146492 	EXP 	Device response: <KeyPress from None: t=62.526495500002056, value=r, duration=None>
2026-08-06_16:55:34.147272 	DATA 	Keypress: r
2026-08-06_16:55:34.313810 	EXP 	Device response: <KeyPress from None: t=58.751910499995574, value=r, duration=3.947147300001234>
2026-08-06_16:55:34.612985 	EXP 	New trial (rep=0, index=5): <Trial 5 (5 in rep 0) data={'block': 1, 'trial_in_block': 6, 'concept': 'bread', 'concept_num': 3, 'concept_num_word': 3, 'exemplar_num': 47, 'image_shown': 'bread\\bread_47.jpg', 'word_shown_english': 'bread', 'word_shown_german': 'Brot', 'word_shown_french': 'Pain', 'is_prompt': 1, 'is_mismatch': 0, 'ITI_length': 1.09, 'correct_response': None, 'nonmatch_pres_side': None, 'thisN': 5, 'thisTrialN': 5, 'thisRepN': 0}>
2026-08-06_16:55:34.685241 	EXP 	fix_cross_2: autoDraw = False
2026-08-06_16:55:34.685241 	EXP 	fix_cross_2: autoDraw = False
2026-08-06_16:55:34.685241 	EXP 	breaks_instruction: text = 'Pause, die Aufgabe geht gleich weiter.\nEs sind noch 9 Blöcke übrig.'
2026-08-06_16:55:34.685241 	EXP 	instruction_continuebreak: text = 'Die Pause ist vorbei.\nBitte drücken Sie eine beliebige Taste,\nsobald sie bereit sind, weiterzumachen.'
2026-08-06_16:55:34.685241 	EXP 	breaks_instruction: autoDraw = False
2026-08-06_16:55:34.685241 	EXP 	progress_bar_breaks: autoDraw = False
2026-08-06_16:55:34.685241 	EXP 	instruction_continuebreak: autoDraw = False
2026-08-06_16:55:34.685241 	EXP 	image: image = 'stimuli\\bread\\bread_47.jpg'
2026-08-06_16:55:34.685241 	EXP 	image: autoDraw = True
2026-08-06_16:55:35.429877 	EXP 	spoken_word: sampleRate = 24000
2026-08-06_16:55:35.432667 	INFO 	Resampled audio from 24000Hz to 48000Hz using method 'default'.
2026-08-06_16:55:35.432689 	DEBUG 	Converted audio clip from mono to stereo
2026-08-06_16:55:35.433487 	EXP 	Sound spoken_word reached end of file
63.8346 	EXP 	Playing sound spoken_word on speaker Lautsprecher (Realtek(R) Audio)
2026-08-06_16:55:35.443329 	INFO 	Keyboard events cleared
2026-08-06_16:55:35.443069 	EXP 	image: autoDraw = False
2026-08-06_16:55:35.443069 	EXP 	image: autoDraw = False
2026-08-06_16:55:35.443069 	EXP 	fix_cross: foreColor = <psychopy.colors.Color: white, alpha=1.0>
2026-08-06_16:55:35.443069 	EXP 	fix_cross: autoDraw = True
2026-08-06_16:55:36.012871 	DATA 	Mouse: Left button down, pos=(381,286)
2026-08-06_16:55:36.162976 	DATA 	Mouse:  Left button up, pos=(381,286)
2026-08-06_16:55:36.335765 	EXP 	Sound spoken_word reached end of file
2026-08-06_16:55:36.345394 	EXP 	Sound spoken_word reached end of file
2026-08-06_16:55:36.678552 	EXP 	Device response: <KeyPress from None: t=65.06194349999714, value=r, duration=None>
2026-08-06_16:55:36.679173 	DATA 	Keypress: r
2026-08-06_16:55:36.778939 	EXP 	Device response: <KeyPress from None: t=62.526495500002056, value=r, duration=2.636636700000963>
2026-08-06_16:55:36.808761 	EXP 	fix_cross: foreColor = <psychopy.colors.Color: red, alpha=1.0>
2026-08-06_16:55:36.942847 	EXP 	fix_cross: autoDraw = False
2026-08-06_16:55:36.942847 	EXP 	fix_cross: autoDraw = True
2026-08-06_16:55:36.959436 	EXP 	fix_cross: autoDraw = False
2026-08-06_16:55:36.959436 	EXP 	fix_cross: autoDraw = True
2026-08-06_16:55:36.976074 	EXP 	fix_cross: autoDraw = False
2026-08-06_16:55:36.976074 	EXP 	fix_cross: autoDraw = True
2026-08-06_16:55:36.992910 	EXP 	fix_cross: autoDraw = False
2026-08-06_16:55:36.992910 	EXP 	fix_cross: autoDraw = True
2026-08-06_16:55:36.992910 	EXP 	fix_cross: autoDraw = False
2026-08-06_16:55:36.992910 	EXP 	fix_cross_2: autoDraw = True
2026-08-06_16:55:39.078175 	EXP 	New trial (rep=0, index=6): <Trial 6 (6 in rep 0) data={'block': 1, 'trial_in_block': 7, 'concept': 'chair', 'concept_num': 4, 'concept_num_word': 4, 'exemplar_num': 1, 'image_shown': 'chair\\chair_01.jpg', 'word_shown_english': 'chair', 'word_shown_german': 'Stuhl', 'word_shown_french': 'Chaise', 'is_prompt': 1, 'is_mismatch': 0, 'ITI_length': 1.17, 'correct_response': None, 'nonmatch_pres_side': None, 'thisN': 6, 'thisTrialN': 6, 'thisRepN': 0}>
2026-08-06_16:55:39.130336 	EXP 	fix_cross_2: autoDraw = False
2026-08-06_16:55:39.130336 	EXP 	fix_cross_2: autoDraw = False
2026-08-06_16:55:39.130336 	EXP 	breaks_instruction: text = 'Pause, die Aufgabe geht gleich weiter.\nEs sind noch 9 Blöcke übrig.'
2026-08-06_16:55:39.130336 	EXP 	instruction_continuebreak: text = 'Die Pause ist vorbei.\nBitte drücken Sie eine beliebige Taste,\nsobald sie bereit sind, weiterzumachen.'
2026-08-06_16:55:39.130336 	EXP 	breaks_instruction: autoDraw = False
2026-08-06_16:55:39.130336 	EXP 	progress_bar_breaks: autoDraw = False
2026-08-06_16:55:39.130336 	EXP 	instruction_continuebreak: autoDraw = False
2026-08-06_16:55:39.130336 	EXP 	image: image = 'stimuli\\chair\\chair_01.jpg'
2026-08-06_16:55:39.130336 	EXP 	image: autoDraw = True
2026-08-06_16:55:39.878696 	EXP 	spoken_word: sampleRate = 44100
2026-08-06_16:55:39.881426 	INFO 	Resampled audio from 44100Hz to 48000Hz using method 'default'.
2026-08-06_16:55:39.881450 	DEBUG 	Converted audio clip from mono to stereo
2026-08-06_16:55:39.882118 	EXP 	Sound spoken_word reached end of file
68.2832 	EXP 	Playing sound spoken_word on speaker Lautsprecher (Realtek(R) Audio)
2026-08-06_16:55:39.891760 	INFO 	Keyboard events cleared
2026-08-06_16:55:39.891573 	EXP 	image: autoDraw = False
2026-08-06_16:55:39.891573 	EXP 	image: autoDraw = False
2026-08-06_16:55:39.891573 	EXP 	fix_cross: foreColor = <psychopy.colors.Color: white, alpha=1.0>
2026-08-06_16:55:39.891573 	EXP 	fix_cross: autoDraw = True
2026-08-06_16:55:40.425828 	EXP 	Sound spoken_word reached end of file
2026-08-06_16:55:40.443742 	EXP 	Sound spoken_word reached end of file
2026-08-06_16:55:40.695485 	EXP 	Device response: <KeyPress from None: t=69.07921029999852, value=r, duration=None>
2026-08-06_16:55:40.696721 	DATA 	Keypress: r
2026-08-06_16:55:40.810781 	EXP 	Device response: <KeyPress from None: t=65.06194349999714, value=r, duration=4.125710200009053>
2026-08-06_16:55:40.840741 	EXP 	fix_cross: foreColor = <psychopy.colors.Color: red, alpha=1.0>
2026-08-06_16:55:41.041279 	EXP 	fix_cross: autoDraw = False
2026-08-06_16:55:41.041279 	EXP 	fix_cross_2: autoDraw = True
2026-08-06_16:55:43.211114 	EXP 	New trial (rep=0, index=7): <Trial 7 (7 in rep 0) data={'block': 1, 'trial_in_block': 8, 'concept': 'ball', 'concept_num': 1, 'concept_num_word': 1, 'exemplar_num': 17, 'image_shown': 'ball\\ball_17.jpg', 'word_shown_english': 'ball', 'word_shown_german': 'Ball', 'word_shown_french': 'Ballon', 'is_prompt': 1, 'is_mismatch': 0, 'ITI_length': 1.08, 'correct_response': None, 'nonmatch_pres_side': None, 'thisN': 7, 'thisTrialN': 7, 'thisRepN': 0}>
2026-08-06_16:55:43.407658 	EXP 	fix_cross_2: autoDraw = False
2026-08-06_16:55:43.407658 	EXP 	fix_cross_2: autoDraw = False
2026-08-06_16:55:43.407658 	EXP 	breaks_instruction: text = 'Pause, die Aufgabe geht gleich weiter.\nEs sind noch 9 Blöcke übrig.'
2026-08-06_16:55:43.407658 	EXP 	instruction_continuebreak: text = 'Die Pause ist vorbei.\nBitte drücken Sie eine beliebige Taste,\nsobald sie bereit sind, weiterzumachen.'
2026-08-06_16:55:43.407658 	EXP 	breaks_instruction: autoDraw = False
2026-08-06_16:55:43.407658 	EXP 	progress_bar_breaks: autoDraw = False
2026-08-06_16:55:43.407658 	EXP 	instruction_continuebreak: autoDraw = False
2026-08-06_16:55:43.407658 	EXP 	image: image = 'stimuli\\ball\\ball_17.jpg'
2026-08-06_16:55:43.407658 	EXP 	image: autoDraw = True
2026-08-06_16:55:44.144130 	EXP 	spoken_word: sampleRate = 24000
2026-08-06_16:55:44.145869 	INFO 	Resampled audio from 24000Hz to 48000Hz using method 'default'.
2026-08-06_16:55:44.145893 	DEBUG 	Converted audio clip from mono to stereo
2026-08-06_16:55:44.146751 	EXP 	Sound spoken_word reached end of file
72.5486 	EXP 	Playing sound spoken_word on speaker Lautsprecher (Realtek(R) Audio)
2026-08-06_16:55:44.157049 	INFO 	Keyboard events cleared
2026-08-06_16:55:44.156872 	EXP 	image: autoDraw = False
2026-08-06_16:55:44.156872 	EXP 	image: autoDraw = False
2026-08-06_16:55:44.156872 	EXP 	fix_cross: foreColor = <psychopy.colors.Color: white, alpha=1.0>
2026-08-06_16:55:44.156872 	EXP 	fix_cross: autoDraw = True
2026-08-06_16:55:44.904732 	EXP 	Sound spoken_word reached end of file
2026-08-06_16:55:44.925216 	EXP 	Sound spoken_word reached end of file
2026-08-06_16:55:45.656563 	EXP 	fix_cross: autoDraw = False
2026-08-06_16:55:45.673340 	EXP 	fix_cross: foreColor = <psychopy.colors.Color: white, alpha=1.0>
2026-08-06_16:55:45.673340 	EXP 	fix_cross_prc: autoDraw = True
2026-08-06_16:55:45.673340 	EXP 	fix_cross: autoDraw = False
2026-08-06_16:55:45.673340 	EXP 	fix_cross_2: autoDraw = True
2026-08-06_16:55:46.742198 	EXP 	New trial (rep=0, index=8): <Trial 8 (8 in rep 0) data={'block': 1, 'trial_in_block': 9, 'concept': 'hand', 'concept_num': 8, 'concept_num_word': 6, 'exemplar_num': 16, 'image_shown': 'hand\\hand_16.jpg', 'word_shown_english': 'flower', 'word_shown_german': 'Blume', 'word_shown_french': 'Fleur', 'is_prompt': 1, 'is_mismatch': 1, 'ITI_length': 1.13, 'correct_response': 'r', 'nonmatch_pres_side': 'right', 'thisN': 8, 'thisTrialN': 8, 'thisRepN': 0}>
2026-08-06_16:55:46.811910 	EXP 	fix_cross_2: autoDraw = False
2026-08-06_16:55:46.811910 	EXP 	fix_cross_2: autoDraw = False
2026-08-06_16:55:46.811910 	EXP 	breaks_instruction: text = 'Pause, die Aufgabe geht gleich weiter.\nEs sind noch 9 Blöcke übrig.'
2026-08-06_16:55:46.811910 	EXP 	instruction_continuebreak: text = 'Die Pause ist vorbei.\nBitte drücken Sie eine beliebige Taste,\nsobald sie bereit sind, weiterzumachen.'
2026-08-06_16:55:46.811910 	EXP 	breaks_instruction: autoDraw = False
2026-08-06_16:55:46.811910 	EXP 	progress_bar_breaks: autoDraw = False
2026-08-06_16:55:46.811910 	EXP 	instruction_continuebreak: autoDraw = False
2026-08-06_16:55:46.811910 	EXP 	image: image = 'stimuli\\hand\\hand_16.jpg'
2026-08-06_16:55:46.811910 	EXP 	image: autoDraw = True
2026-08-06_16:55:47.559427 	EXP 	spoken_word: sampleRate = 24000
2026-08-06_16:55:47.560692 	INFO 	Resampled audio from 24000Hz to 48000Hz using method 'default'.
2026-08-06_16:55:47.560709 	DEBUG 	Converted audio clip from mono to stereo
2026-08-06_16:55:47.561311 	EXP 	Sound spoken_word reached end of file
75.9643 	EXP 	Playing sound spoken_word on speaker Lautsprecher (Realtek(R) Audio)
2026-08-06_16:55:47.572655 	INFO 	Keyboard events cleared
2026-08-06_16:55:47.572467 	EXP 	image: autoDraw = False
2026-08-06_16:55:47.572467 	EXP 	image: autoDraw = False
2026-08-06_16:55:47.572467 	EXP 	fix_cross: foreColor = <psychopy.colors.Color: white, alpha=1.0>
2026-08-06_16:55:47.572467 	EXP 	fix_cross: autoDraw = True
2026-08-06_16:55:48.440574 	EXP 	Sound spoken_word reached end of file
2026-08-06_16:55:48.457415 	EXP 	Sound spoken_word reached end of file
2026-08-06_16:55:49.072034 	EXP 	fix_cross: autoDraw = False
2026-08-06_16:55:49.088650 	EXP 	fix_cross: foreColor = <psychopy.colors.Color: red, alpha=1.0>
2026-08-06_16:55:49.088650 	EXP 	fix_cross: autoDraw = True
2026-08-06_16:55:49.105340 	EXP 	fix_cross: autoDraw = False
2026-08-06_16:55:49.105340 	EXP 	fix_cross: autoDraw = True
2026-08-06_16:55:49.122136 	EXP 	fix_cross: autoDraw = False
2026-08-06_16:55:49.122136 	EXP 	fix_cross: autoDraw = True
2026-08-06_16:55:49.138795 	EXP 	fix_cross: autoDraw = False
2026-08-06_16:55:49.138795 	EXP 	fix_cross: autoDraw = True
2026-08-06_16:55:49.155362 	EXP 	fix_cross: autoDraw = False
2026-08-06_16:55:49.155362 	EXP 	fix_cross: autoDraw = True
2026-08-06_16:55:49.172064 	EXP 	fix_cross: autoDraw = False
2026-08-06_16:55:49.172064 	EXP 	fix_cross: autoDraw = True
2026-08-06_16:55:49.188706 	EXP 	fix_cross: autoDraw = False
2026-08-06_16:55:49.188706 	EXP 	fix_cross: autoDraw = True
2026-08-06_16:55:49.205380 	EXP 	fix_cross: autoDraw = False
2026-08-06_16:55:49.205380 	EXP 	fix_cross: autoDraw = True
2026-08-06_16:55:49.221977 	EXP 	fix_cross: autoDraw = False
2026-08-06_16:55:49.221977 	EXP 	fix_cross: autoDraw = True
2026-08-06_16:55:49.238779 	EXP 	fix_cross: autoDraw = False
2026-08-06_16:55:49.238779 	EXP 	fix_cross: autoDraw = True
2026-08-06_16:55:49.255354 	EXP 	fix_cross: autoDraw = False
2026-08-06_16:55:49.255354 	EXP 	fix_cross: autoDraw = True
2026-08-06_16:55:49.272122 	EXP 	fix_cross: autoDraw = False
2026-08-06_16:55:49.272122 	EXP 	fix_cross: autoDraw = True
2026-08-06_16:55:49.289179 	EXP 	fix_cross: autoDraw = False
2026-08-06_16:55:49.289179 	EXP 	fix_cross: autoDraw = True
2026-08-06_16:55:49.289179 	EXP 	fix_cross: autoDraw = False
2026-08-06_16:55:49.289179 	EXP 	fix_cross_2: autoDraw = True
2026-08-06_16:55:50.407799 	EXP 	New trial (rep=0, index=9): <Trial 9 (9 in rep 0) data={'block': 1, 'trial_in_block': 10, 'concept': 'house', 'concept_num': 9, 'concept_num_word': 9, 'exemplar_num': 35, 'image_shown': 'house\\house_35.jpg', 'word_shown_english': 'house', 'word_shown_german': 'Haus', 'word_shown_french': 'Maison', 'is_prompt': 1, 'is_mismatch': 0, 'ITI_length': 1.13, 'correct_response': None, 'nonmatch_pres_side': None, 'thisN': 9, 'thisTrialN': 9, 'thisRepN': 0}>
2026-08-06_16:55:50.474909 	EXP 	fix_cross_2: autoDraw = False
2026-08-06_16:55:50.474909 	EXP 	fix_cross_2: autoDraw = False
2026-08-06_16:55:50.474909 	EXP 	breaks_instruction: text = 'Pause, die Aufgabe geht gleich weiter.\nEs sind noch 9 Blöcke übrig.'
2026-08-06_16:55:50.474909 	EXP 	instruction_continuebreak: text = 'Die Pause ist vorbei.\nBitte drücken Sie eine beliebige Taste,\nsobald sie bereit sind, weiterzumachen.'
2026-08-06_16:55:50.474909 	EXP 	breaks_instruction: autoDraw = False
2026-08-06_16:55:50.474909 	EXP 	progress_bar_breaks: autoDraw = False
2026-08-06_16:55:50.474909 	EXP 	instruction_continuebreak: autoDraw = False
2026-08-06_16:55:50.474909 	EXP 	image: image = 'stimuli\\house\\house_35.jpg'
2026-08-06_16:55:50.474909 	EXP 	image: autoDraw = True
2026-08-06_16:55:51.224652 	EXP 	spoken_word: sampleRate = 44100
2026-08-06_16:55:51.228671 	INFO 	Resampled audio from 44100Hz to 48000Hz using method 'default'.
2026-08-06_16:55:51.228702 	DEBUG 	Converted audio clip from mono to stereo
2026-08-06_16:55:51.229317 	EXP 	Sound spoken_word reached end of file
79.6296 	EXP 	Playing sound spoken_word on speaker Lautsprecher (Realtek(R) Audio)
2026-08-06_16:55:51.238295 	INFO 	Keyboard events cleared
2026-08-06_16:55:51.238110 	EXP 	image: autoDraw = False
2026-08-06_16:55:51.238110 	EXP 	image: autoDraw = False
2026-08-06_16:55:51.238110 	EXP 	fix_cross: foreColor = <psychopy.colors.Color: white, alpha=1.0>
2026-08-06_16:55:51.238110 	EXP 	fix_cross: autoDraw = True
2026-08-06_16:55:51.750959 	EXP 	Sound spoken_word reached end of file
2026-08-06_16:55:51.773780 	EXP 	Sound spoken_word reached end of file
2026-08-06_16:55:52.737542 	EXP 	fix_cross: autoDraw = False
2026-08-06_16:55:52.754215 	EXP 	fix_cross: foreColor = <psychopy.colors.Color: white, alpha=1.0>
2026-08-06_16:55:52.754215 	EXP 	fix_cross_prc: autoDraw = True
2026-08-06_16:55:52.754215 	EXP 	fix_cross: autoDraw = False
2026-08-06_16:55:52.754215 	EXP 	fix_cross_2: autoDraw = True
2026-08-06_16:55:53.873475 	EXP 	New trial (rep=0, index=10): <Trial 10 (10 in rep 0) data={'block': 1, 'trial_in_block': 11, 'concept': 'jacket', 'concept_num': 10, 'concept_num_word': 10, 'exemplar_num': 21, 'image_shown': 'jacket\\jacket_21.jpg', 'word_shown_english': 'jacket', 'word_shown_german': 'Jacke', 'word_shown_french': 'Veste', 'is_prompt': 1, 'is_mismatch': 0, 'ITI_length': 0.86, 'correct_response': None, 'nonmatch_pres_side': None, 'thisN': 10, 'thisTrialN': 10, 'thisRepN': 0}>
2026-08-06_16:55:53.940229 	EXP 	fix_cross_2: autoDraw = False
2026-08-06_16:55:53.940229 	EXP 	fix_cross_2: autoDraw = False
2026-08-06_16:55:53.940229 	EXP 	breaks_instruction: text = 'Pause, die Aufgabe geht gleich weiter.\nEs sind noch 9 Blöcke übrig.'
2026-08-06_16:55:53.940229 	EXP 	instruction_continuebreak: text = 'Die Pause ist vorbei.\nBitte drücken Sie eine beliebige Taste,\nsobald sie bereit sind, weiterzumachen.'
2026-08-06_16:55:53.940229 	EXP 	breaks_instruction: autoDraw = False
2026-08-06_16:55:53.940229 	EXP 	progress_bar_breaks: autoDraw = False
2026-08-06_16:55:53.940229 	EXP 	instruction_continuebreak: autoDraw = False
2026-08-06_16:55:53.940229 	EXP 	image: image = 'stimuli\\jacket\\jacket_21.jpg'
2026-08-06_16:55:53.940229 	EXP 	image: autoDraw = True
2026-08-06_16:55:54.690528 	EXP 	spoken_word: sampleRate = 44100
2026-08-06_16:55:54.694203 	INFO 	Resampled audio from 44100Hz to 48000Hz using method 'default'.
2026-08-06_16:55:54.694222 	DEBUG 	Converted audio clip from mono to stereo
2026-08-06_16:55:54.694777 	EXP 	Sound spoken_word reached end of file
83.0952 	EXP 	Playing sound spoken_word on speaker Lautsprecher (Realtek(R) Audio)
2026-08-06_16:55:54.703785 	INFO 	Keyboard events cleared
2026-08-06_16:55:54.703619 	EXP 	image: autoDraw = False
2026-08-06_16:55:54.703619 	EXP 	image: autoDraw = False
2026-08-06_16:55:54.703619 	EXP 	fix_cross: foreColor = <psychopy.colors.Color: white, alpha=1.0>
2026-08-06_16:55:54.703619 	EXP 	fix_cross: autoDraw = True
2026-08-06_16:55:55.218956 	EXP 	Sound spoken_word reached end of file
2026-08-06_16:55:55.238906 	EXP 	Sound spoken_word reached end of file
2026-08-06_16:55:56.203071 	EXP 	fix_cross: autoDraw = False
2026-08-06_16:55:56.219785 	EXP 	fix_cross: foreColor = <psychopy.colors.Color: white, alpha=1.0>
2026-08-06_16:55:56.219785 	EXP 	fix_cross_prc: autoDraw = True
2026-08-06_16:55:56.219785 	EXP 	fix_cross: autoDraw = False
2026-08-06_16:55:56.219785 	EXP 	fix_cross_2: autoDraw = True
2026-08-06_16:55:57.072133 	EXP 	New trial (rep=0, index=11): <Trial 11 (11 in rep 0) data={'block': 1, 'trial_in_block': 12, 'concept': 'hand', 'concept_num': 8, 'concept_num_word': 8, 'exemplar_num': 7, 'image_shown': 'hand\\hand_07.jpg', 'word_shown_english': 'hand', 'word_shown_german': 'Hand', 'word_shown_french': 'Main', 'is_prompt': 1, 'is_mismatch': 0, 'ITI_length': 1.18, 'correct_response': None, 'nonmatch_pres_side': None, 'thisN': 11, 'thisTrialN': 11, 'thisRepN': 0}>
2026-08-06_16:55:57.123399 	EXP 	fix_cross_2: autoDraw = False
2026-08-06_16:55:57.123399 	EXP 	fix_cross_2: autoDraw = False
2026-08-06_16:55:57.123399 	EXP 	breaks_instruction: text = 'Pause, die Aufgabe geht gleich weiter.\nEs sind noch 9 Blöcke übrig.'
2026-08-06_16:55:57.123399 	EXP 	instruction_continuebreak: text = 'Die Pause ist vorbei.\nBitte drücken Sie eine beliebige Taste,\nsobald sie bereit sind, weiterzumachen.'
2026-08-06_16:55:57.123399 	EXP 	breaks_instruction: autoDraw = False
2026-08-06_16:55:57.123399 	EXP 	progress_bar_breaks: autoDraw = False
2026-08-06_16:55:57.123399 	EXP 	instruction_continuebreak: autoDraw = False
2026-08-06_16:55:57.123399 	EXP 	image: image = 'stimuli\\hand\\hand_07.jpg'
2026-08-06_16:55:57.123399 	EXP 	image: autoDraw = True
2026-08-06_16:55:57.872544 	EXP 	spoken_word: sampleRate = 44100
2026-08-06_16:55:57.874791 	INFO 	Resampled audio from 44100Hz to 48000Hz using method 'default'.
2026-08-06_16:55:57.874809 	DEBUG 	Converted audio clip from mono to stereo
2026-08-06_16:55:57.875347 	EXP 	Sound spoken_word reached end of file
86.2771 	EXP 	Playing sound spoken_word on speaker Lautsprecher (Realtek(R) Audio)
2026-08-06_16:55:57.885867 	INFO 	Keyboard events cleared
2026-08-06_16:55:57.885599 	EXP 	image: autoDraw = False
2026-08-06_16:55:57.885599 	EXP 	image: autoDraw = False
2026-08-06_16:55:57.885599 	EXP 	fix_cross: foreColor = <psychopy.colors.Color: white, alpha=1.0>
2026-08-06_16:55:57.885599 	EXP 	fix_cross: autoDraw = True
2026-08-06_16:55:58.349612 	EXP 	Sound spoken_word reached end of file
2026-08-06_16:55:58.370753 	EXP 	Sound spoken_word reached end of file
2026-08-06_16:55:59.385338 	EXP 	fix_cross: autoDraw = False
2026-08-06_16:55:59.401894 	EXP 	fix_cross: foreColor = <psychopy.colors.Color: white, alpha=1.0>
2026-08-06_16:55:59.401894 	EXP 	fix_cross_prc: autoDraw = True
2026-08-06_16:55:59.401894 	EXP 	fix_cross: autoDraw = False
2026-08-06_16:55:59.401894 	EXP 	fix_cross_2: autoDraw = True
2026-08-06_16:56:00.571607 	EXP 	New trial (rep=0, index=12): <Trial 12 (12 in rep 0) data={'block': 1, 'trial_in_block': 13, 'concept': 'ball', 'concept_num': 1, 'concept_num_word': 1, 'exemplar_num': 47, 'image_shown': 'ball\\ball_47.jpg', 'word_shown_english': 'ball', 'word_shown_german': 'Ball', 'word_shown_french': 'Ballon', 'is_prompt': 1, 'is_mismatch': 0, 'ITI_length': 1.08, 'correct_response': None, 'nonmatch_pres_side': None, 'thisN': 12, 'thisTrialN': 12, 'thisRepN': 0}>
2026-08-06_16:56:00.696111 	EXP 	fix_cross_2: autoDraw = False
2026-08-06_16:56:00.696111 	EXP 	fix_cross_2: autoDraw = False
2026-08-06_16:56:00.696111 	EXP 	breaks_instruction: text = 'Pause, die Aufgabe geht gleich weiter.\nEs sind noch 9 Blöcke übrig.'
2026-08-06_16:56:00.696111 	EXP 	instruction_continuebreak: text = 'Die Pause ist vorbei.\nBitte drücken Sie eine beliebige Taste,\nsobald sie bereit sind, weiterzumachen.'
2026-08-06_16:56:00.696111 	EXP 	breaks_instruction: autoDraw = False
2026-08-06_16:56:00.696111 	EXP 	progress_bar_breaks: autoDraw = False
2026-08-06_16:56:00.696111 	EXP 	instruction_continuebreak: autoDraw = False
2026-08-06_16:56:00.696111 	EXP 	image: image = 'stimuli\\ball\\ball_47.jpg'
2026-08-06_16:56:00.696111 	EXP 	image: autoDraw = True
2026-08-06_16:56:01.437932 	EXP 	spoken_word: sampleRate = 24000
2026-08-06_16:56:01.439215 	INFO 	Resampled audio from 24000Hz to 48000Hz using method 'default'.
2026-08-06_16:56:01.439232 	DEBUG 	Converted audio clip from mono to stereo
2026-08-06_16:56:01.439806 	EXP 	Sound spoken_word reached end of file
89.8426 	EXP 	Playing sound spoken_word on speaker Lautsprecher (Realtek(R) Audio)
2026-08-06_16:56:01.451246 	INFO 	Keyboard events cleared
2026-08-06_16:56:01.451053 	EXP 	image: autoDraw = False
2026-08-06_16:56:01.451053 	EXP 	image: autoDraw = False
2026-08-06_16:56:01.451053 	EXP 	fix_cross: foreColor = <psychopy.colors.Color: white, alpha=1.0>
2026-08-06_16:56:01.451053 	EXP 	fix_cross: autoDraw = True
2026-08-06_16:56:02.196221 	EXP 	Sound spoken_word reached end of file
2026-08-06_16:56:02.219509 	EXP 	Sound spoken_word reached end of file
2026-08-06_16:56:02.955510 	EXP 	fix_cross: autoDraw = False
2026-08-06_16:56:02.955510 	EXP 	fix_cross: foreColor = <psychopy.colors.Color: white, alpha=1.0>
2026-08-06_16:56:02.955510 	EXP 	fix_cross_prc: autoDraw = True
2026-08-06_16:56:02.955510 	EXP 	fix_cross: autoDraw = False
2026-08-06_16:56:02.955510 	EXP 	fix_cross_2: autoDraw = True
2026-08-06_16:56:04.025158 	EXP 	New trial (rep=0, index=13): <Trial 13 (13 in rep 0) data={'block': 1, 'trial_in_block': 14, 'concept': 'hammer', 'concept_num': 7, 'concept_num_word': 7, 'exemplar_num': 46, 'image_shown': 'hammer\\hammer_46.jpg', 'word_shown_english': 'hammer', 'word_shown_german': 'Hammer', 'word_shown_french': 'Marteau', 'is_prompt': 1, 'is_mismatch': 0, 'ITI_length': 0.85, 'correct_response': None, 'nonmatch_pres_side': None, 'thisN': 13, 'thisTrialN': 13, 'thisRepN': 0}>
2026-08-06_16:56:04.105104 	EXP 	fix_cross_2: autoDraw = False
2026-08-06_16:56:04.105104 	EXP 	fix_cross_2: autoDraw = False
2026-08-06_16:56:04.105104 	EXP 	breaks_instruction: text = 'Pause, die Aufgabe geht gleich weiter.\nEs sind noch 9 Blöcke übrig.'
2026-08-06_16:56:04.105104 	EXP 	instruction_continuebreak: text = 'Die Pause ist vorbei.\nBitte drücken Sie eine beliebige Taste,\nsobald sie bereit sind, weiterzumachen.'
2026-08-06_16:56:04.105104 	EXP 	breaks_instruction: autoDraw = False
2026-08-06_16:56:04.105104 	EXP 	progress_bar_breaks: autoDraw = False
2026-08-06_16:56:04.105104 	EXP 	instruction_continuebreak: autoDraw = False
2026-08-06_16:56:04.105104 	EXP 	image: image = 'stimuli\\hammer\\hammer_46.jpg'
2026-08-06_16:56:04.105104 	EXP 	image: autoDraw = True
2026-08-06_16:56:04.853738 	EXP 	spoken_word: sampleRate = 44100
2026-08-06_16:56:04.855913 	INFO 	Resampled audio from 44100Hz to 48000Hz using method 'default'.
2026-08-06_16:56:04.855933 	DEBUG 	Converted audio clip from mono to stereo
2026-08-06_16:56:04.856775 	EXP 	Sound spoken_word reached end of file
93.2582 	EXP 	Playing sound spoken_word on speaker Lautsprecher (Realtek(R) Audio)
2026-08-06_16:56:04.866784 	INFO 	Keyboard events cleared
2026-08-06_16:56:04.866597 	EXP 	image: autoDraw = False
2026-08-06_16:56:04.866597 	EXP 	image: autoDraw = False
2026-08-06_16:56:04.866597 	EXP 	fix_cross: foreColor = <psychopy.colors.Color: white, alpha=1.0>
2026-08-06_16:56:04.866597 	EXP 	fix_cross: autoDraw = True
2026-08-06_16:56:05.352376 	EXP 	Sound spoken_word reached end of file
2026-08-06_16:56:05.368802 	EXP 	Sound spoken_word reached end of file
2026-08-06_16:56:06.366224 	EXP 	fix_cross: autoDraw = False
2026-08-06_16:56:06.385288 	EXP 	fix_cross: foreColor = <psychopy.colors.Color: white, alpha=1.0>
2026-08-06_16:56:06.385288 	EXP 	fix_cross_prc: autoDraw = True
2026-08-06_16:56:06.385288 	EXP 	fix_cross: autoDraw = False
2026-08-06_16:56:06.385288 	EXP 	fix_cross_2: autoDraw = True
2026-08-06_16:56:07.236045 	EXP 	New trial (rep=0, index=14): <Trial 14 (14 in rep 0) data={'block': 1, 'trial_in_block': 15, 'concept': 'house', 'concept_num': 9, 'concept_num_word': 9, 'exemplar_num': 24, 'image_shown': 'house\\house_24.jpg', 'word_shown_english': 'house', 'word_shown_german': 'Haus', 'word_shown_french': 'Maison', 'is_prompt': 1, 'is_mismatch': 0, 'ITI_length': 1.21, 'correct_response': None, 'nonmatch_pres_side': None, 'thisN': 14, 'thisTrialN': 14, 'thisRepN': 0}>
2026-08-06_16:56:07.306754 	EXP 	fix_cross_2: autoDraw = False
2026-08-06_16:56:07.306754 	EXP 	fix_cross_2: autoDraw = False
2026-08-06_16:56:07.306754 	EXP 	breaks_instruction: text = 'Pause, die Aufgabe geht gleich weiter.\nEs sind noch 9 Blöcke übrig.'
2026-08-06_16:56:07.306754 	EXP 	instruction_continuebreak: text = 'Die Pause ist vorbei.\nBitte drücken Sie eine beliebige Taste,\nsobald sie bereit sind, weiterzumachen.'
2026-08-06_16:56:07.306754 	EXP 	breaks_instruction: autoDraw = False
2026-08-06_16:56:07.306754 	EXP 	progress_bar_breaks: autoDraw = False
2026-08-06_16:56:07.306754 	EXP 	instruction_continuebreak: autoDraw = False
2026-08-06_16:56:07.306754 	EXP 	image: image = 'stimuli\\house\\house_24.jpg'
2026-08-06_16:56:07.306754 	EXP 	image: autoDraw = True
2026-08-06_16:56:08.056144 	EXP 	spoken_word: sampleRate = 44100
2026-08-06_16:56:08.060151 	INFO 	Resampled audio from 44100Hz to 48000Hz using method 'default'.
2026-08-06_16:56:08.060177 	DEBUG 	Converted audio clip from mono to stereo
2026-08-06_16:56:08.060807 	EXP 	Sound spoken_word reached end of file
96.4600 	EXP 	Playing sound spoken_word on speaker Lautsprecher (Realtek(R) Audio)
2026-08-06_16:56:08.084967 	INFO 	Keyboard events cleared
2026-08-06_16:56:08.084509 	EXP 	image: autoDraw = False
2026-08-06_16:56:08.084509 	EXP 	image: autoDraw = False
2026-08-06_16:56:08.084509 	EXP 	fix_cross: foreColor = <psychopy.colors.Color: white, alpha=1.0>
2026-08-06_16:56:08.084509 	EXP 	fix_cross: autoDraw = True
2026-08-06_16:56:08.583201 	EXP 	Sound spoken_word reached end of file
2026-08-06_16:56:08.601661 	EXP 	Sound spoken_word reached end of file
2026-08-06_16:56:09.584090 	EXP 	fix_cross: foreColor = <psychopy.colors.Color: white, alpha=1.0>
2026-08-06_16:56:09.584090 	EXP 	fix_cross_prc: autoDraw = True
2026-08-06_16:56:09.584090 	EXP 	fix_cross: autoDraw = False
2026-08-06_16:56:09.584090 	EXP 	fix_cross_2: autoDraw = True
2026-08-06_16:56:10.787305 	EXP 	New trial (rep=0, index=15): <Trial 15 (15 in rep 0) data={'block': 1, 'trial_in_block': 16, 'concept': 'dog', 'concept_num': 5, 'concept_num_word': 5, 'exemplar_num': 11, 'image_shown': 'dog\\dog_11.jpg', 'word_shown_english': 'dog', 'word_shown_german': 'Hund', 'word_shown_french': 'Chien', 'is_prompt': 1, 'is_mismatch': 0, 'ITI_length': 1.2, 'correct_response': None, 'nonmatch_pres_side': None, 'thisN': 15, 'thisTrialN': 15, 'thisRepN': 0}>
2026-08-06_16:56:10.851233 	EXP 	fix_cross_2: autoDraw = False
2026-08-06_16:56:10.851233 	EXP 	fix_cross_2: autoDraw = False
2026-08-06_16:56:10.851233 	EXP 	breaks_instruction: text = 'Pause, die Aufgabe geht gleich weiter.\nEs sind noch 9 Blöcke übrig.'
2026-08-06_16:56:10.851233 	EXP 	instruction_continuebreak: text = 'Die Pause ist vorbei.\nBitte drücken Sie eine beliebige Taste,\nsobald sie bereit sind, weiterzumachen.'
2026-08-06_16:56:10.851233 	EXP 	breaks_instruction: autoDraw = False
2026-08-06_16:56:10.851233 	EXP 	progress_bar_breaks: autoDraw = False
2026-08-06_16:56:10.851233 	EXP 	instruction_continuebreak: autoDraw = False
2026-08-06_16:56:10.851233 	EXP 	image: image = 'stimuli\\dog\\dog_11.jpg'
2026-08-06_16:56:10.851233 	EXP 	image: autoDraw = True
2026-08-06_16:56:11.603397 	EXP 	spoken_word: sampleRate = 44100
2026-08-06_16:56:11.606956 	INFO 	Resampled audio from 44100Hz to 48000Hz using method 'default'.
2026-08-06_16:56:11.607064 	DEBUG 	Converted audio clip from mono to stereo
2026-08-06_16:56:11.608232 	EXP 	Sound spoken_word reached end of file
100.0062 	EXP 	Playing sound spoken_word on speaker Lautsprecher (Realtek(R) Audio)
2026-08-06_16:56:11.631803 	INFO 	Keyboard events cleared
2026-08-06_16:56:11.631393 	EXP 	image: autoDraw = False
2026-08-06_16:56:11.631393 	EXP 	image: autoDraw = False
2026-08-06_16:56:11.631393 	EXP 	fix_cross: foreColor = <psychopy.colors.Color: white, alpha=1.0>
2026-08-06_16:56:11.631393 	EXP 	fix_cross: autoDraw = True
2026-08-06_16:56:12.073925 	EXP 	Sound spoken_word reached end of file
2026-08-06_16:56:12.083879 	EXP 	Sound spoken_word reached end of file
2026-08-06_16:56:13.114325 	EXP 	fix_cross: foreColor = <psychopy.colors.Color: white, alpha=1.0>
2026-08-06_16:56:13.114325 	EXP 	fix_cross_prc: autoDraw = True
2026-08-06_16:56:13.114325 	EXP 	fix_cross: autoDraw = False
2026-08-06_16:56:13.114325 	EXP 	fix_cross_2: autoDraw = True
2026-08-06_16:56:14.302048 	EXP 	New trial (rep=0, index=16): <Trial 16 (16 in rep 0) data={'block': 1, 'trial_in_block': 17, 'concept': 'bread', 'concept_num': 3, 'concept_num_word': 3, 'exemplar_num': 1, 'image_shown': 'bread\\bread_01.jpg', 'word_shown_english': 'bread', 'word_shown_german': 'Brot', 'word_shown_french': 'Pain', 'is_prompt': 1, 'is_mismatch': 0, 'ITI_length': 0.99, 'correct_response': None, 'nonmatch_pres_side': None, 'thisN': 16, 'thisTrialN': 16, 'thisRepN': 0}>
2026-08-06_16:56:14.368978 	EXP 	fix_cross_2: autoDraw = False
2026-08-06_16:56:14.368978 	EXP 	fix_cross_2: autoDraw = False
2026-08-06_16:56:14.368978 	EXP 	breaks_instruction: text = 'Pause, die Aufgabe geht gleich weiter.\nEs sind noch 9 Blöcke übrig.'
2026-08-06_16:56:14.368978 	EXP 	instruction_continuebreak: text = 'Die Pause ist vorbei.\nBitte drücken Sie eine beliebige Taste,\nsobald sie bereit sind, weiterzumachen.'
2026-08-06_16:56:14.368978 	EXP 	breaks_instruction: autoDraw = False
2026-08-06_16:56:14.368978 	EXP 	progress_bar_breaks: autoDraw = False
2026-08-06_16:56:14.368978 	EXP 	instruction_continuebreak: autoDraw = False
2026-08-06_16:56:14.368978 	EXP 	image: image = 'stimuli\\bread\\bread_01.jpg'
2026-08-06_16:56:14.368978 	EXP 	image: autoDraw = True
2026-08-06_16:56:15.122041 	EXP 	spoken_word: sampleRate = 24000
2026-08-06_16:56:15.123705 	INFO 	Resampled audio from 24000Hz to 48000Hz using method 'default'.
2026-08-06_16:56:15.123723 	DEBUG 	Converted audio clip from mono to stereo
2026-08-06_16:56:15.124376 	EXP 	Sound spoken_word reached end of file
103.5244 	EXP 	Playing sound spoken_word on speaker Lautsprecher (Realtek(R) Audio)
2026-08-06_16:56:15.130395 	INFO 	Keyboard events cleared
2026-08-06_16:56:15.130247 	EXP 	image: autoDraw = False
2026-08-06_16:56:15.130247 	EXP 	image: autoDraw = False
2026-08-06_16:56:15.130247 	EXP 	fix_cross: foreColor = <psychopy.colors.Color: white, alpha=1.0>
2026-08-06_16:56:15.130247 	EXP 	fix_cross: autoDraw = True
2026-08-06_16:56:16.026335 	EXP 	Sound spoken_word reached end of file
2026-08-06_16:56:16.049534 	EXP 	Sound spoken_word reached end of file
2026-08-06_16:56:16.632237 	EXP 	fix_cross: autoDraw = False
2026-08-06_16:56:16.647821 	EXP 	fix_cross: foreColor = <psychopy.colors.Color: white, alpha=1.0>
2026-08-06_16:56:16.647821 	EXP 	fix_cross_prc: autoDraw = True
2026-08-06_16:56:16.647821 	EXP 	fix_cross: autoDraw = False
2026-08-06_16:56:16.647821 	EXP 	fix_cross_2: autoDraw = True
2026-08-06_16:56:17.632398 	EXP 	New trial (rep=0, index=17): <Trial 17 (17 in rep 0) data={'block': 1, 'trial_in_block': 18, 'concept': 'hammer', 'concept_num': 7, 'concept_num_word': 2, 'exemplar_num': 43, 'image_shown': 'hammer\\hammer_43.jpg', 'word_shown_english': 'bicycle', 'word_shown_german': 'Fahrrad', 'word_shown_french': 'Vélo', 'is_prompt': 1, 'is_mismatch': 1, 'ITI_length': 0.98, 'correct_response': 'r', 'nonmatch_pres_side': 'left', 'thisN': 17, 'thisTrialN': 17, 'thisRepN': 0}>
2026-08-06_16:56:17.723082 	EXP 	fix_cross_2: autoDraw = False
2026-08-06_16:56:17.723082 	EXP 	fix_cross_2: autoDraw = False
2026-08-06_16:56:17.723082 	EXP 	breaks_instruction: text = 'Pause, die Aufgabe geht gleich weiter.\nEs sind noch 9 Blöcke übrig.'
2026-08-06_16:56:17.723082 	EXP 	instruction_continuebreak: text = 'Die Pause ist vorbei.\nBitte drücken Sie eine beliebige Taste,\nsobald sie bereit sind, weiterzumachen.'
2026-08-06_16:56:17.723082 	EXP 	breaks_instruction: autoDraw = False
2026-08-06_16:56:17.723082 	EXP 	progress_bar_breaks: autoDraw = False
2026-08-06_16:56:17.723082 	EXP 	instruction_continuebreak: autoDraw = False
2026-08-06_16:56:17.723082 	EXP 	image: image = 'stimuli\\hammer\\hammer_43.jpg'
2026-08-06_16:56:17.723082 	EXP 	image: autoDraw = True
2026-08-06_16:56:18.467484 	EXP 	spoken_word: sampleRate = 48000
2026-08-06_16:56:18.468446 	DEBUG 	Converted audio clip from mono to stereo
2026-08-06_16:56:18.469205 	EXP 	Sound spoken_word reached end of file
106.8711 	EXP 	Playing sound spoken_word on speaker Lautsprecher (Realtek(R) Audio)
2026-08-06_16:56:18.479574 	INFO 	Keyboard events cleared
2026-08-06_16:56:18.479372 	EXP 	image: autoDraw = False
2026-08-06_16:56:18.479372 	EXP 	image: autoDraw = False
2026-08-06_16:56:18.479372 	EXP 	fix_cross: foreColor = <psychopy.colors.Color: white, alpha=1.0>
2026-08-06_16:56:18.479372 	EXP 	fix_cross: autoDraw = True
2026-08-06_16:56:19.165278 	EXP 	Sound spoken_word reached end of file
2026-08-06_16:56:19.184906 	EXP 	Sound spoken_word reached end of file
2026-08-06_16:56:19.980229 	EXP 	fix_cross: autoDraw = False
2026-08-06_16:56:19.995327 	EXP 	fix_cross: foreColor = <psychopy.colors.Color: red, alpha=1.0>
2026-08-06_16:56:19.995327 	EXP 	fix_cross: autoDraw = True
2026-08-06_16:56:20.014489 	EXP 	fix_cross: autoDraw = False
2026-08-06_16:56:20.014489 	EXP 	fix_cross: autoDraw = True
2026-08-06_16:56:20.033400 	EXP 	fix_cross: autoDraw = False
2026-08-06_16:56:20.033400 	EXP 	fix_cross: autoDraw = True
2026-08-06_16:56:20.048505 	EXP 	fix_cross: autoDraw = False
2026-08-06_16:56:20.048505 	EXP 	fix_cross: autoDraw = True
2026-08-06_16:56:20.065195 	EXP 	fix_cross: autoDraw = False
2026-08-06_16:56:20.065195 	EXP 	fix_cross: autoDraw = True
2026-08-06_16:56:20.080615 	EXP 	fix_cross: autoDraw = False
2026-08-06_16:56:20.080615 	EXP 	fix_cross: autoDraw = True
2026-08-06_16:56:20.101435 	EXP 	fix_cross: autoDraw = False
2026-08-06_16:56:20.101435 	EXP 	fix_cross: autoDraw = True
2026-08-06_16:56:20.113868 	EXP 	fix_cross: autoDraw = False
2026-08-06_16:56:20.113868 	EXP 	fix_cross: autoDraw = True
2026-08-06_16:56:20.134816 	EXP 	fix_cross: autoDraw = False
2026-08-06_16:56:20.134816 	EXP 	fix_cross: autoDraw = True
2026-08-06_16:56:20.150618 	EXP 	fix_cross: autoDraw = False
2026-08-06_16:56:20.150618 	EXP 	fix_cross: autoDraw = True
2026-08-06_16:56:20.165736 	EXP 	fix_cross: autoDraw = False
2026-08-06_16:56:20.165736 	EXP 	fix_cross: autoDraw = True
2026-08-06_16:56:20.183001 	EXP 	fix_cross: autoDraw = False
2026-08-06_16:56:20.183001 	EXP 	fix_cross: autoDraw = True
2026-08-06_16:56:20.199286 	EXP 	fix_cross: autoDraw = False
2026-08-06_16:56:20.199286 	EXP 	fix_cross: autoDraw = True
2026-08-06_16:56:20.199286 	EXP 	fix_cross: autoDraw = False
2026-08-06_16:56:20.199286 	EXP 	fix_cross_2: autoDraw = True
2026-08-06_16:56:21.169004 	EXP 	New trial (rep=0, index=18): <Trial 18 (18 in rep 0) data={'block': 1, 'trial_in_block': 19, 'concept': 'flower', 'concept_num': 6, 'concept_num_word': 6, 'exemplar_num': 39, 'image_shown': 'flower\\flower_39.jpg', 'word_shown_english': 'flower', 'word_shown_german': 'Blume', 'word_shown_french': 'Fleur', 'is_prompt': 1, 'is_mismatch': 0, 'ITI_length': 1.18, 'correct_response': None, 'nonmatch_pres_side': None, 'thisN': 18, 'thisTrialN': 18, 'thisRepN': 0}>
2026-08-06_16:56:21.252916 	EXP 	fix_cross_2: autoDraw = False
2026-08-06_16:56:21.252916 	EXP 	fix_cross_2: autoDraw = False
2026-08-06_16:56:21.252916 	EXP 	breaks_instruction: text = 'Pause, die Aufgabe geht gleich weiter.\nEs sind noch 9 Blöcke übrig.'
2026-08-06_16:56:21.252916 	EXP 	instruction_continuebreak: text = 'Die Pause ist vorbei.\nBitte drücken Sie eine beliebige Taste,\nsobald sie bereit sind, weiterzumachen.'
2026-08-06_16:56:21.252916 	EXP 	breaks_instruction: autoDraw = False
2026-08-06_16:56:21.252916 	EXP 	progress_bar_breaks: autoDraw = False
2026-08-06_16:56:21.252916 	EXP 	instruction_continuebreak: autoDraw = False
2026-08-06_16:56:21.252916 	EXP 	image: image = 'stimuli\\flower\\flower_39.jpg'
2026-08-06_16:56:21.252916 	EXP 	image: autoDraw = True
2026-08-06_16:56:22.000987 	EXP 	spoken_word: sampleRate = 24000
2026-08-06_16:56:22.002378 	INFO 	Resampled audio from 24000Hz to 48000Hz using method 'default'.
2026-08-06_16:56:22.002407 	DEBUG 	Converted audio clip from mono to stereo
2026-08-06_16:56:22.003230 	EXP 	Sound spoken_word reached end of file
110.4036 	EXP 	Playing sound spoken_word on speaker Lautsprecher (Realtek(R) Audio)
2026-08-06_16:56:22.019521 	INFO 	Keyboard events cleared
2026-08-06_16:56:22.019300 	EXP 	image: autoDraw = False
2026-08-06_16:56:22.019300 	EXP 	image: autoDraw = False
2026-08-06_16:56:22.019300 	EXP 	fix_cross: foreColor = <psychopy.colors.Color: white, alpha=1.0>
2026-08-06_16:56:22.019300 	EXP 	fix_cross: autoDraw = True
2026-08-06_16:56:22.881342 	EXP 	Sound spoken_word reached end of file
2026-08-06_16:56:22.900581 	EXP 	Sound spoken_word reached end of file
2026-08-06_16:56:23.514863 	EXP 	fix_cross: foreColor = <psychopy.colors.Color: white, alpha=1.0>
2026-08-06_16:56:23.514863 	EXP 	fix_cross_prc: autoDraw = True
2026-08-06_16:56:23.514863 	EXP 	fix_cross: autoDraw = False
2026-08-06_16:56:23.514863 	EXP 	fix_cross_2: autoDraw = True
2026-08-06_16:56:24.684222 	EXP 	New trial (rep=0, index=19): <Trial 19 (19 in rep 0) data={'block': 1, 'trial_in_block': 20, 'concept': 'hammer', 'concept_num': 7, 'concept_num_word': 7, 'exemplar_num': 31, 'image_shown': 'hammer\\hammer_31.jpg', 'word_shown_english': 'hammer', 'word_shown_german': 'Hammer', 'word_shown_french': 'Marteau', 'is_prompt': 1, 'is_mismatch': 0, 'ITI_length': 0.97, 'correct_response': None, 'nonmatch_pres_side': None, 'thisN': 19, 'thisTrialN': 19, 'thisRepN': 0}>
2026-08-06_16:56:24.732346 	EXP 	fix_cross_2: autoDraw = False
2026-08-06_16:56:24.732346 	EXP 	fix_cross_2: autoDraw = False
2026-08-06_16:56:24.732346 	EXP 	breaks_instruction: text = 'Pause, die Aufgabe geht gleich weiter.\nEs sind noch 9 Blöcke übrig.'
2026-08-06_16:56:24.732346 	EXP 	instruction_continuebreak: text = 'Die Pause ist vorbei.\nBitte drücken Sie eine beliebige Taste,\nsobald sie bereit sind, weiterzumachen.'
2026-08-06_16:56:24.732346 	EXP 	breaks_instruction: autoDraw = False
2026-08-06_16:56:24.732346 	EXP 	progress_bar_breaks: autoDraw = False
2026-08-06_16:56:24.732346 	EXP 	instruction_continuebreak: autoDraw = False
2026-08-06_16:56:24.732346 	EXP 	image: image = 'stimuli\\hammer\\hammer_31.jpg'
2026-08-06_16:56:24.732346 	EXP 	image: autoDraw = True
2026-08-06_16:56:25.481440 	EXP 	spoken_word: sampleRate = 44100
2026-08-06_16:56:25.484086 	INFO 	Resampled audio from 44100Hz to 48000Hz using method 'default'.
2026-08-06_16:56:25.484117 	DEBUG 	Converted audio clip from mono to stereo
2026-08-06_16:56:25.484830 	EXP 	Sound spoken_word reached end of file
113.8856 	EXP 	Playing sound spoken_word on speaker Lautsprecher (Realtek(R) Audio)
2026-08-06_16:56:25.495046 	INFO 	Keyboard events cleared
2026-08-06_16:56:25.494750 	EXP 	image: autoDraw = False
2026-08-06_16:56:25.494750 	EXP 	image: autoDraw = False
2026-08-06_16:56:25.494750 	EXP 	fix_cross: foreColor = <psychopy.colors.Color: white, alpha=1.0>
2026-08-06_16:56:25.494750 	EXP 	fix_cross: autoDraw = True
2026-08-06_16:56:25.981094 	EXP 	Sound spoken_word reached end of file
2026-08-06_16:56:25.996494 	EXP 	Sound spoken_word reached end of file
2026-08-06_16:56:26.997917 	EXP 	fix_cross: autoDraw = False
2026-08-06_16:56:26.997917 	EXP 	fix_cross: foreColor = <psychopy.colors.Color: white, alpha=1.0>
2026-08-06_16:56:26.997917 	EXP 	fix_cross_prc: autoDraw = True
2026-08-06_16:56:26.997917 	EXP 	fix_cross: autoDraw = False
2026-08-06_16:56:26.997917 	EXP 	fix_cross_2: autoDraw = True
2026-08-06_16:56:27.963099 	EXP 	New trial (rep=0, index=20): <Trial 20 (20 in rep 0) data={'block': 1, 'trial_in_block': 21, 'concept': 'jacket', 'concept_num': 10, 'concept_num_word': 10, 'exemplar_num': 47, 'image_shown': 'jacket\\jacket_47.jpg', 'word_shown_english': 'jacket', 'word_shown_german': 'Jacke', 'word_shown_french': 'Veste', 'is_prompt': 1, 'is_mismatch': 0, 'ITI_length': 1.1, 'correct_response': None, 'nonmatch_pres_side': None, 'thisN': 20, 'thisTrialN': 20, 'thisRepN': 0}>
2026-08-06_16:56:28.057799 	EXP 	fix_cross_2: autoDraw = False
2026-08-06_16:56:28.057799 	EXP 	fix_cross_2: autoDraw = False
2026-08-06_16:56:28.057799 	EXP 	breaks_instruction: text = 'Pause, die Aufgabe geht gleich weiter.\nEs sind noch 9 Blöcke übrig.'
2026-08-06_16:56:28.057799 	EXP 	instruction_continuebreak: text = 'Die Pause ist vorbei.\nBitte drücken Sie eine beliebige Taste,\nsobald sie bereit sind, weiterzumachen.'
2026-08-06_16:56:28.057799 	EXP 	breaks_instruction: autoDraw = False
2026-08-06_16:56:28.057799 	EXP 	progress_bar_breaks: autoDraw = False
2026-08-06_16:56:28.057799 	EXP 	instruction_continuebreak: autoDraw = False
2026-08-06_16:56:28.057799 	EXP 	image: image = 'stimuli\\jacket\\jacket_47.jpg'
2026-08-06_16:56:28.057799 	EXP 	image: autoDraw = True
2026-08-06_16:56:28.798288 	EXP 	spoken_word: sampleRate = 44100
2026-08-06_16:56:28.803310 	INFO 	Resampled audio from 44100Hz to 48000Hz using method 'default'.
2026-08-06_16:56:28.803369 	DEBUG 	Converted audio clip from mono to stereo
2026-08-06_16:56:28.804823 	EXP 	Sound spoken_word reached end of file
117.2011 	EXP 	Playing sound spoken_word on speaker Lautsprecher (Realtek(R) Audio)
2026-08-06_16:56:28.825649 	INFO 	Keyboard events cleared
2026-08-06_16:56:28.825420 	EXP 	image: autoDraw = False
2026-08-06_16:56:28.825420 	EXP 	image: autoDraw = False
2026-08-06_16:56:28.825420 	EXP 	fix_cross: foreColor = <psychopy.colors.Color: white, alpha=1.0>
2026-08-06_16:56:28.825420 	EXP 	fix_cross: autoDraw = True
2026-08-06_16:56:29.318026 	EXP 	Sound spoken_word reached end of file
2026-08-06_16:56:29.329993 	EXP 	Sound spoken_word reached end of file
2026-08-06_16:56:30.326074 	EXP 	fix_cross: foreColor = <psychopy.colors.Color: white, alpha=1.0>
2026-08-06_16:56:30.326074 	EXP 	fix_cross_prc: autoDraw = True
2026-08-06_16:56:30.326074 	EXP 	fix_cross: autoDraw = False
2026-08-06_16:56:30.326074 	EXP 	fix_cross_2: autoDraw = True
2026-08-06_16:56:31.414342 	EXP 	New trial (rep=0, index=21): <Trial 21 (21 in rep 0) data={'block': 1, 'trial_in_block': 22, 'concept': 'bread', 'concept_num': 3, 'concept_num_word': 3, 'exemplar_num': 37, 'image_shown': 'bread\\bread_37.jpg', 'word_shown_english': 'bread', 'word_shown_german': 'Brot', 'word_shown_french': 'Pain', 'is_prompt': 1, 'is_mismatch': 0, 'ITI_length': 1.19, 'correct_response': None, 'nonmatch_pres_side': None, 'thisN': 21, 'thisTrialN': 21, 'thisRepN': 0}>
2026-08-06_16:56:31.516233 	EXP 	fix_cross_2: autoDraw = False
2026-08-06_16:56:31.516233 	EXP 	fix_cross_2: autoDraw = False
2026-08-06_16:56:31.516233 	EXP 	breaks_instruction: text = 'Pause, die Aufgabe geht gleich weiter.\nEs sind noch 9 Blöcke übrig.'
2026-08-06_16:56:31.516233 	EXP 	instruction_continuebreak: text = 'Die Pause ist vorbei.\nBitte drücken Sie eine beliebige Taste,\nsobald sie bereit sind, weiterzumachen.'
2026-08-06_16:56:31.516233 	EXP 	breaks_instruction: autoDraw = False
2026-08-06_16:56:31.516233 	EXP 	progress_bar_breaks: autoDraw = False
2026-08-06_16:56:31.516233 	EXP 	instruction_continuebreak: autoDraw = False
2026-08-06_16:56:31.516233 	EXP 	image: image = 'stimuli\\bread\\bread_37.jpg'
2026-08-06_16:56:31.516233 	EXP 	image: autoDraw = True
2026-08-06_16:56:32.263820 	EXP 	spoken_word: sampleRate = 24000
2026-08-06_16:56:32.265931 	INFO 	Resampled audio from 24000Hz to 48000Hz using method 'default'.
2026-08-06_16:56:32.265957 	DEBUG 	Converted audio clip from mono to stereo
2026-08-06_16:56:32.266876 	EXP 	Sound spoken_word reached end of file
120.6665 	EXP 	Playing sound spoken_word on speaker Lautsprecher (Realtek(R) Audio)
2026-08-06_16:56:32.279570 	INFO 	Keyboard events cleared
2026-08-06_16:56:32.279051 	EXP 	image: autoDraw = False
2026-08-06_16:56:32.279051 	EXP 	image: autoDraw = False
2026-08-06_16:56:32.279051 	EXP 	fix_cross: foreColor = <psychopy.colors.Color: white, alpha=1.0>
2026-08-06_16:56:32.279051 	EXP 	fix_cross: autoDraw = True
2026-08-06_16:56:33.168924 	EXP 	Sound spoken_word reached end of file
2026-08-06_16:56:33.195710 	EXP 	Sound spoken_word reached end of file
2026-08-06_16:56:33.792441 	EXP 	fix_cross: autoDraw = False
2026-08-06_16:56:33.792441 	EXP 	fix_cross: foreColor = <psychopy.colors.Color: white, alpha=1.0>
2026-08-06_16:56:33.792441 	EXP 	fix_cross_prc: autoDraw = True
2026-08-06_16:56:33.792441 	EXP 	fix_cross: autoDraw = False
2026-08-06_16:56:33.792441 	EXP 	fix_cross_2: autoDraw = True
2026-08-06_16:56:34.977521 	EXP 	New trial (rep=0, index=22): <Trial 22 (22 in rep 0) data={'block': 1, 'trial_in_block': 23, 'concept': 'house', 'concept_num': 9, 'concept_num_word': 1, 'exemplar_num': 32, 'image_shown': 'house\\house_32.jpg', 'word_shown_english': 'ball', 'word_shown_german': 'Ball', 'word_shown_french': 'Ballon', 'is_prompt': 1, 'is_mismatch': 1, 'ITI_length': 0.92, 'correct_response': 'r', 'nonmatch_pres_side': 'left', 'thisN': 22, 'thisTrialN': 22, 'thisRepN': 0}>
2026-08-06_16:56:35.030825 	EXP 	fix_cross_2: autoDraw = False
2026-08-06_16:56:35.030825 	EXP 	fix_cross_2: autoDraw = False
2026-08-06_16:56:35.030825 	EXP 	breaks_instruction: text = 'Pause, die Aufgabe geht gleich weiter.\nEs sind noch 9 Blöcke übrig.'
2026-08-06_16:56:35.030825 	EXP 	instruction_continuebreak: text = 'Die Pause ist vorbei.\nBitte drücken Sie eine beliebige Taste,\nsobald sie bereit sind, weiterzumachen.'
2026-08-06_16:56:35.030825 	EXP 	breaks_instruction: autoDraw = False
2026-08-06_16:56:35.030825 	EXP 	progress_bar_breaks: autoDraw = False
2026-08-06_16:56:35.030825 	EXP 	instruction_continuebreak: autoDraw = False
2026-08-06_16:56:35.030825 	EXP 	image: image = 'stimuli\\house\\house_32.jpg'
2026-08-06_16:56:35.030825 	EXP 	image: autoDraw = True
2026-08-06_16:56:35.778223 	EXP 	spoken_word: sampleRate = 24000
2026-08-06_16:56:35.779784 	INFO 	Resampled audio from 24000Hz to 48000Hz using method 'default'.
2026-08-06_16:56:35.779805 	DEBUG 	Converted audio clip from mono to stereo
2026-08-06_16:56:35.780482 	EXP 	Sound spoken_word reached end of file
124.1821 	EXP 	Playing sound spoken_word on speaker Lautsprecher (Realtek(R) Audio)
2026-08-06_16:56:35.790791 	INFO 	Keyboard events cleared
2026-08-06_16:56:35.790515 	EXP 	image: autoDraw = False
2026-08-06_16:56:35.790515 	EXP 	image: autoDraw = False
2026-08-06_16:56:35.790515 	EXP 	fix_cross: foreColor = <psychopy.colors.Color: white, alpha=1.0>
2026-08-06_16:56:35.790515 	EXP 	fix_cross: autoDraw = True
2026-08-06_16:56:36.533218 	EXP 	Sound spoken_word reached end of file
2026-08-06_16:56:36.544493 	EXP 	Sound spoken_word reached end of file
2026-08-06_16:56:37.290889 	EXP 	fix_cross: autoDraw = False
2026-08-06_16:56:37.290889 	EXP 	fix_cross: foreColor = <psychopy.colors.Color: red, alpha=1.0>
2026-08-06_16:56:37.290889 	EXP 	fix_cross: autoDraw = True
2026-08-06_16:56:37.306488 	EXP 	fix_cross: autoDraw = False
2026-08-06_16:56:37.306488 	EXP 	fix_cross: autoDraw = True
2026-08-06_16:56:37.323394 	EXP 	fix_cross: autoDraw = False
2026-08-06_16:56:37.323394 	EXP 	fix_cross: autoDraw = True
2026-08-06_16:56:37.339848 	EXP 	fix_cross: autoDraw = False
2026-08-06_16:56:37.339848 	EXP 	fix_cross: autoDraw = True
2026-08-06_16:56:37.359322 	EXP 	fix_cross: autoDraw = False
2026-08-06_16:56:37.359322 	EXP 	fix_cross: autoDraw = True
2026-08-06_16:56:37.373226 	EXP 	fix_cross: autoDraw = False
2026-08-06_16:56:37.373226 	EXP 	fix_cross: autoDraw = True
2026-08-06_16:56:37.390692 	EXP 	fix_cross: autoDraw = False
2026-08-06_16:56:37.390692 	EXP 	fix_cross: autoDraw = True
2026-08-06_16:56:37.407778 	EXP 	fix_cross: autoDraw = False
2026-08-06_16:56:37.407778 	EXP 	fix_cross: autoDraw = True
2026-08-06_16:56:37.423411 	EXP 	fix_cross: autoDraw = False
2026-08-06_16:56:37.423411 	EXP 	fix_cross: autoDraw = True
2026-08-06_16:56:37.440131 	EXP 	fix_cross: autoDraw = False
2026-08-06_16:56:37.440131 	EXP 	fix_cross: autoDraw = True
2026-08-06_16:56:37.456418 	EXP 	fix_cross: autoDraw = False
2026-08-06_16:56:37.456418 	EXP 	fix_cross: autoDraw = True
2026-08-06_16:56:37.473326 	EXP 	fix_cross: autoDraw = False
2026-08-06_16:56:37.473326 	EXP 	fix_cross: autoDraw = True
2026-08-06_16:56:37.491501 	EXP 	fix_cross: autoDraw = False
2026-08-06_16:56:37.491501 	EXP 	fix_cross: autoDraw = True
2026-08-06_16:56:37.506851 	EXP 	fix_cross: autoDraw = False
2026-08-06_16:56:37.506851 	EXP 	fix_cross: autoDraw = True
2026-08-06_16:56:37.506851 	EXP 	fix_cross: autoDraw = False
2026-08-06_16:56:37.506851 	EXP 	fix_cross_2: autoDraw = True
2026-08-06_16:56:38.414721 	EXP 	New trial (rep=0, index=23): <Trial 23 (23 in rep 0) data={'block': 1, 'trial_in_block': 24, 'concept': 'hand', 'concept_num': 8, 'concept_num_word': 8, 'exemplar_num': 21, 'image_shown': 'hand\\hand_21.jpg', 'word_shown_english': 'hand', 'word_shown_german': 'Hand', 'word_shown_french': 'Main', 'is_prompt': 1, 'is_mismatch': 0, 'ITI_length': 1.02, 'correct_response': None, 'nonmatch_pres_side': None, 'thisN': 23, 'thisTrialN': 23, 'thisRepN': 0}>
2026-08-06_16:56:38.492806 	EXP 	fix_cross_2: autoDraw = False
2026-08-06_16:56:38.492806 	EXP 	fix_cross_2: autoDraw = False
2026-08-06_16:56:38.492806 	EXP 	breaks_instruction: text = 'Pause, die Aufgabe geht gleich weiter.\nEs sind noch 9 Blöcke übrig.'
2026-08-06_16:56:38.492806 	EXP 	instruction_continuebreak: text = 'Die Pause ist vorbei.\nBitte drücken Sie eine beliebige Taste,\nsobald sie bereit sind, weiterzumachen.'
2026-08-06_16:56:38.492806 	EXP 	breaks_instruction: autoDraw = False
2026-08-06_16:56:38.492806 	EXP 	progress_bar_breaks: autoDraw = False
2026-08-06_16:56:38.492806 	EXP 	instruction_continuebreak: autoDraw = False
2026-08-06_16:56:38.492806 	EXP 	image: image = 'stimuli\\hand\\hand_21.jpg'
2026-08-06_16:56:38.492806 	EXP 	image: autoDraw = True
2026-08-06_16:56:39.244256 	EXP 	spoken_word: sampleRate = 44100
2026-08-06_16:56:39.247400 	INFO 	Resampled audio from 44100Hz to 48000Hz using method 'default'.
2026-08-06_16:56:39.247429 	DEBUG 	Converted audio clip from mono to stereo
2026-08-06_16:56:39.248046 	EXP 	Sound spoken_word reached end of file
127.6483 	EXP 	Playing sound spoken_word on speaker Lautsprecher (Realtek(R) Audio)
2026-08-06_16:56:39.256960 	INFO 	Keyboard events cleared
2026-08-06_16:56:39.256751 	EXP 	image: autoDraw = False
2026-08-06_16:56:39.256751 	EXP 	image: autoDraw = False
2026-08-06_16:56:39.256751 	EXP 	fix_cross: foreColor = <psychopy.colors.Color: white, alpha=1.0>
2026-08-06_16:56:39.256751 	EXP 	fix_cross: autoDraw = True
2026-08-06_16:56:39.726300 	EXP 	Sound spoken_word reached end of file
2026-08-06_16:56:39.742658 	EXP 	Sound spoken_word reached end of file
2026-08-06_16:56:40.076880 	DATA 	Keypress: r
2026-08-06_16:56:40.091718 	EXP 	Device response: <KeyPress from None: t=128.46779660000175, value=r, duration=None>
2026-08-06_16:56:40.259714 	EXP 	Device response: <KeyPress from None: t=69.07921029999852, value=r, duration=59.55581040000834>
2026-08-06_16:56:40.288947 	EXP 	fix_cross: foreColor = <psychopy.colors.Color: red, alpha=1.0>
2026-08-06_16:56:40.489365 	EXP 	fix_cross: autoDraw = False
2026-08-06_16:56:40.489365 	EXP 	fix_cross_2: autoDraw = True
2026-08-06_16:56:42.508287 	EXP 	New trial (rep=0, index=24): <Trial 24 (24 in rep 0) data={'block': 1, 'trial_in_block': 25, 'concept': 'flower', 'concept_num': 6, 'concept_num_word': 6, 'exemplar_num': 32, 'image_shown': 'flower\\flower_32.jpg', 'word_shown_english': 'flower', 'word_shown_german': 'Blume', 'word_shown_french': 'Fleur', 'is_prompt': 1, 'is_mismatch': 0, 'ITI_length': 1.23, 'correct_response': None, 'nonmatch_pres_side': None, 'thisN': 24, 'thisTrialN': 24, 'thisRepN': 0}>
2026-08-06_16:56:42.576706 	EXP 	fix_cross_2: autoDraw = False
2026-08-06_16:56:42.576706 	EXP 	fix_cross_2: autoDraw = False
2026-08-06_16:56:42.576706 	EXP 	breaks_instruction: text = 'Pause, die Aufgabe geht gleich weiter.\nEs sind noch 9 Blöcke übrig.'
2026-08-06_16:56:42.576706 	EXP 	instruction_continuebreak: text = 'Die Pause ist vorbei.\nBitte drücken Sie eine beliebige Taste,\nsobald sie bereit sind, weiterzumachen.'
2026-08-06_16:56:42.576706 	EXP 	breaks_instruction: autoDraw = False
2026-08-06_16:56:42.576706 	EXP 	progress_bar_breaks: autoDraw = False
2026-08-06_16:56:42.576706 	EXP 	instruction_continuebreak: autoDraw = False
2026-08-06_16:56:42.576706 	EXP 	image: image = 'stimuli\\flower\\flower_32.jpg'
2026-08-06_16:56:42.576706 	EXP 	image: autoDraw = True
2026-08-06_16:56:43.328431 	EXP 	spoken_word: sampleRate = 24000
2026-08-06_16:56:43.329980 	INFO 	Resampled audio from 24000Hz to 48000Hz using method 'default'.
2026-08-06_16:56:43.330001 	DEBUG 	Converted audio clip from mono to stereo
2026-08-06_16:56:43.330702 	EXP 	Sound spoken_word reached end of file
131.7320 	EXP 	Playing sound spoken_word on speaker Lautsprecher (Realtek(R) Audio)
2026-08-06_16:56:43.338689 	INFO 	Keyboard events cleared
2026-08-06_16:56:43.338504 	EXP 	image: autoDraw = False
2026-08-06_16:56:43.338504 	EXP 	image: autoDraw = False
2026-08-06_16:56:43.338504 	EXP 	fix_cross: foreColor = <psychopy.colors.Color: white, alpha=1.0>
2026-08-06_16:56:43.338504 	EXP 	fix_cross: autoDraw = True
2026-08-06_16:56:44.208627 	EXP 	Sound spoken_word reached end of file
2026-08-06_16:56:44.223264 	EXP 	Sound spoken_word reached end of file
2026-08-06_16:56:44.840480 	EXP 	fix_cross: autoDraw = False
2026-08-06_16:56:44.855819 	EXP 	fix_cross: foreColor = <psychopy.colors.Color: white, alpha=1.0>
2026-08-06_16:56:44.855819 	EXP 	fix_cross_prc: autoDraw = True
2026-08-06_16:56:44.855819 	EXP 	fix_cross: autoDraw = False
2026-08-06_16:56:44.855819 	EXP 	fix_cross_2: autoDraw = True
2026-08-06_16:56:45.159528 	EXP 	Device response: <KeyPress from None: t=133.54433360000257, value=r, duration=None>
2026-08-06_16:56:45.160211 	DATA 	Keypress: r
2026-08-06_16:56:45.356741 	EXP 	Device response: <KeyPress from None: t=128.46779660000175, value=r, duration=5.268175899997004>
2026-08-06_16:56:46.077314 	EXP 	New trial (rep=0, index=25): <Trial 25 (25 in rep 0) data={'block': 1, 'trial_in_block': 26, 'concept': 'chair', 'concept_num': 4, 'concept_num_word': 4, 'exemplar_num': 25, 'image_shown': 'chair\\chair_25.jpg', 'word_shown_english': 'chair', 'word_shown_german': 'Stuhl', 'word_shown_french': 'Chaise', 'is_prompt': 1, 'is_mismatch': 0, 'ITI_length': 1.14, 'correct_response': None, 'nonmatch_pres_side': None, 'thisN': 25, 'thisTrialN': 25, 'thisRepN': 0}>
2026-08-06_16:56:46.141306 	EXP 	fix_cross_2: autoDraw = False
2026-08-06_16:56:46.141306 	EXP 	fix_cross_2: autoDraw = False
2026-08-06_16:56:46.141306 	EXP 	breaks_instruction: text = 'Pause, die Aufgabe geht gleich weiter.\nEs sind noch 9 Blöcke übrig.'
2026-08-06_16:56:46.141306 	EXP 	instruction_continuebreak: text = 'Die Pause ist vorbei.\nBitte drücken Sie eine beliebige Taste,\nsobald sie bereit sind, weiterzumachen.'
2026-08-06_16:56:46.141306 	EXP 	breaks_instruction: autoDraw = False
2026-08-06_16:56:46.141306 	EXP 	progress_bar_breaks: autoDraw = False
2026-08-06_16:56:46.141306 	EXP 	instruction_continuebreak: autoDraw = False
2026-08-06_16:56:46.141306 	EXP 	image: image = 'stimuli\\chair\\chair_25.jpg'
2026-08-06_16:56:46.141306 	EXP 	image: autoDraw = True
2026-08-06_16:56:46.915952 	EXP 	spoken_word: sampleRate = 44100
2026-08-06_16:56:46.918963 	INFO 	Resampled audio from 44100Hz to 48000Hz using method 'default'.
2026-08-06_16:56:46.918992 	DEBUG 	Converted audio clip from mono to stereo
2026-08-06_16:56:46.919759 	EXP 	Sound spoken_word reached end of file
135.3119 	EXP 	Playing sound spoken_word on speaker Lautsprecher (Realtek(R) Audio)
2026-08-06_16:56:46.937829 	INFO 	Keyboard events cleared
2026-08-06_16:56:46.937509 	EXP 	image: autoDraw = False
2026-08-06_16:56:46.937509 	EXP 	image: autoDraw = False
2026-08-06_16:56:46.937509 	EXP 	fix_cross: foreColor = <psychopy.colors.Color: white, alpha=1.0>
2026-08-06_16:56:46.937509 	EXP 	fix_cross: autoDraw = True
2026-08-06_16:56:47.466474 	EXP 	Sound spoken_word reached end of file
2026-08-06_16:56:47.489373 	EXP 	Sound spoken_word reached end of file
2026-08-06_16:56:47.722955 	EXP 	Device response: <KeyPress from None: t=136.10382499999832, value=r, duration=None>
2026-08-06_16:56:47.723712 	DATA 	Keypress: r
2026-08-06_16:56:47.908544 	EXP 	Device response: <KeyPress from None: t=133.54433360000257, value=r, duration=2.7459823999961372>
2026-08-06_16:56:47.935975 	EXP 	fix_cross: foreColor = <psychopy.colors.Color: red, alpha=1.0>
2026-08-06_16:56:48.121332 	EXP 	fix_cross: autoDraw = False
2026-08-06_16:56:48.121332 	EXP 	fix_cross_2: autoDraw = True
2026-08-06_16:56:50.255480 	EXP 	New trial (rep=0, index=26): <Trial 26 (26 in rep 0) data={'block': 1, 'trial_in_block': 27, 'concept': 'bicycle', 'concept_num': 2, 'concept_num_word': 2, 'exemplar_num': 1, 'image_shown': 'bicycle\\bicycle_01.jpg', 'word_shown_english': 'bicycle', 'word_shown_german': 'Fahrrad', 'word_shown_french': 'Vélo', 'is_prompt': 1, 'is_mismatch': 0, 'ITI_length': 1.16, 'correct_response': None, 'nonmatch_pres_side': None, 'thisN': 26, 'thisTrialN': 26, 'thisRepN': 0}>
2026-08-06_16:56:50.306105 	EXP 	fix_cross_2: autoDraw = False
2026-08-06_16:56:50.306105 	EXP 	fix_cross_2: autoDraw = False
2026-08-06_16:56:50.306105 	EXP 	breaks_instruction: text = 'Pause, die Aufgabe geht gleich weiter.\nEs sind noch 9 Blöcke übrig.'
2026-08-06_16:56:50.306105 	EXP 	instruction_continuebreak: text = 'Die Pause ist vorbei.\nBitte drücken Sie eine beliebige Taste,\nsobald sie bereit sind, weiterzumachen.'
2026-08-06_16:56:50.306105 	EXP 	breaks_instruction: autoDraw = False
2026-08-06_16:56:50.306105 	EXP 	progress_bar_breaks: autoDraw = False
2026-08-06_16:56:50.306105 	EXP 	instruction_continuebreak: autoDraw = False
2026-08-06_16:56:50.306105 	EXP 	image: image = 'stimuli\\bicycle\\bicycle_01.jpg'
2026-08-06_16:56:50.306105 	EXP 	image: autoDraw = True
2026-08-06_16:56:51.056319 	EXP 	spoken_word: sampleRate = 48000
2026-08-06_16:56:51.057675 	DEBUG 	Converted audio clip from mono to stereo
2026-08-06_16:56:51.058354 	EXP 	Sound spoken_word reached end of file
139.4606 	EXP 	Playing sound spoken_word on speaker Lautsprecher (Realtek(R) Audio)
2026-08-06_16:56:51.069386 	INFO 	Keyboard events cleared
2026-08-06_16:56:51.069162 	EXP 	image: autoDraw = False
2026-08-06_16:56:51.069162 	EXP 	image: autoDraw = False
2026-08-06_16:56:51.069162 	EXP 	fix_cross: foreColor = <psychopy.colors.Color: white, alpha=1.0>
2026-08-06_16:56:51.069162 	EXP 	fix_cross: autoDraw = True
2026-08-06_16:56:51.747561 	EXP 	Sound spoken_word reached end of file
2026-08-06_16:56:51.771330 	EXP 	Sound spoken_word reached end of file
2026-08-06_16:56:51.905117 	EXP 	Device response: <KeyPress from None: t=140.29266750000534, value=r, duration=None>
2026-08-06_16:56:51.906034 	DATA 	Keypress: r
2026-08-06_16:56:52.071347 	EXP 	Device response: <KeyPress from None: t=136.10382499999832, value=r, duration=4.357026199999382>
2026-08-06_16:56:52.102035 	EXP 	fix_cross: foreColor = <psychopy.colors.Color: red, alpha=1.0>
2026-08-06_16:56:52.284984 	EXP 	fix_cross: autoDraw = False
2026-08-06_16:56:52.284984 	EXP 	fix_cross_2: autoDraw = True
2026-08-06_16:56:52.654936 	EXP 	Device response: <KeyPress from None: t=141.0439464999945, value=r, duration=None>
2026-08-06_16:56:52.655600 	DATA 	Keypress: r
2026-08-06_16:56:52.770867 	EXP 	Device response: <KeyPress from None: t=140.29266750000534, value=r, duration=0.8670710000005784>
2026-08-06_16:56:54.437554 	EXP 	New trial (rep=0, index=27): <Trial 27 (27 in rep 0) data={'block': 1, 'trial_in_block': 28, 'concept': 'ball', 'concept_num': 1, 'concept_num_word': 1, 'exemplar_num': 34, 'image_shown': 'ball\\ball_34.jpg', 'word_shown_english': 'ball', 'word_shown_german': 'Ball', 'word_shown_french': 'Ballon', 'is_prompt': 1, 'is_mismatch': 0, 'ITI_length': 1.21, 'correct_response': None, 'nonmatch_pres_side': None, 'thisN': 27, 'thisTrialN': 27, 'thisRepN': 0}>
2026-08-06_16:56:54.504511 	EXP 	fix_cross_2: autoDraw = False
2026-08-06_16:56:54.504511 	EXP 	fix_cross_2: autoDraw = False
2026-08-06_16:56:54.504511 	EXP 	breaks_instruction: text = 'Pause, die Aufgabe geht gleich weiter.\nEs sind noch 9 Blöcke übrig.'
2026-08-06_16:56:54.504511 	EXP 	instruction_continuebreak: text = 'Die Pause ist vorbei.\nBitte drücken Sie eine beliebige Taste,\nsobald sie bereit sind, weiterzumachen.'
2026-08-06_16:56:54.504511 	EXP 	breaks_instruction: autoDraw = False
2026-08-06_16:56:54.504511 	EXP 	progress_bar_breaks: autoDraw = False
2026-08-06_16:56:54.504511 	EXP 	instruction_continuebreak: autoDraw = False
2026-08-06_16:56:54.504511 	EXP 	image: image = 'stimuli\\ball\\ball_34.jpg'
2026-08-06_16:56:54.504511 	EXP 	image: autoDraw = True
2026-08-06_16:56:55.254860 	EXP 	spoken_word: sampleRate = 24000
2026-08-06_16:56:55.256134 	INFO 	Resampled audio from 24000Hz to 48000Hz using method 'default'.
2026-08-06_16:56:55.256150 	DEBUG 	Converted audio clip from mono to stereo
2026-08-06_16:56:55.256739 	EXP 	Sound spoken_word reached end of file
143.6593 	EXP 	Playing sound spoken_word on speaker Lautsprecher (Realtek(R) Audio)
2026-08-06_16:56:55.267566 	INFO 	Keyboard events cleared
2026-08-06_16:56:55.267372 	EXP 	image: autoDraw = False
2026-08-06_16:56:55.267372 	EXP 	image: autoDraw = False
2026-08-06_16:56:55.267372 	EXP 	fix_cross: foreColor = <psychopy.colors.Color: white, alpha=1.0>
2026-08-06_16:56:55.267372 	EXP 	fix_cross: autoDraw = True
2026-08-06_16:56:56.021724 	EXP 	Sound spoken_word reached end of file
2026-08-06_16:56:56.035720 	EXP 	Sound spoken_word reached end of file
2026-08-06_16:56:56.767015 	EXP 	fix_cross: autoDraw = False
2026-08-06_16:56:56.767015 	EXP 	fix_cross: foreColor = <psychopy.colors.Color: white, alpha=1.0>
2026-08-06_16:56:56.767015 	EXP 	fix_cross_prc: autoDraw = True
2026-08-06_16:56:56.767015 	EXP 	fix_cross: autoDraw = False
2026-08-06_16:56:56.767015 	EXP 	fix_cross_2: autoDraw = True
2026-08-06_16:56:57.970063 	EXP 	New trial (rep=0, index=28): <Trial 28 (28 in rep 0) data={'block': 1, 'trial_in_block': 29, 'concept': 'flower', 'concept_num': 6, 'concept_num_word': 6, 'exemplar_num': 9, 'image_shown': 'flower\\flower_09.jpg', 'word_shown_english': 'flower', 'word_shown_german': 'Blume', 'word_shown_french': 'Fleur', 'is_prompt': 1, 'is_mismatch': 0, 'ITI_length': 1.04, 'correct_response': None, 'nonmatch_pres_side': None, 'thisN': 28, 'thisTrialN': 28, 'thisRepN': 0}>
2026-08-06_16:56:58.037885 	EXP 	fix_cross_2: autoDraw = False
2026-08-06_16:56:58.037885 	EXP 	fix_cross_2: autoDraw = False
2026-08-06_16:56:58.037885 	EXP 	breaks_instruction: text = 'Pause, die Aufgabe geht gleich weiter.\nEs sind noch 9 Blöcke übrig.'
2026-08-06_16:56:58.037885 	EXP 	instruction_continuebreak: text = 'Die Pause ist vorbei.\nBitte drücken Sie eine beliebige Taste,\nsobald sie bereit sind, weiterzumachen.'
2026-08-06_16:56:58.037885 	EXP 	breaks_instruction: autoDraw = False
2026-08-06_16:56:58.037885 	EXP 	progress_bar_breaks: autoDraw = False
2026-08-06_16:56:58.037885 	EXP 	instruction_continuebreak: autoDraw = False
2026-08-06_16:56:58.037885 	EXP 	image: image = 'stimuli\\flower\\flower_09.jpg'
2026-08-06_16:56:58.037885 	EXP 	image: autoDraw = True
2026-08-06_16:56:58.787100 	EXP 	spoken_word: sampleRate = 24000
2026-08-06_16:56:58.788536 	INFO 	Resampled audio from 24000Hz to 48000Hz using method 'default'.
2026-08-06_16:56:58.788558 	DEBUG 	Converted audio clip from mono to stereo
2026-08-06_16:56:58.789227 	EXP 	Sound spoken_word reached end of file
147.1914 	EXP 	Playing sound spoken_word on speaker Lautsprecher (Realtek(R) Audio)
2026-08-06_16:56:58.800296 	INFO 	Keyboard events cleared
2026-08-06_16:56:58.800064 	EXP 	image: autoDraw = False
2026-08-06_16:56:58.800064 	EXP 	image: autoDraw = False
2026-08-06_16:56:58.800064 	EXP 	fix_cross: foreColor = <psychopy.colors.Color: white, alpha=1.0>
2026-08-06_16:56:58.800064 	EXP 	fix_cross: autoDraw = True
2026-08-06_16:56:59.664300 	EXP 	Sound spoken_word reached end of file
2026-08-06_16:56:59.684932 	EXP 	Sound spoken_word reached end of file
2026-08-06_16:57:00.300405 	EXP 	fix_cross: autoDraw = False
2026-08-06_16:57:00.300405 	EXP 	fix_cross: foreColor = <psychopy.colors.Color: white, alpha=1.0>
2026-08-06_16:57:00.300405 	EXP 	fix_cross_prc: autoDraw = True
2026-08-06_16:57:00.300405 	EXP 	fix_cross: autoDraw = False
2026-08-06_16:57:00.300405 	EXP 	fix_cross_2: autoDraw = True
2026-08-06_16:57:01.335308 	EXP 	New trial (rep=0, index=29): <Trial 29 (29 in rep 0) data={'block': 1, 'trial_in_block': 30, 'concept': 'bread', 'concept_num': 3, 'concept_num_word': 3, 'exemplar_num': 26, 'image_shown': 'bread\\bread_26.jpg', 'word_shown_english': 'bread', 'word_shown_german': 'Brot', 'word_shown_french': 'Pain', 'is_prompt': 1, 'is_mismatch': 0, 'ITI_length': 1.21, 'correct_response': None, 'nonmatch_pres_side': None, 'thisN': 29, 'thisTrialN': 29, 'thisRepN': 0}>
2026-08-06_16:57:01.402745 	EXP 	fix_cross_2: autoDraw = False
2026-08-06_16:57:01.402745 	EXP 	fix_cross_2: autoDraw = False
2026-08-06_16:57:01.402745 	EXP 	breaks_instruction: text = 'Pause, die Aufgabe geht gleich weiter.\nEs sind noch 9 Blöcke übrig.'
2026-08-06_16:57:01.402745 	EXP 	instruction_continuebreak: text = 'Die Pause ist vorbei.\nBitte drücken Sie eine beliebige Taste,\nsobald sie bereit sind, weiterzumachen.'
2026-08-06_16:57:01.402745 	EXP 	breaks_instruction: autoDraw = False
2026-08-06_16:57:01.402745 	EXP 	progress_bar_breaks: autoDraw = False
2026-08-06_16:57:01.402745 	EXP 	instruction_continuebreak: autoDraw = False
2026-08-06_16:57:01.402745 	EXP 	image: image = 'stimuli\\bread\\bread_26.jpg'
2026-08-06_16:57:01.402745 	EXP 	image: autoDraw = True
2026-08-06_16:57:02.152710 	EXP 	spoken_word: sampleRate = 24000
2026-08-06_16:57:02.154440 	INFO 	Resampled audio from 24000Hz to 48000Hz using method 'default'.
2026-08-06_16:57:02.154466 	DEBUG 	Converted audio clip from mono to stereo
2026-08-06_16:57:02.155219 	EXP 	Sound spoken_word reached end of file
150.5569 	EXP 	Playing sound spoken_word on speaker Lautsprecher (Realtek(R) Audio)
2026-08-06_16:57:02.168014 	INFO 	Keyboard events cleared
2026-08-06_16:57:02.167695 	EXP 	image: autoDraw = False
2026-08-06_16:57:02.167695 	EXP 	image: autoDraw = False
2026-08-06_16:57:02.167695 	EXP 	fix_cross: foreColor = <psychopy.colors.Color: white, alpha=1.0>
2026-08-06_16:57:02.167695 	EXP 	fix_cross: autoDraw = True
2026-08-06_16:57:03.059652 	EXP 	Sound spoken_word reached end of file
2026-08-06_16:57:03.083964 	EXP 	Sound spoken_word reached end of file
2026-08-06_16:57:03.681626 	EXP 	fix_cross: autoDraw = False
2026-08-06_16:57:03.681626 	EXP 	fix_cross: foreColor = <psychopy.colors.Color: white, alpha=1.0>
2026-08-06_16:57:03.681626 	EXP 	fix_cross_prc: autoDraw = True
2026-08-06_16:57:03.681626 	EXP 	fix_cross: autoDraw = False
2026-08-06_16:57:03.681626 	EXP 	fix_cross_2: autoDraw = True
2026-08-06_16:57:04.883610 	EXP 	New trial (rep=0, index=30): <Trial 30 (30 in rep 0) data={'block': 1, 'trial_in_block': 31, 'concept': 'flower', 'concept_num': 6, 'concept_num_word': 6, 'exemplar_num': 28, 'image_shown': 'flower\\flower_28.jpg', 'word_shown_english': 'flower', 'word_shown_german': 'Blume', 'word_shown_french': 'Fleur', 'is_prompt': 1, 'is_mismatch': 0, 'ITI_length': 0.92, 'correct_response': None, 'nonmatch_pres_side': None, 'thisN': 30, 'thisTrialN': 30, 'thisRepN': 0}>
2026-08-06_16:57:04.952228 	EXP 	fix_cross_2: autoDraw = False
2026-08-06_16:57:04.952228 	EXP 	fix_cross_2: autoDraw = False
2026-08-06_16:57:04.952228 	EXP 	breaks_instruction: text = 'Pause, die Aufgabe geht gleich weiter.\nEs sind noch 9 Blöcke übrig.'
2026-08-06_16:57:04.952228 	EXP 	instruction_continuebreak: text = 'Die Pause ist vorbei.\nBitte drücken Sie eine beliebige Taste,\nsobald sie bereit sind, weiterzumachen.'
2026-08-06_16:57:04.952228 	EXP 	breaks_instruction: autoDraw = False
2026-08-06_16:57:04.952228 	EXP 	progress_bar_breaks: autoDraw = False
2026-08-06_16:57:04.952228 	EXP 	instruction_continuebreak: autoDraw = False
2026-08-06_16:57:04.952228 	EXP 	image: image = 'stimuli\\flower\\flower_28.jpg'
2026-08-06_16:57:04.952228 	EXP 	image: autoDraw = True
2026-08-06_16:57:05.701426 	EXP 	spoken_word: sampleRate = 24000
2026-08-06_16:57:05.702699 	INFO 	Resampled audio from 24000Hz to 48000Hz using method 'default'.
2026-08-06_16:57:05.702714 	DEBUG 	Converted audio clip from mono to stereo
2026-08-06_16:57:05.703678 	EXP 	Sound spoken_word reached end of file
154.1059 	EXP 	Playing sound spoken_word on speaker Lautsprecher (Realtek(R) Audio)
2026-08-06_16:57:05.716119 	INFO 	Keyboard events cleared
2026-08-06_16:57:05.715883 	EXP 	image: autoDraw = False
2026-08-06_16:57:05.715883 	EXP 	image: autoDraw = False
2026-08-06_16:57:05.715883 	EXP 	fix_cross: foreColor = <psychopy.colors.Color: white, alpha=1.0>
2026-08-06_16:57:05.715883 	EXP 	fix_cross: autoDraw = True
2026-08-06_16:57:06.586486 	EXP 	Sound spoken_word reached end of file
2026-08-06_16:57:06.599805 	EXP 	Sound spoken_word reached end of file
2026-08-06_16:57:07.214579 	EXP 	fix_cross: autoDraw = False
2026-08-06_16:57:07.214579 	EXP 	fix_cross: foreColor = <psychopy.colors.Color: white, alpha=1.0>
2026-08-06_16:57:07.214579 	EXP 	fix_cross_prc: autoDraw = True
2026-08-06_16:57:07.214579 	EXP 	fix_cross: autoDraw = False
2026-08-06_16:57:07.214579 	EXP 	fix_cross_2: autoDraw = True
2026-08-06_16:57:08.136302 	EXP 	New trial (rep=0, index=31): <Trial 31 (31 in rep 0) data={'block': 1, 'trial_in_block': 32, 'concept': 'bicycle', 'concept_num': 2, 'concept_num_word': 2, 'exemplar_num': 30, 'image_shown': 'bicycle\\bicycle_30.jpg', 'word_shown_english': 'bicycle', 'word_shown_german': 'Fahrrad', 'word_shown_french': 'Vélo', 'is_prompt': 1, 'is_mismatch': 0, 'ITI_length': 1.23, 'correct_response': None, 'nonmatch_pres_side': None, 'thisN': 31, 'thisTrialN': 31, 'thisRepN': 0}>
2026-08-06_16:57:08.200217 	EXP 	fix_cross_2: autoDraw = False
2026-08-06_16:57:08.200217 	EXP 	fix_cross_2: autoDraw = False
2026-08-06_16:57:08.200217 	EXP 	breaks_instruction: text = 'Pause, die Aufgabe geht gleich weiter.\nEs sind noch 9 Blöcke übrig.'
2026-08-06_16:57:08.200217 	EXP 	instruction_continuebreak: text = 'Die Pause ist vorbei.\nBitte drücken Sie eine beliebige Taste,\nsobald sie bereit sind, weiterzumachen.'
2026-08-06_16:57:08.200217 	EXP 	breaks_instruction: autoDraw = False
2026-08-06_16:57:08.200217 	EXP 	progress_bar_breaks: autoDraw = False
2026-08-06_16:57:08.200217 	EXP 	instruction_continuebreak: autoDraw = False
2026-08-06_16:57:08.200217 	EXP 	image: image = 'stimuli\\bicycle\\bicycle_30.jpg'
2026-08-06_16:57:08.200217 	EXP 	image: autoDraw = True
2026-08-06_16:57:08.950429 	EXP 	spoken_word: sampleRate = 48000
2026-08-06_16:57:08.951304 	DEBUG 	Converted audio clip from mono to stereo
2026-08-06_16:57:08.951906 	EXP 	Sound spoken_word reached end of file
157.3548 	EXP 	Playing sound spoken_word on speaker Lautsprecher (Realtek(R) Audio)
2026-08-06_16:57:08.963917 	INFO 	Keyboard events cleared
2026-08-06_16:57:08.963532 	EXP 	image: autoDraw = False
2026-08-06_16:57:08.963532 	EXP 	image: autoDraw = False
2026-08-06_16:57:08.963532 	EXP 	fix_cross: foreColor = <psychopy.colors.Color: white, alpha=1.0>
2026-08-06_16:57:08.963532 	EXP 	fix_cross: autoDraw = True
2026-08-06_16:57:09.635645 	EXP 	Sound spoken_word reached end of file
2026-08-06_16:57:09.651383 	EXP 	Sound spoken_word reached end of file
2026-08-06_16:57:10.463181 	EXP 	fix_cross: autoDraw = False
2026-08-06_16:57:10.479572 	EXP 	fix_cross: foreColor = <psychopy.colors.Color: white, alpha=1.0>
2026-08-06_16:57:10.479572 	EXP 	fix_cross_prc: autoDraw = True
2026-08-06_16:57:10.479572 	EXP 	fix_cross: autoDraw = False
2026-08-06_16:57:10.479572 	EXP 	fix_cross_2: autoDraw = True
2026-08-06_16:57:11.699472 	EXP 	New trial (rep=0, index=32): <Trial 32 (32 in rep 0) data={'block': 1, 'trial_in_block': 33, 'concept': 'jacket', 'concept_num': 10, 'concept_num_word': 8, 'exemplar_num': 12, 'image_shown': 'jacket\\jacket_12.jpg', 'word_shown_english': 'hand', 'word_shown_german': 'Hand', 'word_shown_french': 'Main', 'is_prompt': 1, 'is_mismatch': 1, 'ITI_length': 0.77, 'correct_response': 'r', 'nonmatch_pres_side': 'right', 'thisN': 32, 'thisTrialN': 32, 'thisRepN': 0}>
2026-08-06_16:57:11.765162 	EXP 	fix_cross_2: autoDraw = False
2026-08-06_16:57:11.765162 	EXP 	fix_cross_2: autoDraw = False
2026-08-06_16:57:11.765162 	EXP 	breaks_instruction: text = 'Pause, die Aufgabe geht gleich weiter.\nEs sind noch 9 Blöcke übrig.'
2026-08-06_16:57:11.765162 	EXP 	instruction_continuebreak: text = 'Die Pause ist vorbei.\nBitte drücken Sie eine beliebige Taste,\nsobald sie bereit sind, weiterzumachen.'
2026-08-06_16:57:11.765162 	EXP 	breaks_instruction: autoDraw = False
2026-08-06_16:57:11.765162 	EXP 	progress_bar_breaks: autoDraw = False
2026-08-06_16:57:11.765162 	EXP 	instruction_continuebreak: autoDraw = False
2026-08-06_16:57:11.765162 	EXP 	image: image = 'stimuli\\jacket\\jacket_12.jpg'
2026-08-06_16:57:11.765162 	EXP 	image: autoDraw = True
2026-08-06_16:57:12.516637 	EXP 	spoken_word: sampleRate = 44100
2026-08-06_16:57:12.519047 	INFO 	Resampled audio from 44100Hz to 48000Hz using method 'default'.
2026-08-06_16:57:12.519071 	DEBUG 	Converted audio clip from mono to stereo
2026-08-06_16:57:12.519599 	EXP 	Sound spoken_word reached end of file
160.9208 	EXP 	Playing sound spoken_word on speaker Lautsprecher (Realtek(R) Audio)
2026-08-06_16:57:12.531703 	INFO 	Keyboard events cleared
2026-08-06_16:57:12.531439 	EXP 	image: autoDraw = False
2026-08-06_16:57:12.531439 	EXP 	image: autoDraw = False
2026-08-06_16:57:12.531439 	EXP 	fix_cross: foreColor = <psychopy.colors.Color: white, alpha=1.0>
2026-08-06_16:57:12.531439 	EXP 	fix_cross: autoDraw = True
2026-08-06_16:57:12.996294 	EXP 	Sound spoken_word reached end of file
2026-08-06_16:57:13.013806 	EXP 	Sound spoken_word reached end of file
2026-08-06_16:57:14.044968 	EXP 	fix_cross: autoDraw = False
2026-08-06_16:57:14.044968 	EXP 	fix_cross: foreColor = <psychopy.colors.Color: red, alpha=1.0>
2026-08-06_16:57:14.044968 	EXP 	fix_cross: autoDraw = True
2026-08-06_16:57:14.061376 	EXP 	fix_cross: autoDraw = False
2026-08-06_16:57:14.061376 	EXP 	fix_cross: autoDraw = True
2026-08-06_16:57:14.079455 	EXP 	fix_cross: autoDraw = False
2026-08-06_16:57:14.079455 	EXP 	fix_cross: autoDraw = True
2026-08-06_16:57:14.094796 	EXP 	fix_cross: autoDraw = False
2026-08-06_16:57:14.094796 	EXP 	fix_cross: autoDraw = True
2026-08-06_16:57:14.113397 	EXP 	fix_cross: autoDraw = False
2026-08-06_16:57:14.113397 	EXP 	fix_cross: autoDraw = True
2026-08-06_16:57:14.128823 	EXP 	fix_cross: autoDraw = False
2026-08-06_16:57:14.128823 	EXP 	fix_cross: autoDraw = True
2026-08-06_16:57:14.144911 	EXP 	fix_cross: autoDraw = False
2026-08-06_16:57:14.144911 	EXP 	fix_cross: autoDraw = True
2026-08-06_16:57:14.161986 	EXP 	fix_cross: autoDraw = False
2026-08-06_16:57:14.161986 	EXP 	fix_cross: autoDraw = True
2026-08-06_16:57:14.177958 	EXP 	fix_cross: autoDraw = False
2026-08-06_16:57:14.177958 	EXP 	fix_cross: autoDraw = True
2026-08-06_16:57:14.196412 	EXP 	fix_cross: autoDraw = False
2026-08-06_16:57:14.196412 	EXP 	fix_cross: autoDraw = True
2026-08-06_16:57:14.211507 	EXP 	fix_cross: autoDraw = False
2026-08-06_16:57:14.211507 	EXP 	fix_cross: autoDraw = True
2026-08-06_16:57:14.229706 	EXP 	fix_cross: autoDraw = False
2026-08-06_16:57:14.229706 	EXP 	fix_cross: autoDraw = True
2026-08-06_16:57:14.245843 	EXP 	fix_cross: autoDraw = False
2026-08-06_16:57:14.245843 	EXP 	fix_cross: autoDraw = True
2026-08-06_16:57:14.245843 	EXP 	fix_cross: autoDraw = False
2026-08-06_16:57:14.245843 	EXP 	fix_cross_2: autoDraw = True
2026-08-06_16:57:15.014695 	EXP 	New trial (rep=0, index=33): <Trial 33 (33 in rep 0) data={'block': 1, 'trial_in_block': 34, 'concept': 'hammer', 'concept_num': 7, 'concept_num_word': 7, 'exemplar_num': 33, 'image_shown': 'hammer\\hammer_33.jpg', 'word_shown_english': 'hammer', 'word_shown_german': 'Hammer', 'word_shown_french': 'Marteau', 'is_prompt': 1, 'is_mismatch': 0, 'ITI_length': 1.22, 'correct_response': None, 'nonmatch_pres_side': None, 'thisN': 33, 'thisTrialN': 33, 'thisRepN': 0}>
2026-08-06_16:57:15.066705 	EXP 	fix_cross_2: autoDraw = False
2026-08-06_16:57:15.066705 	EXP 	fix_cross_2: autoDraw = False
2026-08-06_16:57:15.066705 	EXP 	breaks_instruction: text = 'Pause, die Aufgabe geht gleich weiter.\nEs sind noch 9 Blöcke übrig.'
2026-08-06_16:57:15.066705 	EXP 	instruction_continuebreak: text = 'Die Pause ist vorbei.\nBitte drücken Sie eine beliebige Taste,\nsobald sie bereit sind, weiterzumachen.'
2026-08-06_16:57:15.066705 	EXP 	breaks_instruction: autoDraw = False
2026-08-06_16:57:15.066705 	EXP 	progress_bar_breaks: autoDraw = False
2026-08-06_16:57:15.066705 	EXP 	instruction_continuebreak: autoDraw = False
2026-08-06_16:57:15.066705 	EXP 	image: image = 'stimuli\\hammer\\hammer_33.jpg'
2026-08-06_16:57:15.066705 	EXP 	image: autoDraw = True
2026-08-06_16:57:15.815092 	EXP 	spoken_word: sampleRate = 44100
2026-08-06_16:57:15.817956 	INFO 	Resampled audio from 44100Hz to 48000Hz using method 'default'.
2026-08-06_16:57:15.817982 	DEBUG 	Converted audio clip from mono to stereo
2026-08-06_16:57:15.818595 	EXP 	Sound spoken_word reached end of file
164.2194 	EXP 	Playing sound spoken_word on speaker Lautsprecher (Realtek(R) Audio)
2026-08-06_16:57:15.827856 	INFO 	Keyboard events cleared
2026-08-06_16:57:15.827642 	EXP 	image: autoDraw = False
2026-08-06_16:57:15.827642 	EXP 	image: autoDraw = False
2026-08-06_16:57:15.827642 	EXP 	fix_cross: foreColor = <psychopy.colors.Color: white, alpha=1.0>
2026-08-06_16:57:15.827642 	EXP 	fix_cross: autoDraw = True
2026-08-06_16:57:16.317052 	EXP 	Sound spoken_word reached end of file
2026-08-06_16:57:16.331375 	EXP 	Sound spoken_word reached end of file
2026-08-06_16:57:17.327780 	EXP 	fix_cross: autoDraw = False
2026-08-06_16:57:17.327780 	EXP 	fix_cross: foreColor = <psychopy.colors.Color: white, alpha=1.0>
2026-08-06_16:57:17.327780 	EXP 	fix_cross_prc: autoDraw = True
2026-08-06_16:57:17.327780 	EXP 	fix_cross: autoDraw = False
2026-08-06_16:57:17.327780 	EXP 	fix_cross_2: autoDraw = True
2026-08-06_16:57:18.546993 	EXP 	New trial (rep=0, index=34): <Trial 34 (34 in rep 0) data={'block': 1, 'trial_in_block': 35, 'concept': 'dog', 'concept_num': 5, 'concept_num_word': 5, 'exemplar_num': 19, 'image_shown': 'dog\\dog_19.jpg', 'word_shown_english': 'dog', 'word_shown_german': 'Hund', 'word_shown_french': 'Chien', 'is_prompt': 1, 'is_mismatch': 0, 'ITI_length': 0.97, 'correct_response': None, 'nonmatch_pres_side': None, 'thisN': 34, 'thisTrialN': 34, 'thisRepN': 0}>
2026-08-06_16:57:18.579758 	EXP 	fix_cross_2: autoDraw = False
2026-08-06_16:57:18.579758 	EXP 	fix_cross_2: autoDraw = False
2026-08-06_16:57:18.579758 	EXP 	breaks_instruction: text = 'Pause, die Aufgabe geht gleich weiter.\nEs sind noch 9 Blöcke übrig.'
2026-08-06_16:57:18.579758 	EXP 	instruction_continuebreak: text = 'Die Pause ist vorbei.\nBitte drücken Sie eine beliebige Taste,\nsobald sie bereit sind, weiterzumachen.'
2026-08-06_16:57:18.579758 	EXP 	breaks_instruction: autoDraw = False
2026-08-06_16:57:18.579758 	EXP 	progress_bar_breaks: autoDraw = False
2026-08-06_16:57:18.579758 	EXP 	instruction_continuebreak: autoDraw = False
2026-08-06_16:57:18.579758 	EXP 	image: image = 'stimuli\\dog\\dog_19.jpg'
2026-08-06_16:57:18.579758 	EXP 	image: autoDraw = True
2026-08-06_16:57:19.330977 	EXP 	spoken_word: sampleRate = 44100
2026-08-06_16:57:19.333675 	INFO 	Resampled audio from 44100Hz to 48000Hz using method 'default'.
2026-08-06_16:57:19.333696 	DEBUG 	Converted audio clip from mono to stereo
2026-08-06_16:57:19.334219 	EXP 	Sound spoken_word reached end of file
167.7351 	EXP 	Playing sound spoken_word on speaker Lautsprecher (Realtek(R) Audio)
2026-08-06_16:57:19.343428 	INFO 	Keyboard events cleared
2026-08-06_16:57:19.343243 	EXP 	image: autoDraw = False
2026-08-06_16:57:19.343243 	EXP 	image: autoDraw = False
2026-08-06_16:57:19.343243 	EXP 	fix_cross: foreColor = <psychopy.colors.Color: white, alpha=1.0>
2026-08-06_16:57:19.343243 	EXP 	fix_cross: autoDraw = True
2026-08-06_16:57:19.802702 	EXP 	Sound spoken_word reached end of file
2026-08-06_16:57:19.812646 	EXP 	Sound spoken_word reached end of file
2026-08-06_16:57:20.843627 	EXP 	fix_cross: autoDraw = False
2026-08-06_16:57:20.859760 	EXP 	fix_cross: foreColor = <psychopy.colors.Color: white, alpha=1.0>
2026-08-06_16:57:20.859760 	EXP 	fix_cross_prc: autoDraw = True
2026-08-06_16:57:20.859760 	EXP 	fix_cross: autoDraw = False
2026-08-06_16:57:20.859760 	EXP 	fix_cross_2: autoDraw = True
2026-08-06_16:57:21.829300 	EXP 	New trial (rep=0, index=35): <Trial 35 (35 in rep 0) data={'block': 1, 'trial_in_block': 36, 'concept': 'ball', 'concept_num': 1, 'concept_num_word': 1, 'exemplar_num': 46, 'image_shown': 'ball\\ball_46.jpg', 'word_shown_english': 'ball', 'word_shown_german': 'Ball', 'word_shown_french': 'Ballon', 'is_prompt': 1, 'is_mismatch': 0, 'ITI_length': 0.79, 'correct_response': None, 'nonmatch_pres_side': None, 'thisN': 35, 'thisTrialN': 35, 'thisRepN': 0}>
2026-08-06_16:57:21.952024 	EXP 	fix_cross_2: autoDraw = False
2026-08-06_16:57:21.952024 	EXP 	fix_cross_2: autoDraw = False
2026-08-06_16:57:21.952024 	EXP 	breaks_instruction: text = 'Pause, die Aufgabe geht gleich weiter.\nEs sind noch 9 Blöcke übrig.'
2026-08-06_16:57:21.952024 	EXP 	instruction_continuebreak: text = 'Die Pause ist vorbei.\nBitte drücken Sie eine beliebige Taste,\nsobald sie bereit sind, weiterzumachen.'
2026-08-06_16:57:21.952024 	EXP 	breaks_instruction: autoDraw = False
2026-08-06_16:57:21.952024 	EXP 	progress_bar_breaks: autoDraw = False
2026-08-06_16:57:21.952024 	EXP 	instruction_continuebreak: autoDraw = False
2026-08-06_16:57:21.952024 	EXP 	image: image = 'stimuli\\ball\\ball_46.jpg'
2026-08-06_16:57:21.952024 	EXP 	image: autoDraw = True
2026-08-06_16:57:22.700618 	EXP 	spoken_word: sampleRate = 24000
2026-08-06_16:57:22.702572 	INFO 	Resampled audio from 24000Hz to 48000Hz using method 'default'.
2026-08-06_16:57:22.702612 	DEBUG 	Converted audio clip from mono to stereo
2026-08-06_16:57:22.703462 	EXP 	Sound spoken_word reached end of file
171.1038 	EXP 	Playing sound spoken_word on speaker Lautsprecher (Realtek(R) Audio)
2026-08-06_16:57:22.725678 	INFO 	Keyboard events cleared
2026-08-06_16:57:22.725474 	EXP 	image: autoDraw = False
2026-08-06_16:57:22.725474 	EXP 	image: autoDraw = False
2026-08-06_16:57:22.725474 	EXP 	fix_cross: foreColor = <psychopy.colors.Color: white, alpha=1.0>
2026-08-06_16:57:22.725474 	EXP 	fix_cross: autoDraw = True
2026-08-06_16:57:23.457204 	EXP 	Sound spoken_word reached end of file
2026-08-06_16:57:23.477575 	EXP 	Sound spoken_word reached end of file
2026-08-06_16:57:24.227742 	EXP 	fix_cross: autoDraw = False
2026-08-06_16:57:24.227742 	EXP 	fix_cross: foreColor = <psychopy.colors.Color: white, alpha=1.0>
2026-08-06_16:57:24.227742 	EXP 	fix_cross_prc: autoDraw = True
2026-08-06_16:57:24.227742 	EXP 	fix_cross: autoDraw = False
2026-08-06_16:57:24.227742 	EXP 	fix_cross_2: autoDraw = True
2026-08-06_16:57:25.011686 	EXP 	New trial (rep=0, index=36): <Trial 36 (36 in rep 0) data={'block': 1, 'trial_in_block': 37, 'concept': 'hammer', 'concept_num': 7, 'concept_num_word': 7, 'exemplar_num': 15, 'image_shown': 'hammer\\hammer_15.jpg', 'word_shown_english': 'hammer', 'word_shown_german': 'Hammer', 'word_shown_french': 'Marteau', 'is_prompt': 1, 'is_mismatch': 0, 'ITI_length': 1, 'correct_response': None, 'nonmatch_pres_side': None, 'thisN': 36, 'thisTrialN': 36, 'thisRepN': 0}>
2026-08-06_16:57:25.097122 	EXP 	fix_cross_2: autoDraw = False
2026-08-06_16:57:25.097122 	EXP 	fix_cross_2: autoDraw = False
2026-08-06_16:57:25.097122 	EXP 	breaks_instruction: text = 'Pause, die Aufgabe geht gleich weiter.\nEs sind noch 9 Blöcke übrig.'
2026-08-06_16:57:25.097122 	EXP 	instruction_continuebreak: text = 'Die Pause ist vorbei.\nBitte drücken Sie eine beliebige Taste,\nsobald sie bereit sind, weiterzumachen.'
2026-08-06_16:57:25.097122 	EXP 	breaks_instruction: autoDraw = False
2026-08-06_16:57:25.097122 	EXP 	progress_bar_breaks: autoDraw = False
2026-08-06_16:57:25.097122 	EXP 	instruction_continuebreak: autoDraw = False
2026-08-06_16:57:25.097122 	EXP 	image: image = 'stimuli\\hammer\\hammer_15.jpg'
2026-08-06_16:57:25.097122 	EXP 	image: autoDraw = True
2026-08-06_16:57:25.847410 	EXP 	spoken_word: sampleRate = 44100
2026-08-06_16:57:25.849905 	INFO 	Resampled audio from 44100Hz to 48000Hz using method 'default'.
2026-08-06_16:57:25.849929 	DEBUG 	Converted audio clip from mono to stereo
2026-08-06_16:57:25.850519 	EXP 	Sound spoken_word reached end of file
174.2514 	EXP 	Playing sound spoken_word on speaker Lautsprecher (Realtek(R) Audio)
2026-08-06_16:57:25.858775 	INFO 	Keyboard events cleared
2026-08-06_16:57:25.858557 	EXP 	image: autoDraw = False
2026-08-06_16:57:25.858557 	EXP 	image: autoDraw = False
2026-08-06_16:57:25.858557 	EXP 	fix_cross: foreColor = <psychopy.colors.Color: white, alpha=1.0>
2026-08-06_16:57:25.858557 	EXP 	fix_cross: autoDraw = True
2026-08-06_16:57:26.354529 	EXP 	Sound spoken_word reached end of file
2026-08-06_16:57:26.376236 	EXP 	Sound spoken_word reached end of file
2026-08-06_16:57:27.376110 	EXP 	fix_cross: autoDraw = False
2026-08-06_16:57:27.376110 	EXP 	fix_cross: foreColor = <psychopy.colors.Color: white, alpha=1.0>
2026-08-06_16:57:27.376110 	EXP 	fix_cross_prc: autoDraw = True
2026-08-06_16:57:27.376110 	EXP 	fix_cross: autoDraw = False
2026-08-06_16:57:27.376110 	EXP 	fix_cross_2: autoDraw = True
2026-08-06_16:57:28.376779 	EXP 	New trial (rep=0, index=37): <Trial 37 (37 in rep 0) data={'block': 1, 'trial_in_block': 38, 'concept': 'dog', 'concept_num': 5, 'concept_num_word': 5, 'exemplar_num': 17, 'image_shown': 'dog\\dog_17.jpg', 'word_shown_english': 'dog', 'word_shown_german': 'Hund', 'word_shown_french': 'Chien', 'is_prompt': 1, 'is_mismatch': 0, 'ITI_length': 1.21, 'correct_response': None, 'nonmatch_pres_side': None, 'thisN': 37, 'thisTrialN': 37, 'thisRepN': 0}>
2026-08-06_16:57:28.413914 	EXP 	fix_cross_2: autoDraw = False
2026-08-06_16:57:28.413914 	EXP 	fix_cross_2: autoDraw = False
2026-08-06_16:57:28.413914 	EXP 	breaks_instruction: text = 'Pause, die Aufgabe geht gleich weiter.\nEs sind noch 9 Blöcke übrig.'
2026-08-06_16:57:28.413914 	EXP 	instruction_continuebreak: text = 'Die Pause ist vorbei.\nBitte drücken Sie eine beliebige Taste,\nsobald sie bereit sind, weiterzumachen.'
2026-08-06_16:57:28.413914 	EXP 	breaks_instruction: autoDraw = False
2026-08-06_16:57:28.413914 	EXP 	progress_bar_breaks: autoDraw = False
2026-08-06_16:57:28.413914 	EXP 	instruction_continuebreak: autoDraw = False
2026-08-06_16:57:28.413914 	EXP 	image: image = 'stimuli\\dog\\dog_17.jpg'
2026-08-06_16:57:28.413914 	EXP 	image: autoDraw = True
2026-08-06_16:57:29.164971 	EXP 	spoken_word: sampleRate = 44100
2026-08-06_16:57:29.168484 	INFO 	Resampled audio from 44100Hz to 48000Hz using method 'default'.
2026-08-06_16:57:29.168537 	DEBUG 	Converted audio clip from mono to stereo
2026-08-06_16:57:29.169620 	EXP 	Sound spoken_word reached end of file
177.5675 	EXP 	Playing sound spoken_word on speaker Lautsprecher (Realtek(R) Audio)
2026-08-06_16:57:29.189769 	INFO 	Keyboard events cleared
2026-08-06_16:57:29.189588 	EXP 	image: autoDraw = False
2026-08-06_16:57:29.189588 	EXP 	image: autoDraw = False
2026-08-06_16:57:29.189588 	EXP 	fix_cross: foreColor = <psychopy.colors.Color: white, alpha=1.0>
2026-08-06_16:57:29.189588 	EXP 	fix_cross: autoDraw = True
2026-08-06_16:57:29.634265 	EXP 	Sound spoken_word reached end of file
2026-08-06_16:57:29.643157 	EXP 	Sound spoken_word reached end of file
2026-08-06_16:57:30.689686 	EXP 	fix_cross: autoDraw = False
2026-08-06_16:57:30.689686 	EXP 	fix_cross: foreColor = <psychopy.colors.Color: white, alpha=1.0>
2026-08-06_16:57:30.689686 	EXP 	fix_cross_prc: autoDraw = True
2026-08-06_16:57:30.689686 	EXP 	fix_cross: autoDraw = False
2026-08-06_16:57:30.689686 	EXP 	fix_cross_2: autoDraw = True
2026-08-06_16:57:31.892118 	EXP 	New trial (rep=0, index=38): <Trial 38 (38 in rep 0) data={'block': 1, 'trial_in_block': 39, 'concept': 'hand', 'concept_num': 8, 'concept_num_word': 8, 'exemplar_num': 23, 'image_shown': 'hand\\hand_23.jpg', 'word_shown_english': 'hand', 'word_shown_german': 'Hand', 'word_shown_french': 'Main', 'is_prompt': 1, 'is_mismatch': 0, 'ITI_length': 0.95, 'correct_response': None, 'nonmatch_pres_side': None, 'thisN': 38, 'thisTrialN': 38, 'thisRepN': 0}>
2026-08-06_16:57:31.958165 	EXP 	fix_cross_2: autoDraw = False
2026-08-06_16:57:31.958165 	EXP 	fix_cross_2: autoDraw = False
2026-08-06_16:57:31.958165 	EXP 	breaks_instruction: text = 'Pause, die Aufgabe geht gleich weiter.\nEs sind noch 9 Blöcke übrig.'
2026-08-06_16:57:31.958165 	EXP 	instruction_continuebreak: text = 'Die Pause ist vorbei.\nBitte drücken Sie eine beliebige Taste,\nsobald sie bereit sind, weiterzumachen.'
2026-08-06_16:57:31.958165 	EXP 	breaks_instruction: autoDraw = False
2026-08-06_16:57:31.958165 	EXP 	progress_bar_breaks: autoDraw = False
2026-08-06_16:57:31.958165 	EXP 	instruction_continuebreak: autoDraw = False
2026-08-06_16:57:31.958165 	EXP 	image: image = 'stimuli\\hand\\hand_23.jpg'
2026-08-06_16:57:31.958165 	EXP 	image: autoDraw = True
2026-08-06_16:57:32.698951 	EXP 	spoken_word: sampleRate = 44100
2026-08-06_16:57:32.701925 	INFO 	Resampled audio from 44100Hz to 48000Hz using method 'default'.
2026-08-06_16:57:32.701964 	DEBUG 	Converted audio clip from mono to stereo
2026-08-06_16:57:32.702831 	EXP 	Sound spoken_word reached end of file
181.1006 	EXP 	Playing sound spoken_word on speaker Lautsprecher (Realtek(R) Audio)
2026-08-06_16:57:32.722037 	INFO 	Keyboard events cleared
2026-08-06_16:57:32.721790 	EXP 	image: autoDraw = False
2026-08-06_16:57:32.721790 	EXP 	image: autoDraw = False
2026-08-06_16:57:32.721790 	EXP 	fix_cross: foreColor = <psychopy.colors.Color: white, alpha=1.0>
2026-08-06_16:57:32.721790 	EXP 	fix_cross: autoDraw = True
2026-08-06_16:57:33.175465 	EXP 	Sound spoken_word reached end of file
2026-08-06_16:57:33.190599 	EXP 	Sound spoken_word reached end of file
2026-08-06_16:57:34.222479 	EXP 	fix_cross: autoDraw = False
2026-08-06_16:57:34.222479 	EXP 	fix_cross: foreColor = <psychopy.colors.Color: white, alpha=1.0>
2026-08-06_16:57:34.222479 	EXP 	fix_cross_prc: autoDraw = True
2026-08-06_16:57:34.222479 	EXP 	fix_cross: autoDraw = False
2026-08-06_16:57:34.222479 	EXP 	fix_cross_2: autoDraw = True
2026-08-06_16:57:35.161143 	EXP 	New trial (rep=0, index=39): <Trial 39 (39 in rep 0) data={'block': 1, 'trial_in_block': 40, 'concept': 'house', 'concept_num': 9, 'concept_num_word': 9, 'exemplar_num': 41, 'image_shown': 'house\\house_41.jpg', 'word_shown_english': 'house', 'word_shown_german': 'Haus', 'word_shown_french': 'Maison', 'is_prompt': 1, 'is_mismatch': 0, 'ITI_length': 1.05, 'correct_response': None, 'nonmatch_pres_side': None, 'thisN': 39, 'thisTrialN': 39, 'thisRepN': 0}>
2026-08-06_16:57:35.245135 	EXP 	fix_cross_2: autoDraw = False
2026-08-06_16:57:35.245135 	EXP 	fix_cross_2: autoDraw = False
2026-08-06_16:57:35.245135 	EXP 	breaks_instruction: text = 'Pause, die Aufgabe geht gleich weiter.\nEs sind noch 9 Blöcke übrig.'
2026-08-06_16:57:35.245135 	EXP 	instruction_continuebreak: text = 'Die Pause ist vorbei.\nBitte drücken Sie eine beliebige Taste,\nsobald sie bereit sind, weiterzumachen.'
2026-08-06_16:57:35.245135 	EXP 	breaks_instruction: autoDraw = False
2026-08-06_16:57:35.245135 	EXP 	progress_bar_breaks: autoDraw = False
2026-08-06_16:57:35.245135 	EXP 	instruction_continuebreak: autoDraw = False
2026-08-06_16:57:35.245135 	EXP 	image: image = 'stimuli\\house\\house_41.jpg'
2026-08-06_16:57:35.245135 	EXP 	image: autoDraw = True
2026-08-06_16:57:35.991850 	EXP 	spoken_word: sampleRate = 44100
2026-08-06_16:57:35.995727 	INFO 	Resampled audio from 44100Hz to 48000Hz using method 'default'.
2026-08-06_16:57:35.995758 	DEBUG 	Converted audio clip from mono to stereo
2026-08-06_16:57:35.996412 	EXP 	Sound spoken_word reached end of file
184.3964 	EXP 	Playing sound spoken_word on speaker Lautsprecher (Realtek(R) Audio)
2026-08-06_16:57:36.005100 	INFO 	Keyboard events cleared
2026-08-06_16:57:36.004894 	EXP 	image: autoDraw = False
2026-08-06_16:57:36.004894 	EXP 	image: autoDraw = False
2026-08-06_16:57:36.004894 	EXP 	fix_cross: foreColor = <psychopy.colors.Color: white, alpha=1.0>
2026-08-06_16:57:36.004894 	EXP 	fix_cross: autoDraw = True
2026-08-06_16:57:36.522514 	EXP 	Sound spoken_word reached end of file
2026-08-06_16:57:36.543776 	EXP 	Sound spoken_word reached end of file
2026-08-06_16:57:37.504106 	EXP 	fix_cross: autoDraw = False
2026-08-06_16:57:37.521096 	EXP 	fix_cross: foreColor = <psychopy.colors.Color: white, alpha=1.0>
2026-08-06_16:57:37.521096 	EXP 	fix_cross_prc: autoDraw = True
2026-08-06_16:57:37.521096 	EXP 	fix_cross: autoDraw = False
2026-08-06_16:57:37.521096 	EXP 	fix_cross_2: autoDraw = True
2026-08-06_16:57:38.557018 	EXP 	New trial (rep=0, index=40): <Trial 40 (40 in rep 0) data={'block': 1, 'trial_in_block': 41, 'concept': 'bicycle', 'concept_num': 2, 'concept_num_word': 2, 'exemplar_num': 22, 'image_shown': 'bicycle\\bicycle_22.jpg', 'word_shown_english': 'bicycle', 'word_shown_german': 'Fahrrad', 'word_shown_french': 'Vélo', 'is_prompt': 1, 'is_mismatch': 0, 'ITI_length': 0.94, 'correct_response': None, 'nonmatch_pres_side': None, 'thisN': 40, 'thisTrialN': 40, 'thisRepN': 0}>
2026-08-06_16:57:38.609937 	EXP 	fix_cross_2: autoDraw = False
2026-08-06_16:57:38.609937 	EXP 	fix_cross_2: autoDraw = False
2026-08-06_16:57:38.609937 	EXP 	breaks_instruction: text = 'Pause, die Aufgabe geht gleich weiter.\nEs sind noch 9 Blöcke übrig.'
2026-08-06_16:57:38.609937 	EXP 	instruction_continuebreak: text = 'Die Pause ist vorbei.\nBitte drücken Sie eine beliebige Taste,\nsobald sie bereit sind, weiterzumachen.'
2026-08-06_16:57:38.609937 	EXP 	breaks_instruction: autoDraw = False
2026-08-06_16:57:38.609937 	EXP 	progress_bar_breaks: autoDraw = False
2026-08-06_16:57:38.609937 	EXP 	instruction_continuebreak: autoDraw = False
2026-08-06_16:57:38.609937 	EXP 	image: image = 'stimuli\\bicycle\\bicycle_22.jpg'
2026-08-06_16:57:38.609937 	EXP 	image: autoDraw = True
2026-08-06_16:57:39.358858 	EXP 	spoken_word: sampleRate = 48000
2026-08-06_16:57:39.359899 	DEBUG 	Converted audio clip from mono to stereo
2026-08-06_16:57:39.360515 	EXP 	Sound spoken_word reached end of file
187.7627 	EXP 	Playing sound spoken_word on speaker Lautsprecher (Realtek(R) Audio)
2026-08-06_16:57:39.370510 	INFO 	Keyboard events cleared
2026-08-06_16:57:39.370302 	EXP 	image: autoDraw = False
2026-08-06_16:57:39.370302 	EXP 	image: autoDraw = False
2026-08-06_16:57:39.370302 	EXP 	fix_cross: foreColor = <psychopy.colors.Color: white, alpha=1.0>
2026-08-06_16:57:39.370302 	EXP 	fix_cross: autoDraw = True
2026-08-06_16:57:40.051146 	EXP 	Sound spoken_word reached end of file
2026-08-06_16:57:40.072756 	EXP 	Sound spoken_word reached end of file
2026-08-06_16:57:40.870605 	EXP 	fix_cross: autoDraw = False
2026-08-06_16:57:40.886326 	EXP 	fix_cross: foreColor = <psychopy.colors.Color: white, alpha=1.0>
2026-08-06_16:57:40.886326 	EXP 	fix_cross_prc: autoDraw = True
2026-08-06_16:57:40.886326 	EXP 	fix_cross: autoDraw = False
2026-08-06_16:57:40.886326 	EXP 	fix_cross_2: autoDraw = True
2026-08-06_16:57:41.824476 	EXP 	New trial (rep=0, index=41): <Trial 41 (41 in rep 0) data={'block': 1, 'trial_in_block': 42, 'concept': 'dog', 'concept_num': 5, 'concept_num_word': 5, 'exemplar_num': 46, 'image_shown': 'dog\\dog_46.jpg', 'word_shown_english': 'dog', 'word_shown_german': 'Hund', 'word_shown_french': 'Chien', 'is_prompt': 1, 'is_mismatch': 0, 'ITI_length': 1.15, 'correct_response': None, 'nonmatch_pres_side': None, 'thisN': 41, 'thisTrialN': 41, 'thisRepN': 0}>
2026-08-06_16:57:41.931309 	EXP 	fix_cross_2: autoDraw = False
2026-08-06_16:57:41.931309 	EXP 	fix_cross_2: autoDraw = False
2026-08-06_16:57:41.931309 	EXP 	breaks_instruction: text = 'Pause, die Aufgabe geht gleich weiter.\nEs sind noch 9 Blöcke übrig.'
2026-08-06_16:57:41.931309 	EXP 	instruction_continuebreak: text = 'Die Pause ist vorbei.\nBitte drücken Sie eine beliebige Taste,\nsobald sie bereit sind, weiterzumachen.'
2026-08-06_16:57:41.931309 	EXP 	breaks_instruction: autoDraw = False
2026-08-06_16:57:41.931309 	EXP 	progress_bar_breaks: autoDraw = False
2026-08-06_16:57:41.931309 	EXP 	instruction_continuebreak: autoDraw = False
2026-08-06_16:57:41.931309 	EXP 	image: image = 'stimuli\\dog\\dog_46.jpg'
2026-08-06_16:57:41.931309 	EXP 	image: autoDraw = True
2026-08-06_16:57:42.673078 	EXP 	spoken_word: sampleRate = 44100
2026-08-06_16:57:42.675463 	INFO 	Resampled audio from 44100Hz to 48000Hz using method 'default'.
2026-08-06_16:57:42.675482 	DEBUG 	Converted audio clip from mono to stereo
2026-08-06_16:57:42.676080 	EXP 	Sound spoken_word reached end of file
191.0775 	EXP 	Playing sound spoken_word on speaker Lautsprecher (Realtek(R) Audio)
2026-08-06_16:57:42.687832 	INFO 	Keyboard events cleared
2026-08-06_16:57:42.687575 	EXP 	image: autoDraw = False
2026-08-06_16:57:42.687575 	EXP 	image: autoDraw = False
2026-08-06_16:57:42.687575 	EXP 	fix_cross: foreColor = <psychopy.colors.Color: white, alpha=1.0>
2026-08-06_16:57:42.687575 	EXP 	fix_cross: autoDraw = True
2026-08-06_16:57:43.152469 	EXP 	Sound spoken_word reached end of file
2026-08-06_16:57:43.174988 	EXP 	Sound spoken_word reached end of file
2026-08-06_16:57:44.202876 	EXP 	fix_cross: autoDraw = False
2026-08-06_16:57:44.202876 	EXP 	fix_cross: foreColor = <psychopy.colors.Color: white, alpha=1.0>
2026-08-06_16:57:44.202876 	EXP 	fix_cross_prc: autoDraw = True
2026-08-06_16:57:44.202876 	EXP 	fix_cross: autoDraw = False
2026-08-06_16:57:44.202876 	EXP 	fix_cross_2: autoDraw = True
2026-08-06_16:57:45.340387 	EXP 	New trial (rep=0, index=42): <Trial 42 (42 in rep 0) data={'block': 1, 'trial_in_block': 43, 'concept': 'bicycle', 'concept_num': 2, 'concept_num_word': 2, 'exemplar_num': 3, 'image_shown': 'bicycle\\bicycle_03.jpg', 'word_shown_english': 'bicycle', 'word_shown_german': 'Fahrrad', 'word_shown_french': 'Vélo', 'is_prompt': 1, 'is_mismatch': 0, 'ITI_length': 1.02, 'correct_response': None, 'nonmatch_pres_side': None, 'thisN': 42, 'thisTrialN': 42, 'thisRepN': 0}>
2026-08-06_16:57:45.391436 	EXP 	fix_cross_2: autoDraw = False
2026-08-06_16:57:45.391436 	EXP 	fix_cross_2: autoDraw = False
2026-08-06_16:57:45.391436 	EXP 	breaks_instruction: text = 'Pause, die Aufgabe geht gleich weiter.\nEs sind noch 9 Blöcke übrig.'
2026-08-06_16:57:45.391436 	EXP 	instruction_continuebreak: text = 'Die Pause ist vorbei.\nBitte drücken Sie eine beliebige Taste,\nsobald sie bereit sind, weiterzumachen.'
2026-08-06_16:57:45.391436 	EXP 	breaks_instruction: autoDraw = False
2026-08-06_16:57:45.391436 	EXP 	progress_bar_breaks: autoDraw = False
2026-08-06_16:57:45.391436 	EXP 	instruction_continuebreak: autoDraw = False
2026-08-06_16:57:45.391436 	EXP 	image: image = 'stimuli\\bicycle\\bicycle_03.jpg'
2026-08-06_16:57:45.391436 	EXP 	image: autoDraw = True
2026-08-06_16:57:46.139172 	EXP 	spoken_word: sampleRate = 48000
2026-08-06_16:57:46.140124 	DEBUG 	Converted audio clip from mono to stereo
2026-08-06_16:57:46.140785 	EXP 	Sound spoken_word reached end of file
194.5430 	EXP 	Playing sound spoken_word on speaker Lautsprecher (Realtek(R) Audio)
2026-08-06_16:57:46.151649 	INFO 	Keyboard events cleared
2026-08-06_16:57:46.151469 	EXP 	image: autoDraw = False
2026-08-06_16:57:46.151469 	EXP 	image: autoDraw = False
2026-08-06_16:57:46.151469 	EXP 	fix_cross: foreColor = <psychopy.colors.Color: white, alpha=1.0>
2026-08-06_16:57:46.151469 	EXP 	fix_cross: autoDraw = True
2026-08-06_16:57:46.833095 	EXP 	Sound spoken_word reached end of file
2026-08-06_16:57:46.855383 	EXP 	Sound spoken_word reached end of file
2026-08-06_16:57:47.650724 	EXP 	fix_cross: autoDraw = False
2026-08-06_16:57:47.669051 	EXP 	fix_cross: foreColor = <psychopy.colors.Color: white, alpha=1.0>
2026-08-06_16:57:47.669051 	EXP 	fix_cross_prc: autoDraw = True
2026-08-06_16:57:47.669051 	EXP 	fix_cross: autoDraw = False
2026-08-06_16:57:47.669051 	EXP 	fix_cross_2: autoDraw = True
2026-08-06_16:57:48.687463 	EXP 	New trial (rep=0, index=43): <Trial 43 (43 in rep 0) data={'block': 1, 'trial_in_block': 44, 'concept': 'chair', 'concept_num': 4, 'concept_num_word': 4, 'exemplar_num': 4, 'image_shown': 'chair\\chair_04.jpg', 'word_shown_english': 'chair', 'word_shown_german': 'Stuhl', 'word_shown_french': 'Chaise', 'is_prompt': 1, 'is_mismatch': 0, 'ITI_length': 1.03, 'correct_response': None, 'nonmatch_pres_side': None, 'thisN': 43, 'thisTrialN': 43, 'thisRepN': 0}>
2026-08-06_16:57:48.737471 	EXP 	fix_cross_2: autoDraw = False
2026-08-06_16:57:48.737471 	EXP 	fix_cross_2: autoDraw = False
2026-08-06_16:57:48.737471 	EXP 	breaks_instruction: text = 'Pause, die Aufgabe geht gleich weiter.\nEs sind noch 9 Blöcke übrig.'
2026-08-06_16:57:48.737471 	EXP 	instruction_continuebreak: text = 'Die Pause ist vorbei.\nBitte drücken Sie eine beliebige Taste,\nsobald sie bereit sind, weiterzumachen.'
2026-08-06_16:57:48.737471 	EXP 	breaks_instruction: autoDraw = False
2026-08-06_16:57:48.737471 	EXP 	progress_bar_breaks: autoDraw = False
2026-08-06_16:57:48.737471 	EXP 	instruction_continuebreak: autoDraw = False
2026-08-06_16:57:48.737471 	EXP 	image: image = 'stimuli\\chair\\chair_04.jpg'
2026-08-06_16:57:48.737471 	EXP 	image: autoDraw = True
2026-08-06_16:57:49.487962 	EXP 	spoken_word: sampleRate = 44100
2026-08-06_16:57:49.490942 	INFO 	Resampled audio from 44100Hz to 48000Hz using method 'default'.
2026-08-06_16:57:49.490966 	DEBUG 	Converted audio clip from mono to stereo
2026-08-06_16:57:49.491556 	EXP 	Sound spoken_word reached end of file
197.8923 	EXP 	Playing sound spoken_word on speaker Lautsprecher (Realtek(R) Audio)
2026-08-06_16:57:49.500667 	INFO 	Keyboard events cleared
2026-08-06_16:57:49.500476 	EXP 	image: autoDraw = False
2026-08-06_16:57:49.500476 	EXP 	image: autoDraw = False
2026-08-06_16:57:49.500476 	EXP 	fix_cross: foreColor = <psychopy.colors.Color: white, alpha=1.0>
2026-08-06_16:57:49.500476 	EXP 	fix_cross: autoDraw = True
2026-08-06_16:57:50.036989 	EXP 	Sound spoken_word reached end of file
2026-08-06_16:57:50.052241 	EXP 	Sound spoken_word reached end of file
2026-08-06_16:57:51.000584 	EXP 	fix_cross: autoDraw = False
2026-08-06_16:57:51.000584 	EXP 	fix_cross: foreColor = <psychopy.colors.Color: white, alpha=1.0>
2026-08-06_16:57:51.000584 	EXP 	fix_cross_prc: autoDraw = True
2026-08-06_16:57:51.000584 	EXP 	fix_cross: autoDraw = False
2026-08-06_16:57:51.000584 	EXP 	fix_cross_2: autoDraw = True
2026-08-06_16:57:52.021590 	EXP 	New trial (rep=0, index=44): <Trial 44 (44 in rep 0) data={'block': 1, 'trial_in_block': 45, 'concept': 'ball', 'concept_num': 1, 'concept_num_word': 7, 'exemplar_num': 21, 'image_shown': 'ball\\ball_21.jpg', 'word_shown_english': 'hammer', 'word_shown_german': 'Hammer', 'word_shown_french': 'Marteau', 'is_prompt': 1, 'is_mismatch': 1, 'ITI_length': 0.99, 'correct_response': 'r', 'nonmatch_pres_side': 'right', 'thisN': 44, 'thisTrialN': 44, 'thisRepN': 0}>
2026-08-06_16:57:52.141425 	EXP 	fix_cross_2: autoDraw = False
2026-08-06_16:57:52.141425 	EXP 	fix_cross_2: autoDraw = False
2026-08-06_16:57:52.141425 	EXP 	breaks_instruction: text = 'Pause, die Aufgabe geht gleich weiter.\nEs sind noch 9 Blöcke übrig.'
2026-08-06_16:57:52.141425 	EXP 	instruction_continuebreak: text = 'Die Pause ist vorbei.\nBitte drücken Sie eine beliebige Taste,\nsobald sie bereit sind, weiterzumachen.'
2026-08-06_16:57:52.141425 	EXP 	breaks_instruction: autoDraw = False
2026-08-06_16:57:52.141425 	EXP 	progress_bar_breaks: autoDraw = False
2026-08-06_16:57:52.141425 	EXP 	instruction_continuebreak: autoDraw = False
2026-08-06_16:57:52.141425 	EXP 	image: image = 'stimuli\\ball\\ball_21.jpg'
2026-08-06_16:57:52.141425 	EXP 	image: autoDraw = True
2026-08-06_16:57:52.888875 	EXP 	spoken_word: sampleRate = 44100
2026-08-06_16:57:52.892386 	INFO 	Resampled audio from 44100Hz to 48000Hz using method 'default'.
2026-08-06_16:57:52.892422 	DEBUG 	Converted audio clip from mono to stereo
2026-08-06_16:57:52.893116 	EXP 	Sound spoken_word reached end of file
201.2921 	EXP 	Playing sound spoken_word on speaker Lautsprecher (Realtek(R) Audio)
2026-08-06_16:57:52.899658 	INFO 	Keyboard events cleared
2026-08-06_16:57:52.899486 	EXP 	image: autoDraw = False
2026-08-06_16:57:52.899486 	EXP 	image: autoDraw = False
2026-08-06_16:57:52.899486 	EXP 	fix_cross: foreColor = <psychopy.colors.Color: white, alpha=1.0>
2026-08-06_16:57:52.899486 	EXP 	fix_cross: autoDraw = True
2026-08-06_16:57:53.396036 	EXP 	Sound spoken_word reached end of file
2026-08-06_16:57:53.418744 	EXP 	Sound spoken_word reached end of file
2026-08-06_16:57:54.399812 	EXP 	fix_cross: autoDraw = False
2026-08-06_16:57:54.417642 	EXP 	fix_cross: foreColor = <psychopy.colors.Color: red, alpha=1.0>
2026-08-06_16:57:54.417642 	EXP 	fix_cross: autoDraw = True
2026-08-06_16:57:54.433223 	EXP 	fix_cross: autoDraw = False
2026-08-06_16:57:54.433223 	EXP 	fix_cross: autoDraw = True
2026-08-06_16:57:54.449736 	EXP 	fix_cross: autoDraw = False
2026-08-06_16:57:54.449736 	EXP 	fix_cross: autoDraw = True
2026-08-06_16:57:54.465513 	EXP 	fix_cross: autoDraw = False
2026-08-06_16:57:54.465513 	EXP 	fix_cross: autoDraw = True
2026-08-06_16:57:54.482368 	EXP 	fix_cross: autoDraw = False
2026-08-06_16:57:54.482368 	EXP 	fix_cross: autoDraw = True
2026-08-06_16:57:54.499704 	EXP 	fix_cross: autoDraw = False
2026-08-06_16:57:54.499704 	EXP 	fix_cross: autoDraw = True
2026-08-06_16:57:54.518795 	EXP 	fix_cross: autoDraw = False
2026-08-06_16:57:54.518795 	EXP 	fix_cross: autoDraw = True
2026-08-06_16:57:54.533435 	EXP 	fix_cross: autoDraw = False
2026-08-06_16:57:54.533435 	EXP 	fix_cross: autoDraw = True
2026-08-06_16:57:54.549443 	EXP 	fix_cross: autoDraw = False
2026-08-06_16:57:54.549443 	EXP 	fix_cross: autoDraw = True
2026-08-06_16:57:54.565611 	EXP 	fix_cross: autoDraw = False
2026-08-06_16:57:54.565611 	EXP 	fix_cross: autoDraw = True
2026-08-06_16:57:54.582271 	EXP 	fix_cross: autoDraw = False
2026-08-06_16:57:54.582271 	EXP 	fix_cross: autoDraw = True
2026-08-06_16:57:54.598879 	EXP 	fix_cross: autoDraw = False
2026-08-06_16:57:54.598879 	EXP 	fix_cross: autoDraw = True
2026-08-06_16:57:54.616908 	EXP 	fix_cross: autoDraw = False
2026-08-06_16:57:54.616908 	EXP 	fix_cross: autoDraw = True
2026-08-06_16:57:54.632677 	EXP 	fix_cross: autoDraw = False
2026-08-06_16:57:54.632677 	EXP 	fix_cross: autoDraw = True
2026-08-06_16:57:54.632677 	EXP 	fix_cross: autoDraw = False
2026-08-06_16:57:54.632677 	EXP 	fix_cross_2: autoDraw = True
2026-08-06_16:57:55.618118 	EXP 	New trial (rep=0, index=45): <Trial 45 (45 in rep 0) data={'block': 1, 'trial_in_block': 46, 'concept': 'chair', 'concept_num': 4, 'concept_num_word': 4, 'exemplar_num': 6, 'image_shown': 'chair\\chair_06.jpg', 'word_shown_english': 'chair', 'word_shown_german': 'Stuhl', 'word_shown_french': 'Chaise', 'is_prompt': 1, 'is_mismatch': 0, 'ITI_length': 1.1, 'correct_response': None, 'nonmatch_pres_side': None, 'thisN': 45, 'thisTrialN': 45, 'thisRepN': 0}>
2026-08-06_16:57:55.668790 	EXP 	fix_cross_2: autoDraw = False
2026-08-06_16:57:55.668790 	EXP 	fix_cross_2: autoDraw = False
2026-08-06_16:57:55.668790 	EXP 	breaks_instruction: text = 'Pause, die Aufgabe geht gleich weiter.\nEs sind noch 9 Blöcke übrig.'
2026-08-06_16:57:55.668790 	EXP 	instruction_continuebreak: text = 'Die Pause ist vorbei.\nBitte drücken Sie eine beliebige Taste,\nsobald sie bereit sind, weiterzumachen.'
2026-08-06_16:57:55.668790 	EXP 	breaks_instruction: autoDraw = False
2026-08-06_16:57:55.668790 	EXP 	progress_bar_breaks: autoDraw = False
2026-08-06_16:57:55.668790 	EXP 	instruction_continuebreak: autoDraw = False
2026-08-06_16:57:55.668790 	EXP 	image: image = 'stimuli\\chair\\chair_06.jpg'
2026-08-06_16:57:55.668790 	EXP 	image: autoDraw = True
2026-08-06_16:57:56.418825 	EXP 	spoken_word: sampleRate = 44100
2026-08-06_16:57:56.421624 	INFO 	Resampled audio from 44100Hz to 48000Hz using method 'default'.
2026-08-06_16:57:56.421643 	DEBUG 	Converted audio clip from mono to stereo
2026-08-06_16:57:56.422277 	EXP 	Sound spoken_word reached end of file
204.8230 	EXP 	Playing sound spoken_word on speaker Lautsprecher (Realtek(R) Audio)
2026-08-06_16:57:56.431826 	INFO 	Keyboard events cleared
2026-08-06_16:57:56.431615 	EXP 	image: autoDraw = False
2026-08-06_16:57:56.431615 	EXP 	image: autoDraw = False
2026-08-06_16:57:56.431615 	EXP 	fix_cross: foreColor = <psychopy.colors.Color: white, alpha=1.0>
2026-08-06_16:57:56.431615 	EXP 	fix_cross: autoDraw = True
2026-08-06_16:57:56.970425 	EXP 	Sound spoken_word reached end of file
2026-08-06_16:57:56.985913 	EXP 	Sound spoken_word reached end of file
2026-08-06_16:57:57.931099 	EXP 	fix_cross: autoDraw = False
2026-08-06_16:57:57.931099 	EXP 	fix_cross: foreColor = <psychopy.colors.Color: white, alpha=1.0>
2026-08-06_16:57:57.931099 	EXP 	fix_cross_prc: autoDraw = True
2026-08-06_16:57:57.931099 	EXP 	fix_cross: autoDraw = False
2026-08-06_16:57:57.931099 	EXP 	fix_cross_2: autoDraw = True
2026-08-06_16:57:59.018566 	EXP 	New trial (rep=0, index=46): <Trial 46 (46 in rep 0) data={'block': 1, 'trial_in_block': 47, 'concept': 'hand', 'concept_num': 8, 'concept_num_word': 8, 'exemplar_num': 40, 'image_shown': 'hand\\hand_40.jpg', 'word_shown_english': 'hand', 'word_shown_german': 'Hand', 'word_shown_french': 'Main', 'is_prompt': 1, 'is_mismatch': 0, 'ITI_length': 1.17, 'correct_response': None, 'nonmatch_pres_side': None, 'thisN': 46, 'thisTrialN': 46, 'thisRepN': 0}>
2026-08-06_16:57:59.066484 	EXP 	fix_cross_2: autoDraw = False
2026-08-06_16:57:59.066484 	EXP 	fix_cross_2: autoDraw = False
2026-08-06_16:57:59.066484 	EXP 	breaks_instruction: text = 'Pause, die Aufgabe geht gleich weiter.\nEs sind noch 9 Blöcke übrig.'
2026-08-06_16:57:59.066484 	EXP 	instruction_continuebreak: text = 'Die Pause ist vorbei.\nBitte drücken Sie eine beliebige Taste,\nsobald sie bereit sind, weiterzumachen.'
2026-08-06_16:57:59.066484 	EXP 	breaks_instruction: autoDraw = False
2026-08-06_16:57:59.066484 	EXP 	progress_bar_breaks: autoDraw = False
2026-08-06_16:57:59.066484 	EXP 	instruction_continuebreak: autoDraw = False
2026-08-06_16:57:59.066484 	EXP 	image: image = 'stimuli\\hand\\hand_40.jpg'
2026-08-06_16:57:59.066484 	EXP 	image: autoDraw = True
2026-08-06_16:57:59.823652 	EXP 	spoken_word: sampleRate = 44100
2026-08-06_16:57:59.827225 	INFO 	Resampled audio from 44100Hz to 48000Hz using method 'default'.
2026-08-06_16:57:59.827256 	DEBUG 	Converted audio clip from mono to stereo
2026-08-06_16:57:59.827972 	EXP 	Sound spoken_word reached end of file
208.2256 	EXP 	Playing sound spoken_word on speaker Lautsprecher (Realtek(R) Audio)
2026-08-06_16:57:59.849236 	INFO 	Keyboard events cleared
2026-08-06_16:57:59.848832 	EXP 	image: autoDraw = False
2026-08-06_16:57:59.848832 	EXP 	image: autoDraw = False
2026-08-06_16:57:59.848832 	EXP 	fix_cross: foreColor = <psychopy.colors.Color: white, alpha=1.0>
2026-08-06_16:57:59.848832 	EXP 	fix_cross: autoDraw = True
2026-08-06_16:58:00.302671 	EXP 	Sound spoken_word reached end of file
2026-08-06_16:58:00.315230 	EXP 	Sound spoken_word reached end of file
2026-08-06_16:58:01.346816 	EXP 	fix_cross: foreColor = <psychopy.colors.Color: white, alpha=1.0>
2026-08-06_16:58:01.346816 	EXP 	fix_cross_prc: autoDraw = True
2026-08-06_16:58:01.346816 	EXP 	fix_cross: autoDraw = False
2026-08-06_16:58:01.346816 	EXP 	fix_cross_2: autoDraw = True
2026-08-06_16:58:02.515602 	EXP 	New trial (rep=0, index=47): <Trial 47 (47 in rep 0) data={'block': 1, 'trial_in_block': 48, 'concept': 'jacket', 'concept_num': 10, 'concept_num_word': 10, 'exemplar_num': 2, 'image_shown': 'jacket\\jacket_02.jpg', 'word_shown_english': 'jacket', 'word_shown_german': 'Jacke', 'word_shown_french': 'Veste', 'is_prompt': 1, 'is_mismatch': 0, 'ITI_length': 0.85, 'correct_response': None, 'nonmatch_pres_side': None, 'thisN': 47, 'thisTrialN': 47, 'thisRepN': 0}>
2026-08-06_16:58:02.565822 	EXP 	fix_cross_2: autoDraw = False
2026-08-06_16:58:02.565822 	EXP 	fix_cross_2: autoDraw = False
2026-08-06_16:58:02.565822 	EXP 	breaks_instruction: text = 'Pause, die Aufgabe geht gleich weiter.\nEs sind noch 9 Blöcke übrig.'
2026-08-06_16:58:02.565822 	EXP 	instruction_continuebreak: text = 'Die Pause ist vorbei.\nBitte drücken Sie eine beliebige Taste,\nsobald sie bereit sind, weiterzumachen.'
2026-08-06_16:58:02.565822 	EXP 	breaks_instruction: autoDraw = False
2026-08-06_16:58:02.565822 	EXP 	progress_bar_breaks: autoDraw = False
2026-08-06_16:58:02.565822 	EXP 	instruction_continuebreak: autoDraw = False
2026-08-06_16:58:02.565822 	EXP 	image: image = 'stimuli\\jacket\\jacket_02.jpg'
2026-08-06_16:58:02.565822 	EXP 	image: autoDraw = True
2026-08-06_16:58:03.316975 	EXP 	spoken_word: sampleRate = 44100
2026-08-06_16:58:03.320722 	INFO 	Resampled audio from 44100Hz to 48000Hz using method 'default'.
2026-08-06_16:58:03.320741 	DEBUG 	Converted audio clip from mono to stereo
2026-08-06_16:58:03.321273 	EXP 	Sound spoken_word reached end of file
211.7211 	EXP 	Playing sound spoken_word on speaker Lautsprecher (Realtek(R) Audio)
2026-08-06_16:58:03.330129 	INFO 	Keyboard events cleared
2026-08-06_16:58:03.329760 	EXP 	image: autoDraw = False
2026-08-06_16:58:03.329760 	EXP 	image: autoDraw = False
2026-08-06_16:58:03.329760 	EXP 	fix_cross: foreColor = <psychopy.colors.Color: white, alpha=1.0>
2026-08-06_16:58:03.329760 	EXP 	fix_cross: autoDraw = True
2026-08-06_16:58:03.841085 	EXP 	Sound spoken_word reached end of file
2026-08-06_16:58:03.866109 	EXP 	Sound spoken_word reached end of file
2026-08-06_16:58:04.833474 	EXP 	fix_cross: autoDraw = False
2026-08-06_16:58:04.833474 	EXP 	fix_cross: foreColor = <psychopy.colors.Color: white, alpha=1.0>
2026-08-06_16:58:04.833474 	EXP 	fix_cross_prc: autoDraw = True
2026-08-06_16:58:04.833474 	EXP 	fix_cross: autoDraw = False
2026-08-06_16:58:04.833474 	EXP 	fix_cross_2: autoDraw = True
2026-08-06_16:58:05.681657 	EXP 	New trial (rep=0, index=48): <Trial 48 (48 in rep 0) data={'block': 1, 'trial_in_block': 49, 'concept': 'dog', 'concept_num': 5, 'concept_num_word': 5, 'exemplar_num': 20, 'image_shown': 'dog\\dog_20.jpg', 'word_shown_english': 'dog', 'word_shown_german': 'Hund', 'word_shown_french': 'Chien', 'is_prompt': 1, 'is_mismatch': 0, 'ITI_length': 0.99, 'correct_response': None, 'nonmatch_pres_side': None, 'thisN': 48, 'thisTrialN': 48, 'thisRepN': 0}>
2026-08-06_16:58:05.716658 	EXP 	fix_cross_2: autoDraw = False
2026-08-06_16:58:05.716658 	EXP 	fix_cross_2: autoDraw = False
2026-08-06_16:58:05.716658 	EXP 	breaks_instruction: text = 'Pause, die Aufgabe geht gleich weiter.\nEs sind noch 9 Blöcke übrig.'
2026-08-06_16:58:05.716658 	EXP 	instruction_continuebreak: text = 'Die Pause ist vorbei.\nBitte drücken Sie eine beliebige Taste,\nsobald sie bereit sind, weiterzumachen.'
2026-08-06_16:58:05.716658 	EXP 	breaks_instruction: autoDraw = False
2026-08-06_16:58:05.716658 	EXP 	progress_bar_breaks: autoDraw = False
2026-08-06_16:58:05.716658 	EXP 	instruction_continuebreak: autoDraw = False
2026-08-06_16:58:05.716658 	EXP 	image: image = 'stimuli\\dog\\dog_20.jpg'
2026-08-06_16:58:05.716658 	EXP 	image: autoDraw = True
2026-08-06_16:58:06.465893 	EXP 	spoken_word: sampleRate = 44100
2026-08-06_16:58:06.468418 	INFO 	Resampled audio from 44100Hz to 48000Hz using method 'default'.
2026-08-06_16:58:06.468436 	DEBUG 	Converted audio clip from mono to stereo
2026-08-06_16:58:06.468956 	EXP 	Sound spoken_word reached end of file
214.8704 	EXP 	Playing sound spoken_word on speaker Lautsprecher (Realtek(R) Audio)
2026-08-06_16:58:06.478463 	INFO 	Keyboard events cleared
2026-08-06_16:58:06.478313 	EXP 	image: autoDraw = False
2026-08-06_16:58:06.478313 	EXP 	image: autoDraw = False
2026-08-06_16:58:06.478313 	EXP 	fix_cross: foreColor = <psychopy.colors.Color: white, alpha=1.0>
2026-08-06_16:58:06.478313 	EXP 	fix_cross: autoDraw = True
2026-08-06_16:58:06.936112 	EXP 	Sound spoken_word reached end of file
2026-08-06_16:58:06.947515 	EXP 	Sound spoken_word reached end of file
2026-08-06_16:58:07.979204 	EXP 	fix_cross: autoDraw = False
2026-08-06_16:58:07.995091 	EXP 	fix_cross: foreColor = <psychopy.colors.Color: white, alpha=1.0>
2026-08-06_16:58:07.995091 	EXP 	fix_cross_prc: autoDraw = True
2026-08-06_16:58:07.995091 	EXP 	fix_cross: autoDraw = False
2026-08-06_16:58:07.995091 	EXP 	fix_cross_2: autoDraw = True
2026-08-06_16:58:08.980701 	EXP 	New trial (rep=0, index=49): <Trial 49 (49 in rep 0) data={'block': 1, 'trial_in_block': 50, 'concept': 'bread', 'concept_num': 3, 'concept_num_word': 3, 'exemplar_num': 35, 'image_shown': 'bread\\bread_35.jpg', 'word_shown_english': 'bread', 'word_shown_german': 'Brot', 'word_shown_french': 'Pain', 'is_prompt': 1, 'is_mismatch': 0, 'ITI_length': 1.13, 'correct_response': None, 'nonmatch_pres_side': None, 'thisN': 49, 'thisTrialN': 49, 'thisRepN': 0}>
2026-08-06_16:58:09.046550 	EXP 	fix_cross_2: autoDraw = False
2026-08-06_16:58:09.046550 	EXP 	fix_cross_2: autoDraw = False
2026-08-06_16:58:09.046550 	EXP 	breaks_instruction: text = 'Pause, die Aufgabe geht gleich weiter.\nEs sind noch 9 Blöcke übrig.'
2026-08-06_16:58:09.046550 	EXP 	instruction_continuebreak: text = 'Die Pause ist vorbei.\nBitte drücken Sie eine beliebige Taste,\nsobald sie bereit sind, weiterzumachen.'
2026-08-06_16:58:09.046550 	EXP 	breaks_instruction: autoDraw = False
2026-08-06_16:58:09.046550 	EXP 	progress_bar_breaks: autoDraw = False
2026-08-06_16:58:09.046550 	EXP 	instruction_continuebreak: autoDraw = False
2026-08-06_16:58:09.046550 	EXP 	image: image = 'stimuli\\bread\\bread_35.jpg'
2026-08-06_16:58:09.046550 	EXP 	image: autoDraw = True
2026-08-06_16:58:09.798058 	EXP 	spoken_word: sampleRate = 24000
2026-08-06_16:58:09.799933 	INFO 	Resampled audio from 24000Hz to 48000Hz using method 'default'.
2026-08-06_16:58:09.799955 	DEBUG 	Converted audio clip from mono to stereo
2026-08-06_16:58:09.800703 	EXP 	Sound spoken_word reached end of file
218.2024 	EXP 	Playing sound spoken_word on speaker Lautsprecher (Realtek(R) Audio)
2026-08-06_16:58:09.813731 	INFO 	Keyboard events cleared
2026-08-06_16:58:09.813471 	EXP 	image: autoDraw = False
2026-08-06_16:58:09.813471 	EXP 	image: autoDraw = False
2026-08-06_16:58:09.813471 	EXP 	fix_cross: foreColor = <psychopy.colors.Color: white, alpha=1.0>
2026-08-06_16:58:09.813471 	EXP 	fix_cross: autoDraw = True
2026-08-06_16:58:10.709371 	EXP 	Sound spoken_word reached end of file
2026-08-06_16:58:10.728822 	EXP 	Sound spoken_word reached end of file
2026-08-06_16:58:11.327005 	EXP 	fix_cross: autoDraw = False
2026-08-06_16:58:11.327005 	EXP 	fix_cross: foreColor = <psychopy.colors.Color: white, alpha=1.0>
2026-08-06_16:58:11.327005 	EXP 	fix_cross_prc: autoDraw = True
2026-08-06_16:58:11.327005 	EXP 	fix_cross: autoDraw = False
2026-08-06_16:58:11.327005 	EXP 	fix_cross_2: autoDraw = True
2026-08-06_16:58:12.460188 	EXP 	fix_cross_2: autoDraw = False
2026-08-06_16:58:12.460188 	EXP 	fix_cross_2: autoDraw = False
2026-08-06_16:58:12.460188 	EXP 	breaks_instruction: text = 'Pause, die Aufgabe geht gleich weiter.\nEs sind noch 9 Blöcke übrig.'
2026-08-06_16:58:12.460188 	EXP 	instruction_continuebreak: text = 'Die Pause ist vorbei.\nBitte drücken Sie eine beliebige Taste,\nsobald sie bereit sind, weiterzumachen.'
2026-08-06_16:58:12.460188 	EXP 	breaks_instruction: autoDraw = True
2026-08-06_16:58:12.460188 	EXP 	progress_bar_breaks: progress = 0.06666666666666665
2026-08-06_16:58:12.460188 	EXP 	progress_bar_breaks: autoDraw = True
2026-08-06_16:58:12.479144 	EXP 	progress_bar_breaks: progress = 0.06666666666666665
2026-08-06_16:58:12.495853 	EXP 	progress_bar_breaks: progress = 0.06666666666666665
2026-08-06_16:58:12.509979 	EXP 	progress_bar_breaks: progress = 0.06666666666666665
2026-08-06_16:58:12.528601 	EXP 	progress_bar_breaks: progress = 0.06666666666666665
2026-08-06_16:58:12.543753 	EXP 	progress_bar_breaks: progress = 0.06666666666666665
2026-08-06_16:58:12.560221 	EXP 	progress_bar_breaks: progress = 0.06666666666666665
2026-08-06_16:58:12.576542 	EXP 	progress_bar_breaks: progress = 0.06666666666666665
2026-08-06_16:58:12.593208 	EXP 	progress_bar_breaks: progress = 0.06666666666666665
2026-08-06_16:58:12.612754 	EXP 	progress_bar_breaks: progress = 0.06666666666666665
2026-08-06_16:58:12.626819 	EXP 	progress_bar_breaks: progress = 0.06666666666666665
2026-08-06_16:58:12.643138 	EXP 	progress_bar_breaks: progress = 0.06666666666666665
2026-08-06_16:58:12.661870 	EXP 	progress_bar_breaks: progress = 0.06666666666666665
2026-08-06_16:58:12.677815 	EXP 	progress_bar_breaks: progress = 0.06666666666666665
2026-08-06_16:58:12.693141 	EXP 	progress_bar_breaks: progress = 0.06666666666666665
2026-08-06_16:58:12.710023 	EXP 	progress_bar_breaks: progress = 0.06666666666666665
2026-08-06_16:58:12.726438 	EXP 	progress_bar_breaks: progress = 0.06666666666666665
2026-08-06_16:58:12.744845 	EXP 	progress_bar_breaks: progress = 0.06666666666666665
2026-08-06_16:58:12.760368 	EXP 	progress_bar_breaks: progress = 0.06666666666666665
2026-08-06_16:58:12.777421 	EXP 	progress_bar_breaks: progress = 0.06666666666666665
2026-08-06_16:58:12.793080 	EXP 	progress_bar_breaks: progress = 0.06666666666666665
2026-08-06_16:58:12.809466 	EXP 	progress_bar_breaks: progress = 0.06666666666666665
2026-08-06_16:58:12.826357 	EXP 	progress_bar_breaks: progress = 0.06666666666666665
2026-08-06_16:58:12.843292 	EXP 	progress_bar_breaks: progress = 0.06666666666666665
2026-08-06_16:58:12.861669 	EXP 	progress_bar_breaks: progress = 0.06666666666666665
2026-08-06_16:58:12.877207 	EXP 	progress_bar_breaks: progress = 0.06666666666666665
2026-08-06_16:58:12.893158 	EXP 	progress_bar_breaks: progress = 0.06666666666666665
2026-08-06_16:58:12.909622 	EXP 	progress_bar_breaks: progress = 0.06666666666666665
2026-08-06_16:58:12.926353 	EXP 	progress_bar_breaks: progress = 0.06666666666666665
2026-08-06_16:58:12.944019 	EXP 	progress_bar_breaks: progress = 0.06666666666666665
2026-08-06_16:58:12.962206 	EXP 	progress_bar_breaks: progress = 0.06666666666666665
2026-08-06_16:58:12.977404 	EXP 	progress_bar_breaks: progress = 0.06666666666666665
2026-08-06_16:58:12.993028 	EXP 	progress_bar_breaks: progress = 0.06666666666666665
2026-08-06_16:58:13.009941 	EXP 	progress_bar_breaks: progress = 0.06666666666666665
2026-08-06_16:58:13.027778 	EXP 	progress_bar_breaks: progress = 0.06666666666666665
2026-08-06_16:58:13.042937 	EXP 	progress_bar_breaks: progress = 0.06666666666666665
2026-08-06_16:58:13.061561 	EXP 	progress_bar_breaks: progress = 0.06666666666666665
2026-08-06_16:58:13.077122 	EXP 	progress_bar_breaks: progress = 0.06666666666666665
2026-08-06_16:58:13.092865 	EXP 	progress_bar_breaks: progress = 0.06666666666666665
2026-08-06_16:58:13.109704 	EXP 	progress_bar_breaks: progress = 0.06666666666666665
2026-08-06_16:58:13.126531 	EXP 	progress_bar_breaks: progress = 0.06666666666666665
2026-08-06_16:58:13.142954 	EXP 	progress_bar_breaks: progress = 0.06666666666666665
2026-08-06_16:58:13.159891 	EXP 	progress_bar_breaks: progress = 0.06666666666666665
2026-08-06_16:58:13.177310 	EXP 	progress_bar_breaks: progress = 0.06666666666666665
2026-08-06_16:58:13.193059 	EXP 	progress_bar_breaks: progress = 0.06666666666666665
2026-08-06_16:58:13.210054 	EXP 	progress_bar_breaks: progress = 0.06666666666666665
2026-08-06_16:58:13.226240 	EXP 	progress_bar_breaks: progress = 0.06666666666666665
2026-08-06_16:58:13.243241 	EXP 	progress_bar_breaks: progress = 0.06666666666666665
2026-08-06_16:58:13.261561 	EXP 	progress_bar_breaks: progress = 0.06666666666666665
2026-08-06_16:58:13.276407 	EXP 	progress_bar_breaks: progress = 0.06666666666666665
2026-08-06_16:58:13.292782 	EXP 	progress_bar_breaks: progress = 0.06666666666666665
2026-08-06_16:58:13.309400 	EXP 	progress_bar_breaks: progress = 0.06666666666666665
2026-08-06_16:58:13.327880 	EXP 	progress_bar_breaks: progress = 0.06666666666666665
2026-08-06_16:58:13.343041 	EXP 	progress_bar_breaks: progress = 0.06666666666666665
2026-08-06_16:58:13.361535 	EXP 	progress_bar_breaks: progress = 0.06666666666666665
2026-08-06_16:58:13.376744 	EXP 	progress_bar_breaks: progress = 0.06666666666666665
2026-08-06_16:58:13.393857 	EXP 	progress_bar_breaks: progress = 0.06666666666666665
2026-08-06_16:58:13.409387 	EXP 	progress_bar_breaks: progress = 0.06666666666666665
2026-08-06_16:58:13.426185 	EXP 	progress_bar_breaks: progress = 0.06666666666666665
2026-08-06_16:58:13.442785 	EXP 	progress_bar_breaks: progress = 0.06666666666666665
2026-08-06_16:58:13.459962 	EXP 	progress_bar_breaks: progress = 0.06666666666666665
2026-08-06_16:58:13.476094 	EXP 	progress_bar_breaks: progress = 0.1333333333333333
2026-08-06_16:58:13.493922 	EXP 	progress_bar_breaks: progress = 0.1333333333333333
2026-08-06_16:58:13.509656 	EXP 	progress_bar_breaks: progress = 0.1333333333333333
2026-08-06_16:58:13.527164 	EXP 	progress_bar_breaks: progress = 0.1333333333333333
2026-08-06_16:58:13.543007 	EXP 	progress_bar_breaks: progress = 0.1333333333333333
2026-08-06_16:58:13.561080 	EXP 	progress_bar_breaks: progress = 0.1333333333333333
2026-08-06_16:58:13.576505 	EXP 	progress_bar_breaks: progress = 0.1333333333333333
2026-08-06_16:58:13.594186 	EXP 	progress_bar_breaks: progress = 0.1333333333333333
2026-08-06_16:58:13.609317 	EXP 	progress_bar_breaks: progress = 0.1333333333333333
2026-08-06_16:58:13.626299 	EXP 	progress_bar_breaks: progress = 0.1333333333333333
2026-08-06_16:58:13.643060 	EXP 	progress_bar_breaks: progress = 0.1333333333333333
2026-08-06_16:58:13.659667 	EXP 	progress_bar_breaks: progress = 0.1333333333333333
2026-08-06_16:58:13.675941 	EXP 	progress_bar_breaks: progress = 0.1333333333333333
2026-08-06_16:58:13.694505 	EXP 	progress_bar_breaks: progress = 0.1333333333333333
2026-08-06_16:58:13.710294 	EXP 	progress_bar_breaks: progress = 0.1333333333333333
2026-08-06_16:58:13.726262 	EXP 	progress_bar_breaks: progress = 0.1333333333333333
2026-08-06_16:58:13.743275 	EXP 	progress_bar_breaks: progress = 0.1333333333333333
2026-08-06_16:58:13.759521 	EXP 	progress_bar_breaks: progress = 0.1333333333333333
2026-08-06_16:58:13.778979 	EXP 	progress_bar_breaks: progress = 0.1333333333333333
2026-08-06_16:58:13.793183 	EXP 	progress_bar_breaks: progress = 0.1333333333333333
2026-08-06_16:58:13.812791 	EXP 	progress_bar_breaks: progress = 0.1333333333333333
2026-08-06_16:58:13.827559 	EXP 	progress_bar_breaks: progress = 0.1333333333333333
2026-08-06_16:58:13.843123 	EXP 	progress_bar_breaks: progress = 0.1333333333333333
2026-08-06_16:58:13.859784 	EXP 	progress_bar_breaks: progress = 0.1333333333333333
2026-08-06_16:58:13.876167 	EXP 	progress_bar_breaks: progress = 0.1333333333333333
2026-08-06_16:58:13.892686 	EXP 	progress_bar_breaks: progress = 0.1333333333333333
2026-08-06_16:58:13.911824 	EXP 	progress_bar_breaks: progress = 0.1333333333333333
2026-08-06_16:58:13.926153 	EXP 	progress_bar_breaks: progress = 0.1333333333333333
2026-08-06_16:58:13.945033 	EXP 	progress_bar_breaks: progress = 0.1333333333333333
2026-08-06_16:58:13.960094 	EXP 	progress_bar_breaks: progress = 0.1333333333333333
2026-08-06_16:58:13.976728 	EXP 	progress_bar_breaks: progress = 0.1333333333333333
2026-08-06_16:58:13.992687 	EXP 	progress_bar_breaks: progress = 0.1333333333333333
2026-08-06_16:58:14.009349 	EXP 	progress_bar_breaks: progress = 0.1333333333333333
2026-08-06_16:58:14.026343 	EXP 	progress_bar_breaks: progress = 0.1333333333333333
2026-08-06_16:58:14.044331 	EXP 	progress_bar_breaks: progress = 0.1333333333333333
2026-08-06_16:58:14.059811 	EXP 	progress_bar_breaks: progress = 0.1333333333333333
2026-08-06_16:58:14.075995 	EXP 	progress_bar_breaks: progress = 0.1333333333333333
2026-08-06_16:58:14.092513 	EXP 	progress_bar_breaks: progress = 0.1333333333333333
2026-08-06_16:58:14.110390 	EXP 	progress_bar_breaks: progress = 0.1333333333333333
2026-08-06_16:58:14.126689 	EXP 	progress_bar_breaks: progress = 0.1333333333333333
2026-08-06_16:58:14.143007 	EXP 	progress_bar_breaks: progress = 0.1333333333333333
2026-08-06_16:58:14.159261 	EXP 	progress_bar_breaks: progress = 0.1333333333333333
2026-08-06_16:58:14.175836 	EXP 	progress_bar_breaks: progress = 0.1333333333333333
2026-08-06_16:58:14.192589 	EXP 	progress_bar_breaks: progress = 0.1333333333333333
2026-08-06_16:58:14.210130 	EXP 	progress_bar_breaks: progress = 0.1333333333333333
2026-08-06_16:58:14.228326 	EXP 	progress_bar_breaks: progress = 0.1333333333333333
2026-08-06_16:58:14.243970 	EXP 	progress_bar_breaks: progress = 0.1333333333333333
2026-08-06_16:58:14.259192 	EXP 	progress_bar_breaks: progress = 0.1333333333333333
2026-08-06_16:58:14.276061 	EXP 	progress_bar_breaks: progress = 0.1333333333333333
2026-08-06_16:58:14.294953 	EXP 	progress_bar_breaks: progress = 0.1333333333333333
2026-08-06_16:58:14.309362 	EXP 	progress_bar_breaks: progress = 0.1333333333333333
2026-08-06_16:58:14.326878 	EXP 	progress_bar_breaks: progress = 0.1333333333333333
2026-08-06_16:58:14.343442 	EXP 	progress_bar_breaks: progress = 0.1333333333333333
2026-08-06_16:58:14.359374 	EXP 	progress_bar_breaks: progress = 0.1333333333333333
2026-08-06_16:58:14.376313 	EXP 	progress_bar_breaks: progress = 0.1333333333333333
2026-08-06_16:58:14.392755 	EXP 	progress_bar_breaks: progress = 0.1333333333333333
2026-08-06_16:58:14.410242 	EXP 	progress_bar_breaks: progress = 0.1333333333333333
2026-08-06_16:58:14.426781 	EXP 	progress_bar_breaks: progress = 0.1333333333333333
2026-08-06_16:58:14.442382 	EXP 	progress_bar_breaks: progress = 0.1333333333333333
2026-08-06_16:58:14.459018 	EXP 	progress_bar_breaks: progress = 0.1333333333333333
2026-08-06_16:58:14.476017 	EXP 	progress_bar_breaks: progress = 0.19999999999999996
2026-08-06_16:58:14.492801 	EXP 	progress_bar_breaks: progress = 0.19999999999999996
2026-08-06_16:58:14.509071 	EXP 	progress_bar_breaks: progress = 0.19999999999999996
2026-08-06_16:58:14.527434 	EXP 	progress_bar_breaks: progress = 0.19999999999999996
2026-08-06_16:58:14.542905 	EXP 	progress_bar_breaks: progress = 0.19999999999999996
2026-08-06_16:58:14.559572 	EXP 	progress_bar_breaks: progress = 0.19999999999999996
2026-08-06_16:58:14.576096 	EXP 	progress_bar_breaks: progress = 0.19999999999999996
2026-08-06_16:58:14.592731 	EXP 	progress_bar_breaks: progress = 0.19999999999999996
2026-08-06_16:58:14.609009 	EXP 	progress_bar_breaks: progress = 0.19999999999999996
2026-08-06_16:58:14.626375 	EXP 	progress_bar_breaks: progress = 0.19999999999999996
2026-08-06_16:58:14.642641 	EXP 	progress_bar_breaks: progress = 0.19999999999999996
2026-08-06_16:58:14.659064 	EXP 	progress_bar_breaks: progress = 0.19999999999999996
2026-08-06_16:58:14.675748 	EXP 	progress_bar_breaks: progress = 0.19999999999999996
2026-08-06_16:58:14.693331 	EXP 	progress_bar_breaks: progress = 0.19999999999999996
2026-08-06_16:58:14.711503 	EXP 	progress_bar_breaks: progress = 0.19999999999999996
2026-08-06_16:58:14.726807 	EXP 	progress_bar_breaks: progress = 0.19999999999999996
2026-08-06_16:58:14.742475 	EXP 	progress_bar_breaks: progress = 0.19999999999999996
2026-08-06_16:58:14.759323 	EXP 	progress_bar_breaks: progress = 0.19999999999999996
2026-08-06_16:58:14.777285 	EXP 	progress_bar_breaks: progress = 0.19999999999999996
2026-08-06_16:58:14.793736 	EXP 	progress_bar_breaks: progress = 0.19999999999999996
2026-08-06_16:58:14.810431 	EXP 	progress_bar_breaks: progress = 0.19999999999999996
2026-08-06_16:58:14.826240 	EXP 	progress_bar_breaks: progress = 0.19999999999999996
2026-08-06_16:58:14.842459 	EXP 	progress_bar_breaks: progress = 0.19999999999999996
2026-08-06_16:58:14.858997 	EXP 	progress_bar_breaks: progress = 0.19999999999999996
2026-08-06_16:58:14.876659 	EXP 	progress_bar_breaks: progress = 0.19999999999999996
2026-08-06_16:58:14.892278 	EXP 	progress_bar_breaks: progress = 0.19999999999999996
2026-08-06_16:58:14.910638 	EXP 	progress_bar_breaks: progress = 0.19999999999999996
2026-08-06_16:58:14.925892 	EXP 	progress_bar_breaks: progress = 0.19999999999999996
2026-08-06_16:58:14.942339 	EXP 	progress_bar_breaks: progress = 0.19999999999999996
2026-08-06_16:58:14.959482 	EXP 	progress_bar_breaks: progress = 0.19999999999999996
2026-08-06_16:58:14.975985 	EXP 	progress_bar_breaks: progress = 0.19999999999999996
2026-08-06_16:58:14.993671 	EXP 	progress_bar_breaks: progress = 0.19999999999999996
2026-08-06_16:58:15.010988 	EXP 	progress_bar_breaks: progress = 0.19999999999999996
2026-08-06_16:58:15.027904 	EXP 	progress_bar_breaks: progress = 0.19999999999999996
2026-08-06_16:58:15.043219 	EXP 	progress_bar_breaks: progress = 0.19999999999999996
2026-08-06_16:58:15.059188 	EXP 	progress_bar_breaks: progress = 0.19999999999999996
2026-08-06_16:58:15.076050 	EXP 	progress_bar_breaks: progress = 0.19999999999999996
2026-08-06_16:58:15.092666 	EXP 	progress_bar_breaks: progress = 0.19999999999999996
2026-08-06_16:58:15.110162 	EXP 	progress_bar_breaks: progress = 0.19999999999999996
2026-08-06_16:58:15.128108 	EXP 	progress_bar_breaks: progress = 0.19999999999999996
2026-08-06_16:58:15.142469 	EXP 	progress_bar_breaks: progress = 0.19999999999999996
2026-08-06_16:58:15.161291 	EXP 	progress_bar_breaks: progress = 0.19999999999999996
2026-08-06_16:58:15.176616 	EXP 	progress_bar_breaks: progress = 0.19999999999999996
2026-08-06_16:58:15.193154 	EXP 	progress_bar_breaks: progress = 0.19999999999999996
2026-08-06_16:58:15.209092 	EXP 	progress_bar_breaks: progress = 0.19999999999999996
2026-08-06_16:58:15.225711 	EXP 	progress_bar_breaks: progress = 0.19999999999999996
2026-08-06_16:58:15.244046 	EXP 	progress_bar_breaks: progress = 0.19999999999999996
2026-08-06_16:58:15.260256 	EXP 	progress_bar_breaks: progress = 0.19999999999999996
2026-08-06_16:58:15.276131 	EXP 	progress_bar_breaks: progress = 0.19999999999999996
2026-08-06_16:58:15.293606 	EXP 	progress_bar_breaks: progress = 0.19999999999999996
2026-08-06_16:58:15.308959 	EXP 	progress_bar_breaks: progress = 0.19999999999999996
2026-08-06_16:58:15.325734 	EXP 	progress_bar_breaks: progress = 0.19999999999999996
2026-08-06_16:58:15.342426 	EXP 	progress_bar_breaks: progress = 0.19999999999999996
2026-08-06_16:58:15.359542 	EXP 	progress_bar_breaks: progress = 0.19999999999999996
2026-08-06_16:58:15.377338 	EXP 	progress_bar_breaks: progress = 0.19999999999999996
2026-08-06_16:58:15.392685 	EXP 	progress_bar_breaks: progress = 0.19999999999999996
2026-08-06_16:58:15.408825 	EXP 	progress_bar_breaks: progress = 0.19999999999999996
2026-08-06_16:58:15.425721 	EXP 	progress_bar_breaks: progress = 0.19999999999999996
2026-08-06_16:58:15.443852 	EXP 	progress_bar_breaks: progress = 0.19999999999999996
2026-08-06_16:58:15.458809 	EXP 	progress_bar_breaks: progress = 0.2666666666666667
2026-08-06_16:58:15.476952 	EXP 	progress_bar_breaks: progress = 0.2666666666666667
2026-08-06_16:58:15.493251 	EXP 	progress_bar_breaks: progress = 0.2666666666666667
2026-08-06_16:58:15.508744 	EXP 	progress_bar_breaks: progress = 0.2666666666666667
2026-08-06_16:58:15.526158 	EXP 	progress_bar_breaks: progress = 0.2666666666666667
2026-08-06_16:58:15.542312 	EXP 	progress_bar_breaks: progress = 0.2666666666666667
2026-08-06_16:58:15.562113 	EXP 	progress_bar_breaks: progress = 0.2666666666666667
2026-08-06_16:58:15.575511 	EXP 	progress_bar_breaks: progress = 0.2666666666666667
2026-08-06_16:58:15.595022 	EXP 	progress_bar_breaks: progress = 0.2666666666666667
2026-08-06_16:58:15.610351 	EXP 	progress_bar_breaks: progress = 0.2666666666666667
2026-08-06_16:58:15.625466 	EXP 	progress_bar_breaks: progress = 0.2666666666666667
2026-08-06_16:58:15.642442 	EXP 	progress_bar_breaks: progress = 0.2666666666666667
2026-08-06_16:58:15.658684 	EXP 	progress_bar_breaks: progress = 0.2666666666666667
2026-08-06_16:58:15.675533 	EXP 	progress_bar_breaks: progress = 0.2666666666666667
2026-08-06_16:58:15.692393 	EXP 	progress_bar_breaks: progress = 0.2666666666666667
2026-08-06_16:58:15.710231 	EXP 	progress_bar_breaks: progress = 0.2666666666666667
2026-08-06_16:58:15.725876 	EXP 	progress_bar_breaks: progress = 0.2666666666666667
2026-08-06_16:58:15.742179 	EXP 	progress_bar_breaks: progress = 0.2666666666666667
2026-08-06_16:58:15.758834 	EXP 	progress_bar_breaks: progress = 0.2666666666666667
2026-08-06_16:58:15.775451 	EXP 	progress_bar_breaks: progress = 0.2666666666666667
2026-08-06_16:58:15.793159 	EXP 	progress_bar_breaks: progress = 0.2666666666666667
2026-08-06_16:58:15.808836 	EXP 	progress_bar_breaks: progress = 0.2666666666666667
2026-08-06_16:58:15.825680 	EXP 	progress_bar_breaks: progress = 0.2666666666666667
2026-08-06_16:58:15.842281 	EXP 	progress_bar_breaks: progress = 0.2666666666666667
2026-08-06_16:58:15.858799 	EXP 	progress_bar_breaks: progress = 0.2666666666666667
2026-08-06_16:58:15.875273 	EXP 	progress_bar_breaks: progress = 0.2666666666666667
2026-08-06_16:58:15.891969 	EXP 	progress_bar_breaks: progress = 0.2666666666666667
2026-08-06_16:58:15.908369 	EXP 	progress_bar_breaks: progress = 0.2666666666666667
2026-08-06_16:58:15.924966 	EXP 	progress_bar_breaks: progress = 0.2666666666666667
2026-08-06_16:58:15.941670 	EXP 	progress_bar_breaks: progress = 0.2666666666666667
2026-08-06_16:58:15.958402 	EXP 	progress_bar_breaks: progress = 0.2666666666666667
2026-08-06_16:58:15.975156 	EXP 	progress_bar_breaks: progress = 0.2666666666666667
2026-08-06_16:58:15.992114 	EXP 	progress_bar_breaks: progress = 0.2666666666666667
2026-08-06_16:58:16.008603 	EXP 	progress_bar_breaks: progress = 0.2666666666666667
2026-08-06_16:58:16.025587 	EXP 	progress_bar_breaks: progress = 0.2666666666666667
2026-08-06_16:58:16.044166 	EXP 	progress_bar_breaks: progress = 0.2666666666666667
2026-08-06_16:58:16.059987 	EXP 	progress_bar_breaks: progress = 0.2666666666666667
2026-08-06_16:58:16.076375 	EXP 	progress_bar_breaks: progress = 0.2666666666666667
2026-08-06_16:58:16.092332 	EXP 	progress_bar_breaks: progress = 0.2666666666666667
2026-08-06_16:58:16.109457 	EXP 	progress_bar_breaks: progress = 0.2666666666666667
2026-08-06_16:58:16.126183 	EXP 	progress_bar_breaks: progress = 0.2666666666666667
2026-08-06_16:58:16.142387 	EXP 	progress_bar_breaks: progress = 0.2666666666666667
2026-08-06_16:58:16.161114 	EXP 	progress_bar_breaks: progress = 0.2666666666666667
2026-08-06_16:58:16.176347 	EXP 	progress_bar_breaks: progress = 0.2666666666666667
2026-08-06_16:58:16.191996 	EXP 	progress_bar_breaks: progress = 0.2666666666666667
2026-08-06_16:58:16.209463 	EXP 	progress_bar_breaks: progress = 0.2666666666666667
2026-08-06_16:58:16.225772 	EXP 	progress_bar_breaks: progress = 0.2666666666666667
2026-08-06_16:58:16.242556 	EXP 	progress_bar_breaks: progress = 0.2666666666666667
2026-08-06_16:58:16.261283 	EXP 	progress_bar_breaks: progress = 0.2666666666666667
2026-08-06_16:58:16.275423 	EXP 	progress_bar_breaks: progress = 0.2666666666666667
2026-08-06_16:58:16.295400 	EXP 	progress_bar_breaks: progress = 0.2666666666666667
2026-08-06_16:58:16.310126 	EXP 	progress_bar_breaks: progress = 0.2666666666666667
2026-08-06_16:58:16.325995 	EXP 	progress_bar_breaks: progress = 0.2666666666666667
2026-08-06_16:58:16.342369 	EXP 	progress_bar_breaks: progress = 0.2666666666666667
2026-08-06_16:58:16.359369 	EXP 	progress_bar_breaks: progress = 0.2666666666666667
2026-08-06_16:58:16.376761 	EXP 	progress_bar_breaks: progress = 0.2666666666666667
2026-08-06_16:58:16.394521 	EXP 	progress_bar_breaks: progress = 0.2666666666666667
2026-08-06_16:58:16.410590 	EXP 	progress_bar_breaks: progress = 0.2666666666666667
2026-08-06_16:58:16.425440 	EXP 	progress_bar_breaks: progress = 0.2666666666666667
2026-08-06_16:58:16.444746 	EXP 	progress_bar_breaks: progress = 0.2666666666666667
2026-08-06_16:58:16.459474 	EXP 	progress_bar_breaks: progress = 0.33333333333333337
2026-08-06_16:58:16.475427 	EXP 	progress_bar_breaks: progress = 0.33333333333333337
2026-08-06_16:58:16.492541 	EXP 	progress_bar_breaks: progress = 0.33333333333333337
2026-08-06_16:58:16.508721 	EXP 	progress_bar_breaks: progress = 0.33333333333333337
2026-08-06_16:58:16.527770 	EXP 	progress_bar_breaks: progress = 0.33333333333333337
2026-08-06_16:58:16.543486 	EXP 	progress_bar_breaks: progress = 0.33333333333333337
2026-08-06_16:58:16.558650 	EXP 	progress_bar_breaks: progress = 0.33333333333333337
2026-08-06_16:58:16.576423 	EXP 	progress_bar_breaks: progress = 0.33333333333333337
2026-08-06_16:58:16.591940 	EXP 	progress_bar_breaks: progress = 0.33333333333333337
2026-08-06_16:58:16.608641 	EXP 	progress_bar_breaks: progress = 0.33333333333333337
2026-08-06_16:58:16.624938 	EXP 	progress_bar_breaks: progress = 0.33333333333333337
2026-08-06_16:58:16.642067 	EXP 	progress_bar_breaks: progress = 0.33333333333333337
2026-08-06_16:58:16.659748 	EXP 	progress_bar_breaks: progress = 0.33333333333333337
2026-08-06_16:58:16.675363 	EXP 	progress_bar_breaks: progress = 0.33333333333333337
2026-08-06_16:58:16.694493 	EXP 	progress_bar_breaks: progress = 0.33333333333333337
2026-08-06_16:58:16.716709 	EXP 	progress_bar_breaks: progress = 0.33333333333333337
2026-08-06_16:58:16.741444 	EXP 	progress_bar_breaks: progress = 0.33333333333333337
2026-08-06_16:58:16.758949 	EXP 	progress_bar_breaks: progress = 0.33333333333333337
2026-08-06_16:58:16.777470 	EXP 	progress_bar_breaks: progress = 0.33333333333333337
2026-08-06_16:58:16.792784 	EXP 	progress_bar_breaks: progress = 0.33333333333333337
2026-08-06_16:58:16.810620 	EXP 	progress_bar_breaks: progress = 0.33333333333333337
2026-08-06_16:58:16.829399 	EXP 	progress_bar_breaks: progress = 0.33333333333333337
2026-08-06_16:58:16.859494 	EXP 	progress_bar_breaks: progress = 0.33333333333333337
2026-08-06_16:58:16.876112 	EXP 	progress_bar_breaks: progress = 0.33333333333333337
2026-08-06_16:58:16.896424 	EXP 	progress_bar_breaks: progress = 0.33333333333333337
2026-08-06_16:58:16.908933 	EXP 	progress_bar_breaks: progress = 0.33333333333333337
2026-08-06_16:58:16.925398 	EXP 	progress_bar_breaks: progress = 0.33333333333333337
2026-08-06_16:58:16.944235 	EXP 	progress_bar_breaks: progress = 0.33333333333333337
2026-08-06_16:58:16.959235 	EXP 	progress_bar_breaks: progress = 0.33333333333333337
2026-08-06_16:58:16.979086 	EXP 	progress_bar_breaks: progress = 0.33333333333333337
2026-08-06_16:58:16.993554 	EXP 	progress_bar_breaks: progress = 0.33333333333333337
2026-08-06_16:58:17.008868 	EXP 	progress_bar_breaks: progress = 0.33333333333333337
2026-08-06_16:58:17.024863 	EXP 	progress_bar_breaks: progress = 0.33333333333333337
2026-08-06_16:58:17.041987 	EXP 	progress_bar_breaks: progress = 0.33333333333333337
2026-08-06_16:58:17.057445 	EXP 	progress_bar_breaks: progress = 0.33333333333333337
2026-08-06_16:58:17.076923 	EXP 	progress_bar_breaks: progress = 0.33333333333333337
2026-08-06_16:58:17.091619 	EXP 	progress_bar_breaks: progress = 0.33333333333333337
2026-08-06_16:58:17.109632 	EXP 	progress_bar_breaks: progress = 0.33333333333333337
2026-08-06_16:58:17.125120 	EXP 	progress_bar_breaks: progress = 0.33333333333333337
2026-08-06_16:58:17.141757 	EXP 	progress_bar_breaks: progress = 0.33333333333333337
2026-08-06_16:58:17.158189 	EXP 	progress_bar_breaks: progress = 0.33333333333333337
2026-08-06_16:58:17.175246 	EXP 	progress_bar_breaks: progress = 0.33333333333333337
2026-08-06_16:58:17.193348 	EXP 	progress_bar_breaks: progress = 0.33333333333333337
2026-08-06_16:58:17.210946 	EXP 	progress_bar_breaks: progress = 0.33333333333333337
2026-08-06_16:58:17.225573 	EXP 	progress_bar_breaks: progress = 0.33333333333333337
2026-08-06_16:58:17.243255 	EXP 	progress_bar_breaks: progress = 0.33333333333333337
2026-08-06_16:58:17.258860 	EXP 	progress_bar_breaks: progress = 0.33333333333333337
2026-08-06_16:58:17.274755 	EXP 	progress_bar_breaks: progress = 0.33333333333333337
2026-08-06_16:58:17.291430 	EXP 	progress_bar_breaks: progress = 0.33333333333333337
2026-08-06_16:58:17.309544 	EXP 	progress_bar_breaks: progress = 0.33333333333333337
2026-08-06_16:58:17.324940 	EXP 	progress_bar_breaks: progress = 0.33333333333333337
2026-08-06_16:58:17.343043 	EXP 	progress_bar_breaks: progress = 0.33333333333333337
2026-08-06_16:58:17.358449 	EXP 	progress_bar_breaks: progress = 0.33333333333333337
2026-08-06_16:58:17.375168 	EXP 	progress_bar_breaks: progress = 0.33333333333333337
2026-08-06_16:58:17.391369 	EXP 	progress_bar_breaks: progress = 0.33333333333333337
2026-08-06_16:58:17.409843 	EXP 	progress_bar_breaks: progress = 0.33333333333333337
2026-08-06_16:58:17.424814 	EXP 	progress_bar_breaks: progress = 0.33333333333333337
2026-08-06_16:58:17.444588 	EXP 	progress_bar_breaks: progress = 0.33333333333333337
2026-08-06_16:58:17.458202 	EXP 	progress_bar_breaks: progress = 0.4
2026-08-06_16:58:17.474879 	EXP 	progress_bar_breaks: progress = 0.4
2026-08-06_16:58:17.491499 	EXP 	progress_bar_breaks: progress = 0.4
2026-08-06_16:58:17.508749 	EXP 	progress_bar_breaks: progress = 0.4
2026-08-06_16:58:17.525407 	EXP 	progress_bar_breaks: progress = 0.4
2026-08-06_16:58:17.543094 	EXP 	progress_bar_breaks: progress = 0.4
2026-08-06_16:58:17.558329 	EXP 	progress_bar_breaks: progress = 0.4
2026-08-06_16:58:17.575378 	EXP 	progress_bar_breaks: progress = 0.4
2026-08-06_16:58:17.591892 	EXP 	progress_bar_breaks: progress = 0.4
2026-08-06_16:58:17.608312 	EXP 	progress_bar_breaks: progress = 0.4
2026-08-06_16:58:17.627245 	EXP 	progress_bar_breaks: progress = 0.4
2026-08-06_16:58:17.641697 	EXP 	progress_bar_breaks: progress = 0.4
2026-08-06_16:58:17.660347 	EXP 	progress_bar_breaks: progress = 0.4
2026-08-06_16:58:17.675330 	EXP 	progress_bar_breaks: progress = 0.4
2026-08-06_16:58:17.691990 	EXP 	progress_bar_breaks: progress = 0.4
2026-08-06_16:58:17.708810 	EXP 	progress_bar_breaks: progress = 0.4
2026-08-06_16:58:17.725532 	EXP 	progress_bar_breaks: progress = 0.4
2026-08-06_16:58:17.743027 	EXP 	progress_bar_breaks: progress = 0.4
2026-08-06_16:58:17.761670 	EXP 	progress_bar_breaks: progress = 0.4
2026-08-06_16:58:17.775034 	EXP 	progress_bar_breaks: progress = 0.4
2026-08-06_16:58:17.794047 	EXP 	progress_bar_breaks: progress = 0.4
2026-08-06_16:58:17.811187 	EXP 	progress_bar_breaks: progress = 0.4
2026-08-06_16:58:17.825906 	EXP 	progress_bar_breaks: progress = 0.4
2026-08-06_16:58:17.841500 	EXP 	progress_bar_breaks: progress = 0.4
2026-08-06_16:58:17.858293 	EXP 	progress_bar_breaks: progress = 0.4
2026-08-06_16:58:17.875035 	EXP 	progress_bar_breaks: progress = 0.4
2026-08-06_16:58:17.893322 	EXP 	progress_bar_breaks: progress = 0.4
2026-08-06_16:58:17.910000 	EXP 	progress_bar_breaks: progress = 0.4
2026-08-06_16:58:17.925304 	EXP 	progress_bar_breaks: progress = 0.4
2026-08-06_16:58:17.941603 	EXP 	progress_bar_breaks: progress = 0.4
2026-08-06_16:58:17.958997 	EXP 	progress_bar_breaks: progress = 0.4
2026-08-06_16:58:17.974855 	EXP 	progress_bar_breaks: progress = 0.4
2026-08-06_16:58:17.992888 	EXP 	progress_bar_breaks: progress = 0.4
2026-08-06_16:58:18.008581 	EXP 	progress_bar_breaks: progress = 0.4
2026-08-06_16:58:18.024645 	EXP 	progress_bar_breaks: progress = 0.4
2026-08-06_16:58:18.041333 	EXP 	progress_bar_breaks: progress = 0.4
2026-08-06_16:58:18.058112 	EXP 	progress_bar_breaks: progress = 0.4
2026-08-06_16:58:18.075822 	EXP 	progress_bar_breaks: progress = 0.4
2026-08-06_16:58:18.091799 	EXP 	progress_bar_breaks: progress = 0.4
2026-08-06_16:58:18.107861 	EXP 	progress_bar_breaks: progress = 0.4
2026-08-06_16:58:18.124832 	EXP 	progress_bar_breaks: progress = 0.4
2026-08-06_16:58:18.142503 	EXP 	progress_bar_breaks: progress = 0.4
2026-08-06_16:58:18.159636 	EXP 	progress_bar_breaks: progress = 0.4
2026-08-06_16:58:18.175321 	EXP 	progress_bar_breaks: progress = 0.4
2026-08-06_16:58:18.191344 	EXP 	progress_bar_breaks: progress = 0.4
2026-08-06_16:58:18.207952 	EXP 	progress_bar_breaks: progress = 0.4
2026-08-06_16:58:18.226297 	EXP 	progress_bar_breaks: progress = 0.4
2026-08-06_16:58:18.241292 	EXP 	progress_bar_breaks: progress = 0.4
2026-08-06_16:58:18.258965 	EXP 	progress_bar_breaks: progress = 0.4
2026-08-06_16:58:18.275249 	EXP 	progress_bar_breaks: progress = 0.4
2026-08-06_16:58:18.291381 	EXP 	progress_bar_breaks: progress = 0.4
2026-08-06_16:58:18.307922 	EXP 	progress_bar_breaks: progress = 0.4
2026-08-06_16:58:18.313091 	DATA 	Keypress: escape
2026-08-06_16:58:18.325072 	EXP 	progress_bar_breaks: progress = 0.4
2026-08-06_16:58:18.327917 	EXP 	Device response: <KeyPress from None: t=226.70403120000265, value=escape, duration=None>
2026-08-06_16:58:18.342478 	EXP 	progress_bar_breaks: progress = 0.4
2026-08-06_16:58:18.357986 	EXP 	progress_bar_breaks: progress = 0.4
2026-08-06_16:58:18.374594 	EXP 	progress_bar_breaks: progress = 0.4
2026-08-06_16:58:18.391305 	EXP 	progress_bar_breaks: progress = 0.4
2026-08-06_16:58:18.409562 	EXP 	progress_bar_breaks: progress = 0.4
2026-08-06_16:58:18.424699 	EXP 	progress_bar_breaks: progress = 0.4
2026-08-06_16:58:18.427572 	EXP 	Device response: <KeyPress from None: t=226.70403120000265, value=escape, duration=0.1072790000034729>
2026-08-06_16:58:18.427607 	EXP 	TSRlearn_localizer-concepts: status = STOPPED
2026-08-06_16:58:18.441577 	EXP 	progress_bar_breaks: progress = 0.4
2026-08-06_16:58:18.441577 	EXP 	fix_cross_prc: autoDraw = False
2026-08-06_16:58:18.441577 	EXP 	breaks_instruction: autoDraw = False
2026-08-06_16:58:18.441577 	EXP 	progress_bar_breaks: autoDraw = False
2026-08-06_16:58:18.444370 	EXP 	TSRlearn_localizer-concepts: status = STOPPED
2026-08-06_16:58:18.502503 	INFO 	saved data to 'C:\\sync_folder\\TSRlearn-task\\psychopy_exp_files\\data\\3_TSRlearn_localizer-concepts_2026-08-06_16h54.21.415.csv'
2026-08-06_16:58:18.509662 	INFO 	saved data to C:\sync_folder\TSRlearn-task\psychopy_exp_files\data\3_TSRlearn_localizer-concepts_2026-08-06_16h54.21.415.psydat
2026-08-06_16:58:18.510685 	DATA 	Keypress: escape
2026-08-06_16:58:18.841249 	DEBUG 	Saving data for TSRlearn_localizer-concepts ExperimentHandler
2026-08-06_16:58:18.844749 	WARNING 	Stopping key buffers but this could be dangerous ifother keyboards rely on the same.
