ITI.started,ITI.stopped,ITI_length,ITI_prc.started,ITI_prc.stopped,block,break_3.started,break_3.stopped,breaks_instruction.started,breaks_instruction.stopped,concept,concept_num,concept_num_word,continue_button.duration,continue_button.keys,continue_button.rt,continue_button.started,continue_button_3.duration,continue_button_3.keys,continue_button_3.rt,continue_button_3.started,continue_button_4.duration,continue_button_4.keys,continue_button_4.rt,continue_button_4.started,continue_button_6.duration,continue_button_6.keys,continue_button_6.rt,continue_button_6.started,continue_button_7.duration,continue_button_7.keys,continue_button_7.rt,continue_button_7.started,continue_button_8.duration,continue_button_8.keys,continue_button_8.rt,continue_button_8.started,continue_button_9.duration,continue_button_9.keys,continue_button_9.rt,continue_button_9.started,continue_button_break.duration,continue_button_break.keys,continue_button_break.rt,continue_button_break.started,correct_response,date,exemplar_num,expName,expStart,expVersion,fix_cross.started,fix_cross.stopped,fix_cross_2.started,fix_cross_2.stopped,fix_cross_2_prc.started,fix_cross_2_prc.stopped,fix_cross_prc.started,frameRate,image.started,image.stopped,image_prc.started,image_prc.stopped,image_pres.started,image_pres.stopped,image_pres_prc.started,image_pres_prc.stopped,image_shown,instruction_continuebreak.started,instruction_end.started,instruction_part1.started,instruction_part2.started,instruction_part3.started,instruction_part4.started,instruction_startexp.started,instruction_startexp_2.started,instructions.started,instructions.stopped,instructions_02.started,instructions_02.stopped,instructions_03.started,instructions_03.stopped,instructions_04.started,instructions_04.stopped,instructions_end.started,instructions_end.stopped,instructions_startexp.started,instructions_startexp.stopped,instructions_startexp_02.started,instructions_startexp_02.stopped,is_buffer,is_mismatch,is_prompt,key_resp.keys,key_resp.started,key_resp_prc.keys,key_resp_prc.started,key_resp_prc.stopped,match_idx,nonmatch_pres_side,notes,participant,progress_bar_breaks.started,progress_bar_breaks.stopped,psychopyVersion,settings.started,settings.stopped,show_word,sound_pres.started,sound_pres.stopped,sound_pres_prc.started,sound_pres_prc.stopped,source_sequence,source_sequence_position,spoken_word.started,spoken_word.stopped,spoken_word_prc.started,spoken_word_prc.stopped,thisN,thisRepN,thisRow.t,thisTrialN,trial_in_block,trial_type,trials.continue_button_break.duration,trials.continue_button_break.keys,trials.continue_button_break.rt,trials.key_resp.keys,trials.thisIndex,trials.thisN,trials.thisRepN,trials.thisTrialN,trials_practice.key_resp_prc.keys,trials_practice.thisIndex,trials_practice.thisN,trials_practice.thisRepN,trials_practice.thisTrialN,word_shown_english,word_shown_french,word_shown_german,
,,,,,,,,,,,,,,,,,,,,,,,,,,,,,,,,,,,,,,,,,,,,,,2026-08-08_20h28.59.015,,TSRlearn_localizer-concepts,2026-08-08 20h29.00.336696 +0200,,,,,,,,,60.03925365539914,,,,,,,,,,,,,,,,,,,,,,,,,,,,,,,,,,,,,,,,,,,3,,,2025.2.4,0.028452200000174344,0.03508739999961108,,,,,,,,,,,,,,,,,,,,,,,,,,,,,,,,,,
,,,,,,,,,,,,,0.13083780003944412,r,3.0784355999785475,0.543194499972742,,,,,,,,,,,,,,,,,,,,,,,,,,,,,,2026-08-08_20h28.59.015,,TSRlearn_localizer-concepts,2026-08-08 20h29.00.336696 +0200,,,,,,,,,60.03925365539914,,,,,,,,,,,,0.07535969995660707,,,,,,0.057758199982345104,3.765456599998288,,,,,,,,,,,,,,,,,,,,,,,,3,,,2025.2.4,,,,,,,,,,,,,,,,,,,,,,,,,,,,,,,,,,,,
,,,,,,,,,,,,,,,,,0.10167479998199269,r,0.019032300042454153,4.280317800003104,,,,,,,,,,,,,,,,,,,,,,,,,,2026-08-08_20h28.59.015,,TSRlearn_localizer-concepts,2026-08-08 20h29.00.336696 +0200,,,,,,,,,60.03925365539914,,,,,,,,,,,,,3.779810899985023,,,,,,,3.770646899996791,4.415941899991594,,,,,,,,,,,,,,,,,,,,,,3,,,2025.2.4,,,,,,,,,,,,,,,,,,,,,,,,,,,,,,,,,,,,
,,,,,,,,,,,,,,,,,,,,,0.13180339999962598,r,0.5661972000380047,4.931039999995846,,,,,,,,,,,,,,,,,,,,,,2026-08-08_20h28.59.015,,TSRlearn_localizer-concepts,2026-08-08 20h29.00.336696 +0200,,,,,,,,,60.03925365539914,,,,,,,,,,,,,,4.512884299969301,,,,,,,,4.487041499989573,4.983772600011434,,,,,,,,,,,,,,,,,,,,3,,,2025.2.4,,,,,,,,,,,,,,,,,,,,,,,,,,,,,,,,,,,,
,,,,,,,,,,,,,,,,,,,,,,,,,,,,,,,,,,,,,0.17416240001330152,r,0.3987061000079848,5.498053299961612,,,,,,2026-08-08_20h28.59.015,,TSRlearn_localizer-concepts,2026-08-08 20h29.00.336696 +0200,,,,,,,,,60.03925365539914,,,,,,,,,,,,,,,4.997178699995857,,,,,,,,,4.991428799985442,5.517051699978765,,,,,,,,,,,,,,,,,,3,,,2025.2.4,,,,,,,,,,,,,,,,,,,,,,,,,,,,,,,,,,,,
,,0.75,7.819290599960368,8.57036039995728,,,,,,,,,,,,,,,,,,,,,,,,,,,,,,,,,,,,,,,,,y,2026-08-08_20h28.59.015,,TSRlearn_localizer-concepts,2026-08-08 20h29.00.336696 +0200,,,,,,7.83390689996304,8.620635700004641,6.332590700010769,60.03925365539914,,,5.568115999980364,6.332590700010769,,,5.552305899967905,6.31829279998783,anchor.jpg,,,,,,,,,,,,,,,,,,,,,,,,,,,,None,6.332590700010769,7.83390689996304,1,right,,3,,,2025.2.4,,,,,,6.324665099964477,7.819247199979145,,,,,6.332615366675115,6.899463200010359,0,0,2026-08-08_20:29:05.878233,0,,,,,,,,,,,None,0,0,0,0,anchor,ancre,Anker,
,,0.89,10.873520299966913,11.77347469999222,,,,,,,,,,,,,,,,,,,,,,,,,,,,,,,,,,,,,,,,,r,2026-08-08_20h28.59.015,,TSRlearn_localizer-concepts,2026-08-08 20h29.00.336696 +0200,,,,,,10.887554699962493,11.82351399998879,9.385487399995327,60.03925365539914,,,8.620635700004641,9.385487399995327,,,8.596468199975789,9.371051599970087,ant.jpg,,,,,,,,,,,,,,,,,,,,,,,,,,,,None,9.385487399995327,10.887554699962493,1,left,,3,,,2025.2.4,,,,,,9.379771100007929,10.873472800012678,,,,,9.385460166671935,10.11960849998286,1,0,2026-08-08_20:29:08.930753,1,,,,,,,,,,,None,1,1,0,1,ant,fourmi,Ameise,
,,0.85,14.276751699973829,15.126610399980564,,,,,,,,,,,,,,,,,,,,,,,,,,,,,,,,,,,,,,,,,y,2026-08-08_20h28.59.015,,TSRlearn_localizer-concepts,2026-08-08 20h29.00.336696 +0200,,,,,,14.290850199991837,15.160335499967914,12.588974000012968,60.03925365539914,,,11.82351399998879,12.588974000012968,,,11.799374299996998,12.575358900008723,axe.jpg,,,,,,,,,,,,,,,,,,,,,,,,,,,,None,12.588974000012968,14.09042349999072,0,left,,3,,,2025.2.4,,,,,,12.578758399991784,14.276702400005888,,,,,12.589427366623811,13.539904600009322,2,0,2026-08-08_20:29:12.133631,2,,,,,,,,,,,None,2,2,0,2,horse,cheval,Pferd,
,,1.01,17.41252730000997,18.430360199999996,,,,,,,,,,,,,,,,,,,,,,,,,,,,,,,,,,,,,,,,,y,2026-08-08_20h28.59.015,,TSRlearn_localizer-concepts,2026-08-08 20h29.00.336696 +0200,,,,,,17.426953199959826,18.480705699999817,15.925852899963502,60.03925365539914,,,15.160335499967914,15.925852899963502,,,15.151025299972389,15.911582399974577,bus.jpg,,,,,,,,,,,,,,,,,,,,,,,,,,,,None,15.925852899963502,17.426953199959826,1,right,,3,,,2025.2.4,,,,,,15.916553899995051,17.41248459997587,,,,,15.92587166664113,16.4259087999817,3,0,2026-08-08_20:29:15.470453,3,,,,,,,,,,,None,3,3,0,3,bus,bus,Bus,
,,1.04,20.94944180001039,22.001233899965882,,,,,,,,,,,,,,,,,,,,,,,,,,,,,,,,,,,,,,,,,r,2026-08-08_20h28.59.015,,TSRlearn_localizer-concepts,2026-08-08 20h29.00.336696 +0200,,,,,,20.963724899978843,22.050745699962135,19.24591669999063,60.03925365539914,,,18.480705699999817,19.24591669999063,,,18.45857529999921,19.23228299996117,ball.jpg,,,,,,,,,,,,,,,,,,,,,,,,,,,,None,19.24591669999063,20.747359799977858,0,right,,3,,,2025.2.4,,,,,,19.23617109999759,20.949398099968676,,,,,19.246059066678086,19.87946699996246,4,0,2026-08-08_20:29:18.790823,4,,,,,,,,,,,None,4,4,0,4,face,visage,Gesicht,
,,0.99,24.303325099986978,25.303817700012587,,,,,,,,,,,,,,,,,,,,,,,,,,,,,,,,,,,,,,,,,y,2026-08-08_20h28.59.015,,TSRlearn_localizer-concepts,2026-08-08 20h29.00.336696 +0200,,,,,,24.31749350001337,25.33730989997275,22.815920699969865,60.03925365539914,,,22.050745699962135,22.815920699969865,,,22.029231900000013,22.801404999976512,banana.jpg,,,,,,,,,,,,,,,,,,,,,,,,,,,,None,22.815920699969865,24.31749350001337,1,right,,3,,,2025.2.4,,,,,,22.807884000008926,24.303278299979866,,,,,22.815986966659935,23.483093999966513,5,0,2026-08-08_20:29:22.360863,5,,,,,,,,,,,None,5,5,0,5,banana,banane,Banane,
,,0.79,27.589773599989712,28.390261899970938,,,,,,,,,,,,,,,,,,,,,,,,,,,,,,,,,,,,,,,,,r,2026-08-08_20h28.59.015,,TSRlearn_localizer-concepts,2026-08-08 20h29.00.336696 +0200,,,,,,27.603990099974908,28.440896199957933,26.10256579995621,60.03925365539914,,,25.33730989997275,26.10256579995621,,,25.326708999986295,26.087877199985087,glasses.jpg,,,,,,,,,,,,,,,,,,,,,,,,,,,,None,26.10256579995621,27.603990099974908,1,left,,3,,,2025.2.4,,,,,,26.090995599981397,27.589718899980653,,,,,26.102466266664365,26.986934899992775,6,0,2026-08-08_20:29:25.647427,6,,,,,,,,,,,None,6,6,0,6,glasses,lunettes,Brille,
,,0.77,30.69328109995695,31.476812199980486,,,,,,,,,,,,,,,,,,,,,,,,,,,,,,,,,,,,,,,,,y,2026-08-08_20h28.59.015,,TSRlearn_localizer-concepts,2026-08-08 20h29.00.336696 +0200,,,,,,30.7076601999579,31.5272369000013,29.206104999990202,60.03925365539914,,,28.440896199957933,29.206104999990202,,,28.417678500001784,29.19245679996675,basket.jpg,,,,,,,,,,,,,,,,,,,,,,,,,,,,None,29.206104999990202,30.7076601999579,1,right,,3,,,2025.2.4,,,,,,29.196640599984676,30.693217499996535,,,,,29.206332966630967,29.706591799971648,7,0,2026-08-08_20:29:28.751013,7,,,,,,,,,,,None,7,7,0,7,basket,panier,Korb,
,,1.23,33.9798579000053,35.21453749999637,,,,,,,,,,,,,,,,,,,,,,,,,,,,,,,,,,,,,,,,,r,2026-08-08_20h28.59.015,,TSRlearn_localizer-concepts,2026-08-08 20h29.00.336696 +0200,,,,,,33.99412970000412,35.264354399987496,32.29227519995766,60.03925365539914,,,31.5272369000013,32.29227519995766,,,31.507146099989768,32.27828009997029,bear.jpg,,,,,,,,,,,,,,,,,,,,,,,,,,,,None,32.29227519995766,33.793556299991906,0,right,,3,,,2025.2.4,,,,,,32.28254389995709,33.97981200000504,,,,,32.29248016665612,32.86030539998319,8,0,2026-08-08_20:29:31.837354,8,,,,,,,,,,,None,8,8,0,8,milk,lait,Milch,
,,1.1,37.51623489998747,38.61818910000147,,,,,,,,,,,,,,,,,,,,,,,,,,,,,,,,,,,,,,,,,y,2026-08-08_20h28.59.015,,TSRlearn_localizer-concepts,2026-08-08 20h29.00.336696 +0200,,,,,,37.53091679996578,38.66782219999004,36.02937199996086,60.03925365539914,,,35.264354399987496,36.02937199996086,,,35.24275909998687,36.01502290001372,belt.jpg,,,,,,,,,,,,,,,,,,,,,,,,,,,,None,36.02937199996086,37.53091679996578,1,left,,3,,,2025.2.4,,,,,,36.017165799974464,37.51619269995717,,,,,36.029471166668614,36.61402929999167,9,0,2026-08-08_20:29:35.574471,9,,,,,,,,,,,None,9,9,0,9,belt,ceinture,Gürtel,
,,1.25,40.91999309998937,42.171095600002445,,,,,,,,,,,,,,,,,,,,,,,,,,,,,,,,,,,,,,,,,y,2026-08-08_20h28.59.015,,TSRlearn_localizer-concepts,2026-08-08 20h29.00.336696 +0200,,,,,,40.93428310001036,42.30132649996085,39.43269159999909,60.03925365539914,,,38.66782219999004,39.43269159999909,,,38.648552099999506,39.4181883999845,bike.jpg,,,,,,,,,,,,,,,,,,,,,,,,,,,,None,39.43269159999909,40.93428310001036,1,left,,3,,,2025.2.4,,,,,,39.42020960000809,40.91994509997312,,,,,39.432790666647875,40.15026620001299,10,0,2026-08-08_20:29:38.977939,10,,,,,,,,,,,None,10,10,0,10,bicycle,vélo,Fahrrad,
,,,,,,,,,,,,,,,,,,,,,,,,,0.10589370003435761,r,1.7104202999616973,42.68606189999264,,,,,,,,,,,,,,,,,,2026-08-08_20h28.59.015,,TSRlearn_localizer-concepts,2026-08-08 20h29.00.336696 +0200,,,,,,,,,60.03925365539914,,,,,,,,,,,,,,,,42.30132649996085,,,,,,,,,,,,42.28066539997235,44.50762079999549,,,,,,,,,,,,,,3,,,2025.2.4,,,,,,,,,,,,,,,,,,,,,,,,,,,,,,,,,,,,
,,,,,,,,,,,,,,,,,,,,,,,,,,,,,,,,,0.061364300025161356,r,0.07048370002303272,45.0219717999571,,,,,,,,,,2026-08-08_20h28.59.015,,TSRlearn_localizer-concepts,2026-08-08 20h29.00.336696 +0200,,,,,,,,,60.03925365539914,,,,,,,,,,,,,,,,,44.537047099962365,,,,,,,,,,,,,44.51877119997516,45.15882710000733,,,,,,,,,,,,3,,,2025.2.4,,,,,,,,,,,,,,,,,,,,,,,,,,,,,,,,,,,,
47.67770050000399,48.745485199964605,1.06,,,1,48.752892999968026,48.752940299978945,,,book,7,7,,,,,,,,,,,,,,,,,,,,,,,,,,,,,,None,,,None,2026-08-08_20h28.59.015,6,TSRlearn_localizer-concepts,2026-08-08 20h29.00.336696 +0200,,46.19017319998238,47.691582300001755,47.691582300001755,48.79341390001355,,,,60.03925365539914,45.42461909999838,46.19017319998238,,,45.40119309996953,46.17612729995744,,,book\book_06.png,,,,,,,,,,,,,,,,,,,,,,,0,0,1,None,46.19017319998238,,,,,None,,3,,,2025.2.4,,,1,46.179614699969534,47.67763519997243,,,None,None,46.19017216662566,47.074273800011724,,,0,0,2026-08-08_20:29:45.734736,0,1,localizer,,None,,None,0,0,0,0,,,,,,book,,Buch,
51.03080269997008,51.798030200006906,0.76,,,1,51.79809339996427,51.798127999994904,,,car,5,5,,,,,,,,,,,,,,,,,,,,,,,,,,,,,,None,,,None,2026-08-08_20h28.59.015,6,TSRlearn_localizer-concepts,2026-08-08 20h29.00.336696 +0200,,49.5431883999845,51.04500509996433,51.04500509996433,51.83071479998762,,,,60.03925365539914,48.79341390001355,49.5431883999845,,,48.77378260000842,49.52847419999307,,,car\car_06.png,,,,,,,,,,,,,,,,,,,,,,,0,0,1,None,49.5431883999845,,,,,None,,3,,,2025.2.4,,,1,49.53176759998314,51.030735999986064,,,None,None,49.54305256664908,50.4941030999762,,,1,0,2026-08-08_20:29:49.103531,1,2,localizer,,None,,None,1,1,0,1,,,,,,car,,Auto,
54.06661899999017,55.05128319998039,0.98,,,1,55.051349699962884,55.05138540000189,,,dress,3,3,,,,,,,,,,,,,,,,,,,,,,,,,,,,,,None,,,None,2026-08-08_20h28.59.015,5,TSRlearn_localizer-concepts,2026-08-08 20h29.00.336696 +0200,,52.579693700012285,54.08096339995973,54.08096339995973,55.08454409998376,,,,60.03925365539914,51.83071479998762,52.579693700012285,,,51.81314039998688,52.565596500004176,,,dress\dress_05.png,,,,,,,,,,,,,,,,,,,,,,,0,0,1,None,52.579693700012285,,,,,None,,3,,,2025.2.4,,,1,52.56859699997585,54.06655429996317,,,None,None,52.579853866660656,53.53129439998884,,,2,0,2026-08-08_20:29:52.140832,2,3,localizer,,None,,None,2,2,0,2,,,,,,dress,,Kleid,
57.337742700008675,58.15454979997594,0.81,,,1,58.15461929998128,58.15465609997045,,,door,4,4,,,,,,,,,,,,,,,,,,,,,,,,,,,,,,None,,,None,2026-08-08_20h28.59.015,7,TSRlearn_localizer-concepts,2026-08-08 20h29.00.336696 +0200,,55.849863999988884,57.351459999976214,57.351459999976214,58.18868689995725,,,,60.03925365539914,55.08454409998376,55.849863999988884,,,55.07298009999795,55.83614759996999,,,door\door_07.png,,,,,,,,,,,,,,,,,,,,,,,0,0,1,None,55.849863999988884,,,,,None,,3,,,2025.2.4,,,1,55.839342699968256,57.33766789996298,,,None,None,55.8500483666469,56.66698290000204,,,3,0,2026-08-08_20:29:55.394661,3,4,localizer,,None,,None,3,3,0,3,,,,,,door,,Tür,
60.44119879999198,61.441673499997705,1,,,1,61.44173859996954,61.44177440000931,,,car,5,5,,,,,,,,,,,,,,,,,,,,,,,,,,,,,,None,,,None,2026-08-08_20h28.59.015,5,TSRlearn_localizer-concepts,2026-08-08 20h29.00.336696 +0200,,58.953321899985895,60.45620929996949,60.45620929996949,61.474449799978174,,,,60.03925365539914,58.18868689995725,58.953321899985895,,,58.167224499979056,58.939667999977246,,,car\car_05.png,,,,,,,,,,,,,,,,,,,,,,,0,0,1,None,58.953321899985895,,,,,None,,3,,,2025.2.4,,,1,58.942872899991926,60.44111489999341,,,None,None,58.9538607666657,59.90771699999459,,,4,0,2026-08-08_20:29:58.498804,4,5,localizer,,None,,None,4,4,0,4,,,,,,car,,Auto,
63.72648349998053,64.67834549996769,0.94,,,1,64.67841409996618,64.6784508000128,,,ball,6,6,,,,,,,,,,,,,,,,,,,,,,,,,,,,,,None,,,None,2026-08-08_20h28.59.015,6,TSRlearn_localizer-concepts,2026-08-08 20h29.00.336696 +0200,,62.23988740000641,63.74104629998328,63.74104629998328,64.71089829999255,,,,60.03925365539914,61.474449799978174,62.23988740000641,,,61.463064300012775,62.22555380000267,,,ball\ball_06.png,,,,,,,,,,,,,,,,,,,,,,,0,0,1,None,62.23988740000641,,,,,None,,3,,,2025.2.4,,,1,62.22872959997039,63.72641989996191,,,None,None,62.239815366632925,63.007037799980026,,,5,0,2026-08-08_20:30:01.784567,5,6,localizer,,None,,None,5,5,0,5,,,,,,ball,,Ball,
67.16390849999152,68.09828559996095,0.93,,,1,68.09835190000013,68.09839150001062,,,saw,10,9,,,,,,,,,,,,,,,,,,,,,,,,,,,,,,None,,,r,2026-08-08_20h28.59.015,4,TSRlearn_localizer-concepts,2026-08-08 20h29.00.336696 +0200,,65.476247899991,67.17794719996164,67.17794719996164,68.1313855999615,,,,60.03925365539914,64.71089829999255,65.476247899991,,,64.69380389997968,65.46203019999666,,,saw\saw_04.png,,,,,,,,,,,,,,,,,,,,,,,0,1,1,None,65.476247899991,,,,,left,,3,,,2025.2.4,,,1,65.4655427999678,67.16384279995691,,,None,None,65.47613206663324,66.39364349999232,,,6,0,2026-08-08_20:30:05.021015,6,7,localizer,,None,,None,6,6,0,6,,,,,,rose,,Rose,
70.38360309996642,71.53427439997904,1.14,,,1,71.53433629998472,71.53436890000012,,,dress,3,3,,,,,,,,,,,,,,,,,,,,,,,,,,,,,,None,,,None,2026-08-08_20h28.59.015,6,TSRlearn_localizer-concepts,2026-08-08 20h29.00.336696 +0200,,68.89634479995584,70.39772399998037,70.39772399998037,71.56957429996692,,,,60.03925365539914,68.1313855999615,68.89634479995584,,,68.11882319999859,68.88201569998637,,,dress\dress_06.png,,,,,,,,,,,,,,,,,,,,,,,0,0,1,None,68.89634479995584,,,,,None,,3,,,2025.2.4,,,1,68.88536769995699,70.3835403000121,,,None,None,68.89634896663871,69.83057619997999,,,7,0,2026-08-08_20:30:08.441503,7,8,localizer,,None,,None,7,7,0,7,,,,,,dress,,Kleid,
73.82128779997583,74.85447640001075,1.02,,,1,74.85453780001262,74.85457009996753,,,bag,1,1,,,,,,,,,,,,,,,,,,,,,,,,,,,,,,None,,,None,2026-08-08_20h28.59.015,8,TSRlearn_localizer-concepts,2026-08-08 20h29.00.336696 +0200,,72.3204134000116,73.83479850000003,73.83479850000003,74.88798379997024,,,,60.03925365539914,71.56957429996692,72.3204134000116,,,71.55712529999437,72.30555579997599,,,bag\bag_08.png,,,,,,,,,,,,,,,,,,,,,,,0,0,1,None,72.3204134000116,,,,,None,,3,,,2025.2.4,,,1,72.30870449997019,73.82122310000705,,,None,None,72.31970566662882,73.21782989997882,,,8,0,2026-08-08_20:30:11.879691,8,9,localizer,,None,,None,8,8,0,8,,,,,,bag,,Tasche,
77.14074890001211,78.2580618999782,1.11,,,1,78.25812469999073,78.25815820001299,,,door,4,4,,,,,,,,,,,,,,,,,,,,,,,,,,,,,,None,,,None,2026-08-08_20h28.59.015,8,TSRlearn_localizer-concepts,2026-08-08 20h29.00.336696 +0200,,75.65336459997343,77.15466900001047,77.15466900001047,78.29078459995799,,,,60.03925365539914,74.88798379997024,75.65336459997343,,,74.87201699998695,75.6396328000119,,,door\door_08.png,,,,,,,,,,,,,,,,,,,,,,,0,0,1,None,75.65336459997343,,,,,None,,3,,,2025.2.4,,,1,75.64338399999542,77.14066360000288,,,None,None,75.65356756665666,76.48772029997781,,,9,0,2026-08-08_20:30:15.198101,9,10,localizer,,None,,None,9,9,0,9,,,,,,door,,Tür,
80.5277012999868,81.36150649999036,0.82,,,1,81.36156749998918,81.36160070000915,,,rose,9,9,,,,,,,,,,,,,,,,,,,,,,,,,,,,,,None,,,None,2026-08-08_20h28.59.015,10,TSRlearn_localizer-concepts,2026-08-08 20h29.00.336696 +0200,,79.04030769999372,80.54167249996681,80.54167249996681,81.39409929997055,,,,60.03925365539914,78.29078459995799,79.04030769999372,,,78.27554339997005,79.02592679997906,,,rose\rose_10.png,,,,,,,,,,,,,,,,,,,,,,,0,0,1,None,79.04030769999372,,,,,None,,3,,,2025.2.4,,,1,79.02941859996645,80.52763799997047,,,None,None,79.04021746665627,79.97429079998983,,,10,0,2026-08-08_20:30:18.600902,10,11,localizer,,None,,None,10,10,0,10,,,,,,rose,,Rose,
83.63038180000149,84.46481719997246,0.82,,,1,84.46488029998727,84.46491380000953,,,chair,8,8,,,,,,,,,,,,,,,,,,,,,,,,,,,,,,None,,,None,2026-08-08_20h28.59.015,3,TSRlearn_localizer-concepts,2026-08-08 20h29.00.336696 +0200,,82.14323039998999,83.64469330001157,83.64469330001157,84.49802549998276,,,,60.03925365539914,81.39409929997055,82.14323039998999,,,81.37709219998214,82.12907029996859,,,chair\chair_03.png,,,,,,,,,,,,,,,,,,,,,,,0,0,1,None,82.14323039998999,,,,,None,,3,,,2025.2.4,,,1,82.13230120000662,83.63032029999886,,,None,None,82.143416866664,83.06096490001073,,,11,0,2026-08-08_20:30:21.704216,11,12,localizer,,None,,None,11,11,0,11,,,,,,chair,,Stuhl,
86.75005420000525,87.90171149995876,1.15,,,1,87.90177810000023,87.9018143999856,,,saw,10,10,,,,,,,,,,,,,,,,,,,,,,,,,,,,,,None,,,None,2026-08-08_20h28.59.015,1,TSRlearn_localizer-concepts,2026-08-08 20h29.00.336696 +0200,,85.26330299995607,86.76447069999995,86.76447069999995,87.95127059996594,,,,60.03925365539914,84.49802549998276,85.26330299995607,,,84.48541149997618,85.24953380000079,,,saw\saw_01.png,,,,,,,,,,,,,,,,,,,,,,,0,0,1,None,85.26330299995607,,,,,None,,3,,,2025.2.4,,,1,85.25299479998648,86.74999079998815,,,None,None,85.26341236662508,86.21419709996553,,,12,0,2026-08-08_20:30:24.808142,12,13,localizer,,None,,None,12,12,0,12,,,,,,saw,,Säge,
90.20506010000827,91.40519389999099,1.19,,,1,91.40525790001266,91.40529109997442,,,rose,9,9,,,,,,,,,,,,,,,,,,,,,,,,,,,,,,None,,,None,2026-08-08_20h28.59.015,2,TSRlearn_localizer-concepts,2026-08-08 20h29.00.336696 +0200,,88.7168061999837,90.21844149997924,90.21844149997924,91.44215919997077,,,,60.03925365539914,87.95127059996594,88.7168061999837,,,87.92719939997187,88.70271799998591,,,rose\rose_02.png,,,,,,,,,,,,,,,,,,,,,,,0,0,1,None,88.7168061999837,,,,,None,,3,,,2025.2.4,,,1,88.70586639997782,90.20497859996976,,,None,None,88.71686056664136,89.65121479996014,,,13,0,2026-08-08_20:30:28.261388,13,14,localizer,,None,,None,13,13,0,13,,,,,,rose,,Rose,
93.90813279995928,95.10934849997284,1.19,,,1,95.1094138000044,95.10944859997835,,,chair,8,7,,,,,,,,,,,,,,,,,,,,,,,,,,,,,,None,,,r,2026-08-08_20h28.59.015,10,TSRlearn_localizer-concepts,2026-08-08 20h29.00.336696 +0200,,92.20366830000421,93.92226859997027,93.92226859997027,95.14185949997045,,,,60.03925365539914,91.44215919997077,92.20366830000421,,,91.42975569999544,92.18930959998397,,,chair\chair_10.png,,,,,,,,,,,,,,,,,,,,,,,0,1,1,None,92.20366830000421,,,,,right,,3,,,2025.2.4,,,1,92.19222659996012,93.90807139995741,,,None,None,92.20360036666195,93.08818329998758,,,14,0,2026-08-08_20:30:31.752276,14,15,localizer,,None,,None,14,14,0,14,,,,,,book,,Buch,
97.39508659997955,98.4791838999954,1.07,,,1,98.47924539999804,98.47927829995751,,,fish,2,2,,,,,,,,,,,,,,,,,,,,,,,,,,,,,,None,,,None,2026-08-08_20h28.59.015,1,TSRlearn_localizer-concepts,2026-08-08 20h29.00.336696 +0200,,95.90740819997154,97.40893340000184,97.40893340000184,98.51271449995693,,,,60.03925365539914,95.14185949997045,95.90740819997154,,,95.12610559997847,95.8927362000104,,,fish\fish_01.png,,,,,,,,,,,,,,,,,,,,,,,0,0,1,None,95.90740819997154,,,,,None,,3,,,2025.2.4,,,1,95.89542029995937,97.39502100000391,,,None,None,95.90729406662673,96.79173289996106,,,15,0,2026-08-08_20:30:35.451977,15,16,localizer,,None,,None,15,15,0,15,,,,,,fish,,Fisch,
100.76489890000084,101.89868579996983,1.12,,,1,101.89875930000562,101.89879249996739,,,bag,1,1,,,,,,,,,,,,,,,,,,,,,,,,,,,,,,None,,,None,2026-08-08_20h28.59.015,6,TSRlearn_localizer-concepts,2026-08-08 20h29.00.336696 +0200,,99.27743059996283,100.77880719996756,100.77880719996756,101.9323290999746,,,,60.03925365539914,98.51271449995693,99.27743059996283,,,98.49660949996905,99.26321710000047,,,bag\bag_06.png,,,,,,,,,,,,,,,,,,,,,,,0,0,1,None,99.27743059996283,,,,,None,,3,,,2025.2.4,,,1,99.2660029999679,100.76483429997461,,,None,None,99.27768996666806,100.17845020000823,,,16,0,2026-08-08_20:30:38.822831,16,17,localizer,,None,,None,16,16,0,16,,,,,,bag,,Tasche,
104.1854169999715,105.11869009997463,0.92,,,1,105.11875209998107,105.11878429999342,,,book,7,7,,,,,,,,,,,,,,,,,,,,,,,,,,,,,,None,,,None,2026-08-08_20h28.59.015,5,TSRlearn_localizer-concepts,2026-08-08 20h29.00.336696 +0200,,102.69749389996286,104.19902820000425,104.19902820000425,105.20454760000575,,,,60.03925365539914,101.9323290999746,102.69749389996286,,,101.92118179996032,102.68288829998346,,,book\book_05.png,,,,,,,,,,,,,,,,,,,,,,,0,0,1,None,102.69749389996286,,,,,None,,3,,,2025.2.4,,,1,102.68608419998782,104.18534329999238,,,None,None,102.69752256665767,103.56541589996777,,,17,0,2026-08-08_20:30:42.242446,17,18,localizer,,None,,None,17,17,0,17,,,,,,book,,Buch,
107.4549955999828,108.32259180000983,0.86,,,1,108.32265729998471,108.32269140001154,,,ball,6,6,,,,,,,,,,,,,,,,,,,,,,,,,,,,,,None,,,None,2026-08-08_20h28.59.015,2,TSRlearn_localizer-concepts,2026-08-08 20h29.00.336696 +0200,,105.96764659998007,107.46900619997177,107.46900619997177,108.43672429997241,,,,60.03925365539914,105.20454760000575,105.96764659998007,,,105.16526390000945,105.95352320000529,,,ball\ball_02.png,,,,,,,,,,,,,,,,,,,,,,,0,0,1,None,105.96764659998007,,,,,None,,3,,,2025.2.4,,,1,105.95677429996431,107.45493020000868,,,None,None,105.96783736662861,106.75197240000125,,,18,0,2026-08-08_20:30:45.514665,18,19,localizer,,None,,None,18,18,0,18,,,,,,ball,,Ball,
110.67540269996971,111.72554769995622,1.04,,,1,111.72560770000564,111.72563969995826,,,chair,8,8,,,,,,,,,,,,,,,,,,,,,,,,,,,,,,None,,,None,2026-08-08_20h28.59.015,5,TSRlearn_localizer-concepts,2026-08-08 20h29.00.336696 +0200,,109.18749370001024,110.68923459999496,110.68923459999496,112.18947320000734,,,,60.03925365539914,108.43672429997241,109.18749370001024,,,108.39413169998443,109.17323439999018,,,chair\chair_05.png,,,,,,,,,,,,,,,,,,,,,,,0,0,1,None,109.18749370001024,,,,,None,,3,,,2025.2.4,,,1,109.17688899999484,110.67532869998831,,,None,None,109.18768756662418,110.10496409999905,,,19,0,2026-08-08_20:30:48.746841,19,20,localizer,,None,,None,19,19,0,19,,,,,,chair,,Stuhl,
114.42867359996308,115.32885910000186,0.89,,,1,115.32891949999612,115.32895039999858,,,bag,1,1,,,,,,,,,,,,,,,,,,,,,,,,,,,,,,None,,,None,2026-08-08_20h28.59.015,2,TSRlearn_localizer-concepts,2026-08-08 20h29.00.336696 +0200,,112.94156469998416,114.44319389999146,114.44319389999146,115.36365959997056,,,,60.03925365539914,112.18947320000734,112.94156469998416,,,112.0325972000137,112.92681839998113,,,bag\bag_02.png,,,,,,,,,,,,,,,,,,,,,,,0,0,1,None,112.94156469998416,,,,,None,,3,,,2025.2.4,,,1,112.92987100000028,114.42858889995841,,,None,None,112.9413699666659,113.84210949996486,,,20,0,2026-08-08_20:30:52.499590,20,21,localizer,,None,,None,20,20,0,20,,,,,,bag,,Tasche,
117.61548410000978,118.59909659996629,0.97,,,1,118.59916300000623,118.59919450001325,,,car,5,5,,,,,,,,,,,,,,,,,,,,,,,,,,,,,,None,,,None,2026-08-08_20h28.59.015,9,TSRlearn_localizer-concepts,2026-08-08 20h29.00.336696 +0200,,116.12785459996667,117.62917440000456,117.62917440000456,118.63326159998542,,,,60.03925365539914,115.36365959997056,116.12785459996667,,,115.34672569995746,116.11327669996535,,,car\car_09.png,,,,,,,,,,,,,,,,,,,,,,,0,0,1,None,116.12785459996667,,,,,None,,3,,,2025.2.4,,,1,116.11643799999729,117.61541939998278,,,None,None,116.12789966666993,117.07979940000223,,,21,0,2026-08-08_20:30:55.673777,21,22,localizer,,None,,None,21,21,0,21,,,,,,car,,Auto,
120.89211640000576,122.03688069997588,1.15,,,1,122.0369473999599,122.03698249999434,,,dress,3,3,,,,,,,,,,,,,,,,,,,,,,,,,,,,,,None,,,None,2026-08-08_20h28.59.015,9,TSRlearn_localizer-concepts,2026-08-08 20h29.00.336696 +0200,,119.39825349999592,120.90072739997413,120.90072739997413,122.07530859997496,,,,60.03925365539914,118.63326159998542,119.39825349999592,,,118.61413679999532,119.38431140000466,,,dress\dress_09.png,,,,,,,,,,,,,,,,,,,,,,,0,0,1,None,119.39825349999592,,,,,None,,3,,,2025.2.4,,,1,119.3879709999892,120.8920422999654,,,None,None,119.39831586665629,120.34979810001096,,,22,0,2026-08-08_20:30:58.943379,22,23,localizer,,None,,None,22,22,0,22,,,,,,dress,,Kleid,
124.32293169997865,125.22290769999381,0.9,,,1,125.22297409997554,125.22300900000846,,,saw,10,10,,,,,,,,,,,,,,,,,,,,,,,,,,,,,,None,,,None,2026-08-08_20h28.59.015,5,TSRlearn_localizer-concepts,2026-08-08 20h29.00.336696 +0200,,122.83505619998323,124.33702350000385,124.33702350000385,125.61055829998804,,,,60.03925365539914,122.07530859997496,122.83505619998323,,,122.06016539997654,122.82092629995896,,,saw\saw_05.png,,,,,,,,,,,,,,,,,,,,,,,0,0,1,None,122.83505619998323,,,,,None,,3,,,2025.2.4,,,1,122.82447329995921,124.3228598999558,,,None,None,122.83531756664549,123.78597989998525,,,23,0,2026-08-08_20:31:02.385426,23,24,localizer,,None,,None,23,23,0,23,,,,,,saw,,Säge,
127.85852219996741,129.04348429996753,1.17,,,1,129.0435614999733,129.04360249999445,,,ball,6,6,,,,,,,,,,,,,,,,,,,,,,,,,,,,,,None,,,None,2026-08-08_20h28.59.015,3,TSRlearn_localizer-concepts,2026-08-08 20h29.00.336696 +0200,,126.37152699998114,127.87312030000612,127.87312030000612,129.07595769996988,,,,60.03925365539914,125.61055829998804,126.37152699998114,,,125.51073589996668,126.35711230000015,,,ball\ball_03.png,,,,,,,,,,,,,,,,,,,,,,,0,0,1,None,126.37152699998114,,,,,None,,3,,,2025.2.4,,,1,126.36019849998411,127.85845949995564,,,None,None,126.37170106667715,127.15582829999039,,,24,0,2026-08-08_20:31:05.920675,24,25,localizer,,None,,None,24,24,0,24,,,,,,ball,,Ball,
131.31272709998302,132.29708569997456,0.97,,,1,132.29715319996467,132.29718890000368,,,dress,3,3,,,,,,,,,,,,,,,,,,,,,,,,,,,,,,None,,,None,2026-08-08_20h28.59.015,2,TSRlearn_localizer-concepts,2026-08-08 20h29.00.336696 +0200,,129.82532679999713,131.32682289998047,131.32682289998047,132.33008449996123,,,,60.03925365539914,129.07595769996988,129.82532679999713,,,129.05466560000787,129.81087669997942,,,dress\dress_02.png,,,,,,,,,,,,,,,,,,,,,,,0,0,1,None,129.82532679999713,,,,,None,,3,,,2025.2.4,,,1,129.81404159998056,131.31266509997658,,,None,None,129.82520826667704,130.77633119997336,,,25,0,2026-08-08_20:31:09.386075,25,26,localizer,,None,,None,25,25,0,25,,,,,,dress,,Kleid,
134.79936740000267,135.63416079996387,0.82,,,1,135.63422700000228,135.6342623999808,,,bag,1,5,,,,,,,,,,,,,,,,,,,,,,,,,,,,,,None,,,r,2026-08-08_20h28.59.015,1,TSRlearn_localizer-concepts,2026-08-08 20h29.00.336696 +0200,,133.0953770999913,134.81386799999746,134.81386799999746,135.6863059999887,,,,60.03925365539914,132.33008449996123,133.0953770999913,,,132.31413919996703,133.08167899999535,,,bag\bag_01.png,,,,,,,,,,,,,,,,,,,,,,,0,1,1,None,133.0953770999913,,,,,right,,3,,,2025.2.4,,,1,133.08530919998884,134.79930660000537,,,None,None,133.095662766664,134.04652189998887,,,26,0,2026-08-08_20:31:12.640202,26,27,localizer,,None,,None,26,26,0,26,,,,,,car,,Auto,
137.93641429999843,138.8214297000086,0.88,,,1,138.82149709999794,138.82153259997722,,,door,4,4,,,,,,,,,,,,,,,,,,,,,,,,,,,,,,None,,,None,2026-08-08_20h28.59.015,5,TSRlearn_localizer-concepts,2026-08-08 20h29.00.336696 +0200,,136.44889569998486,137.95022800000152,137.95022800000152,138.87174629996298,,,,60.03925365539914,135.6863059999887,136.44889569998486,,,135.6660101999878,136.4345931999851,,,door\door_05.png,,,,,,,,,,,,,,,,,,,,,,,0,0,1,None,136.44889569998486,,,,,None,,3,,,2025.2.4,,,1,136.43782230000943,137.9363458000007,,,None,None,136.44876426662475,137.26618749997579,,,27,0,2026-08-08_20:31:15.996423,27,28,localizer,,None,,None,27,27,0,27,,,,,,door,,Tür,
141.1229907000088,142.25799589999951,1.13,,,1,142.2580626999843,142.25809819996357,,,fish,2,2,,,,,,,,,,,,,,,,,,,,,,,,,,,,,,None,,,None,2026-08-08_20h28.59.015,3,TSRlearn_localizer-concepts,2026-08-08 20h29.00.336696 +0200,,139.63537319999887,141.1366449999623,141.1366449999623,142.29149309999775,,,,60.03925365539914,138.87174629996298,139.63537319999887,,,138.84652309998637,139.62182150001172,,,fish\fish_03.png,,,,,,,,,,,,,,,,,,,,,,,0,0,1,None,139.63537319999887,,,,,None,,3,,,2025.2.4,,,1,139.62509180000052,141.12290539999958,,,None,None,139.63570436666876,140.5030247999821,,,28,0,2026-08-08_20:31:19.181863,28,29,localizer,,None,,None,28,28,0,28,,,,,,fish,,Fisch,
144.54309469996952,145.37722109997412,0.82,,,1,145.3772869000095,145.37732249998953,,,chair,8,8,,,,,,,,,,,,,,,,,,,,,,,,,,,,,,None,,,None,2026-08-08_20h28.59.015,7,TSRlearn_localizer-concepts,2026-08-08 20h29.00.336696 +0200,,143.05553750001127,144.55684529995779,144.55684529995779,145.4091027000104,,,,60.03925365539914,142.29149309999775,143.05553750001127,,,142.27411289996235,143.04183830000693,,,chair\chair_07.png,,,,,,,,,,,,,,,,,,,,,,,0,0,1,None,143.05553750001127,,,,,None,,3,,,2025.2.4,,,1,143.04534839995904,144.54302739998093,,,None,None,143.05569296662387,143.99190259998431,,,29,0,2026-08-08_20:31:22.601610,29,30,localizer,,None,,None,29,29,0,29,,,,,,chair,,Stuhl,
147.66349790000822,148.531787099957,0.86,,,1,148.53189409995684,148.5319399999571,,,book,7,7,,,,,,,,,,,,,,,,,,,,,,,,,,,,,,None,,,None,2026-08-08_20h28.59.015,4,TSRlearn_localizer-concepts,2026-08-08 20h29.00.336696 +0200,,146.1593652999727,147.66070089995628,147.67700099997455,148.58074909995776,,,,60.03925365539914,145.4091027000104,146.1593652999727,,,145.3897509999806,146.1466002999805,,,book\book_04.png,,,,,,,,,,,,,,,,,,,,,,,0,0,1,None,146.1593652999727,,,,,None,,3,,,2025.2.4,,,1,146.1512029999867,147.66342569998233,,,None,None,146.1591370666322,147.04290840000613,,,30,0,2026-08-08_20:31:25.719220,30,31,localizer,,None,,None,30,30,0,30,,,,,,book,,Buch,
150.83255759999156,151.63390630000504,0.8,,,1,151.63397399999667,151.63401189999422,,,rose,9,9,,,,,,,,,,,,,,,,,,,,,,,,,,,,,,None,,,None,2026-08-08_20h28.59.015,5,TSRlearn_localizer-concepts,2026-08-08 20h29.00.336696 +0200,,149.32911290001357,150.83007279998856,150.84671999997227,151.66572270001052,,,,60.03925365539914,148.58074909995776,149.32911290001357,,,148.57165389996953,149.31687959999545,,,rose\rose_05.png,,,,,,,,,,,,,,,,,,,,,,,0,0,1,None,149.32911290001357,,,,,None,,3,,,2025.2.4,,,1,149.3203861999791,150.83248979999917,,,None,None,149.33072356664732,150.26427970000077,,,31,0,2026-08-08_20:31:28.890866,31,32,localizer,,None,,None,31,31,0,31,,,,,,rose,,Rose,
153.90281519998098,154.73665159998927,0.83,,,1,154.73671729996568,154.73675209999783,,,door,4,4,,,,,,,,,,,,,,,,,,,,,,,,,,,,,,None,,,None,2026-08-08_20h28.59.015,1,TSRlearn_localizer-concepts,2026-08-08 20h29.00.336696 +0200,,152.41620639996836,153.91767080000136,153.91767080000136,154.7695160000003,,,,60.03925365539914,151.66572270001052,152.41620639996836,,,151.64836160000414,152.4008552999585,,,door\door_01.png,,,,,,,,,,,,,,,,,,,,,,,0,0,1,None,152.41620639996836,,,,,None,,3,,,2025.2.4,,,1,152.403975299967,153.90274589997716,,,None,None,152.41524526663514,153.24926299997605,,,32,0,2026-08-08_20:31:31.975840,32,33,localizer,,None,,None,32,32,0,32,,,,,,door,,Tür,
157.00537019997137,158.0065247999737,1,,,1,158.00658839999232,158.00662319996627,,,rose,9,9,,,,,,,,,,,,,,,,,,,,,,,,,,,,,,None,,,None,2026-08-08_20h28.59.015,7,TSRlearn_localizer-concepts,2026-08-08 20h29.00.336696 +0200,,155.51832949998789,157.01961239997763,157.01961239997763,158.04004190000705,,,,60.03925365539914,154.7695160000003,155.51832949998789,,,154.7570365999709,155.50443410000298,,,rose\rose_07.png,,,,,,,,,,,,,,,,,,,,,,,0,0,1,None,155.51832949998789,,,,,None,,3,,,2025.2.4,,,1,155.5079777999781,157.0053043999942,,,None,None,155.5185281666384,156.45294369995827,,,33,0,2026-08-08_20:31:35.079633,33,34,localizer,,None,,None,33,33,0,33,,,,,,rose,,Rose,
160.29284359997837,161.09290529997088,0.79,,,1,161.0929693999933,161.09300419996725,,,book,7,7,,,,,,,,,,,,,,,,,,,,,,,,,,,,,,None,,,None,2026-08-08_20h28.59.015,9,TSRlearn_localizer-concepts,2026-08-08 20h29.00.336696 +0200,,158.8052514999872,160.30655949999345,160.30655949999345,161.12526800000342,,,,60.03925365539914,158.04004190000705,158.8052514999872,,,158.02638599998318,158.79121549997944,,,book\book_09.png,,,,,,,,,,,,,,,,,,,,,,,0,0,1,None,158.8052514999872,,,,,None,,3,,,2025.2.4,,,1,158.79430569999386,160.29277489997912,,,None,None,158.80530876666697,159.67258789995685,,,34,0,2026-08-08_20:31:38.350159,34,35,localizer,,None,,None,34,34,0,34,,,,,,book,,Buch,
163.5786121999845,164.6797338000033,1.1,,,1,164.67979909997666,164.67983400000958,,,rose,9,8,,,,,,,,,,,,,,,,,,,,,,,,,,,,,,None,,,r,2026-08-08_20h28.59.015,4,TSRlearn_localizer-concepts,2026-08-08 20h29.00.336696 +0200,,161.8747735999641,163.59301049995702,163.59301049995702,164.71102509996854,,,,60.03925365539914,161.12526800000342,161.8747735999641,,,161.1167403999716,161.86046749999514,,,rose\rose_04.png,,,,,,,,,,,,,,,,,,,,,,,0,1,1,None,161.8747735999641,,,,,right,,3,,,2025.2.4,,,1,161.86358429997927,163.57854959997348,,,None,None,161.87480736663954,162.79228200000944,,,35,0,2026-08-08_20:31:41.435385,35,36,localizer,,None,,None,35,35,0,35,,,,,,chair,,Stuhl,
166.94887159997597,168.0502730999724,1.09,,,1,168.05034670000896,168.0503835999989,,,car,5,5,,,,,,,,,,,,,,,,,,,,,,,,,,,,,,None,,,None,2026-08-08_20h28.59.015,1,TSRlearn_localizer-concepts,2026-08-08 20h29.00.336696 +0200,,165.4616621999885,166.9630075999885,166.9630075999885,168.08374019997427,,,,60.03925365539914,164.71102509996854,165.4616621999885,,,164.68975109996973,165.4471297999844,,,car\car_01.png,,,,,,,,,,,,,,,,,,,,,,,0,0,1,None,165.4616621999885,,,,,None,,3,,,2025.2.4,,,1,165.45012059999863,166.948805299995,,,None,None,165.46160046663525,166.41274489997886,,,36,0,2026-08-08_20:31:45.021142,36,37,localizer,,None,,None,36,36,0,36,,,,,,car,,Auto,
170.33578500000294,171.2366496999748,0.89,,,1,171.2367149000056,171.23675079998793,,,saw,10,10,,,,,,,,,,,,,,,,,,,,,,,,,,,,,,None,,,None,2026-08-08_20h28.59.015,8,TSRlearn_localizer-concepts,2026-08-08 20h29.00.336696 +0200,,168.8486447999603,170.3498095999821,170.3498095999821,171.28934799996205,,,,60.03925365539914,168.08374019997427,168.8486447999603,,,168.07304009998916,168.83470199996373,,,saw\saw_08.png,,,,,,,,,,,,,,,,,,,,,,,0,0,1,None,168.8486447999603,,,,,None,,3,,,2025.2.4,,,1,168.83771220000926,170.33571839996148,,,None,None,168.84861386666697,169.80008359998465,,,37,0,2026-08-08_20:31:48.393857,37,38,localizer,,None,,None,37,37,0,37,,,,,,saw,,Säge,
173.53943259996595,174.62436710001202,1.08,,,1,174.62445519998437,174.62450209999224,,,fish,2,2,,,,,,,,,,,,,,,,,,,,,,,,,,,,,,None,,,None,2026-08-08_20h28.59.015,4,TSRlearn_localizer-concepts,2026-08-08 20h29.00.336696 +0200,,172.05178310000338,173.5534835999715,173.5534835999715,174.65734739997424,,,,60.03925365539914,171.28934799996205,172.05178310000338,,,171.27405469998484,172.03723049996188,,,fish\fish_04.png,,,,,,,,,,,,,,,,,,,,,,,0,0,1,None,172.05178310000338,,,,,None,,3,,,2025.2.4,,,1,172.04017130000284,173.5393613000051,,,None,None,172.05175526667543,172.91933090001112,,,38,0,2026-08-08_20:31:51.599465,38,39,localizer,,None,,None,38,38,0,38,,,,,,fish,,Fisch,
176.9092485999572,178.11046479997458,1.2,,,1,178.11053139995784,178.11056729999837,,,chair,8,8,,,,,,,,,,,,,,,,,,,,,,,,,,,,,,None,,,None,2026-08-08_20h28.59.015,4,TSRlearn_localizer-concepts,2026-08-08 20h29.00.336696 +0200,,175.4218217000016,176.9240550000104,176.9240550000104,178.2191737999674,,,,60.03925365539914,174.65734739997424,175.4218217000016,,,174.6440500000026,175.40735609998228,,,chair\chair_04.png,,,,,,,,,,,,,,,,,,,,,,,0,0,1,None,175.4218217000016,,,,,None,,3,,,2025.2.4,,,1,175.41070149996085,176.9091836999869,,,None,None,175.42181636667036,176.35604149999563,,,39,0,2026-08-08_20:31:54.967464,39,40,localizer,,None,,None,39,39,0,39,,,,,,chair,,Stuhl,
180.46307599998545,181.43010459997458,0.96,,,1,181.4301689999993,181.43020349997096,,,fish,2,2,,,,,,,,,,,,,,,,,,,,,,,,,,,,,,None,,,None,2026-08-08_20h28.59.015,2,TSRlearn_localizer-concepts,2026-08-08 20h29.00.336696 +0200,,178.97544010001002,180.47712170000887,180.47712170000887,181.46381340001244,,,,60.03925365539914,178.2191737999674,178.97544010001002,,,178.19065199996112,178.9614433000097,,,fish\fish_02.png,,,,,,,,,,,,,,,,,,,,,,,0,0,1,None,178.97544010001002,,,,,None,,3,,,2025.2.4,,,1,178.9645285999868,180.4630064999801,,,None,None,178.97568556666764,179.85981990001164,,,40,0,2026-08-08_20:31:58.529291,40,41,localizer,,None,,None,40,40,0,40,,,,,,fish,,Fisch,
183.7170503999805,184.55068360001314,0.83,,,1,184.55075469997246,184.55079409998143,,,saw,10,10,,,,,,,,,,,,,,,,,,,,,,,,,,,,,,None,,,None,2026-08-08_20h28.59.015,10,TSRlearn_localizer-concepts,2026-08-08 20h29.00.336696 +0200,,182.22900270001264,183.7306870999746,183.7306870999746,184.5829928999883,,,,60.03925365539914,181.46381340001244,182.22900270001264,,,181.44899149995763,182.21490939997602,,,saw\saw_10.png,,,,,,,,,,,,,,,,,,,,,,,0,0,1,None,182.22900270001264,,,,,None,,3,,,2025.2.4,,,1,182.21810229995754,183.71696819999488,,,None,None,182.22894366667995,183.18010549998144,,,41,0,2026-08-08_20:32:01.773930,41,42,localizer,,None,,None,41,41,0,41,,,,,,saw,,Säge,
187.0209312000079,188.03783879999537,1.01,,,1,188.03790429997025,188.03793880000012,,,book,7,5,,,,,,,,,,,,,,,,,,,,,,,,,,,,,,None,,,r,2026-08-08_20h28.59.015,1,TSRlearn_localizer-concepts,2026-08-08 20h29.00.336696 +0200,,185.33374199998798,187.03387769998517,187.03387769998517,188.07001359999413,,,,60.03925365539914,184.5829928999883,185.33374199998798,,,184.57067439996172,185.31918880000012,,,book\book_01.png,,,,,,,,,,,,,,,,,,,,,,,0,1,1,None,185.33374199998798,,,,,right,,3,,,2025.2.4,,,1,185.32242769998265,187.02086769999005,,,None,None,185.33345676667912,186.2827011999907,,,42,0,2026-08-08_20:32:04.893110,42,43,localizer,,None,,None,42,42,0,42,,,,,,car,,Auto,
190.32298599998467,191.44058509997558,1.11,,,1,191.44065030000638,191.44068499997957,,,ball,6,6,,,,,,,,,,,,,,,,,,,,,,,,,,,,,,None,,,None,2026-08-08_20h28.59.015,10,TSRlearn_localizer-concepts,2026-08-08 20h29.00.336696 +0200,,188.83557100000326,190.33700100000715,190.33700100000715,191.47343670000555,,,,60.03925365539914,188.07001359999413,188.83557100000326,,,188.04839299997548,188.8218896999606,,,ball\ball_10.png,,,,,,,,,,,,,,,,,,,,,,,0,0,1,None,188.83557100000326,,,,,None,,3,,,2025.2.4,,,1,188.82474399998318,190.32291950000217,,,None,None,188.83601516666047,189.61979679996148,,,43,0,2026-08-08_20:32:08.380131,43,44,localizer,,None,,None,43,43,0,43,,,,,,ball,,Ball,
193.72627599997213,194.727270399977,0.99,,,1,194.72733510000398,194.72736949997488,,,dress,3,3,,,,,,,,,,,,,,,,,,,,,,,,,,,,,,None,,,None,2026-08-08_20h28.59.015,1,TSRlearn_localizer-concepts,2026-08-08 20h29.00.336696 +0200,,192.23915899998974,193.74034159997245,193.74034159997245,194.75927029998275,,,,60.03925365539914,191.47343670000555,192.23915899998974,,,191.4542020999943,192.22515569999814,,,dress\dress_01.png,,,,,,,,,,,,,,,,,,,,,,,0,0,1,None,192.23915899998974,,,,,None,,3,,,2025.2.4,,,1,192.22816960001364,193.7262117000064,,,None,None,192.23924686666967,193.19027209997876,,,44,0,2026-08-08_20:32:11.783554,44,45,localizer,,None,,None,44,44,0,44,,,,,,dress,,Kleid,
196.99660889996449,198.03092439996544,1.03,,,1,198.03099189995555,198.0310271999915,,,car,5,5,,,,,,,,,,,,,,,,,,,,,,,,,,,,,,None,,,None,2026-08-08_20h28.59.015,2,TSRlearn_localizer-concepts,2026-08-08 20h29.00.336696 +0200,,195.5094618999865,197.0106044000131,197.0106044000131,198.10003979998874,,,,60.03925365539914,194.75927029998275,195.5094618999865,,,194.73979799996596,195.4949709000066,,,car\car_02.png,,,,,,,,,,,,,,,,,,,,,,,0,0,1,None,195.5094618999865,,,,,None,,3,,,2025.2.4,,,1,195.49821779999183,196.99654349999037,,,None,None,195.5092605666762,196.46002050000243,,,45,0,2026-08-08_20:32:15.069387,45,46,localizer,,None,,None,45,45,0,45,,,,,,car,,Auto,
200.35018409998156,201.30064709996805,0.95,,,1,201.30071209999733,201.30074539995985,,,fish,2,2,,,,,,,,,,,,,,,,,,,,,,,,,,,,,,None,,,None,2026-08-08_20h28.59.015,7,TSRlearn_localizer-concepts,2026-08-08 20h29.00.336696 +0200,,198.86252039996907,200.3638889999711,200.3638889999711,201.3525761999772,,,,60.03925365539914,198.10003979998874,198.86252039996907,,,198.07467110001016,198.84798449999653,,,fish\fish_07.png,,,,,,,,,,,,,,,,,,,,,,,0,0,1,None,198.86252039996907,,,,,None,,3,,,2025.2.4,,,1,198.85095459996955,200.35011870000744,,,None,None,198.86246876663452,199.72991900000488,,,46,0,2026-08-08_20:32:18.410157,46,47,localizer,,None,,None,46,46,0,46,,,,,,fish,,Fisch,
203.6030410999665,204.5372699999716,0.92,,,1,204.53733719995944,204.53737279999768,,,door,4,4,,,,,,,,,,,,,,,,,,,,,,,,,,,,,,None,,,None,2026-08-08_20h28.59.015,3,TSRlearn_localizer-concepts,2026-08-08 20h29.00.336696 +0200,,202.11564309999812,203.61703059996944,203.61703059996944,204.57060169999022,,,,60.03925365539914,201.3525761999772,202.11564309999812,,,201.33368979999796,202.10138569999253,,,door\door_03.png,,,,,,,,,,,,,,,,,,,,,,,0,0,1,None,202.11564309999812,,,,,None,,3,,,2025.2.4,,,1,202.10433359997114,203.6029740999802,,,None,None,202.1157582666531,202.95123949996196,,,47,0,2026-08-08_20:32:21.662693,47,48,localizer,,None,,None,47,47,0,47,,,,,,door,,Tür,
206.82301769999322,207.95758250000654,1.13,,,1,207.95764609996695,207.9576812000014,,,bag,1,1,,,,,,,,,,,,,,,,,,,,,,,,,,,,,,None,,,None,2026-08-08_20h28.59.015,9,TSRlearn_localizer-concepts,2026-08-08 20h29.00.336696 +0200,,205.33578309998848,206.83739040000364,206.83739040000364,207.99087049998343,,,,60.03925365539914,204.57060169999022,205.33578309998848,,,204.55405909998808,205.3220922999899,,,bag\bag_09.png,,,,,,,,,,,,,,,,,,,,,,,0,0,1,None,205.33578309998848,,,,,None,,3,,,2025.2.4,,,1,205.32490080001298,206.82294899999397,,,None,None,205.33618436666828,206.23749719996704,,,48,0,2026-08-08_20:32:24.880719,48,49,localizer,,None,,None,48,48,0,48,,,,,,bag,,Tasche,
210.22745529998792,211.16127659997437,0.93,,,1,211.1613432999584,226.74393329996383,211.17531959997723,226.19066739996197,ball,6,6,,,,,,,,,,,,,,,,,,,,,,,,,,,,,0.08983179996721447,r,0.47750799998175353,226.17409559997031,None,2026-08-08_20h28.59.015,1,TSRlearn_localizer-concepts,2026-08-08 20h29.00.336696 +0200,,208.73974009999074,210.24125189997721,210.24125189997721,211.17531959997723,,,,60.03925365539914,207.99087049998343,208.73974009999074,,,207.97311949997675,208.7261182999937,,,ball\ball_01.png,226.17409559997031,,,,,,,,,,,,,,,,,,,,,,0,0,1,None,208.73974009999074,,,,,None,,3,211.17531959997723,226.19066739996197,2025.2.4,,,1,208.7298544999794,210.22738589998335,,,None,None,208.73995476664666,209.5242400999996,,,49,0,2026-08-08_20:32:28.300987,49,50,localizer,0.08983179996721447,r,0.47750799998175353,None,49,49,0,49,,,,,,ball,,Ball,
229.0453598999884,230.12957029999234,1.07,,,2,230.13357149995863,230.13361570000416,,,dress,3,3,,,,,,,,,,,,,,,,,,,,,,,,,,,,,,None,,,None,2026-08-08_20h28.59.015,7,TSRlearn_localizer-concepts,2026-08-08 20h29.00.336696 +0200,,227.55903389997547,229.059704699961,229.059704699961,230.1632629999658,,,,60.03925365539914,226.79427389998455,227.55903389997547,,,226.7714558999869,227.5444553999696,,,dress\dress_07.png,,,,,,,,,,,,,,,,,,,,,,,0,0,1,None,227.55903389997547,,,,,None,,3,,,2025.2.4,,,1,227.547666199971,229.04529819998425,,,None,None,227.5586485666611,228.509491099976,,,50,0,2026-08-08_20:32:47.104391,50,1,localizer,,None,,None,50,50,0,50,,,,,,dress,,Kleid,
232.41620279999916,233.233429099957,0.81,,,2,233.23349549999693,233.2335299999686,,,book,7,7,,,,,,,,,,,,,,,,,,,,,,,,,,,,,,None,,,None,2026-08-08_20h28.59.015,3,TSRlearn_localizer-concepts,2026-08-08 20h29.00.336696 +0200,,230.92891620000592,232.43024389998754,232.43024389998754,233.28503089997685,,,,60.03925365539914,230.1632629999658,230.92891620000592,,,230.1509675999987,230.9149312999798,,,book\book_03.png,,,,,,,,,,,,,,,,,,,,,,,0,0,1,None,230.92891620000592,,,,,None,,3,,,2025.2.4,,,1,230.9176670999732,232.4161363999592,,,None,None,230.92892046663135,231.7958423999953,,,51,0,2026-08-08_20:32:50.473380,51,2,localizer,,None,,None,51,51,0,51,,,,,,book,,Buch,
235.53555989998858,236.68593689997215,1.15,,,2,236.68599839997478,236.6860301999841,,,dress,3,3,,,,,,,,,,,,,,,,,,,,,,,,,,,,,,None,,,None,2026-08-08_20h28.59.015,3,TSRlearn_localizer-concepts,2026-08-08 20h29.00.336696 +0200,,234.0483851999743,235.54991179995704,235.54991179995704,236.71939649997512,,,,60.03925365539914,233.28503089997685,234.0483851999743,,,233.26342909998493,234.0338436999591,,,dress\dress_03.png,,,,,,,,,,,,,,,,,,,,,,,0,0,1,None,234.0483851999743,,,,,None,,3,,,2025.2.4,,,1,234.03653169999598,235.5354961999692,,,None,None,234.04835676664177,234.99944829999004,,,52,0,2026-08-08_20:32:53.595148,52,3,localizer,,None,,None,52,52,0,52,,,,,,dress,,Kleid,
239.1558076000074,240.20673039997928,1.04,,,2,240.20679159997962,240.20682409999426,,,bag,1,4,,,,,,,,,,,,,,,,,,,,,,,,,,,,,,None,,,r,2026-08-08_20h28.59.015,5,TSRlearn_localizer-concepts,2026-08-08 20h29.00.336696 +0200,,237.46852679998847,239.17012979998253,239.17012979998253,240.24038609996205,,,,60.03925365539914,236.71939649997512,237.46852679998847,,,236.69841939996695,237.4538478999748,,,bag\bag_05.png,,,,,,,,,,,,,,,,,,,,,,,0,1,1,None,237.46852679998847,,,,,left,,3,,,2025.2.4,,,1,237.45640239998465,239.15574710001238,,,None,None,237.4685155666705,238.28615529998206,,,53,0,2026-08-08_20:32:57.029514,53,4,localizer,,None,,None,53,53,0,53,,,,,,door,,Tür,
242.49272739997832,243.6105896999943,1.11,,,2,243.61065809999127,243.6106936999713,,,rose,9,9,,,,,,,,,,,,,,,,,,,,,,,,,,,,,,None,,,None,2026-08-08_20h28.59.015,1,TSRlearn_localizer-concepts,2026-08-08 20h29.00.336696 +0200,,241.00564300001133,242.5076015999657,242.5076015999657,243.64325769996503,,,,60.03925365539914,240.24038609996205,241.00564300001133,,,240.22624930000165,240.99169910000637,,,rose\rose_01.png,,,,,,,,,,,,,,,,,,,,,,,0,0,1,None,241.00564300001133,,,,,None,,3,,,2025.2.4,,,1,240.9952689000056,242.49266469996655,,,None,None,241.00572616665548,241.92320419999305,,,54,0,2026-08-08_20:33:00.550503,54,5,localizer,,None,,None,54,54,0,54,,,,,,rose,,Rose,
245.88065199996345,247.0809440999874,1.19,,,2,247.08101099997293,247.08104640000965,,,chair,8,8,,,,,,,,,,,,,,,,,,,,,,,,,,,,,,None,,,None,2026-08-08_20h28.59.015,1,TSRlearn_localizer-concepts,2026-08-08 20h29.00.336696 +0200,,244.39263159997063,245.89401109999744,245.89401109999744,247.1133339999942,,,,60.03925365539914,243.64325769996503,244.39263159997063,,,243.62746369995875,244.37845640000887,,,chair\chair_01.png,,,,,,,,,,,,,,,,,,,,,,,0,0,1,None,244.39263159997063,,,,,None,,3,,,2025.2.4,,,1,244.38183079997543,245.88057909999043,,,None,None,244.3924805666359,245.30973049998283,,,55,0,2026-08-08_20:33:03.953375,55,6,localizer,,None,,None,55,55,0,55,,,,,,chair,,Stuhl,
249.350119300012,250.23338449996663,0.88,,,2,250.23344529996393,250.2334766999702,,,rose,9,9,,,,,,,,,,,,,,,,,,,,,,,,,,,,,,None,,,None,2026-08-08_20h28.59.015,8,TSRlearn_localizer-concepts,2026-08-08 20h29.00.336696 +0200,,247.8629237000132,249.3643489999813,249.3643489999813,250.2863222999731,,,,60.03925365539914,247.1133339999942,247.8629237000132,,,247.10362780001014,247.84808500000509,,,rose\rose_08.png,,,,,,,,,,,,,,,,,,,,,,,0,0,1,None,247.8629237000132,,,,,None,,3,,,2025.2.4,,,1,247.85110129998066,249.35005239996826,,,None,None,247.8626294666358,248.79667619999964,,,56,0,2026-08-08_20:33:07.423451,56,7,localizer,,None,,None,56,56,0,56,,,,,,rose,,Rose,
252.53647200000705,253.57019429997308,1.02,,,2,253.5702565999818,253.57028929999797,,,chair,8,8,,,,,,,,,,,,,,,,,,,,,,,,,,,,,,None,,,None,2026-08-08_20h28.59.015,2,TSRlearn_localizer-concepts,2026-08-08 20h29.00.336696 +0200,,251.04927199997474,252.55056840000907,252.55056840000907,253.60502329998417,,,,60.03925365539914,250.2863222999731,251.04927199997474,,,250.26698909996776,251.03465709998272,,,chair\chair_02.png,,,,,,,,,,,,,,,,,,,,,,,0,0,1,None,251.04927199997474,,,,,None,,3,,,2025.2.4,,,1,251.0375985999708,252.53640779998386,,,None,None,251.049177366662,251.966796099965,,,57,0,2026-08-08_20:33:10.596439,57,8,localizer,,None,,None,57,57,0,57,,,,,,chair,,Stuhl,
255.85713819996454,256.94058980001137,1.07,,,2,256.94065169995883,256.9406835999689,,,car,5,5,,,,,,,,,,,,,,,,,,,,,,,,,,,,,,None,,,None,2026-08-08_20h28.59.015,4,TSRlearn_localizer-concepts,2026-08-08 20h29.00.336696 +0200,,254.36937559995567,255.8708815999562,255.8708815999562,256.9733857999672,,,,60.03925365539914,253.60502329998417,254.36937559995567,,,253.58356589998584,254.35497599997325,,,car\car_04.png,,,,,,,,,,,,,,,,,,,,,,,0,0,1,None,254.36937559995567,,,,,None,,3,,,2025.2.4,,,1,254.35827699996298,255.85704139998415,,,None,None,254.3693449666646,255.32018039998366,,,58,0,2026-08-08_20:33:13.915140,58,9,localizer,,None,,None,58,58,0,58,,,,,,car,,Auto,
259.2109677999979,260.24431049998384,1.02,,,2,260.2443742000032,260.2444075999665,,,saw,10,10,,,,,,,,,,,,,,,,,,,,,,,,,,,,,,None,,,None,2026-08-08_20h28.59.015,6,TSRlearn_localizer-concepts,2026-08-08 20h29.00.336696 +0200,,257.7227894999669,259.22437119996175,259.22437119996175,260.2773312999634,,,,60.03925365539914,256.9733857999672,257.7227894999669,,,256.9515622999752,257.7086066000047,,,saw\saw_06.png,,,,,,,,,,,,,,,,,,,,,,,0,0,1,None,257.7227894999669,,,,,None,,3,,,2025.2.4,,,1,257.7115451999707,259.2108963999781,,,None,None,257.72276676667775,258.67365020001307,,,59,0,2026-08-08_20:33:17.283503,59,10,localizer,,None,,None,59,59,0,59,,,,,,saw,,Säge,
262.53044910001336,263.34708769997815,0.81,,,2,263.3471495999838,263.34718209999846,,,car,5,5,,,,,,,,,,,,,,,,,,,,,,,,,,,,,,None,,,None,2026-08-08_20h28.59.015,8,TSRlearn_localizer-concepts,2026-08-08 20h29.00.336696 +0200,,261.04260899999645,262.54450989997713,262.54450989997713,263.3817948999931,,,,60.03925365539914,260.2773312999634,261.04260899999645,,,260.26127439999254,261.0277580000111,,,car\car_08.png,,,,,,,,,,,,,,,,,,,,,,,0,0,1,None,261.04260899999645,,,,,None,,3,,,2025.2.4,,,1,261.03050839999923,262.5303754999768,,,None,None,261.0425425666656,261.99360409996007,,,60,0,2026-08-08_20:33:20.587448,60,11,localizer,,None,,None,60,60,0,60,,,,,,car,,Auto,
265.63355929998215,266.6169665000052,0.98,,,2,266.6170279000071,266.61706009996124,,,bag,1,1,,,,,,,,,,,,,,,,,,,,,,,,,,,,,,None,,,None,2026-08-08_20h28.59.015,3,TSRlearn_localizer-concepts,2026-08-08 20h29.00.336696 +0200,,264.14578929997515,265.64740759995766,265.64740759995766,266.649179,,,,60.03925365539914,263.3817948999931,264.14578929997515,,,263.36854180000955,264.131799899973,,,bag\bag_03.png,,,,,,,,,,,,,,,,,,,,,,,0,0,1,None,264.14578929997515,,,,,None,,3,,,2025.2.4,,,1,264.13461079995614,265.6334930000012,,,None,None,264.1460051666402,265.04673389997333,,,61,0,2026-08-08_20:33:23.691912,61,12,localizer,,None,,None,61,61,0,61,,,,,,bag,,Tasche,
268.887929599965,270.05493209999986,1.16,,,2,270.0550180999562,270.0550576999667,,,door,4,4,,,,,,,,,,,,,,,,,,,,,,,,,,,,,,None,,,None,2026-08-08_20h28.59.015,10,TSRlearn_localizer-concepts,2026-08-08 20h29.00.336696 +0200,,267.39949499996146,268.9010997999576,268.9010997999576,270.10591099999147,,,,60.03925365539914,266.649179,267.39949499996146,,,266.627428399981,267.3856437999639,,,door\door_10.png,,,,,,,,,,,,,,,,,,,,,,,0,0,1,None,267.39949499996146,,,,,None,,3,,,2025.2.4,,,1,267.3884813999757,268.88784869998926,,,None,None,267.3998119666396,268.2167207999737,,,62,0,2026-08-08_20:33:26.959296,62,13,localizer,,None,,None,62,62,0,62,,,,,,door,,Tür,
272.35765069996705,273.4909530999721,1.13,,,2,273.4910151999793,273.49104850000003,,,rose,9,9,,,,,,,,,,,,,,,,,,,,,,,,,,,,,,None,,,None,2026-08-08_20h28.59.015,9,TSRlearn_localizer-concepts,2026-08-08 20h29.00.336696 +0200,,270.8694934999803,272.37141439999687,272.37141439999687,273.5240133999614,,,,60.03925365539914,270.10591099999147,270.8694934999803,,,270.08076360000996,270.8549385999795,,,rose\rose_09.png,,,,,,,,,,,,,,,,,,,,,,,0,0,1,None,270.8694934999803,,,,,None,,3,,,2025.2.4,,,1,270.85793200001353,272.35758209996857,,,None,None,270.86927026667786,271.80433239997365,,,63,0,2026-08-08_20:33:30.416028,63,14,localizer,,None,,None,63,63,0,63,,,,,,rose,,Rose,
275.7607776999939,276.71080229996005,0.95,,,2,276.71086829999695,276.71090169996023,,,bag,1,1,,,,,,,,,,,,,,,,,,,,,,,,,,,,,,None,,,None,2026-08-08_20h28.59.015,7,TSRlearn_localizer-concepts,2026-08-08 20h29.00.336696 +0200,,274.27303709997796,275.7741298999754,275.7741298999754,276.76407299999846,,,,60.03925365539914,273.5240133999614,274.27303709997796,,,273.5061172999558,274.2584327000077,,,bag\bag_07.png,,,,,,,,,,,,,,,,,,,,,,,0,0,1,None,274.27303709997796,,,,,None,,3,,,2025.2.4,,,1,274.261019699974,275.76069849997293,,,None,None,274.27308976662266,275.1739086000016,,,64,0,2026-08-08_20:33:33.834130,64,15,localizer,,None,,None,64,64,0,64,,,,,,bag,,Tasche,
279.2298769999761,280.2475057999836,1.01,,,2,280.2475682999939,280.2475995999994,,,chair,8,3,,,,,,,,,,,,,,,,,,,,,,,,,,,,,,None,,,r,2026-08-08_20h28.59.015,8,TSRlearn_localizer-concepts,2026-08-08 20h29.00.336696 +0200,,277.52658889995655,279.2445418999996,279.2445418999996,280.28113969997503,,,,60.03925365539914,276.76407299999846,277.52658889995655,,,276.74393200001214,277.512952799967,,,chair\chair_08.png,,,,,,,,,,,,,,,,,,,,,,,0,1,1,None,277.52658889995655,,,,,left,,3,,,2025.2.4,,,1,277.5161812999868,279.2298174999887,,,None,None,277.5266548666443,278.4773290999583,,,65,0,2026-08-08_20:33:37.074190,65,16,localizer,,None,,None,65,65,0,65,,,,,,dress,,Kleid,
282.5334946999792,283.76795939996373,1.23,,,2,283.76802399998996,283.76805919996696,,,fish,2,2,,,,,,,,,,,,,,,,,,,,,,,,,,,,,,None,,,None,2026-08-08_20h28.59.015,5,TSRlearn_localizer-concepts,2026-08-08 20h29.00.336696 +0200,,281.0463015999994,282.54780709999613,282.54780709999613,283.80095889995573,,,,60.03925365539914,280.28113969997503,281.0463015999994,,,280.2630347000086,281.032187099976,,,fish\fish_05.png,,,,,,,,,,,,,,,,,,,,,,,0,0,1,None,281.0463015999994,,,,,None,,3,,,2025.2.4,,,1,281.03527769999346,282.5334310999606,,,None,None,281.0466322666655,281.9313438999816,,,66,0,2026-08-08_20:33:40.591257,66,17,localizer,,None,,None,66,66,0,66,,,,,,fish,,Fisch,
286.0377845999901,287.2389725999674,1.2,,,2,287.23904099996435,287.23907640000107,,,chair,8,8,,,,,,,,,,,,,,,,,,,,,,,,,,,,,,None,,,None,2026-08-08_20h28.59.015,9,TSRlearn_localizer-concepts,2026-08-08 20h29.00.336696 +0200,,284.5502735999762,286.05148719996214,286.05148719996214,287.27160269999877,,,,60.03925365539914,283.80095889995573,284.5502735999762,,,283.7842099000118,284.5362167999847,,,chair\chair_09.png,,,,,,,,,,,,,,,,,,,,,,,0,0,1,None,284.5502735999762,,,,,None,,3,,,2025.2.4,,,1,284.5395203999942,286.0377193999593,,,None,None,284.5503024666725,285.46791109995684,,,67,0,2026-08-08_20:33:44.111076,67,18,localizer,,None,,None,67,67,0,67,,,,,,chair,,Stuhl,
289.5245980999898,290.4579524999717,0.93,,,2,290.45801319996826,290.4580448999768,,,saw,10,10,,,,,,,,,,,,,,,,,,,,,,,,,,,,,,None,,,None,2026-08-08_20h28.59.015,3,TSRlearn_localizer-concepts,2026-08-08 20h29.00.336696 +0200,,288.036887699971,289.53862249996746,289.53862249996746,290.4911352999625,,,,60.03925365539914,287.27160269999877,288.036887699971,,,287.25471329997526,288.02228009997634,,,saw\saw_03.png,,,,,,,,,,,,,,,,,,,,,,,0,0,1,None,288.036887699971,,,,,None,,3,,,2025.2.4,,,1,288.0249851999688,289.5245311000035,,,None,None,288.0367832666418,288.98762939998414,,,68,0,2026-08-08_20:33:47.581720,68,19,localizer,,None,,None,68,68,0,68,,,,,,saw,,Säge,
292.7438461999991,293.5278195999563,0.77,,,2,293.5278826999711,293.52791489998344,,,ball,6,6,,,,,,,,,,,,,,,,,,,,,,,,,,,,,,None,,,None,2026-08-08_20h28.59.015,9,TSRlearn_localizer-concepts,2026-08-08 20h29.00.336696 +0200,,291.2568466999801,292.7581624999875,292.7581624999875,293.56007559999125,,,,60.03925365539914,290.4911352999625,291.2568466999801,,,290.47247789998073,291.2422445999691,,,ball\ball_09.png,,,,,,,,,,,,,,,,,,,,,,,0,0,1,None,291.2568466999801,,,,,None,,3,,,2025.2.4,,,1,291.2448938000016,292.74378339998657,,,None,None,291.25682726665787,292.04193629999645,,,69,0,2026-08-08_20:33:50.801252,69,20,localizer,,None,,None,69,69,0,69,,,,,,ball,,Ball,
295.7978074999992,296.88215570000466,1.08,,,2,296.8822242000024,296.8822592999786,,,saw,10,10,,,,,,,,,,,,,,,,,,,,,,,,,,,,,,None,,,None,2026-08-08_20h28.59.015,9,TSRlearn_localizer-concepts,2026-08-08 20h29.00.336696 +0200,,294.3102238999563,295.81156269996427,295.81156269996427,296.93374700000277,,,,60.03925365539914,293.56007559999125,294.3102238999563,,,293.5380821999861,294.2960679999669,,,saw\saw_09.png,,,,,,,,,,,,,,,,,,,,,,,0,0,1,None,294.3102238999563,,,,,None,,3,,,2025.2.4,,,1,294.29902619996574,295.7977413999615,,,None,None,294.31033066666373,295.26113569998415,,,70,0,2026-08-08_20:33:53.870193,70,21,localizer,,None,,None,70,70,0,70,,,,,,saw,,Säge,
299.1858443999663,300.0008557999972,0.81,,,2,300.00091649999376,300.0009482000023,,,fish,2,2,,,,,,,,,,,,,,,,,,,,,,,,,,,,,,None,,,None,2026-08-08_20h28.59.015,9,TSRlearn_localizer-concepts,2026-08-08 20h29.00.336696 +0200,,297.696909899998,299.1985996000003,299.1985996000003,300.0346377000096,,,,60.03925365539914,296.93374700000277,297.696909899998,,,296.9232447000104,297.68201539997244,,,fish\fish_09.png,,,,,,,,,,,,,,,,,,,,,,,0,0,1,None,297.696909899998,,,,,None,,3,,,2025.2.4,,,1,297.6845975999604,299.1857744999579,,,None,None,297.6967390666289,298.5809522999916,,,71,0,2026-08-08_20:33:57.243864,71,22,localizer,,None,,None,71,71,0,71,,,,,,fish,,Fisch,
302.2871051999973,303.321251699992,1.03,,,2,303.3213148000068,303.321347399964,,,dress,3,3,,,,,,,,,,,,,,,,,,,,,,,,,,,,,,None,,,None,2026-08-08_20h28.59.015,10,TSRlearn_localizer-concepts,2026-08-08 20h29.00.336696 +0200,,300.7998634999967,302.3013449999853,302.3013449999853,303.3547288000118,,,,60.03925365539914,300.0346377000096,300.7998634999967,,,300.0188631999772,300.7852023000014,,,dress\dress_10.png,,,,,,,,,,,,,,,,,,,,,,,0,0,1,None,300.7998634999967,,,,,None,,3,,,2025.2.4,,,1,300.78790170000866,302.28704019996803,,,None,None,300.79984466667906,301.7349426999572,,,72,0,2026-08-08_20:34:00.344755,72,23,localizer,,None,,None,72,72,0,72,,,,,,dress,,Kleid,
305.608418799995,306.65910900000017,1.04,,,2,306.6591782000032,306.6592151999939,,,book,7,7,,,,,,,,,,,,,,,,,,,,,,,,,,,,,,None,,,None,2026-08-08_20h28.59.015,2,TSRlearn_localizer-concepts,2026-08-08 20h29.00.336696 +0200,,304.12007219996303,305.62179239996476,305.62179239996476,306.69230419996893,,,,60.03925365539914,303.3547288000118,304.12007219996303,,,303.3397622999619,304.1058304999606,,,book\book_02.png,,,,,,,,,,,,,,,,,,,,,,,0,0,1,None,304.12007219996303,,,,,None,,3,,,2025.2.4,,,1,304.1086875000037,305.60835130000487,,,None,None,304.1201743666354,305.0044622999849,,,73,0,2026-08-08_20:34:03.664846,73,24,localizer,,None,,None,73,73,0,73,,,,,,book,,Buch,
308.94549740001094,309.8278975999565,0.88,,,2,309.82796009996673,309.827993599989,,,dress,3,3,,,,,,,,,,,,,,,,,,,,,,,,,,,,,,None,,,None,2026-08-08_20h28.59.015,8,TSRlearn_localizer-concepts,2026-08-08 20h29.00.336696 +0200,,307.4568954000133,308.95861889998196,308.95861889998196,310.0382696999586,,,,60.03925365539914,306.69230419996893,307.4568954000133,,,306.6825130999787,307.4426312999567,,,dress\dress_08.png,,,,,,,,,,,,,,,,,,,,,,,0,0,1,None,307.4568954000133,,,,,None,,3,,,2025.2.4,,,1,307.44543139997404,308.9454229999683,,,None,None,307.4566999666315,308.4075943999924,,,74,0,2026-08-08_20:34:07.002421,74,25,localizer,,None,,None,74,74,0,74,,,,,,dress,,Kleid,
312.28117689996725,313.5336658000015,1.24,,,2,313.53374139999505,313.53377999999793,,,ball,6,6,,,,,,,,,,,,,,,,,,,,,,,,,,,,,,None,,,None,2026-08-08_20h28.59.015,7,TSRlearn_localizer-concepts,2026-08-08 20h29.00.336696 +0200,,310.7934636999853,312.2951468999963,312.2951468999963,313.5852931999834,,,,60.03925365539914,310.0382696999586,310.7934636999853,,,309.99224299995694,310.7790926999878,,,ball\ball_07.png,,,,,,,,,,,,,,,,,,,,,,,0,0,1,None,310.7934636999853,,,,,None,,3,,,2025.2.4,,,1,310.7822288000025,312.28111119999085,,,None,None,310.7936514666692,311.57801749999635,,,75,0,2026-08-08_20:34:10.348387,75,26,localizer,,None,,None,75,75,0,75,,,,,,ball,,Ball,
315.8343908999814,316.96894910000265,1.12,,,2,316.9690167999943,316.9690523999743,,,door,4,4,,,,,,,,,,,,,,,,,,,,,,,,,,,,,,None,,,None,2026-08-08_20h28.59.015,9,TSRlearn_localizer-concepts,2026-08-08 20h29.00.336696 +0200,,314.3474235999747,315.84860669996124,315.84860669996124,317.0024078999995,,,,60.03925365539914,313.5852931999834,314.3474235999747,,,313.5621195999556,314.333671499975,,,door\door_09.png,,,,,,,,,,,,,,,,,,,,,,,0,0,1,None,314.3474235999747,,,,,None,,3,,,2025.2.4,,,1,314.3365965000121,315.8343274999643,,,None,None,314.3478455666375,315.16478499997174,,,76,0,2026-08-08_20:34:13.895410,76,27,localizer,,None,,None,76,76,0,76,,,,,,door,,Tür,
319.2546314999927,320.1555942000123,0.9,,,2,320.1556611999986,320.1556965999771,,,book,7,7,,,,,,,,,,,,,,,,,,,,,,,,,,,,,,None,,,None,2026-08-08_20h28.59.015,10,TSRlearn_localizer-concepts,2026-08-08 20h29.00.336696 +0200,,317.76750009995885,319.2686727999826,319.2686727999826,320.20869549998315,,,,60.03925365539914,317.0024078999995,317.76750009995885,,,316.98777249996783,317.75345179997385,,,book\book_10.png,,,,,,,,,,,,,,,,,,,,,,,0,0,1,None,317.76750009995885,,,,,None,,3,,,2025.2.4,,,1,317.7563250999665,319.25456869998015,,,None,None,317.76764466666305,318.6346840999904,,,77,0,2026-08-08_20:34:17.312525,77,28,localizer,,None,,None,77,77,0,77,,,,,,book,,Buch,
322.4586352999904,323.458602299972,0.99,,,2,323.45867429999635,323.45870889996877,,,ball,6,6,,,,,,,,,,,,,,,,,,,,,,,,,,,,,,None,,,None,2026-08-08_20h28.59.015,4,TSRlearn_localizer-concepts,2026-08-08 20h29.00.336696 +0200,,320.97064269997645,322.4723735000007,322.4723735000007,323.4920648999978,,,,60.03925365539914,320.20869549998315,320.97064269997645,,,320.18803439999465,320.9559199999785,,,ball\ball_04.png,,,,,,,,,,,,,,,,,,,,,,,0,0,1,None,320.97064269997645,,,,,None,,3,,,2025.2.4,,,1,320.95922049996443,322.4585683000041,,,None,None,320.9705702666581,321.7378313000081,,,78,0,2026-08-08_20:34:20.518812,78,29,localizer,,None,,None,78,78,0,78,,,,,,ball,,Ball,
325.9608414999675,327.1456632000045,1.18,,,2,327.1457262999611,327.145758699975,,,saw,10,2,,,,,,,,,,,,,,,,,,,,,,,,,,,,,,None,,,r,2026-08-08_20h28.59.015,7,TSRlearn_localizer-concepts,2026-08-08 20h29.00.336696 +0200,,324.25723200000357,325.97546950000105,325.97546950000105,327.1791833000025,,,,60.03925365539914,323.4920648999978,324.25723200000357,,,323.4748326999834,324.24285489995964,,,saw\saw_07.png,,,,,,,,,,,,,,,,,,,,,,,0,1,1,None,324.25723200000357,,,,,right,,3,,,2025.2.4,,,1,324.24590709997574,325.9607808999717,,,None,None,324.2572933666563,325.12494909996167,,,79,0,2026-08-08_20:34:23.802182,79,30,localizer,,None,,None,79,79,0,79,,,,,,fish,,Fisch,
329.4318992999615,330.48264120001113,1.05,,,2,330.4827058999799,330.482740300009,,,car,5,5,,,,,,,,,,,,,,,,,,,,,,,,,,,,,,None,,,None,2026-08-08_20h28.59.015,7,TSRlearn_localizer-concepts,2026-08-08 20h29.00.336696 +0200,,327.9443717999966,329.4459378999891,329.4459378999891,330.51814979995834,,,,60.03925365539914,327.1791833000025,327.9443717999966,,,327.1671436000033,327.9303958999808,,,car\car_07.png,,,,,,,,,,,,,,,,,,,,,,,0,0,1,None,327.9443717999966,,,,,None,,3,,,2025.2.4,,,1,327.93379589996766,329.4318221999565,,,None,None,327.94453656668,328.89560739998706,,,80,0,2026-08-08_20:34:27.489300,80,31,localizer,,None,,None,80,80,0,80,,,,,,car,,Auto,
332.76829129998805,333.91919139999663,1.15,,,2,333.91926539997803,333.91930389998015,,,dress,3,3,,,,,,,,,,,,,,,,,,,,,,,,,,,,,,None,,,None,2026-08-08_20h28.59.015,4,TSRlearn_localizer-concepts,2026-08-08 20h29.00.336696 +0200,,331.28128509997623,332.7824666000088,332.7824666000088,333.972167800006,,,,60.03925365539914,330.51814979995834,331.28128509997623,,,330.5019085999811,331.2671010000049,,,dress\dress_04.png,,,,,,,,,,,,,,,,,,,,,,,0,0,1,None,331.28128509997623,,,,,None,,3,,,2025.2.4,,,1,331.270223599975,332.76822759996867,,,None,None,331.2813173666402,332.2325184000074,,,81,0,2026-08-08_20:34:30.828267,81,32,localizer,,None,,None,81,81,0,81,,,,,,dress,,Kleid,
336.2219653999782,337.35881010000594,1.13,,,2,337.3588994999882,337.3589390999987,,,bag,1,1,,,,,,,,,,,,,,,,,,,,,,,,,,,,,,None,,,None,2026-08-08_20h28.59.015,4,TSRlearn_localizer-concepts,2026-08-08 20h29.00.336696 +0200,,334.7347780999844,336.23615000001155,336.23615000001155,337.389077299973,,,,60.03925365539914,333.972167800006,334.7347780999844,,,333.9485169000109,334.72086569998646,,,bag\bag_04.png,,,,,,,,,,,,,,,,,,,,,,,0,0,1,None,334.7347780999844,,,,,None,,3,,,2025.2.4,,,1,334.7238905999693,336.2218995000003,,,None,None,334.7349303666308,335.63531789998524,,,82,0,2026-08-08_20:34:34.282285,82,33,localizer,,None,,None,82,82,0,82,,,,,,bag,,Tasche,
339.64256219996605,340.47597059997497,0.82,,,2,340.47603429999435,340.47606819996145,,,fish,2,2,,,,,,,,,,,,,,,,,,,,,,,,,,,,,,None,,,None,2026-08-08_20h28.59.015,6,TSRlearn_localizer-concepts,2026-08-08 20h29.00.336696 +0200,,338.1547723999829,339.6563686999725,339.6563686999725,340.5093344000052,,,,60.03925365539914,337.389077299973,338.1547723999829,,,337.3773392000003,338.1402137000114,,,fish\fish_06.png,,,,,,,,,,,,,,,,,,,,,,,0,0,1,None,338.1547723999829,,,,,None,,3,,,2025.2.4,,,1,338.143009899999,339.6424949999782,,,None,None,338.15484696667795,339.02218019997235,,,83,0,2026-08-08_20:34:37.699194,83,34,localizer,,None,,None,83,83,0,83,,,,,,fish,,Fisch,
342.9617971999687,344.21290889999364,1.25,,,2,344.2129714000039,344.2130036999588,,,rose,9,1,,,,,,,,,,,,,,,,,,,,,,,,,,,,,,None,,,r,2026-08-08_20h28.59.015,6,TSRlearn_localizer-concepts,2026-08-08 20h29.00.336696 +0200,,341.27458510000724,342.97631629998796,342.97631629998796,344.26383319997694,,,,60.03925365539914,340.5093344000052,341.27458510000724,,,340.49916339997435,341.26009479997447,,,rose\rose_06.png,,,,,,,,,,,,,,,,,,,,,,,0,1,1,None,341.27458510000724,,,,,left,,3,,,2025.2.4,,,1,341.26277480000863,342.9617353999638,,,None,None,341.27467066666964,342.17605329997605,,,84,0,2026-08-08_20:34:40.819451,84,35,localizer,,None,,None,84,84,0,84,,,,,,bag,,Tasche,
346.5153533999692,347.76652189996094,1.24,,,2,347.7665824999567,347.766614299966,,,ball,6,6,,,,,,,,,,,,,,,,,,,,,,,,,,,,,,None,,,None,2026-08-08_20h28.59.015,5,TSRlearn_localizer-concepts,2026-08-08 20h29.00.336696 +0200,,345.02837209997233,346.52974849997554,346.52974849997554,347.7819112999714,,,,60.03925365539914,344.26383319997694,345.02837209997233,,,344.2416192999808,345.01349219999975,,,ball\ball_05.png,,,,,,,,,,,,,,,,,,,,,,,0,0,1,None,345.02837209997233,,,,,None,,3,,,2025.2.4,,,1,345.0160425999784,346.5152919999673,,,None,None,345.0282326666677,345.813556100009,,,85,0,2026-08-08_20:34:44.573950,85,36,localizer,,None,,None,85,85,0,85,,,,,,ball,,Ball,
350.0192823999678,351.2366287999903,1.21,,,2,351.23669200000586,351.23672489996534,,,book,7,7,,,,,,,,,,,,,,,,,,,,,,,,,,,,,,None,,,None,2026-08-08_20h28.59.015,7,TSRlearn_localizer-concepts,2026-08-08 20h29.00.336696 +0200,,348.5322025999776,350.0333735999884,350.0333735999884,351.2907399999676,,,,60.03925365539914,347.7819112999714,348.5322025999776,,,347.77334499999415,348.5179355999571,,,book\book_07.png,,,,,,,,,,,,,,,,,,,,,,,0,0,1,None,348.5322025999776,,,,,None,,3,,,2025.2.4,,,1,348.52051969995955,350.019217699999,,,None,None,348.53212196665504,349.3997837000061,,,86,0,2026-08-08_20:34:48.092028,86,37,localizer,,None,,None,86,86,0,86,,,,,,book,,Buch,
353.5396272999933,354.69008919998305,1.15,,,2,354.69015079998644,354.6901816999889,,,chair,8,8,,,,,,,,,,,,,,,,,,,,,,,,,,,,,,None,,,None,2026-08-08_20h28.59.015,6,TSRlearn_localizer-concepts,2026-08-08 20h29.00.336696 +0200,,352.05226129997754,353.5537406000076,353.5537406000076,354.72255760000553,,,,60.03925365539914,351.2907399999676,352.05226129997754,,,351.2757542000036,352.0377612999873,,,chair\chair_06.png,,,,,,,,,,,,,,,,,,,,,,,0,0,1,None,352.05226129997754,,,,,None,,3,,,2025.2.4,,,1,352.04113480000524,353.5395635999739,,,None,None,352.0522506666641,352.9699180999887,,,87,0,2026-08-08_20:34:51.600857,87,38,localizer,,None,,None,87,87,0,87,,,,,,chair,,Stuhl,
356.9606197999674,358.1448641999741,1.17,,,2,358.1449347999878,358.14497329998994,,,fish,2,2,,,,,,,,,,,,,,,,,,,,,,,,,,,,,,None,,,None,2026-08-08_20h28.59.015,10,TSRlearn_localizer-concepts,2026-08-08 20h29.00.336696 +0200,,355.4725641999976,356.97433759999694,356.97433759999694,358.1771732000052,,,,60.03925365539914,354.72255760000553,355.4725641999976,,,354.7018744999659,355.45833529997617,,,fish\fish_10.png,,,,,,,,,,,,,,,,,,,,,,,0,0,1,None,355.4725641999976,,,,,None,,3,,,2025.2.4,,,1,355.46145399997476,356.9605486000073,,,None,None,355.4725425666586,356.3399538999656,,,88,0,2026-08-08_20:34:55.032675,88,39,localizer,,None,,None,88,88,0,88,,,,,,fish,,Fisch,
360.4141702000052,361.36403659998905,0.94,,,2,361.3641013999586,361.36413619999075,,,door,4,4,,,,,,,,,,,,,,,,,,,,,,,,,,,,,,None,,,None,2026-08-08_20h28.59.015,2,TSRlearn_localizer-concepts,2026-08-08 20h29.00.336696 +0200,,358.92615989997284,360.42778339999495,360.42778339999495,361.3962180999806,,,,60.03925365539914,358.1771732000052,358.92615989997284,,,358.16190219996497,358.9119617000106,,,door\door_02.png,,,,,,,,,,,,,,,,,,,,,,,0,0,1,None,358.92615989997284,,,,,None,,3,,,2025.2.4,,,1,358.9146594000049,360.4141002999968,,,None,None,358.92618306662575,359.7599368999945,,,89,0,2026-08-08_20:34:58.487290,89,40,localizer,,None,,None,89,89,0,89,,,,,,door,,Tür,
363.63353729998926,364.41671969997697,0.77,,,2,364.4167793999659,364.41681079997215,,,car,5,5,,,,,,,,,,,,,,,,,,,,,,,,,,,,,,None,,,None,2026-08-08_20h28.59.015,10,TSRlearn_localizer-concepts,2026-08-08 20h29.00.336696 +0200,,362.1460124999867,363.6474270999897,363.6474270999897,364.45036809996236,,,,60.03925365539914,361.3962180999806,362.1460124999867,,,361.37623709999025,362.1313783999649,,,car\car_10.png,,,,,,,,,,,,,,,,,,,,,,,0,0,1,None,362.1460124999867,,,,,None,,3,,,2025.2.4,,,1,362.1341720999917,363.63347030000295,,,None,None,362.14583496662476,363.0968975999858,,,90,0,2026-08-08_20:35:01.706335,90,41,localizer,,None,,None,90,90,0,90,,,,,,car,,Auto,
366.7036975999945,367.7877853999962,1.08,,,2,367.7878505999688,367.78788519999944,,,ball,6,6,,,,,,,,,,,,,,,,,,,,,,,,,,,,,,None,,,None,2026-08-08_20h28.59.015,8,TSRlearn_localizer-concepts,2026-08-08 20h29.00.336696 +0200,,365.2159499999834,366.71732709999196,366.71732709999196,367.83852769999066,,,,60.03925365539914,364.45036809996236,365.2159499999834,,,364.43452629999956,365.2016136999591,,,ball\ball_08.png,,,,,,,,,,,,,,,,,,,,,,,0,0,1,None,365.2159499999834,,,,,None,,3,,,2025.2.4,,,1,365.2044992999872,366.703628999996,,,None,None,365.21585716662617,365.9998566999566,,,91,0,2026-08-08_20:35:04.760485,91,42,localizer,,None,,None,91,91,0,91,,,,,,ball,,Ball,
370.0905142999836,371.07362669997383,0.98,,,2,371.0736896999879,371.07372190000024,,,door,4,4,,,,,,,,,,,,,,,,,,,,,,,,,,,,,,None,,,None,2026-08-08_20h28.59.015,6,TSRlearn_localizer-concepts,2026-08-08 20h29.00.336696 +0200,,368.6025423000101,370.1042501999764,370.1042501999764,371.1072244999814,,,,60.03925365539914,367.83852769999066,368.6025423000101,,,367.81787779997103,368.5879979999736,,,door\door_06.png,,,,,,,,,,,,,,,,,,,,,,,0,0,1,None,368.6025423000101,,,,,None,,3,,,2025.2.4,,,1,368.59080369997537,370.09044379997067,,,None,None,368.602567566679,369.4365874999785,,,92,0,2026-08-08_20:35:08.148645,92,43,localizer,,None,,None,92,92,0,92,,,,,,door,,Tür,
373.36008789995685,374.12698820000514,0.76,,,2,374.1270519999671,374.1270839999779,,,book,7,7,,,,,,,,,,,,,,,,,,,,,,,,,,,,,,None,,,None,2026-08-08_20h28.59.015,8,TSRlearn_localizer-concepts,2026-08-08 20h29.00.336696 +0200,,371.87245989998337,373.3741146000102,373.3741146000102,374.1588987999712,,,,60.03925365539914,371.1072244999814,371.87245989998337,,,371.0926025999943,371.8580914000049,,,book\book_08.png,,,,,,,,,,,,,,,,,,,,,,,0,0,1,None,371.87245989998337,,,,,None,,3,,,2025.2.4,,,1,371.8611031000037,373.3600209999713,,,None,None,371.87247716664956,372.7402783999569,,,93,0,2026-08-08_20:35:11.417341,93,44,localizer,,None,,None,93,93,0,93,,,,,,book,,Buch,
376.3969155999948,377.4810668999562,1.08,,,2,377.4811339000007,377.4811696999823,,,rose,9,9,,,,,,,,,,,,,,,,,,,,,,,,,,,,,,None,,,None,2026-08-08_20h28.59.015,3,TSRlearn_localizer-concepts,2026-08-08 20h29.00.336696 +0200,,374.9091435999726,376.41074699995806,376.41074699995806,377.53362209995976,,,,60.03925365539914,374.1588987999712,374.9091435999726,,,374.13972629996715,374.8950170999742,,,rose\rose_03.png,,,,,,,,,,,,,,,,,,,,,,,0,0,1,None,374.9091435999726,,,,,None,,3,,,2025.2.4,,,1,374.8981086999993,376.39684589998797,,,None,None,374.909248266664,375.82653059996665,,,94,0,2026-08-08_20:35:14.469016,94,45,localizer,,None,,None,94,94,0,94,,,,,,rose,,Rose,
379.9847549999831,381.1181297999574,1.13,,,2,381.1182321999804,381.1182947999914,,,fish,2,6,,,,,,,,,,,,,,,,,,,,,,,,,,,,,,None,,,r,2026-08-08_20h28.59.015,8,TSRlearn_localizer-concepts,2026-08-08 20h29.00.336696 +0200,,378.295833399985,379.99859189998824,379.99859189998824,381.1511673000059,,,,60.03925365539914,377.53362209995976,378.295833399985,,,377.5219738999731,378.28171509999083,,,fish\fish_08.png,,,,,,,,,,,,,,,,,,,,,,,0,1,1,None,378.295833399985,,,,,left,,3,,,2025.2.4,,,1,378.28441229998134,379.98466720001306,,,None,None,378.29608976666736,379.0648279999732,,,95,0,2026-08-08_20:35:17.843739,95,46,localizer,,None,,None,95,95,0,95,,,,,,ball,,Ball,
383.40493530000094,384.6386285999906,1.23,,,2,384.63871799997287,384.63876689999597,,,saw,10,10,,,,,,,,,,,,,,,,,,,,,,,,,,,,,,None,,,None,2026-08-08_20h28.59.015,2,TSRlearn_localizer-concepts,2026-08-08 20h29.00.336696 +0200,,381.9163299999782,383.4177283999743,383.4177283999743,384.67086949996883,,,,60.03925365539914,381.1511673000059,381.9163299999782,,,381.13624149997486,381.9018127999734,,,saw\saw_02.png,,,,,,,,,,,,,,,,,,,,,,,0,0,1,None,381.9163299999782,,,,,None,,3,,,2025.2.4,,,1,381.90498549997574,383.4048403999768,,,None,None,381.9161436666657,382.86768829997163,,,96,0,2026-08-08_20:35:21.461284,96,47,localizer,,None,,None,96,96,0,96,,,,,,saw,,Säge,
386.9071500999853,388.12525340000866,1.21,,,2,388.12531759997364,388.1253522000043,,,bag,1,1,,,,,,,,,,,,,,,,,,,,,,,,,,,,,,None,,,None,2026-08-08_20h28.59.015,10,TSRlearn_localizer-concepts,2026-08-08 20h29.00.336696 +0200,,385.41978589998325,386.92129969998496,386.92129969998496,388.15829409996513,,,,60.03925365539914,384.67086949996883,385.41978589998325,,,384.6531549000065,385.40557100001024,,,bag\bag_10.png,,,,,,,,,,,,,,,,,,,,,,,0,0,1,None,385.41978589998325,,,,,None,,3,,,2025.2.4,,,1,385.40873229998397,386.90708450000966,,,None,None,385.41988546663583,386.3207420000108,,,97,0,2026-08-08_20:35:24.980987,97,48,localizer,,None,,None,97,97,0,97,,,,,,bag,,Tasche,
390.4110753000132,391.6619553999626,1.24,,,2,391.66202260000864,391.66205779998563,,,door,4,4,,,,,,,,,,,,,,,,,,,,,,,,,,,,,,None,,,None,2026-08-08_20h28.59.015,4,TSRlearn_localizer-concepts,2026-08-08 20h29.00.336696 +0200,,388.9244241999695,390.42532859998755,390.42532859998755,391.69545309996465,,,,60.03925365539914,388.15829409996513,388.9244241999695,,,388.14286779996473,388.9098820000072,,,door\door_04.png,,,,,,,,,,,,,,,,,,,,,,,0,0,1,None,388.9244241999695,,,,,None,,3,,,2025.2.4,,,1,388.9142547000083,390.41100679995725,,,None,None,388.92378986667995,389.7582118999562,,,98,0,2026-08-08_20:35:28.468411,98,49,localizer,,None,,None,98,98,0,98,,,,,,door,,Tür,
393.94753429997945,394.9654979999759,1.01,,,2,394.9655657999683,410.63185479998356,394.9794806999853,409.9946777999867,car,5,5,,,,,,,,,,,,,,,,,,,,,,,,,,,,,0.14302189997397363,r,0.4949481000076048,409.9780211999896,None,2026-08-08_20h28.59.015,3,TSRlearn_localizer-concepts,2026-08-08 20h29.00.336696 +0200,,392.4602248999872,393.96165660000406,393.96165660000406,394.9794806999853,,,,60.03925365539914,391.69545309996465,392.4602248999872,,,391.6797712999978,392.4458894999698,,,car\car_03.png,409.9780211999896,,,,,,,,,,,,,,,,,,,,,,0,0,1,None,392.4602248999872,,,,,None,,3,394.9794806999853,409.9946777999867,2025.2.4,,,1,392.4489636999788,393.94746830000076,,,None,None,392.4602145666761,393.39461129996926,,,99,0,2026-08-08_20:35:32.005570,99,50,localizer,0.14302189997397363,r,0.4949481000076048,None,99,99,0,99,,,,,,car,,Auto,
412.90056929999264,414.1515160999843,1.24,,,3,414.15597089997027,414.15602739999304,,,dress,3,3,,,,,,,,,,,,,,,,,,,,,,,,,,,,,,None,,,None,2026-08-08_20h28.59.015,2,TSRlearn_localizer-concepts,2026-08-08 20h29.00.336696 +0200,,411.41292549995705,412.9144733999856,412.9144733999856,414.1845817999565,,,,60.03925365539914,410.6631250999635,411.41292549995705,,,410.65266749996226,411.3983925000066,,,dress\dress_02.png,,,,,,,,,,,,,,,,,,,,,,,0,0,1,None,411.41292549995705,,,,,None,,3,,,2025.2.4,,,1,411.4012083999696,412.9004958999576,,,None,None,411.4128852666511,412.36399079998955,,,100,0,2026-08-08_20:35:50.973242,100,1,localizer,,None,,None,100,100,0,100,,,,,,dress,,Kleid,
416.4373141999822,417.52076829998987,1.08,,,3,417.5208282999811,417.52085969998734,,,bag,1,1,,,,,,,,,,,,,,,,,,,,,,,,,,,,,,None,,,None,2026-08-08_20h28.59.015,6,TSRlearn_localizer-concepts,2026-08-08 20h29.00.336696 +0200,,414.9498913999996,416.45162629999686,416.45162629999686,417.5540313000092,,,,60.03925365539914,414.1845817999565,414.9498913999996,,,414.17613609996624,414.9352047999855,,,bag\bag_06.png,,,,,,,,,,,,,,,,,,,,,,,0,0,1,None,414.9498913999996,,,,,None,,3,,,2025.2.4,,,1,414.9377927999594,416.4372497999575,,,None,None,414.9498884666284,415.8506470999564,,,101,0,2026-08-08_20:35:54.494699,101,2,localizer,,None,,None,101,101,0,101,,,,,,bag,,Tasche,
419.9914578999742,421.0748786999611,1.08,,,3,421.07494069996756,421.0749729999807,,,rose,9,10,,,,,,,,,,,,,,,,,,,,,,,,,,,,,,None,,,r,2026-08-08_20h28.59.015,9,TSRlearn_localizer-concepts,2026-08-08 20h29.00.336696 +0200,,418.30339610000374,420.005396499997,420.005396499997,421.10767870000564,,,,60.03925365539914,417.5540313000092,418.30339610000374,,,417.5408068000106,418.288631399977,,,rose\rose_09.png,,,,,,,,,,,,,,,,,,,,,,,0,1,1,None,418.30339610000374,,,,,right,,3,,,2025.2.4,,,1,418.2913897999679,419.99139099998865,,,None,None,418.30327356665316,419.25515909999376,,,102,0,2026-08-08_20:35:57.864148,102,3,localizer,,None,,None,102,102,0,102,,,,,,saw,,Säge,
423.34479949995875,424.378124299983,1.03,,,3,424.3781869999948,424.37821970001096,,,door,4,4,,,,,,,,,,,,,,,,,,,,,,,,,,,,,,None,,,None,2026-08-08_20h28.59.015,7,TSRlearn_localizer-concepts,2026-08-08 20h29.00.336696 +0200,,421.8568842000095,423.35967009997694,423.35967009997694,424.4110045999987,,,,60.03925365539914,421.10767870000564,421.8568842000095,,,421.0949193999986,421.8422780999681,,,door\door_07.png,,,,,,,,,,,,,,,,,,,,,,,0,0,1,None,421.8568842000095,,,,,None,,3,,,2025.2.4,,,1,421.8448402999784,423.34472399996594,,,None,None,421.8569848666705,422.6746332999901,,,103,0,2026-08-08_20:36:01.417796,103,4,localizer,,None,,None,103,103,0,103,,,,,,door,,Tür,
426.6476408999879,427.6488134000101,1,,,3,427.64887929998804,427.64893099997425,,,book,7,7,,,,,,,,,,,,,,,,,,,,,,,,,,,,,,None,,,None,2026-08-08_20h28.59.015,8,TSRlearn_localizer-concepts,2026-08-08 20h29.00.336696 +0200,,425.1605012000073,426.66175480000675,426.66175480000675,427.6812612999929,,,,60.03925365539914,424.4110045999987,425.1605012000073,,,424.397041899967,425.146073699987,,,book\book_08.png,,,,,,,,,,,,,,,,,,,,,,,0,0,1,None,425.1605012000073,,,,,None,,3,,,2025.2.4,,,1,425.1490232999786,426.6475756999571,,,None,None,425.16043756663953,426.0278882999555,,,104,0,2026-08-08_20:36:04.721122,104,5,localizer,,None,,None,104,104,0,104,,,,,,book,,Buch,
429.91819759999635,430.8848164000083,0.96,,,3,430.884893200011,430.88492509996286,,,chair,8,8,,,,,,,,,,,,,,,,,,,,,,,,,,,,,,None,,,None,2026-08-08_20h28.59.015,1,TSRlearn_localizer-concepts,2026-08-08 20h29.00.336696 +0200,,428.43041619996075,429.93208810000215,429.93208810000215,430.918969499995,,,,60.03925365539914,427.6812612999929,428.43041619996075,,,427.6655291999923,428.4161831999663,,,chair\chair_01.png,,,,,,,,,,,,,,,,,,,,,,,0,0,1,None,428.43041619996075,,,,,None,,3,,,2025.2.4,,,1,428.41953309997916,429.91813159995945,,,None,None,428.43044556666086,429.36468519998016,,,105,0,2026-08-08_20:36:07.991378,105,6,localizer,,None,,None,105,105,0,105,,,,,,chair,,Stuhl,
433.1707764999592,434.22080489998916,1.04,,,3,434.220868000004,434.2209004999604,,,saw,10,10,,,,,,,,,,,,,,,,,,,,,,,,,,,,,,None,,,None,2026-08-08_20h28.59.015,1,TSRlearn_localizer-concepts,2026-08-08 20h29.00.336696 +0200,,431.6832824999583,433.1848178000073,433.1848178000073,434.2537388000055,,,,60.03925365539914,430.918969499995,431.6832824999583,,,430.9038581000059,431.66867649997585,,,saw\saw_01.png,,,,,,,,,,,,,,,,,,,,,,,0,0,1,None,431.6832824999583,,,,,None,,3,,,2025.2.4,,,1,431.671508600004,433.17071269999724,,,None,None,431.6831625666275,432.61763469997095,,,106,0,2026-08-08_20:36:11.229086,106,7,localizer,,None,,None,106,106,0,106,,,,,,saw,,Säge,
436.5072377999895,437.4080820999807,0.9,,,3,437.40814610000234,437.4081797999679,,,car,5,5,,,,,,,,,,,,,,,,,,,,,,,,,,,,,,None,,,None,2026-08-08_20h28.59.015,10,TSRlearn_localizer-concepts,2026-08-08 20h29.00.336696 +0200,,435.0035879999632,436.50479899998754,436.52141589997336,437.66410509997513,,,,60.03925365539914,434.2537388000055,435.0035879999632,,,434.2322455999674,434.99068569997326,,,car\car_10.png,,,,,,,,,,,,,,,,,,,,,,,0,0,1,None,435.0035879999632,,,,,None,,3,,,2025.2.4,,,1,434.9940055999905,436.5071655999636,,,None,None,435.0049493666777,435.9545670999796,,,107,0,2026-08-08_20:36:14.563856,107,8,localizer,,None,,None,107,107,0,107,,,,,,car,,Auto,
439.92148419999285,440.820276799961,0.9,,,3,440.8203388999682,440.82037159998436,,,ball,6,6,,,,,,,,,,,,,,,,,,,,,,,,,,,,,,None,,,None,2026-08-08_20h28.59.015,3,TSRlearn_localizer-concepts,2026-08-08 20h29.00.336696 +0200,,438.41950929997256,439.91881439997815,439.9354391999659,440.8576873000129,,,,60.03925365539914,437.66410509997513,438.41950929997256,,,437.6087806999567,438.4062577000004,,,ball\ball_03.png,,,,,,,,,,,,,,,,,,,,,,,0,0,1,None,438.41950929997256,,,,,None,,3,,,2025.2.4,,,1,438.4101168999914,439.9214120999677,,,None,None,438.4199375666251,439.20216939999955,,,108,0,2026-08-08_20:36:17.974222,108,9,localizer,,None,,None,108,108,0,108,,,,,,ball,,Ball,
443.12005849997513,444.3031105999835,1.17,,,3,444.3031793999835,444.3032145999605,,,door,4,4,,,,,,,,,,,,,,,,,,,,,,,,,,,,,,None,,,None,2026-08-08_20h28.59.015,2,TSRlearn_localizer-concepts,2026-08-08 20h29.00.336696 +0200,,441.6185604999773,443.1339859999716,443.1339859999716,444.3365563999978,,,,60.03925365539914,440.8576873000129,441.6185604999773,,,440.83669749996625,441.6074601999717,,,door\door_02.png,,,,,,,,,,,,,,,,,,,,,,,0,0,1,None,441.6185604999773,,,,,None,,3,,,2025.2.4,,,1,441.6106269999873,443.11998749995837,,,None,None,441.61885766667933,442.45115159999114,,,109,0,2026-08-08_20:36:21.167804,109,10,localizer,,None,,None,109,109,0,109,,,,,,door,,Tür,
446.6019990000059,447.78524619998643,1.17,,,3,447.785313499975,447.78534840000793,,,rose,9,9,,,,,,,,,,,,,,,,,,,,,,,,,,,,,,None,,,None,2026-08-08_20h28.59.015,2,TSRlearn_localizer-concepts,2026-08-08 20h29.00.336696 +0200,,445.1004926000023,446.59968300000764,446.6163445999846,447.81790779996663,,,,60.03925365539914,444.3365563999978,445.1004926000023,,,444.3273102999665,445.0863757999614,,,rose\rose_02.png,,,,,,,,,,,,,,,,,,,,,,,0,0,1,None,445.1004926000023,,,,,None,,3,,,2025.2.4,,,1,445.0894206999801,446.60193289996823,,,None,None,445.10049636662393,446.01697080000304,,,110,0,2026-08-08_20:36:24.646673,110,11,localizer,,None,,None,110,110,0,110,,,,,,rose,,Rose,
450.0680636999896,451.20114769996144,1.13,,,3,451.20121490000747,451.2012507999898,,,chair,8,8,,,,,,,,,,,,,,,,,,,,,,,,,,,,,,None,,,None,2026-08-08_20h28.59.015,7,TSRlearn_localizer-concepts,2026-08-08 20h29.00.336696 +0200,,448.5825676000095,450.082247000013,450.082247000013,451.26917609997327,,,,60.03925365539914,447.81790779996663,448.5825676000095,,,447.80121189996134,448.5532455999637,,,chair\chair_07.png,,,,,,,,,,,,,,,,,,,,,,,0,0,1,None,448.5825676000095,,,,,None,,3,,,2025.2.4,,,1,448.5568064000108,450.06799630000023,,,None,None,448.56700836663754,449.48251689999597,,,111,0,2026-08-08_20:36:28.128025,111,12,localizer,,None,,None,111,111,0,111,,,,,,chair,,Stuhl,
453.5343958999729,454.35018199996557,0.81,,,3,454.35025479999604,454.3502908999799,,,fish,2,2,,,,,,,,,,,,,,,,,,,,,,,,,,,,,,None,,,None,2026-08-08_20h28.59.015,9,TSRlearn_localizer-concepts,2026-08-08 20h29.00.336696 +0200,,452.0316554000019,453.5315736999619,453.5476869000122,454.38397169997916,,,,60.03925365539914,451.26917609997327,452.0316554000019,,,451.2454259999795,452.01747939997585,,,fish\fish_09.png,,,,,,,,,,,,,,,,,,,,,,,0,0,1,None,452.0316554000019,,,,,None,,3,,,2025.2.4,,,1,452.0203919999767,453.53429819998564,,,None,None,452.031775866639,452.89759010000853,,,112,0,2026-08-08_20:36:31.579293,112,13,localizer,,None,,None,112,112,0,112,,,,,,fish,,Fisch,
456.6494160000002,457.5157620999962,0.86,,,3,457.51582719996804,457.5158606999903,,,dress,3,3,,,,,,,,,,,,,,,,,,,,,,,,,,,,,,None,,,None,2026-08-08_20h28.59.015,10,TSRlearn_localizer-concepts,2026-08-08 20h29.00.336696 +0200,,455.14721879997524,456.64669429999776,456.66314309998415,457.54858840000816,,,,60.03925365539914,454.38397169997916,455.14721879997524,,,454.3704393999651,455.13284450001083,,,dress\dress_10.png,,,,,,,,,,,,,,,,,,,,,,,0,0,1,None,455.14721879997524,,,,,None,,3,,,2025.2.4,,,1,455.1364126999979,456.6493440999766,,,None,None,455.14722096664286,456.0968947999645,,,113,0,2026-08-08_20:36:34.694089,113,14,localizer,,None,,None,113,113,0,113,,,,,,dress,,Kleid,
459.7994907000102,460.7980447000009,1,,,3,460.79811179998796,460.79814679996343,,,bag,1,1,,,,,,,,,,,,,,,,,,,,,,,,,,,,,,None,,,None,2026-08-08_20h28.59.015,10,TSRlearn_localizer-concepts,2026-08-08 20h29.00.336696 +0200,,458.2965738999774,459.7961453999742,459.81258399999933,460.81393139995635,,,,60.03925365539914,457.54858840000816,458.2965738999774,,,457.52998110000044,458.285523700004,,,bag\bag_10.png,,,,,,,,,,,,,,,,,,,,,,,0,0,1,None,458.2965738999774,,,,,None,,3,,,2025.2.4,,,1,458.289039700001,459.79941549996147,,,None,None,458.2995707666307,459.1970617999905,,,114,0,2026-08-08_20:36:37.858706,114,15,localizer,,None,,None,114,114,0,114,,,,,,bag,,Tasche,
463.0801613999647,464.2299744999618,1.15,,,3,464.2300411000033,464.2300762999803,,,book,7,7,,,,,,,,,,,,,,,,,,,,,,,,,,,,,,None,,,None,2026-08-08_20h28.59.015,7,TSRlearn_localizer-concepts,2026-08-08 20h29.00.336696 +0200,,461.5784744999837,463.0777744000079,463.0943108999636,464.2629562999937,,,,60.03925365539914,460.81393139995635,461.5784744999837,,,460.80579129996477,461.56576759996824,,,book\book_07.png,,,,,,,,,,,,,,,,,,,,,,,0,0,1,None,461.5784744999837,,,,,None,,3,,,2025.2.4,,,1,461.5686757999938,463.0800961999921,,,None,None,461.57968926662966,462.4449156000046,,,115,0,2026-08-08_20:36:41.124048,115,16,localizer,,None,,None,115,115,0,115,,,,,,book,,Buch,
466.5134485999588,467.49543359997915,0.98,,,3,467.49549959995784,467.4955350999953,,,dress,3,3,,,,,,,,,,,,,,,,,,,,,,,,,,,,,,None,,,None,2026-08-08_20h28.59.015,1,TSRlearn_localizer-concepts,2026-08-08 20h29.00.336696 +0200,,465.0273903000052,466.5268464999972,466.5268464999972,467.52978159999475,,,,60.03925365539914,464.2629562999937,465.0273903000052,,,464.2438528999919,465.01285519998055,,,dress\dress_01.png,,,,,,,,,,,,,,,,,,,,,,,0,0,1,None,465.0273903000052,,,,,None,,3,,,2025.2.4,,,1,465.01560519996565,466.5133830999839,,,None,None,465.02736526664034,465.96070090000285,,,116,0,2026-08-08_20:36:44.573073,116,17,localizer,,None,,None,116,116,0,116,,,,,,dress,,Kleid,
469.79512219998287,470.84543990000384,1.04,,,3,470.84550639998633,470.8455405999557,,,ball,6,6,,,,,,,,,,,,,,,,,,,,,,,,,,,,,,None,,,None,2026-08-08_20h28.59.015,6,TSRlearn_localizer-concepts,2026-08-08 20h29.00.336696 +0200,,468.2930568999727,469.7925391999888,469.80931649997365,470.8772045999649,,,,60.03925365539914,467.52978159999475,468.2930568999727,,,467.517803499999,468.27885669999523,,,ball\ball_06.png,,,,,,,,,,,,,,,,,,,,,,,0,0,1,None,468.2930568999727,,,,,None,,3,,,2025.2.4,,,1,468.2817123999703,469.795049999957,,,None,None,468.2931352666385,469.0758475000039,,,117,0,2026-08-08_20:36:47.839899,117,18,localizer,,None,,None,117,117,0,117,,,,,,ball,,Ball,
473.12801270000637,474.0772156000021,0.95,,,3,474.0772822999861,474.07731809996767,,,saw,10,10,,,,,,,,,,,,,,,,,,,,,,,,,,,,,,None,,,None,2026-08-08_20h28.59.015,9,TSRlearn_localizer-concepts,2026-08-08 20h29.00.336696 +0200,,471.62562179996166,473.12523239996517,473.1418804000132,474.1289789999719,,,,60.03925365539914,470.8772045999649,471.62562179996166,,,470.85603570000967,471.612261799979,,,saw\saw_09.png,,,,,,,,,,,,,,,,,,,,,,,0,0,1,None,471.62562179996166,,,,,None,,3,,,2025.2.4,,,1,471.61547999997856,473.1279414999881,,,None,None,471.62657746667196,472.5752487999853,,,118,0,2026-08-08_20:36:51.187322,118,19,localizer,,None,,None,118,118,0,118,,,,,,saw,,Säge,
476.59374189999653,477.5601001000032,0.96,,,3,477.56018579995725,477.56022589997156,,,dress,3,1,,,,,,,,,,,,,,,,,,,,,,,,,,,,,,None,,,r,2026-08-08_20h28.59.015,3,TSRlearn_localizer-concepts,2026-08-08 20h29.00.336696 +0200,,474.8926093999762,476.60723909997614,476.60723909997614,477.61002319998806,,,,60.03925365539914,474.1289789999719,474.8926093999762,,,474.106219600013,474.8769233999774,,,dress\dress_03.png,,,,,,,,,,,,,,,,,,,,,,,0,1,1,None,474.8926093999762,,,,,right,,3,,,2025.2.4,,,1,474.8797667999752,476.59368260001065,,,None,None,474.8913545666767,475.79241059999913,,,119,0,2026-08-08_20:36:54.439096,119,20,localizer,,None,,None,119,119,0,119,,,,,,bag,,Tasche,
479.87561479996657,480.9086901000119,1.02,,,3,480.9087593999575,480.9087961000041,,,book,7,7,,,,,,,,,,,,,,,,,,,,,,,,,,,,,,None,,,None,2026-08-08_20h28.59.015,5,TSRlearn_localizer-concepts,2026-08-08 20h29.00.336696 +0200,,478.37381929997355,479.8728989000083,479.88960140000563,480.9416462999652,,,,60.03925365539914,477.61002319998806,478.37381929997355,,,477.5872646999778,478.3612204999663,,,book\book_05.png,,,,,,,,,,,,,,,,,,,,,,,0,0,1,None,478.37381929997355,,,,,None,,3,,,2025.2.4,,,1,478.36450409999816,479.8755456999643,,,None,None,478.3751041666294,479.25812519999454,,,120,0,2026-08-08_20:36:57.920140,120,21,localizer,,None,,None,120,120,0,120,,,,,,book,,Buch,
483.1955553999869,483.99091489997227,0.79,,,3,483.99098449997837,483.99102129996754,,,car,5,5,,,,,,,,,,,,,,,,,,,,,,,,,,,,,,None,,,None,2026-08-08_20h28.59.015,8,TSRlearn_localizer-concepts,2026-08-08 20h29.00.336696 +0200,,481.7062450000085,483.2060538000078,483.2060538000078,484.0258780999575,,,,60.03925365539914,480.9416462999652,481.7062450000085,,,480.9270541999722,481.6936284999829,,,car\car_08.png,,,,,,,,,,,,,,,,,,,,,,,0,0,1,None,481.7062450000085,,,,,None,,3,,,2025.2.4,,,1,481.6968257999979,483.1954442000133,,,None,None,481.707760466674,482.6581398000126,,,121,0,2026-08-08_20:37:01.251763,121,22,localizer,,None,,None,121,121,0,121,,,,,,car,,Auto,
486.4910802000086,487.2914993999875,0.79,,,3,487.2915677999845,487.29160359996604,,,saw,10,6,,,,,,,,,,,,,,,,,,,,,,,,,,,,,,None,,,r,2026-08-08_20h28.59.015,8,TSRlearn_localizer-concepts,2026-08-08 20h29.00.336696 +0200,,484.7879729999695,486.5044989999733,486.5044989999733,487.3248007000075,,,,60.03925365539914,484.0258780999575,484.7879729999695,,,484.011904999963,484.7734993000049,,,saw\saw_08.png,,,,,,,,,,,,,,,,,,,,,,,0,1,1,None,484.7879729999695,,,,,left,,3,,,2025.2.4,,,1,484.77667639998253,486.49101090000477,,,None,None,484.7879754666394,485.5723929000087,,,122,0,2026-08-08_20:37:04.335995,122,23,localizer,,None,,None,122,122,0,122,,,,,,ball,,Ball,
489.5964185000048,490.6403111999971,1.04,,,3,490.64039279997814,490.6404349000077,,,car,5,5,,,,,,,,,,,,,,,,,,,,,,,,,,,,,,None,,,None,2026-08-08_20h28.59.015,3,TSRlearn_localizer-concepts,2026-08-08 20h29.00.336696 +0200,,488.0869505999726,489.59253899997566,489.60390439996263,490.89254769997206,,,,60.03925365539914,487.3248007000075,488.0869505999726,,,487.3106860999833,488.07335469999816,,,car\car_03.png,,,,,,,,,,,,,,,,,,,,,,,0,0,1,None,488.0869505999726,,,,,None,,3,,,2025.2.4,,,1,488.0763750000042,489.596301099984,,,None,None,488.08716126665627,489.0372122999979,,,123,0,2026-08-08_20:37:07.634918,123,24,localizer,,None,,None,123,123,0,123,,,,,,car,,Auto,
493.15650260000257,494.2544164999854,1.1,,,3,494.25448179995874,494.25451509997947,,,ball,6,6,,,,,,,,,,,,,,,,,,,,,,,,,,,,,,None,,,None,2026-08-08_20h28.59.015,7,TSRlearn_localizer-concepts,2026-08-08 20h29.00.336696 +0200,,491.6525837999652,493.15212729998166,493.16879939998034,494.3065184999723,,,,60.03925365539914,490.89254769997206,491.6525837999652,,,490.84762509999564,491.63879229995655,,,ball\ball_07.png,,,,,,,,,,,,,,,,,,,,,,,0,0,1,None,491.6525837999652,,,,,None,,3,,,2025.2.4,,,1,491.6421975999838,493.1563914999715,,,None,None,491.6529001666388,492.4369486999931,,,124,0,2026-08-08_20:37:11.202665,124,25,localizer,,None,,None,124,124,0,124,,,,,,ball,,Ball,
496.56985729996813,497.62167749996297,1.04,,,3,497.6217490999843,497.6217870999826,,,door,4,4,,,,,,,,,,,,,,,,,,,,,,,,,,,,,,None,,,None,2026-08-08_20h28.59.015,3,TSRlearn_localizer-concepts,2026-08-08 20h29.00.336696 +0200,,495.06882029998815,496.5840696999803,496.5840696999803,497.6536586000002,,,,60.03925365539914,494.3065184999723,495.06882029998815,,,494.28832389996387,495.0544564999873,,,door\door_03.png,,,,,,,,,,,,,,,,,,,,,,,0,0,1,None,495.06882029998815,,,,,None,,3,,,2025.2.4,,,1,495.05753339995863,496.56979400001,,,None,None,495.06883776665586,495.9041614999878,,,125,0,2026-08-08_20:37:14.616636,125,26,localizer,,None,,None,125,125,0,125,,,,,,door,,Tür,
499.9101597999688,500.8227328999783,0.91,,,3,500.8228414999903,500.82288439996773,,,rose,9,9,,,,,,,,,,,,,,,,,,,,,,,,,,,,,,None,,,None,2026-08-08_20h28.59.015,1,TSRlearn_localizer-concepts,2026-08-08 20h29.00.336696 +0200,,498.4189573999611,499.91868559998693,499.91868559998693,500.9056724999682,,,,60.03925365539914,497.6536586000002,498.4189573999611,,,497.64272239996353,498.4050219999626,,,rose\rose_01.png,,,,,,,,,,,,,,,,,,,,,,,0,0,1,None,498.4189573999611,,,,,None,,3,,,2025.2.4,,,1,498.40876859996933,499.91004879999673,,,None,None,498.41916636663177,499.3332409999566,,,126,0,2026-08-08_20:37:17.963776,126,27,localizer,,None,,None,126,126,0,126,,,,,,rose,,Rose,
503.15400899999077,504.33335629996145,1.17,,,3,504.33341679995647,504.33344809996197,,,chair,8,8,,,,,,,,,,,,,,,,,,,,,,,,,,,,,,None,,,None,2026-08-08_20h28.59.015,8,TSRlearn_localizer-concepts,2026-08-08 20h29.00.336696 +0200,,501.6659540999681,503.1656569999759,503.1656569999759,504.36341950000497,,,,60.03925365539914,500.9056724999682,501.6659540999681,,,500.8632895000046,501.65134619997116,,,chair\chair_08.png,,,,,,,,,,,,,,,,,,,,,,,0,0,1,None,501.6659540999681,,,,,None,,3,,,2025.2.4,,,1,501.6547550999676,503.15390499995556,,,None,None,501.6658652666413,502.582007399993,,,127,0,2026-08-08_20:37:21.215790,127,28,localizer,,None,,None,127,127,0,127,,,,,,chair,,Stuhl,
506.61640729999635,507.4660319999675,0.85,,,3,507.4661042999942,507.4661439000047,,,saw,10,10,,,,,,,,,,,,,,,,,,,,,,,,,,,,,,None,,,None,2026-08-08_20h28.59.015,10,TSRlearn_localizer-concepts,2026-08-08 20h29.00.336696 +0200,,505.11463450000156,506.6139895999804,506.6306592999608,507.4983581000124,,,,60.03925365539914,504.36341950000497,505.11463450000156,,,504.3508944999776,505.10000529995887,,,saw\saw_10.png,,,,,,,,,,,,,,,,,,,,,,,0,0,1,None,505.11463450000156,,,,,None,,3,,,2025.2.4,,,1,505.10326890001306,506.61634000000777,,,None,None,505.11453106668,506.0643759999657,,,128,0,2026-08-08_20:37:24.673537,128,29,localizer,,None,,None,128,128,0,128,,,,,,saw,,Säge,
509.7341840000008,510.63196430000244,0.89,,,3,510.6320262000081,510.6320585999638,,,ball,6,6,,,,,,,,,,,,,,,,,,,,,,,,,,,,,,None,,,None,2026-08-08_20h28.59.015,10,TSRlearn_localizer-concepts,2026-08-08 20h29.00.336696 +0200,,508.2472718000063,509.7473189999582,509.7473189999582,510.66516249999404,,,,60.03925365539914,507.4983581000124,508.2472718000063,,,507.47629899997264,508.2333370000124,,,ball\ball_10.png,,,,,,,,,,,,,,,,,,,,,,,0,0,1,None,508.2472718000063,,,,,None,,3,,,2025.2.4,,,1,508.23622139997315,509.7341003000038,,,None,None,508.2475207666323,509.0142842999776,,,129,0,2026-08-08_20:37:27.808475,129,30,localizer,,None,,None,129,129,0,129,,,,,,ball,,Ball,
512.9312767999945,513.9808068000129,1.04,,,3,513.9808747000061,513.9809125000029,,,rose,9,9,,,,,,,,,,,,,,,,,,,,,,,,,,,,,,None,,,None,2026-08-08_20h28.59.015,7,TSRlearn_localizer-concepts,2026-08-08 20h29.00.336696 +0200,,511.4292473999667,512.9287740999716,512.9454108999926,514.0159257999621,,,,60.03925365539914,510.66516249999404,511.4292473999667,,,510.65066320000915,511.4148233999731,,,rose\rose_07.png,,,,,,,,,,,,,,,,,,,,,,,0,0,1,None,511.4292473999667,,,,,None,,3,,,2025.2.4,,,1,511.41765690001193,512.9312115999637,,,None,None,511.4293515666543,512.3458721999777,,,130,0,2026-08-08_20:37:30.975280,130,31,localizer,,None,,None,130,130,0,130,,,,,,rose,,Rose,
516.2797955999849,517.0634970999672,0.77,,,3,517.0635634000064,517.0636070999899,,,fish,2,2,,,,,,,,,,,,,,,,,,,,,,,,,,,,,,None,,,None,2026-08-08_20h28.59.015,3,TSRlearn_localizer-concepts,2026-08-08 20h29.00.336696 +0200,,514.7784748999984,516.2774407999823,516.2941990999971,517.096938600007,,,,60.03925365539914,514.0159257999621,514.7784748999984,,,514.0049484999618,514.7642491000006,,,fish\fish_03.png,,,,,,,,,,,,,,,,,,,,,,,0,0,1,None,514.7784748999984,,,,,None,,3,,,2025.2.4,,,1,514.7671660999767,516.2797315999633,,,None,None,514.7784438666461,515.66166719998,,,131,0,2026-08-08_20:37:34.326043,131,32,localizer,,None,,None,131,131,0,131,,,,,,fish,,Fisch,
519.563045399962,520.8125597999897,1.24,,,3,520.8126300000004,520.8126663999865,,,bag,1,9,,,,,,,,,,,,,,,,,,,,,,,,,,,,,,None,,,r,2026-08-08_20h28.59.015,7,TSRlearn_localizer-concepts,2026-08-08 20h29.00.336696 +0200,,517.8608030999894,519.5767652000068,519.5767652000068,520.8464261000045,,,,60.03925365539914,517.096938600007,517.8608030999894,,,517.0798522999976,517.845991500013,,,bag\bag_07.png,,,,,,,,,,,,,,,,,,,,,,,0,1,1,None,517.8608030999894,,,,,right,,3,,,2025.2.4,,,1,517.8489054999663,519.5629813999985,,,None,None,517.8606317666747,518.7772308000131,,,132,0,2026-08-08_20:37:37.407056,132,33,localizer,,None,,None,132,132,0,132,,,,,,rose,,Rose,
523.0955063999863,524.0608822999639,0.96,,,3,524.0609434999642,524.0609757999773,,,saw,10,10,,,,,,,,,,,,,,,,,,,,,,,,,,,,,,None,,,None,2026-08-08_20h28.59.015,5,TSRlearn_localizer-concepts,2026-08-08 20h29.00.336696 +0200,,521.6093859999673,523.1093899999978,523.1093899999978,524.093720600009,,,,60.03925365539914,520.8464261000045,521.6093859999673,,,520.8319785000058,521.5950135999592,,,saw\saw_05.png,,,,,,,,,,,,,,,,,,,,,,,0,0,1,None,521.6093859999673,,,,,None,,3,,,2025.2.4,,,1,521.5979277999722,523.0954398000031,,,None,None,521.6094473666783,522.5589075000025,,,133,0,2026-08-08_20:37:41.156543,133,34,localizer,,None,,None,133,133,0,133,,,,,,saw,,Säge,
526.3601670999778,527.1436421999824,0.78,,,3,527.1437065000064,527.1437394999666,,,fish,2,2,,,,,,,,,,,,,,,,,,,,,,,,,,,,,,None,,,None,2026-08-08_20h28.59.015,10,TSRlearn_localizer-concepts,2026-08-08 20h29.00.336696 +0200,,524.8583390999702,526.3576805999619,526.3742720999871,527.1782191999955,,,,60.03925365539914,524.093720600009,524.8583390999702,,,524.0740451999591,524.8436225999612,,,fish\fish_10.png,,,,,,,,,,,,,,,,,,,,,,,0,0,1,None,524.8583390999702,,,,,None,,3,,,2025.2.4,,,1,524.8461917999666,526.3600925999926,,,None,None,524.8584515666628,525.7250364999636,,,134,0,2026-08-08_20:37:44.403838,134,35,localizer,,None,,None,134,134,0,134,,,,,,fish,,Fisch,
529.4422429999686,530.3423810999957,0.89,,,3,530.3424452999607,530.3424801999936,,,door,4,4,,,,,,,,,,,,,,,,,,,,,,,,,,,,,,None,,,None,2026-08-08_20h28.59.015,9,TSRlearn_localizer-concepts,2026-08-08 20h29.00.336696 +0200,,527.9410046999692,529.4399129999802,529.4566258999985,530.3770199999562,,,,60.03925365539914,527.1782191999955,527.9410046999692,,,527.1671254999819,527.9267844000133,,,door\door_09.png,,,,,,,,,,,,,,,,,,,,,,,0,0,1,None,527.9410046999692,,,,,None,,3,,,2025.2.4,,,1,527.9298450999777,529.442177799996,,,None,None,527.9410165666525,528.7573065999895,,,135,0,2026-08-08_20:37:47.488336,135,36,localizer,,None,,None,135,135,0,135,,,,,,door,,Tür,
532.6254605999566,533.7415431999834,1.11,,,3,533.7416078000097,533.7416423999821,,,car,5,5,,,,,,,,,,,,,,,,,,,,,,,,,,,,,,None,,,None,2026-08-08_20h28.59.015,9,TSRlearn_localizer-concepts,2026-08-08 20h29.00.336696 +0200,,531.139833299967,532.6396922999993,532.6396922999993,533.7764698999817,,,,60.03925365539914,530.3770199999562,531.139833299967,,,530.3599681999767,531.1250235000043,,,car\car_09.png,,,,,,,,,,,,,,,,,,,,,,,0,0,1,None,531.139833299967,,,,,None,,3,,,2025.2.4,,,1,531.1276876999764,532.6253941999748,,,None,None,531.1396845666497,532.0892614999902,,,136,0,2026-08-08_20:37:50.687137,136,37,localizer,,None,,None,136,136,0,136,,,,,,car,,Auto,
536.0402033000137,537.0735090000089,1.02,,,3,537.0735753999907,537.0736097999616,,,dress,3,3,,,,,,,,,,,,,,,,,,,,,,,,,,,,,,None,,,None,2026-08-08_20h28.59.015,4,TSRlearn_localizer-concepts,2026-08-08 20h29.00.336696 +0200,,534.5385757999611,536.0380210999865,536.0548274999601,537.1082551999716,,,,60.03925365539914,533.7764698999817,534.5385757999611,,,533.7610878999694,534.5240678999689,,,dress\dress_04.png,,,,,,,,,,,,,,,,,,,,,,,0,0,1,None,534.5385757999611,,,,,None,,3,,,2025.2.4,,,1,534.5268181999563,536.0401375999791,,,None,None,534.5387114666557,535.4883115999983,,,137,0,2026-08-08_20:37:54.086587,137,38,localizer,,None,,None,137,137,0,137,,,,,,dress,,Kleid,
539.3726774000097,540.3720189000014,1,,,3,540.3720822999603,540.3721144999727,,,chair,8,8,,,,,,,,,,,,,,,,,,,,,,,,,,,,,,None,,,None,2026-08-08_20h28.59.015,4,TSRlearn_localizer-concepts,2026-08-08 20h29.00.336696 +0200,,537.8709843999823,539.3701904999907,539.3871605999884,540.65421899996,,,,60.03925365539914,537.1082551999716,537.8709843999823,,,537.0925080999732,537.8565565999597,,,chair\chair_04.png,,,,,,,,,,,,,,,,,,,,,,,0,0,1,None,537.8709843999823,,,,,None,,3,,,2025.2.4,,,1,537.8596402999829,539.3726053999853,,,None,None,537.8710721666614,538.7874142999644,,,138,0,2026-08-08_20:37:57.418372,138,39,localizer,,None,,None,138,138,0,138,,,,,,chair,,Stuhl,
542.9056468000053,543.8719439000124,0.96,,,3,543.8720126000117,543.8720495000016,,,bag,1,1,,,,,,,,,,,,,,,,,,,,,,,,,,,,,,None,,,None,2026-08-08_20h28.59.015,2,TSRlearn_localizer-concepts,2026-08-08 20h29.00.336696 +0200,,541.4035809999914,542.9027738999575,542.9194418999832,543.9058048999868,,,,60.03925365539914,540.65421899996,541.4035809999914,,,540.6070138000068,541.3895103000104,,,bag\bag_02.png,,,,,,,,,,,,,,,,,,,,,,,0,0,1,None,541.4035809999914,,,,,None,,3,,,2025.2.4,,,1,541.3926292000106,542.9055773,,,None,None,541.4036541666758,542.2866616999963,,,139,0,2026-08-08_20:38:00.964336,139,40,localizer,,None,,None,139,139,0,139,,,,,,bag,,Tasche,
546.155394100002,546.9371006999863,0.78,,,3,546.9371649000095,546.9371983999736,,,door,4,4,,,,,,,,,,,,,,,,,,,,,,,,,,,,,,None,,,None,2026-08-08_20h28.59.015,4,TSRlearn_localizer-concepts,2026-08-08 20h29.00.336696 +0200,,544.668795000005,546.1686820999603,546.1686820999603,546.9708981000003,,,,60.03925365539914,543.9058048999868,544.668795000005,,,543.8895806999644,544.6544776000082,,,door\door_04.png,,,,,,,,,,,,,,,,,,,,,,,0,0,1,None,544.668795000005,,,,,None,,3,,,2025.2.4,,,1,544.6571835000068,546.1553240999929,,,None,None,544.6690584666251,545.5018039999995,,,140,0,2026-08-08_20:38:04.215922,140,41,localizer,,None,,None,140,140,0,140,,,,,,door,,Tür,
549.2222734999959,550.3190488999826,1.1,,,3,550.319110899989,550.319142399996,,,book,7,7,,,,,,,,,,,,,,,,,,,,,,,,,,,,,,None,,,None,2026-08-08_20h28.59.015,6,TSRlearn_localizer-concepts,2026-08-08 20h29.00.336696 +0200,,547.734810199996,549.2342815999873,549.2342815999873,550.3538131999667,,,,60.03925365539914,546.9708981000003,547.734810199996,,,546.9546968999784,547.7210011999705,,,book\book_06.png,,,,,,,,,,,,,,,,,,,,,,,0,0,1,None,547.734810199996,,,,,None,,3,,,2025.2.4,,,1,547.7237135999603,549.2221688999562,,,None,None,547.7350713666567,548.6179678000044,,,141,0,2026-08-08_20:38:07.281015,141,42,localizer,,None,,None,141,141,0,141,,,,,,book,,Buch,
552.6191175999702,553.6682924999623,1.04,,,3,553.668355199974,553.6683873999864,,,chair,8,8,,,,,,,,,,,,,,,,,,,,,,,,,,,,,,None,,,None,2026-08-08_20h28.59.015,10,TSRlearn_localizer-concepts,2026-08-08 20h29.00.336696 +0200,,551.1170637999894,552.61646629998,552.6331439999631,553.7012471999624,,,,60.03925365539914,550.3538131999667,551.1170637999894,,,550.3413893000106,551.1027956999606,,,chair\chair_10.png,,,,,,,,,,,,,,,,,,,,,,,0,0,1,None,551.1170637999894,,,,,None,,3,,,2025.2.4,,,1,551.1062832999742,552.6190494999755,,,None,None,551.1171701666356,552.0331149999984,,,142,0,2026-08-08_20:38:10.663930,142,43,localizer,,None,,None,142,142,0,142,,,,,,chair,,Stuhl,
556.1679670999874,557.100844200002,0.93,,,3,557.1009111999883,557.1009470999707,,,fish,2,7,,,,,,,,,,,,,,,,,,,,,,,,,,,,,,None,,,r,2026-08-08_20h28.59.015,6,TSRlearn_localizer-concepts,2026-08-08 20h29.00.336696 +0200,,554.4665292999707,556.1817868999788,556.1817868999788,557.1330742000137,,,,60.03925365539914,553.7012471999624,554.4665292999707,,,553.6828820999945,554.4513905000058,,,fish\fish_06.png,,,,,,,,,,,,,,,,,,,,,,,0,1,1,None,554.4665292999707,,,,,left,,3,,,2025.2.4,,,1,554.4546630000114,556.1679044999764,,,None,None,554.4656373666405,555.3322528999997,,,143,0,2026-08-08_20:38:14.011364,143,44,localizer,,None,,None,143,143,0,143,,,,,,book,,Buch,
559.3847710000118,560.233576699975,0.85,,,3,560.2336436999612,560.2336776999873,,,bag,1,1,,,,,,,,,,,,,,,,,,,,,,,,,,,,,,None,,,None,2026-08-08_20h28.59.015,1,TSRlearn_localizer-concepts,2026-08-08 20h29.00.336696 +0200,,557.8980683999835,559.3981039999635,559.3981039999635,560.2667939999956,,,,60.03925365539914,557.1330742000137,557.8980683999835,,,557.114700999984,557.8832709999988,,,bag\bag_01.png,,,,,,,,,,,,,,,,,,,,,,,0,0,1,None,557.8980683999835,,,,,None,,3,,,2025.2.4,,,1,557.8867322999868,559.3846972999745,,,None,None,557.8977933666358,558.797882599989,,,144,0,2026-08-08_20:38:17.443191,144,45,localizer,,None,,None,144,144,0,144,,,,,,bag,,Tasche,
562.5161773999571,563.7647735999781,1.25,,,3,563.7648622000124,563.7648970999871,,,book,7,7,,,,,,,,,,,,,,,,,,,,,,,,,,,,,,None,,,None,2026-08-08_20h28.59.015,3,TSRlearn_localizer-concepts,2026-08-08 20h29.00.336696 +0200,,561.0302971999627,562.5299423999968,562.5299423999968,563.8367365999729,,,,60.03925365539914,560.2667939999956,561.0302971999627,,,560.2522859000019,561.0155245999922,,,book\book_03.png,,,,,,,,,,,,,,,,,,,,,,,0,0,1,None,561.0302971999627,,,,,None,,3,,,2025.2.4,,,1,561.0185273999814,562.5161089999601,,,None,None,561.0302267666596,561.913728799962,,,145,0,2026-08-08_20:38:20.576911,145,46,localizer,,None,,None,145,145,0,145,,,,,,book,,Buch,
566.0975036000018,567.096919499978,0.99,,,3,567.0969818999874,567.097013599996,,,ball,6,6,,,,,,,,,,,,,,,,,,,,,,,,,,,,,,None,,,None,2026-08-08_20h28.59.015,2,TSRlearn_localizer-concepts,2026-08-08 20h29.00.336696 +0200,,564.5961691999692,566.0951312999823,566.1118917999556,567.2053042000043,,,,60.03925365539914,563.8367365999729,564.5961691999692,,,563.8092544999672,564.5821561999619,,,ball\ball_02.png,,,,,,,,,,,,,,,,,,,,,,,0,0,1,None,564.5961691999692,,,,,None,,3,,,2025.2.4,,,1,564.5851536999689,566.0974384999718,,,None,None,564.5961390666237,565.3788382000057,,,146,0,2026-08-08_20:38:24.146854,146,47,localizer,,None,,None,146,146,0,146,,,,,,ball,,Ball,
569.4481697999872,570.4635162999621,1.01,,,3,570.4635995999561,570.4636373000103,,,fish,2,2,,,,,,,,,,,,,,,,,,,,,,,,,,,,,,None,,,None,2026-08-08_20h28.59.015,2,TSRlearn_localizer-concepts,2026-08-08 20h29.00.336696 +0200,,567.9616533999797,569.4619365999824,569.4619365999824,570.4967068000115,,,,60.03925365539914,567.2053042000043,567.9616533999797,,,567.1699179999996,567.9475097999675,,,fish\fish_02.png,,,,,,,,,,,,,,,,,,,,,,,0,0,1,None,567.9616533999797,,,,,None,,3,,,2025.2.4,,,1,567.9506627999945,569.4480837999727,,,None,None,567.9617400666505,568.828131199989,,,147,0,2026-08-08_20:38:27.515421,147,48,localizer,,None,,None,147,147,0,147,,,,,,fish,,Fisch,
572.7620614999905,573.6118030999787,0.84,,,3,573.6118735999917,573.6119116999907,,,rose,9,9,,,,,,,,,,,,,,,,,,,,,,,,,,,,,,None,,,None,2026-08-08_20h28.59.015,10,TSRlearn_localizer-concepts,2026-08-08 20h29.00.336696 +0200,,571.2605110000004,572.7596976999776,572.7768422999652,573.6440775999799,,,,60.03925365539914,570.4967068000115,571.2605110000004,,,570.4836668999633,571.2462580999709,,,rose\rose_10.png,,,,,,,,,,,,,,,,,,,,,,,0,0,1,None,571.2605110000004,,,,,None,,3,,,2025.2.4,,,1,571.2495991999749,572.7619963999605,,,None,None,571.260560766623,572.1767765000113,,,148,0,2026-08-08_20:38:30.806824,148,49,localizer,,None,,None,148,148,0,148,,,,,,rose,,Rose,
575.9114719000063,576.9938835999928,1.07,,,3,576.9939466000069,3162.9968975000083,577.008387000009,592.0205092999968,car,5,5,,,,,,,,,,,,,,,,,,,,,,,,,,,,,0.09535809996305034,r,2570.8906386000453,592.004428199958,None,2026-08-08_20h28.59.015,5,TSRlearn_localizer-concepts,2026-08-08 20h29.00.336696 +0200,,574.4094762000022,575.9088583000121,575.9257971000043,577.008387000009,,,,60.03925365539914,573.6440775999799,574.4094762000022,,,573.6218768999679,574.3952711999882,,,car\car_05.png,592.004428199958,,,,,,,,,,,,,,,,,,,,,,0,0,1,None,574.4094762000022,,,,,None,,3,577.008387000009,592.0205092999968,2025.2.4,,,1,574.3984978999943,575.9114048999618,,,None,None,574.4095809666362,575.3598320999881,,,149,0,2026-08-08_20:38:33.954195,149,50,localizer,0.09535809996305034,r,2570.8906386000453,None,149,149,0,149,,,,,,car,,Auto,
3165.2963941000053,3166.1627735999646,0.86,,,4,3166.1672143999604,3166.1672635999857,,,saw,10,10,,,,,,,,,,,,,,,,,,,,,,,,,,,,,,None,,,None,2026-08-08_20h28.59.015,6,TSRlearn_localizer-concepts,2026-08-08 20h29.00.336696 +0200,,3163.794108700007,3165.293618800002,3165.310475200007,3166.192944599956,,,,60.03925365539914,3163.0287416999927,3163.794108700007,,,3163.0185483999667,3163.7796081000124,,,saw\saw_06.png,,,,,,,,,,,,,,,,,,,,,,,0,0,1,None,3163.794108700007,,,,,None,,3,,,2025.2.4,,,1,3163.7829474000027,3165.2963234999916,,,None,None,3163.793892766644,3164.7436804999597,,,150,0,2026-08-08_21:21:43.338859,150,1,localizer,,None,,None,150,150,0,150,,,,,,saw,,Säge,
3168.4441338999895,3169.5294147999957,1.08,,,4,3169.5294842000003,3169.5295208999887,,,car,5,5,,,,,,,,,,,,,,,,,,,,,,,,,,,,,,None,,,None,2026-08-08_20h28.59.015,1,TSRlearn_localizer-concepts,2026-08-08 20h29.00.336696 +0200,,3166.9428336999845,3168.441639799974,3168.458308800007,3169.5637493999675,,,,60.03925365539914,3166.192944599956,3166.9428336999845,,,3166.178065199987,3166.9287145999842,,,car\car_01.png,,,,,,,,,,,,,,,,,,,,,,,0,0,1,None,3166.9428336999845,,,,,None,,3,,,2025.2.4,,,1,3166.9316235999577,3168.4440662999987,,,None,None,3166.94316426665,3167.8933109999634,,,151,0,2026-08-08_21:21:46.503062,151,2,localizer,,None,,None,151,151,0,151,,,,,,car,,Auto,
3171.8272215999896,3173.061135499971,1.22,,,4,3173.061205999984,3173.061242799973,,,door,4,4,,,,,,,,,,,,,,,,,,,,,,,,,,,,,,None,,,None,2026-08-08_20h28.59.015,1,TSRlearn_localizer-concepts,2026-08-08 20h29.00.336696 +0200,,3170.324622699991,3171.824012099998,3171.8405183999566,3173.1194489999907,,,,60.03925365539914,3169.5637493999675,3170.324622699991,,,3169.5433462999645,3170.311004999967,,,door\door_01.png,,,,,,,,,,,,,,,,,,,,,,,0,0,1,None,3170.324622699991,,,,,None,,3,,,2025.2.4,,,1,3170.3140072000097,3171.827152599988,,,None,None,3170.3251292666578,3171.1583436999936,,,152,0,2026-08-08_21:21:49.873866,152,3,localizer,,None,,None,152,152,0,152,,,,,,door,,Tür,
3175.37570699997,3176.1753439999884,0.79,,,4,3176.1754093999625,3176.17544359999,,,rose,9,9,,,,,,,,,,,,,,,,,,,,,,,,,,,,,,None,,,None,2026-08-08_20h28.59.015,8,TSRlearn_localizer-concepts,2026-08-08 20h29.00.336696 +0200,,3173.8733895999612,3175.3730290000094,3175.38952029997,3176.208907699969,,,,60.03925365539914,3173.1194489999907,3173.8733895999612,,,3173.0849635999766,3173.860081299965,,,rose\rose_08.png,,,,,,,,,,,,,,,,,,,,,,,0,0,1,None,3173.8733895999612,,,,,None,,3,,,2025.2.4,,,1,3173.8633014999796,3175.375633799995,,,None,None,3173.8743797666434,3174.806717599975,,,153,0,2026-08-08_21:21:53.429566,153,4,localizer,,None,,None,153,153,0,153,,,,,,rose,,Rose,
3178.4751605999772,3179.524845100008,1.05,,,4,3179.524916699971,3179.5249555999762,,,bag,1,1,,,,,,,,,,,,,,,,,,,,,,,,,,,,,,None,,,None,2026-08-08_20h28.59.015,5,TSRlearn_localizer-concepts,2026-08-08 20h29.00.336696 +0200,,3176.9725261999993,3178.472137500008,3178.4890347999753,3179.5588564999634,,,,60.03925365539914,3176.208907699969,3176.9725261999993,,,3176.1899065999896,3176.958182799979,,,bag\bag_05.png,,,,,,,,,,,,,,,,,,,,,,,0,0,1,None,3176.9725261999993,,,,,None,,3,,,2025.2.4,,,1,3176.961049799982,3178.475088300009,,,None,None,3176.972531266631,3177.872171199997,,,154,0,2026-08-08_21:21:56.519025,154,5,localizer,,None,,None,154,154,0,154,,,,,,bag,,Tasche,
3181.8234615999972,3182.839863399975,1.01,,,4,3182.839933899988,3182.8399716999847,,,book,7,7,,,,,,,,,,,,,,,,,,,,,,,,,,,,,,None,,,None,2026-08-08_20h28.59.015,1,TSRlearn_localizer-concepts,2026-08-08 20h29.00.336696 +0200,,3180.3214938999736,3181.820815199986,3181.8379098000005,3182.8735826999764,,,,60.03925365539914,3179.5588564999634,3180.3214938999736,,,3179.5435099999886,3180.307539900008,,,book\book_01.png,,,,,,,,,,,,,,,,,,,,,,,0,0,1,None,3180.3214938999736,,,,,None,,3,,,2025.2.4,,,1,3180.310592999973,3181.8233818999724,,,None,None,3180.3215097666293,3181.193601200008,,,155,0,2026-08-08_21:21:59.868973,155,6,localizer,,None,,None,155,155,0,155,,,,,,book,,Buch,
3185.121701599972,3186.157318499987,1.03,,,4,3186.1573875999893,3186.157422099961,,,dress,3,3,,,,,,,,,,,,,,,,,,,,,,,,,,,,,,None,,,None,2026-08-08_20h28.59.015,9,TSRlearn_localizer-concepts,2026-08-08 20h29.00.336696 +0200,,3183.64314369997,,3185.1367666999577,3186.196874999965,,,,60.03925365539914,3182.8735826999764,3183.64314369997,,,3182.8564297999837,3183.613902000012,,,dress\dress_09.png,,,,,,,,,,,,,,,,,,,,,,,0,0,1,None,3183.64314369997,,,,,None,,3,,,2025.2.4,,,1,3183.6178765000077,3185.121622900013,,,None,None,3183.6280946666416,3184.569819699973,,,156,0,2026-08-08_21:22:03.183700,156,7,localizer,,None,,None,156,156,0,156,,,,,,dress,,Kleid,
3188.4558875999646,3189.3879898999585,0.92,,,4,3189.3880972999614,3189.388135999965,,,bag,1,1,,,,,,,,,,,,,,,,,,,,,,,,,,,,,,None,,,None,2026-08-08_20h28.59.015,9,TSRlearn_localizer-concepts,2026-08-08 20h29.00.336696 +0200,,3186.9732870999724,,3188.4700991999707,3189.4426916000084,,,,60.03925365539914,3186.196874999965,3186.9732870999724,,,3186.1775680999854,3186.9463688000105,,,bag\bag_09.png,,,,,,,,,,,,,,,,,,,,,,,0,0,1,None,3186.9732870999724,,,,,None,,3,,,2025.2.4,,,1,3186.951560699963,3188.45577890001,,,None,None,3186.958118666666,3187.8690577999805,,,157,0,2026-08-08_21:22:06.506992,157,8,localizer,,None,,None,157,157,0,157,,,,,,bag,,Tasche,
3191.9205259999726,3192.669918700005,0.75,,,4,3192.6699829999707,3192.670017800003,,,door,4,3,,,,,,,,,,,,,,,,,,,,,,,,,,,,,,None,,,r,2026-08-08_20h28.59.015,5,TSRlearn_localizer-concepts,2026-08-08 20h29.00.336696 +0200,,3190.202991999977,3191.934380599996,3191.934380599996,3192.7062988000107,,,,60.03925365539914,3189.4426916000084,3190.202991999977,,,3189.41872419999,3190.1875322000124,,,door\door_05.png,,,,,,,,,,,,,,,,,,,,,,,0,1,1,None,3190.202991999977,,,,,right,,3,,,2025.2.4,,,1,3190.190554299974,3191.9204061999917,,,None,None,3190.201909266649,3191.1627156999893,,,158,0,2026-08-08_21:22:09.752809,158,9,localizer,,None,,None,158,158,0,158,,,,,,dress,,Kleid,
3194.9697274999926,3195.905520499975,0.92,,,4,3195.9056319000083,3195.9056955999695,,,car,5,5,,,,,,,,,,,,,,,,,,,,,,,,,,,,,,None,,,None,2026-08-08_20h28.59.015,4,TSRlearn_localizer-concepts,2026-08-08 20h29.00.336696 +0200,,3193.4673443000065,3194.966912199976,3194.983783599979,3195.956258399994,,,,60.03925365539914,3192.7062988000107,3193.4673443000065,,,3192.6859529999783,3193.453477300005,,,car\car_04.png,,,,,,,,,,,,,,,,,,,,,,,0,0,1,None,3193.4673443000065,,,,,None,,3,,,2025.2.4,,,1,3193.456705599965,3194.9696538000135,,,None,None,3193.4673605666653,3194.416650899977,,,159,0,2026-08-08_21:22:13.016416,159,10,localizer,,None,,None,159,159,0,159,,,,,,car,,Auto,
3198.2179929999984,3199.1677987999865,0.94,,,4,3199.1678641999606,3199.167899699998,,,dress,3,3,,,,,,,,,,,,,,,,,,,,,,,,,,,,,,None,,,None,2026-08-08_20h28.59.015,5,TSRlearn_localizer-concepts,2026-08-08 20h29.00.336696 +0200,,3196.7160712999757,3198.2155363999773,3198.2324373999727,3199.201162299956,,,,60.03925365539914,3195.956258399994,3196.7160712999757,,,3195.9368138000136,3196.7020072999876,,,dress\dress_05.png,,,,,,,,,,,,,,,,,,,,,,,0,0,1,None,3196.7160712999757,,,,,None,,3,,,2025.2.4,,,1,3196.7047880999744,3198.217925600009,,,None,None,3196.716633366658,3197.6657616999582,,,160,0,2026-08-08_21:22:16.266375,160,11,localizer,,None,,None,160,160,0,160,,,,,,dress,,Kleid,
3201.453757399984,3202.384158800007,0.92,,,4,3202.38422909996,3202.384267699963,,,saw,10,10,,,,,,,,,,,,,,,,,,,,,,,,,,,,,,None,,,None,2026-08-08_20h28.59.015,4,TSRlearn_localizer-concepts,2026-08-08 20h29.00.336696 +0200,,3199.964950399997,3201.46520539996,3201.46520539996,3202.4360102000064,,,,60.03925365539914,3199.201162299956,3199.964950399997,,,3199.181542599981,3199.950775299978,,,saw\saw_04.png,,,,,,,,,,,,,,,,,,,,,,,0,0,1,None,3199.964950399997,,,,,None,,3,,,2025.2.4,,,1,3199.9535446999944,3201.453643899993,,,None,None,3199.965107966626,3200.9163588999654,,,161,0,2026-08-08_21:22:19.511279,161,12,localizer,,None,,None,161,161,0,161,,,,,,saw,,Säge,
3204.6831613999675,3205.499578799994,0.81,,,4,3205.499654399988,3205.4996939999983,,,ball,6,6,,,,,,,,,,,,,,,,,,,,,,,,,,,,,,None,,,None,2026-08-08_20h28.59.015,5,TSRlearn_localizer-concepts,2026-08-08 20h29.00.336696 +0200,,3203.1977264999878,3204.69715719996,3204.69715719996,3205.5336641999893,,,,60.03925365539914,3202.4360102000064,3203.1977264999878,,,3202.418554099975,3203.182444199978,,,ball\ball_05.png,,,,,,,,,,,,,,,,,,,,,,,0,0,1,None,3203.1977264999878,,,,,None,,3,,,2025.2.4,,,1,3203.185020199977,3204.683094099979,,,None,None,3203.197241166669,3203.9806853999617,,,162,0,2026-08-08_21:22:22.746127,162,13,localizer,,None,,None,162,162,0,162,,,,,,ball,,Ball,
3207.7991515999893,3208.6827225000015,0.87,,,4,3208.6827982999966,3208.6828382000094,,,door,4,4,,,,,,,,,,,,,,,,,,,,,,,,,,,,,,None,,,None,2026-08-08_20h28.59.015,8,TSRlearn_localizer-concepts,2026-08-08 20h29.00.336696 +0200,,3206.2969261999824,3207.796274299966,3207.812682399992,3208.715078999987,,,,60.03925365539914,3205.5336641999893,3206.2969261999824,,,3205.5238322999794,3206.282468099962,,,door\door_08.png,,,,,,,,,,,,,,,,,,,,,,,0,0,1,None,3206.2969261999824,,,,,None,,3,,,2025.2.4,,,1,3206.2856493999716,3207.799077200005,,,None,None,3206.296545566646,3207.129238399968,,,163,0,2026-08-08_21:22:25.843781,163,14,localizer,,None,,None,163,163,0,163,,,,,,door,,Tür,
3211.1970170999994,3212.280639500008,1.08,,,4,3212.2807080000057,3212.2807441999903,,,saw,10,7,,,,,,,,,,,,,,,,,,,,,,,,,,,,,,None,,,r,2026-08-08_20h28.59.015,2,TSRlearn_localizer-concepts,2026-08-08 20h29.00.336696 +0200,,3209.4796235999675,3211.2114781999844,3211.2114781999844,3212.313362599991,,,,60.03925365539914,3208.715078999987,3209.4796235999675,,,3208.7059536000015,3209.4658276999835,,,saw\saw_02.png,,,,,,,,,,,,,,,,,,,,,,,0,1,1,None,3209.4796235999675,,,,,left,,3,,,2025.2.4,,,1,3209.468563399976,3211.1969561000005,,,None,None,3209.479724066627,3210.3619191999896,,,164,0,2026-08-08_21:22:29.025196,164,15,localizer,,None,,None,164,164,0,164,,,,,,book,,Buch,
3214.5796682999935,3215.5462124999613,0.96,,,4,3215.546284799988,3215.546323399991,,,ball,6,6,,,,,,,,,,,,,,,,,,,,,,,,,,,,,,None,,,None,2026-08-08_20h28.59.015,1,TSRlearn_localizer-concepts,2026-08-08 20h29.00.336696 +0200,,3213.0777199000004,3214.577166299976,3214.5936758999596,3215.5991165000014,,,,60.03925365539914,3212.313362599991,3213.0777199000004,,,3212.2975484000053,3213.0672552000033,,,ball\ball_01.png,,,,,,,,,,,,,,,,,,,,,,,0,0,1,None,3213.0777199000004,,,,,None,,3,,,2025.2.4,,,1,3213.0703109999886,3214.579599199991,,,None,None,3213.0812548666768,3213.861097499961,,,165,0,2026-08-08_21:22:32.623480,165,16,localizer,,None,,None,165,165,0,165,,,,,,ball,,Ball,
3217.862379600003,3218.9451032999787,1.08,,,4,3218.945176899957,3218.9452119999914,,,door,4,4,,,,,,,,,,,,,,,,,,,,,,,,,,,,,,None,,,None,2026-08-08_20h28.59.015,6,TSRlearn_localizer-concepts,2026-08-08 20h29.00.336696 +0200,,3216.3601575999637,3217.8599065999733,3217.8762229999993,3219.018580599979,,,,60.03925365539914,3215.5991165000014,3216.3601575999637,,,3215.582305799995,3216.3461889000027,,,door\door_06.png,,,,,,,,,,,,,,,,,,,,,,,0,0,1,None,3216.3601575999637,,,,,None,,3,,,2025.2.4,,,1,3216.349185900006,3217.8623096999945,,,None,None,3216.3603214666405,3217.1937665999867,,,166,0,2026-08-08_21:22:35.909234,166,17,localizer,,None,,None,166,166,0,166,,,,,,door,,Tür,
3221.2783447999973,3222.2107400000095,0.93,,,4,3222.2108348999755,3222.2108873999678,,,chair,8,8,,,,,,,,,,,,,,,,,,,,,,,,,,,,,,None,,,None,2026-08-08_20h28.59.015,6,TSRlearn_localizer-concepts,2026-08-08 20h29.00.336696 +0200,,3219.775586500007,3221.275280700007,3221.2919137999997,3222.281423599983,,,,60.03925365539914,3219.018580599979,3219.775586500007,,,3218.9938323000097,3219.761710599996,,,chair\chair_06.png,,,,,,,,,,,,,,,,,,,,,,,0,0,1,None,3219.775586500007,,,,,None,,3,,,2025.2.4,,,1,3219.765156999987,3221.2782629999565,,,None,None,3219.7759565666242,3220.6919296999695,,,167,0,2026-08-08_21:22:39.328698,167,18,localizer,,None,,None,167,167,0,167,,,,,,chair,,Stuhl,
3224.54452950001,3225.676542899979,1.12,,,4,3225.6766113999765,3225.6766470999573,,,fish,2,2,,,,,,,,,,,,,,,,,,,,,,,,,,,,,,None,,,None,2026-08-08_20h28.59.015,7,TSRlearn_localizer-concepts,2026-08-08 20h29.00.336696 +0200,,3223.0411237999797,3224.54136079998,3224.557624799956,3225.730964599992,,,,60.03925365539914,3222.281423599983,3223.0411237999797,,,3222.2572187999613,3223.02700870001,,,fish\fish_07.png,,,,,,,,,,,,,,,,,,,,,,,0,0,1,None,3223.0411237999797,,,,,None,,3,,,2025.2.4,,,1,3223.0303423999576,3224.5444570999825,,,None,None,3223.0412278666668,3223.9082078000065,,,168,0,2026-08-08_21:22:42.591541,168,19,localizer,,None,,None,168,168,0,168,,,,,,fish,,Fisch,
3227.992206899973,3228.907862799999,0.91,,,4,3228.90792149998,3228.9079524999834,,,chair,8,8,,,,,,,,,,,,,,,,,,,,,,,,,,,,,,None,,,None,2026-08-08_20h28.59.015,2,TSRlearn_localizer-concepts,2026-08-08 20h29.00.336696 +0200,,3226.490087299957,3227.989638399973,3228.006182699988,3228.940561799973,,,,60.03925365539914,3225.730964599992,3226.490087299957,,,3225.714256700012,3226.47556349996,,,chair\chair_02.png,,,,,,,,,,,,,,,,,,,,,,,0,0,1,None,3226.490087299957,,,,,None,,3,,,2025.2.4,,,1,3226.47837659996,3227.9921395999845,,,None,None,3226.490104766625,3227.4067039999645,,,169,0,2026-08-08_21:22:46.041082,169,20,localizer,,None,,None,169,169,0,169,,,,,,chair,,Stuhl,
3231.2084589999868,3231.9912174000056,0.77,,,4,3231.9912845999934,3231.9913183999597,,,door,4,4,,,,,,,,,,,,,,,,,,,,,,,,,,,,,,None,,,None,2026-08-08_20h28.59.015,10,TSRlearn_localizer-concepts,2026-08-08 20h29.00.336696 +0200,,3229.7057056999765,3231.2057003999944,3231.2219848000095,3232.023347999959,,,,60.03925365539914,3228.940561799973,3229.7057056999765,,,3228.918557500001,3229.692061699985,,,door\door_10.png,,,,,,,,,,,,,,,,,,,,,,,0,0,1,None,3229.7057056999765,,,,,None,,3,,,2025.2.4,,,1,3229.694969400007,3231.208388899977,,,None,None,3229.7062151666655,3230.539125899959,,,170,0,2026-08-08_21:22:49.250679,170,21,localizer,,None,,None,170,170,0,170,,,,,,door,,Tür,
3234.290383899992,3235.339995199989,1.05,,,4,3235.3400600999594,3235.340095499996,,,rose,9,9,,,,,,,,,,,,,,,,,,,,,,,,,,,,,,None,,,None,2026-08-08_20h28.59.015,3,TSRlearn_localizer-concepts,2026-08-08 20h29.00.336696 +0200,,3232.7883730999893,3234.287678599998,3234.3042943999753,3235.394125299994,,,,60.03925365539914,3232.023347999959,3232.7883730999893,,,3232.005580500001,3232.774170199991,,,rose\rose_03.png,,,,,,,,,,,,,,,,,,,,,,,0,0,1,None,3232.7883730999893,,,,,None,,3,,,2025.2.4,,,1,3232.777388699993,3234.2903087000013,,,None,None,3232.7886677666725,3233.704568199988,,,171,0,2026-08-08_21:22:52.333465,171,22,localizer,,None,,None,171,171,0,171,,,,,,rose,,Rose,
3237.6568278999766,3238.8560406999895,1.2,,,4,3238.8561156999785,3238.8561528999708,,,fish,2,2,,,,,,,,,,,,,,,,,,,,,,,,,,,,,,None,,,None,2026-08-08_20h28.59.015,8,TSRlearn_localizer-concepts,2026-08-08 20h29.00.336696 +0200,,3236.1539095999906,3237.6535606000107,3237.670113499975,3238.8897216999903,,,,60.03925365539914,3235.394125299994,3236.1539095999906,,,3235.378955399967,3236.139730499999,,,fish\fish_08.png,,,,,,,,,,,,,,,,,,,,,,,0,0,1,None,3236.1539095999906,,,,,None,,3,,,2025.2.4,,,1,3236.1427161999745,3237.656725000008,,,None,None,3236.154028366673,3237.0202258999925,,,172,0,2026-08-08_21:22:55.704242,172,23,localizer,,None,,None,172,172,0,172,,,,,,fish,,Fisch,
3241.154938499967,3242.187700599956,1.02,,,4,3242.1877676000004,3242.187806400005,,,car,5,5,,,,,,,,,,,,,,,,,,,,,,,,,,,,,,None,,,None,2026-08-08_20h28.59.015,6,TSRlearn_localizer-concepts,2026-08-08 20h29.00.336696 +0200,,3239.6534441999975,3241.168631699984,3241.168631699984,3242.279555899964,,,,60.03925365539914,3238.8897216999903,3239.6534441999975,,,3238.877549499972,3239.639457000012,,,car\car_06.png,,,,,,,,,,,,,,,,,,,,,,,0,0,1,None,3239.6534441999975,,,,,None,,3,,,2025.2.4,,,1,3239.642991599976,3241.1548719999846,,,None,None,3239.653206966647,3240.6022823000094,,,173,0,2026-08-08_21:22:59.199839,173,24,localizer,,None,,None,173,173,0,173,,,,,,car,,Auto,
3244.5375009999843,3245.6198547999957,1.07,,,4,3245.619919599965,3245.619955400005,,,chair,8,8,,,,,,,,,,,,,,,,,,,,,,,,,,,,,,None,,,None,2026-08-08_20h28.59.015,5,TSRlearn_localizer-concepts,2026-08-08 20h29.00.336696 +0200,,3243.0350650000037,3244.5347329999786,3244.551406899991,3245.654616899963,,,,60.03925365539914,3242.279555899964,3243.0350650000037,,,3242.2511590999784,3243.021980599966,,,chair\chair_05.png,,,,,,,,,,,,,,,,,,,,,,,0,0,1,None,3243.0350650000037,,,,,None,,3,,,2025.2.4,,,1,3243.025433200004,3244.537414899969,,,None,None,3243.03519056668,3243.967834100011,,,174,0,2026-08-08_21:23:02.589673,174,25,localizer,,None,,None,174,174,0,174,,,,,,chair,,Stuhl,
3248.119333299983,3249.3027946999646,1.17,,,4,3249.302861300006,3249.302896599984,,,dress,3,9,,,,,,,,,,,,,,,,,,,,,,,,,,,,,,None,,,r,2026-08-08_20h28.59.015,6,TSRlearn_localizer-concepts,2026-08-08 20h29.00.336696 +0200,,3246.417056299979,3248.1335691999993,3248.1335691999993,3249.337350499991,,,,60.03925365539914,3245.654616899963,3246.417056299979,,,3245.639160599967,3246.402542399999,,,dress\dress_06.png,,,,,,,,,,,,,,,,,,,,,,,0,1,1,None,3246.417056299979,,,,,left,,3,,,2025.2.4,,,1,3246.4056056999834,3248.1192637999775,,,None,None,3246.417040566627,3247.333716299967,,,175,0,2026-08-08_21:23:05.964734,175,26,localizer,,None,,None,175,175,0,175,,,,,,rose,,Rose,
3251.5895627000136,3252.5846967999823,1,,,4,3252.584760800004,3252.584794699971,,,book,7,7,,,,,,,,,,,,,,,,,,,,,,,,,,,,,,None,,,None,2026-08-08_20h28.59.015,2,TSRlearn_localizer-concepts,2026-08-08 20h29.00.336696 +0200,,3250.100182199967,3251.6000894999597,3251.6000894999597,3252.6184705999913,,,,60.03925365539914,3249.337350499991,3250.100182199967,,,3249.3246257999563,3250.0864900999586,,,book\book_02.png,,,,,,,,,,,,,,,,,,,,,,,0,0,1,None,3250.100182199967,,,,,None,,3,,,2025.2.4,,,1,3250.0895262999693,3251.5894951999653,,,None,None,3250.1008903666557,3250.969606400002,,,176,0,2026-08-08_21:23:09.647468,176,27,localizer,,None,,None,176,176,0,176,,,,,,book,,Buch,
3254.8844566000043,3255.685118299967,0.8,,,4,3255.685187599971,3255.6852249999647,,,rose,9,9,,,,,,,,,,,,,,,,,,,,,,,,,,,,,,None,,,None,2026-08-08_20h28.59.015,6,TSRlearn_localizer-concepts,2026-08-08 20h29.00.336696 +0200,,3253.382525299967,3254.8985287999967,3254.8985287999967,3255.7181691000005,,,,60.03925365539914,3252.6184705999913,3253.382525299967,,,3252.608676599979,3253.3691891999915,,,rose\rose_06.png,,,,,,,,,,,,,,,,,,,,,,,0,0,1,None,3253.382525299967,,,,,None,,3,,,2025.2.4,,,1,3253.3721199999563,3254.8843867999967,,,None,None,3253.383162766641,3254.314930099994,,,177,0,2026-08-08_21:23:12.928588,177,28,localizer,,None,,None,177,177,0,177,,,,,,rose,,Rose,
3257.983335500001,3259.1334371999837,1.14,,,4,3259.1335113999667,3259.13355139998,,,ball,6,6,,,,,,,,,,,,,,,,,,,,,,,,,,,,,,None,,,None,2026-08-08_20h28.59.015,8,TSRlearn_localizer-concepts,2026-08-08 20h29.00.336696 +0200,,3256.4825726000126,3257.997175799974,3257.997175799974,3259.1859359999653,,,,60.03925365539914,3255.7181691000005,3256.4825726000126,,,3255.7062578999903,3256.468165499973,,,ball\ball_08.png,,,,,,,,,,,,,,,,,,,,,,,0,0,1,None,3256.4825726000126,,,,,None,,3,,,2025.2.4,,,1,3256.4711368000135,3257.9832670000033,,,None,None,3256.4825518666225,3257.264190899965,,,178,0,2026-08-08_21:23:16.028286,178,29,localizer,,None,,None,178,178,0,178,,,,,,ball,,Ball,
3261.4478430000017,3262.4524623999605,0.99,,,4,3262.452543099993,3262.4525850999635,,,car,5,5,,,,,,,,,,,,,,,,,,,,,,,,,,,,,,None,,,None,2026-08-08_20h28.59.015,7,TSRlearn_localizer-concepts,2026-08-08 20h29.00.336696 +0200,,3259.958036599972,3261.4625185999903,3261.4625185999903,3262.504191599961,,,,60.03925365539914,3259.1859359999653,3259.958036599972,,,3259.161982699996,3259.932770699961,,,car\car_07.png,,,,,,,,,,,,,,,,,,,,,,,0,0,1,None,3259.958036599972,,,,,None,,3,,,2025.2.4,,,1,3259.9361632000073,3261.4477712999796,,,None,None,3259.946929366623,3260.903496599989,,,179,0,2026-08-08_21:23:19.496053,179,30,localizer,,None,,None,179,179,0,179,,,,,,car,,Auto,
3264.8308408999583,3265.7480115999933,0.91,,,4,3265.74808759999,3265.748125699989,,,dress,3,3,,,,,,,,,,,,,,,,,,,,,,,,,,,,,,None,,,None,2026-08-08_20h28.59.015,7,TSRlearn_localizer-concepts,2026-08-08 20h29.00.336696 +0200,,3263.345606099989,,3264.844837999961,3265.7818085000035,,,,60.03925365539914,3262.504191599961,3263.345606099989,,,3262.4751116000116,3263.3266028999933,,,dress\dress_07.png,,,,,,,,,,,,,,,,,,,,,,,0,0,1,None,3263.345606099989,,,,,None,,3,,,2025.2.4,,,1,3263.3321489999653,3264.8307661999715,,,None,None,3263.337177666665,3264.296042300004,,,180,0,2026-08-08_21:23:22.814309,180,31,localizer,,None,,None,180,180,0,180,,,,,,dress,,Kleid,
3268.0468577999854,3269.2961146999733,1.24,,,4,3269.296186599997,3269.2962262000074,,,book,7,7,,,,,,,,,,,,,,,,,,,,,,,,,,,,,,None,,,None,2026-08-08_20h28.59.015,10,TSRlearn_localizer-concepts,2026-08-08 20h29.00.336696 +0200,,3266.5485594999627,3268.0604361000005,3268.0604361000005,3269.330324699986,,,,60.03925365539914,3265.7818085000035,3266.5485594999627,,,3265.771796999965,3266.5328466999927,,,book\book_10.png,,,,,,,,,,,,,,,,,,,,,,,0,0,1,None,3266.5485594999627,,,,,None,,3,,,2025.2.4,,,1,3266.537119399989,3268.0467845000094,,,None,None,3266.545062066642,3267.431851000001,,,181,0,2026-08-08_21:23:26.091926,181,32,localizer,,None,,None,181,181,0,181,,,,,,book,,Buch,
3271.579791199998,3272.3618784999708,0.78,,,4,3272.361945999961,3272.36198039999,,,ball,6,6,,,,,,,,,,,,,,,,,,,,,,,,,,,,,,None,,,None,2026-08-08_20h28.59.015,9,TSRlearn_localizer-concepts,2026-08-08 20h29.00.336696 +0200,,3270.093445800012,3271.593135699979,3271.593135699979,3272.3959453999996,,,,60.03925365539914,3269.330324699986,3270.093445800012,,,3269.3127223000047,3270.0793071999797,,,ball\ball_09.png,,,,,,,,,,,,,,,,,,,,,,,0,0,1,None,3270.093445800012,,,,,None,,3,,,2025.2.4,,,1,3270.0822377000004,3271.579724899959,,,None,None,3270.0934500666376,3270.8779906000127,,,182,0,2026-08-08_21:23:29.640442,182,33,localizer,,None,,None,182,182,0,182,,,,,,ball,,Ball,
3274.660862599965,3275.494204799994,0.83,,,4,3275.4942736999947,3275.494309499976,,,rose,9,9,,,,,,,,,,,,,,,,,,,,,,,,,,,,,,None,,,None,2026-08-08_20h28.59.015,4,TSRlearn_localizer-concepts,2026-08-08 20h29.00.336696 +0200,,3273.160102199996,3274.6749608999817,3274.6749608999817,3275.527492199966,,,,60.03925365539914,3272.3959453999996,3273.160102199996,,,3272.3846988999867,3273.145906199992,,,rose\rose_04.png,,,,,,,,,,,,,,,,,,,,,,,0,0,1,None,3273.160102199996,,,,,None,,3,,,2025.2.4,,,1,3273.149140900001,3274.6607921000104,,,None,None,3273.160192566637,3274.0918833999895,,,183,0,2026-08-08_21:23:32.706062,183,34,localizer,,None,,None,183,183,0,183,,,,,,rose,,Rose,
3277.7935091999825,3278.542515399982,0.75,,,4,3278.5425901999697,3278.542629499978,,,chair,8,8,,,,,,,,,,,,,,,,,,,,,,,,,,,,,,None,,,None,2026-08-08_20h28.59.015,3,TSRlearn_localizer-concepts,2026-08-08 20h29.00.336696 +0200,,3276.2910690999706,3277.7907334999763,3277.8072860999964,3278.5994906999986,,,,60.03925365539914,3275.527492199966,3276.2910690999706,,,3275.510250399995,3276.2773114999873,,,chair\chair_03.png,,,,,,,,,,,,,,,,,,,,,,,0,0,1,None,3276.2910690999706,,,,,None,,3,,,2025.2.4,,,1,3276.2807759999996,3277.7934184999904,,,None,None,3276.2915549666545,3277.2076188999927,,,184,0,2026-08-08_21:23:35.837609,184,35,localizer,,None,,None,184,184,0,184,,,,,,chair,,Stuhl,
3280.858260500012,3281.9911220999784,1.13,,,4,3281.9911961999605,3281.9912376999855,,,bag,1,1,,,,,,,,,,,,,,,,,,,,,,,,,,,,,,None,,,None,2026-08-08_20h28.59.015,4,TSRlearn_localizer-concepts,2026-08-08 20h29.00.336696 +0200,,3279.356967300002,3280.8560734000057,3280.87263529998,3282.0260173999704,,,,60.03925365539914,3278.5994906999986,3279.356967300002,,,3278.5735069999937,3279.3436912999605,,,bag\bag_04.png,,,,,,,,,,,,,,,,,,,,,,,0,0,1,None,3279.356967300002,,,,,None,,3,,,2025.2.4,,,1,3279.3470678000012,3280.8581938999705,,,None,None,3279.357316666636,3280.2564013999654,,,185,0,2026-08-08_21:23:38.909608,185,36,localizer,,None,,None,185,185,0,185,,,,,,bag,,Tasche,
3284.290977799974,3285.324243699957,1.02,,,4,3285.3243121000123,3285.3243466999847,,,saw,10,10,,,,,,,,,,,,,,,,,,,,,,,,,,,,,,None,,,None,2026-08-08_20h28.59.015,7,TSRlearn_localizer-concepts,2026-08-08 20h29.00.336696 +0200,,3282.789123099996,3284.2884334999835,3284.305055200006,3285.356854999962,,,,60.03925365539914,3282.0260173999704,3282.789123099996,,,3282.008627399977,3282.774895599985,,,saw\saw_07.png,,,,,,,,,,,,,,,,,,,,,,,0,0,1,None,3282.789123099996,,,,,None,,3,,,2025.2.4,,,1,3282.778170900012,3284.2909065999556,,,None,None,3282.78923446668,3283.738978899957,,,186,0,2026-08-08_21:23:42.336134,186,37,localizer,,None,,None,186,186,0,186,,,,,,saw,,Säge,
3287.6229761999566,3288.6066346999723,0.97,,,4,3288.6067352999817,3288.606785599957,,,car,5,5,,,,,,,,,,,,,,,,,,,,,,,,,,,,,,None,,,None,2026-08-08_20h28.59.015,2,TSRlearn_localizer-concepts,2026-08-08 20h29.00.336696 +0200,,3286.1213509999798,3287.6205626999727,3287.6372384999995,3288.6417791999993,,,,60.03925365539914,3285.356854999962,3286.1213509999798,,,3285.3374475999735,3286.1074606999755,,,car\car_02.png,,,,,,,,,,,,,,,,,,,,,,,0,0,1,None,3286.1213509999798,,,,,None,,3,,,2025.2.4,,,1,3286.110768499959,3287.6229050999973,,,None,None,3286.1216843666666,3287.071060599992,,,187,0,2026-08-08_21:23:45.666972,187,38,localizer,,None,,None,187,187,0,187,,,,,,car,,Auto,
3291.1222136999713,3292.221843199979,1.1,,,4,3292.221909999964,3292.221946100006,,,bag,1,8,,,,,,,,,,,,,,,,,,,,,,,,,,,,,,None,,,r,2026-08-08_20h28.59.015,3,TSRlearn_localizer-concepts,2026-08-08 20h29.00.336696 +0200,,3289.4036417999887,3291.136145800003,3291.136145800003,3292.254853199993,,,,60.03925365539914,3288.6417791999993,3289.4036417999887,,,3288.630496800004,3289.389097600011,,,bag\bag_03.png,,,,,,,,,,,,,,,,,,,,,,,0,1,1,None,3289.4036417999887,,,,,right,,3,,,2025.2.4,,,1,3289.3926652999944,3291.1220826999634,,,None,None,3289.403470166672,3290.320470299979,,,188,0,2026-08-08_21:23:48.951896,188,39,localizer,,None,,None,188,188,0,188,,,,,,chair,,Stuhl,
3294.521593799989,3295.453944500012,0.92,,,4,3295.454009899986,3295.4540437000105,,,book,7,7,,,,,,,,,,,,,,,,,,,,,,,,,,,,,,None,,,None,2026-08-08_20h28.59.015,4,TSRlearn_localizer-concepts,2026-08-08 20h29.00.336696 +0200,,3293.019031999982,3294.51890179998,3294.535996199993,3295.4889819999808,,,,60.03925365539914,3292.254853199993,3293.019031999982,,,3292.2356750000035,3293.004516099987,,,book\book_04.png,,,,,,,,,,,,,,,,,,,,,,,0,0,1,None,3293.019031999982,,,,,None,,3,,,2025.2.4,,,1,3293.007454900013,3294.5215182999964,,,None,None,3293.0188847666764,3293.8856955000083,,,189,0,2026-08-08_21:23:52.564970,189,40,localizer,,None,,None,189,189,0,189,,,,,,book,,Buch,
3297.7535198999685,3298.8041505999863,1.04,,,4,3298.8042490999796,3298.8043038999895,,,dress,3,3,,,,,,,,,,,,,,,,,,,,,,,,,,,,,,None,,,None,2026-08-08_20h28.59.015,8,TSRlearn_localizer-concepts,2026-08-08 20h29.00.336696 +0200,,3296.2515399999684,3297.750806099968,3297.767342499981,3298.83665979997,,,,60.03925365539914,3295.4889819999808,3296.2515399999684,,,3295.476980199979,3296.237315699982,,,dress\dress_08.png,,,,,,,,,,,,,,,,,,,,,,,0,0,1,None,3296.2515399999684,,,,,None,,3,,,2025.2.4,,,1,3296.2407870999887,3297.753450499964,,,None,None,3296.2515863666235,3297.2010834999965,,,190,0,2026-08-08_21:23:55.799099,190,41,localizer,,None,,None,190,190,0,190,,,,,,dress,,Kleid,
3301.318613099982,3302.218556799984,0.9,,,4,3302.218623099965,3302.2186580999987,,,fish,2,4,,,,,,,,,,,,,,,,,,,,,,,,,,,,,,None,,,r,2026-08-08_20h28.59.015,1,TSRlearn_localizer-concepts,2026-08-08 20h29.00.336696 +0200,,3299.6002870000084,3301.3330316999927,3301.3330316999927,3302.2539233000134,,,,60.03925365539914,3298.83665979997,3299.6002870000084,,,3298.8204758999636,3299.5861009999644,,,fish\fish_01.png,,,,,,,,,,,,,,,,,,,,,,,0,1,1,None,3299.6002870000084,,,,,left,,3,,,2025.2.4,,,1,3299.5888178999885,3301.3185494999634,,,None,None,3299.6005284666358,3300.4168534000055,,,191,0,2026-08-08_21:23:59.146777,191,42,localizer,,None,,None,191,191,0,191,,,,,,door,,Tür,
3304.518261999998,3305.6839326999616,1.16,,,4,3305.683998099994,3305.6840326999663,,,chair,8,8,,,,,,,,,,,,,,,,,,,,,,,,,,,,,,None,,,None,2026-08-08_20h28.59.015,9,TSRlearn_localizer-concepts,2026-08-08 20h29.00.336696 +0200,,3303.0159920000006,3304.5156359999673,3304.5322163999663,3305.717545099964,,,,60.03925365539914,3302.2539233000134,3303.0159920000006,,,3302.2375052999705,3303.0018801999977,,,chair\chair_09.png,,,,,,,,,,,,,,,,,,,,,,,0,0,1,None,3303.0159920000006,,,,,None,,3,,,2025.2.4,,,1,3303.005273899995,3304.5181908999803,,,None,None,3303.0160897666397,3303.9486594999908,,,192,0,2026-08-08_21:24:02.564040,192,43,localizer,,None,,None,192,192,0,192,,,,,,chair,,Stuhl,
3307.983873099962,3308.7494708999875,0.76,,,4,3308.7495470999856,3308.7495882000076,,,rose,9,9,,,,,,,,,,,,,,,,,,,,,,,,,,,,,,None,,,None,2026-08-08_20h28.59.015,5,TSRlearn_localizer-concepts,2026-08-08 20h29.00.336696 +0200,,3306.481686699961,3307.981313599972,3308.0034324000007,3308.783851599961,,,,60.03925365539914,3305.717545099964,3306.481686699961,,,3305.7077365999576,3306.4677297999733,,,rose\rose_05.png,,,,,,,,,,,,,,,,,,,,,,,0,0,1,None,3306.481686699961,,,,,None,,3,,,2025.2.4,,,1,3306.4713109000004,3307.983798899979,,,None,None,3306.4818941666786,3307.414317699964,,,193,0,2026-08-08_21:24:06.027662,193,44,localizer,,None,,None,193,193,0,193,,,,,,rose,,Rose,
3311.0496956999996,3312.1488659000024,1.09,,,4,3312.1489324999857,3312.1489673999604,,,saw,10,10,,,,,,,,,,,,,,,,,,,,,,,,,,,,,,None,,,None,2026-08-08_20h28.59.015,3,TSRlearn_localizer-concepts,2026-08-08 20h29.00.336696 +0200,,3309.547321399965,3311.0468055999954,3311.0634972999687,3312.183507399983,,,,60.03925365539914,3308.783851599961,3309.547321399965,,,3308.76476749999,3309.533623299969,,,saw\saw_03.png,,,,,,,,,,,,,,,,,,,,,,,0,0,1,None,3309.547321399965,,,,,None,,3,,,2025.2.4,,,1,3309.53711689997,3311.0496235999744,,,None,None,3309.54763796664,3310.4967096999753,,,194,0,2026-08-08_21:24:09.093969,194,45,localizer,,None,,None,194,194,0,194,,,,,,saw,,Säge,
3314.433526500012,3315.365084499994,0.92,,,4,3315.3651645999635,3315.365207099996,,,book,7,7,,,,,,,,,,,,,,,,,,,,,,,,,,,,,,None,,,None,2026-08-08_20h28.59.015,9,TSRlearn_localizer-concepts,2026-08-08 20h29.00.336696 +0200,,3312.9463496999815,3314.4464971999987,3314.4464971999987,3315.4190027999575,,,,60.03925365539914,3312.183507399983,3312.9463496999815,,,3312.1714390999987,3312.9322414000053,,,book\book_09.png,,,,,,,,,,,,,,,,,,,,,,,0,0,1,None,3312.9463496999815,,,,,None,,3,,,2025.2.4,,,1,3312.9352138999966,3314.4334407999995,,,None,None,3312.9464310666704,3313.8293993999832,,,195,0,2026-08-08_21:24:12.493624,195,46,localizer,,None,,None,195,195,0,195,,,,,,book,,Buch,
3317.680255699961,3318.680333199969,1,,,4,3318.680400100013,3318.6804358999943,,,fish,2,2,,,,,,,,,,,,,,,,,,,,,,,,,,,,,,None,,,None,2026-08-08_20h28.59.015,4,TSRlearn_localizer-concepts,2026-08-08 20h29.00.336696 +0200,,3316.1786719000083,3317.6778108999715,3317.6947206999757,3318.732145099959,,,,60.03925365539914,3315.4190027999575,3316.1786719000083,,,3315.4052354999585,3316.164945799974,,,fish\fish_04.png,,,,,,,,,,,,,,,,,,,,,,,0,0,1,None,3316.1786719000083,,,,,None,,3,,,2025.2.4,,,1,3316.1679355999804,3317.6801852000062,,,None,None,3316.1788914666436,3317.0614892999874,,,196,0,2026-08-08_21:24:15.729120,196,47,localizer,,None,,None,196,196,0,196,,,,,,fish,,Fisch,
3320.9967169999727,3321.8787333999644,0.88,,,4,3321.8787989999983,3321.878834699979,,,ball,6,6,,,,,,,,,,,,,,,,,,,,,,,,,,,,,,None,,,None,2026-08-08_20h28.59.015,4,TSRlearn_localizer-concepts,2026-08-08 20h29.00.336696 +0200,,3319.4939823999885,3320.993769599998,3321.0096673999797,3321.913980299956,,,,60.03925365539914,3318.732145099959,3319.4939823999885,,,3318.715653799998,3319.4803799999645,,,ball\ball_04.png,,,,,,,,,,,,,,,,,,,,,,,0,0,1,None,3319.4939823999885,,,,,None,,3,,,2025.2.4,,,1,3319.483160200005,3320.996643099992,,,None,None,3319.494597766669,3320.277178999968,,,197,0,2026-08-08_21:24:19.042262,197,48,localizer,,None,,None,197,197,0,197,,,,,,ball,,Ball,
3324.178143900004,3325.078113299969,0.9,,,4,3325.0782338000135,3325.0782959999633,,,fish,2,2,,,,,,,,,,,,,,,,,,,,,,,,,,,,,,None,,,None,2026-08-08_20h28.59.015,5,TSRlearn_localizer-concepts,2026-08-08 20h29.00.336696 +0200,,3322.676334299962,3324.1756808999926,3324.1923271999694,3325.1302529000095,,,,60.03925365539914,3321.913980299956,3322.676334299962,,,3321.895767499984,3322.662175000005,,,fish\fish_05.png,,,,,,,,,,,,,,,,,,,,,,,0,0,1,None,3322.676334299962,,,,,None,,3,,,2025.2.4,,,1,3322.6652495999588,3324.1780741999974,,,None,None,3322.676419666623,3323.559301099973,,,198,0,2026-08-08_21:24:22.224097,198,49,localizer,,None,,None,198,198,0,198,,,,,,fish,,Fisch,
3327.3941254999954,3328.244530999975,0.85,,,4,3328.244602699997,3373.213841299992,3328.25823029998,3343.270126599993,bag,1,1,,,,,,,,,,,,,,,,,,,,,,,,,,,,,0.10370970005169511,r,29.846391599974595,3343.2534843999892,None,2026-08-08_20h28.59.015,8,TSRlearn_localizer-concepts,2026-08-08 20h29.00.336696 +0200,,3325.8920775000006,3327.391574500012,3327.408139700012,3328.25823029998,,,,60.03925365539914,3325.1302529000095,3325.8920775000006,,,3325.1039156999905,3325.8777198999887,,,bag\bag_08.png,3343.2534843999892,,,,,,,,,,,,,,,,,,,,,,0,0,1,None,3325.8920775000006,,,,,None,,3,3328.25823029998,3343.270126599993,2025.2.4,,,1,3325.8806899999618,3327.394056399993,,,None,None,3325.8920286666294,3326.7915813999716,,,199,0,2026-08-08_21:24:25.440370,199,50,localizer,0.10370970005169511,r,29.846391599974595,None,199,199,0,199,,,,,,bag,,Tasche,
3375.5307714999653,3376.4788105000043,0.95,,,5,3376.482516799995,3376.4825606999802,,,rose,9,9,,,,,,,,,,,,,,,,,,,,,,,,,,,,,,None,,,None,2026-08-08_20h28.59.015,9,TSRlearn_localizer-concepts,2026-08-08 20h29.00.336696 +0200,,3374.027282199997,3375.527212099987,3375.5441313000047,3376.547765299969,,,,60.03925365539914,3373.2653667000122,3374.027282199997,,,3373.247955399973,3374.0132899999735,,,rose\rose_09.png,,,,,,,,,,,,,,,,,,,,,,,0,0,1,None,3374.027282199997,,,,,None,,3,,,2025.2.4,,,1,3374.0162654999876,3375.5306975999847,,,None,None,3374.0274196666473,3374.960654800001,,,200,0,2026-08-08_21:25:13.575484,200,1,localizer,,None,,None,200,200,0,200,,,,,,rose,,Rose,
3379.0279946000082,3380.0448947999976,1.01,,,5,3380.044962199987,3380.044998699974,,,fish,2,8,,,,,,,,,,,,,,,,,,,,,,,,,,,,,,None,,,r,2026-08-08_20h28.59.015,9,TSRlearn_localizer-concepts,2026-08-08 20h29.00.336696 +0200,,3377.3102910000016,3379.0427030000137,3379.0427030000137,3380.0783202999737,,,,60.03925365539914,3376.547765299969,3377.3102910000016,,,3376.522349899984,3377.296320299967,,,fish\fish_09.png,,,,,,,,,,,,,,,,,,,,,,,0,1,1,None,3377.3102910000016,,,,,right,,3,,,2025.2.4,,,1,3377.299627200002,3379.027934899961,,,None,None,3377.310299166657,3378.243007299956,,,201,0,2026-08-08_21:25:16.857882,201,2,localizer,,None,,None,201,201,0,201,,,,,,chair,,Stuhl,
3382.3435814999975,3383.1604933000053,0.81,,,5,3383.1605621000053,3383.1605979999877,,,rose,9,9,,,,,,,,,,,,,,,,,,,,,,,,,,,,,,None,,,None,2026-08-08_20h28.59.015,1,TSRlearn_localizer-concepts,2026-08-08 20h29.00.336696 +0200,,3380.842228900001,3382.3578175999573,3382.3578175999573,3383.1934318999993,,,,60.03925365539914,3380.0783202999737,3380.842228900001,,,3380.0663655999815,3380.8280754999723,,,rose\rose_01.png,,,,,,,,,,,,,,,,,,,,,,,0,0,1,None,3380.842228900001,,,,,None,,3,,,2025.2.4,,,1,3380.8316390999826,3382.343519199989,,,None,None,3380.8424326666322,3381.774545399996,,,202,0,2026-08-08_21:25:20.388437,202,3,localizer,,None,,None,202,202,0,202,,,,,,rose,,Rose,
3385.459722600004,3386.2423894999665,0.78,,,5,3386.2424542999943,3386.2424870000104,,,fish,2,2,,,,,,,,,,,,,,,,,,,,,,,,,,,,,,None,,,None,2026-08-08_20h28.59.015,1,TSRlearn_localizer-concepts,2026-08-08 20h29.00.336696 +0200,,3383.957776699972,3385.457111499971,3385.4737139999634,3386.2777360999607,,,,60.03925365539914,3383.1934318999993,3383.957776699972,,,3383.178190900013,3383.9437439999892,,,fish\fish_01.png,,,,,,,,,,,,,,,,,,,,,,,0,0,1,None,3383.957776699972,,,,,None,,3,,,2025.2.4,,,1,3383.9469076999812,3385.459654300008,,,None,None,3383.9577834666748,3384.8404103000066,,,203,0,2026-08-08_21:25:23.503549,203,4,localizer,,None,,None,203,203,0,203,,,,,,fish,,Fisch,
3388.541766199982,3389.6082395999692,1.06,,,5,3389.6083078999654,3389.6083439000067,,,bag,1,1,,,,,,,,,,,,,,,,,,,,,,,,,,,,,,None,,,None,2026-08-08_20h28.59.015,3,TSRlearn_localizer-concepts,2026-08-08 20h29.00.336696 +0200,,3387.03994789999,3388.53921409999,3388.555944999971,3389.6434422999737,,,,60.03925365539914,3386.2777360999607,3387.03994789999,,,3386.2643099999987,3387.026003999985,,,bag\bag_03.png,,,,,,,,,,,,,,,,,,,,,,,0,0,1,None,3387.03994789999,,,,,None,,3,,,2025.2.4,,,1,3387.029019699956,3388.541702599963,,,None,None,3387.0400146666257,3387.9395156999817,,,204,0,2026-08-08_21:25:26.587853,204,5,localizer,,None,,None,204,204,0,204,,,,,,bag,,Tasche,
3391.907290000003,3392.7897759999614,0.88,,,5,3392.7898373999633,3392.789869099972,,,door,4,4,,,,,,,,,,,,,,,,,,,,,,,,,,,,,,None,,,None,2026-08-08_20h28.59.015,7,TSRlearn_localizer-concepts,2026-08-08 20h29.00.336696 +0200,,3390.4057833999977,3391.9048036999884,3391.9214838999906,3392.823556499963,,,,60.03925365539914,3389.6434422999737,3390.4057833999977,,,3389.6319368999684,3390.3911805999815,,,door\door_07.png,,,,,,,,,,,,,,,,,,,,,,,0,0,1,None,3390.4057833999977,,,,,None,,3,,,2025.2.4,,,1,3390.394190799969,3391.9072228999576,,,None,None,3390.4055344666745,3391.2387483000057,,,205,0,2026-08-08_21:25:29.953559,205,6,localizer,,None,,None,205,205,0,205,,,,,,door,,Tür,
3395.089387899963,3396.2894606000045,1.19,,,5,3396.289525499975,3396.289561100013,,,chair,8,8,,,,,,,,,,,,,,,,,,,,,,,,,,,,,,None,,,None,2026-08-08_20h28.59.015,3,TSRlearn_localizer-concepts,2026-08-08 20h29.00.336696 +0200,,3393.587902600004,3395.087135699985,3395.103812199959,3396.341687100008,,,,60.03925365539914,3392.823556499963,3393.587902600004,,,3392.8043535999605,3393.5738909000065,,,chair\chair_03.png,,,,,,,,,,,,,,,,,,,,,,,0,0,1,None,3393.587902600004,,,,,None,,3,,,2025.2.4,,,1,3393.577242899977,3395.089314699988,,,None,None,3393.587956066655,3394.5208521999884,,,206,0,2026-08-08_21:25:33.133673,206,7,localizer,,None,,None,206,206,0,206,,,,,,chair,,Stuhl,
3398.5891027000034,3399.5547287999652,0.96,,,5,3399.5547973999637,3399.5548315999913,,,door,4,4,,,,,,,,,,,,,,,,,,,,,,,,,,,,,,None,,,None,2026-08-08_20h28.59.015,6,TSRlearn_localizer-concepts,2026-08-08 20h29.00.336696 +0200,,3397.1032447000034,3398.6028508999734,3398.6028508999734,3399.5886744000018,,,,60.03925365539914,3396.341687100008,3397.1032447000034,,,3396.319403600006,3397.0884239999577,,,door\door_06.png,,,,,,,,,,,,,,,,,,,,,,,0,0,1,None,3397.1032447000034,,,,,None,,3,,,2025.2.4,,,1,3397.091463799996,3398.5890352000133,,,None,None,3397.1031774666667,3397.936302499962,,,207,0,2026-08-08_21:25:36.651804,207,8,localizer,,None,,None,207,207,0,207,,,,,,door,,Tür,
3401.8538824999705,3402.6211253000074,0.76,,,5,3402.6211967999698,3402.6212353999726,,,car,5,5,,,,,,,,,,,,,,,,,,,,,,,,,,,,,,None,,,None,2026-08-08_20h28.59.015,8,TSRlearn_localizer-concepts,2026-08-08 20h29.00.336696 +0200,,3400.3522536999662,3401.851635499974,3401.8683964000084,3402.6754772999557,,,,60.03925365539914,3399.5886744000018,3400.3522536999662,,,3399.5727170999744,3400.337719700008,,,car\car_08.png,,,,,,,,,,,,,,,,,,,,,,,0,0,1,None,3400.3522536999662,,,,,None,,3,,,2025.2.4,,,1,3400.340441600012,3401.853818100004,,,None,None,3400.3522892666556,3401.3021832999657,,,208,0,2026-08-08_21:25:39.898791,208,9,localizer,,None,,None,208,208,0,208,,,,,,car,,Auto,
3404.9370773999835,3405.7372330999933,0.8,,,5,3405.737299999979,3405.737334900012,,,ball,6,6,,,,,,,,,,,,,,,,,,,,,,,,,,,,,,None,,,None,2026-08-08_20h28.59.015,4,TSRlearn_localizer-concepts,2026-08-08 20h29.00.336696 +0200,,3403.4348259000108,3404.9344105999917,3404.951438399963,3405.788433699985,,,,60.03925365539914,3402.6754772999557,3403.4348259000108,,,3402.65821329999,3403.420877699973,,,ball\ball_04.png,,,,,,,,,,,,,,,,,,,,,,,0,0,1,None,3403.4348259000108,,,,,None,,3,,,2025.2.4,,,1,3403.424106599996,3404.937005899963,,,None,None,3403.434973366679,3404.2176145999692,,,209,0,2026-08-08_21:25:42.985594,209,10,localizer,,None,,None,209,209,0,209,,,,,,ball,,Ball,
3408.052643199975,3409.252614099998,1.19,,,5,3409.252692400012,3409.2527340999804,,,dress,3,3,,,,,,,,,,,,,,,,,,,,,,,,,,,,,,None,,,None,2026-08-08_20h28.59.015,3,TSRlearn_localizer-concepts,2026-08-08 20h29.00.336696 +0200,,3406.550685999973,3408.0501315,3408.066771199985,3409.286206299963,,,,60.03925365539914,3405.788433699985,3406.550685999973,,,3405.768591800006,3406.5366321000038,,,dress\dress_03.png,,,,,,,,,,,,,,,,,,,,,,,0,0,1,None,3406.550685999973,,,,,None,,3,,,2025.2.4,,,1,3406.539957700006,3408.052573199966,,,None,None,3406.5509303666227,3407.5002642999752,,,210,0,2026-08-08_21:25:46.098551,210,11,localizer,,None,,None,210,210,0,210,,,,,,dress,,Kleid,
3411.551401100005,3412.4342527000117,0.88,,,5,3412.434318399988,3412.434354499972,,,book,7,7,,,,,,,,,,,,,,,,,,,,,,,,,,,,,,None,,,None,2026-08-08_20h28.59.015,6,TSRlearn_localizer-concepts,2026-08-08 20h29.00.336696 +0200,,3410.0495725999936,3411.548785299994,3411.565325399977,3412.4666939000017,,,,60.03925365539914,3409.286206299963,3410.0495725999936,,,3409.2705819999683,3410.035033799999,,,book\book_06.png,,,,,,,,,,,,,,,,,,,,,,,0,0,1,None,3410.0495725999936,,,,,None,,3,,,2025.2.4,,,1,3410.0376355999615,3411.5513317000004,,,None,None,3410.049740766645,3410.932532400009,,,211,0,2026-08-08_21:25:49.596323,211,12,localizer,,None,,None,211,211,0,211,,,,,,book,,Buch,
3414.9333562999964,3415.8503688999917,0.91,,,5,3415.850449499965,3415.850492700003,,,dress,3,4,,,,,,,,,,,,,,,,,,,,,,,,,,,,,,None,,,r,2026-08-08_20h28.59.015,2,TSRlearn_localizer-concepts,2026-08-08 20h29.00.336696 +0200,,3413.2315780000063,3414.94751909998,3414.94751909998,3415.8843051999575,,,,60.03925365539914,3412.4666939000017,3413.2315780000063,,,3412.444882199983,3413.2168290999834,,,dress\dress_02.png,,,,,,,,,,,,,,,,,,,,,,,0,1,1,None,3413.2315780000063,,,,,left,,3,,,2025.2.4,,,1,3413.2193246000097,3414.9332985999645,,,None,None,3413.231480666673,3414.0644847999793,,,212,0,2026-08-08_21:25:52.776811,212,13,localizer,,None,,None,212,212,0,212,,,,,,door,,Tür,
3418.1496245999588,3419.0324470999767,0.88,,,5,3419.032513299957,3419.0325483999914,,,saw,10,10,,,,,,,,,,,,,,,,,,,,,,,,,,,,,,None,,,None,2026-08-08_20h28.59.015,1,TSRlearn_localizer-concepts,2026-08-08 20h29.00.336696 +0200,,3416.647411599988,3418.147022099991,3418.166440000001,3419.1049327999935,,,,60.03925365539914,3415.8843051999575,3416.647411599988,,,3415.8720855999854,3416.634550699964,,,saw\saw_01.png,,,,,,,,,,,,,,,,,,,,,,,0,0,1,None,3416.647411599988,,,,,None,,3,,,2025.2.4,,,1,3416.637750599999,3418.149553299998,,,None,None,3416.647908166637,3417.5967268999666,,,213,0,2026-08-08_21:25:56.194422,213,14,localizer,,None,,None,213,213,0,213,,,,,,saw,,Säge,
3421.3646964000072,3422.3491591999773,0.98,,,5,3422.34924999997,3422.3492931000073,,,ball,6,6,,,,,,,,,,,,,,,,,,,,,,,,,,,,,,None,,,None,2026-08-08_20h28.59.015,2,TSRlearn_localizer-concepts,2026-08-08 20h29.00.336696 +0200,,3419.8629557999666,3421.3620116999955,3421.3791319999727,3422.4736422999995,,,,60.03925365539914,3419.1049327999935,3419.8629557999666,,,3419.081849899958,3419.847879500012,,,ball\ball_02.png,,,,,,,,,,,,,,,,,,,,,,,0,0,1,None,3419.8629557999666,,,,,None,,3,,,2025.2.4,,,1,3419.850423099997,3421.3646307999734,,,None,None,3419.862706966644,3420.6457667999784,,,214,0,2026-08-08_21:25:59.415050,214,15,localizer,,None,,None,214,214,0,214,,,,,,ball,,Ball,
3424.730313099979,3425.8467199999723,1.11,,,5,3425.8467804999673,3425.846812599979,,,fish,2,2,,,,,,,,,,,,,,,,,,,,,,,,,,,,,,None,,,None,2026-08-08_20h28.59.015,2,TSRlearn_localizer-concepts,2026-08-08 20h29.00.336696 +0200,,3423.2286737000104,3424.7278017000062,3424.7444166999776,3425.900765199971,,,,60.03925365539914,3422.4736422999995,3423.2286737000104,,,3422.4330188999884,3423.214650399983,,,fish\fish_02.png,,,,,,,,,,,,,,,,,,,,,,,0,0,1,None,3423.2286737000104,,,,,None,,3,,,2025.2.4,,,1,3423.2180492999614,3424.7302353999694,,,None,None,3423.2289459666395,3424.0952887999592,,,215,0,2026-08-08_21:26:02.783759,215,16,localizer,,None,,None,215,215,0,215,,,,,,fish,,Fisch,
3428.163014199992,3429.34572089999,1.18,,,5,3429.34578579996,3429.34582029999,,,chair,8,8,,,,,,,,,,,,,,,,,,,,,,,,,,,,,,None,,,None,2026-08-08_20h28.59.015,2,TSRlearn_localizer-concepts,2026-08-08 20h29.00.336696 +0200,,3426.6609075999586,3428.176764999982,3428.176764999982,3429.3784859000007,,,,60.03925365539914,3425.900765199971,3426.6609075999586,,,3425.880989599973,3426.64724869997,,,chair\chair_02.png,,,,,,,,,,,,,,,,,,,,,,,0,0,1,None,3426.6609075999586,,,,,None,,3,,,2025.2.4,,,1,3426.6507534999982,3428.1629482000135,,,None,None,3426.6610473666265,3427.5770221999846,,,216,0,2026-08-08_21:26:06.210882,216,17,localizer,,None,,None,216,216,0,216,,,,,,chair,,Stuhl,
3431.6448014999623,3432.578316400002,0.93,,,5,3432.5783854000038,3432.578420399979,,,saw,10,10,,,,,,,,,,,,,,,,,,,,,,,,,,,,,,None,,,None,2026-08-08_20h28.59.015,3,TSRlearn_localizer-concepts,2026-08-08 20h29.00.336696 +0200,,3430.143184299988,3431.642261700006,3431.6590474999975,3432.6183327999897,,,,60.03925365539914,3429.3784859000007,3430.143184299988,,,3429.3611910999753,3430.1291315999697,,,saw\saw_03.png,,,,,,,,,,,,,,,,,,,,,,,0,0,1,None,3430.143184299988,,,,,None,,3,,,2025.2.4,,,1,3430.1319207999622,3431.6447271999787,,,None,None,3430.1429304666276,3431.0926600999665,,,217,0,2026-08-08_21:26:09.688603,217,18,localizer,,None,,None,217,217,0,217,,,,,,saw,,Säge,
3434.877794799977,3435.6768256999785,0.8,,,5,3435.676894299977,3435.676929500012,,,car,5,5,,,,,,,,,,,,,,,,,,,,,,,,,,,,,,None,,,None,2026-08-08_20h28.59.015,3,TSRlearn_localizer-concepts,2026-08-08 20h29.00.336696 +0200,,3433.3752898999956,3434.8748178000096,3434.8919551,3435.7094641999574,,,,60.03925365539914,3432.6183327999897,3433.3752898999956,,,3432.59650699998,3433.3605891999905,,,car\car_03.png,,,,,,,,,,,,,,,,,,,,,,,0,0,1,None,3433.3752898999956,,,,,None,,3,,,2025.2.4,,,1,3433.3634587000124,3434.877714500006,,,None,None,3433.375216366669,3434.3248012000113,,,218,0,2026-08-08_21:26:12.928450,218,19,localizer,,None,,None,218,218,0,218,,,,,,car,,Auto,
3437.976258200011,3438.8925123999943,0.91,,,5,3438.892574700003,3438.8926064000116,,,book,7,7,,,,,,,,,,,,,,,,,,,,,,,,,,,,,,None,,,None,2026-08-08_20h28.59.015,9,TSRlearn_localizer-concepts,2026-08-08 20h29.00.336696 +0200,,3436.4749792999937,3437.990526199981,3437.990526199981,3438.9266929999576,,,,60.03925365539914,3435.7094641999574,3436.4749792999937,,,3435.6965345999924,3436.459786799969,,,book\book_09.png,,,,,,,,,,,,,,,,,,,,,,,0,0,1,None,3436.4749792999937,,,,,None,,3,,,2025.2.4,,,1,3436.4624562999816,3437.976192799979,,,None,None,3436.4742195666227,3437.3572920999723,,,219,0,2026-08-08_21:26:16.019581,219,20,localizer,,None,,None,219,219,0,219,,,,,,book,,Buch,
3441.1925154000055,3442.3749183999607,1.17,,,5,3442.3749876999645,3442.3750242000096,,,dress,3,3,,,,,,,,,,,,,,,,,,,,,,,,,,,,,,None,,,None,2026-08-08_20h28.59.015,8,TSRlearn_localizer-concepts,2026-08-08 20h29.00.336696 +0200,,3439.6898816999746,3441.1894656000077,3441.206142399984,3442.408648599987,,,,60.03925365539914,3438.9266929999576,3439.6898816999746,,,3438.9139032000094,3439.6757694999687,,,dress\dress_08.png,,,,,,,,,,,,,,,,,,,,,,,0,0,1,None,3439.6898816999746,,,,,None,,3,,,2025.2.4,,,1,3439.6789904999896,3441.192432599957,,,None,None,3439.690206066651,3440.6401546999696,,,220,0,2026-08-08_21:26:19.236810,220,21,localizer,,None,,None,220,220,0,220,,,,,,dress,,Kleid,
3444.67472869996,3445.857174500008,1.17,,,5,3445.857243000006,3445.857278199983,,,book,7,7,,,,,,,,,,,,,,,,,,,,,,,,,,,,,,None,,,None,2026-08-08_20h28.59.015,5,TSRlearn_localizer-concepts,2026-08-08 20h29.00.336696 +0200,,3443.172423799988,3444.6719575999887,3444.688621599984,3445.8921864999575,,,,60.03925365539914,3442.408648599987,3443.172423799988,,,3442.3995203999802,3443.1589119000128,,,book\book_05.png,,,,,,,,,,,,,,,,,,,,,,,0,0,1,None,3443.172423799988,,,,,None,,3,,,2025.2.4,,,1,3443.1619342999766,3444.6746537999716,,,None,None,3443.1724530666293,3444.0551725999685,,,221,0,2026-08-08_21:26:22.718765,221,22,localizer,,None,,None,221,221,0,221,,,,,,book,,Buch,
3448.156036100001,3448.95690369996,0.79,,,5,3448.95697379997,3448.9570096000098,,,saw,10,10,,,,,,,,,,,,,,,,,,,,,,,,,,,,,,None,,,None,2026-08-08_20h28.59.015,7,TSRlearn_localizer-concepts,2026-08-08 20h29.00.336696 +0200,,3446.654653800011,3448.1536742000026,3448.170400800009,3448.989032899961,,,,60.03925365539914,3445.8921864999575,3446.654653800011,,,3445.8757469999837,3446.6405808000127,,,saw\saw_07.png,,,,,,,,,,,,,,,,,,,,,,,0,0,1,None,3446.654653800011,,,,,None,,3,,,2025.2.4,,,1,3446.6437709999736,3448.1559720999794,,,None,None,3446.654762566676,3447.604294699966,,,222,0,2026-08-08_21:26:26.202303,222,23,localizer,,None,,None,222,222,0,222,,,,,,saw,,Säge,
3451.4721405999735,3452.7218520999886,1.24,,,5,3452.721924100013,3452.721958099981,,,door,4,5,,,,,,,,,,,,,,,,,,,,,,,,,,,,,,None,,,r,2026-08-08_20h28.59.015,8,TSRlearn_localizer-concepts,2026-08-08 20h29.00.336696 +0200,,3449.753784700006,3451.4860651000054,3451.4860651000054,3452.754421099962,,,,60.03925365539914,3448.989032899961,3449.753784700006,,,3448.978751299961,3449.7407560999854,,,door\door_08.png,,,,,,,,,,,,,,,,,,,,,,,0,1,1,None,3449.753784700006,,,,,left,,3,,,2025.2.4,,,1,3449.744157899986,3451.472071599972,,,None,None,3449.7538715666783,3450.702892499976,,,223,0,2026-08-08_21:26:29.299150,223,24,localizer,,None,,None,223,223,0,223,,,,,,car,,Auto,
3455.0204160999856,3455.920131199993,0.89,,,5,3455.920194300008,3455.9202263999614,,,saw,10,10,,,,,,,,,,,,,,,,,,,,,,,,,,,,,,None,,,None,2026-08-08_20h28.59.015,6,TSRlearn_localizer-concepts,2026-08-08 20h29.00.336696 +0200,,3453.518885999976,3455.018133500009,3455.0350686999736,3455.9543773999903,,,,60.03925365539914,3452.754421099962,3453.518885999976,,,3452.7329462000052,3453.5045022999984,,,saw\saw_06.png,,,,,,,,,,,,,,,,,,,,,,,0,0,1,None,3453.518885999976,,,,,None,,3,,,2025.2.4,,,1,3453.5076307000127,3455.02035289997,,,None,None,3453.5188250666292,3454.468826299999,,,224,0,2026-08-08_21:26:33.064538,224,25,localizer,,None,,None,224,224,0,224,,,,,,saw,,Säge,
3458.2035660999827,3459.36913810001,1.16,,,5,3459.36920299998,3459.369236700004,,,dress,3,3,,,,,,,,,,,,,,,,,,,,,,,,,,,,,,None,,,None,2026-08-08_20h28.59.015,7,TSRlearn_localizer-concepts,2026-08-08 20h29.00.336696 +0200,,3456.7178469999926,3458.2173304999596,3458.2173304999596,3459.424796999956,,,,60.03925365539914,3455.9543773999903,3456.7178469999926,,,3455.936584100011,3456.703106299974,,,dress\dress_07.png,,,,,,,,,,,,,,,,,,,,,,,0,0,1,None,3456.7178469999926,,,,,None,,3,,,2025.2.4,,,1,3456.7059001000016,3458.203490899992,,,None,None,3456.7177737666684,3457.667811499967,,,225,0,2026-08-08_21:26:36.264494,225,26,localizer,,None,,None,225,225,0,225,,,,,,dress,,Kleid,
3461.6860435999697,3462.8188043999835,1.13,,,5,3462.81887139997,3462.818906100001,,,chair,8,8,,,,,,,,,,,,,,,,,,,,,,,,,,,,,,None,,,None,2026-08-08_20h28.59.015,6,TSRlearn_localizer-concepts,2026-08-08 20h29.00.336696 +0200,,3460.1834978999686,3461.683210999996,3461.6998802999733,3462.872088300006,,,,60.03925365539914,3459.424796999956,3460.1834978999686,,,3459.4094310000073,3460.168987299956,,,chair\chair_06.png,,,,,,,,,,,,,,,,,,,,,,,0,0,1,None,3460.1834978999686,,,,,None,,3,,,2025.2.4,,,1,3460.1719532000134,3461.6859632999985,,,None,None,3460.183611066667,3461.116602199967,,,226,0,2026-08-08_21:26:39.734914,226,27,localizer,,None,,None,226,226,0,226,,,,,,chair,,Stuhl,
3465.1347708000103,3465.951335199992,0.81,,,5,3465.9514124999987,3465.951455099974,,,bag,1,1,,,,,,,,,,,,,,,,,,,,,,,,,,,,,,None,,,None,2026-08-08_20h28.59.015,4,TSRlearn_localizer-concepts,2026-08-08 20h29.00.336696 +0200,,3463.632553500007,3465.132329199987,3465.1486465999624,3465.985484100005,,,,60.03925365539914,3462.872088300006,3463.632553500007,,,3462.851007899968,3463.6186138999765,,,bag\bag_04.png,,,,,,,,,,,,,,,,,,,,,,,0,0,1,None,3463.632553500007,,,,,None,,3,,,2025.2.4,,,1,3463.6213817999815,3465.134704099968,,,None,None,3463.632860566668,3464.5321769999573,,,227,0,2026-08-08_21:26:43.182205,227,28,localizer,,None,,None,227,227,0,227,,,,,,bag,,Tasche,
3468.250410299981,3469.249968499993,1,,,5,3469.250041799969,3469.250081599981,,,dress,3,3,,,,,,,,,,,,,,,,,,,,,,,,,,,,,,None,,,None,2026-08-08_20h28.59.015,4,TSRlearn_localizer-concepts,2026-08-08 20h29.00.336696 +0200,,3466.7483298999723,3468.2477919000085,3468.2645327000064,3469.281636299973,,,,60.03925365539914,3465.985484100005,3466.7483298999723,,,3465.9727764999843,3466.733774299966,,,dress\dress_04.png,,,,,,,,,,,,,,,,,,,,,,,0,0,1,None,3466.7483298999723,,,,,None,,3,,,2025.2.4,,,1,3466.7365514999838,3468.2503417999833,,,None,None,3466.748525366657,3467.6983826999785,,,228,0,2026-08-08_21:26:46.295601,228,29,localizer,,None,,None,228,228,0,228,,,,,,dress,,Kleid,
3471.548391599965,3472.365092399996,0.81,,,5,3472.365155800013,3472.3651890999754,,,car,5,5,,,,,,,,,,,,,,,,,,,,,,,,,,,,,,None,,,None,2026-08-08_20h28.59.015,5,TSRlearn_localizer-concepts,2026-08-08 20h29.00.336696 +0200,,3470.0479195999797,3471.5628872999805,3471.5628872999805,3472.4174846999813,,,,60.03925365539914,3469.281636299973,3470.0479195999797,,,3469.2614029999822,3470.033895200002,,,car\car_05.png,,,,,,,,,,,,,,,,,,,,,,,0,0,1,None,3470.0479195999797,,,,,None,,3,,,2025.2.4,,,1,3470.037171999982,3471.5483298999607,,,None,None,3470.047962566667,3470.9970100999926,,,229,0,2026-08-08_21:26:49.591753,229,30,localizer,,None,,None,229,229,0,229,,,,,,car,,Auto,
3474.681642199983,3475.563844999997,0.88,,,5,3475.5639144000015,3475.563953100005,,,door,4,4,,,,,,,,,,,,,,,,,,,,,,,,,,,,,,None,,,None,2026-08-08_20h28.59.015,3,TSRlearn_localizer-concepts,2026-08-08 20h29.00.336696 +0200,,3473.1793677000096,3474.6788293999853,3474.6953802999924,3475.579303000006,,,,60.03925365539914,3472.4174846999813,3473.1793677000096,,,3472.3959990000003,3473.1650776999886,,,door\door_03.png,,,,,,,,,,,,,,,,,,,,,,,0,0,1,None,3473.1793677000096,,,,,None,,3,,,2025.2.4,,,1,3473.168086699967,3474.6815655999817,,,None,None,3473.1794700666255,3474.0123337999685,,,230,0,2026-08-08_21:26:52.727602,230,31,localizer,,None,,None,230,230,0,230,,,,,,door,,Tür,
3477.8463153999764,3478.929860299977,1.08,,,5,3478.9299268999603,3478.929960999987,,,book,7,7,,,,,,,,,,,,,,,,,,,,,,,,,,,,,,None,,,None,2026-08-08_20h28.59.015,7,TSRlearn_localizer-concepts,2026-08-08 20h29.00.336696 +0200,,3476.3449538999703,3477.8442087000003,3477.860954499978,3479.020934499975,,,,60.03925365539914,3475.579303000006,3476.3449538999703,,,3475.5703934999765,3476.3301213000086,,,book\book_07.png,,,,,,,,,,,,,,,,,,,,,,,0,0,1,None,3476.3449538999703,,,,,None,,3,,,2025.2.4,,,1,3476.3329569000052,3477.8462511000107,,,None,None,3476.344886466632,3477.2280382000026,,,231,0,2026-08-08_21:26:55.889420,231,32,localizer,,None,,None,231,231,0,231,,,,,,book,,Buch,
3481.279564599972,3482.262714799959,0.98,,,5,3482.262799399963,3482.262835600006,,,chair,8,8,,,,,,,,,,,,,,,,,,,,,,,,,,,,,,None,,,None,2026-08-08_20h28.59.015,5,TSRlearn_localizer-concepts,2026-08-08 20h29.00.336696 +0200,,3479.7774476999766,3481.2768990999903,3481.29342479998,3482.2945262999856,,,,60.03925365539914,3479.020934499975,3479.7774476999766,,,3478.9890823999885,3479.763405899983,,,chair\chair_05.png,,,,,,,,,,,,,,,,,,,,,,,0,0,1,None,3479.7774476999766,,,,,None,,3,,,2025.2.4,,,1,3479.7671051999787,3481.2794952999684,,,None,None,3479.7776003666263,3480.7104315999895,,,232,0,2026-08-08_21:26:59.331052,232,33,localizer,,None,,None,232,232,0,232,,,,,,chair,,Stuhl,
3484.5620734000113,3485.4447556000086,0.87,,,5,3485.444870700012,3485.44493269996,,,bag,1,1,,,,,,,,,,,,,,,,,,,,,,,,,,,,,,None,,,None,2026-08-08_20h28.59.015,1,TSRlearn_localizer-concepts,2026-08-08 20h29.00.336696 +0200,,3483.06034299999,3484.5759599999874,3484.5759599999874,3485.689823099994,,,,60.03925365539914,3482.2945262999856,3483.06034299999,,,3482.2777585999575,3483.045846199966,,,bag\bag_01.png,,,,,,,,,,,,,,,,,,,,,,,0,0,1,None,3483.06034299999,,,,,None,,3,,,2025.2.4,,,1,3483.0489016000065,3484.5620061999653,,,None,None,3483.0597754666273,3483.959182199964,,,233,0,2026-08-08_21:27:02.604643,233,34,localizer,,None,,None,233,233,0,233,,,,,,bag,,Tasche,
3487.9435391000006,3488.743791999994,0.79,,,5,3488.743868199992,3488.7439092999557,,,ball,6,6,,,,,,,,,,,,,,,,,,,,,,,,,,,,,,None,,,None,2026-08-08_20h28.59.015,7,TSRlearn_localizer-concepts,2026-08-08 20h29.00.336696 +0200,,3486.4417853999767,3487.941152399988,3487.9577176999883,3488.7777571000042,,,,60.03925365539914,3485.689823099994,3486.4417853999767,,,3485.6296902999748,3486.4272612999775,,,ball\ball_07.png,,,,,,,,,,,,,,,,,,,,,,,0,0,1,None,3486.4417853999767,,,,,None,,3,,,2025.2.4,,,1,3486.430044799985,3487.943473499967,,,None,None,3486.441793066628,3487.2247817000025,,,234,0,2026-08-08_21:27:05.999940,234,35,localizer,,None,,None,234,234,0,234,,,,,,ball,,Ball,
3491.0431769000133,3492.1086960000102,1.06,,,5,3492.1087583999615,3492.1087893999647,,,car,5,5,,,,,,,,,,,,,,,,,,,,,,,,,,,,,,None,,,None,2026-08-08_20h28.59.015,9,TSRlearn_localizer-concepts,2026-08-08 20h29.00.336696 +0200,,3489.5416332999594,3491.0569013999775,3491.0569013999775,3492.141614699969,,,,60.03925365539914,3488.7777571000042,3489.5416332999594,,,3488.762219599972,3489.5268420999637,,,car\car_09.png,,,,,,,,,,,,,,,,,,,,,,,0,0,1,None,3489.5416332999594,,,,,None,,3,,,2025.2.4,,,1,3489.530376299983,3491.0431095999666,,,None,None,3489.540988166646,3490.4908223999664,,,235,0,2026-08-08_21:27:09.087874,235,36,localizer,,None,,None,235,235,0,235,,,,,,car,,Auto,
3494.407893900003,3495.5252944999957,1.11,,,5,3495.525362399989,3495.5253994999803,,,rose,9,9,,,,,,,,,,,,,,,,,,,,,,,,,,,,,,None,,,None,2026-08-08_20h28.59.015,5,TSRlearn_localizer-concepts,2026-08-08 20h29.00.336696 +0200,,3492.9069820999866,3494.4224415000062,3494.4224415000062,3495.5755234999815,,,,60.03925365539914,3492.141614699969,3492.9069820999866,,,3492.1287691000034,3492.8925683000125,,,rose\rose_05.png,,,,,,,,,,,,,,,,,,,,,,,0,0,1,None,3492.9069820999866,,,,,None,,3,,,2025.2.4,,,1,3492.8960025999695,3494.4078326000017,,,None,None,3492.9066301666358,3493.8395659999806,,,236,0,2026-08-08_21:27:12.451732,236,37,localizer,,None,,None,236,236,0,236,,,,,,rose,,Rose,
3497.8411260999856,3498.9402008999605,1.09,,,5,3498.940264199977,3498.940297299996,,,ball,6,6,,,,,,,,,,,,,,,,,,,,,,,,,,,,,,None,,,None,2026-08-08_20h28.59.015,6,TSRlearn_localizer-concepts,2026-08-08 20h29.00.336696 +0200,,3496.3389334999956,3497.8383883999777,3497.85499610001,3498.974543899996,,,,60.03925365539914,3495.5755234999815,3496.3389334999956,,,3495.550576300011,3496.3252584,,,ball\ball_06.png,,,,,,,,,,,,,,,,,,,,,,,0,0,1,None,3496.3389334999956,,,,,None,,3,,,2025.2.4,,,1,3496.3280424000113,3497.841053799959,,,None,None,3496.33925496665,3497.121803999995,,,237,0,2026-08-08_21:27:15.885641,237,38,localizer,,None,,None,237,237,0,237,,,,,,ball,,Ball,
3501.4404805999948,3502.6393166999915,1.19,,,5,3502.639384499984,3502.6394187000114,,,bag,1,10,,,,,,,,,,,,,,,,,,,,,,,,,,,,,,None,,,r,2026-08-08_20h28.59.015,6,TSRlearn_localizer-concepts,2026-08-08 20h29.00.336696 +0200,,3499.737975900003,3501.4547180999652,3501.4547180999652,3502.672242600005,,,,60.03925365539914,3498.974543899996,3499.737975900003,,,3498.959233600006,3499.724069799995,,,bag\bag_06.png,,,,,,,,,,,,,,,,,,,,,,,0,1,1,None,3499.737975900003,,,,,right,,3,,,2025.2.4,,,1,3499.7272066999576,3501.440411299991,,,None,None,3499.738103166634,3500.6873845999944,,,238,0,2026-08-08_21:27:19.284661,238,39,localizer,,None,,None,238,238,0,238,,,,,,saw,,Säge,
3504.938388300012,3506.154449499969,1.21,,,5,3506.1545156000066,3506.1545502999797,,,rose,9,9,,,,,,,,,,,,,,,,,,,,,,,,,,,,,,None,,,None,2026-08-08_20h28.59.015,10,TSRlearn_localizer-concepts,2026-08-08 20h29.00.336696 +0200,,3503.4368061999558,3504.936018700013,3504.9527290000115,3506.1882478999905,,,,60.03925365539914,3502.672242600005,3503.4368061999558,,,3502.658012299973,3503.4227347999695,,,rose\rose_10.png,,,,,,,,,,,,,,,,,,,,,,,0,0,1,None,3503.4368061999558,,,,,None,,3,,,2025.2.4,,,1,3503.4262480000034,3504.938317799999,,,None,None,3503.436864166641,3504.3693640999845,,,239,0,2026-08-08_21:27:22.982360,239,40,localizer,,None,,None,239,239,0,239,,,,,,rose,,Rose,
3508.453770299966,3509.437703399977,0.97,,,5,3509.437779299973,3509.437818199978,,,bag,1,1,,,,,,,,,,,,,,,,,,,,,,,,,,,,,,None,,,None,2026-08-08_20h28.59.015,5,TSRlearn_localizer-concepts,2026-08-08 20h29.00.336696 +0200,,3506.9522372999927,3508.451390800008,3508.4680190999643,3509.4699795999913,,,,60.03925365539914,3506.1882478999905,3506.9522372999927,,,3506.1688443999738,3506.9383316999883,,,bag\bag_05.png,,,,,,,,,,,,,,,,,,,,,,,0,0,1,None,3506.9522372999927,,,,,None,,3,,,2025.2.4,,,1,3506.941413499997,3508.4537037999835,,,None,None,3506.952632666628,3507.851584399992,,,240,0,2026-08-08_21:27:26.498365,240,41,localizer,,None,,None,240,240,0,240,,,,,,bag,,Tasche,
3511.736624399957,3512.6192762000137,0.87,,,5,3512.619342699996,3512.619377199968,,,saw,10,10,,,,,,,,,,,,,,,,,,,,,,,,,,,,,,None,,,None,2026-08-08_20h28.59.015,9,TSRlearn_localizer-concepts,2026-08-08 20h29.00.336696 +0200,,3510.234966399963,3511.750396999996,3511.750396999996,3512.8855443999637,,,,60.03925365539914,3509.4699795999913,3510.234966399963,,,3509.4497621000046,3510.2204361999757,,,saw\saw_09.png,,,,,,,,,,,,,,,,,,,,,,,0,0,1,None,3510.234966399963,,,,,None,,3,,,2025.2.4,,,1,3510.223455999978,3511.7365565999644,,,None,None,3510.2346649666474,3511.184245499957,,,241,0,2026-08-08_21:27:29.780097,241,42,localizer,,None,,None,241,241,0,241,,,,,,saw,,Säge,
3515.1514615999768,3516.2350470999954,1.08,,,5,3516.2351308999932,3516.235175799986,,,ball,6,6,,,,,,,,,,,,,,,,,,,,,,,,,,,,,,None,,,None,2026-08-08_20h28.59.015,3,TSRlearn_localizer-concepts,2026-08-08 20h29.00.336696 +0200,,3513.650212400011,3515.165864999988,3515.165864999988,3516.2675359999994,,,,60.03925365539914,3512.8855443999637,3513.650212400011,,,3512.822055800003,3513.6361463000067,,,ball\ball_03.png,,,,,,,,,,,,,,,,,,,,,,,0,0,1,None,3513.650212400011,,,,,None,,3,,,2025.2.4,,,1,3513.639707299997,3515.151398799964,,,None,None,3513.65032416664,3514.4331555999815,,,242,0,2026-08-08_21:27:33.195661,242,43,localizer,,None,,None,242,242,0,242,,,,,,ball,,Ball,
3518.533533399983,3519.617713399988,1.07,,,5,3519.6177845000057,3519.6178214999964,,,door,4,4,,,,,,,,,,,,,,,,,,,,,,,,,,,,,,None,,,None,2026-08-08_20h28.59.015,10,TSRlearn_localizer-concepts,2026-08-08 20h29.00.336696 +0200,,3517.032290400006,3518.5315104000038,3518.5481612999574,3519.682368799986,,,,60.03925365539914,3516.2675359999994,3517.032290400006,,,3516.2494862999883,3517.0172274999786,,,door\door_10.png,,,,,,,,,,,,,,,,,,,,,,,0,0,1,None,3517.032290400006,,,,,None,,3,,,2025.2.4,,,1,3517.019963299972,3518.5334712999756,,,None,None,3517.0320189666277,3517.848807099974,,,243,0,2026-08-08_21:27:36.577653,243,44,localizer,,None,,None,243,243,0,243,,,,,,door,,Tür,
3521.933328299958,3523.0661657999735,1.13,,,5,3523.0662321000127,3523.0662676999927,,,fish,2,2,,,,,,,,,,,,,,,,,,,,,,,,,,,,,,None,,,None,2026-08-08_20h28.59.015,4,TSRlearn_localizer-concepts,2026-08-08 20h29.00.336696 +0200,,3520.4313697000034,3521.9306765999645,3521.9476846999605,3523.1011743000126,,,,60.03925365539914,3519.682368799986,3520.4313697000034,,,3519.656969500007,3520.4172131000087,,,fish\fish_04.png,,,,,,,,,,,,,,,,,,,,,,,0,0,1,None,3520.4313697000034,,,,,None,,3,,,2025.2.4,,,1,3520.4204091999563,3521.933253599971,,,None,None,3520.4314429666306,3521.3141036999878,,,244,0,2026-08-08_21:27:39.992486,244,45,localizer,,None,,None,244,244,0,244,,,,,,fish,,Fisch,
3525.365428099991,3526.265060100006,0.9,,,5,3526.265123499965,3526.2651583999977,,,chair,8,8,,,,,,,,,,,,,,,,,,,,,,,,,,,,,,None,,,None,2026-08-08_20h28.59.015,4,TSRlearn_localizer-concepts,2026-08-08 20h29.00.336696 +0200,,3523.8634605999687,3525.3627860000124,3525.3800361999893,3526.2980639999732,,,,60.03925365539914,3523.1011743000126,3523.8634605999687,,,3523.0867784,3523.8486257999903,,,chair\chair_04.png,,,,,,,,,,,,,,,,,,,,,,,0,0,1,None,3523.8634605999687,,,,,None,,3,,,2025.2.4,,,1,3523.851863799966,3525.365350899985,,,None,None,3523.8632894666557,3524.780336499971,,,245,0,2026-08-08_21:27:43.411291,245,46,localizer,,None,,None,245,245,0,245,,,,,,chair,,Stuhl,
3528.564657799958,3529.431541499973,0.86,,,5,3529.431622300006,3529.4316654999857,,,rose,9,9,,,,,,,,,,,,,,,,,,,,,,,,,,,,,,None,,,None,2026-08-08_20h28.59.015,2,TSRlearn_localizer-concepts,2026-08-08 20h29.00.336696 +0200,,3527.062720099988,3528.562191999983,3528.578728099994,3529.4619781000074,,,,60.03925365539914,3526.2980639999732,3527.062720099988,,,3526.288783099968,3527.048801500001,,,rose\rose_02.png,,,,,,,,,,,,,,,,,,,,,,,0,0,1,None,3527.062720099988,,,,,None,,3,,,2025.2.4,,,1,3527.0522927999846,3528.5645832999726,,,None,None,3527.063056266638,3527.9793293999974,,,246,0,2026-08-08_21:27:46.608181,246,47,localizer,,None,,None,246,246,0,246,,,,,,rose,,Rose,
3531.9140128999716,3532.7957540999632,0.87,,,5,3532.7958152999636,3532.795846299967,,,car,5,6,,,,,,,,,,,,,,,,,,,,,,,,,,,,,,None,,,r,2026-08-08_20h28.59.015,1,TSRlearn_localizer-concepts,2026-08-08 20h29.00.336696 +0200,,3530.211781299964,3531.927698799991,3531.927698799991,3532.8498334999895,,,,60.03925365539914,3529.4619781000074,3530.211781299964,,,3529.442946999974,3530.1967353000073,,,car\car_01.png,,,,,,,,,,,,,,,,,,,,,,,0,1,1,None,3530.211781299964,,,,,right,,3,,,2025.2.4,,,1,3530.1993191000074,3531.9139155999874,,,None,None,3530.211366866661,3530.994873699965,,,247,0,2026-08-08_21:27:49.772095,247,48,localizer,,None,,None,247,247,0,247,,,,,,ball,,Ball,
3535.1129391999566,3535.9114257000037,0.79,,,5,3535.9114890999626,3535.911520899972,,,fish,2,2,,,,,,,,,,,,,,,,,,,,,,,,,,,,,,None,,,None,2026-08-08_20h28.59.015,7,TSRlearn_localizer-concepts,2026-08-08 20h29.00.336696 +0200,,3533.6106816999963,3535.109923699987,3535.1267353000003,3535.9451397999655,,,,60.03925365539914,3532.8498334999895,3533.6106816999963,,,3532.8361830000067,3533.5966030000127,,,fish\fish_07.png,,,,,,,,,,,,,,,,,,,,,,,0,0,1,None,3533.6106816999963,,,,,None,,3,,,2025.2.4,,,1,3533.5995792999747,3535.112865299976,,,None,None,3533.6107114666415,3534.476633000013,,,248,0,2026-08-08_21:27:53.159950,248,49,localizer,,None,,None,248,248,0,248,,,,,,fish,,Fisch,
3538.2108336999663,3539.443633799965,1.23,,,5,3539.44369559997,4210.301031799987,3539.4583426999743,3554.471050399996,book,7,7,,,,,,,,,,,,,,,,,,,,,,,,,,,,,0.15196250000735745,r,655.6785219999729,3554.4538686999585,None,2026-08-08_20h28.59.015,8,TSRlearn_localizer-concepts,2026-08-08 20h29.00.336696 +0200,,3536.7093133999733,3538.208622700011,3538.2252545999945,3539.4583426999743,,,,60.03925365539914,3535.9451397999655,3536.7093133999733,,,3535.931353199994,3536.695041899977,,,book\book_08.png,3554.4538686999585,,,,,,,,,,,,,,,,,,,,,,0,0,1,None,3536.7093133999733,,,,,None,,3,3539.4583426999743,3554.471050399996,2025.2.4,,,1,3536.6980333999963,3538.210768399993,,,None,None,3536.7093876666663,3537.5921631999663,,,249,0,2026-08-08_21:27:56.255257,249,50,localizer,0.15196250000735745,r,655.6785219999729,None,249,249,0,249,,,,,,book,,Buch,
4212.616698700003,4213.466780999966,0.85,,,6,4213.47133749997,4213.471387600002,,,rose,9,9,,,,,,,,,,,,,,,,,,,,,,,,,,,,,,None,,,None,2026-08-08_20h28.59.015,4,TSRlearn_localizer-concepts,2026-08-08 20h29.00.336696 +0200,,4211.113501999993,4212.613394299988,4212.629862000002,4213.517656599986,,,,60.03925365539914,4210.34875939996,4211.113501999993,,,4210.334682099987,4211.099877199973,,,rose\rose_04.png,,,,,,,,,,,,,,,,,,,,,,,0,0,1,None,4211.113501999993,,,,,None,,3,,,2025.2.4,,,1,4211.103408699972,4212.616619799985,,,None,None,4211.113816966656,4212.046553199994,,,250,0,2026-08-08_21:39:10.658876,250,1,localizer,,None,,None,250,250,0,250,,,,,,rose,,Rose,
4215.765207999968,4216.7145676999935,0.95,,,6,4216.71464099997,4216.714679799974,,,door,4,4,,,,,,,,,,,,,,,,,,,,,,,,,,,,,,None,,,None,2026-08-08_20h28.59.015,5,TSRlearn_localizer-concepts,2026-08-08 20h29.00.336696 +0200,,4214.279094800004,4215.779526299972,4215.779526299972,4216.746838799969,,,,60.03925365539914,4213.517656599986,4214.279094800004,,,4213.504087799985,4214.264592799998,,,door\door_05.png,,,,,,,,,,,,,,,,,,,,,,,0,0,1,None,4214.279094800004,,,,,None,,3,,,2025.2.4,,,1,4214.267278799962,4215.765139099967,,,None,None,4214.279137166628,4215.095439800003,,,251,0,2026-08-08_21:39:13.827774,251,2,localizer,,None,,None,251,251,0,251,,,,,,door,,Tür,
4219.0131962999585,4219.8962053,0.87,,,6,4219.896271699981,4219.896305500006,,,saw,10,10,,,,,,,,,,,,,,,,,,,,,,,,,,,,,,None,,,None,2026-08-08_20h28.59.015,4,TSRlearn_localizer-concepts,2026-08-08 20h29.00.336696 +0200,,4217.511506300012,4219.010994000011,4219.027927499963,4219.929048599966,,,,60.03925365539914,4216.746838799969,4217.511506300012,,,4216.729026199959,4217.4971941999975,,,saw\saw_04.png,,,,,,,,,,,,,,,,,,,,,,,0,0,1,None,4217.511506300012,,,,,None,,3,,,2025.2.4,,,1,4217.499954400002,4219.013088100008,,,None,None,4217.511757166652,4218.444309999992,,,252,0,2026-08-08_21:39:17.056956,252,3,localizer,,None,,None,252,252,0,252,,,,,,saw,,Säge,
4222.196141999972,4223.3124333999585,1.11,,,6,4223.3125038999715,4223.3125411999645,,,dress,3,3,,,,,,,,,,,,,,,,,,,,,,,,,,,,,,None,,,None,2026-08-08_20h28.59.015,9,TSRlearn_localizer-concepts,2026-08-08 20h29.00.336696 +0200,,4220.694129499956,4222.193411599961,4222.209981299995,4223.345770599961,,,,60.03925365539914,4219.929048599966,4220.694129499956,,,4219.910648399964,4220.6809266000055,,,dress\dress_09.png,,,,,,,,,,,,,,,,,,,,,,,0,0,1,None,4220.694129499956,,,,,None,,3,,,2025.2.4,,,1,4220.683975099993,4222.196065499971,,,None,None,4220.6939323666775,4221.643543599988,,,253,0,2026-08-08_21:39:20.239166,253,4,localizer,,None,,None,253,253,0,253,,,,,,dress,,Kleid,
4225.610837599961,4226.393800099962,0.78,,,6,4226.393861499964,4226.3938928999705,,,chair,8,8,,,,,,,,,,,,,,,,,,,,,,,,,,,,,,None,,,None,2026-08-08_20h28.59.015,7,TSRlearn_localizer-concepts,2026-08-08 20h29.00.336696 +0200,,4224.109225499968,4225.60860029998,4225.6252539000125,4226.426886899979,,,,60.03925365539914,4223.345770599961,4224.109225499968,,,4223.329622999998,4224.094636499998,,,chair\chair_07.png,,,,,,,,,,,,,,,,,,,,,,,0,0,1,None,4224.109225499968,,,,,None,,3,,,2025.2.4,,,1,4224.097478099982,4225.610774100001,,,None,None,4224.1092614666595,4225.025474299968,,,254,0,2026-08-08_21:39:23.655888,254,5,localizer,,None,,None,254,254,0,254,,,,,,chair,,Stuhl,
4228.677299399977,4229.560366099991,0.87,,,6,4229.560437000007,4229.560475000006,,,bag,1,1,,,,,,,,,,,,,,,,,,,,,,,,,,,,,,None,,,None,2026-08-08_20h28.59.015,9,TSRlearn_localizer-concepts,2026-08-08 20h29.00.336696 +0200,,4227.1916512000025,4228.691546399961,4228.691546399961,4229.595647000009,,,,60.03925365539914,4226.426886899979,4227.1916512000025,,,4226.409199499991,4227.176872599986,,,bag\bag_09.png,,,,,,,,,,,,,,,,,,,,,,,0,0,1,None,4227.1916512000025,,,,,None,,3,,,2025.2.4,,,1,4227.179439499974,4228.677230399975,,,None,None,4227.191536566654,4228.091364499996,,,255,0,2026-08-08_21:39:26.737004,255,6,localizer,,None,,None,255,255,0,255,,,,,,bag,,Tasche,
4231.859916899994,4233.109824199986,1.25,,,6,4233.109906599973,4233.109946699988,,,book,7,7,,,,,,,,,,,,,,,,,,,,,,,,,,,,,,None,,,None,2026-08-08_20h28.59.015,2,TSRlearn_localizer-concepts,2026-08-08 20h29.00.336696 +0200,,4230.357444499969,4231.857040999981,4231.873762500007,4233.143143999972,,,,60.03925365539914,4229.595647000009,4230.357444499969,,,4229.581816999998,4230.343665199995,,,book\book_02.png,,,,,,,,,,,,,,,,,,,,,,,0,0,1,None,4230.357444499969,,,,,None,,3,,,2025.2.4,,,1,4230.346951399988,4231.8598419000045,,,None,None,4230.357622666637,4231.2406434,,,256,0,2026-08-08_21:39:29.905764,256,7,localizer,,None,,None,256,256,0,256,,,,,,book,,Buch,
4235.40846050001,4236.507082899974,1.09,,,6,4236.507145999989,4236.507177499996,,,saw,10,10,,,,,,,,,,,,,,,,,,,,,,,,,,,,,,None,,,None,2026-08-08_20h28.59.015,8,TSRlearn_localizer-concepts,2026-08-08 20h29.00.336696 +0200,,4233.906481399958,4235.405820199987,4235.422540600004,4236.539534499985,,,,60.03925365539914,4233.143143999972,4233.906481399958,,,4233.132596299984,4233.89225559996,,,saw\saw_08.png,,,,,,,,,,,,,,,,,,,,,,,0,0,1,None,4233.906481399958,,,,,None,,3,,,2025.2.4,,,1,4233.895849499968,4235.408386899973,,,None,None,4233.906508266638,4234.855888499995,,,257,0,2026-08-08_21:39:33.453261,257,8,localizer,,None,,None,257,257,0,257,,,,,,saw,,Säge,
4238.807577500003,4240.007045799983,1.2,,,6,4240.007128599973,4240.007172199956,,,rose,9,9,,,,,,,,,,,,,,,,,,,,,,,,,,,,,,None,,,None,2026-08-08_20h28.59.015,3,TSRlearn_localizer-concepts,2026-08-08 20h29.00.336696 +0200,,4237.305079999962,4238.804724299989,4238.82174069999,4240.038769099978,,,,60.03925365539914,4236.539534499985,4237.305079999962,,,4236.519483199983,4237.290904599999,,,rose\rose_03.png,,,,,,,,,,,,,,,,,,,,,,,0,0,1,None,4237.305079999962,,,,,None,,3,,,2025.2.4,,,1,4237.293792799988,4238.80750429997,,,None,None,4237.3055836666645,4238.221569099987,,,258,0,2026-08-08_21:39:36.849652,258,9,localizer,,None,,None,258,258,0,258,,,,,,rose,,Rose,
4242.505533699994,4243.289057999966,0.78,,,6,4243.289122199989,4243.289157299965,,,ball,6,5,,,,,,,,,,,,,,,,,,,,,,,,,,,,,,None,,,r,2026-08-08_20h28.59.015,10,TSRlearn_localizer-concepts,2026-08-08 20h29.00.336696 +0200,,4240.804089799989,4242.519988899992,4242.519988899992,4243.322231500002,,,,60.03925365539914,4240.038769099978,4240.804089799989,,,4240.018751800002,4240.7892154,,,ball\ball_10.png,,,,,,,,,,,,,,,,,,,,,,,0,1,1,None,4240.804089799989,,,,,right,,3,,,2025.2.4,,,1,4240.791934799985,4242.5054734000005,,,None,None,4240.803969066652,4241.753897499992,,,259,0,2026-08-08_21:39:40.348886,259,10,localizer,,None,,None,259,259,0,259,,,,,,car,,Auto,
4245.587946299987,4246.437374499976,0.85,,,6,4246.437438499997,4246.4374708000105,,,saw,10,10,,,,,,,,,,,,,,,,,,,,,,,,,,,,,,None,,,None,2026-08-08_20h28.59.015,2,TSRlearn_localizer-concepts,2026-08-08 20h29.00.336696 +0200,,4244.086506599968,4245.585683699988,4245.602317799989,4246.472635399958,,,,60.03925365539914,4243.322231500002,4244.086506599968,,,4243.306975399959,4244.072020699969,,,saw\saw_02.png,,,,,,,,,,,,,,,,,,,,,,,0,0,1,None,4244.086506599968,,,,,None,,3,,,2025.2.4,,,1,4244.075017699972,4245.5878792,,,None,None,4244.086395266644,4245.03652959998,,,260,0,2026-08-08_21:39:43.632349,260,11,localizer,,None,,None,260,260,0,260,,,,,,saw,,Säge,
4248.954347299994,4250.186356299964,1.22,,,6,4250.186418399971,4250.186450899986,,,fish,2,1,,,,,,,,,,,,,,,,,,,,,,,,,,,,,,None,,,r,2026-08-08_20h28.59.015,3,TSRlearn_localizer-concepts,2026-08-08 20h29.00.336696 +0200,,4247.235716899973,4248.968412099988,4248.968412099988,4250.220129499969,,,,60.03925365539914,4246.472635399958,4247.235716899973,,,4246.459998400009,4247.2218031999655,,,fish\fish_03.png,,,,,,,,,,,,,,,,,,,,,,,0,1,1,None,4247.235716899973,,,,,right,,3,,,2025.2.4,,,1,4247.224765899999,4248.954286299995,,,None,None,4247.23577006668,4248.135496200004,,,261,0,2026-08-08_21:39:46.782753,261,12,localizer,,None,,None,261,261,0,261,,,,,,bag,,Tasche,
4252.486561800004,4253.519016699982,1.02,,,6,4253.51908389997,4253.519118900003,,,dress,3,3,,,,,,,,,,,,,,,,,,,,,,,,,,,,,,None,,,None,2026-08-08_20h28.59.015,1,TSRlearn_localizer-concepts,2026-08-08 20h29.00.336696 +0200,,4250.984684599971,4252.500403399987,4252.500403399987,4253.552732300013,,,,60.03925365539914,4250.220129499969,4250.984684599971,,,4250.200276299962,4250.970212199958,,,dress\dress_01.png,,,,,,,,,,,,,,,,,,,,,,,0,0,1,None,4250.984684599971,,,,,None,,3,,,2025.2.4,,,1,4250.973423999967,4252.486493500008,,,None,None,4250.984540666632,4251.934015600011,,,262,0,2026-08-08_21:39:50.530246,262,13,localizer,,None,,None,262,262,0,262,,,,,,dress,,Kleid,
4255.802508399996,4256.584403099958,0.77,,,6,4256.584466799977,4256.584499399993,,,saw,10,10,,,,,,,,,,,,,,,,,,,,,,,,,,,,,,None,,,None,2026-08-08_20h28.59.015,5,TSRlearn_localizer-concepts,2026-08-08 20h29.00.336696 +0200,,4254.316460800008,4255.816400100011,4255.816400100011,4256.639627799974,,,,60.03925365539914,4253.552732300013,4254.316460800008,,,4253.537743099965,4254.301677100011,,,saw\saw_05.png,,,,,,,,,,,,,,,,,,,,,,,0,0,1,None,4254.316460800008,,,,,None,,3,,,2025.2.4,,,1,4254.304408999975,4255.802404599963,,,None,None,4254.316361666661,4255.266070899961,,,263,0,2026-08-08_21:39:53.862849,263,14,localizer,,None,,None,263,263,0,263,,,,,,saw,,Säge,
4258.884759399982,4259.933113100007,1.04,,,6,4259.933174800011,4259.933206799964,,,chair,8,8,,,,,,,,,,,,,,,,,,,,,,,,,,,,,,None,,,None,2026-08-08_20h28.59.015,8,TSRlearn_localizer-concepts,2026-08-08 20h29.00.336696 +0200,,4257.398713300005,4258.898325299961,4258.898325299961,4259.96708089998,,,,60.03925365539914,4256.639627799974,4257.398713300005,,,4256.617049199995,4257.384140499984,,,chair\chair_08.png,,,,,,,,,,,,,,,,,,,,,,,0,0,1,None,4257.398713300005,,,,,None,,3,,,2025.2.4,,,1,4257.387987299997,4258.884684399993,,,None,None,4257.397397066645,4258.3320046999725,,,264,0,2026-08-08_21:39:56.949745,264,15,localizer,,None,,None,264,264,0,264,,,,,,chair,,Stuhl,
4262.233116199961,4263.299146600009,1.06,,,6,4263.299220099987,4263.299258899991,,,rose,9,9,,,,,,,,,,,,,,,,,,,,,,,,,,,,,,None,,,None,2026-08-08_20h28.59.015,6,TSRlearn_localizer-concepts,2026-08-08 20h29.00.336696 +0200,,4260.7312172999955,4262.230524899962,4262.247481199971,4263.331449499994,,,,60.03925365539914,4259.96708089998,4260.7312172999955,,,4259.955536399968,4260.717740299995,,,rose\rose_06.png,,,,,,,,,,,,,,,,,,,,,,,0,0,1,None,4260.7312172999955,,,,,None,,3,,,2025.2.4,,,1,4260.720965099987,4262.233042999986,,,None,None,4260.731423166642,4261.664090199978,,,265,0,2026-08-08_21:40:00.277198,265,16,localizer,,None,,None,265,265,0,265,,,,,,rose,,Rose,
4265.599140200007,4266.831589600013,1.22,,,6,4266.8316548999865,4266.831689199957,,,fish,2,2,,,,,,,,,,,,,,,,,,,,,,,,,,,,,,None,,,None,2026-08-08_20h28.59.015,10,TSRlearn_localizer-concepts,2026-08-08 20h29.00.336696 +0200,,4264.097210099979,4265.596253499971,4265.612853300001,4266.864380999992,,,,60.03925365539914,4263.331449499994,4264.097210099979,,,4263.312579199963,4264.082608599972,,,fish\fish_10.png,,,,,,,,,,,,,,,,,,,,,,,0,0,1,None,4264.097210099979,,,,,None,,3,,,2025.2.4,,,1,4264.085801000008,4265.599068699987,,,None,None,4264.096939566665,4264.9796279,,,266,0,2026-08-08_21:40:03.641567,266,17,localizer,,None,,None,266,266,0,266,,,,,,fish,,Fisch,
4269.131313399994,4270.180433499976,1.05,,,6,4270.180508099962,4270.180550399993,,,bag,1,1,,,,,,,,,,,,,,,,,,,,,,,,,,,,,,None,,,None,2026-08-08_20h28.59.015,7,TSRlearn_localizer-concepts,2026-08-08 20h29.00.336696 +0200,,4267.628964199976,4269.128616600006,4269.145189100003,4270.213686299976,,,,60.03925365539914,4266.864380999992,4267.628964199976,,,4266.847455099982,4267.614886800002,,,bag\bag_07.png,,,,,,,,,,,,,,,,,,,,,,,0,0,1,None,4267.628964199976,,,,,None,,3,,,2025.2.4,,,1,4267.61773389997,4269.131243099982,,,None,None,4267.629075766661,4268.528755199979,,,267,0,2026-08-08_21:40:07.174498,267,18,localizer,,None,,None,267,267,0,267,,,,,,bag,,Tasche,
4272.480095600011,4273.312685599958,0.82,,,6,4273.3127620999585,4273.31280309998,,,book,7,7,,,,,,,,,,,,,,,,,,,,,,,,,,,,,,None,,,None,2026-08-08_20h28.59.015,10,TSRlearn_localizer-concepts,2026-08-08 20h29.00.336696 +0200,,4270.9778314,4272.4773911999655,4272.494095199974,4273.347709900001,,,,60.03925365539914,4270.213686299976,4270.9778314,,,4270.198267399974,4270.963532399968,,,book\book_10.png,,,,,,,,,,,,,,,,,,,,,,,0,0,1,None,4270.9778314,,,,,None,,3,,,2025.2.4,,,1,4270.966618200007,4272.480023899989,,,None,None,4270.9777794666625,4271.860917299986,,,268,0,2026-08-08_21:40:10.523803,268,19,localizer,,None,,None,268,268,0,268,,,,,,book,,Buch,
4275.611830300011,4276.462356599979,0.84,,,6,4276.462422300014,4276.4624575999915,,,door,4,4,,,,,,,,,,,,,,,,,,,,,,,,,,,,,,None,,,None,2026-08-08_20h28.59.015,9,TSRlearn_localizer-concepts,2026-08-08 20h29.00.336696 +0200,,4274.110370000009,4275.60952529998,4275.6266866999795,4276.494569499977,,,,60.03925365539914,4273.347709900001,4274.110370000009,,,4273.336311299994,4274.0965784,,,door\door_09.png,,,,,,,,,,,,,,,,,,,,,,,0,0,1,None,4274.110370000009,,,,,None,,3,,,2025.2.4,,,1,4274.099756099982,4275.611755899969,,,None,None,4274.110474766643,4274.926871099975,,,269,0,2026-08-08_21:40:13.657827,269,20,localizer,,None,,None,269,269,0,269,,,,,,door,,Tür,
4278.761913799972,4279.944509699999,1.18,,,6,4279.944589899969,4279.944633100007,,,ball,6,6,,,,,,,,,,,,,,,,,,,,,,,,,,,,,,None,,,None,2026-08-08_20h28.59.015,9,TSRlearn_localizer-concepts,2026-08-08 20h29.00.336696 +0200,,4277.259596099961,4278.759124099975,4278.775917099963,4279.976505199971,,,,60.03925365539914,4276.494569499977,4277.259596099961,,,4276.477123299963,4277.245471499977,,,ball\ball_09.png,,,,,,,,,,,,,,,,,,,,,,,0,0,1,None,4277.259596099961,,,,,None,,3,,,2025.2.4,,,1,4277.248392799986,4278.76182449999,,,None,None,4277.25984446664,4278.042685499997,,,270,0,2026-08-08_21:40:16.804687,270,21,localizer,,None,,None,270,270,0,270,,,,,,ball,,Ball,
4282.243527000013,4283.409764299984,1.16,,,6,4283.40983259998,4283.409868399962,,,car,5,5,,,,,,,,,,,,,,,,,,,,,,,,,,,,,,None,,,None,2026-08-08_20h28.59.015,10,TSRlearn_localizer-concepts,2026-08-08 20h29.00.336696 +0200,,4280.741778799973,4282.240912500012,4282.257513899996,4283.4426219000015,,,,60.03925365539914,4279.976505199971,4280.741778799973,,,4279.958301000006,4280.7274852999835,,,car\car_10.png,,,,,,,,,,,,,,,,,,,,,,,0,0,1,None,4280.741778799973,,,,,None,,3,,,2025.2.4,,,1,4280.730935300002,4282.243457300006,,,None,None,4280.741888766646,4281.690985699999,,,271,0,2026-08-08_21:40:20.286622,271,22,localizer,,None,,None,271,271,0,271,,,,,,car,,Auto,
4285.694764899963,4286.624621799972,0.92,,,6,4286.624684299983,4286.624715699989,,,rose,9,9,,,,,,,,,,,,,,,,,,,,,,,,,,,,,,None,,,None,2026-08-08_20h28.59.015,8,TSRlearn_localizer-concepts,2026-08-08 20h29.00.336696 +0200,,4284.206976799993,4285.706737899978,4285.706737899978,4286.65767419996,,,,60.03925365539914,4283.4426219000015,4284.206976799993,,,4283.433022699959,4284.192777999968,,,rose\rose_08.png,,,,,,,,,,,,,,,,,,,,,,,0,0,1,None,4284.206976799993,,,,,None,,3,,,2025.2.4,,,1,4284.195997499977,4285.6946664999705,,,None,None,4284.207193666665,4285.1232796999975,,,272,0,2026-08-08_21:40:23.752739,272,23,localizer,,None,,None,272,272,0,272,,,,,,rose,,Rose,
4288.908789799956,4289.693242300011,0.78,,,6,4289.693313899974,4289.693349899957,,,book,7,7,,,,,,,,,,,,,,,,,,,,,,,,,,,,,,None,,,None,2026-08-08_20h28.59.015,3,TSRlearn_localizer-concepts,2026-08-08 20h29.00.336696 +0200,,4287.42262550001,4288.922298999969,4288.922298999969,4289.723699899972,,,,60.03925365539914,4286.65767419996,4287.42262550001,,,4286.643242699967,4287.407869599992,,,book\book_03.png,,,,,,,,,,,,,,,,,,,,,,,0,0,1,None,4287.42262550001,,,,,None,,3,,,2025.2.4,,,1,4287.410502199957,4288.908720900014,,,None,None,4287.422529066625,4288.305600599968,,,273,0,2026-08-08_21:40:26.967791,273,24,localizer,,None,,None,273,273,0,273,,,,,,book,,Buch,
4291.9910710999975,4293.042160000012,1.05,,,6,4293.042271899991,4293.042335000006,,,car,5,5,,,,,,,,,,,,,,,,,,,,,,,,,,,,,,None,,,None,2026-08-08_20h28.59.015,2,TSRlearn_localizer-concepts,2026-08-08 20h29.00.336696 +0200,,4290.48852819996,4291.9880822999985,4292.00473320001,4293.091765099962,,,,60.03925365539914,4289.723699899972,4290.48852819996,,,4289.707001500006,4290.474340799963,,,car\car_02.png,,,,,,,,,,,,,,,,,,,,,,,0,0,1,None,4290.48852819996,,,,,None,,3,,,2025.2.4,,,1,4290.477292199968,4291.990995900007,,,None,None,4290.488588366661,4291.4380770999705,,,274,0,2026-08-08_21:40:30.033817,274,25,localizer,,None,,None,274,274,0,274,,,,,,car,,Auto,
4295.3554076,4296.554893399996,1.19,,,6,4296.554955400003,4296.554987100011,,,bag,1,1,,,,,,,,,,,,,,,,,,,,,,,,,,,,,,None,,,None,2026-08-08_20h28.59.015,8,TSRlearn_localizer-concepts,2026-08-08 20h29.00.336696 +0200,,4293.854020999977,4295.353251499997,4295.369930199988,4296.609181499982,,,,60.03925365539914,4293.091765099962,4293.854020999977,,,4293.07147309999,4293.839409200009,,,bag\bag_08.png,,,,,,,,,,,,,,,,,,,,,,,0,0,1,None,4293.854020999977,,,,,None,,3,,,2025.2.4,,,1,4293.841951499984,4295.355343199975,,,None,None,4293.853928866625,4294.753701300011,,,275,0,2026-08-08_21:40:33.401882,275,26,localizer,,None,,None,275,275,0,275,,,,,,bag,,Tasche,
4298.871553300007,4300.037105099997,1.16,,,6,4300.037167900009,4300.0372003999655,,,fish,2,2,,,,,,,,,,,,,,,,,,,,,,,,,,,,,,None,,,None,2026-08-08_20h28.59.015,8,TSRlearn_localizer-concepts,2026-08-08 20h29.00.336696 +0200,,4297.369965299964,4298.885593299987,4298.885593299987,4300.070909700007,,,,60.03925365539914,4296.609181499982,4297.369965299964,,,4296.59159560001,4297.354910800001,,,fish\fish_08.png,,,,,,,,,,,,,,,,,,,,,,,0,0,1,None,4297.369965299964,,,,,None,,3,,,2025.2.4,,,1,4297.357476299978,4298.871486799966,,,None,None,4297.369504566657,4298.252656399971,,,276,0,2026-08-08_21:40:36.919298,276,27,localizer,,None,,None,276,276,0,276,,,,,,fish,,Fisch,
4302.5367274999735,4303.369977199996,0.83,,,6,4303.370041799964,4303.37007579999,,,dress,3,10,,,,,,,,,,,,,,,,,,,,,,,,,,,,,,None,,,r,2026-08-08_20h28.59.015,10,TSRlearn_localizer-concepts,2026-08-08 20h29.00.336696 +0200,,4300.835100899974,4302.55126410001,4302.55126410001,4303.402092200005,,,,60.03925365539914,4300.070909700007,4300.835100899974,,,4300.055250899983,4300.820114800008,,,dress\dress_10.png,,,,,,,,,,,,,,,,,,,,,,,0,1,1,None,4300.835100899974,,,,,right,,3,,,2025.2.4,,,1,4300.822784499964,4302.536662300001,,,None,None,4300.834925166626,4301.784963699989,,,277,0,2026-08-08_21:40:40.381027,277,28,localizer,,None,,None,277,277,0,277,,,,,,saw,,Säge,
4305.669528800005,4306.918486199982,1.24,,,6,4306.918549599999,4306.918582199956,,,door,4,4,,,,,,,,,,,,,,,,,,,,,,,,,,,,,,None,,,None,2026-08-08_20h28.59.015,1,TSRlearn_localizer-concepts,2026-08-08 20h29.00.336696 +0200,,4304.167767999985,4305.667125099979,4305.683814199991,4306.951904799964,,,,60.03925365539914,4303.402092200005,4304.167767999985,,,4303.3805715999915,4304.1540148999775,,,door\door_01.png,,,,,,,,,,,,,,,,,,,,,,,0,0,1,None,4304.167767999985,,,,,None,,3,,,2025.2.4,,,1,4304.157005299989,4305.669453300012,,,None,None,4304.167725066658,4305.000279999978,,,278,0,2026-08-08_21:40:43.712209,278,29,localizer,,None,,None,278,278,0,278,,,,,,door,,Tür,
4309.220208999992,4310.4504567999975,1.23,,,6,4310.450518700003,4310.45055020001,,,saw,10,10,,,,,,,,,,,,,,,,,,,,,,,,,,,,,,None,,,None,2026-08-08_20h28.59.015,10,TSRlearn_localizer-concepts,2026-08-08 20h29.00.336696 +0200,,4307.71653450001,4309.216064699984,4309.233110299974,4310.484011899971,,,,60.03925365539914,4306.951904799964,4307.71653450001,,,4306.935797199956,4307.701818900008,,,saw\saw_10.png,,,,,,,,,,,,,,,,,,,,,,,0,0,1,None,4307.71653450001,,,,,None,,3,,,2025.2.4,,,1,4307.704704199976,4309.220108799986,,,None,None,4307.716416266634,4308.666058800009,,,279,0,2026-08-08_21:40:47.262022,279,30,localizer,,None,,None,279,279,0,279,,,,,,saw,,Säge,
4312.750616899983,4313.500280099979,0.75,,,6,4313.500345200009,4313.500380099984,,,book,7,7,,,,,,,,,,,,,,,,,,,,,,,,,,,,,,None,,,None,2026-08-08_20h28.59.015,1,TSRlearn_localizer-concepts,2026-08-08 20h29.00.336696 +0200,,4311.248940299964,4312.748036500008,4312.764751999988,4313.532984099991,,,,60.03925365539914,4310.484011899971,4311.248940299964,,,4310.467266599997,4311.235294299957,,,book\book_01.png,,,,,,,,,,,,,,,,,,,,,,,0,0,1,None,4311.248940299964,,,,,None,,3,,,2025.2.4,,,1,4311.23816899996,4312.750545499963,,,None,None,4311.249278866631,4312.114680300001,,,280,0,2026-08-08_21:40:50.794129,280,31,localizer,,None,,None,280,280,0,280,,,,,,book,,Buch,
4315.799196699983,4316.665113699972,0.86,,,6,4316.665174099966,4316.66520519997,,,ball,6,6,,,,,,,,,,,,,,,,,,,,,,,,,,,,,,None,,,None,2026-08-08_20h28.59.015,1,TSRlearn_localizer-concepts,2026-08-08 20h29.00.336696 +0200,,4314.297474599967,4315.796908399963,4315.813612999977,4316.698632999964,,,,60.03925365539914,4313.532984099991,4314.297474599967,,,4313.516727699956,4314.28333429998,,,ball\ball_01.png,,,,,,,,,,,,,,,,,,,,,,,0,0,1,None,4314.297474599967,,,,,None,,3,,,2025.2.4,,,1,4314.286329899973,4315.799129499996,,,None,None,4314.297667966635,4315.080845899996,,,281,0,2026-08-08_21:40:53.843101,281,32,localizer,,None,,None,281,281,0,281,,,,,,ball,,Ball,
4318.964786399971,4320.097631099983,1.12,,,6,4320.097692399984,4320.097723999992,,,rose,9,9,,,,,,,,,,,,,,,,,,,,,,,,,,,,,,None,,,None,2026-08-08_20h28.59.015,7,TSRlearn_localizer-concepts,2026-08-08 20h29.00.336696 +0200,,4317.4633967999835,4318.962490000005,4318.979147300008,4320.132796999998,,,,60.03925365539914,4316.698632999964,4317.4633967999835,,,4316.683654799999,4317.4491718999925,,,rose\rose_07.png,,,,,,,,,,,,,,,,,,,,,,,0,0,1,None,4317.4633967999835,,,,,None,,3,,,2025.2.4,,,1,4317.452407300007,4318.964720999997,,,None,None,4317.463489366641,4318.396360899962,,,282,0,2026-08-08_21:40:57.008750,282,33,localizer,,None,,None,282,282,0,282,,,,,,rose,,Rose,
4322.597838699992,4323.399269099988,0.79,,,6,4323.399348900013,4323.399390099978,,,car,5,8,,,,,,,,,,,,,,,,,,,,,,,,,,,,,,None,,,r,2026-08-08_20h28.59.015,4,TSRlearn_localizer-concepts,2026-08-08 20h29.00.336696 +0200,,4320.895555199997,4322.611716199957,4322.611716199957,4323.43108379998,,,,60.03925365539914,4320.132796999998,4320.895555199997,,,4320.112106499961,4320.881397199992,,,car\car_04.png,,,,,,,,,,,,,,,,,,,,,,,0,1,1,None,4320.895555199997,,,,,right,,3,,,2025.2.4,,,1,4320.884870400012,4322.597775499977,,,None,None,4320.895577666644,4321.811686999979,,,283,0,2026-08-08_21:41:00.442914,283,34,localizer,,None,,None,283,283,0,283,,,,,,chair,,Stuhl,
4325.697371499962,4326.8956404000055,1.19,,,6,4326.895706199983,4326.8957403000095,,,fish,2,2,,,,,,,,,,,,,,,,,,,,,,,,,,,,,,None,,,None,2026-08-08_20h28.59.015,5,TSRlearn_localizer-concepts,2026-08-08 20h29.00.336696 +0200,,4324.194644499978,4325.6942041,4325.710843799985,4326.929518699995,,,,60.03925365539914,4323.43108379998,4324.194644499978,,,4323.419633799989,4324.181194000004,,,fish\fish_05.png,,,,,,,,,,,,,,,,,,,,,,,0,0,1,None,4324.194644499978,,,,,None,,3,,,2025.2.4,,,1,4324.18421529996,4325.697276999999,,,None,None,4324.195098066648,4325.077637999959,,,284,0,2026-08-08_21:41:03.741201,284,35,localizer,,None,,None,284,284,0,284,,,,,,fish,,Fisch,
4329.1955664000125,4330.261652599962,1.06,,,6,4330.261729099962,4330.261769899982,,,car,5,5,,,,,,,,,,,,,,,,,,,,,,,,,,,,,,None,,,None,2026-08-08_20h28.59.015,7,TSRlearn_localizer-concepts,2026-08-08 20h29.00.336696 +0200,,4327.693269799987,4329.192823099962,4329.209471999959,4330.293896899966,,,,60.03925365539914,4326.929518699995,4327.693269799987,,,4326.917367099959,4327.6788696,,,car\car_07.png,,,,,,,,,,,,,,,,,,,,,,,0,0,1,None,4327.693269799987,,,,,None,,3,,,2025.2.4,,,1,4327.68176549999,4329.195494399988,,,None,None,4327.69341926667,4328.642908299982,,,285,0,2026-08-08_21:41:07.239636,285,36,localizer,,None,,None,285,285,0,285,,,,,,car,,Auto,
4332.5603440999985,4333.695672300004,1.12,,,6,4333.695777899993,4333.695836399973,,,fish,2,2,,,,,,,,,,,,,,,,,,,,,,,,,,,,,,None,,,None,2026-08-08_20h28.59.015,6,TSRlearn_localizer-concepts,2026-08-08 20h29.00.336696 +0200,,4331.059034899983,4332.5581055000075,4332.574890699994,4333.726667499985,,,,60.03925365539914,4330.293896899966,4331.059034899983,,,4330.277787700004,4331.044793799985,,,fish\fish_06.png,,,,,,,,,,,,,,,,,,,,,,,0,0,1,None,4331.059034899983,,,,,None,,3,,,2025.2.4,,,1,4331.04776310001,4332.560278799967,,,None,None,4331.059125766627,4331.925665699993,,,286,0,2026-08-08_21:41:10.604014,286,37,localizer,,None,,None,286,286,0,286,,,,,,fish,,Fisch,
4335.993607099983,4337.175637200009,1.18,,,6,4337.175698200008,4337.175729400013,,,door,4,4,,,,,,,,,,,,,,,,,,,,,,,,,,,,,,None,,,None,2026-08-08_20h28.59.015,2,TSRlearn_localizer-concepts,2026-08-08 20h29.00.336696 +0200,,4334.491570799961,4335.990957100003,4336.007662499964,4337.208970199979,,,,60.03925365539914,4333.726667499985,4334.491570799961,,,4333.7157422999735,4334.477882099978,,,door\door_02.png,,,,,,,,,,,,,,,,,,,,,,,0,0,1,None,4334.491570799961,,,,,None,,3,,,2025.2.4,,,1,4334.480989200005,4335.993533400004,,,None,None,4334.4917697666715,4335.325484999979,,,287,0,2026-08-08_21:41:14.036784,287,38,localizer,,None,,None,287,287,0,287,,,,,,door,,Tür,
4339.475534099969,4340.425437800004,0.94,,,6,4340.425506400003,4340.425542699988,,,dress,3,3,,,,,,,,,,,,,,,,,,,,,,,,,,,,,,None,,,None,2026-08-08_20h28.59.015,5,TSRlearn_localizer-concepts,2026-08-08 20h29.00.336696 +0200,,4337.974084899994,4339.4897670999635,4339.4897670999635,4340.4591230999795,,,,60.03925365539914,4337.208970199979,4337.974084899994,,,4337.1909050999675,4337.9598707999685,,,dress\dress_05.png,,,,,,,,,,,,,,,,,,,,,,,0,0,1,None,4337.974084899994,,,,,None,,3,,,2025.2.4,,,1,4337.9632744999835,4339.475470000005,,,None,None,4337.974085266647,4338.923544199963,,,288,0,2026-08-08_21:41:17.519087,288,39,localizer,,None,,None,288,288,0,288,,,,,,dress,,Kleid,
4342.708696699992,4343.639888099977,0.92,,,6,4343.639950499986,4343.639981799992,,,ball,6,6,,,,,,,,,,,,,,,,,,,,,,,,,,,,,,None,,,None,2026-08-08_20h28.59.015,8,TSRlearn_localizer-concepts,2026-08-08 20h29.00.336696 +0200,,4341.222771700006,4342.72200119996,4342.72200119996,4343.674341599981,,,,60.03925365539914,4340.4591230999795,4341.222771700006,,,4340.446742100001,4341.208067999978,,,ball\ball_08.png,,,,,,,,,,,,,,,,,,,,,,,0,0,1,None,4341.222771700006,,,,,None,,3,,,2025.2.4,,,1,4341.210960800003,4342.708628199995,,,None,None,4341.222667466678,4342.005590299959,,,289,0,2026-08-08_21:41:20.769240,289,40,localizer,,None,,None,289,289,0,289,,,,,,ball,,Ball,
4345.9397704,4346.872399499989,0.92,,,6,4346.872459699982,4346.872490899987,,,chair,8,8,,,,,,,,,,,,,,,,,,,,,,,,,,,,,,None,,,None,2026-08-08_20h28.59.015,10,TSRlearn_localizer-concepts,2026-08-08 20h29.00.336696 +0200,,4344.438114899967,4345.937404399971,4345.953988299996,4346.905321999977,,,,60.03925365539914,4343.674341599981,4344.438114899967,,,4343.663088599977,4344.423259100004,,,chair\chair_10.png,,,,,,,,,,,,,,,,,,,,,,,0,0,1,None,4344.438114899967,,,,,None,,3,,,2025.2.4,,,1,4344.42602449999,4345.93970659998,,,None,None,4344.437932766628,4345.354494799976,,,290,0,2026-08-08_21:41:23.984459,290,41,localizer,,None,,None,290,290,0,290,,,,,,chair,,Stuhl,
4349.172530499985,4350.022105499986,0.85,,,6,4350.022175699996,4350.02221179998,,,bag,1,1,,,,,,,,,,,,,,,,,,,,,,,,,,,,,,None,,,None,2026-08-08_20h28.59.015,10,TSRlearn_localizer-concepts,2026-08-08 20h29.00.336696 +0200,,4347.670492000005,4349.169914199971,4349.186620199995,4350.056373799976,,,,60.03925365539914,4346.905321999977,4347.670492000005,,,4346.8857239999925,4347.656331599981,,,bag\bag_10.png,,,,,,,,,,,,,,,,,,,,,,,0,0,1,None,4347.670492000005,,,,,None,,3,,,2025.2.4,,,1,4347.659546799958,4349.172459199966,,,None,None,4347.670684466666,4348.569975999999,,,291,0,2026-08-08_21:41:27.215439,291,42,localizer,,None,,None,291,291,0,291,,,,,,bag,,Tasche,
4352.308880999975,4353.1705004000105,0.85,,,6,4353.170563999971,4353.170596499986,,,dress,3,3,,,,,,,,,,,,,,,,,,,,,,,,,,,,,,None,,,None,2026-08-08_20h28.59.015,6,TSRlearn_localizer-concepts,2026-08-08 20h29.00.336696 +0200,,4350.819283199962,4352.319509399997,4352.319509399997,4353.221578299999,,,,60.03925365539914,4350.056373799976,4350.819283199962,,,4350.042665499961,4350.804608999984,,,dress\dress_06.png,,,,,,,,,,,,,,,,,,,,,,,0,0,1,None,4350.819283199962,,,,,None,,3,,,2025.2.4,,,1,4350.807269399986,4352.308812299976,,,None,None,4350.819292366625,4351.768889600004,,,292,0,2026-08-08_21:41:30.366491,292,43,localizer,,None,,None,292,292,0,292,,,,,,dress,,Kleid,
4355.4872362999595,4356.4875474,0.99,,,6,4356.4876322000055,4356.487671999959,,,ball,6,6,,,,,,,,,,,,,,,,,,,,,,,,,,,,,,None,,,None,2026-08-08_20h28.59.015,5,TSRlearn_localizer-concepts,2026-08-08 20h29.00.336696 +0200,,4353.984881999961,4355.484484099958,4355.50105620001,4356.7885276000015,,,,60.03925365539914,4353.221578299999,4353.984881999961,,,4353.198874499998,4353.970691800001,,,ball\ball_05.png,,,,,,,,,,,,,,,,,,,,,,,0,0,1,None,4353.984881999961,,,,,None,,3,,,2025.2.4,,,1,4353.973500099964,4355.487169799977,,,None,None,4353.98506546667,4354.75195929996,,,293,0,2026-08-08_21:41:33.531695,293,44,localizer,,None,,None,293,293,0,293,,,,,,ball,,Ball,
4359.052651399979,4359.90237560001,0.85,,,6,4359.902443900006,4359.902479699987,,,bag,1,1,,,,,,,,,,,,,,,,,,,,,,,,,,,,,,None,,,None,2026-08-08_20h28.59.015,2,TSRlearn_localizer-concepts,2026-08-08 20h29.00.336696 +0200,,4357.5506613999605,4359.049972999957,4359.066940599994,4359.936747199972,,,,60.03925365539914,4356.7885276000015,4357.5506613999605,,,4356.732880899974,4357.536687099957,,,bag\bag_02.png,,,,,,,,,,,,,,,,,,,,,,,0,0,1,None,4357.5506613999605,,,,,None,,3,,,2025.2.4,,,1,4357.539871599991,4359.052578100003,,,None,None,4357.550776366672,4358.4504423000035,,,294,0,2026-08-08_21:41:37.098644,294,45,localizer,,None,,None,294,294,0,294,,,,,,bag,,Tasche,
4362.186713400006,4363.051388499967,0.86,,,6,4363.051454200002,4363.051489099977,,,chair,8,8,,,,,,,,,,,,,,,,,,,,,,,,,,,,,,None,,,None,2026-08-08_20h28.59.015,1,TSRlearn_localizer-concepts,2026-08-08 20h29.00.336696 +0200,,4360.69972199999,4362.199767999991,4362.199767999991,4363.083387099963,,,,60.03925365539914,4359.936747199972,4360.69972199999,,,4359.920119599963,4360.6857460999745,,,chair\chair_01.png,,,,,,,,,,,,,,,,,,,,,,,0,0,1,None,4360.69972199999,,,,,None,,3,,,2025.2.4,,,1,4360.689467199962,4362.186643699999,,,None,None,4360.699923666663,4361.615835200006,,,295,0,2026-08-08_21:41:40.246864,295,46,localizer,,None,,None,295,295,0,295,,,,,,chair,,Stuhl,
4365.334444499982,4366.133211500011,0.8,,,6,4366.1332764999825,4366.13331070001,,,book,7,7,,,,,,,,,,,,,,,,,,,,,,,,,,,,,,None,,,None,2026-08-08_20h28.59.015,4,TSRlearn_localizer-concepts,2026-08-08 20h29.00.336696 +0200,,4363.848539399973,4365.348445899959,4365.348445899959,4366.16722959996,,,,60.03925365539914,4363.083387099963,4363.848539399973,,,4363.063503299956,4363.833886899985,,,book\book_04.png,,,,,,,,,,,,,,,,,,,,,,,0,0,1,None,4363.848539399973,,,,,None,,3,,,2025.2.4,,,1,4363.83669029997,4365.334376899991,,,None,None,4363.84851226665,4364.714976399962,,,296,0,2026-08-08_21:41:43.393504,296,47,localizer,,None,,None,296,296,0,296,,,,,,book,,Buch,
4368.433105600008,4369.23349720001,0.8,,,6,4369.233585399983,4369.233632499992,,,car,5,5,,,,,,,,,,,,,,,,,,,,,,,,,,,,,,None,,,None,2026-08-08_20h28.59.015,6,TSRlearn_localizer-concepts,2026-08-08 20h29.00.336696 +0200,,4366.931158399966,4368.430638099962,4368.447143299971,4369.269797799992,,,,60.03925365539914,4366.16722959996,4366.931158399966,,,4366.15309159999,4366.916627999977,,,car\car_06.png,,,,,,,,,,,,,,,,,,,,,,,0,0,1,None,4366.931158399966,,,,,None,,3,,,2025.2.4,,,1,4366.91943010001,4368.4330357,,,None,None,4366.931169866646,4367.88074719999,,,297,0,2026-08-08_21:41:46.477347,297,48,localizer,,None,,None,297,297,0,297,,,,,,car,,Auto,
4371.748132699984,4372.731737800001,0.98,,,6,4372.731803299976,4372.731837900006,,,door,4,7,,,,,,,,,,,,,,,,,,,,,,,,,,,,,,None,,,r,2026-08-08_20h28.59.015,4,TSRlearn_localizer-concepts,2026-08-08 20h29.00.336696 +0200,,4370.029940499982,4371.762464999978,4371.762464999978,4372.7647899999865,,,,60.03925365539914,4369.269797799992,4370.029940499982,,,4369.251366699988,4370.0160147999995,,,door\door_04.png,,,,,,,,,,,,,,,,,,,,,,,0,1,1,None,4370.029940499982,,,,,left,,3,,,2025.2.4,,,1,4370.019127100008,4371.748072499991,,,None,None,4370.030349766665,4370.913392299961,,,298,0,2026-08-08_21:41:49.579915,298,49,localizer,,None,,None,298,298,0,298,,,,,,book,,Buch,
4375.03051849996,4375.780398699979,0.75,,,6,4375.780476099986,4395.391398600012,4375.794702799991,4390.806654799962,chair,8,8,,,,,,,,,,,,,,,,,,,,,,,,,,,,,0.11556870001368225,r,4.480987999995705,4390.790085099987,None,2026-08-08_20h28.59.015,9,TSRlearn_localizer-concepts,2026-08-08 20h29.00.336696 +0200,,4373.528952399967,4375.0281796999625,4375.045103599958,4375.794702799991,,,,60.03925365539914,4372.7647899999865,4373.528952399967,,,4372.748497499968,4373.514846900012,,,chair\chair_09.png,4390.790085099987,,,,,,,,,,,,,,,,,,,,,,0,0,1,None,4373.528952399967,,,,,None,,3,4375.794702799991,4390.806654799962,2025.2.4,,,1,4373.517982199963,4375.030453599989,,,None,None,4373.52919356665,4374.461840100004,,,299,0,2026-08-08_21:41:53.074907,299,50,localizer,0.11556870001368225,r,4.480987999995705,None,299,299,0,299,,,,,,chair,,Stuhl,
4397.74238489999,4398.88987959997,1.15,,,7,4398.89355779998,4398.893596499984,,,ball,6,6,,,,,,,,,,,,,,,,,,,,,,,,,,,,,,None,,,None,2026-08-08_20h28.59.015,2,TSRlearn_localizer-concepts,2026-08-08 20h29.00.336696 +0200,,4396.238671600004,4397.738453299971,4397.754674699972,4398.9224222999765,,,,60.03925365539914,4395.47834729997,4396.238671600004,,,4395.45023670001,4396.225917299977,,,ball\ball_02.png,,,,,,,,,,,,,,,,,,,,,,,0,0,1,None,4396.238671600004,,,,,None,,3,,,2025.2.4,,,1,4396.228945799987,4397.742300299986,,,None,None,4396.240212166627,4397.022611699998,,,300,0,2026-08-08_21:42:15.788464,300,1,localizer,,None,,None,300,300,0,300,,,,,,ball,,Ball,
4401.18916379998,4402.022215600009,0.83,,,7,4402.022282599995,4402.022319799988,,,saw,10,10,,,,,,,,,,,,,,,,,,,,,,,,,,,,,,None,,,None,2026-08-08_20h28.59.015,6,TSRlearn_localizer-concepts,2026-08-08 20h29.00.336696 +0200,,4399.68731780001,4401.186531199957,4401.20385250001,4402.055180299969,,,,60.03925365539914,4398.9224222999765,4399.68731780001,,,4398.904269099992,4399.6734331999905,,,saw\saw_06.png,,,,,,,,,,,,,,,,,,,,,,,0,0,1,None,4399.68731780001,,,,,None,,3,,,2025.2.4,,,1,4399.676735399989,4401.189092299959,,,None,None,4399.687431166651,4400.637104399968,,,301,0,2026-08-08_21:42:19.232539,301,2,localizer,,None,,None,301,301,0,301,,,,,,saw,,Säge,
4404.323601699958,4405.120689200005,0.79,,,7,4405.120752499963,4405.120785099978,,,dress,3,3,,,,,,,,,,,,,,,,,,,,,,,,,,,,,,None,,,None,2026-08-08_20h28.59.015,5,TSRlearn_localizer-concepts,2026-08-08 20h29.00.336696 +0200,,4402.819478299993,4404.31992129999,4404.33607109997,4405.13629439997,,,,60.03925365539914,4402.055180299969,4402.819478299993,,,4402.038933100004,4402.804750200012,,,dress\dress_05.png,,,,,,,,,,,,,,,,,,,,,,,0,0,1,None,4402.819478299993,,,,,None,,3,,,2025.2.4,,,1,4402.807465699967,4404.3235277999775,,,None,None,4402.819446566635,4403.769205699966,,,302,0,2026-08-08_21:42:22.365297,302,3,localizer,,None,,None,302,302,0,302,,,,,,dress,,Kleid,
4407.371260499989,4408.353285799967,0.97,,,7,4408.353350199992,4408.353387399984,,,car,5,5,,,,,,,,,,,,,,,,,,,,,,,,,,,,,,None,,,None,2026-08-08_20h28.59.015,1,TSRlearn_localizer-concepts,2026-08-08 20h29.00.336696 +0200,,4405.885306799959,4407.384864699969,4407.384864699969,4408.386758600012,,,,60.03925365539914,4405.13629439997,4405.885306799959,,,4405.129778300005,4405.870771599992,,,car\car_01.png,,,,,,,,,,,,,,,,,,,,,,,0,0,1,None,4405.885306799959,,,,,None,,3,,,2025.2.4,,,1,4405.87362269999,4407.371193900006,,,None,None,4405.885300866623,4406.835077099968,,,303,0,2026-08-08_21:42:25.446411,303,4,localizer,,None,,None,303,303,0,303,,,,,,car,,Auto,
4410.653289699985,4411.419773500005,0.76,,,7,4411.419853999978,4411.419897199958,,,bag,1,1,,,,,,,,,,,,,,,,,,,,,,,,,,,,,,None,,,None,2026-08-08_20h28.59.015,6,TSRlearn_localizer-concepts,2026-08-08 20h29.00.336696 +0200,,4409.151331199973,4410.650630799995,4410.667159900011,4411.453475199989,,,,60.03925365539914,4408.386758600012,4409.151331199973,,,4408.371478199959,4409.137603299983,,,bag\bag_06.png,,,,,,,,,,,,,,,,,,,,,,,0,0,1,None,4409.151331199973,,,,,None,,3,,,2025.2.4,,,1,4409.140563099994,4410.653214099992,,,None,None,4409.151296766653,4410.050682800007,,,304,0,2026-08-08_21:42:28.696876,304,5,localizer,,None,,None,304,304,0,304,,,,,,bag,,Tasche,
4413.920605199994,4414.767761199968,0.85,,,7,4414.767825799994,4414.767858900013,,,dress,3,6,,,,,,,,,,,,,,,,,,,,,,,,,,,,,,None,,,r,2026-08-08_20h28.59.015,8,TSRlearn_localizer-concepts,2026-08-08 20h29.00.336696 +0200,,4412.216696699965,4413.932959800004,4413.932959800004,4414.801442999975,,,,60.03925365539914,4411.453475199989,4412.216696699965,,,4411.444009899977,4412.203169399989,,,dress\dress_08.png,,,,,,,,,,,,,,,,,,,,,,,0,1,1,None,4412.216696699965,,,,,right,,3,,,2025.2.4,,,1,4412.206241499982,4413.92049009999,,,None,None,4412.216838266646,4412.999708099989,,,305,0,2026-08-08_21:42:31.763592,305,6,localizer,,None,,None,305,305,0,305,,,,,,ball,,Ball,
4417.068213199964,4418.1670779999695,1.1,,,7,4418.167142599996,4418.167174700007,,,door,4,4,,,,,,,,,,,,,,,,,,,,,,,,,,,,,,None,,,None,2026-08-08_20h28.59.015,8,TSRlearn_localizer-concepts,2026-08-08 20h29.00.336696 +0200,,4415.565643300011,4417.065165099979,4417.081802600005,4418.199650799972,,,,60.03925365539914,4414.801442999975,4415.565643300011,,,4414.785270199995,4415.55101559998,,,door\door_08.png,,,,,,,,,,,,,,,,,,,,,,,0,0,1,None,4415.565643300011,,,,,None,,3,,,2025.2.4,,,1,4415.5536083999905,4417.068140099989,,,None,None,4415.565591366674,4416.381769699976,,,306,0,2026-08-08_21:42:35.111560,306,7,localizer,,None,,None,306,306,0,306,,,,,,door,,Tür,
4420.466462599987,4421.566149599967,1.09,,,7,4421.566216999956,4421.5662528999965,,,car,5,5,,,,,,,,,,,,,,,,,,,,,,,,,,,,,,None,,,None,2026-08-08_20h28.59.015,8,TSRlearn_localizer-concepts,2026-08-08 20h29.00.336696 +0200,,4418.964715699956,4420.464127299958,4420.48065849999,4421.618784099992,,,,60.03925365539914,4418.199650799972,4418.964715699956,,,4418.185661099968,4418.951200300013,,,car\car_08.png,,,,,,,,,,,,,,,,,,,,,,,0,0,1,None,4418.964715699956,,,,,None,,3,,,2025.2.4,,,1,4418.9553189,4420.4663946999935,,,None,None,4418.964936866661,4419.914285100007,,,307,0,2026-08-08_21:42:38.509768,307,8,localizer,,None,,None,307,307,0,307,,,,,,car,,Auto,
4423.882772399986,4424.865741099988,0.98,,,7,4424.865812100004,4424.865849599999,,,chair,8,8,,,,,,,,,,,,,,,,,,,,,,,,,,,,,,None,,,None,2026-08-08_20h28.59.015,2,TSRlearn_localizer-concepts,2026-08-08 20h29.00.336696 +0200,,4422.380202599976,4423.879682799976,4423.896353999968,4424.899430399993,,,,60.03925365539914,4421.618784099992,4422.380202599976,,,4421.602137799957,4422.366137099976,,,chair\chair_02.png,,,,,,,,,,,,,,,,,,,,,,,0,0,1,None,4422.380202599976,,,,,None,,3,,,2025.2.4,,,1,4422.369791999983,4423.882697599998,,,None,None,4422.380386866633,4423.296503399964,,,308,0,2026-08-08_21:42:41.928901,308,9,localizer,,None,,None,308,308,0,308,,,,,,chair,,Stuhl,
4427.165577300009,4428.197276699997,1.03,,,7,4428.197350299975,4428.197389699984,,,door,4,4,,,,,,,,,,,,,,,,,,,,,,,,,,,,,,None,,,None,2026-08-08_20h28.59.015,7,TSRlearn_localizer-concepts,2026-08-08 20h29.00.336696 +0200,,4425.662782699976,4427.162474299956,4427.179095199972,4428.229041099956,,,,60.03925365539914,4424.899430399993,4425.662782699976,,,4424.888070899993,4425.649208699993,,,door\door_07.png,,,,,,,,,,,,,,,,,,,,,,,0,0,1,None,4425.662782699976,,,,,None,,3,,,2025.2.4,,,1,4425.652025999967,4427.165501899959,,,None,None,4425.663047266662,4426.479360400001,,,309,0,2026-08-08_21:42:45.209548,309,10,localizer,,None,,None,309,309,0,309,,,,,,door,,Tür,
4430.480432599958,4431.312839499966,0.82,,,7,4431.3129017999745,4431.312933999987,,,ball,6,6,,,,,,,,,,,,,,,,,,,,,,,,,,,,,,None,,,None,2026-08-08_20h28.59.015,10,TSRlearn_localizer-concepts,2026-08-08 20h29.00.336696 +0200,,4428.978484499967,4430.478148399969,4430.494215399958,4431.34633249999,,,,60.03925365539914,4428.229041099956,4428.978484499967,,,4428.208221799985,4428.964189099963,,,ball\ball_10.png,,,,,,,,,,,,,,,,,,,,,,,0,0,1,None,4428.978484499967,,,,,None,,3,,,2025.2.4,,,1,4428.967169300013,4430.480368599994,,,None,None,4428.978488566649,4429.761047500011,,,310,0,2026-08-08_21:42:48.539158,310,11,localizer,,None,,None,310,310,0,310,,,,,,ball,,Ball,
4433.612810099963,4434.562018299999,0.95,,,7,4434.562083699973,4434.562118800008,,,rose,9,9,,,,,,,,,,,,,,,,,,,,,,,,,,,,,,None,,,None,2026-08-08_20h28.59.015,5,TSRlearn_localizer-concepts,2026-08-08 20h29.00.336696 +0200,,4432.110410399968,4433.610051299969,4433.626675600011,4434.617699199996,,,,60.03925365539914,4431.34633249999,4432.110410399968,,,4431.332816799986,4432.096271499991,,,rose\rose_05.png,,,,,,,,,,,,,,,,,,,,,,,0,0,1,None,4432.110410399968,,,,,None,,3,,,2025.2.4,,,1,4432.099678699975,4433.612739400007,,,None,None,4432.110512666641,4433.043246899964,,,311,0,2026-08-08_21:42:51.656450,311,12,localizer,,None,,None,311,311,0,311,,,,,,rose,,Rose,
4436.87817739998,4437.794008900004,0.91,,,7,4437.79407189996,4437.794104599976,,,fish,2,2,,,,,,,,,,,,,,,,,,,,,,,,,,,,,,None,,,None,2026-08-08_20h28.59.015,8,TSRlearn_localizer-concepts,2026-08-08 20h29.00.336696 +0200,,4435.3760248000035,4436.875542900001,4436.89233599999,4437.826653799973,,,,60.03925365539914,4434.617699199996,4435.3760248000035,,,4434.600331900001,4435.361658199981,,,fish\fish_08.png,,,,,,,,,,,,,,,,,,,,,,,0,0,1,None,4435.3760248000035,,,,,None,,3,,,2025.2.4,,,1,4435.364698799967,4436.878104400006,,,None,None,4435.376193566659,4436.25919349998,,,312,0,2026-08-08_21:42:54.927816,312,13,localizer,,None,,None,312,312,0,312,,,,,,fish,,Fisch,
4440.293831999996,4441.476629699988,1.17,,,7,4441.476704899978,4441.476745299995,,,door,4,8,,,,,,,,,,,,,,,,,,,,,,,,,,,,,,None,,,r,2026-08-08_20h28.59.015,10,TSRlearn_localizer-concepts,2026-08-08 20h29.00.336696 +0200,,4438.591740200005,4440.308194799989,4440.308194799989,4441.509833699965,,,,60.03925365539914,4437.826653799973,4438.591740200005,,,4437.804986500007,4438.576906699978,,,door\door_10.png,,,,,,,,,,,,,,,,,,,,,,,0,1,1,None,4438.591740200005,,,,,left,,3,,,2025.2.4,,,1,4438.579726899974,4440.29376109998,,,None,None,4438.591560566627,4439.508275299973,,,313,0,2026-08-08_21:42:58.136771,313,14,localizer,,None,,None,313,313,0,313,,,,,,chair,,Stuhl,
4443.775550099963,4444.992671999964,1.21,,,7,4444.992741499969,4444.992778799962,,,book,7,7,,,,,,,,,,,,,,,,,,,,,,,,,,,,,,None,,,None,2026-08-08_20h28.59.015,1,TSRlearn_localizer-concepts,2026-08-08 20h29.00.336696 +0200,,4442.273812900006,4443.773151499976,4443.789855299983,4445.02514459996,,,,60.03925365539914,4441.509833699965,4442.273812900006,,,4441.4934038000065,4442.25918579998,,,book\book_01.png,,,,,,,,,,,,,,,,,,,,,,,0,0,1,None,4442.273812900006,,,,,None,,3,,,2025.2.4,,,1,4442.261846899986,4443.775476799987,,,None,None,4442.27382726665,4443.140471199993,,,314,0,2026-08-08_21:43:01.819951,314,15,localizer,,None,,None,314,314,0,314,,,,,,book,,Buch,
4447.291724899958,4448.391095899977,1.09,,,7,4448.391161200008,4448.391196299985,,,bag,1,1,,,,,,,,,,,,,,,,,,,,,,,,,,,,,,None,,,None,2026-08-08_20h28.59.015,5,TSRlearn_localizer-concepts,2026-08-08 20h29.00.336696 +0200,,4445.789279399964,4447.289032900007,4447.305688199995,4448.424377499963,,,,60.03925365539914,4445.02514459996,4445.789279399964,,,4445.007084499986,4445.774756599974,,,bag\bag_05.png,,,,,,,,,,,,,,,,,,,,,,,0,0,1,None,4445.789279399964,,,,,None,,3,,,2025.2.4,,,1,4445.777360500011,4447.291648299957,,,None,None,4445.78942166665,4446.689444399963,,,315,0,2026-08-08_21:43:05.335262,315,16,localizer,,None,,None,315,315,0,315,,,,,,bag,,Tasche,
4450.689987799968,4451.889749299968,1.2,,,7,4451.889812299982,4451.889844999998,,,saw,10,10,,,,,,,,,,,,,,,,,,,,,,,,,,,,,,None,,,None,2026-08-08_20h28.59.015,1,TSRlearn_localizer-concepts,2026-08-08 20h29.00.336696 +0200,,4449.188519399962,4450.6876124999835,4450.7043641000055,4451.923159800004,,,,60.03925365539914,4448.424377499963,4449.188519399962,,,4448.411776699999,4449.174422499957,,,saw\saw_01.png,,,,,,,,,,,,,,,,,,,,,,,0,0,1,None,4449.188519399962,,,,,None,,3,,,2025.2.4,,,1,4449.1777942999615,4450.689914199989,,,None,None,4449.188633166665,4450.138158899965,,,316,0,2026-08-08_21:43:08.734494,316,17,localizer,,None,,None,316,316,0,316,,,,,,saw,,Säge,
4454.189856399957,4455.355285700003,1.16,,,7,4455.3553863000125,4455.355423500005,,,book,7,7,,,,,,,,,,,,,,,,,,,,,,,,,,,,,,None,,,None,2026-08-08_20h28.59.015,5,TSRlearn_localizer-concepts,2026-08-08 20h29.00.336696 +0200,,4452.687307899992,4454.187313099974,4454.203273399966,4455.4060513,,,,60.03925365539914,4451.923159800004,4452.687307899992,,,4451.911419000011,4452.673107599956,,,book\book_05.png,,,,,,,,,,,,,,,,,,,,,,,0,0,1,None,4452.687307899992,,,,,None,,3,,,2025.2.4,,,1,4452.6763962999685,4454.189786000003,,,None,None,4452.687356166662,4453.570068400004,,,317,0,2026-08-08_21:43:12.233277,317,18,localizer,,None,,None,317,317,0,317,,,,,,book,,Buch,
4457.671973499993,4458.605012099957,0.92,,,7,4458.605083299975,4458.60512079997,,,chair,8,8,,,,,,,,,,,,,,,,,,,,,,,,,,,,,,None,,,None,2026-08-08_20h28.59.015,10,TSRlearn_localizer-concepts,2026-08-08 20h29.00.336696 +0200,,4456.169898199965,4457.669234399975,4457.686013199971,4458.637597199995,,,,60.03925365539914,4455.4060513,4456.169898199965,,,4455.380344800011,4456.158358099987,,,chair\chair_10.png,,,,,,,,,,,,,,,,,,,,,,,0,0,1,None,4456.169898199965,,,,,None,,3,,,2025.2.4,,,1,4456.162053600012,4457.671901399968,,,None,None,4456.170012466671,4457.102257599996,,,318,0,2026-08-08_21:43:15.716168,318,19,localizer,,None,,None,318,318,0,318,,,,,,chair,,Stuhl,
4460.904478200013,4461.736106099968,0.82,,,7,4461.736169599986,4461.736201099993,,,saw,10,10,,,,,,,,,,,,,,,,,,,,,,,,,,,,,,None,,,None,2026-08-08_20h28.59.015,10,TSRlearn_localizer-concepts,2026-08-08 20h29.00.336696 +0200,,4459.402101999964,4460.901712899969,4460.918400699971,4461.769157700008,,,,60.03925365539914,4458.637597199995,4459.402101999964,,,4458.625313900004,4459.387827300001,,,saw\saw_10.png,,,,,,,,,,,,,,,,,,,,,,,0,0,1,None,4459.402101999964,,,,,None,,3,,,2025.2.4,,,1,4459.3909455999965,4460.904409200011,,,None,None,4459.402182866648,4460.351963799971,,,319,0,2026-08-08_21:43:18.947714,319,20,localizer,,None,,None,319,319,0,319,,,,,,saw,,Säge,
4464.235639599967,4465.251733599987,1.01,,,7,4465.251795399992,4465.251826299995,,,book,7,6,,,,,,,,,,,,,,,,,,,,,,,,,,,,,,None,,,r,2026-08-08_20h28.59.015,6,TSRlearn_localizer-concepts,2026-08-08 20h29.00.336696 +0200,,4462.534223800001,4464.250125599967,4464.250125599967,4465.28405419999,,,,60.03925365539914,4461.769157700008,4462.534223800001,,,4461.753021499957,4462.5200567999855,,,book\book_06.png,,,,,,,,,,,,,,,,,,,,,,,0,1,1,None,4462.534223800001,,,,,right,,3,,,2025.2.4,,,1,4462.523363799963,4464.23557749996,,,None,None,4462.534356766675,4463.317377600004,,,320,0,2026-08-08_21:43:22.079275,320,21,localizer,,None,,None,320,320,0,320,,,,,,ball,,Ball,
4467.534457499976,4468.705188599997,1.17,,,7,4468.70526019996,4468.705299299967,,,door,4,4,,,,,,,,,,,,,,,,,,,,,,,,,,,,,,None,,,None,2026-08-08_20h28.59.015,1,TSRlearn_localizer-concepts,2026-08-08 20h29.00.336696 +0200,,4466.033080299967,4467.532252200006,4467.548978100007,4468.754267699958,,,,60.03925365539914,4465.28405419999,4466.033080299967,,,4465.262849699997,4466.018984199967,,,door\door_01.png,,,,,,,,,,,,,,,,,,,,,,,0,0,1,None,4466.033080299967,,,,,None,,3,,,2025.2.4,,,1,4466.021979599958,4467.534392000001,,,None,None,4466.033236966647,4466.866081199958,,,321,0,2026-08-08_21:43:25.594171,321,22,localizer,,None,,None,321,321,0,321,,,,,,door,,Tür,
4471.0176056000055,4471.966951999988,0.94,,,7,4471.96701969998,4471.967055099958,,,saw,10,10,,,,,,,,,,,,,,,,,,,,,,,,,,,,,,None,,,None,2026-08-08_20h28.59.015,5,TSRlearn_localizer-concepts,2026-08-08 20h29.00.336696 +0200,,4469.515196599998,4471.014833899972,4471.031565499958,4471.998970699962,,,,60.03925365539914,4468.754267699958,4469.515196599998,,,4468.7269058999955,4469.502400099998,,,saw\saw_05.png,,,,,,,,,,,,,,,,,,,,,,,0,0,1,None,4469.515196599998,,,,,None,,3,,,2025.2.4,,,1,4469.50602739997,4471.017531599966,,,None,None,4469.515273366651,4470.4648237999645,,,322,0,2026-08-08_21:43:29.064385,322,23,localizer,,None,,None,322,322,0,322,,,,,,saw,,Säge,
4474.266952199978,4475.09889959998,0.83,,,7,4475.098972899956,4475.099006099976,,,dress,3,3,,,,,,,,,,,,,,,,,,,,,,,,,,,,,,None,,,None,2026-08-08_20h28.59.015,2,TSRlearn_localizer-concepts,2026-08-08 20h29.00.336696 +0200,,4472.764253499976,4474.263825599977,4474.280563500011,4475.17210570001,,,,60.03925365539914,4471.998970699962,4472.764253499976,,,4471.977690999978,4472.750024899957,,,dress\dress_02.png,,,,,,,,,,,,,,,,,,,,,,,0,0,1,None,4472.764253499976,,,,,None,,3,,,2025.2.4,,,1,4472.753375399974,4474.266855900001,,,None,None,4472.764139666633,4473.713765799999,,,323,0,2026-08-08_21:43:32.309088,323,24,localizer,,None,,None,323,323,0,323,,,,,,dress,,Kleid,
4477.433889099979,4478.3165715999785,0.88,,,7,4478.316675000009,4478.316751700011,,,chair,8,8,,,,,,,,,,,,,,,,,,,,,,,,,,,,,,None,,,None,2026-08-08_20h28.59.015,5,TSRlearn_localizer-concepts,2026-08-08 20h29.00.336696 +0200,,4475.930421700003,4477.430539899971,4477.446753099968,4478.367882299994,,,,60.03925365539914,4475.17210570001,4475.930421700003,,,4475.155923399958,4475.918161600013,,,chair\chair_05.png,,,,,,,,,,,,,,,,,,,,,,,0,0,1,None,4475.930421700003,,,,,None,,3,,,2025.2.4,,,1,4475.922225499991,4477.433810399962,,,None,None,4475.930428266645,4476.863390799961,,,324,0,2026-08-08_21:43:35.482223,324,25,localizer,,None,,None,324,324,0,324,,,,,,chair,,Stuhl,
4480.631049599964,4481.5811078000115,0.94,,,7,4481.581176800013,4481.581211499986,,,car,5,5,,,,,,,,,,,,,,,,,,,,,,,,,,,,,,None,,,None,2026-08-08_20h28.59.015,4,TSRlearn_localizer-concepts,2026-08-08 20h29.00.336696 +0200,,4479.129281700007,4480.644665299973,4480.644665299973,4481.614389099996,,,,60.03925365539914,4478.367882299994,4479.129281700007,,,4478.339742199983,4479.115621500008,,,car\car_04.png,,,,,,,,,,,,,,,,,,,,,,,0,0,1,None,4479.129281700007,,,,,None,,3,,,2025.2.4,,,1,4479.11902589997,4480.630940300005,,,None,None,4479.129691166632,4480.078451699985,,,325,0,2026-08-08_21:43:38.677999,325,26,localizer,,None,,None,325,325,0,325,,,,,,car,,Auto,
4483.879771899956,4484.679865999962,0.79,,,7,4484.679931599996,4484.6799661999685,,,book,7,7,,,,,,,,,,,,,,,,,,,,,,,,,,,,,,None,,,None,2026-08-08_20h28.59.015,10,TSRlearn_localizer-concepts,2026-08-08 20h29.00.336696 +0200,,4482.377886299975,4483.877103900013,4483.893872899993,4484.711994899961,,,,60.03925365539914,4481.614389099996,4482.377886299975,,,4481.599913399958,4482.363551499962,,,book\book_10.png,,,,,,,,,,,,,,,,,,,,,,,0,0,1,None,4482.377886299975,,,,,None,,3,,,2025.2.4,,,1,4482.366717799974,4483.879703000013,,,None,None,4482.377886166625,4483.260858399968,,,326,0,2026-08-08_21:43:41.924506,326,27,localizer,,None,,None,326,326,0,326,,,,,,book,,Buch,
4486.978566700011,4487.746074299968,0.76,,,7,4487.746156500012,4487.746193300001,,,ball,6,6,,,,,,,,,,,,,,,,,,,,,,,,,,,,,,None,,,None,2026-08-08_20h28.59.015,1,TSRlearn_localizer-concepts,2026-08-08 20h29.00.336696 +0200,,4485.4770373000065,4486.97627330001,4486.993294199987,4487.777285499964,,,,60.03925365539914,4484.711994899961,4485.4770373000065,,,4484.695483799966,4485.462129499996,,,ball\ball_01.png,,,,,,,,,,,,,,,,,,,,,,,0,0,1,None,4485.4770373000065,,,,,None,,3,,,2025.2.4,,,1,4485.46470750001,4486.978499399964,,,None,None,4485.476799066648,4486.243535399961,,,327,0,2026-08-08_21:43:45.022112,327,28,localizer,,None,,None,327,327,0,327,,,,,,ball,,Ball,
4490.028397199989,4491.010604599956,0.98,,,7,4491.010666699964,4491.010697599966,,,fish,2,2,,,,,,,,,,,,,,,,,,,,,,,,,,,,,,None,,,None,2026-08-08_20h28.59.015,10,TSRlearn_localizer-concepts,2026-08-08 20h29.00.336696 +0200,,4488.542692599993,4490.042835999979,4490.042835999979,4491.044244599994,,,,60.03925365539914,4487.777285499964,4488.542692599993,,,4487.759757099964,4488.527952399978,,,fish\fish_10.png,,,,,,,,,,,,,,,,,,,,,,,0,0,1,None,4488.542692599993,,,,,None,,3,,,2025.2.4,,,1,4488.530614899995,4490.028330400004,,,None,None,4488.542658666676,4489.425797500007,,,328,0,2026-08-08_21:43:48.087403,328,29,localizer,,None,,None,328,328,0,328,,,,,,fish,,Fisch,
4493.309814699984,4494.093882699963,0.77,,,7,4494.093959799968,4494.094001599995,,,ball,6,6,,,,,,,,,,,,,,,,,,,,,,,,,,,,,,None,,,None,2026-08-08_20h28.59.015,8,TSRlearn_localizer-concepts,2026-08-08 20h29.00.336696 +0200,,4491.808283799968,4493.307596399973,4493.324283199967,4494.125280599983,,,,60.03925365539914,4491.044244599994,4491.808283799968,,,4491.0291707,4491.794328599994,,,ball\ball_08.png,,,,,,,,,,,,,,,,,,,,,,,0,0,1,None,4491.808283799968,,,,,None,,3,,,2025.2.4,,,1,4491.797114099958,4493.309748700005,,,None,None,4491.808480466661,4492.5913653000025,,,329,0,2026-08-08_21:43:51.354362,329,30,localizer,,None,,None,329,329,0,329,,,,,,ball,,Ball,
4496.3922142999945,4497.208511999983,0.81,,,7,4497.208576500008,4497.208609499969,,,saw,10,10,,,,,,,,,,,,,,,,,,,,,,,,,,,,,,None,,,None,2026-08-08_20h28.59.015,9,TSRlearn_localizer-concepts,2026-08-08 20h29.00.336696 +0200,,4494.890785700001,4496.389904199983,4496.406561599986,4497.241795499984,,,,60.03925365539914,4494.125280599983,4494.890785700001,,,4494.105087700009,4494.8767353,,,saw\saw_09.png,,,,,,,,,,,,,,,,,,,,,,,0,0,1,None,4494.890785700001,,,,,None,,3,,,2025.2.4,,,1,4494.8797091000015,4496.392149099964,,,None,None,4494.890799166638,4495.840218700003,,,330,0,2026-08-08_21:43:54.435398,330,31,localizer,,None,,None,330,330,0,330,,,,,,saw,,Säge,
4499.507844600012,4500.757435699983,1.25,,,7,4500.75750810001,4500.757546700013,,,fish,2,2,,,,,,,,,,,,,,,,,,,,,,,,,,,,,,None,,,None,2026-08-08_20h28.59.015,1,TSRlearn_localizer-concepts,2026-08-08 20h29.00.336696 +0200,,4498.006377999962,4499.505495299993,4499.522244799999,4500.790841499984,,,,60.03925365539914,4497.241795499984,4498.006377999962,,,4497.224951599957,4497.9921952,,,fish\fish_01.png,,,,,,,,,,,,,,,,,,,,,,,0,0,1,None,4498.006377999962,,,,,None,,3,,,2025.2.4,,,1,4497.995462799969,4499.507777699968,,,None,None,4498.006573166644,4498.889432700002,,,331,0,2026-08-08_21:43:57.551913,331,32,localizer,,None,,None,331,331,0,331,,,,,,fish,,Fisch,
4503.057194499997,4503.939331599977,0.88,,,7,4503.939392999979,4503.939425999997,,,rose,9,9,,,,,,,,,,,,,,,,,,,,,,,,,,,,,,None,,,None,2026-08-08_20h28.59.015,6,TSRlearn_localizer-concepts,2026-08-08 20h29.00.336696 +0200,,4501.55507969996,4503.054806599976,4503.07134949998,4503.97184730001,,,,60.03925365539914,4500.790841499984,4501.55507969996,,,4500.780018399993,4501.540185299993,,,rose\rose_06.png,,,,,,,,,,,,,,,,,,,,,,,0,0,1,None,4501.55507969996,,,,,None,,3,,,2025.2.4,,,1,4501.54305420001,4503.057126400003,,,None,None,4501.55496126664,4502.4884071999695,,,332,0,2026-08-08_21:44:01.100959,332,33,localizer,,None,,None,332,332,0,332,,,,,,rose,,Rose,
4506.239598999964,4507.121970399981,0.87,,,7,4507.122033199994,4507.122066499956,,,car,5,5,,,,,,,,,,,,,,,,,,,,,,,,,,,,,,None,,,None,2026-08-08_20h28.59.015,10,TSRlearn_localizer-concepts,2026-08-08 20h29.00.336696 +0200,,4504.737510600011,4506.236947099969,4506.253697599983,4507.155391899985,,,,60.03925365539914,4503.97184730001,4504.737510600011,,,4503.951368300011,4504.7230884999735,,,car\car_10.png,,,,,,,,,,,,,,,,,,,,,,,0,0,1,None,4504.737510600011,,,,,None,,3,,,2025.2.4,,,1,4504.7259833000135,4506.239520800009,,,None,None,4504.737482466622,4505.687209299998,,,333,0,2026-08-08_21:44:04.281964,333,34,localizer,,None,,None,333,333,0,333,,,,,,car,,Auto,
4509.422190299956,4510.354123500001,0.93,,,7,4510.354185000004,4510.3542162000085,,,rose,9,9,,,,,,,,,,,,,,,,,,,,,,,,,,,,,,None,,,None,2026-08-08_20h28.59.015,2,TSRlearn_localizer-concepts,2026-08-08 20h29.00.336696 +0200,,4507.919802899996,4509.419558599999,4509.436175399984,4510.387417299964,,,,60.03925365539914,4507.155391899985,4507.919802899996,,,4507.144792100007,4507.905380399956,,,rose\rose_02.png,,,,,,,,,,,,,,,,,,,,,,,0,0,1,None,4507.919802899996,,,,,None,,3,,,2025.2.4,,,1,4507.9087266999995,4509.422117099981,,,None,None,4507.919885566636,4508.852671800007,,,334,0,2026-08-08_21:44:07.465509,334,35,localizer,,None,,None,334,334,0,334,,,,,,rose,,Rose,
4512.654808999971,4513.620740899991,0.96,,,7,4513.62080829998,4513.620843100012,,,dress,3,3,,,,,,,,,,,,,,,,,,,,,,,,,,,,,,None,,,None,2026-08-08_20h28.59.015,1,TSRlearn_localizer-concepts,2026-08-08 20h29.00.336696 +0200,,4511.152199400007,4512.652099600004,4512.668312299997,4513.653403899982,,,,60.03925365539914,4510.387417299964,4511.152199400007,,,4510.366865999997,4511.137899399968,,,dress\dress_01.png,,,,,,,,,,,,,,,,,,,,,,,0,0,1,None,4511.152199400007,,,,,None,,3,,,2025.2.4,,,1,4511.140963499958,4512.654738699959,,,None,None,4511.152369466672,4512.1020441,,,335,0,2026-08-08_21:44:10.697534,335,36,localizer,,None,,None,335,335,0,335,,,,,,dress,,Kleid,
4515.91953449999,4517.053200799972,1.13,,,7,4517.053268599964,4517.053303799999,,,fish,2,2,,,,,,,,,,,,,,,,,,,,,,,,,,,,,,None,,,None,2026-08-08_20h28.59.015,6,TSRlearn_localizer-concepts,2026-08-08 20h29.00.336696 +0200,,4514.4182745,4515.917320899956,4515.93376059999,4517.279584100004,,,,60.03925365539914,4513.653403899982,4514.4182745,,,4513.636798199965,4514.404056600004,,,fish\fish_06.png,,,,,,,,,,,,,,,,,,,,,,,0,0,1,None,4514.4182745,,,,,None,,3,,,2025.2.4,,,1,4514.407108699961,4515.9194675000035,,,None,None,4514.418074866644,4515.301003300003,,,336,0,2026-08-08_21:44:13.963521,336,37,localizer,,None,,None,336,336,0,336,,,,,,fish,,Fisch,
4519.751797500008,4520.684824199998,0.92,,,7,4520.684899699991,4520.684934499965,,,ball,6,10,,,,,,,,,,,,,,,,,,,,,,,,,,,,,,None,,,r,2026-08-08_20h28.59.015,7,TSRlearn_localizer-concepts,2026-08-08 20h29.00.336696 +0200,,4518.033883899974,4519.766596900008,4519.766596900008,4520.737870299956,,,,60.03925365539914,4517.279584100004,4518.033883899974,,,4517.232967599994,4518.0194984999835,,,ball\ball_07.png,,,,,,,,,,,,,,,,,,,,,,,0,1,1,None,4518.033883899974,,,,,right,,3,,,2025.2.4,,,1,4518.023039599997,4519.751735400001,,,None,None,4518.033599066668,4518.983313100005,,,337,0,2026-08-08_21:44:17.589701,337,38,localizer,,None,,None,337,337,0,337,,,,,,saw,,Säge,
4523.001271499961,4523.950601999997,0.95,,,7,4523.950682799972,4523.950726300012,,,bag,1,1,,,,,,,,,,,,,,,,,,,,,,,,,,,,,,None,,,None,2026-08-08_20h28.59.015,4,TSRlearn_localizer-concepts,2026-08-08 20h29.00.336696 +0200,,4521.499357499997,4522.998723500001,4523.015431399981,4523.984124899958,,,,60.03925365539914,4520.737870299956,4521.499357499997,,,4520.718394099968,4521.486024599988,,,bag\bag_04.png,,,,,,,,,,,,,,,,,,,,,,,0,0,1,None,4521.499357499997,,,,,None,,3,,,2025.2.4,,,1,4521.489449399989,4523.001199499995,,,None,None,4521.4999490666705,4522.398511699983,,,338,0,2026-08-08_21:44:21.047987,338,39,localizer,,None,,None,338,338,0,338,,,,,,bag,,Tasche,
4526.23359269998,4527.182262899994,0.95,,,7,4527.182333900011,4527.182371400006,,,dress,3,3,,,,,,,,,,,,,,,,,,,,,,,,,,,,,,None,,,None,2026-08-08_20h28.59.015,6,TSRlearn_localizer-concepts,2026-08-08 20h29.00.336696 +0200,,4524.747697299987,4526.247575299989,4526.247575299989,4527.235485100013,,,,60.03925365539914,4523.984124899958,4524.747697299987,,,4523.972151099995,4524.733073099982,,,dress\dress_06.png,,,,,,,,,,,,,,,,,,,,,,,0,0,1,None,4524.747697299987,,,,,None,,3,,,2025.2.4,,,1,4524.735841799993,4526.233520500013,,,None,None,4524.747795566629,4525.697257599968,,,339,0,2026-08-08_21:44:24.294242,339,40,localizer,,None,,None,339,339,0,339,,,,,,dress,,Kleid,
4529.499252400012,4530.680857500003,1.18,,,7,4530.680927799956,4530.680965500011,,,fish,2,2,,,,,,,,,,,,,,,,,,,,,,,,,,,,,,None,,,None,2026-08-08_20h28.59.015,4,TSRlearn_localizer-concepts,2026-08-08 20h29.00.336696 +0200,,4527.996765699994,4529.496463599964,4529.513121999975,4530.715039599978,,,,60.03925365539914,4527.235485100013,4527.996765699994,,,4527.211007300008,4527.982773899974,,,fish\fish_04.png,,,,,,,,,,,,,,,,,,,,,,,0,0,1,None,4527.996765699994,,,,,None,,3,,,2025.2.4,,,1,4527.985812900006,4529.499180199986,,,None,None,4527.997144366676,4528.8801922999555,,,340,0,2026-08-08_21:44:27.545602,340,41,localizer,,None,,None,340,340,0,340,,,,,,fish,,Fisch,
4532.9810087999795,4534.0140480999835,1.03,,,7,4534.014117499988,4534.014153999975,,,rose,9,9,,,,,,,,,,,,,,,,,,,,,,,,,,,,,,None,,,None,2026-08-08_20h28.59.015,10,TSRlearn_localizer-concepts,2026-08-08 20h29.00.336696 +0200,,4531.479538899963,4532.995216899959,4532.995216899959,4534.047177799977,,,,60.03925365539914,4530.715039599978,4531.479538899963,,,4530.701046900009,4531.46465390001,,,rose\rose_10.png,,,,,,,,,,,,,,,,,,,,,,,0,0,1,None,4531.479538899963,,,,,None,,3,,,2025.2.4,,,1,4531.467867099971,4532.9809424999985,,,None,None,4531.479120466629,4532.395118399989,,,341,0,2026-08-08_21:44:31.025156,341,42,localizer,,None,,None,341,341,0,341,,,,,,rose,,Rose,
4536.297383499972,4537.363352199958,1.06,,,7,4537.363420000009,4537.36345579999,,,bag,1,1,,,,,,,,,,,,,,,,,,,,,,,,,,,,,,None,,,None,2026-08-08_20h28.59.015,7,TSRlearn_localizer-concepts,2026-08-08 20h29.00.336696 +0200,,4534.8115917000105,4536.311125700013,4536.311125700013,4537.397417299973,,,,60.03925365539914,4534.047177799977,4534.8115917000105,,,4534.031166700006,4534.796748099965,,,bag\bag_07.png,,,,,,,,,,,,,,,,,,,,,,,0,0,1,None,4534.8115917000105,,,,,None,,3,,,2025.2.4,,,1,4534.7993534000125,4536.297316299984,,,None,None,4534.811390366642,4535.710884100001,,,342,0,2026-08-08_21:44:34.357295,342,43,localizer,,None,,None,342,342,0,342,,,,,,bag,,Tasche,
4539.646647499991,4540.628351499967,0.98,,,7,4540.628419199958,4540.628453599988,,,rose,9,9,,,,,,,,,,,,,,,,,,,,,,,,,,,,,,None,,,None,2026-08-08_20h28.59.015,9,TSRlearn_localizer-concepts,2026-08-08 20h29.00.336696 +0200,,4538.1605109999655,4539.660228299967,4539.660228299967,4540.660398499982,,,,60.03925365539914,4537.397417299973,4538.1605109999655,,,4537.386592199968,4538.145516999997,,,rose\rose_09.png,,,,,,,,,,,,,,,,,,,,,,,0,0,1,None,4538.1605109999655,,,,,None,,3,,,2025.2.4,,,1,4538.14847049996,4539.646559699962,,,None,None,4538.1601954666585,4539.076458700001,,,343,0,2026-08-08_21:44:37.707534,343,44,localizer,,None,,None,343,343,0,343,,,,,,rose,,Rose,
4543.111381699971,4543.927617999958,0.81,,,7,4543.927682999987,4543.927717099956,,,car,5,2,,,,,,,,,,,,,,,,,,,,,,,,,,,,,,None,,,r,2026-08-08_20h28.59.015,5,TSRlearn_localizer-concepts,2026-08-08 20h29.00.336696 +0200,,4541.409408000007,4543.125423799967,4543.125423799967,4543.978048899968,,,,60.03925365539914,4540.660398499982,4541.409408000007,,,4540.639580599964,4541.3952109999955,,,car\car_05.png,,,,,,,,,,,,,,,,,,,,,,,0,1,1,None,4541.409408000007,,,,,right,,3,,,2025.2.4,,,1,4541.398510799976,4543.111313599977,,,None,None,4541.409440566673,4542.275526299956,,,344,0,2026-08-08_21:44:40.970515,344,45,localizer,,None,,None,344,344,0,344,,,,,,fish,,Fisch,
4546.243890499987,4547.243947100011,1,,,7,4547.244015700009,4547.244069200009,,,door,4,4,,,,,,,,,,,,,,,,,,,,,,,,,,,,,,None,,,None,2026-08-08_20h28.59.015,5,TSRlearn_localizer-concepts,2026-08-08 20h29.00.336696 +0200,,4544.742004200001,4546.241380699968,4546.257996200002,4547.29664169997,,,,60.03925365539914,4543.978048899968,4544.742004200001,,,4543.956378499977,4544.727707999991,,,door\door_05.png,,,,,,,,,,,,,,,,,,,,,,,0,0,1,None,4544.742004200001,,,,,None,,3,,,2025.2.4,,,1,4544.730358099972,4546.243812599976,,,None,None,4544.742183266677,4545.558517400001,,,345,0,2026-08-08_21:44:44.288166,345,46,localizer,,None,,None,345,345,0,345,,,,,,door,,Tür,
4549.560055699956,4550.458787499985,0.89,,,7,4550.458852499956,4550.458886399982,,,chair,8,8,,,,,,,,,,,,,,,,,,,,,,,,,,,,,,None,,,None,2026-08-08_20h28.59.015,8,TSRlearn_localizer-concepts,2026-08-08 20h29.00.336696 +0200,,4548.058430899982,4549.574184699974,4549.574184699974,4550.491680799983,,,,60.03925365539914,4547.29664169997,4548.058430899982,,,4547.284511999984,4548.043697099958,,,chair\chair_08.png,,,,,,,,,,,,,,,,,,,,,,,0,0,1,None,4548.058430899982,,,,,None,,3,,,2025.2.4,,,1,4548.047073399997,4549.559986100008,,,None,None,4548.058033466634,4548.973959799972,,,346,0,2026-08-08_21:44:47.606759,346,47,localizer,,None,,None,346,346,0,346,,,,,,chair,,Stuhl,
4552.758606599993,4553.707737099961,0.95,,,7,4553.7078128999565,4553.707854299981,,,book,7,7,,,,,,,,,,,,,,,,,,,,,,,,,,,,,,None,,,None,2026-08-08_20h28.59.015,4,TSRlearn_localizer-concepts,2026-08-08 20h29.00.336696 +0200,,4551.256480399985,4552.755732799997,4552.772383100004,4553.988936799986,,,,60.03925365539914,4550.491680799983,4551.256480399985,,,4550.470595499966,4551.242561999999,,,book\book_04.png,,,,,,,,,,,,,,,,,,,,,,,0,0,1,None,4551.256480399985,,,,,None,,3,,,2025.2.4,,,1,4551.245362499962,4552.758534899971,,,None,None,4551.256779466643,4552.122654000006,,,347,0,2026-08-08_21:44:50.801798,347,48,localizer,,None,,None,347,347,0,347,,,,,,book,,Buch,
4556.240370199957,4557.390810000012,1.14,,,7,4557.390880199964,4557.390916700009,,,bag,1,1,,,,,,,,,,,,,,,,,,,,,,,,,,,,,,None,,,None,2026-08-08_20h28.59.015,2,TSRlearn_localizer-concepts,2026-08-08 20h29.00.336696 +0200,,4554.738246499968,4556.237958299986,4556.254560799978,4557.425030999992,,,,60.03925365539914,4553.988936799986,4554.738246499968,,,4553.942202400009,4554.723936799972,,,bag\bag_02.png,,,,,,,,,,,,,,,,,,,,,,,0,0,1,None,4554.738246499968,,,,,None,,3,,,2025.2.4,,,1,4554.727171999984,4556.240303599974,,,None,None,4554.73837416666,4555.638210400008,,,348,0,2026-08-08_21:44:54.299054,348,49,localizer,,None,,None,348,348,0,348,,,,,,bag,,Tasche,
4559.689558899961,4560.489480299992,0.79,,,7,4560.489548199985,5271.597625099996,4560.5074456,4575.515463299991,chair,8,8,,,,,,,,,,,,,,,,,,,,,,,,,,,,,0.19808300002478063,r,695.8895900999778,4575.498847799958,None,2026-08-08_20h28.59.015,4,TSRlearn_localizer-concepts,2026-08-08 20h29.00.336696 +0200,,4558.18738769996,4559.686762699974,4559.703934599995,4560.5074456,,,,60.03925365539914,4557.425030999992,4558.18738769996,,,4557.411995099974,4558.173483399965,,,chair\chair_04.png,4575.498847799958,,,,,,,,,,,,,,,,,,,,,,0,0,1,None,4558.18738769996,,,,,None,,3,4560.5074456,4575.515463299991,2025.2.4,,,1,4558.176976599963,4559.689478799992,,,None,None,4558.187637066647,4559.103879600007,,,349,0,2026-08-08_21:44:57.735148,349,50,localizer,0.19808300002478063,r,695.8895900999778,None,349,349,0,349,,,,,,chair,,Stuhl,
5273.914501799969,5274.6965850999695,0.77,,,8,5274.700750799966,5274.70079589996,,,book,7,7,,,,,,,,,,,,,,,,,,,,,,,,,,,,,,None,,,None,2026-08-08_20h28.59.015,8,TSRlearn_localizer-concepts,2026-08-08 20h29.00.336696 +0200,,5272.412311299995,5273.91174369998,5273.92834839999,5274.7286926999805,,,,60.03925365539914,5271.647879600001,5272.412311299995,,,5271.630097299989,5272.398241999967,,,book\book_08.png,,,,,,,,,,,,,,,,,,,,,,,0,0,1,None,5272.412311299995,,,,,None,,3,,,2025.2.4,,,1,5272.401921399985,5273.914425999974,,,None,None,5272.412384066676,5273.295083499979,,,350,0,2026-08-08_21:56:51.957997,350,1,localizer,,None,,None,350,350,0,350,,,,,,book,,Buch,
5276.9793968999875,5277.912467799964,0.92,,,8,5277.912532499991,5277.912566099956,,,car,5,5,,,,,,,,,,,,,,,,,,,,,,,,,,,,,,None,,,None,2026-08-08_20h28.59.015,2,TSRlearn_localizer-concepts,2026-08-08 20h29.00.336696 +0200,,5275.47796270001,5276.977132599975,5276.993854500004,5277.963971999998,,,,60.03925365539914,5274.7286926999805,5275.47796270001,,,5274.71389319998,5275.464073100011,,,car\car_02.png,,,,,,,,,,,,,,,,,,,,,,,0,0,1,None,5275.47796270001,,,,,None,,3,,,2025.2.4,,,1,5275.467980699963,5276.97933209996,,,None,None,5275.47817276663,5276.42768069997,,,351,0,2026-08-08_21:56:55.038810,351,2,localizer,,None,,None,351,351,0,351,,,,,,car,,Auto,
5280.229201400012,5281.2284804999945,1,,,8,5281.228546799975,5281.22858190001,,,fish,2,2,,,,,,,,,,,,,,,,,,,,,,,,,,,,,,None,,,None,2026-08-08_20h28.59.015,9,TSRlearn_localizer-concepts,2026-08-08 20h29.00.336696 +0200,,5278.726884500007,5280.226491899986,5280.243126099987,5281.262263399956,,,,60.03925365539914,5277.963971999998,5278.726884500007,,,5277.952243099979,5278.7127389999805,,,fish\fish_09.png,,,,,,,,,,,,,,,,,,,,,,,0,0,1,None,5278.726884500007,,,,,None,,3,,,2025.2.4,,,1,5278.715947299963,5280.229127499973,,,None,None,5278.726969766667,5279.610421999998,,,352,0,2026-08-08_21:56:58.274089,352,3,localizer,,None,,None,352,352,0,352,,,,,,fish,,Fisch,
5283.5281150999945,5284.72736879997,1.19,,,8,5284.7274356000125,5284.727470099984,,,bag,1,1,,,,,,,,,,,,,,,,,,,,,,,,,,,,,,None,,,None,2026-08-08_20h28.59.015,3,TSRlearn_localizer-concepts,2026-08-08 20h29.00.336696 +0200,,5282.025678100006,5283.525399799983,5283.541912299988,5284.760558200011,,,,60.03925365539914,5281.262263399956,5282.025678100006,,,5281.252837200009,5282.011077300005,,,bag\bag_03.png,,,,,,,,,,,,,,,,,,,,,,,0,0,1,None,5282.025678100006,,,,,None,,3,,,2025.2.4,,,1,5282.013668300002,5283.528044499981,,,None,None,5282.0256707666595,5282.925353900006,,,353,0,2026-08-08_21:57:01.572380,353,4,localizer,,None,,None,353,353,0,353,,,,,,bag,,Tasche,
5287.027341399982,5288.125950899965,1.1,,,8,5288.126013299974,5288.126045399986,,,dress,3,3,,,,,,,,,,,,,,,,,,,,,,,,,,,,,,None,,,None,2026-08-08_20h28.59.015,10,TSRlearn_localizer-concepts,2026-08-08 20h29.00.336696 +0200,,5285.524681999988,5287.0246455000015,5287.041230299976,5288.159721200005,,,,60.03925365539914,5284.760558200011,5285.524681999988,,,5284.747287400009,5285.510148099973,,,dress\dress_10.png,,,,,,,,,,,,,,,,,,,,,,,0,0,1,None,5285.524681999988,,,,,None,,3,,,2025.2.4,,,1,5285.513361899997,5287.027270199964,,,None,None,5285.524685066663,5286.47421169997,,,354,0,2026-08-08_21:57:05.070675,354,5,localizer,,None,,None,354,354,0,354,,,,,,dress,,Kleid,
5290.4253173999605,5291.574722099991,1.15,,,8,5291.574793600012,5291.574831800011,,,saw,10,10,,,,,,,,,,,,,,,,,,,,,,,,,,,,,,None,,,None,2026-08-08_20h28.59.015,7,TSRlearn_localizer-concepts,2026-08-08 20h29.00.336696 +0200,,5288.923821299977,5290.4229997000075,5290.439680799958,5291.6299843000015,,,,60.03925365539914,5288.159721200005,5288.923821299977,,,5288.142994199996,5288.908850899956,,,saw\saw_07.png,,,,,,,,,,,,,,,,,,,,,,,0,0,1,None,5288.923821299977,,,,,None,,3,,,2025.2.4,,,1,5288.911587300012,5290.4252485999605,,,None,None,5288.923553866629,5289.873431299988,,,355,0,2026-08-08_21:57:08.469838,355,6,localizer,,None,,None,355,355,0,355,,,,,,saw,,Säge,
5293.8909911999945,5294.990542899992,1.1,,,8,5294.990606000007,5294.990637999959,,,chair,8,8,,,,,,,,,,,,,,,,,,,,,,,,,,,,,,None,,,None,2026-08-08_20h28.59.015,6,TSRlearn_localizer-concepts,2026-08-08 20h29.00.336696 +0200,,5292.389793500013,5293.905119800009,5293.905119800009,5295.042919899977,,,,60.03925365539914,5291.6299843000015,5292.389793500013,,,5291.613818999962,5292.3753312999615,,,chair\chair_06.png,,,,,,,,,,,,,,,,,,,,,,,0,0,1,None,5292.389793500013,,,,,None,,3,,,2025.2.4,,,1,5292.379025499977,5293.89092450001,,,None,None,5292.38947316667,5293.305230600003,,,356,0,2026-08-08_21:57:11.940101,356,7,localizer,,None,,None,356,356,0,356,,,,,,chair,,Stuhl,
5297.522941300005,5298.32339559996,0.8,,,8,5298.323463700013,5298.323524600011,,,ball,6,3,,,,,,,,,,,,,,,,,,,,,,,,,,,,,,None,,,r,2026-08-08_20h28.59.015,4,TSRlearn_localizer-concepts,2026-08-08 20h29.00.336696 +0200,,5295.805045599991,5297.537794300006,5297.537794300006,5298.35652099998,,,,60.03925365539914,5295.042919899977,5295.805045599991,,,5295.022115800006,5295.791352299973,,,ball\ball_04.png,,,,,,,,,,,,,,,,,,,,,,,0,1,1,None,5295.805045599991,,,,,right,,3,,,2025.2.4,,,1,5295.794675100013,5297.52287809999,,,None,None,5295.80571176665,5296.754358500009,,,357,0,2026-08-08_21:57:15.353037,357,8,localizer,,None,,None,357,357,0,357,,,,,,dress,,Kleid,
5300.62273090001,5301.405904299987,0.78,,,8,5301.405972699984,5301.406008599966,,,chair,8,8,,,,,,,,,,,,,,,,,,,,,,,,,,,,,,None,,,None,2026-08-08_20h28.59.015,1,TSRlearn_localizer-concepts,2026-08-08 20h29.00.336696 +0200,,5299.121271000011,5300.636850799958,5300.636850799958,5301.437829400005,,,,60.03925365539914,5298.35652099998,5299.121271000011,,,5298.340593700006,5299.1066072999965,,,chair\chair_01.png,,,,,,,,,,,,,,,,,,,,,,,0,0,1,None,5299.121271000011,,,,,None,,3,,,2025.2.4,,,1,5299.110482799995,5300.6226692000055,,,None,None,5299.1204975666515,5300.05390910001,,,358,0,2026-08-08_21:57:18.666638,358,9,localizer,,None,,None,358,358,0,358,,,,,,chair,,Stuhl,
5303.704852199997,5304.853970199998,1.15,,,8,5304.854045199987,5304.85407989996,,,saw,10,10,,,,,,,,,,,,,,,,,,,,,,,,,,,,,,None,,,None,2026-08-08_20h28.59.015,2,TSRlearn_localizer-concepts,2026-08-08 20h29.00.336696 +0200,,5302.202847999986,5303.702183799993,5303.718702399987,5304.889410200005,,,,60.03925365539914,5301.437829400005,5302.202847999986,,,5301.4249136999715,5302.18876260001,,,saw\saw_02.png,,,,,,,,,,,,,,,,,,,,,,,0,0,1,None,5302.202847999986,,,,,None,,3,,,2025.2.4,,,1,5302.192132800003,5303.704777300009,,,None,None,5302.202920366664,5303.152611800004,,,359,0,2026-08-08_21:57:21.747947,359,10,localizer,,None,,None,359,359,0,359,,,,,,saw,,Säge,
5307.353880799958,5308.202890699962,0.84,,,8,5308.202963299991,5308.203001999995,,,door,4,9,,,,,,,,,,,,,,,,,,,,,,,,,,,,,,None,,,r,2026-08-08_20h28.59.015,9,TSRlearn_localizer-concepts,2026-08-08 20h29.00.336696 +0200,,5305.651761599991,5307.367775999999,5307.367775999999,5308.237166400009,,,,60.03925365539914,5304.889410200005,5305.651761599991,,,5304.876934800006,5305.637761899969,,,door\door_09.png,,,,,,,,,,,,,,,,,,,,,,,0,1,1,None,5305.651761599991,,,,,right,,3,,,2025.2.4,,,1,5305.641221900005,5307.353812699963,,,None,None,5305.651899966648,5306.567913800012,,,360,0,2026-08-08_21:57:25.199527,360,11,localizer,,None,,None,360,360,0,360,,,,,,rose,,Rose,
5310.502979599987,5311.335828399984,0.82,,,8,5311.335904699983,5311.335942399979,,,fish,2,2,,,,,,,,,,,,,,,,,,,,,,,,,,,,,,None,,,None,2026-08-08_20h28.59.015,3,TSRlearn_localizer-concepts,2026-08-08 20h29.00.336696 +0200,,5309.000880999956,5310.500186999969,5310.516976999992,5311.350675199996,,,,60.03925365539914,5308.237166400009,5309.000880999956,,,5308.225469600002,5308.987140399986,,,fish\fish_03.png,,,,,,,,,,,,,,,,,,,,,,,0,0,1,None,5309.000880999956,,,,,None,,3,,,2025.2.4,,,1,5308.990253600001,5310.502906000009,,,None,None,5309.001073166673,5309.883703199972,,,361,0,2026-08-08_21:57:28.547283,361,12,localizer,,None,,None,361,361,0,361,,,,,,fish,,Fisch,
5313.602075700008,5314.517414600006,0.91,,,8,5314.517480299983,5314.5175132,,,book,7,7,,,,,,,,,,,,,,,,,,,,,,,,,,,,,,None,,,None,2026-08-08_20h28.59.015,7,TSRlearn_localizer-concepts,2026-08-08 20h29.00.336696 +0200,,5312.116261499992,5313.6159914999735,5313.6159914999735,5314.60935069999,,,,60.03925365539914,5311.350675199996,5312.116261499992,,,5311.343613200006,5312.101406699978,,,book\book_07.png,,,,,,,,,,,,,,,,,,,,,,,0,0,1,None,5312.116261499992,,,,,None,,3,,,2025.2.4,,,1,5312.1040316,5313.602009499969,,,None,None,5312.116146266639,5312.999101799971,,,362,0,2026-08-08_21:57:31.660792,362,13,localizer,,None,,None,362,362,0,362,,,,,,book,,Buch,
5316.86767810001,5317.849868499965,0.97,,,8,5317.849942300003,5317.849981200008,,,fish,2,2,,,,,,,,,,,,,,,,,,,,,,,,,,,,,,None,,,None,2026-08-08_20h28.59.015,2,TSRlearn_localizer-concepts,2026-08-08 20h29.00.336696 +0200,,5315.365296199976,5316.86478080001,5316.881487099978,5317.883533599961,,,,60.03925365539914,5314.60935069999,5315.365296199976,,,5314.591239499976,5315.351452999981,,,fish\fish_02.png,,,,,,,,,,,,,,,,,,,,,,,0,0,1,None,5315.365296199976,,,,,None,,3,,,2025.2.4,,,1,5315.354763199983,5316.867591599992,,,None,None,5315.365450166635,5316.24819329998,,,363,0,2026-08-08_21:57:34.919468,363,14,localizer,,None,,None,363,363,0,363,,,,,,fish,,Fisch,
5320.149979899987,5320.96668339998,0.81,,,8,5320.966757899965,5320.966795099957,,,rose,9,9,,,,,,,,,,,,,,,,,,,,,,,,,,,,,,None,,,None,2026-08-08_20h28.59.015,4,TSRlearn_localizer-concepts,2026-08-08 20h29.00.336696 +0200,,5318.6475398999755,5320.147152599995,5320.163772500004,5320.998804699979,,,,60.03925365539914,5317.883533599961,5318.6475398999755,,,5317.870971700002,5318.633153999981,,,rose\rose_04.png,,,,,,,,,,,,,,,,,,,,,,,0,0,1,None,5318.6475398999755,,,,,None,,3,,,2025.2.4,,,1,5318.636563099979,5320.149906400009,,,None,None,5318.647666966663,5319.563600099995,,,364,0,2026-08-08_21:57:38.193651,364,15,localizer,,None,,None,364,364,0,364,,,,,,rose,,Rose,
5323.264927099983,5324.4980541999685,1.22,,,8,5324.498120500008,5324.49815639999,,,book,7,7,,,,,,,,,,,,,,,,,,,,,,,,,,,,,,None,,,None,2026-08-08_20h28.59.015,3,TSRlearn_localizer-concepts,2026-08-08 20h29.00.336696 +0200,,5321.763310500013,5323.262418699975,5323.279233799956,5324.530359599972,,,,60.03925365539914,5320.998804699979,5321.763310500013,,,5320.989087699971,5321.748582999979,,,book\book_03.png,,,,,,,,,,,,,,,,,,,,,,,0,0,1,None,5321.763310500013,,,,,None,,3,,,2025.2.4,,,1,5321.751505299995,5323.2648558999645,,,None,None,5321.763046566633,5322.629418800003,,,365,0,2026-08-08_21:57:41.308922,365,16,localizer,,None,,None,365,365,0,365,,,,,,book,,Buch,
5326.797850599978,5327.946631399973,1.14,,,8,5327.946698599961,5327.946732099983,,,bag,1,1,,,,,,,,,,,,,,,,,,,,,,,,,,,,,,None,,,None,2026-08-08_20h28.59.015,1,TSRlearn_localizer-concepts,2026-08-08 20h29.00.336696 +0200,,5325.296394200006,5326.811696399993,5326.811696399993,5327.980715499958,,,,60.03925365539914,5324.530359599972,5325.296394200006,,,5324.513964199985,5325.282024699962,,,bag\bag_01.png,,,,,,,,,,,,,,,,,,,,,,,0,0,1,None,5325.296394200006,,,,,None,,3,,,2025.2.4,,,1,5325.285104300012,5326.797787199961,,,None,None,5325.296037066673,5326.195158699993,,,366,0,2026-08-08_21:57:44.840477,366,17,localizer,,None,,None,366,366,0,366,,,,,,bag,,Tasche,
5330.246341899969,5331.379983299994,1.12,,,8,5331.380053900008,5331.3800899999915,,,rose,9,9,,,,,,,,,,,,,,,,,,,,,,,,,,,,,,None,,,None,2026-08-08_20h28.59.015,1,TSRlearn_localizer-concepts,2026-08-08 20h29.00.336696 +0200,,5328.744818100007,5330.244002099964,5330.260444799962,5331.413714999973,,,,60.03925365539914,5327.980715499958,5328.744818100007,,,5327.969179500011,5328.7307115999865,,,rose\rose_01.png,,,,,,,,,,,,,,,,,,,,,,,0,0,1,None,5328.744818100007,,,,,None,,3,,,2025.2.4,,,1,5328.733950099966,5330.246275799989,,,None,None,5328.745030866648,5329.661635399971,,,367,0,2026-08-08_21:57:48.290833,367,18,localizer,,None,,None,367,367,0,367,,,,,,rose,,Rose,
5333.678341199993,5334.578688899986,0.89,,,8,5334.578757899988,5334.578794199973,,,dress,3,3,,,,,,,,,,,,,,,,,,,,,,,,,,,,,,None,,,None,2026-08-08_20h28.59.015,4,TSRlearn_localizer-concepts,2026-08-08 20h29.00.336696 +0200,,5332.176953899965,5333.675943899958,5333.692651299993,5334.612116899982,,,,60.03925365539914,5331.413714999973,5332.176953899965,,,5331.400668599992,5332.164313699992,,,dress\dress_04.png,,,,,,,,,,,,,,,,,,,,,,,0,0,1,None,5332.176953899965,,,,,None,,3,,,2025.2.4,,,1,5332.167955999961,5333.678271799989,,,None,None,5332.177010666641,5333.12645739998,,,368,0,2026-08-08_21:57:51.723832,368,19,localizer,,None,,None,368,368,0,368,,,,,,dress,,Kleid,
5336.877252199978,5337.861107099976,0.97,,,8,5337.8611760999775,5337.861213099968,,,car,5,5,,,,,,,,,,,,,,,,,,,,,,,,,,,,,,None,,,None,2026-08-08_20h28.59.015,9,TSRlearn_localizer-concepts,2026-08-08 20h29.00.336696 +0200,,5335.375552399957,5336.874916600005,5336.891646399978,5337.893892999971,,,,60.03925365539914,5334.612116899982,5335.375552399957,,,5334.596947399958,5335.361856899981,,,car\car_09.png,,,,,,,,,,,,,,,,,,,,,,,0,0,1,None,5335.375552399957,,,,,None,,3,,,2025.2.4,,,1,5335.364620600012,5336.877183899982,,,None,None,5335.376505966651,5336.3250857999665,,,369,0,2026-08-08_21:57:54.922234,369,20,localizer,,None,,None,369,369,0,369,,,,,,car,,Auto,
5340.159814999963,5341.142361100006,0.98,,,8,5341.142422500008,5341.142454299959,,,saw,10,10,,,,,,,,,,,,,,,,,,,,,,,,,,,,,,None,,,None,2026-08-08_20h28.59.015,3,TSRlearn_localizer-concepts,2026-08-08 20h29.00.336696 +0200,,5338.658193899959,5340.157258699997,5340.173876899993,5341.1950415999745,,,,60.03925365539914,5337.893892999971,5338.658193899959,,,5337.877820199996,5338.643179900013,,,saw\saw_03.png,,,,,,,,,,,,,,,,,,,,,,,0,0,1,None,5338.658193899959,,,,,None,,3,,,2025.2.4,,,1,5338.645880899974,5340.159751800005,,,None,None,5338.657867666629,5339.607452899974,,,370,0,2026-08-08_21:57:58.204010,370,21,localizer,,None,,None,370,370,0,370,,,,,,saw,,Säge,
5343.458526399976,5344.3253042,0.86,,,8,5344.3253731,5344.325408899982,,,fish,2,2,,,,,,,,,,,,,,,,,,,,,,,,,,,,,,None,,,None,2026-08-08_20h28.59.015,7,TSRlearn_localizer-concepts,2026-08-08 20h29.00.336696 +0200,,5341.956996299967,5343.456226499984,5343.472879600013,5344.376434199978,,,,60.03925365539914,5341.1950415999745,5341.956996299967,,,5341.182608000003,5341.943321999977,,,fish\fish_07.png,,,,,,,,,,,,,,,,,,,,,,,0,0,1,None,5341.956996299967,,,,,None,,3,,,2025.2.4,,,1,5341.9461602999945,5343.458460099995,,,None,None,5341.957085066653,5342.840355299995,,,371,0,2026-08-08_21:58:01.505159,371,22,localizer,,None,,None,371,371,0,371,,,,,,fish,,Fisch,
5346.641679399996,5347.824087899993,1.17,,,8,5347.824150200002,5347.824183599965,,,ball,6,6,,,,,,,,,,,,,,,,,,,,,,,,,,,,,,None,,,None,2026-08-08_20h28.59.015,5,TSRlearn_localizer-concepts,2026-08-08 20h29.00.336696 +0200,,5345.139321099967,5346.638955199975,5346.6555391,5347.858590699965,,,,60.03925365539914,5344.376434199978,5345.139321099967,,,5344.358042099979,5345.125134099973,,,ball\ball_05.png,,,,,,,,,,,,,,,,,,,,,,,0,0,1,None,5345.139321099967,,,,,None,,3,,,2025.2.4,,,1,5345.128117199987,5346.641608599981,,,None,None,5345.139499966641,5345.922081500001,,,372,0,2026-08-08_21:58:04.686551,372,23,localizer,,None,,None,372,372,0,372,,,,,,ball,,Ball,
5350.1232709999895,5351.272863199993,1.15,,,8,5351.272939999995,5351.272981499962,,,car,5,5,,,,,,,,,,,,,,,,,,,,,,,,,,,,,,None,,,None,2026-08-08_20h28.59.015,6,TSRlearn_localizer-concepts,2026-08-08 20h29.00.336696 +0200,,5348.621330099995,5350.120762799983,5350.137517099967,5351.305895700003,,,,60.03925365539914,5347.858590699965,5348.621330099995,,,5347.845138299977,5348.606843999994,,,car\car_06.png,,,,,,,,,,,,,,,,,,,,,,,0,0,1,None,5348.621330099995,,,,,None,,3,,,2025.2.4,,,1,5348.609826800006,5350.123202499992,,,None,None,5348.62137386663,5349.570977700001,,,373,0,2026-08-08_21:58:08.168708,373,24,localizer,,None,,None,373,373,0,373,,,,,,car,,Auto,
5353.556205799978,5354.705533800006,1.14,,,8,5354.705609800003,5354.705650899967,,,chair,8,8,,,,,,,,,,,,,,,,,,,,,,,,,,,,,,None,,,None,2026-08-08_20h28.59.015,3,TSRlearn_localizer-concepts,2026-08-08 20h29.00.336696 +0200,,5352.07028559997,5353.569851299981,5353.569851299981,5354.738289300003,,,,60.03925365539914,5351.305895700003,5352.07028559997,,,5351.288432499976,5352.0556914999615,,,chair\chair_03.png,,,,,,,,,,,,,,,,,,,,,,,0,0,1,None,5352.07028559997,,,,,None,,3,,,2025.2.4,,,1,5352.058735499973,5353.556138499989,,,None,None,5352.070219566642,5353.003044699959,,,374,0,2026-08-08_21:58:11.616013,374,25,localizer,,None,,None,374,374,0,374,,,,,,chair,,Stuhl,
5356.989395599987,5358.022299000004,1.02,,,8,5358.022370099963,5358.022408299963,,,dress,3,3,,,,,,,,,,,,,,,,,,,,,,,,,,,,,,None,,,None,2026-08-08_20h28.59.015,9,TSRlearn_localizer-concepts,2026-08-08 20h29.00.336696 +0200,,5355.502864999988,5357.0024969999795,5357.0024969999795,5358.071210399969,,,,60.03925365539914,5354.738289300003,5355.502864999988,,,5354.722206400009,5355.488301699981,,,dress\dress_09.png,,,,,,,,,,,,,,,,,,,,,,,0,0,1,None,5355.502864999988,,,,,None,,3,,,2025.2.4,,,1,5355.491347800009,5356.989327299991,,,None,None,5355.502793366675,5356.452741599991,,,375,0,2026-08-08_21:58:15.048406,375,26,localizer,,None,,None,375,375,0,375,,,,,,dress,,Kleid,
5360.337259099993,5361.470183899975,1.12,,,8,5361.470252499974,5361.470288399956,,,saw,10,10,,,,,,,,,,,,,,,,,,,,,,,,,,,,,,None,,,None,2026-08-08_20h28.59.015,8,TSRlearn_localizer-concepts,2026-08-08 20h29.00.336696 +0200,,5358.83530929999,5360.334519099968,5360.351188200002,5361.502887099981,,,,60.03925365539914,5358.071210399969,5358.83530929999,,,5358.046996599995,5358.821191700001,,,saw\saw_08.png,,,,,,,,,,,,,,,,,,,,,,,0,0,1,None,5358.83530929999,,,,,None,,3,,,2025.2.4,,,1,5358.8244984999765,5360.337187499972,,,None,None,5358.835460566628,5359.785049400001,,,376,0,2026-08-08_21:58:18.381327,376,27,localizer,,None,,None,376,376,0,376,,,,,,saw,,Säge,
5363.7690615999745,5364.618557300011,0.85,,,8,5364.618633700011,5364.61867549998,,,book,7,7,,,,,,,,,,,,,,,,,,,,,,,,,,,,,,None,,,None,2026-08-08_20h28.59.015,2,TSRlearn_localizer-concepts,2026-08-08 20h29.00.336696 +0200,,5362.267213599989,5363.766628499958,5363.783329099999,5364.652006699995,,,,60.03925365539914,5361.502887099981,5362.267213599989,,,5361.49009669997,5362.252830299956,,,book\book_02.png,,,,,,,,,,,,,,,,,,,,,,,0,0,1,None,5362.267213599989,,,,,None,,3,,,2025.2.4,,,1,5362.255478999985,5363.768990999961,,,None,None,5362.26723286667,5363.133316099993,,,377,0,2026-08-08_21:58:21.813004,377,28,localizer,,None,,None,377,377,0,377,,,,,,book,,Buch,
5367.134641499957,5368.018036399968,0.87,,,8,5368.018102000002,5368.018135899969,,,chair,8,4,,,,,,,,,,,,,,,,,,,,,,,,,,,,,,None,,,r,2026-08-08_20h28.59.015,9,TSRlearn_localizer-concepts,2026-08-08 20h29.00.336696 +0200,,5365.416128999961,5367.148845799966,5367.148845799966,5368.051321199979,,,,60.03925365539914,5364.652006699995,5365.416128999961,,,5364.634398399969,5365.401573300012,,,chair\chair_09.png,,,,,,,,,,,,,,,,,,,,,,,0,1,1,None,5365.416128999961,,,,,right,,3,,,2025.2.4,,,1,5365.404190399975,5367.134574099968,,,None,None,5365.416059666666,5366.249297800008,,,378,0,2026-08-08_21:58:24.962124,378,29,localizer,,None,,None,378,378,0,378,,,,,,door,,Tür,
5370.317501399957,5371.349756499985,1.02,,,8,5371.349822599965,5371.34985649999,,,ball,6,6,,,,,,,,,,,,,,,,,,,,,,,,,,,,,,None,,,None,2026-08-08_20h28.59.015,6,TSRlearn_localizer-concepts,2026-08-08 20h29.00.336696 +0200,,5368.816481999995,5370.331323299964,5370.331323299964,5371.383078099985,,,,60.03925365539914,5368.051321199979,5368.816481999995,,,5368.040883300011,5368.802447900001,,,ball\ball_06.png,,,,,,,,,,,,,,,,,,,,,,,0,0,1,None,5368.816481999995,,,,,None,,3,,,2025.2.4,,,1,5368.805599399959,5370.317429199989,,,None,None,5368.816218566677,5369.598472299986,,,379,0,2026-08-08_21:58:28.361438,379,30,localizer,,None,,None,379,379,0,379,,,,,,ball,,Ball,
5373.649364699959,5374.49899230001,0.84,,,8,5374.499056799978,5374.499089899997,,,chair,8,8,,,,,,,,,,,,,,,,,,,,,,,,,,,,,,None,,,None,2026-08-08_20h28.59.015,7,TSRlearn_localizer-concepts,2026-08-08 20h29.00.336696 +0200,,5372.1474461999605,5373.6469257000135,5373.663477199967,5374.551005699963,,,,60.03925365539914,5371.383078099985,5372.1474461999605,,,5371.365084699995,5372.133318600012,,,chair\chair_07.png,,,,,,,,,,,,,,,,,,,,,,,0,0,1,None,5372.1474461999605,,,,,None,,3,,,2025.2.4,,,1,5372.13675169996,5373.64929609996,,,None,None,5372.147600766624,5373.0802664000075,,,380,0,2026-08-08_21:58:31.693195,380,31,localizer,,None,,None,380,380,0,380,,,,,,chair,,Stuhl,
5376.8146870000055,5377.914094300009,1.1,,,8,5377.914157799969,5377.914189899981,,,door,4,4,,,,,,,,,,,,,,,,,,,,,,,,,,,,,,None,,,None,2026-08-08_20h28.59.015,3,TSRlearn_localizer-concepts,2026-08-08 20h29.00.336696 +0200,,5375.313156799995,5376.812357299961,5376.829140299989,5377.947730599961,,,,60.03925365539914,5374.551005699963,5375.313156799995,,,5374.537403199996,5375.299145900004,,,door\door_03.png,,,,,,,,,,,,,,,,,,,,,,,0,0,1,None,5375.313156799995,,,,,None,,3,,,2025.2.4,,,1,5375.302230899979,5376.814619999961,,,None,None,5375.3133169666435,5376.145754099998,,,381,0,2026-08-08_21:58:34.861123,381,32,localizer,,None,,None,381,381,0,381,,,,,,door,,Tür,
5380.197632199968,5380.996986599988,0.8,,,8,5380.997051599959,5380.997084699979,,,ball,6,6,,,,,,,,,,,,,,,,,,,,,,,,,,,,,,None,,,None,2026-08-08_20h28.59.015,9,TSRlearn_localizer-concepts,2026-08-08 20h29.00.336696 +0200,,5378.7118935000035,5380.211511500005,5380.211511500005,5381.029128099966,,,,60.03925365539914,5377.947730599961,5378.7118935000035,,,5377.928150299995,5378.697211399965,,,ball\ball_09.png,,,,,,,,,,,,,,,,,,,,,,,0,0,1,None,5378.7118935000035,,,,,None,,3,,,2025.2.4,,,1,5378.699772299966,5380.197564299975,,,None,None,5378.712003666678,5379.495175199991,,,382,0,2026-08-08_21:58:38.257848,382,33,localizer,,None,,None,382,382,0,382,,,,,,ball,,Ball,
5383.29571549996,5384.312715200009,1.01,,,8,5384.312784500013,5384.312821700005,,,rose,9,9,,,,,,,,,,,,,,,,,,,,,,,,,,,,,,None,,,None,2026-08-08_20h28.59.015,3,TSRlearn_localizer-concepts,2026-08-08 20h29.00.336696 +0200,,5381.794495899987,5383.293570099981,5383.310214500001,5384.550556799979,,,,60.03925365539914,5381.029128099966,5381.794495899987,,,5381.00997710001,5381.780498999986,,,rose\rose_03.png,,,,,,,,,,,,,,,,,,,,,,,0,0,1,None,5381.794495899987,,,,,None,,3,,,2025.2.4,,,1,5381.78378920001,5383.29565059999,,,None,None,5381.794508966679,5382.710903299972,,,383,0,2026-08-08_21:58:41.339245,383,34,localizer,,None,,None,383,383,0,383,,,,,,rose,,Rose,
5386.811966999958,5387.8117203,1,,,8,5387.811787099985,5387.81182199996,,,ball,6,6,,,,,,,,,,,,,,,,,,,,,,,,,,,,,,None,,,None,2026-08-08_20h28.59.015,3,TSRlearn_localizer-concepts,2026-08-08 20h29.00.336696 +0200,,5385.310192100005,5386.809551599959,5386.825961099996,5387.863815199991,,,,60.03925365539914,5384.550556799979,5385.310192100005,,,5384.5033492000075,5385.296804399986,,,ball\ball_03.png,,,,,,,,,,,,,,,,,,,,,,,0,0,1,None,5385.310192100005,,,,,None,,3,,,2025.2.4,,,1,5385.299842400011,5386.8118958999985,,,None,None,5385.310806166675,5386.093343099987,,,384,0,2026-08-08_21:58:44.860674,384,35,localizer,,None,,None,384,384,0,384,,,,,,ball,,Ball,
5390.128938999958,5391.2604498,1.12,,,8,5391.2605154999765,5391.260549300001,,,bag,1,1,,,,,,,,,,,,,,,,,,,,,,,,,,,,,,None,,,None,2026-08-08_20h28.59.015,8,TSRlearn_localizer-concepts,2026-08-08 20h29.00.336696 +0200,,5388.625856400002,5390.1255122,5390.141896699963,5391.293768199976,,,,60.03925365539914,5387.863815199991,5388.625856400002,,,5387.837727100006,5388.6119266999885,,,bag\bag_08.png,,,,,,,,,,,,,,,,,,,,,,,0,0,1,None,5388.625856400002,,,,,None,,3,,,2025.2.4,,,1,5388.615145599993,5390.128870499961,,,None,None,5388.626122766644,5389.5258226000005,,,385,0,2026-08-08_21:58:48.173932,385,36,localizer,,None,,None,385,385,0,385,,,,,,bag,,Tasche,
5393.544012199971,5394.742479999957,1.19,,,8,5394.742548000009,5394.742584699998,,,fish,2,2,,,,,,,,,,,,,,,,,,,,,,,,,,,,,,None,,,None,2026-08-08_20h28.59.015,5,TSRlearn_localizer-concepts,2026-08-08 20h29.00.336696 +0200,,5392.057779899973,5393.557230299979,5393.557230299979,5394.793809499999,,,,60.03925365539914,5391.293768199976,5392.057779899973,,,5391.276826899964,5392.043007900007,,,fish\fish_05.png,,,,,,,,,,,,,,,,,,,,,,,0,0,1,None,5392.057779899973,,,,,None,,3,,,2025.2.4,,,1,5392.045719599992,5393.543941799959,,,None,None,5392.0576808666265,5392.923896599968,,,386,0,2026-08-08_21:58:51.603885,386,37,localizer,,None,,None,386,386,0,386,,,,,,fish,,Fisch,
5397.042556300003,5398.04121299996,1,,,8,5398.041284899984,5398.041323499987,,,dress,3,3,,,,,,,,,,,,,,,,,,,,,,,,,,,,,,None,,,None,2026-08-08_20h28.59.015,3,TSRlearn_localizer-concepts,2026-08-08 20h29.00.336696 +0200,,5395.556646200013,5397.056533099967,5397.056533099967,5398.092585799983,,,,60.03925365539914,5394.793809499999,5395.556646200013,,,5394.773014799983,5395.542129100009,,,dress\dress_03.png,,,,,,,,,,,,,,,,,,,,,,,0,0,1,None,5395.556646200013,,,,,None,,3,,,2025.2.4,,,1,5395.545538800012,5397.04248959996,,,None,None,5395.556418966622,5396.506384999957,,,387,0,2026-08-08_21:58:55.103926,387,38,localizer,,None,,None,387,387,0,387,,,,,,dress,,Kleid,
5400.357446099981,5401.406914899999,1.04,,,8,5401.406990599993,5401.4070297,,,door,4,4,,,,,,,,,,,,,,,,,,,,,,,,,,,,,,None,,,None,2026-08-08_20h28.59.015,6,TSRlearn_localizer-concepts,2026-08-08 20h29.00.336696 +0200,,5398.855934299994,5400.371612599993,5400.371612599993,5401.440286399971,,,,60.03925365539914,5398.092585799983,5398.855934299994,,,5398.0694257,5398.842111999984,,,door\door_06.png,,,,,,,,,,,,,,,,,,,,,,,0,0,1,None,5398.855934299994,,,,,None,,3,,,2025.2.4,,,1,5398.845163299993,5400.357371799997,,,None,None,5398.855947066626,5399.688483699982,,,388,0,2026-08-08_21:58:58.402703,388,39,localizer,,None,,None,388,388,0,388,,,,,,door,,Tür,
5403.922652699985,5404.923141699983,0.99,,,8,5404.923222899961,5404.9232666000025,,,book,7,2,,,,,,,,,,,,,,,,,,,,,,,,,,,,,,None,,,r,2026-08-08_20h28.59.015,9,TSRlearn_localizer-concepts,2026-08-08 20h29.00.336696 +0200,,5402.204660699994,5403.93705269997,5403.93705269997,5404.956141299976,,,,60.03925365539914,5401.440286399971,5402.204660699994,,,5401.425374699989,5402.190590399958,,,book\book_09.png,,,,,,,,,,,,,,,,,,,,,,,0,1,1,None,5402.204660699994,,,,,left,,3,,,2025.2.4,,,1,5402.193848899973,5403.92259229999,,,None,None,5402.204579566667,5403.087635400007,,,389,0,2026-08-08_21:59:01.750403,389,40,localizer,,None,,None,389,389,0,389,,,,,,fish,,Fisch,
5407.222593499988,5408.15489569999,0.92,,,8,5408.154958800005,5408.154990899959,,,saw,10,10,,,,,,,,,,,,,,,,,,,,,,,,,,,,,,None,,,None,2026-08-08_20h28.59.015,4,TSRlearn_localizer-concepts,2026-08-08 20h29.00.336696 +0200,,5405.720207299979,5407.219836700009,5407.236500300001,5408.187513899989,,,,60.03925365539914,5404.956141299976,5405.720207299979,,,5404.938384399982,5405.706551499956,,,saw\saw_04.png,,,,,,,,,,,,,,,,,,,,,,,0,0,1,None,5405.720207299979,,,,,None,,3,,,2025.2.4,,,1,5405.709970899974,5407.222517199989,,,None,None,5405.720367766629,5406.669906599971,,,390,0,2026-08-08_21:59:05.266258,390,41,localizer,,None,,None,390,390,0,390,,,,,,saw,,Säge,
5410.455329099961,5411.287487099995,0.82,,,8,5411.287556099996,5411.2875920999795,,,bag,1,1,,,,,,,,,,,,,,,,,,,,,,,,,,,,,,None,,,None,2026-08-08_20h28.59.015,10,TSRlearn_localizer-concepts,2026-08-08 20h29.00.336696 +0200,,5408.952475400001,5410.452466899995,5410.468612800003,5411.320790399972,,,,60.03925365539914,5408.187513899989,5408.952475400001,,,5408.168807299982,5408.938265500008,,,bag\bag_10.png,,,,,,,,,,,,,,,,,,,,,,,0,0,1,None,5408.952475400001,,,,,None,,3,,,2025.2.4,,,1,5408.941355899966,5410.455258300004,,,None,None,5408.952386566674,5409.852237000014,,,391,0,2026-08-08_21:59:08.497631,391,42,localizer,,None,,None,391,391,0,391,,,,,,bag,,Tasche,
5413.587260200002,5414.638097799965,1.04,,,8,5414.63821439998,5414.638270700001,,,car,5,5,,,,,,,,,,,,,,,,,,,,,,,,,,,,,,None,,,None,2026-08-08_20h28.59.015,7,TSRlearn_localizer-concepts,2026-08-08 20h29.00.336696 +0200,,5412.084905399999,5413.584516400006,5413.600972499989,5414.686719899997,,,,60.03925365539914,5411.320790399972,5412.084905399999,,,5411.311271399958,5412.071171699965,,,car\car_07.png,,,,,,,,,,,,,,,,,,,,,,,0,0,1,None,5412.084905399999,,,,,None,,3,,,2025.2.4,,,1,5412.075016499963,5413.587154999957,,,None,None,5412.0852714666435,5413.034533999977,,,392,0,2026-08-08_21:59:11.630907,392,43,localizer,,None,,None,392,392,0,392,,,,,,car,,Auto,
5416.952514900011,5418.052157099999,1.08,,,8,5418.052222799975,5418.052257400006,,,rose,9,9,,,,,,,,,,,,,,,,,,,,,,,,,,,,,,None,,,None,2026-08-08_20h28.59.015,8,TSRlearn_localizer-concepts,2026-08-08 20h29.00.336696 +0200,,5415.450555699994,5416.949931799958,5416.972817800008,5418.0849043999915,,,,60.03925365539914,5414.686719899997,5415.450555699994,,,5414.66410200001,5415.437449699966,,,rose\rose_08.png,,,,,,,,,,,,,,,,,,,,,,,0,0,1,None,5415.450555699994,,,,,None,,3,,,2025.2.4,,,1,5415.441060299985,5416.952440299967,,,None,None,5415.451274566647,5416.38371319999,,,393,0,2026-08-08_21:59:14.996837,393,44,localizer,,None,,None,393,393,0,393,,,,,,rose,,Rose,
5420.351112900011,5421.300759100006,0.94,,,8,5421.30082449998,5421.300858800008,,,door,4,4,,,,,,,,,,,,,,,,,,,,,,,,,,,,,,None,,,None,2026-08-08_20h28.59.015,4,TSRlearn_localizer-concepts,2026-08-08 20h29.00.336696 +0200,,5418.849328599987,5420.348684499972,5420.365877399978,5421.335035099997,,,,60.03925365539914,5418.0849043999915,5418.849328599987,,,5418.068585100002,5418.835035099997,,,door\door_04.png,,,,,,,,,,,,,,,,,,,,,,,0,0,1,None,5418.849328599987,,,,,None,,3,,,2025.2.4,,,1,5418.837820599962,5420.351045599964,,,None,None,5418.849573266638,5419.682533399959,,,394,0,2026-08-08_21:59:18.395021,394,45,localizer,,None,,None,394,394,0,394,,,,,,door,,Tür,
5423.5996564999805,5424.599343199981,1,,,8,5424.5994068,5424.599438600009,,,dress,3,3,,,,,,,,,,,,,,,,,,,,,,,,,,,,,,None,,,None,2026-08-08_20h28.59.015,7,TSRlearn_localizer-concepts,2026-08-08 20h29.00.336696 +0200,,5422.098297699995,5423.597550900013,5423.6141604,5424.632317799958,,,,60.03925365539914,5421.335035099997,5422.098297699995,,,5421.317837300012,5422.08406969998,,,dress\dress_07.png,,,,,,,,,,,,,,,,,,,,,,,0,0,1,None,5422.098297699995,,,,,None,,3,,,2025.2.4,,,1,5422.0871078000055,5423.599591400009,,,None,None,5422.098571466635,5423.0481369000045,,,395,0,2026-08-08_21:59:21.645152,395,46,localizer,,None,,None,395,395,0,395,,,,,,dress,,Kleid,
5426.89903109998,5427.71557890001,0.81,,,8,5427.715644299984,5427.715677800006,,,door,4,4,,,,,,,,,,,,,,,,,,,,,,,,,,,,,,None,,,None,2026-08-08_20h28.59.015,2,TSRlearn_localizer-concepts,2026-08-08 20h29.00.336696 +0200,,5425.3971170999575,5426.896562299982,5426.913217599969,5427.7481109999935,,,,60.03925365539914,5424.632317799958,5425.3971170999575,,,5424.61449279997,5425.382536799996,,,door\door_02.png,,,,,,,,,,,,,,,,,,,,,,,0,0,1,None,5425.3971170999575,,,,,None,,3,,,2025.2.4,,,1,5425.385436399956,5426.898963399988,,,None,None,5425.397203666627,5426.23049039999,,,396,0,2026-08-08_21:59:24.942435,396,47,localizer,,None,,None,396,396,0,396,,,,,,door,,Tür,
5430.000827699958,5430.798363199981,0.8,,,8,5430.798430099967,5430.798463799991,,,bag,1,1,,,,,,,,,,,,,,,,,,,,,,,,,,,,,,None,,,None,2026-08-08_20h28.59.015,9,TSRlearn_localizer-concepts,2026-08-08 20h29.00.336696 +0200,,5428.496466799988,5429.996014299977,5430.012824699981,5430.831252400007,,,,60.03925365539914,5427.7481109999935,5428.496466799988,,,5427.732245599967,5428.48488080001,,,bag\bag_09.png,,,,,,,,,,,,,,,,,,,,,,,0,0,1,None,5428.496466799988,,,,,None,,3,,,2025.2.4,,,1,5428.487893100013,5430.000711800007,,,None,None,5428.497443266624,5429.396154099959,,,397,0,2026-08-08_21:59:28.058228,397,48,localizer,,None,,None,397,397,0,397,,,,,,bag,,Tasche,
5433.298188099987,5434.180435899994,0.88,,,8,5434.180503699987,5434.180540099973,,,car,5,10,,,,,,,,,,,,,,,,,,,,,,,,,,,,,,None,,,r,2026-08-08_20h28.59.015,3,TSRlearn_localizer-concepts,2026-08-08 20h29.00.336696 +0200,,5431.595382499974,5433.311521800002,5433.311521800002,5434.212948100001,,,,60.03925365539914,5430.831252400007,5431.595382499974,,,5430.816293300013,5431.580988499976,,,car\car_03.png,,,,,,,,,,,,,,,,,,,,,,,0,1,1,None,5431.595382499974,,,,,right,,3,,,2025.2.4,,,1,5431.584022599971,5433.298077899963,,,None,None,5431.59536286665,5432.544874899962,,,398,0,2026-08-08_21:59:31.141369,398,49,localizer,,None,,None,398,398,0,398,,,,,,saw,,Säge,
5436.480148000002,5437.646106400003,1.16,,,8,5437.646174399997,5523.968801799987,5437.660251199966,5452.6721519999555,rose,9,9,,,,,,,,,,,,,,,,,,,,,,,,,,,,,0.16190499998629093,r,71.14755980001064,5452.6560917999595,None,2026-08-08_20h28.59.015,7,TSRlearn_localizer-concepts,2026-08-08 20h29.00.336696 +0200,,5434.977407599974,5436.477199499961,5436.494117399969,5437.660251199966,,,,60.03925365539914,5434.212948100001,5434.977407599974,,,5434.201194499969,5434.962990499975,,,rose\rose_07.png,5452.6560917999595,,,,,,,,,,,,,,,,,,,,,,0,0,1,None,5434.977407599974,,,,,None,,3,5437.660251199966,5452.6721519999555,2025.2.4,,,1,5434.966174200003,5436.480075499974,,,None,None,5434.977531766639,5435.894055799989,,,399,0,2026-08-08_21:59:34.523065,399,50,localizer,0.16190499998629093,r,71.14755980001064,None,399,399,0,399,,,,,,rose,,Rose,
5526.284075099975,5527.368186599982,1.07,,,9,5527.372841399978,5527.372885799967,,,book,7,7,,,,,,,,,,,,,,,,,,,,,,,,,,,,,,None,,,None,2026-08-08_20h28.59.015,6,TSRlearn_localizer-concepts,2026-08-08 20h29.00.336696 +0200,,5524.782632399991,5526.281899099995,5526.298699899984,5527.399243699969,,,,60.03925365539914,5524.018595499976,5524.782632399991,,,5523.996085799998,5524.769829500001,,,book\book_06.png,,,,,,,,,,,,,,,,,,,,,,,0,0,1,None,5524.782632399991,,,,,None,,3,,,2025.2.4,,,1,5524.7731375999865,5526.284009299998,,,None,None,5524.782782366678,5525.665389099973,,,400,0,2026-08-08_22:01:04.328712,400,1,localizer,,None,,None,400,400,0,400,,,,,,book,,Buch,
5529.650507099985,5530.833560200001,1.17,,,9,5530.833628799999,5530.833665999991,,,saw,10,10,,,,,,,,,,,,,,,,,,,,,,,,,,,,,,None,,,None,2026-08-08_20h28.59.015,10,TSRlearn_localizer-concepts,2026-08-08 20h29.00.336696 +0200,,5528.1482187999645,5529.647813699965,5529.66455310001,5530.8666666999925,,,,60.03925365539914,5527.399243699969,5528.1482187999645,,,5527.392815199972,5528.134323099977,,,saw\saw_10.png,,,,,,,,,,,,,,,,,,,,,,,0,0,1,None,5528.1482187999645,,,,,None,,3,,,2025.2.4,,,1,5528.13714810001,5529.650432499999,,,None,None,5528.148305766637,5529.097582799965,,,401,0,2026-08-08_22:01:07.709361,401,2,localizer,,None,,None,401,401,0,401,,,,,,saw,,Säge,
5533.133095600002,5534.265017399972,1.12,,,9,5534.265081999998,5534.265113700007,,,dress,3,3,,,,,,,,,,,,,,,,,,,,,,,,,,,,,,None,,,None,2026-08-08_20h28.59.015,1,TSRlearn_localizer-concepts,2026-08-08 20h29.00.336696 +0200,,5531.630570499983,5533.130078299961,5533.146765899961,5534.318896099983,,,,60.03925365539914,5530.8666666999925,5531.630570499983,,,5530.848527399998,5531.616398399987,,,dress\dress_01.png,,,,,,,,,,,,,,,,,,,,,,,0,0,1,None,5531.630570499983,,,,,None,,3,,,2025.2.4,,,1,5531.619686499995,5533.133015899977,,,None,None,5531.630692066628,5532.580012199993,,,402,0,2026-08-08_22:01:11.176784,402,3,localizer,,None,,None,402,402,0,402,,,,,,dress,,Kleid,
5536.781856199959,5537.647602199984,0.86,,,9,5537.647670599981,5537.6477060999605,,,chair,8,2,,,,,,,,,,,,,,,,,,,,,,,,,,,,,,None,,,r,2026-08-08_20h28.59.015,6,TSRlearn_localizer-concepts,2026-08-08 20h29.00.336696 +0200,,5535.079891100002,5536.79588619998,5536.79588619998,5537.7173624999705,,,,60.03925365539914,5534.318896099983,5535.079891100002,,,5534.306106399978,5535.065561699972,,,chair\chair_06.png,,,,,,,,,,,,,,,,,,,,,,,0,1,1,None,5535.079891100002,,,,,right,,3,,,2025.2.4,,,1,5535.068437099981,5536.781737399986,,,None,None,5535.0800233666705,5535.945793699997,,,403,0,2026-08-08_22:01:14.629013,403,4,localizer,,None,,None,403,403,0,403,,,,,,fish,,Fisch,
5539.98048540001,5541.180057399964,1.2,,,9,5541.180125399958,5541.180159999989,,,ball,6,6,,,,,,,,,,,,,,,,,,,,,,,,,,,,,,None,,,None,2026-08-08_20h28.59.015,2,TSRlearn_localizer-concepts,2026-08-08 20h29.00.336696 +0200,,5538.478403299989,5539.978038700006,5539.9946135999635,5541.213496399985,,,,60.03925365539914,5537.7173624999705,5538.478403299989,,,5537.693974599999,5538.463819800003,,,ball\ball_02.png,,,,,,,,,,,,,,,,,,,,,,,0,0,1,None,5538.478403299989,,,,,None,,3,,,2025.2.4,,,1,5538.466443200014,5539.980410699965,,,None,None,5538.478390966662,5539.261450399994,,,404,0,2026-08-08_22:01:18.027479,404,5,localizer,,None,,None,404,404,0,404,,,,,,ball,,Ball,
5543.480652099999,5544.52915789996,1.04,,,9,5544.52922929998,5544.529266099969,,,book,7,7,,,,,,,,,,,,,,,,,,,,,,,,,,,,,,None,,,None,2026-08-08_20h28.59.015,1,TSRlearn_localizer-concepts,2026-08-08 20h29.00.336696 +0200,,5541.977267500013,5543.476888799982,5543.493410099996,5544.562299499987,,,,60.03925365539914,5541.213496399985,5541.977267500013,,,5541.1975372000015,5541.962470599974,,,book\book_01.png,,,,,,,,,,,,,,,,,,,,,,,0,0,1,None,5541.977267500013,,,,,None,,3,,,2025.2.4,,,1,5541.965061399969,5543.480570299958,,,None,None,5541.977138966675,5542.860189999978,,,405,0,2026-08-08_22:01:21.523613,405,6,localizer,,None,,None,405,405,0,405,,,,,,book,,Buch,
5546.827702499984,5547.778003799962,0.95,,,9,5547.778069799999,5547.7781050999765,,,saw,10,10,,,,,,,,,,,,,,,,,,,,,,,,,,,,,,None,,,None,2026-08-08_20h28.59.015,4,TSRlearn_localizer-concepts,2026-08-08 20h29.00.336696 +0200,,5545.326251299994,5546.825391899969,5546.841986199957,5547.8313971000025,,,,60.03925365539914,5544.562299499987,5545.326251299994,,,5544.544992799987,5545.311691699957,,,saw\saw_04.png,,,,,,,,,,,,,,,,,,,,,,,0,0,1,None,5545.326251299994,,,,,None,,3,,,2025.2.4,,,1,5545.314518800005,5546.827636100003,,,None,None,5545.326118266679,5546.275696699973,,,406,0,2026-08-08_22:01:24.872416,406,7,localizer,,None,,None,406,406,0,406,,,,,,saw,,Säge,
5550.0797225999995,5551.310542699997,1.23,,,9,5551.3106105999905,5551.310645999969,,,fish,2,2,,,,,,,,,,,,,,,,,,,,,,,,,,,,,,None,,,None,2026-08-08_20h28.59.015,4,TSRlearn_localizer-concepts,2026-08-08 20h29.00.336696 +0200,,5548.592857499956,5550.091605799971,5550.091605799971,5551.34203900001,,,,60.03925365539914,5547.8313971000025,5548.592857499956,,,5547.812177099986,5548.578159499972,,,fish\fish_04.png,,,,,,,,,,,,,,,,,,,,,,,0,0,1,None,5548.592857499956,,,,,None,,3,,,2025.2.4,,,1,5548.581348399981,5550.0796222999925,,,None,None,5548.5922301666615,5549.458215999999,,,407,0,2026-08-08_22:01:28.141514,407,8,localizer,,None,,None,407,407,0,407,,,,,,fish,,Fisch,
5553.609408999968,5554.675191799994,1.06,,,9,5554.675258099975,5554.675292500004,,,car,5,5,,,,,,,,,,,,,,,,,,,,,,,,,,,,,,None,,,None,2026-08-08_20h28.59.015,5,TSRlearn_localizer-concepts,2026-08-08 20h29.00.336696 +0200,,5552.107459499966,5553.606705599988,5553.623417700001,5554.708940899989,,,,60.03925365539914,5551.34203900001,5552.107459499966,,,5551.322821600013,5552.092721299967,,,car\car_05.png,,,,,,,,,,,,,,,,,,,,,,,0,0,1,None,5552.107459499966,,,,,None,,3,,,2025.2.4,,,1,5552.095333900012,5553.609320699994,,,None,None,5552.107404866667,5553.056806999957,,,408,0,2026-08-08_22:01:31.652156,408,9,localizer,,None,,None,408,408,0,408,,,,,,car,,Auto,
5556.974683600012,5558.023656199977,1.04,,,9,5558.023719299992,5558.023751600005,,,rose,9,9,,,,,,,,,,,,,,,,,,,,,,,,,,,,,,None,,,None,2026-08-08_20h28.59.015,9,TSRlearn_localizer-concepts,2026-08-08 20h29.00.336696 +0200,,5555.472993800009,5556.9723034999915,5556.989036199986,5558.056886999984,,,,60.03925365539914,5554.708940899989,5555.472993800009,,,5554.6966121000005,5555.458431600011,,,rose\rose_09.png,,,,,,,,,,,,,,,,,,,,,,,0,0,1,None,5555.472993800009,,,,,None,,3,,,2025.2.4,,,1,5555.461676899984,5556.97461559996,,,None,None,5555.472908766653,5556.3892979999655,,,409,0,2026-08-08_22:01:35.019058,409,10,localizer,,None,,None,409,409,0,409,,,,,,rose,,Rose,
5560.323842499987,5561.2402153,0.91,,,9,5561.240333499969,5561.240396199981,,,door,4,4,,,,,,,,,,,,,,,,,,,,,,,,,,,,,,None,,,None,2026-08-08_20h28.59.015,2,TSRlearn_localizer-concepts,2026-08-08 20h29.00.336696 +0200,,5558.8219970999635,5560.321138300002,5560.3379805999575,5561.445225699979,,,,60.03925365539914,5558.056886999984,5558.8219970999635,,,5558.038980200014,5558.807765299978,,,door\door_02.png,,,,,,,,,,,,,,,,,,,,,,,0,0,1,None,5558.8219970999635,,,,,None,,3,,,2025.2.4,,,1,5558.811092999997,5560.323769500013,,,None,None,5558.822002466655,5559.654871699982,,,410,0,2026-08-08_22:01:38.367004,410,11,localizer,,None,,None,410,410,0,410,,,,,,door,,Tür,
5563.706125099969,5564.639636899985,0.93,,,9,5564.639707900002,5564.639744799992,,,ball,6,6,,,,,,,,,,,,,,,,,,,,,,,,,,,,,,None,,,None,2026-08-08_20h28.59.015,7,TSRlearn_localizer-concepts,2026-08-08 20h29.00.336696 +0200,,5562.20437739999,5563.7036541000125,5563.720203400007,5564.6734157999745,,,,60.03925365539914,5561.445225699979,5562.20437739999,,,5561.412681799964,5562.190415399964,,,ball\ball_07.png,,,,,,,,,,,,,,,,,,,,,,,0,0,1,None,5562.20437739999,,,,,None,,3,,,2025.2.4,,,1,5562.193709399959,5563.706051299989,,,None,None,5562.204535066678,5562.986866499996,,,411,0,2026-08-08_22:01:41.755343,411,12,localizer,,None,,None,411,411,0,411,,,,,,ball,,Ball,
5566.922627299966,5567.7548445999855,0.83,,,9,5567.7549112999695,5567.754945399996,,,dress,3,3,,,,,,,,,,,,,,,,,,,,,,,,,,,,,,None,,,None,2026-08-08_20h28.59.015,10,TSRlearn_localizer-concepts,2026-08-08 20h29.00.336696 +0200,,5565.436484000005,5566.93624770001,5566.93624770001,5567.788100200007,,,,60.03925365539914,5564.6734157999745,5565.436484000005,,,5564.662732800003,5565.422019099991,,,dress\dress_10.png,,,,,,,,,,,,,,,,,,,,,,,0,0,1,None,5565.436484000005,,,,,None,,3,,,2025.2.4,,,1,5565.4253422999755,5566.92255399999,,,None,None,5565.436317266667,5566.386244199995,,,412,0,2026-08-08_22:01:44.983533,412,13,localizer,,None,,None,412,412,0,412,,,,,,dress,,Kleid,
5570.053969900007,5571.27004579996,1.21,,,9,5571.270109199977,5571.270141199988,,,chair,8,8,,,,,,,,,,,,,,,,,,,,,,,,,,,,,,None,,,None,2026-08-08_20h28.59.015,9,TSRlearn_localizer-concepts,2026-08-08 20h29.00.336696 +0200,,5568.552754200005,5570.051751799998,5570.068299499981,5571.301970699977,,,,60.03925365539914,5567.788100200007,5568.552754200005,,,5567.770641799958,5568.538607099967,,,chair\chair_09.png,,,,,,,,,,,,,,,,,,,,,,,0,0,1,None,5568.552754200005,,,,,None,,3,,,2025.2.4,,,1,5568.542102999985,5570.053903399967,,,None,None,5568.552757966627,5569.468855499988,,,413,0,2026-08-08_22:01:48.098217,413,14,localizer,,None,,None,413,413,0,413,,,,,,chair,,Stuhl,
5573.553934199968,5574.319575799978,0.76,,,9,5574.319642099959,5574.319675099978,,,car,5,5,,,,,,,,,,,,,,,,,,,,,,,,,,,,,,None,,,None,2026-08-08_20h28.59.015,10,TSRlearn_localizer-concepts,2026-08-08 20h29.00.336696 +0200,,5572.051094900002,5573.551527899981,5573.567374599981,5574.352628199966,,,,60.03925365539914,5571.301970699977,5572.051094900002,,,5571.282512700011,5572.037092999963,,,car\car_10.png,,,,,,,,,,,,,,,,,,,,,,,0,0,1,None,5572.051094900002,,,,,None,,3,,,2025.2.4,,,1,5572.040476199996,5573.553863799956,,,None,None,5572.051269566644,5572.984252900002,,,414,0,2026-08-08_22:01:51.612088,414,15,localizer,,None,,None,414,414,0,414,,,,,,car,,Auto,
5576.619104499987,5577.40105689998,0.77,,,9,5577.401118299982,5577.401149499987,,,book,7,7,,,,,,,,,,,,,,,,,,,,,,,,,,,,,,None,,,None,2026-08-08_20h28.59.015,3,TSRlearn_localizer-concepts,2026-08-08 20h29.00.336696 +0200,,5575.1166732999845,5576.616381899978,5576.6328917999635,5577.435172999976,,,,60.03925365539914,5574.352628199966,5575.1166732999845,,,5574.338158199971,5575.102344199957,,,book\book_03.png,,,,,,,,,,,,,,,,,,,,,,,0,0,1,None,5575.1166732999845,,,,,None,,3,,,2025.2.4,,,1,5575.105240300007,5576.6190305000055,,,None,None,5575.116639066666,5575.999919999973,,,415,0,2026-08-08_22:01:54.662745,415,16,localizer,,None,,None,415,415,0,415,,,,,,book,,Buch,
5579.701482300006,5580.9004246999975,1.2,,,9,5580.9005015,5580.900543299969,,,chair,8,8,,,,,,,,,,,,,,,,,,,,,,,,,,,,,,None,,,None,2026-08-08_20h28.59.015,4,TSRlearn_localizer-concepts,2026-08-08 20h29.00.336696 +0200,,5578.199110599991,5579.698740099964,5579.715483499982,5580.933427200012,,,,60.03925365539914,5577.435172999976,5578.199110599991,,,5577.41903499997,5578.184897699975,,,chair\chair_04.png,,,,,,,,,,,,,,,,,,,,,,,0,0,1,None,5578.199110599991,,,,,None,,3,,,2025.2.4,,,1,5578.188354999991,5579.701405500004,,,None,None,5578.199240666643,5579.131915399979,,,416,0,2026-08-08_22:01:57.745290,416,17,localizer,,None,,None,416,416,0,416,,,,,,chair,,Stuhl,
5583.1998424999765,5584.2988455999875,1.1,,,9,5584.298907299992,5584.2989393000025,,,rose,9,9,,,,,,,,,,,,,,,,,,,,,,,,,,,,,,None,,,None,2026-08-08_20h28.59.015,7,TSRlearn_localizer-concepts,2026-08-08 20h29.00.336696 +0200,,5581.698124199989,5583.1974662999855,5583.214239399997,5584.332388399984,,,,60.03925365539914,5580.933427200012,5581.698124199989,,,5580.920862099971,5581.684108799964,,,rose\rose_07.png,,,,,,,,,,,,,,,,,,,,,,,0,0,1,None,5581.698124199989,,,,,None,,3,,,2025.2.4,,,1,5581.687570000009,5583.199775999994,,,None,None,5581.698284866641,5582.6310962999705,,,417,0,2026-08-08_22:02:01.243544,417,18,localizer,,None,,None,417,417,0,417,,,,,,rose,,Rose,
5586.815193499962,5587.615805300011,0.8,,,9,5587.615872399998,5587.615906299965,,,book,7,3,,,,,,,,,,,,,,,,,,,,,,,,,,,,,,None,,,r,2026-08-08_20h28.59.015,2,TSRlearn_localizer-concepts,2026-08-08 20h29.00.336696 +0200,,5585.096926899976,5586.829553699994,5586.829553699994,5587.683831700007,,,,60.03925365539914,5584.332388399984,5585.096926899976,,,5584.316597500001,5585.082721199957,,,book\book_02.png,,,,,,,,,,,,,,,,,,,,,,,0,1,1,None,5585.096926899976,,,,,right,,3,,,2025.2.4,,,1,5585.085775299987,5586.81513100001,,,None,None,5585.097028566644,5586.046470900008,,,418,0,2026-08-08_22:02:04.642505,418,19,localizer,,None,,None,418,418,0,418,,,,,,dress,,Kleid,
5589.947178600007,5591.014266100014,1.06,,,9,5591.014341800008,5591.014380200009,,,fish,2,2,,,,,,,,,,,,,,,,,,,,,,,,,,,,,,None,,,None,2026-08-08_20h28.59.015,9,TSRlearn_localizer-concepts,2026-08-08 20h29.00.336696 +0200,,5588.445785399992,5589.945086799969,5589.961852699984,5591.0472871999955,,,,60.03925365539914,5587.683831700007,5588.445785399992,,,5587.659116199997,5588.431402599963,,,fish\fish_09.png,,,,,,,,,,,,,,,,,,,,,,,0,0,1,None,5588.445785399992,,,,,None,,3,,,2025.2.4,,,1,5588.43420769996,5589.947112899972,,,None,None,5588.445819066666,5589.312046499981,,,419,0,2026-08-08_22:02:07.993949,419,20,localizer,,None,,None,419,419,0,419,,,,,,fish,,Fisch,
5593.2971851999755,5594.5309894999955,1.22,,,9,5594.531058099994,5594.531093099969,,,dress,3,3,,,,,,,,,,,,,,,,,,,,,,,,,,,,,,None,,,None,2026-08-08_20h28.59.015,6,TSRlearn_localizer-concepts,2026-08-08 20h29.00.336696 +0200,,5591.811246500001,5593.311928400013,5593.311928400013,5594.56234840001,,,,60.03925365539914,5591.0472871999955,5591.811246500001,,,5591.0350069999695,5591.796659099986,,,dress\dress_06.png,,,,,,,,,,,,,,,,,,,,,,,0,0,1,None,5591.811246500001,,,,,None,,3,,,2025.2.4,,,1,5591.799648699991,5593.297110499989,,,None,None,5591.811297466633,5592.761014799995,,,420,0,2026-08-08_22:02:11.357404,420,21,localizer,,None,,None,420,420,0,420,,,,,,dress,,Kleid,
5597.030133799999,5597.9116778000025,0.87,,,9,5597.911742999975,5597.911775099987,,,ball,6,7,,,,,,,,,,,,,,,,,,,,,,,,,,,,,,None,,,r,2026-08-08_20h28.59.015,1,TSRlearn_localizer-concepts,2026-08-08 20h29.00.336696 +0200,,5595.3273381000035,5597.0435038,5597.0435038,5597.964995399991,,,,60.03925365539914,5594.56234840001,5595.3273381000035,,,5594.547525300004,5595.313058600004,,,ball\ball_01.png,,,,,,,,,,,,,,,,,,,,,,,0,1,1,None,5595.3273381000035,,,,,left,,3,,,2025.2.4,,,1,5595.3159241999965,5597.0300539999735,,,None,None,5595.3273652666285,5596.194037899957,,,421,0,2026-08-08_22:02:14.872465,421,22,localizer,,None,,None,421,421,0,421,,,,,,book,,Buch,
5600.227927899978,5601.227540899999,0.99,,,9,5601.227604899963,5601.227637899981,,,fish,2,2,,,,,,,,,,,,,,,,,,,,,,,,,,,,,,None,,,None,2026-08-08_20h28.59.015,8,TSRlearn_localizer-concepts,2026-08-08 20h29.00.336696 +0200,,5598.726485299994,5600.225724199961,5600.2422332999995,5601.278472199978,,,,60.03925365539914,5597.964995399991,5598.726485299994,,,5597.947876699967,5598.712050499977,,,fish\fish_08.png,,,,,,,,,,,,,,,,,,,,,,,0,0,1,None,5598.726485299994,,,,,None,,3,,,2025.2.4,,,1,5598.715127200005,5600.227860099985,,,None,None,5598.726451866623,5599.608861899993,,,422,0,2026-08-08_22:02:18.275112,422,23,localizer,,None,,None,422,422,0,422,,,,,,fish,,Fisch,
5603.543102099968,5604.626476500009,1.08,,,9,5604.62654550001,5604.626581499993,,,door,4,4,,,,,,,,,,,,,,,,,,,,,,,,,,,,,,None,,,None,2026-08-08_20h28.59.015,3,TSRlearn_localizer-concepts,2026-08-08 20h29.00.336696 +0200,,5602.041563900013,5603.5408639999805,5603.557572599966,5604.659829100012,,,,60.03925365539914,5601.278472199978,5602.041563900013,,,5601.258994599979,5602.027017199958,,,door\door_03.png,,,,,,,,,,,,,,,,,,,,,,,0,0,1,None,5602.041563900013,,,,,None,,3,,,2025.2.4,,,1,5602.029699200008,5603.5430362999905,,,None,None,5602.041547566656,5602.874618600006,,,423,0,2026-08-08_22:02:21.588589,423,24,localizer,,None,,None,423,423,0,423,,,,,,door,,Tür,
5606.927204700012,5607.809385099972,0.87,,,9,5607.809453899972,5607.809490099957,,,saw,10,10,,,,,,,,,,,,,,,,,,,,,,,,,,,,,,None,,,None,2026-08-08_20h28.59.015,2,TSRlearn_localizer-concepts,2026-08-08 20h29.00.336696 +0200,,5605.423879000009,5606.923524099984,5606.940216199961,5607.862635299971,,,,60.03925365539914,5604.659829100012,5605.423879000009,,,5604.644089500012,5605.409940999991,,,saw\saw_02.png,,,,,,,,,,,,,,,,,,,,,,,0,0,1,None,5605.423879000009,,,,,None,,3,,,2025.2.4,,,1,5605.413479899988,5606.927128200012,,,None,None,5605.423982766635,5606.373406699975,,,424,0,2026-08-08_22:02:24.969946,424,25,localizer,,None,,None,424,424,0,424,,,,,,saw,,Säge,
5610.1255585000035,5611.173763600003,1.05,,,9,5611.173824600002,5611.1738560000085,,,chair,8,8,,,,,,,,,,,,,,,,,,,,,,,,,,,,,,None,,,None,2026-08-08_20h28.59.015,8,TSRlearn_localizer-concepts,2026-08-08 20h29.00.336696 +0200,,5608.623318099999,5610.122493700008,5610.1393937999965,5611.20699539996,,,,60.03925365539914,5607.862635299971,5608.623318099999,,,5607.847071099968,5608.609271199966,,,chair\chair_08.png,,,,,,,,,,,,,,,,,,,,,,,0,0,1,None,5608.623318099999,,,,,None,,3,,,2025.2.4,,,1,5608.612741299963,5610.125482800009,,,None,None,5608.623182166662,5609.555987800006,,,425,0,2026-08-08_22:02:28.172752,425,26,localizer,,None,,None,425,425,0,425,,,,,,chair,,Stuhl,
5613.4744711999665,5614.6393637,1.16,,,9,5614.639424499997,5614.639456000004,,,dress,3,3,,,,,,,,,,,,,,,,,,,,,,,,,,,,,,None,,,None,2026-08-08_20h28.59.015,5,TSRlearn_localizer-concepts,2026-08-08 20h29.00.336696 +0200,,5611.971715899999,5613.471631399996,5613.488199299958,5614.673460999969,,,,60.03925365539914,5611.20699539996,5611.971715899999,,,5611.188774399983,5611.957246700011,,,dress\dress_05.png,,,,,,,,,,,,,,,,,,,,,,,0,0,1,None,5611.971715899999,,,,,None,,3,,,2025.2.4,,,1,5611.960493899998,5613.474400900013,,,None,None,5611.971712566625,5612.92170810001,,,426,0,2026-08-08_22:02:31.517112,426,27,localizer,,None,,None,426,426,0,426,,,,,,dress,,Kleid,
5616.939590199967,5617.872452899988,0.93,,,9,5617.872524200007,5617.872561299999,,,car,5,5,,,,,,,,,,,,,,,,,,,,,,,,,,,,,,None,,,None,2026-08-08_20h28.59.015,3,TSRlearn_localizer-concepts,2026-08-08 20h29.00.336696 +0200,,5615.437629399996,5616.936801099975,5616.953369499999,5617.904809499974,,,,60.03925365539914,5614.673460999969,5615.437629399996,,,5614.655823999958,5615.423598399968,,,car\car_03.png,,,,,,,,,,,,,,,,,,,,,,,0,0,1,None,5615.437629399996,,,,,None,,3,,,2025.2.4,,,1,5615.426832699974,5616.939512999961,,,None,None,5615.4375323666645,5616.387171599956,,,427,0,2026-08-08_22:02:34.983578,427,28,localizer,,None,,None,427,427,0,427,,,,,,car,,Auto,
5620.172172499995,5621.304977199994,1.13,,,9,5621.305057999969,5621.305100199999,,,bag,1,1,,,,,,,,,,,,,,,,,,,,,,,,,,,,,,None,,,None,2026-08-08_20h28.59.015,10,TSRlearn_localizer-concepts,2026-08-08 20h29.00.336696 +0200,,5618.669799899973,5620.169273399981,5620.185976699984,5621.338195499964,,,,60.03925365539914,5617.904809499974,5618.669799899973,,,5617.887456399971,5618.6556669999845,,,bag\bag_10.png,,,,,,,,,,,,,,,,,,,,,,,0,0,1,None,5618.669799899973,,,,,None,,3,,,2025.2.4,,,1,5618.65865399997,5620.172100499971,,,None,None,5618.669953866633,5619.5697621,,,428,0,2026-08-08_22:02:38.214926,428,29,localizer,,None,,None,428,428,0,428,,,,,,bag,,Tasche,
5623.604877599981,5624.689231099968,1.07,,,9,5624.689324499981,5624.68943269999,,,saw,10,10,,,,,,,,,,,,,,,,,,,,,,,,,,,,,,None,,,None,2026-08-08_20h28.59.015,8,TSRlearn_localizer-concepts,2026-08-08 20h29.00.336696 +0200,,5622.10200959997,5623.601593900006,5623.617501200002,5624.738332799985,,,,60.03925365539914,5621.338195499964,5622.10200959997,,,5621.3264524000115,5622.087920299964,,,saw\saw_08.png,,,,,,,,,,,,,,,,,,,,,,,0,0,1,None,5622.10200959997,,,,,None,,3,,,2025.2.4,,,1,5622.091666199965,5623.604799899971,,,None,None,5622.102010866631,5623.051639299956,,,429,0,2026-08-08_22:02:41.648313,429,30,localizer,,None,,None,429,429,0,429,,,,,,saw,,Säge,
5627.219797900005,5628.351651899982,1.13,,,9,5628.351713899989,5628.351745199994,,,rose,9,2,,,,,,,,,,,,,,,,,,,,,,,,,,,,,,None,,,r,2026-08-08_20h28.59.015,8,TSRlearn_localizer-concepts,2026-08-08 20h29.00.336696 +0200,,5625.50103439996,5627.233978000004,5627.233978000004,5628.367183199967,,,,60.03925365539914,5624.738332799985,5625.50103439996,,,5624.720762000012,5625.486709199962,,,rose\rose_08.png,,,,,,,,,,,,,,,,,,,,,,,0,1,1,None,5625.50103439996,,,,,right,,3,,,2025.2.4,,,1,5625.489382900007,5627.219738199958,,,None,None,5625.501343066633,5626.384506599978,,,430,0,2026-08-08_22:02:45.048450,430,31,localizer,,None,,None,430,430,0,430,,,,,,fish,,Fisch,
5630.617856599973,5631.651083900011,1.02,,,9,5631.651146499964,5631.6511785999755,,,book,7,7,,,,,,,,,,,,,,,,,,,,,,,,,,,,,,None,,,None,2026-08-08_20h28.59.015,7,TSRlearn_localizer-concepts,2026-08-08 20h29.00.336696 +0200,,5629.116520199983,5630.615631399967,5630.632880399993,5631.6840773999575,,,,60.03925365539914,5628.367183199967,5629.116520199983,,,5628.358384399966,5629.101734899974,,,book\book_07.png,,,,,,,,,,,,,,,,,,,,,,,0,0,1,None,5629.116520199983,,,,,None,,3,,,2025.2.4,,,1,5629.104697200004,5630.617790599994,,,None,None,5629.116267966634,5629.999947700009,,,431,0,2026-08-08_22:02:48.677300,431,32,localizer,,None,,None,431,431,0,431,,,,,,book,,Buch,
5633.950413499959,5635.033570499974,1.07,,,9,5635.033639299974,5635.033675899962,,,door,4,4,,,,,,,,,,,,,,,,,,,,,,,,,,,,,,None,,,None,2026-08-08_20h28.59.015,4,TSRlearn_localizer-concepts,2026-08-08 20h29.00.336696 +0200,,5632.448619299976,5633.9478724999935,5633.964827499993,5635.08475629997,,,,60.03925365539914,5631.6840773999575,5632.448619299976,,,5631.66716479999,5632.434669199982,,,door\door_04.png,,,,,,,,,,,,,,,,,,,,,,,0,0,1,None,5632.448619299976,,,,,None,,3,,,2025.2.4,,,1,5632.437463999959,5633.950339599978,,,None,None,5632.448754066663,5633.265153799963,,,432,0,2026-08-08_22:02:51.994195,432,33,localizer,,None,,None,432,432,0,432,,,,,,door,,Tür,
5637.3493066999945,5638.4821582,1.12,,,9,5638.482223999978,5638.482258000004,,,ball,6,6,,,,,,,,,,,,,,,,,,,,,,,,,,,,,,None,,,None,2026-08-08_20h28.59.015,5,TSRlearn_localizer-concepts,2026-08-08 20h29.00.336696 +0200,,5635.847759999975,5637.34687790001,5637.363537599973,5638.5162638999755,,,,60.03925365539914,5635.08475629997,5635.847759999975,,,5635.064706099976,5635.833970799984,,,ball\ball_05.png,,,,,,,,,,,,,,,,,,,,,,,0,0,1,None,5635.847759999975,,,,,None,,3,,,2025.2.4,,,1,5635.837259499996,5637.349241699965,,,None,None,5635.8480539666525,5636.630548599991,,,433,0,2026-08-08_22:02:55.394873,433,34,localizer,,None,,None,433,433,0,433,,,,,,ball,,Ball,
5640.7827745999675,5641.814836899983,1.03,,,9,5641.814907599997,5641.814945099992,,,car,5,5,,,,,,,,,,,,,,,,,,,,,,,,,,,,,,None,,,None,2026-08-08_20h28.59.015,9,TSRlearn_localizer-concepts,2026-08-08 20h29.00.336696 +0200,,5639.280416199996,5640.779452499992,5640.796130499977,5641.847797899973,,,,60.03925365539914,5638.5162638999755,5639.280416199996,,,5638.499190500006,5639.265874099976,,,car\car_09.png,,,,,,,,,,,,,,,,,,,,,,,0,0,1,None,5639.280416199996,,,,,None,,3,,,2025.2.4,,,1,5639.268959500012,5640.7826788999955,,,None,None,5639.280207966633,5640.22932839999,,,434,0,2026-08-08_22:02:58.826381,434,35,localizer,,None,,None,434,434,0,434,,,,,,car,,Auto,
5644.1143629999715,5645.229683899961,1.11,,,9,5645.22974619997,5645.229777299974,,,bag,1,1,,,,,,,,,,,,,,,,,,,,,,,,,,,,,,None,,,None,2026-08-08_20h28.59.015,5,TSRlearn_localizer-concepts,2026-08-08 20h29.00.336696 +0200,,5642.611933899985,5644.111702399969,5644.12847419997,5645.322726099985,,,,60.03925365539914,5641.847797899973,5642.611933899985,,,5641.8303620999795,5642.597098400001,,,bag\bag_05.png,,,,,,,,,,,,,,,,,,,,,,,0,0,1,None,5642.611933899985,,,,,None,,3,,,2025.2.4,,,1,5642.599625699979,5644.114280799986,,,None,None,5642.611907066665,5643.511767699965,,,435,0,2026-08-08_22:03:02.157915,435,36,localizer,,None,,None,435,435,0,435,,,,,,bag,,Tasche,
5647.579636999988,5648.712206800003,1.12,,,9,5648.7122686000075,5648.7123012999655,,,fish,2,2,,,,,,,,,,,,,,,,,,,,,,,,,,,,,,None,,,None,2026-08-08_20h28.59.015,2,TSRlearn_localizer-concepts,2026-08-08 20h29.00.336696 +0200,,5646.077730099962,5647.577042499965,5647.593659000006,5648.763212799968,,,,60.03925365539914,5645.322726099985,5646.077730099962,,,5645.304642100004,5646.063288400008,,,fish\fish_02.png,,,,,,,,,,,,,,,,,,,,,,,0,0,1,None,5646.077730099962,,,,,None,,3,,,2025.2.4,,,1,5646.066436399997,5647.579562600004,,,None,None,5646.077827566656,5646.9440625999705,,,436,0,2026-08-08_22:03:05.632843,436,37,localizer,,None,,None,436,436,0,436,,,,,,fish,,Fisch,
5651.028474299994,5652.227607499983,1.19,,,9,5652.227670699998,5652.227703100012,,,dress,3,3,,,,,,,,,,,,,,,,,,,,,,,,,,,,,,None,,,None,2026-08-08_20h28.59.015,3,TSRlearn_localizer-concepts,2026-08-08 20h29.00.336696 +0200,,5649.526668299979,5651.025993599964,5651.042588499957,5652.260195399984,,,,60.03925365539914,5648.763212799968,5649.526668299979,,,5648.739087299968,5649.511905399966,,,dress\dress_03.png,,,,,,,,,,,,,,,,,,,,,,,0,0,1,None,5649.526668299979,,,,,None,,3,,,2025.2.4,,,1,5649.514649799967,5651.028404299985,,,None,None,5649.526474266666,5650.47656749998,,,437,0,2026-08-08_22:03:09.073330,437,38,localizer,,None,,None,437,437,0,437,,,,,,dress,,Kleid,
5654.528225599963,5655.57696679997,1.05,,,9,5655.577030999993,5655.577064399957,,,saw,10,10,,,,,,,,,,,,,,,,,,,,,,,,,,,,,,None,,,None,2026-08-08_20h28.59.015,9,TSRlearn_localizer-concepts,2026-08-08 20h29.00.336696 +0200,,5653.02553439996,5654.525657899969,5654.5421220000135,5655.610037899984,,,,60.03925365539914,5652.260195399984,5653.02553439996,,,5652.237317899999,5653.011097299983,,,saw\saw_09.png,,,,,,,,,,,,,,,,,,,,,,,0,0,1,None,5653.02553439996,,,,,None,,3,,,2025.2.4,,,1,5653.014123399975,5654.528151699982,,,None,None,5653.025554566648,5653.975231699995,,,438,0,2026-08-08_22:03:12.570312,438,39,localizer,,None,,None,438,438,0,438,,,,,,saw,,Säge,
5657.876856399991,5658.959582199983,1.08,,,9,5658.959649799974,5658.959684700007,,,rose,9,9,,,,,,,,,,,,,,,,,,,,,,,,,,,,,,None,,,None,2026-08-08_20h28.59.015,1,TSRlearn_localizer-concepts,2026-08-08 20h29.00.336696 +0200,,5656.3752164999605,5657.890884599998,5657.890884599998,5658.991977499973,,,,60.03925365539914,5655.610037899984,5656.3752164999605,,,5655.597242499993,5656.360898799961,,,rose\rose_01.png,,,,,,,,,,,,,,,,,,,,,,,0,0,1,None,5656.3752164999605,,,,,None,,3,,,2025.2.4,,,1,5656.364288499986,5657.876791299961,,,None,None,5656.374633066651,5657.291748199961,,,439,0,2026-08-08_22:03:15.920155,439,40,localizer,,None,,None,439,439,0,439,,,,,,rose,,Rose,
5661.2587120999815,5662.440884699987,1.17,,,9,5662.440947700001,5662.440978800005,,,bag,1,1,,,,,,,,,,,,,,,,,,,,,,,,,,,,,,None,,,None,2026-08-08_20h28.59.015,1,TSRlearn_localizer-concepts,2026-08-08 20h29.00.336696 +0200,,5659.757008799992,5661.256328999996,5661.272771499993,5662.474501499964,,,,60.03925365539914,5658.991977499973,5659.757008799992,,,5658.974897000007,5659.742449699959,,,bag\bag_01.png,,,,,,,,,,,,,,,,,,,,,,,0,0,1,None,5659.757008799992,,,,,None,,3,,,2025.2.4,,,1,5659.7456493999925,5661.258634399972,,,None,None,5659.756850266658,5660.656524699996,,,440,0,2026-08-08_22:03:19.302094,440,41,localizer,,None,,None,440,440,0,440,,,,,,bag,,Tasche,
5664.741235999973,5665.623793200008,0.87,,,9,5665.6238648999715,5665.623903699976,,,rose,9,9,,,,,,,,,,,,,,,,,,,,,,,,,,,,,,None,,,None,2026-08-08_20h28.59.015,6,TSRlearn_localizer-concepts,2026-08-08 20h29.00.336696 +0200,,5663.238885800005,5664.738526600006,5664.755361299962,5665.655622099992,,,,60.03925365539914,5662.474501499964,5663.238885800005,,,5662.463065399963,5663.22437099996,,,rose\rose_06.png,,,,,,,,,,,,,,,,,,,,,,,0,0,1,None,5663.238885800005,,,,,None,,3,,,2025.2.4,,,1,5663.227820899978,5664.741164600011,,,None,None,5663.238847566656,5664.155394900008,,,441,0,2026-08-08_22:03:22.784619,441,42,localizer,,None,,None,441,441,0,441,,,,,,rose,,Rose,
5667.922884600004,5668.989498300012,1.06,,,9,5668.989565700002,5668.989600599976,,,door,4,4,,,,,,,,,,,,,,,,,,,,,,,,,,,,,,None,,,None,2026-08-08_20h28.59.015,10,TSRlearn_localizer-concepts,2026-08-08 20h29.00.336696 +0200,,5666.421085999988,5667.920629100001,5667.937303099956,5669.059148899978,,,,60.03925365539914,5665.655622099992,5666.421085999988,,,5665.63455279998,5666.40653659997,,,door\door_10.png,,,,,,,,,,,,,,,,,,,,,,,0,0,1,None,5666.421085999988,,,,,None,,3,,,2025.2.4,,,1,5666.409256299958,5667.922814199992,,,None,None,5666.421137766625,5667.254411700007,,,442,0,2026-08-08_22:03:25.965739,442,43,localizer,,None,,None,442,442,0,442,,,,,,door,,Tür,
5671.32246559998,5672.355695199978,1.03,,,9,5672.355763499974,5672.355799000012,,,fish,2,2,,,,,,,,,,,,,,,,,,,,,,,,,,,,,,None,,,None,2026-08-08_20h28.59.015,7,TSRlearn_localizer-concepts,2026-08-08 20h29.00.336696 +0200,,5669.820860999986,5671.336462099978,5671.336462099978,5672.409713100002,,,,60.03925365539914,5669.059148899978,5669.820860999986,,,5669.0331579999765,5669.808103899995,,,fish\fish_07.png,,,,,,,,,,,,,,,,,,,,,,,0,0,1,None,5669.820860999986,,,,,None,,3,,,2025.2.4,,,1,5669.811682200001,5671.3223953999695,,,None,None,5669.8217047666585,5670.703378000006,,,443,0,2026-08-08_22:03:29.369266,443,44,localizer,,None,,None,443,443,0,443,,,,,,fish,,Fisch,
5674.671568799997,5675.820332699979,1.14,,,9,5675.820397400006,5675.820431099972,,,ball,6,6,,,,,,,,,,,,,,,,,,,,,,,,,,,,,,None,,,None,2026-08-08_20h28.59.015,4,TSRlearn_localizer-concepts,2026-08-08 20h29.00.336696 +0200,,5673.16919310001,5674.668891399982,5674.68549329997,5675.853298000002,,,,60.03925365539914,5672.409713100002,5673.16919310001,,,5672.3917367999675,5673.155814700003,,,ball\ball_04.png,,,,,,,,,,,,,,,,,,,,,,,0,0,1,None,5673.16919310001,,,,,None,,3,,,2025.2.4,,,1,5673.158978499996,5674.671497499978,,,None,None,5673.169618866643,5673.9523123999825,,,444,0,2026-08-08_22:03:32.719830,444,45,localizer,,None,,None,444,444,0,444,,,,,,ball,,Ball,
5678.119759999972,5679.085856299964,0.96,,,9,5679.085918999976,5679.085951399989,,,bag,1,1,,,,,,,,,,,,,,,,,,,,,,,,,,,,,,None,,,None,2026-08-08_20h28.59.015,9,TSRlearn_localizer-concepts,2026-08-08 20h29.00.336696 +0200,,5676.618202099984,5678.1174252000055,5678.134007799963,5679.119718200003,,,,60.03925365539914,5675.853298000002,5676.618202099984,,,5675.836567099963,5676.604056200013,,,bag\bag_09.png,,,,,,,,,,,,,,,,,,,,,,,0,0,1,None,5676.618202099984,,,,,None,,3,,,2025.2.4,,,1,5676.607033999986,5678.119692099979,,,None,None,5676.618327266657,5677.5178177999915,,,445,0,2026-08-08_22:03:36.163415,445,46,localizer,,None,,None,445,445,0,445,,,,,,bag,,Tasche,
5681.585805599985,5682.601437199977,1.01,,,9,5682.6015041999635,5682.60153829999,,,car,5,4,,,,,,,,,,,,,,,,,,,,,,,,,,,,,,None,,,r,2026-08-08_20h28.59.015,8,TSRlearn_localizer-concepts,2026-08-08 20h29.00.336696 +0200,,5679.883538900001,5681.599935400009,5681.599935400009,5682.634583899984,,,,60.03925365539914,5679.119718200003,5679.883538900001,,,5679.104658600001,5679.869084900012,,,car\car_08.png,,,,,,,,,,,,,,,,,,,,,,,0,1,1,None,5679.883538900001,,,,,left,,3,,,2025.2.4,,,1,5679.871664899983,5681.585739000002,,,None,None,5679.883619566626,5680.700322199962,,,446,0,2026-08-08_22:03:39.429835,446,47,localizer,,None,,None,446,446,0,446,,,,,,door,,Tür,
5684.885512700013,5685.784121299977,0.9,,,9,5685.784184499993,5685.784217000008,,,chair,8,8,,,,,,,,,,,,,,,,,,,,,,,,,,,,,,None,,,None,2026-08-08_20h28.59.015,7,TSRlearn_localizer-concepts,2026-08-08 20h29.00.336696 +0200,,5683.399243199965,5684.899161899986,5684.899161899986,5685.83575639996,,,,60.03925365539914,5682.634583899984,5683.399243199965,,,5682.617188400007,5683.384771399957,,,chair\chair_07.png,,,,,,,,,,,,,,,,,,,,,,,0,0,1,None,5683.399243199965,,,,,None,,3,,,2025.2.4,,,1,5683.3875676000025,5684.885443999956,,,None,None,5683.399316966654,5684.315785399987,,,447,0,2026-08-08_22:03:42.944701,447,48,localizer,,None,,None,447,447,0,447,,,,,,chair,,Stuhl,
5688.10025660001,5689.233703800011,1.12,,,9,5689.2337745999685,5689.233811599959,,,door,4,4,,,,,,,,,,,,,,,,,,,,,,,,,,,,,,None,,,None,2026-08-08_20h28.59.015,6,TSRlearn_localizer-concepts,2026-08-08 20h29.00.336696 +0200,,5686.598127099976,5688.097841500014,5688.114310199977,5689.285512199975,,,,60.03925365539914,5685.83575639996,5686.598127099976,,,5685.814074299997,5686.583836500009,,,door\door_06.png,,,,,,,,,,,,,,,,,,,,,,,0,0,1,None,5686.598127099976,,,,,None,,3,,,2025.2.4,,,1,5686.586786400003,5688.100186399999,,,None,None,5686.598371566626,5687.4313824999845,,,448,0,2026-08-08_22:03:46.145873,448,49,localizer,,None,,None,448,448,0,448,,,,,,door,,Tür,
5691.549528100004,5692.548748300003,1,,,9,5692.548823999998,5725.737815700006,5692.56285290001,5707.574840599962,bag,1,1,,,,,,,,,,,,,,,,,,,,,,,,,,,,,0.2247312000254169,g,17.95292219996918,5707.558260799968,None,2026-08-08_20h28.59.015,4,TSRlearn_localizer-concepts,2026-08-08 20h29.00.336696 +0200,,5690.047624800005,5691.546891100006,5691.563522199984,5692.56285290001,,,,60.03925365539914,5689.285512199975,5690.047624800005,,,5689.265360099962,5690.033458699996,,,bag\bag_04.png,5707.558260799968,,,,,,,,,,,,,,,,,,,,,,0,0,1,None,5690.047624800005,,,,,None,,3,5692.56285290001,5707.574840599962,2025.2.4,,,1,5690.036348099995,5691.549455499975,,,None,None,5690.047486066647,5690.947087400011,,,449,0,2026-08-08_22:03:49.595629,449,50,localizer,0.2247312000254169,g,17.95292219996918,None,449,449,0,449,,,,,,bag,,Tasche,
5728.037483599968,5729.037958999979,0.99,,,10,5729.042558199959,5729.04261080001,,,saw,10,10,,,,,,,,,,,,,,,,,,,,,,,,,,,,,,None,,,None,2026-08-08_20h28.59.015,3,TSRlearn_localizer-concepts,2026-08-08 20h29.00.336696 +0200,,5726.535781399987,5728.034951799957,5728.051805800002,5729.087957400014,,,,60.03925365539914,5725.7709156000055,5726.535781399987,,,5725.76254929998,5726.521488600003,,,saw\saw_03.png,,,,,,,,,,,,,,,,,,,,,,,0,0,1,None,5726.535781399987,,,,,None,,3,,,2025.2.4,,,1,5726.524846599961,5728.037418599997,,,None,None,5726.535795866632,5727.485442499979,,,450,0,2026-08-08_22:04:26.081033,450,1,localizer,,None,,None,450,450,0,450,,,,,,saw,,Säge,
5731.353596000001,5732.2526454000035,0.89,,,10,5732.252709399967,5732.252741799981,,,book,7,7,,,,,,,,,,,,,,,,,,,,,,,,,,,,,,None,,,None,2026-08-08_20h28.59.015,5,TSRlearn_localizer-concepts,2026-08-08 20h29.00.336696 +0200,,5729.851451799972,5731.350908699969,5731.367638399999,5732.286672599963,,,,60.03925365539914,5729.087957400014,5729.851451799972,,,5729.068213099963,5729.837913699972,,,book\book_05.png,,,,,,,,,,,,,,,,,,,,,,,0,0,1,None,5729.851451799972,,,,,None,,3,,,2025.2.4,,,1,5729.841140399978,5731.353518299991,,,None,None,5729.852067866657,5730.73448839999,,,451,0,2026-08-08_22:04:29.398074,451,2,localizer,,None,,None,451,451,0,451,,,,,,book,,Buch,
5734.552076999971,5735.484859899967,0.92,,,10,5735.484923199983,5735.484955399996,,,car,5,5,,,,,,,,,,,,,,,,,,,,,,,,,,,,,,None,,,None,2026-08-08_20h28.59.015,7,TSRlearn_localizer-concepts,2026-08-08 20h29.00.336696 +0200,,5733.050166899979,5734.5496326999855,5734.566639499972,5735.518293000001,,,,60.03925365539914,5732.286672599963,5733.050166899979,,,5732.274619599979,5733.035760900006,,,car\car_07.png,,,,,,,,,,,,,,,,,,,,,,,0,0,1,None,5733.050166899979,,,,,None,,3,,,2025.2.4,,,1,5733.0385733,5734.551998999959,,,None,None,5733.0502791666695,5733.999803199957,,,452,0,2026-08-08_22:04:32.596790,452,3,localizer,,None,,None,452,452,0,452,,,,,,car,,Auto,
5737.784212299972,5738.718175999995,0.93,,,10,5738.718244999996,5738.718282299989,,,book,7,7,,,,,,,,,,,,,,,,,,,,,,,,,,,,,,None,,,None,2026-08-08_20h28.59.015,10,TSRlearn_localizer-concepts,2026-08-08 20h29.00.336696 +0200,,5736.282648099994,5737.781801500008,5737.79847509996,5738.749444699963,,,,60.03925365539914,5735.518293000001,5736.282648099994,,,5735.501854099974,5736.26849029999,,,book\book_10.png,,,,,,,,,,,,,,,,,,,,,,,0,0,1,None,5736.282648099994,,,,,None,,3,,,2025.2.4,,,1,5736.271521699964,5737.784145499987,,,None,None,5736.282702866654,5737.165647799964,,,453,0,2026-08-08_22:04:35.828410,453,4,localizer,,None,,None,453,453,0,453,,,,,,book,,Buch,
5741.216750199965,5742.166163999995,0.94,,,10,5742.1662267000065,5742.166259599966,,,rose,9,5,,,,,,,,,,,,,,,,,,,,,,,,,,,,,,None,,,r,2026-08-08_20h28.59.015,3,TSRlearn_localizer-concepts,2026-08-08 20h29.00.336696 +0200,,5739.49853729998,5741.230888499995,5741.230888499995,5742.199655900011,,,,60.03925365539914,5738.749444699963,5739.49853729998,,,5738.731637099991,5739.484194499964,,,rose\rose_03.png,,,,,,,,,,,,,,,,,,,,,,,0,1,1,None,5739.49853729998,,,,,left,,3,,,2025.2.4,,,1,5739.487565499963,5741.216687000007,,,None,None,5739.498447766648,5740.447742999997,,,454,0,2026-08-08_22:04:39.059562,454,5,localizer,,None,,None,454,454,0,454,,,,,,car,,Auto,
5744.449872299971,5745.549109699961,1.09,,,10,5745.549177700013,5745.549212099984,,,dress,3,3,,,,,,,,,,,,,,,,,,,,,,,,,,,,,,None,,,None,2026-08-08_20h28.59.015,7,TSRlearn_localizer-concepts,2026-08-08 20h29.00.336696 +0200,,5742.963780799997,5744.463779099984,5744.463779099984,5745.581589600013,,,,60.03925365539914,5742.199655900011,5742.963780799997,,,5742.183200599975,5742.949447999999,,,dress\dress_07.png,,,,,,,,,,,,,,,,,,,,,,,0,0,1,None,5742.963780799997,,,,,None,,3,,,2025.2.4,,,1,5742.952309699962,5744.4498011000105,,,None,None,5742.963750766652,5743.913174199988,,,455,0,2026-08-08_22:04:42.509773,455,6,localizer,,None,,None,455,455,0,455,,,,,,dress,,Kleid,
5747.832813599962,5748.747471200011,0.91,,,10,5748.747535799979,5748.7475693000015,,,chair,8,8,,,,,,,,,,,,,,,,,,,,,,,,,,,,,,None,,,None,2026-08-08_20h28.59.015,3,TSRlearn_localizer-concepts,2026-08-08 20h29.00.336696 +0200,,5746.3462697999785,5747.845455100003,5747.845455100003,5748.78138359997,,,,60.03925365539914,5745.581589600013,5746.3462697999785,,,5745.564682899974,5746.331320900004,,,chair\chair_03.png,,,,,,,,,,,,,,,,,,,,,,,0,0,1,None,5746.3462697999785,,,,,None,,3,,,2025.2.4,,,1,5746.334343099967,5747.832717499987,,,None,None,5746.346011466641,5747.26251879998,,,456,0,2026-08-08_22:04:45.891707,456,7,localizer,,None,,None,456,456,0,456,,,,,,chair,,Stuhl,
5751.047143700009,5752.045870799979,0.99,,,10,5752.045931799978,5752.045963399985,,,ball,6,6,,,,,,,,,,,,,,,,,,,,,,,,,,,,,,None,,,None,2026-08-08_20h28.59.015,6,TSRlearn_localizer-concepts,2026-08-08 20h29.00.336696 +0200,,5749.545552399999,5751.0615853999625,5751.0615853999625,5752.081427700003,,,,60.03925365539914,5748.78138359997,5749.545552399999,,,5748.767802999995,5749.5314561999985,,,ball\ball_06.png,,,,,,,,,,,,,,,,,,,,,,,0,0,1,None,5749.545552399999,,,,,None,,3,,,2025.2.4,,,1,5749.534704999998,5751.047078399977,,,None,None,5749.545736266653,5750.330719199963,,,457,0,2026-08-08_22:04:49.091501,457,8,localizer,,None,,None,457,457,0,457,,,,,,ball,,Ball,
5754.3465345999575,5755.595592600002,1.24,,,10,5755.595663099957,5755.59570060001,,,fish,2,2,,,,,,,,,,,,,,,,,,,,,,,,,,,,,,None,,,None,2026-08-08_20h28.59.015,3,TSRlearn_localizer-concepts,2026-08-08 20h29.00.336696 +0200,,5752.844145299983,5754.34350279998,5754.3605783999665,5755.626841999998,,,,60.03925365539914,5752.081427700003,5752.844145299983,,,5752.068639400008,5752.829960000003,,,fish\fish_03.png,,,,,,,,,,,,,,,,,,,,,,,0,0,1,None,5752.844145299983,,,,,None,,3,,,2025.2.4,,,1,5752.833203599963,5754.34645849996,,,None,None,5752.844195466667,5753.710154699977,,,458,0,2026-08-08_22:04:52.391545,458,9,localizer,,None,,None,458,458,0,458,,,,,,fish,,Fisch,
5757.879482099961,5758.661267199961,0.78,,,10,5758.66133219999,5758.661366999964,,,car,5,5,,,,,,,,,,,,,,,,,,,,,,,,,,,,,,None,,,None,2026-08-08_20h28.59.015,1,TSRlearn_localizer-concepts,2026-08-08 20h29.00.336696 +0200,,5756.376424799964,5757.876037099981,5757.893011899956,5758.693954999966,,,,60.03925365539914,5755.626841999998,5756.376424799964,,,5755.60598220001,5756.362192699977,,,car\car_01.png,,,,,,,,,,,,,,,,,,,,,,,0,0,1,None,5756.376424799964,,,,,None,,3,,,2025.2.4,,,1,5756.365631899971,5757.879408699984,,,None,None,5756.376404466635,5757.326103499974,,,459,0,2026-08-08_22:04:55.936959,459,10,localizer,,None,,None,459,459,0,459,,,,,,car,,Auto,
5760.960392599984,5761.992967400001,1.02,,,10,5761.993029000005,5761.99306139996,,,ball,6,6,,,,,,,,,,,,,,,,,,,,,,,,,,,,,,None,,,None,2026-08-08_20h28.59.015,9,TSRlearn_localizer-concepts,2026-08-08 20h29.00.336696 +0200,,5759.458599000005,5760.957919400011,5760.97460419999,5762.026523799985,,,,60.03925365539914,5758.693954999966,5759.458599000005,,,5758.6758513000095,5759.4440165999695,,,ball\ball_09.png,,,,,,,,,,,,,,,,,,,,,,,0,0,1,None,5759.458599000005,,,,,None,,3,,,2025.2.4,,,1,5759.446643300005,5760.960326800006,,,None,None,5759.458613866653,5760.241689399991,,,460,0,2026-08-08_22:04:59.004072,460,11,localizer,,None,,None,460,460,0,460,,,,,,ball,,Ball,
5764.293447899981,5765.15950780001,0.86,,,10,5765.159574899997,5765.159609799972,,,rose,9,9,,,,,,,,,,,,,,,,,,,,,,,,,,,,,,None,,,None,2026-08-08_20h28.59.015,4,TSRlearn_localizer-concepts,2026-08-08 20h29.00.336696 +0200,,5762.790962099971,5764.290419999976,5764.307021299959,5765.411745499994,,,,60.03925365539914,5762.026523799985,5762.790962099971,,,5762.013621999999,5762.776754699997,,,rose\rose_04.png,,,,,,,,,,,,,,,,,,,,,,,0,0,1,None,5762.790962099971,,,,,None,,3,,,2025.2.4,,,1,5762.780320299964,5764.293374800007,,,None,None,5762.7911046666595,5763.723915699986,,,461,0,2026-08-08_22:05:02.336641,461,12,localizer,,None,,None,461,461,0,461,,,,,,rose,,Rose,
5767.675509899971,5768.907732499996,1.23,,,10,5768.907798399974,5768.907832500001,,,ball,6,6,,,,,,,,,,,,,,,,,,,,,,,,,,,,,,None,,,None,2026-08-08_20h28.59.015,3,TSRlearn_localizer-concepts,2026-08-08 20h29.00.336696 +0200,,5766.173033799976,5767.6728412999655,5767.689307199966,5768.942837200011,,,,60.03925365539914,5765.411745499994,5766.173033799976,,,5765.357925799966,5766.158542799996,,,ball\ball_03.png,,,,,,,,,,,,,,,,,,,,,,,0,0,1,None,5766.173033799976,,,,,None,,3,,,2025.2.4,,,1,5766.161312200013,5767.675439499959,,,None,None,5766.173174266649,5766.956039699959,,,462,0,2026-08-08_22:05:05.721863,462,13,localizer,,None,,None,462,462,0,462,,,,,,ball,,Ball,
5771.207645599963,5772.0574430999695,0.85,,,10,5772.057511699968,5772.057548999961,,,bag,1,1,,,,,,,,,,,,,,,,,,,,,,,,,,,,,,None,,,None,2026-08-08_20h28.59.015,8,TSRlearn_localizer-concepts,2026-08-08 20h29.00.336696 +0200,,5769.705446399981,5771.204921500001,5771.221523799992,5772.090276199975,,,,60.03925365539914,5768.942837200011,5769.705446399981,,,5768.933191099961,5769.691412399989,,,bag\bag_08.png,,,,,,,,,,,,,,,,,,,,,,,0,0,1,None,5769.705446399981,,,,,None,,3,,,2025.2.4,,,1,5769.694405099959,5771.207573199994,,,None,None,5769.705470666642,5770.604952399968,,,463,0,2026-08-08_22:05:09.252954,463,14,localizer,,None,,None,463,463,0,463,,,,,,bag,,Tasche,
5774.356335299963,5775.405980699987,1.05,,,10,5775.406047099968,5775.406081199995,,,saw,10,10,,,,,,,,,,,,,,,,,,,,,,,,,,,,,,None,,,None,2026-08-08_20h28.59.015,7,TSRlearn_localizer-concepts,2026-08-08 20h29.00.336696 +0200,,5772.854489999998,5774.3536951999995,5774.370743900014,5775.438781099976,,,,60.03925365539914,5772.090276199975,5772.854489999998,,,5772.076262999966,5772.842070099956,,,saw\saw_07.png,,,,,,,,,,,,,,,,,,,,,,,0,0,1,None,5772.854489999998,,,,,None,,3,,,2025.2.4,,,1,5772.845456799958,5774.35626749997,,,None,None,5772.856477566649,5773.803957899974,,,464,0,2026-08-08_22:05:12.400393,464,15,localizer,,None,,None,464,464,0,464,,,,,,saw,,Säge,
5777.705928099982,5778.8046395999845,1.09,,,10,5778.804704400012,5778.804737499973,,,door,4,4,,,,,,,,,,,,,,,,,,,,,,,,,,,,,,None,,,None,2026-08-08_20h28.59.015,7,TSRlearn_localizer-concepts,2026-08-08 20h29.00.336696 +0200,,5776.203328899981,5777.702945099969,5777.720052799967,5778.857250200002,,,,60.03925365539914,5775.438781099976,5776.203328899981,,,5775.427580799966,5776.188756899966,,,door\door_07.png,,,,,,,,,,,,,,,,,,,,,,,0,0,1,None,5776.203328899981,,,,,None,,3,,,2025.2.4,,,1,5776.191454999964,5777.705829599989,,,None,None,5776.203482466637,5777.019673699979,,,465,0,2026-08-08_22:05:15.748898,465,16,localizer,,None,,None,465,465,0,465,,,,,,door,,Tür,
5781.337157799979,5782.487383799977,1.15,,,10,5782.487445999985,5782.487478800002,,,chair,8,1,,,,,,,,,,,,,,,,,,,,,,,,,,,,,,None,,,r,2026-08-08_20h28.59.015,2,TSRlearn_localizer-concepts,2026-08-08 20h29.00.336696 +0200,,5779.619089399988,5781.351775699994,5781.351775699994,5782.51905339997,,,,60.03925365539914,5778.857250200002,5779.619089399988,,,5778.841750999971,5779.605232000002,,,chair\chair_02.png,,,,,,,,,,,,,,,,,,,,,,,0,1,1,None,5779.619089399988,,,,,left,,3,,,2025.2.4,,,1,5779.608043499989,5781.337094499962,,,None,None,5779.619331266676,5780.51899849996,,,466,0,2026-08-08_22:05:19.167367,466,17,localizer,,None,,None,466,466,0,466,,,,,,bag,,Tasche,
5784.7859154999605,5785.868618600012,1.07,,,10,5785.868678400002,5785.86871000001,,,door,4,4,,,,,,,,,,,,,,,,,,,,,,,,,,,,,,None,,,None,2026-08-08_20h28.59.015,1,TSRlearn_localizer-concepts,2026-08-08 20h29.00.336696 +0200,,5783.284561200009,5784.7836847999715,5784.800416000013,5785.903053199989,,,,60.03925365539914,5782.51905339997,5783.284561200009,,,5782.4980524999555,5783.270935399982,,,door\door_01.png,,,,,,,,,,,,,,,,,,,,,,,0,0,1,None,5783.284561200009,,,,,None,,3,,,2025.2.4,,,1,5783.273929299961,5784.785849999986,,,None,None,5783.284578166673,5784.117749899975,,,467,0,2026-08-08_22:05:22.829170,467,18,localizer,,None,,None,467,467,0,467,,,,,,door,,Tür,
5788.168567699962,5789.285549499968,1.11,,,10,5789.2856225,5789.285661700007,,,dress,3,3,,,,,,,,,,,,,,,,,,,,,,,,,,,,,,None,,,None,2026-08-08_20h28.59.015,4,TSRlearn_localizer-concepts,2026-08-08 20h29.00.336696 +0200,,5786.66692779999,5788.166125799995,5788.182692300004,5789.318658799981,,,,60.03925365539914,5785.903053199989,5786.66692779999,,,5785.886946099985,5786.65272459999,,,dress\dress_04.png,,,,,,,,,,,,,,,,,,,,,,,0,0,1,None,5786.66692779999,,,,,None,,3,,,2025.2.4,,,1,5786.656087099982,5788.168500299973,,,None,None,5786.666924266672,5787.616540299961,,,468,0,2026-08-08_22:05:26.213170,468,19,localizer,,None,,None,468,468,0,468,,,,,,dress,,Kleid,
5791.585935899988,5792.35008189996,0.76,,,10,5792.3501438999665,5792.35017489997,,,car,5,5,,,,,,,,,,,,,,,,,,,,,,,,,,,,,,None,,,None,2026-08-08_20h28.59.015,6,TSRlearn_localizer-concepts,2026-08-08 20h29.00.336696 +0200,,5790.082526499988,5791.582197199983,5791.5986525999615,5792.382372999971,,,,60.03925365539914,5789.318658799981,5790.082526499988,,,5789.308216799982,5790.068236799969,,,car\car_06.png,,,,,,,,,,,,,,,,,,,,,,,0,0,1,None,5790.082526499988,,,,,None,,3,,,2025.2.4,,,1,5790.071597300004,5791.585859599989,,,None,None,5790.082429866659,5791.031694300007,,,469,0,2026-08-08_22:05:29.628776,469,20,localizer,,None,,None,469,469,0,469,,,,,,car,,Auto,
5794.6495098999585,5795.482564200007,0.82,,,10,5795.4826276999665,5795.482659299974,,,fish,2,2,,,,,,,,,,,,,,,,,,,,,,,,,,,,,,None,,,None,2026-08-08_20h28.59.015,10,TSRlearn_localizer-concepts,2026-08-08 20h29.00.336696 +0200,,5793.147843799961,5794.647380999988,5794.664046399994,5795.5160416999715,,,,60.03925365539914,5792.382372999971,5793.147843799961,,,5792.362247399986,5793.133607199998,,,fish\fish_10.png,,,,,,,,,,,,,,,,,,,,,,,0,0,1,None,5793.147843799961,,,,,None,,3,,,2025.2.4,,,1,5793.136295899982,5794.649444299983,,,None,None,5793.147919766667,5794.031238499971,,,470,0,2026-08-08_22:05:32.692490,470,21,localizer,,None,,None,470,470,0,470,,,,,,fish,,Fisch,
5797.782525899995,5799.014911299979,1.22,,,10,5799.014986299968,5799.01502739999,,,book,7,7,,,,,,,,,,,,,,,,,,,,,,,,,,,,,,None,,,None,2026-08-08_20h28.59.015,9,TSRlearn_localizer-concepts,2026-08-08 20h29.00.336696 +0200,,5796.2804631000035,5797.7798628999735,5797.796555799956,5799.047876099998,,,,60.03925365539914,5795.5160416999715,5796.2804631000035,,,5795.500065899978,5796.267450599989,,,book\book_09.png,,,,,,,,,,,,,,,,,,,,,,,0,0,1,None,5796.2804631000035,,,,,None,,3,,,2025.2.4,,,1,5796.270888499974,5797.782451700012,,,None,None,5796.281704666679,5797.146511900006,,,471,0,2026-08-08_22:05:35.826159,471,22,localizer,,None,,None,471,471,0,471,,,,,,book,,Buch,
5801.314925499959,5802.514588999969,1.2,,,10,5802.514655600011,5802.514690399985,,,fish,2,2,,,,,,,,,,,,,,,,,,,,,,,,,,,,,,None,,,None,2026-08-08_20h28.59.015,6,TSRlearn_localizer-concepts,2026-08-08 20h29.00.336696 +0200,,5799.812763999973,5801.312206699979,5801.328776899958,5802.54761249997,,,,60.03925365539914,5799.047876099998,5799.812763999973,,,5799.030960700009,5799.7979266999755,,,fish\fish_06.png,,,,,,,,,,,,,,,,,,,,,,,0,0,1,None,5799.812763999973,,,,,None,,3,,,2025.2.4,,,1,5799.800912400009,5801.314852599986,,,None,None,5799.81240946666,5800.678600899992,,,472,0,2026-08-08_22:05:39.357993,472,23,localizer,,None,,None,472,472,0,472,,,,,,fish,,Fisch,
5804.814480200002,5805.996727599995,1.18,,,10,5805.996795899991,5805.996830799966,,,saw,10,10,,,,,,,,,,,,,,,,,,,,,,,,,,,,,,None,,,None,2026-08-08_20h28.59.015,5,TSRlearn_localizer-concepts,2026-08-08 20h29.00.336696 +0200,,5803.3115252999705,5804.811364599969,5804.827874300012,5806.0464685999905,,,,60.03925365539914,5802.54761249997,5803.3115252999705,,,5802.533349999983,5803.297693300003,,,saw\saw_05.png,,,,,,,,,,,,,,,,,,,,,,,0,0,1,None,5803.3115252999705,,,,,None,,3,,,2025.2.4,,,1,5803.30088569998,5804.8144096999895,,,None,None,5803.311891966678,5804.2609904999845,,,473,0,2026-08-08_22:05:42.857729,473,24,localizer,,None,,None,473,473,0,473,,,,,,saw,,Säge,
5808.313066900009,5809.128155699989,0.81,,,10,5809.128217199992,5809.128248199995,,,rose,9,9,,,,,,,,,,,,,,,,,,,,,,,,,,,,,,None,,,None,2026-08-08_20h28.59.015,2,TSRlearn_localizer-concepts,2026-08-08 20h29.00.336696 +0200,,5806.810524599976,5808.310285099957,5808.326621999964,5809.160403599963,,,,60.03925365539914,5806.0464685999905,5806.810524599976,,,5806.023867000011,5806.795995099994,,,rose\rose_02.png,,,,,,,,,,,,,,,,,,,,,,,0,0,1,None,5806.810524599976,,,,,None,,3,,,2025.2.4,,,1,5806.79882669996,5808.312991000013,,,None,None,5806.8107741666645,5807.727225599985,,,474,0,2026-08-08_22:05:46.356586,474,25,localizer,,None,,None,474,474,0,474,,,,,,rose,,Rose,
5811.411190099956,5812.560679899994,1.15,,,10,5812.560754099977,5812.560795700003,,,dress,3,3,,,,,,,,,,,,,,,,,,,,,,,,,,,,,,None,,,None,2026-08-08_20h28.59.015,2,TSRlearn_localizer-concepts,2026-08-08 20h29.00.336696 +0200,,5809.909707399958,5811.408896799956,5811.425733599986,5812.593024400005,,,,60.03925365539914,5809.160403599963,5809.909707399958,,,5809.13781320001,5809.895579000004,,,dress\dress_02.png,,,,,,,,,,,,,,,,,,,,,,,0,0,1,None,5809.909707399958,,,,,None,,3,,,2025.2.4,,,1,5809.89866419998,5811.41112439998,,,None,None,5809.909950866659,5810.859237700002,,,475,0,2026-08-08_22:05:49.470520,475,26,localizer,,None,,None,475,475,0,475,,,,,,dress,,Kleid,
5814.860278700013,5815.826826000004,0.96,,,10,5815.826896999963,5815.826933500008,,,car,5,5,,,,,,,,,,,,,,,,,,,,,,,,,,,,,,None,,,None,2026-08-08_20h28.59.015,2,TSRlearn_localizer-concepts,2026-08-08 20h29.00.336696 +0200,,5813.358494099986,5814.857604599965,5814.874338999973,5815.916891400004,,,,60.03925365539914,5812.593024400005,5813.358494099986,,,5812.573439900007,5813.344355500012,,,car\car_02.png,,,,,,,,,,,,,,,,,,,,,,,0,0,1,None,5813.358494099986,,,,,None,,3,,,2025.2.4,,,1,5813.347830899991,5814.860202699958,,,None,None,5813.358497766665,5814.308067100006,,,476,0,2026-08-08_22:05:52.903141,476,27,localizer,,None,,None,476,476,0,476,,,,,,car,,Auto,
5818.176267099974,5819.3090093999635,1.13,,,10,5819.309077000013,5819.309112699993,,,chair,8,8,,,,,,,,,,,,,,,,,,,,,,,,,,,,,,None,,,None,2026-08-08_20h28.59.015,5,TSRlearn_localizer-concepts,2026-08-08 20h29.00.336696 +0200,,5816.674151999992,5818.173597799963,5818.190250499989,5819.341220000002,,,,60.03925365539914,5815.916891400004,5816.674151999992,,,5815.888449199963,5816.660273599962,,,chair\chair_05.png,,,,,,,,,,,,,,,,,,,,,,,0,0,1,None,5816.674151999992,,,,,None,,3,,,2025.2.4,,,1,5816.663669599977,5818.17619530001,,,None,None,5816.674382466652,5817.590130499972,,,477,0,2026-08-08_22:05:56.227008,477,28,localizer,,None,,None,477,477,0,477,,,,,,chair,,Stuhl,
5821.791867799999,5822.741669300012,0.95,,,10,5822.741738699959,5822.741775600007,,,book,7,9,,,,,,,,,,,,,,,,,,,,,,,,,,,,,,None,,,r,2026-08-08_20h28.59.015,4,TSRlearn_localizer-concepts,2026-08-08 20h29.00.336696 +0200,,5820.105983099958,5821.805861099972,5821.805861099972,5822.774173599959,,,,60.03925365539914,5819.341220000002,5820.105983099958,,,5819.322081099963,5820.091312100005,,,book\book_04.png,,,,,,,,,,,,,,,,,,,,,,,0,1,1,None,5820.105983099958,,,,,left,,3,,,2025.2.4,,,1,5820.094163700007,5821.79180159996,,,None,None,5820.1059721666425,5821.022267399996,,,478,0,2026-08-08_22:05:59.651337,478,29,localizer,,None,,None,478,478,0,478,,,,,,rose,,Rose,
5825.0403454999905,5826.272505500005,1.22,,,10,5826.2725669000065,5826.27259790001,,,bag,1,1,,,,,,,,,,,,,,,,,,,,,,,,,,,,,,None,,,None,2026-08-08_20h28.59.015,7,TSRlearn_localizer-concepts,2026-08-08 20h29.00.336696 +0200,,5823.538480999996,5825.037674399966,5825.054532699985,5826.307259999972,,,,60.03925365539914,5822.774173599959,5823.538480999996,,,5822.758892199956,5823.5241936999955,,,bag\bag_07.png,,,,,,,,,,,,,,,,,,,,,,,0,0,1,None,5823.538480999996,,,,,None,,3,,,2025.2.4,,,1,5823.528056100011,5825.040267599979,,,None,None,5823.538632466636,5824.437788299983,,,479,0,2026-08-08_22:06:03.084291,479,30,localizer,,None,,None,479,479,0,479,,,,,,bag,,Tasche,
5828.572611399984,5829.3552237999975,0.78,,,10,5829.355285800004,5829.355317699956,,,car,5,5,,,,,,,,,,,,,,,,,,,,,,,,,,,,,,None,,,None,2026-08-08_20h28.59.015,4,TSRlearn_localizer-concepts,2026-08-08 20h29.00.336696 +0200,,5827.070682599966,5828.569975499995,5828.586572800006,5829.3894127999665,,,,60.03925365539914,5826.307259999972,5827.070682599966,,,5826.2866633000085,5827.056631999963,,,car\car_04.png,,,,,,,,,,,,,,,,,,,,,,,0,0,1,None,5827.070682599966,,,,,None,,3,,,2025.2.4,,,1,5827.060089799983,5828.572542799986,,,None,None,5827.070886566657,5828.020274200011,,,480,0,2026-08-08_22:06:06.617377,480,31,localizer,,None,,None,480,480,0,480,,,,,,car,,Auto,
5831.654903399991,5832.738054199959,1.07,,,10,5832.738122899958,5832.738159200002,,,rose,9,9,,,,,,,,,,,,,,,,,,,,,,,,,,,,,,None,,,None,2026-08-08_20h28.59.015,5,TSRlearn_localizer-concepts,2026-08-08 20h29.00.336696 +0200,,5830.1530507999705,5831.6524008999695,5831.668975999986,5833.017765800003,,,,60.03925365539914,5829.3894127999665,5830.1530507999705,,,5829.375833800004,5830.138755999971,,,rose\rose_05.png,,,,,,,,,,,,,,,,,,,,,,,0,0,1,None,5830.1530507999705,,,,,None,,3,,,2025.2.4,,,1,5830.141708699986,5831.654834299989,,,None,None,5830.15331946663,5831.0857183999615,,,481,0,2026-08-08_22:06:09.699530,481,32,localizer,,None,,None,481,481,0,481,,,,,,rose,,Rose,
5835.270692799997,5836.204378900002,0.92,,,10,5836.204483299982,5836.204545099987,,,bag,1,1,,,,,,,,,,,,,,,,,,,,,,,,,,,,,,None,,,None,2026-08-08_20h28.59.015,2,TSRlearn_localizer-concepts,2026-08-08 20h29.00.336696 +0200,,5833.768576800008,5835.268040700001,5835.28503129998,5836.237933799974,,,,60.03925365539914,5833.017765800003,5833.768576800008,,,5832.969664199976,5833.754549000005,,,bag\bag_02.png,,,,,,,,,,,,,,,,,,,,,,,0,0,1,None,5833.768576800008,,,,,None,,3,,,2025.2.4,,,1,5833.757707399956,5835.270622799988,,,None,None,5833.768814366664,5834.668756400002,,,482,0,2026-08-08_22:06:13.327883,482,33,localizer,,None,,None,482,482,0,482,,,,,,bag,,Tasche,
5838.50335959997,5839.402135799988,0.89,,,10,5839.402196699986,5839.402228299994,,,fish,2,2,,,,,,,,,,,,,,,,,,,,,,,,,,,,,,None,,,None,2026-08-08_20h28.59.015,5,TSRlearn_localizer-concepts,2026-08-08 20h29.00.336696 +0200,,5837.000744299963,5838.500796899956,5838.517389599991,5839.4347629999975,,,,60.03925365539914,5836.237933799974,5837.000744299963,,,5836.222616099985,5836.986417500011,,,fish\fish_05.png,,,,,,,,,,,,,,,,,,,,,,,0,0,1,None,5837.000744299963,,,,,None,,3,,,2025.2.4,,,1,5836.989066499984,5838.503287700005,,,None,None,5837.000957666667,5837.884119299997,,,483,0,2026-08-08_22:06:16.548051,483,34,localizer,,None,,None,483,483,0,483,,,,,,fish,,Fisch,
5841.701469999971,5842.934792799992,1.23,,,10,5842.934868699987,5842.934922799992,,,ball,6,6,,,,,,,,,,,,,,,,,,,,,,,,,,,,,,None,,,None,2026-08-08_20h28.59.015,10,TSRlearn_localizer-concepts,2026-08-08 20h29.00.336696 +0200,,5840.20021889999,5841.715867599996,5841.715867599996,5842.967182499997,,,,60.03925365539914,5839.4347629999975,5840.20021889999,,,5839.411688299966,5840.185638799972,,,ball\ball_10.png,,,,,,,,,,,,,,,,,,,,,,,0,0,1,None,5840.20021889999,,,,,None,,3,,,2025.2.4,,,1,5840.188684599998,5841.701403899991,,,None,None,5840.199790566639,5840.9827520999825,,,484,0,2026-08-08_22:06:19.744880,484,35,localizer,,None,,None,484,484,0,484,,,,,,ball,,Ball,
5845.219231900002,5846.050501299964,0.82,,,10,5846.050567700004,5846.050601899973,,,dress,3,3,,,,,,,,,,,,,,,,,,,,,,,,,,,,,,None,,,None,2026-08-08_20h28.59.015,9,TSRlearn_localizer-concepts,2026-08-08 20h29.00.336696 +0200,,5843.732314999972,5845.231711999979,5845.231711999979,5846.10079669999,,,,60.03925365539914,5842.967182499997,5843.732314999972,,,5842.950862900005,5843.717899399984,,,dress\dress_09.png,,,,,,,,,,,,,,,,,,,,,,,0,0,1,None,5843.732314999972,,,,,None,,3,,,2025.2.4,,,1,5843.721350600012,5845.219157799962,,,None,None,5843.732241566646,5844.681911499996,,,485,0,2026-08-08_22:06:23.277299,485,36,localizer,,None,,None,485,485,0,485,,,,,,dress,,Kleid,
5848.3667395999655,5849.31641759997,0.95,,,10,5849.316490700003,5849.316526699986,,,door,4,4,,,,,,,,,,,,,,,,,,,,,,,,,,,,,,None,,,None,2026-08-08_20h28.59.015,5,TSRlearn_localizer-concepts,2026-08-08 20h29.00.336696 +0200,,5846.864807299979,5848.364009000012,5848.3807360999635,5849.348997999972,,,,60.03925365539914,5846.10079669999,5846.864807299979,,,5846.080566099961,5846.85080039996,,,door\door_05.png,,,,,,,,,,,,,,,,,,,,,,,0,0,1,None,5846.864807299979,,,,,None,,3,,,2025.2.4,,,1,5846.853833500005,5848.366665699985,,,None,None,5846.8647619666335,5847.680569099961,,,486,0,2026-08-08_22:06:26.410914,486,37,localizer,,None,,None,486,486,0,486,,,,,,door,,Tür,
5851.816062099999,5852.797522799985,0.97,,,10,5852.797584299988,5852.797615899995,,,saw,10,3,,,,,,,,,,,,,,,,,,,,,,,,,,,,,,None,,,r,2026-08-08_20h28.59.015,6,TSRlearn_localizer-concepts,2026-08-08 20h29.00.336696 +0200,,5850.113496000005,5851.8296346999705,5851.8296346999705,5852.83212669997,,,,60.03925365539914,5849.348997999972,5850.113496000005,,,5849.328486499959,5850.099666599999,,,saw\saw_06.png,,,,,,,,,,,,,,,,,,,,,,,0,1,1,None,5850.113496000005,,,,,right,,3,,,2025.2.4,,,1,5850.102991099993,5851.815993199998,,,None,None,5850.113794766661,5851.062725199969,,,487,0,2026-08-08_22:06:29.659115,487,38,localizer,,None,,None,487,487,0,487,,,,,,dress,,Kleid,
5855.0976104,5856.313372300006,1.21,,,10,5856.313437399978,5856.313470699999,,,door,4,4,,,,,,,,,,,,,,,,,,,,,,,,,,,,,,None,,,None,2026-08-08_20h28.59.015,9,TSRlearn_localizer-concepts,2026-08-08 20h29.00.336696 +0200,,5853.595514899993,5855.094955799985,5855.111616699956,5856.347922999994,,,,60.03925365539914,5852.83212669997,5853.595514899993,,,5852.820101099962,5853.580989199982,,,door\door_09.png,,,,,,,,,,,,,,,,,,,,,,,0,0,1,None,5853.595514899993,,,,,None,,3,,,2025.2.4,,,1,5853.583787499985,5855.097533599997,,,None,None,5853.595530366645,5854.411987699976,,,488,0,2026-08-08_22:06:33.142244,488,39,localizer,,None,,None,488,488,0,488,,,,,,door,,Tür,
5858.6131909000105,5859.546428899979,0.92,,,10,5859.546498999989,5859.546533899964,,,bag,1,1,,,,,,,,,,,,,,,,,,,,,,,,,,,,,,None,,,None,2026-08-08_20h28.59.015,3,TSRlearn_localizer-concepts,2026-08-08 20h29.00.336696 +0200,,5857.111296599964,5858.61071139999,5858.627381499973,5859.597181099991,,,,60.03925365539914,5856.347922999994,5857.111296599964,,,5856.337311899988,5857.097326999996,,,bag\bag_03.png,,,,,,,,,,,,,,,,,,,,,,,0,0,1,None,5857.111296599964,,,,,None,,3,,,2025.2.4,,,1,5857.100426899968,5858.613117599976,,,None,None,5857.111544466639,5858.011227499985,,,489,0,2026-08-08_22:06:36.658040,489,40,localizer,,None,,None,489,489,0,489,,,,,,bag,,Tasche,
5861.862784900004,5863.062111900013,1.19,,,10,5863.062178399996,5863.062212799967,,,dress,3,3,,,,,,,,,,,,,,,,,,,,,,,,,,,,,,None,,,None,2026-08-08_20h28.59.015,8,TSRlearn_localizer-concepts,2026-08-08 20h29.00.336696 +0200,,5860.360400300007,5861.860304799979,5861.876385300013,5863.094738699961,,,,60.03925365539914,5859.597181099991,5860.360400300007,,,5859.577330800006,5860.34645979997,,,dress\dress_08.png,,,,,,,,,,,,,,,,,,,,,,,0,0,1,None,5860.360400300007,,,,,None,,3,,,2025.2.4,,,1,5860.349829000013,5861.862714699993,,,None,None,5860.3606188666345,5861.309699199977,,,490,0,2026-08-08_22:06:39.907298,490,41,localizer,,None,,None,490,490,0,490,,,,,,dress,,Kleid,
5865.360764199984,5866.511665600003,1.15,,,10,5866.511737499968,5866.51177459996,,,fish,2,2,,,,,,,,,,,,,,,,,,,,,,,,,,,,,,None,,,None,2026-08-08_20h28.59.015,1,TSRlearn_localizer-concepts,2026-08-08 20h29.00.336696 +0200,,5863.858905599976,5865.35836459999,5865.374872099957,5866.544720700011,,,,60.03925365539914,5863.094738699961,5863.858905599976,,,5863.079101599986,5863.844348000013,,,fish\fish_01.png,,,,,,,,,,,,,,,,,,,,,,,0,0,1,None,5863.858905599976,,,,,None,,3,,,2025.2.4,,,1,5863.846969700011,5865.360697700002,,,None,None,5863.858931766652,5864.725350999972,,,491,0,2026-08-08_22:06:43.404856,491,42,localizer,,None,,None,491,491,0,491,,,,,,fish,,Fisch,
5868.810441299982,5870.060316999967,1.24,,,10,5870.060383500007,5870.060417099972,,,saw,10,10,,,,,,,,,,,,,,,,,,,,,,,,,,,,,,None,,,None,2026-08-08_20h28.59.015,1,TSRlearn_localizer-concepts,2026-08-08 20h29.00.336696 +0200,,5867.308397699962,5868.807810499973,5868.82455749996,5870.0922393999645,,,,60.03925365539914,5866.544720700011,5867.308397699962,,,5866.533484799962,5867.294112299976,,,saw\saw_01.png,,,,,,,,,,,,,,,,,,,,,,,0,0,1,None,5867.308397699962,,,,,None,,3,,,2025.2.4,,,1,5867.297164999996,5868.810355799971,,,None,None,5867.3085127666745,5868.2577479999745,,,492,0,2026-08-08_22:06:46.854838,492,43,localizer,,None,,None,492,492,0,492,,,,,,saw,,Säge,
5872.358692799986,5873.407710800006,1.05,,,10,5873.407773099956,5873.407804699964,,,rose,9,9,,,,,,,,,,,,,,,,,,,,,,,,,,,,,,None,,,None,2026-08-08_20h28.59.015,10,TSRlearn_localizer-concepts,2026-08-08 20h29.00.336696 +0200,,5870.857059600006,5872.356290299969,5872.372801899968,5873.441488199984,,,,60.03925365539914,5870.0922393999645,5870.857059600006,,,5870.0782244,5870.842738199979,,,rose\rose_10.png,,,,,,,,,,,,,,,,,,,,,,,0,0,1,None,5870.857059600006,,,,,None,,3,,,2025.2.4,,,1,5870.846135,5872.358617399994,,,None,None,5870.857052066658,5871.789619699994,,,493,0,2026-08-08_22:06:50.402356,493,44,localizer,,None,,None,493,493,0,493,,,,,,rose,,Rose,
5875.907949899964,5876.857143700006,0.94,,,10,5876.857208299974,5876.85724089999,,,ball,6,1,,,,,,,,,,,,,,,,,,,,,,,,,,,,,,None,,,r,2026-08-08_20h28.59.015,8,TSRlearn_localizer-concepts,2026-08-08 20h29.00.336696 +0200,,5874.205876699998,5875.921988099988,5875.921988099988,5876.890408599982,,,,60.03925365539914,5873.441488199984,5874.205876699998,,,5873.426016799989,5874.19153089996,,,ball\ball_08.png,,,,,,,,,,,,,,,,,,,,,,,0,1,1,None,5874.205876699998,,,,,right,,3,,,2025.2.4,,,1,5874.194506199972,5875.9078787000035,,,None,None,5874.20590106666,5875.105519899982,,,494,0,2026-08-08_22:06:53.751605,494,45,localizer,,None,,None,494,494,0,494,,,,,,bag,,Tasche,
5879.156118099985,5880.056340899959,0.9,,,10,5880.0564082000055,5880.0564429999795,,,book,7,7,,,,,,,,,,,,,,,,,,,,,,,,,,,,,,None,,,None,2026-08-08_20h28.59.015,8,TSRlearn_localizer-concepts,2026-08-08 20h29.00.336696 +0200,,5877.6546771999565,5879.1539004999795,5879.170590199996,5880.088863299985,,,,60.03925365539914,5876.890408599982,5877.6546771999565,,,5876.877295399958,5877.641124099959,,,book\book_08.png,,,,,,,,,,,,,,,,,,,,,,,0,0,1,None,5877.6546771999565,,,,,None,,3,,,2025.2.4,,,1,5877.644481099967,5879.156051700003,,,None,None,5877.6549659666525,5878.538073199976,,,495,0,2026-08-08_22:06:57.200526,495,46,localizer,,None,,None,495,495,0,495,,,,,,book,,Buch,
5882.3562026,5883.255376099958,0.9,,,10,5883.255443700007,5883.255478199979,,,bag,1,1,,,,,,,,,,,,,,,,,,,,,,,,,,,,,,None,,,None,2026-08-08_20h28.59.015,6,TSRlearn_localizer-concepts,2026-08-08 20h29.00.336696 +0200,,5880.853833000001,5882.353385799972,5882.369986500009,5883.287955700012,,,,60.03925365539914,5880.088863299985,5880.853833000001,,,5880.076022099995,5880.840366499964,,,bag\bag_06.png,,,,,,,,,,,,,,,,,,,,,,,0,0,1,None,5880.853833000001,,,,,None,,3,,,2025.2.4,,,1,5880.843490500003,5882.356130499975,,,None,None,5880.854245366649,5881.753268899978,,,496,0,2026-08-08_22:07:00.398980,496,47,localizer,,None,,None,496,496,0,496,,,,,,bag,,Tasche,
5885.554321100004,5886.737175699964,1.17,,,10,5886.73724029999,5886.737273300008,,,chair,8,8,,,,,,,,,,,,,,,,,,,,,,,,,,,,,,None,,,None,2026-08-08_20h28.59.015,1,TSRlearn_localizer-concepts,2026-08-08 20h29.00.336696 +0200,,5884.052772899973,5885.552112800011,5885.568582499982,5886.769938999962,,,,60.03925365539914,5883.287955700012,5884.052772899973,,,5883.273027799965,5884.038501099974,,,chair\chair_01.png,,,,,,,,,,,,,,,,,,,,,,,0,0,1,None,5884.052772899973,,,,,None,,3,,,2025.2.4,,,1,5884.041859299992,5885.554251399997,,,None,None,5884.052770366663,5884.985539899964,,,497,0,2026-08-08_22:07:03.598073,497,48,localizer,,None,,None,497,497,0,497,,,,,,chair,,Stuhl,
5889.036641999963,5889.885781599965,0.84,,,10,5889.885843799973,5889.885875099979,,,door,4,4,,,,,,,,,,,,,,,,,,,,,,,,,,,,,,None,,,None,2026-08-08_20h28.59.015,8,TSRlearn_localizer-concepts,2026-08-08 20h29.00.336696 +0200,,5887.5347263999865,5889.034188299964,5889.050838099967,5889.920264299959,,,,60.03925365539914,5886.769938999962,5887.5347263999865,,,5886.75504259998,5887.520335300011,,,door\door_08.png,,,,,,,,,,,,,,,,,,,,,,,0,0,1,None,5887.5347263999865,,,,,None,,3,,,2025.2.4,,,1,5887.523156699957,5889.0365757999825,,,None,None,5887.534805166655,5888.367925999977,,,498,0,2026-08-08_22:07:07.080056,498,49,localizer,,None,,None,498,498,0,498,,,,,,door,,Tür,
5892.185935599962,5893.08564569999,0.9,,,10,5893.085711599968,5893.0857461999985,,,chair,8,8,,,,,,,,,,,,,,,,,,,,,,,,,,,,,,None,,,None,2026-08-08_20h28.59.015,10,TSRlearn_localizer-concepts,2026-08-08 20h29.00.336696 +0200,,5890.684062099957,5892.183237699966,5892.199820599984,5894.515557200008,,,,60.03925365539914,5889.920264299959,5890.684062099957,,,5889.909314999997,5890.670177699998,,,chair\chair_10.png,,,,,,,,,,,,,,,,,,,,,,,0,0,1,None,5890.684062099957,,,,,None,,3,,,2025.2.4,,,1,5890.673545699974,5892.185866399959,,,None,None,5890.684062166667,5891.600063599995,,,499,0,2026-08-08_22:07:10.230381,499,50,localizer,,None,,None,499,499,0,499,,,,,,chair,,Stuhl,
,,,,,,,,,,,,,,,,,,,,,,,,,,,,,0.11375000001862645,r,19.824193199980073,5894.515557200008,,,,,,,,,,,,,,2026-08-08_20h28.59.015,,TSRlearn_localizer-concepts,2026-08-08 20h29.00.336696 +0200,,,,,,,,,60.03925365539914,,,,,,,,,,,5894.515557200008,,,,,,,,,,,,,,,5894.494550100004,5914.461820599972,,,,,,,,,,,,,,,,3,,,2025.2.4,,,,,,,,,,,,,,,,,,,,,,,,,,,,,,,,,,,,
