17.3140 	DEBUG 	Fullscreen settings ignored as running in pilot mode.
17.3152 	INFO 	Loaded monitor calibration from ['2025_07_24 17:26']
17.8924 	INFO 	Using renderer 'AMD Radeon (TM) Graphics' for graphics
17.8924 	INFO 	OpenGL version supported by driver is 4..
17.9488 	EXP 	Created window1 = Window(allowGUI=False, allowStencil=False, autoLog=True, backendConf=UNKNOWN, backgroundFit=<method-wrapper '__getattribute__' of attributeSetter object at 0x00000221AD96A040>, backgroundImage=<method-wrapper '__getattribute__' of attributeSetter object at 0x00000221AD94CFA0>, bitsMode=UNKNOWN, blendMode='avg', bpc=(8, 8, 8), color=array([0., 0., 0.]), colorSpace='rgb', depthBits=8, fullscr=False, gamma=None, gammaErrorPolicy='raise', infoMsg=UNKNOWN, lms=UNKNOWN, monitor=<psychopy.monitors.calibTools.Monitor object at 0x00000221ADA9E520>, multiSample=False, name='window1', numSamples=2, pos=[560.0, 240.0], screen=0, size=array([800, 600]), stencilBits=0, stereo=False, title='PsychoPy', units='height', useFBO=True, useRetina=False, viewOri=0.0, viewPos=None, viewScale=None, waitBlanking=True, winType='pyglet')
17.9489 	EXP 	window1: backgroundImage = ''
17.9489 	EXP 	window1: backgroundFit = 'none'
17.9796 	DEBUG 	TextBox2 loaded 1 chars with 0 blanks and 1 valid
17.9941 	DEBUG 	TextBox2 loaded 1 chars with 0 blanks and 1 valid
18.0089 	DEBUG 	TextBox2 loaded 1 chars with 0 blanks and 1 valid
18.0236 	DEBUG 	TextBox2 loaded 1 chars with 0 blanks and 1 valid
18.0384 	DEBUG 	TextBox2 loaded 1 chars with 0 blanks and 1 valid
18.0532 	DEBUG 	TextBox2 loaded 1 chars with 0 blanks and 1 valid
18.0679 	DEBUG 	TextBox2 loaded 1 chars with 0 blanks and 1 valid
18.0827 	DEBUG 	TextBox2 loaded 1 chars with 0 blanks and 1 valid
18.0969 	DEBUG 	TextBox2 loaded 1 chars with 0 blanks and 1 valid
18.1111 	DEBUG 	TextBox2 loaded 1 chars with 0 blanks and 1 valid
18.1256 	DEBUG 	TextBox2 loaded 1 chars with 0 blanks and 1 valid
18.1403 	DEBUG 	TextBox2 loaded 1 chars with 0 blanks and 1 valid
18.1552 	DEBUG 	TextBox2 loaded 1 chars with 0 blanks and 1 valid
18.1703 	DEBUG 	TextBox2 loaded 1 chars with 0 blanks and 1 valid
18.1849 	DEBUG 	TextBox2 loaded 1 chars with 0 blanks and 1 valid
18.2005 	DEBUG 	TextBox2 loaded 1 chars with 0 blanks and 1 valid
18.2157 	DEBUG 	TextBox2 loaded 1 chars with 0 blanks and 1 valid
18.2301 	DEBUG 	TextBox2 loaded 1 chars with 0 blanks and 1 valid
18.2474 	DEBUG 	TextBox2 loaded 1 chars with 0 blanks and 1 valid
18.2650 	DEBUG 	TextBox2 loaded 1 chars with 0 blanks and 1 valid
18.2806 	DEBUG 	TextBox2 loaded 1 chars with 0 blanks and 1 valid
18.2816 	DEBUG 	Uploading Texture Font fontname to graphics card
18.2831 	DEBUG 	Upload of Texture Font fontname complete
18.3049 	DEBUG 	TextBox2 loaded 1 chars with 0 blanks and 1 valid
18.3201 	DEBUG 	TextBox2 loaded 1 chars with 0 blanks and 1 valid
18.3349 	DEBUG 	TextBox2 loaded 1 chars with 0 blanks and 1 valid
18.3353 	DEBUG 	Uploading Texture Font fontname to graphics card
18.3367 	DEBUG 	Upload of Texture Font fontname complete
18.3401 	EXP 	window1: Attempting to measure frame rate of screen (0) ...
18.3402 	EXP 	window1: recordFrameIntervals = False
18.5156 	EXP 	window1: recordFrameIntervals = True
18.8330 	EXP 	Screen (0) actual frame rate measured at 59.39Hz
18.8330 	EXP 	window1: recordFrameIntervals = False
18.8615 	DEBUG 	TextBox2 loaded 1 chars with 0 blanks and 1 valid
18.8850 	DEBUG 	TextBox2 loaded 1 chars with 0 blanks and 1 valid
18.9041 	DEBUG 	TextBox2 loaded 1 chars with 0 blanks and 1 valid
18.9268 	DEBUG 	TextBox2 loaded 1 chars with 0 blanks and 1 valid
18.9551 	DEBUG 	TextBox2 loaded 1 chars with 0 blanks and 1 valid
18.9832 	DEBUG 	TextBox2 loaded 1 chars with 0 blanks and 1 valid
19.0040 	DEBUG 	TextBox2 loaded 1 chars with 0 blanks and 1 valid
19.0255 	DEBUG 	TextBox2 loaded 1 chars with 0 blanks and 1 valid
19.0464 	DEBUG 	TextBox2 loaded 1 chars with 0 blanks and 1 valid
19.0670 	DEBUG 	TextBox2 loaded 1 chars with 0 blanks and 1 valid
19.0675 	DEBUG 	Uploading Texture Font fontname to graphics card
19.0689 	DEBUG 	Upload of Texture Font fontname complete
19.5158 	INFO 	keyboard.Keyboard is using ptb backend.
19.5159 	EXP 	TSRlearn_localizer-concepts: status = STARTED
19.7538 	EXP 	Created instruction_part1 = TextStim(__class__=<class 'psychopy.visual.text.TextStim'>, alignHoriz=method-wrapper(...), alignText='center', alignVert=method-wrapper(...), anchorHoriz='center', anchorVert='center', antialias=True, autoDraw=False, autoLog=True, bold=False, color=array([1., 1., 1.]), colorSpace='rgb', contrast=1.0, depth=-1.0, draggable=False, flipHoriz=False, flipVert=False, font='Sans Sherif', fontFiles=[], height=0.025, italic=False, languageStyle='LTR', name='instruction_part1', opacity=1, ori=0.0, pos=array([0., 0.]), rgb=UNKNOWN, text='', units='height', win=Window(...), wrapWidth=1)
19.7558 	EXP 	Created instruction_part2 = TextStim(__class__=<class 'psychopy.visual.text.TextStim'>, alignHoriz=method-wrapper(...), alignText='center', alignVert=method-wrapper(...), anchorHoriz='center', anchorVert='center', antialias=True, autoDraw=False, autoLog=True, bold=False, color=array([1., 1., 1.]), colorSpace='rgb', contrast=1.0, depth=-1.0, draggable=False, flipHoriz=False, flipVert=False, font='Sans Sherif', fontFiles=[], height=0.025, italic=False, languageStyle='LTR', name='instruction_part2', opacity=1, ori=0.0, pos=array([0., 0.]), rgb=UNKNOWN, text='', units='height', win=Window(...), wrapWidth=1)
19.7582 	EXP 	Created instruction_part3 = TextStim(__class__=<class 'psychopy.visual.text.TextStim'>, alignHoriz=method-wrapper(...), alignText='center', alignVert=method-wrapper(...), anchorHoriz='center', anchorVert='center', antialias=True, autoDraw=False, autoLog=True, bold=False, color=array([1., 1., 1.]), colorSpace='rgb', contrast=1.0, depth=-1.0, draggable=False, flipHoriz=False, flipVert=False, font='Sans Sherif', fontFiles=[], height=0.025, italic=False, languageStyle='LTR', name='instruction_part3', opacity=1, ori=0.0, pos=array([0., 0.]), rgb=UNKNOWN, text='', units='height', win=Window(...), wrapWidth=1)
19.7594 	EXP 	Created instruction_part4 = TextStim(__class__=<class 'psychopy.visual.text.TextStim'>, alignHoriz=method-wrapper(...), alignText='center', alignVert=method-wrapper(...), anchorHoriz='center', anchorVert='center', antialias=True, autoDraw=False, autoLog=True, bold=False, color=array([1., 1., 1.]), colorSpace='rgb', contrast=1.0, depth=-1.0, draggable=False, flipHoriz=False, flipVert=False, font='Sans Sherif', fontFiles=[], height=0.025, italic=False, languageStyle='LTR', name='instruction_part4', opacity=1, ori=0.0, pos=array([0., 0.]), rgb=UNKNOWN, text='', units='height', win=Window(...), wrapWidth=1)
19.7794 	EXP 	Created image_prc = ImageStim(__class__=<class 'psychopy.visual.image.ImageStim'>, anchor=('center', 'center'), autoLog=True, color=array([1., 1., 1.]), colorSpace='rgb', contrast=1.0, depth=0.0, draggable=False, flipHoriz=False, flipVert=False, image='default.png', interpolate=True, mask=None, maskParams=None, name='image_prc', opacity=1, ori=0.0, pos=array([0., 0.]), size=array([0.25, 0.25]), texRes=128.0, units='height', win=Window(...))
19.9537 	INFO 	Loaded psychtoolbox audio version 3.0.19.696976569
20.3544 	WARNING 	No default speaker specified in Preferences / Hardware, using first speaker found: Lautsprecher (Realtek(R) Audio)
20.3545 	DEBUG 	Found speaker device: Lautsprecher (Realtek(R) Audio) (4.0)
20.7354 	INFO 	Created stream for speaker device: Lautsprecher (Realtek(R) Audio) (4.0)
20.7369 	EXP 	spoken_word_prc: sampleRate = 48000
20.7370 	EXP 	spoken_word_prc: channels = None
20.7495 	DEBUG 	Converted audio clip from mono to stereo
20.7563 	EXP 	Sound spoken_word_prc set volume 1.000
20.7673 	EXP 	Created fix_cross_prc = TextStim(__class__=<class 'psychopy.visual.text.TextStim'>, alignHoriz=method-wrapper(...), alignText='center', alignVert=method-wrapper(...), anchorHoriz='center', anchorVert='center', antialias=True, autoDraw=False, autoLog=True, bold=False, color=array([1., 1., 1.]), colorSpace='rgb', contrast=1.0, depth=-2.0, draggable=False, flipHoriz=False, flipVert=False, font='Sans Sherif', fontFiles=[], height=0.03, italic=False, languageStyle='LTR', name='fix_cross_prc', opacity=1, ori=0.0, pos=array([0., 0.]), rgb=UNKNOWN, text='+', units='height', win=Window(...), wrapWidth=1)
20.7700 	EXP 	Created fix_cross_2_prc = TextStim(__class__=<class 'psychopy.visual.text.TextStim'>, alignHoriz=method-wrapper(...), alignText='center', alignVert=method-wrapper(...), anchorHoriz='center', anchorVert='center', antialias=True, autoDraw=False, autoLog=True, bold=False, color=array([1., 1., 1.]), colorSpace='rgb', contrast=1.0, depth=0.0, draggable=False, flipHoriz=False, flipVert=False, font='Sans Sherif', fontFiles=[], height=0.03, italic=False, languageStyle='LTR', name='fix_cross_2_prc', opacity=1, ori=0.0, pos=array([0., 0.]), rgb=UNKNOWN, text='+', units='height', win=Window(...), wrapWidth=1)
20.7722 	EXP 	Created instruction_startexp = TextStim(__class__=<class 'psychopy.visual.text.TextStim'>, alignHoriz=method-wrapper(...), alignText='center', alignVert=method-wrapper(...), anchorHoriz='center', anchorVert='center', antialias=True, autoDraw=False, autoLog=True, bold=False, color=array([1., 1., 1.]), colorSpace='rgb', contrast=1.0, depth=-1.0, draggable=False, flipHoriz=False, flipVert=False, font='Sans Sherif', fontFiles=[], height=0.025, italic=False, languageStyle='LTR', name='instruction_startexp', opacity=1, ori=0.0, pos=array([0., 0.]), rgb=UNKNOWN, text='', units='height', win=Window(...), wrapWidth=1)
20.7743 	EXP 	Created instruction_startexp_2 = TextStim(__class__=<class 'psychopy.visual.text.TextStim'>, alignHoriz=method-wrapper(...), alignText='center', alignVert=method-wrapper(...), anchorHoriz='center', anchorVert='center', antialias=True, autoDraw=False, autoLog=True, bold=False, color=array([1., 1., 1.]), colorSpace='rgb', contrast=1.0, depth=-1.0, draggable=False, flipHoriz=False, flipVert=False, font='Sans Sherif', fontFiles=[], height=0.025, italic=False, languageStyle='LTR', name='instruction_startexp_2', opacity=1, ori=0.0, pos=array([0., 0.]), rgb=UNKNOWN, text='', units='height', win=Window(...), wrapWidth=1)
20.7859 	EXP 	Created image = ImageStim(__class__=<class 'psychopy.visual.image.ImageStim'>, anchor=('center', 'center'), autoLog=True, color=array([1., 1., 1.]), colorSpace='rgb', contrast=1.0, depth=-3.0, draggable=False, flipHoriz=False, flipVert=False, image='default.png', interpolate=True, mask=None, maskParams=None, name='image', opacity=1, ori=0.0, pos=array([0., 0.]), size=array([0.25, 0.25]), texRes=128.0, units='height', win=Window(...))
20.8287 	WARNING 	No default speaker specified in Preferences / Hardware, using first speaker found: Lautsprecher (Realtek(R) Audio)
20.8288 	DEBUG 	Found speaker device: Lautsprecher (Realtek(R) Audio) (4.0)
20.8470 	INFO 	Created stream for speaker device: Lautsprecher (Realtek(R) Audio) (4.0)
20.8483 	EXP 	spoken_word: sampleRate = 48000
20.8484 	EXP 	spoken_word: channels = None
20.8572 	DEBUG 	Converted audio clip from mono to stereo
20.8628 	EXP 	Sound spoken_word set volume 1.000
20.8654 	EXP 	Created fix_cross = TextStim(__class__=<class 'psychopy.visual.text.TextStim'>, alignHoriz=method-wrapper(...), alignText='center', alignVert=method-wrapper(...), anchorHoriz='center', anchorVert='center', antialias=True, autoDraw=False, autoLog=True, bold=False, color=array([1., 1., 1.]), colorSpace='rgb', contrast=1.0, depth=-4.0, draggable=False, flipHoriz=False, flipVert=False, font='Sans Sherif', fontFiles=[], height=0.03, italic=False, languageStyle='LTR', name='fix_cross', opacity=1, ori=0.0, pos=array([0., 0.]), rgb=UNKNOWN, text='+', units='height', win=Window(...), wrapWidth=1)
20.8670 	EXP 	Created fix_cross_2 = TextStim(__class__=<class 'psychopy.visual.text.TextStim'>, alignHoriz=method-wrapper(...), alignText='center', alignVert=method-wrapper(...), anchorHoriz='center', anchorVert='center', antialias=True, autoDraw=False, autoLog=True, bold=False, color=array([1., 1., 1.]), colorSpace='rgb', contrast=1.0, depth=-3.0, draggable=False, flipHoriz=False, flipVert=False, font='Sans Sherif', fontFiles=[], height=0.03, italic=False, languageStyle='LTR', name='fix_cross_2', opacity=1, ori=0.0, pos=array([0., 0.]), rgb=UNKNOWN, text='+', units='height', win=Window(...), wrapWidth=1)
20.8679 	EXP 	Created breaks_instruction = TextStim(__class__=<class 'psychopy.visual.text.TextStim'>, alignHoriz=method-wrapper(...), alignText='center', alignVert=method-wrapper(...), anchorHoriz='center', anchorVert='center', antialias=True, autoDraw=False, autoLog=True, bold=False, color=array([1., 1., 1.]), colorSpace='rgb', contrast=1.0, depth=-3.0, draggable=False, flipHoriz=False, flipVert=False, font='Sans Sherif', fontFiles=[], height=0.025, italic=False, languageStyle='LTR', name='breaks_instruction', opacity=1, ori=0.0, pos=array([0., 0.]), rgb=UNKNOWN, text='', units='height', win=Window(...), wrapWidth=1)
20.8765 	EXP 	Created progress_bar_breaks = Progress(__class__=<class 'psychopy.visual.progress.Progress'>, anchor=('left', 'center'), autoDraw=False, autoLog=True, closeShape=True, color=method-wrapper(...), colorSpace='rgb', contrast=None, depth=-6, draggable=False, fillColor=array([0, 0, 0]), fillColorSpace='rgb', fillRGB=array([0, 0, 0]), interpolate=True, lineColor=array([1., 1., 1.]), lineColorSpace='rgb', lineRGB=array([1, 1, 1]), lineWidth=4.0, name='progress_bar_breaks', opacity=1.0, ori=0.0, pos=array([-0.2 , -0.07]), size=array([0.4  , 0.015]), units='height', vertices=ndarray(...), win=Window(...), windingRule=None)
20.8782 	EXP 	Created progress_bar_breaksBar = ShapeStim(__class__=<class 'psychopy.visual.shape.ShapeStim'>, anchor=('left', 'center'), autoDraw=False, autoLog=True, closeShape=True, color=method-wrapper(...), colorSpace='rgb', contrast=None, depth=-6, draggable=False, fillColor=array([1, 1, 1]), fillColorSpace='rgb', fillRGB=array([1, 1, 1]), interpolate=True, lineColor=array([0., 0., 0.]), lineColorSpace='rgb', lineRGB=array([0, 0, 0]), lineWidth=1.5, name='progress_bar_breaksBar', opacity=1.0, ori=0.0, pos=array([-0.2 , -0.07]), size=array([0.4  , 0.015]), units='height', vertices=ndarray(...), win=Window(...), windingRule=None)
20.8795 	EXP 	Created instruction_continuebreak = TextStim(__class__=<class 'psychopy.visual.text.TextStim'>, alignHoriz=method-wrapper(...), alignText='center', alignVert=method-wrapper(...), anchorHoriz='center', anchorVert='center', antialias=True, autoDraw=False, autoLog=True, bold=False, color=array([1., 1., 1.]), colorSpace='rgb', contrast=1.0, depth=-8.0, draggable=False, flipHoriz=False, flipVert=False, font='Sans Sherif', fontFiles=[], height=0.025, italic=False, languageStyle='LTR', name='instruction_continuebreak', opacity=1, ori=0.0, pos=array([0., 0.]), rgb=UNKNOWN, text='', units='height', win=Window(...), wrapWidth=1)
20.8806 	EXP 	Created instruction_end = TextStim(__class__=<class 'psychopy.visual.text.TextStim'>, alignHoriz=method-wrapper(...), alignText='center', alignVert=method-wrapper(...), anchorHoriz='center', anchorVert='center', antialias=True, autoDraw=False, autoLog=True, bold=False, color=array([1., 1., 1.]), colorSpace='rgb', contrast=1.0, depth=-2.0, draggable=False, flipHoriz=False, flipVert=False, font='Sans Sherif', fontFiles=[], height=0.025, italic=False, languageStyle='LTR', name='instruction_end', opacity=1, ori=0.0, pos=array([0., 0.]), rgb=UNKNOWN, text='', units='height', win=Window(...), wrapWidth=1)
2026-08-25_09:42:56.099261 	EXP 	progress_bar_breaks: direction = 'horizontal'
2026-08-25_09:42:56.099261 	EXP 	progress_bar_breaks: progress = 0.0
2026-08-25_09:42:56.149666 	EXP 	instruction_part1: height = 0.025
2026-08-25_09:42:56.149666 	EXP 	instruction_part1: height = 0.025
2026-08-25_09:42:56.149666 	EXP 	instruction_part1: height = 0.025
2026-08-25_09:42:56.149666 	EXP 	instruction_part1: text = 'Willkommen zum ersten Teil des Experiments.\nIn diesem Teil sehen Sie verschiedene Bilder\nund hören Wörter.\nIhre Aufgabe ist es zu entscheiden, ob die Wörter\ndie Dinge beschreiben, die Sie auf den Bildern sehen.\n\n[Drücken Sie eine beliebige Taste, um fortzufahren.]'
2026-08-25_09:42:56.149666 	EXP 	instruction_part1: autoDraw = True
2026-08-25_09:42:56.523701 	DATA 	Mouse: Left button down, pos=(428,261)
2026-08-25_09:42:56.574409 	DATA 	Mouse:  Left button up, pos=(428,261)
2026-08-25_09:42:56.603925 	INFO 	Keyboard events cleared
2026-08-25_09:42:57.590056 	EXP 	Device response: <KeyPress from None: t=1.4847010000000296, value=r, duration=None>
2026-08-25_09:42:57.590808 	DATA 	Keypress: r
2026-08-25_09:42:57.656259 	EXP 	Device response: <KeyPress from None: t=1.4847010000000296, value=r, duration=0.07754069999998592>
2026-08-25_09:42:57.682912 	EXP 	instruction_part1: autoDraw = False
2026-08-25_09:42:57.682912 	EXP 	instruction_part2: height = 0.025
2026-08-25_09:42:57.682912 	EXP 	instruction_part2: height = 0.025
2026-08-25_09:42:57.682912 	EXP 	instruction_part2: height = 0.025
2026-08-25_09:42:57.682912 	EXP 	instruction_part2: text = 'Sie sehen zuerst ein Bild.\nDanach hören Sie ein gesprochenes Wort.\nEntscheiden Sie, ob das Wort zu dem Bild passt oder nicht.\n\n[Drücken Sie eine beliebige Taste, um fortzufahren.]'
2026-08-25_09:42:57.682912 	EXP 	instruction_part2: autoDraw = True
2026-08-25_09:42:57.788898 	EXP 	Device response: <KeyPress from None: t=1.6902435000000082, value=r, duration=None>
2026-08-25_09:42:57.789582 	DATA 	Keypress: r
2026-08-25_09:42:57.888565 	EXP 	Device response: <KeyPress from None: t=1.6902435000000082, value=r, duration=0.10992160000000695>
2026-08-25_09:42:57.987730 	EXP 	Device response: <KeyPress from None: t=1.897809700000039, value=r, duration=None>
2026-08-25_09:42:57.988194 	DATA 	Keypress: r
2026-08-25_09:42:58.088947 	EXP 	Device response: <KeyPress from None: t=1.897809700000039, value=r, duration=0.10357179999999744>
2026-08-25_09:42:58.171082 	INFO 	Keyboard events cleared
2026-08-25_09:42:58.189456 	DATA 	Keypress: r
2026-08-25_09:42:58.209049 	EXP 	Device response: <KeyPress from None: t=2.1022786999999994, value=r, duration=None>
2026-08-25_09:42:58.274534 	EXP 	Device response: <KeyPress from None: t=2.1022786999999994, value=r, duration=0.08141080000001466>
2026-08-25_09:42:58.298895 	EXP 	instruction_part2: autoDraw = False
2026-08-25_09:42:58.298895 	EXP 	instruction_part3: height = 0.025
2026-08-25_09:42:58.298895 	EXP 	instruction_part3: height = 0.025
2026-08-25_09:42:58.298895 	EXP 	instruction_part3: height = 0.025
2026-08-25_09:42:58.298895 	EXP 	instruction_part3: text = 'Wenn das Wort nicht zu dem Bild passt, reagieren Sie bitte sofort.\nDrücken Sie die obere Taste (rot), wenn das Wort\nnicht zu dem Bild passt, das Sie gerade gesehen haben.\n\nWenn das Wort zu dem Bild passt, drücken Sie keine Taste.\n\nWenn Sie die rote Taste gedrückt haben, ändert das Fixationskreuz\nkurz seine Farbe, um anzuzeigen, ob Ihre Antwort richtig war.\n\n[Drücken Sie eine beliebige Taste, um fortzufahren.]'
2026-08-25_09:42:58.298895 	EXP 	instruction_part3: autoDraw = True
2026-08-25_09:42:58.656602 	EXP 	Device response: <KeyPress from None: t=2.5665681000000404, value=r, duration=None>
2026-08-25_09:42:58.657236 	DATA 	Keypress: r
2026-08-25_09:42:58.737851 	EXP 	Device response: <KeyPress from None: t=2.5665681000000404, value=r, duration=0.081489299999987>
2026-08-25_09:42:58.787167 	INFO 	Keyboard events cleared
2026-08-25_09:42:59.005507 	EXP 	Device response: <KeyPress from None: t=2.9057956999999988, value=r, duration=None>
2026-08-25_09:42:59.006091 	DATA 	Keypress: r
2026-08-25_09:42:59.155621 	EXP 	Device response: <KeyPress from None: t=2.9057956999999988, value=r, duration=0.1500543999999877>
2026-08-25_09:42:59.182081 	EXP 	instruction_part3: autoDraw = False
2026-08-25_09:42:59.182081 	EXP 	instruction_part4: height = 0.025
2026-08-25_09:42:59.182081 	EXP 	instruction_part4: height = 0.025
2026-08-25_09:42:59.182081 	EXP 	instruction_part4: height = 0.025
2026-08-25_09:42:59.182081 	EXP 	instruction_part4: text = 'Bitte antworten Sie so schnell und genau wie möglich.\nWir beginnen nun mit einigen Übungsdurchgängen.\nNutzen Sie die obere Taste (rot) für Nicht-Übereinstimmungen.\n\n[Drücken Sie eine beliebige Taste, um fortzufahren.]'
2026-08-25_09:42:59.182081 	EXP 	instruction_part4: autoDraw = True
2026-08-25_09:42:59.554296 	EXP 	Device response: <KeyPress from None: t=3.4666844999999853, value=r, duration=None>
2026-08-25_09:42:59.554878 	DATA 	Keypress: r
2026-08-25_09:42:59.668945 	INFO 	Keyboard events cleared
2026-08-25_09:42:59.705325 	EXP 	Device response: <KeyPress from None: t=3.4666844999999853, value=r, duration=0.1445027000000323>
2026-08-25_09:42:59.791307 	DEBUG 	Read excel file with openpyxl: sequences/localiser_trials_prc.xlsx
2026-08-25_09:42:59.792672 	EXP 	Imported sequences/localiser_trials_prc.xlsx as conditions, 11 conditions, 8 params
2026-08-25_09:42:59.793434 	EXP 	New trial (rep=0, index=0): <Trial 0 (0 in rep 0) data={'image_shown': 'anchor.jpg', 'word_shown_german': 'Anker', 'word_shown_french': 'ancre', 'word_shown_english': 'anchor', 'ITI_length': 0.75, 'correct_response': 'y', 'match_idx': 1, 'nonmatch_pres_side': 'right', 'thisN': 0, 'thisTrialN': 0, 'thisRepN': 0}>
2026-08-25_09:42:59.853550 	EXP 	instruction_part4: autoDraw = False
2026-08-25_09:42:59.853550 	EXP 	image_prc: image = 'stimuli\\practice_images\\anchor.jpg'
2026-08-25_09:42:59.853550 	EXP 	image_prc: autoDraw = True
2026-08-25_09:42:59.855842 	EXP 	Device response: <KeyPress from None: t=3.7662063000000217, value=r, duration=None>
2026-08-25_09:42:59.856465 	DATA 	Keypress: r
2026-08-25_09:43:00.005967 	EXP 	Device response: <KeyPress from None: t=3.7662063000000217, value=r, duration=0.14197059999997919>
2026-08-25_09:43:00.222590 	EXP 	Device response: <KeyPress from None: t=4.1328743999999915, value=r, duration=None>
2026-08-25_09:43:00.223083 	DATA 	Keypress: r
2026-08-25_09:43:00.355031 	EXP 	Device response: <KeyPress from None: t=4.1328743999999915, value=r, duration=0.12983950000000277>
2026-08-25_09:43:00.631003 	EXP 	spoken_word_prc: sampleRate = 44100
2026-08-25_09:43:00.639635 	INFO 	Resampled audio from 44100Hz to 48000Hz using method 'default'.
2026-08-25_09:43:00.639675 	DEBUG 	Converted audio clip from mono to stereo
2026-08-25_09:43:00.640501 	EXP 	Sound spoken_word_prc reached end of file
4.5657 	EXP 	Playing sound spoken_word_prc on speaker Lautsprecher (Realtek(R) Audio)
2026-08-25_09:43:00.649207 	INFO 	Keyboard events cleared
2026-08-25_09:43:00.649075 	EXP 	image_prc: autoDraw = False
2026-08-25_09:43:00.649075 	EXP 	image_prc: autoDraw = False
2026-08-25_09:43:00.649075 	EXP 	fix_cross_prc: foreColor = <psychopy.colors.Color: white, alpha=1.0>
2026-08-25_09:43:00.649075 	EXP 	fix_cross_prc: autoDraw = True
2026-08-25_09:43:01.188503 	EXP 	Sound spoken_word_prc reached end of file
2026-08-25_09:43:01.204414 	EXP 	Sound spoken_word_prc reached end of file
2026-08-25_09:43:02.135408 	EXP 	fix_cross_prc: autoDraw = True
2026-08-25_09:43:02.135408 	EXP 	fix_cross_prc: autoDraw = False
2026-08-25_09:43:02.135408 	EXP 	fix_cross_2_prc: autoDraw = True
2026-08-25_09:43:02.389208 	EXP 	Device response: <KeyPress from None: t=6.287955699999998, value=lshift, duration=None>
2026-08-25_09:43:02.524267 	EXP 	Device response: <KeyPress from None: t=6.287955699999998, value=lshift, duration=0.14100180000002638>
2026-08-25_09:43:02.872082 	EXP 	New trial (rep=0, index=1): <Trial 1 (1 in rep 0) data={'image_shown': 'ant.jpg', 'word_shown_german': 'Ameise', 'word_shown_french': 'fourmi', 'word_shown_english': 'ant', 'ITI_length': 0.89, 'correct_response': 'r', 'match_idx': 1, 'nonmatch_pres_side': 'left', 'thisN': 1, 'thisTrialN': 1, 'thisRepN': 0}>
2026-08-25_09:43:02.917499 	EXP 	fix_cross_2_prc: autoDraw = False
2026-08-25_09:43:02.917499 	EXP 	fix_cross_2_prc: autoDraw = False
2026-08-25_09:43:02.917499 	EXP 	image_prc: image = 'stimuli\\practice_images\\ant.jpg'
2026-08-25_09:43:02.917499 	EXP 	image_prc: autoDraw = True
2026-08-25_09:43:03.684585 	EXP 	spoken_word_prc: sampleRate = 44100
2026-08-25_09:43:03.694772 	INFO 	Resampled audio from 44100Hz to 48000Hz using method 'default'.
2026-08-25_09:43:03.694857 	DEBUG 	Converted audio clip from mono to stereo
2026-08-25_09:43:03.696114 	EXP 	Sound spoken_word_prc reached end of file
7.6147 	EXP 	Playing sound spoken_word_prc on speaker Lautsprecher (Realtek(R) Audio)
2026-08-25_09:43:03.714432 	INFO 	Keyboard events cleared
2026-08-25_09:43:03.714251 	EXP 	image_prc: autoDraw = False
2026-08-25_09:43:03.714251 	EXP 	image_prc: autoDraw = False
2026-08-25_09:43:03.714251 	EXP 	fix_cross_prc: foreColor = <psychopy.colors.Color: white, alpha=1.0>
2026-08-25_09:43:03.714251 	EXP 	fix_cross_prc: autoDraw = True
2026-08-25_09:43:04.409948 	EXP 	Sound spoken_word_prc reached end of file
2026-08-25_09:43:04.433898 	EXP 	Sound spoken_word_prc reached end of file
2026-08-25_09:43:05.184392 	EXP 	fix_cross_prc: autoDraw = True
2026-08-25_09:43:05.184392 	EXP 	fix_cross_prc: autoDraw = False
2026-08-25_09:43:05.184392 	EXP 	fix_cross_2_prc: autoDraw = True
2026-08-25_09:43:06.067980 	EXP 	New trial (rep=0, index=2): <Trial 2 (2 in rep 0) data={'image_shown': 'axe.jpg', 'word_shown_german': 'Pferd', 'word_shown_french': 'cheval', 'word_shown_english': 'horse', 'ITI_length': 0.85, 'correct_response': 'y', 'match_idx': 0, 'nonmatch_pres_side': 'left', 'thisN': 2, 'thisTrialN': 2, 'thisRepN': 0}>
2026-08-25_09:43:06.116636 	EXP 	fix_cross_2_prc: autoDraw = False
2026-08-25_09:43:06.116636 	EXP 	fix_cross_2_prc: autoDraw = False
2026-08-25_09:43:06.116636 	EXP 	image_prc: image = 'stimuli\\practice_images\\axe.jpg'
2026-08-25_09:43:06.116636 	EXP 	image_prc: autoDraw = True
2026-08-25_09:43:06.873919 	EXP 	spoken_word_prc: sampleRate = 24000
2026-08-25_09:43:06.875942 	INFO 	Resampled audio from 24000Hz to 48000Hz using method 'default'.
2026-08-25_09:43:06.875967 	DEBUG 	Converted audio clip from mono to stereo
2026-08-25_09:43:06.876883 	EXP 	Sound spoken_word_prc reached end of file
10.7965 	EXP 	Playing sound spoken_word_prc on speaker Lautsprecher (Realtek(R) Audio)
2026-08-25_09:43:06.896127 	INFO 	Keyboard events cleared
2026-08-25_09:43:06.896012 	EXP 	image_prc: autoDraw = False
2026-08-25_09:43:06.896012 	EXP 	image_prc: autoDraw = False
2026-08-25_09:43:06.896012 	EXP 	fix_cross_prc: foreColor = <psychopy.colors.Color: white, alpha=1.0>
2026-08-25_09:43:06.896012 	EXP 	fix_cross_prc: autoDraw = True
2026-08-25_09:43:07.803337 	EXP 	Sound spoken_word_prc reached end of file
2026-08-25_09:43:07.818280 	EXP 	Sound spoken_word_prc reached end of file
2026-08-25_09:43:08.398800 	EXP 	fix_cross_prc: foreColor = <psychopy.colors.Color: red, alpha=1.0>
2026-08-25_09:43:08.598656 	EXP 	fix_cross_prc: autoDraw = False
2026-08-25_09:43:08.598656 	EXP 	fix_cross_2_prc: autoDraw = True
2026-08-25_09:43:09.452010 	EXP 	New trial (rep=0, index=3): <Trial 3 (3 in rep 0) data={'image_shown': 'bus.jpg', 'word_shown_german': 'Bus', 'word_shown_french': 'bus', 'word_shown_english': 'bus', 'ITI_length': 1.01, 'correct_response': 'y', 'match_idx': 1, 'nonmatch_pres_side': 'right', 'thisN': 3, 'thisTrialN': 3, 'thisRepN': 0}>
2026-08-25_09:43:09.498856 	EXP 	fix_cross_2_prc: autoDraw = False
2026-08-25_09:43:09.498856 	EXP 	fix_cross_2_prc: autoDraw = False
2026-08-25_09:43:09.498856 	EXP 	image_prc: image = 'stimuli\\practice_images\\bus.jpg'
2026-08-25_09:43:09.498856 	EXP 	image_prc: autoDraw = True
2026-08-25_09:43:10.252156 	EXP 	spoken_word_prc: sampleRate = 24000
2026-08-25_09:43:10.253841 	INFO 	Resampled audio from 24000Hz to 48000Hz using method 'default'.
2026-08-25_09:43:10.253858 	DEBUG 	Converted audio clip from mono to stereo
2026-08-25_09:43:10.254389 	EXP 	Sound spoken_word_prc reached end of file
14.1785 	EXP 	Playing sound spoken_word_prc on speaker Lautsprecher (Realtek(R) Audio)
2026-08-25_09:43:10.263951 	INFO 	Keyboard events cleared
2026-08-25_09:43:10.263839 	EXP 	image_prc: autoDraw = False
2026-08-25_09:43:10.263839 	EXP 	image_prc: autoDraw = False
2026-08-25_09:43:10.263839 	EXP 	fix_cross_prc: foreColor = <psychopy.colors.Color: white, alpha=1.0>
2026-08-25_09:43:10.263839 	EXP 	fix_cross_prc: autoDraw = True
2026-08-25_09:43:11.086790 	EXP 	Sound spoken_word_prc reached end of file
2026-08-25_09:43:11.099166 	EXP 	Sound spoken_word_prc reached end of file
2026-08-25_09:43:11.781238 	EXP 	fix_cross_prc: autoDraw = True
2026-08-25_09:43:11.781238 	EXP 	fix_cross_prc: autoDraw = False
2026-08-25_09:43:11.781238 	EXP 	fix_cross_2_prc: autoDraw = True
2026-08-25_09:43:12.786111 	EXP 	New trial (rep=0, index=4): <Trial 4 (4 in rep 0) data={'image_shown': 'ball.jpg', 'word_shown_german': 'Gesicht', 'word_shown_french': 'visage', 'word_shown_english': 'face', 'ITI_length': 1.04, 'correct_response': 'r', 'match_idx': 0, 'nonmatch_pres_side': 'right', 'thisN': 4, 'thisTrialN': 4, 'thisRepN': 0}>
2026-08-25_09:43:12.848297 	EXP 	fix_cross_2_prc: autoDraw = False
2026-08-25_09:43:12.848297 	EXP 	fix_cross_2_prc: autoDraw = False
2026-08-25_09:43:12.848297 	EXP 	image_prc: image = 'stimuli\\practice_images\\ball.jpg'
2026-08-25_09:43:12.848297 	EXP 	image_prc: autoDraw = True
2026-08-25_09:43:13.602153 	EXP 	spoken_word_prc: sampleRate = 44100
2026-08-25_09:43:13.604700 	INFO 	Resampled audio from 44100Hz to 48000Hz using method 'default'.
2026-08-25_09:43:13.604718 	DEBUG 	Converted audio clip from mono to stereo
2026-08-25_09:43:13.605231 	EXP 	Sound spoken_word_prc reached end of file
17.5281 	EXP 	Playing sound spoken_word_prc on speaker Lautsprecher (Realtek(R) Audio)
2026-08-25_09:43:13.627646 	INFO 	Keyboard events cleared
2026-08-25_09:43:13.627484 	EXP 	image_prc: autoDraw = False
2026-08-25_09:43:13.627484 	EXP 	image_prc: autoDraw = False
2026-08-25_09:43:13.627484 	EXP 	fix_cross_prc: foreColor = <psychopy.colors.Color: white, alpha=1.0>
2026-08-25_09:43:13.627484 	EXP 	fix_cross_prc: autoDraw = True
2026-08-25_09:43:14.221207 	EXP 	Sound spoken_word_prc reached end of file
2026-08-25_09:43:14.234803 	EXP 	Sound spoken_word_prc reached end of file
2026-08-25_09:43:15.128847 	EXP 	fix_cross_prc: foreColor = <psychopy.colors.Color: red, alpha=1.0>
2026-08-25_09:43:15.347310 	EXP 	fix_cross_prc: autoDraw = False
2026-08-25_09:43:15.347310 	EXP 	fix_cross_2_prc: autoDraw = True
2026-08-25_09:43:16.382698 	EXP 	New trial (rep=0, index=5): <Trial 5 (5 in rep 0) data={'image_shown': 'banana.jpg', 'word_shown_german': 'Banane', 'word_shown_french': 'banane', 'word_shown_english': 'banana', 'ITI_length': 0.99, 'correct_response': 'y', 'match_idx': 1, 'nonmatch_pres_side': 'right', 'thisN': 5, 'thisTrialN': 5, 'thisRepN': 0}>
2026-08-25_09:43:16.428959 	EXP 	fix_cross_2_prc: autoDraw = False
2026-08-25_09:43:16.428959 	EXP 	fix_cross_2_prc: autoDraw = False
2026-08-25_09:43:16.428959 	EXP 	image_prc: image = 'stimuli\\practice_images\\banana.jpg'
2026-08-25_09:43:16.428959 	EXP 	image_prc: autoDraw = True
2026-08-25_09:43:17.165894 	EXP 	spoken_word_prc: sampleRate = 44100
2026-08-25_09:43:17.170516 	INFO 	Resampled audio from 44100Hz to 48000Hz using method 'default'.
2026-08-25_09:43:17.170554 	DEBUG 	Converted audio clip from mono to stereo
2026-08-25_09:43:17.171138 	EXP 	Sound spoken_word_prc reached end of file
21.0920 	EXP 	Playing sound spoken_word_prc on speaker Lautsprecher (Realtek(R) Audio)
2026-08-25_09:43:17.192782 	INFO 	Keyboard events cleared
2026-08-25_09:43:17.192677 	EXP 	image_prc: autoDraw = False
2026-08-25_09:43:17.192677 	EXP 	image_prc: autoDraw = False
2026-08-25_09:43:17.192677 	EXP 	fix_cross_prc: foreColor = <psychopy.colors.Color: white, alpha=1.0>
2026-08-25_09:43:17.192677 	EXP 	fix_cross_prc: autoDraw = True
2026-08-25_09:43:17.810669 	EXP 	Sound spoken_word_prc reached end of file
2026-08-25_09:43:17.827838 	EXP 	Sound spoken_word_prc reached end of file
2026-08-25_09:43:18.694813 	EXP 	fix_cross_prc: autoDraw = True
2026-08-25_09:43:18.694813 	EXP 	fix_cross_prc: autoDraw = False
2026-08-25_09:43:18.694813 	EXP 	fix_cross_2_prc: autoDraw = True
2026-08-25_09:43:19.681273 	EXP 	New trial (rep=0, index=6): <Trial 6 (6 in rep 0) data={'image_shown': 'glasses.jpg', 'word_shown_german': 'Brille', 'word_shown_french': 'lunettes', 'word_shown_english': 'glasses', 'ITI_length': 0.79, 'correct_response': 'r', 'match_idx': 1, 'nonmatch_pres_side': 'left', 'thisN': 6, 'thisTrialN': 6, 'thisRepN': 0}>
2026-08-25_09:43:19.745023 	EXP 	fix_cross_2_prc: autoDraw = False
2026-08-25_09:43:19.745023 	EXP 	fix_cross_2_prc: autoDraw = False
2026-08-25_09:43:19.745023 	EXP 	image_prc: image = 'stimuli\\practice_images\\glasses.jpg'
2026-08-25_09:43:19.745023 	EXP 	image_prc: autoDraw = True
2026-08-25_09:43:20.498817 	EXP 	spoken_word_prc: sampleRate = 24000
2026-08-25_09:43:20.500342 	INFO 	Resampled audio from 24000Hz to 48000Hz using method 'default'.
2026-08-25_09:43:20.500356 	DEBUG 	Converted audio clip from mono to stereo
2026-08-25_09:43:20.500861 	EXP 	Sound spoken_word_prc reached end of file
24.4250 	EXP 	Playing sound spoken_word_prc on speaker Lautsprecher (Realtek(R) Audio)
2026-08-25_09:43:20.510485 	INFO 	Keyboard events cleared
2026-08-25_09:43:20.510390 	EXP 	image_prc: autoDraw = False
2026-08-25_09:43:20.510390 	EXP 	image_prc: autoDraw = False
2026-08-25_09:43:20.510390 	EXP 	fix_cross_prc: foreColor = <psychopy.colors.Color: white, alpha=1.0>
2026-08-25_09:43:20.510390 	EXP 	fix_cross_prc: autoDraw = True
2026-08-25_09:43:21.350001 	EXP 	Sound spoken_word_prc reached end of file
2026-08-25_09:43:21.364107 	EXP 	Sound spoken_word_prc reached end of file
2026-08-25_09:43:22.027499 	EXP 	fix_cross_prc: autoDraw = True
2026-08-25_09:43:22.027499 	EXP 	fix_cross_prc: autoDraw = False
2026-08-25_09:43:22.027499 	EXP 	fix_cross_2_prc: autoDraw = True
2026-08-25_09:43:22.811821 	EXP 	New trial (rep=0, index=7): <Trial 7 (7 in rep 0) data={'image_shown': 'basket.jpg', 'word_shown_german': 'Korb', 'word_shown_french': 'panier', 'word_shown_english': 'basket', 'ITI_length': 0.77, 'correct_response': 'y', 'match_idx': 1, 'nonmatch_pres_side': 'right', 'thisN': 7, 'thisTrialN': 7, 'thisRepN': 0}>
2026-08-25_09:43:22.860398 	EXP 	fix_cross_2_prc: autoDraw = False
2026-08-25_09:43:22.860398 	EXP 	fix_cross_2_prc: autoDraw = False
2026-08-25_09:43:22.860398 	EXP 	image_prc: image = 'stimuli\\practice_images\\basket.jpg'
2026-08-25_09:43:22.860398 	EXP 	image_prc: autoDraw = True
2026-08-25_09:43:23.600435 	EXP 	spoken_word_prc: sampleRate = 44100
2026-08-25_09:43:23.603347 	INFO 	Resampled audio from 44100Hz to 48000Hz using method 'default'.
2026-08-25_09:43:23.603374 	DEBUG 	Converted audio clip from mono to stereo
2026-08-25_09:43:23.603958 	EXP 	Sound spoken_word_prc reached end of file
27.5228 	EXP 	Playing sound spoken_word_prc on speaker Lautsprecher (Realtek(R) Audio)
2026-08-25_09:43:23.623842 	INFO 	Keyboard events cleared
2026-08-25_09:43:23.623741 	EXP 	image_prc: autoDraw = False
2026-08-25_09:43:23.623741 	EXP 	image_prc: autoDraw = False
2026-08-25_09:43:23.623741 	EXP 	fix_cross_prc: foreColor = <psychopy.colors.Color: white, alpha=1.0>
2026-08-25_09:43:23.623741 	EXP 	fix_cross_prc: autoDraw = True
2026-08-25_09:43:24.081602 	EXP 	Sound spoken_word_prc reached end of file
2026-08-25_09:43:24.096932 	EXP 	Sound spoken_word_prc reached end of file
2026-08-25_09:43:25.114065 	EXP 	fix_cross_prc: autoDraw = True
2026-08-25_09:43:25.114065 	EXP 	fix_cross_prc: autoDraw = False
2026-08-25_09:43:25.114065 	EXP 	fix_cross_2_prc: autoDraw = True
2026-08-25_09:43:25.880406 	EXP 	New trial (rep=0, index=8): <Trial 8 (8 in rep 0) data={'image_shown': 'bear.jpg', 'word_shown_german': 'Milch', 'word_shown_french': 'lait', 'word_shown_english': 'milk', 'ITI_length': 1.23, 'correct_response': 'r', 'match_idx': 0, 'nonmatch_pres_side': 'right', 'thisN': 8, 'thisTrialN': 8, 'thisRepN': 0}>
2026-08-25_09:43:25.942764 	EXP 	fix_cross_2_prc: autoDraw = False
2026-08-25_09:43:25.942764 	EXP 	fix_cross_2_prc: autoDraw = False
2026-08-25_09:43:25.942764 	EXP 	image_prc: image = 'stimuli\\practice_images\\bear.jpg'
2026-08-25_09:43:25.942764 	EXP 	image_prc: autoDraw = True
2026-08-25_09:43:26.681170 	EXP 	spoken_word_prc: sampleRate = 44100
2026-08-25_09:43:26.683575 	INFO 	Resampled audio from 44100Hz to 48000Hz using method 'default'.
2026-08-25_09:43:26.683594 	DEBUG 	Converted audio clip from mono to stereo
2026-08-25_09:43:26.684096 	EXP 	Sound spoken_word_prc reached end of file
30.6074 	EXP 	Playing sound spoken_word_prc on speaker Lautsprecher (Realtek(R) Audio)
2026-08-25_09:43:26.693263 	INFO 	Keyboard events cleared
2026-08-25_09:43:26.693162 	EXP 	image_prc: autoDraw = False
2026-08-25_09:43:26.693162 	EXP 	image_prc: autoDraw = False
2026-08-25_09:43:26.693162 	EXP 	fix_cross_prc: foreColor = <psychopy.colors.Color: white, alpha=1.0>
2026-08-25_09:43:26.693162 	EXP 	fix_cross_prc: autoDraw = True
2026-08-25_09:43:27.225295 	EXP 	Sound spoken_word_prc reached end of file
2026-08-25_09:43:27.241130 	EXP 	Sound spoken_word_prc reached end of file
2026-08-25_09:43:28.208483 	EXP 	fix_cross_prc: foreColor = <psychopy.colors.Color: red, alpha=1.0>
2026-08-25_09:43:28.408943 	EXP 	fix_cross_prc: autoDraw = False
2026-08-25_09:43:28.408943 	EXP 	fix_cross_2_prc: autoDraw = True
2026-08-25_09:43:29.629375 	EXP 	New trial (rep=0, index=9): <Trial 9 (9 in rep 0) data={'image_shown': 'belt.jpg', 'word_shown_german': 'Gürtel', 'word_shown_french': 'ceinture', 'word_shown_english': 'belt', 'ITI_length': 1.1, 'correct_response': 'y', 'match_idx': 1, 'nonmatch_pres_side': 'left', 'thisN': 9, 'thisTrialN': 9, 'thisRepN': 0}>
2026-08-25_09:43:29.675266 	EXP 	fix_cross_2_prc: autoDraw = False
2026-08-25_09:43:29.675266 	EXP 	fix_cross_2_prc: autoDraw = False
2026-08-25_09:43:29.675266 	EXP 	image_prc: image = 'stimuli\\practice_images\\belt.jpg'
2026-08-25_09:43:29.675266 	EXP 	image_prc: autoDraw = True
2026-08-25_09:43:30.411950 	EXP 	spoken_word_prc: sampleRate = 48000
2026-08-25_09:43:30.413080 	DEBUG 	Converted audio clip from mono to stereo
2026-08-25_09:43:30.413663 	EXP 	Sound spoken_word_prc reached end of file
34.3383 	EXP 	Playing sound spoken_word_prc on speaker Lautsprecher (Realtek(R) Audio)
2026-08-25_09:43:30.425893 	INFO 	Keyboard events cleared
2026-08-25_09:43:30.425797 	EXP 	image_prc: autoDraw = False
2026-08-25_09:43:30.425797 	EXP 	image_prc: autoDraw = False
2026-08-25_09:43:30.425797 	EXP 	fix_cross_prc: foreColor = <psychopy.colors.Color: white, alpha=1.0>
2026-08-25_09:43:30.425797 	EXP 	fix_cross_prc: autoDraw = True
2026-08-25_09:43:30.985788 	EXP 	Sound spoken_word_prc reached end of file
2026-08-25_09:43:31.007022 	EXP 	Sound spoken_word_prc reached end of file
2026-08-25_09:43:31.925966 	EXP 	fix_cross_prc: autoDraw = True
2026-08-25_09:43:31.925966 	EXP 	fix_cross_prc: autoDraw = False
2026-08-25_09:43:31.925966 	EXP 	fix_cross_2_prc: autoDraw = True
2026-08-25_09:43:33.027793 	EXP 	New trial (rep=0, index=10): <Trial 10 (10 in rep 0) data={'image_shown': 'bike.jpg', 'word_shown_german': 'Fahrrad', 'word_shown_french': 'vélo', 'word_shown_english': 'bicycle', 'ITI_length': 1.25, 'correct_response': 'y', 'match_idx': 1, 'nonmatch_pres_side': 'left', 'thisN': 10, 'thisTrialN': 10, 'thisRepN': 0}>
2026-08-25_09:43:33.074107 	EXP 	fix_cross_2_prc: autoDraw = False
2026-08-25_09:43:33.074107 	EXP 	fix_cross_2_prc: autoDraw = False
2026-08-25_09:43:33.074107 	EXP 	image_prc: image = 'stimuli\\practice_images\\bike.jpg'
2026-08-25_09:43:33.074107 	EXP 	image_prc: autoDraw = True
2026-08-25_09:43:33.810365 	EXP 	spoken_word_prc: sampleRate = 48000
2026-08-25_09:43:33.811777 	DEBUG 	Converted audio clip from mono to stereo
2026-08-25_09:43:33.812559 	EXP 	Sound spoken_word_prc reached end of file
37.7371 	EXP 	Playing sound spoken_word_prc on speaker Lautsprecher (Realtek(R) Audio)
2026-08-25_09:43:33.825821 	INFO 	Keyboard events cleared
2026-08-25_09:43:33.825715 	EXP 	image_prc: autoDraw = False
2026-08-25_09:43:33.825715 	EXP 	image_prc: autoDraw = False
2026-08-25_09:43:33.825715 	EXP 	fix_cross_prc: foreColor = <psychopy.colors.Color: white, alpha=1.0>
2026-08-25_09:43:33.825715 	EXP 	fix_cross_prc: autoDraw = True
2026-08-25_09:43:34.495934 	EXP 	Sound spoken_word_prc reached end of file
2026-08-25_09:43:34.511320 	EXP 	Sound spoken_word_prc reached end of file
2026-08-25_09:43:35.339821 	EXP 	fix_cross_prc: autoDraw = True
2026-08-25_09:43:35.339821 	EXP 	fix_cross_prc: autoDraw = False
2026-08-25_09:43:35.339821 	EXP 	fix_cross_2_prc: autoDraw = True
2026-08-25_09:43:36.685356 	INFO 	saved data to C:\sync_folder\TSRlearn-task\psychopy_exp_files\data\5_TSRlearn_localizer-concepts_2026-08-25_09h42.43.462_trials_practice.csv
2026-08-25_09:43:36.702395 	EXP 	fix_cross_2_prc: autoDraw = False
2026-08-25_09:43:36.702395 	EXP 	fix_cross_2_prc: autoDraw = False
2026-08-25_09:43:36.702395 	EXP 	instruction_startexp: height = 0.025
2026-08-25_09:43:36.702395 	EXP 	instruction_startexp: height = 0.025
2026-08-25_09:43:36.702395 	EXP 	instruction_startexp: height = 0.025
2026-08-25_09:43:36.702395 	EXP 	instruction_startexp: text = 'Sie haben alle Übungsdurchgänge abgeschlossen.\n\nDie Hauptaufgabe beginnt jetzt.\n\nDrücken Sie immer die obere Taste (rot), wenn das Wort\nnicht zu dem vorherigen Bild passt.\n\n[Drücken Sie eine beliebige Taste, um weiterzumachen.]'
2026-08-25_09:43:36.702395 	EXP 	instruction_startexp: autoDraw = True
2026-08-25_09:43:37.091410 	INFO 	Keyboard events cleared
2026-08-25_09:43:50.138957 	EXP 	Device response: <KeyPress from None: t=54.04220359999999, value=r, duration=None>
2026-08-25_09:43:50.139465 	DATA 	Keypress: r
2026-08-25_09:43:50.237969 	EXP 	Device response: <KeyPress from None: t=54.04220359999999, value=r, duration=0.10571350000003576>
2026-08-25_09:43:50.265899 	EXP 	instruction_startexp: autoDraw = False
2026-08-25_09:43:50.265899 	EXP 	instruction_startexp_2: height = 0.025
2026-08-25_09:43:50.265899 	EXP 	instruction_startexp_2: height = 0.025
2026-08-25_09:43:50.265899 	EXP 	instruction_startexp_2: height = 0.025
2026-08-25_09:43:50.265899 	EXP 	instruction_startexp_2: text = 'Das MEG-Signal ist sehr empfindlich gegenüber\nAugen- und Körperbewegungen. Bitte bewegen und blinzeln Sie\nwährend der Aufgabenblöcke so wenig wie möglich.\n\nNach jedem Block gibt es eine kurze Pause, in der Sie sich\nbewegen und ausruhen können.\n\nSobald die Aufgabe wieder beginnt, sitzen Sie bitte wieder still.\n\n[Drücken Sie eine beliebige Taste, um die Hauptaufgabe zu starten.]'
2026-08-25_09:43:50.265899 	EXP 	instruction_startexp_2: autoDraw = True
2026-08-25_09:43:50.322276 	EXP 	Device response: <KeyPress from None: t=54.23246640000002, value=r, duration=None>
2026-08-25_09:43:50.322760 	DATA 	Keypress: r
2026-08-25_09:43:50.405105 	EXP 	Device response: <KeyPress from None: t=54.23246640000002, value=r, duration=0.0795200999999679>
2026-08-25_09:43:50.490803 	EXP 	Device response: <KeyPress from None: t=54.392738699999995, value=r, duration=None>
2026-08-25_09:43:50.491361 	DATA 	Keypress: r
2026-08-25_09:43:50.571547 	EXP 	Device response: <KeyPress from None: t=54.392738699999995, value=r, duration=0.08128690000000915>
2026-08-25_09:43:50.688695 	EXP 	Device response: <KeyPress from None: t=54.586831700000005, value=r, duration=None>
2026-08-25_09:43:50.689278 	DATA 	Keypress: r
2026-08-25_09:43:50.737646 	EXP 	Device response: <KeyPress from None: t=54.586831700000005, value=r, duration=0.061627400000020316>
2026-08-25_09:43:50.753336 	INFO 	Keyboard events cleared
2026-08-25_09:43:50.855432 	EXP 	Device response: <KeyPress from None: t=54.76415370000001, value=r, duration=None>
2026-08-25_09:43:50.855952 	DATA 	Keypress: r
2026-08-25_09:43:50.921886 	EXP 	Device response: <KeyPress from None: t=54.76415370000001, value=r, duration=0.06149249999998574>
2026-08-25_09:43:51.006355 	DEBUG 	Read excel file with openpyxl: sequences/localizer_conditions_objects-things_05.xlsx
2026-08-25_09:43:51.117623 	EXP 	Imported sequences/localizer_conditions_objects-things_05.xlsx as conditions, 500 conditions, 19 params
2026-08-25_09:43:51.122700 	EXP 	New trial (rep=0, index=0): <Trial 0 (0 in rep 0) data={'block': 1, 'trial_in_block': 1, 'trial_type': 'localizer', 'is_buffer': 0, 'show_word': 1, 'concept': 'watch', 'concept_num': 3, 'concept_num_word': 3, 'exemplar_num': 4, 'image_shown': 'watch\\watch_04.png', 'word_shown_english': 'watch', 'word_shown_german': 'Uhr', 'is_prompt': 1, 'is_mismatch': 0, 'ITI_length': 0.88, 'correct_response': None, 'nonmatch_pres_side': None, 'source_sequence': None, 'source_sequence_position': None, 'thisN': 0, 'thisTrialN': 0, 'thisRepN': 0}>
2026-08-25_09:43:51.172827 	EXP 	Device response: <KeyPress from None: t=54.91218520000001, value=r, duration=None>
2026-08-25_09:43:51.172855 	EXP 	Device response: <KeyPress from None: t=54.91218520000001, value=r, duration=0.0774213000000259>
2026-08-25_09:43:51.172870 	EXP 	Device response: <KeyPress from None: t=55.02897280000002, value=r, duration=None>
2026-08-25_09:43:51.174278 	DATA 	Keypress: r
2026-08-25_09:43:51.174611 	DATA 	Keypress: r
2026-08-25_09:43:51.189436 	EXP 	instruction_startexp_2: autoDraw = False
2026-08-25_09:43:51.189436 	EXP 	image: image = 'stimuli/watch\\watch_04.png'
2026-08-25_09:43:51.189436 	EXP 	image: autoDraw = True
2026-08-25_09:43:51.339816 	EXP 	Device response: <KeyPress from None: t=55.02897280000002, value=r, duration=0.2104673000000048>
2026-08-25_09:43:51.521380 	EXP 	Device response: <KeyPress from None: t=55.421716900000035, value=r, duration=None>
2026-08-25_09:43:51.521739 	DATA 	Keypress: r
2026-08-25_09:43:51.589143 	EXP 	Device response: <KeyPress from None: t=55.421716900000035, value=r, duration=0.06756609999996499>
2026-08-25_09:43:51.959869 	EXP 	spoken_word: sampleRate = 24000
2026-08-25_09:43:51.962996 	INFO 	Resampled audio from 24000Hz to 48000Hz using method 'default'.
2026-08-25_09:43:51.963041 	DEBUG 	Converted audio clip from mono to stereo
2026-08-25_09:43:51.964577 	EXP 	Sound spoken_word reached end of file
55.8838 	EXP 	Playing sound spoken_word on speaker Lautsprecher (Realtek(R) Audio)
2026-08-25_09:43:51.982030 	INFO 	Keyboard events cleared
2026-08-25_09:43:51.981838 	EXP 	image: autoDraw = False
2026-08-25_09:43:51.981838 	EXP 	image: autoDraw = False
2026-08-25_09:43:51.981838 	EXP 	fix_cross: foreColor = <psychopy.colors.Color: white, alpha=1.0>
2026-08-25_09:43:51.981838 	EXP 	fix_cross: autoDraw = True
2026-08-25_09:43:52.699016 	EXP 	Sound spoken_word reached end of file
2026-08-25_09:43:52.717491 	EXP 	Sound spoken_word reached end of file
2026-08-25_09:43:53.470163 	EXP 	fix_cross: autoDraw = False
2026-08-25_09:43:53.470163 	EXP 	fix_cross_2: autoDraw = True
2026-08-25_09:43:54.344203 	EXP 	New trial (rep=0, index=1): <Trial 1 (1 in rep 0) data={'block': 1, 'trial_in_block': 2, 'trial_type': 'localizer', 'is_buffer': 0, 'show_word': 1, 'concept': 'bottle', 'concept_num': 2, 'concept_num_word': 2, 'exemplar_num': 2, 'image_shown': 'bottle\\bottle_02.png', 'word_shown_english': 'bottle', 'word_shown_german': 'Flasche', 'is_prompt': 1, 'is_mismatch': 0, 'ITI_length': 0.98, 'correct_response': None, 'nonmatch_pres_side': None, 'source_sequence': None, 'source_sequence_position': None, 'thisN': 1, 'thisTrialN': 1, 'thisRepN': 0}>
2026-08-25_09:43:54.369251 	EXP 	fix_cross_2: autoDraw = False
2026-08-25_09:43:54.369251 	EXP 	fix_cross_2: autoDraw = False
2026-08-25_09:43:54.369251 	EXP 	breaks_instruction: height = 0.025
2026-08-25_09:43:54.369251 	EXP 	breaks_instruction: height = 0.025
2026-08-25_09:43:54.369251 	EXP 	breaks_instruction: height = 0.025
2026-08-25_09:43:54.369251 	EXP 	breaks_instruction: text = 'Pause, die Aufgabe geht gleich weiter.\nEs sind noch 9 Blöcke übrig.'
2026-08-25_09:43:54.369251 	EXP 	instruction_continuebreak: height = 0.025
2026-08-25_09:43:54.369251 	EXP 	instruction_continuebreak: height = 0.025
2026-08-25_09:43:54.369251 	EXP 	instruction_continuebreak: height = 0.025
2026-08-25_09:43:54.369251 	EXP 	instruction_continuebreak: text = 'Die Pause ist vorbei.\nBitte drücken Sie eine beliebige Taste,\nsobald sie bereit sind, weiterzumachen.'
2026-08-25_09:43:54.369251 	EXP 	breaks_instruction: autoDraw = False
2026-08-25_09:43:54.369251 	EXP 	progress_bar_breaks: autoDraw = False
2026-08-25_09:43:54.369251 	EXP 	instruction_continuebreak: autoDraw = False
2026-08-25_09:43:54.369251 	EXP 	image: image = 'stimuli/bottle\\bottle_02.png'
2026-08-25_09:43:54.369251 	EXP 	image: autoDraw = True
2026-08-25_09:43:55.138127 	EXP 	spoken_word: sampleRate = 24000
2026-08-25_09:43:55.139789 	INFO 	Resampled audio from 24000Hz to 48000Hz using method 'default'.
2026-08-25_09:43:55.139805 	DEBUG 	Converted audio clip from mono to stereo
2026-08-25_09:43:55.140374 	EXP 	Sound spoken_word reached end of file
59.0646 	EXP 	Playing sound spoken_word on speaker Lautsprecher (Realtek(R) Audio)
2026-08-25_09:43:55.147727 	INFO 	Keyboard events cleared
2026-08-25_09:43:55.147554 	EXP 	image: autoDraw = False
2026-08-25_09:43:55.147554 	EXP 	image: autoDraw = False
2026-08-25_09:43:55.147554 	EXP 	fix_cross: foreColor = <psychopy.colors.Color: white, alpha=1.0>
2026-08-25_09:43:55.147554 	EXP 	fix_cross: autoDraw = True
2026-08-25_09:43:56.072136 	EXP 	Sound spoken_word reached end of file
2026-08-25_09:43:56.084770 	EXP 	Sound spoken_word reached end of file
2026-08-25_09:43:56.648933 	EXP 	fix_cross: autoDraw = False
2026-08-25_09:43:56.648933 	EXP 	fix_cross_2: autoDraw = True
2026-08-25_09:43:57.622631 	EXP 	New trial (rep=0, index=2): <Trial 2 (2 in rep 0) data={'block': 1, 'trial_in_block': 3, 'trial_type': 'localizer', 'is_buffer': 0, 'show_word': 1, 'concept': 'bus', 'concept_num': 7, 'concept_num_word': 7, 'exemplar_num': 9, 'image_shown': 'bus\\bus_09.png', 'word_shown_english': 'bus', 'word_shown_german': 'Bus', 'is_prompt': 1, 'is_mismatch': 0, 'ITI_length': 0.78, 'correct_response': None, 'nonmatch_pres_side': None, 'source_sequence': None, 'source_sequence_position': None, 'thisN': 2, 'thisTrialN': 2, 'thisRepN': 0}>
2026-08-25_09:43:57.720387 	EXP 	fix_cross_2: autoDraw = False
2026-08-25_09:43:57.720387 	EXP 	fix_cross_2: autoDraw = False
2026-08-25_09:43:57.720387 	EXP 	breaks_instruction: text = 'Pause, die Aufgabe geht gleich weiter.\nEs sind noch 9 Blöcke übrig.'
2026-08-25_09:43:57.720387 	EXP 	instruction_continuebreak: text = 'Die Pause ist vorbei.\nBitte drücken Sie eine beliebige Taste,\nsobald sie bereit sind, weiterzumachen.'
2026-08-25_09:43:57.720387 	EXP 	breaks_instruction: autoDraw = False
2026-08-25_09:43:57.720387 	EXP 	progress_bar_breaks: autoDraw = False
2026-08-25_09:43:57.720387 	EXP 	instruction_continuebreak: autoDraw = False
2026-08-25_09:43:57.720387 	EXP 	image: image = 'stimuli/bus\\bus_09.png'
2026-08-25_09:43:57.720387 	EXP 	image: autoDraw = True
2026-08-25_09:43:58.469250 	EXP 	spoken_word: sampleRate = 24000
2026-08-25_09:43:58.470548 	INFO 	Resampled audio from 24000Hz to 48000Hz using method 'default'.
2026-08-25_09:43:58.470562 	DEBUG 	Converted audio clip from mono to stereo
2026-08-25_09:43:58.471032 	EXP 	Sound spoken_word reached end of file
62.3965 	EXP 	Playing sound spoken_word on speaker Lautsprecher (Realtek(R) Audio)
2026-08-25_09:43:58.482377 	INFO 	Keyboard events cleared
2026-08-25_09:43:58.482196 	EXP 	image: autoDraw = False
2026-08-25_09:43:58.482196 	EXP 	image: autoDraw = False
2026-08-25_09:43:58.482196 	EXP 	fix_cross: foreColor = <psychopy.colors.Color: white, alpha=1.0>
2026-08-25_09:43:58.482196 	EXP 	fix_cross: autoDraw = True
2026-08-25_09:43:59.301545 	EXP 	Sound spoken_word reached end of file
2026-08-25_09:43:59.317369 	EXP 	Sound spoken_word reached end of file
2026-08-25_09:43:59.999144 	EXP 	fix_cross: autoDraw = False
2026-08-25_09:43:59.999144 	EXP 	fix_cross_2: autoDraw = True
2026-08-25_09:44:00.617701 	DATA 	Mouse: Left button down, pos=(720,295)
2026-08-25_09:44:00.717724 	DATA 	Mouse:  Left button up, pos=(720,295)
2026-08-25_09:44:00.767848 	EXP 	New trial (rep=0, index=3): <Trial 3 (3 in rep 0) data={'block': 1, 'trial_in_block': 4, 'trial_type': 'localizer', 'is_buffer': 0, 'show_word': 1, 'concept': 'bottle', 'concept_num': 2, 'concept_num_word': 2, 'exemplar_num': 8, 'image_shown': 'bottle\\bottle_08.png', 'word_shown_english': 'bottle', 'word_shown_german': 'Flasche', 'is_prompt': 1, 'is_mismatch': 0, 'ITI_length': 0.96, 'correct_response': None, 'nonmatch_pres_side': None, 'source_sequence': None, 'source_sequence_position': None, 'thisN': 3, 'thisTrialN': 3, 'thisRepN': 0}>
2026-08-25_09:44:00.800234 	EXP 	fix_cross_2: autoDraw = False
2026-08-25_09:44:00.800234 	EXP 	fix_cross_2: autoDraw = False
2026-08-25_09:44:00.800234 	EXP 	breaks_instruction: text = 'Pause, die Aufgabe geht gleich weiter.\nEs sind noch 9 Blöcke übrig.'
2026-08-25_09:44:00.800234 	EXP 	instruction_continuebreak: text = 'Die Pause ist vorbei.\nBitte drücken Sie eine beliebige Taste,\nsobald sie bereit sind, weiterzumachen.'
2026-08-25_09:44:00.800234 	EXP 	breaks_instruction: autoDraw = False
2026-08-25_09:44:00.800234 	EXP 	progress_bar_breaks: autoDraw = False
2026-08-25_09:44:00.800234 	EXP 	instruction_continuebreak: autoDraw = False
2026-08-25_09:44:00.800234 	EXP 	image: image = 'stimuli/bottle\\bottle_08.png'
2026-08-25_09:44:00.800234 	EXP 	image: autoDraw = True
2026-08-25_09:44:01.551549 	EXP 	spoken_word: sampleRate = 24000
2026-08-25_09:44:01.552988 	INFO 	Resampled audio from 24000Hz to 48000Hz using method 'default'.
2026-08-25_09:44:01.553002 	DEBUG 	Converted audio clip from mono to stereo
2026-08-25_09:44:01.553498 	EXP 	Sound spoken_word reached end of file
65.4787 	EXP 	Playing sound spoken_word on speaker Lautsprecher (Realtek(R) Audio)
2026-08-25_09:44:01.564490 	INFO 	Keyboard events cleared
2026-08-25_09:44:01.564306 	EXP 	image: autoDraw = False
2026-08-25_09:44:01.564306 	EXP 	image: autoDraw = False
2026-08-25_09:44:01.564306 	EXP 	fix_cross: foreColor = <psychopy.colors.Color: white, alpha=1.0>
2026-08-25_09:44:01.564306 	EXP 	fix_cross: autoDraw = True
2026-08-25_09:44:02.479221 	EXP 	Sound spoken_word reached end of file
2026-08-25_09:44:02.497645 	EXP 	Sound spoken_word reached end of file
2026-08-25_09:44:03.081870 	EXP 	fix_cross: autoDraw = False
2026-08-25_09:44:03.081870 	EXP 	fix_cross_2: autoDraw = True
2026-08-25_09:44:04.032631 	EXP 	New trial (rep=0, index=4): <Trial 4 (4 in rep 0) data={'block': 1, 'trial_in_block': 5, 'trial_type': 'localizer', 'is_buffer': 0, 'show_word': 1, 'concept': 'suit', 'concept_num': 1, 'concept_num_word': 1, 'exemplar_num': 6, 'image_shown': 'suit\\suit_06.png', 'word_shown_english': 'suit', 'word_shown_german': 'Anzug', 'is_prompt': 1, 'is_mismatch': 0, 'ITI_length': 1.19, 'correct_response': None, 'nonmatch_pres_side': None, 'source_sequence': None, 'source_sequence_position': None, 'thisN': 4, 'thisTrialN': 4, 'thisRepN': 0}>
2026-08-25_09:44:04.100258 	EXP 	fix_cross_2: autoDraw = False
2026-08-25_09:44:04.100258 	EXP 	fix_cross_2: autoDraw = False
2026-08-25_09:44:04.100258 	EXP 	breaks_instruction: text = 'Pause, die Aufgabe geht gleich weiter.\nEs sind noch 9 Blöcke übrig.'
2026-08-25_09:44:04.100258 	EXP 	instruction_continuebreak: text = 'Die Pause ist vorbei.\nBitte drücken Sie eine beliebige Taste,\nsobald sie bereit sind, weiterzumachen.'
2026-08-25_09:44:04.100258 	EXP 	breaks_instruction: autoDraw = False
2026-08-25_09:44:04.100258 	EXP 	progress_bar_breaks: autoDraw = False
2026-08-25_09:44:04.100258 	EXP 	instruction_continuebreak: autoDraw = False
2026-08-25_09:44:04.100258 	EXP 	image: image = 'stimuli/suit\\suit_06.png'
2026-08-25_09:44:04.100258 	EXP 	image: autoDraw = True
2026-08-25_09:44:04.852030 	EXP 	spoken_word: sampleRate = 24000
2026-08-25_09:44:04.853725 	INFO 	Resampled audio from 24000Hz to 48000Hz using method 'default'.
2026-08-25_09:44:04.853742 	DEBUG 	Converted audio clip from mono to stereo
2026-08-25_09:44:04.854506 	EXP 	Sound spoken_word reached end of file
68.7783 	EXP 	Playing sound spoken_word on speaker Lautsprecher (Realtek(R) Audio)
2026-08-25_09:44:04.863564 	INFO 	Keyboard events cleared
2026-08-25_09:44:04.863337 	EXP 	image: autoDraw = False
2026-08-25_09:44:04.863337 	EXP 	image: autoDraw = False
2026-08-25_09:44:04.863337 	EXP 	fix_cross: foreColor = <psychopy.colors.Color: white, alpha=1.0>
2026-08-25_09:44:04.863337 	EXP 	fix_cross: autoDraw = True
2026-08-25_09:44:05.835683 	EXP 	Sound spoken_word reached end of file
2026-08-25_09:44:05.846538 	EXP 	Sound spoken_word reached end of file
2026-08-25_09:44:06.379168 	EXP 	fix_cross: autoDraw = False
2026-08-25_09:44:06.379168 	EXP 	fix_cross_2: autoDraw = True
2026-08-25_09:44:07.565906 	EXP 	New trial (rep=0, index=5): <Trial 5 (5 in rep 0) data={'block': 1, 'trial_in_block': 6, 'trial_type': 'localizer', 'is_buffer': 0, 'show_word': 1, 'concept': 'fan', 'concept_num': 4, 'concept_num_word': 4, 'exemplar_num': 8, 'image_shown': 'fan\\fan_08.png', 'word_shown_english': 'fan', 'word_shown_german': 'Ventilator', 'is_prompt': 1, 'is_mismatch': 0, 'ITI_length': 0.89, 'correct_response': None, 'nonmatch_pres_side': None, 'source_sequence': None, 'source_sequence_position': None, 'thisN': 5, 'thisTrialN': 5, 'thisRepN': 0}>
2026-08-25_09:44:07.631078 	EXP 	fix_cross_2: autoDraw = False
2026-08-25_09:44:07.631078 	EXP 	fix_cross_2: autoDraw = False
2026-08-25_09:44:07.631078 	EXP 	breaks_instruction: text = 'Pause, die Aufgabe geht gleich weiter.\nEs sind noch 9 Blöcke übrig.'
2026-08-25_09:44:07.631078 	EXP 	instruction_continuebreak: text = 'Die Pause ist vorbei.\nBitte drücken Sie eine beliebige Taste,\nsobald sie bereit sind, weiterzumachen.'
2026-08-25_09:44:07.631078 	EXP 	breaks_instruction: autoDraw = False
2026-08-25_09:44:07.631078 	EXP 	progress_bar_breaks: autoDraw = False
2026-08-25_09:44:07.631078 	EXP 	instruction_continuebreak: autoDraw = False
2026-08-25_09:44:07.631078 	EXP 	image: image = 'stimuli/fan\\fan_08.png'
2026-08-25_09:44:07.631078 	EXP 	image: autoDraw = True
2026-08-25_09:44:08.385141 	EXP 	spoken_word: sampleRate = 24000
2026-08-25_09:44:08.388124 	INFO 	Resampled audio from 24000Hz to 48000Hz using method 'default'.
2026-08-25_09:44:08.388142 	DEBUG 	Converted audio clip from mono to stereo
2026-08-25_09:44:08.388800 	EXP 	Sound spoken_word reached end of file
72.3104 	EXP 	Playing sound spoken_word on speaker Lautsprecher (Realtek(R) Audio)
2026-08-25_09:44:08.409919 	INFO 	Keyboard events cleared
2026-08-25_09:44:08.409719 	EXP 	image: autoDraw = False
2026-08-25_09:44:08.409719 	EXP 	image: autoDraw = False
2026-08-25_09:44:08.409719 	EXP 	fix_cross: foreColor = <psychopy.colors.Color: white, alpha=1.0>
2026-08-25_09:44:08.409719 	EXP 	fix_cross: autoDraw = True
2026-08-25_09:44:09.438914 	EXP 	Sound spoken_word reached end of file
2026-08-25_09:44:09.461924 	EXP 	Sound spoken_word reached end of file
2026-08-25_09:44:09.912922 	EXP 	fix_cross: autoDraw = False
2026-08-25_09:44:09.912922 	EXP 	fix_cross_2: autoDraw = True
2026-08-25_09:44:10.798022 	EXP 	New trial (rep=0, index=6): <Trial 6 (6 in rep 0) data={'block': 1, 'trial_in_block': 7, 'trial_type': 'localizer', 'is_buffer': 0, 'show_word': 1, 'concept': 'roll', 'concept_num': 6, 'concept_num_word': 6, 'exemplar_num': 1, 'image_shown': 'roll\\roll_01.png', 'word_shown_english': 'roll', 'word_shown_german': 'Brötchen', 'is_prompt': 1, 'is_mismatch': 0, 'ITI_length': 0.95, 'correct_response': None, 'nonmatch_pres_side': None, 'source_sequence': None, 'source_sequence_position': None, 'thisN': 6, 'thisTrialN': 6, 'thisRepN': 0}>
2026-08-25_09:44:10.829294 	EXP 	fix_cross_2: autoDraw = False
2026-08-25_09:44:10.829294 	EXP 	fix_cross_2: autoDraw = False
2026-08-25_09:44:10.829294 	EXP 	breaks_instruction: text = 'Pause, die Aufgabe geht gleich weiter.\nEs sind noch 9 Blöcke übrig.'
2026-08-25_09:44:10.829294 	EXP 	instruction_continuebreak: text = 'Die Pause ist vorbei.\nBitte drücken Sie eine beliebige Taste,\nsobald sie bereit sind, weiterzumachen.'
2026-08-25_09:44:10.829294 	EXP 	breaks_instruction: autoDraw = False
2026-08-25_09:44:10.829294 	EXP 	progress_bar_breaks: autoDraw = False
2026-08-25_09:44:10.829294 	EXP 	instruction_continuebreak: autoDraw = False
2026-08-25_09:44:10.829294 	EXP 	image: image = 'stimuli/roll\\roll_01.png'
2026-08-25_09:44:10.829294 	EXP 	image: autoDraw = True
2026-08-25_09:44:11.583439 	EXP 	spoken_word: sampleRate = 24000
2026-08-25_09:44:11.584986 	INFO 	Resampled audio from 24000Hz to 48000Hz using method 'default'.
2026-08-25_09:44:11.585001 	DEBUG 	Converted audio clip from mono to stereo
2026-08-25_09:44:11.585593 	EXP 	Sound spoken_word reached end of file
75.5093 	EXP 	Playing sound spoken_word on speaker Lautsprecher (Realtek(R) Audio)
2026-08-25_09:44:11.594729 	INFO 	Keyboard events cleared
2026-08-25_09:44:11.594551 	EXP 	image: autoDraw = False
2026-08-25_09:44:11.594551 	EXP 	image: autoDraw = False
2026-08-25_09:44:11.594551 	EXP 	fix_cross: foreColor = <psychopy.colors.Color: white, alpha=1.0>
2026-08-25_09:44:11.594551 	EXP 	fix_cross: autoDraw = True
2026-08-25_09:44:12.568018 	EXP 	Sound spoken_word reached end of file
2026-08-25_09:44:12.577350 	EXP 	Sound spoken_word reached end of file
2026-08-25_09:44:13.111195 	EXP 	fix_cross: autoDraw = False
2026-08-25_09:44:13.111195 	EXP 	fix_cross_2: autoDraw = True
2026-08-25_09:44:14.048460 	EXP 	New trial (rep=0, index=7): <Trial 7 (7 in rep 0) data={'block': 1, 'trial_in_block': 8, 'trial_type': 'localizer', 'is_buffer': 0, 'show_word': 1, 'concept': 'suit', 'concept_num': 1, 'concept_num_word': 3, 'exemplar_num': 9, 'image_shown': 'suit\\suit_09.png', 'word_shown_english': 'watch', 'word_shown_german': 'Uhr', 'is_prompt': 1, 'is_mismatch': 1, 'ITI_length': 0.75, 'correct_response': 'r', 'nonmatch_pres_side': 'left', 'source_sequence': None, 'source_sequence_position': None, 'thisN': 7, 'thisTrialN': 7, 'thisRepN': 0}>
2026-08-25_09:44:14.131658 	EXP 	fix_cross_2: autoDraw = False
2026-08-25_09:44:14.131658 	EXP 	fix_cross_2: autoDraw = False
2026-08-25_09:44:14.131658 	EXP 	breaks_instruction: text = 'Pause, die Aufgabe geht gleich weiter.\nEs sind noch 9 Blöcke übrig.'
2026-08-25_09:44:14.131658 	EXP 	instruction_continuebreak: text = 'Die Pause ist vorbei.\nBitte drücken Sie eine beliebige Taste,\nsobald sie bereit sind, weiterzumachen.'
2026-08-25_09:44:14.131658 	EXP 	breaks_instruction: autoDraw = False
2026-08-25_09:44:14.131658 	EXP 	progress_bar_breaks: autoDraw = False
2026-08-25_09:44:14.131658 	EXP 	instruction_continuebreak: autoDraw = False
2026-08-25_09:44:14.131658 	EXP 	image: image = 'stimuli/suit\\suit_09.png'
2026-08-25_09:44:14.131658 	EXP 	image: autoDraw = True
2026-08-25_09:44:14.880451 	EXP 	spoken_word: sampleRate = 24000
2026-08-25_09:44:14.882565 	INFO 	Resampled audio from 24000Hz to 48000Hz using method 'default'.
2026-08-25_09:44:14.882600 	DEBUG 	Converted audio clip from mono to stereo
2026-08-25_09:44:14.883608 	EXP 	Sound spoken_word reached end of file
78.8054 	EXP 	Playing sound spoken_word on speaker Lautsprecher (Realtek(R) Audio)
2026-08-25_09:44:14.892764 	INFO 	Keyboard events cleared
2026-08-25_09:44:14.892494 	EXP 	image: autoDraw = False
2026-08-25_09:44:14.892494 	EXP 	image: autoDraw = False
2026-08-25_09:44:14.892494 	EXP 	fix_cross: foreColor = <psychopy.colors.Color: white, alpha=1.0>
2026-08-25_09:44:14.892494 	EXP 	fix_cross: autoDraw = True
2026-08-25_09:44:15.624812 	EXP 	Sound spoken_word reached end of file
2026-08-25_09:44:15.646745 	EXP 	Sound spoken_word reached end of file
2026-08-25_09:44:16.407817 	EXP 	fix_cross: foreColor = <psychopy.colors.Color: red, alpha=1.0>
2026-08-25_09:44:16.607750 	EXP 	fix_cross: autoDraw = False
2026-08-25_09:44:16.607750 	EXP 	fix_cross_2: autoDraw = True
2026-08-25_09:44:17.344081 	EXP 	New trial (rep=0, index=8): <Trial 8 (8 in rep 0) data={'block': 1, 'trial_in_block': 9, 'trial_type': 'localizer', 'is_buffer': 0, 'show_word': 1, 'concept': 'bell', 'concept_num': 5, 'concept_num_word': 5, 'exemplar_num': 4, 'image_shown': 'bell\\bell_04.png', 'word_shown_english': 'bell', 'word_shown_german': 'Glocke', 'is_prompt': 1, 'is_mismatch': 0, 'ITI_length': 0.9, 'correct_response': None, 'nonmatch_pres_side': None, 'source_sequence': None, 'source_sequence_position': None, 'thisN': 8, 'thisTrialN': 8, 'thisRepN': 0}>
2026-08-25_09:44:17.410613 	EXP 	fix_cross_2: autoDraw = False
2026-08-25_09:44:17.410613 	EXP 	fix_cross_2: autoDraw = False
2026-08-25_09:44:17.410613 	EXP 	breaks_instruction: text = 'Pause, die Aufgabe geht gleich weiter.\nEs sind noch 9 Blöcke übrig.'
2026-08-25_09:44:17.410613 	EXP 	instruction_continuebreak: text = 'Die Pause ist vorbei.\nBitte drücken Sie eine beliebige Taste,\nsobald sie bereit sind, weiterzumachen.'
2026-08-25_09:44:17.410613 	EXP 	breaks_instruction: autoDraw = False
2026-08-25_09:44:17.410613 	EXP 	progress_bar_breaks: autoDraw = False
2026-08-25_09:44:17.410613 	EXP 	instruction_continuebreak: autoDraw = False
2026-08-25_09:44:17.410613 	EXP 	image: image = 'stimuli/bell\\bell_04.png'
2026-08-25_09:44:17.410613 	EXP 	image: autoDraw = True
2026-08-25_09:44:18.162330 	EXP 	spoken_word: sampleRate = 24000
2026-08-25_09:44:18.165344 	INFO 	Resampled audio from 24000Hz to 48000Hz using method 'default'.
2026-08-25_09:44:18.165380 	DEBUG 	Converted audio clip from mono to stereo
2026-08-25_09:44:18.166214 	EXP 	Sound spoken_word reached end of file
82.0875 	EXP 	Playing sound spoken_word on speaker Lautsprecher (Realtek(R) Audio)
2026-08-25_09:44:18.174089 	INFO 	Keyboard events cleared
2026-08-25_09:44:18.173860 	EXP 	image: autoDraw = False
2026-08-25_09:44:18.173860 	EXP 	image: autoDraw = False
2026-08-25_09:44:18.173860 	EXP 	fix_cross: foreColor = <psychopy.colors.Color: white, alpha=1.0>
2026-08-25_09:44:18.173860 	EXP 	fix_cross: autoDraw = True
2026-08-25_09:44:19.039227 	EXP 	Sound spoken_word reached end of file
2026-08-25_09:44:19.059660 	EXP 	Sound spoken_word reached end of file
2026-08-25_09:44:19.691239 	EXP 	fix_cross: autoDraw = False
2026-08-25_09:44:19.691239 	EXP 	fix_cross_2: autoDraw = True
2026-08-25_09:44:20.579481 	EXP 	New trial (rep=0, index=9): <Trial 9 (9 in rep 0) data={'block': 1, 'trial_in_block': 10, 'trial_type': 'localizer', 'is_buffer': 0, 'show_word': 1, 'concept': 'watch', 'concept_num': 3, 'concept_num_word': 3, 'exemplar_num': 2, 'image_shown': 'watch\\watch_02.png', 'word_shown_english': 'watch', 'word_shown_german': 'Uhr', 'is_prompt': 1, 'is_mismatch': 0, 'ITI_length': 0.83, 'correct_response': None, 'nonmatch_pres_side': None, 'source_sequence': None, 'source_sequence_position': None, 'thisN': 9, 'thisTrialN': 9, 'thisRepN': 0}>
2026-08-25_09:44:20.693794 	EXP 	fix_cross_2: autoDraw = False
2026-08-25_09:44:20.693794 	EXP 	fix_cross_2: autoDraw = False
2026-08-25_09:44:20.693794 	EXP 	breaks_instruction: text = 'Pause, die Aufgabe geht gleich weiter.\nEs sind noch 9 Blöcke übrig.'
2026-08-25_09:44:20.693794 	EXP 	instruction_continuebreak: text = 'Die Pause ist vorbei.\nBitte drücken Sie eine beliebige Taste,\nsobald sie bereit sind, weiterzumachen.'
2026-08-25_09:44:20.693794 	EXP 	breaks_instruction: autoDraw = False
2026-08-25_09:44:20.693794 	EXP 	progress_bar_breaks: autoDraw = False
2026-08-25_09:44:20.693794 	EXP 	instruction_continuebreak: autoDraw = False
2026-08-25_09:44:20.693794 	EXP 	image: image = 'stimuli/watch\\watch_02.png'
2026-08-25_09:44:20.693794 	EXP 	image: autoDraw = True
2026-08-25_09:44:21.445004 	EXP 	spoken_word: sampleRate = 24000
2026-08-25_09:44:21.446914 	INFO 	Resampled audio from 24000Hz to 48000Hz using method 'default'.
2026-08-25_09:44:21.446944 	DEBUG 	Converted audio clip from mono to stereo
2026-08-25_09:44:21.448007 	EXP 	Sound spoken_word reached end of file
85.3702 	EXP 	Playing sound spoken_word on speaker Lautsprecher (Realtek(R) Audio)
2026-08-25_09:44:21.456962 	INFO 	Keyboard events cleared
2026-08-25_09:44:21.456720 	EXP 	image: autoDraw = False
2026-08-25_09:44:21.456720 	EXP 	image: autoDraw = False
2026-08-25_09:44:21.456720 	EXP 	fix_cross: foreColor = <psychopy.colors.Color: white, alpha=1.0>
2026-08-25_09:44:21.456720 	EXP 	fix_cross: autoDraw = True
2026-08-25_09:44:22.184566 	EXP 	Sound spoken_word reached end of file
2026-08-25_09:44:22.210193 	EXP 	Sound spoken_word reached end of file
2026-08-25_09:44:22.973111 	EXP 	fix_cross: autoDraw = False
2026-08-25_09:44:22.973111 	EXP 	fix_cross_2: autoDraw = True
2026-08-25_09:44:23.791631 	EXP 	New trial (rep=0, index=10): <Trial 10 (10 in rep 0) data={'block': 1, 'trial_in_block': 11, 'trial_type': 'localizer', 'is_buffer': 0, 'show_word': 1, 'concept': 'fan', 'concept_num': 4, 'concept_num_word': 4, 'exemplar_num': 7, 'image_shown': 'fan\\fan_07.png', 'word_shown_english': 'fan', 'word_shown_german': 'Ventilator', 'is_prompt': 1, 'is_mismatch': 0, 'ITI_length': 1.06, 'correct_response': None, 'nonmatch_pres_side': None, 'source_sequence': None, 'source_sequence_position': None, 'thisN': 10, 'thisTrialN': 10, 'thisRepN': 0}>
2026-08-25_09:44:23.824428 	EXP 	fix_cross_2: autoDraw = False
2026-08-25_09:44:23.824428 	EXP 	fix_cross_2: autoDraw = False
2026-08-25_09:44:23.824428 	EXP 	breaks_instruction: text = 'Pause, die Aufgabe geht gleich weiter.\nEs sind noch 9 Blöcke übrig.'
2026-08-25_09:44:23.824428 	EXP 	instruction_continuebreak: text = 'Die Pause ist vorbei.\nBitte drücken Sie eine beliebige Taste,\nsobald sie bereit sind, weiterzumachen.'
2026-08-25_09:44:23.824428 	EXP 	breaks_instruction: autoDraw = False
2026-08-25_09:44:23.824428 	EXP 	progress_bar_breaks: autoDraw = False
2026-08-25_09:44:23.824428 	EXP 	instruction_continuebreak: autoDraw = False
2026-08-25_09:44:23.824428 	EXP 	image: image = 'stimuli/fan\\fan_07.png'
2026-08-25_09:44:23.824428 	EXP 	image: autoDraw = True
2026-08-25_09:44:24.575239 	EXP 	spoken_word: sampleRate = 24000
2026-08-25_09:44:24.577367 	INFO 	Resampled audio from 24000Hz to 48000Hz using method 'default'.
2026-08-25_09:44:24.577388 	DEBUG 	Converted audio clip from mono to stereo
2026-08-25_09:44:24.578092 	EXP 	Sound spoken_word reached end of file
88.5020 	EXP 	Playing sound spoken_word on speaker Lautsprecher (Realtek(R) Audio)
2026-08-25_09:44:24.588619 	INFO 	Keyboard events cleared
2026-08-25_09:44:24.588405 	EXP 	image: autoDraw = False
2026-08-25_09:44:24.588405 	EXP 	image: autoDraw = False
2026-08-25_09:44:24.588405 	EXP 	fix_cross: foreColor = <psychopy.colors.Color: white, alpha=1.0>
2026-08-25_09:44:24.588405 	EXP 	fix_cross: autoDraw = True
2026-08-25_09:44:25.622000 	EXP 	Sound spoken_word reached end of file
2026-08-25_09:44:25.640001 	EXP 	Sound spoken_word reached end of file
2026-08-25_09:44:26.104503 	EXP 	fix_cross: autoDraw = False
2026-08-25_09:44:26.104503 	EXP 	fix_cross_2: autoDraw = True
2026-08-25_09:44:27.156314 	EXP 	New trial (rep=0, index=11): <Trial 11 (11 in rep 0) data={'block': 1, 'trial_in_block': 12, 'trial_type': 'localizer', 'is_buffer': 0, 'show_word': 1, 'concept': 'saw', 'concept_num': 9, 'concept_num_word': 6, 'exemplar_num': 3, 'image_shown': 'saw\\saw_03.png', 'word_shown_english': 'roll', 'word_shown_german': 'Brötchen', 'is_prompt': 1, 'is_mismatch': 1, 'ITI_length': 1.13, 'correct_response': 'r', 'nonmatch_pres_side': 'left', 'source_sequence': None, 'source_sequence_position': None, 'thisN': 11, 'thisTrialN': 11, 'thisRepN': 0}>
2026-08-25_09:44:27.242522 	EXP 	fix_cross_2: autoDraw = False
2026-08-25_09:44:27.242522 	EXP 	fix_cross_2: autoDraw = False
2026-08-25_09:44:27.242522 	EXP 	breaks_instruction: text = 'Pause, die Aufgabe geht gleich weiter.\nEs sind noch 9 Blöcke übrig.'
2026-08-25_09:44:27.242522 	EXP 	instruction_continuebreak: text = 'Die Pause ist vorbei.\nBitte drücken Sie eine beliebige Taste,\nsobald sie bereit sind, weiterzumachen.'
2026-08-25_09:44:27.242522 	EXP 	breaks_instruction: autoDraw = False
2026-08-25_09:44:27.242522 	EXP 	progress_bar_breaks: autoDraw = False
2026-08-25_09:44:27.242522 	EXP 	instruction_continuebreak: autoDraw = False
2026-08-25_09:44:27.242522 	EXP 	image: image = 'stimuli/saw\\saw_03.png'
2026-08-25_09:44:27.242522 	EXP 	image: autoDraw = True
2026-08-25_09:44:27.994375 	EXP 	spoken_word: sampleRate = 24000
2026-08-25_09:44:27.996946 	INFO 	Resampled audio from 24000Hz to 48000Hz using method 'default'.
2026-08-25_09:44:27.996985 	DEBUG 	Converted audio clip from mono to stereo
2026-08-25_09:44:27.998358 	EXP 	Sound spoken_word reached end of file
91.9186 	EXP 	Playing sound spoken_word on speaker Lautsprecher (Realtek(R) Audio)
2026-08-25_09:44:28.020735 	INFO 	Keyboard events cleared
2026-08-25_09:44:28.020480 	EXP 	image: autoDraw = False
2026-08-25_09:44:28.020480 	EXP 	image: autoDraw = False
2026-08-25_09:44:28.020480 	EXP 	fix_cross: foreColor = <psychopy.colors.Color: white, alpha=1.0>
2026-08-25_09:44:28.020480 	EXP 	fix_cross: autoDraw = True
2026-08-25_09:44:28.970128 	EXP 	Sound spoken_word reached end of file
2026-08-25_09:44:28.988950 	EXP 	Sound spoken_word reached end of file
2026-08-25_09:44:29.520216 	EXP 	fix_cross: foreColor = <psychopy.colors.Color: red, alpha=1.0>
2026-08-25_09:44:29.736711 	EXP 	fix_cross: autoDraw = False
2026-08-25_09:44:29.736711 	EXP 	fix_cross_2: autoDraw = True
2026-08-25_09:44:30.855453 	EXP 	New trial (rep=0, index=12): <Trial 12 (12 in rep 0) data={'block': 1, 'trial_in_block': 13, 'trial_type': 'localizer', 'is_buffer': 0, 'show_word': 1, 'concept': 'ball', 'concept_num': 8, 'concept_num_word': 8, 'exemplar_num': 3, 'image_shown': 'ball\\ball_03.png', 'word_shown_english': 'ball', 'word_shown_german': 'Ball', 'is_prompt': 1, 'is_mismatch': 0, 'ITI_length': 1.02, 'correct_response': None, 'nonmatch_pres_side': None, 'source_sequence': None, 'source_sequence_position': None, 'thisN': 12, 'thisTrialN': 12, 'thisRepN': 0}>
2026-08-25_09:44:30.923148 	EXP 	fix_cross_2: autoDraw = False
2026-08-25_09:44:30.923148 	EXP 	fix_cross_2: autoDraw = False
2026-08-25_09:44:30.923148 	EXP 	breaks_instruction: text = 'Pause, die Aufgabe geht gleich weiter.\nEs sind noch 9 Blöcke übrig.'
2026-08-25_09:44:30.923148 	EXP 	instruction_continuebreak: text = 'Die Pause ist vorbei.\nBitte drücken Sie eine beliebige Taste,\nsobald sie bereit sind, weiterzumachen.'
2026-08-25_09:44:30.923148 	EXP 	breaks_instruction: autoDraw = False
2026-08-25_09:44:30.923148 	EXP 	progress_bar_breaks: autoDraw = False
2026-08-25_09:44:30.923148 	EXP 	instruction_continuebreak: autoDraw = False
2026-08-25_09:44:30.923148 	EXP 	image: image = 'stimuli/ball\\ball_03.png'
2026-08-25_09:44:30.923148 	EXP 	image: autoDraw = True
2026-08-25_09:44:31.674047 	EXP 	spoken_word: sampleRate = 24000
2026-08-25_09:44:31.675733 	INFO 	Resampled audio from 24000Hz to 48000Hz using method 'default'.
2026-08-25_09:44:31.675750 	DEBUG 	Converted audio clip from mono to stereo
2026-08-25_09:44:31.676275 	EXP 	Sound spoken_word reached end of file
95.5999 	EXP 	Playing sound spoken_word on speaker Lautsprecher (Realtek(R) Audio)
2026-08-25_09:44:31.686476 	INFO 	Keyboard events cleared
2026-08-25_09:44:31.686274 	EXP 	image: autoDraw = False
2026-08-25_09:44:31.686274 	EXP 	image: autoDraw = False
2026-08-25_09:44:31.686274 	EXP 	fix_cross: foreColor = <psychopy.colors.Color: white, alpha=1.0>
2026-08-25_09:44:31.686274 	EXP 	fix_cross: autoDraw = True
2026-08-25_09:44:32.438914 	EXP 	Sound spoken_word reached end of file
2026-08-25_09:44:32.454503 	EXP 	Sound spoken_word reached end of file
2026-08-25_09:44:33.202252 	EXP 	fix_cross: autoDraw = False
2026-08-25_09:44:33.202252 	EXP 	fix_cross_2: autoDraw = True
2026-08-25_09:44:34.220970 	EXP 	New trial (rep=0, index=13): <Trial 13 (13 in rep 0) data={'block': 1, 'trial_in_block': 14, 'trial_type': 'localizer', 'is_buffer': 0, 'show_word': 1, 'concept': 'watch', 'concept_num': 3, 'concept_num_word': 3, 'exemplar_num': 3, 'image_shown': 'watch\\watch_03.png', 'word_shown_english': 'watch', 'word_shown_german': 'Uhr', 'is_prompt': 1, 'is_mismatch': 0, 'ITI_length': 0.86, 'correct_response': None, 'nonmatch_pres_side': None, 'source_sequence': None, 'source_sequence_position': None, 'thisN': 13, 'thisTrialN': 13, 'thisRepN': 0}>
2026-08-25_09:44:34.289440 	EXP 	fix_cross_2: autoDraw = False
2026-08-25_09:44:34.289440 	EXP 	fix_cross_2: autoDraw = False
2026-08-25_09:44:34.289440 	EXP 	breaks_instruction: text = 'Pause, die Aufgabe geht gleich weiter.\nEs sind noch 9 Blöcke übrig.'
2026-08-25_09:44:34.289440 	EXP 	instruction_continuebreak: text = 'Die Pause ist vorbei.\nBitte drücken Sie eine beliebige Taste,\nsobald sie bereit sind, weiterzumachen.'
2026-08-25_09:44:34.289440 	EXP 	breaks_instruction: autoDraw = False
2026-08-25_09:44:34.289440 	EXP 	progress_bar_breaks: autoDraw = False
2026-08-25_09:44:34.289440 	EXP 	instruction_continuebreak: autoDraw = False
2026-08-25_09:44:34.289440 	EXP 	image: image = 'stimuli/watch\\watch_03.png'
2026-08-25_09:44:34.289440 	EXP 	image: autoDraw = True
2026-08-25_09:44:35.038382 	EXP 	spoken_word: sampleRate = 24000
2026-08-25_09:44:35.039945 	INFO 	Resampled audio from 24000Hz to 48000Hz using method 'default'.
2026-08-25_09:44:35.039975 	DEBUG 	Converted audio clip from mono to stereo
2026-08-25_09:44:35.040626 	EXP 	Sound spoken_word reached end of file
98.9654 	EXP 	Playing sound spoken_word on speaker Lautsprecher (Realtek(R) Audio)
2026-08-25_09:44:35.051987 	INFO 	Keyboard events cleared
2026-08-25_09:44:35.051802 	EXP 	image: autoDraw = False
2026-08-25_09:44:35.051802 	EXP 	image: autoDraw = False
2026-08-25_09:44:35.051802 	EXP 	fix_cross: foreColor = <psychopy.colors.Color: white, alpha=1.0>
2026-08-25_09:44:35.051802 	EXP 	fix_cross: autoDraw = True
2026-08-25_09:44:35.770253 	EXP 	Sound spoken_word reached end of file
2026-08-25_09:44:35.787478 	EXP 	Sound spoken_word reached end of file
2026-08-25_09:44:36.554038 	EXP 	fix_cross: autoDraw = False
2026-08-25_09:44:36.554038 	EXP 	fix_cross_2: autoDraw = True
2026-08-25_09:44:37.403379 	EXP 	New trial (rep=0, index=14): <Trial 14 (14 in rep 0) data={'block': 1, 'trial_in_block': 15, 'trial_type': 'localizer', 'is_buffer': 0, 'show_word': 1, 'concept': 'bell', 'concept_num': 5, 'concept_num_word': 5, 'exemplar_num': 5, 'image_shown': 'bell\\bell_05.png', 'word_shown_english': 'bell', 'word_shown_german': 'Glocke', 'is_prompt': 1, 'is_mismatch': 0, 'ITI_length': 1.12, 'correct_response': None, 'nonmatch_pres_side': None, 'source_sequence': None, 'source_sequence_position': None, 'thisN': 14, 'thisTrialN': 14, 'thisRepN': 0}>
2026-08-25_09:44:37.471184 	EXP 	fix_cross_2: autoDraw = False
2026-08-25_09:44:37.471184 	EXP 	fix_cross_2: autoDraw = False
2026-08-25_09:44:37.471184 	EXP 	breaks_instruction: text = 'Pause, die Aufgabe geht gleich weiter.\nEs sind noch 9 Blöcke übrig.'
2026-08-25_09:44:37.471184 	EXP 	instruction_continuebreak: text = 'Die Pause ist vorbei.\nBitte drücken Sie eine beliebige Taste,\nsobald sie bereit sind, weiterzumachen.'
2026-08-25_09:44:37.471184 	EXP 	breaks_instruction: autoDraw = False
2026-08-25_09:44:37.471184 	EXP 	progress_bar_breaks: autoDraw = False
2026-08-25_09:44:37.471184 	EXP 	instruction_continuebreak: autoDraw = False
2026-08-25_09:44:37.471184 	EXP 	image: image = 'stimuli/bell\\bell_05.png'
2026-08-25_09:44:37.471184 	EXP 	image: autoDraw = True
2026-08-25_09:44:38.220741 	EXP 	spoken_word: sampleRate = 24000
2026-08-25_09:44:38.222104 	INFO 	Resampled audio from 24000Hz to 48000Hz using method 'default'.
2026-08-25_09:44:38.222118 	DEBUG 	Converted audio clip from mono to stereo
2026-08-25_09:44:38.222614 	EXP 	Sound spoken_word reached end of file
102.1477 	EXP 	Playing sound spoken_word on speaker Lautsprecher (Realtek(R) Audio)
2026-08-25_09:44:38.235044 	INFO 	Keyboard events cleared
2026-08-25_09:44:38.234852 	EXP 	image: autoDraw = False
2026-08-25_09:44:38.234852 	EXP 	image: autoDraw = False
2026-08-25_09:44:38.234852 	EXP 	fix_cross: foreColor = <psychopy.colors.Color: white, alpha=1.0>
2026-08-25_09:44:38.234852 	EXP 	fix_cross: autoDraw = True
2026-08-25_09:44:39.104599 	EXP 	Sound spoken_word reached end of file
2026-08-25_09:44:39.118433 	EXP 	Sound spoken_word reached end of file
2026-08-25_09:44:39.750446 	EXP 	fix_cross: autoDraw = False
2026-08-25_09:44:39.750446 	EXP 	fix_cross_2: autoDraw = True
2026-08-25_09:44:40.867459 	EXP 	New trial (rep=0, index=15): <Trial 15 (15 in rep 0) data={'block': 1, 'trial_in_block': 16, 'trial_type': 'localizer', 'is_buffer': 0, 'show_word': 1, 'concept': 'desk', 'concept_num': 10, 'concept_num_word': 10, 'exemplar_num': 3, 'image_shown': 'desk\\desk_03.png', 'word_shown_english': 'desk', 'word_shown_german': 'Schreibtisch', 'is_prompt': 1, 'is_mismatch': 0, 'ITI_length': 1.02, 'correct_response': None, 'nonmatch_pres_side': None, 'source_sequence': None, 'source_sequence_position': None, 'thisN': 15, 'thisTrialN': 15, 'thisRepN': 0}>
2026-08-25_09:44:40.936825 	EXP 	fix_cross_2: autoDraw = False
2026-08-25_09:44:40.936825 	EXP 	fix_cross_2: autoDraw = False
2026-08-25_09:44:40.936825 	EXP 	breaks_instruction: text = 'Pause, die Aufgabe geht gleich weiter.\nEs sind noch 9 Blöcke übrig.'
2026-08-25_09:44:40.936825 	EXP 	instruction_continuebreak: text = 'Die Pause ist vorbei.\nBitte drücken Sie eine beliebige Taste,\nsobald sie bereit sind, weiterzumachen.'
2026-08-25_09:44:40.936825 	EXP 	breaks_instruction: autoDraw = False
2026-08-25_09:44:40.936825 	EXP 	progress_bar_breaks: autoDraw = False
2026-08-25_09:44:40.936825 	EXP 	instruction_continuebreak: autoDraw = False
2026-08-25_09:44:40.936825 	EXP 	image: image = 'stimuli/desk\\desk_03.png'
2026-08-25_09:44:40.936825 	EXP 	image: autoDraw = True
2026-08-25_09:44:41.704250 	EXP 	spoken_word: sampleRate = 24000
2026-08-25_09:44:41.706377 	INFO 	Resampled audio from 24000Hz to 48000Hz using method 'default'.
2026-08-25_09:44:41.706398 	DEBUG 	Converted audio clip from mono to stereo
2026-08-25_09:44:41.707000 	EXP 	Sound spoken_word reached end of file
105.6297 	EXP 	Playing sound spoken_word on speaker Lautsprecher (Realtek(R) Audio)
2026-08-25_09:44:41.715643 	INFO 	Keyboard events cleared
2026-08-25_09:44:41.715490 	EXP 	image: autoDraw = False
2026-08-25_09:44:41.715490 	EXP 	image: autoDraw = False
2026-08-25_09:44:41.715490 	EXP 	fix_cross: foreColor = <psychopy.colors.Color: white, alpha=1.0>
2026-08-25_09:44:41.715490 	EXP 	fix_cross: autoDraw = True
2026-08-25_09:44:42.715085 	EXP 	Sound spoken_word reached end of file
2026-08-25_09:44:42.734524 	EXP 	Sound spoken_word reached end of file
2026-08-25_09:44:43.201874 	EXP 	fix_cross: autoDraw = False
2026-08-25_09:44:43.201874 	EXP 	fix_cross_2: autoDraw = True
2026-08-25_09:44:44.220212 	EXP 	New trial (rep=0, index=16): <Trial 16 (16 in rep 0) data={'block': 1, 'trial_in_block': 17, 'trial_type': 'localizer', 'is_buffer': 0, 'show_word': 1, 'concept': 'saw', 'concept_num': 9, 'concept_num_word': 9, 'exemplar_num': 9, 'image_shown': 'saw\\saw_09.png', 'word_shown_english': 'saw', 'word_shown_german': 'Säge', 'is_prompt': 1, 'is_mismatch': 0, 'ITI_length': 0.81, 'correct_response': None, 'nonmatch_pres_side': None, 'source_sequence': None, 'source_sequence_position': None, 'thisN': 16, 'thisTrialN': 16, 'thisRepN': 0}>
2026-08-25_09:44:44.251023 	EXP 	fix_cross_2: autoDraw = False
2026-08-25_09:44:44.251023 	EXP 	fix_cross_2: autoDraw = False
2026-08-25_09:44:44.251023 	EXP 	breaks_instruction: text = 'Pause, die Aufgabe geht gleich weiter.\nEs sind noch 9 Blöcke übrig.'
2026-08-25_09:44:44.251023 	EXP 	instruction_continuebreak: text = 'Die Pause ist vorbei.\nBitte drücken Sie eine beliebige Taste,\nsobald sie bereit sind, weiterzumachen.'
2026-08-25_09:44:44.251023 	EXP 	breaks_instruction: autoDraw = False
2026-08-25_09:44:44.251023 	EXP 	progress_bar_breaks: autoDraw = False
2026-08-25_09:44:44.251023 	EXP 	instruction_continuebreak: autoDraw = False
2026-08-25_09:44:44.251023 	EXP 	image: image = 'stimuli/saw\\saw_09.png'
2026-08-25_09:44:44.251023 	EXP 	image: autoDraw = True
2026-08-25_09:44:44.991243 	EXP 	spoken_word: sampleRate = 24000
2026-08-25_09:44:44.995294 	INFO 	Resampled audio from 24000Hz to 48000Hz using method 'default'.
2026-08-25_09:44:44.995354 	DEBUG 	Converted audio clip from mono to stereo
2026-08-25_09:44:44.997600 	EXP 	Sound spoken_word reached end of file
108.9139 	EXP 	Playing sound spoken_word on speaker Lautsprecher (Realtek(R) Audio)
2026-08-25_09:44:45.015893 	INFO 	Keyboard events cleared
2026-08-25_09:44:45.015593 	EXP 	image: autoDraw = False
2026-08-25_09:44:45.015593 	EXP 	image: autoDraw = False
2026-08-25_09:44:45.015593 	EXP 	fix_cross: foreColor = <psychopy.colors.Color: white, alpha=1.0>
2026-08-25_09:44:45.015593 	EXP 	fix_cross: autoDraw = True
2026-08-25_09:44:45.929778 	EXP 	Sound spoken_word reached end of file
2026-08-25_09:44:45.951466 	EXP 	Sound spoken_word reached end of file
2026-08-25_09:44:46.514957 	EXP 	fix_cross: autoDraw = False
2026-08-25_09:44:46.514957 	EXP 	fix_cross_2: autoDraw = True
2026-08-25_09:44:47.317647 	EXP 	New trial (rep=0, index=17): <Trial 17 (17 in rep 0) data={'block': 1, 'trial_in_block': 18, 'trial_type': 'localizer', 'is_buffer': 0, 'show_word': 1, 'concept': 'desk', 'concept_num': 10, 'concept_num_word': 10, 'exemplar_num': 6, 'image_shown': 'desk\\desk_06.png', 'word_shown_english': 'desk', 'word_shown_german': 'Schreibtisch', 'is_prompt': 1, 'is_mismatch': 0, 'ITI_length': 0.91, 'correct_response': None, 'nonmatch_pres_side': None, 'source_sequence': None, 'source_sequence_position': None, 'thisN': 17, 'thisTrialN': 17, 'thisRepN': 0}>
2026-08-25_09:44:47.386681 	EXP 	fix_cross_2: autoDraw = False
2026-08-25_09:44:47.386681 	EXP 	fix_cross_2: autoDraw = False
2026-08-25_09:44:47.386681 	EXP 	breaks_instruction: text = 'Pause, die Aufgabe geht gleich weiter.\nEs sind noch 9 Blöcke übrig.'
2026-08-25_09:44:47.386681 	EXP 	instruction_continuebreak: text = 'Die Pause ist vorbei.\nBitte drücken Sie eine beliebige Taste,\nsobald sie bereit sind, weiterzumachen.'
2026-08-25_09:44:47.386681 	EXP 	breaks_instruction: autoDraw = False
2026-08-25_09:44:47.386681 	EXP 	progress_bar_breaks: autoDraw = False
2026-08-25_09:44:47.386681 	EXP 	instruction_continuebreak: autoDraw = False
2026-08-25_09:44:47.386681 	EXP 	image: image = 'stimuli/desk\\desk_06.png'
2026-08-25_09:44:47.386681 	EXP 	image: autoDraw = True
2026-08-25_09:44:48.134900 	EXP 	spoken_word: sampleRate = 24000
2026-08-25_09:44:48.136890 	INFO 	Resampled audio from 24000Hz to 48000Hz using method 'default'.
2026-08-25_09:44:48.136908 	DEBUG 	Converted audio clip from mono to stereo
2026-08-25_09:44:48.137485 	EXP 	Sound spoken_word reached end of file
112.0617 	EXP 	Playing sound spoken_word on speaker Lautsprecher (Realtek(R) Audio)
2026-08-25_09:44:48.148133 	INFO 	Keyboard events cleared
2026-08-25_09:44:48.147938 	EXP 	image: autoDraw = False
2026-08-25_09:44:48.147938 	EXP 	image: autoDraw = False
2026-08-25_09:44:48.147938 	EXP 	fix_cross: foreColor = <psychopy.colors.Color: white, alpha=1.0>
2026-08-25_09:44:48.147938 	EXP 	fix_cross: autoDraw = True
2026-08-25_09:44:49.135249 	EXP 	Sound spoken_word reached end of file
2026-08-25_09:44:49.149679 	EXP 	Sound spoken_word reached end of file
2026-08-25_09:44:49.647598 	EXP 	fix_cross: autoDraw = False
2026-08-25_09:44:49.647598 	EXP 	fix_cross_2: autoDraw = True
2026-08-25_09:44:50.549458 	EXP 	New trial (rep=0, index=18): <Trial 18 (18 in rep 0) data={'block': 1, 'trial_in_block': 19, 'trial_type': 'localizer', 'is_buffer': 0, 'show_word': 1, 'concept': 'bus', 'concept_num': 7, 'concept_num_word': 7, 'exemplar_num': 1, 'image_shown': 'bus\\bus_01.png', 'word_shown_english': 'bus', 'word_shown_german': 'Bus', 'is_prompt': 1, 'is_mismatch': 0, 'ITI_length': 0.96, 'correct_response': None, 'nonmatch_pres_side': None, 'source_sequence': None, 'source_sequence_position': None, 'thisN': 18, 'thisTrialN': 18, 'thisRepN': 0}>
2026-08-25_09:44:50.616868 	EXP 	fix_cross_2: autoDraw = False
2026-08-25_09:44:50.616868 	EXP 	fix_cross_2: autoDraw = False
2026-08-25_09:44:50.616868 	EXP 	breaks_instruction: text = 'Pause, die Aufgabe geht gleich weiter.\nEs sind noch 9 Blöcke übrig.'
2026-08-25_09:44:50.616868 	EXP 	instruction_continuebreak: text = 'Die Pause ist vorbei.\nBitte drücken Sie eine beliebige Taste,\nsobald sie bereit sind, weiterzumachen.'
2026-08-25_09:44:50.616868 	EXP 	breaks_instruction: autoDraw = False
2026-08-25_09:44:50.616868 	EXP 	progress_bar_breaks: autoDraw = False
2026-08-25_09:44:50.616868 	EXP 	instruction_continuebreak: autoDraw = False
2026-08-25_09:44:50.616868 	EXP 	image: image = 'stimuli/bus\\bus_01.png'
2026-08-25_09:44:50.616868 	EXP 	image: autoDraw = True
2026-08-25_09:44:51.367707 	EXP 	spoken_word: sampleRate = 24000
2026-08-25_09:44:51.369304 	INFO 	Resampled audio from 24000Hz to 48000Hz using method 'default'.
2026-08-25_09:44:51.369321 	DEBUG 	Converted audio clip from mono to stereo
2026-08-25_09:44:51.369911 	EXP 	Sound spoken_word reached end of file
115.2942 	EXP 	Playing sound spoken_word on speaker Lautsprecher (Realtek(R) Audio)
2026-08-25_09:44:51.380701 	INFO 	Keyboard events cleared
2026-08-25_09:44:51.380389 	EXP 	image: autoDraw = False
2026-08-25_09:44:51.380389 	EXP 	image: autoDraw = False
2026-08-25_09:44:51.380389 	EXP 	fix_cross: foreColor = <psychopy.colors.Color: white, alpha=1.0>
2026-08-25_09:44:51.380389 	EXP 	fix_cross: autoDraw = True
2026-08-25_09:44:52.200546 	EXP 	Sound spoken_word reached end of file
2026-08-25_09:44:52.215284 	EXP 	Sound spoken_word reached end of file
2026-08-25_09:44:52.896122 	EXP 	fix_cross: autoDraw = False
2026-08-25_09:44:52.896122 	EXP 	fix_cross_2: autoDraw = True
2026-08-25_09:44:53.848237 	EXP 	New trial (rep=0, index=19): <Trial 19 (19 in rep 0) data={'block': 1, 'trial_in_block': 20, 'trial_type': 'localizer', 'is_buffer': 0, 'show_word': 1, 'concept': 'ball', 'concept_num': 8, 'concept_num_word': 8, 'exemplar_num': 8, 'image_shown': 'ball\\ball_08.png', 'word_shown_english': 'ball', 'word_shown_german': 'Ball', 'is_prompt': 1, 'is_mismatch': 0, 'ITI_length': 1.23, 'correct_response': None, 'nonmatch_pres_side': None, 'source_sequence': None, 'source_sequence_position': None, 'thisN': 19, 'thisTrialN': 19, 'thisRepN': 0}>
2026-08-25_09:44:53.916232 	EXP 	fix_cross_2: autoDraw = False
2026-08-25_09:44:53.916232 	EXP 	fix_cross_2: autoDraw = False
2026-08-25_09:44:53.916232 	EXP 	breaks_instruction: text = 'Pause, die Aufgabe geht gleich weiter.\nEs sind noch 9 Blöcke übrig.'
2026-08-25_09:44:53.916232 	EXP 	instruction_continuebreak: text = 'Die Pause ist vorbei.\nBitte drücken Sie eine beliebige Taste,\nsobald sie bereit sind, weiterzumachen.'
2026-08-25_09:44:53.916232 	EXP 	breaks_instruction: autoDraw = False
2026-08-25_09:44:53.916232 	EXP 	progress_bar_breaks: autoDraw = False
2026-08-25_09:44:53.916232 	EXP 	instruction_continuebreak: autoDraw = False
2026-08-25_09:44:53.916232 	EXP 	image: image = 'stimuli/ball\\ball_08.png'
2026-08-25_09:44:53.916232 	EXP 	image: autoDraw = True
2026-08-25_09:44:54.665731 	EXP 	spoken_word: sampleRate = 24000
2026-08-25_09:44:54.667340 	INFO 	Resampled audio from 24000Hz to 48000Hz using method 'default'.
2026-08-25_09:44:54.667356 	DEBUG 	Converted audio clip from mono to stereo
2026-08-25_09:44:54.668344 	EXP 	Sound spoken_word reached end of file
118.5925 	EXP 	Playing sound spoken_word on speaker Lautsprecher (Realtek(R) Audio)
2026-08-25_09:44:54.679349 	INFO 	Keyboard events cleared
2026-08-25_09:44:54.679128 	EXP 	image: autoDraw = False
2026-08-25_09:44:54.679128 	EXP 	image: autoDraw = False
2026-08-25_09:44:54.679128 	EXP 	fix_cross: foreColor = <psychopy.colors.Color: white, alpha=1.0>
2026-08-25_09:44:54.679128 	EXP 	fix_cross: autoDraw = True
2026-08-25_09:44:55.425808 	EXP 	Sound spoken_word reached end of file
2026-08-25_09:44:55.446717 	EXP 	Sound spoken_word reached end of file
2026-08-25_09:44:56.195268 	EXP 	fix_cross: autoDraw = False
2026-08-25_09:44:56.195268 	EXP 	fix_cross_2: autoDraw = True
2026-08-25_09:44:57.413676 	EXP 	New trial (rep=0, index=20): <Trial 20 (20 in rep 0) data={'block': 1, 'trial_in_block': 21, 'trial_type': 'localizer', 'is_buffer': 0, 'show_word': 1, 'concept': 'watch', 'concept_num': 3, 'concept_num_word': 3, 'exemplar_num': 9, 'image_shown': 'watch\\watch_09.png', 'word_shown_english': 'watch', 'word_shown_german': 'Uhr', 'is_prompt': 1, 'is_mismatch': 0, 'ITI_length': 1.2, 'correct_response': None, 'nonmatch_pres_side': None, 'source_sequence': None, 'source_sequence_position': None, 'thisN': 20, 'thisTrialN': 20, 'thisRepN': 0}>
2026-08-25_09:44:57.482315 	EXP 	fix_cross_2: autoDraw = False
2026-08-25_09:44:57.482315 	EXP 	fix_cross_2: autoDraw = False
2026-08-25_09:44:57.482315 	EXP 	breaks_instruction: text = 'Pause, die Aufgabe geht gleich weiter.\nEs sind noch 9 Blöcke übrig.'
2026-08-25_09:44:57.482315 	EXP 	instruction_continuebreak: text = 'Die Pause ist vorbei.\nBitte drücken Sie eine beliebige Taste,\nsobald sie bereit sind, weiterzumachen.'
2026-08-25_09:44:57.482315 	EXP 	breaks_instruction: autoDraw = False
2026-08-25_09:44:57.482315 	EXP 	progress_bar_breaks: autoDraw = False
2026-08-25_09:44:57.482315 	EXP 	instruction_continuebreak: autoDraw = False
2026-08-25_09:44:57.482315 	EXP 	image: image = 'stimuli/watch\\watch_09.png'
2026-08-25_09:44:57.482315 	EXP 	image: autoDraw = True
2026-08-25_09:44:58.230889 	EXP 	spoken_word: sampleRate = 24000
2026-08-25_09:44:58.232149 	INFO 	Resampled audio from 24000Hz to 48000Hz using method 'default'.
2026-08-25_09:44:58.232164 	DEBUG 	Converted audio clip from mono to stereo
2026-08-25_09:44:58.232651 	EXP 	Sound spoken_word reached end of file
122.1581 	EXP 	Playing sound spoken_word on speaker Lautsprecher (Realtek(R) Audio)
2026-08-25_09:44:58.244702 	INFO 	Keyboard events cleared
2026-08-25_09:44:58.244537 	EXP 	image: autoDraw = False
2026-08-25_09:44:58.244537 	EXP 	image: autoDraw = False
2026-08-25_09:44:58.244537 	EXP 	fix_cross: foreColor = <psychopy.colors.Color: white, alpha=1.0>
2026-08-25_09:44:58.244537 	EXP 	fix_cross: autoDraw = True
2026-08-25_09:44:58.973548 	EXP 	Sound spoken_word reached end of file
2026-08-25_09:44:58.995755 	EXP 	Sound spoken_word reached end of file
2026-08-25_09:44:59.760631 	EXP 	fix_cross: autoDraw = False
2026-08-25_09:44:59.760631 	EXP 	fix_cross_2: autoDraw = True
2026-08-25_09:45:00.948066 	EXP 	New trial (rep=0, index=21): <Trial 21 (21 in rep 0) data={'block': 1, 'trial_in_block': 22, 'trial_type': 'localizer', 'is_buffer': 0, 'show_word': 1, 'concept': 'suit', 'concept_num': 1, 'concept_num_word': 1, 'exemplar_num': 7, 'image_shown': 'suit\\suit_07.png', 'word_shown_english': 'suit', 'word_shown_german': 'Anzug', 'is_prompt': 1, 'is_mismatch': 0, 'ITI_length': 1.18, 'correct_response': None, 'nonmatch_pres_side': None, 'source_sequence': None, 'source_sequence_position': None, 'thisN': 21, 'thisTrialN': 21, 'thisRepN': 0}>
2026-08-25_09:45:01.029987 	EXP 	fix_cross_2: autoDraw = False
2026-08-25_09:45:01.029987 	EXP 	fix_cross_2: autoDraw = False
2026-08-25_09:45:01.029987 	EXP 	breaks_instruction: text = 'Pause, die Aufgabe geht gleich weiter.\nEs sind noch 9 Blöcke übrig.'
2026-08-25_09:45:01.029987 	EXP 	instruction_continuebreak: text = 'Die Pause ist vorbei.\nBitte drücken Sie eine beliebige Taste,\nsobald sie bereit sind, weiterzumachen.'
2026-08-25_09:45:01.029987 	EXP 	breaks_instruction: autoDraw = False
2026-08-25_09:45:01.029987 	EXP 	progress_bar_breaks: autoDraw = False
2026-08-25_09:45:01.029987 	EXP 	instruction_continuebreak: autoDraw = False
2026-08-25_09:45:01.029987 	EXP 	image: image = 'stimuli/suit\\suit_07.png'
2026-08-25_09:45:01.029987 	EXP 	image: autoDraw = True
2026-08-25_09:45:01.779744 	EXP 	spoken_word: sampleRate = 24000
2026-08-25_09:45:01.781167 	INFO 	Resampled audio from 24000Hz to 48000Hz using method 'default'.
2026-08-25_09:45:01.781182 	DEBUG 	Converted audio clip from mono to stereo
2026-08-25_09:45:01.781726 	EXP 	Sound spoken_word reached end of file
125.7069 	EXP 	Playing sound spoken_word on speaker Lautsprecher (Realtek(R) Audio)
2026-08-25_09:45:01.793521 	INFO 	Keyboard events cleared
2026-08-25_09:45:01.793346 	EXP 	image: autoDraw = False
2026-08-25_09:45:01.793346 	EXP 	image: autoDraw = False
2026-08-25_09:45:01.793346 	EXP 	fix_cross: foreColor = <psychopy.colors.Color: white, alpha=1.0>
2026-08-25_09:45:01.793346 	EXP 	fix_cross: autoDraw = True
2026-08-25_09:45:02.755104 	EXP 	Sound spoken_word reached end of file
2026-08-25_09:45:02.779627 	EXP 	Sound spoken_word reached end of file
2026-08-25_09:45:03.309460 	EXP 	fix_cross: autoDraw = False
2026-08-25_09:45:03.309460 	EXP 	fix_cross_2: autoDraw = True
2026-08-25_09:45:04.477897 	EXP 	New trial (rep=0, index=22): <Trial 22 (22 in rep 0) data={'block': 1, 'trial_in_block': 23, 'trial_type': 'localizer', 'is_buffer': 0, 'show_word': 1, 'concept': 'desk', 'concept_num': 10, 'concept_num_word': 10, 'exemplar_num': 7, 'image_shown': 'desk\\desk_07.png', 'word_shown_english': 'desk', 'word_shown_german': 'Schreibtisch', 'is_prompt': 1, 'is_mismatch': 0, 'ITI_length': 0.99, 'correct_response': None, 'nonmatch_pres_side': None, 'source_sequence': None, 'source_sequence_position': None, 'thisN': 22, 'thisTrialN': 22, 'thisRepN': 0}>
2026-08-25_09:45:04.530822 	EXP 	fix_cross_2: autoDraw = False
2026-08-25_09:45:04.530822 	EXP 	fix_cross_2: autoDraw = False
2026-08-25_09:45:04.530822 	EXP 	breaks_instruction: text = 'Pause, die Aufgabe geht gleich weiter.\nEs sind noch 9 Blöcke übrig.'
2026-08-25_09:45:04.530822 	EXP 	instruction_continuebreak: text = 'Die Pause ist vorbei.\nBitte drücken Sie eine beliebige Taste,\nsobald sie bereit sind, weiterzumachen.'
2026-08-25_09:45:04.530822 	EXP 	breaks_instruction: autoDraw = False
2026-08-25_09:45:04.530822 	EXP 	progress_bar_breaks: autoDraw = False
2026-08-25_09:45:04.530822 	EXP 	instruction_continuebreak: autoDraw = False
2026-08-25_09:45:04.530822 	EXP 	image: image = 'stimuli/desk\\desk_07.png'
2026-08-25_09:45:04.530822 	EXP 	image: autoDraw = True
2026-08-25_09:45:05.278687 	EXP 	spoken_word: sampleRate = 24000
2026-08-25_09:45:05.280610 	INFO 	Resampled audio from 24000Hz to 48000Hz using method 'default'.
2026-08-25_09:45:05.280636 	DEBUG 	Converted audio clip from mono to stereo
2026-08-25_09:45:05.281281 	EXP 	Sound spoken_word reached end of file
129.2059 	EXP 	Playing sound spoken_word on speaker Lautsprecher (Realtek(R) Audio)
2026-08-25_09:45:05.292324 	INFO 	Keyboard events cleared
2026-08-25_09:45:05.292166 	EXP 	image: autoDraw = False
2026-08-25_09:45:05.292166 	EXP 	image: autoDraw = False
2026-08-25_09:45:05.292166 	EXP 	fix_cross: foreColor = <psychopy.colors.Color: white, alpha=1.0>
2026-08-25_09:45:05.292166 	EXP 	fix_cross: autoDraw = True
2026-08-25_09:45:06.277563 	EXP 	Sound spoken_word reached end of file
2026-08-25_09:45:06.295367 	EXP 	Sound spoken_word reached end of file
2026-08-25_09:45:06.791913 	EXP 	fix_cross: autoDraw = False
2026-08-25_09:45:06.791913 	EXP 	fix_cross_2: autoDraw = True
2026-08-25_09:45:07.776996 	EXP 	New trial (rep=0, index=23): <Trial 23 (23 in rep 0) data={'block': 1, 'trial_in_block': 24, 'trial_type': 'localizer', 'is_buffer': 0, 'show_word': 1, 'concept': 'bus', 'concept_num': 7, 'concept_num_word': 7, 'exemplar_num': 7, 'image_shown': 'bus\\bus_07.png', 'word_shown_english': 'bus', 'word_shown_german': 'Bus', 'is_prompt': 1, 'is_mismatch': 0, 'ITI_length': 1.14, 'correct_response': None, 'nonmatch_pres_side': None, 'source_sequence': None, 'source_sequence_position': None, 'thisN': 23, 'thisTrialN': 23, 'thisRepN': 0}>
2026-08-25_09:45:07.846771 	EXP 	fix_cross_2: autoDraw = False
2026-08-25_09:45:07.846771 	EXP 	fix_cross_2: autoDraw = False
2026-08-25_09:45:07.846771 	EXP 	breaks_instruction: text = 'Pause, die Aufgabe geht gleich weiter.\nEs sind noch 9 Blöcke übrig.'
2026-08-25_09:45:07.846771 	EXP 	instruction_continuebreak: text = 'Die Pause ist vorbei.\nBitte drücken Sie eine beliebige Taste,\nsobald sie bereit sind, weiterzumachen.'
2026-08-25_09:45:07.846771 	EXP 	breaks_instruction: autoDraw = False
2026-08-25_09:45:07.846771 	EXP 	progress_bar_breaks: autoDraw = False
2026-08-25_09:45:07.846771 	EXP 	instruction_continuebreak: autoDraw = False
2026-08-25_09:45:07.846771 	EXP 	image: image = 'stimuli/bus\\bus_07.png'
2026-08-25_09:45:07.846771 	EXP 	image: autoDraw = True
2026-08-25_09:45:08.583553 	EXP 	spoken_word: sampleRate = 24000
2026-08-25_09:45:08.584994 	INFO 	Resampled audio from 24000Hz to 48000Hz using method 'default'.
2026-08-25_09:45:08.585012 	DEBUG 	Converted audio clip from mono to stereo
2026-08-25_09:45:08.585631 	EXP 	Sound spoken_word reached end of file
132.5102 	EXP 	Playing sound spoken_word on speaker Lautsprecher (Realtek(R) Audio)
2026-08-25_09:45:08.595222 	INFO 	Keyboard events cleared
2026-08-25_09:45:08.594887 	EXP 	image: autoDraw = False
2026-08-25_09:45:08.594887 	EXP 	image: autoDraw = False
2026-08-25_09:45:08.594887 	EXP 	fix_cross: foreColor = <psychopy.colors.Color: white, alpha=1.0>
2026-08-25_09:45:08.594887 	EXP 	fix_cross: autoDraw = True
2026-08-25_09:45:09.418018 	EXP 	Sound spoken_word reached end of file
2026-08-25_09:45:09.426289 	EXP 	Sound spoken_word reached end of file
2026-08-25_09:45:10.107295 	EXP 	fix_cross: autoDraw = False
2026-08-25_09:45:10.107295 	EXP 	fix_cross_2: autoDraw = True
2026-08-25_09:45:11.236718 	EXP 	New trial (rep=0, index=24): <Trial 24 (24 in rep 0) data={'block': 1, 'trial_in_block': 25, 'trial_type': 'localizer', 'is_buffer': 0, 'show_word': 1, 'concept': 'ball', 'concept_num': 8, 'concept_num_word': 8, 'exemplar_num': 6, 'image_shown': 'ball\\ball_06.png', 'word_shown_english': 'ball', 'word_shown_german': 'Ball', 'is_prompt': 1, 'is_mismatch': 0, 'ITI_length': 0.9, 'correct_response': None, 'nonmatch_pres_side': None, 'source_sequence': None, 'source_sequence_position': None, 'thisN': 24, 'thisTrialN': 24, 'thisRepN': 0}>
2026-08-25_09:45:11.294990 	EXP 	fix_cross_2: autoDraw = False
2026-08-25_09:45:11.294990 	EXP 	fix_cross_2: autoDraw = False
2026-08-25_09:45:11.294990 	EXP 	breaks_instruction: text = 'Pause, die Aufgabe geht gleich weiter.\nEs sind noch 9 Blöcke übrig.'
2026-08-25_09:45:11.294990 	EXP 	instruction_continuebreak: text = 'Die Pause ist vorbei.\nBitte drücken Sie eine beliebige Taste,\nsobald sie bereit sind, weiterzumachen.'
2026-08-25_09:45:11.294990 	EXP 	breaks_instruction: autoDraw = False
2026-08-25_09:45:11.294990 	EXP 	progress_bar_breaks: autoDraw = False
2026-08-25_09:45:11.294990 	EXP 	instruction_continuebreak: autoDraw = False
2026-08-25_09:45:11.294990 	EXP 	image: image = 'stimuli/ball\\ball_06.png'
2026-08-25_09:45:11.294990 	EXP 	image: autoDraw = True
2026-08-25_09:45:12.037216 	EXP 	spoken_word: sampleRate = 24000
2026-08-25_09:45:12.039724 	INFO 	Resampled audio from 24000Hz to 48000Hz using method 'default'.
2026-08-25_09:45:12.039757 	DEBUG 	Converted audio clip from mono to stereo
2026-08-25_09:45:12.040831 	EXP 	Sound spoken_word reached end of file
135.9638 	EXP 	Playing sound spoken_word on speaker Lautsprecher (Realtek(R) Audio)
2026-08-25_09:45:12.057287 	INFO 	Keyboard events cleared
2026-08-25_09:45:12.057034 	EXP 	image: autoDraw = False
2026-08-25_09:45:12.057034 	EXP 	image: autoDraw = False
2026-08-25_09:45:12.057034 	EXP 	fix_cross: foreColor = <psychopy.colors.Color: white, alpha=1.0>
2026-08-25_09:45:12.057034 	EXP 	fix_cross: autoDraw = True
2026-08-25_09:45:12.801608 	EXP 	Sound spoken_word reached end of file
2026-08-25_09:45:12.806702 	EXP 	Sound spoken_word reached end of file
2026-08-25_09:45:13.556393 	EXP 	fix_cross: autoDraw = False
2026-08-25_09:45:13.556393 	EXP 	fix_cross_2: autoDraw = True
2026-08-25_09:45:14.441873 	EXP 	New trial (rep=0, index=25): <Trial 25 (25 in rep 0) data={'block': 1, 'trial_in_block': 26, 'trial_type': 'localizer', 'is_buffer': 0, 'show_word': 1, 'concept': 'bus', 'concept_num': 7, 'concept_num_word': 1, 'exemplar_num': 8, 'image_shown': 'bus\\bus_08.png', 'word_shown_english': 'suit', 'word_shown_german': 'Anzug', 'is_prompt': 1, 'is_mismatch': 1, 'ITI_length': 1.21, 'correct_response': 'r', 'nonmatch_pres_side': 'right', 'source_sequence': None, 'source_sequence_position': None, 'thisN': 25, 'thisTrialN': 25, 'thisRepN': 0}>
2026-08-25_09:45:14.526942 	EXP 	fix_cross_2: autoDraw = False
2026-08-25_09:45:14.526942 	EXP 	fix_cross_2: autoDraw = False
2026-08-25_09:45:14.526942 	EXP 	breaks_instruction: text = 'Pause, die Aufgabe geht gleich weiter.\nEs sind noch 9 Blöcke übrig.'
2026-08-25_09:45:14.526942 	EXP 	instruction_continuebreak: text = 'Die Pause ist vorbei.\nBitte drücken Sie eine beliebige Taste,\nsobald sie bereit sind, weiterzumachen.'
2026-08-25_09:45:14.526942 	EXP 	breaks_instruction: autoDraw = False
2026-08-25_09:45:14.526942 	EXP 	progress_bar_breaks: autoDraw = False
2026-08-25_09:45:14.526942 	EXP 	instruction_continuebreak: autoDraw = False
2026-08-25_09:45:14.526942 	EXP 	image: image = 'stimuli/bus\\bus_08.png'
2026-08-25_09:45:14.526942 	EXP 	image: autoDraw = True
2026-08-25_09:45:15.275816 	EXP 	spoken_word: sampleRate = 24000
2026-08-25_09:45:15.277397 	INFO 	Resampled audio from 24000Hz to 48000Hz using method 'default'.
2026-08-25_09:45:15.277414 	DEBUG 	Converted audio clip from mono to stereo
2026-08-25_09:45:15.278014 	EXP 	Sound spoken_word reached end of file
139.2028 	EXP 	Playing sound spoken_word on speaker Lautsprecher (Realtek(R) Audio)
2026-08-25_09:45:15.289318 	INFO 	Keyboard events cleared
2026-08-25_09:45:15.289130 	EXP 	image: autoDraw = False
2026-08-25_09:45:15.289130 	EXP 	image: autoDraw = False
2026-08-25_09:45:15.289130 	EXP 	fix_cross: foreColor = <psychopy.colors.Color: white, alpha=1.0>
2026-08-25_09:45:15.289130 	EXP 	fix_cross: autoDraw = True
2026-08-25_09:45:16.261017 	EXP 	Sound spoken_word reached end of file
2026-08-25_09:45:16.273933 	EXP 	Sound spoken_word reached end of file
2026-08-25_09:45:16.788534 	EXP 	fix_cross: foreColor = <psychopy.colors.Color: red, alpha=1.0>
2026-08-25_09:45:17.006243 	EXP 	fix_cross: autoDraw = False
2026-08-25_09:45:17.006243 	EXP 	fix_cross_2: autoDraw = True
2026-08-25_09:45:18.207999 	EXP 	New trial (rep=0, index=26): <Trial 26 (26 in rep 0) data={'block': 1, 'trial_in_block': 27, 'trial_type': 'localizer', 'is_buffer': 0, 'show_word': 1, 'concept': 'roll', 'concept_num': 6, 'concept_num_word': 6, 'exemplar_num': 8, 'image_shown': 'roll\\roll_08.png', 'word_shown_english': 'roll', 'word_shown_german': 'Brötchen', 'is_prompt': 1, 'is_mismatch': 0, 'ITI_length': 1.01, 'correct_response': None, 'nonmatch_pres_side': None, 'source_sequence': None, 'source_sequence_position': None, 'thisN': 26, 'thisTrialN': 26, 'thisRepN': 0}>
2026-08-25_09:45:18.259564 	EXP 	fix_cross_2: autoDraw = False
2026-08-25_09:45:18.259564 	EXP 	fix_cross_2: autoDraw = False
2026-08-25_09:45:18.259564 	EXP 	breaks_instruction: text = 'Pause, die Aufgabe geht gleich weiter.\nEs sind noch 9 Blöcke übrig.'
2026-08-25_09:45:18.259564 	EXP 	instruction_continuebreak: text = 'Die Pause ist vorbei.\nBitte drücken Sie eine beliebige Taste,\nsobald sie bereit sind, weiterzumachen.'
2026-08-25_09:45:18.259564 	EXP 	breaks_instruction: autoDraw = False
2026-08-25_09:45:18.259564 	EXP 	progress_bar_breaks: autoDraw = False
2026-08-25_09:45:18.259564 	EXP 	instruction_continuebreak: autoDraw = False
2026-08-25_09:45:18.259564 	EXP 	image: image = 'stimuli/roll\\roll_08.png'
2026-08-25_09:45:18.259564 	EXP 	image: autoDraw = True
2026-08-25_09:45:19.008311 	EXP 	spoken_word: sampleRate = 24000
2026-08-25_09:45:19.010098 	INFO 	Resampled audio from 24000Hz to 48000Hz using method 'default'.
2026-08-25_09:45:19.010118 	DEBUG 	Converted audio clip from mono to stereo
2026-08-25_09:45:19.010718 	EXP 	Sound spoken_word reached end of file
142.9350 	EXP 	Playing sound spoken_word on speaker Lautsprecher (Realtek(R) Audio)
2026-08-25_09:45:19.021775 	INFO 	Keyboard events cleared
2026-08-25_09:45:19.021561 	EXP 	image: autoDraw = False
2026-08-25_09:45:19.021561 	EXP 	image: autoDraw = False
2026-08-25_09:45:19.021561 	EXP 	fix_cross: foreColor = <psychopy.colors.Color: white, alpha=1.0>
2026-08-25_09:45:19.021561 	EXP 	fix_cross: autoDraw = True
2026-08-25_09:45:19.979238 	EXP 	Sound spoken_word reached end of file
2026-08-25_09:45:19.989936 	EXP 	Sound spoken_word reached end of file
2026-08-25_09:45:20.537979 	EXP 	fix_cross: autoDraw = False
2026-08-25_09:45:20.537979 	EXP 	fix_cross_2: autoDraw = True
2026-08-25_09:45:21.539447 	EXP 	New trial (rep=0, index=27): <Trial 27 (27 in rep 0) data={'block': 1, 'trial_in_block': 28, 'trial_type': 'localizer', 'is_buffer': 0, 'show_word': 1, 'concept': 'bell', 'concept_num': 5, 'concept_num_word': 5, 'exemplar_num': 1, 'image_shown': 'bell\\bell_01.png', 'word_shown_english': 'bell', 'word_shown_german': 'Glocke', 'is_prompt': 1, 'is_mismatch': 0, 'ITI_length': 0.84, 'correct_response': None, 'nonmatch_pres_side': None, 'source_sequence': None, 'source_sequence_position': None, 'thisN': 27, 'thisTrialN': 27, 'thisRepN': 0}>
2026-08-25_09:45:21.572564 	EXP 	fix_cross_2: autoDraw = False
2026-08-25_09:45:21.572564 	EXP 	fix_cross_2: autoDraw = False
2026-08-25_09:45:21.572564 	EXP 	breaks_instruction: text = 'Pause, die Aufgabe geht gleich weiter.\nEs sind noch 9 Blöcke übrig.'
2026-08-25_09:45:21.572564 	EXP 	instruction_continuebreak: text = 'Die Pause ist vorbei.\nBitte drücken Sie eine beliebige Taste,\nsobald sie bereit sind, weiterzumachen.'
2026-08-25_09:45:21.572564 	EXP 	breaks_instruction: autoDraw = False
2026-08-25_09:45:21.572564 	EXP 	progress_bar_breaks: autoDraw = False
2026-08-25_09:45:21.572564 	EXP 	instruction_continuebreak: autoDraw = False
2026-08-25_09:45:21.572564 	EXP 	image: image = 'stimuli/bell\\bell_01.png'
2026-08-25_09:45:21.572564 	EXP 	image: autoDraw = True
2026-08-25_09:45:22.323602 	EXP 	spoken_word: sampleRate = 24000
2026-08-25_09:45:22.324914 	INFO 	Resampled audio from 24000Hz to 48000Hz using method 'default'.
2026-08-25_09:45:22.324929 	DEBUG 	Converted audio clip from mono to stereo
2026-08-25_09:45:22.325526 	EXP 	Sound spoken_word reached end of file
146.2506 	EXP 	Playing sound spoken_word on speaker Lautsprecher (Realtek(R) Audio)
2026-08-25_09:45:22.337451 	INFO 	Keyboard events cleared
2026-08-25_09:45:22.337280 	EXP 	image: autoDraw = False
2026-08-25_09:45:22.337280 	EXP 	image: autoDraw = False
2026-08-25_09:45:22.337280 	EXP 	fix_cross: foreColor = <psychopy.colors.Color: white, alpha=1.0>
2026-08-25_09:45:22.337280 	EXP 	fix_cross: autoDraw = True
2026-08-25_09:45:23.204819 	EXP 	Sound spoken_word reached end of file
2026-08-25_09:45:23.221290 	EXP 	Sound spoken_word reached end of file
2026-08-25_09:45:23.853179 	EXP 	fix_cross: autoDraw = False
2026-08-25_09:45:23.853179 	EXP 	fix_cross_2: autoDraw = True
2026-08-25_09:45:24.688708 	EXP 	New trial (rep=0, index=28): <Trial 28 (28 in rep 0) data={'block': 1, 'trial_in_block': 29, 'trial_type': 'localizer', 'is_buffer': 0, 'show_word': 1, 'concept': 'bottle', 'concept_num': 2, 'concept_num_word': 2, 'exemplar_num': 3, 'image_shown': 'bottle\\bottle_03.png', 'word_shown_english': 'bottle', 'word_shown_german': 'Flasche', 'is_prompt': 1, 'is_mismatch': 0, 'ITI_length': 0.96, 'correct_response': None, 'nonmatch_pres_side': None, 'source_sequence': None, 'source_sequence_position': None, 'thisN': 28, 'thisTrialN': 28, 'thisRepN': 0}>
2026-08-25_09:45:24.720896 	EXP 	fix_cross_2: autoDraw = False
2026-08-25_09:45:24.720896 	EXP 	fix_cross_2: autoDraw = False
2026-08-25_09:45:24.720896 	EXP 	breaks_instruction: text = 'Pause, die Aufgabe geht gleich weiter.\nEs sind noch 9 Blöcke übrig.'
2026-08-25_09:45:24.720896 	EXP 	instruction_continuebreak: text = 'Die Pause ist vorbei.\nBitte drücken Sie eine beliebige Taste,\nsobald sie bereit sind, weiterzumachen.'
2026-08-25_09:45:24.720896 	EXP 	breaks_instruction: autoDraw = False
2026-08-25_09:45:24.720896 	EXP 	progress_bar_breaks: autoDraw = False
2026-08-25_09:45:24.720896 	EXP 	instruction_continuebreak: autoDraw = False
2026-08-25_09:45:24.720896 	EXP 	image: image = 'stimuli/bottle\\bottle_03.png'
2026-08-25_09:45:24.720896 	EXP 	image: autoDraw = True
2026-08-25_09:45:25.457283 	EXP 	spoken_word: sampleRate = 24000
2026-08-25_09:45:25.460588 	INFO 	Resampled audio from 24000Hz to 48000Hz using method 'default'.
2026-08-25_09:45:25.460625 	DEBUG 	Converted audio clip from mono to stereo
2026-08-25_09:45:25.461645 	EXP 	Sound spoken_word reached end of file
149.3834 	EXP 	Playing sound spoken_word on speaker Lautsprecher (Realtek(R) Audio)
2026-08-25_09:45:25.469875 	INFO 	Keyboard events cleared
2026-08-25_09:45:25.469653 	EXP 	image: autoDraw = False
2026-08-25_09:45:25.469653 	EXP 	image: autoDraw = False
2026-08-25_09:45:25.469653 	EXP 	fix_cross: foreColor = <psychopy.colors.Color: white, alpha=1.0>
2026-08-25_09:45:25.469653 	EXP 	fix_cross: autoDraw = True
2026-08-25_09:45:26.386748 	EXP 	Sound spoken_word reached end of file
2026-08-25_09:45:26.404130 	EXP 	Sound spoken_word reached end of file
2026-08-25_09:45:26.985851 	EXP 	fix_cross: autoDraw = False
2026-08-25_09:45:26.985851 	EXP 	fix_cross_2: autoDraw = True
2026-08-25_09:45:27.938029 	EXP 	New trial (rep=0, index=29): <Trial 29 (29 in rep 0) data={'block': 1, 'trial_in_block': 30, 'trial_type': 'localizer', 'is_buffer': 0, 'show_word': 1, 'concept': 'saw', 'concept_num': 9, 'concept_num_word': 9, 'exemplar_num': 6, 'image_shown': 'saw\\saw_06.png', 'word_shown_english': 'saw', 'word_shown_german': 'Säge', 'is_prompt': 1, 'is_mismatch': 0, 'ITI_length': 0.86, 'correct_response': None, 'nonmatch_pres_side': None, 'source_sequence': None, 'source_sequence_position': None, 'thisN': 29, 'thisTrialN': 29, 'thisRepN': 0}>
2026-08-25_09:45:27.971035 	EXP 	fix_cross_2: autoDraw = False
2026-08-25_09:45:27.971035 	EXP 	fix_cross_2: autoDraw = False
2026-08-25_09:45:27.971035 	EXP 	breaks_instruction: text = 'Pause, die Aufgabe geht gleich weiter.\nEs sind noch 9 Blöcke übrig.'
2026-08-25_09:45:27.971035 	EXP 	instruction_continuebreak: text = 'Die Pause ist vorbei.\nBitte drücken Sie eine beliebige Taste,\nsobald sie bereit sind, weiterzumachen.'
2026-08-25_09:45:27.971035 	EXP 	breaks_instruction: autoDraw = False
2026-08-25_09:45:27.971035 	EXP 	progress_bar_breaks: autoDraw = False
2026-08-25_09:45:27.971035 	EXP 	instruction_continuebreak: autoDraw = False
2026-08-25_09:45:27.971035 	EXP 	image: image = 'stimuli/saw\\saw_06.png'
2026-08-25_09:45:27.971035 	EXP 	image: autoDraw = True
2026-08-25_09:45:28.722083 	EXP 	spoken_word: sampleRate = 24000
2026-08-25_09:45:28.723929 	INFO 	Resampled audio from 24000Hz to 48000Hz using method 'default'.
2026-08-25_09:45:28.723951 	DEBUG 	Converted audio clip from mono to stereo
2026-08-25_09:45:28.724537 	EXP 	Sound spoken_word reached end of file
152.6492 	EXP 	Playing sound spoken_word on speaker Lautsprecher (Realtek(R) Audio)
2026-08-25_09:45:28.735119 	INFO 	Keyboard events cleared
2026-08-25_09:45:28.734942 	EXP 	image: autoDraw = False
2026-08-25_09:45:28.734942 	EXP 	image: autoDraw = False
2026-08-25_09:45:28.734942 	EXP 	fix_cross: foreColor = <psychopy.colors.Color: white, alpha=1.0>
2026-08-25_09:45:28.734942 	EXP 	fix_cross: autoDraw = True
2026-08-25_09:45:29.649115 	EXP 	Sound spoken_word reached end of file
2026-08-25_09:45:29.669522 	EXP 	Sound spoken_word reached end of file
2026-08-25_09:45:30.251560 	EXP 	fix_cross: autoDraw = False
2026-08-25_09:45:30.251560 	EXP 	fix_cross_2: autoDraw = True
2026-08-25_09:45:31.103592 	EXP 	New trial (rep=0, index=30): <Trial 30 (30 in rep 0) data={'block': 1, 'trial_in_block': 31, 'trial_type': 'localizer', 'is_buffer': 0, 'show_word': 1, 'concept': 'bottle', 'concept_num': 2, 'concept_num_word': 2, 'exemplar_num': 4, 'image_shown': 'bottle\\bottle_04.png', 'word_shown_english': 'bottle', 'word_shown_german': 'Flasche', 'is_prompt': 1, 'is_mismatch': 0, 'ITI_length': 0.92, 'correct_response': None, 'nonmatch_pres_side': None, 'source_sequence': None, 'source_sequence_position': None, 'thisN': 30, 'thisTrialN': 30, 'thisRepN': 0}>
2026-08-25_09:45:31.172170 	EXP 	fix_cross_2: autoDraw = False
2026-08-25_09:45:31.172170 	EXP 	fix_cross_2: autoDraw = False
2026-08-25_09:45:31.172170 	EXP 	breaks_instruction: text = 'Pause, die Aufgabe geht gleich weiter.\nEs sind noch 9 Blöcke übrig.'
2026-08-25_09:45:31.172170 	EXP 	instruction_continuebreak: text = 'Die Pause ist vorbei.\nBitte drücken Sie eine beliebige Taste,\nsobald sie bereit sind, weiterzumachen.'
2026-08-25_09:45:31.172170 	EXP 	breaks_instruction: autoDraw = False
2026-08-25_09:45:31.172170 	EXP 	progress_bar_breaks: autoDraw = False
2026-08-25_09:45:31.172170 	EXP 	instruction_continuebreak: autoDraw = False
2026-08-25_09:45:31.172170 	EXP 	image: image = 'stimuli/bottle\\bottle_04.png'
2026-08-25_09:45:31.172170 	EXP 	image: autoDraw = True
2026-08-25_09:45:31.920516 	EXP 	spoken_word: sampleRate = 24000
2026-08-25_09:45:31.922621 	INFO 	Resampled audio from 24000Hz to 48000Hz using method 'default'.
2026-08-25_09:45:31.922638 	DEBUG 	Converted audio clip from mono to stereo
2026-08-25_09:45:31.923169 	EXP 	Sound spoken_word reached end of file
155.8476 	EXP 	Playing sound spoken_word on speaker Lautsprecher (Realtek(R) Audio)
2026-08-25_09:45:31.934470 	INFO 	Keyboard events cleared
2026-08-25_09:45:31.934307 	EXP 	image: autoDraw = False
2026-08-25_09:45:31.934307 	EXP 	image: autoDraw = False
2026-08-25_09:45:31.934307 	EXP 	fix_cross: foreColor = <psychopy.colors.Color: white, alpha=1.0>
2026-08-25_09:45:31.934307 	EXP 	fix_cross: autoDraw = True
2026-08-25_09:45:32.852952 	EXP 	Sound spoken_word reached end of file
2026-08-25_09:45:32.869567 	EXP 	Sound spoken_word reached end of file
2026-08-25_09:45:33.450111 	EXP 	fix_cross: autoDraw = False
2026-08-25_09:45:33.450111 	EXP 	fix_cross_2: autoDraw = True
2026-08-25_09:45:34.368967 	EXP 	New trial (rep=0, index=31): <Trial 31 (31 in rep 0) data={'block': 1, 'trial_in_block': 32, 'trial_type': 'localizer', 'is_buffer': 0, 'show_word': 1, 'concept': 'suit', 'concept_num': 1, 'concept_num_word': 1, 'exemplar_num': 5, 'image_shown': 'suit\\suit_05.png', 'word_shown_english': 'suit', 'word_shown_german': 'Anzug', 'is_prompt': 1, 'is_mismatch': 0, 'ITI_length': 0.81, 'correct_response': None, 'nonmatch_pres_side': None, 'source_sequence': None, 'source_sequence_position': None, 'thisN': 31, 'thisTrialN': 31, 'thisRepN': 0}>
2026-08-25_09:45:34.437736 	EXP 	fix_cross_2: autoDraw = False
2026-08-25_09:45:34.437736 	EXP 	fix_cross_2: autoDraw = False
2026-08-25_09:45:34.437736 	EXP 	breaks_instruction: text = 'Pause, die Aufgabe geht gleich weiter.\nEs sind noch 9 Blöcke übrig.'
2026-08-25_09:45:34.437736 	EXP 	instruction_continuebreak: text = 'Die Pause ist vorbei.\nBitte drücken Sie eine beliebige Taste,\nsobald sie bereit sind, weiterzumachen.'
2026-08-25_09:45:34.437736 	EXP 	breaks_instruction: autoDraw = False
2026-08-25_09:45:34.437736 	EXP 	progress_bar_breaks: autoDraw = False
2026-08-25_09:45:34.437736 	EXP 	instruction_continuebreak: autoDraw = False
2026-08-25_09:45:34.437736 	EXP 	image: image = 'stimuli/suit\\suit_05.png'
2026-08-25_09:45:34.437736 	EXP 	image: autoDraw = True
2026-08-25_09:45:35.186641 	EXP 	spoken_word: sampleRate = 24000
2026-08-25_09:45:35.188395 	INFO 	Resampled audio from 24000Hz to 48000Hz using method 'default'.
2026-08-25_09:45:35.188414 	DEBUG 	Converted audio clip from mono to stereo
2026-08-25_09:45:35.189055 	EXP 	Sound spoken_word reached end of file
159.1134 	EXP 	Playing sound spoken_word on speaker Lautsprecher (Realtek(R) Audio)
2026-08-25_09:45:35.200488 	INFO 	Keyboard events cleared
2026-08-25_09:45:35.200273 	EXP 	image: autoDraw = False
2026-08-25_09:45:35.200273 	EXP 	image: autoDraw = False
2026-08-25_09:45:35.200273 	EXP 	fix_cross: foreColor = <psychopy.colors.Color: white, alpha=1.0>
2026-08-25_09:45:35.200273 	EXP 	fix_cross: autoDraw = True
2026-08-25_09:45:36.160889 	EXP 	Sound spoken_word reached end of file
2026-08-25_09:45:36.184674 	EXP 	Sound spoken_word reached end of file
2026-08-25_09:45:36.715787 	EXP 	fix_cross: autoDraw = False
2026-08-25_09:45:36.715787 	EXP 	fix_cross_2: autoDraw = True
2026-08-25_09:45:37.518002 	EXP 	New trial (rep=0, index=32): <Trial 32 (32 in rep 0) data={'block': 1, 'trial_in_block': 33, 'trial_type': 'localizer', 'is_buffer': 0, 'show_word': 1, 'concept': 'roll', 'concept_num': 6, 'concept_num_word': 6, 'exemplar_num': 6, 'image_shown': 'roll\\roll_06.png', 'word_shown_english': 'roll', 'word_shown_german': 'Brötchen', 'is_prompt': 1, 'is_mismatch': 0, 'ITI_length': 1.08, 'correct_response': None, 'nonmatch_pres_side': None, 'source_sequence': None, 'source_sequence_position': None, 'thisN': 32, 'thisTrialN': 32, 'thisRepN': 0}>
2026-08-25_09:45:37.569358 	EXP 	fix_cross_2: autoDraw = False
2026-08-25_09:45:37.569358 	EXP 	fix_cross_2: autoDraw = False
2026-08-25_09:45:37.569358 	EXP 	breaks_instruction: text = 'Pause, die Aufgabe geht gleich weiter.\nEs sind noch 9 Blöcke übrig.'
2026-08-25_09:45:37.569358 	EXP 	instruction_continuebreak: text = 'Die Pause ist vorbei.\nBitte drücken Sie eine beliebige Taste,\nsobald sie bereit sind, weiterzumachen.'
2026-08-25_09:45:37.569358 	EXP 	breaks_instruction: autoDraw = False
2026-08-25_09:45:37.569358 	EXP 	progress_bar_breaks: autoDraw = False
2026-08-25_09:45:37.569358 	EXP 	instruction_continuebreak: autoDraw = False
2026-08-25_09:45:37.569358 	EXP 	image: image = 'stimuli/roll\\roll_06.png'
2026-08-25_09:45:37.569358 	EXP 	image: autoDraw = True
2026-08-25_09:45:38.318798 	EXP 	spoken_word: sampleRate = 24000
2026-08-25_09:45:38.320488 	INFO 	Resampled audio from 24000Hz to 48000Hz using method 'default'.
2026-08-25_09:45:38.320508 	DEBUG 	Converted audio clip from mono to stereo
2026-08-25_09:45:38.321171 	EXP 	Sound spoken_word reached end of file
162.2456 	EXP 	Playing sound spoken_word on speaker Lautsprecher (Realtek(R) Audio)
2026-08-25_09:45:38.332209 	INFO 	Keyboard events cleared
2026-08-25_09:45:38.332021 	EXP 	image: autoDraw = False
2026-08-25_09:45:38.332021 	EXP 	image: autoDraw = False
2026-08-25_09:45:38.332021 	EXP 	fix_cross: foreColor = <psychopy.colors.Color: white, alpha=1.0>
2026-08-25_09:45:38.332021 	EXP 	fix_cross: autoDraw = True
2026-08-25_09:45:39.299842 	EXP 	Sound spoken_word reached end of file
2026-08-25_09:45:39.316536 	EXP 	Sound spoken_word reached end of file
2026-08-25_09:45:39.848440 	EXP 	fix_cross: autoDraw = False
2026-08-25_09:45:39.848440 	EXP 	fix_cross_2: autoDraw = True
2026-08-25_09:45:40.918805 	EXP 	New trial (rep=0, index=33): <Trial 33 (33 in rep 0) data={'block': 1, 'trial_in_block': 34, 'trial_type': 'localizer', 'is_buffer': 0, 'show_word': 1, 'concept': 'ball', 'concept_num': 8, 'concept_num_word': 2, 'exemplar_num': 2, 'image_shown': 'ball\\ball_02.png', 'word_shown_english': 'bottle', 'word_shown_german': 'Flasche', 'is_prompt': 1, 'is_mismatch': 1, 'ITI_length': 1.06, 'correct_response': 'r', 'nonmatch_pres_side': 'left', 'source_sequence': None, 'source_sequence_position': None, 'thisN': 33, 'thisTrialN': 33, 'thisRepN': 0}>
2026-08-25_09:45:40.987434 	EXP 	fix_cross_2: autoDraw = False
2026-08-25_09:45:40.987434 	EXP 	fix_cross_2: autoDraw = False
2026-08-25_09:45:40.987434 	EXP 	breaks_instruction: text = 'Pause, die Aufgabe geht gleich weiter.\nEs sind noch 9 Blöcke übrig.'
2026-08-25_09:45:40.987434 	EXP 	instruction_continuebreak: text = 'Die Pause ist vorbei.\nBitte drücken Sie eine beliebige Taste,\nsobald sie bereit sind, weiterzumachen.'
2026-08-25_09:45:40.987434 	EXP 	breaks_instruction: autoDraw = False
2026-08-25_09:45:40.987434 	EXP 	progress_bar_breaks: autoDraw = False
2026-08-25_09:45:40.987434 	EXP 	instruction_continuebreak: autoDraw = False
2026-08-25_09:45:40.987434 	EXP 	image: image = 'stimuli/ball\\ball_02.png'
2026-08-25_09:45:40.987434 	EXP 	image: autoDraw = True
2026-08-25_09:45:41.734035 	EXP 	spoken_word: sampleRate = 24000
2026-08-25_09:45:41.735662 	INFO 	Resampled audio from 24000Hz to 48000Hz using method 'default'.
2026-08-25_09:45:41.735678 	DEBUG 	Converted audio clip from mono to stereo
2026-08-25_09:45:41.736222 	EXP 	Sound spoken_word reached end of file
165.6612 	EXP 	Playing sound spoken_word on speaker Lautsprecher (Realtek(R) Audio)
2026-08-25_09:45:41.747729 	INFO 	Keyboard events cleared
2026-08-25_09:45:41.747566 	EXP 	image: autoDraw = False
2026-08-25_09:45:41.747566 	EXP 	image: autoDraw = False
2026-08-25_09:45:41.747566 	EXP 	fix_cross: foreColor = <psychopy.colors.Color: white, alpha=1.0>
2026-08-25_09:45:41.747566 	EXP 	fix_cross: autoDraw = True
2026-08-25_09:45:42.666324 	EXP 	Sound spoken_word reached end of file
2026-08-25_09:45:42.682657 	EXP 	Sound spoken_word reached end of file
2026-08-25_09:45:43.263848 	EXP 	fix_cross: foreColor = <psychopy.colors.Color: red, alpha=1.0>
2026-08-25_09:45:43.480276 	EXP 	fix_cross: autoDraw = False
2026-08-25_09:45:43.480276 	EXP 	fix_cross_2: autoDraw = True
2026-08-25_09:45:44.532496 	EXP 	New trial (rep=0, index=34): <Trial 34 (34 in rep 0) data={'block': 1, 'trial_in_block': 35, 'trial_type': 'localizer', 'is_buffer': 0, 'show_word': 1, 'concept': 'fan', 'concept_num': 4, 'concept_num_word': 4, 'exemplar_num': 10, 'image_shown': 'fan\\fan_10.png', 'word_shown_english': 'fan', 'word_shown_german': 'Ventilator', 'is_prompt': 1, 'is_mismatch': 0, 'ITI_length': 0.91, 'correct_response': None, 'nonmatch_pres_side': None, 'source_sequence': None, 'source_sequence_position': None, 'thisN': 34, 'thisTrialN': 34, 'thisRepN': 0}>
2026-08-25_09:45:44.564305 	EXP 	fix_cross_2: autoDraw = False
2026-08-25_09:45:44.564305 	EXP 	fix_cross_2: autoDraw = False
2026-08-25_09:45:44.564305 	EXP 	breaks_instruction: text = 'Pause, die Aufgabe geht gleich weiter.\nEs sind noch 9 Blöcke übrig.'
2026-08-25_09:45:44.564305 	EXP 	instruction_continuebreak: text = 'Die Pause ist vorbei.\nBitte drücken Sie eine beliebige Taste,\nsobald sie bereit sind, weiterzumachen.'
2026-08-25_09:45:44.564305 	EXP 	breaks_instruction: autoDraw = False
2026-08-25_09:45:44.564305 	EXP 	progress_bar_breaks: autoDraw = False
2026-08-25_09:45:44.564305 	EXP 	instruction_continuebreak: autoDraw = False
2026-08-25_09:45:44.564305 	EXP 	image: image = 'stimuli/fan\\fan_10.png'
2026-08-25_09:45:44.564305 	EXP 	image: autoDraw = True
2026-08-25_09:45:45.315232 	EXP 	spoken_word: sampleRate = 24000
2026-08-25_09:45:45.318004 	INFO 	Resampled audio from 24000Hz to 48000Hz using method 'default'.
2026-08-25_09:45:45.318021 	DEBUG 	Converted audio clip from mono to stereo
2026-08-25_09:45:45.318597 	EXP 	Sound spoken_word reached end of file
169.2420 	EXP 	Playing sound spoken_word on speaker Lautsprecher (Realtek(R) Audio)
2026-08-25_09:45:45.328806 	INFO 	Keyboard events cleared
2026-08-25_09:45:45.328635 	EXP 	image: autoDraw = False
2026-08-25_09:45:45.328635 	EXP 	image: autoDraw = False
2026-08-25_09:45:45.328635 	EXP 	fix_cross: foreColor = <psychopy.colors.Color: white, alpha=1.0>
2026-08-25_09:45:45.328635 	EXP 	fix_cross: autoDraw = True
2026-08-25_09:45:46.366800 	EXP 	Sound spoken_word reached end of file
2026-08-25_09:45:46.381359 	EXP 	Sound spoken_word reached end of file
2026-08-25_09:45:46.829515 	EXP 	fix_cross: autoDraw = False
2026-08-25_09:45:46.829515 	EXP 	fix_cross_2: autoDraw = True
2026-08-25_09:45:47.730055 	EXP 	New trial (rep=0, index=35): <Trial 35 (35 in rep 0) data={'block': 1, 'trial_in_block': 36, 'trial_type': 'localizer', 'is_buffer': 0, 'show_word': 1, 'concept': 'roll', 'concept_num': 6, 'concept_num_word': 6, 'exemplar_num': 7, 'image_shown': 'roll\\roll_07.png', 'word_shown_english': 'roll', 'word_shown_german': 'Brötchen', 'is_prompt': 1, 'is_mismatch': 0, 'ITI_length': 1.23, 'correct_response': None, 'nonmatch_pres_side': None, 'source_sequence': None, 'source_sequence_position': None, 'thisN': 35, 'thisTrialN': 35, 'thisRepN': 0}>
2026-08-25_09:45:47.765222 	EXP 	fix_cross_2: autoDraw = False
2026-08-25_09:45:47.765222 	EXP 	fix_cross_2: autoDraw = False
2026-08-25_09:45:47.765222 	EXP 	breaks_instruction: text = 'Pause, die Aufgabe geht gleich weiter.\nEs sind noch 9 Blöcke übrig.'
2026-08-25_09:45:47.765222 	EXP 	instruction_continuebreak: text = 'Die Pause ist vorbei.\nBitte drücken Sie eine beliebige Taste,\nsobald sie bereit sind, weiterzumachen.'
2026-08-25_09:45:47.765222 	EXP 	breaks_instruction: autoDraw = False
2026-08-25_09:45:47.765222 	EXP 	progress_bar_breaks: autoDraw = False
2026-08-25_09:45:47.765222 	EXP 	instruction_continuebreak: autoDraw = False
2026-08-25_09:45:47.765222 	EXP 	image: image = 'stimuli/roll\\roll_07.png'
2026-08-25_09:45:47.765222 	EXP 	image: autoDraw = True
2026-08-25_09:45:48.514963 	EXP 	spoken_word: sampleRate = 24000
2026-08-25_09:45:48.516400 	INFO 	Resampled audio from 24000Hz to 48000Hz using method 'default'.
2026-08-25_09:45:48.516419 	DEBUG 	Converted audio clip from mono to stereo
2026-08-25_09:45:48.516973 	EXP 	Sound spoken_word reached end of file
172.4422 	EXP 	Playing sound spoken_word on speaker Lautsprecher (Realtek(R) Audio)
2026-08-25_09:45:48.528944 	INFO 	Keyboard events cleared
2026-08-25_09:45:48.528779 	EXP 	image: autoDraw = False
2026-08-25_09:45:48.528779 	EXP 	image: autoDraw = False
2026-08-25_09:45:48.528779 	EXP 	fix_cross: foreColor = <psychopy.colors.Color: white, alpha=1.0>
2026-08-25_09:45:48.528779 	EXP 	fix_cross: autoDraw = True
2026-08-25_09:45:49.484687 	EXP 	Sound spoken_word reached end of file
2026-08-25_09:45:49.497395 	EXP 	Sound spoken_word reached end of file
2026-08-25_09:45:50.044835 	EXP 	fix_cross: autoDraw = False
2026-08-25_09:45:50.044835 	EXP 	fix_cross_2: autoDraw = True
2026-08-25_09:45:51.263518 	EXP 	New trial (rep=0, index=36): <Trial 36 (36 in rep 0) data={'block': 1, 'trial_in_block': 37, 'trial_type': 'localizer', 'is_buffer': 0, 'show_word': 1, 'concept': 'bell', 'concept_num': 5, 'concept_num_word': 5, 'exemplar_num': 9, 'image_shown': 'bell\\bell_09.png', 'word_shown_english': 'bell', 'word_shown_german': 'Glocke', 'is_prompt': 1, 'is_mismatch': 0, 'ITI_length': 1.19, 'correct_response': None, 'nonmatch_pres_side': None, 'source_sequence': None, 'source_sequence_position': None, 'thisN': 36, 'thisTrialN': 36, 'thisRepN': 0}>
2026-08-25_09:45:51.332941 	EXP 	fix_cross_2: autoDraw = False
2026-08-25_09:45:51.332941 	EXP 	fix_cross_2: autoDraw = False
2026-08-25_09:45:51.332941 	EXP 	breaks_instruction: text = 'Pause, die Aufgabe geht gleich weiter.\nEs sind noch 9 Blöcke übrig.'
2026-08-25_09:45:51.332941 	EXP 	instruction_continuebreak: text = 'Die Pause ist vorbei.\nBitte drücken Sie eine beliebige Taste,\nsobald sie bereit sind, weiterzumachen.'
2026-08-25_09:45:51.332941 	EXP 	breaks_instruction: autoDraw = False
2026-08-25_09:45:51.332941 	EXP 	progress_bar_breaks: autoDraw = False
2026-08-25_09:45:51.332941 	EXP 	instruction_continuebreak: autoDraw = False
2026-08-25_09:45:51.332941 	EXP 	image: image = 'stimuli/bell\\bell_09.png'
2026-08-25_09:45:51.332941 	EXP 	image: autoDraw = True
2026-08-25_09:45:52.080794 	EXP 	spoken_word: sampleRate = 24000
2026-08-25_09:45:52.082183 	INFO 	Resampled audio from 24000Hz to 48000Hz using method 'default'.
2026-08-25_09:45:52.082200 	DEBUG 	Converted audio clip from mono to stereo
2026-08-25_09:45:52.082771 	EXP 	Sound spoken_word reached end of file
176.0080 	EXP 	Playing sound spoken_word on speaker Lautsprecher (Realtek(R) Audio)
2026-08-25_09:45:52.094504 	INFO 	Keyboard events cleared
2026-08-25_09:45:52.094325 	EXP 	image: autoDraw = False
2026-08-25_09:45:52.094325 	EXP 	image: autoDraw = False
2026-08-25_09:45:52.094325 	EXP 	fix_cross: foreColor = <psychopy.colors.Color: white, alpha=1.0>
2026-08-25_09:45:52.094325 	EXP 	fix_cross: autoDraw = True
2026-08-25_09:45:52.964379 	EXP 	Sound spoken_word reached end of file
2026-08-25_09:45:52.978898 	EXP 	Sound spoken_word reached end of file
2026-08-25_09:45:53.610497 	EXP 	fix_cross: autoDraw = False
2026-08-25_09:45:53.610497 	EXP 	fix_cross_2: autoDraw = True
2026-08-25_09:45:54.795967 	EXP 	New trial (rep=0, index=37): <Trial 37 (37 in rep 0) data={'block': 1, 'trial_in_block': 38, 'trial_type': 'localizer', 'is_buffer': 0, 'show_word': 1, 'concept': 'saw', 'concept_num': 9, 'concept_num_word': 9, 'exemplar_num': 4, 'image_shown': 'saw\\saw_04.png', 'word_shown_english': 'saw', 'word_shown_german': 'Säge', 'is_prompt': 1, 'is_mismatch': 0, 'ITI_length': 0.8, 'correct_response': None, 'nonmatch_pres_side': None, 'source_sequence': None, 'source_sequence_position': None, 'thisN': 37, 'thisTrialN': 37, 'thisRepN': 0}>
2026-08-25_09:45:54.863469 	EXP 	fix_cross_2: autoDraw = False
2026-08-25_09:45:54.863469 	EXP 	fix_cross_2: autoDraw = False
2026-08-25_09:45:54.863469 	EXP 	breaks_instruction: text = 'Pause, die Aufgabe geht gleich weiter.\nEs sind noch 9 Blöcke übrig.'
2026-08-25_09:45:54.863469 	EXP 	instruction_continuebreak: text = 'Die Pause ist vorbei.\nBitte drücken Sie eine beliebige Taste,\nsobald sie bereit sind, weiterzumachen.'
2026-08-25_09:45:54.863469 	EXP 	breaks_instruction: autoDraw = False
2026-08-25_09:45:54.863469 	EXP 	progress_bar_breaks: autoDraw = False
2026-08-25_09:45:54.863469 	EXP 	instruction_continuebreak: autoDraw = False
2026-08-25_09:45:54.863469 	EXP 	image: image = 'stimuli/saw\\saw_04.png'
2026-08-25_09:45:54.863469 	EXP 	image: autoDraw = True
2026-08-25_09:45:55.613698 	EXP 	spoken_word: sampleRate = 24000
2026-08-25_09:45:55.615449 	INFO 	Resampled audio from 24000Hz to 48000Hz using method 'default'.
2026-08-25_09:45:55.615474 	DEBUG 	Converted audio clip from mono to stereo
2026-08-25_09:45:55.616187 	EXP 	Sound spoken_word reached end of file
179.5406 	EXP 	Playing sound spoken_word on speaker Lautsprecher (Realtek(R) Audio)
2026-08-25_09:45:55.626688 	INFO 	Keyboard events cleared
2026-08-25_09:45:55.626517 	EXP 	image: autoDraw = False
2026-08-25_09:45:55.626517 	EXP 	image: autoDraw = False
2026-08-25_09:45:55.626517 	EXP 	fix_cross: foreColor = <psychopy.colors.Color: white, alpha=1.0>
2026-08-25_09:45:55.626517 	EXP 	fix_cross: autoDraw = True
2026-08-25_09:45:56.540498 	EXP 	Sound spoken_word reached end of file
2026-08-25_09:45:56.561125 	EXP 	Sound spoken_word reached end of file
2026-08-25_09:45:57.142780 	EXP 	fix_cross: autoDraw = False
2026-08-25_09:45:57.142780 	EXP 	fix_cross_2: autoDraw = True
2026-08-25_09:45:57.928500 	EXP 	New trial (rep=0, index=38): <Trial 38 (38 in rep 0) data={'block': 1, 'trial_in_block': 39, 'trial_type': 'localizer', 'is_buffer': 0, 'show_word': 1, 'concept': 'fan', 'concept_num': 4, 'concept_num_word': 4, 'exemplar_num': 6, 'image_shown': 'fan\\fan_06.png', 'word_shown_english': 'fan', 'word_shown_german': 'Ventilator', 'is_prompt': 1, 'is_mismatch': 0, 'ITI_length': 1.24, 'correct_response': None, 'nonmatch_pres_side': None, 'source_sequence': None, 'source_sequence_position': None, 'thisN': 38, 'thisTrialN': 38, 'thisRepN': 0}>
2026-08-25_09:45:58.105508 	EXP 	fix_cross_2: autoDraw = False
2026-08-25_09:45:58.105508 	EXP 	fix_cross_2: autoDraw = False
2026-08-25_09:45:58.105508 	EXP 	breaks_instruction: text = 'Pause, die Aufgabe geht gleich weiter.\nEs sind noch 9 Blöcke übrig.'
2026-08-25_09:45:58.105508 	EXP 	instruction_continuebreak: text = 'Die Pause ist vorbei.\nBitte drücken Sie eine beliebige Taste,\nsobald sie bereit sind, weiterzumachen.'
2026-08-25_09:45:58.105508 	EXP 	breaks_instruction: autoDraw = False
2026-08-25_09:45:58.105508 	EXP 	progress_bar_breaks: autoDraw = False
2026-08-25_09:45:58.105508 	EXP 	instruction_continuebreak: autoDraw = False
2026-08-25_09:45:58.105508 	EXP 	image: image = 'stimuli/fan\\fan_06.png'
2026-08-25_09:45:58.105508 	EXP 	image: autoDraw = True
2026-08-25_09:45:58.845515 	EXP 	spoken_word: sampleRate = 24000
2026-08-25_09:45:58.847959 	INFO 	Resampled audio from 24000Hz to 48000Hz using method 'default'.
2026-08-25_09:45:58.847976 	DEBUG 	Converted audio clip from mono to stereo
2026-08-25_09:45:58.848938 	EXP 	Sound spoken_word reached end of file
182.7727 	EXP 	Playing sound spoken_word on speaker Lautsprecher (Realtek(R) Audio)
2026-08-25_09:45:58.859066 	INFO 	Keyboard events cleared
2026-08-25_09:45:58.858879 	EXP 	image: autoDraw = False
2026-08-25_09:45:58.858879 	EXP 	image: autoDraw = False
2026-08-25_09:45:58.858879 	EXP 	fix_cross: foreColor = <psychopy.colors.Color: white, alpha=1.0>
2026-08-25_09:45:58.858879 	EXP 	fix_cross: autoDraw = True
2026-08-25_09:45:59.894915 	EXP 	Sound spoken_word reached end of file
2026-08-25_09:45:59.910766 	EXP 	Sound spoken_word reached end of file
2026-08-25_09:46:00.375135 	EXP 	fix_cross: autoDraw = False
2026-08-25_09:46:00.375135 	EXP 	fix_cross_2: autoDraw = True
2026-08-25_09:46:01.610272 	EXP 	New trial (rep=0, index=39): <Trial 39 (39 in rep 0) data={'block': 1, 'trial_in_block': 40, 'trial_type': 'localizer', 'is_buffer': 0, 'show_word': 1, 'concept': 'bottle', 'concept_num': 2, 'concept_num_word': 2, 'exemplar_num': 5, 'image_shown': 'bottle\\bottle_05.png', 'word_shown_english': 'bottle', 'word_shown_german': 'Flasche', 'is_prompt': 1, 'is_mismatch': 0, 'ITI_length': 0.83, 'correct_response': None, 'nonmatch_pres_side': None, 'source_sequence': None, 'source_sequence_position': None, 'thisN': 39, 'thisTrialN': 39, 'thisRepN': 0}>
2026-08-25_09:46:01.679944 	EXP 	fix_cross_2: autoDraw = False
2026-08-25_09:46:01.679944 	EXP 	fix_cross_2: autoDraw = False
2026-08-25_09:46:01.679944 	EXP 	breaks_instruction: text = 'Pause, die Aufgabe geht gleich weiter.\nEs sind noch 9 Blöcke übrig.'
2026-08-25_09:46:01.679944 	EXP 	instruction_continuebreak: text = 'Die Pause ist vorbei.\nBitte drücken Sie eine beliebige Taste,\nsobald sie bereit sind, weiterzumachen.'
2026-08-25_09:46:01.679944 	EXP 	breaks_instruction: autoDraw = False
2026-08-25_09:46:01.679944 	EXP 	progress_bar_breaks: autoDraw = False
2026-08-25_09:46:01.679944 	EXP 	instruction_continuebreak: autoDraw = False
2026-08-25_09:46:01.679944 	EXP 	image: image = 'stimuli/bottle\\bottle_05.png'
2026-08-25_09:46:01.679944 	EXP 	image: autoDraw = True
2026-08-25_09:46:02.427402 	EXP 	spoken_word: sampleRate = 24000
2026-08-25_09:46:02.429057 	INFO 	Resampled audio from 24000Hz to 48000Hz using method 'default'.
2026-08-25_09:46:02.429071 	DEBUG 	Converted audio clip from mono to stereo
2026-08-25_09:46:02.429544 	EXP 	Sound spoken_word reached end of file
186.3547 	EXP 	Playing sound spoken_word on speaker Lautsprecher (Realtek(R) Audio)
2026-08-25_09:46:02.441229 	INFO 	Keyboard events cleared
2026-08-25_09:46:02.441078 	EXP 	image: autoDraw = False
2026-08-25_09:46:02.441078 	EXP 	image: autoDraw = False
2026-08-25_09:46:02.441078 	EXP 	fix_cross: foreColor = <psychopy.colors.Color: white, alpha=1.0>
2026-08-25_09:46:02.441078 	EXP 	fix_cross: autoDraw = True
2026-08-25_09:46:03.361300 	EXP 	Sound spoken_word reached end of file
2026-08-25_09:46:03.376290 	EXP 	Sound spoken_word reached end of file
2026-08-25_09:46:03.957166 	EXP 	fix_cross: autoDraw = False
2026-08-25_09:46:03.957166 	EXP 	fix_cross_2: autoDraw = True
2026-08-25_09:46:04.775807 	EXP 	New trial (rep=0, index=40): <Trial 40 (40 in rep 0) data={'block': 1, 'trial_in_block': 41, 'trial_type': 'localizer', 'is_buffer': 0, 'show_word': 1, 'concept': 'bus', 'concept_num': 7, 'concept_num_word': 7, 'exemplar_num': 4, 'image_shown': 'bus\\bus_04.png', 'word_shown_english': 'bus', 'word_shown_german': 'Bus', 'is_prompt': 1, 'is_mismatch': 0, 'ITI_length': 0.87, 'correct_response': None, 'nonmatch_pres_side': None, 'source_sequence': None, 'source_sequence_position': None, 'thisN': 40, 'thisTrialN': 40, 'thisRepN': 0}>
2026-08-25_09:46:04.843990 	EXP 	fix_cross_2: autoDraw = False
2026-08-25_09:46:04.843990 	EXP 	fix_cross_2: autoDraw = False
2026-08-25_09:46:04.843990 	EXP 	breaks_instruction: text = 'Pause, die Aufgabe geht gleich weiter.\nEs sind noch 9 Blöcke übrig.'
2026-08-25_09:46:04.843990 	EXP 	instruction_continuebreak: text = 'Die Pause ist vorbei.\nBitte drücken Sie eine beliebige Taste,\nsobald sie bereit sind, weiterzumachen.'
2026-08-25_09:46:04.843990 	EXP 	breaks_instruction: autoDraw = False
2026-08-25_09:46:04.843990 	EXP 	progress_bar_breaks: autoDraw = False
2026-08-25_09:46:04.843990 	EXP 	instruction_continuebreak: autoDraw = False
2026-08-25_09:46:04.843990 	EXP 	image: image = 'stimuli/bus\\bus_04.png'
2026-08-25_09:46:04.843990 	EXP 	image: autoDraw = True
2026-08-25_09:46:05.593087 	EXP 	spoken_word: sampleRate = 24000
2026-08-25_09:46:05.594536 	INFO 	Resampled audio from 24000Hz to 48000Hz using method 'default'.
2026-08-25_09:46:05.594555 	DEBUG 	Converted audio clip from mono to stereo
2026-08-25_09:46:05.595076 	EXP 	Sound spoken_word reached end of file
189.5203 	EXP 	Playing sound spoken_word on speaker Lautsprecher (Realtek(R) Audio)
2026-08-25_09:46:05.606845 	INFO 	Keyboard events cleared
2026-08-25_09:46:05.606661 	EXP 	image: autoDraw = False
2026-08-25_09:46:05.606661 	EXP 	image: autoDraw = False
2026-08-25_09:46:05.606661 	EXP 	fix_cross: foreColor = <psychopy.colors.Color: white, alpha=1.0>
2026-08-25_09:46:05.606661 	EXP 	fix_cross: autoDraw = True
2026-08-25_09:46:06.421798 	EXP 	Sound spoken_word reached end of file
2026-08-25_09:46:06.440927 	EXP 	Sound spoken_word reached end of file
2026-08-25_09:46:07.122879 	EXP 	fix_cross: autoDraw = False
2026-08-25_09:46:07.122879 	EXP 	fix_cross_2: autoDraw = True
2026-08-25_09:46:07.991679 	EXP 	New trial (rep=0, index=41): <Trial 41 (41 in rep 0) data={'block': 1, 'trial_in_block': 42, 'trial_type': 'localizer', 'is_buffer': 0, 'show_word': 1, 'concept': 'desk', 'concept_num': 10, 'concept_num_word': 6, 'exemplar_num': 5, 'image_shown': 'desk\\desk_05.png', 'word_shown_english': 'roll', 'word_shown_german': 'Brötchen', 'is_prompt': 1, 'is_mismatch': 1, 'ITI_length': 1.16, 'correct_response': 'r', 'nonmatch_pres_side': 'left', 'source_sequence': None, 'source_sequence_position': None, 'thisN': 41, 'thisTrialN': 41, 'thisRepN': 0}>
2026-08-25_09:46:08.059605 	EXP 	fix_cross_2: autoDraw = False
2026-08-25_09:46:08.059605 	EXP 	fix_cross_2: autoDraw = False
2026-08-25_09:46:08.059605 	EXP 	breaks_instruction: text = 'Pause, die Aufgabe geht gleich weiter.\nEs sind noch 9 Blöcke übrig.'
2026-08-25_09:46:08.059605 	EXP 	instruction_continuebreak: text = 'Die Pause ist vorbei.\nBitte drücken Sie eine beliebige Taste,\nsobald sie bereit sind, weiterzumachen.'
2026-08-25_09:46:08.059605 	EXP 	breaks_instruction: autoDraw = False
2026-08-25_09:46:08.059605 	EXP 	progress_bar_breaks: autoDraw = False
2026-08-25_09:46:08.059605 	EXP 	instruction_continuebreak: autoDraw = False
2026-08-25_09:46:08.059605 	EXP 	image: image = 'stimuli/desk\\desk_05.png'
2026-08-25_09:46:08.059605 	EXP 	image: autoDraw = True
2026-08-25_09:46:08.809317 	EXP 	spoken_word: sampleRate = 24000
2026-08-25_09:46:08.810986 	INFO 	Resampled audio from 24000Hz to 48000Hz using method 'default'.
2026-08-25_09:46:08.811003 	DEBUG 	Converted audio clip from mono to stereo
2026-08-25_09:46:08.811571 	EXP 	Sound spoken_word reached end of file
192.7364 	EXP 	Playing sound spoken_word on speaker Lautsprecher (Realtek(R) Audio)
2026-08-25_09:46:08.822477 	INFO 	Keyboard events cleared
2026-08-25_09:46:08.822301 	EXP 	image: autoDraw = False
2026-08-25_09:46:08.822301 	EXP 	image: autoDraw = False
2026-08-25_09:46:08.822301 	EXP 	fix_cross: foreColor = <psychopy.colors.Color: white, alpha=1.0>
2026-08-25_09:46:08.822301 	EXP 	fix_cross: autoDraw = True
2026-08-25_09:46:09.787385 	EXP 	Sound spoken_word reached end of file
2026-08-25_09:46:09.806776 	EXP 	Sound spoken_word reached end of file
2026-08-25_09:46:10.338594 	EXP 	fix_cross: foreColor = <psychopy.colors.Color: red, alpha=1.0>
2026-08-25_09:46:10.538512 	EXP 	fix_cross: autoDraw = False
2026-08-25_09:46:10.538512 	EXP 	fix_cross_2: autoDraw = True
2026-08-25_09:46:11.693468 	EXP 	New trial (rep=0, index=42): <Trial 42 (42 in rep 0) data={'block': 1, 'trial_in_block': 43, 'trial_type': 'localizer', 'is_buffer': 0, 'show_word': 1, 'concept': 'saw', 'concept_num': 9, 'concept_num_word': 9, 'exemplar_num': 5, 'image_shown': 'saw\\saw_05.png', 'word_shown_english': 'saw', 'word_shown_german': 'Säge', 'is_prompt': 1, 'is_mismatch': 0, 'ITI_length': 1.16, 'correct_response': None, 'nonmatch_pres_side': None, 'source_sequence': None, 'source_sequence_position': None, 'thisN': 42, 'thisTrialN': 42, 'thisRepN': 0}>
2026-08-25_09:46:11.724110 	EXP 	fix_cross_2: autoDraw = False
2026-08-25_09:46:11.724110 	EXP 	fix_cross_2: autoDraw = False
2026-08-25_09:46:11.724110 	EXP 	breaks_instruction: text = 'Pause, die Aufgabe geht gleich weiter.\nEs sind noch 9 Blöcke übrig.'
2026-08-25_09:46:11.724110 	EXP 	instruction_continuebreak: text = 'Die Pause ist vorbei.\nBitte drücken Sie eine beliebige Taste,\nsobald sie bereit sind, weiterzumachen.'
2026-08-25_09:46:11.724110 	EXP 	breaks_instruction: autoDraw = False
2026-08-25_09:46:11.724110 	EXP 	progress_bar_breaks: autoDraw = False
2026-08-25_09:46:11.724110 	EXP 	instruction_continuebreak: autoDraw = False
2026-08-25_09:46:11.724110 	EXP 	image: image = 'stimuli/saw\\saw_05.png'
2026-08-25_09:46:11.724110 	EXP 	image: autoDraw = True
2026-08-25_09:46:12.474277 	EXP 	spoken_word: sampleRate = 24000
2026-08-25_09:46:12.475943 	INFO 	Resampled audio from 24000Hz to 48000Hz using method 'default'.
2026-08-25_09:46:12.475958 	DEBUG 	Converted audio clip from mono to stereo
2026-08-25_09:46:12.476471 	EXP 	Sound spoken_word reached end of file
196.4013 	EXP 	Playing sound spoken_word on speaker Lautsprecher (Realtek(R) Audio)
2026-08-25_09:46:12.487941 	INFO 	Keyboard events cleared
2026-08-25_09:46:12.487767 	EXP 	image: autoDraw = False
2026-08-25_09:46:12.487767 	EXP 	image: autoDraw = False
2026-08-25_09:46:12.487767 	EXP 	fix_cross: foreColor = <psychopy.colors.Color: white, alpha=1.0>
2026-08-25_09:46:12.487767 	EXP 	fix_cross: autoDraw = True
2026-08-25_09:46:13.408781 	EXP 	Sound spoken_word reached end of file
2026-08-25_09:46:13.421313 	EXP 	Sound spoken_word reached end of file
2026-08-25_09:46:14.003974 	EXP 	fix_cross: autoDraw = False
2026-08-25_09:46:14.003974 	EXP 	fix_cross_2: autoDraw = True
2026-08-25_09:46:15.157103 	EXP 	New trial (rep=0, index=43): <Trial 43 (43 in rep 0) data={'block': 1, 'trial_in_block': 44, 'trial_type': 'localizer', 'is_buffer': 0, 'show_word': 1, 'concept': 'suit', 'concept_num': 1, 'concept_num_word': 1, 'exemplar_num': 10, 'image_shown': 'suit\\suit_10.png', 'word_shown_english': 'suit', 'word_shown_german': 'Anzug', 'is_prompt': 1, 'is_mismatch': 0, 'ITI_length': 0.85, 'correct_response': None, 'nonmatch_pres_side': None, 'source_sequence': None, 'source_sequence_position': None, 'thisN': 43, 'thisTrialN': 43, 'thisRepN': 0}>
2026-08-25_09:46:15.224756 	EXP 	fix_cross_2: autoDraw = False
2026-08-25_09:46:15.224756 	EXP 	fix_cross_2: autoDraw = False
2026-08-25_09:46:15.224756 	EXP 	breaks_instruction: text = 'Pause, die Aufgabe geht gleich weiter.\nEs sind noch 9 Blöcke übrig.'
2026-08-25_09:46:15.224756 	EXP 	instruction_continuebreak: text = 'Die Pause ist vorbei.\nBitte drücken Sie eine beliebige Taste,\nsobald sie bereit sind, weiterzumachen.'
2026-08-25_09:46:15.224756 	EXP 	breaks_instruction: autoDraw = False
2026-08-25_09:46:15.224756 	EXP 	progress_bar_breaks: autoDraw = False
2026-08-25_09:46:15.224756 	EXP 	instruction_continuebreak: autoDraw = False
2026-08-25_09:46:15.224756 	EXP 	image: image = 'stimuli/suit\\suit_10.png'
2026-08-25_09:46:15.224756 	EXP 	image: autoDraw = True
2026-08-25_09:46:15.972564 	EXP 	spoken_word: sampleRate = 24000
2026-08-25_09:46:15.973957 	INFO 	Resampled audio from 24000Hz to 48000Hz using method 'default'.
2026-08-25_09:46:15.973972 	DEBUG 	Converted audio clip from mono to stereo
2026-08-25_09:46:15.974514 	EXP 	Sound spoken_word reached end of file
199.8996 	EXP 	Playing sound spoken_word on speaker Lautsprecher (Realtek(R) Audio)
2026-08-25_09:46:15.987231 	INFO 	Keyboard events cleared
2026-08-25_09:46:15.987056 	EXP 	image: autoDraw = False
2026-08-25_09:46:15.987056 	EXP 	image: autoDraw = False
2026-08-25_09:46:15.987056 	EXP 	fix_cross: foreColor = <psychopy.colors.Color: white, alpha=1.0>
2026-08-25_09:46:15.987056 	EXP 	fix_cross: autoDraw = True
2026-08-25_09:46:16.945856 	EXP 	Sound spoken_word reached end of file
2026-08-25_09:46:16.953872 	EXP 	Sound spoken_word reached end of file
2026-08-25_09:46:17.486395 	EXP 	fix_cross: autoDraw = False
2026-08-25_09:46:17.486395 	EXP 	fix_cross_2: autoDraw = True
2026-08-25_09:46:18.337171 	EXP 	New trial (rep=0, index=44): <Trial 44 (44 in rep 0) data={'block': 1, 'trial_in_block': 45, 'trial_type': 'localizer', 'is_buffer': 0, 'show_word': 1, 'concept': 'fan', 'concept_num': 4, 'concept_num_word': 4, 'exemplar_num': 3, 'image_shown': 'fan\\fan_03.png', 'word_shown_english': 'fan', 'word_shown_german': 'Ventilator', 'is_prompt': 1, 'is_mismatch': 0, 'ITI_length': 1.11, 'correct_response': None, 'nonmatch_pres_side': None, 'source_sequence': None, 'source_sequence_position': None, 'thisN': 44, 'thisTrialN': 44, 'thisRepN': 0}>
2026-08-25_09:46:18.585551 	EXP 	fix_cross_2: autoDraw = False
2026-08-25_09:46:18.585551 	EXP 	fix_cross_2: autoDraw = False
2026-08-25_09:46:18.585551 	EXP 	breaks_instruction: text = 'Pause, die Aufgabe geht gleich weiter.\nEs sind noch 9 Blöcke übrig.'
2026-08-25_09:46:18.585551 	EXP 	instruction_continuebreak: text = 'Die Pause ist vorbei.\nBitte drücken Sie eine beliebige Taste,\nsobald sie bereit sind, weiterzumachen.'
2026-08-25_09:46:18.585551 	EXP 	breaks_instruction: autoDraw = False
2026-08-25_09:46:18.585551 	EXP 	progress_bar_breaks: autoDraw = False
2026-08-25_09:46:18.585551 	EXP 	instruction_continuebreak: autoDraw = False
2026-08-25_09:46:18.585551 	EXP 	image: image = 'stimuli/fan\\fan_03.png'
2026-08-25_09:46:18.585551 	EXP 	image: autoDraw = True
2026-08-25_09:46:19.322803 	EXP 	spoken_word: sampleRate = 24000
2026-08-25_09:46:19.325021 	INFO 	Resampled audio from 24000Hz to 48000Hz using method 'default'.
2026-08-25_09:46:19.325037 	DEBUG 	Converted audio clip from mono to stereo
2026-08-25_09:46:19.325616 	EXP 	Sound spoken_word reached end of file
203.2497 	EXP 	Playing sound spoken_word on speaker Lautsprecher (Realtek(R) Audio)
2026-08-25_09:46:19.336034 	INFO 	Keyboard events cleared
2026-08-25_09:46:19.335850 	EXP 	image: autoDraw = False
2026-08-25_09:46:19.335850 	EXP 	image: autoDraw = False
2026-08-25_09:46:19.335850 	EXP 	fix_cross: foreColor = <psychopy.colors.Color: white, alpha=1.0>
2026-08-25_09:46:19.335850 	EXP 	fix_cross: autoDraw = True
2026-08-25_09:46:20.377440 	EXP 	Sound spoken_word reached end of file
2026-08-25_09:46:20.387490 	EXP 	Sound spoken_word reached end of file
2026-08-25_09:46:20.852299 	EXP 	fix_cross: autoDraw = False
2026-08-25_09:46:20.852299 	EXP 	fix_cross_2: autoDraw = True
2026-08-25_09:46:21.953966 	EXP 	New trial (rep=0, index=45): <Trial 45 (45 in rep 0) data={'block': 1, 'trial_in_block': 46, 'trial_type': 'localizer', 'is_buffer': 0, 'show_word': 1, 'concept': 'bell', 'concept_num': 5, 'concept_num_word': 5, 'exemplar_num': 8, 'image_shown': 'bell\\bell_08.png', 'word_shown_english': 'bell', 'word_shown_german': 'Glocke', 'is_prompt': 1, 'is_mismatch': 0, 'ITI_length': 0.88, 'correct_response': None, 'nonmatch_pres_side': None, 'source_sequence': None, 'source_sequence_position': None, 'thisN': 45, 'thisTrialN': 45, 'thisRepN': 0}>
2026-08-25_09:46:22.023860 	EXP 	fix_cross_2: autoDraw = False
2026-08-25_09:46:22.023860 	EXP 	fix_cross_2: autoDraw = False
2026-08-25_09:46:22.023860 	EXP 	breaks_instruction: text = 'Pause, die Aufgabe geht gleich weiter.\nEs sind noch 9 Blöcke übrig.'
2026-08-25_09:46:22.023860 	EXP 	instruction_continuebreak: text = 'Die Pause ist vorbei.\nBitte drücken Sie eine beliebige Taste,\nsobald sie bereit sind, weiterzumachen.'
2026-08-25_09:46:22.023860 	EXP 	breaks_instruction: autoDraw = False
2026-08-25_09:46:22.023860 	EXP 	progress_bar_breaks: autoDraw = False
2026-08-25_09:46:22.023860 	EXP 	instruction_continuebreak: autoDraw = False
2026-08-25_09:46:22.023860 	EXP 	image: image = 'stimuli/bell\\bell_08.png'
2026-08-25_09:46:22.023860 	EXP 	image: autoDraw = True
2026-08-25_09:46:22.771506 	EXP 	spoken_word: sampleRate = 24000
2026-08-25_09:46:22.773325 	INFO 	Resampled audio from 24000Hz to 48000Hz using method 'default'.
2026-08-25_09:46:22.773356 	DEBUG 	Converted audio clip from mono to stereo
2026-08-25_09:46:22.774099 	EXP 	Sound spoken_word reached end of file
206.6985 	EXP 	Playing sound spoken_word on speaker Lautsprecher (Realtek(R) Audio)
2026-08-25_09:46:22.784986 	INFO 	Keyboard events cleared
2026-08-25_09:46:22.784815 	EXP 	image: autoDraw = False
2026-08-25_09:46:22.784815 	EXP 	image: autoDraw = False
2026-08-25_09:46:22.784815 	EXP 	fix_cross: foreColor = <psychopy.colors.Color: white, alpha=1.0>
2026-08-25_09:46:22.784815 	EXP 	fix_cross: autoDraw = True
2026-08-25_09:46:23.654783 	EXP 	Sound spoken_word reached end of file
2026-08-25_09:46:23.669254 	EXP 	Sound spoken_word reached end of file
2026-08-25_09:46:24.300972 	EXP 	fix_cross: autoDraw = False
2026-08-25_09:46:24.300972 	EXP 	fix_cross_2: autoDraw = True
2026-08-25_09:46:25.170151 	EXP 	New trial (rep=0, index=46): <Trial 46 (46 in rep 0) data={'block': 1, 'trial_in_block': 47, 'trial_type': 'localizer', 'is_buffer': 0, 'show_word': 1, 'concept': 'roll', 'concept_num': 6, 'concept_num_word': 6, 'exemplar_num': 2, 'image_shown': 'roll\\roll_02.png', 'word_shown_english': 'roll', 'word_shown_german': 'Brötchen', 'is_prompt': 1, 'is_mismatch': 0, 'ITI_length': 1.04, 'correct_response': None, 'nonmatch_pres_side': None, 'source_sequence': None, 'source_sequence_position': None, 'thisN': 46, 'thisTrialN': 46, 'thisRepN': 0}>
2026-08-25_09:46:25.241742 	EXP 	fix_cross_2: autoDraw = False
2026-08-25_09:46:25.241742 	EXP 	fix_cross_2: autoDraw = False
2026-08-25_09:46:25.241742 	EXP 	breaks_instruction: text = 'Pause, die Aufgabe geht gleich weiter.\nEs sind noch 9 Blöcke übrig.'
2026-08-25_09:46:25.241742 	EXP 	instruction_continuebreak: text = 'Die Pause ist vorbei.\nBitte drücken Sie eine beliebige Taste,\nsobald sie bereit sind, weiterzumachen.'
2026-08-25_09:46:25.241742 	EXP 	breaks_instruction: autoDraw = False
2026-08-25_09:46:25.241742 	EXP 	progress_bar_breaks: autoDraw = False
2026-08-25_09:46:25.241742 	EXP 	instruction_continuebreak: autoDraw = False
2026-08-25_09:46:25.241742 	EXP 	image: image = 'stimuli/roll\\roll_02.png'
2026-08-25_09:46:25.241742 	EXP 	image: autoDraw = True
2026-08-25_09:46:25.987363 	EXP 	spoken_word: sampleRate = 24000
2026-08-25_09:46:25.989051 	INFO 	Resampled audio from 24000Hz to 48000Hz using method 'default'.
2026-08-25_09:46:25.989072 	DEBUG 	Converted audio clip from mono to stereo
2026-08-25_09:46:25.989774 	EXP 	Sound spoken_word reached end of file
209.9142 	EXP 	Playing sound spoken_word on speaker Lautsprecher (Realtek(R) Audio)
2026-08-25_09:46:26.001047 	INFO 	Keyboard events cleared
2026-08-25_09:46:26.000786 	EXP 	image: autoDraw = False
2026-08-25_09:46:26.000786 	EXP 	image: autoDraw = False
2026-08-25_09:46:26.000786 	EXP 	fix_cross: foreColor = <psychopy.colors.Color: white, alpha=1.0>
2026-08-25_09:46:26.000786 	EXP 	fix_cross: autoDraw = True
2026-08-25_09:46:26.958933 	EXP 	Sound spoken_word reached end of file
2026-08-25_09:46:26.970348 	EXP 	Sound spoken_word reached end of file
2026-08-25_09:46:27.516684 	EXP 	fix_cross: autoDraw = False
2026-08-25_09:46:27.516684 	EXP 	fix_cross_2: autoDraw = True
2026-08-25_09:46:28.552640 	EXP 	New trial (rep=0, index=47): <Trial 47 (47 in rep 0) data={'block': 1, 'trial_in_block': 48, 'trial_type': 'localizer', 'is_buffer': 0, 'show_word': 1, 'concept': 'ball', 'concept_num': 8, 'concept_num_word': 8, 'exemplar_num': 4, 'image_shown': 'ball\\ball_04.png', 'word_shown_english': 'ball', 'word_shown_german': 'Ball', 'is_prompt': 1, 'is_mismatch': 0, 'ITI_length': 0.9, 'correct_response': None, 'nonmatch_pres_side': None, 'source_sequence': None, 'source_sequence_position': None, 'thisN': 47, 'thisTrialN': 47, 'thisRepN': 0}>
2026-08-25_09:46:28.622238 	EXP 	fix_cross_2: autoDraw = False
2026-08-25_09:46:28.622238 	EXP 	fix_cross_2: autoDraw = False
2026-08-25_09:46:28.622238 	EXP 	breaks_instruction: text = 'Pause, die Aufgabe geht gleich weiter.\nEs sind noch 9 Blöcke übrig.'
2026-08-25_09:46:28.622238 	EXP 	instruction_continuebreak: text = 'Die Pause ist vorbei.\nBitte drücken Sie eine beliebige Taste,\nsobald sie bereit sind, weiterzumachen.'
2026-08-25_09:46:28.622238 	EXP 	breaks_instruction: autoDraw = False
2026-08-25_09:46:28.622238 	EXP 	progress_bar_breaks: autoDraw = False
2026-08-25_09:46:28.622238 	EXP 	instruction_continuebreak: autoDraw = False
2026-08-25_09:46:28.622238 	EXP 	image: image = 'stimuli/ball\\ball_04.png'
2026-08-25_09:46:28.622238 	EXP 	image: autoDraw = True
2026-08-25_09:46:29.370392 	EXP 	spoken_word: sampleRate = 24000
2026-08-25_09:46:29.372259 	INFO 	Resampled audio from 24000Hz to 48000Hz using method 'default'.
2026-08-25_09:46:29.372278 	DEBUG 	Converted audio clip from mono to stereo
2026-08-25_09:46:29.373183 	EXP 	Sound spoken_word reached end of file
213.2965 	EXP 	Playing sound spoken_word on speaker Lautsprecher (Realtek(R) Audio)
2026-08-25_09:46:29.383652 	INFO 	Keyboard events cleared
2026-08-25_09:46:29.383297 	EXP 	image: autoDraw = False
2026-08-25_09:46:29.383297 	EXP 	image: autoDraw = False
2026-08-25_09:46:29.383297 	EXP 	fix_cross: foreColor = <psychopy.colors.Color: white, alpha=1.0>
2026-08-25_09:46:29.383297 	EXP 	fix_cross: autoDraw = True
2026-08-25_09:46:30.128308 	EXP 	Sound spoken_word reached end of file
2026-08-25_09:46:30.150545 	EXP 	Sound spoken_word reached end of file
2026-08-25_09:46:30.898839 	EXP 	fix_cross: autoDraw = False
2026-08-25_09:46:30.898839 	EXP 	fix_cross_2: autoDraw = True
2026-08-25_09:46:31.784909 	EXP 	New trial (rep=0, index=48): <Trial 48 (48 in rep 0) data={'block': 1, 'trial_in_block': 49, 'trial_type': 'localizer', 'is_buffer': 0, 'show_word': 1, 'concept': 'desk', 'concept_num': 10, 'concept_num_word': 10, 'exemplar_num': 1, 'image_shown': 'desk\\desk_01.png', 'word_shown_english': 'desk', 'word_shown_german': 'Schreibtisch', 'is_prompt': 1, 'is_mismatch': 0, 'ITI_length': 1.11, 'correct_response': None, 'nonmatch_pres_side': None, 'source_sequence': None, 'source_sequence_position': None, 'thisN': 48, 'thisTrialN': 48, 'thisRepN': 0}>
2026-08-25_09:46:31.869164 	EXP 	fix_cross_2: autoDraw = False
2026-08-25_09:46:31.869164 	EXP 	fix_cross_2: autoDraw = False
2026-08-25_09:46:31.869164 	EXP 	breaks_instruction: text = 'Pause, die Aufgabe geht gleich weiter.\nEs sind noch 9 Blöcke übrig.'
2026-08-25_09:46:31.869164 	EXP 	instruction_continuebreak: text = 'Die Pause ist vorbei.\nBitte drücken Sie eine beliebige Taste,\nsobald sie bereit sind, weiterzumachen.'
2026-08-25_09:46:31.869164 	EXP 	breaks_instruction: autoDraw = False
2026-08-25_09:46:31.869164 	EXP 	progress_bar_breaks: autoDraw = False
2026-08-25_09:46:31.869164 	EXP 	instruction_continuebreak: autoDraw = False
2026-08-25_09:46:31.869164 	EXP 	image: image = 'stimuli/desk\\desk_01.png'
2026-08-25_09:46:31.869164 	EXP 	image: autoDraw = True
2026-08-25_09:46:32.618753 	EXP 	spoken_word: sampleRate = 24000
2026-08-25_09:46:32.620770 	INFO 	Resampled audio from 24000Hz to 48000Hz using method 'default'.
2026-08-25_09:46:32.620785 	DEBUG 	Converted audio clip from mono to stereo
2026-08-25_09:46:32.621361 	EXP 	Sound spoken_word reached end of file
216.5453 	EXP 	Playing sound spoken_word on speaker Lautsprecher (Realtek(R) Audio)
2026-08-25_09:46:32.631857 	INFO 	Keyboard events cleared
2026-08-25_09:46:32.631677 	EXP 	image: autoDraw = False
2026-08-25_09:46:32.631677 	EXP 	image: autoDraw = False
2026-08-25_09:46:32.631677 	EXP 	fix_cross: foreColor = <psychopy.colors.Color: white, alpha=1.0>
2026-08-25_09:46:32.631677 	EXP 	fix_cross: autoDraw = True
2026-08-25_09:46:33.625346 	EXP 	Sound spoken_word reached end of file
2026-08-25_09:46:33.633884 	EXP 	Sound spoken_word reached end of file
2026-08-25_09:46:34.148359 	EXP 	fix_cross: autoDraw = False
2026-08-25_09:46:34.148359 	EXP 	fix_cross_2: autoDraw = True
2026-08-25_09:46:35.250907 	EXP 	New trial (rep=0, index=49): <Trial 49 (49 in rep 0) data={'block': 1, 'trial_in_block': 50, 'trial_type': 'localizer', 'is_buffer': 0, 'show_word': 1, 'concept': 'watch', 'concept_num': 3, 'concept_num_word': 3, 'exemplar_num': 10, 'image_shown': 'watch\\watch_10.png', 'word_shown_english': 'watch', 'word_shown_german': 'Uhr', 'is_prompt': 1, 'is_mismatch': 0, 'ITI_length': 1, 'correct_response': None, 'nonmatch_pres_side': None, 'source_sequence': None, 'source_sequence_position': None, 'thisN': 49, 'thisTrialN': 49, 'thisRepN': 0}>
2026-08-25_09:46:35.334825 	EXP 	fix_cross_2: autoDraw = False
2026-08-25_09:46:35.334825 	EXP 	fix_cross_2: autoDraw = False
2026-08-25_09:46:35.334825 	EXP 	breaks_instruction: text = 'Pause, die Aufgabe geht gleich weiter.\nEs sind noch 9 Blöcke übrig.'
2026-08-25_09:46:35.334825 	EXP 	instruction_continuebreak: text = 'Die Pause ist vorbei.\nBitte drücken Sie eine beliebige Taste,\nsobald sie bereit sind, weiterzumachen.'
2026-08-25_09:46:35.334825 	EXP 	breaks_instruction: autoDraw = False
2026-08-25_09:46:35.334825 	EXP 	progress_bar_breaks: autoDraw = False
2026-08-25_09:46:35.334825 	EXP 	instruction_continuebreak: autoDraw = False
2026-08-25_09:46:35.334825 	EXP 	image: image = 'stimuli/watch\\watch_10.png'
2026-08-25_09:46:35.334825 	EXP 	image: autoDraw = True
2026-08-25_09:46:36.084828 	EXP 	spoken_word: sampleRate = 24000
2026-08-25_09:46:36.086796 	INFO 	Resampled audio from 24000Hz to 48000Hz using method 'default'.
2026-08-25_09:46:36.086823 	DEBUG 	Converted audio clip from mono to stereo
2026-08-25_09:46:36.087607 	EXP 	Sound spoken_word reached end of file
220.0111 	EXP 	Playing sound spoken_word on speaker Lautsprecher (Realtek(R) Audio)
2026-08-25_09:46:36.098576 	INFO 	Keyboard events cleared
2026-08-25_09:46:36.098354 	EXP 	image: autoDraw = False
2026-08-25_09:46:36.098354 	EXP 	image: autoDraw = False
2026-08-25_09:46:36.098354 	EXP 	fix_cross: foreColor = <psychopy.colors.Color: white, alpha=1.0>
2026-08-25_09:46:36.098354 	EXP 	fix_cross: autoDraw = True
2026-08-25_09:46:36.827715 	EXP 	Sound spoken_word reached end of file
2026-08-25_09:46:36.848317 	EXP 	Sound spoken_word reached end of file
2026-08-25_09:46:37.613665 	EXP 	fix_cross: autoDraw = False
2026-08-25_09:46:37.613665 	EXP 	fix_cross_2: autoDraw = True
2026-08-25_09:46:38.613341 	EXP 	fix_cross_2: autoDraw = False
2026-08-25_09:46:38.613341 	EXP 	fix_cross_2: autoDraw = False
2026-08-25_09:46:38.613341 	EXP 	breaks_instruction: text = 'Pause, die Aufgabe geht gleich weiter.\nEs sind noch 9 Blöcke übrig.'
2026-08-25_09:46:38.613341 	EXP 	instruction_continuebreak: text = 'Die Pause ist vorbei.\nBitte drücken Sie eine beliebige Taste,\nsobald sie bereit sind, weiterzumachen.'
2026-08-25_09:46:38.613341 	EXP 	breaks_instruction: autoDraw = True
2026-08-25_09:46:38.613341 	EXP 	progress_bar_breaks: progress = 0.06666666666666665
2026-08-25_09:46:38.613341 	EXP 	progress_bar_breaks: autoDraw = True
2026-08-25_09:46:38.629867 	EXP 	progress_bar_breaks: progress = 0.06666666666666665
2026-08-25_09:46:38.646609 	EXP 	progress_bar_breaks: progress = 0.06666666666666665
2026-08-25_09:46:38.663188 	EXP 	progress_bar_breaks: progress = 0.06666666666666665
2026-08-25_09:46:38.679730 	EXP 	progress_bar_breaks: progress = 0.06666666666666665
2026-08-25_09:46:38.696499 	EXP 	progress_bar_breaks: progress = 0.06666666666666665
2026-08-25_09:46:38.713209 	EXP 	progress_bar_breaks: progress = 0.06666666666666665
2026-08-25_09:46:38.729794 	EXP 	progress_bar_breaks: progress = 0.06666666666666665
2026-08-25_09:46:38.746547 	EXP 	progress_bar_breaks: progress = 0.06666666666666665
2026-08-25_09:46:38.763147 	EXP 	progress_bar_breaks: progress = 0.06666666666666665
2026-08-25_09:46:38.779711 	EXP 	progress_bar_breaks: progress = 0.06666666666666665
2026-08-25_09:46:38.796885 	EXP 	progress_bar_breaks: progress = 0.06666666666666665
2026-08-25_09:46:38.813401 	EXP 	progress_bar_breaks: progress = 0.06666666666666665
2026-08-25_09:46:38.829924 	EXP 	progress_bar_breaks: progress = 0.06666666666666665
2026-08-25_09:46:38.846783 	EXP 	progress_bar_breaks: progress = 0.06666666666666665
2026-08-25_09:46:38.863391 	EXP 	progress_bar_breaks: progress = 0.06666666666666665
2026-08-25_09:46:38.879860 	EXP 	progress_bar_breaks: progress = 0.06666666666666665
2026-08-25_09:46:38.896654 	EXP 	progress_bar_breaks: progress = 0.06666666666666665
2026-08-25_09:46:38.913508 	EXP 	progress_bar_breaks: progress = 0.06666666666666665
2026-08-25_09:46:38.929966 	EXP 	progress_bar_breaks: progress = 0.06666666666666665
2026-08-25_09:46:38.946770 	EXP 	progress_bar_breaks: progress = 0.06666666666666665
2026-08-25_09:46:38.963399 	EXP 	progress_bar_breaks: progress = 0.06666666666666665
2026-08-25_09:46:38.979777 	EXP 	progress_bar_breaks: progress = 0.06666666666666665
2026-08-25_09:46:38.996410 	EXP 	progress_bar_breaks: progress = 0.06666666666666665
2026-08-25_09:46:39.013206 	EXP 	progress_bar_breaks: progress = 0.06666666666666665
2026-08-25_09:46:39.029940 	EXP 	progress_bar_breaks: progress = 0.06666666666666665
2026-08-25_09:46:39.046548 	EXP 	progress_bar_breaks: progress = 0.06666666666666665
2026-08-25_09:46:39.063179 	EXP 	progress_bar_breaks: progress = 0.06666666666666665
2026-08-25_09:46:39.079885 	EXP 	progress_bar_breaks: progress = 0.06666666666666665
2026-08-25_09:46:39.096524 	EXP 	progress_bar_breaks: progress = 0.06666666666666665
2026-08-25_09:46:39.113151 	EXP 	progress_bar_breaks: progress = 0.06666666666666665
2026-08-25_09:46:39.129602 	EXP 	progress_bar_breaks: progress = 0.06666666666666665
2026-08-25_09:46:39.146271 	EXP 	progress_bar_breaks: progress = 0.06666666666666665
2026-08-25_09:46:39.163092 	EXP 	progress_bar_breaks: progress = 0.06666666666666665
2026-08-25_09:46:39.179754 	EXP 	progress_bar_breaks: progress = 0.06666666666666665
2026-08-25_09:46:39.196247 	EXP 	progress_bar_breaks: progress = 0.06666666666666665
2026-08-25_09:46:39.213079 	EXP 	progress_bar_breaks: progress = 0.06666666666666665
2026-08-25_09:46:39.229597 	EXP 	progress_bar_breaks: progress = 0.06666666666666665
2026-08-25_09:46:39.246240 	EXP 	progress_bar_breaks: progress = 0.06666666666666665
2026-08-25_09:46:39.262905 	EXP 	progress_bar_breaks: progress = 0.06666666666666665
2026-08-25_09:46:39.279618 	EXP 	progress_bar_breaks: progress = 0.06666666666666665
2026-08-25_09:46:39.296318 	EXP 	progress_bar_breaks: progress = 0.06666666666666665
2026-08-25_09:46:39.312859 	EXP 	progress_bar_breaks: progress = 0.06666666666666665
2026-08-25_09:46:39.329634 	EXP 	progress_bar_breaks: progress = 0.06666666666666665
2026-08-25_09:46:39.346360 	EXP 	progress_bar_breaks: progress = 0.06666666666666665
2026-08-25_09:46:39.362896 	EXP 	progress_bar_breaks: progress = 0.06666666666666665
2026-08-25_09:46:39.379540 	EXP 	progress_bar_breaks: progress = 0.06666666666666665
2026-08-25_09:46:39.396125 	EXP 	progress_bar_breaks: progress = 0.06666666666666665
2026-08-25_09:46:39.412786 	EXP 	progress_bar_breaks: progress = 0.06666666666666665
2026-08-25_09:46:39.429451 	EXP 	progress_bar_breaks: progress = 0.06666666666666665
2026-08-25_09:46:39.446189 	EXP 	progress_bar_breaks: progress = 0.06666666666666665
2026-08-25_09:46:39.462192 	EXP 	progress_bar_breaks: progress = 0.06666666666666665
2026-08-25_09:46:39.479555 	EXP 	progress_bar_breaks: progress = 0.06666666666666665
2026-08-25_09:46:39.496091 	EXP 	progress_bar_breaks: progress = 0.06666666666666665
2026-08-25_09:46:39.512775 	EXP 	progress_bar_breaks: progress = 0.06666666666666665
2026-08-25_09:46:39.529475 	EXP 	progress_bar_breaks: progress = 0.06666666666666665
2026-08-25_09:46:39.546208 	EXP 	progress_bar_breaks: progress = 0.06666666666666665
2026-08-25_09:46:39.562794 	EXP 	progress_bar_breaks: progress = 0.06666666666666665
2026-08-25_09:46:39.579457 	EXP 	progress_bar_breaks: progress = 0.06666666666666665
2026-08-25_09:46:39.596170 	EXP 	progress_bar_breaks: progress = 0.06666666666666665
2026-08-25_09:46:39.612907 	EXP 	progress_bar_breaks: progress = 0.06666666666666665
2026-08-25_09:46:39.629472 	EXP 	progress_bar_breaks: progress = 0.1333333333333333
2026-08-25_09:46:39.646262 	EXP 	progress_bar_breaks: progress = 0.1333333333333333
2026-08-25_09:46:39.662869 	EXP 	progress_bar_breaks: progress = 0.1333333333333333
2026-08-25_09:46:39.679544 	EXP 	progress_bar_breaks: progress = 0.1333333333333333
2026-08-25_09:46:39.696054 	EXP 	progress_bar_breaks: progress = 0.1333333333333333
2026-08-25_09:46:39.712726 	EXP 	progress_bar_breaks: progress = 0.1333333333333333
2026-08-25_09:46:39.729681 	EXP 	progress_bar_breaks: progress = 0.1333333333333333
2026-08-25_09:46:39.746144 	EXP 	progress_bar_breaks: progress = 0.1333333333333333
2026-08-25_09:46:39.762706 	EXP 	progress_bar_breaks: progress = 0.1333333333333333
2026-08-25_09:46:39.779523 	EXP 	progress_bar_breaks: progress = 0.1333333333333333
2026-08-25_09:46:39.796144 	EXP 	progress_bar_breaks: progress = 0.1333333333333333
2026-08-25_09:46:39.812706 	EXP 	progress_bar_breaks: progress = 0.1333333333333333
2026-08-25_09:46:39.829406 	EXP 	progress_bar_breaks: progress = 0.1333333333333333
2026-08-25_09:46:39.846103 	EXP 	progress_bar_breaks: progress = 0.1333333333333333
2026-08-25_09:46:39.862934 	EXP 	progress_bar_breaks: progress = 0.1333333333333333
2026-08-25_09:46:39.879435 	EXP 	progress_bar_breaks: progress = 0.1333333333333333
2026-08-25_09:46:39.896142 	EXP 	progress_bar_breaks: progress = 0.1333333333333333
2026-08-25_09:46:39.912896 	EXP 	progress_bar_breaks: progress = 0.1333333333333333
2026-08-25_09:46:39.929524 	EXP 	progress_bar_breaks: progress = 0.1333333333333333
2026-08-25_09:46:39.946141 	EXP 	progress_bar_breaks: progress = 0.1333333333333333
2026-08-25_09:46:39.962900 	EXP 	progress_bar_breaks: progress = 0.1333333333333333
2026-08-25_09:46:39.979497 	EXP 	progress_bar_breaks: progress = 0.1333333333333333
2026-08-25_09:46:39.996327 	EXP 	progress_bar_breaks: progress = 0.1333333333333333
2026-08-25_09:46:40.012927 	EXP 	progress_bar_breaks: progress = 0.1333333333333333
2026-08-25_09:46:40.029737 	EXP 	progress_bar_breaks: progress = 0.1333333333333333
2026-08-25_09:46:40.046395 	EXP 	progress_bar_breaks: progress = 0.1333333333333333
2026-08-25_09:46:40.062985 	EXP 	progress_bar_breaks: progress = 0.1333333333333333
2026-08-25_09:46:40.079527 	EXP 	progress_bar_breaks: progress = 0.1333333333333333
2026-08-25_09:46:40.096071 	EXP 	progress_bar_breaks: progress = 0.1333333333333333
2026-08-25_09:46:40.113083 	EXP 	progress_bar_breaks: progress = 0.1333333333333333
2026-08-25_09:46:40.129808 	EXP 	progress_bar_breaks: progress = 0.1333333333333333
2026-08-25_09:46:40.146725 	EXP 	progress_bar_breaks: progress = 0.1333333333333333
2026-08-25_09:46:40.163211 	EXP 	progress_bar_breaks: progress = 0.1333333333333333
2026-08-25_09:46:40.179711 	EXP 	progress_bar_breaks: progress = 0.1333333333333333
2026-08-25_09:46:40.196553 	EXP 	progress_bar_breaks: progress = 0.1333333333333333
2026-08-25_09:46:40.212809 	EXP 	progress_bar_breaks: progress = 0.1333333333333333
2026-08-25_09:46:40.229545 	EXP 	progress_bar_breaks: progress = 0.1333333333333333
2026-08-25_09:46:40.246484 	EXP 	progress_bar_breaks: progress = 0.1333333333333333
2026-08-25_09:46:40.262697 	EXP 	progress_bar_breaks: progress = 0.1333333333333333
2026-08-25_09:46:40.279495 	EXP 	progress_bar_breaks: progress = 0.1333333333333333
2026-08-25_09:46:40.296032 	EXP 	progress_bar_breaks: progress = 0.1333333333333333
2026-08-25_09:46:40.312564 	EXP 	progress_bar_breaks: progress = 0.1333333333333333
2026-08-25_09:46:40.329298 	EXP 	progress_bar_breaks: progress = 0.1333333333333333
2026-08-25_09:46:40.345968 	EXP 	progress_bar_breaks: progress = 0.1333333333333333
2026-08-25_09:46:40.362545 	EXP 	progress_bar_breaks: progress = 0.1333333333333333
2026-08-25_09:46:40.379201 	EXP 	progress_bar_breaks: progress = 0.1333333333333333
2026-08-25_09:46:40.395963 	EXP 	progress_bar_breaks: progress = 0.1333333333333333
2026-08-25_09:46:40.412535 	EXP 	progress_bar_breaks: progress = 0.1333333333333333
2026-08-25_09:46:40.429252 	EXP 	progress_bar_breaks: progress = 0.1333333333333333
2026-08-25_09:46:40.445954 	EXP 	progress_bar_breaks: progress = 0.1333333333333333
2026-08-25_09:46:40.462526 	EXP 	progress_bar_breaks: progress = 0.1333333333333333
2026-08-25_09:46:40.479280 	EXP 	progress_bar_breaks: progress = 0.1333333333333333
2026-08-25_09:46:40.495906 	EXP 	progress_bar_breaks: progress = 0.1333333333333333
2026-08-25_09:46:40.512741 	EXP 	progress_bar_breaks: progress = 0.1333333333333333
2026-08-25_09:46:40.529375 	EXP 	progress_bar_breaks: progress = 0.1333333333333333
2026-08-25_09:46:40.545946 	EXP 	progress_bar_breaks: progress = 0.1333333333333333
2026-08-25_09:46:40.562780 	EXP 	progress_bar_breaks: progress = 0.1333333333333333
2026-08-25_09:46:40.579286 	EXP 	progress_bar_breaks: progress = 0.1333333333333333
2026-08-25_09:46:40.595860 	EXP 	progress_bar_breaks: progress = 0.1333333333333333
2026-08-25_09:46:40.612445 	EXP 	progress_bar_breaks: progress = 0.1333333333333333
2026-08-25_09:46:40.629178 	EXP 	progress_bar_breaks: progress = 0.19999999999999996
2026-08-25_09:46:40.645936 	EXP 	progress_bar_breaks: progress = 0.19999999999999996
2026-08-25_09:46:40.662530 	EXP 	progress_bar_breaks: progress = 0.19999999999999996
2026-08-25_09:46:40.679236 	EXP 	progress_bar_breaks: progress = 0.19999999999999996
2026-08-25_09:46:40.695921 	EXP 	progress_bar_breaks: progress = 0.19999999999999996
2026-08-25_09:46:40.712720 	EXP 	progress_bar_breaks: progress = 0.19999999999999996
2026-08-25_09:46:40.729407 	EXP 	progress_bar_breaks: progress = 0.19999999999999996
2026-08-25_09:46:40.746164 	EXP 	progress_bar_breaks: progress = 0.19999999999999996
2026-08-25_09:46:40.762755 	EXP 	progress_bar_breaks: progress = 0.19999999999999996
2026-08-25_09:46:40.779272 	EXP 	progress_bar_breaks: progress = 0.19999999999999996
2026-08-25_09:46:40.795889 	EXP 	progress_bar_breaks: progress = 0.19999999999999996
2026-08-25_09:46:40.812693 	EXP 	progress_bar_breaks: progress = 0.19999999999999996
2026-08-25_09:46:40.829571 	EXP 	progress_bar_breaks: progress = 0.19999999999999996
2026-08-25_09:46:40.845866 	EXP 	progress_bar_breaks: progress = 0.19999999999999996
2026-08-25_09:46:40.862652 	EXP 	progress_bar_breaks: progress = 0.19999999999999996
2026-08-25_09:46:40.879389 	EXP 	progress_bar_breaks: progress = 0.19999999999999996
2026-08-25_09:46:40.895937 	EXP 	progress_bar_breaks: progress = 0.19999999999999996
2026-08-25_09:46:40.912689 	EXP 	progress_bar_breaks: progress = 0.19999999999999996
2026-08-25_09:46:40.929401 	EXP 	progress_bar_breaks: progress = 0.19999999999999996
2026-08-25_09:46:40.945741 	EXP 	progress_bar_breaks: progress = 0.19999999999999996
2026-08-25_09:46:40.962532 	EXP 	progress_bar_breaks: progress = 0.19999999999999996
2026-08-25_09:46:40.979101 	EXP 	progress_bar_breaks: progress = 0.19999999999999996
2026-08-25_09:46:40.995847 	EXP 	progress_bar_breaks: progress = 0.19999999999999996
2026-08-25_09:46:41.012544 	EXP 	progress_bar_breaks: progress = 0.19999999999999996
2026-08-25_09:46:41.029208 	EXP 	progress_bar_breaks: progress = 0.19999999999999996
2026-08-25_09:46:41.045999 	EXP 	progress_bar_breaks: progress = 0.19999999999999996
2026-08-25_09:46:41.062734 	EXP 	progress_bar_breaks: progress = 0.19999999999999996
2026-08-25_09:46:41.079063 	EXP 	progress_bar_breaks: progress = 0.19999999999999996
2026-08-25_09:46:41.095830 	EXP 	progress_bar_breaks: progress = 0.19999999999999996
2026-08-25_09:46:41.112554 	EXP 	progress_bar_breaks: progress = 0.19999999999999996
2026-08-25_09:46:41.129124 	EXP 	progress_bar_breaks: progress = 0.19999999999999996
2026-08-25_09:46:41.146008 	EXP 	progress_bar_breaks: progress = 0.19999999999999996
2026-08-25_09:46:41.162448 	EXP 	progress_bar_breaks: progress = 0.19999999999999996
2026-08-25_09:46:41.179043 	EXP 	progress_bar_breaks: progress = 0.19999999999999996
2026-08-25_09:46:41.195793 	EXP 	progress_bar_breaks: progress = 0.19999999999999996
2026-08-25_09:46:41.212831 	EXP 	progress_bar_breaks: progress = 0.19999999999999996
2026-08-25_09:46:41.229422 	EXP 	progress_bar_breaks: progress = 0.19999999999999996
2026-08-25_09:46:41.246004 	EXP 	progress_bar_breaks: progress = 0.19999999999999996
2026-08-25_09:46:41.262667 	EXP 	progress_bar_breaks: progress = 0.19999999999999996
2026-08-25_09:46:41.279559 	EXP 	progress_bar_breaks: progress = 0.19999999999999996
2026-08-25_09:46:41.296417 	EXP 	progress_bar_breaks: progress = 0.19999999999999996
2026-08-25_09:46:41.312844 	EXP 	progress_bar_breaks: progress = 0.19999999999999996
2026-08-25_09:46:41.329666 	EXP 	progress_bar_breaks: progress = 0.19999999999999996
2026-08-25_09:46:41.346617 	EXP 	progress_bar_breaks: progress = 0.19999999999999996
2026-08-25_09:46:41.363094 	EXP 	progress_bar_breaks: progress = 0.19999999999999996
2026-08-25_09:46:41.379609 	EXP 	progress_bar_breaks: progress = 0.19999999999999996
2026-08-25_09:46:41.396001 	EXP 	progress_bar_breaks: progress = 0.19999999999999996
2026-08-25_09:46:41.412916 	EXP 	progress_bar_breaks: progress = 0.19999999999999996
2026-08-25_09:46:41.430021 	EXP 	progress_bar_breaks: progress = 0.19999999999999996
2026-08-25_09:46:41.445824 	EXP 	progress_bar_breaks: progress = 0.19999999999999996
2026-08-25_09:46:41.462549 	EXP 	progress_bar_breaks: progress = 0.19999999999999996
2026-08-25_09:46:41.478993 	EXP 	progress_bar_breaks: progress = 0.19999999999999996
2026-08-25_09:46:41.495789 	EXP 	progress_bar_breaks: progress = 0.19999999999999996
2026-08-25_09:46:41.512357 	EXP 	progress_bar_breaks: progress = 0.19999999999999996
2026-08-25_09:46:41.529029 	EXP 	progress_bar_breaks: progress = 0.19999999999999996
2026-08-25_09:46:41.545608 	EXP 	progress_bar_breaks: progress = 0.19999999999999996
2026-08-25_09:46:41.562263 	EXP 	progress_bar_breaks: progress = 0.19999999999999996
2026-08-25_09:46:41.579264 	EXP 	progress_bar_breaks: progress = 0.19999999999999996
2026-08-25_09:46:41.595640 	EXP 	progress_bar_breaks: progress = 0.19999999999999996
2026-08-25_09:46:41.612358 	EXP 	progress_bar_breaks: progress = 0.19999999999999996
2026-08-25_09:46:41.629090 	EXP 	progress_bar_breaks: progress = 0.2666666666666667
2026-08-25_09:46:41.645566 	EXP 	progress_bar_breaks: progress = 0.2666666666666667
2026-08-25_09:46:41.662439 	EXP 	progress_bar_breaks: progress = 0.2666666666666667
2026-08-25_09:46:41.678968 	EXP 	progress_bar_breaks: progress = 0.2666666666666667
2026-08-25_09:46:41.695544 	EXP 	progress_bar_breaks: progress = 0.2666666666666667
2026-08-25_09:46:41.712289 	EXP 	progress_bar_breaks: progress = 0.2666666666666667
2026-08-25_09:46:41.729029 	EXP 	progress_bar_breaks: progress = 0.2666666666666667
2026-08-25_09:46:41.745732 	EXP 	progress_bar_breaks: progress = 0.2666666666666667
2026-08-25_09:46:41.762338 	EXP 	progress_bar_breaks: progress = 0.2666666666666667
2026-08-25_09:46:41.778888 	EXP 	progress_bar_breaks: progress = 0.2666666666666667
2026-08-25_09:46:41.795615 	EXP 	progress_bar_breaks: progress = 0.2666666666666667
2026-08-25_09:46:41.812380 	EXP 	progress_bar_breaks: progress = 0.2666666666666667
2026-08-25_09:46:41.829001 	EXP 	progress_bar_breaks: progress = 0.2666666666666667
2026-08-25_09:46:41.845795 	EXP 	progress_bar_breaks: progress = 0.2666666666666667
2026-08-25_09:46:41.862174 	EXP 	progress_bar_breaks: progress = 0.2666666666666667
2026-08-25_09:46:41.879009 	EXP 	progress_bar_breaks: progress = 0.2666666666666667
2026-08-25_09:46:41.895736 	EXP 	progress_bar_breaks: progress = 0.2666666666666667
2026-08-25_09:46:41.912246 	EXP 	progress_bar_breaks: progress = 0.2666666666666667
2026-08-25_09:46:41.929054 	EXP 	progress_bar_breaks: progress = 0.2666666666666667
2026-08-25_09:46:41.945611 	EXP 	progress_bar_breaks: progress = 0.2666666666666667
2026-08-25_09:46:41.962189 	EXP 	progress_bar_breaks: progress = 0.2666666666666667
2026-08-25_09:46:41.978844 	EXP 	progress_bar_breaks: progress = 0.2666666666666667
2026-08-25_09:46:41.995738 	EXP 	progress_bar_breaks: progress = 0.2666666666666667
2026-08-25_09:46:42.012498 	EXP 	progress_bar_breaks: progress = 0.2666666666666667
2026-08-25_09:46:42.028862 	EXP 	progress_bar_breaks: progress = 0.2666666666666667
2026-08-25_09:46:42.045634 	EXP 	progress_bar_breaks: progress = 0.2666666666666667
2026-08-25_09:46:42.062086 	EXP 	progress_bar_breaks: progress = 0.2666666666666667
2026-08-25_09:46:42.078870 	EXP 	progress_bar_breaks: progress = 0.2666666666666667
2026-08-25_09:46:42.095617 	EXP 	progress_bar_breaks: progress = 0.2666666666666667
2026-08-25_09:46:42.112124 	EXP 	progress_bar_breaks: progress = 0.2666666666666667
2026-08-25_09:46:42.129189 	EXP 	progress_bar_breaks: progress = 0.2666666666666667
2026-08-25_09:46:42.145669 	EXP 	progress_bar_breaks: progress = 0.2666666666666667
2026-08-25_09:46:42.162097 	EXP 	progress_bar_breaks: progress = 0.2666666666666667
2026-08-25_09:46:42.178813 	EXP 	progress_bar_breaks: progress = 0.2666666666666667
2026-08-25_09:46:42.195366 	EXP 	progress_bar_breaks: progress = 0.2666666666666667
2026-08-25_09:46:42.212328 	EXP 	progress_bar_breaks: progress = 0.2666666666666667
2026-08-25_09:46:42.228686 	EXP 	progress_bar_breaks: progress = 0.2666666666666667
2026-08-25_09:46:42.245409 	EXP 	progress_bar_breaks: progress = 0.2666666666666667
2026-08-25_09:46:42.262309 	EXP 	progress_bar_breaks: progress = 0.2666666666666667
2026-08-25_09:46:42.278713 	EXP 	progress_bar_breaks: progress = 0.2666666666666667
2026-08-25_09:46:42.295569 	EXP 	progress_bar_breaks: progress = 0.2666666666666667
2026-08-25_09:46:42.312217 	EXP 	progress_bar_breaks: progress = 0.2666666666666667
2026-08-25_09:46:42.328810 	EXP 	progress_bar_breaks: progress = 0.2666666666666667
2026-08-25_09:46:42.345477 	EXP 	progress_bar_breaks: progress = 0.2666666666666667
2026-08-25_09:46:42.362226 	EXP 	progress_bar_breaks: progress = 0.2666666666666667
2026-08-25_09:46:42.378834 	EXP 	progress_bar_breaks: progress = 0.2666666666666667
2026-08-25_09:46:42.395610 	EXP 	progress_bar_breaks: progress = 0.2666666666666667
2026-08-25_09:46:42.412118 	EXP 	progress_bar_breaks: progress = 0.2666666666666667
2026-08-25_09:46:42.428948 	EXP 	progress_bar_breaks: progress = 0.2666666666666667
2026-08-25_09:46:42.445517 	EXP 	progress_bar_breaks: progress = 0.2666666666666667
2026-08-25_09:46:42.462264 	EXP 	progress_bar_breaks: progress = 0.2666666666666667
2026-08-25_09:46:42.478822 	EXP 	progress_bar_breaks: progress = 0.2666666666666667
2026-08-25_09:46:42.495493 	EXP 	progress_bar_breaks: progress = 0.2666666666666667
2026-08-25_09:46:42.512230 	EXP 	progress_bar_breaks: progress = 0.2666666666666667
2026-08-25_09:46:42.529071 	EXP 	progress_bar_breaks: progress = 0.2666666666666667
2026-08-25_09:46:42.545720 	EXP 	progress_bar_breaks: progress = 0.2666666666666667
2026-08-25_09:46:42.562446 	EXP 	progress_bar_breaks: progress = 0.2666666666666667
2026-08-25_09:46:42.579575 	EXP 	progress_bar_breaks: progress = 0.2666666666666667
2026-08-25_09:46:42.595881 	EXP 	progress_bar_breaks: progress = 0.2666666666666667
2026-08-25_09:46:42.612261 	EXP 	progress_bar_breaks: progress = 0.2666666666666667
2026-08-25_09:46:42.628880 	EXP 	progress_bar_breaks: progress = 0.33333333333333337
2026-08-25_09:46:42.645575 	EXP 	progress_bar_breaks: progress = 0.33333333333333337
2026-08-25_09:46:42.662026 	EXP 	progress_bar_breaks: progress = 0.33333333333333337
2026-08-25_09:46:42.679148 	EXP 	progress_bar_breaks: progress = 0.33333333333333337
2026-08-25_09:46:42.695517 	EXP 	progress_bar_breaks: progress = 0.33333333333333337
2026-08-25_09:46:42.712041 	EXP 	progress_bar_breaks: progress = 0.33333333333333337
2026-08-25_09:46:42.728898 	EXP 	progress_bar_breaks: progress = 0.33333333333333337
2026-08-25_09:46:42.745404 	EXP 	progress_bar_breaks: progress = 0.33333333333333337
2026-08-25_09:46:42.762057 	EXP 	progress_bar_breaks: progress = 0.33333333333333337
2026-08-25_09:46:42.778542 	EXP 	progress_bar_breaks: progress = 0.33333333333333337
2026-08-25_09:46:42.795332 	EXP 	progress_bar_breaks: progress = 0.33333333333333337
2026-08-25_09:46:42.811995 	EXP 	progress_bar_breaks: progress = 0.33333333333333337
2026-08-25_09:46:42.828524 	EXP 	progress_bar_breaks: progress = 0.33333333333333337
2026-08-25_09:46:42.845581 	EXP 	progress_bar_breaks: progress = 0.33333333333333337
2026-08-25_09:46:42.862072 	EXP 	progress_bar_breaks: progress = 0.33333333333333337
2026-08-25_09:46:42.878637 	EXP 	progress_bar_breaks: progress = 0.33333333333333337
2026-08-25_09:46:42.895237 	EXP 	progress_bar_breaks: progress = 0.33333333333333337
2026-08-25_09:46:42.911947 	EXP 	progress_bar_breaks: progress = 0.33333333333333337
2026-08-25_09:46:42.928506 	EXP 	progress_bar_breaks: progress = 0.33333333333333337
2026-08-25_09:46:42.945531 	EXP 	progress_bar_breaks: progress = 0.33333333333333337
2026-08-25_09:46:42.961807 	EXP 	progress_bar_breaks: progress = 0.33333333333333337
2026-08-25_09:46:42.978456 	EXP 	progress_bar_breaks: progress = 0.33333333333333337
2026-08-25_09:46:42.995388 	EXP 	progress_bar_breaks: progress = 0.33333333333333337
2026-08-25_09:46:43.011838 	EXP 	progress_bar_breaks: progress = 0.33333333333333337
2026-08-25_09:46:43.028683 	EXP 	progress_bar_breaks: progress = 0.33333333333333337
2026-08-25_09:46:43.045145 	EXP 	progress_bar_breaks: progress = 0.33333333333333337
2026-08-25_09:46:43.061961 	EXP 	progress_bar_breaks: progress = 0.33333333333333337
2026-08-25_09:46:43.078465 	EXP 	progress_bar_breaks: progress = 0.33333333333333337
2026-08-25_09:46:43.095342 	EXP 	progress_bar_breaks: progress = 0.33333333333333337
2026-08-25_09:46:43.112322 	EXP 	progress_bar_breaks: progress = 0.33333333333333337
2026-08-25_09:46:43.128718 	EXP 	progress_bar_breaks: progress = 0.33333333333333337
2026-08-25_09:46:43.145211 	EXP 	progress_bar_breaks: progress = 0.33333333333333337
2026-08-25_09:46:43.161783 	EXP 	progress_bar_breaks: progress = 0.33333333333333337
2026-08-25_09:46:43.178467 	EXP 	progress_bar_breaks: progress = 0.33333333333333337
2026-08-25_09:46:43.195131 	EXP 	progress_bar_breaks: progress = 0.33333333333333337
2026-08-25_09:46:43.211954 	EXP 	progress_bar_breaks: progress = 0.33333333333333337
2026-08-25_09:46:43.228538 	EXP 	progress_bar_breaks: progress = 0.33333333333333337
2026-08-25_09:46:43.245126 	EXP 	progress_bar_breaks: progress = 0.33333333333333337
2026-08-25_09:46:43.261830 	EXP 	progress_bar_breaks: progress = 0.33333333333333337
2026-08-25_09:46:43.278545 	EXP 	progress_bar_breaks: progress = 0.33333333333333337
2026-08-25_09:46:43.295123 	EXP 	progress_bar_breaks: progress = 0.33333333333333337
2026-08-25_09:46:43.311718 	EXP 	progress_bar_breaks: progress = 0.33333333333333337
2026-08-25_09:46:43.328392 	EXP 	progress_bar_breaks: progress = 0.33333333333333337
2026-08-25_09:46:43.345157 	EXP 	progress_bar_breaks: progress = 0.33333333333333337
2026-08-25_09:46:43.361952 	EXP 	progress_bar_breaks: progress = 0.33333333333333337
2026-08-25_09:46:43.378453 	EXP 	progress_bar_breaks: progress = 0.33333333333333337
2026-08-25_09:46:43.395155 	EXP 	progress_bar_breaks: progress = 0.33333333333333337
2026-08-25_09:46:43.411788 	EXP 	progress_bar_breaks: progress = 0.33333333333333337
2026-08-25_09:46:43.428494 	EXP 	progress_bar_breaks: progress = 0.33333333333333337
2026-08-25_09:46:43.445007 	EXP 	progress_bar_breaks: progress = 0.33333333333333337
2026-08-25_09:46:43.461640 	EXP 	progress_bar_breaks: progress = 0.33333333333333337
2026-08-25_09:46:43.478606 	EXP 	progress_bar_breaks: progress = 0.33333333333333337
2026-08-25_09:46:43.495090 	EXP 	progress_bar_breaks: progress = 0.33333333333333337
2026-08-25_09:46:43.511652 	EXP 	progress_bar_breaks: progress = 0.33333333333333337
2026-08-25_09:46:43.528515 	EXP 	progress_bar_breaks: progress = 0.33333333333333337
2026-08-25_09:46:43.545077 	EXP 	progress_bar_breaks: progress = 0.33333333333333337
2026-08-25_09:46:43.562252 	EXP 	progress_bar_breaks: progress = 0.33333333333333337
2026-08-25_09:46:43.578508 	EXP 	progress_bar_breaks: progress = 0.33333333333333337
2026-08-25_09:46:43.595258 	EXP 	progress_bar_breaks: progress = 0.33333333333333337
2026-08-25_09:46:43.612054 	EXP 	progress_bar_breaks: progress = 0.33333333333333337
2026-08-25_09:46:43.628983 	EXP 	progress_bar_breaks: progress = 0.4
2026-08-25_09:46:43.645304 	EXP 	progress_bar_breaks: progress = 0.4
2026-08-25_09:46:43.662136 	EXP 	progress_bar_breaks: progress = 0.4
2026-08-25_09:46:43.678588 	EXP 	progress_bar_breaks: progress = 0.4
2026-08-25_09:46:43.695781 	EXP 	progress_bar_breaks: progress = 0.4
2026-08-25_09:46:43.711806 	EXP 	progress_bar_breaks: progress = 0.4
2026-08-25_09:46:43.728317 	EXP 	progress_bar_breaks: progress = 0.4
2026-08-25_09:46:43.745101 	EXP 	progress_bar_breaks: progress = 0.4
2026-08-25_09:46:43.762249 	EXP 	progress_bar_breaks: progress = 0.4
2026-08-25_09:46:43.778606 	EXP 	progress_bar_breaks: progress = 0.4
2026-08-25_09:46:43.795331 	EXP 	progress_bar_breaks: progress = 0.4
2026-08-25_09:46:43.811979 	EXP 	progress_bar_breaks: progress = 0.4
2026-08-25_09:46:43.828802 	EXP 	progress_bar_breaks: progress = 0.4
2026-08-25_09:46:43.845056 	EXP 	progress_bar_breaks: progress = 0.4
2026-08-25_09:46:43.861752 	EXP 	progress_bar_breaks: progress = 0.4
2026-08-25_09:46:43.878840 	EXP 	progress_bar_breaks: progress = 0.4
2026-08-25_09:46:43.899570 	EXP 	progress_bar_breaks: progress = 0.4
2026-08-25_09:46:43.911745 	EXP 	progress_bar_breaks: progress = 0.4
2026-08-25_09:46:43.932066 	EXP 	progress_bar_breaks: progress = 0.4
2026-08-25_09:46:43.948167 	EXP 	progress_bar_breaks: progress = 0.4
2026-08-25_09:46:43.961768 	EXP 	progress_bar_breaks: progress = 0.4
2026-08-25_09:46:43.978728 	EXP 	progress_bar_breaks: progress = 0.4
2026-08-25_09:46:43.994990 	EXP 	progress_bar_breaks: progress = 0.4
2026-08-25_09:46:44.012145 	EXP 	progress_bar_breaks: progress = 0.4
2026-08-25_09:46:44.028187 	EXP 	progress_bar_breaks: progress = 0.4
2026-08-25_09:46:44.045578 	EXP 	progress_bar_breaks: progress = 0.4
2026-08-25_09:46:44.065119 	EXP 	progress_bar_breaks: progress = 0.4
2026-08-25_09:46:44.082428 	EXP 	progress_bar_breaks: progress = 0.4
2026-08-25_09:46:44.097389 	EXP 	progress_bar_breaks: progress = 0.4
2026-08-25_09:46:44.112248 	EXP 	progress_bar_breaks: progress = 0.4
2026-08-25_09:46:44.128800 	EXP 	progress_bar_breaks: progress = 0.4
2026-08-25_09:46:44.149369 	EXP 	progress_bar_breaks: progress = 0.4
2026-08-25_09:46:44.161728 	EXP 	progress_bar_breaks: progress = 0.4
2026-08-25_09:46:44.178585 	EXP 	progress_bar_breaks: progress = 0.4
2026-08-25_09:46:44.197727 	EXP 	progress_bar_breaks: progress = 0.4
2026-08-25_09:46:44.213485 	EXP 	progress_bar_breaks: progress = 0.4
2026-08-25_09:46:44.227982 	EXP 	progress_bar_breaks: progress = 0.4
2026-08-25_09:46:44.244610 	EXP 	progress_bar_breaks: progress = 0.4
2026-08-25_09:46:44.261459 	EXP 	progress_bar_breaks: progress = 0.4
2026-08-25_09:46:44.278080 	EXP 	progress_bar_breaks: progress = 0.4
2026-08-25_09:46:44.294776 	EXP 	progress_bar_breaks: progress = 0.4
2026-08-25_09:46:44.314169 	EXP 	progress_bar_breaks: progress = 0.4
2026-08-25_09:46:44.330199 	EXP 	progress_bar_breaks: progress = 0.4
2026-08-25_09:46:44.349040 	EXP 	progress_bar_breaks: progress = 0.4
2026-08-25_09:46:44.363316 	EXP 	progress_bar_breaks: progress = 0.4
2026-08-25_09:46:44.379951 	EXP 	progress_bar_breaks: progress = 0.4
2026-08-25_09:46:44.395800 	EXP 	progress_bar_breaks: progress = 0.4
2026-08-25_09:46:44.412494 	EXP 	progress_bar_breaks: progress = 0.4
2026-08-25_09:46:44.430632 	EXP 	progress_bar_breaks: progress = 0.4
2026-08-25_09:46:44.446952 	EXP 	progress_bar_breaks: progress = 0.4
2026-08-25_09:46:44.463202 	EXP 	progress_bar_breaks: progress = 0.4
2026-08-25_09:46:44.479985 	EXP 	progress_bar_breaks: progress = 0.4
2026-08-25_09:46:44.497304 	EXP 	progress_bar_breaks: progress = 0.4
2026-08-25_09:46:44.512553 	EXP 	progress_bar_breaks: progress = 0.4
2026-08-25_09:46:44.529137 	EXP 	progress_bar_breaks: progress = 0.4
2026-08-25_09:46:44.545648 	EXP 	progress_bar_breaks: progress = 0.4
2026-08-25_09:46:44.562281 	EXP 	progress_bar_breaks: progress = 0.4
2026-08-25_09:46:44.581643 	EXP 	progress_bar_breaks: progress = 0.4
2026-08-25_09:46:44.595825 	EXP 	progress_bar_breaks: progress = 0.4
2026-08-25_09:46:44.612034 	EXP 	progress_bar_breaks: progress = 0.4666666666666667
2026-08-25_09:46:44.629264 	EXP 	progress_bar_breaks: progress = 0.4666666666666667
2026-08-25_09:46:44.645908 	EXP 	progress_bar_breaks: progress = 0.4666666666666667
2026-08-25_09:46:44.662469 	EXP 	progress_bar_breaks: progress = 0.4666666666666667
2026-08-25_09:46:44.679042 	EXP 	progress_bar_breaks: progress = 0.4666666666666667
2026-08-25_09:46:44.696363 	EXP 	progress_bar_breaks: progress = 0.4666666666666667
2026-08-25_09:46:44.712888 	EXP 	progress_bar_breaks: progress = 0.4666666666666667
2026-08-25_09:46:44.729610 	EXP 	progress_bar_breaks: progress = 0.4666666666666667
2026-08-25_09:46:44.749859 	EXP 	progress_bar_breaks: progress = 0.4666666666666667
2026-08-25_09:46:44.778615 	EXP 	progress_bar_breaks: progress = 0.4666666666666667
2026-08-25_09:46:44.796801 	EXP 	progress_bar_breaks: progress = 0.4666666666666667
2026-08-25_09:46:44.813158 	EXP 	progress_bar_breaks: progress = 0.4666666666666667
2026-08-25_09:46:44.829235 	EXP 	progress_bar_breaks: progress = 0.4666666666666667
2026-08-25_09:46:44.850841 	EXP 	progress_bar_breaks: progress = 0.4666666666666667
2026-08-25_09:46:44.878863 	EXP 	progress_bar_breaks: progress = 0.4666666666666667
2026-08-25_09:46:44.895920 	EXP 	progress_bar_breaks: progress = 0.4666666666666667
2026-08-25_09:46:44.912910 	EXP 	progress_bar_breaks: progress = 0.4666666666666667
2026-08-25_09:46:44.928887 	EXP 	progress_bar_breaks: progress = 0.4666666666666667
2026-08-25_09:46:44.953426 	EXP 	progress_bar_breaks: progress = 0.4666666666666667
2026-08-25_09:46:44.981654 	EXP 	progress_bar_breaks: progress = 0.4666666666666667
2026-08-25_09:46:44.995924 	EXP 	progress_bar_breaks: progress = 0.4666666666666667
2026-08-25_09:46:45.013000 	EXP 	progress_bar_breaks: progress = 0.4666666666666667
2026-08-25_09:46:45.029735 	EXP 	progress_bar_breaks: progress = 0.4666666666666667
2026-08-25_09:46:45.047677 	EXP 	progress_bar_breaks: progress = 0.4666666666666667
2026-08-25_09:46:45.063155 	EXP 	progress_bar_breaks: progress = 0.4666666666666667
2026-08-25_09:46:45.084899 	EXP 	progress_bar_breaks: progress = 0.4666666666666667
2026-08-25_09:46:45.111792 	EXP 	progress_bar_breaks: progress = 0.4666666666666667
2026-08-25_09:46:45.129543 	EXP 	progress_bar_breaks: progress = 0.4666666666666667
2026-08-25_09:46:45.145405 	EXP 	progress_bar_breaks: progress = 0.4666666666666667
2026-08-25_09:46:45.162120 	EXP 	progress_bar_breaks: progress = 0.4666666666666667
2026-08-25_09:46:45.179004 	EXP 	progress_bar_breaks: progress = 0.4666666666666667
2026-08-25_09:46:45.195411 	EXP 	progress_bar_breaks: progress = 0.4666666666666667
2026-08-25_09:46:45.213040 	EXP 	progress_bar_breaks: progress = 0.4666666666666667
2026-08-25_09:46:45.228573 	EXP 	progress_bar_breaks: progress = 0.4666666666666667
2026-08-25_09:46:45.245560 	EXP 	progress_bar_breaks: progress = 0.4666666666666667
2026-08-25_09:46:45.263000 	EXP 	progress_bar_breaks: progress = 0.4666666666666667
2026-08-25_09:46:45.278400 	EXP 	progress_bar_breaks: progress = 0.4666666666666667
2026-08-25_09:46:45.295396 	EXP 	progress_bar_breaks: progress = 0.4666666666666667
2026-08-25_09:46:45.312525 	EXP 	progress_bar_breaks: progress = 0.4666666666666667
2026-08-25_09:46:45.328567 	EXP 	progress_bar_breaks: progress = 0.4666666666666667
2026-08-25_09:46:45.346232 	EXP 	progress_bar_breaks: progress = 0.4666666666666667
2026-08-25_09:46:45.362987 	EXP 	progress_bar_breaks: progress = 0.4666666666666667
2026-08-25_09:46:45.378916 	EXP 	progress_bar_breaks: progress = 0.4666666666666667
2026-08-25_09:46:45.395429 	EXP 	progress_bar_breaks: progress = 0.4666666666666667
2026-08-25_09:46:45.411583 	EXP 	progress_bar_breaks: progress = 0.4666666666666667
2026-08-25_09:46:45.428839 	EXP 	progress_bar_breaks: progress = 0.4666666666666667
2026-08-25_09:46:45.444857 	EXP 	progress_bar_breaks: progress = 0.4666666666666667
2026-08-25_09:46:45.461432 	EXP 	progress_bar_breaks: progress = 0.4666666666666667
2026-08-25_09:46:45.478846 	EXP 	progress_bar_breaks: progress = 0.4666666666666667
2026-08-25_09:46:45.494588 	EXP 	progress_bar_breaks: progress = 0.4666666666666667
2026-08-25_09:46:45.511810 	EXP 	progress_bar_breaks: progress = 0.4666666666666667
2026-08-25_09:46:45.528051 	EXP 	progress_bar_breaks: progress = 0.4666666666666667
2026-08-25_09:46:45.545520 	EXP 	progress_bar_breaks: progress = 0.4666666666666667
2026-08-25_09:46:45.561282 	EXP 	progress_bar_breaks: progress = 0.4666666666666667
2026-08-25_09:46:45.579261 	EXP 	progress_bar_breaks: progress = 0.4666666666666667
2026-08-25_09:46:45.595376 	EXP 	progress_bar_breaks: progress = 0.4666666666666667
2026-08-25_09:46:45.612349 	EXP 	progress_bar_breaks: progress = 0.5333333333333333
2026-08-25_09:46:45.628645 	EXP 	progress_bar_breaks: progress = 0.5333333333333333
2026-08-25_09:46:45.645159 	EXP 	progress_bar_breaks: progress = 0.5333333333333333
2026-08-25_09:46:45.661912 	EXP 	progress_bar_breaks: progress = 0.5333333333333333
2026-08-25_09:46:45.678634 	EXP 	progress_bar_breaks: progress = 0.5333333333333333
2026-08-25_09:46:45.695218 	EXP 	progress_bar_breaks: progress = 0.5333333333333333
2026-08-25_09:46:45.711608 	EXP 	progress_bar_breaks: progress = 0.5333333333333333
2026-08-25_09:46:45.728485 	EXP 	progress_bar_breaks: progress = 0.5333333333333333
2026-08-25_09:46:45.744525 	EXP 	progress_bar_breaks: progress = 0.5333333333333333
2026-08-25_09:46:45.761496 	EXP 	progress_bar_breaks: progress = 0.5333333333333333
2026-08-25_09:46:45.778557 	EXP 	progress_bar_breaks: progress = 0.5333333333333333
2026-08-25_09:46:45.795329 	EXP 	progress_bar_breaks: progress = 0.5333333333333333
2026-08-25_09:46:45.812529 	EXP 	progress_bar_breaks: progress = 0.5333333333333333
2026-08-25_09:46:45.828817 	EXP 	progress_bar_breaks: progress = 0.5333333333333333
2026-08-25_09:46:45.845802 	EXP 	progress_bar_breaks: progress = 0.5333333333333333
2026-08-25_09:46:45.861518 	EXP 	progress_bar_breaks: progress = 0.5333333333333333
2026-08-25_09:46:45.877998 	EXP 	progress_bar_breaks: progress = 0.5333333333333333
2026-08-25_09:46:45.894478 	EXP 	progress_bar_breaks: progress = 0.5333333333333333
2026-08-25_09:46:45.912522 	EXP 	progress_bar_breaks: progress = 0.5333333333333333
2026-08-25_09:46:45.928065 	EXP 	progress_bar_breaks: progress = 0.5333333333333333
2026-08-25_09:46:45.945140 	EXP 	progress_bar_breaks: progress = 0.5333333333333333
2026-08-25_09:46:45.962534 	EXP 	progress_bar_breaks: progress = 0.5333333333333333
2026-08-25_09:46:45.979715 	EXP 	progress_bar_breaks: progress = 0.5333333333333333
2026-08-25_09:46:45.996128 	EXP 	progress_bar_breaks: progress = 0.5333333333333333
2026-08-25_09:46:46.012380 	EXP 	progress_bar_breaks: progress = 0.5333333333333333
2026-08-25_09:46:46.028400 	EXP 	progress_bar_breaks: progress = 0.5333333333333333
2026-08-25_09:46:46.045899 	EXP 	progress_bar_breaks: progress = 0.5333333333333333
2026-08-25_09:46:46.063433 	EXP 	progress_bar_breaks: progress = 0.5333333333333333
2026-08-25_09:46:46.078227 	EXP 	progress_bar_breaks: progress = 0.5333333333333333
2026-08-25_09:46:46.095151 	EXP 	progress_bar_breaks: progress = 0.5333333333333333
2026-08-25_09:46:46.111883 	EXP 	progress_bar_breaks: progress = 0.5333333333333333
2026-08-25_09:46:46.129780 	EXP 	progress_bar_breaks: progress = 0.5333333333333333
2026-08-25_09:46:46.145750 	EXP 	progress_bar_breaks: progress = 0.5333333333333333
2026-08-25_09:46:46.161555 	EXP 	progress_bar_breaks: progress = 0.5333333333333333
2026-08-25_09:46:46.178138 	EXP 	progress_bar_breaks: progress = 0.5333333333333333
2026-08-25_09:46:46.195990 	EXP 	progress_bar_breaks: progress = 0.5333333333333333
2026-08-25_09:46:46.211366 	EXP 	progress_bar_breaks: progress = 0.5333333333333333
2026-08-25_09:46:46.227863 	EXP 	progress_bar_breaks: progress = 0.5333333333333333
2026-08-25_09:46:46.245636 	EXP 	progress_bar_breaks: progress = 0.5333333333333333
2026-08-25_09:46:46.262988 	EXP 	progress_bar_breaks: progress = 0.5333333333333333
2026-08-25_09:46:46.277900 	EXP 	progress_bar_breaks: progress = 0.5333333333333333
2026-08-25_09:46:46.294497 	EXP 	progress_bar_breaks: progress = 0.5333333333333333
2026-08-25_09:46:46.311422 	EXP 	progress_bar_breaks: progress = 0.5333333333333333
2026-08-25_09:46:46.328847 	EXP 	progress_bar_breaks: progress = 0.5333333333333333
2026-08-25_09:46:46.344806 	EXP 	progress_bar_breaks: progress = 0.5333333333333333
2026-08-25_09:46:46.361765 	EXP 	progress_bar_breaks: progress = 0.5333333333333333
2026-08-25_09:46:46.378118 	EXP 	progress_bar_breaks: progress = 0.5333333333333333
2026-08-25_09:46:46.394781 	EXP 	progress_bar_breaks: progress = 0.5333333333333333
2026-08-25_09:46:46.412077 	EXP 	progress_bar_breaks: progress = 0.5333333333333333
2026-08-25_09:46:46.427852 	EXP 	progress_bar_breaks: progress = 0.5333333333333333
2026-08-25_09:46:46.444658 	EXP 	progress_bar_breaks: progress = 0.5333333333333333
2026-08-25_09:46:46.461262 	EXP 	progress_bar_breaks: progress = 0.5333333333333333
2026-08-25_09:46:46.478008 	EXP 	progress_bar_breaks: progress = 0.5333333333333333
2026-08-25_09:46:46.494925 	EXP 	progress_bar_breaks: progress = 0.5333333333333333
2026-08-25_09:46:46.511876 	EXP 	progress_bar_breaks: progress = 0.5333333333333333
2026-08-25_09:46:46.528755 	EXP 	progress_bar_breaks: progress = 0.5333333333333333
2026-08-25_09:46:46.545138 	EXP 	progress_bar_breaks: progress = 0.5333333333333333
2026-08-25_09:46:46.561387 	EXP 	progress_bar_breaks: progress = 0.5333333333333333
2026-08-25_09:46:46.578102 	EXP 	progress_bar_breaks: progress = 0.5333333333333333
2026-08-25_09:46:46.594837 	EXP 	progress_bar_breaks: progress = 0.5333333333333333
2026-08-25_09:46:46.611075 	EXP 	progress_bar_breaks: progress = 0.5333333333333333
2026-08-25_09:46:46.628008 	EXP 	progress_bar_breaks: progress = 0.6
2026-08-25_09:46:46.644856 	EXP 	progress_bar_breaks: progress = 0.6
2026-08-25_09:46:46.661678 	EXP 	progress_bar_breaks: progress = 0.6
2026-08-25_09:46:46.678358 	EXP 	progress_bar_breaks: progress = 0.6
2026-08-25_09:46:46.694850 	EXP 	progress_bar_breaks: progress = 0.6
2026-08-25_09:46:46.710958 	EXP 	progress_bar_breaks: progress = 0.6
2026-08-25_09:46:46.727965 	EXP 	progress_bar_breaks: progress = 0.6
2026-08-25_09:46:46.744679 	EXP 	progress_bar_breaks: progress = 0.6
2026-08-25_09:46:46.761531 	EXP 	progress_bar_breaks: progress = 0.6
2026-08-25_09:46:46.778274 	EXP 	progress_bar_breaks: progress = 0.6
2026-08-25_09:46:46.795020 	EXP 	progress_bar_breaks: progress = 0.6
2026-08-25_09:46:46.825669 	EXP 	progress_bar_breaks: progress = 0.6
2026-08-25_09:46:46.845390 	EXP 	progress_bar_breaks: progress = 0.6
2026-08-25_09:46:46.861896 	EXP 	progress_bar_breaks: progress = 0.6
2026-08-25_09:46:46.878526 	EXP 	progress_bar_breaks: progress = 0.6
2026-08-25_09:46:46.894862 	EXP 	progress_bar_breaks: progress = 0.6
2026-08-25_09:46:46.910787 	EXP 	progress_bar_breaks: progress = 0.6
2026-08-25_09:46:46.927495 	EXP 	progress_bar_breaks: progress = 0.6
2026-08-25_09:46:46.944305 	EXP 	progress_bar_breaks: progress = 0.6
2026-08-25_09:46:46.961640 	EXP 	progress_bar_breaks: progress = 0.6
2026-08-25_09:46:46.978263 	EXP 	progress_bar_breaks: progress = 0.6
2026-08-25_09:46:46.994773 	EXP 	progress_bar_breaks: progress = 0.6
2026-08-25_09:46:47.012425 	EXP 	progress_bar_breaks: progress = 0.6
2026-08-25_09:46:47.027550 	EXP 	progress_bar_breaks: progress = 0.6
2026-08-25_09:46:47.044956 	EXP 	progress_bar_breaks: progress = 0.6
2026-08-25_09:46:47.061461 	EXP 	progress_bar_breaks: progress = 0.6
2026-08-25_09:46:47.078707 	EXP 	progress_bar_breaks: progress = 0.6
2026-08-25_09:46:47.095222 	EXP 	progress_bar_breaks: progress = 0.6
2026-08-25_09:46:47.112584 	EXP 	progress_bar_breaks: progress = 0.6
2026-08-25_09:46:47.129147 	EXP 	progress_bar_breaks: progress = 0.6
2026-08-25_09:46:47.145277 	EXP 	progress_bar_breaks: progress = 0.6
2026-08-25_09:46:47.162541 	EXP 	progress_bar_breaks: progress = 0.6
2026-08-25_09:46:47.177921 	EXP 	progress_bar_breaks: progress = 0.6
2026-08-25_09:46:47.194229 	EXP 	progress_bar_breaks: progress = 0.6
2026-08-25_09:46:47.211169 	EXP 	progress_bar_breaks: progress = 0.6
2026-08-25_09:46:47.228185 	EXP 	progress_bar_breaks: progress = 0.6
2026-08-25_09:46:47.244815 	EXP 	progress_bar_breaks: progress = 0.6
2026-08-25_09:46:47.275255 	EXP 	progress_bar_breaks: progress = 0.6
2026-08-25_09:46:47.295010 	EXP 	progress_bar_breaks: progress = 0.6
2026-08-25_09:46:47.311896 	EXP 	progress_bar_breaks: progress = 0.6
2026-08-25_09:46:47.328567 	EXP 	progress_bar_breaks: progress = 0.6
2026-08-25_09:46:47.343886 	EXP 	progress_bar_breaks: progress = 0.6
2026-08-25_09:46:47.360643 	EXP 	progress_bar_breaks: progress = 0.6
2026-08-25_09:46:47.378689 	EXP 	progress_bar_breaks: progress = 0.6
2026-08-25_09:46:47.395621 	EXP 	progress_bar_breaks: progress = 0.6
2026-08-25_09:46:47.410744 	EXP 	progress_bar_breaks: progress = 0.6
2026-08-25_09:46:47.429020 	EXP 	progress_bar_breaks: progress = 0.6
2026-08-25_09:46:47.445149 	EXP 	progress_bar_breaks: progress = 0.6
2026-08-25_09:46:47.462788 	EXP 	progress_bar_breaks: progress = 0.6
2026-08-25_09:46:47.478163 	EXP 	progress_bar_breaks: progress = 0.6
2026-08-25_09:46:47.494874 	EXP 	progress_bar_breaks: progress = 0.6
2026-08-25_09:46:47.511381 	EXP 	progress_bar_breaks: progress = 0.6
2026-08-25_09:46:47.528099 	EXP 	progress_bar_breaks: progress = 0.6
2026-08-25_09:46:47.545809 	EXP 	progress_bar_breaks: progress = 0.6
2026-08-25_09:46:47.560839 	EXP 	progress_bar_breaks: progress = 0.6
2026-08-25_09:46:47.578740 	EXP 	progress_bar_breaks: progress = 0.6
2026-08-25_09:46:47.594242 	EXP 	progress_bar_breaks: progress = 0.6
2026-08-25_09:46:47.612247 	EXP 	progress_bar_breaks: progress = 0.6
2026-08-25_09:46:47.627949 	EXP 	progress_bar_breaks: progress = 0.6666666666666667
2026-08-25_09:46:47.644830 	EXP 	progress_bar_breaks: progress = 0.6666666666666667
2026-08-25_09:46:47.661127 	EXP 	progress_bar_breaks: progress = 0.6666666666666667
2026-08-25_09:46:47.677533 	EXP 	progress_bar_breaks: progress = 0.6666666666666667
2026-08-25_09:46:47.695406 	EXP 	progress_bar_breaks: progress = 0.6666666666666667
2026-08-25_09:46:47.711463 	EXP 	progress_bar_breaks: progress = 0.6666666666666667
2026-08-25_09:46:47.727923 	EXP 	progress_bar_breaks: progress = 0.6666666666666667
2026-08-25_09:46:47.744597 	EXP 	progress_bar_breaks: progress = 0.6666666666666667
2026-08-25_09:46:47.761718 	EXP 	progress_bar_breaks: progress = 0.6666666666666667
2026-08-25_09:46:47.778441 	EXP 	progress_bar_breaks: progress = 0.6666666666666667
2026-08-25_09:46:47.794992 	EXP 	progress_bar_breaks: progress = 0.6666666666666667
2026-08-25_09:46:47.811108 	EXP 	progress_bar_breaks: progress = 0.6666666666666667
2026-08-25_09:46:47.828202 	EXP 	progress_bar_breaks: progress = 0.6666666666666667
2026-08-25_09:46:47.844892 	EXP 	progress_bar_breaks: progress = 0.6666666666666667
2026-08-25_09:46:47.860676 	EXP 	progress_bar_breaks: progress = 0.6666666666666667
2026-08-25_09:46:47.877935 	EXP 	progress_bar_breaks: progress = 0.6666666666666667
2026-08-25_09:46:47.893785 	EXP 	progress_bar_breaks: progress = 0.6666666666666667
2026-08-25_09:46:47.912136 	EXP 	progress_bar_breaks: progress = 0.6666666666666667
2026-08-25_09:46:47.928596 	EXP 	progress_bar_breaks: progress = 0.6666666666666667
2026-08-25_09:46:47.944413 	EXP 	progress_bar_breaks: progress = 0.6666666666666667
2026-08-25_09:46:47.961210 	EXP 	progress_bar_breaks: progress = 0.6666666666666667
2026-08-25_09:46:47.978539 	EXP 	progress_bar_breaks: progress = 0.6666666666666667
2026-08-25_09:46:47.994902 	EXP 	progress_bar_breaks: progress = 0.6666666666666667
2026-08-25_09:46:48.010918 	EXP 	progress_bar_breaks: progress = 0.6666666666666667
2026-08-25_09:46:48.027356 	EXP 	progress_bar_breaks: progress = 0.6666666666666667
2026-08-25_09:46:48.044213 	EXP 	progress_bar_breaks: progress = 0.6666666666666667
2026-08-25_09:46:48.061203 	EXP 	progress_bar_breaks: progress = 0.6666666666666667
2026-08-25_09:46:48.077209 	EXP 	progress_bar_breaks: progress = 0.6666666666666667
2026-08-25_09:46:48.094523 	EXP 	progress_bar_breaks: progress = 0.6666666666666667
2026-08-25_09:46:48.110429 	EXP 	progress_bar_breaks: progress = 0.6666666666666667
2026-08-25_09:46:48.127470 	EXP 	progress_bar_breaks: progress = 0.6666666666666667
2026-08-25_09:46:48.143894 	EXP 	progress_bar_breaks: progress = 0.6666666666666667
2026-08-25_09:46:48.160562 	EXP 	progress_bar_breaks: progress = 0.6666666666666667
2026-08-25_09:46:48.177128 	EXP 	progress_bar_breaks: progress = 0.6666666666666667
2026-08-25_09:46:48.193708 	EXP 	progress_bar_breaks: progress = 0.6666666666666667
2026-08-25_09:46:48.210542 	EXP 	progress_bar_breaks: progress = 0.6666666666666667
2026-08-25_09:46:48.227051 	EXP 	progress_bar_breaks: progress = 0.6666666666666667
2026-08-25_09:46:48.243596 	EXP 	progress_bar_breaks: progress = 0.6666666666666667
2026-08-25_09:46:48.260411 	EXP 	progress_bar_breaks: progress = 0.6666666666666667
2026-08-25_09:46:48.276997 	EXP 	progress_bar_breaks: progress = 0.6666666666666667
2026-08-25_09:46:48.293568 	EXP 	progress_bar_breaks: progress = 0.6666666666666667
2026-08-25_09:46:48.310279 	EXP 	progress_bar_breaks: progress = 0.6666666666666667
2026-08-25_09:46:48.327375 	EXP 	progress_bar_breaks: progress = 0.6666666666666667
2026-08-25_09:46:48.343741 	EXP 	progress_bar_breaks: progress = 0.6666666666666667
2026-08-25_09:46:48.360233 	EXP 	progress_bar_breaks: progress = 0.6666666666666667
2026-08-25_09:46:48.377045 	EXP 	progress_bar_breaks: progress = 0.6666666666666667
2026-08-25_09:46:48.393499 	EXP 	progress_bar_breaks: progress = 0.6666666666666667
2026-08-25_09:46:48.410107 	EXP 	progress_bar_breaks: progress = 0.6666666666666667
2026-08-25_09:46:48.426889 	EXP 	progress_bar_breaks: progress = 0.6666666666666667
2026-08-25_09:46:48.443420 	EXP 	progress_bar_breaks: progress = 0.6666666666666667
2026-08-25_09:46:48.460205 	EXP 	progress_bar_breaks: progress = 0.6666666666666667
2026-08-25_09:46:48.476675 	EXP 	progress_bar_breaks: progress = 0.6666666666666667
2026-08-25_09:46:48.493623 	EXP 	progress_bar_breaks: progress = 0.6666666666666667
2026-08-25_09:46:48.510058 	EXP 	progress_bar_breaks: progress = 0.6666666666666667
2026-08-25_09:46:48.526617 	EXP 	progress_bar_breaks: progress = 0.6666666666666667
2026-08-25_09:46:48.543444 	EXP 	progress_bar_breaks: progress = 0.6666666666666667
2026-08-25_09:46:48.560144 	EXP 	progress_bar_breaks: progress = 0.6666666666666667
2026-08-25_09:46:48.576974 	EXP 	progress_bar_breaks: progress = 0.6666666666666667
2026-08-25_09:46:48.593429 	EXP 	progress_bar_breaks: progress = 0.6666666666666667
2026-08-25_09:46:48.610444 	EXP 	progress_bar_breaks: progress = 0.6666666666666667
2026-08-25_09:46:48.627352 	EXP 	progress_bar_breaks: progress = 0.7333333333333334
2026-08-25_09:46:48.643338 	EXP 	progress_bar_breaks: progress = 0.7333333333333334
2026-08-25_09:46:48.660302 	EXP 	progress_bar_breaks: progress = 0.7333333333333334
2026-08-25_09:46:48.676956 	EXP 	progress_bar_breaks: progress = 0.7333333333333334
2026-08-25_09:46:48.693888 	EXP 	progress_bar_breaks: progress = 0.7333333333333334
2026-08-25_09:46:48.710408 	EXP 	progress_bar_breaks: progress = 0.7333333333333334
2026-08-25_09:46:48.726869 	EXP 	progress_bar_breaks: progress = 0.7333333333333334
2026-08-25_09:46:48.743319 	EXP 	progress_bar_breaks: progress = 0.7333333333333334
2026-08-25_09:46:48.760278 	EXP 	progress_bar_breaks: progress = 0.7333333333333334
2026-08-25_09:46:48.776728 	EXP 	progress_bar_breaks: progress = 0.7333333333333334
2026-08-25_09:46:48.793711 	EXP 	progress_bar_breaks: progress = 0.7333333333333334
2026-08-25_09:46:48.810330 	EXP 	progress_bar_breaks: progress = 0.7333333333333334
2026-08-25_09:46:48.827311 	EXP 	progress_bar_breaks: progress = 0.7333333333333334
2026-08-25_09:46:48.843755 	EXP 	progress_bar_breaks: progress = 0.7333333333333334
2026-08-25_09:46:48.860095 	EXP 	progress_bar_breaks: progress = 0.7333333333333334
2026-08-25_09:46:48.876801 	EXP 	progress_bar_breaks: progress = 0.7333333333333334
2026-08-25_09:46:48.894078 	EXP 	progress_bar_breaks: progress = 0.7333333333333334
2026-08-25_09:46:48.911513 	EXP 	progress_bar_breaks: progress = 0.7333333333333334
2026-08-25_09:46:48.927865 	EXP 	progress_bar_breaks: progress = 0.7333333333333334
2026-08-25_09:46:48.944174 	EXP 	progress_bar_breaks: progress = 0.7333333333333334
2026-08-25_09:46:48.960943 	EXP 	progress_bar_breaks: progress = 0.7333333333333334
2026-08-25_09:46:48.977475 	EXP 	progress_bar_breaks: progress = 0.7333333333333334
2026-08-25_09:46:48.994539 	EXP 	progress_bar_breaks: progress = 0.7333333333333334
2026-08-25_09:46:49.011248 	EXP 	progress_bar_breaks: progress = 0.7333333333333334
2026-08-25_09:46:49.028084 	EXP 	progress_bar_breaks: progress = 0.7333333333333334
2026-08-25_09:46:49.044634 	EXP 	progress_bar_breaks: progress = 0.7333333333333334
2026-08-25_09:46:49.060706 	EXP 	progress_bar_breaks: progress = 0.7333333333333334
2026-08-25_09:46:49.077177 	EXP 	progress_bar_breaks: progress = 0.7333333333333334
2026-08-25_09:46:49.094645 	EXP 	progress_bar_breaks: progress = 0.7333333333333334
2026-08-25_09:46:49.110458 	EXP 	progress_bar_breaks: progress = 0.7333333333333334
2026-08-25_09:46:49.128603 	EXP 	progress_bar_breaks: progress = 0.7333333333333334
2026-08-25_09:46:49.144629 	EXP 	progress_bar_breaks: progress = 0.7333333333333334
2026-08-25_09:46:49.159915 	EXP 	progress_bar_breaks: progress = 0.7333333333333334
2026-08-25_09:46:49.177110 	EXP 	progress_bar_breaks: progress = 0.7333333333333334
2026-08-25_09:46:49.193806 	EXP 	progress_bar_breaks: progress = 0.7333333333333334
2026-08-25_09:46:49.210422 	EXP 	progress_bar_breaks: progress = 0.7333333333333334
2026-08-25_09:46:49.227226 	EXP 	progress_bar_breaks: progress = 0.7333333333333334
2026-08-25_09:46:49.243650 	EXP 	progress_bar_breaks: progress = 0.7333333333333334
2026-08-25_09:46:49.260137 	EXP 	progress_bar_breaks: progress = 0.7333333333333334
2026-08-25_09:46:49.276836 	EXP 	progress_bar_breaks: progress = 0.7333333333333334
2026-08-25_09:46:49.294308 	EXP 	progress_bar_breaks: progress = 0.7333333333333334
2026-08-25_09:46:49.310013 	EXP 	progress_bar_breaks: progress = 0.7333333333333334
2026-08-25_09:46:49.326728 	EXP 	progress_bar_breaks: progress = 0.7333333333333334
2026-08-25_09:46:49.343354 	EXP 	progress_bar_breaks: progress = 0.7333333333333334
2026-08-25_09:46:49.360888 	EXP 	progress_bar_breaks: progress = 0.7333333333333334
2026-08-25_09:46:49.377232 	EXP 	progress_bar_breaks: progress = 0.7333333333333334
2026-08-25_09:46:49.393441 	EXP 	progress_bar_breaks: progress = 0.7333333333333334
2026-08-25_09:46:49.410382 	EXP 	progress_bar_breaks: progress = 0.7333333333333334
2026-08-25_09:46:49.427402 	EXP 	progress_bar_breaks: progress = 0.7333333333333334
2026-08-25_09:46:49.443780 	EXP 	progress_bar_breaks: progress = 0.7333333333333334
2026-08-25_09:46:49.460126 	EXP 	progress_bar_breaks: progress = 0.7333333333333334
2026-08-25_09:46:49.476501 	EXP 	progress_bar_breaks: progress = 0.7333333333333334
2026-08-25_09:46:49.493915 	EXP 	progress_bar_breaks: progress = 0.7333333333333334
2026-08-25_09:46:49.509927 	EXP 	progress_bar_breaks: progress = 0.7333333333333334
2026-08-25_09:46:49.526644 	EXP 	progress_bar_breaks: progress = 0.7333333333333334
2026-08-25_09:46:49.543374 	EXP 	progress_bar_breaks: progress = 0.7333333333333334
2026-08-25_09:46:49.560097 	EXP 	progress_bar_breaks: progress = 0.7333333333333334
2026-08-25_09:46:49.576985 	EXP 	progress_bar_breaks: progress = 0.7333333333333334
2026-08-25_09:46:49.594757 	EXP 	progress_bar_breaks: progress = 0.7333333333333334
2026-08-25_09:46:49.610682 	EXP 	progress_bar_breaks: progress = 0.7333333333333334
2026-08-25_09:46:49.627705 	EXP 	progress_bar_breaks: progress = 0.8
2026-08-25_09:46:49.643944 	EXP 	progress_bar_breaks: progress = 0.8
2026-08-25_09:46:49.660613 	EXP 	progress_bar_breaks: progress = 0.8
2026-08-25_09:46:49.677012 	EXP 	progress_bar_breaks: progress = 0.8
2026-08-25_09:46:49.693927 	EXP 	progress_bar_breaks: progress = 0.8
2026-08-25_09:46:49.711682 	EXP 	progress_bar_breaks: progress = 0.8
2026-08-25_09:46:49.727522 	EXP 	progress_bar_breaks: progress = 0.8
2026-08-25_09:46:49.743458 	EXP 	progress_bar_breaks: progress = 0.8
2026-08-25_09:46:49.760647 	EXP 	progress_bar_breaks: progress = 0.8
2026-08-25_09:46:49.776922 	EXP 	progress_bar_breaks: progress = 0.8
2026-08-25_09:46:49.794006 	EXP 	progress_bar_breaks: progress = 0.8
2026-08-25_09:46:49.811197 	EXP 	progress_bar_breaks: progress = 0.8
2026-08-25_09:46:49.827066 	EXP 	progress_bar_breaks: progress = 0.8
2026-08-25_09:46:49.843356 	EXP 	progress_bar_breaks: progress = 0.8
2026-08-25_09:46:49.860053 	EXP 	progress_bar_breaks: progress = 0.8
2026-08-25_09:46:49.876962 	EXP 	progress_bar_breaks: progress = 0.8
2026-08-25_09:46:49.893258 	EXP 	progress_bar_breaks: progress = 0.8
2026-08-25_09:46:49.910182 	EXP 	progress_bar_breaks: progress = 0.8
2026-08-25_09:46:49.926593 	EXP 	progress_bar_breaks: progress = 0.8
2026-08-25_09:46:49.943531 	EXP 	progress_bar_breaks: progress = 0.8
2026-08-25_09:46:49.960644 	EXP 	progress_bar_breaks: progress = 0.8
2026-08-25_09:46:49.977423 	EXP 	progress_bar_breaks: progress = 0.8
2026-08-25_09:46:49.993628 	EXP 	progress_bar_breaks: progress = 0.8
2026-08-25_09:46:50.010235 	EXP 	progress_bar_breaks: progress = 0.8
2026-08-25_09:46:50.027163 	EXP 	progress_bar_breaks: progress = 0.8
2026-08-25_09:46:50.045071 	EXP 	progress_bar_breaks: progress = 0.8
2026-08-25_09:46:50.062245 	EXP 	progress_bar_breaks: progress = 0.8
2026-08-25_09:46:50.077131 	EXP 	progress_bar_breaks: progress = 0.8
2026-08-25_09:46:50.093627 	EXP 	progress_bar_breaks: progress = 0.8
2026-08-25_09:46:50.110677 	EXP 	progress_bar_breaks: progress = 0.8
2026-08-25_09:46:50.127307 	EXP 	progress_bar_breaks: progress = 0.8
2026-08-25_09:46:50.144010 	EXP 	progress_bar_breaks: progress = 0.8
2026-08-25_09:46:50.160802 	EXP 	progress_bar_breaks: progress = 0.8
2026-08-25_09:46:50.177071 	EXP 	progress_bar_breaks: progress = 0.8
2026-08-25_09:46:50.193838 	EXP 	progress_bar_breaks: progress = 0.8
2026-08-25_09:46:50.210377 	EXP 	progress_bar_breaks: progress = 0.8
2026-08-25_09:46:50.226637 	EXP 	progress_bar_breaks: progress = 0.8
2026-08-25_09:46:50.243618 	EXP 	progress_bar_breaks: progress = 0.8
2026-08-25_09:46:50.260390 	EXP 	progress_bar_breaks: progress = 0.8
2026-08-25_09:46:50.277572 	EXP 	progress_bar_breaks: progress = 0.8
2026-08-25_09:46:50.296448 	EXP 	progress_bar_breaks: progress = 0.8
2026-08-25_09:46:50.310357 	EXP 	progress_bar_breaks: progress = 0.8
2026-08-25_09:46:50.327071 	EXP 	progress_bar_breaks: progress = 0.8
2026-08-25_09:46:50.343750 	EXP 	progress_bar_breaks: progress = 0.8
2026-08-25_09:46:50.360084 	EXP 	progress_bar_breaks: progress = 0.8
2026-08-25_09:46:50.377462 	EXP 	progress_bar_breaks: progress = 0.8
2026-08-25_09:46:50.394690 	EXP 	progress_bar_breaks: progress = 0.8
2026-08-25_09:46:50.411362 	EXP 	progress_bar_breaks: progress = 0.8
2026-08-25_09:46:50.426954 	EXP 	progress_bar_breaks: progress = 0.8
2026-08-25_09:46:50.444016 	EXP 	progress_bar_breaks: progress = 0.8
2026-08-25_09:46:50.461495 	EXP 	progress_bar_breaks: progress = 0.8
2026-08-25_09:46:50.477170 	EXP 	progress_bar_breaks: progress = 0.8
2026-08-25_09:46:50.493631 	EXP 	progress_bar_breaks: progress = 0.8
2026-08-25_09:46:50.509894 	EXP 	progress_bar_breaks: progress = 0.8
2026-08-25_09:46:50.526549 	EXP 	progress_bar_breaks: progress = 0.8
2026-08-25_09:46:50.543732 	EXP 	progress_bar_breaks: progress = 0.8
2026-08-25_09:46:50.560900 	EXP 	progress_bar_breaks: progress = 0.8
2026-08-25_09:46:50.577898 	EXP 	progress_bar_breaks: progress = 0.8
2026-08-25_09:46:50.593889 	EXP 	progress_bar_breaks: progress = 0.8
2026-08-25_09:46:50.612173 	EXP 	progress_bar_breaks: progress = 0.8
2026-08-25_09:46:50.627179 	EXP 	progress_bar_breaks: progress = 0.8666666666666667
2026-08-25_09:46:50.644516 	EXP 	progress_bar_breaks: progress = 0.8666666666666667
2026-08-25_09:46:50.660555 	EXP 	progress_bar_breaks: progress = 0.8666666666666667
2026-08-25_09:46:50.677727 	EXP 	progress_bar_breaks: progress = 0.8666666666666667
2026-08-25_09:46:50.694077 	EXP 	progress_bar_breaks: progress = 0.8666666666666667
2026-08-25_09:46:50.712132 	EXP 	progress_bar_breaks: progress = 0.8666666666666667
2026-08-25_09:46:50.727757 	EXP 	progress_bar_breaks: progress = 0.8666666666666667
2026-08-25_09:46:50.744507 	EXP 	progress_bar_breaks: progress = 0.8666666666666667
2026-08-25_09:46:50.759967 	EXP 	progress_bar_breaks: progress = 0.8666666666666667
2026-08-25_09:46:50.777416 	EXP 	progress_bar_breaks: progress = 0.8666666666666667
2026-08-25_09:46:50.793100 	EXP 	progress_bar_breaks: progress = 0.8666666666666667
2026-08-25_09:46:50.810454 	EXP 	progress_bar_breaks: progress = 0.8666666666666667
2026-08-25_09:46:50.826428 	EXP 	progress_bar_breaks: progress = 0.8666666666666667
2026-08-25_09:46:50.843076 	EXP 	progress_bar_breaks: progress = 0.8666666666666667
2026-08-25_09:46:50.860054 	EXP 	progress_bar_breaks: progress = 0.8666666666666667
2026-08-25_09:46:50.877153 	EXP 	progress_bar_breaks: progress = 0.8666666666666667
2026-08-25_09:46:50.893350 	EXP 	progress_bar_breaks: progress = 0.8666666666666667
2026-08-25_09:46:50.910174 	EXP 	progress_bar_breaks: progress = 0.8666666666666667
2026-08-25_09:46:50.926679 	EXP 	progress_bar_breaks: progress = 0.8666666666666667
2026-08-25_09:46:50.943304 	EXP 	progress_bar_breaks: progress = 0.8666666666666667
2026-08-25_09:46:50.960111 	EXP 	progress_bar_breaks: progress = 0.8666666666666667
2026-08-25_09:46:50.976469 	EXP 	progress_bar_breaks: progress = 0.8666666666666667
2026-08-25_09:46:50.992900 	EXP 	progress_bar_breaks: progress = 0.8666666666666667
2026-08-25_09:46:51.009697 	EXP 	progress_bar_breaks: progress = 0.8666666666666667
2026-08-25_09:46:51.025964 	EXP 	progress_bar_breaks: progress = 0.8666666666666667
2026-08-25_09:46:51.042836 	EXP 	progress_bar_breaks: progress = 0.8666666666666667
2026-08-25_09:46:51.060465 	EXP 	progress_bar_breaks: progress = 0.8666666666666667
2026-08-25_09:46:51.076491 	EXP 	progress_bar_breaks: progress = 0.8666666666666667
2026-08-25_09:46:51.092862 	EXP 	progress_bar_breaks: progress = 0.8666666666666667
2026-08-25_09:46:51.109818 	EXP 	progress_bar_breaks: progress = 0.8666666666666667
2026-08-25_09:46:51.126188 	EXP 	progress_bar_breaks: progress = 0.8666666666666667
2026-08-25_09:46:51.144142 	EXP 	progress_bar_breaks: progress = 0.8666666666666667
2026-08-25_09:46:51.159989 	EXP 	progress_bar_breaks: progress = 0.8666666666666667
2026-08-25_09:46:51.177596 	EXP 	progress_bar_breaks: progress = 0.8666666666666667
2026-08-25_09:46:51.193162 	EXP 	progress_bar_breaks: progress = 0.8666666666666667
2026-08-25_09:46:51.209696 	EXP 	progress_bar_breaks: progress = 0.8666666666666667
2026-08-25_09:46:51.226780 	EXP 	progress_bar_breaks: progress = 0.8666666666666667
2026-08-25_09:46:51.242944 	EXP 	progress_bar_breaks: progress = 0.8666666666666667
2026-08-25_09:46:51.261137 	EXP 	progress_bar_breaks: progress = 0.8666666666666667
2026-08-25_09:46:51.276386 	EXP 	progress_bar_breaks: progress = 0.8666666666666667
2026-08-25_09:46:51.293329 	EXP 	progress_bar_breaks: progress = 0.8666666666666667
2026-08-25_09:46:51.309399 	EXP 	progress_bar_breaks: progress = 0.8666666666666667
2026-08-25_09:46:51.326562 	EXP 	progress_bar_breaks: progress = 0.8666666666666667
2026-08-25_09:46:51.342782 	EXP 	progress_bar_breaks: progress = 0.8666666666666667
2026-08-25_09:46:51.360312 	EXP 	progress_bar_breaks: progress = 0.8666666666666667
2026-08-25_09:46:51.376429 	EXP 	progress_bar_breaks: progress = 0.8666666666666667
2026-08-25_09:46:51.393360 	EXP 	progress_bar_breaks: progress = 0.8666666666666667
2026-08-25_09:46:51.410240 	EXP 	progress_bar_breaks: progress = 0.8666666666666667
2026-08-25_09:46:51.425719 	EXP 	progress_bar_breaks: progress = 0.8666666666666667
2026-08-25_09:46:51.443394 	EXP 	progress_bar_breaks: progress = 0.8666666666666667
2026-08-25_09:46:51.460522 	EXP 	progress_bar_breaks: progress = 0.8666666666666667
2026-08-25_09:46:51.477371 	EXP 	progress_bar_breaks: progress = 0.8666666666666667
2026-08-25_09:46:51.493067 	EXP 	progress_bar_breaks: progress = 0.8666666666666667
2026-08-25_09:46:51.510162 	EXP 	progress_bar_breaks: progress = 0.8666666666666667
2026-08-25_09:46:51.527207 	EXP 	progress_bar_breaks: progress = 0.8666666666666667
2026-08-25_09:46:51.543517 	EXP 	progress_bar_breaks: progress = 0.8666666666666667
2026-08-25_09:46:51.559969 	EXP 	progress_bar_breaks: progress = 0.8666666666666667
2026-08-25_09:46:51.577345 	EXP 	progress_bar_breaks: progress = 0.8666666666666667
2026-08-25_09:46:51.593758 	EXP 	progress_bar_breaks: progress = 0.8666666666666667
2026-08-25_09:46:51.610432 	EXP 	progress_bar_breaks: progress = 0.9333333333333333
2026-08-25_09:46:51.626764 	EXP 	progress_bar_breaks: progress = 0.9333333333333333
2026-08-25_09:46:51.643322 	EXP 	progress_bar_breaks: progress = 0.9333333333333333
2026-08-25_09:46:51.660235 	EXP 	progress_bar_breaks: progress = 0.9333333333333333
2026-08-25_09:46:51.676585 	EXP 	progress_bar_breaks: progress = 0.9333333333333333
2026-08-25_09:46:51.692969 	EXP 	progress_bar_breaks: progress = 0.9333333333333333
2026-08-25_09:46:51.709595 	EXP 	progress_bar_breaks: progress = 0.9333333333333333
2026-08-25_09:46:51.727498 	EXP 	progress_bar_breaks: progress = 0.9333333333333333
2026-08-25_09:46:51.743647 	EXP 	progress_bar_breaks: progress = 0.9333333333333333
2026-08-25_09:46:51.760284 	EXP 	progress_bar_breaks: progress = 0.9333333333333333
2026-08-25_09:46:51.776922 	EXP 	progress_bar_breaks: progress = 0.9333333333333333
2026-08-25_09:46:51.792817 	EXP 	progress_bar_breaks: progress = 0.9333333333333333
2026-08-25_09:46:51.809662 	EXP 	progress_bar_breaks: progress = 0.9333333333333333
2026-08-25_09:46:51.826171 	EXP 	progress_bar_breaks: progress = 0.9333333333333333
2026-08-25_09:46:51.842456 	EXP 	progress_bar_breaks: progress = 0.9333333333333333
2026-08-25_09:46:51.859265 	EXP 	progress_bar_breaks: progress = 0.9333333333333333
2026-08-25_09:46:51.875878 	EXP 	progress_bar_breaks: progress = 0.9333333333333333
2026-08-25_09:46:51.892917 	EXP 	progress_bar_breaks: progress = 0.9333333333333333
2026-08-25_09:46:51.909368 	EXP 	progress_bar_breaks: progress = 0.9333333333333333
2026-08-25_09:46:51.925961 	EXP 	progress_bar_breaks: progress = 0.9333333333333333
2026-08-25_09:46:51.942655 	EXP 	progress_bar_breaks: progress = 0.9333333333333333
2026-08-25_09:46:51.959466 	EXP 	progress_bar_breaks: progress = 0.9333333333333333
2026-08-25_09:46:51.975906 	EXP 	progress_bar_breaks: progress = 0.9333333333333333
2026-08-25_09:46:51.992577 	EXP 	progress_bar_breaks: progress = 0.9333333333333333
2026-08-25_09:46:52.009466 	EXP 	progress_bar_breaks: progress = 0.9333333333333333
2026-08-25_09:46:52.025738 	EXP 	progress_bar_breaks: progress = 0.9333333333333333
2026-08-25_09:46:52.042823 	EXP 	progress_bar_breaks: progress = 0.9333333333333333
2026-08-25_09:46:52.059885 	EXP 	progress_bar_breaks: progress = 0.9333333333333333
2026-08-25_09:46:52.076712 	EXP 	progress_bar_breaks: progress = 0.9333333333333333
2026-08-25_09:46:52.093808 	EXP 	progress_bar_breaks: progress = 0.9333333333333333
2026-08-25_09:46:52.110183 	EXP 	progress_bar_breaks: progress = 0.9333333333333333
2026-08-25_09:46:52.125879 	EXP 	progress_bar_breaks: progress = 0.9333333333333333
2026-08-25_09:46:52.142668 	EXP 	progress_bar_breaks: progress = 0.9333333333333333
2026-08-25_09:46:52.159182 	EXP 	progress_bar_breaks: progress = 0.9333333333333333
2026-08-25_09:46:52.175757 	EXP 	progress_bar_breaks: progress = 0.9333333333333333
2026-08-25_09:46:52.192459 	EXP 	progress_bar_breaks: progress = 0.9333333333333333
2026-08-25_09:46:52.209945 	EXP 	progress_bar_breaks: progress = 0.9333333333333333
2026-08-25_09:46:52.225940 	EXP 	progress_bar_breaks: progress = 0.9333333333333333
2026-08-25_09:46:52.242372 	EXP 	progress_bar_breaks: progress = 0.9333333333333333
2026-08-25_09:46:52.258965 	EXP 	progress_bar_breaks: progress = 0.9333333333333333
2026-08-25_09:46:52.277288 	EXP 	progress_bar_breaks: progress = 0.9333333333333333
2026-08-25_09:46:52.293582 	EXP 	progress_bar_breaks: progress = 0.9333333333333333
2026-08-25_09:46:52.310997 	EXP 	progress_bar_breaks: progress = 0.9333333333333333
2026-08-25_09:46:52.328470 	EXP 	progress_bar_breaks: progress = 0.9333333333333333
2026-08-25_09:46:52.342731 	EXP 	progress_bar_breaks: progress = 0.9333333333333333
2026-08-25_09:46:52.360382 	EXP 	progress_bar_breaks: progress = 0.9333333333333333
2026-08-25_09:46:52.376432 	EXP 	progress_bar_breaks: progress = 0.9333333333333333
2026-08-25_09:46:52.392694 	EXP 	progress_bar_breaks: progress = 0.9333333333333333
2026-08-25_09:46:52.409460 	EXP 	progress_bar_breaks: progress = 0.9333333333333333
2026-08-25_09:46:52.427972 	EXP 	progress_bar_breaks: progress = 0.9333333333333333
2026-08-25_09:46:52.442763 	EXP 	progress_bar_breaks: progress = 0.9333333333333333
2026-08-25_09:46:52.459852 	EXP 	progress_bar_breaks: progress = 0.9333333333333333
2026-08-25_09:46:52.475631 	EXP 	progress_bar_breaks: progress = 0.9333333333333333
2026-08-25_09:46:52.493103 	EXP 	progress_bar_breaks: progress = 0.9333333333333333
2026-08-25_09:46:52.510461 	EXP 	progress_bar_breaks: progress = 0.9333333333333333
2026-08-25_09:46:52.526399 	EXP 	progress_bar_breaks: progress = 0.9333333333333333
2026-08-25_09:46:52.544054 	EXP 	progress_bar_breaks: progress = 0.9333333333333333
2026-08-25_09:46:52.559438 	EXP 	progress_bar_breaks: progress = 0.9333333333333333
2026-08-25_09:46:52.575962 	EXP 	progress_bar_breaks: progress = 0.9333333333333333
2026-08-25_09:46:52.593374 	EXP 	progress_bar_breaks: progress = 0.9333333333333333
2026-08-25_09:46:52.609925 	EXP 	progress_bar_breaks: progress = 0.9333333333333333
2026-08-25_09:46:52.625834 	EXP 	progress_bar_breaks: progress = 1.0
2026-08-25_09:46:52.642920 	EXP 	progress_bar_breaks: progress = 1.0
2026-08-25_09:46:52.659287 	EXP 	progress_bar_breaks: progress = 1.0
2026-08-25_09:46:52.676380 	EXP 	progress_bar_breaks: progress = 1.0
2026-08-25_09:46:52.692521 	EXP 	progress_bar_breaks: progress = 1.0
2026-08-25_09:46:52.709115 	EXP 	progress_bar_breaks: progress = 1.0
2026-08-25_09:46:52.726341 	EXP 	progress_bar_breaks: progress = 1.0
2026-08-25_09:46:52.742451 	EXP 	progress_bar_breaks: progress = 1.0
2026-08-25_09:46:52.759034 	EXP 	progress_bar_breaks: progress = 1.0
2026-08-25_09:46:52.776035 	EXP 	progress_bar_breaks: progress = 1.0
2026-08-25_09:46:52.792344 	EXP 	progress_bar_breaks: progress = 1.0
2026-08-25_09:46:52.810054 	EXP 	progress_bar_breaks: progress = 1.0
2026-08-25_09:46:52.826231 	EXP 	progress_bar_breaks: progress = 1.0
2026-08-25_09:46:52.843117 	EXP 	progress_bar_breaks: progress = 1.0
2026-08-25_09:46:52.859054 	EXP 	progress_bar_breaks: progress = 1.0
2026-08-25_09:46:52.875555 	EXP 	progress_bar_breaks: progress = 1.0
2026-08-25_09:46:52.892287 	EXP 	progress_bar_breaks: progress = 1.0
2026-08-25_09:46:52.908732 	EXP 	progress_bar_breaks: progress = 1.0
2026-08-25_09:46:52.925735 	EXP 	progress_bar_breaks: progress = 1.0
2026-08-25_09:46:52.941992 	EXP 	progress_bar_breaks: progress = 1.0
2026-08-25_09:46:52.958820 	EXP 	progress_bar_breaks: progress = 1.0
2026-08-25_09:46:52.975412 	EXP 	progress_bar_breaks: progress = 1.0
2026-08-25_09:46:52.992000 	EXP 	progress_bar_breaks: progress = 1.0
2026-08-25_09:46:53.008796 	EXP 	progress_bar_breaks: progress = 1.0
2026-08-25_09:46:53.025517 	EXP 	progress_bar_breaks: progress = 1.0
2026-08-25_09:46:53.042352 	EXP 	progress_bar_breaks: progress = 1.0
2026-08-25_09:46:53.059324 	EXP 	progress_bar_breaks: progress = 1.0
2026-08-25_09:46:53.075425 	EXP 	progress_bar_breaks: progress = 1.0
2026-08-25_09:46:53.092221 	EXP 	progress_bar_breaks: progress = 1.0
2026-08-25_09:46:53.108666 	EXP 	progress_bar_breaks: progress = 1.0
2026-08-25_09:46:53.125336 	EXP 	progress_bar_breaks: progress = 1.0
2026-08-25_09:46:53.142481 	EXP 	progress_bar_breaks: progress = 1.0
2026-08-25_09:46:53.158784 	EXP 	progress_bar_breaks: progress = 1.0
2026-08-25_09:46:53.175538 	EXP 	progress_bar_breaks: progress = 1.0
2026-08-25_09:46:53.191944 	EXP 	progress_bar_breaks: progress = 1.0
2026-08-25_09:46:53.209426 	EXP 	progress_bar_breaks: progress = 1.0
2026-08-25_09:46:53.225400 	EXP 	progress_bar_breaks: progress = 1.0
2026-08-25_09:46:53.242021 	EXP 	progress_bar_breaks: progress = 1.0
2026-08-25_09:46:53.258748 	EXP 	progress_bar_breaks: progress = 1.0
2026-08-25_09:46:53.275605 	EXP 	progress_bar_breaks: progress = 1.0
2026-08-25_09:46:53.292417 	EXP 	progress_bar_breaks: progress = 1.0
2026-08-25_09:46:53.309286 	EXP 	progress_bar_breaks: progress = 1.0
2026-08-25_09:46:53.325727 	EXP 	progress_bar_breaks: progress = 1.0
2026-08-25_09:46:53.342071 	EXP 	progress_bar_breaks: progress = 1.0
2026-08-25_09:46:53.358750 	EXP 	progress_bar_breaks: progress = 1.0
2026-08-25_09:46:53.375353 	EXP 	progress_bar_breaks: progress = 1.0
2026-08-25_09:46:53.392433 	EXP 	progress_bar_breaks: progress = 1.0
2026-08-25_09:46:53.408653 	EXP 	progress_bar_breaks: progress = 1.0
2026-08-25_09:46:53.425467 	EXP 	progress_bar_breaks: progress = 1.0
2026-08-25_09:46:53.441840 	EXP 	progress_bar_breaks: progress = 1.0
2026-08-25_09:46:53.458483 	EXP 	progress_bar_breaks: progress = 1.0
2026-08-25_09:46:53.475161 	EXP 	progress_bar_breaks: progress = 1.0
2026-08-25_09:46:53.491788 	EXP 	progress_bar_breaks: progress = 1.0
2026-08-25_09:46:53.508648 	EXP 	progress_bar_breaks: progress = 1.0
2026-08-25_09:46:53.525214 	EXP 	progress_bar_breaks: progress = 1.0
2026-08-25_09:46:53.541888 	EXP 	progress_bar_breaks: progress = 1.0
2026-08-25_09:46:53.558823 	EXP 	progress_bar_breaks: progress = 1.0
2026-08-25_09:46:53.575225 	EXP 	progress_bar_breaks: progress = 1.0
2026-08-25_09:46:53.592356 	EXP 	progress_bar_breaks: progress = 1.0
2026-08-25_09:46:53.609306 	INFO 	Keyboard events cleared
2026-08-25_09:46:53.609176 	EXP 	progress_bar_breaks: progress = 1.0
2026-08-25_09:46:53.609176 	EXP 	instruction_continuebreak: autoDraw = True
2026-08-25_09:46:53.625370 	EXP 	breaks_instruction: autoDraw = False
2026-08-25_09:46:53.625370 	EXP 	progress_bar_breaks: progress = 1.0
2026-08-25_09:46:53.625370 	EXP 	progress_bar_breaks: autoDraw = False
2026-08-25_09:46:53.641891 	EXP 	progress_bar_breaks: progress = 1.0
2026-08-25_09:46:53.658464 	EXP 	progress_bar_breaks: progress = 1.0
2026-08-25_09:46:53.675225 	EXP 	progress_bar_breaks: progress = 1.0
2026-08-25_09:46:53.692307 	EXP 	progress_bar_breaks: progress = 1.0
2026-08-25_09:46:53.708464 	EXP 	progress_bar_breaks: progress = 1.0
2026-08-25_09:46:53.725250 	EXP 	progress_bar_breaks: progress = 1.0
2026-08-25_09:46:53.741843 	EXP 	progress_bar_breaks: progress = 1.0
2026-08-25_09:46:53.758566 	EXP 	progress_bar_breaks: progress = 1.0
2026-08-25_09:46:53.775311 	EXP 	progress_bar_breaks: progress = 1.0
2026-08-25_09:46:53.792309 	EXP 	progress_bar_breaks: progress = 1.0
2026-08-25_09:46:53.808756 	EXP 	progress_bar_breaks: progress = 1.0
2026-08-25_09:46:53.825555 	EXP 	progress_bar_breaks: progress = 1.0
2026-08-25_09:46:53.842389 	EXP 	progress_bar_breaks: progress = 1.0
2026-08-25_09:46:53.859173 	EXP 	progress_bar_breaks: progress = 1.0
2026-08-25_09:46:53.875473 	EXP 	progress_bar_breaks: progress = 1.0
2026-08-25_09:46:53.893285 	EXP 	progress_bar_breaks: progress = 1.0
2026-08-25_09:46:53.908777 	EXP 	progress_bar_breaks: progress = 1.0
2026-08-25_09:46:53.925249 	EXP 	progress_bar_breaks: progress = 1.0
2026-08-25_09:46:53.942183 	EXP 	progress_bar_breaks: progress = 1.0
2026-08-25_09:46:53.958652 	EXP 	progress_bar_breaks: progress = 1.0
2026-08-25_09:46:53.975466 	EXP 	progress_bar_breaks: progress = 1.0
2026-08-25_09:46:53.992618 	EXP 	progress_bar_breaks: progress = 1.0
2026-08-25_09:46:54.009534 	EXP 	progress_bar_breaks: progress = 1.0
2026-08-25_09:46:54.025411 	EXP 	progress_bar_breaks: progress = 1.0
2026-08-25_09:46:54.042153 	EXP 	progress_bar_breaks: progress = 1.0
2026-08-25_09:46:54.059088 	EXP 	progress_bar_breaks: progress = 1.0
2026-08-25_09:46:54.075624 	EXP 	progress_bar_breaks: progress = 1.0
2026-08-25_09:46:54.092062 	EXP 	progress_bar_breaks: progress = 1.0
2026-08-25_09:46:54.109080 	EXP 	progress_bar_breaks: progress = 1.0
2026-08-25_09:46:54.125223 	EXP 	progress_bar_breaks: progress = 1.0
2026-08-25_09:46:54.141839 	EXP 	progress_bar_breaks: progress = 1.0
2026-08-25_09:46:54.158371 	EXP 	progress_bar_breaks: progress = 1.0
2026-08-25_09:46:54.175080 	EXP 	progress_bar_breaks: progress = 1.0
2026-08-25_09:46:54.191884 	EXP 	progress_bar_breaks: progress = 1.0
2026-08-25_09:46:54.209421 	EXP 	progress_bar_breaks: progress = 1.0
2026-08-25_09:46:54.227030 	EXP 	progress_bar_breaks: progress = 1.0
2026-08-25_09:46:54.242676 	EXP 	progress_bar_breaks: progress = 1.0
2026-08-25_09:46:54.258514 	EXP 	progress_bar_breaks: progress = 1.0
2026-08-25_09:46:54.275540 	EXP 	progress_bar_breaks: progress = 1.0
2026-08-25_09:46:54.291923 	EXP 	progress_bar_breaks: progress = 1.0
2026-08-25_09:46:54.309077 	EXP 	progress_bar_breaks: progress = 1.0
2026-08-25_09:46:54.325593 	EXP 	progress_bar_breaks: progress = 1.0
2026-08-25_09:46:54.344555 	EXP 	progress_bar_breaks: progress = 1.0
2026-08-25_09:46:54.360035 	EXP 	progress_bar_breaks: progress = 1.0
2026-08-25_09:46:54.375682 	EXP 	progress_bar_breaks: progress = 1.0
2026-08-25_09:46:54.392113 	EXP 	progress_bar_breaks: progress = 1.0
2026-08-25_09:46:54.409098 	EXP 	progress_bar_breaks: progress = 1.0
2026-08-25_09:46:54.424837 	EXP 	progress_bar_breaks: progress = 1.0
2026-08-25_09:46:54.442450 	EXP 	progress_bar_breaks: progress = 1.0
2026-08-25_09:46:54.459018 	EXP 	progress_bar_breaks: progress = 1.0
2026-08-25_09:46:54.474967 	EXP 	progress_bar_breaks: progress = 1.0
2026-08-25_09:46:54.491671 	EXP 	progress_bar_breaks: progress = 1.0
2026-08-25_09:46:54.508909 	EXP 	progress_bar_breaks: progress = 1.0
2026-08-25_09:46:54.524901 	EXP 	progress_bar_breaks: progress = 1.0
2026-08-25_09:46:54.541662 	EXP 	progress_bar_breaks: progress = 1.0
2026-08-25_09:46:54.558604 	EXP 	progress_bar_breaks: progress = 1.0
2026-08-25_09:46:54.574958 	EXP 	progress_bar_breaks: progress = 1.0
2026-08-25_09:46:54.592385 	EXP 	progress_bar_breaks: progress = 1.0
2026-08-25_09:46:54.608465 	EXP 	progress_bar_breaks: progress = 1.0
2026-08-25_09:46:54.625236 	EXP 	progress_bar_breaks: progress = 1.0666666666666667
2026-08-25_09:46:54.641687 	EXP 	progress_bar_breaks: progress = 1.0666666666666667
2026-08-25_09:46:54.659183 	EXP 	progress_bar_breaks: progress = 1.0666666666666667
2026-08-25_09:46:54.675912 	EXP 	progress_bar_breaks: progress = 1.0666666666666667
2026-08-25_09:46:54.691601 	EXP 	progress_bar_breaks: progress = 1.0666666666666667
2026-08-25_09:46:54.708117 	EXP 	progress_bar_breaks: progress = 1.0666666666666667
2026-08-25_09:46:54.724910 	EXP 	progress_bar_breaks: progress = 1.0666666666666667
2026-08-25_09:46:54.741825 	EXP 	progress_bar_breaks: progress = 1.0666666666666667
2026-08-25_09:46:54.758210 	EXP 	progress_bar_breaks: progress = 1.0666666666666667
2026-08-25_09:46:54.775052 	EXP 	progress_bar_breaks: progress = 1.0666666666666667
2026-08-25_09:46:54.791486 	EXP 	progress_bar_breaks: progress = 1.0666666666666667
2026-08-25_09:46:54.808139 	EXP 	progress_bar_breaks: progress = 1.0666666666666667
2026-08-25_09:46:54.825019 	EXP 	progress_bar_breaks: progress = 1.0666666666666667
2026-08-25_09:46:54.841379 	EXP 	progress_bar_breaks: progress = 1.0666666666666667
2026-08-25_09:46:54.858374 	EXP 	progress_bar_breaks: progress = 1.0666666666666667
2026-08-25_09:46:54.874678 	EXP 	progress_bar_breaks: progress = 1.0666666666666667
2026-08-25_09:46:54.891496 	EXP 	progress_bar_breaks: progress = 1.0666666666666667
2026-08-25_09:46:54.907919 	EXP 	progress_bar_breaks: progress = 1.0666666666666667
2026-08-25_09:46:54.924666 	EXP 	progress_bar_breaks: progress = 1.0666666666666667
2026-08-25_09:46:54.941247 	EXP 	progress_bar_breaks: progress = 1.0666666666666667
2026-08-25_09:46:54.958840 	EXP 	progress_bar_breaks: progress = 1.0666666666666667
2026-08-25_09:46:54.975939 	EXP 	progress_bar_breaks: progress = 1.0666666666666667
2026-08-25_09:46:54.991584 	EXP 	progress_bar_breaks: progress = 1.0666666666666667
2026-08-25_09:46:55.008009 	EXP 	progress_bar_breaks: progress = 1.0666666666666667
2026-08-25_09:46:55.024936 	EXP 	progress_bar_breaks: progress = 1.0666666666666667
2026-08-25_09:46:55.042159 	EXP 	progress_bar_breaks: progress = 1.0666666666666667
2026-08-25_09:46:55.058292 	EXP 	progress_bar_breaks: progress = 1.0666666666666667
2026-08-25_09:46:55.075574 	EXP 	progress_bar_breaks: progress = 1.0666666666666667
2026-08-25_09:46:55.091406 	EXP 	progress_bar_breaks: progress = 1.0666666666666667
2026-08-25_09:46:55.109240 	EXP 	progress_bar_breaks: progress = 1.0666666666666667
2026-08-25_09:46:55.126815 	EXP 	progress_bar_breaks: progress = 1.0666666666666667
2026-08-25_09:46:55.141675 	EXP 	progress_bar_breaks: progress = 1.0666666666666667
2026-08-25_09:46:55.158869 	EXP 	progress_bar_breaks: progress = 1.0666666666666667
2026-08-25_09:46:55.175352 	EXP 	progress_bar_breaks: progress = 1.0666666666666667
2026-08-25_09:46:55.192614 	EXP 	progress_bar_breaks: progress = 1.0666666666666667
2026-08-25_09:46:55.210092 	EXP 	progress_bar_breaks: progress = 1.0666666666666667
2026-08-25_09:46:55.225151 	EXP 	progress_bar_breaks: progress = 1.0666666666666667
2026-08-25_09:46:55.242001 	EXP 	progress_bar_breaks: progress = 1.0666666666666667
2026-08-25_09:46:55.258273 	EXP 	progress_bar_breaks: progress = 1.0666666666666667
2026-08-25_09:46:55.275486 	EXP 	progress_bar_breaks: progress = 1.0666666666666667
2026-08-25_09:46:55.292063 	EXP 	progress_bar_breaks: progress = 1.0666666666666667
2026-08-25_09:46:55.310152 	EXP 	progress_bar_breaks: progress = 1.0666666666666667
2026-08-25_09:46:55.324876 	EXP 	progress_bar_breaks: progress = 1.0666666666666667
2026-08-25_09:46:55.341815 	EXP 	progress_bar_breaks: progress = 1.0666666666666667
2026-08-25_09:46:55.358159 	EXP 	progress_bar_breaks: progress = 1.0666666666666667
2026-08-25_09:46:55.374858 	EXP 	progress_bar_breaks: progress = 1.0666666666666667
2026-08-25_09:46:55.391661 	EXP 	progress_bar_breaks: progress = 1.0666666666666667
2026-08-25_09:46:55.407820 	EXP 	progress_bar_breaks: progress = 1.0666666666666667
2026-08-25_09:46:55.424920 	EXP 	progress_bar_breaks: progress = 1.0666666666666667
2026-08-25_09:46:55.441314 	EXP 	progress_bar_breaks: progress = 1.0666666666666667
2026-08-25_09:46:55.458333 	EXP 	progress_bar_breaks: progress = 1.0666666666666667
2026-08-25_09:46:55.474704 	EXP 	progress_bar_breaks: progress = 1.0666666666666667
2026-08-25_09:46:55.491382 	EXP 	progress_bar_breaks: progress = 1.0666666666666667
2026-08-25_09:46:55.508689 	EXP 	progress_bar_breaks: progress = 1.0666666666666667
2026-08-25_09:46:55.524707 	EXP 	progress_bar_breaks: progress = 1.0666666666666667
2026-08-25_09:46:55.541255 	EXP 	progress_bar_breaks: progress = 1.0666666666666667
2026-08-25_09:46:55.558150 	EXP 	progress_bar_breaks: progress = 1.0666666666666667
2026-08-25_09:46:55.574731 	EXP 	progress_bar_breaks: progress = 1.0666666666666667
2026-08-25_09:46:55.591405 	EXP 	progress_bar_breaks: progress = 1.0666666666666667
2026-08-25_09:46:55.608195 	EXP 	progress_bar_breaks: progress = 1.0666666666666667
2026-08-25_09:46:55.624546 	EXP 	progress_bar_breaks: progress = 1.1333333333333333
2026-08-25_09:46:55.641267 	EXP 	progress_bar_breaks: progress = 1.1333333333333333
2026-08-25_09:46:55.657999 	EXP 	progress_bar_breaks: progress = 1.1333333333333333
2026-08-25_09:46:55.674668 	EXP 	progress_bar_breaks: progress = 1.1333333333333333
2026-08-25_09:46:55.691184 	EXP 	progress_bar_breaks: progress = 1.1333333333333333
2026-08-25_09:46:55.708791 	EXP 	progress_bar_breaks: progress = 1.1333333333333333
2026-08-25_09:46:55.725087 	EXP 	progress_bar_breaks: progress = 1.1333333333333333
2026-08-25_09:46:55.741336 	EXP 	progress_bar_breaks: progress = 1.1333333333333333
2026-08-25_09:46:55.757932 	EXP 	progress_bar_breaks: progress = 1.1333333333333333
2026-08-25_09:46:55.774505 	EXP 	progress_bar_breaks: progress = 1.1333333333333333
2026-08-25_09:46:55.791123 	EXP 	progress_bar_breaks: progress = 1.1333333333333333
2026-08-25_09:46:55.808232 	EXP 	progress_bar_breaks: progress = 1.1333333333333333
2026-08-25_09:46:55.825265 	EXP 	progress_bar_breaks: progress = 1.1333333333333333
2026-08-25_09:46:55.841622 	EXP 	progress_bar_breaks: progress = 1.1333333333333333
2026-08-25_09:46:55.858791 	EXP 	progress_bar_breaks: progress = 1.1333333333333333
2026-08-25_09:46:55.875195 	EXP 	progress_bar_breaks: progress = 1.1333333333333333
2026-08-25_09:46:55.891805 	EXP 	progress_bar_breaks: progress = 1.1333333333333333
2026-08-25_09:46:55.908610 	EXP 	progress_bar_breaks: progress = 1.1333333333333333
2026-08-25_09:46:55.924809 	EXP 	progress_bar_breaks: progress = 1.1333333333333333
2026-08-25_09:46:55.941257 	EXP 	progress_bar_breaks: progress = 1.1333333333333333
2026-08-25_09:46:55.958175 	EXP 	progress_bar_breaks: progress = 1.1333333333333333
2026-08-25_09:46:55.974788 	EXP 	progress_bar_breaks: progress = 1.1333333333333333
2026-08-25_09:46:55.991292 	EXP 	progress_bar_breaks: progress = 1.1333333333333333
2026-08-25_09:46:56.008969 	EXP 	progress_bar_breaks: progress = 1.1333333333333333
2026-08-25_09:46:56.025082 	EXP 	progress_bar_breaks: progress = 1.1333333333333333
2026-08-25_09:46:56.042074 	EXP 	progress_bar_breaks: progress = 1.1333333333333333
2026-08-25_09:46:56.058622 	EXP 	progress_bar_breaks: progress = 1.1333333333333333
2026-08-25_09:46:56.075475 	EXP 	progress_bar_breaks: progress = 1.1333333333333333
2026-08-25_09:46:56.091217 	EXP 	progress_bar_breaks: progress = 1.1333333333333333
2026-08-25_09:46:56.108020 	EXP 	progress_bar_breaks: progress = 1.1333333333333333
2026-08-25_09:46:56.124439 	EXP 	progress_bar_breaks: progress = 1.1333333333333333
2026-08-25_09:46:56.142266 	EXP 	progress_bar_breaks: progress = 1.1333333333333333
2026-08-25_09:46:56.158822 	EXP 	progress_bar_breaks: progress = 1.1333333333333333
2026-08-25_09:46:56.174433 	EXP 	progress_bar_breaks: progress = 1.1333333333333333
2026-08-25_09:46:56.191710 	EXP 	progress_bar_breaks: progress = 1.1333333333333333
2026-08-25_09:46:56.208851 	EXP 	progress_bar_breaks: progress = 1.1333333333333333
2026-08-25_09:46:56.224952 	EXP 	progress_bar_breaks: progress = 1.1333333333333333
2026-08-25_09:46:56.242254 	EXP 	progress_bar_breaks: progress = 1.1333333333333333
2026-08-25_09:46:56.258007 	EXP 	progress_bar_breaks: progress = 1.1333333333333333
2026-08-25_09:46:56.275708 	EXP 	progress_bar_breaks: progress = 1.1333333333333333
2026-08-25_09:46:56.292000 	EXP 	progress_bar_breaks: progress = 1.1333333333333333
2026-08-25_09:46:56.308487 	EXP 	progress_bar_breaks: progress = 1.1333333333333333
2026-08-25_09:46:56.324654 	EXP 	progress_bar_breaks: progress = 1.1333333333333333
2026-08-25_09:46:56.341932 	EXP 	progress_bar_breaks: progress = 1.1333333333333333
2026-08-25_09:46:56.358408 	EXP 	progress_bar_breaks: progress = 1.1333333333333333
2026-08-25_09:46:56.375005 	EXP 	progress_bar_breaks: progress = 1.1333333333333333
2026-08-25_09:46:56.391951 	EXP 	progress_bar_breaks: progress = 1.1333333333333333
2026-08-25_09:46:56.408739 	EXP 	progress_bar_breaks: progress = 1.1333333333333333
2026-08-25_09:46:56.425946 	EXP 	progress_bar_breaks: progress = 1.1333333333333333
2026-08-25_09:46:56.442197 	EXP 	progress_bar_breaks: progress = 1.1333333333333333
2026-08-25_09:46:56.458547 	EXP 	progress_bar_breaks: progress = 1.1333333333333333
2026-08-25_09:46:56.475379 	EXP 	progress_bar_breaks: progress = 1.1333333333333333
2026-08-25_09:46:56.491962 	EXP 	progress_bar_breaks: progress = 1.1333333333333333
2026-08-25_09:46:56.508595 	EXP 	progress_bar_breaks: progress = 1.1333333333333333
2026-08-25_09:46:56.524521 	EXP 	progress_bar_breaks: progress = 1.1333333333333333
2026-08-25_09:46:56.541746 	EXP 	progress_bar_breaks: progress = 1.1333333333333333
2026-08-25_09:46:56.558486 	EXP 	progress_bar_breaks: progress = 1.1333333333333333
2026-08-25_09:46:56.574938 	EXP 	progress_bar_breaks: progress = 1.1333333333333333
2026-08-25_09:46:56.591290 	EXP 	progress_bar_breaks: progress = 1.1333333333333333
2026-08-25_09:46:56.608324 	EXP 	progress_bar_breaks: progress = 1.1333333333333333
2026-08-25_09:46:56.624362 	EXP 	progress_bar_breaks: progress = 1.2
2026-08-25_09:46:56.640814 	EXP 	progress_bar_breaks: progress = 1.2
2026-08-25_09:46:56.658927 	EXP 	progress_bar_breaks: progress = 1.2
2026-08-25_09:46:56.674738 	EXP 	progress_bar_breaks: progress = 1.2
2026-08-25_09:46:56.691121 	EXP 	progress_bar_breaks: progress = 1.2
2026-08-25_09:46:56.708259 	EXP 	progress_bar_breaks: progress = 1.2
2026-08-25_09:46:56.724462 	EXP 	progress_bar_breaks: progress = 1.2
2026-08-25_09:46:56.741631 	EXP 	progress_bar_breaks: progress = 1.2
2026-08-25_09:46:56.757851 	EXP 	progress_bar_breaks: progress = 1.2
2026-08-25_09:46:56.774483 	EXP 	progress_bar_breaks: progress = 1.2
2026-08-25_09:46:56.790863 	EXP 	progress_bar_breaks: progress = 1.2
2026-08-25_09:46:56.807719 	EXP 	progress_bar_breaks: progress = 1.2
2026-08-25_09:46:56.824271 	EXP 	progress_bar_breaks: progress = 1.2
2026-08-25_09:46:56.840879 	EXP 	progress_bar_breaks: progress = 1.2
2026-08-25_09:46:56.857584 	EXP 	progress_bar_breaks: progress = 1.2
2026-08-25_09:46:56.874414 	EXP 	progress_bar_breaks: progress = 1.2
2026-08-25_09:46:56.891628 	EXP 	progress_bar_breaks: progress = 1.2
2026-08-25_09:46:56.907682 	EXP 	progress_bar_breaks: progress = 1.2
2026-08-25_09:46:56.924423 	EXP 	progress_bar_breaks: progress = 1.2
2026-08-25_09:46:56.941569 	EXP 	progress_bar_breaks: progress = 1.2
2026-08-25_09:46:56.957403 	EXP 	progress_bar_breaks: progress = 1.2
2026-08-25_09:46:56.974119 	EXP 	progress_bar_breaks: progress = 1.2
2026-08-25_09:46:56.990867 	EXP 	progress_bar_breaks: progress = 1.2
2026-08-25_09:46:57.007383 	EXP 	progress_bar_breaks: progress = 1.2
2026-08-25_09:46:57.024060 	EXP 	progress_bar_breaks: progress = 1.2
2026-08-25_09:46:57.040761 	EXP 	progress_bar_breaks: progress = 1.2
2026-08-25_09:46:57.057306 	EXP 	progress_bar_breaks: progress = 1.2
2026-08-25_09:46:57.073996 	EXP 	progress_bar_breaks: progress = 1.2
2026-08-25_09:46:57.090727 	EXP 	progress_bar_breaks: progress = 1.2
2026-08-25_09:46:57.107432 	EXP 	progress_bar_breaks: progress = 1.2
2026-08-25_09:46:57.124012 	EXP 	progress_bar_breaks: progress = 1.2
2026-08-25_09:46:57.140938 	EXP 	progress_bar_breaks: progress = 1.2
2026-08-25_09:46:57.157601 	EXP 	progress_bar_breaks: progress = 1.2
2026-08-25_09:46:57.174659 	EXP 	progress_bar_breaks: progress = 1.2
2026-08-25_09:46:57.190762 	EXP 	progress_bar_breaks: progress = 1.2
2026-08-25_09:46:57.207765 	EXP 	progress_bar_breaks: progress = 1.2
2026-08-25_09:46:57.224699 	EXP 	progress_bar_breaks: progress = 1.2
2026-08-25_09:46:57.241516 	EXP 	progress_bar_breaks: progress = 1.2
2026-08-25_09:46:57.257477 	EXP 	progress_bar_breaks: progress = 1.2
2026-08-25_09:46:57.274691 	EXP 	progress_bar_breaks: progress = 1.2
2026-08-25_09:46:57.291898 	EXP 	progress_bar_breaks: progress = 1.2
2026-08-25_09:46:57.308577 	EXP 	progress_bar_breaks: progress = 1.2
2026-08-25_09:46:57.324541 	EXP 	progress_bar_breaks: progress = 1.2
2026-08-25_09:46:57.341075 	EXP 	progress_bar_breaks: progress = 1.2
2026-08-25_09:46:57.357633 	EXP 	progress_bar_breaks: progress = 1.2
2026-08-25_09:46:57.374402 	EXP 	progress_bar_breaks: progress = 1.2
2026-08-25_09:46:57.390713 	EXP 	progress_bar_breaks: progress = 1.2
2026-08-25_09:46:57.407338 	EXP 	progress_bar_breaks: progress = 1.2
2026-08-25_09:46:57.423780 	EXP 	progress_bar_breaks: progress = 1.2
2026-08-25_09:46:57.440514 	EXP 	progress_bar_breaks: progress = 1.2
2026-08-25_09:46:57.457213 	EXP 	progress_bar_breaks: progress = 1.2
2026-08-25_09:46:57.474009 	EXP 	progress_bar_breaks: progress = 1.2
2026-08-25_09:46:57.490461 	EXP 	progress_bar_breaks: progress = 1.2
2026-08-25_09:46:57.507205 	EXP 	progress_bar_breaks: progress = 1.2
2026-08-25_09:46:57.523834 	EXP 	progress_bar_breaks: progress = 1.2
2026-08-25_09:46:57.540533 	EXP 	progress_bar_breaks: progress = 1.2
2026-08-25_09:46:57.557196 	EXP 	progress_bar_breaks: progress = 1.2
2026-08-25_09:46:57.573812 	EXP 	progress_bar_breaks: progress = 1.2
2026-08-25_09:46:57.590625 	EXP 	progress_bar_breaks: progress = 1.2
2026-08-25_09:46:57.607525 	EXP 	progress_bar_breaks: progress = 1.2
2026-08-25_09:46:57.624093 	EXP 	progress_bar_breaks: progress = 1.2666666666666666
2026-08-25_09:46:57.640776 	EXP 	progress_bar_breaks: progress = 1.2666666666666666
2026-08-25_09:46:57.657978 	EXP 	progress_bar_breaks: progress = 1.2666666666666666
2026-08-25_09:46:57.674113 	EXP 	progress_bar_breaks: progress = 1.2666666666666666
2026-08-25_09:46:57.690740 	EXP 	progress_bar_breaks: progress = 1.2666666666666666
2026-08-25_09:46:57.707292 	EXP 	progress_bar_breaks: progress = 1.2666666666666666
2026-08-25_09:46:57.724054 	EXP 	progress_bar_breaks: progress = 1.2666666666666666
2026-08-25_09:46:57.741303 	EXP 	progress_bar_breaks: progress = 1.2666666666666666
2026-08-25_09:46:57.758080 	EXP 	progress_bar_breaks: progress = 1.2666666666666666
2026-08-25_09:46:57.774191 	EXP 	progress_bar_breaks: progress = 1.2666666666666666
2026-08-25_09:46:57.790838 	EXP 	progress_bar_breaks: progress = 1.2666666666666666
2026-08-25_09:46:57.807547 	EXP 	progress_bar_breaks: progress = 1.2666666666666666
2026-08-25_09:46:57.823949 	EXP 	progress_bar_breaks: progress = 1.2666666666666666
2026-08-25_09:46:57.840900 	EXP 	progress_bar_breaks: progress = 1.2666666666666666
2026-08-25_09:46:57.858254 	EXP 	progress_bar_breaks: progress = 1.2666666666666666
2026-08-25_09:46:57.874568 	EXP 	progress_bar_breaks: progress = 1.2666666666666666
2026-08-25_09:46:57.890486 	EXP 	progress_bar_breaks: progress = 1.2666666666666666
2026-08-25_09:46:57.907060 	EXP 	progress_bar_breaks: progress = 1.2666666666666666
2026-08-25_09:46:57.924098 	EXP 	progress_bar_breaks: progress = 1.2666666666666666
2026-08-25_09:46:57.940831 	EXP 	progress_bar_breaks: progress = 1.2666666666666666
2026-08-25_09:46:57.957591 	EXP 	progress_bar_breaks: progress = 1.2666666666666666
2026-08-25_09:46:57.973949 	EXP 	progress_bar_breaks: progress = 1.2666666666666666
2026-08-25_09:46:57.990551 	EXP 	progress_bar_breaks: progress = 1.2666666666666666
2026-08-25_09:46:58.007612 	EXP 	progress_bar_breaks: progress = 1.2666666666666666
2026-08-25_09:46:58.023674 	EXP 	progress_bar_breaks: progress = 1.2666666666666666
2026-08-25_09:46:58.041360 	EXP 	progress_bar_breaks: progress = 1.2666666666666666
2026-08-25_09:46:58.057271 	EXP 	progress_bar_breaks: progress = 1.2666666666666666
2026-08-25_09:46:58.074223 	EXP 	progress_bar_breaks: progress = 1.2666666666666666
2026-08-25_09:46:58.090505 	EXP 	progress_bar_breaks: progress = 1.2666666666666666
2026-08-25_09:46:58.107043 	EXP 	progress_bar_breaks: progress = 1.2666666666666666
2026-08-25_09:46:58.123904 	EXP 	progress_bar_breaks: progress = 1.2666666666666666
2026-08-25_09:46:58.140644 	EXP 	progress_bar_breaks: progress = 1.2666666666666666
2026-08-25_09:46:58.158080 	EXP 	progress_bar_breaks: progress = 1.2666666666666666
2026-08-25_09:46:58.174817 	EXP 	progress_bar_breaks: progress = 1.2666666666666666
2026-08-25_09:46:58.191730 	EXP 	progress_bar_breaks: progress = 1.2666666666666666
2026-08-25_09:46:58.207666 	EXP 	progress_bar_breaks: progress = 1.2666666666666666
2026-08-25_09:46:58.224864 	EXP 	progress_bar_breaks: progress = 1.2666666666666666
2026-08-25_09:46:58.241082 	EXP 	progress_bar_breaks: progress = 1.2666666666666666
2026-08-25_09:46:58.257518 	EXP 	progress_bar_breaks: progress = 1.2666666666666666
2026-08-25_09:46:58.274501 	EXP 	progress_bar_breaks: progress = 1.2666666666666666
2026-08-25_09:46:58.290576 	EXP 	progress_bar_breaks: progress = 1.2666666666666666
2026-08-25_09:46:58.307324 	EXP 	progress_bar_breaks: progress = 1.2666666666666666
2026-08-25_09:46:58.323686 	EXP 	progress_bar_breaks: progress = 1.2666666666666666
2026-08-25_09:46:58.340635 	EXP 	progress_bar_breaks: progress = 1.2666666666666666
2026-08-25_09:46:58.357180 	EXP 	progress_bar_breaks: progress = 1.2666666666666666
2026-08-25_09:46:58.373581 	EXP 	progress_bar_breaks: progress = 1.2666666666666666
2026-08-25_09:46:58.390265 	EXP 	progress_bar_breaks: progress = 1.2666666666666666
2026-08-25_09:46:58.406910 	EXP 	progress_bar_breaks: progress = 1.2666666666666666
2026-08-25_09:46:58.423566 	EXP 	progress_bar_breaks: progress = 1.2666666666666666
2026-08-25_09:46:58.440399 	EXP 	progress_bar_breaks: progress = 1.2666666666666666
2026-08-25_09:46:58.456893 	EXP 	progress_bar_breaks: progress = 1.2666666666666666
2026-08-25_09:46:58.473726 	EXP 	progress_bar_breaks: progress = 1.2666666666666666
2026-08-25_09:46:58.490233 	EXP 	progress_bar_breaks: progress = 1.2666666666666666
2026-08-25_09:46:58.506997 	EXP 	progress_bar_breaks: progress = 1.2666666666666666
2026-08-25_09:46:58.523662 	EXP 	progress_bar_breaks: progress = 1.2666666666666666
2026-08-25_09:46:58.540493 	EXP 	progress_bar_breaks: progress = 1.2666666666666666
2026-08-25_09:46:58.556901 	EXP 	progress_bar_breaks: progress = 1.2666666666666666
2026-08-25_09:46:58.573775 	EXP 	progress_bar_breaks: progress = 1.2666666666666666
2026-08-25_09:46:58.590439 	EXP 	progress_bar_breaks: progress = 1.2666666666666666
2026-08-25_09:46:58.606894 	EXP 	progress_bar_breaks: progress = 1.2666666666666666
2026-08-25_09:46:58.623654 	EXP 	progress_bar_breaks: progress = 1.3333333333333333
2026-08-25_09:46:58.640340 	EXP 	progress_bar_breaks: progress = 1.3333333333333333
2026-08-25_09:46:58.657120 	EXP 	progress_bar_breaks: progress = 1.3333333333333333
2026-08-25_09:46:58.673453 	EXP 	progress_bar_breaks: progress = 1.3333333333333333
2026-08-25_09:46:58.690297 	EXP 	progress_bar_breaks: progress = 1.3333333333333333
2026-08-25_09:46:58.706968 	EXP 	progress_bar_breaks: progress = 1.3333333333333333
2026-08-25_09:46:58.723548 	EXP 	progress_bar_breaks: progress = 1.3333333333333333
2026-08-25_09:46:58.740373 	EXP 	progress_bar_breaks: progress = 1.3333333333333333
2026-08-25_09:46:58.756940 	EXP 	progress_bar_breaks: progress = 1.3333333333333333
2026-08-25_09:46:58.773461 	EXP 	progress_bar_breaks: progress = 1.3333333333333333
2026-08-25_09:46:58.790138 	EXP 	progress_bar_breaks: progress = 1.3333333333333333
2026-08-25_09:46:58.806884 	EXP 	progress_bar_breaks: progress = 1.3333333333333333
2026-08-25_09:46:58.823523 	EXP 	progress_bar_breaks: progress = 1.3333333333333333
2026-08-25_09:46:58.840224 	EXP 	progress_bar_breaks: progress = 1.3333333333333333
2026-08-25_09:46:58.857063 	EXP 	progress_bar_breaks: progress = 1.3333333333333333
2026-08-25_09:46:58.873957 	EXP 	progress_bar_breaks: progress = 1.3333333333333333
2026-08-25_09:46:58.891345 	EXP 	progress_bar_breaks: progress = 1.3333333333333333
2026-08-25_09:46:58.906994 	EXP 	progress_bar_breaks: progress = 1.3333333333333333
2026-08-25_09:46:58.923663 	EXP 	progress_bar_breaks: progress = 1.3333333333333333
2026-08-25_09:46:58.940376 	EXP 	progress_bar_breaks: progress = 1.3333333333333333
2026-08-25_09:46:58.957276 	EXP 	progress_bar_breaks: progress = 1.3333333333333333
2026-08-25_09:46:58.973706 	EXP 	progress_bar_breaks: progress = 1.3333333333333333
2026-08-25_09:46:58.990421 	EXP 	progress_bar_breaks: progress = 1.3333333333333333
2026-08-25_09:46:59.006802 	EXP 	progress_bar_breaks: progress = 1.3333333333333333
2026-08-25_09:46:59.023493 	EXP 	progress_bar_breaks: progress = 1.3333333333333333
2026-08-25_09:46:59.040354 	EXP 	progress_bar_breaks: progress = 1.3333333333333333
2026-08-25_09:46:59.056879 	EXP 	progress_bar_breaks: progress = 1.3333333333333333
2026-08-25_09:46:59.073720 	EXP 	progress_bar_breaks: progress = 1.3333333333333333
2026-08-25_09:46:59.089997 	EXP 	progress_bar_breaks: progress = 1.3333333333333333
2026-08-25_09:46:59.106727 	EXP 	progress_bar_breaks: progress = 1.3333333333333333
2026-08-25_09:46:59.123316 	EXP 	progress_bar_breaks: progress = 1.3333333333333333
2026-08-25_09:46:59.140182 	EXP 	progress_bar_breaks: progress = 1.3333333333333333
2026-08-25_09:46:59.156893 	EXP 	progress_bar_breaks: progress = 1.3333333333333333
2026-08-25_09:46:59.173500 	EXP 	progress_bar_breaks: progress = 1.3333333333333333
2026-08-25_09:46:59.190236 	EXP 	progress_bar_breaks: progress = 1.3333333333333333
2026-08-25_09:46:59.207590 	EXP 	progress_bar_breaks: progress = 1.3333333333333333
2026-08-25_09:46:59.223652 	EXP 	progress_bar_breaks: progress = 1.3333333333333333
2026-08-25_09:46:59.240302 	EXP 	progress_bar_breaks: progress = 1.3333333333333333
2026-08-25_09:46:59.256769 	EXP 	progress_bar_breaks: progress = 1.3333333333333333
2026-08-25_09:46:59.273539 	EXP 	progress_bar_breaks: progress = 1.3333333333333333
2026-08-25_09:46:59.290518 	EXP 	progress_bar_breaks: progress = 1.3333333333333333
2026-08-25_09:46:59.307072 	EXP 	progress_bar_breaks: progress = 1.3333333333333333
2026-08-25_09:46:59.323579 	EXP 	progress_bar_breaks: progress = 1.3333333333333333
2026-08-25_09:46:59.340177 	EXP 	progress_bar_breaks: progress = 1.3333333333333333
2026-08-25_09:46:59.356132 	EXP 	progress_bar_breaks: progress = 1.3333333333333333
2026-08-25_09:46:59.373245 	EXP 	progress_bar_breaks: progress = 1.3333333333333333
2026-08-25_09:46:59.389975 	EXP 	progress_bar_breaks: progress = 1.3333333333333333
2026-08-25_09:46:59.406581 	EXP 	progress_bar_breaks: progress = 1.3333333333333333
2026-08-25_09:46:59.423313 	EXP 	progress_bar_breaks: progress = 1.3333333333333333
2026-08-25_09:46:59.439941 	EXP 	progress_bar_breaks: progress = 1.3333333333333333
2026-08-25_09:46:59.456497 	EXP 	progress_bar_breaks: progress = 1.3333333333333333
2026-08-25_09:46:59.473267 	EXP 	progress_bar_breaks: progress = 1.3333333333333333
2026-08-25_09:46:59.489868 	EXP 	progress_bar_breaks: progress = 1.3333333333333333
2026-08-25_09:46:59.507014 	EXP 	progress_bar_breaks: progress = 1.3333333333333333
2026-08-25_09:46:59.523456 	EXP 	progress_bar_breaks: progress = 1.3333333333333333
2026-08-25_09:46:59.540148 	EXP 	progress_bar_breaks: progress = 1.3333333333333333
2026-08-25_09:46:59.556752 	EXP 	progress_bar_breaks: progress = 1.3333333333333333
2026-08-25_09:46:59.573350 	EXP 	progress_bar_breaks: progress = 1.3333333333333333
2026-08-25_09:46:59.589958 	EXP 	progress_bar_breaks: progress = 1.3333333333333333
2026-08-25_09:46:59.606643 	EXP 	progress_bar_breaks: progress = 1.3333333333333333
2026-08-25_09:46:59.623303 	EXP 	progress_bar_breaks: progress = 1.4
2026-08-25_09:46:59.639985 	EXP 	progress_bar_breaks: progress = 1.4
2026-08-25_09:46:59.657096 	EXP 	progress_bar_breaks: progress = 1.4
2026-08-25_09:46:59.673184 	EXP 	progress_bar_breaks: progress = 1.4
2026-08-25_09:46:59.689931 	EXP 	progress_bar_breaks: progress = 1.4
2026-08-25_09:46:59.706881 	EXP 	progress_bar_breaks: progress = 1.4
2026-08-25_09:46:59.723230 	EXP 	progress_bar_breaks: progress = 1.4
2026-08-25_09:46:59.739823 	EXP 	progress_bar_breaks: progress = 1.4
2026-08-25_09:46:59.756542 	EXP 	progress_bar_breaks: progress = 1.4
2026-08-25_09:46:59.773156 	EXP 	progress_bar_breaks: progress = 1.4
2026-08-25_09:46:59.789873 	EXP 	progress_bar_breaks: progress = 1.4
2026-08-25_09:46:59.806460 	EXP 	progress_bar_breaks: progress = 1.4
2026-08-25_09:46:59.823110 	EXP 	progress_bar_breaks: progress = 1.4
2026-08-25_09:46:59.839831 	EXP 	progress_bar_breaks: progress = 1.4
2026-08-25_09:46:59.856676 	EXP 	progress_bar_breaks: progress = 1.4
2026-08-25_09:46:59.873207 	EXP 	progress_bar_breaks: progress = 1.4
2026-08-25_09:46:59.889875 	EXP 	progress_bar_breaks: progress = 1.4
2026-08-25_09:46:59.906596 	EXP 	progress_bar_breaks: progress = 1.4
2026-08-25_09:46:59.923326 	EXP 	progress_bar_breaks: progress = 1.4
2026-08-25_09:46:59.939904 	EXP 	progress_bar_breaks: progress = 1.4
2026-08-25_09:46:59.956612 	EXP 	progress_bar_breaks: progress = 1.4
2026-08-25_09:46:59.973125 	EXP 	progress_bar_breaks: progress = 1.4
2026-08-25_09:46:59.989964 	EXP 	progress_bar_breaks: progress = 1.4
2026-08-25_09:47:00.006675 	EXP 	progress_bar_breaks: progress = 1.4
2026-08-25_09:47:00.024341 	EXP 	progress_bar_breaks: progress = 1.4
2026-08-25_09:47:00.039874 	EXP 	progress_bar_breaks: progress = 1.4
2026-08-25_09:47:00.056552 	EXP 	progress_bar_breaks: progress = 1.4
2026-08-25_09:47:00.074145 	EXP 	progress_bar_breaks: progress = 1.4
2026-08-25_09:47:00.091133 	EXP 	progress_bar_breaks: progress = 1.4
2026-08-25_09:47:00.106809 	EXP 	progress_bar_breaks: progress = 1.4
2026-08-25_09:47:00.124510 	EXP 	progress_bar_breaks: progress = 1.4
2026-08-25_09:47:00.140027 	EXP 	progress_bar_breaks: progress = 1.4
2026-08-25_09:47:00.156944 	EXP 	progress_bar_breaks: progress = 1.4
2026-08-25_09:47:00.174129 	EXP 	progress_bar_breaks: progress = 1.4
2026-08-25_09:47:00.190320 	EXP 	progress_bar_breaks: progress = 1.4
2026-08-25_09:47:00.208416 	EXP 	progress_bar_breaks: progress = 1.4
2026-08-25_09:47:00.224325 	EXP 	progress_bar_breaks: progress = 1.4
2026-08-25_09:47:00.240781 	EXP 	progress_bar_breaks: progress = 1.4
2026-08-25_09:47:00.257572 	EXP 	progress_bar_breaks: progress = 1.4
2026-08-25_09:47:00.273255 	EXP 	progress_bar_breaks: progress = 1.4
2026-08-25_09:47:00.290307 	EXP 	progress_bar_breaks: progress = 1.4
2026-08-25_09:47:00.306736 	EXP 	progress_bar_breaks: progress = 1.4
2026-08-25_09:47:00.323791 	EXP 	progress_bar_breaks: progress = 1.4
2026-08-25_09:47:00.340423 	EXP 	progress_bar_breaks: progress = 1.4
2026-08-25_09:47:00.356870 	EXP 	progress_bar_breaks: progress = 1.4
2026-08-25_09:47:00.373219 	EXP 	progress_bar_breaks: progress = 1.4
2026-08-25_09:47:00.390175 	EXP 	progress_bar_breaks: progress = 1.4
2026-08-25_09:47:00.406570 	EXP 	progress_bar_breaks: progress = 1.4
2026-08-25_09:47:00.423434 	EXP 	progress_bar_breaks: progress = 1.4
2026-08-25_09:47:00.440001 	EXP 	progress_bar_breaks: progress = 1.4
2026-08-25_09:47:00.456469 	EXP 	progress_bar_breaks: progress = 1.4
2026-08-25_09:47:00.473121 	EXP 	progress_bar_breaks: progress = 1.4
2026-08-25_09:47:00.490016 	EXP 	progress_bar_breaks: progress = 1.4
2026-08-25_09:47:00.506663 	EXP 	progress_bar_breaks: progress = 1.4
2026-08-25_09:47:00.523045 	EXP 	progress_bar_breaks: progress = 1.4
2026-08-25_09:47:00.539797 	EXP 	progress_bar_breaks: progress = 1.4
2026-08-25_09:47:00.556416 	EXP 	progress_bar_breaks: progress = 1.4
2026-08-25_09:47:00.572920 	EXP 	progress_bar_breaks: progress = 1.4
2026-08-25_09:47:00.590166 	EXP 	progress_bar_breaks: progress = 1.4
2026-08-25_09:47:00.607700 	EXP 	progress_bar_breaks: progress = 1.4
2026-08-25_09:47:00.624109 	EXP 	progress_bar_breaks: progress = 1.4666666666666668
2026-08-25_09:47:00.640267 	EXP 	progress_bar_breaks: progress = 1.4666666666666668
2026-08-25_09:47:00.656452 	EXP 	progress_bar_breaks: progress = 1.4666666666666668
2026-08-25_09:47:00.672979 	EXP 	progress_bar_breaks: progress = 1.4666666666666668
2026-08-25_09:47:00.689593 	EXP 	progress_bar_breaks: progress = 1.4666666666666668
2026-08-25_09:47:00.706456 	EXP 	progress_bar_breaks: progress = 1.4666666666666668
2026-08-25_09:47:00.723223 	EXP 	progress_bar_breaks: progress = 1.4666666666666668
2026-08-25_09:47:00.739632 	EXP 	progress_bar_breaks: progress = 1.4666666666666668
2026-08-25_09:47:00.756503 	EXP 	progress_bar_breaks: progress = 1.4666666666666668
2026-08-25_09:47:00.772932 	EXP 	progress_bar_breaks: progress = 1.4666666666666668
2026-08-25_09:47:00.789823 	EXP 	progress_bar_breaks: progress = 1.4666666666666668
2026-08-25_09:47:00.806526 	EXP 	progress_bar_breaks: progress = 1.4666666666666668
2026-08-25_09:47:00.822986 	EXP 	progress_bar_breaks: progress = 1.4666666666666668
2026-08-25_09:47:00.839602 	EXP 	progress_bar_breaks: progress = 1.4666666666666668
2026-08-25_09:47:00.856256 	EXP 	progress_bar_breaks: progress = 1.4666666666666668
2026-08-25_09:47:00.872864 	EXP 	progress_bar_breaks: progress = 1.4666666666666668
2026-08-25_09:47:00.889483 	EXP 	progress_bar_breaks: progress = 1.4666666666666668
2026-08-25_09:47:00.906278 	EXP 	progress_bar_breaks: progress = 1.4666666666666668
2026-08-25_09:47:00.922848 	EXP 	progress_bar_breaks: progress = 1.4666666666666668
2026-08-25_09:47:00.940548 	EXP 	progress_bar_breaks: progress = 1.4666666666666668
2026-08-25_09:47:00.958628 	EXP 	progress_bar_breaks: progress = 1.4666666666666668
2026-08-25_09:47:00.973068 	EXP 	progress_bar_breaks: progress = 1.4666666666666668
2026-08-25_09:47:00.989580 	EXP 	progress_bar_breaks: progress = 1.4666666666666668
2026-08-25_09:47:01.006388 	EXP 	progress_bar_breaks: progress = 1.4666666666666668
2026-08-25_09:47:01.023601 	EXP 	progress_bar_breaks: progress = 1.4666666666666668
2026-08-25_09:47:01.039312 	EXP 	progress_bar_breaks: progress = 1.4666666666666668
2026-08-25_09:47:01.055915 	EXP 	progress_bar_breaks: progress = 1.4666666666666668
2026-08-25_09:47:01.072673 	EXP 	progress_bar_breaks: progress = 1.4666666666666668
2026-08-25_09:47:01.089412 	EXP 	progress_bar_breaks: progress = 1.4666666666666668
2026-08-25_09:47:01.105971 	EXP 	progress_bar_breaks: progress = 1.4666666666666668
2026-08-25_09:47:01.122729 	EXP 	progress_bar_breaks: progress = 1.4666666666666668
2026-08-25_09:47:01.139482 	EXP 	progress_bar_breaks: progress = 1.4666666666666668
2026-08-25_09:47:01.156096 	EXP 	progress_bar_breaks: progress = 1.4666666666666668
2026-08-25_09:47:01.172779 	EXP 	progress_bar_breaks: progress = 1.4666666666666668
2026-08-25_09:47:01.189694 	EXP 	progress_bar_breaks: progress = 1.4666666666666668
2026-08-25_09:47:01.206293 	EXP 	progress_bar_breaks: progress = 1.4666666666666668
2026-08-25_09:47:01.222976 	EXP 	progress_bar_breaks: progress = 1.4666666666666668
2026-08-25_09:47:01.239451 	EXP 	progress_bar_breaks: progress = 1.4666666666666668
2026-08-25_09:47:01.256112 	EXP 	progress_bar_breaks: progress = 1.4666666666666668
2026-08-25_09:47:01.273244 	EXP 	progress_bar_breaks: progress = 1.4666666666666668
2026-08-25_09:47:01.289449 	EXP 	progress_bar_breaks: progress = 1.4666666666666668
2026-08-25_09:47:01.306161 	EXP 	progress_bar_breaks: progress = 1.4666666666666668
2026-08-25_09:47:01.322762 	EXP 	progress_bar_breaks: progress = 1.4666666666666668
2026-08-25_09:47:01.339632 	EXP 	progress_bar_breaks: progress = 1.4666666666666668
2026-08-25_09:47:01.356492 	EXP 	progress_bar_breaks: progress = 1.4666666666666668
2026-08-25_09:47:01.373407 	EXP 	progress_bar_breaks: progress = 1.4666666666666668
2026-08-25_09:47:01.389951 	EXP 	progress_bar_breaks: progress = 1.4666666666666668
2026-08-25_09:47:01.406492 	EXP 	progress_bar_breaks: progress = 1.4666666666666668
2026-08-25_09:47:01.422998 	EXP 	progress_bar_breaks: progress = 1.4666666666666668
2026-08-25_09:47:01.440108 	EXP 	progress_bar_breaks: progress = 1.4666666666666668
2026-08-25_09:47:01.456786 	EXP 	progress_bar_breaks: progress = 1.4666666666666668
2026-08-25_09:47:01.473183 	EXP 	progress_bar_breaks: progress = 1.4666666666666668
2026-08-25_09:47:01.489995 	EXP 	progress_bar_breaks: progress = 1.4666666666666668
2026-08-25_09:47:01.506526 	EXP 	progress_bar_breaks: progress = 1.4666666666666668
2026-08-25_09:47:01.522763 	EXP 	progress_bar_breaks: progress = 1.4666666666666668
2026-08-25_09:47:01.539711 	EXP 	progress_bar_breaks: progress = 1.4666666666666668
2026-08-25_09:47:01.556458 	EXP 	progress_bar_breaks: progress = 1.4666666666666668
2026-08-25_09:47:01.573061 	EXP 	progress_bar_breaks: progress = 1.4666666666666668
2026-08-25_09:47:01.589389 	EXP 	progress_bar_breaks: progress = 1.4666666666666668
2026-08-25_09:47:01.606032 	EXP 	progress_bar_breaks: progress = 1.4666666666666668
2026-08-25_09:47:01.622672 	EXP 	progress_bar_breaks: progress = 1.5333333333333332
2026-08-25_09:47:01.639311 	EXP 	progress_bar_breaks: progress = 1.5333333333333332
2026-08-25_09:47:01.655928 	EXP 	progress_bar_breaks: progress = 1.5333333333333332
2026-08-25_09:47:01.672611 	EXP 	progress_bar_breaks: progress = 1.5333333333333332
2026-08-25_09:47:01.689230 	EXP 	progress_bar_breaks: progress = 1.5333333333333332
2026-08-25_09:47:01.706023 	EXP 	progress_bar_breaks: progress = 1.5333333333333332
2026-08-25_09:47:01.723180 	EXP 	progress_bar_breaks: progress = 1.5333333333333332
2026-08-25_09:47:01.739467 	EXP 	progress_bar_breaks: progress = 1.5333333333333332
2026-08-25_09:47:01.756142 	EXP 	progress_bar_breaks: progress = 1.5333333333333332
2026-08-25_09:47:01.772761 	EXP 	progress_bar_breaks: progress = 1.5333333333333332
2026-08-25_09:47:01.789478 	EXP 	progress_bar_breaks: progress = 1.5333333333333332
2026-08-25_09:47:01.805852 	EXP 	progress_bar_breaks: progress = 1.5333333333333332
2026-08-25_09:47:01.822592 	EXP 	progress_bar_breaks: progress = 1.5333333333333332
2026-08-25_09:47:01.839189 	EXP 	progress_bar_breaks: progress = 1.5333333333333332
2026-08-25_09:47:01.855945 	EXP 	progress_bar_breaks: progress = 1.5333333333333332
2026-08-25_09:47:01.872476 	EXP 	progress_bar_breaks: progress = 1.5333333333333332
2026-08-25_09:47:01.889227 	EXP 	progress_bar_breaks: progress = 1.5333333333333332
2026-08-25_09:47:01.905929 	EXP 	progress_bar_breaks: progress = 1.5333333333333332
2026-08-25_09:47:01.922427 	EXP 	progress_bar_breaks: progress = 1.5333333333333332
2026-08-25_09:47:01.939238 	EXP 	progress_bar_breaks: progress = 1.5333333333333332
2026-08-25_09:47:01.955861 	EXP 	progress_bar_breaks: progress = 1.5333333333333332
2026-08-25_09:47:01.972503 	EXP 	progress_bar_breaks: progress = 1.5333333333333332
2026-08-25_09:47:01.989160 	EXP 	progress_bar_breaks: progress = 1.5333333333333332
2026-08-25_09:47:02.005907 	EXP 	progress_bar_breaks: progress = 1.5333333333333332
2026-08-25_09:47:02.022730 	EXP 	progress_bar_breaks: progress = 1.5333333333333332
2026-08-25_09:47:02.039379 	EXP 	progress_bar_breaks: progress = 1.5333333333333332
2026-08-25_09:47:02.055883 	EXP 	progress_bar_breaks: progress = 1.5333333333333332
2026-08-25_09:47:02.072835 	EXP 	progress_bar_breaks: progress = 1.5333333333333332
2026-08-25_09:47:02.089511 	EXP 	progress_bar_breaks: progress = 1.5333333333333332
2026-08-25_09:47:02.105947 	EXP 	progress_bar_breaks: progress = 1.5333333333333332
2026-08-25_09:47:02.122894 	EXP 	progress_bar_breaks: progress = 1.5333333333333332
2026-08-25_09:47:02.139328 	EXP 	progress_bar_breaks: progress = 1.5333333333333332
2026-08-25_09:47:02.156092 	EXP 	progress_bar_breaks: progress = 1.5333333333333332
2026-08-25_09:47:02.172437 	EXP 	progress_bar_breaks: progress = 1.5333333333333332
2026-08-25_09:47:02.189213 	EXP 	progress_bar_breaks: progress = 1.5333333333333332
2026-08-25_09:47:02.205957 	EXP 	progress_bar_breaks: progress = 1.5333333333333332
2026-08-25_09:47:02.222502 	EXP 	progress_bar_breaks: progress = 1.5333333333333332
2026-08-25_09:47:02.239387 	EXP 	progress_bar_breaks: progress = 1.5333333333333332
2026-08-25_09:47:02.255852 	EXP 	progress_bar_breaks: progress = 1.5333333333333332
2026-08-25_09:47:02.272525 	EXP 	progress_bar_breaks: progress = 1.5333333333333332
2026-08-25_09:47:02.289188 	EXP 	progress_bar_breaks: progress = 1.5333333333333332
2026-08-25_09:47:02.306085 	EXP 	progress_bar_breaks: progress = 1.5333333333333332
2026-08-25_09:47:02.322271 	EXP 	progress_bar_breaks: progress = 1.5333333333333332
2026-08-25_09:47:02.339047 	EXP 	progress_bar_breaks: progress = 1.5333333333333332
2026-08-25_09:47:02.355711 	EXP 	progress_bar_breaks: progress = 1.5333333333333332
2026-08-25_09:47:02.372791 	EXP 	progress_bar_breaks: progress = 1.5333333333333332
2026-08-25_09:47:02.389302 	EXP 	progress_bar_breaks: progress = 1.5333333333333332
2026-08-25_09:47:02.405730 	EXP 	progress_bar_breaks: progress = 1.5333333333333332
2026-08-25_09:47:02.422327 	EXP 	progress_bar_breaks: progress = 1.5333333333333332
2026-08-25_09:47:02.439329 	EXP 	progress_bar_breaks: progress = 1.5333333333333332
2026-08-25_09:47:02.455605 	EXP 	progress_bar_breaks: progress = 1.5333333333333332
2026-08-25_09:47:02.472306 	EXP 	progress_bar_breaks: progress = 1.5333333333333332
2026-08-25_09:47:02.489213 	EXP 	progress_bar_breaks: progress = 1.5333333333333332
2026-08-25_09:47:02.505919 	EXP 	progress_bar_breaks: progress = 1.5333333333333332
2026-08-25_09:47:02.522557 	EXP 	progress_bar_breaks: progress = 1.5333333333333332
2026-08-25_09:47:02.539037 	EXP 	progress_bar_breaks: progress = 1.5333333333333332
2026-08-25_09:47:02.555914 	EXP 	progress_bar_breaks: progress = 1.5333333333333332
2026-08-25_09:47:02.572603 	EXP 	progress_bar_breaks: progress = 1.5333333333333332
2026-08-25_09:47:02.589556 	EXP 	progress_bar_breaks: progress = 1.5333333333333332
2026-08-25_09:47:02.606052 	EXP 	progress_bar_breaks: progress = 1.5333333333333332
2026-08-25_09:47:02.622905 	EXP 	progress_bar_breaks: progress = 1.6
2026-08-25_09:47:02.639309 	EXP 	progress_bar_breaks: progress = 1.6
2026-08-25_09:47:02.655926 	EXP 	progress_bar_breaks: progress = 1.6
2026-08-25_09:47:02.673080 	EXP 	progress_bar_breaks: progress = 1.6
2026-08-25_09:47:02.689293 	EXP 	progress_bar_breaks: progress = 1.6
2026-08-25_09:47:02.706503 	EXP 	progress_bar_breaks: progress = 1.6
2026-08-25_09:47:02.723024 	EXP 	progress_bar_breaks: progress = 1.6
2026-08-25_09:47:02.739827 	EXP 	progress_bar_breaks: progress = 1.6
2026-08-25_09:47:02.756835 	EXP 	progress_bar_breaks: progress = 1.6
2026-08-25_09:47:02.772697 	EXP 	progress_bar_breaks: progress = 1.6
2026-08-25_09:47:02.790231 	EXP 	progress_bar_breaks: progress = 1.6
2026-08-25_09:47:02.806636 	EXP 	progress_bar_breaks: progress = 1.6
2026-08-25_09:47:02.822527 	EXP 	progress_bar_breaks: progress = 1.6
2026-08-25_09:47:02.839095 	EXP 	progress_bar_breaks: progress = 1.6
2026-08-25_09:47:02.855515 	EXP 	progress_bar_breaks: progress = 1.6
2026-08-25_09:47:02.872359 	EXP 	progress_bar_breaks: progress = 1.6
2026-08-25_09:47:02.888839 	EXP 	progress_bar_breaks: progress = 1.6
2026-08-25_09:47:02.905479 	EXP 	progress_bar_breaks: progress = 1.6
2026-08-25_09:47:02.922214 	EXP 	progress_bar_breaks: progress = 1.6
2026-08-25_09:47:02.938877 	EXP 	progress_bar_breaks: progress = 1.6
2026-08-25_09:47:02.955568 	EXP 	progress_bar_breaks: progress = 1.6
2026-08-25_09:47:02.972192 	EXP 	progress_bar_breaks: progress = 1.6
2026-08-25_09:47:02.989064 	EXP 	progress_bar_breaks: progress = 1.6
2026-08-25_09:47:03.005485 	EXP 	progress_bar_breaks: progress = 1.6
2026-08-25_09:47:03.022441 	EXP 	progress_bar_breaks: progress = 1.6
2026-08-25_09:47:03.038974 	EXP 	progress_bar_breaks: progress = 1.6
2026-08-25_09:47:03.055613 	EXP 	progress_bar_breaks: progress = 1.6
2026-08-25_09:47:03.072406 	EXP 	progress_bar_breaks: progress = 1.6
2026-08-25_09:47:03.088900 	EXP 	progress_bar_breaks: progress = 1.6
2026-08-25_09:47:03.105789 	EXP 	progress_bar_breaks: progress = 1.6
2026-08-25_09:47:03.122263 	EXP 	progress_bar_breaks: progress = 1.6
2026-08-25_09:47:03.139027 	EXP 	progress_bar_breaks: progress = 1.6
2026-08-25_09:47:03.155868 	EXP 	progress_bar_breaks: progress = 1.6
2026-08-25_09:47:03.172798 	EXP 	progress_bar_breaks: progress = 1.6
2026-08-25_09:47:03.189432 	EXP 	progress_bar_breaks: progress = 1.6
2026-08-25_09:47:03.205772 	EXP 	progress_bar_breaks: progress = 1.6
2026-08-25_09:47:03.222101 	EXP 	progress_bar_breaks: progress = 1.6
2026-08-25_09:47:03.238771 	EXP 	progress_bar_breaks: progress = 1.6
2026-08-25_09:47:03.255488 	EXP 	progress_bar_breaks: progress = 1.6
2026-08-25_09:47:03.272051 	EXP 	progress_bar_breaks: progress = 1.6
2026-08-25_09:47:03.288818 	EXP 	progress_bar_breaks: progress = 1.6
2026-08-25_09:47:03.305402 	EXP 	progress_bar_breaks: progress = 1.6
2026-08-25_09:47:03.322089 	EXP 	progress_bar_breaks: progress = 1.6
2026-08-25_09:47:03.338792 	EXP 	progress_bar_breaks: progress = 1.6
2026-08-25_09:47:03.355324 	EXP 	progress_bar_breaks: progress = 1.6
2026-08-25_09:47:03.372558 	EXP 	progress_bar_breaks: progress = 1.6
2026-08-25_09:47:03.389217 	EXP 	progress_bar_breaks: progress = 1.6
2026-08-25_09:47:03.405609 	EXP 	progress_bar_breaks: progress = 1.6
2026-08-25_09:47:03.422343 	EXP 	progress_bar_breaks: progress = 1.6
2026-08-25_09:47:03.438859 	EXP 	progress_bar_breaks: progress = 1.6
2026-08-25_09:47:03.455463 	EXP 	progress_bar_breaks: progress = 1.6
2026-08-25_09:47:03.472183 	EXP 	progress_bar_breaks: progress = 1.6
2026-08-25_09:47:03.488783 	EXP 	progress_bar_breaks: progress = 1.6
2026-08-25_09:47:03.505481 	EXP 	progress_bar_breaks: progress = 1.6
2026-08-25_09:47:03.522198 	EXP 	progress_bar_breaks: progress = 1.6
2026-08-25_09:47:03.538963 	EXP 	progress_bar_breaks: progress = 1.6
2026-08-25_09:47:03.555512 	EXP 	progress_bar_breaks: progress = 1.6
2026-08-25_09:47:03.571956 	EXP 	progress_bar_breaks: progress = 1.6
2026-08-25_09:47:03.588624 	EXP 	progress_bar_breaks: progress = 1.6
2026-08-25_09:47:03.605551 	EXP 	progress_bar_breaks: progress = 1.6
2026-08-25_09:47:03.622430 	EXP 	progress_bar_breaks: progress = 1.6666666666666665
2026-08-25_09:47:03.638711 	EXP 	progress_bar_breaks: progress = 1.6666666666666665
2026-08-25_09:47:03.655324 	EXP 	progress_bar_breaks: progress = 1.6666666666666665
2026-08-25_09:47:03.672096 	EXP 	progress_bar_breaks: progress = 1.6666666666666665
2026-08-25_09:47:03.688740 	EXP 	progress_bar_breaks: progress = 1.6666666666666665
2026-08-25_09:47:03.705353 	EXP 	progress_bar_breaks: progress = 1.6666666666666665
2026-08-25_09:47:03.722324 	EXP 	progress_bar_breaks: progress = 1.6666666666666665
2026-08-25_09:47:03.738689 	EXP 	progress_bar_breaks: progress = 1.6666666666666665
2026-08-25_09:47:03.755404 	EXP 	progress_bar_breaks: progress = 1.6666666666666665
2026-08-25_09:47:03.772042 	EXP 	progress_bar_breaks: progress = 1.6666666666666665
2026-08-25_09:47:03.788805 	EXP 	progress_bar_breaks: progress = 1.6666666666666665
2026-08-25_09:47:03.805414 	EXP 	progress_bar_breaks: progress = 1.6666666666666665
2026-08-25_09:47:03.822195 	EXP 	progress_bar_breaks: progress = 1.6666666666666665
2026-08-25_09:47:03.838988 	EXP 	progress_bar_breaks: progress = 1.6666666666666665
2026-08-25_09:47:03.855848 	EXP 	progress_bar_breaks: progress = 1.6666666666666665
2026-08-25_09:47:03.872185 	EXP 	progress_bar_breaks: progress = 1.6666666666666665
2026-08-25_09:47:03.888746 	EXP 	progress_bar_breaks: progress = 1.6666666666666665
2026-08-25_09:47:03.905721 	EXP 	progress_bar_breaks: progress = 1.6666666666666665
2026-08-25_09:47:03.922240 	EXP 	progress_bar_breaks: progress = 1.6666666666666665
2026-08-25_09:47:03.938730 	EXP 	progress_bar_breaks: progress = 1.6666666666666665
2026-08-25_09:47:03.955747 	EXP 	progress_bar_breaks: progress = 1.6666666666666665
2026-08-25_09:47:03.972111 	EXP 	progress_bar_breaks: progress = 1.6666666666666665
2026-08-25_09:47:03.989178 	EXP 	progress_bar_breaks: progress = 1.6666666666666665
2026-08-25_09:47:04.005440 	EXP 	progress_bar_breaks: progress = 1.6666666666666665
2026-08-25_09:47:04.022060 	EXP 	progress_bar_breaks: progress = 1.6666666666666665
2026-08-25_09:47:04.121455 	EXP 	progress_bar_breaks: progress = 1.6666666666666665
2026-08-25_09:47:04.138736 	EXP 	progress_bar_breaks: progress = 1.6666666666666665
2026-08-25_09:47:04.155473 	EXP 	progress_bar_breaks: progress = 1.6666666666666665
2026-08-25_09:47:04.172004 	EXP 	progress_bar_breaks: progress = 1.6666666666666665
2026-08-25_09:47:04.188926 	EXP 	progress_bar_breaks: progress = 1.6666666666666665
2026-08-25_09:47:04.205802 	EXP 	progress_bar_breaks: progress = 1.6666666666666665
2026-08-25_09:47:04.221936 	EXP 	progress_bar_breaks: progress = 1.6666666666666665
2026-08-25_09:47:04.238721 	EXP 	progress_bar_breaks: progress = 1.6666666666666665
2026-08-25_09:47:04.255369 	EXP 	progress_bar_breaks: progress = 1.6666666666666665
2026-08-25_09:47:04.272017 	EXP 	progress_bar_breaks: progress = 1.6666666666666665
2026-08-25_09:47:04.288709 	EXP 	progress_bar_breaks: progress = 1.6666666666666665
2026-08-25_09:47:04.305403 	EXP 	progress_bar_breaks: progress = 1.6666666666666665
2026-08-25_09:47:04.321974 	EXP 	progress_bar_breaks: progress = 1.6666666666666665
2026-08-25_09:47:04.338560 	EXP 	progress_bar_breaks: progress = 1.6666666666666665
2026-08-25_09:47:04.355245 	EXP 	progress_bar_breaks: progress = 1.6666666666666665
2026-08-25_09:47:04.372316 	EXP 	progress_bar_breaks: progress = 1.6666666666666665
2026-08-25_09:47:04.388564 	EXP 	progress_bar_breaks: progress = 1.6666666666666665
2026-08-25_09:47:04.406057 	EXP 	progress_bar_breaks: progress = 1.6666666666666665
2026-08-25_09:47:04.421764 	EXP 	progress_bar_breaks: progress = 1.6666666666666665
2026-08-25_09:47:04.438613 	EXP 	progress_bar_breaks: progress = 1.6666666666666665
2026-08-25_09:47:04.455514 	EXP 	progress_bar_breaks: progress = 1.6666666666666665
2026-08-25_09:47:04.471924 	EXP 	progress_bar_breaks: progress = 1.6666666666666665
2026-08-25_09:47:04.488544 	EXP 	progress_bar_breaks: progress = 1.6666666666666665
2026-08-25_09:47:04.505335 	EXP 	progress_bar_breaks: progress = 1.6666666666666665
2026-08-25_09:47:04.522279 	EXP 	progress_bar_breaks: progress = 1.6666666666666665
2026-08-25_09:47:04.540136 	EXP 	progress_bar_breaks: progress = 1.6666666666666665
2026-08-25_09:47:04.555762 	EXP 	progress_bar_breaks: progress = 1.6666666666666665
2026-08-25_09:47:04.572187 	EXP 	progress_bar_breaks: progress = 1.6666666666666665
2026-08-25_09:47:04.588851 	EXP 	progress_bar_breaks: progress = 1.6666666666666665
2026-08-25_09:47:04.605343 	EXP 	progress_bar_breaks: progress = 1.6666666666666665
2026-08-25_09:47:04.621886 	EXP 	progress_bar_breaks: progress = 1.7333333333333334
2026-08-25_09:47:04.638978 	EXP 	progress_bar_breaks: progress = 1.7333333333333334
2026-08-25_09:47:04.655124 	EXP 	progress_bar_breaks: progress = 1.7333333333333334
2026-08-25_09:47:04.671928 	EXP 	progress_bar_breaks: progress = 1.7333333333333334
2026-08-25_09:47:04.688607 	EXP 	progress_bar_breaks: progress = 1.7333333333333334
2026-08-25_09:47:04.705474 	EXP 	progress_bar_breaks: progress = 1.7333333333333334
2026-08-25_09:47:04.722312 	EXP 	progress_bar_breaks: progress = 1.7333333333333334
2026-08-25_09:47:04.738751 	EXP 	progress_bar_breaks: progress = 1.7333333333333334
2026-08-25_09:47:04.755394 	EXP 	progress_bar_breaks: progress = 1.7333333333333334
2026-08-25_09:47:04.771957 	EXP 	progress_bar_breaks: progress = 1.7333333333333334
2026-08-25_09:47:04.789097 	EXP 	progress_bar_breaks: progress = 1.7333333333333334
2026-08-25_09:47:04.806060 	EXP 	progress_bar_breaks: progress = 1.7333333333333334
2026-08-25_09:47:04.821951 	EXP 	progress_bar_breaks: progress = 1.7333333333333334
2026-08-25_09:47:04.838725 	EXP 	progress_bar_breaks: progress = 1.7333333333333334
2026-08-25_09:47:04.855739 	EXP 	progress_bar_breaks: progress = 1.7333333333333334
2026-08-25_09:47:04.872220 	EXP 	progress_bar_breaks: progress = 1.7333333333333334
2026-08-25_09:47:04.888911 	EXP 	progress_bar_breaks: progress = 1.7333333333333334
2026-08-25_09:47:04.905303 	EXP 	progress_bar_breaks: progress = 1.7333333333333334
2026-08-25_09:47:04.921927 	EXP 	progress_bar_breaks: progress = 1.7333333333333334
2026-08-25_09:47:04.938498 	EXP 	progress_bar_breaks: progress = 1.7333333333333334
2026-08-25_09:47:04.955031 	EXP 	progress_bar_breaks: progress = 1.7333333333333334
2026-08-25_09:47:04.971656 	EXP 	progress_bar_breaks: progress = 1.7333333333333334
2026-08-25_09:47:04.988358 	EXP 	progress_bar_breaks: progress = 1.7333333333333334
2026-08-25_09:47:05.005088 	EXP 	progress_bar_breaks: progress = 1.7333333333333334
2026-08-25_09:47:05.021565 	EXP 	progress_bar_breaks: progress = 1.7333333333333334
2026-08-25_09:47:05.038293 	EXP 	progress_bar_breaks: progress = 1.7333333333333334
2026-08-25_09:47:05.055201 	EXP 	progress_bar_breaks: progress = 1.7333333333333334
2026-08-25_09:47:05.073370 	EXP 	progress_bar_breaks: progress = 1.7333333333333334
2026-08-25_09:47:05.088750 	EXP 	progress_bar_breaks: progress = 1.7333333333333334
2026-08-25_09:47:05.105360 	EXP 	progress_bar_breaks: progress = 1.7333333333333334
2026-08-25_09:47:05.121994 	EXP 	progress_bar_breaks: progress = 1.7333333333333334
2026-08-25_09:47:05.138710 	EXP 	progress_bar_breaks: progress = 1.7333333333333334
2026-08-25_09:47:05.156280 	EXP 	progress_bar_breaks: progress = 1.7333333333333334
2026-08-25_09:47:05.172383 	EXP 	progress_bar_breaks: progress = 1.7333333333333334
2026-08-25_09:47:05.189292 	EXP 	progress_bar_breaks: progress = 1.7333333333333334
2026-08-25_09:47:05.205774 	EXP 	progress_bar_breaks: progress = 1.7333333333333334
2026-08-25_09:47:05.222944 	EXP 	progress_bar_breaks: progress = 1.7333333333333334
2026-08-25_09:47:05.238904 	EXP 	progress_bar_breaks: progress = 1.7333333333333334
2026-08-25_09:47:05.255440 	EXP 	progress_bar_breaks: progress = 1.7333333333333334
2026-08-25_09:47:05.272140 	EXP 	progress_bar_breaks: progress = 1.7333333333333334
2026-08-25_09:47:05.288730 	EXP 	progress_bar_breaks: progress = 1.7333333333333334
2026-08-25_09:47:05.305279 	EXP 	progress_bar_breaks: progress = 1.7333333333333334
2026-08-25_09:47:05.321601 	EXP 	progress_bar_breaks: progress = 1.7333333333333334
2026-08-25_09:47:05.338204 	EXP 	progress_bar_breaks: progress = 1.7333333333333334
2026-08-25_09:47:05.354923 	EXP 	progress_bar_breaks: progress = 1.7333333333333334
2026-08-25_09:47:05.371596 	EXP 	progress_bar_breaks: progress = 1.7333333333333334
2026-08-25_09:47:05.388229 	EXP 	progress_bar_breaks: progress = 1.7333333333333334
2026-08-25_09:47:05.405045 	EXP 	progress_bar_breaks: progress = 1.7333333333333334
2026-08-25_09:47:05.421504 	EXP 	progress_bar_breaks: progress = 1.7333333333333334
2026-08-25_09:47:05.438076 	EXP 	progress_bar_breaks: progress = 1.7333333333333334
2026-08-25_09:47:05.454716 	EXP 	progress_bar_breaks: progress = 1.7333333333333334
2026-08-25_09:47:05.471471 	EXP 	progress_bar_breaks: progress = 1.7333333333333334
2026-08-25_09:47:05.488065 	EXP 	progress_bar_breaks: progress = 1.7333333333333334
2026-08-25_09:47:05.504638 	EXP 	progress_bar_breaks: progress = 1.7333333333333334
2026-08-25_09:47:05.521376 	EXP 	progress_bar_breaks: progress = 1.7333333333333334
2026-08-25_09:47:05.538047 	EXP 	progress_bar_breaks: progress = 1.7333333333333334
2026-08-25_09:47:05.554693 	EXP 	progress_bar_breaks: progress = 1.7333333333333334
2026-08-25_09:47:05.571363 	EXP 	progress_bar_breaks: progress = 1.7333333333333334
2026-08-25_09:47:05.587976 	EXP 	progress_bar_breaks: progress = 1.7333333333333334
2026-08-25_09:47:05.604614 	EXP 	progress_bar_breaks: progress = 1.7333333333333334
2026-08-25_09:47:05.621398 	EXP 	progress_bar_breaks: progress = 1.8
2026-08-25_09:47:05.638046 	EXP 	progress_bar_breaks: progress = 1.8
2026-08-25_09:47:05.654691 	EXP 	progress_bar_breaks: progress = 1.8
2026-08-25_09:47:05.671301 	EXP 	progress_bar_breaks: progress = 1.8
2026-08-25_09:47:05.688607 	EXP 	progress_bar_breaks: progress = 1.8
2026-08-25_09:47:05.704743 	EXP 	progress_bar_breaks: progress = 1.8
2026-08-25_09:47:05.721278 	EXP 	progress_bar_breaks: progress = 1.8
2026-08-25_09:47:05.738051 	EXP 	progress_bar_breaks: progress = 1.8
2026-08-25_09:47:05.754645 	EXP 	progress_bar_breaks: progress = 1.8
2026-08-25_09:47:05.771233 	EXP 	progress_bar_breaks: progress = 1.8
2026-08-25_09:47:05.787886 	EXP 	progress_bar_breaks: progress = 1.8
2026-08-25_09:47:05.804744 	EXP 	progress_bar_breaks: progress = 1.8
2026-08-25_09:47:05.821171 	EXP 	progress_bar_breaks: progress = 1.8
2026-08-25_09:47:05.838029 	EXP 	progress_bar_breaks: progress = 1.8
2026-08-25_09:47:05.854684 	EXP 	progress_bar_breaks: progress = 1.8
2026-08-25_09:47:05.871235 	EXP 	progress_bar_breaks: progress = 1.8
2026-08-25_09:47:05.888036 	EXP 	progress_bar_breaks: progress = 1.8
2026-08-25_09:47:05.904672 	EXP 	progress_bar_breaks: progress = 1.8
2026-08-25_09:47:05.921407 	EXP 	progress_bar_breaks: progress = 1.8
2026-08-25_09:47:05.938041 	EXP 	progress_bar_breaks: progress = 1.8
2026-08-25_09:47:05.954835 	EXP 	progress_bar_breaks: progress = 1.8
2026-08-25_09:47:05.971570 	EXP 	progress_bar_breaks: progress = 1.8
2026-08-25_09:47:05.987972 	EXP 	progress_bar_breaks: progress = 1.8
2026-08-25_09:47:06.004676 	EXP 	progress_bar_breaks: progress = 1.8
2026-08-25_09:47:06.021324 	EXP 	progress_bar_breaks: progress = 1.8
2026-08-25_09:47:06.037931 	EXP 	progress_bar_breaks: progress = 1.8
2026-08-25_09:47:06.054707 	EXP 	progress_bar_breaks: progress = 1.8
2026-08-25_09:47:06.071375 	EXP 	progress_bar_breaks: progress = 1.8
2026-08-25_09:47:06.088000 	EXP 	progress_bar_breaks: progress = 1.8
2026-08-25_09:47:06.104621 	EXP 	progress_bar_breaks: progress = 1.8
2026-08-25_09:47:06.121366 	EXP 	progress_bar_breaks: progress = 1.8
2026-08-25_09:47:06.137913 	EXP 	progress_bar_breaks: progress = 1.8
2026-08-25_09:47:06.154765 	EXP 	progress_bar_breaks: progress = 1.8
2026-08-25_09:47:06.171300 	EXP 	progress_bar_breaks: progress = 1.8
2026-08-25_09:47:06.187848 	EXP 	progress_bar_breaks: progress = 1.8
2026-08-25_09:47:06.204789 	EXP 	progress_bar_breaks: progress = 1.8
2026-08-25_09:47:06.221172 	EXP 	progress_bar_breaks: progress = 1.8
2026-08-25_09:47:06.237872 	EXP 	progress_bar_breaks: progress = 1.8
2026-08-25_09:47:06.254671 	EXP 	progress_bar_breaks: progress = 1.8
2026-08-25_09:47:06.271493 	EXP 	progress_bar_breaks: progress = 1.8
2026-08-25_09:47:06.287995 	EXP 	progress_bar_breaks: progress = 1.8
2026-08-25_09:47:06.304948 	EXP 	progress_bar_breaks: progress = 1.8
2026-08-25_09:47:06.321740 	EXP 	progress_bar_breaks: progress = 1.8
2026-08-25_09:47:06.338066 	EXP 	progress_bar_breaks: progress = 1.8
2026-08-25_09:47:06.354762 	EXP 	progress_bar_breaks: progress = 1.8
2026-08-25_09:47:06.371257 	EXP 	progress_bar_breaks: progress = 1.8
2026-08-25_09:47:06.388053 	EXP 	progress_bar_breaks: progress = 1.8
2026-08-25_09:47:06.404811 	EXP 	progress_bar_breaks: progress = 1.8
2026-08-25_09:47:06.421411 	EXP 	progress_bar_breaks: progress = 1.8
2026-08-25_09:47:06.438251 	EXP 	progress_bar_breaks: progress = 1.8
2026-08-25_09:47:06.455029 	EXP 	progress_bar_breaks: progress = 1.8
2026-08-25_09:47:06.473245 	EXP 	progress_bar_breaks: progress = 1.8
2026-08-25_09:47:06.489039 	EXP 	progress_bar_breaks: progress = 1.8
2026-08-25_09:47:06.505509 	EXP 	progress_bar_breaks: progress = 1.8
2026-08-25_09:47:06.522406 	EXP 	progress_bar_breaks: progress = 1.8
2026-08-25_09:47:06.538245 	EXP 	progress_bar_breaks: progress = 1.8
2026-08-25_09:47:06.554486 	EXP 	progress_bar_breaks: progress = 1.8
2026-08-25_09:47:06.571252 	EXP 	progress_bar_breaks: progress = 1.8
2026-08-25_09:47:06.587787 	EXP 	progress_bar_breaks: progress = 1.8
2026-08-25_09:47:06.604492 	EXP 	progress_bar_breaks: progress = 1.8
2026-08-25_09:47:06.620966 	EXP 	progress_bar_breaks: progress = 1.8666666666666667
2026-08-25_09:47:06.637580 	EXP 	progress_bar_breaks: progress = 1.8666666666666667
2026-08-25_09:47:06.654407 	EXP 	progress_bar_breaks: progress = 1.8666666666666667
2026-08-25_09:47:06.671027 	EXP 	progress_bar_breaks: progress = 1.8666666666666667
2026-08-25_09:47:06.687530 	EXP 	progress_bar_breaks: progress = 1.8666666666666667
2026-08-25_09:47:06.704592 	EXP 	progress_bar_breaks: progress = 1.8666666666666667
2026-08-25_09:47:06.720837 	EXP 	progress_bar_breaks: progress = 1.8666666666666667
2026-08-25_09:47:06.737606 	EXP 	progress_bar_breaks: progress = 1.8666666666666667
2026-08-25_09:47:06.754375 	EXP 	progress_bar_breaks: progress = 1.8666666666666667
2026-08-25_09:47:06.770844 	EXP 	progress_bar_breaks: progress = 1.8666666666666667
2026-08-25_09:47:06.787562 	EXP 	progress_bar_breaks: progress = 1.8666666666666667
2026-08-25_09:47:06.804194 	EXP 	progress_bar_breaks: progress = 1.8666666666666667
2026-08-25_09:47:06.821010 	EXP 	progress_bar_breaks: progress = 1.8666666666666667
2026-08-25_09:47:06.837570 	EXP 	progress_bar_breaks: progress = 1.8666666666666667
2026-08-25_09:47:06.854390 	EXP 	progress_bar_breaks: progress = 1.8666666666666667
2026-08-25_09:47:06.871045 	EXP 	progress_bar_breaks: progress = 1.8666666666666667
2026-08-25_09:47:06.887836 	EXP 	progress_bar_breaks: progress = 1.8666666666666667
2026-08-25_09:47:06.904482 	EXP 	progress_bar_breaks: progress = 1.8666666666666667
2026-08-25_09:47:06.921143 	EXP 	progress_bar_breaks: progress = 1.8666666666666667
2026-08-25_09:47:06.937525 	EXP 	progress_bar_breaks: progress = 1.8666666666666667
2026-08-25_09:47:06.954226 	EXP 	progress_bar_breaks: progress = 1.8666666666666667
2026-08-25_09:47:06.971014 	EXP 	progress_bar_breaks: progress = 1.8666666666666667
2026-08-25_09:47:06.987605 	EXP 	progress_bar_breaks: progress = 1.8666666666666667
2026-08-25_09:47:07.004230 	EXP 	progress_bar_breaks: progress = 1.8666666666666667
2026-08-25_09:47:07.020933 	EXP 	progress_bar_breaks: progress = 1.8666666666666667
2026-08-25_09:47:07.037478 	EXP 	progress_bar_breaks: progress = 1.8666666666666667
2026-08-25_09:47:07.054237 	EXP 	progress_bar_breaks: progress = 1.8666666666666667
2026-08-25_09:47:07.070863 	EXP 	progress_bar_breaks: progress = 1.8666666666666667
2026-08-25_09:47:07.087573 	EXP 	progress_bar_breaks: progress = 1.8666666666666667
2026-08-25_09:47:07.104251 	EXP 	progress_bar_breaks: progress = 1.8666666666666667
2026-08-25_09:47:07.120762 	EXP 	progress_bar_breaks: progress = 1.8666666666666667
2026-08-25_09:47:07.137520 	EXP 	progress_bar_breaks: progress = 1.8666666666666667
2026-08-25_09:47:07.154181 	EXP 	progress_bar_breaks: progress = 1.8666666666666667
2026-08-25_09:47:07.170798 	EXP 	progress_bar_breaks: progress = 1.8666666666666667
2026-08-25_09:47:07.187595 	EXP 	progress_bar_breaks: progress = 1.8666666666666667
2026-08-25_09:47:07.204234 	EXP 	progress_bar_breaks: progress = 1.8666666666666667
2026-08-25_09:47:07.220986 	EXP 	progress_bar_breaks: progress = 1.8666666666666667
2026-08-25_09:47:07.237527 	EXP 	progress_bar_breaks: progress = 1.8666666666666667
2026-08-25_09:47:07.254166 	EXP 	progress_bar_breaks: progress = 1.8666666666666667
2026-08-25_09:47:07.271357 	EXP 	progress_bar_breaks: progress = 1.8666666666666667
2026-08-25_09:47:07.287659 	EXP 	progress_bar_breaks: progress = 1.8666666666666667
2026-08-25_09:47:07.304181 	EXP 	progress_bar_breaks: progress = 1.8666666666666667
2026-08-25_09:47:07.320717 	EXP 	progress_bar_breaks: progress = 1.8666666666666667
2026-08-25_09:47:07.337428 	EXP 	progress_bar_breaks: progress = 1.8666666666666667
2026-08-25_09:47:07.354093 	EXP 	progress_bar_breaks: progress = 1.8666666666666667
2026-08-25_09:47:07.370772 	EXP 	progress_bar_breaks: progress = 1.8666666666666667
2026-08-25_09:47:07.387576 	EXP 	progress_bar_breaks: progress = 1.8666666666666667
2026-08-25_09:47:07.404298 	EXP 	progress_bar_breaks: progress = 1.8666666666666667
2026-08-25_09:47:07.420834 	EXP 	progress_bar_breaks: progress = 1.8666666666666667
2026-08-25_09:47:07.437463 	EXP 	progress_bar_breaks: progress = 1.8666666666666667
2026-08-25_09:47:07.454089 	EXP 	progress_bar_breaks: progress = 1.8666666666666667
2026-08-25_09:47:07.470817 	EXP 	progress_bar_breaks: progress = 1.8666666666666667
2026-08-25_09:47:07.487517 	EXP 	progress_bar_breaks: progress = 1.8666666666666667
2026-08-25_09:47:07.504109 	EXP 	progress_bar_breaks: progress = 1.8666666666666667
2026-08-25_09:47:07.520928 	EXP 	progress_bar_breaks: progress = 1.8666666666666667
2026-08-25_09:47:07.537771 	EXP 	progress_bar_breaks: progress = 1.8666666666666667
2026-08-25_09:47:07.554372 	EXP 	progress_bar_breaks: progress = 1.8666666666666667
2026-08-25_09:47:07.571285 	EXP 	progress_bar_breaks: progress = 1.8666666666666667
2026-08-25_09:47:07.587955 	EXP 	progress_bar_breaks: progress = 1.8666666666666667
2026-08-25_09:47:07.604394 	EXP 	progress_bar_breaks: progress = 1.8666666666666667
2026-08-25_09:47:07.621125 	EXP 	progress_bar_breaks: progress = 1.9333333333333333
2026-08-25_09:47:07.637728 	EXP 	progress_bar_breaks: progress = 1.9333333333333333
2026-08-25_09:47:07.654521 	EXP 	progress_bar_breaks: progress = 1.9333333333333333
2026-08-25_09:47:07.671095 	EXP 	progress_bar_breaks: progress = 1.9333333333333333
2026-08-25_09:47:07.687907 	EXP 	progress_bar_breaks: progress = 1.9333333333333333
2026-08-25_09:47:07.704251 	EXP 	progress_bar_breaks: progress = 1.9333333333333333
2026-08-25_09:47:07.721166 	EXP 	progress_bar_breaks: progress = 1.9333333333333333
2026-08-25_09:47:07.737796 	EXP 	progress_bar_breaks: progress = 1.9333333333333333
2026-08-25_09:47:07.754355 	EXP 	progress_bar_breaks: progress = 1.9333333333333333
2026-08-25_09:47:07.771077 	EXP 	progress_bar_breaks: progress = 1.9333333333333333
2026-08-25_09:47:07.787566 	EXP 	progress_bar_breaks: progress = 1.9333333333333333
2026-08-25_09:47:07.804185 	EXP 	progress_bar_breaks: progress = 1.9333333333333333
2026-08-25_09:47:07.821325 	EXP 	progress_bar_breaks: progress = 1.9333333333333333
2026-08-25_09:47:07.837271 	EXP 	progress_bar_breaks: progress = 1.9333333333333333
2026-08-25_09:47:07.854032 	EXP 	progress_bar_breaks: progress = 1.9333333333333333
2026-08-25_09:47:07.870578 	EXP 	progress_bar_breaks: progress = 1.9333333333333333
2026-08-25_09:47:07.887437 	EXP 	progress_bar_breaks: progress = 1.9333333333333333
2026-08-25_09:47:07.903982 	EXP 	progress_bar_breaks: progress = 1.9333333333333333
2026-08-25_09:47:07.920595 	EXP 	progress_bar_breaks: progress = 1.9333333333333333
2026-08-25_09:47:07.937291 	EXP 	progress_bar_breaks: progress = 1.9333333333333333
2026-08-25_09:47:07.953884 	EXP 	progress_bar_breaks: progress = 1.9333333333333333
2026-08-25_09:47:07.970498 	EXP 	progress_bar_breaks: progress = 1.9333333333333333
2026-08-25_09:47:07.987153 	EXP 	progress_bar_breaks: progress = 1.9333333333333333
2026-08-25_09:47:08.003857 	EXP 	progress_bar_breaks: progress = 1.9333333333333333
2026-08-25_09:47:08.020577 	EXP 	progress_bar_breaks: progress = 1.9333333333333333
2026-08-25_09:47:08.037170 	EXP 	progress_bar_breaks: progress = 1.9333333333333333
2026-08-25_09:47:08.053811 	EXP 	progress_bar_breaks: progress = 1.9333333333333333
2026-08-25_09:47:08.070434 	EXP 	progress_bar_breaks: progress = 1.9333333333333333
2026-08-25_09:47:08.087441 	EXP 	progress_bar_breaks: progress = 1.9333333333333333
2026-08-25_09:47:08.104184 	EXP 	progress_bar_breaks: progress = 1.9333333333333333
2026-08-25_09:47:08.120537 	EXP 	progress_bar_breaks: progress = 1.9333333333333333
2026-08-25_09:47:08.137236 	EXP 	progress_bar_breaks: progress = 1.9333333333333333
2026-08-25_09:47:08.153944 	EXP 	progress_bar_breaks: progress = 1.9333333333333333
2026-08-25_09:47:08.170601 	EXP 	progress_bar_breaks: progress = 1.9333333333333333
2026-08-25_09:47:08.187186 	EXP 	progress_bar_breaks: progress = 1.9333333333333333
2026-08-25_09:47:08.203814 	EXP 	progress_bar_breaks: progress = 1.9333333333333333
2026-08-25_09:47:08.220541 	EXP 	progress_bar_breaks: progress = 1.9333333333333333
2026-08-25_09:47:08.237208 	EXP 	progress_bar_breaks: progress = 1.9333333333333333
2026-08-25_09:47:08.253853 	EXP 	progress_bar_breaks: progress = 1.9333333333333333
2026-08-25_09:47:08.270662 	EXP 	progress_bar_breaks: progress = 1.9333333333333333
2026-08-25_09:47:08.287240 	EXP 	progress_bar_breaks: progress = 1.9333333333333333
2026-08-25_09:47:08.303931 	EXP 	progress_bar_breaks: progress = 1.9333333333333333
2026-08-25_09:47:08.320955 	EXP 	progress_bar_breaks: progress = 1.9333333333333333
2026-08-25_09:47:08.337279 	EXP 	progress_bar_breaks: progress = 1.9333333333333333
2026-08-25_09:47:08.353890 	EXP 	progress_bar_breaks: progress = 1.9333333333333333
2026-08-25_09:47:08.370512 	EXP 	progress_bar_breaks: progress = 1.9333333333333333
2026-08-25_09:47:08.387105 	EXP 	progress_bar_breaks: progress = 1.9333333333333333
2026-08-25_09:47:08.403863 	EXP 	progress_bar_breaks: progress = 1.9333333333333333
2026-08-25_09:47:08.420429 	EXP 	progress_bar_breaks: progress = 1.9333333333333333
2026-08-25_09:47:08.437129 	EXP 	progress_bar_breaks: progress = 1.9333333333333333
2026-08-25_09:47:08.453784 	EXP 	progress_bar_breaks: progress = 1.9333333333333333
2026-08-25_09:47:08.470515 	EXP 	progress_bar_breaks: progress = 1.9333333333333333
2026-08-25_09:47:08.487100 	EXP 	progress_bar_breaks: progress = 1.9333333333333333
2026-08-25_09:47:08.503815 	EXP 	progress_bar_breaks: progress = 1.9333333333333333
2026-08-25_09:47:08.520498 	EXP 	progress_bar_breaks: progress = 1.9333333333333333
2026-08-25_09:47:08.536587 	EXP 	progress_bar_breaks: progress = 1.9333333333333333
2026-08-25_09:47:08.553817 	EXP 	progress_bar_breaks: progress = 1.9333333333333333
2026-08-25_09:47:08.570484 	EXP 	progress_bar_breaks: progress = 1.9333333333333333
2026-08-25_09:47:08.587158 	EXP 	progress_bar_breaks: progress = 1.9333333333333333
2026-08-25_09:47:08.603695 	EXP 	progress_bar_breaks: progress = 1.9333333333333333
2026-08-25_09:47:08.620548 	EXP 	progress_bar_breaks: progress = 2.0
2026-08-25_09:47:08.637256 	EXP 	progress_bar_breaks: progress = 2.0
2026-08-25_09:47:08.654051 	EXP 	progress_bar_breaks: progress = 2.0
2026-08-25_09:47:08.670683 	EXP 	progress_bar_breaks: progress = 2.0
2026-08-25_09:47:08.687115 	EXP 	progress_bar_breaks: progress = 2.0
2026-08-25_09:47:08.703725 	EXP 	progress_bar_breaks: progress = 2.0
2026-08-25_09:47:08.720507 	EXP 	progress_bar_breaks: progress = 2.0
2026-08-25_09:47:08.737391 	EXP 	progress_bar_breaks: progress = 2.0
2026-08-25_09:47:08.753915 	EXP 	progress_bar_breaks: progress = 2.0
2026-08-25_09:47:08.770603 	EXP 	progress_bar_breaks: progress = 2.0
2026-08-25_09:47:08.787253 	EXP 	progress_bar_breaks: progress = 2.0
2026-08-25_09:47:08.803892 	EXP 	progress_bar_breaks: progress = 2.0
2026-08-25_09:47:08.820572 	EXP 	progress_bar_breaks: progress = 2.0
2026-08-25_09:47:08.837662 	EXP 	progress_bar_breaks: progress = 2.0
2026-08-25_09:47:08.854487 	EXP 	progress_bar_breaks: progress = 2.0
2026-08-25_09:47:08.870541 	EXP 	progress_bar_breaks: progress = 2.0
2026-08-25_09:47:08.887526 	EXP 	progress_bar_breaks: progress = 2.0
2026-08-25_09:47:08.903886 	EXP 	progress_bar_breaks: progress = 2.0
2026-08-25_09:47:08.920866 	EXP 	progress_bar_breaks: progress = 2.0
2026-08-25_09:47:08.937097 	EXP 	progress_bar_breaks: progress = 2.0
2026-08-25_09:47:08.953644 	EXP 	progress_bar_breaks: progress = 2.0
2026-08-25_09:47:08.970385 	EXP 	progress_bar_breaks: progress = 2.0
2026-08-25_09:47:08.986941 	EXP 	progress_bar_breaks: progress = 2.0
2026-08-25_09:47:09.003721 	EXP 	progress_bar_breaks: progress = 2.0
2026-08-25_09:47:09.020236 	EXP 	progress_bar_breaks: progress = 2.0
2026-08-25_09:47:09.037001 	EXP 	progress_bar_breaks: progress = 2.0
2026-08-25_09:47:09.053508 	EXP 	progress_bar_breaks: progress = 2.0
2026-08-25_09:47:09.070305 	EXP 	progress_bar_breaks: progress = 2.0
2026-08-25_09:47:09.086993 	EXP 	progress_bar_breaks: progress = 2.0
2026-08-25_09:47:09.103610 	EXP 	progress_bar_breaks: progress = 2.0
2026-08-25_09:47:09.120226 	EXP 	progress_bar_breaks: progress = 2.0
2026-08-25_09:47:09.136921 	EXP 	progress_bar_breaks: progress = 2.0
2026-08-25_09:47:09.153675 	EXP 	progress_bar_breaks: progress = 2.0
2026-08-25_09:47:09.170229 	EXP 	progress_bar_breaks: progress = 2.0
2026-08-25_09:47:09.187532 	EXP 	progress_bar_breaks: progress = 2.0
2026-08-25_09:47:09.203536 	EXP 	progress_bar_breaks: progress = 2.0
2026-08-25_09:47:09.220186 	EXP 	progress_bar_breaks: progress = 2.0
2026-08-25_09:47:09.237074 	EXP 	progress_bar_breaks: progress = 2.0
2026-08-25_09:47:09.253492 	EXP 	progress_bar_breaks: progress = 2.0
2026-08-25_09:47:09.270226 	EXP 	progress_bar_breaks: progress = 2.0
2026-08-25_09:47:09.286844 	EXP 	progress_bar_breaks: progress = 2.0
2026-08-25_09:47:09.303521 	EXP 	progress_bar_breaks: progress = 2.0
2026-08-25_09:47:09.320212 	EXP 	progress_bar_breaks: progress = 2.0
2026-08-25_09:47:09.336836 	EXP 	progress_bar_breaks: progress = 2.0
2026-08-25_09:47:09.353505 	EXP 	progress_bar_breaks: progress = 2.0
2026-08-25_09:47:09.370213 	EXP 	progress_bar_breaks: progress = 2.0
2026-08-25_09:47:09.386819 	EXP 	progress_bar_breaks: progress = 2.0
2026-08-25_09:47:09.403431 	EXP 	progress_bar_breaks: progress = 2.0
2026-08-25_09:47:09.420695 	EXP 	progress_bar_breaks: progress = 2.0
2026-08-25_09:47:09.437083 	EXP 	progress_bar_breaks: progress = 2.0
2026-08-25_09:47:09.453541 	EXP 	progress_bar_breaks: progress = 2.0
2026-08-25_09:47:09.470117 	EXP 	progress_bar_breaks: progress = 2.0
2026-08-25_09:47:09.486844 	EXP 	progress_bar_breaks: progress = 2.0
2026-08-25_09:47:09.503494 	EXP 	progress_bar_breaks: progress = 2.0
2026-08-25_09:47:09.520080 	EXP 	progress_bar_breaks: progress = 2.0
2026-08-25_09:47:09.536731 	EXP 	progress_bar_breaks: progress = 2.0
2026-08-25_09:47:09.553395 	EXP 	progress_bar_breaks: progress = 2.0
2026-08-25_09:47:09.570086 	EXP 	progress_bar_breaks: progress = 2.0
2026-08-25_09:47:09.586696 	EXP 	progress_bar_breaks: progress = 2.0
2026-08-25_09:47:09.603340 	EXP 	progress_bar_breaks: progress = 2.0
2026-08-25_09:47:09.619949 	EXP 	progress_bar_breaks: progress = 2.0666666666666664
2026-08-25_09:47:09.636603 	EXP 	progress_bar_breaks: progress = 2.0666666666666664
2026-08-25_09:47:09.653310 	EXP 	progress_bar_breaks: progress = 2.0666666666666664
2026-08-25_09:47:09.669994 	EXP 	progress_bar_breaks: progress = 2.0666666666666664
2026-08-25_09:47:09.686697 	EXP 	progress_bar_breaks: progress = 2.0666666666666664
2026-08-25_09:47:09.703207 	EXP 	progress_bar_breaks: progress = 2.0666666666666664
2026-08-25_09:47:09.719880 	EXP 	progress_bar_breaks: progress = 2.0666666666666664
2026-08-25_09:47:09.736597 	EXP 	progress_bar_breaks: progress = 2.0666666666666664
2026-08-25_09:47:09.753247 	EXP 	progress_bar_breaks: progress = 2.0666666666666664
2026-08-25_09:47:09.769865 	EXP 	progress_bar_breaks: progress = 2.0666666666666664
2026-08-25_09:47:09.786682 	EXP 	progress_bar_breaks: progress = 2.0666666666666664
2026-08-25_09:47:09.803242 	EXP 	progress_bar_breaks: progress = 2.0666666666666664
2026-08-25_09:47:09.819947 	EXP 	progress_bar_breaks: progress = 2.0666666666666664
2026-08-25_09:47:09.836813 	EXP 	progress_bar_breaks: progress = 2.0666666666666664
2026-08-25_09:47:09.853547 	EXP 	progress_bar_breaks: progress = 2.0666666666666664
2026-08-25_09:47:09.869963 	EXP 	progress_bar_breaks: progress = 2.0666666666666664
2026-08-25_09:47:09.886801 	EXP 	progress_bar_breaks: progress = 2.0666666666666664
2026-08-25_09:47:09.903326 	EXP 	progress_bar_breaks: progress = 2.0666666666666664
2026-08-25_09:47:09.919969 	EXP 	progress_bar_breaks: progress = 2.0666666666666664
2026-08-25_09:47:09.936942 	EXP 	progress_bar_breaks: progress = 2.0666666666666664
2026-08-25_09:47:09.953660 	EXP 	progress_bar_breaks: progress = 2.0666666666666664
2026-08-25_09:47:09.970234 	EXP 	progress_bar_breaks: progress = 2.0666666666666664
2026-08-25_09:47:09.986911 	EXP 	progress_bar_breaks: progress = 2.0666666666666664
2026-08-25_09:47:10.003568 	EXP 	progress_bar_breaks: progress = 2.0666666666666664
2026-08-25_09:47:10.020195 	EXP 	progress_bar_breaks: progress = 2.0666666666666664
2026-08-25_09:47:10.037026 	EXP 	progress_bar_breaks: progress = 2.0666666666666664
2026-08-25_09:47:10.053511 	EXP 	progress_bar_breaks: progress = 2.0666666666666664
2026-08-25_09:47:10.070353 	EXP 	progress_bar_breaks: progress = 2.0666666666666664
2026-08-25_09:47:10.086790 	EXP 	progress_bar_breaks: progress = 2.0666666666666664
2026-08-25_09:47:10.103427 	EXP 	progress_bar_breaks: progress = 2.0666666666666664
2026-08-25_09:47:10.120103 	EXP 	progress_bar_breaks: progress = 2.0666666666666664
2026-08-25_09:47:10.136688 	EXP 	progress_bar_breaks: progress = 2.0666666666666664
2026-08-25_09:47:10.153243 	EXP 	progress_bar_breaks: progress = 2.0666666666666664
2026-08-25_09:47:10.170043 	EXP 	progress_bar_breaks: progress = 2.0666666666666664
2026-08-25_09:47:10.186631 	EXP 	progress_bar_breaks: progress = 2.0666666666666664
2026-08-25_09:47:10.203258 	EXP 	progress_bar_breaks: progress = 2.0666666666666664
2026-08-25_09:47:10.219910 	EXP 	progress_bar_breaks: progress = 2.0666666666666664
2026-08-25_09:47:10.236549 	EXP 	progress_bar_breaks: progress = 2.0666666666666664
2026-08-25_09:47:10.253251 	EXP 	progress_bar_breaks: progress = 2.0666666666666664
2026-08-25_09:47:10.269921 	EXP 	progress_bar_breaks: progress = 2.0666666666666664
2026-08-25_09:47:10.286596 	EXP 	progress_bar_breaks: progress = 2.0666666666666664
2026-08-25_09:47:10.304002 	EXP 	progress_bar_breaks: progress = 2.0666666666666664
2026-08-25_09:47:10.320531 	EXP 	progress_bar_breaks: progress = 2.0666666666666664
2026-08-25_09:47:10.337185 	EXP 	progress_bar_breaks: progress = 2.0666666666666664
2026-08-25_09:47:10.353985 	EXP 	progress_bar_breaks: progress = 2.0666666666666664
2026-08-25_09:47:10.370332 	EXP 	progress_bar_breaks: progress = 2.0666666666666664
2026-08-25_09:47:10.386811 	EXP 	progress_bar_breaks: progress = 2.0666666666666664
2026-08-25_09:47:10.403413 	EXP 	progress_bar_breaks: progress = 2.0666666666666664
2026-08-25_09:47:10.419904 	EXP 	progress_bar_breaks: progress = 2.0666666666666664
2026-08-25_09:47:10.436485 	EXP 	progress_bar_breaks: progress = 2.0666666666666664
2026-08-25_09:47:10.453210 	EXP 	progress_bar_breaks: progress = 2.0666666666666664
2026-08-25_09:47:10.470100 	EXP 	progress_bar_breaks: progress = 2.0666666666666664
2026-08-25_09:47:10.486544 	EXP 	progress_bar_breaks: progress = 2.0666666666666664
2026-08-25_09:47:10.503314 	EXP 	progress_bar_breaks: progress = 2.0666666666666664
2026-08-25_09:47:10.520186 	EXP 	progress_bar_breaks: progress = 2.0666666666666664
2026-08-25_09:47:10.537008 	EXP 	progress_bar_breaks: progress = 2.0666666666666664
2026-08-25_09:47:10.553373 	EXP 	progress_bar_breaks: progress = 2.0666666666666664
2026-08-25_09:47:10.570249 	EXP 	progress_bar_breaks: progress = 2.0666666666666664
2026-08-25_09:47:10.587642 	EXP 	progress_bar_breaks: progress = 2.0666666666666664
2026-08-25_09:47:10.603207 	EXP 	progress_bar_breaks: progress = 2.0666666666666664
2026-08-25_09:47:10.619876 	EXP 	progress_bar_breaks: progress = 2.1333333333333333
2026-08-25_09:47:10.636554 	EXP 	progress_bar_breaks: progress = 2.1333333333333333
2026-08-25_09:47:10.653159 	EXP 	progress_bar_breaks: progress = 2.1333333333333333
2026-08-25_09:47:10.669831 	EXP 	progress_bar_breaks: progress = 2.1333333333333333
2026-08-25_09:47:10.686589 	EXP 	progress_bar_breaks: progress = 2.1333333333333333
2026-08-25_09:47:10.703333 	EXP 	progress_bar_breaks: progress = 2.1333333333333333
2026-08-25_09:47:10.720032 	EXP 	progress_bar_breaks: progress = 2.1333333333333333
2026-08-25_09:47:10.736772 	EXP 	progress_bar_breaks: progress = 2.1333333333333333
2026-08-25_09:47:10.753184 	EXP 	progress_bar_breaks: progress = 2.1333333333333333
2026-08-25_09:47:10.769905 	EXP 	progress_bar_breaks: progress = 2.1333333333333333
2026-08-25_09:47:10.786450 	EXP 	progress_bar_breaks: progress = 2.1333333333333333
2026-08-25_09:47:10.803323 	EXP 	progress_bar_breaks: progress = 2.1333333333333333
2026-08-25_09:47:10.819704 	EXP 	progress_bar_breaks: progress = 2.1333333333333333
2026-08-25_09:47:10.836462 	EXP 	progress_bar_breaks: progress = 2.1333333333333333
2026-08-25_09:47:10.853039 	EXP 	progress_bar_breaks: progress = 2.1333333333333333
2026-08-25_09:47:10.869867 	EXP 	progress_bar_breaks: progress = 2.1333333333333333
2026-08-25_09:47:10.886551 	EXP 	progress_bar_breaks: progress = 2.1333333333333333
2026-08-25_09:47:10.903354 	EXP 	progress_bar_breaks: progress = 2.1333333333333333
2026-08-25_09:47:10.919980 	EXP 	progress_bar_breaks: progress = 2.1333333333333333
2026-08-25_09:47:10.936458 	EXP 	progress_bar_breaks: progress = 2.1333333333333333
2026-08-25_09:47:10.953117 	EXP 	progress_bar_breaks: progress = 2.1333333333333333
2026-08-25_09:47:10.969831 	EXP 	progress_bar_breaks: progress = 2.1333333333333333
2026-08-25_09:47:10.986496 	EXP 	progress_bar_breaks: progress = 2.1333333333333333
2026-08-25_09:47:11.003167 	EXP 	progress_bar_breaks: progress = 2.1333333333333333
2026-08-25_09:47:11.019631 	EXP 	progress_bar_breaks: progress = 2.1333333333333333
2026-08-25_09:47:11.036368 	EXP 	progress_bar_breaks: progress = 2.1333333333333333
2026-08-25_09:47:11.053317 	EXP 	progress_bar_breaks: progress = 2.1333333333333333
2026-08-25_09:47:11.069798 	EXP 	progress_bar_breaks: progress = 2.1333333333333333
2026-08-25_09:47:11.086430 	EXP 	progress_bar_breaks: progress = 2.1333333333333333
2026-08-25_09:47:11.103101 	EXP 	progress_bar_breaks: progress = 2.1333333333333333
2026-08-25_09:47:11.119682 	EXP 	progress_bar_breaks: progress = 2.1333333333333333
2026-08-25_09:47:11.136344 	EXP 	progress_bar_breaks: progress = 2.1333333333333333
2026-08-25_09:47:11.153180 	EXP 	progress_bar_breaks: progress = 2.1333333333333333
2026-08-25_09:47:11.169970 	EXP 	progress_bar_breaks: progress = 2.1333333333333333
2026-08-25_09:47:11.186618 	EXP 	progress_bar_breaks: progress = 2.1333333333333333
2026-08-25_09:47:11.203523 	EXP 	progress_bar_breaks: progress = 2.1333333333333333
2026-08-25_09:47:11.219991 	EXP 	progress_bar_breaks: progress = 2.1333333333333333
2026-08-25_09:47:11.236809 	EXP 	progress_bar_breaks: progress = 2.1333333333333333
2026-08-25_09:47:11.253226 	EXP 	progress_bar_breaks: progress = 2.1333333333333333
2026-08-25_09:47:11.270775 	EXP 	progress_bar_breaks: progress = 2.1333333333333333
2026-08-25_09:47:11.287487 	EXP 	progress_bar_breaks: progress = 2.1333333333333333
2026-08-25_09:47:11.303732 	EXP 	progress_bar_breaks: progress = 2.1333333333333333
2026-08-25_09:47:11.320363 	EXP 	progress_bar_breaks: progress = 2.1333333333333333
2026-08-25_09:47:11.336648 	EXP 	progress_bar_breaks: progress = 2.1333333333333333
2026-08-25_09:47:11.353231 	EXP 	progress_bar_breaks: progress = 2.1333333333333333
2026-08-25_09:47:11.369798 	EXP 	progress_bar_breaks: progress = 2.1333333333333333
2026-08-25_09:47:11.386370 	EXP 	progress_bar_breaks: progress = 2.1333333333333333
2026-08-25_09:47:11.402986 	EXP 	progress_bar_breaks: progress = 2.1333333333333333
2026-08-25_09:47:11.419745 	EXP 	progress_bar_breaks: progress = 2.1333333333333333
2026-08-25_09:47:11.436613 	EXP 	progress_bar_breaks: progress = 2.1333333333333333
2026-08-25_09:47:11.453214 	EXP 	progress_bar_breaks: progress = 2.1333333333333333
2026-08-25_09:47:11.469731 	EXP 	progress_bar_breaks: progress = 2.1333333333333333
2026-08-25_09:47:11.486504 	EXP 	progress_bar_breaks: progress = 2.1333333333333333
2026-08-25_09:47:11.502946 	EXP 	progress_bar_breaks: progress = 2.1333333333333333
2026-08-25_09:47:11.519726 	EXP 	progress_bar_breaks: progress = 2.1333333333333333
2026-08-25_09:47:11.536250 	EXP 	progress_bar_breaks: progress = 2.1333333333333333
2026-08-25_09:47:11.552845 	EXP 	progress_bar_breaks: progress = 2.1333333333333333
2026-08-25_09:47:11.569710 	EXP 	progress_bar_breaks: progress = 2.1333333333333333
2026-08-25_09:47:11.586162 	EXP 	progress_bar_breaks: progress = 2.1333333333333333
2026-08-25_09:47:11.602833 	EXP 	progress_bar_breaks: progress = 2.1333333333333333
2026-08-25_09:47:11.619614 	EXP 	progress_bar_breaks: progress = 2.2
2026-08-25_09:47:11.636336 	EXP 	progress_bar_breaks: progress = 2.2
2026-08-25_09:47:11.652962 	EXP 	progress_bar_breaks: progress = 2.2
2026-08-25_09:47:11.669700 	EXP 	progress_bar_breaks: progress = 2.2
2026-08-25_09:47:11.686332 	EXP 	progress_bar_breaks: progress = 2.2
2026-08-25_09:47:11.702839 	EXP 	progress_bar_breaks: progress = 2.2
2026-08-25_09:47:11.719546 	EXP 	progress_bar_breaks: progress = 2.2
2026-08-25_09:47:11.736255 	EXP 	progress_bar_breaks: progress = 2.2
2026-08-25_09:47:11.752730 	EXP 	progress_bar_breaks: progress = 2.2
2026-08-25_09:47:11.769585 	EXP 	progress_bar_breaks: progress = 2.2
2026-08-25_09:47:11.786269 	EXP 	progress_bar_breaks: progress = 2.2
2026-08-25_09:47:11.802913 	EXP 	progress_bar_breaks: progress = 2.2
2026-08-25_09:47:11.819593 	EXP 	progress_bar_breaks: progress = 2.2
2026-08-25_09:47:11.836371 	EXP 	progress_bar_breaks: progress = 2.2
2026-08-25_09:47:11.852772 	EXP 	progress_bar_breaks: progress = 2.2
2026-08-25_09:47:11.869386 	EXP 	progress_bar_breaks: progress = 2.2
2026-08-25_09:47:11.886088 	EXP 	progress_bar_breaks: progress = 2.2
2026-08-25_09:47:11.902763 	EXP 	progress_bar_breaks: progress = 2.2
2026-08-25_09:47:11.919341 	EXP 	progress_bar_breaks: progress = 2.2
2026-08-25_09:47:11.936290 	EXP 	progress_bar_breaks: progress = 2.2
2026-08-25_09:47:11.952946 	EXP 	progress_bar_breaks: progress = 2.2
2026-08-25_09:47:11.969699 	EXP 	progress_bar_breaks: progress = 2.2
2026-08-25_09:47:11.986451 	EXP 	progress_bar_breaks: progress = 2.2
2026-08-25_09:47:12.002841 	EXP 	progress_bar_breaks: progress = 2.2
2026-08-25_09:47:12.019453 	EXP 	progress_bar_breaks: progress = 2.2
2026-08-25_09:47:12.036166 	EXP 	progress_bar_breaks: progress = 2.2
2026-08-25_09:47:12.052987 	EXP 	progress_bar_breaks: progress = 2.2
2026-08-25_09:47:12.069462 	EXP 	progress_bar_breaks: progress = 2.2
2026-08-25_09:47:12.086159 	EXP 	progress_bar_breaks: progress = 2.2
2026-08-25_09:47:12.102637 	EXP 	progress_bar_breaks: progress = 2.2
2026-08-25_09:47:12.119290 	EXP 	progress_bar_breaks: progress = 2.2
2026-08-25_09:47:12.136012 	EXP 	progress_bar_breaks: progress = 2.2
2026-08-25_09:47:12.152768 	EXP 	progress_bar_breaks: progress = 2.2
2026-08-25_09:47:12.169404 	EXP 	progress_bar_breaks: progress = 2.2
2026-08-25_09:47:12.186097 	EXP 	progress_bar_breaks: progress = 2.2
2026-08-25_09:47:12.202792 	EXP 	progress_bar_breaks: progress = 2.2
2026-08-25_09:47:12.219499 	EXP 	progress_bar_breaks: progress = 2.2
2026-08-25_09:47:12.235995 	EXP 	progress_bar_breaks: progress = 2.2
2026-08-25_09:47:12.252661 	EXP 	progress_bar_breaks: progress = 2.2
2026-08-25_09:47:12.269237 	EXP 	progress_bar_breaks: progress = 2.2
2026-08-25_09:47:12.286016 	EXP 	progress_bar_breaks: progress = 2.2
2026-08-25_09:47:12.302643 	EXP 	progress_bar_breaks: progress = 2.2
2026-08-25_09:47:12.319507 	EXP 	progress_bar_breaks: progress = 2.2
2026-08-25_09:47:12.336062 	EXP 	progress_bar_breaks: progress = 2.2
2026-08-25_09:47:12.352821 	EXP 	progress_bar_breaks: progress = 2.2
2026-08-25_09:47:12.369483 	EXP 	progress_bar_breaks: progress = 2.2
2026-08-25_09:47:12.386369 	EXP 	progress_bar_breaks: progress = 2.2
2026-08-25_09:47:12.403023 	EXP 	progress_bar_breaks: progress = 2.2
2026-08-25_09:47:12.420100 	EXP 	progress_bar_breaks: progress = 2.2
2026-08-25_09:47:12.436748 	EXP 	progress_bar_breaks: progress = 2.2
2026-08-25_09:47:12.452904 	EXP 	progress_bar_breaks: progress = 2.2
2026-08-25_09:47:12.469632 	EXP 	progress_bar_breaks: progress = 2.2
2026-08-25_09:47:12.486722 	EXP 	progress_bar_breaks: progress = 2.2
2026-08-25_09:47:12.503364 	EXP 	progress_bar_breaks: progress = 2.2
2026-08-25_09:47:12.520169 	EXP 	progress_bar_breaks: progress = 2.2
2026-08-25_09:47:12.536495 	EXP 	progress_bar_breaks: progress = 2.2
2026-08-25_09:47:12.552960 	EXP 	progress_bar_breaks: progress = 2.2
2026-08-25_09:47:12.570093 	EXP 	progress_bar_breaks: progress = 2.2
2026-08-25_09:47:12.586647 	EXP 	progress_bar_breaks: progress = 2.2
2026-08-25_09:47:12.602720 	EXP 	progress_bar_breaks: progress = 2.2
2026-08-25_09:47:12.619459 	EXP 	progress_bar_breaks: progress = 2.2666666666666666
2026-08-25_09:47:12.636150 	EXP 	progress_bar_breaks: progress = 2.2666666666666666
2026-08-25_09:47:12.653395 	EXP 	progress_bar_breaks: progress = 2.2666666666666666
2026-08-25_09:47:12.669374 	EXP 	progress_bar_breaks: progress = 2.2666666666666666
2026-08-25_09:47:12.686028 	EXP 	progress_bar_breaks: progress = 2.2666666666666666
2026-08-25_09:47:12.703299 	EXP 	progress_bar_breaks: progress = 2.2666666666666666
2026-08-25_09:47:12.719424 	EXP 	progress_bar_breaks: progress = 2.2666666666666666
2026-08-25_09:47:12.736223 	EXP 	progress_bar_breaks: progress = 2.2666666666666666
2026-08-25_09:47:12.752626 	EXP 	progress_bar_breaks: progress = 2.2666666666666666
2026-08-25_09:47:12.769261 	EXP 	progress_bar_breaks: progress = 2.2666666666666666
2026-08-25_09:47:12.786138 	EXP 	progress_bar_breaks: progress = 2.2666666666666666
2026-08-25_09:47:12.802814 	EXP 	progress_bar_breaks: progress = 2.2666666666666666
2026-08-25_09:47:12.819160 	EXP 	progress_bar_breaks: progress = 2.2666666666666666
2026-08-25_09:47:12.835872 	EXP 	progress_bar_breaks: progress = 2.2666666666666666
2026-08-25_09:47:12.852383 	EXP 	progress_bar_breaks: progress = 2.2666666666666666
2026-08-25_09:47:12.869332 	EXP 	progress_bar_breaks: progress = 2.2666666666666666
2026-08-25_09:47:12.886192 	EXP 	progress_bar_breaks: progress = 2.2666666666666666
2026-08-25_09:47:12.902769 	EXP 	progress_bar_breaks: progress = 2.2666666666666666
2026-08-25_09:47:12.919153 	EXP 	progress_bar_breaks: progress = 2.2666666666666666
2026-08-25_09:47:12.935744 	EXP 	progress_bar_breaks: progress = 2.2666666666666666
2026-08-25_09:47:12.952365 	EXP 	progress_bar_breaks: progress = 2.2666666666666666
2026-08-25_09:47:12.969070 	EXP 	progress_bar_breaks: progress = 2.2666666666666666
2026-08-25_09:47:12.985695 	EXP 	progress_bar_breaks: progress = 2.2666666666666666
2026-08-25_09:47:13.002467 	EXP 	progress_bar_breaks: progress = 2.2666666666666666
2026-08-25_09:47:13.019058 	EXP 	progress_bar_breaks: progress = 2.2666666666666666
2026-08-25_09:47:13.035888 	EXP 	progress_bar_breaks: progress = 2.2666666666666666
2026-08-25_09:47:13.052681 	EXP 	progress_bar_breaks: progress = 2.2666666666666666
2026-08-25_09:47:13.069212 	EXP 	progress_bar_breaks: progress = 2.2666666666666666
2026-08-25_09:47:13.085915 	EXP 	progress_bar_breaks: progress = 2.2666666666666666
2026-08-25_09:47:13.102473 	EXP 	progress_bar_breaks: progress = 2.2666666666666666
2026-08-25_09:47:13.119227 	EXP 	progress_bar_breaks: progress = 2.2666666666666666
2026-08-25_09:47:13.135917 	EXP 	progress_bar_breaks: progress = 2.2666666666666666
2026-08-25_09:47:13.152436 	EXP 	progress_bar_breaks: progress = 2.2666666666666666
2026-08-25_09:47:13.169071 	EXP 	progress_bar_breaks: progress = 2.2666666666666666
2026-08-25_09:47:13.185783 	EXP 	progress_bar_breaks: progress = 2.2666666666666666
2026-08-25_09:47:13.202474 	EXP 	progress_bar_breaks: progress = 2.2666666666666666
2026-08-25_09:47:13.219097 	EXP 	progress_bar_breaks: progress = 2.2666666666666666
2026-08-25_09:47:13.235880 	EXP 	progress_bar_breaks: progress = 2.2666666666666666
2026-08-25_09:47:13.252581 	EXP 	progress_bar_breaks: progress = 2.2666666666666666
2026-08-25_09:47:13.269180 	EXP 	progress_bar_breaks: progress = 2.2666666666666666
2026-08-25_09:47:13.285657 	EXP 	progress_bar_breaks: progress = 2.2666666666666666
2026-08-25_09:47:13.302324 	EXP 	progress_bar_breaks: progress = 2.2666666666666666
2026-08-25_09:47:13.318987 	EXP 	progress_bar_breaks: progress = 2.2666666666666666
2026-08-25_09:47:13.335793 	EXP 	progress_bar_breaks: progress = 2.2666666666666666
2026-08-25_09:47:13.352413 	EXP 	progress_bar_breaks: progress = 2.2666666666666666
2026-08-25_09:47:13.369050 	EXP 	progress_bar_breaks: progress = 2.2666666666666666
2026-08-25_09:47:13.385909 	EXP 	progress_bar_breaks: progress = 2.2666666666666666
2026-08-25_09:47:13.402521 	EXP 	progress_bar_breaks: progress = 2.2666666666666666
2026-08-25_09:47:13.419060 	EXP 	progress_bar_breaks: progress = 2.2666666666666666
2026-08-25_09:47:13.436047 	EXP 	progress_bar_breaks: progress = 2.2666666666666666
2026-08-25_09:47:13.452357 	EXP 	progress_bar_breaks: progress = 2.2666666666666666
2026-08-25_09:47:13.468963 	EXP 	progress_bar_breaks: progress = 2.2666666666666666
2026-08-25_09:47:13.485637 	EXP 	progress_bar_breaks: progress = 2.2666666666666666
2026-08-25_09:47:13.502276 	EXP 	progress_bar_breaks: progress = 2.2666666666666666
2026-08-25_09:47:13.519001 	EXP 	progress_bar_breaks: progress = 2.2666666666666666
2026-08-25_09:47:13.535652 	EXP 	progress_bar_breaks: progress = 2.2666666666666666
2026-08-25_09:47:13.552159 	EXP 	progress_bar_breaks: progress = 2.2666666666666666
2026-08-25_09:47:13.568981 	EXP 	progress_bar_breaks: progress = 2.2666666666666666
2026-08-25_09:47:13.585664 	EXP 	progress_bar_breaks: progress = 2.2666666666666666
2026-08-25_09:47:13.602778 	EXP 	progress_bar_breaks: progress = 2.2666666666666666
2026-08-25_09:47:13.619369 	EXP 	progress_bar_breaks: progress = 2.333333333333333
2026-08-25_09:47:13.636168 	EXP 	progress_bar_breaks: progress = 2.333333333333333
2026-08-25_09:47:13.652845 	EXP 	progress_bar_breaks: progress = 2.333333333333333
2026-08-25_09:47:13.669994 	EXP 	progress_bar_breaks: progress = 2.333333333333333
2026-08-25_09:47:13.685695 	EXP 	progress_bar_breaks: progress = 2.333333333333333
2026-08-25_09:47:13.702905 	EXP 	progress_bar_breaks: progress = 2.333333333333333
2026-08-25_09:47:13.719329 	EXP 	progress_bar_breaks: progress = 2.333333333333333
2026-08-25_09:47:13.735977 	EXP 	progress_bar_breaks: progress = 2.333333333333333
2026-08-25_09:47:13.752526 	EXP 	progress_bar_breaks: progress = 2.333333333333333
2026-08-25_09:47:13.769347 	EXP 	progress_bar_breaks: progress = 2.333333333333333
2026-08-25_09:47:13.786431 	EXP 	progress_bar_breaks: progress = 2.333333333333333
2026-08-25_09:47:13.803539 	EXP 	progress_bar_breaks: progress = 2.333333333333333
2026-08-25_09:47:13.819857 	EXP 	progress_bar_breaks: progress = 2.333333333333333
2026-08-25_09:47:13.836124 	EXP 	progress_bar_breaks: progress = 2.333333333333333
2026-08-25_09:47:13.852606 	EXP 	progress_bar_breaks: progress = 2.333333333333333
2026-08-25_09:47:13.869126 	EXP 	progress_bar_breaks: progress = 2.333333333333333
2026-08-25_09:47:13.885824 	EXP 	progress_bar_breaks: progress = 2.333333333333333
2026-08-25_09:47:13.903182 	EXP 	progress_bar_breaks: progress = 2.333333333333333
2026-08-25_09:47:13.919128 	EXP 	progress_bar_breaks: progress = 2.333333333333333
2026-08-25_09:47:13.935815 	EXP 	progress_bar_breaks: progress = 2.333333333333333
2026-08-25_09:47:13.952638 	EXP 	progress_bar_breaks: progress = 2.333333333333333
2026-08-25_09:47:13.969126 	EXP 	progress_bar_breaks: progress = 2.333333333333333
2026-08-25_09:47:13.985612 	EXP 	progress_bar_breaks: progress = 2.333333333333333
2026-08-25_09:47:14.002055 	EXP 	progress_bar_breaks: progress = 2.333333333333333
2026-08-25_09:47:14.018616 	EXP 	progress_bar_breaks: progress = 2.333333333333333
2026-08-25_09:47:14.035268 	EXP 	progress_bar_breaks: progress = 2.333333333333333
2026-08-25_09:47:14.051937 	EXP 	progress_bar_breaks: progress = 2.333333333333333
2026-08-25_09:47:14.068653 	EXP 	progress_bar_breaks: progress = 2.333333333333333
2026-08-25_09:47:14.085404 	EXP 	progress_bar_breaks: progress = 2.333333333333333
2026-08-25_09:47:14.101964 	EXP 	progress_bar_breaks: progress = 2.333333333333333
2026-08-25_09:47:14.118531 	EXP 	progress_bar_breaks: progress = 2.333333333333333
2026-08-25_09:47:14.135516 	EXP 	progress_bar_breaks: progress = 2.333333333333333
2026-08-25_09:47:14.152233 	EXP 	progress_bar_breaks: progress = 2.333333333333333
2026-08-25_09:47:14.168861 	EXP 	progress_bar_breaks: progress = 2.333333333333333
2026-08-25_09:47:14.185389 	EXP 	progress_bar_breaks: progress = 2.333333333333333
2026-08-25_09:47:14.202164 	EXP 	progress_bar_breaks: progress = 2.333333333333333
2026-08-25_09:47:14.219182 	EXP 	progress_bar_breaks: progress = 2.333333333333333
2026-08-25_09:47:14.235342 	EXP 	progress_bar_breaks: progress = 2.333333333333333
2026-08-25_09:47:14.251896 	EXP 	progress_bar_breaks: progress = 2.333333333333333
2026-08-25_09:47:14.268584 	EXP 	progress_bar_breaks: progress = 2.333333333333333
2026-08-25_09:47:14.285156 	EXP 	progress_bar_breaks: progress = 2.333333333333333
2026-08-25_09:47:14.302025 	EXP 	progress_bar_breaks: progress = 2.333333333333333
2026-08-25_09:47:14.318725 	EXP 	progress_bar_breaks: progress = 2.333333333333333
2026-08-25_09:47:14.335422 	EXP 	progress_bar_breaks: progress = 2.333333333333333
2026-08-25_09:47:14.351881 	EXP 	progress_bar_breaks: progress = 2.333333333333333
2026-08-25_09:47:14.368625 	EXP 	progress_bar_breaks: progress = 2.333333333333333
2026-08-25_09:47:14.385344 	EXP 	progress_bar_breaks: progress = 2.333333333333333
2026-08-25_09:47:14.402078 	EXP 	progress_bar_breaks: progress = 2.333333333333333
2026-08-25_09:47:14.418519 	EXP 	progress_bar_breaks: progress = 2.333333333333333
2026-08-25_09:47:14.435097 	EXP 	progress_bar_breaks: progress = 2.333333333333333
2026-08-25_09:47:14.451888 	EXP 	progress_bar_breaks: progress = 2.333333333333333
2026-08-25_09:47:14.468693 	EXP 	progress_bar_breaks: progress = 2.333333333333333
2026-08-25_09:47:14.485218 	EXP 	progress_bar_breaks: progress = 2.333333333333333
2026-08-25_09:47:14.501752 	EXP 	progress_bar_breaks: progress = 2.333333333333333
2026-08-25_09:47:14.518479 	EXP 	progress_bar_breaks: progress = 2.333333333333333
2026-08-25_09:47:14.535190 	EXP 	progress_bar_breaks: progress = 2.333333333333333
2026-08-25_09:47:14.552001 	EXP 	progress_bar_breaks: progress = 2.333333333333333
2026-08-25_09:47:14.568510 	EXP 	progress_bar_breaks: progress = 2.333333333333333
2026-08-25_09:47:14.585130 	EXP 	progress_bar_breaks: progress = 2.333333333333333
2026-08-25_09:47:14.601786 	EXP 	progress_bar_breaks: progress = 2.333333333333333
2026-08-25_09:47:14.618460 	EXP 	progress_bar_breaks: progress = 2.4
2026-08-25_09:47:14.635099 	EXP 	progress_bar_breaks: progress = 2.4
2026-08-25_09:47:14.651787 	EXP 	progress_bar_breaks: progress = 2.4
2026-08-25_09:47:14.668557 	EXP 	progress_bar_breaks: progress = 2.4
2026-08-25_09:47:14.685466 	EXP 	progress_bar_breaks: progress = 2.4
2026-08-25_09:47:14.702190 	EXP 	progress_bar_breaks: progress = 2.4
2026-08-25_09:47:14.718974 	EXP 	progress_bar_breaks: progress = 2.4
2026-08-25_09:47:14.735373 	EXP 	progress_bar_breaks: progress = 2.4
2026-08-25_09:47:14.751951 	EXP 	progress_bar_breaks: progress = 2.4
2026-08-25_09:47:14.768669 	EXP 	progress_bar_breaks: progress = 2.4
2026-08-25_09:47:14.785130 	EXP 	progress_bar_breaks: progress = 2.4
2026-08-25_09:47:14.801780 	EXP 	progress_bar_breaks: progress = 2.4
2026-08-25_09:47:14.818440 	EXP 	progress_bar_breaks: progress = 2.4
2026-08-25_09:47:14.835292 	EXP 	progress_bar_breaks: progress = 2.4
2026-08-25_09:47:14.852092 	EXP 	progress_bar_breaks: progress = 2.4
2026-08-25_09:47:14.868752 	EXP 	progress_bar_breaks: progress = 2.4
2026-08-25_09:47:14.885393 	EXP 	progress_bar_breaks: progress = 2.4
2026-08-25_09:47:14.902084 	EXP 	progress_bar_breaks: progress = 2.4
2026-08-25_09:47:14.918529 	EXP 	progress_bar_breaks: progress = 2.4
2026-08-25_09:47:14.935207 	EXP 	progress_bar_breaks: progress = 2.4
2026-08-25_09:47:14.952163 	EXP 	progress_bar_breaks: progress = 2.4
2026-08-25_09:47:14.968696 	EXP 	progress_bar_breaks: progress = 2.4
2026-08-25_09:47:14.985682 	EXP 	progress_bar_breaks: progress = 2.4
2026-08-25_09:47:15.002212 	EXP 	progress_bar_breaks: progress = 2.4
2026-08-25_09:47:15.018791 	EXP 	progress_bar_breaks: progress = 2.4
2026-08-25_09:47:15.035413 	EXP 	progress_bar_breaks: progress = 2.4
2026-08-25_09:47:15.051813 	EXP 	progress_bar_breaks: progress = 2.4
2026-08-25_09:47:15.068437 	EXP 	progress_bar_breaks: progress = 2.4
2026-08-25_09:47:15.085062 	EXP 	progress_bar_breaks: progress = 2.4
2026-08-25_09:47:15.101978 	EXP 	progress_bar_breaks: progress = 2.4
2026-08-25_09:47:15.118464 	EXP 	progress_bar_breaks: progress = 2.4
2026-08-25_09:47:15.135035 	EXP 	progress_bar_breaks: progress = 2.4
2026-08-25_09:47:15.151595 	EXP 	progress_bar_breaks: progress = 2.4
2026-08-25_09:47:15.168306 	EXP 	progress_bar_breaks: progress = 2.4
2026-08-25_09:47:15.185079 	EXP 	progress_bar_breaks: progress = 2.4
2026-08-25_09:47:15.201651 	EXP 	progress_bar_breaks: progress = 2.4
2026-08-25_09:47:15.218328 	EXP 	progress_bar_breaks: progress = 2.4
2026-08-25_09:47:15.235144 	EXP 	progress_bar_breaks: progress = 2.4
2026-08-25_09:47:15.252104 	EXP 	progress_bar_breaks: progress = 2.4
2026-08-25_09:47:15.268391 	EXP 	progress_bar_breaks: progress = 2.4
2026-08-25_09:47:15.285100 	EXP 	progress_bar_breaks: progress = 2.4
2026-08-25_09:47:15.301818 	EXP 	progress_bar_breaks: progress = 2.4
2026-08-25_09:47:15.318553 	EXP 	progress_bar_breaks: progress = 2.4
2026-08-25_09:47:15.334916 	EXP 	progress_bar_breaks: progress = 2.4
2026-08-25_09:47:15.351505 	EXP 	progress_bar_breaks: progress = 2.4
2026-08-25_09:47:15.368082 	EXP 	progress_bar_breaks: progress = 2.4
2026-08-25_09:47:15.384898 	EXP 	progress_bar_breaks: progress = 2.4
2026-08-25_09:47:15.401554 	EXP 	progress_bar_breaks: progress = 2.4
2026-08-25_09:47:15.418183 	EXP 	progress_bar_breaks: progress = 2.4
2026-08-25_09:47:15.434844 	EXP 	progress_bar_breaks: progress = 2.4
2026-08-25_09:47:15.451611 	EXP 	progress_bar_breaks: progress = 2.4
2026-08-25_09:47:15.468494 	EXP 	progress_bar_breaks: progress = 2.4
2026-08-25_09:47:15.484882 	EXP 	progress_bar_breaks: progress = 2.4
2026-08-25_09:47:15.501465 	EXP 	progress_bar_breaks: progress = 2.4
2026-08-25_09:47:15.518169 	EXP 	progress_bar_breaks: progress = 2.4
2026-08-25_09:47:15.534964 	EXP 	progress_bar_breaks: progress = 2.4
2026-08-25_09:47:15.551625 	EXP 	progress_bar_breaks: progress = 2.4
2026-08-25_09:47:15.568222 	EXP 	progress_bar_breaks: progress = 2.4
2026-08-25_09:47:15.585032 	EXP 	progress_bar_breaks: progress = 2.4
2026-08-25_09:47:15.601439 	EXP 	progress_bar_breaks: progress = 2.4
2026-08-25_09:47:15.618274 	EXP 	progress_bar_breaks: progress = 2.466666666666667
2026-08-25_09:47:15.634854 	EXP 	progress_bar_breaks: progress = 2.466666666666667
2026-08-25_09:47:15.651452 	EXP 	progress_bar_breaks: progress = 2.466666666666667
2026-08-25_09:47:15.668231 	EXP 	progress_bar_breaks: progress = 2.466666666666667
2026-08-25_09:47:15.684924 	EXP 	progress_bar_breaks: progress = 2.466666666666667
2026-08-25_09:47:15.701576 	EXP 	progress_bar_breaks: progress = 2.466666666666667
2026-08-25_09:47:15.718253 	EXP 	progress_bar_breaks: progress = 2.466666666666667
2026-08-25_09:47:15.734879 	EXP 	progress_bar_breaks: progress = 2.466666666666667
2026-08-25_09:47:15.751460 	EXP 	progress_bar_breaks: progress = 2.466666666666667
2026-08-25_09:47:15.768392 	EXP 	progress_bar_breaks: progress = 2.466666666666667
2026-08-25_09:47:15.784972 	EXP 	progress_bar_breaks: progress = 2.466666666666667
2026-08-25_09:47:15.801467 	EXP 	progress_bar_breaks: progress = 2.466666666666667
2026-08-25_09:47:15.818169 	EXP 	progress_bar_breaks: progress = 2.466666666666667
2026-08-25_09:47:15.835203 	EXP 	progress_bar_breaks: progress = 2.466666666666667
2026-08-25_09:47:15.851458 	EXP 	progress_bar_breaks: progress = 2.466666666666667
2026-08-25_09:47:15.868076 	EXP 	progress_bar_breaks: progress = 2.466666666666667
2026-08-25_09:47:15.884925 	EXP 	progress_bar_breaks: progress = 2.466666666666667
2026-08-25_09:47:15.901561 	EXP 	progress_bar_breaks: progress = 2.466666666666667
2026-08-25_09:47:15.918196 	EXP 	progress_bar_breaks: progress = 2.466666666666667
2026-08-25_09:47:15.934671 	EXP 	progress_bar_breaks: progress = 2.466666666666667
2026-08-25_09:47:15.951331 	EXP 	progress_bar_breaks: progress = 2.466666666666667
2026-08-25_09:47:15.968020 	EXP 	progress_bar_breaks: progress = 2.466666666666667
2026-08-25_09:47:15.984757 	EXP 	progress_bar_breaks: progress = 2.466666666666667
2026-08-25_09:47:16.001366 	EXP 	progress_bar_breaks: progress = 2.466666666666667
2026-08-25_09:47:16.018229 	EXP 	progress_bar_breaks: progress = 2.466666666666667
2026-08-25_09:47:16.034713 	EXP 	progress_bar_breaks: progress = 2.466666666666667
2026-08-25_09:47:16.051658 	EXP 	progress_bar_breaks: progress = 2.466666666666667
2026-08-25_09:47:16.068232 	EXP 	progress_bar_breaks: progress = 2.466666666666667
2026-08-25_09:47:16.085201 	EXP 	progress_bar_breaks: progress = 2.466666666666667
2026-08-25_09:47:16.101627 	EXP 	progress_bar_breaks: progress = 2.466666666666667
2026-08-25_09:47:16.118316 	EXP 	progress_bar_breaks: progress = 2.466666666666667
2026-08-25_09:47:16.135193 	EXP 	progress_bar_breaks: progress = 2.466666666666667
2026-08-25_09:47:16.151635 	EXP 	progress_bar_breaks: progress = 2.466666666666667
2026-08-25_09:47:16.168323 	EXP 	progress_bar_breaks: progress = 2.466666666666667
2026-08-25_09:47:16.184962 	EXP 	progress_bar_breaks: progress = 2.466666666666667
2026-08-25_09:47:16.201560 	EXP 	progress_bar_breaks: progress = 2.466666666666667
2026-08-25_09:47:16.218263 	EXP 	progress_bar_breaks: progress = 2.466666666666667
2026-08-25_09:47:16.234880 	EXP 	progress_bar_breaks: progress = 2.466666666666667
2026-08-25_09:47:16.251335 	EXP 	progress_bar_breaks: progress = 2.466666666666667
2026-08-25_09:47:16.267982 	EXP 	progress_bar_breaks: progress = 2.466666666666667
2026-08-25_09:47:16.284735 	EXP 	progress_bar_breaks: progress = 2.466666666666667
2026-08-25_09:47:16.301254 	EXP 	progress_bar_breaks: progress = 2.466666666666667
2026-08-25_09:47:16.317915 	EXP 	progress_bar_breaks: progress = 2.466666666666667
2026-08-25_09:47:16.334685 	EXP 	progress_bar_breaks: progress = 2.466666666666667
2026-08-25_09:47:16.351401 	EXP 	progress_bar_breaks: progress = 2.466666666666667
2026-08-25_09:47:16.368172 	EXP 	progress_bar_breaks: progress = 2.466666666666667
2026-08-25_09:47:16.384764 	EXP 	progress_bar_breaks: progress = 2.466666666666667
2026-08-25_09:47:16.401279 	EXP 	progress_bar_breaks: progress = 2.466666666666667
2026-08-25_09:47:16.417958 	EXP 	progress_bar_breaks: progress = 2.466666666666667
2026-08-25_09:47:16.434579 	EXP 	progress_bar_breaks: progress = 2.466666666666667
2026-08-25_09:47:16.451233 	EXP 	progress_bar_breaks: progress = 2.466666666666667
2026-08-25_09:47:16.468060 	EXP 	progress_bar_breaks: progress = 2.466666666666667
2026-08-25_09:47:16.484804 	EXP 	progress_bar_breaks: progress = 2.466666666666667
2026-08-25_09:47:16.501304 	EXP 	progress_bar_breaks: progress = 2.466666666666667
2026-08-25_09:47:16.518055 	EXP 	progress_bar_breaks: progress = 2.466666666666667
2026-08-25_09:47:16.534857 	EXP 	progress_bar_breaks: progress = 2.466666666666667
2026-08-25_09:47:16.551437 	EXP 	progress_bar_breaks: progress = 2.466666666666667
2026-08-25_09:47:16.568675 	EXP 	progress_bar_breaks: progress = 2.466666666666667
2026-08-25_09:47:16.584777 	EXP 	progress_bar_breaks: progress = 2.466666666666667
2026-08-25_09:47:16.601319 	EXP 	progress_bar_breaks: progress = 2.466666666666667
2026-08-25_09:47:16.618123 	EXP 	progress_bar_breaks: progress = 2.533333333333333
2026-08-25_09:47:16.634815 	EXP 	progress_bar_breaks: progress = 2.533333333333333
2026-08-25_09:47:16.651326 	EXP 	progress_bar_breaks: progress = 2.533333333333333
2026-08-25_09:47:16.668338 	EXP 	progress_bar_breaks: progress = 2.533333333333333
2026-08-25_09:47:16.684904 	EXP 	progress_bar_breaks: progress = 2.533333333333333
2026-08-25_09:47:16.701279 	EXP 	progress_bar_breaks: progress = 2.533333333333333
2026-08-25_09:47:16.718132 	EXP 	progress_bar_breaks: progress = 2.533333333333333
2026-08-25_09:47:16.734700 	EXP 	progress_bar_breaks: progress = 2.533333333333333
2026-08-25_09:47:16.751221 	EXP 	progress_bar_breaks: progress = 2.533333333333333
2026-08-25_09:47:16.767962 	EXP 	progress_bar_breaks: progress = 2.533333333333333
2026-08-25_09:47:16.784518 	EXP 	progress_bar_breaks: progress = 2.533333333333333
2026-08-25_09:47:16.801198 	EXP 	progress_bar_breaks: progress = 2.533333333333333
2026-08-25_09:47:16.817755 	EXP 	progress_bar_breaks: progress = 2.533333333333333
2026-08-25_09:47:16.834515 	EXP 	progress_bar_breaks: progress = 2.533333333333333
2026-08-25_09:47:16.851188 	EXP 	progress_bar_breaks: progress = 2.533333333333333
2026-08-25_09:47:16.867851 	EXP 	progress_bar_breaks: progress = 2.533333333333333
2026-08-25_09:47:16.884702 	EXP 	progress_bar_breaks: progress = 2.533333333333333
2026-08-25_09:47:16.901174 	EXP 	progress_bar_breaks: progress = 2.533333333333333
2026-08-25_09:47:16.917821 	EXP 	progress_bar_breaks: progress = 2.533333333333333
2026-08-25_09:47:16.934623 	EXP 	progress_bar_breaks: progress = 2.533333333333333
2026-08-25_09:47:16.951133 	EXP 	progress_bar_breaks: progress = 2.533333333333333
2026-08-25_09:47:16.967780 	EXP 	progress_bar_breaks: progress = 2.533333333333333
2026-08-25_09:47:16.984425 	EXP 	progress_bar_breaks: progress = 2.533333333333333
2026-08-25_09:47:17.001142 	EXP 	progress_bar_breaks: progress = 2.533333333333333
2026-08-25_09:47:17.017842 	EXP 	progress_bar_breaks: progress = 2.533333333333333
2026-08-25_09:47:17.034540 	EXP 	progress_bar_breaks: progress = 2.533333333333333
2026-08-25_09:47:17.051127 	EXP 	progress_bar_breaks: progress = 2.533333333333333
2026-08-25_09:47:17.067816 	EXP 	progress_bar_breaks: progress = 2.533333333333333
2026-08-25_09:47:17.084580 	EXP 	progress_bar_breaks: progress = 2.533333333333333
2026-08-25_09:47:17.101526 	EXP 	progress_bar_breaks: progress = 2.533333333333333
2026-08-25_09:47:17.117892 	EXP 	progress_bar_breaks: progress = 2.533333333333333
2026-08-25_09:47:17.134520 	EXP 	progress_bar_breaks: progress = 2.533333333333333
2026-08-25_09:47:17.151131 	EXP 	progress_bar_breaks: progress = 2.533333333333333
2026-08-25_09:47:17.167713 	EXP 	progress_bar_breaks: progress = 2.533333333333333
2026-08-25_09:47:17.184562 	EXP 	progress_bar_breaks: progress = 2.533333333333333
2026-08-25_09:47:17.201273 	EXP 	progress_bar_breaks: progress = 2.533333333333333
2026-08-25_09:47:17.217770 	EXP 	progress_bar_breaks: progress = 2.533333333333333
2026-08-25_09:47:17.234363 	EXP 	progress_bar_breaks: progress = 2.533333333333333
2026-08-25_09:47:17.251361 	EXP 	progress_bar_breaks: progress = 2.533333333333333
2026-08-25_09:47:17.267997 	EXP 	progress_bar_breaks: progress = 2.533333333333333
2026-08-25_09:47:17.284837 	EXP 	progress_bar_breaks: progress = 2.533333333333333
2026-08-25_09:47:17.301368 	EXP 	progress_bar_breaks: progress = 2.533333333333333
2026-08-25_09:47:17.318077 	EXP 	progress_bar_breaks: progress = 2.533333333333333
2026-08-25_09:47:17.334583 	EXP 	progress_bar_breaks: progress = 2.533333333333333
2026-08-25_09:47:17.351288 	EXP 	progress_bar_breaks: progress = 2.533333333333333
2026-08-25_09:47:17.368279 	EXP 	progress_bar_breaks: progress = 2.533333333333333
2026-08-25_09:47:17.384807 	EXP 	progress_bar_breaks: progress = 2.533333333333333
2026-08-25_09:47:17.401354 	EXP 	progress_bar_breaks: progress = 2.533333333333333
2026-08-25_09:47:17.418134 	EXP 	progress_bar_breaks: progress = 2.533333333333333
2026-08-25_09:47:17.434754 	EXP 	progress_bar_breaks: progress = 2.533333333333333
2026-08-25_09:47:17.451624 	EXP 	progress_bar_breaks: progress = 2.533333333333333
2026-08-25_09:47:17.468364 	EXP 	progress_bar_breaks: progress = 2.533333333333333
2026-08-25_09:47:17.484621 	EXP 	progress_bar_breaks: progress = 2.533333333333333
2026-08-25_09:47:17.501086 	EXP 	progress_bar_breaks: progress = 2.533333333333333
2026-08-25_09:47:17.517781 	EXP 	progress_bar_breaks: progress = 2.533333333333333
2026-08-25_09:47:17.534461 	EXP 	progress_bar_breaks: progress = 2.533333333333333
2026-08-25_09:47:17.551057 	EXP 	progress_bar_breaks: progress = 2.533333333333333
2026-08-25_09:47:17.567719 	EXP 	progress_bar_breaks: progress = 2.533333333333333
2026-08-25_09:47:17.584518 	EXP 	progress_bar_breaks: progress = 2.533333333333333
2026-08-25_09:47:17.601075 	EXP 	progress_bar_breaks: progress = 2.533333333333333
2026-08-25_09:47:17.617681 	EXP 	progress_bar_breaks: progress = 2.6
2026-08-25_09:47:17.633739 	EXP 	progress_bar_breaks: progress = 2.6
2026-08-25_09:47:17.651143 	EXP 	progress_bar_breaks: progress = 2.6
2026-08-25_09:47:17.667773 	EXP 	progress_bar_breaks: progress = 2.6
2026-08-25_09:47:17.684451 	EXP 	progress_bar_breaks: progress = 2.6
2026-08-25_09:47:17.700986 	EXP 	progress_bar_breaks: progress = 2.6
2026-08-25_09:47:17.717880 	EXP 	progress_bar_breaks: progress = 2.6
2026-08-25_09:47:17.735347 	EXP 	progress_bar_breaks: progress = 2.6
2026-08-25_09:47:17.751039 	EXP 	progress_bar_breaks: progress = 2.6
2026-08-25_09:47:17.767809 	EXP 	progress_bar_breaks: progress = 2.6
2026-08-25_09:47:17.784332 	EXP 	progress_bar_breaks: progress = 2.6
2026-08-25_09:47:17.801032 	EXP 	progress_bar_breaks: progress = 2.6
2026-08-25_09:47:17.817658 	EXP 	progress_bar_breaks: progress = 2.6
2026-08-25_09:47:17.834295 	EXP 	progress_bar_breaks: progress = 2.6
2026-08-25_09:47:17.850867 	EXP 	progress_bar_breaks: progress = 2.6
2026-08-25_09:47:17.867550 	EXP 	progress_bar_breaks: progress = 2.6
2026-08-25_09:47:17.884317 	EXP 	progress_bar_breaks: progress = 2.6
2026-08-25_09:47:17.901006 	EXP 	progress_bar_breaks: progress = 2.6
2026-08-25_09:47:17.917629 	EXP 	progress_bar_breaks: progress = 2.6
2026-08-25_09:47:17.934302 	EXP 	progress_bar_breaks: progress = 2.6
2026-08-25_09:47:17.950900 	EXP 	progress_bar_breaks: progress = 2.6
2026-08-25_09:47:17.967519 	EXP 	progress_bar_breaks: progress = 2.6
2026-08-25_09:47:17.984448 	EXP 	progress_bar_breaks: progress = 2.6
2026-08-25_09:47:18.000842 	EXP 	progress_bar_breaks: progress = 2.6
2026-08-25_09:47:18.017470 	EXP 	progress_bar_breaks: progress = 2.6
2026-08-25_09:47:18.034065 	EXP 	progress_bar_breaks: progress = 2.6
2026-08-25_09:47:18.050810 	EXP 	progress_bar_breaks: progress = 2.6
2026-08-25_09:47:18.067425 	EXP 	progress_bar_breaks: progress = 2.6
2026-08-25_09:47:18.084038 	EXP 	progress_bar_breaks: progress = 2.6
2026-08-25_09:47:18.100895 	EXP 	progress_bar_breaks: progress = 2.6
2026-08-25_09:47:18.117446 	EXP 	progress_bar_breaks: progress = 2.6
2026-08-25_09:47:18.134313 	EXP 	progress_bar_breaks: progress = 2.6
2026-08-25_09:47:18.150997 	EXP 	progress_bar_breaks: progress = 2.6
2026-08-25_09:47:18.167613 	EXP 	progress_bar_breaks: progress = 2.6
2026-08-25_09:47:18.184362 	EXP 	progress_bar_breaks: progress = 2.6
2026-08-25_09:47:18.200679 	EXP 	progress_bar_breaks: progress = 2.6
2026-08-25_09:47:18.217422 	EXP 	progress_bar_breaks: progress = 2.6
2026-08-25_09:47:18.234358 	EXP 	progress_bar_breaks: progress = 2.6
2026-08-25_09:47:18.251073 	EXP 	progress_bar_breaks: progress = 2.6
2026-08-25_09:47:18.267388 	EXP 	progress_bar_breaks: progress = 2.6
2026-08-25_09:47:18.284214 	EXP 	progress_bar_breaks: progress = 2.6
2026-08-25_09:47:18.301194 	EXP 	progress_bar_breaks: progress = 2.6
2026-08-25_09:47:18.317358 	EXP 	progress_bar_breaks: progress = 2.6
2026-08-25_09:47:18.334090 	EXP 	progress_bar_breaks: progress = 2.6
2026-08-25_09:47:18.350731 	EXP 	progress_bar_breaks: progress = 2.6
2026-08-25_09:47:18.367494 	EXP 	progress_bar_breaks: progress = 2.6
2026-08-25_09:47:18.384217 	EXP 	progress_bar_breaks: progress = 2.6
2026-08-25_09:47:18.400739 	EXP 	progress_bar_breaks: progress = 2.6
2026-08-25_09:47:18.417386 	EXP 	progress_bar_breaks: progress = 2.6
2026-08-25_09:47:18.434102 	EXP 	progress_bar_breaks: progress = 2.6
2026-08-25_09:47:18.450796 	EXP 	progress_bar_breaks: progress = 2.6
2026-08-25_09:47:18.467578 	EXP 	progress_bar_breaks: progress = 2.6
2026-08-25_09:47:18.484790 	EXP 	progress_bar_breaks: progress = 2.6
2026-08-25_09:47:18.501243 	EXP 	progress_bar_breaks: progress = 2.6
2026-08-25_09:47:18.517637 	EXP 	progress_bar_breaks: progress = 2.6
2026-08-25_09:47:18.534332 	EXP 	progress_bar_breaks: progress = 2.6
2026-08-25_09:47:18.551023 	EXP 	progress_bar_breaks: progress = 2.6
2026-08-25_09:47:18.567768 	EXP 	progress_bar_breaks: progress = 2.6
2026-08-25_09:47:18.584387 	EXP 	progress_bar_breaks: progress = 2.6
2026-08-25_09:47:18.605828 	EXP 	progress_bar_breaks: progress = 2.6
2026-08-25_09:47:18.619178 	EXP 	progress_bar_breaks: progress = 2.666666666666667
2026-08-25_09:47:18.636595 	EXP 	progress_bar_breaks: progress = 2.666666666666667
2026-08-25_09:47:18.653087 	EXP 	progress_bar_breaks: progress = 2.666666666666667
2026-08-25_09:47:18.667804 	EXP 	progress_bar_breaks: progress = 2.666666666666667
2026-08-25_09:47:18.684267 	EXP 	progress_bar_breaks: progress = 2.666666666666667
2026-08-25_09:47:18.701148 	EXP 	progress_bar_breaks: progress = 2.666666666666667
2026-08-25_09:47:18.717294 	EXP 	progress_bar_breaks: progress = 2.666666666666667
2026-08-25_09:47:18.733866 	EXP 	progress_bar_breaks: progress = 2.666666666666667
2026-08-25_09:47:18.750716 	EXP 	progress_bar_breaks: progress = 2.666666666666667
2026-08-25_09:47:18.767890 	EXP 	progress_bar_breaks: progress = 2.666666666666667
2026-08-25_09:47:18.784358 	EXP 	progress_bar_breaks: progress = 2.666666666666667
2026-08-25_09:47:18.800634 	EXP 	progress_bar_breaks: progress = 2.666666666666667
2026-08-25_09:47:18.817764 	EXP 	progress_bar_breaks: progress = 2.666666666666667
2026-08-25_09:47:18.833738 	EXP 	progress_bar_breaks: progress = 2.666666666666667
2026-08-25_09:47:18.852755 	EXP 	progress_bar_breaks: progress = 2.666666666666667
2026-08-25_09:47:18.867285 	EXP 	progress_bar_breaks: progress = 2.666666666666667
2026-08-25_09:47:18.883952 	EXP 	progress_bar_breaks: progress = 2.666666666666667
2026-08-25_09:47:18.900607 	EXP 	progress_bar_breaks: progress = 2.666666666666667
2026-08-25_09:47:18.917274 	EXP 	progress_bar_breaks: progress = 2.666666666666667
2026-08-25_09:47:18.933853 	EXP 	progress_bar_breaks: progress = 2.666666666666667
2026-08-25_09:47:18.950605 	EXP 	progress_bar_breaks: progress = 2.666666666666667
2026-08-25_09:47:18.967711 	EXP 	progress_bar_breaks: progress = 2.666666666666667
2026-08-25_09:47:18.984603 	EXP 	progress_bar_breaks: progress = 2.666666666666667
2026-08-25_09:47:19.000494 	EXP 	progress_bar_breaks: progress = 2.666666666666667
2026-08-25_09:47:19.017152 	EXP 	progress_bar_breaks: progress = 2.666666666666667
2026-08-25_09:47:19.033872 	EXP 	progress_bar_breaks: progress = 2.666666666666667
2026-08-25_09:47:19.050644 	EXP 	progress_bar_breaks: progress = 2.666666666666667
2026-08-25_09:47:19.067263 	EXP 	progress_bar_breaks: progress = 2.666666666666667
2026-08-25_09:47:19.083753 	EXP 	progress_bar_breaks: progress = 2.666666666666667
2026-08-25_09:47:19.100358 	EXP 	progress_bar_breaks: progress = 2.666666666666667
2026-08-25_09:47:19.117107 	EXP 	progress_bar_breaks: progress = 2.666666666666667
2026-08-25_09:47:19.133781 	EXP 	progress_bar_breaks: progress = 2.666666666666667
2026-08-25_09:47:19.150336 	EXP 	progress_bar_breaks: progress = 2.666666666666667
2026-08-25_09:47:19.167372 	EXP 	progress_bar_breaks: progress = 2.666666666666667
2026-08-25_09:47:19.184154 	EXP 	progress_bar_breaks: progress = 2.666666666666667
2026-08-25_09:47:19.203536 	EXP 	progress_bar_breaks: progress = 2.666666666666667
2026-08-25_09:47:19.217094 	EXP 	progress_bar_breaks: progress = 2.666666666666667
2026-08-25_09:47:19.237283 	EXP 	progress_bar_breaks: progress = 2.666666666666667
2026-08-25_09:47:19.250317 	EXP 	progress_bar_breaks: progress = 2.666666666666667
2026-08-25_09:47:19.267182 	EXP 	progress_bar_breaks: progress = 2.666666666666667
2026-08-25_09:47:19.284015 	EXP 	progress_bar_breaks: progress = 2.666666666666667
2026-08-25_09:47:19.300333 	EXP 	progress_bar_breaks: progress = 2.666666666666667
2026-08-25_09:47:19.317153 	EXP 	progress_bar_breaks: progress = 2.666666666666667
2026-08-25_09:47:19.333677 	EXP 	progress_bar_breaks: progress = 2.666666666666667
2026-08-25_09:47:19.350368 	EXP 	progress_bar_breaks: progress = 2.666666666666667
2026-08-25_09:47:19.366982 	EXP 	progress_bar_breaks: progress = 2.666666666666667
2026-08-25_09:47:19.383687 	EXP 	progress_bar_breaks: progress = 2.666666666666667
2026-08-25_09:47:19.400245 	EXP 	progress_bar_breaks: progress = 2.666666666666667
2026-08-25_09:47:19.416896 	EXP 	progress_bar_breaks: progress = 2.666666666666667
2026-08-25_09:47:19.433584 	EXP 	progress_bar_breaks: progress = 2.666666666666667
2026-08-25_09:47:19.450441 	EXP 	progress_bar_breaks: progress = 2.666666666666667
2026-08-25_09:47:19.467206 	EXP 	progress_bar_breaks: progress = 2.666666666666667
2026-08-25_09:47:19.484388 	EXP 	progress_bar_breaks: progress = 2.666666666666667
2026-08-25_09:47:19.500319 	EXP 	progress_bar_breaks: progress = 2.666666666666667
2026-08-25_09:47:19.516968 	EXP 	progress_bar_breaks: progress = 2.666666666666667
2026-08-25_09:47:19.533536 	EXP 	progress_bar_breaks: progress = 2.666666666666667
2026-08-25_09:47:19.550107 	EXP 	progress_bar_breaks: progress = 2.666666666666667
2026-08-25_09:47:19.566757 	EXP 	progress_bar_breaks: progress = 2.666666666666667
2026-08-25_09:47:19.583497 	EXP 	progress_bar_breaks: progress = 2.666666666666667
2026-08-25_09:47:19.600097 	EXP 	progress_bar_breaks: progress = 2.666666666666667
2026-08-25_09:47:19.616811 	EXP 	progress_bar_breaks: progress = 2.7333333333333334
2026-08-25_09:47:19.633416 	EXP 	progress_bar_breaks: progress = 2.7333333333333334
2026-08-25_09:47:19.650171 	EXP 	progress_bar_breaks: progress = 2.7333333333333334
2026-08-25_09:47:19.666841 	EXP 	progress_bar_breaks: progress = 2.7333333333333334
2026-08-25_09:47:19.683494 	EXP 	progress_bar_breaks: progress = 2.7333333333333334
2026-08-25_09:47:19.700182 	EXP 	progress_bar_breaks: progress = 2.7333333333333334
2026-08-25_09:47:19.716949 	EXP 	progress_bar_breaks: progress = 2.7333333333333334
2026-08-25_09:47:19.734009 	EXP 	progress_bar_breaks: progress = 2.7333333333333334
2026-08-25_09:47:19.750500 	EXP 	progress_bar_breaks: progress = 2.7333333333333334
2026-08-25_09:47:19.767190 	EXP 	progress_bar_breaks: progress = 2.7333333333333334
2026-08-25_09:47:19.783825 	EXP 	progress_bar_breaks: progress = 2.7333333333333334
2026-08-25_09:47:19.800842 	EXP 	progress_bar_breaks: progress = 2.7333333333333334
2026-08-25_09:47:19.817117 	EXP 	progress_bar_breaks: progress = 2.7333333333333334
2026-08-25_09:47:19.833573 	EXP 	progress_bar_breaks: progress = 2.7333333333333334
2026-08-25_09:47:19.850406 	EXP 	progress_bar_breaks: progress = 2.7333333333333334
2026-08-25_09:47:19.866908 	EXP 	progress_bar_breaks: progress = 2.7333333333333334
2026-08-25_09:47:19.883524 	EXP 	progress_bar_breaks: progress = 2.7333333333333334
2026-08-25_09:47:19.900254 	EXP 	progress_bar_breaks: progress = 2.7333333333333334
2026-08-25_09:47:19.916954 	EXP 	progress_bar_breaks: progress = 2.7333333333333334
2026-08-25_09:47:19.933492 	EXP 	progress_bar_breaks: progress = 2.7333333333333334
2026-08-25_09:47:19.950149 	EXP 	progress_bar_breaks: progress = 2.7333333333333334
2026-08-25_09:47:19.966785 	EXP 	progress_bar_breaks: progress = 2.7333333333333334
2026-08-25_09:47:19.983469 	EXP 	progress_bar_breaks: progress = 2.7333333333333334
2026-08-25_09:47:20.000095 	EXP 	progress_bar_breaks: progress = 2.7333333333333334
2026-08-25_09:47:20.016846 	EXP 	progress_bar_breaks: progress = 2.7333333333333334
2026-08-25_09:47:20.033676 	EXP 	progress_bar_breaks: progress = 2.7333333333333334
2026-08-25_09:47:20.050326 	EXP 	progress_bar_breaks: progress = 2.7333333333333334
2026-08-25_09:47:20.066758 	EXP 	progress_bar_breaks: progress = 2.7333333333333334
2026-08-25_09:47:20.083633 	EXP 	progress_bar_breaks: progress = 2.7333333333333334
2026-08-25_09:47:20.100259 	EXP 	progress_bar_breaks: progress = 2.7333333333333334
2026-08-25_09:47:20.116877 	EXP 	progress_bar_breaks: progress = 2.7333333333333334
2026-08-25_09:47:20.133461 	EXP 	progress_bar_breaks: progress = 2.7333333333333334
2026-08-25_09:47:20.150324 	EXP 	progress_bar_breaks: progress = 2.7333333333333334
2026-08-25_09:47:20.166838 	EXP 	progress_bar_breaks: progress = 2.7333333333333334
2026-08-25_09:47:20.183558 	EXP 	progress_bar_breaks: progress = 2.7333333333333334
2026-08-25_09:47:20.200103 	EXP 	progress_bar_breaks: progress = 2.7333333333333334
2026-08-25_09:47:20.216898 	EXP 	progress_bar_breaks: progress = 2.7333333333333334
2026-08-25_09:47:20.233503 	EXP 	progress_bar_breaks: progress = 2.7333333333333334
2026-08-25_09:47:20.250206 	EXP 	progress_bar_breaks: progress = 2.7333333333333334
2026-08-25_09:47:20.266860 	EXP 	progress_bar_breaks: progress = 2.7333333333333334
2026-08-25_09:47:20.283512 	EXP 	progress_bar_breaks: progress = 2.7333333333333334
2026-08-25_09:47:20.300102 	EXP 	progress_bar_breaks: progress = 2.7333333333333334
2026-08-25_09:47:20.316677 	EXP 	progress_bar_breaks: progress = 2.7333333333333334
2026-08-25_09:47:20.333495 	EXP 	progress_bar_breaks: progress = 2.7333333333333334
2026-08-25_09:47:20.350057 	EXP 	progress_bar_breaks: progress = 2.7333333333333334
2026-08-25_09:47:20.366715 	EXP 	progress_bar_breaks: progress = 2.7333333333333334
2026-08-25_09:47:20.383343 	EXP 	progress_bar_breaks: progress = 2.7333333333333334
2026-08-25_09:47:20.400114 	EXP 	progress_bar_breaks: progress = 2.7333333333333334
2026-08-25_09:47:20.416687 	EXP 	progress_bar_breaks: progress = 2.7333333333333334
2026-08-25_09:47:20.433370 	EXP 	progress_bar_breaks: progress = 2.7333333333333334
2026-08-25_09:47:20.450239 	EXP 	progress_bar_breaks: progress = 2.7333333333333334
2026-08-25_09:47:20.466636 	EXP 	progress_bar_breaks: progress = 2.7333333333333334
2026-08-25_09:47:20.483477 	EXP 	progress_bar_breaks: progress = 2.7333333333333334
2026-08-25_09:47:20.500132 	EXP 	progress_bar_breaks: progress = 2.7333333333333334
2026-08-25_09:47:20.516727 	EXP 	progress_bar_breaks: progress = 2.7333333333333334
2026-08-25_09:47:20.533308 	EXP 	progress_bar_breaks: progress = 2.7333333333333334
2026-08-25_09:47:20.550002 	EXP 	progress_bar_breaks: progress = 2.7333333333333334
2026-08-25_09:47:20.566722 	EXP 	progress_bar_breaks: progress = 2.7333333333333334
2026-08-25_09:47:20.583380 	EXP 	progress_bar_breaks: progress = 2.7333333333333334
2026-08-25_09:47:20.600111 	EXP 	progress_bar_breaks: progress = 2.7333333333333334
2026-08-25_09:47:20.616728 	EXP 	progress_bar_breaks: progress = 2.8
2026-08-25_09:47:20.633337 	EXP 	progress_bar_breaks: progress = 2.8
2026-08-25_09:47:20.650024 	EXP 	progress_bar_breaks: progress = 2.8
2026-08-25_09:47:20.666616 	EXP 	progress_bar_breaks: progress = 2.8
2026-08-25_09:47:20.683365 	EXP 	progress_bar_breaks: progress = 2.8
2026-08-25_09:47:20.699969 	EXP 	progress_bar_breaks: progress = 2.8
2026-08-25_09:47:20.716710 	EXP 	progress_bar_breaks: progress = 2.8
2026-08-25_09:47:20.733398 	EXP 	progress_bar_breaks: progress = 2.8
2026-08-25_09:47:20.749922 	EXP 	progress_bar_breaks: progress = 2.8
2026-08-25_09:47:20.766925 	EXP 	progress_bar_breaks: progress = 2.8
2026-08-25_09:47:20.783333 	EXP 	progress_bar_breaks: progress = 2.8
2026-08-25_09:47:20.799912 	EXP 	progress_bar_breaks: progress = 2.8
2026-08-25_09:47:20.816507 	EXP 	progress_bar_breaks: progress = 2.8
2026-08-25_09:47:20.833367 	EXP 	progress_bar_breaks: progress = 2.8
2026-08-25_09:47:20.849838 	EXP 	progress_bar_breaks: progress = 2.8
2026-08-25_09:47:20.866680 	EXP 	progress_bar_breaks: progress = 2.8
2026-08-25_09:47:20.883284 	EXP 	progress_bar_breaks: progress = 2.8
2026-08-25_09:47:20.899982 	EXP 	progress_bar_breaks: progress = 2.8
2026-08-25_09:47:20.916784 	EXP 	progress_bar_breaks: progress = 2.8
2026-08-25_09:47:20.933388 	EXP 	progress_bar_breaks: progress = 2.8
2026-08-25_09:47:20.950104 	EXP 	progress_bar_breaks: progress = 2.8
2026-08-25_09:47:20.966719 	EXP 	progress_bar_breaks: progress = 2.8
2026-08-25_09:47:20.983490 	EXP 	progress_bar_breaks: progress = 2.8
2026-08-25_09:47:21.000485 	EXP 	progress_bar_breaks: progress = 2.8
2026-08-25_09:47:21.016748 	EXP 	progress_bar_breaks: progress = 2.8
2026-08-25_09:47:21.033344 	EXP 	progress_bar_breaks: progress = 2.8
2026-08-25_09:47:21.050293 	EXP 	progress_bar_breaks: progress = 2.8
2026-08-25_09:47:21.066648 	EXP 	progress_bar_breaks: progress = 2.8
2026-08-25_09:47:21.083184 	EXP 	progress_bar_breaks: progress = 2.8
2026-08-25_09:47:21.099922 	EXP 	progress_bar_breaks: progress = 2.8
2026-08-25_09:47:21.116424 	EXP 	progress_bar_breaks: progress = 2.8
2026-08-25_09:47:21.133189 	EXP 	progress_bar_breaks: progress = 2.8
2026-08-25_09:47:21.149746 	EXP 	progress_bar_breaks: progress = 2.8
2026-08-25_09:47:21.166381 	EXP 	progress_bar_breaks: progress = 2.8
2026-08-25_09:47:21.183066 	EXP 	progress_bar_breaks: progress = 2.8
2026-08-25_09:47:21.199807 	EXP 	progress_bar_breaks: progress = 2.8
2026-08-25_09:47:21.216455 	EXP 	progress_bar_breaks: progress = 2.8
2026-08-25_09:47:21.233141 	EXP 	progress_bar_breaks: progress = 2.8
2026-08-25_09:47:21.250149 	EXP 	progress_bar_breaks: progress = 2.8
2026-08-25_09:47:21.266727 	EXP 	progress_bar_breaks: progress = 2.8
2026-08-25_09:47:21.283099 	EXP 	progress_bar_breaks: progress = 2.8
2026-08-25_09:47:21.299637 	EXP 	progress_bar_breaks: progress = 2.8
2026-08-25_09:47:21.316404 	EXP 	progress_bar_breaks: progress = 2.8
2026-08-25_09:47:21.333154 	EXP 	progress_bar_breaks: progress = 2.8
2026-08-25_09:47:21.349907 	EXP 	progress_bar_breaks: progress = 2.8
2026-08-25_09:47:21.366414 	EXP 	progress_bar_breaks: progress = 2.8
2026-08-25_09:47:21.383090 	EXP 	progress_bar_breaks: progress = 2.8
2026-08-25_09:47:21.399713 	EXP 	progress_bar_breaks: progress = 2.8
2026-08-25_09:47:21.416316 	EXP 	progress_bar_breaks: progress = 2.8
2026-08-25_09:47:21.433029 	EXP 	progress_bar_breaks: progress = 2.8
2026-08-25_09:47:21.449912 	EXP 	progress_bar_breaks: progress = 2.8
2026-08-25_09:47:21.466371 	EXP 	progress_bar_breaks: progress = 2.8
2026-08-25_09:47:21.483094 	EXP 	progress_bar_breaks: progress = 2.8
2026-08-25_09:47:21.499743 	EXP 	progress_bar_breaks: progress = 2.8
2026-08-25_09:47:21.516878 	EXP 	progress_bar_breaks: progress = 2.8
2026-08-25_09:47:21.533118 	EXP 	progress_bar_breaks: progress = 2.8
2026-08-25_09:47:21.549614 	EXP 	progress_bar_breaks: progress = 2.8
2026-08-25_09:47:21.566267 	EXP 	progress_bar_breaks: progress = 2.8
2026-08-25_09:47:21.583360 	EXP 	progress_bar_breaks: progress = 2.8
2026-08-25_09:47:21.599739 	EXP 	progress_bar_breaks: progress = 2.8
2026-08-25_09:47:21.616306 	EXP 	progress_bar_breaks: progress = 2.8666666666666667
2026-08-25_09:47:21.632948 	EXP 	progress_bar_breaks: progress = 2.8666666666666667
2026-08-25_09:47:21.649623 	EXP 	progress_bar_breaks: progress = 2.8666666666666667
2026-08-25_09:47:21.666314 	EXP 	progress_bar_breaks: progress = 2.8666666666666667
2026-08-25_09:47:21.682936 	EXP 	progress_bar_breaks: progress = 2.8666666666666667
2026-08-25_09:47:21.699673 	EXP 	progress_bar_breaks: progress = 2.8666666666666667
2026-08-25_09:47:21.716401 	EXP 	progress_bar_breaks: progress = 2.8666666666666667
2026-08-25_09:47:21.732921 	EXP 	progress_bar_breaks: progress = 2.8666666666666667
2026-08-25_09:47:21.749790 	EXP 	progress_bar_breaks: progress = 2.8666666666666667
2026-08-25_09:47:21.766215 	EXP 	progress_bar_breaks: progress = 2.8666666666666667
2026-08-25_09:47:21.783040 	EXP 	progress_bar_breaks: progress = 2.8666666666666667
2026-08-25_09:47:21.799489 	EXP 	progress_bar_breaks: progress = 2.8666666666666667
2026-08-25_09:47:21.816156 	EXP 	progress_bar_breaks: progress = 2.8666666666666667
2026-08-25_09:47:21.832881 	EXP 	progress_bar_breaks: progress = 2.8666666666666667
2026-08-25_09:47:21.849489 	EXP 	progress_bar_breaks: progress = 2.8666666666666667
2026-08-25_09:47:21.866203 	EXP 	progress_bar_breaks: progress = 2.8666666666666667
2026-08-25_09:47:21.882838 	EXP 	progress_bar_breaks: progress = 2.8666666666666667
2026-08-25_09:47:21.899486 	EXP 	progress_bar_breaks: progress = 2.8666666666666667
2026-08-25_09:47:21.916161 	EXP 	progress_bar_breaks: progress = 2.8666666666666667
2026-08-25_09:47:21.932892 	EXP 	progress_bar_breaks: progress = 2.8666666666666667
2026-08-25_09:47:21.949831 	EXP 	progress_bar_breaks: progress = 2.8666666666666667
2026-08-25_09:47:21.966267 	EXP 	progress_bar_breaks: progress = 2.8666666666666667
2026-08-25_09:47:21.982979 	EXP 	progress_bar_breaks: progress = 2.8666666666666667
2026-08-25_09:47:21.999492 	EXP 	progress_bar_breaks: progress = 2.8666666666666667
2026-08-25_09:47:22.016131 	EXP 	progress_bar_breaks: progress = 2.8666666666666667
2026-08-25_09:47:22.032832 	EXP 	progress_bar_breaks: progress = 2.8666666666666667
2026-08-25_09:47:22.049462 	EXP 	progress_bar_breaks: progress = 2.8666666666666667
2026-08-25_09:47:22.066371 	EXP 	progress_bar_breaks: progress = 2.8666666666666667
2026-08-25_09:47:22.082908 	EXP 	progress_bar_breaks: progress = 2.8666666666666667
2026-08-25_09:47:22.099643 	EXP 	progress_bar_breaks: progress = 2.8666666666666667
2026-08-25_09:47:22.116518 	EXP 	progress_bar_breaks: progress = 2.8666666666666667
2026-08-25_09:47:22.133232 	EXP 	progress_bar_breaks: progress = 2.8666666666666667
2026-08-25_09:47:22.149689 	EXP 	progress_bar_breaks: progress = 2.8666666666666667
2026-08-25_09:47:22.166435 	EXP 	progress_bar_breaks: progress = 2.8666666666666667
2026-08-25_09:47:22.182963 	EXP 	progress_bar_breaks: progress = 2.8666666666666667
2026-08-25_09:47:22.199671 	EXP 	progress_bar_breaks: progress = 2.8666666666666667
2026-08-25_09:47:22.216261 	EXP 	progress_bar_breaks: progress = 2.8666666666666667
2026-08-25_09:47:22.233338 	EXP 	progress_bar_breaks: progress = 2.8666666666666667
2026-08-25_09:47:22.249997 	EXP 	progress_bar_breaks: progress = 2.8666666666666667
2026-08-25_09:47:22.266311 	EXP 	progress_bar_breaks: progress = 2.8666666666666667
2026-08-25_09:47:22.282983 	EXP 	progress_bar_breaks: progress = 2.8666666666666667
2026-08-25_09:47:22.299387 	EXP 	progress_bar_breaks: progress = 2.8666666666666667
2026-08-25_09:47:22.316028 	EXP 	progress_bar_breaks: progress = 2.8666666666666667
2026-08-25_09:47:22.332692 	EXP 	progress_bar_breaks: progress = 2.8666666666666667
2026-08-25_09:47:22.349395 	EXP 	progress_bar_breaks: progress = 2.8666666666666667
2026-08-25_09:47:22.366042 	EXP 	progress_bar_breaks: progress = 2.8666666666666667
2026-08-25_09:47:22.382727 	EXP 	progress_bar_breaks: progress = 2.8666666666666667
2026-08-25_09:47:22.399383 	EXP 	progress_bar_breaks: progress = 2.8666666666666667
2026-08-25_09:47:22.416093 	EXP 	progress_bar_breaks: progress = 2.8666666666666667
2026-08-25_09:47:22.432736 	EXP 	progress_bar_breaks: progress = 2.8666666666666667
2026-08-25_09:47:22.449387 	EXP 	progress_bar_breaks: progress = 2.8666666666666667
2026-08-25_09:47:22.466448 	EXP 	progress_bar_breaks: progress = 2.8666666666666667
2026-08-25_09:47:22.482631 	EXP 	progress_bar_breaks: progress = 2.8666666666666667
2026-08-25_09:47:22.499159 	EXP 	progress_bar_breaks: progress = 2.8666666666666667
2026-08-25_09:47:22.515832 	EXP 	progress_bar_breaks: progress = 2.8666666666666667
2026-08-25_09:47:22.532674 	EXP 	progress_bar_breaks: progress = 2.8666666666666667
2026-08-25_09:47:22.549354 	EXP 	progress_bar_breaks: progress = 2.8666666666666667
2026-08-25_09:47:22.565916 	EXP 	progress_bar_breaks: progress = 2.8666666666666667
2026-08-25_09:47:22.582584 	EXP 	progress_bar_breaks: progress = 2.8666666666666667
2026-08-25_09:47:22.599266 	EXP 	progress_bar_breaks: progress = 2.8666666666666667
2026-08-25_09:47:22.615814 	EXP 	progress_bar_breaks: progress = 2.9333333333333336
2026-08-25_09:47:22.632578 	EXP 	progress_bar_breaks: progress = 2.9333333333333336
2026-08-25_09:47:22.649159 	EXP 	progress_bar_breaks: progress = 2.9333333333333336
2026-08-25_09:47:22.665930 	EXP 	progress_bar_breaks: progress = 2.9333333333333336
2026-08-25_09:47:22.682588 	EXP 	progress_bar_breaks: progress = 2.9333333333333336
2026-08-25_09:47:22.699210 	EXP 	progress_bar_breaks: progress = 2.9333333333333336
2026-08-25_09:47:22.715837 	EXP 	progress_bar_breaks: progress = 2.9333333333333336
2026-08-25_09:47:22.732627 	EXP 	progress_bar_breaks: progress = 2.9333333333333336
2026-08-25_09:47:22.749211 	EXP 	progress_bar_breaks: progress = 2.9333333333333336
2026-08-25_09:47:22.765844 	EXP 	progress_bar_breaks: progress = 2.9333333333333336
2026-08-25_09:47:22.782655 	EXP 	progress_bar_breaks: progress = 2.9333333333333336
2026-08-25_09:47:22.799099 	EXP 	progress_bar_breaks: progress = 2.9333333333333336
2026-08-25_09:47:22.815898 	EXP 	progress_bar_breaks: progress = 2.9333333333333336
2026-08-25_09:47:22.832480 	EXP 	progress_bar_breaks: progress = 2.9333333333333336
2026-08-25_09:47:22.849052 	EXP 	progress_bar_breaks: progress = 2.9333333333333336
2026-08-25_09:47:22.865792 	EXP 	progress_bar_breaks: progress = 2.9333333333333336
2026-08-25_09:47:22.882559 	EXP 	progress_bar_breaks: progress = 2.9333333333333336
2026-08-25_09:47:22.899166 	EXP 	progress_bar_breaks: progress = 2.9333333333333336
2026-08-25_09:47:22.915817 	EXP 	progress_bar_breaks: progress = 2.9333333333333336
2026-08-25_09:47:22.932520 	EXP 	progress_bar_breaks: progress = 2.9333333333333336
2026-08-25_09:47:22.949218 	EXP 	progress_bar_breaks: progress = 2.9333333333333336
2026-08-25_09:47:22.965858 	EXP 	progress_bar_breaks: progress = 2.9333333333333336
2026-08-25_09:47:22.982581 	EXP 	progress_bar_breaks: progress = 2.9333333333333336
2026-08-25_09:47:22.999556 	EXP 	progress_bar_breaks: progress = 2.9333333333333336
2026-08-25_09:47:23.015791 	EXP 	progress_bar_breaks: progress = 2.9333333333333336
2026-08-25_09:47:23.032473 	EXP 	progress_bar_breaks: progress = 2.9333333333333336
2026-08-25_09:47:23.049134 	EXP 	progress_bar_breaks: progress = 2.9333333333333336
2026-08-25_09:47:23.065794 	EXP 	progress_bar_breaks: progress = 2.9333333333333336
2026-08-25_09:47:23.082546 	EXP 	progress_bar_breaks: progress = 2.9333333333333336
2026-08-25_09:47:23.099062 	EXP 	progress_bar_breaks: progress = 2.9333333333333336
2026-08-25_09:47:23.115698 	EXP 	progress_bar_breaks: progress = 2.9333333333333336
2026-08-25_09:47:23.132452 	EXP 	progress_bar_breaks: progress = 2.9333333333333336
2026-08-25_09:47:23.149103 	EXP 	progress_bar_breaks: progress = 2.9333333333333336
2026-08-25_09:47:23.165686 	EXP 	progress_bar_breaks: progress = 2.9333333333333336
2026-08-25_09:47:23.182349 	EXP 	progress_bar_breaks: progress = 2.9333333333333336
2026-08-25_09:47:23.199013 	EXP 	progress_bar_breaks: progress = 2.9333333333333336
2026-08-25_09:47:23.215775 	EXP 	progress_bar_breaks: progress = 2.9333333333333336
2026-08-25_09:47:23.232426 	EXP 	progress_bar_breaks: progress = 2.9333333333333336
2026-08-25_09:47:23.249179 	EXP 	progress_bar_breaks: progress = 2.9333333333333336
2026-08-25_09:47:23.266078 	EXP 	progress_bar_breaks: progress = 2.9333333333333336
2026-08-25_09:47:23.282572 	EXP 	progress_bar_breaks: progress = 2.9333333333333336
2026-08-25_09:47:23.299313 	EXP 	progress_bar_breaks: progress = 2.9333333333333336
2026-08-25_09:47:23.316027 	EXP 	progress_bar_breaks: progress = 2.9333333333333336
2026-08-25_09:47:23.332646 	EXP 	progress_bar_breaks: progress = 2.9333333333333336
2026-08-25_09:47:23.349357 	EXP 	progress_bar_breaks: progress = 2.9333333333333336
2026-08-25_09:47:23.366072 	EXP 	progress_bar_breaks: progress = 2.9333333333333336
2026-08-25_09:47:23.382664 	EXP 	progress_bar_breaks: progress = 2.9333333333333336
2026-08-25_09:47:23.399175 	EXP 	progress_bar_breaks: progress = 2.9333333333333336
2026-08-25_09:47:23.416010 	EXP 	progress_bar_breaks: progress = 2.9333333333333336
2026-08-25_09:47:23.432471 	EXP 	progress_bar_breaks: progress = 2.9333333333333336
2026-08-25_09:47:23.449069 	EXP 	progress_bar_breaks: progress = 2.9333333333333336
2026-08-25_09:47:23.465879 	EXP 	progress_bar_breaks: progress = 2.9333333333333336
2026-08-25_09:47:23.482722 	EXP 	progress_bar_breaks: progress = 2.9333333333333336
2026-08-25_09:47:23.499081 	EXP 	progress_bar_breaks: progress = 2.9333333333333336
2026-08-25_09:47:23.515617 	EXP 	progress_bar_breaks: progress = 2.9333333333333336
2026-08-25_09:47:23.532323 	EXP 	progress_bar_breaks: progress = 2.9333333333333336
2026-08-25_09:47:23.548980 	EXP 	progress_bar_breaks: progress = 2.9333333333333336
2026-08-25_09:47:23.565586 	EXP 	progress_bar_breaks: progress = 2.9333333333333336
2026-08-25_09:47:23.582282 	EXP 	progress_bar_breaks: progress = 2.9333333333333336
2026-08-25_09:47:23.598865 	EXP 	progress_bar_breaks: progress = 2.9333333333333336
2026-08-25_09:47:23.615655 	EXP 	progress_bar_breaks: progress = 3.0
2026-08-25_09:47:23.632267 	EXP 	progress_bar_breaks: progress = 3.0
2026-08-25_09:47:23.648950 	EXP 	progress_bar_breaks: progress = 3.0
2026-08-25_09:47:23.665611 	EXP 	progress_bar_breaks: progress = 3.0
2026-08-25_09:47:23.682244 	EXP 	progress_bar_breaks: progress = 3.0
2026-08-25_09:47:23.698812 	EXP 	progress_bar_breaks: progress = 3.0
2026-08-25_09:47:23.715516 	EXP 	progress_bar_breaks: progress = 3.0
2026-08-25_09:47:23.732318 	EXP 	progress_bar_breaks: progress = 3.0
2026-08-25_09:47:23.748889 	EXP 	progress_bar_breaks: progress = 3.0
2026-08-25_09:47:23.765519 	EXP 	progress_bar_breaks: progress = 3.0
2026-08-25_09:47:23.782230 	EXP 	progress_bar_breaks: progress = 3.0
2026-08-25_09:47:23.799009 	EXP 	progress_bar_breaks: progress = 3.0
2026-08-25_09:47:23.815547 	EXP 	progress_bar_breaks: progress = 3.0
2026-08-25_09:47:23.832154 	EXP 	progress_bar_breaks: progress = 3.0
2026-08-25_09:47:23.848846 	EXP 	progress_bar_breaks: progress = 3.0
2026-08-25_09:47:23.865433 	EXP 	progress_bar_breaks: progress = 3.0
2026-08-25_09:47:23.882360 	EXP 	progress_bar_breaks: progress = 3.0
2026-08-25_09:47:23.898771 	EXP 	progress_bar_breaks: progress = 3.0
2026-08-25_09:47:23.915442 	EXP 	progress_bar_breaks: progress = 3.0
2026-08-25_09:47:23.932104 	EXP 	progress_bar_breaks: progress = 3.0
2026-08-25_09:47:23.948807 	EXP 	progress_bar_breaks: progress = 3.0
2026-08-25_09:47:23.965556 	EXP 	progress_bar_breaks: progress = 3.0
2026-08-25_09:47:23.982233 	EXP 	progress_bar_breaks: progress = 3.0
2026-08-25_09:47:23.998888 	EXP 	progress_bar_breaks: progress = 3.0
2026-08-25_09:47:24.015492 	EXP 	progress_bar_breaks: progress = 3.0
2026-08-25_09:47:24.032193 	EXP 	progress_bar_breaks: progress = 3.0
2026-08-25_09:47:24.048810 	EXP 	progress_bar_breaks: progress = 3.0
2026-08-25_09:47:24.065924 	EXP 	progress_bar_breaks: progress = 3.0
2026-08-25_09:47:24.082243 	EXP 	progress_bar_breaks: progress = 3.0
2026-08-25_09:47:24.098850 	EXP 	progress_bar_breaks: progress = 3.0
2026-08-25_09:47:24.115356 	EXP 	progress_bar_breaks: progress = 3.0
2026-08-25_09:47:24.132066 	EXP 	progress_bar_breaks: progress = 3.0
2026-08-25_09:47:24.148860 	EXP 	progress_bar_breaks: progress = 3.0
2026-08-25_09:47:24.165411 	EXP 	progress_bar_breaks: progress = 3.0
2026-08-25_09:47:24.182133 	EXP 	progress_bar_breaks: progress = 3.0
2026-08-25_09:47:24.198752 	EXP 	progress_bar_breaks: progress = 3.0
2026-08-25_09:47:24.215442 	EXP 	progress_bar_breaks: progress = 3.0
2026-08-25_09:47:24.232006 	EXP 	progress_bar_breaks: progress = 3.0
2026-08-25_09:47:24.248708 	EXP 	progress_bar_breaks: progress = 3.0
2026-08-25_09:47:24.265492 	EXP 	progress_bar_breaks: progress = 3.0
2026-08-25_09:47:24.282175 	EXP 	progress_bar_breaks: progress = 3.0
2026-08-25_09:47:24.298746 	EXP 	progress_bar_breaks: progress = 3.0
2026-08-25_09:47:24.315333 	EXP 	progress_bar_breaks: progress = 3.0
2026-08-25_09:47:24.332017 	EXP 	progress_bar_breaks: progress = 3.0
2026-08-25_09:47:24.348790 	EXP 	progress_bar_breaks: progress = 3.0
2026-08-25_09:47:24.365468 	EXP 	progress_bar_breaks: progress = 3.0
2026-08-25_09:47:24.382123 	EXP 	progress_bar_breaks: progress = 3.0
2026-08-25_09:47:24.398589 	EXP 	progress_bar_breaks: progress = 3.0
2026-08-25_09:47:24.415323 	EXP 	progress_bar_breaks: progress = 3.0
2026-08-25_09:47:24.432789 	EXP 	progress_bar_breaks: progress = 3.0
2026-08-25_09:47:24.448983 	EXP 	progress_bar_breaks: progress = 3.0
2026-08-25_09:47:24.465594 	EXP 	progress_bar_breaks: progress = 3.0
2026-08-25_09:47:24.482375 	EXP 	progress_bar_breaks: progress = 3.0
2026-08-25_09:47:24.499149 	EXP 	progress_bar_breaks: progress = 3.0
2026-08-25_09:47:24.515468 	EXP 	progress_bar_breaks: progress = 3.0
2026-08-25_09:47:24.532189 	EXP 	progress_bar_breaks: progress = 3.0
2026-08-25_09:47:24.548882 	EXP 	progress_bar_breaks: progress = 3.0
2026-08-25_09:47:24.565673 	EXP 	progress_bar_breaks: progress = 3.0
2026-08-25_09:47:24.582310 	EXP 	progress_bar_breaks: progress = 3.0
2026-08-25_09:47:24.598900 	EXP 	progress_bar_breaks: progress = 3.0
2026-08-25_09:47:24.615510 	EXP 	progress_bar_breaks: progress = 3.066666666666667
2026-08-25_09:47:24.632277 	EXP 	progress_bar_breaks: progress = 3.066666666666667
2026-08-25_09:47:24.648779 	EXP 	progress_bar_breaks: progress = 3.066666666666667
2026-08-25_09:47:24.665530 	EXP 	progress_bar_breaks: progress = 3.066666666666667
2026-08-25_09:47:24.682086 	EXP 	progress_bar_breaks: progress = 3.066666666666667
2026-08-25_09:47:24.698605 	EXP 	progress_bar_breaks: progress = 3.066666666666667
2026-08-25_09:47:24.715267 	EXP 	progress_bar_breaks: progress = 3.066666666666667
2026-08-25_09:47:24.731864 	EXP 	progress_bar_breaks: progress = 3.066666666666667
2026-08-25_09:47:24.748661 	EXP 	progress_bar_breaks: progress = 3.066666666666667
2026-08-25_09:47:24.765208 	EXP 	progress_bar_breaks: progress = 3.066666666666667
2026-08-25_09:47:24.781820 	EXP 	progress_bar_breaks: progress = 3.066666666666667
2026-08-25_09:47:24.798578 	EXP 	progress_bar_breaks: progress = 3.066666666666667
2026-08-25_09:47:24.815198 	EXP 	progress_bar_breaks: progress = 3.066666666666667
2026-08-25_09:47:24.831950 	EXP 	progress_bar_breaks: progress = 3.066666666666667
2026-08-25_09:47:24.848602 	EXP 	progress_bar_breaks: progress = 3.066666666666667
2026-08-25_09:47:24.865269 	EXP 	progress_bar_breaks: progress = 3.066666666666667
2026-08-25_09:47:24.882136 	EXP 	progress_bar_breaks: progress = 3.066666666666667
2026-08-25_09:47:24.898817 	EXP 	progress_bar_breaks: progress = 3.066666666666667
2026-08-25_09:47:24.915228 	EXP 	progress_bar_breaks: progress = 3.066666666666667
2026-08-25_09:47:24.931888 	EXP 	progress_bar_breaks: progress = 3.066666666666667
2026-08-25_09:47:24.948481 	EXP 	progress_bar_breaks: progress = 3.066666666666667
2026-08-25_09:47:24.965200 	EXP 	progress_bar_breaks: progress = 3.066666666666667
2026-08-25_09:47:24.981806 	EXP 	progress_bar_breaks: progress = 3.066666666666667
2026-08-25_09:47:24.998684 	EXP 	progress_bar_breaks: progress = 3.066666666666667
2026-08-25_09:47:25.015234 	EXP 	progress_bar_breaks: progress = 3.066666666666667
2026-08-25_09:47:25.031862 	EXP 	progress_bar_breaks: progress = 3.066666666666667
2026-08-25_09:47:25.048487 	EXP 	progress_bar_breaks: progress = 3.066666666666667
2026-08-25_09:47:25.065127 	EXP 	progress_bar_breaks: progress = 3.066666666666667
2026-08-25_09:47:25.081823 	EXP 	progress_bar_breaks: progress = 3.066666666666667
2026-08-25_09:47:25.098515 	EXP 	progress_bar_breaks: progress = 3.066666666666667
2026-08-25_09:47:25.115161 	EXP 	progress_bar_breaks: progress = 3.066666666666667
2026-08-25_09:47:25.131799 	EXP 	progress_bar_breaks: progress = 3.066666666666667
2026-08-25_09:47:25.148496 	EXP 	progress_bar_breaks: progress = 3.066666666666667
2026-08-25_09:47:25.165143 	EXP 	progress_bar_breaks: progress = 3.066666666666667
2026-08-25_09:47:25.181818 	EXP 	progress_bar_breaks: progress = 3.066666666666667
2026-08-25_09:47:25.198347 	EXP 	progress_bar_breaks: progress = 3.066666666666667
2026-08-25_09:47:25.215095 	EXP 	progress_bar_breaks: progress = 3.066666666666667
2026-08-25_09:47:25.231706 	EXP 	progress_bar_breaks: progress = 3.066666666666667
2026-08-25_09:47:25.248419 	EXP 	progress_bar_breaks: progress = 3.066666666666667
2026-08-25_09:47:25.264997 	EXP 	progress_bar_breaks: progress = 3.066666666666667
2026-08-25_09:47:25.281831 	EXP 	progress_bar_breaks: progress = 3.066666666666667
2026-08-25_09:47:25.298352 	EXP 	progress_bar_breaks: progress = 3.066666666666667
2026-08-25_09:47:25.315104 	EXP 	progress_bar_breaks: progress = 3.066666666666667
2026-08-25_09:47:25.331865 	EXP 	progress_bar_breaks: progress = 3.066666666666667
2026-08-25_09:47:25.348490 	EXP 	progress_bar_breaks: progress = 3.066666666666667
2026-08-25_09:47:25.365062 	EXP 	progress_bar_breaks: progress = 3.066666666666667
2026-08-25_09:47:25.381753 	EXP 	progress_bar_breaks: progress = 3.066666666666667
2026-08-25_09:47:25.398404 	EXP 	progress_bar_breaks: progress = 3.066666666666667
2026-08-25_09:47:25.414992 	EXP 	progress_bar_breaks: progress = 3.066666666666667
2026-08-25_09:47:25.431762 	EXP 	progress_bar_breaks: progress = 3.066666666666667
2026-08-25_09:47:25.448502 	EXP 	progress_bar_breaks: progress = 3.066666666666667
2026-08-25_09:47:25.465167 	EXP 	progress_bar_breaks: progress = 3.066666666666667
2026-08-25_09:47:25.481642 	EXP 	progress_bar_breaks: progress = 3.066666666666667
2026-08-25_09:47:25.498246 	EXP 	progress_bar_breaks: progress = 3.066666666666667
2026-08-25_09:47:25.514994 	EXP 	progress_bar_breaks: progress = 3.066666666666667
2026-08-25_09:47:25.531693 	EXP 	progress_bar_breaks: progress = 3.066666666666667
2026-08-25_09:47:25.548384 	EXP 	progress_bar_breaks: progress = 3.066666666666667
2026-08-25_09:47:25.564889 	EXP 	progress_bar_breaks: progress = 3.066666666666667
2026-08-25_09:47:25.581635 	EXP 	progress_bar_breaks: progress = 3.066666666666667
2026-08-25_09:47:25.598337 	EXP 	progress_bar_breaks: progress = 3.066666666666667
2026-08-25_09:47:25.615092 	EXP 	progress_bar_breaks: progress = 3.1333333333333333
2026-08-25_09:47:25.631660 	EXP 	progress_bar_breaks: progress = 3.1333333333333333
2026-08-25_09:47:25.648567 	EXP 	progress_bar_breaks: progress = 3.1333333333333333
2026-08-25_09:47:25.665553 	EXP 	progress_bar_breaks: progress = 3.1333333333333333
2026-08-25_09:47:25.682141 	EXP 	progress_bar_breaks: progress = 3.1333333333333333
2026-08-25_09:47:25.698929 	EXP 	progress_bar_breaks: progress = 3.1333333333333333
2026-08-25_09:47:25.715264 	EXP 	progress_bar_breaks: progress = 3.1333333333333333
2026-08-25_09:47:25.731782 	EXP 	progress_bar_breaks: progress = 3.1333333333333333
2026-08-25_09:47:25.748541 	EXP 	progress_bar_breaks: progress = 3.1333333333333333
2026-08-25_09:47:25.765149 	EXP 	progress_bar_breaks: progress = 3.1333333333333333
2026-08-25_09:47:25.781928 	EXP 	progress_bar_breaks: progress = 3.1333333333333333
2026-08-25_09:47:25.798575 	EXP 	progress_bar_breaks: progress = 3.1333333333333333
2026-08-25_09:47:25.815120 	EXP 	progress_bar_breaks: progress = 3.1333333333333333
2026-08-25_09:47:25.831677 	EXP 	progress_bar_breaks: progress = 3.1333333333333333
2026-08-25_09:47:25.848258 	EXP 	progress_bar_breaks: progress = 3.1333333333333333
2026-08-25_09:47:25.865103 	EXP 	progress_bar_breaks: progress = 3.1333333333333333
2026-08-25_09:47:25.881605 	EXP 	progress_bar_breaks: progress = 3.1333333333333333
2026-08-25_09:47:25.898269 	EXP 	progress_bar_breaks: progress = 3.1333333333333333
2026-08-25_09:47:25.914842 	EXP 	progress_bar_breaks: progress = 3.1333333333333333
2026-08-25_09:47:25.932078 	EXP 	progress_bar_breaks: progress = 3.1333333333333333
2026-08-25_09:47:25.948248 	EXP 	progress_bar_breaks: progress = 3.1333333333333333
2026-08-25_09:47:25.964878 	EXP 	progress_bar_breaks: progress = 3.1333333333333333
2026-08-25_09:47:25.981487 	EXP 	progress_bar_breaks: progress = 3.1333333333333333
2026-08-25_09:47:25.998143 	EXP 	progress_bar_breaks: progress = 3.1333333333333333
2026-08-25_09:47:26.014851 	EXP 	progress_bar_breaks: progress = 3.1333333333333333
2026-08-25_09:47:26.031448 	EXP 	progress_bar_breaks: progress = 3.1333333333333333
2026-08-25_09:47:26.048204 	EXP 	progress_bar_breaks: progress = 3.1333333333333333
2026-08-25_09:47:26.064731 	EXP 	progress_bar_breaks: progress = 3.1333333333333333
2026-08-25_09:47:26.081443 	EXP 	progress_bar_breaks: progress = 3.1333333333333333
2026-08-25_09:47:26.098104 	EXP 	progress_bar_breaks: progress = 3.1333333333333333
2026-08-25_09:47:26.114848 	EXP 	progress_bar_breaks: progress = 3.1333333333333333
2026-08-25_09:47:26.131473 	EXP 	progress_bar_breaks: progress = 3.1333333333333333
2026-08-25_09:47:26.148189 	EXP 	progress_bar_breaks: progress = 3.1333333333333333
2026-08-25_09:47:26.164748 	EXP 	progress_bar_breaks: progress = 3.1333333333333333
2026-08-25_09:47:26.181524 	EXP 	progress_bar_breaks: progress = 3.1333333333333333
2026-08-25_09:47:26.198142 	EXP 	progress_bar_breaks: progress = 3.1333333333333333
2026-08-25_09:47:26.214851 	EXP 	progress_bar_breaks: progress = 3.1333333333333333
2026-08-25_09:47:26.231532 	EXP 	progress_bar_breaks: progress = 3.1333333333333333
2026-08-25_09:47:26.248115 	EXP 	progress_bar_breaks: progress = 3.1333333333333333
2026-08-25_09:47:26.264668 	EXP 	progress_bar_breaks: progress = 3.1333333333333333
2026-08-25_09:47:26.281521 	EXP 	progress_bar_breaks: progress = 3.1333333333333333
2026-08-25_09:47:26.298090 	EXP 	progress_bar_breaks: progress = 3.1333333333333333
2026-08-25_09:47:26.314762 	EXP 	progress_bar_breaks: progress = 3.1333333333333333
2026-08-25_09:47:26.331425 	EXP 	progress_bar_breaks: progress = 3.1333333333333333
2026-08-25_09:47:26.348034 	EXP 	progress_bar_breaks: progress = 3.1333333333333333
2026-08-25_09:47:26.364768 	EXP 	progress_bar_breaks: progress = 3.1333333333333333
2026-08-25_09:47:26.381386 	EXP 	progress_bar_breaks: progress = 3.1333333333333333
2026-08-25_09:47:26.398015 	EXP 	progress_bar_breaks: progress = 3.1333333333333333
2026-08-25_09:47:26.414724 	EXP 	progress_bar_breaks: progress = 3.1333333333333333
2026-08-25_09:47:26.431518 	EXP 	progress_bar_breaks: progress = 3.1333333333333333
2026-08-25_09:47:26.448028 	EXP 	progress_bar_breaks: progress = 3.1333333333333333
2026-08-25_09:47:26.465009 	EXP 	progress_bar_breaks: progress = 3.1333333333333333
2026-08-25_09:47:26.481428 	EXP 	progress_bar_breaks: progress = 3.1333333333333333
2026-08-25_09:47:26.498325 	EXP 	progress_bar_breaks: progress = 3.1333333333333333
2026-08-25_09:47:26.514675 	EXP 	progress_bar_breaks: progress = 3.1333333333333333
2026-08-25_09:47:26.531354 	EXP 	progress_bar_breaks: progress = 3.1333333333333333
2026-08-25_09:47:26.547957 	EXP 	progress_bar_breaks: progress = 3.1333333333333333
2026-08-25_09:47:26.564620 	EXP 	progress_bar_breaks: progress = 3.1333333333333333
2026-08-25_09:47:26.581287 	EXP 	progress_bar_breaks: progress = 3.1333333333333333
2026-08-25_09:47:26.598004 	EXP 	progress_bar_breaks: progress = 3.1333333333333333
2026-08-25_09:47:26.614607 	EXP 	progress_bar_breaks: progress = 3.2
2026-08-25_09:47:26.631251 	EXP 	progress_bar_breaks: progress = 3.2
2026-08-25_09:47:26.648014 	EXP 	progress_bar_breaks: progress = 3.2
2026-08-25_09:47:26.664887 	EXP 	progress_bar_breaks: progress = 3.2
2026-08-25_09:47:26.681302 	EXP 	progress_bar_breaks: progress = 3.2
2026-08-25_09:47:26.698013 	EXP 	progress_bar_breaks: progress = 3.2
2026-08-25_09:47:26.714680 	EXP 	progress_bar_breaks: progress = 3.2
2026-08-25_09:47:26.730729 	EXP 	progress_bar_breaks: progress = 3.2
2026-08-25_09:47:26.747966 	EXP 	progress_bar_breaks: progress = 3.2
2026-08-25_09:47:26.764632 	EXP 	progress_bar_breaks: progress = 3.2
2026-08-25_09:47:26.781523 	EXP 	progress_bar_breaks: progress = 3.2
2026-08-25_09:47:26.797935 	EXP 	progress_bar_breaks: progress = 3.2
2026-08-25_09:47:26.814629 	EXP 	progress_bar_breaks: progress = 3.2
2026-08-25_09:47:26.831321 	EXP 	progress_bar_breaks: progress = 3.2
2026-08-25_09:47:26.848059 	EXP 	progress_bar_breaks: progress = 3.2
2026-08-25_09:47:26.864786 	EXP 	progress_bar_breaks: progress = 3.2
2026-08-25_09:47:26.881646 	EXP 	progress_bar_breaks: progress = 3.2
2026-08-25_09:47:26.898165 	EXP 	progress_bar_breaks: progress = 3.2
2026-08-25_09:47:26.914783 	EXP 	progress_bar_breaks: progress = 3.2
2026-08-25_09:47:26.931769 	EXP 	progress_bar_breaks: progress = 3.2
2026-08-25_09:47:26.948223 	EXP 	progress_bar_breaks: progress = 3.2
2026-08-25_09:47:26.965649 	EXP 	progress_bar_breaks: progress = 3.2
2026-08-25_09:47:26.981402 	EXP 	progress_bar_breaks: progress = 3.2
2026-08-25_09:47:26.998148 	EXP 	progress_bar_breaks: progress = 3.2
2026-08-25_09:47:27.014648 	EXP 	progress_bar_breaks: progress = 3.2
2026-08-25_09:47:27.031245 	EXP 	progress_bar_breaks: progress = 3.2
2026-08-25_09:47:27.048132 	EXP 	progress_bar_breaks: progress = 3.2
2026-08-25_09:47:27.064528 	EXP 	progress_bar_breaks: progress = 3.2
2026-08-25_09:47:27.081202 	EXP 	progress_bar_breaks: progress = 3.2
2026-08-25_09:47:27.097691 	EXP 	progress_bar_breaks: progress = 3.2
2026-08-25_09:47:27.114470 	EXP 	progress_bar_breaks: progress = 3.2
2026-08-25_09:47:27.131168 	EXP 	progress_bar_breaks: progress = 3.2
2026-08-25_09:47:27.147955 	EXP 	progress_bar_breaks: progress = 3.2
2026-08-25_09:47:27.164556 	EXP 	progress_bar_breaks: progress = 3.2
2026-08-25_09:47:27.181309 	EXP 	progress_bar_breaks: progress = 3.2
2026-08-25_09:47:27.198044 	EXP 	progress_bar_breaks: progress = 3.2
2026-08-25_09:47:27.214534 	EXP 	progress_bar_breaks: progress = 3.2
2026-08-25_09:47:27.231164 	EXP 	progress_bar_breaks: progress = 3.2
2026-08-25_09:47:27.247729 	EXP 	progress_bar_breaks: progress = 3.2
2026-08-25_09:47:27.264377 	EXP 	progress_bar_breaks: progress = 3.2
2026-08-25_09:47:27.281157 	EXP 	progress_bar_breaks: progress = 3.2
2026-08-25_09:47:27.297961 	EXP 	progress_bar_breaks: progress = 3.2
2026-08-25_09:47:27.314466 	EXP 	progress_bar_breaks: progress = 3.2
2026-08-25_09:47:27.331097 	EXP 	progress_bar_breaks: progress = 3.2
2026-08-25_09:47:27.347749 	EXP 	progress_bar_breaks: progress = 3.2
2026-08-25_09:47:27.364656 	EXP 	progress_bar_breaks: progress = 3.2
2026-08-25_09:47:27.381212 	EXP 	progress_bar_breaks: progress = 3.2
2026-08-25_09:47:27.397775 	EXP 	progress_bar_breaks: progress = 3.2
2026-08-25_09:47:27.414773 	EXP 	progress_bar_breaks: progress = 3.2
2026-08-25_09:47:27.431422 	EXP 	progress_bar_breaks: progress = 3.2
2026-08-25_09:47:27.448205 	EXP 	progress_bar_breaks: progress = 3.2
2026-08-25_09:47:27.464560 	EXP 	progress_bar_breaks: progress = 3.2
2026-08-25_09:47:27.481076 	EXP 	progress_bar_breaks: progress = 3.2
2026-08-25_09:47:27.497793 	EXP 	progress_bar_breaks: progress = 3.2
2026-08-25_09:47:27.514332 	EXP 	progress_bar_breaks: progress = 3.2
2026-08-25_09:47:27.531131 	EXP 	progress_bar_breaks: progress = 3.2
2026-08-25_09:47:27.547656 	EXP 	progress_bar_breaks: progress = 3.2
2026-08-25_09:47:27.564416 	EXP 	progress_bar_breaks: progress = 3.2
2026-08-25_09:47:27.581102 	EXP 	progress_bar_breaks: progress = 3.2
2026-08-25_09:47:27.597681 	EXP 	progress_bar_breaks: progress = 3.2
2026-08-25_09:47:27.614422 	EXP 	progress_bar_breaks: progress = 3.2666666666666666
2026-08-25_09:47:27.631077 	EXP 	progress_bar_breaks: progress = 3.2666666666666666
2026-08-25_09:47:27.647681 	EXP 	progress_bar_breaks: progress = 3.2666666666666666
2026-08-25_09:47:27.664497 	EXP 	progress_bar_breaks: progress = 3.2666666666666666
2026-08-25_09:47:27.681093 	EXP 	progress_bar_breaks: progress = 3.2666666666666666
2026-08-25_09:47:27.697644 	EXP 	progress_bar_breaks: progress = 3.2666666666666666
2026-08-25_09:47:27.714430 	EXP 	progress_bar_breaks: progress = 3.2666666666666666
2026-08-25_09:47:27.731299 	EXP 	progress_bar_breaks: progress = 3.2666666666666666
2026-08-25_09:47:27.747759 	EXP 	progress_bar_breaks: progress = 3.2666666666666666
2026-08-25_09:47:27.764352 	EXP 	progress_bar_breaks: progress = 3.2666666666666666
2026-08-25_09:47:27.781028 	EXP 	progress_bar_breaks: progress = 3.2666666666666666
2026-08-25_09:47:27.797621 	EXP 	progress_bar_breaks: progress = 3.2666666666666666
2026-08-25_09:47:27.814389 	EXP 	progress_bar_breaks: progress = 3.2666666666666666
2026-08-25_09:47:27.831258 	EXP 	progress_bar_breaks: progress = 3.2666666666666666
2026-08-25_09:47:27.847744 	EXP 	progress_bar_breaks: progress = 3.2666666666666666
2026-08-25_09:47:27.864558 	EXP 	progress_bar_breaks: progress = 3.2666666666666666
2026-08-25_09:47:27.881088 	EXP 	progress_bar_breaks: progress = 3.2666666666666666
2026-08-25_09:47:27.897887 	EXP 	progress_bar_breaks: progress = 3.2666666666666666
2026-08-25_09:47:27.914984 	EXP 	progress_bar_breaks: progress = 3.2666666666666666
2026-08-25_09:47:27.931270 	EXP 	progress_bar_breaks: progress = 3.2666666666666666
2026-08-25_09:47:27.947751 	EXP 	progress_bar_breaks: progress = 3.2666666666666666
2026-08-25_09:47:27.964385 	EXP 	progress_bar_breaks: progress = 3.2666666666666666
2026-08-25_09:47:27.980946 	EXP 	progress_bar_breaks: progress = 3.2666666666666666
2026-08-25_09:47:27.997973 	EXP 	progress_bar_breaks: progress = 3.2666666666666666
2026-08-25_09:47:28.014389 	EXP 	progress_bar_breaks: progress = 3.2666666666666666
2026-08-25_09:47:28.031101 	EXP 	progress_bar_breaks: progress = 3.2666666666666666
2026-08-25_09:47:28.047831 	EXP 	progress_bar_breaks: progress = 3.2666666666666666
2026-08-25_09:47:28.064659 	EXP 	progress_bar_breaks: progress = 3.2666666666666666
2026-08-25_09:47:28.081347 	EXP 	progress_bar_breaks: progress = 3.2666666666666666
2026-08-25_09:47:28.097868 	EXP 	progress_bar_breaks: progress = 3.2666666666666666
2026-08-25_09:47:28.114581 	EXP 	progress_bar_breaks: progress = 3.2666666666666666
2026-08-25_09:47:28.131287 	EXP 	progress_bar_breaks: progress = 3.2666666666666666
2026-08-25_09:47:28.147793 	EXP 	progress_bar_breaks: progress = 3.2666666666666666
2026-08-25_09:47:28.164518 	EXP 	progress_bar_breaks: progress = 3.2666666666666666
2026-08-25_09:47:28.181223 	EXP 	progress_bar_breaks: progress = 3.2666666666666666
2026-08-25_09:47:28.197922 	EXP 	progress_bar_breaks: progress = 3.2666666666666666
2026-08-25_09:47:28.214455 	EXP 	progress_bar_breaks: progress = 3.2666666666666666
2026-08-25_09:47:28.231073 	EXP 	progress_bar_breaks: progress = 3.2666666666666666
2026-08-25_09:47:28.247973 	EXP 	progress_bar_breaks: progress = 3.2666666666666666
2026-08-25_09:47:28.264470 	EXP 	progress_bar_breaks: progress = 3.2666666666666666
2026-08-25_09:47:28.281352 	EXP 	progress_bar_breaks: progress = 3.2666666666666666
2026-08-25_09:47:28.297654 	EXP 	progress_bar_breaks: progress = 3.2666666666666666
2026-08-25_09:47:28.314340 	EXP 	progress_bar_breaks: progress = 3.2666666666666666
2026-08-25_09:47:28.331082 	EXP 	progress_bar_breaks: progress = 3.2666666666666666
2026-08-25_09:47:28.347532 	EXP 	progress_bar_breaks: progress = 3.2666666666666666
2026-08-25_09:47:28.364251 	EXP 	progress_bar_breaks: progress = 3.2666666666666666
2026-08-25_09:47:28.380985 	EXP 	progress_bar_breaks: progress = 3.2666666666666666
2026-08-25_09:47:28.397575 	EXP 	progress_bar_breaks: progress = 3.2666666666666666
2026-08-25_09:47:28.414194 	EXP 	progress_bar_breaks: progress = 3.2666666666666666
2026-08-25_09:47:28.430925 	EXP 	progress_bar_breaks: progress = 3.2666666666666666
2026-08-25_09:47:28.447544 	EXP 	progress_bar_breaks: progress = 3.2666666666666666
2026-08-25_09:47:28.464193 	EXP 	progress_bar_breaks: progress = 3.2666666666666666
2026-08-25_09:47:28.480905 	EXP 	progress_bar_breaks: progress = 3.2666666666666666
2026-08-25_09:47:28.497531 	EXP 	progress_bar_breaks: progress = 3.2666666666666666
2026-08-25_09:47:28.514262 	EXP 	progress_bar_breaks: progress = 3.2666666666666666
2026-08-25_09:47:28.531052 	EXP 	progress_bar_breaks: progress = 3.2666666666666666
2026-08-25_09:47:28.547917 	EXP 	progress_bar_breaks: progress = 3.2666666666666666
2026-08-25_09:47:28.564287 	EXP 	progress_bar_breaks: progress = 3.2666666666666666
2026-08-25_09:47:28.581011 	EXP 	progress_bar_breaks: progress = 3.2666666666666666
2026-08-25_09:47:28.597528 	EXP 	progress_bar_breaks: progress = 3.2666666666666666
2026-08-25_09:47:28.614243 	EXP 	progress_bar_breaks: progress = 3.3333333333333335
2026-08-25_09:47:28.630780 	EXP 	progress_bar_breaks: progress = 3.3333333333333335
2026-08-25_09:47:28.647451 	EXP 	progress_bar_breaks: progress = 3.3333333333333335
2026-08-25_09:47:28.664230 	EXP 	progress_bar_breaks: progress = 3.3333333333333335
2026-08-25_09:47:28.680767 	EXP 	progress_bar_breaks: progress = 3.3333333333333335
2026-08-25_09:47:28.697464 	EXP 	progress_bar_breaks: progress = 3.3333333333333335
2026-08-25_09:47:28.714169 	EXP 	progress_bar_breaks: progress = 3.3333333333333335
2026-08-25_09:47:28.730953 	EXP 	progress_bar_breaks: progress = 3.3333333333333335
2026-08-25_09:47:28.747483 	EXP 	progress_bar_breaks: progress = 3.3333333333333335
2026-08-25_09:47:28.764255 	EXP 	progress_bar_breaks: progress = 3.3333333333333335
2026-08-25_09:47:28.780783 	EXP 	progress_bar_breaks: progress = 3.3333333333333335
2026-08-25_09:47:28.797297 	EXP 	progress_bar_breaks: progress = 3.3333333333333335
2026-08-25_09:47:28.813979 	EXP 	progress_bar_breaks: progress = 3.3333333333333335
2026-08-25_09:47:28.830812 	EXP 	progress_bar_breaks: progress = 3.3333333333333335
2026-08-25_09:47:28.847401 	EXP 	progress_bar_breaks: progress = 3.3333333333333335
2026-08-25_09:47:28.864067 	EXP 	progress_bar_breaks: progress = 3.3333333333333335
2026-08-25_09:47:28.880747 	EXP 	progress_bar_breaks: progress = 3.3333333333333335
2026-08-25_09:47:28.897449 	EXP 	progress_bar_breaks: progress = 3.3333333333333335
2026-08-25_09:47:28.913953 	EXP 	progress_bar_breaks: progress = 3.3333333333333335
2026-08-25_09:47:28.930607 	EXP 	progress_bar_breaks: progress = 3.3333333333333335
2026-08-25_09:47:28.947359 	EXP 	progress_bar_breaks: progress = 3.3333333333333335
2026-08-25_09:47:28.964227 	EXP 	progress_bar_breaks: progress = 3.3333333333333335
2026-08-25_09:47:28.980770 	EXP 	progress_bar_breaks: progress = 3.3333333333333335
2026-08-25_09:47:28.997389 	EXP 	progress_bar_breaks: progress = 3.3333333333333335
2026-08-25_09:47:29.013916 	EXP 	progress_bar_breaks: progress = 3.3333333333333335
2026-08-25_09:47:29.030727 	EXP 	progress_bar_breaks: progress = 3.3333333333333335
2026-08-25_09:47:29.047608 	EXP 	progress_bar_breaks: progress = 3.3333333333333335
2026-08-25_09:47:29.064269 	EXP 	progress_bar_breaks: progress = 3.3333333333333335
2026-08-25_09:47:29.081384 	EXP 	progress_bar_breaks: progress = 3.3333333333333335
2026-08-25_09:47:29.097393 	EXP 	progress_bar_breaks: progress = 3.3333333333333335
2026-08-25_09:47:29.113933 	EXP 	progress_bar_breaks: progress = 3.3333333333333335
2026-08-25_09:47:29.130688 	EXP 	progress_bar_breaks: progress = 3.3333333333333335
2026-08-25_09:47:29.147274 	EXP 	progress_bar_breaks: progress = 3.3333333333333335
2026-08-25_09:47:29.163939 	EXP 	progress_bar_breaks: progress = 3.3333333333333335
2026-08-25_09:47:29.180574 	EXP 	progress_bar_breaks: progress = 3.3333333333333335
2026-08-25_09:47:29.197489 	EXP 	progress_bar_breaks: progress = 3.3333333333333335
2026-08-25_09:47:29.214010 	EXP 	progress_bar_breaks: progress = 3.3333333333333335
2026-08-25_09:47:29.230738 	EXP 	progress_bar_breaks: progress = 3.3333333333333335
2026-08-25_09:47:29.247497 	EXP 	progress_bar_breaks: progress = 3.3333333333333335
2026-08-25_09:47:29.264061 	EXP 	progress_bar_breaks: progress = 3.3333333333333335
2026-08-25_09:47:29.280939 	EXP 	progress_bar_breaks: progress = 3.3333333333333335
2026-08-25_09:47:29.297733 	EXP 	progress_bar_breaks: progress = 3.3333333333333335
2026-08-25_09:47:29.314340 	EXP 	progress_bar_breaks: progress = 3.3333333333333335
2026-08-25_09:47:29.330892 	EXP 	progress_bar_breaks: progress = 3.3333333333333335
2026-08-25_09:47:29.347388 	EXP 	progress_bar_breaks: progress = 3.3333333333333335
2026-08-25_09:47:29.364517 	EXP 	progress_bar_breaks: progress = 3.3333333333333335
2026-08-25_09:47:29.380702 	EXP 	progress_bar_breaks: progress = 3.3333333333333335
2026-08-25_09:47:29.397632 	EXP 	progress_bar_breaks: progress = 3.3333333333333335
2026-08-25_09:47:29.414820 	EXP 	progress_bar_breaks: progress = 3.3333333333333335
2026-08-25_09:47:29.430624 	EXP 	progress_bar_breaks: progress = 3.3333333333333335
2026-08-25_09:47:29.447310 	EXP 	progress_bar_breaks: progress = 3.3333333333333335
2026-08-25_09:47:29.464285 	EXP 	progress_bar_breaks: progress = 3.3333333333333335
2026-08-25_09:47:29.480714 	EXP 	progress_bar_breaks: progress = 3.3333333333333335
2026-08-25_09:47:29.497242 	EXP 	progress_bar_breaks: progress = 3.3333333333333335
2026-08-25_09:47:29.513859 	EXP 	progress_bar_breaks: progress = 3.3333333333333335
2026-08-25_09:47:29.530535 	EXP 	progress_bar_breaks: progress = 3.3333333333333335
2026-08-25_09:47:29.547109 	EXP 	progress_bar_breaks: progress = 3.3333333333333335
2026-08-25_09:47:29.563818 	EXP 	progress_bar_breaks: progress = 3.3333333333333335
2026-08-25_09:47:29.580577 	EXP 	progress_bar_breaks: progress = 3.3333333333333335
2026-08-25_09:47:29.597198 	EXP 	progress_bar_breaks: progress = 3.3333333333333335
2026-08-25_09:47:29.613937 	EXP 	progress_bar_breaks: progress = 3.4
2026-08-25_09:47:29.630432 	EXP 	progress_bar_breaks: progress = 3.4
2026-08-25_09:47:29.647131 	EXP 	progress_bar_breaks: progress = 3.4
2026-08-25_09:47:29.663990 	EXP 	progress_bar_breaks: progress = 3.4
2026-08-25_09:47:29.680493 	EXP 	progress_bar_breaks: progress = 3.4
2026-08-25_09:47:29.697468 	EXP 	progress_bar_breaks: progress = 3.4
2026-08-25_09:47:29.713809 	EXP 	progress_bar_breaks: progress = 3.4
2026-08-25_09:47:29.730565 	EXP 	progress_bar_breaks: progress = 3.4
2026-08-25_09:47:29.747123 	EXP 	progress_bar_breaks: progress = 3.4
2026-08-25_09:47:29.763707 	EXP 	progress_bar_breaks: progress = 3.4
2026-08-25_09:47:29.780566 	EXP 	progress_bar_breaks: progress = 3.4
2026-08-25_09:47:29.797093 	EXP 	progress_bar_breaks: progress = 3.4
2026-08-25_09:47:29.813716 	EXP 	progress_bar_breaks: progress = 3.4
2026-08-25_09:47:29.830315 	EXP 	progress_bar_breaks: progress = 3.4
2026-08-25_09:47:29.847127 	EXP 	progress_bar_breaks: progress = 3.4
2026-08-25_09:47:29.863735 	EXP 	progress_bar_breaks: progress = 3.4
2026-08-25_09:47:29.880495 	EXP 	progress_bar_breaks: progress = 3.4
2026-08-25_09:47:29.897058 	EXP 	progress_bar_breaks: progress = 3.4
2026-08-25_09:47:29.913687 	EXP 	progress_bar_breaks: progress = 3.4
2026-08-25_09:47:29.930377 	EXP 	progress_bar_breaks: progress = 3.4
2026-08-25_09:47:29.947346 	EXP 	progress_bar_breaks: progress = 3.4
2026-08-25_09:47:29.963745 	EXP 	progress_bar_breaks: progress = 3.4
2026-08-25_09:47:29.980596 	EXP 	progress_bar_breaks: progress = 3.4
2026-08-25_09:47:29.997091 	EXP 	progress_bar_breaks: progress = 3.4
2026-08-25_09:47:30.013816 	EXP 	progress_bar_breaks: progress = 3.4
2026-08-25_09:47:30.030596 	EXP 	progress_bar_breaks: progress = 3.4
2026-08-25_09:47:30.047193 	EXP 	progress_bar_breaks: progress = 3.4
2026-08-25_09:47:30.063637 	EXP 	progress_bar_breaks: progress = 3.4
2026-08-25_09:47:30.080622 	EXP 	progress_bar_breaks: progress = 3.4
2026-08-25_09:47:30.096963 	EXP 	progress_bar_breaks: progress = 3.4
2026-08-25_09:47:30.113676 	EXP 	progress_bar_breaks: progress = 3.4
2026-08-25_09:47:30.130448 	EXP 	progress_bar_breaks: progress = 3.4
2026-08-25_09:47:30.147143 	EXP 	progress_bar_breaks: progress = 3.4
2026-08-25_09:47:30.163588 	EXP 	progress_bar_breaks: progress = 3.4
2026-08-25_09:47:30.180363 	EXP 	progress_bar_breaks: progress = 3.4
2026-08-25_09:47:30.196965 	EXP 	progress_bar_breaks: progress = 3.4
2026-08-25_09:47:30.213649 	EXP 	progress_bar_breaks: progress = 3.4
2026-08-25_09:47:30.230427 	EXP 	progress_bar_breaks: progress = 3.4
2026-08-25_09:47:30.247232 	EXP 	progress_bar_breaks: progress = 3.4
2026-08-25_09:47:30.264200 	EXP 	progress_bar_breaks: progress = 3.4
2026-08-25_09:47:30.280324 	EXP 	progress_bar_breaks: progress = 3.4
2026-08-25_09:47:30.296926 	EXP 	progress_bar_breaks: progress = 3.4
2026-08-25_09:47:30.313711 	EXP 	progress_bar_breaks: progress = 3.4
2026-08-25_09:47:30.330344 	EXP 	progress_bar_breaks: progress = 3.4
2026-08-25_09:47:30.346822 	EXP 	progress_bar_breaks: progress = 3.4
2026-08-25_09:47:30.363599 	EXP 	progress_bar_breaks: progress = 3.4
2026-08-25_09:47:30.380408 	EXP 	progress_bar_breaks: progress = 3.4
2026-08-25_09:47:30.397051 	EXP 	progress_bar_breaks: progress = 3.4
2026-08-25_09:47:30.413667 	EXP 	progress_bar_breaks: progress = 3.4
2026-08-25_09:47:30.430739 	EXP 	progress_bar_breaks: progress = 3.4
2026-08-25_09:47:30.447027 	EXP 	progress_bar_breaks: progress = 3.4
2026-08-25_09:47:30.463855 	EXP 	progress_bar_breaks: progress = 3.4
2026-08-25_09:47:30.480582 	EXP 	progress_bar_breaks: progress = 3.4
2026-08-25_09:47:30.497247 	EXP 	progress_bar_breaks: progress = 3.4
2026-08-25_09:47:30.513798 	EXP 	progress_bar_breaks: progress = 3.4
2026-08-25_09:47:30.530802 	EXP 	progress_bar_breaks: progress = 3.4
2026-08-25_09:47:30.547250 	EXP 	progress_bar_breaks: progress = 3.4
2026-08-25_09:47:30.563678 	EXP 	progress_bar_breaks: progress = 3.4
2026-08-25_09:47:30.580267 	EXP 	progress_bar_breaks: progress = 3.4
2026-08-25_09:47:30.597154 	EXP 	progress_bar_breaks: progress = 3.4
2026-08-25_09:47:30.613783 	EXP 	progress_bar_breaks: progress = 3.466666666666667
2026-08-25_09:47:30.630444 	EXP 	progress_bar_breaks: progress = 3.466666666666667
2026-08-25_09:47:30.646992 	EXP 	progress_bar_breaks: progress = 3.466666666666667
2026-08-25_09:47:30.663548 	EXP 	progress_bar_breaks: progress = 3.466666666666667
2026-08-25_09:47:30.680302 	EXP 	progress_bar_breaks: progress = 3.466666666666667
2026-08-25_09:47:30.697100 	EXP 	progress_bar_breaks: progress = 3.466666666666667
2026-08-25_09:47:30.713417 	EXP 	progress_bar_breaks: progress = 3.466666666666667
2026-08-25_09:47:30.730089 	EXP 	progress_bar_breaks: progress = 3.466666666666667
2026-08-25_09:47:30.746711 	EXP 	progress_bar_breaks: progress = 3.466666666666667
2026-08-25_09:47:30.763561 	EXP 	progress_bar_breaks: progress = 3.466666666666667
2026-08-25_09:47:30.780129 	EXP 	progress_bar_breaks: progress = 3.466666666666667
2026-08-25_09:47:30.796780 	EXP 	progress_bar_breaks: progress = 3.466666666666667
2026-08-25_09:47:30.813431 	EXP 	progress_bar_breaks: progress = 3.466666666666667
2026-08-25_09:47:30.830009 	EXP 	progress_bar_breaks: progress = 3.466666666666667
2026-08-25_09:47:30.846836 	EXP 	progress_bar_breaks: progress = 3.466666666666667
2026-08-25_09:47:30.863413 	EXP 	progress_bar_breaks: progress = 3.466666666666667
2026-08-25_09:47:30.880080 	EXP 	progress_bar_breaks: progress = 3.466666666666667
2026-08-25_09:47:30.896738 	EXP 	progress_bar_breaks: progress = 3.466666666666667
2026-08-25_09:47:30.913448 	EXP 	progress_bar_breaks: progress = 3.466666666666667
2026-08-25_09:47:30.930062 	EXP 	progress_bar_breaks: progress = 3.466666666666667
2026-08-25_09:47:30.946808 	EXP 	progress_bar_breaks: progress = 3.466666666666667
2026-08-25_09:47:30.963313 	EXP 	progress_bar_breaks: progress = 3.466666666666667
2026-08-25_09:47:30.979976 	EXP 	progress_bar_breaks: progress = 3.466666666666667
2026-08-25_09:47:30.996812 	EXP 	progress_bar_breaks: progress = 3.466666666666667
2026-08-25_09:47:31.013311 	EXP 	progress_bar_breaks: progress = 3.466666666666667
2026-08-25_09:47:31.029928 	EXP 	progress_bar_breaks: progress = 3.466666666666667
2026-08-25_09:47:31.046608 	EXP 	progress_bar_breaks: progress = 3.466666666666667
2026-08-25_09:47:31.063361 	EXP 	progress_bar_breaks: progress = 3.466666666666667
2026-08-25_09:47:31.080033 	EXP 	progress_bar_breaks: progress = 3.466666666666667
2026-08-25_09:47:31.096791 	EXP 	progress_bar_breaks: progress = 3.466666666666667
2026-08-25_09:47:31.113399 	EXP 	progress_bar_breaks: progress = 3.466666666666667
2026-08-25_09:47:31.130040 	EXP 	progress_bar_breaks: progress = 3.466666666666667
2026-08-25_09:47:31.146746 	EXP 	progress_bar_breaks: progress = 3.466666666666667
2026-08-25_09:47:31.163314 	EXP 	progress_bar_breaks: progress = 3.466666666666667
2026-08-25_09:47:31.180054 	EXP 	progress_bar_breaks: progress = 3.466666666666667
2026-08-25_09:47:31.196539 	EXP 	progress_bar_breaks: progress = 3.466666666666667
2026-08-25_09:47:31.213468 	EXP 	progress_bar_breaks: progress = 3.466666666666667
2026-08-25_09:47:31.230049 	EXP 	progress_bar_breaks: progress = 3.466666666666667
2026-08-25_09:47:31.246529 	EXP 	progress_bar_breaks: progress = 3.466666666666667
2026-08-25_09:47:31.263371 	EXP 	progress_bar_breaks: progress = 3.466666666666667
2026-08-25_09:47:31.280068 	EXP 	progress_bar_breaks: progress = 3.466666666666667
2026-08-25_09:47:31.296557 	EXP 	progress_bar_breaks: progress = 3.466666666666667
2026-08-25_09:47:31.313265 	EXP 	progress_bar_breaks: progress = 3.466666666666667
2026-08-25_09:47:31.330008 	EXP 	progress_bar_breaks: progress = 3.466666666666667
2026-08-25_09:47:31.346713 	EXP 	progress_bar_breaks: progress = 3.466666666666667
2026-08-25_09:47:31.363257 	EXP 	progress_bar_breaks: progress = 3.466666666666667
2026-08-25_09:47:31.379986 	EXP 	progress_bar_breaks: progress = 3.466666666666667
2026-08-25_09:47:31.396561 	EXP 	progress_bar_breaks: progress = 3.466666666666667
2026-08-25_09:47:31.413172 	EXP 	progress_bar_breaks: progress = 3.466666666666667
2026-08-25_09:47:31.429822 	EXP 	progress_bar_breaks: progress = 3.466666666666667
2026-08-25_09:47:31.446531 	EXP 	progress_bar_breaks: progress = 3.466666666666667
2026-08-25_09:47:31.463285 	EXP 	progress_bar_breaks: progress = 3.466666666666667
2026-08-25_09:47:31.479873 	EXP 	progress_bar_breaks: progress = 3.466666666666667
2026-08-25_09:47:31.496495 	EXP 	progress_bar_breaks: progress = 3.466666666666667
2026-08-25_09:47:31.513160 	EXP 	progress_bar_breaks: progress = 3.466666666666667
2026-08-25_09:47:31.529891 	EXP 	progress_bar_breaks: progress = 3.466666666666667
2026-08-25_09:47:31.546510 	EXP 	progress_bar_breaks: progress = 3.466666666666667
2026-08-25_09:47:31.563209 	EXP 	progress_bar_breaks: progress = 3.466666666666667
2026-08-25_09:47:31.579880 	EXP 	progress_bar_breaks: progress = 3.466666666666667
2026-08-25_09:47:31.596565 	EXP 	progress_bar_breaks: progress = 3.466666666666667
2026-08-25_09:47:31.613163 	EXP 	progress_bar_breaks: progress = 3.466666666666667
2026-08-25_09:47:31.629819 	EXP 	progress_bar_breaks: progress = 3.533333333333333
2026-08-25_09:47:31.646590 	EXP 	progress_bar_breaks: progress = 3.533333333333333
2026-08-25_09:47:31.663423 	EXP 	progress_bar_breaks: progress = 3.533333333333333
2026-08-25_09:47:31.679944 	EXP 	progress_bar_breaks: progress = 3.533333333333333
2026-08-25_09:47:31.696564 	EXP 	progress_bar_breaks: progress = 3.533333333333333
2026-08-25_09:47:31.713364 	EXP 	progress_bar_breaks: progress = 3.533333333333333
2026-08-25_09:47:31.730128 	EXP 	progress_bar_breaks: progress = 3.533333333333333
2026-08-25_09:47:31.746888 	EXP 	progress_bar_breaks: progress = 3.533333333333333
2026-08-25_09:47:31.763417 	EXP 	progress_bar_breaks: progress = 3.533333333333333
2026-08-25_09:47:31.780159 	EXP 	progress_bar_breaks: progress = 3.533333333333333
2026-08-25_09:47:31.796995 	EXP 	progress_bar_breaks: progress = 3.533333333333333
2026-08-25_09:47:31.813450 	EXP 	progress_bar_breaks: progress = 3.533333333333333
2026-08-25_09:47:31.829985 	EXP 	progress_bar_breaks: progress = 3.533333333333333
2026-08-25_09:47:31.846622 	EXP 	progress_bar_breaks: progress = 3.533333333333333
2026-08-25_09:47:31.863991 	EXP 	progress_bar_breaks: progress = 3.533333333333333
2026-08-25_09:47:31.879927 	EXP 	progress_bar_breaks: progress = 3.533333333333333
2026-08-25_09:47:31.896576 	EXP 	progress_bar_breaks: progress = 3.533333333333333
2026-08-25_09:47:31.913280 	EXP 	progress_bar_breaks: progress = 3.533333333333333
2026-08-25_09:47:31.929680 	EXP 	progress_bar_breaks: progress = 3.533333333333333
2026-08-25_09:47:31.946520 	EXP 	progress_bar_breaks: progress = 3.533333333333333
2026-08-25_09:47:31.963040 	EXP 	progress_bar_breaks: progress = 3.533333333333333
2026-08-25_09:47:31.979751 	EXP 	progress_bar_breaks: progress = 3.533333333333333
2026-08-25_09:47:31.996358 	EXP 	progress_bar_breaks: progress = 3.533333333333333
2026-08-25_09:47:32.013274 	EXP 	progress_bar_breaks: progress = 3.533333333333333
2026-08-25_09:47:32.029752 	EXP 	progress_bar_breaks: progress = 3.533333333333333
2026-08-25_09:47:32.046391 	EXP 	progress_bar_breaks: progress = 3.533333333333333
2026-08-25_09:47:32.063072 	EXP 	progress_bar_breaks: progress = 3.533333333333333
2026-08-25_09:47:32.079858 	EXP 	progress_bar_breaks: progress = 3.533333333333333
2026-08-25_09:47:32.096349 	EXP 	progress_bar_breaks: progress = 3.533333333333333
2026-08-25_09:47:32.112972 	EXP 	progress_bar_breaks: progress = 3.533333333333333
2026-08-25_09:47:32.129740 	EXP 	progress_bar_breaks: progress = 3.533333333333333
2026-08-25_09:47:32.146280 	EXP 	progress_bar_breaks: progress = 3.533333333333333
2026-08-25_09:47:32.163193 	EXP 	progress_bar_breaks: progress = 3.533333333333333
2026-08-25_09:47:32.179734 	EXP 	progress_bar_breaks: progress = 3.533333333333333
2026-08-25_09:47:32.196510 	EXP 	progress_bar_breaks: progress = 3.533333333333333
2026-08-25_09:47:32.213158 	EXP 	progress_bar_breaks: progress = 3.533333333333333
2026-08-25_09:47:32.229650 	EXP 	progress_bar_breaks: progress = 3.533333333333333
2026-08-25_09:47:32.246267 	EXP 	progress_bar_breaks: progress = 3.533333333333333
2026-08-25_09:47:32.263104 	EXP 	progress_bar_breaks: progress = 3.533333333333333
2026-08-25_09:47:32.279604 	EXP 	progress_bar_breaks: progress = 3.533333333333333
2026-08-25_09:47:32.296436 	EXP 	progress_bar_breaks: progress = 3.533333333333333
2026-08-25_09:47:32.312985 	EXP 	progress_bar_breaks: progress = 3.533333333333333
2026-08-25_09:47:32.329643 	EXP 	progress_bar_breaks: progress = 3.533333333333333
2026-08-25_09:47:32.346322 	EXP 	progress_bar_breaks: progress = 3.533333333333333
2026-08-25_09:47:32.362934 	EXP 	progress_bar_breaks: progress = 3.533333333333333
2026-08-25_09:47:32.379603 	EXP 	progress_bar_breaks: progress = 3.533333333333333
2026-08-25_09:47:32.396293 	EXP 	progress_bar_breaks: progress = 3.533333333333333
2026-08-25_09:47:32.412970 	EXP 	progress_bar_breaks: progress = 3.533333333333333
2026-08-25_09:47:32.429701 	EXP 	progress_bar_breaks: progress = 3.533333333333333
2026-08-25_09:47:32.446288 	EXP 	progress_bar_breaks: progress = 3.533333333333333
2026-08-25_09:47:32.462910 	EXP 	progress_bar_breaks: progress = 3.533333333333333
2026-08-25_09:47:32.479676 	EXP 	progress_bar_breaks: progress = 3.533333333333333
2026-08-25_09:47:32.496305 	EXP 	progress_bar_breaks: progress = 3.533333333333333
2026-08-25_09:47:32.513010 	EXP 	progress_bar_breaks: progress = 3.533333333333333
2026-08-25_09:47:32.529536 	EXP 	progress_bar_breaks: progress = 3.533333333333333
2026-08-25_09:47:32.546555 	EXP 	progress_bar_breaks: progress = 3.533333333333333
2026-08-25_09:47:32.562869 	EXP 	progress_bar_breaks: progress = 3.533333333333333
2026-08-25_09:47:32.579667 	EXP 	progress_bar_breaks: progress = 3.533333333333333
2026-08-25_09:47:32.596414 	EXP 	progress_bar_breaks: progress = 3.533333333333333
2026-08-25_09:47:32.613040 	EXP 	progress_bar_breaks: progress = 3.6
2026-08-25_09:47:32.629686 	EXP 	progress_bar_breaks: progress = 3.6
2026-08-25_09:47:32.646316 	EXP 	progress_bar_breaks: progress = 3.6
2026-08-25_09:47:32.663092 	EXP 	progress_bar_breaks: progress = 3.6
2026-08-25_09:47:32.679559 	EXP 	progress_bar_breaks: progress = 3.6
2026-08-25_09:47:32.696631 	EXP 	progress_bar_breaks: progress = 3.6
2026-08-25_09:47:32.712879 	EXP 	progress_bar_breaks: progress = 3.6
2026-08-25_09:47:32.729465 	EXP 	progress_bar_breaks: progress = 3.6
2026-08-25_09:47:32.746205 	EXP 	progress_bar_breaks: progress = 3.6
2026-08-25_09:47:32.762880 	EXP 	progress_bar_breaks: progress = 3.6
2026-08-25_09:47:32.779664 	EXP 	progress_bar_breaks: progress = 3.6
2026-08-25_09:47:32.796320 	EXP 	progress_bar_breaks: progress = 3.6
2026-08-25_09:47:32.812917 	EXP 	progress_bar_breaks: progress = 3.6
2026-08-25_09:47:32.829453 	EXP 	progress_bar_breaks: progress = 3.6
2026-08-25_09:47:32.846104 	EXP 	progress_bar_breaks: progress = 3.6
2026-08-25_09:47:32.862886 	EXP 	progress_bar_breaks: progress = 3.6
2026-08-25_09:47:32.879496 	EXP 	progress_bar_breaks: progress = 3.6
2026-08-25_09:47:32.896753 	EXP 	progress_bar_breaks: progress = 3.6
2026-08-25_09:47:32.912899 	EXP 	progress_bar_breaks: progress = 3.6
2026-08-25_09:47:32.929727 	EXP 	progress_bar_breaks: progress = 3.6
2026-08-25_09:47:32.946579 	EXP 	progress_bar_breaks: progress = 3.6
2026-08-25_09:47:32.963192 	EXP 	progress_bar_breaks: progress = 3.6
2026-08-25_09:47:32.979626 	EXP 	progress_bar_breaks: progress = 3.6
2026-08-25_09:47:32.996512 	EXP 	progress_bar_breaks: progress = 3.6
2026-08-25_09:47:33.013355 	EXP 	progress_bar_breaks: progress = 3.6
2026-08-25_09:47:33.029857 	EXP 	progress_bar_breaks: progress = 3.6
2026-08-25_09:47:33.046360 	EXP 	progress_bar_breaks: progress = 3.6
2026-08-25_09:47:33.063192 	EXP 	progress_bar_breaks: progress = 3.6
2026-08-25_09:47:33.079776 	EXP 	progress_bar_breaks: progress = 3.6
2026-08-25_09:47:33.096139 	EXP 	progress_bar_breaks: progress = 3.6
2026-08-25_09:47:33.112986 	EXP 	progress_bar_breaks: progress = 3.6
2026-08-25_09:47:33.129527 	EXP 	progress_bar_breaks: progress = 3.6
2026-08-25_09:47:33.146117 	EXP 	progress_bar_breaks: progress = 3.6
2026-08-25_09:47:33.162737 	EXP 	progress_bar_breaks: progress = 3.6
2026-08-25_09:47:33.179464 	EXP 	progress_bar_breaks: progress = 3.6
2026-08-25_09:47:33.195975 	EXP 	progress_bar_breaks: progress = 3.6
2026-08-25_09:47:33.212799 	EXP 	progress_bar_breaks: progress = 3.6
2026-08-25_09:47:33.229324 	EXP 	progress_bar_breaks: progress = 3.6
2026-08-25_09:47:33.246004 	EXP 	progress_bar_breaks: progress = 3.6
2026-08-25_09:47:33.262653 	EXP 	progress_bar_breaks: progress = 3.6
2026-08-25_09:47:33.279334 	EXP 	progress_bar_breaks: progress = 3.6
2026-08-25_09:47:33.296301 	EXP 	progress_bar_breaks: progress = 3.6
2026-08-25_09:47:33.313063 	EXP 	progress_bar_breaks: progress = 3.6
2026-08-25_09:47:33.329439 	EXP 	progress_bar_breaks: progress = 3.6
2026-08-25_09:47:33.346356 	EXP 	progress_bar_breaks: progress = 3.6
2026-08-25_09:47:33.362603 	EXP 	progress_bar_breaks: progress = 3.6
2026-08-25_09:47:33.379340 	EXP 	progress_bar_breaks: progress = 3.6
2026-08-25_09:47:33.395907 	EXP 	progress_bar_breaks: progress = 3.6
2026-08-25_09:47:33.412601 	EXP 	progress_bar_breaks: progress = 3.6
2026-08-25_09:47:33.429353 	EXP 	progress_bar_breaks: progress = 3.6
2026-08-25_09:47:33.445983 	EXP 	progress_bar_breaks: progress = 3.6
2026-08-25_09:47:33.462675 	EXP 	progress_bar_breaks: progress = 3.6
2026-08-25_09:47:33.479246 	EXP 	progress_bar_breaks: progress = 3.6
2026-08-25_09:47:33.496203 	EXP 	progress_bar_breaks: progress = 3.6
2026-08-25_09:47:33.512734 	EXP 	progress_bar_breaks: progress = 3.6
2026-08-25_09:47:33.529417 	EXP 	progress_bar_breaks: progress = 3.6
2026-08-25_09:47:33.545955 	EXP 	progress_bar_breaks: progress = 3.6
2026-08-25_09:47:33.562609 	EXP 	progress_bar_breaks: progress = 3.6
2026-08-25_09:47:33.579351 	EXP 	progress_bar_breaks: progress = 3.6
2026-08-25_09:47:33.595802 	EXP 	progress_bar_breaks: progress = 3.6
2026-08-25_09:47:33.612669 	EXP 	progress_bar_breaks: progress = 3.6
2026-08-25_09:47:33.629220 	EXP 	progress_bar_breaks: progress = 3.6666666666666665
2026-08-25_09:47:33.646029 	EXP 	progress_bar_breaks: progress = 3.6666666666666665
2026-08-25_09:47:33.662674 	EXP 	progress_bar_breaks: progress = 3.6666666666666665
2026-08-25_09:47:33.679258 	EXP 	progress_bar_breaks: progress = 3.6666666666666665
2026-08-25_09:47:33.695891 	EXP 	progress_bar_breaks: progress = 3.6666666666666665
2026-08-25_09:47:33.712500 	EXP 	progress_bar_breaks: progress = 3.6666666666666665
2026-08-25_09:47:33.729358 	EXP 	progress_bar_breaks: progress = 3.6666666666666665
2026-08-25_09:47:33.745835 	EXP 	progress_bar_breaks: progress = 3.6666666666666665
2026-08-25_09:47:33.762572 	EXP 	progress_bar_breaks: progress = 3.6666666666666665
2026-08-25_09:47:33.779253 	EXP 	progress_bar_breaks: progress = 3.6666666666666665
2026-08-25_09:47:33.795967 	EXP 	progress_bar_breaks: progress = 3.6666666666666665
2026-08-25_09:47:33.812546 	EXP 	progress_bar_breaks: progress = 3.6666666666666665
2026-08-25_09:47:33.829197 	EXP 	progress_bar_breaks: progress = 3.6666666666666665
2026-08-25_09:47:33.845813 	EXP 	progress_bar_breaks: progress = 3.6666666666666665
2026-08-25_09:47:33.862636 	EXP 	progress_bar_breaks: progress = 3.6666666666666665
2026-08-25_09:47:33.879170 	EXP 	progress_bar_breaks: progress = 3.6666666666666665
2026-08-25_09:47:33.895753 	EXP 	progress_bar_breaks: progress = 3.6666666666666665
2026-08-25_09:47:33.912413 	EXP 	progress_bar_breaks: progress = 3.6666666666666665
2026-08-25_09:47:33.929245 	EXP 	progress_bar_breaks: progress = 3.6666666666666665
2026-08-25_09:47:33.945755 	EXP 	progress_bar_breaks: progress = 3.6666666666666665
2026-08-25_09:47:33.962576 	EXP 	progress_bar_breaks: progress = 3.6666666666666665
2026-08-25_09:47:33.979161 	EXP 	progress_bar_breaks: progress = 3.6666666666666665
2026-08-25_09:47:33.995775 	EXP 	progress_bar_breaks: progress = 3.6666666666666665
2026-08-25_09:47:34.012392 	EXP 	progress_bar_breaks: progress = 3.6666666666666665
2026-08-25_09:47:34.029222 	EXP 	progress_bar_breaks: progress = 3.6666666666666665
2026-08-25_09:47:34.045932 	EXP 	progress_bar_breaks: progress = 3.6666666666666665
2026-08-25_09:47:34.063019 	EXP 	progress_bar_breaks: progress = 3.6666666666666665
2026-08-25_09:47:34.080164 	EXP 	progress_bar_breaks: progress = 3.6666666666666665
2026-08-25_09:47:34.096005 	EXP 	progress_bar_breaks: progress = 3.6666666666666665
2026-08-25_09:47:34.112830 	EXP 	progress_bar_breaks: progress = 3.6666666666666665
2026-08-25_09:47:34.129364 	EXP 	progress_bar_breaks: progress = 3.6666666666666665
2026-08-25_09:47:34.146077 	EXP 	progress_bar_breaks: progress = 3.6666666666666665
2026-08-25_09:47:34.162713 	EXP 	progress_bar_breaks: progress = 3.6666666666666665
2026-08-25_09:47:34.179354 	EXP 	progress_bar_breaks: progress = 3.6666666666666665
2026-08-25_09:47:34.196076 	EXP 	progress_bar_breaks: progress = 3.6666666666666665
2026-08-25_09:47:34.212962 	EXP 	progress_bar_breaks: progress = 3.6666666666666665
2026-08-25_09:47:34.229328 	EXP 	progress_bar_breaks: progress = 3.6666666666666665
2026-08-25_09:47:34.246040 	EXP 	progress_bar_breaks: progress = 3.6666666666666665
2026-08-25_09:47:34.262696 	EXP 	progress_bar_breaks: progress = 3.6666666666666665
2026-08-25_09:47:34.279547 	EXP 	progress_bar_breaks: progress = 3.6666666666666665
2026-08-25_09:47:34.296539 	EXP 	progress_bar_breaks: progress = 3.6666666666666665
2026-08-25_09:47:34.312722 	EXP 	progress_bar_breaks: progress = 3.6666666666666665
2026-08-25_09:47:34.329784 	EXP 	progress_bar_breaks: progress = 3.6666666666666665
2026-08-25_09:47:34.345946 	EXP 	progress_bar_breaks: progress = 3.6666666666666665
2026-08-25_09:47:34.362445 	EXP 	progress_bar_breaks: progress = 3.6666666666666665
2026-08-25_09:47:34.379457 	EXP 	progress_bar_breaks: progress = 3.6666666666666665
2026-08-25_09:47:34.396272 	EXP 	progress_bar_breaks: progress = 3.6666666666666665
2026-08-25_09:47:34.414492 	EXP 	progress_bar_breaks: progress = 3.6666666666666665
2026-08-25_09:47:34.429294 	EXP 	progress_bar_breaks: progress = 3.6666666666666665
2026-08-25_09:47:34.445809 	EXP 	progress_bar_breaks: progress = 3.6666666666666665
2026-08-25_09:47:34.462469 	EXP 	progress_bar_breaks: progress = 3.6666666666666665
2026-08-25_09:47:34.478938 	EXP 	progress_bar_breaks: progress = 3.6666666666666665
2026-08-25_09:47:34.495679 	EXP 	progress_bar_breaks: progress = 3.6666666666666665
2026-08-25_09:47:34.512640 	EXP 	progress_bar_breaks: progress = 3.6666666666666665
2026-08-25_09:47:34.529313 	EXP 	progress_bar_breaks: progress = 3.6666666666666665
2026-08-25_09:47:34.545793 	EXP 	progress_bar_breaks: progress = 3.6666666666666665
2026-08-25_09:47:34.562823 	EXP 	progress_bar_breaks: progress = 3.6666666666666665
2026-08-25_09:47:34.579957 	EXP 	progress_bar_breaks: progress = 3.6666666666666665
2026-08-25_09:47:34.595965 	EXP 	progress_bar_breaks: progress = 3.6666666666666665
2026-08-25_09:47:34.612288 	EXP 	progress_bar_breaks: progress = 3.6666666666666665
2026-08-25_09:47:34.628970 	EXP 	progress_bar_breaks: progress = 3.7333333333333334
2026-08-25_09:47:34.645725 	EXP 	progress_bar_breaks: progress = 3.7333333333333334
2026-08-25_09:47:34.662405 	EXP 	progress_bar_breaks: progress = 3.7333333333333334
2026-08-25_09:47:34.679219 	EXP 	progress_bar_breaks: progress = 3.7333333333333334
2026-08-25_09:47:34.695978 	EXP 	progress_bar_breaks: progress = 3.7333333333333334
2026-08-25_09:47:34.712588 	EXP 	progress_bar_breaks: progress = 3.7333333333333334
2026-08-25_09:47:34.729244 	EXP 	progress_bar_breaks: progress = 3.7333333333333334
2026-08-25_09:47:34.745662 	EXP 	progress_bar_breaks: progress = 3.7333333333333334
2026-08-25_09:47:34.762283 	EXP 	progress_bar_breaks: progress = 3.7333333333333334
2026-08-25_09:47:34.778871 	EXP 	progress_bar_breaks: progress = 3.7333333333333334
2026-08-25_09:47:34.795575 	EXP 	progress_bar_breaks: progress = 3.7333333333333334
2026-08-25_09:47:34.812485 	EXP 	progress_bar_breaks: progress = 3.7333333333333334
2026-08-25_09:47:34.829138 	EXP 	progress_bar_breaks: progress = 3.7333333333333334
2026-08-25_09:47:34.845675 	EXP 	progress_bar_breaks: progress = 3.7333333333333334
2026-08-25_09:47:34.862321 	EXP 	progress_bar_breaks: progress = 3.7333333333333334
2026-08-25_09:47:34.878909 	EXP 	progress_bar_breaks: progress = 3.7333333333333334
2026-08-25_09:47:34.895546 	EXP 	progress_bar_breaks: progress = 3.7333333333333334
2026-08-25_09:47:34.912276 	EXP 	progress_bar_breaks: progress = 3.7333333333333334
2026-08-25_09:47:34.928831 	EXP 	progress_bar_breaks: progress = 3.7333333333333334
2026-08-25_09:47:34.945506 	EXP 	progress_bar_breaks: progress = 3.7333333333333334
2026-08-25_09:47:34.962183 	EXP 	progress_bar_breaks: progress = 3.7333333333333334
2026-08-25_09:47:34.978829 	EXP 	progress_bar_breaks: progress = 3.7333333333333334
2026-08-25_09:47:34.995649 	EXP 	progress_bar_breaks: progress = 3.7333333333333334
2026-08-25_09:47:35.012088 	EXP 	progress_bar_breaks: progress = 3.7333333333333334
2026-08-25_09:47:35.028654 	EXP 	progress_bar_breaks: progress = 3.7333333333333334
2026-08-25_09:47:35.045352 	EXP 	progress_bar_breaks: progress = 3.7333333333333334
2026-08-25_09:47:35.061981 	EXP 	progress_bar_breaks: progress = 3.7333333333333334
2026-08-25_09:47:35.078795 	EXP 	progress_bar_breaks: progress = 3.7333333333333334
2026-08-25_09:47:35.095935 	EXP 	progress_bar_breaks: progress = 3.7333333333333334
2026-08-25_09:47:35.112130 	EXP 	progress_bar_breaks: progress = 3.7333333333333334
2026-08-25_09:47:35.128926 	EXP 	progress_bar_breaks: progress = 3.7333333333333334
2026-08-25_09:47:35.145442 	EXP 	progress_bar_breaks: progress = 3.7333333333333334
2026-08-25_09:47:35.162047 	EXP 	progress_bar_breaks: progress = 3.7333333333333334
2026-08-25_09:47:35.178850 	EXP 	progress_bar_breaks: progress = 3.7333333333333334
2026-08-25_09:47:35.195549 	EXP 	progress_bar_breaks: progress = 3.7333333333333334
2026-08-25_09:47:35.212204 	EXP 	progress_bar_breaks: progress = 3.7333333333333334
2026-08-25_09:47:35.228785 	EXP 	progress_bar_breaks: progress = 3.7333333333333334
2026-08-25_09:47:35.245435 	EXP 	progress_bar_breaks: progress = 3.7333333333333334
2026-08-25_09:47:35.262250 	EXP 	progress_bar_breaks: progress = 3.7333333333333334
2026-08-25_09:47:35.278837 	EXP 	progress_bar_breaks: progress = 3.7333333333333334
2026-08-25_09:47:35.295565 	EXP 	progress_bar_breaks: progress = 3.7333333333333334
2026-08-25_09:47:35.312439 	EXP 	progress_bar_breaks: progress = 3.7333333333333334
2026-08-25_09:47:35.329207 	EXP 	progress_bar_breaks: progress = 3.7333333333333334
2026-08-25_09:47:35.345817 	EXP 	progress_bar_breaks: progress = 3.7333333333333334
2026-08-25_09:47:35.363316 	EXP 	progress_bar_breaks: progress = 3.7333333333333334
2026-08-25_09:47:35.379663 	EXP 	progress_bar_breaks: progress = 3.7333333333333334
2026-08-25_09:47:35.395799 	EXP 	progress_bar_breaks: progress = 3.7333333333333334
2026-08-25_09:47:35.413342 	EXP 	progress_bar_breaks: progress = 3.7333333333333334
2026-08-25_09:47:35.429041 	EXP 	progress_bar_breaks: progress = 3.7333333333333334
2026-08-25_09:47:35.445769 	EXP 	progress_bar_breaks: progress = 3.7333333333333334
2026-08-25_09:47:35.462103 	EXP 	progress_bar_breaks: progress = 3.7333333333333334
2026-08-25_09:47:35.479054 	EXP 	progress_bar_breaks: progress = 3.7333333333333334
2026-08-25_09:47:35.496000 	EXP 	progress_bar_breaks: progress = 3.7333333333333334
2026-08-25_09:47:35.512606 	EXP 	progress_bar_breaks: progress = 3.7333333333333334
2026-08-25_09:47:35.529763 	EXP 	progress_bar_breaks: progress = 3.7333333333333334
2026-08-25_09:47:35.545635 	EXP 	progress_bar_breaks: progress = 3.7333333333333334
2026-08-25_09:47:35.562696 	EXP 	progress_bar_breaks: progress = 3.7333333333333334
2026-08-25_09:47:35.579009 	EXP 	progress_bar_breaks: progress = 3.7333333333333334
2026-08-25_09:47:35.596148 	EXP 	progress_bar_breaks: progress = 3.7333333333333334
2026-08-25_09:47:35.612275 	EXP 	progress_bar_breaks: progress = 3.8
2026-08-25_09:47:35.628674 	EXP 	progress_bar_breaks: progress = 3.8
2026-08-25_09:47:35.645290 	EXP 	progress_bar_breaks: progress = 3.8
2026-08-25_09:47:35.661919 	EXP 	progress_bar_breaks: progress = 3.8
2026-08-25_09:47:35.678638 	EXP 	progress_bar_breaks: progress = 3.8
2026-08-25_09:47:35.695172 	EXP 	progress_bar_breaks: progress = 3.8
2026-08-25_09:47:35.711850 	EXP 	progress_bar_breaks: progress = 3.8
2026-08-25_09:47:35.728559 	EXP 	progress_bar_breaks: progress = 3.8
2026-08-25_09:47:35.745126 	EXP 	progress_bar_breaks: progress = 3.8
2026-08-25_09:47:35.761839 	EXP 	progress_bar_breaks: progress = 3.8
2026-08-25_09:47:35.778625 	EXP 	progress_bar_breaks: progress = 3.8
2026-08-25_09:47:35.795210 	EXP 	progress_bar_breaks: progress = 3.8
2026-08-25_09:47:35.811897 	EXP 	progress_bar_breaks: progress = 3.8
2026-08-25_09:47:35.827978 	EXP 	progress_bar_breaks: progress = 3.8
2026-08-25_09:47:35.845237 	EXP 	progress_bar_breaks: progress = 3.8
2026-08-25_09:47:35.862099 	EXP 	progress_bar_breaks: progress = 3.8
2026-08-25_09:47:35.878735 	EXP 	progress_bar_breaks: progress = 3.8
2026-08-25_09:47:35.895326 	EXP 	progress_bar_breaks: progress = 3.8
2026-08-25_09:47:35.912086 	EXP 	progress_bar_breaks: progress = 3.8
2026-08-25_09:47:35.928600 	EXP 	progress_bar_breaks: progress = 3.8
2026-08-25_09:47:35.945100 	EXP 	progress_bar_breaks: progress = 3.8
2026-08-25_09:47:35.961712 	EXP 	progress_bar_breaks: progress = 3.8
2026-08-25_09:47:35.978406 	EXP 	progress_bar_breaks: progress = 3.8
2026-08-25_09:47:35.995008 	EXP 	progress_bar_breaks: progress = 3.8
2026-08-25_09:47:36.011714 	EXP 	progress_bar_breaks: progress = 3.8
2026-08-25_09:47:36.028364 	EXP 	progress_bar_breaks: progress = 3.8
2026-08-25_09:47:36.045337 	EXP 	progress_bar_breaks: progress = 3.8
2026-08-25_09:47:36.061719 	EXP 	progress_bar_breaks: progress = 3.8
2026-08-25_09:47:36.078583 	EXP 	progress_bar_breaks: progress = 3.8
2026-08-25_09:47:36.095140 	EXP 	progress_bar_breaks: progress = 3.8
2026-08-25_09:47:36.111771 	EXP 	progress_bar_breaks: progress = 3.8
2026-08-25_09:47:36.128381 	EXP 	progress_bar_breaks: progress = 3.8
2026-08-25_09:47:36.145111 	EXP 	progress_bar_breaks: progress = 3.8
2026-08-25_09:47:36.161813 	EXP 	progress_bar_breaks: progress = 3.8
2026-08-25_09:47:36.178732 	EXP 	progress_bar_breaks: progress = 3.8
2026-08-25_09:47:36.195332 	EXP 	progress_bar_breaks: progress = 3.8
2026-08-25_09:47:36.211806 	EXP 	progress_bar_breaks: progress = 3.8
2026-08-25_09:47:36.228391 	EXP 	progress_bar_breaks: progress = 3.8
2026-08-25_09:47:36.244964 	EXP 	progress_bar_breaks: progress = 3.8
2026-08-25_09:47:36.261680 	EXP 	progress_bar_breaks: progress = 3.8
2026-08-25_09:47:36.278439 	EXP 	progress_bar_breaks: progress = 3.8
2026-08-25_09:47:36.294950 	EXP 	progress_bar_breaks: progress = 3.8
2026-08-25_09:47:36.311844 	EXP 	progress_bar_breaks: progress = 3.8
2026-08-25_09:47:36.328325 	EXP 	progress_bar_breaks: progress = 3.8
2026-08-25_09:47:36.345046 	EXP 	progress_bar_breaks: progress = 3.8
2026-08-25_09:47:36.361802 	EXP 	progress_bar_breaks: progress = 3.8
2026-08-25_09:47:36.378432 	EXP 	progress_bar_breaks: progress = 3.8
2026-08-25_09:47:36.395164 	EXP 	progress_bar_breaks: progress = 3.8
2026-08-25_09:47:36.411653 	EXP 	progress_bar_breaks: progress = 3.8
2026-08-25_09:47:36.428450 	EXP 	progress_bar_breaks: progress = 3.8
2026-08-25_09:47:36.444947 	EXP 	progress_bar_breaks: progress = 3.8
2026-08-25_09:47:36.461649 	EXP 	progress_bar_breaks: progress = 3.8
2026-08-25_09:47:36.478329 	EXP 	progress_bar_breaks: progress = 3.8
2026-08-25_09:47:36.495231 	EXP 	progress_bar_breaks: progress = 3.8
2026-08-25_09:47:36.512056 	EXP 	progress_bar_breaks: progress = 3.8
2026-08-25_09:47:36.528737 	EXP 	progress_bar_breaks: progress = 3.8
2026-08-25_09:47:36.545379 	EXP 	progress_bar_breaks: progress = 3.8
2026-08-25_09:47:36.561681 	EXP 	progress_bar_breaks: progress = 3.8
2026-08-25_09:47:36.578502 	EXP 	progress_bar_breaks: progress = 3.8
2026-08-25_09:47:36.595471 	EXP 	progress_bar_breaks: progress = 3.8
2026-08-25_09:47:36.611894 	EXP 	progress_bar_breaks: progress = 3.8
2026-08-25_09:47:36.628672 	EXP 	progress_bar_breaks: progress = 3.8666666666666667
2026-08-25_09:47:36.645520 	EXP 	progress_bar_breaks: progress = 3.8666666666666667
2026-08-25_09:47:36.662324 	EXP 	progress_bar_breaks: progress = 3.8666666666666667
2026-08-25_09:47:36.678626 	EXP 	progress_bar_breaks: progress = 3.8666666666666667
2026-08-25_09:47:36.695354 	EXP 	progress_bar_breaks: progress = 3.8666666666666667
2026-08-25_09:47:36.712055 	EXP 	progress_bar_breaks: progress = 3.8666666666666667
2026-08-25_09:47:36.728427 	EXP 	progress_bar_breaks: progress = 3.8666666666666667
2026-08-25_09:47:36.744941 	EXP 	progress_bar_breaks: progress = 3.8666666666666667
2026-08-25_09:47:36.761807 	EXP 	progress_bar_breaks: progress = 3.8666666666666667
2026-08-25_09:47:36.778400 	EXP 	progress_bar_breaks: progress = 3.8666666666666667
2026-08-25_09:47:36.795148 	EXP 	progress_bar_breaks: progress = 3.8666666666666667
2026-08-25_09:47:36.811769 	EXP 	progress_bar_breaks: progress = 3.8666666666666667
2026-08-25_09:47:36.828444 	EXP 	progress_bar_breaks: progress = 3.8666666666666667
2026-08-25_09:47:36.845011 	EXP 	progress_bar_breaks: progress = 3.8666666666666667
2026-08-25_09:47:36.861489 	EXP 	progress_bar_breaks: progress = 3.8666666666666667
2026-08-25_09:47:36.878160 	EXP 	progress_bar_breaks: progress = 3.8666666666666667
2026-08-25_09:47:36.894792 	EXP 	progress_bar_breaks: progress = 3.8666666666666667
2026-08-25_09:47:36.911573 	EXP 	progress_bar_breaks: progress = 3.8666666666666667
2026-08-25_09:47:36.928350 	EXP 	progress_bar_breaks: progress = 3.8666666666666667
2026-08-25_09:47:36.944921 	EXP 	progress_bar_breaks: progress = 3.8666666666666667
2026-08-25_09:47:36.961504 	EXP 	progress_bar_breaks: progress = 3.8666666666666667
2026-08-25_09:47:36.978296 	EXP 	progress_bar_breaks: progress = 3.8666666666666667
2026-08-25_09:47:36.994792 	EXP 	progress_bar_breaks: progress = 3.8666666666666667
2026-08-25_09:47:37.011457 	EXP 	progress_bar_breaks: progress = 3.8666666666666667
2026-08-25_09:47:37.028121 	EXP 	progress_bar_breaks: progress = 3.8666666666666667
2026-08-25_09:47:37.044895 	EXP 	progress_bar_breaks: progress = 3.8666666666666667
2026-08-25_09:47:37.061447 	EXP 	progress_bar_breaks: progress = 3.8666666666666667
2026-08-25_09:47:37.078074 	EXP 	progress_bar_breaks: progress = 3.8666666666666667
2026-08-25_09:47:37.094729 	EXP 	progress_bar_breaks: progress = 3.8666666666666667
2026-08-25_09:47:37.111627 	EXP 	progress_bar_breaks: progress = 3.8666666666666667
2026-08-25_09:47:37.128379 	EXP 	progress_bar_breaks: progress = 3.8666666666666667
2026-08-25_09:47:37.144812 	EXP 	progress_bar_breaks: progress = 3.8666666666666667
2026-08-25_09:47:37.161417 	EXP 	progress_bar_breaks: progress = 3.8666666666666667
2026-08-25_09:47:37.178467 	EXP 	progress_bar_breaks: progress = 3.8666666666666667
2026-08-25_09:47:37.194937 	EXP 	progress_bar_breaks: progress = 3.8666666666666667
2026-08-25_09:47:37.211659 	EXP 	progress_bar_breaks: progress = 3.8666666666666667
2026-08-25_09:47:37.228252 	EXP 	progress_bar_breaks: progress = 3.8666666666666667
2026-08-25_09:47:37.244725 	EXP 	progress_bar_breaks: progress = 3.8666666666666667
2026-08-25_09:47:37.261430 	EXP 	progress_bar_breaks: progress = 3.8666666666666667
2026-08-25_09:47:37.278175 	EXP 	progress_bar_breaks: progress = 3.8666666666666667
2026-08-25_09:47:37.294636 	EXP 	progress_bar_breaks: progress = 3.8666666666666667
2026-08-25_09:47:37.311337 	EXP 	progress_bar_breaks: progress = 3.8666666666666667
2026-08-25_09:47:37.328049 	EXP 	progress_bar_breaks: progress = 3.8666666666666667
2026-08-25_09:47:37.344687 	EXP 	progress_bar_breaks: progress = 3.8666666666666667
2026-08-25_09:47:37.361255 	EXP 	progress_bar_breaks: progress = 3.8666666666666667
2026-08-25_09:47:37.378013 	EXP 	progress_bar_breaks: progress = 3.8666666666666667
2026-08-25_09:47:37.394602 	EXP 	progress_bar_breaks: progress = 3.8666666666666667
2026-08-25_09:47:37.411303 	EXP 	progress_bar_breaks: progress = 3.8666666666666667
2026-08-25_09:47:37.428055 	EXP 	progress_bar_breaks: progress = 3.8666666666666667
2026-08-25_09:47:37.444653 	EXP 	progress_bar_breaks: progress = 3.8666666666666667
2026-08-25_09:47:37.461315 	EXP 	progress_bar_breaks: progress = 3.8666666666666667
2026-08-25_09:47:37.478038 	EXP 	progress_bar_breaks: progress = 3.8666666666666667
2026-08-25_09:47:37.494931 	EXP 	progress_bar_breaks: progress = 3.8666666666666667
2026-08-25_09:47:37.511387 	EXP 	progress_bar_breaks: progress = 3.8666666666666667
2026-08-25_09:47:37.527957 	EXP 	progress_bar_breaks: progress = 3.8666666666666667
2026-08-25_09:47:37.544559 	EXP 	progress_bar_breaks: progress = 3.8666666666666667
2026-08-25_09:47:37.561241 	EXP 	progress_bar_breaks: progress = 3.8666666666666667
2026-08-25_09:47:37.577993 	EXP 	progress_bar_breaks: progress = 3.8666666666666667
2026-08-25_09:47:37.594646 	EXP 	progress_bar_breaks: progress = 3.8666666666666667
2026-08-25_09:47:37.611386 	EXP 	progress_bar_breaks: progress = 3.8666666666666667
2026-08-25_09:47:37.627875 	EXP 	progress_bar_breaks: progress = 3.933333333333333
2026-08-25_09:47:37.644521 	EXP 	progress_bar_breaks: progress = 3.933333333333333
2026-08-25_09:47:37.661175 	EXP 	progress_bar_breaks: progress = 3.933333333333333
2026-08-25_09:47:37.677804 	EXP 	progress_bar_breaks: progress = 3.933333333333333
2026-08-25_09:47:37.694570 	EXP 	progress_bar_breaks: progress = 3.933333333333333
2026-08-25_09:47:37.711173 	EXP 	progress_bar_breaks: progress = 3.933333333333333
2026-08-25_09:47:37.727921 	EXP 	progress_bar_breaks: progress = 3.933333333333333
2026-08-25_09:47:37.744608 	EXP 	progress_bar_breaks: progress = 3.933333333333333
2026-08-25_09:47:37.761271 	EXP 	progress_bar_breaks: progress = 3.933333333333333
2026-08-25_09:47:37.778169 	EXP 	progress_bar_breaks: progress = 3.933333333333333
2026-08-25_09:47:37.794481 	EXP 	progress_bar_breaks: progress = 3.933333333333333
2026-08-25_09:47:37.811224 	EXP 	progress_bar_breaks: progress = 3.933333333333333
2026-08-25_09:47:37.828089 	EXP 	progress_bar_breaks: progress = 3.933333333333333
2026-08-25_09:47:37.844764 	EXP 	progress_bar_breaks: progress = 3.933333333333333
2026-08-25_09:47:37.861571 	EXP 	progress_bar_breaks: progress = 3.933333333333333
2026-08-25_09:47:37.878556 	EXP 	progress_bar_breaks: progress = 3.933333333333333
2026-08-25_09:47:37.894837 	EXP 	progress_bar_breaks: progress = 3.933333333333333
2026-08-25_09:47:37.911862 	EXP 	progress_bar_breaks: progress = 3.933333333333333
2026-08-25_09:47:37.928447 	EXP 	progress_bar_breaks: progress = 3.933333333333333
2026-08-25_09:47:37.945295 	EXP 	progress_bar_breaks: progress = 3.933333333333333
2026-08-25_09:47:37.961739 	EXP 	progress_bar_breaks: progress = 3.933333333333333
2026-08-25_09:47:37.978150 	EXP 	progress_bar_breaks: progress = 3.933333333333333
2026-08-25_09:47:37.995018 	EXP 	progress_bar_breaks: progress = 3.933333333333333
2026-08-25_09:47:38.012059 	EXP 	progress_bar_breaks: progress = 3.933333333333333
2026-08-25_09:47:38.028075 	EXP 	progress_bar_breaks: progress = 3.933333333333333
2026-08-25_09:47:38.045057 	EXP 	progress_bar_breaks: progress = 3.933333333333333
2026-08-25_09:47:38.061566 	EXP 	progress_bar_breaks: progress = 3.933333333333333
2026-08-25_09:47:38.078069 	EXP 	progress_bar_breaks: progress = 3.933333333333333
2026-08-25_09:47:38.094706 	EXP 	progress_bar_breaks: progress = 3.933333333333333
2026-08-25_09:47:38.111198 	EXP 	progress_bar_breaks: progress = 3.933333333333333
2026-08-25_09:47:38.127961 	EXP 	progress_bar_breaks: progress = 3.933333333333333
2026-08-25_09:47:38.144603 	EXP 	progress_bar_breaks: progress = 3.933333333333333
2026-08-25_09:47:38.161162 	EXP 	progress_bar_breaks: progress = 3.933333333333333
2026-08-25_09:47:38.177831 	EXP 	progress_bar_breaks: progress = 3.933333333333333
2026-08-25_09:47:38.194469 	EXP 	progress_bar_breaks: progress = 3.933333333333333
2026-08-25_09:47:38.211440 	EXP 	progress_bar_breaks: progress = 3.933333333333333
2026-08-25_09:47:38.227774 	EXP 	progress_bar_breaks: progress = 3.933333333333333
2026-08-25_09:47:38.244526 	EXP 	progress_bar_breaks: progress = 3.933333333333333
2026-08-25_09:47:38.261125 	EXP 	progress_bar_breaks: progress = 3.933333333333333
2026-08-25_09:47:38.278292 	EXP 	progress_bar_breaks: progress = 3.933333333333333
2026-08-25_09:47:38.294340 	EXP 	progress_bar_breaks: progress = 3.933333333333333
2026-08-25_09:47:38.311092 	EXP 	progress_bar_breaks: progress = 3.933333333333333
2026-08-25_09:47:38.327771 	EXP 	progress_bar_breaks: progress = 3.933333333333333
2026-08-25_09:47:38.344423 	EXP 	progress_bar_breaks: progress = 3.933333333333333
2026-08-25_09:47:38.361214 	EXP 	progress_bar_breaks: progress = 3.933333333333333
2026-08-25_09:47:38.377886 	EXP 	progress_bar_breaks: progress = 3.933333333333333
2026-08-25_09:47:38.394409 	EXP 	progress_bar_breaks: progress = 3.933333333333333
2026-08-25_09:47:38.411104 	EXP 	progress_bar_breaks: progress = 3.933333333333333
2026-08-25_09:47:38.427605 	EXP 	progress_bar_breaks: progress = 3.933333333333333
2026-08-25_09:47:38.444324 	EXP 	progress_bar_breaks: progress = 3.933333333333333
2026-08-25_09:47:38.460933 	EXP 	progress_bar_breaks: progress = 3.933333333333333
2026-08-25_09:47:38.477841 	EXP 	progress_bar_breaks: progress = 3.933333333333333
2026-08-25_09:47:38.494391 	EXP 	progress_bar_breaks: progress = 3.933333333333333
2026-08-25_09:47:38.510966 	EXP 	progress_bar_breaks: progress = 3.933333333333333
2026-08-25_09:47:38.527528 	EXP 	progress_bar_breaks: progress = 3.933333333333333
2026-08-25_09:47:38.544266 	EXP 	progress_bar_breaks: progress = 3.933333333333333
2026-08-25_09:47:38.560979 	EXP 	progress_bar_breaks: progress = 3.933333333333333
2026-08-25_09:47:38.577570 	EXP 	progress_bar_breaks: progress = 3.933333333333333
2026-08-25_09:47:38.594246 	EXP 	progress_bar_breaks: progress = 3.933333333333333
2026-08-25_09:47:38.611188 	EXP 	progress_bar_breaks: progress = 3.933333333333333
2026-08-25_09:47:38.627681 	EXP 	progress_bar_breaks: progress = 4.0
2026-08-25_09:47:38.644238 	EXP 	progress_bar_breaks: progress = 4.0
2026-08-25_09:47:38.660869 	EXP 	progress_bar_breaks: progress = 4.0
2026-08-25_09:47:38.677743 	EXP 	progress_bar_breaks: progress = 4.0
2026-08-25_09:47:38.694201 	EXP 	progress_bar_breaks: progress = 4.0
2026-08-25_09:47:38.710898 	EXP 	progress_bar_breaks: progress = 4.0
2026-08-25_09:47:38.727597 	EXP 	progress_bar_breaks: progress = 4.0
2026-08-25_09:47:38.744240 	EXP 	progress_bar_breaks: progress = 4.0
2026-08-25_09:47:38.760956 	EXP 	progress_bar_breaks: progress = 4.0
2026-08-25_09:47:38.777496 	EXP 	progress_bar_breaks: progress = 4.0
2026-08-25_09:47:38.794183 	EXP 	progress_bar_breaks: progress = 4.0
2026-08-25_09:47:38.810945 	EXP 	progress_bar_breaks: progress = 4.0
2026-08-25_09:47:38.827691 	EXP 	progress_bar_breaks: progress = 4.0
2026-08-25_09:47:38.844139 	EXP 	progress_bar_breaks: progress = 4.0
2026-08-25_09:47:38.860867 	EXP 	progress_bar_breaks: progress = 4.0
2026-08-25_09:47:38.877488 	EXP 	progress_bar_breaks: progress = 4.0
2026-08-25_09:47:38.894113 	EXP 	progress_bar_breaks: progress = 4.0
2026-08-25_09:47:38.910818 	EXP 	progress_bar_breaks: progress = 4.0
2026-08-25_09:47:38.927520 	EXP 	progress_bar_breaks: progress = 4.0
2026-08-25_09:47:38.944217 	EXP 	progress_bar_breaks: progress = 4.0
2026-08-25_09:47:38.960742 	EXP 	progress_bar_breaks: progress = 4.0
2026-08-25_09:47:38.977453 	EXP 	progress_bar_breaks: progress = 4.0
2026-08-25_09:47:38.994185 	EXP 	progress_bar_breaks: progress = 4.0
2026-08-25_09:47:39.010989 	EXP 	progress_bar_breaks: progress = 4.0
2026-08-25_09:47:39.027477 	EXP 	progress_bar_breaks: progress = 4.0
2026-08-25_09:47:39.044199 	EXP 	progress_bar_breaks: progress = 4.0
2026-08-25_09:47:39.060971 	EXP 	progress_bar_breaks: progress = 4.0
2026-08-25_09:47:39.077507 	EXP 	progress_bar_breaks: progress = 4.0
2026-08-25_09:47:39.094405 	EXP 	progress_bar_breaks: progress = 4.0
2026-08-25_09:47:39.111112 	EXP 	progress_bar_breaks: progress = 4.0
2026-08-25_09:47:39.127681 	EXP 	progress_bar_breaks: progress = 4.0
2026-08-25_09:47:39.144362 	EXP 	progress_bar_breaks: progress = 4.0
2026-08-25_09:47:39.160839 	EXP 	progress_bar_breaks: progress = 4.0
2026-08-25_09:47:39.177974 	EXP 	progress_bar_breaks: progress = 4.0
2026-08-25_09:47:39.194412 	EXP 	progress_bar_breaks: progress = 4.0
2026-08-25_09:47:39.211340 	EXP 	progress_bar_breaks: progress = 4.0
2026-08-25_09:47:39.227694 	EXP 	progress_bar_breaks: progress = 4.0
2026-08-25_09:47:39.244502 	EXP 	progress_bar_breaks: progress = 4.0
2026-08-25_09:47:39.260891 	EXP 	progress_bar_breaks: progress = 4.0
2026-08-25_09:47:39.278197 	EXP 	progress_bar_breaks: progress = 4.0
2026-08-25_09:47:39.294034 	EXP 	progress_bar_breaks: progress = 4.0
2026-08-25_09:47:39.310638 	EXP 	progress_bar_breaks: progress = 4.0
2026-08-25_09:47:39.327351 	EXP 	progress_bar_breaks: progress = 4.0
2026-08-25_09:47:39.344038 	EXP 	progress_bar_breaks: progress = 4.0
2026-08-25_09:47:39.360654 	EXP 	progress_bar_breaks: progress = 4.0
2026-08-25_09:47:39.377278 	EXP 	progress_bar_breaks: progress = 4.0
2026-08-25_09:47:39.394027 	EXP 	progress_bar_breaks: progress = 4.0
2026-08-25_09:47:39.410608 	EXP 	progress_bar_breaks: progress = 4.0
2026-08-25_09:47:39.427270 	EXP 	progress_bar_breaks: progress = 4.0
2026-08-25_09:47:39.443943 	EXP 	progress_bar_breaks: progress = 4.0
2026-08-25_09:47:39.460659 	EXP 	progress_bar_breaks: progress = 4.0
2026-08-25_09:47:39.477286 	EXP 	progress_bar_breaks: progress = 4.0
2026-08-25_09:47:39.493993 	EXP 	progress_bar_breaks: progress = 4.0
2026-08-25_09:47:39.510653 	EXP 	progress_bar_breaks: progress = 4.0
2026-08-25_09:47:39.527289 	EXP 	progress_bar_breaks: progress = 4.0
2026-08-25_09:47:39.544363 	EXP 	progress_bar_breaks: progress = 4.0
2026-08-25_09:47:39.560647 	EXP 	progress_bar_breaks: progress = 4.0
2026-08-25_09:47:39.577314 	EXP 	progress_bar_breaks: progress = 4.0
2026-08-25_09:47:39.593866 	EXP 	progress_bar_breaks: progress = 4.0
2026-08-25_09:47:39.610581 	EXP 	progress_bar_breaks: progress = 4.0
2026-08-25_09:47:39.627313 	EXP 	progress_bar_breaks: progress = 4.066666666666666
2026-08-25_09:47:39.644163 	EXP 	progress_bar_breaks: progress = 4.066666666666666
2026-08-25_09:47:39.660671 	EXP 	progress_bar_breaks: progress = 4.066666666666666
2026-08-25_09:47:39.677178 	EXP 	progress_bar_breaks: progress = 4.066666666666666
2026-08-25_09:47:39.693874 	EXP 	progress_bar_breaks: progress = 4.066666666666666
2026-08-25_09:47:39.710602 	EXP 	progress_bar_breaks: progress = 4.066666666666666
2026-08-25_09:47:39.727257 	EXP 	progress_bar_breaks: progress = 4.066666666666666
2026-08-25_09:47:39.744031 	EXP 	progress_bar_breaks: progress = 4.066666666666666
2026-08-25_09:47:39.760694 	EXP 	progress_bar_breaks: progress = 4.066666666666666
2026-08-25_09:47:39.777225 	EXP 	progress_bar_breaks: progress = 4.066666666666666
2026-08-25_09:47:39.793969 	EXP 	progress_bar_breaks: progress = 4.066666666666666
2026-08-25_09:47:39.810815 	EXP 	progress_bar_breaks: progress = 4.066666666666666
2026-08-25_09:47:39.827196 	EXP 	progress_bar_breaks: progress = 4.066666666666666
2026-08-25_09:47:39.843788 	EXP 	progress_bar_breaks: progress = 4.066666666666666
2026-08-25_09:47:39.860627 	EXP 	progress_bar_breaks: progress = 4.066666666666666
2026-08-25_09:47:39.877097 	EXP 	progress_bar_breaks: progress = 4.066666666666666
2026-08-25_09:47:39.893878 	EXP 	progress_bar_breaks: progress = 4.066666666666666
2026-08-25_09:47:39.910825 	EXP 	progress_bar_breaks: progress = 4.066666666666666
2026-08-25_09:47:39.927188 	EXP 	progress_bar_breaks: progress = 4.066666666666666
2026-08-25_09:47:39.943932 	EXP 	progress_bar_breaks: progress = 4.066666666666666
2026-08-25_09:47:39.960598 	EXP 	progress_bar_breaks: progress = 4.066666666666666
2026-08-25_09:47:39.977312 	EXP 	progress_bar_breaks: progress = 4.066666666666666
2026-08-25_09:47:39.993858 	EXP 	progress_bar_breaks: progress = 4.066666666666666
2026-08-25_09:47:40.010534 	EXP 	progress_bar_breaks: progress = 4.066666666666666
2026-08-25_09:47:40.027152 	EXP 	progress_bar_breaks: progress = 4.066666666666666
2026-08-25_09:47:40.043848 	EXP 	progress_bar_breaks: progress = 4.066666666666666
2026-08-25_09:47:40.060614 	EXP 	progress_bar_breaks: progress = 4.066666666666666
2026-08-25_09:47:40.077384 	EXP 	progress_bar_breaks: progress = 4.066666666666666
2026-08-25_09:47:40.093728 	EXP 	progress_bar_breaks: progress = 4.066666666666666
2026-08-25_09:47:40.110520 	EXP 	progress_bar_breaks: progress = 4.066666666666666
2026-08-25_09:47:40.127186 	EXP 	progress_bar_breaks: progress = 4.066666666666666
2026-08-25_09:47:40.143898 	EXP 	progress_bar_breaks: progress = 4.066666666666666
2026-08-25_09:47:40.160478 	EXP 	progress_bar_breaks: progress = 4.066666666666666
2026-08-25_09:47:40.177091 	EXP 	progress_bar_breaks: progress = 4.066666666666666
2026-08-25_09:47:40.193729 	EXP 	progress_bar_breaks: progress = 4.066666666666666
2026-08-25_09:47:40.210505 	EXP 	progress_bar_breaks: progress = 4.066666666666666
2026-08-25_09:47:40.227120 	EXP 	progress_bar_breaks: progress = 4.066666666666666
2026-08-25_09:47:40.243757 	EXP 	progress_bar_breaks: progress = 4.066666666666666
2026-08-25_09:47:40.260540 	EXP 	progress_bar_breaks: progress = 4.066666666666666
2026-08-25_09:47:40.277719 	EXP 	progress_bar_breaks: progress = 4.066666666666666
2026-08-25_09:47:40.294197 	EXP 	progress_bar_breaks: progress = 4.066666666666666
2026-08-25_09:47:40.311198 	EXP 	progress_bar_breaks: progress = 4.066666666666666
2026-08-25_09:47:40.327291 	EXP 	progress_bar_breaks: progress = 4.066666666666666
2026-08-25_09:47:40.344110 	EXP 	progress_bar_breaks: progress = 4.066666666666666
2026-08-25_09:47:40.360818 	EXP 	progress_bar_breaks: progress = 4.066666666666666
2026-08-25_09:47:40.377454 	EXP 	progress_bar_breaks: progress = 4.066666666666666
2026-08-25_09:47:40.393885 	EXP 	progress_bar_breaks: progress = 4.066666666666666
2026-08-25_09:47:40.410606 	EXP 	progress_bar_breaks: progress = 4.066666666666666
2026-08-25_09:47:40.427275 	EXP 	progress_bar_breaks: progress = 4.066666666666666
2026-08-25_09:47:40.444050 	EXP 	progress_bar_breaks: progress = 4.066666666666666
2026-08-25_09:47:40.460668 	EXP 	progress_bar_breaks: progress = 4.066666666666666
2026-08-25_09:47:40.477107 	EXP 	progress_bar_breaks: progress = 4.066666666666666
2026-08-25_09:47:40.493666 	EXP 	progress_bar_breaks: progress = 4.066666666666666
2026-08-25_09:47:40.510399 	EXP 	progress_bar_breaks: progress = 4.066666666666666
2026-08-25_09:47:40.527152 	EXP 	progress_bar_breaks: progress = 4.066666666666666
2026-08-25_09:47:40.544166 	EXP 	progress_bar_breaks: progress = 4.066666666666666
2026-08-25_09:47:40.560425 	EXP 	progress_bar_breaks: progress = 4.066666666666666
2026-08-25_09:47:40.576924 	EXP 	progress_bar_breaks: progress = 4.066666666666666
2026-08-25_09:47:40.593694 	EXP 	progress_bar_breaks: progress = 4.066666666666666
2026-08-25_09:47:40.610362 	EXP 	progress_bar_breaks: progress = 4.066666666666666
2026-08-25_09:47:40.627170 	EXP 	progress_bar_breaks: progress = 4.133333333333333
2026-08-25_09:47:40.643957 	EXP 	progress_bar_breaks: progress = 4.133333333333333
2026-08-25_09:47:40.660293 	EXP 	progress_bar_breaks: progress = 4.133333333333333
2026-08-25_09:47:40.676874 	EXP 	progress_bar_breaks: progress = 4.133333333333333
2026-08-25_09:47:40.693698 	EXP 	progress_bar_breaks: progress = 4.133333333333333
2026-08-25_09:47:40.710264 	EXP 	progress_bar_breaks: progress = 4.133333333333333
2026-08-25_09:47:40.727150 	EXP 	progress_bar_breaks: progress = 4.133333333333333
2026-08-25_09:47:40.743579 	EXP 	progress_bar_breaks: progress = 4.133333333333333
2026-08-25_09:47:40.760392 	EXP 	progress_bar_breaks: progress = 4.133333333333333
2026-08-25_09:47:40.776888 	EXP 	progress_bar_breaks: progress = 4.133333333333333
2026-08-25_09:47:40.793539 	EXP 	progress_bar_breaks: progress = 4.133333333333333
2026-08-25_09:47:40.810352 	EXP 	progress_bar_breaks: progress = 4.133333333333333
2026-08-25_09:47:40.826923 	EXP 	progress_bar_breaks: progress = 4.133333333333333
2026-08-25_09:47:40.844006 	EXP 	progress_bar_breaks: progress = 4.133333333333333
2026-08-25_09:47:40.860177 	EXP 	progress_bar_breaks: progress = 4.133333333333333
2026-08-25_09:47:40.876948 	EXP 	progress_bar_breaks: progress = 4.133333333333333
2026-08-25_09:47:40.893568 	EXP 	progress_bar_breaks: progress = 4.133333333333333
2026-08-25_09:47:40.910122 	EXP 	progress_bar_breaks: progress = 4.133333333333333
2026-08-25_09:47:40.926932 	EXP 	progress_bar_breaks: progress = 4.133333333333333
2026-08-25_09:47:40.943532 	EXP 	progress_bar_breaks: progress = 4.133333333333333
2026-08-25_09:47:40.960495 	EXP 	progress_bar_breaks: progress = 4.133333333333333
2026-08-25_09:47:40.977078 	EXP 	progress_bar_breaks: progress = 4.133333333333333
2026-08-25_09:47:40.993587 	EXP 	progress_bar_breaks: progress = 4.133333333333333
2026-08-25_09:47:41.010192 	EXP 	progress_bar_breaks: progress = 4.133333333333333
2026-08-25_09:47:41.026941 	EXP 	progress_bar_breaks: progress = 4.133333333333333
2026-08-25_09:47:41.043687 	EXP 	progress_bar_breaks: progress = 4.133333333333333
2026-08-25_09:47:41.060139 	EXP 	progress_bar_breaks: progress = 4.133333333333333
2026-08-25_09:47:41.076847 	EXP 	progress_bar_breaks: progress = 4.133333333333333
2026-08-25_09:47:41.093478 	EXP 	progress_bar_breaks: progress = 4.133333333333333
2026-08-25_09:47:41.110385 	EXP 	progress_bar_breaks: progress = 4.133333333333333
2026-08-25_09:47:41.126818 	EXP 	progress_bar_breaks: progress = 4.133333333333333
2026-08-25_09:47:41.143527 	EXP 	progress_bar_breaks: progress = 4.133333333333333
2026-08-25_09:47:41.160197 	EXP 	progress_bar_breaks: progress = 4.133333333333333
2026-08-25_09:47:41.176841 	EXP 	progress_bar_breaks: progress = 4.133333333333333
2026-08-25_09:47:41.193900 	EXP 	progress_bar_breaks: progress = 4.133333333333333
2026-08-25_09:47:41.210371 	EXP 	progress_bar_breaks: progress = 4.133333333333333
2026-08-25_09:47:41.226773 	EXP 	progress_bar_breaks: progress = 4.133333333333333
2026-08-25_09:47:41.243603 	EXP 	progress_bar_breaks: progress = 4.133333333333333
2026-08-25_09:47:41.260244 	EXP 	progress_bar_breaks: progress = 4.133333333333333
2026-08-25_09:47:41.276881 	EXP 	progress_bar_breaks: progress = 4.133333333333333
2026-08-25_09:47:41.293756 	EXP 	progress_bar_breaks: progress = 4.133333333333333
2026-08-25_09:47:41.310139 	EXP 	progress_bar_breaks: progress = 4.133333333333333
2026-08-25_09:47:41.326796 	EXP 	progress_bar_breaks: progress = 4.133333333333333
2026-08-25_09:47:41.343329 	EXP 	progress_bar_breaks: progress = 4.133333333333333
2026-08-25_09:47:41.359965 	EXP 	progress_bar_breaks: progress = 4.133333333333333
2026-08-25_09:47:41.376771 	EXP 	progress_bar_breaks: progress = 4.133333333333333
2026-08-25_09:47:41.393356 	EXP 	progress_bar_breaks: progress = 4.133333333333333
2026-08-25_09:47:41.409967 	EXP 	progress_bar_breaks: progress = 4.133333333333333
2026-08-25_09:47:41.426800 	EXP 	progress_bar_breaks: progress = 4.133333333333333
2026-08-25_09:47:41.443456 	EXP 	progress_bar_breaks: progress = 4.133333333333333
2026-08-25_09:47:41.460298 	EXP 	progress_bar_breaks: progress = 4.133333333333333
2026-08-25_09:47:41.477014 	EXP 	progress_bar_breaks: progress = 4.133333333333333
2026-08-25_09:47:41.493721 	EXP 	progress_bar_breaks: progress = 4.133333333333333
2026-08-25_09:47:41.510497 	EXP 	progress_bar_breaks: progress = 4.133333333333333
2026-08-25_09:47:41.527143 	EXP 	progress_bar_breaks: progress = 4.133333333333333
2026-08-25_09:47:41.543564 	EXP 	progress_bar_breaks: progress = 4.133333333333333
2026-08-25_09:47:41.560438 	EXP 	progress_bar_breaks: progress = 4.133333333333333
2026-08-25_09:47:41.576877 	EXP 	progress_bar_breaks: progress = 4.133333333333333
2026-08-25_09:47:41.593554 	EXP 	progress_bar_breaks: progress = 4.133333333333333
2026-08-25_09:47:41.610229 	EXP 	progress_bar_breaks: progress = 4.133333333333333
2026-08-25_09:47:41.627141 	EXP 	progress_bar_breaks: progress = 4.2
2026-08-25_09:47:41.643522 	EXP 	progress_bar_breaks: progress = 4.2
2026-08-25_09:47:41.660417 	EXP 	progress_bar_breaks: progress = 4.2
2026-08-25_09:47:41.676739 	EXP 	progress_bar_breaks: progress = 4.2
2026-08-25_09:47:41.693539 	EXP 	progress_bar_breaks: progress = 4.2
2026-08-25_09:47:41.709934 	EXP 	progress_bar_breaks: progress = 4.2
2026-08-25_09:47:41.726561 	EXP 	progress_bar_breaks: progress = 4.2
2026-08-25_09:47:41.743327 	EXP 	progress_bar_breaks: progress = 4.2
2026-08-25_09:47:41.760115 	EXP 	progress_bar_breaks: progress = 4.2
2026-08-25_09:47:41.776738 	EXP 	progress_bar_breaks: progress = 4.2
2026-08-25_09:47:41.793262 	EXP 	progress_bar_breaks: progress = 4.2
2026-08-25_09:47:41.810030 	EXP 	progress_bar_breaks: progress = 4.2
2026-08-25_09:47:41.826752 	EXP 	progress_bar_breaks: progress = 4.2
2026-08-25_09:47:41.843232 	EXP 	progress_bar_breaks: progress = 4.2
2026-08-25_09:47:41.860069 	EXP 	progress_bar_breaks: progress = 4.2
2026-08-25_09:47:41.876899 	EXP 	progress_bar_breaks: progress = 4.2
2026-08-25_09:47:41.893303 	EXP 	progress_bar_breaks: progress = 4.2
2026-08-25_09:47:41.909933 	EXP 	progress_bar_breaks: progress = 4.2
2026-08-25_09:47:41.926691 	EXP 	progress_bar_breaks: progress = 4.2
2026-08-25_09:47:41.943284 	EXP 	progress_bar_breaks: progress = 4.2
2026-08-25_09:47:41.960060 	EXP 	progress_bar_breaks: progress = 4.2
2026-08-25_09:47:41.976690 	EXP 	progress_bar_breaks: progress = 4.2
2026-08-25_09:47:41.993253 	EXP 	progress_bar_breaks: progress = 4.2
2026-08-25_09:47:42.010134 	EXP 	progress_bar_breaks: progress = 4.2
2026-08-25_09:47:42.026538 	EXP 	progress_bar_breaks: progress = 4.2
2026-08-25_09:47:42.043250 	EXP 	progress_bar_breaks: progress = 4.2
2026-08-25_09:47:42.059864 	EXP 	progress_bar_breaks: progress = 4.2
2026-08-25_09:47:42.076419 	EXP 	progress_bar_breaks: progress = 4.2
2026-08-25_09:47:42.093184 	EXP 	progress_bar_breaks: progress = 4.2
2026-08-25_09:47:42.109785 	EXP 	progress_bar_breaks: progress = 4.2
2026-08-25_09:47:42.126467 	EXP 	progress_bar_breaks: progress = 4.2
2026-08-25_09:47:42.143129 	EXP 	progress_bar_breaks: progress = 4.2
2026-08-25_09:47:42.159729 	EXP 	progress_bar_breaks: progress = 4.2
2026-08-25_09:47:42.176488 	EXP 	progress_bar_breaks: progress = 4.2
2026-08-25_09:47:42.193031 	EXP 	progress_bar_breaks: progress = 4.2
2026-08-25_09:47:42.209783 	EXP 	progress_bar_breaks: progress = 4.2
2026-08-25_09:47:42.226413 	EXP 	progress_bar_breaks: progress = 4.2
2026-08-25_09:47:42.243020 	EXP 	progress_bar_breaks: progress = 4.2
2026-08-25_09:47:42.259736 	EXP 	progress_bar_breaks: progress = 4.2
2026-08-25_09:47:42.276458 	EXP 	progress_bar_breaks: progress = 4.2
2026-08-25_09:47:42.292980 	EXP 	progress_bar_breaks: progress = 4.2
2026-08-25_09:47:42.309744 	EXP 	progress_bar_breaks: progress = 4.2
2026-08-25_09:47:42.326467 	EXP 	progress_bar_breaks: progress = 4.2
2026-08-25_09:47:42.343018 	EXP 	progress_bar_breaks: progress = 4.2
2026-08-25_09:47:42.359937 	EXP 	progress_bar_breaks: progress = 4.2
2026-08-25_09:47:42.376379 	EXP 	progress_bar_breaks: progress = 4.2
2026-08-25_09:47:42.392983 	EXP 	progress_bar_breaks: progress = 4.2
2026-08-25_09:47:42.409728 	EXP 	progress_bar_breaks: progress = 4.2
2026-08-25_09:47:42.426399 	EXP 	progress_bar_breaks: progress = 4.2
2026-08-25_09:47:42.443106 	EXP 	progress_bar_breaks: progress = 4.2
2026-08-25_09:47:42.459630 	EXP 	progress_bar_breaks: progress = 4.2
2026-08-25_09:47:42.476372 	EXP 	progress_bar_breaks: progress = 4.2
2026-08-25_09:47:42.493070 	EXP 	progress_bar_breaks: progress = 4.2
2026-08-25_09:47:42.510003 	EXP 	progress_bar_breaks: progress = 4.2
2026-08-25_09:47:42.526442 	EXP 	progress_bar_breaks: progress = 4.2
2026-08-25_09:47:42.543242 	EXP 	progress_bar_breaks: progress = 4.2
2026-08-25_09:47:42.559768 	EXP 	progress_bar_breaks: progress = 4.2
2026-08-25_09:47:42.576661 	EXP 	progress_bar_breaks: progress = 4.2
2026-08-25_09:47:42.593183 	EXP 	progress_bar_breaks: progress = 4.2
2026-08-25_09:47:42.609670 	EXP 	progress_bar_breaks: progress = 4.2
2026-08-25_09:47:42.626644 	EXP 	progress_bar_breaks: progress = 4.266666666666667
2026-08-25_09:47:42.643218 	EXP 	progress_bar_breaks: progress = 4.266666666666667
2026-08-25_09:47:42.660026 	EXP 	progress_bar_breaks: progress = 4.266666666666667
2026-08-25_09:47:42.676470 	EXP 	progress_bar_breaks: progress = 4.266666666666667
2026-08-25_09:47:42.693217 	EXP 	progress_bar_breaks: progress = 4.266666666666667
2026-08-25_09:47:42.709854 	EXP 	progress_bar_breaks: progress = 4.266666666666667
2026-08-25_09:47:42.726597 	EXP 	progress_bar_breaks: progress = 4.266666666666667
2026-08-25_09:47:42.743323 	EXP 	progress_bar_breaks: progress = 4.266666666666667
2026-08-25_09:47:42.759894 	EXP 	progress_bar_breaks: progress = 4.266666666666667
2026-08-25_09:47:42.776796 	EXP 	progress_bar_breaks: progress = 4.266666666666667
2026-08-25_09:47:42.793218 	EXP 	progress_bar_breaks: progress = 4.266666666666667
2026-08-25_09:47:42.809763 	EXP 	progress_bar_breaks: progress = 4.266666666666667
2026-08-25_09:47:42.826578 	EXP 	progress_bar_breaks: progress = 4.266666666666667
2026-08-25_09:47:42.843737 	EXP 	progress_bar_breaks: progress = 4.266666666666667
2026-08-25_09:47:42.859906 	EXP 	progress_bar_breaks: progress = 4.266666666666667
2026-08-25_09:47:42.876628 	EXP 	progress_bar_breaks: progress = 4.266666666666667
2026-08-25_09:47:42.893114 	EXP 	progress_bar_breaks: progress = 4.266666666666667
2026-08-25_09:47:42.909858 	EXP 	progress_bar_breaks: progress = 4.266666666666667
2026-08-25_09:47:42.926394 	EXP 	progress_bar_breaks: progress = 4.266666666666667
2026-08-25_09:47:42.942900 	EXP 	progress_bar_breaks: progress = 4.266666666666667
2026-08-25_09:47:42.959685 	EXP 	progress_bar_breaks: progress = 4.266666666666667
2026-08-25_09:47:42.976303 	EXP 	progress_bar_breaks: progress = 4.266666666666667
2026-08-25_09:47:42.992898 	EXP 	progress_bar_breaks: progress = 4.266666666666667
2026-08-25_09:47:43.009670 	EXP 	progress_bar_breaks: progress = 4.266666666666667
2026-08-25_09:47:43.026473 	EXP 	progress_bar_breaks: progress = 4.266666666666667
2026-08-25_09:47:43.043173 	EXP 	progress_bar_breaks: progress = 4.266666666666667
2026-08-25_09:47:43.059586 	EXP 	progress_bar_breaks: progress = 4.266666666666667
2026-08-25_09:47:43.076259 	EXP 	progress_bar_breaks: progress = 4.266666666666667
2026-08-25_09:47:43.093065 	EXP 	progress_bar_breaks: progress = 4.266666666666667
2026-08-25_09:47:43.109560 	EXP 	progress_bar_breaks: progress = 4.266666666666667
2026-08-25_09:47:43.126089 	EXP 	progress_bar_breaks: progress = 4.266666666666667
2026-08-25_09:47:43.142813 	EXP 	progress_bar_breaks: progress = 4.266666666666667
2026-08-25_09:47:43.159445 	EXP 	progress_bar_breaks: progress = 4.266666666666667
2026-08-25_09:47:43.176106 	EXP 	progress_bar_breaks: progress = 4.266666666666667
2026-08-25_09:47:43.192842 	EXP 	progress_bar_breaks: progress = 4.266666666666667
2026-08-25_09:47:43.209727 	EXP 	progress_bar_breaks: progress = 4.266666666666667
2026-08-25_09:47:43.226131 	EXP 	progress_bar_breaks: progress = 4.266666666666667
2026-08-25_09:47:43.242821 	EXP 	progress_bar_breaks: progress = 4.266666666666667
2026-08-25_09:47:43.259451 	EXP 	progress_bar_breaks: progress = 4.266666666666667
2026-08-25_09:47:43.276056 	EXP 	progress_bar_breaks: progress = 4.266666666666667
2026-08-25_09:47:43.292727 	EXP 	progress_bar_breaks: progress = 4.266666666666667
2026-08-25_09:47:43.309595 	EXP 	progress_bar_breaks: progress = 4.266666666666667
2026-08-25_09:47:43.326933 	EXP 	progress_bar_breaks: progress = 4.266666666666667
2026-08-25_09:47:43.343303 	EXP 	progress_bar_breaks: progress = 4.266666666666667
2026-08-25_09:47:43.359567 	EXP 	progress_bar_breaks: progress = 4.266666666666667
2026-08-25_09:47:43.376742 	EXP 	progress_bar_breaks: progress = 4.266666666666667
2026-08-25_09:47:43.392897 	EXP 	progress_bar_breaks: progress = 4.266666666666667
2026-08-25_09:47:43.409423 	EXP 	progress_bar_breaks: progress = 4.266666666666667
2026-08-25_09:47:43.426117 	EXP 	progress_bar_breaks: progress = 4.266666666666667
2026-08-25_09:47:43.442749 	EXP 	progress_bar_breaks: progress = 4.266666666666667
2026-08-25_09:47:43.459357 	EXP 	progress_bar_breaks: progress = 4.266666666666667
2026-08-25_09:47:43.476298 	EXP 	progress_bar_breaks: progress = 4.266666666666667
2026-08-25_09:47:43.492794 	EXP 	progress_bar_breaks: progress = 4.266666666666667
2026-08-25_09:47:43.509426 	EXP 	progress_bar_breaks: progress = 4.266666666666667
2026-08-25_09:47:43.526098 	EXP 	progress_bar_breaks: progress = 4.266666666666667
2026-08-25_09:47:43.542680 	EXP 	progress_bar_breaks: progress = 4.266666666666667
2026-08-25_09:47:43.559334 	EXP 	progress_bar_breaks: progress = 4.266666666666667
2026-08-25_09:47:43.576191 	EXP 	progress_bar_breaks: progress = 4.266666666666667
2026-08-25_09:47:43.592918 	EXP 	progress_bar_breaks: progress = 4.266666666666667
2026-08-25_09:47:43.609423 	EXP 	progress_bar_breaks: progress = 4.266666666666667
2026-08-25_09:47:43.626121 	EXP 	progress_bar_breaks: progress = 4.333333333333334
2026-08-25_09:47:43.642765 	EXP 	progress_bar_breaks: progress = 4.333333333333334
2026-08-25_09:47:43.659575 	EXP 	progress_bar_breaks: progress = 4.333333333333334
2026-08-25_09:47:43.676160 	EXP 	progress_bar_breaks: progress = 4.333333333333334
2026-08-25_09:47:43.692804 	EXP 	progress_bar_breaks: progress = 4.333333333333334
2026-08-25_09:47:43.709377 	EXP 	progress_bar_breaks: progress = 4.333333333333334
2026-08-25_09:47:43.725980 	EXP 	progress_bar_breaks: progress = 4.333333333333334
2026-08-25_09:47:43.742596 	EXP 	progress_bar_breaks: progress = 4.333333333333334
2026-08-25_09:47:43.759345 	EXP 	progress_bar_breaks: progress = 4.333333333333334
2026-08-25_09:47:43.776072 	EXP 	progress_bar_breaks: progress = 4.333333333333334
2026-08-25_09:47:43.792667 	EXP 	progress_bar_breaks: progress = 4.333333333333334
2026-08-25_09:47:43.809341 	EXP 	progress_bar_breaks: progress = 4.333333333333334
2026-08-25_09:47:43.825992 	EXP 	progress_bar_breaks: progress = 4.333333333333334
2026-08-25_09:47:43.842850 	EXP 	progress_bar_breaks: progress = 4.333333333333334
2026-08-25_09:47:43.859320 	EXP 	progress_bar_breaks: progress = 4.333333333333334
2026-08-25_09:47:43.876035 	EXP 	progress_bar_breaks: progress = 4.333333333333334
2026-08-25_09:47:43.892813 	EXP 	progress_bar_breaks: progress = 4.333333333333334
2026-08-25_09:47:43.909315 	EXP 	progress_bar_breaks: progress = 4.333333333333334
2026-08-25_09:47:43.926259 	EXP 	progress_bar_breaks: progress = 4.333333333333334
2026-08-25_09:47:43.943351 	EXP 	progress_bar_breaks: progress = 4.333333333333334
2026-08-25_09:47:43.959605 	EXP 	progress_bar_breaks: progress = 4.333333333333334
2026-08-25_09:47:43.976166 	EXP 	progress_bar_breaks: progress = 4.333333333333334
2026-08-25_09:47:43.993069 	EXP 	progress_bar_breaks: progress = 4.333333333333334
2026-08-25_09:47:44.009536 	EXP 	progress_bar_breaks: progress = 4.333333333333334
2026-08-25_09:47:44.026301 	EXP 	progress_bar_breaks: progress = 4.333333333333334
2026-08-25_09:47:44.043296 	EXP 	progress_bar_breaks: progress = 4.333333333333334
2026-08-25_09:47:44.059784 	EXP 	progress_bar_breaks: progress = 4.333333333333334
2026-08-25_09:47:44.076228 	EXP 	progress_bar_breaks: progress = 4.333333333333334
2026-08-25_09:47:44.092921 	EXP 	progress_bar_breaks: progress = 4.333333333333334
2026-08-25_09:47:44.109622 	EXP 	progress_bar_breaks: progress = 4.333333333333334
2026-08-25_09:47:44.126390 	EXP 	progress_bar_breaks: progress = 4.333333333333334
2026-08-25_09:47:44.142803 	EXP 	progress_bar_breaks: progress = 4.333333333333334
2026-08-25_09:47:44.159245 	EXP 	progress_bar_breaks: progress = 4.333333333333334
2026-08-25_09:47:44.175858 	EXP 	progress_bar_breaks: progress = 4.333333333333334
2026-08-25_09:47:44.192663 	EXP 	progress_bar_breaks: progress = 4.333333333333334
2026-08-25_09:47:44.209324 	EXP 	progress_bar_breaks: progress = 4.333333333333334
2026-08-25_09:47:44.225864 	EXP 	progress_bar_breaks: progress = 4.333333333333334
2026-08-25_09:47:44.242473 	EXP 	progress_bar_breaks: progress = 4.333333333333334
2026-08-25_09:47:44.259327 	EXP 	progress_bar_breaks: progress = 4.333333333333334
2026-08-25_09:47:44.275840 	EXP 	progress_bar_breaks: progress = 4.333333333333334
2026-08-25_09:47:44.292526 	EXP 	progress_bar_breaks: progress = 4.333333333333334
2026-08-25_09:47:44.309275 	EXP 	progress_bar_breaks: progress = 4.333333333333334
2026-08-25_09:47:44.325936 	EXP 	progress_bar_breaks: progress = 4.333333333333334
2026-08-25_09:47:44.342616 	EXP 	progress_bar_breaks: progress = 4.333333333333334
2026-08-25_09:47:44.359104 	EXP 	progress_bar_breaks: progress = 4.333333333333334
2026-08-25_09:47:44.375858 	EXP 	progress_bar_breaks: progress = 4.333333333333334
2026-08-25_09:47:44.392516 	EXP 	progress_bar_breaks: progress = 4.333333333333334
2026-08-25_09:47:44.409126 	EXP 	progress_bar_breaks: progress = 4.333333333333334
2026-08-25_09:47:44.425809 	EXP 	progress_bar_breaks: progress = 4.333333333333334
2026-08-25_09:47:44.442443 	EXP 	progress_bar_breaks: progress = 4.333333333333334
2026-08-25_09:47:44.459310 	EXP 	progress_bar_breaks: progress = 4.333333333333334
2026-08-25_09:47:44.475818 	EXP 	progress_bar_breaks: progress = 4.333333333333334
2026-08-25_09:47:44.492424 	EXP 	progress_bar_breaks: progress = 4.333333333333334
2026-08-25_09:47:44.509115 	EXP 	progress_bar_breaks: progress = 4.333333333333334
2026-08-25_09:47:44.525933 	EXP 	progress_bar_breaks: progress = 4.333333333333334
2026-08-25_09:47:44.542488 	EXP 	progress_bar_breaks: progress = 4.333333333333334
2026-08-25_09:47:44.559178 	EXP 	progress_bar_breaks: progress = 4.333333333333334
2026-08-25_09:47:44.575731 	EXP 	progress_bar_breaks: progress = 4.333333333333334
2026-08-25_09:47:44.592520 	EXP 	progress_bar_breaks: progress = 4.333333333333334
2026-08-25_09:47:44.609069 	EXP 	progress_bar_breaks: progress = 4.333333333333334
2026-08-25_09:47:44.625728 	EXP 	progress_bar_breaks: progress = 4.4
2026-08-25_09:47:44.642397 	EXP 	progress_bar_breaks: progress = 4.4
2026-08-25_09:47:44.659133 	EXP 	progress_bar_breaks: progress = 4.4
2026-08-25_09:47:44.675806 	EXP 	progress_bar_breaks: progress = 4.4
2026-08-25_09:47:44.692774 	EXP 	progress_bar_breaks: progress = 4.4
2026-08-25_09:47:44.709259 	EXP 	progress_bar_breaks: progress = 4.4
2026-08-25_09:47:44.725770 	EXP 	progress_bar_breaks: progress = 4.4
2026-08-25_09:47:44.742444 	EXP 	progress_bar_breaks: progress = 4.4
2026-08-25_09:47:44.759157 	EXP 	progress_bar_breaks: progress = 4.4
2026-08-25_09:47:44.775637 	EXP 	progress_bar_breaks: progress = 4.4
2026-08-25_09:47:44.792798 	EXP 	progress_bar_breaks: progress = 4.4
2026-08-25_09:47:44.809200 	EXP 	progress_bar_breaks: progress = 4.4
2026-08-25_09:47:44.825677 	EXP 	progress_bar_breaks: progress = 4.4
2026-08-25_09:47:44.842409 	EXP 	progress_bar_breaks: progress = 4.4
2026-08-25_09:47:44.859033 	EXP 	progress_bar_breaks: progress = 4.4
2026-08-25_09:47:44.875618 	EXP 	progress_bar_breaks: progress = 4.4
2026-08-25_09:47:44.892321 	EXP 	progress_bar_breaks: progress = 4.4
2026-08-25_09:47:44.909002 	EXP 	progress_bar_breaks: progress = 4.4
2026-08-25_09:47:44.925142 	EXP 	progress_bar_breaks: progress = 4.4
2026-08-25_09:47:44.942308 	EXP 	progress_bar_breaks: progress = 4.4
2026-08-25_09:47:44.959133 	EXP 	progress_bar_breaks: progress = 4.4
2026-08-25_09:47:44.975838 	EXP 	progress_bar_breaks: progress = 4.4
2026-08-25_09:47:44.992524 	EXP 	progress_bar_breaks: progress = 4.4
2026-08-25_09:47:45.008973 	EXP 	progress_bar_breaks: progress = 4.4
2026-08-25_09:47:45.025642 	EXP 	progress_bar_breaks: progress = 4.4
2026-08-25_09:47:45.042258 	EXP 	progress_bar_breaks: progress = 4.4
2026-08-25_09:47:45.059138 	EXP 	progress_bar_breaks: progress = 4.4
2026-08-25_09:47:45.075485 	EXP 	progress_bar_breaks: progress = 4.4
2026-08-25_09:47:45.092321 	EXP 	progress_bar_breaks: progress = 4.4
2026-08-25_09:47:45.109068 	EXP 	progress_bar_breaks: progress = 4.4
2026-08-25_09:47:45.125803 	EXP 	progress_bar_breaks: progress = 4.4
2026-08-25_09:47:45.142376 	EXP 	progress_bar_breaks: progress = 4.4
2026-08-25_09:47:45.159312 	EXP 	progress_bar_breaks: progress = 4.4
2026-08-25_09:47:45.176146 	EXP 	progress_bar_breaks: progress = 4.4
2026-08-25_09:47:45.192463 	EXP 	progress_bar_breaks: progress = 4.4
2026-08-25_09:47:45.209622 	EXP 	progress_bar_breaks: progress = 4.4
2026-08-25_09:47:45.226140 	EXP 	progress_bar_breaks: progress = 4.4
2026-08-25_09:47:45.242361 	EXP 	progress_bar_breaks: progress = 4.4
2026-08-25_09:47:45.259216 	EXP 	progress_bar_breaks: progress = 4.4
2026-08-25_09:47:45.276183 	EXP 	progress_bar_breaks: progress = 4.4
2026-08-25_09:47:45.292825 	EXP 	progress_bar_breaks: progress = 4.4
2026-08-25_09:47:45.309102 	EXP 	progress_bar_breaks: progress = 4.4
2026-08-25_09:47:45.326161 	EXP 	progress_bar_breaks: progress = 4.4
2026-08-25_09:47:45.342544 	EXP 	progress_bar_breaks: progress = 4.4
2026-08-25_09:47:45.359245 	EXP 	progress_bar_breaks: progress = 4.4
2026-08-25_09:47:45.375639 	EXP 	progress_bar_breaks: progress = 4.4
2026-08-25_09:47:45.392235 	EXP 	progress_bar_breaks: progress = 4.4
2026-08-25_09:47:45.408869 	EXP 	progress_bar_breaks: progress = 4.4
2026-08-25_09:47:45.425856 	EXP 	progress_bar_breaks: progress = 4.4
2026-08-25_09:47:45.442227 	EXP 	progress_bar_breaks: progress = 4.4
2026-08-25_09:47:45.458924 	EXP 	progress_bar_breaks: progress = 4.4
2026-08-25_09:47:45.475494 	EXP 	progress_bar_breaks: progress = 4.4
2026-08-25_09:47:45.492195 	EXP 	progress_bar_breaks: progress = 4.4
2026-08-25_09:47:45.508952 	EXP 	progress_bar_breaks: progress = 4.4
2026-08-25_09:47:45.525743 	EXP 	progress_bar_breaks: progress = 4.4
2026-08-25_09:47:45.542229 	EXP 	progress_bar_breaks: progress = 4.4
2026-08-25_09:47:45.558705 	EXP 	progress_bar_breaks: progress = 4.4
2026-08-25_09:47:45.575469 	EXP 	progress_bar_breaks: progress = 4.4
2026-08-25_09:47:45.592382 	EXP 	progress_bar_breaks: progress = 4.4
2026-08-25_09:47:45.608720 	EXP 	progress_bar_breaks: progress = 4.4
2026-08-25_09:47:45.625343 	EXP 	progress_bar_breaks: progress = 4.466666666666667
2026-08-25_09:47:45.642043 	EXP 	progress_bar_breaks: progress = 4.466666666666667
2026-08-25_09:47:45.658603 	EXP 	progress_bar_breaks: progress = 4.466666666666667
2026-08-25_09:47:45.675347 	EXP 	progress_bar_breaks: progress = 4.466666666666667
2026-08-25_09:47:45.692018 	EXP 	progress_bar_breaks: progress = 4.466666666666667
2026-08-25_09:47:45.708580 	EXP 	progress_bar_breaks: progress = 4.466666666666667
2026-08-25_09:47:45.725311 	EXP 	progress_bar_breaks: progress = 4.466666666666667
2026-08-25_09:47:45.741997 	EXP 	progress_bar_breaks: progress = 4.466666666666667
2026-08-25_09:47:45.758635 	EXP 	progress_bar_breaks: progress = 4.466666666666667
2026-08-25_09:47:45.775369 	EXP 	progress_bar_breaks: progress = 4.466666666666667
2026-08-25_09:47:45.791931 	EXP 	progress_bar_breaks: progress = 4.466666666666667
2026-08-25_09:47:45.808574 	EXP 	progress_bar_breaks: progress = 4.466666666666667
2026-08-25_09:47:45.825491 	EXP 	progress_bar_breaks: progress = 4.466666666666667
2026-08-25_09:47:45.841887 	EXP 	progress_bar_breaks: progress = 4.466666666666667
2026-08-25_09:47:45.858648 	EXP 	progress_bar_breaks: progress = 4.466666666666667
2026-08-25_09:47:45.875221 	EXP 	progress_bar_breaks: progress = 4.466666666666667
2026-08-25_09:47:45.891867 	EXP 	progress_bar_breaks: progress = 4.466666666666667
2026-08-25_09:47:45.908503 	EXP 	progress_bar_breaks: progress = 4.466666666666667
2026-08-25_09:47:45.925212 	EXP 	progress_bar_breaks: progress = 4.466666666666667
2026-08-25_09:47:45.941900 	EXP 	progress_bar_breaks: progress = 4.466666666666667
2026-08-25_09:47:45.958587 	EXP 	progress_bar_breaks: progress = 4.466666666666667
2026-08-25_09:47:45.975201 	EXP 	progress_bar_breaks: progress = 4.466666666666667
2026-08-25_09:47:45.991952 	EXP 	progress_bar_breaks: progress = 4.466666666666667
2026-08-25_09:47:46.008709 	EXP 	progress_bar_breaks: progress = 4.466666666666667
2026-08-25_09:47:46.025795 	EXP 	progress_bar_breaks: progress = 4.466666666666667
2026-08-25_09:47:46.042339 	EXP 	progress_bar_breaks: progress = 4.466666666666667
2026-08-25_09:47:46.058715 	EXP 	progress_bar_breaks: progress = 4.466666666666667
2026-08-25_09:47:46.075320 	EXP 	progress_bar_breaks: progress = 4.466666666666667
2026-08-25_09:47:46.091960 	EXP 	progress_bar_breaks: progress = 4.466666666666667
2026-08-25_09:47:46.108663 	EXP 	progress_bar_breaks: progress = 4.466666666666667
2026-08-25_09:47:46.125536 	EXP 	progress_bar_breaks: progress = 4.466666666666667
2026-08-25_09:47:46.141975 	EXP 	progress_bar_breaks: progress = 4.466666666666667
2026-08-25_09:47:46.158572 	EXP 	progress_bar_breaks: progress = 4.466666666666667
2026-08-25_09:47:46.175244 	EXP 	progress_bar_breaks: progress = 4.466666666666667
2026-08-25_09:47:46.191814 	EXP 	progress_bar_breaks: progress = 4.466666666666667
2026-08-25_09:47:46.208665 	EXP 	progress_bar_breaks: progress = 4.466666666666667
2026-08-25_09:47:46.225220 	EXP 	progress_bar_breaks: progress = 4.466666666666667
2026-08-25_09:47:46.241952 	EXP 	progress_bar_breaks: progress = 4.466666666666667
2026-08-25_09:47:46.258602 	EXP 	progress_bar_breaks: progress = 4.466666666666667
2026-08-25_09:47:46.275430 	EXP 	progress_bar_breaks: progress = 4.466666666666667
2026-08-25_09:47:46.291902 	EXP 	progress_bar_breaks: progress = 4.466666666666667
2026-08-25_09:47:46.308859 	EXP 	progress_bar_breaks: progress = 4.466666666666667
2026-08-25_09:47:46.325408 	EXP 	progress_bar_breaks: progress = 4.466666666666667
2026-08-25_09:47:46.342088 	EXP 	progress_bar_breaks: progress = 4.466666666666667
2026-08-25_09:47:46.358714 	EXP 	progress_bar_breaks: progress = 4.466666666666667
2026-08-25_09:47:46.375529 	EXP 	progress_bar_breaks: progress = 4.466666666666667
2026-08-25_09:47:46.392153 	EXP 	progress_bar_breaks: progress = 4.466666666666667
2026-08-25_09:47:46.408782 	EXP 	progress_bar_breaks: progress = 4.466666666666667
2026-08-25_09:47:46.425730 	EXP 	progress_bar_breaks: progress = 4.466666666666667
2026-08-25_09:47:46.442087 	EXP 	progress_bar_breaks: progress = 4.466666666666667
2026-08-25_09:47:46.459074 	EXP 	progress_bar_breaks: progress = 4.466666666666667
2026-08-25_09:47:46.475745 	EXP 	progress_bar_breaks: progress = 4.466666666666667
2026-08-25_09:47:46.492440 	EXP 	progress_bar_breaks: progress = 4.466666666666667
2026-08-25_09:47:46.508810 	EXP 	progress_bar_breaks: progress = 4.466666666666667
2026-08-25_09:47:46.525439 	EXP 	progress_bar_breaks: progress = 4.466666666666667
2026-08-25_09:47:46.542156 	EXP 	progress_bar_breaks: progress = 4.466666666666667
2026-08-25_09:47:46.558698 	EXP 	progress_bar_breaks: progress = 4.466666666666667
2026-08-25_09:47:46.575664 	EXP 	progress_bar_breaks: progress = 4.466666666666667
2026-08-25_09:47:46.592404 	EXP 	progress_bar_breaks: progress = 4.466666666666667
2026-08-25_09:47:46.608675 	EXP 	progress_bar_breaks: progress = 4.466666666666667
2026-08-25_09:47:46.625310 	EXP 	progress_bar_breaks: progress = 4.533333333333333
2026-08-25_09:47:46.642146 	EXP 	progress_bar_breaks: progress = 4.533333333333333
2026-08-25_09:47:46.658577 	EXP 	progress_bar_breaks: progress = 4.533333333333333
2026-08-25_09:47:46.675114 	EXP 	progress_bar_breaks: progress = 4.533333333333333
2026-08-25_09:47:46.691679 	EXP 	progress_bar_breaks: progress = 4.533333333333333
2026-08-25_09:47:46.708484 	EXP 	progress_bar_breaks: progress = 4.533333333333333
2026-08-25_09:47:46.725025 	EXP 	progress_bar_breaks: progress = 4.533333333333333
2026-08-25_09:47:46.742011 	EXP 	progress_bar_breaks: progress = 4.533333333333333
2026-08-25_09:47:46.758443 	EXP 	progress_bar_breaks: progress = 4.533333333333333
2026-08-25_09:47:46.775260 	EXP 	progress_bar_breaks: progress = 4.533333333333333
2026-08-25_09:47:46.791764 	EXP 	progress_bar_breaks: progress = 4.533333333333333
2026-08-25_09:47:46.808592 	EXP 	progress_bar_breaks: progress = 4.533333333333333
2026-08-25_09:47:46.824971 	EXP 	progress_bar_breaks: progress = 4.533333333333333
2026-08-25_09:47:46.841836 	EXP 	progress_bar_breaks: progress = 4.533333333333333
2026-08-25_09:47:46.858464 	EXP 	progress_bar_breaks: progress = 4.533333333333333
2026-08-25_09:47:46.875082 	EXP 	progress_bar_breaks: progress = 4.533333333333333
2026-08-25_09:47:46.891726 	EXP 	progress_bar_breaks: progress = 4.533333333333333
2026-08-25_09:47:46.908368 	EXP 	progress_bar_breaks: progress = 4.533333333333333
2026-08-25_09:47:46.925243 	EXP 	progress_bar_breaks: progress = 4.533333333333333
2026-08-25_09:47:46.941631 	EXP 	progress_bar_breaks: progress = 4.533333333333333
2026-08-25_09:47:46.958282 	EXP 	progress_bar_breaks: progress = 4.533333333333333
2026-08-25_09:47:46.974984 	EXP 	progress_bar_breaks: progress = 4.533333333333333
2026-08-25_09:47:46.991713 	EXP 	progress_bar_breaks: progress = 4.533333333333333
2026-08-25_09:47:47.008448 	EXP 	progress_bar_breaks: progress = 4.533333333333333
2026-08-25_09:47:47.025028 	EXP 	progress_bar_breaks: progress = 4.533333333333333
2026-08-25_09:47:47.041661 	EXP 	progress_bar_breaks: progress = 4.533333333333333
2026-08-25_09:47:47.058271 	EXP 	progress_bar_breaks: progress = 4.533333333333333
2026-08-25_09:47:47.075014 	EXP 	progress_bar_breaks: progress = 4.533333333333333
2026-08-25_09:47:47.091488 	EXP 	progress_bar_breaks: progress = 4.533333333333333
2026-08-25_09:47:47.108298 	EXP 	progress_bar_breaks: progress = 4.533333333333333
2026-08-25_09:47:47.124963 	EXP 	progress_bar_breaks: progress = 4.533333333333333
2026-08-25_09:47:47.141583 	EXP 	progress_bar_breaks: progress = 4.533333333333333
2026-08-25_09:47:47.158340 	EXP 	progress_bar_breaks: progress = 4.533333333333333
2026-08-25_09:47:47.174942 	EXP 	progress_bar_breaks: progress = 4.533333333333333
2026-08-25_09:47:47.191592 	EXP 	progress_bar_breaks: progress = 4.533333333333333
2026-08-25_09:47:47.208426 	EXP 	progress_bar_breaks: progress = 4.533333333333333
2026-08-25_09:47:47.225446 	EXP 	progress_bar_breaks: progress = 4.533333333333333
2026-08-25_09:47:47.241831 	EXP 	progress_bar_breaks: progress = 4.533333333333333
2026-08-25_09:47:47.258629 	EXP 	progress_bar_breaks: progress = 4.533333333333333
2026-08-25_09:47:47.275707 	EXP 	progress_bar_breaks: progress = 4.533333333333333
2026-08-25_09:47:47.291870 	EXP 	progress_bar_breaks: progress = 4.533333333333333
2026-08-25_09:47:47.308332 	EXP 	progress_bar_breaks: progress = 4.533333333333333
2026-08-25_09:47:47.324905 	EXP 	progress_bar_breaks: progress = 4.533333333333333
2026-08-25_09:47:47.341697 	EXP 	progress_bar_breaks: progress = 4.533333333333333
2026-08-25_09:47:47.358331 	EXP 	progress_bar_breaks: progress = 4.533333333333333
2026-08-25_09:47:47.374916 	EXP 	progress_bar_breaks: progress = 4.533333333333333
2026-08-25_09:47:47.391571 	EXP 	progress_bar_breaks: progress = 4.533333333333333
2026-08-25_09:47:47.408498 	EXP 	progress_bar_breaks: progress = 4.533333333333333
2026-08-25_09:47:47.424906 	EXP 	progress_bar_breaks: progress = 4.533333333333333
2026-08-25_09:47:47.441592 	EXP 	progress_bar_breaks: progress = 4.533333333333333
2026-08-25_09:47:47.458354 	EXP 	progress_bar_breaks: progress = 4.533333333333333
2026-08-25_09:47:47.474878 	EXP 	progress_bar_breaks: progress = 4.533333333333333
2026-08-25_09:47:47.492031 	EXP 	progress_bar_breaks: progress = 4.533333333333333
2026-08-25_09:47:47.508238 	EXP 	progress_bar_breaks: progress = 4.533333333333333
2026-08-25_09:47:47.524907 	EXP 	progress_bar_breaks: progress = 4.533333333333333
2026-08-25_09:47:47.541759 	EXP 	progress_bar_breaks: progress = 4.533333333333333
2026-08-25_09:47:47.558726 	EXP 	progress_bar_breaks: progress = 4.533333333333333
2026-08-25_09:47:47.575176 	EXP 	progress_bar_breaks: progress = 4.533333333333333
2026-08-25_09:47:47.591718 	EXP 	progress_bar_breaks: progress = 4.533333333333333
2026-08-25_09:47:47.608476 	EXP 	progress_bar_breaks: progress = 4.533333333333333
2026-08-25_09:47:47.625079 	EXP 	progress_bar_breaks: progress = 4.6
2026-08-25_09:47:47.641822 	EXP 	progress_bar_breaks: progress = 4.6
2026-08-25_09:47:47.658312 	EXP 	progress_bar_breaks: progress = 4.6
2026-08-25_09:47:47.675230 	EXP 	progress_bar_breaks: progress = 4.6
2026-08-25_09:47:47.691681 	EXP 	progress_bar_breaks: progress = 4.6
2026-08-25_09:47:47.708588 	EXP 	progress_bar_breaks: progress = 4.6
2026-08-25_09:47:47.726119 	EXP 	progress_bar_breaks: progress = 4.6
2026-08-25_09:47:47.742542 	EXP 	progress_bar_breaks: progress = 4.6
2026-08-25_09:47:47.758939 	EXP 	progress_bar_breaks: progress = 4.6
2026-08-25_09:47:47.775184 	EXP 	progress_bar_breaks: progress = 4.6
2026-08-25_09:47:47.791840 	EXP 	progress_bar_breaks: progress = 4.6
2026-08-25_09:47:47.808433 	EXP 	progress_bar_breaks: progress = 4.6
2026-08-25_09:47:47.824844 	EXP 	progress_bar_breaks: progress = 4.6
2026-08-25_09:47:47.841863 	EXP 	progress_bar_breaks: progress = 4.6
2026-08-25_09:47:47.858293 	EXP 	progress_bar_breaks: progress = 4.6
2026-08-25_09:47:47.874771 	EXP 	progress_bar_breaks: progress = 4.6
2026-08-25_09:47:47.891437 	EXP 	progress_bar_breaks: progress = 4.6
2026-08-25_09:47:47.908046 	EXP 	progress_bar_breaks: progress = 4.6
2026-08-25_09:47:47.924792 	EXP 	progress_bar_breaks: progress = 4.6
2026-08-25_09:47:47.941494 	EXP 	progress_bar_breaks: progress = 4.6
2026-08-25_09:47:47.958019 	EXP 	progress_bar_breaks: progress = 4.6
2026-08-25_09:47:47.974602 	EXP 	progress_bar_breaks: progress = 4.6
2026-08-25_09:47:47.991386 	EXP 	progress_bar_breaks: progress = 4.6
2026-08-25_09:47:48.008174 	EXP 	progress_bar_breaks: progress = 4.6
2026-08-25_09:47:48.024723 	EXP 	progress_bar_breaks: progress = 4.6
2026-08-25_09:47:48.041365 	EXP 	progress_bar_breaks: progress = 4.6
2026-08-25_09:47:48.058036 	EXP 	progress_bar_breaks: progress = 4.6
2026-08-25_09:47:48.074795 	EXP 	progress_bar_breaks: progress = 4.6
2026-08-25_09:47:48.091487 	EXP 	progress_bar_breaks: progress = 4.6
2026-08-25_09:47:48.107975 	EXP 	progress_bar_breaks: progress = 4.6
2026-08-25_09:47:48.124660 	EXP 	progress_bar_breaks: progress = 4.6
2026-08-25_09:47:48.141422 	EXP 	progress_bar_breaks: progress = 4.6
2026-08-25_09:47:48.157927 	EXP 	progress_bar_breaks: progress = 4.6
2026-08-25_09:47:48.174639 	EXP 	progress_bar_breaks: progress = 4.6
2026-08-25_09:47:48.191437 	EXP 	progress_bar_breaks: progress = 4.6
2026-08-25_09:47:48.208018 	EXP 	progress_bar_breaks: progress = 4.6
2026-08-25_09:47:48.224619 	EXP 	progress_bar_breaks: progress = 4.6
2026-08-25_09:47:48.241255 	EXP 	progress_bar_breaks: progress = 4.6
2026-08-25_09:47:48.257945 	EXP 	progress_bar_breaks: progress = 4.6
2026-08-25_09:47:48.274719 	EXP 	progress_bar_breaks: progress = 4.6
2026-08-25_09:47:48.291275 	EXP 	progress_bar_breaks: progress = 4.6
2026-08-25_09:47:48.307918 	EXP 	progress_bar_breaks: progress = 4.6
2026-08-25_09:47:48.324561 	EXP 	progress_bar_breaks: progress = 4.6
2026-08-25_09:47:48.341169 	EXP 	progress_bar_breaks: progress = 4.6
2026-08-25_09:47:48.358205 	EXP 	progress_bar_breaks: progress = 4.6
2026-08-25_09:47:48.374623 	EXP 	progress_bar_breaks: progress = 4.6
2026-08-25_09:47:48.391506 	EXP 	progress_bar_breaks: progress = 4.6
2026-08-25_09:47:48.407966 	EXP 	progress_bar_breaks: progress = 4.6
2026-08-25_09:47:48.424569 	EXP 	progress_bar_breaks: progress = 4.6
2026-08-25_09:47:48.441298 	EXP 	progress_bar_breaks: progress = 4.6
2026-08-25_09:47:48.457880 	EXP 	progress_bar_breaks: progress = 4.6
2026-08-25_09:47:48.474560 	EXP 	progress_bar_breaks: progress = 4.6
2026-08-25_09:47:48.491557 	EXP 	progress_bar_breaks: progress = 4.6
2026-08-25_09:47:48.508009 	EXP 	progress_bar_breaks: progress = 4.6
2026-08-25_09:47:48.524774 	EXP 	progress_bar_breaks: progress = 4.6
2026-08-25_09:47:48.541248 	EXP 	progress_bar_breaks: progress = 4.6
2026-08-25_09:47:48.558122 	EXP 	progress_bar_breaks: progress = 4.6
2026-08-25_09:47:48.574853 	EXP 	progress_bar_breaks: progress = 4.6
2026-08-25_09:47:48.591624 	EXP 	progress_bar_breaks: progress = 4.6
2026-08-25_09:47:48.607915 	EXP 	progress_bar_breaks: progress = 4.6
2026-08-25_09:47:48.624557 	EXP 	progress_bar_breaks: progress = 4.666666666666666
2026-08-25_09:47:48.641176 	EXP 	progress_bar_breaks: progress = 4.666666666666666
2026-08-25_09:47:48.658096 	EXP 	progress_bar_breaks: progress = 4.666666666666666
2026-08-25_09:47:48.674844 	EXP 	progress_bar_breaks: progress = 4.666666666666666
2026-08-25_09:47:48.691069 	EXP 	progress_bar_breaks: progress = 4.666666666666666
2026-08-25_09:47:48.707686 	EXP 	progress_bar_breaks: progress = 4.666666666666666
2026-08-25_09:47:48.724608 	EXP 	progress_bar_breaks: progress = 4.666666666666666
2026-08-25_09:47:48.741460 	EXP 	progress_bar_breaks: progress = 4.666666666666666
2026-08-25_09:47:48.758157 	EXP 	progress_bar_breaks: progress = 4.666666666666666
2026-08-25_09:47:48.774540 	EXP 	progress_bar_breaks: progress = 4.666666666666666
2026-08-25_09:47:48.791309 	EXP 	progress_bar_breaks: progress = 4.666666666666666
2026-08-25_09:47:48.807956 	EXP 	progress_bar_breaks: progress = 4.666666666666666
2026-08-25_09:47:48.824637 	EXP 	progress_bar_breaks: progress = 4.666666666666666
2026-08-25_09:47:48.841512 	EXP 	progress_bar_breaks: progress = 4.666666666666666
2026-08-25_09:47:48.858232 	EXP 	progress_bar_breaks: progress = 4.666666666666666
2026-08-25_09:47:48.875008 	EXP 	progress_bar_breaks: progress = 4.666666666666666
2026-08-25_09:47:48.891347 	EXP 	progress_bar_breaks: progress = 4.666666666666666
2026-08-25_09:47:48.907856 	EXP 	progress_bar_breaks: progress = 4.666666666666666
2026-08-25_09:47:48.924714 	EXP 	progress_bar_breaks: progress = 4.666666666666666
2026-08-25_09:47:48.941473 	EXP 	progress_bar_breaks: progress = 4.666666666666666
2026-08-25_09:47:48.958008 	EXP 	progress_bar_breaks: progress = 4.666666666666666
2026-08-25_09:47:48.974868 	EXP 	progress_bar_breaks: progress = 4.666666666666666
2026-08-25_09:47:48.991290 	EXP 	progress_bar_breaks: progress = 4.666666666666666
2026-08-25_09:47:49.007853 	EXP 	progress_bar_breaks: progress = 4.666666666666666
2026-08-25_09:47:49.024485 	EXP 	progress_bar_breaks: progress = 4.666666666666666
2026-08-25_09:47:49.041055 	EXP 	progress_bar_breaks: progress = 4.666666666666666
2026-08-25_09:47:49.057740 	EXP 	progress_bar_breaks: progress = 4.666666666666666
2026-08-25_09:47:49.074431 	EXP 	progress_bar_breaks: progress = 4.666666666666666
2026-08-25_09:47:49.091045 	EXP 	progress_bar_breaks: progress = 4.666666666666666
2026-08-25_09:47:49.107776 	EXP 	progress_bar_breaks: progress = 4.666666666666666
2026-08-25_09:47:49.124527 	EXP 	progress_bar_breaks: progress = 4.666666666666666
2026-08-25_09:47:49.141112 	EXP 	progress_bar_breaks: progress = 4.666666666666666
2026-08-25_09:47:49.157655 	EXP 	progress_bar_breaks: progress = 4.666666666666666
2026-08-25_09:47:49.174309 	EXP 	progress_bar_breaks: progress = 4.666666666666666
2026-08-25_09:47:49.191025 	EXP 	progress_bar_breaks: progress = 4.666666666666666
2026-08-25_09:47:49.208041 	EXP 	progress_bar_breaks: progress = 4.666666666666666
2026-08-25_09:47:49.224321 	EXP 	progress_bar_breaks: progress = 4.666666666666666
2026-08-25_09:47:49.240999 	EXP 	progress_bar_breaks: progress = 4.666666666666666
2026-08-25_09:47:49.257615 	EXP 	progress_bar_breaks: progress = 4.666666666666666
2026-08-25_09:47:49.274451 	EXP 	progress_bar_breaks: progress = 4.666666666666666
2026-08-25_09:47:49.290927 	EXP 	progress_bar_breaks: progress = 4.666666666666666
2026-08-25_09:47:49.307785 	EXP 	progress_bar_breaks: progress = 4.666666666666666
2026-08-25_09:47:49.324279 	EXP 	progress_bar_breaks: progress = 4.666666666666666
2026-08-25_09:47:49.341031 	EXP 	progress_bar_breaks: progress = 4.666666666666666
2026-08-25_09:47:49.357789 	EXP 	progress_bar_breaks: progress = 4.666666666666666
2026-08-25_09:47:49.374567 	EXP 	progress_bar_breaks: progress = 4.666666666666666
2026-08-25_09:47:49.390987 	EXP 	progress_bar_breaks: progress = 4.666666666666666
2026-08-25_09:47:49.407609 	EXP 	progress_bar_breaks: progress = 4.666666666666666
2026-08-25_09:47:49.424342 	EXP 	progress_bar_breaks: progress = 4.666666666666666
2026-08-25_09:47:49.440870 	EXP 	progress_bar_breaks: progress = 4.666666666666666
2026-08-25_09:47:49.457609 	EXP 	progress_bar_breaks: progress = 4.666666666666666
2026-08-25_09:47:49.474421 	EXP 	progress_bar_breaks: progress = 4.666666666666666
2026-08-25_09:47:49.490994 	EXP 	progress_bar_breaks: progress = 4.666666666666666
2026-08-25_09:47:49.507645 	EXP 	progress_bar_breaks: progress = 4.666666666666666
2026-08-25_09:47:49.524171 	EXP 	progress_bar_breaks: progress = 4.666666666666666
2026-08-25_09:47:49.540897 	EXP 	progress_bar_breaks: progress = 4.666666666666666
2026-08-25_09:47:49.557585 	EXP 	progress_bar_breaks: progress = 4.666666666666666
2026-08-25_09:47:49.574196 	EXP 	progress_bar_breaks: progress = 4.666666666666666
2026-08-25_09:47:49.590958 	EXP 	progress_bar_breaks: progress = 4.666666666666666
2026-08-25_09:47:49.607463 	EXP 	progress_bar_breaks: progress = 4.666666666666666
2026-08-25_09:47:49.624315 	EXP 	progress_bar_breaks: progress = 4.733333333333333
2026-08-25_09:47:49.640974 	EXP 	progress_bar_breaks: progress = 4.733333333333333
2026-08-25_09:47:49.657619 	EXP 	progress_bar_breaks: progress = 4.733333333333333
2026-08-25_09:47:49.674311 	EXP 	progress_bar_breaks: progress = 4.733333333333333
2026-08-25_09:47:49.690968 	EXP 	progress_bar_breaks: progress = 4.733333333333333
2026-08-25_09:47:49.707481 	EXP 	progress_bar_breaks: progress = 4.733333333333333
2026-08-25_09:47:49.724214 	EXP 	progress_bar_breaks: progress = 4.733333333333333
2026-08-25_09:47:49.741108 	EXP 	progress_bar_breaks: progress = 4.733333333333333
2026-08-25_09:47:49.757528 	EXP 	progress_bar_breaks: progress = 4.733333333333333
2026-08-25_09:47:49.774390 	EXP 	progress_bar_breaks: progress = 4.733333333333333
2026-08-25_09:47:49.790883 	EXP 	progress_bar_breaks: progress = 4.733333333333333
2026-08-25_09:47:49.807461 	EXP 	progress_bar_breaks: progress = 4.733333333333333
2026-08-25_09:47:49.824182 	EXP 	progress_bar_breaks: progress = 4.733333333333333
2026-08-25_09:47:49.840809 	EXP 	progress_bar_breaks: progress = 4.733333333333333
2026-08-25_09:47:49.857503 	EXP 	progress_bar_breaks: progress = 4.733333333333333
2026-08-25_09:47:49.874400 	EXP 	progress_bar_breaks: progress = 4.733333333333333
2026-08-25_09:47:49.890895 	EXP 	progress_bar_breaks: progress = 4.733333333333333
2026-08-25_09:47:49.907676 	EXP 	progress_bar_breaks: progress = 4.733333333333333
2026-08-25_09:47:49.924196 	EXP 	progress_bar_breaks: progress = 4.733333333333333
2026-08-25_09:47:49.940791 	EXP 	progress_bar_breaks: progress = 4.733333333333333
2026-08-25_09:47:49.957582 	EXP 	progress_bar_breaks: progress = 4.733333333333333
2026-08-25_09:47:49.974321 	EXP 	progress_bar_breaks: progress = 4.733333333333333
2026-08-25_09:47:49.990924 	EXP 	progress_bar_breaks: progress = 4.733333333333333
2026-08-25_09:47:50.007787 	EXP 	progress_bar_breaks: progress = 4.733333333333333
2026-08-25_09:47:50.024340 	EXP 	progress_bar_breaks: progress = 4.733333333333333
2026-08-25_09:47:50.041352 	EXP 	progress_bar_breaks: progress = 4.733333333333333
2026-08-25_09:47:50.057863 	EXP 	progress_bar_breaks: progress = 4.733333333333333
2026-08-25_09:47:50.074312 	EXP 	progress_bar_breaks: progress = 4.733333333333333
2026-08-25_09:47:50.091155 	EXP 	progress_bar_breaks: progress = 4.733333333333333
2026-08-25_09:47:50.107638 	EXP 	progress_bar_breaks: progress = 4.733333333333333
2026-08-25_09:47:50.124347 	EXP 	progress_bar_breaks: progress = 4.733333333333333
2026-08-25_09:47:50.140993 	EXP 	progress_bar_breaks: progress = 4.733333333333333
2026-08-25_09:47:50.157772 	EXP 	progress_bar_breaks: progress = 4.733333333333333
2026-08-25_09:47:50.174359 	EXP 	progress_bar_breaks: progress = 4.733333333333333
2026-08-25_09:47:50.191075 	EXP 	progress_bar_breaks: progress = 4.733333333333333
2026-08-25_09:47:50.207816 	EXP 	progress_bar_breaks: progress = 4.733333333333333
2026-08-25_09:47:50.224188 	EXP 	progress_bar_breaks: progress = 4.733333333333333
2026-08-25_09:47:50.241295 	EXP 	progress_bar_breaks: progress = 4.733333333333333
2026-08-25_09:47:50.257416 	EXP 	progress_bar_breaks: progress = 4.733333333333333
2026-08-25_09:47:50.274157 	EXP 	progress_bar_breaks: progress = 4.733333333333333
2026-08-25_09:47:50.290639 	EXP 	progress_bar_breaks: progress = 4.733333333333333
2026-08-25_09:47:50.307461 	EXP 	progress_bar_breaks: progress = 4.733333333333333
2026-08-25_09:47:50.324221 	EXP 	progress_bar_breaks: progress = 4.733333333333333
2026-08-25_09:47:50.340624 	EXP 	progress_bar_breaks: progress = 4.733333333333333
2026-08-25_09:47:50.357365 	EXP 	progress_bar_breaks: progress = 4.733333333333333
2026-08-25_09:47:50.373921 	EXP 	progress_bar_breaks: progress = 4.733333333333333
2026-08-25_09:47:50.390648 	EXP 	progress_bar_breaks: progress = 4.733333333333333
2026-08-25_09:47:50.407320 	EXP 	progress_bar_breaks: progress = 4.733333333333333
2026-08-25_09:47:50.424015 	EXP 	progress_bar_breaks: progress = 4.733333333333333
2026-08-25_09:47:50.440629 	EXP 	progress_bar_breaks: progress = 4.733333333333333
2026-08-25_09:47:50.457326 	EXP 	progress_bar_breaks: progress = 4.733333333333333
2026-08-25_09:47:50.473984 	EXP 	progress_bar_breaks: progress = 4.733333333333333
2026-08-25_09:47:50.490669 	EXP 	progress_bar_breaks: progress = 4.733333333333333
2026-08-25_09:47:50.507551 	EXP 	progress_bar_breaks: progress = 4.733333333333333
2026-08-25_09:47:50.523999 	EXP 	progress_bar_breaks: progress = 4.733333333333333
2026-08-25_09:47:50.540817 	EXP 	progress_bar_breaks: progress = 4.733333333333333
2026-08-25_09:47:50.557422 	EXP 	progress_bar_breaks: progress = 4.733333333333333
2026-08-25_09:47:50.574098 	EXP 	progress_bar_breaks: progress = 4.733333333333333
2026-08-25_09:47:50.591100 	EXP 	progress_bar_breaks: progress = 4.733333333333333
2026-08-25_09:47:50.607565 	EXP 	progress_bar_breaks: progress = 4.733333333333333
2026-08-25_09:47:50.624264 	EXP 	progress_bar_breaks: progress = 4.8
2026-08-25_09:47:50.640625 	EXP 	progress_bar_breaks: progress = 4.8
2026-08-25_09:47:50.657328 	EXP 	progress_bar_breaks: progress = 4.8
2026-08-25_09:47:50.674104 	EXP 	progress_bar_breaks: progress = 4.8
2026-08-25_09:47:50.690984 	EXP 	progress_bar_breaks: progress = 4.8
2026-08-25_09:47:50.707090 	EXP 	progress_bar_breaks: progress = 4.8
2026-08-25_09:47:50.724276 	EXP 	progress_bar_breaks: progress = 4.8
2026-08-25_09:47:50.740552 	EXP 	progress_bar_breaks: progress = 4.8
2026-08-25_09:47:50.757188 	EXP 	progress_bar_breaks: progress = 4.8
2026-08-25_09:47:50.774032 	EXP 	progress_bar_breaks: progress = 4.8
2026-08-25_09:47:50.790535 	EXP 	progress_bar_breaks: progress = 4.8
2026-08-25_09:47:50.807183 	EXP 	progress_bar_breaks: progress = 4.8
2026-08-25_09:47:50.823983 	EXP 	progress_bar_breaks: progress = 4.8
2026-08-25_09:47:50.840543 	EXP 	progress_bar_breaks: progress = 4.8
2026-08-25_09:47:50.857102 	EXP 	progress_bar_breaks: progress = 4.8
2026-08-25_09:47:50.873718 	EXP 	progress_bar_breaks: progress = 4.8
2026-08-25_09:47:50.890464 	EXP 	progress_bar_breaks: progress = 4.8
2026-08-25_09:47:50.907278 	EXP 	progress_bar_breaks: progress = 4.8
2026-08-25_09:47:50.923745 	EXP 	progress_bar_breaks: progress = 4.8
2026-08-25_09:47:50.940429 	EXP 	progress_bar_breaks: progress = 4.8
2026-08-25_09:47:50.957298 	EXP 	progress_bar_breaks: progress = 4.8
2026-08-25_09:47:50.973942 	EXP 	progress_bar_breaks: progress = 4.8
2026-08-25_09:47:50.990340 	EXP 	progress_bar_breaks: progress = 4.8
2026-08-25_09:47:51.007160 	EXP 	progress_bar_breaks: progress = 4.8
2026-08-25_09:47:51.023734 	EXP 	progress_bar_breaks: progress = 4.8
2026-08-25_09:47:51.040606 	EXP 	progress_bar_breaks: progress = 4.8
2026-08-25_09:47:51.057002 	EXP 	progress_bar_breaks: progress = 4.8
2026-08-25_09:47:51.073653 	EXP 	progress_bar_breaks: progress = 4.8
2026-08-25_09:47:51.090432 	EXP 	progress_bar_breaks: progress = 4.8
2026-08-25_09:47:51.107426 	EXP 	progress_bar_breaks: progress = 4.8
2026-08-25_09:47:51.126327 	EXP 	progress_bar_breaks: progress = 4.8
2026-08-25_09:47:51.142709 	EXP 	progress_bar_breaks: progress = 4.8
2026-08-25_09:47:51.159771 	EXP 	progress_bar_breaks: progress = 4.8
2026-08-25_09:47:51.175993 	EXP 	progress_bar_breaks: progress = 4.8
2026-08-25_09:47:51.190302 	EXP 	progress_bar_breaks: progress = 4.8
2026-08-25_09:47:51.207637 	EXP 	progress_bar_breaks: progress = 4.8
2026-08-25_09:47:51.223700 	EXP 	progress_bar_breaks: progress = 4.8
2026-08-25_09:47:51.240345 	EXP 	progress_bar_breaks: progress = 4.8
2026-08-25_09:47:51.257230 	EXP 	progress_bar_breaks: progress = 4.8
2026-08-25_09:47:51.274164 	EXP 	progress_bar_breaks: progress = 4.8
2026-08-25_09:47:51.291249 	EXP 	progress_bar_breaks: progress = 4.8
2026-08-25_09:47:51.307745 	EXP 	progress_bar_breaks: progress = 4.8
2026-08-25_09:47:51.324174 	EXP 	progress_bar_breaks: progress = 4.8
2026-08-25_09:47:51.342931 	EXP 	progress_bar_breaks: progress = 4.8
2026-08-25_09:47:51.356927 	EXP 	progress_bar_breaks: progress = 4.8
2026-08-25_09:47:51.373657 	EXP 	progress_bar_breaks: progress = 4.8
2026-08-25_09:47:51.391189 	EXP 	progress_bar_breaks: progress = 4.8
2026-08-25_09:47:51.407210 	EXP 	progress_bar_breaks: progress = 4.8
2026-08-25_09:47:51.424176 	EXP 	progress_bar_breaks: progress = 4.8
2026-08-25_09:47:51.440848 	EXP 	progress_bar_breaks: progress = 4.8
2026-08-25_09:47:51.456860 	EXP 	progress_bar_breaks: progress = 4.8
2026-08-25_09:47:51.473481 	EXP 	progress_bar_breaks: progress = 4.8
2026-08-25_09:47:51.490252 	EXP 	progress_bar_breaks: progress = 4.8
2026-08-25_09:47:51.507612 	EXP 	progress_bar_breaks: progress = 4.8
2026-08-25_09:47:51.523905 	EXP 	progress_bar_breaks: progress = 4.8
2026-08-25_09:47:51.540307 	EXP 	progress_bar_breaks: progress = 4.8
2026-08-25_09:47:51.556976 	EXP 	progress_bar_breaks: progress = 4.8
2026-08-25_09:47:51.573605 	EXP 	progress_bar_breaks: progress = 4.8
2026-08-25_09:47:51.590183 	EXP 	progress_bar_breaks: progress = 4.8
2026-08-25_09:47:51.606938 	EXP 	progress_bar_breaks: progress = 4.8
2026-08-25_09:47:51.625875 	EXP 	progress_bar_breaks: progress = 4.866666666666667
2026-08-25_09:47:51.643937 	EXP 	progress_bar_breaks: progress = 4.866666666666667
2026-08-25_09:47:51.657470 	EXP 	progress_bar_breaks: progress = 4.866666666666667
2026-08-25_09:47:51.677412 	EXP 	progress_bar_breaks: progress = 4.866666666666667
2026-08-25_09:47:51.690521 	EXP 	progress_bar_breaks: progress = 4.866666666666667
2026-08-25_09:47:51.707324 	EXP 	progress_bar_breaks: progress = 4.866666666666667
2026-08-25_09:47:51.723800 	EXP 	progress_bar_breaks: progress = 4.866666666666667
2026-08-25_09:47:51.740117 	EXP 	progress_bar_breaks: progress = 4.866666666666667
2026-08-25_09:47:51.756788 	EXP 	progress_bar_breaks: progress = 4.866666666666667
2026-08-25_09:47:51.773454 	EXP 	progress_bar_breaks: progress = 4.866666666666667
2026-08-25_09:47:51.790188 	EXP 	progress_bar_breaks: progress = 4.866666666666667
2026-08-25_09:47:51.806833 	EXP 	progress_bar_breaks: progress = 4.866666666666667
2026-08-25_09:47:51.823309 	EXP 	progress_bar_breaks: progress = 4.866666666666667
2026-08-25_09:47:51.840122 	EXP 	progress_bar_breaks: progress = 4.866666666666667
2026-08-25_09:47:51.856733 	EXP 	progress_bar_breaks: progress = 4.866666666666667
2026-08-25_09:47:51.873467 	EXP 	progress_bar_breaks: progress = 4.866666666666667
2026-08-25_09:47:51.890135 	EXP 	progress_bar_breaks: progress = 4.866666666666667
2026-08-25_09:47:51.906774 	EXP 	progress_bar_breaks: progress = 4.866666666666667
2026-08-25_09:47:51.923506 	EXP 	progress_bar_breaks: progress = 4.866666666666667
2026-08-25_09:47:51.940136 	EXP 	progress_bar_breaks: progress = 4.866666666666667
2026-08-25_09:47:51.956761 	EXP 	progress_bar_breaks: progress = 4.866666666666667
2026-08-25_09:47:51.973403 	EXP 	progress_bar_breaks: progress = 4.866666666666667
2026-08-25_09:47:51.990122 	EXP 	progress_bar_breaks: progress = 4.866666666666667
2026-08-25_09:47:52.006698 	EXP 	progress_bar_breaks: progress = 4.866666666666667
2026-08-25_09:47:52.023360 	EXP 	progress_bar_breaks: progress = 4.866666666666667
2026-08-25_09:47:52.039979 	EXP 	progress_bar_breaks: progress = 4.866666666666667
2026-08-25_09:47:52.056646 	EXP 	progress_bar_breaks: progress = 4.866666666666667
2026-08-25_09:47:52.073300 	EXP 	progress_bar_breaks: progress = 4.866666666666667
2026-08-25_09:47:52.089896 	EXP 	progress_bar_breaks: progress = 4.866666666666667
2026-08-25_09:47:52.106675 	EXP 	progress_bar_breaks: progress = 4.866666666666667
2026-08-25_09:47:52.123266 	EXP 	progress_bar_breaks: progress = 4.866666666666667
2026-08-25_09:47:52.139973 	EXP 	progress_bar_breaks: progress = 4.866666666666667
2026-08-25_09:47:52.156570 	EXP 	progress_bar_breaks: progress = 4.866666666666667
2026-08-25_09:47:52.173336 	EXP 	progress_bar_breaks: progress = 4.866666666666667
2026-08-25_09:47:52.190117 	EXP 	progress_bar_breaks: progress = 4.866666666666667
2026-08-25_09:47:52.206951 	EXP 	progress_bar_breaks: progress = 4.866666666666667
2026-08-25_09:47:52.223481 	EXP 	progress_bar_breaks: progress = 4.866666666666667
2026-08-25_09:47:52.240094 	EXP 	progress_bar_breaks: progress = 4.866666666666667
2026-08-25_09:47:52.256702 	EXP 	progress_bar_breaks: progress = 4.866666666666667
2026-08-25_09:47:52.273314 	EXP 	progress_bar_breaks: progress = 4.866666666666667
2026-08-25_09:47:52.289949 	EXP 	progress_bar_breaks: progress = 4.866666666666667
2026-08-25_09:47:52.306895 	EXP 	progress_bar_breaks: progress = 4.866666666666667
2026-08-25_09:47:52.323268 	EXP 	progress_bar_breaks: progress = 4.866666666666667
2026-08-25_09:47:52.339845 	EXP 	progress_bar_breaks: progress = 4.866666666666667
2026-08-25_09:47:52.356674 	EXP 	progress_bar_breaks: progress = 4.866666666666667
2026-08-25_09:47:52.373470 	EXP 	progress_bar_breaks: progress = 4.866666666666667
2026-08-25_09:47:52.390045 	EXP 	progress_bar_breaks: progress = 4.866666666666667
2026-08-25_09:47:52.406708 	EXP 	progress_bar_breaks: progress = 4.866666666666667
2026-08-25_09:47:52.423434 	EXP 	progress_bar_breaks: progress = 4.866666666666667
2026-08-25_09:47:52.440159 	EXP 	progress_bar_breaks: progress = 4.866666666666667
2026-08-25_09:47:52.456935 	EXP 	progress_bar_breaks: progress = 4.866666666666667
2026-08-25_09:47:52.473526 	EXP 	progress_bar_breaks: progress = 4.866666666666667
2026-08-25_09:47:52.490244 	EXP 	progress_bar_breaks: progress = 4.866666666666667
2026-08-25_09:47:52.506727 	EXP 	progress_bar_breaks: progress = 4.866666666666667
2026-08-25_09:47:52.523565 	EXP 	progress_bar_breaks: progress = 4.866666666666667
2026-08-25_09:47:52.540004 	EXP 	progress_bar_breaks: progress = 4.866666666666667
2026-08-25_09:47:52.556610 	EXP 	progress_bar_breaks: progress = 4.866666666666667
2026-08-25_09:47:52.573438 	EXP 	progress_bar_breaks: progress = 4.866666666666667
2026-08-25_09:47:52.590245 	EXP 	progress_bar_breaks: progress = 4.866666666666667
2026-08-25_09:47:52.606684 	EXP 	progress_bar_breaks: progress = 4.866666666666667
2026-08-25_09:47:52.623247 	EXP 	progress_bar_breaks: progress = 4.933333333333334
2026-08-25_09:47:52.639970 	EXP 	progress_bar_breaks: progress = 4.933333333333334
2026-08-25_09:47:52.656665 	EXP 	progress_bar_breaks: progress = 4.933333333333334
2026-08-25_09:47:52.673276 	EXP 	progress_bar_breaks: progress = 4.933333333333334
2026-08-25_09:47:52.689889 	EXP 	progress_bar_breaks: progress = 4.933333333333334
2026-08-25_09:47:52.706412 	EXP 	progress_bar_breaks: progress = 4.933333333333334
2026-08-25_09:47:52.723250 	EXP 	progress_bar_breaks: progress = 4.933333333333334
2026-08-25_09:47:52.740053 	EXP 	progress_bar_breaks: progress = 4.933333333333334
2026-08-25_09:47:52.756642 	EXP 	progress_bar_breaks: progress = 4.933333333333334
2026-08-25_09:47:52.773354 	EXP 	progress_bar_breaks: progress = 4.933333333333334
2026-08-25_09:47:52.789987 	EXP 	progress_bar_breaks: progress = 4.933333333333334
2026-08-25_09:47:52.806599 	EXP 	progress_bar_breaks: progress = 4.933333333333334
2026-08-25_09:47:52.823046 	EXP 	progress_bar_breaks: progress = 4.933333333333334
2026-08-25_09:47:52.839786 	EXP 	progress_bar_breaks: progress = 4.933333333333334
2026-08-25_09:47:52.856448 	EXP 	progress_bar_breaks: progress = 4.933333333333334
2026-08-25_09:47:52.873291 	EXP 	progress_bar_breaks: progress = 4.933333333333334
2026-08-25_09:47:52.875947 	DATA 	Mouse: Left button down, pos=(720,295)
2026-08-25_09:47:52.889788 	EXP 	progress_bar_breaks: progress = 4.933333333333334
2026-08-25_09:47:52.906438 	EXP 	progress_bar_breaks: progress = 4.933333333333334
2026-08-25_09:47:52.923535 	EXP 	progress_bar_breaks: progress = 4.933333333333334
2026-08-25_09:47:52.939737 	EXP 	progress_bar_breaks: progress = 4.933333333333334
2026-08-25_09:47:52.956405 	EXP 	progress_bar_breaks: progress = 4.933333333333334
2026-08-25_09:47:52.973049 	EXP 	progress_bar_breaks: progress = 4.933333333333334
2026-08-25_09:47:52.989702 	EXP 	progress_bar_breaks: progress = 4.933333333333334
2026-08-25_09:47:53.006388 	EXP 	progress_bar_breaks: progress = 4.933333333333334
2026-08-25_09:47:53.009074 	DATA 	Mouse:  Left button up, pos=(720,295)
2026-08-25_09:47:53.022964 	EXP 	progress_bar_breaks: progress = 4.933333333333334
2026-08-25_09:47:53.039725 	EXP 	progress_bar_breaks: progress = 4.933333333333334
2026-08-25_09:47:53.056318 	EXP 	progress_bar_breaks: progress = 4.933333333333334
2026-08-25_09:47:53.072962 	EXP 	progress_bar_breaks: progress = 4.933333333333334
2026-08-25_09:47:53.089566 	EXP 	progress_bar_breaks: progress = 4.933333333333334
2026-08-25_09:47:53.106395 	EXP 	progress_bar_breaks: progress = 4.933333333333334
2026-08-25_09:47:53.123118 	EXP 	progress_bar_breaks: progress = 4.933333333333334
2026-08-25_09:47:53.139677 	EXP 	progress_bar_breaks: progress = 4.933333333333334
2026-08-25_09:47:53.156373 	EXP 	progress_bar_breaks: progress = 4.933333333333334
2026-08-25_09:47:53.173146 	EXP 	progress_bar_breaks: progress = 4.933333333333334
2026-08-25_09:47:53.189728 	EXP 	progress_bar_breaks: progress = 4.933333333333334
2026-08-25_09:47:53.206353 	EXP 	progress_bar_breaks: progress = 4.933333333333334
2026-08-25_09:47:53.223042 	EXP 	progress_bar_breaks: progress = 4.933333333333334
2026-08-25_09:47:53.239579 	EXP 	progress_bar_breaks: progress = 4.933333333333334
2026-08-25_09:47:53.256216 	EXP 	progress_bar_breaks: progress = 4.933333333333334
2026-08-25_09:47:53.272929 	EXP 	progress_bar_breaks: progress = 4.933333333333334
2026-08-25_09:47:53.289566 	EXP 	progress_bar_breaks: progress = 4.933333333333334
2026-08-25_09:47:53.306228 	EXP 	progress_bar_breaks: progress = 4.933333333333334
2026-08-25_09:47:53.322984 	EXP 	progress_bar_breaks: progress = 4.933333333333334
2026-08-25_09:47:53.339585 	EXP 	progress_bar_breaks: progress = 4.933333333333334
2026-08-25_09:47:53.356290 	EXP 	progress_bar_breaks: progress = 4.933333333333334
2026-08-25_09:47:53.373212 	EXP 	progress_bar_breaks: progress = 4.933333333333334
2026-08-25_09:47:53.389741 	EXP 	progress_bar_breaks: progress = 4.933333333333334
2026-08-25_09:47:53.391775 	EXP 	Device response: <KeyPress from None: t=297.292082, value=r, duration=None>
2026-08-25_09:47:53.392218 	DATA 	Keypress: r
2026-08-25_09:47:53.406410 	EXP 	progress_bar_breaks: progress = 4.933333333333334
2026-08-25_09:47:53.423004 	EXP 	progress_bar_breaks: progress = 4.933333333333334
2026-08-25_09:47:53.439558 	EXP 	progress_bar_breaks: progress = 4.933333333333334
2026-08-25_09:47:53.456547 	EXP 	progress_bar_breaks: progress = 4.933333333333334
2026-08-25_09:47:53.458663 	EXP 	Device response: <KeyPress from None: t=297.292082, value=r, duration=0.0735967000000528>
2026-08-25_09:47:53.469605 	EXP 	New trial (rep=0, index=50): <Trial 50 (50 in rep 0) data={'block': 2, 'trial_in_block': 1, 'trial_type': 'localizer', 'is_buffer': 0, 'show_word': 1, 'concept': 'bus', 'concept_num': 7, 'concept_num_word': 7, 'exemplar_num': 3, 'image_shown': 'bus\\bus_03.png', 'word_shown_english': 'bus', 'word_shown_german': 'Bus', 'is_prompt': 1, 'is_mismatch': 0, 'ITI_length': 0.81, 'correct_response': None, 'nonmatch_pres_side': None, 'source_sequence': None, 'source_sequence_position': None, 'thisN': 50, 'thisTrialN': 50, 'thisRepN': 0}>
2026-08-25_09:47:53.543080 	EXP 	progress_bar_breaks: progress = 4.933333333333334
2026-08-25_09:47:53.543080 	EXP 	breaks_instruction: autoDraw = False
2026-08-25_09:47:53.543080 	EXP 	progress_bar_breaks: autoDraw = False
2026-08-25_09:47:53.543080 	EXP 	instruction_continuebreak: autoDraw = False
2026-08-25_09:47:53.543080 	EXP 	image: image = 'stimuli/bus\\bus_03.png'
2026-08-25_09:47:53.543080 	EXP 	image: autoDraw = True
2026-08-25_09:47:54.292313 	EXP 	spoken_word: sampleRate = 24000
2026-08-25_09:47:54.293997 	INFO 	Resampled audio from 24000Hz to 48000Hz using method 'default'.
2026-08-25_09:47:54.294012 	DEBUG 	Converted audio clip from mono to stereo
2026-08-25_09:47:54.294487 	EXP 	Sound spoken_word reached end of file
298.2196 	EXP 	Playing sound spoken_word on speaker Lautsprecher (Realtek(R) Audio)
2026-08-25_09:47:54.306221 	INFO 	Keyboard events cleared
2026-08-25_09:47:54.306056 	EXP 	image: autoDraw = False
2026-08-25_09:47:54.306056 	EXP 	image: autoDraw = False
2026-08-25_09:47:54.306056 	EXP 	fix_cross: foreColor = <psychopy.colors.Color: white, alpha=1.0>
2026-08-25_09:47:54.306056 	EXP 	fix_cross: autoDraw = True
2026-08-25_09:47:55.123846 	EXP 	Sound spoken_word reached end of file
2026-08-25_09:47:55.140428 	EXP 	Sound spoken_word reached end of file
2026-08-25_09:47:55.822266 	EXP 	fix_cross: autoDraw = False
2026-08-25_09:47:55.822266 	EXP 	fix_cross_2: autoDraw = True
2026-08-25_09:47:56.628184 	EXP 	New trial (rep=0, index=51): <Trial 51 (51 in rep 0) data={'block': 2, 'trial_in_block': 2, 'trial_type': 'localizer', 'is_buffer': 0, 'show_word': 1, 'concept': 'suit', 'concept_num': 1, 'concept_num_word': 1, 'exemplar_num': 3, 'image_shown': 'suit\\suit_03.png', 'word_shown_english': 'suit', 'word_shown_german': 'Anzug', 'is_prompt': 1, 'is_mismatch': 0, 'ITI_length': 1.1, 'correct_response': None, 'nonmatch_pres_side': None, 'source_sequence': None, 'source_sequence_position': None, 'thisN': 51, 'thisTrialN': 51, 'thisRepN': 0}>
2026-08-25_09:47:56.691086 	EXP 	fix_cross_2: autoDraw = False
2026-08-25_09:47:56.691086 	EXP 	fix_cross_2: autoDraw = False
2026-08-25_09:47:56.691086 	EXP 	breaks_instruction: height = 0.025
2026-08-25_09:47:56.691086 	EXP 	breaks_instruction: height = 0.025
2026-08-25_09:47:56.691086 	EXP 	breaks_instruction: height = 0.025
2026-08-25_09:47:56.691086 	EXP 	breaks_instruction: text = 'Pause, die Aufgabe geht gleich weiter.\nEs sind noch 8 Blöcke übrig.'
2026-08-25_09:47:56.691086 	EXP 	instruction_continuebreak: text = 'Die Pause ist vorbei.\nBitte drücken Sie eine beliebige Taste,\nsobald sie bereit sind, weiterzumachen.'
2026-08-25_09:47:56.691086 	EXP 	breaks_instruction: autoDraw = False
2026-08-25_09:47:56.691086 	EXP 	progress_bar_breaks: autoDraw = False
2026-08-25_09:47:56.691086 	EXP 	instruction_continuebreak: autoDraw = False
2026-08-25_09:47:56.691086 	EXP 	image: image = 'stimuli/suit\\suit_03.png'
2026-08-25_09:47:56.691086 	EXP 	image: autoDraw = True
2026-08-25_09:47:57.441486 	EXP 	spoken_word: sampleRate = 24000
2026-08-25_09:47:57.442825 	INFO 	Resampled audio from 24000Hz to 48000Hz using method 'default'.
2026-08-25_09:47:57.442838 	DEBUG 	Converted audio clip from mono to stereo
2026-08-25_09:47:57.443343 	EXP 	Sound spoken_word reached end of file
301.3686 	EXP 	Playing sound spoken_word on speaker Lautsprecher (Realtek(R) Audio)
2026-08-25_09:47:57.455235 	INFO 	Keyboard events cleared
2026-08-25_09:47:57.455063 	EXP 	image: autoDraw = False
2026-08-25_09:47:57.455063 	EXP 	image: autoDraw = False
2026-08-25_09:47:57.455063 	EXP 	fix_cross: foreColor = <psychopy.colors.Color: white, alpha=1.0>
2026-08-25_09:47:57.455063 	EXP 	fix_cross: autoDraw = True
2026-08-25_09:47:58.414008 	EXP 	Sound spoken_word reached end of file
2026-08-25_09:47:58.423655 	EXP 	Sound spoken_word reached end of file
2026-08-25_09:47:58.971634 	EXP 	fix_cross: autoDraw = False
2026-08-25_09:47:58.971634 	EXP 	fix_cross_2: autoDraw = True
2026-08-25_09:48:00.057204 	EXP 	New trial (rep=0, index=52): <Trial 52 (52 in rep 0) data={'block': 2, 'trial_in_block': 3, 'trial_type': 'localizer', 'is_buffer': 0, 'show_word': 1, 'concept': 'bottle', 'concept_num': 2, 'concept_num_word': 2, 'exemplar_num': 1, 'image_shown': 'bottle\\bottle_01.png', 'word_shown_english': 'bottle', 'word_shown_german': 'Flasche', 'is_prompt': 1, 'is_mismatch': 0, 'ITI_length': 0.85, 'correct_response': None, 'nonmatch_pres_side': None, 'source_sequence': None, 'source_sequence_position': None, 'thisN': 52, 'thisTrialN': 52, 'thisRepN': 0}>
2026-08-25_09:48:00.072175 	EXP 	fix_cross_2: autoDraw = False
2026-08-25_09:48:00.072175 	EXP 	fix_cross_2: autoDraw = False
2026-08-25_09:48:00.072175 	EXP 	breaks_instruction: text = 'Pause, die Aufgabe geht gleich weiter.\nEs sind noch 8 Blöcke übrig.'
2026-08-25_09:48:00.072175 	EXP 	instruction_continuebreak: text = 'Die Pause ist vorbei.\nBitte drücken Sie eine beliebige Taste,\nsobald sie bereit sind, weiterzumachen.'
2026-08-25_09:48:00.072175 	EXP 	breaks_instruction: autoDraw = False
2026-08-25_09:48:00.072175 	EXP 	progress_bar_breaks: autoDraw = False
2026-08-25_09:48:00.072175 	EXP 	instruction_continuebreak: autoDraw = False
2026-08-25_09:48:00.072175 	EXP 	image: image = 'stimuli/bottle\\bottle_01.png'
2026-08-25_09:48:00.072175 	EXP 	image: autoDraw = True
2026-08-25_09:48:00.810108 	EXP 	spoken_word: sampleRate = 24000
2026-08-25_09:48:00.812984 	INFO 	Resampled audio from 24000Hz to 48000Hz using method 'default'.
2026-08-25_09:48:00.813023 	DEBUG 	Converted audio clip from mono to stereo
2026-08-25_09:48:00.814194 	EXP 	Sound spoken_word reached end of file
304.7347 	EXP 	Playing sound spoken_word on speaker Lautsprecher (Realtek(R) Audio)
2026-08-25_09:48:00.822855 	INFO 	Keyboard events cleared
2026-08-25_09:48:00.822525 	EXP 	image: autoDraw = False
2026-08-25_09:48:00.822525 	EXP 	image: autoDraw = False
2026-08-25_09:48:00.822525 	EXP 	fix_cross: foreColor = <psychopy.colors.Color: white, alpha=1.0>
2026-08-25_09:48:00.822525 	EXP 	fix_cross: autoDraw = True
2026-08-25_09:48:01.746644 	EXP 	Sound spoken_word reached end of file
2026-08-25_09:48:01.756005 	EXP 	Sound spoken_word reached end of file
2026-08-25_09:48:02.337383 	EXP 	fix_cross: autoDraw = False
2026-08-25_09:48:02.337383 	EXP 	fix_cross_2: autoDraw = True
2026-08-25_09:48:03.172886 	EXP 	New trial (rep=0, index=53): <Trial 53 (53 in rep 0) data={'block': 2, 'trial_in_block': 4, 'trial_type': 'localizer', 'is_buffer': 0, 'show_word': 1, 'concept': 'saw', 'concept_num': 9, 'concept_num_word': 8, 'exemplar_num': 1, 'image_shown': 'saw\\saw_01.png', 'word_shown_english': 'ball', 'word_shown_german': 'Ball', 'is_prompt': 1, 'is_mismatch': 1, 'ITI_length': 1.18, 'correct_response': 'r', 'nonmatch_pres_side': 'right', 'source_sequence': None, 'source_sequence_position': None, 'thisN': 53, 'thisTrialN': 53, 'thisRepN': 0}>
2026-08-25_09:48:03.207129 	EXP 	fix_cross_2: autoDraw = False
2026-08-25_09:48:03.207129 	EXP 	fix_cross_2: autoDraw = False
2026-08-25_09:48:03.207129 	EXP 	breaks_instruction: text = 'Pause, die Aufgabe geht gleich weiter.\nEs sind noch 8 Blöcke übrig.'
2026-08-25_09:48:03.207129 	EXP 	instruction_continuebreak: text = 'Die Pause ist vorbei.\nBitte drücken Sie eine beliebige Taste,\nsobald sie bereit sind, weiterzumachen.'
2026-08-25_09:48:03.207129 	EXP 	breaks_instruction: autoDraw = False
2026-08-25_09:48:03.207129 	EXP 	progress_bar_breaks: autoDraw = False
2026-08-25_09:48:03.207129 	EXP 	instruction_continuebreak: autoDraw = False
2026-08-25_09:48:03.207129 	EXP 	image: image = 'stimuli/saw\\saw_01.png'
2026-08-25_09:48:03.207129 	EXP 	image: autoDraw = True
2026-08-25_09:48:03.956269 	EXP 	spoken_word: sampleRate = 24000
2026-08-25_09:48:03.957709 	INFO 	Resampled audio from 24000Hz to 48000Hz using method 'default'.
2026-08-25_09:48:03.957725 	DEBUG 	Converted audio clip from mono to stereo
2026-08-25_09:48:03.958222 	EXP 	Sound spoken_word reached end of file
307.8834 	EXP 	Playing sound spoken_word on speaker Lautsprecher (Realtek(R) Audio)
2026-08-25_09:48:03.969920 	INFO 	Keyboard events cleared
2026-08-25_09:48:03.969745 	EXP 	image: autoDraw = False
2026-08-25_09:48:03.969745 	EXP 	image: autoDraw = False
2026-08-25_09:48:03.969745 	EXP 	fix_cross: foreColor = <psychopy.colors.Color: white, alpha=1.0>
2026-08-25_09:48:03.969745 	EXP 	fix_cross: autoDraw = True
2026-08-25_09:48:04.714901 	EXP 	Sound spoken_word reached end of file
2026-08-25_09:48:04.737907 	EXP 	Sound spoken_word reached end of file
2026-08-25_09:48:05.486213 	EXP 	fix_cross: foreColor = <psychopy.colors.Color: red, alpha=1.0>
2026-08-25_09:48:05.686122 	EXP 	fix_cross: autoDraw = False
2026-08-25_09:48:05.686122 	EXP 	fix_cross_2: autoDraw = True
2026-08-25_09:48:06.857137 	EXP 	New trial (rep=0, index=54): <Trial 54 (54 in rep 0) data={'block': 2, 'trial_in_block': 5, 'trial_type': 'localizer', 'is_buffer': 0, 'show_word': 1, 'concept': 'watch', 'concept_num': 3, 'concept_num_word': 3, 'exemplar_num': 5, 'image_shown': 'watch\\watch_05.png', 'word_shown_english': 'watch', 'word_shown_german': 'Uhr', 'is_prompt': 1, 'is_mismatch': 0, 'ITI_length': 1, 'correct_response': None, 'nonmatch_pres_side': None, 'source_sequence': None, 'source_sequence_position': None, 'thisN': 54, 'thisTrialN': 54, 'thisRepN': 0}>
2026-08-25_09:48:06.944464 	EXP 	fix_cross_2: autoDraw = False
2026-08-25_09:48:06.944464 	EXP 	fix_cross_2: autoDraw = False
2026-08-25_09:48:06.944464 	EXP 	breaks_instruction: text = 'Pause, die Aufgabe geht gleich weiter.\nEs sind noch 8 Blöcke übrig.'
2026-08-25_09:48:06.944464 	EXP 	instruction_continuebreak: text = 'Die Pause ist vorbei.\nBitte drücken Sie eine beliebige Taste,\nsobald sie bereit sind, weiterzumachen.'
2026-08-25_09:48:06.944464 	EXP 	breaks_instruction: autoDraw = False
2026-08-25_09:48:06.944464 	EXP 	progress_bar_breaks: autoDraw = False
2026-08-25_09:48:06.944464 	EXP 	instruction_continuebreak: autoDraw = False
2026-08-25_09:48:06.944464 	EXP 	image: image = 'stimuli/watch\\watch_05.png'
2026-08-25_09:48:06.944464 	EXP 	image: autoDraw = True
2026-08-25_09:48:07.692101 	EXP 	spoken_word: sampleRate = 24000
2026-08-25_09:48:07.693784 	INFO 	Resampled audio from 24000Hz to 48000Hz using method 'default'.
2026-08-25_09:48:07.693808 	DEBUG 	Converted audio clip from mono to stereo
2026-08-25_09:48:07.694540 	EXP 	Sound spoken_word reached end of file
311.6168 	EXP 	Playing sound spoken_word on speaker Lautsprecher (Realtek(R) Audio)
2026-08-25_09:48:07.703457 	INFO 	Keyboard events cleared
2026-08-25_09:48:07.703124 	EXP 	image: autoDraw = False
2026-08-25_09:48:07.703124 	EXP 	image: autoDraw = False
2026-08-25_09:48:07.703124 	EXP 	fix_cross: foreColor = <psychopy.colors.Color: white, alpha=1.0>
2026-08-25_09:48:07.703124 	EXP 	fix_cross: autoDraw = True
2026-08-25_09:48:08.436112 	EXP 	Sound spoken_word reached end of file
2026-08-25_09:48:08.458561 	EXP 	Sound spoken_word reached end of file
2026-08-25_09:48:09.219700 	EXP 	fix_cross: autoDraw = False
2026-08-25_09:48:09.219700 	EXP 	fix_cross_2: autoDraw = True
2026-08-25_09:48:10.207355 	EXP 	New trial (rep=0, index=55): <Trial 55 (55 in rep 0) data={'block': 2, 'trial_in_block': 6, 'trial_type': 'localizer', 'is_buffer': 0, 'show_word': 1, 'concept': 'bottle', 'concept_num': 2, 'concept_num_word': 2, 'exemplar_num': 6, 'image_shown': 'bottle\\bottle_06.png', 'word_shown_english': 'bottle', 'word_shown_german': 'Flasche', 'is_prompt': 1, 'is_mismatch': 0, 'ITI_length': 1.17, 'correct_response': None, 'nonmatch_pres_side': None, 'source_sequence': None, 'source_sequence_position': None, 'thisN': 55, 'thisTrialN': 55, 'thisRepN': 0}>
2026-08-25_09:48:10.324937 	EXP 	fix_cross_2: autoDraw = False
2026-08-25_09:48:10.324937 	EXP 	fix_cross_2: autoDraw = False
2026-08-25_09:48:10.324937 	EXP 	breaks_instruction: text = 'Pause, die Aufgabe geht gleich weiter.\nEs sind noch 8 Blöcke übrig.'
2026-08-25_09:48:10.324937 	EXP 	instruction_continuebreak: text = 'Die Pause ist vorbei.\nBitte drücken Sie eine beliebige Taste,\nsobald sie bereit sind, weiterzumachen.'
2026-08-25_09:48:10.324937 	EXP 	breaks_instruction: autoDraw = False
2026-08-25_09:48:10.324937 	EXP 	progress_bar_breaks: autoDraw = False
2026-08-25_09:48:10.324937 	EXP 	instruction_continuebreak: autoDraw = False
2026-08-25_09:48:10.324937 	EXP 	image: image = 'stimuli/bottle\\bottle_06.png'
2026-08-25_09:48:10.324937 	EXP 	image: autoDraw = True
2026-08-25_09:48:11.075193 	EXP 	spoken_word: sampleRate = 24000
2026-08-25_09:48:11.078588 	INFO 	Resampled audio from 24000Hz to 48000Hz using method 'default'.
2026-08-25_09:48:11.078648 	DEBUG 	Converted audio clip from mono to stereo
2026-08-25_09:48:11.080028 	EXP 	Sound spoken_word reached end of file
315.0000 	EXP 	Playing sound spoken_word on speaker Lautsprecher (Realtek(R) Audio)
2026-08-25_09:48:11.101616 	INFO 	Keyboard events cleared
2026-08-25_09:48:11.101337 	EXP 	image: autoDraw = False
2026-08-25_09:48:11.101337 	EXP 	image: autoDraw = False
2026-08-25_09:48:11.101337 	EXP 	fix_cross: foreColor = <psychopy.colors.Color: white, alpha=1.0>
2026-08-25_09:48:11.101337 	EXP 	fix_cross: autoDraw = True
2026-08-25_09:48:12.011215 	EXP 	Sound spoken_word reached end of file
2026-08-25_09:48:12.023161 	EXP 	Sound spoken_word reached end of file
2026-08-25_09:48:12.601113 	EXP 	fix_cross: autoDraw = False
2026-08-25_09:48:12.601113 	EXP 	fix_cross_2: autoDraw = True
2026-08-25_09:48:13.949923 	EXP 	New trial (rep=0, index=56): <Trial 56 (56 in rep 0) data={'block': 2, 'trial_in_block': 7, 'trial_type': 'localizer', 'is_buffer': 0, 'show_word': 1, 'concept': 'bus', 'concept_num': 7, 'concept_num_word': 7, 'exemplar_num': 10, 'image_shown': 'bus\\bus_10.png', 'word_shown_english': 'bus', 'word_shown_german': 'Bus', 'is_prompt': 1, 'is_mismatch': 0, 'ITI_length': 1.21, 'correct_response': None, 'nonmatch_pres_side': None, 'source_sequence': None, 'source_sequence_position': None, 'thisN': 56, 'thisTrialN': 56, 'thisRepN': 0}>
2026-08-25_09:48:15.021778 	EXP 	fix_cross_2: autoDraw = False
2026-08-25_09:48:15.021778 	EXP 	fix_cross_2: autoDraw = False
2026-08-25_09:48:15.021778 	EXP 	breaks_instruction: text = 'Pause, die Aufgabe geht gleich weiter.\nEs sind noch 8 Blöcke übrig.'
2026-08-25_09:48:15.021778 	EXP 	instruction_continuebreak: text = 'Die Pause ist vorbei.\nBitte drücken Sie eine beliebige Taste,\nsobald sie bereit sind, weiterzumachen.'
2026-08-25_09:48:15.021778 	EXP 	breaks_instruction: autoDraw = False
2026-08-25_09:48:15.021778 	EXP 	progress_bar_breaks: autoDraw = False
2026-08-25_09:48:15.021778 	EXP 	instruction_continuebreak: autoDraw = False
2026-08-25_09:48:15.021778 	EXP 	image: image = 'stimuli/bus\\bus_10.png'
2026-08-25_09:48:15.021778 	EXP 	image: autoDraw = True
2026-08-25_09:48:15.850033 	EXP 	spoken_word: sampleRate = 24000
2026-08-25_09:48:15.949223 	INFO 	Resampled audio from 24000Hz to 48000Hz using method 'default'.
2026-08-25_09:48:15.950177 	DEBUG 	Converted audio clip from mono to stereo
2026-08-25_09:48:15.989309 	EXP 	Sound spoken_word reached end of file
319.9148 	EXP 	Playing sound spoken_word on speaker Lautsprecher (Realtek(R) Audio)
2026-08-25_09:48:16.079181 	INFO 	Keyboard events cleared
2026-08-25_09:48:16.072122 	EXP 	image: autoDraw = False
2026-08-25_09:48:16.072122 	EXP 	image: autoDraw = False
2026-08-25_09:48:16.072122 	EXP 	fix_cross: foreColor = <psychopy.colors.Color: white, alpha=1.0>
2026-08-25_09:48:16.072122 	EXP 	fix_cross: autoDraw = True
2026-08-25_09:48:16.819200 	EXP 	Sound spoken_word reached end of file
2026-08-25_09:48:16.835191 	EXP 	Sound spoken_word reached end of file
2026-08-25_09:48:17.316000 	EXP 	fix_cross: autoDraw = False
2026-08-25_09:48:17.316000 	EXP 	fix_cross_2: autoDraw = True
2026-08-25_09:48:18.530800 	EXP 	New trial (rep=0, index=57): <Trial 57 (57 in rep 0) data={'block': 2, 'trial_in_block': 8, 'trial_type': 'localizer', 'is_buffer': 0, 'show_word': 1, 'concept': 'saw', 'concept_num': 9, 'concept_num_word': 9, 'exemplar_num': 10, 'image_shown': 'saw\\saw_10.png', 'word_shown_english': 'saw', 'word_shown_german': 'Säge', 'is_prompt': 1, 'is_mismatch': 0, 'ITI_length': 0.78, 'correct_response': None, 'nonmatch_pres_side': None, 'source_sequence': None, 'source_sequence_position': None, 'thisN': 57, 'thisTrialN': 57, 'thisRepN': 0}>
2026-08-25_09:48:18.709413 	EXP 	fix_cross_2: autoDraw = False
2026-08-25_09:48:18.709413 	EXP 	fix_cross_2: autoDraw = False
2026-08-25_09:48:18.709413 	EXP 	breaks_instruction: text = 'Pause, die Aufgabe geht gleich weiter.\nEs sind noch 8 Blöcke übrig.'
2026-08-25_09:48:18.709413 	EXP 	instruction_continuebreak: text = 'Die Pause ist vorbei.\nBitte drücken Sie eine beliebige Taste,\nsobald sie bereit sind, weiterzumachen.'
2026-08-25_09:48:18.709413 	EXP 	breaks_instruction: autoDraw = False
2026-08-25_09:48:18.709413 	EXP 	progress_bar_breaks: autoDraw = False
2026-08-25_09:48:18.709413 	EXP 	instruction_continuebreak: autoDraw = False
2026-08-25_09:48:18.709413 	EXP 	image: image = 'stimuli/saw\\saw_10.png'
2026-08-25_09:48:18.709413 	EXP 	image: autoDraw = True
2026-08-25_09:48:19.467946 	EXP 	spoken_word: sampleRate = 24000
2026-08-25_09:48:19.490983 	INFO 	Resampled audio from 24000Hz to 48000Hz using method 'default'.
2026-08-25_09:48:19.491322 	DEBUG 	Converted audio clip from mono to stereo
2026-08-25_09:48:19.493731 	EXP 	Sound spoken_word reached end of file
323.4139 	EXP 	Playing sound spoken_word on speaker Lautsprecher (Realtek(R) Audio)
2026-08-25_09:48:19.515436 	INFO 	Keyboard events cleared
2026-08-25_09:48:19.515153 	EXP 	image: autoDraw = False
2026-08-25_09:48:19.515153 	EXP 	image: autoDraw = False
2026-08-25_09:48:19.515153 	EXP 	fix_cross: foreColor = <psychopy.colors.Color: white, alpha=1.0>
2026-08-25_09:48:19.515153 	EXP 	fix_cross: autoDraw = True
2026-08-25_09:48:20.423850 	EXP 	Sound spoken_word reached end of file
2026-08-25_09:48:20.436814 	EXP 	Sound spoken_word reached end of file
2026-08-25_09:48:20.983559 	EXP 	fix_cross: autoDraw = False
2026-08-25_09:48:20.983559 	EXP 	fix_cross_2: autoDraw = True
2026-08-25_09:48:21.760421 	EXP 	New trial (rep=0, index=58): <Trial 58 (58 in rep 0) data={'block': 2, 'trial_in_block': 9, 'trial_type': 'localizer', 'is_buffer': 0, 'show_word': 1, 'concept': 'ball', 'concept_num': 8, 'concept_num_word': 8, 'exemplar_num': 5, 'image_shown': 'ball\\ball_05.png', 'word_shown_english': 'ball', 'word_shown_german': 'Ball', 'is_prompt': 1, 'is_mismatch': 0, 'ITI_length': 0.77, 'correct_response': None, 'nonmatch_pres_side': None, 'source_sequence': None, 'source_sequence_position': None, 'thisN': 58, 'thisTrialN': 58, 'thisRepN': 0}>
2026-08-25_09:48:21.922381 	EXP 	fix_cross_2: autoDraw = False
2026-08-25_09:48:21.922381 	EXP 	fix_cross_2: autoDraw = False
2026-08-25_09:48:21.922381 	EXP 	breaks_instruction: text = 'Pause, die Aufgabe geht gleich weiter.\nEs sind noch 8 Blöcke übrig.'
2026-08-25_09:48:21.922381 	EXP 	instruction_continuebreak: text = 'Die Pause ist vorbei.\nBitte drücken Sie eine beliebige Taste,\nsobald sie bereit sind, weiterzumachen.'
2026-08-25_09:48:21.922381 	EXP 	breaks_instruction: autoDraw = False
2026-08-25_09:48:21.922381 	EXP 	progress_bar_breaks: autoDraw = False
2026-08-25_09:48:21.922381 	EXP 	instruction_continuebreak: autoDraw = False
2026-08-25_09:48:21.922381 	EXP 	image: image = 'stimuli/ball\\ball_05.png'
2026-08-25_09:48:21.922381 	EXP 	image: autoDraw = True
2026-08-25_09:48:22.673729 	EXP 	spoken_word: sampleRate = 24000
2026-08-25_09:48:22.678440 	INFO 	Resampled audio from 24000Hz to 48000Hz using method 'default'.
2026-08-25_09:48:22.678516 	DEBUG 	Converted audio clip from mono to stereo
2026-08-25_09:48:22.680037 	EXP 	Sound spoken_word reached end of file
326.5953 	EXP 	Playing sound spoken_word on speaker Lautsprecher (Realtek(R) Audio)
2026-08-25_09:48:22.708083 	INFO 	Keyboard events cleared
2026-08-25_09:48:22.707544 	EXP 	image: autoDraw = False
2026-08-25_09:48:22.707544 	EXP 	image: autoDraw = False
2026-08-25_09:48:22.707544 	EXP 	fix_cross: foreColor = <psychopy.colors.Color: white, alpha=1.0>
2026-08-25_09:48:22.707544 	EXP 	fix_cross: autoDraw = True
2026-08-25_09:48:23.446981 	EXP 	Sound spoken_word reached end of file
2026-08-25_09:48:23.470763 	EXP 	Sound spoken_word reached end of file
2026-08-25_09:48:24.198804 	EXP 	fix_cross: autoDraw = False
2026-08-25_09:48:24.198804 	EXP 	fix_cross_2: autoDraw = True
2026-08-25_09:48:24.957691 	EXP 	New trial (rep=0, index=59): <Trial 59 (59 in rep 0) data={'block': 2, 'trial_in_block': 10, 'trial_type': 'localizer', 'is_buffer': 0, 'show_word': 1, 'concept': 'fan', 'concept_num': 4, 'concept_num_word': 4, 'exemplar_num': 5, 'image_shown': 'fan\\fan_05.png', 'word_shown_english': 'fan', 'word_shown_german': 'Ventilator', 'is_prompt': 1, 'is_mismatch': 0, 'ITI_length': 0.76, 'correct_response': None, 'nonmatch_pres_side': None, 'source_sequence': None, 'source_sequence_position': None, 'thisN': 59, 'thisTrialN': 59, 'thisRepN': 0}>
2026-08-25_09:48:24.999979 	EXP 	fix_cross_2: autoDraw = False
2026-08-25_09:48:24.999979 	EXP 	fix_cross_2: autoDraw = False
2026-08-25_09:48:24.999979 	EXP 	breaks_instruction: text = 'Pause, die Aufgabe geht gleich weiter.\nEs sind noch 8 Blöcke übrig.'
2026-08-25_09:48:24.999979 	EXP 	instruction_continuebreak: text = 'Die Pause ist vorbei.\nBitte drücken Sie eine beliebige Taste,\nsobald sie bereit sind, weiterzumachen.'
2026-08-25_09:48:24.999979 	EXP 	breaks_instruction: autoDraw = False
2026-08-25_09:48:24.999979 	EXP 	progress_bar_breaks: autoDraw = False
2026-08-25_09:48:24.999979 	EXP 	instruction_continuebreak: autoDraw = False
2026-08-25_09:48:24.999979 	EXP 	image: image = 'stimuli/fan\\fan_05.png'
2026-08-25_09:48:24.999979 	EXP 	image: autoDraw = True
2026-08-25_09:48:25.762441 	EXP 	spoken_word: sampleRate = 24000
2026-08-25_09:48:25.767631 	INFO 	Resampled audio from 24000Hz to 48000Hz using method 'default'.
2026-08-25_09:48:25.767681 	DEBUG 	Converted audio clip from mono to stereo
2026-08-25_09:48:25.768936 	EXP 	Sound spoken_word reached end of file
329.6863 	EXP 	Playing sound spoken_word on speaker Lautsprecher (Realtek(R) Audio)
2026-08-25_09:48:25.780674 	INFO 	Keyboard events cleared
2026-08-25_09:48:25.780427 	EXP 	image: autoDraw = False
2026-08-25_09:48:25.780427 	EXP 	image: autoDraw = False
2026-08-25_09:48:25.780427 	EXP 	fix_cross: foreColor = <psychopy.colors.Color: white, alpha=1.0>
2026-08-25_09:48:25.780427 	EXP 	fix_cross: autoDraw = True
2026-08-25_09:48:26.815653 	EXP 	Sound spoken_word reached end of file
2026-08-25_09:48:26.832663 	EXP 	Sound spoken_word reached end of file
2026-08-25_09:48:27.287921 	EXP 	fix_cross: autoDraw = False
2026-08-25_09:48:27.287921 	EXP 	fix_cross_2: autoDraw = True
2026-08-25_09:48:28.054090 	EXP 	New trial (rep=0, index=60): <Trial 60 (60 in rep 0) data={'block': 2, 'trial_in_block': 11, 'trial_type': 'localizer', 'is_buffer': 0, 'show_word': 1, 'concept': 'ball', 'concept_num': 8, 'concept_num_word': 10, 'exemplar_num': 9, 'image_shown': 'ball\\ball_09.png', 'word_shown_english': 'desk', 'word_shown_german': 'Schreibtisch', 'is_prompt': 1, 'is_mismatch': 1, 'ITI_length': 1.06, 'correct_response': 'r', 'nonmatch_pres_side': 'right', 'source_sequence': None, 'source_sequence_position': None, 'thisN': 60, 'thisTrialN': 60, 'thisRepN': 0}>
2026-08-25_09:48:28.154068 	EXP 	fix_cross_2: autoDraw = False
2026-08-25_09:48:28.154068 	EXP 	fix_cross_2: autoDraw = False
2026-08-25_09:48:28.154068 	EXP 	breaks_instruction: text = 'Pause, die Aufgabe geht gleich weiter.\nEs sind noch 8 Blöcke übrig.'
2026-08-25_09:48:28.154068 	EXP 	instruction_continuebreak: text = 'Die Pause ist vorbei.\nBitte drücken Sie eine beliebige Taste,\nsobald sie bereit sind, weiterzumachen.'
2026-08-25_09:48:28.154068 	EXP 	breaks_instruction: autoDraw = False
2026-08-25_09:48:28.154068 	EXP 	progress_bar_breaks: autoDraw = False
2026-08-25_09:48:28.154068 	EXP 	instruction_continuebreak: autoDraw = False
2026-08-25_09:48:28.154068 	EXP 	image: image = 'stimuli/ball\\ball_09.png'
2026-08-25_09:48:28.154068 	EXP 	image: autoDraw = True
2026-08-25_09:48:28.907907 	EXP 	spoken_word: sampleRate = 24000
2026-08-25_09:48:28.912394 	INFO 	Resampled audio from 24000Hz to 48000Hz using method 'default'.
2026-08-25_09:48:28.912436 	DEBUG 	Converted audio clip from mono to stereo
2026-08-25_09:48:28.913368 	EXP 	Sound spoken_word reached end of file
332.8333 	EXP 	Playing sound spoken_word on speaker Lautsprecher (Realtek(R) Audio)
2026-08-25_09:48:28.929784 	INFO 	Keyboard events cleared
2026-08-25_09:48:28.929586 	EXP 	image: autoDraw = False
2026-08-25_09:48:28.929586 	EXP 	image: autoDraw = False
2026-08-25_09:48:28.929586 	EXP 	fix_cross: foreColor = <psychopy.colors.Color: white, alpha=1.0>
2026-08-25_09:48:28.929586 	EXP 	fix_cross: autoDraw = True
2026-08-25_09:48:29.918655 	EXP 	Sound spoken_word reached end of file
2026-08-25_09:48:29.933356 	EXP 	Sound spoken_word reached end of file
2026-08-25_09:48:30.431846 	EXP 	fix_cross: foreColor = <psychopy.colors.Color: red, alpha=1.0>
2026-08-25_09:48:30.651720 	EXP 	fix_cross: autoDraw = False
2026-08-25_09:48:30.651720 	EXP 	fix_cross_2: autoDraw = True
2026-08-25_09:48:31.703171 	EXP 	New trial (rep=0, index=61): <Trial 61 (61 in rep 0) data={'block': 2, 'trial_in_block': 12, 'trial_type': 'localizer', 'is_buffer': 0, 'show_word': 1, 'concept': 'watch', 'concept_num': 3, 'concept_num_word': 3, 'exemplar_num': 1, 'image_shown': 'watch\\watch_01.png', 'word_shown_english': 'watch', 'word_shown_german': 'Uhr', 'is_prompt': 1, 'is_mismatch': 0, 'ITI_length': 1.19, 'correct_response': None, 'nonmatch_pres_side': None, 'source_sequence': None, 'source_sequence_position': None, 'thisN': 61, 'thisTrialN': 61, 'thisRepN': 0}>
2026-08-25_09:48:31.782823 	EXP 	fix_cross_2: autoDraw = False
2026-08-25_09:48:31.782823 	EXP 	fix_cross_2: autoDraw = False
2026-08-25_09:48:31.782823 	EXP 	breaks_instruction: text = 'Pause, die Aufgabe geht gleich weiter.\nEs sind noch 8 Blöcke übrig.'
2026-08-25_09:48:31.782823 	EXP 	instruction_continuebreak: text = 'Die Pause ist vorbei.\nBitte drücken Sie eine beliebige Taste,\nsobald sie bereit sind, weiterzumachen.'
2026-08-25_09:48:31.782823 	EXP 	breaks_instruction: autoDraw = False
2026-08-25_09:48:31.782823 	EXP 	progress_bar_breaks: autoDraw = False
2026-08-25_09:48:31.782823 	EXP 	instruction_continuebreak: autoDraw = False
2026-08-25_09:48:31.782823 	EXP 	image: image = 'stimuli/watch\\watch_01.png'
2026-08-25_09:48:31.782823 	EXP 	image: autoDraw = True
2026-08-25_09:48:32.534847 	EXP 	spoken_word: sampleRate = 24000
2026-08-25_09:48:32.537271 	INFO 	Resampled audio from 24000Hz to 48000Hz using method 'default'.
2026-08-25_09:48:32.537301 	DEBUG 	Converted audio clip from mono to stereo
2026-08-25_09:48:32.538029 	EXP 	Sound spoken_word reached end of file
336.4614 	EXP 	Playing sound spoken_word on speaker Lautsprecher (Realtek(R) Audio)
2026-08-25_09:48:32.547019 	INFO 	Keyboard events cleared
2026-08-25_09:48:32.546818 	EXP 	image: autoDraw = False
2026-08-25_09:48:32.546818 	EXP 	image: autoDraw = False
2026-08-25_09:48:32.546818 	EXP 	fix_cross: foreColor = <psychopy.colors.Color: white, alpha=1.0>
2026-08-25_09:48:32.546818 	EXP 	fix_cross: autoDraw = True
2026-08-25_09:48:33.277089 	EXP 	Sound spoken_word reached end of file
2026-08-25_09:48:33.296560 	EXP 	Sound spoken_word reached end of file
2026-08-25_09:48:34.050139 	EXP 	fix_cross: autoDraw = False
2026-08-25_09:48:34.050139 	EXP 	fix_cross_2: autoDraw = True
2026-08-25_09:48:35.234767 	EXP 	New trial (rep=0, index=62): <Trial 62 (62 in rep 0) data={'block': 2, 'trial_in_block': 13, 'trial_type': 'localizer', 'is_buffer': 0, 'show_word': 1, 'concept': 'roll', 'concept_num': 6, 'concept_num_word': 6, 'exemplar_num': 10, 'image_shown': 'roll\\roll_10.png', 'word_shown_english': 'roll', 'word_shown_german': 'Brötchen', 'is_prompt': 1, 'is_mismatch': 0, 'ITI_length': 1.16, 'correct_response': None, 'nonmatch_pres_side': None, 'source_sequence': None, 'source_sequence_position': None, 'thisN': 62, 'thisTrialN': 62, 'thisRepN': 0}>
2026-08-25_09:48:35.316029 	EXP 	fix_cross_2: autoDraw = False
2026-08-25_09:48:35.316029 	EXP 	fix_cross_2: autoDraw = False
2026-08-25_09:48:35.316029 	EXP 	breaks_instruction: text = 'Pause, die Aufgabe geht gleich weiter.\nEs sind noch 8 Blöcke übrig.'
2026-08-25_09:48:35.316029 	EXP 	instruction_continuebreak: text = 'Die Pause ist vorbei.\nBitte drücken Sie eine beliebige Taste,\nsobald sie bereit sind, weiterzumachen.'
2026-08-25_09:48:35.316029 	EXP 	breaks_instruction: autoDraw = False
2026-08-25_09:48:35.316029 	EXP 	progress_bar_breaks: autoDraw = False
2026-08-25_09:48:35.316029 	EXP 	instruction_continuebreak: autoDraw = False
2026-08-25_09:48:35.316029 	EXP 	image: image = 'stimuli/roll\\roll_10.png'
2026-08-25_09:48:35.316029 	EXP 	image: autoDraw = True
2026-08-25_09:48:36.054085 	EXP 	spoken_word: sampleRate = 24000
2026-08-25_09:48:36.058086 	INFO 	Resampled audio from 24000Hz to 48000Hz using method 'default'.
2026-08-25_09:48:36.058156 	DEBUG 	Converted audio clip from mono to stereo
2026-08-25_09:48:36.059288 	EXP 	Sound spoken_word reached end of file
339.9793 	EXP 	Playing sound spoken_word on speaker Lautsprecher (Realtek(R) Audio)
2026-08-25_09:48:36.077750 	INFO 	Keyboard events cleared
2026-08-25_09:48:36.077454 	EXP 	image: autoDraw = False
2026-08-25_09:48:36.077454 	EXP 	image: autoDraw = False
2026-08-25_09:48:36.077454 	EXP 	fix_cross: foreColor = <psychopy.colors.Color: white, alpha=1.0>
2026-08-25_09:48:36.077454 	EXP 	fix_cross: autoDraw = True
2026-08-25_09:48:37.035640 	EXP 	Sound spoken_word reached end of file
2026-08-25_09:48:37.044676 	EXP 	Sound spoken_word reached end of file
2026-08-25_09:48:37.578662 	EXP 	fix_cross: autoDraw = False
2026-08-25_09:48:37.578662 	EXP 	fix_cross_2: autoDraw = True
2026-08-25_09:48:38.735547 	EXP 	New trial (rep=0, index=63): <Trial 63 (63 in rep 0) data={'block': 2, 'trial_in_block': 14, 'trial_type': 'localizer', 'is_buffer': 0, 'show_word': 1, 'concept': 'desk', 'concept_num': 10, 'concept_num_word': 10, 'exemplar_num': 2, 'image_shown': 'desk\\desk_02.png', 'word_shown_english': 'desk', 'word_shown_german': 'Schreibtisch', 'is_prompt': 1, 'is_mismatch': 0, 'ITI_length': 0.95, 'correct_response': None, 'nonmatch_pres_side': None, 'source_sequence': None, 'source_sequence_position': None, 'thisN': 63, 'thisTrialN': 63, 'thisRepN': 0}>
2026-08-25_09:48:38.780538 	EXP 	fix_cross_2: autoDraw = False
2026-08-25_09:48:38.780538 	EXP 	fix_cross_2: autoDraw = False
2026-08-25_09:48:38.780538 	EXP 	breaks_instruction: text = 'Pause, die Aufgabe geht gleich weiter.\nEs sind noch 8 Blöcke übrig.'
2026-08-25_09:48:38.780538 	EXP 	instruction_continuebreak: text = 'Die Pause ist vorbei.\nBitte drücken Sie eine beliebige Taste,\nsobald sie bereit sind, weiterzumachen.'
2026-08-25_09:48:38.780538 	EXP 	breaks_instruction: autoDraw = False
2026-08-25_09:48:38.780538 	EXP 	progress_bar_breaks: autoDraw = False
2026-08-25_09:48:38.780538 	EXP 	instruction_continuebreak: autoDraw = False
2026-08-25_09:48:38.780538 	EXP 	image: image = 'stimuli/desk\\desk_02.png'
2026-08-25_09:48:38.780538 	EXP 	image: autoDraw = True
2026-08-25_09:48:39.520959 	EXP 	spoken_word: sampleRate = 24000
2026-08-25_09:48:39.524214 	INFO 	Resampled audio from 24000Hz to 48000Hz using method 'default'.
2026-08-25_09:48:39.524254 	DEBUG 	Converted audio clip from mono to stereo
2026-08-25_09:48:39.525147 	EXP 	Sound spoken_word reached end of file
343.4474 	EXP 	Playing sound spoken_word on speaker Lautsprecher (Realtek(R) Audio)
2026-08-25_09:48:39.547575 	INFO 	Keyboard events cleared
2026-08-25_09:48:39.547393 	EXP 	image: autoDraw = False
2026-08-25_09:48:39.547393 	EXP 	image: autoDraw = False
2026-08-25_09:48:39.547393 	EXP 	fix_cross: foreColor = <psychopy.colors.Color: white, alpha=1.0>
2026-08-25_09:48:39.547393 	EXP 	fix_cross: autoDraw = True
2026-08-25_09:48:40.516956 	EXP 	Sound spoken_word reached end of file
2026-08-25_09:48:40.534161 	EXP 	Sound spoken_word reached end of file
2026-08-25_09:48:41.044739 	EXP 	fix_cross: autoDraw = False
2026-08-25_09:48:41.044739 	EXP 	fix_cross_2: autoDraw = True
2026-08-25_09:48:41.981419 	EXP 	New trial (rep=0, index=64): <Trial 64 (64 in rep 0) data={'block': 2, 'trial_in_block': 15, 'trial_type': 'localizer', 'is_buffer': 0, 'show_word': 1, 'concept': 'bus', 'concept_num': 7, 'concept_num_word': 7, 'exemplar_num': 2, 'image_shown': 'bus\\bus_02.png', 'word_shown_english': 'bus', 'word_shown_german': 'Bus', 'is_prompt': 1, 'is_mismatch': 0, 'ITI_length': 0.8, 'correct_response': None, 'nonmatch_pres_side': None, 'source_sequence': None, 'source_sequence_position': None, 'thisN': 64, 'thisTrialN': 64, 'thisRepN': 0}>
2026-08-25_09:48:42.064265 	EXP 	fix_cross_2: autoDraw = False
2026-08-25_09:48:42.064265 	EXP 	fix_cross_2: autoDraw = False
2026-08-25_09:48:42.064265 	EXP 	breaks_instruction: text = 'Pause, die Aufgabe geht gleich weiter.\nEs sind noch 8 Blöcke übrig.'
2026-08-25_09:48:42.064265 	EXP 	instruction_continuebreak: text = 'Die Pause ist vorbei.\nBitte drücken Sie eine beliebige Taste,\nsobald sie bereit sind, weiterzumachen.'
2026-08-25_09:48:42.064265 	EXP 	breaks_instruction: autoDraw = False
2026-08-25_09:48:42.064265 	EXP 	progress_bar_breaks: autoDraw = False
2026-08-25_09:48:42.064265 	EXP 	instruction_continuebreak: autoDraw = False
2026-08-25_09:48:42.064265 	EXP 	image: image = 'stimuli/bus\\bus_02.png'
2026-08-25_09:48:42.064265 	EXP 	image: autoDraw = True
2026-08-25_09:48:42.815583 	EXP 	spoken_word: sampleRate = 24000
2026-08-25_09:48:42.818597 	INFO 	Resampled audio from 24000Hz to 48000Hz using method 'default'.
2026-08-25_09:48:42.818616 	DEBUG 	Converted audio clip from mono to stereo
2026-08-25_09:48:42.819231 	EXP 	Sound spoken_word reached end of file
346.7423 	EXP 	Playing sound spoken_word on speaker Lautsprecher (Realtek(R) Audio)
2026-08-25_09:48:42.842043 	INFO 	Keyboard events cleared
2026-08-25_09:48:42.841851 	EXP 	image: autoDraw = False
2026-08-25_09:48:42.841851 	EXP 	image: autoDraw = False
2026-08-25_09:48:42.841851 	EXP 	fix_cross: foreColor = <psychopy.colors.Color: white, alpha=1.0>
2026-08-25_09:48:42.841851 	EXP 	fix_cross: autoDraw = True
2026-08-25_09:48:43.657933 	EXP 	Sound spoken_word reached end of file
2026-08-25_09:48:43.676520 	EXP 	Sound spoken_word reached end of file
2026-08-25_09:48:44.343117 	EXP 	fix_cross: autoDraw = False
2026-08-25_09:48:44.343117 	EXP 	fix_cross_2: autoDraw = True
2026-08-25_09:48:45.130428 	EXP 	New trial (rep=0, index=65): <Trial 65 (65 in rep 0) data={'block': 2, 'trial_in_block': 16, 'trial_type': 'localizer', 'is_buffer': 0, 'show_word': 1, 'concept': 'suit', 'concept_num': 1, 'concept_num_word': 1, 'exemplar_num': 1, 'image_shown': 'suit\\suit_01.png', 'word_shown_english': 'suit', 'word_shown_german': 'Anzug', 'is_prompt': 1, 'is_mismatch': 0, 'ITI_length': 1.05, 'correct_response': None, 'nonmatch_pres_side': None, 'source_sequence': None, 'source_sequence_position': None, 'thisN': 65, 'thisTrialN': 65, 'thisRepN': 0}>
2026-08-25_09:48:45.195047 	EXP 	fix_cross_2: autoDraw = False
2026-08-25_09:48:45.195047 	EXP 	fix_cross_2: autoDraw = False
2026-08-25_09:48:45.195047 	EXP 	breaks_instruction: text = 'Pause, die Aufgabe geht gleich weiter.\nEs sind noch 8 Blöcke übrig.'
2026-08-25_09:48:45.195047 	EXP 	instruction_continuebreak: text = 'Die Pause ist vorbei.\nBitte drücken Sie eine beliebige Taste,\nsobald sie bereit sind, weiterzumachen.'
2026-08-25_09:48:45.195047 	EXP 	breaks_instruction: autoDraw = False
2026-08-25_09:48:45.195047 	EXP 	progress_bar_breaks: autoDraw = False
2026-08-25_09:48:45.195047 	EXP 	instruction_continuebreak: autoDraw = False
2026-08-25_09:48:45.195047 	EXP 	image: image = 'stimuli/suit\\suit_01.png'
2026-08-25_09:48:45.195047 	EXP 	image: autoDraw = True
2026-08-25_09:48:45.949454 	EXP 	spoken_word: sampleRate = 24000
2026-08-25_09:48:45.951188 	INFO 	Resampled audio from 24000Hz to 48000Hz using method 'default'.
2026-08-25_09:48:45.951202 	DEBUG 	Converted audio clip from mono to stereo
2026-08-25_09:48:45.951722 	EXP 	Sound spoken_word reached end of file
349.8758 	EXP 	Playing sound spoken_word on speaker Lautsprecher (Realtek(R) Audio)
2026-08-25_09:48:45.973280 	INFO 	Keyboard events cleared
2026-08-25_09:48:45.973063 	EXP 	image: autoDraw = False
2026-08-25_09:48:45.973063 	EXP 	image: autoDraw = False
2026-08-25_09:48:45.973063 	EXP 	fix_cross: foreColor = <psychopy.colors.Color: white, alpha=1.0>
2026-08-25_09:48:45.973063 	EXP 	fix_cross: autoDraw = True
2026-08-25_09:48:46.926753 	EXP 	Sound spoken_word reached end of file
2026-08-25_09:48:46.941997 	EXP 	Sound spoken_word reached end of file
2026-08-25_09:48:47.476791 	EXP 	fix_cross: autoDraw = False
2026-08-25_09:48:47.476791 	EXP 	fix_cross_2: autoDraw = True
2026-08-25_09:48:48.512001 	EXP 	New trial (rep=0, index=66): <Trial 66 (66 in rep 0) data={'block': 2, 'trial_in_block': 17, 'trial_type': 'localizer', 'is_buffer': 0, 'show_word': 1, 'concept': 'desk', 'concept_num': 10, 'concept_num_word': 10, 'exemplar_num': 4, 'image_shown': 'desk\\desk_04.png', 'word_shown_english': 'desk', 'word_shown_german': 'Schreibtisch', 'is_prompt': 1, 'is_mismatch': 0, 'ITI_length': 1.01, 'correct_response': None, 'nonmatch_pres_side': None, 'source_sequence': None, 'source_sequence_position': None, 'thisN': 66, 'thisTrialN': 66, 'thisRepN': 0}>
2026-08-25_09:48:48.581109 	EXP 	fix_cross_2: autoDraw = False
2026-08-25_09:48:48.581109 	EXP 	fix_cross_2: autoDraw = False
2026-08-25_09:48:48.581109 	EXP 	breaks_instruction: text = 'Pause, die Aufgabe geht gleich weiter.\nEs sind noch 8 Blöcke übrig.'
2026-08-25_09:48:48.581109 	EXP 	instruction_continuebreak: text = 'Die Pause ist vorbei.\nBitte drücken Sie eine beliebige Taste,\nsobald sie bereit sind, weiterzumachen.'
2026-08-25_09:48:48.581109 	EXP 	breaks_instruction: autoDraw = False
2026-08-25_09:48:48.581109 	EXP 	progress_bar_breaks: autoDraw = False
2026-08-25_09:48:48.581109 	EXP 	instruction_continuebreak: autoDraw = False
2026-08-25_09:48:48.581109 	EXP 	image: image = 'stimuli/desk\\desk_04.png'
2026-08-25_09:48:48.581109 	EXP 	image: autoDraw = True
2026-08-25_09:48:49.335564 	EXP 	spoken_word: sampleRate = 24000
2026-08-25_09:48:49.338952 	INFO 	Resampled audio from 24000Hz to 48000Hz using method 'default'.
2026-08-25_09:48:49.339036 	DEBUG 	Converted audio clip from mono to stereo
2026-08-25_09:48:49.340187 	EXP 	Sound spoken_word reached end of file
353.2611 	EXP 	Playing sound spoken_word on speaker Lautsprecher (Realtek(R) Audio)
2026-08-25_09:48:49.364772 	INFO 	Keyboard events cleared
2026-08-25_09:48:49.364575 	EXP 	image: autoDraw = False
2026-08-25_09:48:49.364575 	EXP 	image: autoDraw = False
2026-08-25_09:48:49.364575 	EXP 	fix_cross: foreColor = <psychopy.colors.Color: white, alpha=1.0>
2026-08-25_09:48:49.364575 	EXP 	fix_cross: autoDraw = True
2026-08-25_09:48:50.342143 	EXP 	Sound spoken_word reached end of file
2026-08-25_09:48:50.358964 	EXP 	Sound spoken_word reached end of file
2026-08-25_09:48:50.859066 	EXP 	fix_cross: autoDraw = False
2026-08-25_09:48:50.859066 	EXP 	fix_cross_2: autoDraw = True
2026-08-25_09:48:51.860396 	EXP 	New trial (rep=0, index=67): <Trial 67 (67 in rep 0) data={'block': 2, 'trial_in_block': 18, 'trial_type': 'localizer', 'is_buffer': 0, 'show_word': 1, 'concept': 'bus', 'concept_num': 7, 'concept_num_word': 7, 'exemplar_num': 6, 'image_shown': 'bus\\bus_06.png', 'word_shown_english': 'bus', 'word_shown_german': 'Bus', 'is_prompt': 1, 'is_mismatch': 0, 'ITI_length': 1.12, 'correct_response': None, 'nonmatch_pres_side': None, 'source_sequence': None, 'source_sequence_position': None, 'thisN': 67, 'thisTrialN': 67, 'thisRepN': 0}>
2026-08-25_09:48:51.944293 	EXP 	fix_cross_2: autoDraw = False
2026-08-25_09:48:51.944293 	EXP 	fix_cross_2: autoDraw = False
2026-08-25_09:48:51.944293 	EXP 	breaks_instruction: text = 'Pause, die Aufgabe geht gleich weiter.\nEs sind noch 8 Blöcke übrig.'
2026-08-25_09:48:51.944293 	EXP 	instruction_continuebreak: text = 'Die Pause ist vorbei.\nBitte drücken Sie eine beliebige Taste,\nsobald sie bereit sind, weiterzumachen.'
2026-08-25_09:48:51.944293 	EXP 	breaks_instruction: autoDraw = False
2026-08-25_09:48:51.944293 	EXP 	progress_bar_breaks: autoDraw = False
2026-08-25_09:48:51.944293 	EXP 	instruction_continuebreak: autoDraw = False
2026-08-25_09:48:51.944293 	EXP 	image: image = 'stimuli/bus\\bus_06.png'
2026-08-25_09:48:51.944293 	EXP 	image: autoDraw = True
2026-08-25_09:48:52.696296 	EXP 	spoken_word: sampleRate = 24000
2026-08-25_09:48:52.698480 	INFO 	Resampled audio from 24000Hz to 48000Hz using method 'default'.
2026-08-25_09:48:52.698500 	DEBUG 	Converted audio clip from mono to stereo
2026-08-25_09:48:52.699267 	EXP 	Sound spoken_word reached end of file
356.6227 	EXP 	Playing sound spoken_word on speaker Lautsprecher (Realtek(R) Audio)
2026-08-25_09:48:52.721289 	INFO 	Keyboard events cleared
2026-08-25_09:48:52.721025 	EXP 	image: autoDraw = False
2026-08-25_09:48:52.721025 	EXP 	image: autoDraw = False
2026-08-25_09:48:52.721025 	EXP 	fix_cross: foreColor = <psychopy.colors.Color: white, alpha=1.0>
2026-08-25_09:48:52.721025 	EXP 	fix_cross: autoDraw = True
2026-08-25_09:48:53.535625 	EXP 	Sound spoken_word reached end of file
2026-08-25_09:48:53.558667 	EXP 	Sound spoken_word reached end of file
2026-08-25_09:48:54.223550 	EXP 	fix_cross: autoDraw = False
2026-08-25_09:48:54.223550 	EXP 	fix_cross_2: autoDraw = True
2026-08-25_09:48:54.560780 	EXP 	Device response: <KeyPress from None: t=358.45290489999996, value=e, duration=None>
2026-08-25_09:48:54.659301 	EXP 	Device response: <KeyPress from None: t=358.45290489999996, value=e, duration=0.10788469999999961>
2026-08-25_09:48:54.777538 	EXP 	Device response: <KeyPress from None: t=358.68904720000006, value=n, duration=None>
2026-08-25_09:48:54.845977 	EXP 	Device response: <KeyPress from None: t=358.68904720000006, value=n, duration=0.06417929999997796>
2026-08-25_09:48:54.944357 	EXP 	Device response: <KeyPress from None: t=358.8490155, value=g, duration=None>
2026-08-25_09:48:55.010249 	EXP 	Device response: <KeyPress from None: t=358.8490155, value=g, duration=0.0638969999999972>
2026-08-25_09:48:55.092376 	EXP 	Device response: <KeyPress from None: t=358.99279400000006, value=l, duration=None>
2026-08-25_09:48:55.144305 	EXP 	Device response: <KeyPress from None: t=358.99279400000006, value=l, duration=0.06406189999995604>
2026-08-25_09:48:55.293504 	EXP 	Device response: <KeyPress from None: t=359.20102060000005, value=i, duration=None>
2026-08-25_09:48:55.342203 	EXP 	New trial (rep=0, index=68): <Trial 68 (68 in rep 0) data={'block': 2, 'trial_in_block': 19, 'trial_type': 'localizer', 'is_buffer': 0, 'show_word': 1, 'concept': 'ball', 'concept_num': 8, 'concept_num_word': 8, 'exemplar_num': 7, 'image_shown': 'ball\\ball_07.png', 'word_shown_english': 'ball', 'word_shown_german': 'Ball', 'is_prompt': 1, 'is_mismatch': 0, 'ITI_length': 1.2, 'correct_response': None, 'nonmatch_pres_side': None, 'source_sequence': None, 'source_sequence_position': None, 'thisN': 68, 'thisTrialN': 68, 'thisRepN': 0}>
2026-08-25_09:48:55.412306 	EXP 	Device response: <KeyPress from None: t=359.20102060000005, value=i, duration=0.0642788999999766>
2026-08-25_09:48:55.412363 	EXP 	Device response: <KeyPress from None: t=359.29695540000006, value=s, duration=None>
2026-08-25_09:48:55.429395 	EXP 	fix_cross_2: autoDraw = False
2026-08-25_09:48:55.429395 	EXP 	fix_cross_2: autoDraw = False
2026-08-25_09:48:55.429395 	EXP 	breaks_instruction: text = 'Pause, die Aufgabe geht gleich weiter.\nEs sind noch 8 Blöcke übrig.'
2026-08-25_09:48:55.429395 	EXP 	instruction_continuebreak: text = 'Die Pause ist vorbei.\nBitte drücken Sie eine beliebige Taste,\nsobald sie bereit sind, weiterzumachen.'
2026-08-25_09:48:55.429395 	EXP 	breaks_instruction: autoDraw = False
2026-08-25_09:48:55.429395 	EXP 	progress_bar_breaks: autoDraw = False
2026-08-25_09:48:55.429395 	EXP 	instruction_continuebreak: autoDraw = False
2026-08-25_09:48:55.429395 	EXP 	image: image = 'stimuli/ball\\ball_07.png'
2026-08-25_09:48:55.429395 	EXP 	image: autoDraw = True
2026-08-25_09:48:55.478086 	EXP 	Device response: <KeyPress from None: t=359.29695540000006, value=s, duration=0.07980520000000979>
2026-08-25_09:48:55.562674 	EXP 	Device response: <KeyPress from None: t=359.45678649999996, value=h, duration=None>
2026-08-25_09:48:55.608897 	EXP 	Device response: <KeyPress from None: t=359.45678649999996, value=h, duration=0.0640165000000934>
2026-08-25_09:48:56.176173 	EXP 	spoken_word: sampleRate = 24000
2026-08-25_09:48:56.177786 	INFO 	Resampled audio from 24000Hz to 48000Hz using method 'default'.
2026-08-25_09:48:56.177801 	DEBUG 	Converted audio clip from mono to stereo
2026-08-25_09:48:56.178533 	EXP 	Sound spoken_word reached end of file
360.1031 	EXP 	Playing sound spoken_word on speaker Lautsprecher (Realtek(R) Audio)
2026-08-25_09:48:56.190931 	INFO 	Keyboard events cleared
2026-08-25_09:48:56.190665 	EXP 	image: autoDraw = False
2026-08-25_09:48:56.190665 	EXP 	image: autoDraw = False
2026-08-25_09:48:56.190665 	EXP 	fix_cross: foreColor = <psychopy.colors.Color: white, alpha=1.0>
2026-08-25_09:48:56.190665 	EXP 	fix_cross: autoDraw = True
2026-08-25_09:48:56.937911 	EXP 	Sound spoken_word reached end of file
2026-08-25_09:48:56.955167 	EXP 	Sound spoken_word reached end of file
2026-08-25_09:48:57.694112 	EXP 	fix_cross: autoDraw = False
2026-08-25_09:48:57.694112 	EXP 	fix_cross_2: autoDraw = True
2026-08-25_09:48:58.893754 	EXP 	New trial (rep=0, index=69): <Trial 69 (69 in rep 0) data={'block': 2, 'trial_in_block': 20, 'trial_type': 'localizer', 'is_buffer': 0, 'show_word': 1, 'concept': 'saw', 'concept_num': 9, 'concept_num_word': 9, 'exemplar_num': 2, 'image_shown': 'saw\\saw_02.png', 'word_shown_english': 'saw', 'word_shown_german': 'Säge', 'is_prompt': 1, 'is_mismatch': 0, 'ITI_length': 1.24, 'correct_response': None, 'nonmatch_pres_side': None, 'source_sequence': None, 'source_sequence_position': None, 'thisN': 69, 'thisTrialN': 69, 'thisRepN': 0}>
2026-08-25_09:48:58.922956 	EXP 	fix_cross_2: autoDraw = False
2026-08-25_09:48:58.922956 	EXP 	fix_cross_2: autoDraw = False
2026-08-25_09:48:58.922956 	EXP 	breaks_instruction: text = 'Pause, die Aufgabe geht gleich weiter.\nEs sind noch 8 Blöcke übrig.'
2026-08-25_09:48:58.922956 	EXP 	instruction_continuebreak: text = 'Die Pause ist vorbei.\nBitte drücken Sie eine beliebige Taste,\nsobald sie bereit sind, weiterzumachen.'
2026-08-25_09:48:58.922956 	EXP 	breaks_instruction: autoDraw = False
2026-08-25_09:48:58.922956 	EXP 	progress_bar_breaks: autoDraw = False
2026-08-25_09:48:58.922956 	EXP 	instruction_continuebreak: autoDraw = False
2026-08-25_09:48:58.922956 	EXP 	image: image = 'stimuli/saw\\saw_02.png'
2026-08-25_09:48:58.922956 	EXP 	image: autoDraw = True
2026-08-25_09:48:59.678816 	EXP 	spoken_word: sampleRate = 24000
2026-08-25_09:48:59.682335 	INFO 	Resampled audio from 24000Hz to 48000Hz using method 'default'.
2026-08-25_09:48:59.682383 	DEBUG 	Converted audio clip from mono to stereo
2026-08-25_09:48:59.683643 	EXP 	Sound spoken_word reached end of file
363.6034 	EXP 	Playing sound spoken_word on speaker Lautsprecher (Realtek(R) Audio)
2026-08-25_09:48:59.703583 	INFO 	Keyboard events cleared
2026-08-25_09:48:59.703274 	EXP 	image: autoDraw = False
2026-08-25_09:48:59.703274 	EXP 	image: autoDraw = False
2026-08-25_09:48:59.703274 	EXP 	fix_cross: foreColor = <psychopy.colors.Color: white, alpha=1.0>
2026-08-25_09:48:59.703274 	EXP 	fix_cross: autoDraw = True
2026-08-25_09:49:00.607090 	EXP 	Sound spoken_word reached end of file
2026-08-25_09:49:00.622536 	EXP 	Sound spoken_word reached end of file
2026-08-25_09:49:01.206057 	EXP 	fix_cross: autoDraw = False
2026-08-25_09:49:01.206057 	EXP 	fix_cross_2: autoDraw = True
2026-08-25_09:49:01.818966 	DATA 	Mouse: Left button down, pos=(308,214)
2026-08-25_09:49:01.876581 	DATA 	Mouse:  Left button up, pos=(308,214)
2026-08-25_09:49:02.159320 	EXP 	Device response: <KeyPress from None: t=366.07036850000003, value=escape, duration=None>
2026-08-25_09:49:02.162713 	DATA 	Keypress: escape
2026-08-25_09:49:02.257166 	EXP 	Device response: <KeyPress from None: t=366.07036850000003, value=escape, duration=0.09522409999999581>
2026-08-25_09:49:02.259026 	EXP 	TSRlearn_localizer-concepts: status = STOPPED
2026-08-25_09:49:02.272171 	EXP 	fix_cross_2: autoDraw = False
2026-08-25_09:49:02.276633 	EXP 	TSRlearn_localizer-concepts: status = STOPPED
2026-08-25_09:49:02.525407 	INFO 	saved data to 'C:\\sync_folder\\TSRlearn-task\\psychopy_exp_files\\data\\5_TSRlearn_localizer-concepts_2026-08-25_09h42.43.462.csv'
2026-08-25_09:49:02.548184 	INFO 	saved data to C:\sync_folder\TSRlearn-task\psychopy_exp_files\data\5_TSRlearn_localizer-concepts_2026-08-25_09h42.43.462.psydat
2026-08-25_09:49:02.549263 	DATA 	Keypress: escape
2026-08-25_09:49:02.549495 	DATA 	Keypress: escape
2026-08-25_09:49:03.199208 	DEBUG 	Saving data for TSRlearn_localizer-concepts ExperimentHandler
2026-08-25_09:49:03.235604 	WARNING 	Stopping key buffers but this could be dangerous ifother keyboards rely on the same.
