subject	block_num	trial_num	component_label	onset	duration	type_of_stimulus	concept_label	concept_examplar	trigger_value	trigger_onset	trigger_delay	response_time	press_onset_est	response	expected_response	wrd_img_match	correct
5	n/a	n/a	exp_start	0.0009956000000101994	0.0	trigger	n/a	n/a	255	n/a	n/a	n/a	n/a	n/a	n/a	n/a	n/a
5	n/a	n/a	instruction_part1	0.04556989999991856	2.3736986000000115	instructions	n/a	n/a	n/a	n/a	n/a	n/a	n/a	n/a	n/a	n/a	n/a
5	n/a	n/a	instruction_part2	2.444641199999978	0.6391699999999219	instructions	n/a	n/a	n/a	n/a	n/a	n/a	n/a	n/a	n/a	n/a	n/a
5	n/a	n/a	instruction_part3	3.1109925999999177	0.657339400000069	instructions	n/a	n/a	n/a	n/a	n/a	n/a	n/a	n/a	n/a	n/a	n/a
5	n/a	n/a	instruction_part4	3.794353699999988	0.5568597000000182	instructions	n/a	n/a	n/a	n/a	n/a	n/a	n/a	n/a	n/a	n/a	n/a
5	n/a	n/a	instruction_start	41.14902919999997	1.9903064000000086	instructions	n/a	n/a	n/a	n/a	n/a	n/a	n/a	n/a	n/a	n/a	n/a
5	n/a	n/a	instruction_start_2	43.165543999999954	n/a	instructions	n/a	n/a	n/a	n/a	n/a	n/a	n/a	n/a	n/a	n/a	n/a
5	1	1	image	44.35557180000001	0.764640666666665	image	watch	watch_04.png	3	44.35566789999996	9.609999995063845e-05	n/a	n/a	n/a	n/a	1	n/a
5	n/a	n/a	image	44.35566789999996	0.0	trigger	n/a	n/a	3	n/a	n/a	n/a	n/a	n/a	n/a	n/a	n/a
5	1	1	word	45.1485361	0.9372019666666489	word	watch_en	n/a	103	45.14857699999993	4.089999993084348e-05	n/a	n/a	n/a	n/a	1	n/a
5	n/a	n/a	word	45.14857699999993	0.0	trigger	n/a	n/a	103	n/a	n/a	n/a	n/a	n/a	n/a	n/a	n/a
5	1	1	possible_button_press	46.6203021	0.0	response	n/a	n/a	n/a	n/a	n/a	n/a	n/a	m	m	1	1
5	1	1	fix_cross_after_trial	46.634708899999964	0.8840556666666686	fixation cross	n/a	n/a	94	46.634739399999944	3.049999997983832e-05	n/a	n/a	n/a	n/a	n/a	n/a
5	n/a	n/a	fix_cross_iti	46.634739399999944	0.0	trigger	n/a	n/a	94	n/a	n/a	n/a	n/a	n/a	n/a	n/a	n/a
5	1	2	image	47.5513651	0.7495556666666658	image	bottle	bottle_02.png	2	47.55145779999998	9.269999998195999e-05	n/a	n/a	n/a	n/a	1	n/a
5	n/a	n/a	image	47.55145779999998	0.0	trigger	n/a	n/a	2	n/a	n/a	n/a	n/a	n/a	n/a	n/a	n/a
5	1	2	word	48.30201419999992	0.9792852666667073	word	bottle_en	n/a	102	48.30205749999993	4.330000001573353e-05	n/a	n/a	n/a	n/a	1	n/a
5	n/a	n/a	word	48.30205749999993	0.0	trigger	n/a	n/a	102	n/a	n/a	n/a	n/a	n/a	n/a	n/a	n/a
5	1	2	possible_button_press	49.80235599999992	0.0	response	n/a	n/a	n/a	n/a	n/a	n/a	n/a	m	m	1	1
5	1	2	fix_cross_after_trial	49.817927199999986	0.9836307666665931	fixation cross	n/a	n/a	94	49.817959900000005	3.270000001975859e-05	n/a	n/a	n/a	n/a	n/a	n/a
5	n/a	n/a	fix_cross_iti	49.817959900000005	0.0	trigger	n/a	n/a	94	n/a	n/a	n/a	n/a	n/a	n/a	n/a	n/a
5	1	3	image	50.853262900000004	0.7652690666666473	image	bus	bus_09.png	7	50.853369399999906	0.0001064999999016436	n/a	n/a	n/a	n/a	1	n/a
5	n/a	n/a	image	50.853369399999906	0.0	trigger	n/a	n/a	7	n/a	n/a	n/a	n/a	n/a	n/a	n/a	n/a
5	1	3	word	51.629748699999936	0.9664428666666396	word	bus_en	n/a	107	51.62979139999993	4.269999999451102e-05	n/a	n/a	n/a	n/a	1	n/a
5	n/a	n/a	word	51.62979139999993	0.0	trigger	n/a	n/a	107	n/a	n/a	n/a	n/a	n/a	n/a	n/a	n/a
5	1	3	possible_button_press	53.120564299999955	0.0	response	n/a	n/a	n/a	n/a	n/a	n/a	n/a	m	m	1	1
5	1	3	fix_cross_after_trial	53.13482279999994	0.782374166666628	fixation cross	n/a	n/a	94	53.13486649999993	4.369999999198626e-05	n/a	n/a	n/a	n/a	n/a	n/a
5	n/a	n/a	fix_cross_iti	53.13486649999993	0.0	trigger	n/a	n/a	94	n/a	n/a	n/a	n/a	n/a	n/a	n/a	n/a
5	1	4	image	53.96593199999995	0.7498728666667063	image	bottle	bottle_08.png	2	53.966024399999924	9.239999997134873e-05	n/a	n/a	n/a	n/a	1	n/a
5	n/a	n/a	image	53.966024399999924	0.0	trigger	n/a	n/a	2	n/a	n/a	n/a	n/a	n/a	n/a	n/a	n/a
5	1	4	word	54.71738719999996	0.9792720666666952	word	bottle_en	n/a	102	54.71743140000001	4.42000000475673e-05	n/a	n/a	n/a	n/a	1	n/a
5	n/a	n/a	word	54.71743140000001	0.0	trigger	n/a	n/a	102	n/a	n/a	n/a	n/a	n/a	n/a	n/a	n/a
5	1	4	possible_button_press	56.21846879999998	0.0	response	n/a	n/a	n/a	n/a	n/a	n/a	n/a	m	m	1	1
5	1	4	fix_cross_after_trial	56.23214059999998	0.9668346666666281	fixation cross	n/a	n/a	94	56.23218669999994	4.6099999963189475e-05	n/a	n/a	n/a	n/a	n/a	n/a
5	n/a	n/a	fix_cross_iti	56.23218669999994	0.0	trigger	n/a	n/a	94	n/a	n/a	n/a	n/a	n/a	n/a	n/a	n/a
5	1	5	image	57.2510428999999	0.7645740666666967	image	suit	suit_06.png	1	57.251126	8.310000009714713e-05	n/a	n/a	n/a	n/a	1	n/a
5	n/a	n/a	image	57.251126	0.0	trigger	n/a	n/a	1	n/a	n/a	n/a	n/a	n/a	n/a	n/a	n/a
5	1	5	word	58.02799719999996	0.9164006666666324	word	suit_en	n/a	101	58.02803699999993	3.979999996772676e-05	n/a	n/a	n/a	n/a	1	n/a
5	n/a	n/a	word	58.02803699999993	0.0	trigger	n/a	n/a	101	n/a	n/a	n/a	n/a	n/a	n/a	n/a	n/a
5	1	5	possible_button_press	59.51755789999993	0.0	response	n/a	n/a	n/a	n/a	n/a	n/a	n/a	m	m	1	1
5	1	5	fix_cross_after_trial	59.528001700000004	1.199016066666573	fixation cross	n/a	n/a	94	59.52805419999993	5.249999992429366e-05	n/a	n/a	n/a	n/a	n/a	n/a
5	n/a	n/a	fix_cross_iti	59.52805419999993	0.0	trigger	n/a	n/a	94	n/a	n/a	n/a	n/a	n/a	n/a	n/a	n/a
5	1	6	image	60.78094269999997	0.7629228666666137	image	fan	fan_08.png	4	60.78106009999999	0.00011740000002191664	n/a	n/a	n/a	n/a	1	n/a
5	n/a	n/a	image	60.78106009999999	0.0	trigger	n/a	n/a	4	n/a	n/a	n/a	n/a	n/a	n/a	n/a	n/a
5	1	6	word	61.5598602	0.9338915666666168	word	fan_en	n/a	104	61.559909399999924	4.9199999921256676e-05	n/a	n/a	n/a	n/a	1	n/a
5	n/a	n/a	word	61.559909399999924	0.0	trigger	n/a	n/a	104	n/a	n/a	n/a	n/a	n/a	n/a	n/a	n/a
5	1	6	possible_button_press	63.04493779999996	0.0	response	n/a	n/a	n/a	n/a	n/a	n/a	n/a	m	m	1	1
5	1	6	fix_cross_after_trial	63.059369699999934	0.8999598666666913	fixation cross	n/a	n/a	94	63.05939799999999	2.830000005360489e-05	n/a	n/a	n/a	n/a	n/a	n/a
5	n/a	n/a	fix_cross_iti	63.05939799999999	0.0	trigger	n/a	n/a	94	n/a	n/a	n/a	n/a	n/a	n/a	n/a	n/a
5	1	7	image	63.979920799999945	0.7623961666667043	image	roll	roll_01.png	6	63.980014199999914	9.339999996882398e-05	n/a	n/a	n/a	n/a	1	n/a
5	n/a	n/a	image	63.980014199999914	0.0	trigger	n/a	n/a	6	n/a	n/a	n/a	n/a	n/a	n/a	n/a	n/a
5	1	7	word	64.75925039999993	0.9492548666667204	word	roll_en	n/a	106	64.7592876	3.72000000652406e-05	n/a	n/a	n/a	n/a	1	n/a
5	n/a	n/a	word	64.7592876	0.0	trigger	n/a	n/a	106	n/a	n/a	n/a	n/a	n/a	n/a	n/a	n/a
5	1	7	possible_button_press	66.24467010000001	0.0	response	n/a	n/a	n/a	n/a	n/a	n/a	n/a	m	m	1	1
5	1	7	fix_cross_after_trial	66.25919729999998	0.9492353666665991	fixation cross	n/a	n/a	94	66.25923409999996	3.6799999975301034e-05	n/a	n/a	n/a	n/a	n/a	n/a
5	n/a	n/a	fix_cross_iti	66.25923409999996	0.0	trigger	n/a	n/a	94	n/a	n/a	n/a	n/a	n/a	n/a	n/a	n/a
5	1	8	image	67.2645761	0.760114566666644	image	suit	suit_09.png	1	67.26466599999992	8.989999992081721e-05	n/a	n/a	n/a	n/a	0	n/a
5	n/a	n/a	image	67.26466599999992	0.0	trigger	n/a	n/a	1	n/a	n/a	n/a	n/a	n/a	n/a	n/a	n/a
5	1	8	word	68.02479549999998	0.9490463666666216	word	watch_en	n/a	103	68.02483749999999	4.200000000764703e-05	n/a	n/a	n/a	n/a	0	n/a
5	n/a	n/a	word	68.02483749999999	0.0	trigger	n/a	n/a	103	n/a	n/a	n/a	n/a	n/a	n/a	n/a	n/a
5	1	8	feedback	69.54089709999994	0.0	trigger	n/a	n/a	96	n/a	n/a	n/a	n/a	n/a	n/a	n/a	n/a
5	1	8	possible_button_press	69.72698619999994	0.0	response	n/a	n/a	n/a	n/a	n/a	n/a	n/a	m	r	0	0
5	1	8	fix_cross_after_trial	69.74147669999991	0.7655893666667595	fixation cross	n/a	n/a	94	69.74150829999996	3.1600000056641875e-05	n/a	n/a	n/a	n/a	n/a	n/a
5	n/a	n/a	fix_cross_iti	69.74150829999996	0.0	trigger	n/a	n/a	94	n/a	n/a	n/a	n/a	n/a	n/a	n/a	n/a
5	1	9	image	70.56059289999996	0.7635714666667042	image	bell	bell_04.png	5	70.56067589999998	8.300000001781882e-05	n/a	n/a	n/a	n/a	1	n/a
5	n/a	n/a	image	70.56067589999998	0.0	trigger	n/a	n/a	5	n/a	n/a	n/a	n/a	n/a	n/a	n/a	n/a
5	1	9	word	71.32343809999998	0.9506055666665958	word	bell_en	n/a	105	71.32347099999993	3.2899999951041536e-05	n/a	n/a	n/a	n/a	1	n/a
5	n/a	n/a	word	71.32347099999993	0.0	trigger	n/a	n/a	105	n/a	n/a	n/a	n/a	n/a	n/a	n/a	n/a
5	1	9	possible_button_press	72.8256801	0.0	response	n/a	n/a	n/a	n/a	n/a	n/a	n/a	m	m	1	1
5	1	9	fix_cross_after_trial	72.83993149999992	0.8995996666666457	fixation cross	n/a	n/a	94	72.83997409999995	4.2600000028869545e-05	n/a	n/a	n/a	n/a	n/a	n/a
5	n/a	n/a	fix_cross_iti	72.83997409999995	0.0	trigger	n/a	n/a	94	n/a	n/a	n/a	n/a	n/a	n/a	n/a	n/a
5	1	10	image	73.77612109999995	0.7635697666667198	image	watch	watch_02.png	3	73.77620300000001	8.19000000547021e-05	n/a	n/a	n/a	n/a	1	n/a
5	n/a	n/a	image	73.77620300000001	0.0	trigger	n/a	n/a	3	n/a	n/a	n/a	n/a	n/a	n/a	n/a	n/a
5	1	10	word	74.53965229999994	0.949246366666685	word	watch_en	n/a	103	74.53970279999999	5.050000004303001e-05	n/a	n/a	n/a	n/a	1	n/a
5	n/a	n/a	word	74.53970279999999	0.0	trigger	n/a	n/a	103	n/a	n/a	n/a	n/a	n/a	n/a	n/a	n/a
5	1	10	possible_button_press	76.04092579999997	0.0	response	n/a	n/a	n/a	n/a	n/a	n/a	n/a	m	m	1	1
5	1	10	fix_cross_after_trial	76.05636619999996	0.83249206666666	fixation cross	n/a	n/a	94	76.05639550000001	2.9300000051080133e-05	n/a	n/a	n/a	n/a	n/a	n/a
5	n/a	n/a	fix_cross_iti	76.05639550000001	0.0	trigger	n/a	n/a	94	n/a	n/a	n/a	n/a	n/a	n/a	n/a	n/a
5	1	11	image	76.90735129999996	0.7637302666667125	image	fan	fan_07.png	4	76.9074316	8.030000003600435e-05	n/a	n/a	n/a	n/a	1	n/a
5	n/a	n/a	image	76.9074316	0.0	trigger	n/a	n/a	4	n/a	n/a	n/a	n/a	n/a	n/a	n/a	n/a
5	1	11	word	77.67098639999995	0.9170405666666426	word	fan_en	n/a	104	77.67102079999995	3.440000000409782e-05	n/a	n/a	n/a	n/a	1	n/a
5	n/a	n/a	word	77.67102079999995	0.0	trigger	n/a	n/a	104	n/a	n/a	n/a	n/a	n/a	n/a	n/a	n/a
5	1	11	possible_button_press	79.17302619999998	0.0	response	n/a	n/a	n/a	n/a	n/a	n/a	n/a	m	m	1	1
5	1	11	fix_cross_after_trial	79.18766529999994	1.0665380666666948	fixation cross	n/a	n/a	94	79.18769520000001	2.9900000072302646e-05	n/a	n/a	n/a	n/a	n/a	n/a
5	n/a	n/a	fix_cross_iti	79.18769520000001	0.0	trigger	n/a	n/a	94	n/a	n/a	n/a	n/a	n/a	n/a	n/a	n/a
5	1	12	image	80.29374799999994	0.7594129666666873	image	saw	saw_03.png	9	80.29383129999997	8.330000002843008e-05	n/a	n/a	n/a	n/a	0	n/a
5	n/a	n/a	image	80.29383129999997	0.0	trigger	n/a	n/a	9	n/a	n/a	n/a	n/a	n/a	n/a	n/a	n/a
5	1	12	word	81.05400499999996	0.9494254666666535	word	roll_en	n/a	106	81.05404239999996	3.739999999652355e-05	n/a	n/a	n/a	n/a	0	n/a
5	n/a	n/a	word	81.05404239999996	0.0	trigger	n/a	n/a	106	n/a	n/a	n/a	n/a	n/a	n/a	n/a	n/a
5	1	12	feedback	82.55413769999996	0.0	trigger	n/a	n/a	96	n/a	n/a	n/a	n/a	n/a	n/a	n/a	n/a
5	1	12	possible_button_press	82.74241039999993	0.0	response	n/a	n/a	n/a	n/a	n/a	n/a	n/a	m	r	0	0
5	1	12	fix_cross_after_trial	82.75437069999998	1.132302566666695	fixation cross	n/a	n/a	94	82.7544173	4.6600000018770515e-05	n/a	n/a	n/a	n/a	n/a	n/a
5	n/a	n/a	fix_cross_iti	82.7544173	0.0	trigger	n/a	n/a	94	n/a	n/a	n/a	n/a	n/a	n/a	n/a	n/a
5	1	13	image	83.94088729999999	0.7620818666666906	image	ball	ball_03.png	8	83.94102090000001	0.0001336000000264903	n/a	n/a	n/a	n/a	1	n/a
5	n/a	n/a	image	83.94102090000001	0.0	trigger	n/a	n/a	8	n/a	n/a	n/a	n/a	n/a	n/a	n/a	n/a
5	1	13	word	84.70262679999996	0.9492441666666451	word	ball_en	n/a	108	84.70266670000001	3.990000004705507e-05	n/a	n/a	n/a	n/a	1	n/a
5	n/a	n/a	word	84.70266670000001	0.0	trigger	n/a	n/a	108	n/a	n/a	n/a	n/a	n/a	n/a	n/a	n/a
5	1	13	possible_button_press	86.20447049999996	0.0	response	n/a	n/a	n/a	n/a	n/a	n/a	n/a	m	m	1	1
5	1	13	fix_cross_after_trial	86.21900239999991	1.033058666666662	fixation cross	n/a	n/a	94	86.2190349	3.2500000088475645e-05	n/a	n/a	n/a	n/a	n/a	n/a
5	n/a	n/a	fix_cross_iti	86.2190349	0.0	trigger	n/a	n/a	94	n/a	n/a	n/a	n/a	n/a	n/a	n/a	n/a
5	1	14	image	87.30554639999991	0.7636218666666679	image	watch	watch_03.png	3	87.3056355	8.910000008199859e-05	n/a	n/a	n/a	n/a	1	n/a
5	n/a	n/a	image	87.3056355	0.0	trigger	n/a	n/a	3	n/a	n/a	n/a	n/a	n/a	n/a	n/a	n/a
5	1	14	word	88.06842829999994	0.9495961666666659	word	watch_en	n/a	103	88.06846580000001	3.750000007585186e-05	n/a	n/a	n/a	n/a	1	n/a
5	n/a	n/a	word	88.06846580000001	0.0	trigger	n/a	n/a	103	n/a	n/a	n/a	n/a	n/a	n/a	n/a	n/a
5	1	14	possible_button_press	89.57028209999999	0.0	response	n/a	n/a	n/a	n/a	n/a	n/a	n/a	m	m	1	1
5	1	14	fix_cross_after_trial	89.58484979999992	0.8660029666666702	fixation cross	n/a	n/a	94	89.58488499999999	3.5200000070290116e-05	n/a	n/a	n/a	n/a	n/a	n/a
5	n/a	n/a	fix_cross_iti	89.58488499999999	0.0	trigger	n/a	n/a	94	n/a	n/a	n/a	n/a	n/a	n/a	n/a	n/a
5	1	15	image	90.50442879999991	0.7631016666666852	image	bell	bell_05.png	5	90.50451179999993	8.300000001781882e-05	n/a	n/a	n/a	n/a	1	n/a
5	n/a	n/a	image	90.50451179999993	0.0	trigger	n/a	n/a	5	n/a	n/a	n/a	n/a	n/a	n/a	n/a	n/a
5	1	15	word	91.26747319999993	0.9498582666666522	word	bell_en	n/a	105	91.26751200000001	3.880000008393836e-05	n/a	n/a	n/a	n/a	1	n/a
5	n/a	n/a	word	91.26751200000001	0.0	trigger	n/a	n/a	105	n/a	n/a	n/a	n/a	n/a	n/a	n/a	n/a
5	1	15	possible_button_press	92.7689507	0.0	response	n/a	n/a	n/a	n/a	n/a	n/a	n/a	m	m	1	1
5	1	15	fix_cross_after_trial	92.78348989999995	1.133016866666722	fixation cross	n/a	n/a	94	92.78351959999998	2.9700000027332862e-05	n/a	n/a	n/a	n/a	n/a	n/a
5	n/a	n/a	fix_cross_iti	92.78351959999998	0.0	trigger	n/a	n/a	94	n/a	n/a	n/a	n/a	n/a	n/a	n/a	n/a
5	1	16	image	93.95352959999991	0.7633160666666896	image	desk	desk_03.png	10	93.95361249999996	8.290000005217735e-05	n/a	n/a	n/a	n/a	1	n/a
5	n/a	n/a	image	93.95361249999996	0.0	trigger	n/a	n/a	10	n/a	n/a	n/a	n/a	n/a	n/a	n/a	n/a
5	1	16	word	94.73390739999991	0.9320186666667638	word	desk_en	n/a	110	94.73403759999997	0.00013020000005781185	n/a	n/a	n/a	n/a	1	n/a
5	n/a	n/a	word	94.73403759999997	0.0	trigger	n/a	n/a	110	n/a	n/a	n/a	n/a	n/a	n/a	n/a	n/a
5	1	16	possible_button_press	96.21854829999995	0.0	response	n/a	n/a	n/a	n/a	n/a	n/a	n/a	m	m	1	1
5	1	16	fix_cross_after_trial	96.23289809999994	1.0326268666666607	fixation cross	n/a	n/a	94	96.23293769999998	3.9600000036443816e-05	n/a	n/a	n/a	n/a	n/a	n/a
5	n/a	n/a	fix_cross_iti	96.23293769999998	0.0	trigger	n/a	n/a	94	n/a	n/a	n/a	n/a	n/a	n/a	n/a	n/a
5	1	17	image	97.28377130000001	0.7653029666665958	image	saw	saw_09.png	9	97.28386019999994	8.889999992334197e-05	n/a	n/a	n/a	n/a	1	n/a
5	n/a	n/a	image	97.28386019999994	0.0	trigger	n/a	n/a	9	n/a	n/a	n/a	n/a	n/a	n/a	n/a	n/a
5	1	17	word	98.04842919999999	0.9495387666666062	word	saw_en	n/a	109	98.04846769999995	3.849999995964026e-05	n/a	n/a	n/a	n/a	1	n/a
5	n/a	n/a	word	98.04846769999995	0.0	trigger	n/a	n/a	109	n/a	n/a	n/a	n/a	n/a	n/a	n/a	n/a
5	1	17	possible_button_press	99.53580309999995	0.0	response	n/a	n/a	n/a	n/a	n/a	n/a	n/a	m	m	1	1
5	1	17	fix_cross_after_trial	99.54828869999994	0.816457066666672	fixation cross	n/a	n/a	94	99.54833659999997	4.7900000026857015e-05	n/a	n/a	n/a	n/a	n/a	n/a
5	n/a	n/a	fix_cross_iti	99.54833659999997	0.0	trigger	n/a	n/a	94	n/a	n/a	n/a	n/a	n/a	n/a	n/a	n/a
5	1	18	image	100.42060069999991	0.7605248666667563	image	desk	desk_06.png	10	100.4206977	9.700000009615906e-05	n/a	n/a	n/a	n/a	1	n/a
5	n/a	n/a	image	100.4206977	0.0	trigger	n/a	n/a	10	n/a	n/a	n/a	n/a	n/a	n/a	n/a	n/a
5	1	18	word	101.18126799999993	0.9490541666666701	word	desk_en	n/a	110	101.18130989999997	4.190000004200556e-05	n/a	n/a	n/a	n/a	1	n/a
5	n/a	n/a	word	101.18130989999997	0.0	trigger	n/a	n/a	110	n/a	n/a	n/a	n/a	n/a	n/a	n/a	n/a
5	1	18	possible_button_press	102.66834519999998	0.0	response	n/a	n/a	n/a	n/a	n/a	n/a	n/a	m	m	1	1
5	1	18	fix_cross_after_trial	102.68055029999994	0.9167771666666482	fixation cross	n/a	n/a	94	102.68058379999991	3.349999997226405e-05	n/a	n/a	n/a	n/a	n/a	n/a
5	n/a	n/a	fix_cross_iti	102.68058379999991	0.0	trigger	n/a	n/a	94	n/a	n/a	n/a	n/a	n/a	n/a	n/a	n/a
5	1	19	image	103.65066619999993	0.7632743666666926	image	bus	bus_01.png	7	103.65075789999992	9.169999998448475e-05	n/a	n/a	n/a	n/a	1	n/a
5	n/a	n/a	image	103.65075789999992	0.0	trigger	n/a	n/a	7	n/a	n/a	n/a	n/a	n/a	n/a	n/a	n/a
5	1	19	word	104.41320819999999	0.9665376666665821	word	bus_en	n/a	107	104.41325029999996	4.2099999973288504e-05	n/a	n/a	n/a	n/a	1	n/a
5	n/a	n/a	word	104.41325029999996	0.0	trigger	n/a	n/a	107	n/a	n/a	n/a	n/a	n/a	n/a	n/a	n/a
5	1	19	possible_button_press	105.91524340000001	0.0	response	n/a	n/a	n/a	n/a	n/a	n/a	n/a	m	m	1	1
5	1	19	fix_cross_after_trial	105.92944679999994	0.9662435666666767	fixation cross	n/a	n/a	94	105.92948960000001	4.280000007383933e-05	n/a	n/a	n/a	n/a	n/a	n/a
5	n/a	n/a	fix_cross_iti	105.92948960000001	0.0	trigger	n/a	n/a	94	n/a	n/a	n/a	n/a	n/a	n/a	n/a	n/a
5	1	20	image	106.9493314	0.7640832666666171	image	ball	ball_08.png	8	106.94942299999991	9.159999990515644e-05	n/a	n/a	n/a	n/a	1	n/a
5	n/a	n/a	image	106.94942299999991	0.0	trigger	n/a	n/a	8	n/a	n/a	n/a	n/a	n/a	n/a	n/a	n/a
5	1	20	word	107.71266619999994	0.9488077666666328	word	ball_en	n/a	108	107.71270809999999	4.190000004200556e-05	n/a	n/a	n/a	n/a	1	n/a
5	n/a	n/a	word	107.71270809999999	0.0	trigger	n/a	n/a	108	n/a	n/a	n/a	n/a	n/a	n/a	n/a	n/a
5	1	20	possible_button_press	109.21392349999996	0.0	response	n/a	n/a	n/a	n/a	n/a	n/a	n/a	m	m	1	1
5	1	20	fix_cross_after_trial	109.22831339999993	1.2332327666666885	fixation cross	n/a	n/a	94	109.2283443	3.090000006977789e-05	n/a	n/a	n/a	n/a	n/a	n/a
5	n/a	n/a	fix_cross_iti	109.2283443	0.0	trigger	n/a	n/a	94	n/a	n/a	n/a	n/a	n/a	n/a	n/a	n/a
5	1	21	image	110.515176	0.7628100666666029	image	watch	watch_09.png	3	110.515262	8.600000001024455e-05	n/a	n/a	n/a	n/a	1	n/a
5	n/a	n/a	image	110.515262	0.0	trigger	n/a	n/a	3	n/a	n/a	n/a	n/a	n/a	n/a	n/a	n/a
5	1	21	word	111.27788959999998	0.9483920666666705	word	watch_en	n/a	103	111.27793039999995	4.0799999965202005e-05	n/a	n/a	n/a	n/a	1	n/a
5	n/a	n/a	word	111.27793039999995	0.0	trigger	n/a	n/a	103	n/a	n/a	n/a	n/a	n/a	n/a	n/a	n/a
5	1	21	possible_button_press	112.77827889999992	0.0	response	n/a	n/a	n/a	n/a	n/a	n/a	n/a	m	m	1	1
5	1	21	fix_cross_after_trial	112.79330689999995	1.199291866666627	fixation cross	n/a	n/a	94	112.79333489999999	2.8000000042993634e-05	n/a	n/a	n/a	n/a	n/a	n/a
5	n/a	n/a	fix_cross_iti	112.79333489999999	0.0	trigger	n/a	n/a	94	n/a	n/a	n/a	n/a	n/a	n/a	n/a	n/a
5	1	22	image	114.0280770999999	0.765411866666696	image	suit	suit_07.png	1	114.02816039999993	8.330000002843008e-05	n/a	n/a	n/a	n/a	1	n/a
5	n/a	n/a	image	114.02816039999993	0.0	trigger	n/a	n/a	1	n/a	n/a	n/a	n/a	n/a	n/a	n/a	n/a
5	1	22	word	114.79313400000001	0.9336194666666557	word	suit_en	n/a	101	114.79317179999998	3.779999997277628e-05	n/a	n/a	n/a	n/a	1	n/a
5	n/a	n/a	word	114.79317179999998	0.0	trigger	n/a	n/a	101	n/a	n/a	n/a	n/a	n/a	n/a	n/a	n/a
5	1	22	possible_button_press	116.29418099999998	0.0	response	n/a	n/a	n/a	n/a	n/a	n/a	n/a	m	m	1	1
5	1	22	fix_cross_after_trial	116.30911319999996	1.182768066666668	fixation cross	n/a	n/a	94	116.3091445	3.130000004603062e-05	n/a	n/a	n/a	n/a	n/a	n/a
5	n/a	n/a	fix_cross_iti	116.3091445	0.0	trigger	n/a	n/a	94	n/a	n/a	n/a	n/a	n/a	n/a	n/a	n/a
5	1	23	image	117.52932099999998	0.7633240666666694	image	desk	desk_07.png	10	117.52940369999999	8.270000000720756e-05	n/a	n/a	n/a	n/a	1	n/a
5	n/a	n/a	image	117.52940369999999	0.0	trigger	n/a	n/a	10	n/a	n/a	n/a	n/a	n/a	n/a	n/a	n/a
5	1	23	word	118.29209579999997	0.9494817666666364	word	desk_en	n/a	110	118.29214419999994	4.839999996875122e-05	n/a	n/a	n/a	n/a	1	n/a
5	n/a	n/a	word	118.29214419999994	0.0	trigger	n/a	n/a	110	n/a	n/a	n/a	n/a	n/a	n/a	n/a	n/a
5	1	23	possible_button_press	119.79316389999997	0.0	response	n/a	n/a	n/a	n/a	n/a	n/a	n/a	m	m	1	1
5	1	23	fix_cross_after_trial	119.80770589999997	1.001317666666651	fixation cross	n/a	n/a	94	119.8077356	2.9700000027332862e-05	n/a	n/a	n/a	n/a	n/a	n/a
5	n/a	n/a	fix_cross_iti	119.8077356	0.0	trigger	n/a	n/a	94	n/a	n/a	n/a	n/a	n/a	n/a	n/a	n/a
5	1	24	image	120.84749379999994	0.7616755666666819	image	bus	bus_07.png	7	120.84762349999994	0.0001297000000022308	n/a	n/a	n/a	n/a	1	n/a
5	n/a	n/a	image	120.84762349999994	0.0	trigger	n/a	n/a	7	n/a	n/a	n/a	n/a	n/a	n/a	n/a	n/a
5	1	24	word	121.60918579999998	0.9657229666666041	word	bus_en	n/a	107	121.60922419999997	3.839999999399879e-05	n/a	n/a	n/a	n/a	1	n/a
5	n/a	n/a	word	121.60922419999997	0.0	trigger	n/a	n/a	107	n/a	n/a	n/a	n/a	n/a	n/a	n/a	n/a
5	1	24	possible_button_press	123.11081200000001	0.0	response	n/a	n/a	n/a	n/a	n/a	n/a	n/a	m	m	1	1
5	1	24	fix_cross_after_trial	123.12535949999995	1.1503633666666389	fixation cross	n/a	n/a	94	123.12539449999997	3.500000002532033e-05	n/a	n/a	n/a	n/a	n/a	n/a
5	n/a	n/a	fix_cross_iti	123.12539449999997	0.0	trigger	n/a	n/a	94	n/a	n/a	n/a	n/a	n/a	n/a	n/a	n/a
5	1	25	image	124.29508439999995	0.7644717666667162	image	ball	ball_06.png	8	124.29516969999997	8.530000002338056e-05	n/a	n/a	n/a	n/a	1	n/a
5	n/a	n/a	image	124.29516969999997	0.0	trigger	n/a	n/a	8	n/a	n/a	n/a	n/a	n/a	n/a	n/a	n/a
5	1	25	word	125.05912330000001	0.9495130666665688	word	ball_en	n/a	108	125.05916489999993	4.1599999917707464e-05	n/a	n/a	n/a	n/a	1	n/a
5	n/a	n/a	word	125.05916489999993	0.0	trigger	n/a	n/a	108	n/a	n/a	n/a	n/a	n/a	n/a	n/a	n/a
5	1	25	possible_button_press	126.56054099999994	0.0	response	n/a	n/a	n/a	n/a	n/a	n/a	n/a	m	m	1	1
5	1	25	fix_cross_after_trial	126.57516820000001	0.9000822666665869	fixation cross	n/a	n/a	94	126.57519830000001	3.0100000003585592e-05	n/a	n/a	n/a	n/a	n/a	n/a
5	n/a	n/a	fix_cross_iti	126.57519830000001	0.0	trigger	n/a	n/a	94	n/a	n/a	n/a	n/a	n/a	n/a	n/a	n/a
5	1	26	image	127.53113869999993	0.7613546666666764	image	bus	bus_08.png	7	127.53121839999994	7.970000001478184e-05	n/a	n/a	n/a	n/a	0	n/a
5	n/a	n/a	image	127.53121839999994	0.0	trigger	n/a	n/a	7	n/a	n/a	n/a	n/a	n/a	n/a	n/a	n/a
5	1	26	word	128.29224469999997	0.916399066666628	word	suit_en	n/a	101	128.29229209999994	4.7399999971275975e-05	n/a	n/a	n/a	n/a	0	n/a
5	n/a	n/a	word	128.29229209999994	0.0	trigger	n/a	n/a	101	n/a	n/a	n/a	n/a	n/a	n/a	n/a	n/a
5	1	26	feedback	129.8092820999999	0.0	trigger	n/a	n/a	96	n/a	n/a	n/a	n/a	n/a	n/a	n/a	n/a
5	1	26	possible_button_press	129.99464809999995	0.0	response	n/a	n/a	n/a	n/a	n/a	n/a	n/a	m	r	0	0
5	1	26	fix_cross_after_trial	130.00891849999994	1.2170045666667022	fixation cross	n/a	n/a	94	130.00894659999994	2.8100000008635106e-05	n/a	n/a	n/a	n/a	n/a	n/a
5	n/a	n/a	fix_cross_iti	130.00894659999994	0.0	trigger	n/a	n/a	94	n/a	n/a	n/a	n/a	n/a	n/a	n/a	n/a
5	1	27	image	131.245812	0.7635742666666658	image	roll	roll_08.png	6	131.2458752	6.319999999959691e-05	n/a	n/a	n/a	n/a	1	n/a
5	n/a	n/a	image	131.2458752	0.0	trigger	n/a	n/a	6	n/a	n/a	n/a	n/a	n/a	n/a	n/a	n/a
5	1	27	word	132.00920559999997	0.9501259666666613	word	roll_en	n/a	106	132.0092333	2.7700000032382377e-05	n/a	n/a	n/a	n/a	1	n/a
5	n/a	n/a	word	132.0092333	0.0	trigger	n/a	n/a	106	n/a	n/a	n/a	n/a	n/a	n/a	n/a	n/a
5	1	27	possible_button_press	133.51165489999994	0.0	response	n/a	n/a	n/a	n/a	n/a	n/a	n/a	m	m	1	1
5	1	27	fix_cross_after_trial	133.5260032	1.0161128666666457	fixation cross	n/a	n/a	94	133.5260275999999	2.4399999915658555e-05	n/a	n/a	n/a	n/a	n/a	n/a
5	n/a	n/a	fix_cross_iti	133.5260275999999	0.0	trigger	n/a	n/a	94	n/a	n/a	n/a	n/a	n/a	n/a	n/a	n/a
5	1	28	image	134.5617557999999	0.7646606666667424	image	bell	bell_01.png	5	134.56184139999993	8.560000003399182e-05	n/a	n/a	n/a	n/a	1	n/a
5	n/a	n/a	image	134.56184139999993	0.0	trigger	n/a	n/a	5	n/a	n/a	n/a	n/a	n/a	n/a	n/a	n/a
5	1	28	word	135.32612329999995	0.9498615666666694	word	bell_en	n/a	105	135.32615929999997	3.6000000022795575e-05	n/a	n/a	n/a	n/a	1	n/a
5	n/a	n/a	word	135.32615929999997	0.0	trigger	n/a	n/a	105	n/a	n/a	n/a	n/a	n/a	n/a	n/a	n/a
5	1	28	possible_button_press	136.8277835	0.0	response	n/a	n/a	n/a	n/a	n/a	n/a	n/a	m	m	1	1
5	1	28	fix_cross_after_trial	136.8425077999999	0.8503789666666819	fixation cross	n/a	n/a	94	136.84253589999992	2.8100000008635106e-05	n/a	n/a	n/a	n/a	n/a	n/a
5	n/a	n/a	fix_cross_iti	136.84253589999992	0.0	trigger	n/a	n/a	94	n/a	n/a	n/a	n/a	n/a	n/a	n/a	n/a
5	1	29	image	137.7112538	0.7650656666666293	image	bottle	bottle_03.png	2	137.71132569999997	7.189999996626284e-05	n/a	n/a	n/a	n/a	1	n/a
5	n/a	n/a	image	137.71132569999997	0.0	trigger	n/a	n/a	2	n/a	n/a	n/a	n/a	n/a	n/a	n/a	n/a
5	1	29	word	138.4761353	0.9665094666666221	word	bottle_en	n/a	102	138.47617019999996	3.489999994599202e-05	n/a	n/a	n/a	n/a	1	n/a
5	n/a	n/a	word	138.47617019999996	0.0	trigger	n/a	n/a	102	n/a	n/a	n/a	n/a	n/a	n/a	n/a	n/a
5	1	29	possible_button_press	139.9782646	0.0	response	n/a	n/a	n/a	n/a	n/a	n/a	n/a	m	m	1	1
5	1	29	fix_cross_after_trial	139.99286369999993	0.9667142666667417	fixation cross	n/a	n/a	94	139.9928943	3.060000005916663e-05	n/a	n/a	n/a	n/a	n/a	n/a
5	n/a	n/a	fix_cross_iti	139.9928943	0.0	trigger	n/a	n/a	94	n/a	n/a	n/a	n/a	n/a	n/a	n/a	n/a
5	1	30	image	140.9785890999999	0.7648496666667199	image	saw	saw_06.png	9	140.9786699	8.080000009158539e-05	n/a	n/a	n/a	n/a	1	n/a
5	n/a	n/a	image	140.9786699	0.0	trigger	n/a	n/a	9	n/a	n/a	n/a	n/a	n/a	n/a	n/a	n/a
5	1	30	word	141.74298609999994	0.9496196666666776	word	saw_en	n/a	109	141.743019	3.2900000064728374e-05	n/a	n/a	n/a	n/a	1	n/a
5	n/a	n/a	word	141.743019	0.0	trigger	n/a	n/a	109	n/a	n/a	n/a	n/a	n/a	n/a	n/a	n/a
5	1	30	possible_button_press	143.24515859999997	0.0	response	n/a	n/a	n/a	n/a	n/a	n/a	n/a	m	m	1	1
5	1	30	fix_cross_after_trial	143.25980529999993	0.8663178666667193	fixation cross	n/a	n/a	94	143.2598349	2.960000006169139e-05	n/a	n/a	n/a	n/a	n/a	n/a
5	n/a	n/a	fix_cross_iti	143.2598349	0.0	trigger	n/a	n/a	94	n/a	n/a	n/a	n/a	n/a	n/a	n/a	n/a
5	1	31	image	144.16520359999993	0.7611205666667331	image	bottle	bottle_04.png	2	144.16528529999994	8.170000000973232e-05	n/a	n/a	n/a	n/a	1	n/a
5	n/a	n/a	image	144.16528529999994	0.0	trigger	n/a	n/a	2	n/a	n/a	n/a	n/a	n/a	n/a	n/a	n/a
5	1	31	word	144.92639859999997	0.9665240666667216	word	bottle_en	n/a	102	144.9264331999999	3.4599999935380765e-05	n/a	n/a	n/a	n/a	1	n/a
5	n/a	n/a	word	144.9264331999999	0.0	trigger	n/a	n/a	102	n/a	n/a	n/a	n/a	n/a	n/a	n/a	n/a
5	1	31	possible_button_press	146.42821849999996	0.0	response	n/a	n/a	n/a	n/a	n/a	n/a	n/a	m	m	1	1
5	1	31	fix_cross_after_trial	146.44277409999995	0.9340513666666368	fixation cross	n/a	n/a	94	146.4428029999999	2.8899999961140566e-05	n/a	n/a	n/a	n/a	n/a	n/a
5	n/a	n/a	fix_cross_iti	146.4428029999999	0.0	trigger	n/a	n/a	94	n/a	n/a	n/a	n/a	n/a	n/a	n/a	n/a
5	1	32	image	147.4305577	0.7627468666666175	image	suit	suit_05.png	1	147.4306365	7.879999998294807e-05	n/a	n/a	n/a	n/a	1	n/a
5	n/a	n/a	image	147.4306365	0.0	trigger	n/a	n/a	1	n/a	n/a	n/a	n/a	n/a	n/a	n/a	n/a
5	1	32	word	148.1931283	0.9327036666666402	word	suit_en	n/a	101	148.19316219999996	3.389999994851678e-05	n/a	n/a	n/a	n/a	1	n/a
5	n/a	n/a	word	148.19316219999996	0.0	trigger	n/a	n/a	101	n/a	n/a	n/a	n/a	n/a	n/a	n/a	n/a
5	1	32	possible_button_press	149.69462309999994	0.0	response	n/a	n/a	n/a	n/a	n/a	n/a	n/a	m	m	1	1
5	1	32	fix_cross_after_trial	149.70893239999998	0.8172531666666885	fixation cross	n/a	n/a	94	149.70895669999993	2.429999995001708e-05	n/a	n/a	n/a	n/a	n/a	n/a
5	n/a	n/a	fix_cross_iti	149.70895669999993	0.0	trigger	n/a	n/a	94	n/a	n/a	n/a	n/a	n/a	n/a	n/a	n/a
5	1	33	image	150.54533549999996	0.7639399666666407	image	roll	roll_06.png	6	150.545434	9.85000000355285e-05	n/a	n/a	n/a	n/a	1	n/a
5	n/a	n/a	image	150.545434	0.0	trigger	n/a	n/a	6	n/a	n/a	n/a	n/a	n/a	n/a	n/a	n/a
5	1	33	word	151.3093371	0.95019906666667	word	roll_en	n/a	106	151.30937699999993	3.9899999933368235e-05	n/a	n/a	n/a	n/a	1	n/a
5	n/a	n/a	word	151.30937699999993	0.0	trigger	n/a	n/a	106	n/a	n/a	n/a	n/a	n/a	n/a	n/a	n/a
5	1	33	possible_button_press	152.81189929999994	0.0	response	n/a	n/a	n/a	n/a	n/a	n/a	n/a	m	m	1	1
5	1	33	fix_cross_after_trial	152.82598569999993	1.0837886666667202	fixation cross	n/a	n/a	94	152.82601079999995	2.510000001620938e-05	n/a	n/a	n/a	n/a	n/a	n/a
5	n/a	n/a	fix_cross_iti	152.82601079999995	0.0	trigger	n/a	n/a	94	n/a	n/a	n/a	n/a	n/a	n/a	n/a	n/a
5	1	34	image	153.94946679999998	0.7606554666666909	image	ball	ball_02.png	8	153.94955849999997	9.169999998448475e-05	n/a	n/a	n/a	n/a	0	n/a
5	n/a	n/a	image	153.94955849999997	0.0	trigger	n/a	n/a	8	n/a	n/a	n/a	n/a	n/a	n/a	n/a	n/a
5	1	34	word	154.7092975999999	0.9664060666667922	word	bottle_en	n/a	102	154.7093309999999	3.340000000662258e-05	n/a	n/a	n/a	n/a	0	n/a
5	n/a	n/a	word	154.7093309999999	0.0	trigger	n/a	n/a	102	n/a	n/a	n/a	n/a	n/a	n/a	n/a	n/a
5	1	34	feedback	156.2265552	0.0	trigger	n/a	n/a	96	n/a	n/a	n/a	n/a	n/a	n/a	n/a	n/a
5	1	34	possible_button_press	156.4282339	0.0	response	n/a	n/a	n/a	n/a	n/a	n/a	n/a	m	r	0	0
5	1	34	fix_cross_after_trial	156.4425063	1.0673721666666154	fixation cross	n/a	n/a	94	156.4425304	2.4100000018734136e-05	n/a	n/a	n/a	n/a	n/a	n/a
5	n/a	n/a	fix_cross_iti	156.4425304	0.0	trigger	n/a	n/a	94	n/a	n/a	n/a	n/a	n/a	n/a	n/a	n/a
5	1	35	image	157.51151689999995	0.7652924666666934	image	fan	fan_10.png	4	157.5115970999999	8.019999995667604e-05	n/a	n/a	n/a	n/a	1	n/a
5	n/a	n/a	image	157.5115970999999	0.0	trigger	n/a	n/a	4	n/a	n/a	n/a	n/a	n/a	n/a	n/a	n/a
5	1	35	word	158.27660959999992	0.9158270666667079	word	fan_en	n/a	104	158.27664879999998	3.920000006019109e-05	n/a	n/a	n/a	n/a	1	n/a
5	n/a	n/a	word	158.27664879999998	0.0	trigger	n/a	n/a	104	n/a	n/a	n/a	n/a	n/a	n/a	n/a	n/a
5	1	35	possible_button_press	159.77838639999993	0.0	response	n/a	n/a	n/a	n/a	n/a	n/a	n/a	m	m	1	1
5	1	35	fix_cross_after_trial	159.79333689999999	0.9166056666666975	fixation cross	n/a	n/a	94	159.7933635999999	2.6699999921220297e-05	n/a	n/a	n/a	n/a	n/a	n/a
5	n/a	n/a	fix_cross_iti	159.7933635999999	0.0	trigger	n/a	n/a	94	n/a	n/a	n/a	n/a	n/a	n/a	n/a	n/a
5	1	36	image	160.7298371999999	0.7629979666667452	image	roll	roll_07.png	6	160.7298991	6.190000010519725e-05	n/a	n/a	n/a	n/a	1	n/a
5	n/a	n/a	image	160.7298991	0.0	trigger	n/a	n/a	6	n/a	n/a	n/a	n/a	n/a	n/a	n/a	n/a
5	1	36	word	161.4928814	0.9340351666666322	word	roll_en	n/a	106	161.49294509999993	6.369999994149111e-05	n/a	n/a	n/a	n/a	1	n/a
5	n/a	n/a	word	161.49294509999993	0.0	trigger	n/a	n/a	106	n/a	n/a	n/a	n/a	n/a	n/a	n/a	n/a
5	1	36	possible_button_press	162.97949629999994	0.0	response	n/a	n/a	n/a	n/a	n/a	n/a	n/a	m	m	1	1
5	1	36	fix_cross_after_trial	162.9936538999999	1.233191466666682	fixation cross	n/a	n/a	94	162.9936821	2.8200000087963417e-05	n/a	n/a	n/a	n/a	n/a	n/a
5	n/a	n/a	fix_cross_iti	162.9936821	0.0	trigger	n/a	n/a	94	n/a	n/a	n/a	n/a	n/a	n/a	n/a	n/a
5	1	37	image	164.26502169999992	0.7615654666666671	image	bell	bell_09.png	5	164.2650923	7.060000007186318e-05	n/a	n/a	n/a	n/a	1	n/a
5	n/a	n/a	image	164.2650923	0.0	trigger	n/a	n/a	5	n/a	n/a	n/a	n/a	n/a	n/a	n/a	n/a
5	1	37	word	165.0263286999999	0.9500303666667662	word	bell_en	n/a	105	165.0263665	3.7800000086463115e-05	n/a	n/a	n/a	n/a	1	n/a
5	n/a	n/a	word	165.0263665	0.0	trigger	n/a	n/a	105	n/a	n/a	n/a	n/a	n/a	n/a	n/a	n/a
5	1	37	possible_button_press	166.52890749999995	0.0	response	n/a	n/a	n/a	n/a	n/a	n/a	n/a	m	m	1	1
5	1	37	fix_cross_after_trial	166.54352089999998	1.1999819666666838	fixation cross	n/a	n/a	94	166.54354449999994	2.3599999963153095e-05	n/a	n/a	n/a	n/a	n/a	n/a
5	n/a	n/a	fix_cross_iti	166.54354449999994	0.0	trigger	n/a	n/a	94	n/a	n/a	n/a	n/a	n/a	n/a	n/a	n/a
5	1	38	image	167.78054709999992	0.7633467666667286	image	saw	saw_04.png	9	167.7806187	7.160000006933842e-05	n/a	n/a	n/a	n/a	1	n/a
5	n/a	n/a	image	167.7806187	0.0	trigger	n/a	n/a	9	n/a	n/a	n/a	n/a	n/a	n/a	n/a	n/a
5	1	38	word	168.54376319999994	0.9491147666666677	word	saw_en	n/a	109	168.5438051	4.190000004200556e-05	n/a	n/a	n/a	n/a	1	n/a
5	n/a	n/a	word	168.5438051	0.0	trigger	n/a	n/a	109	n/a	n/a	n/a	n/a	n/a	n/a	n/a	n/a
5	1	38	possible_button_press	170.0455048	0.0	response	n/a	n/a	n/a	n/a	n/a	n/a	n/a	m	m	1	1
5	1	38	fix_cross_after_trial	170.06026799999995	0.8000386666666657	fixation cross	n/a	n/a	94	170.0602963	2.830000005360489e-05	n/a	n/a	n/a	n/a	n/a	n/a
5	n/a	n/a	fix_cross_iti	170.0602963	0.0	trigger	n/a	n/a	94	n/a	n/a	n/a	n/a	n/a	n/a	n/a	n/a
5	1	39	image	170.9561071999999	0.7538007666667284	image	fan	fan_06.png	4	170.9561905999999	8.339999999407155e-05	n/a	n/a	n/a	n/a	1	n/a
5	n/a	n/a	image	170.9561905999999	0.0	trigger	n/a	n/a	4	n/a	n/a	n/a	n/a	n/a	n/a	n/a	n/a
5	1	39	word	171.7107107999999	0.9163079666667784	word	fan_en	n/a	104	171.71076549999998	5.470000007790077e-05	n/a	n/a	n/a	n/a	1	n/a
5	n/a	n/a	word	171.71076549999998	0.0	trigger	n/a	n/a	104	n/a	n/a	n/a	n/a	n/a	n/a	n/a	n/a
5	1	39	possible_button_press	173.196777	0.0	response	n/a	n/a	n/a	n/a	n/a	n/a	n/a	m	m	1	1
5	1	39	fix_cross_after_trial	173.21069669999997	1.2504528666666204	fixation cross	n/a	n/a	94	173.21073149999995	3.479999998035055e-05	n/a	n/a	n/a	n/a	n/a	n/a
5	n/a	n/a	fix_cross_iti	173.21073149999995	0.0	trigger	n/a	n/a	94	n/a	n/a	n/a	n/a	n/a	n/a	n/a	n/a
5	1	40	image	174.53512189999992	0.7590984666667566	image	bottle	bottle_05.png	2	174.53525739999998	0.00013550000005579932	n/a	n/a	n/a	n/a	1	n/a
5	n/a	n/a	image	174.53525739999998	0.0	trigger	n/a	n/a	2	n/a	n/a	n/a	n/a	n/a	n/a	n/a	n/a
5	1	40	word	175.29431419999992	0.9659939666667299	word	bottle_en	n/a	102	175.29437109999992	5.69000000041342e-05	n/a	n/a	n/a	n/a	1	n/a
5	n/a	n/a	word	175.29437109999992	0.0	trigger	n/a	n/a	102	n/a	n/a	n/a	n/a	n/a	n/a	n/a	n/a
5	1	40	possible_button_press	176.7830791	0.0	response	n/a	n/a	n/a	n/a	n/a	n/a	n/a	m	m	1	1
5	1	40	fix_cross_after_trial	176.7942382	0.8331057666665913	fixation cross	n/a	n/a	94	176.7942802	4.200000000764703e-05	n/a	n/a	n/a	n/a	n/a	n/a
5	n/a	n/a	fix_cross_iti	176.7942802	0.0	trigger	n/a	n/a	94	n/a	n/a	n/a	n/a	n/a	n/a	n/a	n/a
5	1	41	image	177.68210599999998	0.7624683666666954	image	bus	bus_04.png	7	177.68219049999993	8.449999995718827e-05	n/a	n/a	n/a	n/a	1	n/a
5	n/a	n/a	image	177.68219049999993	0.0	trigger	n/a	n/a	7	n/a	n/a	n/a	n/a	n/a	n/a	n/a	n/a
5	1	41	word	178.4443111999999	0.9829035666666925	word	bus_en	n/a	107	178.44435909999993	4.7900000026857015e-05	n/a	n/a	n/a	n/a	1	n/a
5	n/a	n/a	word	178.44435909999993	0.0	trigger	n/a	n/a	107	n/a	n/a	n/a	n/a	n/a	n/a	n/a	n/a
5	1	41	possible_button_press	179.94619649999993	0.0	response	n/a	n/a	n/a	n/a	n/a	n/a	n/a	m	m	1	1
5	1	41	fix_cross_after_trial	179.96068489999993	0.8831841666666662	fixation cross	n/a	n/a	94	179.96071189999998	2.700000004551839e-05	n/a	n/a	n/a	n/a	n/a	n/a
5	n/a	n/a	fix_cross_iti	179.96071189999998	0.0	trigger	n/a	n/a	94	n/a	n/a	n/a	n/a	n/a	n/a	n/a	n/a
5	1	42	image	180.88140209999995	0.7629222666667204	image	desk	desk_05.png	10	180.88165199999992	0.0002498999999716034	n/a	n/a	n/a	n/a	0	n/a
5	n/a	n/a	image	180.88165199999992	0.0	trigger	n/a	n/a	10	n/a	n/a	n/a	n/a	n/a	n/a	n/a	n/a
5	1	42	word	181.6446135	0.9494300666666788	word	roll_en	n/a	106	181.64465339999992	3.9899999933368235e-05	n/a	n/a	n/a	n/a	0	n/a
5	n/a	n/a	word	181.64465339999992	0.0	trigger	n/a	n/a	106	n/a	n/a	n/a	n/a	n/a	n/a	n/a	n/a
5	1	42	feedback	183.14441339999996	0.0	trigger	n/a	n/a	96	n/a	n/a	n/a	n/a	n/a	n/a	n/a	n/a
5	1	42	possible_button_press	183.3463822	0.0	response	n/a	n/a	n/a	n/a	n/a	n/a	n/a	m	r	0	0
5	1	42	fix_cross_after_trial	183.3607864999999	1.1665739666666752	fixation cross	n/a	n/a	94	183.36081619999993	2.9700000027332862e-05	n/a	n/a	n/a	n/a	n/a	n/a
5	n/a	n/a	fix_cross_iti	183.36081619999993	0.0	trigger	n/a	n/a	94	n/a	n/a	n/a	n/a	n/a	n/a	n/a	n/a
5	1	43	image	184.54701999999997	0.7644189666666819	image	saw	saw_05.png	9	184.54710809999995	8.80999999708365e-05	n/a	n/a	n/a	n/a	1	n/a
5	n/a	n/a	image	184.54710809999995	0.0	trigger	n/a	n/a	9	n/a	n/a	n/a	n/a	n/a	n/a	n/a	n/a
5	1	43	word	185.31084369999996	0.9499390666666443	word	saw_en	n/a	109	185.31088449999993	4.0799999965202005e-05	n/a	n/a	n/a	n/a	1	n/a
5	n/a	n/a	word	185.31088449999993	0.0	trigger	n/a	n/a	109	n/a	n/a	n/a	n/a	n/a	n/a	n/a	n/a
5	1	43	possible_button_press	186.81291999999996	0.0	response	n/a	n/a	n/a	n/a	n/a	n/a	n/a	m	m	1	1
5	1	43	fix_cross_after_trial	186.82755839999993	1.1667494666667437	fixation cross	n/a	n/a	94	186.82758279999996	2.4400000029345392e-05	n/a	n/a	n/a	n/a	n/a	n/a
5	n/a	n/a	fix_cross_iti	186.82758279999996	0.0	trigger	n/a	n/a	94	n/a	n/a	n/a	n/a	n/a	n/a	n/a	n/a
5	1	44	image	188.0666913	0.7613023666666834	image	suit	suit_10.png	1	188.06677709999997	8.579999996527476e-05	n/a	n/a	n/a	n/a	1	n/a
5	n/a	n/a	image	188.06677709999997	0.0	trigger	n/a	n/a	1	n/a	n/a	n/a	n/a	n/a	n/a	n/a	n/a
5	1	44	word	188.82753549999995	0.9171645666666848	word	suit_en	n/a	101	188.82757579999998	4.03000000233078e-05	n/a	n/a	n/a	n/a	1	n/a
5	n/a	n/a	word	188.82757579999998	0.0	trigger	n/a	n/a	101	n/a	n/a	n/a	n/a	n/a	n/a	n/a	n/a
5	1	44	possible_button_press	190.31396159999997	0.0	response	n/a	n/a	n/a	n/a	n/a	n/a	n/a	m	m	1	1
5	1	44	fix_cross_after_trial	190.3276598	0.8500193666666576	fixation cross	n/a	n/a	94	190.32768869999995	2.8899999961140566e-05	n/a	n/a	n/a	n/a	n/a	n/a
5	n/a	n/a	fix_cross_iti	190.32768869999995	0.0	trigger	n/a	n/a	94	n/a	n/a	n/a	n/a	n/a	n/a	n/a	n/a
5	1	45	image	191.38967589999993	0.7552294666667478	image	fan	fan_03.png	4	191.38977219999992	9.629999999560823e-05	n/a	n/a	n/a	n/a	1	n/a
5	n/a	n/a	image	191.38977219999992	0.0	trigger	n/a	n/a	4	n/a	n/a	n/a	n/a	n/a	n/a	n/a	n/a
5	1	45	word	192.1445407	0.9164186666666012	word	fan_en	n/a	104	192.1445814	4.069999999956053e-05	n/a	n/a	n/a	n/a	1	n/a
5	n/a	n/a	word	192.1445814	0.0	trigger	n/a	n/a	104	n/a	n/a	n/a	n/a	n/a	n/a	n/a	n/a
5	1	45	possible_button_press	193.6463392999999	0.0	response	n/a	n/a	n/a	n/a	n/a	n/a	n/a	m	m	1	1
5	1	45	fix_cross_after_trial	193.6610192999999	1.1167311666667104	fixation cross	n/a	n/a	94	193.66104689999997	2.7600000066740904e-05	n/a	n/a	n/a	n/a	n/a	n/a
5	n/a	n/a	fix_cross_iti	193.66104689999997	0.0	trigger	n/a	n/a	94	n/a	n/a	n/a	n/a	n/a	n/a	n/a	n/a
5	1	46	image	194.85166389999995	0.7601371666667376	image	bell	bell_08.png	5	194.8517503999999	8.649999995213875e-05	n/a	n/a	n/a	n/a	1	n/a
5	n/a	n/a	image	194.8517503999999	0.0	trigger	n/a	n/a	5	n/a	n/a	n/a	n/a	n/a	n/a	n/a	n/a
5	1	46	word	195.6117081	0.9491873666666208	word	bell_en	n/a	105	195.61177499999997	6.689999997888663e-05	n/a	n/a	n/a	n/a	1	n/a
5	n/a	n/a	word	195.61177499999997	0.0	trigger	n/a	n/a	105	n/a	n/a	n/a	n/a	n/a	n/a	n/a	n/a
5	1	46	possible_button_press	197.11289939999995	0.0	response	n/a	n/a	n/a	n/a	n/a	n/a	n/a	m	m	1	1
5	1	46	fix_cross_after_trial	197.1279664	0.8833590666665998	fixation cross	n/a	n/a	94	197.1279980999999	3.169999990859651e-05	n/a	n/a	n/a	n/a	n/a	n/a
5	n/a	n/a	fix_cross_iti	197.1279980999999	0.0	trigger	n/a	n/a	94	n/a	n/a	n/a	n/a	n/a	n/a	n/a	n/a
5	1	47	image	198.04866529999993	0.7627262666667605	image	roll	roll_02.png	6	198.04875929999992	9.399999999004649e-05	n/a	n/a	n/a	n/a	1	n/a
5	n/a	n/a	image	198.04875929999992	0.0	trigger	n/a	n/a	6	n/a	n/a	n/a	n/a	n/a	n/a	n/a	n/a
5	1	47	word	198.81116759999998	0.949600366666715	word	roll_en	n/a	106	198.81120799999997	4.0399999988949276e-05	n/a	n/a	n/a	n/a	1	n/a
5	n/a	n/a	word	198.81120799999997	0.0	trigger	n/a	n/a	106	n/a	n/a	n/a	n/a	n/a	n/a	n/a	n/a
5	1	47	possible_button_press	200.31367119999993	0.0	response	n/a	n/a	n/a	n/a	n/a	n/a	n/a	m	m	1	1
5	1	47	fix_cross_after_trial	200.3279076	1.0501422666666542	fixation cross	n/a	n/a	94	200.3279369999999	2.9399999903034768e-05	n/a	n/a	n/a	n/a	n/a	n/a
5	n/a	n/a	fix_cross_iti	200.3279369999999	0.0	trigger	n/a	n/a	94	n/a	n/a	n/a	n/a	n/a	n/a	n/a	n/a
5	1	48	image	201.43395729999997	0.7608579666666913	image	ball	ball_04.png	8	201.43405199999995	9.469999997691048e-05	n/a	n/a	n/a	n/a	1	n/a
5	n/a	n/a	image	201.43405199999995	0.0	trigger	n/a	n/a	8	n/a	n/a	n/a	n/a	n/a	n/a	n/a	n/a
5	1	48	word	202.1946261999999	0.9499041666666983	word	ball_en	n/a	108	202.19466699999998	4.080000007888884e-05	n/a	n/a	n/a	n/a	1	n/a
5	n/a	n/a	word	202.19466699999998	0.0	trigger	n/a	n/a	108	n/a	n/a	n/a	n/a	n/a	n/a	n/a	n/a
5	1	48	possible_button_press	203.68067129999997	0.0	response	n/a	n/a	n/a	n/a	n/a	n/a	n/a	m	m	1	1
5	1	48	fix_cross_after_trial	203.6946345	0.9000444666666283	fixation cross	n/a	n/a	94	203.6946646	3.0100000003585592e-05	n/a	n/a	n/a	n/a	n/a	n/a
5	n/a	n/a	fix_cross_iti	203.6946646	0.0	trigger	n/a	n/a	94	n/a	n/a	n/a	n/a	n/a	n/a	n/a	n/a
5	1	49	image	204.66521269999998	0.7632432666667057	image	desk	desk_01.png	10	204.66529289999994	8.019999995667604e-05	n/a	n/a	n/a	n/a	1	n/a
5	n/a	n/a	image	204.66529289999994	0.0	trigger	n/a	n/a	10	n/a	n/a	n/a	n/a	n/a	n/a	n/a	n/a
5	1	49	word	205.42819739999993	0.9500561666666556	word	desk_en	n/a	110	205.4282382	4.080000007888884e-05	n/a	n/a	n/a	n/a	1	n/a
5	n/a	n/a	word	205.4282382	0.0	trigger	n/a	n/a	110	n/a	n/a	n/a	n/a	n/a	n/a	n/a	n/a
5	1	49	possible_button_press	206.9301984	0.0	response	n/a	n/a	n/a	n/a	n/a	n/a	n/a	m	m	1	1
5	1	49	fix_cross_after_trial	206.94478679999997	1.116874466666701	fixation cross	n/a	n/a	94	206.94481639999992	2.9599999948004552e-05	n/a	n/a	n/a	n/a	n/a	n/a
5	n/a	n/a	fix_cross_iti	206.94481639999992	0.0	trigger	n/a	n/a	94	n/a	n/a	n/a	n/a	n/a	n/a	n/a	n/a
5	1	50	image	208.11536949999993	0.7630533666666963	image	watch	watch_10.png	3	208.11545949999993	9.000000000014552e-05	n/a	n/a	n/a	n/a	1	n/a
5	n/a	n/a	image	208.11545949999993	0.0	trigger	n/a	n/a	3	n/a	n/a	n/a	n/a	n/a	n/a	n/a	n/a
5	1	50	word	208.89455339999995	0.9504128666666531	word	watch_en	n/a	103	208.89458519999994	3.179999998792482e-05	n/a	n/a	n/a	n/a	1	n/a
5	n/a	n/a	word	208.89458519999994	0.0	trigger	n/a	n/a	103	n/a	n/a	n/a	n/a	n/a	n/a	n/a	n/a
5	1	50	possible_button_press	210.38045899999997	0.0	response	n/a	n/a	n/a	n/a	n/a	n/a	n/a	m	m	1	1
5	1	50	fix_cross_after_trial	210.3949637999999	0.9999963666666929	fixation cross	n/a	n/a	94	210.3950008999999	3.709999998591229e-05	n/a	n/a	n/a	n/a	n/a	n/a
5	n/a	n/a	fix_cross_iti	210.3950008999999	0.0	trigger	n/a	n/a	94	n/a	n/a	n/a	n/a	n/a	n/a	n/a	n/a
5	1	50	break_instruction	211.39512189999994	15.000692666666652	break	n/a	n/a	81	211.39516279999998	4.0900000044530316e-05	n/a	n/a	n/a	n/a	n/a	n/a
5	n/a	n/a	break_start	211.39516279999998	0.0	trigger	n/a	n/a	81	n/a	n/a	n/a	n/a	n/a	n/a	n/a	n/a
5	n/a	n/a	break_end	334.25474639999993	0.0	trigger	n/a	n/a	82	n/a	n/a	n/a	n/a	n/a	n/a	n/a	n/a
5	2	51	image	334.3369459999999	0.7654572666667718	image	bus	bus_03.png	7	334.33703979999996	9.380000005876354e-05	n/a	n/a	n/a	n/a	1	n/a
5	n/a	n/a	image	334.33703979999996	0.0	trigger	n/a	n/a	7	n/a	n/a	n/a	n/a	n/a	n/a	n/a	n/a
5	2	51	word	335.101304	0.9810890666665273	word	bus_en	n/a	107	335.1013407999999	3.6799999861614197e-05	n/a	n/a	n/a	n/a	1	n/a
5	n/a	n/a	word	335.1013407999999	0.0	trigger	n/a	n/a	107	n/a	n/a	n/a	n/a	n/a	n/a	n/a	n/a
5	2	51	possible_button_press	336.6035678999999	0.0	response	n/a	n/a	n/a	n/a	n/a	n/a	n/a	m	m	1	1
5	2	51	fix_cross_after_trial	336.6189927999999	0.8168705666666938	fixation cross	n/a	n/a	94	336.6190245999999	3.179999998792482e-05	n/a	n/a	n/a	n/a	n/a	n/a
5	n/a	n/a	fix_cross_iti	336.6190245999999	0.0	trigger	n/a	n/a	94	n/a	n/a	n/a	n/a	n/a	n/a	n/a	n/a
5	2	52	image	337.4853097	0.750602866666668	image	suit	suit_03.png	1	337.48539759999994	8.789999992586672e-05	n/a	n/a	n/a	n/a	1	n/a
5	n/a	n/a	image	337.48539759999994	0.0	trigger	n/a	n/a	1	n/a	n/a	n/a	n/a	n/a	n/a	n/a	n/a
5	2	52	word	338.2363883999999	0.9296274666667159	word	suit_en	n/a	101	338.23643189999984	4.349999994701648e-05	n/a	n/a	n/a	n/a	1	n/a
5	n/a	n/a	word	338.23643189999984	0.0	trigger	n/a	n/a	101	n/a	n/a	n/a	n/a	n/a	n/a	n/a	n/a
5	2	52	possible_button_press	339.7388188	0.0	response	n/a	n/a	n/a	n/a	n/a	n/a	n/a	m	m	1	1
5	2	52	fix_cross_after_trial	339.7519359999999	1.1011991666666745	fixation cross	n/a	n/a	94	339.75196689999984	3.089999995609105e-05	n/a	n/a	n/a	n/a	n/a	n/a
5	n/a	n/a	fix_cross_iti	339.75196689999984	0.0	trigger	n/a	n/a	94	n/a	n/a	n/a	n/a	n/a	n/a	n/a	n/a
5	2	53	image	340.86666719999994	0.7526315666666505	image	bottle	bottle_01.png	2	340.86674489999996	7.770000001983135e-05	n/a	n/a	n/a	n/a	1	n/a
5	n/a	n/a	image	340.86674489999996	0.0	trigger	n/a	n/a	2	n/a	n/a	n/a	n/a	n/a	n/a	n/a	n/a
5	2	53	word	341.6331066	0.95219516666657	word	bottle_en	n/a	102	341.6331760999999	6.949999988137279e-05	n/a	n/a	n/a	n/a	1	n/a
5	n/a	n/a	word	341.6331760999999	0.0	trigger	n/a	n/a	102	n/a	n/a	n/a	n/a	n/a	n/a	n/a	n/a
5	2	53	possible_button_press	343.1216924999999	0.0	response	n/a	n/a	n/a	n/a	n/a	n/a	n/a	m	m	1	1
5	2	53	fix_cross_after_trial	343.13487599999985	0.8503575666668439	fixation cross	n/a	n/a	94	343.13490179999985	2.5800000003073364e-05	n/a	n/a	n/a	n/a	n/a	n/a
5	n/a	n/a	fix_cross_iti	343.13490179999985	0.0	trigger	n/a	n/a	94	n/a	n/a	n/a	n/a	n/a	n/a	n/a	n/a
5	2	54	image	344.00231669999994	0.7494479666665939	image	saw	saw_01.png	9	344.0023997999999	8.309999998346029e-05	n/a	n/a	n/a	n/a	0	n/a
5	n/a	n/a	image	344.0023997999999	0.0	trigger	n/a	n/a	9	n/a	n/a	n/a	n/a	n/a	n/a	n/a	n/a
5	2	54	word	344.75307380000004	0.9500220666666337	word	ball_en	n/a	108	344.75311510000006	4.1300000020783045e-05	n/a	n/a	n/a	n/a	0	n/a
5	n/a	n/a	word	344.75311510000006	0.0	trigger	n/a	n/a	108	n/a	n/a	n/a	n/a	n/a	n/a	n/a	n/a
5	2	54	feedback	346.2533576999999	0.0	trigger	n/a	n/a	96	n/a	n/a	n/a	n/a	n/a	n/a	n/a	n/a
5	2	54	possible_button_press	346.45496179999986	0.0	response	n/a	n/a	n/a	n/a	n/a	n/a	n/a	m	r	0	0
5	2	54	fix_cross_after_trial	346.46852480000007	1.1832855666664273	fixation cross	n/a	n/a	94	346.4685508	2.599999993435631e-05	n/a	n/a	n/a	n/a	n/a	n/a
5	n/a	n/a	fix_cross_iti	346.4685508	0.0	trigger	n/a	n/a	94	n/a	n/a	n/a	n/a	n/a	n/a	n/a	n/a
5	2	55	image	347.68885180000007	0.7644933666665565	image	watch	watch_05.png	3	347.688981	0.00012919999994664977	n/a	n/a	n/a	n/a	1	n/a
5	n/a	n/a	image	347.688981	0.0	trigger	n/a	n/a	3	n/a	n/a	n/a	n/a	n/a	n/a	n/a	n/a
5	2	55	word	348.45267769999987	0.9466613666668309	word	watch_en	n/a	103	348.45272539999996	4.770000009557407e-05	n/a	n/a	n/a	n/a	1	n/a
5	n/a	n/a	word	348.45272539999996	0.0	trigger	n/a	n/a	103	n/a	n/a	n/a	n/a	n/a	n/a	n/a	n/a
5	2	55	possible_button_press	349.9541345	0.0	response	n/a	n/a	n/a	n/a	n/a	n/a	n/a	m	m	1	1
5	2	55	fix_cross_after_trial	349.9699871999999	1.0164962666667634	fixation cross	n/a	n/a	94	349.9700149999999	2.779999999802385e-05	n/a	n/a	n/a	n/a	n/a	n/a
5	n/a	n/a	fix_cross_iti	349.9700149999999	0.0	trigger	n/a	n/a	94	n/a	n/a	n/a	n/a	n/a	n/a	n/a	n/a
5	2	56	image	351.02042319999987	0.7662481666666281	image	bottle	bottle_06.png	2	351.0205091	8.590000015828991e-05	n/a	n/a	n/a	n/a	1	n/a
5	n/a	n/a	image	351.0205091	0.0	trigger	n/a	n/a	2	n/a	n/a	n/a	n/a	n/a	n/a	n/a	n/a
5	2	56	word	351.7855517999999	0.9675610666668035	word	bottle_en	n/a	102	351.7855904999999	3.870000000461005e-05	n/a	n/a	n/a	n/a	1	n/a
5	n/a	n/a	word	351.7855904999999	0.0	trigger	n/a	n/a	102	n/a	n/a	n/a	n/a	n/a	n/a	n/a	n/a
5	2	56	possible_button_press	353.2875145999999	0.0	response	n/a	n/a	n/a	n/a	n/a	n/a	n/a	m	m	1	1
5	2	56	fix_cross_after_trial	353.30342210000003	1.1833802666665179	fixation cross	n/a	n/a	94	353.3034507	2.859999995052931e-05	n/a	n/a	n/a	n/a	n/a	n/a
5	n/a	n/a	fix_cross_iti	353.3034507	0.0	trigger	n/a	n/a	94	n/a	n/a	n/a	n/a	n/a	n/a	n/a	n/a
5	2	57	image	354.53909479999993	0.7647079666667196	image	bus	bus_10.png	7	354.5391786	8.380000008401112e-05	n/a	n/a	n/a	n/a	1	n/a
5	n/a	n/a	image	354.5391786	0.0	trigger	n/a	n/a	7	n/a	n/a	n/a	n/a	n/a	n/a	n/a	n/a
5	2	57	word	355.3027657	0.9802207666666618	word	bus_en	n/a	107	355.3028161	5.03999999637017e-05	n/a	n/a	n/a	n/a	1	n/a
5	n/a	n/a	word	355.3028161	0.0	trigger	n/a	n/a	107	n/a	n/a	n/a	n/a	n/a	n/a	n/a	n/a
5	2	57	possible_button_press	356.80437689999985	0.0	response	n/a	n/a	n/a	n/a	n/a	n/a	n/a	m	m	1	1
5	2	57	fix_cross_after_trial	356.8204372	1.2162256666665598	fixation cross	n/a	n/a	94	356.8204831999999	4.5999999883861165e-05	n/a	n/a	n/a	n/a	n/a	n/a
5	n/a	n/a	fix_cross_iti	356.8204831999999	0.0	trigger	n/a	n/a	94	n/a	n/a	n/a	n/a	n/a	n/a	n/a	n/a
5	2	58	image	358.0698881999999	0.7497950666665929	image	saw	saw_10.png	9	358.06997479999995	8.660000003146706e-05	n/a	n/a	n/a	n/a	1	n/a
5	n/a	n/a	image	358.06997479999995	0.0	trigger	n/a	n/a	9	n/a	n/a	n/a	n/a	n/a	n/a	n/a	n/a
5	2	58	word	358.8205014	0.9462741666666261	word	saw_en	n/a	109	358.8205410999999	3.969999988839845e-05	n/a	n/a	n/a	n/a	1	n/a
5	n/a	n/a	word	358.8205410999999	0.0	trigger	n/a	n/a	109	n/a	n/a	n/a	n/a	n/a	n/a	n/a	n/a
5	2	58	possible_button_press	360.3209353	0.0	response	n/a	n/a	n/a	n/a	n/a	n/a	n/a	m	m	1	1
5	2	58	fix_cross_after_trial	360.3366076	0.7835868666666101	fixation cross	n/a	n/a	94	360.3366358999999	2.8299999939918052e-05	n/a	n/a	n/a	n/a	n/a	n/a
5	n/a	n/a	fix_cross_iti	360.3366358999999	0.0	trigger	n/a	n/a	94	n/a	n/a	n/a	n/a	n/a	n/a	n/a	n/a
5	2	59	image	361.1701264999999	0.7667277666666905	image	ball	ball_05.png	8	361.1702123	8.58000000789616e-05	n/a	n/a	n/a	n/a	1	n/a
5	n/a	n/a	image	361.1702123	0.0	trigger	n/a	n/a	8	n/a	n/a	n/a	n/a	n/a	n/a	n/a	n/a
5	2	59	word	361.93602450000003	0.9497282666666251	word	ball_en	n/a	108	361.9360618999999	3.739999988283671e-05	n/a	n/a	n/a	n/a	1	n/a
5	n/a	n/a	word	361.9360618999999	0.0	trigger	n/a	n/a	108	n/a	n/a	n/a	n/a	n/a	n/a	n/a	n/a
5	2	59	possible_button_press	363.4379584999999	0.0	response	n/a	n/a	n/a	n/a	n/a	n/a	n/a	m	m	1	1
5	2	59	fix_cross_after_trial	363.4529356999999	0.7832151666666505	fixation cross	n/a	n/a	94	363.4529645	2.880000010918593e-05	n/a	n/a	n/a	n/a	n/a	n/a
5	n/a	n/a	fix_cross_iti	363.4529645	0.0	trigger	n/a	n/a	94	n/a	n/a	n/a	n/a	n/a	n/a	n/a	n/a
5	2	60	image	364.2522469999999	0.7497975666667571	image	fan	fan_05.png	4	364.25233000000003	8.300000013150566e-05	n/a	n/a	n/a	n/a	1	n/a
5	n/a	n/a	image	364.25233000000003	0.0	trigger	n/a	n/a	4	n/a	n/a	n/a	n/a	n/a	n/a	n/a	n/a
5	2	60	word	365.0028299999999	0.9304506666667294	word	fan_en	n/a	104	365.00286749999987	3.749999996216502e-05	n/a	n/a	n/a	n/a	1	n/a
5	n/a	n/a	word	365.00286749999987	0.0	trigger	n/a	n/a	104	n/a	n/a	n/a	n/a	n/a	n/a	n/a	n/a
5	2	60	possible_button_press	366.5055794	0.0	response	n/a	n/a	n/a	n/a	n/a	n/a	n/a	m	m	1	1
5	2	60	fix_cross_after_trial	366.51865269999985	0.7677940666667382	fixation cross	n/a	n/a	94	366.5186807	2.800000015668047e-05	n/a	n/a	n/a	n/a	n/a	n/a
5	n/a	n/a	fix_cross_iti	366.5186807	0.0	trigger	n/a	n/a	94	n/a	n/a	n/a	n/a	n/a	n/a	n/a	n/a
5	2	61	image	367.33914149999987	0.7640661666666801	image	ball	ball_09.png	8	367.33922759999996	8.610000008957286e-05	n/a	n/a	n/a	n/a	0	n/a
5	n/a	n/a	image	367.33922759999996	0.0	trigger	n/a	n/a	8	n/a	n/a	n/a	n/a	n/a	n/a	n/a	n/a
5	2	61	word	368.1020698	0.9505131666667239	word	desk_en	n/a	110	368.1021091	3.930000002583256e-05	n/a	n/a	n/a	n/a	0	n/a
5	n/a	n/a	word	368.1021091	0.0	trigger	n/a	n/a	110	n/a	n/a	n/a	n/a	n/a	n/a	n/a	n/a
5	2	61	feedback	369.60232139999994	0.0	trigger	n/a	n/a	96	n/a	n/a	n/a	n/a	n/a	n/a	n/a	n/a
5	2	61	possible_button_press	369.78912420000006	0.0	response	n/a	n/a	n/a	n/a	n/a	n/a	n/a	m	r	0	0
5	2	61	fix_cross_after_trial	369.8030581999999	1.0669332666666378	fixation cross	n/a	n/a	94	369.8030905999999	3.2400000009147334e-05	n/a	n/a	n/a	n/a	n/a	n/a
5	n/a	n/a	fix_cross_iti	369.8030905999999	0.0	trigger	n/a	n/a	94	n/a	n/a	n/a	n/a	n/a	n/a	n/a	n/a
5	2	62	image	370.9207283999999	0.7661430666667002	image	watch	watch_01.png	3	370.9208125	8.410000009462237e-05	n/a	n/a	n/a	n/a	1	n/a
5	n/a	n/a	image	370.9208125	0.0	trigger	n/a	n/a	3	n/a	n/a	n/a	n/a	n/a	n/a	n/a	n/a
5	2	62	word	371.68555479999986	0.9502046666666502	word	watch_en	n/a	103	371.6855937	3.890000016326667e-05	n/a	n/a	n/a	n/a	1	n/a
5	n/a	n/a	word	371.6855937	0.0	trigger	n/a	n/a	103	n/a	n/a	n/a	n/a	n/a	n/a	n/a	n/a
5	2	62	possible_button_press	373.1880034999999	0.0	response	n/a	n/a	n/a	n/a	n/a	n/a	n/a	m	m	1	1
5	2	62	fix_cross_after_trial	373.2034163999999	1.198750066666662	fixation cross	n/a	n/a	94	373.20344439999985	2.7999999929306796e-05	n/a	n/a	n/a	n/a	n/a	n/a
5	n/a	n/a	fix_cross_iti	373.20344439999985	0.0	trigger	n/a	n/a	94	n/a	n/a	n/a	n/a	n/a	n/a	n/a	n/a
5	2	63	image	374.45370619999994	0.7665833666667368	image	roll	roll_10.png	6	374.4537883999999	8.219999995162652e-05	n/a	n/a	n/a	n/a	1	n/a
5	n/a	n/a	image	374.4537883999999	0.0	trigger	n/a	n/a	6	n/a	n/a	n/a	n/a	n/a	n/a	n/a	n/a
5	2	63	word	375.2193393	0.9498627666666835	word	roll_en	n/a	106	375.2193786999999	3.9399999877787195e-05	n/a	n/a	n/a	n/a	1	n/a
5	n/a	n/a	word	375.2193786999999	0.0	trigger	n/a	n/a	106	n/a	n/a	n/a	n/a	n/a	n/a	n/a	n/a
5	2	63	possible_button_press	376.7213649999999	0.0	response	n/a	n/a	n/a	n/a	n/a	n/a	n/a	m	m	1	1
5	2	63	fix_cross_after_trial	376.73697619999984	1.1657627666668304	fixation cross	n/a	n/a	94	376.7370114999999	3.530000003593159e-05	n/a	n/a	n/a	n/a	n/a	n/a
5	n/a	n/a	fix_cross_iti	376.7370114999999	0.0	trigger	n/a	n/a	94	n/a	n/a	n/a	n/a	n/a	n/a	n/a	n/a
5	2	64	image	377.92071629999987	0.7663527666668415	image	desk	desk_02.png	10	377.92080409999994	8.780000007391209e-05	n/a	n/a	n/a	n/a	1	n/a
5	n/a	n/a	image	377.92080409999994	0.0	trigger	n/a	n/a	10	n/a	n/a	n/a	n/a	n/a	n/a	n/a	n/a
5	2	64	word	378.6858121	0.94774776666668	word	desk_en	n/a	110	378.6858522	4.009999997833802e-05	n/a	n/a	n/a	n/a	1	n/a
5	n/a	n/a	word	378.6858522	0.0	trigger	n/a	n/a	110	n/a	n/a	n/a	n/a	n/a	n/a	n/a	n/a
5	2	64	possible_button_press	380.18773699999997	0.0	response	n/a	n/a	n/a	n/a	n/a	n/a	n/a	m	m	1	1
5	2	64	fix_cross_after_trial	380.2034512	0.9501749666665091	fixation cross	n/a	n/a	94	380.2034807	2.949999998236308e-05	n/a	n/a	n/a	n/a	n/a	n/a
5	n/a	n/a	fix_cross_iti	380.2034807	0.0	trigger	n/a	n/a	94	n/a	n/a	n/a	n/a	n/a	n/a	n/a	n/a
5	2	65	image	381.2060884	0.7643467666666766	image	bus	bus_02.png	7	381.2061692	8.079999997789855e-05	n/a	n/a	n/a	n/a	1	n/a
5	n/a	n/a	image	381.2061692	0.0	trigger	n/a	n/a	7	n/a	n/a	n/a	n/a	n/a	n/a	n/a	n/a
5	2	65	word	381.9695271999999	0.9809388666667473	word	bus_en	n/a	107	381.9695686	4.1400000100111356e-05	n/a	n/a	n/a	n/a	1	n/a
5	n/a	n/a	word	381.9695686	0.0	trigger	n/a	n/a	107	n/a	n/a	n/a	n/a	n/a	n/a	n/a	n/a
5	2	65	possible_button_press	383.4712803	0.0	response	n/a	n/a	n/a	n/a	n/a	n/a	n/a	m	m	1	1
5	2	65	fix_cross_after_trial	383.48701200000005	0.799952466666582	fixation cross	n/a	n/a	94	383.48704109999994	2.909999989242351e-05	n/a	n/a	n/a	n/a	n/a	n/a
5	n/a	n/a	fix_cross_iti	383.48704109999994	0.0	trigger	n/a	n/a	94	n/a	n/a	n/a	n/a	n/a	n/a	n/a	n/a
5	2	66	image	384.337888	0.7671018666665077	image	suit	suit_01.png	1	384.3380692999999	0.0001812999998946907	n/a	n/a	n/a	n/a	1	n/a
5	n/a	n/a	image	384.3380692999999	0.0	trigger	n/a	n/a	1	n/a	n/a	n/a	n/a	n/a	n/a	n/a	n/a
5	2	66	word	385.1032376999999	0.9323874666667962	word	suit_en	n/a	101	385.10327989999996	4.2200000052616815e-05	n/a	n/a	n/a	n/a	1	n/a
5	n/a	n/a	word	385.10327989999996	0.0	trigger	n/a	n/a	101	n/a	n/a	n/a	n/a	n/a	n/a	n/a	n/a
5	2	66	possible_button_press	386.6070041999999	0.0	response	n/a	n/a	n/a	n/a	n/a	n/a	n/a	m	m	1	1
5	2	66	fix_cross_after_trial	386.6208280999999	1.0691969666665955	fixation cross	n/a	n/a	94	386.6209294	0.00010130000009667128	n/a	n/a	n/a	n/a	n/a	n/a
5	n/a	n/a	fix_cross_iti	386.6209294	0.0	trigger	n/a	n/a	94	n/a	n/a	n/a	n/a	n/a	n/a	n/a	n/a
5	2	67	image	387.7327937	0.7514611666665587	image	desk	desk_04.png	10	387.7328800999999	8.639999987281044e-05	n/a	n/a	n/a	n/a	1	n/a
5	n/a	n/a	image	387.7328800999999	0.0	trigger	n/a	n/a	10	n/a	n/a	n/a	n/a	n/a	n/a	n/a	n/a
5	2	67	word	388.4928964999999	0.9487650666667378	word	desk_en	n/a	110	388.4929668	7.030000006125192e-05	n/a	n/a	n/a	n/a	1	n/a
5	n/a	n/a	word	388.4929668	0.0	trigger	n/a	n/a	110	n/a	n/a	n/a	n/a	n/a	n/a	n/a	n/a
5	2	67	possible_button_press	389.9800680999999	0.0	response	n/a	n/a	n/a	n/a	n/a	n/a	n/a	m	m	1	1
5	2	67	fix_cross_after_trial	389.9911738999999	1.019431966666616	fixation cross	n/a	n/a	94	389.99120429999994	3.040000001419685e-05	n/a	n/a	n/a	n/a	n/a	n/a
5	n/a	n/a	fix_cross_iti	389.99120429999994	0.0	trigger	n/a	n/a	94	n/a	n/a	n/a	n/a	n/a	n/a	n/a	n/a
5	2	68	image	391.0948455	0.7645908666665946	image	bus	bus_06.png	7	391.09495889999994	0.00011339999991832883	n/a	n/a	n/a	n/a	1	n/a
5	n/a	n/a	image	391.09495889999994	0.0	trigger	n/a	n/a	7	n/a	n/a	n/a	n/a	n/a	n/a	n/a	n/a
5	2	68	word	391.8754349999999	0.9483947666667518	word	bus_en	n/a	107	391.87548160000006	4.660000013245735e-05	n/a	n/a	n/a	n/a	1	n/a
5	n/a	n/a	word	391.87548160000006	0.0	trigger	n/a	n/a	107	n/a	n/a	n/a	n/a	n/a	n/a	n/a	n/a
5	2	68	possible_button_press	393.3680021	0.0	response	n/a	n/a	n/a	n/a	n/a	n/a	n/a	m	m	1	1
5	2	68	fix_cross_after_trial	393.37392309999996	1.1323820666666506	fixation cross	n/a	n/a	94	393.37396809999996	4.500000000007276e-05	n/a	n/a	n/a	n/a	n/a	n/a
5	n/a	n/a	fix_cross_iti	393.37396809999996	0.0	trigger	n/a	n/a	94	n/a	n/a	n/a	n/a	n/a	n/a	n/a	n/a
5	2	69	image	394.5598213999999	0.7628795666666974	image	ball	ball_07.png	8	394.5599012	7.980000009411015e-05	n/a	n/a	n/a	n/a	1	n/a
5	n/a	n/a	image	394.5599012	0.0	trigger	n/a	n/a	8	n/a	n/a	n/a	n/a	n/a	n/a	n/a	n/a
5	2	69	word	395.32655969999996	0.9457857666666314	word	ball_en	n/a	108	395.32659939999985	3.969999988839845e-05	n/a	n/a	n/a	n/a	1	n/a
5	n/a	n/a	word	395.32659939999985	0.0	trigger	n/a	n/a	108	n/a	n/a	n/a	n/a	n/a	n/a	n/a	n/a
5	2	69	possible_button_press	396.81498609999994	0.0	response	n/a	n/a	n/a	n/a	n/a	n/a	n/a	m	m	1	1
5	2	69	fix_cross_after_trial	396.8273583	1.2120584666665764	fixation cross	n/a	n/a	94	396.82738849999987	3.0199999855540227e-05	n/a	n/a	n/a	n/a	n/a	n/a
5	n/a	n/a	fix_cross_iti	396.82738849999987	0.0	trigger	n/a	n/a	94	n/a	n/a	n/a	n/a	n/a	n/a	n/a	n/a
5	2	70	image	398.07666470000004	0.7609644666665645	image	saw	saw_02.png	9	398.0767587999999	9.409999984200113e-05	n/a	n/a	n/a	n/a	1	n/a
5	n/a	n/a	image	398.0767587999999	0.0	trigger	n/a	n/a	9	n/a	n/a	n/a	n/a	n/a	n/a	n/a	n/a
5	2	70	word	398.838354	0.9487669666666534	word	saw_en	n/a	109	398.83839119999993	3.7199999951553764e-05	n/a	n/a	n/a	n/a	1	n/a
5	n/a	n/a	word	398.83839119999993	0.0	trigger	n/a	n/a	109	n/a	n/a	n/a	n/a	n/a	n/a	n/a	n/a
5	2	70	possible_button_press	400.3253757	0.0	response	n/a	n/a	n/a	n/a	n/a	n/a	n/a	m	m	1	1
5	2	70	fix_cross_after_trial	400.3382879999999	1.2492580666666981	fixation cross	n/a	n/a	94	400.3383386999999	5.069999997431296e-05	n/a	n/a	n/a	n/a	n/a	n/a
5	n/a	n/a	fix_cross_iti	400.3383386999999	0.0	trigger	n/a	n/a	94	n/a	n/a	n/a	n/a	n/a	n/a	n/a	n/a
5	2	71	image	401.6703605	0.7559726666665938	image	bell	bell_02.png	5	401.67048239999986	0.00012189999984002498	n/a	n/a	n/a	n/a	1	n/a
5	n/a	n/a	image	401.67048239999986	0.0	trigger	n/a	n/a	5	n/a	n/a	n/a	n/a	n/a	n/a	n/a	n/a
5	2	71	word	402.4370629	0.9341500666666889	word	bell_en	n/a	105	402.4371186999999	5.5799999927330646e-05	n/a	n/a	n/a	n/a	1	n/a
5	n/a	n/a	word	402.4371186999999	0.0	trigger	n/a	n/a	105	n/a	n/a	n/a	n/a	n/a	n/a	n/a	n/a
5	2	71	possible_button_press	403.9246748999999	0.0	response	n/a	n/a	n/a	n/a	n/a	n/a	n/a	m	m	1	1
5	2	71	fix_cross_after_trial	403.94023590000006	1.01273696666658	fixation cross	n/a	n/a	94	403.94026570000005	2.9799999992974335e-05	n/a	n/a	n/a	n/a	n/a	n/a
5	n/a	n/a	fix_cross_iti	403.94026570000005	0.0	trigger	n/a	n/a	94	n/a	n/a	n/a	n/a	n/a	n/a	n/a	n/a
5	2	72	image	404.97255629999995	0.752117566666584	image	bottle	bottle_07.png	2	404.9726648999999	0.0001085999999759224	n/a	n/a	n/a	n/a	0	n/a
5	n/a	n/a	image	404.9726648999999	0.0	trigger	n/a	n/a	2	n/a	n/a	n/a	n/a	n/a	n/a	n/a	n/a
5	2	72	word	405.72420779999993	0.9302222666667603	word	fan_en	n/a	104	405.7242532	4.540000009001233e-05	n/a	n/a	n/a	n/a	0	n/a
5	n/a	n/a	word	405.7242532	0.0	trigger	n/a	n/a	104	n/a	n/a	n/a	n/a	n/a	n/a	n/a	n/a
5	2	72	feedback	407.23816169999986	0.0	trigger	n/a	n/a	96	n/a	n/a	n/a	n/a	n/a	n/a	n/a	n/a
5	2	72	possible_button_press	407.437357	0.0	response	n/a	n/a	n/a	n/a	n/a	n/a	n/a	m	r	0	0
5	2	72	fix_cross_after_trial	407.45230979999997	1.1662536666665346	fixation cross	n/a	n/a	94	407.45233919999987	2.9399999903034768e-05	n/a	n/a	n/a	n/a	n/a	n/a
5	n/a	n/a	fix_cross_iti	407.45233919999987	0.0	trigger	n/a	n/a	94	n/a	n/a	n/a	n/a	n/a	n/a	n/a	n/a
5	2	73	image	408.67958780000004	0.7556095666666351	image	suit	suit_04.png	1	408.6796729	8.509999997841078e-05	n/a	n/a	n/a	n/a	1	n/a
5	n/a	n/a	image	408.6796729	0.0	trigger	n/a	n/a	1	n/a	n/a	n/a	n/a	n/a	n/a	n/a	n/a
5	2	73	word	409.43502119999994	0.9334654666665756	word	suit_en	n/a	101	409.43505789999995	3.670000000965956e-05	n/a	n/a	n/a	n/a	1	n/a
5	n/a	n/a	word	409.43505789999995	0.0	trigger	n/a	n/a	101	n/a	n/a	n/a	n/a	n/a	n/a	n/a	n/a
5	2	73	possible_button_press	410.92325919999985	0.0	response	n/a	n/a	n/a	n/a	n/a	n/a	n/a	m	m	1	1
5	2	73	fix_cross_after_trial	410.93674169999986	0.9973588666666728	fixation cross	n/a	n/a	94	410.93677249999996	3.0800000104136416e-05	n/a	n/a	n/a	n/a	n/a	n/a
5	n/a	n/a	fix_cross_iti	410.93677249999996	0.0	trigger	n/a	n/a	94	n/a	n/a	n/a	n/a	n/a	n/a	n/a	n/a
5	2	74	image	411.97150280000005	0.7625389666666251	image	fan	fan_04.png	4	411.97157919999995	7.639999989805801e-05	n/a	n/a	n/a	n/a	1	n/a
5	n/a	n/a	image	411.97157919999995	0.0	trigger	n/a	n/a	4	n/a	n/a	n/a	n/a	n/a	n/a	n/a	n/a
5	2	74	word	412.7343510999999	0.9320155666666778	word	fan_en	n/a	104	412.73440359999995	5.25000000379805e-05	n/a	n/a	n/a	n/a	1	n/a
5	n/a	n/a	word	412.73440359999995	0.0	trigger	n/a	n/a	104	n/a	n/a	n/a	n/a	n/a	n/a	n/a	n/a
5	2	74	possible_button_press	414.23536319999994	0.0	response	n/a	n/a	n/a	n/a	n/a	n/a	n/a	m	m	1	1
5	2	74	fix_cross_after_trial	414.2500276999999	1.249769866666611	fixation cross	n/a	n/a	94	414.2500562	2.8500000098574674e-05	n/a	n/a	n/a	n/a	n/a	n/a
5	n/a	n/a	fix_cross_iti	414.2500562	0.0	trigger	n/a	n/a	94	n/a	n/a	n/a	n/a	n/a	n/a	n/a	n/a
5	2	75	image	415.55390999999986	0.7625082666668277	image	bell	bell_03.png	5	415.55399880000004	8.880000018507417e-05	n/a	n/a	n/a	n/a	1	n/a
5	n/a	n/a	image	415.55399880000004	0.0	trigger	n/a	n/a	5	n/a	n/a	n/a	n/a	n/a	n/a	n/a	n/a
5	2	75	word	416.3162433	0.9497292666665089	word	bell_en	n/a	105	416.3162797	3.6399999999048305e-05	n/a	n/a	n/a	n/a	1	n/a
5	n/a	n/a	word	416.3162797	0.0	trigger	n/a	n/a	105	n/a	n/a	n/a	n/a	n/a	n/a	n/a	n/a
5	2	75	possible_button_press	417.8180428999999	0.0	response	n/a	n/a	n/a	n/a	n/a	n/a	n/a	m	m	1	1
5	2	75	fix_cross_after_trial	417.8322083999999	1.0330617666666058	fixation cross	n/a	n/a	94	417.8322349	2.650000010362419e-05	n/a	n/a	n/a	n/a	n/a	n/a
5	n/a	n/a	fix_cross_iti	417.8322349	0.0	trigger	n/a	n/a	94	n/a	n/a	n/a	n/a	n/a	n/a	n/a	n/a
5	2	76	image	418.92021539999996	0.7627750666665634	image	bottle	bottle_09.png	2	418.9203150999999	9.969999996428669e-05	n/a	n/a	n/a	n/a	1	n/a
5	n/a	n/a	image	418.9203150999999	0.0	trigger	n/a	n/a	2	n/a	n/a	n/a	n/a	n/a	n/a	n/a	n/a
5	2	76	word	419.68191920000004	0.9661023666665187	word	bottle_en	n/a	102	419.6819633	4.409999996823899e-05	n/a	n/a	n/a	n/a	1	n/a
5	n/a	n/a	word	419.6819633	0.0	trigger	n/a	n/a	102	n/a	n/a	n/a	n/a	n/a	n/a	n/a	n/a
5	2	76	possible_button_press	421.18334159999995	0.0	response	n/a	n/a	n/a	n/a	n/a	n/a	n/a	m	m	1	1
5	2	76	fix_cross_after_trial	421.1977299	1.1498126666665485	fixation cross	n/a	n/a	94	421.19776809999985	3.819999983534217e-05	n/a	n/a	n/a	n/a	n/a	n/a
5	n/a	n/a	fix_cross_iti	421.19776809999985	0.0	trigger	n/a	n/a	94	n/a	n/a	n/a	n/a	n/a	n/a	n/a	n/a
5	2	77	image	422.3653976999999	0.7655743666666694	image	fan	fan_02.png	4	422.3654847	8.700000012140663e-05	n/a	n/a	n/a	n/a	1	n/a
5	n/a	n/a	image	422.3654847	0.0	trigger	n/a	n/a	4	n/a	n/a	n/a	n/a	n/a	n/a	n/a	n/a
5	2	77	word	423.13065230000007	0.9166451666665125	word	fan_en	n/a	104	423.1306887999999	3.649999985100294e-05	n/a	n/a	n/a	n/a	1	n/a
5	n/a	n/a	word	423.1306887999999	0.0	trigger	n/a	n/a	104	n/a	n/a	n/a	n/a	n/a	n/a	n/a	n/a
5	2	77	possible_button_press	424.6322209	0.0	response	n/a	n/a	n/a	n/a	n/a	n/a	n/a	m	m	1	1
5	2	77	fix_cross_after_trial	424.64727819999985	0.8827194666666855	fixation cross	n/a	n/a	94	424.6473071999999	2.9000000040468876e-05	n/a	n/a	n/a	n/a	n/a	n/a
5	n/a	n/a	fix_cross_iti	424.6473071999999	0.0	trigger	n/a	n/a	94	n/a	n/a	n/a	n/a	n/a	n/a	n/a	n/a
5	2	78	image	425.56758979999995	0.7624430666667195	image	roll	roll_09.png	6	425.56767179999997	8.200000002034358e-05	n/a	n/a	n/a	n/a	1	n/a
5	n/a	n/a	image	425.56767179999997	0.0	trigger	n/a	n/a	6	n/a	n/a	n/a	n/a	n/a	n/a	n/a	n/a
5	2	78	word	426.32973659999993	0.9488398666667308	word	roll_en	n/a	106	426.3297700999999	3.349999997226405e-05	n/a	n/a	n/a	n/a	1	n/a
5	n/a	n/a	word	426.3297700999999	0.0	trigger	n/a	n/a	106	n/a	n/a	n/a	n/a	n/a	n/a	n/a	n/a
5	2	78	possible_button_press	427.83037719999993	0.0	response	n/a	n/a	n/a	n/a	n/a	n/a	n/a	m	m	1	1
5	2	78	fix_cross_after_trial	427.84550450000006	0.9824807666666402	fixation cross	n/a	n/a	94	427.8455331	2.859999995052931e-05	n/a	n/a	n/a	n/a	n/a	n/a
5	n/a	n/a	fix_cross_iti	427.8455331	0.0	trigger	n/a	n/a	94	n/a	n/a	n/a	n/a	n/a	n/a	n/a	n/a
5	2	79	image	428.88618369999995	0.758310366666592	image	watch	watch_07.png	3	428.88626479999994	8.109999998850981e-05	n/a	n/a	n/a	n/a	1	n/a
5	n/a	n/a	image	428.88626479999994	0.0	trigger	n/a	n/a	3	n/a	n/a	n/a	n/a	n/a	n/a	n/a	n/a
5	2	79	word	429.6460640999999	0.9484703666666974	word	watch_en	n/a	103	429.64611130000003	4.7200000153679866e-05	n/a	n/a	n/a	n/a	1	n/a
5	n/a	n/a	word	429.64611130000003	0.0	trigger	n/a	n/a	103	n/a	n/a	n/a	n/a	n/a	n/a	n/a	n/a
5	2	79	possible_button_press	431.14948319999985	0.0	response	n/a	n/a	n/a	n/a	n/a	n/a	n/a	m	m	1	1
5	2	79	fix_cross_after_trial	431.16182290000006	1.2151206666665075	fixation cross	n/a	n/a	94	431.16185210000003	2.9199999971751822e-05	n/a	n/a	n/a	n/a	n/a	n/a
5	n/a	n/a	fix_cross_iti	431.16185210000003	0.0	trigger	n/a	n/a	94	n/a	n/a	n/a	n/a	n/a	n/a	n/a	n/a
5	2	80	image	432.3958161999999	0.7639489666667032	image	fan	fan_09.png	4	432.3959201	0.00010390000011284428	n/a	n/a	n/a	n/a	1	n/a
5	n/a	n/a	image	432.3959201	0.0	trigger	n/a	n/a	4	n/a	n/a	n/a	n/a	n/a	n/a	n/a	n/a
5	2	80	word	433.15967950000004	0.9164605666665011	word	fan_en	n/a	104	433.1597133999999	3.389999983482994e-05	n/a	n/a	n/a	n/a	1	n/a
5	n/a	n/a	word	433.1597133999999	0.0	trigger	n/a	n/a	104	n/a	n/a	n/a	n/a	n/a	n/a	n/a	n/a
5	2	80	possible_button_press	434.6612484	0.0	response	n/a	n/a	n/a	n/a	n/a	n/a	n/a	m	m	1	1
5	2	80	fix_cross_after_trial	434.67581559999985	1.250099666666756	fixation cross	n/a	n/a	94	434.6758428999999	2.7300000056129647e-05	n/a	n/a	n/a	n/a	n/a	n/a
5	n/a	n/a	fix_cross_iti	434.6758428999999	0.0	trigger	n/a	n/a	94	n/a	n/a	n/a	n/a	n/a	n/a	n/a	n/a
5	2	81	image	435.98206260000006	0.7604658666664363	image	bell	bell_10.png	5	435.9821594	9.679999993750243e-05	n/a	n/a	n/a	n/a	1	n/a
5	n/a	n/a	image	435.9821594	0.0	trigger	n/a	n/a	5	n/a	n/a	n/a	n/a	n/a	n/a	n/a	n/a
5	2	81	word	436.74164759999985	0.949353766666718	word	bell_en	n/a	105	436.74167969999985	3.209999999853608e-05	n/a	n/a	n/a	n/a	1	n/a
5	n/a	n/a	word	436.74167969999985	0.0	trigger	n/a	n/a	105	n/a	n/a	n/a	n/a	n/a	n/a	n/a	n/a
5	2	81	possible_button_press	438.24363760000006	0.0	response	n/a	n/a	n/a	n/a	n/a	n/a	n/a	m	m	1	1
5	2	81	fix_cross_after_trial	438.25803159999987	0.9333122666666895	fixation cross	n/a	n/a	94	438.25805650000007	2.490000019861327e-05	n/a	n/a	n/a	n/a	n/a	n/a
5	n/a	n/a	fix_cross_iti	438.25805650000007	0.0	trigger	n/a	n/a	94	n/a	n/a	n/a	n/a	n/a	n/a	n/a	n/a
5	2	82	image	439.2453501	0.7626862666666057	image	desk	desk_10.png	10	439.24545609999996	0.0001059999999597494	n/a	n/a	n/a	n/a	1	n/a
5	n/a	n/a	image	439.24545609999996	0.0	trigger	n/a	n/a	10	n/a	n/a	n/a	n/a	n/a	n/a	n/a	n/a
5	2	82	word	440.00728129999993	0.9499606666665841	word	desk_en	n/a	110	440.00731369999994	3.2400000009147334e-05	n/a	n/a	n/a	n/a	1	n/a
5	n/a	n/a	word	440.00731369999994	0.0	trigger	n/a	n/a	110	n/a	n/a	n/a	n/a	n/a	n/a	n/a	n/a
5	2	82	possible_button_press	441.5088779	0.0	response	n/a	n/a	n/a	n/a	n/a	n/a	n/a	m	m	1	1
5	2	82	fix_cross_after_trial	441.52320269999996	0.9834496666667292	fixation cross	n/a	n/a	94	441.5232303	2.7600000066740904e-05	n/a	n/a	n/a	n/a	n/a	n/a
5	n/a	n/a	fix_cross_iti	441.5232303	0.0	trigger	n/a	n/a	94	n/a	n/a	n/a	n/a	n/a	n/a	n/a	n/a
5	2	83	image	442.5442550999999	0.7631169666667574	image	saw	saw_07.png	9	442.54432829999996	7.320000008803618e-05	n/a	n/a	n/a	n/a	1	n/a
5	n/a	n/a	image	442.54432829999996	0.0	trigger	n/a	n/a	9	n/a	n/a	n/a	n/a	n/a	n/a	n/a	n/a
5	2	83	word	443.3065331999999	0.9496613666667599	word	saw_en	n/a	109	443.3065632999999	3.0100000003585592e-05	n/a	n/a	n/a	n/a	1	n/a
5	n/a	n/a	word	443.3065632999999	0.0	trigger	n/a	n/a	109	n/a	n/a	n/a	n/a	n/a	n/a	n/a	n/a
5	2	83	possible_button_press	444.8089792999999	0.0	response	n/a	n/a	n/a	n/a	n/a	n/a	n/a	m	m	1	1
5	2	83	fix_cross_after_trial	444.8225691	1.0996371666665254	fixation cross	n/a	n/a	94	444.8225943	2.519999998185085e-05	n/a	n/a	n/a	n/a	n/a	n/a
5	n/a	n/a	fix_cross_iti	444.8225943	0.0	trigger	n/a	n/a	94	n/a	n/a	n/a	n/a	n/a	n/a	n/a	n/a
5	2	84	image	445.9596899999999	0.7639844666666704	image	ball	ball_10.png	8	445.95977560000006	8.560000014767866e-05	n/a	n/a	n/a	n/a	1	n/a
5	n/a	n/a	image	445.95977560000006	0.0	trigger	n/a	n/a	8	n/a	n/a	n/a	n/a	n/a	n/a	n/a	n/a
5	2	84	word	446.7233266999999	0.949114366666663	word	ball_en	n/a	108	446.7233698	4.3100000084450585e-05	n/a	n/a	n/a	n/a	1	n/a
5	n/a	n/a	word	446.7233698	0.0	trigger	n/a	n/a	108	n/a	n/a	n/a	n/a	n/a	n/a	n/a	n/a
5	2	84	possible_button_press	448.22484959999997	0.0	response	n/a	n/a	n/a	n/a	n/a	n/a	n/a	m	m	1	1
5	2	84	fix_cross_after_trial	448.23938069999986	1.183215866666842	fixation cross	n/a	n/a	94	448.2394064	2.570000015111873e-05	n/a	n/a	n/a	n/a	n/a	n/a
5	n/a	n/a	fix_cross_iti	448.2394064	0.0	trigger	n/a	n/a	94	n/a	n/a	n/a	n/a	n/a	n/a	n/a	n/a
5	2	85	image	449.47616700000003	0.7629433666666046	image	desk	desk_09.png	10	449.4762518	8.479999996779952e-05	n/a	n/a	n/a	n/a	1	n/a
5	n/a	n/a	image	449.4762518	0.0	trigger	n/a	n/a	10	n/a	n/a	n/a	n/a	n/a	n/a	n/a	n/a
5	2	85	word	450.2389633999999	0.9495330666668451	word	desk_en	n/a	110	450.2390106999999	4.73000000056345e-05	n/a	n/a	n/a	n/a	1	n/a
5	n/a	n/a	word	450.2390106999999	0.0	trigger	n/a	n/a	110	n/a	n/a	n/a	n/a	n/a	n/a	n/a	n/a
5	2	85	possible_button_press	451.7406080999999	0.0	response	n/a	n/a	n/a	n/a	n/a	n/a	n/a	m	m	1	1
5	2	85	fix_cross_after_trial	451.7552214	1.2326684666666097	fixation cross	n/a	n/a	94	451.75525189999985	3.0499999866151484e-05	n/a	n/a	n/a	n/a	n/a	n/a
5	n/a	n/a	fix_cross_iti	451.75525189999985	0.0	trigger	n/a	n/a	94	n/a	n/a	n/a	n/a	n/a	n/a	n/a	n/a
5	2	86	image	453.0419256	0.7638212666665822	image	suit	suit_02.png	1	453.04200579999997	8.019999995667604e-05	n/a	n/a	n/a	n/a	0	n/a
5	n/a	n/a	image	453.04200579999997	0.0	trigger	n/a	n/a	1	n/a	n/a	n/a	n/a	n/a	n/a	n/a	n/a
5	2	86	word	453.80441989999986	0.9490823666667438	word	bell_en	n/a	105	453.80446370000004	4.380000018500141e-05	n/a	n/a	n/a	n/a	0	n/a
5	n/a	n/a	word	453.80446370000004	0.0	trigger	n/a	n/a	105	n/a	n/a	n/a	n/a	n/a	n/a	n/a	n/a
5	2	86	feedback	455.32054429999994	0.0	trigger	n/a	n/a	96	n/a	n/a	n/a	n/a	n/a	n/a	n/a	n/a
5	2	86	possible_button_press	455.52260120000005	0.0	response	n/a	n/a	n/a	n/a	n/a	n/a	n/a	m	r	0	0
5	2	86	fix_cross_after_trial	455.5375248999999	1.0326582666666582	fixation cross	n/a	n/a	94	455.5375546	2.97000001410197e-05	n/a	n/a	n/a	n/a	n/a	n/a
5	n/a	n/a	fix_cross_iti	455.5375546	0.0	trigger	n/a	n/a	94	n/a	n/a	n/a	n/a	n/a	n/a	n/a	n/a
5	2	87	image	456.60770249999996	0.7626168666665762	image	bottle	bottle_10.png	2	456.6077963	9.380000005876354e-05	n/a	n/a	n/a	n/a	1	n/a
5	n/a	n/a	image	456.6077963	0.0	trigger	n/a	n/a	2	n/a	n/a	n/a	n/a	n/a	n/a	n/a	n/a
5	2	87	word	457.3701914999999	0.9655303666665986	word	bottle_en	n/a	102	457.3702332999999	4.179999996267725e-05	n/a	n/a	n/a	n/a	1	n/a
5	n/a	n/a	word	457.3702332999999	0.0	trigger	n/a	n/a	102	n/a	n/a	n/a	n/a	n/a	n/a	n/a	n/a
5	2	87	possible_button_press	458.87152979999996	0.0	response	n/a	n/a	n/a	n/a	n/a	n/a	n/a	m	m	1	1
5	2	87	fix_cross_after_trial	458.88623789999997	1.2328963666666368	fixation cross	n/a	n/a	94	458.8862661999999	2.8299999939918052e-05	n/a	n/a	n/a	n/a	n/a	n/a
5	n/a	n/a	fix_cross_iti	458.8862661999999	0.0	trigger	n/a	n/a	94	n/a	n/a	n/a	n/a	n/a	n/a	n/a	n/a
5	2	88	image	460.1556599999999	0.7634927666667863	image	bus	bus_05.png	7	460.15572999999995	7.000000005064066e-05	n/a	n/a	n/a	n/a	1	n/a
5	n/a	n/a	image	460.15572999999995	0.0	trigger	n/a	n/a	7	n/a	n/a	n/a	n/a	n/a	n/a	n/a	n/a
5	2	88	word	460.9189715	0.9661797666665279	word	bus_en	n/a	107	460.91901289999987	4.139999987273768e-05	n/a	n/a	n/a	n/a	1	n/a
5	n/a	n/a	word	460.91901289999987	0.0	trigger	n/a	n/a	107	n/a	n/a	n/a	n/a	n/a	n/a	n/a	n/a
5	2	88	possible_button_press	462.42068330000006	0.0	response	n/a	n/a	n/a	n/a	n/a	n/a	n/a	m	m	1	1
5	2	88	fix_cross_after_trial	462.4352162	0.8831412666665983	fixation cross	n/a	n/a	94	462.4352472999999	3.1099999887374e-05	n/a	n/a	n/a	n/a	n/a	n/a
5	n/a	n/a	fix_cross_iti	462.4352472999999	0.0	trigger	n/a	n/a	94	n/a	n/a	n/a	n/a	n/a	n/a	n/a	n/a
5	2	89	image	463.3724657	0.7621642666665593	image	bell	bell_06.png	5	463.3725491	8.339999999407155e-05	n/a	n/a	n/a	n/a	1	n/a
5	n/a	n/a	image	463.3725491	0.0	trigger	n/a	n/a	5	n/a	n/a	n/a	n/a	n/a	n/a	n/a	n/a
5	2	89	word	464.13466019999987	0.9488430666667682	word	bell_en	n/a	105	464.1346999	3.970000011577213e-05	n/a	n/a	n/a	n/a	1	n/a
5	n/a	n/a	word	464.1346999	0.0	trigger	n/a	n/a	105	n/a	n/a	n/a	n/a	n/a	n/a	n/a	n/a
5	2	89	possible_button_press	465.6368731	0.0	response	n/a	n/a	n/a	n/a	n/a	n/a	n/a	m	m	1	1
5	2	89	fix_cross_after_trial	465.6507678999999	1.066146766666634	fixation cross	n/a	n/a	94	465.6507979999999	3.0100000003585592e-05	n/a	n/a	n/a	n/a	n/a	n/a
5	n/a	n/a	fix_cross_iti	465.6507979999999	0.0	trigger	n/a	n/a	94	n/a	n/a	n/a	n/a	n/a	n/a	n/a	n/a
5	2	90	image	466.75439570000003	0.7624003666664976	image	fan	fan_01.png	4	466.7544734999999	7.779999987178599e-05	n/a	n/a	n/a	n/a	1	n/a
5	n/a	n/a	image	466.7544734999999	0.0	trigger	n/a	n/a	4	n/a	n/a	n/a	n/a	n/a	n/a	n/a	n/a
5	2	90	word	467.51666279999995	0.916656466666609	word	fan_en	n/a	104	467.51670119999994	3.839999999399879e-05	n/a	n/a	n/a	n/a	1	n/a
5	n/a	n/a	word	467.51670119999994	0.0	trigger	n/a	n/a	104	n/a	n/a	n/a	n/a	n/a	n/a	n/a	n/a
5	2	90	possible_button_press	469.0182236999999	0.0	response	n/a	n/a	n/a	n/a	n/a	n/a	n/a	m	m	1	1
5	2	90	fix_cross_after_trial	469.03281289999995	0.8999180666667144	fixation cross	n/a	n/a	94	469.03283999999985	2.7099999897473026e-05	n/a	n/a	n/a	n/a	n/a	n/a
5	n/a	n/a	fix_cross_iti	469.03283999999985	0.0	trigger	n/a	n/a	94	n/a	n/a	n/a	n/a	n/a	n/a	n/a	n/a
5	2	91	image	469.9869242	0.7622807666666631	image	desk	desk_08.png	10	469.98701189999997	8.769999999458378e-05	n/a	n/a	n/a	n/a	0	n/a
5	n/a	n/a	image	469.98701189999997	0.0	trigger	n/a	n/a	10	n/a	n/a	n/a	n/a	n/a	n/a	n/a	n/a
5	2	91	word	470.74907469999994	0.9825850666666156	word	bus_en	n/a	107	470.7491086	3.390000006220362e-05	n/a	n/a	n/a	n/a	0	n/a
5	n/a	n/a	word	470.7491086	0.0	trigger	n/a	n/a	107	n/a	n/a	n/a	n/a	n/a	n/a	n/a	n/a
5	2	91	feedback	472.2651177	0.0	trigger	n/a	n/a	96	n/a	n/a	n/a	n/a	n/a	n/a	n/a	n/a
5	2	91	possible_button_press	472.4662160999999	0.0	response	n/a	n/a	n/a	n/a	n/a	n/a	n/a	m	r	0	0
5	2	91	fix_cross_after_trial	472.48095420000004	0.7663819666665859	fixation cross	n/a	n/a	94	472.48098159999995	2.7399999908084283e-05	n/a	n/a	n/a	n/a	n/a	n/a
5	n/a	n/a	fix_cross_iti	472.48098159999995	0.0	trigger	n/a	n/a	94	n/a	n/a	n/a	n/a	n/a	n/a	n/a	n/a
5	2	92	image	473.2661779	0.7644101666664938	image	roll	roll_04.png	6	473.2662771999999	9.929999987434712e-05	n/a	n/a	n/a	n/a	1	n/a
5	n/a	n/a	image	473.2662771999999	0.0	trigger	n/a	n/a	6	n/a	n/a	n/a	n/a	n/a	n/a	n/a	n/a
5	2	92	word	474.0299651999999	0.9504282666666768	word	roll_en	n/a	106	474.0299955999999	3.040000001419685e-05	n/a	n/a	n/a	n/a	1	n/a
5	n/a	n/a	word	474.0299955999999	0.0	trigger	n/a	n/a	106	n/a	n/a	n/a	n/a	n/a	n/a	n/a	n/a
5	2	92	possible_button_press	475.53214879999996	0.0	response	n/a	n/a	n/a	n/a	n/a	n/a	n/a	m	m	1	1
5	2	92	fix_cross_after_trial	475.54663549999987	0.9829903666668542	fixation cross	n/a	n/a	94	475.54666099999986	2.5499999992462108e-05	n/a	n/a	n/a	n/a	n/a	n/a
5	n/a	n/a	fix_cross_iti	475.54666099999986	0.0	trigger	n/a	n/a	94	n/a	n/a	n/a	n/a	n/a	n/a	n/a	n/a
5	2	93	image	476.5677068	0.7616513666666833	image	bell	bell_07.png	5	476.56781849999993	0.0001116999999339896	n/a	n/a	n/a	n/a	1	n/a
5	n/a	n/a	image	476.56781849999993	0.0	trigger	n/a	n/a	5	n/a	n/a	n/a	n/a	n/a	n/a	n/a	n/a
5	2	93	word	477.3302629	0.9481280666666407	word	bell_en	n/a	105	477.33030540000004	4.250000006322807e-05	n/a	n/a	n/a	n/a	1	n/a
5	n/a	n/a	word	477.33030540000004	0.0	trigger	n/a	n/a	105	n/a	n/a	n/a	n/a	n/a	n/a	n/a	n/a
5	2	93	possible_button_press	478.8302819999999	0.0	response	n/a	n/a	n/a	n/a	n/a	n/a	n/a	m	m	1	1
5	2	93	fix_cross_after_trial	478.8454528	0.9002889666667215	fixation cross	n/a	n/a	94	478.84548330000007	3.050000009352516e-05	n/a	n/a	n/a	n/a	n/a	n/a
5	n/a	n/a	fix_cross_iti	478.84548330000007	0.0	trigger	n/a	n/a	94	n/a	n/a	n/a	n/a	n/a	n/a	n/a	n/a
5	2	94	image	479.78227790000005	0.7631832666666014	image	watch	watch_08.png	3	479.78240299999993	0.0001250999998774205	n/a	n/a	n/a	n/a	1	n/a
5	n/a	n/a	image	479.78240299999993	0.0	trigger	n/a	n/a	3	n/a	n/a	n/a	n/a	n/a	n/a	n/a	n/a
5	2	94	word	480.5610964	0.9335930666666172	word	watch_en	n/a	103	480.5611349999999	3.8599999925281736e-05	n/a	n/a	n/a	n/a	1	n/a
5	n/a	n/a	word	480.5611349999999	0.0	trigger	n/a	n/a	103	n/a	n/a	n/a	n/a	n/a	n/a	n/a	n/a
5	2	94	possible_button_press	482.0468727	0.0	response	n/a	n/a	n/a	n/a	n/a	n/a	n/a	m	m	1	1
5	2	94	fix_cross_after_trial	482.06219809999993	1.0151508666667723	fixation cross	n/a	n/a	94	482.06223090000003	3.28000000990869e-05	n/a	n/a	n/a	n/a	n/a	n/a
5	n/a	n/a	fix_cross_iti	482.06223090000003	0.0	trigger	n/a	n/a	94	n/a	n/a	n/a	n/a	n/a	n/a	n/a	n/a
5	2	95	image	483.11242719999996	0.749633966666579	image	suit	suit_08.png	1	483.1125353	0.0001081000000340282	n/a	n/a	n/a	n/a	1	n/a
5	n/a	n/a	image	483.1125353	0.0	trigger	n/a	n/a	1	n/a	n/a	n/a	n/a	n/a	n/a	n/a	n/a
5	2	95	word	483.8618706	0.9324647666667261	word	suit_en	n/a	101	483.8619194999999	4.889999991064542e-05	n/a	n/a	n/a	n/a	1	n/a
5	n/a	n/a	word	483.8619194999999	0.0	trigger	n/a	n/a	101	n/a	n/a	n/a	n/a	n/a	n/a	n/a	n/a
5	2	95	possible_button_press	485.36236699999995	0.0	response	n/a	n/a	n/a	n/a	n/a	n/a	n/a	m	m	1	1
5	2	95	fix_cross_after_trial	485.3763907	0.7844127666667191	fixation cross	n/a	n/a	94	485.3764231	3.2400000009147334e-05	n/a	n/a	n/a	n/a	n/a	n/a
5	n/a	n/a	fix_cross_iti	485.3764231	0.0	trigger	n/a	n/a	94	n/a	n/a	n/a	n/a	n/a	n/a	n/a	n/a
5	2	96	image	486.1802699	0.7643889666667292	image	saw	saw_08.png	9	486.18037559999993	0.00010569999994913815	n/a	n/a	n/a	n/a	1	n/a
5	n/a	n/a	image	486.18037559999993	0.0	trigger	n/a	n/a	9	n/a	n/a	n/a	n/a	n/a	n/a	n/a	n/a
5	2	96	word	486.9440007999999	0.94906026666672	word	saw_en	n/a	109	486.94404009999994	3.930000002583256e-05	n/a	n/a	n/a	n/a	1	n/a
5	n/a	n/a	word	486.94404009999994	0.0	trigger	n/a	n/a	109	n/a	n/a	n/a	n/a	n/a	n/a	n/a	n/a
5	2	96	possible_button_press	488.4441575999999	0.0	response	n/a	n/a	n/a	n/a	n/a	n/a	n/a	m	m	1	1
5	2	96	fix_cross_after_trial	488.45889050000005	1.066502566666486	fixation cross	n/a	n/a	94	488.4589189999999	2.8499999871201e-05	n/a	n/a	n/a	n/a	n/a	n/a
5	n/a	n/a	fix_cross_iti	488.4589189999999	0.0	trigger	n/a	n/a	94	n/a	n/a	n/a	n/a	n/a	n/a	n/a	n/a
5	2	97	image	489.5797038999999	0.7622940666667546	image	watch	watch_06.png	3	489.57977619999997	7.230000005620241e-05	n/a	n/a	n/a	n/a	1	n/a
5	n/a	n/a	image	489.57977619999997	0.0	trigger	n/a	n/a	3	n/a	n/a	n/a	n/a	n/a	n/a	n/a	n/a
5	2	97	word	490.34302219999995	0.9484292666666079	word	watch_en	n/a	103	490.34306259999994	4.0399999988949276e-05	n/a	n/a	n/a	n/a	1	n/a
5	n/a	n/a	word	490.34306259999994	0.0	trigger	n/a	n/a	103	n/a	n/a	n/a	n/a	n/a	n/a	n/a	n/a
5	2	97	possible_button_press	491.82831009999995	0.0	response	n/a	n/a	n/a	n/a	n/a	n/a	n/a	m	m	1	1
5	2	97	fix_cross_after_trial	491.8425861999999	1.1996677666666073	fixation cross	n/a	n/a	94	491.8426144	2.8200000087963417e-05	n/a	n/a	n/a	n/a	n/a	n/a
5	n/a	n/a	fix_cross_iti	491.8426144	0.0	trigger	n/a	n/a	94	n/a	n/a	n/a	n/a	n/a	n/a	n/a	n/a
5	2	98	image	493.0794154	0.761462766666682	image	roll	roll_03.png	6	493.07951909999997	0.00010369999995418766	n/a	n/a	n/a	n/a	1	n/a
5	n/a	n/a	image	493.07951909999997	0.0	trigger	n/a	n/a	6	n/a	n/a	n/a	n/a	n/a	n/a	n/a	n/a
5	2	98	word	493.84095	0.9488673666664909	word	roll_en	n/a	106	493.8409793999999	2.9399999903034768e-05	n/a	n/a	n/a	n/a	1	n/a
5	n/a	n/a	word	493.8409793999999	0.0	trigger	n/a	n/a	106	n/a	n/a	n/a	n/a	n/a	n/a	n/a	n/a
5	2	98	possible_button_press	495.34231679999994	0.0	response	n/a	n/a	n/a	n/a	n/a	n/a	n/a	m	m	1	1
5	2	98	fix_cross_after_trial	495.35675979999996	1.0191473666666298	fixation cross	n/a	n/a	94	495.35678400000006	2.4200000098062446e-05	n/a	n/a	n/a	n/a	n/a	n/a
5	n/a	n/a	fix_cross_iti	495.35678400000006	0.0	trigger	n/a	n/a	94	n/a	n/a	n/a	n/a	n/a	n/a	n/a	n/a
5	2	99	image	496.44515619999993	0.7627391666667336	image	ball	ball_01.png	8	496.4452523	9.610000006432529e-05	n/a	n/a	n/a	n/a	1	n/a
5	n/a	n/a	image	496.4452523	0.0	trigger	n/a	n/a	8	n/a	n/a	n/a	n/a	n/a	n/a	n/a	n/a
5	2	99	word	497.21183729999984	0.9455589666667947	word	ball_en	n/a	108	497.2118992999999	6.200000007083872e-05	n/a	n/a	n/a	n/a	1	n/a
5	n/a	n/a	word	497.2118992999999	0.0	trigger	n/a	n/a	108	n/a	n/a	n/a	n/a	n/a	n/a	n/a	n/a
5	2	99	possible_button_press	498.70930440000006	0.0	response	n/a	n/a	n/a	n/a	n/a	n/a	n/a	m	m	1	1
5	2	99	fix_cross_after_trial	498.72377989999995	1.1996211666667023	fixation cross	n/a	n/a	94	498.72382889999994	4.899999998997373e-05	n/a	n/a	n/a	n/a	n/a	n/a
5	n/a	n/a	fix_cross_iti	498.72382889999994	0.0	trigger	n/a	n/a	94	n/a	n/a	n/a	n/a	n/a	n/a	n/a	n/a
5	2	100	image	499.97132910000005	0.7505308666666224	image	roll	roll_05.png	6	499.97144359999993	0.00011449999988144555	n/a	n/a	n/a	n/a	1	n/a
5	n/a	n/a	image	499.97144359999993	0.0	trigger	n/a	n/a	6	n/a	n/a	n/a	n/a	n/a	n/a	n/a	n/a
5	2	100	word	500.72190909999995	0.9498185666666359	word	roll_en	n/a	106	500.7219401	3.100000003541936e-05	n/a	n/a	n/a	n/a	1	n/a
5	n/a	n/a	word	500.7219401	0.0	trigger	n/a	n/a	106	n/a	n/a	n/a	n/a	n/a	n/a	n/a	n/a
5	2	100	possible_button_press	502.20726390000004	0.0	response	n/a	n/a	n/a	n/a	n/a	n/a	n/a	m	m	1	1
5	2	100	fix_cross_after_trial	502.22188289999985	1.050085266666656	fixation cross	n/a	n/a	94	502.22191309999994	3.0200000082913903e-05	n/a	n/a	n/a	n/a	n/a	n/a
5	n/a	n/a	fix_cross_iti	502.22191309999994	0.0	trigger	n/a	n/a	94	n/a	n/a	n/a	n/a	n/a	n/a	n/a	n/a
5	2	100	break_instruction	503.27186059999985	14.999495566666837	break	n/a	n/a	81	503.27190369999994	4.3100000084450585e-05	n/a	n/a	n/a	n/a	n/a	n/a
5	n/a	n/a	break_start	503.27190369999994	0.0	trigger	n/a	n/a	81	n/a	n/a	n/a	n/a	n/a	n/a	n/a	n/a
5	n/a	n/a	break_end	578.0752243	0.0	trigger	n/a	n/a	82	n/a	n/a	n/a	n/a	n/a	n/a	n/a	n/a
5	3	101	image	578.2089285	0.7566077666665478	image	desk	desk_01.png	10	578.2090694999999	0.00014099999998506973	n/a	n/a	n/a	n/a	1	n/a
5	n/a	n/a	image	578.2090694999999	0.0	trigger	n/a	n/a	10	n/a	n/a	n/a	n/a	n/a	n/a	n/a	n/a
5	3	101	word	578.9652025999999	0.9498224666667738	word	desk_en	n/a	110	578.96524	3.7400000110210385e-05	n/a	n/a	n/a	n/a	1	n/a
5	n/a	n/a	word	578.96524	0.0	trigger	n/a	n/a	110	n/a	n/a	n/a	n/a	n/a	n/a	n/a	n/a
5	3	101	possible_button_press	580.4657330999999	0.0	response	n/a	n/a	n/a	n/a	n/a	n/a	n/a	m	m	1	1
5	3	101	fix_cross_after_trial	580.4800943999999	1.2498879666668472	fixation cross	n/a	n/a	94	580.4801293999999	3.500000002532033e-05	n/a	n/a	n/a	n/a	n/a	n/a
5	n/a	n/a	fix_cross_iti	580.4801293999999	0.0	trigger	n/a	n/a	94	n/a	n/a	n/a	n/a	n/a	n/a	n/a	n/a
5	3	102	image	581.7652066	0.7492651666666461	image	suit	suit_06.png	1	581.7653065	9.989999989556964e-05	n/a	n/a	n/a	n/a	0	n/a
5	n/a	n/a	image	581.7653065	0.0	trigger	n/a	n/a	1	n/a	n/a	n/a	n/a	n/a	n/a	n/a	n/a
5	3	102	word	582.5136416999999	0.9330138666666699	word	fan_en	n/a	104	582.5136825	4.080000007888884e-05	n/a	n/a	n/a	n/a	0	n/a
5	n/a	n/a	word	582.5136825	0.0	trigger	n/a	n/a	104	n/a	n/a	n/a	n/a	n/a	n/a	n/a	n/a
5	3	102	feedback	584.0288158999999	0.0	trigger	n/a	n/a	96	n/a	n/a	n/a	n/a	n/a	n/a	n/a	n/a
5	3	102	possible_button_press	584.2150142999999	0.0	response	n/a	n/a	n/a	n/a	n/a	n/a	n/a	m	r	0	0
5	3	102	fix_cross_after_trial	584.2286947	1.0497420666665676	fixation cross	n/a	n/a	94	584.2287159	2.119999999194988e-05	n/a	n/a	n/a	n/a	n/a	n/a
5	n/a	n/a	fix_cross_iti	584.2287159	0.0	trigger	n/a	n/a	94	n/a	n/a	n/a	n/a	n/a	n/a	n/a	n/a
5	3	103	image	585.3144182999999	0.7644021666667413	image	saw	saw_10.png	9	585.3145084	9.010000007947383e-05	n/a	n/a	n/a	n/a	1	n/a
5	n/a	n/a	image	585.3145084	0.0	trigger	n/a	n/a	9	n/a	n/a	n/a	n/a	n/a	n/a	n/a	n/a
5	3	103	word	586.0787702	0.948912266666639	word	saw_en	n/a	109	586.0787985	2.8299999939918052e-05	n/a	n/a	n/a	n/a	1	n/a
5	n/a	n/a	word	586.0787985	0.0	trigger	n/a	n/a	109	n/a	n/a	n/a	n/a	n/a	n/a	n/a	n/a
5	3	103	possible_button_press	587.5795337	0.0	response	n/a	n/a	n/a	n/a	n/a	n/a	n/a	m	m	1	1
5	3	103	fix_cross_after_trial	587.5944881	0.817855466666515	fixation cross	n/a	n/a	94	587.5945084	2.029999996011611e-05	n/a	n/a	n/a	n/a	n/a	n/a
5	n/a	n/a	fix_cross_iti	587.5945084	0.0	trigger	n/a	n/a	94	n/a	n/a	n/a	n/a	n/a	n/a	n/a	n/a
5	3	104	image	588.4640514999999	0.7713330666667844	image	ball	ball_07.png	8	588.464162	0.00011050000011891825	n/a	n/a	n/a	n/a	1	n/a
5	n/a	n/a	image	588.464162	0.0	trigger	n/a	n/a	8	n/a	n/a	n/a	n/a	n/a	n/a	n/a	n/a
5	3	104	word	589.2451047	0.9490453666667236	word	ball_en	n/a	108	589.2451541999999	4.949999993186793e-05	n/a	n/a	n/a	n/a	1	n/a
5	n/a	n/a	word	589.2451541999999	0.0	trigger	n/a	n/a	108	n/a	n/a	n/a	n/a	n/a	n/a	n/a	n/a
5	3	104	possible_button_press	590.729936	0.0	response	n/a	n/a	n/a	n/a	n/a	n/a	n/a	m	m	1	1
5	3	104	fix_cross_after_trial	590.7446115	0.8324003666666613	fixation cross	n/a	n/a	94	590.7446425	3.100000003541936e-05	n/a	n/a	n/a	n/a	n/a	n/a
5	n/a	n/a	fix_cross_iti	590.7446425	0.0	trigger	n/a	n/a	94	n/a	n/a	n/a	n/a	n/a	n/a	n/a	n/a
5	3	105	image	591.6119139	0.7638450666665904	image	fan	fan_04.png	4	591.6119979	8.400000001529406e-05	n/a	n/a	n/a	n/a	1	n/a
5	n/a	n/a	image	591.6119979	0.0	trigger	n/a	n/a	4	n/a	n/a	n/a	n/a	n/a	n/a	n/a	n/a
5	3	105	word	592.3766094999999	0.9161366666667163	word	fan_en	n/a	104	592.3766370999999	2.7600000066740904e-05	n/a	n/a	n/a	n/a	1	n/a
5	n/a	n/a	word	592.3766370999999	0.0	trigger	n/a	n/a	104	n/a	n/a	n/a	n/a	n/a	n/a	n/a	n/a
5	3	105	possible_button_press	593.8621622999999	0.0	response	n/a	n/a	n/a	n/a	n/a	n/a	n/a	m	m	1	1
5	3	105	fix_cross_after_trial	593.8759229	1.1664372666666623	fixation cross	n/a	n/a	94	593.8759388999999	1.5999999959603883e-05	n/a	n/a	n/a	n/a	n/a	n/a
5	n/a	n/a	fix_cross_iti	593.8759388999999	0.0	trigger	n/a	n/a	94	n/a	n/a	n/a	n/a	n/a	n/a	n/a	n/a
5	3	106	image	595.0619156999999	0.7651763666667648	image	roll	roll_08.png	6	595.0619849	6.92000000981352e-05	n/a	n/a	n/a	n/a	1	n/a
5	n/a	n/a	image	595.0619849	0.0	trigger	n/a	n/a	6	n/a	n/a	n/a	n/a	n/a	n/a	n/a	n/a
5	3	106	word	595.8269825	0.9488109666665423	word	roll_en	n/a	106	595.8270127999999	3.0299999934868538e-05	n/a	n/a	n/a	n/a	1	n/a
5	n/a	n/a	word	595.8270127999999	0.0	trigger	n/a	n/a	106	n/a	n/a	n/a	n/a	n/a	n/a	n/a	n/a
5	3	106	possible_button_press	597.3282385999998	0.0	response	n/a	n/a	n/a	n/a	n/a	n/a	n/a	m	m	1	1
5	3	106	fix_cross_after_trial	597.3432453999999	0.8995566666667401	fixation cross	n/a	n/a	94	597.3432717000001	2.6300000172341242e-05	n/a	n/a	n/a	n/a	n/a	n/a
5	n/a	n/a	fix_cross_iti	597.3432717000001	0.0	trigger	n/a	n/a	94	n/a	n/a	n/a	n/a	n/a	n/a	n/a	n/a
5	3	107	image	598.2610645	0.7650503666666282	image	bottle	bottle_02.png	2	598.2611420000001	7.75000000885484e-05	n/a	n/a	n/a	n/a	1	n/a
5	n/a	n/a	image	598.2611420000001	0.0	trigger	n/a	n/a	2	n/a	n/a	n/a	n/a	n/a	n/a	n/a	n/a
5	3	107	word	599.0418938	0.9670644666666703	word	bottle_en	n/a	102	599.0419293	3.5499999967214535e-05	n/a	n/a	n/a	n/a	1	n/a
5	n/a	n/a	word	599.0419293	0.0	trigger	n/a	n/a	102	n/a	n/a	n/a	n/a	n/a	n/a	n/a	n/a
5	3	107	possible_button_press	600.5274262	0.0	response	n/a	n/a	n/a	n/a	n/a	n/a	n/a	m	m	1	1
5	3	107	fix_cross_after_trial	600.5419534	1.1497653666665428	fixation cross	n/a	n/a	94	600.5419778	2.4400000029345392e-05	n/a	n/a	n/a	n/a	n/a	n/a
5	n/a	n/a	fix_cross_iti	600.5419778	0.0	trigger	n/a	n/a	94	n/a	n/a	n/a	n/a	n/a	n/a	n/a	n/a
5	3	108	image	601.7472691	0.7607979666665869	image	bus	bus_05.png	7	601.7473516999999	8.259999981419242e-05	n/a	n/a	n/a	n/a	1	n/a
5	n/a	n/a	image	601.7473516999999	0.0	trigger	n/a	n/a	7	n/a	n/a	n/a	n/a	n/a	n/a	n/a	n/a
5	3	108	word	602.5239823	0.9669038666665983	word	bus_en	n/a	107	602.5240225999999	4.0299999909620965e-05	n/a	n/a	n/a	n/a	1	n/a
5	n/a	n/a	word	602.5240225999999	0.0	trigger	n/a	n/a	107	n/a	n/a	n/a	n/a	n/a	n/a	n/a	n/a
5	3	108	possible_button_press	604.0096449999999	0.0	response	n/a	n/a	n/a	n/a	n/a	n/a	n/a	m	m	1	1
5	3	108	fix_cross_after_trial	604.0245608999999	1.2013769666666576	fixation cross	n/a	n/a	94	604.0245923	3.140000012535893e-05	n/a	n/a	n/a	n/a	n/a	n/a
5	n/a	n/a	fix_cross_iti	604.0245923	0.0	trigger	n/a	n/a	94	n/a	n/a	n/a	n/a	n/a	n/a	n/a	n/a
5	3	109	image	605.2766460999999	0.7507466666668279	image	ball	ball_04.png	8	605.276719	7.290000007742492e-05	n/a	n/a	n/a	n/a	1	n/a
5	n/a	n/a	image	605.276719	0.0	trigger	n/a	n/a	8	n/a	n/a	n/a	n/a	n/a	n/a	n/a	n/a
5	3	109	word	606.0258085999999	0.9482670666666309	word	ball_en	n/a	108	606.0258466999999	3.8099999983387534e-05	n/a	n/a	n/a	n/a	1	n/a
5	n/a	n/a	word	606.0258466999999	0.0	trigger	n/a	n/a	108	n/a	n/a	n/a	n/a	n/a	n/a	n/a	n/a
5	3	109	possible_button_press	607.5282379	0.0	response	n/a	n/a	n/a	n/a	n/a	n/a	n/a	m	m	1	1
5	3	109	fix_cross_after_trial	607.5429641999999	1.266697666666687	fixation cross	n/a	n/a	94	607.5429921	2.790000007735216e-05	n/a	n/a	n/a	n/a	n/a	n/a
5	n/a	n/a	fix_cross_iti	607.5429921	0.0	trigger	n/a	n/a	94	n/a	n/a	n/a	n/a	n/a	n/a	n/a	n/a
5	3	110	image	608.8600678	0.750305866666622	image	watch	watch_03.png	3	608.8601635999999	9.579999982634035e-05	n/a	n/a	n/a	n/a	1	n/a
5	n/a	n/a	image	608.8601635999999	0.0	trigger	n/a	n/a	3	n/a	n/a	n/a	n/a	n/a	n/a	n/a	n/a
5	3	110	word	609.6412742	0.947917466666695	word	watch_en	n/a	103	609.6413264	5.220000002736924e-05	n/a	n/a	n/a	n/a	1	n/a
5	n/a	n/a	word	609.6413264	0.0	trigger	n/a	n/a	103	n/a	n/a	n/a	n/a	n/a	n/a	n/a	n/a
5	3	110	possible_button_press	611.1022694999999	0.0	response	n/a	n/a	n/a	n/a	n/a	n/a	n/a	m	m	1	1
5	3	110	fix_cross_after_trial	611.1230576	0.9490802666666696	fixation cross	n/a	n/a	94	611.1231293999999	7.179999988693453e-05	n/a	n/a	n/a	n/a	n/a	n/a
5	n/a	n/a	fix_cross_iti	611.1231293999999	0.0	trigger	n/a	n/a	94	n/a	n/a	n/a	n/a	n/a	n/a	n/a	n/a
5	3	111	image	612.1424881	0.7627076666665289	image	bell	bell_05.png	5	612.1425790000001	9.090000003197929e-05	n/a	n/a	n/a	n/a	1	n/a
5	n/a	n/a	image	612.1425790000001	0.0	trigger	n/a	n/a	5	n/a	n/a	n/a	n/a	n/a	n/a	n/a	n/a
5	3	111	word	612.9049702	0.9497513666665327	word	bell_en	n/a	105	612.9050135999998	4.3399999867688166e-05	n/a	n/a	n/a	n/a	1	n/a
5	n/a	n/a	word	612.9050135999998	0.0	trigger	n/a	n/a	105	n/a	n/a	n/a	n/a	n/a	n/a	n/a	n/a
5	3	111	possible_button_press	614.3945664999999	0.0	response	n/a	n/a	n/a	n/a	n/a	n/a	n/a	m	m	1	1
5	3	111	fix_cross_after_trial	614.4057318	0.8827083666665203	fixation cross	n/a	n/a	94	614.4057894999999	5.769999984295282e-05	n/a	n/a	n/a	n/a	n/a	n/a
5	n/a	n/a	fix_cross_iti	614.4057894999999	0.0	trigger	n/a	n/a	94	n/a	n/a	n/a	n/a	n/a	n/a	n/a	n/a
5	3	112	image	615.3077129999999	0.7652167666667538	image	saw	saw_09.png	9	615.3079131	0.0002001000000291242	n/a	n/a	n/a	n/a	1	n/a
5	n/a	n/a	image	615.3079131	0.0	trigger	n/a	n/a	9	n/a	n/a	n/a	n/a	n/a	n/a	n/a	n/a
5	3	112	word	616.0918815999999	0.9455337666668129	word	saw_en	n/a	109	616.0919598999999	7.830000004105386e-05	n/a	n/a	n/a	n/a	1	n/a
5	n/a	n/a	word	616.0919598999999	0.0	trigger	n/a	n/a	109	n/a	n/a	n/a	n/a	n/a	n/a	n/a	n/a
5	3	112	possible_button_press	617.5745846	0.0	response	n/a	n/a	n/a	n/a	n/a	n/a	n/a	m	m	1	1
5	3	112	fix_cross_after_trial	617.5876702999999	1.0561055666667016	fixation cross	n/a	n/a	94	617.5877378	6.750000011379598e-05	n/a	n/a	n/a	n/a	n/a	n/a
5	n/a	n/a	fix_cross_iti	617.5877378	0.0	trigger	n/a	n/a	94	n/a	n/a	n/a	n/a	n/a	n/a	n/a	n/a
5	3	113	image	618.7660048999999	0.7544340666668177	image	watch	watch_05.png	3	618.7662141999999	0.00020930000005137117	n/a	n/a	n/a	n/a	0	n/a
5	n/a	n/a	image	618.7662141999999	0.0	trigger	n/a	n/a	3	n/a	n/a	n/a	n/a	n/a	n/a	n/a	n/a
5	3	113	word	619.5202612	0.9651814666665359	word	bottle_en	n/a	102	619.5203157999999	5.459999988488562e-05	n/a	n/a	n/a	n/a	0	n/a
5	n/a	n/a	word	619.5203157999999	0.0	trigger	n/a	n/a	102	n/a	n/a	n/a	n/a	n/a	n/a	n/a	n/a
5	3	113	feedback	621.0211033	0.0	trigger	n/a	n/a	96	n/a	n/a	n/a	n/a	n/a	n/a	n/a	n/a
5	3	113	possible_button_press	621.2100442999999	0.0	response	n/a	n/a	n/a	n/a	n/a	n/a	n/a	m	r	0	0
5	3	113	fix_cross_after_trial	621.2234624	0.8590721666666923	fixation cross	n/a	n/a	94	621.2235235999999	6.119999989095959e-05	n/a	n/a	n/a	n/a	n/a	n/a
5	n/a	n/a	fix_cross_iti	621.2235235999999	0.0	trigger	n/a	n/a	94	n/a	n/a	n/a	n/a	n/a	n/a	n/a	n/a
5	3	114	image	622.1509681999999	0.7715910666668151	image	roll	roll_07.png	6	622.1511616	0.0001934000001710956	n/a	n/a	n/a	n/a	1	n/a
5	n/a	n/a	image	622.1511616	0.0	trigger	n/a	n/a	6	n/a	n/a	n/a	n/a	n/a	n/a	n/a	n/a
5	3	114	word	622.9355223999999	0.9371414666668443	word	roll_en	n/a	106	622.9356023999999	8.000000002539309e-05	n/a	n/a	n/a	n/a	1	n/a
5	n/a	n/a	word	622.9356023999999	0.0	trigger	n/a	n/a	106	n/a	n/a	n/a	n/a	n/a	n/a	n/a	n/a
5	3	114	possible_button_press	624.4113769	0.0	response	n/a	n/a	n/a	n/a	n/a	n/a	n/a	m	m	1	1
5	3	114	fix_cross_after_trial	624.4231416999999	1.1623326666667708	fixation cross	n/a	n/a	94	624.4231975999999	5.5900000006658956e-05	n/a	n/a	n/a	n/a	n/a	n/a
5	n/a	n/a	fix_cross_iti	624.4231975999999	0.0	trigger	n/a	n/a	94	n/a	n/a	n/a	n/a	n/a	n/a	n/a	n/a
5	3	115	image	625.6750427	0.7627284666666583	image	desk	desk_04.png	10	625.6751856999999	0.00014299999998002022	n/a	n/a	n/a	n/a	1	n/a
5	n/a	n/a	image	625.6751856999999	0.0	trigger	n/a	n/a	10	n/a	n/a	n/a	n/a	n/a	n/a	n/a	n/a
5	3	115	word	626.4562291	0.9300197666666463	word	desk_en	n/a	110	626.4564063999999	0.00017729999990478973	n/a	n/a	n/a	n/a	1	n/a
5	n/a	n/a	word	626.4564063999999	0.0	trigger	n/a	n/a	110	n/a	n/a	n/a	n/a	n/a	n/a	n/a	n/a
5	3	115	possible_button_press	627.9462543	0.0	response	n/a	n/a	n/a	n/a	n/a	n/a	n/a	m	m	1	1
5	3	115	fix_cross_after_trial	627.9672439999999	0.882947566666644	fixation cross	n/a	n/a	94	627.9672928999998	4.889999991064542e-05	n/a	n/a	n/a	n/a	n/a	n/a
5	n/a	n/a	fix_cross_iti	627.9672928999998	0.0	trigger	n/a	n/a	94	n/a	n/a	n/a	n/a	n/a	n/a	n/a	n/a
5	3	116	image	628.9083102	0.759443466666653	image	bus	bus_01.png	7	628.9085507	0.00024050000001807348	n/a	n/a	n/a	n/a	1	n/a
5	n/a	n/a	image	628.9085507	0.0	trigger	n/a	n/a	7	n/a	n/a	n/a	n/a	n/a	n/a	n/a	n/a
5	3	116	word	629.6678465999998	0.9658370666668361	word	bus_en	n/a	107	629.6678903	4.37000001056731e-05	n/a	n/a	n/a	n/a	1	n/a
5	n/a	n/a	word	629.6678903	0.0	trigger	n/a	n/a	107	n/a	n/a	n/a	n/a	n/a	n/a	n/a	n/a
5	3	116	possible_button_press	631.1705084	0.0	response	n/a	n/a	n/a	n/a	n/a	n/a	n/a	m	m	1	1
5	3	116	fix_cross_after_trial	631.1854733	1.1733909666666023	fixation cross	n/a	n/a	94	631.1855071	3.3799999982875306e-05	n/a	n/a	n/a	n/a	n/a	n/a
5	n/a	n/a	fix_cross_iti	631.1855071	0.0	trigger	n/a	n/a	94	n/a	n/a	n/a	n/a	n/a	n/a	n/a	n/a
5	3	117	image	632.4372156	0.7616148666666049	image	suit	suit_02.png	1	632.4373983	0.00018270000009579235	n/a	n/a	n/a	n/a	1	n/a
5	n/a	n/a	image	632.4373983	0.0	trigger	n/a	n/a	1	n/a	n/a	n/a	n/a	n/a	n/a	n/a	n/a
5	3	117	word	633.1994233	0.9398295666665035	word	suit_en	n/a	101	633.1994798000001	5.650000002788147e-05	n/a	n/a	n/a	n/a	1	n/a
5	n/a	n/a	word	633.1994798000001	0.0	trigger	n/a	n/a	101	n/a	n/a	n/a	n/a	n/a	n/a	n/a	n/a
5	3	117	possible_button_press	634.7219375	0.0	response	n/a	n/a	n/a	n/a	n/a	n/a	n/a	m	m	1	1
5	3	117	fix_cross_after_trial	634.7643347999999	0.9160432666667475	fixation cross	n/a	n/a	94	634.7644134	7.860000005166512e-05	n/a	n/a	n/a	n/a	n/a	n/a
5	n/a	n/a	fix_cross_iti	634.7644134	0.0	trigger	n/a	n/a	94	n/a	n/a	n/a	n/a	n/a	n/a	n/a	n/a
5	3	118	image	635.8599895	0.7621279666666396	image	ball	ball_09.png	8	635.8603335	0.0003440000000409782	n/a	n/a	n/a	n/a	1	n/a
5	n/a	n/a	image	635.8603335	0.0	trigger	n/a	n/a	8	n/a	n/a	n/a	n/a	n/a	n/a	n/a	n/a
5	3	118	word	636.6353439	0.9666044666666949	word	ball_en	n/a	108	636.6353925999999	4.8699999979362474e-05	n/a	n/a	n/a	n/a	1	n/a
5	n/a	n/a	word	636.6353925999999	0.0	trigger	n/a	n/a	108	n/a	n/a	n/a	n/a	n/a	n/a	n/a	n/a
5	3	118	possible_button_press	638.1145118	0.0	response	n/a	n/a	n/a	n/a	n/a	n/a	n/a	m	m	1	1
5	3	118	fix_cross_after_trial	638.1440751999999	0.8702446666668493	fixation cross	n/a	n/a	94	638.1441161999999	4.100000001017179e-05	n/a	n/a	n/a	n/a	n/a	n/a
5	n/a	n/a	fix_cross_iti	638.1441161999999	0.0	trigger	n/a	n/a	94	n/a	n/a	n/a	n/a	n/a	n/a	n/a	n/a
5	3	119	image	639.1172561999999	0.7673678666667456	image	watch	watch_04.png	3	639.1173646	0.00010840000004463946	n/a	n/a	n/a	n/a	1	n/a
5	n/a	n/a	image	639.1173646	0.0	trigger	n/a	n/a	3	n/a	n/a	n/a	n/a	n/a	n/a	n/a	n/a
5	3	119	word	639.9458192	0.9235988666666799	word	watch_en	n/a	103	639.9458652999999	4.6099999963189475e-05	n/a	n/a	n/a	n/a	1	n/a
5	n/a	n/a	word	639.9458652999999	0.0	trigger	n/a	n/a	103	n/a	n/a	n/a	n/a	n/a	n/a	n/a	n/a
5	3	119	possible_button_press	641.3803869999999	0.0	response	n/a	n/a	n/a	n/a	n/a	n/a	n/a	m	m	1	1
5	3	119	fix_cross_after_trial	641.4056502999999	0.7789425666667285	fixation cross	n/a	n/a	94	641.4057450999999	9.479999994255195e-05	n/a	n/a	n/a	n/a	n/a	n/a
5	n/a	n/a	fix_cross_iti	641.4057450999999	0.0	trigger	n/a	n/a	94	n/a	n/a	n/a	n/a	n/a	n/a	n/a	n/a
5	3	120	image	642.2870502000001	0.7498034666664353	image	roll	roll_03.png	6	642.2872215	0.00017129999991993827	n/a	n/a	n/a	n/a	1	n/a
5	n/a	n/a	image	642.2872215	0.0	trigger	n/a	n/a	6	n/a	n/a	n/a	n/a	n/a	n/a	n/a	n/a
5	3	120	word	643.0743789999999	0.9486440666667022	word	roll_en	n/a	106	643.0745191999999	0.00014020000003256428	n/a	n/a	n/a	n/a	1	n/a
5	n/a	n/a	word	643.0745191999999	0.0	trigger	n/a	n/a	106	n/a	n/a	n/a	n/a	n/a	n/a	n/a	n/a
5	3	120	possible_button_press	644.5489877999998	0.0	response	n/a	n/a	n/a	n/a	n/a	n/a	n/a	m	m	1	1
5	3	120	fix_cross_after_trial	644.5633080999999	0.9909430666666594	fixation cross	n/a	n/a	94	644.5633464	3.8300000142044155e-05	n/a	n/a	n/a	n/a	n/a	n/a
5	n/a	n/a	fix_cross_iti	644.5633464	0.0	trigger	n/a	n/a	94	n/a	n/a	n/a	n/a	n/a	n/a	n/a	n/a
5	3	121	image	645.6831605	0.7563057666666282	image	ball	ball_05.png	8	645.6833614	0.00020089999998162966	n/a	n/a	n/a	n/a	1	n/a
5	n/a	n/a	image	645.6833614	0.0	trigger	n/a	n/a	8	n/a	n/a	n/a	n/a	n/a	n/a	n/a	n/a
5	3	121	word	646.4561291	0.9424179666666532	word	ball_en	n/a	108	646.4561908999999	6.17999999121821e-05	n/a	n/a	n/a	n/a	1	n/a
5	n/a	n/a	word	646.4561908999999	0.0	trigger	n/a	n/a	108	n/a	n/a	n/a	n/a	n/a	n/a	n/a	n/a
5	3	121	possible_button_press	647.9616391	0.0	response	n/a	n/a	n/a	n/a	n/a	n/a	n/a	m	m	1	1
5	3	121	fix_cross_after_trial	647.9810656	0.7801538666667511	fixation cross	n/a	n/a	94	647.9811010999999	3.5499999967214535e-05	n/a	n/a	n/a	n/a	n/a	n/a
5	n/a	n/a	fix_cross_iti	647.9811010999999	0.0	trigger	n/a	n/a	94	n/a	n/a	n/a	n/a	n/a	n/a	n/a	n/a
5	3	122	image	648.8228623	0.7578335666667044	image	bottle	bottle_04.png	2	648.8229564999999	9.419999992132944e-05	n/a	n/a	n/a	n/a	1	n/a
5	n/a	n/a	image	648.8229564999999	0.0	trigger	n/a	n/a	2	n/a	n/a	n/a	n/a	n/a	n/a	n/a	n/a
5	3	122	word	649.6006278	0.9641635666666843	word	bottle_en	n/a	102	649.6006717999999	4.399999988891068e-05	n/a	n/a	n/a	n/a	1	n/a
5	n/a	n/a	word	649.6006717999999	0.0	trigger	n/a	n/a	102	n/a	n/a	n/a	n/a	n/a	n/a	n/a	n/a
5	3	122	possible_button_press	651.0684194	0.0	response	n/a	n/a	n/a	n/a	n/a	n/a	n/a	m	m	1	1
5	3	122	fix_cross_after_trial	651.0773672	1.2169704666666803	fixation cross	n/a	n/a	94	651.0773982999999	3.1099999887374e-05	n/a	n/a	n/a	n/a	n/a	n/a
5	n/a	n/a	fix_cross_iti	651.0773982999999	0.0	trigger	n/a	n/a	94	n/a	n/a	n/a	n/a	n/a	n/a	n/a	n/a
5	3	123	image	652.3739803999999	0.7514993666666214	image	bus	bus_10.png	7	652.374084	0.00010360000010223303	n/a	n/a	n/a	n/a	1	n/a
5	n/a	n/a	image	652.374084	0.0	trigger	n/a	n/a	7	n/a	n/a	n/a	n/a	n/a	n/a	n/a	n/a
5	3	123	word	653.1382655	0.9599734666667246	word	bus_en	n/a	107	653.1383243999999	5.889999988539785e-05	n/a	n/a	n/a	n/a	1	n/a
5	n/a	n/a	word	653.1383243999999	0.0	trigger	n/a	n/a	107	n/a	n/a	n/a	n/a	n/a	n/a	n/a	n/a
5	3	123	possible_button_press	654.6130181999999	0.0	response	n/a	n/a	n/a	n/a	n/a	n/a	n/a	m	m	1	1
5	3	123	fix_cross_after_trial	654.6270958999999	1.2619228666667368	fixation cross	n/a	n/a	94	654.6271385	4.260000014255638e-05	n/a	n/a	n/a	n/a	n/a	n/a
5	n/a	n/a	fix_cross_iti	654.6271385	0.0	trigger	n/a	n/a	94	n/a	n/a	n/a	n/a	n/a	n/a	n/a	n/a
5	3	124	image	655.9669059	0.749679366666669	image	ball	ball_03.png	8	655.9670208999999	0.00011499999982333975	n/a	n/a	n/a	n/a	1	n/a
5	n/a	n/a	image	655.9670208999999	0.0	trigger	n/a	n/a	8	n/a	n/a	n/a	n/a	n/a	n/a	n/a	n/a
5	3	124	word	656.762107	0.9327660666665452	word	ball_en	n/a	108	656.7623068999999	0.00019989999987046758	n/a	n/a	n/a	n/a	1	n/a
5	n/a	n/a	word	656.7623068999999	0.0	trigger	n/a	n/a	108	n/a	n/a	n/a	n/a	n/a	n/a	n/a	n/a
5	3	124	possible_button_press	658.2153297	0.0	response	n/a	n/a	n/a	n/a	n/a	n/a	n/a	m	m	1	1
5	3	124	fix_cross_after_trial	658.2431776999999	0.9798591666667562	fixation cross	n/a	n/a	94	658.2432214999999	4.379999995762773e-05	n/a	n/a	n/a	n/a	n/a	n/a
5	n/a	n/a	fix_cross_iti	658.2432214999999	0.0	trigger	n/a	n/a	94	n/a	n/a	n/a	n/a	n/a	n/a	n/a	n/a
5	3	125	image	659.3361278	0.7588090666665721	image	suit	suit_03.png	1	659.3363967	0.00026890000003731984	n/a	n/a	n/a	n/a	1	n/a
5	n/a	n/a	image	659.3363967	0.0	trigger	n/a	n/a	1	n/a	n/a	n/a	n/a	n/a	n/a	n/a	n/a
5	3	125	word	660.1142711	0.9280869666665694	word	suit_en	n/a	101	660.11436	8.89000000370288e-05	n/a	n/a	n/a	n/a	1	n/a
5	n/a	n/a	word	660.11436	0.0	trigger	n/a	n/a	101	n/a	n/a	n/a	n/a	n/a	n/a	n/a	n/a
5	3	125	possible_button_press	661.5970954	0.0	response	n/a	n/a	n/a	n/a	n/a	n/a	n/a	m	m	1	1
5	3	125	fix_cross_after_trial	661.6062821999999	0.8706915666666646	fixation cross	n/a	n/a	94	661.6063167	3.450000008342613e-05	n/a	n/a	n/a	n/a	n/a	n/a
5	n/a	n/a	fix_cross_iti	661.6063167	0.0	trigger	n/a	n/a	94	n/a	n/a	n/a	n/a	n/a	n/a	n/a	n/a
5	3	126	image	662.5288963999999	0.7612632666666741	image	desk	desk_02.png	10	662.529047	0.00015060000009725627	n/a	n/a	n/a	n/a	1	n/a
5	n/a	n/a	image	662.529047	0.0	trigger	n/a	n/a	10	n/a	n/a	n/a	n/a	n/a	n/a	n/a	n/a
5	3	126	word	663.2907364	0.948641566666538	word	desk_en	n/a	110	663.2907915000001	5.51000000541535e-05	n/a	n/a	n/a	n/a	1	n/a
5	n/a	n/a	word	663.2907915000001	0.0	trigger	n/a	n/a	110	n/a	n/a	n/a	n/a	n/a	n/a	n/a	n/a
5	3	126	possible_button_press	664.8107450999998	0.0	response	n/a	n/a	n/a	n/a	n/a	n/a	n/a	m	m	1	1
5	3	126	fix_cross_after_trial	664.8305657999999	1.0334960666666575	fixation cross	n/a	n/a	94	664.8306442999999	7.849999997233681e-05	n/a	n/a	n/a	n/a	n/a	n/a
5	n/a	n/a	fix_cross_iti	664.8306442999999	0.0	trigger	n/a	n/a	94	n/a	n/a	n/a	n/a	n/a	n/a	n/a	n/a
5	3	127	image	665.8831373	0.7510236666664696	image	saw	saw_06.png	9	665.8832531	0.00011580000000321888	n/a	n/a	n/a	n/a	0	n/a
5	n/a	n/a	image	665.8832531	0.0	trigger	n/a	n/a	9	n/a	n/a	n/a	n/a	n/a	n/a	n/a	n/a
5	3	127	word	666.6409366999999	0.9376306666667915	word	watch_en	n/a	103	666.6410659999999	0.00012930000002597808	n/a	n/a	n/a	n/a	0	n/a
5	n/a	n/a	word	666.6410659999999	0.0	trigger	n/a	n/a	103	n/a	n/a	n/a	n/a	n/a	n/a	n/a	n/a
5	3	127	feedback	668.1442361	0.0	trigger	n/a	n/a	96	n/a	n/a	n/a	n/a	n/a	n/a	n/a	n/a
5	3	127	possible_button_press	668.329866	0.0	response	n/a	n/a	n/a	n/a	n/a	n/a	n/a	m	r	0	0
5	3	127	fix_cross_after_trial	668.3734704999999	0.8347363666666752	fixation cross	n/a	n/a	94	668.3735429999999	7.249999998748535e-05	n/a	n/a	n/a	n/a	n/a	n/a
5	n/a	n/a	fix_cross_iti	668.3735429999999	0.0	trigger	n/a	n/a	94	n/a	n/a	n/a	n/a	n/a	n/a	n/a	n/a
5	3	128	image	669.3116253999999	0.7659191666666629	image	suit	suit_08.png	1	669.3117895999999	0.0001641999999719701	n/a	n/a	n/a	n/a	1	n/a
5	n/a	n/a	image	669.3117895999999	0.0	trigger	n/a	n/a	1	n/a	n/a	n/a	n/a	n/a	n/a	n/a	n/a
5	3	128	word	670.0907675999999	0.9146241666667265	word	suit_en	n/a	101	670.0908253	5.7700000070326496e-05	n/a	n/a	n/a	n/a	1	n/a
5	n/a	n/a	word	670.0908253	0.0	trigger	n/a	n/a	101	n/a	n/a	n/a	n/a	n/a	n/a	n/a	n/a
5	3	128	possible_button_press	671.5739219	0.0	response	n/a	n/a	n/a	n/a	n/a	n/a	n/a	m	m	1	1
5	3	128	fix_cross_after_trial	671.5931269	1.1447804666665888	fixation cross	n/a	n/a	94	671.5932316999999	0.00010479999991730438	n/a	n/a	n/a	n/a	n/a	n/a
5	n/a	n/a	fix_cross_iti	671.5932316999999	0.0	trigger	n/a	n/a	94	n/a	n/a	n/a	n/a	n/a	n/a	n/a	n/a
5	3	129	image	672.7784512000001	0.7660982666666314	image	bottle	bottle_07.png	2	672.7786128	0.0001615999999557971	n/a	n/a	n/a	n/a	1	n/a
5	n/a	n/a	image	672.7786128	0.0	trigger	n/a	n/a	2	n/a	n/a	n/a	n/a	n/a	n/a	n/a	n/a
5	3	129	word	673.5586897000001	0.9612753666665412	word	bottle_en	n/a	102	673.5587353999999	4.569999987324991e-05	n/a	n/a	n/a	n/a	1	n/a
5	n/a	n/a	word	673.5587353999999	0.0	trigger	n/a	n/a	102	n/a	n/a	n/a	n/a	n/a	n/a	n/a	n/a
5	3	129	possible_button_press	675.0388934999999	0.0	response	n/a	n/a	n/a	n/a	n/a	n/a	n/a	m	m	1	1
5	3	129	fix_cross_after_trial	675.0512136	0.8199328666667043	fixation cross	n/a	n/a	94	675.0512432999999	2.9699999913646025e-05	n/a	n/a	n/a	n/a	n/a	n/a
5	n/a	n/a	fix_cross_iti	675.0512432999999	0.0	trigger	n/a	n/a	94	n/a	n/a	n/a	n/a	n/a	n/a	n/a	n/a
5	3	130	image	675.9557241	0.7560259666665843	image	watch	watch_09.png	3	675.9558382999999	0.00011419999987083429	n/a	n/a	n/a	n/a	1	n/a
5	n/a	n/a	image	675.9558382999999	0.0	trigger	n/a	n/a	3	n/a	n/a	n/a	n/a	n/a	n/a	n/a	n/a
5	3	130	word	676.7265634999999	0.9244511666668132	word	watch_en	n/a	103	676.7266333999999	6.989999997131235e-05	n/a	n/a	n/a	n/a	1	n/a
5	n/a	n/a	word	676.7266333999999	0.0	trigger	n/a	n/a	103	n/a	n/a	n/a	n/a	n/a	n/a	n/a	n/a
5	3	130	possible_button_press	678.2054011	0.0	response	n/a	n/a	n/a	n/a	n/a	n/a	n/a	m	m	1	1
5	3	130	fix_cross_after_trial	678.2202379999999	1.0883442666668088	fixation cross	n/a	n/a	94	678.2203012	6.320000011328375e-05	n/a	n/a	n/a	n/a	n/a	n/a
5	n/a	n/a	fix_cross_iti	678.2203012	0.0	trigger	n/a	n/a	94	n/a	n/a	n/a	n/a	n/a	n/a	n/a	n/a
5	3	131	image	679.3799125	0.7678806666665423	image	desk	desk_09.png	10	679.3801152999999	0.00020279999989725184	n/a	n/a	n/a	n/a	0	n/a
5	n/a	n/a	image	679.3801152999999	0.0	trigger	n/a	n/a	10	n/a	n/a	n/a	n/a	n/a	n/a	n/a	n/a
5	3	131	word	680.1645724999998	0.9532262666666611	word	saw_en	n/a	109	680.1646587	8.620000016890117e-05	n/a	n/a	n/a	n/a	0	n/a
5	n/a	n/a	word	680.1646587	0.0	trigger	n/a	n/a	109	n/a	n/a	n/a	n/a	n/a	n/a	n/a	n/a
5	3	131	feedback	681.6670081	0.0	trigger	n/a	n/a	96	n/a	n/a	n/a	n/a	n/a	n/a	n/a	n/a
5	3	131	possible_button_press	681.8799970999999	0.0	response	n/a	n/a	n/a	n/a	n/a	n/a	n/a	m	r	0	0
5	3	131	fix_cross_after_trial	681.9110753999998	1.0660125666668137	fixation cross	n/a	n/a	94	681.9111112	3.580000020519947e-05	n/a	n/a	n/a	n/a	n/a	n/a
5	n/a	n/a	fix_cross_iti	681.9111112	0.0	trigger	n/a	n/a	94	n/a	n/a	n/a	n/a	n/a	n/a	n/a	n/a
5	3	132	image	683.0700268999999	0.7595472666666865	image	bus	bus_08.png	7	683.0701666	0.00013970000009067007	n/a	n/a	n/a	n/a	1	n/a
5	n/a	n/a	image	683.0701666	0.0	trigger	n/a	n/a	7	n/a	n/a	n/a	n/a	n/a	n/a	n/a	n/a
5	3	132	word	683.8461611999999	0.9805021666668381	word	bus_en	n/a	107	683.8462046	4.340000009506184e-05	n/a	n/a	n/a	n/a	1	n/a
5	n/a	n/a	word	683.8462046	0.0	trigger	n/a	n/a	107	n/a	n/a	n/a	n/a	n/a	n/a	n/a	n/a
5	3	132	possible_button_press	685.3205813	0.0	response	n/a	n/a	n/a	n/a	n/a	n/a	n/a	m	m	1	1
5	3	132	fix_cross_after_trial	685.3444119000001	1.0219313666666494	fixation cross	n/a	n/a	94	685.3444675999999	5.5699999848002335e-05	n/a	n/a	n/a	n/a	n/a	n/a
5	n/a	n/a	fix_cross_iti	685.3444675999999	0.0	trigger	n/a	n/a	94	n/a	n/a	n/a	n/a	n/a	n/a	n/a	n/a
5	3	133	image	686.4518204999999	0.7503647666667348	image	bell	bell_10.png	5	686.4519235999999	0.00010309999993296515	n/a	n/a	n/a	n/a	1	n/a
5	n/a	n/a	image	686.4519235999999	0.0	trigger	n/a	n/a	5	n/a	n/a	n/a	n/a	n/a	n/a	n/a	n/a
5	3	133	word	687.2006964	0.9752175666667426	word	bell_en	n/a	105	687.2007354	3.90000000152213e-05	n/a	n/a	n/a	n/a	1	n/a
5	n/a	n/a	word	687.2007354	0.0	trigger	n/a	n/a	105	n/a	n/a	n/a	n/a	n/a	n/a	n/a	n/a
5	3	133	possible_button_press	688.7036023000001	0.0	response	n/a	n/a	n/a	n/a	n/a	n/a	n/a	m	m	1	1
5	3	133	fix_cross_after_trial	688.7146614999999	0.9016134666667313	fixation cross	n/a	n/a	94	688.7147273999999	6.589999998141138e-05	n/a	n/a	n/a	n/a	n/a	n/a
5	n/a	n/a	fix_cross_iti	688.7147273999999	0.0	trigger	n/a	n/a	94	n/a	n/a	n/a	n/a	n/a	n/a	n/a	n/a
5	3	134	image	689.6356392	0.7652026666664824	image	fan	fan_02.png	4	689.6358353999999	0.00019619999989117787	n/a	n/a	n/a	n/a	1	n/a
5	n/a	n/a	image	689.6358353999999	0.0	trigger	n/a	n/a	4	n/a	n/a	n/a	n/a	n/a	n/a	n/a	n/a
5	3	134	word	690.421347	0.908608566666544	word	fan_en	n/a	104	690.4214311000001	8.410000009462237e-05	n/a	n/a	n/a	n/a	1	n/a
5	n/a	n/a	word	690.4214311000001	0.0	trigger	n/a	n/a	104	n/a	n/a	n/a	n/a	n/a	n/a	n/a	n/a
5	3	134	possible_button_press	691.8898678	0.0	response	n/a	n/a	n/a	n/a	n/a	n/a	n/a	m	m	1	1
5	3	134	fix_cross_after_trial	691.9019418	1.0631960666664781	fixation cross	n/a	n/a	94	691.9019764	3.4599999935380765e-05	n/a	n/a	n/a	n/a	n/a	n/a
5	n/a	n/a	fix_cross_iti	691.9019764	0.0	trigger	n/a	n/a	94	n/a	n/a	n/a	n/a	n/a	n/a	n/a	n/a
5	3	135	image	692.9810286	0.7508152666666774	image	roll	roll_01.png	6	692.9811224	9.380000005876354e-05	n/a	n/a	n/a	n/a	1	n/a
5	n/a	n/a	image	692.9811224	0.0	trigger	n/a	n/a	6	n/a	n/a	n/a	n/a	n/a	n/a	n/a	n/a
5	3	135	word	693.7356551	0.9503818666664756	word	roll_en	n/a	106	693.7356978999999	4.279999984646565e-05	n/a	n/a	n/a	n/a	1	n/a
5	n/a	n/a	word	693.7356978999999	0.0	trigger	n/a	n/a	106	n/a	n/a	n/a	n/a	n/a	n/a	n/a	n/a
5	3	135	possible_button_press	695.2194210999999	0.0	response	n/a	n/a	n/a	n/a	n/a	n/a	n/a	m	m	1	1
5	3	135	fix_cross_after_trial	695.2340784999999	0.8609671666667964	fixation cross	n/a	n/a	94	695.2342001	0.0001216000000567874	n/a	n/a	n/a	n/a	n/a	n/a
5	n/a	n/a	fix_cross_iti	695.2342001	0.0	trigger	n/a	n/a	94	n/a	n/a	n/a	n/a	n/a	n/a	n/a	n/a
5	3	136	image	696.1660158	0.7691237666665529	image	saw	saw_07.png	9	696.1661838999999	0.00016809999988254276	n/a	n/a	n/a	n/a	1	n/a
5	n/a	n/a	image	696.1661838999999	0.0	trigger	n/a	n/a	9	n/a	n/a	n/a	n/a	n/a	n/a	n/a	n/a
5	3	136	word	696.9455234	0.9539729666666972	word	saw_en	n/a	109	696.9455724	4.899999998997373e-05	n/a	n/a	n/a	n/a	1	n/a
5	n/a	n/a	word	696.9455724	0.0	trigger	n/a	n/a	109	n/a	n/a	n/a	n/a	n/a	n/a	n/a	n/a
5	3	136	possible_button_press	698.4209128999998	0.0	response	n/a	n/a	n/a	n/a	n/a	n/a	n/a	m	m	1	1
5	3	136	fix_cross_after_trial	698.4585204999998	0.9156931666668697	fixation cross	n/a	n/a	94	698.4586135	9.300000010625808e-05	n/a	n/a	n/a	n/a	n/a	n/a
5	n/a	n/a	fix_cross_iti	698.4586135	0.0	trigger	n/a	n/a	94	n/a	n/a	n/a	n/a	n/a	n/a	n/a	n/a
5	3	137	image	699.4787566	0.7612345666666442	image	bell	bell_03.png	5	699.4788980999999	0.00014149999992696394	n/a	n/a	n/a	n/a	1	n/a
5	n/a	n/a	image	699.4788980999999	0.0	trigger	n/a	n/a	5	n/a	n/a	n/a	n/a	n/a	n/a	n/a	n/a
5	3	137	word	700.2435183999999	0.9559524666667585	word	bell_en	n/a	105	700.2435679999999	4.9600000011196244e-05	n/a	n/a	n/a	n/a	1	n/a
5	n/a	n/a	word	700.2435679999999	0.0	trigger	n/a	n/a	105	n/a	n/a	n/a	n/a	n/a	n/a	n/a	n/a
5	3	137	possible_button_press	701.7485826	0.0	response	n/a	n/a	n/a	n/a	n/a	n/a	n/a	m	m	1	1
5	3	137	fix_cross_after_trial	701.7841441	0.7791774666666242	fixation cross	n/a	n/a	94	701.7842083999999	6.429999984902679e-05	n/a	n/a	n/a	n/a	n/a	n/a
5	n/a	n/a	fix_cross_iti	701.7842083999999	0.0	trigger	n/a	n/a	94	n/a	n/a	n/a	n/a	n/a	n/a	n/a	n/a
5	3	138	image	702.5991122	0.7637469666665311	image	fan	fan_05.png	4	702.5992732	0.0001609999999345746	n/a	n/a	n/a	n/a	1	n/a
5	n/a	n/a	image	702.5992732	0.0	trigger	n/a	n/a	4	n/a	n/a	n/a	n/a	n/a	n/a	n/a	n/a
5	3	138	word	703.389052	0.9082565666665232	word	fan_en	n/a	104	703.3891148	6.280000002334418e-05	n/a	n/a	n/a	n/a	1	n/a
5	n/a	n/a	word	703.3891148	0.0	trigger	n/a	n/a	104	n/a	n/a	n/a	n/a	n/a	n/a	n/a	n/a
5	3	138	possible_button_press	704.8495972000001	0.0	response	n/a	n/a	n/a	n/a	n/a	n/a	n/a	m	m	1	1
5	3	138	fix_cross_after_trial	704.8832422999999	0.8855379666667886	fixation cross	n/a	n/a	94	704.8832981999999	5.5900000006658956e-05	n/a	n/a	n/a	n/a	n/a	n/a
5	n/a	n/a	fix_cross_iti	704.8832981999999	0.0	trigger	n/a	n/a	94	n/a	n/a	n/a	n/a	n/a	n/a	n/a	n/a
5	3	139	image	705.8590142999999	0.7509404666666342	image	bell	bell_04.png	5	705.8591417999999	0.00012749999996231054	n/a	n/a	n/a	n/a	1	n/a
5	n/a	n/a	image	705.8591417999999	0.0	trigger	n/a	n/a	5	n/a	n/a	n/a	n/a	n/a	n/a	n/a	n/a
5	3	139	word	706.644207	0.9571203666664587	word	bell_en	n/a	105	706.644305	9.799999997994746e-05	n/a	n/a	n/a	n/a	1	n/a
5	n/a	n/a	word	706.644305	0.0	trigger	n/a	n/a	105	n/a	n/a	n/a	n/a	n/a	n/a	n/a	n/a
5	3	139	possible_button_press	708.1005880999999	0.0	response	n/a	n/a	n/a	n/a	n/a	n/a	n/a	m	m	1	1
5	3	139	fix_cross_after_trial	708.1156646	1.076649466666595	fixation cross	n/a	n/a	94	708.1157212999999	5.6699999959164415e-05	n/a	n/a	n/a	n/a	n/a	n/a
5	n/a	n/a	fix_cross_iti	708.1157212999999	0.0	trigger	n/a	n/a	94	n/a	n/a	n/a	n/a	n/a	n/a	n/a	n/a
5	3	140	image	709.2679513999999	0.7576549666666779	image	watch	watch_08.png	3	709.2681751	0.00022370000010596414	n/a	n/a	n/a	n/a	1	n/a
5	n/a	n/a	image	709.2681751	0.0	trigger	n/a	n/a	3	n/a	n/a	n/a	n/a	n/a	n/a	n/a	n/a
5	3	140	word	710.0404326999999	0.9345461666666779	word	watch_en	n/a	103	710.0404796	4.690000014306861e-05	n/a	n/a	n/a	n/a	1	n/a
5	n/a	n/a	word	710.0404796	0.0	trigger	n/a	n/a	103	n/a	n/a	n/a	n/a	n/a	n/a	n/a	n/a
5	3	140	possible_button_press	711.5459535	0.0	response	n/a	n/a	n/a	n/a	n/a	n/a	n/a	m	m	1	1
5	3	140	fix_cross_after_trial	711.5677195000001	1.1720998666664855	fixation cross	n/a	n/a	94	711.5677733	5.379999993238016e-05	n/a	n/a	n/a	n/a	n/a	n/a
5	n/a	n/a	fix_cross_iti	711.5677733	0.0	trigger	n/a	n/a	94	n/a	n/a	n/a	n/a	n/a	n/a	n/a	n/a
5	3	141	image	712.8317976999999	0.7949586666666164	image	desk	desk_10.png	10	712.831882	8.430000002590532e-05	n/a	n/a	n/a	n/a	1	n/a
5	n/a	n/a	image	712.831882	0.0	trigger	n/a	n/a	10	n/a	n/a	n/a	n/a	n/a	n/a	n/a	n/a
5	3	141	word	713.6425981	0.9722319666666408	word	desk_en	n/a	110	713.6433577	0.000759600000037608	n/a	n/a	n/a	n/a	1	n/a
5	n/a	n/a	word	713.6433577	0.0	trigger	n/a	n/a	110	n/a	n/a	n/a	n/a	n/a	n/a	n/a	n/a
5	3	141	possible_button_press	715.1345300999999	0.0	response	n/a	n/a	n/a	n/a	n/a	n/a	n/a	m	m	1	1
5	3	141	fix_cross_after_trial	715.1623743	1.201558566666563	fixation cross	n/a	n/a	94	715.1624594	8.509999997841078e-05	n/a	n/a	n/a	n/a	n/a	n/a
5	n/a	n/a	fix_cross_iti	715.1624594	0.0	trigger	n/a	n/a	94	n/a	n/a	n/a	n/a	n/a	n/a	n/a	n/a
5	3	142	image	716.4346154	0.7524189666667098	image	saw	saw_01.png	9	716.4348728	0.00025740000000951113	n/a	n/a	n/a	n/a	1	n/a
5	n/a	n/a	image	716.4348728	0.0	trigger	n/a	n/a	9	n/a	n/a	n/a	n/a	n/a	n/a	n/a	n/a
5	3	142	word	717.2063014999999	0.933467066666708	word	saw_en	n/a	109	717.2064475	0.00014600000008613279	n/a	n/a	n/a	n/a	1	n/a
5	n/a	n/a	word	717.2064475	0.0	trigger	n/a	n/a	109	n/a	n/a	n/a	n/a	n/a	n/a	n/a	n/a
5	3	142	possible_button_press	718.6826398999999	0.0	response	n/a	n/a	n/a	n/a	n/a	n/a	n/a	m	m	1	1
5	3	142	fix_cross_after_trial	718.7009897	1.0645014666665702	fixation cross	n/a	n/a	94	718.7010229999999	3.329999981360743e-05	n/a	n/a	n/a	n/a	n/a	n/a
5	n/a	n/a	fix_cross_iti	718.7010229999999	0.0	trigger	n/a	n/a	94	n/a	n/a	n/a	n/a	n/a	n/a	n/a	n/a
5	3	143	image	719.8076395	0.7500559666666504	image	bottle	bottle_08.png	2	719.8077699	0.0001303999999890948	n/a	n/a	n/a	n/a	0	n/a
5	n/a	n/a	image	719.8077699	0.0	trigger	n/a	n/a	2	n/a	n/a	n/a	n/a	n/a	n/a	n/a	n/a
5	3	143	word	720.5783653999999	0.9797847666666257	word	bus_en	n/a	107	720.5784647999999	9.939999995367543e-05	n/a	n/a	n/a	n/a	0	n/a
5	n/a	n/a	word	720.5784647999999	0.0	trigger	n/a	n/a	107	n/a	n/a	n/a	n/a	n/a	n/a	n/a	n/a
5	3	143	feedback	722.0887456999999	0.0	trigger	n/a	n/a	96	n/a	n/a	n/a	n/a	n/a	n/a	n/a	n/a
5	3	143	possible_button_press	722.2754382999999	0.0	response	n/a	n/a	n/a	n/a	n/a	n/a	n/a	m	r	0	0
5	3	143	fix_cross_after_trial	722.2888490999999	0.8668379666667079	fixation cross	n/a	n/a	94	722.2889284	7.930000015221594e-05	n/a	n/a	n/a	n/a	n/a	n/a
5	n/a	n/a	fix_cross_iti	722.2889284	0.0	trigger	n/a	n/a	94	n/a	n/a	n/a	n/a	n/a	n/a	n/a	n/a
5	3	144	image	723.2197371	0.7583882666665431	image	roll	roll_02.png	6	723.2199874999999	0.0002503999999134976	n/a	n/a	n/a	n/a	1	n/a
5	n/a	n/a	image	723.2199874999999	0.0	trigger	n/a	n/a	6	n/a	n/a	n/a	n/a	n/a	n/a	n/a	n/a
5	3	144	word	723.9911698999999	0.9324982666666983	word	roll_en	n/a	106	723.9912259	5.600000008598727e-05	n/a	n/a	n/a	n/a	1	n/a
5	n/a	n/a	word	723.9912259	0.0	trigger	n/a	n/a	106	n/a	n/a	n/a	n/a	n/a	n/a	n/a	n/a
5	3	144	possible_button_press	725.4799118999999	0.0	response	n/a	n/a	n/a	n/a	n/a	n/a	n/a	m	m	1	1
5	3	144	fix_cross_after_trial	725.5040521999999	1.2101887666667608	fixation cross	n/a	n/a	94	725.5041159	6.370000005517795e-05	n/a	n/a	n/a	n/a	n/a	n/a
5	n/a	n/a	fix_cross_iti	725.5041159	0.0	trigger	n/a	n/a	94	n/a	n/a	n/a	n/a	n/a	n/a	n/a	n/a
5	3	145	image	727.1149017999999	0.7538556666668228	image	fan	fan_03.png	4	727.1151514000001	0.0002496000001883658	n/a	n/a	n/a	n/a	1	n/a
5	n/a	n/a	image	727.1151514000001	0.0	trigger	n/a	n/a	4	n/a	n/a	n/a	n/a	n/a	n/a	n/a	n/a
5	3	145	word	727.8729957999999	0.9265404666666655	word	fan_en	n/a	104	727.873092	9.62000001436536e-05	n/a	n/a	n/a	n/a	1	n/a
5	n/a	n/a	word	727.873092	0.0	trigger	n/a	n/a	104	n/a	n/a	n/a	n/a	n/a	n/a	n/a	n/a
5	3	145	possible_button_press	729.3724508	0.0	response	n/a	n/a	n/a	n/a	n/a	n/a	n/a	m	m	1	1
5	3	145	fix_cross_after_trial	729.3885846999999	0.7999378666665962	fixation cross	n/a	n/a	94	729.3886258999999	4.1199999941454735e-05	n/a	n/a	n/a	n/a	n/a	n/a
5	n/a	n/a	fix_cross_iti	729.3886258999999	0.0	trigger	n/a	n/a	94	n/a	n/a	n/a	n/a	n/a	n/a	n/a	n/a
5	3	146	image	730.2907095999999	0.7520782666667856	image	suit	suit_07.png	1	730.2908378	0.00012820000006286136	n/a	n/a	n/a	n/a	1	n/a
5	n/a	n/a	image	730.2908378	0.0	trigger	n/a	n/a	1	n/a	n/a	n/a	n/a	n/a	n/a	n/a	n/a
5	3	146	word	731.0719930999999	0.9022869666666793	word	suit_en	n/a	101	731.0720925	9.940000018104911e-05	n/a	n/a	n/a	n/a	1	n/a
5	n/a	n/a	word	731.0720925	0.0	trigger	n/a	n/a	101	n/a	n/a	n/a	n/a	n/a	n/a	n/a	n/a
5	3	146	possible_button_press	732.5587708	0.0	response	n/a	n/a	n/a	n/a	n/a	n/a	n/a	m	m	1	1
5	3	146	fix_cross_after_trial	732.5694495	1.2456600666666873	fixation cross	n/a	n/a	94	732.5695109999999	6.149999990157085e-05	n/a	n/a	n/a	n/a	n/a	n/a
5	n/a	n/a	fix_cross_iti	732.5695109999999	0.0	trigger	n/a	n/a	94	n/a	n/a	n/a	n/a	n/a	n/a	n/a	n/a
5	3	147	image	734.0606361999999	0.752821566666853	image	bus	bus_04.png	7	734.0609141	0.00027790000012828386	n/a	n/a	n/a	n/a	1	n/a
5	n/a	n/a	image	734.0609141	0.0	trigger	n/a	n/a	7	n/a	n/a	n/a	n/a	n/a	n/a	n/a	n/a
5	3	147	word	734.8512744	0.9859542666665675	word	bus_en	n/a	107	734.8513264000001	5.2000000096086296e-05	n/a	n/a	n/a	n/a	1	n/a
5	n/a	n/a	word	734.8513264000001	0.0	trigger	n/a	n/a	107	n/a	n/a	n/a	n/a	n/a	n/a	n/a	n/a
5	3	147	possible_button_press	736.3333596999998	0.0	response	n/a	n/a	n/a	n/a	n/a	n/a	n/a	m	m	1	1
5	3	147	fix_cross_after_trial	736.3645807	0.9630424666665931	fixation cross	n/a	n/a	94	736.3647277	0.0001469999999699212	n/a	n/a	n/a	n/a	n/a	n/a
5	n/a	n/a	fix_cross_iti	736.3647277	0.0	trigger	n/a	n/a	94	n/a	n/a	n/a	n/a	n/a	n/a	n/a	n/a
5	3	148	image	737.42605	0.7545591666664677	image	bottle	bottle_03.png	2	737.4262804	0.00023039999996399274	n/a	n/a	n/a	n/a	1	n/a
5	n/a	n/a	image	737.4262804	0.0	trigger	n/a	n/a	2	n/a	n/a	n/a	n/a	n/a	n/a	n/a	n/a
5	3	148	word	738.2016742999999	0.9517396666667537	word	bottle_en	n/a	102	738.2017182	4.3900000036956044e-05	n/a	n/a	n/a	n/a	1	n/a
5	n/a	n/a	word	738.2017182	0.0	trigger	n/a	n/a	102	n/a	n/a	n/a	n/a	n/a	n/a	n/a	n/a
5	3	148	possible_button_press	739.6695483999999	0.0	response	n/a	n/a	n/a	n/a	n/a	n/a	n/a	m	m	1	1
5	3	148	fix_cross_after_trial	739.7024016999999	0.9796447666667518	fixation cross	n/a	n/a	94	739.7024371	3.54000001152599e-05	n/a	n/a	n/a	n/a	n/a	n/a
5	n/a	n/a	fix_cross_iti	739.7024371	0.0	trigger	n/a	n/a	94	n/a	n/a	n/a	n/a	n/a	n/a	n/a	n/a
5	3	149	image	740.7083691999999	0.7702270666666209	image	fan	fan_10.png	4	740.7084689999999	9.9800000043615e-05	n/a	n/a	n/a	n/a	1	n/a
5	n/a	n/a	image	740.7084689999999	0.0	trigger	n/a	n/a	4	n/a	n/a	n/a	n/a	n/a	n/a	n/a	n/a
5	3	149	word	741.4968257	0.9464675666665698	word	fan_en	n/a	104	741.4969197999999	9.409999984200113e-05	n/a	n/a	n/a	n/a	1	n/a
5	n/a	n/a	word	741.4969197999999	0.0	trigger	n/a	n/a	104	n/a	n/a	n/a	n/a	n/a	n/a	n/a	n/a
5	3	149	possible_button_press	742.9768564999999	0.0	response	n/a	n/a	n/a	n/a	n/a	n/a	n/a	m	m	1	1
5	3	149	fix_cross_after_trial	742.9992482	1.0523728666667012	fixation cross	n/a	n/a	94	742.9992949999998	4.6799999836366624e-05	n/a	n/a	n/a	n/a	n/a	n/a
5	n/a	n/a	fix_cross_iti	742.9992949999998	0.0	trigger	n/a	n/a	94	n/a	n/a	n/a	n/a	n/a	n/a	n/a	n/a
5	3	150	image	744.1872513999999	0.7659602666667524	image	bell	bell_08.png	5	744.1874034	0.00015200000007098424	n/a	n/a	n/a	n/a	1	n/a
5	n/a	n/a	image	744.1874034	0.0	trigger	n/a	n/a	5	n/a	n/a	n/a	n/a	n/a	n/a	n/a	n/a
5	3	150	word	744.9624885000001	0.9564569666665648	word	bell_en	n/a	105	744.9625421000001	5.3600000001097214e-05	n/a	n/a	n/a	n/a	1	n/a
5	n/a	n/a	word	744.9625421000001	0.0	trigger	n/a	n/a	105	n/a	n/a	n/a	n/a	n/a	n/a	n/a	n/a
5	3	150	possible_button_press	746.4835842999998	0.0	response	n/a	n/a	n/a	n/a	n/a	n/a	n/a	m	m	1	1
5	3	150	fix_cross_after_trial	746.5117774999999	1.22147166666673	fixation cross	n/a	n/a	94	746.5118903999999	0.00011289999997643463	n/a	n/a	n/a	n/a	n/a	n/a
5	n/a	n/a	fix_cross_iti	746.5118903999999	0.0	trigger	n/a	n/a	94	n/a	n/a	n/a	n/a	n/a	n/a	n/a	n/a
5	3	150	break_instruction	747.7420288999999	15.033704266666746	break	n/a	n/a	81	747.7420958	6.690000009257346e-05	n/a	n/a	n/a	n/a	n/a	n/a
5	n/a	n/a	break_start	747.7420958	0.0	trigger	n/a	n/a	81	n/a	n/a	n/a	n/a	n/a	n/a	n/a	n/a
5	n/a	n/a	break_end	1013.741876	0.0	trigger	n/a	n/a	82	n/a	n/a	n/a	n/a	n/a	n/a	n/a	n/a
5	4	151	image	1013.8600548	0.777323666666689	image	suit	suit_05.png	1	1013.8602423	0.00018750000003819878	n/a	n/a	n/a	n/a	1	n/a
5	n/a	n/a	image	1013.8602423	0.0	trigger	n/a	n/a	1	n/a	n/a	n/a	n/a	n/a	n/a	n/a	n/a
5	4	151	word	1014.6495648	0.9241278666665949	word	suit_en	n/a	101	1014.6496462	8.139999999912106e-05	n/a	n/a	n/a	n/a	1	n/a
5	n/a	n/a	word	1014.6496462	0.0	trigger	n/a	n/a	101	n/a	n/a	n/a	n/a	n/a	n/a	n/a	n/a
5	4	151	possible_button_press	1016.1350210999999	0.0	response	n/a	n/a	n/a	n/a	n/a	n/a	n/a	m	m	1	1
5	4	151	fix_cross_after_trial	1016.1585875999999	1.2396895666665841	fixation cross	n/a	n/a	94	1016.1586336999999	4.6099999963189475e-05	n/a	n/a	n/a	n/a	n/a	n/a
5	n/a	n/a	fix_cross_iti	1016.1586336999999	0.0	trigger	n/a	n/a	94	n/a	n/a	n/a	n/a	n/a	n/a	n/a	n/a
5	4	152	image	1017.5094205	0.754273266666587	image	desk	desk_03.png	10	1017.5096466	0.0002260999999634805	n/a	n/a	n/a	n/a	1	n/a
5	n/a	n/a	image	1017.5096466	0.0	trigger	n/a	n/a	10	n/a	n/a	n/a	n/a	n/a	n/a	n/a	n/a
5	4	152	word	1018.2638824	0.9506499666665604	word	desk_en	n/a	110	1018.2639522	6.979999989198404e-05	n/a	n/a	n/a	n/a	1	n/a
5	n/a	n/a	word	1018.2639522	0.0	trigger	n/a	n/a	110	n/a	n/a	n/a	n/a	n/a	n/a	n/a	n/a
5	4	152	possible_button_press	1019.7654035	0.0	response	n/a	n/a	n/a	n/a	n/a	n/a	n/a	m	m	1	1
5	4	152	fix_cross_after_trial	1019.7879836	1.1164623666666103	fixation cross	n/a	n/a	94	1019.7880167999999	3.319999996165279e-05	n/a	n/a	n/a	n/a	n/a	n/a
5	n/a	n/a	fix_cross_iti	1019.7880167999999	0.0	trigger	n/a	n/a	94	n/a	n/a	n/a	n/a	n/a	n/a	n/a	n/a
5	4	153	image	1021.0046917	0.7828189666665821	image	bottle	bottle_09.png	2	1021.0048520999999	0.00016039999991335208	n/a	n/a	n/a	n/a	0	n/a
5	n/a	n/a	image	1021.0048520999999	0.0	trigger	n/a	n/a	2	n/a	n/a	n/a	n/a	n/a	n/a	n/a	n/a
5	4	153	word	1021.8119557999999	0.9343059666666704	word	roll_en	n/a	106	1021.8120902999999	0.00013450000005832408	n/a	n/a	n/a	n/a	0	n/a
5	n/a	n/a	word	1021.8120902999999	0.0	trigger	n/a	n/a	106	n/a	n/a	n/a	n/a	n/a	n/a	n/a	n/a
5	4	153	feedback	1023.3240802	0.0	trigger	n/a	n/a	96	n/a	n/a	n/a	n/a	n/a	n/a	n/a	n/a
5	4	153	possible_button_press	1023.5350799999999	0.0	response	n/a	n/a	n/a	n/a	n/a	n/a	n/a	m	r	0	0
5	4	153	fix_cross_after_trial	1023.5600096999999	1.0091716666665889	fixation cross	n/a	n/a	94	1023.5601333	0.00012360000005173788	n/a	n/a	n/a	n/a	n/a	n/a
5	n/a	n/a	fix_cross_iti	1023.5601333	0.0	trigger	n/a	n/a	94	n/a	n/a	n/a	n/a	n/a	n/a	n/a	n/a
5	4	154	image	1024.6720519	0.7585805666665237	image	bus	bus_07.png	7	1024.6724056	0.00035370000000511936	n/a	n/a	n/a	n/a	1	n/a
5	n/a	n/a	image	1024.6724056	0.0	trigger	n/a	n/a	7	n/a	n/a	n/a	n/a	n/a	n/a	n/a	n/a
5	4	154	word	1025.448253	0.9675278666666145	word	bus_en	n/a	107	1025.4483288	7.57999998768355e-05	n/a	n/a	n/a	n/a	1	n/a
5	n/a	n/a	word	1025.4483288	0.0	trigger	n/a	n/a	107	n/a	n/a	n/a	n/a	n/a	n/a	n/a	n/a
5	4	154	possible_button_press	1026.928586	0.0	response	n/a	n/a	n/a	n/a	n/a	n/a	n/a	m	m	1	1
5	4	154	fix_cross_after_trial	1026.9514585	1.0588205666665544	fixation cross	n/a	n/a	94	1026.9515958	0.00013730000000578002	n/a	n/a	n/a	n/a	n/a	n/a
5	n/a	n/a	fix_cross_iti	1026.9515958	0.0	trigger	n/a	n/a	94	n/a	n/a	n/a	n/a	n/a	n/a	n/a	n/a
5	4	155	image	1028.0816542	0.7523647666666875	image	roll	roll_10.png	6	1028.0817447	9.049999994203972e-05	n/a	n/a	n/a	n/a	1	n/a
5	n/a	n/a	image	1028.0817447	0.0	trigger	n/a	n/a	6	n/a	n/a	n/a	n/a	n/a	n/a	n/a	n/a
5	4	155	word	1028.8501463	0.9554322666665485	word	roll_en	n/a	106	1028.85022	7.370000002993038e-05	n/a	n/a	n/a	n/a	1	n/a
5	n/a	n/a	word	1028.85022	0.0	trigger	n/a	n/a	106	n/a	n/a	n/a	n/a	n/a	n/a	n/a	n/a
5	4	155	possible_button_press	1030.3300416	0.0	response	n/a	n/a	n/a	n/a	n/a	n/a	n/a	m	m	1	1
5	4	155	fix_cross_after_trial	1030.3478146	0.894374766666715	fixation cross	n/a	n/a	94	1030.3478499999999	3.5399999887886224e-05	n/a	n/a	n/a	n/a	n/a	n/a
5	n/a	n/a	fix_cross_iti	1030.3478499999999	0.0	trigger	n/a	n/a	94	n/a	n/a	n/a	n/a	n/a	n/a	n/a	n/a
5	4	156	image	1031.3260007	0.7587195666667412	image	desk	desk_05.png	10	1031.3261694	0.00016870000013113895	n/a	n/a	n/a	n/a	1	n/a
5	n/a	n/a	image	1031.3261694	0.0	trigger	n/a	n/a	10	n/a	n/a	n/a	n/a	n/a	n/a	n/a	n/a
5	4	156	word	1032.1158275999999	0.9310594666667384	word	desk_en	n/a	110	1032.1163922	0.0005646000001888751	n/a	n/a	n/a	n/a	1	n/a
5	n/a	n/a	word	1032.1163922	0.0	trigger	n/a	n/a	110	n/a	n/a	n/a	n/a	n/a	n/a	n/a	n/a
5	4	156	possible_button_press	1033.5779941	0.0	response	n/a	n/a	n/a	n/a	n/a	n/a	n/a	m	m	1	1
5	4	156	fix_cross_after_trial	1033.6057449999998	0.9551649666668709	fixation cross	n/a	n/a	94	1033.6058361	9.110000019063591e-05	n/a	n/a	n/a	n/a	n/a	n/a
5	n/a	n/a	fix_cross_iti	1033.6058361	0.0	trigger	n/a	n/a	94	n/a	n/a	n/a	n/a	n/a	n/a	n/a	n/a
5	4	157	image	1034.6477862	0.7532466666666551	image	saw	saw_03.png	9	1034.6479897	0.00020349999999780266	n/a	n/a	n/a	n/a	1	n/a
5	n/a	n/a	image	1034.6479897	0.0	trigger	n/a	n/a	9	n/a	n/a	n/a	n/a	n/a	n/a	n/a	n/a
5	4	157	word	1035.410347	0.9660829666665904	word	saw_en	n/a	109	1035.4104054	5.8399999943503644e-05	n/a	n/a	n/a	n/a	1	n/a
5	n/a	n/a	word	1035.4104054	0.0	trigger	n/a	n/a	109	n/a	n/a	n/a	n/a	n/a	n/a	n/a	n/a
5	4	157	possible_button_press	1036.9252644	0.0	response	n/a	n/a	n/a	n/a	n/a	n/a	n/a	m	m	1	1
5	4	157	fix_cross_after_trial	1036.9514305	1.1263120666665145	fixation cross	n/a	n/a	94	1036.9514823	5.1799999937429675e-05	n/a	n/a	n/a	n/a	n/a	n/a
5	n/a	n/a	fix_cross_iti	1036.9514823	0.0	trigger	n/a	n/a	94	n/a	n/a	n/a	n/a	n/a	n/a	n/a	n/a
5	4	158	image	1038.1796499	0.7650644666666722	image	watch	watch_10.png	3	1038.1798807	0.0002308000000539323	n/a	n/a	n/a	n/a	1	n/a
5	n/a	n/a	image	1038.1798807	0.0	trigger	n/a	n/a	3	n/a	n/a	n/a	n/a	n/a	n/a	n/a	n/a
5	4	158	word	1038.9949801999999	0.9484029666666629	word	watch_en	n/a	103	1038.9950723	9.210000007442432e-05	n/a	n/a	n/a	n/a	1	n/a
5	n/a	n/a	word	1038.9950723	0.0	trigger	n/a	n/a	103	n/a	n/a	n/a	n/a	n/a	n/a	n/a	n/a
5	4	158	possible_button_press	1040.4572578	0.0	response	n/a	n/a	n/a	n/a	n/a	n/a	n/a	m	m	1	1
5	4	158	fix_cross_after_trial	1040.4839205	0.8050255666664725	fixation cross	n/a	n/a	94	1040.4839998	7.929999992484227e-05	n/a	n/a	n/a	n/a	n/a	n/a
5	n/a	n/a	fix_cross_iti	1040.4839998	0.0	trigger	n/a	n/a	94	n/a	n/a	n/a	n/a	n/a	n/a	n/a	n/a
5	4	159	image	1041.3635433	0.7601419666666516	image	ball	ball_08.png	8	1041.3636725	0.00012919999994664977	n/a	n/a	n/a	n/a	1	n/a
5	n/a	n/a	image	1041.3636725	0.0	trigger	n/a	n/a	8	n/a	n/a	n/a	n/a	n/a	n/a	n/a	n/a
5	4	159	word	1042.1255469999999	0.9705030666666516	word	ball_en	n/a	108	1042.1256263	7.930000015221594e-05	n/a	n/a	n/a	n/a	1	n/a
5	n/a	n/a	word	1042.1256263	0.0	trigger	n/a	n/a	108	n/a	n/a	n/a	n/a	n/a	n/a	n/a	n/a
5	4	159	possible_button_press	1043.6133381	0.0	response	n/a	n/a	n/a	n/a	n/a	n/a	n/a	m	m	1	1
5	4	159	fix_cross_after_trial	1043.623547	1.130093666666653	fixation cross	n/a	n/a	94	1043.6236319	8.490000004712783e-05	n/a	n/a	n/a	n/a	n/a	n/a
5	n/a	n/a	fix_cross_iti	1043.6236319	0.0	trigger	n/a	n/a	94	n/a	n/a	n/a	n/a	n/a	n/a	n/a	n/a
5	4	160	image	1044.860152	0.7611351666666906	image	watch	watch_01.png	3	1044.8603056	0.00015359999997599516	n/a	n/a	n/a	n/a	1	n/a
5	n/a	n/a	image	1044.8603056	0.0	trigger	n/a	n/a	3	n/a	n/a	n/a	n/a	n/a	n/a	n/a	n/a
5	4	160	word	1045.6387263	0.9488972666667905	word	watch_en	n/a	103	1045.6387891	6.280000002334418e-05	n/a	n/a	n/a	n/a	1	n/a
5	n/a	n/a	word	1045.6387891	0.0	trigger	n/a	n/a	103	n/a	n/a	n/a	n/a	n/a	n/a	n/a	n/a
5	4	160	possible_button_press	1047.1119222	0.0	response	n/a	n/a	n/a	n/a	n/a	n/a	n/a	m	m	1	1
5	4	160	fix_cross_after_trial	1047.1227721	1.2181443666665928	fixation cross	n/a	n/a	94	1047.122821	4.889999991064542e-05	n/a	n/a	n/a	n/a	n/a	n/a
5	n/a	n/a	fix_cross_iti	1047.122821	0.0	trigger	n/a	n/a	94	n/a	n/a	n/a	n/a	n/a	n/a	n/a	n/a
5	4	161	image	1048.4441069	0.7632160666667005	image	ball	ball_01.png	8	1048.4443094	0.00020250000011401426	n/a	n/a	n/a	n/a	1	n/a
5	n/a	n/a	image	1048.4443094	0.0	trigger	n/a	n/a	8	n/a	n/a	n/a	n/a	n/a	n/a	n/a	n/a
5	4	161	word	1049.2200321999999	0.9325706666668339	word	ball_en	n/a	108	1049.2200844	5.220000002736924e-05	n/a	n/a	n/a	n/a	1	n/a
5	n/a	n/a	word	1049.2200844	0.0	trigger	n/a	n/a	108	n/a	n/a	n/a	n/a	n/a	n/a	n/a	n/a
5	4	161	possible_button_press	1050.7093959	0.0	response	n/a	n/a	n/a	n/a	n/a	n/a	n/a	m	m	1	1
5	4	161	fix_cross_after_trial	1050.7195285	0.892069166666488	fixation cross	n/a	n/a	94	1050.7195609999999	3.249999986110197e-05	n/a	n/a	n/a	n/a	n/a	n/a
5	n/a	n/a	fix_cross_iti	1050.7195609999999	0.0	trigger	n/a	n/a	94	n/a	n/a	n/a	n/a	n/a	n/a	n/a	n/a
5	4	162	image	1051.6421745	0.7628897666666035	image	saw	saw_02.png	9	1051.6423022	0.00012769999989359349	n/a	n/a	n/a	n/a	1	n/a
5	n/a	n/a	image	1051.6423022	0.0	trigger	n/a	n/a	9	n/a	n/a	n/a	n/a	n/a	n/a	n/a	n/a
5	4	162	word	1052.4222462999999	0.9476546666667218	word	saw_en	n/a	109	1052.4222918	4.550000016934064e-05	n/a	n/a	n/a	n/a	1	n/a
5	n/a	n/a	word	1052.4222918	0.0	trigger	n/a	n/a	109	n/a	n/a	n/a	n/a	n/a	n/a	n/a	n/a
5	4	162	possible_button_press	1053.8951084	0.0	response	n/a	n/a	n/a	n/a	n/a	n/a	n/a	m	m	1	1
5	4	162	fix_cross_after_trial	1053.9053539	0.8490822666667555	fixation cross	n/a	n/a	94	1053.9053988	4.4900000148118124e-05	n/a	n/a	n/a	n/a	n/a	n/a
5	n/a	n/a	fix_cross_iti	1053.9053988	0.0	trigger	n/a	n/a	94	n/a	n/a	n/a	n/a	n/a	n/a	n/a	n/a
5	4	163	image	1054.8540501999998	0.763747666666859	image	ball	ball_10.png	8	1054.8541783	0.00012810000021090673	n/a	n/a	n/a	n/a	1	n/a
5	n/a	n/a	image	1054.8541783	0.0	trigger	n/a	n/a	8	n/a	n/a	n/a	n/a	n/a	n/a	n/a	n/a
5	4	163	word	1055.632924	0.9495643666666638	word	ball_en	n/a	108	1055.6329653999999	4.139999987273768e-05	n/a	n/a	n/a	n/a	1	n/a
5	n/a	n/a	word	1055.6329653999999	0.0	trigger	n/a	n/a	108	n/a	n/a	n/a	n/a	n/a	n/a	n/a	n/a
5	4	163	possible_button_press	1057.1049665	0.0	response	n/a	n/a	n/a	n/a	n/a	n/a	n/a	m	m	1	1
5	4	163	fix_cross_after_trial	1057.13326	0.8857837666664636	fixation cross	n/a	n/a	94	1057.1333009	4.089999993084348e-05	n/a	n/a	n/a	n/a	n/a	n/a
5	n/a	n/a	fix_cross_iti	1057.1333009	0.0	trigger	n/a	n/a	94	n/a	n/a	n/a	n/a	n/a	n/a	n/a	n/a
5	4	164	image	1058.0520084	0.7643685666666897	image	fan	fan_07.png	4	1058.0521753	0.0001669000000674714	n/a	n/a	n/a	n/a	1	n/a
5	n/a	n/a	image	1058.0521753	0.0	trigger	n/a	n/a	4	n/a	n/a	n/a	n/a	n/a	n/a	n/a	n/a
5	4	164	word	1058.8207504	0.9298777666665501	word	fan_en	n/a	104	1058.8208055999999	5.519999990610813e-05	n/a	n/a	n/a	n/a	1	n/a
5	n/a	n/a	word	1058.8208055999999	0.0	trigger	n/a	n/a	104	n/a	n/a	n/a	n/a	n/a	n/a	n/a	n/a
5	4	164	possible_button_press	1060.3234966	0.0	response	n/a	n/a	n/a	n/a	n/a	n/a	n/a	m	m	1	1
5	4	164	fix_cross_after_trial	1060.3383755	0.7958390666665309	fixation cross	n/a	n/a	94	1060.3384471	7.159999995565158e-05	n/a	n/a	n/a	n/a	n/a	n/a
5	n/a	n/a	fix_cross_iti	1060.3384471	0.0	trigger	n/a	n/a	94	n/a	n/a	n/a	n/a	n/a	n/a	n/a	n/a
5	4	165	image	1061.2078387	0.7609462666666786	image	roll	roll_09.png	6	1061.2081246999999	0.00028599999996004044	n/a	n/a	n/a	n/a	1	n/a
5	n/a	n/a	image	1061.2081246999999	0.0	trigger	n/a	n/a	6	n/a	n/a	n/a	n/a	n/a	n/a	n/a	n/a
5	4	165	word	1061.9953994999998	0.9226512666666622	word	roll_en	n/a	106	1061.9954633	6.380000013450626e-05	n/a	n/a	n/a	n/a	1	n/a
5	n/a	n/a	word	1061.9954633	0.0	trigger	n/a	n/a	106	n/a	n/a	n/a	n/a	n/a	n/a	n/a	n/a
5	4	165	possible_button_press	1063.4575568999999	0.0	response	n/a	n/a	n/a	n/a	n/a	n/a	n/a	m	m	1	1
5	4	165	fix_cross_after_trial	1063.4676984999999	1.1638929666667082	fixation cross	n/a	n/a	94	1063.4677697	7.120000009308569e-05	n/a	n/a	n/a	n/a	n/a	n/a
5	n/a	n/a	fix_cross_iti	1063.4677697	0.0	trigger	n/a	n/a	94	n/a	n/a	n/a	n/a	n/a	n/a	n/a	n/a
5	4	166	image	1064.7105744	0.7590186666666341	image	desk	desk_07.png	10	1064.7107248	0.00015039999993859965	n/a	n/a	n/a	n/a	1	n/a
5	n/a	n/a	image	1064.7107248	0.0	trigger	n/a	n/a	10	n/a	n/a	n/a	n/a	n/a	n/a	n/a	n/a
5	4	166	word	1065.4916899	0.9560374666666576	word	desk_en	n/a	110	1065.4917759	8.600000001024455e-05	n/a	n/a	n/a	n/a	1	n/a
5	n/a	n/a	word	1065.4917759	0.0	trigger	n/a	n/a	110	n/a	n/a	n/a	n/a	n/a	n/a	n/a	n/a
5	4	166	possible_button_press	1066.9670309	0.0	response	n/a	n/a	n/a	n/a	n/a	n/a	n/a	m	m	1	1
5	4	166	fix_cross_after_trial	1066.9879114	0.9930970666666781	fixation cross	n/a	n/a	94	1066.9879607	4.930000000058499e-05	n/a	n/a	n/a	n/a	n/a	n/a
5	n/a	n/a	fix_cross_iti	1066.9879607	0.0	trigger	n/a	n/a	94	n/a	n/a	n/a	n/a	n/a	n/a	n/a	n/a
5	4	167	image	1068.0725855	0.7495651666665708	image	bus	bus_06.png	7	1068.0726978	0.00011229999995521212	n/a	n/a	n/a	n/a	1	n/a
5	n/a	n/a	image	1068.0726978	0.0	trigger	n/a	n/a	7	n/a	n/a	n/a	n/a	n/a	n/a	n/a	n/a
5	4	167	word	1068.8317123	0.9732835666666233	word	bus_en	n/a	107	1068.8317839	7.159999995565158e-05	n/a	n/a	n/a	n/a	1	n/a
5	n/a	n/a	word	1068.8317839	0.0	trigger	n/a	n/a	107	n/a	n/a	n/a	n/a	n/a	n/a	n/a	n/a
5	4	167	possible_button_press	1070.3209054	0.0	response	n/a	n/a	n/a	n/a	n/a	n/a	n/a	m	m	1	1
5	4	167	fix_cross_after_trial	1070.3337345	1.227676266666549	fixation cross	n/a	n/a	94	1070.3338007	6.619999999202264e-05	n/a	n/a	n/a	n/a	n/a	n/a
5	n/a	n/a	fix_cross_iti	1070.3338007	0.0	trigger	n/a	n/a	94	n/a	n/a	n/a	n/a	n/a	n/a	n/a	n/a
5	4	168	image	1071.6751216999999	0.7713985666666758	image	desk	desk_06.png	10	1071.675282	0.00016030000006139744	n/a	n/a	n/a	n/a	0	n/a
5	n/a	n/a	image	1071.675282	0.0	trigger	n/a	n/a	10	n/a	n/a	n/a	n/a	n/a	n/a	n/a	n/a
5	4	168	word	1072.4618977999999	0.9459969666668258	word	suit_en	n/a	101	1072.4619797	8.190000016838894e-05	n/a	n/a	n/a	n/a	0	n/a
5	n/a	n/a	word	1072.4619797	0.0	trigger	n/a	n/a	101	n/a	n/a	n/a	n/a	n/a	n/a	n/a	n/a
5	4	168	feedback	1073.9617713999999	0.0	trigger	n/a	n/a	96	n/a	n/a	n/a	n/a	n/a	n/a	n/a	n/a
5	4	168	possible_button_press	1074.1658052999999	0.0	response	n/a	n/a	n/a	n/a	n/a	n/a	n/a	m	r	0	0
5	4	168	fix_cross_after_trial	1074.2000533	0.9984449666665114	fixation cross	n/a	n/a	94	1074.2001215999999	6.829999983892776e-05	n/a	n/a	n/a	n/a	n/a	n/a
5	n/a	n/a	fix_cross_iti	1074.2001215999999	0.0	trigger	n/a	n/a	94	n/a	n/a	n/a	n/a	n/a	n/a	n/a	n/a
5	4	169	image	1075.232276	0.7509074666666038	image	bell	bell_01.png	5	1075.232372	9.599999998499698e-05	n/a	n/a	n/a	n/a	1	n/a
5	n/a	n/a	image	1075.232372	0.0	trigger	n/a	n/a	5	n/a	n/a	n/a	n/a	n/a	n/a	n/a	n/a
5	4	169	word	1076.017063	0.948419766666575	word	bell_en	n/a	105	1076.0171311	6.809999990764481e-05	n/a	n/a	n/a	n/a	1	n/a
5	n/a	n/a	word	1076.0171311	0.0	trigger	n/a	n/a	105	n/a	n/a	n/a	n/a	n/a	n/a	n/a	n/a
5	4	169	possible_button_press	1077.4911348	0.0	response	n/a	n/a	n/a	n/a	n/a	n/a	n/a	m	m	1	1
5	4	169	fix_cross_after_trial	1077.5138384	1.01634346666674	fixation cross	n/a	n/a	94	1077.5139004999999	6.209999992279336e-05	n/a	n/a	n/a	n/a	n/a	n/a
5	n/a	n/a	fix_cross_iti	1077.5139004999999	0.0	trigger	n/a	n/a	94	n/a	n/a	n/a	n/a	n/a	n/a	n/a	n/a
5	4	170	image	1078.7382882	0.7584915666666348	image	fan	fan_06.png	4	1078.7384342	0.00014600000008613279	n/a	n/a	n/a	n/a	1	n/a
5	n/a	n/a	image	1078.7384342	0.0	trigger	n/a	n/a	4	n/a	n/a	n/a	n/a	n/a	n/a	n/a	n/a
5	4	170	word	1079.5138674	0.9131216666667115	word	fan_en	n/a	104	1079.5139348	6.740000003446767e-05	n/a	n/a	n/a	n/a	1	n/a
5	n/a	n/a	word	1079.5139348	0.0	trigger	n/a	n/a	104	n/a	n/a	n/a	n/a	n/a	n/a	n/a	n/a
5	4	170	possible_button_press	1080.9983919	0.0	response	n/a	n/a	n/a	n/a	n/a	n/a	n/a	m	m	1	1
5	4	170	fix_cross_after_trial	1081.0103685	1.1033475666667982	fixation cross	n/a	n/a	94	1081.0104628	9.430000000065775e-05	n/a	n/a	n/a	n/a	n/a	n/a
5	n/a	n/a	fix_cross_iti	1081.0104628	0.0	trigger	n/a	n/a	94	n/a	n/a	n/a	n/a	n/a	n/a	n/a	n/a
5	4	171	image	1082.2728439999998	0.755331466666803	image	bell	bell_09.png	5	1082.2731073999998	0.0002633999999943626	n/a	n/a	n/a	n/a	1	n/a
5	n/a	n/a	image	1082.2731073999998	0.0	trigger	n/a	n/a	5	n/a	n/a	n/a	n/a	n/a	n/a	n/a	n/a
5	4	171	word	1083.0431901	0.9315666666666402	word	bell_en	n/a	105	1083.0432334	4.330000001573353e-05	n/a	n/a	n/a	n/a	1	n/a
5	n/a	n/a	word	1083.0432334	0.0	trigger	n/a	n/a	105	n/a	n/a	n/a	n/a	n/a	n/a	n/a	n/a
5	4	171	possible_button_press	1084.5342011	0.0	response	n/a	n/a	n/a	n/a	n/a	n/a	n/a	m	m	1	1
5	4	171	fix_cross_after_trial	1084.5674351999999	0.8644646666666631	fixation cross	n/a	n/a	94	1084.5675909	0.00015570000005027396	n/a	n/a	n/a	n/a	n/a	n/a
5	n/a	n/a	fix_cross_iti	1084.5675909	0.0	trigger	n/a	n/a	94	n/a	n/a	n/a	n/a	n/a	n/a	n/a	n/a
5	4	172	image	1085.5164508	0.7766929666665874	image	suit	suit_10.png	1	1085.5166119	0.0001611000000139029	n/a	n/a	n/a	n/a	1	n/a
5	n/a	n/a	image	1085.5166119	0.0	trigger	n/a	n/a	1	n/a	n/a	n/a	n/a	n/a	n/a	n/a	n/a
5	4	172	word	1086.3085183	0.9156679666666605	word	suit_en	n/a	101	1086.308582	6.369999982780428e-05	n/a	n/a	n/a	n/a	1	n/a
5	n/a	n/a	word	1086.308582	0.0	trigger	n/a	n/a	101	n/a	n/a	n/a	n/a	n/a	n/a	n/a	n/a
5	4	172	possible_button_press	1087.7947791	0.0	response	n/a	n/a	n/a	n/a	n/a	n/a	n/a	m	m	1	1
5	4	172	fix_cross_after_trial	1087.8116023	0.9507038666665721	fixation cross	n/a	n/a	94	1087.8116384	3.609999998843705e-05	n/a	n/a	n/a	n/a	n/a	n/a
5	n/a	n/a	fix_cross_iti	1087.8116384	0.0	trigger	n/a	n/a	94	n/a	n/a	n/a	n/a	n/a	n/a	n/a	n/a
5	4	173	image	1088.8676971	0.7555497666667179	image	bottle	bottle_05.png	2	1088.8678977	0.0002005999999710184	n/a	n/a	n/a	n/a	1	n/a
5	n/a	n/a	image	1088.8678977	0.0	trigger	n/a	n/a	2	n/a	n/a	n/a	n/a	n/a	n/a	n/a	n/a
5	4	173	word	1089.6225851	0.9669541666667101	word	bottle_en	n/a	102	1089.6226656	8.04999999672873e-05	n/a	n/a	n/a	n/a	1	n/a
5	n/a	n/a	word	1089.6226656	0.0	trigger	n/a	n/a	102	n/a	n/a	n/a	n/a	n/a	n/a	n/a	n/a
5	4	173	possible_button_press	1091.1280732	0.0	response	n/a	n/a	n/a	n/a	n/a	n/a	n/a	m	m	1	1
5	4	173	fix_cross_after_trial	1091.1399589999999	1.0013786666668238	fixation cross	n/a	n/a	94	1091.1399946	3.5600000046542846e-05	n/a	n/a	n/a	n/a	n/a	n/a
5	n/a	n/a	fix_cross_iti	1091.1399946	0.0	trigger	n/a	n/a	94	n/a	n/a	n/a	n/a	n/a	n/a	n/a	n/a
5	4	174	image	1092.1952363999999	0.7680996666667852	image	watch	watch_06.png	3	1092.1953297999999	9.339999996882398e-05	n/a	n/a	n/a	n/a	0	n/a
5	n/a	n/a	image	1092.1953297999999	0.0	trigger	n/a	n/a	3	n/a	n/a	n/a	n/a	n/a	n/a	n/a	n/a
5	4	174	word	1092.972898	0.9676213666666627	word	bus_en	n/a	107	1092.9729382	4.020000005766633e-05	n/a	n/a	n/a	n/a	0	n/a
5	n/a	n/a	word	1092.9729382	0.0	trigger	n/a	n/a	107	n/a	n/a	n/a	n/a	n/a	n/a	n/a	n/a
5	4	174	feedback	1094.5107352	0.0	trigger	n/a	n/a	96	n/a	n/a	n/a	n/a	n/a	n/a	n/a	n/a
5	4	174	possible_button_press	1094.6828205	0.0	response	n/a	n/a	n/a	n/a	n/a	n/a	n/a	m	r	0	0
5	4	174	fix_cross_after_trial	1094.7041273	0.8543736666665609	fixation cross	n/a	n/a	94	1094.7041606999999	3.339999989293574e-05	n/a	n/a	n/a	n/a	n/a	n/a
5	n/a	n/a	fix_cross_iti	1094.7041606999999	0.0	trigger	n/a	n/a	94	n/a	n/a	n/a	n/a	n/a	n/a	n/a	n/a
5	4	175	image	1095.5936348999999	0.7734213666667529	image	saw	saw_05.png	9	1095.593747	0.00011210000002392917	n/a	n/a	n/a	n/a	1	n/a
5	n/a	n/a	image	1095.593747	0.0	trigger	n/a	n/a	9	n/a	n/a	n/a	n/a	n/a	n/a	n/a	n/a
5	4	175	word	1096.3937811	0.9277837666666073	word	saw_en	n/a	109	1096.3938623	8.119999984046444e-05	n/a	n/a	n/a	n/a	1	n/a
5	n/a	n/a	word	1096.3938623	0.0	trigger	n/a	n/a	109	n/a	n/a	n/a	n/a	n/a	n/a	n/a	n/a
5	4	175	possible_button_press	1097.8584004	0.0	response	n/a	n/a	n/a	n/a	n/a	n/a	n/a	m	m	1	1
5	4	175	fix_cross_after_trial	1097.8760226	0.9128073666665841	fixation cross	n/a	n/a	94	1097.8760674	4.4800000068789814e-05	n/a	n/a	n/a	n/a	n/a	n/a
5	n/a	n/a	fix_cross_iti	1097.8760674	0.0	trigger	n/a	n/a	94	n/a	n/a	n/a	n/a	n/a	n/a	n/a	n/a
5	4	176	image	1098.8637284	0.7596010666666189	image	ball	ball_02.png	8	1098.8638478999999	0.0001194999999825086	n/a	n/a	n/a	n/a	1	n/a
5	n/a	n/a	image	1098.8638478999999	0.0	trigger	n/a	n/a	8	n/a	n/a	n/a	n/a	n/a	n/a	n/a	n/a
5	4	176	word	1099.6399999999999	0.9317645666667431	word	ball_en	n/a	108	1099.6401028	0.00010280000014972757	n/a	n/a	n/a	n/a	1	n/a
5	n/a	n/a	word	1099.6401028	0.0	trigger	n/a	n/a	108	n/a	n/a	n/a	n/a	n/a	n/a	n/a	n/a
5	4	176	possible_button_press	1101.1248948	0.0	response	n/a	n/a	n/a	n/a	n/a	n/a	n/a	m	m	1	1
5	4	176	fix_cross_after_trial	1101.1377115	1.2449509666666927	fixation cross	n/a	n/a	94	1101.1377975	8.600000001024455e-05	n/a	n/a	n/a	n/a	n/a	n/a
5	n/a	n/a	fix_cross_iti	1101.1377975	0.0	trigger	n/a	n/a	94	n/a	n/a	n/a	n/a	n/a	n/a	n/a	n/a
5	4	177	image	1102.4912203	0.7497639666667055	image	watch	watch_02.png	3	1102.4913307	0.00011040000003958994	n/a	n/a	n/a	n/a	1	n/a
5	n/a	n/a	image	1102.4913307	0.0	trigger	n/a	n/a	3	n/a	n/a	n/a	n/a	n/a	n/a	n/a	n/a
5	4	177	word	1103.253985	0.9395723666666527	word	watch_en	n/a	103	1103.2540437999999	5.8799999806069536e-05	n/a	n/a	n/a	n/a	1	n/a
5	n/a	n/a	word	1103.2540437999999	0.0	trigger	n/a	n/a	103	n/a	n/a	n/a	n/a	n/a	n/a	n/a	n/a
5	4	177	possible_button_press	1104.7455333999999	0.0	response	n/a	n/a	n/a	n/a	n/a	n/a	n/a	m	m	1	1
5	4	177	fix_cross_after_trial	1104.7600079	0.8161123666666299	fixation cross	n/a	n/a	94	1104.7600736	6.570000005012844e-05	n/a	n/a	n/a	n/a	n/a	n/a
5	n/a	n/a	fix_cross_iti	1104.7600736	0.0	trigger	n/a	n/a	94	n/a	n/a	n/a	n/a	n/a	n/a	n/a	n/a
5	4	178	image	1105.6581116	0.7557539666665889	image	suit	suit_01.png	1	1105.6583501	0.000238500000023123	n/a	n/a	n/a	n/a	1	n/a
5	n/a	n/a	image	1105.6583501	0.0	trigger	n/a	n/a	1	n/a	n/a	n/a	n/a	n/a	n/a	n/a	n/a
5	4	178	word	1106.4221877999998	0.9522974666667778	word	suit_en	n/a	101	1106.4222544	6.660000008196221e-05	n/a	n/a	n/a	n/a	1	n/a
5	n/a	n/a	word	1106.4222544	0.0	trigger	n/a	n/a	101	n/a	n/a	n/a	n/a	n/a	n/a	n/a	n/a
5	4	178	possible_button_press	1107.9088229	0.0	response	n/a	n/a	n/a	n/a	n/a	n/a	n/a	m	m	1	1
5	4	178	fix_cross_after_trial	1107.9227889	1.0662919666667676	fixation cross	n/a	n/a	94	1107.9228266999999	3.779999997277628e-05	n/a	n/a	n/a	n/a	n/a	n/a
5	n/a	n/a	fix_cross_iti	1107.9228266999999	0.0	trigger	n/a	n/a	94	n/a	n/a	n/a	n/a	n/a	n/a	n/a	n/a
5	4	179	image	1109.051599	0.773045566666724	image	bottle	bottle_06.png	2	1109.0517501	0.00015110000003915047	n/a	n/a	n/a	n/a	1	n/a
5	n/a	n/a	image	1109.0517501	0.0	trigger	n/a	n/a	2	n/a	n/a	n/a	n/a	n/a	n/a	n/a	n/a
5	4	179	word	1109.8549604	0.9763783666667223	word	bottle_en	n/a	102	1109.8550073	4.6899999915694934e-05	n/a	n/a	n/a	n/a	1	n/a
5	n/a	n/a	word	1109.8550073	0.0	trigger	n/a	n/a	102	n/a	n/a	n/a	n/a	n/a	n/a	n/a	n/a
5	4	179	possible_button_press	1111.3398806999999	0.0	response	n/a	n/a	n/a	n/a	n/a	n/a	n/a	m	m	1	1
5	4	179	fix_cross_after_trial	1111.3730782999999	0.9195351666667193	fixation cross	n/a	n/a	94	1111.3731455	6.720000010318472e-05	n/a	n/a	n/a	n/a	n/a	n/a
5	n/a	n/a	fix_cross_iti	1111.3731455	0.0	trigger	n/a	n/a	94	n/a	n/a	n/a	n/a	n/a	n/a	n/a	n/a
5	4	180	image	1112.4888276	0.7674759666667796	image	fan	fan_08.png	4	1112.4890563	0.0002286999999796535	n/a	n/a	n/a	n/a	1	n/a
5	n/a	n/a	image	1112.4890563	0.0	trigger	n/a	n/a	4	n/a	n/a	n/a	n/a	n/a	n/a	n/a	n/a
5	4	180	word	1113.2858019999999	0.9286434666666992	word	fan_en	n/a	104	1113.2859588	0.00015680000001339067	n/a	n/a	n/a	n/a	1	n/a
5	n/a	n/a	word	1113.2859588	0.0	trigger	n/a	n/a	104	n/a	n/a	n/a	n/a	n/a	n/a	n/a	n/a
5	4	180	possible_button_press	1114.7802446	0.0	response	n/a	n/a	n/a	n/a	n/a	n/a	n/a	m	m	1	1
5	4	180	fix_cross_after_trial	1114.8031201	0.8492027666666218	fixation cross	n/a	n/a	94	1114.8032256	0.0001055000000178552	n/a	n/a	n/a	n/a	n/a	n/a
5	n/a	n/a	fix_cross_iti	1114.8032256	0.0	trigger	n/a	n/a	94	n/a	n/a	n/a	n/a	n/a	n/a	n/a	n/a
5	4	181	image	1115.8353204999999	0.7536057666668512	image	roll	roll_04.png	6	1115.8354926	0.0001721000000998174	n/a	n/a	n/a	n/a	1	n/a
5	n/a	n/a	image	1115.8354926	0.0	trigger	n/a	n/a	6	n/a	n/a	n/a	n/a	n/a	n/a	n/a	n/a
5	4	181	word	1116.6257183	0.9435982666666405	word	roll_en	n/a	106	1116.6258436	0.0001253000000360771	n/a	n/a	n/a	n/a	1	n/a
5	n/a	n/a	word	1116.6258436	0.0	trigger	n/a	n/a	106	n/a	n/a	n/a	n/a	n/a	n/a	n/a	n/a
5	4	181	possible_button_press	1118.0773957	0.0	response	n/a	n/a	n/a	n/a	n/a	n/a	n/a	m	m	1	1
5	4	181	fix_cross_after_trial	1118.1072513	0.9451037666667617	fixation cross	n/a	n/a	94	1118.1073403999999	8.909999996831175e-05	n/a	n/a	n/a	n/a	n/a	n/a
5	n/a	n/a	fix_cross_iti	1118.1073403999999	0.0	trigger	n/a	n/a	94	n/a	n/a	n/a	n/a	n/a	n/a	n/a	n/a
5	4	182	image	1119.1516124	0.7538166666665802	image	bell	bell_02.png	5	1119.151866	0.0002535999999508931	n/a	n/a	n/a	n/a	1	n/a
5	n/a	n/a	image	1119.151866	0.0	trigger	n/a	n/a	5	n/a	n/a	n/a	n/a	n/a	n/a	n/a	n/a
5	4	182	word	1119.9293867	0.9518135666667149	word	bell_en	n/a	105	1119.9295179	0.00013120000016897393	n/a	n/a	n/a	n/a	1	n/a
5	n/a	n/a	word	1119.9295179	0.0	trigger	n/a	n/a	105	n/a	n/a	n/a	n/a	n/a	n/a	n/a	n/a
5	4	182	possible_button_press	1121.4146808	0.0	response	n/a	n/a	n/a	n/a	n/a	n/a	n/a	m	m	1	1
5	4	182	fix_cross_after_trial	1121.4459299	0.9032236666666904	fixation cross	n/a	n/a	94	1121.4459785	4.859999990003416e-05	n/a	n/a	n/a	n/a	n/a	n/a
5	n/a	n/a	fix_cross_iti	1121.4459785	0.0	trigger	n/a	n/a	94	n/a	n/a	n/a	n/a	n/a	n/a	n/a	n/a
5	4	183	image	1122.4399469	0.7778185666666104	image	desk	desk_08.png	10	1122.4402893	0.0003423999999085936	n/a	n/a	n/a	n/a	1	n/a
5	n/a	n/a	image	1122.4402893	0.0	trigger	n/a	n/a	10	n/a	n/a	n/a	n/a	n/a	n/a	n/a	n/a
5	4	183	word	1123.2382572	1.0093063666668058	word	desk_en	n/a	110	1123.2383442	8.700000012140663e-05	n/a	n/a	n/a	n/a	1	n/a
5	n/a	n/a	word	1123.2383442	0.0	trigger	n/a	n/a	110	n/a	n/a	n/a	n/a	n/a	n/a	n/a	n/a
5	4	183	possible_button_press	1124.7224987	0.0	response	n/a	n/a	n/a	n/a	n/a	n/a	n/a	m	m	1	1
5	4	183	fix_cross_after_trial	1124.7334146	1.0135652666665464	fixation cross	n/a	n/a	94	1124.7334759999999	6.139999982224253e-05	n/a	n/a	n/a	n/a	n/a	n/a
5	n/a	n/a	fix_cross_iti	1124.7334759999999	0.0	trigger	n/a	n/a	94	n/a	n/a	n/a	n/a	n/a	n/a	n/a	n/a
5	4	184	image	1126.0030274	0.7659965666664448	image	saw	saw_04.png	9	1126.0033761	0.0003486999999040563	n/a	n/a	n/a	n/a	1	n/a
5	n/a	n/a	image	1126.0033761	0.0	trigger	n/a	n/a	9	n/a	n/a	n/a	n/a	n/a	n/a	n/a	n/a
5	4	184	word	1126.8069894	0.9426746666665622	word	saw_en	n/a	109	1126.8072364	0.00024699999994481914	n/a	n/a	n/a	n/a	1	n/a
5	n/a	n/a	word	1126.8072364	0.0	trigger	n/a	n/a	109	n/a	n/a	n/a	n/a	n/a	n/a	n/a	n/a
5	4	184	possible_button_press	1128.2666635	0.0	response	n/a	n/a	n/a	n/a	n/a	n/a	n/a	m	m	1	1
5	4	184	fix_cross_after_trial	1128.2841888	0.8469601666665767	fixation cross	n/a	n/a	94	1128.2842982	0.00010939999992842786	n/a	n/a	n/a	n/a	n/a	n/a
5	n/a	n/a	fix_cross_iti	1128.2842982	0.0	trigger	n/a	n/a	94	n/a	n/a	n/a	n/a	n/a	n/a	n/a	n/a
5	4	185	image	1129.3238129	0.7755096333332858	image	fan	fan_01.png	4	1129.3243107	0.00049780000017563	n/a	n/a	n/a	n/a	0	n/a
5	n/a	n/a	image	1129.3243107	0.0	trigger	n/a	n/a	4	n/a	n/a	n/a	n/a	n/a	n/a	n/a	n/a
5	4	185	word	1130.1127910999999	0.9555216666667548	word	suit_en	n/a	101	1130.1128793	8.820000016385166e-05	n/a	n/a	n/a	n/a	0	n/a
5	n/a	n/a	word	1130.1128793	0.0	trigger	n/a	n/a	101	n/a	n/a	n/a	n/a	n/a	n/a	n/a	n/a
5	4	185	feedback	1131.6711186	0.0	trigger	n/a	n/a	96	n/a	n/a	n/a	n/a	n/a	n/a	n/a	n/a
5	4	185	possible_button_press	1131.8639858	0.0	response	n/a	n/a	n/a	n/a	n/a	n/a	n/a	m	r	0	0
5	4	185	fix_cross_after_trial	1131.9499650999999	1.0719945666667172	fixation cross	n/a	n/a	94	1131.9500599	9.480000016992562e-05	n/a	n/a	n/a	n/a	n/a	n/a
5	n/a	n/a	fix_cross_iti	1131.9500599	0.0	trigger	n/a	n/a	94	n/a	n/a	n/a	n/a	n/a	n/a	n/a	n/a
5	4	186	image	1133.2861593999999	0.7625961666667536	image	bell	bell_06.png	5	1133.2863897	0.0002303000001120381	n/a	n/a	n/a	n/a	1	n/a
5	n/a	n/a	image	1133.2863897	0.0	trigger	n/a	n/a	5	n/a	n/a	n/a	n/a	n/a	n/a	n/a	n/a
5	4	186	word	1134.0742138	0.938194966666515	word	bell_en	n/a	105	1134.0743446	0.0001307999998516607	n/a	n/a	n/a	n/a	1	n/a
5	n/a	n/a	word	1134.0743446	0.0	trigger	n/a	n/a	105	n/a	n/a	n/a	n/a	n/a	n/a	n/a	n/a
5	4	186	possible_button_press	1135.566714	0.0	response	n/a	n/a	n/a	n/a	n/a	n/a	n/a	m	m	1	1
5	4	186	fix_cross_after_trial	1135.5847693	0.9623187666666126	fixation cross	n/a	n/a	94	1135.5849025999999	0.00013329999978850537	n/a	n/a	n/a	n/a	n/a	n/a
5	n/a	n/a	fix_cross_iti	1135.5849025999999	0.0	trigger	n/a	n/a	94	n/a	n/a	n/a	n/a	n/a	n/a	n/a	n/a
5	4	187	image	1136.5766435	0.7675451666666504	image	bottle	bottle_01.png	2	1136.5767548	0.00011129999984405003	n/a	n/a	n/a	n/a	1	n/a
5	n/a	n/a	image	1136.5767548	0.0	trigger	n/a	n/a	2	n/a	n/a	n/a	n/a	n/a	n/a	n/a	n/a
5	4	187	word	1137.3623255999998	0.9629318666668496	word	bottle_en	n/a	102	1137.3624303	0.00010470000006534974	n/a	n/a	n/a	n/a	1	n/a
5	n/a	n/a	word	1137.3624303	0.0	trigger	n/a	n/a	102	n/a	n/a	n/a	n/a	n/a	n/a	n/a	n/a
5	4	187	possible_button_press	1138.8358498999999	0.0	response	n/a	n/a	n/a	n/a	n/a	n/a	n/a	m	m	1	1
5	4	187	fix_cross_after_trial	1138.8817308	1.0637161666666088	fixation cross	n/a	n/a	94	1138.8818463	0.00011549999999260763	n/a	n/a	n/a	n/a	n/a	n/a
5	n/a	n/a	fix_cross_iti	1138.8818463	0.0	trigger	n/a	n/a	94	n/a	n/a	n/a	n/a	n/a	n/a	n/a	n/a
5	4	188	image	1139.982669	0.7563606666665237	image	saw	saw_08.png	9	1139.9827593	9.030000001075678e-05	n/a	n/a	n/a	n/a	1	n/a
5	n/a	n/a	image	1139.9827593	0.0	trigger	n/a	n/a	9	n/a	n/a	n/a	n/a	n/a	n/a	n/a	n/a
5	4	188	word	1140.7454091	0.9507917666667254	word	saw_en	n/a	109	1140.7454505	4.1400000100111356e-05	n/a	n/a	n/a	n/a	1	n/a
5	n/a	n/a	word	1140.7454505	0.0	trigger	n/a	n/a	109	n/a	n/a	n/a	n/a	n/a	n/a	n/a	n/a
5	4	188	possible_button_press	1142.2377601	0.0	response	n/a	n/a	n/a	n/a	n/a	n/a	n/a	m	m	1	1
5	4	188	fix_cross_after_trial	1142.2620095	0.9068283666665593	fixation cross	n/a	n/a	94	1142.2620528999998	4.3399999867688166e-05	n/a	n/a	n/a	n/a	n/a	n/a
5	n/a	n/a	fix_cross_iti	1142.2620528999998	0.0	trigger	n/a	n/a	94	n/a	n/a	n/a	n/a	n/a	n/a	n/a	n/a
5	4	189	image	1143.2337416999999	0.7616262666667808	image	bus	bus_09.png	7	1143.2339783	0.00023660000010750082	n/a	n/a	n/a	n/a	1	n/a
5	n/a	n/a	image	1143.2339783	0.0	trigger	n/a	n/a	7	n/a	n/a	n/a	n/a	n/a	n/a	n/a	n/a
5	4	189	word	1144.0087451	0.9692059666667774	word	bus_en	n/a	107	1144.008877	0.00013190000004215108	n/a	n/a	n/a	n/a	1	n/a
5	n/a	n/a	word	1144.008877	0.0	trigger	n/a	n/a	107	n/a	n/a	n/a	n/a	n/a	n/a	n/a	n/a
5	4	189	possible_button_press	1145.4946528	0.0	response	n/a	n/a	n/a	n/a	n/a	n/a	n/a	m	m	1	1
5	4	189	fix_cross_after_trial	1145.5113466	0.9211616666666487	fixation cross	n/a	n/a	94	1145.5113993	5.2699999969263445e-05	n/a	n/a	n/a	n/a	n/a	n/a
5	n/a	n/a	fix_cross_iti	1145.5113993	0.0	trigger	n/a	n/a	94	n/a	n/a	n/a	n/a	n/a	n/a	n/a	n/a
5	4	190	image	1146.4801484	0.7658089666665546	image	ball	ball_06.png	8	1146.4802946	0.00014620000001741573	n/a	n/a	n/a	n/a	1	n/a
5	n/a	n/a	image	1146.4802946	0.0	trigger	n/a	n/a	8	n/a	n/a	n/a	n/a	n/a	n/a	n/a	n/a
5	4	190	word	1147.2543335999999	0.9560987666666279	word	ball_en	n/a	108	1147.2544103999999	7.679999998799758e-05	n/a	n/a	n/a	n/a	1	n/a
5	n/a	n/a	word	1147.2544103999999	0.0	trigger	n/a	n/a	108	n/a	n/a	n/a	n/a	n/a	n/a	n/a	n/a
5	4	190	possible_button_press	1148.7352372999999	0.0	response	n/a	n/a	n/a	n/a	n/a	n/a	n/a	m	m	1	1
5	4	190	fix_cross_after_trial	1148.7591802	0.8444823666666252	fixation cross	n/a	n/a	94	1148.7592528	7.260000006681366e-05	n/a	n/a	n/a	n/a	n/a	n/a
5	n/a	n/a	fix_cross_iti	1148.7592528	0.0	trigger	n/a	n/a	94	n/a	n/a	n/a	n/a	n/a	n/a	n/a	n/a
5	4	191	image	1149.6570869	0.7818531666666786	image	fan	fan_09.png	4	1149.6572297	0.00014280000004873727	n/a	n/a	n/a	n/a	1	n/a
5	n/a	n/a	image	1149.6572297	0.0	trigger	n/a	n/a	4	n/a	n/a	n/a	n/a	n/a	n/a	n/a	n/a
5	4	191	word	1150.4392765999999	0.952937166666743	word	fan_en	n/a	104	1150.4393425	6.590000020878506e-05	n/a	n/a	n/a	n/a	1	n/a
5	n/a	n/a	word	1150.4393425	0.0	trigger	n/a	n/a	104	n/a	n/a	n/a	n/a	n/a	n/a	n/a	n/a
5	4	191	possible_button_press	1151.9642122	0.0	response	n/a	n/a	n/a	n/a	n/a	n/a	n/a	m	m	1	1
5	4	191	fix_cross_after_trial	1151.9717180999999	1.007653966666794	fixation cross	n/a	n/a	94	1151.9717685	5.040000019107538e-05	n/a	n/a	n/a	n/a	n/a	n/a
5	n/a	n/a	fix_cross_iti	1151.9717685	0.0	trigger	n/a	n/a	94	n/a	n/a	n/a	n/a	n/a	n/a	n/a	n/a
5	4	192	image	1153.075139	0.7698247666664884	image	suit	suit_09.png	1	1153.0753751	0.00023609999993823294	n/a	n/a	n/a	n/a	1	n/a
5	n/a	n/a	image	1153.0753751	0.0	trigger	n/a	n/a	1	n/a	n/a	n/a	n/a	n/a	n/a	n/a	n/a
5	4	192	word	1153.8674988	0.9106962666664913	word	suit_en	n/a	101	1153.8675599	6.110000003900495e-05	n/a	n/a	n/a	n/a	1	n/a
5	n/a	n/a	word	1153.8675599	0.0	trigger	n/a	n/a	101	n/a	n/a	n/a	n/a	n/a	n/a	n/a	n/a
5	4	192	possible_button_press	1155.342575	0.0	response	n/a	n/a	n/a	n/a	n/a	n/a	n/a	m	m	1	1
5	4	192	fix_cross_after_trial	1155.3603625	0.9720074666665823	fixation cross	n/a	n/a	94	1155.3604086999999	4.619999981514411e-05	n/a	n/a	n/a	n/a	n/a	n/a
5	n/a	n/a	fix_cross_iti	1155.3604086999999	0.0	trigger	n/a	n/a	94	n/a	n/a	n/a	n/a	n/a	n/a	n/a	n/a
5	4	193	image	1156.4465585	0.7608732666665219	image	bus	bus_03.png	7	1156.4467058	0.00014729999998053245	n/a	n/a	n/a	n/a	1	n/a
5	n/a	n/a	image	1156.4467058	0.0	trigger	n/a	n/a	7	n/a	n/a	n/a	n/a	n/a	n/a	n/a	n/a
5	4	193	word	1157.2245125	0.9783560666667199	word	bus_en	n/a	107	1157.2246351	0.0001225999999405758	n/a	n/a	n/a	n/a	1	n/a
5	n/a	n/a	word	1157.2246351	0.0	trigger	n/a	n/a	107	n/a	n/a	n/a	n/a	n/a	n/a	n/a	n/a
5	4	193	possible_button_press	1158.6993814999998	0.0	response	n/a	n/a	n/a	n/a	n/a	n/a	n/a	m	m	1	1
5	4	193	fix_cross_after_trial	1158.7308991	1.1712936666665428	fixation cross	n/a	n/a	94	1158.7309747	7.559999994555255e-05	n/a	n/a	n/a	n/a	n/a	n/a
5	n/a	n/a	fix_cross_iti	1158.7309747	0.0	trigger	n/a	n/a	94	n/a	n/a	n/a	n/a	n/a	n/a	n/a	n/a
5	4	194	image	1160.0313498	0.7560609666666096	image	bell	bell_07.png	5	1160.0316026	0.00025279999999838765	n/a	n/a	n/a	n/a	1	n/a
5	n/a	n/a	image	1160.0316026	0.0	trigger	n/a	n/a	5	n/a	n/a	n/a	n/a	n/a	n/a	n/a	n/a
5	4	194	word	1160.8268925	0.9087084666666669	word	bell_en	n/a	105	1160.8269436	5.1100000064252526e-05	n/a	n/a	n/a	n/a	1	n/a
5	n/a	n/a	word	1160.8269436	0.0	trigger	n/a	n/a	105	n/a	n/a	n/a	n/a	n/a	n/a	n/a	n/a
5	4	194	possible_button_press	1162.3175764999999	0.0	response	n/a	n/a	n/a	n/a	n/a	n/a	n/a	m	m	1	1
5	4	194	fix_cross_after_trial	1162.3394788	1.210166266666647	fixation cross	n/a	n/a	94	1162.3395709	9.209999984705064e-05	n/a	n/a	n/a	n/a	n/a	n/a
5	n/a	n/a	fix_cross_iti	1162.3395709	0.0	trigger	n/a	n/a	94	n/a	n/a	n/a	n/a	n/a	n/a	n/a	n/a
5	4	195	image	1163.6243797	0.7675248666666903	image	bottle	bottle_10.png	2	1163.6246386	0.0002589000000625674	n/a	n/a	n/a	n/a	1	n/a
5	n/a	n/a	image	1163.6246386	0.0	trigger	n/a	n/a	2	n/a	n/a	n/a	n/a	n/a	n/a	n/a	n/a
5	4	195	word	1164.4140158	0.9568528666666225	word	bottle_en	n/a	102	1164.4140932999999	7.749999986117473e-05	n/a	n/a	n/a	n/a	1	n/a
5	n/a	n/a	word	1164.4140932999999	0.0	trigger	n/a	n/a	102	n/a	n/a	n/a	n/a	n/a	n/a	n/a	n/a
5	4	195	possible_button_press	1165.8926687	0.0	response	n/a	n/a	n/a	n/a	n/a	n/a	n/a	m	m	1	1
5	4	195	fix_cross_after_trial	1165.9176651999999	1.0247211666667226	fixation cross	n/a	n/a	94	1165.9177316	6.640000015067926e-05	n/a	n/a	n/a	n/a	n/a	n/a
5	n/a	n/a	fix_cross_iti	1165.9177316	0.0	trigger	n/a	n/a	94	n/a	n/a	n/a	n/a	n/a	n/a	n/a	n/a
5	4	196	image	1167.0539684999999	0.750194566666778	image	suit	suit_04.png	1	1167.0541543	0.00018580000005385955	n/a	n/a	n/a	n/a	0	n/a
5	n/a	n/a	image	1167.0541543	0.0	trigger	n/a	n/a	1	n/a	n/a	n/a	n/a	n/a	n/a	n/a	n/a
5	4	196	word	1167.8166365	0.9876072666666005	word	bus_en	n/a	107	1167.8166936	5.710000004910398e-05	n/a	n/a	n/a	n/a	0	n/a
5	n/a	n/a	word	1167.8166936	0.0	trigger	n/a	n/a	107	n/a	n/a	n/a	n/a	n/a	n/a	n/a	n/a
5	4	196	feedback	1169.3169668	0.0	trigger	n/a	n/a	96	n/a	n/a	n/a	n/a	n/a	n/a	n/a	n/a
5	4	196	possible_button_press	1169.5237362	0.0	response	n/a	n/a	n/a	n/a	n/a	n/a	n/a	m	r	0	0
5	4	196	fix_cross_after_trial	1169.5356497999999	0.8240580666667938	fixation cross	n/a	n/a	94	1169.5357105	6.070000017643906e-05	n/a	n/a	n/a	n/a	n/a	n/a
5	n/a	n/a	fix_cross_iti	1169.5357105	0.0	trigger	n/a	n/a	94	n/a	n/a	n/a	n/a	n/a	n/a	n/a	n/a
5	4	197	image	1170.483278	0.7583767666667427	image	watch	watch_07.png	3	1170.4834179	0.00013990000002195302	n/a	n/a	n/a	n/a	1	n/a
5	n/a	n/a	image	1170.4834179	0.0	trigger	n/a	n/a	3	n/a	n/a	n/a	n/a	n/a	n/a	n/a	n/a
5	4	197	word	1171.2908362	0.939589766666586	word	watch_en	n/a	103	1171.2909492	0.00011299999982838926	n/a	n/a	n/a	n/a	1	n/a
5	n/a	n/a	word	1171.2909492	0.0	trigger	n/a	n/a	103	n/a	n/a	n/a	n/a	n/a	n/a	n/a	n/a
5	4	197	possible_button_press	1172.7479634	0.0	response	n/a	n/a	n/a	n/a	n/a	n/a	n/a	m	m	1	1
5	4	197	fix_cross_after_trial	1172.7754507	1.0827697666666154	fixation cross	n/a	n/a	94	1172.775755	0.00030429999992520607	n/a	n/a	n/a	n/a	n/a	n/a
5	n/a	n/a	fix_cross_iti	1172.775755	0.0	trigger	n/a	n/a	94	n/a	n/a	n/a	n/a	n/a	n/a	n/a	n/a
5	4	198	image	1173.9547271	0.7658231666666779	image	roll	roll_05.png	6	1173.9548694	0.00014230000010684307	n/a	n/a	n/a	n/a	1	n/a
5	n/a	n/a	image	1173.9548694	0.0	trigger	n/a	n/a	6	n/a	n/a	n/a	n/a	n/a	n/a	n/a	n/a
5	4	198	word	1174.7424827	0.9382334666665884	word	roll_en	n/a	106	1174.7427825	0.0002997999999934109	n/a	n/a	n/a	n/a	1	n/a
5	n/a	n/a	word	1174.7427825	0.0	trigger	n/a	n/a	106	n/a	n/a	n/a	n/a	n/a	n/a	n/a	n/a
5	4	198	possible_button_press	1176.2114124	0.0	response	n/a	n/a	n/a	n/a	n/a	n/a	n/a	m	m	1	1
5	4	198	fix_cross_after_trial	1176.2349876	0.9100902666664297	fixation cross	n/a	n/a	94	1176.2350721	8.449999995718827e-05	n/a	n/a	n/a	n/a	n/a	n/a
5	n/a	n/a	fix_cross_iti	1176.2350721	0.0	trigger	n/a	n/a	94	n/a	n/a	n/a	n/a	n/a	n/a	n/a	n/a
5	4	199	image	1177.2236097999998	0.7670102666668299	image	bus	bus_02.png	7	1177.2237430999999	0.00013330000001587905	n/a	n/a	n/a	n/a	1	n/a
5	n/a	n/a	image	1177.2237430999999	0.0	trigger	n/a	n/a	7	n/a	n/a	n/a	n/a	n/a	n/a	n/a	n/a
5	4	199	word	1178.0048026	0.9758695666666881	word	bus_en	n/a	107	1178.0048543999999	5.1799999937429675e-05	n/a	n/a	n/a	n/a	1	n/a
5	n/a	n/a	word	1178.0048543999999	0.0	trigger	n/a	n/a	107	n/a	n/a	n/a	n/a	n/a	n/a	n/a	n/a
5	4	199	possible_button_press	1179.5013299	0.0	response	n/a	n/a	n/a	n/a	n/a	n/a	n/a	m	m	1	1
5	4	199	fix_cross_after_trial	1179.5155623	1.101803766666535	fixation cross	n/a	n/a	94	1179.5156436	8.129999991979275e-05	n/a	n/a	n/a	n/a	n/a	n/a
5	n/a	n/a	fix_cross_iti	1179.5156436	0.0	trigger	n/a	n/a	94	n/a	n/a	n/a	n/a	n/a	n/a	n/a	n/a
5	4	200	image	1180.6882375	0.7763892666666834	image	roll	roll_06.png	6	1180.688359	0.00012149999997745908	n/a	n/a	n/a	n/a	1	n/a
5	n/a	n/a	image	1180.688359	0.0	trigger	n/a	n/a	6	n/a	n/a	n/a	n/a	n/a	n/a	n/a	n/a
5	4	200	word	1181.485379	0.9537867666665534	word	roll_en	n/a	106	1181.485504	0.00012500000002546585	n/a	n/a	n/a	n/a	1	n/a
5	n/a	n/a	word	1181.485504	0.0	trigger	n/a	n/a	106	n/a	n/a	n/a	n/a	n/a	n/a	n/a	n/a
5	4	200	possible_button_press	1182.9729593	0.0	response	n/a	n/a	n/a	n/a	n/a	n/a	n/a	m	m	1	1
5	4	200	fix_cross_after_trial	1183.0042266	1.0596764666665877	fixation cross	n/a	n/a	94	1183.0042786	5.199999986871262e-05	n/a	n/a	n/a	n/a	n/a	n/a
5	n/a	n/a	fix_cross_iti	1183.0042786	0.0	trigger	n/a	n/a	94	n/a	n/a	n/a	n/a	n/a	n/a	n/a	n/a
5	4	200	break_instruction	1184.0781915999999	15.011369266666861	break	n/a	n/a	81	1184.0782443	5.270000019663712e-05	n/a	n/a	n/a	n/a	n/a	n/a
5	n/a	n/a	break_start	1184.0782443	0.0	trigger	n/a	n/a	81	n/a	n/a	n/a	n/a	n/a	n/a	n/a	n/a
5	n/a	n/a	break_end	1292.2059212000001	0.0	trigger	n/a	n/a	82	n/a	n/a	n/a	n/a	n/a	n/a	n/a	n/a
5	5	201	image	1292.3298593000002	0.7696203666662313	image	ball	ball_07.png	8	1292.3299684	0.0001090999999178166	n/a	n/a	n/a	n/a	1	n/a
5	n/a	n/a	image	1292.3299684	0.0	trigger	n/a	n/a	8	n/a	n/a	n/a	n/a	n/a	n/a	n/a	n/a
5	5	201	word	1293.116742	0.9300730666666368	word	ball_en	n/a	108	1293.1168698999998	0.00012789999982487643	n/a	n/a	n/a	n/a	1	n/a
5	n/a	n/a	word	1293.1168698999998	0.0	trigger	n/a	n/a	108	n/a	n/a	n/a	n/a	n/a	n/a	n/a	n/a
5	5	201	possible_button_press	1294.6025349	0.0	response	n/a	n/a	n/a	n/a	n/a	n/a	n/a	m	m	1	1
5	5	201	fix_cross_after_trial	1294.6329749999998	1.0683997666667437	fixation cross	n/a	n/a	94	1294.6331131999998	0.0001382000000376138	n/a	n/a	n/a	n/a	n/a	n/a
5	n/a	n/a	fix_cross_iti	1294.6331131999998	0.0	trigger	n/a	n/a	94	n/a	n/a	n/a	n/a	n/a	n/a	n/a	n/a
5	5	202	image	1295.8131376999997	0.7711353666670675	image	fan	fan_09.png	4	1295.8133887000001	0.00025100000038946746	n/a	n/a	n/a	n/a	1	n/a
5	n/a	n/a	image	1295.8133887000001	0.0	trigger	n/a	n/a	4	n/a	n/a	n/a	n/a	n/a	n/a	n/a	n/a
5	5	202	word	1296.6132074	0.9169447666665747	word	fan_en	n/a	104	1296.6133004	9.300000010625808e-05	n/a	n/a	n/a	n/a	1	n/a
5	n/a	n/a	word	1296.6133004	0.0	trigger	n/a	n/a	104	n/a	n/a	n/a	n/a	n/a	n/a	n/a	n/a
5	5	202	possible_button_press	1298.0756238000001	0.0	response	n/a	n/a	n/a	n/a	n/a	n/a	n/a	m	m	1	1
5	5	202	fix_cross_after_trial	1298.0940508	0.8669222666665064	fixation cross	n/a	n/a	94	1298.0941019	5.109999983687885e-05	n/a	n/a	n/a	n/a	n/a	n/a
5	n/a	n/a	fix_cross_iti	1298.0941019	0.0	trigger	n/a	n/a	94	n/a	n/a	n/a	n/a	n/a	n/a	n/a	n/a
5	5	203	image	1298.9786181000002	0.7499928666663891	image	bottle	bottle_01.png	2	1298.9787321000001	0.00011399999993955134	n/a	n/a	n/a	n/a	1	n/a
5	n/a	n/a	image	1298.9787321000001	0.0	trigger	n/a	n/a	2	n/a	n/a	n/a	n/a	n/a	n/a	n/a	n/a
5	5	203	word	1299.7516486000002	0.9643324666665194	word	bottle_en	n/a	102	1299.7517086	5.999999984851456e-05	n/a	n/a	n/a	n/a	1	n/a
5	n/a	n/a	word	1299.7517086	0.0	trigger	n/a	n/a	102	n/a	n/a	n/a	n/a	n/a	n/a	n/a	n/a
5	5	203	possible_button_press	1301.2187136999999	0.0	response	n/a	n/a	n/a	n/a	n/a	n/a	n/a	m	m	1	1
5	5	203	fix_cross_after_trial	1301.2472784999998	1.0320389666669598	fixation cross	n/a	n/a	94	1301.2473595	8.100000013655517e-05	n/a	n/a	n/a	n/a	n/a	n/a
5	n/a	n/a	fix_cross_iti	1301.2473595	0.0	trigger	n/a	n/a	94	n/a	n/a	n/a	n/a	n/a	n/a	n/a	n/a
5	5	204	image	1302.3818484	0.7696631666665326	image	roll	roll_03.png	6	1302.3820669999998	0.0002185999996981991	n/a	n/a	n/a	n/a	1	n/a
5	n/a	n/a	image	1302.3820669999998	0.0	trigger	n/a	n/a	6	n/a	n/a	n/a	n/a	n/a	n/a	n/a	n/a
5	5	204	word	1303.1664371999998	0.943647966666731	word	roll_en	n/a	106	1303.1665394999998	0.00010229999998045969	n/a	n/a	n/a	n/a	1	n/a
5	n/a	n/a	word	1303.1665394999998	0.0	trigger	n/a	n/a	106	n/a	n/a	n/a	n/a	n/a	n/a	n/a	n/a
5	5	204	possible_button_press	1304.6397943999998	0.0	response	n/a	n/a	n/a	n/a	n/a	n/a	n/a	m	m	1	1
5	5	204	fix_cross_after_trial	1304.6599752999998	1.224065766666854	fixation cross	n/a	n/a	94	1304.6600323999999	5.710000004910398e-05	n/a	n/a	n/a	n/a	n/a	n/a
5	n/a	n/a	fix_cross_iti	1304.6600323999999	0.0	trigger	n/a	n/a	94	n/a	n/a	n/a	n/a	n/a	n/a	n/a	n/a
5	5	205	image	1305.9508506	0.7571897666664427	image	bus	bus_01.png	7	1305.9510036999998	0.00015309999980672728	n/a	n/a	n/a	n/a	1	n/a
5	n/a	n/a	image	1305.9510036999998	0.0	trigger	n/a	n/a	7	n/a	n/a	n/a	n/a	n/a	n/a	n/a	n/a
5	5	205	word	1306.7282711	0.9521530666663693	word	bus_en	n/a	107	1306.7283174000002	4.6300000121846097e-05	n/a	n/a	n/a	n/a	1	n/a
5	n/a	n/a	word	1306.7283174000002	0.0	trigger	n/a	n/a	107	n/a	n/a	n/a	n/a	n/a	n/a	n/a	n/a
5	5	205	possible_button_press	1308.197978	0.0	response	n/a	n/a	n/a	n/a	n/a	n/a	n/a	m	m	1	1
5	5	205	fix_cross_after_trial	1308.2090293999997	0.9489234666668835	fixation cross	n/a	n/a	94	1308.2090956999998	6.630000007135095e-05	n/a	n/a	n/a	n/a	n/a	n/a
5	n/a	n/a	fix_cross_iti	1308.2090956999998	0.0	trigger	n/a	n/a	94	n/a	n/a	n/a	n/a	n/a	n/a	n/a	n/a
5	5	206	image	1309.2572681	0.7553602666669121	image	ball	ball_03.png	8	1309.2574438	0.0001756999999997788	n/a	n/a	n/a	n/a	1	n/a
5	n/a	n/a	image	1309.2574438	0.0	trigger	n/a	n/a	8	n/a	n/a	n/a	n/a	n/a	n/a	n/a	n/a
5	5	206	word	1310.0238433000002	0.9500482666664993	word	ball_en	n/a	108	1310.0239654999998	0.00012219999962326256	n/a	n/a	n/a	n/a	1	n/a
5	n/a	n/a	word	1310.0239654999998	0.0	trigger	n/a	n/a	108	n/a	n/a	n/a	n/a	n/a	n/a	n/a	n/a
5	5	206	possible_button_press	1311.5346185	0.0	response	n/a	n/a	n/a	n/a	n/a	n/a	n/a	m	m	1	1
5	5	206	fix_cross_after_trial	1311.5584528000002	0.9462030666666124	fixation cross	n/a	n/a	94	1311.5585125	5.9699999837903306e-05	n/a	n/a	n/a	n/a	n/a	n/a
5	n/a	n/a	fix_cross_iti	1311.5585125	0.0	trigger	n/a	n/a	94	n/a	n/a	n/a	n/a	n/a	n/a	n/a	n/a
5	5	207	image	1312.5484755	0.7770117666666465	image	fan	fan_07.png	4	1312.5485683999998	9.28999997995561e-05	n/a	n/a	n/a	n/a	0	n/a
5	n/a	n/a	image	1312.5485683999998	0.0	trigger	n/a	n/a	4	n/a	n/a	n/a	n/a	n/a	n/a	n/a	n/a
5	5	207	word	1313.3358288000002	0.9494179666664877	word	desk_en	n/a	110	1313.3358789000001	5.0099999953090446e-05	n/a	n/a	n/a	n/a	0	n/a
5	n/a	n/a	word	1313.3358789000001	0.0	trigger	n/a	n/a	110	n/a	n/a	n/a	n/a	n/a	n/a	n/a	n/a
5	5	207	feedback	1314.8347962999999	0.0	trigger	n/a	n/a	96	n/a	n/a	n/a	n/a	n/a	n/a	n/a	n/a
5	5	207	possible_button_press	1315.0299941	0.0	response	n/a	n/a	n/a	n/a	n/a	n/a	n/a	m	r	0	0
5	5	207	fix_cross_after_trial	1315.0498753999998	0.7973798666669154	fixation cross	n/a	n/a	94	1315.0499315	5.610000016531558e-05	n/a	n/a	n/a	n/a	n/a	n/a
5	n/a	n/a	fix_cross_iti	1315.0499315	0.0	trigger	n/a	n/a	94	n/a	n/a	n/a	n/a	n/a	n/a	n/a	n/a
5	5	208	image	1315.8820044000001	0.7652440666663551	image	saw	saw_09.png	9	1315.8821353	0.000130899999930989	n/a	n/a	n/a	n/a	1	n/a
5	n/a	n/a	image	1315.8821353	0.0	trigger	n/a	n/a	9	n/a	n/a	n/a	n/a	n/a	n/a	n/a	n/a
5	5	208	word	1316.6560452	1.0021188666667058	word	saw_en	n/a	109	1316.6560999	5.469999996421393e-05	n/a	n/a	n/a	n/a	1	n/a
5	n/a	n/a	word	1316.6560999	0.0	trigger	n/a	n/a	109	n/a	n/a	n/a	n/a	n/a	n/a	n/a	n/a
5	5	208	possible_button_press	1318.1771299999998	0.0	response	n/a	n/a	n/a	n/a	n/a	n/a	n/a	m	m	1	1
5	5	208	fix_cross_after_trial	1318.2066776	1.241310466666846	fixation cross	n/a	n/a	94	1318.2067937	0.00011610000001383014	n/a	n/a	n/a	n/a	n/a	n/a
5	n/a	n/a	fix_cross_iti	1318.2067937	0.0	trigger	n/a	n/a	94	n/a	n/a	n/a	n/a	n/a	n/a	n/a	n/a
5	5	209	image	1319.5570857	0.7982971666667709	image	bus	bus_04.png	7	1319.5573630000001	0.00027730000010706135	n/a	n/a	n/a	n/a	1	n/a
5	n/a	n/a	image	1319.5573630000001	0.0	trigger	n/a	n/a	7	n/a	n/a	n/a	n/a	n/a	n/a	n/a	n/a
5	5	209	word	1320.3817969	0.9666136666667171	word	bus_en	n/a	107	1320.3818991	0.00010220000012850505	n/a	n/a	n/a	n/a	1	n/a
5	n/a	n/a	word	1320.3818991	0.0	trigger	n/a	n/a	107	n/a	n/a	n/a	n/a	n/a	n/a	n/a	n/a
5	5	209	possible_button_press	1321.8443246	0.0	response	n/a	n/a	n/a	n/a	n/a	n/a	n/a	m	m	1	1
5	5	209	fix_cross_after_trial	1321.8571034	1.1207608666666147	fixation cross	n/a	n/a	94	1321.8571869	8.350000007339986e-05	n/a	n/a	n/a	n/a	n/a	n/a
5	n/a	n/a	fix_cross_iti	1321.8571869	0.0	trigger	n/a	n/a	94	n/a	n/a	n/a	n/a	n/a	n/a	n/a	n/a
5	5	210	image	1323.0592331	0.7606412666666529	image	suit	suit_08.png	1	1323.0593532	0.00012010000000373111	n/a	n/a	n/a	n/a	1	n/a
5	n/a	n/a	image	1323.0593532	0.0	trigger	n/a	n/a	1	n/a	n/a	n/a	n/a	n/a	n/a	n/a	n/a
5	5	210	word	1323.8417591999998	0.9158592666669847	word	suit_en	n/a	101	1323.8418599999998	0.0001007999999274034	n/a	n/a	n/a	n/a	1	n/a
5	n/a	n/a	word	1323.8418599999998	0.0	trigger	n/a	n/a	101	n/a	n/a	n/a	n/a	n/a	n/a	n/a	n/a
5	5	210	possible_button_press	1325.3266173	0.0	response	n/a	n/a	n/a	n/a	n/a	n/a	n/a	m	m	1	1
5	5	210	fix_cross_after_trial	1325.3365264000001	0.8347329666664791	fixation cross	n/a	n/a	94	1325.3365714999998	4.509999962465372e-05	n/a	n/a	n/a	n/a	n/a	n/a
5	n/a	n/a	fix_cross_iti	1325.3365714999998	0.0	trigger	n/a	n/a	94	n/a	n/a	n/a	n/a	n/a	n/a	n/a	n/a
5	5	211	image	1326.2171160999999	0.7514363666666668	image	saw	saw_05.png	9	1326.2172155	9.940000018104911e-05	n/a	n/a	n/a	n/a	1	n/a
5	n/a	n/a	image	1326.2172155	0.0	trigger	n/a	n/a	9	n/a	n/a	n/a	n/a	n/a	n/a	n/a	n/a
5	5	211	word	1326.996801	0.9256791666664412	word	saw_en	n/a	109	1326.9968720999998	7.10999997863837e-05	n/a	n/a	n/a	n/a	1	n/a
5	n/a	n/a	word	1326.9968720999998	0.0	trigger	n/a	n/a	109	n/a	n/a	n/a	n/a	n/a	n/a	n/a	n/a
5	5	211	possible_button_press	1328.4973192999998	0.0	response	n/a	n/a	n/a	n/a	n/a	n/a	n/a	m	m	1	1
5	5	211	fix_cross_after_trial	1328.5476052000001	1.1217548666666062	fixation cross	n/a	n/a	94	1328.5477542	0.00014899999996487168	n/a	n/a	n/a	n/a	n/a	n/a
5	n/a	n/a	fix_cross_iti	1328.5477542	0.0	trigger	n/a	n/a	94	n/a	n/a	n/a	n/a	n/a	n/a	n/a	n/a
5	5	212	image	1329.7784238000002	0.7519615666662958	image	bell	bell_02.png	5	1329.7786475	0.00022369999987859046	n/a	n/a	n/a	n/a	1	n/a
5	n/a	n/a	image	1329.7786475	0.0	trigger	n/a	n/a	5	n/a	n/a	n/a	n/a	n/a	n/a	n/a	n/a
5	5	212	word	1330.5394586	0.9407423666664272	word	bell_en	n/a	105	1330.5395231	6.450000000768341e-05	n/a	n/a	n/a	n/a	1	n/a
5	n/a	n/a	word	1330.5395231	0.0	trigger	n/a	n/a	105	n/a	n/a	n/a	n/a	n/a	n/a	n/a	n/a
5	5	212	possible_button_press	1332.0186907999998	0.0	response	n/a	n/a	n/a	n/a	n/a	n/a	n/a	m	m	1	1
5	5	212	fix_cross_after_trial	1332.0353247	0.9757636666665803	fixation cross	n/a	n/a	94	1332.0353708999999	4.619999981514411e-05	n/a	n/a	n/a	n/a	n/a	n/a
5	n/a	n/a	fix_cross_iti	1332.0353708999999	0.0	trigger	n/a	n/a	94	n/a	n/a	n/a	n/a	n/a	n/a	n/a	n/a
5	5	213	image	1333.1008918999999	0.7560929666667562	image	bottle	bottle_05.png	2	1333.1011557999998	0.0002638999999362568	n/a	n/a	n/a	n/a	1	n/a
5	n/a	n/a	image	1333.1011557999998	0.0	trigger	n/a	n/a	2	n/a	n/a	n/a	n/a	n/a	n/a	n/a	n/a
5	5	213	word	1333.8671375000001	0.9639482666664207	word	bottle_en	n/a	102	1333.8672241000002	8.660000003146706e-05	n/a	n/a	n/a	n/a	1	n/a
5	n/a	n/a	word	1333.8672241000002	0.0	trigger	n/a	n/a	102	n/a	n/a	n/a	n/a	n/a	n/a	n/a	n/a
5	5	213	possible_button_press	1335.3471819	0.0	response	n/a	n/a	n/a	n/a	n/a	n/a	n/a	m	m	1	1
5	5	213	fix_cross_after_trial	1335.3631736999998	1.0396580666667887	fixation cross	n/a	n/a	94	1335.3632397999997	6.609999991269433e-05	n/a	n/a	n/a	n/a	n/a	n/a
5	n/a	n/a	fix_cross_iti	1335.3632397999997	0.0	trigger	n/a	n/a	94	n/a	n/a	n/a	n/a	n/a	n/a	n/a	n/a
5	5	214	image	1336.4979089	0.7549254666666911	image	suit	suit_09.png	1	1336.4981163	0.00020739999990837532	n/a	n/a	n/a	n/a	1	n/a
5	n/a	n/a	image	1336.4981163	0.0	trigger	n/a	n/a	1	n/a	n/a	n/a	n/a	n/a	n/a	n/a	n/a
5	5	214	word	1337.2614806	0.9319471666665322	word	suit_en	n/a	101	1337.2615786999997	9.80999998319021e-05	n/a	n/a	n/a	n/a	1	n/a
5	n/a	n/a	word	1337.2615786999997	0.0	trigger	n/a	n/a	101	n/a	n/a	n/a	n/a	n/a	n/a	n/a	n/a
5	5	214	possible_button_press	1338.7737258	0.0	response	n/a	n/a	n/a	n/a	n/a	n/a	n/a	m	m	1	1
5	5	214	fix_cross_after_trial	1338.7990432	1.083967466666536	fixation cross	n/a	n/a	94	1338.7990911	4.7900000026857015e-05	n/a	n/a	n/a	n/a	n/a	n/a
5	n/a	n/a	fix_cross_iti	1338.7990911	0.0	trigger	n/a	n/a	94	n/a	n/a	n/a	n/a	n/a	n/a	n/a	n/a
5	5	215	image	1339.9672936	0.7662668666664558	image	bell	bell_09.png	5	1339.9675584	0.00026479999996809056	n/a	n/a	n/a	n/a	0	n/a
5	n/a	n/a	image	1339.9675584	0.0	trigger	n/a	n/a	5	n/a	n/a	n/a	n/a	n/a	n/a	n/a	n/a
5	5	215	word	1340.7599656999998	0.9598933666668472	word	ball_en	n/a	108	1340.7600145999997	4.889999991064542e-05	n/a	n/a	n/a	n/a	0	n/a
5	n/a	n/a	word	1340.7600145999997	0.0	trigger	n/a	n/a	108	n/a	n/a	n/a	n/a	n/a	n/a	n/a	n/a
5	5	215	feedback	1342.2472090999997	0.0	trigger	n/a	n/a	96	n/a	n/a	n/a	n/a	n/a	n/a	n/a	n/a
5	5	215	possible_button_press	1342.4626485000001	0.0	response	n/a	n/a	n/a	n/a	n/a	n/a	n/a	m	r	0	0
5	5	215	fix_cross_after_trial	1342.5027707000002	1.2430590666665466	fixation cross	n/a	n/a	94	1342.5028730000001	0.00010229999998045969	n/a	n/a	n/a	n/a	n/a	n/a
5	n/a	n/a	fix_cross_iti	1342.5028730000001	0.0	trigger	n/a	n/a	94	n/a	n/a	n/a	n/a	n/a	n/a	n/a	n/a
5	5	216	image	1343.8389525999999	0.7564960666666138	image	watch	watch_07.png	3	1343.8390505999998	9.799999997994746e-05	n/a	n/a	n/a	n/a	1	n/a
5	n/a	n/a	image	1343.8390505999998	0.0	trigger	n/a	n/a	3	n/a	n/a	n/a	n/a	n/a	n/a	n/a	n/a
5	5	216	word	1344.6301741999998	0.9476659666668183	word	watch_en	n/a	103	1344.6302551	8.090000028460054e-05	n/a	n/a	n/a	n/a	1	n/a
5	n/a	n/a	word	1344.6302551	0.0	trigger	n/a	n/a	103	n/a	n/a	n/a	n/a	n/a	n/a	n/a	n/a
5	5	216	possible_button_press	1346.0899344000002	0.0	response	n/a	n/a	n/a	n/a	n/a	n/a	n/a	m	m	1	1
5	5	216	fix_cross_after_trial	1346.109342	1.239636899999823	fixation cross	n/a	n/a	94	1346.1093810999998	3.909999986717594e-05	n/a	n/a	n/a	n/a	n/a	n/a
5	n/a	n/a	fix_cross_iti	1346.1093810999998	0.0	trigger	n/a	n/a	94	n/a	n/a	n/a	n/a	n/a	n/a	n/a	n/a
5	5	217	image	1347.4190873999999	0.7752616666668928	image	roll	roll_02.png	6	1347.4191818000002	9.440000030735973e-05	n/a	n/a	n/a	n/a	1	n/a
5	n/a	n/a	image	1347.4191818000002	0.0	trigger	n/a	n/a	6	n/a	n/a	n/a	n/a	n/a	n/a	n/a	n/a
5	5	217	word	1348.214643	0.9478378666665321	word	roll_en	n/a	106	1348.2147091	6.609999991269433e-05	n/a	n/a	n/a	n/a	1	n/a
5	n/a	n/a	word	1348.2147091	0.0	trigger	n/a	n/a	106	n/a	n/a	n/a	n/a	n/a	n/a	n/a	n/a
5	5	217	possible_button_press	1349.6904146999998	0.0	response	n/a	n/a	n/a	n/a	n/a	n/a	n/a	m	m	1	1
5	5	217	fix_cross_after_trial	1349.7226975	0.9063372666666965	fixation cross	n/a	n/a	94	1349.7227494	5.1900000016757986e-05	n/a	n/a	n/a	n/a	n/a	n/a
5	n/a	n/a	fix_cross_iti	1349.7227494	0.0	trigger	n/a	n/a	94	n/a	n/a	n/a	n/a	n/a	n/a	n/a	n/a
5	5	218	image	1350.7007124999998	0.751451066666732	image	desk	desk_06.png	10	1350.7008779	0.0001654000002417888	n/a	n/a	n/a	n/a	1	n/a
5	n/a	n/a	image	1350.7008779	0.0	trigger	n/a	n/a	10	n/a	n/a	n/a	n/a	n/a	n/a	n/a	n/a
5	5	218	word	1351.4652957	0.948191366666606	word	desk_en	n/a	110	1351.4654016000002	0.00010590000010779477	n/a	n/a	n/a	n/a	1	n/a
5	n/a	n/a	word	1351.4654016000002	0.0	trigger	n/a	n/a	110	n/a	n/a	n/a	n/a	n/a	n/a	n/a	n/a
5	5	218	possible_button_press	1352.9540716	0.0	response	n/a	n/a	n/a	n/a	n/a	n/a	n/a	m	m	1	1
5	5	218	fix_cross_after_trial	1352.9769006	0.8330326666666679	fixation cross	n/a	n/a	94	1352.9769439	4.330000001573353e-05	n/a	n/a	n/a	n/a	n/a	n/a
5	n/a	n/a	fix_cross_iti	1352.9769439	0.0	trigger	n/a	n/a	94	n/a	n/a	n/a	n/a	n/a	n/a	n/a	n/a
5	5	219	image	1353.8695842999998	0.7547832666666636	image	fan	fan_01.png	4	1353.8697461999998	0.00016189999996640836	n/a	n/a	n/a	n/a	1	n/a
5	n/a	n/a	image	1353.8697461999998	0.0	trigger	n/a	n/a	4	n/a	n/a	n/a	n/a	n/a	n/a	n/a	n/a
5	5	219	word	1354.6246757000001	0.9542216666666263	word	fan_en	n/a	104	1354.6247792000001	0.00010350000002290471	n/a	n/a	n/a	n/a	1	n/a
5	n/a	n/a	word	1354.6247792000001	0.0	trigger	n/a	n/a	104	n/a	n/a	n/a	n/a	n/a	n/a	n/a	n/a
5	5	219	possible_button_press	1356.1237198000001	0.0	response	n/a	n/a	n/a	n/a	n/a	n/a	n/a	m	m	1	1
5	5	219	fix_cross_after_trial	1356.1415369999997	1.0574756666667326	fixation cross	n/a	n/a	94	1356.1415788000002	4.18000004174246e-05	n/a	n/a	n/a	n/a	n/a	n/a
5	n/a	n/a	fix_cross_iti	1356.1415788000002	0.0	trigger	n/a	n/a	94	n/a	n/a	n/a	n/a	n/a	n/a	n/a	n/a
5	5	220	image	1357.2636768999998	0.7624985666668636	image	bus	bus_09.png	7	1357.2638147	0.0001378000001750479	n/a	n/a	n/a	n/a	1	n/a
5	n/a	n/a	image	1357.2638147	0.0	trigger	n/a	n/a	7	n/a	n/a	n/a	n/a	n/a	n/a	n/a	n/a
5	5	220	word	1358.0448346	0.9824543666666159	word	bus_en	n/a	107	1358.0449151999999	8.059999981924193e-05	n/a	n/a	n/a	n/a	1	n/a
5	n/a	n/a	word	1358.0449151999999	0.0	trigger	n/a	n/a	107	n/a	n/a	n/a	n/a	n/a	n/a	n/a	n/a
5	5	220	possible_button_press	1359.5188726999997	0.0	response	n/a	n/a	n/a	n/a	n/a	n/a	n/a	m	m	1	1
5	5	220	fix_cross_after_trial	1359.5439510999997	1.23685566666677	fixation cross	n/a	n/a	94	1359.543985	3.390000028957729e-05	n/a	n/a	n/a	n/a	n/a	n/a
5	n/a	n/a	fix_cross_iti	1359.543985	0.0	trigger	n/a	n/a	94	n/a	n/a	n/a	n/a	n/a	n/a	n/a	n/a
5	5	221	image	1360.8495583000001	0.7733496666662631	image	watch	watch_04.png	3	1360.8497371	0.000178799999957846	n/a	n/a	n/a	n/a	0	n/a
5	n/a	n/a	image	1360.8497371	0.0	trigger	n/a	n/a	3	n/a	n/a	n/a	n/a	n/a	n/a	n/a	n/a
5	5	221	word	1361.6495604	0.920247366666672	word	roll_en	n/a	106	1361.6496125	5.210000017541461e-05	n/a	n/a	n/a	n/a	0	n/a
5	n/a	n/a	word	1361.6496125	0.0	trigger	n/a	n/a	106	n/a	n/a	n/a	n/a	n/a	n/a	n/a	n/a
5	5	221	feedback	1363.1418123	0.0	trigger	n/a	n/a	96	n/a	n/a	n/a	n/a	n/a	n/a	n/a	n/a
5	5	221	possible_button_press	1363.3479375	0.0	response	n/a	n/a	n/a	n/a	n/a	n/a	n/a	m	r	0	0
5	5	221	fix_cross_after_trial	1363.3582717000002	1.087599366666609	fixation cross	n/a	n/a	94	1363.3584122999998	0.0001405999996677565	n/a	n/a	n/a	n/a	n/a	n/a
5	n/a	n/a	fix_cross_iti	1363.3584122999998	0.0	trigger	n/a	n/a	94	n/a	n/a	n/a	n/a	n/a	n/a	n/a	n/a
5	5	222	image	1364.4947940999998	0.7497915666669996	image	ball	ball_06.png	8	1364.4949989999998	0.00020489999997153063	n/a	n/a	n/a	n/a	1	n/a
5	n/a	n/a	image	1364.4949989999998	0.0	trigger	n/a	n/a	8	n/a	n/a	n/a	n/a	n/a	n/a	n/a	n/a
5	5	222	word	1365.2580683999997	0.953105166667001	word	ball_en	n/a	108	1365.2582116	0.00014320000036605052	n/a	n/a	n/a	n/a	1	n/a
5	n/a	n/a	word	1365.2582116	0.0	trigger	n/a	n/a	108	n/a	n/a	n/a	n/a	n/a	n/a	n/a	n/a
5	5	222	possible_button_press	1366.7426607	0.0	response	n/a	n/a	n/a	n/a	n/a	n/a	n/a	m	m	1	1
5	5	222	fix_cross_after_trial	1366.7812198	1.0549886666665316	fixation cross	n/a	n/a	94	1366.7813125	9.270000009564683e-05	n/a	n/a	n/a	n/a	n/a	n/a
5	n/a	n/a	fix_cross_iti	1366.7813125	0.0	trigger	n/a	n/a	94	n/a	n/a	n/a	n/a	n/a	n/a	n/a	n/a
5	5	223	image	1367.9109898	0.771111666666684	image	desk	desk_03.png	10	1367.9112423	0.0002524999999877764	n/a	n/a	n/a	n/a	1	n/a
5	n/a	n/a	image	1367.9112423	0.0	trigger	n/a	n/a	10	n/a	n/a	n/a	n/a	n/a	n/a	n/a	n/a
5	5	223	word	1368.6893727999998	0.9412183666670444	word	desk_en	n/a	110	1368.6894433	7.050000021990854e-05	n/a	n/a	n/a	n/a	1	n/a
5	n/a	n/a	word	1368.6894433	0.0	trigger	n/a	n/a	110	n/a	n/a	n/a	n/a	n/a	n/a	n/a	n/a
5	5	223	possible_button_press	1370.1923559999998	0.0	response	n/a	n/a	n/a	n/a	n/a	n/a	n/a	m	m	1	1
5	5	223	fix_cross_after_trial	1370.2020494	0.8905936666667458	fixation cross	n/a	n/a	94	1370.2020859000002	3.6500000078376615e-05	n/a	n/a	n/a	n/a	n/a	n/a
5	n/a	n/a	fix_cross_iti	1370.2020859000002	0.0	trigger	n/a	n/a	94	n/a	n/a	n/a	n/a	n/a	n/a	n/a	n/a
5	5	224	image	1371.1520481999999	0.7628127666669116	image	roll	roll_07.png	6	1371.1521397	9.15000000532018e-05	n/a	n/a	n/a	n/a	1	n/a
5	n/a	n/a	image	1371.1521397	0.0	trigger	n/a	n/a	6	n/a	n/a	n/a	n/a	n/a	n/a	n/a	n/a
5	5	224	word	1371.9375659	0.9560191666666924	word	roll_en	n/a	106	1371.9376854	0.0001194999999825086	n/a	n/a	n/a	n/a	1	n/a
5	n/a	n/a	word	1371.9376854	0.0	trigger	n/a	n/a	106	n/a	n/a	n/a	n/a	n/a	n/a	n/a	n/a
5	5	224	possible_button_press	1373.4109409	0.0	response	n/a	n/a	n/a	n/a	n/a	n/a	n/a	m	m	1	1
5	5	224	fix_cross_after_trial	1373.4312379	0.8115311666667822	fixation cross	n/a	n/a	94	1373.4312853	4.739999985758914e-05	n/a	n/a	n/a	n/a	n/a	n/a
5	n/a	n/a	fix_cross_iti	1373.4312853	0.0	trigger	n/a	n/a	94	n/a	n/a	n/a	n/a	n/a	n/a	n/a	n/a
5	5	225	image	1374.3236235000002	0.7673751666663975	image	desk	desk_09.png	10	1374.3237842	0.00016069999992396333	n/a	n/a	n/a	n/a	1	n/a
5	n/a	n/a	image	1374.3237842	0.0	trigger	n/a	n/a	10	n/a	n/a	n/a	n/a	n/a	n/a	n/a	n/a
5	5	225	word	1375.1050524999998	0.9630652666667174	word	desk_en	n/a	110	1375.1051525999999	0.00010010000005422626	n/a	n/a	n/a	n/a	1	n/a
5	n/a	n/a	word	1375.1051525999999	0.0	trigger	n/a	n/a	110	n/a	n/a	n/a	n/a	n/a	n/a	n/a	n/a
5	5	225	possible_button_press	1376.6040356	0.0	response	n/a	n/a	n/a	n/a	n/a	n/a	n/a	m	m	1	1
5	5	225	fix_cross_after_trial	1376.6372743999998	0.8277383666666083	fixation cross	n/a	n/a	94	1376.6373627	8.830000024317997e-05	n/a	n/a	n/a	n/a	n/a	n/a
5	n/a	n/a	fix_cross_iti	1376.6373627	0.0	trigger	n/a	n/a	94	n/a	n/a	n/a	n/a	n/a	n/a	n/a	n/a
5	5	226	image	1377.5597119000001	0.7593480666666892	image	watch	watch_03.png	3	1377.5598539999999	0.00014209999972081278	n/a	n/a	n/a	n/a	1	n/a
5	n/a	n/a	image	1377.5598539999999	0.0	trigger	n/a	n/a	3	n/a	n/a	n/a	n/a	n/a	n/a	n/a	n/a
5	5	226	word	1378.3531643	0.947409266666682	word	watch_en	n/a	103	1378.3532167	5.2400000186025864e-05	n/a	n/a	n/a	n/a	1	n/a
5	n/a	n/a	word	1378.3532167	0.0	trigger	n/a	n/a	103	n/a	n/a	n/a	n/a	n/a	n/a	n/a	n/a
5	5	226	possible_button_press	1379.8426951	0.0	response	n/a	n/a	n/a	n/a	n/a	n/a	n/a	m	m	1	1
5	5	226	fix_cross_after_trial	1379.8678874999998	1.2358622666667998	fixation cross	n/a	n/a	94	1379.8679556	6.810000013501849e-05	n/a	n/a	n/a	n/a	n/a	n/a
5	n/a	n/a	fix_cross_iti	1379.8679556	0.0	trigger	n/a	n/a	94	n/a	n/a	n/a	n/a	n/a	n/a	n/a	n/a
5	5	227	image	1381.1376684	0.7608282666667492	image	fan	fan_10.png	4	1381.1378874	0.00021900000001551234	n/a	n/a	n/a	n/a	1	n/a
5	n/a	n/a	image	1381.1378874	0.0	trigger	n/a	n/a	4	n/a	n/a	n/a	n/a	n/a	n/a	n/a	n/a
5	5	227	word	1381.9260468999998	0.9252221666667992	word	fan_en	n/a	104	1381.9261481	0.00010120000024471665	n/a	n/a	n/a	n/a	1	n/a
5	n/a	n/a	word	1381.9261481	0.0	trigger	n/a	n/a	104	n/a	n/a	n/a	n/a	n/a	n/a	n/a	n/a
5	5	227	possible_button_press	1383.4125267000002	0.0	response	n/a	n/a	n/a	n/a	n/a	n/a	n/a	m	m	1	1
5	5	227	fix_cross_after_trial	1383.4335359999998	0.9333043666667891	fixation cross	n/a	n/a	94	1383.433601	6.500000017695129e-05	n/a	n/a	n/a	n/a	n/a	n/a
5	n/a	n/a	fix_cross_iti	1383.433601	0.0	trigger	n/a	n/a	94	n/a	n/a	n/a	n/a	n/a	n/a	n/a	n/a
5	5	228	image	1384.4562425000001	0.7592914666663546	image	bus	bus_03.png	7	1384.4564873000002	0.0002448000000185857	n/a	n/a	n/a	n/a	1	n/a
5	n/a	n/a	image	1384.4564873000002	0.0	trigger	n/a	n/a	7	n/a	n/a	n/a	n/a	n/a	n/a	n/a	n/a
5	5	228	word	1385.2312192000002	0.9937018666662425	word	bus_en	n/a	107	1385.2313001999999	8.099999968180782e-05	n/a	n/a	n/a	n/a	1	n/a
5	n/a	n/a	word	1385.2313001999999	0.0	trigger	n/a	n/a	107	n/a	n/a	n/a	n/a	n/a	n/a	n/a	n/a
5	5	228	possible_button_press	1386.7191509000002	0.0	response	n/a	n/a	n/a	n/a	n/a	n/a	n/a	m	m	1	1
5	5	228	fix_cross_after_trial	1386.7956944	1.0434076666667806	fixation cross	n/a	n/a	94	1386.7961717	0.00047730000005685724	n/a	n/a	n/a	n/a	n/a	n/a
5	n/a	n/a	fix_cross_iti	1386.7961717	0.0	trigger	n/a	n/a	94	n/a	n/a	n/a	n/a	n/a	n/a	n/a	n/a
5	5	229	image	1387.9486184999998	0.7661863666669433	image	saw	saw_01.png	9	1387.9492008999998	0.0005823999999847729	n/a	n/a	n/a	n/a	1	n/a
5	n/a	n/a	image	1387.9492008999998	0.0	trigger	n/a	n/a	9	n/a	n/a	n/a	n/a	n/a	n/a	n/a	n/a
5	5	229	word	1388.7330438000001	0.9468605666663734	word	saw_en	n/a	109	1388.7331127	6.889999986015027e-05	n/a	n/a	n/a	n/a	1	n/a
5	n/a	n/a	word	1388.7331127	0.0	trigger	n/a	n/a	109	n/a	n/a	n/a	n/a	n/a	n/a	n/a	n/a
5	5	229	possible_button_press	1390.2426798	0.0	response	n/a	n/a	n/a	n/a	n/a	n/a	n/a	m	m	1	1
5	5	229	fix_cross_after_trial	1390.2675926999998	0.8911069666667117	fixation cross	n/a	n/a	94	1390.2676654999998	7.279999999809661e-05	n/a	n/a	n/a	n/a	n/a	n/a
5	n/a	n/a	fix_cross_iti	1390.2676654999998	0.0	trigger	n/a	n/a	94	n/a	n/a	n/a	n/a	n/a	n/a	n/a	n/a
5	5	230	image	1391.4555386999998	0.7729789666668694	image	ball	ball_02.png	8	1391.4558912	0.000352500000190048	n/a	n/a	n/a	n/a	1	n/a
5	n/a	n/a	image	1391.4558912	0.0	trigger	n/a	n/a	8	n/a	n/a	n/a	n/a	n/a	n/a	n/a	n/a
5	5	230	word	1392.284567	0.9237313666665159	word	ball_en	n/a	108	1392.2850419999997	0.0004749999998239218	n/a	n/a	n/a	n/a	1	n/a
5	n/a	n/a	word	1392.2850419999997	0.0	trigger	n/a	n/a	108	n/a	n/a	n/a	n/a	n/a	n/a	n/a	n/a
5	5	230	possible_button_press	1393.7182624	0.0	response	n/a	n/a	n/a	n/a	n/a	n/a	n/a	m	m	1	1
5	5	230	fix_cross_after_trial	1393.7317319	1.274857366666538	fixation cross	n/a	n/a	94	1393.7317839999998	5.2099999720667256e-05	n/a	n/a	n/a	n/a	n/a	n/a
5	n/a	n/a	fix_cross_iti	1393.7317839999998	0.0	trigger	n/a	n/a	94	n/a	n/a	n/a	n/a	n/a	n/a	n/a	n/a
5	5	231	image	1395.0785143	0.7592356666666547	image	saw	saw_08.png	9	1395.0787784000001	0.0002641000000949134	n/a	n/a	n/a	n/a	1	n/a
5	n/a	n/a	image	1395.0787784000001	0.0	trigger	n/a	n/a	9	n/a	n/a	n/a	n/a	n/a	n/a	n/a	n/a
5	5	231	word	1395.8476032	0.9629879666665602	word	saw_en	n/a	109	1395.8477125000002	0.00010930000007647322	n/a	n/a	n/a	n/a	1	n/a
5	n/a	n/a	word	1395.8477125000002	0.0	trigger	n/a	n/a	109	n/a	n/a	n/a	n/a	n/a	n/a	n/a	n/a
5	5	231	possible_button_press	1397.3798493000002	0.0	response	n/a	n/a	n/a	n/a	n/a	n/a	n/a	m	m	1	1
5	5	231	fix_cross_after_trial	1397.4137018999998	0.8495868666666411	fixation cross	n/a	n/a	94	1397.4138215	0.00011960000028921058	n/a	n/a	n/a	n/a	n/a	n/a
5	n/a	n/a	fix_cross_iti	1397.4138215	0.0	trigger	n/a	n/a	94	n/a	n/a	n/a	n/a	n/a	n/a	n/a	n/a
5	5	232	image	1398.3552932	0.7580491666665239	image	bottle	bottle_06.png	2	1398.3554204	0.00012719999995169928	n/a	n/a	n/a	n/a	0	n/a
5	n/a	n/a	image	1398.3554204	0.0	trigger	n/a	n/a	2	n/a	n/a	n/a	n/a	n/a	n/a	n/a	n/a
5	5	232	word	1399.1288772	0.9484908666665888	word	bell_en	n/a	105	1399.1289942	0.00011700000004566391	n/a	n/a	n/a	n/a	0	n/a
5	n/a	n/a	word	1399.1289942	0.0	trigger	n/a	n/a	105	n/a	n/a	n/a	n/a	n/a	n/a	n/a	n/a
5	5	232	feedback	1400.6435899	0.0	trigger	n/a	n/a	96	n/a	n/a	n/a	n/a	n/a	n/a	n/a	n/a
5	5	232	possible_button_press	1400.825896	0.0	response	n/a	n/a	n/a	n/a	n/a	n/a	n/a	m	r	0	0
5	5	232	fix_cross_after_trial	1400.8531924000001	1.2541748666665171	fixation cross	n/a	n/a	94	1400.8532689	7.649999997738632e-05	n/a	n/a	n/a	n/a	n/a	n/a
5	n/a	n/a	fix_cross_iti	1400.8532689	0.0	trigger	n/a	n/a	94	n/a	n/a	n/a	n/a	n/a	n/a	n/a	n/a
5	5	233	image	1402.1356531999998	0.7702751666668064	image	fan	fan_05.png	4	1402.1358303999998	0.0001772000000528351	n/a	n/a	n/a	n/a	1	n/a
5	n/a	n/a	image	1402.1358303999998	0.0	trigger	n/a	n/a	4	n/a	n/a	n/a	n/a	n/a	n/a	n/a	n/a
5	5	233	word	1402.951676	0.8962227666668241	word	fan_en	n/a	104	1402.9517512	7.520000008298666e-05	n/a	n/a	n/a	n/a	1	n/a
5	n/a	n/a	word	1402.9517512	0.0	trigger	n/a	n/a	104	n/a	n/a	n/a	n/a	n/a	n/a	n/a	n/a
5	5	233	possible_button_press	1404.4054527	0.0	response	n/a	n/a	n/a	n/a	n/a	n/a	n/a	m	m	1	1
5	5	233	fix_cross_after_trial	1404.4453154	0.8831162666667751	fixation cross	n/a	n/a	94	1404.4454545	0.00013910000006944756	n/a	n/a	n/a	n/a	n/a	n/a
5	n/a	n/a	fix_cross_iti	1404.4454545	0.0	trigger	n/a	n/a	94	n/a	n/a	n/a	n/a	n/a	n/a	n/a	n/a
5	5	234	image	1405.4031208999997	0.7648752666666496	image	suit	suit_01.png	1	1405.4032713	0.00015040000016597332	n/a	n/a	n/a	n/a	1	n/a
5	n/a	n/a	image	1405.4032713	0.0	trigger	n/a	n/a	1	n/a	n/a	n/a	n/a	n/a	n/a	n/a	n/a
5	5	234	word	1406.1938137	0.923865266666553	word	suit_en	n/a	101	1406.1938978	8.410000009462237e-05	n/a	n/a	n/a	n/a	1	n/a
5	n/a	n/a	word	1406.1938978	0.0	trigger	n/a	n/a	101	n/a	n/a	n/a	n/a	n/a	n/a	n/a	n/a
5	5	234	possible_button_press	1407.6626387	0.0	response	n/a	n/a	n/a	n/a	n/a	n/a	n/a	m	m	1	1
5	5	234	fix_cross_after_trial	1407.6753523999998	0.7659860666669829	fixation cross	n/a	n/a	94	1407.6753953	4.290000015316764e-05	n/a	n/a	n/a	n/a	n/a	n/a
5	n/a	n/a	fix_cross_iti	1407.6753953	0.0	trigger	n/a	n/a	94	n/a	n/a	n/a	n/a	n/a	n/a	n/a	n/a
5	5	235	image	1408.5477721	0.7609525666664467	image	bottle	bottle_09.png	2	1408.5480396	0.00026750000006359187	n/a	n/a	n/a	n/a	1	n/a
5	n/a	n/a	image	1408.5480396	0.0	trigger	n/a	n/a	2	n/a	n/a	n/a	n/a	n/a	n/a	n/a	n/a
5	5	235	word	1409.3255164999998	0.9930413666668301	word	bottle_en	n/a	102	1409.3256085	9.200000022246968e-05	n/a	n/a	n/a	n/a	1	n/a
5	n/a	n/a	word	1409.3256085	0.0	trigger	n/a	n/a	102	n/a	n/a	n/a	n/a	n/a	n/a	n/a	n/a
5	5	235	possible_button_press	1410.8066711	0.0	response	n/a	n/a	n/a	n/a	n/a	n/a	n/a	m	m	1	1
5	5	235	fix_cross_after_trial	1410.8351348999997	0.9623628666670356	fixation cross	n/a	n/a	94	1410.8354517	0.00031680000029155053	n/a	n/a	n/a	n/a	n/a	n/a
5	n/a	n/a	fix_cross_iti	1410.8354517	0.0	trigger	n/a	n/a	94	n/a	n/a	n/a	n/a	n/a	n/a	n/a	n/a
5	5	236	image	1411.8743212000002	0.7525894666662225	image	suit	suit_04.png	1	1411.8744135	9.229999977833359e-05	n/a	n/a	n/a	n/a	1	n/a
5	n/a	n/a	image	1411.8744135	0.0	trigger	n/a	n/a	1	n/a	n/a	n/a	n/a	n/a	n/a	n/a	n/a
5	5	236	word	1412.6599638999999	0.9349941666666837	word	suit_en	n/a	101	1412.6600953999998	0.0001314999999522115	n/a	n/a	n/a	n/a	1	n/a
5	n/a	n/a	word	1412.6600953999998	0.0	trigger	n/a	n/a	101	n/a	n/a	n/a	n/a	n/a	n/a	n/a	n/a
5	5	236	possible_button_press	1414.1272329	0.0	response	n/a	n/a	n/a	n/a	n/a	n/a	n/a	m	m	1	1
5	5	236	fix_cross_after_trial	1414.1562124999998	1.2826651666666748	fixation cross	n/a	n/a	94	1414.1562972999998	8.479999996779952e-05	n/a	n/a	n/a	n/a	n/a	n/a
5	n/a	n/a	fix_cross_iti	1414.1562972999998	0.0	trigger	n/a	n/a	94	n/a	n/a	n/a	n/a	n/a	n/a	n/a	n/a
5	5	237	image	1415.5606440999998	0.7752491666667538	image	bell	bell_10.png	5	1415.5609183999998	0.0002743000000009488	n/a	n/a	n/a	n/a	1	n/a
5	n/a	n/a	image	1415.5609183999998	0.0	trigger	n/a	n/a	5	n/a	n/a	n/a	n/a	n/a	n/a	n/a	n/a
5	5	237	word	1416.3451211	0.9507582666667531	word	bell_en	n/a	105	1416.3452199	9.88000001598266e-05	n/a	n/a	n/a	n/a	1	n/a
5	n/a	n/a	word	1416.3452199	0.0	trigger	n/a	n/a	105	n/a	n/a	n/a	n/a	n/a	n/a	n/a	n/a
5	5	237	possible_button_press	1417.8305997	0.0	response	n/a	n/a	n/a	n/a	n/a	n/a	n/a	m	m	1	1
5	5	237	fix_cross_after_trial	1417.8429189	1.2476740666663773	fixation cross	n/a	n/a	94	1417.8429677000001	4.8800000058690784e-05	n/a	n/a	n/a	n/a	n/a	n/a
5	n/a	n/a	fix_cross_iti	1417.8429677000001	0.0	trigger	n/a	n/a	94	n/a	n/a	n/a	n/a	n/a	n/a	n/a	n/a
5	5	238	image	1419.1256772	0.7688111666668647	image	bottle	bottle_07.png	2	1419.1258535999998	0.00017639999987295596	n/a	n/a	n/a	n/a	1	n/a
5	n/a	n/a	image	1419.1258535999998	0.0	trigger	n/a	n/a	2	n/a	n/a	n/a	n/a	n/a	n/a	n/a	n/a
5	5	238	word	1419.9135715	0.9697934666667152	word	bottle_en	n/a	102	1419.9136172	4.5700000100623583e-05	n/a	n/a	n/a	n/a	1	n/a
5	n/a	n/a	word	1419.9136172	0.0	trigger	n/a	n/a	102	n/a	n/a	n/a	n/a	n/a	n/a	n/a	n/a
5	5	238	possible_button_press	1421.3824687	0.0	response	n/a	n/a	n/a	n/a	n/a	n/a	n/a	m	m	1	1
5	5	238	fix_cross_after_trial	1421.4142187999998	0.8405242666669892	fixation cross	n/a	n/a	94	1421.4142553999998	3.659999993033125e-05	n/a	n/a	n/a	n/a	n/a	n/a
5	n/a	n/a	fix_cross_iti	1421.4142553999998	0.0	trigger	n/a	n/a	94	n/a	n/a	n/a	n/a	n/a	n/a	n/a	n/a
5	5	239	image	1422.2929511999998	0.764929066666582	image	desk	desk_02.png	10	1422.2930546	0.00010340000017095008	n/a	n/a	n/a	n/a	1	n/a
5	n/a	n/a	image	1422.2930546	0.0	trigger	n/a	n/a	10	n/a	n/a	n/a	n/a	n/a	n/a	n/a	n/a
5	5	239	word	1423.0822842999999	0.9202670666666108	word	desk_en	n/a	110	1423.0823718999998	8.759999991525547e-05	n/a	n/a	n/a	n/a	1	n/a
5	n/a	n/a	word	1423.0823718999998	0.0	trigger	n/a	n/a	110	n/a	n/a	n/a	n/a	n/a	n/a	n/a	n/a
5	5	239	possible_button_press	1424.5542785999999	0.0	response	n/a	n/a	n/a	n/a	n/a	n/a	n/a	m	m	1	1
5	5	239	fix_cross_after_trial	1424.5714563	1.0854967666666653	fixation cross	n/a	n/a	94	1424.5715167	6.0400000165827805e-05	n/a	n/a	n/a	n/a	n/a	n/a
5	n/a	n/a	fix_cross_iti	1424.5715167	0.0	trigger	n/a	n/a	94	n/a	n/a	n/a	n/a	n/a	n/a	n/a	n/a
5	5	240	image	1425.7113361	0.7791290666666555	image	roll	roll_06.png	6	1425.7115038	0.00016770000001997687	n/a	n/a	n/a	n/a	1	n/a
5	n/a	n/a	image	1425.7115038	0.0	trigger	n/a	n/a	6	n/a	n/a	n/a	n/a	n/a	n/a	n/a	n/a
5	5	240	word	1426.5070038000001	0.951964466666368	word	roll_en	n/a	106	1426.5070721	6.829999983892776e-05	n/a	n/a	n/a	n/a	1	n/a
5	n/a	n/a	word	1426.5070721	0.0	trigger	n/a	n/a	106	n/a	n/a	n/a	n/a	n/a	n/a	n/a	n/a
5	5	240	possible_button_press	1427.9895795	0.0	response	n/a	n/a	n/a	n/a	n/a	n/a	n/a	m	m	1	1
5	5	240	fix_cross_after_trial	1428.0036753000002	1.2309570666664058	fixation cross	n/a	n/a	94	1428.0037169999998	4.169999965597526e-05	n/a	n/a	n/a	n/a	n/a	n/a
5	n/a	n/a	fix_cross_iti	1428.0037169999998	0.0	trigger	n/a	n/a	94	n/a	n/a	n/a	n/a	n/a	n/a	n/a	n/a
5	5	241	image	1429.3198537	0.7545364666664227	image	suit	suit_07.png	1	1429.3202058	0.00035209999987273477	n/a	n/a	n/a	n/a	0	n/a
5	n/a	n/a	image	1429.3202058	0.0	trigger	n/a	n/a	1	n/a	n/a	n/a	n/a	n/a	n/a	n/a	n/a
5	5	241	word	1430.0838883999998	0.9558438666670099	word	saw_en	n/a	109	1430.0839706	8.22000001790002e-05	n/a	n/a	n/a	n/a	0	n/a
5	n/a	n/a	word	1430.0839706	0.0	trigger	n/a	n/a	109	n/a	n/a	n/a	n/a	n/a	n/a	n/a	n/a
5	5	241	feedback	1431.6047953	0.0	trigger	n/a	n/a	96	n/a	n/a	n/a	n/a	n/a	n/a	n/a	n/a
5	5	241	possible_button_press	1431.8049975000001	0.0	response	n/a	n/a	n/a	n/a	n/a	n/a	n/a	m	r	0	0
5	5	241	fix_cross_after_trial	1431.8220221999998	0.9321864666669626	fixation cross	n/a	n/a	94	1431.8220571999998	3.500000002532033e-05	n/a	n/a	n/a	n/a	n/a	n/a
5	n/a	n/a	fix_cross_iti	1431.8220571999998	0.0	trigger	n/a	n/a	94	n/a	n/a	n/a	n/a	n/a	n/a	n/a	n/a
5	5	242	image	1432.8727182999999	0.7588675666668223	image	desk	desk_08.png	10	1432.8729369	0.00021860000015294645	n/a	n/a	n/a	n/a	1	n/a
5	n/a	n/a	image	1432.8729369	0.0	trigger	n/a	n/a	10	n/a	n/a	n/a	n/a	n/a	n/a	n/a	n/a
5	5	242	word	1433.6364176999998	0.9796565666667902	word	desk_en	n/a	110	1433.6364780000001	6.030000031387317e-05	n/a	n/a	n/a	n/a	1	n/a
5	n/a	n/a	word	1433.6364780000001	0.0	trigger	n/a	n/a	110	n/a	n/a	n/a	n/a	n/a	n/a	n/a	n/a
5	5	242	possible_button_press	1435.121262	0.0	response	n/a	n/a	n/a	n/a	n/a	n/a	n/a	m	m	1	1
5	5	242	fix_cross_after_trial	1435.1594976	0.8192642666665506	fixation cross	n/a	n/a	94	1435.1595894	9.180000006381306e-05	n/a	n/a	n/a	n/a	n/a	n/a
5	n/a	n/a	fix_cross_iti	1435.1595894	0.0	trigger	n/a	n/a	94	n/a	n/a	n/a	n/a	n/a	n/a	n/a	n/a
5	5	243	image	1436.0759571	0.7783911666663244	image	watch	watch_06.png	3	1436.0760950000001	0.00013790000002700253	n/a	n/a	n/a	n/a	1	n/a
5	n/a	n/a	image	1436.0760950000001	0.0	trigger	n/a	n/a	3	n/a	n/a	n/a	n/a	n/a	n/a	n/a	n/a
5	5	243	word	1436.9079482999998	0.9429739666668411	word	watch_en	n/a	103	1436.9080622999998	0.00011399999993955134	n/a	n/a	n/a	n/a	1	n/a
5	n/a	n/a	word	1436.9080622999998	0.0	trigger	n/a	n/a	103	n/a	n/a	n/a	n/a	n/a	n/a	n/a	n/a
5	5	243	possible_button_press	1438.3561037000002	0.0	response	n/a	n/a	n/a	n/a	n/a	n/a	n/a	m	m	1	1
5	5	243	fix_cross_after_trial	1438.3846538	0.8171020666666209	fixation cross	n/a	n/a	94	1438.3847442999997	9.049999971466605e-05	n/a	n/a	n/a	n/a	n/a	n/a
5	n/a	n/a	fix_cross_iti	1438.3847442999997	0.0	trigger	n/a	n/a	94	n/a	n/a	n/a	n/a	n/a	n/a	n/a	n/a
5	5	244	image	1439.320023	0.7498983666666845	image	bus	bus_05.png	7	1439.3201745999997	0.000151599999753671	n/a	n/a	n/a	n/a	1	n/a
5	n/a	n/a	image	1439.3201745999997	0.0	trigger	n/a	n/a	7	n/a	n/a	n/a	n/a	n/a	n/a	n/a	n/a
5	5	244	word	1440.0811277	0.9715143666664972	word	bus_en	n/a	107	1440.0812088	8.109999998850981e-05	n/a	n/a	n/a	n/a	1	n/a
5	n/a	n/a	word	1440.0812088	0.0	trigger	n/a	n/a	107	n/a	n/a	n/a	n/a	n/a	n/a	n/a	n/a
5	5	244	possible_button_press	1441.5752592000001	0.0	response	n/a	n/a	n/a	n/a	n/a	n/a	n/a	m	m	1	1
5	5	244	fix_cross_after_trial	1441.6076299	1.2273194666665859	fixation cross	n/a	n/a	94	1441.6077183999998	8.849999994708924e-05	n/a	n/a	n/a	n/a	n/a	n/a
5	n/a	n/a	fix_cross_iti	1441.6077183999998	0.0	trigger	n/a	n/a	94	n/a	n/a	n/a	n/a	n/a	n/a	n/a	n/a
5	5	245	image	1442.9271603999998	0.7688411666665615	image	bell	bell_03.png	5	1442.9273744999998	0.0002140999999937776	n/a	n/a	n/a	n/a	1	n/a
5	n/a	n/a	image	1442.9273744999998	0.0	trigger	n/a	n/a	5	n/a	n/a	n/a	n/a	n/a	n/a	n/a	n/a
5	5	245	word	1443.7152012999998	0.9468576666670288	word	bell_en	n/a	105	1443.7152616	6.030000031387317e-05	n/a	n/a	n/a	n/a	1	n/a
5	n/a	n/a	word	1443.7152616	0.0	trigger	n/a	n/a	105	n/a	n/a	n/a	n/a	n/a	n/a	n/a	n/a
5	5	245	possible_button_press	1445.1975378	0.0	response	n/a	n/a	n/a	n/a	n/a	n/a	n/a	m	m	1	1
5	5	245	fix_cross_after_trial	1445.2221186999998	1.1802542666666795	fixation cross	n/a	n/a	94	1445.2221739999998	5.529999998543644e-05	n/a	n/a	n/a	n/a	n/a	n/a
5	n/a	n/a	fix_cross_iti	1445.2221739999998	0.0	trigger	n/a	n/a	94	n/a	n/a	n/a	n/a	n/a	n/a	n/a	n/a
5	5	246	image	1446.5210433	0.7733450666667068	image	watch	watch_08.png	3	1446.5211917999998	0.0001484999997956038	n/a	n/a	n/a	n/a	1	n/a
5	n/a	n/a	image	1446.5211917999998	0.0	trigger	n/a	n/a	3	n/a	n/a	n/a	n/a	n/a	n/a	n/a	n/a
5	5	246	word	1447.2974330999998	0.9499612666666053	word	watch_en	n/a	103	1447.2975178999998	8.479999996779952e-05	n/a	n/a	n/a	n/a	1	n/a
5	n/a	n/a	word	1447.2975178999998	0.0	trigger	n/a	n/a	103	n/a	n/a	n/a	n/a	n/a	n/a	n/a	n/a
5	5	246	possible_button_press	1448.8037925	0.0	response	n/a	n/a	n/a	n/a	n/a	n/a	n/a	m	m	1	1
5	5	246	fix_cross_after_trial	1448.8146961999998	0.8645126666667693	fixation cross	n/a	n/a	94	1448.8147378	4.160000025876798e-05	n/a	n/a	n/a	n/a	n/a	n/a
5	n/a	n/a	fix_cross_iti	1448.8147378	0.0	trigger	n/a	n/a	94	n/a	n/a	n/a	n/a	n/a	n/a	n/a	n/a
5	5	247	image	1449.7684585	0.7796796666668797	image	saw	saw_10.png	9	1449.7686858	0.00022730000000592554	n/a	n/a	n/a	n/a	1	n/a
5	n/a	n/a	image	1449.7686858	0.0	trigger	n/a	n/a	9	n/a	n/a	n/a	n/a	n/a	n/a	n/a	n/a
5	5	247	word	1450.5653610000002	0.953308366666306	word	saw_en	n/a	109	1450.5654170999999	5.609999971056823e-05	n/a	n/a	n/a	n/a	1	n/a
5	n/a	n/a	word	1450.5654170999999	0.0	trigger	n/a	n/a	109	n/a	n/a	n/a	n/a	n/a	n/a	n/a	n/a
5	5	247	possible_button_press	1452.037619	0.0	response	n/a	n/a	n/a	n/a	n/a	n/a	n/a	m	m	1	1
5	5	247	fix_cross_after_trial	1452.0606572	0.8051892666665026	fixation cross	n/a	n/a	94	1452.0607171	5.989999999655993e-05	n/a	n/a	n/a	n/a	n/a	n/a
5	n/a	n/a	fix_cross_iti	1452.0607171	0.0	trigger	n/a	n/a	94	n/a	n/a	n/a	n/a	n/a	n/a	n/a	n/a
5	5	248	image	1452.8987908000001	0.7650158666663174	image	roll	roll_01.png	6	1452.8989376000002	0.00014680000003863825	n/a	n/a	n/a	n/a	1	n/a
5	n/a	n/a	image	1452.8989376000002	0.0	trigger	n/a	n/a	6	n/a	n/a	n/a	n/a	n/a	n/a	n/a	n/a
5	5	248	word	1453.6802446	0.9460459666668157	word	roll_en	n/a	106	1453.6802977999998	5.319999991115765e-05	n/a	n/a	n/a	n/a	1	n/a
5	n/a	n/a	word	1453.6802977999998	0.0	trigger	n/a	n/a	106	n/a	n/a	n/a	n/a	n/a	n/a	n/a	n/a
5	5	248	possible_button_press	1455.1646417	0.0	response	n/a	n/a	n/a	n/a	n/a	n/a	n/a	m	m	1	1
5	5	248	fix_cross_after_trial	1455.1772350999997	0.7928089666668257	fixation cross	n/a	n/a	94	1455.17732	8.490000027450151e-05	n/a	n/a	n/a	n/a	n/a	n/a
5	n/a	n/a	fix_cross_iti	1455.17732	0.0	trigger	n/a	n/a	94	n/a	n/a	n/a	n/a	n/a	n/a	n/a	n/a
5	5	249	image	1456.0713696999999	0.7572552666667889	image	ball	ball_05.png	8	1456.0715791999999	0.00020949999998265412	n/a	n/a	n/a	n/a	1	n/a
5	n/a	n/a	image	1456.0715791999999	0.0	trigger	n/a	n/a	8	n/a	n/a	n/a	n/a	n/a	n/a	n/a	n/a
5	5	249	word	1456.8541644	0.9243194666667023	word	ball_en	n/a	108	1456.8542234999998	5.909999981668079e-05	n/a	n/a	n/a	n/a	1	n/a
5	n/a	n/a	word	1456.8542234999998	0.0	trigger	n/a	n/a	108	n/a	n/a	n/a	n/a	n/a	n/a	n/a	n/a
5	5	249	possible_button_press	1458.3319549	0.0	response	n/a	n/a	n/a	n/a	n/a	n/a	n/a	m	m	1	1
5	5	249	fix_cross_after_trial	1458.3432913999998	0.7656510666668055	fixation cross	n/a	n/a	94	1458.3433311000001	3.97000003431458e-05	n/a	n/a	n/a	n/a	n/a	n/a
5	n/a	n/a	fix_cross_iti	1458.3433311000001	0.0	trigger	n/a	n/a	94	n/a	n/a	n/a	n/a	n/a	n/a	n/a	n/a
5	5	250	image	1459.1594173	0.7702156666666724	image	bell	bell_01.png	5	1459.1595965	0.0001791999998204119	n/a	n/a	n/a	n/a	1	n/a
5	n/a	n/a	image	1459.1595965	0.0	trigger	n/a	n/a	5	n/a	n/a	n/a	n/a	n/a	n/a	n/a	n/a
5	5	250	word	1459.9698329999999	0.9424996666668903	word	bell_en	n/a	105	1459.9699644999998	0.0001314999999522115	n/a	n/a	n/a	n/a	1	n/a
5	n/a	n/a	word	1459.9699644999998	0.0	trigger	n/a	n/a	105	n/a	n/a	n/a	n/a	n/a	n/a	n/a	n/a
5	5	250	possible_button_press	1461.4366727999998	0.0	response	n/a	n/a	n/a	n/a	n/a	n/a	n/a	m	m	1	1
5	5	250	fix_cross_after_trial	1461.4699434000001	0.9840684666662582	fixation cross	n/a	n/a	94	1461.4700522	0.00010879999990720535	n/a	n/a	n/a	n/a	n/a	n/a
5	n/a	n/a	fix_cross_iti	1461.4700522	0.0	trigger	n/a	n/a	94	n/a	n/a	n/a	n/a	n/a	n/a	n/a	n/a
5	5	250	break_instruction	1462.4835351	15.00960206666673	break	n/a	n/a	81	1462.4836423999998	0.00010729999985414906	n/a	n/a	n/a	n/a	n/a	n/a
5	n/a	n/a	break_start	1462.4836423999998	0.0	trigger	n/a	n/a	81	n/a	n/a	n/a	n/a	n/a	n/a	n/a	n/a
5	n/a	n/a	break_end	2162.0609568	0.0	trigger	n/a	n/a	82	n/a	n/a	n/a	n/a	n/a	n/a	n/a	n/a
5	6	251	image	2162.1145495	0.7615807666670662	image	saw	saw_06.png	9	2162.1147104	0.00016090000008261995	n/a	n/a	n/a	n/a	1	n/a
5	n/a	n/a	image	2162.1147104	0.0	trigger	n/a	n/a	9	n/a	n/a	n/a	n/a	n/a	n/a	n/a	n/a
5	6	251	word	2162.8908627	0.931269166666425	word	saw_en	n/a	109	2162.8909059	4.3199999709031545e-05	n/a	n/a	n/a	n/a	1	n/a
5	n/a	n/a	word	2162.8909059	0.0	trigger	n/a	n/a	109	n/a	n/a	n/a	n/a	n/a	n/a	n/a	n/a
5	6	251	possible_button_press	2164.3957870000004	0.0	response	n/a	n/a	n/a	n/a	n/a	n/a	n/a	m	m	1	1
5	6	251	fix_cross_after_trial	2164.4216237	1.1582424666667066	fixation cross	n/a	n/a	94	2164.4217327999995	0.00010909999946306925	n/a	n/a	n/a	n/a	n/a	n/a
5	n/a	n/a	fix_cross_iti	2164.4217327999995	0.0	trigger	n/a	n/a	94	n/a	n/a	n/a	n/a	n/a	n/a	n/a	n/a
5	6	252	image	2165.643833	0.7887024666670186	image	desk	desk_04.png	10	2165.6439527	0.00011970000014116522	n/a	n/a	n/a	n/a	1	n/a
5	n/a	n/a	image	2165.6439527	0.0	trigger	n/a	n/a	10	n/a	n/a	n/a	n/a	n/a	n/a	n/a	n/a
5	6	252	word	2166.4404065	0.9530263666665633	word	desk_en	n/a	110	2166.440461	5.450000026030466e-05	n/a	n/a	n/a	n/a	1	n/a
5	n/a	n/a	word	2166.440461	0.0	trigger	n/a	n/a	110	n/a	n/a	n/a	n/a	n/a	n/a	n/a	n/a
5	6	252	possible_button_press	2167.9259730000003	0.0	response	n/a	n/a	n/a	n/a	n/a	n/a	n/a	m	m	1	1
5	6	252	fix_cross_after_trial	2167.9391736	0.750241466666921	fixation cross	n/a	n/a	94	2167.9392135999997	3.999999989900971e-05	n/a	n/a	n/a	n/a	n/a	n/a
5	n/a	n/a	fix_cross_iti	2167.9392135999997	0.0	trigger	n/a	n/a	94	n/a	n/a	n/a	n/a	n/a	n/a	n/a	n/a
5	6	253	image	2168.8129083000003	0.7744607666663796	image	roll	roll_10.png	6	2168.8131084999995	0.0002001999991989578	n/a	n/a	n/a	n/a	1	n/a
5	n/a	n/a	image	2168.8131084999995	0.0	trigger	n/a	n/a	6	n/a	n/a	n/a	n/a	n/a	n/a	n/a	n/a
5	6	253	word	2169.6061424	0.9689837666664971	word	roll_en	n/a	106	2169.6062122000003	6.98000003467314e-05	n/a	n/a	n/a	n/a	1	n/a
5	n/a	n/a	word	2169.6062122000003	0.0	trigger	n/a	n/a	106	n/a	n/a	n/a	n/a	n/a	n/a	n/a	n/a
5	6	253	possible_button_press	2171.0776212	0.0	response	n/a	n/a	n/a	n/a	n/a	n/a	n/a	m	m	1	1
5	6	253	fix_cross_after_trial	2171.0978269999996	0.9729818666673964	fixation cross	n/a	n/a	94	2171.0979221	9.510000018053688e-05	n/a	n/a	n/a	n/a	n/a	n/a
5	n/a	n/a	fix_cross_iti	2171.0979221	0.0	trigger	n/a	n/a	94	n/a	n/a	n/a	n/a	n/a	n/a	n/a	n/a
5	6	254	image	2172.1181260000003	0.7631011666662744	image	bottle	bottle_08.png	2	2172.1183181999995	0.00019219999921915587	n/a	n/a	n/a	n/a	1	n/a
5	n/a	n/a	image	2172.1183181999995	0.0	trigger	n/a	n/a	2	n/a	n/a	n/a	n/a	n/a	n/a	n/a	n/a
5	6	254	word	2172.8872301	0.9890898666662906	word	bottle_en	n/a	102	2172.8873026	7.249999998748535e-05	n/a	n/a	n/a	n/a	1	n/a
5	n/a	n/a	word	2172.8873026	0.0	trigger	n/a	n/a	102	n/a	n/a	n/a	n/a	n/a	n/a	n/a	n/a
5	6	254	possible_button_press	2174.3736902	0.0	response	n/a	n/a	n/a	n/a	n/a	n/a	n/a	m	m	1	1
5	6	254	fix_cross_after_trial	2174.3951121	1.0726008666670168	fixation cross	n/a	n/a	94	2174.3951698	5.7700000070326496e-05	n/a	n/a	n/a	n/a	n/a	n/a
5	n/a	n/a	fix_cross_iti	2174.3951698	0.0	trigger	n/a	n/a	94	n/a	n/a	n/a	n/a	n/a	n/a	n/a	n/a
5	6	255	image	2175.5302527000003	0.7736524666661353	image	fan	fan_02.png	4	2175.5304635	0.00021079999987705378	n/a	n/a	n/a	n/a	0	n/a
5	n/a	n/a	image	2175.5304635	0.0	trigger	n/a	n/a	4	n/a	n/a	n/a	n/a	n/a	n/a	n/a	n/a
5	6	255	word	2176.3205110999997	0.9300149666669313	word	ball_en	n/a	108	2176.3205938	8.270000034826808e-05	n/a	n/a	n/a	n/a	0	n/a
5	n/a	n/a	word	2176.3205938	0.0	trigger	n/a	n/a	108	n/a	n/a	n/a	n/a	n/a	n/a	n/a	n/a
5	6	255	feedback	2177.8194494	0.0	trigger	n/a	n/a	96	n/a	n/a	n/a	n/a	n/a	n/a	n/a	n/a
5	6	255	possible_button_press	2178.0217156999997	0.0	response	n/a	n/a	n/a	n/a	n/a	n/a	n/a	m	r	0	0
5	6	255	fix_cross_after_trial	2178.0387574999995	1.21236456666702	fixation cross	n/a	n/a	94	2178.0388219999995	6.450000000768341e-05	n/a	n/a	n/a	n/a	n/a	n/a
5	n/a	n/a	fix_cross_iti	2178.0388219999995	0.0	trigger	n/a	n/a	94	n/a	n/a	n/a	n/a	n/a	n/a	n/a	n/a
5	6	256	image	2179.3045869999996	0.7635199666674453	image	bottle	bottle_10.png	2	2179.3047036	0.00011660000018309802	n/a	n/a	n/a	n/a	1	n/a
5	n/a	n/a	image	2179.3047036	0.0	trigger	n/a	n/a	2	n/a	n/a	n/a	n/a	n/a	n/a	n/a	n/a
5	6	256	word	2180.1021241999997	0.9495973666671489	word	bottle_en	n/a	102	2180.1023051	0.00018090000048687216	n/a	n/a	n/a	n/a	1	n/a
5	n/a	n/a	word	2180.1023051	0.0	trigger	n/a	n/a	102	n/a	n/a	n/a	n/a	n/a	n/a	n/a	n/a
5	6	256	possible_button_press	2181.573133	0.0	response	n/a	n/a	n/a	n/a	n/a	n/a	n/a	m	m	1	1
5	6	256	fix_cross_after_trial	2181.5896891	1.214046466666332	fixation cross	n/a	n/a	94	2181.5897413000002	5.220000002736924e-05	n/a	n/a	n/a	n/a	n/a	n/a
5	n/a	n/a	fix_cross_iti	2181.5897413000002	0.0	trigger	n/a	n/a	94	n/a	n/a	n/a	n/a	n/a	n/a	n/a	n/a
5	6	257	image	2182.9008468	0.7522716666662745	image	desk	desk_01.png	10	2182.9010925000002	0.0002457000000504195	n/a	n/a	n/a	n/a	1	n/a
5	n/a	n/a	image	2182.9010925000002	0.0	trigger	n/a	n/a	10	n/a	n/a	n/a	n/a	n/a	n/a	n/a	n/a
5	6	257	word	2183.6709689	0.9279119666671249	word	desk_en	n/a	110	2183.6711256	0.00015669999993406236	n/a	n/a	n/a	n/a	1	n/a
5	n/a	n/a	word	2183.6711256	0.0	trigger	n/a	n/a	110	n/a	n/a	n/a	n/a	n/a	n/a	n/a	n/a
5	6	257	possible_button_press	2185.1403227	0.0	response	n/a	n/a	n/a	n/a	n/a	n/a	n/a	m	m	1	1
5	6	257	fix_cross_after_trial	2185.1522019000004	1.2162626666668075	fixation cross	n/a	n/a	94	2185.1522752	7.329999971261714e-05	n/a	n/a	n/a	n/a	n/a	n/a
5	n/a	n/a	fix_cross_iti	2185.1522752	0.0	trigger	n/a	n/a	94	n/a	n/a	n/a	n/a	n/a	n/a	n/a	n/a
5	6	258	image	2186.4745517	0.7540761666668914	image	suit	suit_03.png	1	2186.4747306	0.00017889999980980065	n/a	n/a	n/a	n/a	1	n/a
5	n/a	n/a	image	2186.4747306	0.0	trigger	n/a	n/a	1	n/a	n/a	n/a	n/a	n/a	n/a	n/a	n/a
5	6	258	word	2187.2460171000002	0.9273891666662166	word	suit_en	n/a	101	2187.2460758999996	5.8799999351322185e-05	n/a	n/a	n/a	n/a	1	n/a
5	n/a	n/a	word	2187.2460758999996	0.0	trigger	n/a	n/a	101	n/a	n/a	n/a	n/a	n/a	n/a	n/a	n/a
5	6	258	possible_button_press	2188.7456752	0.0	response	n/a	n/a	n/a	n/a	n/a	n/a	n/a	m	m	1	1
5	6	258	fix_cross_after_trial	2188.7747384000004	1.0404995666667674	fixation cross	n/a	n/a	94	2188.7747932	5.4799999816168565e-05	n/a	n/a	n/a	n/a	n/a	n/a
5	n/a	n/a	fix_cross_iti	2188.7747932	0.0	trigger	n/a	n/a	94	n/a	n/a	n/a	n/a	n/a	n/a	n/a	n/a
5	6	259	image	2189.8333881999997	0.7510783666675707	image	bottle	bottle_03.png	2	2189.8334802	9.200000022246968e-05	n/a	n/a	n/a	n/a	1	n/a
5	n/a	n/a	image	2189.8334802	0.0	trigger	n/a	n/a	2	n/a	n/a	n/a	n/a	n/a	n/a	n/a	n/a
5	6	259	word	2190.5936614	0.9705843666670262	word	bottle_en	n/a	102	2190.5937142000002	5.2800000048591755e-05	n/a	n/a	n/a	n/a	1	n/a
5	n/a	n/a	word	2190.5937142000002	0.0	trigger	n/a	n/a	102	n/a	n/a	n/a	n/a	n/a	n/a	n/a	n/a
5	6	259	possible_button_press	2192.0792879	0.0	response	n/a	n/a	n/a	n/a	n/a	n/a	n/a	m	m	1	1
5	6	259	fix_cross_after_trial	2192.1022597	1.1920853666670155	fixation cross	n/a	n/a	94	2192.1023060999996	4.639999951905338e-05	n/a	n/a	n/a	n/a	n/a	n/a
5	n/a	n/a	fix_cross_iti	2192.1023060999996	0.0	trigger	n/a	n/a	94	n/a	n/a	n/a	n/a	n/a	n/a	n/a	n/a
5	6	260	image	2193.6037574	0.7616263666668601	image	fan	fan_03.png	4	2193.6038922999996	0.00013489999946614262	n/a	n/a	n/a	n/a	1	n/a
5	n/a	n/a	image	2193.6038922999996	0.0	trigger	n/a	n/a	4	n/a	n/a	n/a	n/a	n/a	n/a	n/a	n/a
5	6	260	word	2194.3855698999996	0.9177262666671595	word	fan_en	n/a	104	2194.3856167000004	4.6800000745861325e-05	n/a	n/a	n/a	n/a	1	n/a
5	n/a	n/a	word	2194.3856167000004	0.0	trigger	n/a	n/a	104	n/a	n/a	n/a	n/a	n/a	n/a	n/a	n/a
5	6	260	possible_button_press	2195.877735	0.0	response	n/a	n/a	n/a	n/a	n/a	n/a	n/a	m	m	1	1
5	6	260	fix_cross_after_trial	2195.9042953	0.7941754666671841	fixation cross	n/a	n/a	94	2195.9043412	4.5900000259280205e-05	n/a	n/a	n/a	n/a	n/a	n/a
5	n/a	n/a	fix_cross_iti	2195.9043412	0.0	trigger	n/a	n/a	94	n/a	n/a	n/a	n/a	n/a	n/a	n/a	n/a
5	6	261	image	2196.7722932999995	0.7514505666676996	image	bus	bus_02.png	7	2196.7724001999995	0.00010689999999158317	n/a	n/a	n/a	n/a	1	n/a
5	n/a	n/a	image	2196.7724001999995	0.0	trigger	n/a	n/a	7	n/a	n/a	n/a	n/a	n/a	n/a	n/a	n/a
5	6	261	word	2197.5440714999995	0.9780246666668972	word	bus_en	n/a	107	2197.5441284999997	5.700000019714935e-05	n/a	n/a	n/a	n/a	1	n/a
5	n/a	n/a	word	2197.5441284999997	0.0	trigger	n/a	n/a	107	n/a	n/a	n/a	n/a	n/a	n/a	n/a	n/a
5	6	261	possible_button_press	2199.0278795000004	0.0	response	n/a	n/a	n/a	n/a	n/a	n/a	n/a	m	m	1	1
5	6	261	fix_cross_after_trial	2199.0471256	0.8875670666666338	fixation cross	n/a	n/a	94	2199.0471651	3.949999972974183e-05	n/a	n/a	n/a	n/a	n/a	n/a
5	n/a	n/a	fix_cross_iti	2199.0471651	0.0	trigger	n/a	n/a	94	n/a	n/a	n/a	n/a	n/a	n/a	n/a	n/a
5	6	262	image	2200.0017159999998	0.7614205666668568	image	suit	suit_05.png	1	2200.001822	0.00010600000041449675	n/a	n/a	n/a	n/a	1	n/a
5	n/a	n/a	image	2200.001822	0.0	trigger	n/a	n/a	1	n/a	n/a	n/a	n/a	n/a	n/a	n/a	n/a
5	6	262	word	2200.7794537	0.9132352666665611	word	suit_en	n/a	101	2200.7795304	7.670000013604295e-05	n/a	n/a	n/a	n/a	1	n/a
5	n/a	n/a	word	2200.7795304	0.0	trigger	n/a	n/a	101	n/a	n/a	n/a	n/a	n/a	n/a	n/a	n/a
5	6	262	possible_button_press	2202.2627359999997	0.0	response	n/a	n/a	n/a	n/a	n/a	n/a	n/a	m	m	1	1
5	6	262	fix_cross_after_trial	2202.2848006000004	1.166671566666082	fixation cross	n/a	n/a	94	2202.2848342999996	3.369999922142597e-05	n/a	n/a	n/a	n/a	n/a	n/a
5	n/a	n/a	fix_cross_iti	2202.2848342999996	0.0	trigger	n/a	n/a	94	n/a	n/a	n/a	n/a	n/a	n/a	n/a	n/a
5	6	263	image	2203.5405485	0.7538016666667318	image	bell	bell_08.png	5	2203.5407401	0.00019160000010742806	n/a	n/a	n/a	n/a	1	n/a
5	n/a	n/a	image	2203.5407401	0.0	trigger	n/a	n/a	5	n/a	n/a	n/a	n/a	n/a	n/a	n/a	n/a
5	6	263	word	2204.3111261000004	0.9311952666666912	word	bell_en	n/a	105	2204.3111833000003	5.719999990105862e-05	n/a	n/a	n/a	n/a	1	n/a
5	n/a	n/a	word	2204.3111833000003	0.0	trigger	n/a	n/a	105	n/a	n/a	n/a	n/a	n/a	n/a	n/a	n/a
5	6	263	possible_button_press	2205.8077764	0.0	response	n/a	n/a	n/a	n/a	n/a	n/a	n/a	m	m	1	1
5	6	263	fix_cross_after_trial	2205.8353354	1.2501183666663565	fixation cross	n/a	n/a	94	2205.8353740000002	3.860000015265541e-05	n/a	n/a	n/a	n/a	n/a	n/a
5	n/a	n/a	fix_cross_iti	2205.8353740000002	0.0	trigger	n/a	n/a	94	n/a	n/a	n/a	n/a	n/a	n/a	n/a	n/a
5	6	264	image	2207.1474833	0.7791345666664711	image	saw	saw_07.png	9	2207.1475757999997	9.249999948224286e-05	n/a	n/a	n/a	n/a	1	n/a
5	n/a	n/a	image	2207.1475757999997	0.0	trigger	n/a	n/a	9	n/a	n/a	n/a	n/a	n/a	n/a	n/a	n/a
5	6	264	word	2207.9459681	0.9416755666670724	word	saw_en	n/a	109	2207.9460103	4.220000027999049e-05	n/a	n/a	n/a	n/a	1	n/a
5	n/a	n/a	word	2207.9460103	0.0	trigger	n/a	n/a	109	n/a	n/a	n/a	n/a	n/a	n/a	n/a	n/a
5	6	264	possible_button_press	2209.4377305	0.0	response	n/a	n/a	n/a	n/a	n/a	n/a	n/a	m	m	1	1
5	6	264	fix_cross_after_trial	2209.4590746000003	1.2633761666666032	fixation cross	n/a	n/a	94	2209.4591309999996	5.639999926643213e-05	n/a	n/a	n/a	n/a	n/a	n/a
5	n/a	n/a	fix_cross_iti	2209.4591309999996	0.0	trigger	n/a	n/a	94	n/a	n/a	n/a	n/a	n/a	n/a	n/a	n/a
5	6	265	image	2210.7952459999997	0.7555091666672524	image	watch	watch_01.png	3	2210.7953664999995	0.000120499999866297	n/a	n/a	n/a	n/a	1	n/a
5	n/a	n/a	image	2210.7953664999995	0.0	trigger	n/a	n/a	3	n/a	n/a	n/a	n/a	n/a	n/a	n/a	n/a
5	6	265	word	2211.5911881	0.965536866666298	word	watch_en	n/a	103	2211.5915776	0.00038949999998294516	n/a	n/a	n/a	n/a	1	n/a
5	n/a	n/a	word	2211.5915776	0.0	trigger	n/a	n/a	103	n/a	n/a	n/a	n/a	n/a	n/a	n/a	n/a
5	6	265	possible_button_press	2213.0517216999997	0.0	response	n/a	n/a	n/a	n/a	n/a	n/a	n/a	m	m	1	1
5	6	265	fix_cross_after_trial	2213.0741593000002	1.115282266666327	fixation cross	n/a	n/a	94	2213.0742032999997	4.399999943416333e-05	n/a	n/a	n/a	n/a	n/a	n/a
5	n/a	n/a	fix_cross_iti	2213.0742032999997	0.0	trigger	n/a	n/a	94	n/a	n/a	n/a	n/a	n/a	n/a	n/a	n/a
5	6	266	image	2214.2563296	0.7678564666666716	image	roll	roll_08.png	6	2214.2564929	0.00016330000016751	n/a	n/a	n/a	n/a	0	n/a
5	n/a	n/a	image	2214.2564929	0.0	trigger	n/a	n/a	6	n/a	n/a	n/a	n/a	n/a	n/a	n/a	n/a
5	6	266	word	2215.0395884	0.9428244666669343	word	desk_en	n/a	110	2215.039707	0.00011859999995067483	n/a	n/a	n/a	n/a	0	n/a
5	n/a	n/a	word	2215.039707	0.0	trigger	n/a	n/a	110	n/a	n/a	n/a	n/a	n/a	n/a	n/a	n/a
5	6	266	feedback	2216.5428739	0.0	trigger	n/a	n/a	96	n/a	n/a	n/a	n/a	n/a	n/a	n/a	n/a
5	6	266	possible_button_press	2216.7242195	0.0	response	n/a	n/a	n/a	n/a	n/a	n/a	n/a	m	r	0	0
5	6	266	fix_cross_after_trial	2216.7454995	0.9294058666673664	fixation cross	n/a	n/a	94	2216.7455352999996	3.5799999750452116e-05	n/a	n/a	n/a	n/a	n/a	n/a
5	n/a	n/a	fix_cross_iti	2216.7455352999996	0.0	trigger	n/a	n/a	94	n/a	n/a	n/a	n/a	n/a	n/a	n/a	n/a
5	6	267	image	2217.7447	0.7855812666666679	image	ball	ball_10.png	8	2217.7448252000004	0.00012520000018412247	n/a	n/a	n/a	n/a	1	n/a
5	n/a	n/a	image	2217.7448252000004	0.0	trigger	n/a	n/a	8	n/a	n/a	n/a	n/a	n/a	n/a	n/a	n/a
5	6	267	word	2218.5406493	0.9681494666665458	word	ball_en	n/a	108	2218.5407579000002	0.00010860000020329608	n/a	n/a	n/a	n/a	1	n/a
5	n/a	n/a	word	2218.5407579000002	0.0	trigger	n/a	n/a	108	n/a	n/a	n/a	n/a	n/a	n/a	n/a	n/a
5	6	267	possible_button_press	2220.0247904	0.0	response	n/a	n/a	n/a	n/a	n/a	n/a	n/a	m	m	1	1
5	6	267	fix_cross_after_trial	2220.0404924000004	0.7831185666664169	fixation cross	n/a	n/a	94	2220.0405420999996	4.969999918102985e-05	n/a	n/a	n/a	n/a	n/a	n/a
5	n/a	n/a	fix_cross_iti	2220.0405420999996	0.0	trigger	n/a	n/a	94	n/a	n/a	n/a	n/a	n/a	n/a	n/a	n/a
5	6	268	image	2220.8774755000004	0.7531469666664634	image	roll	roll_05.png	6	2220.8775749999995	9.949999912350904e-05	n/a	n/a	n/a	n/a	1	n/a
5	n/a	n/a	image	2220.8775749999995	0.0	trigger	n/a	n/a	6	n/a	n/a	n/a	n/a	n/a	n/a	n/a	n/a
5	6	268	word	2221.6370389000003	0.9551899666666941	word	roll_en	n/a	106	2221.6370974	5.849999979545828e-05	n/a	n/a	n/a	n/a	1	n/a
5	n/a	n/a	word	2221.6370974	0.0	trigger	n/a	n/a	106	n/a	n/a	n/a	n/a	n/a	n/a	n/a	n/a
5	6	268	possible_button_press	2223.1388053	0.0	response	n/a	n/a	n/a	n/a	n/a	n/a	n/a	m	m	1	1
5	6	268	fix_cross_after_trial	2223.1570678999997	1.2347850666674276	fixation cross	n/a	n/a	94	2223.1571237	5.580000015470432e-05	n/a	n/a	n/a	n/a	n/a	n/a
5	n/a	n/a	fix_cross_iti	2223.1571237	0.0	trigger	n/a	n/a	94	n/a	n/a	n/a	n/a	n/a	n/a	n/a	n/a
5	6	269	image	2224.5482892	0.7569993666666051	image	fan	fan_06.png	4	2224.5486498	0.0003606000000218046	n/a	n/a	n/a	n/a	1	n/a
5	n/a	n/a	image	2224.5486498	0.0	trigger	n/a	n/a	4	n/a	n/a	n/a	n/a	n/a	n/a	n/a	n/a
5	6	269	word	2225.3260177	0.9101805666668952	word	fan_en	n/a	104	2225.3260741000004	5.6400000175926834e-05	n/a	n/a	n/a	n/a	1	n/a
5	n/a	n/a	word	2225.3260741000004	0.0	trigger	n/a	n/a	104	n/a	n/a	n/a	n/a	n/a	n/a	n/a	n/a
5	6	269	possible_button_press	2226.7963846000002	0.0	response	n/a	n/a	n/a	n/a	n/a	n/a	n/a	m	m	1	1
5	6	269	fix_cross_after_trial	2226.8221980999997	1.1261335666667946	fixation cross	n/a	n/a	94	2226.822244	4.5900000259280205e-05	n/a	n/a	n/a	n/a	n/a	n/a
5	n/a	n/a	fix_cross_iti	2226.822244	0.0	trigger	n/a	n/a	94	n/a	n/a	n/a	n/a	n/a	n/a	n/a	n/a
5	6	270	image	2228.025541	0.7524348666665901	image	bus	bus_07.png	7	2228.0256806999996	0.00013969999963592272	n/a	n/a	n/a	n/a	1	n/a
5	n/a	n/a	image	2228.0256806999996	0.0	trigger	n/a	n/a	7	n/a	n/a	n/a	n/a	n/a	n/a	n/a	n/a
5	6	270	word	2228.7920373999996	0.957908166667039	word	bus_en	n/a	107	2228.7920968999997	5.9500000133994035e-05	n/a	n/a	n/a	n/a	1	n/a
5	n/a	n/a	word	2228.7920968999997	0.0	trigger	n/a	n/a	107	n/a	n/a	n/a	n/a	n/a	n/a	n/a	n/a
5	6	270	possible_button_press	2230.2767909000004	0.0	response	n/a	n/a	n/a	n/a	n/a	n/a	n/a	m	m	1	1
5	6	270	fix_cross_after_trial	2230.3007963	1.139091866666604	fixation cross	n/a	n/a	94	2230.3009260999997	0.0001297999997404986	n/a	n/a	n/a	n/a	n/a	n/a
5	n/a	n/a	fix_cross_iti	2230.3009260999997	0.0	trigger	n/a	n/a	94	n/a	n/a	n/a	n/a	n/a	n/a	n/a	n/a
5	6	271	image	2231.5221773000003	0.7571329666661768	image	suit	suit_06.png	1	2231.5224123999997	0.0002350999993723235	n/a	n/a	n/a	n/a	1	n/a
5	n/a	n/a	image	2231.5224123999997	0.0	trigger	n/a	n/a	1	n/a	n/a	n/a	n/a	n/a	n/a	n/a	n/a
5	6	271	word	2232.3042653	0.9116833666666935	word	suit_en	n/a	101	2232.3043381999996	7.28999993953039e-05	n/a	n/a	n/a	n/a	1	n/a
5	n/a	n/a	word	2232.3043381999996	0.0	trigger	n/a	n/a	101	n/a	n/a	n/a	n/a	n/a	n/a	n/a	n/a
5	6	271	possible_button_press	2233.7943188	0.0	response	n/a	n/a	n/a	n/a	n/a	n/a	n/a	m	m	1	1
5	6	271	fix_cross_after_trial	2233.8209012999996	0.8006721666670273	fixation cross	n/a	n/a	94	2233.8209607999997	5.9500000133994035e-05	n/a	n/a	n/a	n/a	n/a	n/a
5	n/a	n/a	fix_cross_iti	2233.8209607999997	0.0	trigger	n/a	n/a	94	n/a	n/a	n/a	n/a	n/a	n/a	n/a	n/a
5	6	272	image	2234.7224101	0.7673161666671149	image	saw	saw_03.png	9	2234.7226462	0.00023609999971085927	n/a	n/a	n/a	n/a	1	n/a
5	n/a	n/a	image	2234.7226462	0.0	trigger	n/a	n/a	9	n/a	n/a	n/a	n/a	n/a	n/a	n/a	n/a
5	6	272	word	2235.4981879999996	0.9537950666672259	word	saw_en	n/a	109	2235.4982518999996	6.38999999864609e-05	n/a	n/a	n/a	n/a	1	n/a
5	n/a	n/a	word	2235.4982518999996	0.0	trigger	n/a	n/a	109	n/a	n/a	n/a	n/a	n/a	n/a	n/a	n/a
5	6	272	possible_button_press	2236.9879745	0.0	response	n/a	n/a	n/a	n/a	n/a	n/a	n/a	m	m	1	1
5	6	272	fix_cross_after_trial	2236.9979495	1.042414666667355	fixation cross	n/a	n/a	94	2236.9980306999996	8.119999984046444e-05	n/a	n/a	n/a	n/a	n/a	n/a
5	n/a	n/a	fix_cross_iti	2236.9980306999996	0.0	trigger	n/a	n/a	94	n/a	n/a	n/a	n/a	n/a	n/a	n/a	n/a
5	6	273	image	2238.1049955999997	0.7682110666673907	image	desk	desk_07.png	10	2238.1051152	0.00011960000028921058	n/a	n/a	n/a	n/a	1	n/a
5	n/a	n/a	image	2238.1051152	0.0	trigger	n/a	n/a	10	n/a	n/a	n/a	n/a	n/a	n/a	n/a	n/a
5	6	273	word	2238.8948973999995	0.9629552666674499	word	desk_en	n/a	110	2238.8949776	8.020000041142339e-05	n/a	n/a	n/a	n/a	1	n/a
5	n/a	n/a	word	2238.8949776	0.0	trigger	n/a	n/a	110	n/a	n/a	n/a	n/a	n/a	n/a	n/a	n/a
5	6	273	possible_button_press	2240.3773996	0.0	response	n/a	n/a	n/a	n/a	n/a	n/a	n/a	m	m	1	1
5	6	273	fix_cross_after_trial	2240.4064956	0.9409047666667902	fixation cross	n/a	n/a	94	2240.4065450999997	4.949999947712058e-05	n/a	n/a	n/a	n/a	n/a	n/a
5	n/a	n/a	fix_cross_iti	2240.4065450999997	0.0	trigger	n/a	n/a	94	n/a	n/a	n/a	n/a	n/a	n/a	n/a	n/a
5	6	274	image	2241.4417033	0.7586132666665435	image	watch	watch_05.png	3	2241.4418901	0.00018679999993764795	n/a	n/a	n/a	n/a	1	n/a
5	n/a	n/a	image	2241.4418901	0.0	trigger	n/a	n/a	3	n/a	n/a	n/a	n/a	n/a	n/a	n/a	n/a
5	6	274	word	2242.2318735	0.9504270666666343	word	watch_en	n/a	103	2242.2319755	0.00010199999996984843	n/a	n/a	n/a	n/a	1	n/a
5	n/a	n/a	word	2242.2319755	0.0	trigger	n/a	n/a	103	n/a	n/a	n/a	n/a	n/a	n/a	n/a	n/a
5	6	274	possible_button_press	2243.7049507	0.0	response	n/a	n/a	n/a	n/a	n/a	n/a	n/a	m	m	1	1
5	6	274	fix_cross_after_trial	2243.7160076	1.0391022666672143	fixation cross	n/a	n/a	94	2243.7160766999996	6.909999956405954e-05	n/a	n/a	n/a	n/a	n/a	n/a
5	n/a	n/a	fix_cross_iti	2243.7160766999996	0.0	trigger	n/a	n/a	94	n/a	n/a	n/a	n/a	n/a	n/a	n/a	n/a
5	6	275	image	2244.8750506999995	0.7546224666675698	image	bell	bell_06.png	5	2244.8751753999995	0.0001247000000148546	n/a	n/a	n/a	n/a	1	n/a
5	n/a	n/a	image	2244.8751753999995	0.0	trigger	n/a	n/a	5	n/a	n/a	n/a	n/a	n/a	n/a	n/a	n/a
5	6	275	word	2245.6275469	0.9765832666662391	word	bell_en	n/a	105	2245.6276082000004	6.130000019766157e-05	n/a	n/a	n/a	n/a	1	n/a
5	n/a	n/a	word	2245.6276082000004	0.0	trigger	n/a	n/a	105	n/a	n/a	n/a	n/a	n/a	n/a	n/a	n/a
5	6	275	possible_button_press	2247.1373307000003	0.0	response	n/a	n/a	n/a	n/a	n/a	n/a	n/a	m	m	1	1
5	6	275	fix_cross_after_trial	2247.1558349999996	1.1218628666674704	fixation cross	n/a	n/a	94	2247.1558818000003	4.6800000745861325e-05	n/a	n/a	n/a	n/a	n/a	n/a
5	n/a	n/a	fix_cross_iti	2247.1558818000003	0.0	trigger	n/a	n/a	94	n/a	n/a	n/a	n/a	n/a	n/a	n/a	n/a
5	6	276	image	2248.3498329000004	0.765349466666521	image	ball	ball_08.png	8	2248.3500768000004	0.00024389999998675194	n/a	n/a	n/a	n/a	1	n/a
5	n/a	n/a	image	2248.3500768000004	0.0	trigger	n/a	n/a	8	n/a	n/a	n/a	n/a	n/a	n/a	n/a	n/a
5	6	276	word	2249.1278857999996	0.9368413666670676	word	ball_en	n/a	108	2249.1279348	4.9000000217347406e-05	n/a	n/a	n/a	n/a	1	n/a
5	n/a	n/a	word	2249.1279348	0.0	trigger	n/a	n/a	108	n/a	n/a	n/a	n/a	n/a	n/a	n/a	n/a
5	6	276	possible_button_press	2250.6151406	0.0	response	n/a	n/a	n/a	n/a	n/a	n/a	n/a	m	m	1	1
5	6	276	fix_cross_after_trial	2250.6310376	1.1001885666664748	fixation cross	n/a	n/a	94	2250.6311772	0.0001395999997839681	n/a	n/a	n/a	n/a	n/a	n/a
5	n/a	n/a	fix_cross_iti	2250.6311772	0.0	trigger	n/a	n/a	94	n/a	n/a	n/a	n/a	n/a	n/a	n/a	n/a
5	6	277	image	2251.8169602999997	0.7668053666675405	image	desk	desk_10.png	10	2251.8171021	0.00014180000016494887	n/a	n/a	n/a	n/a	1	n/a
5	n/a	n/a	image	2251.8171021	0.0	trigger	n/a	n/a	10	n/a	n/a	n/a	n/a	n/a	n/a	n/a	n/a
5	6	277	word	2252.59462	0.9502836666670191	word	desk_en	n/a	110	2252.5946642	4.42000000475673e-05	n/a	n/a	n/a	n/a	1	n/a
5	n/a	n/a	word	2252.5946642	0.0	trigger	n/a	n/a	110	n/a	n/a	n/a	n/a	n/a	n/a	n/a	n/a
5	6	277	possible_button_press	2254.1003643000004	0.0	response	n/a	n/a	n/a	n/a	n/a	n/a	n/a	m	m	1	1
5	6	277	fix_cross_after_trial	2254.1151581000004	1.0969878666664954	fixation cross	n/a	n/a	94	2254.1152205999997	6.24999993306119e-05	n/a	n/a	n/a	n/a	n/a	n/a
5	n/a	n/a	fix_cross_iti	2254.1152205999997	0.0	trigger	n/a	n/a	94	n/a	n/a	n/a	n/a	n/a	n/a	n/a	n/a
5	6	278	image	2255.2821619999995	0.7633528666674465	image	bell	bell_07.png	5	2255.2824096000004	0.00024760000087553635	n/a	n/a	n/a	n/a	0	n/a
5	n/a	n/a	image	2255.2824096000004	0.0	trigger	n/a	n/a	5	n/a	n/a	n/a	n/a	n/a	n/a	n/a	n/a
5	6	278	word	2256.0637298	0.947636066666746	word	saw_en	n/a	109	2256.0637864	5.6599999879836105e-05	n/a	n/a	n/a	n/a	0	n/a
5	n/a	n/a	word	2256.0637864	0.0	trigger	n/a	n/a	109	n/a	n/a	n/a	n/a	n/a	n/a	n/a	n/a
5	6	278	feedback	2257.5424903000003	0.0	trigger	n/a	n/a	96	n/a	n/a	n/a	n/a	n/a	n/a	n/a	n/a
5	6	278	possible_button_press	2257.7400957	0.0	response	n/a	n/a	n/a	n/a	n/a	n/a	n/a	m	r	0	0
5	6	278	fix_cross_after_trial	2257.7767886	1.119144466666512	fixation cross	n/a	n/a	94	2257.77683	4.1399999645364005e-05	n/a	n/a	n/a	n/a	n/a	n/a
5	n/a	n/a	fix_cross_iti	2257.77683	0.0	trigger	n/a	n/a	94	n/a	n/a	n/a	n/a	n/a	n/a	n/a	n/a
5	6	279	image	2258.9823599	0.7555686666664769	image	ball	ball_04.png	8	2258.9824732999996	0.00011339999946358148	n/a	n/a	n/a	n/a	1	n/a
5	n/a	n/a	image	2258.9824732999996	0.0	trigger	n/a	n/a	8	n/a	n/a	n/a	n/a	n/a	n/a	n/a	n/a
5	6	279	word	2259.7441368	0.9557595666665293	word	ball_en	n/a	108	2259.7441822	4.540000009001233e-05	n/a	n/a	n/a	n/a	1	n/a
5	n/a	n/a	word	2259.7441822	0.0	trigger	n/a	n/a	108	n/a	n/a	n/a	n/a	n/a	n/a	n/a	n/a
5	6	279	possible_button_press	2261.2271893999996	0.0	response	n/a	n/a	n/a	n/a	n/a	n/a	n/a	m	m	1	1
5	6	279	fix_cross_after_trial	2261.2512605	1.0546944666666604	fixation cross	n/a	n/a	94	2261.2513665999995	0.00010609999935695669	n/a	n/a	n/a	n/a	n/a	n/a
5	n/a	n/a	fix_cross_iti	2261.2513665999995	0.0	trigger	n/a	n/a	94	n/a	n/a	n/a	n/a	n/a	n/a	n/a	n/a
5	6	280	image	2262.3824858	0.7631043666669939	image	bus	bus_08.png	7	2262.3826163000003	0.00013050000052317046	n/a	n/a	n/a	n/a	1	n/a
5	n/a	n/a	image	2262.3826163000003	0.0	trigger	n/a	n/a	7	n/a	n/a	n/a	n/a	n/a	n/a	n/a	n/a
5	6	280	word	2263.1810164	0.9600999666672578	word	bus_en	n/a	107	2263.1811146	9.820000013860408e-05	n/a	n/a	n/a	n/a	1	n/a
5	n/a	n/a	word	2263.1811146	0.0	trigger	n/a	n/a	107	n/a	n/a	n/a	n/a	n/a	n/a	n/a	n/a
5	6	280	possible_button_press	2264.6451273000002	0.0	response	n/a	n/a	n/a	n/a	n/a	n/a	n/a	m	m	1	1
5	6	280	fix_cross_after_trial	2264.6563014000003	1.044218966666449	fixation cross	n/a	n/a	94	2264.6563359	3.4499999856052455e-05	n/a	n/a	n/a	n/a	n/a	n/a
5	n/a	n/a	fix_cross_iti	2264.6563359	0.0	trigger	n/a	n/a	94	n/a	n/a	n/a	n/a	n/a	n/a	n/a	n/a
5	6	281	image	2265.7280170000004	0.7619279666669172	image	bottle	bottle_02.png	2	2265.7281992	0.00018219999947177712	n/a	n/a	n/a	n/a	1	n/a
5	n/a	n/a	image	2265.7281992	0.0	trigger	n/a	n/a	2	n/a	n/a	n/a	n/a	n/a	n/a	n/a	n/a
5	6	281	word	2266.4901836	0.986928066667133	word	bottle_en	n/a	102	2266.4902675000003	8.39000003907131e-05	n/a	n/a	n/a	n/a	1	n/a
5	n/a	n/a	word	2266.4902675000003	0.0	trigger	n/a	n/a	102	n/a	n/a	n/a	n/a	n/a	n/a	n/a	n/a
5	6	281	possible_button_press	2267.9785097000004	0.0	response	n/a	n/a	n/a	n/a	n/a	n/a	n/a	m	m	1	1
5	6	281	fix_cross_after_trial	2267.9914804	0.9668811666670081	fixation cross	n/a	n/a	94	2267.9915902000002	0.0001098000002457411	n/a	n/a	n/a	n/a	n/a	n/a
5	n/a	n/a	fix_cross_iti	2267.9915902000002	0.0	trigger	n/a	n/a	94	n/a	n/a	n/a	n/a	n/a	n/a	n/a	n/a
5	6	282	image	2269.0379056	0.7537703666666857	image	suit	suit_10.png	1	2269.0379924	8.679999973537633e-05	n/a	n/a	n/a	n/a	1	n/a
5	n/a	n/a	image	2269.0379924	0.0	trigger	n/a	n/a	1	n/a	n/a	n/a	n/a	n/a	n/a	n/a	n/a
5	6	282	word	2269.8055404999996	0.9174247666669544	word	suit_en	n/a	101	2269.8056595	0.00011900000026798807	n/a	n/a	n/a	n/a	1	n/a
5	n/a	n/a	word	2269.8056595	0.0	trigger	n/a	n/a	101	n/a	n/a	n/a	n/a	n/a	n/a	n/a	n/a
5	6	282	possible_button_press	2271.2884335	0.0	response	n/a	n/a	n/a	n/a	n/a	n/a	n/a	m	m	1	1
5	6	282	fix_cross_after_trial	2271.3035891	1.0613303666668799	fixation cross	n/a	n/a	94	2271.3036204	3.130000004603062e-05	n/a	n/a	n/a	n/a	n/a	n/a
5	n/a	n/a	fix_cross_iti	2271.3036204	0.0	trigger	n/a	n/a	94	n/a	n/a	n/a	n/a	n/a	n/a	n/a	n/a
5	6	283	image	2272.5245709	0.7633995666665214	image	fan	fan_08.png	4	2272.5247456999996	0.0001747999995131977	n/a	n/a	n/a	n/a	1	n/a
5	n/a	n/a	image	2272.5247456999996	0.0	trigger	n/a	n/a	4	n/a	n/a	n/a	n/a	n/a	n/a	n/a	n/a
5	6	283	word	2273.2858020000003	0.9342520666668861	word	fan_en	n/a	104	2273.2858561000003	5.409999994299142e-05	n/a	n/a	n/a	n/a	1	n/a
5	n/a	n/a	word	2273.2858561000003	0.0	trigger	n/a	n/a	104	n/a	n/a	n/a	n/a	n/a	n/a	n/a	n/a
5	6	283	possible_button_press	2274.7860634999997	0.0	response	n/a	n/a	n/a	n/a	n/a	n/a	n/a	m	m	1	1
5	6	283	fix_cross_after_trial	2274.8048486	0.8337882666673977	fixation cross	n/a	n/a	94	2274.8049008	5.220000002736924e-05	n/a	n/a	n/a	n/a	n/a	n/a
5	n/a	n/a	fix_cross_iti	2274.8049008	0.0	trigger	n/a	n/a	94	n/a	n/a	n/a	n/a	n/a	n/a	n/a	n/a
5	6	284	image	2275.7642060999997	0.7570541666673307	image	suit	suit_02.png	1	2275.7645102999995	0.00030419999984587776	n/a	n/a	n/a	n/a	1	n/a
5	n/a	n/a	image	2275.7645102999995	0.0	trigger	n/a	n/a	1	n/a	n/a	n/a	n/a	n/a	n/a	n/a	n/a
5	6	284	word	2276.5204439	0.9544120666669187	word	suit_en	n/a	101	2276.5205544	0.00011050000011891825	n/a	n/a	n/a	n/a	1	n/a
5	n/a	n/a	word	2276.5205544	0.0	trigger	n/a	n/a	101	n/a	n/a	n/a	n/a	n/a	n/a	n/a	n/a
5	6	284	possible_button_press	2278.0210704	0.0	response	n/a	n/a	n/a	n/a	n/a	n/a	n/a	m	m	1	1
5	6	284	fix_cross_after_trial	2278.0371088	1.2251725666665152	fixation cross	n/a	n/a	94	2278.0371412000004	3.240000023652101e-05	n/a	n/a	n/a	n/a	n/a	n/a
5	n/a	n/a	fix_cross_iti	2278.0371412000004	0.0	trigger	n/a	n/a	94	n/a	n/a	n/a	n/a	n/a	n/a	n/a	n/a
5	6	285	image	2279.3257046999997	0.7597718666675064	image	roll	roll_04.png	6	2279.3258345000004	0.0001298000006499933	n/a	n/a	n/a	n/a	1	n/a
5	n/a	n/a	image	2279.3258345000004	0.0	trigger	n/a	n/a	6	n/a	n/a	n/a	n/a	n/a	n/a	n/a	n/a
5	6	285	word	2280.0967303999996	0.955876966667347	word	roll_en	n/a	106	2280.0968387000003	0.00010830000064743217	n/a	n/a	n/a	n/a	1	n/a
5	n/a	n/a	word	2280.0968387000003	0.0	trigger	n/a	n/a	106	n/a	n/a	n/a	n/a	n/a	n/a	n/a	n/a
5	6	285	possible_button_press	2281.5981904	0.0	response	n/a	n/a	n/a	n/a	n/a	n/a	n/a	m	m	1	1
5	6	285	fix_cross_after_trial	2281.6186158	0.9023624666670003	fixation cross	n/a	n/a	94	2281.6186645999996	4.8799999603943434e-05	n/a	n/a	n/a	n/a	n/a	n/a
5	n/a	n/a	fix_cross_iti	2281.6186645999996	0.0	trigger	n/a	n/a	94	n/a	n/a	n/a	n/a	n/a	n/a	n/a	n/a
5	6	286	image	2282.5957885	0.7594614666668349	image	watch	watch_09.png	3	2282.5959172000003	0.00012870000045950292	n/a	n/a	n/a	n/a	0	n/a
5	n/a	n/a	image	2282.5959172000003	0.0	trigger	n/a	n/a	3	n/a	n/a	n/a	n/a	n/a	n/a	n/a	n/a
5	6	286	word	2283.3789387999996	0.9205705666672657	word	desk_en	n/a	110	2283.3790278999995	8.909999996831175e-05	n/a	n/a	n/a	n/a	0	n/a
5	n/a	n/a	word	2283.3790278999995	0.0	trigger	n/a	n/a	110	n/a	n/a	n/a	n/a	n/a	n/a	n/a	n/a
5	6	286	feedback	2284.8763534	0.0	trigger	n/a	n/a	96	n/a	n/a	n/a	n/a	n/a	n/a	n/a	n/a
5	6	286	possible_button_press	2285.0530185999996	0.0	response	n/a	n/a	n/a	n/a	n/a	n/a	n/a	m	r	0	0
5	6	286	fix_cross_after_trial	2285.0678716	0.9841533666667601	fixation cross	n/a	n/a	94	2285.0679139000003	4.2300000131945126e-05	n/a	n/a	n/a	n/a	n/a	n/a
5	n/a	n/a	fix_cross_iti	2285.0679139000003	0.0	trigger	n/a	n/a	94	n/a	n/a	n/a	n/a	n/a	n/a	n/a	n/a
5	6	287	image	2286.1392278000003	0.7505274666664263	image	fan	fan_04.png	4	2286.1393328000004	0.000105000000075961	n/a	n/a	n/a	n/a	1	n/a
5	n/a	n/a	image	2286.1393328000004	0.0	trigger	n/a	n/a	4	n/a	n/a	n/a	n/a	n/a	n/a	n/a	n/a
5	6	287	word	2286.8974183	0.9459135666666043	word	fan_en	n/a	104	2286.8974737	5.539999983739108e-05	n/a	n/a	n/a	n/a	1	n/a
5	n/a	n/a	word	2286.8974737	0.0	trigger	n/a	n/a	104	n/a	n/a	n/a	n/a	n/a	n/a	n/a	n/a
5	6	287	possible_button_press	2288.3984806999997	0.0	response	n/a	n/a	n/a	n/a	n/a	n/a	n/a	m	m	1	1
5	6	287	fix_cross_after_trial	2288.4314796	1.2114760666672737	fixation cross	n/a	n/a	94	2288.4315563	7.670000013604295e-05	n/a	n/a	n/a	n/a	n/a	n/a
5	n/a	n/a	fix_cross_iti	2288.4315563	0.0	trigger	n/a	n/a	94	n/a	n/a	n/a	n/a	n/a	n/a	n/a	n/a
5	6	288	image	2289.7026098999995	0.780568966667488	image	saw	saw_04.png	9	2289.7028011	0.00019120000069960952	n/a	n/a	n/a	n/a	1	n/a
5	n/a	n/a	image	2289.7028011	0.0	trigger	n/a	n/a	9	n/a	n/a	n/a	n/a	n/a	n/a	n/a	n/a
5	6	288	word	2290.4969142	0.9394500666667227	word	saw_en	n/a	109	2290.4969611999995	4.6999999540275894e-05	n/a	n/a	n/a	n/a	1	n/a
5	n/a	n/a	word	2290.4969611999995	0.0	trigger	n/a	n/a	109	n/a	n/a	n/a	n/a	n/a	n/a	n/a	n/a
5	6	288	possible_button_press	2291.9994736	0.0	response	n/a	n/a	n/a	n/a	n/a	n/a	n/a	m	m	1	1
5	6	288	fix_cross_after_trial	2292.0308785999996	0.9518374666668024	fixation cross	n/a	n/a	94	2292.0309406999995	6.209999992279336e-05	n/a	n/a	n/a	n/a	n/a	n/a
5	n/a	n/a	fix_cross_iti	2292.0309406999995	0.0	trigger	n/a	n/a	94	n/a	n/a	n/a	n/a	n/a	n/a	n/a	n/a
5	6	289	image	2293.0530836	0.7631147666670586	image	bell	bell_05.png	5	2293.0532230999997	0.00013949999993201345	n/a	n/a	n/a	n/a	1	n/a
5	n/a	n/a	image	2293.0532230999997	0.0	trigger	n/a	n/a	5	n/a	n/a	n/a	n/a	n/a	n/a	n/a	n/a
5	6	289	word	2293.8329993999996	0.9508021666670174	word	bell_en	n/a	105	2293.8330855000004	8.610000077169389e-05	n/a	n/a	n/a	n/a	1	n/a
5	n/a	n/a	word	2293.8330855000004	0.0	trigger	n/a	n/a	105	n/a	n/a	n/a	n/a	n/a	n/a	n/a	n/a
5	6	289	possible_button_press	2295.3109814	0.0	response	n/a	n/a	n/a	n/a	n/a	n/a	n/a	m	m	1	1
5	6	289	fix_cross_after_trial	2295.3282268000003	1.143008266666584	fixation cross	n/a	n/a	94	2295.3282572	3.0399999559449498e-05	n/a	n/a	n/a	n/a	n/a	n/a
5	n/a	n/a	fix_cross_iti	2295.3282572	0.0	trigger	n/a	n/a	94	n/a	n/a	n/a	n/a	n/a	n/a	n/a	n/a
5	6	290	image	2296.5383137999997	0.7601410666675292	image	watch	watch_10.png	3	2296.538442	0.00012820000029023504	n/a	n/a	n/a	n/a	1	n/a
5	n/a	n/a	image	2296.538442	0.0	trigger	n/a	n/a	3	n/a	n/a	n/a	n/a	n/a	n/a	n/a	n/a
5	6	290	word	2297.3391584	0.9088815666664232	word	watch_en	n/a	103	2297.3392702	0.00011180000001331791	n/a	n/a	n/a	n/a	1	n/a
5	n/a	n/a	word	2297.3392702	0.0	trigger	n/a	n/a	103	n/a	n/a	n/a	n/a	n/a	n/a	n/a	n/a
5	6	290	possible_button_press	2298.7857750000003	0.0	response	n/a	n/a	n/a	n/a	n/a	n/a	n/a	m	m	1	1
5	6	290	fix_cross_after_trial	2298.7985811	0.9797622666674215	fixation cross	n/a	n/a	94	2298.7986111	3.0000000151630957e-05	n/a	n/a	n/a	n/a	n/a	n/a
5	n/a	n/a	fix_cross_iti	2298.7986111	0.0	trigger	n/a	n/a	94	n/a	n/a	n/a	n/a	n/a	n/a	n/a	n/a
5	6	291	image	2299.8872404000003	0.7576501666662807	image	ball	ball_09.png	8	2299.8874171999996	0.0001767999992807745	n/a	n/a	n/a	n/a	1	n/a
5	n/a	n/a	image	2299.8874171999996	0.0	trigger	n/a	n/a	8	n/a	n/a	n/a	n/a	n/a	n/a	n/a	n/a
5	6	291	word	2300.6630094	0.9327568666667503	word	ball_en	n/a	108	2300.6630801	7.069999992381781e-05	n/a	n/a	n/a	n/a	1	n/a
5	n/a	n/a	word	2300.6630801	0.0	trigger	n/a	n/a	108	n/a	n/a	n/a	n/a	n/a	n/a	n/a	n/a
5	6	291	possible_button_press	2302.1333177999995	0.0	response	n/a	n/a	n/a	n/a	n/a	n/a	n/a	m	m	1	1
5	6	291	fix_cross_after_trial	2302.1490181	0.7827362666666886	fixation cross	n/a	n/a	94	2302.1490544999997	3.639999977167463e-05	n/a	n/a	n/a	n/a	n/a	n/a
5	n/a	n/a	fix_cross_iti	2302.1490544999997	0.0	trigger	n/a	n/a	94	n/a	n/a	n/a	n/a	n/a	n/a	n/a	n/a
5	6	292	image	2302.9769318999997	0.7581760666671471	image	saw	saw_02.png	9	2302.9770375999997	0.00010569999994913815	n/a	n/a	n/a	n/a	1	n/a
5	n/a	n/a	image	2302.9770375999997	0.0	trigger	n/a	n/a	9	n/a	n/a	n/a	n/a	n/a	n/a	n/a	n/a
5	6	292	word	2303.7445214	0.9357297666665545	word	saw_en	n/a	109	2303.7445664999996	4.509999962465372e-05	n/a	n/a	n/a	n/a	1	n/a
5	n/a	n/a	word	2303.7445664999996	0.0	trigger	n/a	n/a	109	n/a	n/a	n/a	n/a	n/a	n/a	n/a	n/a
5	6	292	possible_button_press	2305.2392809000003	0.0	response	n/a	n/a	n/a	n/a	n/a	n/a	n/a	m	m	1	1
5	6	292	fix_cross_after_trial	2305.2580206000002	1.185213666666641	fixation cross	n/a	n/a	94	2305.258054	3.3399999665562063e-05	n/a	n/a	n/a	n/a	n/a	n/a
5	n/a	n/a	fix_cross_iti	2305.258054	0.0	trigger	n/a	n/a	94	n/a	n/a	n/a	n/a	n/a	n/a	n/a	n/a
5	6	293	image	2306.5221577	0.7535732666665353	image	bus	bus_10.png	7	2306.5223278000003	0.00017010000010486692	n/a	n/a	n/a	n/a	1	n/a
5	n/a	n/a	image	2306.5223278000003	0.0	trigger	n/a	n/a	7	n/a	n/a	n/a	n/a	n/a	n/a	n/a	n/a
5	6	293	word	2307.2763901999997	0.9934463666668307	word	bus_en	n/a	107	2307.2764692	7.900000036897836e-05	n/a	n/a	n/a	n/a	1	n/a
5	n/a	n/a	word	2307.2764692	0.0	trigger	n/a	n/a	107	n/a	n/a	n/a	n/a	n/a	n/a	n/a	n/a
5	6	293	possible_button_press	2308.7943779999996	0.0	response	n/a	n/a	n/a	n/a	n/a	n/a	n/a	m	m	1	1
5	6	293	fix_cross_after_trial	2308.8155203999995	1.1944559666671921	fixation cross	n/a	n/a	94	2308.8155522999996	3.190000006725313e-05	n/a	n/a	n/a	n/a	n/a	n/a
5	n/a	n/a	fix_cross_iti	2308.8155522999996	0.0	trigger	n/a	n/a	94	n/a	n/a	n/a	n/a	n/a	n/a	n/a	n/a
5	6	294	image	2310.0639797000003	0.7613808666665136	image	desk	desk_05.png	10	2310.0641798999995	0.0002001999991989578	n/a	n/a	n/a	n/a	1	n/a
5	n/a	n/a	image	2310.0641798999995	0.0	trigger	n/a	n/a	10	n/a	n/a	n/a	n/a	n/a	n/a	n/a	n/a
5	6	294	word	2310.8442526999997	0.9325041666670586	word	desk_en	n/a	110	2310.8443578999995	0.00010519999977987027	n/a	n/a	n/a	n/a	1	n/a
5	n/a	n/a	word	2310.8443578999995	0.0	trigger	n/a	n/a	110	n/a	n/a	n/a	n/a	n/a	n/a	n/a	n/a
5	6	294	possible_button_press	2312.3315311999995	0.0	response	n/a	n/a	n/a	n/a	n/a	n/a	n/a	m	m	1	1
5	6	294	fix_cross_after_trial	2312.3436388	0.8962966666667853	fixation cross	n/a	n/a	94	2312.343723	8.419999994657701e-05	n/a	n/a	n/a	n/a	n/a	n/a
5	n/a	n/a	fix_cross_iti	2312.343723	0.0	trigger	n/a	n/a	94	n/a	n/a	n/a	n/a	n/a	n/a	n/a	n/a
5	6	295	image	2313.2947590000003	0.776738966666926	image	watch	watch_02.png	3	2313.2949435	0.00018449999970471254	n/a	n/a	n/a	n/a	1	n/a
5	n/a	n/a	image	2313.2949435	0.0	trigger	n/a	n/a	3	n/a	n/a	n/a	n/a	n/a	n/a	n/a	n/a
5	6	295	word	2314.0799163	0.9447588666662341	word	watch_en	n/a	103	2314.079992	7.569999979750719e-05	n/a	n/a	n/a	n/a	1	n/a
5	n/a	n/a	word	2314.079992	0.0	trigger	n/a	n/a	103	n/a	n/a	n/a	n/a	n/a	n/a	n/a	n/a
5	6	295	possible_button_press	2315.5817190999996	0.0	response	n/a	n/a	n/a	n/a	n/a	n/a	n/a	m	m	1	1
5	6	295	fix_cross_after_trial	2315.5909856999997	0.9067201666675828	fixation cross	n/a	n/a	94	2315.5910617	7.60000002628658e-05	n/a	n/a	n/a	n/a	n/a	n/a
5	n/a	n/a	fix_cross_iti	2315.5910617	0.0	trigger	n/a	n/a	94	n/a	n/a	n/a	n/a	n/a	n/a	n/a	n/a
5	6	296	image	2316.5930658999996	0.7618048666672621	image	bottle	bottle_04.png	2	2316.5932747999996	0.0002088999999614316	n/a	n/a	n/a	n/a	0	n/a
5	n/a	n/a	image	2316.5932747999996	0.0	trigger	n/a	n/a	2	n/a	n/a	n/a	n/a	n/a	n/a	n/a	n/a
5	6	296	word	2317.3622091999996	0.9610811666670998	word	saw_en	n/a	109	2317.3622874000002	7.820000064384658e-05	n/a	n/a	n/a	n/a	0	n/a
5	n/a	n/a	word	2317.3622874000002	0.0	trigger	n/a	n/a	109	n/a	n/a	n/a	n/a	n/a	n/a	n/a	n/a
5	6	296	feedback	2318.8582618	0.0	trigger	n/a	n/a	96	n/a	n/a	n/a	n/a	n/a	n/a	n/a	n/a
5	6	296	possible_button_press	2319.0552765	0.0	response	n/a	n/a	n/a	n/a	n/a	n/a	n/a	m	r	0	0
5	6	296	fix_cross_after_trial	2319.0792027999996	1.0760124666676347	fixation cross	n/a	n/a	94	2319.0792549	5.210000017541461e-05	n/a	n/a	n/a	n/a	n/a	n/a
5	n/a	n/a	fix_cross_iti	2319.0792549	0.0	trigger	n/a	n/a	94	n/a	n/a	n/a	n/a	n/a	n/a	n/a	n/a
5	6	297	image	2320.2279373	0.763025166666921	image	ball	ball_01.png	8	2320.2280239	8.660000003146706e-05	n/a	n/a	n/a	n/a	1	n/a
5	n/a	n/a	image	2320.2280239	0.0	trigger	n/a	n/a	8	n/a	n/a	n/a	n/a	n/a	n/a	n/a	n/a
5	6	297	word	2320.9897244000003	0.9570380666664278	word	ball_en	n/a	108	2320.9897692000004	4.4800000068789814e-05	n/a	n/a	n/a	n/a	1	n/a
5	n/a	n/a	word	2320.9897692000004	0.0	trigger	n/a	n/a	108	n/a	n/a	n/a	n/a	n/a	n/a	n/a	n/a
5	6	297	possible_button_press	2322.4924498	0.0	response	n/a	n/a	n/a	n/a	n/a	n/a	n/a	m	m	1	1
5	6	297	fix_cross_after_trial	2322.5095583	1.0702689666668448	fixation cross	n/a	n/a	94	2322.5095954	3.709999964485178e-05	n/a	n/a	n/a	n/a	n/a	n/a
5	n/a	n/a	fix_cross_iti	2322.5095954	0.0	trigger	n/a	n/a	94	n/a	n/a	n/a	n/a	n/a	n/a	n/a	n/a
5	6	298	image	2323.6765877	0.7651498666673433	image	bell	bell_04.png	5	2323.6767097	0.00012200000037410064	n/a	n/a	n/a	n/a	1	n/a
5	n/a	n/a	image	2323.6767097	0.0	trigger	n/a	n/a	5	n/a	n/a	n/a	n/a	n/a	n/a	n/a	n/a
5	6	298	word	2324.4561732	0.9651230666668198	word	bell_en	n/a	105	2324.4562178999995	4.469999930734048e-05	n/a	n/a	n/a	n/a	1	n/a
5	n/a	n/a	word	2324.4562178999995	0.0	trigger	n/a	n/a	105	n/a	n/a	n/a	n/a	n/a	n/a	n/a	n/a
5	6	298	possible_button_press	2325.9582117	0.0	response	n/a	n/a	n/a	n/a	n/a	n/a	n/a	m	m	1	1
5	6	298	fix_cross_after_trial	2325.9844458	1.0930513666671686	fixation cross	n/a	n/a	94	2325.9844984	5.2600000344682485e-05	n/a	n/a	n/a	n/a	n/a	n/a
5	n/a	n/a	fix_cross_iti	2325.9844984	0.0	trigger	n/a	n/a	94	n/a	n/a	n/a	n/a	n/a	n/a	n/a	n/a
5	6	299	image	2327.1327648999995	0.7567863666672565	image	roll	roll_09.png	6	2327.1330965999996	0.000331700000060664	n/a	n/a	n/a	n/a	1	n/a
5	n/a	n/a	image	2327.1330965999996	0.0	trigger	n/a	n/a	6	n/a	n/a	n/a	n/a	n/a	n/a	n/a	n/a
5	6	299	word	2327.9214122000003	0.938275966666879	word	roll_en	n/a	106	2327.9214896000003	7.74000000092201e-05	n/a	n/a	n/a	n/a	1	n/a
5	n/a	n/a	word	2327.9214896000003	0.0	trigger	n/a	n/a	106	n/a	n/a	n/a	n/a	n/a	n/a	n/a	n/a
5	6	299	possible_button_press	2329.3911958999997	0.0	response	n/a	n/a	n/a	n/a	n/a	n/a	n/a	m	m	1	1
5	6	299	fix_cross_after_trial	2329.4090462000004	0.8602316666665502	fixation cross	n/a	n/a	94	2329.4090812000004	3.500000002532033e-05	n/a	n/a	n/a	n/a	n/a	n/a
5	n/a	n/a	fix_cross_iti	2329.4090812000004	0.0	trigger	n/a	n/a	94	n/a	n/a	n/a	n/a	n/a	n/a	n/a	n/a
5	6	300	image	2330.3551589	0.768457066666997	image	bus	bus_06.png	7	2330.3553238000004	0.00016490000052726828	n/a	n/a	n/a	n/a	1	n/a
5	n/a	n/a	image	2330.3553238000004	0.0	trigger	n/a	n/a	7	n/a	n/a	n/a	n/a	n/a	n/a	n/a	n/a
5	6	300	word	2331.1380179999996	0.962645766667265	word	bus_en	n/a	107	2331.1380854	6.740000026184134e-05	n/a	n/a	n/a	n/a	1	n/a
5	n/a	n/a	word	2331.1380854	0.0	trigger	n/a	n/a	107	n/a	n/a	n/a	n/a	n/a	n/a	n/a	n/a
5	6	300	possible_button_press	2332.6215854	0.0	response	n/a	n/a	n/a	n/a	n/a	n/a	n/a	m	m	1	1
5	6	300	fix_cross_after_trial	2332.6372327	0.844337666667343	fixation cross	n/a	n/a	94	2332.6372664	3.370000013092067e-05	n/a	n/a	n/a	n/a	n/a	n/a
5	n/a	n/a	fix_cross_iti	2332.6372664	0.0	trigger	n/a	n/a	94	n/a	n/a	n/a	n/a	n/a	n/a	n/a	n/a
5	6	300	break_instruction	2333.4941449	15.009929866667335	break	n/a	n/a	81	2333.4942296	8.470000011584489e-05	n/a	n/a	n/a	n/a	n/a	n/a
5	n/a	n/a	break_start	2333.4942296	0.0	trigger	n/a	n/a	81	n/a	n/a	n/a	n/a	n/a	n/a	n/a	n/a
5	n/a	n/a	break_end	2349.5992554000004	0.0	trigger	n/a	n/a	82	n/a	n/a	n/a	n/a	n/a	n/a	n/a	n/a
5	7	301	image	2349.6892983	0.7518239666669615	image	suit	suit_01.png	1	2349.6894181	0.00011979999999311985	n/a	n/a	n/a	n/a	1	n/a
5	n/a	n/a	image	2349.6894181	0.0	trigger	n/a	n/a	1	n/a	n/a	n/a	n/a	n/a	n/a	n/a	n/a
5	7	301	word	2350.4499566000004	0.9320273666662615	word	suit_en	n/a	101	2350.4500390000003	8.239999988290947e-05	n/a	n/a	n/a	n/a	1	n/a
5	n/a	n/a	word	2350.4500390000003	0.0	trigger	n/a	n/a	101	n/a	n/a	n/a	n/a	n/a	n/a	n/a	n/a
5	7	301	possible_button_press	2351.9322647	0.0	response	n/a	n/a	n/a	n/a	n/a	n/a	n/a	m	m	1	1
5	7	301	fix_cross_after_trial	2351.9554205000004	1.0620077666662837	fixation cross	n/a	n/a	94	2351.9554881000004	6.759999996575061e-05	n/a	n/a	n/a	n/a	n/a	n/a
5	n/a	n/a	fix_cross_iti	2351.9554881000004	0.0	trigger	n/a	n/a	94	n/a	n/a	n/a	n/a	n/a	n/a	n/a	n/a
5	7	302	image	2353.1073152999998	0.7514397666673176	image	roll	roll_08.png	6	2353.1075496000003	0.00023430000055668643	n/a	n/a	n/a	n/a	1	n/a
5	n/a	n/a	image	2353.1075496000003	0.0	trigger	n/a	n/a	6	n/a	n/a	n/a	n/a	n/a	n/a	n/a	n/a
5	7	302	word	2353.8892857	0.9703352666665523	word	roll_en	n/a	106	2353.8894309999996	0.0001452999995308346	n/a	n/a	n/a	n/a	1	n/a
5	n/a	n/a	word	2353.8894309999996	0.0	trigger	n/a	n/a	106	n/a	n/a	n/a	n/a	n/a	n/a	n/a	n/a
5	7	302	possible_button_press	2355.3540953	0.0	response	n/a	n/a	n/a	n/a	n/a	n/a	n/a	m	m	1	1
5	7	302	fix_cross_after_trial	2355.3907618000003	0.9605431666668665	fixation cross	n/a	n/a	94	2355.3908499	8.8099999629776e-05	n/a	n/a	n/a	n/a	n/a	n/a
5	n/a	n/a	fix_cross_iti	2355.3908499	0.0	trigger	n/a	n/a	94	n/a	n/a	n/a	n/a	n/a	n/a	n/a	n/a
5	7	303	image	2356.5257392000003	0.7533190666663359	image	bell	bell_03.png	5	2356.5264191999995	0.0006799999991926597	n/a	n/a	n/a	n/a	1	n/a
5	n/a	n/a	image	2356.5264191999995	0.0	trigger	n/a	n/a	5	n/a	n/a	n/a	n/a	n/a	n/a	n/a	n/a
5	7	303	word	2357.2981044	0.9326679666673954	word	bell_en	n/a	105	2357.2982325000003	0.0001281000004382804	n/a	n/a	n/a	n/a	1	n/a
5	n/a	n/a	word	2357.2982325000003	0.0	trigger	n/a	n/a	105	n/a	n/a	n/a	n/a	n/a	n/a	n/a	n/a
5	7	303	possible_button_press	2358.7775749	0.0	response	n/a	n/a	n/a	n/a	n/a	n/a	n/a	m	m	1	1
5	7	303	fix_cross_after_trial	2358.8074059	1.0486195666671847	fixation cross	n/a	n/a	94	2358.8074923000004	8.640000032755779e-05	n/a	n/a	n/a	n/a	n/a	n/a
5	n/a	n/a	fix_cross_iti	2358.8074923000004	0.0	trigger	n/a	n/a	94	n/a	n/a	n/a	n/a	n/a	n/a	n/a	n/a
5	7	304	image	2359.9230810999998	0.7815399666669691	image	roll	roll_02.png	6	2359.9232857999996	0.000204699999812874	n/a	n/a	n/a	n/a	0	n/a
5	n/a	n/a	image	2359.9232857999996	0.0	trigger	n/a	n/a	6	n/a	n/a	n/a	n/a	n/a	n/a	n/a	n/a
5	7	304	word	2360.7101577000003	0.949811366666836	word	ball_en	n/a	108	2360.7102717999996	0.00011409999933675863	n/a	n/a	n/a	n/a	0	n/a
5	n/a	n/a	word	2360.7102717999996	0.0	trigger	n/a	n/a	108	n/a	n/a	n/a	n/a	n/a	n/a	n/a	n/a
5	7	304	feedback	2362.2547972	0.0	trigger	n/a	n/a	96	n/a	n/a	n/a	n/a	n/a	n/a	n/a	n/a
5	7	304	possible_button_press	2362.433994	0.0	response	n/a	n/a	n/a	n/a	n/a	n/a	n/a	m	r	0	0
5	7	304	fix_cross_after_trial	2362.4530192	1.2247106666663967	fixation cross	n/a	n/a	94	2362.4531194	0.00010019999990618089	n/a	n/a	n/a	n/a	n/a	n/a
5	n/a	n/a	fix_cross_iti	2362.4531194	0.0	trigger	n/a	n/a	94	n/a	n/a	n/a	n/a	n/a	n/a	n/a	n/a
5	7	305	image	2363.7827501	0.7678389666671137	image	bus	bus_05.png	7	2363.7829678	0.00021769999966636533	n/a	n/a	n/a	n/a	1	n/a
5	n/a	n/a	image	2363.7829678	0.0	trigger	n/a	n/a	7	n/a	n/a	n/a	n/a	n/a	n/a	n/a	n/a
5	7	305	word	2364.570624	0.9625735666668334	word	bus_en	n/a	107	2364.5707167	9.270000009564683e-05	n/a	n/a	n/a	n/a	1	n/a
5	n/a	n/a	word	2364.5707167	0.0	trigger	n/a	n/a	107	n/a	n/a	n/a	n/a	n/a	n/a	n/a	n/a
5	7	305	possible_button_press	2366.0643216999997	0.0	response	n/a	n/a	n/a	n/a	n/a	n/a	n/a	m	m	1	1
5	7	305	fix_cross_after_trial	2366.0914089999997	0.941930566666997	fixation cross	n/a	n/a	94	2366.0914773000004	6.830000074842246e-05	n/a	n/a	n/a	n/a	n/a	n/a
5	n/a	n/a	fix_cross_iti	2366.0914773000004	0.0	trigger	n/a	n/a	94	n/a	n/a	n/a	n/a	n/a	n/a	n/a	n/a
5	7	306	image	2367.0618874	0.7499448666667377	image	fan	fan_09.png	4	2367.0619882	0.0001007999999274034	n/a	n/a	n/a	n/a	1	n/a
5	n/a	n/a	image	2367.0619882	0.0	trigger	n/a	n/a	4	n/a	n/a	n/a	n/a	n/a	n/a	n/a	n/a
5	7	306	word	2367.8263338999996	0.9210584666670911	word	fan_en	n/a	104	2367.8263785999998	4.470000021683518e-05	n/a	n/a	n/a	n/a	1	n/a
5	n/a	n/a	word	2367.8263785999998	0.0	trigger	n/a	n/a	104	n/a	n/a	n/a	n/a	n/a	n/a	n/a	n/a
5	7	306	possible_button_press	2369.3106427000002	0.0	response	n/a	n/a	n/a	n/a	n/a	n/a	n/a	m	m	1	1
5	7	306	fix_cross_after_trial	2369.3316575999997	0.9998750666673004	fixation cross	n/a	n/a	94	2369.3316888	3.120000019407598e-05	n/a	n/a	n/a	n/a	n/a	n/a
5	n/a	n/a	fix_cross_iti	2369.3316888	0.0	trigger	n/a	n/a	94	n/a	n/a	n/a	n/a	n/a	n/a	n/a	n/a
5	7	307	image	2370.4183826999997	0.758776566666711	image	ball	ball_07.png	8	2370.4186020999996	0.00021939999987807823	n/a	n/a	n/a	n/a	1	n/a
5	n/a	n/a	image	2370.4186020999996	0.0	trigger	n/a	n/a	8	n/a	n/a	n/a	n/a	n/a	n/a	n/a	n/a
5	7	307	word	2371.1912457	0.9377626666673677	word	ball_en	n/a	108	2371.1912904	4.470000021683518e-05	n/a	n/a	n/a	n/a	1	n/a
5	n/a	n/a	word	2371.1912904	0.0	trigger	n/a	n/a	108	n/a	n/a	n/a	n/a	n/a	n/a	n/a	n/a
5	7	307	possible_button_press	2372.6892663999997	0.0	response	n/a	n/a	n/a	n/a	n/a	n/a	n/a	m	m	1	1
5	7	307	fix_cross_after_trial	2372.7245016999996	0.9932872666677213	fixation cross	n/a	n/a	94	2372.7245675000004	6.580000081157777e-05	n/a	n/a	n/a	n/a	n/a	n/a
5	n/a	n/a	fix_cross_iti	2372.7245675000004	0.0	trigger	n/a	n/a	94	n/a	n/a	n/a	n/a	n/a	n/a	n/a	n/a
5	7	308	image	2373.8186745000003	0.7594246666667459	image	bottle	bottle_10.png	2	2373.8190011999995	0.00032669999927747995	n/a	n/a	n/a	n/a	1	n/a
5	n/a	n/a	image	2373.8190011999995	0.0	trigger	n/a	n/a	2	n/a	n/a	n/a	n/a	n/a	n/a	n/a	n/a
5	7	308	word	2374.5991373999996	0.9808458666675506	word	bottle_en	n/a	102	2374.5991849	4.7500000619038474e-05	n/a	n/a	n/a	n/a	1	n/a
5	n/a	n/a	word	2374.5991849	0.0	trigger	n/a	n/a	102	n/a	n/a	n/a	n/a	n/a	n/a	n/a	n/a
5	7	308	possible_button_press	2376.0864389999997	0.0	response	n/a	n/a	n/a	n/a	n/a	n/a	n/a	m	m	1	1
5	7	308	fix_cross_after_trial	2376.1101461	0.8489997666665658	fixation cross	n/a	n/a	94	2376.1101939	4.780000017490238e-05	n/a	n/a	n/a	n/a	n/a	n/a
5	n/a	n/a	fix_cross_iti	2376.1101939	0.0	trigger	n/a	n/a	94	n/a	n/a	n/a	n/a	n/a	n/a	n/a	n/a
5	7	309	image	2376.9933991	0.7650287666674558	image	saw	saw_02.png	9	2376.9935557	0.00015660000008210773	n/a	n/a	n/a	n/a	1	n/a
5	n/a	n/a	image	2376.9935557	0.0	trigger	n/a	n/a	9	n/a	n/a	n/a	n/a	n/a	n/a	n/a	n/a
5	7	309	word	2377.7725517999997	0.9635239666667985	word	saw_en	n/a	109	2377.7726002	4.840000019612489e-05	n/a	n/a	n/a	n/a	1	n/a
5	n/a	n/a	word	2377.7726002	0.0	trigger	n/a	n/a	109	n/a	n/a	n/a	n/a	n/a	n/a	n/a	n/a
5	7	309	possible_button_press	2379.2555193	0.0	response	n/a	n/a	n/a	n/a	n/a	n/a	n/a	m	m	1	1
5	7	309	fix_cross_after_trial	2379.2778964999998	0.846124466666879	fixation cross	n/a	n/a	94	2379.2779340999996	3.7599999814119656e-05	n/a	n/a	n/a	n/a	n/a	n/a
5	n/a	n/a	fix_cross_iti	2379.2779340999996	0.0	trigger	n/a	n/a	94	n/a	n/a	n/a	n/a	n/a	n/a	n/a	n/a
5	7	310	image	2380.2348767000003	0.7577074666669432	image	watch	watch_04.png	3	2380.2351237000003	0.00024699999994481914	n/a	n/a	n/a	n/a	1	n/a
5	n/a	n/a	image	2380.2351237000003	0.0	trigger	n/a	n/a	3	n/a	n/a	n/a	n/a	n/a	n/a	n/a	n/a
5	7	310	word	2381.0210414000003	0.9600914666661993	word	watch_en	n/a	103	2381.0211234999997	8.209999941755086e-05	n/a	n/a	n/a	n/a	1	n/a
5	n/a	n/a	word	2381.0211234999997	0.0	trigger	n/a	n/a	103	n/a	n/a	n/a	n/a	n/a	n/a	n/a	n/a
5	7	310	possible_button_press	2382.4809588	0.0	response	n/a	n/a	n/a	n/a	n/a	n/a	n/a	m	m	1	1
5	7	310	fix_cross_after_trial	2382.5050807999996	1.0938817666674368	fixation cross	n/a	n/a	94	2382.5051760999995	9.529999988444615e-05	n/a	n/a	n/a	n/a	n/a	n/a
5	n/a	n/a	fix_cross_iti	2382.5051760999995	0.0	trigger	n/a	n/a	94	n/a	n/a	n/a	n/a	n/a	n/a	n/a	n/a
5	7	311	image	2383.6899176999996	0.752697866667404	image	suit	suit_03.png	1	2383.6900190999995	0.00010139999994862592	n/a	n/a	n/a	n/a	1	n/a
5	n/a	n/a	image	2383.6900190999995	0.0	trigger	n/a	n/a	1	n/a	n/a	n/a	n/a	n/a	n/a	n/a	n/a
5	7	311	word	2384.4526642	0.9202755666665325	word	suit_en	n/a	101	2384.4527379	7.370000002993038e-05	n/a	n/a	n/a	n/a	1	n/a
5	n/a	n/a	word	2384.4527379	0.0	trigger	n/a	n/a	101	n/a	n/a	n/a	n/a	n/a	n/a	n/a	n/a
5	7	311	possible_button_press	2385.9539732000003	0.0	response	n/a	n/a	n/a	n/a	n/a	n/a	n/a	m	m	1	1
5	7	311	fix_cross_after_trial	2385.9743902	1.0540852666672436	fixation cross	n/a	n/a	94	2385.9744443	5.409999994299142e-05	n/a	n/a	n/a	n/a	n/a	n/a
5	n/a	n/a	fix_cross_iti	2385.9744443	0.0	trigger	n/a	n/a	94	n/a	n/a	n/a	n/a	n/a	n/a	n/a	n/a
5	7	312	image	2387.091963	0.7630309666674293	image	watch	watch_05.png	3	2387.0920582	9.520000003249152e-05	n/a	n/a	n/a	n/a	1	n/a
5	n/a	n/a	image	2387.0920582	0.0	trigger	n/a	n/a	3	n/a	n/a	n/a	n/a	n/a	n/a	n/a	n/a
5	7	312	word	2387.8695148999996	0.9682334666676979	word	watch_en	n/a	103	2387.8695974	8.25000006443588e-05	n/a	n/a	n/a	n/a	1	n/a
5	n/a	n/a	word	2387.8695974	0.0	trigger	n/a	n/a	103	n/a	n/a	n/a	n/a	n/a	n/a	n/a	n/a
5	7	312	possible_button_press	2389.3666425	0.0	response	n/a	n/a	n/a	n/a	n/a	n/a	n/a	m	m	1	1
5	7	312	fix_cross_after_trial	2389.3865361999997	0.950006966667388	fixation cross	n/a	n/a	94	2389.3865888	5.2600000344682485e-05	n/a	n/a	n/a	n/a	n/a	n/a
5	n/a	n/a	fix_cross_iti	2389.3865888	0.0	trigger	n/a	n/a	94	n/a	n/a	n/a	n/a	n/a	n/a	n/a	n/a
5	7	313	image	2390.3875061	0.7634504666666544	image	bottle	bottle_06.png	2	2390.3876262000003	0.00012010000045847846	n/a	n/a	n/a	n/a	1	n/a
5	n/a	n/a	image	2390.3876262000003	0.0	trigger	n/a	n/a	2	n/a	n/a	n/a	n/a	n/a	n/a	n/a	n/a
5	7	313	word	2391.1695602	0.9562784666668449	word	bottle_en	n/a	102	2391.1696302	7.000000005064066e-05	n/a	n/a	n/a	n/a	1	n/a
5	n/a	n/a	word	2391.1696302	0.0	trigger	n/a	n/a	102	n/a	n/a	n/a	n/a	n/a	n/a	n/a	n/a
5	7	313	possible_button_press	2392.6554001000004	0.0	response	n/a	n/a	n/a	n/a	n/a	n/a	n/a	m	m	1	1
5	7	313	fix_cross_after_trial	2392.6672040000003	0.8957033666665666	fixation cross	n/a	n/a	94	2392.6672571	5.309999960445566e-05	n/a	n/a	n/a	n/a	n/a	n/a
5	n/a	n/a	fix_cross_iti	2392.6672571	0.0	trigger	n/a	n/a	94	n/a	n/a	n/a	n/a	n/a	n/a	n/a	n/a
5	7	314	image	2393.6637666999995	0.7522309666674118	image	bell	bell_02.png	5	2393.6638697999997	0.00010310000016033882	n/a	n/a	n/a	n/a	0	n/a
5	n/a	n/a	image	2393.6638697999997	0.0	trigger	n/a	n/a	5	n/a	n/a	n/a	n/a	n/a	n/a	n/a	n/a
5	7	314	word	2394.4408227000004	0.9091433666662851	word	suit_en	n/a	101	2394.440922	9.929999941959977e-05	n/a	n/a	n/a	n/a	0	n/a
5	n/a	n/a	word	2394.440922	0.0	trigger	n/a	n/a	101	n/a	n/a	n/a	n/a	n/a	n/a	n/a	n/a
5	7	314	feedback	2395.9357062	0.0	trigger	n/a	n/a	96	n/a	n/a	n/a	n/a	n/a	n/a	n/a	n/a
5	7	314	possible_button_press	2396.1196415000004	0.0	response	n/a	n/a	n/a	n/a	n/a	n/a	n/a	m	r	0	0
5	7	314	fix_cross_after_trial	2396.1457413999997	1.102520066667239	fixation cross	n/a	n/a	94	2396.1458309	8.950000028562499e-05	n/a	n/a	n/a	n/a	n/a	n/a
5	n/a	n/a	fix_cross_iti	2396.1458309	0.0	trigger	n/a	n/a	94	n/a	n/a	n/a	n/a	n/a	n/a	n/a	n/a
5	7	315	image	2397.3246049	0.7718529666672111	image	desk	desk_02.png	10	2397.3247592	0.0001542999998491723	n/a	n/a	n/a	n/a	1	n/a
5	n/a	n/a	image	2397.3247592	0.0	trigger	n/a	n/a	10	n/a	n/a	n/a	n/a	n/a	n/a	n/a	n/a
5	7	315	word	2398.1060962	0.947772566666572	word	desk_en	n/a	110	2398.1061624000004	6.620000021939632e-05	n/a	n/a	n/a	n/a	1	n/a
5	n/a	n/a	word	2398.1061624000004	0.0	trigger	n/a	n/a	110	n/a	n/a	n/a	n/a	n/a	n/a	n/a	n/a
5	7	315	possible_button_press	2399.5854731	0.0	response	n/a	n/a	n/a	n/a	n/a	n/a	n/a	m	m	1	1
5	7	315	fix_cross_after_trial	2399.6195354	1.2026766666667754	fixation cross	n/a	n/a	94	2399.6196	6.459999985963805e-05	n/a	n/a	n/a	n/a	n/a	n/a
5	n/a	n/a	fix_cross_iti	2399.6196	0.0	trigger	n/a	n/a	94	n/a	n/a	n/a	n/a	n/a	n/a	n/a	n/a
5	7	316	image	2401.1508059	0.7499664666665922	image	fan	fan_03.png	4	2401.1509742	0.00016830000004119938	n/a	n/a	n/a	n/a	1	n/a
5	n/a	n/a	image	2401.1509742	0.0	trigger	n/a	n/a	4	n/a	n/a	n/a	n/a	n/a	n/a	n/a	n/a
5	7	316	word	2401.9120004999995	0.9223401666677091	word	fan_en	n/a	104	2401.9120428999995	4.239999998389976e-05	n/a	n/a	n/a	n/a	1	n/a
5	n/a	n/a	word	2401.9120428999995	0.0	trigger	n/a	n/a	104	n/a	n/a	n/a	n/a	n/a	n/a	n/a	n/a
5	7	316	possible_button_press	2403.4115874999998	0.0	response	n/a	n/a	n/a	n/a	n/a	n/a	n/a	m	m	1	1
5	7	316	fix_cross_after_trial	2403.4371834000003	0.8315681666663295	fixation cross	n/a	n/a	94	2403.4372634	7.999999979801942e-05	n/a	n/a	n/a	n/a	n/a	n/a
5	n/a	n/a	fix_cross_iti	2403.4372634	0.0	trigger	n/a	n/a	94	n/a	n/a	n/a	n/a	n/a	n/a	n/a	n/a
5	7	317	image	2404.3465530000003	0.7751149666664787	image	saw	saw_05.png	9	2404.3468757	0.0003226999997423263	n/a	n/a	n/a	n/a	1	n/a
5	n/a	n/a	image	2404.3468757	0.0	trigger	n/a	n/a	9	n/a	n/a	n/a	n/a	n/a	n/a	n/a	n/a
5	7	317	word	2405.1528839000002	0.9311560666665173	word	saw_en	n/a	109	2405.1529995	0.00011559999984456226	n/a	n/a	n/a	n/a	1	n/a
5	n/a	n/a	word	2405.1529995	0.0	trigger	n/a	n/a	109	n/a	n/a	n/a	n/a	n/a	n/a	n/a	n/a
5	7	317	possible_button_press	2406.6156843	0.0	response	n/a	n/a	n/a	n/a	n/a	n/a	n/a	m	m	1	1
5	7	317	fix_cross_after_trial	2406.6303761	1.031167266666671	fixation cross	n/a	n/a	94	2406.6304222999997	4.619999981514411e-05	n/a	n/a	n/a	n/a	n/a	n/a
5	n/a	n/a	fix_cross_iti	2406.6304222999997	0.0	trigger	n/a	n/a	94	n/a	n/a	n/a	n/a	n/a	n/a	n/a	n/a
5	7	318	image	2407.7560016999996	0.758539766667127	image	desk	desk_06.png	10	2407.7561942	0.00019250000059400918	n/a	n/a	n/a	n/a	1	n/a
5	n/a	n/a	image	2407.7561942	0.0	trigger	n/a	n/a	10	n/a	n/a	n/a	n/a	n/a	n/a	n/a	n/a
5	7	318	word	2408.5397867	0.924116466666419	word	desk_en	n/a	110	2408.5398994999996	0.00011279999944235897	n/a	n/a	n/a	n/a	1	n/a
5	n/a	n/a	word	2408.5398994999996	0.0	trigger	n/a	n/a	110	n/a	n/a	n/a	n/a	n/a	n/a	n/a	n/a
5	7	318	possible_button_press	2410.0178413000003	0.0	response	n/a	n/a	n/a	n/a	n/a	n/a	n/a	m	m	1	1
5	7	318	fix_cross_after_trial	2410.0280118	1.065031466666369	fixation cross	n/a	n/a	94	2410.0280501999996	3.839999953925144e-05	n/a	n/a	n/a	n/a	n/a	n/a
5	n/a	n/a	fix_cross_iti	2410.0280501999996	0.0	trigger	n/a	n/a	94	n/a	n/a	n/a	n/a	n/a	n/a	n/a	n/a
5	7	319	image	2411.1192622	0.7706514666670046	image	bottle	bottle_03.png	2	2411.1194373999997	0.00017519999983051093	n/a	n/a	n/a	n/a	1	n/a
5	n/a	n/a	image	2411.1194373999997	0.0	trigger	n/a	n/a	2	n/a	n/a	n/a	n/a	n/a	n/a	n/a	n/a
5	7	319	word	2411.8971965	0.9842943666671999	word	bottle_en	n/a	102	2411.8972649999996	6.849999954283703e-05	n/a	n/a	n/a	n/a	1	n/a
5	n/a	n/a	word	2411.8972649999996	0.0	trigger	n/a	n/a	102	n/a	n/a	n/a	n/a	n/a	n/a	n/a	n/a
5	7	319	possible_button_press	2413.4054576999997	0.0	response	n/a	n/a	n/a	n/a	n/a	n/a	n/a	m	m	1	1
5	7	319	fix_cross_after_trial	2413.4402676	0.7546033666667427	fixation cross	n/a	n/a	94	2413.4403102999995	4.269999953976367e-05	n/a	n/a	n/a	n/a	n/a	n/a
5	n/a	n/a	fix_cross_iti	2413.4403102999995	0.0	trigger	n/a	n/a	94	n/a	n/a	n/a	n/a	n/a	n/a	n/a	n/a
5	7	320	image	2414.3030951	0.7554464666663989	image	bell	bell_08.png	5	2414.3032174	0.00012229999992996454	n/a	n/a	n/a	n/a	1	n/a
5	n/a	n/a	image	2414.3032174	0.0	trigger	n/a	n/a	5	n/a	n/a	n/a	n/a	n/a	n/a	n/a	n/a
5	7	320	word	2415.0637822	0.9556964666671774	word	bell_en	n/a	105	2415.0638325	5.030000011174707e-05	n/a	n/a	n/a	n/a	1	n/a
5	n/a	n/a	word	2415.0638325	0.0	trigger	n/a	n/a	105	n/a	n/a	n/a	n/a	n/a	n/a	n/a	n/a
5	7	320	possible_button_press	2416.5725838	0.0	response	n/a	n/a	n/a	n/a	n/a	n/a	n/a	m	m	1	1
5	7	320	fix_cross_after_trial	2416.5934547999996	1.1992029666671442	fixation cross	n/a	n/a	94	2416.5934902	3.5400000342633575e-05	n/a	n/a	n/a	n/a	n/a	n/a
5	n/a	n/a	fix_cross_iti	2416.5934902	0.0	trigger	n/a	n/a	94	n/a	n/a	n/a	n/a	n/a	n/a	n/a	n/a
5	7	321	image	2417.8132880000003	0.7659352666669292	image	saw	saw_06.png	9	2417.8134185	0.00013049999961367575	n/a	n/a	n/a	n/a	1	n/a
5	n/a	n/a	image	2417.8134185	0.0	trigger	n/a	n/a	9	n/a	n/a	n/a	n/a	n/a	n/a	n/a	n/a
5	7	321	word	2418.5936212999995	0.9308780666669918	word	saw_en	n/a	109	2418.5936629999997	4.170000011072261e-05	n/a	n/a	n/a	n/a	1	n/a
5	n/a	n/a	word	2418.5936629999997	0.0	trigger	n/a	n/a	109	n/a	n/a	n/a	n/a	n/a	n/a	n/a	n/a
5	7	321	possible_button_press	2420.0768642000003	0.0	response	n/a	n/a	n/a	n/a	n/a	n/a	n/a	m	m	1	1
5	7	321	fix_cross_after_trial	2420.0904604999996	1.0028511666669147	fixation cross	n/a	n/a	94	2420.0904924999995	3.199999991920777e-05	n/a	n/a	n/a	n/a	n/a	n/a
5	n/a	n/a	fix_cross_iti	2420.0904924999995	0.0	trigger	n/a	n/a	94	n/a	n/a	n/a	n/a	n/a	n/a	n/a	n/a
5	7	322	image	2421.1649878	0.7582861666669487	image	suit	suit_07.png	1	2421.1650942999995	0.00010649999967426993	n/a	n/a	n/a	n/a	1	n/a
5	n/a	n/a	image	2421.1650942999995	0.0	trigger	n/a	n/a	1	n/a	n/a	n/a	n/a	n/a	n/a	n/a	n/a
5	7	322	word	2421.923135	0.9187135666670656	word	suit_en	n/a	101	2421.9231733999995	3.839999953925144e-05	n/a	n/a	n/a	n/a	1	n/a
5	n/a	n/a	word	2421.9231733999995	0.0	trigger	n/a	n/a	101	n/a	n/a	n/a	n/a	n/a	n/a	n/a	n/a
5	7	322	possible_button_press	2423.4262897999997	0.0	response	n/a	n/a	n/a	n/a	n/a	n/a	n/a	m	m	1	1
5	7	322	fix_cross_after_trial	2423.4388762	0.9002215666669144	fixation cross	n/a	n/a	94	2423.4388995	2.3300000066228677e-05	n/a	n/a	n/a	n/a	n/a	n/a
5	n/a	n/a	fix_cross_iti	2423.4388995	0.0	trigger	n/a	n/a	94	n/a	n/a	n/a	n/a	n/a	n/a	n/a	n/a
5	7	323	image	2424.3928779999997	0.7624213666667856	image	desk	desk_09.png	10	2424.3929576	7.960000039020088e-05	n/a	n/a	n/a	n/a	1	n/a
5	n/a	n/a	image	2424.3929576	0.0	trigger	n/a	n/a	10	n/a	n/a	n/a	n/a	n/a	n/a	n/a	n/a
5	7	323	word	2425.1551527	0.9539479666664192	word	desk_en	n/a	110	2425.1551909	3.819999983534217e-05	n/a	n/a	n/a	n/a	1	n/a
5	n/a	n/a	word	2425.1551909	0.0	trigger	n/a	n/a	110	n/a	n/a	n/a	n/a	n/a	n/a	n/a	n/a
5	7	323	possible_button_press	2426.6569487999996	0.0	response	n/a	n/a	n/a	n/a	n/a	n/a	n/a	m	m	1	1
5	7	323	fix_cross_after_trial	2426.6753095000004	1.0457192666663104	fixation cross	n/a	n/a	94	2426.6753332999997	2.3799999326001853e-05	n/a	n/a	n/a	n/a	n/a	n/a
5	n/a	n/a	fix_cross_iti	2426.6753332999997	0.0	trigger	n/a	n/a	94	n/a	n/a	n/a	n/a	n/a	n/a	n/a	n/a
5	7	324	image	2427.7404386999997	0.7636854666670843	image	ball	ball_06.png	8	2427.7405163000003	7.760000062262407e-05	n/a	n/a	n/a	n/a	1	n/a
5	n/a	n/a	image	2427.7405163000003	0.0	trigger	n/a	n/a	8	n/a	n/a	n/a	n/a	n/a	n/a	n/a	n/a
5	7	324	word	2428.5092171999995	0.943978166666966	word	ball_en	n/a	108	2428.5092558999995	3.870000000461005e-05	n/a	n/a	n/a	n/a	1	n/a
5	n/a	n/a	word	2428.5092558999995	0.0	trigger	n/a	n/a	108	n/a	n/a	n/a	n/a	n/a	n/a	n/a	n/a
5	7	324	possible_button_press	2429.9928288	0.0	response	n/a	n/a	n/a	n/a	n/a	n/a	n/a	m	m	1	1
5	7	324	fix_cross_after_trial	2430.0117093	0.8750542666666661	fixation cross	n/a	n/a	94	2430.0117631000003	5.380000038712751e-05	n/a	n/a	n/a	n/a	n/a	n/a
5	n/a	n/a	fix_cross_iti	2430.0117631000003	0.0	trigger	n/a	n/a	94	n/a	n/a	n/a	n/a	n/a	n/a	n/a	n/a
5	7	325	image	2430.9239534999997	0.768328366667447	image	roll	roll_05.png	6	2430.9240320999997	7.860000005166512e-05	n/a	n/a	n/a	n/a	1	n/a
5	n/a	n/a	image	2430.9240320999997	0.0	trigger	n/a	n/a	6	n/a	n/a	n/a	n/a	n/a	n/a	n/a	n/a
5	7	325	word	2431.7024014	0.9497846666672558	word	roll_en	n/a	106	2431.7024373000004	3.590000051190145e-05	n/a	n/a	n/a	n/a	1	n/a
5	n/a	n/a	word	2431.7024373000004	0.0	trigger	n/a	n/a	106	n/a	n/a	n/a	n/a	n/a	n/a	n/a	n/a
5	7	325	possible_button_press	2433.1882193	0.0	response	n/a	n/a	n/a	n/a	n/a	n/a	n/a	m	m	1	1
5	7	325	fix_cross_after_trial	2433.2026179000004	0.9997442666663119	fixation cross	n/a	n/a	94	2433.2026441	2.6199999410891905e-05	n/a	n/a	n/a	n/a	n/a	n/a
5	n/a	n/a	fix_cross_iti	2433.2026441	0.0	trigger	n/a	n/a	94	n/a	n/a	n/a	n/a	n/a	n/a	n/a	n/a
5	7	326	image	2434.2581954999996	0.7606537666670192	image	bell	bell_10.png	5	2434.2582839999995	8.849999994708924e-05	n/a	n/a	n/a	n/a	1	n/a
5	n/a	n/a	image	2434.2582839999995	0.0	trigger	n/a	n/a	5	n/a	n/a	n/a	n/a	n/a	n/a	n/a	n/a
5	7	326	word	2435.0187717	0.9492730666670468	word	bell_en	n/a	105	2435.0188043999997	3.2699999792384915e-05	n/a	n/a	n/a	n/a	1	n/a
5	n/a	n/a	word	2435.0188043999997	0.0	trigger	n/a	n/a	105	n/a	n/a	n/a	n/a	n/a	n/a	n/a	n/a
5	7	326	possible_button_press	2436.5232132	0.0	response	n/a	n/a	n/a	n/a	n/a	n/a	n/a	m	m	1	1
5	7	326	fix_cross_after_trial	2436.5379986999997	0.8995013666672094	fixation cross	n/a	n/a	94	2436.5380297	3.100000049016671e-05	n/a	n/a	n/a	n/a	n/a	n/a
5	n/a	n/a	fix_cross_iti	2436.5380297	0.0	trigger	n/a	n/a	94	n/a	n/a	n/a	n/a	n/a	n/a	n/a	n/a
5	7	327	image	2437.4882584999996	0.7493163666676992	image	bus	bus_01.png	7	2437.4883324	7.390000064333435e-05	n/a	n/a	n/a	n/a	1	n/a
5	n/a	n/a	image	2437.4883324	0.0	trigger	n/a	n/a	7	n/a	n/a	n/a	n/a	n/a	n/a	n/a	n/a
5	7	327	word	2438.2344224999997	0.9667678666673964	word	bus_en	n/a	107	2438.2344526999996	3.0199999855540227e-05	n/a	n/a	n/a	n/a	1	n/a
5	n/a	n/a	word	2438.2344526999996	0.0	trigger	n/a	n/a	107	n/a	n/a	n/a	n/a	n/a	n/a	n/a	n/a
5	7	327	possible_button_press	2439.7363830000004	0.0	response	n/a	n/a	n/a	n/a	n/a	n/a	n/a	m	m	1	1
5	7	327	fix_cross_after_trial	2439.7507077	1.199660766666966	fixation cross	n/a	n/a	94	2439.7507391999998	3.149999974993989e-05	n/a	n/a	n/a	n/a	n/a	n/a
5	n/a	n/a	fix_cross_iti	2439.7507391999998	0.0	trigger	n/a	n/a	94	n/a	n/a	n/a	n/a	n/a	n/a	n/a	n/a
5	7	328	image	2441.0051258000003	0.7624943666669424	image	desk	desk_03.png	10	2441.0052104999995	8.469999920635018e-05	n/a	n/a	n/a	n/a	1	n/a
5	n/a	n/a	image	2441.0052104999995	0.0	trigger	n/a	n/a	10	n/a	n/a	n/a	n/a	n/a	n/a	n/a	n/a
5	7	328	word	2441.7667314	0.9489181666667719	word	desk_en	n/a	110	2441.766767	3.5600000046542846e-05	n/a	n/a	n/a	n/a	1	n/a
5	n/a	n/a	word	2441.766767	0.0	trigger	n/a	n/a	110	n/a	n/a	n/a	n/a	n/a	n/a	n/a	n/a
5	7	328	possible_button_press	2443.2688879999996	0.0	response	n/a	n/a	n/a	n/a	n/a	n/a	n/a	m	m	1	1
5	7	328	fix_cross_after_trial	2443.2827945999998	0.7999142666667467	fixation cross	n/a	n/a	94	2443.2828201	2.550000044720946e-05	n/a	n/a	n/a	n/a	n/a	n/a
5	n/a	n/a	fix_cross_iti	2443.2828201	0.0	trigger	n/a	n/a	94	n/a	n/a	n/a	n/a	n/a	n/a	n/a	n/a
5	7	329	image	2444.1374902	0.7616231666670501	image	watch	watch_07.png	3	2444.1375817	9.15000000532018e-05	n/a	n/a	n/a	n/a	0	n/a
5	n/a	n/a	image	2444.1375817	0.0	trigger	n/a	n/a	3	n/a	n/a	n/a	n/a	n/a	n/a	n/a	n/a
5	7	329	word	2444.8995656999996	0.9491608666676257	word	bell_en	n/a	105	2444.8996034	3.770000057556899e-05	n/a	n/a	n/a	n/a	0	n/a
5	n/a	n/a	word	2444.8996034	0.0	trigger	n/a	n/a	105	n/a	n/a	n/a	n/a	n/a	n/a	n/a	n/a
5	7	329	feedback	2446.4152879000003	0.0	trigger	n/a	n/a	96	n/a	n/a	n/a	n/a	n/a	n/a	n/a	n/a
5	7	329	possible_button_press	2446.6015178999996	0.0	response	n/a	n/a	n/a	n/a	n/a	n/a	n/a	m	r	0	0
5	7	329	fix_cross_after_trial	2446.6153332000004	0.9332790666667279	fixation cross	n/a	n/a	94	2446.6153649999997	3.1799999305803794e-05	n/a	n/a	n/a	n/a	n/a	n/a
5	n/a	n/a	fix_cross_iti	2446.6153649999997	0.0	trigger	n/a	n/a	94	n/a	n/a	n/a	n/a	n/a	n/a	n/a	n/a
5	7	330	image	2447.6018963999995	0.7630512666673894	image	bus	bus_08.png	7	2447.6019918	9.540000064589549e-05	n/a	n/a	n/a	n/a	1	n/a
5	n/a	n/a	image	2447.6019918	0.0	trigger	n/a	n/a	7	n/a	n/a	n/a	n/a	n/a	n/a	n/a	n/a
5	7	330	word	2448.3647318000003	0.9664930666667715	word	bus_en	n/a	107	2448.3647760000003	4.42000000475673e-05	n/a	n/a	n/a	n/a	1	n/a
5	n/a	n/a	word	2448.3647760000003	0.0	trigger	n/a	n/a	107	n/a	n/a	n/a	n/a	n/a	n/a	n/a	n/a
5	7	330	possible_button_press	2449.8663822	0.0	response	n/a	n/a	n/a	n/a	n/a	n/a	n/a	m	m	1	1
5	7	330	fix_cross_after_trial	2449.8807606	1.083047966666527	fixation cross	n/a	n/a	94	2449.8807834	2.27999998969608e-05	n/a	n/a	n/a	n/a	n/a	n/a
5	n/a	n/a	fix_cross_iti	2449.8807834	0.0	trigger	n/a	n/a	94	n/a	n/a	n/a	n/a	n/a	n/a	n/a	n/a
5	7	331	image	2451.0006273999998	0.7631226666671864	image	saw	saw_03.png	9	2451.0007069000003	7.950000053824624e-05	n/a	n/a	n/a	n/a	1	n/a
5	n/a	n/a	image	2451.0007069000003	0.0	trigger	n/a	n/a	9	n/a	n/a	n/a	n/a	n/a	n/a	n/a	n/a
5	7	331	word	2451.7635555999996	0.9499296666672308	word	saw_en	n/a	109	2451.7635946	3.9000000469968654e-05	n/a	n/a	n/a	n/a	1	n/a
5	n/a	n/a	word	2451.7635946	0.0	trigger	n/a	n/a	109	n/a	n/a	n/a	n/a	n/a	n/a	n/a	n/a
5	7	331	possible_button_press	2453.2518432999996	0.0	response	n/a	n/a	n/a	n/a	n/a	n/a	n/a	m	m	1	1
5	7	331	fix_cross_after_trial	2453.2648477000002	0.8977964666664775	fixation cross	n/a	n/a	94	2453.264878	3.0299999707494862e-05	n/a	n/a	n/a	n/a	n/a	n/a
5	n/a	n/a	fix_cross_iti	2453.264878	0.0	trigger	n/a	n/a	94	n/a	n/a	n/a	n/a	n/a	n/a	n/a	n/a
5	7	332	image	2454.2171482000003	0.7620243666660826	image	roll	roll_10.png	6	2454.2172411	9.28999997995561e-05	n/a	n/a	n/a	n/a	1	n/a
5	n/a	n/a	image	2454.2172411	0.0	trigger	n/a	n/a	6	n/a	n/a	n/a	n/a	n/a	n/a	n/a	n/a
5	7	332	word	2454.9790894	0.9493843666668909	word	roll_en	n/a	106	2454.979117	2.7600000066740904e-05	n/a	n/a	n/a	n/a	1	n/a
5	n/a	n/a	word	2454.979117	0.0	trigger	n/a	n/a	106	n/a	n/a	n/a	n/a	n/a	n/a	n/a	n/a
5	7	332	possible_button_press	2456.481414	0.0	response	n/a	n/a	n/a	n/a	n/a	n/a	n/a	m	m	1	1
5	7	332	fix_cross_after_trial	2456.4991835	0.8665343666671106	fixation cross	n/a	n/a	94	2456.499213	2.949999998236308e-05	n/a	n/a	n/a	n/a	n/a	n/a
5	n/a	n/a	fix_cross_iti	2456.499213	0.0	trigger	n/a	n/a	94	n/a	n/a	n/a	n/a	n/a	n/a	n/a	n/a
5	7	333	image	2457.4165454000004	0.7655321666661621	image	bottle	bottle_05.png	2	2457.4166421	9.669999963080045e-05	n/a	n/a	n/a	n/a	1	n/a
5	n/a	n/a	image	2457.4166421	0.0	trigger	n/a	n/a	2	n/a	n/a	n/a	n/a	n/a	n/a	n/a	n/a
5	7	333	word	2458.1780665999995	0.9662710666671046	word	bottle_en	n/a	102	2458.1780909999998	2.4400000256719068e-05	n/a	n/a	n/a	n/a	1	n/a
5	n/a	n/a	word	2458.1780909999998	0.0	trigger	n/a	n/a	102	n/a	n/a	n/a	n/a	n/a	n/a	n/a	n/a
5	7	333	possible_button_press	2459.6796402	0.0	response	n/a	n/a	n/a	n/a	n/a	n/a	n/a	m	m	1	1
5	7	333	fix_cross_after_trial	2459.6943425	1.216312266667046	fixation cross	n/a	n/a	94	2459.6943719	2.9400000130408444e-05	n/a	n/a	n/a	n/a	n/a	n/a
5	n/a	n/a	fix_cross_iti	2459.6943719	0.0	trigger	n/a	n/a	94	n/a	n/a	n/a	n/a	n/a	n/a	n/a	n/a
5	7	334	image	2460.9305198	0.7505808666664961	image	fan	fan_05.png	4	2460.9306084	8.859999979904387e-05	n/a	n/a	n/a	n/a	1	n/a
5	n/a	n/a	image	2460.9306084	0.0	trigger	n/a	n/a	4	n/a	n/a	n/a	n/a	n/a	n/a	n/a	n/a
5	7	334	word	2461.6795224999996	0.9140740666671263	word	fan_en	n/a	104	2461.6795656000004	4.310000076657161e-05	n/a	n/a	n/a	n/a	1	n/a
5	n/a	n/a	word	2461.6795656000004	0.0	trigger	n/a	n/a	104	n/a	n/a	n/a	n/a	n/a	n/a	n/a	n/a
5	7	334	possible_button_press	2463.1791598	0.0	response	n/a	n/a	n/a	n/a	n/a	n/a	n/a	m	m	1	1
5	7	334	fix_cross_after_trial	2463.1934721999996	0.8163048666674513	fixation cross	n/a	n/a	94	2463.1935101999998	3.80000001314329e-05	n/a	n/a	n/a	n/a	n/a	n/a
5	n/a	n/a	fix_cross_iti	2463.1935101999998	0.0	trigger	n/a	n/a	94	n/a	n/a	n/a	n/a	n/a	n/a	n/a	n/a
5	7	335	image	2464.0662982000003	0.7600776666668025	image	bus	bus_10.png	7	2464.0663876999997	8.949999937613029e-05	n/a	n/a	n/a	n/a	1	n/a
5	n/a	n/a	image	2464.0663876999997	0.0	trigger	n/a	n/a	7	n/a	n/a	n/a	n/a	n/a	n/a	n/a	n/a
5	7	335	word	2464.8264952	0.9663316666665196	word	bus_en	n/a	107	2464.8265367000004	4.150000040681334e-05	n/a	n/a	n/a	n/a	1	n/a
5	n/a	n/a	word	2464.8265367000004	0.0	trigger	n/a	n/a	107	n/a	n/a	n/a	n/a	n/a	n/a	n/a	n/a
5	7	335	possible_button_press	2466.3288679999996	0.0	response	n/a	n/a	n/a	n/a	n/a	n/a	n/a	m	m	1	1
5	7	335	fix_cross_after_trial	2466.3424727	1.0832894666664288	fixation cross	n/a	n/a	94	2466.3425031999996	3.0499999411404133e-05	n/a	n/a	n/a	n/a	n/a	n/a
5	n/a	n/a	fix_cross_iti	2466.3425031999996	0.0	trigger	n/a	n/a	94	n/a	n/a	n/a	n/a	n/a	n/a	n/a	n/a
5	7	336	image	2467.4790593	0.7506212666667125	image	bell	bell_07.png	5	2467.4791440999998	8.479999996779952e-05	n/a	n/a	n/a	n/a	1	n/a
5	n/a	n/a	image	2467.4791440999998	0.0	trigger	n/a	n/a	5	n/a	n/a	n/a	n/a	n/a	n/a	n/a	n/a
5	7	336	word	2468.2412825	0.9335434666663787	word	bell_en	n/a	105	2468.2413281999998	4.569999964587623e-05	n/a	n/a	n/a	n/a	1	n/a
5	n/a	n/a	word	2468.2413281999998	0.0	trigger	n/a	n/a	105	n/a	n/a	n/a	n/a	n/a	n/a	n/a	n/a
5	7	336	possible_button_press	2469.7269514	0.0	response	n/a	n/a	n/a	n/a	n/a	n/a	n/a	m	m	1	1
5	7	336	fix_cross_after_trial	2469.7411429000003	1.1832262666666793	fixation cross	n/a	n/a	94	2469.7411697999996	2.6899999284069054e-05	n/a	n/a	n/a	n/a	n/a	n/a
5	n/a	n/a	fix_cross_iti	2469.7411697999996	0.0	trigger	n/a	n/a	94	n/a	n/a	n/a	n/a	n/a	n/a	n/a	n/a
5	7	337	image	2470.9435661999996	0.7497109666674078	image	fan	fan_07.png	4	2470.943649	8.280000020022271e-05	n/a	n/a	n/a	n/a	1	n/a
5	n/a	n/a	image	2470.943649	0.0	trigger	n/a	n/a	4	n/a	n/a	n/a	n/a	n/a	n/a	n/a	n/a
5	7	337	word	2471.6909097999996	0.932917466667277	word	fan_en	n/a	104	2471.6909533	4.350000017439015e-05	n/a	n/a	n/a	n/a	1	n/a
5	n/a	n/a	word	2471.6909533	0.0	trigger	n/a	n/a	104	n/a	n/a	n/a	n/a	n/a	n/a	n/a	n/a
5	7	337	possible_button_press	2473.1928721000004	0.0	response	n/a	n/a	n/a	n/a	n/a	n/a	n/a	m	m	1	1
5	7	337	fix_cross_after_trial	2473.2087997999997	0.8013177666671254	fixation cross	n/a	n/a	94	2473.2088274999996	2.769999991869554e-05	n/a	n/a	n/a	n/a	n/a	n/a
5	n/a	n/a	fix_cross_iti	2473.2088274999996	0.0	trigger	n/a	n/a	94	n/a	n/a	n/a	n/a	n/a	n/a	n/a	n/a
5	7	338	image	2474.0814027999995	0.7584420666671576	image	ball	ball_08.png	8	2474.0815178000003	0.00011500000073283445	n/a	n/a	n/a	n/a	1	n/a
5	n/a	n/a	image	2474.0815178000003	0.0	trigger	n/a	n/a	8	n/a	n/a	n/a	n/a	n/a	n/a	n/a	n/a
5	7	338	word	2474.8396716999996	0.9496836666676245	word	ball_en	n/a	108	2474.8397133999997	4.170000011072261e-05	n/a	n/a	n/a	n/a	1	n/a
5	n/a	n/a	word	2474.8397133999997	0.0	trigger	n/a	n/a	108	n/a	n/a	n/a	n/a	n/a	n/a	n/a	n/a
5	7	338	possible_button_press	2476.3411918	0.0	response	n/a	n/a	n/a	n/a	n/a	n/a	n/a	m	m	1	1
5	7	338	fix_cross_after_trial	2476.3558860000003	1.0329066666663493	fixation cross	n/a	n/a	94	2476.3559124000003	2.6400000024295878e-05	n/a	n/a	n/a	n/a	n/a	n/a
5	n/a	n/a	fix_cross_iti	2476.3559124000003	0.0	trigger	n/a	n/a	94	n/a	n/a	n/a	n/a	n/a	n/a	n/a	n/a
5	7	339	image	2477.4429142	0.765280266667105	image	bus	bus_07.png	7	2477.4430054000004	9.12000004973379e-05	n/a	n/a	n/a	n/a	0	n/a
5	n/a	n/a	image	2477.4430054000004	0.0	trigger	n/a	n/a	7	n/a	n/a	n/a	n/a	n/a	n/a	n/a	n/a
5	7	339	word	2478.2053267	0.9365408666662915	word	fan_en	n/a	104	2478.2053582	3.149999974993989e-05	n/a	n/a	n/a	n/a	0	n/a
5	n/a	n/a	word	2478.2053582	0.0	trigger	n/a	n/a	104	n/a	n/a	n/a	n/a	n/a	n/a	n/a	n/a
5	7	339	feedback	2479.7213996	0.0	trigger	n/a	n/a	96	n/a	n/a	n/a	n/a	n/a	n/a	n/a	n/a
5	7	339	possible_button_press	2479.9233555	0.0	response	n/a	n/a	n/a	n/a	n/a	n/a	n/a	m	r	0	0
5	7	339	fix_cross_after_trial	2479.9379999000002	0.9496794666665664	fixation cross	n/a	n/a	94	2479.9380256000004	2.570000015111873e-05	n/a	n/a	n/a	n/a	n/a	n/a
5	n/a	n/a	fix_cross_iti	2479.9380256000004	0.0	trigger	n/a	n/a	94	n/a	n/a	n/a	n/a	n/a	n/a	n/a	n/a
5	7	340	image	2480.9421984	0.7621402666663926	image	watch	watch_03.png	3	2480.9422702	7.18000001143082e-05	n/a	n/a	n/a	n/a	1	n/a
5	n/a	n/a	image	2480.9422702	0.0	trigger	n/a	n/a	3	n/a	n/a	n/a	n/a	n/a	n/a	n/a	n/a
5	7	340	word	2481.7201975999997	0.9496754666670313	word	watch_en	n/a	103	2481.7202348	3.7200000406301115e-05	n/a	n/a	n/a	n/a	1	n/a
5	n/a	n/a	word	2481.7202348	0.0	trigger	n/a	n/a	103	n/a	n/a	n/a	n/a	n/a	n/a	n/a	n/a
5	7	340	possible_button_press	2483.2061722999997	0.0	response	n/a	n/a	n/a	n/a	n/a	n/a	n/a	m	m	1	1
5	7	340	fix_cross_after_trial	2483.2203203999998	1.1163377666671295	fixation cross	n/a	n/a	94	2483.2203474999997	2.7099999897473026e-05	n/a	n/a	n/a	n/a	n/a	n/a
5	n/a	n/a	fix_cross_iti	2483.2203474999997	0.0	trigger	n/a	n/a	94	n/a	n/a	n/a	n/a	n/a	n/a	n/a	n/a
5	7	341	image	2484.3904773000004	0.7689569666663374	image	desk	desk_10.png	10	2484.3905545	7.719999939581612e-05	n/a	n/a	n/a	n/a	1	n/a
5	n/a	n/a	image	2484.3905545	0.0	trigger	n/a	n/a	10	n/a	n/a	n/a	n/a	n/a	n/a	n/a	n/a
5	7	341	word	2485.1691951000003	0.9341258666663634	word	desk_en	n/a	110	2485.1692376	4.2499999835854396e-05	n/a	n/a	n/a	n/a	1	n/a
5	n/a	n/a	word	2485.1692376	0.0	trigger	n/a	n/a	110	n/a	n/a	n/a	n/a	n/a	n/a	n/a	n/a
5	7	341	possible_button_press	2486.6626724	0.0	response	n/a	n/a	n/a	n/a	n/a	n/a	n/a	m	m	1	1
5	7	341	fix_cross_after_trial	2486.6703952	0.8832464666666056	fixation cross	n/a	n/a	94	2486.6704336000003	3.840000044874614e-05	n/a	n/a	n/a	n/a	n/a	n/a
5	n/a	n/a	fix_cross_iti	2486.6704336000003	0.0	trigger	n/a	n/a	94	n/a	n/a	n/a	n/a	n/a	n/a	n/a	n/a
5	7	342	image	2487.6242924999997	0.7634002666673041	image	watch	watch_09.png	3	2487.6244134999997	0.00012100000003556488	n/a	n/a	n/a	n/a	1	n/a
5	n/a	n/a	image	2487.6244134999997	0.0	trigger	n/a	n/a	3	n/a	n/a	n/a	n/a	n/a	n/a	n/a	n/a
5	7	342	word	2488.4014975	0.9503709666669238	word	watch_en	n/a	103	2488.4015379	4.040000021632295e-05	n/a	n/a	n/a	n/a	1	n/a
5	n/a	n/a	word	2488.4015379	0.0	trigger	n/a	n/a	103	n/a	n/a	n/a	n/a	n/a	n/a	n/a	n/a
5	7	342	possible_button_press	2489.8952195	0.0	response	n/a	n/a	n/a	n/a	n/a	n/a	n/a	m	m	1	1
5	7	342	fix_cross_after_trial	2489.9020797000003	0.7992767666664804	fixation cross	n/a	n/a	94	2489.9021193999997	3.96999994336511e-05	n/a	n/a	n/a	n/a	n/a	n/a
5	n/a	n/a	fix_cross_iti	2489.9021193999997	0.0	trigger	n/a	n/a	94	n/a	n/a	n/a	n/a	n/a	n/a	n/a	n/a
5	7	343	image	2490.7250535000003	0.7648730666669508	image	saw	saw_01.png	9	2490.7251423	8.879999950295314e-05	n/a	n/a	n/a	n/a	1	n/a
5	n/a	n/a	image	2490.7251423	0.0	trigger	n/a	n/a	9	n/a	n/a	n/a	n/a	n/a	n/a	n/a	n/a
5	7	343	word	2491.4844372999996	0.9496837666674764	word	saw_en	n/a	109	2491.4844765	3.9200000173877925e-05	n/a	n/a	n/a	n/a	1	n/a
5	n/a	n/a	word	2491.4844765	0.0	trigger	n/a	n/a	109	n/a	n/a	n/a	n/a	n/a	n/a	n/a	n/a
5	7	343	possible_button_press	2492.9869612	0.0	response	n/a	n/a	n/a	n/a	n/a	n/a	n/a	m	m	1	1
5	7	343	fix_cross_after_trial	2493.0011514	1.1990643666667893	fixation cross	n/a	n/a	94	2493.0011827999997	3.1399999897985253e-05	n/a	n/a	n/a	n/a	n/a	n/a
5	n/a	n/a	fix_cross_iti	2493.0011827999997	0.0	trigger	n/a	n/a	94	n/a	n/a	n/a	n/a	n/a	n/a	n/a	n/a
5	7	344	image	2494.3152393	0.7516899666670724	image	fan	fan_06.png	4	2494.3153332	9.390000013809185e-05	n/a	n/a	n/a	n/a	0	n/a
5	n/a	n/a	image	2494.3153332	0.0	trigger	n/a	n/a	4	n/a	n/a	n/a	n/a	n/a	n/a	n/a	n/a
5	7	344	word	2495.0667506	0.9820984666666845	word	bottle_en	n/a	102	2495.0667904	3.980000019510044e-05	n/a	n/a	n/a	n/a	0	n/a
5	n/a	n/a	word	2495.0667904	0.0	trigger	n/a	n/a	102	n/a	n/a	n/a	n/a	n/a	n/a	n/a	n/a
5	7	344	feedback	2496.582894	0.0	trigger	n/a	n/a	96	n/a	n/a	n/a	n/a	n/a	n/a	n/a	n/a
5	7	344	possible_button_press	2496.7689493	0.0	response	n/a	n/a	n/a	n/a	n/a	n/a	n/a	m	r	0	0
5	7	344	fix_cross_after_trial	2496.7826543	1.0664521666667497	fixation cross	n/a	n/a	94	2496.7826776	2.3300000066228677e-05	n/a	n/a	n/a	n/a	n/a	n/a
5	n/a	n/a	fix_cross_iti	2496.7826776	0.0	trigger	n/a	n/a	94	n/a	n/a	n/a	n/a	n/a	n/a	n/a	n/a
5	7	345	image	2497.9057992999997	0.759810666667363	image	suit	suit_09.png	1	2497.9058844	8.510000043315813e-05	n/a	n/a	n/a	n/a	1	n/a
5	n/a	n/a	image	2497.9058844	0.0	trigger	n/a	n/a	1	n/a	n/a	n/a	n/a	n/a	n/a	n/a	n/a
5	7	345	word	2498.6656513	0.916112466667073	word	suit_en	n/a	101	2498.6656921000003	4.0800000533636194e-05	n/a	n/a	n/a	n/a	1	n/a
5	n/a	n/a	word	2498.6656921000003	0.0	trigger	n/a	n/a	101	n/a	n/a	n/a	n/a	n/a	n/a	n/a	n/a
5	7	345	possible_button_press	2500.1670721	0.0	response	n/a	n/a	n/a	n/a	n/a	n/a	n/a	m	m	1	1
5	7	345	fix_cross_after_trial	2500.1816363	0.8830501666670898	fixation cross	n/a	n/a	94	2500.1816630000003	2.6700000489654485e-05	n/a	n/a	n/a	n/a	n/a	n/a
5	n/a	n/a	fix_cross_iti	2500.1816630000003	0.0	trigger	n/a	n/a	94	n/a	n/a	n/a	n/a	n/a	n/a	n/a	n/a
5	7	346	image	2501.1184639000003	0.762820666666812	image	ball	ball_05.png	8	2501.11855	8.609999986219918e-05	n/a	n/a	n/a	n/a	1	n/a
5	n/a	n/a	image	2501.11855	0.0	trigger	n/a	n/a	8	n/a	n/a	n/a	n/a	n/a	n/a	n/a	n/a
5	7	346	word	2501.8814285999997	0.9488941666668325	word	ball_en	n/a	108	2501.8814678	3.9200000173877925e-05	n/a	n/a	n/a	n/a	1	n/a
5	n/a	n/a	word	2501.8814678	0.0	trigger	n/a	n/a	108	n/a	n/a	n/a	n/a	n/a	n/a	n/a	n/a
5	7	346	possible_button_press	2503.3844725999998	0.0	response	n/a	n/a	n/a	n/a	n/a	n/a	n/a	m	m	1	1
5	7	346	fix_cross_after_trial	2503.3972209000003	1.1830899666665573	fixation cross	n/a	n/a	94	2503.3972448000004	2.390000008745119e-05	n/a	n/a	n/a	n/a	n/a	n/a
5	n/a	n/a	fix_cross_iti	2503.3972448000004	0.0	trigger	n/a	n/a	94	n/a	n/a	n/a	n/a	n/a	n/a	n/a	n/a
5	7	347	image	2504.5985650000002	0.7651219666668112	image	roll	roll_01.png	6	2504.5986455	8.04999999672873e-05	n/a	n/a	n/a	n/a	1	n/a
5	n/a	n/a	image	2504.5986455	0.0	trigger	n/a	n/a	6	n/a	n/a	n/a	n/a	n/a	n/a	n/a	n/a
5	7	347	word	2505.3635591	0.9499246666664476	word	roll_en	n/a	106	2505.3635918	3.2699999792384915e-05	n/a	n/a	n/a	n/a	1	n/a
5	n/a	n/a	word	2505.3635918	0.0	trigger	n/a	n/a	106	n/a	n/a	n/a	n/a	n/a	n/a	n/a	n/a
5	7	347	possible_button_press	2506.8657599	0.0	response	n/a	n/a	n/a	n/a	n/a	n/a	n/a	m	m	1	1
5	7	347	fix_cross_after_trial	2506.8797108999997	0.8332448666669734	fixation cross	n/a	n/a	94	2506.8797391999997	2.8299999939918052e-05	n/a	n/a	n/a	n/a	n/a	n/a
5	n/a	n/a	fix_cross_iti	2506.8797391999997	0.0	trigger	n/a	n/a	94	n/a	n/a	n/a	n/a	n/a	n/a	n/a	n/a
5	7	348	image	2507.7674458	0.7620882666669786	image	suit	suit_10.png	1	2507.7675234999997	7.7699999565084e-05	n/a	n/a	n/a	n/a	1	n/a
5	n/a	n/a	image	2507.7675234999997	0.0	trigger	n/a	n/a	1	n/a	n/a	n/a	n/a	n/a	n/a	n/a	n/a
5	7	348	word	2508.5296366000002	0.9324695666664411	word	suit_en	n/a	101	2508.529678	4.1399999645364005e-05	n/a	n/a	n/a	n/a	1	n/a
5	n/a	n/a	word	2508.529678	0.0	trigger	n/a	n/a	101	n/a	n/a	n/a	n/a	n/a	n/a	n/a	n/a
5	7	348	possible_button_press	2510.0315767	0.0	response	n/a	n/a	n/a	n/a	n/a	n/a	n/a	m	m	1	1
5	7	348	fix_cross_after_trial	2510.0453340000004	1.2162030666668215	fixation cross	n/a	n/a	94	2510.0453660000003	3.199999991920777e-05	n/a	n/a	n/a	n/a	n/a	n/a
5	n/a	n/a	fix_cross_iti	2510.0453660000003	0.0	trigger	n/a	n/a	94	n/a	n/a	n/a	n/a	n/a	n/a	n/a	n/a
5	7	349	image	2511.2989906000003	0.7624272666662364	image	ball	ball_02.png	8	2511.2990641999995	7.359999926848104e-05	n/a	n/a	n/a	n/a	1	n/a
5	n/a	n/a	image	2511.2990641999995	0.0	trigger	n/a	n/a	8	n/a	n/a	n/a	n/a	n/a	n/a	n/a	n/a
5	7	349	word	2512.0612834000003	0.9495493666663606	word	ball_en	n/a	108	2512.0613147000004	3.130000004603062e-05	n/a	n/a	n/a	n/a	1	n/a
5	n/a	n/a	word	2512.0613147000004	0.0	trigger	n/a	n/a	108	n/a	n/a	n/a	n/a	n/a	n/a	n/a	n/a
5	7	349	possible_button_press	2513.5632466999996	0.0	response	n/a	n/a	n/a	n/a	n/a	n/a	n/a	m	m	1	1
5	7	349	fix_cross_after_trial	2513.5774223999997	1.0166190666668626	fixation cross	n/a	n/a	94	2513.5774512999997	2.8899999961140566e-05	n/a	n/a	n/a	n/a	n/a	n/a
5	n/a	n/a	fix_cross_iti	2513.5774512999997	0.0	trigger	n/a	n/a	94	n/a	n/a	n/a	n/a	n/a	n/a	n/a	n/a
5	7	350	image	2514.648674	0.7659892666670203	image	bottle	bottle_04.png	2	2514.6487647000004	9.070000032807002e-05	n/a	n/a	n/a	n/a	1	n/a
5	n/a	n/a	image	2514.6487647000004	0.0	trigger	n/a	n/a	2	n/a	n/a	n/a	n/a	n/a	n/a	n/a	n/a
5	7	350	word	2515.4102483999995	0.9821044666668968	word	bottle_en	n/a	102	2515.4102805	3.2100000680657104e-05	n/a	n/a	n/a	n/a	1	n/a
5	n/a	n/a	word	2515.4102805	0.0	trigger	n/a	n/a	102	n/a	n/a	n/a	n/a	n/a	n/a	n/a	n/a
5	7	350	possible_button_press	2516.9140645999996	0.0	response	n/a	n/a	n/a	n/a	n/a	n/a	n/a	m	m	1	1
5	7	350	fix_cross_after_trial	2516.9271239	1.0826794666672868	fixation cross	n/a	n/a	94	2516.9271617000004	3.780000042752363e-05	n/a	n/a	n/a	n/a	n/a	n/a
5	n/a	n/a	fix_cross_iti	2516.9271617000004	0.0	trigger	n/a	n/a	94	n/a	n/a	n/a	n/a	n/a	n/a	n/a	n/a
5	7	350	break_instruction	2518.0095553	15.012052166666763	break	n/a	n/a	81	2518.0095903	3.500000002532033e-05	n/a	n/a	n/a	n/a	n/a	n/a
5	n/a	n/a	break_start	2518.0095903	0.0	trigger	n/a	n/a	81	n/a	n/a	n/a	n/a	n/a	n/a	n/a	n/a
5	n/a	n/a	break_end	2546.5026814000003	0.0	trigger	n/a	n/a	82	n/a	n/a	n/a	n/a	n/a	n/a	n/a	n/a
5	8	351	image	2546.5526356	0.7672414666667464	image	saw	saw_08.png	9	2546.552705	6.940000002941815e-05	n/a	n/a	n/a	n/a	1	n/a
5	n/a	n/a	image	2546.552705	0.0	trigger	n/a	n/a	9	n/a	n/a	n/a	n/a	n/a	n/a	n/a	n/a
5	8	351	word	2547.3212412000003	0.9447305666662942	word	saw_en	n/a	109	2547.3212952000003	5.400000009103678e-05	n/a	n/a	n/a	n/a	1	n/a
5	n/a	n/a	word	2547.3212952000003	0.0	trigger	n/a	n/a	109	n/a	n/a	n/a	n/a	n/a	n/a	n/a	n/a
5	8	351	possible_button_press	2548.8060299999997	0.0	response	n/a	n/a	n/a	n/a	n/a	n/a	n/a	m	m	1	1
5	8	351	fix_cross_after_trial	2548.8213669999996	1.1804762666670285	fixation cross	n/a	n/a	94	2548.8213988999996	3.190000006725313e-05	n/a	n/a	n/a	n/a	n/a	n/a
5	n/a	n/a	fix_cross_iti	2548.8213988999996	0.0	trigger	n/a	n/a	94	n/a	n/a	n/a	n/a	n/a	n/a	n/a	n/a
5	8	352	image	2550.0558088999996	0.7603292666672132	image	bus	bus_02.png	7	2550.0559385999995	0.00012969999988854397	n/a	n/a	n/a	n/a	1	n/a
5	n/a	n/a	image	2550.0559385999995	0.0	trigger	n/a	n/a	7	n/a	n/a	n/a	n/a	n/a	n/a	n/a	n/a
5	8	352	word	2550.8207396	0.9645693666670923	word	bus_en	n/a	107	2550.8207775	3.790000027947826e-05	n/a	n/a	n/a	n/a	1	n/a
5	n/a	n/a	word	2550.8207775	0.0	trigger	n/a	n/a	107	n/a	n/a	n/a	n/a	n/a	n/a	n/a	n/a
5	8	352	possible_button_press	2552.3177588999997	0.0	response	n/a	n/a	n/a	n/a	n/a	n/a	n/a	m	m	1	1
5	8	352	fix_cross_after_trial	2552.3340535999996	1.0813328666672533	fixation cross	n/a	n/a	94	2552.3340988	4.5200000386103056e-05	n/a	n/a	n/a	n/a	n/a	n/a
5	n/a	n/a	fix_cross_iti	2552.3340988	0.0	trigger	n/a	n/a	94	n/a	n/a	n/a	n/a	n/a	n/a	n/a	n/a
5	8	353	image	2553.4540251	0.7636803666673586	image	desk	desk_07.png	10	2553.4541068	8.170000000973232e-05	n/a	n/a	n/a	n/a	1	n/a
5	n/a	n/a	image	2553.4541068	0.0	trigger	n/a	n/a	10	n/a	n/a	n/a	n/a	n/a	n/a	n/a	n/a
5	8	353	word	2554.2180967000004	0.9488650666662579	word	desk_en	n/a	110	2554.2181451999995	4.8499999138584826e-05	n/a	n/a	n/a	n/a	1	n/a
5	n/a	n/a	word	2554.2181451999995	0.0	trigger	n/a	n/a	110	n/a	n/a	n/a	n/a	n/a	n/a	n/a	n/a
5	8	353	possible_button_press	2555.7167006	0.0	response	n/a	n/a	n/a	n/a	n/a	n/a	n/a	m	m	1	1
5	8	353	fix_cross_after_trial	2555.7311529999997	0.7832002666673361	fixation cross	n/a	n/a	94	2555.7311827000003	2.970000059576705e-05	n/a	n/a	n/a	n/a	n/a	n/a
5	n/a	n/a	fix_cross_iti	2555.7311827000003	0.0	trigger	n/a	n/a	94	n/a	n/a	n/a	n/a	n/a	n/a	n/a	n/a
5	8	354	image	2556.5508622999996	0.7630142666675965	image	roll	roll_09.png	6	2556.5509418	7.950000053824624e-05	n/a	n/a	n/a	n/a	1	n/a
5	n/a	n/a	image	2556.5509418	0.0	trigger	n/a	n/a	6	n/a	n/a	n/a	n/a	n/a	n/a	n/a	n/a
5	8	354	word	2557.3141488	0.9494061666664493	word	roll_en	n/a	106	2557.3141889999997	4.019999960291898e-05	n/a	n/a	n/a	n/a	1	n/a
5	n/a	n/a	word	2557.3141889999997	0.0	trigger	n/a	n/a	106	n/a	n/a	n/a	n/a	n/a	n/a	n/a	n/a
5	8	354	possible_button_press	2558.8027362000003	0.0	response	n/a	n/a	n/a	n/a	n/a	n/a	n/a	m	m	1	1
5	8	354	fix_cross_after_trial	2558.8159410999997	0.8326997666672469	fixation cross	n/a	n/a	94	2558.8159751000003	3.400000059627928e-05	n/a	n/a	n/a	n/a	n/a	n/a
5	n/a	n/a	fix_cross_iti	2558.8159751000003	0.0	trigger	n/a	n/a	94	n/a	n/a	n/a	n/a	n/a	n/a	n/a	n/a
5	8	355	image	2559.7024469999997	0.7604145666673503	image	bus	bus_04.png	7	2559.7025303	8.330000036949059e-05	n/a	n/a	n/a	n/a	1	n/a
5	n/a	n/a	image	2559.7025303	0.0	trigger	n/a	n/a	7	n/a	n/a	n/a	n/a	n/a	n/a	n/a	n/a
5	8	355	word	2560.4629865999996	0.9694532666671876	word	bus_en	n/a	107	2560.4630251999997	3.860000015265541e-05	n/a	n/a	n/a	n/a	1	n/a
5	n/a	n/a	word	2560.4630251999997	0.0	trigger	n/a	n/a	107	n/a	n/a	n/a	n/a	n/a	n/a	n/a	n/a
5	8	355	possible_button_press	2561.9639023	0.0	response	n/a	n/a	n/a	n/a	n/a	n/a	n/a	m	m	1	1
5	8	355	fix_cross_after_trial	2561.9788262	0.8829749666665521	fixation cross	n/a	n/a	94	2561.9788578999996	3.169999945384916e-05	n/a	n/a	n/a	n/a	n/a	n/a
5	n/a	n/a	fix_cross_iti	2561.9788578999996	0.0	trigger	n/a	n/a	94	n/a	n/a	n/a	n/a	n/a	n/a	n/a	n/a
5	8	356	image	2562.8795179999997	0.7655557666666937	image	fan	fan_10.png	4	2562.8795867	6.8700000156241e-05	n/a	n/a	n/a	n/a	1	n/a
5	n/a	n/a	image	2562.8795867	0.0	trigger	n/a	n/a	4	n/a	n/a	n/a	n/a	n/a	n/a	n/a	n/a
5	8	356	word	2563.6450781000003	0.9165536666669141	word	fan_en	n/a	104	2563.6451045000003	2.6400000024295878e-05	n/a	n/a	n/a	n/a	1	n/a
5	n/a	n/a	word	2563.6451045000003	0.0	trigger	n/a	n/a	104	n/a	n/a	n/a	n/a	n/a	n/a	n/a	n/a
5	8	356	possible_button_press	2565.1464674999997	0.0	response	n/a	n/a	n/a	n/a	n/a	n/a	n/a	m	m	1	1
5	8	356	fix_cross_after_trial	2565.1611595000004	0.9832935666663616	fixation cross	n/a	n/a	94	2565.1611768000002	1.7299999854003545e-05	n/a	n/a	n/a	n/a	n/a	n/a
5	n/a	n/a	fix_cross_iti	2565.1611768000002	0.0	trigger	n/a	n/a	94	n/a	n/a	n/a	n/a	n/a	n/a	n/a	n/a
5	8	357	image	2566.1844361000003	0.7600371666667343	image	watch	watch_01.png	3	2566.1845153000004	7.920000007288763e-05	n/a	n/a	n/a	n/a	1	n/a
5	n/a	n/a	image	2566.1845153000004	0.0	trigger	n/a	n/a	3	n/a	n/a	n/a	n/a	n/a	n/a	n/a	n/a
5	8	357	word	2566.9601992999997	0.949424066667234	word	watch_en	n/a	103	2566.9602309	3.1600000511389226e-05	n/a	n/a	n/a	n/a	1	n/a
5	n/a	n/a	word	2566.9602309	0.0	trigger	n/a	n/a	103	n/a	n/a	n/a	n/a	n/a	n/a	n/a	n/a
5	8	357	possible_button_press	2568.4455832000003	0.0	response	n/a	n/a	n/a	n/a	n/a	n/a	n/a	m	m	1	1
5	8	357	fix_cross_after_trial	2568.4601578	0.7999506666665184	fixation cross	n/a	n/a	94	2568.4601788	2.099999983329326e-05	n/a	n/a	n/a	n/a	n/a	n/a
5	n/a	n/a	fix_cross_iti	2568.4601788	0.0	trigger	n/a	n/a	94	n/a	n/a	n/a	n/a	n/a	n/a	n/a	n/a
5	8	358	image	2569.3145077	0.7622460666671032	image	bell	bell_05.png	5	2569.3145906	8.290000005217735e-05	n/a	n/a	n/a	n/a	1	n/a
5	n/a	n/a	image	2569.3145906	0.0	trigger	n/a	n/a	5	n/a	n/a	n/a	n/a	n/a	n/a	n/a	n/a
5	8	358	word	2570.0765705000003	0.9503507666668156	word	bell_en	n/a	105	2570.0766034	3.2899999496294186e-05	n/a	n/a	n/a	n/a	1	n/a
5	n/a	n/a	word	2570.0766034	0.0	trigger	n/a	n/a	105	n/a	n/a	n/a	n/a	n/a	n/a	n/a	n/a
5	8	358	possible_button_press	2571.5781045000003	0.0	response	n/a	n/a	n/a	n/a	n/a	n/a	n/a	m	m	1	1
5	8	358	fix_cross_after_trial	2571.5930165	1.2156965666672477	fixation cross	n/a	n/a	94	2571.5930449999996	2.8499999643827323e-05	n/a	n/a	n/a	n/a	n/a	n/a
5	n/a	n/a	fix_cross_iti	2571.5930449999996	0.0	trigger	n/a	n/a	94	n/a	n/a	n/a	n/a	n/a	n/a	n/a	n/a
5	8	359	image	2572.8286228999996	0.7636401666668462	image	roll	roll_06.png	6	2572.8287045999996	8.170000000973232e-05	n/a	n/a	n/a	n/a	0	n/a
5	n/a	n/a	image	2572.8287045999996	0.0	trigger	n/a	n/a	6	n/a	n/a	n/a	n/a	n/a	n/a	n/a	n/a
5	8	359	word	2573.5921713999996	0.932243666667091	word	fan_en	n/a	104	2573.5922081999997	3.680000008898787e-05	n/a	n/a	n/a	n/a	0	n/a
5	n/a	n/a	word	2573.5922081999997	0.0	trigger	n/a	n/a	104	n/a	n/a	n/a	n/a	n/a	n/a	n/a	n/a
5	8	359	feedback	2575.0924754999996	0.0	trigger	n/a	n/a	96	n/a	n/a	n/a	n/a	n/a	n/a	n/a	n/a
5	8	359	possible_button_press	2575.2939690000003	0.0	response	n/a	n/a	n/a	n/a	n/a	n/a	n/a	m	r	0	0
5	8	359	fix_cross_after_trial	2575.3110408000002	0.817255166666655	fixation cross	n/a	n/a	94	2575.3110690000003	2.8200000087963417e-05	n/a	n/a	n/a	n/a	n/a	n/a
5	n/a	n/a	fix_cross_iti	2575.3110690000003	0.0	trigger	n/a	n/a	94	n/a	n/a	n/a	n/a	n/a	n/a	n/a	n/a
5	8	360	image	2576.2037367000003	0.7542217666668876	image	bottle	bottle_09.png	2	2576.2038458999996	0.00010919999931502389	n/a	n/a	n/a	n/a	1	n/a
5	n/a	n/a	image	2576.2038458999996	0.0	trigger	n/a	n/a	2	n/a	n/a	n/a	n/a	n/a	n/a	n/a	n/a
5	8	360	word	2576.9578626	0.9820407666666142	word	bottle_en	n/a	102	2576.9579179	5.529999998543644e-05	n/a	n/a	n/a	n/a	1	n/a
5	n/a	n/a	word	2576.9579179	0.0	trigger	n/a	n/a	102	n/a	n/a	n/a	n/a	n/a	n/a	n/a	n/a
5	8	360	possible_button_press	2578.4547161	0.0	response	n/a	n/a	n/a	n/a	n/a	n/a	n/a	m	m	1	1
5	8	360	fix_cross_after_trial	2578.4757995	0.9476981666666688	fixation cross	n/a	n/a	94	2578.4758432999997	4.379999973025406e-05	n/a	n/a	n/a	n/a	n/a	n/a
5	n/a	n/a	fix_cross_iti	2578.4758432999997	0.0	trigger	n/a	n/a	94	n/a	n/a	n/a	n/a	n/a	n/a	n/a	n/a
5	8	361	image	2579.4782201	0.7684436666668262	image	ball	ball_03.png	8	2579.4783084	8.830000024317997e-05	n/a	n/a	n/a	n/a	0	n/a
5	n/a	n/a	image	2579.4783084	0.0	trigger	n/a	n/a	8	n/a	n/a	n/a	n/a	n/a	n/a	n/a	n/a
5	8	361	word	2580.2559303999997	0.9165466666672728	word	suit_en	n/a	101	2580.2559648999995	3.4499999856052455e-05	n/a	n/a	n/a	n/a	0	n/a
5	n/a	n/a	word	2580.2559648999995	0.0	trigger	n/a	n/a	101	n/a	n/a	n/a	n/a	n/a	n/a	n/a	n/a
5	8	361	feedback	2581.7562093999995	0.0	trigger	n/a	n/a	96	n/a	n/a	n/a	n/a	n/a	n/a	n/a	n/a
5	8	361	possible_button_press	2581.9422973	0.0	response	n/a	n/a	n/a	n/a	n/a	n/a	n/a	m	r	0	0
5	8	361	fix_cross_after_trial	2581.956451	0.9493272666668418	fixation cross	n/a	n/a	94	2581.9564861999997	3.51999997292296e-05	n/a	n/a	n/a	n/a	n/a	n/a
5	n/a	n/a	fix_cross_iti	2581.9564861999997	0.0	trigger	n/a	n/a	94	n/a	n/a	n/a	n/a	n/a	n/a	n/a	n/a
5	8	362	image	2582.9430388	0.7625800666664873	image	saw	saw_10.png	9	2582.9431038000002	6.500000017695129e-05	n/a	n/a	n/a	n/a	1	n/a
5	n/a	n/a	image	2582.9431038000002	0.0	trigger	n/a	n/a	9	n/a	n/a	n/a	n/a	n/a	n/a	n/a	n/a
5	8	362	word	2583.7054273000003	0.948987166666484	word	saw_en	n/a	109	2583.7054539	2.6599999728205148e-05	n/a	n/a	n/a	n/a	1	n/a
5	n/a	n/a	word	2583.7054539	0.0	trigger	n/a	n/a	109	n/a	n/a	n/a	n/a	n/a	n/a	n/a	n/a
5	8	362	possible_button_press	2585.2055442	0.0	response	n/a	n/a	n/a	n/a	n/a	n/a	n/a	m	m	1	1
5	8	362	fix_cross_after_trial	2585.2201935000003	0.9498637666665672	fixation cross	n/a	n/a	94	2585.2202085999998	1.5099999473022763e-05	n/a	n/a	n/a	n/a	n/a	n/a
5	n/a	n/a	fix_cross_iti	2585.2202085999998	0.0	trigger	n/a	n/a	94	n/a	n/a	n/a	n/a	n/a	n/a	n/a	n/a
5	8	363	image	2586.2055471000003	0.7507518666661781	image	suit	suit_05.png	1	2586.2056086000002	6.149999990157085e-05	n/a	n/a	n/a	n/a	1	n/a
5	n/a	n/a	image	2586.2056086000002	0.0	trigger	n/a	n/a	1	n/a	n/a	n/a	n/a	n/a	n/a	n/a	n/a
5	8	363	word	2586.9545078	0.9322244666664119	word	suit_en	n/a	101	2586.9545334000004	2.5600000299164094e-05	n/a	n/a	n/a	n/a	1	n/a
5	n/a	n/a	word	2586.9545334000004	0.0	trigger	n/a	n/a	101	n/a	n/a	n/a	n/a	n/a	n/a	n/a	n/a
5	8	363	possible_button_press	2588.4547125999998	0.0	response	n/a	n/a	n/a	n/a	n/a	n/a	n/a	m	m	1	1
5	8	363	fix_cross_after_trial	2588.4691906999997	0.8345304666672746	fixation cross	n/a	n/a	94	2588.4692143	2.3600000531587284e-05	n/a	n/a	n/a	n/a	n/a	n/a
5	n/a	n/a	fix_cross_iti	2588.4692143	0.0	trigger	n/a	n/a	94	n/a	n/a	n/a	n/a	n/a	n/a	n/a	n/a
5	8	364	image	2589.3565329000003	0.7656581666669808	image	bus	bus_03.png	7	2589.3566014	6.849999954283703e-05	n/a	n/a	n/a	n/a	1	n/a
5	n/a	n/a	image	2589.3566014	0.0	trigger	n/a	n/a	7	n/a	n/a	n/a	n/a	n/a	n/a	n/a	n/a
5	8	364	word	2590.1219091000003	0.9807505666667566	word	bus_en	n/a	107	2590.1219402999996	3.119999928458128e-05	n/a	n/a	n/a	n/a	1	n/a
5	n/a	n/a	word	2590.1219402999996	0.0	trigger	n/a	n/a	107	n/a	n/a	n/a	n/a	n/a	n/a	n/a	n/a
5	8	364	possible_button_press	2591.6216961	0.0	response	n/a	n/a	n/a	n/a	n/a	n/a	n/a	m	m	1	1
5	8	364	fix_cross_after_trial	2591.6363093	0.7996934666671223	fixation cross	n/a	n/a	94	2591.6363353999996	2.609999955893727e-05	n/a	n/a	n/a	n/a	n/a	n/a
5	n/a	n/a	fix_cross_iti	2591.6363353999996	0.0	trigger	n/a	n/a	94	n/a	n/a	n/a	n/a	n/a	n/a	n/a	n/a
5	8	365	image	2592.4546723000003	0.7636844666667457	image	bottle	bottle_08.png	2	2592.4547470999996	7.479999931092607e-05	n/a	n/a	n/a	n/a	1	n/a
5	n/a	n/a	image	2592.4547470999996	0.0	trigger	n/a	n/a	2	n/a	n/a	n/a	n/a	n/a	n/a	n/a	n/a
5	8	365	word	2593.2179435999997	0.9665263666674946	word	bottle_en	n/a	102	2593.2179678	2.4200000552809797e-05	n/a	n/a	n/a	n/a	1	n/a
5	n/a	n/a	word	2593.2179678	0.0	trigger	n/a	n/a	102	n/a	n/a	n/a	n/a	n/a	n/a	n/a	n/a
5	8	365	possible_button_press	2594.7042768	0.0	response	n/a	n/a	n/a	n/a	n/a	n/a	n/a	m	m	1	1
5	8	365	fix_cross_after_trial	2594.7188348	0.9481395666671233	fixation cross	n/a	n/a	94	2594.7188663999996	3.1599999601894524e-05	n/a	n/a	n/a	n/a	n/a	n/a
5	n/a	n/a	fix_cross_iti	2594.7188663999996	0.0	trigger	n/a	n/a	94	n/a	n/a	n/a	n/a	n/a	n/a	n/a	n/a
5	8	366	image	2595.70709	0.7597043666673926	image	saw	saw_04.png	9	2595.7071718999996	8.189999971364159e-05	n/a	n/a	n/a	n/a	1	n/a
5	n/a	n/a	image	2595.7071718999996	0.0	trigger	n/a	n/a	9	n/a	n/a	n/a	n/a	n/a	n/a	n/a	n/a
5	8	366	word	2596.4666027000003	0.9509966666664695	word	saw_en	n/a	109	2596.4666306	2.789999962260481e-05	n/a	n/a	n/a	n/a	1	n/a
5	n/a	n/a	word	2596.4666306	0.0	trigger	n/a	n/a	109	n/a	n/a	n/a	n/a	n/a	n/a	n/a	n/a
5	8	366	possible_button_press	2597.9532541999997	0.0	response	n/a	n/a	n/a	n/a	n/a	n/a	n/a	m	m	1	1
5	8	366	fix_cross_after_trial	2597.9680121	1.014461466666944	fixation cross	n/a	n/a	94	2597.9680442999997	3.219999962311704e-05	n/a	n/a	n/a	n/a	n/a	n/a
5	n/a	n/a	fix_cross_iti	2597.9680442999997	0.0	trigger	n/a	n/a	94	n/a	n/a	n/a	n/a	n/a	n/a	n/a	n/a
5	8	367	image	2599.0193636000004	0.7646816666665472	image	watch	watch_06.png	3	2599.0194319	6.829999983892776e-05	n/a	n/a	n/a	n/a	1	n/a
5	n/a	n/a	image	2599.0194319	0.0	trigger	n/a	n/a	3	n/a	n/a	n/a	n/a	n/a	n/a	n/a	n/a
5	8	367	word	2599.7839439	0.9489421666667113	word	watch_en	n/a	103	2599.7839819	3.80000001314329e-05	n/a	n/a	n/a	n/a	1	n/a
5	n/a	n/a	word	2599.7839819	0.0	trigger	n/a	n/a	103	n/a	n/a	n/a	n/a	n/a	n/a	n/a	n/a
5	8	367	possible_button_press	2601.2852356000003	0.0	response	n/a	n/a	n/a	n/a	n/a	n/a	n/a	m	m	1	1
5	8	367	fix_cross_after_trial	2601.2999111999998	0.8500302666670905	fixation cross	n/a	n/a	94	2601.2999340999995	2.2899999748915434e-05	n/a	n/a	n/a	n/a	n/a	n/a
5	n/a	n/a	fix_cross_iti	2601.2999340999995	0.0	trigger	n/a	n/a	94	n/a	n/a	n/a	n/a	n/a	n/a	n/a	n/a
5	8	368	image	2602.2044355999997	0.7617560666667487	image	fan	fan_01.png	4	2602.2045234999996	8.789999992586672e-05	n/a	n/a	n/a	n/a	1	n/a
5	n/a	n/a	image	2602.2045234999996	0.0	trigger	n/a	n/a	4	n/a	n/a	n/a	n/a	n/a	n/a	n/a	n/a
5	8	368	word	2602.9661906	0.9324194666669428	word	fan_en	n/a	104	2602.9662166	2.5999999706982635e-05	n/a	n/a	n/a	n/a	1	n/a
5	n/a	n/a	word	2602.9662166	0.0	trigger	n/a	n/a	104	n/a	n/a	n/a	n/a	n/a	n/a	n/a	n/a
5	8	368	possible_button_press	2604.4679949	0.0	response	n/a	n/a	n/a	n/a	n/a	n/a	n/a	m	m	1	1
5	8	368	fix_cross_after_trial	2604.4849434	0.8804112666666697	fixation cross	n/a	n/a	94	2604.4849729	2.949999998236308e-05	n/a	n/a	n/a	n/a	n/a	n/a
5	n/a	n/a	fix_cross_iti	2604.4849729	0.0	trigger	n/a	n/a	94	n/a	n/a	n/a	n/a	n/a	n/a	n/a	n/a
5	8	369	image	2605.4034094	0.7502110666673616	image	suit	suit_06.png	1	2605.4034933000003	8.39000003907131e-05	n/a	n/a	n/a	n/a	1	n/a
5	n/a	n/a	image	2605.4034933000003	0.0	trigger	n/a	n/a	1	n/a	n/a	n/a	n/a	n/a	n/a	n/a	n/a
5	8	369	word	2606.1488349	0.9365021666662869	word	suit_en	n/a	101	2606.1488809	4.600000011123484e-05	n/a	n/a	n/a	n/a	1	n/a
5	n/a	n/a	word	2606.1488809	0.0	trigger	n/a	n/a	101	n/a	n/a	n/a	n/a	n/a	n/a	n/a	n/a
5	8	369	possible_button_press	2607.6499341	0.0	response	n/a	n/a	n/a	n/a	n/a	n/a	n/a	m	m	1	1
5	8	369	fix_cross_after_trial	2607.664575	1.0002477666666891	fixation cross	n/a	n/a	94	2607.6646008999996	2.5899999855028e-05	n/a	n/a	n/a	n/a	n/a	n/a
5	n/a	n/a	fix_cross_iti	2607.6646008999996	0.0	trigger	n/a	n/a	94	n/a	n/a	n/a	n/a	n/a	n/a	n/a	n/a
5	8	370	image	2608.7022454	0.7644379666671739	image	desk	desk_08.png	10	2608.7023319	8.650000017951243e-05	n/a	n/a	n/a	n/a	1	n/a
5	n/a	n/a	image	2608.7023319	0.0	trigger	n/a	n/a	10	n/a	n/a	n/a	n/a	n/a	n/a	n/a	n/a
5	8	370	word	2609.4666264999996	0.9519121666671708	word	desk_en	n/a	110	2609.4666702000004	4.3700000787794124e-05	n/a	n/a	n/a	n/a	1	n/a
5	n/a	n/a	word	2609.4666702000004	0.0	trigger	n/a	n/a	110	n/a	n/a	n/a	n/a	n/a	n/a	n/a	n/a
5	8	370	possible_button_press	2610.965618	0.0	response	n/a	n/a	n/a	n/a	n/a	n/a	n/a	m	m	1	1
5	8	370	fix_cross_after_trial	2610.984026	1.1292160666671407	fixation cross	n/a	n/a	94	2610.9840554	2.9400000130408444e-05	n/a	n/a	n/a	n/a	n/a	n/a
5	n/a	n/a	fix_cross_iti	2610.9840554	0.0	trigger	n/a	n/a	94	n/a	n/a	n/a	n/a	n/a	n/a	n/a	n/a
5	8	371	image	2612.1506548999996	0.7611989666675072	image	fan	fan_04.png	4	2612.1507411000002	8.620000062364852e-05	n/a	n/a	n/a	n/a	1	n/a
5	n/a	n/a	image	2612.1507411000002	0.0	trigger	n/a	n/a	4	n/a	n/a	n/a	n/a	n/a	n/a	n/a	n/a
5	8	371	word	2612.9122709000003	0.9188908666665156	word	fan_en	n/a	104	2612.9123010000003	3.0100000003585592e-05	n/a	n/a	n/a	n/a	1	n/a
5	n/a	n/a	word	2612.9123010000003	0.0	trigger	n/a	n/a	104	n/a	n/a	n/a	n/a	n/a	n/a	n/a	n/a
5	8	371	possible_button_press	2614.3975334999996	0.0	response	n/a	n/a	n/a	n/a	n/a	n/a	n/a	m	m	1	1
5	8	371	fix_cross_after_trial	2614.4123653999995	1.0834765666677413	fixation cross	n/a	n/a	94	2614.4123836999997	1.83000001925393e-05	n/a	n/a	n/a	n/a	n/a	n/a
5	n/a	n/a	fix_cross_iti	2614.4123836999997	0.0	trigger	n/a	n/a	94	n/a	n/a	n/a	n/a	n/a	n/a	n/a	n/a
5	8	372	image	2615.5507387	0.7601312666674858	image	ball	ball_01.png	8	2615.5508143999996	7.569999979750719e-05	n/a	n/a	n/a	n/a	1	n/a
5	n/a	n/a	image	2615.5508143999996	0.0	trigger	n/a	n/a	8	n/a	n/a	n/a	n/a	n/a	n/a	n/a	n/a
5	8	372	word	2616.3110605	0.9507485666663342	word	ball_en	n/a	108	2616.3110877999998	2.7299999601382297e-05	n/a	n/a	n/a	n/a	1	n/a
5	n/a	n/a	word	2616.3110877999998	0.0	trigger	n/a	n/a	108	n/a	n/a	n/a	n/a	n/a	n/a	n/a	n/a
5	8	372	possible_button_press	2617.7975582999998	0.0	response	n/a	n/a	n/a	n/a	n/a	n/a	n/a	m	m	1	1
5	8	372	fix_cross_after_trial	2617.8118435999995	0.9157206666677666	fixation cross	n/a	n/a	94	2617.8118754999996	3.190000006725313e-05	n/a	n/a	n/a	n/a	n/a	n/a
5	n/a	n/a	fix_cross_iti	2617.8118754999996	0.0	trigger	n/a	n/a	94	n/a	n/a	n/a	n/a	n/a	n/a	n/a	n/a
5	8	373	image	2618.7790532	0.7516240666673184	image	desk	desk_01.png	10	2618.7791343999997	8.119999984046444e-05	n/a	n/a	n/a	n/a	1	n/a
5	n/a	n/a	image	2618.7791343999997	0.0	trigger	n/a	n/a	10	n/a	n/a	n/a	n/a	n/a	n/a	n/a	n/a
5	8	373	word	2619.5275623999996	0.9490856666670879	word	desk_en	n/a	110	2619.5276093	4.690000059781596e-05	n/a	n/a	n/a	n/a	1	n/a
5	n/a	n/a	word	2619.5276093	0.0	trigger	n/a	n/a	110	n/a	n/a	n/a	n/a	n/a	n/a	n/a	n/a
5	8	373	possible_button_press	2621.0290074000004	0.0	response	n/a	n/a	n/a	n/a	n/a	n/a	n/a	m	m	1	1
5	8	373	fix_cross_after_trial	2621.0423652	1.0665565666668044	fixation cross	n/a	n/a	94	2621.0423877000003	2.2500000341096893e-05	n/a	n/a	n/a	n/a	n/a	n/a
5	n/a	n/a	fix_cross_iti	2621.0423877000003	0.0	trigger	n/a	n/a	94	n/a	n/a	n/a	n/a	n/a	n/a	n/a	n/a
5	8	374	image	2622.1282165000002	0.7502609666662465	image	bell	bell_01.png	5	2622.128291	7.449999975506216e-05	n/a	n/a	n/a	n/a	1	n/a
5	n/a	n/a	image	2622.128291	0.0	trigger	n/a	n/a	5	n/a	n/a	n/a	n/a	n/a	n/a	n/a	n/a
5	8	374	word	2622.8783330999995	0.945966166666949	word	bell_en	n/a	105	2622.8783630999997	3.0000000151630957e-05	n/a	n/a	n/a	n/a	1	n/a
5	n/a	n/a	word	2622.8783630999997	0.0	trigger	n/a	n/a	105	n/a	n/a	n/a	n/a	n/a	n/a	n/a	n/a
5	8	374	possible_button_press	2624.3785973000004	0.0	response	n/a	n/a	n/a	n/a	n/a	n/a	n/a	m	m	1	1
5	8	374	fix_cross_after_trial	2624.3918783	1.1990472666666392	fixation cross	n/a	n/a	94	2624.3919048	2.6499999876250513e-05	n/a	n/a	n/a	n/a	n/a	n/a
5	n/a	n/a	fix_cross_iti	2624.3919048	0.0	trigger	n/a	n/a	94	n/a	n/a	n/a	n/a	n/a	n/a	n/a	n/a
5	8	375	image	2625.6294298000003	0.7619491666664544	image	bus	bus_06.png	7	2625.6295158000003	8.600000001024455e-05	n/a	n/a	n/a	n/a	0	n/a
5	n/a	n/a	image	2625.6295158000003	0.0	trigger	n/a	n/a	7	n/a	n/a	n/a	n/a	n/a	n/a	n/a	n/a
5	8	375	word	2626.3914855000003	0.966068966666171	word	bottle_en	n/a	102	2626.3915165999997	3.1099999432626646e-05	n/a	n/a	n/a	n/a	0	n/a
5	n/a	n/a	word	2626.3915165999997	0.0	trigger	n/a	n/a	102	n/a	n/a	n/a	n/a	n/a	n/a	n/a	n/a
5	8	375	feedback	2627.9074526000004	0.0	trigger	n/a	n/a	96	n/a	n/a	n/a	n/a	n/a	n/a	n/a	n/a
5	8	375	possible_button_press	2628.0940767	0.0	response	n/a	n/a	n/a	n/a	n/a	n/a	n/a	m	r	0	0
5	8	375	fix_cross_after_trial	2628.1101649	0.8129017666669824	fixation cross	n/a	n/a	94	2628.1101974000003	3.2500000088475645e-05	n/a	n/a	n/a	n/a	n/a	n/a
5	n/a	n/a	fix_cross_iti	2628.1101974000003	0.0	trigger	n/a	n/a	94	n/a	n/a	n/a	n/a	n/a	n/a	n/a	n/a
5	8	376	image	2628.9591896	0.7650284666669904	image	watch	watch_02.png	3	2628.959256	6.639999992330559e-05	n/a	n/a	n/a	n/a	1	n/a
5	n/a	n/a	image	2628.959256	0.0	trigger	n/a	n/a	3	n/a	n/a	n/a	n/a	n/a	n/a	n/a	n/a
5	8	376	word	2629.7230985999995	0.9491158666669435	word	watch_en	n/a	103	2629.7231254	2.680000034160912e-05	n/a	n/a	n/a	n/a	1	n/a
5	n/a	n/a	word	2629.7231254	0.0	trigger	n/a	n/a	103	n/a	n/a	n/a	n/a	n/a	n/a	n/a	n/a
5	8	376	possible_button_press	2631.2242389000003	0.0	response	n/a	n/a	n/a	n/a	n/a	n/a	n/a	m	m	1	1
5	8	376	fix_cross_after_trial	2631.2392260999995	0.8832415666674933	fixation cross	n/a	n/a	94	2631.2392452000004	1.9100000827165786e-05	n/a	n/a	n/a	n/a	n/a	n/a
5	n/a	n/a	fix_cross_iti	2631.2392452000004	0.0	trigger	n/a	n/a	94	n/a	n/a	n/a	n/a	n/a	n/a	n/a	n/a
5	8	377	image	2632.1230275	0.7672160666670607	image	bottle	bottle_01.png	2	2632.1230880000003	6.050000047252979e-05	n/a	n/a	n/a	n/a	1	n/a
5	n/a	n/a	image	2632.1230880000003	0.0	trigger	n/a	n/a	2	n/a	n/a	n/a	n/a	n/a	n/a	n/a	n/a
5	8	377	word	2632.8896825	0.9672250666662876	word	bottle_en	n/a	102	2632.8897116	2.9099999665049836e-05	n/a	n/a	n/a	n/a	1	n/a
5	n/a	n/a	word	2632.8897116	0.0	trigger	n/a	n/a	102	n/a	n/a	n/a	n/a	n/a	n/a	n/a	n/a
5	8	377	possible_button_press	2634.3902388999995	0.0	response	n/a	n/a	n/a	n/a	n/a	n/a	n/a	m	m	1	1
5	8	377	fix_cross_after_trial	2634.4048838	1.2025774666672078	fixation cross	n/a	n/a	94	2634.4049017999996	1.7999999727180693e-05	n/a	n/a	n/a	n/a	n/a	n/a
5	n/a	n/a	fix_cross_iti	2634.4049017999996	0.0	trigger	n/a	n/a	94	n/a	n/a	n/a	n/a	n/a	n/a	n/a	n/a
5	8	378	image	2635.642543	0.7648955666672919	image	desk	desk_04.png	10	2635.6426321999998	8.919999982026638e-05	n/a	n/a	n/a	n/a	1	n/a
5	n/a	n/a	image	2635.6426321999998	0.0	trigger	n/a	n/a	10	n/a	n/a	n/a	n/a	n/a	n/a	n/a	n/a
5	8	378	word	2636.4042507000004	0.9515227666661303	word	desk_en	n/a	110	2636.4042747000003	2.3999999939405825e-05	n/a	n/a	n/a	n/a	1	n/a
5	n/a	n/a	word	2636.4042747000003	0.0	trigger	n/a	n/a	110	n/a	n/a	n/a	n/a	n/a	n/a	n/a	n/a
5	8	378	possible_button_press	2637.9060038	0.0	response	n/a	n/a	n/a	n/a	n/a	n/a	n/a	m	m	1	1
5	8	378	fix_cross_after_trial	2637.9212546999997	1.0155633666672657	fixation cross	n/a	n/a	94	2637.9212824999995	2.7799999770650174e-05	n/a	n/a	n/a	n/a	n/a	n/a
5	n/a	n/a	fix_cross_iti	2637.9212824999995	0.0	trigger	n/a	n/a	94	n/a	n/a	n/a	n/a	n/a	n/a	n/a	n/a
5	8	379	image	2638.9757773	0.7675236666664205	image	roll	roll_03.png	6	2638.9759152999995	0.00013799999942420982	n/a	n/a	n/a	n/a	1	n/a
5	n/a	n/a	image	2638.9759152999995	0.0	trigger	n/a	n/a	6	n/a	n/a	n/a	n/a	n/a	n/a	n/a	n/a
5	8	379	word	2639.738069	0.9482599666671376	word	roll_en	n/a	106	2639.7380927000004	2.370000038354192e-05	n/a	n/a	n/a	n/a	1	n/a
5	n/a	n/a	word	2639.7380927000004	0.0	trigger	n/a	n/a	106	n/a	n/a	n/a	n/a	n/a	n/a	n/a	n/a
5	8	379	possible_button_press	2641.2380869999997	0.0	response	n/a	n/a	n/a	n/a	n/a	n/a	n/a	m	m	1	1
5	8	379	fix_cross_after_trial	2641.2524568	0.8334302666671647	fixation cross	n/a	n/a	94	2641.2524762000003	1.9400000383029692e-05	n/a	n/a	n/a	n/a	n/a	n/a
5	n/a	n/a	fix_cross_iti	2641.2524762000003	0.0	trigger	n/a	n/a	94	n/a	n/a	n/a	n/a	n/a	n/a	n/a	n/a
5	8	380	image	2642.1033245	0.7500925666672629	image	fan	fan_02.png	4	2642.1034044	7.989999994606478e-05	n/a	n/a	n/a	n/a	1	n/a
5	n/a	n/a	image	2642.1034044	0.0	trigger	n/a	n/a	4	n/a	n/a	n/a	n/a	n/a	n/a	n/a	n/a
5	8	380	word	2642.8524596999996	0.917095766667444	word	fan_en	n/a	104	2642.8524907	3.100000049016671e-05	n/a	n/a	n/a	n/a	1	n/a
5	n/a	n/a	word	2642.8524907	0.0	trigger	n/a	n/a	104	n/a	n/a	n/a	n/a	n/a	n/a	n/a	n/a
5	8	380	possible_button_press	2644.3533962	0.0	response	n/a	n/a	n/a	n/a	n/a	n/a	n/a	m	m	1	1
5	8	380	fix_cross_after_trial	2644.3683739999997	1.017993866666984	fixation cross	n/a	n/a	94	2644.3684002	2.6200000320386607e-05	n/a	n/a	n/a	n/a	n/a	n/a
5	n/a	n/a	fix_cross_iti	2644.3684002	0.0	trigger	n/a	n/a	94	n/a	n/a	n/a	n/a	n/a	n/a	n/a	n/a
5	8	381	image	2645.4397054	0.7621897666667792	image	bus	bus_09.png	7	2645.4397747000003	6.930000017746352e-05	n/a	n/a	n/a	n/a	1	n/a
5	n/a	n/a	image	2645.4397747000003	0.0	trigger	n/a	n/a	7	n/a	n/a	n/a	n/a	n/a	n/a	n/a	n/a
5	8	381	word	2646.201131	0.966251866667335	word	bus_en	n/a	107	2646.2011543999997	2.3399999918183312e-05	n/a	n/a	n/a	n/a	1	n/a
5	n/a	n/a	word	2646.2011543999997	0.0	trigger	n/a	n/a	107	n/a	n/a	n/a	n/a	n/a	n/a	n/a	n/a
5	8	381	possible_button_press	2647.7027461999996	0.0	response	n/a	n/a	n/a	n/a	n/a	n/a	n/a	m	m	1	1
5	8	381	fix_cross_after_trial	2647.7173756	0.7996426666668413	fixation cross	n/a	n/a	94	2647.7173961	2.049999966402538e-05	n/a	n/a	n/a	n/a	n/a	n/a
5	n/a	n/a	fix_cross_iti	2647.7173961	0.0	trigger	n/a	n/a	94	n/a	n/a	n/a	n/a	n/a	n/a	n/a	n/a
5	8	382	image	2648.5527788	0.7639964666668675	image	watch	watch_10.png	3	2648.5528415	6.269999994401587e-05	n/a	n/a	n/a	n/a	1	n/a
5	n/a	n/a	image	2648.5528415	0.0	trigger	n/a	n/a	3	n/a	n/a	n/a	n/a	n/a	n/a	n/a	n/a
5	8	382	word	2649.3174166	0.949142766667137	word	watch_en	n/a	103	2649.3174522	3.5600000046542846e-05	n/a	n/a	n/a	n/a	1	n/a
5	n/a	n/a	word	2649.3174522	0.0	trigger	n/a	n/a	103	n/a	n/a	n/a	n/a	n/a	n/a	n/a	n/a
5	8	382	possible_button_press	2650.8025483	0.0	response	n/a	n/a	n/a	n/a	n/a	n/a	n/a	m	m	1	1
5	8	382	fix_cross_after_trial	2650.8169301	1.2158963666670388	fixation cross	n/a	n/a	94	2650.8169532	2.3100000362319406e-05	n/a	n/a	n/a	n/a	n/a	n/a
5	n/a	n/a	fix_cross_iti	2650.8169532	0.0	trigger	n/a	n/a	94	n/a	n/a	n/a	n/a	n/a	n/a	n/a	n/a
5	8	383	image	2652.088175	0.7620612666669331	image	suit	suit_02.png	1	2652.0882819	0.00010689999999158317	n/a	n/a	n/a	n/a	1	n/a
5	n/a	n/a	image	2652.0882819	0.0	trigger	n/a	n/a	1	n/a	n/a	n/a	n/a	n/a	n/a	n/a	n/a
5	8	383	word	2652.8507366000003	0.9146674666662875	word	suit_en	n/a	101	2652.8507708999996	3.429999924264848e-05	n/a	n/a	n/a	n/a	1	n/a
5	n/a	n/a	word	2652.8507708999996	0.0	trigger	n/a	n/a	101	n/a	n/a	n/a	n/a	n/a	n/a	n/a	n/a
5	8	383	possible_button_press	2654.349865	0.0	response	n/a	n/a	n/a	n/a	n/a	n/a	n/a	m	m	1	1
5	8	383	fix_cross_after_trial	2654.3650651	1.1835661666673332	fixation cross	n/a	n/a	94	2654.3650817999996	1.6699999832781032e-05	n/a	n/a	n/a	n/a	n/a	n/a
5	n/a	n/a	fix_cross_iti	2654.3650817999996	0.0	trigger	n/a	n/a	94	n/a	n/a	n/a	n/a	n/a	n/a	n/a	n/a
5	8	384	image	2655.6035296	0.7614390666667532	image	bell	bell_09.png	5	2655.6036197000003	9.01000003068475e-05	n/a	n/a	n/a	n/a	1	n/a
5	n/a	n/a	image	2655.6036197000003	0.0	trigger	n/a	n/a	5	n/a	n/a	n/a	n/a	n/a	n/a	n/a	n/a
5	8	384	word	2656.3669982	0.9476710666667714	word	bell_en	n/a	105	2656.3670278	2.9599999834317714e-05	n/a	n/a	n/a	n/a	1	n/a
5	n/a	n/a	word	2656.3670278	0.0	trigger	n/a	n/a	105	n/a	n/a	n/a	n/a	n/a	n/a	n/a	n/a
5	8	384	possible_button_press	2657.8510404999997	0.0	response	n/a	n/a	n/a	n/a	n/a	n/a	n/a	m	m	1	1
5	8	384	fix_cross_after_trial	2657.8656201000003	1.116032666666797	fixation cross	n/a	n/a	94	2657.8656437	2.3599999622092582e-05	n/a	n/a	n/a	n/a	n/a	n/a
5	n/a	n/a	fix_cross_iti	2657.8656437	0.0	trigger	n/a	n/a	94	n/a	n/a	n/a	n/a	n/a	n/a	n/a	n/a
5	8	385	image	2659.0187534999995	0.7632989666672074	image	saw	saw_07.png	9	2659.0188336	8.010000055946875e-05	n/a	n/a	n/a	n/a	1	n/a
5	n/a	n/a	image	2659.0188336	0.0	trigger	n/a	n/a	9	n/a	n/a	n/a	n/a	n/a	n/a	n/a	n/a
5	8	385	word	2659.7818404	0.9489198666669836	word	saw_en	n/a	109	2659.7818801000003	3.97000003431458e-05	n/a	n/a	n/a	n/a	1	n/a
5	n/a	n/a	word	2659.7818801000003	0.0	trigger	n/a	n/a	109	n/a	n/a	n/a	n/a	n/a	n/a	n/a	n/a
5	8	385	possible_button_press	2661.2680143	0.0	response	n/a	n/a	n/a	n/a	n/a	n/a	n/a	m	m	1	1
5	8	385	fix_cross_after_trial	2661.2817785999996	0.9825297666675397	fixation cross	n/a	n/a	94	2661.2818164	3.780000042752363e-05	n/a	n/a	n/a	n/a	n/a	n/a
5	n/a	n/a	fix_cross_iti	2661.2818164	0.0	trigger	n/a	n/a	94	n/a	n/a	n/a	n/a	n/a	n/a	n/a	n/a
5	8	386	image	2662.3008167999997	0.7633664666673212	image	roll	roll_07.png	6	2662.3009070999997	9.030000001075678e-05	n/a	n/a	n/a	n/a	1	n/a
5	n/a	n/a	image	2662.3009070999997	0.0	trigger	n/a	n/a	6	n/a	n/a	n/a	n/a	n/a	n/a	n/a	n/a
5	8	386	word	2663.0640332000003	0.9499437666663653	word	roll_en	n/a	106	2663.0640618999996	2.8699999347736593e-05	n/a	n/a	n/a	n/a	1	n/a
5	n/a	n/a	word	2663.0640618999996	0.0	trigger	n/a	n/a	106	n/a	n/a	n/a	n/a	n/a	n/a	n/a	n/a
5	8	386	possible_button_press	2664.5657964	0.0	response	n/a	n/a	n/a	n/a	n/a	n/a	n/a	m	m	1	1
5	8	386	fix_cross_after_trial	2664.5803912	1.2496580666665977	fixation cross	n/a	n/a	94	2664.5804158	2.4599999960628338e-05	n/a	n/a	n/a	n/a	n/a	n/a
5	n/a	n/a	fix_cross_iti	2664.5804158	0.0	trigger	n/a	n/a	94	n/a	n/a	n/a	n/a	n/a	n/a	n/a	n/a
5	8	387	image	2665.8852108	0.761338966666699	image	fan	fan_08.png	4	2665.8852925	8.170000000973232e-05	n/a	n/a	n/a	n/a	0	n/a
5	n/a	n/a	image	2665.8852925	0.0	trigger	n/a	n/a	4	n/a	n/a	n/a	n/a	n/a	n/a	n/a	n/a
5	8	387	word	2666.6633475999997	0.9486725666674829	word	watch_en	n/a	103	2666.6633857999996	3.819999983534217e-05	n/a	n/a	n/a	n/a	0	n/a
5	n/a	n/a	word	2666.6633857999996	0.0	trigger	n/a	n/a	103	n/a	n/a	n/a	n/a	n/a	n/a	n/a	n/a
5	8	387	feedback	2668.1625225999996	0.0	trigger	n/a	n/a	96	n/a	n/a	n/a	n/a	n/a	n/a	n/a	n/a
5	8	387	possible_button_press	2668.3655903	0.0	response	n/a	n/a	n/a	n/a	n/a	n/a	n/a	m	r	0	0
5	8	387	fix_cross_after_trial	2668.3793371	1.0493584666664901	fixation cross	n/a	n/a	94	2668.3793698	3.2699999792384915e-05	n/a	n/a	n/a	n/a	n/a	n/a
5	n/a	n/a	fix_cross_iti	2668.3793698	0.0	trigger	n/a	n/a	94	n/a	n/a	n/a	n/a	n/a	n/a	n/a	n/a
5	8	388	image	2669.4465610999996	0.7655565666673283	image	saw	saw_09.png	9	2669.4466316999997	7.060000007186318e-05	n/a	n/a	n/a	n/a	1	n/a
5	n/a	n/a	image	2669.4466316999997	0.0	trigger	n/a	n/a	9	n/a	n/a	n/a	n/a	n/a	n/a	n/a	n/a
5	8	388	word	2670.2118991999996	0.9554114666671012	word	saw_en	n/a	109	2670.2119307000003	3.150000065943459e-05	n/a	n/a	n/a	n/a	1	n/a
5	n/a	n/a	word	2670.2119307000003	0.0	trigger	n/a	n/a	109	n/a	n/a	n/a	n/a	n/a	n/a	n/a	n/a
5	8	388	possible_button_press	2671.6986558999997	0.0	response	n/a	n/a	n/a	n/a	n/a	n/a	n/a	m	m	1	1
5	8	388	fix_cross_after_trial	2671.7114271	0.7829969666663601	fixation cross	n/a	n/a	94	2671.7114506	2.3499999770137947e-05	n/a	n/a	n/a	n/a	n/a	n/a
5	n/a	n/a	fix_cross_iti	2671.7114506	0.0	trigger	n/a	n/a	94	n/a	n/a	n/a	n/a	n/a	n/a	n/a	n/a
5	8	389	image	2672.5328566999997	0.7614346666669007	image	suit	suit_08.png	1	2672.5329501999995	9.349999982077861e-05	n/a	n/a	n/a	n/a	1	n/a
5	n/a	n/a	image	2672.5329501999995	0.0	trigger	n/a	n/a	1	n/a	n/a	n/a	n/a	n/a	n/a	n/a	n/a
5	8	389	word	2673.2943232999996	0.9325028666671642	word	suit_en	n/a	101	2673.2943588	3.550000019458821e-05	n/a	n/a	n/a	n/a	1	n/a
5	n/a	n/a	word	2673.2943588	0.0	trigger	n/a	n/a	101	n/a	n/a	n/a	n/a	n/a	n/a	n/a	n/a
5	8	389	possible_button_press	2674.7959333	0.0	response	n/a	n/a	n/a	n/a	n/a	n/a	n/a	m	m	1	1
5	8	389	fix_cross_after_trial	2674.8104311999996	1.0499269666670443	fixation cross	n/a	n/a	94	2674.8104590000003	2.7800000680144876e-05	n/a	n/a	n/a	n/a	n/a	n/a
5	n/a	n/a	fix_cross_iti	2674.8104590000003	0.0	trigger	n/a	n/a	94	n/a	n/a	n/a	n/a	n/a	n/a	n/a	n/a
5	8	390	image	2675.9136317	0.7632873666661908	image	ball	ball_04.png	8	2675.9137174999996	8.579999939684058e-05	n/a	n/a	n/a	n/a	1	n/a
5	n/a	n/a	image	2675.9137174999996	0.0	trigger	n/a	n/a	8	n/a	n/a	n/a	n/a	n/a	n/a	n/a	n/a
5	8	390	word	2676.6768411000003	0.9494949666668617	word	ball_en	n/a	108	2676.6768816000003	4.0500000068277586e-05	n/a	n/a	n/a	n/a	1	n/a
5	n/a	n/a	word	2676.6768816000003	0.0	trigger	n/a	n/a	108	n/a	n/a	n/a	n/a	n/a	n/a	n/a	n/a
5	8	390	possible_button_press	2678.1781825	0.0	response	n/a	n/a	n/a	n/a	n/a	n/a	n/a	m	m	1	1
5	8	390	fix_cross_after_trial	2678.1927419000003	1.182941366666455	fixation cross	n/a	n/a	94	2678.1927673	2.5399999685760122e-05	n/a	n/a	n/a	n/a	n/a	n/a
5	n/a	n/a	fix_cross_iti	2678.1927673	0.0	trigger	n/a	n/a	94	n/a	n/a	n/a	n/a	n/a	n/a	n/a	n/a
5	8	391	image	2679.3940591	0.7649675666671101	image	bottle	bottle_02.png	2	2679.3941292	7.00999999025953e-05	n/a	n/a	n/a	n/a	1	n/a
5	n/a	n/a	image	2679.3941292	0.0	trigger	n/a	n/a	2	n/a	n/a	n/a	n/a	n/a	n/a	n/a	n/a
5	8	391	word	2680.1590691	0.9656391666667332	word	bottle_en	n/a	102	2680.1591141	4.4999999772699084e-05	n/a	n/a	n/a	n/a	1	n/a
5	n/a	n/a	word	2680.1591141	0.0	trigger	n/a	n/a	102	n/a	n/a	n/a	n/a	n/a	n/a	n/a	n/a
5	8	391	possible_button_press	2681.660336	0.0	response	n/a	n/a	n/a	n/a	n/a	n/a	n/a	m	m	1	1
5	8	391	fix_cross_after_trial	2681.6749438999996	1.181341866667026	fixation cross	n/a	n/a	94	2681.6749699	2.6000000616477337e-05	n/a	n/a	n/a	n/a	n/a	n/a
5	n/a	n/a	fix_cross_iti	2681.6749699	0.0	trigger	n/a	n/a	94	n/a	n/a	n/a	n/a	n/a	n/a	n/a	n/a
5	8	392	image	2682.8926494999996	0.7657859666669538	image	roll	roll_04.png	6	2682.892731	8.150000030582305e-05	n/a	n/a	n/a	n/a	1	n/a
5	n/a	n/a	image	2682.892731	0.0	trigger	n/a	n/a	6	n/a	n/a	n/a	n/a	n/a	n/a	n/a	n/a
5	8	392	word	2683.6576595999995	0.9479927666670847	word	roll_en	n/a	106	2683.65769	3.04000004689442e-05	n/a	n/a	n/a	n/a	1	n/a
5	n/a	n/a	word	2683.65769	0.0	trigger	n/a	n/a	106	n/a	n/a	n/a	n/a	n/a	n/a	n/a	n/a
5	8	392	possible_button_press	2685.1586811999996	0.0	response	n/a	n/a	n/a	n/a	n/a	n/a	n/a	m	m	1	1
5	8	392	fix_cross_after_trial	2685.1728376	1.1330268666670236	fixation cross	n/a	n/a	94	2685.1728703	3.2699999792384915e-05	n/a	n/a	n/a	n/a	n/a	n/a
5	n/a	n/a	fix_cross_iti	2685.1728703	0.0	trigger	n/a	n/a	94	n/a	n/a	n/a	n/a	n/a	n/a	n/a	n/a
5	8	393	image	2686.3239556999997	0.7651155666671912	image	bottle	bottle_07.png	2	2686.3240243	6.860000030428637e-05	n/a	n/a	n/a	n/a	1	n/a
5	n/a	n/a	image	2686.3240243	0.0	trigger	n/a	n/a	2	n/a	n/a	n/a	n/a	n/a	n/a	n/a	n/a
5	8	393	word	2687.0886211999996	0.9680860666676381	word	bottle_en	n/a	102	2687.0886551000003	3.390000074432464e-05	n/a	n/a	n/a	n/a	1	n/a
5	n/a	n/a	word	2687.0886551000003	0.0	trigger	n/a	n/a	102	n/a	n/a	n/a	n/a	n/a	n/a	n/a	n/a
5	8	393	possible_button_press	2688.5898048999998	0.0	response	n/a	n/a	n/a	n/a	n/a	n/a	n/a	m	m	1	1
5	8	393	fix_cross_after_trial	2688.6049114999996	0.8658478666675364	fixation cross	n/a	n/a	94	2688.6049554	4.3900000491703395e-05	n/a	n/a	n/a	n/a	n/a	n/a
5	n/a	n/a	fix_cross_iti	2688.6049554	0.0	trigger	n/a	n/a	94	n/a	n/a	n/a	n/a	n/a	n/a	n/a	n/a
5	8	394	image	2689.5283478	0.7595564666671635	image	ball	ball_10.png	8	2689.5284334999997	8.569999954488594e-05	n/a	n/a	n/a	n/a	1	n/a
5	n/a	n/a	image	2689.5284334999997	0.0	trigger	n/a	n/a	8	n/a	n/a	n/a	n/a	n/a	n/a	n/a	n/a
5	8	394	word	2690.2878705000003	0.9487348666662001	word	ball_en	n/a	108	2690.2879063	3.5799999750452116e-05	n/a	n/a	n/a	n/a	1	n/a
5	n/a	n/a	word	2690.2879063	0.0	trigger	n/a	n/a	108	n/a	n/a	n/a	n/a	n/a	n/a	n/a	n/a
5	8	394	possible_button_press	2691.7890594	0.0	response	n/a	n/a	n/a	n/a	n/a	n/a	n/a	m	m	1	1
5	8	394	fix_cross_after_trial	2691.8043709000003	0.9034970666662048	fixation cross	n/a	n/a	94	2691.8043958	2.4899999516492244e-05	n/a	n/a	n/a	n/a	n/a	n/a
5	n/a	n/a	fix_cross_iti	2691.8043958	0.0	trigger	n/a	n/a	94	n/a	n/a	n/a	n/a	n/a	n/a	n/a	n/a
5	8	395	image	2692.758498	0.7622074666669505	image	suit	suit_04.png	1	2692.7585768	7.879999975557439e-05	n/a	n/a	n/a	n/a	1	n/a
5	n/a	n/a	image	2692.7585768	0.0	trigger	n/a	n/a	1	n/a	n/a	n/a	n/a	n/a	n/a	n/a	n/a
5	8	395	word	2693.5213768000003	0.9143358666660788	word	suit_en	n/a	101	2693.5214102	3.3399999665562063e-05	n/a	n/a	n/a	n/a	1	n/a
5	n/a	n/a	word	2693.5214102	0.0	trigger	n/a	n/a	101	n/a	n/a	n/a	n/a	n/a	n/a	n/a	n/a
5	8	395	possible_button_press	2695.0217531	0.0	response	n/a	n/a	n/a	n/a	n/a	n/a	n/a	m	m	1	1
5	8	395	fix_cross_after_trial	2695.0360859	0.8332284666666965	fixation cross	n/a	n/a	94	2695.0361116000004	2.570000015111873e-05	n/a	n/a	n/a	n/a	n/a	n/a
5	n/a	n/a	fix_cross_iti	2695.0361116000004	0.0	trigger	n/a	n/a	94	n/a	n/a	n/a	n/a	n/a	n/a	n/a	n/a
5	8	396	image	2695.9397068	0.763960866666821	image	bell	bell_06.png	5	2695.9397879999997	8.119999984046444e-05	n/a	n/a	n/a	n/a	1	n/a
5	n/a	n/a	image	2695.9397879999997	0.0	trigger	n/a	n/a	5	n/a	n/a	n/a	n/a	n/a	n/a	n/a	n/a
5	8	396	word	2696.7036644	0.954220066666494	word	bell_en	n/a	105	2696.7036979000004	3.35000004270114e-05	n/a	n/a	n/a	n/a	1	n/a
5	n/a	n/a	word	2696.7036979000004	0.0	trigger	n/a	n/a	105	n/a	n/a	n/a	n/a	n/a	n/a	n/a	n/a
5	8	396	possible_button_press	2698.2029698999995	0.0	response	n/a	n/a	n/a	n/a	n/a	n/a	n/a	m	m	1	1
5	8	396	fix_cross_after_trial	2698.2215964999996	1.0994944666672382	fixation cross	n/a	n/a	94	2698.2216210999995	2.4599999960628338e-05	n/a	n/a	n/a	n/a	n/a	n/a
5	n/a	n/a	fix_cross_iti	2698.2216210999995	0.0	trigger	n/a	n/a	94	n/a	n/a	n/a	n/a	n/a	n/a	n/a	n/a
5	8	397	image	2699.3710505	0.7634357666665892	image	watch	watch_08.png	3	2699.3711314	8.090000028460054e-05	n/a	n/a	n/a	n/a	1	n/a
5	n/a	n/a	image	2699.3711314	0.0	trigger	n/a	n/a	3	n/a	n/a	n/a	n/a	n/a	n/a	n/a	n/a
5	8	397	word	2700.1377886	0.9461500666666325	word	watch_en	n/a	103	2700.1378217	3.310000010969816e-05	n/a	n/a	n/a	n/a	1	n/a
5	n/a	n/a	word	2700.1378217	0.0	trigger	n/a	n/a	103	n/a	n/a	n/a	n/a	n/a	n/a	n/a	n/a
5	8	397	possible_button_press	2701.6391549	0.0	response	n/a	n/a	n/a	n/a	n/a	n/a	n/a	m	m	1	1
5	8	397	fix_cross_after_trial	2701.6521254	0.832922266667083	fixation cross	n/a	n/a	94	2701.6521547	2.9300000278453808e-05	n/a	n/a	n/a	n/a	n/a	n/a
5	n/a	n/a	fix_cross_iti	2701.6521547	0.0	trigger	n/a	n/a	94	n/a	n/a	n/a	n/a	n/a	n/a	n/a	n/a
5	8	398	image	2702.5220265	0.7630155666665814	image	bell	bell_04.png	5	2702.5220957	6.920000032550888e-05	n/a	n/a	n/a	n/a	0	n/a
5	n/a	n/a	image	2702.5220957	0.0	trigger	n/a	n/a	5	n/a	n/a	n/a	n/a	n/a	n/a	n/a	n/a
5	8	398	word	2703.2850006	0.948989266667013	word	roll_en	n/a	106	2703.2850290999995	2.8499999643827323e-05	n/a	n/a	n/a	n/a	0	n/a
5	n/a	n/a	word	2703.2850290999995	0.0	trigger	n/a	n/a	106	n/a	n/a	n/a	n/a	n/a	n/a	n/a	n/a
5	8	398	feedback	2704.8011903999995	0.0	trigger	n/a	n/a	96	n/a	n/a	n/a	n/a	n/a	n/a	n/a	n/a
5	8	398	possible_button_press	2704.9868988	0.0	response	n/a	n/a	n/a	n/a	n/a	n/a	n/a	m	r	0	0
5	8	398	fix_cross_after_trial	2705.0010585	1.2329404666670598	fixation cross	n/a	n/a	94	2705.0010903	3.1800000215298496e-05	n/a	n/a	n/a	n/a	n/a	n/a
5	n/a	n/a	fix_cross_iti	2705.0010903	0.0	trigger	n/a	n/a	94	n/a	n/a	n/a	n/a	n/a	n/a	n/a	n/a
5	8	399	image	2706.3041832999997	0.7630231666671534	image	desk	desk_05.png	10	2706.3042795	9.620000037102727e-05	n/a	n/a	n/a	n/a	1	n/a
5	n/a	n/a	image	2706.3042795	0.0	trigger	n/a	n/a	10	n/a	n/a	n/a	n/a	n/a	n/a	n/a	n/a
5	8	399	word	2707.0672832	0.9493384666666316	word	desk_en	n/a	110	2707.0673214999997	3.8299999687296804e-05	n/a	n/a	n/a	n/a	1	n/a
5	n/a	n/a	word	2707.0673214999997	0.0	trigger	n/a	n/a	110	n/a	n/a	n/a	n/a	n/a	n/a	n/a	n/a
5	8	399	possible_button_press	2708.5689995000002	0.0	response	n/a	n/a	n/a	n/a	n/a	n/a	n/a	m	m	1	1
5	8	399	fix_cross_after_trial	2708.5832072000003	1.1497900666663554	fixation cross	n/a	n/a	94	2708.5832352999996	2.809999932651408e-05	n/a	n/a	n/a	n/a	n/a	n/a
5	n/a	n/a	fix_cross_iti	2708.5832352999996	0.0	trigger	n/a	n/a	94	n/a	n/a	n/a	n/a	n/a	n/a	n/a	n/a
5	8	400	image	2709.7864053000003	0.7631740666665792	image	ball	ball_09.png	8	2709.7864999000003	9.4600000011269e-05	n/a	n/a	n/a	n/a	1	n/a
5	n/a	n/a	image	2709.7864999000003	0.0	trigger	n/a	n/a	8	n/a	n/a	n/a	n/a	n/a	n/a	n/a	n/a
5	8	400	word	2710.5494820000004	0.9489977666662526	word	ball_en	n/a	108	2710.5495199999996	3.7999999221938197e-05	n/a	n/a	n/a	n/a	1	n/a
5	n/a	n/a	word	2710.5495199999996	0.0	trigger	n/a	n/a	108	n/a	n/a	n/a	n/a	n/a	n/a	n/a	n/a
5	8	400	possible_button_press	2712.0513654999995	0.0	response	n/a	n/a	n/a	n/a	n/a	n/a	n/a	m	m	1	1
5	8	400	fix_cross_after_trial	2712.0656485	0.9152040666667745	fixation cross	n/a	n/a	94	2712.0656768	2.8299999939918052e-05	n/a	n/a	n/a	n/a	n/a	n/a
5	n/a	n/a	fix_cross_iti	2712.0656768	0.0	trigger	n/a	n/a	94	n/a	n/a	n/a	n/a	n/a	n/a	n/a	n/a
5	8	400	break_instruction	2712.9819608999996	15.013652966666996	break	n/a	n/a	81	2712.9819970999997	3.620000006776536e-05	n/a	n/a	n/a	n/a	n/a	n/a
5	n/a	n/a	break_start	2712.9819970999997	0.0	trigger	n/a	n/a	81	n/a	n/a	n/a	n/a	n/a	n/a	n/a	n/a
5	n/a	n/a	break_end	2729.9804780000004	0.0	trigger	n/a	n/a	82	n/a	n/a	n/a	n/a	n/a	n/a	n/a	n/a
5	9	401	image	2730.0278624000002	0.7633606666668129	image	saw	saw_08.png	9	2730.0279436	8.119999984046444e-05	n/a	n/a	n/a	n/a	1	n/a
5	n/a	n/a	image	2730.0279436	0.0	trigger	n/a	n/a	9	n/a	n/a	n/a	n/a	n/a	n/a	n/a	n/a
5	9	401	word	2730.7911875	0.949734466666996	word	saw_en	n/a	109	2730.7912177	3.0199999855540227e-05	n/a	n/a	n/a	n/a	1	n/a
5	n/a	n/a	word	2730.7912177	0.0	trigger	n/a	n/a	109	n/a	n/a	n/a	n/a	n/a	n/a	n/a	n/a
5	9	401	possible_button_press	2732.2929043000004	0.0	response	n/a	n/a	n/a	n/a	n/a	n/a	n/a	m	m	1	1
5	9	401	fix_cross_after_trial	2732.3073858999996	1.2331614666672976	fixation cross	n/a	n/a	94	2732.3074057000003	1.9800000700342935e-05	n/a	n/a	n/a	n/a	n/a	n/a
5	n/a	n/a	fix_cross_iti	2732.3074057000003	0.0	trigger	n/a	n/a	94	n/a	n/a	n/a	n/a	n/a	n/a	n/a	n/a
5	9	402	image	2733.5787973999995	0.7616613666668854	image	bus	bus_01.png	7	2733.5788627	6.53000006423099e-05	n/a	n/a	n/a	n/a	1	n/a
5	n/a	n/a	image	2733.5788627	0.0	trigger	n/a	n/a	7	n/a	n/a	n/a	n/a	n/a	n/a	n/a	n/a
5	9	402	word	2734.3406895	0.965973766667048	word	bus_en	n/a	107	2734.3407141999996	2.4699999812582973e-05	n/a	n/a	n/a	n/a	1	n/a
5	n/a	n/a	word	2734.3407141999996	0.0	trigger	n/a	n/a	107	n/a	n/a	n/a	n/a	n/a	n/a	n/a	n/a
5	9	402	possible_button_press	2735.8420733000003	0.0	response	n/a	n/a	n/a	n/a	n/a	n/a	n/a	m	m	1	1
5	9	402	fix_cross_after_trial	2735.8563642999998	0.850198966667449	fixation cross	n/a	n/a	94	2735.8563863	2.2000000171829015e-05	n/a	n/a	n/a	n/a	n/a	n/a
5	n/a	n/a	fix_cross_iti	2735.8563863	0.0	trigger	n/a	n/a	94	n/a	n/a	n/a	n/a	n/a	n/a	n/a	n/a
5	9	403	image	2736.7244546	0.7659235666669701	image	fan	fan_07.png	4	2736.7245150999997	6.049999956303509e-05	n/a	n/a	n/a	n/a	1	n/a
5	n/a	n/a	image	2736.7245150999997	0.0	trigger	n/a	n/a	4	n/a	n/a	n/a	n/a	n/a	n/a	n/a	n/a
5	9	403	word	2737.4909369999996	0.9149045666672464	word	fan_en	n/a	104	2737.4909736	3.66000003850786e-05	n/a	n/a	n/a	n/a	1	n/a
5	n/a	n/a	word	2737.4909736	0.0	trigger	n/a	n/a	104	n/a	n/a	n/a	n/a	n/a	n/a	n/a	n/a
5	9	403	possible_button_press	2738.9912701000003	0.0	response	n/a	n/a	n/a	n/a	n/a	n/a	n/a	m	m	1	1
5	9	403	fix_cross_after_trial	2739.0053546	0.9496205666673632	fixation cross	n/a	n/a	94	2739.0053738999995	1.9299999621580355e-05	n/a	n/a	n/a	n/a	n/a	n/a
5	n/a	n/a	fix_cross_iti	2739.0053738999995	0.0	trigger	n/a	n/a	94	n/a	n/a	n/a	n/a	n/a	n/a	n/a	n/a
5	9	404	image	2740.0105321	0.7611655666669321	image	ball	ball_05.png	8	2740.0106119	7.980000009411015e-05	n/a	n/a	n/a	n/a	1	n/a
5	n/a	n/a	image	2740.0106119	0.0	trigger	n/a	n/a	8	n/a	n/a	n/a	n/a	n/a	n/a	n/a	n/a
5	9	404	word	2740.7718293999997	0.9494559666673013	word	ball_en	n/a	108	2740.7718574	2.8000000384054147e-05	n/a	n/a	n/a	n/a	1	n/a
5	n/a	n/a	word	2740.7718574	0.0	trigger	n/a	n/a	108	n/a	n/a	n/a	n/a	n/a	n/a	n/a	n/a
5	9	404	possible_button_press	2742.2737816999997	0.0	response	n/a	n/a	n/a	n/a	n/a	n/a	n/a	m	m	1	1
5	9	404	fix_cross_after_trial	2742.2878134000002	1.2160370666670133	fixation cross	n/a	n/a	94	2742.2878308	1.739999970595818e-05	n/a	n/a	n/a	n/a	n/a	n/a
5	n/a	n/a	fix_cross_iti	2742.2878308	0.0	trigger	n/a	n/a	94	n/a	n/a	n/a	n/a	n/a	n/a	n/a	n/a
5	9	405	image	2743.5397154	0.7650205666668626	image	suit	suit_10.png	1	2743.5397763	6.089999988034833e-05	n/a	n/a	n/a	n/a	1	n/a
5	n/a	n/a	image	2743.5397763	0.0	trigger	n/a	n/a	1	n/a	n/a	n/a	n/a	n/a	n/a	n/a	n/a
5	9	405	word	2744.3046575999997	0.9318029666674192	word	suit_en	n/a	101	2744.3046956	3.80000001314329e-05	n/a	n/a	n/a	n/a	1	n/a
5	n/a	n/a	word	2744.3046956	0.0	trigger	n/a	n/a	101	n/a	n/a	n/a	n/a	n/a	n/a	n/a	n/a
5	9	405	possible_button_press	2745.8056484	0.0	response	n/a	n/a	n/a	n/a	n/a	n/a	n/a	m	m	1	1
5	9	405	fix_cross_after_trial	2745.8200366	0.9328584666664028	fixation cross	n/a	n/a	94	2745.8200568	2.0200000108161476e-05	n/a	n/a	n/a	n/a	n/a	n/a
5	n/a	n/a	fix_cross_iti	2745.8200568	0.0	trigger	n/a	n/a	94	n/a	n/a	n/a	n/a	n/a	n/a	n/a	n/a
5	9	406	image	2746.7888575999996	0.7646488666669029	image	roll	roll_03.png	6	2746.7889208999995	6.329999996523838e-05	n/a	n/a	n/a	n/a	1	n/a
5	n/a	n/a	image	2746.7889208999995	0.0	trigger	n/a	n/a	6	n/a	n/a	n/a	n/a	n/a	n/a	n/a	n/a
5	9	406	word	2747.5530086	0.9494301666672982	word	roll_en	n/a	106	2747.5530350999998	2.6499999876250513e-05	n/a	n/a	n/a	n/a	1	n/a
5	n/a	n/a	word	2747.5530350999998	0.0	trigger	n/a	n/a	106	n/a	n/a	n/a	n/a	n/a	n/a	n/a	n/a
5	9	406	possible_button_press	2749.0541218999997	0.0	response	n/a	n/a	n/a	n/a	n/a	n/a	n/a	m	m	1	1
5	9	406	fix_cross_after_trial	2749.0688945	0.7999329666663471	fixation cross	n/a	n/a	94	2749.0689142	1.9699999938893598e-05	n/a	n/a	n/a	n/a	n/a	n/a
5	n/a	n/a	fix_cross_iti	2749.0689142	0.0	trigger	n/a	n/a	94	n/a	n/a	n/a	n/a	n/a	n/a	n/a	n/a
5	9	407	image	2749.9046637	0.7643114666670954	image	watch	watch_04.png	3	2749.9047333999997	6.969999958528206e-05	n/a	n/a	n/a	n/a	1	n/a
5	n/a	n/a	image	2749.9047333999997	0.0	trigger	n/a	n/a	3	n/a	n/a	n/a	n/a	n/a	n/a	n/a	n/a
5	9	407	word	2750.6847415	0.9334745666665185	word	watch_en	n/a	103	2750.6847657	2.4199999643315095e-05	n/a	n/a	n/a	n/a	1	n/a
5	n/a	n/a	word	2750.6847657	0.0	trigger	n/a	n/a	103	n/a	n/a	n/a	n/a	n/a	n/a	n/a	n/a
5	9	407	possible_button_press	2752.1698692	0.0	response	n/a	n/a	n/a	n/a	n/a	n/a	n/a	m	m	1	1
5	9	407	fix_cross_after_trial	2752.1845138	1.0832162666665681	fixation cross	n/a	n/a	94	2752.1845348999996	2.1099999685247894e-05	n/a	n/a	n/a	n/a	n/a	n/a
5	n/a	n/a	fix_cross_iti	2752.1845348999996	0.0	trigger	n/a	n/a	94	n/a	n/a	n/a	n/a	n/a	n/a	n/a	n/a
5	9	408	image	2753.2689186999996	0.7654443666669977	image	fan	fan_02.png	4	2753.2689768	5.810000038763974e-05	n/a	n/a	n/a	n/a	1	n/a
5	n/a	n/a	image	2753.2689768	0.0	trigger	n/a	n/a	4	n/a	n/a	n/a	n/a	n/a	n/a	n/a	n/a
5	9	408	word	2754.0342229999997	0.9164647666675592	word	fan_en	n/a	104	2754.0342528	2.9800000447721686e-05	n/a	n/a	n/a	n/a	1	n/a
5	n/a	n/a	word	2754.0342528	0.0	trigger	n/a	n/a	104	n/a	n/a	n/a	n/a	n/a	n/a	n/a	n/a
5	9	408	possible_button_press	2755.5354285000003	0.0	response	n/a	n/a	n/a	n/a	n/a	n/a	n/a	m	m	1	1
5	9	408	fix_cross_after_trial	2755.5505689	1.166939966667087	fixation cross	n/a	n/a	94	2755.5505933000004	2.4400000256719068e-05	n/a	n/a	n/a	n/a	n/a	n/a
5	n/a	n/a	fix_cross_iti	2755.5505933000004	0.0	trigger	n/a	n/a	94	n/a	n/a	n/a	n/a	n/a	n/a	n/a	n/a
5	9	409	image	2756.7357736000004	0.764808766666647	image	bottle	bottle_03.png	2	2756.7358487	7.509999977628468e-05	n/a	n/a	n/a	n/a	1	n/a
5	n/a	n/a	image	2756.7358487	0.0	trigger	n/a	n/a	2	n/a	n/a	n/a	n/a	n/a	n/a	n/a	n/a
5	9	409	word	2757.5045375	0.9613128666669581	word	bottle_en	n/a	102	2757.5045696999996	3.219999962311704e-05	n/a	n/a	n/a	n/a	1	n/a
5	n/a	n/a	word	2757.5045696999996	0.0	trigger	n/a	n/a	102	n/a	n/a	n/a	n/a	n/a	n/a	n/a	n/a
5	9	409	possible_button_press	2759.0044815	0.0	response	n/a	n/a	n/a	n/a	n/a	n/a	n/a	m	m	1	1
5	9	409	fix_cross_after_trial	2759.0158314	1.0661339666667118	fixation cross	n/a	n/a	94	2759.0158469	1.5499999790336005e-05	n/a	n/a	n/a	n/a	n/a	n/a
5	n/a	n/a	fix_cross_iti	2759.0158469	0.0	trigger	n/a	n/a	94	n/a	n/a	n/a	n/a	n/a	n/a	n/a	n/a
5	9	410	image	2760.1205441	0.7620776666663005	image	bell	bell_10.png	5	2760.1206241	7.999999979801942e-05	n/a	n/a	n/a	n/a	0	n/a
5	n/a	n/a	image	2760.1206241	0.0	trigger	n/a	n/a	5	n/a	n/a	n/a	n/a	n/a	n/a	n/a	n/a
5	9	410	word	2760.8819249	0.9502755666671874	word	watch_en	n/a	103	2760.8819507	2.5800000003073364e-05	n/a	n/a	n/a	n/a	0	n/a
5	n/a	n/a	word	2760.8819507	0.0	trigger	n/a	n/a	103	n/a	n/a	n/a	n/a	n/a	n/a	n/a	n/a
5	9	410	feedback	2762.3830268	0.0	trigger	n/a	n/a	96	n/a	n/a	n/a	n/a	n/a	n/a	n/a	n/a
5	9	410	possible_button_press	2762.584979	0.0	response	n/a	n/a	n/a	n/a	n/a	n/a	n/a	m	r	0	0
5	9	410	fix_cross_after_trial	2762.5997139	0.999672666666811	fixation cross	n/a	n/a	94	2762.5997396000002	2.570000015111873e-05	n/a	n/a	n/a	n/a	n/a	n/a
5	n/a	n/a	fix_cross_iti	2762.5997396000002	0.0	trigger	n/a	n/a	94	n/a	n/a	n/a	n/a	n/a	n/a	n/a	n/a
5	9	411	image	2763.6372879	0.761939266666559	image	roll	roll_02.png	6	2763.6373786000004	9.070000032807002e-05	n/a	n/a	n/a	n/a	1	n/a
5	n/a	n/a	image	2763.6373786000004	0.0	trigger	n/a	n/a	6	n/a	n/a	n/a	n/a	n/a	n/a	n/a	n/a
5	9	411	word	2764.39916	0.949615466666728	word	roll_en	n/a	106	2764.3991908	3.079999987676274e-05	n/a	n/a	n/a	n/a	1	n/a
5	n/a	n/a	word	2764.3991908	0.0	trigger	n/a	n/a	106	n/a	n/a	n/a	n/a	n/a	n/a	n/a	n/a
5	9	411	possible_button_press	2765.9016024000002	0.0	response	n/a	n/a	n/a	n/a	n/a	n/a	n/a	m	m	1	1
5	9	411	fix_cross_after_trial	2765.9156102999996	0.8495451666676672	fixation cross	n/a	n/a	94	2765.9156402999997	3.0000000151630957e-05	n/a	n/a	n/a	n/a	n/a	n/a
5	n/a	n/a	fix_cross_iti	2765.9156402999997	0.0	trigger	n/a	n/a	94	n/a	n/a	n/a	n/a	n/a	n/a	n/a	n/a
5	9	412	image	2766.8231485999995	0.7585999666671341	image	bell	bell_02.png	5	2766.8232423	9.370000043418258e-05	n/a	n/a	n/a	n/a	1	n/a
5	n/a	n/a	image	2766.8232423	0.0	trigger	n/a	n/a	5	n/a	n/a	n/a	n/a	n/a	n/a	n/a	n/a
5	9	412	word	2767.5815082	0.9481766666667681	word	bell_en	n/a	105	2767.5815387000002	3.0500000320898835e-05	n/a	n/a	n/a	n/a	1	n/a
5	n/a	n/a	word	2767.5815387000002	0.0	trigger	n/a	n/a	105	n/a	n/a	n/a	n/a	n/a	n/a	n/a	n/a
5	9	412	possible_button_press	2769.0830853999996	0.0	response	n/a	n/a	n/a	n/a	n/a	n/a	n/a	m	m	1	1
5	9	412	fix_cross_after_trial	2769.0976398000003	1.2153218666662724	fixation cross	n/a	n/a	94	2769.0976652	2.5399999685760122e-05	n/a	n/a	n/a	n/a	n/a	n/a
5	n/a	n/a	fix_cross_iti	2769.0976652	0.0	trigger	n/a	n/a	94	n/a	n/a	n/a	n/a	n/a	n/a	n/a	n/a
5	9	413	image	2770.3312611	0.7643241666664835	image	saw	saw_05.png	9	2770.3313267000003	6.56000001981738e-05	n/a	n/a	n/a	n/a	1	n/a
5	n/a	n/a	image	2770.3313267000003	0.0	trigger	n/a	n/a	9	n/a	n/a	n/a	n/a	n/a	n/a	n/a	n/a
5	9	413	word	2771.0958450999997	0.9494214666674452	word	saw_en	n/a	109	2771.0958957000003	5.0600000577105675e-05	n/a	n/a	n/a	n/a	1	n/a
5	n/a	n/a	word	2771.0958957000003	0.0	trigger	n/a	n/a	109	n/a	n/a	n/a	n/a	n/a	n/a	n/a	n/a
5	9	413	possible_button_press	2772.5968868	0.0	response	n/a	n/a	n/a	n/a	n/a	n/a	n/a	m	m	1	1
5	9	413	fix_cross_after_trial	2772.6117923	0.7996010666665825	fixation cross	n/a	n/a	94	2772.6118122999997	1.9999999494757503e-05	n/a	n/a	n/a	n/a	n/a	n/a
5	n/a	n/a	fix_cross_iti	2772.6118122999997	0.0	trigger	n/a	n/a	94	n/a	n/a	n/a	n/a	n/a	n/a	n/a	n/a
5	9	414	image	2773.4492392	0.7624358666662374	image	bus	bus_02.png	7	2773.4493079000003	6.8700000156241e-05	n/a	n/a	n/a	n/a	1	n/a
5	n/a	n/a	image	2773.4493079000003	0.0	trigger	n/a	n/a	7	n/a	n/a	n/a	n/a	n/a	n/a	n/a	n/a
5	9	414	word	2774.2119741999995	0.9817488666676581	word	bus_en	n/a	107	2774.2120107	3.6500000533123966e-05	n/a	n/a	n/a	n/a	1	n/a
5	n/a	n/a	word	2774.2120107	0.0	trigger	n/a	n/a	107	n/a	n/a	n/a	n/a	n/a	n/a	n/a	n/a
5	9	414	possible_button_press	2775.7128075	0.0	response	n/a	n/a	n/a	n/a	n/a	n/a	n/a	m	m	1	1
5	9	414	fix_cross_after_trial	2775.7273481	0.9181478666669136	fixation cross	n/a	n/a	94	2775.7273654	1.7299999854003545e-05	n/a	n/a	n/a	n/a	n/a	n/a
5	n/a	n/a	fix_cross_iti	2775.7273654	0.0	trigger	n/a	n/a	94	n/a	n/a	n/a	n/a	n/a	n/a	n/a	n/a
5	9	415	image	2776.6831881	0.7603509666669197	image	watch	watch_05.png	3	2776.6832758	8.770000022195745e-05	n/a	n/a	n/a	n/a	1	n/a
5	n/a	n/a	image	2776.6832758	0.0	trigger	n/a	n/a	3	n/a	n/a	n/a	n/a	n/a	n/a	n/a	n/a
5	9	415	word	2777.4434905999997	0.9500360666670531	word	watch_en	n/a	103	2777.4435131	2.2500000341096893e-05	n/a	n/a	n/a	n/a	1	n/a
5	n/a	n/a	word	2777.4435131	0.0	trigger	n/a	n/a	103	n/a	n/a	n/a	n/a	n/a	n/a	n/a	n/a
5	9	415	possible_button_press	2778.9453249	0.0	response	n/a	n/a	n/a	n/a	n/a	n/a	n/a	m	m	1	1
5	9	415	fix_cross_after_trial	2778.9614966999998	1.2339685666674995	fixation cross	n/a	n/a	94	2778.9615277000003	3.100000049016671e-05	n/a	n/a	n/a	n/a	n/a	n/a
5	n/a	n/a	fix_cross_iti	2778.9615277000003	0.0	trigger	n/a	n/a	94	n/a	n/a	n/a	n/a	n/a	n/a	n/a	n/a
5	9	416	image	2780.2117958999997	0.7494642666670188	image	saw	saw_09.png	9	2780.2118708999997	7.499999992433004e-05	n/a	n/a	n/a	n/a	0	n/a
5	n/a	n/a	image	2780.2118708999997	0.0	trigger	n/a	n/a	9	n/a	n/a	n/a	n/a	n/a	n/a	n/a	n/a
5	9	416	word	2780.9616445	0.9150018666668984	word	fan_en	n/a	104	2780.9616773	3.279999964433955e-05	n/a	n/a	n/a	n/a	0	n/a
5	n/a	n/a	word	2780.9616773	0.0	trigger	n/a	n/a	104	n/a	n/a	n/a	n/a	n/a	n/a	n/a	n/a
5	9	416	feedback	2782.4774698	0.0	trigger	n/a	n/a	96	n/a	n/a	n/a	n/a	n/a	n/a	n/a	n/a
5	9	416	possible_button_press	2782.6792389	0.0	response	n/a	n/a	n/a	n/a	n/a	n/a	n/a	m	r	0	0
5	9	416	fix_cross_after_trial	2782.6934879	0.9830591666668624	fixation cross	n/a	n/a	94	2782.6935169	2.89999998130952e-05	n/a	n/a	n/a	n/a	n/a	n/a
5	n/a	n/a	fix_cross_iti	2782.6935169	0.0	trigger	n/a	n/a	94	n/a	n/a	n/a	n/a	n/a	n/a	n/a	n/a
5	9	417	image	2783.7157384	0.75898106666682	image	suit	suit_06.png	1	2783.715811	7.259999983943999e-05	n/a	n/a	n/a	n/a	1	n/a
5	n/a	n/a	image	2783.715811	0.0	trigger	n/a	n/a	1	n/a	n/a	n/a	n/a	n/a	n/a	n/a	n/a
5	9	417	word	2784.4748026999996	0.9379609666675606	word	suit_en	n/a	101	2784.4748388	3.6100000215810724e-05	n/a	n/a	n/a	n/a	1	n/a
5	n/a	n/a	word	2784.4748388	0.0	trigger	n/a	n/a	101	n/a	n/a	n/a	n/a	n/a	n/a	n/a	n/a
5	9	417	possible_button_press	2785.9805896	0.0	response	n/a	n/a	n/a	n/a	n/a	n/a	n/a	m	m	1	1
5	9	417	fix_cross_after_trial	2785.9928516	0.982497566667007	fixation cross	n/a	n/a	94	2785.9928816	3.0000000151630957e-05	n/a	n/a	n/a	n/a	n/a	n/a
5	n/a	n/a	fix_cross_iti	2785.9928816	0.0	trigger	n/a	n/a	94	n/a	n/a	n/a	n/a	n/a	n/a	n/a	n/a
5	9	418	image	2787.013481	0.7523056666668708	image	bell	bell_04.png	5	2787.0135479	6.690000009257346e-05	n/a	n/a	n/a	n/a	1	n/a
5	n/a	n/a	image	2787.0135479	0.0	trigger	n/a	n/a	5	n/a	n/a	n/a	n/a	n/a	n/a	n/a	n/a
5	9	418	word	2787.7755045000004	0.9329772666660574	word	bell_en	n/a	105	2787.7755429999997	3.8499999391206075e-05	n/a	n/a	n/a	n/a	1	n/a
5	n/a	n/a	word	2787.7755429999997	0.0	trigger	n/a	n/a	105	n/a	n/a	n/a	n/a	n/a	n/a	n/a	n/a
5	9	418	possible_button_press	2789.2601262	0.0	response	n/a	n/a	n/a	n/a	n/a	n/a	n/a	m	m	1	1
5	9	418	fix_cross_after_trial	2789.2745488	0.9814190666666036	fixation cross	n/a	n/a	94	2789.2745738000003	2.500000027794158e-05	n/a	n/a	n/a	n/a	n/a	n/a
5	n/a	n/a	fix_cross_iti	2789.2745738000003	0.0	trigger	n/a	n/a	94	n/a	n/a	n/a	n/a	n/a	n/a	n/a	n/a
5	9	419	image	2790.3083411	0.7502622666670504	image	fan	fan_08.png	4	2790.3084153	7.420000019919826e-05	n/a	n/a	n/a	n/a	1	n/a
5	n/a	n/a	image	2790.3084153	0.0	trigger	n/a	n/a	4	n/a	n/a	n/a	n/a	n/a	n/a	n/a	n/a
5	9	419	word	2791.0558404000003	0.9345147666663252	word	fan_en	n/a	104	2791.0558623999996	2.1999999262334313e-05	n/a	n/a	n/a	n/a	1	n/a
5	n/a	n/a	word	2791.0558623999996	0.0	trigger	n/a	n/a	104	n/a	n/a	n/a	n/a	n/a	n/a	n/a	n/a
5	9	419	possible_button_press	2792.5575294	0.0	response	n/a	n/a	n/a	n/a	n/a	n/a	n/a	m	m	1	1
5	9	419	fix_cross_after_trial	2792.5724713	0.8162710666665589	fixation cross	n/a	n/a	94	2792.5724976	2.6300000172341242e-05	n/a	n/a	n/a	n/a	n/a	n/a
5	n/a	n/a	fix_cross_iti	2792.5724976	0.0	trigger	n/a	n/a	94	n/a	n/a	n/a	n/a	n/a	n/a	n/a	n/a
5	9	420	image	2793.4078714999996	0.751023566666845	image	saw	saw_01.png	9	2793.4079496000004	7.810000079189194e-05	n/a	n/a	n/a	n/a	1	n/a
5	n/a	n/a	image	2793.4079496000004	0.0	trigger	n/a	n/a	9	n/a	n/a	n/a	n/a	n/a	n/a	n/a	n/a
5	9	420	word	2794.1595854999996	0.9468926666668267	word	saw_en	n/a	109	2794.1596246	3.910000032192329e-05	n/a	n/a	n/a	n/a	1	n/a
5	n/a	n/a	word	2794.1596246	0.0	trigger	n/a	n/a	109	n/a	n/a	n/a	n/a	n/a	n/a	n/a	n/a
5	9	420	possible_button_press	2795.6583757999997	0.0	response	n/a	n/a	n/a	n/a	n/a	n/a	n/a	m	m	1	1
5	9	420	fix_cross_after_trial	2795.6727166	0.9022928666663574	fixation cross	n/a	n/a	94	2795.6727419	2.5299999833805487e-05	n/a	n/a	n/a	n/a	n/a	n/a
5	n/a	n/a	fix_cross_iti	2795.6727419	0.0	trigger	n/a	n/a	94	n/a	n/a	n/a	n/a	n/a	n/a	n/a	n/a
5	9	421	image	2796.5926217999995	0.7654073666672048	image	desk	desk_02.png	10	2796.5927026	8.08000004326459e-05	n/a	n/a	n/a	n/a	1	n/a
5	n/a	n/a	image	2796.5927026	0.0	trigger	n/a	n/a	10	n/a	n/a	n/a	n/a	n/a	n/a	n/a	n/a
5	9	421	word	2797.3575592999996	0.9474451666674213	word	desk_en	n/a	110	2797.3576015999997	4.2300000131945126e-05	n/a	n/a	n/a	n/a	1	n/a
5	n/a	n/a	word	2797.3576015999997	0.0	trigger	n/a	n/a	110	n/a	n/a	n/a	n/a	n/a	n/a	n/a	n/a
5	9	421	possible_button_press	2798.8437112	0.0	response	n/a	n/a	n/a	n/a	n/a	n/a	n/a	m	m	1	1
5	9	421	fix_cross_after_trial	2798.8569036	1.0829377666668734	fixation cross	n/a	n/a	94	2798.8569365000003	3.290000040578889e-05	n/a	n/a	n/a	n/a	n/a	n/a
5	n/a	n/a	fix_cross_iti	2798.8569365000003	0.0	trigger	n/a	n/a	94	n/a	n/a	n/a	n/a	n/a	n/a	n/a	n/a
5	9	422	image	2799.9780717000003	0.7607318666669016	image	ball	ball_02.png	8	2799.9781567	8.499999967170879e-05	n/a	n/a	n/a	n/a	1	n/a
5	n/a	n/a	image	2799.9781567	0.0	trigger	n/a	n/a	8	n/a	n/a	n/a	n/a	n/a	n/a	n/a	n/a
5	9	422	word	2800.7373623000003	0.9485151666667662	word	ball_en	n/a	108	2800.7373996999995	3.7399999200715683e-05	n/a	n/a	n/a	n/a	1	n/a
5	n/a	n/a	word	2800.7373996999995	0.0	trigger	n/a	n/a	108	n/a	n/a	n/a	n/a	n/a	n/a	n/a	n/a
5	9	422	possible_button_press	2802.2396275	0.0	response	n/a	n/a	n/a	n/a	n/a	n/a	n/a	m	m	1	1
5	9	422	fix_cross_after_trial	2802.2542120999997	1.2012090666667063	fixation cross	n/a	n/a	94	2802.2542518	3.97000003431458e-05	n/a	n/a	n/a	n/a	n/a	n/a
5	n/a	n/a	fix_cross_iti	2802.2542518	0.0	trigger	n/a	n/a	94	n/a	n/a	n/a	n/a	n/a	n/a	n/a	n/a
5	9	423	image	2803.4922748	0.7612985666664827	image	saw	saw_07.png	9	2803.4923566999996	8.189999971364159e-05	n/a	n/a	n/a	n/a	1	n/a
5	n/a	n/a	image	2803.4923566999996	0.0	trigger	n/a	n/a	9	n/a	n/a	n/a	n/a	n/a	n/a	n/a	n/a
5	9	423	word	2804.2534362999995	0.9491497666676878	word	saw_en	n/a	109	2804.25349	5.3700000535172876e-05	n/a	n/a	n/a	n/a	1	n/a
5	n/a	n/a	word	2804.25349	0.0	trigger	n/a	n/a	109	n/a	n/a	n/a	n/a	n/a	n/a	n/a	n/a
5	9	423	possible_button_press	2805.7408468000003	0.0	response	n/a	n/a	n/a	n/a	n/a	n/a	n/a	m	m	1	1
5	9	423	fix_cross_after_trial	2805.7547673999998	0.864112766666949	fixation cross	n/a	n/a	94	2805.7547971000004	2.970000059576705e-05	n/a	n/a	n/a	n/a	n/a	n/a
5	n/a	n/a	fix_cross_iti	2805.7547971000004	0.0	trigger	n/a	n/a	94	n/a	n/a	n/a	n/a	n/a	n/a	n/a	n/a
5	9	424	image	2806.6558163	0.7631011666671839	image	roll	roll_06.png	6	2806.6559077	9.140000020124717e-05	n/a	n/a	n/a	n/a	1	n/a
5	n/a	n/a	image	2806.6559077	0.0	trigger	n/a	n/a	6	n/a	n/a	n/a	n/a	n/a	n/a	n/a	n/a
5	9	424	word	2807.4191610999997	0.9492842666668366	word	roll_en	n/a	106	2807.4191951000003	3.400000059627928e-05	n/a	n/a	n/a	n/a	1	n/a
5	n/a	n/a	word	2807.4191951000003	0.0	trigger	n/a	n/a	106	n/a	n/a	n/a	n/a	n/a	n/a	n/a	n/a
5	9	424	possible_button_press	2808.9211760999997	0.0	response	n/a	n/a	n/a	n/a	n/a	n/a	n/a	m	m	1	1
5	9	424	fix_cross_after_trial	2808.9363393000003	1.1158719666664183	fixation cross	n/a	n/a	94	2808.9363667999996	2.7499999305291567e-05	n/a	n/a	n/a	n/a	n/a	n/a
5	n/a	n/a	fix_cross_iti	2808.9363667999996	0.0	trigger	n/a	n/a	94	n/a	n/a	n/a	n/a	n/a	n/a	n/a	n/a
5	9	425	image	2810.0692259999996	0.749074366667628	image	bottle	bottle_02.png	2	2810.0693052999995	7.929999992484227e-05	n/a	n/a	n/a	n/a	1	n/a
5	n/a	n/a	image	2810.0693052999995	0.0	trigger	n/a	n/a	2	n/a	n/a	n/a	n/a	n/a	n/a	n/a	n/a
5	9	425	word	2810.8181876	0.9662424666666993	word	bottle_en	n/a	102	2810.818223	3.5400000342633575e-05	n/a	n/a	n/a	n/a	1	n/a
5	n/a	n/a	word	2810.818223	0.0	trigger	n/a	n/a	102	n/a	n/a	n/a	n/a	n/a	n/a	n/a	n/a
5	9	425	possible_button_press	2812.3201390000004	0.0	response	n/a	n/a	n/a	n/a	n/a	n/a	n/a	m	m	1	1
5	9	425	fix_cross_after_trial	2812.3349989	1.1017709666666633	fixation cross	n/a	n/a	94	2812.3350244000003	2.550000044720946e-05	n/a	n/a	n/a	n/a	n/a	n/a
5	n/a	n/a	fix_cross_iti	2812.3350244000003	0.0	trigger	n/a	n/a	94	n/a	n/a	n/a	n/a	n/a	n/a	n/a	n/a
5	9	426	image	2813.4756448	0.7604165666671179	image	desk	desk_06.png	10	2813.4757429	9.810000028664945e-05	n/a	n/a	n/a	n/a	1	n/a
5	n/a	n/a	image	2813.4757429	0.0	trigger	n/a	n/a	10	n/a	n/a	n/a	n/a	n/a	n/a	n/a	n/a
5	9	426	word	2814.2352529	0.9516217666669036	word	desk_en	n/a	110	2814.2352881999996	3.529999958118424e-05	n/a	n/a	n/a	n/a	1	n/a
5	n/a	n/a	word	2814.2352881999996	0.0	trigger	n/a	n/a	110	n/a	n/a	n/a	n/a	n/a	n/a	n/a	n/a
5	9	426	possible_button_press	2815.7368095	0.0	response	n/a	n/a	n/a	n/a	n/a	n/a	n/a	m	m	1	1
5	9	426	fix_cross_after_trial	2815.7504768	1.134688566667137	fixation cross	n/a	n/a	94	2815.7505049	2.8100000236008782e-05	n/a	n/a	n/a	n/a	n/a	n/a
5	n/a	n/a	fix_cross_iti	2815.7505049	0.0	trigger	n/a	n/a	94	n/a	n/a	n/a	n/a	n/a	n/a	n/a	n/a
5	9	427	image	2816.9375601	0.7497370666669667	image	fan	fan_04.png	4	2816.9376413	8.119999984046444e-05	n/a	n/a	n/a	n/a	1	n/a
5	n/a	n/a	image	2816.9376413	0.0	trigger	n/a	n/a	4	n/a	n/a	n/a	n/a	n/a	n/a	n/a	n/a
5	9	427	word	2817.6841764	0.9195671666666385	word	fan_en	n/a	104	2817.6842143000003	3.790000027947826e-05	n/a	n/a	n/a	n/a	1	n/a
5	n/a	n/a	word	2817.6842143000003	0.0	trigger	n/a	n/a	104	n/a	n/a	n/a	n/a	n/a	n/a	n/a	n/a
5	9	427	possible_button_press	2819.1844174999997	0.0	response	n/a	n/a	n/a	n/a	n/a	n/a	n/a	m	m	1	1
5	9	427	fix_cross_after_trial	2819.1982924000004	0.9350795666669001	fixation cross	n/a	n/a	94	2819.1983204999997	2.809999932651408e-05	n/a	n/a	n/a	n/a	n/a	n/a
5	n/a	n/a	fix_cross_iti	2819.1983204999997	0.0	trigger	n/a	n/a	94	n/a	n/a	n/a	n/a	n/a	n/a	n/a	n/a
5	9	428	image	2820.1699013999996	0.7661592666672732	image	bus	bus_04.png	7	2820.1699926	9.12000004973379e-05	n/a	n/a	n/a	n/a	1	n/a
5	n/a	n/a	image	2820.1699926	0.0	trigger	n/a	n/a	7	n/a	n/a	n/a	n/a	n/a	n/a	n/a	n/a
5	9	428	word	2820.9329502	0.9814923666672257	word	bus_en	n/a	107	2820.9329947999995	4.459999945538584e-05	n/a	n/a	n/a	n/a	1	n/a
5	n/a	n/a	word	2820.9329947999995	0.0	trigger	n/a	n/a	107	n/a	n/a	n/a	n/a	n/a	n/a	n/a	n/a
5	9	428	possible_button_press	2822.4325576	0.0	response	n/a	n/a	n/a	n/a	n/a	n/a	n/a	m	m	1	1
5	9	428	fix_cross_after_trial	2822.4470766000004	0.9011005666661731	fixation cross	n/a	n/a	94	2822.4470996	2.299999960087007e-05	n/a	n/a	n/a	n/a	n/a	n/a
5	n/a	n/a	fix_cross_iti	2822.4470996	0.0	trigger	n/a	n/a	94	n/a	n/a	n/a	n/a	n/a	n/a	n/a	n/a
5	9	429	image	2823.3687551000003	0.764118566666184	image	roll	roll_09.png	6	2823.3688314	7.62999998187297e-05	n/a	n/a	n/a	n/a	0	n/a
5	n/a	n/a	image	2823.3688314	0.0	trigger	n/a	n/a	6	n/a	n/a	n/a	n/a	n/a	n/a	n/a	n/a
5	9	429	word	2824.1321938	0.9474827666663259	word	saw_en	n/a	109	2824.1322500999995	5.62999994144775e-05	n/a	n/a	n/a	n/a	0	n/a
5	n/a	n/a	word	2824.1322500999995	0.0	trigger	n/a	n/a	109	n/a	n/a	n/a	n/a	n/a	n/a	n/a	n/a
5	9	429	feedback	2825.6475564	0.0	trigger	n/a	n/a	96	n/a	n/a	n/a	n/a	n/a	n/a	n/a	n/a
5	9	429	possible_button_press	2825.8479875000003	0.0	response	n/a	n/a	n/a	n/a	n/a	n/a	n/a	m	r	0	0
5	9	429	fix_cross_after_trial	2825.8626635	1.1167884666665486	fixation cross	n/a	n/a	94	2825.8626865999995	2.3099999452824704e-05	n/a	n/a	n/a	n/a	n/a	n/a
5	n/a	n/a	fix_cross_iti	2825.8626865999995	0.0	trigger	n/a	n/a	94	n/a	n/a	n/a	n/a	n/a	n/a	n/a	n/a
5	9	430	image	2827.0344588	0.7636833666674647	image	bus	bus_06.png	7	2827.0345485	8.969999998953426e-05	n/a	n/a	n/a	n/a	1	n/a
5	n/a	n/a	image	2827.0345485	0.0	trigger	n/a	n/a	7	n/a	n/a	n/a	n/a	n/a	n/a	n/a	n/a
5	9	430	word	2827.7973175999996	0.964614366666865	word	bus_en	n/a	107	2827.7973682	5.0600000577105675e-05	n/a	n/a	n/a	n/a	1	n/a
5	n/a	n/a	word	2827.7973682	0.0	trigger	n/a	n/a	107	n/a	n/a	n/a	n/a	n/a	n/a	n/a	n/a
5	9	430	possible_button_press	2829.2981859	0.0	response	n/a	n/a	n/a	n/a	n/a	n/a	n/a	m	m	1	1
5	9	430	fix_cross_after_trial	2829.3114649999998	0.8345448666668744	fixation cross	n/a	n/a	94	2829.3114893	2.4300000404764432e-05	n/a	n/a	n/a	n/a	n/a	n/a
5	n/a	n/a	fix_cross_iti	2829.3114893	0.0	trigger	n/a	n/a	94	n/a	n/a	n/a	n/a	n/a	n/a	n/a	n/a
5	9	431	image	2830.1829482000003	0.764000766666868	image	bottle	bottle_06.png	2	2830.1830309999996	8.279999929072801e-05	n/a	n/a	n/a	n/a	1	n/a
5	n/a	n/a	image	2830.1830309999996	0.0	trigger	n/a	n/a	2	n/a	n/a	n/a	n/a	n/a	n/a	n/a	n/a
5	9	431	word	2830.9459676999995	0.9670430666674292	word	bottle_en	n/a	102	2830.9460071000003	3.94000007872819e-05	n/a	n/a	n/a	n/a	1	n/a
5	n/a	n/a	word	2830.9460071000003	0.0	trigger	n/a	n/a	102	n/a	n/a	n/a	n/a	n/a	n/a	n/a	n/a
5	9	431	possible_button_press	2832.4479676	0.0	response	n/a	n/a	n/a	n/a	n/a	n/a	n/a	m	m	1	1
5	9	431	fix_cross_after_trial	2832.4628415999996	1.0833612666674526	fixation cross	n/a	n/a	94	2832.4628701	2.8500000553322025e-05	n/a	n/a	n/a	n/a	n/a	n/a
5	n/a	n/a	fix_cross_iti	2832.4628701	0.0	trigger	n/a	n/a	94	n/a	n/a	n/a	n/a	n/a	n/a	n/a	n/a
5	9	432	image	2833.6012596	0.7611120666670104	image	desk	desk_01.png	10	2833.6013532999996	9.369999952468788e-05	n/a	n/a	n/a	n/a	1	n/a
5	n/a	n/a	image	2833.6013532999996	0.0	trigger	n/a	n/a	10	n/a	n/a	n/a	n/a	n/a	n/a	n/a	n/a
5	9	432	word	2834.3615651	0.9505430666667962	word	desk_en	n/a	110	2834.3615972999996	3.219999962311704e-05	n/a	n/a	n/a	n/a	1	n/a
5	n/a	n/a	word	2834.3615972999996	0.0	trigger	n/a	n/a	110	n/a	n/a	n/a	n/a	n/a	n/a	n/a	n/a
5	9	432	possible_button_press	2835.8494764999996	0.0	response	n/a	n/a	n/a	n/a	n/a	n/a	n/a	m	m	1	1
5	9	432	fix_cross_after_trial	2835.8624724	0.8493096666670681	fixation cross	n/a	n/a	94	2835.8625060000004	3.3600000278966036e-05	n/a	n/a	n/a	n/a	n/a	n/a
5	n/a	n/a	fix_cross_iti	2835.8625060000004	0.0	trigger	n/a	n/a	94	n/a	n/a	n/a	n/a	n/a	n/a	n/a	n/a
5	9	433	image	2836.7279350999997	0.7505912666674703	image	roll	roll_01.png	6	2836.7280094999996	7.439999990310753e-05	n/a	n/a	n/a	n/a	1	n/a
5	n/a	n/a	image	2836.7280094999996	0.0	trigger	n/a	n/a	6	n/a	n/a	n/a	n/a	n/a	n/a	n/a	n/a
5	9	433	word	2837.4790175999997	0.9487801666673477	word	roll_en	n/a	106	2837.4790572	3.960000049119117e-05	n/a	n/a	n/a	n/a	1	n/a
5	n/a	n/a	word	2837.4790572	0.0	trigger	n/a	n/a	106	n/a	n/a	n/a	n/a	n/a	n/a	n/a	n/a
5	9	433	possible_button_press	2838.9800349999996	0.0	response	n/a	n/a	n/a	n/a	n/a	n/a	n/a	m	m	1	1
5	9	433	fix_cross_after_trial	2838.9949995999996	0.9656542666671157	fixation cross	n/a	n/a	94	2838.9950307999998	3.120000019407598e-05	n/a	n/a	n/a	n/a	n/a	n/a
5	n/a	n/a	fix_cross_iti	2838.9950307999998	0.0	trigger	n/a	n/a	94	n/a	n/a	n/a	n/a	n/a	n/a	n/a	n/a
5	9	434	image	2840.0178012999995	0.7600687666672457	image	watch	watch_08.png	3	2840.0179134	0.00011210000047867652	n/a	n/a	n/a	n/a	1	n/a
5	n/a	n/a	image	2840.0179134	0.0	trigger	n/a	n/a	3	n/a	n/a	n/a	n/a	n/a	n/a	n/a	n/a
5	9	434	word	2840.7916454999995	0.9499317666677598	word	watch_en	n/a	103	2840.7916814	3.590000051190145e-05	n/a	n/a	n/a	n/a	1	n/a
5	n/a	n/a	word	2840.7916814	0.0	trigger	n/a	n/a	103	n/a	n/a	n/a	n/a	n/a	n/a	n/a	n/a
5	9	434	possible_button_press	2842.2793825	0.0	response	n/a	n/a	n/a	n/a	n/a	n/a	n/a	m	m	1	1
5	9	434	fix_cross_after_trial	2842.2932085	0.8831573666666372	fixation cross	n/a	n/a	94	2842.2932369	2.8399999791872688e-05	n/a	n/a	n/a	n/a	n/a	n/a
5	n/a	n/a	fix_cross_iti	2842.2932369	0.0	trigger	n/a	n/a	94	n/a	n/a	n/a	n/a	n/a	n/a	n/a	n/a
5	9	435	image	2843.2292006	0.7646216666671535	image	bus	bus_09.png	7	2843.2292883	8.770000022195745e-05	n/a	n/a	n/a	n/a	0	n/a
5	n/a	n/a	image	2843.2292883	0.0	trigger	n/a	n/a	7	n/a	n/a	n/a	n/a	n/a	n/a	n/a	n/a
5	9	435	word	2843.9928725	0.9480339666670261	word	desk_en	n/a	110	2843.9929138999996	4.1399999645364005e-05	n/a	n/a	n/a	n/a	0	n/a
5	n/a	n/a	word	2843.9929138999996	0.0	trigger	n/a	n/a	110	n/a	n/a	n/a	n/a	n/a	n/a	n/a	n/a
5	9	435	feedback	2845.5097576	0.0	trigger	n/a	n/a	96	n/a	n/a	n/a	n/a	n/a	n/a	n/a	n/a
5	9	435	possible_button_press	2845.7116124000004	0.0	response	n/a	n/a	n/a	n/a	n/a	n/a	n/a	m	r	0	0
5	9	435	fix_cross_after_trial	2845.72566	1.1160512666665454	fixation cross	n/a	n/a	94	2845.72569	3.0000000151630957e-05	n/a	n/a	n/a	n/a	n/a	n/a
5	n/a	n/a	fix_cross_iti	2845.72569	0.0	trigger	n/a	n/a	94	n/a	n/a	n/a	n/a	n/a	n/a	n/a	n/a
5	9	436	image	2846.8951282999997	0.7654144666676075	image	bell	bell_08.png	5	2846.8952123	8.400000024266774e-05	n/a	n/a	n/a	n/a	1	n/a
5	n/a	n/a	image	2846.8952123	0.0	trigger	n/a	n/a	5	n/a	n/a	n/a	n/a	n/a	n/a	n/a	n/a
5	9	436	word	2847.6585397	0.9481837666671709	word	bell_en	n/a	105	2847.6585852	4.549999994196696e-05	n/a	n/a	n/a	n/a	1	n/a
5	n/a	n/a	word	2847.6585852	0.0	trigger	n/a	n/a	105	n/a	n/a	n/a	n/a	n/a	n/a	n/a	n/a
5	9	436	possible_button_press	2849.1613678000003	0.0	response	n/a	n/a	n/a	n/a	n/a	n/a	n/a	m	m	1	1
5	9	436	fix_cross_after_trial	2849.1750982000003	1.0658609666661505	fixation cross	n/a	n/a	94	2849.1751291	3.0899999728717376e-05	n/a	n/a	n/a	n/a	n/a	n/a
5	n/a	n/a	fix_cross_iti	2849.1751291	0.0	trigger	n/a	n/a	94	n/a	n/a	n/a	n/a	n/a	n/a	n/a	n/a
5	9	437	image	2850.2572241999997	0.7515036666673041	image	fan	fan_10.png	4	2850.2573013	7.710000045335619e-05	n/a	n/a	n/a	n/a	1	n/a
5	n/a	n/a	image	2850.2573013	0.0	trigger	n/a	n/a	4	n/a	n/a	n/a	n/a	n/a	n/a	n/a	n/a
5	9	437	word	2851.0081257	0.930019866666953	word	fan_en	n/a	104	2851.0081695999997	4.389999958220869e-05	n/a	n/a	n/a	n/a	1	n/a
5	n/a	n/a	word	2851.0081695999997	0.0	trigger	n/a	n/a	104	n/a	n/a	n/a	n/a	n/a	n/a	n/a	n/a
5	9	437	possible_button_press	2852.5099041000003	0.0	response	n/a	n/a	n/a	n/a	n/a	n/a	n/a	m	m	1	1
5	9	437	fix_cross_after_trial	2852.5232764	1.1515914666670142	fixation cross	n/a	n/a	94	2852.5233086	3.219999962311704e-05	n/a	n/a	n/a	n/a	n/a	n/a
5	n/a	n/a	fix_cross_iti	2852.5233086	0.0	trigger	n/a	n/a	94	n/a	n/a	n/a	n/a	n/a	n/a	n/a	n/a
5	9	438	image	2853.745916	0.7610734666668577	image	suit	suit_03.png	1	2853.7460301	0.00011410000024625333	n/a	n/a	n/a	n/a	1	n/a
5	n/a	n/a	image	2853.7460301	0.0	trigger	n/a	n/a	1	n/a	n/a	n/a	n/a	n/a	n/a	n/a	n/a
5	9	438	word	2854.5061705	0.9307777666672337	word	suit_en	n/a	101	2854.5062116999998	4.1199999941454735e-05	n/a	n/a	n/a	n/a	1	n/a
5	n/a	n/a	word	2854.5062116999998	0.0	trigger	n/a	n/a	101	n/a	n/a	n/a	n/a	n/a	n/a	n/a	n/a
5	9	438	possible_button_press	2856.0089018	0.0	response	n/a	n/a	n/a	n/a	n/a	n/a	n/a	m	m	1	1
5	9	438	fix_cross_after_trial	2856.022516	1.1018945666664877	fixation cross	n/a	n/a	94	2856.0225543999995	3.839999953925144e-05	n/a	n/a	n/a	n/a	n/a	n/a
5	n/a	n/a	fix_cross_iti	2856.0225543999995	0.0	trigger	n/a	n/a	94	n/a	n/a	n/a	n/a	n/a	n/a	n/a	n/a
5	9	439	image	2857.1746301000003	0.7623620666663555	image	watch	watch_03.png	3	2857.1747173000003	8.720000005268957e-05	n/a	n/a	n/a	n/a	1	n/a
5	n/a	n/a	image	2857.1747173000003	0.0	trigger	n/a	n/a	3	n/a	n/a	n/a	n/a	n/a	n/a	n/a	n/a
5	9	439	word	2857.9367918999997	0.9495578666674191	word	watch_en	n/a	103	2857.9368297	3.780000042752363e-05	n/a	n/a	n/a	n/a	1	n/a
5	n/a	n/a	word	2857.9368297	0.0	trigger	n/a	n/a	103	n/a	n/a	n/a	n/a	n/a	n/a	n/a	n/a
5	9	439	possible_button_press	2859.4254627	0.0	response	n/a	n/a	n/a	n/a	n/a	n/a	n/a	m	m	1	1
5	9	439	fix_cross_after_trial	2859.4396028	1.181276666667145	fixation cross	n/a	n/a	94	2859.4396319999996	2.919999951700447e-05	n/a	n/a	n/a	n/a	n/a	n/a
5	n/a	n/a	fix_cross_iti	2859.4396319999996	0.0	trigger	n/a	n/a	94	n/a	n/a	n/a	n/a	n/a	n/a	n/a	n/a
5	9	440	image	2860.6741561	0.7640216666668493	image	bottle	bottle_09.png	2	2860.6742537	9.760000011738157e-05	n/a	n/a	n/a	n/a	1	n/a
5	n/a	n/a	image	2860.6742537	0.0	trigger	n/a	n/a	2	n/a	n/a	n/a	n/a	n/a	n/a	n/a	n/a
5	9	440	word	2861.4374727000004	0.9813852666666207	word	bottle_en	n/a	102	2861.4375084000003	3.569999989849748e-05	n/a	n/a	n/a	n/a	1	n/a
5	n/a	n/a	word	2861.4375084000003	0.0	trigger	n/a	n/a	102	n/a	n/a	n/a	n/a	n/a	n/a	n/a	n/a
5	9	440	possible_button_press	2862.9394106	0.0	response	n/a	n/a	n/a	n/a	n/a	n/a	n/a	m	m	1	1
5	9	440	fix_cross_after_trial	2862.9538964000003	0.8498571666668795	fixation cross	n/a	n/a	94	2862.9539256	2.919999951700447e-05	n/a	n/a	n/a	n/a	n/a	n/a
5	n/a	n/a	fix_cross_iti	2862.9539256	0.0	trigger	n/a	n/a	94	n/a	n/a	n/a	n/a	n/a	n/a	n/a	n/a
5	9	441	image	2863.8568004999997	0.7617026666666789	image	ball	ball_07.png	8	2863.8568839	8.340000022144523e-05	n/a	n/a	n/a	n/a	1	n/a
5	n/a	n/a	image	2863.8568839	0.0	trigger	n/a	n/a	8	n/a	n/a	n/a	n/a	n/a	n/a	n/a	n/a
5	9	441	word	2864.6186851	0.9490352666662147	word	ball_en	n/a	108	2864.6187223999996	3.729999934876105e-05	n/a	n/a	n/a	n/a	1	n/a
5	n/a	n/a	word	2864.6187223999996	0.0	trigger	n/a	n/a	108	n/a	n/a	n/a	n/a	n/a	n/a	n/a	n/a
5	9	441	possible_button_press	2866.1191091	0.0	response	n/a	n/a	n/a	n/a	n/a	n/a	n/a	m	m	1	1
5	9	441	fix_cross_after_trial	2866.1342746	1.182915266666896	fixation cross	n/a	n/a	94	2866.1343027000003	2.8100000236008782e-05	n/a	n/a	n/a	n/a	n/a	n/a
5	n/a	n/a	fix_cross_iti	2866.1343027000003	0.0	trigger	n/a	n/a	94	n/a	n/a	n/a	n/a	n/a	n/a	n/a	n/a
5	9	442	image	2867.3356061000004	0.7643905666664068	image	bottle	bottle_08.png	2	2867.3356959000002	8.97999998414889e-05	n/a	n/a	n/a	n/a	1	n/a
5	n/a	n/a	image	2867.3356959000002	0.0	trigger	n/a	n/a	2	n/a	n/a	n/a	n/a	n/a	n/a	n/a	n/a
5	9	442	word	2868.1075515	0.9585895666668875	word	bottle_en	n/a	102	2868.1075868999997	3.5399999433138873e-05	n/a	n/a	n/a	n/a	1	n/a
5	n/a	n/a	word	2868.1075868999997	0.0	trigger	n/a	n/a	102	n/a	n/a	n/a	n/a	n/a	n/a	n/a	n/a
5	9	442	possible_button_press	2869.6014582	0.0	response	n/a	n/a	n/a	n/a	n/a	n/a	n/a	m	m	1	1
5	9	442	fix_cross_after_trial	2869.6159873999995	1.0999626666671247	fixation cross	n/a	n/a	94	2869.6160232	3.580000065994682e-05	n/a	n/a	n/a	n/a	n/a	n/a
5	n/a	n/a	fix_cross_iti	2869.6160232	0.0	trigger	n/a	n/a	94	n/a	n/a	n/a	n/a	n/a	n/a	n/a	n/a
5	9	443	image	2870.7531843999996	0.7622427666674412	image	watch	watch_06.png	3	2870.7532817	9.730000056151766e-05	n/a	n/a	n/a	n/a	1	n/a
5	n/a	n/a	image	2870.7532817	0.0	trigger	n/a	n/a	3	n/a	n/a	n/a	n/a	n/a	n/a	n/a	n/a
5	9	443	word	2871.5149518	0.9489173666670467	word	watch_en	n/a	103	2871.5149763	2.4500000108673703e-05	n/a	n/a	n/a	n/a	1	n/a
5	n/a	n/a	word	2871.5149763	0.0	trigger	n/a	n/a	103	n/a	n/a	n/a	n/a	n/a	n/a	n/a	n/a
5	9	443	possible_button_press	2873.0170348	0.0	response	n/a	n/a	n/a	n/a	n/a	n/a	n/a	m	m	1	1
5	9	443	fix_cross_after_trial	2873.0313926999997	0.9517642666669417	fixation cross	n/a	n/a	94	2873.0314172999997	2.4599999960628338e-05	n/a	n/a	n/a	n/a	n/a	n/a
5	n/a	n/a	fix_cross_iti	2873.0314172999997	0.0	trigger	n/a	n/a	94	n/a	n/a	n/a	n/a	n/a	n/a	n/a	n/a
5	9	444	image	2874.0012644	0.7504352666674095	image	bell	bell_01.png	5	2874.0013479	8.350000007339986e-05	n/a	n/a	n/a	n/a	1	n/a
5	n/a	n/a	image	2874.0013479	0.0	trigger	n/a	n/a	5	n/a	n/a	n/a	n/a	n/a	n/a	n/a	n/a
5	9	444	word	2874.7498298	0.9474782666666215	word	bell_en	n/a	105	2874.7498718999996	4.2099999518541154e-05	n/a	n/a	n/a	n/a	1	n/a
5	n/a	n/a	word	2874.7498718999996	0.0	trigger	n/a	n/a	105	n/a	n/a	n/a	n/a	n/a	n/a	n/a	n/a
5	9	444	possible_button_press	2876.2501021999997	0.0	response	n/a	n/a	n/a	n/a	n/a	n/a	n/a	m	m	1	1
5	9	444	fix_cross_after_trial	2876.2638580000003	0.7854012666666677	fixation cross	n/a	n/a	94	2876.2638816999997	2.3699999474047218e-05	n/a	n/a	n/a	n/a	n/a	n/a
5	n/a	n/a	fix_cross_iti	2876.2638816999997	0.0	trigger	n/a	n/a	94	n/a	n/a	n/a	n/a	n/a	n/a	n/a	n/a
5	9	445	image	2877.1042131000004	0.761845066666865	image	desk	desk_05.png	10	2877.1042958999997	8.279999929072801e-05	n/a	n/a	n/a	n/a	1	n/a
5	n/a	n/a	image	2877.1042958999997	0.0	trigger	n/a	n/a	10	n/a	n/a	n/a	n/a	n/a	n/a	n/a	n/a
5	9	445	word	2877.8653229	0.947940066666888	word	desk_en	n/a	110	2877.8653699999995	4.709999939223053e-05	n/a	n/a	n/a	n/a	1	n/a
5	n/a	n/a	word	2877.8653699999995	0.0	trigger	n/a	n/a	110	n/a	n/a	n/a	n/a	n/a	n/a	n/a	n/a
5	9	445	possible_button_press	2879.3663297000003	0.0	response	n/a	n/a	n/a	n/a	n/a	n/a	n/a	m	m	1	1
5	9	445	fix_cross_after_trial	2879.3813634999997	0.871534966667241	fixation cross	n/a	n/a	94	2879.3813904	2.6900000193563756e-05	n/a	n/a	n/a	n/a	n/a	n/a
5	n/a	n/a	fix_cross_iti	2879.3813904	0.0	trigger	n/a	n/a	94	n/a	n/a	n/a	n/a	n/a	n/a	n/a	n/a
5	9	446	image	2880.3342552000004	0.749053866666145	image	suit	suit_04.png	1	2880.3343455000004	9.030000001075678e-05	n/a	n/a	n/a	n/a	1	n/a
5	n/a	n/a	image	2880.3343455000004	0.0	trigger	n/a	n/a	1	n/a	n/a	n/a	n/a	n/a	n/a	n/a	n/a
5	9	446	word	2881.0812211	0.9320253666664939	word	suit_en	n/a	101	2881.0812579000003	3.680000008898787e-05	n/a	n/a	n/a	n/a	1	n/a
5	n/a	n/a	word	2881.0812579000003	0.0	trigger	n/a	n/a	101	n/a	n/a	n/a	n/a	n/a	n/a	n/a	n/a
5	9	446	possible_button_press	2882.585105	0.0	response	n/a	n/a	n/a	n/a	n/a	n/a	n/a	m	m	1	1
5	9	446	fix_cross_after_trial	2882.5975200000003	1.1821057666666093	fixation cross	n/a	n/a	94	2882.5975565999997	3.65999994755839e-05	n/a	n/a	n/a	n/a	n/a	n/a
5	n/a	n/a	fix_cross_iti	2882.5975565999997	0.0	trigger	n/a	n/a	94	n/a	n/a	n/a	n/a	n/a	n/a	n/a	n/a
5	9	447	image	2883.8331630000002	0.7644050666667681	image	ball	ball_01.png	8	2883.8333051	0.00014209999972081278	n/a	n/a	n/a	n/a	0	n/a
5	n/a	n/a	image	2883.8333051	0.0	trigger	n/a	n/a	8	n/a	n/a	n/a	n/a	n/a	n/a	n/a	n/a
5	9	447	word	2884.6279286999998	0.9357261666673367	word	watch_en	n/a	103	2884.6279659	3.7200000406301115e-05	n/a	n/a	n/a	n/a	0	n/a
5	n/a	n/a	word	2884.6279659	0.0	trigger	n/a	n/a	103	n/a	n/a	n/a	n/a	n/a	n/a	n/a	n/a
5	9	447	feedback	2886.1137619	0.0	trigger	n/a	n/a	96	n/a	n/a	n/a	n/a	n/a	n/a	n/a	n/a
5	9	447	possible_button_press	2886.2990598999995	0.0	response	n/a	n/a	n/a	n/a	n/a	n/a	n/a	m	r	0	0
5	9	447	fix_cross_after_trial	2886.3144093	1.13183406666667	fixation cross	n/a	n/a	94	2886.3144445999997	3.529999958118424e-05	n/a	n/a	n/a	n/a	n/a	n/a
5	n/a	n/a	fix_cross_iti	2886.3144445999997	0.0	trigger	n/a	n/a	94	n/a	n/a	n/a	n/a	n/a	n/a	n/a	n/a
5	9	448	image	2887.4988323999996	0.7642800666671974	image	suit	suit_01.png	1	2887.4989237	9.130000034929253e-05	n/a	n/a	n/a	n/a	1	n/a
5	n/a	n/a	image	2887.4989237	0.0	trigger	n/a	n/a	1	n/a	n/a	n/a	n/a	n/a	n/a	n/a	n/a
5	9	448	word	2888.2623762000003	0.916727866666406	word	suit_en	n/a	101	2888.2624181	4.189999981463188e-05	n/a	n/a	n/a	n/a	1	n/a
5	n/a	n/a	word	2888.2624181	0.0	trigger	n/a	n/a	101	n/a	n/a	n/a	n/a	n/a	n/a	n/a	n/a
5	9	448	possible_button_press	2889.7490510999996	0.0	response	n/a	n/a	n/a	n/a	n/a	n/a	n/a	m	m	1	1
5	9	448	fix_cross_after_trial	2889.7621428	1.1498562666665748	fixation cross	n/a	n/a	94	2889.7621743	3.149999974993989e-05	n/a	n/a	n/a	n/a	n/a	n/a
5	n/a	n/a	fix_cross_iti	2889.7621743	0.0	trigger	n/a	n/a	94	n/a	n/a	n/a	n/a	n/a	n/a	n/a	n/a
5	9	449	image	2890.9642513	0.7644706666669663	image	ball	ball_08.png	8	2890.9643481000003	9.680000039224979e-05	n/a	n/a	n/a	n/a	1	n/a
5	n/a	n/a	image	2890.9643481000003	0.0	trigger	n/a	n/a	8	n/a	n/a	n/a	n/a	n/a	n/a	n/a	n/a
5	9	449	word	2891.7281224999997	0.9473907666670129	word	ball_en	n/a	108	2891.7281663000003	4.380000063974876e-05	n/a	n/a	n/a	n/a	1	n/a
5	n/a	n/a	word	2891.7281663000003	0.0	trigger	n/a	n/a	108	n/a	n/a	n/a	n/a	n/a	n/a	n/a	n/a
5	9	449	possible_button_press	2893.2272231999996	0.0	response	n/a	n/a	n/a	n/a	n/a	n/a	n/a	m	m	1	1
5	9	449	fix_cross_after_trial	2893.2454261000003	1.2488385666665636	fixation cross	n/a	n/a	94	2893.2454580000003	3.190000006725313e-05	n/a	n/a	n/a	n/a	n/a	n/a
5	n/a	n/a	fix_cross_iti	2893.2454580000003	0.0	trigger	n/a	n/a	94	n/a	n/a	n/a	n/a	n/a	n/a	n/a	n/a
5	9	450	image	2894.5348041999996	0.7594907666671133	image	desk	desk_07.png	10	2894.5349533	0.00014910000027157366	n/a	n/a	n/a	n/a	1	n/a
5	n/a	n/a	image	2894.5349533	0.0	trigger	n/a	n/a	10	n/a	n/a	n/a	n/a	n/a	n/a	n/a	n/a
5	9	450	word	2895.2934619999996	0.9495285666671407	word	desk_en	n/a	110	2895.2935003000002	3.8300000596791506e-05	n/a	n/a	n/a	n/a	1	n/a
5	n/a	n/a	word	2895.2935003000002	0.0	trigger	n/a	n/a	110	n/a	n/a	n/a	n/a	n/a	n/a	n/a	n/a
5	9	450	possible_button_press	2896.7956191000003	0.0	response	n/a	n/a	n/a	n/a	n/a	n/a	n/a	m	m	1	1
5	9	450	fix_cross_after_trial	2896.8108149	1.1650294666669652	fixation cross	n/a	n/a	94	2896.81085	3.509999987727497e-05	n/a	n/a	n/a	n/a	n/a	n/a
5	n/a	n/a	fix_cross_iti	2896.81085	0.0	trigger	n/a	n/a	94	n/a	n/a	n/a	n/a	n/a	n/a	n/a	n/a
5	9	450	break_instruction	2897.9767798000003	15.009379966666529	break	n/a	n/a	81	2897.9768226999995	4.289999924367294e-05	n/a	n/a	n/a	n/a	n/a	n/a
5	n/a	n/a	break_start	2897.9768226999995	0.0	trigger	n/a	n/a	81	n/a	n/a	n/a	n/a	n/a	n/a	n/a	n/a
5	n/a	n/a	break_end	2914.3217366	0.0	trigger	n/a	n/a	82	n/a	n/a	n/a	n/a	n/a	n/a	n/a	n/a
5	10	451	image	2914.392076	0.7623497666663752	image	bell	bell_09.png	5	2914.3921629999995	8.69999994392856e-05	n/a	n/a	n/a	n/a	1	n/a
5	n/a	n/a	image	2914.3921629999995	0.0	trigger	n/a	n/a	5	n/a	n/a	n/a	n/a	n/a	n/a	n/a	n/a
5	10	451	word	2915.1537043	0.9477575666669509	word	bell_en	n/a	105	2915.1537457000004	4.140000055485871e-05	n/a	n/a	n/a	n/a	1	n/a
5	n/a	n/a	word	2915.1537457000004	0.0	trigger	n/a	n/a	105	n/a	n/a	n/a	n/a	n/a	n/a	n/a	n/a
5	10	451	possible_button_press	2916.6554430999995	0.0	response	n/a	n/a	n/a	n/a	n/a	n/a	n/a	m	m	1	1
5	10	451	fix_cross_after_trial	2916.6705936999997	1.0826908666667805	fixation cross	n/a	n/a	94	2916.6706242	3.0500000320898835e-05	n/a	n/a	n/a	n/a	n/a	n/a
5	n/a	n/a	fix_cross_iti	2916.6706242	0.0	trigger	n/a	n/a	94	n/a	n/a	n/a	n/a	n/a	n/a	n/a	n/a
5	10	452	image	2917.7887608	0.7622969666663266	image	desk	desk_03.png	10	2917.7888452999996	8.449999950244091e-05	n/a	n/a	n/a	n/a	0	n/a
5	n/a	n/a	image	2917.7888452999996	0.0	trigger	n/a	n/a	10	n/a	n/a	n/a	n/a	n/a	n/a	n/a	n/a
5	10	452	word	2918.5506871	0.9683940666673152	word	bottle_en	n/a	102	2918.5507242000003	3.710000055434648e-05	n/a	n/a	n/a	n/a	0	n/a
5	n/a	n/a	word	2918.5507242000003	0.0	trigger	n/a	n/a	102	n/a	n/a	n/a	n/a	n/a	n/a	n/a	n/a
5	10	452	feedback	2920.0517461	0.0	trigger	n/a	n/a	96	n/a	n/a	n/a	n/a	n/a	n/a	n/a	n/a
5	10	452	possible_button_press	2920.2387331	0.0	response	n/a	n/a	n/a	n/a	n/a	n/a	n/a	m	r	0	0
5	10	452	fix_cross_after_trial	2920.2522179999996	0.9976511666673105	fixation cross	n/a	n/a	94	2920.2522509	3.290000040578889e-05	n/a	n/a	n/a	n/a	n/a	n/a
5	n/a	n/a	fix_cross_iti	2920.2522509	0.0	trigger	n/a	n/a	94	n/a	n/a	n/a	n/a	n/a	n/a	n/a	n/a
5	10	453	image	2921.2867447999997	0.7627746666667008	image	fan	fan_01.png	4	2921.2868433000003	9.850000060396269e-05	n/a	n/a	n/a	n/a	1	n/a
5	n/a	n/a	image	2921.2868433000003	0.0	trigger	n/a	n/a	4	n/a	n/a	n/a	n/a	n/a	n/a	n/a	n/a
5	10	453	word	2922.0495293000004	0.9177606666662541	word	fan_en	n/a	104	2922.049561	3.169999945384916e-05	n/a	n/a	n/a	n/a	1	n/a
5	n/a	n/a	word	2922.049561	0.0	trigger	n/a	n/a	104	n/a	n/a	n/a	n/a	n/a	n/a	n/a	n/a
5	10	453	possible_button_press	2923.5510413	0.0	response	n/a	n/a	n/a	n/a	n/a	n/a	n/a	m	m	1	1
5	10	453	fix_cross_after_trial	2923.5656817999998	0.7997738666672376	fixation cross	n/a	n/a	94	2923.5657075	2.570000015111873e-05	n/a	n/a	n/a	n/a	n/a	n/a
5	n/a	n/a	fix_cross_iti	2923.5657075	0.0	trigger	n/a	n/a	94	n/a	n/a	n/a	n/a	n/a	n/a	n/a	n/a
5	10	454	image	2924.4041686	0.7632180666669228	image	watch	watch_07.png	3	2924.4042522	8.35999999253545e-05	n/a	n/a	n/a	n/a	1	n/a
5	n/a	n/a	image	2924.4042522	0.0	trigger	n/a	n/a	3	n/a	n/a	n/a	n/a	n/a	n/a	n/a	n/a
5	10	454	word	2925.1665788	0.9485211666669784	word	watch_en	n/a	103	2925.1666066999996	2.789999962260481e-05	n/a	n/a	n/a	n/a	1	n/a
5	n/a	n/a	word	2925.1666066999996	0.0	trigger	n/a	n/a	103	n/a	n/a	n/a	n/a	n/a	n/a	n/a	n/a
5	10	454	possible_button_press	2926.6681891	0.0	response	n/a	n/a	n/a	n/a	n/a	n/a	n/a	m	m	1	1
5	10	454	fix_cross_after_trial	2926.6835929	0.9167286666670407	fixation cross	n/a	n/a	94	2926.68362	2.7099999897473026e-05	n/a	n/a	n/a	n/a	n/a	n/a
5	n/a	n/a	fix_cross_iti	2926.68362	0.0	trigger	n/a	n/a	94	n/a	n/a	n/a	n/a	n/a	n/a	n/a	n/a
5	10	455	image	2927.6522495	0.7496615666668731	image	ball	ball_10.png	8	2927.6523366	8.710000020073494e-05	n/a	n/a	n/a	n/a	1	n/a
5	n/a	n/a	image	2927.6523366	0.0	trigger	n/a	n/a	8	n/a	n/a	n/a	n/a	n/a	n/a	n/a	n/a
5	10	455	word	2928.3999075	0.9630406666665294	word	ball_en	n/a	108	2928.3999439	3.639999977167463e-05	n/a	n/a	n/a	n/a	1	n/a
5	n/a	n/a	word	2928.3999439	0.0	trigger	n/a	n/a	108	n/a	n/a	n/a	n/a	n/a	n/a	n/a	n/a
5	10	455	possible_button_press	2929.9011302	0.0	response	n/a	n/a	n/a	n/a	n/a	n/a	n/a	m	m	1	1
5	10	455	fix_cross_after_trial	2929.9149654000003	0.9338969666669072	fixation cross	n/a	n/a	94	2929.9149905000004	2.5100000129896216e-05	n/a	n/a	n/a	n/a	n/a	n/a
5	n/a	n/a	fix_cross_iti	2929.9149905000004	0.0	trigger	n/a	n/a	94	n/a	n/a	n/a	n/a	n/a	n/a	n/a	n/a
5	10	456	image	2930.885905	0.7607027666663271	image	roll	roll_07.png	6	2930.8859859000004	8.090000028460054e-05	n/a	n/a	n/a	n/a	1	n/a
5	n/a	n/a	image	2930.8859859000004	0.0	trigger	n/a	n/a	6	n/a	n/a	n/a	n/a	n/a	n/a	n/a	n/a
5	10	456	word	2931.6469635000003	0.9487982666669268	word	roll_en	n/a	106	2931.6469985000003	3.500000002532033e-05	n/a	n/a	n/a	n/a	1	n/a
5	n/a	n/a	word	2931.6469985000003	0.0	trigger	n/a	n/a	106	n/a	n/a	n/a	n/a	n/a	n/a	n/a	n/a
5	10	456	possible_button_press	2933.1339185999996	0.0	response	n/a	n/a	n/a	n/a	n/a	n/a	n/a	m	m	1	1
5	10	456	fix_cross_after_trial	2933.1489126999995	0.8498725666677274	fixation cross	n/a	n/a	94	2933.1489395999997	2.6900000193563756e-05	n/a	n/a	n/a	n/a	n/a	n/a
5	n/a	n/a	fix_cross_iti	2933.1489395999997	0.0	trigger	n/a	n/a	94	n/a	n/a	n/a	n/a	n/a	n/a	n/a	n/a
5	10	457	image	2934.0536837	0.7597969666667268	image	bus	bus_07.png	7	2934.0537776	9.390000013809185e-05	n/a	n/a	n/a	n/a	1	n/a
5	n/a	n/a	image	2934.0537776	0.0	trigger	n/a	n/a	7	n/a	n/a	n/a	n/a	n/a	n/a	n/a	n/a
5	10	457	word	2934.8129612000002	0.9822936666669193	word	bus_en	n/a	107	2934.8129982	3.699999979289714e-05	n/a	n/a	n/a	n/a	1	n/a
5	n/a	n/a	word	2934.8129982	0.0	trigger	n/a	n/a	107	n/a	n/a	n/a	n/a	n/a	n/a	n/a	n/a
5	10	457	possible_button_press	2936.3008449	0.0	response	n/a	n/a	n/a	n/a	n/a	n/a	n/a	m	m	1	1
5	10	457	fix_cross_after_trial	2936.3141796	0.8003006666667716	fixation cross	n/a	n/a	94	2936.3142092999997	2.969999968627235e-05	n/a	n/a	n/a	n/a	n/a	n/a
5	n/a	n/a	fix_cross_iti	2936.3142092999997	0.0	trigger	n/a	n/a	94	n/a	n/a	n/a	n/a	n/a	n/a	n/a	n/a
5	10	458	image	2937.1499777	0.7658505666668134	image	saw	saw_03.png	9	2937.1500637999998	8.609999986219918e-05	n/a	n/a	n/a	n/a	1	n/a
5	n/a	n/a	image	2937.1500637999998	0.0	trigger	n/a	n/a	9	n/a	n/a	n/a	n/a	n/a	n/a	n/a	n/a
5	10	458	word	2937.9134753	0.9482898666674373	word	saw_en	n/a	109	2937.9135078	3.2500000088475645e-05	n/a	n/a	n/a	n/a	1	n/a
5	n/a	n/a	word	2937.9135078	0.0	trigger	n/a	n/a	109	n/a	n/a	n/a	n/a	n/a	n/a	n/a	n/a
5	10	458	possible_button_press	2939.4157333000003	0.0	response	n/a	n/a	n/a	n/a	n/a	n/a	n/a	m	m	1	1
5	10	458	fix_cross_after_trial	2939.4303357999997	0.9323710666667466	fixation cross	n/a	n/a	94	2939.4303626	2.680000034160912e-05	n/a	n/a	n/a	n/a	n/a	n/a
5	n/a	n/a	fix_cross_iti	2939.4303626	0.0	trigger	n/a	n/a	94	n/a	n/a	n/a	n/a	n/a	n/a	n/a	n/a
5	10	459	image	2940.3989038	0.7691014666670526	image	bus	bus_10.png	7	2940.3989740999996	7.029999960650457e-05	n/a	n/a	n/a	n/a	1	n/a
5	n/a	n/a	image	2940.3989740999996	0.0	trigger	n/a	n/a	7	n/a	n/a	n/a	n/a	n/a	n/a	n/a	n/a
5	10	459	word	2941.1772223	0.9691628666669203	word	bus_en	n/a	107	2941.1772665999997	4.4299999899521936e-05	n/a	n/a	n/a	n/a	1	n/a
5	n/a	n/a	word	2941.1772665999997	0.0	trigger	n/a	n/a	107	n/a	n/a	n/a	n/a	n/a	n/a	n/a	n/a
5	10	459	possible_button_press	2942.6627963	0.0	response	n/a	n/a	n/a	n/a	n/a	n/a	n/a	m	m	1	1
5	10	459	fix_cross_after_trial	2942.6766276	0.8359082666665927	fixation cross	n/a	n/a	94	2942.6766539	2.6300000172341242e-05	n/a	n/a	n/a	n/a	n/a	n/a
5	n/a	n/a	fix_cross_iti	2942.6766539	0.0	trigger	n/a	n/a	94	n/a	n/a	n/a	n/a	n/a	n/a	n/a	n/a
5	10	460	image	2943.5641855000003	0.76478596666675	image	bottle	bottle_10.png	2	2943.5642645	7.899999945948366e-05	n/a	n/a	n/a	n/a	1	n/a
5	n/a	n/a	image	2943.5642645	0.0	trigger	n/a	n/a	2	n/a	n/a	n/a	n/a	n/a	n/a	n/a	n/a
5	10	460	word	2944.3281177	0.9656517666671789	word	bottle_en	n/a	102	2944.3281558999997	3.819999983534217e-05	n/a	n/a	n/a	n/a	1	n/a
5	n/a	n/a	word	2944.3281558999997	0.0	trigger	n/a	n/a	102	n/a	n/a	n/a	n/a	n/a	n/a	n/a	n/a
5	10	460	possible_button_press	2945.8146766	0.0	response	n/a	n/a	n/a	n/a	n/a	n/a	n/a	m	m	1	1
5	10	460	fix_cross_after_trial	2945.8277877	1.183192066666379	fixation cross	n/a	n/a	94	2945.8278166	2.8899999961140566e-05	n/a	n/a	n/a	n/a	n/a	n/a
5	n/a	n/a	fix_cross_iti	2945.8278166	0.0	trigger	n/a	n/a	94	n/a	n/a	n/a	n/a	n/a	n/a	n/a	n/a
5	10	461	image	2947.0647218000004	0.7611620666666568	image	ball	ball_09.png	8	2947.0648345	0.00011269999959040433	n/a	n/a	n/a	n/a	1	n/a
5	n/a	n/a	image	2947.0648345	0.0	trigger	n/a	n/a	8	n/a	n/a	n/a	n/a	n/a	n/a	n/a	n/a
5	10	461	word	2947.8265135	0.9469144666663851	word	ball_en	n/a	108	2947.8265481	3.459999970800709e-05	n/a	n/a	n/a	n/a	1	n/a
5	n/a	n/a	word	2947.8265481	0.0	trigger	n/a	n/a	108	n/a	n/a	n/a	n/a	n/a	n/a	n/a	n/a
5	10	461	possible_button_press	2949.3131201999995	0.0	response	n/a	n/a	n/a	n/a	n/a	n/a	n/a	m	m	1	1
5	10	461	fix_cross_after_trial	2949.3266958000004	0.8329171666664479	fixation cross	n/a	n/a	94	2949.3267253000004	2.949999998236308e-05	n/a	n/a	n/a	n/a	n/a	n/a
5	n/a	n/a	fix_cross_iti	2949.3267253000004	0.0	trigger	n/a	n/a	94	n/a	n/a	n/a	n/a	n/a	n/a	n/a	n/a
5	10	462	image	2950.1948525	0.7638308666673765	image	roll	roll_04.png	6	2950.1949354999997	8.299999990413198e-05	n/a	n/a	n/a	n/a	1	n/a
5	n/a	n/a	image	2950.1949354999997	0.0	trigger	n/a	n/a	6	n/a	n/a	n/a	n/a	n/a	n/a	n/a	n/a
5	10	462	word	2950.9607350999995	0.945766066667602	word	roll_en	n/a	106	2950.9607733000003	3.820000074483687e-05	n/a	n/a	n/a	n/a	1	n/a
5	n/a	n/a	word	2950.9607733000003	0.0	trigger	n/a	n/a	106	n/a	n/a	n/a	n/a	n/a	n/a	n/a	n/a
5	10	462	possible_button_press	2952.4589733000003	0.0	response	n/a	n/a	n/a	n/a	n/a	n/a	n/a	m	m	1	1
5	10	462	fix_cross_after_trial	2952.4734927	0.8831078666671601	fixation cross	n/a	n/a	94	2952.4735109000003	1.8200000340584666e-05	n/a	n/a	n/a	n/a	n/a	n/a
5	n/a	n/a	fix_cross_iti	2952.4735109000003	0.0	trigger	n/a	n/a	94	n/a	n/a	n/a	n/a	n/a	n/a	n/a	n/a
5	10	463	image	2953.3963535000003	0.7693971666667494	image	suit	suit_09.png	1	2953.3964398	8.629999956610845e-05	n/a	n/a	n/a	n/a	1	n/a
5	n/a	n/a	image	2953.3964398	0.0	trigger	n/a	n/a	1	n/a	n/a	n/a	n/a	n/a	n/a	n/a	n/a
5	10	463	word	2954.1736744	0.9197607666665135	word	suit_en	n/a	101	2954.1737099	3.550000019458821e-05	n/a	n/a	n/a	n/a	1	n/a
5	n/a	n/a	word	2954.1737099	0.0	trigger	n/a	n/a	101	n/a	n/a	n/a	n/a	n/a	n/a	n/a	n/a
5	10	463	possible_button_press	2955.6558668999996	0.0	response	n/a	n/a	n/a	n/a	n/a	n/a	n/a	m	m	1	1
5	10	463	fix_cross_after_trial	2955.6729345000003	1.2490327666664598	fixation cross	n/a	n/a	94	2955.6729648	3.0299999707494862e-05	n/a	n/a	n/a	n/a	n/a	n/a
5	n/a	n/a	fix_cross_iti	2955.6729648	0.0	trigger	n/a	n/a	94	n/a	n/a	n/a	n/a	n/a	n/a	n/a	n/a
5	10	464	image	2957.0451592	0.7492804666671873	image	fan	fan_06.png	4	2957.0452569	9.76999999693362e-05	n/a	n/a	n/a	n/a	1	n/a
5	n/a	n/a	image	2957.0452569	0.0	trigger	n/a	n/a	4	n/a	n/a	n/a	n/a	n/a	n/a	n/a	n/a
5	10	464	word	2957.8083033000003	0.9144604666662417	word	fan_en	n/a	104	2957.8083545	5.1199999688833486e-05	n/a	n/a	n/a	n/a	1	n/a
5	n/a	n/a	word	2957.8083545	0.0	trigger	n/a	n/a	104	n/a	n/a	n/a	n/a	n/a	n/a	n/a	n/a
5	10	464	possible_button_press	2959.2905564000002	0.0	response	n/a	n/a	n/a	n/a	n/a	n/a	n/a	m	m	1	1
5	10	464	fix_cross_after_trial	2959.304397	0.9834416666672041	fixation cross	n/a	n/a	94	2959.304424	2.700000004551839e-05	n/a	n/a	n/a	n/a	n/a	n/a
5	n/a	n/a	fix_cross_iti	2959.304424	0.0	trigger	n/a	n/a	94	n/a	n/a	n/a	n/a	n/a	n/a	n/a	n/a
5	10	465	image	2960.3261438	0.7669511666672406	image	bottle	bottle_05.png	2	2960.3262213999997	7.759999971312936e-05	n/a	n/a	n/a	n/a	1	n/a
5	n/a	n/a	image	2960.3262213999997	0.0	trigger	n/a	n/a	2	n/a	n/a	n/a	n/a	n/a	n/a	n/a	n/a
5	10	465	word	2961.1048502000003	0.9641837666667925	word	bottle_en	n/a	102	2961.1048998999995	4.969999918102985e-05	n/a	n/a	n/a	n/a	1	n/a
5	n/a	n/a	word	2961.1048998999995	0.0	trigger	n/a	n/a	102	n/a	n/a	n/a	n/a	n/a	n/a	n/a	n/a
5	10	465	possible_button_press	2962.587925	0.0	response	n/a	n/a	n/a	n/a	n/a	n/a	n/a	m	m	1	1
5	10	465	fix_cross_after_trial	2962.6032211	1.2353981666665277	fixation cross	n/a	n/a	94	2962.6032526999998	3.1599999601894524e-05	n/a	n/a	n/a	n/a	n/a	n/a
5	n/a	n/a	fix_cross_iti	2962.6032526999998	0.0	trigger	n/a	n/a	94	n/a	n/a	n/a	n/a	n/a	n/a	n/a	n/a
5	10	466	image	2963.8901951999997	0.7652493666673763	image	bell	bell_05.png	5	2963.8902841999998	8.900000011635711e-05	n/a	n/a	n/a	n/a	1	n/a
5	n/a	n/a	image	2963.8902841999998	0.0	trigger	n/a	n/a	5	n/a	n/a	n/a	n/a	n/a	n/a	n/a	n/a
5	10	466	word	2964.6582430999997	0.9509188666670525	word	bell_en	n/a	105	2964.6582860999997	4.3000000005122274e-05	n/a	n/a	n/a	n/a	1	n/a
5	n/a	n/a	word	2964.6582860999997	0.0	trigger	n/a	n/a	105	n/a	n/a	n/a	n/a	n/a	n/a	n/a	n/a
5	10	466	possible_button_press	2966.1612029	0.0	response	n/a	n/a	n/a	n/a	n/a	n/a	n/a	m	m	1	1
5	10	466	fix_cross_after_trial	2966.1704938000003	1.1469124666664356	fixation cross	n/a	n/a	94	2966.1705491000002	5.529999998543644e-05	n/a	n/a	n/a	n/a	n/a	n/a
5	n/a	n/a	fix_cross_iti	2966.1705491000002	0.0	trigger	n/a	n/a	94	n/a	n/a	n/a	n/a	n/a	n/a	n/a	n/a
5	10	467	image	2967.3932869	0.7603433666672572	image	bus	bus_05.png	7	2967.393403	0.00011610000001383014	n/a	n/a	n/a	n/a	0	n/a
5	n/a	n/a	image	2967.393403	0.0	trigger	n/a	n/a	7	n/a	n/a	n/a	n/a	n/a	n/a	n/a	n/a
5	10	467	word	2968.1709585	0.9481356666665306	word	ball_en	n/a	108	2968.1710562999997	9.779999982129084e-05	n/a	n/a	n/a	n/a	0	n/a
5	n/a	n/a	word	2968.1710562999997	0.0	trigger	n/a	n/a	108	n/a	n/a	n/a	n/a	n/a	n/a	n/a	n/a
5	10	467	feedback	2969.6689542000004	0.0	trigger	n/a	n/a	96	n/a	n/a	n/a	n/a	n/a	n/a	n/a	n/a
5	10	467	possible_button_press	2969.8561105	0.0	response	n/a	n/a	n/a	n/a	n/a	n/a	n/a	m	r	0	0
5	10	467	fix_cross_after_trial	2969.8739431000004	1.2204920666663384	fixation cross	n/a	n/a	94	2969.8739808	3.769999966607429e-05	n/a	n/a	n/a	n/a	n/a	n/a
5	n/a	n/a	fix_cross_iti	2969.8739808	0.0	trigger	n/a	n/a	94	n/a	n/a	n/a	n/a	n/a	n/a	n/a	n/a
5	10	468	image	2971.1572728	0.7654027666667389	image	saw	saw_10.png	9	2971.1573809	0.0001081000000340282	n/a	n/a	n/a	n/a	1	n/a
5	n/a	n/a	image	2971.1573809	0.0	trigger	n/a	n/a	9	n/a	n/a	n/a	n/a	n/a	n/a	n/a	n/a
5	10	468	word	2971.9375028000004	0.9503557666666893	word	saw_en	n/a	109	2971.9376095999996	0.00010679999923013384	n/a	n/a	n/a	n/a	1	n/a
5	n/a	n/a	word	2971.9376095999996	0.0	trigger	n/a	n/a	109	n/a	n/a	n/a	n/a	n/a	n/a	n/a	n/a
5	10	468	possible_button_press	2973.4233467000004	0.0	response	n/a	n/a	n/a	n/a	n/a	n/a	n/a	m	m	1	1
5	10	468	fix_cross_after_trial	2973.4360153999996	1.045918266667286	fixation cross	n/a	n/a	94	2973.4360538	3.840000044874614e-05	n/a	n/a	n/a	n/a	n/a	n/a
5	n/a	n/a	fix_cross_iti	2973.4360538	0.0	trigger	n/a	n/a	94	n/a	n/a	n/a	n/a	n/a	n/a	n/a	n/a
5	10	469	image	2974.5459975000003	0.752244766666081	image	bottle	bottle_07.png	2	2974.5461991	0.0002015999998548068	n/a	n/a	n/a	n/a	1	n/a
5	n/a	n/a	image	2974.5461991	0.0	trigger	n/a	n/a	2	n/a	n/a	n/a	n/a	n/a	n/a	n/a	n/a
5	10	469	word	2975.2988514	0.9660748666665313	word	bottle_en	n/a	102	2975.2988797	2.8299999939918052e-05	n/a	n/a	n/a	n/a	1	n/a
5	n/a	n/a	word	2975.2988797	0.0	trigger	n/a	n/a	102	n/a	n/a	n/a	n/a	n/a	n/a	n/a	n/a
5	10	469	possible_button_press	2976.7884133	0.0	response	n/a	n/a	n/a	n/a	n/a	n/a	n/a	m	m	1	1
5	10	469	fix_cross_after_trial	2976.8018469999997	1.06466676666696	fixation cross	n/a	n/a	94	2976.8018822000004	3.5200000638724305e-05	n/a	n/a	n/a	n/a	n/a	n/a
5	n/a	n/a	fix_cross_iti	2976.8018822000004	0.0	trigger	n/a	n/a	94	n/a	n/a	n/a	n/a	n/a	n/a	n/a	n/a
5	10	470	image	2977.8859955	0.7633980666669231	image	saw	saw_02.png	9	2977.8860986	0.00010310000016033882	n/a	n/a	n/a	n/a	1	n/a
5	n/a	n/a	image	2977.8860986	0.0	trigger	n/a	n/a	9	n/a	n/a	n/a	n/a	n/a	n/a	n/a	n/a
5	10	470	word	2978.6512647	0.9469516666667914	word	saw_en	n/a	109	2978.6513058	4.11000000895001e-05	n/a	n/a	n/a	n/a	1	n/a
5	n/a	n/a	word	2978.6513058	0.0	trigger	n/a	n/a	109	n/a	n/a	n/a	n/a	n/a	n/a	n/a	n/a
5	10	470	possible_button_press	2980.1490215000003	0.0	response	n/a	n/a	n/a	n/a	n/a	n/a	n/a	m	m	1	1
5	10	470	fix_cross_after_trial	2980.1637658	0.7694819666667172	fixation cross	n/a	n/a	94	2980.1637921	2.6300000172341242e-05	n/a	n/a	n/a	n/a	n/a	n/a
5	n/a	n/a	fix_cross_iti	2980.1637921	0.0	trigger	n/a	n/a	94	n/a	n/a	n/a	n/a	n/a	n/a	n/a	n/a
5	10	471	image	2980.9883260999995	0.7596957666673916	image	bell	bell_06.png	5	2980.9884110000003	8.490000072924886e-05	n/a	n/a	n/a	n/a	1	n/a
5	n/a	n/a	image	2980.9884110000003	0.0	trigger	n/a	n/a	5	n/a	n/a	n/a	n/a	n/a	n/a	n/a	n/a
5	10	471	word	2981.7478969000003	0.9498267666667743	word	bell_en	n/a	105	2981.7479242	2.7299999601382297e-05	n/a	n/a	n/a	n/a	1	n/a
5	n/a	n/a	word	2981.7479242	0.0	trigger	n/a	n/a	105	n/a	n/a	n/a	n/a	n/a	n/a	n/a	n/a
5	10	471	possible_button_press	2983.2491876000004	0.0	response	n/a	n/a	n/a	n/a	n/a	n/a	n/a	m	m	1	1
5	10	471	fix_cross_after_trial	2983.2642611	0.8494885666668779	fixation cross	n/a	n/a	94	2983.2642874000003	2.6300000172341242e-05	n/a	n/a	n/a	n/a	n/a	n/a
5	n/a	n/a	fix_cross_iti	2983.2642874000003	0.0	trigger	n/a	n/a	94	n/a	n/a	n/a	n/a	n/a	n/a	n/a	n/a
5	10	472	image	2984.1686603999997	0.7621076666673616	image	suit	suit_02.png	1	2984.1687832	0.00012280000009923242	n/a	n/a	n/a	n/a	1	n/a
5	n/a	n/a	image	2984.1687832	0.0	trigger	n/a	n/a	1	n/a	n/a	n/a	n/a	n/a	n/a	n/a	n/a
5	10	472	word	2984.9306417	0.9299926666672036	word	suit_en	n/a	101	2984.9306823999996	4.069999977218686e-05	n/a	n/a	n/a	n/a	1	n/a
5	n/a	n/a	word	2984.9306823999996	0.0	trigger	n/a	n/a	101	n/a	n/a	n/a	n/a	n/a	n/a	n/a	n/a
5	10	472	possible_button_press	2986.4321874999996	0.0	response	n/a	n/a	n/a	n/a	n/a	n/a	n/a	m	m	1	1
5	10	472	fix_cross_after_trial	2986.4462929	0.9699315666666735	fixation cross	n/a	n/a	94	2986.4463164	2.3499999770137947e-05	n/a	n/a	n/a	n/a	n/a	n/a
5	n/a	n/a	fix_cross_iti	2986.4463164	0.0	trigger	n/a	n/a	94	n/a	n/a	n/a	n/a	n/a	n/a	n/a	n/a
5	10	473	image	2987.4669089999998	0.7610894666668173	image	watch	watch_09.png	3	2987.4669898	8.08000004326459e-05	n/a	n/a	n/a	n/a	1	n/a
5	n/a	n/a	image	2987.4669898	0.0	trigger	n/a	n/a	3	n/a	n/a	n/a	n/a	n/a	n/a	n/a	n/a
5	10	473	word	2988.2285914000004	0.9487273666663896	word	watch_en	n/a	103	2988.2286204	2.89999998130952e-05	n/a	n/a	n/a	n/a	1	n/a
5	n/a	n/a	word	2988.2286204	0.0	trigger	n/a	n/a	103	n/a	n/a	n/a	n/a	n/a	n/a	n/a	n/a
5	10	473	possible_button_press	2989.714172	0.0	response	n/a	n/a	n/a	n/a	n/a	n/a	n/a	m	m	1	1
5	10	473	fix_cross_after_trial	2989.7286052	1.1523907666669402	fixation cross	n/a	n/a	94	2989.7286327	2.750000021478627e-05	n/a	n/a	n/a	n/a	n/a	n/a
5	n/a	n/a	fix_cross_iti	2989.7286327	0.0	trigger	n/a	n/a	94	n/a	n/a	n/a	n/a	n/a	n/a	n/a	n/a
5	10	474	image	2990.8970269	0.76379096666642	image	fan	fan_05.png	4	2990.8971106	8.369999977730913e-05	n/a	n/a	n/a	n/a	1	n/a
5	n/a	n/a	image	2990.8971106	0.0	trigger	n/a	n/a	4	n/a	n/a	n/a	n/a	n/a	n/a	n/a	n/a
5	10	474	word	2991.6603767999995	0.9249367666670878	word	fan_en	n/a	104	2991.6604110999997	3.4300000152143184e-05	n/a	n/a	n/a	n/a	1	n/a
5	n/a	n/a	word	2991.6604110999997	0.0	trigger	n/a	n/a	104	n/a	n/a	n/a	n/a	n/a	n/a	n/a	n/a
5	10	474	possible_button_press	2993.1629303	0.0	response	n/a	n/a	n/a	n/a	n/a	n/a	n/a	m	m	1	1
5	10	474	fix_cross_after_trial	2993.1777321	1.1494029666664574	fixation cross	n/a	n/a	94	2993.1777584	2.6300000172341242e-05	n/a	n/a	n/a	n/a	n/a	n/a
5	n/a	n/a	fix_cross_iti	2993.1777584	0.0	trigger	n/a	n/a	94	n/a	n/a	n/a	n/a	n/a	n/a	n/a	n/a
5	10	475	image	2994.3832362000003	0.7609734666666554	image	desk	desk_10.png	10	2994.3833127999997	7.659999937459361e-05	n/a	n/a	n/a	n/a	1	n/a
5	n/a	n/a	image	2994.3833127999997	0.0	trigger	n/a	n/a	10	n/a	n/a	n/a	n/a	n/a	n/a	n/a	n/a
5	10	475	word	2995.1475847	0.9463032666662912	word	desk_en	n/a	110	2995.1476205999998	3.589999960240675e-05	n/a	n/a	n/a	n/a	1	n/a
5	n/a	n/a	word	2995.1476205999998	0.0	trigger	n/a	n/a	110	n/a	n/a	n/a	n/a	n/a	n/a	n/a	n/a
5	10	475	possible_button_press	2996.6333224	0.0	response	n/a	n/a	n/a	n/a	n/a	n/a	n/a	m	m	1	1
5	10	475	fix_cross_after_trial	2996.6478381999996	1.032093166667437	fixation cross	n/a	n/a	94	2996.6478716	3.3400000575056765e-05	n/a	n/a	n/a	n/a	n/a	n/a
5	n/a	n/a	fix_cross_iti	2996.6478716	0.0	trigger	n/a	n/a	94	n/a	n/a	n/a	n/a	n/a	n/a	n/a	n/a
5	10	476	image	2997.7551317999996	0.7543904666672461	image	bell	bell_07.png	5	2997.755287	0.00015520000033575343	n/a	n/a	n/a	n/a	1	n/a
5	n/a	n/a	image	2997.755287	0.0	trigger	n/a	n/a	5	n/a	n/a	n/a	n/a	n/a	n/a	n/a	n/a
5	10	476	word	2998.5115334	0.9507993666666152	word	bell_en	n/a	105	2998.5115721	3.870000000461005e-05	n/a	n/a	n/a	n/a	1	n/a
5	n/a	n/a	word	2998.5115721	0.0	trigger	n/a	n/a	105	n/a	n/a	n/a	n/a	n/a	n/a	n/a	n/a
5	10	476	possible_button_press	3000.0117597999997	0.0	response	n/a	n/a	n/a	n/a	n/a	n/a	n/a	m	m	1	1
5	10	476	fix_cross_after_trial	3000.0257900999995	0.7663985666677036	fixation cross	n/a	n/a	94	3000.0258221000004	3.200000082870247e-05	n/a	n/a	n/a	n/a	n/a	n/a
5	n/a	n/a	fix_cross_iti	3000.0258221000004	0.0	trigger	n/a	n/a	94	n/a	n/a	n/a	n/a	n/a	n/a	n/a	n/a
5	10	477	image	3000.829697	0.7667887666666502	image	roll	roll_08.png	6	3000.8297796999996	8.269999943877338e-05	n/a	n/a	n/a	n/a	1	n/a
5	n/a	n/a	image	3000.8297796999996	0.0	trigger	n/a	n/a	6	n/a	n/a	n/a	n/a	n/a	n/a	n/a	n/a
5	10	477	word	3001.5915562	0.9500854666666783	word	roll_en	n/a	106	3001.5915833999998	2.719999974942766e-05	n/a	n/a	n/a	n/a	1	n/a
5	n/a	n/a	word	3001.5915833999998	0.0	trigger	n/a	n/a	106	n/a	n/a	n/a	n/a	n/a	n/a	n/a	n/a
5	10	477	possible_button_press	3003.0937784999996	0.0	response	n/a	n/a	n/a	n/a	n/a	n/a	n/a	m	m	1	1
5	10	477	fix_cross_after_trial	3003.1079318	1.1002460666668412	fixation cross	n/a	n/a	94	3003.1079529	2.1099999685247894e-05	n/a	n/a	n/a	n/a	n/a	n/a
5	n/a	n/a	fix_cross_iti	3003.1079529	0.0	trigger	n/a	n/a	94	n/a	n/a	n/a	n/a	n/a	n/a	n/a	n/a
5	10	478	image	3004.2634319999997	0.7612942666673916	image	bottle	bottle_04.png	2	3004.2635148	8.280000020022271e-05	n/a	n/a	n/a	n/a	1	n/a
5	n/a	n/a	image	3004.2635148	0.0	trigger	n/a	n/a	2	n/a	n/a	n/a	n/a	n/a	n/a	n/a	n/a
5	10	478	word	3005.0244455	0.9817737666662651	word	bottle_en	n/a	102	3005.0244869	4.1399999645364005e-05	n/a	n/a	n/a	n/a	1	n/a
5	n/a	n/a	word	3005.0244869	0.0	trigger	n/a	n/a	102	n/a	n/a	n/a	n/a	n/a	n/a	n/a	n/a
5	10	478	possible_button_press	3006.5257482999996	0.0	response	n/a	n/a	n/a	n/a	n/a	n/a	n/a	m	m	1	1
5	10	478	fix_cross_after_trial	3006.5401617999996	0.9176058666671452	fixation cross	n/a	n/a	94	3006.5401957000004	3.390000074432464e-05	n/a	n/a	n/a	n/a	n/a	n/a
5	n/a	n/a	fix_cross_iti	3006.5401957000004	0.0	trigger	n/a	n/a	94	n/a	n/a	n/a	n/a	n/a	n/a	n/a	n/a
5	10	479	image	3007.5115207	0.7618312666672864	image	desk	desk_04.png	10	3007.5116065	8.580000030633528e-05	n/a	n/a	n/a	n/a	1	n/a
5	n/a	n/a	image	3007.5116065	0.0	trigger	n/a	n/a	10	n/a	n/a	n/a	n/a	n/a	n/a	n/a	n/a
5	10	479	word	3008.2731903000004	0.9493042666663314	word	desk_en	n/a	110	3008.2732380999996	4.779999926540768e-05	n/a	n/a	n/a	n/a	1	n/a
5	n/a	n/a	word	3008.2732380999996	0.0	trigger	n/a	n/a	110	n/a	n/a	n/a	n/a	n/a	n/a	n/a	n/a
5	10	479	possible_button_press	3009.7755969	0.0	response	n/a	n/a	n/a	n/a	n/a	n/a	n/a	m	m	1	1
5	10	479	fix_cross_after_trial	3009.7900588	1.0824428666664971	fixation cross	n/a	n/a	94	3009.7900947999997	3.5999999454361387e-05	n/a	n/a	n/a	n/a	n/a	n/a
5	n/a	n/a	fix_cross_iti	3009.7900947999997	0.0	trigger	n/a	n/a	94	n/a	n/a	n/a	n/a	n/a	n/a	n/a	n/a
5	10	480	image	3010.9287624	0.7602372666669908	image	suit	suit_05.png	1	3010.9288896	0.00012719999995169928	n/a	n/a	n/a	n/a	1	n/a
5	n/a	n/a	image	3010.9288896	0.0	trigger	n/a	n/a	1	n/a	n/a	n/a	n/a	n/a	n/a	n/a	n/a
5	10	480	word	3011.6886000000004	0.935412966666263	word	suit_en	n/a	101	3011.6886352	3.51999997292296e-05	n/a	n/a	n/a	n/a	1	n/a
5	n/a	n/a	word	3011.6886352	0.0	trigger	n/a	n/a	101	n/a	n/a	n/a	n/a	n/a	n/a	n/a	n/a
5	10	480	possible_button_press	3013.1784822	0.0	response	n/a	n/a	n/a	n/a	n/a	n/a	n/a	m	m	1	1
5	10	480	fix_cross_after_trial	3013.1912064	1.113524466666604	fixation cross	n/a	n/a	94	3013.1912420999997	3.569999989849748e-05	n/a	n/a	n/a	n/a	n/a	n/a
5	n/a	n/a	fix_cross_iti	3013.1912420999997	0.0	trigger	n/a	n/a	94	n/a	n/a	n/a	n/a	n/a	n/a	n/a	n/a
5	10	481	image	3014.4970585	0.757368266667072	image	fan	fan_03.png	4	3014.4971597000003	0.00010120000024471665	n/a	n/a	n/a	n/a	1	n/a
5	n/a	n/a	image	3014.4971597000003	0.0	trigger	n/a	n/a	4	n/a	n/a	n/a	n/a	n/a	n/a	n/a	n/a
5	10	481	word	3015.2546780000002	0.9324526666669044	word	fan_en	n/a	104	3015.2547192	4.1199999941454735e-05	n/a	n/a	n/a	n/a	1	n/a
5	n/a	n/a	word	3015.2547192	0.0	trigger	n/a	n/a	104	n/a	n/a	n/a	n/a	n/a	n/a	n/a	n/a
5	10	481	possible_button_press	3016.7557567000003	0.0	response	n/a	n/a	n/a	n/a	n/a	n/a	n/a	m	m	1	1
5	10	481	fix_cross_after_trial	3016.7702274000003	0.8999782666669489	fixation cross	n/a	n/a	94	3016.7702548999996	2.7499999305291567e-05	n/a	n/a	n/a	n/a	n/a	n/a
5	n/a	n/a	fix_cross_iti	3016.7702548999996	0.0	trigger	n/a	n/a	94	n/a	n/a	n/a	n/a	n/a	n/a	n/a	n/a
5	10	482	image	3017.7278004	0.7617524666666213	image	ball	ball_04.png	8	3017.7278871	8.66999998834217e-05	n/a	n/a	n/a	n/a	1	n/a
5	n/a	n/a	image	3017.7278871	0.0	trigger	n/a	n/a	8	n/a	n/a	n/a	n/a	n/a	n/a	n/a	n/a
5	10	482	word	3018.4864903	0.9501827666672398	word	ball_en	n/a	108	3018.4865326	4.2300000131945126e-05	n/a	n/a	n/a	n/a	1	n/a
5	n/a	n/a	word	3018.4865326	0.0	trigger	n/a	n/a	108	n/a	n/a	n/a	n/a	n/a	n/a	n/a	n/a
5	10	482	possible_button_press	3019.9897878	0.0	response	n/a	n/a	n/a	n/a	n/a	n/a	n/a	m	m	1	1
5	10	482	fix_cross_after_trial	3020.0048473999996	1.2491048666670395	fixation cross	n/a	n/a	94	3020.0048949	4.7500000619038474e-05	n/a	n/a	n/a	n/a	n/a	n/a
5	n/a	n/a	fix_cross_iti	3020.0048949	0.0	trigger	n/a	n/a	94	n/a	n/a	n/a	n/a	n/a	n/a	n/a	n/a
5	10	483	image	3021.3062794999996	0.7695192666669755	image	suit	suit_07.png	1	3021.3064004	0.00012090000018361025	n/a	n/a	n/a	n/a	1	n/a
5	n/a	n/a	image	3021.3064004	0.0	trigger	n/a	n/a	1	n/a	n/a	n/a	n/a	n/a	n/a	n/a	n/a
5	10	483	word	3022.0860322999997	0.9150639666668212	word	suit_en	n/a	101	3022.0860821999995	4.9899999794433825e-05	n/a	n/a	n/a	n/a	1	n/a
5	n/a	n/a	word	3022.0860821999995	0.0	trigger	n/a	n/a	101	n/a	n/a	n/a	n/a	n/a	n/a	n/a	n/a
5	10	483	possible_button_press	3023.5714455999996	0.0	response	n/a	n/a	n/a	n/a	n/a	n/a	n/a	m	m	1	1
5	10	483	fix_cross_after_trial	3023.5853846	0.8205343666668341	fixation cross	n/a	n/a	94	3023.5854136999997	2.9099999665049836e-05	n/a	n/a	n/a	n/a	n/a	n/a
5	n/a	n/a	fix_cross_iti	3023.5854136999997	0.0	trigger	n/a	n/a	94	n/a	n/a	n/a	n/a	n/a	n/a	n/a	n/a
5	10	484	image	3024.4208221999997	0.7703886666668041	image	saw	saw_06.png	9	3024.4209293000004	0.00010710000060498714	n/a	n/a	n/a	n/a	1	n/a
5	n/a	n/a	image	3024.4209293000004	0.0	trigger	n/a	n/a	9	n/a	n/a	n/a	n/a	n/a	n/a	n/a	n/a
5	10	484	word	3025.2015496000004	0.9342152666667971	word	saw_en	n/a	109	3025.2016044	5.4799999816168565e-05	n/a	n/a	n/a	n/a	1	n/a
5	n/a	n/a	word	3025.2016044	0.0	trigger	n/a	n/a	109	n/a	n/a	n/a	n/a	n/a	n/a	n/a	n/a
5	10	484	possible_button_press	3026.6778613999995	0.0	response	n/a	n/a	n/a	n/a	n/a	n/a	n/a	m	m	1	1
5	10	484	fix_cross_after_trial	3026.6867875999997	1.1499756666671601	fixation cross	n/a	n/a	94	3026.6868353	4.7700000322947744e-05	n/a	n/a	n/a	n/a	n/a	n/a
5	n/a	n/a	fix_cross_iti	3026.6868353	0.0	trigger	n/a	n/a	94	n/a	n/a	n/a	n/a	n/a	n/a	n/a	n/a
5	10	485	image	3027.8929339999995	0.7569876666675555	image	desk	desk_09.png	10	3027.8930465000003	0.00011250000079598976	n/a	n/a	n/a	n/a	1	n/a
5	n/a	n/a	image	3027.8930465000003	0.0	trigger	n/a	n/a	10	n/a	n/a	n/a	n/a	n/a	n/a	n/a	n/a
5	10	485	word	3028.6552564000003	0.9454647666661913	word	desk_en	n/a	110	3028.6552977	4.129999979340937e-05	n/a	n/a	n/a	n/a	1	n/a
5	n/a	n/a	word	3028.6552977	0.0	trigger	n/a	n/a	110	n/a	n/a	n/a	n/a	n/a	n/a	n/a	n/a
5	10	485	possible_button_press	3030.1569240999997	0.0	response	n/a	n/a	n/a	n/a	n/a	n/a	n/a	m	m	1	1
5	10	485	fix_cross_after_trial	3030.1671561000003	1.019083466666416	fixation cross	n/a	n/a	94	3030.1671850000002	2.8899999961140566e-05	n/a	n/a	n/a	n/a	n/a	n/a
5	n/a	n/a	fix_cross_iti	3030.1671850000002	0.0	trigger	n/a	n/a	94	n/a	n/a	n/a	n/a	n/a	n/a	n/a	n/a
5	10	486	image	3031.2366056	0.7624496666667255	image	ball	ball_03.png	8	3031.2367007000003	9.510000018053688e-05	n/a	n/a	n/a	n/a	1	n/a
5	n/a	n/a	image	3031.2367007000003	0.0	trigger	n/a	n/a	8	n/a	n/a	n/a	n/a	n/a	n/a	n/a	n/a
5	10	486	word	3031.9988863	0.9495810666667239	word	ball_en	n/a	108	3031.9989195	3.319999996165279e-05	n/a	n/a	n/a	n/a	1	n/a
5	n/a	n/a	word	3031.9989195	0.0	trigger	n/a	n/a	108	n/a	n/a	n/a	n/a	n/a	n/a	n/a	n/a
5	10	486	possible_button_press	3033.5002229	0.0	response	n/a	n/a	n/a	n/a	n/a	n/a	n/a	m	m	1	1
5	10	486	fix_cross_after_trial	3033.5148969	0.9999933666667857	fixation cross	n/a	n/a	94	3033.5149184	2.1500000002561137e-05	n/a	n/a	n/a	n/a	n/a	n/a
5	n/a	n/a	fix_cross_iti	3033.5149184	0.0	trigger	n/a	n/a	94	n/a	n/a	n/a	n/a	n/a	n/a	n/a	n/a
5	10	487	image	3034.5680046999996	0.7631478666671683	image	bus	bus_08.png	7	3034.5680827999995	7.809999988239724e-05	n/a	n/a	n/a	n/a	1	n/a
5	n/a	n/a	image	3034.5680827999995	0.0	trigger	n/a	n/a	7	n/a	n/a	n/a	n/a	n/a	n/a	n/a	n/a
5	10	487	word	3035.3310966	0.9671583666668084	word	bus_en	n/a	107	3035.3311283000003	3.170000036334386e-05	n/a	n/a	n/a	n/a	1	n/a
5	n/a	n/a	word	3035.3311283000003	0.0	trigger	n/a	n/a	107	n/a	n/a	n/a	n/a	n/a	n/a	n/a	n/a
5	10	487	possible_button_press	3036.8329353999998	0.0	response	n/a	n/a	n/a	n/a	n/a	n/a	n/a	m	m	1	1
5	10	487	fix_cross_after_trial	3036.8470709000003	1.1834063666665315	fixation cross	n/a	n/a	94	3036.8470926	2.1699999706470408e-05	n/a	n/a	n/a	n/a	n/a	n/a
5	n/a	n/a	fix_cross_iti	3036.8470926	0.0	trigger	n/a	n/a	94	n/a	n/a	n/a	n/a	n/a	n/a	n/a	n/a
5	10	488	image	3038.0667449000002	0.7635079666670208	image	roll	roll_05.png	6	3038.0668127	6.779999966965988e-05	n/a	n/a	n/a	n/a	0	n/a
5	n/a	n/a	image	3038.0668127	0.0	trigger	n/a	n/a	6	n/a	n/a	n/a	n/a	n/a	n/a	n/a	n/a
5	10	488	word	3038.829979	0.9495904666664501	word	bell_en	n/a	105	3038.8300092	3.0199999855540227e-05	n/a	n/a	n/a	n/a	0	n/a
5	n/a	n/a	word	3038.8300092	0.0	trigger	n/a	n/a	105	n/a	n/a	n/a	n/a	n/a	n/a	n/a	n/a
5	10	488	feedback	3040.3461300999998	0.0	trigger	n/a	n/a	96	n/a	n/a	n/a	n/a	n/a	n/a	n/a	n/a
5	10	488	possible_button_press	3040.5322935000004	0.0	response	n/a	n/a	n/a	n/a	n/a	n/a	n/a	m	r	0	0
5	10	488	fix_cross_after_trial	3040.5461011999996	1.0333328666674788	fixation cross	n/a	n/a	94	3040.5461206	1.9400000383029692e-05	n/a	n/a	n/a	n/a	n/a	n/a
5	n/a	n/a	fix_cross_iti	3040.5461206	0.0	trigger	n/a	n/a	94	n/a	n/a	n/a	n/a	n/a	n/a	n/a	n/a
5	10	489	image	3041.617558	0.7618645666671	image	watch	watch_02.png	3	3041.6176279	6.990000019868603e-05	n/a	n/a	n/a	n/a	1	n/a
5	n/a	n/a	image	3041.6176279	0.0	trigger	n/a	n/a	3	n/a	n/a	n/a	n/a	n/a	n/a	n/a	n/a
5	10	489	word	3042.3949771999996	0.9496337666669206	word	watch_en	n/a	103	3042.3950052	2.8000000384054147e-05	n/a	n/a	n/a	n/a	1	n/a
5	n/a	n/a	word	3042.3950052	0.0	trigger	n/a	n/a	103	n/a	n/a	n/a	n/a	n/a	n/a	n/a	n/a
5	10	489	possible_button_press	3043.8804527	0.0	response	n/a	n/a	n/a	n/a	n/a	n/a	n/a	m	m	1	1
5	10	489	fix_cross_after_trial	3043.8948069	0.7499863666671445	fixation cross	n/a	n/a	94	3043.8948205999995	1.3699999726668466e-05	n/a	n/a	n/a	n/a	n/a	n/a
5	n/a	n/a	fix_cross_iti	3043.8948205999995	0.0	trigger	n/a	n/a	94	n/a	n/a	n/a	n/a	n/a	n/a	n/a	n/a
5	10	490	image	3044.6817049	0.7634972666664908	image	saw	saw_04.png	9	3044.6817727	6.779999966965988e-05	n/a	n/a	n/a	n/a	0	n/a
5	n/a	n/a	image	3044.6817727	0.0	trigger	n/a	n/a	9	n/a	n/a	n/a	n/a	n/a	n/a	n/a	n/a
5	10	490	word	3045.4446472	0.9662343666668676	word	bus_en	n/a	107	3045.4446732999995	2.609999955893727e-05	n/a	n/a	n/a	n/a	0	n/a
5	n/a	n/a	word	3045.4446732999995	0.0	trigger	n/a	n/a	107	n/a	n/a	n/a	n/a	n/a	n/a	n/a	n/a
5	10	490	feedback	3046.9607656999997	0.0	trigger	n/a	n/a	96	n/a	n/a	n/a	n/a	n/a	n/a	n/a	n/a
5	10	490	possible_button_press	3047.1623308	0.0	response	n/a	n/a	n/a	n/a	n/a	n/a	n/a	m	r	0	0
5	10	490	fix_cross_after_trial	3047.1793900000002	1.180754366666406	fixation cross	n/a	n/a	94	3047.1794159	2.5899999855028e-05	n/a	n/a	n/a	n/a	n/a	n/a
5	n/a	n/a	fix_cross_iti	3047.1794159	0.0	trigger	n/a	n/a	94	n/a	n/a	n/a	n/a	n/a	n/a	n/a	n/a
5	10	491	image	3048.4137140000003	0.763216666666267	image	bell	bell_03.png	5	3048.4137677	5.3699999625678174e-05	n/a	n/a	n/a	n/a	1	n/a
5	n/a	n/a	image	3048.4137677	0.0	trigger	n/a	n/a	5	n/a	n/a	n/a	n/a	n/a	n/a	n/a	n/a
5	10	491	word	3049.1769243	0.949270466667258	word	bell_en	n/a	105	3049.1769606999997	3.639999977167463e-05	n/a	n/a	n/a	n/a	1	n/a
5	n/a	n/a	word	3049.1769606999997	0.0	trigger	n/a	n/a	105	n/a	n/a	n/a	n/a	n/a	n/a	n/a	n/a
5	10	491	possible_button_press	3050.6782918	0.0	response	n/a	n/a	n/a	n/a	n/a	n/a	n/a	m	m	1	1
5	10	491	fix_cross_after_trial	3050.6931247	0.9329190666667273	fixation cross	n/a	n/a	94	3050.6931511000003	2.6400000024295878e-05	n/a	n/a	n/a	n/a	n/a	n/a
5	n/a	n/a	fix_cross_iti	3050.6931511000003	0.0	trigger	n/a	n/a	94	n/a	n/a	n/a	n/a	n/a	n/a	n/a	n/a
5	10	492	image	3051.6794811	0.7631399666670404	image	roll	roll_10.png	6	3051.6795602	7.9100000220933e-05	n/a	n/a	n/a	n/a	1	n/a
5	n/a	n/a	image	3051.6795602	0.0	trigger	n/a	n/a	6	n/a	n/a	n/a	n/a	n/a	n/a	n/a	n/a
5	10	492	word	3052.442529	0.9495643666668911	word	roll_en	n/a	106	3052.4425617999996	3.279999964433955e-05	n/a	n/a	n/a	n/a	1	n/a
5	n/a	n/a	word	3052.4425617999996	0.0	trigger	n/a	n/a	106	n/a	n/a	n/a	n/a	n/a	n/a	n/a	n/a
5	10	492	possible_button_press	3053.9440321	0.0	response	n/a	n/a	n/a	n/a	n/a	n/a	n/a	m	m	1	1
5	10	492	fix_cross_after_trial	3053.9584881	0.871740466666779	fixation cross	n/a	n/a	94	3053.9585098999996	2.1799999558425043e-05	n/a	n/a	n/a	n/a	n/a	n/a
5	n/a	n/a	fix_cross_iti	3053.9585098999996	0.0	trigger	n/a	n/a	94	n/a	n/a	n/a	n/a	n/a	n/a	n/a	n/a
5	10	493	image	3054.8783996	0.7661661666670625	image	suit	suit_08.png	1	3054.8784668999997	6.7299999500392e-05	n/a	n/a	n/a	n/a	1	n/a
5	n/a	n/a	image	3054.8784668999997	0.0	trigger	n/a	n/a	1	n/a	n/a	n/a	n/a	n/a	n/a	n/a	n/a
5	10	493	word	3055.6416025999997	0.932774766667535	word	suit_en	n/a	101	3055.6416342	3.1600000511389226e-05	n/a	n/a	n/a	n/a	1	n/a
5	n/a	n/a	word	3055.6416342	0.0	trigger	n/a	n/a	101	n/a	n/a	n/a	n/a	n/a	n/a	n/a	n/a
5	10	493	possible_button_press	3057.1305819	0.0	response	n/a	n/a	n/a	n/a	n/a	n/a	n/a	m	m	1	1
5	10	493	fix_cross_after_trial	3057.1413334999997	0.7705800666672076	fixation cross	n/a	n/a	94	3057.1413659	3.240000023652101e-05	n/a	n/a	n/a	n/a	n/a	n/a
5	n/a	n/a	fix_cross_iti	3057.1413659	0.0	trigger	n/a	n/a	94	n/a	n/a	n/a	n/a	n/a	n/a	n/a	n/a
5	10	494	image	3057.9625714000003	0.7674007666664693	image	watch	watch_01.png	3	3057.9626632	9.179999960906571e-05	n/a	n/a	n/a	n/a	1	n/a
5	n/a	n/a	image	3057.9626632	0.0	trigger	n/a	n/a	3	n/a	n/a	n/a	n/a	n/a	n/a	n/a	n/a
5	10	494	word	3058.7571758000004	0.9497056666668868	word	watch_en	n/a	103	3058.7572228999998	4.709999939223053e-05	n/a	n/a	n/a	n/a	1	n/a
5	n/a	n/a	word	3058.7572228999998	0.0	trigger	n/a	n/a	103	n/a	n/a	n/a	n/a	n/a	n/a	n/a	n/a
5	10	494	possible_button_press	3060.2255656999996	0.0	response	n/a	n/a	n/a	n/a	n/a	n/a	n/a	m	m	1	1
5	10	494	fix_cross_after_trial	3060.2401062999998	0.8834579666672653	fixation cross	n/a	n/a	94	3060.2401333	2.700000004551839e-05	n/a	n/a	n/a	n/a	n/a	n/a
5	n/a	n/a	fix_cross_iti	3060.2401333	0.0	trigger	n/a	n/a	94	n/a	n/a	n/a	n/a	n/a	n/a	n/a	n/a
5	10	495	image	3061.1429286000002	0.7633273666669993	image	ball	ball_06.png	8	3061.1430042	7.559999994555255e-05	n/a	n/a	n/a	n/a	0	n/a
5	n/a	n/a	image	3061.1430042	0.0	trigger	n/a	n/a	8	n/a	n/a	n/a	n/a	n/a	n/a	n/a	n/a
5	10	495	word	3061.9061947	0.9491332666666494	word	bell_en	n/a	105	3061.9062253	3.060000017285347e-05	n/a	n/a	n/a	n/a	0	n/a
5	n/a	n/a	word	3061.9062253	0.0	trigger	n/a	n/a	105	n/a	n/a	n/a	n/a	n/a	n/a	n/a	n/a
5	10	495	feedback	3063.4063082000002	0.0	trigger	n/a	n/a	96	n/a	n/a	n/a	n/a	n/a	n/a	n/a	n/a
5	10	495	possible_button_press	3063.6126725000004	0.0	response	n/a	n/a	n/a	n/a	n/a	n/a	n/a	m	r	0	0
5	10	495	fix_cross_after_trial	3063.6226026000004	1.1663672666663842	fixation cross	n/a	n/a	94	3063.6226366	3.399999968678458e-05	n/a	n/a	n/a	n/a	n/a	n/a
5	n/a	n/a	fix_cross_iti	3063.6226366	0.0	trigger	n/a	n/a	94	n/a	n/a	n/a	n/a	n/a	n/a	n/a	n/a
5	10	496	image	3064.8054747999995	0.7498988666675359	image	bottle	bottle_01.png	2	3064.8055633000004	8.850000085658394e-05	n/a	n/a	n/a	n/a	1	n/a
5	n/a	n/a	image	3064.8055633000004	0.0	trigger	n/a	n/a	2	n/a	n/a	n/a	n/a	n/a	n/a	n/a	n/a
5	10	496	word	3065.5553309999996	0.9662120666671399	word	bottle_en	n/a	102	3065.5553671	3.6100000215810724e-05	n/a	n/a	n/a	n/a	1	n/a
5	n/a	n/a	word	3065.5553671	0.0	trigger	n/a	n/a	102	n/a	n/a	n/a	n/a	n/a	n/a	n/a	n/a
5	10	496	possible_button_press	3067.0412784	0.0	response	n/a	n/a	n/a	n/a	n/a	n/a	n/a	m	m	1	1
5	10	496	fix_cross_after_trial	3067.0548793	1.132957666666698	fixation cross	n/a	n/a	94	3067.0549180999997	3.879999985656468e-05	n/a	n/a	n/a	n/a	n/a	n/a
5	n/a	n/a	fix_cross_iti	3067.0549180999997	0.0	trigger	n/a	n/a	94	n/a	n/a	n/a	n/a	n/a	n/a	n/a	n/a
5	10	497	image	3068.2264582999996	0.7612746666673047	image	desk	desk_08.png	10	3068.2265515	9.32000002649147e-05	n/a	n/a	n/a	n/a	1	n/a
5	n/a	n/a	image	3068.2265515	0.0	trigger	n/a	n/a	10	n/a	n/a	n/a	n/a	n/a	n/a	n/a	n/a
5	10	497	word	3068.987615	0.9504426666671861	word	desk_en	n/a	110	3068.9876587	4.369999987829942e-05	n/a	n/a	n/a	n/a	1	n/a
5	n/a	n/a	word	3068.9876587	0.0	trigger	n/a	n/a	110	n/a	n/a	n/a	n/a	n/a	n/a	n/a	n/a
5	10	497	possible_button_press	3070.4891325	0.0	response	n/a	n/a	n/a	n/a	n/a	n/a	n/a	m	m	1	1
5	10	497	fix_cross_after_trial	3070.5037344	1.1827253666670003	fixation cross	n/a	n/a	94	3070.5037763	4.189999981463188e-05	n/a	n/a	n/a	n/a	n/a	n/a
5	n/a	n/a	fix_cross_iti	3070.5037763	0.0	trigger	n/a	n/a	94	n/a	n/a	n/a	n/a	n/a	n/a	n/a	n/a
5	10	498	image	3071.7047457	0.7648849666666138	image	fan	fan_09.png	4	3071.7048182999997	7.259999983943999e-05	n/a	n/a	n/a	n/a	1	n/a
5	n/a	n/a	image	3071.7048182999997	0.0	trigger	n/a	n/a	4	n/a	n/a	n/a	n/a	n/a	n/a	n/a	n/a
5	10	498	word	3072.4696519	0.9162550666669631	word	fan_en	n/a	104	3072.4696875	3.5600000046542846e-05	n/a	n/a	n/a	n/a	1	n/a
5	n/a	n/a	word	3072.4696875	0.0	trigger	n/a	n/a	104	n/a	n/a	n/a	n/a	n/a	n/a	n/a	n/a
5	10	498	possible_button_press	3073.9563494000004	0.0	response	n/a	n/a	n/a	n/a	n/a	n/a	n/a	m	m	1	1
5	10	498	fix_cross_after_trial	3073.9692885000004	1.0328619666661325	fixation cross	n/a	n/a	94	3073.9693366	4.8099999730766285e-05	n/a	n/a	n/a	n/a	n/a	n/a
5	n/a	n/a	fix_cross_iti	3073.9693366	0.0	trigger	n/a	n/a	94	n/a	n/a	n/a	n/a	n/a	n/a	n/a	n/a
5	10	499	image	3075.0576387	0.7630208666669205	image	watch	watch_10.png	3	3075.0577393000003	0.00010060000022349413	n/a	n/a	n/a	n/a	1	n/a
5	n/a	n/a	image	3075.0577393000003	0.0	trigger	n/a	n/a	3	n/a	n/a	n/a	n/a	n/a	n/a	n/a	n/a
5	10	499	word	3075.8185973	0.9499199666670393	word	watch_en	n/a	103	3075.8186379	4.059999992023222e-05	n/a	n/a	n/a	n/a	1	n/a
5	n/a	n/a	word	3075.8186379	0.0	trigger	n/a	n/a	103	n/a	n/a	n/a	n/a	n/a	n/a	n/a	n/a
5	10	499	possible_button_press	3077.319746	0.0	response	n/a	n/a	n/a	n/a	n/a	n/a	n/a	m	m	1	1
5	10	499	fix_cross_after_trial	3077.3344304	1.1496812666664482	fixation cross	n/a	n/a	94	3077.3344482	1.7800000023271423e-05	n/a	n/a	n/a	n/a	n/a	n/a
5	n/a	n/a	fix_cross_iti	3077.3344482	0.0	trigger	n/a	n/a	94	n/a	n/a	n/a	n/a	n/a	n/a	n/a	n/a
5	10	500	image	3078.5207113999995	0.7634256666669899	image	bus	bus_03.png	7	3078.5207812999997	6.990000019868603e-05	n/a	n/a	n/a	n/a	1	n/a
5	n/a	n/a	image	3078.5207812999997	0.0	trigger	n/a	n/a	7	n/a	n/a	n/a	n/a	n/a	n/a	n/a	n/a
5	10	500	word	3079.2840801	0.9663919666663787	word	bus_en	n/a	107	3079.2841054	2.5299999833805487e-05	n/a	n/a	n/a	n/a	1	n/a
5	n/a	n/a	word	3079.2841054	0.0	trigger	n/a	n/a	107	n/a	n/a	n/a	n/a	n/a	n/a	n/a	n/a
5	10	500	possible_button_press	3080.7859498999997	0.0	response	n/a	n/a	n/a	n/a	n/a	n/a	n/a	m	m	1	1
5	10	500	fix_cross_after_trial	3080.8003292000003	0.8996413666664012	fixation cross	n/a	n/a	94	3080.8003572999996	2.809999932651408e-05	n/a	n/a	n/a	n/a	n/a	n/a
5	n/a	n/a	fix_cross_iti	3080.8003572999996	0.0	trigger	n/a	n/a	94	n/a	n/a	n/a	n/a	n/a	n/a	n/a	n/a
5	n/a	n/a	instruction_end	3083.0488815999997	111.18495940000048	instructions	n/a	n/a	255	3083.0489153999997	3.3799999982875306e-05	n/a	n/a	n/a	n/a	n/a	n/a
5	n/a	n/a	exp_end	3083.0489153999997	0.0	trigger	n/a	n/a	255	n/a	n/a	n/a	n/a	n/a	n/a	n/a	n/a
